# generated by vox_to_obj_exporter --round
# scale=0.1 center=true ground=true y_up=true
# welded, edge-relaxed, smooth vertex normals

mtllib Icon_724_02.mtl
usemtl palette

# verts
v -1.2 0.8 0.19187
v -1.18375 0.71625 0.19187
v -1.17833 0.72167 0.27021
v -1.18375 0.8 0.27562
v -1.11625 0.68375 0.19187
v -1.1 0.7 0.29187
v -1.1 0.8 0.29187
v -1.187 0.9 0.19187
v -1.17833 0.87833 0.27021
v -1.1 0.88375 0.27562
v -1.1 0.91625 0.20812
v -1.18375 0.8 0.10812
v -1.17833 0.72167 0.11354
v -1.1 0.7 0.10487
v -1.1 0.8 0.09187
v -1.187 0.9 0.09187
v -1.1 0.88375 0.07562
v -1.2 1 0.09187
v -1.18375 1 0.17562
v -1.1 1 0.19187
v -1.18375 1.08375 0.09187
v -1.17833 1.07833 0.17021
v -1.1 1.1 0.19187
v -1.11625 1.11625 0.09187
v -1.2 1 -0.00813
v -1.18375 0.91625 -0.00813
v -1.1 0.9 -0.00813
v -1.18375 1.08375 -0.00813
v -1.11625 1.11625 -0.00813
v -1.18375 1 -0.09188
v -1.17833 0.92167 -0.08646
v -1.1 0.91625 -0.09188
v -1.1 1 -0.10813
v -1.17833 1.07833 -0.08646
v -1.1 1.1 -0.10813
v -1.08375 0.61625 0.29187
v -1.07833 0.62167 0.37021
v -1.07833 0.67833 0.37021
v -1 0.7 0.39187
v -1.02167 0.72167 0.31354
v -1 0.587 0.29187
v -1 0.61625 0.37562
v -1.08375 0.61625 0.19187
v -1.01625 0.58375 0.19187
v -1.01625 0.8 0.30812
v -1.013 0.9 0.29187
v -1.02167 0.92167 0.21354
v -1.08375 1.18375 0.19187
v -1.07833 1.12167 0.27021
v -1.07833 1.17833 0.27021
v -1 1.2 0.29187
v -1.01625 1.21625 0.19187
v -1.02167 1.07833 0.21354
v -1 1.1 0.29187
v -1.1 1.5 0.19187
v -1.08375 1.41625 0.19187
v -1.07833 1.42167 0.27021
v -1.08375 1.5 0.27562
v -1.01625 1.38375 0.19187
v -1 1.4 0.27887
v -1 1.5 0.29187
v -1.08375 1.58375 0.19187
v -1.07833 1.57833 0.27021
v -1 1.6 0.27887
v -1.01625 1.61625 0.19187
v -1.1 2 0.19187
v -1.08375 1.91625 0.19187
v -1.07833 1.92167 0.27021
v -1.08375 2 0.27562
v -1.01625 1.88375 0.19187
v -1 1.9 0.29187
v -1 2 0.30487
v -1.08375 2.08375 0.19187
v -1.07833 2.07833 0.27021
v -1 2.1 0.29187
v -1 2.113 0.19187
v -1.07833 0.62167 0.11354
v -1 0.6 0.10487
v -1 0.7 0.07887
v -1.01625 0.8 0.07562
v -1.02167 0.87833 0.07021
v -1.01625 1 0.20812
v -1.08375 1.18375 0.09187
v -1.01625 1.21625 0.09187
v -1.1 1.5 0.09187
v -1.08375 1.41625 0.09187
v -1.01625 1.38375 0.09187
v -1.08375 1.58375 0.09187
v -1.01625 1.61625 0.09187
v -1.08375 2 0.10812
v -1.07833 1.92167 0.11354
v -1 1.9 0.09187
v -1 2 0.09187
v -1.07833 2.07833 0.11354
v -1 2.08375 0.10812
v -1.01625 0.88375 -0.00813
v -1.08375 1.18375 -0.00813
v -1 1.213 -0.00813
v -1.08375 1.5 0.00812
v -1.07833 1.42167 0.01354
v -1 1.4 0.00487
v -1 1.5 -0.00813
v -1.07833 1.57833 0.01354
v -1 1.6 0.00487
v -1.013 0.9 -0.10813
v -1.01625 1 -0.12438
v -1.02167 1.07833 -0.12979
v -1.08375 1.18375 -0.10813
v -1 1.2 -0.10813
v -1.07833 1.17833 -0.18646
v -1.07833 1.12167 -0.18646
v -1 1.18375 -0.19187
v -1 1.1 -0.20813
v -1 0.8 0.39187
v -0.97833 0.72167 0.47021
v -0.98375 0.8 0.47562
v -0.92167 0.67833 0.41354
v -0.9 0.7 0.47887
v -0.9 0.8 0.49187
v -1 0.9 0.39187
v -0.98375 0.9 0.47562
v -0.9 0.9 0.49187
v -1 1 0.39187
v -0.98375 1 0.47562
v -0.9 1 0.49187
v -0.98375 1.08375 0.39187
v -0.97833 1.07833 0.47021
v -0.9 1.1 0.47887
v -0.91625 1.11625 0.39187
v -0.9 0.58375 0.30812
v -0.9 0.613 0.39187
v -1 1 0.29187
v -0.92167 1.12167 0.31354
v -0.987 1.3 0.29187
v -0.97833 1.22167 0.37021
v -0.97833 1.27833 0.37021
v -0.9 1.287 0.39187
v -0.9 1.2 0.39187
v -0.9 1.2 0.30487
v -0.9 1.3 0.30487
v -0.97833 1.92167 0.37021
v -0.97833 1.97833 0.37021
v -0.913 2 0.39187
v -0.92167 2.02167 0.31354
v -0.9 1.88375 0.30812
v -0.9 1.913 0.39187
v -0.98375 2.18375 0.29187
v -0.97833 2.12167 0.37021
v -0.97833 2.17833 0.37021
v -0.9 2.2 0.39187
v -0.91625 2.21625 0.29187
v -0.92167 2.07833 0.31354
v -0.9 2.1 0.39187
v -0.98375 0.51625 0.19187
v -0.97833 0.52167 0.27021
v -0.91625 0.48375 0.19187
v -0.9 0.5 0.27887
v -1 1.3 0.19187
v -0.9 1.4 0.30487
v -0.91625 1.5 0.30812
v -0.9 1.6 0.30487
v -1 1.7 0.19187
v -0.98375 1.7 0.27562
v -0.9 1.7 0.29187
v -1 1.8 0.19187
v -0.98375 1.8 0.27562
v -0.9 1.8 0.29187
v -0.97833 2.17833 0.21354
v -0.9 2.2 0.20487
v -0.9 2.11625 0.17562
v -0.97833 0.52167 0.11354
v -0.9 0.5 0.10487
v -0.9 0.6 0.07887
v -0.92167 0.67833 0.07021
v -1 1.3 0.09187
v -1 1.7 0.09187
v -1 1.8 0.09187
v -0.91625 2 0.07562
v -0.92167 1.92167 0.07021
v -0.9 2.087 0.09187
v -1 0.8 -0.00813
v -0.98375 0.71625 -0.00813
v -0.91625 0.68375 -0.00813
v -0.98375 1.3 0.00812
v -0.9 1.3 -0.00813
v -0.9 1.21625 -0.02438
v -0.9 1.4 -0.02113
v -0.91625 1.5 -0.02438
v -0.9 1.6 -0.02113
v -0.98375 1.7 0.00812
v -0.9 1.7 -0.00813
v -0.98375 1.8 0.00812
v -0.9 1.8 -0.00813
v -0.97833 1.87833 0.01354
v -0.9 1.9 -0.00813
v -1 0.8 -0.10813
v -0.98375 0.71625 -0.10813
v -0.91625 0.68375 -0.10813
v -0.9 1.2 -0.10813
v -1 0.8 -0.20813
v -0.98375 0.71625 -0.20813
v -0.9 0.687 -0.20813
v -1 0.9 -0.20813
v -1 1 -0.20813
v -0.9 1.187 -0.20813
v -0.92167 1.12167 -0.22979
v -0.98375 0.8 -0.29187
v -0.97833 0.72167 -0.28646
v -0.9 0.71625 -0.29187
v -0.9 0.8 -0.30813
v -0.987 0.9 -0.30813
v -0.9 0.88375 -0.32438
v -1 1 -0.30813
v -0.98375 1.08375 -0.30813
v -0.91625 1.11625 -0.30813
v -1 1 -0.40813
v -0.98375 0.91625 -0.40813
v -0.9 0.9 -0.40813
v -0.98375 1.08375 -0.40813
v -0.91625 1.11625 -0.40813
v -0.98375 1 -0.49187
v -0.97833 0.92167 -0.48646
v -0.9 0.913 -0.50813
v -0.9 1 -0.52113
v -0.97833 1.07833 -0.48646
v -0.9 1.1 -0.49513
v -0.9 2 0.49187
v -0.88375 1.91625 0.49187
v -0.87833 1.92167 0.57021
v -0.88375 2 0.57562
v -0.8 1.887 0.49187
v -0.8 1.913 0.59187
v -0.81625 2 0.60812
v -0.88375 2.08375 0.49187
v -0.87833 2.07833 0.57021
v -0.813 2.1 0.59187
v -0.81625 2.11625 0.49187
v -0.9 0.1 0.39187
v -0.88375 0.01625 0.39187
v -0.87833 0.02167 0.47021
v -0.88375 0.1 0.47562
v -0.8 0 0.39187
v -0.8 0.01625 0.47562
v -0.8 0.1 0.49187
v -0.88375 0.18375 0.39187
v -0.87833 0.17833 0.47021
v -0.8 0.18375 0.47562
v -0.8 0.213 0.39187
v -0.87833 0.62167 0.47021
v -0.81625 0.58375 0.39187
v -0.8 0.6 0.49187
v -0.81625 0.7 0.50812
v -0.81625 0.8 0.50812
v -0.8 0.9 0.50487
v -0.8 1 0.49187
v -0.8 1.1 0.49187
v -0.88375 1.2 0.47562
v -0.8 1.2 0.49187
v -0.87833 1.27833 0.47021
v -0.8 1.3 0.49187
v -0.813 1.3 0.39187
v -0.82167 1.22167 0.37021
v -0.9 1.5 0.39187
v -0.88375 1.41625 0.39187
v -0.87833 1.42167 0.47021
v -0.88375 1.5 0.47562
v -0.81625 1.38375 0.39187
v -0.813 1.4 0.49187
v -0.81625 1.5 0.50812
v -0.88375 1.58375 0.39187
v -0.87833 1.57833 0.47021
v -0.8 1.6 0.49187
v -0.81625 1.61625 0.39187
v -0.81625 1.88375 0.39187
v -0.82167 2.12167 0.41354
v -0.88375 2.28375 0.39187
v -0.87833 2.22167 0.47021
v -0.87833 2.27833 0.47021
v -0.8 2.28375 0.47562
v -0.8 2.3 0.39187
v -0.82167 2.17833 0.41354
v -0.8 2.2 0.49187
v -0.9 0.1 0.29187
v -0.88375 0.01625 0.29187
v -0.8 0 0.29187
v -0.88375 0.18375 0.29187
v -0.81625 0.21625 0.29187
v -0.82167 0.57833 0.31354
v -0.82167 1.22167 0.31354
v -0.82167 1.37833 0.31354
v -0.82167 1.62167 0.31354
v -0.82167 1.87833 0.31354
v -0.88375 2.28375 0.29187
v -0.8 2.3 0.29187
v -0.88375 0.1 0.20812
v -0.87833 0.02167 0.21354
v -0.8 0.013 0.19187
v -0.81625 0.1 0.17562
v -0.87833 0.17833 0.21354
v -0.8 0.2 0.19187
v -0.88375 0.41625 0.19187
v -0.87833 0.42167 0.27021
v -0.8 0.4 0.19187
v -0.8 0.413 0.29187
v -0.81625 0.5 0.30812
v -0.81625 1.3 0.30812
v -0.81625 1.7 0.30812
v -0.81625 1.8 0.30812
v -0.8 2.2 0.17887
v -0.82167 2.12167 0.17021
v -0.87833 2.27833 0.21354
v -0.8 2.28375 0.20812
v -0.87833 0.42167 0.11354
v -0.8 0.41625 0.10812
v -0.8 0.5 0.07887
v -0.82167 0.57833 0.07021
v -0.81625 2.11625 0.09187
v -0.88375 0.61625 -0.00813
v -0.81625 0.58375 -0.00813
v -0.81625 1.3 -0.02438
v -0.82167 1.22167 -0.02979
v -0.82167 1.37833 -0.02979
v -0.81625 1.7 -0.02438
v -0.82167 1.62167 -0.02979
v -0.81625 1.8 -0.02438
v -0.82167 1.87833 -0.02979
v -0.9 2 -0.00813
v -0.88375 2.08375 -0.00813
v -0.81625 2.11625 -0.00813
v -0.88375 0.61625 -0.10813
v -0.81625 0.58375 -0.10813
v -0.81625 1.21625 -0.10813
v -0.9 1.5 -0.10813
v -0.88375 1.41625 -0.10813
v -0.81625 1.38375 -0.10813
v -0.88375 1.58375 -0.10813
v -0.81625 1.61625 -0.10813
v -0.9 2 -0.10813
v -0.88375 1.91625 -0.10813
v -0.81625 1.88375 -0.10813
v -0.88375 2.08375 -0.10813
v -0.81625 2.11625 -0.10813
v -0.87833 0.62167 -0.18646
v -0.8 0.6 -0.20813
v -0.82167 0.67833 -0.22979
v -0.81625 1.21625 -0.20813
v -0.9 1.5 -0.20813
v -0.88375 1.41625 -0.20813
v -0.81625 1.38375 -0.20813
v -0.88375 1.58375 -0.20813
v -0.81625 1.61625 -0.20813
v -0.9 2 -0.20813
v -0.88375 1.91625 -0.20813
v -0.81625 1.88375 -0.20813
v -0.88375 2.08375 -0.20813
v -0.81625 2.11625 -0.20813
v -0.8 0.7 -0.30813
v -0.81625 0.8 -0.32438
v -0.82167 0.87833 -0.32979
v -0.88375 1.18375 -0.30813
v -0.81625 1.21625 -0.30813
v -0.9 1.5 -0.30813
v -0.88375 1.41625 -0.30813
v -0.81625 1.38375 -0.30813
v -0.88375 1.58375 -0.30813
v -0.81625 1.61625 -0.30813
v -0.9 2 -0.30813
v -0.88375 1.91625 -0.30813
v -0.81625 1.88375 -0.30813
v -0.88375 2.08375 -0.30813
v -0.8 2.113 -0.30813
v -0.8 0.887 -0.40813
v -0.88375 1.18375 -0.40813
v -0.81625 1.21625 -0.40813
v -0.88375 1.5 -0.39187
v -0.87833 1.42167 -0.38646
v -0.813 1.4 -0.40813
v -0.81625 1.5 -0.42438
v -0.87833 1.57833 -0.38646
v -0.8 1.6 -0.40813
v -0.88375 2 -0.39187
v -0.87833 1.92167 -0.38646
v -0.8 1.9 -0.40813
v -0.81625 2 -0.42438
v -0.87833 2.07833 -0.38646
v -0.8 2.087 -0.40813
v -0.8 0.9 -0.50813
v -0.81625 1.1 -0.52438
v -0.82167 1.02167 -0.52979
v -0.87833 1.17833 -0.48646
v -0.8 1.2 -0.50813
v -0.87833 0.97833 -0.58646
v -0.87833 0.92167 -0.58646
v -0.8 1 -0.60813
v -0.8 0.913 -0.60813
v -0.77833 1.92167 0.67021
v -0.78375 2 0.67563
v -0.7 1.887 0.59187
v -0.7 1.91625 0.67563
v -0.7 2 0.69188
v -0.78375 2.1 0.67563
v -0.7 2.1 0.69188
v -0.78375 2.18375 0.59187
v -0.77833 2.17833 0.67021
v -0.7 2.2 0.67887
v -0.71625 2.21625 0.59187
v -0.77833 0.62167 0.57021
v -0.78375 0.7 0.57562
v -0.7 0.58375 0.50812
v -0.7 0.61625 0.57562
v -0.7 0.7 0.60487
v -0.78375 0.8 0.57562
v -0.71625 0.8 0.60812
v -0.77833 0.87833 0.57021
v -0.7 0.887 0.59187
v -0.7 0.91625 0.50812
v -0.77833 1.32167 0.57021
v -0.78375 1.4 0.57562
v -0.72167 1.27833 0.51354
v -0.7 1.3 0.59187
v -0.71625 1.4 0.60812
v -0.78375 1.5 0.57562
v -0.71625 1.5 0.60812
v -0.77833 1.57833 0.57021
v -0.7 1.6 0.59187
v -0.72167 1.62167 0.51354
v -0.72167 1.87833 0.51354
v -0.72167 2.22167 0.51354
v -0.7 0 0.39187
v -0.7 0.01625 0.47562
v -0.7 0.1 0.49187
v -0.7 0.18375 0.47562
v -0.7 0.21625 0.40812
v -0.787 0.5 0.39187
v -0.77833 0.52167 0.47021
v -0.72167 0.47833 0.41354
v -0.7 0.5 0.47887
v -0.7 1 0.49187
v -0.7 1.1 0.49187
v -0.7 1.2 0.50487
v -0.8 1.7 0.39187
v -0.78375 1.7 0.47562
v -0.71625 1.7 0.50812
v -0.8 1.8 0.39187
v -0.78375 1.8 0.47562
v -0.71625 1.8 0.50812
v -0.7 2.287 0.49187
v -0.7 2.3 0.39187
v -0.7 0 0.29187
v -0.78375 0.28375 0.29187
v -0.77833 0.27833 0.37021
v -0.7 0.3 0.37887
v -0.71625 0.31625 0.29187
v -0.77833 0.42167 0.37021
v -0.71625 0.38375 0.29187
v -0.7 0.4 0.39187
v -0.7 2.3 0.29187
v -0.7 0 0.19187
v -0.77833 0.27833 0.21354
v -0.7 0.3 0.19187
v -0.7 0.21625 0.17562
v -0.71625 0.38375 0.19187
v -0.7 2.287 0.19187
v -0.72167 2.22167 0.17021
v -0.78375 0.1 0.10812
v -0.77833 0.02167 0.11354
v -0.7 0.01625 0.10812
v -0.7 0.1 0.09187
v -0.77833 0.17833 0.11354
v -0.7 0.18375 0.10812
v -0.7 0.4 0.09187
v -0.72167 0.47833 0.07021
v -0.78375 2.18375 0.09187
v -0.71625 2.21625 0.09187
v -0.78375 0.51625 -0.00813
v -0.71625 0.48375 -0.00813
v -0.78375 2.18375 -0.00813
v -0.71625 2.21625 -0.00813
v -0.78375 0.51625 -0.10813
v -0.71625 0.48375 -0.10813
v -0.8 1.3 -0.10813
v -0.8 1.7 -0.10813
v -0.8 1.8 -0.10813
v -0.78375 2.18375 -0.10813
v -0.71625 2.21625 -0.10813
v -0.77833 0.52167 -0.18646
v -0.7 0.5 -0.20813
v -0.72167 0.57833 -0.22979
v -0.8 1.3 -0.20813
v -0.8 1.7 -0.20813
v -0.8 1.8 -0.20813
v -0.78375 2.18375 -0.20813
v -0.71625 2.21625 -0.20813
v -0.77833 0.62167 -0.28646
v -0.7 0.6 -0.29513
v -0.7 0.68375 -0.32438
v -0.8 1.3 -0.30813
v -0.8 1.7 -0.30813
v -0.8 1.8 -0.30813
v -0.77833 2.17833 -0.28646
v -0.7 2.2 -0.30813
v -0.72167 2.12167 -0.32979
v -0.78375 0.8 -0.39187
v -0.77833 0.72167 -0.38646
v -0.7 0.713 -0.40813
v -0.71625 0.8 -0.42438
v -0.72167 0.87833 -0.42979
v -0.8 1.3 -0.40813
v -0.78375 1.7 -0.39187
v -0.71625 1.7 -0.42438
v -0.72167 1.62167 -0.42979
v -0.78375 1.8 -0.39187
v -0.71625 1.8 -0.42438
v -0.72167 1.87833 -0.42979
v -0.7 2.113 -0.40813
v -0.7 0.887 -0.50813
v -0.78375 1.3 -0.49187
v -0.71625 1.3 -0.52438
v -0.72167 1.22167 -0.52979
v -0.78375 1.4 -0.49187
v -0.71625 1.4 -0.52438
v -0.78375 1.5 -0.49187
v -0.71625 1.5 -0.52438
v -0.77833 1.57833 -0.48646
v -0.7 1.6 -0.50813
v -0.78375 2 -0.49187
v -0.77833 1.92167 -0.48646
v -0.7 1.9 -0.50813
v -0.71625 2 -0.52438
v -0.77833 2.07833 -0.48646
v -0.7 2.087 -0.50813
v -0.7 0.9 -0.60813
v -0.78375 1.1 -0.59187
v -0.7 1.1 -0.62113
v -0.72167 1.02167 -0.62979
v -0.77833 1.17833 -0.58646
v -0.7 1.2 -0.59513
v -0.77833 0.97833 -0.68646
v -0.77833 0.92167 -0.68646
v -0.7 1 -0.69513
v -0.7 0.91625 -0.69188
v -0.67833 0.72167 0.67021
v -0.68375 0.8 0.67563
v -0.62167 0.67833 0.61354
v -0.6 0.7 0.67887
v -0.6 0.8 0.69188
v -0.67833 0.87833 0.67021
v -0.6 0.88375 0.67563
v -0.6 0.913 0.59187
v -0.67833 1.32167 0.67021
v -0.68375 1.4 0.67563
v -0.6 1.28375 0.60812
v -0.6 1.31625 0.67563
v -0.6 1.4 0.69188
v -0.68375 1.5 0.67563
v -0.6 1.5 0.69188
v -0.67833 1.57833 0.67021
v -0.6 1.6 0.67887
v -0.62167 1.62167 0.61354
v -0.62167 1.87833 0.61354
v -0.6 1.9 0.67887
v -0.6 2 0.69188
v -0.6 2.1 0.69188
v -0.6 2.2 0.69188
v -0.68375 2.28375 0.59187
v -0.67833 2.27833 0.67021
v -0.6 2.28375 0.67563
v -0.6 2.3 0.59187
v -0.62167 0.57833 0.51354
v -0.6 0.6 0.59187
v -0.62167 0.92167 0.51354
v -0.67833 1.22167 0.57021
v -0.62167 1.17833 0.51354
v -0.6 1.2 0.57887
v -0.68375 1.7 0.57562
v -0.61625 1.7 0.60812
v -0.68375 1.8 0.57562
v -0.61625 1.8 0.60812
v -0.6 2.3 0.49187
v -0.6 0 0.39187
v -0.6 0.01625 0.47562
v -0.6 0.1 0.49187
v -0.6 0.2 0.47887
v -0.62167 0.22167 0.41354
v -0.67833 0.42167 0.47021
v -0.62167 0.37833 0.41354
v -0.6 0.4 0.47887
v -0.6 0.5 0.50487
v -0.6 1 0.50487
v -0.6 1.1 0.50487
v -0.6 2.3 0.39187
v -0.6 0 0.29187
v -0.61625 0.3 0.40812
v -0.6 2.3 0.29187
v -0.6 0 0.19187
v -0.62167 0.27833 0.17021
v -0.62167 0.22167 0.17021
v -0.6 2.3 0.19187
v -0.6 0.013 0.09187
v -0.61625 0.1 0.07562
v -0.613 0.2 0.09187
v -0.67833 0.32167 0.11354
v -0.613 0.3 0.09187
v -0.62167 0.37833 0.07021
v -0.68375 2.28375 0.09187
v -0.6 2.3 0.09187
v -0.68375 0.41625 -0.00813
v -0.61625 0.38375 -0.00813
v -0.68375 2.28375 -0.00813
v -0.6 2.3 -0.00813
v -0.68375 0.41625 -0.10813
v -0.6 0.387 -0.10813
v -0.68375 2.28375 -0.10813
v -0.6 2.3 -0.10813
v -0.67833 0.42167 -0.18646
v -0.6 0.413 -0.20813
v -0.62167 0.47833 -0.22979
v -0.68375 2.28375 -0.20813
v -0.6 2.3 -0.20813
v -0.67833 0.52167 -0.28646
v -0.6 0.5 -0.30813
v -0.61625 0.6 -0.32438
v -0.62167 0.67833 -0.32979
v -0.67833 2.27833 -0.28646
v -0.6 2.287 -0.30813
v -0.62167 2.22167 -0.32979
v -0.6 0.687 -0.40813
v -0.67833 2.17833 -0.38646
v -0.6 2.2 -0.40813
v -0.62167 2.12167 -0.42979
v -0.68375 0.8 -0.49187
v -0.67833 0.72167 -0.48646
v -0.6 0.71625 -0.49187
v -0.6 0.8 -0.50813
v -0.6 0.88375 -0.52438
v -0.68375 1.7 -0.49187
v -0.61625 1.7 -0.52438
v -0.62167 1.62167 -0.52979
v -0.68375 1.8 -0.49187
v -0.61625 1.8 -0.52438
v -0.62167 1.87833 -0.52979
v -0.6 2.113 -0.50813
v -0.6 0.9 -0.60813
v -0.6 1.2 -0.62113
v -0.62167 1.12167 -0.62979
v -0.68375 1.3 -0.59187
v -0.6 1.3 -0.60813
v -0.68375 1.4 -0.59187
v -0.6 1.4 -0.62113
v -0.68375 1.5 -0.59187
v -0.61625 1.5 -0.62438
v -0.67833 1.57833 -0.58646
v -0.6 1.6 -0.60813
v -0.68375 2 -0.59187
v -0.67833 1.92167 -0.58646
v -0.6 1.9 -0.59513
v -0.6 2 -0.62113
v -0.67833 2.07833 -0.58646
v -0.6 2.087 -0.60813
v -0.6 0.913 -0.70813
v -0.6 1 -0.72113
v -0.67833 1.07833 -0.68646
v -0.6 1.1 -0.69513
v -0.57833 0.62167 0.67021
v -0.5 0.58375 0.60812
v -0.5 0.61625 0.67563
v -0.5 0.7 0.69188
v -0.5 0.8 0.69188
v -0.5 0.88375 0.67563
v -0.5 0.91625 0.60812
v -0.52167 1.27833 0.61354
v -0.5 1.3 0.67887
v -0.5 1.4 0.69188
v -0.5 1.5 0.69188
v -0.5 1.6 0.69188
v -0.58375 1.7 0.67563
v -0.5 1.7 0.69188
v -0.58375 1.8 0.67563
v -0.5 1.8 0.69188
v -0.5 1.9 0.69188
v -0.5 2 0.69188
v -0.5 2.1 0.70487
v -0.51625 2.2 0.70812
v -0.5 2.287 0.69188
v -0.5 2.3 0.59187
v -0.57833 0.52167 0.57021
v -0.5 0.48375 0.50812
v -0.5 0.51625 0.57562
v -0.57833 0.97833 0.57021
v -0.5 0.98375 0.57562
v -0.5 1.01625 0.50812
v -0.57833 1.12167 0.57021
v -0.5 1.08375 0.50812
v -0.5 1.11625 0.57562
v -0.5 1.2 0.60487
v -0.5 2.3 0.49187
v -0.5 0 0.39187
v -0.5 0.01625 0.47562
v -0.5 0.1 0.49187
v -0.5 0.2 0.49187
v -0.58375 0.3 0.47562
v -0.5 0.3 0.49187
v -0.5 0.4 0.49187
v -0.5 2.3 0.39187
v -0.5 0 0.29187
v -0.5 2.3 0.29187
v -0.5 0 0.19187
v -0.5 2.3 0.19187
v -0.5 0 0.09187
v -0.5 2.3 0.09187
v -0.58375 0.1 0.00812
v -0.57833 0.02167 0.01354
v -0.5 0.01625 0.00812
v -0.5 0.1 -0.00813
v -0.58375 0.2 0.00812
v -0.5 0.2 -0.02113
v -0.587 0.3 -0.00813
v -0.52167 0.27833 -0.02979
v -0.5 2.3 -0.00813
v -0.57833 0.32167 -0.08646
v -0.5 0.3 -0.10813
v -0.52167 0.37833 -0.12979
v -0.5 2.3 -0.10813
v -0.5 0.387 -0.20813
v -0.5 2.3 -0.20813
v -0.57833 0.42167 -0.28646
v -0.5 0.41625 -0.29187
v -0.5 0.48375 -0.32438
v -0.5 2.3 -0.30813
v -0.58375 0.6 -0.39187
v -0.57833 0.52167 -0.38646
v -0.5 0.51625 -0.39187
v -0.5 0.6 -0.40813
v -0.5 0.68375 -0.42438
v -0.57833 2.27833 -0.38646
v -0.5 2.287 -0.40813
v -0.52167 2.22167 -0.42979
v -0.5 0.71625 -0.49187
v -0.5 0.8 -0.50813
v -0.5 0.88375 -0.52438
v -0.57833 2.17833 -0.48646
v -0.5 2.2 -0.50813
v -0.52167 2.12167 -0.52979
v -0.5 0.9 -0.60813
v -0.51625 1.3 -0.62438
v -0.52167 1.22167 -0.62979
v -0.52167 1.37833 -0.62979
v -0.58375 1.7 -0.59187
v -0.51625 1.7 -0.62438
v -0.52167 1.62167 -0.62979
v -0.58375 1.8 -0.59187
v -0.51625 1.8 -0.62438
v -0.51625 1.9 -0.62438
v -0.52167 1.97833 -0.62979
v -0.5 2.113 -0.60813
v -0.5 0.9 -0.70813
v -0.5 1.1 -0.70813
v -0.5 1.01625 -0.72438
v -0.57833 1.17833 -0.68646
v -0.5 1.2 -0.69513
v -0.58375 1.5 -0.69188
v -0.57833 1.42167 -0.68646
v -0.5 1.4 -0.69513
v -0.5 1.5 -0.70813
v -0.57833 1.57833 -0.68646
v -0.5 1.6 -0.69513
v -0.57833 2.07833 -0.68646
v -0.57833 2.02167 -0.68646
v -0.5 2.08375 -0.69188
v -0.5 2 -0.69513
v -0.57833 0.97833 -0.78646
v -0.57833 0.92167 -0.78646
v -0.5 0.98375 -0.79187
v -0.5 0.91625 -0.79187
v -0.47833 2.12167 0.77021
v -0.48375 2.2 0.77563
v -0.4 2.08375 0.70812
v -0.4 2.11625 0.77563
v -0.4 2.2 0.79187
v -0.47833 2.27833 0.77021
v -0.4 2.28375 0.77563
v -0.4 2.3 0.69188
v -0.42167 0.57833 0.61354
v -0.4 0.6 0.67887
v -0.4 0.7 0.69188
v -0.4 0.8 0.69188
v -0.4 0.9 0.67887
v -0.42167 0.92167 0.61354
v -0.47833 1.22167 0.67021
v -0.42167 1.17833 0.61354
v -0.4 1.2 0.67887
v -0.4 1.3 0.69188
v -0.4 1.4 0.69188
v -0.4 1.5 0.69188
v -0.4 1.6 0.69188
v -0.4 1.7 0.69188
v -0.4 1.8 0.69188
v -0.4 1.9 0.69188
v -0.4 2 0.69188
v -0.4 2.3 0.59187
v -0.4 0.48375 0.50812
v -0.4 0.513 0.59187
v -0.4 1 0.59187
v -0.42167 1.02167 0.51354
v -0.42167 1.07833 0.51354
v -0.4 1.1 0.59187
v -0.4 2.3 0.49187
v -0.4 0 0.39187
v -0.4 0.013 0.49187
v -0.41625 0.1 0.50812
v -0.4 0.2 0.50487
v -0.4 0.3 0.49187
v -0.4 0.4 0.49187
v -0.4 2.3 0.39187
v -0.4 0 0.29187
v -0.4 2.3 0.29187
v -0.4 0 0.19187
v -0.4 2.3 0.19187
v -0.4 0 0.09187
v -0.4 2.3 0.09187
v -0.4 0.013 -0.00813
v -0.41625 0.1 -0.02438
v -0.42167 0.17833 -0.02979
v -0.4 2.3 -0.00813
v -0.47833 0.22167 -0.08646
v -0.4 0.2 -0.09513
v -0.4 0.28375 -0.12438
v -0.4 2.3 -0.10813
v -0.47833 0.32167 -0.18646
v -0.4 0.31625 -0.19187
v -0.4 0.38375 -0.22438
v -0.4 2.3 -0.20813
v -0.4 0.41625 -0.29187
v -0.4 0.48375 -0.32438
v -0.4 2.3 -0.30813
v -0.4 0.513 -0.40813
v -0.41625 0.6 -0.42438
v -0.42167 0.67833 -0.42979
v -0.4 2.3 -0.40813
v -0.4 0.7 -0.50813
v -0.41625 0.8 -0.52438
v -0.42167 0.87833 -0.52979
v -0.47833 2.27833 -0.48646
v -0.4 2.28375 -0.49187
v -0.4 2.21625 -0.52438
v -0.4 0.887 -0.60813
v -0.47833 2.17833 -0.58646
v -0.4 2.18375 -0.59187
v -0.4 2.11625 -0.62438
v -0.4 0.9 -0.70813
v -0.41625 1.1 -0.72438
v -0.42167 1.02167 -0.72979
v -0.4 1.2 -0.72113
v -0.48375 1.3 -0.69188
v -0.4 1.3 -0.70813
v -0.4 1.4 -0.70813
v -0.4 1.5 -0.70813
v -0.4 1.6 -0.70813
v -0.48375 1.7 -0.69188
v -0.4 1.7 -0.70813
v -0.48375 1.8 -0.69188
v -0.4 1.8 -0.70813
v -0.48375 1.9 -0.69188
v -0.4 1.9 -0.70813
v -0.4 2 -0.70813
v -0.4 2.08375 -0.69188
v -0.4 1 -0.80813
v -0.4 0.913 -0.80813
v -0.32167 2.07833 0.71354
v -0.3 2.1 0.79187
v -0.31625 2.2 0.80812
v -0.3 2.287 0.79187
v -0.3 2.3 0.69188
v -0.37833 0.52167 0.67021
v -0.3 0.487 0.59187
v -0.3 0.51625 0.67563
v -0.3 0.6 0.69188
v -0.3 0.7 0.69188
v -0.3 0.8 0.69188
v -0.3 0.9 0.69188
v -0.37833 0.97833 0.67021
v -0.3 0.98375 0.67563
v -0.3 1.01625 0.60812
v -0.37833 1.12167 0.67021
v -0.3 1.08375 0.60812
v -0.3 1.11625 0.67563
v -0.3 1.2 0.69188
v -0.3 1.3 0.69188
v -0.3 1.4 0.69188
v -0.3 1.5 0.69188
v -0.3 1.6 0.69188
v -0.3 1.7 0.69188
v -0.3 1.8 0.69188
v -0.3 1.9 0.70487
v -0.31625 2 0.70812
v -0.3 2.3 0.59187
v -0.37833 0.02167 0.57021
v -0.38375 0.1 0.57562
v -0.3 0 0.49187
v -0.3 0.01625 0.57562
v -0.3 0.1 0.59187
v -0.37833 0.17833 0.57021
v -0.3 0.2 0.57887
v -0.32167 0.22167 0.51354
v -0.32167 0.47833 0.51354
v -0.3 2.3 0.49187
v -0.3 0 0.39187
v -0.31625 0.3 0.50812
v -0.31625 0.4 0.50812
v -0.3 2.3 0.39187
v -0.3 0 0.29187
v -0.3 2.3 0.29187
v -0.3 0 0.19187
v -0.3 2.3 0.19187
v -0.3 0 0.09187
v -0.3 2.3 0.09187
v -0.3 0 -0.00813
v -0.3 2.3 -0.00813
v -0.38375 0.1 -0.09188
v -0.37833 0.02167 -0.08646
v -0.3 0.01625 -0.09188
v -0.3 0.1 -0.10813
v -0.3 0.2 -0.12112
v -0.32167 0.27833 -0.12979
v -0.3 2.3 -0.10813
v -0.3 0.3 -0.20813
v -0.32167 0.37833 -0.22979
v -0.3 2.3 -0.20813
v -0.3 0.4 -0.30813
v -0.32167 0.47833 -0.32979
v -0.3 2.3 -0.30813
v -0.3 0.487 -0.40813
v -0.3 2.3 -0.40813
v -0.38375 0.6 -0.49187
v -0.37833 0.52167 -0.48646
v -0.3 0.51625 -0.49187
v -0.3 0.6 -0.50813
v -0.3 0.68375 -0.52438
v -0.3 2.287 -0.50813
v -0.32167 2.22167 -0.52979
v -0.38375 0.8 -0.59187
v -0.37833 0.72167 -0.58646
v -0.3 0.71625 -0.59187
v -0.3 0.8 -0.60813
v -0.3 0.88375 -0.62438
v -0.3 2.2 -0.60813
v -0.32167 2.12167 -0.62979
v -0.3 0.9 -0.70813
v -0.31625 1.3 -0.72438
v -0.32167 1.22167 -0.72979
v -0.31625 1.4 -0.72438
v -0.31625 1.5 -0.72438
v -0.3 1.6 -0.72113
v -0.3 1.7 -0.70813
v -0.3 1.8 -0.70813
v -0.3 1.9 -0.72113
v -0.31625 2 -0.72438
v -0.3 2.1 -0.70813
v -0.3 0.9 -0.80813
v -0.38375 1.1 -0.79187
v -0.3 1.1 -0.80813
v -0.3 1.01625 -0.82438
v -0.37833 1.17833 -0.78646
v -0.3 1.2 -0.79513
v -0.37833 0.97833 -0.88646
v -0.37833 0.92167 -0.88646
v -0.3 0.98375 -0.89187
v -0.3 0.91625 -0.89187
v -0.27833 2.12167 0.87021
v -0.28375 2.2 0.87562
v -0.2 2.08375 0.80812
v -0.2 2.11625 0.87562
v -0.2 2.2 0.89187
v -0.27833 2.27833 0.87021
v -0.2 2.28375 0.87562
v -0.2 2.3 0.79187
v -0.27833 1.92167 0.77021
v -0.28375 2 0.77563
v -0.2 1.88375 0.70812
v -0.2 1.91625 0.77563
v -0.2 2 0.79187
v -0.2 2.3 0.69188
v -0.2 0.48375 0.60812
v -0.2 0.51625 0.67563
v -0.2 0.6 0.69188
v -0.2 0.7 0.69188
v -0.2 0.8 0.69188
v -0.2 0.9 0.69188
v -0.2 0.98375 0.67563
v -0.2 1.01625 0.60812
v -0.2 1.08375 0.60812
v -0.2 1.11625 0.67563
v -0.2 1.2 0.69188
v -0.2 1.3 0.69188
v -0.2 1.4 0.69188
v -0.2 1.5 0.69188
v -0.2 1.6 0.69188
v -0.2 1.7 0.69188
v -0.2 1.8 0.69188
v -0.2 2.3 0.59187
v -0.2 0 0.49187
v -0.2 0.01625 0.57562
v -0.2 0.1 0.59187
v -0.2 0.2 0.59187
v -0.28375 0.3 0.57562
v -0.2 0.3 0.59187
v -0.28375 0.4 0.57562
v -0.2 0.4 0.59187
v -0.2 2.3 0.49187
v -0.2 0 0.39187
v -0.2 2.3 0.39187
v -0.2 0 0.29187
v -0.2 2.3 0.29187
v -0.2 0 0.19187
v -0.2 2.3 0.19187
v -0.2 0 0.09187
v -0.2 2.3 0.09187
v -0.2 0 -0.00813
v -0.2 2.3 -0.00813
v -0.2 0.01625 -0.09188
v -0.2 0.1 -0.10813
v -0.2 0.18375 -0.12438
v -0.2 2.3 -0.10813
v -0.27833 0.22167 -0.18646
v -0.2 0.21625 -0.19187
v -0.2 0.28375 -0.22438
v -0.2 2.3 -0.20813
v -0.27833 0.32167 -0.28646
v -0.2 0.31625 -0.29187
v -0.2 0.38375 -0.32438
v -0.2 2.3 -0.30813
v -0.27833 0.42167 -0.38646
v -0.2 0.41625 -0.39187
v -0.2 0.48375 -0.42438
v -0.2 2.3 -0.40813
v -0.2 0.51625 -0.49187
v -0.2 0.6 -0.50813
v -0.2 0.68375 -0.52438
v -0.2 2.3 -0.50813
v -0.2 0.71625 -0.59187
v -0.2 0.8 -0.60813
v -0.2 0.88375 -0.62438
v -0.27833 2.27833 -0.58646
v -0.2 2.28375 -0.59187
v -0.2 2.21625 -0.62438
v -0.2 0.9 -0.70813
v -0.21625 1.7 -0.72438
v -0.22167 1.62167 -0.72979
v -0.21625 1.8 -0.72438
v -0.22167 1.87833 -0.72979
v -0.27833 2.17833 -0.68646
v -0.2 2.18375 -0.69188
v -0.2 2.11625 -0.72438
v -0.2 0.9 -0.80813
v -0.2 1.1 -0.80813
v -0.2 1.01625 -0.82438
v -0.2 1.2 -0.80813
v -0.28375 1.3 -0.79187
v -0.2 1.3 -0.80813
v -0.28375 1.4 -0.79187
v -0.2 1.4 -0.80813
v -0.28375 1.5 -0.79187
v -0.2 1.5 -0.80813
v -0.27833 1.57833 -0.78646
v -0.2 1.6 -0.79513
v -0.28375 2 -0.79187
v -0.27833 1.92167 -0.78646
v -0.2 1.9 -0.79513
v -0.2 2 -0.80813
v -0.27833 2.07833 -0.78646
v -0.2 2.08375 -0.79187
v -0.2 0.98375 -0.89187
v -0.2 0.91625 -0.89187
v -0.1 2.08375 0.80812
v -0.1 2.11625 0.87562
v -0.1 2.2 0.89187
v -0.1 2.28375 0.87562
v -0.1 2.3 0.79187
v -0.1 1.88375 0.70812
v -0.1 1.91625 0.77563
v -0.1 2 0.79187
v -0.1 2.3 0.69188
v -0.1 0.48375 0.60812
v -0.1 0.51625 0.67563
v -0.1 0.6 0.69188
v -0.1 0.7 0.69188
v -0.1 0.8 0.69188
v -0.1 0.9 0.69188
v -0.1 0.98375 0.67563
v -0.1 1.01625 0.60812
v -0.1 1.08375 0.60812
v -0.1 1.11625 0.67563
v -0.1 1.2 0.69188
v -0.1 1.3 0.69188
v -0.1 1.4 0.69188
v -0.1 1.5 0.69188
v -0.1 1.6 0.69188
v -0.1 1.7 0.69188
v -0.1 1.8 0.69188
v -0.1 2.3 0.59187
v -0.1 0 0.49187
v -0.1 0.01625 0.57562
v -0.1 0.1 0.59187
v -0.1 0.2 0.59187
v -0.1 0.3 0.59187
v -0.1 0.4 0.59187
v -0.1 2.3 0.49187
v -0.1 0 0.39187
v -0.1 2.3 0.39187
v -0.1 0 0.29187
v -0.1 2.3 0.29187
v -0.1 0 0.19187
v -0.1 2.3 0.19187
v -0.1 0 0.09187
v -0.1 2.3 0.09187
v -0.1 0 -0.00813
v -0.1 2.3 -0.00813
v -0.1 0.01625 -0.09188
v -0.1 0.1 -0.10813
v -0.1 0.18375 -0.12438
v -0.1 2.3 -0.10813
v -0.1 0.21625 -0.19187
v -0.1 0.28375 -0.22438
v -0.1 2.3 -0.20813
v -0.1 0.31625 -0.29187
v -0.1 0.38375 -0.32438
v -0.1 2.3 -0.30813
v -0.1 0.41625 -0.39187
v -0.1 0.48375 -0.42438
v -0.1 2.3 -0.40813
v -0.1 0.51625 -0.49187
v -0.1 0.6 -0.50813
v -0.1 0.68375 -0.52438
v -0.1 2.3 -0.50813
v -0.1 0.71625 -0.59187
v -0.1 0.8 -0.60813
v -0.1 0.88375 -0.62438
v -0.1 2.28375 -0.59187
v -0.1 2.21625 -0.62438
v -0.1 0.9 -0.70813
v -0.1 2.18375 -0.69188
v -0.1 2.11625 -0.72438
v -0.1 0.9 -0.80813
v -0.1 1.1 -0.80813
v -0.1 1.01625 -0.82438
v -0.1 1.2 -0.80813
v -0.1 1.3 -0.80813
v -0.1 1.4 -0.80813
v -0.1 1.5 -0.80813
v -0.1 1.6 -0.80813
v -0.18375 1.7 -0.79187
v -0.1 1.7 -0.80813
v -0.18375 1.8 -0.79187
v -0.1 1.8 -0.80813
v -0.1 1.9 -0.80813
v -0.1 2 -0.80813
v -0.1 2.08375 -0.79187
v -0.1 0.98375 -0.89187
v -0.1 0.91625 -0.89187
v 0 2.08375 0.80812
v 0 2.11625 0.87562
v 0 2.2 0.89187
v 0 2.28375 0.87562
v 0 2.3 0.79187
v 0 1.88375 0.70812
v 0 1.91625 0.77563
v 0 2 0.79187
v 0 2.3 0.69188
v 0 0.48375 0.60812
v 0 0.51625 0.67563
v 0 0.6 0.69188
v 0 0.7 0.69188
v 0 0.8 0.69188
v 0 0.9 0.69188
v 0 0.98375 0.67563
v 0 1.01625 0.60812
v 0 1.08375 0.60812
v 0 1.11625 0.67563
v 0 1.2 0.69188
v 0 1.3 0.69188
v 0 1.4 0.69188
v 0 1.5 0.69188
v 0 1.6 0.69188
v 0 1.7 0.69188
v 0 1.8 0.69188
v 0 2.3 0.59187
v 0 0 0.49187
v 0 0.01625 0.57562
v 0 0.1 0.59187
v 0 0.2 0.59187
v 0 0.3 0.59187
v 0 0.4 0.59187
v 0 2.3 0.49187
v 0 0 0.39187
v 0 2.3 0.39187
v 0 0 0.29187
v 0 2.3 0.29187
v 0 0 0.19187
v 0 2.3 0.19187
v 0 0 0.09187
v 0 2.3 0.09187
v 0 0 -0.00813
v 0 2.3 -0.00813
v 0 0.01625 -0.09188
v 0 0.1 -0.10813
v 0 0.18375 -0.12438
v 0 2.3 -0.10813
v 0 0.21625 -0.19187
v 0 0.28375 -0.22438
v 0 2.3 -0.20813
v 0 0.31625 -0.29187
v 0 0.38375 -0.32438
v 0 2.3 -0.30813
v 0 0.41625 -0.39187
v 0 0.48375 -0.42438
v 0 2.3 -0.40813
v 0 0.51625 -0.49187
v 0 0.6 -0.50813
v 0 0.68375 -0.52438
v 0 2.3 -0.50813
v 0 0.71625 -0.59187
v 0 0.8 -0.60813
v 0 0.88375 -0.62438
v 0 2.28375 -0.59187
v 0 2.21625 -0.62438
v 0 0.9 -0.70813
v 0 2.18375 -0.69188
v 0 2.11625 -0.72438
v 0 0.9 -0.80813
v 0 1.1 -0.80813
v 0 1.01625 -0.82438
v 0 1.2 -0.80813
v 0 1.3 -0.80813
v 0 1.4 -0.80813
v 0 1.5 -0.80813
v 0 1.6 -0.80813
v 0 1.7 -0.80813
v 0 1.8 -0.80813
v 0 1.9 -0.80813
v 0 2 -0.80813
v 0 2.08375 -0.79187
v 0 0.98375 -0.89187
v 0 0.91625 -0.89187
v 0.1 2.08375 0.80812
v 0.1 2.11625 0.87562
v 0.1 2.2 0.89187
v 0.1 2.28375 0.87562
v 0.1 2.3 0.79187
v 0.1 1.88375 0.70812
v 0.1 1.91625 0.77563
v 0.1 2 0.79187
v 0.1 2.3 0.69188
v 0.1 0.48375 0.60812
v 0.1 0.51625 0.67563
v 0.1 0.6 0.69188
v 0.1 0.7 0.69188
v 0.1 0.8 0.69188
v 0.1 0.9 0.69188
v 0.1 0.98375 0.67563
v 0.1 1.01625 0.60812
v 0.1 1.08375 0.60812
v 0.1 1.11625 0.67563
v 0.1 1.2 0.69188
v 0.1 1.3 0.69188
v 0.1 1.4 0.69188
v 0.1 1.5 0.69188
v 0.1 1.6 0.69188
v 0.1 1.7 0.69188
v 0.1 1.8 0.69188
v 0.1 2.3 0.59187
v 0.1 0 0.49187
v 0.1 0.01625 0.57562
v 0.1 0.1 0.59187
v 0.1 0.2 0.59187
v 0.1 0.3 0.59187
v 0.1 0.4 0.59187
v 0.1 2.3 0.49187
v 0.1 0 0.39187
v 0.1 2.3 0.39187
v 0.1 0 0.29187
v 0.1 2.3 0.29187
v 0.1 0 0.19187
v 0.1 2.3 0.19187
v 0.1 0 0.09187
v 0.1 2.3 0.09187
v 0.1 0 -0.00813
v 0.1 2.3 -0.00813
v 0.1 0.01625 -0.09188
v 0.1 0.1 -0.10813
v 0.1 0.18375 -0.12438
v 0.1 2.3 -0.10813
v 0.1 0.21625 -0.19187
v 0.1 0.28375 -0.22438
v 0.1 2.3 -0.20813
v 0.1 0.31625 -0.29187
v 0.1 0.38375 -0.32438
v 0.1 2.3 -0.30813
v 0.1 0.41625 -0.39187
v 0.1 0.48375 -0.42438
v 0.1 2.3 -0.40813
v 0.1 0.51625 -0.49187
v 0.1 0.6 -0.50813
v 0.1 0.68375 -0.52438
v 0.1 2.3 -0.50813
v 0.1 0.71625 -0.59187
v 0.1 0.8 -0.60813
v 0.1 0.88375 -0.62438
v 0.1 2.28375 -0.59187
v 0.1 2.21625 -0.62438
v 0.1 0.9 -0.70813
v 0.1 2.18375 -0.69188
v 0.1 2.11625 -0.72438
v 0.1 0.9 -0.80813
v 0.1 1.1 -0.80813
v 0.1 1.01625 -0.82438
v 0.1 1.2 -0.80813
v 0.1 1.3 -0.80813
v 0.1 1.4 -0.80813
v 0.1 1.5 -0.80813
v 0.1 1.6 -0.80813
v 0.1 1.7 -0.80813
v 0.1 1.8 -0.80813
v 0.1 1.9 -0.80813
v 0.1 2 -0.80813
v 0.1 2.08375 -0.79187
v 0.1 0.98375 -0.89187
v 0.1 0.91625 -0.89187
v 0.2 2.08375 0.80812
v 0.2 2.11625 0.87562
v 0.2 2.2 0.87888
v 0.17833 2.27833 0.87021
v 0.22167 2.22167 0.81354
v 0.2 2.287 0.79187
v 0.2 1.88375 0.70812
v 0.2 1.91625 0.77563
v 0.2 2 0.79187
v 0.2 2.3 0.69188
v 0.2 0.48375 0.60812
v 0.2 0.51625 0.67563
v 0.2 0.6 0.69188
v 0.2 0.7 0.69188
v 0.2 0.8 0.69188
v 0.2 0.9 0.69188
v 0.2 0.98375 0.67563
v 0.2 1.01625 0.60812
v 0.2 1.08375 0.60812
v 0.2 1.11625 0.67563
v 0.2 1.2 0.69188
v 0.2 1.3 0.69188
v 0.2 1.4 0.69188
v 0.2 1.5 0.69188
v 0.2 1.6 0.69188
v 0.2 1.7 0.69188
v 0.2 1.8 0.69188
v 0.2 2.3 0.59187
v 0.2 0 0.49187
v 0.2 0.01625 0.57562
v 0.2 0.1 0.59187
v 0.2 0.2 0.59187
v 0.2 0.3 0.59187
v 0.2 0.4 0.59187
v 0.2 2.3 0.49187
v 0.2 0 0.39187
v 0.2 2.3 0.39187
v 0.2 0 0.29187
v 0.2 2.3 0.29187
v 0.2 0 0.19187
v 0.2 2.3 0.19187
v 0.2 0 0.09187
v 0.2 2.3 0.09187
v 0.2 0 -0.00813
v 0.2 2.3 -0.00813
v 0.2 0.01625 -0.09188
v 0.2 0.1 -0.10813
v 0.2 0.18375 -0.12438
v 0.2 2.3 -0.10813
v 0.2 0.21625 -0.19187
v 0.2 0.28375 -0.22438
v 0.2 2.3 -0.20813
v 0.2 0.31625 -0.29187
v 0.2 0.38375 -0.32438
v 0.2 2.3 -0.30813
v 0.2 0.41625 -0.39187
v 0.2 0.48375 -0.42438
v 0.2 2.3 -0.40813
v 0.2 0.51625 -0.49187
v 0.2 0.6 -0.50813
v 0.2 0.68375 -0.52438
v 0.2 2.287 -0.50813
v 0.2 0.71625 -0.59187
v 0.2 0.8 -0.60813
v 0.2 0.88375 -0.62438
v 0.22167 2.22167 -0.52979
v 0.2 2.213 -0.60813
v 0.17833 2.27833 -0.58646
v 0.2 0.9 -0.70813
v 0.2 2.18375 -0.69188
v 0.2 2.11625 -0.72438
v 0.2 0.9 -0.80813
v 0.2 1.1 -0.80813
v 0.2 1.01625 -0.82438
v 0.2 1.2 -0.80813
v 0.2 1.3 -0.80813
v 0.2 1.4 -0.80813
v 0.2 1.5 -0.80813
v 0.2 1.6 -0.80813
v 0.2 1.7 -0.80813
v 0.2 1.8 -0.80813
v 0.2 1.9 -0.80813
v 0.2 2 -0.80813
v 0.2 2.08375 -0.79187
v 0.2 0.98375 -0.89187
v 0.2 0.91625 -0.89187
v 0.27833 2.17833 0.87021
v 0.27833 2.12167 0.87021
v 0.3 2.1 0.79187
v 0.3 2.2 0.80487
v 0.3 1.88375 0.70812
v 0.3 1.91625 0.77563
v 0.3 2 0.77887
v 0.32167 2.02167 0.71354
v 0.32167 2.07833 0.71354
v 0.3 2.28375 0.77563
v 0.3 2.3 0.69188
v 0.3 0.487 0.59187
v 0.3 0.51625 0.67563
v 0.3 0.6 0.69188
v 0.3 0.7 0.69188
v 0.3 0.8 0.69188
v 0.3 0.9 0.69188
v 0.3 0.98375 0.67563
v 0.3 1.01625 0.60812
v 0.3 1.08375 0.60812
v 0.3 1.11625 0.67563
v 0.3 1.2 0.69188
v 0.3 1.3 0.69188
v 0.3 1.4 0.69188
v 0.3 1.5 0.69188
v 0.3 1.6 0.69188
v 0.3 1.7 0.69188
v 0.3 1.8 0.69188
v 0.3 2.3 0.59187
v 0.3 0 0.49187
v 0.3 0.01625 0.57562
v 0.3 0.1 0.59187
v 0.3 0.2 0.57887
v 0.28375 0.3 0.57562
v 0.32167 0.22167 0.51354
v 0.31625 0.3 0.50812
v 0.28375 0.4 0.57562
v 0.31625 0.4 0.50812
v 0.32167 0.47833 0.51354
v 0.3 2.3 0.49187
v 0.3 0 0.39187
v 0.3 2.3 0.39187
v 0.3 0 0.29187
v 0.3 2.3 0.29187
v 0.3 0 0.19187
v 0.3 2.3 0.19187
v 0.3 0 0.09187
v 0.3 2.3 0.09187
v 0.3 0 -0.00813
v 0.3 2.3 -0.00813
v 0.3 0.01625 -0.09188
v 0.3 0.1 -0.10813
v 0.3 0.2 -0.12112
v 0.3 2.3 -0.10813
v 0.32167 0.27833 -0.12979
v 0.27833 0.22167 -0.18646
v 0.3 0.3 -0.20813
v 0.3 2.3 -0.20813
v 0.32167 0.37833 -0.22979
v 0.27833 0.32167 -0.28646
v 0.3 0.4 -0.30813
v 0.3 2.3 -0.30813
v 0.32167 0.47833 -0.32979
v 0.27833 0.42167 -0.38646
v 0.3 0.487 -0.40813
v 0.3 2.3 -0.40813
v 0.3 0.51625 -0.49187
v 0.3 0.6 -0.50813
v 0.3 0.68375 -0.52438
v 0.3 2.28375 -0.49187
v 0.3 2.21625 -0.52438
v 0.3 0.71625 -0.59187
v 0.3 0.8 -0.60813
v 0.3 0.88375 -0.62438
v 0.3 2.187 -0.60813
v 0.3 0.9 -0.70813
v 0.32167 2.12167 -0.62979
v 0.3 2.1 -0.70813
v 0.27833 2.17833 -0.68646
v 0.3 0.9 -0.80813
v 0.3 1.1 -0.80813
v 0.3 1.01625 -0.82438
v 0.3 1.2 -0.79513
v 0.31625 1.3 -0.72438
v 0.32167 1.22167 -0.72979
v 0.28375 1.3 -0.79187
v 0.31625 1.4 -0.72438
v 0.28375 1.4 -0.79187
v 0.31625 1.5 -0.72438
v 0.28375 1.5 -0.79187
v 0.32167 1.57833 -0.72979
v 0.3 1.6 -0.79513
v 0.3 1.7 -0.80813
v 0.3 1.8 -0.80813
v 0.3 1.9 -0.80813
v 0.3 2 -0.79513
v 0.32167 2.02167 -0.72979
v 0.27833 2.07833 -0.78646
v 0.3 0.98375 -0.89187
v 0.3 0.91625 -0.89187
v 0.37833 1.97833 0.77021
v 0.37833 1.92167 0.77021
v 0.4 1.9 0.70487
v 0.4 2 0.70487
v 0.4 2.08375 0.70812
v 0.4 2.11625 0.77563
v 0.4 2.2 0.77887
v 0.37833 2.27833 0.77021
v 0.42167 2.22167 0.71354
v 0.4 2.287 0.69188
v 0.4 0.6 0.67887
v 0.37833 0.52167 0.67021
v 0.4 0.513 0.59187
v 0.42167 0.57833 0.61354
v 0.4 0.7 0.69188
v 0.4 0.8 0.69188
v 0.4 0.9 0.67887
v 0.37833 0.97833 0.67021
v 0.42167 0.92167 0.61354
v 0.4 1 0.59187
v 0.4 1.2 0.67887
v 0.37833 1.12167 0.67021
v 0.4 1.1 0.59187
v 0.42167 1.17833 0.61354
v 0.4 1.3 0.69188
v 0.4 1.4 0.69188
v 0.4 1.5 0.69188
v 0.4 1.6 0.69188
v 0.4 1.7 0.69188
v 0.4 1.8 0.69188
v 0.4 2.3 0.59187
v 0.38375 0.1 0.57562
v 0.37833 0.02167 0.57021
v 0.4 0.013 0.49187
v 0.41625 0.1 0.50812
v 0.37833 0.17833 0.57021
v 0.4 0.2 0.50487
v 0.4 0.48375 0.50812
v 0.42167 1.02167 0.51354
v 0.42167 1.07833 0.51354
v 0.4 2.3 0.49187
v 0.4 0 0.39187
v 0.4 0.3 0.49187
v 0.4 0.4 0.49187
v 0.4 2.3 0.39187
v 0.4 0 0.29187
v 0.4 2.3 0.29187
v 0.4 0 0.19187
v 0.4 2.3 0.19187
v 0.4 0 0.09187
v 0.4 2.3 0.09187
v 0.4 0.013 -0.00813
v 0.4 2.3 -0.00813
v 0.41625 0.1 -0.02438
v 0.37833 0.02167 -0.08646
v 0.38375 0.1 -0.09188
v 0.42167 0.17833 -0.02979
v 0.4 0.2 -0.09513
v 0.4 0.28375 -0.12438
v 0.4 2.3 -0.10813
v 0.4 0.31625 -0.19187
v 0.4 0.38375 -0.22438
v 0.4 2.3 -0.20813
v 0.4 0.41625 -0.29187
v 0.4 0.48375 -0.32438
v 0.4 2.3 -0.30813
v 0.4 0.513 -0.40813
v 0.4 2.287 -0.40813
v 0.41625 0.6 -0.42438
v 0.37833 0.52167 -0.48646
v 0.38375 0.6 -0.49187
v 0.42167 0.67833 -0.42979
v 0.4 0.7 -0.50813
v 0.42167 2.22167 -0.42979
v 0.4 2.213 -0.50813
v 0.37833 2.27833 -0.48646
v 0.41625 0.8 -0.52438
v 0.37833 0.72167 -0.58646
v 0.38375 0.8 -0.59187
v 0.42167 0.87833 -0.52979
v 0.4 0.887 -0.60813
v 0.4 2.18375 -0.59187
v 0.4 2.11625 -0.62438
v 0.4 0.9 -0.70813
v 0.4 1.3 -0.70813
v 0.4 1.2 -0.72113
v 0.4 1.4 -0.70813
v 0.4 1.5 -0.70813
v 0.4 1.6 -0.72113
v 0.4 2.08375 -0.69188
v 0.4 2 -0.72113
v 0.4 0.913 -0.80813
v 0.41625 1.1 -0.72438
v 0.42167 1.02167 -0.72979
v 0.4 1 -0.80813
v 0.38375 1.1 -0.79187
v 0.37833 1.17833 -0.78646
v 0.41625 1.7 -0.72438
v 0.37833 1.62167 -0.78646
v 0.38375 1.7 -0.79187
v 0.41625 1.8 -0.72438
v 0.38375 1.8 -0.79187
v 0.41625 1.9 -0.72438
v 0.38375 1.9 -0.79187
v 0.37833 1.97833 -0.78646
v 0.37833 0.92167 -0.88646
v 0.37833 0.97833 -0.88646
v 0.47833 2.17833 0.77021
v 0.47833 2.12167 0.77021
v 0.5 2.1 0.70487
v 0.5 2.2 0.70487
v 0.5 0.58375 0.60812
v 0.5 0.61625 0.67563
v 0.5 0.7 0.69188
v 0.5 0.8 0.69188
v 0.5 0.88375 0.67563
v 0.5 0.91625 0.60812
v 0.5 1.3 0.67887
v 0.47833 1.22167 0.67021
v 0.5 1.2 0.60487
v 0.52167 1.27833 0.61354
v 0.5 1.4 0.69188
v 0.5 1.5 0.69188
v 0.5 1.6 0.69188
v 0.5 1.7 0.69188
v 0.5 1.8 0.69188
v 0.5 1.9 0.69188
v 0.5 2 0.69188
v 0.5 2.28375 0.67563
v 0.5 2.3 0.59187
v 0.5 0.48375 0.50812
v 0.5 0.51625 0.57562
v 0.5 0.98375 0.57562
v 0.5 1.01625 0.50812
v 0.5 1.08375 0.50812
v 0.5 1.11625 0.57562
v 0.5 2.3 0.49187
v 0.5 0 0.39187
v 0.5 0.01625 0.47562
v 0.5 0.1 0.49187
v 0.5 0.2 0.49187
v 0.5 0.3 0.49187
v 0.5 0.4 0.49187
v 0.5 2.3 0.39187
v 0.5 0 0.29187
v 0.5 2.3 0.29187
v 0.5 0 0.19187
v 0.5 2.3 0.19187
v 0.5 0 0.09187
v 0.5 2.3 0.09187
v 0.5 0.01625 0.00812
v 0.5 0.1 -0.00813
v 0.5 0.2 -0.02113
v 0.5 2.3 -0.00813
v 0.52167 0.27833 -0.02979
v 0.47833 0.22167 -0.08646
v 0.5 0.3 -0.10813
v 0.5 2.3 -0.10813
v 0.52167 0.37833 -0.12979
v 0.47833 0.32167 -0.18646
v 0.5 0.387 -0.20813
v 0.5 2.3 -0.20813
v 0.5 0.41625 -0.29187
v 0.5 0.48375 -0.32438
v 0.5 2.287 -0.30813
v 0.5 0.51625 -0.39187
v 0.5 0.6 -0.40813
v 0.5 0.68375 -0.42438
v 0.52167 2.22167 -0.32979
v 0.5 2.213 -0.40813
v 0.47833 2.27833 -0.38646
v 0.5 0.71625 -0.49187
v 0.5 0.8 -0.50813
v 0.5 0.88375 -0.52438
v 0.5 2.187 -0.50813
v 0.5 0.9 -0.60813
v 0.52167 2.12167 -0.52979
v 0.5 2.113 -0.60813
v 0.47833 2.17833 -0.58646
v 0.5 0.9 -0.70813
v 0.5 1.1 -0.70813
v 0.5 1.01625 -0.72438
v 0.5 1.2 -0.69513
v 0.51625 1.3 -0.62438
v 0.52167 1.22167 -0.62979
v 0.48375 1.3 -0.69188
v 0.52167 1.37833 -0.62979
v 0.5 1.4 -0.69513
v 0.5 1.5 -0.70813
v 0.5 1.6 -0.70813
v 0.5 1.7 -0.70813
v 0.5 1.8 -0.70813
v 0.5 1.9 -0.70813
v 0.5 2 -0.70813
v 0.5 2.08375 -0.69188
v 0.5 0.98375 -0.79187
v 0.5 0.91625 -0.79187
v 0.6 0.7 0.67887
v 0.57833 0.62167 0.67021
v 0.6 0.6 0.59187
v 0.62167 0.67833 0.61354
v 0.6 0.8 0.69188
v 0.6 0.88375 0.67563
v 0.6 0.913 0.59187
v 0.6 1.28375 0.60812
v 0.6 1.31625 0.67563
v 0.6 1.4 0.69188
v 0.6 1.5 0.69188
v 0.6 1.6 0.69188
v 0.6 1.7 0.69188
v 0.6 1.8 0.69188
v 0.6 1.9 0.69188
v 0.6 2 0.69188
v 0.6 2.1 0.69188
v 0.6 2.2 0.67887
v 0.57833 2.27833 0.67021
v 0.61625 2.21625 0.59187
v 0.58375 2.28375 0.59187
v 0.57833 0.52167 0.57021
v 0.6 0.5 0.50487
v 0.62167 0.57833 0.51354
v 0.57833 0.97833 0.57021
v 0.62167 0.92167 0.51354
v 0.6 1 0.50487
v 0.6 1.2 0.57887
v 0.57833 1.12167 0.57021
v 0.6 1.1 0.50487
v 0.62167 1.17833 0.51354
v 0.62167 2.22167 0.51354
v 0.6 2.287 0.49187
v 0.6 0 0.39187
v 0.6 0.01625 0.47562
v 0.6 0.1 0.49187
v 0.6 0.2 0.47887
v 0.58375 0.3 0.47562
v 0.62167 0.22167 0.41354
v 0.61625 0.3 0.40812
v 0.6 0.4 0.47887
v 0.62167 0.37833 0.41354
v 0.6 2.3 0.39187
v 0.6 0 0.29187
v 0.6 2.3 0.29187
v 0.6 0 0.19187
v 0.6 2.287 0.19187
v 0.6 0.013 0.09187
v 0.62167 0.27833 0.17021
v 0.62167 0.22167 0.17021
v 0.613 0.2 0.09187
v 0.613 0.3 0.09187
v 0.62167 2.22167 0.17021
v 0.61625 2.21625 0.09187
v 0.58375 2.28375 0.09187
v 0.61625 0.1 0.07562
v 0.57833 0.02167 0.01354
v 0.58375 0.1 0.00812
v 0.58375 0.2 0.00812
v 0.587 0.3 -0.00813
v 0.62167 0.37833 0.07021
v 0.61625 0.38375 -0.00813
v 0.61625 2.21625 -0.00813
v 0.58375 2.28375 -0.00813
v 0.57833 0.32167 -0.08646
v 0.6 0.387 -0.10813
v 0.61625 2.21625 -0.10813
v 0.58375 2.28375 -0.10813
v 0.6 0.413 -0.20813
v 0.61625 2.21625 -0.20813
v 0.58375 2.28375 -0.20813
v 0.62167 0.47833 -0.22979
v 0.57833 0.42167 -0.28646
v 0.6 0.5 -0.30813
v 0.6 2.213 -0.30813
v 0.57833 2.27833 -0.28646
v 0.61625 0.6 -0.32438
v 0.57833 0.52167 -0.38646
v 0.58375 0.6 -0.39187
v 0.62167 0.67833 -0.32979
v 0.6 0.687 -0.40813
v 0.6 2.187 -0.40813
v 0.6 0.71625 -0.49187
v 0.6 0.8 -0.50813
v 0.6 0.88375 -0.52438
v 0.62167 2.12167 -0.42979
v 0.6 2.113 -0.50813
v 0.57833 2.17833 -0.48646
v 0.6 0.9 -0.60813
v 0.6 1.3 -0.60813
v 0.6 1.2 -0.62113
v 0.6 1.4 -0.62113
v 0.6 2.087 -0.60813
v 0.6 0.913 -0.70813
v 0.6 1.1 -0.69513
v 0.6 1 -0.72113
v 0.62167 1.12167 -0.62979
v 0.57833 1.17833 -0.68646
v 0.61625 1.5 -0.62438
v 0.57833 1.42167 -0.68646
v 0.58375 1.5 -0.69188
v 0.62167 1.57833 -0.62979
v 0.6 1.6 -0.69513
v 0.6 1.7 -0.70813
v 0.6 1.8 -0.70813
v 0.6 1.9 -0.69513
v 0.61625 2 -0.62438
v 0.62167 1.92167 -0.62979
v 0.58375 2 -0.69188
v 0.57833 2.07833 -0.68646
v 0.57833 0.92167 -0.78646
v 0.57833 0.97833 -0.78646
v 0.68375 0.8 0.67563
v 0.67833 0.72167 0.67021
v 0.7 0.7 0.60487
v 0.71625 0.8 0.60812
v 0.67833 0.87833 0.67021
v 0.7 0.887 0.59187
v 0.68375 1.4 0.67563
v 0.67833 1.32167 0.67021
v 0.7 1.3 0.59187
v 0.71625 1.4 0.60812
v 0.68375 1.5 0.67563
v 0.71625 1.5 0.60812
v 0.7 1.6 0.67887
v 0.72167 1.57833 0.61354
v 0.7 1.7 0.69188
v 0.7 1.8 0.69188
v 0.7 1.9 0.69188
v 0.7 2 0.69188
v 0.7 2.1 0.69188
v 0.7 2.18375 0.67563
v 0.7 2.213 0.59187
v 0.7 0.58375 0.50812
v 0.7 0.61625 0.57562
v 0.7 0.91625 0.50812
v 0.67833 1.22167 0.57021
v 0.7 1.2 0.50487
v 0.72167 1.27833 0.51354
v 0.67833 2.22167 0.51354
v 0.7 0 0.39187
v 0.7 0.01625 0.47562
v 0.7 0.1 0.49187
v 0.7 0.18375 0.47562
v 0.7 0.21625 0.40812
v 0.7 0.5 0.47887
v 0.67833 0.42167 0.47021
v 0.687 0.4 0.39187
v 0.71625 0.48375 0.39187
v 0.7 1 0.49187
v 0.7 1.1 0.49187
v 0.7 2.287 0.49187
v 0.7 2.3 0.39187
v 0.7 0 0.29187
v 0.7 0.3 0.37887
v 0.71625 0.31625 0.29187
v 0.713 0.4 0.29187
v 0.72167 0.47833 0.31354
v 0.7 2.3 0.29187
v 0.7 0.013 0.19187
v 0.7 0.3 0.19187
v 0.7 0.2 0.17887
v 0.71625 0.38375 0.19187
v 0.7 2.28375 0.20812
v 0.7 2.21625 0.17562
v 0.71625 0.1 0.17562
v 0.67833 0.02167 0.11354
v 0.68375 0.1 0.10812
v 0.67833 0.17833 0.11354
v 0.67833 0.32167 0.11354
v 0.7 0.4 0.09187
v 0.7 2.2 0.09187
v 0.72167 0.47833 0.07021
v 0.68375 0.41625 -0.00813
v 0.71625 0.48375 -0.00813
v 0.7 2.2 -0.00813
v 0.68375 0.41625 -0.10813
v 0.71625 0.48375 -0.10813
v 0.7 2.2 -0.10813
v 0.67833 0.42167 -0.18646
v 0.7 0.5 -0.20813
v 0.7 2.2 -0.20813
v 0.72167 0.57833 -0.22979
v 0.67833 0.52167 -0.28646
v 0.7 0.6 -0.29513
v 0.7 0.68375 -0.32438
v 0.7 2.187 -0.30813
v 0.7 0.713 -0.40813
v 0.72167 2.12167 -0.32979
v 0.7 2.113 -0.40813
v 0.67833 2.17833 -0.38646
v 0.71625 0.8 -0.42438
v 0.67833 0.72167 -0.48646
v 0.68375 0.8 -0.49187
v 0.72167 0.87833 -0.42979
v 0.7 0.887 -0.50813
v 0.7 2.087 -0.50813
v 0.7 0.9 -0.60813
v 0.7 1.2 -0.59513
v 0.7 1.1 -0.62113
v 0.71625 1.3 -0.52438
v 0.72167 1.22167 -0.52979
v 0.68375 1.3 -0.59187
v 0.71625 1.4 -0.52438
v 0.68375 1.4 -0.59187
v 0.71625 1.5 -0.52438
v 0.68375 1.5 -0.59187
v 0.72167 1.57833 -0.52979
v 0.7 1.6 -0.60813
v 0.7 2 -0.59513
v 0.7 1.9 -0.62113
v 0.72167 2.02167 -0.52979
v 0.67833 2.07833 -0.58646
v 0.7 0.91625 -0.69188
v 0.7 1 -0.69513
v 0.72167 1.02167 -0.62979
v 0.67833 1.07833 -0.68646
v 0.71625 1.7 -0.62438
v 0.67833 1.62167 -0.68646
v 0.68375 1.7 -0.69188
v 0.71625 1.8 -0.62438
v 0.68375 1.8 -0.69188
v 0.67833 1.87833 -0.68646
v 0.78375 1.7 0.67563
v 0.77833 1.62167 0.67021
v 0.8 1.6 0.59187
v 0.81625 1.7 0.60812
v 0.78375 1.8 0.67563
v 0.81625 1.8 0.60812
v 0.8 1.9 0.67887
v 0.82167 1.87833 0.61354
v 0.8 2 0.67887
v 0.78375 2.1 0.67563
v 0.82167 2.02167 0.61354
v 0.813 2.1 0.59187
v 0.77833 2.17833 0.67021
v 0.787 2.2 0.59187
v 0.78375 0.7 0.57562
v 0.77833 0.62167 0.57021
v 0.8 0.6 0.49187
v 0.81625 0.7 0.50812
v 0.78375 0.8 0.57562
v 0.81625 0.8 0.50812
v 0.77833 0.87833 0.57021
v 0.8 0.9 0.50487
v 0.78375 1.4 0.57562
v 0.77833 1.32167 0.57021
v 0.8 1.3 0.49187
v 0.813 1.4 0.49187
v 0.78375 1.5 0.57562
v 0.81625 1.5 0.50812
v 0.82167 1.57833 0.51354
v 0.81625 2.11625 0.49187
v 0.8 2.2 0.49187
v 0.72167 2.27833 0.57021
v 0.77833 2.27833 0.57021
v 0.78375 2.28375 0.49187
v 0.8 0 0.39187
v 0.8 0.01625 0.47562
v 0.8 0.1 0.49187
v 0.8 0.18375 0.47562
v 0.8 0.213 0.39187
v 0.77833 0.52167 0.47021
v 0.78375 0.51625 0.39187
v 0.81625 0.58375 0.39187
v 0.8 1 0.49187
v 0.8 1.1 0.49187
v 0.8 1.2 0.49187
v 0.813 1.3 0.39187
v 0.81625 1.38375 0.39187
v 0.82167 2.12167 0.41354
v 0.813 2.2 0.39187
v 0.78375 2.28375 0.39187
v 0.8 0 0.29187
v 0.77833 0.27833 0.37021
v 0.81625 0.21625 0.29187
v 0.78375 0.28375 0.29187
v 0.8 0.5 0.30487
v 0.82167 0.57833 0.31354
v 0.82167 1.22167 0.37021
v 0.82167 1.22167 0.31354
v 0.81625 1.3 0.30812
v 0.82167 1.37833 0.31354
v 0.81625 2.21625 0.29187
v 0.78375 2.28375 0.29187
v 0.8 0.01625 0.20812
v 0.8 0.1 0.19187
v 0.8 0.2 0.20487
v 0.77833 0.27833 0.21354
v 0.8 0.4 0.19187
v 0.8 0.41625 0.27562
v 0.8 2.2 0.19187
v 0.77833 2.27833 0.21354
v 0.8 0.41625 0.10812
v 0.8 0.5 0.07887
v 0.82167 2.12167 0.17021
v 0.81625 2.11625 0.09187
v 0.78375 2.18375 0.09187
v 0.82167 0.57833 0.07021
v 0.78375 0.51625 -0.00813
v 0.81625 0.58375 -0.00813
v 0.81625 2.11625 -0.00813
v 0.78375 2.18375 -0.00813
v 0.78375 0.51625 -0.10813
v 0.81625 0.58375 -0.10813
v 0.81625 1.3 -0.02438
v 0.82167 1.22167 -0.02979
v 0.82167 1.22167 -0.08646
v 0.813 1.3 -0.10813
v 0.82167 1.37833 -0.02979
v 0.81625 1.38375 -0.10813
v 0.81625 2.11625 -0.10813
v 0.78375 2.18375 -0.10813
v 0.77833 0.52167 -0.18646
v 0.8 0.6 -0.20813
v 0.813 1.3 -0.20813
v 0.81625 1.38375 -0.20813
v 0.81625 2.11625 -0.20813
v 0.78375 2.18375 -0.20813
v 0.82167 0.67833 -0.22979
v 0.77833 0.62167 -0.28646
v 0.8 0.7 -0.30813
v 0.82167 1.22167 -0.22979
v 0.81625 1.21625 -0.30813
v 0.8 1.3 -0.30813
v 0.81625 1.38375 -0.30813
v 0.8 2.113 -0.30813
v 0.77833 2.17833 -0.28646
v 0.81625 0.8 -0.32438
v 0.77833 0.72167 -0.38646
v 0.78375 0.8 -0.39187
v 0.82167 0.87833 -0.32979
v 0.8 0.887 -0.40813
v 0.81625 1.21625 -0.40813
v 0.8 1.3 -0.40813
v 0.813 1.4 -0.40813
v 0.8 2.087 -0.40813
v 0.8 0.9 -0.50813
v 0.8 1.2 -0.50813
v 0.78375 1.3 -0.49187
v 0.78375 1.4 -0.49187
v 0.81625 1.5 -0.42438
v 0.78375 1.5 -0.49187
v 0.82167 1.57833 -0.42979
v 0.8 1.6 -0.50813
v 0.82167 2.02167 -0.42979
v 0.8 2 -0.50813
v 0.77833 2.07833 -0.48646
v 0.8 0.913 -0.60813
v 0.81625 1.1 -0.52438
v 0.82167 1.02167 -0.52979
v 0.8 1 -0.60813
v 0.78375 1.1 -0.59187
v 0.77833 1.17833 -0.58646
v 0.81625 1.7 -0.52438
v 0.77833 1.62167 -0.58646
v 0.78375 1.7 -0.59187
v 0.81625 1.8 -0.52438
v 0.78375 1.8 -0.59187
v 0.81625 1.9 -0.52438
v 0.78375 1.9 -0.59187
v 0.77833 1.97833 -0.58646
v 0.77833 0.92167 -0.68646
v 0.77833 0.97833 -0.68646
v 0.87833 1.97833 0.67021
v 0.87833 1.92167 0.67021
v 0.9 1.9 0.59187
v 0.9 2 0.59187
v 0.88375 1.7 0.57562
v 0.87833 1.62167 0.57021
v 0.9 1.6 0.49187
v 0.91625 1.7 0.50812
v 0.88375 1.8 0.57562
v 0.91625 1.8 0.50812
v 0.92167 1.87833 0.51354
v 0.87833 2.07833 0.57021
v 0.91625 2.01625 0.49187
v 0.88375 2.08375 0.49187
v 0.88375 0.1 0.47562
v 0.87833 0.02167 0.47021
v 0.88375 0.01625 0.39187
v 0.9 0.1 0.39187
v 0.87833 0.17833 0.47021
v 0.88375 0.18375 0.39187
v 0.9 0.7 0.47887
v 0.87833 0.62167 0.47021
v 0.9 0.613 0.39187
v 0.92167 0.67833 0.41354
v 0.9 0.8 0.49187
v 0.9 0.9 0.49187
v 0.9 1 0.49187
v 0.9 1.1 0.47887
v 0.88375 1.2 0.47562
v 0.91625 1.11625 0.39187
v 0.887 1.2 0.39187
v 0.87833 1.27833 0.47021
v 0.87833 1.27833 0.41354
v 0.88375 1.5 0.47562
v 0.87833 1.42167 0.47021
v 0.88375 1.41625 0.39187
v 0.9 1.5 0.39187
v 0.91625 1.58375 0.39187
v 0.91625 2.01625 0.39187
v 0.9 2.1 0.39187
v 0.88375 0.01625 0.29187
v 0.9 0.1 0.29187
v 0.88375 0.18375 0.29187
v 0.9 0.58375 0.30812
v 0.92167 1.12167 0.31354
v 0.9 1.2 0.30487
v 0.9 1.4 0.30487
v 0.91625 1.5 0.30812
v 0.92167 1.57833 0.31354
v 0.92167 2.02167 0.31354
v 0.92167 2.07833 0.31354
v 0.9 2.18375 0.37562
v 0.9 2.2 0.29187
v 0.87833 0.02167 0.21354
v 0.88375 0.1 0.20812
v 0.87833 0.17833 0.21354
v 0.9 0.5 0.27887
v 0.87833 0.42167 0.27021
v 0.88375 0.41625 0.19187
v 0.91625 0.48375 0.19187
v 0.9 1.3 0.29187
v 0.9 2.18375 0.20812
v 0.9 2.11625 0.17562
v 0.87833 0.42167 0.11354
v 0.9 0.5 0.10487
v 0.9 0.6 0.07887
v 0.9 2.087 0.09187
v 0.92167 0.67833 0.07021
v 0.88375 0.61625 -0.00813
v 0.91625 0.68375 -0.00813
v 0.9 1.3 -0.00813
v 0.9 1.21625 -0.02438
v 0.9 1.4 -0.02113
v 0.92167 2.02167 0.07021
v 0.91625 2.01625 -0.00813
v 0.88375 2.08375 -0.00813
v 0.88375 0.61625 -0.10813
v 0.91625 0.68375 -0.10813
v 0.9 1.213 -0.10813
v 0.91625 1.5 -0.02438
v 0.88375 1.41625 -0.10813
v 0.9 1.5 -0.10813
v 0.92167 1.57833 -0.02979
v 0.91625 1.58375 -0.10813
v 0.91625 2.01625 -0.10813
v 0.88375 2.08375 -0.10813
v 0.87833 0.62167 -0.18646
v 0.9 0.687 -0.20813
v 0.87833 1.27833 -0.12979
v 0.9 1.2 -0.20813
v 0.87833 1.27833 -0.18646
v 0.88375 1.41625 -0.20813
v 0.9 1.5 -0.20813
v 0.91625 1.58375 -0.20813
v 0.91625 2.01625 -0.20813
v 0.88375 2.08375 -0.20813
v 0.9 0.71625 -0.29187
v 0.9 0.8 -0.30813
v 0.9 0.88375 -0.32438
v 0.92167 1.12167 -0.22979
v 0.91625 1.11625 -0.30813
v 0.88375 1.18375 -0.30813
v 0.88375 1.41625 -0.30813
v 0.9 1.5 -0.30813
v 0.91625 1.58375 -0.30813
v 0.91625 2.01625 -0.30813
v 0.88375 2.08375 -0.30813
v 0.9 0.9 -0.40813
v 0.91625 1.11625 -0.40813
v 0.88375 1.18375 -0.40813
v 0.87833 1.42167 -0.38646
v 0.88375 1.5 -0.39187
v 0.9 1.6 -0.40813
v 0.9 2 -0.40813
v 0.87833 2.07833 -0.38646
v 0.9 0.913 -0.50813
v 0.9 1.1 -0.49513
v 0.9 1 -0.52113
v 0.87833 1.17833 -0.48646
v 0.91625 1.7 -0.42438
v 0.87833 1.62167 -0.48646
v 0.88375 1.7 -0.49187
v 0.91625 1.8 -0.42438
v 0.88375 1.8 -0.49187
v 0.91625 1.9 -0.42438
v 0.88375 1.9 -0.49187
v 0.87833 1.97833 -0.48646
v 0.87833 0.92167 -0.58646
v 0.87833 0.97833 -0.58646
v 0.97833 1.97833 0.57021
v 0.97833 1.92167 0.57021
v 0.987 1.9 0.49187
v 0.98375 1.98375 0.49187
v 0.98375 0.8 0.47562
v 0.97833 0.72167 0.47021
v 1 0.7 0.39187
v 1 0.8 0.39187
v 0.98375 0.9 0.47562
v 1 0.9 0.39187
v 0.98375 1 0.47562
v 1 1 0.39187
v 0.97833 1.07833 0.47021
v 0.98375 1.08375 0.39187
v 0.98375 1.7 0.47562
v 0.97833 1.62167 0.47021
v 0.98375 1.61625 0.39187
v 1 1.7 0.39187
v 0.98375 1.8 0.47562
v 1 1.8 0.39187
v 1 1.9 0.39187
v 0.98375 1.98375 0.39187
v 1 0.587 0.29187
v 1 0.61625 0.37562
v 1.02167 0.72167 0.31354
v 1.01625 0.8 0.30812
v 1.013 0.9 0.29187
v 1 1 0.29187
v 1 1.1 0.29187
v 1 1.6 0.30487
v 1.01625 1.7 0.30812
v 1.01625 1.8 0.30812
v 1.01625 1.9 0.30812
v 1 2 0.30487
v 0.97833 2.17833 0.37021
v 0.97833 2.12167 0.37021
v 1 2.1 0.29187
v 0.98375 2.18375 0.29187
v 0.97833 0.52167 0.27021
v 0.98375 0.51625 0.19187
v 1.01625 0.58375 0.19187
v 1.02167 0.92167 0.21354
v 1.01625 1 0.20812
v 1.02167 1.07833 0.21354
v 1 1.2 0.27887
v 0.98375 1.3 0.27562
v 1.01625 1.21625 0.19187
v 1 1.3 0.19187
v 1 1.4 0.27887
v 1.01625 1.38375 0.19187
v 1 1.5 0.29187
v 1 2.113 0.19187
v 0.97833 2.17833 0.21354
v 0.97833 0.52167 0.11354
v 1 0.6 0.10487
v 1 0.7 0.07887
v 1.01625 1.21625 0.09187
v 1 1.3 0.09187
v 1.01625 1.38375 0.09187
v 1 2.08375 0.10812
v 1 2 0.07887
v 1.01625 0.8 0.07562
v 0.98375 0.71625 -0.00813
v 1 0.8 -0.00813
v 1.02167 0.87833 0.07021
v 1.01625 0.88375 -0.00813
v 1 1.213 -0.00813
v 0.98375 1.3 0.00812
v 1 1.4 0.00487
v 1 1.5 -0.00813
v 1 1.6 -0.02113
v 1.02167 1.92167 0.07021
v 1.013 1.9 -0.00813
v 0.98375 1.98375 -0.00813
v 0.98375 0.71625 -0.10813
v 1 0.8 -0.10813
v 1.013 0.9 -0.10813
v 1 1.2 -0.10813
v 1.01625 1.7 -0.02438
v 0.98375 1.61625 -0.10813
v 1 1.7 -0.10813
v 1.01625 1.8 -0.02438
v 1 1.8 -0.10813
v 1 1.9 -0.10813
v 0.98375 1.98375 -0.10813
v 0.98375 0.71625 -0.20813
v 1 0.8 -0.20813
v 1 0.9 -0.20813
v 1.01625 1 -0.12438
v 1 1 -0.20813
v 1.02167 1.07833 -0.12979
v 1 1.1 -0.20813
v 1 1.18375 -0.19187
v 0.98375 1.61625 -0.20813
v 1 1.7 -0.20813
v 1 1.8 -0.20813
v 1 1.9 -0.20813
v 0.98375 1.98375 -0.20813
v 0.97833 0.72167 -0.28646
v 0.98375 0.8 -0.29187
v 0.987 0.9 -0.30813
v 1 1 -0.30813
v 0.98375 1.08375 -0.30813
v 0.98375 1.61625 -0.30813
v 1 1.7 -0.30813
v 1 1.8 -0.30813
v 1 1.9 -0.30813
v 0.98375 1.98375 -0.30813
v 0.98375 0.91625 -0.40813
v 1 1 -0.40813
v 0.98375 1.08375 -0.40813
v 0.97833 1.62167 -0.38646
v 0.98375 1.7 -0.39187
v 0.98375 1.8 -0.39187
v 0.98375 1.9 -0.39187
v 0.97833 1.97833 -0.38646
v 0.97833 0.92167 -0.48646
v 0.98375 1 -0.49187
v 0.97833 1.07833 -0.48646
v 1.07833 0.67833 0.37021
v 1.07833 0.62167 0.37021
v 1.08375 0.61625 0.29187
v 1.1 0.7 0.29187
v 1.08375 0.61625 0.19187
v 1.11625 0.68375 0.19187
v 1.1 0.8 0.29187
v 1.1 0.88375 0.27562
v 1.1 0.91625 0.20812
v 1.07833 1.17833 0.27021
v 1.07833 1.12167 0.27021
v 1.1 1.1 0.19187
v 1.08375 1.18375 0.19187
v 1.08375 1.5 0.27562
v 1.07833 1.42167 0.27021
v 1.08375 1.41625 0.19187
v 1.1 1.5 0.19187
v 1.1 1.6 0.27887
v 1.11625 1.58375 0.19187
v 1.1 1.7 0.29187
v 1.1 1.8 0.29187
v 1.1 1.9 0.29187
v 1.1 2 0.27887
v 1.07833 2.07833 0.27021
v 1.11625 2.01625 0.19187
v 1.08375 2.08375 0.19187
v 1.07833 0.62167 0.11354
v 1.1 0.7 0.10487
v 1.1 0.8 0.09187
v 1.1 0.88375 0.07562
v 1.1 1 0.19187
v 1.11625 1.11625 0.09187
v 1.08375 1.18375 0.09187
v 1.08375 1.41625 0.09187
v 1.1 1.5 0.09187
v 1.11625 1.58375 0.09187
v 1.1 2 0.10487
v 1.1 1.91625 0.07562
v 1.07833 2.07833 0.11354
v 1.1 0.9 -0.00813
v 1.11625 1.11625 -0.00813
v 1.08375 1.18375 -0.00813
v 1.07833 1.42167 0.01354
v 1.08375 1.5 0.00812
v 1.1 1.6 0.00487
v 1.1 1.7 -0.00813
v 1.1 1.8 -0.00813
v 1.1 1.88375 0.00812
v 1.1 0.91625 -0.09188
v 1.1 1 -0.10813
v 1.1 1.1 -0.10813
v 1.08375 1.18375 -0.10813
v 1.07833 1.12167 -0.18646
v 1.07833 1.17833 -0.18646
v 1.18375 0.8 0.27562
v 1.17833 0.72167 0.27021
v 1.18375 0.71625 0.19187
v 1.2 0.8 0.19187
v 1.17833 0.87833 0.27021
v 1.187 0.9 0.19187
v 1.18375 1.7 0.27562
v 1.17833 1.62167 0.27021
v 1.18375 1.61625 0.19187
v 1.2 1.7 0.19187
v 1.18375 1.8 0.27562
v 1.2 1.8 0.19187
v 1.18375 1.9 0.27562
v 1.2 1.9 0.19187
v 1.17833 1.97833 0.27021
v 1.18375 1.98375 0.19187
v 1.17833 0.72167 0.11354
v 1.18375 0.8 0.10812
v 1.187 0.9 0.09187
v 1.18375 1 0.17562
v 1.2 1 0.09187
v 1.17833 1.07833 0.17021
v 1.18375 1.08375 0.09187
v 1.18375 1.61625 0.09187
v 1.2 1.7 0.09187
v 1.2 1.8 0.09187
v 1.187 1.9 0.09187
v 1.17833 1.97833 0.11354
v 1.18375 0.91625 -0.00813
v 1.2 1 -0.00813
v 1.18375 1.08375 -0.00813
v 1.17833 1.62167 0.01354
v 1.18375 1.7 0.00812
v 1.18375 1.8 0.00812
v 1.17833 1.87833 0.01354
v 1.17833 0.92167 -0.08646
v 1.18375 1 -0.09188
v 1.17833 1.07833 -0.08646

# texcoords
vt 0.0332 0.5
vt 0.02539 0.5
vt 0.06055 0.5
vt 0.04883 0.5
vt 0.05273 0.5
vt 0.01758 0.5
vt 0.0293 0.5
vt 0.00195 0.5
vt 0.00977 0.5
vt 0.01367 0.5
vt 0.02148 0.5
vt 0.03711 0.5
vt 0.0918 0.5
vt 0.00586 0.5
vt 0.08398 0.5
vt 0.06836 0.5
vt 0.06445 0.5
vt 0.04492 0.5
vt 0.04102 0.5
vt 0.05664 0.5
vt 0.07227 0.5
vt 0.07617 0.5
vt 0.08008 0.5
vt 0.08789 0.5

# normals
vn -0.9993 -0.0314 0.0195
vn -0.8888 -0.4544 0.0595
vn -0.7761 -0.6078 0.1681
vn -0.9884 -0.0148 0.1515
vn -0.6511 -0.7575 0.0478
vn -0.719 -0.6946 -0.0212
vn -0.7237 -0.6753 0.1422
vn -0.1849 0.0498 0.9815
vn -0.2323 -0.0366 0.972
vn -0.2324 0 0.9726
vn -0.2009 0.0778 0.9765
vn -0.9978 0.0357 0.0554
vn -0.9806 0.1063 0.1649
vn -0.2095 0.6254 0.7517
vn -0.1668 0.921 0.352
vn -0.1999 0.7549 0.6246
vn -0.1357 0.1357 0.9814
vn -0.168 0.155 0.9735
vn -0.9925 -0.0474 -0.1123
vn -0.9814 -0.1357 -0.1357
vn -0.9906 -0.137 -0
vn -0.3629 -0.9318 -0.0056
vn -0.352 -0.921 -0.1668
vn -0.6953 -0.6953 -0.1822
vn -0.1811 -0.1284 -0.975
vn -0.2001 -0.1384 -0.97
vn -0.1649 -0.1063 -0.9806
vn -0.1827 -0.1403 -0.9731
vn -0.9986 -0.0527 -0.0097
vn -0.168 -0.155 -0.9735
vn -0.2001 -0.1741 -0.9642
vn -0.9983 0.0323 0.0493
vn -0.9925 0.0474 0.1123
vn -0.2167 0.1056 0.9705
vn -0.1925 0.6186 0.7617
vn -0.7869 0.6114 0.0831
vn -0.7761 0.6078 0.1681
vn -0.7237 0.6753 0.1422
vn -0.7172 0.6934 0.0698
vn -0.2323 0.0366 0.972
vn -0.9971 0.0085 -0.0761
vn -0.9858 -0.1467 -0.0824
vn -0.2001 -0.9642 -0.1741
vn -0.168 -0.9735 -0.155
vn -0.7869 0.6114 -0.0831
vn -0.7172 0.6934 -0.0698
vn -0.9906 0 -0.137
vn -0.1357 -0.9814 -0.1357
vn -0.2009 -0.0778 -0.9765
vn -0.1357 -0.1357 -0.9814
vn -0.1849 -0.0498 -0.9815
vn -0.7761 0.6078 -0.1681
vn -0.7237 0.6753 -0.1422
vn -0.2324 0 -0.9726
vn -0.2323 0.0366 -0.972
vn -0.9689 -0.2104 0.1304
vn -0.9809 -0.1135 0.1578
vn -0.3363 0.8796 0.3363
vn -0.2112 -0.9544 0.2112
vn -0.57 -0.8108 0.1331
vn -0.4102 -0.8282 0.3819
vn -0.1988 -0.8105 0.5509
vn -0.1578 -0.1135 0.9809
vn -0.1979 -0.1934 0.961
vn -0.2622 -0.469 0.8434
vn -0.7191 -0.693 -0.0516
vn -0.7301 -0.6667 0.1498
vn -0.8534 -0.4978 0.1546
vn -0.7024 -0.7104 -0.0434
vn -0.4335 -0.8796 0.1958
vn -0.869 0.4856 0.0955
vn -0.9689 0.2104 0.1304
vn -0.9809 0.1135 0.1578
vn -0.6319 0.7694 0.0933
vn -0.3642 0.9182 0.1558
vn -0.7679 0.6153 0.1783
vn -0.7832 0.6154 0.0884
vn -0.3363 -0.8796 0.3363
vn -0.2666 0 0.9638
vn -0.2329 0.0359 0.9718
vn -0.9976 -0 0.069
vn -0.889 -0.4552 0.0503
vn -0.9814 -0.1357 0.1357
vn -0.9906 -0 0.137
vn -0.352 -0.921 0.1668
vn -0.6586 -0.7499 0.0622
vn -0.7827 -0.6152 0.0947
vn -0.7657 -0.614 0.1914
vn -0.1659 0 0.9861
vn -0.1649 -0.1063 0.9806
vn -0.1979 -0.0511 0.9789
vn -0.1951 0 0.9808
vn -0.889 0.4552 0.0503
vn -0.9814 0.1357 0.1357
vn -0.6586 0.7499 0.0622
vn -0.352 0.921 0.1668
vn -0.7517 0.6254 0.2095
vn -0.7764 0.6215 0.1043
vn -0.1649 0.1063 0.9806
vn -0.2037 0.1001 0.9739
vn -1 0 -0
vn -0.6542 -0.7546 0.0519
vn -0.64 -0.7651 0.0707
vn -0.581 -0.7741 0.2516
vn -0.3128 0 0.9498
vn -0.311 -0.107 0.9444
vn -0.5482 -0.1198 0.8277
vn -0.4888 0.0158 0.8723
vn -0.9906 0.137 -0
vn -0.2648 0.9629 -0.0528
vn -0.311 0.9444 0.107
vn -0.7303 0.6813 0.0503
vn -0.4504 0.8835 -0.1292
vn -0.311 0.107 0.9444
vn -0.5031 0.2239 0.8347
vn -0.2507 0.0943 0.9635
vn -0.2155 -0.1734 -0.961
vn -0.2112 -0.2112 -0.9544
vn -0.1796 -0.1165 -0.9768
vn -0.7197 0.6941 0.0152
vn -0.8534 0.4978 0.1546
vn -0.7676 0.6302 0.117
vn -0.7779 0.6253 -0.062
vn -0.9976 0 -0.069
vn -0.785 -0.6135 -0.0864
vn -0.785 -0.6135 0.0864
vn -0.7764 -0.6215 -0.1043
vn -0.785 0.6135 -0.0864
vn -0.785 0.6135 0.0864
vn -0.7764 0.6215 -0.1043
vn -0.7761 -0.6078 -0.1681
vn -0.8888 -0.4544 -0.0595
vn -0.6542 -0.7546 -0.0519
vn -0.3642 -0.9182 -0.1558
vn -0.3687 -0.9296 -0
vn -0.1946 0.0844 -0.9773
vn -0.2323 -0.0366 -0.972
vn -0.1849 0.0498 -0.9815
vn -0.9814 0.1357 -0.1357
vn -0.2112 0.9544 -0.2112
vn -0.2208 0.8972 -0.3825
vn -0.1481 0.9511 -0.2709
vn -0.155 0.168 -0.9735
vn -0.1357 0.1357 -0.9814
vn -0.6863 0.725 -0.058
vn -0.4651 0.8763 -0.1253
vn -0.889 -0.4552 -0.0503
vn -0.6586 -0.7499 -0.0622
vn -0.7517 -0.6254 -0.2095
vn -0.1951 0 -0.9808
vn -0.2037 -0.1001 -0.9739
vn -0.1659 0 -0.9861
vn -0.889 0.4552 -0.0503
vn -0.352 0.921 -0.1668
vn -0.6586 0.7499 -0.0622
vn -0.7517 0.6254 -0.2095
vn -0.2037 0.1001 -0.9739
vn -0.1649 0.1063 -0.9806
vn -0.2167 -0.1056 -0.9705
vn -0.8392 0.5296 -0.1235
vn -0.8534 0.4978 -0.1546
vn -0.5096 0.8529 -0.1138
vn -0.2254 0.9701 -0.0896
vn -0.1144 0.985 -0.1288
vn -0.9809 0.1135 -0.1578
vn -0.9689 0.2104 -0.1304
vn -0.1357 0.9814 -0.1357
vn -0.1992 0.9749 -0.0994
vn -0.0824 0.9858 -0.1467
vn -0.3363 -0.8796 -0.3363
vn -0.1979 0.1934 -0.961
vn -0.1578 0.1135 -0.9809
vn -0.9791 0.0072 0.2032
vn -0.9726 0 0.2324
vn -0.972 -0.0366 0.2323
vn -0.9772 -0.0183 0.2115
vn -0.3128 -0.8792 0.3595
vn -0.5437 -0.5659 0.6198
vn -0.5744 -0.5373 0.6175
vn -0.178 -0.0532 0.9826
vn -0.4433 -0.1917 0.8756
vn -0.194 -0.0351 0.9804
vn -0.9883 0.0234 0.151
vn -0.9817 0 0.1905
vn -0.1905 0 0.9817
vn -0.151 0.0234 0.9883
vn -0.9901 0.0722 0.12
vn -0.9842 0.068 0.1635
vn -0.178 0.0532 0.9826
vn -0.1215 0.0591 0.9908
vn -0.8892 0.4342 0.1443
vn -0.3581 0.9196 0.1613
vn -0.7538 0.6373 0.1597
vn -0.1291 0.0667 0.9894
vn -0.2357 -0.877 0.4186
vn -0.1947 -0.6978 0.6893
vn -0.3989 -0.7916 0.4629
vn -0.2016 -0.6668 0.7175
vn -0.9803 0.0327 0.1948
vn -0.972 0.0366 0.2323
vn -0.9894 0.0667 0.1291
vn -0.9889 0.0558 0.1379
vn -0.9867 0.0257 0.1607
vn -0.9874 0.1118 0.1118
vn -0.642 0.7469 0.1733
vn -0.7541 0.6475 0.1101
vn -0.9847 0.0312 0.1714
vn -0.9779 0.1183 0.1725
vn -0.9785 0.0812 0.1895
vn 1 0 -0
vn -0.0949 0.9733 0.209
vn -0.1558 0.9764 0.1496
vn -0.1475 -0.978 0.1475
vn -0.587 -0.0089 0.8095
vn -0.8377 -0.1193 0.5329
vn -0.706 -0.0283 0.7076
vn -0.3717 0.5665 0.7354
vn -0.7532 0.5942 0.2823
vn -0.1971 -0.9275 0.3177
vn -0.2879 -0.7818 0.553
vn -0.2273 -0.7896 0.5699
vn -0.2472 -0.9469 0.2056
vn -0.2865 -0.0259 0.9577
vn -0.9807 0.1824 0.0699
vn -0.6278 0.7783 -0.0111
vn -0.719 0.6946 -0.0212
vn -0.7 -0.7141 -0.0102
vn -0.684 -0.7116 0.1606
vn -0.5454 -0.8263 0.1406
vn -0.5736 -0.6593 0.4861
vn -0.7071 -0.7071 -0
vn -0.5782 -0.6437 0.5013
vn -0.1739 -0.8241 0.5392
vn -0.3022 -0.7214 0.6231
vn -0.2919 -0.471 0.8324
vn -0.9793 0.035 0.1992
vn -0.1987 0.0716 0.9774
vn -0.1385 0.0522 0.989
vn -0.9967 0.003 0.0816
vn -0.8789 0.4377 0.1898
vn -0.2039 0.0503 0.9777
vn -0.12 0.0168 0.9926
vn -0.1689 -0.0265 0.9853
vn -0.2241 0 0.9746
vn -0.9909 0.092 0.0985
vn -0.9767 0.0874 0.196
vn -0.207 0.0485 0.9771
vn -0.1925 0.0509 0.98
vn -0.9949 -0.0694 0.0732
vn -0.9773 -0.094 0.1896
vn -0.1896 -0.094 0.9773
vn -0.1766 -0.081 0.9809
vn -0.8851 -0.455 0.0973
vn -0.8702 -0.43 0.2405
vn -0.264 -0.4639 0.8456
vn -0.1971 -0.474 0.8582
vn -0.2722 0.0272 0.9619
vn -0.1895 0.0812 0.9785
vn -0.7443 0.6596 -0.1047
vn -0.8619 0.4984 0.0938
vn -0.7705 0.6364 0.037
vn -0.6241 0.6299 -0.4623
vn -0.5782 0.6437 -0.5013
vn -0.2455 0.4899 -0.8365
vn -0.1836 0.7044 -0.6856
vn -0.1739 0.8241 -0.5392
vn -0.3022 0.7214 -0.6231
vn -0.1993 -0.223 -0.9542
vn -0.9954 0.0067 -0.0957
vn -0.9909 0.092 -0.0985
vn -0.9917 -0.0129 -0.1283
vn -0.9867 -0.0257 -0.1607
vn -0.989 -0.1389 0.0502
vn -0.2039 0.1188 -0.9718
vn -0.179 0.7993 -0.5737
vn -0.2421 0.8633 -0.4429
vn -0.148 0.6544 -0.7415
vn -0.1493 0.484 -0.8622
vn -0.9821 -0.1649 -0.0915
vn -0.9735 -0.155 -0.168
vn -0.7042 -0.7042 -0.0901
vn -0.9816 0.0132 -0.1905
vn -0.7603 0.6375 -0.1245
vn -0.1762 0.0335 -0.9838
vn -0.1741 0.2001 -0.9642
vn -0.2008 0.0522 -0.9782
vn -0.2241 0 -0.9746
vn -0.9767 0.0874 -0.196
vn -0.1925 0.0509 -0.98
vn -0.207 0.0485 -0.9771
vn -0.9772 0.0183 -0.2115
vn -0.2115 0 -0.9774
vn -0.2115 0.0183 -0.9772
vn -0.972 0.0366 -0.2323
vn -0.3363 0.8796 -0.3363
vn -0.9883 -0.151 -0.0234
vn -0.7826 -0.6224 -0.0129
vn -0.7024 -0.7102 -0.047
vn -0.993 -0.0838 -0.0838
vn -0.9904 -0.1053 -0.0897
vn -0.8799 -0.4703 -0.0682
vn -0.7515 -0.6495 -0.1156
vn -0.4599 -0.8672 -0.1909
vn -0.9927 -0.0468 -0.1111
vn -0.9907 -0.0106 -0.136
vn -0.9803 -0.0327 -0.1948
vn -0.9867 0.0257 -0.1607
vn -0.972 -0.0366 -0.2323
vn -0.2363 0.2716 -0.9329
vn -0.9858 -0.0824 -0.1467
vn -0.2965 -0.9462 -0.1294
vn -0.2112 -0.9544 -0.2112
vn -0.2045 -0.9424 -0.2648
vn -0.4584 -0.812 -0.3613
vn -0.1648 -0.1583 -0.9735
vn -0.1615 -0.1615 -0.9736
vn -0.9989 0.0142 -0.0458
vn -0.8976 0.4396 -0.0327
vn -0.6619 0.7474 -0.0579
vn -0.3642 0.9182 -0.1558
vn -0.6889 0.7083 -0.1543
vn -0.7002 0.7098 -0.0766
vn -0.1827 -0.9731 -0.1403
vn -0.1499 -0.9782 -0.1434
vn -0.1534 -0.9735 -0.1697
vn -0.7955 0.6019 -0.0699
vn -0.7042 0.7042 -0.0901
vn -0.1649 -0.9806 -0.1063
vn -0.1429 -0.982 -0.1233
vn -0.487 0.0582 -0.8715
vn -0.7129 -0.0798 -0.6967
vn -0.3033 -0.1153 -0.9459
vn -0.2779 0.0304 -0.9601
vn -0.6953 0.6953 -0.1822
vn -0.2704 0.1828 -0.9452
vn -0.4913 0.2588 -0.8316
vn -0.2464 0.1754 -0.9532
vn -0.9895 -0.003 0.1446
vn -0.9784 -0.1514 0.1405
vn -0.2464 -0.9532 0.1754
vn -0.288 -0.9488 0.1299
vn -0.2628 -0.952 0.1573
vn -0.3765 -0.0188 0.9262
vn -0.352 -0.1668 0.921
vn -0.6953 -0.1822 0.6953
vn -0.7104 -0.0434 0.7024
vn -0.7772 0.6071 0.1651
vn -0.8927 0.0492 0.448
vn -0.7281 0.4847 0.4847
vn -0.7863 0.5988 0.1519
vn -0.8444 0.5065 0.1746
vn -0.7637 0.6243 0.1641
vn -0.7863 0.1519 0.5988
vn -0.659 0.0377 0.7512
vn -0.8782 0.1758 0.4448
vn -0.9842 -0.1635 0.068
vn -0.1357 -0.9814 0.1357
vn -0.1635 -0.9842 0.068
vn -0.0821 -0.9932 0.0821
vn -0.068 -0.9842 0.1635
vn -0.137 0 0.9906
vn -0.1357 -0.1357 0.9814
vn -0.068 -0.1635 0.9842
vn -0.069 -0 0.9976
vn -0.8799 0.4703 0.0682
vn -0.2965 0.9462 0.1294
vn -0.2112 0.9544 0.2112
vn -0.1294 0.9462 0.2965
vn -0.4022 0.8264 0.3942
vn -0.0682 0.4703 0.8799
vn -0.5913 -0.5702 0.5702
vn -0.4446 -0.3631 0.8189
vn -0.6576 -0.6941 0.293
vn -0.6877 -0.6877 0.2329
vn -0.6017 -0.6306 0.4902
vn -0.6576 -0.293 0.6941
vn -0.5981 -0.4532 0.6609
vn -0.6613 -0.1146 0.7413
vn -0.626 0.0269 0.7793
vn -0.3246 0.1063 0.9399
vn -0.0838 0.0838 0.993
vn -0.0396 0.0718 0.9966
vn -0.0718 0.0072 0.9974
vn -0.9763 0.1487 0.1574
vn -0.9707 0.107 0.2154
vn -0.1948 0.0327 0.9803
vn -0.1638 -0.0178 0.9863
vn -0.9725 0.0394 0.2296
vn -0.2156 0.9724 0.0892
vn -0.5191 -0.0536 0.8531
vn -0.1568 0.1364 -0.9782
vn -0.9854 0 0.1701
vn -0.873 -0.4557 0.1738
vn -0.7281 -0.4847 0.4847
vn -0.8927 -0.0492 0.448
vn -0.7863 -0.5988 0.1519
vn -0.7695 -0.6125 0.1809
vn -0.3724 -0.9162 0.1483
vn -0.7697 -0.5858 0.2537
vn -0.662 -0.0418 0.7483
vn -0.7863 -0.1519 0.5988
vn -0.8123 -0.1014 0.5743
vn -0.7106 0.0372 0.7026
vn -0.8678 0.4614 0.1847
vn -0.8888 0.0595 0.4544
vn -0.7069 0.5001 0.5001
vn -0.764 0.6169 0.189
vn -0.7352 0.6093 0.297
vn -0.7628 0.6196 0.185
vn -0.7761 0.1681 0.6078
vn -0.6614 0.0616 0.7475
vn -0.686 0.3571 0.634
vn -0.986 0.0234 0.165
vn -0.9752 -0.1671 0.1453
vn -0.5737 -0.7993 0.179
vn -0.4898 -0.853 0.1804
vn -0.9331 0.2712 0.2361
vn -0.6266 0.764 0.154
vn -0.1635 0.9842 0.068
vn -0.1357 0.9814 0.1357
vn -0.0824 0.9858 0.1467
vn -0.0893 0.9933 0.0736
vn -0.1578 0.1135 0.9809
vn -0.1979 0.1934 0.961
vn -0.9842 -0.1635 -0.068
vn -0.178 -0.9826 -0.0532
vn -0.1055 -0.9935 -0.0429
vn -0.7782 0.6241 -0.0707
vn -0.646 0.7622 -0.0413
vn -0.7515 0.6495 0.1156
vn -0.4254 0.8802 0.2104
vn -0.7026 0.7106 -0.0372
vn -0.5381 -0.8127 0.2237
vn -0.9725 0.2296 0.0394
vn -0.2666 0.9638 -0
vn -0.9791 0 0.2032
vn -0.7517 -0.6254 0.2095
vn -0.6373 -0.748 0.1852
vn -0.6284 0.7529 0.1955
vn -0.6267 0.7557 0.1901
vn -0.2045 -0.9424 0.2648
vn -0.2709 -0.9511 0.1481
vn -0.9428 0.3317 -0.0329
vn -0.4712 0.8746 -0.1143
vn -0.0893 0.9933 -0.0736
vn -0.1122 -0.9873 -0.1122
vn -0.7071 -0.0061 -0.7071
vn -0.6953 -0.1822 -0.6953
vn -0.352 -0.1668 -0.921
vn -0.3629 -0.0056 -0.9318
vn -0.7069 0.5001 -0.5001
vn -0.8888 0.0595 -0.4544
vn -0.8765 0.4687 -0.1098
vn -0.675 0.675 -0.2979
vn -0.62 0.4388 -0.6504
vn -0.6511 0.0478 -0.7575
vn -0.7761 0.1681 -0.6078
vn -0.7653 -0.6424 0.0405
vn -0.5791 -0.6429 0.5013
vn -0.6291 -0.5917 0.5041
vn -0.6239 -0.7656 0.1569
vn -0.4662 -0.8831 0.0524
vn -0.1891 -0.9812 -0.0388
vn -0.249 -0.9607 0.1225
vn -0.4526 -0.3127 0.8351
vn -0.7049 -0.3234 0.6313
vn -0.6875 -0.2338 0.6875
vn -0.6863 -0.2408 0.6863
vn -0.1744 -0.5518 0.8155
vn -0.2311 -0.2548 0.939
vn -0.5357 -0.2339 0.8114
vn -0.2112 -0.2112 0.9544
vn -0.0776 0.0326 0.9964
vn -0.0777 -0 0.997
vn -0.0776 -0.0326 0.9964
vn -0.1635 -0.068 0.9842
vn -0.1615 -0.1615 0.9736
vn -0.176 0.2783 -0.9442
vn -0.1754 0.2464 -0.9532
vn -0.1604 0.5622 -0.8113
vn -0.921 0.352 -0.1668
vn -0.7821 0.6227 -0.0247
vn -0.1635 0.9842 -0.068
vn -0.1762 0.2941 -0.9394
vn -0.921 -0.352 -0.1668
vn -0.9341 -0.357 -0
vn -0.1515 -0.9884 -0.0148
vn -0.1615 -0.9736 -0.1615
vn -0.1948 -0.2587 -0.9461
vn -0.1864 -0.2823 -0.941
vn -0.1754 -0.2464 -0.9532
vn -0.2275 0.9535 -0.1979
vn -0.6398 0.7382 -0.2136
vn -0.6662 0.7365 -0.1171
vn -0.1515 0.0148 -0.9884
vn -0.178 0.0532 -0.9826
vn -0.2115 -0.0183 -0.9772
vn -0.9885 0.0858 -0.1249
vn -0.9718 0.1188 -0.2039
vn -0.4653 0.8584 -0.2159
vn -0.6963 0.7176 -0.0122
vn -0.7002 -0.7098 -0.0766
vn -0.7046 -0.7046 -0.0839
vn -0.9948 -0 -0.1023
vn -0.9791 -0 -0.2032
vn -0.9994 0.0261 -0.0223
vn -0.8976 -0.4396 -0.0327
vn -0.6619 -0.7474 -0.0579
vn -0.7869 -0.6114 -0.0831
vn -0.7919 0.6106 -0
vn -0.7071 0.7071 -0
vn -0.6149 -0.6469 -0.4511
vn -0.5945 -0.6078 -0.5264
vn -0.5284 -0.6172 -0.583
vn -0.4717 -0.7615 -0.4446
vn -0.4324 0.8951 -0.1082
vn -0.3202 0.9458 -0.0543
vn -0.7919 -0.6106 -0
vn -0.7955 -0.6019 -0.0699
vn -0.7826 0.6224 -0.0129
vn -0.7024 0.7102 -0.047
vn -0.2273 -0.7896 -0.5699
vn -0.3885 -0.6317 -0.6709
vn -0.6196 -0.185 -0.7628
vn -0.5133 -0.5682 -0.6431
vn -0.1971 -0.474 -0.8582
vn -0.4656 -0.1796 -0.8666
vn -0.56 0.824 -0.086
vn -0.7534 0.6568 -0.0314
vn -0.7915 -0.6066 -0.0753
vn -0.7906 -0.6107 -0.0448
vn -0.777 0.622 -0.0971
vn -0.777 -0.622 -0.0971
vn -0.8799 0.4703 -0.0682
vn -0.757 0.645 -0.1044
vn -0.4706 0.8693 -0.1515
vn -0.1233 -0.982 -0.1429
vn -0.1063 -0.9806 -0.1649
vn -0.7064 0.7024 -0.087
vn -0.8927 -0.0492 -0.448
vn -0.7281 -0.4847 -0.4847
vn -0.7863 -0.5988 -0.1519
vn -0.7876 -0.6095 -0.0905
vn -0.7106 0.0372 -0.7026
vn -0.824 -0.086 -0.56
vn -0.7863 -0.1519 -0.5988
vn -0.662 -0.0418 -0.7483
vn -0.7352 0.6093 -0.297
vn -0.686 0.3571 -0.634
vn -0.6614 0.0616 -0.7475
vn -0.8888 -0.0595 -0.4544
vn -0.7069 -0.5001 -0.5001
vn -0.7352 -0.6093 -0.297
vn -0.7071 0.0061 -0.7071
vn -0.686 -0.3571 -0.634
vn -0.7761 -0.1681 -0.6078
vn -0.6511 -0.0478 -0.7575
vn -0.2464 0.9532 -0.1754
vn -0.3134 0.9431 -0.111
vn -0.4703 0.8188 -0.3292
vn -0.223 0.9542 -0.1993
vn -0.6953 0.1822 -0.6953
vn -0.3629 0.0056 -0.9318
vn -0.352 0.1668 -0.921
vn -0.1318 -0.9825 -0.1318
vn -0.6648 0.1895 -0.7226
vn -0.5813 0.4762 -0.6598
vn -0.6394 0.5853 -0.4986
vn -0.6347 0.5866 -0.5032
vn -0.7002 0.692 -0.1758
vn -0.7307 0.611 -0.3045
vn -0.6715 0.3676 -0.6434
vn -0.4838 0.2514 -0.8383
vn -0.7112 0.3153 -0.6283
vn -0.6996 -0.0148 -0.7144
vn -0.3128 0.8792 -0.3595
vn -0.2983 0.4554 -0.8389
vn -0.5381 0.6103 -0.5813
vn -0.6957 0.0996 -0.7114
vn -0.7071 0 -0.7071
vn -0.921 -0.1668 0.352
vn -0.7648 -0.0455 0.6427
vn -0.1754 -0.9532 0.2464
vn -0.1881 -0.9453 0.2667
vn -0.1762 -0.9394 0.2941
vn -0.0824 -0.1467 0.9858
vn -0.0893 -0.0736 0.9933
vn -0.6552 0.1065 0.7479
vn -0.4792 0.0569 0.8758
vn -0.6261 -0.074 0.7762
vn -0.1055 0.0429 0.9935
vn -0.7375 0.6486 0.1879
vn -0.8384 0.3606 0.4086
vn -0.9462 0.1294 0.2965
vn -0.7382 0.6398 0.2136
vn -0.6953 0.6953 0.1822
vn -0.6921 0.7019 0.1682
vn -0.1122 0.1122 0.9873
vn -0.6371 -0.4557 0.6217
vn -0.6365 -0.2068 0.7431
vn -0.6644 -0.1139 0.7387
vn -0.2068 -0.6365 0.7431
vn -0.4557 -0.6371 0.6217
vn -0.1895 -0.6648 0.7226
vn -0.2002 -0.6579 0.726
vn -0.5189 -0.5189 0.6794
vn -0.4513 -0.3602 0.8164
vn -0.6875 0.0679 0.723
vn -0.7024 0.0434 0.7104
vn -0.6095 0.0905 0.7876
vn -0.684 0.1606 0.7116
vn -0.1767 0.9233 0.341
vn -0.3022 0.6231 0.7214
vn -0.2455 0.8365 0.4899
vn -0.1753 0.7808 0.5997
vn -0.5736 0.4861 0.6593
vn -0.5782 0.5013 0.6437
vn -0.8539 -0.2999 0.4254
vn -0.7819 -0.3239 0.5327
vn -0.6471 -0.4494 0.6159
vn -0.726 -0.084 0.6826
vn -0.7354 -0.5665 0.3717
vn -0.6608 -0.6483 0.3783
vn -0.5556 -0.534 0.6373
vn -0.7046 -0.0839 0.7046
vn -0.8833 -0.1005 0.4579
vn -0.716 0.0721 0.6943
vn -0.7046 0.0839 0.7046
vn -0.6587 0.4878 0.5728
vn -0.6273 0.4616 0.6273
vn -0.6227 0.4616 0.6318
vn -0.8597 0.4825 0.1678
vn -0.7363 0.6569 0.1624
vn -0.6889 0.7083 0.1543
vn 0 -0.9954 0.0957
vn 0 -0.9817 0.1905
vn 0 -0.1905 0.9817
vn -0.0073 -0.0085 0.9999
vn -0.2252 0.8731 0.4324
vn -0.1156 0.6495 0.7515
vn -0.0582 0.6222 0.7807
vn -0.156 0.6615 0.7335
vn -0.7893 -0.4346 0.4337
vn -0.6941 -0.6576 0.293
vn -0.6306 -0.6017 0.4902
vn -0.5702 -0.5913 0.5702
vn -0.5859 -0.5599 0.5859
vn -0.4066 -0.4447 0.798
vn -0.4532 -0.5981 0.6609
vn -0.293 -0.6576 0.6941
vn -0.0676 0.1612 0.9846
vn -0.0663 0.0809 0.9945
vn -0.0826 -0.0503 0.9953
vn -0.1333 -0.0909 0.9869
vn -0.2158 -0.0176 0.9763
vn -0.3551 -0.1625 0.9206
vn -0.6125 -0.2184 0.7597
vn -0.9949 -0.0715 0.0715
vn -0.9983 -0.0186 0.0555
vn -0.9747 -0.098 0.2007
vn -0.962 -0.0808 0.261
vn -0.9809 0.081 0.1766
vn -0.777 0.0971 0.622
vn -0.9812 -0.0843 0.1734
vn -0.7764 -0.1043 0.6215
vn -0.7042 -0.0901 0.7042
vn -0.8622 -0.484 0.1493
vn -0.6826 -0.5427 0.4893
vn -0.7517 -0.2095 0.6254
vn -0.8649 0.4767 0.157
vn -0.9713 0.1872 0.147
vn -0.0838 0.993 0.0838
vn -0.0234 0.9982 0.0556
vn -0.2363 0.2716 0.9329
vn -0.0162 -0.9997 -0.0162
vn -0.7001 0.7141 -0.0041
vn -0.5454 0.8263 0.1406
vn -0.684 0.7116 0.1606
vn -0.5736 0.6593 0.4861
vn -0.3022 0.7214 0.6231
vn -0.3629 0.9318 0.0056
vn -0.1593 0.816 0.5557
vn -0.3046 0.396 0.8663
vn -0.6196 -0.5382 0.5714
vn -0.6261 -0.5649 0.5375
vn -0.4689 -0.8631 0.1875
vn -0.2905 -0.948 0.1302
vn -0.5259 -0.6843 0.5051
vn -0.633 -0.5104 0.5821
vn -0.9544 -0.2112 0.2112
vn -0.8114 -0.2339 0.5357
vn -0.8127 -0.5381 0.2237
vn -0.9991 0.016 0.0392
vn -0.9959 0.0871 0.0231
vn -0.997 -0.0552 0.0552
vn -0.8666 0.4656 0.1796
vn -0.9842 -0.068 0.1635
vn -0.9735 -0.168 0.155
vn -0.0234 0.9982 -0.0556
vn -0.0501 -0.994 -0.097
vn -0.6969 0.6969 -0.1693
vn -0.6495 0.5997 -0.4675
vn -0.2058 0.1836 -0.9612
vn -0.2087 0.6281 -0.7496
vn -0.4939 0.433 -0.754
vn -0.2523 0.2523 -0.9342
vn -0.2263 -0.972 -0.0628
vn -0.0838 0.993 -0.0838
vn -0.1767 0.341 -0.9233
vn -0.9318 -0.0056 -0.3629
vn -0.921 -0.1668 -0.352
vn -0.0676 -0.9846 -0.1612
vn -0.1637 -0.0066 -0.9865
vn -0.155 -0.168 -0.9735
vn -0.137 -0 -0.9906
vn -0.6078 0.1681 -0.7761
vn -0.7575 0.0478 -0.6511
vn -0.6689 0.4384 -0.6003
vn -0.1681 0.6078 -0.7761
vn -0.4923 0.625 -0.6058
vn -0.2109 0.7674 -0.6055
vn -0.189 0.6169 -0.764
vn -0.1847 0.4614 -0.8678
vn -0.4544 0.0595 -0.8888
vn -0.5001 0.5001 -0.7069
vn -0.1971 -0.8582 -0.474
vn -0.4816 -0.6839 -0.548
vn -0.3153 -0.7112 -0.6283
vn -0.3177 -0.7206 -0.6163
vn -0.2127 -0.5808 -0.7858
vn -0.2619 -0.4748 -0.8402
vn -0.5736 0.6593 -0.4861
vn -0.698 0.7117 -0.0797
vn -0.5866 -0.6347 -0.5032
vn -0.7024 -0.7064 -0.087
vn -0.5853 -0.6394 -0.4986
vn -0.9842 0.1635 -0.068
vn -0.9932 0.0821 -0.0821
vn -0.9842 0.068 -0.1635
vn -0.9932 -0.0821 -0.0821
vn -0.9842 -0.068 -0.1635
vn -0.6273 -0.6273 -0.4616
vn -0.5989 -0.6034 -0.5265
vn -0.5685 -0.5685 -0.5947
vn -0.8732 0.4871 -0.017
vn -0.9954 0.0957 -0
vn -0.9954 -0.0957 -0
vn -0.7046 0.7046 -0.0839
vn -0.5284 -0.583 -0.6172
vn -0.431 -0.431 -0.7928
vn -0.2218 -0.6843 -0.6947
vn -0.9999 0.0085 -0.0073
vn -0.9909 0.0953 -0.0953
vn -0.9909 -0.0953 -0.0953
vn -0.6149 0.6469 -0.4511
vn -0.594 0.6163 -0.5171
vn -0.5406 0.6447 -0.5406
vn -0.4884 0.7727 -0.4054
vn -0.6936 -0.179 -0.6977
vn -0.692 -0.1758 -0.7002
vn -0.6178 -0.2823 -0.7339
vn -0.3153 -0.6283 -0.7112
vn -0.2514 -0.8383 -0.4838
vn -0.5866 -0.5032 -0.6347
vn -0.5853 -0.4986 -0.6394
vn -0.7557 -0.1901 -0.6267
vn -0.9918 0.0402 -0.1216
vn -0.917 -0.33 -0.2239
vn -0.777 0.0971 -0.622
vn -0.6587 0.4878 -0.5728
vn -0.7046 0.0839 -0.7046
vn -0.6273 0.4616 -0.6273
vn -0.777 -0.0971 -0.622
vn -0.7046 -0.0839 -0.7046
vn -0.6587 -0.4878 -0.5728
vn -0.6273 -0.4616 -0.6273
vn -0.4134 0.8113 -0.4134
vn -0.0976 -0.9853 -0.1404
vn -0.7663 0.0788 -0.6376
vn -0.6457 0.4966 -0.5801
vn -0.7002 0.0766 -0.7098
vn -0.6149 0.4511 -0.6469
vn -0.7482 -0.0294 -0.6628
vn -0.8951 -0.1082 -0.4324
vn -0.716 0.0721 -0.6943
vn -0.6227 -0.4616 -0.6318
vn -0.073 -0.9857 -0.1519
vn -0.6244 0.4263 -0.6545
vn -0.4354 0.3924 -0.8102
vn -0.573 0.5174 -0.6356
vn -0.4365 0.3421 -0.8321
vn -0.9638 0 -0.2666
vn -0.5396 0.5297 -0.6544
vn -0.1703 0.0321 -0.9849
vn -0.1476 -0.058 -0.9874
vn -0.0871 -0.0231 -0.9959
vn -0.5472 -0.4477 0.7072
vn -0.7564 -0.0262 0.6536
vn -0.5174 -0.573 0.6356
vn -0.423 -0.4306 0.7973
vn -0.4571 -0.0378 0.8886
vn -0.3509 -0.3569 0.8657
vn -0.0923 0.0392 0.995
vn -0.6953 0.1822 0.6953
vn -0.9262 0.0188 0.3765
vn -0.921 0.1668 0.352
vn -0.176 0.9442 0.2783
vn -0.1754 0.9532 0.2464
vn -0.111 0.9431 0.3134
vn -0.3214 0.8139 0.4841
vn -0.1515 0.0148 0.9884
vn -0.6179 -0.4177 0.6662
vn -0.6078 -0.1681 0.7761
vn -0.6114 -0.0831 0.7869
vn -0.1681 -0.6078 0.7761
vn -0.4451 -0.5951 0.6692
vn -0.1817 -0.6608 0.7283
vn -0.1292 -0.6092 0.7825
vn -0.5001 -0.5001 0.7069
vn -0.6171 0.0744 0.7833
vn -0.5626 0.46 0.6869
vn -0.698 0.5869 0.4104
vn -0.6971 0.5749 0.4285
vn -0.6149 0.4511 0.6469
vn -0.6202 0.1501 0.77
vn -0.3591 0.0912 0.9288
vn -0.256 -0.8385 0.481
vn -0.3022 -0.6231 0.7214
vn -0.1767 -0.9233 0.341
vn -0.0838 -0.0838 0.993
vn -0.0396 -0.0718 0.9966
vn -0.0718 -0.0072 0.9974
vn -0.1262 0.1007 0.9869
vn -0.9162 0.3724 0.1483
vn -0.921 0.352 0.1668
vn -0.4513 0.8855 0.1104
vn -0.0808 0.9935 0.0808
vn -0.1063 0.1649 0.9806
vn -0.1403 0.1827 0.9731
vn -0.4762 -0.5813 0.6598
vn -0.4698 -0.6096 0.6385
vn -0.1762 0.9394 0.2941
vn -0.5977 0.7306 0.3302
vn -0.5591 -0.4998 0.6615
vn -0.4418 -0.4119 0.797
vn -0.5128 -0.5229 0.6809
vn -0.5115 -0.5115 0.6904
vn -0.3843 -0.4433 0.8098
vn -0.7002 0.0766 0.7098
vn -0.698 -0.0797 0.7117
vn -0.5782 -0.5013 0.6437
vn -0.5736 -0.4861 0.6593
vn -0.6095 0.7876 0.0905
vn -0.6111 0.7804 0.1326
vn -0.3246 0.9399 0.1063
vn -0.0556 0.9982 0.0234
vn -0.0237 -0.0403 0.9989
vn -0.0905 0.6095 0.7876
vn -0.1909 0.6282 0.7543
vn -0.1063 0.3246 0.9399
vn -0.5406 -0.5406 0.6447
vn -0.5041 -0.5871 0.6334
vn -0.6029 -0.4384 0.6666
vn -0.4498 -0.4239 0.7861
vn -0.3932 -0.3428 0.8532
vn -0.3421 -0.4365 0.8321
vn -0.118 0.4714 0.874
vn -0.1118 0.3026 0.9465
vn -0.0896 0.0552 0.9944
vn -0.0994 -0.0454 0.994
vn -0.3658 -0.3421 0.8655
vn -0.3114 -0.3179 0.8955
vn -0.0162 0.9997 0.0162
vn 0 -1 -0
vn -0.2376 0.1514 0.9595
vn -0.5043 0.5043 0.7009
vn -0.6574 0.0292 0.7529
vn -0.9969 -0.0604 0.0501
vn -0.9851 -0.0133 0.1712
vn -0.8208 -0.2358 0.5204
vn -0.5261 -0.4553 0.7183
vn -0.0162 0.9997 -0.0162
vn -0.0234 -0.9982 -0.0556
vn -0.9699 -0.1807 -0.1633
vn -0.0556 0.9982 -0.0234
vn -0.0667 -0.9894 -0.1291
vn -0.6405 -0.0424 -0.7668
vn -0.6254 -0.2095 -0.7517
vn -0.1955 0.7529 -0.6284
vn -0.1668 0.921 -0.352
vn -0.2095 0.6254 -0.7517
vn -0.5346 0.4721 -0.701
vn -0.4908 0.0074 -0.8712
vn -0.7396 -0.5304 -0.4143
vn -0.6292 -0.5496 -0.5496
vn -0.854 -0.4626 -0.238
vn -0.7151 -0.6254 -0.3123
vn -0.6444 -0.5543 -0.5269
vn -0.3595 -0.8792 -0.3128
vn -0.6598 -0.5813 -0.4762
vn -0.7643 -0.4294 -0.4811
vn -0.5909 -0.6247 -0.5105
vn -0.6107 0.7906 -0.0448
vn -0.684 0.7116 -0.1606
vn -0.6095 0.7876 -0.0905
vn -0.3246 0.9399 -0.1063
vn -0.0872 0.9962 -0.0072
vn -0.6929 -0.7145 -0.0967
vn -0.6477 -0.6591 -0.3821
vn -0.692 -0.7002 -0.1758
vn -0.7243 -0.6723 -0.1531
vn -0.6106 0.7919 -0
vn -0.0957 0.9954 -0
vn -0.6706 -0.7345 -0.1035
vn -0.478 -0.8626 -0.1655
vn -0.5813 -0.6598 -0.4762
vn -0.4135 -0.8112 -0.4135
vn -0.4754 -0.8108 -0.3415
vn -0.5685 -0.5947 -0.5685
vn -0.6171 0.7833 -0.0744
vn -0.1055 0.9935 -0.0429
vn -0.583 -0.5284 -0.6172
vn -0.5389 -0.5607 -0.6287
vn -0.6595 -0.2036 -0.7236
vn -0.6398 -0.2136 -0.7382
vn -0.2237 -0.5381 -0.8127
vn -0.5626 0.6869 -0.46
vn -0.6202 0.77 -0.1501
vn -0.346 0.9223 -0.1722
vn -0.5241 0.6713 -0.5241
vn -0.5685 0.5947 -0.5685
vn -0.698 0.4104 -0.5869
vn -0.2097 -0.8091 -0.549
vn -0.1828 -0.9452 -0.2704
vn -0.1327 -0.9474 -0.2913
vn -0.1754 -0.9532 -0.2464
vn -0.7549 -0.1999 -0.6246
vn -0.111 -0.9431 -0.3134
vn -0.0777 -0.1798 -0.9806
vn -0.0682 -0.4703 -0.8799
vn -0.0874 -0.196 -0.9767
vn -0.6186 -0.1925 -0.7617
vn -0.7002 -0.0766 -0.7098
vn -0.6149 -0.4511 -0.6469
vn -0.0306 -0.9893 -0.1426
vn -0.0144 -0.9847 -0.1739
vn -0.4031 0.3608 -0.841
vn -0.5287 0.5287 -0.664
vn -0.639 0.0456 -0.7679
vn -0.2047 0.0086 -0.9788
vn -0.6628 -0.0294 -0.7482
vn -0.4614 -0.2818 -0.8412
vn -0.6943 0.0721 -0.716
vn -0.7026 0.0372 -0.7106
vn -0.6227 0.4616 -0.6318
vn -0.6744 -0.0139 -0.7383
vn -0.5813 -0.4762 -0.6598
vn -0.4983 -0.3948 -0.7719
vn -0.4839 -0.2579 -0.8363
vn -0.4779 -0.3207 -0.8178
vn -0.6778 0.1562 -0.7185
vn -0.1993 0.9542 -0.223
vn -0.7129 0.0798 -0.6967
vn -0.487 -0.0582 -0.8715
vn -0.1739 0.1152 -0.978
vn -0.2072 -0.0927 -0.9739
vn -0.3834 0.1056 -0.9175
vn -0.4768 0.3803 -0.7925
vn -0.3676 0.3964 -0.8413
vn -0.1802 0.3498 -0.9193
vn -0.4005 0.2976 -0.8666
vn -0.5869 -0.698 0.4104
vn -0.5244 -0.5114 0.6807
vn -0.46 -0.5626 0.6869
vn -0.1543 -0.6986 0.6986
vn -0.1203 -0.6152 0.7792
vn -0.1721 -0.3361 0.926
vn -0.1501 -0.6202 0.77
vn -0.0501 -0.097 0.994
vn -0.1122 -0.1122 0.9873
vn -0.0235 0.0712 0.9972
vn -0.1414 0.8665 0.4787
vn -0.1044 0.645 0.757
vn -0.1246 0.7007 0.7025
vn -0.4647 -0.5668 0.6803
vn -0.3511 -0.4462 0.8232
vn -0.0995 -0.3517 0.9308
vn -0.0234 -0.0556 0.9982
vn -0.0162 0.0162 0.9997
vn -0.0556 0.0234 0.9982
vn -0.464 0.3435 0.8165
vn -0.6107 0.0448 0.7906
vn -0.0872 0.0072 0.9962
vn -0.6107 -0.0448 0.7906
vn -0.0872 -0.0072 0.9962
vn -0.684 -0.1606 0.7116
vn -0.6095 -0.0905 0.7876
vn -0.3246 -0.1063 0.9399
vn -0.0556 -0.0234 0.9982
vn -0.4681 0.0157 0.8835
vn -0.0667 0.9894 0.1291
vn -0.6246 0.0602 0.7786
vn -0.6254 0.2095 0.7517
vn -0.4511 -0.6149 0.6469
vn -0.0769 -0.6351 0.7686
vn -0.1246 -0.7007 0.7025
vn -0.5728 0.7077 0.4136
vn -0.3956 0.7664 0.506
vn -0.441 0.6346 0.6346
vn -0.4495 0.5689 0.6887
vn -0.1543 0.6986 0.6986
vn -0.1428 0.9146 0.3784
vn -0.4599 -0.5359 0.708
vn -0.1428 -0.9146 0.3784
vn 0 1 -0
vn -0.0072 -0.9962 0.0872
vn -0.0144 -0.9847 0.1739
vn -0.0874 -0.196 0.9767
vn -0.1 -0.075 0.9922
vn -0.1111 0.0468 0.9927
vn -0.6282 0.1909 0.7543
vn -0.612 0 0.7908
vn -0.095 0.0162 0.9953
vn -0.4725 -0.3707 0.7996
vn -0.3793 -0.1634 0.9108
vn -0.064 -0.1114 0.9917
vn -0.2149 -0.3707 0.9035
vn -0.0507 0 0.9987
vn -0.9766 -0.096 -0.1927
vn -0.9655 0.0023 -0.2603
vn -0.9939 0 -0.11
vn -0.7779 -0.0678 -0.6248
vn -0.7606 -0.121 -0.6378
vn -0.1845 -0.1265 -0.9747
vn -0.1992 -0.0994 -0.9749
vn -0.6961 -0.0651 -0.715
vn -0.8693 0.0511 -0.4916
vn -0.4416 -0.351 -0.8257
vn -0.64 -0.0911 -0.7629
vn -0.8749 -0.2213 -0.4308
vn -0.9011 -0.1651 -0.401
vn -0.6007 -0.5205 -0.6068
vn -0.8142 -0.3876 -0.4322
vn -0.8441 -0.3442 -0.4112
vn -0.6068 -0.6007 -0.5205
vn -0.7482 -0.4771 -0.4611
vn -0.5297 -0.5989 -0.6006
vn -0.5406 -0.6447 -0.5406
vn -0.4941 -0.7608 -0.4208
vn -0.3292 -0.8188 -0.4703
vn -0.4762 -0.6598 -0.5813
vn -0.1035 -0.7345 -0.6706
vn -0.0967 -0.7145 -0.6929
vn -0.122 0.9872 -0.1024
vn -0.0665 0.9956 -0.0665
vn -0.6169 -0.189 -0.764
vn -0.6078 -0.1681 -0.7761
vn -0.6013 -0.4512 -0.6594
vn -0.4236 -0.6242 -0.6564
vn -0.1681 -0.6078 -0.7761
vn -0.1462 -0.623 -0.7684
vn -0.5001 -0.5001 -0.7069
vn -0.4614 -0.1847 -0.8678
vn -0.7529 -0.1955 -0.6284
vn -0.4721 -0.5346 -0.701
vn -0.4407 0.7916 -0.4234
vn -0.3651 0.8621 -0.3514
vn -0.3514 0.8621 -0.3651
vn -0.4234 0.7916 -0.4407
vn -0.159 -0.8446 -0.5112
vn -0.1044 -0.645 -0.757
vn -0.1108 -0.633 -0.7662
vn -0.081 -0.1766 -0.9809
vn -0.068 -0.1635 -0.9842
vn -0.5171 0.6163 -0.594
vn -0.0591 -0.9908 -0.1215
vn -0.0532 -0.9826 -0.178
vn -0.6167 -0 -0.7872
vn -0.5472 0.4477 -0.7072
vn -0.5472 -0.4477 -0.7072
vn -0.7024 -0.047 -0.7102
vn -0.6963 -0.0122 -0.7176
vn -0.6661 -0.0959 -0.7396
vn -0.4787 -0.1414 -0.8665
vn -0.5668 -0.4647 -0.6803
vn -0.3292 0.8188 -0.4703
vn -0.0662 -0.9914 -0.1131
vn -0.1482 0.1482 -0.9778
vn -0.1472 0.6215 -0.7694
vn -0.5115 0.5115 -0.6904
vn -0.4118 0.3097 -0.857
vn -0.6219 0.0075 -0.783
vn -0.1154 0 -0.9933
vn -0.3735 -0.2848 -0.8829
vn -0.4657 -0.0487 -0.8836
vn -0.5626 0.46 -0.6869
vn -0.753 0.05 -0.6561
vn -0.698 0.5869 -0.4104
vn -0.6971 0.5749 -0.4285
vn -0.3591 0.0912 -0.9288
vn -0.6202 0.1501 -0.77
vn -0.9577 0.0259 -0.2865
vn -0.1754 0.9532 -0.2464
vn -0.111 0.9431 -0.3134
vn -0.2867 -0.4525 -0.8444
vn -0.2854 -0.8774 -0.3856
vn -0.6848 -0.5767 -0.4455
vn -0.0759 0.0693 -0.9947
vn -0.1032 0.0366 -0.994
vn -0.0871 0.0231 -0.9959
vn -0.9577 -0.0259 -0.2865
vn -0.1297 0.9106 -0.3925
vn -0.1613 0.4954 -0.8535
vn -0.1428 0.9146 -0.3784
vn -0.1148 0 -0.9934
vn -0.069 0 -0.9976
vn -0.5988 -0.1519 0.7863
vn -0.7512 -0.0377 0.659
vn -0.1519 -0.5988 0.7863
vn -0.0905 -0.6095 0.7876
vn -0.1734 -0.6134 0.7705
vn -0.448 -0.0492 0.8927
vn -0.4847 -0.4847 0.7281
vn -0.1605 0.0033 0.987
vn -0.7582 0.0897 0.6459
vn -0.1063 0.9806 0.1649
vn -0.0676 0.9846 0.1612
vn -0.0501 0.994 0.097
vn -0.155 0.168 0.9735
vn -0.441 -0.6346 0.6346
vn -0.3444 -0.4722 0.8115
vn -0.0912 -0.3591 0.9288
vn -0.0234 0.0556 0.9982
vn -0.3435 0.464 0.8165
vn -0.4511 0.6149 0.6469
vn -0.0912 0.3591 0.9288
vn -0.4142 -0.4391 0.7973
vn -0.2918 -0.3667 0.8834
vn -0.344 -0.3637 0.8657
vn -0.0665 -0.0665 0.9956
vn -0.0766 -0.1194 0.9899
vn -0.0162 -0.0162 0.9997
vn 0 0 1
vn -0.0808 -0.0808 0.9935
vn -0.1063 -0.3246 0.9399
vn -0.1044 -0.645 0.757
vn -0.1414 -0.8665 0.4787
vn -0.3214 -0.8139 0.4841
vn -0.3862 0.7209 0.5754
vn -0.1558 0.9182 0.3642
vn -0.3598 0.6 0.7145
vn -0.1558 -0.9182 0.3642
vn -0.3994 -0.71 0.58
vn -0.3701 -0.5897 0.7178
vn -0.0234 -0.9982 0.0556
vn -0.0667 -0.9894 0.1291
vn -0.6254 -0.2095 0.7517
vn -0.6246 -0.0602 0.7786
vn -0.4681 -0.0157 0.8835
vn -0.0821 -0.0821 0.9932
vn -0.0682 -0.4703 0.8799
vn -0.6187 -0.1719 -0.7666
vn -0.5174 -0.573 -0.6356
vn -0.4093 -0.3811 -0.829
vn -0.1895 -0.6648 -0.7226
vn -0.4054 -0.7727 -0.4884
vn -0.4511 -0.6469 -0.6149
vn -0.1618 -0.7026 -0.6929
vn -0.132 -0.7049 -0.697
vn -0.1515 -0.8693 -0.4706
vn -0.1024 0.9872 -0.122
vn -0.0501 0.994 -0.097
vn -0.1946 -0.6273 -0.754
vn -0.5129 -0.5129 -0.6884
vn -0.5869 0.4104 -0.698
vn -0.1501 0.77 -0.6202
vn -0.1722 0.9223 -0.346
vn -0.1203 0.7792 -0.6152
vn -0.1618 0.7026 -0.6929
vn -0.46 0.6869 -0.5626
vn -0.4511 0.6469 -0.6149
vn -0.4054 0.7727 -0.4884
vn -0.132 0.7049 -0.697
vn -0.0468 -0.9927 -0.1111
vn -0.6215 0.1472 -0.7694
vn -0.4184 0.3027 -0.8564
vn -0.6259 0.0194 -0.7797
vn -0.1843 0.0437 -0.9819
vn -0.4546 -0.3421 -0.8224
vn -0.151 -0.0234 -0.9883
vn -0.3591 -0.0912 -0.9288
vn -0.1196 0.0072 -0.9928
vn -0.1291 -0.0667 -0.9894
vn -0.1111 0.0468 -0.9927
vn -0.1291 0.0667 -0.9894
vn -0.6107 0.0448 -0.7906
vn -0.464 0.3435 -0.8165
vn -0.1034 0.0235 -0.9944
vn -0.6106 0 -0.7919
vn -0.1118 -0.0162 -0.9936
vn -0.6107 -0.0448 -0.7906
vn -0.1426 -0.0306 -0.9893
vn -0.5515 -0.4222 -0.7195
vn -0.1422 0.0616 -0.9879
vn -0.3405 -0.0056 -0.9402
vn -0.1515 0.8693 -0.4706
vn -0.145 0.7575 -0.6366
vn -0.1261 0.1517 -0.9804
vn -0.1858 0.7537 -0.6305
vn -0.4756 0.1289 -0.8702
vn -0.1604 0 -0.9871
vn -0.1946 -0.6273 0.754
vn -0.5129 -0.5129 0.6884
vn -0.4866 -0.0543 0.872
vn -0.4889 0.0686 0.8696
vn -0.3956 -0.7664 0.506
vn -0.5977 -0.7306 0.3302
vn -0.5728 -0.7077 0.4136
vn -0.1327 -0.9474 0.2913
vn -0.111 -0.9431 0.3134
vn -0.1063 -0.1649 0.9806
vn -0.0569 -0.4792 0.8758
vn -0.0429 -0.1055 0.9935
vn -0.0667 -0.1291 0.9894
vn -0.0667 0.1291 0.9894
vn -0.0429 0.1055 0.9935
vn -0.5633 0.6128 0.5541
vn -0.5749 0.6971 0.4285
vn -0.5869 0.698 0.4104
vn -0.46 0.5626 0.6869
vn -0.0744 0.6171 0.7833
vn -0.0782 0.913 0.4005
vn -0.1501 0.6202 0.77
vn -0.5734 -0.6014 0.5564
vn -0.0782 -0.913 0.4005
vn -0.0744 -0.6171 0.7833
vn -0.1638 -0.3437 0.9247
vn -0.1024 -0.122 0.9872
vn -0.6092 -0.1292 0.7825
vn -0.7582 -0.0897 0.6459
vn -0.9262 -0.0188 0.3765
vn -0.1063 -0.9806 0.1649
vn -0.0429 -0.9935 0.1055
vn -0.0532 -0.9826 0.178
vn -0.1515 -0.0148 0.9884
vn -0.0923 -0.0392 0.995
vn -0.4546 0.3421 0.8224
vn -0.7564 0.0262 0.6536
vn -0.5472 0.4477 0.7072
vn -0.4571 0.0378 0.8886
vn -0.3735 0.2848 0.8829
vn -0.9638 0 0.2666
vn -0.9349 0.1587 0.3176
vn -0.9349 -0.1587 0.3176
vn -0.1812 -0.161 0.9702
vn -0.1609 0.1853 0.9694
vn -0.0805 0 0.9968
vn -0.0162 -0.9997 0.0162
vn -0.6122 0.0667 0.7879
vn -0.6135 -0.0864 0.785
vn -0.4552 -0.0503 0.889
vn -0.0429 -0.9935 -0.1055
vn -0.7596 -0.1455 -0.6339
vn -0.0973 -0.1457 -0.9845
vn -0.4719 -0.1347 -0.8713
vn -0.6234 -0.1506 -0.7673
vn -0.3615 -0.225 -0.9048
vn -0.4762 -0.5813 -0.6598
vn -0.3344 -0.4014 -0.8527
vn -0.4616 -0.6227 -0.6318
vn -0.4616 -0.6273 -0.6273
vn -0.4616 -0.6318 -0.6227
vn -0.3207 -0.8178 -0.4779
vn -0.6273 -0.1946 -0.754
vn -0.0971 -0.622 -0.777
vn -0.0912 0.9288 -0.3591
vn -0.3435 0.8165 -0.464
vn -0.0831 -0.6114 -0.7869
vn -0.4616 0.6318 -0.6227
vn -0.4616 0.6273 -0.6273
vn -0.0235 -0.9944 -0.1034
vn -0.6122 0.0667 -0.7879
vn -0.1055 0.0429 -0.9935
vn -0.1055 -0.0429 -0.9935
vn -0.4719 0.0108 -0.8816
vn -0.3571 0.634 -0.686
vn -0.4878 0.5728 -0.6587
vn -0.625 0.053 -0.7789
vn -0.1303 0.6172 -0.7759
vn -0.6196 0.1645 -0.7675
vn -0.6503 0.1 -0.7531
vn -0.1047 0.1378 -0.9849
vn -0.0971 0.622 -0.777
vn -0.3883 0.5365 -0.7493
vn -0.3735 0.2848 -0.8829
vn -0.9453 0.0783 -0.3168
vn -0.1558 0.9182 -0.3642
vn -0.0782 0.913 -0.4005
vn -0.0345 0 -0.9994
vn -0.768 -0.0667 0.637
vn -0.6273 -0.1946 0.754
vn -0.7575 -0.0478 0.6511
vn -0.0971 -0.622 0.777
vn -0.0831 -0.6114 0.7869
vn -0.4544 -0.0595 0.8888
vn -0.7652 0.0802 0.6387
vn -0.9318 0.0056 0.3629
vn -0.0532 0.9826 0.178
vn -0.0429 0.9935 0.1055
vn -0.068 0.1635 0.9842
vn -0.6134 -0.1734 0.7705
vn -0.0448 -0.6107 0.7906
vn -0.0753 -0.6066 0.7915
vn -0.081 -0.1766 0.9809
vn -0.0954 -0.6506 0.7534
vn -0.159 -0.8446 0.5112
vn -0.062 -0.6253 0.7779
vn -0.0129 -0.6224 0.7826
vn 0 -0.0957 0.9954
vn 0 0.0957 0.9954
vn 0 0.6106 0.7919
vn 0 0.901 0.4338
vn 0 -0.901 0.4338
vn 0 -0.6106 0.7919
vn -0.0072 -0.0872 0.9962
vn -0.0163 -0.0796 0.9967
vn -0.6215 -0.1043 0.7764
vn -0.092 -0.0985 0.9909
vn -0.7499 -0.0622 0.6586
vn -0.4721 -0.5346 0.701
vn 0 -0.9954 -0.0957
vn 0 -0.9817 -0.1905
vn -0.0072 -0.1822 -0.9832
vn 0 -0.1905 -0.9817
vn -0.0448 -0.6107 -0.7906
vn -0.1532 -0.3882 -0.9087
vn -0.4511 -0.6149 -0.6469
vn -0.4133 -0.4602 -0.7857
vn -0.3598 -0.4826 -0.7986
vn -0.0766 -0.7002 -0.7098
vn -0.0839 -0.7046 -0.7046
vn -0.3948 -0.7719 -0.4983
vn -0.0766 -0.7098 -0.7002
vn -0.047 -0.7102 -0.7024
vn -0.1414 -0.8665 -0.4787
vn -0.0129 -0.6224 -0.7826
vn 0 -0.6106 -0.7919
vn -0.0667 0.9894 -0.1291
vn -0.0429 0.9935 -0.1055
vn -0.5749 0.4285 -0.6971
vn -0.0744 0.7833 -0.6171
vn -0.0839 0.7046 -0.7046
vn -0.6122 -0.0667 -0.7879
vn -0.0162 0.1118 -0.9936
vn 0 0.6106 -0.7919
vn -0.0556 0.0234 -0.9982
vn -0.4546 0.3421 -0.8224
vn -0.0872 0.0072 -0.9962
vn -0.0957 0 -0.9954
vn -0.7536 -0.0303 -0.6566
vn -0.0923 0.0392 -0.995
vn -0.4571 -0.0378 -0.8886
vn -0.7475 0.0616 -0.6614
vn -0.7581 0.0802 -0.6472
vn -0.6093 0.297 -0.7352
vn -0.0831 0.6114 -0.7869
vn -0.463 0.0704 -0.8836
vn 0 0.901 -0.4338
vn 0 0 -1
vn 0 0.9817 0.1905
vn 0 0.9954 0.0957
vn 0 0.1905 0.9817
vn 0 -0.7071 -0.7071
vn 0 0.9954 -0.0957
vn 0 0.7919 -0.6106
vn 0 0.7071 -0.7071
vn 0 0.0957 -0.9954
vn -0.0162 0.0162 -0.9997
vn -0.0872 -0.0072 -0.9962
vn -0.0556 -0.0234 -0.9982
vn -0.0163 0.0796 -0.9967
vn 0.0182 -0.5958 0.8029
vn 0.0433 0.0126 0.999
vn 0.0532 0.9826 0.178
vn 0.0429 0.9935 0.1055
vn 0.0532 0.178 0.9826
vn 0.0162 0.9997 0.0162
vn 0.0162 0.9997 -0.0162
vn 0.0429 0.9935 -0.1055
vn 0.0667 0.7879 -0.6122
vn 0.047 0.7102 -0.7024
vn 0.0122 0.7176 -0.6963
vn 0.0884 -0.6154 0.7832
vn 0.0833 -0.7316 0.6766
vn 0.0574 -0.3939 0.9174
vn 0.0866 0.0089 0.9962
vn 0.8796 0.3363 0.3363
vn 0.6363 0.663 0.3943
vn 0.5099 0.5909 0.6252
vn 0.5941 0.381 0.7085
vn 0.1063 0.9806 0.1649
vn 0.1053 0.9244 0.3665
vn 0.1545 0.2571 0.9539
vn 0.1063 0.1649 0.9806
vn 0.0551 -0.1633 0.985
vn 0.0667 0.9894 0.1291
vn 0.0234 0.9982 0.0556
vn 0.062 -0.6253 0.7779
vn 0.0129 -0.6224 0.7826
vn 0.0163 -0.0796 0.9967
vn 0.0556 0.0234 0.9982
vn 0.0872 0.0072 0.9962
vn 0.092 -0.0985 0.9909
vn 0.0072 -0.1822 -0.9832
vn 0.0448 -0.6107 -0.7906
vn 0.0766 -0.7002 -0.7098
vn 0.0839 -0.7046 -0.7046
vn 0.0766 -0.7098 -0.7002
vn 0.047 -0.7102 -0.7024
vn 0.0234 0.9982 -0.0556
vn 0.0129 -0.6224 -0.7826
vn 0.0667 0.9894 -0.1291
vn 0.4477 0.7072 -0.5472
vn 0.4647 0.6803 -0.5668
vn 0.3198 0.8223 -0.4708
vn 0.2848 0.8829 -0.3735
vn 0.1035 0.7345 -0.6706
vn 0.0839 0.7046 -0.7046
vn 0.0162 0.1118 -0.9936
vn 0.0556 0.0234 -0.9982
vn 0.0872 0.0072 -0.9962
vn 0.0957 0 -0.9954
vn 0.0872 -0.0072 -0.9962
vn 0.0556 -0.0234 -0.9982
vn 0.0162 -0.0162 -0.9997
vn 0.0162 0.0162 -0.9997
vn 0.0429 0.1055 -0.9935
vn 0.0744 0.6171 -0.7833
vn 0.9571 -0.024 0.2887
vn 0.5019 0.5443 0.6722
vn 0.2854 0.8774 0.3856
vn 0.2302 0.529 0.8168
vn 0.0782 -0.913 0.4005
vn 0.1754 -0.7481 0.64
vn 0.1558 -0.9182 0.3642
vn 0.0759 -0.0693 0.9947
vn 0.0871 -0.0231 0.9959
vn 0.0448 -0.6107 0.7906
vn 0.0731 -0.7255 0.6843
vn 0.0819 -0.5677 0.8191
vn 0.1025 -0.0981 0.9899
vn 0.1966 -0.6011 0.7746
vn 0.0676 0.9846 0.1612
vn 0.0501 0.994 0.097
vn 0.4696 0.6696 0.5754
vn 0.2349 0.3811 0.8942
vn 0.1753 0.5997 0.7808
vn 0.159 -0.8446 0.5112
vn 0.0954 -0.6506 0.7534
vn 0.0569 -0.4792 0.8758
vn 0.0429 -0.1055 0.9935
vn 0.0162 -0.0162 0.9997
vn 0.0162 0.0162 0.9997
vn 0.0429 0.1055 0.9935
vn 0.0744 0.6171 0.7833
vn 0.0782 0.913 0.4005
vn 0.0744 -0.6171 0.7833
vn 0.0072 -0.0872 0.9962
vn 0.0429 -0.9935 0.1055
vn 0.0532 -0.9826 0.178
vn 0.068 -0.1635 0.9842
vn 0.0923 -0.0392 0.995
vn 0.1291 0.0667 0.9894
vn 0.6107 0.0448 0.7906
vn 0.4546 0.3421 0.8224
vn 0.5472 0.4477 0.7072
vn 0.6122 0.0667 0.7879
vn 0.3591 0.0912 0.9288
vn 0.6215 -0.1043 0.7764
vn 0.6135 -0.0864 0.785
vn 0.6254 -0.2095 0.7517
vn 0.7499 -0.0622 0.6586
vn 0.921 -0.1668 0.352
vn 0.4721 -0.5346 0.701
vn 0.0805 0 0.9968
vn 0.0162 -0.9997 0.0162
vn 0.0162 -0.9997 -0.0162
vn 0.0429 -0.9935 -0.1055
vn 0.0532 -0.9826 -0.178
vn 0.0973 -0.1457 -0.9845
vn 0.068 -0.1635 -0.9842
vn 0.1532 -0.3882 -0.9087
vn 0.4762 -0.5813 -0.6598
vn 0.4133 -0.4602 -0.7857
vn 0.4511 -0.6149 -0.6469
vn 0.4616 -0.6227 -0.6318
vn 0.3598 -0.4826 -0.7986
vn 0.4616 -0.6273 -0.6273
vn 0.4616 -0.6318 -0.6227
vn 0.4762 -0.6598 -0.5813
vn 0.4511 -0.6469 -0.6149
vn 0.3948 -0.7719 -0.4983
vn 0.3207 -0.8178 -0.4779
vn 0.0501 0.994 -0.097
vn 0.1044 -0.645 -0.757
vn 0.1414 -0.8665 -0.4787
vn 0.081 -0.1766 -0.9809
vn 0.0682 -0.4703 -0.8799
vn 0.0971 -0.622 -0.777
vn 0.0912 0.9288 -0.3591
vn 0.1124 0.784 -0.6105
vn 0.1429 0.7377 -0.6598
vn 0.3421 0.8224 -0.4546
vn 0.0831 -0.6114 -0.7869
vn 0.0777 -0.1798 -0.9806
vn 0.0874 -0.196 -0.9767
vn 0.3293 0.821 -0.4664
vn 0.0235 -0.9944 -0.1034
vn 0.0144 -0.9847 -0.1739
vn 0.4511 0.6469 -0.6149
vn 0.4699 0.6188 -0.6296
vn 0.4762 0.6598 -0.5813
vn 0.1047 0.1378 -0.9849
vn 0.0971 0.622 -0.777
vn 0.1291 0.0667 -0.9894
vn 0.6122 0.0667 -0.7879
vn 0.5472 0.4477 -0.7072
vn 0.4546 0.3421 -0.8224
vn 0.6107 0.0448 -0.7906
vn 0.3591 0.0912 -0.9288
vn 0.6106 0 -0.7919
vn 0.6122 -0.0667 -0.7879
vn 0.6107 -0.0448 -0.7906
vn 0.5472 -0.4477 -0.7072
vn 0.4546 -0.3421 -0.8224
vn 0.3591 -0.0912 -0.9288
vn 0.1055 -0.0429 -0.9935
vn 0.1291 -0.0667 -0.9894
vn 0.1055 0.0429 -0.9935
vn 0.1122 0.1122 -0.9873
vn 0.5174 0.573 -0.6356
vn 0.5244 0.5114 -0.6807
vn 0.5869 0.698 -0.4104
vn 0.46 0.5626 -0.6869
vn 0.1501 0.6202 -0.77
vn 0.1721 0.3361 -0.926
vn 0.0782 0.913 -0.4005
vn 0.0345 0 -0.9994
vn 0.9492 0 0.3148
vn 0.0905 -0.6095 0.7876
vn 0.1297 -0.9106 0.3925
vn 0.1428 -0.9146 0.3784
vn 0.1915 0.1701 0.9666
vn 0.1841 -0.1208 0.9754
vn 0.1503 -0.0547 0.9871
vn 0.1603 0.0463 0.986
vn 0.5977 0.3302 0.7306
vn 0.5165 0.5627 0.6455
vn 0.118 0.874 0.4714
vn 0.1762 0.2941 0.9394
vn 0.3888 0.3203 0.8639
vn 0.5728 -0.7077 0.4136
vn 0.5977 -0.7306 0.3302
vn 0.3956 -0.7664 0.506
vn 0.441 -0.6346 0.6346
vn 0.111 -0.9431 0.3134
vn 0.1327 -0.9474 0.2913
vn 0.3214 -0.8139 0.4841
vn 0.1063 -0.1649 0.9806
vn 0.0912 -0.3591 0.9288
vn 0.0667 -0.1291 0.9894
vn 0.0234 -0.0556 0.9982
vn 0.0234 0.0556 0.9982
vn 0.0667 0.1291 0.9894
vn 0.5869 0.698 0.4104
vn 0.5749 0.6971 0.4285
vn 0.4511 0.6149 0.6469
vn 0.5633 0.6128 0.5541
vn 0.46 0.5626 0.6869
vn 0.3862 0.7209 0.5754
vn 0.0912 0.3591 0.9288
vn 0.1501 0.6202 0.77
vn 0.5128 -0.5229 0.6809
vn 0.5869 -0.698 0.4104
vn 0.5734 -0.6014 0.5564
vn 0.5174 -0.573 0.6356
vn 0.3994 -0.71 0.58
vn 0.46 -0.5626 0.6869
vn 0.1501 -0.6202 0.77
vn 0.1638 -0.3437 0.9247
vn 0.1024 -0.122 0.9872
vn 0.0665 -0.0665 0.9956
vn 0.0986 -0.3172 0.9432
vn 0.1014 -0.037 0.9942
vn 0.0875 -0.0554 0.9946
vn 0.9262 -0.0188 0.3765
vn 0.7582 -0.0897 0.6459
vn 0.0667 -0.9894 0.1291
vn 0.1063 -0.9806 0.1649
vn 0.1357 -0.1357 0.9814
vn 0.1515 -0.0148 0.9884
vn 0.7564 0.0262 0.6536
vn 0.6246 -0.0602 0.7786
vn 0.3735 0.2848 0.8829
vn 0.4571 0.0378 0.8886
vn 0.1754 -0.9532 0.2464
vn 0.9349 -0.1587 0.3176
vn 0.9349 0.1587 0.3176
vn 0.9638 0 0.2666
vn 0.1609 0.1853 0.9694
vn 0.1812 -0.161 0.9702
vn 0.0234 -0.9982 0.0556
vn 0.1055 0.0429 0.9935
vn 0.0821 -0.0821 0.9932
vn 0.4552 -0.0503 0.889
vn 0.0682 -0.4703 0.8799
vn 0.0234 -0.9982 -0.0556
vn 0.0667 -0.9894 -0.1291
vn 0.6187 -0.1719 -0.7666
vn 0.6254 -0.2095 -0.7517
vn 0.921 -0.1668 -0.352
vn 0.7596 -0.1455 -0.6339
vn 0.1063 -0.9806 -0.1649
vn 0.4719 -0.1347 -0.8713
vn 0.1357 -0.1357 -0.9814
vn 0.6234 -0.1506 -0.7673
vn 0.4093 -0.3811 -0.829
vn 0.3615 -0.225 -0.9048
vn 0.1895 -0.6648 -0.7226
vn 0.3344 -0.4014 -0.8527
vn 0.1618 -0.7026 -0.6929
vn 0.132 -0.7049 -0.697
vn 0.0967 -0.7145 -0.6929
vn 0.1035 -0.7345 -0.6706
vn 0.0665 0.9956 -0.0665
vn 0.1327 -0.9474 -0.2913
vn 0.1024 0.9872 -0.122
vn 0.7529 -0.1955 -0.6284
vn 0.7557 -0.1901 -0.6267
vn 0.111 -0.9431 -0.3134
vn 0.1754 -0.9532 -0.2464
vn 0.4656 -0.1796 -0.8666
vn 0.6078 -0.1681 -0.7761
vn 0.6169 -0.189 -0.764
vn 0.6196 -0.185 -0.7628
vn 0.6273 -0.1946 -0.754
vn 0.5129 -0.5129 -0.6884
vn 0.4127 0.803 -0.43
vn 0.5287 0.664 -0.5287
vn 0.3367 0.8263 -0.4516
vn 0.3426 0.8693 -0.3563
vn 0.1681 -0.6078 -0.7761
vn 0.1946 -0.6273 -0.754
vn 0.4614 -0.1847 -0.8678
vn 0.5001 -0.5001 -0.7069
vn 0.1246 0.7103 -0.6927
vn 0.0468 -0.9927 -0.1111
vn 0.1843 0.0437 -0.9819
vn 0.4184 0.3027 -0.8564
vn 0.151 -0.0234 -0.9883
vn 0.1215 -0.0591 -0.9908
vn 0.3735 -0.2848 -0.8829
vn 0.1279 0.6716 -0.7298
vn 0.3742 0.3748 -0.8482
vn 0.6215 0.1472 -0.7694
vn 0.6078 0.1681 -0.7761
vn 0.6503 0.1 -0.7531
vn 0.6196 0.1645 -0.7675
vn 0.3883 0.5365 -0.7493
vn 0.3735 0.2848 -0.8829
vn 0.4574 0.3994 -0.7945
vn 0.423 0.4306 -0.7973
vn 0.4245 0.4627 -0.7783
vn 0.3509 0.3569 -0.8657
vn 0.9453 0.0783 -0.3168
vn 0.9638 0 -0.2666
vn 0.1858 0.7537 -0.6305
vn 0.1558 0.9182 -0.3642
vn 0.069 0 -0.9976
vn 0.3444 -0.4722 0.8115
vn 0.1543 -0.6986 0.6986
vn 0.1203 -0.6152 0.7792
vn 0.0501 -0.097 0.994
vn 0.0235 0.0712 0.9972
vn 0.3435 0.464 0.8165
vn 0.0582 0.6222 0.7807
vn 0.1246 0.7007 0.7025
vn 0.4599 -0.5359 0.708
vn 0.5115 -0.5115 0.6904
vn 0.3843 -0.4433 0.8098
vn 0.4647 -0.5668 0.6803
vn 0.4142 -0.4391 0.7973
vn 0.344 -0.3637 0.8657
vn 0.2918 -0.3667 0.8834
vn 0.0766 -0.1194 0.9899
vn 0.0744 -0.0742 0.9945
vn 0.0485 -0.0162 0.9987
vn 0.0705 -0.0382 0.9968
vn 0.1149 -0.0297 0.9929
vn 0.0824 0.9858 0.1467
vn 0.0808 0.9935 0.0808
vn 0.2252 0.4155 0.8813
vn 0.1414 -0.8665 0.4787
vn 0.1044 -0.645 0.757
vn 0.0769 -0.6351 0.7686
vn 0.1246 -0.7007 0.7025
vn 0.1558 0.9182 0.3642
vn 0.1543 0.6986 0.6986
vn 0.1428 0.9146 0.3784
vn 0.3598 0.6 0.7145
vn 0.1817 -0.6608 0.7283
vn 0.3701 -0.5897 0.7178
vn 0.0556 0.9982 0.0234
vn 0.0072 -0.9962 0.0872
vn 0.0144 -0.9847 0.1739
vn 0.0874 -0.196 0.9767
vn 0.1 -0.075 0.9922
vn 0.4681 -0.0157 0.8835
vn 0.1111 0.0468 0.9927
vn 0.095 0.0162 0.9953
vn 0.064 -0.1114 0.9917
vn 0.069 0 0.9976
vn 0.0507 0 0.9987
vn 0.0556 0.9982 -0.0234
vn 0.0501 -0.994 -0.097
vn 0.0872 0.9962 -0.0072
vn 0.0676 -0.9846 -0.1612
vn 0.1845 -0.1265 -0.9747
vn 0.155 -0.168 -0.9735
vn 0.4416 -0.351 -0.8257
vn 0.0957 0.9954 -0
vn 0.6007 -0.5205 -0.6068
vn 0.5174 -0.573 -0.6356
vn 0.5297 -0.5989 -0.6006
vn 0.5406 -0.6447 -0.5406
vn 0.4054 -0.7727 -0.4884
vn 0.3292 -0.8188 -0.4703
vn 0.1055 0.9935 -0.0429
vn 0.1515 -0.8693 -0.4706
vn 0.122 0.9872 -0.1024
vn 0.159 -0.8446 -0.5112
vn 0.1462 -0.623 -0.7684
vn 0.4721 -0.5346 -0.701
vn 0.43 0.803 -0.4127
vn 0.4051 0.8196 -0.4051
vn 0.5115 0.6904 -0.5115
vn 0.3563 0.8693 -0.3426
vn 0.1108 -0.633 -0.7662
vn 0.3971 0.8195 -0.4131
vn 0.0591 -0.9908 -0.1215
vn 0.3282 0.8233 -0.4631
vn 0.0662 -0.9914 -0.1131
vn 0.1482 0.1482 -0.9778
vn 0.1472 0.6215 -0.7694
vn 0.5001 0.5001 -0.7069
vn 0.4118 0.3097 -0.857
vn 0.6167 -0 -0.7872
vn 0.6259 0.0194 -0.7797
vn 0.1131 -0.0662 -0.9914
vn 0.1111 -0.0468 -0.9927
vn 0.1034 -0.0235 -0.9944
vn 0.1118 0.0162 -0.9936
vn 0.1426 0.0306 -0.9893
vn 0.1288 0.1144 -0.985
vn 0.3682 0.2046 -0.907
vn 0.1213 0.6582 -0.743
vn 0.0909 0.4928 -0.8654
vn 0.1922 0.4066 -0.8932
vn 0.1681 0.6078 -0.7761
vn 0.1428 0.9146 -0.3784
vn 0.1148 0 -0.9934
vn 0.1604 0 -0.9871
vn 0.4756 0.1289 -0.8702
vn 0.5244 -0.5114 0.6807
vn 0.4698 -0.6096 0.6385
vn 0.1721 -0.3361 0.926
vn 0.1122 -0.1122 0.9873
vn 0.0923 0.0392 0.995
vn 0.1044 0.645 0.757
vn 0.1414 0.8665 0.4787
vn 0.0682 0.4703 0.8799
vn 0.3511 -0.4462 0.8232
vn 0.1292 -0.6092 0.7825
vn 0.0995 -0.3517 0.9308
vn 0.0893 -0.0736 0.9933
vn 0.0872 -0.0072 0.9962
vn 0.0556 -0.0234 0.9982
vn 0.0716 0.0393 0.9967
vn 0.1823 0.2186 0.9586
vn 0.1325 0.1566 0.9787
vn 0.921 0.352 0.1668
vn 0.9162 0.3724 0.1483
vn 0.1357 0.9814 0.1357
vn 0.4513 0.8855 0.1104
vn 0.1423 0.4043 0.9035
vn 0.1754 0.2464 0.9532
vn 0.4511 -0.6149 0.6469
vn 0.3421 -0.4365 0.8321
vn 0.4762 -0.5813 0.6598
vn 0.441 0.6346 0.6346
vn 0.3956 0.7664 0.506
vn 0.5977 0.7306 0.3302
vn 0.5728 0.7077 0.4136
vn 0.4495 0.5689 0.6887
vn 0.3214 0.8139 0.4841
vn 0.6111 0.7804 0.1326
vn 0.734 0.6449 0.2129
vn 0.9106 0.3925 0.1297
vn 0.6095 0.7876 0.0905
vn 0.3172 0.9432 0.0986
vn 0.0237 -0.0403 0.9989
vn 0.0838 0.0838 0.993
vn 0.612 0 0.7908
vn 0.6095 0.0905 0.7876
vn 0.6282 0.1909 0.7543
vn 0.6615 0.0359 0.7491
vn 0.3246 0.1063 0.9399
vn 0.4805 -0.3716 0.7944
vn 0.621 -0.4293 0.6558
vn 0.3793 -0.1634 0.9108
vn 0.2224 -0.3725 0.901
vn 0.0896 0.0552 0.9944
vn 0.0994 -0.0454 0.994
vn 0.0742 0.9945 0.0744
vn 0.0162 0.9987 0.0485
vn 0.0665 -0.9956 -0.0665
vn 0.0838 0.993 -0.0838
vn 0.1024 -0.9872 -0.122
vn 0.9939 0 -0.11
vn 0.9655 0.0023 -0.2603
vn 0.9766 -0.096 -0.1927
vn 0.6095 0.7876 -0.0905
vn 0.5988 0.7863 -0.1519
vn 0.6066 0.7915 -0.0753
vn 0.6107 0.7906 -0.0448
vn 0.3246 0.9399 -0.1063
vn 0.7104 -0.0434 -0.7024
vn 0.6953 -0.1822 -0.6953
vn 0.7779 -0.0678 -0.6248
vn 0.1992 -0.0994 -0.9749
vn 0.8881 0.0371 -0.4581
vn 0.6961 -0.0651 -0.715
vn 0.64 -0.0911 -0.7629
vn 0.9011 -0.1651 -0.401
vn 0.8749 -0.2213 -0.4308
vn 0.8142 -0.3876 -0.4322
vn 0.6598 -0.5813 -0.4762
vn 0.8441 -0.3442 -0.4112
vn 0.7243 -0.6723 -0.1531
vn 0.6106 0.7919 -0
vn 0.6068 -0.6007 -0.5205
vn 0.4754 -0.8108 -0.3415
vn 0.7482 -0.4771 -0.4611
vn 0.4941 -0.7608 -0.4208
vn 0.4135 -0.8112 -0.4135
vn 0.6239 0.7789 -0.0635
vn 0.6122 0.7879 -0.0667
vn 0.5685 -0.5947 -0.5685
vn 0.5389 -0.5607 -0.6287
vn 0.4214 0.8369 -0.3493
vn 0.5472 0.7072 -0.4477
vn 0.6595 -0.2036 -0.7236
vn 0.6013 -0.4512 -0.6594
vn 0.4236 -0.6242 -0.6564
vn 0.6398 -0.2136 -0.7382
vn 0.0306 -0.9893 -0.1426
vn 0.2047 0.0086 -0.9788
vn 0.4031 0.3608 -0.841
vn 0.4614 -0.2818 -0.8412
vn 0.1993 0.9542 -0.223
vn 0.3676 0.3964 -0.8413
vn 0.1802 0.3498 -0.9193
vn 0.5287 0.5287 -0.664
vn 0.5115 0.5115 -0.6904
vn 0.6927 -0.1246 -0.7103
vn 0.6105 -0.1124 -0.784
vn 0.6149 -0.4511 -0.6469
vn 0.464 -0.3435 -0.8165
vn 0.6595 0.1888 -0.7276
vn 0.5668 0.4647 -0.6803
vn 0.6111 0.1326 -0.7804
vn 0.4513 0.1104 -0.8855
vn 0.6757 0.2078 -0.7073
vn 0.9162 0.1483 -0.3724
vn 0.921 0.1668 -0.352
vn 0.111 0.9431 -0.3134
vn 0.1754 0.9532 -0.2464
vn 0.1357 0.1357 -0.9814
vn 0.9577 -0.0259 -0.2865
vn 0.1613 0.4954 -0.8535
vn 0.1297 0.9106 -0.3925
vn 0.7564 -0.0262 0.6536
vn 0.5472 -0.4477 0.7072
vn 0.4513 -0.3602 0.8164
vn 0.7024 0.0434 0.7104
vn 0.423 -0.4306 0.7973
vn 0.3509 -0.3569 0.8657
vn 0.4571 -0.0378 0.8886
vn 0.921 0.1668 0.352
vn 0.9262 0.0188 0.3765
vn 0.6953 0.1822 0.6953
vn 0.111 0.9431 0.3134
vn 0.1754 0.9532 0.2464
vn 0.176 0.9442 0.2783
vn 0.1515 0.0148 0.9884
vn 0.1357 0.1357 0.9814
vn 0.6114 -0.0831 0.7869
vn 0.6078 -0.1681 0.7761
vn 0.6179 -0.4177 0.6662
vn 0.7046 -0.0839 0.7046
vn 0.4451 -0.5951 0.6692
vn 0.1681 -0.6078 0.7761
vn 0.5001 -0.5001 0.7069
vn 0.6107 -0.0448 0.7906
vn 0.7002 -0.0766 0.7098
vn 0.464 -0.3435 0.8165
vn 0.6149 -0.4511 0.6469
vn 0.3591 -0.0912 0.9288
vn 0.1291 -0.0667 0.9894
vn 0.1055 -0.0429 0.9935
vn 0.0717 -0.0072 0.9974
vn 0.0717 0.0072 0.9974
vn 0.0808 0.0808 0.9935
vn 0.3982 0.8985 0.1847
vn 0.1623 0.6937 0.7017
vn 0.1109 0.9523 0.2844
vn 0.0756 0.8896 0.4505
vn 0.0824 0.1467 0.9858
vn 0.1895 -0.6648 0.7226
vn 0.2002 -0.6579 0.726
vn 0.1762 0.9394 0.2941
vn 0.5556 -0.534 0.6373
vn 0.4418 -0.4119 0.797
vn 0.5591 -0.4998 0.6615
vn 0.0231 0.9959 0.0871
vn 0.065 0.982 0.1772
vn 0.082 0.9721 0.2199
vn 0.0073 -0.0085 0.9999
vn 0.1909 0.6282 0.7543
vn 0.0905 0.6095 0.7876
vn 0.156 0.6615 0.7335
vn 0.1063 0.3246 0.9399
vn 0.7073 -0.6757 0.2078
vn 0.6969 -0.6512 0.3006
vn 0.8293 -0.3394 0.4439
vn 0.7194 -0.6652 0.1999
vn 0.4577 -0.4249 0.781
vn 0.7507 -0.4448 0.4885
vn 0.585 -0.5521 0.5942
vn 0.3997 -0.3437 0.8498
vn 0.3082 -0.6141 0.7266
vn 0.1948 -0.2587 0.9461
vn 0.1118 0.3026 0.9465
vn 0.118 0.4714 0.874
vn 0.0663 0.0809 0.9945
vn 0.0826 -0.0503 0.9953
vn 0.3114 -0.3179 0.8955
vn 0.3658 -0.3421 0.8655
vn 0.0462 0.9945 0.0936
vn 0.0768 0.9959 0.0486
vn 0 0.3148 0.9492
vn 0.5043 0.5043 0.7009
vn 0.2447 0.1593 0.9564
vn 0.8882 -0.1568 0.4319
vn 0.7459 -0.0074 0.6661
vn 0.9961 -0.0037 0.0878
vn 0.9893 -0.0859 0.1182
vn 0.4804 0.1531 0.8636
vn 0.7315 -0.6543 0.1918
vn 0.0893 0.9933 -0.0736
vn 0.0766 -0.9899 -0.1194
vn 0.2312 0.1151 -0.9661
vn 0.4328 0.1238 -0.893
vn 0.1895 0.0812 -0.9785
vn 0.974 -0.1663 -0.1536
vn 0.1063 0.9399 -0.3246
vn 0.1292 0.7825 -0.6092
vn 0.1734 0.7705 -0.6134
vn 0.1519 0.7863 -0.5988
vn 0.0905 0.7876 -0.6095
vn 0.6391 -0.0402 -0.7681
vn 0.707 -0.0204 -0.707
vn 0.1357 -0.9814 -0.1357
vn 0.4469 0.3091 -0.8395
vn 0.6346 0.441 -0.6346
vn 0.4136 0.5728 -0.7077
vn 0.3363 0.8796 -0.3363
vn 0.5973 0.4553 -0.6603
vn 0.7697 0.2996 -0.5638
vn 0.8602 -0.4542 -0.2319
vn 0.6292 -0.5496 -0.5496
vn 0.7396 -0.5304 -0.4143
vn 0.3595 -0.8792 -0.3128
vn 0.6444 -0.5543 -0.5269
vn 0.7151 -0.6254 -0.3123
vn 0.5909 -0.6247 -0.5105
vn 0.7643 -0.4294 -0.4811
vn 0.4847 0.7281 -0.4847
vn 0.1766 0.9809 -0.081
vn 0.692 -0.7002 -0.1758
vn 0.6477 -0.6591 -0.3821
vn 0.6929 -0.7145 -0.0967
vn 0.7024 -0.7064 -0.087
vn 0.1905 0.9817 -0
vn 0.6706 -0.7345 -0.1035
vn 0.7046 -0.7046 -0.0839
vn 0.478 -0.8626 -0.1655
vn 0.5813 -0.6598 -0.4762
vn 0.5989 -0.6034 -0.5265
vn 0.1925 0.98 -0.0509
vn 0.5685 -0.5685 -0.5947
vn 0.583 -0.5284 -0.6172
vn 0.431 -0.431 -0.7928
vn 0.2237 -0.5381 -0.8127
vn 0.4031 0.841 -0.3608
vn 0.1828 -0.9452 -0.2704
vn 0.2097 -0.8091 -0.549
vn 0.7549 -0.1999 -0.6246
vn 0.6186 -0.1925 -0.7617
vn 0.4144 0.8076 -0.4196
vn 0.073 -0.9857 -0.1519
vn 0.0976 -0.9853 -0.1404
vn 0.4365 0.3421 -0.8321
vn 0.4354 0.3924 -0.8102
vn 0.7002 0.0766 -0.7098
vn 0.6149 0.4511 -0.6469
vn 0.639 0.0456 -0.7679
vn 0.7071 0 -0.7071
vn 0.6628 -0.0294 -0.7482
vn 0.7046 -0.0839 -0.7046
vn 0.6929 -0.0967 -0.7145
vn 0.6273 -0.4616 -0.6273
vn 0.6227 -0.4616 -0.6318
vn 0.4494 0.4013 -0.7981
vn 0.4708 0.3198 -0.8223
vn 0.5599 0.5859 -0.5859
vn 0.5521 0.5942 -0.585
vn 0.6141 0.7266 -0.3082
vn 0.6512 0.3006 -0.6969
vn 0.3834 0.1056 -0.9175
vn 0.1476 -0.058 -0.9874
vn 0.2072 -0.0927 -0.9739
vn 0.1739 0.1152 -0.978
vn 0.573 0.5174 -0.6356
vn 0.4768 0.3803 -0.7925
vn 0.4005 0.2976 -0.8666
vn 0.5626 -0.46 -0.6869
vn 0.6171 -0.0744 -0.7833
vn 0.6971 -0.5749 -0.4285
vn 0.698 -0.5869 -0.4104
vn 0.6202 -0.1501 -0.77
vn 0.7024 0.047 -0.7102
vn 0.6171 -0.0744 0.7833
vn 0.5626 -0.46 0.6869
vn 0.6227 -0.4616 0.6318
vn 0.6971 -0.5749 0.4285
vn 0.698 -0.5869 0.4104
vn 0.6202 -0.1501 0.77
vn 0.459 -0.3156 0.8305
vn 0.3616 -0.0439 0.9313
vn 0.132 0.0096 0.9912
vn 0.9394 0.1762 0.2941
vn 0.6983 0.5965 0.3957
vn 0.6068 0.5205 0.6007
vn 0.8245 0.412 0.3879
vn 0.1467 0.0824 0.9858
vn 0.9532 0.1754 0.2464
vn 0.9705 0.1883 0.1503
vn 0.1153 0.9459 0.3033
vn 0.0798 0.6967 0.7129
vn 0.6644 -0.1139 0.7387
vn 0.6365 -0.2068 0.7431
vn 0.6364 -0.4679 0.6133
vn 0.6613 -0.1146 0.7413
vn 0.4535 -0.6481 0.6118
vn 0.2068 -0.6365 0.7431
vn 0.5189 -0.5189 0.6794
vn 0.6875 0.0679 0.723
vn 0.626 0.0269 0.7793
vn 0.684 0.1606 0.7116
vn 0.1753 0.7808 0.5997
vn 0.2455 0.8365 0.4899
vn 0.3022 0.6231 0.7214
vn 0.1767 0.9233 0.341
vn 0.5782 0.5013 0.6437
vn 0.5736 0.4861 0.6593
vn 0.726 -0.084 0.6826
vn 0.6471 -0.4494 0.6159
vn 0.7819 -0.3239 0.5327
vn 0.8539 -0.2999 0.4254
vn 0.6608 -0.6483 0.3783
vn 0.7354 -0.5665 0.3717
vn 0.7145 -0.0967 0.6929
vn 0.8833 -0.1005 0.4579
vn 0.7049 -0.132 0.697
vn 0.6273 -0.4616 0.6273
vn 0.7663 0.6274 0.1383
vn 0.9746 0.2038 0.0931
vn -0.8774 0.3856 0.2854
vn 0.9806 0.1649 0.1063
vn 0.9733 0.2136 0.0846
vn 0.0693 0.9947 0.0759
vn 0.0259 0.2865 0.9577
vn 0.0923 0.8169 0.5693
vn 0.0821 -0.9932 0.0821
vn 0.068 -0.9842 0.1635
vn 0.1156 0.6495 0.7515
vn 0.2252 0.8731 0.4324
vn 0.628 -0.6125 0.4801
vn 0.692 -0.7002 0.1758
vn 0.6936 -0.6977 0.179
vn 0.6595 -0.7236 0.2036
vn 0.5908 -0.6161 0.521
vn 0.5853 -0.6394 0.4986
vn 0.2619 -0.4748 0.8402
vn 0.3153 -0.7112 0.6283
vn 0.4532 -0.5981 0.6609
vn 0.0676 0.1612 0.9846
vn 0.0396 0.0718 0.9966
vn 0.0718 0.0072 0.9974
vn 0.1333 -0.0909 0.9869
vn 0.1638 -0.0178 0.9863
vn 0.6125 -0.2184 0.7597
vn 0.3551 -0.1625 0.9206
vn 0.2158 -0.0176 0.9763
vn 0.962 -0.0808 0.261
vn 0.9747 -0.098 0.2007
vn 0.9983 -0.0186 0.0555
vn 0.9949 -0.0715 0.0715
vn 0.77 0.6202 0.1501
vn 0.9604 0.2692 0.0718
vn 0.9458 0.3202 0.0543
vn 0.1531 0.9877 0.0323
vn 0.0893 -0.9933 -0.0736
vn 0.684 0.7116 0.1606
vn 0.5454 0.8263 0.1406
vn 0.7024 0.7104 -0.0434
vn 0.7021 0.712 -0.0072
vn 0.3629 0.9318 0.0056
vn 0.3022 0.7214 0.6231
vn 0.5736 0.6593 0.4861
vn 0.3098 0.4016 0.8618
vn 0.1593 0.816 0.5557
vn 0.6953 -0.6953 0.1822
vn 0.6398 -0.7382 0.2136
vn 0.6146 -0.5967 0.516
vn 0.5917 -0.6291 0.5041
vn 0.9959 0.0871 0.0231
vn 0.9991 0.016 0.0392
vn 0.997 -0.0552 0.0552
vn 0.7879 0.6144 0.0411
vn 0.8613 0.4963 0.1091
vn 0.6406 0.767 -0.0354
vn 0.7622 0.646 -0.0413
vn 0.4635 0.8851 0.0415
vn 0.6241 0.7782 -0.0707
vn 0.0824 -0.9858 -0.1467
vn 0.1762 -0.0335 -0.9838
vn 0.2203 0.1174 -0.9683
vn 0.6953 0.6953 -0.1822
vn 0.7002 0.692 -0.1758
vn 0.3642 0.9182 -0.1558
vn 0.2722 0.1486 -0.9507
vn 0.2001 -0.9642 0.1741
vn 0.1968 -0.9804 -0.0066
vn 0.1669 -0.986 -0.0033
vn 0.168 -0.9735 0.155
vn 0.3234 -0.7049 0.6313
vn 0.2096 -0.3032 0.9296
vn 0.1926 -0.275 0.942
vn 0.2551 -0.48 0.8394
vn 0.6273 0.754 -0.1946
vn 0.6078 0.7761 -0.1681
vn 0.4687 0.8765 -0.1098
vn 0.5001 0.7069 -0.5001
vn 0.1681 0.7761 -0.6078
vn 0.1946 0.754 -0.6273
vn 0.4816 -0.6839 -0.548
vn 0.1971 -0.8582 -0.474
vn 0.2619 -0.4748 -0.8402
vn 0.2127 -0.5808 -0.7858
vn 0.3177 -0.7206 -0.6163
vn 0.3153 -0.7112 -0.6283
vn 0.6365 0.7431 -0.2068
vn 0.6644 0.7387 -0.1139
vn 0.622 0.777 -0.0971
vn 0.5129 0.6884 -0.5129
vn 0.6953 -0.6953 -0.1822
vn 0.7042 -0.7042 -0.0901
vn 0.5853 -0.6394 -0.4986
vn 0.5866 -0.6347 -0.5032
vn 0.6963 0.7176 -0.0122
vn 0.9991 0.016 -0.0392
vn 0.9959 0.0871 -0.0231
vn 0.9997 -0.0023 -0.0261
vn 0.997 -0.0552 -0.0552
vn 0.9985 -0.047 -0.0276
vn 0.7071 0.7071 -0
vn 0.6273 -0.6273 -0.4616
vn 0.5945 -0.6078 -0.5264
vn 0.9983 0.0036 -0.0574
vn 0.9965 -0.0772 -0.0323
vn 0.7024 0.7102 -0.047
vn 0.5284 -0.6172 -0.583
vn 0.5284 -0.583 -0.6172
vn 0.5133 -0.5682 -0.6431
vn 0.2218 -0.6843 -0.6947
vn 0.77 0.6202 -0.1501
vn 0.7833 0.6171 -0.0744
vn 0.9985 0.021 -0.0506
vn 0.8251 -0.5647 -0.0186
vn 0.801 -0.5952 -0.0637
vn 0.4631 0.8233 -0.3282
vn 0.6178 -0.2823 -0.7339
vn 0.692 -0.1758 -0.7002
vn 0.6936 -0.179 -0.6977
vn 0.2514 -0.8383 -0.4838
vn 0.3153 -0.6283 -0.7112
vn 0.3885 -0.6317 -0.6709
vn 0.5853 -0.4986 -0.6394
vn 0.5866 -0.5032 -0.6347
vn 0.777 0.622 -0.0971
vn 0.9918 0.0402 -0.1216
vn 0.917 -0.33 -0.2239
vn 0.4215 0.8112 -0.4054
vn 0.1318 -0.9825 -0.1318
vn 0.1233 -0.982 -0.1429
vn 0.6457 0.4966 -0.5801
vn 0.7663 0.0788 -0.6376
vn 0.6715 0.3676 -0.6434
vn 0.8951 -0.1082 -0.4324
vn 0.7482 -0.0294 -0.6628
vn 0.7049 -0.132 -0.697
vn 0.7145 -0.0967 -0.6929
vn 0.5685 0.5947 -0.5685
vn 0.5947 0.5311 -0.6036
vn 0.5406 0.6447 -0.5406
vn 0.6648 0.1895 -0.7226
vn 0.5813 0.4762 -0.6598
vn 0.6244 0.4263 -0.6545
vn 0.6963 0.0122 -0.7176
vn 0.7046 0.0839 -0.7046
vn 0.6706 0.1035 -0.7345
vn 0.6957 0.0996 -0.7114
vn 0.5396 0.5297 -0.6544
vn 0.5381 0.6103 -0.5813
vn 0.3128 0.8792 -0.3595
vn 0.0871 -0.0231 -0.9959
vn 0.1703 0.0321 -0.9849
vn 0.7044 -0.0874 0.7044
vn 0.7277 0.1964 0.6572
vn 0.3128 0.8792 0.3595
vn 0.5563 0.7042 0.4412
vn 0.566 -0.5994 0.566
vn 0.3128 -0.8792 0.3595
vn 0.132 -0.0096 0.9912
vn 0.11 0 0.9939
vn 0.6587 -0.4878 0.5728
vn 0.7098 -0.0766 0.7002
vn 0.6425 -0.4176 0.6425
vn 0.6469 -0.4511 0.6149
vn 0.6469 0.6149 0.4511
vn 0.689 0.5842 0.4289
vn 0.726 0.6784 0.1127
vn 0.716 0.6822 0.1483
vn 0.6502 0.5051 0.5676
vn 0.9906 0 0.137
vn 0.9814 -0.1357 0.1357
vn 0.9842 -0.1635 0.068
vn 0.9976 0 0.069
vn 0.1635 -0.9842 0.068
vn 0.1357 -0.9814 0.1357
vn 0.137 0 0.9906
vn 0.9814 0.1357 0.1357
vn 0.8799 0.4703 0.0682
vn 0.4022 0.8264 0.3942
vn 0.1294 0.9462 0.2965
vn 0.2112 0.9544 0.2112
vn 0.2965 0.9462 0.1294
vn 0.4446 -0.3631 0.8189
vn 0.5913 -0.5702 0.5702
vn 0.3989 -0.7916 0.4629
vn 0.5437 -0.5659 0.6198
vn 0.5989 -0.6411 0.4799
vn 0.6576 -0.6941 0.293
vn 0.5976 -0.4655 0.6529
vn 0.6576 -0.293 0.6941
vn 0.4433 -0.1917 0.8756
vn 0.194 -0.0351 0.9804
vn 0.151 0.0234 0.9883
vn 0.1215 0.0591 0.9908
vn 0.9833 0.1645 0.0782
vn 0.7385 0.6529 0.1684
vn 0.7308 0.6638 0.159
vn 0.892 0.4443 0.083
vn 0.1948 0.0327 0.9803
vn 0.9732 0.2115 0.0908
vn 0.2887 0.9571 0.024
vn 0.5191 -0.0536 0.8531
vn 0.2323 0.0366 0.972
vn 0.3856 0.2854 -0.8774
vn 0.7705 -0.1734 0.6134
vn 0.7281 -0.4847 0.4847
vn 0.873 -0.4557 0.1738
vn 0.9735 -0.1583 0.1648
vn 0.7697 -0.5858 0.2537
vn 0.3724 -0.9162 0.1483
vn 0.7695 -0.6125 0.1809
vn 0.7863 -0.5988 0.1519
vn 0.8123 -0.1014 0.5743
vn 0.7863 -0.1519 0.5988
vn 0.7628 -0.6196 0.185
vn 0.686 -0.3571 0.634
vn 0.7655 0.6321 0.1203
vn 0.8534 0.4978 0.1546
vn 0.7237 0.6753 0.1422
vn 0.9842 -0.1635 -0.068
vn 0.9976 -0 -0.069
vn 0.1635 -0.9842 -0.068
vn 0.7762 0.6261 -0.074
vn 0.4254 0.8802 0.2104
vn 0.7515 0.6495 0.1156
vn 0.6427 0.7648 -0.0455
vn 0.1739 -0.8241 0.5392
vn 0.7232 0.6743 0.1496
vn 0.6967 0.7129 0.0798
vn 0.2865 0.9577 0.0259
vn 0.8209 0.5618 0.1025
vn 0.7517 -0.6254 0.2095
vn 0.9735 -0.155 0.168
vn 0.352 -0.921 0.1668
vn 0.6373 -0.748 0.1852
vn 0.8666 -0.4656 0.1796
vn 0.9689 0.2104 0.1304
vn 0.869 0.4856 0.0955
vn 0.9809 0.1135 0.1578
vn 0.6375 0.7603 0.1245
vn 0.168 0.9735 0.155
vn 0.1669 0.986 -0.0033
vn 0.2678 0.233 0.9349
vn 0.2136 0.1739 0.9613
vn 0.9814 -0.1357 -0.1357
vn 0.9906 -0 -0.137
vn 0.1515 -0.0148 -0.9884
vn 0.9842 0.1635 -0.068
vn 0.9814 0.1357 -0.1357
vn 0.352 0.921 -0.1668
vn 0.1649 0.1063 -0.9806
vn 0.921 -0.352 0.1668
vn 0.9341 -0.357 -0
vn 0.7071 -0.7071 -0
vn 0.137 -0.9906 -0
vn 0.1869 -0.2655 0.9458
vn 0.1754 -0.2464 0.9532
vn 0.176 -0.2783 0.9442
vn 0.1604 -0.5622 0.8113
vn 0.1659 -0 0.9861
vn 0.1649 0.1063 0.9806
vn 0.2203 0.1174 0.9683
vn 0.1951 -0 0.9808
vn 0.1649 -0.1063 0.9806
vn 0.2037 -0.1001 0.9739
vn 0.1612 0.7361 -0.6574
vn 0.2068 0.7431 -0.6365
vn 0.921 -0.352 -0.1668
vn 0.1615 -0.9736 -0.1615
vn 0.1993 -0.223 -0.9542
vn 0.1754 -0.2464 -0.9532
vn 0.1864 -0.2823 -0.941
vn 0.1948 -0.2587 -0.9461
vn 0.2112 -0.2112 -0.9544
vn 0.5189 0.6794 -0.5189
vn 0.4102 0.8282 -0.3819
vn 0.1762 0.0335 -0.9838
vn 0.155 0.168 -0.9735
vn 0.1515 0.0148 -0.9884
vn 0.2037 -0.1001 -0.9739
vn 0.1649 -0.1063 -0.9806
vn 0.5454 0.8263 -0.1406
vn 0.684 0.7116 -0.1606
vn 0.698 0.7117 -0.0797
vn 0.4335 0.8796 -0.1958
vn 0.7002 -0.7098 -0.0766
vn 0.7024 -0.7102 -0.047
vn 0.0871 0.9959 -0.0231
vn 0.0875 0.9946 -0.0554
vn 0.1103 0.9899 -0.0889
vn 0.9735 -0.155 -0.168
vn 0.7517 -0.6254 -0.2095
vn 0.7764 -0.6215 -0.1043
vn 0.9812 -0.1734 -0.0843
vn 0.352 -0.921 -0.1668
vn 0.3946 -0.915 -0.0838
vn 0.889 -0.4552 -0.0503
vn 0.6149 -0.6469 -0.4511
vn 0.4584 -0.812 -0.3613
vn 0.4717 -0.7615 -0.4446
vn 0.7166 0.6974 -0.0135
vn 0.9571 0.2887 -0.024
vn 0.8126 0.57 -0.1218
vn 0.3148 0.9492 -0
vn 0.3363 0.3363 0.8796
vn 0.3595 0.3128 -0.8792
vn 0.5582 0.5444 -0.6262
vn 0.4104 0.698 -0.5869
vn 0.7919 -0.6106 -0
vn 0.9817 -0.1905 -0
vn 0.6959 -0.7178 -0.0241
vn 0.785 -0.6135 -0.0864
vn 0.2273 -0.7896 -0.5699
vn 0.1648 -0.1583 -0.9735
vn 0.1971 -0.474 -0.8582
vn 0.168 -0.155 -0.9735
vn 0.6558 0.6808 -0.3262
vn 0.6969 0.6969 -0.1693
vn 0.7046 0.7046 -0.0839
vn 0.6869 0.5626 -0.46
vn 0.7915 -0.6066 -0.0753
vn 0.9809 -0.1766 -0.081
vn 0.777 -0.622 -0.0971
vn 0.6706 0.7345 -0.1035
vn 0.1499 -0.9782 -0.1434
vn 0.1534 -0.9735 -0.1697
vn 0.7042 0.7042 -0.0901
vn 0.7064 0.7024 -0.087
vn 0.7281 -0.4847 -0.4847
vn 0.7705 -0.1734 -0.6134
vn 0.7876 -0.6095 -0.0905
vn 0.7863 -0.5988 -0.1519
vn 0.7863 -0.1519 -0.5988
vn 0.824 -0.086 -0.56
vn 0.6587 -0.4878 -0.5728
vn 0.686 -0.3571 -0.634
vn 0.6273 0.553 -0.5484
vn 0.5813 0.6598 -0.4762
vn 0.1429 -0.982 -0.1233
vn 0.2704 0.1828 -0.9452
vn 0.4913 0.2588 -0.8316
vn 0.6347 0.5866 -0.5032
vn 0.6394 0.5853 -0.4986
vn 0.7307 0.611 -0.3045
vn 0.7112 0.3153 -0.6283
vn 0.4838 0.2514 -0.8383
vn 0.6273 0.4616 -0.6273
vn 0.487 0.0582 -0.8715
vn 0.7129 -0.0798 -0.6967
vn 0.6996 -0.0148 -0.7144
vn 0.2983 0.4554 -0.8389
vn 0.9959 0.0231 0.0871
vn 0.994 0.0366 0.1032
vn 0.9947 0.0693 0.0759
vn 0.3642 0.9182 0.1558
vn 0.4005 0.913 0.0782
vn 0.4285 -0.5749 0.6971
vn 0.3595 -0.8792 0.3128
vn 0.5977 0.1176 0.793
vn 0.2666 0 0.9638
vn 0.9772 -0.0183 0.2115
vn 0.972 -0.0366 0.2323
vn 0.9726 -0 0.2324
vn 0.9791 0.0072 0.2032
vn 0.5744 -0.5373 0.6175
vn 0.2622 -0.469 0.8434
vn 0.178 -0.0532 0.9826
vn 0.9817 0 0.1905
vn 0.9883 0.0234 0.151
vn 0.1905 0 0.9817
vn 0.9842 0.068 0.1635
vn 0.9901 0.0722 0.12
vn 0.178 0.0532 0.9826
vn 0.8892 0.4342 0.1443
vn 0.352 0.921 0.1668
vn 0.3581 0.9196 0.1613
vn 0.7869 -0.0831 0.6114
vn 0.7069 -0.5001 0.5001
vn 0.8678 -0.4614 0.1847
vn 0.9806 -0.0777 0.1798
vn 0.7352 -0.6093 0.297
vn 0.764 -0.6169 0.189
vn 0.7761 -0.6078 0.1681
vn 0.7761 -0.1681 0.6078
vn 0.7906 -0.0448 0.6107
vn 0.9832 -0.0072 0.1822
vn 0.9402 -0.0056 0.3405
vn 0.9859 0.0655 0.1538
vn 0.7096 -0.4234 0.5632
vn 0.9174 0.3939 0.0574
vn 0.8907 0.4438 0.0986
vn 0.6766 0.7316 0.0833
vn 0.7861 0.6055 0.1237
vn 0.1836 -0.7044 0.6856
vn 0.2357 -0.877 0.4186
vn 0.1988 -0.8105 0.5509
vn 0.2016 -0.6668 0.7175
vn 0.972 0.0366 0.2323
vn 0.9803 0.0327 0.1948
vn 0.9894 0.0667 0.1291
vn 0.9889 0.0558 0.1379
vn 0.9874 0.1118 0.1118
vn 0.9867 0.0257 0.1607
vn 0.642 0.7469 0.1733
vn 0.9767 -0.0874 0.196
vn 0.6267 -0.7557 0.1901
vn 0.6284 -0.7529 0.1955
vn 0.9767 0.0874 0.196
vn 0.7517 0.6254 0.2095
vn 0.6285 0.7717 0.0974
vn 0.653 0.7449 0.1369
vn 0.9807 0.1824 0.0699
vn 0.137 0.9906 0
vn 0.3363 -0.8796 0.3363
vn 0.1578 0.1135 0.9809
vn 0.5454 -0.8263 0.1406
vn 0.684 -0.7116 0.1606
vn 0.7 -0.7141 -0.0102
vn 0.7024 -0.7104 -0.0434
vn 0.5782 -0.6437 0.5013
vn 0.5736 -0.6593 0.4861
vn 0.2455 -0.4899 0.8365
vn 0.3022 -0.7214 0.6231
vn 0.9806 0.1063 0.1649
vn 0.9793 0.035 0.1992
vn 0.2722 0.1486 0.9507
vn 0.2312 0.1151 0.9661
vn 0.2285 0.109 0.9674
vn 0.9791 0 0.2032
vn 0.7764 0.6215 0.1043
vn 0.9948 0 0.1023
vn 0.2241 0 0.9746
vn 0.7764 -0.6215 0.1043
vn 0.1941 -0.1016 0.9757
vn 0.1895 0.0812 0.9785
vn 0.8619 0.4984 0.0938
vn 0.7303 0.6813 0.0503
vn 0.9683 0.249 -0.0188
vn 0.155 0.8344 -0.529
vn 0.2155 -0.1734 -0.961
vn 0.7779 0.6253 -0.062
vn 0.9954 0.0067 -0.0957
vn 0.2357 0.877 -0.4186
vn 0.2057 0.9037 -0.3756
vn 0.1836 0.7044 -0.6856
vn 0.2455 0.4899 -0.8365
vn 0.3022 0.7214 -0.6231
vn 0.1739 0.8241 -0.5392
vn 0.9821 -0.1649 -0.0915
vn 0.9858 -0.1467 -0.0824
vn 0.7603 0.6375 -0.1245
vn 0.9816 0.0132 -0.1905
vn 0.2008 0.0522 -0.9782
vn 0.1741 0.2001 -0.9642
vn 0.1941 -0.1016 -0.9757
vn 0.7073 0.6757 -0.2078
vn 0.6313 0.7049 -0.3234
vn 0.8727 0.4339 -0.2238
vn 0.7411 0.6604 -0.1215
vn 0.5736 0.6593 -0.4861
vn 0.5826 0.6253 -0.5193
vn 0.7826 -0.6224 -0.0129
vn 0.9883 -0.151 -0.0234
vn 0.993 -0.0838 -0.0838
vn 0.2442 0.9675 -0.0659
vn 0.1605 0.9808 -0.1107
vn 0.9767 -0.0874 -0.196
vn 0.9909 -0.092 -0.0985
vn 0.6586 -0.7499 -0.0622
vn 0.9847 0.0144 -0.1739
vn 0.9962 0.0072 -0.0872
vn 0.9691 0.1998 -0.1445
vn 0.9911 0.1212 -0.0554
vn 0.7802 0.6253 -0.0174
vn 0.8799 -0.4703 -0.0682
vn 0.9904 -0.1053 -0.0897
vn 0.4599 -0.8672 -0.1909
vn 0.7515 -0.6495 -0.1156
vn 0.9927 -0.0468 -0.1111
vn 0.9803 -0.0327 -0.1948
vn 0.9907 -0.0106 -0.136
vn 0.972 -0.0366 -0.2323
vn 0.9867 0.0257 -0.1607
vn 0.5291 0.831 -0.1718
vn 0.1455 0.9786 -0.1455
vn 0.2058 0.1836 -0.9612
vn 0.2523 0.2523 -0.9342
vn 0.3066 0.2832 -0.9087
vn 0.9954 -0.0957 -0
vn 0.9954 0.0957 -0
vn 0.7919 0.6106 -0
vn 0.9858 -0.0824 -0.1467
vn 0.2045 -0.9424 -0.2648
vn 0.2112 -0.9544 -0.2112
vn 0.2965 -0.9462 -0.1294
vn 0.1615 -0.1615 -0.9736
vn 0.2001 -0.1741 -0.9642
vn 0.9989 0.0142 -0.0458
vn 0.8976 0.4396 -0.0327
vn 0.6619 0.7474 -0.0579
vn 0.7869 -0.6114 -0.0831
vn 0.9932 -0.0821 -0.0821
vn 0.9954 0 -0.0957
vn 0.9932 0.0821 -0.0821
vn 0.7869 0.6114 -0.0831
vn 0.9971 0.0085 -0.0761
vn 0.1827 -0.9731 -0.1403
vn 0.2001 -0.9642 -0.1741
vn 0.7955 0.6019 -0.0699
vn 0.785 0.6135 -0.0864
vn 0.7069 -0.5001 -0.5001
vn 0.7869 -0.0831 -0.6114
vn 0.7352 -0.6093 -0.297
vn 0.7761 -0.6078 -0.1681
vn 0.7761 -0.1681 -0.6078
vn 0.7919 0 -0.6106
vn 0.7869 0.0831 -0.6114
vn 0.7069 0.5001 -0.5001
vn 0.6561 0.6164 -0.4354
vn 0.7761 0.6078 -0.1681
vn 0.7761 0.1681 -0.6078
vn 0.6567 0.4413 -0.6115
vn 0.1649 -0.9806 -0.1063
vn 0.2779 0.0304 -0.9601
vn 0.3033 -0.1153 -0.9459
vn 0.889 0.4552 -0.0503
vn 0.6586 0.7499 -0.0622
vn 0.2464 0.1754 -0.9532
vn 0.9809 -0.1135 0.1578
vn 0.9689 -0.2104 0.1304
vn 0.3363 0.8796 0.3363
vn 0.4102 -0.8282 0.3819
vn 0.57 -0.8108 0.1331
vn 0.2112 -0.9544 0.2112
vn 0.1979 -0.1934 0.961
vn 0.1578 -0.1135 0.9809
vn 0.8534 -0.4978 0.1546
vn 0.7301 -0.6667 0.1498
vn 0.7191 -0.693 -0.0516
vn 0.719 -0.6946 -0.0212
vn 0.4335 -0.8796 0.1958
vn 0.2167 0.1056 0.9705
vn 0.2324 0 0.9726
vn 0.2009 0.0778 0.9765
vn 0.1668 0.921 0.352
vn 0.2095 0.6254 0.7517
vn 0.1999 0.7549 0.6246
vn 0.1925 0.6186 0.7617
vn 0.889 -0.4552 0.0503
vn 0.9812 -0.1734 0.0843
vn 0.6586 -0.7499 0.0622
vn 0.207 -0.0485 0.9771
vn 0.1925 -0.0509 0.98
vn 0.207 0.0485 0.9771
vn 0.1925 0.0509 0.98
vn 0.6809 0.7165 0.1513
vn 0.6953 0.6953 0.1822
vn 0.7934 0.6074 0.0394
vn 0.4504 0.8835 -0.1292
vn 0.6721 0.7399 -0.0296
vn 0.2001 -0.1384 -0.97
vn 0.1811 -0.1284 -0.975
vn 0.1796 -0.1165 -0.9768
vn 0.1849 0.0498 0.9815
vn 0.168 0.155 0.9735
vn 0.2323 -0.0366 0.972
vn 0.7172 0.6934 0.0698
vn 0.7197 0.6941 0.0152
vn 0.785 -0.6135 0.0864
vn 0.1869 0.2655 -0.9458
vn 0.1999 0.6652 -0.7194
vn 0.1918 0.6543 -0.7315
vn 0.176 0.2783 -0.9442
vn 0.6398 0.7382 -0.2136
vn 0.537 0.8375 -0.1009
vn 0.1754 0.2464 -0.9532
vn 0.1604 0.5622 -0.8113
vn 0.168 -0.9735 -0.155
vn 0.7172 0.6934 -0.0698
vn 0.6863 0.725 -0.058
vn 0.4786 0.8718 -0.1048
vn 0.1925 -0.0509 -0.98
vn 0.207 -0.0485 -0.9771
vn 0.1798 0.0777 -0.9806
vn 0.196 0.0874 -0.9767
vn 0.5309 0.5726 -0.6248
vn 0.516 0.5967 -0.6146
vn 0.1999 0.7549 -0.6246
vn 0.1925 0.6186 -0.7617
vn 0.2095 0.6254 -0.7517
vn 0.2009 -0.0778 -0.9765
vn 0.2167 -0.1056 -0.9705
vn 0.2324 0 -0.9726
vn 0.2323 -0.0366 -0.972
vn 0.8534 0.4978 -0.1546
vn 0.8392 0.5296 -0.1235
vn 0.5096 0.8529 -0.1138
vn 0.9689 0.2104 -0.1304
vn 0.9809 0.1135 -0.1578
vn 0.1992 0.9749 -0.0994
vn 0.1357 0.9814 -0.1357
vn 0.3363 -0.8796 -0.3363
vn 0.1578 0.1135 -0.9809
vn 0.9884 -0.0148 0.1515
vn 0.8888 -0.4544 0.0595
vn 0.9993 -0.0314 0.0195
vn 0.7237 -0.6753 0.1422
vn 0.6511 -0.7575 0.0478
vn 0.9978 0.0357 0.0554
vn 0.9842 -0.068 0.1635
vn 0.9932 -0.0821 0.0821
vn 0.9967 0.0163 0.0796
vn 0.995 0.0923 0.0392
vn 0.9884 0.1515 0.0148
vn 0.357 0.9341 -0
vn 0.9906 -0.137 0
vn 0.9925 -0.0474 -0.1123
vn 0.3629 -0.9318 -0.0056
vn 0.1827 -0.1403 -0.9731
vn 0.9986 -0.0527 -0.0097
vn 0.9925 0.0474 0.1123
vn 0.9983 0.0323 0.0493
vn 0.7761 0.6078 0.1681
vn 0.7869 0.6114 0.0831
vn 0.9935 0.0429 -0.1055
vn 0.9873 0.1122 -0.1122
vn 0.8831 0.4662 -0.0524
vn 0.7656 0.6239 -0.1569
vn 0.5917 0.6291 -0.5041
vn 0.6424 0.7653 -0.0405
vn 0.6429 0.5791 -0.5013
vn 0.3234 0.7049 -0.6313
vn 0.2078 0.6757 -0.7073
vn 0.2551 0.48 -0.8394
vn 0.9842 -0.068 -0.1635
vn 0.178 -0.0532 -0.9826
vn 0.9826 0.0532 -0.178
vn 0.1635 0.068 -0.9842
vn 0.9806 0.1063 -0.1649
vn 0.1668 0.921 -0.352
vn 0.168 0.155 -0.9735
vn 0.1849 -0.0498 -0.9815
vn 0.7237 0.6753 -0.1422
vn 0.2323 0.0366 -0.972

# faces
f 1/1/1 2/1/2 3/1/3
f 1/1/1 3/1/3 4/1/4
f 3/1/3 2/1/5 5/1/6
f 3/1/3 5/1/6 6/1/7
f 3/1/9 6/1/10 7/1/11
f 3/1/9 7/1/11 4/1/8
f 1/2/1 4/2/4 9/2/13
f 1/2/1 9/2/13 8/2/12
f 9/2/15 10/2/16 11/2/16
f 9/2/15 11/2/16 8/2/14
f 9/2/17 4/2/8 7/2/11
f 9/2/17 7/2/11 10/2/18
f 13/3/20 2/3/21 1/3/1
f 13/3/20 1/3/1 12/3/19
f 13/3/23 14/3/24 5/3/6
f 13/3/23 5/3/6 2/3/22
f 15/3/25 14/3/26 13/3/27
f 15/3/25 13/3/27 12/3/28
f 12/3/19 1/3/1 8/3/12
f 12/3/19 8/3/12 16/3/29
f 17/3/30 15/3/25 12/3/28
f 17/3/30 12/3/28 16/3/31
f 16/4/29 8/4/12 19/4/33
f 16/4/29 19/4/33 18/4/32
f 19/4/34 8/4/14 11/4/35
f 19/4/34 11/4/35 20/4/11
f 18/5/32 19/5/33 22/5/37
f 18/5/32 22/5/37 21/5/36
f 22/5/37 23/5/38 24/5/39
f 22/5/37 24/5/39 21/5/36
f 22/5/40 19/5/34 20/5/11
f 22/5/40 20/5/11 23/5/10
f 26/2/42 16/2/29 18/2/32
f 26/2/42 18/2/32 25/2/41
f 26/2/44 27/2/44 17/2/44
f 26/2/44 17/2/44 16/2/43
f 28/6/45 25/6/41 18/6/32
f 28/6/45 18/6/32 21/6/36
f 28/6/45 21/6/36 24/6/39
f 28/6/45 24/6/39 29/6/46
f 31/2/20 26/2/42 25/2/41
f 31/2/20 25/2/41 30/2/47
f 31/2/48 32/2/44 27/2/44
f 31/2/48 27/2/44 26/2/44
f 33/2/49 32/2/30 31/2/50
f 33/2/49 31/2/50 30/2/51
f 34/6/52 30/6/47 25/6/41
f 34/6/52 25/6/41 28/6/45
f 34/6/52 28/6/45 29/6/46
f 34/6/52 29/6/46 35/6/53
f 33/6/49 30/6/51 34/6/55
f 33/6/49 34/6/55 35/6/54
f 36/2/56 37/2/57 38/2/57
f 36/2/56 38/2/57 6/2/56
f 38/2/58 39/2/58 40/2/58
f 38/2/58 40/2/58 6/2/58
f 37/2/59 36/2/60 41/2/61
f 37/2/59 41/2/61 42/2/62
f 38/2/63 37/2/63 42/2/64
f 38/2/63 42/2/64 39/2/65
f 5/3/6 43/3/66 36/3/67
f 5/3/6 36/3/67 6/3/68
f 36/3/60 43/3/66 44/3/69
f 36/3/60 44/3/69 41/3/70
f 7/1/11 6/1/10 40/1/40
f 7/1/11 40/1/40 45/1/34
f 10/2/16 46/2/14 47/2/15
f 10/2/16 47/2/15 11/2/16
f 10/2/35 7/2/11 45/2/34
f 10/2/35 45/2/34 46/2/14
f 48/5/71 23/5/72 49/5/73
f 48/5/71 49/5/73 50/5/73
f 50/5/75 51/5/76 52/5/77
f 50/5/75 52/5/77 48/5/74
f 49/5/78 23/5/78 53/5/78
f 49/5/78 53/5/78 54/5/78
f 50/5/79 49/5/79 54/5/80
f 50/5/79 54/5/80 51/5/80
f 55/7/81 56/7/82 57/7/83
f 55/7/81 57/7/83 58/7/84
f 57/7/85 56/7/86 59/7/87
f 57/7/85 59/7/87 60/7/88
f 57/7/90 60/7/91 61/7/92
f 57/7/90 61/7/92 58/7/89
f 55/5/81 58/5/84 63/5/94
f 55/5/81 63/5/94 62/5/93
f 63/5/96 64/5/97 65/5/98
f 63/5/96 65/5/98 62/5/95
f 63/5/99 58/5/89 61/5/92
f 63/5/99 61/5/92 64/5/100
f 66/8/101 67/8/2 68/8/3
f 66/8/101 68/8/3 69/8/84
f 68/8/3 67/8/102 70/8/103
f 68/8/3 70/8/103 71/8/104
f 68/8/106 71/8/107 72/8/108
f 68/8/106 72/8/108 69/8/105
f 66/8/101 69/8/84 74/8/94
f 66/8/101 74/8/94 73/8/109
f 74/8/111 75/8/112 76/8/113
f 74/8/111 76/8/113 73/8/110
f 74/8/114 69/8/105 72/8/115
f 74/8/114 72/8/115 75/8/116
f 77/3/24 43/3/66 5/3/6
f 77/3/24 5/3/6 14/3/24
f 77/3/24 78/3/24 44/3/69
f 77/3/24 44/3/69 43/3/66
f 79/3/117 78/3/118 77/3/118
f 79/3/117 77/3/118 14/3/26
f 80/3/119 79/3/117 14/3/26
f 80/3/119 14/3/26 15/3/25
f 81/3/50 80/3/119 15/3/25
f 81/3/50 15/3/25 17/3/30
f 20/4/11 11/4/18 47/4/17
f 20/4/11 47/4/17 82/4/8
f 20/5/11 82/5/8 53/5/9
f 20/5/11 53/5/9 23/5/10
f 24/5/39 23/5/121 48/5/122
f 24/5/39 48/5/122 83/5/120
f 83/5/120 48/5/122 52/5/77
f 83/5/120 52/5/77 84/5/123
f 85/8/124 86/8/125 56/8/126
f 85/8/124 56/8/126 55/8/81
f 56/8/126 86/8/125 87/8/127
f 56/8/126 87/8/127 59/8/87
f 88/8/128 85/8/124 55/8/81
f 88/8/128 55/8/81 62/8/129
f 88/8/128 62/8/129 65/8/98
f 88/8/128 65/8/98 89/8/130
f 91/9/131 67/9/132 66/9/101
f 91/9/131 66/9/101 90/9/47
f 91/9/131 92/9/134 70/9/135
f 91/9/131 70/9/135 67/9/133
f 93/9/136 92/9/54 91/9/137
f 93/9/136 91/9/137 90/9/138
f 94/10/139 90/10/47 66/10/101
f 94/10/139 66/10/101 73/10/109
f 94/10/140 73/10/110 76/10/141
f 94/10/140 76/10/141 95/10/142
f 93/10/136 90/10/138 94/10/144
f 93/10/136 94/10/144 95/10/143
f 27/2/44 96/2/44 81/2/48
f 27/2/44 81/2/48 17/2/44
f 97/5/145 29/5/46 24/5/39
f 97/5/145 24/5/39 83/5/120
f 97/5/145 83/5/120 84/5/123
f 97/5/145 84/5/123 98/5/146
f 100/11/20 86/11/147 85/11/124
f 100/11/20 85/11/124 99/11/47
f 100/11/23 101/11/149 87/11/127
f 100/11/23 87/11/127 86/11/148
f 102/11/150 101/11/151 100/11/27
f 102/11/150 100/11/27 99/11/152
f 103/8/139 99/8/47 85/8/124
f 103/8/139 85/8/124 88/8/153
f 103/8/154 88/8/155 89/8/130
f 103/8/154 89/8/130 104/8/156
f 102/8/150 99/8/152 103/8/158
f 102/8/150 103/8/158 104/8/157
f 32/2/44 105/2/43 96/2/44
f 32/2/44 96/2/44 27/2/44
f 106/2/159 105/2/31 32/2/30
f 106/2/159 32/2/30 33/2/49
f 107/6/137 106/6/159 33/6/49
f 107/6/137 33/6/49 35/6/54
f 108/5/160 35/5/161 29/5/46
f 108/5/160 29/5/46 97/5/145
f 97/5/145 98/5/163 109/5/164
f 97/5/145 109/5/164 108/5/162
f 111/5/165 35/5/166 108/5/166
f 111/5/165 108/5/166 110/5/165
f 110/5/167 108/5/168 109/5/164
f 110/5/167 109/5/164 112/5/169
f 111/5/170 113/5/170 107/5/170
f 111/5/170 107/5/170 35/5/170
f 112/5/171 113/5/171 111/5/172
f 112/5/171 111/5/172 110/5/172
f 114/12/173 39/12/174 115/12/175
f 114/12/173 115/12/175 116/12/176
f 115/12/177 39/12/65 117/12/178
f 115/12/177 117/12/178 118/12/179
f 115/12/90 118/12/181 119/12/182
f 115/12/90 119/12/182 116/12/180
f 120/2/183 114/2/173 116/2/176
f 120/2/183 116/2/176 121/2/184
f 121/2/185 116/2/180 119/2/182
f 121/2/185 119/2/182 122/2/186
f 123/5/187 120/5/183 121/5/184
f 123/5/187 121/5/184 124/5/188
f 124/5/189 121/5/185 122/5/186
f 124/5/189 122/5/186 125/5/190
f 123/7/187 124/7/188 127/7/94
f 123/7/187 127/7/94 126/7/191
f 127/7/96 128/7/97 129/7/193
f 127/7/96 129/7/193 126/7/192
f 127/7/99 124/7/189 125/7/190
f 127/7/99 125/7/190 128/7/194
f 42/2/62 41/2/195 130/2/196
f 42/2/62 130/2/196 131/2/197
f 42/2/198 131/2/197 117/2/178
f 42/2/198 117/2/178 39/2/65
f 40/3/200 39/3/174 114/3/173
f 40/3/200 114/3/173 45/3/199
f 45/3/199 114/3/173 120/3/183
f 45/3/199 120/3/183 46/3/201
f 132/2/202 46/2/201 120/2/183
f 132/2/202 120/2/183 123/2/187
f 132/6/202 123/6/187 126/6/204
f 132/6/202 126/6/204 54/6/203
f 126/6/205 129/6/193 133/6/206
f 126/6/205 133/6/206 54/6/75
f 134/5/207 51/5/208 135/5/209
f 134/5/207 135/5/209 136/5/209
f 137/5/210 138/5/210 139/5/210
f 137/5/210 139/5/210 140/5/210
f 136/5/211 137/5/212 140/5/211
f 136/5/211 140/5/211 134/5/211
f 135/5/213 51/5/213 139/5/213
f 135/5/213 139/5/213 138/5/213
f 135/5/79 138/5/79 137/5/79
f 135/5/79 137/5/79 136/5/79
f 72/8/214 71/8/215 141/8/216
f 72/8/214 141/8/216 142/8/216
f 142/8/58 143/8/218 144/8/58
f 142/8/58 144/8/58 72/8/217
f 141/8/219 71/8/220 145/8/221
f 141/8/219 145/8/221 146/8/222
f 142/8/216 141/8/216 146/8/223
f 142/8/216 146/8/223 143/8/223
f 147/9/224 75/9/224 148/9/73
f 147/9/224 148/9/73 149/9/73
f 149/9/75 150/9/38 151/9/226
f 149/9/75 151/9/226 147/9/225
f 148/9/78 75/9/78 152/9/78
f 148/9/78 152/9/78 153/9/78
f 149/9/79 148/9/79 153/9/79
f 149/9/79 153/9/79 150/9/79
f 44/13/69 154/13/227 155/13/228
f 44/13/69 155/13/228 41/13/229
f 155/13/230 154/13/227 156/13/231
f 155/13/230 156/13/231 157/13/232
f 155/13/234 157/13/235 130/13/196
f 155/13/234 130/13/196 41/13/233
f 47/2/13 46/2/201 132/2/202
f 47/2/13 132/2/202 82/2/236
f 53/6/175 82/6/236 132/6/202
f 53/6/175 132/6/202 54/6/203
f 51/5/80 54/5/80 133/5/237
f 51/5/80 133/5/237 139/5/238
f 52/5/77 51/5/240 134/5/207
f 52/5/77 134/5/207 158/5/239
f 158/2/239 134/2/207 60/2/88
f 158/2/239 60/2/88 59/2/87
f 134/2/241 140/2/242 159/2/243
f 134/2/241 159/2/243 60/2/91
f 60/7/91 159/7/243 160/7/244
f 60/7/91 160/7/244 61/7/92
f 64/5/100 61/5/92 160/5/244
f 64/5/100 160/5/244 161/5/100
f 65/2/98 64/2/97 163/2/246
f 65/2/98 163/2/246 162/2/245
f 163/2/247 64/2/100 161/2/100
f 163/2/247 161/2/100 164/2/248
f 165/2/249 162/2/245 163/2/246
f 165/2/249 163/2/246 166/2/250
f 166/2/251 163/2/247 164/2/248
f 166/2/251 164/2/248 167/2/252
f 70/2/253 165/2/249 166/2/250
f 70/2/253 166/2/250 71/2/254
f 166/2/251 167/2/252 145/2/256
f 166/2/251 145/2/256 71/2/255
f 72/8/257 144/8/258 152/8/258
f 72/8/257 152/8/258 75/8/116
f 168/9/259 76/9/112 75/9/260
f 168/9/259 75/9/260 147/9/261
f 168/9/262 147/9/225 151/9/226
f 168/9/262 151/9/226 169/9/263
f 170/9/265 76/9/266 168/9/267
f 170/9/265 168/9/267 169/9/264
f 171/2/24 154/2/227 44/2/69
f 171/2/24 44/2/69 78/2/24
f 171/2/24 172/2/24 156/2/231
f 171/2/24 156/2/231 154/2/227
f 173/2/118 172/2/268 171/2/118
f 173/2/118 171/2/118 78/2/118
f 174/3/118 173/3/118 78/3/118
f 174/3/118 78/3/118 79/3/117
f 175/6/269 84/6/123 52/6/77
f 175/6/269 52/6/77 158/6/239
f 87/11/127 175/11/269 158/11/239
f 87/11/127 158/11/239 59/11/87
f 176/2/270 89/2/130 65/2/98
f 176/2/270 65/2/98 162/2/245
f 177/3/271 176/3/270 162/3/245
f 177/3/271 162/3/245 165/3/249
f 177/2/271 165/2/249 70/2/273
f 177/2/271 70/2/273 92/2/272
f 179/9/55 92/9/54 93/9/136
f 179/9/55 93/9/136 178/9/274
f 95/10/275 76/10/141 170/10/265
f 95/10/275 170/10/265 180/10/276
f 178/10/274 93/10/136 95/10/278
f 178/10/274 95/10/278 180/10/277
f 182/3/127 79/3/149 80/3/280
f 182/3/127 80/3/280 181/3/279
f 182/3/127 183/3/281 174/3/24
f 182/3/127 174/3/24 79/3/149
f 181/3/279 80/3/280 81/3/20
f 181/3/279 81/3/20 96/3/42
f 184/6/282 98/6/283 84/6/123
f 184/6/282 84/6/123 175/6/269
f 186/6/143 98/6/285 184/6/286
f 186/6/143 184/6/286 185/6/284
f 184/11/282 175/11/269 87/11/127
f 184/11/282 87/11/127 101/11/149
f 187/11/151 185/11/284 184/11/286
f 187/11/151 184/11/286 101/11/151
f 188/11/287 187/11/151 101/11/151
f 188/11/287 101/11/151 102/11/150
f 188/8/287 102/8/150 104/8/157
f 188/8/287 104/8/157 189/8/157
f 190/2/288 104/2/156 89/2/130
f 190/2/288 89/2/130 176/2/270
f 189/2/157 104/2/157 190/2/290
f 189/2/157 190/2/290 191/2/289
f 192/3/291 190/3/288 176/3/270
f 192/3/291 176/3/270 177/3/271
f 193/3/292 191/3/289 190/3/290
f 193/3/292 190/3/290 192/3/293
f 194/2/294 192/2/291 177/2/271
f 194/2/294 177/2/271 92/2/272
f 194/2/295 92/2/295 179/2/295
f 194/2/295 179/2/295 195/2/295
f 193/2/292 192/2/293 194/2/55
f 193/2/292 194/2/55 195/2/54
f 196/3/296 197/3/297 182/3/127
f 196/3/296 182/3/127 181/3/279
f 182/3/127 197/3/297 198/3/298
f 182/3/127 198/3/298 183/3/281
f 196/3/296 181/3/279 96/3/42
f 196/3/296 96/3/42 105/3/299
f 109/5/164 98/5/163 186/5/169
f 109/5/164 186/5/169 199/5/164
f 200/3/300 201/3/301 197/3/297
f 200/3/300 197/3/297 196/3/296
f 201/3/302 202/3/303 198/3/298
f 201/3/302 198/3/298 197/3/297
f 203/3/304 200/3/300 196/3/296
f 203/3/304 196/3/296 105/3/299
f 203/2/304 105/2/299 106/2/306
f 203/2/304 106/2/306 204/2/305
f 204/6/305 106/6/306 107/6/308
f 204/6/305 107/6/308 113/6/307
f 112/5/169 109/5/164 199/5/164
f 112/5/169 199/5/164 205/5/163
f 206/5/309 113/5/171 112/5/171
f 206/5/309 112/5/171 205/5/309
f 208/12/20 201/12/301 200/12/300
f 208/12/20 200/12/300 207/12/310
f 208/12/312 209/12/313 202/12/314
f 208/12/312 202/12/314 201/12/311
f 210/12/315 209/12/316 208/12/50
f 210/12/315 208/12/50 207/12/30
f 207/2/310 200/2/300 203/2/304
f 207/2/310 203/2/304 211/2/299
f 212/2/30 210/2/315 207/2/30
f 212/2/30 207/2/30 211/2/31
f 213/2/317 211/2/299 203/2/304
f 213/2/317 203/2/304 204/2/305
f 214/6/318 213/6/317 204/6/305
f 214/6/318 204/6/305 113/6/307
f 214/6/319 113/6/320 206/6/321
f 214/6/319 206/6/321 215/6/322
f 217/5/42 211/5/299 213/5/317
f 217/5/42 213/5/317 216/5/41
f 217/5/323 218/5/324 212/5/325
f 217/5/323 212/5/325 211/5/43
f 219/6/128 216/6/41 213/6/317
f 219/6/128 213/6/317 214/6/326
f 219/6/128 214/6/326 215/6/322
f 219/6/128 215/6/322 220/6/327
f 222/3/20 217/3/42 216/3/41
f 222/3/20 216/3/41 221/3/47
f 222/3/328 223/3/329 218/3/324
f 222/3/328 218/3/324 217/3/323
f 224/3/330 223/3/331 222/3/332
f 224/3/330 222/3/332 221/3/333
f 225/7/139 221/7/47 216/7/41
f 225/7/139 216/7/41 219/7/153
f 225/7/154 219/7/155 220/7/327
f 225/7/154 220/7/327 226/7/334
f 224/7/336 221/7/333 225/7/337
f 224/7/336 225/7/337 226/7/335
f 227/8/338 228/8/339 229/8/83
f 227/8/338 229/8/83 230/8/84
f 229/8/340 228/8/341 231/8/342
f 229/8/340 231/8/342 232/8/59
f 229/8/344 232/8/345 233/8/346
f 229/8/344 233/8/346 230/8/343
f 227/14/338 230/14/348 235/14/349
f 227/14/338 235/14/349 234/14/347
f 235/14/350 236/14/351 237/14/352
f 235/14/350 237/14/352 234/14/347
f 235/14/353 230/14/354 233/14/346
f 235/14/353 233/14/346 236/14/355
f 238/4/81 239/4/356 240/4/83
f 238/4/81 240/4/83 241/4/84
f 240/4/357 239/4/358 242/4/359
f 240/4/357 242/4/359 243/4/360
f 240/4/362 243/4/363 244/4/364
f 240/4/362 244/4/364 241/4/361
f 238/4/81 241/4/84 246/4/94
f 238/4/81 246/4/94 245/4/365
f 246/4/367 247/4/368 248/4/369
f 246/4/367 248/4/369 245/4/366
f 246/4/17 241/4/361 244/4/364
f 246/4/17 244/4/364 247/4/370
f 117/15/178 131/15/197 249/15/371
f 117/15/178 249/15/371 118/15/372
f 249/15/373 131/15/197 250/15/374
f 249/15/373 250/15/374 251/15/375
f 249/15/376 251/15/377 252/15/378
f 249/15/376 252/15/378 118/15/372
f 119/2/182 118/2/181 252/2/378
f 119/2/182 252/2/378 253/2/379
f 122/2/186 119/2/182 253/2/379
f 122/2/186 253/2/379 254/2/380
f 122/4/186 254/4/381 255/4/382
f 122/4/186 255/4/382 125/4/190
f 125/6/190 255/6/382 256/6/383
f 125/6/190 256/6/383 128/6/194
f 129/7/193 128/7/97 257/7/385
f 129/7/193 257/7/385 138/7/384
f 257/7/386 128/7/194 256/7/383
f 257/7/386 256/7/383 258/7/387
f 138/5/384 257/5/385 259/5/388
f 138/5/384 259/5/388 137/5/388
f 259/5/389 260/5/389 261/5/389
f 259/5/389 261/5/389 137/5/212
f 259/5/40 257/5/386 258/5/387
f 259/5/40 258/5/387 260/5/390
f 262/5/391 138/5/391 137/5/391
f 262/5/391 137/5/391 261/5/391
f 263/2/392 264/2/393 265/2/394
f 263/2/392 265/2/394 266/2/395
f 265/2/396 264/2/397 267/2/398
f 265/2/396 267/2/398 268/2/399
f 265/2/401 268/2/402 269/2/403
f 265/2/401 269/2/403 266/2/400
f 263/2/392 266/2/405 271/2/406
f 263/2/392 271/2/406 270/2/404
f 271/2/37 272/2/408 273/2/409
f 271/2/37 273/2/409 270/2/407
f 271/2/410 266/2/411 269/2/403
f 271/2/410 269/2/403 272/2/412
f 146/8/414 228/8/339 227/8/338
f 146/8/414 227/8/338 143/8/413
f 228/8/341 146/8/222 274/8/415
f 228/8/341 274/8/415 231/8/416
f 143/8/417 227/8/338 234/8/347
f 143/8/417 234/8/347 153/8/240
f 234/8/347 237/8/418 275/8/75
f 234/8/347 275/8/75 153/8/76
f 276/9/72 150/9/72 277/9/73
f 276/9/72 277/9/73 278/9/73
f 278/9/420 279/9/421 280/9/422
f 278/9/420 280/9/422 276/9/419
f 277/9/78 150/9/78 281/9/78
f 277/9/78 281/9/78 282/9/78
f 277/9/423 282/9/424 279/9/424
f 277/9/423 279/9/424 278/9/423
f 283/4/124 284/4/425 239/4/356
f 283/4/124 239/4/356 238/4/81
f 239/4/358 284/4/426 285/4/427
f 239/4/358 285/4/427 242/4/359
f 286/4/428 283/4/124 238/4/81
f 286/4/428 238/4/81 245/4/365
f 245/4/430 248/4/431 287/4/432
f 245/4/430 287/4/432 286/4/429
f 131/15/197 130/15/233 288/15/59
f 131/15/197 288/15/59 250/15/433
f 133/11/206 129/11/193 138/11/384
f 133/11/206 138/11/384 139/11/434
f 139/11/435 138/11/435 262/11/435
f 139/11/435 262/11/435 289/11/435
f 160/11/436 159/11/437 264/11/397
f 160/11/436 264/11/397 263/11/392
f 264/11/438 159/11/437 290/11/85
f 264/11/438 290/11/85 267/11/398
f 160/6/436 263/6/392 270/6/407
f 160/6/436 270/6/407 161/6/97
f 270/6/439 273/6/440 291/6/96
f 270/6/439 291/6/96 161/6/97
f 146/14/222 145/14/441 292/14/59
f 146/14/222 292/14/59 274/14/442
f 152/10/209 144/10/209 143/10/413
f 152/10/209 143/10/413 153/10/208
f 153/9/79 275/9/79 281/9/79
f 153/9/79 281/9/79 150/9/79
f 151/14/226 150/14/121 276/14/72
f 151/14/226 276/14/72 293/14/443
f 293/14/444 276/14/419 280/14/422
f 293/14/444 280/14/422 294/14/445
f 296/16/20 284/16/425 283/16/124
f 296/16/20 283/16/124 295/16/47
f 296/16/328 297/16/446 285/16/427
f 296/16/328 285/16/427 284/16/426
f 298/16/447 297/16/448 296/16/449
f 298/16/447 296/16/449 295/16/450
f 299/16/451 295/16/452 283/16/124
f 299/16/451 283/16/124 286/16/453
f 299/16/52 286/16/428 287/16/432
f 299/16/52 287/16/432 300/16/454
f 298/16/447 295/16/456 299/16/457
f 298/16/447 299/16/457 300/16/455
f 156/13/231 301/13/458 302/13/459
f 156/13/231 302/13/459 157/13/460
f 302/13/461 301/13/462 303/13/463
f 302/13/461 303/13/463 304/13/464
f 302/13/466 304/13/467 305/13/468
f 302/13/466 305/13/468 157/13/465
f 157/13/470 305/13/471 288/13/472
f 157/13/470 288/13/472 130/13/469
f 140/6/242 139/6/238 289/6/473
f 140/6/242 289/6/473 306/6/474
f 140/2/242 306/2/474 290/2/475
f 140/2/242 290/2/475 159/2/243
f 164/2/248 161/2/100 291/2/99
f 164/2/248 291/2/99 307/2/189
f 167/2/252 164/2/248 307/2/189
f 167/2/252 307/2/189 308/2/476
f 167/2/252 308/2/476 292/2/362
f 167/2/252 292/2/362 145/2/477
f 310/9/479 170/9/480 169/9/478
f 310/9/479 169/9/478 309/9/478
f 311/9/481 169/9/334 151/9/226
f 311/9/481 151/9/226 293/9/482
f 311/9/167 293/9/483 294/9/445
f 311/9/167 294/9/445 312/9/169
f 309/9/478 169/9/478 311/9/479
f 309/9/478 311/9/479 312/9/484
f 313/2/485 301/2/486 156/2/231
f 313/2/485 156/2/231 172/2/24
f 313/2/48 314/2/488 303/2/463
f 313/2/48 303/2/463 301/2/487
f 315/2/489 314/2/490 313/2/491
f 315/2/489 313/2/491 172/2/268
f 316/2/118 315/2/489 172/2/268
f 316/2/118 172/2/268 173/2/118
f 180/10/492 170/10/266 310/10/493
f 180/10/492 310/10/493 317/10/494
f 318/3/281 173/3/24 174/3/24
f 318/3/281 174/3/24 183/3/281
f 318/3/281 319/3/281 316/3/24
f 318/3/281 316/3/24 173/3/24
f 321/6/144 186/6/143 185/6/284
f 321/6/144 185/6/284 320/6/495
f 322/11/27 320/11/495 185/11/284
f 322/11/27 185/11/284 187/11/151
f 324/2/158 189/2/157 191/2/289
f 324/2/158 191/2/289 323/2/496
f 325/3/497 323/3/496 191/3/289
f 325/3/497 191/3/289 193/3/292
f 326/2/137 325/2/497 193/2/292
f 326/2/137 193/2/292 195/2/54
f 327/9/498 195/9/272 179/9/294
f 327/9/498 179/9/294 178/9/499
f 328/10/123 327/10/498 178/10/499
f 328/10/123 178/10/499 180/10/283
f 328/10/123 180/10/500 317/10/494
f 328/10/123 317/10/494 329/10/501
f 198/15/298 330/15/502 318/15/281
f 198/15/298 318/15/281 183/15/281
f 318/15/281 330/15/502 331/15/503
f 318/15/281 331/15/503 319/15/281
f 199/7/164 186/7/169 321/7/167
f 199/7/164 321/7/167 332/7/168
f 334/2/127 187/2/149 188/2/505
f 334/2/127 188/2/505 333/2/504
f 334/2/127 335/2/148 322/2/23
f 334/2/127 322/2/23 187/2/149
f 336/14/130 333/14/504 188/14/505
f 336/14/130 188/14/505 189/14/156
f 336/14/130 189/14/156 324/14/154
f 336/14/130 324/14/154 337/14/155
f 339/10/507 195/10/272 327/10/498
f 339/10/507 327/10/498 338/10/506
f 339/10/508 340/10/509 326/10/131
f 339/10/508 326/10/131 195/10/134
f 341/10/510 338/10/506 327/10/498
f 341/10/510 327/10/498 328/10/123
f 341/10/510 328/10/123 329/10/501
f 341/10/510 329/10/501 342/10/511
f 343/2/512 330/2/502 198/2/298
f 343/2/512 198/2/298 202/2/314
f 343/2/512 344/2/513 331/2/503
f 343/2/512 331/2/503 330/2/502
f 345/2/514 344/2/513 343/2/512
f 345/2/514 343/2/512 202/2/515
f 199/7/164 332/7/168 346/7/517
f 199/7/164 346/7/517 205/7/516
f 347/11/101 348/11/518 334/11/127
f 347/11/101 334/11/127 333/11/504
f 334/11/127 348/11/518 349/11/518
f 334/11/127 349/11/518 335/11/125
f 350/2/510 347/2/101 333/2/504
f 350/2/510 333/2/504 336/2/130
f 350/2/510 336/2/130 337/2/128
f 350/2/510 337/2/128 351/2/510
f 352/10/101 353/10/518 339/10/519
f 352/10/101 339/10/519 338/10/506
f 339/10/519 353/10/518 354/10/518
f 339/10/519 354/10/518 340/10/509
f 355/10/520 352/10/101 338/10/506
f 355/10/520 338/10/506 341/10/510
f 355/10/520 341/10/510 342/10/511
f 355/10/520 342/10/511 356/10/521
f 209/2/522 357/2/523 345/2/514
f 209/2/522 345/2/514 202/2/314
f 358/2/524 357/2/525 209/2/526
f 358/2/524 209/2/526 210/2/315
f 359/2/50 358/2/527 210/2/315
f 359/2/50 210/2/315 212/2/30
f 360/11/521 215/11/322 206/11/321
f 360/11/521 206/11/321 205/11/528
f 360/11/521 205/11/516 346/11/529
f 360/11/521 346/11/529 361/11/520
f 362/2/124 363/2/530 348/2/518
f 362/2/124 348/2/518 347/2/101
f 348/2/518 363/2/530 364/2/531
f 348/2/518 364/2/531 349/2/518
f 365/8/45 362/8/124 347/8/101
f 365/8/45 347/8/101 350/8/510
f 365/8/45 350/8/510 351/8/510
f 365/8/45 351/8/510 366/8/532
f 367/10/124 368/10/509 353/10/518
f 367/10/124 353/10/518 352/10/101
f 353/10/518 368/10/509 369/10/533
f 353/10/518 369/10/533 354/10/518
f 370/10/534 367/10/124 352/10/101
f 370/10/534 352/10/101 355/10/520
f 370/10/535 355/10/520 356/10/521
f 370/10/535 356/10/521 371/10/536
f 218/2/324 372/2/537 359/2/538
f 218/2/324 359/2/538 212/2/325
f 373/11/539 220/11/327 215/11/322
f 373/11/539 215/11/322 360/11/521
f 373/11/539 360/11/521 361/11/520
f 373/11/539 361/11/520 374/11/532
f 376/8/541 363/8/530 362/8/124
f 376/8/541 362/8/124 375/8/540
f 376/8/542 377/8/543 364/8/531
f 376/8/542 364/8/531 363/8/530
f 378/8/544 377/8/545 376/8/546
f 378/8/544 376/8/546 375/8/547
f 379/8/451 375/8/452 362/8/124
f 379/8/451 362/8/124 365/8/45
f 379/8/52 365/8/45 366/8/532
f 379/8/52 366/8/532 380/8/548
f 378/8/544 375/8/550 379/8/457
f 378/8/544 379/8/457 380/8/549
f 382/10/552 368/10/509 367/10/124
f 382/10/552 367/10/124 381/10/551
f 382/10/131 383/10/553 369/10/533
f 382/10/131 369/10/533 368/10/509
f 384/10/554 383/10/555 382/10/556
f 384/10/554 382/10/556 381/10/557
f 385/10/139 381/10/47 367/10/124
f 385/10/139 367/10/124 370/10/534
f 385/10/558 370/10/559 371/10/560
f 385/10/558 371/10/560 386/10/561
f 384/10/554 381/10/563 385/10/564
f 384/10/554 385/10/564 386/10/562
f 218/3/324 223/3/329 387/3/565
f 218/3/324 387/3/565 372/3/537
f 389/6/567 224/6/336 226/6/335
f 389/6/567 226/6/335 388/6/566
f 390/2/568 226/2/569 220/2/327
f 390/2/568 220/2/327 373/2/539
f 390/2/570 373/2/539 374/2/532
f 390/2/570 374/2/532 391/2/571
f 388/2/566 226/2/573 390/2/574
f 388/2/566 390/2/574 391/2/572
f 392/4/575 393/4/575 223/4/331
f 392/4/575 223/4/331 224/4/330
f 392/4/576 224/4/577 389/4/567
f 392/4/576 389/4/567 394/4/578
f 393/4/48 395/4/537 387/4/565
f 393/4/48 387/4/565 223/4/329
f 395/4/580 393/4/575 392/4/575
f 395/4/580 392/4/575 394/4/579
f 233/14/346 232/14/345 396/14/581
f 233/14/346 396/14/581 397/14/582
f 396/14/583 232/14/59 398/14/584
f 396/14/583 398/14/584 399/14/585
f 396/14/362 399/14/586 400/14/587
f 396/14/362 400/14/587 397/14/476
f 233/9/346 397/9/582 401/9/588
f 233/9/346 401/9/588 236/9/355
f 401/9/589 397/9/590 400/9/587
f 401/9/589 400/9/587 402/9/591
f 236/10/593 401/10/594 404/10/595
f 236/10/593 404/10/595 403/10/592
f 404/10/595 405/10/596 406/10/597
f 404/10/595 406/10/597 403/10/592
f 404/10/99 401/10/589 402/10/591
f 404/10/99 402/10/591 405/10/598
f 252/7/378 251/7/599 407/7/600
f 252/7/378 407/7/600 408/7/601
f 407/7/602 251/7/603 409/7/604
f 407/7/602 409/7/604 410/7/605
f 407/7/606 410/7/605 411/7/607
f 407/7/606 411/7/607 408/7/601
f 253/2/379 252/2/378 408/2/601
f 253/2/379 408/2/601 412/2/608
f 408/2/601 411/2/607 413/2/609
f 408/2/601 413/2/609 412/2/608
f 253/2/379 412/2/608 414/2/611
f 253/2/379 414/2/611 254/2/610
f 414/2/613 415/2/614 416/2/615
f 414/2/613 416/2/615 254/2/612
f 414/2/616 412/2/608 413/2/609
f 414/2/616 413/2/609 415/2/617
f 268/7/618 260/7/619 417/7/620
f 268/7/618 417/7/620 418/7/621
f 417/7/620 260/7/622 419/7/623
f 417/7/620 419/7/623 420/7/624
f 417/7/620 420/7/624 421/7/625
f 417/7/620 421/7/625 418/7/621
f 269/7/403 268/7/626 418/7/621
f 269/7/403 418/7/621 422/7/627
f 422/7/627 418/7/621 421/7/625
f 422/7/627 421/7/625 423/7/628
f 269/5/403 422/5/627 424/5/630
f 269/5/403 424/5/630 272/5/629
f 424/5/630 425/5/631 426/5/630
f 424/5/630 426/5/630 272/5/629
f 424/5/630 422/5/627 423/5/628
f 424/5/630 423/5/628 425/5/631
f 232/8/59 231/8/342 427/8/59
f 232/8/59 427/8/59 398/8/584
f 237/8/352 236/8/593 403/8/592
f 237/8/352 403/8/592 282/8/632
f 403/8/592 406/8/597 428/8/634
f 403/8/592 428/8/634 282/8/633
f 243/4/360 242/4/359 429/4/635
f 243/4/360 429/4/635 430/4/636
f 244/4/364 243/4/363 430/4/637
f 244/4/364 430/4/637 431/4/638
f 247/4/640 432/4/641 433/4/642
f 247/4/640 433/4/642 248/4/639
f 247/4/370 244/4/364 431/4/638
f 247/4/370 431/4/638 432/4/641
f 250/15/374 434/15/643 435/15/644
f 250/15/374 435/15/644 251/15/645
f 435/15/646 434/15/643 436/15/647
f 435/15/646 436/15/647 437/15/648
f 435/15/650 437/15/648 409/15/604
f 435/15/650 409/15/604 251/15/649
f 255/2/382 254/2/381 416/2/651
f 255/2/382 416/2/651 438/2/652
f 256/2/383 255/2/382 438/2/652
f 256/2/383 438/2/652 439/2/653
f 258/6/387 256/6/383 439/6/653
f 258/6/387 439/6/653 440/6/654
f 258/2/387 440/2/656 419/2/657
f 258/2/387 419/2/657 260/2/655
f 267/7/658 261/7/659 260/7/660
f 267/7/658 260/7/660 268/7/661
f 273/2/409 272/2/629 442/2/663
f 273/2/409 442/2/663 441/2/662
f 442/2/663 272/2/412 426/2/630
f 442/2/663 426/2/630 443/2/628
f 444/3/664 441/3/662 442/3/663
f 444/3/664 442/3/663 445/3/665
f 445/3/665 442/3/663 443/3/628
f 445/3/665 443/3/628 446/3/666
f 274/2/667 444/2/664 445/2/665
f 274/2/667 445/2/665 231/2/668
f 445/2/665 446/2/666 427/2/345
f 445/2/665 427/2/345 231/2/669
f 281/8/73 275/8/73 237/8/670
f 281/8/73 237/8/670 282/8/671
f 279/10/421 447/10/672 448/10/673
f 279/10/421 448/10/673 280/10/422
f 279/10/424 282/10/424 428/10/674
f 279/10/424 428/10/674 447/10/674
f 242/4/359 285/4/427 449/4/675
f 242/4/359 449/4/675 429/4/635
f 287/2/432 248/2/677 451/2/678
f 287/2/432 451/2/678 450/2/676
f 451/2/679 452/2/680 453/2/681
f 451/2/679 453/2/681 450/2/676
f 451/2/680 248/2/682 433/2/642
f 451/2/680 433/2/642 452/2/683
f 305/17/468 304/17/684 454/17/685
f 305/17/468 454/17/685 434/17/643
f 454/17/685 304/17/686 455/17/687
f 454/17/685 455/17/687 456/17/688
f 454/17/685 456/17/689 436/17/647
f 454/17/685 436/17/647 434/17/643
f 288/2/690 305/2/691 434/2/643
f 288/2/690 434/2/643 250/2/692
f 306/6/693 289/6/694 262/6/694
f 306/6/693 262/6/694 261/6/659
f 290/11/695 306/11/693 261/11/659
f 290/11/695 261/11/659 267/11/658
f 291/2/94 273/2/696 441/2/662
f 291/2/94 441/2/662 307/2/188
f 308/18/697 307/18/188 441/18/662
f 308/18/697 441/18/662 444/18/664
f 292/2/83 308/2/697 444/2/664
f 292/2/83 444/2/664 274/2/698
f 294/14/445 280/14/422 448/14/673
f 294/14/445 448/14/673 457/14/699
f 285/16/427 297/16/446 458/16/700
f 285/16/427 458/16/700 449/16/675
f 459/2/701 300/2/702 287/2/432
f 459/2/701 287/2/432 450/2/676
f 459/2/701 450/2/676 453/2/681
f 459/2/701 453/2/681 460/2/320
f 461/2/704 300/2/705 459/2/706
f 461/2/704 459/2/706 460/2/703
f 303/17/463 462/17/707 455/17/687
f 303/17/463 455/17/687 304/17/464
f 312/9/169 294/9/445 457/9/699
f 312/9/169 457/9/699 463/9/708
f 464/9/267 309/9/264 312/9/484
f 464/9/267 312/9/484 463/9/709
f 466/4/711 297/4/448 298/4/447
f 466/4/711 298/4/447 465/4/710
f 466/4/538 467/4/712 458/4/700
f 466/4/538 458/4/700 297/4/446
f 468/4/713 467/4/714 466/4/50
f 468/4/713 466/4/50 465/4/715
f 469/4/716 465/4/717 298/4/447
f 469/4/716 298/4/447 300/4/718
f 469/4/719 300/4/720 461/4/721
f 469/4/719 461/4/721 470/4/722
f 468/4/713 465/4/724 469/4/725
f 468/4/713 469/4/725 470/4/723
f 314/2/726 471/2/727 462/2/707
f 314/2/726 462/2/707 303/2/463
f 472/2/728 471/2/729 314/2/730
f 472/2/728 314/2/730 315/2/731
f 473/14/327 317/14/494 310/14/493
f 473/14/327 310/14/493 309/14/334
f 473/14/327 309/14/263 464/14/732
f 473/14/327 464/14/732 474/14/733
f 475/2/281 315/2/24 316/2/24
f 475/2/281 316/2/24 319/2/281
f 475/2/281 476/2/735 472/2/736
f 475/2/281 472/2/736 315/2/734
f 477/9/511 329/9/501 317/9/494
f 477/9/511 317/9/494 473/9/327
f 477/9/511 473/9/327 474/9/733
f 477/9/511 474/9/733 478/9/511
f 331/2/503 479/2/503 475/2/281
f 331/2/503 475/2/281 319/2/281
f 475/2/281 479/2/503 480/2/503
f 475/2/281 480/2/503 476/2/735
f 481/6/124 332/6/737 321/6/139
f 481/6/124 321/6/139 320/6/47
f 481/7/124 320/7/47 322/7/20
f 481/7/124 322/7/20 335/7/147
f 482/2/738 337/2/153 324/2/139
f 482/2/738 324/2/139 323/2/739
f 483/3/740 482/3/738 323/3/739
f 483/3/740 323/3/739 325/3/741
f 483/2/740 325/2/741 326/2/131
f 483/2/740 326/2/131 340/2/509
f 484/9/511 342/9/511 329/9/501
f 484/9/511 329/9/501 477/9/511
f 484/9/511 477/9/511 478/9/511
f 484/9/511 478/9/511 485/9/511
f 486/2/742 479/2/503 331/2/503
f 486/2/742 331/2/503 344/2/513
f 486/2/742 487/2/743 480/2/503
f 486/2/742 480/2/503 479/2/503
f 488/2/744 487/2/743 486/2/742
f 488/2/744 486/2/742 344/2/513
f 489/2/101 346/2/745 332/2/737
f 489/2/101 332/2/737 481/2/124
f 349/7/518 489/7/101 481/7/124
f 349/7/518 481/7/124 335/7/125
f 490/2/746 351/2/510 337/2/128
f 490/2/746 337/2/128 482/2/738
f 491/3/747 490/3/746 482/3/738
f 491/3/747 482/3/738 483/3/740
f 354/2/518 491/2/747 483/2/740
f 354/2/518 483/2/740 340/2/509
f 492/9/322 356/9/521 342/9/511
f 492/9/322 342/9/511 484/9/511
f 492/9/322 484/9/511 485/9/511
f 492/9/322 485/9/511 493/9/748
f 494/7/749 344/7/513 345/7/514
f 494/7/749 345/7/514 357/7/525
f 494/7/749 495/7/750 488/7/744
f 494/7/749 488/7/744 344/7/513
f 496/7/751 495/7/750 494/7/749
f 496/7/751 494/7/749 357/7/525
f 497/8/752 361/8/520 346/8/745
f 497/8/752 346/8/745 489/8/101
f 364/11/531 497/11/752 489/11/101
f 364/11/531 489/11/101 349/11/518
f 498/2/753 366/2/532 351/2/510
f 498/2/753 351/2/510 490/2/746
f 499/3/754 498/3/753 490/3/746
f 499/3/754 490/3/746 491/3/747
f 369/2/533 499/2/754 491/2/747
f 369/2/533 491/2/747 354/2/518
f 500/9/755 371/9/560 356/9/521
f 500/9/755 356/9/521 492/9/322
f 500/9/755 492/9/322 493/9/748
f 500/9/755 493/9/748 501/9/756
f 502/9/757 371/9/758 500/9/755
f 502/9/757 500/9/755 501/9/756
f 504/2/760 357/2/761 358/2/524
f 504/2/760 358/2/524 503/2/759
f 504/2/762 505/2/763 496/2/751
f 504/2/762 496/2/751 357/2/523
f 506/2/448 505/2/764 504/2/765
f 506/2/448 504/2/765 503/2/759
f 503/2/759 358/2/766 359/2/711
f 503/2/759 359/2/711 372/2/448
f 507/2/448 506/2/448 503/2/759
f 507/2/448 503/2/759 372/2/448
f 508/8/767 374/8/532 361/8/520
f 508/8/767 361/8/520 497/8/752
f 508/8/767 497/8/752 364/8/531
f 508/8/767 364/8/531 377/8/768
f 509/2/769 380/2/770 366/2/532
f 509/2/769 366/2/532 498/2/753
f 511/2/772 380/2/549 509/2/769
f 511/2/772 509/2/769 510/2/771
f 512/3/773 509/3/769 498/3/753
f 512/3/773 498/3/753 499/3/754
f 513/3/774 510/3/771 509/3/769
f 513/3/774 509/3/769 512/3/773
f 512/2/773 499/2/754 369/2/533
f 512/2/773 369/2/533 383/2/775
f 514/2/776 513/2/774 512/2/773
f 514/2/776 512/2/773 383/2/555
f 386/10/561 371/10/560 502/10/757
f 386/10/561 502/10/757 515/10/777
f 387/2/565 516/2/778 507/2/48
f 387/2/565 507/2/48 372/2/537
f 517/8/779 391/8/780 374/8/532
f 517/8/779 374/8/532 508/8/767
f 519/8/782 391/8/572 517/8/779
f 519/8/782 517/8/779 518/8/781
f 520/8/783 517/8/779 508/8/767
f 520/8/783 508/8/767 377/8/784
f 521/8/580 518/8/781 517/8/779
f 521/8/580 517/8/779 520/8/783
f 520/8/783 377/8/784 378/8/544
f 520/8/783 378/8/544 522/8/785
f 523/8/771 521/8/580 520/8/783
f 523/8/771 520/8/783 522/8/785
f 524/8/772 522/8/785 378/8/544
f 524/8/772 378/8/544 380/8/770
f 524/8/772 380/8/770 511/8/772
f 524/8/772 511/8/772 525/8/772
f 523/8/771 522/8/785 524/8/772
f 523/8/771 524/8/772 525/8/772
f 527/10/776 383/10/775 384/10/554
f 527/10/776 384/10/554 526/10/554
f 527/10/776 528/10/786 514/10/776
f 527/10/776 514/10/776 383/10/775
f 529/10/554 528/10/786 527/10/776
f 529/10/554 527/10/776 526/10/554
f 530/10/562 526/10/554 384/10/554
f 530/10/562 384/10/554 386/10/562
f 530/10/140 386/10/561 515/10/777
f 530/10/140 515/10/777 531/10/140
f 529/10/554 526/10/554 530/10/562
f 529/10/554 530/10/562 531/10/562
f 387/2/565 395/2/537 532/2/787
f 387/2/565 532/2/787 516/2/778
f 533/2/566 394/2/788 389/2/567
f 533/2/566 389/2/567 388/2/566
f 535/2/790 394/2/788 533/2/566
f 535/2/790 533/2/566 534/2/789
f 536/2/567 533/2/566 388/2/566
f 536/2/567 388/2/566 391/2/780
f 536/2/567 391/2/780 519/2/782
f 536/2/567 519/2/782 537/2/791
f 534/2/789 533/2/566 536/2/567
f 534/2/789 536/2/567 537/2/791
f 538/2/792 539/2/792 395/2/580
f 538/2/792 395/2/580 394/2/579
f 538/2/576 394/2/578 535/2/790
f 538/2/576 535/2/790 540/2/793
f 539/2/538 541/2/712 532/2/787
f 539/2/538 532/2/787 395/2/537
f 541/2/795 539/2/796 538/2/796
f 541/2/795 538/2/796 540/2/794
f 413/1/609 411/1/607 542/1/797
f 413/1/609 542/1/797 543/1/798
f 542/1/797 411/1/607 544/1/799
f 542/1/797 544/1/799 545/1/800
f 542/1/797 545/1/802 546/1/803
f 542/1/797 546/1/803 543/1/801
f 413/12/609 543/12/805 547/12/806
f 413/12/609 547/12/806 415/12/804
f 547/12/808 548/12/809 549/12/810
f 547/12/808 549/12/810 415/12/807
f 547/12/17 543/12/811 546/12/803
f 547/12/17 546/12/803 548/12/370
f 421/6/625 420/6/812 550/6/813
f 421/6/625 550/6/813 551/6/814
f 550/6/815 420/6/816 552/6/817
f 550/6/815 552/6/817 553/6/818
f 550/6/819 553/6/818 554/6/587
f 550/6/819 554/6/587 551/6/814
f 423/6/628 421/6/625 551/6/814
f 423/6/628 551/6/814 555/6/820
f 555/6/820 551/6/814 554/6/587
f 555/6/820 554/6/587 556/6/591
f 423/7/628 555/7/820 557/7/821
f 423/7/628 557/7/821 425/7/631
f 557/7/822 558/7/823 559/7/824
f 557/7/822 559/7/824 425/7/631
f 557/7/825 555/7/820 556/7/591
f 557/7/825 556/7/591 558/7/826
f 399/9/585 398/9/827 560/9/828
f 399/9/585 560/9/828 561/9/829
f 399/9/586 561/9/830 562/9/831
f 399/9/586 562/9/831 400/9/587
f 402/10/591 400/10/587 562/10/831
f 402/10/591 562/10/831 563/10/832
f 402/9/591 563/9/832 564/9/833
f 402/9/591 564/9/833 405/9/598
f 406/9/597 405/9/596 566/9/835
f 406/9/597 566/9/835 565/9/834
f 566/9/420 567/9/421 568/9/837
f 566/9/420 568/9/837 565/9/836
f 566/9/838 405/9/598 564/9/833
f 566/9/838 564/9/833 567/9/839
f 410/2/605 409/2/604 569/2/840
f 410/2/605 569/2/840 570/2/841
f 410/2/605 570/2/841 544/2/799
f 410/2/605 544/2/799 411/2/607
f 415/2/807 549/2/810 571/2/843
f 415/2/807 571/2/843 416/2/842
f 419/6/844 440/6/845 572/6/799
f 419/6/844 572/6/799 420/6/624
f 572/6/799 440/6/846 573/6/847
f 572/6/799 573/6/847 574/6/848
f 572/6/799 574/6/848 552/6/817
f 572/6/799 552/6/817 420/6/624
f 426/2/630 425/2/631 575/2/628
f 426/2/630 575/2/628 443/2/628
f 575/2/628 425/2/631 559/2/824
f 575/2/628 559/2/824 576/2/849
f 446/3/666 443/3/628 575/3/628
f 446/3/666 575/3/628 577/3/666
f 577/3/666 575/3/628 576/3/849
f 577/3/666 576/3/849 578/3/850
f 427/2/345 446/2/666 577/2/666
f 427/2/345 577/2/666 398/2/345
f 577/2/666 578/2/850 560/2/852
f 577/2/666 560/2/852 398/2/851
f 428/8/634 406/8/597 565/8/854
f 428/8/634 565/8/854 447/8/853
f 565/8/836 568/8/837 579/8/856
f 565/8/836 579/8/856 447/8/855
f 430/5/636 429/5/635 580/5/635
f 430/5/636 580/5/635 581/5/636
f 431/5/638 430/5/637 581/5/637
f 431/5/638 581/5/637 582/5/857
f 432/5/641 583/5/858 584/5/859
f 432/5/641 584/5/859 433/5/642
f 432/5/641 431/5/638 582/5/857
f 432/5/641 582/5/857 583/5/860
f 436/17/647 456/17/689 585/17/861
f 436/17/647 585/17/861 437/17/648
f 585/17/861 456/17/862 586/17/863
f 585/17/861 586/17/863 587/17/864
f 585/17/861 587/17/865 588/17/866
f 585/17/861 588/17/866 437/17/648
f 437/2/648 588/2/866 569/2/840
f 437/2/648 569/2/840 409/2/604
f 438/1/652 416/1/867 571/1/838
f 438/1/652 571/1/838 589/1/868
f 439/17/653 438/17/652 589/17/869
f 439/17/653 589/17/869 590/17/870
f 439/2/653 590/2/872 573/2/847
f 439/2/653 573/2/847 440/2/871
f 448/8/673 447/8/672 579/8/856
f 448/8/673 579/8/856 591/8/873
f 429/5/635 449/5/675 592/5/874
f 429/5/635 592/5/874 580/5/635
f 452/2/875 433/2/642 584/2/876
f 452/2/875 584/2/876 593/2/877
f 455/12/878 453/12/878 452/12/879
f 455/12/878 452/12/879 456/12/880
f 452/12/875 593/12/877 586/12/863
f 452/12/875 586/12/863 456/12/881
f 457/14/699 448/14/673 591/14/873
f 457/14/699 591/14/873 594/14/882
f 449/5/675 458/5/700 595/5/883
f 449/5/675 595/5/883 592/5/874
f 596/2/172 597/2/172 461/2/703
f 596/2/172 461/2/703 460/2/703
f 462/2/884 460/2/884 453/2/878
f 462/2/884 453/2/878 455/2/878
f 457/9/699 594/9/882 598/9/885
f 457/9/699 598/9/885 463/9/708
f 467/5/712 599/5/886 595/5/883
f 467/5/712 595/5/883 458/5/700
f 600/5/887 599/5/888 467/5/714
f 600/5/887 467/5/714 468/5/713
f 470/5/889 461/5/721 597/5/890
f 470/5/889 597/5/890 601/5/891
f 600/5/893 468/5/713 470/5/722
f 600/5/893 470/5/722 601/5/892
f 602/2/895 460/2/896 462/2/884
f 602/2/895 462/2/884 471/2/894
f 602/2/895 603/2/898 596/2/899
f 602/2/895 596/2/899 460/2/897
f 604/2/900 603/2/901 602/2/895
f 604/2/900 602/2/895 471/2/902
f 605/14/903 474/14/733 464/14/904
f 605/14/903 464/14/904 463/14/905
f 605/14/903 463/14/906 598/14/885
f 605/14/903 598/14/885 606/14/907
f 607/2/908 471/2/909 472/2/910
f 607/2/908 472/2/910 476/2/735
f 607/2/908 608/2/911 604/2/900
f 607/2/908 604/2/900 471/2/902
f 609/9/912 478/9/511 474/9/733
f 609/9/912 474/9/733 605/9/903
f 609/9/912 605/9/903 606/9/907
f 609/9/912 606/9/907 610/9/913
f 480/2/503 611/2/914 607/2/908
f 480/2/503 607/2/908 476/2/735
f 611/2/914 612/2/915 608/2/911
f 611/2/914 608/2/911 607/2/908
f 613/9/912 485/9/511 478/9/511
f 613/9/912 478/9/511 609/9/912
f 613/9/912 609/9/912 610/9/913
f 613/9/912 610/9/913 614/9/913
f 615/17/916 611/17/914 480/17/503
f 615/17/916 480/17/503 487/17/743
f 615/17/916 616/17/917 612/17/918
f 615/17/916 612/17/918 611/17/914
f 617/17/919 616/17/917 615/17/916
f 617/17/919 615/17/916 487/17/743
f 618/9/920 493/9/748 485/9/511
f 618/9/920 485/9/511 613/9/912
f 618/9/920 613/9/912 614/9/913
f 618/9/920 614/9/913 619/9/921
f 620/2/922 487/2/743 488/2/744
f 620/2/922 488/2/744 495/2/750
f 620/2/922 621/2/923 617/2/919
f 620/2/922 617/2/919 487/2/743
f 622/2/924 621/2/923 620/2/922
f 622/2/924 620/2/922 495/2/750
f 623/2/925 622/2/924 495/2/750
f 623/2/925 495/2/750 496/2/926
f 624/9/927 501/9/756 493/9/748
f 624/9/927 493/9/748 618/9/920
f 624/9/928 618/9/920 619/9/921
f 624/9/928 619/9/921 625/9/929
f 626/9/931 501/9/756 624/9/932
f 626/9/931 624/9/932 625/9/930
f 505/1/934 627/1/935 623/1/936
f 505/1/934 623/1/936 496/1/933
f 628/9/931 515/9/777 502/9/757
f 628/9/931 502/9/757 501/9/756
f 628/9/931 501/9/756 626/9/931
f 628/9/931 626/9/931 629/9/931
f 630/9/757 515/9/777 628/9/931
f 630/9/757 628/9/931 629/9/931
f 632/1/711 505/1/448 506/1/448
f 632/1/711 506/1/448 631/1/937
f 632/1/936 633/1/938 627/1/935
f 632/1/936 627/1/935 505/1/934
f 634/1/939 633/1/940 632/1/50
f 634/1/939 632/1/50 631/1/714
f 631/12/937 506/12/448 507/12/448
f 631/12/937 507/12/448 516/12/888
f 635/12/941 634/12/939 631/12/942
f 635/12/941 631/12/942 516/12/888
f 636/2/771 525/2/772 511/2/772
f 636/2/771 511/2/772 510/2/771
f 638/2/772 525/2/772 636/2/771
f 638/2/772 636/2/771 637/2/771
f 639/3/774 636/3/771 510/3/771
f 639/3/774 510/3/771 513/3/774
f 640/3/943 637/3/771 636/3/771
f 640/3/943 636/3/771 639/3/774
f 639/2/774 513/2/774 514/2/776
f 639/2/774 514/2/776 528/2/786
f 641/2/944 640/2/943 639/2/774
f 641/2/944 639/2/774 528/2/786
f 531/10/140 515/10/777 630/10/757
f 531/10/140 630/10/757 642/10/777
f 532/2/787 643/2/945 635/2/946
f 532/2/787 635/2/946 516/2/778
f 645/2/948 534/2/789 537/2/791
f 645/2/948 537/2/791 644/2/947
f 646/8/949 537/8/791 519/8/782
f 646/8/949 519/8/782 518/8/781
f 644/8/947 537/8/791 646/8/949
f 644/8/947 646/8/949 647/8/950
f 648/8/951 646/8/949 518/8/781
f 648/8/951 518/8/781 521/8/580
f 647/8/950 646/8/949 648/8/951
f 647/8/950 648/8/951 649/8/952
f 650/8/953 648/8/951 521/8/580
f 650/8/953 521/8/580 523/8/771
f 651/8/954 649/8/952 648/8/951
f 651/8/954 648/8/951 650/8/953
f 652/8/772 650/8/953 523/8/771
f 652/8/772 523/8/771 525/8/772
f 652/8/772 525/8/772 638/8/772
f 652/8/772 638/8/772 653/8/955
f 651/8/954 650/8/953 652/8/772
f 651/8/954 652/8/772 653/8/955
f 655/9/957 528/9/786 529/9/554
f 655/9/957 529/9/554 654/9/956
f 655/9/957 656/9/958 641/9/944
f 655/9/957 641/9/944 528/9/786
f 657/9/959 656/9/960 655/9/957
f 657/9/959 655/9/957 654/9/956
f 658/10/961 654/10/956 529/10/554
f 658/10/961 529/10/554 531/10/562
f 658/10/140 531/10/140 642/10/777
f 658/10/140 642/10/777 659/10/962
f 657/10/964 654/10/956 658/10/961
f 657/10/964 658/10/961 659/10/963
f 541/2/712 660/2/886 643/2/945
f 541/2/712 643/2/945 532/2/787
f 660/2/966 541/2/795 540/2/967
f 660/2/966 540/2/967 661/2/965
f 662/5/948 540/5/968 535/5/790
f 662/5/948 535/5/790 534/5/789
f 662/5/948 534/5/789 645/5/948
f 662/5/948 645/5/948 663/5/969
f 661/5/970 540/5/971 662/5/948
f 661/5/970 662/5/948 663/5/969
f 544/1/799 570/1/841 664/1/972
f 544/1/799 664/1/972 545/1/973
f 664/1/974 570/1/841 665/1/975
f 664/1/974 665/1/975 666/1/976
f 664/1/978 666/1/976 667/1/979
f 664/1/978 667/1/979 545/1/977
f 546/12/803 545/12/980 667/12/979
f 546/12/803 667/12/979 668/12/981
f 548/19/983 669/19/641 670/19/984
f 548/19/983 670/19/984 549/19/982
f 548/19/370 546/19/803 668/19/981
f 548/19/370 668/19/981 669/19/641
f 553/11/818 552/11/817 671/11/985
f 553/11/818 671/11/985 672/11/986
f 553/11/818 672/11/987 673/11/988
f 553/11/818 673/11/988 554/11/587
f 556/11/591 554/11/587 673/11/988
f 556/11/591 673/11/988 674/11/989
f 556/6/591 674/6/989 675/6/990
f 556/6/591 675/6/990 558/6/194
f 559/2/824 558/2/991 676/2/992
f 559/2/824 676/2/992 576/2/849
f 676/2/992 558/2/826 675/2/990
f 676/2/992 675/2/990 677/2/993
f 578/3/850 576/3/849 676/3/992
f 578/3/850 676/3/992 678/3/994
f 678/3/994 676/3/992 677/3/993
f 678/3/994 677/3/993 679/3/995
f 560/2/996 578/2/850 678/2/994
f 560/2/996 678/2/994 561/2/997
f 678/2/994 679/2/995 680/2/999
f 678/2/994 680/2/999 561/2/998
f 562/14/831 561/14/830 680/14/999
f 562/14/831 680/14/999 681/14/831
f 563/9/832 562/9/831 681/9/831
f 563/9/832 681/9/831 682/9/830
f 563/9/832 682/9/998 683/9/1000
f 563/9/832 683/9/1000 564/9/833
f 567/8/421 684/8/1001 685/8/673
f 567/8/421 685/8/673 568/8/837
f 567/8/839 564/8/833 683/8/1002
f 567/8/839 683/8/1002 684/8/1003
f 569/2/840 588/2/866 686/2/1004
f 569/2/840 686/2/1004 570/2/841
f 686/2/1004 588/2/866 687/2/1005
f 686/2/1004 687/2/1005 688/2/1006
f 686/2/1004 688/2/1006 665/2/975
f 686/2/1004 665/2/975 570/2/841
f 571/12/843 549/12/1008 689/12/1009
f 571/12/843 689/12/1009 589/12/1007
f 689/12/1009 690/12/1011 691/12/1012
f 689/12/1009 691/12/1012 589/12/1010
f 689/12/1009 549/12/810 670/12/984
f 689/12/1009 670/12/984 690/12/1011
f 573/7/847 590/7/1013 692/7/985
f 573/7/847 692/7/985 574/7/848
f 692/7/985 590/7/1013 693/7/1014
f 692/7/985 693/7/1014 694/7/817
f 692/7/985 694/7/817 695/7/848
f 692/7/985 695/7/848 574/7/848
f 574/11/848 695/11/848 671/11/985
f 574/11/848 671/11/985 552/11/817
f 579/8/856 568/8/837 685/8/673
f 579/8/856 685/8/673 696/8/1015
f 581/7/636 580/7/635 697/7/1016
f 581/7/636 697/7/1016 698/7/1017
f 582/7/857 581/7/637 698/7/1018
f 582/7/857 698/7/1018 699/7/1019
f 582/7/857 699/7/1019 700/7/1020
f 582/7/857 700/7/1020 583/7/381
f 584/2/1021 583/2/610 701/2/1022
f 584/2/1021 701/2/1022 593/2/877
f 701/2/1022 583/2/380 700/2/1020
f 701/2/1022 700/2/1020 702/2/1023
f 586/12/863 593/12/877 701/12/1022
f 586/12/863 701/12/1022 587/12/1024
f 701/12/1022 702/12/1023 703/12/1026
f 701/12/1022 703/12/1026 587/12/1025
f 587/1/1027 703/1/1026 687/1/1005
f 587/1/1027 687/1/1005 588/1/866
f 590/2/870 589/2/869 691/2/1028
f 590/2/870 691/2/1028 693/2/1028
f 591/8/873 579/8/856 696/8/1015
f 591/8/873 696/8/1015 704/8/1015
f 580/16/635 592/16/874 705/16/874
f 580/16/635 705/16/874 697/16/1016
f 594/14/882 591/14/873 704/14/1015
f 594/14/882 704/14/1015 706/14/1015
f 592/16/874 595/16/883 707/16/675
f 592/16/874 707/16/675 705/16/874
f 598/9/885 594/9/882 706/9/1015
f 598/9/885 706/9/1015 708/9/1015
f 595/7/883 599/7/886 709/7/700
f 595/7/883 709/7/700 707/7/675
f 601/2/1030 597/2/1031 596/2/1031
f 601/2/1030 596/2/1031 603/2/1029
f 606/14/907 598/14/885 708/14/1015
f 606/14/907 708/14/1015 710/14/1015
f 712/7/711 599/7/888 600/7/1033
f 712/7/711 600/7/1033 711/7/1032
f 712/7/538 713/7/712 709/7/700
f 712/7/538 709/7/700 599/7/886
f 714/7/1034 713/7/714 712/7/50
f 714/7/1034 712/7/50 711/7/1035
f 715/7/1036 711/7/1032 600/7/887
f 715/7/1036 600/7/887 601/7/1037
f 714/7/1034 711/7/1039 715/7/1036
f 714/7/1034 715/7/1036 716/7/1038
f 715/2/1036 601/2/1030 603/2/1041
f 715/2/1036 603/2/1041 717/2/1040
f 718/2/1042 716/2/1038 715/2/1036
f 718/2/1042 715/2/1036 717/2/1043
f 717/2/1043 603/2/1044 604/2/900
f 717/2/1043 604/2/900 608/2/911
f 610/9/913 606/9/907 710/9/1015
f 610/9/913 710/9/1015 719/9/1015
f 720/2/1045 717/2/1043 608/2/911
f 720/2/1045 608/2/911 612/2/918
f 720/2/1045 721/2/1047 718/2/1042
f 720/2/1045 718/2/1042 717/2/1046
f 722/2/1048 721/2/1047 720/2/1045
f 722/2/1048 720/2/1045 612/2/1049
f 614/9/913 610/9/913 719/9/1015
f 614/9/913 719/9/1015 723/9/1015
f 616/1/917 724/1/1050 722/1/1048
f 616/1/917 722/1/1048 612/1/918
f 619/9/921 614/9/913 723/9/1015
f 619/9/921 723/9/1015 725/9/882
f 726/1/1051 616/1/917 617/1/919
f 726/1/1051 617/1/919 621/1/923
f 726/1/1051 727/1/1052 724/1/1050
f 726/1/1051 724/1/1050 616/1/917
f 728/1/1053 727/1/1052 726/1/1051
f 728/1/1053 726/1/1051 621/1/923
f 619/9/921 725/9/882 729/9/1055
f 619/9/921 729/9/1055 625/9/1054
f 731/2/1057 621/2/1058 622/2/924
f 731/2/1057 622/2/924 730/2/1056
f 731/2/1060 732/2/1061 728/2/1053
f 731/2/1060 728/2/1053 621/2/1059
f 733/2/714 732/2/1061 731/2/1062
f 733/2/714 731/2/1062 730/2/1063
f 730/1/1064 622/1/924 623/1/925
f 730/1/1064 623/1/925 627/1/888
f 734/1/1061 733/1/714 730/1/1056
f 734/1/1061 730/1/1056 627/1/1065
f 735/9/930 629/9/931 626/9/931
f 735/9/930 626/9/931 625/9/1066
f 735/9/930 625/9/1067 729/9/1055
f 735/9/930 729/9/1055 736/9/1068
f 737/9/931 629/9/931 735/9/930
f 737/9/931 735/9/930 736/9/1069
f 633/12/1071 738/12/1072 734/12/1061
f 633/12/1071 734/12/1061 627/12/1070
f 739/12/1073 738/12/1072 633/12/940
f 739/12/1073 633/12/940 634/12/939
f 740/2/1074 739/2/1073 634/2/939
f 740/2/1074 634/2/939 635/2/941
f 741/9/931 642/9/777 630/9/757
f 741/9/931 630/9/757 629/9/931
f 741/9/931 629/9/931 737/9/931
f 741/9/931 737/9/931 742/9/1075
f 743/9/757 642/9/777 741/9/931
f 743/9/757 741/9/931 742/9/1075
f 635/2/946 643/2/945 744/2/1076
f 635/2/946 744/2/1076 740/2/1077
f 746/8/1079 644/8/947 647/8/950
f 746/8/1079 647/8/950 745/8/1078
f 747/8/1080 745/8/1078 647/8/950
f 747/8/1080 647/8/950 649/8/952
f 748/2/771 653/2/955 638/2/772
f 748/2/771 638/2/772 637/2/771
f 750/2/782 653/2/955 748/2/771
f 750/2/782 748/2/771 749/2/781
f 751/3/1081 748/3/771 637/3/771
f 751/3/1081 637/3/771 640/3/943
f 752/3/1082 749/3/781 748/3/771
f 752/3/1082 748/3/771 751/3/1081
f 751/2/1081 640/2/943 641/2/944
f 751/2/1081 641/2/944 656/2/960
f 753/2/1083 752/2/1082 751/2/1081
f 753/2/1083 751/2/1081 656/2/1084
f 754/10/1085 753/10/1083 656/10/960
f 754/10/1085 656/10/960 657/10/959
f 659/10/962 642/10/777 743/10/757
f 659/10/962 743/10/757 755/10/1086
f 643/2/945 660/2/886 756/2/1087
f 643/2/945 756/2/1087 744/2/1076
f 758/2/1089 661/2/970 663/2/969
f 758/2/1089 663/2/969 757/2/1088
f 759/8/1090 663/8/969 645/8/948
f 759/8/1090 645/8/948 644/8/947
f 759/8/1090 644/8/947 746/8/1079
f 759/8/1090 746/8/1079 760/8/1091
f 757/8/1088 663/8/969 759/8/1090
f 757/8/1088 759/8/1090 760/8/1091
f 762/8/1080 649/8/952 651/8/954
f 762/8/1080 651/8/954 761/8/1092
f 762/8/1080 763/8/1080 747/8/1080
f 762/8/1080 747/8/1080 649/8/952
f 764/8/1093 763/8/1094 762/8/1080
f 764/8/1093 762/8/1080 761/8/1095
f 765/14/1096 761/14/1097 651/14/954
f 765/14/1096 651/14/954 653/14/955
f 765/14/1098 653/14/955 750/14/782
f 765/14/1098 750/14/782 766/14/1099
f 764/14/1093 761/14/1092 765/14/1101
f 764/14/1093 765/14/1101 766/14/1100
f 767/9/1102 768/9/1102 657/9/964
f 767/9/1102 657/9/964 659/9/963
f 767/9/1103 659/9/962 755/9/1086
f 767/9/1103 755/9/1086 769/9/1104
f 768/9/1106 770/9/1107 754/9/1085
f 768/9/1106 754/9/1085 657/9/1105
f 769/9/1108 770/9/1109 768/9/1110
f 769/9/1108 768/9/1110 767/9/1110
f 771/2/1111 772/2/1111 660/2/1111
f 771/2/1111 660/2/1111 661/2/1111
f 771/2/1112 661/2/1113 758/2/1089
f 771/2/1112 758/2/1089 773/2/1114
f 772/2/538 774/2/712 756/2/1087
f 772/2/538 756/2/1087 660/2/886
f 774/2/1115 772/2/1116 771/2/1116
f 774/2/1115 771/2/1116 773/2/1115
f 683/8/1002 682/8/997 775/8/1117
f 683/8/1002 775/8/1117 776/8/1118
f 775/8/1119 682/8/1120 777/8/818
f 775/8/1119 777/8/818 778/8/1121
f 775/8/1123 778/8/1121 779/8/1124
f 775/8/1123 779/8/1124 776/8/1122
f 683/8/1125 776/8/805 780/8/806
f 683/8/1125 780/8/806 684/8/1003
f 780/8/1126 781/8/1127 782/8/1128
f 780/8/1126 782/8/1128 684/8/1001
f 780/8/17 776/8/361 779/8/1124
f 780/8/17 779/8/1124 781/8/1129
f 666/12/976 665/12/975 783/12/1130
f 666/12/976 783/12/1130 784/12/1131
f 666/12/976 784/12/1132 785/12/988
f 666/12/976 785/12/988 667/12/979
f 668/19/981 667/19/979 785/19/988
f 668/19/981 785/19/988 786/19/1133
f 669/19/641 787/19/1134 788/19/1135
f 669/19/641 788/19/1135 670/19/984
f 669/19/641 668/19/981 786/19/1133
f 669/19/641 786/19/1133 787/19/1136
f 671/6/985 695/6/848 789/6/847
f 671/6/985 789/6/847 672/6/1013
f 789/6/847 695/6/848 790/6/799
f 789/6/847 790/6/799 791/6/1137
f 789/6/847 791/6/1139 792/6/1140
f 789/6/847 792/6/1140 672/6/1138
f 673/11/988 672/11/1141 792/11/1140
f 673/11/988 792/11/1140 793/11/1142
f 674/11/989 673/11/988 793/11/1142
f 674/11/989 793/11/1142 794/11/1143
f 675/6/990 674/6/989 794/6/1143
f 675/6/990 794/6/1143 795/6/1143
f 677/2/993 675/2/990 795/2/1143
f 677/2/993 795/2/1143 796/2/1143
f 679/3/995 677/3/993 796/3/1143
f 679/3/995 796/3/1143 797/3/1142
f 680/2/999 679/2/995 797/2/1142
f 680/2/999 797/2/1142 798/2/999
f 681/8/831 680/8/999 798/8/999
f 681/8/831 798/8/999 799/8/1144
f 681/14/831 799/14/1144 777/14/818
f 681/14/831 777/14/818 682/14/1145
f 685/8/673 684/8/1001 782/8/1128
f 685/8/673 782/8/1128 800/8/873
f 688/2/1006 687/2/1005 801/2/1146
f 688/2/1006 801/2/1146 802/2/1147
f 688/2/1006 802/2/1148 783/2/1130
f 688/2/1006 783/2/1130 665/2/975
f 690/1/1011 803/1/1149 804/1/1150
f 690/1/1011 804/1/1150 691/1/1012
f 690/1/1011 670/1/984 788/1/1135
f 690/1/1011 788/1/1135 803/1/1151
f 694/6/817 693/6/1014 805/6/1152
f 694/6/817 805/6/1152 806/6/1153
f 694/6/817 806/6/1154 790/6/799
f 694/6/817 790/6/799 695/6/848
f 696/8/1015 685/8/673 800/8/873
f 696/8/1015 800/8/873 807/8/1015
f 698/6/1017 697/6/1016 808/6/1155
f 698/6/1017 808/6/1155 809/6/1156
f 698/6/1018 809/6/1157 810/6/1158
f 698/6/1018 810/6/1158 699/6/1019
f 700/6/1020 699/6/1019 810/6/1159
f 700/6/1020 810/6/1159 811/6/826
f 700/2/1020 811/2/194 812/2/591
f 700/2/1020 812/2/591 702/2/1023
f 703/19/1026 702/19/1023 812/19/591
f 703/19/1026 812/19/591 813/19/1160
f 687/12/1005 703/12/1026 813/12/1160
f 687/12/1005 813/12/1160 801/12/1161
f 691/2/1028 804/2/364 805/2/364
f 691/2/1028 805/2/364 693/2/1028
f 704/8/1015 696/8/1015 807/8/1015
f 704/8/1015 807/8/1015 814/8/1015
f 697/6/1016 705/6/874 815/6/874
f 697/6/1016 815/6/874 808/6/1155
f 706/14/1015 704/14/1015 814/14/1015
f 706/14/1015 814/14/1015 816/14/1015
f 705/6/874 707/6/675 817/6/874
f 705/6/874 817/6/874 815/6/874
f 708/9/1015 706/9/1015 816/9/1015
f 708/9/1015 816/9/1015 818/9/1015
f 707/6/675 709/6/700 819/6/883
f 707/6/675 819/6/883 817/6/874
f 710/14/1015 708/14/1015 818/14/1015
f 710/14/1015 818/14/1015 820/14/1015
f 713/7/712 821/7/886 819/7/883
f 713/7/712 819/7/883 709/7/700
f 822/7/1162 821/7/888 713/7/714
f 822/7/1162 713/7/714 714/7/1034
f 823/7/1080 822/7/1162 714/7/1034
f 823/7/1080 714/7/1034 716/7/1038
f 719/9/1015 710/9/1015 820/9/1015
f 719/9/1015 820/9/1015 824/9/1015
f 825/2/1163 716/2/1038 718/2/1042
f 825/2/1163 718/2/1042 721/2/1047
f 825/2/1163 826/2/1164 823/2/1080
f 825/2/1163 823/2/1080 716/2/1038
f 827/2/1165 826/2/1164 825/2/1163
f 827/2/1165 825/2/1163 721/2/1047
f 723/9/1015 719/9/1015 824/9/1015
f 723/9/1015 824/9/1015 828/9/1015
f 829/12/1167 721/12/1047 722/12/1048
f 829/12/1167 722/12/1048 724/12/1166
f 829/12/1167 830/12/1168 827/12/1165
f 829/12/1167 827/12/1165 721/12/1047
f 831/12/1169 830/12/1168 829/12/1167
f 831/12/1169 829/12/1167 724/12/1050
f 725/9/882 723/9/1015 828/9/1015
f 725/9/882 828/9/1015 832/9/1015
f 727/12/1052 833/12/1053 831/12/1169
f 727/12/1052 831/12/1169 724/12/1170
f 834/12/1052 833/12/1053 727/12/1052
f 834/12/1052 727/12/1052 728/12/1053
f 729/9/1055 725/9/882 832/9/1015
f 729/9/1055 832/9/1015 835/9/882
f 732/2/1061 836/2/1070 834/2/1052
f 732/2/1061 834/2/1052 728/2/1053
f 837/2/1056 836/2/1065 732/2/1061
f 837/2/1056 732/2/1061 733/2/714
f 838/12/1062 837/12/1063 733/12/714
f 838/12/1062 733/12/714 734/12/1061
f 729/9/1055 835/9/882 839/9/1172
f 729/9/1055 839/9/1172 736/9/1171
f 738/12/1072 840/12/1173 838/12/1060
f 738/12/1072 838/12/1060 734/12/1061
f 841/12/524 840/12/1174 738/12/1072
f 841/12/524 738/12/1072 739/12/1073
f 842/12/50 841/12/527 739/12/1073
f 842/12/50 739/12/1073 740/12/1074
f 843/9/1175 742/9/1075 737/9/931
f 843/9/1175 737/9/931 736/9/930
f 843/9/1176 736/9/1177 839/9/1172
f 843/9/1176 839/9/1172 844/9/1178
f 845/9/1179 742/9/1075 843/9/1180
f 845/9/1179 843/9/1180 844/9/1178
f 744/2/1076 846/2/886 842/2/538
f 744/2/1076 842/2/538 740/2/1077
f 847/14/1181 755/14/1182 743/14/757
f 847/14/1181 743/14/757 742/14/1075
f 847/14/1181 742/14/1075 845/14/1179
f 847/14/1181 845/14/1179 848/14/1179
f 849/14/1183 755/14/1086 847/14/1181
f 849/14/1183 847/14/1181 848/14/1179
f 744/2/1076 756/2/1087 850/2/1184
f 744/2/1076 850/2/1184 846/2/886
f 852/2/725 758/2/1089 757/2/1088
f 852/2/725 757/2/1088 851/2/1185
f 851/8/1185 757/8/1088 760/8/1091
f 851/8/1185 760/8/1091 853/8/1186
f 854/8/1187 760/8/1091 746/8/1079
f 854/8/1187 746/8/1079 745/8/1078
f 853/8/1186 760/8/1091 854/8/1187
f 853/8/1186 854/8/1187 855/8/1188
f 854/8/1187 745/8/1078 747/8/1080
f 854/8/1187 747/8/1080 763/8/1189
f 856/8/1190 855/8/1188 854/8/1187
f 856/8/1190 854/8/1187 763/8/1191
f 856/14/1190 763/14/1193 764/14/1093
f 856/14/1190 764/14/1093 857/14/1192
f 858/8/1194 857/8/1192 764/8/1093
f 858/8/1194 764/8/1093 766/8/1195
f 859/2/1196 766/2/1197 750/2/782
f 859/2/1196 750/2/782 749/2/781
f 858/2/1194 766/2/1100 859/2/1196
f 858/2/1194 859/2/1196 860/2/1198
f 861/3/1199 859/3/1196 749/3/781
f 861/3/1199 749/3/781 752/3/1082
f 862/3/1200 860/3/1198 859/3/1196
f 862/3/1200 859/3/1196 861/3/1199
f 863/2/1201 861/2/1199 752/2/1082
f 863/2/1201 752/2/1082 753/2/1083
f 864/2/1202 862/2/1200 861/2/1199
f 864/2/1202 861/2/1199 863/2/1201
f 863/9/1201 753/9/1083 754/9/1085
f 863/9/1201 754/9/1085 770/9/1203
f 865/9/1204 864/9/1202 863/9/1201
f 865/9/1204 863/9/1201 770/9/1205
f 769/14/1104 755/14/1206 849/14/1183
f 769/14/1104 849/14/1183 866/14/1207
f 866/14/1208 865/14/1204 770/14/1109
f 866/14/1208 770/14/1109 769/14/1108
f 773/2/1114 758/2/1089 852/2/719
f 773/2/1114 852/2/719 867/2/1209
f 774/2/712 868/2/886 850/2/1184
f 774/2/712 850/2/1184 756/2/1087
f 868/2/1211 774/2/1115 773/2/1115
f 868/2/1211 773/2/1115 867/2/1210
f 778/8/1121 777/8/818 869/8/815
f 778/8/1121 869/8/815 870/8/1212
f 778/8/1121 870/8/1213 871/8/1214
f 778/8/1121 871/8/1214 779/8/1124
f 781/8/1127 872/8/1001 873/8/673
f 781/8/1127 873/8/673 782/8/1128
f 781/8/1129 779/8/1124 871/8/1215
f 781/8/1129 871/8/1215 872/8/1003
f 783/2/1130 802/2/1216 874/2/1217
f 783/2/1130 874/2/1217 784/2/1218
f 874/2/1217 802/2/1148 875/2/1219
f 874/2/1217 875/2/1219 876/2/1220
f 874/2/1221 876/2/1222 877/2/1223
f 874/2/1221 877/2/1223 784/2/1132
f 785/19/988 784/19/1224 877/19/1223
f 785/19/988 877/19/1223 878/19/1142
f 786/12/1133 785/12/988 878/12/1142
f 786/12/1133 878/12/1142 879/12/989
f 786/1/1133 879/1/989 880/1/1226
f 786/1/1133 880/1/1226 787/1/1225
f 788/2/1135 787/2/1228 881/2/1229
f 788/2/1135 881/2/1229 803/2/1227
f 881/2/1230 882/2/1231 883/2/1232
f 881/2/1230 883/2/1232 803/2/1149
f 881/2/1233 787/2/1136 880/2/1226
f 881/2/1233 880/2/1226 882/2/1231
f 790/11/799 806/11/1234 884/11/972
f 790/11/799 884/11/972 791/11/846
f 884/11/974 806/11/1153 885/11/1235
f 884/11/974 885/11/1235 886/11/1236
f 884/11/978 886/11/1236 887/11/1223
f 884/11/978 887/11/1223 791/11/1237
f 792/7/1140 791/7/1238 887/7/1223
f 792/7/1140 887/7/1223 888/7/1142
f 793/20/1142 792/20/1140 888/20/1142
f 793/20/1142 888/20/1142 889/20/1143
f 794/11/1143 793/11/1142 889/11/1143
f 794/11/1143 889/11/1143 890/11/1143
f 795/7/1143 794/7/1143 890/7/1143
f 795/7/1143 890/7/1143 891/7/1143
f 796/2/1143 795/2/1143 891/2/1143
f 796/2/1143 891/2/1143 892/2/1143
f 797/3/1142 796/3/1143 892/3/1143
f 797/3/1142 892/3/1143 893/3/988
f 798/2/999 797/2/1142 893/2/988
f 798/2/999 893/2/988 894/2/830
f 798/8/999 894/8/998 895/8/1239
f 798/8/999 895/8/1239 799/8/1144
f 799/8/1144 895/8/1239 869/8/819
f 799/8/1144 869/8/819 777/8/818
f 800/10/873 782/10/1128 873/10/673
f 800/10/873 873/10/673 896/10/1015
f 810/7/1240 809/7/1157 897/7/581
f 810/7/1240 897/7/581 898/7/1241
f 897/7/1242 809/7/1156 899/7/1243
f 897/7/1242 899/7/1243 900/7/1244
f 897/7/362 900/7/363 901/7/1246
f 897/7/362 901/7/1246 898/7/1245
f 810/7/1158 898/7/1248 902/7/1249
f 810/7/1158 902/7/1249 811/7/1247
f 902/7/1249 903/7/1249 904/7/1249
f 902/7/1249 904/7/1249 811/7/1249
f 902/7/1249 898/7/1250 901/7/1246
f 902/7/1249 901/7/1246 903/7/1251
f 802/2/1148 801/2/1220 905/2/583
f 802/2/1148 905/2/583 875/2/1219
f 805/5/1252 804/5/1252 803/5/1253
f 805/5/1252 803/5/1253 806/5/1254
f 806/5/1255 803/5/1256 883/5/1257
f 806/5/1255 883/5/1257 885/5/1257
f 807/10/1015 800/10/873 896/10/1015
f 807/10/1015 896/10/1015 906/10/1015
f 808/7/1155 907/7/1258 899/7/1243
f 808/7/1155 899/7/1243 809/7/1156
f 812/2/591 811/2/1251 904/2/1249
f 812/2/591 904/2/1249 908/2/1259
f 813/12/1160 812/12/591 908/12/1259
f 813/12/1160 908/12/1259 909/12/1260
f 813/19/1160 909/19/1261 905/19/362
f 813/19/1160 905/19/362 801/19/1161
f 814/8/1015 807/8/1015 906/8/1015
f 814/8/1015 906/8/1015 910/8/1015
f 808/16/1155 815/16/874 911/16/874
f 808/16/1155 911/16/874 907/16/1258
f 816/14/1015 814/14/1015 910/14/1015
f 816/14/1015 910/14/1015 912/14/1015
f 815/16/874 817/16/874 913/16/874
f 815/16/874 913/16/874 911/16/874
f 818/9/1015 816/9/1015 912/9/1015
f 818/9/1015 912/9/1015 914/9/1015
f 817/7/874 819/7/883 915/7/675
f 817/7/874 915/7/675 913/7/874
f 820/14/1015 818/14/1015 914/14/1015
f 820/14/1015 914/14/1015 916/14/1015
f 819/7/883 821/7/886 917/7/1262
f 819/7/883 917/7/1262 915/7/675
f 824/9/1015 820/9/1015 916/9/1015
f 824/9/1015 916/9/1015 918/9/1015
f 920/7/711 821/7/888 822/7/1162
f 920/7/711 822/7/1162 919/7/1263
f 920/7/538 921/7/1077 917/7/1262
f 920/7/538 917/7/1262 821/7/886
f 922/7/1264 921/7/1074 920/7/50
f 922/7/1264 920/7/50 919/7/1265
f 919/7/1266 822/7/1162 823/7/1080
f 919/7/1266 823/7/1080 826/7/1164
f 923/7/1267 922/7/1264 919/7/1266
f 923/7/1267 919/7/1266 826/7/1164
f 924/2/1268 923/2/1269 826/2/1164
f 924/2/1268 826/2/1164 827/2/1165
f 828/14/1015 824/14/1015 918/14/1015
f 828/14/1015 918/14/1015 925/14/1015
f 830/12/1168 926/12/1270 924/12/1268
f 830/12/1168 924/12/1268 827/12/1165
f 927/12/1271 926/12/1270 830/12/1168
f 927/12/1271 830/12/1168 831/12/1169
f 832/14/1015 828/14/1015 925/14/1015
f 832/14/1015 925/14/1015 928/14/1015
f 833/19/1053 929/19/1272 927/19/1271
f 833/19/1053 927/19/1271 831/19/1169
f 930/19/1051 929/19/1272 833/19/1053
f 930/19/1051 833/19/1053 834/19/1052
f 835/14/882 832/14/1015 928/14/1015
f 835/14/882 928/14/1015 931/14/1015
f 836/2/935 932/2/1273 930/2/1051
f 836/2/935 930/2/1051 834/2/1052
f 839/14/1172 835/14/882 931/14/1015
f 839/14/1172 931/14/1015 933/14/699
f 935/2/711 836/2/888 837/2/1064
f 935/2/711 837/2/1064 934/2/766
f 935/2/936 936/2/938 932/2/1273
f 935/2/936 932/2/1273 836/2/935
f 937/2/1073 936/2/940 935/2/50
f 937/2/1073 935/2/50 934/2/527
f 934/19/524 837/19/1056 838/19/1057
f 934/19/524 838/19/1057 840/19/1274
f 938/19/1275 937/19/1073 934/19/524
f 938/19/1275 934/19/524 840/19/1174
f 844/14/1178 839/14/1172 933/14/699
f 844/14/1178 933/14/699 939/14/1276
f 940/14/1181 845/14/1179 844/14/1178
f 940/14/1181 844/14/1178 939/14/1277
f 942/12/1057 840/12/1274 841/12/524
f 942/12/1057 841/12/524 941/12/1056
f 942/12/1060 943/12/1278 938/12/1275
f 942/12/1060 938/12/1275 840/12/1173
f 944/12/939 943/12/1278 942/12/1062
f 944/12/939 942/12/1062 941/12/1063
f 941/2/1064 841/2/766 842/2/711
f 941/2/1064 842/2/711 846/2/888
f 945/2/941 944/2/939 941/2/1056
f 945/2/941 941/2/1056 846/2/888
f 848/14/1179 845/14/1179 940/14/1181
f 848/14/1179 940/14/1181 946/14/1279
f 947/14/1280 849/14/1183 848/14/1179
f 947/14/1280 848/14/1179 946/14/1279
f 850/2/1184 948/2/1281 945/2/946
f 850/2/1184 945/2/946 846/2/886
f 950/8/1079 853/8/1186 855/8/1188
f 950/8/1079 855/8/1188 949/8/1282
f 951/14/1199 949/14/1282 855/14/1188
f 951/14/1199 855/14/1188 856/14/1190
f 952/8/1196 951/8/1199 856/8/1190
f 952/8/1196 856/8/1190 857/8/1192
f 952/8/1196 857/8/1192 858/8/1194
f 952/8/1196 858/8/1194 953/8/1100
f 954/2/1283 953/2/1195 858/2/1194
f 954/2/1283 858/2/1194 860/2/1198
f 955/3/1284 954/3/1283 860/3/1198
f 955/3/1284 860/3/1198 862/3/1200
f 955/2/1284 862/2/1200 864/2/1202
f 955/2/1284 864/2/1202 956/2/1193
f 957/10/1285 956/10/1191 864/10/1202
f 957/10/1285 864/10/1202 865/10/1204
f 866/9/1207 849/9/1183 947/9/1280
f 866/9/1207 947/9/1280 958/9/1286
f 957/9/1288 865/9/1204 866/9/1289
f 957/9/1288 866/9/1289 958/9/1287
f 850/2/1184 868/2/886 959/2/1262
f 850/2/1184 959/2/1262 948/2/1281
f 960/1/1290 867/1/1291 852/1/716
f 960/1/1290 852/1/716 851/1/1185
f 962/1/1293 867/1/1294 960/1/1290
f 962/1/1293 960/1/1290 961/1/1292
f 963/2/1079 960/2/1290 851/2/1185
f 963/2/1079 851/2/1185 853/2/1186
f 963/2/1079 853/2/1186 950/2/1079
f 963/2/1079 950/2/1079 964/2/1079
f 961/2/1292 960/2/1290 963/2/1079
f 961/2/1292 963/2/1079 964/2/1295
f 965/2/792 966/2/792 868/2/792
f 965/2/792 868/2/792 867/2/1296
f 965/2/1297 867/2/1209 962/2/1293
f 965/2/1297 962/2/1293 967/2/1298
f 966/2/538 968/2/1077 959/2/1262
f 966/2/538 959/2/1262 868/2/886
f 968/2/1299 966/2/1116 965/2/1116
f 968/2/1299 965/2/1116 967/2/1299
f 871/8/1300 870/8/1301 969/8/813
f 871/8/1300 969/8/813 970/8/1302
f 969/8/815 870/8/1212 971/8/1303
f 969/8/815 971/8/1303 972/8/1304
f 969/8/819 972/8/1304 973/8/364
f 969/8/819 973/8/364 970/8/1305
f 871/8/1306 970/8/1307 974/8/806
f 871/8/1306 974/8/806 872/8/1003
f 974/8/1126 975/8/1308 976/8/1309
f 974/8/1126 976/8/1309 872/8/1001
f 974/8/17 970/8/361 973/8/364
f 974/8/17 973/8/364 975/8/1310
f 895/8/1239 894/8/997 977/8/1117
f 895/8/1239 977/8/1117 978/8/1311
f 977/8/1119 894/8/1120 979/8/1312
f 977/8/1119 979/8/1312 980/8/1313
f 977/8/1123 980/8/1313 981/8/1314
f 977/8/1123 981/8/1314 978/8/1311
f 869/8/813 895/8/1239 978/8/1311
f 869/8/813 978/8/1311 870/8/1301
f 978/8/1311 981/8/1314 971/8/1303
f 978/8/1311 971/8/1303 870/8/1213
f 873/10/673 872/10/1001 976/10/1309
f 873/10/673 976/10/1309 982/10/873
f 876/2/1315 875/2/1316 983/2/1317
f 876/2/1315 983/2/1317 984/2/1318
f 877/2/1223 876/2/1222 984/2/1318
f 877/2/1223 984/2/1318 985/2/1319
f 878/12/1142 877/12/1223 985/12/1319
f 878/12/1142 985/12/1319 986/12/1143
f 879/2/989 878/2/1142 986/2/1143
f 879/2/989 986/2/1143 987/2/1143
f 880/2/1226 879/2/989 987/2/1143
f 880/2/1226 987/2/1143 988/2/1320
f 883/2/1232 882/2/1231 989/2/1321
f 883/2/1232 989/2/1321 990/2/1322
f 882/2/1231 880/2/1226 988/2/1320
f 882/2/1231 988/2/1320 989/2/1321
f 886/11/1236 885/11/1235 991/11/1323
f 886/11/1236 991/11/1323 992/11/1324
f 887/11/1223 886/11/1236 992/11/1324
f 887/11/1223 992/11/1324 993/11/1319
f 888/20/1142 887/20/1223 993/20/1319
f 888/20/1142 993/20/1319 994/20/1143
f 889/6/1143 888/6/1142 994/6/1143
f 889/6/1143 994/6/1143 995/6/1143
f 890/11/1143 889/11/1143 995/11/1143
f 890/11/1143 995/11/1143 996/11/1143
f 891/2/1143 890/2/1143 996/2/1143
f 891/2/1143 996/2/1143 997/2/1143
f 892/2/1143 891/2/1143 997/2/1143
f 892/2/1143 997/2/1143 998/2/1143
f 893/17/988 892/17/1143 998/17/1143
f 893/17/988 998/17/1143 999/17/1325
f 893/2/988 999/2/1325 979/2/1312
f 893/2/988 979/2/1312 894/2/1145
f 896/10/1015 873/10/673 982/10/873
f 896/10/1015 982/10/873 1000/10/1015
f 900/2/1244 899/2/1243 1001/2/635
f 900/2/1244 1001/2/635 1002/2/636
f 901/2/1246 900/2/363 1002/2/637
f 901/2/1246 1002/2/637 1003/2/1326
f 901/2/1246 1003/2/1326 1004/2/990
f 901/2/1246 1004/2/990 903/2/194
f 904/2/1249 903/2/1247 1005/2/992
f 904/2/1249 1005/2/992 908/2/1259
f 1005/2/992 903/2/826 1004/2/990
f 1005/2/992 1004/2/990 1006/2/993
f 909/2/1260 908/2/1259 1005/2/992
f 909/2/1260 1005/2/992 1007/2/1327
f 1007/2/1327 1005/2/992 1006/2/993
f 1007/2/1327 1006/2/993 1008/2/1328
f 905/2/581 909/2/1329 1007/2/1327
f 905/2/581 1007/2/1327 875/2/1157
f 1007/2/1327 1008/2/1328 983/2/1317
f 1007/2/1327 983/2/1317 875/2/1330
f 885/7/1257 883/7/1257 990/7/1143
f 885/7/1257 990/7/1143 991/7/1143
f 906/10/1015 896/10/1015 1000/10/1015
f 906/10/1015 1000/10/1015 1009/10/1015
f 899/7/1243 907/7/1258 1010/7/874
f 899/7/1243 1010/7/874 1001/7/635
f 910/10/1015 906/10/1015 1009/10/1015
f 910/10/1015 1009/10/1015 1011/10/1015
f 907/16/1258 911/16/874 1012/16/874
f 907/16/1258 1012/16/874 1010/16/874
f 912/14/1015 910/14/1015 1011/14/1015
f 912/14/1015 1011/14/1015 1013/14/1015
f 911/16/874 913/16/874 1014/16/874
f 911/16/874 1014/16/874 1012/16/874
f 914/9/1015 912/9/1015 1013/9/1015
f 914/9/1015 1013/9/1015 1015/9/1015
f 913/7/874 915/7/675 1016/7/874
f 913/7/874 1016/7/874 1014/7/874
f 916/14/1015 914/14/1015 1015/14/1015
f 916/14/1015 1015/14/1015 1017/14/1015
f 915/7/675 917/7/1262 1018/7/1331
f 915/7/675 1018/7/1331 1016/7/874
f 918/9/1015 916/9/1015 1017/9/1015
f 918/9/1015 1017/9/1015 1019/9/1015
f 917/7/1262 921/7/1077 1020/7/1332
f 917/7/1262 1020/7/1332 1018/7/1331
f 1021/7/1333 1020/7/1334 921/7/1074
f 1021/7/1333 921/7/1074 922/7/1264
f 1022/7/1335 1021/7/1333 922/7/1264
f 1022/7/1335 922/7/1264 923/7/1336
f 925/9/1015 918/9/1015 1019/9/1015
f 925/9/1015 1019/9/1015 1023/9/1015
f 1024/2/1337 923/2/1338 924/2/1268
f 1024/2/1337 924/2/1268 926/2/1270
f 1024/2/1337 1025/2/1340 1022/2/1335
f 1024/2/1337 1022/2/1335 923/2/1339
f 1026/2/1341 1025/2/1340 1024/2/1337
f 1026/2/1341 1024/2/1337 926/2/1270
f 928/9/1015 925/9/1015 1023/9/1015
f 928/9/1015 1023/9/1015 1027/9/1015
f 1028/12/1271 926/12/1270 927/12/1271
f 1028/12/1271 927/12/1271 929/12/1272
f 1028/12/1271 1029/12/1341 1026/12/1341
f 1028/12/1271 1026/12/1341 926/12/1270
f 1030/12/1341 1029/12/1341 1028/12/1271
f 1030/12/1341 1028/12/1271 929/12/1272
f 931/9/1015 928/9/1015 1027/9/1015
f 931/9/1015 1027/9/1015 1031/9/1015
f 1032/12/1167 929/12/1272 930/12/1051
f 1032/12/1167 930/12/1051 932/12/1342
f 1032/12/1167 1033/12/1343 1030/12/1341
f 1032/12/1167 1030/12/1341 929/12/1272
f 1034/12/1344 1033/12/1343 1032/12/1167
f 1034/12/1344 1032/12/1167 932/12/1273
f 933/9/699 931/9/1015 1031/9/1015
f 933/9/699 1031/9/1015 1035/9/882
f 936/2/1071 1036/2/1346 1034/2/1344
f 936/2/1071 1034/2/1344 932/2/1345
f 1037/2/1334 1036/2/1346 936/2/940
f 1037/2/1334 936/2/940 937/2/1073
f 1038/12/1347 1037/12/1334 937/12/1073
f 1038/12/1347 937/12/1073 938/12/1275
f 933/9/699 1035/9/882 1039/9/1349
f 933/9/699 1039/9/1349 939/9/1348
f 938/1/1275 943/1/1278 1040/1/1347
f 938/1/1275 1040/1/1347 1038/1/1347
f 1041/1/1334 1040/1/1347 943/1/1278
f 1041/1/1334 943/1/1278 944/1/939
f 1042/2/1334 1041/2/1334 944/2/939
f 1042/2/1334 944/2/939 945/2/941
f 1043/9/1175 946/9/1279 940/9/1181
f 1043/9/1175 940/9/1181 939/9/1350
f 1043/9/1176 939/9/1276 1039/9/1349
f 1043/9/1176 1039/9/1349 1044/9/1351
f 1045/9/1352 946/9/1279 1043/9/1180
f 1045/9/1352 1043/9/1180 1044/9/1351
f 945/2/946 948/2/1281 1046/2/1331
f 945/2/946 1046/2/1331 1042/2/1332
f 1048/2/1079 953/2/1295 954/2/1283
f 1048/2/1079 954/2/1283 1047/2/1282
f 1049/3/1353 1047/3/1282 954/3/1283
f 1049/3/1353 954/3/1283 955/3/1284
f 1050/2/1080 1049/2/1353 955/2/1284
f 1050/2/1080 955/2/1284 956/2/1094
f 1051/9/1280 958/9/1287 947/9/1280
f 1051/9/1280 947/9/1280 946/9/1279
f 1051/9/1280 946/9/1279 1045/9/1352
f 1051/9/1280 1045/9/1352 1052/9/1352
f 1053/9/1352 958/9/1287 1051/9/1280
f 1053/9/1352 1051/9/1280 1052/9/1352
f 948/2/1281 959/2/1262 1054/2/1331
f 948/2/1281 1054/2/1331 1046/2/1331
f 1055/7/1354 1056/7/1355 962/7/1293
f 1055/7/1354 962/7/1293 961/7/1292
f 1057/2/1356 1055/2/1354 961/2/1292
f 1057/2/1356 961/2/1292 964/2/1195
f 1058/8/1196 964/8/1357 950/8/1079
f 1058/8/1196 950/8/1079 949/8/1282
f 1057/8/1356 964/8/1100 1058/8/1196
f 1057/8/1356 1058/8/1196 1059/8/1358
f 1060/8/1199 1058/8/1196 949/8/1282
f 1060/8/1199 949/8/1282 951/8/1199
f 1061/8/1359 1059/8/1358 1058/8/1196
f 1061/8/1359 1058/8/1196 1060/8/1199
f 1062/8/1282 1060/8/1199 951/8/1199
f 1062/8/1282 951/8/1199 952/8/1196
f 1063/8/1283 1061/8/1359 1060/8/1199
f 1063/8/1283 1060/8/1199 1062/8/1282
f 1064/8/1079 1062/8/1282 952/8/1196
f 1064/8/1079 952/8/1196 953/8/1357
f 1064/8/1079 953/8/1079 1048/8/1079
f 1064/8/1079 1048/8/1079 1065/8/1079
f 1063/8/1283 1062/8/1282 1064/8/1079
f 1063/8/1283 1064/8/1079 1065/8/1295
f 1067/10/1080 956/10/1189 957/10/1288
f 1067/10/1080 957/10/1288 1066/10/1360
f 1067/10/1080 1068/10/1080 1050/10/1080
f 1067/10/1080 1050/10/1080 956/10/1080
f 1069/10/1361 1068/10/1094 1067/10/1080
f 1069/10/1361 1067/10/1080 1066/10/1362
f 1070/10/716 1066/10/1363 957/10/1364
f 1070/10/716 957/10/1364 958/10/1365
f 1070/10/719 958/10/1286 1053/10/1352
f 1070/10/719 1053/10/1352 1071/10/1366
f 1069/10/1361 1066/10/1367 1070/10/725
f 1069/10/1361 1070/10/725 1071/10/1366
f 967/2/1298 962/2/1293 1056/2/1355
f 967/2/1298 1056/2/1355 1072/2/1368
f 959/2/1262 968/2/1077 1073/2/1332
f 959/2/1262 1073/2/1332 1054/2/1331
f 1072/2/1369 1073/2/1369 968/2/1299
f 1072/2/1369 968/2/1299 967/2/1299
f 972/8/1304 971/8/1303 1074/8/1324
f 972/8/1304 1074/8/1324 1075/8/1324
f 973/8/364 972/8/1304 1075/8/1324
f 973/8/364 1075/8/1324 1076/8/1143
f 976/8/1309 975/8/1308 1077/8/1370
f 976/8/1309 1077/8/1370 1078/8/1371
f 975/8/1310 973/8/364 1076/8/1143
f 975/8/1310 1076/8/1143 1077/8/1372
f 980/8/1313 979/8/1312 1079/8/1324
f 980/8/1313 1079/8/1324 1080/8/1324
f 981/8/1314 980/8/1313 1080/8/1324
f 981/8/1314 1080/8/1324 1081/8/637
f 971/8/1303 981/8/1314 1081/8/637
f 971/8/1303 1081/8/637 1074/8/1324
f 982/10/873 976/10/1309 1078/10/1371
f 982/10/873 1078/10/1371 1082/10/1015
f 984/2/1318 983/2/1317 1083/2/1324
f 984/2/1318 1083/2/1324 1084/2/1324
f 985/2/1319 984/2/1318 1084/2/1324
f 985/2/1319 1084/2/1324 1085/2/1319
f 986/2/1143 985/2/1319 1085/2/1319
f 986/2/1143 1085/2/1319 1086/2/1143
f 987/5/1143 986/5/1143 1086/5/1143
f 987/5/1143 1086/5/1143 1087/5/1143
f 988/4/1320 987/4/1143 1087/4/1143
f 988/4/1320 1087/4/1143 1088/4/1320
f 990/2/1322 989/2/1321 1089/2/1321
f 990/2/1322 1089/2/1321 1090/2/1322
f 989/2/1321 988/2/1320 1088/2/1320
f 989/2/1321 1088/2/1320 1089/2/1321
f 992/11/1324 991/11/1323 1091/11/1323
f 992/11/1324 1091/11/1323 1092/11/1324
f 993/11/1319 992/11/1324 1092/11/1324
f 993/11/1319 1092/11/1324 1093/11/1319
f 994/7/1143 993/7/1319 1093/7/1319
f 994/7/1143 1093/7/1319 1094/7/1143
f 995/11/1143 994/11/1143 1094/11/1143
f 995/11/1143 1094/11/1143 1095/11/1143
f 996/2/1143 995/2/1143 1095/2/1143
f 996/2/1143 1095/2/1143 1096/2/1143
f 997/7/1143 996/7/1143 1096/7/1143
f 997/7/1143 1096/7/1143 1097/7/1143
f 998/2/1143 997/2/1143 1097/2/1143
f 998/2/1143 1097/2/1143 1098/2/1143
f 999/1/1325 998/1/1143 1098/1/1143
f 999/1/1325 1098/1/1143 1099/1/1319
f 979/2/1312 999/2/1325 1099/2/1319
f 979/2/1312 1099/2/1319 1079/2/1324
f 1000/10/1015 982/10/873 1082/10/1015
f 1000/10/1015 1082/10/1015 1100/10/1015
f 1002/16/636 1001/16/635 1101/16/635
f 1002/16/636 1101/16/635 1102/16/636
f 1003/16/1326 1002/16/637 1102/16/637
f 1003/16/1326 1102/16/637 1103/16/1319
f 1004/16/990 1003/16/1326 1103/16/1319
f 1004/16/990 1103/16/1319 1104/16/1143
f 1006/21/993 1004/21/990 1104/21/1143
f 1006/21/993 1104/21/1143 1105/21/1143
f 1008/16/1328 1006/16/993 1105/16/1143
f 1008/16/1328 1105/16/1143 1106/16/1319
f 983/22/1317 1008/22/1328 1106/22/1319
f 983/22/1317 1106/22/1319 1083/22/1324
f 991/6/1143 990/6/1143 1090/6/1143
f 991/6/1143 1090/6/1143 1091/6/1143
f 1009/10/1015 1000/10/1015 1100/10/1015
f 1009/10/1015 1100/10/1015 1107/10/1015
f 1001/16/635 1010/16/874 1108/16/874
f 1001/16/635 1108/16/874 1101/16/635
f 1011/10/1015 1009/10/1015 1107/10/1015
f 1011/10/1015 1107/10/1015 1109/10/1015
f 1010/7/874 1012/7/874 1110/7/874
f 1010/7/874 1110/7/874 1108/7/874
f 1013/14/1015 1011/14/1015 1109/14/1015
f 1013/14/1015 1109/14/1015 1111/14/1015
f 1012/7/874 1014/7/874 1112/7/874
f 1012/7/874 1112/7/874 1110/7/874
f 1015/9/1015 1013/9/1015 1111/9/1015
f 1015/9/1015 1111/9/1015 1113/9/1015
f 1014/7/874 1016/7/874 1114/7/874
f 1014/7/874 1114/7/874 1112/7/874
f 1017/9/1015 1015/9/1015 1113/9/1015
f 1017/9/1015 1113/9/1015 1115/9/1015
f 1016/7/874 1018/7/1331 1116/7/1331
f 1016/7/874 1116/7/1331 1114/7/874
f 1019/9/1015 1017/9/1015 1115/9/1015
f 1019/9/1015 1115/9/1015 1117/9/1015
f 1018/7/1331 1020/7/1332 1118/7/1332
f 1018/7/1331 1118/7/1332 1116/7/1331
f 1119/7/1334 1118/7/1334 1020/7/1334
f 1119/7/1334 1020/7/1334 1021/7/1333
f 1120/7/1347 1119/7/1334 1021/7/1333
f 1120/7/1347 1021/7/1333 1022/7/1335
f 1023/9/1015 1019/9/1015 1117/9/1015
f 1023/9/1015 1117/9/1015 1121/9/1015
f 1022/2/1335 1025/2/1340 1122/2/1373
f 1022/2/1335 1122/2/1373 1120/2/1347
f 1123/2/1373 1122/2/1373 1025/2/1340
f 1123/2/1373 1025/2/1340 1026/2/1341
f 1027/9/1015 1023/9/1015 1121/9/1015
f 1027/9/1015 1121/9/1015 1124/9/1015
f 1026/12/1341 1029/12/1341 1125/12/1373
f 1026/12/1341 1125/12/1373 1123/12/1373
f 1126/12/1373 1125/12/1373 1029/12/1341
f 1126/12/1373 1029/12/1341 1030/12/1341
f 1031/9/1015 1027/9/1015 1124/9/1015
f 1031/9/1015 1124/9/1015 1127/9/1015
f 1030/12/1341 1033/12/1343 1128/12/1373
f 1030/12/1341 1128/12/1373 1126/12/1373
f 1129/12/1373 1128/12/1373 1033/12/1343
f 1129/12/1373 1033/12/1343 1034/12/1344
f 1035/9/882 1031/9/1015 1127/9/1015
f 1035/9/882 1127/9/1015 1130/9/1015
f 1034/2/1344 1036/2/1346 1131/2/1347
f 1034/2/1344 1131/2/1347 1129/2/1373
f 1132/2/1334 1131/2/1347 1036/2/1346
f 1132/2/1334 1036/2/1346 1037/2/1334
f 1133/1/1347 1132/1/1334 1037/1/1334
f 1133/1/1347 1037/1/1334 1038/1/1347
f 1039/9/1349 1035/9/882 1130/9/1015
f 1039/9/1349 1130/9/1015 1134/9/1374
f 1038/12/1347 1040/12/1347 1135/12/1347
f 1038/12/1347 1135/12/1347 1133/12/1347
f 1136/12/1334 1135/12/1347 1040/12/1347
f 1136/12/1334 1040/12/1347 1041/12/1334
f 1137/2/1334 1136/2/1334 1041/2/1334
f 1137/2/1334 1041/2/1334 1042/2/1334
f 1044/9/1351 1039/9/1349 1134/9/1374
f 1044/9/1351 1134/9/1374 1138/9/1375
f 1138/9/1375 1139/9/1376 1045/9/1352
f 1138/9/1375 1045/9/1352 1044/9/1351
f 1042/2/1332 1046/2/1331 1140/2/1331
f 1042/2/1332 1140/2/1331 1137/2/1332
f 1052/9/1352 1045/9/1352 1139/9/1376
f 1052/9/1352 1139/9/1376 1141/9/1376
f 1141/9/1376 1142/9/1376 1053/9/1352
f 1141/9/1376 1053/9/1352 1052/9/1352
f 1046/2/1331 1054/2/1331 1143/2/1331
f 1046/2/1331 1143/2/1331 1140/2/1331
f 1144/6/1377 1145/6/1355 1056/6/1355
f 1144/6/1377 1056/6/1355 1055/6/1354
f 1146/2/1369 1144/2/1377 1055/2/1354
f 1146/2/1369 1055/2/1354 1057/2/1356
f 1147/8/1369 1146/8/1369 1057/8/1356
f 1147/8/1369 1057/8/1356 1059/8/1358
f 1148/8/1369 1147/8/1369 1059/8/1358
f 1148/8/1369 1059/8/1358 1061/8/1359
f 1149/8/1378 1148/8/1369 1061/8/1359
f 1149/8/1378 1061/8/1359 1063/8/1283
f 1150/8/1356 1149/8/1378 1063/8/1283
f 1150/8/1356 1063/8/1283 1065/8/1195
f 1151/2/1196 1065/2/1357 1048/2/1079
f 1151/2/1196 1048/2/1079 1047/2/1282
f 1150/2/1356 1065/2/1100 1151/2/1196
f 1150/2/1356 1151/2/1196 1152/2/1358
f 1153/3/1201 1151/3/1196 1047/3/1282
f 1153/3/1201 1047/3/1282 1049/3/1353
f 1154/3/1379 1152/3/1358 1151/3/1196
f 1154/3/1379 1151/3/1196 1153/3/1201
f 1153/2/1201 1049/2/1353 1050/2/1080
f 1153/2/1201 1050/2/1080 1068/2/1189
f 1155/2/1380 1154/2/1379 1153/2/1201
f 1155/2/1380 1153/2/1201 1068/2/1191
f 1155/10/1380 1068/10/1193 1069/10/1361
f 1155/10/1380 1069/10/1361 1156/10/1381
f 1071/10/1366 1053/10/1352 1142/10/1376
f 1071/10/1366 1142/10/1376 1157/10/1355
f 1157/10/1355 1156/10/1381 1069/10/1361
f 1157/10/1355 1069/10/1361 1071/10/1366
f 1072/2/1368 1056/2/1355 1145/2/1355
f 1072/2/1368 1145/2/1355 1158/2/1368
f 1054/2/1331 1073/2/1332 1159/2/1332
f 1054/2/1331 1159/2/1332 1143/2/1331
f 1158/2/1369 1159/2/1369 1073/2/1369
f 1158/2/1369 1073/2/1369 1072/2/1369
f 1075/14/1324 1074/14/1324 1160/14/1324
f 1075/14/1324 1160/14/1324 1161/14/1324
f 1076/14/1143 1075/14/1324 1161/14/1324
f 1076/14/1143 1161/14/1324 1162/14/1143
f 1078/14/1371 1077/14/1370 1163/14/1370
f 1078/14/1371 1163/14/1370 1164/14/1371
f 1077/14/1372 1076/14/1143 1162/14/1143
f 1077/14/1372 1162/14/1143 1163/14/1372
f 1080/8/1324 1079/8/1324 1165/8/1324
f 1080/8/1324 1165/8/1324 1166/8/1324
f 1081/8/637 1080/8/1324 1166/8/1324
f 1081/8/637 1166/8/1324 1167/8/637
f 1074/8/1324 1081/8/637 1167/8/637
f 1074/8/1324 1167/8/637 1160/8/1324
f 1082/10/1015 1078/10/1371 1164/10/1371
f 1082/10/1015 1164/10/1371 1168/10/1015
f 1084/2/1324 1083/2/1324 1169/2/1324
f 1084/2/1324 1169/2/1324 1170/2/1324
f 1085/2/1319 1084/2/1324 1170/2/1324
f 1085/2/1319 1170/2/1324 1171/2/1319
f 1086/4/1143 1085/4/1319 1171/4/1319
f 1086/4/1143 1171/4/1319 1172/4/1143
f 1087/7/1143 1086/7/1143 1172/7/1143
f 1087/7/1143 1172/7/1143 1173/7/1143
f 1088/5/1320 1087/5/1143 1173/5/1143
f 1088/5/1320 1173/5/1143 1174/5/1320
f 1090/2/1322 1089/2/1321 1175/2/1321
f 1090/2/1322 1175/2/1321 1176/2/1322
f 1089/2/1321 1088/2/1320 1174/2/1320
f 1089/2/1321 1174/2/1320 1175/2/1321
f 1092/11/1324 1091/11/1323 1177/11/1323
f 1092/11/1324 1177/11/1323 1178/11/1324
f 1093/11/1319 1092/11/1324 1178/11/1324
f 1093/11/1319 1178/11/1324 1179/11/1319
f 1094/6/1143 1093/6/1319 1179/6/1319
f 1094/6/1143 1179/6/1319 1180/6/1143
f 1095/11/1143 1094/11/1143 1180/11/1143
f 1095/11/1143 1180/11/1143 1181/11/1143
f 1096/11/1143 1095/11/1143 1181/11/1143
f 1096/11/1143 1181/11/1143 1182/11/1143
f 1097/6/1143 1096/6/1143 1182/6/1143
f 1097/6/1143 1182/6/1143 1183/6/1143
f 1098/2/1143 1097/2/1143 1183/2/1143
f 1098/2/1143 1183/2/1143 1184/2/1143
f 1099/12/1319 1098/12/1143 1184/12/1143
f 1099/12/1319 1184/12/1143 1185/12/1319
f 1079/2/1324 1099/2/1319 1185/2/1319
f 1079/2/1324 1185/2/1319 1165/2/1324
f 1100/10/1015 1082/10/1015 1168/10/1015
f 1100/10/1015 1168/10/1015 1186/10/1015
f 1102/21/636 1101/21/635 1187/21/635
f 1102/21/636 1187/21/635 1188/21/636
f 1103/21/1319 1102/21/637 1188/21/637
f 1103/21/1319 1188/21/637 1189/21/1319
f 1104/21/1143 1103/21/1319 1189/21/1319
f 1104/21/1143 1189/21/1319 1190/21/1143
f 1105/23/1143 1104/23/1143 1190/23/1143
f 1105/23/1143 1190/23/1143 1191/23/1143
f 1106/21/1319 1105/21/1143 1191/21/1143
f 1106/21/1319 1191/21/1143 1192/21/1319
f 1083/16/1324 1106/16/1319 1192/16/1319
f 1083/16/1324 1192/16/1319 1169/16/1324
f 1091/6/1143 1090/6/1143 1176/6/1143
f 1091/6/1143 1176/6/1143 1177/6/1143
f 1107/10/1015 1100/10/1015 1186/10/1015
f 1107/10/1015 1186/10/1015 1193/10/1015
f 1101/21/635 1108/21/874 1194/21/874
f 1101/21/635 1194/21/874 1187/21/635
f 1109/10/1015 1107/10/1015 1193/10/1015
f 1109/10/1015 1193/10/1015 1195/10/1015
f 1108/7/874 1110/7/874 1196/7/874
f 1108/7/874 1196/7/874 1194/7/874
f 1111/10/1015 1109/10/1015 1195/10/1015
f 1111/10/1015 1195/10/1015 1197/10/1015
f 1110/7/874 1112/7/874 1198/7/874
f 1110/7/874 1198/7/874 1196/7/874
f 1113/9/1015 1111/9/1015 1197/9/1015
f 1113/9/1015 1197/9/1015 1199/9/1015
f 1112/7/874 1114/7/874 1200/7/874
f 1112/7/874 1200/7/874 1198/7/874
f 1115/9/1015 1113/9/1015 1199/9/1015
f 1115/9/1015 1199/9/1015 1201/9/1015
f 1114/7/874 1116/7/1331 1202/7/1331
f 1114/7/874 1202/7/1331 1200/7/874
f 1117/9/1015 1115/9/1015 1201/9/1015
f 1117/9/1015 1201/9/1015 1203/9/1015
f 1116/7/1331 1118/7/1332 1204/7/1332
f 1116/7/1331 1204/7/1332 1202/7/1331
f 1205/7/1334 1204/7/1334 1118/7/1334
f 1205/7/1334 1118/7/1334 1119/7/1334
f 1206/7/1347 1205/7/1334 1119/7/1334
f 1206/7/1347 1119/7/1334 1120/7/1347
f 1121/9/1015 1117/9/1015 1203/9/1015
f 1121/9/1015 1203/9/1015 1207/9/1015
f 1120/2/1347 1122/2/1373 1208/2/1373
f 1120/2/1347 1208/2/1373 1206/2/1347
f 1209/2/1373 1208/2/1373 1122/2/1373
f 1209/2/1373 1122/2/1373 1123/2/1373
f 1124/9/1015 1121/9/1015 1207/9/1015
f 1124/9/1015 1207/9/1015 1210/9/1015
f 1123/12/1373 1125/12/1373 1211/12/1373
f 1123/12/1373 1211/12/1373 1209/12/1373
f 1212/12/1373 1211/12/1373 1125/12/1373
f 1212/12/1373 1125/12/1373 1126/12/1373
f 1127/9/1015 1124/9/1015 1210/9/1015
f 1127/9/1015 1210/9/1015 1213/9/1015
f 1126/12/1373 1128/12/1373 1214/12/1373
f 1126/12/1373 1214/12/1373 1212/12/1373
f 1215/12/1373 1214/12/1373 1128/12/1373
f 1215/12/1373 1128/12/1373 1129/12/1373
f 1130/9/1015 1127/9/1015 1213/9/1015
f 1130/9/1015 1213/9/1015 1216/9/1015
f 1129/2/1373 1131/2/1347 1217/2/1347
f 1129/2/1373 1217/2/1347 1215/2/1373
f 1218/2/1334 1217/2/1347 1131/2/1347
f 1218/2/1334 1131/2/1347 1132/2/1334
f 1219/17/1347 1218/17/1334 1132/17/1334
f 1219/17/1347 1132/17/1334 1133/17/1347
f 1134/9/1374 1130/9/1015 1216/9/1015
f 1134/9/1374 1216/9/1015 1220/9/1374
f 1133/24/1347 1135/24/1347 1221/24/1347
f 1133/24/1347 1221/24/1347 1219/24/1347
f 1222/24/1334 1221/24/1347 1135/24/1347
f 1222/24/1334 1135/24/1347 1136/24/1334
f 1223/2/1334 1222/2/1334 1136/2/1334
f 1223/2/1334 1136/2/1334 1137/2/1334
f 1138/9/1375 1134/9/1374 1220/9/1374
f 1138/9/1375 1220/9/1374 1224/9/1375
f 1224/9/1375 1225/9/1376 1139/9/1376
f 1224/9/1375 1139/9/1376 1138/9/1375
f 1137/2/1332 1140/2/1331 1226/2/1331
f 1137/2/1332 1226/2/1331 1223/2/1332
f 1141/9/1376 1139/9/1376 1225/9/1376
f 1141/9/1376 1225/9/1376 1227/9/1376
f 1227/9/1376 1228/9/1376 1142/9/1376
f 1227/9/1376 1142/9/1376 1141/9/1376
f 1140/2/1331 1143/2/1331 1229/2/1331
f 1140/2/1331 1229/2/1331 1226/2/1331
f 1230/6/1377 1231/6/1355 1145/6/1355
f 1230/6/1377 1145/6/1355 1144/6/1377
f 1232/2/1369 1230/2/1377 1144/2/1377
f 1232/2/1369 1144/2/1377 1146/2/1369
f 1233/8/1369 1232/8/1369 1146/8/1369
f 1233/8/1369 1146/8/1369 1147/8/1369
f 1234/14/1369 1233/14/1369 1147/14/1369
f 1234/14/1369 1147/14/1369 1148/14/1369
f 1235/8/1369 1234/8/1369 1148/8/1369
f 1235/8/1369 1148/8/1369 1149/8/1378
f 1236/8/1369 1235/8/1369 1149/8/1378
f 1236/8/1369 1149/8/1378 1150/8/1356
f 1237/2/1369 1236/2/1369 1150/2/1356
f 1237/2/1369 1150/2/1356 1152/2/1358
f 1238/3/1369 1237/3/1369 1152/3/1358
f 1238/3/1369 1152/3/1358 1154/3/1379
f 1239/2/1369 1238/2/1369 1154/2/1379
f 1239/2/1369 1154/2/1379 1155/2/1380
f 1240/10/1377 1239/10/1369 1155/10/1380
f 1240/10/1377 1155/10/1380 1156/10/1381
f 1157/10/1355 1142/10/1376 1228/10/1376
f 1157/10/1355 1228/10/1376 1241/10/1355
f 1241/10/1355 1240/10/1377 1156/10/1381
f 1241/10/1355 1156/10/1381 1157/10/1355
f 1158/2/1368 1145/2/1355 1231/2/1355
f 1158/2/1368 1231/2/1355 1242/2/1368
f 1143/2/1331 1159/2/1332 1243/2/1332
f 1143/2/1331 1243/2/1332 1229/2/1331
f 1242/2/1369 1243/2/1369 1159/2/1369
f 1242/2/1369 1159/2/1369 1158/2/1369
f 1161/9/1324 1160/9/1324 1244/9/1324
f 1161/9/1324 1244/9/1324 1245/9/1382
f 1162/9/1143 1161/9/1324 1245/9/1382
f 1162/9/1143 1245/9/1382 1246/9/1383
f 1164/9/1371 1163/9/1370 1247/9/1384
f 1164/9/1371 1247/9/1384 1248/9/1385
f 1163/9/1372 1162/9/1143 1246/9/1383
f 1163/9/1372 1246/9/1383 1247/9/1386
f 1166/8/1324 1165/8/1324 1249/8/1324
f 1166/8/1324 1249/8/1324 1250/8/1324
f 1167/8/637 1166/8/1324 1250/8/1324
f 1167/8/637 1250/8/1324 1251/8/637
f 1160/14/1324 1167/14/637 1251/14/637
f 1160/14/1324 1251/14/637 1244/14/1324
f 1168/9/1015 1164/9/1371 1248/9/1385
f 1168/9/1015 1248/9/1385 1252/9/1387
f 1170/2/1324 1169/2/1324 1253/2/1324
f 1170/2/1324 1253/2/1324 1254/2/1324
f 1171/2/1319 1170/2/1324 1254/2/1324
f 1171/2/1319 1254/2/1324 1255/2/1319
f 1172/5/1143 1171/5/1319 1255/5/1319
f 1172/5/1143 1255/5/1319 1256/5/1143
f 1173/7/1143 1172/7/1143 1256/7/1143
f 1173/7/1143 1256/7/1143 1257/7/1143
f 1174/5/1320 1173/5/1143 1257/5/1143
f 1174/5/1320 1257/5/1143 1258/5/1320
f 1176/2/1322 1175/2/1321 1259/2/1321
f 1176/2/1322 1259/2/1321 1260/2/1322
f 1175/2/1321 1174/2/1320 1258/2/1320
f 1175/2/1321 1258/2/1320 1259/2/1321
f 1178/11/1324 1177/11/1323 1261/11/1323
f 1178/11/1324 1261/11/1323 1262/11/1324
f 1179/11/1319 1178/11/1324 1262/11/1324
f 1179/11/1319 1262/11/1324 1263/11/1319
f 1180/6/1143 1179/6/1319 1263/6/1319
f 1180/6/1143 1263/6/1319 1264/6/1143
f 1181/11/1143 1180/11/1143 1264/11/1143
f 1181/11/1143 1264/11/1143 1265/11/1143
f 1182/11/1143 1181/11/1143 1265/11/1143
f 1182/11/1143 1265/11/1143 1266/11/1143
f 1183/6/1143 1182/6/1143 1266/6/1143
f 1183/6/1143 1266/6/1143 1267/6/1143
f 1184/2/1143 1183/2/1143 1267/2/1143
f 1184/2/1143 1267/2/1143 1268/2/1143
f 1185/19/1319 1184/19/1143 1268/19/1143
f 1185/19/1319 1268/19/1143 1269/19/1319
f 1165/2/1324 1185/2/1319 1269/2/1319
f 1165/2/1324 1269/2/1319 1249/2/1324
f 1186/9/1015 1168/9/1015 1252/9/1387
f 1186/9/1015 1252/9/1387 1270/9/1015
f 1188/16/636 1187/16/635 1271/16/635
f 1188/16/636 1271/16/635 1272/16/636
f 1189/16/1319 1188/16/637 1272/16/637
f 1189/16/1319 1272/16/637 1273/16/1319
f 1190/16/1143 1189/16/1319 1273/16/1319
f 1190/16/1143 1273/16/1319 1274/16/1143
f 1191/21/1143 1190/21/1143 1274/21/1143
f 1191/21/1143 1274/21/1143 1275/21/1143
f 1192/23/1319 1191/23/1143 1275/23/1143
f 1192/23/1319 1275/23/1143 1276/23/1319
f 1169/21/1324 1192/21/1319 1276/21/1319
f 1169/21/1324 1276/21/1319 1253/21/1324
f 1177/6/1143 1176/6/1143 1260/6/1143
f 1177/6/1143 1260/6/1143 1261/6/1143
f 1193/9/1015 1186/9/1015 1270/9/1015
f 1193/9/1015 1270/9/1015 1277/9/1015
f 1187/16/635 1194/16/874 1278/16/874
f 1187/16/635 1278/16/874 1271/16/635
f 1195/9/1015 1193/9/1015 1277/9/1015
f 1195/9/1015 1277/9/1015 1279/9/1015
f 1194/7/874 1196/7/874 1280/7/874
f 1194/7/874 1280/7/874 1278/7/874
f 1197/14/1015 1195/14/1015 1279/14/1015
f 1197/14/1015 1279/14/1015 1281/14/1015
f 1196/7/874 1198/7/874 1282/7/874
f 1196/7/874 1282/7/874 1280/7/874
f 1199/9/1015 1197/9/1015 1281/9/1015
f 1199/9/1015 1281/9/1015 1283/9/1015
f 1198/7/874 1200/7/874 1284/7/874
f 1198/7/874 1284/7/874 1282/7/874
f 1201/9/1015 1199/9/1015 1283/9/1015
f 1201/9/1015 1283/9/1015 1285/9/1015
f 1200/7/874 1202/7/1331 1286/7/1331
f 1200/7/874 1286/7/1331 1284/7/874
f 1203/9/1015 1201/9/1015 1285/9/1015
f 1203/9/1015 1285/9/1015 1287/9/1015
f 1202/7/1331 1204/7/1332 1288/7/1332
f 1202/7/1331 1288/7/1332 1286/7/1331
f 1289/7/1334 1288/7/1334 1204/7/1334
f 1289/7/1334 1204/7/1334 1205/7/1334
f 1290/7/1347 1289/7/1334 1205/7/1334
f 1290/7/1347 1205/7/1334 1206/7/1347
f 1207/9/1015 1203/9/1015 1287/9/1015
f 1207/9/1015 1287/9/1015 1291/9/1015
f 1206/2/1347 1208/2/1373 1292/2/1373
f 1206/2/1347 1292/2/1373 1290/2/1347
f 1293/2/1373 1292/2/1373 1208/2/1373
f 1293/2/1373 1208/2/1373 1209/2/1373
f 1210/9/1015 1207/9/1015 1291/9/1015
f 1210/9/1015 1291/9/1015 1294/9/1015
f 1209/12/1373 1211/12/1373 1295/12/1373
f 1209/12/1373 1295/12/1373 1293/12/1373
f 1296/12/1373 1295/12/1373 1211/12/1373
f 1296/12/1373 1211/12/1373 1212/12/1373
f 1213/9/1015 1210/9/1015 1294/9/1015
f 1213/9/1015 1294/9/1015 1297/9/1015
f 1212/12/1373 1214/12/1373 1298/12/1373
f 1212/12/1373 1298/12/1373 1296/12/1373
f 1299/12/1373 1298/12/1373 1214/12/1373
f 1299/12/1373 1214/12/1373 1215/12/1373
f 1216/9/1015 1213/9/1015 1297/9/1015
f 1216/9/1015 1297/9/1015 1300/9/1388
f 1215/2/1373 1217/2/1347 1301/2/1347
f 1215/2/1373 1301/2/1347 1299/2/1373
f 1302/2/1334 1301/2/1347 1217/2/1347
f 1302/2/1334 1217/2/1347 1218/2/1334
f 1303/17/1347 1302/17/1334 1218/17/1334
f 1303/17/1347 1218/17/1334 1219/17/1347
f 1220/9/1374 1216/9/1015 1300/9/1388
f 1220/9/1374 1300/9/1388 1304/9/1389
f 1219/24/1347 1221/24/1347 1305/24/1347
f 1219/24/1347 1305/24/1347 1303/24/1347
f 1306/24/1334 1305/24/1347 1221/24/1347
f 1306/24/1334 1221/24/1347 1222/24/1334
f 1307/2/1334 1306/2/1334 1222/2/1334
f 1307/2/1334 1222/2/1334 1223/2/1334
f 1224/9/1375 1220/9/1374 1304/9/1389
f 1224/9/1375 1304/9/1389 1308/9/1390
f 1308/9/1390 1309/9/1391 1225/9/1376
f 1308/9/1390 1225/9/1376 1224/9/1375
f 1223/2/1332 1226/2/1331 1310/2/1331
f 1223/2/1332 1310/2/1331 1307/2/1332
f 1227/9/1376 1225/9/1376 1309/9/1391
f 1227/9/1376 1309/9/1391 1311/9/1392
f 1311/9/1392 1312/9/1376 1228/9/1376
f 1311/9/1392 1228/9/1376 1227/9/1376
f 1226/2/1331 1229/2/1331 1313/2/1331
f 1226/2/1331 1313/2/1331 1310/2/1331
f 1314/6/1377 1315/6/1355 1231/6/1355
f 1314/6/1377 1231/6/1355 1230/6/1377
f 1316/2/1369 1314/2/1377 1230/2/1377
f 1316/2/1369 1230/2/1377 1232/2/1369
f 1317/8/1369 1316/8/1369 1232/8/1369
f 1317/8/1369 1232/8/1369 1233/8/1369
f 1318/8/1369 1317/8/1369 1233/8/1369
f 1318/8/1369 1233/8/1369 1234/8/1369
f 1319/8/1369 1318/8/1369 1234/8/1369
f 1319/8/1369 1234/8/1369 1235/8/1369
f 1320/8/1369 1319/8/1369 1235/8/1369
f 1320/8/1369 1235/8/1369 1236/8/1369
f 1321/2/1369 1320/2/1369 1236/2/1369
f 1321/2/1369 1236/2/1369 1237/2/1369
f 1322/3/1369 1321/3/1369 1237/3/1369
f 1322/3/1369 1237/3/1369 1238/3/1369
f 1323/2/1369 1322/2/1369 1238/2/1369
f 1323/2/1369 1238/2/1369 1239/2/1369
f 1324/10/1377 1323/10/1369 1239/10/1369
f 1324/10/1377 1239/10/1369 1240/10/1377
f 1241/10/1355 1228/10/1376 1312/10/1376
f 1241/10/1355 1312/10/1376 1325/10/1355
f 1325/10/1355 1324/10/1377 1240/10/1377
f 1325/10/1355 1240/10/1377 1241/10/1355
f 1242/2/1368 1231/2/1355 1315/2/1355
f 1242/2/1368 1315/2/1355 1326/2/1368
f 1229/2/1331 1243/2/1332 1327/2/1332
f 1229/2/1331 1327/2/1332 1313/2/1331
f 1326/2/1369 1327/2/1369 1243/2/1369
f 1326/2/1369 1243/2/1369 1242/2/1369
f 1245/10/1382 1244/10/1324 1328/10/1393
f 1245/10/1382 1328/10/1393 1329/10/1394
f 1245/10/1382 1329/10/1395 1330/10/1396
f 1245/10/1382 1330/10/1396 1246/10/1383
f 1331/10/1397 1330/10/1398 1332/10/1399
f 1331/10/1397 1332/10/1399 1333/10/1400
f 1248/10/1385 1247/10/1384 1331/10/1401
f 1248/10/1385 1331/10/1401 1333/10/1402
f 1246/10/1383 1330/10/1403 1331/10/1404
f 1246/10/1383 1331/10/1404 1247/10/1386
f 1250/14/1324 1249/14/1324 1334/14/1324
f 1250/14/1324 1334/14/1324 1335/14/1382
f 1251/14/637 1250/14/1324 1335/14/1382
f 1251/14/637 1335/14/1382 1336/14/1405
f 1244/9/1324 1251/9/637 1336/9/1405
f 1244/9/1324 1336/9/1405 1328/9/1393
f 1248/10/1385 1333/10/1406 1337/10/1407
f 1248/10/1385 1337/10/1407 1252/10/1387
f 1254/2/1324 1253/2/1324 1338/2/1408
f 1254/2/1324 1338/2/1408 1339/2/1409
f 1255/2/1319 1254/2/1324 1339/2/1409
f 1255/2/1319 1339/2/1409 1340/2/1319
f 1256/2/1143 1255/2/1319 1340/2/1319
f 1256/2/1143 1340/2/1319 1341/2/1143
f 1257/5/1143 1256/5/1143 1341/5/1143
f 1257/5/1143 1341/5/1143 1342/5/1143
f 1258/4/1320 1257/4/1143 1342/4/1143
f 1258/4/1320 1342/4/1143 1343/4/1320
f 1260/2/1322 1259/2/1321 1344/2/1321
f 1260/2/1322 1344/2/1321 1345/2/1322
f 1259/2/1321 1258/2/1320 1343/2/1320
f 1259/2/1321 1343/2/1320 1344/2/1321
f 1262/11/1324 1261/11/1323 1346/11/1323
f 1262/11/1324 1346/11/1323 1347/11/1324
f 1263/11/1319 1262/11/1324 1347/11/1324
f 1263/11/1319 1347/11/1324 1348/11/1319
f 1264/7/1143 1263/7/1319 1348/7/1319
f 1264/7/1143 1348/7/1319 1349/7/1143
f 1265/11/1143 1264/11/1143 1349/11/1143
f 1265/11/1143 1349/11/1143 1350/11/1143
f 1266/2/1143 1265/2/1143 1350/2/1143
f 1266/2/1143 1350/2/1143 1351/2/1143
f 1267/7/1143 1266/7/1143 1351/7/1143
f 1267/7/1143 1351/7/1143 1352/7/1143
f 1268/2/1143 1267/2/1143 1352/2/1143
f 1268/2/1143 1352/2/1143 1353/2/1143
f 1269/18/1319 1268/18/1143 1353/18/1143
f 1269/18/1319 1353/18/1143 1354/18/1319
f 1249/2/1324 1269/2/1319 1354/2/1319
f 1249/2/1324 1354/2/1319 1334/2/1324
f 1270/10/1015 1252/10/1387 1337/10/1407
f 1270/10/1015 1337/10/1407 1355/10/1015
f 1272/22/636 1271/22/635 1356/22/635
f 1272/22/636 1356/22/635 1357/22/636
f 1273/22/1319 1272/22/637 1357/22/637
f 1273/22/1319 1357/22/637 1358/22/1410
f 1274/22/1143 1273/22/1319 1358/22/1410
f 1274/22/1143 1358/22/1410 1359/22/1411
f 1275/16/1143 1274/16/1143 1359/16/1411
f 1275/16/1143 1359/16/1411 1360/16/1412
f 1276/21/1319 1275/21/1143 1360/21/1412
f 1276/21/1319 1360/21/1412 1361/21/1413
f 1253/23/1324 1276/23/1319 1361/23/1413
f 1253/23/1324 1361/23/1413 1338/23/1408
f 1261/6/1143 1260/6/1143 1345/6/1143
f 1261/6/1143 1345/6/1143 1346/6/1143
f 1277/10/1015 1270/10/1015 1355/10/1015
f 1277/10/1015 1355/10/1015 1362/10/1015
f 1271/22/635 1278/22/874 1363/22/874
f 1271/22/635 1363/22/874 1356/22/635
f 1279/10/1015 1277/10/1015 1362/10/1015
f 1279/10/1015 1362/10/1015 1364/10/1015
f 1278/7/874 1280/7/874 1365/7/874
f 1278/7/874 1365/7/874 1363/7/874
f 1281/14/1015 1279/14/1015 1364/14/1015
f 1281/14/1015 1364/14/1015 1366/14/1015
f 1280/7/874 1282/7/874 1367/7/874
f 1280/7/874 1367/7/874 1365/7/874
f 1283/9/1015 1281/9/1015 1366/9/1015
f 1283/9/1015 1366/9/1015 1368/9/1015
f 1282/7/874 1284/7/874 1369/7/874
f 1282/7/874 1369/7/874 1367/7/874
f 1285/14/1015 1283/14/1015 1368/14/1015
f 1285/14/1015 1368/14/1015 1370/14/1015
f 1284/7/874 1286/7/1331 1371/7/1331
f 1284/7/874 1371/7/1331 1369/7/874
f 1287/9/1015 1285/9/1015 1370/9/1015
f 1287/9/1015 1370/9/1015 1372/9/1015
f 1286/7/1331 1288/7/1332 1373/7/1332
f 1286/7/1331 1373/7/1332 1371/7/1331
f 1374/7/1414 1373/7/1334 1288/7/1334
f 1374/7/1414 1288/7/1334 1289/7/1334
f 1375/7/1415 1374/7/1414 1289/7/1334
f 1375/7/1415 1289/7/1334 1290/7/1347
f 1291/9/1015 1287/9/1015 1372/9/1015
f 1291/9/1015 1372/9/1015 1376/9/1015
f 1290/2/1347 1292/2/1373 1377/2/1416
f 1290/2/1347 1377/2/1416 1375/2/1415
f 1378/2/1417 1377/2/1416 1292/2/1373
f 1378/2/1417 1292/2/1373 1293/2/1373
f 1294/9/1015 1291/9/1015 1376/9/1015
f 1294/9/1015 1376/9/1015 1379/9/1015
f 1293/12/1373 1295/12/1373 1380/12/1417
f 1293/12/1373 1380/12/1417 1378/12/1417
f 1381/12/1417 1380/12/1417 1295/12/1373
f 1381/12/1417 1295/12/1373 1296/12/1373
f 1297/9/1015 1294/9/1015 1379/9/1015
f 1297/9/1015 1379/9/1015 1382/9/1015
f 1296/12/1373 1298/12/1373 1383/12/1418
f 1296/12/1373 1383/12/1418 1381/12/1417
f 1384/12/1419 1383/12/1418 1298/12/1373
f 1384/12/1419 1298/12/1373 1299/12/1373
f 1300/9/1388 1297/9/1015 1382/9/1015
f 1300/9/1388 1382/9/1015 1385/9/1420
f 1299/2/1373 1301/2/1347 1386/2/1421
f 1299/2/1373 1386/2/1421 1384/2/1419
f 1387/2/1334 1386/2/1421 1301/2/1347
f 1387/2/1334 1301/2/1347 1302/2/1334
f 1388/1/1347 1387/1/1334 1302/1/1334
f 1388/1/1347 1302/1/1334 1303/1/1347
f 1304/9/1389 1300/9/1388 1385/9/1420
f 1304/9/1389 1385/9/1420 1389/9/1422
f 1303/12/1347 1305/12/1347 1390/12/1347
f 1303/12/1347 1390/12/1347 1388/12/1347
f 1391/12/1334 1390/12/1347 1305/12/1347
f 1391/12/1334 1305/12/1347 1306/12/1334
f 1392/2/1334 1391/2/1334 1306/2/1334
f 1392/2/1334 1306/2/1334 1307/2/1334
f 1393/9/1424 1394/9/1425 1395/9/1423
f 1393/9/1424 1395/9/1423 1389/9/1423
f 1304/9/1389 1389/9/1426 1395/9/1423
f 1304/9/1389 1395/9/1423 1308/9/1390
f 1395/9/1423 1394/9/1425 1309/9/1391
f 1395/9/1423 1309/9/1391 1308/9/1390
f 1307/2/1332 1310/2/1331 1396/2/1331
f 1307/2/1332 1396/2/1331 1392/2/1332
f 1309/9/1391 1394/9/1425 1397/9/1427
f 1309/9/1391 1397/9/1427 1311/9/1392
f 1397/9/1427 1398/9/1428 1312/9/1376
f 1397/9/1427 1312/9/1376 1311/9/1392
f 1310/2/1331 1313/2/1331 1399/2/1331
f 1310/2/1331 1399/2/1331 1396/2/1331
f 1400/6/1429 1401/6/1355 1315/6/1355
f 1400/6/1429 1315/6/1355 1314/6/1377
f 1402/2/1430 1400/2/1429 1314/2/1377
f 1402/2/1430 1314/2/1377 1316/2/1369
f 1403/8/1431 1402/8/1430 1316/8/1369
f 1403/8/1431 1316/8/1369 1317/8/1369
f 1404/8/1432 1403/8/1431 1317/8/1369
f 1404/8/1432 1317/8/1369 1318/8/1369
f 1405/8/1433 1404/8/1432 1318/8/1369
f 1405/8/1433 1318/8/1369 1319/8/1369
f 1406/14/1434 1405/14/1433 1319/14/1369
f 1406/14/1434 1319/14/1369 1320/14/1369
f 1407/2/1435 1406/2/1434 1320/2/1369
f 1407/2/1435 1320/2/1369 1321/2/1369
f 1408/18/1369 1407/18/1435 1321/18/1369
f 1408/18/1369 1321/18/1369 1322/18/1369
f 1409/2/1436 1408/2/1369 1322/2/1369
f 1409/2/1436 1322/2/1369 1323/2/1369
f 1410/10/1437 1409/10/1436 1323/10/1369
f 1410/10/1437 1323/10/1369 1324/10/1377
f 1325/10/1355 1312/10/1376 1398/10/1428
f 1325/10/1355 1398/10/1428 1411/10/1438
f 1411/10/1438 1410/10/1437 1324/10/1377
f 1411/10/1438 1324/10/1377 1325/10/1355
f 1326/2/1368 1315/2/1355 1401/2/1355
f 1326/2/1368 1401/2/1355 1412/2/1368
f 1313/2/1331 1327/2/1332 1413/2/1332
f 1313/2/1331 1413/2/1332 1399/2/1331
f 1412/2/1369 1413/2/1369 1327/2/1369
f 1412/2/1369 1327/2/1369 1326/2/1369
f 1415/10/1439 1416/10/1439 1417/10/1439
f 1415/10/1439 1417/10/1439 1414/10/1439
f 1332/10/1399 1330/10/1440 1414/10/1441
f 1332/10/1399 1414/10/1441 1417/10/1442
f 1328/10/1393 1416/10/1444 1415/10/1445
f 1328/10/1393 1415/10/1445 1329/10/1443
f 1329/10/1446 1415/10/1447 1414/10/1447
f 1329/10/1446 1414/10/1447 1330/10/1396
f 1335/14/1382 1334/14/1324 1418/14/1448
f 1335/14/1382 1418/14/1448 1419/14/1449
f 1335/14/1382 1419/14/1450 1420/14/1451
f 1335/14/1382 1420/14/1451 1336/14/1405
f 1420/9/1439 1421/9/1439 1422/9/1439
f 1420/9/1439 1422/9/1439 1416/9/1439
f 1328/9/1393 1336/9/1405 1420/9/1451
f 1328/9/1393 1420/9/1451 1416/9/1452
f 1337/10/1407 1333/10/1406 1423/10/1453
f 1337/10/1407 1423/10/1453 1424/10/1454
f 1332/10/1399 1417/10/1456 1423/10/1457
f 1332/10/1399 1423/10/1457 1333/10/1455
f 1338/2/1408 1425/2/1458 1426/2/1459
f 1338/2/1408 1426/2/1459 1339/2/1409
f 1340/2/1319 1339/2/1409 1426/2/1460
f 1340/2/1319 1426/2/1460 1427/2/1461
f 1341/12/1143 1340/12/1319 1427/12/1461
f 1341/12/1143 1427/12/1461 1428/12/1462
f 1342/2/1143 1341/2/1143 1428/2/1462
f 1342/2/1143 1428/2/1462 1429/2/1463
f 1343/2/1320 1342/2/1143 1429/2/1463
f 1343/2/1320 1429/2/1463 1430/2/1464
f 1345/2/1322 1344/2/1321 1431/2/1465
f 1345/2/1322 1431/2/1465 1432/2/1466
f 1344/2/1321 1343/2/1320 1430/2/1464
f 1344/2/1321 1430/2/1464 1431/2/1465
f 1347/11/1324 1346/11/1323 1433/11/1443
f 1347/11/1324 1433/11/1443 1434/11/1467
f 1348/11/1319 1347/11/1324 1434/11/1467
f 1348/11/1319 1434/11/1467 1435/11/1461
f 1349/20/1143 1348/20/1319 1435/20/1461
f 1349/20/1143 1435/20/1461 1436/20/1462
f 1350/6/1143 1349/6/1143 1436/6/1462
f 1350/6/1143 1436/6/1462 1437/6/1143
f 1351/11/1143 1350/11/1143 1437/11/1143
f 1351/11/1143 1437/11/1143 1438/11/1143
f 1352/2/1143 1351/2/1143 1438/2/1143
f 1352/2/1143 1438/2/1143 1439/2/1143
f 1353/2/1143 1352/2/1143 1439/2/1143
f 1353/2/1143 1439/2/1143 1440/2/1143
f 1354/18/1319 1353/18/1143 1440/18/1143
f 1354/18/1319 1440/18/1143 1441/18/1468
f 1334/2/1324 1354/2/1319 1441/2/1468
f 1334/2/1324 1441/2/1468 1418/2/1448
f 1355/10/1015 1337/10/1407 1424/10/1454
f 1355/10/1015 1424/10/1454 1442/10/1387
f 1357/2/636 1356/2/635 1443/2/1469
f 1357/2/636 1443/2/1469 1444/2/1470
f 1358/2/1410 1357/2/637 1444/2/1471
f 1358/2/1410 1444/2/1471 1445/2/1472
f 1359/2/1411 1358/2/1410 1445/2/1472
f 1359/2/1411 1445/2/1472 1446/2/1473
f 1447/2/1474 1446/2/1475 1448/2/1476
f 1447/2/1474 1448/2/1476 1449/2/1477
f 1359/2/1411 1446/2/1478 1447/2/1474
f 1359/2/1411 1447/2/1474 1360/2/1412
f 1450/2/1479 1447/2/1474 1449/2/1477
f 1450/2/1479 1449/2/1477 1451/2/1480
f 1361/2/1413 1360/2/1412 1447/2/1474
f 1361/2/1413 1447/2/1474 1450/2/1479
f 1450/2/1479 1451/2/1482 1452/2/1483
f 1450/2/1479 1452/2/1483 1425/2/1481
f 1338/2/1408 1361/2/1413 1450/2/1479
f 1338/2/1408 1450/2/1479 1425/2/1484
f 1346/7/1143 1345/7/1143 1432/7/1485
f 1346/7/1143 1432/7/1485 1433/7/1485
f 1362/10/1015 1355/10/1015 1442/10/1387
f 1362/10/1015 1442/10/1387 1453/10/1015
f 1356/7/635 1363/7/874 1454/7/1486
f 1356/7/635 1454/7/1486 1443/7/1469
f 1364/8/1015 1362/8/1015 1453/8/1015
f 1364/8/1015 1453/8/1015 1455/8/1015
f 1363/4/874 1365/4/874 1456/4/874
f 1363/4/874 1456/4/874 1454/4/1486
f 1366/14/1015 1364/14/1015 1455/14/1015
f 1366/14/1015 1455/14/1015 1457/14/1015
f 1365/4/874 1367/4/874 1458/4/874
f 1365/4/874 1458/4/874 1456/4/874
f 1368/9/1015 1366/9/1015 1457/9/1015
f 1368/9/1015 1457/9/1015 1459/9/1015
f 1367/7/874 1369/7/874 1460/7/1487
f 1367/7/874 1460/7/1487 1458/7/874
f 1370/14/1015 1368/14/1015 1459/14/1015
f 1370/14/1015 1459/14/1015 1461/14/1015
f 1369/7/874 1371/7/1331 1462/7/1488
f 1369/7/874 1462/7/1488 1460/7/1487
f 1372/9/1015 1370/9/1015 1461/9/1015
f 1372/9/1015 1461/9/1015 1463/9/1015
f 1371/7/1331 1373/7/1332 1464/7/1489
f 1371/7/1331 1464/7/1489 1462/7/1488
f 1465/7/1490 1464/7/1491 1373/7/1334
f 1465/7/1490 1373/7/1334 1374/7/1414
f 1465/7/1490 1374/7/1414 1375/7/1415
f 1465/7/1490 1375/7/1415 1466/7/1492
f 1376/9/1015 1372/9/1015 1463/9/1015
f 1376/9/1015 1463/9/1015 1467/9/1015
f 1468/2/1493 1466/2/1494 1469/2/1495
f 1468/2/1493 1469/2/1495 1470/2/1496
f 1375/2/1415 1377/2/1416 1469/2/1495
f 1375/2/1415 1469/2/1495 1466/2/1497
f 1469/2/1495 1377/2/1416 1378/2/1417
f 1469/2/1495 1378/2/1417 1470/2/1496
f 1379/9/1015 1376/9/1015 1467/9/1015
f 1379/9/1015 1467/9/1015 1471/9/1015
f 1472/12/1498 1470/12/1496 1473/12/1498
f 1472/12/1498 1473/12/1498 1474/12/1499
f 1378/12/1417 1380/12/1417 1473/12/1498
f 1378/12/1417 1473/12/1498 1470/12/1496
f 1473/12/1498 1380/12/1417 1381/12/1417
f 1473/12/1498 1381/12/1417 1474/12/1499
f 1382/9/1015 1379/9/1015 1471/9/1015
f 1382/9/1015 1471/9/1015 1475/9/1388
f 1476/12/1500 1474/12/1499 1477/12/1501
f 1476/12/1500 1477/12/1501 1478/12/1502
f 1381/12/1417 1383/12/1418 1477/12/1501
f 1381/12/1417 1477/12/1501 1474/12/1499
f 1477/12/1501 1383/12/1418 1384/12/1419
f 1477/12/1501 1384/12/1419 1478/12/1503
f 1385/9/1420 1382/9/1015 1475/9/1388
f 1385/9/1420 1475/9/1388 1479/9/1504
f 1384/2/1419 1386/2/1421 1480/2/1505
f 1384/2/1419 1480/2/1505 1478/2/1506
f 1481/2/1507 1480/2/1508 1386/2/1421
f 1481/2/1507 1386/2/1421 1387/2/1334
f 1482/12/1509 1481/12/1507 1387/12/1334
f 1482/12/1509 1387/12/1334 1388/12/1347
f 1385/9/1420 1479/9/1504 1483/9/1511
f 1385/9/1420 1483/9/1511 1389/9/1510
f 1483/9/1511 1484/9/1512 1393/9/1424
f 1483/9/1511 1393/9/1424 1389/9/1513
f 1388/1/1347 1390/1/1347 1485/1/1514
f 1388/1/1347 1485/1/1514 1482/1/1509
f 1486/1/1515 1485/1/1514 1390/1/1347
f 1486/1/1515 1390/1/1347 1391/1/1334
f 1487/2/1516 1486/2/1515 1391/2/1334
f 1487/2/1516 1391/2/1334 1392/2/1334
f 1393/9/1424 1484/9/1512 1488/9/1517
f 1393/9/1424 1488/9/1517 1394/9/1425
f 1392/2/1332 1396/2/1331 1489/2/1518
f 1392/2/1332 1489/2/1518 1487/2/1519
f 1490/9/1520 1491/9/1521 1492/9/1522
f 1490/9/1520 1492/9/1522 1488/9/1517
f 1394/9/1425 1488/9/1517 1492/9/1522
f 1394/9/1425 1492/9/1522 1397/9/1427
f 1492/9/1522 1491/9/1521 1398/9/1428
f 1492/9/1522 1398/9/1428 1397/9/1427
f 1396/2/1331 1399/2/1331 1493/2/1488
f 1396/2/1331 1493/2/1488 1489/2/1518
f 1494/7/1523 1495/7/1524 1401/7/1355
f 1494/7/1523 1401/7/1355 1400/7/1429
f 1494/2/1523 1400/2/1429 1402/2/1430
f 1494/2/1523 1402/2/1430 1496/2/1525
f 1498/8/1527 1496/8/1528 1499/8/1529
f 1498/8/1527 1499/8/1529 1497/8/1526
f 1499/8/1529 1496/8/1530 1402/8/1430
f 1499/8/1529 1402/8/1430 1403/8/1431
f 1500/8/1531 1497/8/1526 1499/8/1529
f 1500/8/1531 1499/8/1529 1501/8/1531
f 1501/8/1531 1499/8/1529 1403/8/1431
f 1501/8/1531 1403/8/1431 1404/8/1432
f 1502/8/1532 1500/8/1531 1501/8/1531
f 1502/8/1532 1501/8/1531 1503/8/1533
f 1503/8/1533 1501/8/1531 1404/8/1432
f 1503/8/1533 1404/8/1432 1405/8/1433
f 1504/8/1534 1502/8/1532 1503/8/1533
f 1504/8/1534 1503/8/1533 1505/8/1535
f 1503/8/1533 1405/8/1433 1406/8/1434
f 1503/8/1533 1406/8/1434 1505/8/1536
f 1506/2/1537 1505/2/1538 1406/2/1434
f 1506/2/1537 1406/2/1434 1407/2/1435
f 1507/18/1432 1506/18/1537 1407/18/1435
f 1507/18/1432 1407/18/1435 1408/18/1369
f 1508/2/1539 1507/2/1432 1408/2/1369
f 1508/2/1539 1408/2/1369 1409/2/1436
f 1508/10/1539 1409/10/1436 1410/10/1437
f 1508/10/1539 1410/10/1437 1509/10/1540
f 1510/10/1541 1509/10/1542 1511/10/1543
f 1510/10/1541 1511/10/1543 1491/10/1521
f 1398/10/1428 1491/10/1521 1511/10/1544
f 1398/10/1428 1511/10/1544 1411/10/1438
f 1511/10/1545 1509/10/1546 1410/10/1437
f 1511/10/1545 1410/10/1437 1411/10/1438
f 1412/2/1368 1401/2/1355 1495/2/1524
f 1412/2/1368 1495/2/1524 1512/2/1547
f 1399/2/1331 1413/2/1332 1513/2/1489
f 1399/2/1331 1513/2/1489 1493/2/1488
f 1512/2/1548 1513/2/1548 1413/2/1369
f 1512/2/1548 1413/2/1369 1412/2/1369
f 1514/14/1549 1515/14/1549 1516/14/1549
f 1514/14/1549 1516/14/1549 1517/14/1549
f 1421/14/1441 1420/14/1441 1514/14/1441
f 1421/14/1441 1514/14/1441 1517/14/1441
f 1418/14/1448 1516/14/1550 1515/14/1551
f 1418/14/1448 1515/14/1551 1419/14/1449
f 1419/14/1446 1515/14/1447 1514/14/1447
f 1419/14/1446 1514/14/1447 1420/14/1451
f 1422/10/1445 1518/10/1552 1519/10/1552
f 1422/10/1445 1519/10/1552 1416/10/1444
f 1417/10/1553 1416/10/1554 1519/10/1555
f 1417/10/1553 1519/10/1555 1520/10/1556
f 1521/10/1557 1520/10/1558 1522/10/1399
f 1521/10/1557 1522/10/1399 1523/10/1400
f 1424/10/1454 1423/10/1559 1521/10/1401
f 1424/10/1454 1521/10/1401 1523/10/1402
f 1417/10/1456 1520/10/1561 1521/10/1557
f 1417/10/1456 1521/10/1557 1423/10/1560
f 1525/2/1563 1526/2/1564 1527/2/1565
f 1525/2/1563 1527/2/1565 1524/2/1562
f 1425/2/1567 1526/2/1568 1525/2/1563
f 1425/2/1567 1525/2/1563 1426/2/1566
f 1427/2/1461 1426/2/1460 1525/2/1569
f 1427/2/1461 1525/2/1569 1524/2/1570
f 1427/19/1461 1524/19/1571 1528/19/1572
f 1427/19/1461 1528/19/1572 1428/19/1462
f 1429/12/1463 1428/12/1462 1528/12/1572
f 1429/12/1463 1528/12/1572 1529/12/1573
f 1430/1/1464 1429/1/1463 1529/1/1573
f 1430/1/1464 1529/1/1573 1530/1/1574
f 1531/2/1575 1530/2/1576 1532/2/1577
f 1531/2/1575 1532/2/1577 1533/2/1578
f 1432/2/1466 1431/2/1465 1531/2/1579
f 1432/2/1466 1531/2/1579 1533/2/1580
f 1430/2/1464 1530/2/1581 1531/2/1582
f 1430/2/1464 1531/2/1582 1431/2/1465
f 1535/11/1584 1536/11/1585 1537/11/1586
f 1535/11/1584 1537/11/1586 1534/11/1583
f 1433/11/1443 1536/11/1587 1535/11/1588
f 1433/11/1443 1535/11/1588 1434/11/1467
f 1435/11/1461 1434/11/1467 1535/11/1589
f 1435/11/1461 1535/11/1589 1534/11/1590
f 1435/7/1461 1534/7/1591 1538/7/1592
f 1435/7/1461 1538/7/1592 1436/7/1462
f 1437/20/1143 1436/20/1462 1538/20/1592
f 1437/20/1143 1538/20/1592 1539/20/1462
f 1438/11/1143 1437/11/1143 1539/11/1462
f 1438/11/1143 1539/11/1462 1540/11/1143
f 1439/7/1143 1438/7/1143 1540/7/1143
f 1439/7/1143 1540/7/1143 1541/7/1143
f 1440/2/1143 1439/2/1143 1541/2/1143
f 1440/2/1143 1541/2/1143 1542/2/1143
f 1441/18/1468 1440/18/1143 1542/18/1143
f 1441/18/1468 1542/18/1143 1543/18/1572
f 1418/2/1448 1441/2/1468 1543/2/1572
f 1418/2/1448 1543/2/1572 1516/2/1593
f 1421/9/1447 1517/9/1594 1518/9/1595
f 1421/9/1447 1518/9/1595 1422/9/1447
f 1424/10/1454 1523/10/1406 1544/10/1407
f 1424/10/1454 1544/10/1407 1442/10/1387
f 1546/4/1483 1547/4/1481 1548/4/1597
f 1546/4/1483 1548/4/1597 1545/4/1596
f 1443/4/1469 1547/4/1598 1546/4/1599
f 1443/4/1469 1546/4/1599 1444/4/1470
f 1445/4/1472 1444/4/1471 1546/4/1600
f 1445/4/1472 1546/4/1600 1545/4/1601
f 1549/4/1476 1545/4/1602 1548/4/1603
f 1549/4/1476 1548/4/1603 1550/4/1475
f 1448/4/1476 1446/4/1476 1549/4/1476
f 1448/4/1476 1549/4/1476 1550/4/1476
f 1445/4/1472 1545/4/1605 1549/4/1476
f 1445/4/1472 1549/4/1476 1446/4/1604
f 1452/2/1606 1551/2/1566 1526/2/1568
f 1452/2/1606 1526/2/1568 1425/2/1567
f 1533/5/1608 1552/5/1609 1553/5/1609
f 1533/5/1608 1553/5/1609 1536/5/1607
f 1433/5/1485 1432/5/1485 1533/5/1610
f 1433/5/1485 1533/5/1610 1536/5/1611
f 1453/8/1015 1442/8/1387 1544/8/1407
f 1453/8/1015 1544/8/1407 1554/8/1015
f 1443/7/1469 1454/7/1486 1555/7/1612
f 1443/7/1469 1555/7/1612 1547/7/1598
f 1448/2/1476 1550/2/1604 1556/2/1613
f 1448/2/1476 1556/2/1613 1449/2/1477
f 1451/12/1480 1449/12/1477 1556/12/1613
f 1451/12/1480 1556/12/1613 1557/12/1614
f 1452/1/1600 1451/1/1615 1557/1/1614
f 1452/1/1600 1557/1/1614 1551/1/1616
f 1455/8/1015 1453/8/1015 1554/8/1015
f 1455/8/1015 1554/8/1015 1558/8/1015
f 1454/4/1486 1456/4/874 1559/4/874
f 1454/4/1486 1559/4/874 1555/4/1612
f 1457/14/1015 1455/14/1015 1558/14/1015
f 1457/14/1015 1558/14/1015 1560/14/1015
f 1456/4/874 1458/4/874 1561/4/874
f 1456/4/874 1561/4/874 1559/4/874
f 1459/9/1015 1457/9/1015 1560/9/1015
f 1459/9/1015 1560/9/1015 1562/9/1015
f 1458/4/874 1460/4/1487 1563/4/1617
f 1458/4/874 1563/4/1617 1561/4/874
f 1461/14/1015 1459/14/1015 1562/14/1015
f 1461/14/1015 1562/14/1015 1564/14/1015
f 1462/4/1488 1565/4/1618 1563/4/1617
f 1462/4/1488 1563/4/1617 1460/4/1487
f 1463/9/1015 1461/9/1015 1564/9/1015
f 1463/9/1015 1564/9/1015 1566/9/1015
f 1567/4/1619 1565/4/1620 1568/4/1621
f 1567/4/1619 1568/4/1621 1569/4/1622
f 1462/4/1488 1464/4/1489 1568/4/1623
f 1462/4/1488 1568/4/1623 1565/4/1618
f 1568/4/1625 1464/4/1491 1465/4/1490
f 1568/4/1625 1465/4/1490 1569/4/1624
f 1570/4/1534 1567/4/1619 1569/4/1626
f 1570/4/1534 1569/4/1626 1571/4/1627
f 1569/4/1626 1465/4/1490 1466/4/1628
f 1569/4/1626 1466/4/1628 1571/4/1627
f 1571/2/1627 1466/2/1630 1468/2/1493
f 1571/2/1627 1468/2/1493 1572/2/1629
f 1467/9/1015 1463/9/1015 1566/9/1015
f 1467/9/1015 1566/9/1015 1573/9/1015
f 1468/12/1493 1470/12/1496 1574/12/1631
f 1468/12/1493 1574/12/1631 1572/12/1629
f 1574/12/1631 1470/12/1496 1472/12/1498
f 1574/12/1631 1472/12/1498 1575/12/1632
f 1471/9/1015 1467/9/1015 1573/9/1015
f 1471/9/1015 1573/9/1015 1576/9/1388
f 1472/1/1498 1474/1/1499 1577/1/1633
f 1472/1/1498 1577/1/1633 1575/1/1632
f 1577/1/1633 1474/1/1499 1476/1/1500
f 1577/1/1633 1476/1/1500 1578/1/1634
f 1475/14/1388 1471/14/1015 1576/14/1388
f 1475/14/1388 1576/14/1388 1579/14/1635
f 1476/2/1500 1478/2/1503 1580/2/1636
f 1476/2/1500 1580/2/1636 1578/2/1634
f 1479/14/1504 1475/14/1388 1579/14/1635
f 1479/14/1504 1579/14/1635 1581/14/1637
f 1582/2/1638 1580/2/1620 1583/2/1621
f 1582/2/1638 1583/2/1621 1584/2/1639
f 1478/2/1503 1480/2/1640 1583/2/1641
f 1478/2/1503 1583/2/1641 1580/2/1636
f 1583/2/1625 1480/2/1508 1481/2/1507
f 1583/2/1625 1481/2/1507 1584/2/1642
f 1585/19/1643 1582/19/1644 1584/19/1645
f 1585/19/1643 1584/19/1645 1586/19/1646
f 1584/19/1645 1481/19/1507 1482/19/1509
f 1584/19/1645 1482/19/1509 1586/19/1647
f 1587/14/1649 1588/14/1650 1589/14/1423
f 1587/14/1649 1589/14/1423 1581/14/1648
f 1479/14/1504 1581/14/1651 1589/14/1423
f 1479/14/1504 1589/14/1423 1483/14/1511
f 1589/14/1423 1588/14/1650 1484/14/1512
f 1589/14/1423 1484/14/1512 1483/14/1511
f 1590/12/1645 1586/12/1646 1591/12/1643
f 1590/12/1645 1591/12/1643 1592/12/1644
f 1482/12/1509 1485/12/1514 1591/12/1652
f 1482/12/1509 1591/12/1652 1586/12/1653
f 1591/12/1655 1485/12/1514 1486/12/1515
f 1591/12/1655 1486/12/1515 1592/12/1654
f 1593/12/1621 1590/12/1639 1592/12/1638
f 1593/12/1621 1592/12/1638 1594/12/1620
f 1592/12/1644 1486/12/1515 1487/12/1516
f 1592/12/1644 1487/12/1516 1594/12/1620
f 1484/14/1512 1588/14/1650 1595/14/1512
f 1484/14/1512 1595/14/1512 1488/14/1517
f 1595/14/1512 1596/14/1656 1490/14/1520
f 1595/14/1512 1490/14/1520 1488/14/1517
f 1487/2/1519 1489/2/1518 1597/2/1657
f 1487/2/1519 1597/2/1657 1594/2/1618
f 1598/8/1658 1599/8/1659 1498/8/1527
f 1598/8/1658 1498/8/1527 1497/8/1526
f 1600/8/1660 1598/8/1658 1497/8/1526
f 1600/8/1660 1497/8/1526 1500/8/1531
f 1601/8/1661 1600/8/1660 1500/8/1531
f 1601/8/1661 1500/8/1531 1502/8/1532
f 1601/8/1661 1502/8/1532 1504/8/1534
f 1601/8/1661 1504/8/1534 1602/8/1662
f 1490/9/1520 1596/9/1656 1603/9/1663
f 1490/9/1520 1603/9/1663 1491/9/1521
f 1603/9/1663 1604/9/1664 1510/9/1541
f 1603/9/1663 1510/9/1541 1491/9/1521
f 1493/2/1488 1605/2/1618 1597/2/1657
f 1493/2/1488 1597/2/1657 1489/2/1518
f 1607/5/1666 1608/5/1667 1609/5/1668
f 1607/5/1666 1609/5/1668 1606/5/1665
f 1609/5/1668 1608/5/1669 1495/5/1524
f 1609/5/1668 1495/5/1524 1494/5/1523
f 1606/2/1665 1609/2/1668 1610/2/1527
f 1606/2/1665 1610/2/1527 1599/2/1659
f 1498/2/1527 1599/2/1659 1610/2/1527
f 1498/2/1527 1610/2/1527 1496/2/1527
f 1610/2/1527 1609/2/1668 1494/2/1523
f 1610/2/1527 1494/2/1523 1496/2/1670
f 1611/2/1533 1602/2/1535 1612/2/1534
f 1611/2/1533 1612/2/1534 1613/2/1532
f 1504/2/1534 1505/2/1534 1612/2/1534
f 1504/2/1534 1612/2/1534 1602/2/1534
f 1612/2/1534 1505/2/1662 1506/2/1537
f 1612/2/1534 1506/2/1537 1613/2/1532
f 1614/18/1531 1611/18/1533 1613/18/1532
f 1614/18/1531 1613/18/1532 1615/18/1531
f 1615/18/1531 1613/18/1532 1506/18/1537
f 1615/18/1531 1506/18/1537 1507/18/1432
f 1616/2/1529 1614/2/1531 1615/2/1531
f 1616/2/1529 1615/2/1531 1617/2/1526
f 1617/2/1526 1615/2/1531 1507/2/1432
f 1617/2/1526 1507/2/1432 1508/2/1539
f 1616/9/1529 1617/9/1526 1618/9/1527
f 1616/9/1529 1618/9/1527 1604/9/1671
f 1510/9/1541 1604/9/1673 1618/9/1527
f 1510/9/1541 1618/9/1527 1509/9/1672
f 1618/9/1527 1617/9/1526 1508/9/1539
f 1618/9/1527 1508/9/1539 1509/9/1674
f 1605/2/1676 1619/2/1676 1620/2/1676
f 1605/2/1676 1620/2/1676 1608/2/1675
f 1495/2/1524 1608/2/1677 1620/2/1678
f 1495/2/1524 1620/2/1678 1512/2/1547
f 1493/2/1488 1513/2/1489 1619/2/1623
f 1493/2/1488 1619/2/1623 1605/2/1618
f 1620/2/1679 1619/2/1679 1513/2/1548
f 1620/2/1679 1513/2/1548 1512/2/1548
f 1621/10/1549 1622/10/1549 1623/10/1549
f 1621/10/1549 1623/10/1549 1624/10/1549
f 1522/10/1399 1520/10/1558 1621/10/1441
f 1522/10/1399 1621/10/1441 1624/10/1442
f 1518/10/1552 1623/10/1551 1622/10/1551
f 1518/10/1552 1622/10/1551 1519/10/1552
f 1519/10/1555 1622/10/1447 1621/10/1447
f 1519/10/1555 1621/10/1447 1520/10/1556
f 1527/12/1565 1625/12/1681 1626/12/1682
f 1527/12/1565 1626/12/1682 1524/12/1680
f 1528/12/1572 1524/12/1570 1626/12/1682
f 1528/12/1572 1626/12/1682 1627/12/1683
f 1529/19/1573 1528/19/1572 1627/19/1683
f 1529/19/1573 1627/19/1683 1628/19/1684
f 1532/19/1577 1530/19/1685 1629/19/1686
f 1532/19/1577 1629/19/1686 1630/19/1687
f 1529/19/1573 1628/19/1684 1629/19/1686
f 1529/19/1573 1629/19/1686 1530/19/1581
f 1632/6/1689 1633/6/1690 1634/6/1691
f 1632/6/1689 1634/6/1691 1631/6/1688
f 1537/6/1586 1633/6/1690 1632/6/1689
f 1537/6/1586 1632/6/1689 1534/6/1692
f 1538/6/1592 1534/6/1693 1632/6/1689
f 1538/6/1592 1632/6/1689 1631/6/1694
f 1538/11/1592 1631/11/1695 1635/11/1572
f 1538/11/1592 1635/11/1572 1539/11/1462
f 1540/11/1143 1539/11/1462 1635/11/1572
f 1540/11/1143 1635/11/1572 1636/11/1143
f 1541/6/1143 1540/6/1143 1636/6/1143
f 1541/6/1143 1636/6/1143 1637/6/1143
f 1542/2/1143 1541/2/1143 1637/2/1143
f 1542/2/1143 1637/2/1143 1638/2/1143
f 1543/18/1572 1542/18/1143 1638/18/1143
f 1543/18/1572 1638/18/1143 1639/18/1462
f 1543/2/1572 1639/2/1462 1640/2/1697
f 1543/2/1572 1640/2/1697 1516/2/1696
f 1517/9/1594 1516/9/1696 1640/9/1697
f 1517/9/1594 1640/9/1697 1641/9/1698
f 1518/10/1595 1517/10/1594 1641/10/1698
f 1518/10/1595 1641/10/1698 1623/10/1699
f 1544/10/1407 1523/10/1406 1642/10/1700
f 1544/10/1407 1642/10/1700 1643/10/1701
f 1522/10/1399 1624/10/1702 1642/10/1560
f 1522/10/1399 1642/10/1560 1523/10/1455
f 1551/2/1704 1644/2/1705 1645/2/1706
f 1551/2/1704 1645/2/1706 1526/2/1703
f 1527/2/1565 1526/2/1568 1645/2/1706
f 1527/2/1565 1645/2/1706 1625/2/1681
f 1552/12/1707 1533/12/1580 1646/12/1708
f 1552/12/1707 1646/12/1708 1647/12/1709
f 1532/12/1577 1630/12/1687 1646/12/1708
f 1532/12/1577 1646/12/1708 1533/12/1710
f 1553/6/1445 1648/6/1552 1649/6/1711
f 1553/6/1445 1649/6/1711 1536/6/1587
f 1537/6/1586 1536/6/1712 1649/6/1711
f 1537/6/1586 1649/6/1711 1633/6/1690
f 1554/8/1015 1544/8/1407 1643/8/1701
f 1554/8/1015 1643/8/1701 1650/8/1713
f 1555/5/1612 1651/5/1714 1652/5/1715
f 1555/5/1612 1652/5/1715 1547/5/1598
f 1548/5/1603 1547/5/1481 1652/5/1716
f 1548/5/1603 1652/5/1716 1653/5/1717
f 1548/5/1718 1653/5/1717 1654/5/1719
f 1548/5/1718 1654/5/1719 1550/5/1478
f 1556/2/1613 1550/2/1473 1654/2/1719
f 1556/2/1613 1654/2/1719 1655/2/1720
f 1557/19/1614 1556/19/1613 1655/19/1720
f 1557/19/1614 1655/19/1720 1656/19/1721
f 1551/12/1616 1557/12/1614 1656/12/1721
f 1551/12/1616 1656/12/1721 1644/12/1705
f 1553/2/1722 1552/2/1722 1647/2/1723
f 1553/2/1722 1647/2/1723 1648/2/1723
f 1558/8/1015 1554/8/1015 1650/8/1713
f 1558/8/1015 1650/8/1713 1657/8/1387
f 1555/5/1612 1559/5/874 1658/5/874
f 1555/5/1612 1658/5/874 1651/5/1714
f 1560/14/1015 1558/14/1015 1657/14/1387
f 1560/14/1015 1657/14/1387 1659/14/1388
f 1559/5/874 1561/5/874 1660/5/1487
f 1559/5/874 1660/5/1487 1658/5/874
f 1562/9/1015 1560/9/1015 1659/9/1388
f 1562/9/1015 1659/9/1388 1661/9/1724
f 1561/5/874 1563/5/1617 1662/5/1725
f 1561/5/874 1662/5/1725 1660/5/1487
f 1564/14/1015 1562/14/1015 1661/14/1724
f 1564/14/1015 1661/14/1724 1663/14/1726
f 1563/5/1617 1565/5/1618 1664/5/1727
f 1563/5/1617 1664/5/1727 1662/5/1725
f 1664/5/1729 1565/5/1620 1567/5/1619
f 1664/5/1729 1567/5/1619 1665/5/1728
f 1665/5/1728 1567/5/1619 1570/5/1534
f 1665/5/1728 1570/5/1534 1666/5/1730
f 1566/9/1015 1564/9/1015 1663/9/1726
f 1566/9/1015 1663/9/1726 1667/9/1731
f 1668/2/1732 1666/2/1730 1669/2/1733
f 1668/2/1732 1669/2/1733 1670/2/1734
f 1570/2/1534 1571/2/1627 1669/2/1733
f 1570/2/1534 1669/2/1733 1666/2/1730
f 1669/2/1733 1571/2/1627 1572/2/1629
f 1669/2/1733 1572/2/1629 1670/2/1734
f 1573/9/1015 1566/9/1015 1667/9/1731
f 1573/9/1015 1667/9/1731 1671/9/1731
f 1672/12/1735 1670/12/1734 1673/12/1501
f 1672/12/1735 1673/12/1501 1674/12/1736
f 1572/12/1629 1574/12/1631 1673/12/1501
f 1572/12/1629 1673/12/1501 1670/12/1734
f 1673/12/1501 1574/12/1631 1575/12/1632
f 1673/12/1501 1575/12/1632 1674/12/1737
f 1576/9/1388 1573/9/1015 1671/9/1731
f 1576/9/1388 1671/9/1731 1675/9/1738
f 1575/12/1632 1577/12/1633 1676/12/1634
f 1575/12/1632 1676/12/1634 1674/12/1739
f 1677/12/1633 1676/12/1634 1577/12/1633
f 1677/12/1633 1577/12/1633 1578/12/1634
f 1579/9/1635 1576/9/1388 1675/9/1738
f 1579/9/1635 1675/9/1738 1678/9/1740
f 1578/2/1634 1580/2/1741 1679/2/1742
f 1578/2/1634 1679/2/1742 1677/2/1633
f 1679/2/1742 1580/2/1743 1582/2/1644
f 1679/2/1742 1582/2/1644 1680/2/1729
f 1680/12/1729 1582/12/1654 1585/12/1655
f 1680/12/1729 1585/12/1655 1681/12/1742
f 1682/8/1649 1683/8/1745 1684/8/1746
f 1682/8/1649 1684/8/1746 1678/8/1744
f 1579/8/1635 1678/8/1747 1684/8/1746
f 1579/8/1635 1684/8/1746 1581/8/1651
f 1684/8/1746 1683/8/1745 1587/8/1649
f 1684/8/1746 1587/8/1649 1581/8/1648
f 1585/12/1652 1586/12/1653 1685/12/1748
f 1585/12/1652 1685/12/1748 1681/12/1742
f 1685/12/1748 1586/12/1647 1590/12/1645
f 1685/12/1748 1590/12/1645 1686/12/1507
f 1686/2/1507 1590/2/1642 1593/2/1625
f 1686/2/1507 1593/2/1625 1687/2/1491
f 1587/8/1649 1683/8/1745 1688/8/1749
f 1587/8/1649 1688/8/1749 1588/8/1650
f 1593/2/1623 1594/2/1618 1689/2/1750
f 1593/2/1623 1689/2/1750 1687/2/1489
f 1690/8/1649 1691/8/1751 1692/8/1424
f 1690/8/1649 1692/8/1424 1688/8/1749
f 1588/8/1650 1688/8/1749 1692/8/1424
f 1588/8/1650 1692/8/1424 1595/8/1512
f 1692/8/1424 1691/8/1751 1596/8/1656
f 1692/8/1424 1596/8/1656 1595/8/1512
f 1597/2/1657 1693/2/1752 1689/2/1750
f 1597/2/1657 1689/2/1750 1594/2/1618
f 1694/2/1753 1695/2/1754 1607/2/1755
f 1694/2/1753 1607/2/1755 1606/2/1665
f 1696/8/1756 1694/8/1753 1606/8/1665
f 1696/8/1756 1606/8/1665 1599/8/1659
f 1698/8/1527 1696/8/1756 1699/8/1758
f 1698/8/1527 1699/8/1758 1697/8/1757
f 1699/8/1758 1696/8/1756 1599/8/1659
f 1699/8/1758 1599/8/1659 1598/8/1658
f 1700/8/1534 1697/8/1757 1699/8/1758
f 1700/8/1534 1699/8/1758 1701/8/1535
f 1699/8/1758 1598/8/1658 1600/8/1660
f 1699/8/1758 1600/8/1660 1701/8/1536
f 1702/8/1759 1701/8/1538 1600/8/1660
f 1702/8/1759 1600/8/1660 1601/8/1661
f 1703/8/1760 1702/8/1759 1601/8/1661
f 1703/8/1760 1601/8/1661 1602/8/1538
f 1703/2/1760 1602/2/1536 1611/2/1533
f 1703/2/1760 1611/2/1533 1704/2/1761
f 1705/18/1762 1704/18/1761 1611/18/1533
f 1705/18/1762 1611/18/1533 1614/18/1531
f 1706/2/1763 1705/2/1762 1614/2/1531
f 1706/2/1763 1614/2/1531 1616/2/1529
f 1707/10/1764 1706/10/1763 1616/10/1529
f 1707/10/1764 1616/10/1529 1604/10/1765
f 1596/14/1656 1691/14/1751 1708/14/1766
f 1596/14/1656 1708/14/1766 1603/14/1663
f 1707/14/1764 1604/14/1768 1603/14/1663
f 1707/14/1764 1603/14/1663 1708/14/1767
f 1607/2/1769 1695/2/1754 1709/2/1770
f 1607/2/1769 1709/2/1770 1608/2/1677
f 1597/2/1657 1605/2/1618 1710/2/1727
f 1597/2/1657 1710/2/1727 1693/2/1752
f 1709/2/1771 1710/2/1771 1605/2/1772
f 1709/2/1771 1605/2/1772 1608/2/1773
f 1712/1/1584 1713/1/1775 1714/1/1586
f 1712/1/1584 1714/1/1586 1711/1/1774
f 1625/1/1681 1713/1/1775 1712/1/1588
f 1625/1/1681 1712/1/1588 1626/1/1682
f 1627/1/1683 1626/1/1682 1712/1/1589
f 1627/1/1683 1712/1/1589 1711/1/1776
f 1627/12/1683 1711/12/1777 1715/12/1778
f 1627/12/1683 1715/12/1778 1628/12/1684
f 1630/12/1687 1629/12/1686 1716/12/1779
f 1630/12/1687 1716/12/1779 1717/12/1780
f 1629/12/1686 1628/12/1684 1715/12/1778
f 1629/12/1686 1715/12/1778 1716/12/1781
f 1634/11/1691 1718/11/1711 1719/11/1783
f 1634/11/1691 1719/11/1783 1631/11/1782
f 1635/11/1572 1631/11/1784 1719/11/1783
f 1635/11/1572 1719/11/1783 1720/11/1785
f 1636/11/1143 1635/11/1572 1720/11/1785
f 1636/11/1143 1720/11/1785 1721/11/1786
f 1637/6/1143 1636/6/1143 1721/6/1786
f 1637/6/1143 1721/6/1786 1722/6/1787
f 1638/2/1143 1637/2/1143 1722/2/1787
f 1638/2/1143 1722/2/1787 1723/2/1462
f 1639/19/1462 1638/19/1143 1723/19/1462
f 1639/19/1462 1723/19/1462 1724/19/1143
f 1640/2/1697 1639/2/1462 1724/2/1143
f 1640/2/1697 1724/2/1143 1725/2/1143
f 1641/9/1698 1640/9/1697 1725/9/1143
f 1641/9/1698 1725/9/1143 1726/9/1462
f 1641/10/1698 1726/10/1462 1727/10/1788
f 1641/10/1698 1727/10/1788 1623/10/1699
f 1624/10/1789 1623/10/1699 1727/10/1788
f 1624/10/1789 1727/10/1788 1728/10/1790
f 1729/10/1791 1728/10/1791 1730/10/1792
f 1729/10/1791 1730/10/1792 1731/10/1792
f 1643/10/1701 1642/10/1700 1729/10/1793
f 1643/10/1701 1729/10/1793 1731/10/1794
f 1624/10/1702 1728/10/1795 1729/10/1796
f 1624/10/1702 1729/10/1796 1642/10/1560
f 1732/2/1797 1733/2/1798 1734/2/1799
f 1732/2/1797 1734/2/1799 1713/2/1775
f 1644/2/1705 1733/2/1798 1732/2/1797
f 1644/2/1705 1732/2/1797 1645/2/1706
f 1625/2/1681 1645/2/1706 1732/2/1797
f 1625/2/1681 1732/2/1797 1713/2/1775
f 1735/1/1800 1717/1/1801 1736/1/1802
f 1735/1/1800 1736/1/1802 1737/1/1803
f 1647/1/1709 1646/1/1708 1735/1/1800
f 1647/1/1709 1735/1/1800 1737/1/1804
f 1630/1/1687 1717/1/1805 1735/1/1800
f 1630/1/1687 1735/1/1800 1646/1/1708
f 1739/7/1691 1740/7/1688 1741/7/1689
f 1739/7/1691 1741/7/1689 1738/7/1690
f 1648/7/1552 1740/7/1688 1739/7/1691
f 1648/7/1552 1739/7/1691 1649/7/1711
f 1633/7/1690 1649/7/1711 1739/7/1691
f 1633/7/1690 1739/7/1691 1738/7/1690
f 1634/11/1691 1633/11/1690 1738/11/1690
f 1634/11/1691 1738/11/1690 1718/11/1711
f 1731/8/1806 1730/8/1807 1742/8/1808
f 1731/8/1806 1742/8/1808 1743/8/1809
f 1650/8/1713 1643/8/1701 1731/8/1794
f 1650/8/1713 1731/8/1794 1743/8/1810
f 1652/7/1715 1651/7/1714 1744/7/635
f 1652/7/1715 1744/7/635 1745/7/636
f 1653/7/1717 1652/7/1716 1745/7/637
f 1653/7/1717 1745/7/637 1746/7/1811
f 1654/7/1719 1653/7/1717 1746/7/1811
f 1654/7/1719 1746/7/1811 1747/7/1812
f 1748/2/1813 1747/2/1814 1749/2/1815
f 1748/2/1813 1749/2/1815 1750/2/1816
f 1654/2/1719 1747/2/1817 1748/2/1813
f 1654/2/1719 1748/2/1813 1655/2/1720
f 1748/12/1813 1750/12/1816 1752/12/1819
f 1748/12/1813 1752/12/1819 1751/12/1818
f 1656/12/1721 1655/12/1720 1748/12/1813
f 1656/12/1721 1748/12/1813 1751/12/1820
f 1644/19/1705 1656/19/1721 1751/19/1821
f 1644/19/1705 1751/19/1821 1733/19/1798
f 1648/2/1723 1647/2/1723 1737/2/1822
f 1648/2/1723 1737/2/1822 1740/2/1823
f 1650/8/1713 1743/8/1824 1753/8/1825
f 1650/8/1713 1753/8/1825 1657/8/1387
f 1651/4/1714 1658/4/874 1754/4/1487
f 1651/4/1714 1754/4/1487 1744/4/635
f 1659/14/1388 1657/14/1387 1753/14/1825
f 1659/14/1388 1753/14/1825 1755/14/1420
f 1658/4/874 1660/4/1487 1756/4/1826
f 1658/4/874 1756/4/1826 1754/4/1487
f 1661/9/1724 1659/9/1388 1755/9/1420
f 1661/9/1724 1755/9/1420 1757/9/1827
f 1662/7/1725 1758/7/1828 1756/7/1826
f 1662/7/1725 1756/7/1826 1660/7/1487
f 1759/2/1829 1760/2/1829 1761/2/1830
f 1759/2/1829 1761/2/1830 1762/2/1831
f 1763/14/1833 1764/14/1834 1765/14/1835
f 1763/14/1833 1765/14/1835 1757/14/1832
f 1661/14/1724 1757/14/1836 1765/14/1835
f 1661/14/1724 1765/14/1835 1663/14/1726
f 1766/7/1837 1758/7/1838 1767/7/1621
f 1766/7/1837 1767/7/1621 1768/7/1839
f 1662/7/1725 1664/7/1727 1767/7/1623
f 1662/7/1725 1767/7/1623 1758/7/1828
f 1767/7/1625 1664/7/1729 1665/7/1728
f 1767/7/1625 1665/7/1728 1768/7/1840
f 1766/7/1837 1768/7/1839 1769/7/1842
f 1766/7/1837 1769/7/1842 1761/7/1841
f 1769/7/1842 1768/7/1843 1665/7/1728
f 1769/7/1842 1665/7/1728 1666/7/1730
f 1762/2/1844 1761/2/1841 1769/2/1842
f 1762/2/1844 1769/2/1842 1770/2/1845
f 1769/2/1842 1666/2/1730 1668/2/1732
f 1769/2/1842 1668/2/1732 1770/2/1846
f 1771/2/1847 1762/2/1848 1770/2/1846
f 1771/2/1847 1770/2/1846 1772/2/1849
f 1765/9/1835 1764/9/1834 1773/9/1850
f 1765/9/1835 1773/9/1850 1774/9/1850
f 1667/9/1731 1663/9/1726 1765/9/1835
f 1667/9/1731 1765/9/1835 1774/9/1850
f 1772/2/1849 1770/2/1846 1775/2/1851
f 1772/2/1849 1775/2/1851 1776/2/1852
f 1668/2/1732 1670/2/1734 1775/2/1851
f 1668/2/1732 1775/2/1851 1770/2/1853
f 1775/2/1851 1670/2/1734 1672/2/1735
f 1775/2/1851 1672/2/1735 1776/2/1854
f 1774/9/1850 1773/9/1850 1777/9/1850
f 1774/9/1850 1777/9/1850 1778/9/1850
f 1671/9/1731 1667/9/1731 1774/9/1850
f 1671/9/1731 1774/9/1850 1778/9/1850
f 1672/19/1735 1674/19/1737 1779/19/1855
f 1672/19/1735 1779/19/1855 1776/19/1852
f 1778/9/1850 1777/9/1850 1780/9/1856
f 1778/9/1850 1780/9/1856 1781/9/1857
f 1675/9/1738 1671/9/1731 1778/9/1850
f 1675/9/1738 1778/9/1850 1781/9/1857
f 1782/19/1858 1779/19/1855 1783/19/1500
f 1782/19/1858 1783/19/1500 1784/19/1859
f 1674/19/1737 1676/19/1634 1783/19/1500
f 1674/19/1737 1783/19/1500 1779/19/1855
f 1783/19/1500 1676/19/1634 1677/19/1633
f 1783/19/1500 1677/19/1633 1784/19/1859
f 1780/9/1856 1785/9/1860 1786/9/1861
f 1780/9/1856 1786/9/1861 1781/9/1857
f 1675/9/1738 1781/9/1857 1786/9/1861
f 1675/9/1738 1786/9/1861 1678/9/1747
f 1786/9/1861 1785/9/1860 1682/9/1649
f 1786/9/1861 1682/9/1649 1678/9/1744
f 1787/2/1862 1784/2/1863 1788/2/1643
f 1787/2/1862 1788/2/1643 1789/2/1644
f 1677/2/1633 1679/2/1742 1788/2/1652
f 1677/2/1633 1788/2/1652 1784/2/1864
f 1788/2/1655 1679/2/1742 1680/2/1729
f 1788/2/1655 1680/2/1729 1789/2/1654
f 1790/1/1865 1787/1/1862 1789/1/1638
f 1790/1/1865 1789/1/1638 1791/1/1620
f 1789/1/1644 1680/1/1729 1681/1/1742
f 1789/1/1644 1681/1/1742 1791/1/1743
f 1682/8/1649 1785/8/1860 1792/8/1745
f 1682/8/1649 1792/8/1745 1683/8/1745
f 1681/12/1742 1685/12/1748 1793/12/1505
f 1681/12/1742 1793/12/1505 1791/12/1741
f 1794/12/1515 1793/12/1508 1685/12/1748
f 1794/12/1515 1685/12/1748 1686/12/1507
f 1795/12/1516 1794/12/1515 1686/12/1507
f 1795/12/1516 1686/12/1507 1687/12/1491
f 1796/8/1649 1797/8/1745 1798/8/1649
f 1796/8/1649 1798/8/1649 1792/8/1745
f 1683/8/1745 1792/8/1745 1798/8/1649
f 1683/8/1745 1798/8/1649 1688/8/1749
f 1798/8/1649 1797/8/1745 1690/8/1649
f 1798/8/1649 1690/8/1649 1688/8/1749
f 1687/2/1489 1689/2/1750 1799/2/1866
f 1687/2/1489 1799/2/1866 1795/2/1519
f 1800/8/1867 1801/8/1868 1698/8/1527
f 1800/8/1867 1698/8/1527 1697/8/1757
f 1800/8/1867 1697/8/1757 1700/8/1534
f 1800/8/1867 1700/8/1534 1802/8/1869
f 1690/8/1649 1797/8/1745 1803/8/1870
f 1690/8/1649 1803/8/1870 1691/8/1751
f 1693/2/1752 1804/2/1618 1799/2/1866
f 1693/2/1752 1799/2/1866 1689/2/1750
f 1805/2/1871 1806/2/1872 1695/2/1754
f 1805/2/1871 1695/2/1754 1694/2/1753
f 1807/8/1873 1805/8/1871 1808/8/1874
f 1807/8/1873 1808/8/1874 1801/8/1868
f 1698/8/1527 1801/8/1868 1808/8/1874
f 1698/8/1527 1808/8/1874 1696/8/1756
f 1808/8/1874 1805/8/1871 1694/8/1753
f 1808/8/1874 1694/8/1753 1696/8/1756
f 1809/8/1875 1802/8/1869 1810/8/1534
f 1809/8/1875 1810/8/1534 1811/8/1876
f 1700/8/1534 1701/8/1534 1810/8/1534
f 1700/8/1534 1810/8/1534 1802/8/1869
f 1810/8/1534 1701/8/1662 1702/8/1759
f 1810/8/1534 1702/8/1759 1811/8/1876
f 1812/8/1877 1809/8/1875 1811/8/1876
f 1812/8/1877 1811/8/1876 1813/8/1878
f 1811/8/1876 1702/8/1759 1703/8/1760
f 1811/8/1876 1703/8/1760 1813/8/1536
f 1814/2/1537 1813/2/1538 1703/2/1760
f 1814/2/1537 1703/2/1760 1704/2/1761
f 1815/3/1539 1814/3/1537 1704/3/1761
f 1815/3/1539 1704/3/1761 1705/3/1762
f 1815/2/1539 1705/2/1762 1706/2/1763
f 1815/2/1539 1706/2/1763 1816/2/1525
f 1818/8/1880 1816/8/1528 1819/8/1881
f 1818/8/1880 1819/8/1881 1817/8/1879
f 1819/8/1882 1816/8/1530 1706/8/1763
f 1819/8/1882 1706/8/1763 1707/8/1764
f 1817/8/1879 1819/8/1884 1820/8/1885
f 1817/8/1879 1820/8/1885 1803/8/1883
f 1691/8/1751 1803/8/1870 1820/8/1887
f 1691/8/1751 1820/8/1887 1708/8/1886
f 1820/8/1888 1819/8/1882 1707/8/1764
f 1820/8/1888 1707/8/1764 1708/8/1767
f 1804/2/1889 1821/2/1889 1822/2/1889
f 1804/2/1889 1822/2/1889 1806/2/1889
f 1695/2/1754 1806/2/1890 1822/2/1891
f 1695/2/1754 1822/2/1891 1709/2/1770
f 1693/2/1752 1710/2/1727 1821/2/1623
f 1693/2/1752 1821/2/1623 1804/2/1618
f 1822/2/1679 1821/2/1679 1710/2/1771
f 1822/2/1679 1710/2/1771 1709/2/1771
f 1824/1/1893 1825/1/1894 1826/1/1895
f 1824/1/1893 1826/1/1895 1823/1/1892
f 1714/1/1586 1825/1/1894 1824/1/1893
f 1714/1/1586 1824/1/1893 1711/1/1896
f 1715/1/1778 1711/1/1897 1824/1/1893
f 1715/1/1778 1824/1/1893 1823/1/1898
f 1827/1/1899 1823/1/1900 1826/1/1895
f 1827/1/1899 1826/1/1895 1828/1/1901
f 1717/1/1805 1716/1/1902 1827/1/1903
f 1717/1/1805 1827/1/1903 1828/1/1904
f 1715/1/1778 1823/1/1905 1827/1/1906
f 1715/1/1778 1827/1/1906 1716/1/1781
f 1830/6/1908 1831/6/1909 1832/6/1910
f 1830/6/1908 1832/6/1910 1829/6/1907
f 1718/6/1711 1831/6/1911 1830/6/1912
f 1718/6/1711 1830/6/1912 1719/6/1783
f 1720/6/1785 1719/6/1783 1830/6/1913
f 1720/6/1785 1830/6/1913 1829/6/1907
f 1833/6/1914 1829/6/1907 1832/6/1910
f 1833/6/1914 1832/6/1910 1834/6/1915
f 1721/6/1786 1720/6/1785 1829/6/1907
f 1721/6/1786 1829/6/1907 1833/6/1914
f 1833/7/1914 1834/7/1915 1836/7/1917
f 1833/7/1914 1836/7/1917 1835/7/1916
f 1722/7/1787 1721/7/1786 1833/7/1914
f 1722/7/1787 1833/7/1914 1835/7/1918
f 1722/2/1787 1835/2/1919 1837/2/1920
f 1722/2/1787 1837/2/1920 1723/2/1462
f 1724/12/1143 1723/12/1462 1837/12/1920
f 1724/12/1143 1837/12/1920 1838/12/1786
f 1725/2/1143 1724/2/1143 1838/2/1786
f 1725/2/1143 1838/2/1786 1839/2/1921
f 1726/10/1462 1725/10/1143 1839/10/1921
f 1726/10/1462 1839/10/1921 1840/10/1922
f 1727/10/1788 1726/10/1462 1840/10/1922
f 1727/10/1788 1840/10/1922 1841/10/1923
f 1730/10/1924 1728/10/1925 1842/10/1926
f 1730/10/1924 1842/10/1926 1843/10/1927
f 1727/10/1788 1841/10/1923 1842/10/1928
f 1727/10/1788 1842/10/1928 1728/10/1790
f 1734/2/1799 1844/2/1929 1845/2/1930
f 1734/2/1799 1845/2/1930 1713/2/1775
f 1714/2/1586 1713/2/1775 1845/2/1930
f 1714/2/1586 1845/2/1930 1825/2/1894
f 1736/2/1802 1717/2/1805 1828/2/1904
f 1736/2/1802 1828/2/1904 1846/2/1931
f 1847/6/1586 1848/6/1933 1849/6/1934
f 1847/6/1586 1849/6/1934 1831/6/1932
f 1741/6/1689 1848/6/1583 1847/6/1586
f 1741/6/1689 1847/6/1586 1738/6/1690
f 1718/6/1711 1738/6/1690 1847/6/1586
f 1718/6/1711 1847/6/1586 1831/6/1932
f 1730/8/1936 1843/8/1937 1850/8/1935
f 1730/8/1936 1850/8/1935 1742/8/1935
f 1745/6/636 1744/6/635 1851/6/635
f 1745/6/636 1851/6/635 1852/6/636
f 1746/6/1811 1745/6/637 1852/6/637
f 1746/6/1811 1852/6/637 1853/6/1938
f 1749/6/1939 1747/6/1940 1854/6/1686
f 1749/6/1939 1854/6/1686 1855/6/1941
f 1746/6/1811 1853/6/1938 1854/6/1686
f 1746/6/1811 1854/6/1686 1747/6/1942
f 1857/12/1944 1858/12/1945 1859/12/1946
f 1857/12/1944 1859/12/1946 1856/12/1943
f 1752/12/1819 1858/12/1948 1857/12/1949
f 1752/12/1819 1857/12/1949 1751/12/1947
f 1733/12/1798 1751/12/1950 1857/12/1951
f 1733/12/1798 1857/12/1951 1856/12/1952
f 1734/2/1799 1733/2/1798 1856/2/1952
f 1734/2/1799 1856/2/1952 1844/2/1929
f 1736/17/1404 1846/17/1954 1860/17/1955
f 1736/17/1404 1860/17/1955 1737/17/1953
f 1740/24/1823 1737/24/1822 1860/24/1955
f 1740/24/1823 1860/24/1955 1861/24/1956
f 1741/2/1689 1740/2/1957 1861/2/1956
f 1741/2/1689 1861/2/1956 1848/2/1958
f 1753/10/1825 1743/10/1824 1862/10/1959
f 1753/10/1825 1862/10/1959 1863/10/1960
f 1743/10/1961 1742/10/1961 1850/10/1961
f 1743/10/1961 1850/10/1961 1862/10/1961
f 1744/6/635 1754/6/1487 1864/6/1617
f 1744/6/635 1864/6/1617 1851/6/635
f 1749/2/1962 1855/2/1941 1865/2/1963
f 1749/2/1962 1865/2/1963 1750/2/1816
f 1865/12/1965 1866/12/1966 1867/12/1967
f 1865/12/1965 1867/12/1967 1858/12/1964
f 1752/12/1819 1750/12/1816 1865/12/1968
f 1752/12/1819 1865/12/1968 1858/12/1945
f 1858/2/1945 1867/2/1967 1868/2/1969
f 1858/2/1945 1868/2/1969 1859/2/1946
f 1755/14/1420 1753/14/1825 1863/14/1960
f 1755/14/1420 1863/14/1960 1869/14/1970
f 1756/6/1826 1870/6/1971 1864/6/1617
f 1756/6/1826 1864/6/1617 1754/6/1487
f 1872/2/1973 1760/2/1974 1759/2/1974
f 1872/2/1973 1759/2/1974 1871/2/1972
f 1866/2/1966 1871/2/1975 1873/2/1975
f 1866/2/1966 1873/2/1975 1867/2/1967
f 1755/9/1420 1869/9/1970 1874/9/1977
f 1755/9/1420 1874/9/1977 1757/9/1976
f 1874/9/1977 1875/9/1978 1763/9/1979
f 1874/9/1977 1763/9/1979 1757/9/1980
f 1876/6/1981 1870/6/1620 1877/6/1838
f 1876/6/1981 1877/6/1838 1878/6/1982
f 1756/6/1826 1758/6/1828 1877/6/1983
f 1756/6/1826 1877/6/1983 1870/6/1971
f 1877/6/1838 1758/6/1838 1766/6/1837
f 1877/6/1838 1766/6/1837 1878/6/1982
f 1876/6/1981 1878/6/1982 1879/6/1985
f 1876/6/1981 1879/6/1985 1872/6/1984
f 1760/6/1987 1872/6/1988 1879/6/1985
f 1760/6/1987 1879/6/1985 1761/6/1986
f 1879/6/1985 1878/6/1982 1766/6/1837
f 1879/6/1985 1766/6/1837 1761/6/1989
f 1873/2/1975 1871/2/1990 1880/2/1991
f 1873/2/1975 1880/2/1991 1881/2/1992
f 1759/2/1993 1762/2/1994 1880/2/1991
f 1759/2/1993 1880/2/1991 1871/2/1995
f 1880/2/1991 1762/2/1997 1771/2/1847
f 1880/2/1991 1771/2/1847 1881/2/1996
f 1763/14/1998 1875/14/1978 1882/14/1999
f 1763/14/1998 1882/14/1999 1764/14/1834
f 1883/2/2000 1881/2/2001 1884/2/2002
f 1883/2/2000 1884/2/2002 1885/2/2003
f 1771/2/1847 1772/2/1849 1884/2/2002
f 1771/2/1847 1884/2/2002 1881/2/1996
f 1773/9/1850 1764/9/1834 1882/9/1999
f 1773/9/1850 1882/9/1999 1886/9/2004
f 1885/2/2003 1884/2/2002 1887/2/2005
f 1885/2/2003 1887/2/2005 1888/2/2006
f 1772/2/1849 1776/2/2007 1887/2/2005
f 1772/2/1849 1887/2/2005 1884/2/2002
f 1777/9/1850 1773/9/1850 1886/9/2004
f 1777/9/1850 1886/9/2004 1889/9/2004
f 1888/12/2006 1887/12/2005 1890/12/2008
f 1888/12/2006 1890/12/2008 1891/12/2009
f 1776/12/1852 1779/12/1855 1890/12/2008
f 1776/12/1852 1890/12/2008 1887/12/2005
f 1890/12/2008 1779/12/1855 1782/12/1858
f 1890/12/2008 1782/12/1858 1891/12/2009
f 1780/9/1856 1777/9/1850 1889/9/2004
f 1780/9/1856 1889/9/2004 1892/9/2010
f 1893/2/2011 1891/2/2009 1894/2/2012
f 1893/2/2011 1894/2/2012 1895/2/2013
f 1782/2/1858 1784/2/1859 1894/2/2012
f 1782/2/1858 1894/2/2012 1891/2/2009
f 1894/2/2012 1784/2/1859 1787/2/1862
f 1894/2/2012 1787/2/1862 1895/2/2013
f 1895/2/2013 1787/2/1862 1790/2/1865
f 1895/2/2013 1790/2/1865 1896/2/2014
f 1780/9/1856 1892/9/2010 1897/9/2015
f 1780/9/1856 1897/9/2015 1785/9/1860
f 1790/1/1641 1791/1/1636 1898/1/2016
f 1790/1/1641 1898/1/2016 1896/1/2017
f 1899/9/1649 1900/9/1745 1901/9/1649
f 1899/9/1649 1901/9/1649 1897/9/2015
f 1785/9/1860 1897/9/2015 1901/9/1649
f 1785/9/1860 1901/9/1649 1792/9/1745
f 1901/9/1649 1900/9/1745 1796/9/1649
f 1901/9/1649 1796/9/1649 1792/9/1745
f 1902/1/1838 1898/1/1838 1903/1/1621
f 1902/1/1838 1903/1/1621 1904/1/2018
f 1791/1/1636 1793/1/1640 1903/1/1641
f 1791/1/1636 1903/1/1641 1898/1/2016
f 1903/1/1625 1793/1/1508 1794/1/1515
f 1903/1/1625 1794/1/1515 1904/1/1729
f 1905/2/1838 1902/2/1838 1904/2/2018
f 1905/2/1838 1904/2/2018 1906/2/1620
f 1904/2/2019 1794/2/1515 1795/2/1516
f 1904/2/2019 1795/2/1516 1906/2/1620
f 1796/8/1649 1900/8/1745 1907/8/2020
f 1796/8/1649 1907/8/2020 1797/8/1745
f 1795/2/1519 1799/2/1866 1908/2/2021
f 1795/2/1519 1908/2/2021 1906/2/2022
f 1909/2/2023 1910/2/2024 1807/2/1873
f 1909/2/2023 1807/2/1873 1801/2/1868
f 1912/8/2026 1909/8/2023 1913/8/2027
f 1912/8/2026 1913/8/2027 1911/8/2025
f 1913/8/2027 1909/8/2023 1801/8/1868
f 1913/8/2027 1801/8/1868 1800/8/1867
f 1914/8/2028 1911/8/2025 1913/8/2027
f 1914/8/2028 1913/8/2027 1915/8/2029
f 1915/8/2029 1913/8/2027 1800/8/1867
f 1915/8/2029 1800/8/1867 1802/8/1869
f 1916/8/2030 1914/8/2028 1915/8/2029
f 1916/8/2030 1915/8/2029 1917/8/2031
f 1915/8/2029 1802/8/1869 1809/8/1875
f 1915/8/2029 1809/8/1875 1917/8/2031
f 1918/8/2032 1916/8/2030 1917/8/2031
f 1918/8/2032 1917/8/2031 1919/8/2033
f 1917/8/2031 1809/8/1875 1812/8/1877
f 1917/8/2031 1812/8/1877 1919/8/2033
f 1920/8/2034 1921/8/2035 1818/8/1880
f 1920/8/2034 1818/8/1880 1817/8/1879
f 1922/8/2036 1920/8/2034 1923/8/2037
f 1922/8/2036 1923/8/2037 1907/8/2020
f 1797/8/1745 1907/8/2020 1923/8/2038
f 1797/8/1745 1923/8/2038 1803/8/1870
f 1923/8/2039 1920/8/2034 1817/8/1879
f 1923/8/2039 1817/8/1879 1803/8/1883
f 1799/2/1866 1804/2/1618 1924/2/1727
f 1799/2/1866 1924/2/1727 1908/2/2021
f 1925/2/2040 1924/2/2041 1804/2/2042
f 1925/2/2040 1804/2/2042 1806/2/2043
f 1926/5/2044 1925/5/2045 1927/5/1873
f 1926/5/2044 1927/5/1873 1910/5/2024
f 1807/5/1873 1910/5/2024 1927/5/1873
f 1807/5/1873 1927/5/1873 1805/5/1871
f 1927/5/1873 1925/5/2046 1806/5/1872
f 1927/5/1873 1806/5/1872 1805/5/1871
f 1928/2/2030 1919/2/2033 1929/2/2047
f 1928/2/2030 1929/2/2047 1930/2/2048
f 1812/2/1877 1813/2/2049 1929/2/2050
f 1812/2/1877 1929/2/2050 1919/2/2033
f 1929/2/2051 1813/2/1536 1814/2/1537
f 1929/2/2051 1814/2/1537 1930/2/2048
f 1931/3/2052 1928/3/2030 1930/3/2048
f 1931/3/2052 1930/3/2048 1932/3/1526
f 1932/3/1526 1930/3/2048 1814/3/1537
f 1932/3/1526 1814/3/1537 1815/3/1539
f 1931/2/2052 1932/2/1526 1933/2/1527
f 1931/2/2052 1933/2/1527 1921/2/2035
f 1818/2/1880 1921/2/2035 1933/2/1527
f 1818/2/1880 1933/2/1527 1816/2/1527
f 1933/2/1527 1932/2/1526 1815/2/1539
f 1933/2/1527 1815/2/1539 1816/2/1670
f 1935/2/2054 1936/2/2055 1937/2/1910
f 1935/2/2054 1937/2/1910 1934/2/2053
f 1836/2/1917 1936/2/2055 1935/2/2057
f 1836/2/1917 1935/2/2057 1835/2/2056
f 1837/2/1920 1835/2/1918 1935/2/2058
f 1837/2/1920 1935/2/2058 1934/2/2053
f 1938/1/1914 1934/1/2053 1937/1/1910
f 1938/1/1914 1937/1/1910 1939/1/1915
f 1838/1/1786 1837/1/1920 1934/1/2053
f 1838/1/1786 1934/1/2053 1938/1/1914
f 1938/2/1914 1939/2/1915 1941/2/1917
f 1938/2/1914 1941/2/1917 1940/2/2059
f 1839/2/1921 1838/2/1786 1938/2/1914
f 1839/2/1921 1938/2/1914 1940/2/2060
f 1840/10/1922 1839/10/1921 1940/10/2060
f 1840/10/1922 1940/10/2060 1942/10/2061
f 1943/10/2062 1942/10/2063 1944/10/2064
f 1943/10/2062 1944/10/2064 1945/10/2065
f 1840/10/1922 1942/10/2061 1943/10/2066
f 1840/10/1922 1943/10/2066 1841/10/1923
f 1946/9/2067 1943/9/2062 1945/9/2065
f 1946/9/2067 1945/9/2065 1947/9/2068
f 1843/9/1927 1842/9/1926 1946/9/2069
f 1843/9/1927 1946/9/2069 1947/9/2070
f 1841/9/1923 1943/9/2066 1946/9/1906
f 1841/9/1923 1946/9/1906 1842/9/1928
f 1949/7/2072 1950/7/2073 1951/7/2074
f 1949/7/2072 1951/7/2074 1948/7/2071
f 1844/7/1929 1950/7/2075 1949/7/2076
f 1844/7/1929 1949/7/2076 1845/7/1930
f 1825/7/1894 1845/7/1930 1949/7/2077
f 1825/7/1894 1949/7/2077 1948/7/2071
f 1952/2/2078 1948/2/2071 1951/2/2074
f 1952/2/2078 1951/2/2074 1953/2/2079
f 1826/2/1895 1825/2/1894 1948/2/2071
f 1826/2/1895 1948/2/2071 1952/2/2078
f 1954/2/2080 1952/2/2078 1953/2/2079
f 1954/2/2080 1953/2/2079 1955/2/1814
f 1846/2/2081 1828/2/2082 1954/2/2083
f 1846/2/2081 1954/2/2083 1955/2/2084
f 1826/2/1895 1952/2/2078 1954/2/2086
f 1826/2/1895 1954/2/2086 1828/2/2085
f 1957/7/2088 1958/7/2089 1959/7/2090
f 1957/7/2088 1959/7/2090 1956/7/2087
f 1849/7/2091 1958/7/2092 1957/7/2088
f 1849/7/2091 1957/7/2088 1831/7/1932
f 1832/7/1910 1831/7/1932 1957/7/2088
f 1832/7/1910 1957/7/2088 1956/7/2087
f 1956/7/2087 1959/7/2094 1961/7/2095
f 1956/7/2087 1961/7/2095 1960/7/2093
f 1834/7/1915 1832/7/1910 1956/7/2087
f 1834/7/1915 1956/7/2087 1960/7/2093
f 1960/5/2093 1961/5/2095 1962/5/2096
f 1960/5/2093 1962/5/2096 1936/5/2055
f 1836/5/1917 1834/5/1915 1960/5/2093
f 1836/5/1917 1960/5/2093 1936/5/2055
f 1947/8/2068 1945/8/2065 1963/8/2097
f 1947/8/2068 1963/8/2097 1964/8/2098
f 1850/9/2099 1843/9/2099 1965/9/2099
f 1850/9/2099 1965/9/2099 1862/9/2099
f 1966/9/2100 1947/9/2068 1964/9/2098
f 1966/9/2100 1964/9/2098 1967/9/2101
f 1965/9/1935 1966/9/1935 1967/9/2102
f 1965/9/1935 1967/9/2102 1862/9/1959
f 1843/9/2104 1947/9/2070 1966/9/2103
f 1843/9/2104 1966/9/2103 1965/9/2103
f 1852/7/636 1851/7/635 1968/7/2105
f 1852/7/636 1968/7/2105 1969/7/2106
f 1853/7/1938 1852/7/637 1969/7/1471
f 1853/7/1938 1969/7/1471 1970/7/1722
f 1855/7/1941 1854/7/1686 1971/7/2107
f 1855/7/1941 1971/7/2107 1972/7/2108
f 1854/7/1686 1853/7/1938 1970/7/1722
f 1854/7/1686 1970/7/1722 1971/7/1781
f 1973/15/2110 1974/15/2111 1975/15/2112
f 1973/15/2110 1975/15/2112 1950/15/2109
f 1859/15/1946 1974/15/2111 1973/15/2114
f 1859/15/1946 1973/15/2114 1856/15/2113
f 1844/15/1929 1856/15/2115 1973/15/2116
f 1844/15/1929 1973/15/2116 1950/15/2117
f 1846/2/2118 1955/2/1812 1976/2/2119
f 1846/2/2118 1976/2/2119 1860/2/1955
f 1861/2/1956 1860/2/1955 1976/2/2119
f 1861/2/1956 1976/2/2119 1977/2/2120
f 1861/5/1956 1977/5/2120 1978/5/2122
f 1861/5/1956 1978/5/2122 1848/5/2121
f 1849/2/2123 1848/2/2124 1978/2/2122
f 1849/2/2123 1978/2/2122 1958/2/2125
f 1958/7/2127 1979/7/2128 1980/7/2129
f 1958/7/2127 1980/7/2129 1959/7/2126
f 1964/8/2098 1963/8/2097 1981/8/2130
f 1964/8/2098 1981/8/2130 1982/8/2131
f 1964/9/2098 1982/9/2131 1983/9/2132
f 1964/9/2098 1983/9/2132 1967/9/2101
f 1862/9/1959 1967/9/2102 1983/9/2133
f 1862/9/1959 1983/9/2133 1863/9/1960
f 1851/4/635 1864/4/1617 1984/4/2134
f 1851/4/635 1984/4/2134 1968/4/2105
f 1985/2/2135 1972/2/2136 1986/2/2137
f 1985/2/2135 1986/2/2137 1987/2/2138
f 1866/2/2139 1865/2/2140 1985/2/2141
f 1866/2/2139 1985/2/2141 1987/2/2138
f 1855/2/1941 1972/2/2143 1985/2/2140
f 1855/2/1941 1985/2/2140 1865/2/2142
f 1974/2/2111 1988/2/2144 1989/2/2145
f 1974/2/2111 1989/2/2145 1975/2/2112
f 1868/2/2146 1988/2/2147 1974/2/2111
f 1868/2/2146 1974/2/2111 1859/2/1946
f 1990/6/2148 1991/6/2148 1992/6/2149
f 1990/6/2148 1992/6/2149 1979/6/2128
f 1979/11/2128 1992/11/2149 1993/11/2150
f 1979/11/2128 1993/11/2150 1980/11/2129
f 1983/14/2151 1982/14/2152 1994/14/2153
f 1983/14/2151 1994/14/2153 1995/14/2154
f 1869/14/1970 1863/14/1960 1983/14/2155
f 1869/14/1970 1983/14/2155 1995/14/2156
f 1864/4/1617 1870/4/1971 1996/4/2157
f 1864/4/1617 1996/4/2157 1984/4/2134
f 1996/4/1729 1870/4/1620 1876/4/1981
f 1996/4/1729 1876/4/1981 1997/4/2158
f 1998/4/2159 1997/4/2158 1876/4/1981
f 1998/4/2159 1876/4/1981 1872/4/1973
f 1986/2/2137 1998/2/2160 1999/2/2161
f 1986/2/2137 1999/2/2161 1987/2/2138
f 1866/2/2139 1987/2/2138 1999/2/2161
f 1866/2/2139 1999/2/2161 1871/2/2162
f 1999/2/2163 1998/2/2159 1872/2/1984
f 1999/2/2163 1872/2/1984 1871/2/1972
f 1873/12/2165 2000/12/2166 2001/12/2167
f 1873/12/2165 2001/12/2167 1867/12/2164
f 1868/12/2168 1867/12/2169 2001/12/2170
f 1868/12/2168 2001/12/2170 1988/12/2171
f 1994/9/2153 2002/9/2172 2003/9/2173
f 1994/9/2153 2003/9/2173 1995/9/2156
f 1869/9/1970 1995/9/2174 2003/9/2175
f 1869/9/1970 2003/9/2175 1874/9/1977
f 2003/9/2176 2002/9/2177 1875/9/1978
f 2003/9/2176 1875/9/1978 1874/9/1977
f 1873/2/2165 1881/2/2178 2004/2/2179
f 1873/2/2165 2004/2/2179 2000/2/2166
f 2004/2/2181 1881/2/2182 1883/2/2183
f 2004/2/2181 1883/2/2183 2005/2/2180
f 2006/14/2184 2007/14/2185 2008/14/2186
f 2006/14/2184 2008/14/2186 2002/14/2172
f 1875/14/1978 2002/14/2187 2008/14/2186
f 1875/14/1978 2008/14/2186 1882/14/1999
f 2009/2/2188 2005/2/2188 2010/2/2189
f 2009/2/2188 2010/2/2189 2011/2/2189
f 1883/2/2190 1885/2/2003 2010/2/2189
f 1883/2/2190 2010/2/2189 2005/2/2191
f 2008/9/2186 2007/9/2185 2012/9/2192
f 2008/9/2186 2012/9/2192 2013/9/1850
f 1886/9/2004 1882/9/1999 2008/9/2186
f 1886/9/2004 2008/9/2186 2013/9/1850
f 2011/2/2189 2010/2/2189 2014/2/2006
f 2011/2/2189 2014/2/2006 2015/2/2006
f 1885/2/2003 1888/2/2006 2014/2/2006
f 1885/2/2003 2014/2/2006 2010/2/2189
f 2016/6/2193 2017/6/2194 2018/6/2194
f 2016/6/2193 2018/6/2194 2019/6/2195
f 2020/7/2196 2016/7/2193 2019/7/2195
f 2020/7/2196 2019/7/2195 2021/7/2197
f 2013/9/1850 2012/9/2192 2022/9/2198
f 2013/9/1850 2022/9/2198 2023/9/1850
f 1889/9/2004 1886/9/2004 2013/9/1850
f 1889/9/2004 2013/9/1850 2023/9/1850
f 2015/2/2006 2014/2/2006 2024/2/2199
f 2015/2/2006 2024/2/2199 2025/2/2200
f 1888/2/2006 1891/2/2009 2024/2/2199
f 1888/2/2006 2024/2/2199 2014/2/2006
f 2024/2/2199 1891/2/2009 1893/2/2011
f 2024/2/2199 1893/2/2011 2025/2/2200
f 2021/7/2197 2019/7/2195 2026/7/2201
f 2021/7/2197 2026/7/2201 2027/7/2202
f 2023/9/1850 2022/9/2198 2028/9/2203
f 2023/9/1850 2028/9/2203 2029/9/1857
f 1892/9/2010 1889/9/2004 2023/9/1850
f 1892/9/2010 2023/9/1850 2029/9/1857
f 2030/7/2204 2025/7/2200 2031/7/2205
f 2030/7/2204 2031/7/2205 2032/7/2206
f 1893/7/2011 1895/7/2013 2031/7/2205
f 1893/7/2011 2031/7/2205 2025/7/2200
f 2031/7/2205 1895/7/2013 1896/7/2207
f 2031/7/2205 1896/7/2207 2032/7/2206
f 2033/8/2208 2034/8/2209 2035/8/2210
f 2033/8/2208 2035/8/2210 2026/8/2201
f 2026/11/2201 2035/11/2210 2036/11/2212
f 2026/11/2201 2036/11/2212 2027/11/2211
f 2028/9/2203 2037/9/2213 2038/9/1861
f 2028/9/2203 2038/9/1861 2029/9/1857
f 1892/9/2010 2029/9/1857 2038/9/1861
f 1892/9/2010 2038/9/1861 1897/9/2015
f 2038/9/1861 2037/9/2213 1899/9/1649
f 2038/9/1861 1899/9/1649 1897/9/2015
f 2039/2/1645 2032/2/2214 2040/2/2215
f 2039/2/1645 2040/2/2215 2041/2/2216
f 1896/2/2207 1898/2/2217 2040/2/2218
f 1896/2/2207 2040/2/2218 2032/2/2219
f 2040/2/2220 1898/2/2221 1902/2/1838
f 2040/2/2220 1902/2/1838 2041/2/2216
f 2042/2/1621 2039/2/1639 2041/2/2216
f 2042/2/1621 2041/2/2216 2043/2/1838
f 2041/2/2216 1902/2/1838 1905/2/1838
f 2041/2/2216 1905/2/1838 2043/2/1838
f 2035/8/2210 2034/8/2209 2044/8/2222
f 2035/8/2210 2044/8/2222 2045/8/2223
f 2036/8/2212 2035/8/2210 2045/8/2223
f 2036/8/2212 2045/8/2223 2046/8/2224
f 1899/10/1649 2037/10/2213 2047/10/2225
f 1899/10/1649 2047/10/2225 1900/10/1745
f 1905/2/1983 1906/2/2022 2048/2/2226
f 1905/2/1983 2048/2/2226 2043/2/2227
f 2044/8/2222 2049/8/2228 2050/8/2229
f 2044/8/2222 2050/8/2229 2045/8/2223
f 2050/8/2229 2049/8/2230 1912/8/2026
f 2050/8/2229 1912/8/2026 1911/8/2025
f 2045/8/2223 2050/8/2229 2051/8/2232
f 2045/8/2223 2051/8/2232 2046/8/2231
f 2051/8/2232 2050/8/2229 1911/8/2025
f 2051/8/2232 1911/8/2025 1914/8/2028
f 2052/8/2233 2046/8/2231 2051/8/2232
f 2052/8/2233 2051/8/2232 2053/8/2234
f 2053/8/2234 2051/8/2232 1914/8/2028
f 2053/8/2234 1914/8/2028 1916/8/2030
f 2054/8/2032 2052/8/2233 2053/8/2234
f 2054/8/2032 2053/8/2234 2055/8/2032
f 2053/8/2234 1916/8/2030 1918/8/2032
f 2053/8/2234 1918/8/2032 2055/8/2032
f 2056/8/2235 2057/8/2236 2058/8/2237
f 2056/8/2235 2058/8/2237 2047/8/2225
f 1900/8/1745 2047/8/2225 2058/8/2237
f 1900/8/1745 2058/8/2237 1907/8/2020
f 2058/8/2237 2057/8/2236 1922/8/2036
f 2058/8/2237 1922/8/2036 1907/8/2020
f 1908/2/2021 2059/2/2227 2048/2/2226
f 1908/2/2021 2048/2/2226 1906/2/2022
f 2061/2/2239 2062/2/2240 2063/2/2238
f 2061/2/2239 2063/2/2238 2060/2/2238
f 2063/2/2238 2062/2/2240 1926/2/2044
f 2063/2/2238 1926/2/2044 1910/2/2024
f 2060/2/2238 2063/2/2238 2064/2/2239
f 2060/2/2238 2064/2/2239 2049/2/2228
f 1912/2/2026 2049/2/2228 2064/2/2239
f 1912/2/2026 2064/2/2239 1909/2/2023
f 2064/2/2239 2063/2/2238 1910/2/2024
f 2064/2/2239 1910/2/2024 1909/2/2023
f 2065/2/2030 2055/2/2032 2066/2/2032
f 2065/2/2030 2066/2/2032 2067/2/2030
f 1918/2/2032 1919/2/2033 2066/2/2032
f 1918/2/2032 2066/2/2032 2055/2/2032
f 2066/2/2032 1919/2/2033 1928/2/2030
f 2066/2/2032 1928/2/2030 2067/2/2030
f 2068/3/2028 2065/3/2030 2067/3/2030
f 2068/3/2028 2067/3/2030 2069/3/2241
f 2069/3/2241 2067/3/2030 1928/3/2030
f 2069/3/2241 1928/3/2030 1931/3/2052
f 2070/2/2242 2068/2/2028 2069/2/2241
f 2070/2/2242 2069/2/2241 2071/2/2243
f 2071/2/2243 2069/2/2241 1931/2/2052
f 2071/2/2243 1931/2/2052 1921/2/2035
f 2070/8/2242 2071/8/2243 2072/8/2239
f 2070/8/2242 2072/8/2239 2057/8/2236
f 1922/8/2036 2057/8/2236 2072/8/2239
f 1922/8/2036 2072/8/2239 1920/8/2034
f 2072/8/2239 2071/8/2243 1921/8/2035
f 2072/8/2239 1921/8/2035 1920/8/2034
f 2059/2/2028 2073/2/1676 2074/2/1676
f 2059/2/2028 2074/2/1676 2062/2/2244
f 1926/2/2044 2062/2/2246 2074/2/2247
f 1926/2/2044 2074/2/2247 1925/2/2245
f 1908/2/2021 1924/2/1727 2073/2/1623
f 1908/2/2021 2073/2/1623 2059/2/2227
f 2074/2/2248 2073/2/2248 1924/2/2041
f 2074/2/2248 1924/2/2041 1925/2/2249
f 2075/10/1609 2076/10/1609 2077/10/2250
f 2075/10/1609 2077/10/2250 2078/10/2251
f 1944/10/2064 1942/10/2063 2075/10/2252
f 1944/10/2064 2075/10/2252 2078/10/2253
f 1941/10/1917 2077/10/2254 2076/10/2255
f 1941/10/1917 2076/10/2255 1940/10/2056
f 1940/10/2256 2076/10/2257 2075/10/2257
f 1940/10/2256 2075/10/2257 1942/10/2061
f 2080/2/2096 2081/2/2258 2082/2/1910
f 2080/2/2096 2082/2/1910 2079/2/1910
f 1962/2/2096 2081/2/2258 2080/2/2096
f 1962/2/2096 2080/2/2096 1936/2/2055
f 1937/2/1910 1936/2/2055 2080/2/2096
f 1937/2/1910 2080/2/2096 2079/2/1910
f 2083/2/1910 2079/2/1910 2082/2/1910
f 2083/2/1910 2082/2/1910 2084/2/2259
f 1939/2/1915 1937/2/1910 2079/2/1910
f 1939/2/1915 2079/2/1910 2083/2/1910
f 2083/2/1910 2084/2/2259 2085/2/2261
f 2083/2/1910 2085/2/2261 2077/2/2260
f 1941/2/1917 1939/2/1915 2083/2/1910
f 1941/2/1917 2083/2/1910 2077/2/2260
f 2086/9/2262 2078/9/2263 2087/9/2264
f 2086/9/2262 2087/9/2264 2088/9/2265
f 1963/9/2097 1945/9/2065 2086/9/2262
f 1963/9/2097 2086/9/2262 2088/9/2265
f 1944/9/2064 2078/9/2266 2086/9/2262
f 1944/9/2064 2086/9/2262 1945/9/2065
f 2090/7/2268 2091/7/2269 2092/7/2270
f 2090/7/2268 2092/7/2270 2089/7/2267
f 1968/7/2105 2091/7/2271 2090/7/2272
f 1968/7/2105 2090/7/2272 1969/7/2106
f 1970/7/1722 1969/7/1471 2090/7/1600
f 1970/7/1722 2090/7/1600 2089/7/2273
f 2093/7/2274 2089/7/2267 2092/7/2270
f 2093/7/2274 2092/7/2270 2094/7/2275
f 1972/7/2276 1971/7/2277 2093/7/2278
f 1972/7/2276 2093/7/2278 2094/7/2279
f 1970/7/1722 2089/7/2273 2093/7/1906
f 1970/7/1722 2093/7/1906 1971/7/1781
f 2096/15/2281 2097/15/2282 2098/15/2283
f 2096/15/2281 2098/15/2283 2095/15/2280
f 1975/15/2112 2097/15/2282 2096/15/2285
f 1975/15/2112 2096/15/2285 1950/15/2284
f 1951/15/2074 1950/15/2286 2096/15/2287
f 1951/15/2074 2096/15/2287 2095/15/2280
f 1951/2/2074 2095/2/2288 2099/2/2289
f 1951/2/2074 2099/2/2289 1953/2/2079
f 1953/2/2079 2099/2/2289 2100/2/2290
f 1953/2/2079 2100/2/2290 1955/2/1817
f 1976/4/2119 1955/4/1812 2100/4/2290
f 1976/4/2119 2100/4/2290 2101/4/2291
f 1977/5/2120 1976/5/2119 2101/5/2291
f 1977/5/2120 2101/5/2291 2102/5/1473
f 2103/7/2292 2102/7/2293 2104/7/2294
f 2103/7/2292 2104/7/2294 2105/7/2295
f 1977/7/2120 2102/7/1473 2103/7/2296
f 1977/7/2120 2103/7/2296 1978/7/2122
f 2103/6/2292 2105/6/2297 2107/6/2148
f 2103/6/2292 2107/6/2148 2106/6/2148
f 1979/6/2298 1958/6/2298 2106/6/2298
f 1979/6/2298 2106/6/2298 2107/6/2298
f 1978/6/2122 2103/6/2296 2106/6/2300
f 1978/6/2122 2106/6/2300 1958/6/2299
f 2107/6/2301 2105/6/2301 1990/6/2301
f 2107/6/2301 1990/6/2301 1979/6/2301
f 2109/2/2303 2110/2/2304 2111/2/2305
f 2109/2/2303 2111/2/2305 2108/2/2302
f 1980/2/2307 2110/2/2308 2109/2/2309
f 1980/2/2307 2109/2/2309 1959/2/2306
f 1961/2/2095 1959/2/2310 2109/2/2311
f 1961/2/2095 2109/2/2311 2108/2/2302
f 2108/2/2302 2111/2/2305 2112/2/2312
f 2108/2/2302 2112/2/2312 2081/2/2258
f 1962/2/2096 1961/2/2095 2108/2/2302
f 1962/2/2096 2108/2/2302 2081/2/2313
f 2088/8/2265 2087/8/2264 2113/8/2314
f 2088/8/2265 2113/8/2314 2114/8/2315
f 1981/8/2130 1963/8/2097 2088/8/2265
f 1981/8/2130 2088/8/2265 2114/8/2316
f 2092/4/2270 2091/4/2269 2115/4/2317
f 2092/4/2270 2115/4/2317 2116/4/2318
f 1968/4/2105 1984/4/2134 2115/4/2319
f 1968/4/2105 2115/4/2319 2091/4/2271
f 2094/4/2275 2092/4/2270 2116/4/2318
f 2094/4/2275 2116/4/2318 2117/4/2320
f 1986/4/2137 1972/4/2321 2094/4/2322
f 1986/4/2137 2094/4/2322 2117/4/2323
f 1989/15/2145 2118/15/2324 2097/15/2282
f 1989/15/2145 2097/15/2282 1975/15/2112
f 2105/11/2295 2104/11/2294 2119/11/2325
f 2105/11/2295 2119/11/2325 2120/11/2326
f 1991/11/2327 1990/11/2327 2105/11/2328
f 1991/11/2327 2105/11/2328 2120/11/2326
f 2110/11/2308 2121/11/2329 2122/11/2330
f 2110/11/2308 2122/11/2330 2111/11/2305
f 1993/11/2331 2121/11/2329 2110/11/2332
f 1993/11/2331 2110/11/2332 1980/11/2307
f 2111/6/2305 2122/6/2330 2123/6/2268
f 2111/6/2305 2123/6/2268 2112/6/2333
f 2113/10/2335 2124/10/2336 2125/10/2336
f 2113/10/2335 2125/10/2336 2114/10/2334
f 1994/9/2153 1982/9/2337 2126/9/2338
f 1994/9/2153 2126/9/2338 2127/9/2339
f 1981/9/2340 2114/9/2341 2126/9/2341
f 1981/9/2340 2126/9/2341 1982/9/2340
f 2116/4/2318 2115/4/2317 2128/4/2342
f 2116/4/2318 2128/4/2342 2129/4/2343
f 1984/4/2134 1996/4/2157 2128/4/1983
f 1984/4/2134 2128/4/1983 2115/4/2319
f 2128/4/1625 1996/4/1729 1997/4/2158
f 2128/4/1625 1997/4/2158 2129/4/2344
f 2116/4/2318 2129/4/2343 2130/4/2346
f 2116/4/2318 2130/4/2346 2117/4/2345
f 1986/4/2137 2117/4/2323 2130/4/2347
f 1986/4/2137 2130/4/2347 1998/4/2160
f 2130/4/2348 2129/4/2344 1997/4/2158
f 2130/4/2348 1997/4/2158 1998/4/2159
f 2132/13/2349 2133/13/2350 2134/13/2351
f 2132/13/2349 2134/13/2351 2131/13/2144
f 2000/13/2166 2133/13/2352 2132/13/2272
f 2000/13/2166 2132/13/2272 2001/13/2167
f 1988/13/2353 2001/13/2170 2132/13/2354
f 1988/13/2353 2132/13/2354 2131/13/2355
f 1989/13/2354 1988/13/2353 2131/13/2355
f 1989/13/2354 2131/13/2355 2118/13/2356
f 1991/6/2358 2120/6/2359 2135/6/2360
f 1991/6/2358 2135/6/2360 1992/6/2357
f 1993/2/2361 1992/2/2357 2135/2/2360
f 1993/2/2361 2135/2/2360 2121/2/2362
f 1994/9/2153 2127/9/2339 2136/9/1978
f 1994/9/2153 2136/9/1978 2002/9/2187
f 2136/9/1978 2137/9/2363 2006/9/2364
f 2136/9/1978 2006/9/2364 2002/9/2177
f 2134/2/2351 2133/2/2350 2138/2/2365
f 2134/2/2351 2138/2/2365 2139/2/2188
f 2000/2/2166 2004/2/2366 2138/2/1983
f 2000/2/2166 2138/2/1983 2133/2/2352
f 2138/2/2368 2004/2/2369 2005/2/2370
f 2138/2/2368 2005/2/2370 2139/2/2367
f 2139/2/2367 2005/2/2370 2009/2/2371
f 2139/2/2367 2009/2/2371 2140/2/2371
f 2006/10/2372 2137/10/2363 2141/10/2373
f 2006/10/2372 2141/10/2373 2007/10/2185
f 2142/3/2188 2140/3/2188 2143/3/2189
f 2142/3/2188 2143/3/2189 2144/3/2189
f 2009/3/2188 2011/3/2189 2143/3/2189
f 2009/3/2188 2143/3/2189 2140/3/2188
f 2145/6/2374 2146/6/2375 2017/6/1888
f 2145/6/2374 2017/6/1888 2016/6/2376
f 2145/11/2374 2016/11/2376 2020/11/2378
f 2145/11/2374 2020/11/2378 2147/11/2377
f 2148/10/2380 2149/10/2381 2150/10/2203
f 2148/10/2380 2150/10/2203 2141/10/2379
f 2007/10/2185 2141/10/2382 2150/10/2203
f 2007/10/2185 2150/10/2203 2012/10/2192
f 2144/15/2189 2143/15/2189 2151/15/2383
f 2144/15/2189 2151/15/2383 2152/15/2384
f 2011/15/2189 2015/15/2006 2151/15/2383
f 2011/15/2189 2151/15/2383 2143/15/2189
f 2018/7/2385 2017/7/2385 2146/7/2386
f 2018/7/2385 2146/7/2386 2153/7/2387
f 2154/2/2388 2147/2/2389 2155/2/2390
f 2154/2/2388 2155/2/2390 2156/2/2391
f 2020/2/2392 2021/2/2393 2155/2/2390
f 2020/2/2392 2155/2/2390 2147/2/2389
f 2157/14/2342 2154/14/2388 2156/14/2391
f 2157/14/2342 2156/14/2391 2158/14/2394
f 2150/10/2203 2149/10/2381 2159/10/2198
f 2150/10/2203 2159/10/2198 2160/10/2198
f 2022/10/2198 2012/10/2192 2150/10/2203
f 2022/10/2198 2150/10/2203 2160/10/2198
f 2152/2/2384 2151/2/2383 2161/2/2395
f 2152/2/2384 2161/2/2395 2162/2/2396
f 2015/2/2006 2025/2/2200 2161/2/2395
f 2015/2/2006 2161/2/2395 2151/2/2383
f 2161/2/2395 2025/2/2200 2030/2/2204
f 2161/2/2395 2030/2/2204 2162/2/2397
f 2153/7/2399 2164/7/2400 2165/7/2398
f 2153/7/2399 2165/7/2398 2163/7/2398
f 2019/7/2401 2163/7/2398 2165/7/2398
f 2019/7/2401 2165/7/2398 2026/7/2401
f 2018/7/2402 2153/7/2402 2163/7/2402
f 2018/7/2402 2163/7/2402 2019/7/2402
f 2165/7/2403 2164/7/2404 2033/7/2405
f 2165/7/2403 2033/7/2405 2026/7/2403
f 2156/8/2391 2155/8/2390 2166/8/2406
f 2156/8/2391 2166/8/2406 2167/8/2407
f 2021/8/2393 2027/8/2408 2166/8/2406
f 2021/8/2393 2166/8/2406 2155/8/2390
f 2158/2/2409 2156/2/2391 2167/2/2407
f 2158/2/2409 2167/2/2407 2168/2/2406
f 2160/10/2198 2159/10/2198 2169/10/2198
f 2160/10/2198 2169/10/2198 2170/10/2192
f 2028/10/2203 2022/10/2198 2160/10/2198
f 2028/10/2203 2160/10/2198 2170/10/2192
f 2030/2/2204 2032/2/2219 2171/2/2410
f 2030/2/2204 2171/2/2410 2162/2/2396
f 2171/2/2412 2032/2/2206 2039/2/1645
f 2171/2/2412 2039/2/1645 2172/2/2411
f 2172/2/2411 2039/2/1642 2042/2/1625
f 2172/2/2411 2042/2/1625 2173/2/2413
f 2174/11/2415 2175/11/2416 2176/11/2416
f 2174/11/2415 2176/11/2416 2164/11/2414
f 2033/11/2417 2164/11/2414 2176/11/2416
f 2033/11/2417 2176/11/2416 2034/11/2209
f 2167/2/2407 2166/2/2406 2177/2/2418
f 2167/2/2407 2177/2/2418 2178/2/2419
f 2027/2/2408 2036/2/2212 2177/2/2418
f 2027/2/2408 2177/2/2418 2166/2/2406
f 2168/8/2406 2167/8/2407 2178/8/2419
f 2168/8/2406 2178/8/2419 2179/8/2420
f 2170/10/2192 2169/10/2198 2180/10/2416
f 2170/10/2192 2180/10/2416 2181/10/2421
f 2028/10/2203 2170/10/2192 2181/10/2421
f 2028/10/2203 2181/10/2421 2037/10/2213
f 2042/2/1623 2043/2/2227 2182/2/2422
f 2042/2/1623 2182/2/2422 2173/2/2423
f 2176/11/2416 2175/11/2416 2183/11/2424
f 2176/11/2416 2183/11/2424 2184/11/2425
f 2044/11/2222 2034/11/2209 2176/11/2416
f 2044/11/2222 2176/11/2416 2184/11/2425
f 2178/8/2419 2177/8/2418 2185/8/2426
f 2178/8/2419 2185/8/2426 2186/8/2427
f 2036/8/2212 2046/8/2428 2185/8/2429
f 2036/8/2212 2185/8/2429 2177/8/2418
f 2185/8/2430 2046/8/2431 2052/8/2233
f 2185/8/2430 2052/8/2233 2186/8/2427
f 2179/8/2420 2178/8/2419 2186/8/2427
f 2179/8/2420 2186/8/2427 2187/8/2432
f 2186/8/2427 2052/8/2233 2054/8/2032
f 2186/8/2427 2054/8/2032 2187/8/2433
f 2180/10/2416 2188/10/2434 2189/10/2435
f 2180/10/2416 2189/10/2435 2181/10/2421
f 2037/10/2213 2181/10/2421 2189/10/2435
f 2037/10/2213 2189/10/2435 2047/10/2225
f 2189/10/2435 2188/10/2434 2056/10/2235
f 2189/10/2435 2056/10/2235 2047/10/2225
f 2048/3/2226 2190/3/2436 2182/3/2422
f 2048/3/2226 2182/3/2422 2043/3/2227
f 2191/5/2437 2192/5/2438 2061/5/2239
f 2191/5/2437 2061/5/2239 2060/5/2238
f 2183/2/2424 2191/2/2439 2193/2/2440
f 2183/2/2424 2193/2/2440 2184/2/2425
f 2044/2/2222 2184/2/2425 2193/2/2161
f 2044/2/2222 2193/2/2161 2049/2/2441
f 2193/2/2442 2191/2/2443 2060/2/2238
f 2193/2/2442 2060/2/2238 2049/2/2230
f 2194/2/2030 2187/2/2432 2195/2/2032
f 2194/2/2030 2195/2/2032 2196/2/2030
f 2054/2/2032 2055/2/2032 2195/2/2032
f 2054/2/2032 2195/2/2032 2187/2/2432
f 2195/2/2032 2055/2/2032 2065/2/2030
f 2195/2/2032 2065/2/2030 2196/2/2030
f 2197/2/2028 2194/2/2030 2196/2/2030
f 2197/2/2028 2196/2/2030 2198/2/2028
f 2198/2/2028 2196/2/2030 2065/2/2030
f 2198/2/2028 2065/2/2030 2068/2/2028
f 2199/2/2242 2197/2/2028 2198/2/2028
f 2199/2/2242 2198/2/2028 2200/2/2242
f 2200/2/2242 2198/2/2028 2068/2/2028
f 2200/2/2242 2068/2/2028 2070/2/2242
f 2199/8/2242 2200/8/2242 2201/8/2444
f 2199/8/2242 2201/8/2444 2188/8/2434
f 2056/8/2235 2188/8/2434 2201/8/2444
f 2056/8/2235 2201/8/2444 2057/8/2236
f 2201/8/2444 2200/8/2242 2070/8/2242
f 2201/8/2444 2070/8/2242 2057/8/2236
f 2190/4/2446 2202/4/2447 2203/4/2447
f 2190/4/2446 2203/4/2447 2192/4/2445
f 2061/4/2239 2192/4/2448 2203/4/2247
f 2061/4/2239 2203/4/2247 2062/4/2246
f 2048/4/2226 2059/4/2227 2202/4/1983
f 2048/4/2226 2202/4/1983 2190/4/2436
f 2203/4/2447 2202/4/2447 2059/4/2028
f 2203/4/2447 2059/4/2028 2062/4/2244
f 2205/10/2449 2206/10/2450 2207/10/2451
f 2205/10/2449 2207/10/2451 2204/10/2449
f 2087/10/2264 2078/10/2253 2204/10/2452
f 2087/10/2264 2204/10/2452 2207/10/2453
f 2085/10/2261 2206/10/2454 2205/10/2455
f 2085/10/2261 2205/10/2455 2077/10/2254
f 2077/10/2250 2205/10/2457 2204/10/2457
f 2077/10/2250 2204/10/2457 2078/10/2456
f 2209/1/2459 2210/1/2460 2211/1/2461
f 2209/1/2459 2211/1/2461 2208/1/2458
f 2098/1/2283 2210/1/2463 2209/1/2255
f 2098/1/2283 2209/1/2255 2095/1/2462
f 2099/1/2289 2095/1/2288 2209/1/2361
f 2099/1/2289 2209/1/2361 2208/1/2464
f 2212/2/2465 2208/2/2458 2211/2/2461
f 2212/2/2465 2211/2/2461 2213/2/2466
f 2100/2/2290 2099/2/2289 2208/2/2464
f 2100/2/2290 2208/2/2464 2212/2/2467
f 2214/5/2468 2212/5/2465 2213/5/2466
f 2214/5/2468 2213/5/2466 2215/5/2469
f 2101/5/2291 2100/5/2290 2212/5/2467
f 2101/5/2291 2212/5/2467 2214/5/2470
f 2216/7/2274 2214/7/2468 2215/7/2469
f 2216/7/2274 2215/7/2469 2217/7/2471
f 2104/7/2294 2102/7/2293 2216/7/2472
f 2104/7/2294 2216/7/2472 2217/7/2473
f 2101/7/2291 2214/7/2470 2216/7/2358
f 2101/7/2291 2216/7/2358 2102/7/1473
f 2219/2/2475 2220/2/2476 2221/2/2477
f 2219/2/2475 2221/2/2477 2218/2/2474
f 2112/2/2312 2220/2/2479 2219/2/2480
f 2112/2/2312 2219/2/2480 2081/2/2478
f 2082/2/1910 2081/2/2313 2219/2/2481
f 2082/2/1910 2219/2/2481 2218/2/2474
f 2222/2/2482 2218/2/2474 2221/2/2477
f 2222/2/2482 2221/2/2477 2223/2/2483
f 2084/2/2259 2082/2/1910 2218/2/2474
f 2084/2/2259 2218/2/2474 2222/2/2482
f 2222/2/2482 2223/2/2483 2224/2/2485
f 2222/2/2482 2224/2/2485 2206/2/2484
f 2085/2/2261 2084/2/2259 2222/2/2482
f 2085/2/2261 2222/2/2482 2206/2/2486
f 2206/8/2450 2224/8/2485 2225/8/2488
f 2206/8/2450 2225/8/2488 2207/8/2487
f 2113/8/2314 2087/8/2264 2207/8/2489
f 2113/8/2314 2207/8/2489 2225/8/2490
f 2118/2/2491 2226/2/2492 2227/2/2493
f 2118/2/2491 2227/2/2493 2097/2/2282
f 2098/2/2283 2097/2/2282 2227/2/2494
f 2098/2/2283 2227/2/2494 2210/2/2463
f 2211/3/2461 2210/3/2460 2228/3/2495
f 2211/3/2461 2228/3/2495 2229/3/2496
f 2213/3/2466 2211/3/2461 2229/3/2496
f 2213/3/2466 2229/3/2496 2230/3/2497
f 2213/2/2466 2230/2/2497 2231/2/2498
f 2213/2/2466 2231/2/2498 2215/2/2469
f 2217/6/2499 2215/6/2469 2231/6/2498
f 2217/6/2499 2231/6/2498 2232/6/2500
f 2119/6/2325 2104/6/2294 2217/6/2501
f 2119/6/2325 2217/6/2501 2232/6/2452
f 2220/2/2479 2233/2/2329 2234/2/2502
f 2220/2/2479 2234/2/2502 2221/2/2477
f 2123/2/2331 2233/2/2329 2220/2/2504
f 2123/2/2331 2220/2/2504 2112/2/2503
f 2223/18/2483 2221/18/2477 2234/18/2502
f 2223/18/2483 2234/18/2502 2235/18/2465
f 2224/2/2485 2223/2/2483 2235/2/2465
f 2224/2/2485 2235/2/2465 2236/2/2505
f 2225/14/2490 2224/14/2485 2236/14/2505
f 2225/14/2490 2236/14/2505 2237/14/2506
f 2124/14/2472 2113/14/2507 2225/14/2508
f 2124/14/2472 2225/14/2508 2237/14/2506
f 2239/9/2336 2240/9/2509 2241/9/2509
f 2239/9/2336 2241/9/2509 2238/9/2336
f 2127/9/2339 2126/9/2338 2238/9/1793
f 2127/9/2339 2238/9/1793 2241/9/2510
f 2125/9/2511 2240/9/2511 2239/9/2511
f 2125/9/2511 2239/9/2511 2114/9/2511
f 2126/9/2341 2114/9/2341 2239/9/2512
f 2126/9/2341 2239/9/2512 2238/9/2512
f 2242/13/2514 2243/13/2515 2244/13/2516
f 2242/13/2514 2244/13/2516 2226/13/2513
f 2134/13/2351 2243/13/2515 2242/13/2518
f 2134/13/2351 2242/13/2518 2131/13/2517
f 2118/13/2491 2131/13/2519 2242/13/2520
f 2118/13/2491 2242/13/2520 2226/13/2324
f 2231/2/2498 2230/2/2497 2245/2/2521
f 2231/2/2498 2245/2/2521 2246/2/2522
f 2231/6/2498 2246/6/2522 2247/6/2459
f 2231/6/2498 2247/6/2459 2232/6/2500
f 2119/6/2523 2232/6/2524 2248/6/2525
f 2119/6/2523 2248/6/2525 2120/6/2359
f 2249/6/2526 2248/6/2506 2250/6/2527
f 2249/6/2526 2250/6/2527 2251/6/2528
f 2120/6/2359 2248/6/2525 2249/6/2529
f 2120/6/2359 2249/6/2529 2135/6/2360
f 2249/2/2526 2251/2/2528 2253/2/2530
f 2249/2/2526 2253/2/2530 2252/2/2329
f 2121/2/2362 2135/2/2360 2249/2/2529
f 2121/2/2362 2249/2/2529 2252/2/2362
f 2122/7/2531 2121/7/2362 2252/7/2362
f 2122/7/2531 2252/7/2362 2254/7/2531
f 2123/5/2361 2122/5/2531 2254/5/2531
f 2123/5/2361 2254/5/2531 2233/5/2362
f 2125/9/2532 2124/9/2532 2237/9/2525
f 2125/9/2532 2237/9/2525 2240/9/2524
f 2240/9/2533 2255/9/2534 2256/9/2535
f 2240/9/2533 2256/9/2535 2241/9/2509
f 2127/9/2339 2241/9/2510 2256/9/1979
f 2127/9/2339 2256/9/1979 2136/9/1978
f 2256/9/1979 2255/9/2536 2137/9/2363
f 2256/9/1979 2137/9/2363 2136/9/1978
f 2244/2/2516 2243/2/2515 2257/2/2188
f 2244/2/2516 2257/2/2188 2258/2/2188
f 2134/2/2351 2139/2/2188 2257/2/2188
f 2134/2/2351 2257/2/2188 2243/2/2515
f 2257/2/2371 2139/2/2367 2140/2/2371
f 2257/2/2371 2140/2/2371 2258/2/2371
f 2258/3/2371 2140/3/2371 2142/3/2371
f 2258/3/2371 2142/3/2371 2259/3/2537
f 2251/6/2528 2250/6/2527 2260/6/2538
f 2251/6/2528 2260/6/2538 2261/6/2539
f 2253/11/2530 2251/11/2528 2261/11/2539
f 2253/11/2530 2261/11/2539 2262/11/2390
f 2137/10/2363 2255/10/2541 2263/10/2542
f 2137/10/2363 2263/10/2542 2141/10/2540
f 2263/10/2542 2264/10/2543 2148/10/2544
f 2263/10/2542 2148/10/2544 2141/10/2545
f 2265/3/2388 2259/3/2389 2266/3/2390
f 2265/3/2388 2266/3/2390 2267/3/2546
f 2142/3/2188 2144/3/2189 2266/3/2390
f 2142/3/2188 2266/3/2390 2259/3/2389
f 2268/3/2342 2265/3/2388 2267/3/2546
f 2268/3/2342 2267/3/2546 2269/3/2547
f 2260/6/2538 2270/6/2548 2271/6/2549
f 2260/6/2538 2271/6/2549 2261/6/2539
f 2271/6/2550 2270/6/2551 2146/6/2375
f 2271/6/2550 2146/6/2375 2145/6/2374
f 2262/11/2390 2261/11/2539 2271/11/2549
f 2262/11/2390 2271/11/2549 2272/11/2389
f 2271/11/2550 2145/11/2374 2147/11/2377
f 2271/11/2550 2147/11/2377 2272/11/2377
f 2272/14/2377 2147/14/2377 2154/14/2552
f 2272/14/2377 2154/14/2552 2273/14/2552
f 2273/8/2552 2154/8/2552 2157/8/2378
f 2273/8/2552 2157/8/2378 2274/8/2377
f 2275/9/2554 2276/9/2555 2277/9/2556
f 2275/9/2554 2277/9/2556 2264/9/2553
f 2148/9/2557 2264/9/2558 2277/9/2556
f 2148/9/2557 2277/9/2556 2149/9/2381
f 2267/3/2546 2266/3/2390 2278/3/2559
f 2267/3/2546 2278/3/2559 2279/3/2560
f 2144/3/2189 2152/3/2384 2278/3/2559
f 2144/3/2189 2278/3/2559 2266/3/2390
f 2269/3/2547 2267/3/2546 2279/3/2560
f 2269/3/2547 2279/3/2560 2280/3/2561
f 2146/6/2386 2270/6/2562 2281/6/2563
f 2146/6/2386 2281/6/2563 2153/6/2387
f 2282/2/2564 2274/2/2389 2283/2/2390
f 2282/2/2564 2283/2/2390 2284/2/2565
f 2157/2/2392 2158/2/2566 2283/2/2390
f 2157/2/2392 2283/2/2390 2274/2/2389
f 2285/3/2567 2282/3/2564 2284/3/2565
f 2285/3/2567 2284/3/2565 2286/3/2568
f 2285/2/2567 2286/2/2568 2287/2/2570
f 2285/2/2567 2287/2/2570 2276/2/2569
f 2277/10/2556 2276/10/2569 2287/10/2570
f 2277/10/2556 2287/10/2570 2288/10/2571
f 2159/10/2198 2149/10/2381 2277/10/2556
f 2159/10/2198 2277/10/2556 2288/10/2571
f 2279/3/2560 2278/3/2559 2289/3/2572
f 2279/3/2560 2289/3/2572 2290/3/2573
f 2152/3/2384 2162/3/2574 2289/3/2575
f 2152/3/2384 2289/3/2575 2278/3/2559
f 2279/3/2560 2290/3/2573 2291/3/2576
f 2279/3/2560 2291/3/2576 2280/3/2561
f 2292/2/2577 2280/2/2561 2291/2/2576
f 2292/2/2577 2291/2/2576 2293/2/2578
f 2294/6/2579 2292/6/2577 2293/6/2578
f 2294/6/2579 2293/6/2578 2295/6/2580
f 2153/6/2387 2281/6/2563 2296/6/2582
f 2153/6/2387 2296/6/2582 2164/6/2581
f 2296/6/2583 2295/6/2583 2174/6/2584
f 2296/6/2583 2174/6/2584 2164/6/2585
f 2284/2/2565 2283/2/2390 2297/2/2406
f 2284/2/2565 2297/2/2406 2298/2/2586
f 2158/2/2409 2168/2/2406 2297/2/2406
f 2158/2/2409 2297/2/2406 2283/2/2390
f 2286/3/2568 2284/3/2565 2298/3/2586
f 2286/3/2568 2298/3/2586 2299/3/210
f 2287/2/2570 2286/2/2568 2299/2/210
f 2287/2/2570 2299/2/210 2300/2/2587
f 2288/10/2571 2287/10/2570 2300/10/2587
f 2288/10/2571 2300/10/2587 2301/10/2588
f 2169/10/2198 2159/10/2198 2288/10/2571
f 2169/10/2198 2288/10/2571 2301/10/2588
f 2290/1/2573 2289/1/2572 2302/1/2342
f 2290/1/2573 2302/1/2342 2303/1/2589
f 2162/1/2396 2171/1/2590 2302/1/2591
f 2162/1/2396 2302/1/2591 2289/1/2592
f 2302/1/1625 2171/1/2593 2172/1/2411
f 2302/1/1625 2172/1/2411 2303/1/2413
f 2291/2/2576 2290/2/2573 2303/2/2589
f 2291/2/2576 2303/2/2589 2304/2/2561
f 2303/2/2413 2172/2/2411 2173/2/2413
f 2303/2/2413 2173/2/2413 2304/2/2594
f 2291/2/2576 2304/2/2561 2305/2/2595
f 2291/2/2576 2305/2/2595 2293/2/2578
f 2293/6/2578 2305/6/2595 2306/6/2596
f 2293/6/2578 2306/6/2596 2295/6/2580
f 2174/6/2415 2295/6/2162 2306/6/2597
f 2174/6/2415 2306/6/2597 2175/6/2416
f 2298/2/2586 2297/2/2406 2307/2/2598
f 2298/2/2586 2307/2/2598 2308/2/2599
f 2168/2/2406 2179/2/2420 2307/2/2598
f 2168/2/2406 2307/2/2598 2297/2/2406
f 2299/3/210 2298/3/2586 2308/3/2599
f 2299/3/210 2308/3/2599 2309/3/2600
f 2300/2/2587 2299/2/210 2309/2/2600
f 2300/2/2587 2309/2/2600 2310/2/2601
f 2301/10/2588 2300/10/2587 2310/10/2601
f 2301/10/2588 2310/10/2601 2311/10/2602
f 2180/10/2416 2169/10/2198 2301/10/2588
f 2180/10/2416 2301/10/2588 2311/10/2602
f 2305/5/2595 2304/5/2561 2312/5/2547
f 2305/5/2595 2312/5/2547 2313/5/2603
f 2173/5/2423 2182/5/2422 2312/5/2604
f 2173/5/2423 2312/5/2604 2304/5/2605
f 2306/6/2606 2305/6/2595 2313/6/2603
f 2306/6/2606 2313/6/2603 2314/6/2607
f 2183/6/2424 2175/6/2416 2306/6/2606
f 2183/6/2424 2306/6/2606 2314/6/2607
f 2308/2/2599 2307/2/2598 2315/2/2608
f 2308/2/2599 2315/2/2608 2316/2/2609
f 2179/2/2420 2187/2/2610 2315/2/2611
f 2179/2/2420 2315/2/2611 2307/2/2598
f 2315/2/2612 2187/2/2433 2194/2/2030
f 2315/2/2612 2194/2/2030 2316/2/2609
f 2309/3/2600 2308/3/2599 2316/3/2609
f 2309/3/2600 2316/3/2609 2317/3/2613
f 2317/3/2613 2316/3/2609 2194/3/2030
f 2317/3/2613 2194/3/2030 2197/3/2028
f 2310/2/2601 2309/2/2600 2317/2/2613
f 2310/2/2601 2317/2/2613 2318/2/2614
f 2318/2/2614 2317/2/2613 2197/2/2028
f 2318/2/2614 2197/2/2028 2199/2/2242
f 2310/10/2601 2318/10/2614 2319/10/2615
f 2310/10/2601 2319/10/2615 2311/10/2602
f 2180/10/2416 2311/10/2602 2319/10/2617
f 2180/10/2416 2319/10/2617 2188/10/2616
f 2319/10/2618 2318/10/2614 2199/10/2242
f 2319/10/2618 2199/10/2242 2188/10/2619
f 2313/3/2603 2312/3/2547 2320/3/2342
f 2313/3/2603 2320/3/2342 2321/3/2343
f 2182/3/2422 2190/3/2436 2320/3/2620
f 2182/3/2422 2320/3/2620 2312/3/2604
f 2320/3/2622 2190/3/2446 2192/3/2445
f 2320/3/2622 2192/3/2445 2321/3/2621
f 2313/7/2603 2321/7/2343 2322/7/2346
f 2313/7/2603 2322/7/2346 2314/7/2623
f 2183/7/2424 2314/7/2624 2322/7/2347
f 2183/7/2424 2322/7/2347 2191/7/2160
f 2322/7/2625 2321/7/2621 2192/7/2438
f 2322/7/2625 2192/7/2438 2191/7/2437
f 2323/2/2626 2324/2/2626 2325/2/2627
f 2323/2/2626 2325/2/2627 2326/2/2627
f 2228/2/2628 2210/2/2628 2323/2/2628
f 2228/2/2628 2323/2/2628 2326/2/2628
f 2226/2/2629 2325/2/2630 2324/2/2631
f 2226/2/2629 2324/2/2631 2227/2/2493
f 2227/2/2632 2324/2/2633 2323/2/2633
f 2227/2/2632 2323/2/2633 2210/2/2463
f 2325/3/2635 2327/3/2636 2328/3/2637
f 2325/3/2635 2328/3/2637 2326/3/2634
f 2244/3/2516 2327/3/2636 2325/3/2630
f 2244/3/2516 2325/3/2630 2226/3/2638
f 2228/12/2300 2326/12/2640 2329/12/2641
f 2228/12/2300 2329/12/2641 2229/12/2639
f 2245/2/2642 2230/2/2643 2330/2/2644
f 2245/2/2642 2330/2/2644 2331/2/2644
f 2229/2/2639 2329/2/2641 2330/2/2645
f 2229/2/2639 2330/2/2645 2230/2/2643
f 2333/6/2336 2334/6/2334 2335/6/2335
f 2333/6/2336 2335/6/2335 2332/6/2336
f 2250/6/2527 2248/6/2506 2332/6/2472
f 2250/6/2527 2332/6/2472 2335/6/2507
f 2247/6/2511 2334/6/2511 2333/6/2511
f 2247/6/2511 2333/6/2511 2232/6/2511
f 2248/6/2525 2232/6/2524 2333/6/2532
f 2248/6/2525 2333/6/2532 2332/6/2532
f 2337/7/2268 2338/7/2646 2339/7/2647
f 2337/7/2268 2339/7/2647 2336/7/2330
f 2253/7/2530 2338/7/2648 2337/7/2331
f 2253/7/2530 2337/7/2331 2252/7/2329
f 2254/7/2531 2252/7/2362 2337/7/2361
f 2254/7/2531 2337/7/2361 2336/7/2531
f 2336/5/2330 2339/5/2647 2341/5/2530
f 2336/5/2330 2341/5/2530 2340/5/2329
f 2233/5/2362 2254/5/2531 2336/5/2531
f 2233/5/2362 2336/5/2531 2340/5/2362
f 2234/8/2649 2233/8/2362 2340/8/2362
f 2234/8/2649 2340/8/2362 2342/8/2650
f 2235/8/2467 2234/8/2649 2342/8/2650
f 2235/8/2467 2342/8/2650 2343/8/2467
f 2236/14/2651 2235/14/2467 2343/14/2467
f 2236/14/2651 2343/14/2467 2344/14/2652
f 2236/9/2651 2344/9/2652 2345/9/2359
f 2236/9/2651 2345/9/2359 2237/9/2525
f 2346/9/2653 2345/9/2654 2347/9/2198
f 2346/9/2653 2347/9/2198 2348/9/2655
f 2255/9/2656 2240/9/2534 2346/9/2653
f 2255/9/2656 2346/9/2653 2348/9/2657
f 2237/9/2525 2345/9/2359 2346/9/2523
f 2237/9/2525 2346/9/2523 2240/9/2524
f 2328/3/2637 2327/3/2636 2349/3/2188
f 2328/3/2637 2349/3/2188 2350/3/2188
f 2244/3/2516 2258/3/2188 2349/3/2188
f 2244/3/2516 2349/3/2188 2327/3/2636
f 2349/3/2371 2258/3/2371 2259/3/2537
f 2349/3/2371 2259/3/2537 2350/3/2658
f 2350/3/2658 2259/3/2537 2265/3/2660
f 2350/3/2658 2265/3/2660 2351/3/2659
f 2351/3/2659 2265/3/2660 2268/3/1625
f 2351/3/2659 2268/3/1625 2352/3/2413
f 2245/4/1906 2331/4/2662 2353/4/2641
f 2245/4/1906 2353/4/2641 2246/4/2661
f 2247/5/2663 2246/5/2661 2353/5/2641
f 2247/5/2663 2353/5/2641 2334/5/2640
f 2335/6/2314 2334/6/2315 2354/6/2664
f 2335/6/2314 2354/6/2664 2355/6/2665
f 2260/6/2538 2250/6/2527 2335/6/2314
f 2260/6/2538 2335/6/2314 2355/6/2665
f 2339/8/2647 2338/8/2666 2356/8/2409
f 2339/8/2647 2356/8/2409 2357/8/2391
f 2253/8/2530 2262/8/2390 2356/8/2409
f 2253/8/2530 2356/8/2409 2338/8/2666
f 2341/8/2530 2339/8/2647 2357/8/2391
f 2341/8/2530 2357/8/2391 2358/8/2390
f 2359/9/2667 2360/9/2668 2275/9/2669
f 2359/9/2667 2275/9/2669 2264/9/2670
f 2347/10/2198 2359/10/2160 2361/10/2671
f 2347/10/2198 2361/10/2671 2348/10/2657
f 2255/10/2541 2348/10/2672 2361/10/2671
f 2255/10/2541 2361/10/2671 2263/10/2545
f 2361/10/2673 2359/10/2667 2264/10/2670
f 2361/10/2673 2264/10/2670 2263/10/2674
f 2268/2/1983 2269/2/2675 2362/2/2675
f 2268/2/1983 2362/2/2675 2352/2/2675
f 2355/6/2665 2354/6/2664 2363/6/2676
f 2355/6/2665 2363/6/2676 2364/6/2677
f 2260/6/2538 2355/6/2665 2364/6/2677
f 2260/6/2538 2364/6/2677 2270/6/2678
f 2357/14/2391 2356/14/2394 2365/14/2342
f 2357/14/2391 2365/14/2342 2366/14/2388
f 2262/14/2390 2272/14/2389 2365/14/2392
f 2262/14/2390 2365/14/2392 2356/14/2566
f 2365/14/2378 2272/14/2377 2273/14/2552
f 2365/14/2378 2273/14/2552 2366/14/2552
f 2358/8/2390 2357/8/2391 2366/8/2388
f 2358/8/2390 2366/8/2388 2367/8/2389
f 2366/8/2552 2273/8/2552 2274/8/2377
f 2366/8/2552 2274/8/2377 2367/8/2377
f 2367/2/2377 2274/2/2377 2282/2/2680
f 2367/2/2377 2282/2/2680 2368/2/2679
f 2369/3/2681 2368/3/2679 2282/3/2680
f 2369/3/2681 2282/3/2680 2285/3/2682
f 2275/2/2684 2360/2/2668 2370/2/2685
f 2275/2/2684 2370/2/2685 2276/2/2683
f 2370/2/2686 2369/2/2681 2285/2/2682
f 2370/2/2686 2285/2/2682 2276/2/2687
f 2269/2/2675 2280/2/2605 2371/2/2675
f 2269/2/2675 2371/2/2675 2362/2/2675
f 2371/2/2413 2280/2/2594 2292/2/2689
f 2371/2/2413 2292/2/2689 2372/2/2688
f 2372/6/2688 2292/6/2689 2294/6/2691
f 2372/6/2688 2294/6/2691 2373/6/2690
f 2363/6/2676 2373/6/2692 2374/6/2693
f 2363/6/2676 2374/6/2693 2364/6/2677
f 2281/6/2563 2270/6/2562 2364/6/2677
f 2281/6/2563 2364/6/2677 2374/6/2694
f 2374/6/2695 2373/6/2695 2375/6/2696
f 2374/6/2695 2375/6/2696 2376/6/2696
f 2281/6/2563 2374/6/2697 2376/6/2698
f 2281/6/2563 2376/6/2698 2296/6/2582
f 2294/6/2699 2295/6/2699 2375/6/2699
f 2294/6/2699 2375/6/2699 2373/6/2699
f 2375/6/2700 2295/6/2583 2296/6/2583
f 2375/6/2700 2296/6/2583 2376/6/2700
f 2378/12/2480 2379/12/2702 2380/12/2703
f 2378/12/2480 2380/12/2703 2377/12/2701
f 2328/12/2637 2379/12/2705 2378/12/2480
f 2328/12/2637 2378/12/2480 2326/12/2704
f 2329/12/2641 2326/12/2640 2378/12/2663
f 2329/12/2641 2378/12/2663 2377/12/2661
f 2381/2/2521 2377/2/2701 2380/2/2703
f 2381/2/2521 2380/2/2703 2382/2/2706
f 2331/2/2644 2330/2/2644 2381/2/2642
f 2331/2/2644 2381/2/2642 2382/2/2643
f 2329/2/2641 2377/2/2661 2381/2/1906
f 2329/2/2641 2381/2/1906 2330/2/2662
f 2384/8/2268 2385/8/2646 2386/8/2708
f 2384/8/2268 2386/8/2708 2383/8/2707
f 2341/8/2530 2385/8/2648 2384/8/2331
f 2341/8/2530 2384/8/2331 2340/8/2329
f 2342/8/2650 2340/8/2362 2384/8/2361
f 2342/8/2650 2384/8/2361 2383/8/2464
f 2387/8/2465 2383/8/2707 2386/8/2708
f 2387/8/2465 2386/8/2708 2388/8/2709
f 2343/8/2467 2342/8/2650 2383/8/2464
f 2343/8/2467 2383/8/2464 2387/8/2467
f 2389/14/2468 2387/14/2465 2388/14/2709
f 2389/14/2468 2388/14/2709 2390/14/2710
f 2344/14/2652 2343/14/2467 2387/14/2467
f 2344/14/2652 2387/14/2467 2389/14/2470
f 2391/9/2274 2389/9/2468 2390/9/2710
f 2391/9/2274 2390/9/2710 2392/9/2711
f 2347/9/2198 2345/9/2654 2391/9/2472
f 2347/9/2198 2391/9/2472 2392/9/2712
f 2344/9/2652 2389/9/2470 2391/9/2358
f 2344/9/2652 2391/9/2358 2345/9/2359
f 2380/3/2703 2379/3/2713 2393/3/2342
f 2380/3/2703 2393/3/2342 2394/3/2714
f 2328/3/2637 2350/3/2188 2393/3/2392
f 2328/3/2637 2393/3/2392 2379/3/2715
f 2393/3/2378 2350/3/2658 2351/3/2659
f 2393/3/2378 2351/3/2659 2394/3/2716
f 2382/3/2706 2380/3/2703 2394/3/2714
f 2382/3/2706 2394/3/2714 2395/3/2717
f 2394/3/2716 2351/3/2659 2352/3/2413
f 2394/3/2716 2352/3/2413 2395/3/2594
f 2396/4/2718 2382/4/2706 2395/4/2717
f 2396/4/2718 2395/4/2717 2397/4/2719
f 2331/4/2645 2382/4/2643 2396/4/2639
f 2331/4/2645 2396/4/2639 2353/4/2641
f 2398/5/2720 2396/5/2718 2397/5/2719
f 2398/5/2720 2397/5/2719 2399/5/2721
f 2354/5/2664 2334/5/2316 2398/5/2720
f 2354/5/2664 2398/5/2720 2399/5/2721
f 2353/5/2641 2396/5/2639 2398/5/2300
f 2353/5/2641 2398/5/2300 2334/5/2640
f 2386/2/2708 2385/2/2666 2400/2/2409
f 2386/2/2708 2400/2/2409 2401/2/2599
f 2341/2/2530 2358/2/2390 2400/2/2409
f 2341/2/2530 2400/2/2409 2385/2/2666
f 2388/3/2709 2386/3/2708 2401/3/2599
f 2388/3/2709 2401/3/2599 2402/3/2722
f 2390/2/2710 2388/2/2709 2402/2/2722
f 2390/2/2710 2402/2/2722 2403/2/2723
f 2390/9/2710 2403/9/2723 2404/9/2725
f 2390/9/2710 2404/9/2725 2392/9/2724
f 2347/9/2198 2392/9/2727 2404/9/2728
f 2347/9/2198 2404/9/2728 2359/9/2726
f 2404/9/2729 2403/9/2730 2360/9/2668
f 2404/9/2729 2360/9/2668 2359/9/2731
f 2397/2/2719 2395/2/2717 2405/2/2547
f 2397/2/2719 2405/2/2547 2406/2/2603
f 2352/2/2675 2362/2/2675 2405/2/2675
f 2352/2/2675 2405/2/2675 2395/2/2605
f 2399/6/2721 2397/6/2719 2406/6/2603
f 2399/6/2721 2406/6/2603 2407/6/2602
f 2363/6/2676 2354/6/2664 2399/6/2721
f 2363/6/2676 2399/6/2721 2407/6/2602
f 2401/2/2599 2400/2/2394 2408/2/2342
f 2401/2/2599 2408/2/2342 2409/2/2732
f 2358/2/2390 2367/2/2389 2408/2/2392
f 2358/2/2390 2408/2/2392 2400/2/2566
f 2408/2/2378 2367/2/2377 2368/2/2679
f 2408/2/2378 2368/2/2679 2409/2/2733
f 2402/3/2722 2401/3/2599 2409/3/2732
f 2402/3/2722 2409/3/2732 2410/3/2734
f 2410/3/2735 2409/3/2733 2368/3/2679
f 2410/3/2735 2368/3/2679 2369/3/2681
f 2402/2/2722 2410/2/2734 2411/2/2736
f 2402/2/2722 2411/2/2736 2403/2/2723
f 2360/2/2668 2403/2/2730 2411/2/2737
f 2360/2/2668 2411/2/2737 2370/2/2685
f 2411/2/1888 2410/2/2735 2369/2/2681
f 2411/2/1888 2369/2/2681 2370/2/2738
f 2406/2/2603 2405/2/2547 2412/2/2342
f 2406/2/2603 2412/2/2342 2413/2/2343
f 2362/2/2675 2371/2/2675 2412/2/1983
f 2362/2/2675 2412/2/1983 2405/2/2675
f 2412/2/1625 2371/2/2413 2372/2/2688
f 2412/2/1625 2372/2/2688 2413/2/2739
f 2406/6/2603 2413/6/2343 2414/6/2617
f 2406/6/2603 2414/6/2617 2407/6/2602
f 2363/6/2676 2407/6/2602 2414/6/2617
f 2363/6/2676 2414/6/2617 2373/6/2740
f 2414/6/2741 2413/6/2739 2372/6/2688
f 2414/6/2741 2372/6/2688 2373/6/2690

