# generated by vox_to_obj_exporter --round
# scale=0.1 center=false ground=false y_up=true
# welded, edge-relaxed, smooth vertex normals

mtllib Fight_206.mtl
usemtl palette

# verts
v 8.92167 8.77833 -2.57833
v 8.92167 8.72167 -2.57833
v 8.92167 8.72167 -2.52167
v 8.92167 8.77833 -2.52167
v 9 8.78375 -2.51625
v 9 8.78375 -2.58375
v 9 8.7 -2.587
v 9 8.7 -2.513
v 9.02167 8.62167 -2.57833
v 9.02167 8.62167 -2.52167
v 9.1 8.61625 -2.58375
v 9.1 8.61625 -2.51625
v 9.1 8.7 -2.5
v 9.1 8.7 -2.6
v 9.1 8.78375 -2.51625
v 9.1 8.78375 -2.58375
v 9.2 8.61625 -2.58375
v 9.2 8.61625 -2.51625
v 9.2 8.7 -2.5
v 9.2 8.7 -2.6
v 9.2 8.78375 -2.51625
v 9.2 8.78375 -2.58375
v 9.12167 9.67833 -2.57833
v 9.12167 9.62167 -2.57833
v 9.12167 9.62167 -2.52167
v 9.12167 9.67833 -2.52167
v 9.2 9.68375 -2.51625
v 9.2 9.68375 -2.58375
v 9.2 9.6 -2.587
v 9.2 9.6 -2.513
v 9.3 8.61625 -2.58375
v 9.3 8.61625 -2.51625
v 9.3 8.7 -2.5
v 9.3 8.7 -2.6
v 9.3 8.78375 -2.51625
v 9.3 8.78375 -2.58375
v 9.22167 9.52167 -2.57833
v 9.22167 9.52167 -2.52167
v 9.3 9.51625 -2.58375
v 9.3 9.51625 -2.51625
v 9.3 9.6 -2.5
v 9.3 9.6 -2.6
v 9.3 9.68375 -2.51625
v 9.3 9.68375 -2.58375
v 9.4 8.61625 -2.58375
v 9.4 8.61625 -2.51625
v 9.4 8.7 -2.5
v 9.4 8.7 -2.6
v 9.4 8.78375 -2.51625
v 9.4 8.78375 -2.58375
v 9.4 9.51625 -2.58375
v 9.4 9.51625 -2.51625
v 9.4 9.6 -2.5
v 9.4 9.6 -2.6
v 9.4 9.68375 -2.51625
v 9.4 9.68375 -2.58375
v 9.5 8.61625 -2.58375
v 9.5 8.61625 -2.51625
v 9.5 8.7 -2.5
v 9.5 8.7 -2.6
v 9.5 8.78375 -2.51625
v 9.5 8.78375 -2.58375
v 9.5 9.51625 -2.58375
v 9.5 9.51625 -2.51625
v 9.5 9.6 -2.5
v 9.5 9.6 -2.6
v 9.5 9.68375 -2.51625
v 9.5 9.68375 -2.58375
v 9.6 8.61625 -2.58375
v 9.6 8.61625 -2.51625
v 9.6 8.7 -2.5
v 9.6 8.7 -2.6
v 9.6 8.78375 -2.51625
v 9.6 8.78375 -2.58375
v 9.6 9.51625 -2.58375
v 9.6 9.51625 -2.51625
v 9.6 9.6 -2.5
v 9.6 9.6 -2.6
v 9.6 9.68375 -2.51625
v 9.6 9.68375 -2.58375
v 9.7 8.61625 -2.58375
v 9.7 8.61625 -2.51625
v 9.7 8.7 -2.5
v 9.7 8.7 -2.6
v 9.7 8.78375 -2.51625
v 9.7 8.78375 -2.58375
v 9.7 9.51625 -2.58375
v 9.7 9.51625 -2.51625
v 9.7 9.6 -2.5
v 9.7 9.6 -2.6
v 9.7 9.68375 -2.51625
v 9.7 9.68375 -2.58375
v 9.8 8.61625 -2.58375
v 9.8 8.61625 -2.51625
v 9.8 8.7 -2.5
v 9.8 8.7 -2.6
v 9.8 8.78375 -2.51625
v 9.8 8.78375 -2.58375
v 9.8 9.51625 -2.58375
v 9.8 9.51625 -2.51625
v 9.8 9.6 -2.5
v 9.8 9.6 -2.6
v 9.8 9.68375 -2.51625
v 9.8 9.68375 -2.58375
v 9.72167 10.47833 -2.57833
v 9.72167 10.42167 -2.57833
v 9.72167 10.42167 -2.52167
v 9.72167 10.47833 -2.52167
v 9.8 10.48375 -2.51625
v 9.8 10.48375 -2.58375
v 9.8 10.4 -2.587
v 9.8 10.4 -2.513
v 9.9 8.61625 -2.58375
v 9.9 8.61625 -2.51625
v 9.9 8.7 -2.5
v 9.9 8.7 -2.6
v 9.9 8.78375 -2.51625
v 9.9 8.78375 -2.58375
v 9.9 9.51625 -2.58375
v 9.9 9.51625 -2.51625
v 9.9 9.6 -2.5
v 9.9 9.6 -2.6
v 9.9 9.68375 -2.51625
v 9.9 9.68375 -2.58375
v 9.82167 10.32167 -2.57833
v 9.82167 10.32167 -2.52167
v 9.9 10.31625 -2.58375
v 9.9 10.31625 -2.51625
v 9.9 10.4 -2.5
v 9.9 10.4 -2.6
v 9.9 10.48375 -2.51625
v 9.9 10.48375 -2.58375
v 10 8.61625 -2.58375
v 10 8.61625 -2.51625
v 10 8.7 -2.5
v 10 8.7 -2.6
v 10 8.78375 -2.51625
v 10 8.78375 -2.58375
v 10 9.51625 -2.58375
v 10 9.51625 -2.51625
v 10 9.6 -2.5
v 10 9.6 -2.6
v 10 9.68375 -2.51625
v 10 9.68375 -2.58375
v 10 10.31625 -2.58375
v 10 10.31625 -2.51625
v 10 10.4 -2.5
v 10 10.4 -2.6
v 10 10.48375 -2.51625
v 10 10.48375 -2.58375
v 10.1 8.61625 -2.58375
v 10.1 8.61625 -2.51625
v 10.1 8.7 -2.5
v 10.1 8.7 -2.6
v 10.1 8.78375 -2.51625
v 10.1 8.78375 -2.58375
v 10.1 9.51625 -2.58375
v 10.1 9.51625 -2.51625
v 10.1 9.6 -2.5
v 10.1 9.6 -2.6
v 10.1 9.68375 -2.51625
v 10.1 9.68375 -2.58375
v 10.1 10.31625 -2.58375
v 10.1 10.31625 -2.51625
v 10.1 10.4 -2.5
v 10.1 10.4 -2.6
v 10.1 10.48375 -2.51625
v 10.1 10.48375 -2.58375
v 10.2 8.61625 -2.58375
v 10.2 8.61625 -2.51625
v 10.2 8.7 -2.5
v 10.2 8.7 -2.6
v 10.2 8.78375 -2.51625
v 10.2 8.78375 -2.58375
v 10.2 9.51625 -2.58375
v 10.2 9.51625 -2.51625
v 10.2 9.6 -2.5
v 10.2 9.6 -2.6
v 10.2 9.68375 -2.51625
v 10.2 9.68375 -2.58375
v 10.2 10.31625 -2.58375
v 10.2 10.31625 -2.51625
v 10.2 10.4 -2.5
v 10.2 10.4 -2.6
v 10.2 10.48375 -2.51625
v 10.2 10.48375 -2.58375
v 10.3 8.61625 -2.58375
v 10.3 8.61625 -2.51625
v 10.3 8.7 -2.5
v 10.3 8.7 -2.6
v 10.3 8.78375 -2.51625
v 10.3 8.78375 -2.58375
v 10.3 9.51625 -2.58375
v 10.3 9.51625 -2.51625
v 10.3 9.6 -2.5
v 10.3 9.6 -2.6
v 10.3 9.68375 -2.51625
v 10.3 9.68375 -2.58375
v 10.3 10.31625 -2.58375
v 10.3 10.31625 -2.51625
v 10.3 10.4 -2.5
v 10.3 10.4 -2.6
v 10.3 10.48375 -2.51625
v 10.3 10.48375 -2.58375
v 10.4 8.61625 -2.58375
v 10.4 8.61625 -2.51625
v 10.4 8.7 -2.5
v 10.4 8.7 -2.6
v 10.4 8.78375 -2.51625
v 10.4 8.78375 -2.58375
v 10.4 9.51625 -2.58375
v 10.4 9.51625 -2.51625
v 10.4 9.6 -2.5
v 10.4 9.6 -2.6
v 10.4 9.68375 -2.51625
v 10.4 9.68375 -2.58375
v 10.4 10.31625 -2.58375
v 10.4 10.31625 -2.51625
v 10.4 10.4 -2.5
v 10.4 10.4 -2.6
v 10.4 10.48375 -2.51625
v 10.4 10.48375 -2.58375
v 10.5 8.61625 -2.58375
v 10.5 8.61625 -2.51625
v 10.5 8.7 -2.5
v 10.5 8.7 -2.6
v 10.5 8.78375 -2.51625
v 10.5 8.78375 -2.58375
v 10.5 9.51625 -2.58375
v 10.5 9.51625 -2.51625
v 10.5 9.6 -2.5
v 10.5 9.6 -2.6
v 10.5 9.68375 -2.51625
v 10.5 9.68375 -2.58375
v 10.5 10.31625 -2.58375
v 10.5 10.31625 -2.51625
v 10.5 10.4 -2.5
v 10.5 10.4 -2.6
v 10.5 10.48375 -2.51625
v 10.5 10.48375 -2.58375
v 10.6 8.61625 -2.58375
v 10.6 8.61625 -2.51625
v 10.6 8.7 -2.5
v 10.6 8.7 -2.6
v 10.6 8.78375 -2.51625
v 10.6 8.78375 -2.58375
v 10.6 9.51625 -2.58375
v 10.6 9.51625 -2.51625
v 10.6 9.6 -2.5
v 10.6 9.6 -2.6
v 10.6 9.68375 -2.51625
v 10.6 9.68375 -2.58375
v 10.6 10.31625 -2.58375
v 10.6 10.31625 -2.51625
v 10.6 10.4 -2.5
v 10.6 10.4 -2.6
v 10.6 10.48375 -2.51625
v 10.6 10.48375 -2.58375
v 10.7 8.61625 -2.58375
v 10.7 8.61625 -2.51625
v 10.7 8.7 -2.5
v 10.7 8.7 -2.6
v 10.7 8.78375 -2.51625
v 10.7 8.78375 -2.58375
v 10.7 9.51625 -2.58375
v 10.7 9.51625 -2.51625
v 10.7 9.6 -2.5
v 10.7 9.6 -2.6
v 10.7 9.68375 -2.51625
v 10.7 9.68375 -2.58375
v 10.7 10.31625 -2.58375
v 10.7 10.31625 -2.51625
v 10.7 10.4 -2.5
v 10.7 10.4 -2.6
v 10.7 10.48375 -2.51625
v 10.7 10.48375 -2.58375
v 10.8 8.61625 -2.58375
v 10.8 8.61625 -2.51625
v 10.8 8.7 -2.5
v 10.8 8.7 -2.6
v 10.8 8.78375 -2.51625
v 10.8 8.78375 -2.58375
v 10.8 9.51625 -2.58375
v 10.8 9.51625 -2.51625
v 10.8 9.6 -2.5
v 10.8 9.6 -2.6
v 10.8 9.68375 -2.51625
v 10.8 9.68375 -2.58375
v 10.8 10.31625 -2.58375
v 10.8 10.31625 -2.51625
v 10.8 10.4 -2.5
v 10.8 10.4 -2.6
v 10.8 10.48375 -2.51625
v 10.8 10.48375 -2.58375
v 10.9 8.6 -2.587
v 10.9 8.6 -2.513
v 10.9 8.7 -2.513
v 10.9 8.7 -2.587
v 10.87833 8.77833 -2.52167
v 10.87833 8.77833 -2.57833
v 10.9 9.51625 -2.58375
v 10.9 9.51625 -2.51625
v 10.9 9.6 -2.5
v 10.9 9.6 -2.6
v 10.9 9.68375 -2.51625
v 10.9 9.68375 -2.58375
v 10.9 10.31625 -2.58375
v 10.9 10.31625 -2.51625
v 10.9 10.4 -2.5
v 10.9 10.4 -2.6
v 10.9 10.48375 -2.51625
v 10.9 10.48375 -2.58375
v 10.92167 8.52167 -2.57833
v 10.92167 8.52167 -2.52167
v 11 8.51625 -2.58375
v 11 8.51625 -2.51625
v 11 8.6 -2.5
v 11 8.6 -2.6
v 11 8.68375 -2.51625
v 11 8.68375 -2.58375
v 11 9.51625 -2.58375
v 11 9.51625 -2.51625
v 11 9.6 -2.5
v 11 9.6 -2.6
v 11 9.68375 -2.51625
v 11 9.68375 -2.58375
v 11 10.31625 -2.58375
v 11 10.31625 -2.51625
v 11 10.4 -2.5
v 11 10.4 -2.6
v 11 10.48375 -2.51625
v 11 10.48375 -2.58375
v 11.1 8.51625 -2.58375
v 11.1 8.51625 -2.51625
v 11.1 8.6 -2.5
v 11.1 8.6 -2.6
v 11.1 8.68375 -2.51625
v 11.1 8.68375 -2.58375
v 11.1 9.51625 -2.58375
v 11.1 9.51625 -2.51625
v 11.1 9.6 -2.5
v 11.1 9.6 -2.6
v 11.1 9.68375 -2.51625
v 11.1 9.68375 -2.58375
v 11.1 10.31625 -2.58375
v 11.1 10.31625 -2.51625
v 11.1 10.4 -2.5
v 11.1 10.4 -2.6
v 11.1 10.48375 -2.51625
v 11.1 10.48375 -2.58375
v 11.2 8.51625 -2.58375
v 11.2 8.51625 -2.51625
v 11.2 8.6 -2.5
v 11.2 8.6 -2.6
v 11.2 8.68375 -2.51625
v 11.2 8.68375 -2.58375
v 11.2 9.51625 -2.58375
v 11.2 9.51625 -2.51625
v 11.2 9.6 -2.5
v 11.2 9.6 -2.6
v 11.2 9.68375 -2.51625
v 11.2 9.68375 -2.58375
v 11.2 10.31625 -2.58375
v 11.2 10.31625 -2.51625
v 11.2 10.4 -2.5
v 11.2 10.4 -2.6
v 11.2 10.48375 -2.51625
v 11.2 10.48375 -2.58375
v 11.3 8.51625 -2.58375
v 11.3 8.51625 -2.51625
v 11.3 8.6 -2.5
v 11.3 8.6 -2.6
v 11.3 8.68375 -2.51625
v 11.3 8.68375 -2.58375
v 11.3 9.51625 -2.58375
v 11.3 9.51625 -2.51625
v 11.3 9.6 -2.5
v 11.3 9.6 -2.6
v 11.3 9.68375 -2.51625
v 11.3 9.68375 -2.58375
v 11.3 10.31625 -2.58375
v 11.3 10.31625 -2.51625
v 11.3 10.4 -2.5
v 11.3 10.4 -2.6
v 11.3 10.48375 -2.51625
v 11.3 10.48375 -2.58375
v 11.4 8.51625 -2.58375
v 11.4 8.51625 -2.51625
v 11.4 8.6 -2.5
v 11.4 8.6 -2.6
v 11.4 8.68375 -2.51625
v 11.4 8.68375 -2.58375
v 11.4 9.51625 -2.58375
v 11.4 9.51625 -2.51625
v 11.4 9.6 -2.5
v 11.4 9.6 -2.6
v 11.4 9.68375 -2.51625
v 11.4 9.68375 -2.58375
v 11.4 10.31625 -2.58375
v 11.4 10.31625 -2.51625
v 11.4 10.4 -2.5
v 11.4 10.4 -2.6
v 11.4 10.48375 -2.51625
v 11.4 10.48375 -2.58375
v 11.5 8.51625 -2.58375
v 11.5 8.51625 -2.51625
v 11.5 8.6 -2.5
v 11.5 8.6 -2.6
v 11.5 8.68375 -2.51625
v 11.5 8.68375 -2.58375
v 11.5 9.51625 -2.58375
v 11.5 9.51625 -2.51625
v 11.5 9.6 -2.5
v 11.5 9.6 -2.6
v 11.5 9.68375 -2.51625
v 11.5 9.68375 -2.58375
v 11.5 10.31625 -2.58375
v 11.5 10.31625 -2.51625
v 11.5 10.4 -2.5
v 11.5 10.4 -2.6
v 11.5 10.48375 -2.51625
v 11.5 10.48375 -2.58375
v 11.6 8.51625 -2.58375
v 11.6 8.51625 -2.51625
v 11.6 8.6 -2.5
v 11.6 8.6 -2.6
v 11.6 8.68375 -2.51625
v 11.6 8.68375 -2.58375
v 11.6 9.51625 -2.58375
v 11.6 9.51625 -2.51625
v 11.6 9.6 -2.5
v 11.6 9.6 -2.6
v 11.6 9.68375 -2.51625
v 11.6 9.68375 -2.58375
v 11.6 10.31625 -2.58375
v 11.6 10.31625 -2.51625
v 11.6 10.4 -2.5
v 11.6 10.4 -2.6
v 11.6 10.48375 -2.51625
v 11.6 10.48375 -2.58375
v 11.7 8.51625 -2.58375
v 11.7 8.51625 -2.51625
v 11.7 8.6 -2.5
v 11.7 8.6 -2.6
v 11.7 8.68375 -2.51625
v 11.7 8.68375 -2.58375
v 11.7 9.51625 -2.58375
v 11.7 9.51625 -2.51625
v 11.7 9.6 -2.5
v 11.7 9.6 -2.6
v 11.7 9.68375 -2.51625
v 11.7 9.68375 -2.58375
v 11.7 10.4 -2.513
v 11.67833 10.32167 -2.52167
v 11.67833 10.32167 -2.57833
v 11.7 10.4 -2.587
v 11.7 10.5 -2.513
v 11.7 10.5 -2.587
v 11.8 8.51625 -2.58375
v 11.8 8.51625 -2.51625
v 11.8 8.6 -2.5
v 11.8 8.6 -2.6
v 11.8 8.68375 -2.51625
v 11.8 8.68375 -2.58375
v 11.8 9.51625 -2.58375
v 11.8 9.51625 -2.51625
v 11.8 9.6 -2.5
v 11.8 9.6 -2.6
v 11.8 9.68375 -2.51625
v 11.8 9.68375 -2.58375
v 11.8 10.41625 -2.58375
v 11.8 10.41625 -2.51625
v 11.8 10.5 -2.5
v 11.8 10.5 -2.6
v 11.72167 10.57833 -2.57833
v 11.72167 10.57833 -2.52167
v 11.8 10.58375 -2.51625
v 11.8 10.58375 -2.58375
v 11.9 8.51625 -2.58375
v 11.9 8.51625 -2.51625
v 11.9 8.6 -2.5
v 11.9 8.6 -2.6
v 11.9 8.68375 -2.51625
v 11.9 8.68375 -2.58375
v 11.9 9.51625 -2.58375
v 11.9 9.51625 -2.51625
v 11.9 9.6 -2.5
v 11.9 9.6 -2.6
v 11.9 9.68375 -2.51625
v 11.9 9.68375 -2.58375
v 11.9 10.41625 -2.58375
v 11.9 10.41625 -2.51625
v 11.9 10.5 -2.5
v 11.9 10.5 -2.6
v 11.9 10.58375 -2.51625
v 11.9 10.58375 -2.58375
v 12 8.51625 -2.58375
v 12 8.51625 -2.51625
v 12 8.6 -2.5
v 12 8.6 -2.6
v 12 8.68375 -2.51625
v 12 8.68375 -2.58375
v 12 9.51625 -2.58375
v 12 9.51625 -2.51625
v 12 9.6 -2.5
v 12 9.6 -2.6
v 12 9.68375 -2.51625
v 12 9.68375 -2.58375
v 12 10.41625 -2.58375
v 12 10.41625 -2.51625
v 12 10.5 -2.5
v 12 10.5 -2.6
v 12 10.58375 -2.51625
v 12 10.58375 -2.58375
v 12.1 8.51625 -2.58375
v 12.1 8.51625 -2.51625
v 12.1 8.6 -2.5
v 12.1 8.6 -2.6
v 12.1 8.68375 -2.51625
v 12.1 8.68375 -2.58375
v 12.1 9.51625 -2.58375
v 12.1 9.51625 -2.51625
v 12.1 9.6 -2.5
v 12.1 9.6 -2.6
v 12.1 9.68375 -2.51625
v 12.1 9.68375 -2.58375
v 12.1 10.41625 -2.58375
v 12.1 10.41625 -2.51625
v 12.1 10.5 -2.5
v 12.1 10.5 -2.6
v 12.1 10.58375 -2.51625
v 12.1 10.58375 -2.58375
v 12.2 8.51625 -2.58375
v 12.2 8.51625 -2.51625
v 12.2 8.6 -2.5
v 12.2 8.6 -2.6
v 12.2 8.68375 -2.51625
v 12.2 8.68375 -2.58375
v 12.2 9.51625 -2.58375
v 12.2 9.51625 -2.51625
v 12.2 9.6 -2.5
v 12.2 9.6 -2.6
v 12.2 9.68375 -2.51625
v 12.2 9.68375 -2.58375
v 12.2 10.41625 -2.58375
v 12.2 10.41625 -2.51625
v 12.2 10.5 -2.5
v 12.2 10.5 -2.6
v 12.2 10.58375 -2.51625
v 12.2 10.58375 -2.58375
v 12.3 8.51625 -2.58375
v 12.3 8.51625 -2.51625
v 12.3 8.6 -2.5
v 12.3 8.6 -2.6
v 12.3 8.68375 -2.51625
v 12.3 8.68375 -2.58375
v 12.3 9.51625 -2.58375
v 12.3 9.51625 -2.51625
v 12.3 9.6 -2.5
v 12.3 9.6 -2.6
v 12.3 9.68375 -2.51625
v 12.3 9.68375 -2.58375
v 12.3 10.41625 -2.58375
v 12.3 10.41625 -2.51625
v 12.3 10.5 -2.5
v 12.3 10.5 -2.6
v 12.3 10.58375 -2.51625
v 12.3 10.58375 -2.58375
v 12.4 8.51625 -2.58375
v 12.4 8.51625 -2.51625
v 12.4 8.6 -2.5
v 12.4 8.6 -2.6
v 12.4 8.68375 -2.51625
v 12.4 8.68375 -2.58375
v 12.4 9.51625 -2.58375
v 12.4 9.51625 -2.51625
v 12.4 9.6 -2.5
v 12.4 9.6 -2.6
v 12.4 9.68375 -2.51625
v 12.4 9.68375 -2.58375
v 12.4 10.41625 -2.58375
v 12.4 10.41625 -2.51625
v 12.4 10.5 -2.5
v 12.4 10.5 -2.6
v 12.4 10.58375 -2.51625
v 12.4 10.58375 -2.58375
v 12.5 8.51625 -2.58375
v 12.5 8.51625 -2.51625
v 12.5 8.6 -2.5
v 12.5 8.6 -2.6
v 12.5 8.68375 -2.51625
v 12.5 8.68375 -2.58375
v 12.5 9.51625 -2.58375
v 12.5 9.51625 -2.51625
v 12.5 9.6 -2.5
v 12.5 9.6 -2.6
v 12.5 9.68375 -2.51625
v 12.5 9.68375 -2.58375
v 12.5 10.41625 -2.58375
v 12.5 10.41625 -2.51625
v 12.5 10.5 -2.5
v 12.5 10.5 -2.6
v 12.5 10.58375 -2.51625
v 12.5 10.58375 -2.58375
v 12.6 8.51625 -2.58375
v 12.6 8.51625 -2.51625
v 12.6 8.6 -2.5
v 12.6 8.6 -2.6
v 12.6 8.68375 -2.51625
v 12.6 8.68375 -2.58375
v 12.6 9.51625 -2.58375
v 12.6 9.51625 -2.51625
v 12.6 9.6 -2.5
v 12.6 9.6 -2.6
v 12.6 9.68375 -2.51625
v 12.6 9.68375 -2.58375
v 12.6 10.41625 -2.58375
v 12.6 10.41625 -2.51625
v 12.6 10.5 -2.5
v 12.6 10.5 -2.6
v 12.6 10.58375 -2.51625
v 12.6 10.58375 -2.58375
v 12.7 8.51625 -2.58375
v 12.7 8.51625 -2.51625
v 12.7 8.6 -2.5
v 12.7 8.6 -2.6
v 12.7 8.68375 -2.51625
v 12.7 8.68375 -2.58375
v 12.7 9.51625 -2.58375
v 12.7 9.51625 -2.51625
v 12.7 9.6 -2.5
v 12.7 9.6 -2.6
v 12.7 9.68375 -2.51625
v 12.7 9.68375 -2.58375
v 12.7 10.41625 -2.58375
v 12.7 10.41625 -2.51625
v 12.7 10.5 -2.5
v 12.7 10.5 -2.6
v 12.7 10.58375 -2.51625
v 12.7 10.58375 -2.58375
v 12.8 8.6 -2.513
v 12.77833 8.52167 -2.52167
v 12.77833 8.52167 -2.57833
v 12.8 8.6 -2.587
v 12.8 8.68375 -2.51625
v 12.8 8.68375 -2.58375
v 12.8 9.51625 -2.58375
v 12.8 9.51625 -2.51625
v 12.8 9.6 -2.5
v 12.8 9.6 -2.6
v 12.8 9.68375 -2.51625
v 12.8 9.68375 -2.58375
v 12.8 10.41625 -2.58375
v 12.8 10.41625 -2.51625
v 12.8 10.5 -2.5
v 12.8 10.5 -2.6
v 12.8 10.58375 -2.51625
v 12.8 10.58375 -2.58375
v 12.9 8.68375 -2.51625
v 12.9 8.68375 -2.58375
v 12.9 8.6 -2.587
v 12.9 8.6 -2.513
v 12.9 9.51625 -2.58375
v 12.9 9.51625 -2.51625
v 12.9 9.6 -2.5
v 12.9 9.6 -2.6
v 12.9 9.68375 -2.51625
v 12.9 9.68375 -2.58375
v 12.9 10.41625 -2.58375
v 12.9 10.41625 -2.51625
v 12.9 10.5 -2.5
v 12.9 10.5 -2.6
v 12.9 10.58375 -2.51625
v 12.9 10.58375 -2.58375
v 12.92167 8.52167 -2.57833
v 12.92167 8.52167 -2.52167
v 13 8.51625 -2.58375
v 13 8.513 -2.5
v 12.98375 8.6 -2.48375
v 13 8.6 -2.6
v 13 8.7 -2.5
v 13 8.7 -2.587
v 13 9.6 -2.513
v 12.97833 9.52167 -2.52167
v 12.97833 9.52167 -2.57833
v 13 9.6 -2.587
v 13 9.68375 -2.51625
v 13 9.68375 -2.58375
v 13 10.41625 -2.58375
v 13 10.41625 -2.51625
v 13 10.5 -2.5
v 13 10.5 -2.6
v 13 10.58375 -2.51625
v 13 10.58375 -2.58375
v 13.02167 8.52167 -2.42167
v 13.01625 8.6 -2.41625
v 13.1 8.5 -2.5
v 13.1 8.51625 -2.41625
v 13.1 8.6 -2.4
v 13.02167 8.67833 -2.42167
v 13.1 8.7 -2.413
v 13.07833 8.72167 -2.47833
v 13.1 8.51625 -2.58375
v 13.1 8.6 -2.613
v 13.1 8.7 -2.613
v 13.02167 8.77833 -2.57833
v 13.02167 8.77833 -2.52167
v 13.1 8.787 -2.5
v 13.1 8.78375 -2.58375
v 13.1 9.68375 -2.51625
v 13.1 9.68375 -2.58375
v 13.1 9.6 -2.587
v 13.1 9.6 -2.513
v 13.1 10.41625 -2.58375
v 13.1 10.41625 -2.51625
v 13.1 10.5 -2.5
v 13.1 10.5 -2.6
v 13.1 10.58375 -2.51625
v 13.1 10.58375 -2.58375
v 13.2 8.5 -2.5
v 13.2 8.51625 -2.41625
v 13.2 8.6 -2.4
v 13.2 8.7 -2.4
v 13.12167 8.77833 -2.42167
v 13.2 8.78375 -2.41625
v 13.2 8.8 -2.5
v 13.2 8.51625 -2.58375
v 13.2 8.58375 -2.61625
v 13.2 8.78375 -2.58375
v 13.2 8.71625 -2.61625
v 13.12167 9.52167 -2.57833
v 13.12167 9.52167 -2.52167
v 13.2 9.51625 -2.58375
v 13.2 9.513 -2.5
v 13.18375 9.6 -2.48375
v 13.2 9.6 -2.6
v 13.2 9.7 -2.5
v 13.2 9.7 -2.587
v 13.2 10.41625 -2.58375
v 13.2 10.41625 -2.51625
v 13.2 10.5 -2.5
v 13.2 10.5 -2.6
v 13.2 10.58375 -2.51625
v 13.2 10.58375 -2.58375
v 13.12167 8.67833 -2.67833
v 13.12167 8.62167 -2.67833
v 13.2 8.68375 -2.68375
v 13.2 8.61625 -2.68375
v 13.3 8.5 -2.5
v 13.3 8.51625 -2.41625
v 13.3 8.6 -2.4
v 13.3 8.7 -2.4
v 13.3 8.78375 -2.41625
v 13.3 8.8 -2.5
v 13.22167 9.52167 -2.42167
v 13.21625 9.6 -2.41625
v 13.3 9.5 -2.5
v 13.3 9.51625 -2.41625
v 13.3 9.6 -2.4
v 13.22167 9.67833 -2.42167
v 13.3 9.7 -2.413
v 13.27833 9.72167 -2.47833
v 13.3 8.51625 -2.58375
v 13.3 8.58375 -2.61625
v 13.3 8.78375 -2.58375
v 13.3 8.71625 -2.61625
v 13.3 9.51625 -2.58375
v 13.3 9.6 -2.613
v 13.3 9.7 -2.613
v 13.22167 9.77833 -2.57833
v 13.22167 9.77833 -2.52167
v 13.3 9.787 -2.5
v 13.3 9.78375 -2.58375
v 13.3 10.41625 -2.58375
v 13.3 10.41625 -2.51625
v 13.3 10.5 -2.5
v 13.3 10.5 -2.6
v 13.3 10.58375 -2.51625
v 13.3 10.58375 -2.58375
v 13.3 8.68375 -2.68375
v 13.3 8.61625 -2.68375
v 13.4 8.5 -2.5
v 13.4 8.51625 -2.41625
v 13.4 8.6 -2.4
v 13.4 8.7 -2.4
v 13.4 8.78375 -2.41625
v 13.4 8.8 -2.5
v 13.4 9.5 -2.5
v 13.4 9.51625 -2.41625
v 13.4 9.6 -2.4
v 13.4 9.7 -2.4
v 13.32167 9.77833 -2.42167
v 13.4 9.78375 -2.41625
v 13.4 9.8 -2.5
v 13.4 8.51625 -2.58375
v 13.4 8.58375 -2.61625
v 13.4 8.78375 -2.58375
v 13.4 8.71625 -2.61625
v 13.4 9.51625 -2.58375
v 13.4 9.58375 -2.61625
v 13.4 9.78375 -2.58375
v 13.4 9.71625 -2.61625
v 13.4 10.41625 -2.58375
v 13.4 10.41625 -2.51625
v 13.4 10.5 -2.5
v 13.4 10.5 -2.6
v 13.4 10.58375 -2.51625
v 13.4 10.58375 -2.58375
v 13.4 8.68375 -2.68375
v 13.4 8.61625 -2.68375
v 13.32167 9.67833 -2.67833
v 13.32167 9.62167 -2.67833
v 13.4 9.68375 -2.68375
v 13.4 9.61625 -2.68375
v 13.5 8.5 -2.5
v 13.5 8.51625 -2.41625
v 13.5 8.6 -2.4
v 13.5 8.7 -2.4
v 13.5 8.78375 -2.41625
v 13.5 8.8 -2.5
v 13.5 9.5 -2.5
v 13.5 9.51625 -2.41625
v 13.5 9.6 -2.4
v 13.5 9.7 -2.4
v 13.5 9.78375 -2.41625
v 13.5 9.8 -2.5
v 13.5 8.51625 -2.58375
v 13.5 8.58375 -2.61625
v 13.5 8.78375 -2.58375
v 13.5 8.71625 -2.61625
v 13.5 9.51625 -2.58375
v 13.5 9.58375 -2.61625
v 13.5 9.78375 -2.58375
v 13.5 9.71625 -2.61625
v 13.5 10.41625 -2.58375
v 13.5 10.41625 -2.51625
v 13.5 10.5 -2.5
v 13.5 10.5 -2.6
v 13.5 10.58375 -2.51625
v 13.5 10.58375 -2.58375
v 13.5 8.68375 -2.68375
v 13.5 8.61625 -2.68375
v 13.5 9.68375 -2.68375
v 13.5 9.61625 -2.68375
v 13.6 8.5 -2.5
v 13.6 8.51625 -2.41625
v 13.6 8.6 -2.4
v 13.6 8.7 -2.4
v 13.6 8.78375 -2.41625
v 13.6 8.8 -2.5
v 13.6 9.5 -2.5
v 13.6 9.51625 -2.41625
v 13.6 9.6 -2.4
v 13.6 9.7 -2.4
v 13.6 9.78375 -2.41625
v 13.6 9.8 -2.5
v 13.6 8.51625 -2.58375
v 13.6 8.58375 -2.61625
v 13.6 8.78375 -2.58375
v 13.6 8.71625 -2.61625
v 13.6 9.51625 -2.58375
v 13.6 9.58375 -2.61625
v 13.6 9.78375 -2.58375
v 13.6 9.71625 -2.61625
v 13.6 10.5 -2.513
v 13.57833 10.42167 -2.52167
v 13.57833 10.42167 -2.57833
v 13.6 10.5 -2.587
v 13.6 10.58375 -2.51625
v 13.6 10.58375 -2.58375
v 13.6 8.68375 -2.68375
v 13.6 8.61625 -2.68375
v 13.6 9.68375 -2.68375
v 13.6 9.61625 -2.68375
v 13.7 8.5 -2.5
v 13.7 8.51625 -2.41625
v 13.7 8.6 -2.4
v 13.7 8.7 -2.4
v 13.7 8.78375 -2.41625
v 13.7 8.8 -2.5
v 13.7 9.5 -2.5
v 13.7 9.51625 -2.41625
v 13.7 9.6 -2.4
v 13.7 9.7 -2.4
v 13.7 9.78375 -2.41625
v 13.7 9.8 -2.5
v 13.7 8.51625 -2.58375
v 13.7 8.58375 -2.61625
v 13.7 8.78375 -2.58375
v 13.7 8.71625 -2.61625
v 13.7 9.51625 -2.58375
v 13.7 9.58375 -2.61625
v 13.7 9.78375 -2.58375
v 13.7 9.71625 -2.61625
v 13.7 10.58375 -2.51625
v 13.7 10.58375 -2.58375
v 13.7 10.5 -2.587
v 13.7 10.5 -2.513
v 13.7 8.68375 -2.68375
v 13.7 8.61625 -2.68375
v 13.7 9.68375 -2.68375
v 13.7 9.61625 -2.68375
v 13.8 8.5 -2.5
v 13.8 8.51625 -2.41625
v 13.8 8.6 -2.4
v 13.8 8.7 -2.4
v 13.8 8.78375 -2.41625
v 13.8 8.8 -2.5
v 13.8 9.5 -2.5
v 13.8 9.51625 -2.41625
v 13.8 9.6 -2.4
v 13.8 9.7 -2.4
v 13.8 9.78375 -2.41625
v 13.8 9.8 -2.5
v 13.8 8.51625 -2.58375
v 13.8 8.58375 -2.61625
v 13.8 8.78375 -2.58375
v 13.8 8.71625 -2.61625
v 13.8 9.51625 -2.58375
v 13.8 9.58375 -2.61625
v 13.8 9.78375 -2.58375
v 13.8 9.71625 -2.61625
v 13.72167 10.42167 -2.57833
v 13.72167 10.42167 -2.52167
v 13.8 10.41625 -2.58375
v 13.8 10.413 -2.5
v 13.78375 10.5 -2.48375
v 13.8 10.5 -2.6
v 13.8 10.6 -2.5
v 13.8 10.6 -2.587
v 13.8 8.68375 -2.68375
v 13.8 8.61625 -2.68375
v 13.8 9.68375 -2.68375
v 13.8 9.61625 -2.68375
v 13.9 8.6 -2.413
v 13.87833 8.52167 -2.42167
v 13.9 8.513 -2.5
v 13.92167 8.57833 -2.47833
v 13.9 8.7 -2.413
v 13.87833 8.77833 -2.42167
v 13.92167 8.72167 -2.47833
v 13.9 8.787 -2.5
v 13.9 9.5 -2.5
v 13.9 9.51625 -2.41625
v 13.9 9.6 -2.4
v 13.9 9.7 -2.4
v 13.9 9.78375 -2.41625
v 13.9 9.8 -2.5
v 13.82167 10.42167 -2.42167
v 13.81625 10.5 -2.41625
v 13.9 10.4 -2.5
v 13.9 10.41625 -2.41625
v 13.9 10.5 -2.4
v 13.82167 10.57833 -2.42167
v 13.9 10.6 -2.413
v 13.87833 10.62167 -2.47833
v 13.9 8.51625 -2.58375
v 13.9 8.6 -2.613
v 13.9 8.78375 -2.58375
v 13.9 8.7 -2.613
v 13.9 9.51625 -2.58375
v 13.9 9.58375 -2.61625
v 13.9 9.78375 -2.58375
v 13.9 9.71625 -2.61625
v 13.9 10.41625 -2.58375
v 13.9 10.5 -2.613
v 13.9 10.6 -2.613
v 13.82167 10.67833 -2.57833
v 13.82167 10.67833 -2.52167
v 13.9 10.687 -2.5
v 13.9 10.68375 -2.58375
v 13.87833 8.62167 -2.67833
v 13.87833 8.67833 -2.67833
v 13.9 9.68375 -2.68375
v 13.9 9.61625 -2.68375
v 13.97833 8.67833 -2.42167
v 13.97833 8.62167 -2.42167
v 14 8.6 -2.5
v 14 8.7 -2.5
v 14 9.5 -2.5
v 14 9.51625 -2.41625
v 14 9.6 -2.4
v 14 9.7 -2.4
v 14 9.78375 -2.41625
v 14 9.8 -2.5
v 14 10.4 -2.5
v 14 10.41625 -2.41625
v 14 10.5 -2.4
v 14 10.6 -2.4
v 13.92167 10.67833 -2.42167
v 14 10.68375 -2.41625
v 14 10.7 -2.5
v 14 8.51625 -2.58375
v 14 8.51625 -2.51625
v 14 8.6 -2.587
v 14 8.7 -2.587
v 14 8.78375 -2.51625
v 14 8.78375 -2.58375
v 14 9.51625 -2.58375
v 14 9.58375 -2.61625
v 14 9.78375 -2.58375
v 14 9.71625 -2.61625
v 14 10.41625 -2.58375
v 14 10.48375 -2.61625
v 14 10.68375 -2.58375
v 14 10.61625 -2.61625
v 14 9.68375 -2.68375
v 14 9.61625 -2.68375
v 13.92167 10.57833 -2.67833
v 13.92167 10.52167 -2.67833
v 14 10.58375 -2.68375
v 14 10.51625 -2.68375
v 14.1 9.5 -2.5
v 14.1 9.51625 -2.41625
v 14.1 9.6 -2.4
v 14.1 9.7 -2.4
v 14.1 9.78375 -2.41625
v 14.1 9.8 -2.5
v 14.1 10.4 -2.5
v 14.1 10.41625 -2.41625
v 14.1 10.5 -2.4
v 14.1 10.6 -2.4
v 14.1 10.68375 -2.41625
v 14.1 10.7 -2.5
v 14.1 8.58375 -2.51625
v 14.1 8.58375 -2.58375
v 14.1 8.51625 -2.58375
v 14.1 8.51625 -2.51625
v 14.1 8.78375 -2.51625
v 14.1 8.78375 -2.58375
v 14.1 8.71625 -2.58375
v 14.1 8.71625 -2.51625
v 14.1 9.51625 -2.58375
v 14.1 9.58375 -2.61625
v 14.1 9.78375 -2.58375
v 14.1 9.71625 -2.61625
v 14.1 10.41625 -2.58375
v 14.1 10.48375 -2.61625
v 14.1 10.68375 -2.58375
v 14.1 10.61625 -2.61625
v 14.1 9.68375 -2.68375
v 14.1 9.61625 -2.68375
v 14.1 10.58375 -2.68375
v 14.1 10.51625 -2.68375
v 14.2 9.5 -2.5
v 14.2 9.51625 -2.41625
v 14.2 9.6 -2.4
v 14.2 9.7 -2.4
v 14.2 9.78375 -2.41625
v 14.2 9.8 -2.5
v 14.2 10.4 -2.5
v 14.2 10.41625 -2.41625
v 14.2 10.5 -2.4
v 14.2 10.6 -2.4
v 14.2 10.68375 -2.41625
v 14.2 10.7 -2.5
v 14.17833 8.57833 -2.52167
v 14.17833 8.52167 -2.52167
v 14.17833 8.52167 -2.57833
v 14.17833 8.57833 -2.57833
v 14.17833 8.77833 -2.52167
v 14.17833 8.72167 -2.52167
v 14.17833 8.72167 -2.57833
v 14.17833 8.77833 -2.57833
v 14.2 9.51625 -2.58375
v 14.2 9.58375 -2.61625
v 14.2 9.78375 -2.58375
v 14.2 9.71625 -2.61625
v 14.2 10.41625 -2.58375
v 14.2 10.48375 -2.61625
v 14.2 10.68375 -2.58375
v 14.2 10.61625 -2.61625
v 14.2 9.68375 -2.68375
v 14.2 9.61625 -2.68375
v 14.2 10.58375 -2.68375
v 14.2 10.51625 -2.68375
v 14.3 9.5 -2.5
v 14.3 9.51625 -2.41625
v 14.3 9.6 -2.4
v 14.3 9.7 -2.4
v 14.3 9.78375 -2.41625
v 14.3 9.8 -2.5
v 14.3 10.4 -2.5
v 14.3 10.41625 -2.41625
v 14.3 10.5 -2.4
v 14.3 10.6 -2.4
v 14.3 10.68375 -2.41625
v 14.3 10.7 -2.5
v 14.3 9.51625 -2.58375
v 14.3 9.58375 -2.61625
v 14.3 9.78375 -2.58375
v 14.3 9.71625 -2.61625
v 14.3 10.41625 -2.58375
v 14.3 10.48375 -2.61625
v 14.3 10.68375 -2.58375
v 14.3 10.61625 -2.61625
v 14.3 9.68375 -2.68375
v 14.3 9.61625 -2.68375
v 14.3 10.58375 -2.68375
v 14.3 10.51625 -2.68375
v 14.4 9.5 -2.5
v 14.4 9.51625 -2.41625
v 14.4 9.6 -2.4
v 14.4 9.7 -2.4
v 14.4 9.78375 -2.41625
v 14.4 9.8 -2.5
v 14.4 10.4 -2.5
v 14.4 10.41625 -2.41625
v 14.4 10.5 -2.4
v 14.4 10.6 -2.4
v 14.4 10.68375 -2.41625
v 14.4 10.7 -2.5
v 14.4 9.51625 -2.58375
v 14.4 9.58375 -2.61625
v 14.4 9.78375 -2.58375
v 14.4 9.71625 -2.61625
v 14.4 10.41625 -2.58375
v 14.4 10.48375 -2.61625
v 14.4 10.68375 -2.58375
v 14.4 10.61625 -2.61625
v 14.4 9.68375 -2.68375
v 14.4 9.61625 -2.68375
v 14.4 10.58375 -2.68375
v 14.4 10.51625 -2.68375
v 14.5 9.6 -2.413
v 14.47833 9.52167 -2.42167
v 14.5 9.513 -2.5
v 14.52167 9.57833 -2.47833
v 14.5 9.7 -2.4
v 14.5 9.78375 -2.41625
v 14.5 9.8 -2.5
v 14.5 10.4 -2.5
v 14.5 10.41625 -2.41625
v 14.5 10.5 -2.4
v 14.5 10.6 -2.4
v 14.5 10.68375 -2.41625
v 14.5 10.7 -2.5
v 14.5 9.51625 -2.58375
v 14.5 9.58375 -2.61625
v 14.5 9.78375 -2.58375
v 14.5 9.71625 -2.61625
v 14.5 10.41625 -2.58375
v 14.5 10.48375 -2.61625
v 14.5 10.68375 -2.58375
v 14.5 10.61625 -2.61625
v 14.5 9.68375 -2.68375
v 14.5 9.61625 -2.68375
v 14.5 10.58375 -2.68375
v 14.5 10.51625 -2.68375
v 14.6 9.587 -2.5
v 14.6 9.61625 -2.41625
v 14.6 9.7 -2.413
v 14.57833 9.77833 -2.42167
v 14.62167 9.72167 -2.47833
v 14.6 9.787 -2.5
v 14.6 10.4 -2.5
v 14.6 10.41625 -2.41625
v 14.6 10.5 -2.4
v 14.6 10.6 -2.4
v 14.6 10.68375 -2.41625
v 14.6 10.7 -2.5
v 14.57833 9.52167 -2.52167
v 14.57833 9.52167 -2.57833
v 14.6 9.6 -2.6
v 14.6 9.78375 -2.58375
v 14.6 9.7 -2.613
v 14.6 10.41625 -2.58375
v 14.6 10.48375 -2.61625
v 14.6 10.68375 -2.58375
v 14.6 10.61625 -2.61625
v 14.57833 9.62167 -2.67833
v 14.57833 9.67833 -2.67833
v 14.6 10.58375 -2.68375
v 14.6 10.51625 -2.68375
v 14.67833 9.67833 -2.42167
v 14.67833 9.62167 -2.42167
v 14.7 9.613 -2.5
v 14.7 9.7 -2.487
v 14.7 10.4 -2.5
v 14.7 10.41625 -2.41625
v 14.7 10.5 -2.4
v 14.7 10.6 -2.4
v 14.7 10.68375 -2.41625
v 14.7 10.7 -2.5
v 14.7 9.61625 -2.58375
v 14.7 9.7 -2.6
v 14.7 9.78375 -2.51625
v 14.7 9.78375 -2.58375
v 14.7 10.41625 -2.58375
v 14.7 10.48375 -2.61625
v 14.7 10.68375 -2.58375
v 14.7 10.61625 -2.61625
v 14.7 10.58375 -2.68375
v 14.7 10.51625 -2.68375
v 14.8 10.5 -2.413
v 14.77833 10.42167 -2.42167
v 14.8 10.413 -2.5
v 14.82167 10.47833 -2.47833
v 14.8 10.6 -2.413
v 14.77833 10.67833 -2.42167
v 14.82167 10.62167 -2.47833
v 14.8 10.687 -2.5
v 14.8 9.61625 -2.58375
v 14.8 9.61625 -2.51625
v 14.8 9.7 -2.5
v 14.8 9.7 -2.6
v 14.8 9.78375 -2.51625
v 14.8 9.78375 -2.58375
v 14.8 10.41625 -2.58375
v 14.8 10.5 -2.613
v 14.8 10.68375 -2.58375
v 14.8 10.6 -2.613
v 14.77833 10.52167 -2.67833
v 14.77833 10.57833 -2.67833
v 14.87833 10.57833 -2.42167
v 14.87833 10.52167 -2.42167
v 14.9 10.5 -2.5
v 14.9 10.6 -2.5
v 14.9 9.61625 -2.58375
v 14.9 9.61625 -2.51625
v 14.9 9.7 -2.5
v 14.9 9.7 -2.6
v 14.9 9.78375 -2.51625
v 14.9 9.78375 -2.58375
v 14.9 10.41625 -2.58375
v 14.9 10.41625 -2.51625
v 14.9 10.5 -2.587
v 14.9 10.6 -2.587
v 14.9 10.68375 -2.51625
v 14.9 10.68375 -2.58375
v 15 9.61625 -2.58375
v 15 9.61625 -2.51625
v 15 9.7 -2.5
v 15 9.7 -2.6
v 15 9.78375 -2.51625
v 15 9.78375 -2.58375
v 15 10.5 -2.513
v 15 10.5 -2.587
v 15 10.41625 -2.58375
v 15 10.41625 -2.51625
v 15 10.68375 -2.51625
v 15 10.68375 -2.58375
v 15 10.6 -2.587
v 15 10.6 -2.513
v 15.1 9.61625 -2.58375
v 15.1 9.61625 -2.51625
v 15.1 9.7 -2.5
v 15.1 9.7 -2.6
v 15.1 9.78375 -2.51625
v 15.1 9.78375 -2.58375
v 15.1 10.41625 -2.58375
v 15.1 10.41625 -2.51625
v 15.1 10.5 -2.513
v 15.1 10.5 -2.587
v 15.1 10.6 -2.513
v 15.1 10.6 -2.587
v 15.1 10.68375 -2.51625
v 15.1 10.68375 -2.58375
v 15.2 9.61625 -2.58375
v 15.2 9.61625 -2.51625
v 15.2 9.7 -2.5
v 15.2 9.7 -2.6
v 15.2 9.78375 -2.51625
v 15.2 9.78375 -2.58375
v 15.2 10.48375 -2.51625
v 15.2 10.48375 -2.58375
v 15.2 10.41625 -2.58375
v 15.2 10.41625 -2.51625
v 15.2 10.68375 -2.51625
v 15.2 10.68375 -2.58375
v 15.2 10.61625 -2.58375
v 15.2 10.61625 -2.51625
v 15.3 9.61625 -2.58375
v 15.3 9.61625 -2.51625
v 15.3 9.7 -2.5
v 15.3 9.7 -2.6
v 15.3 9.78375 -2.51625
v 15.3 9.78375 -2.58375
v 15.3 10.48375 -2.51625
v 15.3 10.48375 -2.58375
v 15.3 10.41625 -2.58375
v 15.3 10.41625 -2.51625
v 15.27833 10.67833 -2.52167
v 15.27833 10.62167 -2.52167
v 15.27833 10.62167 -2.57833
v 15.27833 10.67833 -2.57833
v 15.4 9.61625 -2.58375
v 15.4 9.61625 -2.51625
v 15.4 9.7 -2.5
v 15.4 9.7 -2.6
v 15.4 9.78375 -2.51625
v 15.4 9.78375 -2.58375
v 15.4 10.48375 -2.51625
v 15.4 10.48375 -2.58375
v 15.4 10.41625 -2.58375
v 15.4 10.41625 -2.51625
v 15.5 9.61625 -2.58375
v 15.5 9.61625 -2.51625
v 15.5 9.7 -2.5
v 15.5 9.7 -2.6
v 15.5 9.78375 -2.51625
v 15.5 9.78375 -2.58375
v 15.5 10.48375 -2.51625
v 15.5 10.48375 -2.58375
v 15.5 10.41625 -2.58375
v 15.5 10.41625 -2.51625
v 15.6 9.61625 -2.58375
v 15.6 9.61625 -2.51625
v 15.6 9.7 -2.5
v 15.6 9.7 -2.6
v 15.6 9.78375 -2.51625
v 15.6 9.78375 -2.58375
v 15.57833 10.47833 -2.52167
v 15.57833 10.42167 -2.52167
v 15.57833 10.42167 -2.57833
v 15.57833 10.47833 -2.57833
v 15.7 9.7 -2.513
v 15.67833 9.62167 -2.52167
v 15.67833 9.62167 -2.57833
v 15.7 9.7 -2.587
v 15.7 9.78375 -2.51625
v 15.7 9.78375 -2.58375
v 15.8 9.78375 -2.51625
v 15.8 9.78375 -2.58375
v 15.8 9.71625 -2.58375
v 15.8 9.71625 -2.51625
v 15.9 9.78375 -2.51625
v 15.9 9.78375 -2.58375
v 15.9 9.71625 -2.58375
v 15.9 9.71625 -2.51625
v 15.97833 9.77833 -2.52167
v 15.97833 9.72167 -2.52167
v 15.97833 9.72167 -2.57833
v 15.97833 9.77833 -2.57833
v 16.22167 9.77833 -2.57833
v 16.22167 9.72167 -2.57833
v 16.22167 9.72167 -2.52167
v 16.22167 9.77833 -2.52167
v 16.3 9.78375 -2.51625
v 16.3 9.78375 -2.58375
v 16.3 9.71625 -2.58375
v 16.3 9.71625 -2.51625
v 16.4 9.78375 -2.51625
v 16.4 9.78375 -2.58375
v 16.4 9.71625 -2.58375
v 16.4 9.71625 -2.51625
v 16.5 9.78375 -2.51625
v 16.5 9.78375 -2.58375
v 16.5 9.71625 -2.58375
v 16.5 9.71625 -2.51625
v 16.6 9.78375 -2.51625
v 16.6 9.78375 -2.58375
v 16.6 9.71625 -2.58375
v 16.6 9.71625 -2.51625
v 16.67833 9.77833 -2.52167
v 16.67833 9.72167 -2.52167
v 16.67833 9.72167 -2.57833
v 16.67833 9.77833 -2.57833

# texcoords
vt 0.18555 0.5
vt 0.1543 0.5
vt 0.12305 0.5
vt 0.0918 0.5
vt 0.06445 0.5
vt 0.03711 0.5
vt 0.16992 0.5
vt 0.04102 0.5
vt 0.0957 0.5
vt 0.17773 0.5
vt 0.0332 0.5
vt 0.17383 0.5

# normals
vn -1 0 -0
vn -0.069 0.9976 -0
vn -0.0345 0.9994 -0
vn -0.2666 -0.9638 -0
vn -0.7071 -0.7071 -0
vn -0.0871 0.0231 0.9959
vn -0.0866 -0.0089 0.9962
vn -0.0759 0.0693 0.9947
vn -0.0759 0.0693 -0.9947
vn -0.0866 -0.0089 -0.9962
vn -0.0871 0.0231 -0.9959
vn -0.9638 -0.2666 -0
vn -0.069 -0.9976 -0
vn -0.0345 -0.9994 -0
vn -0.1063 -0.1649 0.9806
vn -0.0532 -0.178 0.9826
vn -0.0433 -0.0126 0.999
vn -0.0433 -0.0126 -0.999
vn -0.0532 -0.178 -0.9826
vn -0.1063 -0.1649 -0.9806
vn 0 1 -0
vn -0.0323 0.1531 0.9877
vn -0.0323 0.1531 -0.9877
vn 0 -1 -0
vn 0 -0.1905 0.9817
vn 0 0 1
vn 0 0 -1
vn 0 -0.1905 -0.9817
vn 0 0.1905 0.9817
vn 0 0.1905 -0.9817
vn -0.0805 -0.9968 -0
vn 0.0207 -0.1395 0.99
vn 0.0374 0.0195 0.9991
vn 0.0374 0.0195 -0.9991
vn 0.0207 -0.1395 -0.99
vn 0.0345 0.9994 -0
vn 0.0532 0.178 0.9826
vn 0.0532 0.178 -0.9826
vn -0.1604 -0.9871 -0
vn -0.0357 -0.0554 0.9978
vn 0.0357 0.0554 0.9978
vn 0.0357 0.0554 -0.9978
vn -0.0357 -0.0554 -0.9978
vn 0.9638 0.2666 -0
vn 0.069 0.9976 -0
vn 0.1063 0.1649 0.9806
vn 0.1063 0.1649 -0.9806
vn -0.0374 -0.0195 0.9991
vn -0.0374 -0.0195 -0.9991
vn 0.1604 0.9871 -0
vn 0.0805 0.9968 -0
vn -0.0207 0.1395 0.99
vn -0.0207 0.1395 -0.99
vn 0.0345 -0.9994 -0
vn 0.0532 -0.178 0.9826
vn 0.0374 -0.0195 0.9991
vn 0.0374 -0.0195 -0.9991
vn 0.0532 -0.178 -0.9826
vn -0.0805 0.9968 -0
vn 0.0207 0.1395 0.99
vn 0.0207 0.1395 -0.99
vn 0.9638 -0.2666 -0
vn 0.069 -0.9976 -0
vn 0.1063 -0.1649 0.9806
vn 0.0357 -0.0554 0.9978
vn 0.0357 -0.0554 -0.9978
vn 0.1063 -0.1649 -0.9806
vn -0.1604 0.9871 -0
vn -0.0357 0.0554 0.9978
vn -0.0357 0.0554 -0.9978
vn 0.1604 -0.9871 -0
vn 0.0805 -0.9968 -0
vn -0.0207 -0.1395 0.99
vn -0.0374 0.0195 0.9991
vn -0.0374 0.0195 -0.9991
vn -0.0207 -0.1395 -0.99
vn -0.9638 0.2666 -0
vn -0.1063 0.1649 0.9806
vn -0.0532 0.178 0.9826
vn -0.0532 0.178 -0.9826
vn -0.1063 0.1649 -0.9806
vn 0.0433 -0.0126 0.999
vn 0.0433 -0.0126 -0.999
vn 0.0323 0.1531 0.9877
vn 0.0323 0.1531 -0.9877
vn 0.0574 -0.0036 0.9983
vn 0.0574 -0.0036 -0.9983
vn 0.0323 0.0772 0.9965
vn 0.0323 0.0772 -0.9965
vn -0.1876 -0.0159 0.9821
vn -0.1255 0.0821 0.9887
vn -0.0439 0.0633 -0.997
vn -0.0651 -0.0129 -0.9978
vn -0.0871 -0.9959 -0.0231
vn -0.0759 -0.9947 -0.0693
vn -0.0866 -0.9962 0.0089
vn -0.3032 -0.2096 0.9296
vn -0.6757 -0.2078 0.7073
vn -0.6758 -0.0273 0.7366
vn -0.1133 -0.0696 -0.9911
vn -0.0846 -0.2136 -0.9733
vn -0.2416 0.9529 0.1836
vn -0.5155 0.4367 0.7372
vn -0.1521 0.1332 -0.9794
vn -0.921 -0.1668 0.352
vn -0.9318 -0.0056 0.3629
vn -0.1063 -0.9806 0.1649
vn -0.0433 -0.999 0.0126
vn -0.0532 -0.9826 0.178
vn -0.1515 -0.0148 0.9884
vn -0.1357 -0.1357 0.9814
vn -0.068 -0.1635 0.9842
vn -0.0923 -0.0392 0.995
vn -0.6616 0.4285 0.6153
vn -0.7627 0.0362 0.6457
vn -0.5626 0.46 0.6869
vn -0.6113 0.581 0.5373
vn -0.698 0.5869 0.4104
vn -0.5133 0.5456 0.6625
vn -0.5599 0.5859 0.5859
vn -0.6202 0.1501 0.77
vn -0.4636 0.0481 0.8847
vn -0.3401 0.1881 0.9214
vn -0.0323 -0.9877 -0.1531
vn -0.1189 -0.4119 -0.9035
vn -0.0543 -0.3202 -0.9458
vn -0.1389 0.2317 -0.9628
vn -0.1018 -0.1958 -0.9754
vn -0.8275 0.4907 0.2729
vn -0.0871 0.9959 -0.0231
vn -0.0866 0.9962 0.0089
vn -0.0759 0.9947 -0.0693
vn -0.3128 0.3595 0.8792
vn -0.5133 0.6625 0.5456
vn -0.111 0.3134 -0.9431
vn -0.148 0.4364 -0.8875
vn -0.1754 0.2464 -0.9532
vn 0 -0.9817 0.1905
vn -0.0163 -0.0796 0.9967
vn -0.1122 0.1122 0.9873
vn -0.0429 0.1055 0.9935
vn -0.6483 0.3783 0.6608
vn -0.5366 0.5225 0.6627
vn -0.8796 0.3363 0.3363
vn -0.1633 0.9519 0.2591
vn -0.1063 0.9806 0.1649
vn -0.0532 0.9826 0.178
vn -0.0433 0.999 0.0126
vn -0.1806 0.3384 0.9235
vn -0.0415 -0.8851 -0.4635
vn -0.0129 -0.7826 -0.6224
vn -0.047 -0.7024 -0.7102
vn -0.0411 -0.6144 -0.7879
vn -0.0239 0.8936 -0.4481
vn -0.0169 0.6644 -0.7472
vn -0.047 0.7024 -0.7102
vn -0.9492 0 -0.3148
vn -0.1297 0.9106 -0.3925
vn -0.127 0.5554 -0.8218
vn -0.065 0.9079 -0.4141
vn -0.086 -0.56 -0.824
vn -0.1297 -0.9106 -0.3925
vn -0.065 -0.9079 -0.4141
vn -0.0345 0 -0.9994
vn -0.069 0 -0.9976
vn 0 -0.0957 0.9954
vn 0 0.0957 0.9954
vn 0 0.9817 0.1905
vn 0 -0.7919 -0.6106
vn 0 -0.7071 -0.7071
vn -0.0314 0.7936 -0.6076
vn 0 0.7919 -0.6106
vn 0 0.7071 -0.7071
vn 0 0.901 -0.4338
vn 0 -0.901 -0.4338
vn 0.0433 -0.999 0.0126
vn 0.0532 -0.9826 0.178
vn 0.0591 -0.0894 0.9942
vn 0.0591 0.0894 0.9942
vn 0.0532 0.9826 0.178
vn 0.0433 0.999 0.0126
vn 0.0314 -0.7936 -0.6076
vn 0.047 -0.7024 -0.7102
vn 0.0314 0.7936 -0.6076
vn 0.047 0.7024 -0.7102
vn 0.065 0.9079 -0.4141
vn 0.065 -0.9079 -0.4141
vn 0.0345 0 -0.9994
vn 0.6483 -0.6608 0.3783
vn 0.8796 -0.3363 0.3363
vn 0.6213 -0.3385 0.7067
vn 0.5437 -0.5659 0.6198
vn 0.0622 -0.998 0.0094
vn 0.1063 -0.9806 0.1649
vn 0.1855 -0.2943 0.9375
vn 0.1154 -0.0552 0.9918
vn 0.1154 0.0552 0.9918
vn 0.8796 0.3363 0.3363
vn 0.6483 0.6608 0.3783
vn 0.5437 0.5659 0.6198
vn 0.6213 0.3385 0.7067
vn 0.1063 0.9806 0.1649
vn 0.0622 0.998 0.0094
vn 0.1855 0.2943 0.9375
vn 0.0239 -0.8936 -0.4481
vn 0.0395 -0.9969 -0.0685
vn 0.1529 -0.408 -0.9001
vn 0.0866 -0.2849 -0.9546
vn 0.0169 -0.6644 -0.7472
vn 0.0239 0.8936 -0.4481
vn 0.0395 0.9969 -0.0685
vn 0.0866 0.2849 -0.9546
vn 0.1529 0.408 -0.9001
vn 0.0169 0.6644 -0.7472
vn 0.6834 0 -0.73
vn 0.9492 0 -0.3148
vn 0.1101 0.5386 -0.8354
vn 0.1297 0.9106 -0.3925
vn 0.1297 -0.9106 -0.3925
vn 0.1101 -0.5386 -0.8354
vn 0.069 0 -0.9976
vn 0.9638 0 0.2666
vn 0.9909 0 0.1345
vn 0.5133 0.5456 0.6625
vn 0.3128 0.8792 0.3595
vn 0.3024 0.6338 0.7119
vn 0.5133 -0.5456 0.6625
vn 0.3024 -0.6338 0.7119
vn 0.3128 -0.8792 0.3595
vn 0.11 0 0.9939
vn 0.0073 -0.9999 -0.0107
vn 0.1552 -0.1905 0.9693
vn 0.2317 -0.4691 0.8522
vn 0.132 -0.0707 -0.9887
vn 0.0709 -0.1058 -0.9919
vn 1 0 -0
vn 0.132 0.0707 -0.9887
vn 0.3911 -0.1614 -0.9061
vn 0.3911 0.1614 -0.9061
vn 0.0073 0.9999 -0.0107
vn 0.2317 0.4691 0.8522
vn 0.1552 0.1905 0.9693
vn 0.0709 0.1058 -0.9919
vn 0.1148 0.9934 -0
vn 0.0706 -0.0533 0.9961
vn 0.0418 -0.0107 -0.9991
vn 0.1148 -0.9934 -0
vn 0.0706 0.0533 0.9961
vn 0.0418 0.0107 -0.9991
vn 0.069 0 0.9976
vn 0.0429 -0.1055 0.9935
vn 0.0163 0.0796 0.9967
vn 0.0182 -0.8029 -0.5958
vn 0.5941 -0.7085 0.381
vn 0.6363 -0.3943 0.663
vn 0.5099 -0.6252 0.5909
vn 0.1545 -0.9539 0.2571
vn 0.1223 -0.3484 0.9293
vn 0.0863 -0.1059 0.9906
vn 0.0653 0.0512 0.9966
vn 0.0574 -0.9174 -0.3939
vn 0.0866 -0.9962 0.0089
vn 0.0839 -0.7046 -0.7046
vn 0.0833 -0.6766 -0.7316
vn 0.0782 -0.913 -0.4005
vn 0.4696 -0.5754 0.6696
vn 0.2349 -0.8942 0.3811
vn 0.1762 -0.9394 0.2941
vn 0.0875 -0.0554 0.9946
vn 0.0943 0.0182 0.9954
vn 0.6363 0.663 0.3943
vn 0.5099 0.5909 0.6252
vn 0.5941 0.381 0.7085
vn 0.1044 0.9559 0.2745
vn 0.1606 0.2641 0.951
vn 0.9571 -0.2887 -0.024
vn 0.9743 -0.1591 -0.1591
vn 0.0759 -0.9947 -0.0693
vn 0.0871 -0.9959 -0.0231
vn 0.5019 -0.6722 0.5443
vn 0.2854 -0.3856 0.8774
vn 0.2302 -0.8168 0.529
vn 0.1718 -0.5291 -0.831
vn 0.1558 -0.3642 -0.9182
vn 0.0782 -0.4005 -0.913
vn 0.0543 0.3202 -0.9458
vn 0.1104 0.3913 -0.9136
vn 0.9571 -0.024 -0.2887
vn 0.086 0.56 -0.824
vn 0.1558 -0.9182 -0.3642
vn 0.1981 -0.7028 -0.6833
vn 0.9577 -0.0259 0.2865
vn 0.5019 0.5443 0.6722
vn 0.2854 0.8774 0.3856
vn 0.1899 0.5359 0.8226
vn 0.1361 -0.9896 0.047
vn 0.1754 -0.9532 0.2464
vn 0.0871 -0.0231 0.9959
vn 0.1915 -0.9666 0.1701
vn 0.1862 -0.9558 -0.2275
vn 0.1142 -0.992 -0.0541
vn 0.0557 0.0272 -0.9981
vn 0.0779 -0.1734 -0.9818
vn 0.0904 0.1659 -0.982
vn 0.4696 0.6696 0.5754
vn 0.1879 0.3682 0.9106
vn 0.1199 0.3021 0.9457
vn 0.0313 0.2263 -0.9735
vn 0.1317 0.1492 0.98
vn 0.1453 -0.1671 0.9752
vn 0.0729 -0.1793 0.9811
vn 0.0532 0.0242 0.9983
vn 0.0313 0.2263 0.9735
vn 0.1515 -0.1949 0.9691
vn 0.2287 -0.472 0.8514
vn 0.1272 -0.0766 -0.9889
vn 0.0636 -0.1144 -0.9914
vn 0.1272 0.0766 -0.9889
vn 0.2287 0.472 0.8514
vn 0.1515 0.1949 0.9691
vn 0.0636 0.1144 -0.9914
vn 0.0323 -0.0772 0.9965
vn 0.0215 -0.0515 0.9984
vn 0 -0.0259 -0.9997
vn 0 -0.0388 -0.9992
vn 0.0215 0.0515 0.9984
vn 0 0.0388 -0.9992
vn 0 0.0259 -0.9997
vn 0.0073 -0.0301 0.9995
vn 0.0048 -0.0201 0.9998
vn 0.0048 -0.0201 -0.9998
vn 0.0073 -0.0301 -0.9995
vn 0.0048 0.0201 0.9998
vn 0.0048 0.0201 -0.9998
vn 0.0073 0.0301 0.9995
vn 0.0073 0.0301 -0.9995
vn 0.0073 -0.0107 0.9999
vn 0.0073 -0.0107 -0.9999
vn 0.0418 0.0107 0.9991
vn 0.0345 0 0.9994
vn 0.0622 -0.0094 0.998
vn 0.0622 -0.0094 -0.998
vn 0.0395 0.0685 0.9969
vn 0.0395 0.0685 -0.9969
vn 0.0073 0.0107 0.9999
vn 0.0073 0.0107 -0.9999
vn -0.069 0 0.9976
vn -0.0345 0 0.9994

# faces
f 1/1/1 2/1/1 3/1/1
f 1/1/1 3/1/1 4/1/1
f 1/1/2 4/1/2 5/1/3
f 1/1/2 5/1/3 6/1/3
f 2/1/4 7/1/5 8/1/5
f 2/1/4 8/1/5 3/1/4
f 3/1/6 8/1/7 5/1/8
f 3/1/6 5/1/8 4/1/6
f 6/1/9 7/1/10 2/1/11
f 6/1/9 2/1/11 1/1/11
f 9/1/12 10/1/12 8/1/5
f 9/1/12 8/1/5 7/1/5
f 9/1/13 11/1/14 12/1/14
f 9/1/13 12/1/14 10/1/13
f 10/1/15 12/1/16 13/1/17
f 10/1/15 13/1/17 8/1/7
f 14/1/18 11/1/19 9/1/20
f 14/1/18 9/1/20 7/1/10
f 6/2/3 5/2/3 15/2/21
f 6/2/3 15/2/21 16/2/21
f 8/2/7 13/2/17 15/2/22
f 8/2/7 15/2/22 5/2/8
f 16/2/23 14/2/18 7/2/10
f 16/2/23 7/2/10 6/2/9
f 12/1/14 11/1/14 17/1/24
f 12/1/14 17/1/24 18/1/24
f 13/1/17 12/1/16 18/1/25
f 13/1/17 18/1/25 19/1/26
f 20/1/27 17/1/28 11/1/19
f 20/1/27 11/1/19 14/1/18
f 16/2/21 15/2/21 21/2/21
f 16/2/21 21/2/21 22/2/21
f 15/2/22 13/2/17 19/2/26
f 15/2/22 19/2/26 21/2/29
f 22/2/30 20/2/27 14/2/18
f 22/2/30 14/2/18 16/2/23
f 23/1/1 24/1/1 25/1/1
f 23/1/1 25/1/1 26/1/1
f 23/1/2 26/1/2 27/1/3
f 23/1/2 27/1/3 28/1/3
f 24/1/4 29/1/5 30/1/5
f 24/1/4 30/1/5 25/1/4
f 25/1/6 30/1/7 27/1/8
f 25/1/6 27/1/8 26/1/6
f 28/1/9 29/1/10 24/1/11
f 28/1/9 24/1/11 23/1/11
f 18/1/24 17/1/24 31/1/24
f 18/1/24 31/1/24 32/1/24
f 19/1/26 18/1/25 32/1/25
f 19/1/26 32/1/25 33/1/26
f 34/1/27 31/1/28 17/1/28
f 34/1/27 17/1/28 20/1/27
f 22/2/21 21/2/21 35/2/21
f 22/2/21 35/2/21 36/2/21
f 21/2/29 19/2/26 33/2/26
f 21/2/29 33/2/26 35/2/29
f 36/2/30 34/2/27 20/2/27
f 36/2/30 20/2/27 22/2/30
f 37/1/12 38/1/12 30/1/5
f 37/1/12 30/1/5 29/1/5
f 37/1/13 39/1/14 40/1/14
f 37/1/13 40/1/14 38/1/13
f 38/1/15 40/1/16 41/1/17
f 38/1/15 41/1/17 30/1/7
f 42/1/18 39/1/19 37/1/20
f 42/1/18 37/1/20 29/1/10
f 28/2/3 27/2/3 43/2/21
f 28/2/3 43/2/21 44/2/21
f 30/2/7 41/2/17 43/2/22
f 30/2/7 43/2/22 27/2/8
f 44/2/23 42/2/18 29/2/10
f 44/2/23 29/2/10 28/2/9
f 32/1/24 31/1/24 45/1/24
f 32/1/24 45/1/24 46/1/24
f 33/1/26 32/1/25 46/1/25
f 33/1/26 46/1/25 47/1/26
f 48/1/27 45/1/28 31/1/28
f 48/1/27 31/1/28 34/1/27
f 36/2/21 35/2/21 49/2/21
f 36/2/21 49/2/21 50/2/21
f 35/2/29 33/2/26 47/2/26
f 35/2/29 47/2/26 49/2/29
f 50/2/30 48/2/27 34/2/27
f 50/2/30 34/2/27 36/2/30
f 40/1/14 39/1/14 51/1/24
f 40/1/14 51/1/24 52/1/24
f 41/1/17 40/1/16 52/1/25
f 41/1/17 52/1/25 53/1/26
f 54/1/27 51/1/28 39/1/19
f 54/1/27 39/1/19 42/1/18
f 44/2/21 43/2/21 55/2/21
f 44/2/21 55/2/21 56/2/21
f 43/2/22 41/2/17 53/2/26
f 43/2/22 53/2/26 55/2/29
f 56/2/30 54/2/27 42/2/18
f 56/2/30 42/2/18 44/2/23
f 46/1/24 45/1/24 57/1/24
f 46/1/24 57/1/24 58/1/24
f 47/1/26 46/1/25 58/1/25
f 47/1/26 58/1/25 59/1/26
f 60/1/27 57/1/28 45/1/28
f 60/1/27 45/1/28 48/1/27
f 50/2/21 49/2/21 61/2/21
f 50/2/21 61/2/21 62/2/21
f 49/2/29 47/2/26 59/2/26
f 49/2/29 59/2/26 61/2/29
f 62/2/30 60/2/27 48/2/27
f 62/2/30 48/2/27 50/2/30
f 52/1/24 51/1/24 63/1/24
f 52/1/24 63/1/24 64/1/24
f 53/1/26 52/1/25 64/1/25
f 53/1/26 64/1/25 65/1/26
f 66/1/27 63/1/28 51/1/28
f 66/1/27 51/1/28 54/1/27
f 56/2/21 55/2/21 67/2/21
f 56/2/21 67/2/21 68/2/21
f 55/2/29 53/2/26 65/2/26
f 55/2/29 65/2/26 67/2/29
f 68/2/30 66/2/27 54/2/27
f 68/2/30 54/2/27 56/2/30
f 58/1/24 57/1/24 69/1/24
f 58/1/24 69/1/24 70/1/24
f 59/1/26 58/1/25 70/1/25
f 59/1/26 70/1/25 71/1/26
f 72/1/27 69/1/28 57/1/28
f 72/1/27 57/1/28 60/1/27
f 62/2/21 61/2/21 73/2/21
f 62/2/21 73/2/21 74/2/21
f 61/2/29 59/2/26 71/2/26
f 61/2/29 71/2/26 73/2/29
f 74/2/30 72/2/27 60/2/27
f 74/2/30 60/2/27 62/2/30
f 64/1/24 63/1/24 75/1/24
f 64/1/24 75/1/24 76/1/24
f 65/1/26 64/1/25 76/1/25
f 65/1/26 76/1/25 77/1/26
f 78/1/27 75/1/28 63/1/28
f 78/1/27 63/1/28 66/1/27
f 68/2/21 67/2/21 79/2/21
f 68/2/21 79/2/21 80/2/21
f 67/2/29 65/2/26 77/2/26
f 67/2/29 77/2/26 79/2/29
f 80/2/30 78/2/27 66/2/27
f 80/2/30 66/2/27 68/2/30
f 70/1/24 69/1/24 81/1/24
f 70/1/24 81/1/24 82/1/24
f 71/1/26 70/1/25 82/1/25
f 71/1/26 82/1/25 83/1/26
f 84/1/27 81/1/28 69/1/28
f 84/1/27 69/1/28 72/1/27
f 74/2/21 73/2/21 85/2/21
f 74/2/21 85/2/21 86/2/21
f 73/2/29 71/2/26 83/2/26
f 73/2/29 83/2/26 85/2/29
f 86/2/30 84/2/27 72/2/27
f 86/2/30 72/2/27 74/2/30
f 76/1/24 75/1/24 87/1/24
f 76/1/24 87/1/24 88/1/24
f 77/1/26 76/1/25 88/1/25
f 77/1/26 88/1/25 89/1/26
f 90/1/27 87/1/28 75/1/28
f 90/1/27 75/1/28 78/1/27
f 80/2/21 79/2/21 91/2/21
f 80/2/21 91/2/21 92/2/21
f 79/2/29 77/2/26 89/2/26
f 79/2/29 89/2/26 91/2/29
f 92/2/30 90/2/27 78/2/27
f 92/2/30 78/2/27 80/2/30
f 82/1/24 81/1/24 93/1/24
f 82/1/24 93/1/24 94/1/24
f 83/1/26 82/1/25 94/1/25
f 83/1/26 94/1/25 95/1/26
f 96/1/27 93/1/28 81/1/28
f 96/1/27 81/1/28 84/1/27
f 86/2/21 85/2/21 97/2/21
f 86/2/21 97/2/21 98/2/21
f 85/2/29 83/2/26 95/2/26
f 85/2/29 95/2/26 97/2/29
f 98/2/30 96/2/27 84/2/27
f 98/2/30 84/2/27 86/2/30
f 88/1/24 87/1/24 99/1/24
f 88/1/24 99/1/24 100/1/24
f 89/1/26 88/1/25 100/1/25
f 89/1/26 100/1/25 101/1/26
f 102/1/27 99/1/28 87/1/28
f 102/1/27 87/1/28 90/1/27
f 92/2/21 91/2/21 103/2/21
f 92/2/21 103/2/21 104/2/21
f 91/2/29 89/2/26 101/2/26
f 91/2/29 101/2/26 103/2/29
f 104/2/30 102/2/27 90/2/27
f 104/2/30 90/2/27 92/2/30
f 105/1/1 106/1/1 107/1/1
f 105/1/1 107/1/1 108/1/1
f 105/1/2 108/1/2 109/1/3
f 105/1/2 109/1/3 110/1/3
f 106/1/4 111/1/5 112/1/5
f 106/1/4 112/1/5 107/1/4
f 107/1/6 112/1/7 109/1/8
f 107/1/6 109/1/8 108/1/6
f 110/1/9 111/1/10 106/1/11
f 110/1/9 106/1/11 105/1/11
f 94/1/24 93/1/24 113/1/24
f 94/1/24 113/1/24 114/1/24
f 95/1/26 94/1/25 114/1/25
f 95/1/26 114/1/25 115/1/26
f 116/1/27 113/1/28 93/1/28
f 116/1/27 93/1/28 96/1/27
f 98/2/21 97/2/21 117/2/21
f 98/2/21 117/2/21 118/2/21
f 97/2/29 95/2/26 115/2/26
f 97/2/29 115/2/26 117/2/29
f 118/2/30 116/2/27 96/2/27
f 118/2/30 96/2/27 98/2/30
f 100/1/24 99/1/24 119/1/24
f 100/1/24 119/1/24 120/1/24
f 101/1/26 100/1/25 120/1/25
f 101/1/26 120/1/25 121/1/26
f 122/1/27 119/1/28 99/1/28
f 122/1/27 99/1/28 102/1/27
f 104/2/21 103/2/21 123/2/21
f 104/2/21 123/2/21 124/2/21
f 103/2/29 101/2/26 121/2/26
f 103/2/29 121/2/26 123/2/29
f 124/2/30 122/2/27 102/2/27
f 124/2/30 102/2/27 104/2/30
f 125/1/12 126/1/12 112/1/5
f 125/1/12 112/1/5 111/1/5
f 125/1/13 127/1/14 128/1/14
f 125/1/13 128/1/14 126/1/13
f 126/1/15 128/1/16 129/1/17
f 126/1/15 129/1/17 112/1/7
f 130/1/18 127/1/19 125/1/20
f 130/1/18 125/1/20 111/1/10
f 110/2/3 109/2/3 131/2/21
f 110/2/3 131/2/21 132/2/21
f 112/2/7 129/2/17 131/2/22
f 112/2/7 131/2/22 109/2/8
f 132/2/23 130/2/18 111/2/10
f 132/2/23 111/2/10 110/2/9
f 114/1/24 113/1/24 133/1/24
f 114/1/24 133/1/24 134/1/24
f 115/1/26 114/1/25 134/1/25
f 115/1/26 134/1/25 135/1/26
f 136/1/27 133/1/28 113/1/28
f 136/1/27 113/1/28 116/1/27
f 118/2/21 117/2/21 137/2/21
f 118/2/21 137/2/21 138/2/21
f 117/2/29 115/2/26 135/2/26
f 117/2/29 135/2/26 137/2/29
f 138/2/30 136/2/27 116/2/27
f 138/2/30 116/2/27 118/2/30
f 120/1/24 119/1/24 139/1/24
f 120/1/24 139/1/24 140/1/24
f 121/1/26 120/1/25 140/1/25
f 121/1/26 140/1/25 141/1/26
f 142/1/27 139/1/28 119/1/28
f 142/1/27 119/1/28 122/1/27
f 124/2/21 123/2/21 143/2/21
f 124/2/21 143/2/21 144/2/21
f 123/2/29 121/2/26 141/2/26
f 123/2/29 141/2/26 143/2/29
f 144/2/30 142/2/27 122/2/27
f 144/2/30 122/2/27 124/2/30
f 128/1/14 127/1/14 145/1/24
f 128/1/14 145/1/24 146/1/24
f 129/1/17 128/1/16 146/1/25
f 129/1/17 146/1/25 147/1/26
f 148/1/27 145/1/28 127/1/19
f 148/1/27 127/1/19 130/1/18
f 132/2/21 131/2/21 149/2/21
f 132/2/21 149/2/21 150/2/21
f 131/2/22 129/2/17 147/2/26
f 131/2/22 147/2/26 149/2/29
f 150/2/30 148/2/27 130/2/18
f 150/2/30 130/2/18 132/2/23
f 134/1/24 133/1/24 151/1/24
f 134/1/24 151/1/24 152/1/24
f 135/1/26 134/1/25 152/1/25
f 135/1/26 152/1/25 153/1/26
f 154/1/27 151/1/28 133/1/28
f 154/1/27 133/1/28 136/1/27
f 138/2/21 137/2/21 155/2/21
f 138/2/21 155/2/21 156/2/21
f 137/2/29 135/2/26 153/2/26
f 137/2/29 153/2/26 155/2/29
f 156/2/30 154/2/27 136/2/27
f 156/2/30 136/2/27 138/2/30
f 140/1/24 139/1/24 157/1/24
f 140/1/24 157/1/24 158/1/24
f 141/1/26 140/1/25 158/1/25
f 141/1/26 158/1/25 159/1/26
f 160/1/27 157/1/28 139/1/28
f 160/1/27 139/1/28 142/1/27
f 144/2/21 143/2/21 161/2/21
f 144/2/21 161/2/21 162/2/21
f 143/2/29 141/2/26 159/2/26
f 143/2/29 159/2/26 161/2/29
f 162/2/30 160/2/27 142/2/27
f 162/2/30 142/2/27 144/2/30
f 146/1/24 145/1/24 163/1/24
f 146/1/24 163/1/24 164/1/24
f 147/1/26 146/1/25 164/1/25
f 147/1/26 164/1/25 165/1/26
f 166/1/27 163/1/28 145/1/28
f 166/1/27 145/1/28 148/1/27
f 150/2/21 149/2/21 167/2/21
f 150/2/21 167/2/21 168/2/21
f 149/2/29 147/2/26 165/2/26
f 149/2/29 165/2/26 167/2/29
f 168/2/30 166/2/27 148/2/27
f 168/2/30 148/2/27 150/2/30
f 152/1/24 151/1/24 169/1/24
f 152/1/24 169/1/24 170/1/24
f 153/1/26 152/1/25 170/1/25
f 153/1/26 170/1/25 171/1/26
f 172/1/27 169/1/28 151/1/28
f 172/1/27 151/1/28 154/1/27
f 156/2/21 155/2/21 173/2/21
f 156/2/21 173/2/21 174/2/21
f 155/2/29 153/2/26 171/2/26
f 155/2/29 171/2/26 173/2/29
f 174/2/30 172/2/27 154/2/27
f 174/2/30 154/2/27 156/2/30
f 158/1/24 157/1/24 175/1/24
f 158/1/24 175/1/24 176/1/24
f 159/1/26 158/1/25 176/1/25
f 159/1/26 176/1/25 177/1/26
f 178/1/27 175/1/28 157/1/28
f 178/1/27 157/1/28 160/1/27
f 162/2/21 161/2/21 179/2/21
f 162/2/21 179/2/21 180/2/21
f 161/2/29 159/2/26 177/2/26
f 161/2/29 177/2/26 179/2/29
f 180/2/30 178/2/27 160/2/27
f 180/2/30 160/2/27 162/2/30
f 164/1/24 163/1/24 181/1/24
f 164/1/24 181/1/24 182/1/24
f 165/1/26 164/1/25 182/1/25
f 165/1/26 182/1/25 183/1/26
f 184/1/27 181/1/28 163/1/28
f 184/1/27 163/1/28 166/1/27
f 168/2/21 167/2/21 185/2/21
f 168/2/21 185/2/21 186/2/21
f 167/2/29 165/2/26 183/2/26
f 167/2/29 183/2/26 185/2/29
f 186/2/30 184/2/27 166/2/27
f 186/2/30 166/2/27 168/2/30
f 170/1/24 169/1/24 187/1/24
f 170/1/24 187/1/24 188/1/24
f 171/1/26 170/1/25 188/1/25
f 171/1/26 188/1/25 189/1/26
f 190/1/27 187/1/28 169/1/28
f 190/1/27 169/1/28 172/1/27
f 174/2/21 173/2/21 191/2/21
f 174/2/21 191/2/21 192/2/21
f 173/2/29 171/2/26 189/2/26
f 173/2/29 189/2/26 191/2/29
f 192/2/30 190/2/27 172/2/27
f 192/2/30 172/2/27 174/2/30
f 176/1/24 175/1/24 193/1/24
f 176/1/24 193/1/24 194/1/24
f 177/1/26 176/1/25 194/1/25
f 177/1/26 194/1/25 195/1/26
f 196/1/27 193/1/28 175/1/28
f 196/1/27 175/1/28 178/1/27
f 180/2/21 179/2/21 197/2/21
f 180/2/21 197/2/21 198/2/21
f 179/2/29 177/2/26 195/2/26
f 179/2/29 195/2/26 197/2/29
f 198/2/30 196/2/27 178/2/27
f 198/2/30 178/2/27 180/2/30
f 182/1/24 181/1/24 199/1/24
f 182/1/24 199/1/24 200/1/24
f 183/1/26 182/1/25 200/1/25
f 183/1/26 200/1/25 201/1/26
f 202/1/27 199/1/28 181/1/28
f 202/1/27 181/1/28 184/1/27
f 186/2/21 185/2/21 203/2/21
f 186/2/21 203/2/21 204/2/21
f 185/2/29 183/2/26 201/2/26
f 185/2/29 201/2/26 203/2/29
f 204/2/30 202/2/27 184/2/27
f 204/2/30 184/2/27 186/2/30
f 188/1/24 187/1/24 205/1/24
f 188/1/24 205/1/24 206/1/24
f 189/1/26 188/1/25 206/1/25
f 189/1/26 206/1/25 207/1/26
f 208/1/27 205/1/28 187/1/28
f 208/1/27 187/1/28 190/1/27
f 192/2/21 191/2/21 209/2/21
f 192/2/21 209/2/21 210/2/21
f 191/2/29 189/2/26 207/2/26
f 191/2/29 207/2/26 209/2/29
f 210/2/30 208/2/27 190/2/27
f 210/2/30 190/2/27 192/2/30
f 194/1/24 193/1/24 211/1/24
f 194/1/24 211/1/24 212/1/24
f 195/1/26 194/1/25 212/1/25
f 195/1/26 212/1/25 213/1/26
f 214/1/27 211/1/28 193/1/28
f 214/1/27 193/1/28 196/1/27
f 198/2/21 197/2/21 215/2/21
f 198/2/21 215/2/21 216/2/21
f 197/2/29 195/2/26 213/2/26
f 197/2/29 213/2/26 215/2/29
f 216/2/30 214/2/27 196/2/27
f 216/2/30 196/2/27 198/2/30
f 200/1/24 199/1/24 217/1/24
f 200/1/24 217/1/24 218/1/24
f 201/1/26 200/1/25 218/1/25
f 201/1/26 218/1/25 219/1/26
f 220/1/27 217/1/28 199/1/28
f 220/1/27 199/1/28 202/1/27
f 204/2/21 203/2/21 221/2/21
f 204/2/21 221/2/21 222/2/21
f 203/2/29 201/2/26 219/2/26
f 203/2/29 219/2/26 221/2/29
f 222/2/30 220/2/27 202/2/27
f 222/2/30 202/2/27 204/2/30
f 206/1/24 205/1/24 223/1/24
f 206/1/24 223/1/24 224/1/24
f 207/1/26 206/1/25 224/1/25
f 207/1/26 224/1/25 225/1/26
f 226/1/27 223/1/28 205/1/28
f 226/1/27 205/1/28 208/1/27
f 210/2/21 209/2/21 227/2/21
f 210/2/21 227/2/21 228/2/21
f 209/2/29 207/2/26 225/2/26
f 209/2/29 225/2/26 227/2/29
f 228/2/30 226/2/27 208/2/27
f 228/2/30 208/2/27 210/2/30
f 212/1/24 211/1/24 229/1/24
f 212/1/24 229/1/24 230/1/24
f 213/1/26 212/1/25 230/1/25
f 213/1/26 230/1/25 231/1/26
f 232/1/27 229/1/28 211/1/28
f 232/1/27 211/1/28 214/1/27
f 216/2/21 215/2/21 233/2/21
f 216/2/21 233/2/21 234/2/21
f 215/2/29 213/2/26 231/2/26
f 215/2/29 231/2/26 233/2/29
f 234/2/30 232/2/27 214/2/27
f 234/2/30 214/2/27 216/2/30
f 218/1/24 217/1/24 235/1/24
f 218/1/24 235/1/24 236/1/24
f 219/1/26 218/1/25 236/1/25
f 219/1/26 236/1/25 237/1/26
f 238/1/27 235/1/28 217/1/28
f 238/1/27 217/1/28 220/1/27
f 222/2/21 221/2/21 239/2/21
f 222/2/21 239/2/21 240/2/21
f 221/2/29 219/2/26 237/2/26
f 221/2/29 237/2/26 239/2/29
f 240/2/30 238/2/27 220/2/27
f 240/2/30 220/2/27 222/2/30
f 224/1/24 223/1/24 241/1/24
f 224/1/24 241/1/24 242/1/24
f 225/1/26 224/1/25 242/1/25
f 225/1/26 242/1/25 243/1/26
f 244/1/27 241/1/28 223/1/28
f 244/1/27 223/1/28 226/1/27
f 228/2/21 227/2/21 245/2/21
f 228/2/21 245/2/21 246/2/21
f 227/2/29 225/2/26 243/2/26
f 227/2/29 243/2/26 245/2/29
f 246/2/30 244/2/27 226/2/27
f 246/2/30 226/2/27 228/2/30
f 230/1/24 229/1/24 247/1/24
f 230/1/24 247/1/24 248/1/24
f 231/1/26 230/1/25 248/1/25
f 231/1/26 248/1/25 249/1/26
f 250/1/27 247/1/28 229/1/28
f 250/1/27 229/1/28 232/1/27
f 234/2/21 233/2/21 251/2/21
f 234/2/21 251/2/21 252/2/21
f 233/2/29 231/2/26 249/2/26
f 233/2/29 249/2/26 251/2/29
f 252/2/30 250/2/27 232/2/27
f 252/2/30 232/2/27 234/2/30
f 236/1/24 235/1/24 253/1/24
f 236/1/24 253/1/24 254/1/24
f 237/1/26 236/1/25 254/1/25
f 237/1/26 254/1/25 255/1/26
f 256/1/27 253/1/28 235/1/28
f 256/1/27 235/1/28 238/1/27
f 240/2/21 239/2/21 257/2/21
f 240/2/21 257/2/21 258/2/21
f 239/2/29 237/2/26 255/2/26
f 239/2/29 255/2/26 257/2/29
f 258/2/30 256/2/27 238/2/27
f 258/2/30 238/2/27 240/2/30
f 242/1/24 241/1/24 259/1/24
f 242/1/24 259/1/24 260/1/24
f 243/1/26 242/1/25 260/1/25
f 243/1/26 260/1/25 261/1/26
f 262/1/27 259/1/28 241/1/28
f 262/1/27 241/1/28 244/1/27
f 246/2/21 245/2/21 263/2/21
f 246/2/21 263/2/21 264/2/21
f 245/2/29 243/2/26 261/2/26
f 245/2/29 261/2/26 263/2/29
f 264/2/30 262/2/27 244/2/27
f 264/2/30 244/2/27 246/2/30
f 248/1/24 247/1/24 265/1/24
f 248/1/24 265/1/24 266/1/24
f 249/1/26 248/1/25 266/1/25
f 249/1/26 266/1/25 267/1/26
f 268/1/27 265/1/28 247/1/28
f 268/1/27 247/1/28 250/1/27
f 252/2/21 251/2/21 269/2/21
f 252/2/21 269/2/21 270/2/21
f 251/2/29 249/2/26 267/2/26
f 251/2/29 267/2/26 269/2/29
f 270/2/30 268/2/27 250/2/27
f 270/2/30 250/2/27 252/2/30
f 254/1/24 253/1/24 271/1/24
f 254/1/24 271/1/24 272/1/24
f 255/1/26 254/1/25 272/1/25
f 255/1/26 272/1/25 273/1/26
f 274/1/27 271/1/28 253/1/28
f 274/1/27 253/1/28 256/1/27
f 258/2/21 257/2/21 275/2/21
f 258/2/21 275/2/21 276/2/21
f 257/2/29 255/2/26 273/2/26
f 257/2/29 273/2/26 275/2/29
f 276/2/30 274/2/27 256/2/27
f 276/2/30 256/2/27 258/2/30
f 260/1/24 259/1/24 277/1/31
f 260/1/24 277/1/31 278/1/31
f 261/1/26 260/1/25 278/1/32
f 261/1/26 278/1/32 279/1/33
f 280/1/34 277/1/35 259/1/28
f 280/1/34 259/1/28 262/1/27
f 264/2/21 263/2/21 281/2/36
f 264/2/21 281/2/36 282/2/36
f 263/2/29 261/2/26 279/2/33
f 263/2/29 279/2/33 281/2/37
f 282/2/38 280/2/34 262/2/27
f 282/2/38 262/2/27 264/2/30
f 266/1/24 265/1/24 283/1/24
f 266/1/24 283/1/24 284/1/24
f 267/1/26 266/1/25 284/1/25
f 267/1/26 284/1/25 285/1/26
f 286/1/27 283/1/28 265/1/28
f 286/1/27 265/1/28 268/1/27
f 270/2/21 269/2/21 287/2/21
f 270/2/21 287/2/21 288/2/21
f 269/2/29 267/2/26 285/2/26
f 269/2/29 285/2/26 287/2/29
f 288/2/30 286/2/27 268/2/27
f 288/2/30 268/2/27 270/2/30
f 272/1/24 271/1/24 289/1/24
f 272/1/24 289/1/24 290/1/24
f 273/1/26 272/1/25 290/1/25
f 273/1/26 290/1/25 291/1/26
f 292/1/27 289/1/28 271/1/28
f 292/1/27 271/1/28 274/1/27
f 276/2/21 275/2/21 293/2/21
f 276/2/21 293/2/21 294/2/21
f 275/2/29 273/2/26 291/2/26
f 275/2/29 291/2/26 293/2/29
f 294/2/30 292/2/27 274/2/27
f 294/2/30 274/2/27 276/2/30
f 277/1/31 295/1/39 296/1/39
f 277/1/31 296/1/39 278/1/31
f 278/1/32 296/1/40 297/1/41
f 278/1/32 297/1/41 279/1/33
f 298/1/42 295/1/43 277/1/35
f 298/1/42 277/1/35 280/1/34
f 297/2/44 298/2/44 300/2/44
f 297/2/44 300/2/44 299/2/44
f 281/2/36 299/2/45 300/2/45
f 281/2/36 300/2/45 282/2/36
f 279/2/33 297/2/41 299/2/46
f 279/2/33 299/2/46 281/2/37
f 300/2/47 298/2/42 280/2/34
f 300/2/47 280/2/34 282/2/38
f 284/1/24 283/1/24 301/1/24
f 284/1/24 301/1/24 302/1/24
f 285/1/26 284/1/25 302/1/25
f 285/1/26 302/1/25 303/1/26
f 304/1/27 301/1/28 283/1/28
f 304/1/27 283/1/28 286/1/27
f 288/2/21 287/2/21 305/2/21
f 288/2/21 305/2/21 306/2/21
f 287/2/29 285/2/26 303/2/26
f 287/2/29 303/2/26 305/2/29
f 306/2/30 304/2/27 286/2/27
f 306/2/30 286/2/27 288/2/30
f 290/1/24 289/1/24 307/1/24
f 290/1/24 307/1/24 308/1/24
f 291/1/26 290/1/25 308/1/25
f 291/1/26 308/1/25 309/1/26
f 310/1/27 307/1/28 289/1/28
f 310/1/27 289/1/28 292/1/27
f 294/2/21 293/2/21 311/2/21
f 294/2/21 311/2/21 312/2/21
f 293/2/29 291/2/26 309/2/26
f 293/2/29 309/2/26 311/2/29
f 312/2/30 310/2/27 292/2/27
f 312/2/30 292/2/27 294/2/30
f 313/1/12 314/1/12 296/1/12
f 313/1/12 296/1/12 295/1/12
f 313/1/13 315/1/14 316/1/14
f 313/1/13 316/1/14 314/1/13
f 314/1/15 316/1/16 317/1/48
f 314/1/15 317/1/48 296/1/40
f 318/1/49 315/1/19 313/1/20
f 318/1/49 313/1/20 295/1/43
f 297/2/50 319/2/51 320/2/51
f 297/2/50 320/2/51 298/2/50
f 296/2/40 317/2/48 319/2/52
f 296/2/40 319/2/52 297/2/41
f 320/2/53 318/2/49 295/2/43
f 320/2/53 295/2/43 298/2/42
f 302/1/24 301/1/24 321/1/24
f 302/1/24 321/1/24 322/1/24
f 303/1/26 302/1/25 322/1/25
f 303/1/26 322/1/25 323/1/26
f 324/1/27 321/1/28 301/1/28
f 324/1/27 301/1/28 304/1/27
f 306/2/21 305/2/21 325/2/21
f 306/2/21 325/2/21 326/2/21
f 305/2/29 303/2/26 323/2/26
f 305/2/29 323/2/26 325/2/29
f 326/2/30 324/2/27 304/2/27
f 326/2/30 304/2/27 306/2/30
f 308/1/24 307/1/24 327/1/24
f 308/1/24 327/1/24 328/1/24
f 309/1/26 308/1/25 328/1/25
f 309/1/26 328/1/25 329/1/26
f 330/1/27 327/1/28 307/1/28
f 330/1/27 307/1/28 310/1/27
f 312/2/21 311/2/21 331/2/21
f 312/2/21 331/2/21 332/2/21
f 311/2/29 309/2/26 329/2/26
f 311/2/29 329/2/26 331/2/29
f 332/2/30 330/2/27 310/2/27
f 332/2/30 310/2/27 312/2/30
f 316/1/14 315/1/14 333/1/24
f 316/1/14 333/1/24 334/1/24
f 317/1/48 316/1/16 334/1/25
f 317/1/48 334/1/25 335/1/26
f 336/1/27 333/1/28 315/1/19
f 336/1/27 315/1/19 318/1/49
f 320/2/51 319/2/51 337/2/21
f 320/2/51 337/2/21 338/2/21
f 319/2/52 317/2/48 335/2/26
f 319/2/52 335/2/26 337/2/29
f 338/2/30 336/2/27 318/2/49
f 338/2/30 318/2/49 320/2/53
f 322/1/24 321/1/24 339/1/24
f 322/1/24 339/1/24 340/1/24
f 323/1/26 322/1/25 340/1/25
f 323/1/26 340/1/25 341/1/26
f 342/1/27 339/1/28 321/1/28
f 342/1/27 321/1/28 324/1/27
f 326/2/21 325/2/21 343/2/21
f 326/2/21 343/2/21 344/2/21
f 325/2/29 323/2/26 341/2/26
f 325/2/29 341/2/26 343/2/29
f 344/2/30 342/2/27 324/2/27
f 344/2/30 324/2/27 326/2/30
f 328/1/24 327/1/24 345/1/24
f 328/1/24 345/1/24 346/1/24
f 329/1/26 328/1/25 346/1/25
f 329/1/26 346/1/25 347/1/26
f 348/1/27 345/1/28 327/1/28
f 348/1/27 327/1/28 330/1/27
f 332/2/21 331/2/21 349/2/21
f 332/2/21 349/2/21 350/2/21
f 331/2/29 329/2/26 347/2/26
f 331/2/29 347/2/26 349/2/29
f 350/2/30 348/2/27 330/2/27
f 350/2/30 330/2/27 332/2/30
f 334/1/24 333/1/24 351/1/24
f 334/1/24 351/1/24 352/1/24
f 335/1/26 334/1/25 352/1/25
f 335/1/26 352/1/25 353/1/26
f 354/1/27 351/1/28 333/1/28
f 354/1/27 333/1/28 336/1/27
f 338/2/21 337/2/21 355/2/21
f 338/2/21 355/2/21 356/2/21
f 337/2/29 335/2/26 353/2/26
f 337/2/29 353/2/26 355/2/29
f 356/2/30 354/2/27 336/2/27
f 356/2/30 336/2/27 338/2/30
f 340/1/24 339/1/24 357/1/24
f 340/1/24 357/1/24 358/1/24
f 341/1/26 340/1/25 358/1/25
f 341/1/26 358/1/25 359/1/26
f 360/1/27 357/1/28 339/1/28
f 360/1/27 339/1/28 342/1/27
f 344/2/21 343/2/21 361/2/21
f 344/2/21 361/2/21 362/2/21
f 343/2/29 341/2/26 359/2/26
f 343/2/29 359/2/26 361/2/29
f 362/2/30 360/2/27 342/2/27
f 362/2/30 342/2/27 344/2/30
f 346/1/24 345/1/24 363/1/24
f 346/1/24 363/1/24 364/1/24
f 347/1/26 346/1/25 364/1/25
f 347/1/26 364/1/25 365/1/26
f 366/1/27 363/1/28 345/1/28
f 366/1/27 345/1/28 348/1/27
f 350/2/21 349/2/21 367/2/21
f 350/2/21 367/2/21 368/2/21
f 349/2/29 347/2/26 365/2/26
f 349/2/29 365/2/26 367/2/29
f 368/2/30 366/2/27 348/2/27
f 368/2/30 348/2/27 350/2/30
f 352/1/24 351/1/24 369/1/24
f 352/1/24 369/1/24 370/1/24
f 353/1/26 352/1/25 370/1/25
f 353/1/26 370/1/25 371/1/26
f 372/1/27 369/1/28 351/1/28
f 372/1/27 351/1/28 354/1/27
f 356/2/21 355/2/21 373/2/21
f 356/2/21 373/2/21 374/2/21
f 355/2/29 353/2/26 371/2/26
f 355/2/29 371/2/26 373/2/29
f 374/2/30 372/2/27 354/2/27
f 374/2/30 354/2/27 356/2/30
f 358/1/24 357/1/24 375/1/24
f 358/1/24 375/1/24 376/1/24
f 359/1/26 358/1/25 376/1/25
f 359/1/26 376/1/25 377/1/26
f 378/1/27 375/1/28 357/1/28
f 378/1/27 357/1/28 360/1/27
f 362/2/21 361/2/21 379/2/21
f 362/2/21 379/2/21 380/2/21
f 361/2/29 359/2/26 377/2/26
f 361/2/29 377/2/26 379/2/29
f 380/2/30 378/2/27 360/2/27
f 380/2/30 360/2/27 362/2/30
f 364/1/24 363/1/24 381/1/24
f 364/1/24 381/1/24 382/1/24
f 365/1/26 364/1/25 382/1/25
f 365/1/26 382/1/25 383/1/26
f 384/1/27 381/1/28 363/1/28
f 384/1/27 363/1/28 366/1/27
f 368/2/21 367/2/21 385/2/21
f 368/2/21 385/2/21 386/2/21
f 367/2/29 365/2/26 383/2/26
f 367/2/29 383/2/26 385/2/29
f 386/2/30 384/2/27 366/2/27
f 386/2/30 366/2/27 368/2/30
f 370/1/24 369/1/24 387/1/24
f 370/1/24 387/1/24 388/1/24
f 371/1/26 370/1/25 388/1/25
f 371/1/26 388/1/25 389/1/26
f 390/1/27 387/1/28 369/1/28
f 390/1/27 369/1/28 372/1/27
f 374/2/21 373/2/21 391/2/21
f 374/2/21 391/2/21 392/2/21
f 373/2/29 371/2/26 389/2/26
f 373/2/29 389/2/26 391/2/29
f 392/2/30 390/2/27 372/2/27
f 392/2/30 372/2/27 374/2/30
f 376/1/24 375/1/24 393/1/24
f 376/1/24 393/1/24 394/1/24
f 377/1/26 376/1/25 394/1/25
f 377/1/26 394/1/25 395/1/26
f 396/1/27 393/1/28 375/1/28
f 396/1/27 375/1/28 378/1/27
f 380/2/21 379/2/21 397/2/21
f 380/2/21 397/2/21 398/2/21
f 379/2/29 377/2/26 395/2/26
f 379/2/29 395/2/26 397/2/29
f 398/2/30 396/2/27 378/2/27
f 398/2/30 378/2/27 380/2/30
f 382/1/24 381/1/24 399/1/24
f 382/1/24 399/1/24 400/1/24
f 383/1/26 382/1/25 400/1/25
f 383/1/26 400/1/25 401/1/26
f 402/1/27 399/1/28 381/1/28
f 402/1/27 381/1/28 384/1/27
f 386/2/21 385/2/21 403/2/21
f 386/2/21 403/2/21 404/2/21
f 385/2/29 383/2/26 401/2/26
f 385/2/29 401/2/26 403/2/29
f 404/2/30 402/2/27 384/2/27
f 404/2/30 384/2/27 386/2/30
f 388/1/24 387/1/24 405/1/24
f 388/1/24 405/1/24 406/1/24
f 389/1/26 388/1/25 406/1/25
f 389/1/26 406/1/25 407/1/26
f 408/1/27 405/1/28 387/1/28
f 408/1/27 387/1/28 390/1/27
f 392/2/21 391/2/21 409/2/21
f 392/2/21 409/2/21 410/2/21
f 391/2/29 389/2/26 407/2/26
f 391/2/29 407/2/26 409/2/29
f 410/2/30 408/2/27 390/2/27
f 410/2/30 390/2/27 392/2/30
f 394/1/24 393/1/24 411/1/24
f 394/1/24 411/1/24 412/1/24
f 395/1/26 394/1/25 412/1/25
f 395/1/26 412/1/25 413/1/26
f 414/1/27 411/1/28 393/1/28
f 414/1/27 393/1/28 396/1/27
f 398/2/21 397/2/21 415/2/21
f 398/2/21 415/2/21 416/2/21
f 397/2/29 395/2/26 413/2/26
f 397/2/29 413/2/26 415/2/29
f 416/2/30 414/2/27 396/2/27
f 416/2/30 396/2/27 398/2/30
f 400/1/24 399/1/24 417/1/24
f 400/1/24 417/1/24 418/1/24
f 401/1/26 400/1/25 418/1/25
f 401/1/26 418/1/25 419/1/26
f 420/1/27 417/1/28 399/1/28
f 420/1/27 399/1/28 402/1/27
f 404/2/21 403/2/21 421/2/21
f 404/2/21 421/2/21 422/2/21
f 403/2/29 401/2/26 419/2/26
f 403/2/29 419/2/26 421/2/29
f 422/2/30 420/2/27 402/2/27
f 422/2/30 402/2/27 404/2/30
f 406/1/24 405/1/24 423/1/24
f 406/1/24 423/1/24 424/1/24
f 407/1/26 406/1/25 424/1/25
f 407/1/26 424/1/25 425/1/26
f 426/1/27 423/1/28 405/1/28
f 426/1/27 405/1/28 408/1/27
f 410/2/21 409/2/21 427/2/21
f 410/2/21 427/2/21 428/2/21
f 409/2/29 407/2/26 425/2/26
f 409/2/29 425/2/26 427/2/29
f 428/2/30 426/2/27 408/2/27
f 428/2/30 408/2/27 410/2/30
f 412/1/24 411/1/24 429/1/24
f 412/1/24 429/1/24 430/1/24
f 413/1/26 412/1/25 430/1/25
f 413/1/26 430/1/25 431/1/26
f 432/1/27 429/1/28 411/1/28
f 432/1/27 411/1/28 414/1/27
f 416/2/21 415/2/21 433/2/21
f 416/2/21 433/2/21 434/2/21
f 415/2/29 413/2/26 431/2/26
f 415/2/29 431/2/26 433/2/29
f 434/2/30 432/2/27 414/2/27
f 434/2/30 414/2/27 416/2/30
f 418/1/24 417/1/24 435/1/54
f 418/1/24 435/1/54 436/1/54
f 419/1/26 418/1/25 436/1/55
f 419/1/26 436/1/55 437/1/56
f 438/1/57 435/1/58 417/1/28
f 438/1/57 417/1/28 420/1/27
f 422/2/21 421/2/21 439/2/59
f 422/2/21 439/2/59 440/2/59
f 421/2/29 419/2/26 437/2/56
f 421/2/29 437/2/56 439/2/60
f 440/2/61 438/2/57 420/2/27
f 440/2/61 420/2/27 422/2/30
f 424/1/24 423/1/24 441/1/24
f 424/1/24 441/1/24 442/1/24
f 425/1/26 424/1/25 442/1/25
f 425/1/26 442/1/25 443/1/26
f 444/1/27 441/1/28 423/1/28
f 444/1/27 423/1/28 426/1/27
f 428/2/21 427/2/21 445/2/21
f 428/2/21 445/2/21 446/2/21
f 427/2/29 425/2/26 443/2/26
f 427/2/29 443/2/26 445/2/29
f 446/2/30 444/2/27 426/2/27
f 446/2/30 426/2/27 428/2/30
f 430/1/24 429/1/24 447/1/24
f 430/1/24 447/1/24 448/1/24
f 431/1/26 430/1/25 448/1/25
f 431/1/26 448/1/25 449/1/26
f 450/1/27 447/1/28 429/1/28
f 450/1/27 429/1/28 432/1/27
f 434/2/21 433/2/21 451/2/21
f 434/2/21 451/2/21 452/2/21
f 433/2/29 431/2/26 449/2/26
f 433/2/29 449/2/26 451/2/29
f 452/2/30 450/2/27 432/2/27
f 452/2/30 432/2/27 434/2/30
f 453/1/62 454/1/62 455/1/62
f 453/1/62 455/1/62 456/1/62
f 436/1/54 435/1/54 455/1/63
f 436/1/54 455/1/63 454/1/63
f 437/1/56 436/1/55 454/1/64
f 437/1/56 454/1/64 453/1/65
f 455/1/67 435/1/58 438/1/57
f 455/1/67 438/1/57 456/1/66
f 440/2/59 439/2/59 457/2/68
f 440/2/59 457/2/68 458/2/68
f 439/2/60 437/2/56 453/2/65
f 439/2/60 453/2/65 457/2/69
f 456/2/66 438/2/57 440/2/61
f 456/2/66 440/2/61 458/2/70
f 442/1/24 441/1/24 459/1/24
f 442/1/24 459/1/24 460/1/24
f 443/1/26 442/1/25 460/1/25
f 443/1/26 460/1/25 461/1/26
f 462/1/27 459/1/28 441/1/28
f 462/1/27 441/1/28 444/1/27
f 446/2/21 445/2/21 463/2/21
f 446/2/21 463/2/21 464/2/21
f 445/2/29 443/2/26 461/2/26
f 445/2/29 461/2/26 463/2/29
f 464/2/30 462/2/27 444/2/27
f 464/2/30 444/2/27 446/2/30
f 448/1/24 447/1/24 465/1/24
f 448/1/24 465/1/24 466/1/24
f 449/1/26 448/1/25 466/1/25
f 449/1/26 466/1/25 467/1/26
f 468/1/27 465/1/28 447/1/28
f 468/1/27 447/1/28 450/1/27
f 452/2/21 451/2/21 469/2/21
f 452/2/21 469/2/21 470/2/21
f 451/2/29 449/2/26 467/2/26
f 451/2/29 467/2/26 469/2/29
f 470/2/30 468/2/27 450/2/27
f 470/2/30 450/2/27 452/2/30
f 453/1/71 456/1/71 471/1/72
f 453/1/71 471/1/72 472/1/72
f 457/1/69 453/1/65 472/1/73
f 457/1/69 472/1/73 473/1/74
f 471/1/76 456/1/66 458/1/70
f 471/1/76 458/1/70 474/1/75
f 475/2/77 458/2/77 457/2/77
f 475/2/77 457/2/77 476/2/77
f 475/2/2 476/2/2 477/2/3
f 475/2/2 477/2/3 478/2/3
f 476/2/78 457/2/69 473/2/74
f 476/2/78 473/2/74 477/2/79
f 474/2/75 458/2/70 475/2/81
f 474/2/75 475/2/81 478/2/80
f 460/1/24 459/1/24 479/1/24
f 460/1/24 479/1/24 480/1/24
f 461/1/26 460/1/25 480/1/25
f 461/1/26 480/1/25 481/1/26
f 482/1/27 479/1/28 459/1/28
f 482/1/27 459/1/28 462/1/27
f 464/2/21 463/2/21 483/2/21
f 464/2/21 483/2/21 484/2/21
f 463/2/29 461/2/26 481/2/26
f 463/2/29 481/2/26 483/2/29
f 484/2/30 482/2/27 462/2/27
f 484/2/30 462/2/27 464/2/30
f 466/1/24 465/1/24 485/1/24
f 466/1/24 485/1/24 486/1/24
f 467/1/26 466/1/25 486/1/25
f 467/1/26 486/1/25 487/1/26
f 488/1/27 485/1/28 465/1/28
f 488/1/27 465/1/28 468/1/27
f 470/2/21 469/2/21 489/2/21
f 470/2/21 489/2/21 490/2/21
f 469/2/29 467/2/26 487/2/26
f 469/2/29 487/2/26 489/2/29
f 490/2/30 488/2/27 468/2/27
f 490/2/30 468/2/27 470/2/30
f 472/1/72 471/1/72 491/1/24
f 472/1/72 491/1/24 492/1/24
f 473/1/74 472/1/73 492/1/25
f 473/1/74 492/1/25 493/1/26
f 494/1/27 491/1/28 471/1/76
f 494/1/27 471/1/76 474/1/75
f 478/2/3 477/2/3 495/2/21
f 478/2/3 495/2/21 496/2/21
f 477/2/79 473/2/74 493/2/26
f 477/2/79 493/2/26 495/2/29
f 496/2/30 494/2/27 474/2/75
f 496/2/30 474/2/75 478/2/80
f 480/1/24 479/1/24 497/1/24
f 480/1/24 497/1/24 498/1/24
f 481/1/26 480/1/25 498/1/25
f 481/1/26 498/1/25 499/1/26
f 500/1/27 497/1/28 479/1/28
f 500/1/27 479/1/28 482/1/27
f 484/2/21 483/2/21 501/2/21
f 484/2/21 501/2/21 502/2/21
f 483/2/29 481/2/26 499/2/26
f 483/2/29 499/2/26 501/2/29
f 502/2/30 500/2/27 482/2/27
f 502/2/30 482/2/27 484/2/30
f 486/1/24 485/1/24 503/1/24
f 486/1/24 503/1/24 504/1/24
f 487/1/26 486/1/25 504/1/25
f 487/1/26 504/1/25 505/1/26
f 506/1/27 503/1/28 485/1/28
f 506/1/27 485/1/28 488/1/27
f 490/2/21 489/2/21 507/2/21
f 490/2/21 507/2/21 508/2/21
f 489/2/29 487/2/26 505/2/26
f 489/2/29 505/2/26 507/2/29
f 508/2/30 506/2/27 488/2/27
f 508/2/30 488/2/27 490/2/30
f 492/1/24 491/1/24 509/1/24
f 492/1/24 509/1/24 510/1/24
f 493/1/26 492/1/25 510/1/25
f 493/1/26 510/1/25 511/1/26
f 512/1/27 509/1/28 491/1/28
f 512/1/27 491/1/28 494/1/27
f 496/2/21 495/2/21 513/2/21
f 496/2/21 513/2/21 514/2/21
f 495/2/29 493/2/26 511/2/26
f 495/2/29 511/2/26 513/2/29
f 514/2/30 512/2/27 494/2/27
f 514/2/30 494/2/27 496/2/30
f 498/1/24 497/1/24 515/1/24
f 498/1/24 515/1/24 516/1/24
f 499/1/26 498/1/25 516/1/25
f 499/1/26 516/1/25 517/1/26
f 518/1/27 515/1/28 497/1/28
f 518/1/27 497/1/28 500/1/27
f 502/2/21 501/2/21 519/2/21
f 502/2/21 519/2/21 520/2/21
f 501/2/29 499/2/26 517/2/26
f 501/2/29 517/2/26 519/2/29
f 520/2/30 518/2/27 500/2/27
f 520/2/30 500/2/27 502/2/30
f 504/1/24 503/1/24 521/1/24
f 504/1/24 521/1/24 522/1/24
f 505/1/26 504/1/25 522/1/25
f 505/1/26 522/1/25 523/1/26
f 524/1/27 521/1/28 503/1/28
f 524/1/27 503/1/28 506/1/27
f 508/2/21 507/2/21 525/2/21
f 508/2/21 525/2/21 526/2/21
f 507/2/29 505/2/26 523/2/26
f 507/2/29 523/2/26 525/2/29
f 526/2/30 524/2/27 506/2/27
f 526/2/30 506/2/27 508/2/30
f 510/1/24 509/1/24 527/1/24
f 510/1/24 527/1/24 528/1/24
f 511/1/26 510/1/25 528/1/25
f 511/1/26 528/1/25 529/1/26
f 530/1/27 527/1/28 509/1/28
f 530/1/27 509/1/28 512/1/27
f 514/2/21 513/2/21 531/2/21
f 514/2/21 531/2/21 532/2/21
f 513/2/29 511/2/26 529/2/26
f 513/2/29 529/2/26 531/2/29
f 532/2/30 530/2/27 512/2/27
f 532/2/30 512/2/27 514/2/30
f 516/1/24 515/1/24 533/1/24
f 516/1/24 533/1/24 534/1/24
f 517/1/26 516/1/25 534/1/25
f 517/1/26 534/1/25 535/1/26
f 536/1/27 533/1/28 515/1/28
f 536/1/27 515/1/28 518/1/27
f 520/2/21 519/2/21 537/2/21
f 520/2/21 537/2/21 538/2/21
f 519/2/29 517/2/26 535/2/26
f 519/2/29 535/2/26 537/2/29
f 538/2/30 536/2/27 518/2/27
f 538/2/30 518/2/27 520/2/30
f 522/1/24 521/1/24 539/1/24
f 522/1/24 539/1/24 540/1/24
f 523/1/26 522/1/25 540/1/25
f 523/1/26 540/1/25 541/1/26
f 542/1/27 539/1/28 521/1/28
f 542/1/27 521/1/28 524/1/27
f 526/2/21 525/2/21 543/2/21
f 526/2/21 543/2/21 544/2/21
f 525/2/29 523/2/26 541/2/26
f 525/2/29 541/2/26 543/2/29
f 544/2/30 542/2/27 524/2/27
f 544/2/30 524/2/27 526/2/30
f 528/1/24 527/1/24 545/1/24
f 528/1/24 545/1/24 546/1/24
f 529/1/26 528/1/25 546/1/25
f 529/1/26 546/1/25 547/1/26
f 548/1/27 545/1/28 527/1/28
f 548/1/27 527/1/28 530/1/27
f 532/2/21 531/2/21 549/2/21
f 532/2/21 549/2/21 550/2/21
f 531/2/29 529/2/26 547/2/26
f 531/2/29 547/2/26 549/2/29
f 550/2/30 548/2/27 530/2/27
f 550/2/30 530/2/27 532/2/30
f 534/1/24 533/1/24 551/1/24
f 534/1/24 551/1/24 552/1/24
f 535/1/26 534/1/25 552/1/25
f 535/1/26 552/1/25 553/1/26
f 554/1/27 551/1/28 533/1/28
f 554/1/27 533/1/28 536/1/27
f 538/2/21 537/2/21 555/2/21
f 538/2/21 555/2/21 556/2/21
f 537/2/29 535/2/26 553/2/26
f 537/2/29 553/2/26 555/2/29
f 556/2/30 554/2/27 536/2/27
f 556/2/30 536/2/27 538/2/30
f 540/1/24 539/1/24 557/1/24
f 540/1/24 557/1/24 558/1/24
f 541/1/26 540/1/25 558/1/25
f 541/1/26 558/1/25 559/1/26
f 560/1/27 557/1/28 539/1/28
f 560/1/27 539/1/28 542/1/27
f 544/2/21 543/2/21 561/2/21
f 544/2/21 561/2/21 562/2/21
f 543/2/29 541/2/26 559/2/26
f 543/2/29 559/2/26 561/2/29
f 562/2/30 560/2/27 542/2/27
f 562/2/30 542/2/27 544/2/30
f 546/1/24 545/1/24 563/1/24
f 546/1/24 563/1/24 564/1/24
f 547/1/26 546/1/25 564/1/25
f 547/1/26 564/1/25 565/1/26
f 566/1/27 563/1/28 545/1/28
f 566/1/27 545/1/28 548/1/27
f 550/2/21 549/2/21 567/2/21
f 550/2/21 567/2/21 568/2/21
f 549/2/29 547/2/26 565/2/26
f 549/2/29 565/2/26 567/2/29
f 568/2/30 566/2/27 548/2/27
f 568/2/30 548/2/27 550/2/30
f 552/1/24 551/1/24 569/1/24
f 552/1/24 569/1/24 570/1/24
f 553/1/26 552/1/25 570/1/25
f 553/1/26 570/1/25 571/1/26
f 572/1/27 569/1/28 551/1/28
f 572/1/27 551/1/28 554/1/27
f 556/2/21 555/2/21 573/2/21
f 556/2/21 573/2/21 574/2/21
f 555/2/29 553/2/26 571/2/26
f 555/2/29 571/2/26 573/2/29
f 574/2/30 572/2/27 554/2/27
f 574/2/30 554/2/27 556/2/30
f 558/1/24 557/1/24 575/1/24
f 558/1/24 575/1/24 576/1/24
f 559/1/26 558/1/25 576/1/25
f 559/1/26 576/1/25 577/1/26
f 578/1/27 575/1/28 557/1/28
f 578/1/27 557/1/28 560/1/27
f 562/2/21 561/2/21 579/2/21
f 562/2/21 579/2/21 580/2/21
f 561/2/29 559/2/26 577/2/26
f 561/2/29 577/2/26 579/2/29
f 580/2/30 578/2/27 560/2/27
f 580/2/30 560/2/27 562/2/30
f 564/1/24 563/1/24 581/1/24
f 564/1/24 581/1/24 582/1/24
f 565/1/26 564/1/25 582/1/25
f 565/1/26 582/1/25 583/1/26
f 584/1/27 581/1/28 563/1/28
f 584/1/27 563/1/28 566/1/27
f 568/2/21 567/2/21 585/2/21
f 568/2/21 585/2/21 586/2/21
f 567/2/29 565/2/26 583/2/26
f 567/2/29 583/2/26 585/2/29
f 586/2/30 584/2/27 566/2/27
f 586/2/30 566/2/27 568/2/30
f 570/1/24 569/1/24 587/1/24
f 570/1/24 587/1/24 588/1/24
f 571/1/26 570/1/25 588/1/25
f 571/1/26 588/1/25 589/1/26
f 590/1/27 587/1/28 569/1/28
f 590/1/27 569/1/28 572/1/27
f 574/2/21 573/2/21 591/2/21
f 574/2/21 591/2/21 592/2/21
f 573/2/29 571/2/26 589/2/26
f 573/2/29 589/2/26 591/2/29
f 592/2/30 590/2/27 572/2/27
f 592/2/30 572/2/27 574/2/30
f 576/1/24 575/1/24 593/1/24
f 576/1/24 593/1/24 594/1/24
f 577/1/26 576/1/25 594/1/25
f 577/1/26 594/1/25 595/1/26
f 596/1/27 593/1/28 575/1/28
f 596/1/27 575/1/28 578/1/27
f 580/2/21 579/2/21 597/2/21
f 580/2/21 597/2/21 598/2/21
f 579/2/29 577/2/26 595/2/26
f 579/2/29 595/2/26 597/2/29
f 598/2/30 596/2/27 578/2/27
f 598/2/30 578/2/27 580/2/30
f 582/1/24 581/1/24 599/1/24
f 582/1/24 599/1/24 600/1/24
f 583/1/26 582/1/25 600/1/25
f 583/1/26 600/1/25 601/1/26
f 602/1/27 599/1/28 581/1/28
f 602/1/27 581/1/28 584/1/27
f 586/2/21 585/2/21 603/2/21
f 586/2/21 603/2/21 604/2/21
f 585/2/29 583/2/26 601/2/26
f 585/2/29 601/2/26 603/2/29
f 604/2/30 602/2/27 584/2/27
f 604/2/30 584/2/27 586/2/30
f 588/1/24 587/1/24 605/1/24
f 588/1/24 605/1/24 606/1/24
f 589/1/26 588/1/25 606/1/25
f 589/1/26 606/1/25 607/1/26
f 608/1/27 605/1/28 587/1/28
f 608/1/27 587/1/28 590/1/27
f 592/2/21 591/2/21 609/2/21
f 592/2/21 609/2/21 610/2/21
f 591/2/29 589/2/26 607/2/26
f 591/2/29 607/2/26 609/2/29
f 610/2/30 608/2/27 590/2/27
f 610/2/30 590/2/27 592/2/30
f 594/1/24 593/1/24 611/1/24
f 594/1/24 611/1/24 612/1/24
f 595/1/26 594/1/25 612/1/25
f 595/1/26 612/1/25 613/1/26
f 614/1/27 611/1/28 593/1/28
f 614/1/27 593/1/28 596/1/27
f 598/2/21 597/2/21 615/2/21
f 598/2/21 615/2/21 616/2/21
f 597/2/29 595/2/26 613/2/26
f 597/2/29 613/2/26 615/2/29
f 616/2/30 614/2/27 596/2/27
f 616/2/30 596/2/27 598/2/30
f 600/1/24 599/1/24 617/1/24
f 600/1/24 617/1/24 618/1/24
f 601/1/26 600/1/25 618/1/25
f 601/1/26 618/1/25 619/1/26
f 620/1/27 617/1/28 599/1/28
f 620/1/27 599/1/28 602/1/27
f 604/2/21 603/2/21 621/2/21
f 604/2/21 621/2/21 622/2/21
f 603/2/29 601/2/26 619/2/26
f 603/2/29 619/2/26 621/2/29
f 622/2/30 620/2/27 602/2/27
f 622/2/30 602/2/27 604/2/30
f 606/1/24 605/1/24 623/1/54
f 606/1/24 623/1/54 624/1/54
f 607/1/26 606/1/25 624/1/55
f 607/1/26 624/1/55 625/1/82
f 626/1/83 623/1/58 605/1/28
f 626/1/83 605/1/28 608/1/27
f 610/2/21 609/2/21 627/2/21
f 610/2/21 627/2/21 628/2/21
f 609/2/29 607/2/26 625/2/82
f 609/2/29 625/2/82 627/2/84
f 628/2/85 626/2/83 608/2/27
f 628/2/85 608/2/27 610/2/30
f 612/1/24 611/1/24 629/1/24
f 612/1/24 629/1/24 630/1/24
f 613/1/26 612/1/25 630/1/25
f 613/1/26 630/1/25 631/1/26
f 632/1/27 629/1/28 611/1/28
f 632/1/27 611/1/28 614/1/27
f 616/2/21 615/2/21 633/2/21
f 616/2/21 633/2/21 634/2/21
f 615/2/29 613/2/26 631/2/26
f 615/2/29 631/2/26 633/2/29
f 634/2/30 632/2/27 614/2/27
f 634/2/30 614/2/27 616/2/30
f 618/1/24 617/1/24 635/1/24
f 618/1/24 635/1/24 636/1/24
f 619/1/26 618/1/25 636/1/25
f 619/1/26 636/1/25 637/1/26
f 638/1/27 635/1/28 617/1/28
f 638/1/27 617/1/28 620/1/27
f 622/2/21 621/2/21 639/2/21
f 622/2/21 639/2/21 640/2/21
f 621/2/29 619/2/26 637/2/26
f 621/2/29 637/2/26 639/2/29
f 640/2/30 638/2/27 620/2/27
f 640/2/30 620/2/27 622/2/30
f 641/1/62 642/1/62 643/1/62
f 641/1/62 643/1/62 644/1/62
f 624/1/54 623/1/54 643/1/63
f 624/1/54 643/1/63 642/1/63
f 625/1/82 624/1/55 642/1/64
f 625/1/82 642/1/64 641/1/86
f 643/1/67 623/1/58 626/1/83
f 643/1/67 626/1/83 644/1/87
f 628/2/21 627/2/21 645/2/21
f 628/2/21 645/2/21 646/2/21
f 627/2/84 625/2/82 641/2/86
f 627/2/84 641/2/86 645/2/88
f 644/2/87 626/2/83 628/2/85
f 644/2/87 628/2/85 646/2/89
f 630/1/24 629/1/24 647/1/24
f 630/1/24 647/1/24 648/1/24
f 631/1/26 630/1/25 648/1/25
f 631/1/26 648/1/25 649/1/26
f 650/1/27 647/1/28 629/1/28
f 650/1/27 629/1/28 632/1/27
f 634/2/21 633/2/21 651/2/21
f 634/2/21 651/2/21 652/2/21
f 633/2/29 631/2/26 649/2/26
f 633/2/29 649/2/26 651/2/29
f 652/2/30 650/2/27 632/2/27
f 652/2/30 632/2/27 634/2/30
f 636/1/24 635/1/24 653/1/24
f 636/1/24 653/1/24 654/1/24
f 637/1/26 636/1/25 654/1/25
f 637/1/26 654/1/25 655/1/26
f 656/1/27 653/1/28 635/1/28
f 656/1/27 635/1/28 638/1/27
f 640/2/21 639/2/21 657/2/21
f 640/2/21 657/2/21 658/2/21
f 639/2/29 637/2/26 655/2/26
f 639/2/29 655/2/26 657/2/29
f 658/2/30 656/2/27 638/2/27
f 658/2/30 638/2/27 640/2/30
f 646/1/21 645/1/21 659/1/59
f 646/1/21 659/1/59 660/1/59
f 641/1/24 644/1/24 661/1/24
f 641/1/24 661/1/24 662/1/24
f 645/1/88 641/1/86 662/1/90
f 645/1/88 662/1/90 659/1/91
f 660/1/92 661/1/93 644/1/87
f 660/1/92 644/1/87 646/1/89
f 648/1/24 647/1/24 663/1/54
f 648/1/24 663/1/54 664/1/54
f 649/1/26 648/1/25 664/1/55
f 649/1/26 664/1/55 665/1/82
f 666/1/83 663/1/58 647/1/28
f 666/1/83 647/1/28 650/1/27
f 652/2/21 651/2/21 667/2/21
f 652/2/21 667/2/21 668/2/21
f 651/2/29 649/2/26 665/2/82
f 651/2/29 665/2/82 667/2/84
f 668/2/85 666/2/83 650/2/27
f 668/2/85 650/2/27 652/2/30
f 654/1/24 653/1/24 669/1/24
f 654/1/24 669/1/24 670/1/24
f 655/1/26 654/1/25 670/1/25
f 655/1/26 670/1/25 671/1/26
f 672/1/27 669/1/28 653/1/28
f 672/1/27 653/1/28 656/1/27
f 658/2/21 657/2/21 673/2/21
f 658/2/21 673/2/21 674/2/21
f 657/2/29 655/2/26 671/2/26
f 657/2/29 671/2/26 673/2/29
f 674/2/30 672/2/27 656/2/27
f 674/2/30 656/2/27 658/2/30
f 675/3/12 676/3/12 662/3/12
f 675/3/12 662/3/12 661/3/12
f 676/3/94 675/3/94 677/3/95
f 676/3/94 677/3/95 678/3/96
f 676/3/97 678/3/98 679/3/99
f 676/3/97 679/3/99 662/3/90
f 680/3/100 677/3/101 675/3/20
f 680/3/100 675/3/20 661/3/93
f 659/4/59 681/4/102 682/4/68
f 659/4/59 682/4/68 660/4/59
f 659/4/91 662/4/90 679/4/99
f 659/4/91 679/4/99 681/4/103
f 680/4/100 661/4/93 660/4/92
f 680/4/100 660/4/92 682/4/104
f 683/1/62 684/1/62 685/1/62
f 683/1/62 685/1/62 686/1/62
f 664/1/54 663/1/54 685/1/63
f 664/1/54 685/1/63 684/1/63
f 665/1/82 664/1/55 684/1/64
f 665/1/82 684/1/64 683/1/86
f 685/1/67 663/1/58 666/1/83
f 685/1/67 666/1/83 686/1/87
f 668/2/21 667/2/21 687/2/21
f 668/2/21 687/2/21 688/2/21
f 667/2/84 665/2/82 683/2/86
f 667/2/84 683/2/86 687/2/88
f 686/2/87 666/2/83 668/2/85
f 686/2/87 668/2/85 688/2/89
f 670/1/24 669/1/24 689/1/24
f 670/1/24 689/1/24 690/1/24
f 671/1/26 670/1/25 690/1/25
f 671/1/26 690/1/25 691/1/26
f 692/1/27 689/1/28 669/1/28
f 692/1/27 669/1/28 672/1/27
f 674/2/21 673/2/21 693/2/21
f 674/2/21 693/2/21 694/2/21
f 673/2/29 671/2/26 691/2/26
f 673/2/29 691/2/26 693/2/29
f 694/2/30 692/2/27 672/2/27
f 694/2/30 672/2/27 674/2/30
f 679/5/99 678/5/98 695/5/105
f 679/5/99 695/5/105 696/5/106
f 695/5/107 678/5/96 697/5/108
f 695/5/107 697/5/108 698/5/109
f 695/5/111 698/5/112 699/5/113
f 695/5/111 699/5/113 696/5/110
f 679/6/99 696/6/115 700/6/116
f 679/6/99 700/6/116 681/6/114
f 700/6/118 701/6/119 702/6/120
f 700/6/118 702/6/120 681/6/117
f 700/6/121 696/6/122 699/6/113
f 700/6/121 699/6/113 701/6/123
f 678/5/96 677/5/95 703/5/124
f 678/5/96 703/5/124 697/5/108
f 703/5/126 677/5/101 680/5/100
f 703/5/126 680/5/100 704/5/125
f 705/6/127 704/6/128 680/6/100
f 705/6/127 680/6/100 682/6/104
f 682/7/77 681/7/129 707/7/77
f 682/7/77 707/7/77 706/7/77
f 707/7/130 708/7/131 709/7/132
f 707/7/130 709/7/132 706/7/130
f 707/7/133 681/7/103 702/7/120
f 707/7/133 702/7/120 708/7/134
f 705/7/136 682/7/104 706/7/137
f 705/7/136 706/7/137 709/7/135
f 688/1/21 687/1/21 710/1/59
f 688/1/21 710/1/59 711/1/59
f 683/1/24 686/1/24 712/1/24
f 683/1/24 712/1/24 713/1/24
f 687/1/88 683/1/86 713/1/90
f 687/1/88 713/1/90 710/1/91
f 711/1/92 712/1/93 686/1/87
f 711/1/92 686/1/87 688/1/89
f 690/1/24 689/1/24 714/1/24
f 690/1/24 714/1/24 715/1/24
f 691/1/26 690/1/25 715/1/25
f 691/1/26 715/1/25 716/1/26
f 717/1/27 714/1/28 689/1/28
f 717/1/27 689/1/28 692/1/27
f 694/2/21 693/2/21 718/2/21
f 694/2/21 718/2/21 719/2/21
f 693/2/29 691/2/26 716/2/26
f 693/2/29 716/2/26 718/2/29
f 719/2/30 717/2/27 692/2/27
f 719/2/30 692/2/27 694/2/30
f 698/5/109 697/5/108 720/5/24
f 698/5/109 720/5/24 721/5/138
f 699/5/113 698/5/112 721/5/25
f 699/5/113 721/5/25 722/5/139
f 699/6/113 722/6/139 723/6/141
f 699/6/113 723/6/141 701/6/140
f 702/4/120 701/4/143 724/4/144
f 702/4/120 724/4/144 708/4/142
f 724/4/146 725/4/147 726/4/148
f 724/4/146 726/4/148 708/4/145
f 724/4/78 701/4/149 723/4/141
f 724/4/78 723/4/141 725/4/79
f 697/5/108 703/5/150 727/5/151
f 697/5/108 727/5/151 720/5/24
f 728/5/152 727/5/151 703/5/153
f 728/5/152 703/5/153 704/5/125
f 708/4/131 726/4/148 729/4/154
f 708/4/131 729/4/154 709/4/132
f 730/4/156 705/4/136 709/4/135
f 730/4/156 709/4/135 729/4/155
f 731/8/12 732/8/12 713/8/12
f 731/8/12 713/8/12 712/8/12
f 732/8/94 731/8/94 733/8/95
f 732/8/94 733/8/95 734/8/96
f 732/8/97 734/8/98 735/8/99
f 732/8/97 735/8/99 713/8/90
f 736/8/100 733/8/101 731/8/20
f 736/8/100 731/8/20 712/8/93
f 710/9/59 737/9/102 738/9/68
f 710/9/59 738/9/68 711/9/59
f 710/9/91 713/9/90 735/9/99
f 710/9/91 735/9/99 737/9/103
f 736/9/100 712/9/93 711/9/92
f 736/9/100 711/9/92 738/9/104
f 715/1/24 714/1/24 739/1/24
f 715/1/24 739/1/24 740/1/24
f 716/1/26 715/1/25 740/1/25
f 716/1/26 740/1/25 741/1/26
f 742/1/27 739/1/28 714/1/28
f 742/1/27 714/1/28 717/1/27
f 719/2/21 718/2/21 743/2/21
f 719/2/21 743/2/21 744/2/21
f 718/2/29 716/2/26 741/2/26
f 718/2/29 741/2/26 743/2/29
f 744/2/30 742/2/27 717/2/27
f 744/2/30 717/2/27 719/2/30
f 745/6/157 746/6/157 704/6/157
f 745/6/157 704/6/157 705/6/157
f 745/6/158 705/6/159 730/6/156
f 745/6/158 730/6/156 747/6/160
f 746/6/162 748/6/163 728/6/152
f 746/6/162 728/6/152 704/6/161
f 747/6/164 748/6/164 746/6/165
f 747/6/164 746/6/165 745/6/165
f 721/5/138 720/5/24 749/5/24
f 721/5/138 749/5/24 750/5/138
f 722/5/139 721/5/25 750/5/25
f 722/5/139 750/5/25 751/5/166
f 723/6/141 722/6/139 751/6/166
f 723/6/141 751/6/166 752/6/167
f 726/4/148 725/4/147 753/4/168
f 726/4/148 753/4/168 754/4/21
f 725/4/79 723/4/141 752/4/167
f 725/4/79 752/4/167 753/4/29
f 735/9/99 734/9/98 755/9/105
f 735/9/99 755/9/105 756/9/106
f 755/9/107 734/9/96 757/9/108
f 755/9/107 757/9/108 758/9/109
f 755/9/111 758/9/112 759/9/113
f 755/9/111 759/9/113 756/9/110
f 735/10/99 756/10/115 760/10/116
f 735/10/99 760/10/116 737/10/114
f 760/10/118 761/10/119 762/10/120
f 760/10/118 762/10/120 737/10/117
f 760/10/121 756/10/122 759/10/113
f 760/10/121 759/10/113 761/10/123
f 720/5/24 727/5/151 763/5/169
f 720/5/24 763/5/169 749/5/24
f 764/5/170 763/5/169 727/5/151
f 764/5/170 727/5/151 728/5/152
f 729/4/171 726/4/148 754/4/21
f 729/4/171 754/4/21 765/4/172
f 765/4/172 766/4/173 730/4/156
f 765/4/172 730/4/156 729/4/171
f 734/9/96 733/9/95 767/9/124
f 734/9/96 767/9/124 757/9/108
f 767/9/126 733/9/101 736/9/100
f 767/9/126 736/9/100 768/9/125
f 769/10/127 768/10/128 736/10/100
f 769/10/127 736/10/100 738/10/104
f 738/9/77 737/9/129 771/9/77
f 738/9/77 771/9/77 770/9/77
f 771/9/130 772/9/131 773/9/132
f 771/9/130 773/9/132 770/9/130
f 771/9/133 737/9/103 762/9/120
f 771/9/133 762/9/120 772/9/134
f 769/9/136 738/9/104 770/9/137
f 769/9/136 770/9/137 773/9/135
f 740/1/24 739/1/24 774/1/24
f 740/1/24 774/1/24 775/1/24
f 741/1/26 740/1/25 775/1/25
f 741/1/26 775/1/25 776/1/26
f 777/1/27 774/1/28 739/1/28
f 777/1/27 739/1/28 742/1/27
f 744/2/21 743/2/21 778/2/21
f 744/2/21 778/2/21 779/2/21
f 743/2/29 741/2/26 776/2/26
f 743/2/29 776/2/26 778/2/29
f 779/2/30 777/2/27 742/2/27
f 779/2/30 742/2/27 744/2/30
f 747/6/160 730/6/156 766/6/173
f 747/6/160 766/6/173 780/6/174
f 728/6/152 748/6/163 781/6/175
f 728/6/152 781/6/175 764/6/170
f 780/6/27 781/6/27 748/6/164
f 780/6/27 748/6/164 747/6/164
f 750/11/138 749/11/24 782/11/24
f 750/11/138 782/11/24 783/11/138
f 751/11/166 750/11/25 783/11/25
f 751/11/166 783/11/25 784/11/166
f 752/5/167 751/5/166 784/5/166
f 752/5/167 784/5/166 785/5/167
f 754/6/21 753/6/168 786/6/168
f 754/6/21 786/6/168 787/6/21
f 753/6/29 752/6/167 785/6/167
f 753/6/29 785/6/167 786/6/29
f 758/10/109 757/10/108 788/10/24
f 758/10/109 788/10/24 789/10/138
f 759/10/113 758/10/112 789/10/25
f 759/10/113 789/10/25 790/10/139
f 759/12/113 790/12/139 791/12/141
f 759/12/113 791/12/141 761/12/140
f 762/10/120 761/10/143 792/10/144
f 762/10/120 792/10/144 772/10/142
f 792/10/146 793/10/147 794/10/148
f 792/10/146 794/10/148 772/10/145
f 792/10/78 761/10/149 791/10/141
f 792/10/78 791/10/141 793/10/79
f 749/11/24 763/11/169 795/11/169
f 749/11/24 795/11/169 782/11/24
f 796/11/170 795/11/169 763/11/169
f 796/11/170 763/11/169 764/11/170
f 765/6/172 754/6/21 787/6/21
f 765/6/172 787/6/21 797/6/172
f 797/6/172 798/6/173 766/6/173
f 797/6/172 766/6/173 765/6/172
f 757/10/108 767/10/150 799/10/151
f 757/10/108 799/10/151 788/10/24
f 800/10/152 799/10/151 767/10/153
f 800/10/152 767/10/153 768/10/125
f 772/10/131 794/10/148 801/10/154
f 772/10/131 801/10/154 773/10/132
f 802/10/156 769/10/136 773/10/135
f 802/10/156 773/10/135 801/10/155
f 775/1/24 774/1/24 803/1/24
f 775/1/24 803/1/24 804/1/24
f 776/1/26 775/1/25 804/1/25
f 776/1/26 804/1/25 805/1/26
f 806/1/27 803/1/28 774/1/28
f 806/1/27 774/1/28 777/1/27
f 779/2/21 778/2/21 807/2/21
f 779/2/21 807/2/21 808/2/21
f 778/2/29 776/2/26 805/2/26
f 778/2/29 805/2/26 807/2/29
f 808/2/30 806/2/27 777/2/27
f 808/2/30 777/2/27 779/2/30
f 780/5/174 766/5/173 798/5/173
f 780/5/174 798/5/173 809/5/174
f 764/5/170 781/5/175 810/5/175
f 764/5/170 810/5/175 796/5/170
f 809/5/27 810/5/27 781/5/27
f 809/5/27 781/5/27 780/5/27
f 811/12/157 812/12/157 768/12/157
f 811/12/157 768/12/157 769/12/157
f 811/12/158 769/12/159 802/12/156
f 811/12/158 802/12/156 813/12/160
f 812/12/162 814/12/163 800/12/152
f 812/12/162 800/12/152 768/12/161
f 813/12/164 814/12/164 812/12/165
f 813/12/164 812/12/165 811/12/165
f 783/5/138 782/5/24 815/5/24
f 783/5/138 815/5/24 816/5/138
f 784/5/166 783/5/25 816/5/25
f 784/5/166 816/5/25 817/5/166
f 785/6/167 784/6/166 817/6/166
f 785/6/167 817/6/166 818/6/167
f 787/4/21 786/4/168 819/4/168
f 787/4/21 819/4/168 820/4/21
f 786/4/29 785/4/167 818/4/167
f 786/4/29 818/4/167 819/4/29
f 789/10/138 788/10/24 821/10/24
f 789/10/138 821/10/24 822/10/138
f 790/10/139 789/10/25 822/10/25
f 790/10/139 822/10/25 823/10/166
f 791/12/141 790/12/139 823/12/166
f 791/12/141 823/12/166 824/12/167
f 794/10/148 793/10/147 825/10/168
f 794/10/148 825/10/168 826/10/21
f 793/10/79 791/10/141 824/10/167
f 793/10/79 824/10/167 825/10/29
f 782/5/24 795/5/169 827/5/169
f 782/5/24 827/5/169 815/5/24
f 828/5/170 827/5/169 795/5/169
f 828/5/170 795/5/169 796/5/170
f 797/4/172 787/4/21 820/4/21
f 797/4/172 820/4/21 829/4/172
f 829/4/172 830/4/173 798/4/173
f 829/4/172 798/4/173 797/4/172
f 788/10/24 799/10/151 831/10/169
f 788/10/24 831/10/169 821/10/24
f 832/10/170 831/10/169 799/10/151
f 832/10/170 799/10/151 800/10/152
f 801/10/171 794/10/148 826/10/21
f 801/10/171 826/10/21 833/10/172
f 833/10/172 834/10/173 802/10/156
f 833/10/172 802/10/156 801/10/171
f 804/1/24 803/1/24 835/1/54
f 804/1/24 835/1/54 836/1/54
f 805/1/26 804/1/25 836/1/55
f 805/1/26 836/1/55 837/1/82
f 838/1/83 835/1/58 803/1/28
f 838/1/83 803/1/28 806/1/27
f 808/2/21 807/2/21 839/2/21
f 808/2/21 839/2/21 840/2/21
f 807/2/29 805/2/26 837/2/82
f 807/2/29 837/2/82 839/2/84
f 840/2/85 838/2/83 806/2/27
f 840/2/85 806/2/27 808/2/30
f 809/6/174 798/6/173 830/6/173
f 809/6/174 830/6/173 841/6/174
f 796/6/170 810/6/175 842/6/175
f 796/6/170 842/6/175 828/6/170
f 841/6/27 842/6/27 810/6/27
f 841/6/27 810/6/27 809/6/27
f 813/12/160 802/12/156 834/12/173
f 813/12/160 834/12/173 843/12/174
f 800/12/152 814/12/163 844/12/175
f 800/12/152 844/12/175 832/12/170
f 843/12/27 844/12/27 814/12/164
f 843/12/27 814/12/164 813/12/164
f 816/11/138 815/11/24 845/11/24
f 816/11/138 845/11/24 846/11/138
f 817/11/166 816/11/25 846/11/25
f 817/11/166 846/11/25 847/11/166
f 818/5/167 817/5/166 847/5/166
f 818/5/167 847/5/166 848/5/167
f 820/6/21 819/6/168 849/6/168
f 820/6/21 849/6/168 850/6/21
f 819/6/29 818/6/167 848/6/167
f 819/6/29 848/6/167 849/6/29
f 822/7/138 821/7/24 851/7/24
f 822/7/138 851/7/24 852/7/138
f 823/7/166 822/7/25 852/7/25
f 823/7/166 852/7/25 853/7/166
f 824/12/167 823/12/166 853/12/166
f 824/12/167 853/12/166 854/12/167
f 826/10/21 825/10/168 855/10/168
f 826/10/21 855/10/168 856/10/21
f 825/10/29 824/10/167 854/10/167
f 825/10/29 854/10/167 855/10/29
f 815/11/24 827/11/169 857/11/169
f 815/11/24 857/11/169 845/11/24
f 858/11/170 857/11/169 827/11/169
f 858/11/170 827/11/169 828/11/170
f 829/6/172 820/6/21 850/6/21
f 829/6/172 850/6/21 859/6/172
f 859/6/172 860/6/173 830/6/173
f 859/6/172 830/6/173 829/6/172
f 821/7/24 831/7/169 861/7/169
f 821/7/24 861/7/169 851/7/24
f 862/7/170 861/7/169 831/7/169
f 862/7/170 831/7/169 832/7/170
f 833/10/172 826/10/21 856/10/21
f 833/10/172 856/10/21 863/10/172
f 863/10/172 864/10/173 834/10/173
f 863/10/172 834/10/173 833/10/172
f 865/1/62 866/1/62 867/1/62
f 865/1/62 867/1/62 868/1/62
f 836/1/54 835/1/54 867/1/63
f 836/1/54 867/1/63 866/1/63
f 837/1/82 836/1/55 866/1/64
f 837/1/82 866/1/64 865/1/86
f 867/1/67 835/1/58 838/1/83
f 867/1/67 838/1/83 868/1/87
f 840/2/21 839/2/21 869/2/21
f 840/2/21 869/2/21 870/2/21
f 839/2/84 837/2/82 865/2/86
f 839/2/84 865/2/86 869/2/88
f 868/2/87 838/2/83 840/2/85
f 868/2/87 840/2/85 870/2/89
f 841/5/174 830/5/173 860/5/173
f 841/5/174 860/5/173 871/5/174
f 828/5/170 842/5/175 872/5/175
f 828/5/170 872/5/175 858/5/170
f 871/5/27 872/5/27 842/5/27
f 871/5/27 842/5/27 841/5/27
f 843/12/174 834/12/173 864/12/173
f 843/12/174 864/12/173 873/12/174
f 832/12/170 844/12/175 874/12/175
f 832/12/170 874/12/175 862/12/170
f 873/12/27 874/12/27 844/12/27
f 873/12/27 844/12/27 843/12/27
f 846/5/138 845/5/24 875/5/24
f 846/5/138 875/5/24 876/5/138
f 847/5/166 846/5/25 876/5/25
f 847/5/166 876/5/25 877/5/166
f 848/6/167 847/6/166 877/6/166
f 848/6/167 877/6/166 878/6/167
f 850/4/21 849/4/168 879/4/168
f 850/4/21 879/4/168 880/4/21
f 849/4/29 848/4/167 878/4/167
f 849/4/29 878/4/167 879/4/29
f 852/7/138 851/7/24 881/7/24
f 852/7/138 881/7/24 882/7/138
f 853/7/166 852/7/25 882/7/25
f 853/7/166 882/7/25 883/7/166
f 854/12/167 853/12/166 883/12/166
f 854/12/167 883/12/166 884/12/167
f 856/10/21 855/10/168 885/10/168
f 856/10/21 885/10/168 886/10/21
f 855/10/29 854/10/167 884/10/167
f 855/10/29 884/10/167 885/10/29
f 845/5/24 857/5/169 887/5/169
f 845/5/24 887/5/169 875/5/24
f 888/5/170 887/5/169 857/5/169
f 888/5/170 857/5/169 858/5/170
f 859/4/172 850/4/21 880/4/21
f 859/4/172 880/4/21 889/4/172
f 889/4/172 890/4/173 860/4/173
f 889/4/172 860/4/173 859/4/172
f 851/7/24 861/7/169 891/7/169
f 851/7/24 891/7/169 881/7/24
f 892/7/170 891/7/169 861/7/169
f 892/7/170 861/7/169 862/7/170
f 863/10/172 856/10/21 886/10/21
f 863/10/172 886/10/21 893/10/172
f 893/10/172 894/10/173 864/10/173
f 893/10/172 864/10/173 863/10/172
f 870/1/21 869/1/21 895/1/59
f 870/1/21 895/1/59 896/1/59
f 865/1/24 868/1/24 897/1/24
f 865/1/24 897/1/24 898/1/24
f 869/1/88 865/1/86 898/1/90
f 869/1/88 898/1/90 895/1/91
f 896/1/92 897/1/93 868/1/87
f 896/1/92 868/1/87 870/1/89
f 871/6/174 860/6/173 890/6/173
f 871/6/174 890/6/173 899/6/174
f 858/6/170 872/6/175 900/6/175
f 858/6/170 900/6/175 888/6/170
f 899/6/27 900/6/27 872/6/27
f 899/6/27 872/6/27 871/6/27
f 873/12/174 864/12/173 894/12/173
f 873/12/174 894/12/173 901/12/174
f 862/12/170 874/12/175 902/12/175
f 862/12/170 902/12/175 892/12/170
f 901/12/27 902/12/27 874/12/27
f 901/12/27 874/12/27 873/12/27
f 876/11/138 875/11/24 903/11/176
f 876/11/138 903/11/176 904/11/177
f 877/11/166 876/11/25 904/11/55
f 877/11/166 904/11/55 905/11/178
f 878/5/167 877/5/166 905/5/178
f 878/5/167 905/5/178 906/5/179
f 880/6/21 879/6/168 907/6/180
f 880/6/21 907/6/180 908/6/181
f 879/6/29 878/6/167 906/6/179
f 879/6/29 906/6/179 907/6/37
f 882/7/138 881/7/24 909/7/24
f 882/7/138 909/7/24 910/7/138
f 883/7/166 882/7/25 910/7/25
f 883/7/166 910/7/25 911/7/166
f 884/12/167 883/12/166 911/12/166
f 884/12/167 911/12/166 912/12/167
f 886/10/21 885/10/168 913/10/168
f 886/10/21 913/10/168 914/10/21
f 885/10/29 884/10/167 912/10/167
f 885/10/29 912/10/167 913/10/29
f 875/11/24 887/11/169 915/11/182
f 875/11/24 915/11/182 903/11/176
f 916/11/183 915/11/182 887/11/169
f 916/11/183 887/11/169 888/11/170
f 889/6/172 880/6/21 908/6/181
f 889/6/172 908/6/181 917/6/184
f 917/6/184 918/6/185 890/6/173
f 917/6/184 890/6/173 889/6/172
f 881/7/24 891/7/169 919/7/169
f 881/7/24 919/7/169 909/7/24
f 920/7/170 919/7/169 891/7/169
f 920/7/170 891/7/169 892/7/170
f 893/10/172 886/10/21 914/10/21
f 893/10/172 914/10/21 921/10/172
f 921/10/172 922/10/173 894/10/173
f 921/10/172 894/10/173 893/10/172
f 923/3/12 924/3/12 898/3/12
f 923/3/12 898/3/12 897/3/12
f 924/3/94 923/3/94 925/3/95
f 924/3/94 925/3/95 926/3/96
f 924/3/97 926/3/98 927/3/99
f 924/3/97 927/3/99 898/3/90
f 928/3/100 925/3/101 923/3/20
f 928/3/100 923/3/20 897/3/93
f 895/4/59 929/4/102 930/4/68
f 895/4/59 930/4/68 896/4/59
f 895/4/91 898/4/90 927/4/99
f 895/4/91 927/4/99 929/4/103
f 928/4/100 897/4/93 896/4/92
f 928/4/100 896/4/92 930/4/104
f 899/5/174 890/5/173 918/5/185
f 899/5/174 918/5/185 931/5/186
f 888/5/170 900/5/175 932/5/187
f 888/5/170 932/5/187 916/5/183
f 931/5/188 932/5/188 900/5/27
f 931/5/188 900/5/27 899/5/27
f 901/12/174 894/12/173 922/12/173
f 901/12/174 922/12/173 933/12/174
f 892/12/170 902/12/175 934/12/175
f 892/12/170 934/12/175 920/12/170
f 933/12/27 934/12/27 902/12/27
f 933/12/27 902/12/27 901/12/27
f 936/5/190 937/5/191 938/5/192
f 936/5/190 938/5/192 935/5/189
f 903/5/176 937/5/193 936/5/194
f 903/5/176 936/5/194 904/5/177
f 905/5/178 904/5/55 936/5/64
f 905/5/178 936/5/64 935/5/195
f 906/6/179 905/6/178 935/6/196
f 906/6/179 935/6/196 939/6/197
f 940/4/198 939/4/199 941/4/200
f 940/4/198 941/4/200 942/4/201
f 908/4/181 907/4/180 940/4/202
f 908/4/181 940/4/202 942/4/203
f 906/4/179 939/4/204 940/4/46
f 906/4/179 940/4/46 907/4/37
f 910/4/138 909/4/24 943/4/24
f 910/4/138 943/4/24 944/4/138
f 911/4/166 910/4/25 944/4/25
f 911/4/166 944/4/25 945/4/166
f 912/12/167 911/12/166 945/12/166
f 912/12/167 945/12/166 946/12/167
f 914/10/21 913/10/168 947/10/168
f 914/10/21 947/10/168 948/10/21
f 913/10/29 912/10/167 946/10/167
f 913/10/29 946/10/167 947/10/29
f 927/5/99 926/5/98 949/5/105
f 927/5/99 949/5/105 950/5/106
f 949/5/107 926/5/96 951/5/108
f 949/5/107 951/5/108 952/5/109
f 949/5/111 952/5/112 953/5/113
f 949/5/111 953/5/113 950/5/110
f 927/6/99 950/6/115 954/6/116
f 927/6/99 954/6/116 929/6/114
f 954/6/118 955/6/119 956/6/120
f 954/6/118 956/6/120 929/6/117
f 954/6/121 950/6/122 953/6/113
f 954/6/121 953/6/113 955/6/123
f 915/5/205 957/5/206 937/5/193
f 915/5/205 937/5/193 903/5/176
f 957/5/208 915/5/209 916/5/183
f 957/5/208 916/5/183 958/5/207
f 917/4/210 908/4/181 942/4/203
f 917/4/210 942/4/203 959/4/211
f 959/4/212 960/4/213 918/4/185
f 959/4/212 918/4/185 917/4/214
f 909/4/24 919/4/169 961/4/169
f 909/4/24 961/4/169 943/4/24
f 962/4/170 961/4/169 919/4/169
f 962/4/170 919/4/169 920/4/170
f 921/10/172 914/10/21 948/10/21
f 921/10/172 948/10/21 963/10/172
f 963/10/172 964/10/173 922/10/173
f 963/10/172 922/10/173 921/10/172
f 926/5/96 925/5/95 965/5/124
f 926/5/96 965/5/124 951/5/108
f 965/5/126 925/5/101 928/5/100
f 965/5/126 928/5/100 966/5/125
f 967/6/127 966/6/128 928/6/100
f 967/6/127 928/6/100 930/6/104
f 930/7/77 929/7/129 969/7/77
f 930/7/77 969/7/77 968/7/77
f 969/7/130 970/7/131 971/7/132
f 969/7/130 971/7/132 968/7/130
f 969/7/133 929/7/103 956/7/120
f 969/7/133 956/7/120 970/7/134
f 967/7/136 930/7/104 968/7/137
f 967/7/136 968/7/137 971/7/135
f 960/6/215 958/6/215 972/6/216
f 960/6/215 972/6/216 973/6/216
f 918/6/185 960/6/217 973/6/218
f 918/6/185 973/6/218 931/6/186
f 916/6/183 932/6/187 972/6/219
f 916/6/183 972/6/219 958/6/220
f 973/6/221 972/6/221 932/6/188
f 973/6/221 932/6/188 931/6/188
f 933/12/174 922/12/173 964/12/173
f 933/12/174 964/12/173 974/12/174
f 920/12/170 934/12/175 975/12/175
f 920/12/170 975/12/175 962/12/170
f 974/12/27 975/12/27 934/12/27
f 974/12/27 934/12/27 933/12/27
f 976/5/222 977/5/222 978/5/223
f 976/5/222 978/5/223 979/5/223
f 941/5/200 939/5/224 976/5/225
f 941/5/200 976/5/225 979/5/226
f 938/5/192 978/5/228 977/5/229
f 938/5/192 977/5/229 935/5/227
f 939/5/197 935/5/196 977/5/230
f 939/5/197 977/5/230 976/5/230
f 944/4/138 943/4/24 980/4/24
f 944/4/138 980/4/24 981/4/138
f 945/4/166 944/4/25 981/4/25
f 945/4/166 981/4/25 982/4/166
f 946/12/167 945/12/166 982/12/166
f 946/12/167 982/12/166 983/12/167
f 948/10/21 947/10/168 984/10/168
f 948/10/21 984/10/168 985/10/21
f 947/10/29 946/10/167 983/10/167
f 947/10/29 983/10/167 984/10/29
f 952/5/109 951/5/108 986/5/24
f 952/5/109 986/5/24 987/5/138
f 953/5/113 952/5/112 987/5/25
f 953/5/113 987/5/25 988/5/139
f 953/6/113 988/6/139 989/6/141
f 953/6/113 989/6/141 955/6/140
f 956/4/120 955/4/143 990/4/144
f 956/4/120 990/4/144 970/4/142
f 990/4/146 991/4/147 992/4/148
f 990/4/146 992/4/148 970/4/145
f 990/4/78 955/4/149 989/4/141
f 990/4/78 989/4/141 991/4/79
f 957/11/206 993/11/231 994/11/231
f 957/11/206 994/11/231 937/11/193
f 938/11/192 937/11/191 994/11/232
f 938/11/192 994/11/232 978/11/233
f 995/11/234 993/11/235 957/11/208
f 995/11/234 957/11/208 958/11/207
f 979/5/223 978/5/223 995/5/236
f 979/5/223 995/5/236 996/5/236
f 996/5/237 995/5/234 958/5/238
f 996/5/237 958/5/238 960/5/239
f 959/6/211 942/6/203 997/6/240
f 959/6/211 997/6/240 998/6/240
f 941/6/200 979/6/241 997/6/242
f 941/6/200 997/6/242 942/6/201
f 996/6/237 960/6/213 959/6/212
f 996/6/237 959/6/212 998/6/243
f 943/4/24 961/4/169 999/4/169
f 943/4/24 999/4/169 980/4/24
f 1000/4/170 999/4/169 961/4/169
f 1000/4/170 961/4/169 962/4/170
f 963/10/172 948/10/21 985/10/21
f 963/10/172 985/10/21 1001/10/172
f 1001/10/172 1002/10/173 964/10/173
f 1001/10/172 964/10/173 963/10/172
f 951/5/108 965/5/150 1003/5/151
f 951/5/108 1003/5/151 986/5/24
f 1004/5/152 1003/5/151 965/5/153
f 1004/5/152 965/5/153 966/5/125
f 970/4/131 992/4/148 1005/4/154
f 970/4/131 1005/4/154 971/4/132
f 1006/4/156 967/4/136 971/4/135
f 1006/4/156 971/4/135 1005/4/155
f 974/12/174 964/12/173 1002/12/173
f 974/12/174 1002/12/173 1007/12/174
f 962/12/170 975/12/175 1008/12/175
f 962/12/170 1008/12/175 1000/12/170
f 1007/12/27 1008/12/27 975/12/27
f 1007/12/27 975/12/27 974/12/27
f 1009/6/157 1010/6/157 966/6/157
f 1009/6/157 966/6/157 967/6/157
f 1009/6/158 967/6/159 1006/6/156
f 1009/6/158 1006/6/156 1011/6/160
f 1010/6/162 1012/6/163 1004/6/152
f 1010/6/162 1004/6/152 966/6/161
f 1011/6/164 1012/6/164 1010/6/165
f 1011/6/164 1010/6/165 1009/6/165
f 981/4/138 980/4/24 1013/4/24
f 981/4/138 1013/4/24 1014/4/138
f 982/4/166 981/4/25 1014/4/25
f 982/4/166 1014/4/25 1015/4/166
f 983/12/167 982/12/166 1015/12/166
f 983/12/167 1015/12/166 1016/12/167
f 985/10/21 984/10/168 1017/10/168
f 985/10/21 1017/10/168 1018/10/21
f 984/10/29 983/10/167 1016/10/167
f 984/10/29 1016/10/167 1017/10/29
f 987/5/138 986/5/24 1019/5/24
f 987/5/138 1019/5/24 1020/5/138
f 988/5/139 987/5/25 1020/5/25
f 988/5/139 1020/5/25 1021/5/166
f 989/6/141 988/6/139 1021/6/166
f 989/6/141 1021/6/166 1022/6/167
f 992/4/148 991/4/147 1023/4/168
f 992/4/148 1023/4/168 1024/4/21
f 991/4/79 989/4/141 1022/4/167
f 991/4/79 1022/4/167 1023/4/29
f 995/5/50 978/5/50 1025/5/244
f 995/5/50 1025/5/244 1026/5/244
f 994/5/231 993/5/231 1027/5/54
f 994/5/231 1027/5/54 1028/5/54
f 994/5/232 1028/5/245 1025/5/245
f 994/5/232 1025/5/245 978/5/232
f 1026/5/246 1027/5/246 993/5/235
f 1026/5/246 993/5/235 995/5/234
f 998/4/240 997/4/240 1029/4/36
f 998/4/240 1029/4/36 1030/4/36
f 996/4/71 1031/4/247 1032/4/247
f 996/4/71 1032/4/247 979/4/71
f 997/4/242 979/4/242 1032/4/248
f 997/4/242 1032/4/248 1029/4/248
f 1031/4/249 996/4/237 998/4/243
f 1031/4/249 998/4/243 1030/4/249
f 980/4/24 999/4/169 1033/4/169
f 980/4/24 1033/4/169 1013/4/24
f 1034/4/170 1033/4/169 999/4/169
f 1034/4/170 999/4/169 1000/4/170
f 1001/10/172 985/10/21 1018/10/21
f 1001/10/172 1018/10/21 1035/10/172
f 1035/10/172 1036/10/173 1002/10/173
f 1035/10/172 1002/10/173 1001/10/172
f 986/5/24 1003/5/151 1037/5/169
f 986/5/24 1037/5/169 1019/5/24
f 1038/5/170 1037/5/169 1003/5/151
f 1038/5/170 1003/5/151 1004/5/152
f 1005/4/171 992/4/148 1024/4/21
f 1005/4/171 1024/4/21 1039/4/172
f 1039/4/172 1040/4/173 1006/4/156
f 1039/4/172 1006/4/156 1005/4/171
f 1007/12/174 1002/12/173 1036/12/173
f 1007/12/174 1036/12/173 1041/12/174
f 1000/12/170 1008/12/175 1042/12/175
f 1000/12/170 1042/12/175 1034/12/170
f 1041/12/27 1042/12/27 1008/12/27
f 1041/12/27 1008/12/27 1007/12/27
f 1011/6/160 1006/6/156 1040/6/173
f 1011/6/160 1040/6/173 1043/6/174
f 1004/6/152 1012/6/163 1044/6/175
f 1004/6/152 1044/6/175 1038/6/170
f 1043/6/27 1044/6/27 1012/6/164
f 1043/6/27 1012/6/164 1011/6/164
f 1014/6/138 1013/6/24 1045/6/24
f 1014/6/138 1045/6/24 1046/6/138
f 1015/6/166 1014/6/25 1046/6/25
f 1015/6/166 1046/6/25 1047/6/166
f 1016/12/167 1015/12/166 1047/12/166
f 1016/12/167 1047/12/166 1048/12/167
f 1018/10/21 1017/10/168 1049/10/168
f 1018/10/21 1049/10/168 1050/10/21
f 1017/10/29 1016/10/167 1048/10/167
f 1017/10/29 1048/10/167 1049/10/29
f 1020/11/138 1019/11/24 1051/11/24
f 1020/11/138 1051/11/24 1052/11/138
f 1021/11/166 1020/11/25 1052/11/25
f 1021/11/166 1052/11/25 1053/11/166
f 1022/5/167 1021/5/166 1053/5/166
f 1022/5/167 1053/5/166 1054/5/167
f 1024/6/21 1023/6/168 1055/6/168
f 1024/6/21 1055/6/168 1056/6/21
f 1023/6/29 1022/6/167 1054/6/167
f 1023/6/29 1054/6/167 1055/6/29
f 1057/5/236 1058/5/236 1059/5/236
f 1057/5/236 1059/5/236 1060/5/236
f 1025/5/244 1057/5/45 1060/5/45
f 1025/5/244 1060/5/45 1026/5/244
f 1028/5/54 1027/5/54 1059/5/63
f 1028/5/54 1059/5/63 1058/5/63
f 1025/5/245 1028/5/245 1058/5/250
f 1025/5/245 1058/5/250 1057/5/250
f 1060/5/221 1059/5/221 1027/5/246
f 1060/5/221 1027/5/246 1026/5/246
f 1061/4/236 1062/4/236 1063/4/236
f 1061/4/236 1063/4/236 1064/4/236
f 1029/4/36 1061/4/45 1064/4/45
f 1029/4/36 1064/4/45 1030/4/36
f 1032/4/247 1031/4/247 1063/4/63
f 1032/4/247 1063/4/63 1062/4/63
f 1029/4/248 1032/4/248 1062/4/250
f 1029/4/248 1062/4/250 1061/4/250
f 1064/4/221 1063/4/221 1031/4/249
f 1064/4/221 1031/4/249 1030/4/249
f 1013/6/24 1033/6/169 1065/6/169
f 1013/6/24 1065/6/169 1045/6/24
f 1066/6/170 1065/6/169 1033/6/169
f 1066/6/170 1033/6/169 1034/6/170
f 1035/10/172 1018/10/21 1050/10/21
f 1035/10/172 1050/10/21 1067/10/172
f 1067/10/172 1068/10/173 1036/10/173
f 1067/10/172 1036/10/173 1035/10/172
f 1019/11/24 1037/11/169 1069/11/169
f 1019/11/24 1069/11/169 1051/11/24
f 1070/11/170 1069/11/169 1037/11/169
f 1070/11/170 1037/11/169 1038/11/170
f 1039/6/172 1024/6/21 1056/6/21
f 1039/6/172 1056/6/21 1071/6/172
f 1071/6/172 1072/6/173 1040/6/173
f 1071/6/172 1040/6/173 1039/6/172
f 1041/12/174 1036/12/173 1068/12/173
f 1041/12/174 1068/12/173 1073/12/174
f 1034/12/170 1042/12/175 1074/12/175
f 1034/12/170 1074/12/175 1066/12/170
f 1073/12/27 1074/12/27 1042/12/27
f 1073/12/27 1042/12/27 1041/12/27
f 1043/5/174 1040/5/173 1072/5/173
f 1043/5/174 1072/5/173 1075/5/174
f 1038/5/170 1044/5/175 1076/5/175
f 1038/5/170 1076/5/175 1070/5/170
f 1075/5/27 1076/5/27 1044/5/27
f 1075/5/27 1044/5/27 1043/5/27
f 1046/6/138 1045/6/24 1077/6/24
f 1046/6/138 1077/6/24 1078/6/138
f 1047/6/166 1046/6/25 1078/6/25
f 1047/6/166 1078/6/25 1079/6/166
f 1048/12/167 1047/12/166 1079/12/166
f 1048/12/167 1079/12/166 1080/12/167
f 1050/10/21 1049/10/168 1081/10/168
f 1050/10/21 1081/10/168 1082/10/21
f 1049/10/29 1048/10/167 1080/10/167
f 1049/10/29 1080/10/167 1081/10/29
f 1052/5/138 1051/5/24 1083/5/24
f 1052/5/138 1083/5/24 1084/5/138
f 1053/5/166 1052/5/25 1084/5/25
f 1053/5/166 1084/5/25 1085/5/166
f 1054/6/167 1053/6/166 1085/6/166
f 1054/6/167 1085/6/166 1086/6/167
f 1056/4/21 1055/4/168 1087/4/168
f 1056/4/21 1087/4/168 1088/4/21
f 1055/4/29 1054/4/167 1086/4/167
f 1055/4/29 1086/4/167 1087/4/29
f 1045/6/24 1065/6/169 1089/6/169
f 1045/6/24 1089/6/169 1077/6/24
f 1090/6/170 1089/6/169 1065/6/169
f 1090/6/170 1065/6/169 1066/6/170
f 1067/10/172 1050/10/21 1082/10/21
f 1067/10/172 1082/10/21 1091/10/172
f 1091/10/172 1092/10/173 1068/10/173
f 1091/10/172 1068/10/173 1067/10/172
f 1051/5/24 1069/5/169 1093/5/169
f 1051/5/24 1093/5/169 1083/5/24
f 1094/5/170 1093/5/169 1069/5/169
f 1094/5/170 1069/5/169 1070/5/170
f 1071/4/172 1056/4/21 1088/4/21
f 1071/4/172 1088/4/21 1095/4/172
f 1095/4/172 1096/4/173 1072/4/173
f 1095/4/172 1072/4/173 1071/4/172
f 1073/12/174 1068/12/173 1092/12/173
f 1073/12/174 1092/12/173 1097/12/174
f 1066/12/170 1074/12/175 1098/12/175
f 1066/12/170 1098/12/175 1090/12/170
f 1097/12/27 1098/12/27 1074/12/27
f 1097/12/27 1074/12/27 1073/12/27
f 1075/6/174 1072/6/173 1096/6/173
f 1075/6/174 1096/6/173 1099/6/174
f 1070/6/170 1076/6/175 1100/6/175
f 1070/6/170 1100/6/175 1094/6/170
f 1099/6/27 1100/6/27 1076/6/27
f 1099/6/27 1076/6/27 1075/6/27
f 1078/6/138 1077/6/24 1101/6/176
f 1078/6/138 1101/6/176 1102/6/177
f 1079/6/166 1078/6/25 1102/6/55
f 1079/6/166 1102/6/55 1103/6/251
f 1080/12/167 1079/12/166 1103/12/251
f 1080/12/167 1103/12/251 1104/12/252
f 1082/10/21 1081/10/168 1105/10/168
f 1082/10/21 1105/10/168 1106/10/21
f 1081/10/29 1080/10/167 1104/10/252
f 1081/10/29 1104/10/252 1105/10/29
f 1084/11/138 1083/11/24 1107/11/24
f 1084/11/138 1107/11/24 1108/11/138
f 1085/11/166 1084/11/25 1108/11/25
f 1085/11/166 1108/11/25 1109/11/166
f 1086/5/167 1085/5/166 1109/5/166
f 1086/5/167 1109/5/166 1110/5/167
f 1088/6/21 1087/6/168 1111/6/168
f 1088/6/21 1111/6/168 1112/6/21
f 1087/6/29 1086/6/167 1110/6/167
f 1087/6/29 1110/6/167 1111/6/29
f 1077/6/24 1089/6/169 1113/6/253
f 1077/6/24 1113/6/253 1101/6/176
f 1114/6/170 1113/6/253 1089/6/169
f 1114/6/170 1089/6/169 1090/6/170
f 1091/10/172 1082/10/21 1106/10/21
f 1091/10/172 1106/10/21 1115/10/172
f 1115/10/172 1116/10/173 1092/10/173
f 1115/10/172 1092/10/173 1091/10/172
f 1083/11/24 1093/11/169 1117/11/169
f 1083/11/24 1117/11/169 1107/11/24
f 1118/11/170 1117/11/169 1093/11/169
f 1118/11/170 1093/11/169 1094/11/170
f 1095/6/172 1088/6/21 1112/6/21
f 1095/6/172 1112/6/21 1119/6/172
f 1119/6/172 1120/6/173 1096/6/173
f 1119/6/172 1096/6/173 1095/6/172
f 1097/12/174 1092/12/173 1116/12/173
f 1097/12/174 1116/12/173 1121/12/174
f 1090/12/170 1098/12/175 1122/12/175
f 1090/12/170 1122/12/175 1114/12/170
f 1121/12/27 1122/12/27 1098/12/27
f 1121/12/27 1098/12/27 1097/12/27
f 1099/5/174 1096/5/173 1120/5/173
f 1099/5/174 1120/5/173 1123/5/174
f 1094/5/170 1100/5/175 1124/5/175
f 1094/5/170 1124/5/175 1118/5/170
f 1123/5/27 1124/5/27 1100/5/27
f 1123/5/27 1100/5/27 1099/5/27
f 1126/5/190 1127/5/255 1128/5/256
f 1126/5/190 1128/5/256 1125/5/254
f 1101/5/176 1127/5/257 1126/5/194
f 1101/5/176 1126/5/194 1102/5/177
f 1103/5/251 1102/5/55 1126/5/64
f 1103/5/251 1126/5/64 1125/5/258
f 1103/12/251 1125/12/259 1129/12/260
f 1103/12/251 1129/12/260 1104/12/252
f 1106/10/21 1105/10/168 1130/10/180
f 1106/10/21 1130/10/180 1131/10/181
f 1105/10/29 1104/10/252 1129/10/260
f 1105/10/29 1129/10/260 1130/10/37
f 1108/5/138 1107/5/24 1132/5/24
f 1108/5/138 1132/5/24 1133/5/138
f 1109/5/166 1108/5/25 1133/5/25
f 1109/5/166 1133/5/25 1134/5/166
f 1110/6/167 1109/6/166 1134/6/166
f 1110/6/167 1134/6/166 1135/6/167
f 1112/4/21 1111/4/168 1136/4/168
f 1112/4/21 1136/4/168 1137/4/21
f 1111/4/29 1110/4/167 1135/4/167
f 1111/4/29 1135/4/167 1136/4/29
f 1113/5/253 1138/5/261 1127/5/262
f 1113/5/253 1127/5/262 1101/5/176
f 1139/5/263 1138/5/264 1113/5/253
f 1139/5/263 1113/5/253 1114/5/170
f 1115/10/172 1106/10/21 1131/10/181
f 1115/10/172 1131/10/181 1140/10/184
f 1140/10/184 1141/10/185 1116/10/173
f 1140/10/184 1116/10/173 1115/10/172
f 1107/5/24 1117/5/169 1142/5/169
f 1107/5/24 1142/5/169 1132/5/24
f 1143/5/170 1142/5/169 1117/5/169
f 1143/5/170 1117/5/169 1118/5/170
f 1119/4/172 1112/4/21 1137/4/21
f 1119/4/172 1137/4/21 1144/4/172
f 1144/4/172 1145/4/173 1120/4/173
f 1144/4/172 1120/4/173 1119/4/172
f 1121/12/174 1116/12/173 1141/12/185
f 1121/12/174 1141/12/185 1146/12/186
f 1114/12/170 1122/12/175 1147/12/265
f 1114/12/170 1147/12/265 1139/12/263
f 1146/12/188 1147/12/188 1122/12/27
f 1146/12/188 1122/12/27 1121/12/27
f 1123/6/174 1120/6/173 1145/6/173
f 1123/6/174 1145/6/173 1148/6/174
f 1118/6/170 1124/6/175 1149/6/175
f 1118/6/170 1149/6/175 1143/6/170
f 1148/6/27 1149/6/27 1124/6/27
f 1148/6/27 1124/6/27 1123/6/27
f 1128/12/256 1150/12/267 1151/12/268
f 1128/12/256 1151/12/268 1125/12/266
f 1129/12/260 1125/12/259 1151/12/269
f 1129/12/260 1151/12/269 1152/12/270
f 1153/12/198 1152/12/271 1154/12/272
f 1153/12/198 1154/12/272 1155/12/273
f 1131/12/181 1130/12/180 1153/12/202
f 1131/12/181 1153/12/202 1155/12/274
f 1129/12/260 1152/12/275 1153/12/46
f 1129/12/260 1153/12/46 1130/12/37
f 1133/11/138 1132/11/24 1156/11/24
f 1133/11/138 1156/11/24 1157/11/138
f 1134/11/166 1133/11/25 1157/11/25
f 1134/11/166 1157/11/25 1158/11/166
f 1135/5/167 1134/5/166 1158/5/166
f 1135/5/167 1158/5/166 1159/5/167
f 1137/6/21 1136/6/168 1160/6/168
f 1137/6/21 1160/6/168 1161/6/21
f 1136/6/29 1135/6/167 1159/6/167
f 1136/6/29 1159/6/167 1160/6/29
f 1150/5/276 1162/5/276 1163/5/276
f 1150/5/276 1163/5/276 1164/5/277
f 1138/5/278 1163/5/279 1162/5/279
f 1138/5/278 1162/5/279 1127/5/262
f 1128/5/256 1127/5/280 1162/5/281
f 1128/5/256 1162/5/281 1150/5/282
f 1163/5/284 1138/5/285 1139/5/263
f 1163/5/284 1139/5/263 1164/5/283
f 1140/12/210 1131/12/181 1155/12/203
f 1140/12/210 1155/12/203 1165/12/211
f 1165/12/286 1166/12/287 1141/12/185
f 1165/12/286 1141/12/185 1140/12/214
f 1132/11/24 1142/11/169 1167/11/169
f 1132/11/24 1167/11/169 1156/11/24
f 1168/11/170 1167/11/169 1142/11/169
f 1168/11/170 1142/11/169 1143/11/170
f 1144/6/172 1137/6/21 1161/6/21
f 1144/6/172 1161/6/21 1169/6/172
f 1169/6/172 1170/6/173 1145/6/173
f 1169/6/172 1145/6/173 1144/6/172
f 1166/12/288 1164/12/277 1171/12/288
f 1166/12/288 1171/12/288 1172/12/288
f 1141/12/185 1166/12/289 1172/12/218
f 1141/12/185 1172/12/218 1146/12/186
f 1139/12/263 1147/12/265 1171/12/290
f 1139/12/263 1171/12/290 1164/12/291
f 1172/12/221 1171/12/221 1147/12/188
f 1172/12/221 1147/12/188 1146/12/188
f 1148/5/174 1145/5/173 1170/5/173
f 1148/5/174 1170/5/173 1173/5/174
f 1143/5/170 1149/5/175 1174/5/175
f 1143/5/170 1174/5/175 1168/5/170
f 1173/5/27 1174/5/27 1149/5/27
f 1173/5/27 1149/5/27 1148/5/27
f 1176/7/292 1177/7/292 1178/7/292
f 1176/7/292 1178/7/292 1175/7/292
f 1154/7/272 1152/7/293 1175/7/294
f 1154/7/272 1175/7/294 1178/7/295
f 1150/7/267 1177/7/296 1176/7/297
f 1150/7/267 1176/7/297 1151/7/268
f 1151/7/269 1176/7/298 1175/7/298
f 1151/7/269 1175/7/298 1152/7/270
f 1157/5/138 1156/5/24 1179/5/176
f 1157/5/138 1179/5/176 1180/5/177
f 1158/5/166 1157/5/25 1180/5/55
f 1158/5/166 1180/5/55 1181/5/178
f 1159/6/167 1158/6/166 1181/6/178
f 1159/6/167 1181/6/178 1182/6/179
f 1161/4/21 1160/4/168 1183/4/180
f 1161/4/21 1183/4/180 1184/4/181
f 1160/4/29 1159/4/167 1182/4/179
f 1160/4/29 1182/4/179 1183/4/37
f 1150/7/299 1164/7/300 1185/7/301
f 1150/7/299 1185/7/301 1177/7/296
f 1185/7/303 1164/7/283 1166/7/304
f 1185/7/303 1166/7/304 1186/7/302
f 1165/12/211 1155/12/203 1187/12/240
f 1165/12/211 1187/12/240 1188/12/240
f 1154/12/272 1178/12/306 1187/12/307
f 1154/12/272 1187/12/307 1155/12/305
f 1186/12/302 1166/12/287 1165/12/286
f 1186/12/302 1165/12/286 1188/12/308
f 1156/5/24 1167/5/169 1189/5/182
f 1156/5/24 1189/5/182 1179/5/176
f 1190/5/183 1189/5/182 1167/5/169
f 1190/5/183 1167/5/169 1168/5/170
f 1169/4/172 1161/4/21 1184/4/181
f 1169/4/172 1184/4/181 1191/4/184
f 1191/4/184 1192/4/185 1170/4/173
f 1191/4/184 1170/4/173 1169/4/172
f 1173/6/174 1170/6/173 1192/6/185
f 1173/6/174 1192/6/185 1193/6/186
f 1168/6/170 1174/6/175 1194/6/187
f 1168/6/170 1194/6/187 1190/6/183
f 1193/6/188 1194/6/188 1174/6/27
f 1193/6/188 1174/6/27 1173/6/27
f 1196/11/190 1197/11/191 1198/11/192
f 1196/11/190 1198/11/192 1195/11/189
f 1179/11/176 1197/11/193 1196/11/194
f 1179/11/176 1196/11/194 1180/11/177
f 1181/11/178 1180/11/55 1196/11/64
f 1181/11/178 1196/11/64 1195/11/195
f 1182/6/179 1181/6/178 1195/6/196
f 1182/6/179 1195/6/196 1199/6/197
f 1200/4/198 1199/4/199 1201/4/200
f 1200/4/198 1201/4/200 1202/4/201
f 1184/4/181 1183/4/180 1200/4/202
f 1184/4/181 1200/4/202 1202/4/203
f 1182/4/179 1199/4/204 1200/4/46
f 1182/4/179 1200/4/46 1183/4/37
f 1185/7/301 1203/7/231 1204/7/231
f 1185/7/301 1204/7/231 1177/7/296
f 1177/7/310 1204/7/311 1205/7/312
f 1177/7/310 1205/7/312 1178/7/309
f 1206/7/27 1203/7/28 1185/7/303
f 1206/7/27 1185/7/303 1186/7/302
f 1188/12/240 1187/12/240 1207/12/21
f 1188/12/240 1207/12/21 1208/12/21
f 1187/12/307 1178/12/306 1205/12/312
f 1187/12/307 1205/12/312 1207/12/313
f 1208/12/30 1206/12/27 1186/12/302
f 1208/12/30 1186/12/302 1188/12/308
f 1189/11/205 1209/11/206 1197/11/193
f 1189/11/205 1197/11/193 1179/11/176
f 1209/11/208 1189/11/209 1190/11/183
f 1209/11/208 1190/11/183 1210/11/207
f 1191/4/210 1184/4/181 1202/4/203
f 1191/4/210 1202/4/203 1211/4/211
f 1211/4/212 1212/4/213 1192/4/185
f 1211/4/212 1192/4/185 1191/4/214
f 1212/6/215 1210/6/215 1213/6/216
f 1212/6/215 1213/6/216 1214/6/216
f 1192/6/185 1212/6/217 1214/6/218
f 1192/6/185 1214/6/218 1193/6/186
f 1190/6/183 1194/6/187 1213/6/219
f 1190/6/183 1213/6/219 1210/6/220
f 1214/6/221 1213/6/221 1194/6/188
f 1214/6/221 1194/6/188 1193/6/188
f 1215/6/222 1216/6/222 1217/6/223
f 1215/6/222 1217/6/223 1218/6/223
f 1201/6/200 1199/6/224 1215/6/225
f 1201/6/200 1215/6/225 1218/6/226
f 1198/6/192 1217/6/228 1216/6/229
f 1198/6/192 1216/6/229 1195/6/227
f 1199/6/197 1195/6/196 1216/6/230
f 1199/6/197 1216/6/230 1215/6/230
f 1204/7/231 1203/7/231 1219/7/24
f 1204/7/231 1219/7/24 1220/7/24
f 1205/7/312 1204/7/311 1220/7/25
f 1205/7/312 1220/7/25 1221/7/26
f 1222/7/27 1219/7/28 1203/7/28
f 1222/7/27 1203/7/28 1206/7/27
f 1208/12/21 1207/12/21 1223/12/21
f 1208/12/21 1223/12/21 1224/12/21
f 1207/12/313 1205/12/312 1221/12/26
f 1207/12/313 1221/12/26 1223/12/29
f 1224/12/30 1222/12/27 1206/12/27
f 1224/12/30 1206/12/27 1208/12/30
f 1209/5/206 1225/5/231 1226/5/231
f 1209/5/206 1226/5/231 1197/5/193
f 1198/5/192 1197/5/191 1226/5/314
f 1198/5/192 1226/5/314 1217/5/315
f 1227/5/316 1225/5/317 1209/5/208
f 1227/5/316 1209/5/208 1210/5/207
f 1218/6/223 1217/6/223 1227/6/236
f 1218/6/223 1227/6/236 1228/6/236
f 1228/6/318 1227/6/316 1210/6/238
f 1228/6/318 1210/6/238 1212/6/239
f 1211/4/211 1202/4/203 1229/4/240
f 1211/4/211 1229/4/240 1230/4/240
f 1201/4/200 1218/4/319 1229/4/320
f 1201/4/200 1229/4/320 1202/4/201
f 1228/4/318 1212/4/213 1211/4/212
f 1228/4/318 1211/4/212 1230/4/321
f 1220/4/24 1219/4/24 1231/4/24
f 1220/4/24 1231/4/24 1232/4/24
f 1221/4/26 1220/4/25 1232/4/25
f 1221/4/26 1232/4/25 1233/4/26
f 1234/4/27 1231/4/28 1219/4/28
f 1234/4/27 1219/4/28 1222/4/27
f 1224/7/21 1223/7/21 1235/7/21
f 1224/7/21 1235/7/21 1236/7/21
f 1223/7/29 1221/7/26 1233/7/26
f 1223/7/29 1233/7/26 1235/7/29
f 1236/7/30 1234/7/27 1222/7/27
f 1236/7/30 1222/7/27 1224/7/30
f 1227/5/21 1217/5/21 1237/5/21
f 1227/5/21 1237/5/21 1238/5/21
f 1226/5/231 1225/5/231 1239/5/24
f 1226/5/231 1239/5/24 1240/5/24
f 1226/5/314 1240/5/322 1237/5/323
f 1226/5/314 1237/5/323 1217/5/314
f 1238/5/324 1239/5/325 1225/5/317
f 1238/5/324 1225/5/317 1227/5/316
f 1230/4/240 1229/4/240 1241/4/21
f 1230/4/240 1241/4/21 1242/4/21
f 1228/4/24 1243/4/24 1244/4/24
f 1228/4/24 1244/4/24 1218/4/24
f 1229/4/320 1218/4/320 1244/4/326
f 1229/4/320 1244/4/326 1241/4/88
f 1242/4/327 1243/4/328 1228/4/318
f 1242/4/327 1228/4/318 1230/4/321
f 1232/4/24 1231/4/24 1245/4/24
f 1232/4/24 1245/4/24 1246/4/24
f 1233/4/26 1232/4/25 1246/4/25
f 1233/4/26 1246/4/25 1247/4/26
f 1248/4/27 1245/4/28 1231/4/28
f 1248/4/27 1231/4/28 1234/4/27
f 1236/7/21 1235/7/21 1249/7/21
f 1236/7/21 1249/7/21 1250/7/21
f 1235/7/29 1233/7/26 1247/7/26
f 1235/7/29 1247/7/26 1249/7/29
f 1250/7/30 1248/7/27 1234/7/27
f 1250/7/30 1234/7/27 1236/7/30
f 1240/5/24 1239/5/24 1251/5/24
f 1240/5/24 1251/5/24 1252/5/24
f 1237/5/323 1240/5/322 1252/5/329
f 1237/5/323 1252/5/329 1253/5/330
f 1254/5/331 1251/5/332 1239/5/325
f 1254/5/331 1239/5/325 1238/5/324
f 1243/6/1 1238/6/1 1237/6/1
f 1243/6/1 1237/6/1 1244/6/1
f 1255/6/236 1253/6/236 1254/6/236
f 1255/6/236 1254/6/236 1256/6/236
f 1244/6/326 1237/6/323 1253/6/330
f 1244/6/326 1253/6/330 1255/6/333
f 1256/6/334 1254/6/331 1238/6/324
f 1256/6/334 1238/6/324 1243/6/328
f 1242/4/21 1241/4/21 1257/4/21
f 1242/4/21 1257/4/21 1258/4/21
f 1241/4/88 1244/4/326 1255/4/333
f 1241/4/88 1255/4/333 1257/4/335
f 1258/4/336 1256/4/334 1243/4/328
f 1258/4/336 1243/4/328 1242/4/327
f 1246/4/24 1245/4/24 1259/4/24
f 1246/4/24 1259/4/24 1260/4/24
f 1247/4/26 1246/4/25 1260/4/25
f 1247/4/26 1260/4/25 1261/4/26
f 1262/4/27 1259/4/28 1245/4/28
f 1262/4/27 1245/4/28 1248/4/27
f 1250/7/21 1249/7/21 1263/7/21
f 1250/7/21 1263/7/21 1264/7/21
f 1249/7/29 1247/7/26 1261/7/26
f 1249/7/29 1261/7/26 1263/7/29
f 1264/7/30 1262/7/27 1248/7/27
f 1264/7/30 1248/7/27 1250/7/30
f 1253/5/50 1265/5/51 1266/5/51
f 1253/5/50 1266/5/51 1254/5/50
f 1252/5/24 1251/5/24 1267/5/24
f 1252/5/24 1267/5/24 1268/5/24
f 1252/5/329 1268/5/337 1265/5/337
f 1252/5/329 1265/5/337 1253/5/330
f 1266/5/338 1267/5/338 1251/5/332
f 1266/5/338 1251/5/332 1254/5/331
f 1258/4/21 1257/4/21 1269/4/36
f 1258/4/21 1269/4/36 1270/4/36
f 1255/4/71 1256/4/71 1271/4/247
f 1255/4/71 1271/4/247 1272/4/247
f 1257/4/335 1255/4/333 1272/4/339
f 1257/4/335 1272/4/339 1269/4/339
f 1271/4/249 1256/4/334 1258/4/336
f 1271/4/249 1258/4/336 1270/4/249
f 1260/6/24 1259/6/24 1273/6/24
f 1260/6/24 1273/6/24 1274/6/24
f 1261/6/26 1260/6/25 1274/6/25
f 1261/6/26 1274/6/25 1275/6/26
f 1276/6/27 1273/6/28 1259/6/28
f 1276/6/27 1259/6/28 1262/6/27
f 1264/4/21 1263/4/21 1277/4/21
f 1264/4/21 1277/4/21 1278/4/21
f 1263/4/29 1261/4/26 1275/4/26
f 1263/4/29 1275/4/26 1277/4/29
f 1278/4/30 1276/4/27 1262/4/27
f 1278/4/30 1262/4/27 1264/4/30
f 1266/5/51 1265/5/51 1279/5/21
f 1266/5/51 1279/5/21 1280/5/21
f 1268/5/24 1267/5/24 1281/5/24
f 1268/5/24 1281/5/24 1282/5/24
f 1265/5/337 1268/5/337 1282/5/26
f 1265/5/337 1282/5/26 1279/5/26
f 1280/5/27 1281/5/27 1267/5/338
f 1280/5/27 1267/5/338 1266/5/338
f 1283/4/236 1284/4/236 1285/4/236
f 1283/4/236 1285/4/236 1286/4/236
f 1269/4/36 1283/4/45 1286/4/45
f 1269/4/36 1286/4/45 1270/4/36
f 1272/4/247 1271/4/247 1285/4/63
f 1272/4/247 1285/4/63 1284/4/63
f 1269/4/339 1272/4/339 1284/4/250
f 1269/4/339 1284/4/250 1283/4/250
f 1286/4/221 1285/4/221 1271/4/249
f 1286/4/221 1271/4/249 1270/4/249
f 1274/6/24 1273/6/24 1287/6/24
f 1274/6/24 1287/6/24 1288/6/24
f 1275/6/26 1274/6/25 1288/6/25
f 1275/6/26 1288/6/25 1289/6/26
f 1290/6/27 1287/6/28 1273/6/28
f 1290/6/27 1273/6/28 1276/6/27
f 1278/4/21 1277/4/21 1291/4/21
f 1278/4/21 1291/4/21 1292/4/21
f 1277/4/29 1275/4/26 1289/4/26
f 1277/4/29 1289/4/26 1291/4/29
f 1292/4/30 1290/4/27 1276/4/27
f 1292/4/30 1276/4/27 1278/4/30
f 1280/5/21 1279/5/21 1293/5/21
f 1280/5/21 1293/5/21 1294/5/21
f 1282/5/24 1281/5/24 1295/5/24
f 1282/5/24 1295/5/24 1296/5/24
f 1279/5/26 1282/5/26 1296/5/26
f 1279/5/26 1296/5/26 1293/5/26
f 1294/5/27 1295/5/27 1281/5/27
f 1294/5/27 1281/5/27 1280/5/27
f 1288/6/24 1287/6/24 1297/6/24
f 1288/6/24 1297/6/24 1298/6/24
f 1289/6/26 1288/6/25 1298/6/25
f 1289/6/26 1298/6/25 1299/6/26
f 1300/6/27 1297/6/28 1287/6/28
f 1300/6/27 1287/6/28 1290/6/27
f 1292/4/21 1291/4/21 1301/4/21
f 1292/4/21 1301/4/21 1302/4/21
f 1291/4/29 1289/4/26 1299/4/26
f 1291/4/29 1299/4/26 1301/4/29
f 1302/4/30 1300/4/27 1290/4/27
f 1302/4/30 1290/4/27 1292/4/30
f 1294/5/21 1293/5/21 1303/5/36
f 1294/5/21 1303/5/36 1304/5/36
f 1296/5/24 1295/5/24 1305/5/54
f 1296/5/24 1305/5/54 1306/5/54
f 1293/5/26 1296/5/26 1306/5/340
f 1293/5/26 1306/5/340 1303/5/340
f 1304/5/188 1305/5/188 1295/5/27
f 1304/5/188 1295/5/27 1294/5/27
f 1298/5/24 1297/5/24 1307/5/54
f 1298/5/24 1307/5/54 1308/5/54
f 1299/5/26 1298/5/25 1308/5/55
f 1299/5/26 1308/5/55 1309/5/82
f 1310/5/83 1307/5/58 1297/5/28
f 1310/5/83 1297/5/28 1300/5/27
f 1302/6/21 1301/6/21 1311/6/21
f 1302/6/21 1311/6/21 1312/6/21
f 1301/6/29 1299/6/26 1309/6/82
f 1301/6/29 1309/6/82 1311/6/84
f 1312/6/85 1310/6/83 1300/6/27
f 1312/6/85 1300/6/27 1302/6/30
f 1313/5/236 1314/5/236 1315/5/236
f 1313/5/236 1315/5/236 1316/5/236
f 1303/5/36 1313/5/45 1316/5/45
f 1303/5/36 1316/5/45 1304/5/36
f 1306/5/54 1305/5/54 1315/5/63
f 1306/5/54 1315/5/63 1314/5/63
f 1303/5/340 1306/5/340 1314/5/250
f 1303/5/340 1314/5/250 1313/5/250
f 1316/5/221 1315/5/221 1305/5/188
f 1316/5/221 1305/5/188 1304/5/188
f 1317/5/62 1318/5/62 1319/5/62
f 1317/5/62 1319/5/62 1320/5/62
f 1308/5/54 1307/5/54 1319/5/63
f 1308/5/54 1319/5/63 1318/5/63
f 1309/5/82 1308/5/55 1318/5/64
f 1309/5/82 1318/5/64 1317/5/341
f 1319/5/67 1307/5/58 1310/5/83
f 1319/5/67 1310/5/83 1320/5/342
f 1312/6/21 1311/6/21 1321/6/21
f 1312/6/21 1321/6/21 1322/6/21
f 1311/6/84 1309/6/82 1317/6/341
f 1311/6/84 1317/6/341 1321/6/343
f 1320/6/342 1310/6/83 1312/6/85
f 1320/6/342 1312/6/85 1322/6/344
f 1322/6/21 1321/6/21 1323/6/21
f 1322/6/21 1323/6/21 1324/6/21
f 1317/6/71 1320/6/71 1325/6/72
f 1317/6/71 1325/6/72 1326/6/72
f 1321/6/343 1317/6/341 1326/6/345
f 1321/6/343 1326/6/345 1323/6/345
f 1325/6/346 1320/6/342 1322/6/344
f 1325/6/346 1322/6/344 1324/6/346
f 1324/5/21 1323/5/21 1327/5/36
f 1324/5/21 1327/5/36 1328/5/36
f 1326/5/72 1325/5/72 1329/5/54
f 1326/5/72 1329/5/54 1330/5/54
f 1323/5/345 1326/5/345 1330/5/340
f 1323/5/345 1330/5/340 1327/5/340
f 1328/5/188 1329/5/188 1325/5/346
f 1328/5/188 1325/5/346 1324/5/346
f 1331/5/236 1332/5/236 1333/5/236
f 1331/5/236 1333/5/236 1334/5/236
f 1327/5/36 1331/5/45 1334/5/45
f 1327/5/36 1334/5/45 1328/5/36
f 1330/5/54 1329/5/54 1333/5/63
f 1330/5/54 1333/5/63 1332/5/63
f 1327/5/340 1330/5/340 1332/5/250
f 1327/5/340 1332/5/250 1331/5/250
f 1334/5/221 1333/5/221 1329/5/188
f 1334/5/221 1329/5/188 1328/5/188
f 1335/5/1 1336/5/1 1337/5/1
f 1335/5/1 1337/5/1 1338/5/1
f 1335/5/2 1338/5/2 1339/5/3
f 1335/5/2 1339/5/3 1340/5/3
f 1336/5/13 1341/5/14 1342/5/14
f 1336/5/13 1342/5/14 1337/5/13
f 1338/5/347 1337/5/347 1342/5/348
f 1338/5/347 1342/5/348 1339/5/348
f 1340/5/164 1341/5/164 1336/5/165
f 1340/5/164 1336/5/165 1335/5/165
f 1340/5/3 1339/5/3 1343/5/21
f 1340/5/3 1343/5/21 1344/5/21
f 1342/5/14 1341/5/14 1345/5/24
f 1342/5/14 1345/5/24 1346/5/24
f 1339/5/348 1342/5/348 1346/5/26
f 1339/5/348 1346/5/26 1343/5/26
f 1344/5/27 1345/5/27 1341/5/164
f 1344/5/27 1341/5/164 1340/5/164
f 1344/5/21 1343/5/21 1347/5/21
f 1344/5/21 1347/5/21 1348/5/21
f 1346/5/24 1345/5/24 1349/5/24
f 1346/5/24 1349/5/24 1350/5/24
f 1343/5/26 1346/5/26 1350/5/26
f 1343/5/26 1350/5/26 1347/5/26
f 1348/5/27 1349/5/27 1345/5/27
f 1348/5/27 1345/5/27 1344/5/27
f 1348/5/21 1347/5/21 1351/5/36
f 1348/5/21 1351/5/36 1352/5/36
f 1350/5/24 1349/5/24 1353/5/54
f 1350/5/24 1353/5/54 1354/5/54
f 1347/5/26 1350/5/26 1354/5/340
f 1347/5/26 1354/5/340 1351/5/340
f 1352/5/188 1353/5/188 1349/5/27
f 1352/5/188 1349/5/27 1348/5/27
f 1355/5/236 1356/5/236 1357/5/236
f 1355/5/236 1357/5/236 1358/5/236
f 1351/5/36 1355/5/45 1358/5/45
f 1351/5/36 1358/5/45 1352/5/36
f 1354/5/54 1353/5/54 1357/5/63
f 1354/5/54 1357/5/63 1356/5/63
f 1351/5/340 1354/5/340 1356/5/250
f 1351/5/340 1356/5/250 1355/5/250
f 1358/5/221 1357/5/221 1353/5/188
f 1358/5/221 1353/5/188 1352/5/188

