# generated by vox_to_obj_exporter
# scale=0.1 center=false ground=false y_up=true

mtllib Fight_103.mtl
usemtl palette

# normals
vn -1 0 0
vn 1 0 0
vn 0 1 0
vn 0 -1 0
vn 0 0 1
vn 0 0 -1

# texcoords
vt 0.228515625 0.5
vt 0.263671875 0.5
vt 0.232421875 0.5
vt 0.216796875 0.5
vt 0.236328125 0.5
vt 0.267578125 0.5
vt 0.220703125 0.5
vt 0.240234375 0.5
vt 0.005859375 0.5
vt 0.224609375 0.5

# verts
v 4.4 8.9 -2.6
v 4.4 8.8 -2.6
v 4.4 8.8 -2.5
v 4.4 8.9 -2.5
v 4.5 8.9 -2.5
v 4.5 8.8 -2.5
v 4.5 8.8 -2.6
v 4.5 8.9 -2.6
v 4.4 8.9 -2.6
v 4.4 8.9 -2.5
v 4.5 8.9 -2.5
v 4.5 8.9 -2.6
v 4.4 8.9 -2.5
v 4.4 8.8 -2.5
v 4.5 8.8 -2.5
v 4.5 8.9 -2.5
v 4.5 8.9 -2.6
v 4.5 8.8 -2.6
v 4.4 8.8 -2.6
v 4.4 8.9 -2.6
v 4.3 8.8 -2.6
v 4.3 8.7 -2.6
v 4.3 8.7 -2.5
v 4.3 8.8 -2.5
v 4.3 8.8 -2.6
v 4.3 8.8 -2.5
v 4.4 8.8 -2.5
v 4.4 8.8 -2.6
v 4.3 8.8 -2.5
v 4.3 8.7 -2.5
v 4.4 8.7 -2.5
v 4.4 8.8 -2.5
v 4.4 8.8 -2.6
v 4.4 8.7 -2.6
v 4.3 8.7 -2.6
v 4.3 8.8 -2.6
v 4.5 8.8 -2.5
v 4.5 8.7 -2.5
v 4.5 8.7 -2.6
v 4.5 8.8 -2.6
v 4.4 8.8 -2.5
v 4.4 8.7 -2.5
v 4.5 8.7 -2.5
v 4.5 8.8 -2.5
v 4.5 8.8 -2.6
v 4.5 8.7 -2.6
v 4.4 8.7 -2.6
v 4.4 8.8 -2.6
v 4.2 8.7 -2.6
v 4.2 8.6 -2.6
v 4.2 8.6 -2.5
v 4.2 8.7 -2.5
v 4.2 8.7 -2.6
v 4.2 8.7 -2.5
v 4.3 8.7 -2.5
v 4.3 8.7 -2.6
v 4.2 8.7 -2.5
v 4.2 8.6 -2.5
v 4.3 8.6 -2.5
v 4.3 8.7 -2.5
v 4.3 8.7 -2.6
v 4.3 8.6 -2.6
v 4.2 8.6 -2.6
v 4.2 8.7 -2.6
v 4.3 8.7 -2.5
v 4.3 8.6 -2.5
v 4.4 8.6 -2.5
v 4.4 8.7 -2.5
v 4.4 8.7 -2.6
v 4.4 8.6 -2.6
v 4.3 8.6 -2.6
v 4.3 8.7 -2.6
v 4.4 8.7 -2.5
v 4.4 8.6 -2.5
v 4.5 8.6 -2.5
v 4.5 8.7 -2.5
v 4.5 8.7 -2.6
v 4.5 8.6 -2.6
v 4.4 8.6 -2.6
v 4.4 8.7 -2.6
v 4.6 8.7 -2.5
v 4.6 8.6 -2.5
v 4.6 8.6 -2.6
v 4.6 8.7 -2.6
v 4.5 8.7 -2.6
v 4.5 8.7 -2.5
v 4.6 8.7 -2.5
v 4.6 8.7 -2.6
v 4.5 8.7 -2.5
v 4.5 8.6 -2.5
v 4.6 8.6 -2.5
v 4.6 8.7 -2.5
v 4.6 8.7 -2.6
v 4.6 8.6 -2.6
v 4.5 8.6 -2.6
v 4.5 8.7 -2.6
v 4.1 8.6 -2.6
v 4.1 8.5 -2.6
v 4.1 8.5 -2.5
v 4.1 8.6 -2.5
v 4.1 8.6 -2.6
v 4.1 8.6 -2.5
v 4.2 8.6 -2.5
v 4.2 8.6 -2.6
v 4.1 8.6 -2.5
v 4.1 8.5 -2.5
v 4.2 8.5 -2.5
v 4.2 8.6 -2.5
v 4.2 8.6 -2.6
v 4.2 8.5 -2.6
v 4.1 8.5 -2.6
v 4.1 8.6 -2.6
v 4.2 8.6 -2.5
v 4.2 8.5 -2.5
v 4.3 8.5 -2.5
v 4.3 8.6 -2.5
v 4.3 8.6 -2.6
v 4.3 8.5 -2.6
v 4.2 8.5 -2.6
v 4.2 8.6 -2.6
v 4.3 8.6 -2.5
v 4.3 8.5 -2.5
v 4.4 8.5 -2.5
v 4.4 8.6 -2.5
v 4.4 8.6 -2.6
v 4.4 8.5 -2.6
v 4.3 8.5 -2.6
v 4.3 8.6 -2.6
v 4.4 8.6 -2.5
v 4.4 8.5 -2.5
v 4.5 8.5 -2.5
v 4.5 8.6 -2.5
v 4.5 8.6 -2.6
v 4.5 8.5 -2.6
v 4.4 8.5 -2.6
v 4.4 8.6 -2.6
v 4.6 8.6 -2.5
v 4.6 8.5 -2.5
v 4.6 8.5 -2.6
v 4.6 8.6 -2.6
v 4.5 8.6 -2.5
v 4.5 8.5 -2.5
v 4.6 8.5 -2.5
v 4.6 8.6 -2.5
v 4.6 8.6 -2.6
v 4.6 8.5 -2.6
v 4.5 8.5 -2.6
v 4.5 8.6 -2.6
v 4.1 8.5 -2.6
v 4.1 8.4 -2.6
v 4.1 8.4 -2.5
v 4.1 8.5 -2.5
v 4.1 8.5 -2.5
v 4.1 8.4 -2.5
v 4.2 8.4 -2.5
v 4.2 8.5 -2.5
v 4.2 8.5 -2.6
v 4.2 8.4 -2.6
v 4.1 8.4 -2.6
v 4.1 8.5 -2.6
v 4.2 8.5 -2.5
v 4.2 8.4 -2.5
v 4.3 8.4 -2.5
v 4.3 8.5 -2.5
v 4.3 8.5 -2.6
v 4.3 8.4 -2.6
v 4.2 8.4 -2.6
v 4.2 8.5 -2.6
v 4.3 8.5 -2.5
v 4.3 8.4 -2.5
v 4.4 8.4 -2.5
v 4.4 8.5 -2.5
v 4.4 8.5 -2.6
v 4.4 8.4 -2.6
v 4.3 8.4 -2.6
v 4.3 8.5 -2.6
v 4.4 8.5 -2.5
v 4.4 8.4 -2.5
v 4.5 8.4 -2.5
v 4.5 8.5 -2.5
v 4.5 8.5 -2.6
v 4.5 8.4 -2.6
v 4.4 8.4 -2.6
v 4.4 8.5 -2.6
v 4.5 8.5 -2.5
v 4.5 8.4 -2.5
v 4.6 8.4 -2.5
v 4.6 8.5 -2.5
v 4.6 8.5 -2.6
v 4.6 8.4 -2.6
v 4.5 8.4 -2.6
v 4.5 8.5 -2.6
v 4.7 8.5 -2.5
v 4.7 8.4 -2.5
v 4.7 8.4 -2.6
v 4.7 8.5 -2.6
v 4.6 8.5 -2.6
v 4.6 8.5 -2.5
v 4.7 8.5 -2.5
v 4.7 8.5 -2.6
v 4.6 8.5 -2.5
v 4.6 8.4 -2.5
v 4.7 8.4 -2.5
v 4.7 8.5 -2.5
v 4.7 8.5 -2.6
v 4.7 8.4 -2.6
v 4.6 8.4 -2.6
v 4.6 8.5 -2.6
v 4.1 8.4 -2.6
v 4.1 8.3 -2.6
v 4.1 8.3 -2.5
v 4.1 8.4 -2.5
v 4.1 8.4 -2.5
v 4.1 8.3 -2.5
v 4.2 8.3 -2.5
v 4.2 8.4 -2.5
v 4.2 8.4 -2.6
v 4.2 8.3 -2.6
v 4.1 8.3 -2.6
v 4.1 8.4 -2.6
v 4.2 8.4 -2.5
v 4.2 8.3 -2.5
v 4.3 8.3 -2.5
v 4.3 8.4 -2.5
v 4.3 8.4 -2.6
v 4.3 8.3 -2.6
v 4.2 8.3 -2.6
v 4.2 8.4 -2.6
v 4.3 8.4 -2.5
v 4.3 8.3 -2.5
v 4.4 8.3 -2.5
v 4.4 8.4 -2.5
v 4.4 8.4 -2.6
v 4.4 8.3 -2.6
v 4.3 8.3 -2.6
v 4.3 8.4 -2.6
v 4.4 8.4 -2.5
v 4.4 8.3 -2.5
v 4.5 8.3 -2.5
v 4.5 8.4 -2.5
v 4.5 8.4 -2.6
v 4.5 8.3 -2.6
v 4.4 8.3 -2.6
v 4.4 8.4 -2.6
v 4.5 8.4 -2.5
v 4.5 8.3 -2.5
v 4.6 8.3 -2.5
v 4.6 8.4 -2.5
v 4.6 8.4 -2.6
v 4.6 8.3 -2.6
v 4.5 8.3 -2.6
v 4.5 8.4 -2.6
v 4.7 8.4 -2.5
v 4.7 8.3 -2.5
v 4.7 8.3 -2.6
v 4.7 8.4 -2.6
v 4.6 8.4 -2.5
v 4.6 8.3 -2.5
v 4.7 8.3 -2.5
v 4.7 8.4 -2.5
v 4.7 8.4 -2.6
v 4.7 8.3 -2.6
v 4.6 8.3 -2.6
v 4.6 8.4 -2.6
v 4.1 8.3 -2.6
v 4.1 8.2 -2.6
v 4.1 8.2 -2.5
v 4.1 8.3 -2.5
v 4.1 8.3 -2.5
v 4.1 8.2 -2.5
v 4.2 8.2 -2.5
v 4.2 8.3 -2.5
v 4.2 8.3 -2.6
v 4.2 8.2 -2.6
v 4.1 8.2 -2.6
v 4.1 8.3 -2.6
v 4.2 8.3 -2.5
v 4.2 8.2 -2.5
v 4.3 8.2 -2.5
v 4.3 8.3 -2.5
v 4.3 8.3 -2.6
v 4.3 8.2 -2.6
v 4.2 8.2 -2.6
v 4.2 8.3 -2.6
v 4.3 8.3 -2.5
v 4.3 8.2 -2.5
v 4.4 8.2 -2.5
v 4.4 8.3 -2.5
v 4.4 8.3 -2.6
v 4.4 8.2 -2.6
v 4.3 8.2 -2.6
v 4.3 8.3 -2.6
v 4.4 8.3 -2.5
v 4.4 8.2 -2.5
v 4.5 8.2 -2.5
v 4.5 8.3 -2.5
v 4.5 8.3 -2.6
v 4.5 8.2 -2.6
v 4.4 8.2 -2.6
v 4.4 8.3 -2.6
v 4.5 8.3 -2.5
v 4.5 8.2 -2.5
v 4.6 8.2 -2.5
v 4.6 8.3 -2.5
v 4.6 8.3 -2.6
v 4.6 8.2 -2.6
v 4.5 8.2 -2.6
v 4.5 8.3 -2.6
v 4.6 8.3 -2.5
v 4.6 8.2 -2.5
v 4.7 8.2 -2.5
v 4.7 8.3 -2.5
v 4.7 8.3 -2.6
v 4.7 8.2 -2.6
v 4.6 8.2 -2.6
v 4.6 8.3 -2.6
v 4.8 8.3 -2.5
v 4.8 8.2 -2.5
v 4.8 8.2 -2.6
v 4.8 8.3 -2.6
v 4.7 8.3 -2.6
v 4.7 8.3 -2.5
v 4.8 8.3 -2.5
v 4.8 8.3 -2.6
v 4.7 8.3 -2.5
v 4.7 8.2 -2.5
v 4.8 8.2 -2.5
v 4.8 8.3 -2.5
v 4.8 8.3 -2.6
v 4.8 8.2 -2.6
v 4.7 8.2 -2.6
v 4.7 8.3 -2.6
v 4.1 8.2 -2.6
v 4.1 8.1 -2.6
v 4.1 8.1 -2.5
v 4.1 8.2 -2.5
v 4.1 8.2 -2.5
v 4.1 8.1 -2.5
v 4.2 8.1 -2.5
v 4.2 8.2 -2.5
v 4.2 8.2 -2.6
v 4.2 8.1 -2.6
v 4.1 8.1 -2.6
v 4.1 8.2 -2.6
v 4.2 8.2 -2.5
v 4.2 8.1 -2.5
v 4.3 8.1 -2.5
v 4.3 8.2 -2.5
v 4.3 8.2 -2.6
v 4.3 8.1 -2.6
v 4.2 8.1 -2.6
v 4.2 8.2 -2.6
v 4.3 8.2 -2.5
v 4.3 8.1 -2.5
v 4.4 8.1 -2.5
v 4.4 8.2 -2.5
v 4.4 8.2 -2.6
v 4.4 8.1 -2.6
v 4.3 8.1 -2.6
v 4.3 8.2 -2.6
v 4.4 8.2 -2.5
v 4.4 8.1 -2.5
v 4.5 8.1 -2.5
v 4.5 8.2 -2.5
v 4.5 8.2 -2.6
v 4.5 8.1 -2.6
v 4.4 8.1 -2.6
v 4.4 8.2 -2.6
v 4.5 8.2 -2.5
v 4.5 8.1 -2.5
v 4.6 8.1 -2.5
v 4.6 8.2 -2.5
v 4.6 8.2 -2.6
v 4.6 8.1 -2.6
v 4.5 8.1 -2.6
v 4.5 8.2 -2.6
v 4.6 8.2 -2.5
v 4.6 8.1 -2.5
v 4.7 8.1 -2.5
v 4.7 8.2 -2.5
v 4.7 8.2 -2.6
v 4.7 8.1 -2.6
v 4.6 8.1 -2.6
v 4.6 8.2 -2.6
v 4.8 8.2 -2.5
v 4.8 8.1 -2.5
v 4.8 8.1 -2.6
v 4.8 8.2 -2.6
v 4.7 8.2 -2.5
v 4.7 8.1 -2.5
v 4.8 8.1 -2.5
v 4.8 8.2 -2.5
v 4.8 8.2 -2.6
v 4.8 8.1 -2.6
v 4.7 8.1 -2.6
v 4.7 8.2 -2.6
v 4.1 8.1 -2.6
v 4.1 8 -2.6
v 4.1 8 -2.5
v 4.1 8.1 -2.5
v 4.1 8 -2.5
v 4.1 8 -2.6
v 4.2 8 -2.6
v 4.2 8 -2.5
v 4.1 8.1 -2.5
v 4.1 8 -2.5
v 4.2 8 -2.5
v 4.2 8.1 -2.5
v 4.2 8.1 -2.6
v 4.2 8 -2.6
v 4.1 8 -2.6
v 4.1 8.1 -2.6
v 4.2 8.1 -2.5
v 4.2 8 -2.5
v 4.3 8 -2.5
v 4.3 8.1 -2.5
v 4.3 8.1 -2.6
v 4.3 8 -2.6
v 4.2 8 -2.6
v 4.2 8.1 -2.6
v 4.3 8.1 -2.5
v 4.3 8 -2.5
v 4.4 8 -2.5
v 4.4 8.1 -2.5
v 4.4 8.1 -2.6
v 4.4 8 -2.6
v 4.3 8 -2.6
v 4.3 8.1 -2.6
v 4.4 8.1 -2.5
v 4.4 8 -2.5
v 4.5 8 -2.5
v 4.5 8.1 -2.5
v 4.5 8.1 -2.6
v 4.5 8 -2.6
v 4.4 8 -2.6
v 4.4 8.1 -2.6
v 4.5 8.1 -2.5
v 4.5 8 -2.5
v 4.6 8 -2.5
v 4.6 8.1 -2.5
v 4.6 8.1 -2.6
v 4.6 8 -2.6
v 4.5 8 -2.6
v 4.5 8.1 -2.6
v 4.6 8.1 -2.5
v 4.6 8 -2.5
v 4.7 8 -2.5
v 4.7 8.1 -2.5
v 4.7 8.1 -2.6
v 4.7 8 -2.6
v 4.6 8 -2.6
v 4.6 8.1 -2.6
v 4.7 8.1 -2.5
v 4.7 8 -2.5
v 4.8 8 -2.5
v 4.8 8.1 -2.5
v 4.8 8.1 -2.6
v 4.8 8 -2.6
v 4.7 8 -2.6
v 4.7 8.1 -2.6
v 4.9 8.1 -2.5
v 4.9 8 -2.5
v 4.9 8 -2.6
v 4.9 8.1 -2.6
v 4.8 8.1 -2.6
v 4.8 8.1 -2.5
v 4.9 8.1 -2.5
v 4.9 8.1 -2.6
v 4.8 8.1 -2.5
v 4.8 8 -2.5
v 4.9 8 -2.5
v 4.9 8.1 -2.5
v 4.9 8.1 -2.6
v 4.9 8 -2.6
v 4.8 8 -2.6
v 4.8 8.1 -2.6
v 8.1 8.1 -2.6
v 8.1 8 -2.6
v 8.1 8 -2.5
v 8.1 8.1 -2.5
v 8.1 8.1 -2.6
v 8.1 8.1 -2.5
v 8.2 8.1 -2.5
v 8.2 8.1 -2.6
v 8.1 8.1 -2.5
v 8.1 8 -2.5
v 8.2 8 -2.5
v 8.2 8.1 -2.5
v 8.2 8.1 -2.6
v 8.2 8 -2.6
v 8.1 8 -2.6
v 8.1 8.1 -2.6
v 8.2 8.1 -2.6
v 8.2 8.1 -2.5
v 8.3 8.1 -2.5
v 8.3 8.1 -2.6
v 8.2 8.1 -2.5
v 8.2 8 -2.5
v 8.3 8 -2.5
v 8.3 8.1 -2.5
v 8.3 8.1 -2.6
v 8.3 8 -2.6
v 8.2 8 -2.6
v 8.2 8.1 -2.6
v 8.3 8.1 -2.6
v 8.3 8.1 -2.5
v 8.4 8.1 -2.5
v 8.4 8.1 -2.6
v 8.3 8.1 -2.5
v 8.3 8 -2.5
v 8.4 8 -2.5
v 8.4 8.1 -2.5
v 8.4 8.1 -2.6
v 8.4 8 -2.6
v 8.3 8 -2.6
v 8.3 8.1 -2.6
v 8.5 8.1 -2.5
v 8.5 8 -2.5
v 8.5 8 -2.6
v 8.5 8.1 -2.6
v 8.4 8.1 -2.6
v 8.4 8.1 -2.5
v 8.5 8.1 -2.5
v 8.5 8.1 -2.6
v 8.4 8.1 -2.5
v 8.4 8 -2.5
v 8.5 8 -2.5
v 8.5 8.1 -2.5
v 8.5 8.1 -2.6
v 8.5 8 -2.6
v 8.4 8 -2.6
v 8.4 8.1 -2.6
v 4.2 8 -2.6
v 4.2 7.9 -2.6
v 4.2 7.9 -2.5
v 4.2 8 -2.5
v 4.2 8 -2.5
v 4.2 7.9 -2.5
v 4.3 7.9 -2.5
v 4.3 8 -2.5
v 4.3 8 -2.6
v 4.3 7.9 -2.6
v 4.2 7.9 -2.6
v 4.2 8 -2.6
v 4.3 8 -2.5
v 4.3 7.9 -2.5
v 4.4 7.9 -2.5
v 4.4 8 -2.5
v 4.4 8 -2.6
v 4.4 7.9 -2.6
v 4.3 7.9 -2.6
v 4.3 8 -2.6
v 4.4 8 -2.5
v 4.4 7.9 -2.5
v 4.5 7.9 -2.5
v 4.5 8 -2.5
v 4.5 8 -2.6
v 4.5 7.9 -2.6
v 4.4 7.9 -2.6
v 4.4 8 -2.6
v 4.5 8 -2.5
v 4.5 7.9 -2.5
v 4.6 7.9 -2.5
v 4.6 8 -2.5
v 4.6 8 -2.6
v 4.6 7.9 -2.6
v 4.5 7.9 -2.6
v 4.5 8 -2.6
v 4.6 8 -2.5
v 4.6 7.9 -2.5
v 4.7 7.9 -2.5
v 4.7 8 -2.5
v 4.7 8 -2.6
v 4.7 7.9 -2.6
v 4.6 7.9 -2.6
v 4.6 8 -2.6
v 4.7 8 -2.5
v 4.7 7.9 -2.5
v 4.8 7.9 -2.5
v 4.8 8 -2.5
v 4.8 8 -2.6
v 4.8 7.9 -2.6
v 4.7 7.9 -2.6
v 4.7 8 -2.6
v 4.8 8 -2.5
v 4.8 7.9 -2.5
v 4.9 7.9 -2.5
v 4.9 8 -2.5
v 4.9 8 -2.6
v 4.9 7.9 -2.6
v 4.8 7.9 -2.6
v 4.8 8 -2.6
v 5 8 -2.5
v 5 7.9 -2.5
v 5 7.9 -2.6
v 5 8 -2.6
v 4.9 8 -2.6
v 4.9 8 -2.5
v 5 8 -2.5
v 5 8 -2.6
v 4.9 8 -2.5
v 4.9 7.9 -2.5
v 5 7.9 -2.5
v 5 8 -2.5
v 5 8 -2.6
v 5 7.9 -2.6
v 4.9 7.9 -2.6
v 4.9 8 -2.6
v 7.9 8 -2.6
v 7.9 7.9 -2.6
v 7.9 7.9 -2.5
v 7.9 8 -2.5
v 7.9 8 -2.6
v 7.9 8 -2.5
v 8 8 -2.5
v 8 8 -2.6
v 7.9 8 -2.5
v 7.9 7.9 -2.5
v 8 7.9 -2.5
v 8 8 -2.5
v 8 8 -2.6
v 8 7.9 -2.6
v 7.9 7.9 -2.6
v 7.9 8 -2.6
v 8 8 -2.6
v 8 8 -2.5
v 8.1 8 -2.5
v 8.1 8 -2.6
v 8 8 -2.5
v 8 7.9 -2.5
v 8.1 7.9 -2.5
v 8.1 8 -2.5
v 8.1 8 -2.6
v 8.1 7.9 -2.6
v 8 7.9 -2.6
v 8 8 -2.6
v 8.1 8 -2.5
v 8.1 7.9 -2.5
v 8.2 7.9 -2.5
v 8.2 8 -2.5
v 8.2 8 -2.6
v 8.2 7.9 -2.6
v 8.1 7.9 -2.6
v 8.1 8 -2.6
v 8.2 8 -2.5
v 8.2 7.9 -2.5
v 8.3 7.9 -2.5
v 8.3 8 -2.5
v 8.3 8 -2.6
v 8.3 7.9 -2.6
v 8.2 7.9 -2.6
v 8.2 8 -2.6
v 8.3 8 -2.5
v 8.3 7.9 -2.5
v 8.4 7.9 -2.5
v 8.4 8 -2.5
v 8.4 8 -2.6
v 8.4 7.9 -2.6
v 8.3 7.9 -2.6
v 8.3 8 -2.6
v 8.4 7.9 -2.5
v 8.4 7.9 -2.6
v 8.5 7.9 -2.6
v 8.5 7.9 -2.5
v 8.4 8 -2.5
v 8.4 7.9 -2.5
v 8.5 7.9 -2.5
v 8.5 8 -2.5
v 8.5 8 -2.6
v 8.5 7.9 -2.6
v 8.4 7.9 -2.6
v 8.4 8 -2.6
v 8.6 8 -2.5
v 8.6 7.9 -2.5
v 8.6 7.9 -2.6
v 8.6 8 -2.6
v 8.5 8 -2.6
v 8.5 8 -2.5
v 8.6 8 -2.5
v 8.6 8 -2.6
v 8.5 7.9 -2.5
v 8.5 7.9 -2.6
v 8.6 7.9 -2.6
v 8.6 7.9 -2.5
v 8.5 8 -2.5
v 8.5 7.9 -2.5
v 8.6 7.9 -2.5
v 8.6 8 -2.5
v 8.6 8 -2.6
v 8.6 7.9 -2.6
v 8.5 7.9 -2.6
v 8.5 8 -2.6
v 4.2 7.9 -2.6
v 4.2 7.8 -2.6
v 4.2 7.8 -2.5
v 4.2 7.9 -2.5
v 4.2 7.9 -2.5
v 4.2 7.8 -2.5
v 4.3 7.8 -2.5
v 4.3 7.9 -2.5
v 4.3 7.9 -2.6
v 4.3 7.8 -2.6
v 4.2 7.8 -2.6
v 4.2 7.9 -2.6
v 4.3 7.9 -2.5
v 4.3 7.8 -2.5
v 4.4 7.8 -2.5
v 4.4 7.9 -2.5
v 4.4 7.9 -2.6
v 4.4 7.8 -2.6
v 4.3 7.8 -2.6
v 4.3 7.9 -2.6
v 4.4 7.9 -2.5
v 4.4 7.8 -2.5
v 4.5 7.8 -2.5
v 4.5 7.9 -2.5
v 4.5 7.9 -2.6
v 4.5 7.8 -2.6
v 4.4 7.8 -2.6
v 4.4 7.9 -2.6
v 4.5 7.9 -2.5
v 4.5 7.8 -2.5
v 4.6 7.8 -2.5
v 4.6 7.9 -2.5
v 4.6 7.9 -2.6
v 4.6 7.8 -2.6
v 4.5 7.8 -2.6
v 4.5 7.9 -2.6
v 4.6 7.9 -2.5
v 4.6 7.8 -2.5
v 4.7 7.8 -2.5
v 4.7 7.9 -2.5
v 4.7 7.9 -2.6
v 4.7 7.8 -2.6
v 4.6 7.8 -2.6
v 4.6 7.9 -2.6
v 4.7 7.9 -2.5
v 4.7 7.8 -2.5
v 4.8 7.8 -2.5
v 4.8 7.9 -2.5
v 4.8 7.9 -2.6
v 4.8 7.8 -2.6
v 4.7 7.8 -2.6
v 4.7 7.9 -2.6
v 4.8 7.9 -2.5
v 4.8 7.8 -2.5
v 4.9 7.8 -2.5
v 4.9 7.9 -2.5
v 4.9 7.9 -2.6
v 4.9 7.8 -2.6
v 4.8 7.8 -2.6
v 4.8 7.9 -2.6
v 5 7.9 -2.5
v 5 7.8 -2.5
v 5 7.8 -2.6
v 5 7.9 -2.6
v 4.9 7.9 -2.5
v 4.9 7.8 -2.5
v 5 7.8 -2.5
v 5 7.9 -2.5
v 5 7.9 -2.6
v 5 7.8 -2.6
v 4.9 7.8 -2.6
v 4.9 7.9 -2.6
v 7.7 7.9 -2.6
v 7.7 7.8 -2.6
v 7.7 7.8 -2.5
v 7.7 7.9 -2.5
v 7.7 7.9 -2.6
v 7.7 7.9 -2.5
v 7.8 7.9 -2.5
v 7.8 7.9 -2.6
v 7.7 7.9 -2.5
v 7.7 7.8 -2.5
v 7.8 7.8 -2.5
v 7.8 7.9 -2.5
v 7.8 7.9 -2.6
v 7.8 7.8 -2.6
v 7.7 7.8 -2.6
v 7.7 7.9 -2.6
v 7.8 7.9 -2.6
v 7.8 7.9 -2.5
v 7.9 7.9 -2.5
v 7.9 7.9 -2.6
v 7.8 7.9 -2.5
v 7.8 7.8 -2.5
v 7.9 7.8 -2.5
v 7.9 7.9 -2.5
v 7.9 7.9 -2.6
v 7.9 7.8 -2.6
v 7.8 7.8 -2.6
v 7.8 7.9 -2.6
v 7.9 7.9 -2.5
v 7.9 7.8 -2.5
v 8 7.8 -2.5
v 8 7.9 -2.5
v 8 7.9 -2.6
v 8 7.8 -2.6
v 7.9 7.8 -2.6
v 7.9 7.9 -2.6
v 8 7.9 -2.5
v 8 7.8 -2.5
v 8.1 7.8 -2.5
v 8.1 7.9 -2.5
v 8.1 7.9 -2.6
v 8.1 7.8 -2.6
v 8 7.8 -2.6
v 8 7.9 -2.6
v 8.1 7.9 -2.5
v 8.1 7.8 -2.5
v 8.2 7.8 -2.5
v 8.2 7.9 -2.5
v 8.2 7.9 -2.6
v 8.2 7.8 -2.6
v 8.1 7.8 -2.6
v 8.1 7.9 -2.6
v 8.2 7.8 -2.5
v 8.2 7.8 -2.6
v 8.3 7.8 -2.6
v 8.3 7.8 -2.5
v 8.2 7.9 -2.5
v 8.2 7.8 -2.5
v 8.3 7.8 -2.5
v 8.3 7.9 -2.5
v 8.3 7.9 -2.6
v 8.3 7.8 -2.6
v 8.2 7.8 -2.6
v 8.2 7.9 -2.6
v 8.4 7.9 -2.5
v 8.4 7.8 -2.5
v 8.4 7.8 -2.6
v 8.4 7.9 -2.6
v 8.3 7.8 -2.5
v 8.3 7.8 -2.6
v 8.4 7.8 -2.6
v 8.4 7.8 -2.5
v 8.3 7.9 -2.5
v 8.3 7.8 -2.5
v 8.4 7.8 -2.5
v 8.4 7.9 -2.5
v 8.4 7.9 -2.6
v 8.4 7.8 -2.6
v 8.3 7.8 -2.6
v 8.3 7.9 -2.6
v 4.2 7.8 -2.6
v 4.2 7.7 -2.6
v 4.2 7.7 -2.5
v 4.2 7.8 -2.5
v 4.2 7.8 -2.5
v 4.2 7.7 -2.5
v 4.3 7.7 -2.5
v 4.3 7.8 -2.5
v 4.3 7.8 -2.6
v 4.3 7.7 -2.6
v 4.2 7.7 -2.6
v 4.2 7.8 -2.6
v 4.3 7.8 -2.5
v 4.3 7.7 -2.5
v 4.4 7.7 -2.5
v 4.4 7.8 -2.5
v 4.4 7.8 -2.6
v 4.4 7.7 -2.6
v 4.3 7.7 -2.6
v 4.3 7.8 -2.6
v 4.4 7.8 -2.5
v 4.4 7.7 -2.5
v 4.5 7.7 -2.5
v 4.5 7.8 -2.5
v 4.5 7.8 -2.6
v 4.5 7.7 -2.6
v 4.4 7.7 -2.6
v 4.4 7.8 -2.6
v 4.5 7.8 -2.5
v 4.5 7.7 -2.5
v 4.6 7.7 -2.5
v 4.6 7.8 -2.5
v 4.6 7.8 -2.6
v 4.6 7.7 -2.6
v 4.5 7.7 -2.6
v 4.5 7.8 -2.6
v 4.6 7.8 -2.5
v 4.6 7.7 -2.5
v 4.7 7.7 -2.5
v 4.7 7.8 -2.5
v 4.7 7.8 -2.6
v 4.7 7.7 -2.6
v 4.6 7.7 -2.6
v 4.6 7.8 -2.6
v 4.7 7.8 -2.5
v 4.7 7.7 -2.5
v 4.8 7.7 -2.5
v 4.8 7.8 -2.5
v 4.8 7.8 -2.6
v 4.8 7.7 -2.6
v 4.7 7.7 -2.6
v 4.7 7.8 -2.6
v 4.8 7.8 -2.5
v 4.8 7.7 -2.5
v 4.9 7.7 -2.5
v 4.9 7.8 -2.5
v 4.9 7.8 -2.6
v 4.9 7.7 -2.6
v 4.8 7.7 -2.6
v 4.8 7.8 -2.6
v 4.9 7.8 -2.5
v 4.9 7.7 -2.5
v 5 7.7 -2.5
v 5 7.8 -2.5
v 5 7.8 -2.6
v 5 7.7 -2.6
v 4.9 7.7 -2.6
v 4.9 7.8 -2.6
v 5.1 7.8 -2.5
v 5.1 7.7 -2.5
v 5.1 7.7 -2.6
v 5.1 7.8 -2.6
v 5 7.8 -2.6
v 5 7.8 -2.5
v 5.1 7.8 -2.5
v 5.1 7.8 -2.6
v 5 7.8 -2.5
v 5 7.7 -2.5
v 5.1 7.7 -2.5
v 5.1 7.8 -2.5
v 5.1 7.8 -2.6
v 5.1 7.7 -2.6
v 5 7.7 -2.6
v 5 7.8 -2.6
v 7.4 7.8 -2.6
v 7.4 7.7 -2.6
v 7.4 7.7 -2.5
v 7.4 7.8 -2.5
v 7.4 7.8 -2.6
v 7.4 7.8 -2.5
v 7.5 7.8 -2.5
v 7.5 7.8 -2.6
v 7.4 7.8 -2.5
v 7.4 7.7 -2.5
v 7.5 7.7 -2.5
v 7.5 7.8 -2.5
v 7.5 7.8 -2.6
v 7.5 7.7 -2.6
v 7.4 7.7 -2.6
v 7.4 7.8 -2.6
v 7.5 7.8 -2.6
v 7.5 7.8 -2.5
v 7.6 7.8 -2.5
v 7.6 7.8 -2.6
v 7.5 7.8 -2.5
v 7.5 7.7 -2.5
v 7.6 7.7 -2.5
v 7.6 7.8 -2.5
v 7.6 7.8 -2.6
v 7.6 7.7 -2.6
v 7.5 7.7 -2.6
v 7.5 7.8 -2.6
v 7.6 7.8 -2.6
v 7.6 7.8 -2.5
v 7.7 7.8 -2.5
v 7.7 7.8 -2.6
v 7.6 7.8 -2.5
v 7.6 7.7 -2.5
v 7.7 7.7 -2.5
v 7.7 7.8 -2.5
v 7.7 7.8 -2.6
v 7.7 7.7 -2.6
v 7.6 7.7 -2.6
v 7.6 7.8 -2.6
v 7.7 7.8 -2.5
v 7.7 7.7 -2.5
v 7.8 7.7 -2.5
v 7.8 7.8 -2.5
v 7.8 7.8 -2.6
v 7.8 7.7 -2.6
v 7.7 7.7 -2.6
v 7.7 7.8 -2.6
v 7.8 7.8 -2.5
v 7.8 7.7 -2.5
v 7.9 7.7 -2.5
v 7.9 7.8 -2.5
v 7.9 7.8 -2.6
v 7.9 7.7 -2.6
v 7.8 7.7 -2.6
v 7.8 7.8 -2.6
v 7.9 7.8 -2.5
v 7.9 7.7 -2.5
v 8 7.7 -2.5
v 8 7.8 -2.5
v 8 7.8 -2.6
v 8 7.7 -2.6
v 7.9 7.7 -2.6
v 7.9 7.8 -2.6
v 8 7.7 -2.5
v 8 7.7 -2.6
v 8.1 7.7 -2.6
v 8.1 7.7 -2.5
v 8 7.8 -2.5
v 8 7.7 -2.5
v 8.1 7.7 -2.5
v 8.1 7.8 -2.5
v 8.1 7.8 -2.6
v 8.1 7.7 -2.6
v 8 7.7 -2.6
v 8 7.8 -2.6
v 8.2 7.8 -2.5
v 8.2 7.7 -2.5
v 8.2 7.7 -2.6
v 8.2 7.8 -2.6
v 8.1 7.7 -2.5
v 8.1 7.7 -2.6
v 8.2 7.7 -2.6
v 8.2 7.7 -2.5
v 8.1 7.8 -2.5
v 8.1 7.7 -2.5
v 8.2 7.7 -2.5
v 8.2 7.8 -2.5
v 8.2 7.8 -2.6
v 8.2 7.7 -2.6
v 8.1 7.7 -2.6
v 8.1 7.8 -2.6
v 4.2 7.7 -2.6
v 4.2 7.6 -2.6
v 4.2 7.6 -2.5
v 4.2 7.7 -2.5
v 4.2 7.7 -2.5
v 4.2 7.6 -2.5
v 4.3 7.6 -2.5
v 4.3 7.7 -2.5
v 4.3 7.7 -2.6
v 4.3 7.6 -2.6
v 4.2 7.6 -2.6
v 4.2 7.7 -2.6
v 4.3 7.7 -2.5
v 4.3 7.6 -2.5
v 4.4 7.6 -2.5
v 4.4 7.7 -2.5
v 4.4 7.7 -2.6
v 4.4 7.6 -2.6
v 4.3 7.6 -2.6
v 4.3 7.7 -2.6
v 4.4 7.7 -2.5
v 4.4 7.6 -2.5
v 4.5 7.6 -2.5
v 4.5 7.7 -2.5
v 4.5 7.7 -2.6
v 4.5 7.6 -2.6
v 4.4 7.6 -2.6
v 4.4 7.7 -2.6
v 4.5 7.7 -2.5
v 4.5 7.6 -2.5
v 4.6 7.6 -2.5
v 4.6 7.7 -2.5
v 4.6 7.7 -2.6
v 4.6 7.6 -2.6
v 4.5 7.6 -2.6
v 4.5 7.7 -2.6
v 4.6 7.7 -2.5
v 4.6 7.6 -2.5
v 4.7 7.6 -2.5
v 4.7 7.7 -2.5
v 4.7 7.7 -2.6
v 4.7 7.6 -2.6
v 4.6 7.6 -2.6
v 4.6 7.7 -2.6
v 4.7 7.7 -2.5
v 4.7 7.6 -2.5
v 4.8 7.6 -2.5
v 4.8 7.7 -2.5
v 4.8 7.7 -2.6
v 4.8 7.6 -2.6
v 4.7 7.6 -2.6
v 4.7 7.7 -2.6
v 4.8 7.7 -2.5
v 4.8 7.6 -2.5
v 4.9 7.6 -2.5
v 4.9 7.7 -2.5
v 4.9 7.7 -2.6
v 4.9 7.6 -2.6
v 4.8 7.6 -2.6
v 4.8 7.7 -2.6
v 4.9 7.7 -2.5
v 4.9 7.6 -2.5
v 5 7.6 -2.5
v 5 7.7 -2.5
v 5 7.7 -2.6
v 5 7.6 -2.6
v 4.9 7.6 -2.6
v 4.9 7.7 -2.6
v 5 7.7 -2.5
v 5 7.6 -2.5
v 5.1 7.6 -2.5
v 5.1 7.7 -2.5
v 5.1 7.7 -2.6
v 5.1 7.6 -2.6
v 5 7.6 -2.6
v 5 7.7 -2.6
v 5.2 7.7 -2.5
v 5.2 7.6 -2.5
v 5.2 7.6 -2.6
v 5.2 7.7 -2.6
v 5.1 7.7 -2.6
v 5.1 7.7 -2.5
v 5.2 7.7 -2.5
v 5.2 7.7 -2.6
v 5.1 7.7 -2.5
v 5.1 7.6 -2.5
v 5.2 7.6 -2.5
v 5.2 7.7 -2.5
v 5.2 7.7 -2.6
v 5.2 7.6 -2.6
v 5.1 7.6 -2.6
v 5.1 7.7 -2.6
v 7.3 7.7 -2.6
v 7.3 7.6 -2.6
v 7.3 7.6 -2.5
v 7.3 7.7 -2.5
v 7.3 7.7 -2.6
v 7.3 7.7 -2.5
v 7.4 7.7 -2.5
v 7.4 7.7 -2.6
v 7.3 7.7 -2.5
v 7.3 7.6 -2.5
v 7.4 7.6 -2.5
v 7.4 7.7 -2.5
v 7.4 7.7 -2.6
v 7.4 7.6 -2.6
v 7.3 7.6 -2.6
v 7.3 7.7 -2.6
v 7.4 7.7 -2.5
v 7.4 7.6 -2.5
v 7.5 7.6 -2.5
v 7.5 7.7 -2.5
v 7.5 7.7 -2.6
v 7.5 7.6 -2.6
v 7.4 7.6 -2.6
v 7.4 7.7 -2.6
v 7.5 7.7 -2.5
v 7.5 7.6 -2.5
v 7.6 7.6 -2.5
v 7.6 7.7 -2.5
v 7.6 7.7 -2.6
v 7.6 7.6 -2.6
v 7.5 7.6 -2.6
v 7.5 7.7 -2.6
v 7.6 7.7 -2.5
v 7.6 7.6 -2.5
v 7.7 7.6 -2.5
v 7.7 7.7 -2.5
v 7.7 7.7 -2.6
v 7.7 7.6 -2.6
v 7.6 7.6 -2.6
v 7.6 7.7 -2.6
v 7.7 7.7 -2.5
v 7.7 7.6 -2.5
v 7.8 7.6 -2.5
v 7.8 7.7 -2.5
v 7.8 7.7 -2.6
v 7.8 7.6 -2.6
v 7.7 7.6 -2.6
v 7.7 7.7 -2.6
v 7.8 7.6 -2.5
v 7.8 7.6 -2.6
v 7.9 7.6 -2.6
v 7.9 7.6 -2.5
v 7.8 7.7 -2.5
v 7.8 7.6 -2.5
v 7.9 7.6 -2.5
v 7.9 7.7 -2.5
v 7.9 7.7 -2.6
v 7.9 7.6 -2.6
v 7.8 7.6 -2.6
v 7.8 7.7 -2.6
v 8 7.7 -2.5
v 8 7.6 -2.5
v 8 7.6 -2.6
v 8 7.7 -2.6
v 7.9 7.6 -2.5
v 7.9 7.6 -2.6
v 8 7.6 -2.6
v 8 7.6 -2.5
v 7.9 7.7 -2.5
v 7.9 7.6 -2.5
v 8 7.6 -2.5
v 8 7.7 -2.5
v 8 7.7 -2.6
v 8 7.6 -2.6
v 7.9 7.6 -2.6
v 7.9 7.7 -2.6
v 12.4 7.7 -2.6
v 12.4 7.6 -2.6
v 12.4 7.6 -2.5
v 12.4 7.7 -2.5
v 12.5 7.7 -2.5
v 12.5 7.6 -2.5
v 12.5 7.6 -2.6
v 12.5 7.7 -2.6
v 12.4 7.7 -2.6
v 12.4 7.7 -2.5
v 12.5 7.7 -2.5
v 12.5 7.7 -2.6
v 12.4 7.7 -2.5
v 12.4 7.6 -2.5
v 12.5 7.6 -2.5
v 12.5 7.7 -2.5
v 12.5 7.7 -2.6
v 12.5 7.6 -2.6
v 12.4 7.6 -2.6
v 12.4 7.7 -2.6
v 4.2 7.6 -2.6
v 4.2 7.5 -2.6
v 4.2 7.5 -2.5
v 4.2 7.6 -2.5
v 4.2 7.5 -2.5
v 4.2 7.5 -2.6
v 4.3 7.5 -2.6
v 4.3 7.5 -2.5
v 4.2 7.6 -2.5
v 4.2 7.5 -2.5
v 4.3 7.5 -2.5
v 4.3 7.6 -2.5
v 4.3 7.6 -2.6
v 4.3 7.5 -2.6
v 4.2 7.5 -2.6
v 4.2 7.6 -2.6
v 4.3 7.6 -2.5
v 4.3 7.5 -2.5
v 4.4 7.5 -2.5
v 4.4 7.6 -2.5
v 4.4 7.6 -2.6
v 4.4 7.5 -2.6
v 4.3 7.5 -2.6
v 4.3 7.6 -2.6
v 4.4 7.6 -2.5
v 4.4 7.5 -2.5
v 4.5 7.5 -2.5
v 4.5 7.6 -2.5
v 4.5 7.6 -2.6
v 4.5 7.5 -2.6
v 4.4 7.5 -2.6
v 4.4 7.6 -2.6
v 4.5 7.6 -2.5
v 4.5 7.5 -2.5
v 4.6 7.5 -2.5
v 4.6 7.6 -2.5
v 4.6 7.6 -2.6
v 4.6 7.5 -2.6
v 4.5 7.5 -2.6
v 4.5 7.6 -2.6
v 4.6 7.6 -2.5
v 4.6 7.5 -2.5
v 4.7 7.5 -2.5
v 4.7 7.6 -2.5
v 4.7 7.6 -2.6
v 4.7 7.5 -2.6
v 4.6 7.5 -2.6
v 4.6 7.6 -2.6
v 4.7 7.6 -2.5
v 4.7 7.5 -2.5
v 4.8 7.5 -2.5
v 4.8 7.6 -2.5
v 4.8 7.6 -2.6
v 4.8 7.5 -2.6
v 4.7 7.5 -2.6
v 4.7 7.6 -2.6
v 4.8 7.6 -2.5
v 4.8 7.5 -2.5
v 4.9 7.5 -2.5
v 4.9 7.6 -2.5
v 4.9 7.6 -2.6
v 4.9 7.5 -2.6
v 4.8 7.5 -2.6
v 4.8 7.6 -2.6
v 4.9 7.6 -2.5
v 4.9 7.5 -2.5
v 5 7.5 -2.5
v 5 7.6 -2.5
v 5 7.6 -2.6
v 5 7.5 -2.6
v 4.9 7.5 -2.6
v 4.9 7.6 -2.6
v 5 7.6 -2.5
v 5 7.5 -2.5
v 5.1 7.5 -2.5
v 5.1 7.6 -2.5
v 5.1 7.6 -2.6
v 5.1 7.5 -2.6
v 5 7.5 -2.6
v 5 7.6 -2.6
v 5.1 7.6 -2.5
v 5.1 7.5 -2.5
v 5.2 7.5 -2.5
v 5.2 7.6 -2.5
v 5.2 7.6 -2.6
v 5.2 7.5 -2.6
v 5.1 7.5 -2.6
v 5.1 7.6 -2.6
v 5.3 7.6 -2.5
v 5.3 7.5 -2.5
v 5.3 7.5 -2.6
v 5.3 7.6 -2.6
v 5.2 7.6 -2.6
v 5.2 7.6 -2.5
v 5.3 7.6 -2.5
v 5.3 7.6 -2.6
v 5.2 7.6 -2.5
v 5.2 7.5 -2.5
v 5.3 7.5 -2.5
v 5.3 7.6 -2.5
v 5.3 7.6 -2.6
v 5.3 7.5 -2.6
v 5.2 7.5 -2.6
v 5.2 7.6 -2.6
v 7.2 7.6 -2.6
v 7.2 7.5 -2.6
v 7.2 7.5 -2.5
v 7.2 7.6 -2.5
v 7.2 7.6 -2.6
v 7.2 7.6 -2.5
v 7.3 7.6 -2.5
v 7.3 7.6 -2.6
v 7.2 7.6 -2.5
v 7.2 7.5 -2.5
v 7.3 7.5 -2.5
v 7.3 7.6 -2.5
v 7.3 7.6 -2.6
v 7.3 7.5 -2.6
v 7.2 7.5 -2.6
v 7.2 7.6 -2.6
v 7.3 7.6 -2.5
v 7.3 7.5 -2.5
v 7.4 7.5 -2.5
v 7.4 7.6 -2.5
v 7.4 7.6 -2.6
v 7.4 7.5 -2.6
v 7.3 7.5 -2.6
v 7.3 7.6 -2.6
v 7.4 7.6 -2.5
v 7.4 7.5 -2.5
v 7.5 7.5 -2.5
v 7.5 7.6 -2.5
v 7.5 7.6 -2.6
v 7.5 7.5 -2.6
v 7.4 7.5 -2.6
v 7.4 7.6 -2.6
v 7.5 7.6 -2.5
v 7.5 7.5 -2.5
v 7.6 7.5 -2.5
v 7.6 7.6 -2.5
v 7.6 7.6 -2.6
v 7.6 7.5 -2.6
v 7.5 7.5 -2.6
v 7.5 7.6 -2.6
v 7.6 7.5 -2.5
v 7.6 7.5 -2.6
v 7.7 7.5 -2.6
v 7.7 7.5 -2.5
v 7.6 7.6 -2.5
v 7.6 7.5 -2.5
v 7.7 7.5 -2.5
v 7.7 7.6 -2.5
v 7.7 7.6 -2.6
v 7.7 7.5 -2.6
v 7.6 7.5 -2.6
v 7.6 7.6 -2.6
v 7.8 7.6 -2.5
v 7.8 7.5 -2.5
v 7.8 7.5 -2.6
v 7.8 7.6 -2.6
v 7.7 7.5 -2.5
v 7.7 7.5 -2.6
v 7.8 7.5 -2.6
v 7.8 7.5 -2.5
v 7.7 7.6 -2.5
v 7.7 7.5 -2.5
v 7.8 7.5 -2.5
v 7.8 7.6 -2.5
v 7.8 7.6 -2.6
v 7.8 7.5 -2.6
v 7.7 7.5 -2.6
v 7.7 7.6 -2.6
v 8.8 7.6 -2.6
v 8.8 7.5 -2.6
v 8.8 7.5 -2.5
v 8.8 7.6 -2.5
v 8.8 7.6 -2.6
v 8.8 7.6 -2.5
v 8.9 7.6 -2.5
v 8.9 7.6 -2.6
v 8.8 7.6 -2.5
v 8.8 7.5 -2.5
v 8.9 7.5 -2.5
v 8.9 7.6 -2.5
v 8.9 7.6 -2.6
v 8.9 7.5 -2.6
v 8.8 7.5 -2.6
v 8.8 7.6 -2.6
v 8.9 7.6 -2.6
v 8.9 7.6 -2.5
v 9 7.6 -2.5
v 9 7.6 -2.6
v 8.9 7.6 -2.5
v 8.9 7.5 -2.5
v 9 7.5 -2.5
v 9 7.6 -2.5
v 9 7.6 -2.6
v 9 7.5 -2.6
v 8.9 7.5 -2.6
v 8.9 7.6 -2.6
v 9.1 7.6 -2.5
v 9.1 7.5 -2.5
v 9.1 7.5 -2.6
v 9.1 7.6 -2.6
v 9 7.6 -2.6
v 9 7.6 -2.5
v 9.1 7.6 -2.5
v 9.1 7.6 -2.6
v 9 7.6 -2.5
v 9 7.5 -2.5
v 9.1 7.5 -2.5
v 9.1 7.6 -2.5
v 9.1 7.6 -2.6
v 9.1 7.5 -2.6
v 9 7.5 -2.6
v 9 7.6 -2.6
v 12.4 7.6 -2.6
v 12.4 7.5 -2.6
v 12.4 7.5 -2.5
v 12.4 7.6 -2.5
v 12.5 7.6 -2.5
v 12.5 7.5 -2.5
v 12.5 7.5 -2.6
v 12.5 7.6 -2.6
v 12.4 7.5 -2.5
v 12.4 7.5 -2.6
v 12.5 7.5 -2.6
v 12.5 7.5 -2.5
v 12.4 7.6 -2.5
v 12.4 7.5 -2.5
v 12.5 7.5 -2.5
v 12.5 7.6 -2.5
v 12.5 7.6 -2.6
v 12.5 7.5 -2.6
v 12.4 7.5 -2.6
v 12.4 7.6 -2.6
v 4.3 7.5 -2.6
v 4.3 7.4 -2.6
v 4.3 7.4 -2.5
v 4.3 7.5 -2.5
v 4.3 7.5 -2.5
v 4.3 7.4 -2.5
v 4.4 7.4 -2.5
v 4.4 7.5 -2.5
v 4.4 7.5 -2.6
v 4.4 7.4 -2.6
v 4.3 7.4 -2.6
v 4.3 7.5 -2.6
v 4.4 7.5 -2.5
v 4.4 7.4 -2.5
v 4.5 7.4 -2.5
v 4.5 7.5 -2.5
v 4.5 7.5 -2.6
v 4.5 7.4 -2.6
v 4.4 7.4 -2.6
v 4.4 7.5 -2.6
v 4.5 7.5 -2.5
v 4.5 7.4 -2.5
v 4.6 7.4 -2.5
v 4.6 7.5 -2.5
v 4.6 7.5 -2.6
v 4.6 7.4 -2.6
v 4.5 7.4 -2.6
v 4.5 7.5 -2.6
v 4.6 7.5 -2.5
v 4.6 7.4 -2.5
v 4.7 7.4 -2.5
v 4.7 7.5 -2.5
v 4.7 7.5 -2.6
v 4.7 7.4 -2.6
v 4.6 7.4 -2.6
v 4.6 7.5 -2.6
v 4.7 7.5 -2.5
v 4.7 7.4 -2.5
v 4.8 7.4 -2.5
v 4.8 7.5 -2.5
v 4.8 7.5 -2.6
v 4.8 7.4 -2.6
v 4.7 7.4 -2.6
v 4.7 7.5 -2.6
v 4.8 7.5 -2.5
v 4.8 7.4 -2.5
v 4.9 7.4 -2.5
v 4.9 7.5 -2.5
v 4.9 7.5 -2.6
v 4.9 7.4 -2.6
v 4.8 7.4 -2.6
v 4.8 7.5 -2.6
v 4.9 7.5 -2.5
v 4.9 7.4 -2.5
v 5 7.4 -2.5
v 5 7.5 -2.5
v 5 7.5 -2.6
v 5 7.4 -2.6
v 4.9 7.4 -2.6
v 4.9 7.5 -2.6
v 5 7.5 -2.5
v 5 7.4 -2.5
v 5.1 7.4 -2.5
v 5.1 7.5 -2.5
v 5.1 7.5 -2.6
v 5.1 7.4 -2.6
v 5 7.4 -2.6
v 5 7.5 -2.6
v 5.1 7.5 -2.5
v 5.1 7.4 -2.5
v 5.2 7.4 -2.5
v 5.2 7.5 -2.5
v 5.2 7.5 -2.6
v 5.2 7.4 -2.6
v 5.1 7.4 -2.6
v 5.1 7.5 -2.6
v 5.2 7.5 -2.5
v 5.2 7.4 -2.5
v 5.3 7.4 -2.5
v 5.3 7.5 -2.5
v 5.3 7.5 -2.6
v 5.3 7.4 -2.6
v 5.2 7.4 -2.6
v 5.2 7.5 -2.6
v 5.4 7.5 -2.5
v 5.4 7.4 -2.5
v 5.4 7.4 -2.6
v 5.4 7.5 -2.6
v 5.3 7.5 -2.6
v 5.3 7.5 -2.5
v 5.4 7.5 -2.5
v 5.4 7.5 -2.6
v 5.3 7.5 -2.5
v 5.3 7.4 -2.5
v 5.4 7.4 -2.5
v 5.4 7.5 -2.5
v 5.4 7.5 -2.6
v 5.4 7.4 -2.6
v 5.3 7.4 -2.6
v 5.3 7.5 -2.6
v 7.1 7.5 -2.6
v 7.1 7.4 -2.6
v 7.1 7.4 -2.5
v 7.1 7.5 -2.5
v 7.1 7.5 -2.6
v 7.1 7.5 -2.5
v 7.2 7.5 -2.5
v 7.2 7.5 -2.6
v 7.1 7.5 -2.5
v 7.1 7.4 -2.5
v 7.2 7.4 -2.5
v 7.2 7.5 -2.5
v 7.2 7.5 -2.6
v 7.2 7.4 -2.6
v 7.1 7.4 -2.6
v 7.1 7.5 -2.6
v 7.2 7.5 -2.5
v 7.2 7.4 -2.5
v 7.3 7.4 -2.5
v 7.3 7.5 -2.5
v 7.3 7.5 -2.6
v 7.3 7.4 -2.6
v 7.2 7.4 -2.6
v 7.2 7.5 -2.6
v 7.3 7.5 -2.5
v 7.3 7.4 -2.5
v 7.4 7.4 -2.5
v 7.4 7.5 -2.5
v 7.4 7.5 -2.6
v 7.4 7.4 -2.6
v 7.3 7.4 -2.6
v 7.3 7.5 -2.6
v 7.4 7.4 -2.5
v 7.4 7.4 -2.6
v 7.5 7.4 -2.6
v 7.5 7.4 -2.5
v 7.4 7.5 -2.5
v 7.4 7.4 -2.5
v 7.5 7.4 -2.5
v 7.5 7.5 -2.5
v 7.5 7.5 -2.6
v 7.5 7.4 -2.6
v 7.4 7.4 -2.6
v 7.4 7.5 -2.6
v 7.6 7.5 -2.5
v 7.6 7.4 -2.5
v 7.6 7.4 -2.6
v 7.6 7.5 -2.6
v 7.5 7.4 -2.5
v 7.5 7.4 -2.6
v 7.6 7.4 -2.6
v 7.6 7.4 -2.5
v 7.5 7.5 -2.5
v 7.5 7.4 -2.5
v 7.6 7.4 -2.5
v 7.6 7.5 -2.5
v 7.6 7.5 -2.6
v 7.6 7.4 -2.6
v 7.5 7.4 -2.6
v 7.5 7.5 -2.6
v 8.8 7.5 -2.6
v 8.8 7.4 -2.6
v 8.8 7.4 -2.5
v 8.8 7.5 -2.5
v 8.8 7.5 -2.5
v 8.8 7.4 -2.5
v 8.9 7.4 -2.5
v 8.9 7.5 -2.5
v 8.9 7.5 -2.6
v 8.9 7.4 -2.6
v 8.8 7.4 -2.6
v 8.8 7.5 -2.6
v 8.9 7.5 -2.5
v 8.9 7.4 -2.5
v 9 7.4 -2.5
v 9 7.5 -2.5
v 9 7.5 -2.6
v 9 7.4 -2.6
v 8.9 7.4 -2.6
v 8.9 7.5 -2.6
v 9 7.5 -2.5
v 9 7.4 -2.5
v 9.1 7.4 -2.5
v 9.1 7.5 -2.5
v 9.1 7.5 -2.6
v 9.1 7.4 -2.6
v 9 7.4 -2.6
v 9 7.5 -2.6
v 9.2 7.5 -2.5
v 9.2 7.4 -2.5
v 9.2 7.4 -2.6
v 9.2 7.5 -2.6
v 9.1 7.5 -2.6
v 9.1 7.5 -2.5
v 9.2 7.5 -2.5
v 9.2 7.5 -2.6
v 9.1 7.5 -2.5
v 9.1 7.4 -2.5
v 9.2 7.4 -2.5
v 9.2 7.5 -2.5
v 9.2 7.5 -2.6
v 9.2 7.4 -2.6
v 9.1 7.4 -2.6
v 9.1 7.5 -2.6
v 12.3 7.5 -2.6
v 12.3 7.4 -2.6
v 12.3 7.4 -2.5
v 12.3 7.5 -2.5
v 12.4 7.5 -2.5
v 12.4 7.4 -2.5
v 12.4 7.4 -2.6
v 12.4 7.5 -2.6
v 12.3 7.5 -2.6
v 12.3 7.5 -2.5
v 12.4 7.5 -2.5
v 12.4 7.5 -2.6
v 12.3 7.5 -2.5
v 12.3 7.4 -2.5
v 12.4 7.4 -2.5
v 12.4 7.5 -2.5
v 12.4 7.5 -2.6
v 12.4 7.4 -2.6
v 12.3 7.4 -2.6
v 12.3 7.5 -2.6
v 4.3 7.4 -2.6
v 4.3 7.3 -2.6
v 4.3 7.3 -2.5
v 4.3 7.4 -2.5
v 4.3 7.3 -2.5
v 4.3 7.3 -2.6
v 4.4 7.3 -2.6
v 4.4 7.3 -2.5
v 4.3 7.4 -2.5
v 4.3 7.3 -2.5
v 4.4 7.3 -2.5
v 4.4 7.4 -2.5
v 4.4 7.4 -2.6
v 4.4 7.3 -2.6
v 4.3 7.3 -2.6
v 4.3 7.4 -2.6
v 4.4 7.4 -2.5
v 4.4 7.3 -2.5
v 4.5 7.3 -2.5
v 4.5 7.4 -2.5
v 4.5 7.4 -2.6
v 4.5 7.3 -2.6
v 4.4 7.3 -2.6
v 4.4 7.4 -2.6
v 4.5 7.4 -2.5
v 4.5 7.3 -2.5
v 4.6 7.3 -2.5
v 4.6 7.4 -2.5
v 4.6 7.4 -2.6
v 4.6 7.3 -2.6
v 4.5 7.3 -2.6
v 4.5 7.4 -2.6
v 4.6 7.4 -2.5
v 4.6 7.3 -2.5
v 4.7 7.3 -2.5
v 4.7 7.4 -2.5
v 4.7 7.4 -2.6
v 4.7 7.3 -2.6
v 4.6 7.3 -2.6
v 4.6 7.4 -2.6
v 4.7 7.4 -2.5
v 4.7 7.3 -2.5
v 4.8 7.3 -2.5
v 4.8 7.4 -2.5
v 4.8 7.4 -2.6
v 4.8 7.3 -2.6
v 4.7 7.3 -2.6
v 4.7 7.4 -2.6
v 4.8 7.4 -2.5
v 4.8 7.3 -2.5
v 4.9 7.3 -2.5
v 4.9 7.4 -2.5
v 4.9 7.4 -2.6
v 4.9 7.3 -2.6
v 4.8 7.3 -2.6
v 4.8 7.4 -2.6
v 4.9 7.4 -2.5
v 4.9 7.3 -2.5
v 5 7.3 -2.5
v 5 7.4 -2.5
v 5 7.4 -2.6
v 5 7.3 -2.6
v 4.9 7.3 -2.6
v 4.9 7.4 -2.6
v 5 7.4 -2.5
v 5 7.3 -2.5
v 5.1 7.3 -2.5
v 5.1 7.4 -2.5
v 5.1 7.4 -2.6
v 5.1 7.3 -2.6
v 5 7.3 -2.6
v 5 7.4 -2.6
v 5.1 7.4 -2.5
v 5.1 7.3 -2.5
v 5.2 7.3 -2.5
v 5.2 7.4 -2.5
v 5.2 7.4 -2.6
v 5.2 7.3 -2.6
v 5.1 7.3 -2.6
v 5.1 7.4 -2.6
v 5.2 7.4 -2.5
v 5.2 7.3 -2.5
v 5.3 7.3 -2.5
v 5.3 7.4 -2.5
v 5.3 7.4 -2.6
v 5.3 7.3 -2.6
v 5.2 7.3 -2.6
v 5.2 7.4 -2.6
v 5.3 7.4 -2.5
v 5.3 7.3 -2.5
v 5.4 7.3 -2.5
v 5.4 7.4 -2.5
v 5.4 7.4 -2.6
v 5.4 7.3 -2.6
v 5.3 7.3 -2.6
v 5.3 7.4 -2.6
v 5.5 7.4 -2.5
v 5.5 7.3 -2.5
v 5.5 7.3 -2.6
v 5.5 7.4 -2.6
v 5.4 7.4 -2.6
v 5.4 7.4 -2.5
v 5.5 7.4 -2.5
v 5.5 7.4 -2.6
v 5.4 7.4 -2.5
v 5.4 7.3 -2.5
v 5.5 7.3 -2.5
v 5.5 7.4 -2.5
v 5.5 7.4 -2.6
v 5.5 7.3 -2.6
v 5.4 7.3 -2.6
v 5.4 7.4 -2.6
v 7 7.4 -2.6
v 7 7.3 -2.6
v 7 7.3 -2.5
v 7 7.4 -2.5
v 7 7.4 -2.6
v 7 7.4 -2.5
v 7.1 7.4 -2.5
v 7.1 7.4 -2.6
v 7 7.4 -2.5
v 7 7.3 -2.5
v 7.1 7.3 -2.5
v 7.1 7.4 -2.5
v 7.1 7.4 -2.6
v 7.1 7.3 -2.6
v 7 7.3 -2.6
v 7 7.4 -2.6
v 7.1 7.4 -2.5
v 7.1 7.3 -2.5
v 7.2 7.3 -2.5
v 7.2 7.4 -2.5
v 7.2 7.4 -2.6
v 7.2 7.3 -2.6
v 7.1 7.3 -2.6
v 7.1 7.4 -2.6
v 7.2 7.4 -2.5
v 7.2 7.3 -2.5
v 7.3 7.3 -2.5
v 7.3 7.4 -2.5
v 7.3 7.4 -2.6
v 7.3 7.3 -2.6
v 7.2 7.3 -2.6
v 7.2 7.4 -2.6
v 7.4 7.4 -2.5
v 7.4 7.3 -2.5
v 7.4 7.3 -2.6
v 7.4 7.4 -2.6
v 7.3 7.3 -2.5
v 7.3 7.3 -2.6
v 7.4 7.3 -2.6
v 7.4 7.3 -2.5
v 7.3 7.4 -2.5
v 7.3 7.3 -2.5
v 7.4 7.3 -2.5
v 7.4 7.4 -2.5
v 7.4 7.4 -2.6
v 7.4 7.3 -2.6
v 7.3 7.3 -2.6
v 7.3 7.4 -2.6
v 8.7 7.4 -2.6
v 8.7 7.3 -2.6
v 8.7 7.3 -2.5
v 8.7 7.4 -2.5
v 8.7 7.4 -2.6
v 8.7 7.4 -2.5
v 8.8 7.4 -2.5
v 8.8 7.4 -2.6
v 8.7 7.4 -2.5
v 8.7 7.3 -2.5
v 8.8 7.3 -2.5
v 8.8 7.4 -2.5
v 8.8 7.4 -2.6
v 8.8 7.3 -2.6
v 8.7 7.3 -2.6
v 8.7 7.4 -2.6
v 8.8 7.4 -2.5
v 8.8 7.3 -2.5
v 8.9 7.3 -2.5
v 8.9 7.4 -2.5
v 8.9 7.4 -2.6
v 8.9 7.3 -2.6
v 8.8 7.3 -2.6
v 8.8 7.4 -2.6
v 8.9 7.4 -2.5
v 8.9 7.3 -2.5
v 9 7.3 -2.5
v 9 7.4 -2.5
v 9 7.4 -2.6
v 9 7.3 -2.6
v 8.9 7.3 -2.6
v 8.9 7.4 -2.6
v 9 7.4 -2.5
v 9 7.3 -2.5
v 9.1 7.3 -2.5
v 9.1 7.4 -2.5
v 9.1 7.4 -2.6
v 9.1 7.3 -2.6
v 9 7.3 -2.6
v 9 7.4 -2.6
v 9.1 7.4 -2.5
v 9.1 7.3 -2.5
v 9.2 7.3 -2.5
v 9.2 7.4 -2.5
v 9.2 7.4 -2.6
v 9.2 7.3 -2.6
v 9.1 7.3 -2.6
v 9.1 7.4 -2.6
v 9.3 7.4 -2.5
v 9.3 7.3 -2.5
v 9.3 7.3 -2.6
v 9.3 7.4 -2.6
v 9.2 7.4 -2.6
v 9.2 7.4 -2.5
v 9.3 7.4 -2.5
v 9.3 7.4 -2.6
v 9.2 7.4 -2.5
v 9.2 7.3 -2.5
v 9.3 7.3 -2.5
v 9.3 7.4 -2.5
v 9.3 7.4 -2.6
v 9.3 7.3 -2.6
v 9.2 7.3 -2.6
v 9.2 7.4 -2.6
v 12.2 7.4 -2.6
v 12.2 7.3 -2.6
v 12.2 7.3 -2.5
v 12.2 7.4 -2.5
v 12.2 7.4 -2.6
v 12.2 7.4 -2.5
v 12.3 7.4 -2.5
v 12.3 7.4 -2.6
v 12.2 7.4 -2.5
v 12.2 7.3 -2.5
v 12.3 7.3 -2.5
v 12.3 7.4 -2.5
v 12.3 7.4 -2.6
v 12.3 7.3 -2.6
v 12.2 7.3 -2.6
v 12.2 7.4 -2.6
v 12.4 7.4 -2.5
v 12.4 7.3 -2.5
v 12.4 7.3 -2.6
v 12.4 7.4 -2.6
v 12.3 7.4 -2.5
v 12.3 7.3 -2.5
v 12.4 7.3 -2.5
v 12.4 7.4 -2.5
v 12.4 7.4 -2.6
v 12.4 7.3 -2.6
v 12.3 7.3 -2.6
v 12.3 7.4 -2.6
v 4.4 7.3 -2.6
v 4.4 7.2 -2.6
v 4.4 7.2 -2.5
v 4.4 7.3 -2.5
v 4.4 7.3 -2.5
v 4.4 7.2 -2.5
v 4.5 7.2 -2.5
v 4.5 7.3 -2.5
v 4.5 7.3 -2.6
v 4.5 7.2 -2.6
v 4.4 7.2 -2.6
v 4.4 7.3 -2.6
v 4.5 7.3 -2.5
v 4.5 7.2 -2.5
v 4.6 7.2 -2.5
v 4.6 7.3 -2.5
v 4.6 7.3 -2.6
v 4.6 7.2 -2.6
v 4.5 7.2 -2.6
v 4.5 7.3 -2.6
v 4.6 7.3 -2.5
v 4.6 7.2 -2.5
v 4.7 7.2 -2.5
v 4.7 7.3 -2.5
v 4.7 7.3 -2.6
v 4.7 7.2 -2.6
v 4.6 7.2 -2.6
v 4.6 7.3 -2.6
v 4.7 7.3 -2.5
v 4.7 7.2 -2.5
v 4.8 7.2 -2.5
v 4.8 7.3 -2.5
v 4.8 7.3 -2.6
v 4.8 7.2 -2.6
v 4.7 7.2 -2.6
v 4.7 7.3 -2.6
v 4.8 7.3 -2.5
v 4.8 7.2 -2.5
v 4.9 7.2 -2.5
v 4.9 7.3 -2.5
v 4.9 7.3 -2.6
v 4.9 7.2 -2.6
v 4.8 7.2 -2.6
v 4.8 7.3 -2.6
v 4.9 7.3 -2.5
v 4.9 7.2 -2.5
v 5 7.2 -2.5
v 5 7.3 -2.5
v 5 7.3 -2.6
v 5 7.2 -2.6
v 4.9 7.2 -2.6
v 4.9 7.3 -2.6
v 5 7.3 -2.5
v 5 7.2 -2.5
v 5.1 7.2 -2.5
v 5.1 7.3 -2.5
v 5.1 7.3 -2.6
v 5.1 7.2 -2.6
v 5 7.2 -2.6
v 5 7.3 -2.6
v 5.1 7.3 -2.5
v 5.1 7.2 -2.5
v 5.2 7.2 -2.5
v 5.2 7.3 -2.5
v 5.2 7.3 -2.6
v 5.2 7.2 -2.6
v 5.1 7.2 -2.6
v 5.1 7.3 -2.6
v 5.2 7.3 -2.5
v 5.2 7.2 -2.5
v 5.3 7.2 -2.5
v 5.3 7.3 -2.5
v 5.3 7.3 -2.6
v 5.3 7.2 -2.6
v 5.2 7.2 -2.6
v 5.2 7.3 -2.6
v 5.3 7.3 -2.5
v 5.3 7.2 -2.5
v 5.4 7.2 -2.5
v 5.4 7.3 -2.5
v 5.4 7.3 -2.6
v 5.4 7.2 -2.6
v 5.3 7.2 -2.6
v 5.3 7.3 -2.6
v 5.4 7.3 -2.5
v 5.4 7.2 -2.5
v 5.5 7.2 -2.5
v 5.5 7.3 -2.5
v 5.5 7.3 -2.6
v 5.5 7.2 -2.6
v 5.4 7.2 -2.6
v 5.4 7.3 -2.6
v 5.6 7.3 -2.5
v 5.6 7.2 -2.5
v 5.6 7.2 -2.6
v 5.6 7.3 -2.6
v 5.5 7.3 -2.6
v 5.5 7.3 -2.5
v 5.6 7.3 -2.5
v 5.6 7.3 -2.6
v 5.5 7.3 -2.5
v 5.5 7.2 -2.5
v 5.6 7.2 -2.5
v 5.6 7.3 -2.5
v 5.6 7.3 -2.6
v 5.6 7.2 -2.6
v 5.5 7.2 -2.6
v 5.5 7.3 -2.6
v 7 7.3 -2.6
v 7 7.2 -2.6
v 7 7.2 -2.5
v 7 7.3 -2.5
v 7 7.3 -2.5
v 7 7.2 -2.5
v 7.1 7.2 -2.5
v 7.1 7.3 -2.5
v 7.1 7.3 -2.6
v 7.1 7.2 -2.6
v 7 7.2 -2.6
v 7 7.3 -2.6
v 7.1 7.2 -2.5
v 7.1 7.2 -2.6
v 7.2 7.2 -2.6
v 7.2 7.2 -2.5
v 7.1 7.3 -2.5
v 7.1 7.2 -2.5
v 7.2 7.2 -2.5
v 7.2 7.3 -2.5
v 7.2 7.3 -2.6
v 7.2 7.2 -2.6
v 7.1 7.2 -2.6
v 7.1 7.3 -2.6
v 7.3 7.3 -2.5
v 7.3 7.2 -2.5
v 7.3 7.2 -2.6
v 7.3 7.3 -2.6
v 7.2 7.2 -2.5
v 7.2 7.2 -2.6
v 7.3 7.2 -2.6
v 7.3 7.2 -2.5
v 7.2 7.3 -2.5
v 7.2 7.2 -2.5
v 7.3 7.2 -2.5
v 7.3 7.3 -2.5
v 7.3 7.3 -2.6
v 7.3 7.2 -2.6
v 7.2 7.2 -2.6
v 7.2 7.3 -2.6
v 8.6 7.3 -2.6
v 8.6 7.2 -2.6
v 8.6 7.2 -2.5
v 8.6 7.3 -2.5
v 8.6 7.3 -2.6
v 8.6 7.3 -2.5
v 8.7 7.3 -2.5
v 8.7 7.3 -2.6
v 8.6 7.3 -2.5
v 8.6 7.2 -2.5
v 8.7 7.2 -2.5
v 8.7 7.3 -2.5
v 8.7 7.3 -2.6
v 8.7 7.2 -2.6
v 8.6 7.2 -2.6
v 8.6 7.3 -2.6
v 8.7 7.3 -2.5
v 8.7 7.2 -2.5
v 8.8 7.2 -2.5
v 8.8 7.3 -2.5
v 8.8 7.3 -2.6
v 8.8 7.2 -2.6
v 8.7 7.2 -2.6
v 8.7 7.3 -2.6
v 8.8 7.3 -2.5
v 8.8 7.2 -2.5
v 8.9 7.2 -2.5
v 8.9 7.3 -2.5
v 8.9 7.3 -2.6
v 8.9 7.2 -2.6
v 8.8 7.2 -2.6
v 8.8 7.3 -2.6
v 8.9 7.3 -2.5
v 8.9 7.2 -2.5
v 9 7.2 -2.5
v 9 7.3 -2.5
v 9 7.3 -2.6
v 9 7.2 -2.6
v 8.9 7.2 -2.6
v 8.9 7.3 -2.6
v 9 7.3 -2.5
v 9 7.2 -2.5
v 9.1 7.2 -2.5
v 9.1 7.3 -2.5
v 9.1 7.3 -2.6
v 9.1 7.2 -2.6
v 9 7.2 -2.6
v 9 7.3 -2.6
v 9.1 7.3 -2.5
v 9.1 7.2 -2.5
v 9.2 7.2 -2.5
v 9.2 7.3 -2.5
v 9.2 7.3 -2.6
v 9.2 7.2 -2.6
v 9.1 7.2 -2.6
v 9.1 7.3 -2.6
v 9.2 7.3 -2.5
v 9.2 7.2 -2.5
v 9.3 7.2 -2.5
v 9.3 7.3 -2.5
v 9.3 7.3 -2.6
v 9.3 7.2 -2.6
v 9.2 7.2 -2.6
v 9.2 7.3 -2.6
v 9.4 7.3 -2.5
v 9.4 7.2 -2.5
v 9.4 7.2 -2.6
v 9.4 7.3 -2.6
v 9.3 7.3 -2.6
v 9.3 7.3 -2.5
v 9.4 7.3 -2.5
v 9.4 7.3 -2.6
v 9.3 7.3 -2.5
v 9.3 7.2 -2.5
v 9.4 7.2 -2.5
v 9.4 7.3 -2.5
v 9.4 7.3 -2.6
v 9.4 7.2 -2.6
v 9.3 7.2 -2.6
v 9.3 7.3 -2.6
v 12.2 7.3 -2.6
v 12.2 7.2 -2.6
v 12.2 7.2 -2.5
v 12.2 7.3 -2.5
v 12.2 7.3 -2.5
v 12.2 7.2 -2.5
v 12.3 7.2 -2.5
v 12.3 7.3 -2.5
v 12.3 7.3 -2.6
v 12.3 7.2 -2.6
v 12.2 7.2 -2.6
v 12.2 7.3 -2.6
v 12.4 7.3 -2.5
v 12.4 7.2 -2.5
v 12.4 7.2 -2.6
v 12.4 7.3 -2.6
v 12.3 7.2 -2.5
v 12.3 7.2 -2.6
v 12.4 7.2 -2.6
v 12.4 7.2 -2.5
v 12.3 7.3 -2.5
v 12.3 7.2 -2.5
v 12.4 7.2 -2.5
v 12.4 7.3 -2.5
v 12.4 7.3 -2.6
v 12.4 7.2 -2.6
v 12.3 7.2 -2.6
v 12.3 7.3 -2.6
v 4.4 7.2 -2.6
v 4.4 7.1 -2.6
v 4.4 7.1 -2.5
v 4.4 7.2 -2.5
v 4.4 7.2 -2.5
v 4.4 7.1 -2.5
v 4.5 7.1 -2.5
v 4.5 7.2 -2.5
v 4.5 7.2 -2.6
v 4.5 7.1 -2.6
v 4.4 7.1 -2.6
v 4.4 7.2 -2.6
v 4.5 7.2 -2.5
v 4.5 7.1 -2.5
v 4.6 7.1 -2.5
v 4.6 7.2 -2.5
v 4.6 7.2 -2.6
v 4.6 7.1 -2.6
v 4.5 7.1 -2.6
v 4.5 7.2 -2.6
v 4.6 7.2 -2.5
v 4.6 7.1 -2.5
v 4.7 7.1 -2.5
v 4.7 7.2 -2.5
v 4.7 7.2 -2.6
v 4.7 7.1 -2.6
v 4.6 7.1 -2.6
v 4.6 7.2 -2.6
v 4.7 7.2 -2.5
v 4.7 7.1 -2.5
v 4.8 7.1 -2.5
v 4.8 7.2 -2.5
v 4.8 7.2 -2.6
v 4.8 7.1 -2.6
v 4.7 7.1 -2.6
v 4.7 7.2 -2.6
v 4.8 7.2 -2.5
v 4.8 7.1 -2.5
v 4.9 7.1 -2.5
v 4.9 7.2 -2.5
v 4.9 7.2 -2.6
v 4.9 7.1 -2.6
v 4.8 7.1 -2.6
v 4.8 7.2 -2.6
v 4.9 7.2 -2.5
v 4.9 7.1 -2.5
v 5 7.1 -2.5
v 5 7.2 -2.5
v 5 7.2 -2.6
v 5 7.1 -2.6
v 4.9 7.1 -2.6
v 4.9 7.2 -2.6
v 5 7.2 -2.5
v 5 7.1 -2.5
v 5.1 7.1 -2.5
v 5.1 7.2 -2.5
v 5.1 7.2 -2.6
v 5.1 7.1 -2.6
v 5 7.1 -2.6
v 5 7.2 -2.6
v 5.1 7.2 -2.5
v 5.1 7.1 -2.5
v 5.2 7.1 -2.5
v 5.2 7.2 -2.5
v 5.2 7.2 -2.6
v 5.2 7.1 -2.6
v 5.1 7.1 -2.6
v 5.1 7.2 -2.6
v 5.2 7.2 -2.5
v 5.2 7.1 -2.5
v 5.3 7.1 -2.5
v 5.3 7.2 -2.5
v 5.3 7.2 -2.6
v 5.3 7.1 -2.6
v 5.2 7.1 -2.6
v 5.2 7.2 -2.6
v 5.3 7.2 -2.5
v 5.3 7.1 -2.5
v 5.4 7.1 -2.5
v 5.4 7.2 -2.5
v 5.4 7.2 -2.6
v 5.4 7.1 -2.6
v 5.3 7.1 -2.6
v 5.3 7.2 -2.6
v 5.4 7.2 -2.5
v 5.4 7.1 -2.5
v 5.5 7.1 -2.5
v 5.5 7.2 -2.5
v 5.5 7.2 -2.6
v 5.5 7.1 -2.6
v 5.4 7.1 -2.6
v 5.4 7.2 -2.6
v 5.5 7.2 -2.5
v 5.5 7.1 -2.5
v 5.6 7.1 -2.5
v 5.6 7.2 -2.5
v 5.6 7.2 -2.6
v 5.6 7.1 -2.6
v 5.5 7.1 -2.6
v 5.5 7.2 -2.6
v 5.6 7.2 -2.6
v 5.6 7.2 -2.5
v 5.7 7.2 -2.5
v 5.7 7.2 -2.6
v 5.6 7.2 -2.5
v 5.6 7.1 -2.5
v 5.7 7.1 -2.5
v 5.7 7.2 -2.5
v 5.7 7.2 -2.6
v 5.7 7.1 -2.6
v 5.6 7.1 -2.6
v 5.6 7.2 -2.6
v 5.8 7.2 -2.5
v 5.8 7.1 -2.5
v 5.8 7.1 -2.6
v 5.8 7.2 -2.6
v 5.7 7.2 -2.6
v 5.7 7.2 -2.5
v 5.8 7.2 -2.5
v 5.8 7.2 -2.6
v 5.7 7.2 -2.5
v 5.7 7.1 -2.5
v 5.8 7.1 -2.5
v 5.8 7.2 -2.5
v 5.8 7.2 -2.6
v 5.8 7.1 -2.6
v 5.7 7.1 -2.6
v 5.7 7.2 -2.6
v 6.7 7.2 -2.6
v 6.7 7.1 -2.6
v 6.7 7.1 -2.5
v 6.7 7.2 -2.5
v 6.7 7.2 -2.6
v 6.7 7.2 -2.5
v 6.8 7.2 -2.5
v 6.8 7.2 -2.6
v 6.7 7.2 -2.5
v 6.7 7.1 -2.5
v 6.8 7.1 -2.5
v 6.8 7.2 -2.5
v 6.8 7.2 -2.6
v 6.8 7.1 -2.6
v 6.7 7.1 -2.6
v 6.7 7.2 -2.6
v 6.8 7.2 -2.6
v 6.8 7.2 -2.5
v 6.9 7.2 -2.5
v 6.9 7.2 -2.6
v 6.8 7.2 -2.5
v 6.8 7.1 -2.5
v 6.9 7.1 -2.5
v 6.9 7.2 -2.5
v 6.9 7.2 -2.6
v 6.9 7.1 -2.6
v 6.8 7.1 -2.6
v 6.8 7.2 -2.6
v 6.9 7.2 -2.6
v 6.9 7.2 -2.5
v 7 7.2 -2.5
v 7 7.2 -2.6
v 6.9 7.1 -2.5
v 6.9 7.1 -2.6
v 7 7.1 -2.6
v 7 7.1 -2.5
v 6.9 7.2 -2.5
v 6.9 7.1 -2.5
v 7 7.1 -2.5
v 7 7.2 -2.5
v 7 7.2 -2.6
v 7 7.1 -2.6
v 6.9 7.1 -2.6
v 6.9 7.2 -2.6
v 7.1 7.2 -2.5
v 7.1 7.1 -2.5
v 7.1 7.1 -2.6
v 7.1 7.2 -2.6
v 7 7.1 -2.5
v 7 7.1 -2.6
v 7.1 7.1 -2.6
v 7.1 7.1 -2.5
v 7 7.2 -2.5
v 7 7.1 -2.5
v 7.1 7.1 -2.5
v 7.1 7.2 -2.5
v 7.1 7.2 -2.6
v 7.1 7.1 -2.6
v 7 7.1 -2.6
v 7 7.2 -2.6
v 8.4 7.2 -2.6
v 8.4 7.1 -2.6
v 8.4 7.1 -2.5
v 8.4 7.2 -2.5
v 8.4 7.2 -2.6
v 8.4 7.2 -2.5
v 8.5 7.2 -2.5
v 8.5 7.2 -2.6
v 8.4 7.2 -2.5
v 8.4 7.1 -2.5
v 8.5 7.1 -2.5
v 8.5 7.2 -2.5
v 8.5 7.2 -2.6
v 8.5 7.1 -2.6
v 8.4 7.1 -2.6
v 8.4 7.2 -2.6
v 8.5 7.2 -2.6
v 8.5 7.2 -2.5
v 8.6 7.2 -2.5
v 8.6 7.2 -2.6
v 8.5 7.2 -2.5
v 8.5 7.1 -2.5
v 8.6 7.1 -2.5
v 8.6 7.2 -2.5
v 8.6 7.2 -2.6
v 8.6 7.1 -2.6
v 8.5 7.1 -2.6
v 8.5 7.2 -2.6
v 8.6 7.2 -2.5
v 8.6 7.1 -2.5
v 8.7 7.1 -2.5
v 8.7 7.2 -2.5
v 8.7 7.2 -2.6
v 8.7 7.1 -2.6
v 8.6 7.1 -2.6
v 8.6 7.2 -2.6
v 8.7 7.2 -2.5
v 8.7 7.1 -2.5
v 8.8 7.1 -2.5
v 8.8 7.2 -2.5
v 8.8 7.2 -2.6
v 8.8 7.1 -2.6
v 8.7 7.1 -2.6
v 8.7 7.2 -2.6
v 8.8 7.2 -2.5
v 8.8 7.1 -2.5
v 8.9 7.1 -2.5
v 8.9 7.2 -2.5
v 8.9 7.2 -2.6
v 8.9 7.1 -2.6
v 8.8 7.1 -2.6
v 8.8 7.2 -2.6
v 8.9 7.2 -2.5
v 8.9 7.1 -2.5
v 9 7.1 -2.5
v 9 7.2 -2.5
v 9 7.2 -2.6
v 9 7.1 -2.6
v 8.9 7.1 -2.6
v 8.9 7.2 -2.6
v 9 7.2 -2.5
v 9 7.1 -2.5
v 9.1 7.1 -2.5
v 9.1 7.2 -2.5
v 9.1 7.2 -2.6
v 9.1 7.1 -2.6
v 9 7.1 -2.6
v 9 7.2 -2.6
v 9.1 7.2 -2.5
v 9.1 7.1 -2.5
v 9.2 7.1 -2.5
v 9.2 7.2 -2.5
v 9.2 7.2 -2.6
v 9.2 7.1 -2.6
v 9.1 7.1 -2.6
v 9.1 7.2 -2.6
v 9.2 7.2 -2.5
v 9.2 7.1 -2.5
v 9.3 7.1 -2.5
v 9.3 7.2 -2.5
v 9.3 7.2 -2.6
v 9.3 7.1 -2.6
v 9.2 7.1 -2.6
v 9.2 7.2 -2.6
v 9.4 7.2 -2.5
v 9.4 7.1 -2.5
v 9.4 7.1 -2.6
v 9.4 7.2 -2.6
v 9.3 7.2 -2.5
v 9.3 7.1 -2.5
v 9.4 7.1 -2.5
v 9.4 7.2 -2.5
v 9.4 7.2 -2.6
v 9.4 7.1 -2.6
v 9.3 7.1 -2.6
v 9.3 7.2 -2.6
v 12.1 7.2 -2.6
v 12.1 7.1 -2.6
v 12.1 7.1 -2.5
v 12.1 7.2 -2.5
v 12.1 7.2 -2.6
v 12.1 7.2 -2.5
v 12.2 7.2 -2.5
v 12.2 7.2 -2.6
v 12.1 7.2 -2.5
v 12.1 7.1 -2.5
v 12.2 7.1 -2.5
v 12.2 7.2 -2.5
v 12.2 7.2 -2.6
v 12.2 7.1 -2.6
v 12.1 7.1 -2.6
v 12.1 7.2 -2.6
v 12.3 7.2 -2.5
v 12.3 7.1 -2.5
v 12.3 7.1 -2.6
v 12.3 7.2 -2.6
v 12.2 7.2 -2.5
v 12.2 7.1 -2.5
v 12.3 7.1 -2.5
v 12.3 7.2 -2.5
v 12.3 7.2 -2.6
v 12.3 7.1 -2.6
v 12.2 7.1 -2.6
v 12.2 7.2 -2.6
v 4.4 7.1 -2.6
v 4.4 7 -2.6
v 4.4 7 -2.5
v 4.4 7.1 -2.5
v 4.4 7 -2.5
v 4.4 7 -2.6
v 4.5 7 -2.6
v 4.5 7 -2.5
v 4.4 7.1 -2.5
v 4.4 7 -2.5
v 4.5 7 -2.5
v 4.5 7.1 -2.5
v 4.5 7.1 -2.6
v 4.5 7 -2.6
v 4.4 7 -2.6
v 4.4 7.1 -2.6
v 4.5 7.1 -2.5
v 4.5 7 -2.5
v 4.6 7 -2.5
v 4.6 7.1 -2.5
v 4.6 7.1 -2.6
v 4.6 7 -2.6
v 4.5 7 -2.6
v 4.5 7.1 -2.6
v 4.6 7.1 -2.5
v 4.6 7 -2.5
v 4.7 7 -2.5
v 4.7 7.1 -2.5
v 4.7 7.1 -2.6
v 4.7 7 -2.6
v 4.6 7 -2.6
v 4.6 7.1 -2.6
v 4.7 7.1 -2.5
v 4.7 7 -2.5
v 4.8 7 -2.5
v 4.8 7.1 -2.5
v 4.8 7.1 -2.6
v 4.8 7 -2.6
v 4.7 7 -2.6
v 4.7 7.1 -2.6
v 4.8 7.1 -2.5
v 4.8 7 -2.5
v 4.9 7 -2.5
v 4.9 7.1 -2.5
v 4.9 7.1 -2.6
v 4.9 7 -2.6
v 4.8 7 -2.6
v 4.8 7.1 -2.6
v 4.9 7.1 -2.5
v 4.9 7 -2.5
v 5 7 -2.5
v 5 7.1 -2.5
v 5 7.1 -2.6
v 5 7 -2.6
v 4.9 7 -2.6
v 4.9 7.1 -2.6
v 5 7.1 -2.5
v 5 7 -2.5
v 5.1 7 -2.5
v 5.1 7.1 -2.5
v 5.1 7.1 -2.6
v 5.1 7 -2.6
v 5 7 -2.6
v 5 7.1 -2.6
v 5.1 7.1 -2.5
v 5.1 7 -2.5
v 5.2 7 -2.5
v 5.2 7.1 -2.5
v 5.2 7.1 -2.6
v 5.2 7 -2.6
v 5.1 7 -2.6
v 5.1 7.1 -2.6
v 5.2 7.1 -2.5
v 5.2 7 -2.5
v 5.3 7 -2.5
v 5.3 7.1 -2.5
v 5.3 7.1 -2.6
v 5.3 7 -2.6
v 5.2 7 -2.6
v 5.2 7.1 -2.6
v 5.3 7.1 -2.5
v 5.3 7 -2.5
v 5.4 7 -2.5
v 5.4 7.1 -2.5
v 5.4 7.1 -2.6
v 5.4 7 -2.6
v 5.3 7 -2.6
v 5.3 7.1 -2.6
v 5.4 7.1 -2.5
v 5.4 7 -2.5
v 5.5 7 -2.5
v 5.5 7.1 -2.5
v 5.5 7.1 -2.6
v 5.5 7 -2.6
v 5.4 7 -2.6
v 5.4 7.1 -2.6
v 5.5 7.1 -2.5
v 5.5 7 -2.5
v 5.6 7 -2.5
v 5.6 7.1 -2.5
v 5.6 7.1 -2.6
v 5.6 7 -2.6
v 5.5 7 -2.6
v 5.5 7.1 -2.6
v 5.6 7.1 -2.5
v 5.6 7 -2.5
v 5.7 7 -2.5
v 5.7 7.1 -2.5
v 5.7 7.1 -2.6
v 5.7 7 -2.6
v 5.6 7 -2.6
v 5.6 7.1 -2.6
v 5.7 7.1 -2.5
v 5.7 7 -2.5
v 5.8 7 -2.5
v 5.8 7.1 -2.5
v 5.8 7.1 -2.6
v 5.8 7 -2.6
v 5.7 7 -2.6
v 5.7 7.1 -2.6
v 5.8 7.1 -2.6
v 5.8 7.1 -2.5
v 5.9 7.1 -2.5
v 5.9 7.1 -2.6
v 5.8 7.1 -2.5
v 5.8 7 -2.5
v 5.9 7 -2.5
v 5.9 7.1 -2.5
v 5.9 7.1 -2.6
v 5.9 7 -2.6
v 5.8 7 -2.6
v 5.8 7.1 -2.6
v 5.9 7.1 -2.6
v 5.9 7.1 -2.5
v 6 7.1 -2.5
v 6 7.1 -2.6
v 5.9 7.1 -2.5
v 5.9 7 -2.5
v 6 7 -2.5
v 6 7.1 -2.5
v 6 7.1 -2.6
v 6 7 -2.6
v 5.9 7 -2.6
v 5.9 7.1 -2.6
v 6.1 7.1 -2.5
v 6.1 7 -2.5
v 6.1 7 -2.6
v 6.1 7.1 -2.6
v 6 7.1 -2.6
v 6 7.1 -2.5
v 6.1 7.1 -2.5
v 6.1 7.1 -2.6
v 6 7.1 -2.5
v 6 7 -2.5
v 6.1 7 -2.5
v 6.1 7.1 -2.5
v 6.1 7.1 -2.6
v 6.1 7 -2.6
v 6 7 -2.6
v 6 7.1 -2.6
v 6.6 7.1 -2.6
v 6.6 7 -2.6
v 6.6 7 -2.5
v 6.6 7.1 -2.5
v 6.6 7.1 -2.6
v 6.6 7.1 -2.5
v 6.7 7.1 -2.5
v 6.7 7.1 -2.6
v 6.6 7.1 -2.5
v 6.6 7 -2.5
v 6.7 7 -2.5
v 6.7 7.1 -2.5
v 6.7 7.1 -2.6
v 6.7 7 -2.6
v 6.6 7 -2.6
v 6.6 7.1 -2.6
v 6.7 7 -2.5
v 6.7 7 -2.6
v 6.8 7 -2.6
v 6.8 7 -2.5
v 6.7 7.1 -2.5
v 6.7 7 -2.5
v 6.8 7 -2.5
v 6.8 7.1 -2.5
v 6.8 7.1 -2.6
v 6.8 7 -2.6
v 6.7 7 -2.6
v 6.7 7.1 -2.6
v 6.9 7.1 -2.5
v 6.9 7 -2.5
v 6.9 7 -2.6
v 6.9 7.1 -2.6
v 6.8 7 -2.5
v 6.8 7 -2.6
v 6.9 7 -2.6
v 6.9 7 -2.5
v 6.8 7.1 -2.5
v 6.8 7 -2.5
v 6.9 7 -2.5
v 6.9 7.1 -2.5
v 6.9 7.1 -2.6
v 6.9 7 -2.6
v 6.8 7 -2.6
v 6.8 7.1 -2.6
v 8.1 7.1 -2.6
v 8.1 7 -2.6
v 8.1 7 -2.5
v 8.1 7.1 -2.5
v 8.1 7.1 -2.6
v 8.1 7.1 -2.5
v 8.2 7.1 -2.5
v 8.2 7.1 -2.6
v 8.1 7.1 -2.5
v 8.1 7 -2.5
v 8.2 7 -2.5
v 8.2 7.1 -2.5
v 8.2 7.1 -2.6
v 8.2 7 -2.6
v 8.1 7 -2.6
v 8.1 7.1 -2.6
v 8.2 7.1 -2.6
v 8.2 7.1 -2.5
v 8.3 7.1 -2.5
v 8.3 7.1 -2.6
v 8.2 7.1 -2.5
v 8.2 7 -2.5
v 8.3 7 -2.5
v 8.3 7.1 -2.5
v 8.3 7.1 -2.6
v 8.3 7 -2.6
v 8.2 7 -2.6
v 8.2 7.1 -2.6
v 8.3 7.1 -2.6
v 8.3 7.1 -2.5
v 8.4 7.1 -2.5
v 8.4 7.1 -2.6
v 8.3 7.1 -2.5
v 8.3 7 -2.5
v 8.4 7 -2.5
v 8.4 7.1 -2.5
v 8.4 7.1 -2.6
v 8.4 7 -2.6
v 8.3 7 -2.6
v 8.3 7.1 -2.6
v 8.4 7.1 -2.5
v 8.4 7 -2.5
v 8.5 7 -2.5
v 8.5 7.1 -2.5
v 8.5 7.1 -2.6
v 8.5 7 -2.6
v 8.4 7 -2.6
v 8.4 7.1 -2.6
v 8.5 7.1 -2.5
v 8.5 7 -2.5
v 8.6 7 -2.5
v 8.6 7.1 -2.5
v 8.6 7.1 -2.6
v 8.6 7 -2.6
v 8.5 7 -2.6
v 8.5 7.1 -2.6
v 8.6 7.1 -2.5
v 8.6 7 -2.5
v 8.7 7 -2.5
v 8.7 7.1 -2.5
v 8.7 7.1 -2.6
v 8.7 7 -2.6
v 8.6 7 -2.6
v 8.6 7.1 -2.6
v 8.7 7.1 -2.5
v 8.7 7 -2.5
v 8.8 7 -2.5
v 8.8 7.1 -2.5
v 8.8 7.1 -2.6
v 8.8 7 -2.6
v 8.7 7 -2.6
v 8.7 7.1 -2.6
v 8.8 7.1 -2.5
v 8.8 7 -2.5
v 8.9 7 -2.5
v 8.9 7.1 -2.5
v 8.9 7.1 -2.6
v 8.9 7 -2.6
v 8.8 7 -2.6
v 8.8 7.1 -2.6
v 8.9 7.1 -2.5
v 8.9 7 -2.5
v 9 7 -2.5
v 9 7.1 -2.5
v 9 7.1 -2.6
v 9 7 -2.6
v 8.9 7 -2.6
v 8.9 7.1 -2.6
v 9 7.1 -2.5
v 9 7 -2.5
v 9.1 7 -2.5
v 9.1 7.1 -2.5
v 9.1 7.1 -2.6
v 9.1 7 -2.6
v 9 7 -2.6
v 9 7.1 -2.6
v 9.1 7.1 -2.5
v 9.1 7 -2.5
v 9.2 7 -2.5
v 9.2 7.1 -2.5
v 9.2 7.1 -2.6
v 9.2 7 -2.6
v 9.1 7 -2.6
v 9.1 7.1 -2.6
v 9.2 7.1 -2.5
v 9.2 7 -2.5
v 9.3 7 -2.5
v 9.3 7.1 -2.5
v 9.3 7.1 -2.6
v 9.3 7 -2.6
v 9.2 7 -2.6
v 9.2 7.1 -2.6
v 9.4 7.1 -2.5
v 9.4 7 -2.5
v 9.4 7 -2.6
v 9.4 7.1 -2.6
v 9.3 7.1 -2.5
v 9.3 7 -2.5
v 9.4 7 -2.5
v 9.4 7.1 -2.5
v 9.4 7.1 -2.6
v 9.4 7 -2.6
v 9.3 7 -2.6
v 9.3 7.1 -2.6
v 12 7.1 -2.6
v 12 7 -2.6
v 12 7 -2.5
v 12 7.1 -2.5
v 12 7.1 -2.6
v 12 7.1 -2.5
v 12.1 7.1 -2.5
v 12.1 7.1 -2.6
v 12 7.1 -2.5
v 12 7 -2.5
v 12.1 7 -2.5
v 12.1 7.1 -2.5
v 12.1 7.1 -2.6
v 12.1 7 -2.6
v 12 7 -2.6
v 12 7.1 -2.6
v 12.1 7.1 -2.5
v 12.1 7 -2.5
v 12.2 7 -2.5
v 12.2 7.1 -2.5
v 12.2 7.1 -2.6
v 12.2 7 -2.6
v 12.1 7 -2.6
v 12.1 7.1 -2.6
v 12.3 7.1 -2.5
v 12.3 7 -2.5
v 12.3 7 -2.6
v 12.3 7.1 -2.6
v 12.2 7 -2.5
v 12.2 7 -2.6
v 12.3 7 -2.6
v 12.3 7 -2.5
v 12.2 7.1 -2.5
v 12.2 7 -2.5
v 12.3 7 -2.5
v 12.3 7.1 -2.5
v 12.3 7.1 -2.6
v 12.3 7 -2.6
v 12.2 7 -2.6
v 12.2 7.1 -2.6
v 4.5 7 -2.6
v 4.5 6.9 -2.6
v 4.5 6.9 -2.5
v 4.5 7 -2.5
v 4.5 7 -2.5
v 4.5 6.9 -2.5
v 4.6 6.9 -2.5
v 4.6 7 -2.5
v 4.6 7 -2.6
v 4.6 6.9 -2.6
v 4.5 6.9 -2.6
v 4.5 7 -2.6
v 4.6 7 -2.5
v 4.6 6.9 -2.5
v 4.7 6.9 -2.5
v 4.7 7 -2.5
v 4.7 7 -2.6
v 4.7 6.9 -2.6
v 4.6 6.9 -2.6
v 4.6 7 -2.6
v 4.7 7 -2.5
v 4.7 6.9 -2.5
v 4.8 6.9 -2.5
v 4.8 7 -2.5
v 4.8 7 -2.6
v 4.8 6.9 -2.6
v 4.7 6.9 -2.6
v 4.7 7 -2.6
v 4.8 7 -2.5
v 4.8 6.9 -2.5
v 4.9 6.9 -2.5
v 4.9 7 -2.5
v 4.9 7 -2.6
v 4.9 6.9 -2.6
v 4.8 6.9 -2.6
v 4.8 7 -2.6
v 4.9 7 -2.5
v 4.9 6.9 -2.5
v 5 6.9 -2.5
v 5 7 -2.5
v 5 7 -2.6
v 5 6.9 -2.6
v 4.9 6.9 -2.6
v 4.9 7 -2.6
v 5 7 -2.5
v 5 6.9 -2.5
v 5.1 6.9 -2.5
v 5.1 7 -2.5
v 5.1 7 -2.6
v 5.1 6.9 -2.6
v 5 6.9 -2.6
v 5 7 -2.6
v 5.1 7 -2.5
v 5.1 6.9 -2.5
v 5.2 6.9 -2.5
v 5.2 7 -2.5
v 5.2 7 -2.6
v 5.2 6.9 -2.6
v 5.1 6.9 -2.6
v 5.1 7 -2.6
v 5.2 7 -2.5
v 5.2 6.9 -2.5
v 5.3 6.9 -2.5
v 5.3 7 -2.5
v 5.3 7 -2.6
v 5.3 6.9 -2.6
v 5.2 6.9 -2.6
v 5.2 7 -2.6
v 5.3 7 -2.5
v 5.3 6.9 -2.5
v 5.4 6.9 -2.5
v 5.4 7 -2.5
v 5.4 7 -2.6
v 5.4 6.9 -2.6
v 5.3 6.9 -2.6
v 5.3 7 -2.6
v 5.4 7 -2.5
v 5.4 6.9 -2.5
v 5.5 6.9 -2.5
v 5.5 7 -2.5
v 5.5 7 -2.6
v 5.5 6.9 -2.6
v 5.4 6.9 -2.6
v 5.4 7 -2.6
v 5.5 7 -2.5
v 5.5 6.9 -2.5
v 5.6 6.9 -2.5
v 5.6 7 -2.5
v 5.6 7 -2.6
v 5.6 6.9 -2.6
v 5.5 6.9 -2.6
v 5.5 7 -2.6
v 5.6 7 -2.5
v 5.6 6.9 -2.5
v 5.7 6.9 -2.5
v 5.7 7 -2.5
v 5.7 7 -2.6
v 5.7 6.9 -2.6
v 5.6 6.9 -2.6
v 5.6 7 -2.6
v 5.7 7 -2.5
v 5.7 6.9 -2.5
v 5.8 6.9 -2.5
v 5.8 7 -2.5
v 5.8 7 -2.6
v 5.8 6.9 -2.6
v 5.7 6.9 -2.6
v 5.7 7 -2.6
v 5.8 7 -2.5
v 5.8 6.9 -2.5
v 5.9 6.9 -2.5
v 5.9 7 -2.5
v 5.9 7 -2.6
v 5.9 6.9 -2.6
v 5.8 6.9 -2.6
v 5.8 7 -2.6
v 5.9 7 -2.5
v 5.9 6.9 -2.5
v 6 6.9 -2.5
v 6 7 -2.5
v 6 7 -2.6
v 6 6.9 -2.6
v 5.9 6.9 -2.6
v 5.9 7 -2.6
v 6 7 -2.5
v 6 6.9 -2.5
v 6.1 6.9 -2.5
v 6.1 7 -2.5
v 6.1 7 -2.6
v 6.1 6.9 -2.6
v 6 6.9 -2.6
v 6 7 -2.6
v 6.1 7 -2.6
v 6.1 7 -2.5
v 6.2 7 -2.5
v 6.2 7 -2.6
v 6.1 7 -2.5
v 6.1 6.9 -2.5
v 6.2 6.9 -2.5
v 6.2 7 -2.5
v 6.2 7 -2.6
v 6.2 6.9 -2.6
v 6.1 6.9 -2.6
v 6.1 7 -2.6
v 6.3 7 -2.5
v 6.3 6.9 -2.5
v 6.3 6.9 -2.6
v 6.3 7 -2.6
v 6.2 7 -2.6
v 6.2 7 -2.5
v 6.3 7 -2.5
v 6.3 7 -2.6
v 6.2 7 -2.5
v 6.2 6.9 -2.5
v 6.3 6.9 -2.5
v 6.3 7 -2.5
v 6.3 7 -2.6
v 6.3 6.9 -2.6
v 6.2 6.9 -2.6
v 6.2 7 -2.6
v 6.5 7 -2.6
v 6.5 6.9 -2.6
v 6.5 6.9 -2.5
v 6.5 7 -2.5
v 6.5 7 -2.6
v 6.5 7 -2.5
v 6.6 7 -2.5
v 6.6 7 -2.6
v 6.5 6.9 -2.5
v 6.5 6.9 -2.6
v 6.6 6.9 -2.6
v 6.6 6.9 -2.5
v 6.5 7 -2.5
v 6.5 6.9 -2.5
v 6.6 6.9 -2.5
v 6.6 7 -2.5
v 6.6 7 -2.6
v 6.6 6.9 -2.6
v 6.5 6.9 -2.6
v 6.5 7 -2.6
v 6.7 7 -2.5
v 6.7 6.9 -2.5
v 6.7 6.9 -2.6
v 6.7 7 -2.6
v 6.6 6.9 -2.5
v 6.6 6.9 -2.6
v 6.7 6.9 -2.6
v 6.7 6.9 -2.5
v 6.6 7 -2.5
v 6.6 6.9 -2.5
v 6.7 6.9 -2.5
v 6.7 7 -2.5
v 6.7 7 -2.6
v 6.7 6.9 -2.6
v 6.6 6.9 -2.6
v 6.6 7 -2.6
v 7.8 7 -2.6
v 7.8 6.9 -2.6
v 7.8 6.9 -2.5
v 7.8 7 -2.5
v 7.8 7 -2.6
v 7.8 7 -2.5
v 7.9 7 -2.5
v 7.9 7 -2.6
v 7.8 7 -2.5
v 7.8 6.9 -2.5
v 7.9 6.9 -2.5
v 7.9 7 -2.5
v 7.9 7 -2.6
v 7.9 6.9 -2.6
v 7.8 6.9 -2.6
v 7.8 7 -2.6
v 7.9 7 -2.6
v 7.9 7 -2.5
v 8 7 -2.5
v 8 7 -2.6
v 7.9 7 -2.5
v 7.9 6.9 -2.5
v 8 6.9 -2.5
v 8 7 -2.5
v 8 7 -2.6
v 8 6.9 -2.6
v 7.9 6.9 -2.6
v 7.9 7 -2.6
v 8 7 -2.6
v 8 7 -2.5
v 8.1 7 -2.5
v 8.1 7 -2.6
v 8 7 -2.5
v 8 6.9 -2.5
v 8.1 6.9 -2.5
v 8.1 7 -2.5
v 8.1 7 -2.6
v 8.1 6.9 -2.6
v 8 6.9 -2.6
v 8 7 -2.6
v 8.1 7 -2.5
v 8.1 6.9 -2.5
v 8.2 6.9 -2.5
v 8.2 7 -2.5
v 8.2 7 -2.6
v 8.2 6.9 -2.6
v 8.1 6.9 -2.6
v 8.1 7 -2.6
v 8.2 7 -2.5
v 8.2 6.9 -2.5
v 8.3 6.9 -2.5
v 8.3 7 -2.5
v 8.3 7 -2.6
v 8.3 6.9 -2.6
v 8.2 6.9 -2.6
v 8.2 7 -2.6
v 8.3 7 -2.5
v 8.3 6.9 -2.5
v 8.4 6.9 -2.5
v 8.4 7 -2.5
v 8.4 7 -2.6
v 8.4 6.9 -2.6
v 8.3 6.9 -2.6
v 8.3 7 -2.6
v 8.4 7 -2.5
v 8.4 6.9 -2.5
v 8.5 6.9 -2.5
v 8.5 7 -2.5
v 8.5 7 -2.6
v 8.5 6.9 -2.6
v 8.4 6.9 -2.6
v 8.4 7 -2.6
v 8.5 7 -2.5
v 8.5 6.9 -2.5
v 8.6 6.9 -2.5
v 8.6 7 -2.5
v 8.6 7 -2.6
v 8.6 6.9 -2.6
v 8.5 6.9 -2.6
v 8.5 7 -2.6
v 8.6 7 -2.5
v 8.6 6.9 -2.5
v 8.7 6.9 -2.5
v 8.7 7 -2.5
v 8.7 7 -2.6
v 8.7 6.9 -2.6
v 8.6 6.9 -2.6
v 8.6 7 -2.6
v 8.7 7 -2.5
v 8.7 6.9 -2.5
v 8.8 6.9 -2.5
v 8.8 7 -2.5
v 8.8 7 -2.6
v 8.8 6.9 -2.6
v 8.7 6.9 -2.6
v 8.7 7 -2.6
v 8.8 7 -2.5
v 8.8 6.9 -2.5
v 8.9 6.9 -2.5
v 8.9 7 -2.5
v 8.9 7 -2.6
v 8.9 6.9 -2.6
v 8.8 6.9 -2.6
v 8.8 7 -2.6
v 8.9 7 -2.5
v 8.9 6.9 -2.5
v 9 6.9 -2.5
v 9 7 -2.5
v 9 7 -2.6
v 9 6.9 -2.6
v 8.9 6.9 -2.6
v 8.9 7 -2.6
v 9 7 -2.5
v 9 6.9 -2.5
v 9.1 6.9 -2.5
v 9.1 7 -2.5
v 9.1 7 -2.6
v 9.1 6.9 -2.6
v 9 6.9 -2.6
v 9 7 -2.6
v 9.1 7 -2.5
v 9.1 6.9 -2.5
v 9.2 6.9 -2.5
v 9.2 7 -2.5
v 9.2 7 -2.6
v 9.2 6.9 -2.6
v 9.1 6.9 -2.6
v 9.1 7 -2.6
v 9.2 7 -2.5
v 9.2 6.9 -2.5
v 9.3 6.9 -2.5
v 9.3 7 -2.5
v 9.3 7 -2.6
v 9.3 6.9 -2.6
v 9.2 6.9 -2.6
v 9.2 7 -2.6
v 9.4 7 -2.5
v 9.4 6.9 -2.5
v 9.4 6.9 -2.6
v 9.4 7 -2.6
v 9.3 6.9 -2.5
v 9.3 6.9 -2.6
v 9.4 6.9 -2.6
v 9.4 6.9 -2.5
v 9.3 7 -2.5
v 9.3 6.9 -2.5
v 9.4 6.9 -2.5
v 9.4 7 -2.5
v 9.4 7 -2.6
v 9.4 6.9 -2.6
v 9.3 6.9 -2.6
v 9.3 7 -2.6
v 11.9 7 -2.6
v 11.9 6.9 -2.6
v 11.9 6.9 -2.5
v 11.9 7 -2.5
v 11.9 7 -2.6
v 11.9 7 -2.5
v 12 7 -2.5
v 12 7 -2.6
v 11.9 7 -2.5
v 11.9 6.9 -2.5
v 12 6.9 -2.5
v 12 7 -2.5
v 12 7 -2.6
v 12 6.9 -2.6
v 11.9 6.9 -2.6
v 11.9 7 -2.6
v 12 7 -2.5
v 12 6.9 -2.5
v 12.1 6.9 -2.5
v 12.1 7 -2.5
v 12.1 7 -2.6
v 12.1 6.9 -2.6
v 12 6.9 -2.6
v 12 7 -2.6
v 12.2 7 -2.5
v 12.2 6.9 -2.5
v 12.2 6.9 -2.6
v 12.2 7 -2.6
v 12.1 7 -2.5
v 12.1 6.9 -2.5
v 12.2 6.9 -2.5
v 12.2 7 -2.5
v 12.2 7 -2.6
v 12.2 6.9 -2.6
v 12.1 6.9 -2.6
v 12.1 7 -2.6
v 4.5 6.9 -2.6
v 4.5 6.8 -2.6
v 4.5 6.8 -2.5
v 4.5 6.9 -2.5
v 4.5 6.8 -2.5
v 4.5 6.8 -2.6
v 4.6 6.8 -2.6
v 4.6 6.8 -2.5
v 4.5 6.9 -2.5
v 4.5 6.8 -2.5
v 4.6 6.8 -2.5
v 4.6 6.9 -2.5
v 4.6 6.9 -2.6
v 4.6 6.8 -2.6
v 4.5 6.8 -2.6
v 4.5 6.9 -2.6
v 4.6 6.9 -2.5
v 4.6 6.8 -2.5
v 4.7 6.8 -2.5
v 4.7 6.9 -2.5
v 4.7 6.9 -2.6
v 4.7 6.8 -2.6
v 4.6 6.8 -2.6
v 4.6 6.9 -2.6
v 4.7 6.9 -2.5
v 4.7 6.8 -2.5
v 4.8 6.8 -2.5
v 4.8 6.9 -2.5
v 4.8 6.9 -2.6
v 4.8 6.8 -2.6
v 4.7 6.8 -2.6
v 4.7 6.9 -2.6
v 4.8 6.9 -2.5
v 4.8 6.8 -2.5
v 4.9 6.8 -2.5
v 4.9 6.9 -2.5
v 4.9 6.9 -2.6
v 4.9 6.8 -2.6
v 4.8 6.8 -2.6
v 4.8 6.9 -2.6
v 4.9 6.9 -2.5
v 4.9 6.8 -2.5
v 5 6.8 -2.5
v 5 6.9 -2.5
v 5 6.9 -2.6
v 5 6.8 -2.6
v 4.9 6.8 -2.6
v 4.9 6.9 -2.6
v 5 6.9 -2.5
v 5 6.8 -2.5
v 5.1 6.8 -2.5
v 5.1 6.9 -2.5
v 5.1 6.9 -2.6
v 5.1 6.8 -2.6
v 5 6.8 -2.6
v 5 6.9 -2.6
v 5.1 6.9 -2.5
v 5.1 6.8 -2.5
v 5.2 6.8 -2.5
v 5.2 6.9 -2.5
v 5.2 6.9 -2.6
v 5.2 6.8 -2.6
v 5.1 6.8 -2.6
v 5.1 6.9 -2.6
v 5.2 6.9 -2.5
v 5.2 6.8 -2.5
v 5.3 6.8 -2.5
v 5.3 6.9 -2.5
v 5.3 6.9 -2.6
v 5.3 6.8 -2.6
v 5.2 6.8 -2.6
v 5.2 6.9 -2.6
v 5.3 6.9 -2.5
v 5.3 6.8 -2.5
v 5.4 6.8 -2.5
v 5.4 6.9 -2.5
v 5.4 6.9 -2.6
v 5.4 6.8 -2.6
v 5.3 6.8 -2.6
v 5.3 6.9 -2.6
v 5.4 6.9 -2.5
v 5.4 6.8 -2.5
v 5.5 6.8 -2.5
v 5.5 6.9 -2.5
v 5.5 6.9 -2.6
v 5.5 6.8 -2.6
v 5.4 6.8 -2.6
v 5.4 6.9 -2.6
v 5.5 6.9 -2.5
v 5.5 6.8 -2.5
v 5.6 6.8 -2.5
v 5.6 6.9 -2.5
v 5.6 6.9 -2.6
v 5.6 6.8 -2.6
v 5.5 6.8 -2.6
v 5.5 6.9 -2.6
v 5.6 6.9 -2.5
v 5.6 6.8 -2.5
v 5.7 6.8 -2.5
v 5.7 6.9 -2.5
v 5.7 6.9 -2.6
v 5.7 6.8 -2.6
v 5.6 6.8 -2.6
v 5.6 6.9 -2.6
v 5.7 6.9 -2.5
v 5.7 6.8 -2.5
v 5.8 6.8 -2.5
v 5.8 6.9 -2.5
v 5.8 6.9 -2.6
v 5.8 6.8 -2.6
v 5.7 6.8 -2.6
v 5.7 6.9 -2.6
v 5.8 6.9 -2.5
v 5.8 6.8 -2.5
v 5.9 6.8 -2.5
v 5.9 6.9 -2.5
v 5.9 6.9 -2.6
v 5.9 6.8 -2.6
v 5.8 6.8 -2.6
v 5.8 6.9 -2.6
v 5.9 6.9 -2.5
v 5.9 6.8 -2.5
v 6 6.8 -2.5
v 6 6.9 -2.5
v 6 6.9 -2.6
v 6 6.8 -2.6
v 5.9 6.8 -2.6
v 5.9 6.9 -2.6
v 6 6.9 -2.5
v 6 6.8 -2.5
v 6.1 6.8 -2.5
v 6.1 6.9 -2.5
v 6.1 6.9 -2.6
v 6.1 6.8 -2.6
v 6 6.8 -2.6
v 6 6.9 -2.6
v 6.1 6.8 -2.5
v 6.1 6.8 -2.6
v 6.2 6.8 -2.6
v 6.2 6.8 -2.5
v 6.1 6.9 -2.5
v 6.1 6.8 -2.5
v 6.2 6.8 -2.5
v 6.2 6.9 -2.5
v 6.2 6.9 -2.6
v 6.2 6.8 -2.6
v 6.1 6.8 -2.6
v 6.1 6.9 -2.6
v 6.3 6.9 -2.5
v 6.3 6.8 -2.5
v 6.3 6.8 -2.6
v 6.3 6.9 -2.6
v 6.2 6.8 -2.5
v 6.2 6.8 -2.6
v 6.3 6.8 -2.6
v 6.3 6.8 -2.5
v 6.2 6.9 -2.5
v 6.2 6.8 -2.5
v 6.3 6.8 -2.5
v 6.3 6.9 -2.5
v 6.3 6.9 -2.6
v 6.3 6.8 -2.6
v 6.2 6.8 -2.6
v 6.2 6.9 -2.6
v 6.4 6.9 -2.6
v 6.4 6.8 -2.6
v 6.4 6.8 -2.5
v 6.4 6.9 -2.5
v 6.5 6.9 -2.5
v 6.5 6.8 -2.5
v 6.5 6.8 -2.6
v 6.5 6.9 -2.6
v 6.4 6.9 -2.6
v 6.4 6.9 -2.5
v 6.5 6.9 -2.5
v 6.5 6.9 -2.6
v 6.4 6.8 -2.5
v 6.4 6.8 -2.6
v 6.5 6.8 -2.6
v 6.5 6.8 -2.5
v 6.4 6.9 -2.5
v 6.4 6.8 -2.5
v 6.5 6.8 -2.5
v 6.5 6.9 -2.5
v 6.5 6.9 -2.6
v 6.5 6.8 -2.6
v 6.4 6.8 -2.6
v 6.4 6.9 -2.6
v 7.5 6.9 -2.6
v 7.5 6.8 -2.6
v 7.5 6.8 -2.5
v 7.5 6.9 -2.5
v 7.5 6.9 -2.6
v 7.5 6.9 -2.5
v 7.6 6.9 -2.5
v 7.6 6.9 -2.6
v 7.5 6.9 -2.5
v 7.5 6.8 -2.5
v 7.6 6.8 -2.5
v 7.6 6.9 -2.5
v 7.6 6.9 -2.6
v 7.6 6.8 -2.6
v 7.5 6.8 -2.6
v 7.5 6.9 -2.6
v 7.6 6.9 -2.6
v 7.6 6.9 -2.5
v 7.7 6.9 -2.5
v 7.7 6.9 -2.6
v 7.6 6.9 -2.5
v 7.6 6.8 -2.5
v 7.7 6.8 -2.5
v 7.7 6.9 -2.5
v 7.7 6.9 -2.6
v 7.7 6.8 -2.6
v 7.6 6.8 -2.6
v 7.6 6.9 -2.6
v 7.7 6.9 -2.6
v 7.7 6.9 -2.5
v 7.8 6.9 -2.5
v 7.8 6.9 -2.6
v 7.7 6.9 -2.5
v 7.7 6.8 -2.5
v 7.8 6.8 -2.5
v 7.8 6.9 -2.5
v 7.8 6.9 -2.6
v 7.8 6.8 -2.6
v 7.7 6.8 -2.6
v 7.7 6.9 -2.6
v 7.8 6.9 -2.5
v 7.8 6.8 -2.5
v 7.9 6.8 -2.5
v 7.9 6.9 -2.5
v 7.9 6.9 -2.6
v 7.9 6.8 -2.6
v 7.8 6.8 -2.6
v 7.8 6.9 -2.6
v 7.9 6.9 -2.5
v 7.9 6.8 -2.5
v 8 6.8 -2.5
v 8 6.9 -2.5
v 8 6.9 -2.6
v 8 6.8 -2.6
v 7.9 6.8 -2.6
v 7.9 6.9 -2.6
v 8 6.9 -2.5
v 8 6.8 -2.5
v 8.1 6.8 -2.5
v 8.1 6.9 -2.5
v 8.1 6.9 -2.6
v 8.1 6.8 -2.6
v 8 6.8 -2.6
v 8 6.9 -2.6
v 8.1 6.9 -2.5
v 8.1 6.8 -2.5
v 8.2 6.8 -2.5
v 8.2 6.9 -2.5
v 8.2 6.9 -2.6
v 8.2 6.8 -2.6
v 8.1 6.8 -2.6
v 8.1 6.9 -2.6
v 8.2 6.9 -2.5
v 8.2 6.8 -2.5
v 8.3 6.8 -2.5
v 8.3 6.9 -2.5
v 8.3 6.9 -2.6
v 8.3 6.8 -2.6
v 8.2 6.8 -2.6
v 8.2 6.9 -2.6
v 8.3 6.9 -2.5
v 8.3 6.8 -2.5
v 8.4 6.8 -2.5
v 8.4 6.9 -2.5
v 8.4 6.9 -2.6
v 8.4 6.8 -2.6
v 8.3 6.8 -2.6
v 8.3 6.9 -2.6
v 8.4 6.9 -2.5
v 8.4 6.8 -2.5
v 8.5 6.8 -2.5
v 8.5 6.9 -2.5
v 8.5 6.9 -2.6
v 8.5 6.8 -2.6
v 8.4 6.8 -2.6
v 8.4 6.9 -2.6
v 8.5 6.9 -2.5
v 8.5 6.8 -2.5
v 8.6 6.8 -2.5
v 8.6 6.9 -2.5
v 8.6 6.9 -2.6
v 8.6 6.8 -2.6
v 8.5 6.8 -2.6
v 8.5 6.9 -2.6
v 8.6 6.9 -2.5
v 8.6 6.8 -2.5
v 8.7 6.8 -2.5
v 8.7 6.9 -2.5
v 8.7 6.9 -2.6
v 8.7 6.8 -2.6
v 8.6 6.8 -2.6
v 8.6 6.9 -2.6
v 8.7 6.9 -2.5
v 8.7 6.8 -2.5
v 8.8 6.8 -2.5
v 8.8 6.9 -2.5
v 8.8 6.9 -2.6
v 8.8 6.8 -2.6
v 8.7 6.8 -2.6
v 8.7 6.9 -2.6
v 8.8 6.9 -2.5
v 8.8 6.8 -2.5
v 8.9 6.8 -2.5
v 8.9 6.9 -2.5
v 8.9 6.9 -2.6
v 8.9 6.8 -2.6
v 8.8 6.8 -2.6
v 8.8 6.9 -2.6
v 8.9 6.9 -2.5
v 8.9 6.8 -2.5
v 9 6.8 -2.5
v 9 6.9 -2.5
v 9 6.9 -2.6
v 9 6.8 -2.6
v 8.9 6.8 -2.6
v 8.9 6.9 -2.6
v 9 6.9 -2.5
v 9 6.8 -2.5
v 9.1 6.8 -2.5
v 9.1 6.9 -2.5
v 9.1 6.9 -2.6
v 9.1 6.8 -2.6
v 9 6.8 -2.6
v 9 6.9 -2.6
v 9.1 6.9 -2.5
v 9.1 6.8 -2.5
v 9.2 6.8 -2.5
v 9.2 6.9 -2.5
v 9.2 6.9 -2.6
v 9.2 6.8 -2.6
v 9.1 6.8 -2.6
v 9.1 6.9 -2.6
v 9.3 6.9 -2.5
v 9.3 6.8 -2.5
v 9.3 6.8 -2.6
v 9.3 6.9 -2.6
v 9.2 6.9 -2.5
v 9.2 6.8 -2.5
v 9.3 6.8 -2.5
v 9.3 6.9 -2.5
v 9.3 6.9 -2.6
v 9.3 6.8 -2.6
v 9.2 6.8 -2.6
v 9.2 6.9 -2.6
v 11.8 6.9 -2.6
v 11.8 6.8 -2.6
v 11.8 6.8 -2.5
v 11.8 6.9 -2.5
v 11.8 6.9 -2.6
v 11.8 6.9 -2.5
v 11.9 6.9 -2.5
v 11.9 6.9 -2.6
v 11.8 6.9 -2.5
v 11.8 6.8 -2.5
v 11.9 6.8 -2.5
v 11.9 6.9 -2.5
v 11.9 6.9 -2.6
v 11.9 6.8 -2.6
v 11.8 6.8 -2.6
v 11.8 6.9 -2.6
v 11.9 6.9 -2.5
v 11.9 6.8 -2.5
v 12 6.8 -2.5
v 12 6.9 -2.5
v 12 6.9 -2.6
v 12 6.8 -2.6
v 11.9 6.8 -2.6
v 11.9 6.9 -2.6
v 12 6.9 -2.5
v 12 6.8 -2.5
v 12.1 6.8 -2.5
v 12.1 6.9 -2.5
v 12.1 6.9 -2.6
v 12.1 6.8 -2.6
v 12 6.8 -2.6
v 12 6.9 -2.6
v 12.2 6.9 -2.5
v 12.2 6.8 -2.5
v 12.2 6.8 -2.6
v 12.2 6.9 -2.6
v 12.1 6.8 -2.5
v 12.1 6.8 -2.6
v 12.2 6.8 -2.6
v 12.2 6.8 -2.5
v 12.1 6.9 -2.5
v 12.1 6.8 -2.5
v 12.2 6.8 -2.5
v 12.2 6.9 -2.5
v 12.2 6.9 -2.6
v 12.2 6.8 -2.6
v 12.1 6.8 -2.6
v 12.1 6.9 -2.6
v 4.6 6.8 -2.6
v 4.6 6.7 -2.6
v 4.6 6.7 -2.5
v 4.6 6.8 -2.5
v 4.6 6.7 -2.5
v 4.6 6.7 -2.6
v 4.7 6.7 -2.6
v 4.7 6.7 -2.5
v 4.6 6.8 -2.5
v 4.6 6.7 -2.5
v 4.7 6.7 -2.5
v 4.7 6.8 -2.5
v 4.7 6.8 -2.6
v 4.7 6.7 -2.6
v 4.6 6.7 -2.6
v 4.6 6.8 -2.6
v 4.7 6.8 -2.5
v 4.7 6.7 -2.5
v 4.8 6.7 -2.5
v 4.8 6.8 -2.5
v 4.8 6.8 -2.6
v 4.8 6.7 -2.6
v 4.7 6.7 -2.6
v 4.7 6.8 -2.6
v 4.8 6.8 -2.5
v 4.8 6.7 -2.5
v 4.9 6.7 -2.5
v 4.9 6.8 -2.5
v 4.9 6.8 -2.6
v 4.9 6.7 -2.6
v 4.8 6.7 -2.6
v 4.8 6.8 -2.6
v 4.9 6.8 -2.5
v 4.9 6.7 -2.5
v 5 6.7 -2.5
v 5 6.8 -2.5
v 5 6.8 -2.6
v 5 6.7 -2.6
v 4.9 6.7 -2.6
v 4.9 6.8 -2.6
v 5 6.8 -2.5
v 5 6.7 -2.5
v 5.1 6.7 -2.5
v 5.1 6.8 -2.5
v 5.1 6.8 -2.6
v 5.1 6.7 -2.6
v 5 6.7 -2.6
v 5 6.8 -2.6
v 5.1 6.8 -2.5
v 5.1 6.7 -2.5
v 5.2 6.7 -2.5
v 5.2 6.8 -2.5
v 5.2 6.8 -2.6
v 5.2 6.7 -2.6
v 5.1 6.7 -2.6
v 5.1 6.8 -2.6
v 5.2 6.8 -2.5
v 5.2 6.7 -2.5
v 5.3 6.7 -2.5
v 5.3 6.8 -2.5
v 5.3 6.8 -2.6
v 5.3 6.7 -2.6
v 5.2 6.7 -2.6
v 5.2 6.8 -2.6
v 5.3 6.8 -2.5
v 5.3 6.7 -2.5
v 5.4 6.7 -2.5
v 5.4 6.8 -2.5
v 5.4 6.8 -2.6
v 5.4 6.7 -2.6
v 5.3 6.7 -2.6
v 5.3 6.8 -2.6
v 5.4 6.8 -2.5
v 5.4 6.7 -2.5
v 5.5 6.7 -2.5
v 5.5 6.8 -2.5
v 5.5 6.8 -2.6
v 5.5 6.7 -2.6
v 5.4 6.7 -2.6
v 5.4 6.8 -2.6
v 5.5 6.8 -2.5
v 5.5 6.7 -2.5
v 5.6 6.7 -2.5
v 5.6 6.8 -2.5
v 5.6 6.8 -2.6
v 5.6 6.7 -2.6
v 5.5 6.7 -2.6
v 5.5 6.8 -2.6
v 5.6 6.8 -2.5
v 5.6 6.7 -2.5
v 5.7 6.7 -2.5
v 5.7 6.8 -2.5
v 5.7 6.8 -2.6
v 5.7 6.7 -2.6
v 5.6 6.7 -2.6
v 5.6 6.8 -2.6
v 5.7 6.8 -2.5
v 5.7 6.7 -2.5
v 5.8 6.7 -2.5
v 5.8 6.8 -2.5
v 5.8 6.8 -2.6
v 5.8 6.7 -2.6
v 5.7 6.7 -2.6
v 5.7 6.8 -2.6
v 5.8 6.8 -2.5
v 5.8 6.7 -2.5
v 5.9 6.7 -2.5
v 5.9 6.8 -2.5
v 5.9 6.8 -2.6
v 5.9 6.7 -2.6
v 5.8 6.7 -2.6
v 5.8 6.8 -2.6
v 5.9 6.8 -2.5
v 5.9 6.7 -2.5
v 6 6.7 -2.5
v 6 6.8 -2.5
v 6 6.8 -2.6
v 6 6.7 -2.6
v 5.9 6.7 -2.6
v 5.9 6.8 -2.6
v 6.1 6.8 -2.5
v 6.1 6.7 -2.5
v 6.1 6.7 -2.6
v 6.1 6.8 -2.6
v 6 6.7 -2.5
v 6 6.7 -2.6
v 6.1 6.7 -2.6
v 6.1 6.7 -2.5
v 6 6.8 -2.5
v 6 6.7 -2.5
v 6.1 6.7 -2.5
v 6.1 6.8 -2.5
v 6.1 6.8 -2.6
v 6.1 6.7 -2.6
v 6 6.7 -2.6
v 6 6.8 -2.6
v 7.1 6.8 -2.6
v 7.1 6.7 -2.6
v 7.1 6.7 -2.5
v 7.1 6.8 -2.5
v 7.1 6.8 -2.6
v 7.1 6.8 -2.5
v 7.2 6.8 -2.5
v 7.2 6.8 -2.6
v 7.1 6.8 -2.5
v 7.1 6.7 -2.5
v 7.2 6.7 -2.5
v 7.2 6.8 -2.5
v 7.2 6.8 -2.6
v 7.2 6.7 -2.6
v 7.1 6.7 -2.6
v 7.1 6.8 -2.6
v 7.2 6.8 -2.6
v 7.2 6.8 -2.5
v 7.3 6.8 -2.5
v 7.3 6.8 -2.6
v 7.2 6.8 -2.5
v 7.2 6.7 -2.5
v 7.3 6.7 -2.5
v 7.3 6.8 -2.5
v 7.3 6.8 -2.6
v 7.3 6.7 -2.6
v 7.2 6.7 -2.6
v 7.2 6.8 -2.6
v 7.3 6.8 -2.6
v 7.3 6.8 -2.5
v 7.4 6.8 -2.5
v 7.4 6.8 -2.6
v 7.3 6.8 -2.5
v 7.3 6.7 -2.5
v 7.4 6.7 -2.5
v 7.4 6.8 -2.5
v 7.4 6.8 -2.6
v 7.4 6.7 -2.6
v 7.3 6.7 -2.6
v 7.3 6.8 -2.6
v 7.4 6.8 -2.6
v 7.4 6.8 -2.5
v 7.5 6.8 -2.5
v 7.5 6.8 -2.6
v 7.4 6.8 -2.5
v 7.4 6.7 -2.5
v 7.5 6.7 -2.5
v 7.5 6.8 -2.5
v 7.5 6.8 -2.6
v 7.5 6.7 -2.6
v 7.4 6.7 -2.6
v 7.4 6.8 -2.6
v 7.5 6.8 -2.5
v 7.5 6.7 -2.5
v 7.6 6.7 -2.5
v 7.6 6.8 -2.5
v 7.6 6.8 -2.6
v 7.6 6.7 -2.6
v 7.5 6.7 -2.6
v 7.5 6.8 -2.6
v 7.6 6.8 -2.5
v 7.6 6.7 -2.5
v 7.7 6.7 -2.5
v 7.7 6.8 -2.5
v 7.7 6.8 -2.6
v 7.7 6.7 -2.6
v 7.6 6.7 -2.6
v 7.6 6.8 -2.6
v 7.7 6.8 -2.5
v 7.7 6.7 -2.5
v 7.8 6.7 -2.5
v 7.8 6.8 -2.5
v 7.8 6.8 -2.6
v 7.8 6.7 -2.6
v 7.7 6.7 -2.6
v 7.7 6.8 -2.6
v 7.8 6.8 -2.5
v 7.8 6.7 -2.5
v 7.9 6.7 -2.5
v 7.9 6.8 -2.5
v 7.9 6.8 -2.6
v 7.9 6.7 -2.6
v 7.8 6.7 -2.6
v 7.8 6.8 -2.6
v 7.9 6.8 -2.5
v 7.9 6.7 -2.5
v 8 6.7 -2.5
v 8 6.8 -2.5
v 8 6.8 -2.6
v 8 6.7 -2.6
v 7.9 6.7 -2.6
v 7.9 6.8 -2.6
v 8 6.8 -2.5
v 8 6.7 -2.5
v 8.1 6.7 -2.5
v 8.1 6.8 -2.5
v 8.1 6.8 -2.6
v 8.1 6.7 -2.6
v 8 6.7 -2.6
v 8 6.8 -2.6
v 8.1 6.8 -2.5
v 8.1 6.7 -2.5
v 8.2 6.7 -2.5
v 8.2 6.8 -2.5
v 8.2 6.8 -2.6
v 8.2 6.7 -2.6
v 8.1 6.7 -2.6
v 8.1 6.8 -2.6
v 8.2 6.8 -2.5
v 8.2 6.7 -2.5
v 8.3 6.7 -2.5
v 8.3 6.8 -2.5
v 8.3 6.8 -2.6
v 8.3 6.7 -2.6
v 8.2 6.7 -2.6
v 8.2 6.8 -2.6
v 8.3 6.8 -2.5
v 8.3 6.7 -2.5
v 8.4 6.7 -2.5
v 8.4 6.8 -2.5
v 8.4 6.8 -2.6
v 8.4 6.7 -2.6
v 8.3 6.7 -2.6
v 8.3 6.8 -2.6
v 8.4 6.8 -2.5
v 8.4 6.7 -2.5
v 8.5 6.7 -2.5
v 8.5 6.8 -2.5
v 8.5 6.8 -2.6
v 8.5 6.7 -2.6
v 8.4 6.7 -2.6
v 8.4 6.8 -2.6
v 8.5 6.8 -2.5
v 8.5 6.7 -2.5
v 8.6 6.7 -2.5
v 8.6 6.8 -2.5
v 8.6 6.8 -2.6
v 8.6 6.7 -2.6
v 8.5 6.7 -2.6
v 8.5 6.8 -2.6
v 8.6 6.8 -2.5
v 8.6 6.7 -2.5
v 8.7 6.7 -2.5
v 8.7 6.8 -2.5
v 8.7 6.8 -2.6
v 8.7 6.7 -2.6
v 8.6 6.7 -2.6
v 8.6 6.8 -2.6
v 8.7 6.8 -2.5
v 8.7 6.7 -2.5
v 8.8 6.7 -2.5
v 8.8 6.8 -2.5
v 8.8 6.8 -2.6
v 8.8 6.7 -2.6
v 8.7 6.7 -2.6
v 8.7 6.8 -2.6
v 8.8 6.8 -2.5
v 8.8 6.7 -2.5
v 8.9 6.7 -2.5
v 8.9 6.8 -2.5
v 8.9 6.8 -2.6
v 8.9 6.7 -2.6
v 8.8 6.7 -2.6
v 8.8 6.8 -2.6
v 8.9 6.8 -2.5
v 8.9 6.7 -2.5
v 9 6.7 -2.5
v 9 6.8 -2.5
v 9 6.8 -2.6
v 9 6.7 -2.6
v 8.9 6.7 -2.6
v 8.9 6.8 -2.6
v 9 6.8 -2.5
v 9 6.7 -2.5
v 9.1 6.7 -2.5
v 9.1 6.8 -2.5
v 9.1 6.8 -2.6
v 9.1 6.7 -2.6
v 9 6.7 -2.6
v 9 6.8 -2.6
v 9.1 6.8 -2.5
v 9.1 6.7 -2.5
v 9.2 6.7 -2.5
v 9.2 6.8 -2.5
v 9.2 6.8 -2.6
v 9.2 6.7 -2.6
v 9.1 6.7 -2.6
v 9.1 6.8 -2.6
v 9.3 6.8 -2.5
v 9.3 6.7 -2.5
v 9.3 6.7 -2.6
v 9.3 6.8 -2.6
v 9.2 6.8 -2.5
v 9.2 6.7 -2.5
v 9.3 6.7 -2.5
v 9.3 6.8 -2.5
v 9.3 6.8 -2.6
v 9.3 6.7 -2.6
v 9.2 6.7 -2.6
v 9.2 6.8 -2.6
v 11.6 6.8 -2.6
v 11.6 6.7 -2.6
v 11.6 6.7 -2.5
v 11.6 6.8 -2.5
v 11.6 6.8 -2.6
v 11.6 6.8 -2.5
v 11.7 6.8 -2.5
v 11.7 6.8 -2.6
v 11.6 6.8 -2.5
v 11.6 6.7 -2.5
v 11.7 6.7 -2.5
v 11.7 6.8 -2.5
v 11.7 6.8 -2.6
v 11.7 6.7 -2.6
v 11.6 6.7 -2.6
v 11.6 6.8 -2.6
v 11.7 6.8 -2.6
v 11.7 6.8 -2.5
v 11.8 6.8 -2.5
v 11.8 6.8 -2.6
v 11.7 6.8 -2.5
v 11.7 6.7 -2.5
v 11.8 6.7 -2.5
v 11.8 6.8 -2.5
v 11.8 6.8 -2.6
v 11.8 6.7 -2.6
v 11.7 6.7 -2.6
v 11.7 6.8 -2.6
v 11.8 6.8 -2.5
v 11.8 6.7 -2.5
v 11.9 6.7 -2.5
v 11.9 6.8 -2.5
v 11.9 6.8 -2.6
v 11.9 6.7 -2.6
v 11.8 6.7 -2.6
v 11.8 6.8 -2.6
v 11.9 6.8 -2.5
v 11.9 6.7 -2.5
v 12 6.7 -2.5
v 12 6.8 -2.5
v 12 6.8 -2.6
v 12 6.7 -2.6
v 11.9 6.7 -2.6
v 11.9 6.8 -2.6
v 12.1 6.8 -2.5
v 12.1 6.7 -2.5
v 12.1 6.7 -2.6
v 12.1 6.8 -2.6
v 12 6.7 -2.5
v 12 6.7 -2.6
v 12.1 6.7 -2.6
v 12.1 6.7 -2.5
v 12 6.8 -2.5
v 12 6.7 -2.5
v 12.1 6.7 -2.5
v 12.1 6.8 -2.5
v 12.1 6.8 -2.6
v 12.1 6.7 -2.6
v 12 6.7 -2.6
v 12 6.8 -2.6
v 4.7 6.7 -2.6
v 4.7 6.6 -2.6
v 4.7 6.6 -2.5
v 4.7 6.7 -2.5
v 4.7 6.7 -2.5
v 4.7 6.6 -2.5
v 4.8 6.6 -2.5
v 4.8 6.7 -2.5
v 4.8 6.7 -2.6
v 4.8 6.6 -2.6
v 4.7 6.6 -2.6
v 4.7 6.7 -2.6
v 4.8 6.7 -2.5
v 4.8 6.6 -2.5
v 4.9 6.6 -2.5
v 4.9 6.7 -2.5
v 4.9 6.7 -2.6
v 4.9 6.6 -2.6
v 4.8 6.6 -2.6
v 4.8 6.7 -2.6
v 4.9 6.7 -2.5
v 4.9 6.6 -2.5
v 5 6.6 -2.5
v 5 6.7 -2.5
v 5 6.7 -2.6
v 5 6.6 -2.6
v 4.9 6.6 -2.6
v 4.9 6.7 -2.6
v 5 6.7 -2.5
v 5 6.6 -2.5
v 5.1 6.6 -2.5
v 5.1 6.7 -2.5
v 5.1 6.7 -2.6
v 5.1 6.6 -2.6
v 5 6.6 -2.6
v 5 6.7 -2.6
v 5.1 6.7 -2.5
v 5.1 6.6 -2.5
v 5.2 6.6 -2.5
v 5.2 6.7 -2.5
v 5.2 6.7 -2.6
v 5.2 6.6 -2.6
v 5.1 6.6 -2.6
v 5.1 6.7 -2.6
v 5.2 6.7 -2.5
v 5.2 6.6 -2.5
v 5.3 6.6 -2.5
v 5.3 6.7 -2.5
v 5.3 6.7 -2.6
v 5.3 6.6 -2.6
v 5.2 6.6 -2.6
v 5.2 6.7 -2.6
v 5.3 6.7 -2.5
v 5.3 6.6 -2.5
v 5.4 6.6 -2.5
v 5.4 6.7 -2.5
v 5.4 6.7 -2.6
v 5.4 6.6 -2.6
v 5.3 6.6 -2.6
v 5.3 6.7 -2.6
v 5.4 6.7 -2.5
v 5.4 6.6 -2.5
v 5.5 6.6 -2.5
v 5.5 6.7 -2.5
v 5.5 6.7 -2.6
v 5.5 6.6 -2.6
v 5.4 6.6 -2.6
v 5.4 6.7 -2.6
v 5.5 6.7 -2.5
v 5.5 6.6 -2.5
v 5.6 6.6 -2.5
v 5.6 6.7 -2.5
v 5.6 6.7 -2.6
v 5.6 6.6 -2.6
v 5.5 6.6 -2.6
v 5.5 6.7 -2.6
v 5.6 6.7 -2.5
v 5.6 6.6 -2.5
v 5.7 6.6 -2.5
v 5.7 6.7 -2.5
v 5.7 6.7 -2.6
v 5.7 6.6 -2.6
v 5.6 6.6 -2.6
v 5.6 6.7 -2.6
v 5.7 6.7 -2.5
v 5.7 6.6 -2.5
v 5.8 6.6 -2.5
v 5.8 6.7 -2.5
v 5.8 6.7 -2.6
v 5.8 6.6 -2.6
v 5.7 6.6 -2.6
v 5.7 6.7 -2.6
v 5.8 6.7 -2.5
v 5.8 6.6 -2.5
v 5.9 6.6 -2.5
v 5.9 6.7 -2.5
v 5.9 6.7 -2.6
v 5.9 6.6 -2.6
v 5.8 6.6 -2.6
v 5.8 6.7 -2.6
v 6 6.7 -2.5
v 6 6.6 -2.5
v 6 6.6 -2.6
v 6 6.7 -2.6
v 5.9 6.6 -2.5
v 5.9 6.6 -2.6
v 6 6.6 -2.6
v 6 6.6 -2.5
v 5.9 6.7 -2.5
v 5.9 6.6 -2.5
v 6 6.6 -2.5
v 6 6.7 -2.5
v 6 6.7 -2.6
v 6 6.6 -2.6
v 5.9 6.6 -2.6
v 5.9 6.7 -2.6
v 6.8 6.7 -2.6
v 6.8 6.6 -2.6
v 6.8 6.6 -2.5
v 6.8 6.7 -2.5
v 6.8 6.7 -2.6
v 6.8 6.7 -2.5
v 6.9 6.7 -2.5
v 6.9 6.7 -2.6
v 6.8 6.7 -2.5
v 6.8 6.6 -2.5
v 6.9 6.6 -2.5
v 6.9 6.7 -2.5
v 6.9 6.7 -2.6
v 6.9 6.6 -2.6
v 6.8 6.6 -2.6
v 6.8 6.7 -2.6
v 6.9 6.7 -2.6
v 6.9 6.7 -2.5
v 7 6.7 -2.5
v 7 6.7 -2.6
v 6.9 6.7 -2.5
v 6.9 6.6 -2.5
v 7 6.6 -2.5
v 7 6.7 -2.5
v 7 6.7 -2.6
v 7 6.6 -2.6
v 6.9 6.6 -2.6
v 6.9 6.7 -2.6
v 7 6.7 -2.6
v 7 6.7 -2.5
v 7.1 6.7 -2.5
v 7.1 6.7 -2.6
v 7 6.7 -2.5
v 7 6.6 -2.5
v 7.1 6.6 -2.5
v 7.1 6.7 -2.5
v 7.1 6.7 -2.6
v 7.1 6.6 -2.6
v 7 6.6 -2.6
v 7 6.7 -2.6
v 7.1 6.7 -2.5
v 7.1 6.6 -2.5
v 7.2 6.6 -2.5
v 7.2 6.7 -2.5
v 7.2 6.7 -2.6
v 7.2 6.6 -2.6
v 7.1 6.6 -2.6
v 7.1 6.7 -2.6
v 7.2 6.7 -2.5
v 7.2 6.6 -2.5
v 7.3 6.6 -2.5
v 7.3 6.7 -2.5
v 7.3 6.7 -2.6
v 7.3 6.6 -2.6
v 7.2 6.6 -2.6
v 7.2 6.7 -2.6
v 7.3 6.7 -2.5
v 7.3 6.6 -2.5
v 7.4 6.6 -2.5
v 7.4 6.7 -2.5
v 7.4 6.7 -2.6
v 7.4 6.6 -2.6
v 7.3 6.6 -2.6
v 7.3 6.7 -2.6
v 7.4 6.7 -2.5
v 7.4 6.6 -2.5
v 7.5 6.6 -2.5
v 7.5 6.7 -2.5
v 7.5 6.7 -2.6
v 7.5 6.6 -2.6
v 7.4 6.6 -2.6
v 7.4 6.7 -2.6
v 7.5 6.7 -2.5
v 7.5 6.6 -2.5
v 7.6 6.6 -2.5
v 7.6 6.7 -2.5
v 7.6 6.7 -2.6
v 7.6 6.6 -2.6
v 7.5 6.6 -2.6
v 7.5 6.7 -2.6
v 7.6 6.7 -2.5
v 7.6 6.6 -2.5
v 7.7 6.6 -2.5
v 7.7 6.7 -2.5
v 7.7 6.7 -2.6
v 7.7 6.6 -2.6
v 7.6 6.6 -2.6
v 7.6 6.7 -2.6
v 7.7 6.7 -2.5
v 7.7 6.6 -2.5
v 7.8 6.6 -2.5
v 7.8 6.7 -2.5
v 7.8 6.7 -2.6
v 7.8 6.6 -2.6
v 7.7 6.6 -2.6
v 7.7 6.7 -2.6
v 7.8 6.7 -2.5
v 7.8 6.6 -2.5
v 7.9 6.6 -2.5
v 7.9 6.7 -2.5
v 7.9 6.7 -2.6
v 7.9 6.6 -2.6
v 7.8 6.6 -2.6
v 7.8 6.7 -2.6
v 7.9 6.7 -2.5
v 7.9 6.6 -2.5
v 8 6.6 -2.5
v 8 6.7 -2.5
v 8 6.7 -2.6
v 8 6.6 -2.6
v 7.9 6.6 -2.6
v 7.9 6.7 -2.6
v 8 6.7 -2.5
v 8 6.6 -2.5
v 8.1 6.6 -2.5
v 8.1 6.7 -2.5
v 8.1 6.7 -2.6
v 8.1 6.6 -2.6
v 8 6.6 -2.6
v 8 6.7 -2.6
v 8.1 6.7 -2.5
v 8.1 6.6 -2.5
v 8.2 6.6 -2.5
v 8.2 6.7 -2.5
v 8.2 6.7 -2.6
v 8.2 6.6 -2.6
v 8.1 6.6 -2.6
v 8.1 6.7 -2.6
v 8.2 6.7 -2.5
v 8.2 6.6 -2.5
v 8.3 6.6 -2.5
v 8.3 6.7 -2.5
v 8.3 6.7 -2.6
v 8.3 6.6 -2.6
v 8.2 6.6 -2.6
v 8.2 6.7 -2.6
v 8.3 6.7 -2.5
v 8.3 6.6 -2.5
v 8.4 6.6 -2.5
v 8.4 6.7 -2.5
v 8.4 6.7 -2.6
v 8.4 6.6 -2.6
v 8.3 6.6 -2.6
v 8.3 6.7 -2.6
v 8.4 6.7 -2.5
v 8.4 6.6 -2.5
v 8.5 6.6 -2.5
v 8.5 6.7 -2.5
v 8.5 6.7 -2.6
v 8.5 6.6 -2.6
v 8.4 6.6 -2.6
v 8.4 6.7 -2.6
v 8.5 6.7 -2.5
v 8.5 6.6 -2.5
v 8.6 6.6 -2.5
v 8.6 6.7 -2.5
v 8.6 6.7 -2.6
v 8.6 6.6 -2.6
v 8.5 6.6 -2.6
v 8.5 6.7 -2.6
v 8.6 6.7 -2.5
v 8.6 6.6 -2.5
v 8.7 6.6 -2.5
v 8.7 6.7 -2.5
v 8.7 6.7 -2.6
v 8.7 6.6 -2.6
v 8.6 6.6 -2.6
v 8.6 6.7 -2.6
v 8.7 6.7 -2.5
v 8.7 6.6 -2.5
v 8.8 6.6 -2.5
v 8.8 6.7 -2.5
v 8.8 6.7 -2.6
v 8.8 6.6 -2.6
v 8.7 6.6 -2.6
v 8.7 6.7 -2.6
v 8.8 6.7 -2.5
v 8.8 6.6 -2.5
v 8.9 6.6 -2.5
v 8.9 6.7 -2.5
v 8.9 6.7 -2.6
v 8.9 6.6 -2.6
v 8.8 6.6 -2.6
v 8.8 6.7 -2.6
v 8.9 6.7 -2.5
v 8.9 6.6 -2.5
v 9 6.6 -2.5
v 9 6.7 -2.5
v 9 6.7 -2.6
v 9 6.6 -2.6
v 8.9 6.6 -2.6
v 8.9 6.7 -2.6
v 9 6.7 -2.5
v 9 6.6 -2.5
v 9.1 6.6 -2.5
v 9.1 6.7 -2.5
v 9.1 6.7 -2.6
v 9.1 6.6 -2.6
v 9 6.6 -2.6
v 9 6.7 -2.6
v 9.1 6.7 -2.5
v 9.1 6.6 -2.5
v 9.2 6.6 -2.5
v 9.2 6.7 -2.5
v 9.2 6.7 -2.6
v 9.2 6.6 -2.6
v 9.1 6.6 -2.6
v 9.1 6.7 -2.6
v 9.3 6.7 -2.5
v 9.3 6.6 -2.5
v 9.3 6.6 -2.6
v 9.3 6.7 -2.6
v 9.2 6.6 -2.5
v 9.2 6.6 -2.6
v 9.3 6.6 -2.6
v 9.3 6.6 -2.5
v 9.2 6.7 -2.5
v 9.2 6.6 -2.5
v 9.3 6.6 -2.5
v 9.3 6.7 -2.5
v 9.3 6.7 -2.6
v 9.3 6.6 -2.6
v 9.2 6.6 -2.6
v 9.2 6.7 -2.6
v 11.5 6.7 -2.6
v 11.5 6.6 -2.6
v 11.5 6.6 -2.5
v 11.5 6.7 -2.5
v 11.5 6.7 -2.6
v 11.5 6.7 -2.5
v 11.6 6.7 -2.5
v 11.6 6.7 -2.6
v 11.5 6.7 -2.5
v 11.5 6.6 -2.5
v 11.6 6.6 -2.5
v 11.6 6.7 -2.5
v 11.6 6.7 -2.6
v 11.6 6.6 -2.6
v 11.5 6.6 -2.6
v 11.5 6.7 -2.6
v 11.6 6.7 -2.5
v 11.6 6.6 -2.5
v 11.7 6.6 -2.5
v 11.7 6.7 -2.5
v 11.7 6.7 -2.6
v 11.7 6.6 -2.6
v 11.6 6.6 -2.6
v 11.6 6.7 -2.6
v 11.7 6.7 -2.5
v 11.7 6.6 -2.5
v 11.8 6.6 -2.5
v 11.8 6.7 -2.5
v 11.8 6.7 -2.6
v 11.8 6.6 -2.6
v 11.7 6.6 -2.6
v 11.7 6.7 -2.6
v 11.8 6.7 -2.5
v 11.8 6.6 -2.5
v 11.9 6.6 -2.5
v 11.9 6.7 -2.5
v 11.9 6.7 -2.6
v 11.9 6.6 -2.6
v 11.8 6.6 -2.6
v 11.8 6.7 -2.6
v 12 6.7 -2.5
v 12 6.6 -2.5
v 12 6.6 -2.6
v 12 6.7 -2.6
v 11.9 6.7 -2.5
v 11.9 6.6 -2.5
v 12 6.6 -2.5
v 12 6.7 -2.5
v 12 6.7 -2.6
v 12 6.6 -2.6
v 11.9 6.6 -2.6
v 11.9 6.7 -2.6
v 4.7 6.6 -2.6
v 4.7 6.5 -2.6
v 4.7 6.5 -2.5
v 4.7 6.6 -2.5
v 4.7 6.5 -2.5
v 4.7 6.5 -2.6
v 4.8 6.5 -2.6
v 4.8 6.5 -2.5
v 4.7 6.6 -2.5
v 4.7 6.5 -2.5
v 4.8 6.5 -2.5
v 4.8 6.6 -2.5
v 4.8 6.6 -2.6
v 4.8 6.5 -2.6
v 4.7 6.5 -2.6
v 4.7 6.6 -2.6
v 4.8 6.6 -2.5
v 4.8 6.5 -2.5
v 4.9 6.5 -2.5
v 4.9 6.6 -2.5
v 4.9 6.6 -2.6
v 4.9 6.5 -2.6
v 4.8 6.5 -2.6
v 4.8 6.6 -2.6
v 4.9 6.6 -2.5
v 4.9 6.5 -2.5
v 5 6.5 -2.5
v 5 6.6 -2.5
v 5 6.6 -2.6
v 5 6.5 -2.6
v 4.9 6.5 -2.6
v 4.9 6.6 -2.6
v 5 6.6 -2.5
v 5 6.5 -2.5
v 5.1 6.5 -2.5
v 5.1 6.6 -2.5
v 5.1 6.6 -2.6
v 5.1 6.5 -2.6
v 5 6.5 -2.6
v 5 6.6 -2.6
v 5.1 6.6 -2.5
v 5.1 6.5 -2.5
v 5.2 6.5 -2.5
v 5.2 6.6 -2.5
v 5.2 6.6 -2.6
v 5.2 6.5 -2.6
v 5.1 6.5 -2.6
v 5.1 6.6 -2.6
v 5.2 6.6 -2.5
v 5.2 6.5 -2.5
v 5.3 6.5 -2.5
v 5.3 6.6 -2.5
v 5.3 6.6 -2.6
v 5.3 6.5 -2.6
v 5.2 6.5 -2.6
v 5.2 6.6 -2.6
v 5.3 6.6 -2.5
v 5.3 6.5 -2.5
v 5.4 6.5 -2.5
v 5.4 6.6 -2.5
v 5.4 6.6 -2.6
v 5.4 6.5 -2.6
v 5.3 6.5 -2.6
v 5.3 6.6 -2.6
v 5.4 6.6 -2.5
v 5.4 6.5 -2.5
v 5.5 6.5 -2.5
v 5.5 6.6 -2.5
v 5.5 6.6 -2.6
v 5.5 6.5 -2.6
v 5.4 6.5 -2.6
v 5.4 6.6 -2.6
v 5.5 6.6 -2.5
v 5.5 6.5 -2.5
v 5.6 6.5 -2.5
v 5.6 6.6 -2.5
v 5.6 6.6 -2.6
v 5.6 6.5 -2.6
v 5.5 6.5 -2.6
v 5.5 6.6 -2.6
v 5.6 6.6 -2.5
v 5.6 6.5 -2.5
v 5.7 6.5 -2.5
v 5.7 6.6 -2.5
v 5.7 6.6 -2.6
v 5.7 6.5 -2.6
v 5.6 6.5 -2.6
v 5.6 6.6 -2.6
v 5.7 6.6 -2.5
v 5.7 6.5 -2.5
v 5.8 6.5 -2.5
v 5.8 6.6 -2.5
v 5.8 6.6 -2.6
v 5.8 6.5 -2.6
v 5.7 6.5 -2.6
v 5.7 6.6 -2.6
v 5.9 6.6 -2.5
v 5.9 6.5 -2.5
v 5.9 6.5 -2.6
v 5.9 6.6 -2.6
v 5.8 6.5 -2.5
v 5.8 6.5 -2.6
v 5.9 6.5 -2.6
v 5.9 6.5 -2.5
v 5.8 6.6 -2.5
v 5.8 6.5 -2.5
v 5.9 6.5 -2.5
v 5.9 6.6 -2.5
v 5.9 6.6 -2.6
v 5.9 6.5 -2.6
v 5.8 6.5 -2.6
v 5.8 6.6 -2.6
v 6.6 6.6 -2.6
v 6.6 6.5 -2.6
v 6.6 6.5 -2.5
v 6.6 6.6 -2.5
v 6.6 6.6 -2.6
v 6.6 6.6 -2.5
v 6.7 6.6 -2.5
v 6.7 6.6 -2.6
v 6.6 6.6 -2.5
v 6.6 6.5 -2.5
v 6.7 6.5 -2.5
v 6.7 6.6 -2.5
v 6.7 6.6 -2.6
v 6.7 6.5 -2.6
v 6.6 6.5 -2.6
v 6.6 6.6 -2.6
v 6.7 6.6 -2.6
v 6.7 6.6 -2.5
v 6.8 6.6 -2.5
v 6.8 6.6 -2.6
v 6.7 6.6 -2.5
v 6.7 6.5 -2.5
v 6.8 6.5 -2.5
v 6.8 6.6 -2.5
v 6.8 6.6 -2.6
v 6.8 6.5 -2.6
v 6.7 6.5 -2.6
v 6.7 6.6 -2.6
v 6.8 6.6 -2.5
v 6.8 6.5 -2.5
v 6.9 6.5 -2.5
v 6.9 6.6 -2.5
v 6.9 6.6 -2.6
v 6.9 6.5 -2.6
v 6.8 6.5 -2.6
v 6.8 6.6 -2.6
v 6.9 6.6 -2.5
v 6.9 6.5 -2.5
v 7 6.5 -2.5
v 7 6.6 -2.5
v 7 6.6 -2.6
v 7 6.5 -2.6
v 6.9 6.5 -2.6
v 6.9 6.6 -2.6
v 7 6.6 -2.5
v 7 6.5 -2.5
v 7.1 6.5 -2.5
v 7.1 6.6 -2.5
v 7.1 6.6 -2.6
v 7.1 6.5 -2.6
v 7 6.5 -2.6
v 7 6.6 -2.6
v 7.1 6.6 -2.5
v 7.1 6.5 -2.5
v 7.2 6.5 -2.5
v 7.2 6.6 -2.5
v 7.2 6.6 -2.6
v 7.2 6.5 -2.6
v 7.1 6.5 -2.6
v 7.1 6.6 -2.6
v 7.2 6.6 -2.5
v 7.2 6.5 -2.5
v 7.3 6.5 -2.5
v 7.3 6.6 -2.5
v 7.3 6.6 -2.6
v 7.3 6.5 -2.6
v 7.2 6.5 -2.6
v 7.2 6.6 -2.6
v 7.3 6.6 -2.5
v 7.3 6.5 -2.5
v 7.4 6.5 -2.5
v 7.4 6.6 -2.5
v 7.4 6.6 -2.6
v 7.4 6.5 -2.6
v 7.3 6.5 -2.6
v 7.3 6.6 -2.6
v 7.4 6.6 -2.5
v 7.4 6.5 -2.5
v 7.5 6.5 -2.5
v 7.5 6.6 -2.5
v 7.5 6.6 -2.6
v 7.5 6.5 -2.6
v 7.4 6.5 -2.6
v 7.4 6.6 -2.6
v 7.5 6.6 -2.5
v 7.5 6.5 -2.5
v 7.6 6.5 -2.5
v 7.6 6.6 -2.5
v 7.6 6.6 -2.6
v 7.6 6.5 -2.6
v 7.5 6.5 -2.6
v 7.5 6.6 -2.6
v 7.6 6.6 -2.5
v 7.6 6.5 -2.5
v 7.7 6.5 -2.5
v 7.7 6.6 -2.5
v 7.7 6.6 -2.6
v 7.7 6.5 -2.6
v 7.6 6.5 -2.6
v 7.6 6.6 -2.6
v 7.7 6.6 -2.5
v 7.7 6.5 -2.5
v 7.8 6.5 -2.5
v 7.8 6.6 -2.5
v 7.8 6.6 -2.6
v 7.8 6.5 -2.6
v 7.7 6.5 -2.6
v 7.7 6.6 -2.6
v 7.8 6.6 -2.5
v 7.8 6.5 -2.5
v 7.9 6.5 -2.5
v 7.9 6.6 -2.5
v 7.9 6.6 -2.6
v 7.9 6.5 -2.6
v 7.8 6.5 -2.6
v 7.8 6.6 -2.6
v 7.9 6.6 -2.5
v 7.9 6.5 -2.5
v 8 6.5 -2.5
v 8 6.6 -2.5
v 8 6.6 -2.6
v 8 6.5 -2.6
v 7.9 6.5 -2.6
v 7.9 6.6 -2.6
v 8 6.6 -2.5
v 8 6.5 -2.5
v 8.1 6.5 -2.5
v 8.1 6.6 -2.5
v 8.1 6.6 -2.6
v 8.1 6.5 -2.6
v 8 6.5 -2.6
v 8 6.6 -2.6
v 8.1 6.6 -2.5
v 8.1 6.5 -2.5
v 8.2 6.5 -2.5
v 8.2 6.6 -2.5
v 8.2 6.6 -2.6
v 8.2 6.5 -2.6
v 8.1 6.5 -2.6
v 8.1 6.6 -2.6
v 8.2 6.6 -2.5
v 8.2 6.5 -2.5
v 8.3 6.5 -2.5
v 8.3 6.6 -2.5
v 8.3 6.6 -2.6
v 8.3 6.5 -2.6
v 8.2 6.5 -2.6
v 8.2 6.6 -2.6
v 8.3 6.6 -2.5
v 8.3 6.5 -2.5
v 8.4 6.5 -2.5
v 8.4 6.6 -2.5
v 8.4 6.6 -2.6
v 8.4 6.5 -2.6
v 8.3 6.5 -2.6
v 8.3 6.6 -2.6
v 8.4 6.6 -2.5
v 8.4 6.5 -2.5
v 8.5 6.5 -2.5
v 8.5 6.6 -2.5
v 8.5 6.6 -2.6
v 8.5 6.5 -2.6
v 8.4 6.5 -2.6
v 8.4 6.6 -2.6
v 8.5 6.6 -2.5
v 8.5 6.5 -2.5
v 8.6 6.5 -2.5
v 8.6 6.6 -2.5
v 8.6 6.6 -2.6
v 8.6 6.5 -2.6
v 8.5 6.5 -2.6
v 8.5 6.6 -2.6
v 8.6 6.6 -2.5
v 8.6 6.5 -2.5
v 8.7 6.5 -2.5
v 8.7 6.6 -2.5
v 8.7 6.6 -2.6
v 8.7 6.5 -2.6
v 8.6 6.5 -2.6
v 8.6 6.6 -2.6
v 8.7 6.6 -2.5
v 8.7 6.5 -2.5
v 8.8 6.5 -2.5
v 8.8 6.6 -2.5
v 8.8 6.6 -2.6
v 8.8 6.5 -2.6
v 8.7 6.5 -2.6
v 8.7 6.6 -2.6
v 8.8 6.6 -2.5
v 8.8 6.5 -2.5
v 8.9 6.5 -2.5
v 8.9 6.6 -2.5
v 8.9 6.6 -2.6
v 8.9 6.5 -2.6
v 8.8 6.5 -2.6
v 8.8 6.6 -2.6
v 8.9 6.6 -2.5
v 8.9 6.5 -2.5
v 9 6.5 -2.5
v 9 6.6 -2.5
v 9 6.6 -2.6
v 9 6.5 -2.6
v 8.9 6.5 -2.6
v 8.9 6.6 -2.6
v 9 6.6 -2.5
v 9 6.5 -2.5
v 9.1 6.5 -2.5
v 9.1 6.6 -2.5
v 9.1 6.6 -2.6
v 9.1 6.5 -2.6
v 9 6.5 -2.6
v 9 6.6 -2.6
v 9.2 6.6 -2.5
v 9.2 6.5 -2.5
v 9.2 6.5 -2.6
v 9.2 6.6 -2.6
v 9.1 6.5 -2.5
v 9.1 6.5 -2.6
v 9.2 6.5 -2.6
v 9.2 6.5 -2.5
v 9.1 6.6 -2.5
v 9.1 6.5 -2.5
v 9.2 6.5 -2.5
v 9.2 6.6 -2.5
v 9.2 6.6 -2.6
v 9.2 6.5 -2.6
v 9.1 6.5 -2.6
v 9.1 6.6 -2.6
v 11.4 6.6 -2.6
v 11.4 6.5 -2.6
v 11.4 6.5 -2.5
v 11.4 6.6 -2.5
v 11.4 6.6 -2.6
v 11.4 6.6 -2.5
v 11.5 6.6 -2.5
v 11.5 6.6 -2.6
v 11.4 6.6 -2.5
v 11.4 6.5 -2.5
v 11.5 6.5 -2.5
v 11.5 6.6 -2.5
v 11.5 6.6 -2.6
v 11.5 6.5 -2.6
v 11.4 6.5 -2.6
v 11.4 6.6 -2.6
v 11.5 6.6 -2.5
v 11.5 6.5 -2.5
v 11.6 6.5 -2.5
v 11.6 6.6 -2.5
v 11.6 6.6 -2.6
v 11.6 6.5 -2.6
v 11.5 6.5 -2.6
v 11.5 6.6 -2.6
v 11.6 6.6 -2.5
v 11.6 6.5 -2.5
v 11.7 6.5 -2.5
v 11.7 6.6 -2.5
v 11.7 6.6 -2.6
v 11.7 6.5 -2.6
v 11.6 6.5 -2.6
v 11.6 6.6 -2.6
v 11.7 6.6 -2.5
v 11.7 6.5 -2.5
v 11.8 6.5 -2.5
v 11.8 6.6 -2.5
v 11.8 6.6 -2.6
v 11.8 6.5 -2.6
v 11.7 6.5 -2.6
v 11.7 6.6 -2.6
v 11.8 6.6 -2.5
v 11.8 6.5 -2.5
v 11.9 6.5 -2.5
v 11.9 6.6 -2.5
v 11.9 6.6 -2.6
v 11.9 6.5 -2.6
v 11.8 6.5 -2.6
v 11.8 6.6 -2.6
v 12 6.6 -2.5
v 12 6.5 -2.5
v 12 6.5 -2.6
v 12 6.6 -2.6
v 11.9 6.5 -2.5
v 11.9 6.5 -2.6
v 12 6.5 -2.6
v 12 6.5 -2.5
v 11.9 6.6 -2.5
v 11.9 6.5 -2.5
v 12 6.5 -2.5
v 12 6.6 -2.5
v 12 6.6 -2.6
v 12 6.5 -2.6
v 11.9 6.5 -2.6
v 11.9 6.6 -2.6
v 4.8 6.5 -2.6
v 4.8 6.4 -2.6
v 4.8 6.4 -2.5
v 4.8 6.5 -2.5
v 4.8 6.4 -2.5
v 4.8 6.4 -2.6
v 4.9 6.4 -2.6
v 4.9 6.4 -2.5
v 4.8 6.5 -2.5
v 4.8 6.4 -2.5
v 4.9 6.4 -2.5
v 4.9 6.5 -2.5
v 4.9 6.5 -2.6
v 4.9 6.4 -2.6
v 4.8 6.4 -2.6
v 4.8 6.5 -2.6
v 4.9 6.5 -2.5
v 4.9 6.4 -2.5
v 5 6.4 -2.5
v 5 6.5 -2.5
v 5 6.5 -2.6
v 5 6.4 -2.6
v 4.9 6.4 -2.6
v 4.9 6.5 -2.6
v 5 6.5 -2.5
v 5 6.4 -2.5
v 5.1 6.4 -2.5
v 5.1 6.5 -2.5
v 5.1 6.5 -2.6
v 5.1 6.4 -2.6
v 5 6.4 -2.6
v 5 6.5 -2.6
v 5.1 6.5 -2.5
v 5.1 6.4 -2.5
v 5.2 6.4 -2.5
v 5.2 6.5 -2.5
v 5.2 6.5 -2.6
v 5.2 6.4 -2.6
v 5.1 6.4 -2.6
v 5.1 6.5 -2.6
v 5.2 6.5 -2.5
v 5.2 6.4 -2.5
v 5.3 6.4 -2.5
v 5.3 6.5 -2.5
v 5.3 6.5 -2.6
v 5.3 6.4 -2.6
v 5.2 6.4 -2.6
v 5.2 6.5 -2.6
v 5.3 6.5 -2.5
v 5.3 6.4 -2.5
v 5.4 6.4 -2.5
v 5.4 6.5 -2.5
v 5.4 6.5 -2.6
v 5.4 6.4 -2.6
v 5.3 6.4 -2.6
v 5.3 6.5 -2.6
v 5.4 6.5 -2.5
v 5.4 6.4 -2.5
v 5.5 6.4 -2.5
v 5.5 6.5 -2.5
v 5.5 6.5 -2.6
v 5.5 6.4 -2.6
v 5.4 6.4 -2.6
v 5.4 6.5 -2.6
v 5.5 6.5 -2.5
v 5.5 6.4 -2.5
v 5.6 6.4 -2.5
v 5.6 6.5 -2.5
v 5.6 6.5 -2.6
v 5.6 6.4 -2.6
v 5.5 6.4 -2.6
v 5.5 6.5 -2.6
v 5.6 6.5 -2.5
v 5.6 6.4 -2.5
v 5.7 6.4 -2.5
v 5.7 6.5 -2.5
v 5.7 6.5 -2.6
v 5.7 6.4 -2.6
v 5.6 6.4 -2.6
v 5.6 6.5 -2.6
v 5.8 6.5 -2.5
v 5.8 6.4 -2.5
v 5.8 6.4 -2.6
v 5.8 6.5 -2.6
v 5.7 6.4 -2.5
v 5.7 6.4 -2.6
v 5.8 6.4 -2.6
v 5.8 6.4 -2.5
v 5.7 6.5 -2.5
v 5.7 6.4 -2.5
v 5.8 6.4 -2.5
v 5.8 6.5 -2.5
v 5.8 6.5 -2.6
v 5.8 6.4 -2.6
v 5.7 6.4 -2.6
v 5.7 6.5 -2.6
v 6.3 6.5 -2.6
v 6.3 6.4 -2.6
v 6.3 6.4 -2.5
v 6.3 6.5 -2.5
v 6.3 6.5 -2.6
v 6.3 6.5 -2.5
v 6.4 6.5 -2.5
v 6.4 6.5 -2.6
v 6.3 6.5 -2.5
v 6.3 6.4 -2.5
v 6.4 6.4 -2.5
v 6.4 6.5 -2.5
v 6.4 6.5 -2.6
v 6.4 6.4 -2.6
v 6.3 6.4 -2.6
v 6.3 6.5 -2.6
v 6.4 6.5 -2.6
v 6.4 6.5 -2.5
v 6.5 6.5 -2.5
v 6.5 6.5 -2.6
v 6.4 6.5 -2.5
v 6.4 6.4 -2.5
v 6.5 6.4 -2.5
v 6.5 6.5 -2.5
v 6.5 6.5 -2.6
v 6.5 6.4 -2.6
v 6.4 6.4 -2.6
v 6.4 6.5 -2.6
v 6.5 6.5 -2.6
v 6.5 6.5 -2.5
v 6.6 6.5 -2.5
v 6.6 6.5 -2.6
v 6.5 6.5 -2.5
v 6.5 6.4 -2.5
v 6.6 6.4 -2.5
v 6.6 6.5 -2.5
v 6.6 6.5 -2.6
v 6.6 6.4 -2.6
v 6.5 6.4 -2.6
v 6.5 6.5 -2.6
v 6.6 6.5 -2.5
v 6.6 6.4 -2.5
v 6.7 6.4 -2.5
v 6.7 6.5 -2.5
v 6.7 6.5 -2.6
v 6.7 6.4 -2.6
v 6.6 6.4 -2.6
v 6.6 6.5 -2.6
v 6.7 6.5 -2.5
v 6.7 6.4 -2.5
v 6.8 6.4 -2.5
v 6.8 6.5 -2.5
v 6.8 6.5 -2.6
v 6.8 6.4 -2.6
v 6.7 6.4 -2.6
v 6.7 6.5 -2.6
v 6.8 6.5 -2.5
v 6.8 6.4 -2.5
v 6.9 6.4 -2.5
v 6.9 6.5 -2.5
v 6.9 6.5 -2.6
v 6.9 6.4 -2.6
v 6.8 6.4 -2.6
v 6.8 6.5 -2.6
v 6.9 6.5 -2.5
v 6.9 6.4 -2.5
v 7 6.4 -2.5
v 7 6.5 -2.5
v 7 6.5 -2.6
v 7 6.4 -2.6
v 6.9 6.4 -2.6
v 6.9 6.5 -2.6
v 7 6.5 -2.5
v 7 6.4 -2.5
v 7.1 6.4 -2.5
v 7.1 6.5 -2.5
v 7.1 6.5 -2.6
v 7.1 6.4 -2.6
v 7 6.4 -2.6
v 7 6.5 -2.6
v 7.1 6.5 -2.5
v 7.1 6.4 -2.5
v 7.2 6.4 -2.5
v 7.2 6.5 -2.5
v 7.2 6.5 -2.6
v 7.2 6.4 -2.6
v 7.1 6.4 -2.6
v 7.1 6.5 -2.6
v 7.2 6.5 -2.5
v 7.2 6.4 -2.5
v 7.3 6.4 -2.5
v 7.3 6.5 -2.5
v 7.3 6.5 -2.6
v 7.3 6.4 -2.6
v 7.2 6.4 -2.6
v 7.2 6.5 -2.6
v 7.3 6.5 -2.5
v 7.3 6.4 -2.5
v 7.4 6.4 -2.5
v 7.4 6.5 -2.5
v 7.4 6.5 -2.6
v 7.4 6.4 -2.6
v 7.3 6.4 -2.6
v 7.3 6.5 -2.6
v 7.4 6.5 -2.5
v 7.4 6.4 -2.5
v 7.5 6.4 -2.5
v 7.5 6.5 -2.5
v 7.5 6.5 -2.6
v 7.5 6.4 -2.6
v 7.4 6.4 -2.6
v 7.4 6.5 -2.6
v 7.5 6.5 -2.5
v 7.5 6.4 -2.5
v 7.6 6.4 -2.5
v 7.6 6.5 -2.5
v 7.6 6.5 -2.6
v 7.6 6.4 -2.6
v 7.5 6.4 -2.6
v 7.5 6.5 -2.6
v 7.6 6.5 -2.5
v 7.6 6.4 -2.5
v 7.7 6.4 -2.5
v 7.7 6.5 -2.5
v 7.7 6.5 -2.6
v 7.7 6.4 -2.6
v 7.6 6.4 -2.6
v 7.6 6.5 -2.6
v 7.7 6.5 -2.5
v 7.7 6.4 -2.5
v 7.8 6.4 -2.5
v 7.8 6.5 -2.5
v 7.8 6.5 -2.6
v 7.8 6.4 -2.6
v 7.7 6.4 -2.6
v 7.7 6.5 -2.6
v 7.8 6.5 -2.5
v 7.8 6.4 -2.5
v 7.9 6.4 -2.5
v 7.9 6.5 -2.5
v 7.9 6.5 -2.6
v 7.9 6.4 -2.6
v 7.8 6.4 -2.6
v 7.8 6.5 -2.6
v 7.9 6.5 -2.5
v 7.9 6.4 -2.5
v 8 6.4 -2.5
v 8 6.5 -2.5
v 8 6.5 -2.6
v 8 6.4 -2.6
v 7.9 6.4 -2.6
v 7.9 6.5 -2.6
v 8 6.5 -2.5
v 8 6.4 -2.5
v 8.1 6.4 -2.5
v 8.1 6.5 -2.5
v 8.1 6.5 -2.6
v 8.1 6.4 -2.6
v 8 6.4 -2.6
v 8 6.5 -2.6
v 8.1 6.5 -2.5
v 8.1 6.4 -2.5
v 8.2 6.4 -2.5
v 8.2 6.5 -2.5
v 8.2 6.5 -2.6
v 8.2 6.4 -2.6
v 8.1 6.4 -2.6
v 8.1 6.5 -2.6
v 8.2 6.5 -2.5
v 8.2 6.4 -2.5
v 8.3 6.4 -2.5
v 8.3 6.5 -2.5
v 8.3 6.5 -2.6
v 8.3 6.4 -2.6
v 8.2 6.4 -2.6
v 8.2 6.5 -2.6
v 8.3 6.5 -2.5
v 8.3 6.4 -2.5
v 8.4 6.4 -2.5
v 8.4 6.5 -2.5
v 8.4 6.5 -2.6
v 8.4 6.4 -2.6
v 8.3 6.4 -2.6
v 8.3 6.5 -2.6
v 8.4 6.5 -2.5
v 8.4 6.4 -2.5
v 8.5 6.4 -2.5
v 8.5 6.5 -2.5
v 8.5 6.5 -2.6
v 8.5 6.4 -2.6
v 8.4 6.4 -2.6
v 8.4 6.5 -2.6
v 8.5 6.5 -2.5
v 8.5 6.4 -2.5
v 8.6 6.4 -2.5
v 8.6 6.5 -2.5
v 8.6 6.5 -2.6
v 8.6 6.4 -2.6
v 8.5 6.4 -2.6
v 8.5 6.5 -2.6
v 8.6 6.5 -2.5
v 8.6 6.4 -2.5
v 8.7 6.4 -2.5
v 8.7 6.5 -2.5
v 8.7 6.5 -2.6
v 8.7 6.4 -2.6
v 8.6 6.4 -2.6
v 8.6 6.5 -2.6
v 8.7 6.5 -2.5
v 8.7 6.4 -2.5
v 8.8 6.4 -2.5
v 8.8 6.5 -2.5
v 8.8 6.5 -2.6
v 8.8 6.4 -2.6
v 8.7 6.4 -2.6
v 8.7 6.5 -2.6
v 8.8 6.5 -2.5
v 8.8 6.4 -2.5
v 8.9 6.4 -2.5
v 8.9 6.5 -2.5
v 8.9 6.5 -2.6
v 8.9 6.4 -2.6
v 8.8 6.4 -2.6
v 8.8 6.5 -2.6
v 8.9 6.5 -2.5
v 8.9 6.4 -2.5
v 9 6.4 -2.5
v 9 6.5 -2.5
v 9 6.5 -2.6
v 9 6.4 -2.6
v 8.9 6.4 -2.6
v 8.9 6.5 -2.6
v 9.1 6.5 -2.5
v 9.1 6.4 -2.5
v 9.1 6.4 -2.6
v 9.1 6.5 -2.6
v 9 6.5 -2.5
v 9 6.4 -2.5
v 9.1 6.4 -2.5
v 9.1 6.5 -2.5
v 9.1 6.5 -2.6
v 9.1 6.4 -2.6
v 9 6.4 -2.6
v 9 6.5 -2.6
v 11.2 6.5 -2.6
v 11.2 6.4 -2.6
v 11.2 6.4 -2.5
v 11.2 6.5 -2.5
v 11.2 6.5 -2.6
v 11.2 6.5 -2.5
v 11.3 6.5 -2.5
v 11.3 6.5 -2.6
v 11.2 6.5 -2.5
v 11.2 6.4 -2.5
v 11.3 6.4 -2.5
v 11.3 6.5 -2.5
v 11.3 6.5 -2.6
v 11.3 6.4 -2.6
v 11.2 6.4 -2.6
v 11.2 6.5 -2.6
v 11.3 6.5 -2.6
v 11.3 6.5 -2.5
v 11.4 6.5 -2.5
v 11.4 6.5 -2.6
v 11.3 6.5 -2.5
v 11.3 6.4 -2.5
v 11.4 6.4 -2.5
v 11.4 6.5 -2.5
v 11.4 6.5 -2.6
v 11.4 6.4 -2.6
v 11.3 6.4 -2.6
v 11.3 6.5 -2.6
v 11.4 6.5 -2.5
v 11.4 6.4 -2.5
v 11.5 6.4 -2.5
v 11.5 6.5 -2.5
v 11.5 6.5 -2.6
v 11.5 6.4 -2.6
v 11.4 6.4 -2.6
v 11.4 6.5 -2.6
v 11.5 6.5 -2.5
v 11.5 6.4 -2.5
v 11.6 6.4 -2.5
v 11.6 6.5 -2.5
v 11.6 6.5 -2.6
v 11.6 6.4 -2.6
v 11.5 6.4 -2.6
v 11.5 6.5 -2.6
v 11.6 6.5 -2.5
v 11.6 6.4 -2.5
v 11.7 6.4 -2.5
v 11.7 6.5 -2.5
v 11.7 6.5 -2.6
v 11.7 6.4 -2.6
v 11.6 6.4 -2.6
v 11.6 6.5 -2.6
v 11.7 6.5 -2.5
v 11.7 6.4 -2.5
v 11.8 6.4 -2.5
v 11.8 6.5 -2.5
v 11.8 6.5 -2.6
v 11.8 6.4 -2.6
v 11.7 6.4 -2.6
v 11.7 6.5 -2.6
v 11.9 6.5 -2.5
v 11.9 6.4 -2.5
v 11.9 6.4 -2.6
v 11.9 6.5 -2.6
v 11.8 6.4 -2.5
v 11.8 6.4 -2.6
v 11.9 6.4 -2.6
v 11.9 6.4 -2.5
v 11.8 6.5 -2.5
v 11.8 6.4 -2.5
v 11.9 6.4 -2.5
v 11.9 6.5 -2.5
v 11.9 6.5 -2.6
v 11.9 6.4 -2.6
v 11.8 6.4 -2.6
v 11.8 6.5 -2.6
v 4.9 6.4 -2.6
v 4.9 6.3 -2.6
v 4.9 6.3 -2.5
v 4.9 6.4 -2.5
v 4.9 6.4 -2.5
v 4.9 6.3 -2.5
v 5 6.3 -2.5
v 5 6.4 -2.5
v 5 6.4 -2.6
v 5 6.3 -2.6
v 4.9 6.3 -2.6
v 4.9 6.4 -2.6
v 5 6.4 -2.5
v 5 6.3 -2.5
v 5.1 6.3 -2.5
v 5.1 6.4 -2.5
v 5.1 6.4 -2.6
v 5.1 6.3 -2.6
v 5 6.3 -2.6
v 5 6.4 -2.6
v 5.1 6.4 -2.5
v 5.1 6.3 -2.5
v 5.2 6.3 -2.5
v 5.2 6.4 -2.5
v 5.2 6.4 -2.6
v 5.2 6.3 -2.6
v 5.1 6.3 -2.6
v 5.1 6.4 -2.6
v 5.2 6.4 -2.5
v 5.2 6.3 -2.5
v 5.3 6.3 -2.5
v 5.3 6.4 -2.5
v 5.3 6.4 -2.6
v 5.3 6.3 -2.6
v 5.2 6.3 -2.6
v 5.2 6.4 -2.6
v 5.3 6.4 -2.5
v 5.3 6.3 -2.5
v 5.4 6.3 -2.5
v 5.4 6.4 -2.5
v 5.4 6.4 -2.6
v 5.4 6.3 -2.6
v 5.3 6.3 -2.6
v 5.3 6.4 -2.6
v 5.4 6.4 -2.5
v 5.4 6.3 -2.5
v 5.5 6.3 -2.5
v 5.5 6.4 -2.5
v 5.5 6.4 -2.6
v 5.5 6.3 -2.6
v 5.4 6.3 -2.6
v 5.4 6.4 -2.6
v 5.5 6.4 -2.5
v 5.5 6.3 -2.5
v 5.6 6.3 -2.5
v 5.6 6.4 -2.5
v 5.6 6.4 -2.6
v 5.6 6.3 -2.6
v 5.5 6.3 -2.6
v 5.5 6.4 -2.6
v 5.7 6.4 -2.5
v 5.7 6.3 -2.5
v 5.7 6.3 -2.6
v 5.7 6.4 -2.6
v 5.6 6.3 -2.5
v 5.6 6.3 -2.6
v 5.7 6.3 -2.6
v 5.7 6.3 -2.5
v 5.6 6.4 -2.5
v 5.6 6.3 -2.5
v 5.7 6.3 -2.5
v 5.7 6.4 -2.5
v 5.7 6.4 -2.6
v 5.7 6.3 -2.6
v 5.6 6.3 -2.6
v 5.6 6.4 -2.6
v 6.1 6.4 -2.6
v 6.1 6.3 -2.6
v 6.1 6.3 -2.5
v 6.1 6.4 -2.5
v 6.1 6.4 -2.6
v 6.1 6.4 -2.5
v 6.2 6.4 -2.5
v 6.2 6.4 -2.6
v 6.1 6.4 -2.5
v 6.1 6.3 -2.5
v 6.2 6.3 -2.5
v 6.2 6.4 -2.5
v 6.2 6.4 -2.6
v 6.2 6.3 -2.6
v 6.1 6.3 -2.6
v 6.1 6.4 -2.6
v 6.2 6.4 -2.6
v 6.2 6.4 -2.5
v 6.3 6.4 -2.5
v 6.3 6.4 -2.6
v 6.2 6.4 -2.5
v 6.2 6.3 -2.5
v 6.3 6.3 -2.5
v 6.3 6.4 -2.5
v 6.3 6.4 -2.6
v 6.3 6.3 -2.6
v 6.2 6.3 -2.6
v 6.2 6.4 -2.6
v 6.3 6.4 -2.5
v 6.3 6.3 -2.5
v 6.4 6.3 -2.5
v 6.4 6.4 -2.5
v 6.4 6.4 -2.6
v 6.4 6.3 -2.6
v 6.3 6.3 -2.6
v 6.3 6.4 -2.6
v 6.4 6.4 -2.5
v 6.4 6.3 -2.5
v 6.5 6.3 -2.5
v 6.5 6.4 -2.5
v 6.5 6.4 -2.6
v 6.5 6.3 -2.6
v 6.4 6.3 -2.6
v 6.4 6.4 -2.6
v 6.5 6.4 -2.5
v 6.5 6.3 -2.5
v 6.6 6.3 -2.5
v 6.6 6.4 -2.5
v 6.6 6.4 -2.6
v 6.6 6.3 -2.6
v 6.5 6.3 -2.6
v 6.5 6.4 -2.6
v 6.6 6.4 -2.5
v 6.6 6.3 -2.5
v 6.7 6.3 -2.5
v 6.7 6.4 -2.5
v 6.7 6.4 -2.6
v 6.7 6.3 -2.6
v 6.6 6.3 -2.6
v 6.6 6.4 -2.6
v 6.7 6.4 -2.5
v 6.7 6.3 -2.5
v 6.8 6.3 -2.5
v 6.8 6.4 -2.5
v 6.8 6.4 -2.6
v 6.8 6.3 -2.6
v 6.7 6.3 -2.6
v 6.7 6.4 -2.6
v 6.8 6.4 -2.5
v 6.8 6.3 -2.5
v 6.9 6.3 -2.5
v 6.9 6.4 -2.5
v 6.9 6.4 -2.6
v 6.9 6.3 -2.6
v 6.8 6.3 -2.6
v 6.8 6.4 -2.6
v 6.9 6.4 -2.5
v 6.9 6.3 -2.5
v 7 6.3 -2.5
v 7 6.4 -2.5
v 7 6.4 -2.6
v 7 6.3 -2.6
v 6.9 6.3 -2.6
v 6.9 6.4 -2.6
v 7 6.4 -2.5
v 7 6.3 -2.5
v 7.1 6.3 -2.5
v 7.1 6.4 -2.5
v 7.1 6.4 -2.6
v 7.1 6.3 -2.6
v 7 6.3 -2.6
v 7 6.4 -2.6
v 7.1 6.4 -2.5
v 7.1 6.3 -2.5
v 7.2 6.3 -2.5
v 7.2 6.4 -2.5
v 7.2 6.4 -2.6
v 7.2 6.3 -2.6
v 7.1 6.3 -2.6
v 7.1 6.4 -2.6
v 7.2 6.4 -2.5
v 7.2 6.3 -2.5
v 7.3 6.3 -2.5
v 7.3 6.4 -2.5
v 7.3 6.4 -2.6
v 7.3 6.3 -2.6
v 7.2 6.3 -2.6
v 7.2 6.4 -2.6
v 7.3 6.4 -2.5
v 7.3 6.3 -2.5
v 7.4 6.3 -2.5
v 7.4 6.4 -2.5
v 7.4 6.4 -2.6
v 7.4 6.3 -2.6
v 7.3 6.3 -2.6
v 7.3 6.4 -2.6
v 7.4 6.4 -2.5
v 7.4 6.3 -2.5
v 7.5 6.3 -2.5
v 7.5 6.4 -2.5
v 7.5 6.4 -2.6
v 7.5 6.3 -2.6
v 7.4 6.3 -2.6
v 7.4 6.4 -2.6
v 7.5 6.4 -2.5
v 7.5 6.3 -2.5
v 7.6 6.3 -2.5
v 7.6 6.4 -2.5
v 7.6 6.4 -2.6
v 7.6 6.3 -2.6
v 7.5 6.3 -2.6
v 7.5 6.4 -2.6
v 7.6 6.4 -2.5
v 7.6 6.3 -2.5
v 7.7 6.3 -2.5
v 7.7 6.4 -2.5
v 7.7 6.4 -2.6
v 7.7 6.3 -2.6
v 7.6 6.3 -2.6
v 7.6 6.4 -2.6
v 7.7 6.4 -2.5
v 7.7 6.3 -2.5
v 7.8 6.3 -2.5
v 7.8 6.4 -2.5
v 7.8 6.4 -2.6
v 7.8 6.3 -2.6
v 7.7 6.3 -2.6
v 7.7 6.4 -2.6
v 7.8 6.4 -2.5
v 7.8 6.3 -2.5
v 7.9 6.3 -2.5
v 7.9 6.4 -2.5
v 7.9 6.4 -2.6
v 7.9 6.3 -2.6
v 7.8 6.3 -2.6
v 7.8 6.4 -2.6
v 7.9 6.4 -2.5
v 7.9 6.3 -2.5
v 8 6.3 -2.5
v 8 6.4 -2.5
v 8 6.4 -2.6
v 8 6.3 -2.6
v 7.9 6.3 -2.6
v 7.9 6.4 -2.6
v 8 6.4 -2.5
v 8 6.3 -2.5
v 8.1 6.3 -2.5
v 8.1 6.4 -2.5
v 8.1 6.4 -2.6
v 8.1 6.3 -2.6
v 8 6.3 -2.6
v 8 6.4 -2.6
v 8.1 6.4 -2.5
v 8.1 6.3 -2.5
v 8.2 6.3 -2.5
v 8.2 6.4 -2.5
v 8.2 6.4 -2.6
v 8.2 6.3 -2.6
v 8.1 6.3 -2.6
v 8.1 6.4 -2.6
v 8.2 6.4 -2.5
v 8.2 6.3 -2.5
v 8.3 6.3 -2.5
v 8.3 6.4 -2.5
v 8.3 6.4 -2.6
v 8.3 6.3 -2.6
v 8.2 6.3 -2.6
v 8.2 6.4 -2.6
v 8.3 6.4 -2.5
v 8.3 6.3 -2.5
v 8.4 6.3 -2.5
v 8.4 6.4 -2.5
v 8.4 6.4 -2.6
v 8.4 6.3 -2.6
v 8.3 6.3 -2.6
v 8.3 6.4 -2.6
v 8.4 6.4 -2.5
v 8.4 6.3 -2.5
v 8.5 6.3 -2.5
v 8.5 6.4 -2.5
v 8.5 6.4 -2.6
v 8.5 6.3 -2.6
v 8.4 6.3 -2.6
v 8.4 6.4 -2.6
v 8.5 6.4 -2.5
v 8.5 6.3 -2.5
v 8.6 6.3 -2.5
v 8.6 6.4 -2.5
v 8.6 6.4 -2.6
v 8.6 6.3 -2.6
v 8.5 6.3 -2.6
v 8.5 6.4 -2.6
v 8.6 6.4 -2.5
v 8.6 6.3 -2.5
v 8.7 6.3 -2.5
v 8.7 6.4 -2.5
v 8.7 6.4 -2.6
v 8.7 6.3 -2.6
v 8.6 6.3 -2.6
v 8.6 6.4 -2.6
v 8.7 6.4 -2.5
v 8.7 6.3 -2.5
v 8.8 6.3 -2.5
v 8.8 6.4 -2.5
v 8.8 6.4 -2.6
v 8.8 6.3 -2.6
v 8.7 6.3 -2.6
v 8.7 6.4 -2.6
v 8.8 6.4 -2.5
v 8.8 6.3 -2.5
v 8.9 6.3 -2.5
v 8.9 6.4 -2.5
v 8.9 6.4 -2.6
v 8.9 6.3 -2.6
v 8.8 6.3 -2.6
v 8.8 6.4 -2.6
v 8.9 6.4 -2.5
v 8.9 6.3 -2.5
v 9 6.3 -2.5
v 9 6.4 -2.5
v 9 6.4 -2.6
v 9 6.3 -2.6
v 8.9 6.3 -2.6
v 8.9 6.4 -2.6
v 9.1 6.4 -2.5
v 9.1 6.3 -2.5
v 9.1 6.3 -2.6
v 9.1 6.4 -2.6
v 9 6.3 -2.5
v 9 6.3 -2.6
v 9.1 6.3 -2.6
v 9.1 6.3 -2.5
v 9 6.4 -2.5
v 9 6.3 -2.5
v 9.1 6.3 -2.5
v 9.1 6.4 -2.5
v 9.1 6.4 -2.6
v 9.1 6.3 -2.6
v 9 6.3 -2.6
v 9 6.4 -2.6
v 11.1 6.4 -2.6
v 11.1 6.3 -2.6
v 11.1 6.3 -2.5
v 11.1 6.4 -2.5
v 11.1 6.4 -2.6
v 11.1 6.4 -2.5
v 11.2 6.4 -2.5
v 11.2 6.4 -2.6
v 11.1 6.4 -2.5
v 11.1 6.3 -2.5
v 11.2 6.3 -2.5
v 11.2 6.4 -2.5
v 11.2 6.4 -2.6
v 11.2 6.3 -2.6
v 11.1 6.3 -2.6
v 11.1 6.4 -2.6
v 11.2 6.4 -2.5
v 11.2 6.3 -2.5
v 11.3 6.3 -2.5
v 11.3 6.4 -2.5
v 11.3 6.4 -2.6
v 11.3 6.3 -2.6
v 11.2 6.3 -2.6
v 11.2 6.4 -2.6
v 11.3 6.4 -2.5
v 11.3 6.3 -2.5
v 11.4 6.3 -2.5
v 11.4 6.4 -2.5
v 11.4 6.4 -2.6
v 11.4 6.3 -2.6
v 11.3 6.3 -2.6
v 11.3 6.4 -2.6
v 11.4 6.4 -2.5
v 11.4 6.3 -2.5
v 11.5 6.3 -2.5
v 11.5 6.4 -2.5
v 11.5 6.4 -2.6
v 11.5 6.3 -2.6
v 11.4 6.3 -2.6
v 11.4 6.4 -2.6
v 11.5 6.4 -2.5
v 11.5 6.3 -2.5
v 11.6 6.3 -2.5
v 11.6 6.4 -2.5
v 11.6 6.4 -2.6
v 11.6 6.3 -2.6
v 11.5 6.3 -2.6
v 11.5 6.4 -2.6
v 11.6 6.4 -2.5
v 11.6 6.3 -2.5
v 11.7 6.3 -2.5
v 11.7 6.4 -2.5
v 11.7 6.4 -2.6
v 11.7 6.3 -2.6
v 11.6 6.3 -2.6
v 11.6 6.4 -2.6
v 11.8 6.4 -2.5
v 11.8 6.3 -2.5
v 11.8 6.3 -2.6
v 11.8 6.4 -2.6
v 11.7 6.3 -2.5
v 11.7 6.3 -2.6
v 11.8 6.3 -2.6
v 11.8 6.3 -2.5
v 11.7 6.4 -2.5
v 11.7 6.3 -2.5
v 11.8 6.3 -2.5
v 11.8 6.4 -2.5
v 11.8 6.4 -2.6
v 11.8 6.3 -2.6
v 11.7 6.3 -2.6
v 11.7 6.4 -2.6
v 4.9 6.3 -2.6
v 4.9 6.2 -2.6
v 4.9 6.2 -2.5
v 4.9 6.3 -2.5
v 4.9 6.2 -2.5
v 4.9 6.2 -2.6
v 5 6.2 -2.6
v 5 6.2 -2.5
v 4.9 6.3 -2.5
v 4.9 6.2 -2.5
v 5 6.2 -2.5
v 5 6.3 -2.5
v 5 6.3 -2.6
v 5 6.2 -2.6
v 4.9 6.2 -2.6
v 4.9 6.3 -2.6
v 5 6.3 -2.5
v 5 6.2 -2.5
v 5.1 6.2 -2.5
v 5.1 6.3 -2.5
v 5.1 6.3 -2.6
v 5.1 6.2 -2.6
v 5 6.2 -2.6
v 5 6.3 -2.6
v 5.1 6.3 -2.5
v 5.1 6.2 -2.5
v 5.2 6.2 -2.5
v 5.2 6.3 -2.5
v 5.2 6.3 -2.6
v 5.2 6.2 -2.6
v 5.1 6.2 -2.6
v 5.1 6.3 -2.6
v 5.2 6.3 -2.5
v 5.2 6.2 -2.5
v 5.3 6.2 -2.5
v 5.3 6.3 -2.5
v 5.3 6.3 -2.6
v 5.3 6.2 -2.6
v 5.2 6.2 -2.6
v 5.2 6.3 -2.6
v 5.3 6.3 -2.5
v 5.3 6.2 -2.5
v 5.4 6.2 -2.5
v 5.4 6.3 -2.5
v 5.4 6.3 -2.6
v 5.4 6.2 -2.6
v 5.3 6.2 -2.6
v 5.3 6.3 -2.6
v 5.4 6.3 -2.5
v 5.4 6.2 -2.5
v 5.5 6.2 -2.5
v 5.5 6.3 -2.5
v 5.5 6.3 -2.6
v 5.5 6.2 -2.6
v 5.4 6.2 -2.6
v 5.4 6.3 -2.6
v 5.6 6.3 -2.5
v 5.6 6.2 -2.5
v 5.6 6.2 -2.6
v 5.6 6.3 -2.6
v 5.5 6.3 -2.5
v 5.5 6.2 -2.5
v 5.6 6.2 -2.5
v 5.6 6.3 -2.5
v 5.6 6.3 -2.6
v 5.6 6.2 -2.6
v 5.5 6.2 -2.6
v 5.5 6.3 -2.6
v 5.7 6.3 -2.6
v 5.7 6.2 -2.6
v 5.7 6.2 -2.5
v 5.7 6.3 -2.5
v 5.7 6.3 -2.6
v 5.7 6.3 -2.5
v 5.8 6.3 -2.5
v 5.8 6.3 -2.6
v 5.7 6.3 -2.5
v 5.7 6.2 -2.5
v 5.8 6.2 -2.5
v 5.8 6.3 -2.5
v 5.8 6.3 -2.6
v 5.8 6.2 -2.6
v 5.7 6.2 -2.6
v 5.7 6.3 -2.6
v 5.8 6.3 -2.6
v 5.8 6.3 -2.5
v 5.9 6.3 -2.5
v 5.9 6.3 -2.6
v 5.8 6.3 -2.5
v 5.8 6.2 -2.5
v 5.9 6.2 -2.5
v 5.9 6.3 -2.5
v 5.9 6.3 -2.6
v 5.9 6.2 -2.6
v 5.8 6.2 -2.6
v 5.8 6.3 -2.6
v 5.9 6.3 -2.6
v 5.9 6.3 -2.5
v 6 6.3 -2.5
v 6 6.3 -2.6
v 5.9 6.3 -2.5
v 5.9 6.2 -2.5
v 6 6.2 -2.5
v 6 6.3 -2.5
v 6 6.3 -2.6
v 6 6.2 -2.6
v 5.9 6.2 -2.6
v 5.9 6.3 -2.6
v 6 6.3 -2.6
v 6 6.3 -2.5
v 6.1 6.3 -2.5
v 6.1 6.3 -2.6
v 6 6.3 -2.5
v 6 6.2 -2.5
v 6.1 6.2 -2.5
v 6.1 6.3 -2.5
v 6.1 6.3 -2.6
v 6.1 6.2 -2.6
v 6 6.2 -2.6
v 6 6.3 -2.6
v 6.1 6.3 -2.5
v 6.1 6.2 -2.5
v 6.2 6.2 -2.5
v 6.2 6.3 -2.5
v 6.2 6.3 -2.6
v 6.2 6.2 -2.6
v 6.1 6.2 -2.6
v 6.1 6.3 -2.6
v 6.2 6.3 -2.5
v 6.2 6.2 -2.5
v 6.3 6.2 -2.5
v 6.3 6.3 -2.5
v 6.3 6.3 -2.6
v 6.3 6.2 -2.6
v 6.2 6.2 -2.6
v 6.2 6.3 -2.6
v 6.3 6.3 -2.5
v 6.3 6.2 -2.5
v 6.4 6.2 -2.5
v 6.4 6.3 -2.5
v 6.4 6.3 -2.6
v 6.4 6.2 -2.6
v 6.3 6.2 -2.6
v 6.3 6.3 -2.6
v 6.4 6.3 -2.5
v 6.4 6.2 -2.5
v 6.5 6.2 -2.5
v 6.5 6.3 -2.5
v 6.5 6.3 -2.6
v 6.5 6.2 -2.6
v 6.4 6.2 -2.6
v 6.4 6.3 -2.6
v 6.5 6.3 -2.5
v 6.5 6.2 -2.5
v 6.6 6.2 -2.5
v 6.6 6.3 -2.5
v 6.6 6.3 -2.6
v 6.6 6.2 -2.6
v 6.5 6.2 -2.6
v 6.5 6.3 -2.6
v 6.6 6.3 -2.5
v 6.6 6.2 -2.5
v 6.7 6.2 -2.5
v 6.7 6.3 -2.5
v 6.7 6.3 -2.6
v 6.7 6.2 -2.6
v 6.6 6.2 -2.6
v 6.6 6.3 -2.6
v 6.7 6.3 -2.5
v 6.7 6.2 -2.5
v 6.8 6.2 -2.5
v 6.8 6.3 -2.5
v 6.8 6.3 -2.6
v 6.8 6.2 -2.6
v 6.7 6.2 -2.6
v 6.7 6.3 -2.6
v 6.8 6.3 -2.5
v 6.8 6.2 -2.5
v 6.9 6.2 -2.5
v 6.9 6.3 -2.5
v 6.9 6.3 -2.6
v 6.9 6.2 -2.6
v 6.8 6.2 -2.6
v 6.8 6.3 -2.6
v 6.9 6.3 -2.5
v 6.9 6.2 -2.5
v 7 6.2 -2.5
v 7 6.3 -2.5
v 7 6.3 -2.6
v 7 6.2 -2.6
v 6.9 6.2 -2.6
v 6.9 6.3 -2.6
v 7 6.3 -2.5
v 7 6.2 -2.5
v 7.1 6.2 -2.5
v 7.1 6.3 -2.5
v 7.1 6.3 -2.6
v 7.1 6.2 -2.6
v 7 6.2 -2.6
v 7 6.3 -2.6
v 7.1 6.3 -2.5
v 7.1 6.2 -2.5
v 7.2 6.2 -2.5
v 7.2 6.3 -2.5
v 7.2 6.3 -2.6
v 7.2 6.2 -2.6
v 7.1 6.2 -2.6
v 7.1 6.3 -2.6
v 7.2 6.3 -2.5
v 7.2 6.2 -2.5
v 7.3 6.2 -2.5
v 7.3 6.3 -2.5
v 7.3 6.3 -2.6
v 7.3 6.2 -2.6
v 7.2 6.2 -2.6
v 7.2 6.3 -2.6
v 7.3 6.3 -2.5
v 7.3 6.2 -2.5
v 7.4 6.2 -2.5
v 7.4 6.3 -2.5
v 7.4 6.3 -2.6
v 7.4 6.2 -2.6
v 7.3 6.2 -2.6
v 7.3 6.3 -2.6
v 7.4 6.3 -2.5
v 7.4 6.2 -2.5
v 7.5 6.2 -2.5
v 7.5 6.3 -2.5
v 7.5 6.3 -2.6
v 7.5 6.2 -2.6
v 7.4 6.2 -2.6
v 7.4 6.3 -2.6
v 7.5 6.3 -2.5
v 7.5 6.2 -2.5
v 7.6 6.2 -2.5
v 7.6 6.3 -2.5
v 7.6 6.3 -2.6
v 7.6 6.2 -2.6
v 7.5 6.2 -2.6
v 7.5 6.3 -2.6
v 7.6 6.3 -2.5
v 7.6 6.2 -2.5
v 7.7 6.2 -2.5
v 7.7 6.3 -2.5
v 7.7 6.3 -2.6
v 7.7 6.2 -2.6
v 7.6 6.2 -2.6
v 7.6 6.3 -2.6
v 7.7 6.3 -2.5
v 7.7 6.2 -2.5
v 7.8 6.2 -2.5
v 7.8 6.3 -2.5
v 7.8 6.3 -2.6
v 7.8 6.2 -2.6
v 7.7 6.2 -2.6
v 7.7 6.3 -2.6
v 7.8 6.3 -2.5
v 7.8 6.2 -2.5
v 7.9 6.2 -2.5
v 7.9 6.3 -2.5
v 7.9 6.3 -2.6
v 7.9 6.2 -2.6
v 7.8 6.2 -2.6
v 7.8 6.3 -2.6
v 7.9 6.3 -2.5
v 7.9 6.2 -2.5
v 8 6.2 -2.5
v 8 6.3 -2.5
v 8 6.3 -2.6
v 8 6.2 -2.6
v 7.9 6.2 -2.6
v 7.9 6.3 -2.6
v 8 6.3 -2.5
v 8 6.2 -2.5
v 8.1 6.2 -2.5
v 8.1 6.3 -2.5
v 8.1 6.3 -2.6
v 8.1 6.2 -2.6
v 8 6.2 -2.6
v 8 6.3 -2.6
v 8.1 6.3 -2.5
v 8.1 6.2 -2.5
v 8.2 6.2 -2.5
v 8.2 6.3 -2.5
v 8.2 6.3 -2.6
v 8.2 6.2 -2.6
v 8.1 6.2 -2.6
v 8.1 6.3 -2.6
v 8.2 6.3 -2.5
v 8.2 6.2 -2.5
v 8.3 6.2 -2.5
v 8.3 6.3 -2.5
v 8.3 6.3 -2.6
v 8.3 6.2 -2.6
v 8.2 6.2 -2.6
v 8.2 6.3 -2.6
v 8.3 6.3 -2.5
v 8.3 6.2 -2.5
v 8.4 6.2 -2.5
v 8.4 6.3 -2.5
v 8.4 6.3 -2.6
v 8.4 6.2 -2.6
v 8.3 6.2 -2.6
v 8.3 6.3 -2.6
v 8.4 6.3 -2.5
v 8.4 6.2 -2.5
v 8.5 6.2 -2.5
v 8.5 6.3 -2.5
v 8.5 6.3 -2.6
v 8.5 6.2 -2.6
v 8.4 6.2 -2.6
v 8.4 6.3 -2.6
v 8.5 6.3 -2.5
v 8.5 6.2 -2.5
v 8.6 6.2 -2.5
v 8.6 6.3 -2.5
v 8.6 6.3 -2.6
v 8.6 6.2 -2.6
v 8.5 6.2 -2.6
v 8.5 6.3 -2.6
v 8.6 6.3 -2.5
v 8.6 6.2 -2.5
v 8.7 6.2 -2.5
v 8.7 6.3 -2.5
v 8.7 6.3 -2.6
v 8.7 6.2 -2.6
v 8.6 6.2 -2.6
v 8.6 6.3 -2.6
v 8.7 6.3 -2.5
v 8.7 6.2 -2.5
v 8.8 6.2 -2.5
v 8.8 6.3 -2.5
v 8.8 6.3 -2.6
v 8.8 6.2 -2.6
v 8.7 6.2 -2.6
v 8.7 6.3 -2.6
v 8.8 6.3 -2.5
v 8.8 6.2 -2.5
v 8.9 6.2 -2.5
v 8.9 6.3 -2.5
v 8.9 6.3 -2.6
v 8.9 6.2 -2.6
v 8.8 6.2 -2.6
v 8.8 6.3 -2.6
v 9 6.3 -2.5
v 9 6.2 -2.5
v 9 6.2 -2.6
v 9 6.3 -2.6
v 8.9 6.2 -2.5
v 8.9 6.2 -2.6
v 9 6.2 -2.6
v 9 6.2 -2.5
v 8.9 6.3 -2.5
v 8.9 6.2 -2.5
v 9 6.2 -2.5
v 9 6.3 -2.5
v 9 6.3 -2.6
v 9 6.2 -2.6
v 8.9 6.2 -2.6
v 8.9 6.3 -2.6
v 10.9 6.3 -2.6
v 10.9 6.2 -2.6
v 10.9 6.2 -2.5
v 10.9 6.3 -2.5
v 10.9 6.3 -2.6
v 10.9 6.3 -2.5
v 11 6.3 -2.5
v 11 6.3 -2.6
v 10.9 6.3 -2.5
v 10.9 6.2 -2.5
v 11 6.2 -2.5
v 11 6.3 -2.5
v 11 6.3 -2.6
v 11 6.2 -2.6
v 10.9 6.2 -2.6
v 10.9 6.3 -2.6
v 11 6.3 -2.6
v 11 6.3 -2.5
v 11.1 6.3 -2.5
v 11.1 6.3 -2.6
v 11 6.3 -2.5
v 11 6.2 -2.5
v 11.1 6.2 -2.5
v 11.1 6.3 -2.5
v 11.1 6.3 -2.6
v 11.1 6.2 -2.6
v 11 6.2 -2.6
v 11 6.3 -2.6
v 11.1 6.3 -2.5
v 11.1 6.2 -2.5
v 11.2 6.2 -2.5
v 11.2 6.3 -2.5
v 11.2 6.3 -2.6
v 11.2 6.2 -2.6
v 11.1 6.2 -2.6
v 11.1 6.3 -2.6
v 11.2 6.3 -2.5
v 11.2 6.2 -2.5
v 11.3 6.2 -2.5
v 11.3 6.3 -2.5
v 11.3 6.3 -2.6
v 11.3 6.2 -2.6
v 11.2 6.2 -2.6
v 11.2 6.3 -2.6
v 11.3 6.3 -2.5
v 11.3 6.2 -2.5
v 11.4 6.2 -2.5
v 11.4 6.3 -2.5
v 11.4 6.3 -2.6
v 11.4 6.2 -2.6
v 11.3 6.2 -2.6
v 11.3 6.3 -2.6
v 11.4 6.3 -2.5
v 11.4 6.2 -2.5
v 11.5 6.2 -2.5
v 11.5 6.3 -2.5
v 11.5 6.3 -2.6
v 11.5 6.2 -2.6
v 11.4 6.2 -2.6
v 11.4 6.3 -2.6
v 11.5 6.2 -2.5
v 11.5 6.2 -2.6
v 11.6 6.2 -2.6
v 11.6 6.2 -2.5
v 11.5 6.3 -2.5
v 11.5 6.2 -2.5
v 11.6 6.2 -2.5
v 11.6 6.3 -2.5
v 11.6 6.3 -2.6
v 11.6 6.2 -2.6
v 11.5 6.2 -2.6
v 11.5 6.3 -2.6
v 11.7 6.3 -2.5
v 11.7 6.2 -2.5
v 11.7 6.2 -2.6
v 11.7 6.3 -2.6
v 11.6 6.2 -2.5
v 11.6 6.2 -2.6
v 11.7 6.2 -2.6
v 11.7 6.2 -2.5
v 11.6 6.3 -2.5
v 11.6 6.2 -2.5
v 11.7 6.2 -2.5
v 11.7 6.3 -2.5
v 11.7 6.3 -2.6
v 11.7 6.2 -2.6
v 11.6 6.2 -2.6
v 11.6 6.3 -2.6
v 5 6.2 -2.6
v 5 6.1 -2.6
v 5 6.1 -2.5
v 5 6.2 -2.5
v 5 6.1 -2.5
v 5 6.1 -2.6
v 5.1 6.1 -2.6
v 5.1 6.1 -2.5
v 5 6.2 -2.5
v 5 6.1 -2.5
v 5.1 6.1 -2.5
v 5.1 6.2 -2.5
v 5.1 6.2 -2.6
v 5.1 6.1 -2.6
v 5 6.1 -2.6
v 5 6.2 -2.6
v 5.1 6.2 -2.5
v 5.1 6.1 -2.5
v 5.2 6.1 -2.5
v 5.2 6.2 -2.5
v 5.2 6.2 -2.6
v 5.2 6.1 -2.6
v 5.1 6.1 -2.6
v 5.1 6.2 -2.6
v 5.2 6.2 -2.5
v 5.2 6.1 -2.5
v 5.3 6.1 -2.5
v 5.3 6.2 -2.5
v 5.3 6.2 -2.6
v 5.3 6.1 -2.6
v 5.2 6.1 -2.6
v 5.2 6.2 -2.6
v 5.3 6.2 -2.5
v 5.3 6.1 -2.5
v 5.4 6.1 -2.5
v 5.4 6.2 -2.5
v 5.4 6.2 -2.6
v 5.4 6.1 -2.6
v 5.3 6.1 -2.6
v 5.3 6.2 -2.6
v 5.4 6.2 -2.5
v 5.4 6.1 -2.5
v 5.5 6.1 -2.5
v 5.5 6.2 -2.5
v 5.5 6.2 -2.6
v 5.5 6.1 -2.6
v 5.4 6.1 -2.6
v 5.4 6.2 -2.6
v 5.5 6.2 -2.5
v 5.5 6.1 -2.5
v 5.6 6.1 -2.5
v 5.6 6.2 -2.5
v 5.6 6.2 -2.6
v 5.6 6.1 -2.6
v 5.5 6.1 -2.6
v 5.5 6.2 -2.6
v 5.6 6.2 -2.6
v 5.6 6.2 -2.5
v 5.7 6.2 -2.5
v 5.7 6.2 -2.6
v 5.6 6.2 -2.5
v 5.6 6.1 -2.5
v 5.7 6.1 -2.5
v 5.7 6.2 -2.5
v 5.7 6.2 -2.6
v 5.7 6.1 -2.6
v 5.6 6.1 -2.6
v 5.6 6.2 -2.6
v 5.7 6.2 -2.5
v 5.7 6.1 -2.5
v 5.8 6.1 -2.5
v 5.8 6.2 -2.5
v 5.8 6.2 -2.6
v 5.8 6.1 -2.6
v 5.7 6.1 -2.6
v 5.7 6.2 -2.6
v 5.8 6.2 -2.5
v 5.8 6.1 -2.5
v 5.9 6.1 -2.5
v 5.9 6.2 -2.5
v 5.9 6.2 -2.6
v 5.9 6.1 -2.6
v 5.8 6.1 -2.6
v 5.8 6.2 -2.6
v 5.9 6.2 -2.5
v 5.9 6.1 -2.5
v 6 6.1 -2.5
v 6 6.2 -2.5
v 6 6.2 -2.6
v 6 6.1 -2.6
v 5.9 6.1 -2.6
v 5.9 6.2 -2.6
v 6 6.2 -2.5
v 6 6.1 -2.5
v 6.1 6.1 -2.5
v 6.1 6.2 -2.5
v 6.1 6.2 -2.6
v 6.1 6.1 -2.6
v 6 6.1 -2.6
v 6 6.2 -2.6
v 6.1 6.2 -2.5
v 6.1 6.1 -2.5
v 6.2 6.1 -2.5
v 6.2 6.2 -2.5
v 6.2 6.2 -2.6
v 6.2 6.1 -2.6
v 6.1 6.1 -2.6
v 6.1 6.2 -2.6
v 6.2 6.2 -2.5
v 6.2 6.1 -2.5
v 6.3 6.1 -2.5
v 6.3 6.2 -2.5
v 6.3 6.2 -2.6
v 6.3 6.1 -2.6
v 6.2 6.1 -2.6
v 6.2 6.2 -2.6
v 6.3 6.2 -2.5
v 6.3 6.1 -2.5
v 6.4 6.1 -2.5
v 6.4 6.2 -2.5
v 6.4 6.2 -2.6
v 6.4 6.1 -2.6
v 6.3 6.1 -2.6
v 6.3 6.2 -2.6
v 6.4 6.2 -2.5
v 6.4 6.1 -2.5
v 6.5 6.1 -2.5
v 6.5 6.2 -2.5
v 6.5 6.2 -2.6
v 6.5 6.1 -2.6
v 6.4 6.1 -2.6
v 6.4 6.2 -2.6
v 6.5 6.2 -2.5
v 6.5 6.1 -2.5
v 6.6 6.1 -2.5
v 6.6 6.2 -2.5
v 6.6 6.2 -2.6
v 6.6 6.1 -2.6
v 6.5 6.1 -2.6
v 6.5 6.2 -2.6
v 6.6 6.2 -2.5
v 6.6 6.1 -2.5
v 6.7 6.1 -2.5
v 6.7 6.2 -2.5
v 6.7 6.2 -2.6
v 6.7 6.1 -2.6
v 6.6 6.1 -2.6
v 6.6 6.2 -2.6
v 6.7 6.2 -2.5
v 6.7 6.1 -2.5
v 6.8 6.1 -2.5
v 6.8 6.2 -2.5
v 6.8 6.2 -2.6
v 6.8 6.1 -2.6
v 6.7 6.1 -2.6
v 6.7 6.2 -2.6
v 6.8 6.2 -2.5
v 6.8 6.1 -2.5
v 6.9 6.1 -2.5
v 6.9 6.2 -2.5
v 6.9 6.2 -2.6
v 6.9 6.1 -2.6
v 6.8 6.1 -2.6
v 6.8 6.2 -2.6
v 6.9 6.2 -2.5
v 6.9 6.1 -2.5
v 7 6.1 -2.5
v 7 6.2 -2.5
v 7 6.2 -2.6
v 7 6.1 -2.6
v 6.9 6.1 -2.6
v 6.9 6.2 -2.6
v 7 6.2 -2.5
v 7 6.1 -2.5
v 7.1 6.1 -2.5
v 7.1 6.2 -2.5
v 7.1 6.2 -2.6
v 7.1 6.1 -2.6
v 7 6.1 -2.6
v 7 6.2 -2.6
v 7.1 6.2 -2.5
v 7.1 6.1 -2.5
v 7.2 6.1 -2.5
v 7.2 6.2 -2.5
v 7.2 6.2 -2.6
v 7.2 6.1 -2.6
v 7.1 6.1 -2.6
v 7.1 6.2 -2.6
v 7.2 6.2 -2.5
v 7.2 6.1 -2.5
v 7.3 6.1 -2.5
v 7.3 6.2 -2.5
v 7.3 6.2 -2.6
v 7.3 6.1 -2.6
v 7.2 6.1 -2.6
v 7.2 6.2 -2.6
v 7.3 6.2 -2.5
v 7.3 6.1 -2.5
v 7.4 6.1 -2.5
v 7.4 6.2 -2.5
v 7.4 6.2 -2.6
v 7.4 6.1 -2.6
v 7.3 6.1 -2.6
v 7.3 6.2 -2.6
v 7.4 6.2 -2.5
v 7.4 6.1 -2.5
v 7.5 6.1 -2.5
v 7.5 6.2 -2.5
v 7.5 6.2 -2.6
v 7.5 6.1 -2.6
v 7.4 6.1 -2.6
v 7.4 6.2 -2.6
v 7.5 6.2 -2.5
v 7.5 6.1 -2.5
v 7.6 6.1 -2.5
v 7.6 6.2 -2.5
v 7.6 6.2 -2.6
v 7.6 6.1 -2.6
v 7.5 6.1 -2.6
v 7.5 6.2 -2.6
v 7.6 6.2 -2.5
v 7.6 6.1 -2.5
v 7.7 6.1 -2.5
v 7.7 6.2 -2.5
v 7.7 6.2 -2.6
v 7.7 6.1 -2.6
v 7.6 6.1 -2.6
v 7.6 6.2 -2.6
v 7.7 6.2 -2.5
v 7.7 6.1 -2.5
v 7.8 6.1 -2.5
v 7.8 6.2 -2.5
v 7.8 6.2 -2.6
v 7.8 6.1 -2.6
v 7.7 6.1 -2.6
v 7.7 6.2 -2.6
v 7.8 6.2 -2.5
v 7.8 6.1 -2.5
v 7.9 6.1 -2.5
v 7.9 6.2 -2.5
v 7.9 6.2 -2.6
v 7.9 6.1 -2.6
v 7.8 6.1 -2.6
v 7.8 6.2 -2.6
v 7.9 6.2 -2.5
v 7.9 6.1 -2.5
v 8 6.1 -2.5
v 8 6.2 -2.5
v 8 6.2 -2.6
v 8 6.1 -2.6
v 7.9 6.1 -2.6
v 7.9 6.2 -2.6
v 8 6.2 -2.5
v 8 6.1 -2.5
v 8.1 6.1 -2.5
v 8.1 6.2 -2.5
v 8.1 6.2 -2.6
v 8.1 6.1 -2.6
v 8 6.1 -2.6
v 8 6.2 -2.6
v 8.1 6.2 -2.5
v 8.1 6.1 -2.5
v 8.2 6.1 -2.5
v 8.2 6.2 -2.5
v 8.2 6.2 -2.6
v 8.2 6.1 -2.6
v 8.1 6.1 -2.6
v 8.1 6.2 -2.6
v 8.2 6.2 -2.5
v 8.2 6.1 -2.5
v 8.3 6.1 -2.5
v 8.3 6.2 -2.5
v 8.3 6.2 -2.6
v 8.3 6.1 -2.6
v 8.2 6.1 -2.6
v 8.2 6.2 -2.6
v 8.3 6.2 -2.5
v 8.3 6.1 -2.5
v 8.4 6.1 -2.5
v 8.4 6.2 -2.5
v 8.4 6.2 -2.6
v 8.4 6.1 -2.6
v 8.3 6.1 -2.6
v 8.3 6.2 -2.6
v 8.4 6.2 -2.5
v 8.4 6.1 -2.5
v 8.5 6.1 -2.5
v 8.5 6.2 -2.5
v 8.5 6.2 -2.6
v 8.5 6.1 -2.6
v 8.4 6.1 -2.6
v 8.4 6.2 -2.6
v 8.5 6.2 -2.5
v 8.5 6.1 -2.5
v 8.6 6.1 -2.5
v 8.6 6.2 -2.5
v 8.6 6.2 -2.6
v 8.6 6.1 -2.6
v 8.5 6.1 -2.6
v 8.5 6.2 -2.6
v 8.6 6.2 -2.5
v 8.6 6.1 -2.5
v 8.7 6.1 -2.5
v 8.7 6.2 -2.5
v 8.7 6.2 -2.6
v 8.7 6.1 -2.6
v 8.6 6.1 -2.6
v 8.6 6.2 -2.6
v 8.7 6.2 -2.5
v 8.7 6.1 -2.5
v 8.8 6.1 -2.5
v 8.8 6.2 -2.5
v 8.8 6.2 -2.6
v 8.8 6.1 -2.6
v 8.7 6.1 -2.6
v 8.7 6.2 -2.6
v 8.9 6.2 -2.5
v 8.9 6.1 -2.5
v 8.9 6.1 -2.6
v 8.9 6.2 -2.6
v 8.8 6.1 -2.5
v 8.8 6.1 -2.6
v 8.9 6.1 -2.6
v 8.9 6.1 -2.5
v 8.8 6.2 -2.5
v 8.8 6.1 -2.5
v 8.9 6.1 -2.5
v 8.9 6.2 -2.5
v 8.9 6.2 -2.6
v 8.9 6.1 -2.6
v 8.8 6.1 -2.6
v 8.8 6.2 -2.6
v 10.8 6.2 -2.6
v 10.8 6.1 -2.6
v 10.8 6.1 -2.5
v 10.8 6.2 -2.5
v 10.8 6.2 -2.6
v 10.8 6.2 -2.5
v 10.9 6.2 -2.5
v 10.9 6.2 -2.6
v 10.8 6.2 -2.5
v 10.8 6.1 -2.5
v 10.9 6.1 -2.5
v 10.9 6.2 -2.5
v 10.9 6.2 -2.6
v 10.9 6.1 -2.6
v 10.8 6.1 -2.6
v 10.8 6.2 -2.6
v 10.9 6.2 -2.5
v 10.9 6.1 -2.5
v 11 6.1 -2.5
v 11 6.2 -2.5
v 11 6.2 -2.6
v 11 6.1 -2.6
v 10.9 6.1 -2.6
v 10.9 6.2 -2.6
v 11 6.2 -2.5
v 11 6.1 -2.5
v 11.1 6.1 -2.5
v 11.1 6.2 -2.5
v 11.1 6.2 -2.6
v 11.1 6.1 -2.6
v 11 6.1 -2.6
v 11 6.2 -2.6
v 11.1 6.2 -2.5
v 11.1 6.1 -2.5
v 11.2 6.1 -2.5
v 11.2 6.2 -2.5
v 11.2 6.2 -2.6
v 11.2 6.1 -2.6
v 11.1 6.1 -2.6
v 11.1 6.2 -2.6
v 11.2 6.2 -2.5
v 11.2 6.1 -2.5
v 11.3 6.1 -2.5
v 11.3 6.2 -2.5
v 11.3 6.2 -2.6
v 11.3 6.1 -2.6
v 11.2 6.1 -2.6
v 11.2 6.2 -2.6
v 11.3 6.2 -2.5
v 11.3 6.1 -2.5
v 11.4 6.1 -2.5
v 11.4 6.2 -2.5
v 11.4 6.2 -2.6
v 11.4 6.1 -2.6
v 11.3 6.1 -2.6
v 11.3 6.2 -2.6
v 11.5 6.2 -2.5
v 11.5 6.1 -2.5
v 11.5 6.1 -2.6
v 11.5 6.2 -2.6
v 11.4 6.1 -2.5
v 11.4 6.1 -2.6
v 11.5 6.1 -2.6
v 11.5 6.1 -2.5
v 11.4 6.2 -2.5
v 11.4 6.1 -2.5
v 11.5 6.1 -2.5
v 11.5 6.2 -2.5
v 11.5 6.2 -2.6
v 11.5 6.1 -2.6
v 11.4 6.1 -2.6
v 11.4 6.2 -2.6
v 5.1 6.1 -2.6
v 5.1 6 -2.6
v 5.1 6 -2.5
v 5.1 6.1 -2.5
v 5.1 6 -2.5
v 5.1 6 -2.6
v 5.2 6 -2.6
v 5.2 6 -2.5
v 5.1 6.1 -2.5
v 5.1 6 -2.5
v 5.2 6 -2.5
v 5.2 6.1 -2.5
v 5.2 6.1 -2.6
v 5.2 6 -2.6
v 5.1 6 -2.6
v 5.1 6.1 -2.6
v 5.2 6.1 -2.5
v 5.2 6 -2.5
v 5.3 6 -2.5
v 5.3 6.1 -2.5
v 5.3 6.1 -2.6
v 5.3 6 -2.6
v 5.2 6 -2.6
v 5.2 6.1 -2.6
v 5.3 6.1 -2.5
v 5.3 6 -2.5
v 5.4 6 -2.5
v 5.4 6.1 -2.5
v 5.4 6.1 -2.6
v 5.4 6 -2.6
v 5.3 6 -2.6
v 5.3 6.1 -2.6
v 5.4 6.1 -2.5
v 5.4 6 -2.5
v 5.5 6 -2.5
v 5.5 6.1 -2.5
v 5.5 6.1 -2.6
v 5.5 6 -2.6
v 5.4 6 -2.6
v 5.4 6.1 -2.6
v 5.5 6.1 -2.5
v 5.5 6 -2.5
v 5.6 6 -2.5
v 5.6 6.1 -2.5
v 5.6 6.1 -2.6
v 5.6 6 -2.6
v 5.5 6 -2.6
v 5.5 6.1 -2.6
v 5.6 6.1 -2.5
v 5.6 6 -2.5
v 5.7 6 -2.5
v 5.7 6.1 -2.5
v 5.7 6.1 -2.6
v 5.7 6 -2.6
v 5.6 6 -2.6
v 5.6 6.1 -2.6
v 5.7 6.1 -2.5
v 5.7 6 -2.5
v 5.8 6 -2.5
v 5.8 6.1 -2.5
v 5.8 6.1 -2.6
v 5.8 6 -2.6
v 5.7 6 -2.6
v 5.7 6.1 -2.6
v 5.8 6.1 -2.5
v 5.8 6 -2.5
v 5.9 6 -2.5
v 5.9 6.1 -2.5
v 5.9 6.1 -2.6
v 5.9 6 -2.6
v 5.8 6 -2.6
v 5.8 6.1 -2.6
v 5.9 6.1 -2.5
v 5.9 6 -2.5
v 6 6 -2.5
v 6 6.1 -2.5
v 6 6.1 -2.6
v 6 6 -2.6
v 5.9 6 -2.6
v 5.9 6.1 -2.6
v 6 6.1 -2.5
v 6 6 -2.5
v 6.1 6 -2.5
v 6.1 6.1 -2.5
v 6.1 6.1 -2.6
v 6.1 6 -2.6
v 6 6 -2.6
v 6 6.1 -2.6
v 6.1 6.1 -2.5
v 6.1 6 -2.5
v 6.2 6 -2.5
v 6.2 6.1 -2.5
v 6.2 6.1 -2.6
v 6.2 6 -2.6
v 6.1 6 -2.6
v 6.1 6.1 -2.6
v 6.2 6.1 -2.5
v 6.2 6 -2.5
v 6.3 6 -2.5
v 6.3 6.1 -2.5
v 6.3 6.1 -2.6
v 6.3 6 -2.6
v 6.2 6 -2.6
v 6.2 6.1 -2.6
v 6.3 6.1 -2.5
v 6.3 6 -2.5
v 6.4 6 -2.5
v 6.4 6.1 -2.5
v 6.4 6.1 -2.6
v 6.4 6 -2.6
v 6.3 6 -2.6
v 6.3 6.1 -2.6
v 6.4 6.1 -2.5
v 6.4 6 -2.5
v 6.5 6 -2.5
v 6.5 6.1 -2.5
v 6.5 6.1 -2.6
v 6.5 6 -2.6
v 6.4 6 -2.6
v 6.4 6.1 -2.6
v 6.5 6.1 -2.5
v 6.5 6 -2.5
v 6.6 6 -2.5
v 6.6 6.1 -2.5
v 6.6 6.1 -2.6
v 6.6 6 -2.6
v 6.5 6 -2.6
v 6.5 6.1 -2.6
v 6.6 6.1 -2.5
v 6.6 6 -2.5
v 6.7 6 -2.5
v 6.7 6.1 -2.5
v 6.7 6.1 -2.6
v 6.7 6 -2.6
v 6.6 6 -2.6
v 6.6 6.1 -2.6
v 6.7 6.1 -2.5
v 6.7 6 -2.5
v 6.8 6 -2.5
v 6.8 6.1 -2.5
v 6.8 6.1 -2.6
v 6.8 6 -2.6
v 6.7 6 -2.6
v 6.7 6.1 -2.6
v 6.8 6.1 -2.5
v 6.8 6 -2.5
v 6.9 6 -2.5
v 6.9 6.1 -2.5
v 6.9 6.1 -2.6
v 6.9 6 -2.6
v 6.8 6 -2.6
v 6.8 6.1 -2.6
v 6.9 6.1 -2.5
v 6.9 6 -2.5
v 7 6 -2.5
v 7 6.1 -2.5
v 7 6.1 -2.6
v 7 6 -2.6
v 6.9 6 -2.6
v 6.9 6.1 -2.6
v 7 6.1 -2.5
v 7 6 -2.5
v 7.1 6 -2.5
v 7.1 6.1 -2.5
v 7.1 6.1 -2.6
v 7.1 6 -2.6
v 7 6 -2.6
v 7 6.1 -2.6
v 7.1 6.1 -2.5
v 7.1 6 -2.5
v 7.2 6 -2.5
v 7.2 6.1 -2.5
v 7.2 6.1 -2.6
v 7.2 6 -2.6
v 7.1 6 -2.6
v 7.1 6.1 -2.6
v 7.2 6.1 -2.5
v 7.2 6 -2.5
v 7.3 6 -2.5
v 7.3 6.1 -2.5
v 7.3 6.1 -2.6
v 7.3 6 -2.6
v 7.2 6 -2.6
v 7.2 6.1 -2.6
v 7.3 6.1 -2.5
v 7.3 6 -2.5
v 7.4 6 -2.5
v 7.4 6.1 -2.5
v 7.4 6.1 -2.6
v 7.4 6 -2.6
v 7.3 6 -2.6
v 7.3 6.1 -2.6
v 7.4 6.1 -2.5
v 7.4 6 -2.5
v 7.5 6 -2.5
v 7.5 6.1 -2.5
v 7.5 6.1 -2.6
v 7.5 6 -2.6
v 7.4 6 -2.6
v 7.4 6.1 -2.6
v 7.5 6.1 -2.5
v 7.5 6 -2.5
v 7.6 6 -2.5
v 7.6 6.1 -2.5
v 7.6 6.1 -2.6
v 7.6 6 -2.6
v 7.5 6 -2.6
v 7.5 6.1 -2.6
v 7.6 6.1 -2.5
v 7.6 6 -2.5
v 7.7 6 -2.5
v 7.7 6.1 -2.5
v 7.7 6.1 -2.6
v 7.7 6 -2.6
v 7.6 6 -2.6
v 7.6 6.1 -2.6
v 7.7 6.1 -2.5
v 7.7 6 -2.5
v 7.8 6 -2.5
v 7.8 6.1 -2.5
v 7.8 6.1 -2.6
v 7.8 6 -2.6
v 7.7 6 -2.6
v 7.7 6.1 -2.6
v 7.8 6.1 -2.5
v 7.8 6 -2.5
v 7.9 6 -2.5
v 7.9 6.1 -2.5
v 7.9 6.1 -2.6
v 7.9 6 -2.6
v 7.8 6 -2.6
v 7.8 6.1 -2.6
v 7.9 6.1 -2.5
v 7.9 6 -2.5
v 8 6 -2.5
v 8 6.1 -2.5
v 8 6.1 -2.6
v 8 6 -2.6
v 7.9 6 -2.6
v 7.9 6.1 -2.6
v 8 6.1 -2.5
v 8 6 -2.5
v 8.1 6 -2.5
v 8.1 6.1 -2.5
v 8.1 6.1 -2.6
v 8.1 6 -2.6
v 8 6 -2.6
v 8 6.1 -2.6
v 8.1 6.1 -2.5
v 8.1 6 -2.5
v 8.2 6 -2.5
v 8.2 6.1 -2.5
v 8.2 6.1 -2.6
v 8.2 6 -2.6
v 8.1 6 -2.6
v 8.1 6.1 -2.6
v 8.2 6.1 -2.5
v 8.2 6 -2.5
v 8.3 6 -2.5
v 8.3 6.1 -2.5
v 8.3 6.1 -2.6
v 8.3 6 -2.6
v 8.2 6 -2.6
v 8.2 6.1 -2.6
v 8.3 6.1 -2.5
v 8.3 6 -2.5
v 8.4 6 -2.5
v 8.4 6.1 -2.5
v 8.4 6.1 -2.6
v 8.4 6 -2.6
v 8.3 6 -2.6
v 8.3 6.1 -2.6
v 8.4 6.1 -2.5
v 8.4 6 -2.5
v 8.5 6 -2.5
v 8.5 6.1 -2.5
v 8.5 6.1 -2.6
v 8.5 6 -2.6
v 8.4 6 -2.6
v 8.4 6.1 -2.6
v 8.5 6.1 -2.5
v 8.5 6 -2.5
v 8.6 6 -2.5
v 8.6 6.1 -2.5
v 8.6 6.1 -2.6
v 8.6 6 -2.6
v 8.5 6 -2.6
v 8.5 6.1 -2.6
v 8.6 6 -2.5
v 8.6 6 -2.6
v 8.7 6 -2.6
v 8.7 6 -2.5
v 8.6 6.1 -2.5
v 8.6 6 -2.5
v 8.7 6 -2.5
v 8.7 6.1 -2.5
v 8.7 6.1 -2.6
v 8.7 6 -2.6
v 8.6 6 -2.6
v 8.6 6.1 -2.6
v 8.8 6.1 -2.5
v 8.8 6 -2.5
v 8.8 6 -2.6
v 8.8 6.1 -2.6
v 8.7 6 -2.5
v 8.7 6 -2.6
v 8.8 6 -2.6
v 8.8 6 -2.5
v 8.7 6.1 -2.5
v 8.7 6 -2.5
v 8.8 6 -2.5
v 8.8 6.1 -2.5
v 8.8 6.1 -2.6
v 8.8 6 -2.6
v 8.7 6 -2.6
v 8.7 6.1 -2.6
v 10.6 6.1 -2.6
v 10.6 6 -2.6
v 10.6 6 -2.5
v 10.6 6.1 -2.5
v 10.6 6.1 -2.6
v 10.6 6.1 -2.5
v 10.7 6.1 -2.5
v 10.7 6.1 -2.6
v 10.6 6.1 -2.5
v 10.6 6 -2.5
v 10.7 6 -2.5
v 10.7 6.1 -2.5
v 10.7 6.1 -2.6
v 10.7 6 -2.6
v 10.6 6 -2.6
v 10.6 6.1 -2.6
v 10.7 6.1 -2.6
v 10.7 6.1 -2.5
v 10.8 6.1 -2.5
v 10.8 6.1 -2.6
v 10.7 6.1 -2.5
v 10.7 6 -2.5
v 10.8 6 -2.5
v 10.8 6.1 -2.5
v 10.8 6.1 -2.6
v 10.8 6 -2.6
v 10.7 6 -2.6
v 10.7 6.1 -2.6
v 10.8 6.1 -2.5
v 10.8 6 -2.5
v 10.9 6 -2.5
v 10.9 6.1 -2.5
v 10.9 6.1 -2.6
v 10.9 6 -2.6
v 10.8 6 -2.6
v 10.8 6.1 -2.6
v 10.9 6.1 -2.5
v 10.9 6 -2.5
v 11 6 -2.5
v 11 6.1 -2.5
v 11 6.1 -2.6
v 11 6 -2.6
v 10.9 6 -2.6
v 10.9 6.1 -2.6
v 11 6.1 -2.5
v 11 6 -2.5
v 11.1 6 -2.5
v 11.1 6.1 -2.5
v 11.1 6.1 -2.6
v 11.1 6 -2.6
v 11 6 -2.6
v 11 6.1 -2.6
v 11.1 6.1 -2.5
v 11.1 6 -2.5
v 11.2 6 -2.5
v 11.2 6.1 -2.5
v 11.2 6.1 -2.6
v 11.2 6 -2.6
v 11.1 6 -2.6
v 11.1 6.1 -2.6
v 11.2 6 -2.5
v 11.2 6 -2.6
v 11.3 6 -2.6
v 11.3 6 -2.5
v 11.2 6.1 -2.5
v 11.2 6 -2.5
v 11.3 6 -2.5
v 11.3 6.1 -2.5
v 11.3 6.1 -2.6
v 11.3 6 -2.6
v 11.2 6 -2.6
v 11.2 6.1 -2.6
v 11.4 6.1 -2.5
v 11.4 6 -2.5
v 11.4 6 -2.6
v 11.4 6.1 -2.6
v 11.3 6 -2.5
v 11.3 6 -2.6
v 11.4 6 -2.6
v 11.4 6 -2.5
v 11.3 6.1 -2.5
v 11.3 6 -2.5
v 11.4 6 -2.5
v 11.4 6.1 -2.5
v 11.4 6.1 -2.6
v 11.4 6 -2.6
v 11.3 6 -2.6
v 11.3 6.1 -2.6
v 5.2 6 -2.6
v 5.2 5.9 -2.6
v 5.2 5.9 -2.5
v 5.2 6 -2.5
v 5.2 5.9 -2.5
v 5.2 5.9 -2.6
v 5.3 5.9 -2.6
v 5.3 5.9 -2.5
v 5.2 6 -2.5
v 5.2 5.9 -2.5
v 5.3 5.9 -2.5
v 5.3 6 -2.5
v 5.3 6 -2.6
v 5.3 5.9 -2.6
v 5.2 5.9 -2.6
v 5.2 6 -2.6
v 5.3 6 -2.5
v 5.3 5.9 -2.5
v 5.4 5.9 -2.5
v 5.4 6 -2.5
v 5.4 6 -2.6
v 5.4 5.9 -2.6
v 5.3 5.9 -2.6
v 5.3 6 -2.6
v 5.4 6 -2.5
v 5.4 5.9 -2.5
v 5.5 5.9 -2.5
v 5.5 6 -2.5
v 5.5 6 -2.6
v 5.5 5.9 -2.6
v 5.4 5.9 -2.6
v 5.4 6 -2.6
v 5.5 6 -2.5
v 5.5 5.9 -2.5
v 5.6 5.9 -2.5
v 5.6 6 -2.5
v 5.6 6 -2.6
v 5.6 5.9 -2.6
v 5.5 5.9 -2.6
v 5.5 6 -2.6
v 5.6 6 -2.5
v 5.6 5.9 -2.5
v 5.7 5.9 -2.5
v 5.7 6 -2.5
v 5.7 6 -2.6
v 5.7 5.9 -2.6
v 5.6 5.9 -2.6
v 5.6 6 -2.6
v 5.7 6 -2.5
v 5.7 5.9 -2.5
v 5.8 5.9 -2.5
v 5.8 6 -2.5
v 5.8 6 -2.6
v 5.8 5.9 -2.6
v 5.7 5.9 -2.6
v 5.7 6 -2.6
v 5.8 6 -2.5
v 5.8 5.9 -2.5
v 5.9 5.9 -2.5
v 5.9 6 -2.5
v 5.9 6 -2.6
v 5.9 5.9 -2.6
v 5.8 5.9 -2.6
v 5.8 6 -2.6
v 5.9 6 -2.5
v 5.9 5.9 -2.5
v 6 5.9 -2.5
v 6 6 -2.5
v 6 6 -2.6
v 6 5.9 -2.6
v 5.9 5.9 -2.6
v 5.9 6 -2.6
v 6 6 -2.5
v 6 5.9 -2.5
v 6.1 5.9 -2.5
v 6.1 6 -2.5
v 6.1 6 -2.6
v 6.1 5.9 -2.6
v 6 5.9 -2.6
v 6 6 -2.6
v 6.1 6 -2.5
v 6.1 5.9 -2.5
v 6.2 5.9 -2.5
v 6.2 6 -2.5
v 6.2 6 -2.6
v 6.2 5.9 -2.6
v 6.1 5.9 -2.6
v 6.1 6 -2.6
v 6.2 6 -2.5
v 6.2 5.9 -2.5
v 6.3 5.9 -2.5
v 6.3 6 -2.5
v 6.3 6 -2.6
v 6.3 5.9 -2.6
v 6.2 5.9 -2.6
v 6.2 6 -2.6
v 6.3 6 -2.5
v 6.3 5.9 -2.5
v 6.4 5.9 -2.5
v 6.4 6 -2.5
v 6.4 6 -2.6
v 6.4 5.9 -2.6
v 6.3 5.9 -2.6
v 6.3 6 -2.6
v 6.4 6 -2.5
v 6.4 5.9 -2.5
v 6.5 5.9 -2.5
v 6.5 6 -2.5
v 6.5 6 -2.6
v 6.5 5.9 -2.6
v 6.4 5.9 -2.6
v 6.4 6 -2.6
v 6.5 6 -2.5
v 6.5 5.9 -2.5
v 6.6 5.9 -2.5
v 6.6 6 -2.5
v 6.6 6 -2.6
v 6.6 5.9 -2.6
v 6.5 5.9 -2.6
v 6.5 6 -2.6
v 6.6 6 -2.5
v 6.6 5.9 -2.5
v 6.7 5.9 -2.5
v 6.7 6 -2.5
v 6.7 6 -2.6
v 6.7 5.9 -2.6
v 6.6 5.9 -2.6
v 6.6 6 -2.6
v 6.7 6 -2.5
v 6.7 5.9 -2.5
v 6.8 5.9 -2.5
v 6.8 6 -2.5
v 6.8 6 -2.6
v 6.8 5.9 -2.6
v 6.7 5.9 -2.6
v 6.7 6 -2.6
v 6.8 6 -2.5
v 6.8 5.9 -2.5
v 6.9 5.9 -2.5
v 6.9 6 -2.5
v 6.9 6 -2.6
v 6.9 5.9 -2.6
v 6.8 5.9 -2.6
v 6.8 6 -2.6
v 6.9 6 -2.5
v 6.9 5.9 -2.5
v 7 5.9 -2.5
v 7 6 -2.5
v 7 6 -2.6
v 7 5.9 -2.6
v 6.9 5.9 -2.6
v 6.9 6 -2.6
v 7 6 -2.5
v 7 5.9 -2.5
v 7.1 5.9 -2.5
v 7.1 6 -2.5
v 7.1 6 -2.6
v 7.1 5.9 -2.6
v 7 5.9 -2.6
v 7 6 -2.6
v 7.1 6 -2.5
v 7.1 5.9 -2.5
v 7.2 5.9 -2.5
v 7.2 6 -2.5
v 7.2 6 -2.6
v 7.2 5.9 -2.6
v 7.1 5.9 -2.6
v 7.1 6 -2.6
v 7.2 6 -2.5
v 7.2 5.9 -2.5
v 7.3 5.9 -2.5
v 7.3 6 -2.5
v 7.3 6 -2.6
v 7.3 5.9 -2.6
v 7.2 5.9 -2.6
v 7.2 6 -2.6
v 7.3 6 -2.5
v 7.3 5.9 -2.5
v 7.4 5.9 -2.5
v 7.4 6 -2.5
v 7.4 6 -2.6
v 7.4 5.9 -2.6
v 7.3 5.9 -2.6
v 7.3 6 -2.6
v 7.4 6 -2.5
v 7.4 5.9 -2.5
v 7.5 5.9 -2.5
v 7.5 6 -2.5
v 7.5 6 -2.6
v 7.5 5.9 -2.6
v 7.4 5.9 -2.6
v 7.4 6 -2.6
v 7.5 6 -2.5
v 7.5 5.9 -2.5
v 7.6 5.9 -2.5
v 7.6 6 -2.5
v 7.6 6 -2.6
v 7.6 5.9 -2.6
v 7.5 5.9 -2.6
v 7.5 6 -2.6
v 7.6 6 -2.5
v 7.6 5.9 -2.5
v 7.7 5.9 -2.5
v 7.7 6 -2.5
v 7.7 6 -2.6
v 7.7 5.9 -2.6
v 7.6 5.9 -2.6
v 7.6 6 -2.6
v 7.7 6 -2.5
v 7.7 5.9 -2.5
v 7.8 5.9 -2.5
v 7.8 6 -2.5
v 7.8 6 -2.6
v 7.8 5.9 -2.6
v 7.7 5.9 -2.6
v 7.7 6 -2.6
v 7.8 6 -2.5
v 7.8 5.9 -2.5
v 7.9 5.9 -2.5
v 7.9 6 -2.5
v 7.9 6 -2.6
v 7.9 5.9 -2.6
v 7.8 5.9 -2.6
v 7.8 6 -2.6
v 7.9 6 -2.5
v 7.9 5.9 -2.5
v 8 5.9 -2.5
v 8 6 -2.5
v 8 6 -2.6
v 8 5.9 -2.6
v 7.9 5.9 -2.6
v 7.9 6 -2.6
v 8 6 -2.5
v 8 5.9 -2.5
v 8.1 5.9 -2.5
v 8.1 6 -2.5
v 8.1 6 -2.6
v 8.1 5.9 -2.6
v 8 5.9 -2.6
v 8 6 -2.6
v 8.1 6 -2.5
v 8.1 5.9 -2.5
v 8.2 5.9 -2.5
v 8.2 6 -2.5
v 8.2 6 -2.6
v 8.2 5.9 -2.6
v 8.1 5.9 -2.6
v 8.1 6 -2.6
v 8.2 6 -2.5
v 8.2 5.9 -2.5
v 8.3 5.9 -2.5
v 8.3 6 -2.5
v 8.3 6 -2.6
v 8.3 5.9 -2.6
v 8.2 5.9 -2.6
v 8.2 6 -2.6
v 8.3 5.9 -2.5
v 8.3 5.9 -2.6
v 8.4 5.9 -2.6
v 8.4 5.9 -2.5
v 8.3 6 -2.5
v 8.3 5.9 -2.5
v 8.4 5.9 -2.5
v 8.4 6 -2.5
v 8.4 6 -2.6
v 8.4 5.9 -2.6
v 8.3 5.9 -2.6
v 8.3 6 -2.6
v 8.4 5.9 -2.5
v 8.4 5.9 -2.6
v 8.5 5.9 -2.6
v 8.5 5.9 -2.5
v 8.4 6 -2.5
v 8.4 5.9 -2.5
v 8.5 5.9 -2.5
v 8.5 6 -2.5
v 8.5 6 -2.6
v 8.5 5.9 -2.6
v 8.4 5.9 -2.6
v 8.4 6 -2.6
v 8.6 6 -2.5
v 8.6 5.9 -2.5
v 8.6 5.9 -2.6
v 8.6 6 -2.6
v 8.5 5.9 -2.5
v 8.5 5.9 -2.6
v 8.6 5.9 -2.6
v 8.6 5.9 -2.5
v 8.5 6 -2.5
v 8.5 5.9 -2.5
v 8.6 5.9 -2.5
v 8.6 6 -2.5
v 8.6 6 -2.6
v 8.6 5.9 -2.6
v 8.5 5.9 -2.6
v 8.5 6 -2.6
v 10.4 6 -2.6
v 10.4 5.9 -2.6
v 10.4 5.9 -2.5
v 10.4 6 -2.5
v 10.4 6 -2.6
v 10.4 6 -2.5
v 10.5 6 -2.5
v 10.5 6 -2.6
v 10.4 6 -2.5
v 10.4 5.9 -2.5
v 10.5 5.9 -2.5
v 10.5 6 -2.5
v 10.5 6 -2.6
v 10.5 5.9 -2.6
v 10.4 5.9 -2.6
v 10.4 6 -2.6
v 10.5 6 -2.6
v 10.5 6 -2.5
v 10.6 6 -2.5
v 10.6 6 -2.6
v 10.5 6 -2.5
v 10.5 5.9 -2.5
v 10.6 5.9 -2.5
v 10.6 6 -2.5
v 10.6 6 -2.6
v 10.6 5.9 -2.6
v 10.5 5.9 -2.6
v 10.5 6 -2.6
v 10.6 6 -2.5
v 10.6 5.9 -2.5
v 10.7 5.9 -2.5
v 10.7 6 -2.5
v 10.7 6 -2.6
v 10.7 5.9 -2.6
v 10.6 5.9 -2.6
v 10.6 6 -2.6
v 10.7 6 -2.5
v 10.7 5.9 -2.5
v 10.8 5.9 -2.5
v 10.8 6 -2.5
v 10.8 6 -2.6
v 10.8 5.9 -2.6
v 10.7 5.9 -2.6
v 10.7 6 -2.6
v 10.8 6 -2.5
v 10.8 5.9 -2.5
v 10.9 5.9 -2.5
v 10.9 6 -2.5
v 10.9 6 -2.6
v 10.9 5.9 -2.6
v 10.8 5.9 -2.6
v 10.8 6 -2.6
v 10.9 6 -2.5
v 10.9 5.9 -2.5
v 11 5.9 -2.5
v 11 6 -2.5
v 11 6 -2.6
v 11 5.9 -2.6
v 10.9 5.9 -2.6
v 10.9 6 -2.6
v 11 6 -2.5
v 11 5.9 -2.5
v 11.1 5.9 -2.5
v 11.1 6 -2.5
v 11.1 6 -2.6
v 11.1 5.9 -2.6
v 11 5.9 -2.6
v 11 6 -2.6
v 11.2 6 -2.5
v 11.2 5.9 -2.5
v 11.2 5.9 -2.6
v 11.2 6 -2.6
v 11.1 5.9 -2.5
v 11.1 5.9 -2.6
v 11.2 5.9 -2.6
v 11.2 5.9 -2.5
v 11.1 6 -2.5
v 11.1 5.9 -2.5
v 11.2 5.9 -2.5
v 11.2 6 -2.5
v 11.2 6 -2.6
v 11.2 5.9 -2.6
v 11.1 5.9 -2.6
v 11.1 6 -2.6
v 5.3 5.9 -2.6
v 5.3 5.8 -2.6
v 5.3 5.8 -2.5
v 5.3 5.9 -2.5
v 5.3 5.8 -2.5
v 5.3 5.8 -2.6
v 5.4 5.8 -2.6
v 5.4 5.8 -2.5
v 5.3 5.9 -2.5
v 5.3 5.8 -2.5
v 5.4 5.8 -2.5
v 5.4 5.9 -2.5
v 5.4 5.9 -2.6
v 5.4 5.8 -2.6
v 5.3 5.8 -2.6
v 5.3 5.9 -2.6
v 5.4 5.8 -2.5
v 5.4 5.8 -2.6
v 5.5 5.8 -2.6
v 5.5 5.8 -2.5
v 5.4 5.9 -2.5
v 5.4 5.8 -2.5
v 5.5 5.8 -2.5
v 5.5 5.9 -2.5
v 5.5 5.9 -2.6
v 5.5 5.8 -2.6
v 5.4 5.8 -2.6
v 5.4 5.9 -2.6
v 5.5 5.9 -2.5
v 5.5 5.8 -2.5
v 5.6 5.8 -2.5
v 5.6 5.9 -2.5
v 5.6 5.9 -2.6
v 5.6 5.8 -2.6
v 5.5 5.8 -2.6
v 5.5 5.9 -2.6
v 5.6 5.9 -2.5
v 5.6 5.8 -2.5
v 5.7 5.8 -2.5
v 5.7 5.9 -2.5
v 5.7 5.9 -2.6
v 5.7 5.8 -2.6
v 5.6 5.8 -2.6
v 5.6 5.9 -2.6
v 5.7 5.9 -2.5
v 5.7 5.8 -2.5
v 5.8 5.8 -2.5
v 5.8 5.9 -2.5
v 5.8 5.9 -2.6
v 5.8 5.8 -2.6
v 5.7 5.8 -2.6
v 5.7 5.9 -2.6
v 5.8 5.9 -2.5
v 5.8 5.8 -2.5
v 5.9 5.8 -2.5
v 5.9 5.9 -2.5
v 5.9 5.9 -2.6
v 5.9 5.8 -2.6
v 5.8 5.8 -2.6
v 5.8 5.9 -2.6
v 5.9 5.9 -2.5
v 5.9 5.8 -2.5
v 6 5.8 -2.5
v 6 5.9 -2.5
v 6 5.9 -2.6
v 6 5.8 -2.6
v 5.9 5.8 -2.6
v 5.9 5.9 -2.6
v 6 5.9 -2.5
v 6 5.8 -2.5
v 6.1 5.8 -2.5
v 6.1 5.9 -2.5
v 6.1 5.9 -2.6
v 6.1 5.8 -2.6
v 6 5.8 -2.6
v 6 5.9 -2.6
v 6.1 5.9 -2.5
v 6.1 5.8 -2.5
v 6.2 5.8 -2.5
v 6.2 5.9 -2.5
v 6.2 5.9 -2.6
v 6.2 5.8 -2.6
v 6.1 5.8 -2.6
v 6.1 5.9 -2.6
v 6.2 5.9 -2.5
v 6.2 5.8 -2.5
v 6.3 5.8 -2.5
v 6.3 5.9 -2.5
v 6.3 5.9 -2.6
v 6.3 5.8 -2.6
v 6.2 5.8 -2.6
v 6.2 5.9 -2.6
v 6.3 5.9 -2.5
v 6.3 5.8 -2.5
v 6.4 5.8 -2.5
v 6.4 5.9 -2.5
v 6.4 5.9 -2.6
v 6.4 5.8 -2.6
v 6.3 5.8 -2.6
v 6.3 5.9 -2.6
v 6.4 5.9 -2.5
v 6.4 5.8 -2.5
v 6.5 5.8 -2.5
v 6.5 5.9 -2.5
v 6.5 5.9 -2.6
v 6.5 5.8 -2.6
v 6.4 5.8 -2.6
v 6.4 5.9 -2.6
v 6.5 5.9 -2.5
v 6.5 5.8 -2.5
v 6.6 5.8 -2.5
v 6.6 5.9 -2.5
v 6.6 5.9 -2.6
v 6.6 5.8 -2.6
v 6.5 5.8 -2.6
v 6.5 5.9 -2.6
v 6.6 5.9 -2.5
v 6.6 5.8 -2.5
v 6.7 5.8 -2.5
v 6.7 5.9 -2.5
v 6.7 5.9 -2.6
v 6.7 5.8 -2.6
v 6.6 5.8 -2.6
v 6.6 5.9 -2.6
v 6.7 5.9 -2.5
v 6.7 5.8 -2.5
v 6.8 5.8 -2.5
v 6.8 5.9 -2.5
v 6.8 5.9 -2.6
v 6.8 5.8 -2.6
v 6.7 5.8 -2.6
v 6.7 5.9 -2.6
v 6.8 5.9 -2.5
v 6.8 5.8 -2.5
v 6.9 5.8 -2.5
v 6.9 5.9 -2.5
v 6.9 5.9 -2.6
v 6.9 5.8 -2.6
v 6.8 5.8 -2.6
v 6.8 5.9 -2.6
v 6.9 5.9 -2.5
v 6.9 5.8 -2.5
v 7 5.8 -2.5
v 7 5.9 -2.5
v 7 5.9 -2.6
v 7 5.8 -2.6
v 6.9 5.8 -2.6
v 6.9 5.9 -2.6
v 7 5.9 -2.5
v 7 5.8 -2.5
v 7.1 5.8 -2.5
v 7.1 5.9 -2.5
v 7.1 5.9 -2.6
v 7.1 5.8 -2.6
v 7 5.8 -2.6
v 7 5.9 -2.6
v 7.1 5.9 -2.5
v 7.1 5.8 -2.5
v 7.2 5.8 -2.5
v 7.2 5.9 -2.5
v 7.2 5.9 -2.6
v 7.2 5.8 -2.6
v 7.1 5.8 -2.6
v 7.1 5.9 -2.6
v 7.2 5.9 -2.5
v 7.2 5.8 -2.5
v 7.3 5.8 -2.5
v 7.3 5.9 -2.5
v 7.3 5.9 -2.6
v 7.3 5.8 -2.6
v 7.2 5.8 -2.6
v 7.2 5.9 -2.6
v 7.3 5.9 -2.5
v 7.3 5.8 -2.5
v 7.4 5.8 -2.5
v 7.4 5.9 -2.5
v 7.4 5.9 -2.6
v 7.4 5.8 -2.6
v 7.3 5.8 -2.6
v 7.3 5.9 -2.6
v 7.4 5.9 -2.5
v 7.4 5.8 -2.5
v 7.5 5.8 -2.5
v 7.5 5.9 -2.5
v 7.5 5.9 -2.6
v 7.5 5.8 -2.6
v 7.4 5.8 -2.6
v 7.4 5.9 -2.6
v 7.5 5.9 -2.5
v 7.5 5.8 -2.5
v 7.6 5.8 -2.5
v 7.6 5.9 -2.5
v 7.6 5.9 -2.6
v 7.6 5.8 -2.6
v 7.5 5.8 -2.6
v 7.5 5.9 -2.6
v 7.6 5.9 -2.5
v 7.6 5.8 -2.5
v 7.7 5.8 -2.5
v 7.7 5.9 -2.5
v 7.7 5.9 -2.6
v 7.7 5.8 -2.6
v 7.6 5.8 -2.6
v 7.6 5.9 -2.6
v 7.7 5.9 -2.5
v 7.7 5.8 -2.5
v 7.8 5.8 -2.5
v 7.8 5.9 -2.5
v 7.8 5.9 -2.6
v 7.8 5.8 -2.6
v 7.7 5.8 -2.6
v 7.7 5.9 -2.6
v 7.8 5.9 -2.5
v 7.8 5.8 -2.5
v 7.9 5.8 -2.5
v 7.9 5.9 -2.5
v 7.9 5.9 -2.6
v 7.9 5.8 -2.6
v 7.8 5.8 -2.6
v 7.8 5.9 -2.6
v 7.9 5.8 -2.5
v 7.9 5.8 -2.6
v 8 5.8 -2.6
v 8 5.8 -2.5
v 7.9 5.9 -2.5
v 7.9 5.8 -2.5
v 8 5.8 -2.5
v 8 5.9 -2.5
v 8 5.9 -2.6
v 8 5.8 -2.6
v 7.9 5.8 -2.6
v 7.9 5.9 -2.6
v 8 5.8 -2.5
v 8 5.8 -2.6
v 8.1 5.8 -2.6
v 8.1 5.8 -2.5
v 8 5.9 -2.5
v 8 5.8 -2.5
v 8.1 5.8 -2.5
v 8.1 5.9 -2.5
v 8.1 5.9 -2.6
v 8.1 5.8 -2.6
v 8 5.8 -2.6
v 8 5.9 -2.6
v 8.1 5.8 -2.5
v 8.1 5.8 -2.6
v 8.2 5.8 -2.6
v 8.2 5.8 -2.5
v 8.1 5.9 -2.5
v 8.1 5.8 -2.5
v 8.2 5.8 -2.5
v 8.2 5.9 -2.5
v 8.2 5.9 -2.6
v 8.2 5.8 -2.6
v 8.1 5.8 -2.6
v 8.1 5.9 -2.6
v 8.3 5.9 -2.5
v 8.3 5.8 -2.5
v 8.3 5.8 -2.6
v 8.3 5.9 -2.6
v 8.2 5.8 -2.5
v 8.2 5.8 -2.6
v 8.3 5.8 -2.6
v 8.3 5.8 -2.5
v 8.2 5.9 -2.5
v 8.2 5.8 -2.5
v 8.3 5.8 -2.5
v 8.3 5.9 -2.5
v 8.3 5.9 -2.6
v 8.3 5.8 -2.6
v 8.2 5.8 -2.6
v 8.2 5.9 -2.6
v 10.1 5.9 -2.6
v 10.1 5.8 -2.6
v 10.1 5.8 -2.5
v 10.1 5.9 -2.5
v 10.1 5.9 -2.6
v 10.1 5.9 -2.5
v 10.2 5.9 -2.5
v 10.2 5.9 -2.6
v 10.1 5.9 -2.5
v 10.1 5.8 -2.5
v 10.2 5.8 -2.5
v 10.2 5.9 -2.5
v 10.2 5.9 -2.6
v 10.2 5.8 -2.6
v 10.1 5.8 -2.6
v 10.1 5.9 -2.6
v 10.2 5.9 -2.6
v 10.2 5.9 -2.5
v 10.3 5.9 -2.5
v 10.3 5.9 -2.6
v 10.2 5.9 -2.5
v 10.2 5.8 -2.5
v 10.3 5.8 -2.5
v 10.3 5.9 -2.5
v 10.3 5.9 -2.6
v 10.3 5.8 -2.6
v 10.2 5.8 -2.6
v 10.2 5.9 -2.6
v 10.3 5.9 -2.6
v 10.3 5.9 -2.5
v 10.4 5.9 -2.5
v 10.4 5.9 -2.6
v 10.3 5.9 -2.5
v 10.3 5.8 -2.5
v 10.4 5.8 -2.5
v 10.4 5.9 -2.5
v 10.4 5.9 -2.6
v 10.4 5.8 -2.6
v 10.3 5.8 -2.6
v 10.3 5.9 -2.6
v 10.4 5.9 -2.5
v 10.4 5.8 -2.5
v 10.5 5.8 -2.5
v 10.5 5.9 -2.5
v 10.5 5.9 -2.6
v 10.5 5.8 -2.6
v 10.4 5.8 -2.6
v 10.4 5.9 -2.6
v 10.5 5.9 -2.5
v 10.5 5.8 -2.5
v 10.6 5.8 -2.5
v 10.6 5.9 -2.5
v 10.6 5.9 -2.6
v 10.6 5.8 -2.6
v 10.5 5.8 -2.6
v 10.5 5.9 -2.6
v 10.6 5.9 -2.5
v 10.6 5.8 -2.5
v 10.7 5.8 -2.5
v 10.7 5.9 -2.5
v 10.7 5.9 -2.6
v 10.7 5.8 -2.6
v 10.6 5.8 -2.6
v 10.6 5.9 -2.6
v 10.7 5.9 -2.5
v 10.7 5.8 -2.5
v 10.8 5.8 -2.5
v 10.8 5.9 -2.5
v 10.8 5.9 -2.6
v 10.8 5.8 -2.6
v 10.7 5.8 -2.6
v 10.7 5.9 -2.6
v 10.8 5.9 -2.5
v 10.8 5.8 -2.5
v 10.9 5.8 -2.5
v 10.9 5.9 -2.5
v 10.9 5.9 -2.6
v 10.9 5.8 -2.6
v 10.8 5.8 -2.6
v 10.8 5.9 -2.6
v 10.9 5.8 -2.5
v 10.9 5.8 -2.6
v 11 5.8 -2.6
v 11 5.8 -2.5
v 10.9 5.9 -2.5
v 10.9 5.8 -2.5
v 11 5.8 -2.5
v 11 5.9 -2.5
v 11 5.9 -2.6
v 11 5.8 -2.6
v 10.9 5.8 -2.6
v 10.9 5.9 -2.6
v 11.1 5.9 -2.5
v 11.1 5.8 -2.5
v 11.1 5.8 -2.6
v 11.1 5.9 -2.6
v 11 5.8 -2.5
v 11 5.8 -2.6
v 11.1 5.8 -2.6
v 11.1 5.8 -2.5
v 11 5.9 -2.5
v 11 5.8 -2.5
v 11.1 5.8 -2.5
v 11.1 5.9 -2.5
v 11.1 5.9 -2.6
v 11.1 5.8 -2.6
v 11 5.8 -2.6
v 11 5.9 -2.6
v 11.3 5.9 -2.6
v 11.3 5.8 -2.6
v 11.3 5.8 -2.5
v 11.3 5.9 -2.5
v 11.4 5.9 -2.5
v 11.4 5.8 -2.5
v 11.4 5.8 -2.6
v 11.4 5.9 -2.6
v 11.3 5.9 -2.6
v 11.3 5.9 -2.5
v 11.4 5.9 -2.5
v 11.4 5.9 -2.6
v 11.3 5.8 -2.5
v 11.3 5.8 -2.6
v 11.4 5.8 -2.6
v 11.4 5.8 -2.5
v 11.3 5.9 -2.5
v 11.3 5.8 -2.5
v 11.4 5.8 -2.5
v 11.4 5.9 -2.5
v 11.4 5.9 -2.6
v 11.4 5.8 -2.6
v 11.3 5.8 -2.6
v 11.3 5.9 -2.6
v 5.5 5.8 -2.6
v 5.5 5.7 -2.6
v 5.5 5.7 -2.5
v 5.5 5.8 -2.5
v 5.5 5.7 -2.5
v 5.5 5.7 -2.6
v 5.6 5.7 -2.6
v 5.6 5.7 -2.5
v 5.5 5.8 -2.5
v 5.5 5.7 -2.5
v 5.6 5.7 -2.5
v 5.6 5.8 -2.5
v 5.6 5.8 -2.6
v 5.6 5.7 -2.6
v 5.5 5.7 -2.6
v 5.5 5.8 -2.6
v 5.6 5.8 -2.5
v 5.6 5.7 -2.5
v 5.7 5.7 -2.5
v 5.7 5.8 -2.5
v 5.7 5.8 -2.6
v 5.7 5.7 -2.6
v 5.6 5.7 -2.6
v 5.6 5.8 -2.6
v 5.7 5.8 -2.5
v 5.7 5.7 -2.5
v 5.8 5.7 -2.5
v 5.8 5.8 -2.5
v 5.8 5.8 -2.6
v 5.8 5.7 -2.6
v 5.7 5.7 -2.6
v 5.7 5.8 -2.6
v 5.8 5.8 -2.5
v 5.8 5.7 -2.5
v 5.9 5.7 -2.5
v 5.9 5.8 -2.5
v 5.9 5.8 -2.6
v 5.9 5.7 -2.6
v 5.8 5.7 -2.6
v 5.8 5.8 -2.6
v 5.9 5.8 -2.5
v 5.9 5.7 -2.5
v 6 5.7 -2.5
v 6 5.8 -2.5
v 6 5.8 -2.6
v 6 5.7 -2.6
v 5.9 5.7 -2.6
v 5.9 5.8 -2.6
v 6 5.8 -2.5
v 6 5.7 -2.5
v 6.1 5.7 -2.5
v 6.1 5.8 -2.5
v 6.1 5.8 -2.6
v 6.1 5.7 -2.6
v 6 5.7 -2.6
v 6 5.8 -2.6
v 6.1 5.8 -2.5
v 6.1 5.7 -2.5
v 6.2 5.7 -2.5
v 6.2 5.8 -2.5
v 6.2 5.8 -2.6
v 6.2 5.7 -2.6
v 6.1 5.7 -2.6
v 6.1 5.8 -2.6
v 6.2 5.8 -2.5
v 6.2 5.7 -2.5
v 6.3 5.7 -2.5
v 6.3 5.8 -2.5
v 6.3 5.8 -2.6
v 6.3 5.7 -2.6
v 6.2 5.7 -2.6
v 6.2 5.8 -2.6
v 6.3 5.8 -2.5
v 6.3 5.7 -2.5
v 6.4 5.7 -2.5
v 6.4 5.8 -2.5
v 6.4 5.8 -2.6
v 6.4 5.7 -2.6
v 6.3 5.7 -2.6
v 6.3 5.8 -2.6
v 6.4 5.8 -2.5
v 6.4 5.7 -2.5
v 6.5 5.7 -2.5
v 6.5 5.8 -2.5
v 6.5 5.8 -2.6
v 6.5 5.7 -2.6
v 6.4 5.7 -2.6
v 6.4 5.8 -2.6
v 6.5 5.8 -2.5
v 6.5 5.7 -2.5
v 6.6 5.7 -2.5
v 6.6 5.8 -2.5
v 6.6 5.8 -2.6
v 6.6 5.7 -2.6
v 6.5 5.7 -2.6
v 6.5 5.8 -2.6
v 6.6 5.8 -2.5
v 6.6 5.7 -2.5
v 6.7 5.7 -2.5
v 6.7 5.8 -2.5
v 6.7 5.8 -2.6
v 6.7 5.7 -2.6
v 6.6 5.7 -2.6
v 6.6 5.8 -2.6
v 6.7 5.8 -2.5
v 6.7 5.7 -2.5
v 6.8 5.7 -2.5
v 6.8 5.8 -2.5
v 6.8 5.8 -2.6
v 6.8 5.7 -2.6
v 6.7 5.7 -2.6
v 6.7 5.8 -2.6
v 6.8 5.8 -2.5
v 6.8 5.7 -2.5
v 6.9 5.7 -2.5
v 6.9 5.8 -2.5
v 6.9 5.8 -2.6
v 6.9 5.7 -2.6
v 6.8 5.7 -2.6
v 6.8 5.8 -2.6
v 6.9 5.8 -2.5
v 6.9 5.7 -2.5
v 7 5.7 -2.5
v 7 5.8 -2.5
v 7 5.8 -2.6
v 7 5.7 -2.6
v 6.9 5.7 -2.6
v 6.9 5.8 -2.6
v 7 5.8 -2.5
v 7 5.7 -2.5
v 7.1 5.7 -2.5
v 7.1 5.8 -2.5
v 7.1 5.8 -2.6
v 7.1 5.7 -2.6
v 7 5.7 -2.6
v 7 5.8 -2.6
v 7.1 5.8 -2.5
v 7.1 5.7 -2.5
v 7.2 5.7 -2.5
v 7.2 5.8 -2.5
v 7.2 5.8 -2.6
v 7.2 5.7 -2.6
v 7.1 5.7 -2.6
v 7.1 5.8 -2.6
v 7.2 5.8 -2.5
v 7.2 5.7 -2.5
v 7.3 5.7 -2.5
v 7.3 5.8 -2.5
v 7.3 5.8 -2.6
v 7.3 5.7 -2.6
v 7.2 5.7 -2.6
v 7.2 5.8 -2.6
v 7.3 5.8 -2.5
v 7.3 5.7 -2.5
v 7.4 5.7 -2.5
v 7.4 5.8 -2.5
v 7.4 5.8 -2.6
v 7.4 5.7 -2.6
v 7.3 5.7 -2.6
v 7.3 5.8 -2.6
v 7.4 5.8 -2.5
v 7.4 5.7 -2.5
v 7.5 5.7 -2.5
v 7.5 5.8 -2.5
v 7.5 5.8 -2.6
v 7.5 5.7 -2.6
v 7.4 5.7 -2.6
v 7.4 5.8 -2.6
v 7.5 5.8 -2.5
v 7.5 5.7 -2.5
v 7.6 5.7 -2.5
v 7.6 5.8 -2.5
v 7.6 5.8 -2.6
v 7.6 5.7 -2.6
v 7.5 5.7 -2.6
v 7.5 5.8 -2.6
v 7.6 5.7 -2.5
v 7.6 5.7 -2.6
v 7.7 5.7 -2.6
v 7.7 5.7 -2.5
v 7.6 5.8 -2.5
v 7.6 5.7 -2.5
v 7.7 5.7 -2.5
v 7.7 5.8 -2.5
v 7.7 5.8 -2.6
v 7.7 5.7 -2.6
v 7.6 5.7 -2.6
v 7.6 5.8 -2.6
v 7.7 5.7 -2.5
v 7.7 5.7 -2.6
v 7.8 5.7 -2.6
v 7.8 5.7 -2.5
v 7.7 5.8 -2.5
v 7.7 5.7 -2.5
v 7.8 5.7 -2.5
v 7.8 5.8 -2.5
v 7.8 5.8 -2.6
v 7.8 5.7 -2.6
v 7.7 5.7 -2.6
v 7.7 5.8 -2.6
v 7.9 5.8 -2.5
v 7.9 5.7 -2.5
v 7.9 5.7 -2.6
v 7.9 5.8 -2.6
v 7.8 5.7 -2.5
v 7.8 5.7 -2.6
v 7.9 5.7 -2.6
v 7.9 5.7 -2.5
v 7.8 5.8 -2.5
v 7.8 5.7 -2.5
v 7.9 5.7 -2.5
v 7.9 5.8 -2.5
v 7.9 5.8 -2.6
v 7.9 5.7 -2.6
v 7.8 5.7 -2.6
v 7.8 5.8 -2.6
v 9.9 5.8 -2.6
v 9.9 5.7 -2.6
v 9.9 5.7 -2.5
v 9.9 5.8 -2.5
v 9.9 5.8 -2.6
v 9.9 5.8 -2.5
v 10 5.8 -2.5
v 10 5.8 -2.6
v 9.9 5.8 -2.5
v 9.9 5.7 -2.5
v 10 5.7 -2.5
v 10 5.8 -2.5
v 10 5.8 -2.6
v 10 5.7 -2.6
v 9.9 5.7 -2.6
v 9.9 5.8 -2.6
v 10 5.8 -2.6
v 10 5.8 -2.5
v 10.1 5.8 -2.5
v 10.1 5.8 -2.6
v 10 5.8 -2.5
v 10 5.7 -2.5
v 10.1 5.7 -2.5
v 10.1 5.8 -2.5
v 10.1 5.8 -2.6
v 10.1 5.7 -2.6
v 10 5.7 -2.6
v 10 5.8 -2.6
v 10.1 5.8 -2.5
v 10.1 5.7 -2.5
v 10.2 5.7 -2.5
v 10.2 5.8 -2.5
v 10.2 5.8 -2.6
v 10.2 5.7 -2.6
v 10.1 5.7 -2.6
v 10.1 5.8 -2.6
v 10.2 5.8 -2.5
v 10.2 5.7 -2.5
v 10.3 5.7 -2.5
v 10.3 5.8 -2.5
v 10.3 5.8 -2.6
v 10.3 5.7 -2.6
v 10.2 5.7 -2.6
v 10.2 5.8 -2.6
v 10.3 5.8 -2.5
v 10.3 5.7 -2.5
v 10.4 5.7 -2.5
v 10.4 5.8 -2.5
v 10.4 5.8 -2.6
v 10.4 5.7 -2.6
v 10.3 5.7 -2.6
v 10.3 5.8 -2.6
v 10.4 5.8 -2.5
v 10.4 5.7 -2.5
v 10.5 5.7 -2.5
v 10.5 5.8 -2.5
v 10.5 5.8 -2.6
v 10.5 5.7 -2.6
v 10.4 5.7 -2.6
v 10.4 5.8 -2.6
v 10.5 5.8 -2.5
v 10.5 5.7 -2.5
v 10.6 5.7 -2.5
v 10.6 5.8 -2.5
v 10.6 5.8 -2.6
v 10.6 5.7 -2.6
v 10.5 5.7 -2.6
v 10.5 5.8 -2.6
v 10.6 5.7 -2.5
v 10.6 5.7 -2.6
v 10.7 5.7 -2.6
v 10.7 5.7 -2.5
v 10.6 5.8 -2.5
v 10.6 5.7 -2.5
v 10.7 5.7 -2.5
v 10.7 5.8 -2.5
v 10.7 5.8 -2.6
v 10.7 5.7 -2.6
v 10.6 5.7 -2.6
v 10.6 5.8 -2.6
v 10.7 5.7 -2.5
v 10.7 5.7 -2.6
v 10.8 5.7 -2.6
v 10.8 5.7 -2.5
v 10.7 5.8 -2.5
v 10.7 5.7 -2.5
v 10.8 5.7 -2.5
v 10.8 5.8 -2.5
v 10.8 5.8 -2.6
v 10.8 5.7 -2.6
v 10.7 5.7 -2.6
v 10.7 5.8 -2.6
v 10.9 5.8 -2.5
v 10.9 5.7 -2.5
v 10.9 5.7 -2.6
v 10.9 5.8 -2.6
v 10.8 5.7 -2.5
v 10.8 5.7 -2.6
v 10.9 5.7 -2.6
v 10.9 5.7 -2.5
v 10.8 5.8 -2.5
v 10.8 5.7 -2.5
v 10.9 5.7 -2.5
v 10.9 5.8 -2.5
v 10.9 5.8 -2.6
v 10.9 5.7 -2.6
v 10.8 5.7 -2.6
v 10.8 5.8 -2.6
v 11.1 5.8 -2.6
v 11.1 5.7 -2.6
v 11.1 5.7 -2.5
v 11.1 5.8 -2.5
v 11.1 5.8 -2.6
v 11.1 5.8 -2.5
v 11.2 5.8 -2.5
v 11.2 5.8 -2.6
v 11.1 5.7 -2.5
v 11.1 5.7 -2.6
v 11.2 5.7 -2.6
v 11.2 5.7 -2.5
v 11.1 5.8 -2.5
v 11.1 5.7 -2.5
v 11.2 5.7 -2.5
v 11.2 5.8 -2.5
v 11.2 5.8 -2.6
v 11.2 5.7 -2.6
v 11.1 5.7 -2.6
v 11.1 5.8 -2.6
v 11.3 5.8 -2.5
v 11.3 5.7 -2.5
v 11.3 5.7 -2.6
v 11.3 5.8 -2.6
v 11.2 5.8 -2.6
v 11.2 5.8 -2.5
v 11.3 5.8 -2.5
v 11.3 5.8 -2.6
v 11.2 5.7 -2.5
v 11.2 5.7 -2.6
v 11.3 5.7 -2.6
v 11.3 5.7 -2.5
v 11.2 5.8 -2.5
v 11.2 5.7 -2.5
v 11.3 5.7 -2.5
v 11.3 5.8 -2.5
v 11.3 5.8 -2.6
v 11.3 5.7 -2.6
v 11.2 5.7 -2.6
v 11.2 5.8 -2.6
v 5.6 5.7 -2.6
v 5.6 5.6 -2.6
v 5.6 5.6 -2.5
v 5.6 5.7 -2.5
v 5.6 5.6 -2.5
v 5.6 5.6 -2.6
v 5.7 5.6 -2.6
v 5.7 5.6 -2.5
v 5.6 5.7 -2.5
v 5.6 5.6 -2.5
v 5.7 5.6 -2.5
v 5.7 5.7 -2.5
v 5.7 5.7 -2.6
v 5.7 5.6 -2.6
v 5.6 5.6 -2.6
v 5.6 5.7 -2.6
v 5.7 5.7 -2.5
v 5.7 5.6 -2.5
v 5.8 5.6 -2.5
v 5.8 5.7 -2.5
v 5.8 5.7 -2.6
v 5.8 5.6 -2.6
v 5.7 5.6 -2.6
v 5.7 5.7 -2.6
v 5.8 5.7 -2.5
v 5.8 5.6 -2.5
v 5.9 5.6 -2.5
v 5.9 5.7 -2.5
v 5.9 5.7 -2.6
v 5.9 5.6 -2.6
v 5.8 5.6 -2.6
v 5.8 5.7 -2.6
v 5.9 5.7 -2.5
v 5.9 5.6 -2.5
v 6 5.6 -2.5
v 6 5.7 -2.5
v 6 5.7 -2.6
v 6 5.6 -2.6
v 5.9 5.6 -2.6
v 5.9 5.7 -2.6
v 6 5.7 -2.5
v 6 5.6 -2.5
v 6.1 5.6 -2.5
v 6.1 5.7 -2.5
v 6.1 5.7 -2.6
v 6.1 5.6 -2.6
v 6 5.6 -2.6
v 6 5.7 -2.6
v 6.1 5.7 -2.5
v 6.1 5.6 -2.5
v 6.2 5.6 -2.5
v 6.2 5.7 -2.5
v 6.2 5.7 -2.6
v 6.2 5.6 -2.6
v 6.1 5.6 -2.6
v 6.1 5.7 -2.6
v 6.2 5.7 -2.5
v 6.2 5.6 -2.5
v 6.3 5.6 -2.5
v 6.3 5.7 -2.5
v 6.3 5.7 -2.6
v 6.3 5.6 -2.6
v 6.2 5.6 -2.6
v 6.2 5.7 -2.6
v 6.3 5.7 -2.5
v 6.3 5.6 -2.5
v 6.4 5.6 -2.5
v 6.4 5.7 -2.5
v 6.4 5.7 -2.6
v 6.4 5.6 -2.6
v 6.3 5.6 -2.6
v 6.3 5.7 -2.6
v 6.4 5.7 -2.5
v 6.4 5.6 -2.5
v 6.5 5.6 -2.5
v 6.5 5.7 -2.5
v 6.5 5.7 -2.6
v 6.5 5.6 -2.6
v 6.4 5.6 -2.6
v 6.4 5.7 -2.6
v 6.5 5.7 -2.5
v 6.5 5.6 -2.5
v 6.6 5.6 -2.5
v 6.6 5.7 -2.5
v 6.6 5.7 -2.6
v 6.6 5.6 -2.6
v 6.5 5.6 -2.6
v 6.5 5.7 -2.6
v 6.6 5.7 -2.5
v 6.6 5.6 -2.5
v 6.7 5.6 -2.5
v 6.7 5.7 -2.5
v 6.7 5.7 -2.6
v 6.7 5.6 -2.6
v 6.6 5.6 -2.6
v 6.6 5.7 -2.6
v 6.7 5.7 -2.5
v 6.7 5.6 -2.5
v 6.8 5.6 -2.5
v 6.8 5.7 -2.5
v 6.8 5.7 -2.6
v 6.8 5.6 -2.6
v 6.7 5.6 -2.6
v 6.7 5.7 -2.6
v 6.8 5.7 -2.5
v 6.8 5.6 -2.5
v 6.9 5.6 -2.5
v 6.9 5.7 -2.5
v 6.9 5.7 -2.6
v 6.9 5.6 -2.6
v 6.8 5.6 -2.6
v 6.8 5.7 -2.6
v 6.9 5.7 -2.5
v 6.9 5.6 -2.5
v 7 5.6 -2.5
v 7 5.7 -2.5
v 7 5.7 -2.6
v 7 5.6 -2.6
v 6.9 5.6 -2.6
v 6.9 5.7 -2.6
v 7 5.7 -2.5
v 7 5.6 -2.5
v 7.1 5.6 -2.5
v 7.1 5.7 -2.5
v 7.1 5.7 -2.6
v 7.1 5.6 -2.6
v 7 5.6 -2.6
v 7 5.7 -2.6
v 7.1 5.7 -2.5
v 7.1 5.6 -2.5
v 7.2 5.6 -2.5
v 7.2 5.7 -2.5
v 7.2 5.7 -2.6
v 7.2 5.6 -2.6
v 7.1 5.6 -2.6
v 7.1 5.7 -2.6
v 7.2 5.7 -2.5
v 7.2 5.6 -2.5
v 7.3 5.6 -2.5
v 7.3 5.7 -2.5
v 7.3 5.7 -2.6
v 7.3 5.6 -2.6
v 7.2 5.6 -2.6
v 7.2 5.7 -2.6
v 7.3 5.6 -2.5
v 7.3 5.6 -2.6
v 7.4 5.6 -2.6
v 7.4 5.6 -2.5
v 7.3 5.7 -2.5
v 7.3 5.6 -2.5
v 7.4 5.6 -2.5
v 7.4 5.7 -2.5
v 7.4 5.7 -2.6
v 7.4 5.6 -2.6
v 7.3 5.6 -2.6
v 7.3 5.7 -2.6
v 7.4 5.6 -2.5
v 7.4 5.6 -2.6
v 7.5 5.6 -2.6
v 7.5 5.6 -2.5
v 7.4 5.7 -2.5
v 7.4 5.6 -2.5
v 7.5 5.6 -2.5
v 7.5 5.7 -2.5
v 7.5 5.7 -2.6
v 7.5 5.6 -2.6
v 7.4 5.6 -2.6
v 7.4 5.7 -2.6
v 7.6 5.7 -2.5
v 7.6 5.6 -2.5
v 7.6 5.6 -2.6
v 7.6 5.7 -2.6
v 7.5 5.6 -2.5
v 7.5 5.6 -2.6
v 7.6 5.6 -2.6
v 7.6 5.6 -2.5
v 7.5 5.7 -2.5
v 7.5 5.6 -2.5
v 7.6 5.6 -2.5
v 7.6 5.7 -2.5
v 7.6 5.7 -2.6
v 7.6 5.6 -2.6
v 7.5 5.6 -2.6
v 7.5 5.7 -2.6
v 9.6 5.7 -2.6
v 9.6 5.6 -2.6
v 9.6 5.6 -2.5
v 9.6 5.7 -2.5
v 9.6 5.7 -2.6
v 9.6 5.7 -2.5
v 9.7 5.7 -2.5
v 9.7 5.7 -2.6
v 9.6 5.7 -2.5
v 9.6 5.6 -2.5
v 9.7 5.6 -2.5
v 9.7 5.7 -2.5
v 9.7 5.7 -2.6
v 9.7 5.6 -2.6
v 9.6 5.6 -2.6
v 9.6 5.7 -2.6
v 9.7 5.7 -2.6
v 9.7 5.7 -2.5
v 9.8 5.7 -2.5
v 9.8 5.7 -2.6
v 9.7 5.7 -2.5
v 9.7 5.6 -2.5
v 9.8 5.6 -2.5
v 9.8 5.7 -2.5
v 9.8 5.7 -2.6
v 9.8 5.6 -2.6
v 9.7 5.6 -2.6
v 9.7 5.7 -2.6
v 9.8 5.7 -2.6
v 9.8 5.7 -2.5
v 9.9 5.7 -2.5
v 9.9 5.7 -2.6
v 9.8 5.7 -2.5
v 9.8 5.6 -2.5
v 9.9 5.6 -2.5
v 9.9 5.7 -2.5
v 9.9 5.7 -2.6
v 9.9 5.6 -2.6
v 9.8 5.6 -2.6
v 9.8 5.7 -2.6
v 9.9 5.7 -2.5
v 9.9 5.6 -2.5
v 10 5.6 -2.5
v 10 5.7 -2.5
v 10 5.7 -2.6
v 10 5.6 -2.6
v 9.9 5.6 -2.6
v 9.9 5.7 -2.6
v 10 5.7 -2.5
v 10 5.6 -2.5
v 10.1 5.6 -2.5
v 10.1 5.7 -2.5
v 10.1 5.7 -2.6
v 10.1 5.6 -2.6
v 10 5.6 -2.6
v 10 5.7 -2.6
v 10.1 5.7 -2.5
v 10.1 5.6 -2.5
v 10.2 5.6 -2.5
v 10.2 5.7 -2.5
v 10.2 5.7 -2.6
v 10.2 5.6 -2.6
v 10.1 5.6 -2.6
v 10.1 5.7 -2.6
v 10.2 5.7 -2.5
v 10.2 5.6 -2.5
v 10.3 5.6 -2.5
v 10.3 5.7 -2.5
v 10.3 5.7 -2.6
v 10.3 5.6 -2.6
v 10.2 5.6 -2.6
v 10.2 5.7 -2.6
v 10.3 5.7 -2.5
v 10.3 5.6 -2.5
v 10.4 5.6 -2.5
v 10.4 5.7 -2.5
v 10.4 5.7 -2.6
v 10.4 5.6 -2.6
v 10.3 5.6 -2.6
v 10.3 5.7 -2.6
v 10.4 5.6 -2.5
v 10.4 5.6 -2.6
v 10.5 5.6 -2.6
v 10.5 5.6 -2.5
v 10.4 5.7 -2.5
v 10.4 5.6 -2.5
v 10.5 5.6 -2.5
v 10.5 5.7 -2.5
v 10.5 5.7 -2.6
v 10.5 5.6 -2.6
v 10.4 5.6 -2.6
v 10.4 5.7 -2.6
v 10.6 5.7 -2.5
v 10.6 5.6 -2.5
v 10.6 5.6 -2.6
v 10.6 5.7 -2.6
v 10.5 5.6 -2.5
v 10.5 5.6 -2.6
v 10.6 5.6 -2.6
v 10.6 5.6 -2.5
v 10.5 5.7 -2.5
v 10.5 5.6 -2.5
v 10.6 5.6 -2.5
v 10.6 5.7 -2.5
v 10.6 5.7 -2.6
v 10.6 5.6 -2.6
v 10.5 5.6 -2.6
v 10.5 5.7 -2.6
v 10.9 5.7 -2.6
v 10.9 5.6 -2.6
v 10.9 5.6 -2.5
v 10.9 5.7 -2.5
v 10.9 5.7 -2.6
v 10.9 5.7 -2.5
v 11 5.7 -2.5
v 11 5.7 -2.6
v 10.9 5.7 -2.5
v 10.9 5.6 -2.5
v 11 5.6 -2.5
v 11 5.7 -2.5
v 11 5.7 -2.6
v 11 5.6 -2.6
v 10.9 5.6 -2.6
v 10.9 5.7 -2.6
v 11.1 5.7 -2.5
v 11.1 5.6 -2.5
v 11.1 5.6 -2.6
v 11.1 5.7 -2.6
v 11 5.7 -2.6
v 11 5.7 -2.5
v 11.1 5.7 -2.5
v 11.1 5.7 -2.6
v 11 5.6 -2.5
v 11 5.6 -2.6
v 11.1 5.6 -2.6
v 11.1 5.6 -2.5
v 11 5.7 -2.5
v 11 5.6 -2.5
v 11.1 5.6 -2.5
v 11.1 5.7 -2.5
v 11.1 5.7 -2.6
v 11.1 5.6 -2.6
v 11 5.6 -2.6
v 11 5.7 -2.6
v 5.7 5.6 -2.6
v 5.7 5.5 -2.6
v 5.7 5.5 -2.5
v 5.7 5.6 -2.5
v 5.7 5.5 -2.5
v 5.7 5.5 -2.6
v 5.8 5.5 -2.6
v 5.8 5.5 -2.5
v 5.7 5.6 -2.5
v 5.7 5.5 -2.5
v 5.8 5.5 -2.5
v 5.8 5.6 -2.5
v 5.8 5.6 -2.6
v 5.8 5.5 -2.6
v 5.7 5.5 -2.6
v 5.7 5.6 -2.6
v 5.8 5.5 -2.5
v 5.8 5.5 -2.6
v 5.9 5.5 -2.6
v 5.9 5.5 -2.5
v 5.8 5.6 -2.5
v 5.8 5.5 -2.5
v 5.9 5.5 -2.5
v 5.9 5.6 -2.5
v 5.9 5.6 -2.6
v 5.9 5.5 -2.6
v 5.8 5.5 -2.6
v 5.8 5.6 -2.6
v 5.9 5.6 -2.5
v 5.9 5.5 -2.5
v 6 5.5 -2.5
v 6 5.6 -2.5
v 6 5.6 -2.6
v 6 5.5 -2.6
v 5.9 5.5 -2.6
v 5.9 5.6 -2.6
v 6 5.6 -2.5
v 6 5.5 -2.5
v 6.1 5.5 -2.5
v 6.1 5.6 -2.5
v 6.1 5.6 -2.6
v 6.1 5.5 -2.6
v 6 5.5 -2.6
v 6 5.6 -2.6
v 6.1 5.6 -2.5
v 6.1 5.5 -2.5
v 6.2 5.5 -2.5
v 6.2 5.6 -2.5
v 6.2 5.6 -2.6
v 6.2 5.5 -2.6
v 6.1 5.5 -2.6
v 6.1 5.6 -2.6
v 6.2 5.6 -2.5
v 6.2 5.5 -2.5
v 6.3 5.5 -2.5
v 6.3 5.6 -2.5
v 6.3 5.6 -2.6
v 6.3 5.5 -2.6
v 6.2 5.5 -2.6
v 6.2 5.6 -2.6
v 6.3 5.6 -2.5
v 6.3 5.5 -2.5
v 6.4 5.5 -2.5
v 6.4 5.6 -2.5
v 6.4 5.6 -2.6
v 6.4 5.5 -2.6
v 6.3 5.5 -2.6
v 6.3 5.6 -2.6
v 6.4 5.6 -2.5
v 6.4 5.5 -2.5
v 6.5 5.5 -2.5
v 6.5 5.6 -2.5
v 6.5 5.6 -2.6
v 6.5 5.5 -2.6
v 6.4 5.5 -2.6
v 6.4 5.6 -2.6
v 6.5 5.6 -2.5
v 6.5 5.5 -2.5
v 6.6 5.5 -2.5
v 6.6 5.6 -2.5
v 6.6 5.6 -2.6
v 6.6 5.5 -2.6
v 6.5 5.5 -2.6
v 6.5 5.6 -2.6
v 6.6 5.6 -2.5
v 6.6 5.5 -2.5
v 6.7 5.5 -2.5
v 6.7 5.6 -2.5
v 6.7 5.6 -2.6
v 6.7 5.5 -2.6
v 6.6 5.5 -2.6
v 6.6 5.6 -2.6
v 6.7 5.6 -2.5
v 6.7 5.5 -2.5
v 6.8 5.5 -2.5
v 6.8 5.6 -2.5
v 6.8 5.6 -2.6
v 6.8 5.5 -2.6
v 6.7 5.5 -2.6
v 6.7 5.6 -2.6
v 6.8 5.6 -2.5
v 6.8 5.5 -2.5
v 6.9 5.5 -2.5
v 6.9 5.6 -2.5
v 6.9 5.6 -2.6
v 6.9 5.5 -2.6
v 6.8 5.5 -2.6
v 6.8 5.6 -2.6
v 6.9 5.6 -2.5
v 6.9 5.5 -2.5
v 7 5.5 -2.5
v 7 5.6 -2.5
v 7 5.6 -2.6
v 7 5.5 -2.6
v 6.9 5.5 -2.6
v 6.9 5.6 -2.6
v 7 5.6 -2.5
v 7 5.5 -2.5
v 7.1 5.5 -2.5
v 7.1 5.6 -2.5
v 7.1 5.6 -2.6
v 7.1 5.5 -2.6
v 7 5.5 -2.6
v 7 5.6 -2.6
v 7.1 5.6 -2.5
v 7.1 5.5 -2.5
v 7.2 5.5 -2.5
v 7.2 5.6 -2.5
v 7.2 5.6 -2.6
v 7.2 5.5 -2.6
v 7.1 5.5 -2.6
v 7.1 5.6 -2.6
v 7.3 5.6 -2.5
v 7.3 5.5 -2.5
v 7.3 5.5 -2.6
v 7.3 5.6 -2.6
v 7.2 5.6 -2.5
v 7.2 5.5 -2.5
v 7.3 5.5 -2.5
v 7.3 5.6 -2.5
v 7.3 5.6 -2.6
v 7.3 5.5 -2.6
v 7.2 5.5 -2.6
v 7.2 5.6 -2.6
v 7.8 5.6 -2.6
v 7.8 5.5 -2.6
v 7.8 5.5 -2.5
v 7.8 5.6 -2.5
v 7.8 5.6 -2.6
v 7.8 5.6 -2.5
v 7.9 5.6 -2.5
v 7.9 5.6 -2.6
v 7.8 5.5 -2.5
v 7.8 5.5 -2.6
v 7.9 5.5 -2.6
v 7.9 5.5 -2.5
v 7.8 5.6 -2.5
v 7.8 5.5 -2.5
v 7.9 5.5 -2.5
v 7.9 5.6 -2.5
v 7.9 5.6 -2.6
v 7.9 5.5 -2.6
v 7.8 5.5 -2.6
v 7.8 5.6 -2.6
v 7.9 5.6 -2.6
v 7.9 5.6 -2.5
v 8 5.6 -2.5
v 8 5.6 -2.6
v 7.9 5.5 -2.5
v 7.9 5.5 -2.6
v 8 5.5 -2.6
v 8 5.5 -2.5
v 7.9 5.6 -2.5
v 7.9 5.5 -2.5
v 8 5.5 -2.5
v 8 5.6 -2.5
v 8 5.6 -2.6
v 8 5.5 -2.6
v 7.9 5.5 -2.6
v 7.9 5.6 -2.6
v 8 5.6 -2.6
v 8 5.6 -2.5
v 8.1 5.6 -2.5
v 8.1 5.6 -2.6
v 8 5.5 -2.5
v 8 5.5 -2.6
v 8.1 5.5 -2.6
v 8.1 5.5 -2.5
v 8 5.6 -2.5
v 8 5.5 -2.5
v 8.1 5.5 -2.5
v 8.1 5.6 -2.5
v 8.1 5.6 -2.6
v 8.1 5.5 -2.6
v 8 5.5 -2.6
v 8 5.6 -2.6
v 8.1 5.6 -2.6
v 8.1 5.6 -2.5
v 8.2 5.6 -2.5
v 8.2 5.6 -2.6
v 8.1 5.5 -2.5
v 8.1 5.5 -2.6
v 8.2 5.5 -2.6
v 8.2 5.5 -2.5
v 8.1 5.6 -2.5
v 8.1 5.5 -2.5
v 8.2 5.5 -2.5
v 8.2 5.6 -2.5
v 8.2 5.6 -2.6
v 8.2 5.5 -2.6
v 8.1 5.5 -2.6
v 8.1 5.6 -2.6
v 8.2 5.6 -2.6
v 8.2 5.6 -2.5
v 8.3 5.6 -2.5
v 8.3 5.6 -2.6
v 8.2 5.5 -2.5
v 8.2 5.5 -2.6
v 8.3 5.5 -2.6
v 8.3 5.5 -2.5
v 8.2 5.6 -2.5
v 8.2 5.5 -2.5
v 8.3 5.5 -2.5
v 8.3 5.6 -2.5
v 8.3 5.6 -2.6
v 8.3 5.5 -2.6
v 8.2 5.5 -2.6
v 8.2 5.6 -2.6
v 8.3 5.6 -2.6
v 8.3 5.6 -2.5
v 8.4 5.6 -2.5
v 8.4 5.6 -2.6
v 8.3 5.6 -2.5
v 8.3 5.5 -2.5
v 8.4 5.5 -2.5
v 8.4 5.6 -2.5
v 8.4 5.6 -2.6
v 8.4 5.5 -2.6
v 8.3 5.5 -2.6
v 8.3 5.6 -2.6
v 8.4 5.6 -2.6
v 8.4 5.6 -2.5
v 8.5 5.6 -2.5
v 8.5 5.6 -2.6
v 8.4 5.6 -2.5
v 8.4 5.5 -2.5
v 8.5 5.5 -2.5
v 8.5 5.6 -2.5
v 8.5 5.6 -2.6
v 8.5 5.5 -2.6
v 8.4 5.5 -2.6
v 8.4 5.6 -2.6
v 8.5 5.6 -2.6
v 8.5 5.6 -2.5
v 8.6 5.6 -2.5
v 8.6 5.6 -2.6
v 8.5 5.6 -2.5
v 8.5 5.5 -2.5
v 8.6 5.5 -2.5
v 8.6 5.6 -2.5
v 8.6 5.6 -2.6
v 8.6 5.5 -2.6
v 8.5 5.5 -2.6
v 8.5 5.6 -2.6
v 8.6 5.6 -2.6
v 8.6 5.6 -2.5
v 8.7 5.6 -2.5
v 8.7 5.6 -2.6
v 8.6 5.6 -2.5
v 8.6 5.5 -2.5
v 8.7 5.5 -2.5
v 8.7 5.6 -2.5
v 8.7 5.6 -2.6
v 8.7 5.5 -2.6
v 8.6 5.5 -2.6
v 8.6 5.6 -2.6
v 8.7 5.6 -2.6
v 8.7 5.6 -2.5
v 8.8 5.6 -2.5
v 8.8 5.6 -2.6
v 8.7 5.6 -2.5
v 8.7 5.5 -2.5
v 8.8 5.5 -2.5
v 8.8 5.6 -2.5
v 8.8 5.6 -2.6
v 8.8 5.5 -2.6
v 8.7 5.5 -2.6
v 8.7 5.6 -2.6
v 8.8 5.6 -2.6
v 8.8 5.6 -2.5
v 8.9 5.6 -2.5
v 8.9 5.6 -2.6
v 8.8 5.6 -2.5
v 8.8 5.5 -2.5
v 8.9 5.5 -2.5
v 8.9 5.6 -2.5
v 8.9 5.6 -2.6
v 8.9 5.5 -2.6
v 8.8 5.5 -2.6
v 8.8 5.6 -2.6
v 8.9 5.6 -2.6
v 8.9 5.6 -2.5
v 9 5.6 -2.5
v 9 5.6 -2.6
v 8.9 5.6 -2.5
v 8.9 5.5 -2.5
v 9 5.5 -2.5
v 9 5.6 -2.5
v 9 5.6 -2.6
v 9 5.5 -2.6
v 8.9 5.5 -2.6
v 8.9 5.6 -2.6
v 9 5.6 -2.6
v 9 5.6 -2.5
v 9.1 5.6 -2.5
v 9.1 5.6 -2.6
v 9 5.6 -2.5
v 9 5.5 -2.5
v 9.1 5.5 -2.5
v 9.1 5.6 -2.5
v 9.1 5.6 -2.6
v 9.1 5.5 -2.6
v 9 5.5 -2.6
v 9 5.6 -2.6
v 9.1 5.6 -2.6
v 9.1 5.6 -2.5
v 9.2 5.6 -2.5
v 9.2 5.6 -2.6
v 9.1 5.6 -2.5
v 9.1 5.5 -2.5
v 9.2 5.5 -2.5
v 9.2 5.6 -2.5
v 9.2 5.6 -2.6
v 9.2 5.5 -2.6
v 9.1 5.5 -2.6
v 9.1 5.6 -2.6
v 9.2 5.6 -2.6
v 9.2 5.6 -2.5
v 9.3 5.6 -2.5
v 9.3 5.6 -2.6
v 9.2 5.6 -2.5
v 9.2 5.5 -2.5
v 9.3 5.5 -2.5
v 9.3 5.6 -2.5
v 9.3 5.6 -2.6
v 9.3 5.5 -2.6
v 9.2 5.5 -2.6
v 9.2 5.6 -2.6
v 9.3 5.6 -2.6
v 9.3 5.6 -2.5
v 9.4 5.6 -2.5
v 9.4 5.6 -2.6
v 9.3 5.6 -2.5
v 9.3 5.5 -2.5
v 9.4 5.5 -2.5
v 9.4 5.6 -2.5
v 9.4 5.6 -2.6
v 9.4 5.5 -2.6
v 9.3 5.5 -2.6
v 9.3 5.6 -2.6
v 9.4 5.6 -2.6
v 9.4 5.6 -2.5
v 9.5 5.6 -2.5
v 9.5 5.6 -2.6
v 9.4 5.6 -2.5
v 9.4 5.5 -2.5
v 9.5 5.5 -2.5
v 9.5 5.6 -2.5
v 9.5 5.6 -2.6
v 9.5 5.5 -2.6
v 9.4 5.5 -2.6
v 9.4 5.6 -2.6
v 9.5 5.6 -2.6
v 9.5 5.6 -2.5
v 9.6 5.6 -2.5
v 9.6 5.6 -2.6
v 9.5 5.6 -2.5
v 9.5 5.5 -2.5
v 9.6 5.5 -2.5
v 9.6 5.6 -2.5
v 9.6 5.6 -2.6
v 9.6 5.5 -2.6
v 9.5 5.5 -2.6
v 9.5 5.6 -2.6
v 9.6 5.6 -2.5
v 9.6 5.5 -2.5
v 9.7 5.5 -2.5
v 9.7 5.6 -2.5
v 9.7 5.6 -2.6
v 9.7 5.5 -2.6
v 9.6 5.5 -2.6
v 9.6 5.6 -2.6
v 9.7 5.6 -2.5
v 9.7 5.5 -2.5
v 9.8 5.5 -2.5
v 9.8 5.6 -2.5
v 9.8 5.6 -2.6
v 9.8 5.5 -2.6
v 9.7 5.5 -2.6
v 9.7 5.6 -2.6
v 9.8 5.6 -2.5
v 9.8 5.5 -2.5
v 9.9 5.5 -2.5
v 9.9 5.6 -2.5
v 9.9 5.6 -2.6
v 9.9 5.5 -2.6
v 9.8 5.5 -2.6
v 9.8 5.6 -2.6
v 9.9 5.6 -2.5
v 9.9 5.5 -2.5
v 10 5.5 -2.5
v 10 5.6 -2.5
v 10 5.6 -2.6
v 10 5.5 -2.6
v 9.9 5.5 -2.6
v 9.9 5.6 -2.6
v 10 5.5 -2.5
v 10 5.5 -2.6
v 10.1 5.5 -2.6
v 10.1 5.5 -2.5
v 10 5.6 -2.5
v 10 5.5 -2.5
v 10.1 5.5 -2.5
v 10.1 5.6 -2.5
v 10.1 5.6 -2.6
v 10.1 5.5 -2.6
v 10 5.5 -2.6
v 10 5.6 -2.6
v 10.1 5.5 -2.5
v 10.1 5.5 -2.6
v 10.2 5.5 -2.6
v 10.2 5.5 -2.5
v 10.1 5.6 -2.5
v 10.1 5.5 -2.5
v 10.2 5.5 -2.5
v 10.2 5.6 -2.5
v 10.2 5.6 -2.6
v 10.2 5.5 -2.6
v 10.1 5.5 -2.6
v 10.1 5.6 -2.6
v 10.2 5.5 -2.5
v 10.2 5.5 -2.6
v 10.3 5.5 -2.6
v 10.3 5.5 -2.5
v 10.2 5.6 -2.5
v 10.2 5.5 -2.5
v 10.3 5.5 -2.5
v 10.3 5.6 -2.5
v 10.3 5.6 -2.6
v 10.3 5.5 -2.6
v 10.2 5.5 -2.6
v 10.2 5.6 -2.6
v 10.4 5.6 -2.5
v 10.4 5.5 -2.5
v 10.4 5.5 -2.6
v 10.4 5.6 -2.6
v 10.3 5.5 -2.5
v 10.3 5.5 -2.6
v 10.4 5.5 -2.6
v 10.4 5.5 -2.5
v 10.3 5.6 -2.5
v 10.3 5.5 -2.5
v 10.4 5.5 -2.5
v 10.4 5.6 -2.5
v 10.4 5.6 -2.6
v 10.4 5.5 -2.6
v 10.3 5.5 -2.6
v 10.3 5.6 -2.6
v 10.7 5.6 -2.6
v 10.7 5.5 -2.6
v 10.7 5.5 -2.5
v 10.7 5.6 -2.5
v 10.7 5.6 -2.6
v 10.7 5.6 -2.5
v 10.8 5.6 -2.5
v 10.8 5.6 -2.6
v 10.7 5.6 -2.5
v 10.7 5.5 -2.5
v 10.8 5.5 -2.5
v 10.8 5.6 -2.5
v 10.8 5.6 -2.6
v 10.8 5.5 -2.6
v 10.7 5.5 -2.6
v 10.7 5.6 -2.6
v 10.8 5.6 -2.6
v 10.8 5.6 -2.5
v 10.9 5.6 -2.5
v 10.9 5.6 -2.6
v 10.8 5.5 -2.5
v 10.8 5.5 -2.6
v 10.9 5.5 -2.6
v 10.9 5.5 -2.5
v 10.8 5.6 -2.5
v 10.8 5.5 -2.5
v 10.9 5.5 -2.5
v 10.9 5.6 -2.5
v 10.9 5.6 -2.6
v 10.9 5.5 -2.6
v 10.8 5.5 -2.6
v 10.8 5.6 -2.6
v 11 5.6 -2.5
v 11 5.5 -2.5
v 11 5.5 -2.6
v 11 5.6 -2.6
v 10.9 5.5 -2.5
v 10.9 5.5 -2.6
v 11 5.5 -2.6
v 11 5.5 -2.5
v 10.9 5.6 -2.5
v 10.9 5.5 -2.5
v 11 5.5 -2.5
v 11 5.6 -2.5
v 11 5.6 -2.6
v 11 5.5 -2.6
v 10.9 5.5 -2.6
v 10.9 5.6 -2.6
v 5.9 5.5 -2.6
v 5.9 5.4 -2.6
v 5.9 5.4 -2.5
v 5.9 5.5 -2.5
v 5.9 5.4 -2.5
v 5.9 5.4 -2.6
v 6 5.4 -2.6
v 6 5.4 -2.5
v 5.9 5.5 -2.5
v 5.9 5.4 -2.5
v 6 5.4 -2.5
v 6 5.5 -2.5
v 6 5.5 -2.6
v 6 5.4 -2.6
v 5.9 5.4 -2.6
v 5.9 5.5 -2.6
v 6 5.5 -2.5
v 6 5.4 -2.5
v 6.1 5.4 -2.5
v 6.1 5.5 -2.5
v 6.1 5.5 -2.6
v 6.1 5.4 -2.6
v 6 5.4 -2.6
v 6 5.5 -2.6
v 6.1 5.5 -2.5
v 6.1 5.4 -2.5
v 6.2 5.4 -2.5
v 6.2 5.5 -2.5
v 6.2 5.5 -2.6
v 6.2 5.4 -2.6
v 6.1 5.4 -2.6
v 6.1 5.5 -2.6
v 6.2 5.5 -2.5
v 6.2 5.4 -2.5
v 6.3 5.4 -2.5
v 6.3 5.5 -2.5
v 6.3 5.5 -2.6
v 6.3 5.4 -2.6
v 6.2 5.4 -2.6
v 6.2 5.5 -2.6
v 6.3 5.5 -2.5
v 6.3 5.4 -2.5
v 6.4 5.4 -2.5
v 6.4 5.5 -2.5
v 6.4 5.5 -2.6
v 6.4 5.4 -2.6
v 6.3 5.4 -2.6
v 6.3 5.5 -2.6
v 6.4 5.5 -2.5
v 6.4 5.4 -2.5
v 6.5 5.4 -2.5
v 6.5 5.5 -2.5
v 6.5 5.5 -2.6
v 6.5 5.4 -2.6
v 6.4 5.4 -2.6
v 6.4 5.5 -2.6
v 6.5 5.5 -2.5
v 6.5 5.4 -2.5
v 6.6 5.4 -2.5
v 6.6 5.5 -2.5
v 6.6 5.5 -2.6
v 6.6 5.4 -2.6
v 6.5 5.4 -2.6
v 6.5 5.5 -2.6
v 6.6 5.5 -2.5
v 6.6 5.4 -2.5
v 6.7 5.4 -2.5
v 6.7 5.5 -2.5
v 6.7 5.5 -2.6
v 6.7 5.4 -2.6
v 6.6 5.4 -2.6
v 6.6 5.5 -2.6
v 6.7 5.5 -2.5
v 6.7 5.4 -2.5
v 6.8 5.4 -2.5
v 6.8 5.5 -2.5
v 6.8 5.5 -2.6
v 6.8 5.4 -2.6
v 6.7 5.4 -2.6
v 6.7 5.5 -2.6
v 6.8 5.5 -2.5
v 6.8 5.4 -2.5
v 6.9 5.4 -2.5
v 6.9 5.5 -2.5
v 6.9 5.5 -2.6
v 6.9 5.4 -2.6
v 6.8 5.4 -2.6
v 6.8 5.5 -2.6
v 6.9 5.5 -2.5
v 6.9 5.4 -2.5
v 7 5.4 -2.5
v 7 5.5 -2.5
v 7 5.5 -2.6
v 7 5.4 -2.6
v 6.9 5.4 -2.6
v 6.9 5.5 -2.6
v 7 5.5 -2.5
v 7 5.4 -2.5
v 7.1 5.4 -2.5
v 7.1 5.5 -2.5
v 7.1 5.5 -2.6
v 7.1 5.4 -2.6
v 7 5.4 -2.6
v 7 5.5 -2.6
v 7.1 5.5 -2.5
v 7.1 5.4 -2.5
v 7.2 5.4 -2.5
v 7.2 5.5 -2.5
v 7.2 5.5 -2.6
v 7.2 5.4 -2.6
v 7.1 5.4 -2.6
v 7.1 5.5 -2.6
v 7.2 5.5 -2.5
v 7.2 5.4 -2.5
v 7.3 5.4 -2.5
v 7.3 5.5 -2.5
v 7.3 5.5 -2.6
v 7.3 5.4 -2.6
v 7.2 5.4 -2.6
v 7.2 5.5 -2.6
v 7.3 5.5 -2.6
v 7.3 5.5 -2.5
v 7.4 5.5 -2.5
v 7.4 5.5 -2.6
v 7.3 5.5 -2.5
v 7.3 5.4 -2.5
v 7.4 5.4 -2.5
v 7.4 5.5 -2.5
v 7.4 5.5 -2.6
v 7.4 5.4 -2.6
v 7.3 5.4 -2.6
v 7.3 5.5 -2.6
v 7.4 5.5 -2.6
v 7.4 5.5 -2.5
v 7.5 5.5 -2.5
v 7.5 5.5 -2.6
v 7.4 5.5 -2.5
v 7.4 5.4 -2.5
v 7.5 5.4 -2.5
v 7.5 5.5 -2.5
v 7.5 5.5 -2.6
v 7.5 5.4 -2.6
v 7.4 5.4 -2.6
v 7.4 5.5 -2.6
v 7.5 5.5 -2.6
v 7.5 5.5 -2.5
v 7.6 5.5 -2.5
v 7.6 5.5 -2.6
v 7.5 5.5 -2.5
v 7.5 5.4 -2.5
v 7.6 5.4 -2.5
v 7.6 5.5 -2.5
v 7.6 5.5 -2.6
v 7.6 5.4 -2.6
v 7.5 5.4 -2.6
v 7.5 5.5 -2.6
v 7.7 5.5 -2.5
v 7.7 5.4 -2.5
v 7.7 5.4 -2.6
v 7.7 5.5 -2.6
v 7.6 5.5 -2.6
v 7.6 5.5 -2.5
v 7.7 5.5 -2.5
v 7.7 5.5 -2.6
v 7.6 5.5 -2.5
v 7.6 5.4 -2.5
v 7.7 5.4 -2.5
v 7.7 5.5 -2.5
v 7.7 5.5 -2.6
v 7.7 5.4 -2.6
v 7.6 5.4 -2.6
v 7.6 5.5 -2.6
v 8.3 5.5 -2.6
v 8.3 5.4 -2.6
v 8.3 5.4 -2.5
v 8.3 5.5 -2.5
v 8.3 5.4 -2.5
v 8.3 5.4 -2.6
v 8.4 5.4 -2.6
v 8.4 5.4 -2.5
v 8.3 5.5 -2.5
v 8.3 5.4 -2.5
v 8.4 5.4 -2.5
v 8.4 5.5 -2.5
v 8.4 5.5 -2.6
v 8.4 5.4 -2.6
v 8.3 5.4 -2.6
v 8.3 5.5 -2.6
v 8.4 5.4 -2.5
v 8.4 5.4 -2.6
v 8.5 5.4 -2.6
v 8.5 5.4 -2.5
v 8.4 5.5 -2.5
v 8.4 5.4 -2.5
v 8.5 5.4 -2.5
v 8.5 5.5 -2.5
v 8.5 5.5 -2.6
v 8.5 5.4 -2.6
v 8.4 5.4 -2.6
v 8.4 5.5 -2.6
v 8.5 5.4 -2.5
v 8.5 5.4 -2.6
v 8.6 5.4 -2.6
v 8.6 5.4 -2.5
v 8.5 5.5 -2.5
v 8.5 5.4 -2.5
v 8.6 5.4 -2.5
v 8.6 5.5 -2.5
v 8.6 5.5 -2.6
v 8.6 5.4 -2.6
v 8.5 5.4 -2.6
v 8.5 5.5 -2.6
v 8.6 5.4 -2.5
v 8.6 5.4 -2.6
v 8.7 5.4 -2.6
v 8.7 5.4 -2.5
v 8.6 5.5 -2.5
v 8.6 5.4 -2.5
v 8.7 5.4 -2.5
v 8.7 5.5 -2.5
v 8.7 5.5 -2.6
v 8.7 5.4 -2.6
v 8.6 5.4 -2.6
v 8.6 5.5 -2.6
v 8.7 5.4 -2.5
v 8.7 5.4 -2.6
v 8.8 5.4 -2.6
v 8.8 5.4 -2.5
v 8.7 5.5 -2.5
v 8.7 5.4 -2.5
v 8.8 5.4 -2.5
v 8.8 5.5 -2.5
v 8.8 5.5 -2.6
v 8.8 5.4 -2.6
v 8.7 5.4 -2.6
v 8.7 5.5 -2.6
v 8.8 5.4 -2.5
v 8.8 5.4 -2.6
v 8.9 5.4 -2.6
v 8.9 5.4 -2.5
v 8.8 5.5 -2.5
v 8.8 5.4 -2.5
v 8.9 5.4 -2.5
v 8.9 5.5 -2.5
v 8.9 5.5 -2.6
v 8.9 5.4 -2.6
v 8.8 5.4 -2.6
v 8.8 5.5 -2.6
v 8.9 5.4 -2.5
v 8.9 5.4 -2.6
v 9 5.4 -2.6
v 9 5.4 -2.5
v 8.9 5.5 -2.5
v 8.9 5.4 -2.5
v 9 5.4 -2.5
v 9 5.5 -2.5
v 9 5.5 -2.6
v 9 5.4 -2.6
v 8.9 5.4 -2.6
v 8.9 5.5 -2.6
v 9 5.4 -2.5
v 9 5.4 -2.6
v 9.1 5.4 -2.6
v 9.1 5.4 -2.5
v 9 5.5 -2.5
v 9 5.4 -2.5
v 9.1 5.4 -2.5
v 9.1 5.5 -2.5
v 9.1 5.5 -2.6
v 9.1 5.4 -2.6
v 9 5.4 -2.6
v 9 5.5 -2.6
v 9.1 5.4 -2.5
v 9.1 5.4 -2.6
v 9.2 5.4 -2.6
v 9.2 5.4 -2.5
v 9.1 5.5 -2.5
v 9.1 5.4 -2.5
v 9.2 5.4 -2.5
v 9.2 5.5 -2.5
v 9.2 5.5 -2.6
v 9.2 5.4 -2.6
v 9.1 5.4 -2.6
v 9.1 5.5 -2.6
v 9.2 5.4 -2.5
v 9.2 5.4 -2.6
v 9.3 5.4 -2.6
v 9.3 5.4 -2.5
v 9.2 5.5 -2.5
v 9.2 5.4 -2.5
v 9.3 5.4 -2.5
v 9.3 5.5 -2.5
v 9.3 5.5 -2.6
v 9.3 5.4 -2.6
v 9.2 5.4 -2.6
v 9.2 5.5 -2.6
v 9.3 5.4 -2.5
v 9.3 5.4 -2.6
v 9.4 5.4 -2.6
v 9.4 5.4 -2.5
v 9.3 5.5 -2.5
v 9.3 5.4 -2.5
v 9.4 5.4 -2.5
v 9.4 5.5 -2.5
v 9.4 5.5 -2.6
v 9.4 5.4 -2.6
v 9.3 5.4 -2.6
v 9.3 5.5 -2.6
v 9.4 5.4 -2.5
v 9.4 5.4 -2.6
v 9.5 5.4 -2.6
v 9.5 5.4 -2.5
v 9.4 5.5 -2.5
v 9.4 5.4 -2.5
v 9.5 5.4 -2.5
v 9.5 5.5 -2.5
v 9.5 5.5 -2.6
v 9.5 5.4 -2.6
v 9.4 5.4 -2.6
v 9.4 5.5 -2.6
v 9.5 5.4 -2.5
v 9.5 5.4 -2.6
v 9.6 5.4 -2.6
v 9.6 5.4 -2.5
v 9.5 5.5 -2.5
v 9.5 5.4 -2.5
v 9.6 5.4 -2.5
v 9.6 5.5 -2.5
v 9.6 5.5 -2.6
v 9.6 5.4 -2.6
v 9.5 5.4 -2.6
v 9.5 5.5 -2.6
v 9.6 5.4 -2.5
v 9.6 5.4 -2.6
v 9.7 5.4 -2.6
v 9.7 5.4 -2.5
v 9.6 5.5 -2.5
v 9.6 5.4 -2.5
v 9.7 5.4 -2.5
v 9.7 5.5 -2.5
v 9.7 5.5 -2.6
v 9.7 5.4 -2.6
v 9.6 5.4 -2.6
v 9.6 5.5 -2.6
v 9.7 5.4 -2.5
v 9.7 5.4 -2.6
v 9.8 5.4 -2.6
v 9.8 5.4 -2.5
v 9.7 5.5 -2.5
v 9.7 5.4 -2.5
v 9.8 5.4 -2.5
v 9.8 5.5 -2.5
v 9.8 5.5 -2.6
v 9.8 5.4 -2.6
v 9.7 5.4 -2.6
v 9.7 5.5 -2.6
v 9.8 5.4 -2.5
v 9.8 5.4 -2.6
v 9.9 5.4 -2.6
v 9.9 5.4 -2.5
v 9.8 5.5 -2.5
v 9.8 5.4 -2.5
v 9.9 5.4 -2.5
v 9.9 5.5 -2.5
v 9.9 5.5 -2.6
v 9.9 5.4 -2.6
v 9.8 5.4 -2.6
v 9.8 5.5 -2.6
v 10 5.5 -2.5
v 10 5.4 -2.5
v 10 5.4 -2.6
v 10 5.5 -2.6
v 9.9 5.4 -2.5
v 9.9 5.4 -2.6
v 10 5.4 -2.6
v 10 5.4 -2.5
v 9.9 5.5 -2.5
v 9.9 5.4 -2.5
v 10 5.4 -2.5
v 10 5.5 -2.5
v 10 5.5 -2.6
v 10 5.4 -2.6
v 9.9 5.4 -2.6
v 9.9 5.5 -2.6
v 10.4 5.5 -2.6
v 10.4 5.4 -2.6
v 10.4 5.4 -2.5
v 10.4 5.5 -2.5
v 10.4 5.5 -2.6
v 10.4 5.5 -2.5
v 10.5 5.5 -2.5
v 10.5 5.5 -2.6
v 10.4 5.5 -2.5
v 10.4 5.4 -2.5
v 10.5 5.4 -2.5
v 10.5 5.5 -2.5
v 10.5 5.5 -2.6
v 10.5 5.4 -2.6
v 10.4 5.4 -2.6
v 10.4 5.5 -2.6
v 10.5 5.5 -2.6
v 10.5 5.5 -2.5
v 10.6 5.5 -2.5
v 10.6 5.5 -2.6
v 10.5 5.5 -2.5
v 10.5 5.4 -2.5
v 10.6 5.4 -2.5
v 10.6 5.5 -2.5
v 10.6 5.5 -2.6
v 10.6 5.4 -2.6
v 10.5 5.4 -2.6
v 10.5 5.5 -2.6
v 10.6 5.5 -2.6
v 10.6 5.5 -2.5
v 10.7 5.5 -2.5
v 10.7 5.5 -2.6
v 10.6 5.4 -2.5
v 10.6 5.4 -2.6
v 10.7 5.4 -2.6
v 10.7 5.4 -2.5
v 10.6 5.5 -2.5
v 10.6 5.4 -2.5
v 10.7 5.4 -2.5
v 10.7 5.5 -2.5
v 10.7 5.5 -2.6
v 10.7 5.4 -2.6
v 10.6 5.4 -2.6
v 10.6 5.5 -2.6
v 10.8 5.5 -2.5
v 10.8 5.4 -2.5
v 10.8 5.4 -2.6
v 10.8 5.5 -2.6
v 10.7 5.4 -2.5
v 10.7 5.4 -2.6
v 10.8 5.4 -2.6
v 10.8 5.4 -2.5
v 10.7 5.5 -2.5
v 10.7 5.4 -2.5
v 10.8 5.4 -2.5
v 10.8 5.5 -2.5
v 10.8 5.5 -2.6
v 10.8 5.4 -2.6
v 10.7 5.4 -2.6
v 10.7 5.5 -2.6
v 6 5.4 -2.6
v 6 5.3 -2.6
v 6 5.3 -2.5
v 6 5.4 -2.5
v 6 5.3 -2.5
v 6 5.3 -2.6
v 6.1 5.3 -2.6
v 6.1 5.3 -2.5
v 6 5.4 -2.5
v 6 5.3 -2.5
v 6.1 5.3 -2.5
v 6.1 5.4 -2.5
v 6.1 5.4 -2.6
v 6.1 5.3 -2.6
v 6 5.3 -2.6
v 6 5.4 -2.6
v 6.1 5.3 -2.5
v 6.1 5.3 -2.6
v 6.2 5.3 -2.6
v 6.2 5.3 -2.5
v 6.1 5.4 -2.5
v 6.1 5.3 -2.5
v 6.2 5.3 -2.5
v 6.2 5.4 -2.5
v 6.2 5.4 -2.6
v 6.2 5.3 -2.6
v 6.1 5.3 -2.6
v 6.1 5.4 -2.6
v 6.2 5.4 -2.5
v 6.2 5.3 -2.5
v 6.3 5.3 -2.5
v 6.3 5.4 -2.5
v 6.3 5.4 -2.6
v 6.3 5.3 -2.6
v 6.2 5.3 -2.6
v 6.2 5.4 -2.6
v 6.3 5.4 -2.5
v 6.3 5.3 -2.5
v 6.4 5.3 -2.5
v 6.4 5.4 -2.5
v 6.4 5.4 -2.6
v 6.4 5.3 -2.6
v 6.3 5.3 -2.6
v 6.3 5.4 -2.6
v 6.4 5.4 -2.5
v 6.4 5.3 -2.5
v 6.5 5.3 -2.5
v 6.5 5.4 -2.5
v 6.5 5.4 -2.6
v 6.5 5.3 -2.6
v 6.4 5.3 -2.6
v 6.4 5.4 -2.6
v 6.5 5.4 -2.5
v 6.5 5.3 -2.5
v 6.6 5.3 -2.5
v 6.6 5.4 -2.5
v 6.6 5.4 -2.6
v 6.6 5.3 -2.6
v 6.5 5.3 -2.6
v 6.5 5.4 -2.6
v 6.6 5.4 -2.5
v 6.6 5.3 -2.5
v 6.7 5.3 -2.5
v 6.7 5.4 -2.5
v 6.7 5.4 -2.6
v 6.7 5.3 -2.6
v 6.6 5.3 -2.6
v 6.6 5.4 -2.6
v 6.7 5.4 -2.5
v 6.7 5.3 -2.5
v 6.8 5.3 -2.5
v 6.8 5.4 -2.5
v 6.8 5.4 -2.6
v 6.8 5.3 -2.6
v 6.7 5.3 -2.6
v 6.7 5.4 -2.6
v 6.8 5.4 -2.5
v 6.8 5.3 -2.5
v 6.9 5.3 -2.5
v 6.9 5.4 -2.5
v 6.9 5.4 -2.6
v 6.9 5.3 -2.6
v 6.8 5.3 -2.6
v 6.8 5.4 -2.6
v 6.9 5.4 -2.5
v 6.9 5.3 -2.5
v 7 5.3 -2.5
v 7 5.4 -2.5
v 7 5.4 -2.6
v 7 5.3 -2.6
v 6.9 5.3 -2.6
v 6.9 5.4 -2.6
v 7 5.4 -2.5
v 7 5.3 -2.5
v 7.1 5.3 -2.5
v 7.1 5.4 -2.5
v 7.1 5.4 -2.6
v 7.1 5.3 -2.6
v 7 5.3 -2.6
v 7 5.4 -2.6
v 7.1 5.4 -2.5
v 7.1 5.3 -2.5
v 7.2 5.3 -2.5
v 7.2 5.4 -2.5
v 7.2 5.4 -2.6
v 7.2 5.3 -2.6
v 7.1 5.3 -2.6
v 7.1 5.4 -2.6
v 7.2 5.4 -2.5
v 7.2 5.3 -2.5
v 7.3 5.3 -2.5
v 7.3 5.4 -2.5
v 7.3 5.4 -2.6
v 7.3 5.3 -2.6
v 7.2 5.3 -2.6
v 7.2 5.4 -2.6
v 7.3 5.4 -2.5
v 7.3 5.3 -2.5
v 7.4 5.3 -2.5
v 7.4 5.4 -2.5
v 7.4 5.4 -2.6
v 7.4 5.3 -2.6
v 7.3 5.3 -2.6
v 7.3 5.4 -2.6
v 7.4 5.4 -2.5
v 7.4 5.3 -2.5
v 7.5 5.3 -2.5
v 7.5 5.4 -2.5
v 7.5 5.4 -2.6
v 7.5 5.3 -2.6
v 7.4 5.3 -2.6
v 7.4 5.4 -2.6
v 7.5 5.4 -2.5
v 7.5 5.3 -2.5
v 7.6 5.3 -2.5
v 7.6 5.4 -2.5
v 7.6 5.4 -2.6
v 7.6 5.3 -2.6
v 7.5 5.3 -2.6
v 7.5 5.4 -2.6
v 7.6 5.4 -2.5
v 7.6 5.3 -2.5
v 7.7 5.3 -2.5
v 7.7 5.4 -2.5
v 7.7 5.4 -2.6
v 7.7 5.3 -2.6
v 7.6 5.3 -2.6
v 7.6 5.4 -2.6
v 7.7 5.4 -2.6
v 7.7 5.4 -2.5
v 7.8 5.4 -2.5
v 7.8 5.4 -2.6
v 7.7 5.4 -2.5
v 7.7 5.3 -2.5
v 7.8 5.3 -2.5
v 7.8 5.4 -2.5
v 7.8 5.4 -2.6
v 7.8 5.3 -2.6
v 7.7 5.3 -2.6
v 7.7 5.4 -2.6
v 7.8 5.4 -2.6
v 7.8 5.4 -2.5
v 7.9 5.4 -2.5
v 7.9 5.4 -2.6
v 7.8 5.4 -2.5
v 7.8 5.3 -2.5
v 7.9 5.3 -2.5
v 7.9 5.4 -2.5
v 7.9 5.4 -2.6
v 7.9 5.3 -2.6
v 7.8 5.3 -2.6
v 7.8 5.4 -2.6
v 7.9 5.4 -2.6
v 7.9 5.4 -2.5
v 8 5.4 -2.5
v 8 5.4 -2.6
v 7.9 5.4 -2.5
v 7.9 5.3 -2.5
v 8 5.3 -2.5
v 8 5.4 -2.5
v 8 5.4 -2.6
v 8 5.3 -2.6
v 7.9 5.3 -2.6
v 7.9 5.4 -2.6
v 8 5.4 -2.6
v 8 5.4 -2.5
v 8.1 5.4 -2.5
v 8.1 5.4 -2.6
v 8 5.4 -2.5
v 8 5.3 -2.5
v 8.1 5.3 -2.5
v 8.1 5.4 -2.5
v 8.1 5.4 -2.6
v 8.1 5.3 -2.6
v 8 5.3 -2.6
v 8 5.4 -2.6
v 8.1 5.4 -2.6
v 8.1 5.4 -2.5
v 8.2 5.4 -2.5
v 8.2 5.4 -2.6
v 8.1 5.4 -2.5
v 8.1 5.3 -2.5
v 8.2 5.3 -2.5
v 8.2 5.4 -2.5
v 8.2 5.4 -2.6
v 8.2 5.3 -2.6
v 8.1 5.3 -2.6
v 8.1 5.4 -2.6
v 8.3 5.4 -2.5
v 8.3 5.3 -2.5
v 8.3 5.3 -2.6
v 8.3 5.4 -2.6
v 8.2 5.4 -2.6
v 8.2 5.4 -2.5
v 8.3 5.4 -2.5
v 8.3 5.4 -2.6
v 8.2 5.4 -2.5
v 8.2 5.3 -2.5
v 8.3 5.3 -2.5
v 8.3 5.4 -2.5
v 8.3 5.4 -2.6
v 8.3 5.3 -2.6
v 8.2 5.3 -2.6
v 8.2 5.4 -2.6
v 10 5.4 -2.6
v 10 5.3 -2.6
v 10 5.3 -2.5
v 10 5.4 -2.5
v 10 5.4 -2.6
v 10 5.4 -2.5
v 10.1 5.4 -2.5
v 10.1 5.4 -2.6
v 10 5.4 -2.5
v 10 5.3 -2.5
v 10.1 5.3 -2.5
v 10.1 5.4 -2.5
v 10.1 5.4 -2.6
v 10.1 5.3 -2.6
v 10 5.3 -2.6
v 10 5.4 -2.6
v 10.1 5.4 -2.6
v 10.1 5.4 -2.5
v 10.2 5.4 -2.5
v 10.2 5.4 -2.6
v 10.1 5.4 -2.5
v 10.1 5.3 -2.5
v 10.2 5.3 -2.5
v 10.2 5.4 -2.5
v 10.2 5.4 -2.6
v 10.2 5.3 -2.6
v 10.1 5.3 -2.6
v 10.1 5.4 -2.6
v 10.2 5.4 -2.6
v 10.2 5.4 -2.5
v 10.3 5.4 -2.5
v 10.3 5.4 -2.6
v 10.2 5.4 -2.5
v 10.2 5.3 -2.5
v 10.3 5.3 -2.5
v 10.3 5.4 -2.5
v 10.3 5.4 -2.6
v 10.3 5.3 -2.6
v 10.2 5.3 -2.6
v 10.2 5.4 -2.6
v 10.3 5.4 -2.6
v 10.3 5.4 -2.5
v 10.4 5.4 -2.5
v 10.4 5.4 -2.6
v 10.3 5.4 -2.5
v 10.3 5.3 -2.5
v 10.4 5.3 -2.5
v 10.4 5.4 -2.5
v 10.4 5.4 -2.6
v 10.4 5.3 -2.6
v 10.3 5.3 -2.6
v 10.3 5.4 -2.6
v 10.4 5.3 -2.5
v 10.4 5.3 -2.6
v 10.5 5.3 -2.6
v 10.5 5.3 -2.5
v 10.4 5.4 -2.5
v 10.4 5.3 -2.5
v 10.5 5.3 -2.5
v 10.5 5.4 -2.5
v 10.5 5.4 -2.6
v 10.5 5.3 -2.6
v 10.4 5.3 -2.6
v 10.4 5.4 -2.6
v 10.6 5.4 -2.5
v 10.6 5.3 -2.5
v 10.6 5.3 -2.6
v 10.6 5.4 -2.6
v 10.5 5.3 -2.5
v 10.5 5.3 -2.6
v 10.6 5.3 -2.6
v 10.6 5.3 -2.5
v 10.5 5.4 -2.5
v 10.5 5.3 -2.5
v 10.6 5.3 -2.5
v 10.6 5.4 -2.5
v 10.6 5.4 -2.6
v 10.6 5.3 -2.6
v 10.5 5.3 -2.6
v 10.5 5.4 -2.6
v 6.2 5.3 -2.6
v 6.2 5.2 -2.6
v 6.2 5.2 -2.5
v 6.2 5.3 -2.5
v 6.2 5.2 -2.5
v 6.2 5.2 -2.6
v 6.3 5.2 -2.6
v 6.3 5.2 -2.5
v 6.2 5.3 -2.5
v 6.2 5.2 -2.5
v 6.3 5.2 -2.5
v 6.3 5.3 -2.5
v 6.3 5.3 -2.6
v 6.3 5.2 -2.6
v 6.2 5.2 -2.6
v 6.2 5.3 -2.6
v 6.3 5.2 -2.5
v 6.3 5.2 -2.6
v 6.4 5.2 -2.6
v 6.4 5.2 -2.5
v 6.3 5.3 -2.5
v 6.3 5.2 -2.5
v 6.4 5.2 -2.5
v 6.4 5.3 -2.5
v 6.4 5.3 -2.6
v 6.4 5.2 -2.6
v 6.3 5.2 -2.6
v 6.3 5.3 -2.6
v 6.4 5.3 -2.5
v 6.4 5.2 -2.5
v 6.5 5.2 -2.5
v 6.5 5.3 -2.5
v 6.5 5.3 -2.6
v 6.5 5.2 -2.6
v 6.4 5.2 -2.6
v 6.4 5.3 -2.6
v 6.5 5.3 -2.5
v 6.5 5.2 -2.5
v 6.6 5.2 -2.5
v 6.6 5.3 -2.5
v 6.6 5.3 -2.6
v 6.6 5.2 -2.6
v 6.5 5.2 -2.6
v 6.5 5.3 -2.6
v 6.6 5.3 -2.5
v 6.6 5.2 -2.5
v 6.7 5.2 -2.5
v 6.7 5.3 -2.5
v 6.7 5.3 -2.6
v 6.7 5.2 -2.6
v 6.6 5.2 -2.6
v 6.6 5.3 -2.6
v 6.7 5.3 -2.5
v 6.7 5.2 -2.5
v 6.8 5.2 -2.5
v 6.8 5.3 -2.5
v 6.8 5.3 -2.6
v 6.8 5.2 -2.6
v 6.7 5.2 -2.6
v 6.7 5.3 -2.6
v 6.8 5.3 -2.5
v 6.8 5.2 -2.5
v 6.9 5.2 -2.5
v 6.9 5.3 -2.5
v 6.9 5.3 -2.6
v 6.9 5.2 -2.6
v 6.8 5.2 -2.6
v 6.8 5.3 -2.6
v 6.9 5.3 -2.5
v 6.9 5.2 -2.5
v 7 5.2 -2.5
v 7 5.3 -2.5
v 7 5.3 -2.6
v 7 5.2 -2.6
v 6.9 5.2 -2.6
v 6.9 5.3 -2.6
v 7 5.3 -2.5
v 7 5.2 -2.5
v 7.1 5.2 -2.5
v 7.1 5.3 -2.5
v 7.1 5.3 -2.6
v 7.1 5.2 -2.6
v 7 5.2 -2.6
v 7 5.3 -2.6
v 7.1 5.3 -2.5
v 7.1 5.2 -2.5
v 7.2 5.2 -2.5
v 7.2 5.3 -2.5
v 7.2 5.3 -2.6
v 7.2 5.2 -2.6
v 7.1 5.2 -2.6
v 7.1 5.3 -2.6
v 7.2 5.3 -2.5
v 7.2 5.2 -2.5
v 7.3 5.2 -2.5
v 7.3 5.3 -2.5
v 7.3 5.3 -2.6
v 7.3 5.2 -2.6
v 7.2 5.2 -2.6
v 7.2 5.3 -2.6
v 7.3 5.3 -2.5
v 7.3 5.2 -2.5
v 7.4 5.2 -2.5
v 7.4 5.3 -2.5
v 7.4 5.3 -2.6
v 7.4 5.2 -2.6
v 7.3 5.2 -2.6
v 7.3 5.3 -2.6
v 7.4 5.3 -2.5
v 7.4 5.2 -2.5
v 7.5 5.2 -2.5
v 7.5 5.3 -2.5
v 7.5 5.3 -2.6
v 7.5 5.2 -2.6
v 7.4 5.2 -2.6
v 7.4 5.3 -2.6
v 7.5 5.3 -2.5
v 7.5 5.2 -2.5
v 7.6 5.2 -2.5
v 7.6 5.3 -2.5
v 7.6 5.3 -2.6
v 7.6 5.2 -2.6
v 7.5 5.2 -2.6
v 7.5 5.3 -2.6
v 7.6 5.3 -2.5
v 7.6 5.2 -2.5
v 7.7 5.2 -2.5
v 7.7 5.3 -2.5
v 7.7 5.3 -2.6
v 7.7 5.2 -2.6
v 7.6 5.2 -2.6
v 7.6 5.3 -2.6
v 7.7 5.3 -2.5
v 7.7 5.2 -2.5
v 7.8 5.2 -2.5
v 7.8 5.3 -2.5
v 7.8 5.3 -2.6
v 7.8 5.2 -2.6
v 7.7 5.2 -2.6
v 7.7 5.3 -2.6
v 7.8 5.3 -2.5
v 7.8 5.2 -2.5
v 7.9 5.2 -2.5
v 7.9 5.3 -2.5
v 7.9 5.3 -2.6
v 7.9 5.2 -2.6
v 7.8 5.2 -2.6
v 7.8 5.3 -2.6
v 7.9 5.3 -2.5
v 7.9 5.2 -2.5
v 8 5.2 -2.5
v 8 5.3 -2.5
v 8 5.3 -2.6
v 8 5.2 -2.6
v 7.9 5.2 -2.6
v 7.9 5.3 -2.6
v 8 5.3 -2.5
v 8 5.2 -2.5
v 8.1 5.2 -2.5
v 8.1 5.3 -2.5
v 8.1 5.3 -2.6
v 8.1 5.2 -2.6
v 8 5.2 -2.6
v 8 5.3 -2.6
v 8.1 5.3 -2.5
v 8.1 5.2 -2.5
v 8.2 5.2 -2.5
v 8.2 5.3 -2.5
v 8.2 5.3 -2.6
v 8.2 5.2 -2.6
v 8.1 5.2 -2.6
v 8.1 5.3 -2.6
v 8.2 5.3 -2.5
v 8.2 5.2 -2.5
v 8.3 5.2 -2.5
v 8.3 5.3 -2.5
v 8.3 5.3 -2.6
v 8.3 5.2 -2.6
v 8.2 5.2 -2.6
v 8.2 5.3 -2.6
v 8.3 5.3 -2.6
v 8.3 5.3 -2.5
v 8.4 5.3 -2.5
v 8.4 5.3 -2.6
v 8.3 5.3 -2.5
v 8.3 5.2 -2.5
v 8.4 5.2 -2.5
v 8.4 5.3 -2.5
v 8.4 5.3 -2.6
v 8.4 5.2 -2.6
v 8.3 5.2 -2.6
v 8.3 5.3 -2.6
v 8.4 5.3 -2.6
v 8.4 5.3 -2.5
v 8.5 5.3 -2.5
v 8.5 5.3 -2.6
v 8.4 5.3 -2.5
v 8.4 5.2 -2.5
v 8.5 5.2 -2.5
v 8.5 5.3 -2.5
v 8.5 5.3 -2.6
v 8.5 5.2 -2.6
v 8.4 5.2 -2.6
v 8.4 5.3 -2.6
v 8.5 5.3 -2.6
v 8.5 5.3 -2.5
v 8.6 5.3 -2.5
v 8.6 5.3 -2.6
v 8.5 5.3 -2.5
v 8.5 5.2 -2.5
v 8.6 5.2 -2.5
v 8.6 5.3 -2.5
v 8.6 5.3 -2.6
v 8.6 5.2 -2.6
v 8.5 5.2 -2.6
v 8.5 5.3 -2.6
v 8.6 5.3 -2.6
v 8.6 5.3 -2.5
v 8.7 5.3 -2.5
v 8.7 5.3 -2.6
v 8.6 5.3 -2.5
v 8.6 5.2 -2.5
v 8.7 5.2 -2.5
v 8.7 5.3 -2.5
v 8.7 5.3 -2.6
v 8.7 5.2 -2.6
v 8.6 5.2 -2.6
v 8.6 5.3 -2.6
v 8.7 5.3 -2.6
v 8.7 5.3 -2.5
v 8.8 5.3 -2.5
v 8.8 5.3 -2.6
v 8.7 5.3 -2.5
v 8.7 5.2 -2.5
v 8.8 5.2 -2.5
v 8.8 5.3 -2.5
v 8.8 5.3 -2.6
v 8.8 5.2 -2.6
v 8.7 5.2 -2.6
v 8.7 5.3 -2.6
v 8.8 5.3 -2.6
v 8.8 5.3 -2.5
v 8.9 5.3 -2.5
v 8.9 5.3 -2.6
v 8.8 5.3 -2.5
v 8.8 5.2 -2.5
v 8.9 5.2 -2.5
v 8.9 5.3 -2.5
v 8.9 5.3 -2.6
v 8.9 5.2 -2.6
v 8.8 5.2 -2.6
v 8.8 5.3 -2.6
v 8.9 5.3 -2.6
v 8.9 5.3 -2.5
v 9 5.3 -2.5
v 9 5.3 -2.6
v 8.9 5.3 -2.5
v 8.9 5.2 -2.5
v 9 5.2 -2.5
v 9 5.3 -2.5
v 9 5.3 -2.6
v 9 5.2 -2.6
v 8.9 5.2 -2.6
v 8.9 5.3 -2.6
v 9 5.3 -2.6
v 9 5.3 -2.5
v 9.1 5.3 -2.5
v 9.1 5.3 -2.6
v 9 5.3 -2.5
v 9 5.2 -2.5
v 9.1 5.2 -2.5
v 9.1 5.3 -2.5
v 9.1 5.3 -2.6
v 9.1 5.2 -2.6
v 9 5.2 -2.6
v 9 5.3 -2.6
v 9.1 5.3 -2.6
v 9.1 5.3 -2.5
v 9.2 5.3 -2.5
v 9.2 5.3 -2.6
v 9.1 5.3 -2.5
v 9.1 5.2 -2.5
v 9.2 5.2 -2.5
v 9.2 5.3 -2.5
v 9.2 5.3 -2.6
v 9.2 5.2 -2.6
v 9.1 5.2 -2.6
v 9.1 5.3 -2.6
v 9.2 5.3 -2.6
v 9.2 5.3 -2.5
v 9.3 5.3 -2.5
v 9.3 5.3 -2.6
v 9.2 5.3 -2.5
v 9.2 5.2 -2.5
v 9.3 5.2 -2.5
v 9.3 5.3 -2.5
v 9.3 5.3 -2.6
v 9.3 5.2 -2.6
v 9.2 5.2 -2.6
v 9.2 5.3 -2.6
v 9.3 5.3 -2.6
v 9.3 5.3 -2.5
v 9.4 5.3 -2.5
v 9.4 5.3 -2.6
v 9.3 5.3 -2.5
v 9.3 5.2 -2.5
v 9.4 5.2 -2.5
v 9.4 5.3 -2.5
v 9.4 5.3 -2.6
v 9.4 5.2 -2.6
v 9.3 5.2 -2.6
v 9.3 5.3 -2.6
v 9.4 5.3 -2.6
v 9.4 5.3 -2.5
v 9.5 5.3 -2.5
v 9.5 5.3 -2.6
v 9.4 5.3 -2.5
v 9.4 5.2 -2.5
v 9.5 5.2 -2.5
v 9.5 5.3 -2.5
v 9.5 5.3 -2.6
v 9.5 5.2 -2.6
v 9.4 5.2 -2.6
v 9.4 5.3 -2.6
v 9.5 5.3 -2.6
v 9.5 5.3 -2.5
v 9.6 5.3 -2.5
v 9.6 5.3 -2.6
v 9.5 5.3 -2.5
v 9.5 5.2 -2.5
v 9.6 5.2 -2.5
v 9.6 5.3 -2.5
v 9.6 5.3 -2.6
v 9.6 5.2 -2.6
v 9.5 5.2 -2.6
v 9.5 5.3 -2.6
v 9.6 5.3 -2.6
v 9.6 5.3 -2.5
v 9.7 5.3 -2.5
v 9.7 5.3 -2.6
v 9.6 5.3 -2.5
v 9.6 5.2 -2.5
v 9.7 5.2 -2.5
v 9.7 5.3 -2.5
v 9.7 5.3 -2.6
v 9.7 5.2 -2.6
v 9.6 5.2 -2.6
v 9.6 5.3 -2.6
v 9.7 5.3 -2.6
v 9.7 5.3 -2.5
v 9.8 5.3 -2.5
v 9.8 5.3 -2.6
v 9.7 5.3 -2.5
v 9.7 5.2 -2.5
v 9.8 5.2 -2.5
v 9.8 5.3 -2.5
v 9.8 5.3 -2.6
v 9.8 5.2 -2.6
v 9.7 5.2 -2.6
v 9.7 5.3 -2.6
v 9.8 5.3 -2.6
v 9.8 5.3 -2.5
v 9.9 5.3 -2.5
v 9.9 5.3 -2.6
v 9.8 5.3 -2.5
v 9.8 5.2 -2.5
v 9.9 5.2 -2.5
v 9.9 5.3 -2.5
v 9.9 5.3 -2.6
v 9.9 5.2 -2.6
v 9.8 5.2 -2.6
v 9.8 5.3 -2.6
v 9.9 5.3 -2.6
v 9.9 5.3 -2.5
v 10 5.3 -2.5
v 10 5.3 -2.6
v 9.9 5.3 -2.5
v 9.9 5.2 -2.5
v 10 5.2 -2.5
v 10 5.3 -2.5
v 10 5.3 -2.6
v 10 5.2 -2.6
v 9.9 5.2 -2.6
v 9.9 5.3 -2.6
v 10 5.3 -2.5
v 10 5.2 -2.5
v 10.1 5.2 -2.5
v 10.1 5.3 -2.5
v 10.1 5.3 -2.6
v 10.1 5.2 -2.6
v 10 5.2 -2.6
v 10 5.3 -2.6
v 10.1 5.2 -2.5
v 10.1 5.2 -2.6
v 10.2 5.2 -2.6
v 10.2 5.2 -2.5
v 10.1 5.3 -2.5
v 10.1 5.2 -2.5
v 10.2 5.2 -2.5
v 10.2 5.3 -2.5
v 10.2 5.3 -2.6
v 10.2 5.2 -2.6
v 10.1 5.2 -2.6
v 10.1 5.3 -2.6
v 10.2 5.2 -2.5
v 10.2 5.2 -2.6
v 10.3 5.2 -2.6
v 10.3 5.2 -2.5
v 10.2 5.3 -2.5
v 10.2 5.2 -2.5
v 10.3 5.2 -2.5
v 10.3 5.3 -2.5
v 10.3 5.3 -2.6
v 10.3 5.2 -2.6
v 10.2 5.2 -2.6
v 10.2 5.3 -2.6
v 10.4 5.3 -2.5
v 10.4 5.2 -2.5
v 10.4 5.2 -2.6
v 10.4 5.3 -2.6
v 10.3 5.2 -2.5
v 10.3 5.2 -2.6
v 10.4 5.2 -2.6
v 10.4 5.2 -2.5
v 10.3 5.3 -2.5
v 10.3 5.2 -2.5
v 10.4 5.2 -2.5
v 10.4 5.3 -2.5
v 10.4 5.3 -2.6
v 10.4 5.2 -2.6
v 10.3 5.2 -2.6
v 10.3 5.3 -2.6
v 6.4 5.2 -2.6
v 6.4 5.1 -2.6
v 6.4 5.1 -2.5
v 6.4 5.2 -2.5
v 6.4 5.1 -2.5
v 6.4 5.1 -2.6
v 6.5 5.1 -2.6
v 6.5 5.1 -2.5
v 6.4 5.2 -2.5
v 6.4 5.1 -2.5
v 6.5 5.1 -2.5
v 6.5 5.2 -2.5
v 6.5 5.2 -2.6
v 6.5 5.1 -2.6
v 6.4 5.1 -2.6
v 6.4 5.2 -2.6
v 6.5 5.1 -2.5
v 6.5 5.1 -2.6
v 6.6 5.1 -2.6
v 6.6 5.1 -2.5
v 6.5 5.2 -2.5
v 6.5 5.1 -2.5
v 6.6 5.1 -2.5
v 6.6 5.2 -2.5
v 6.6 5.2 -2.6
v 6.6 5.1 -2.6
v 6.5 5.1 -2.6
v 6.5 5.2 -2.6
v 6.6 5.2 -2.5
v 6.6 5.1 -2.5
v 6.7 5.1 -2.5
v 6.7 5.2 -2.5
v 6.7 5.2 -2.6
v 6.7 5.1 -2.6
v 6.6 5.1 -2.6
v 6.6 5.2 -2.6
v 6.7 5.2 -2.5
v 6.7 5.1 -2.5
v 6.8 5.1 -2.5
v 6.8 5.2 -2.5
v 6.8 5.2 -2.6
v 6.8 5.1 -2.6
v 6.7 5.1 -2.6
v 6.7 5.2 -2.6
v 6.8 5.2 -2.5
v 6.8 5.1 -2.5
v 6.9 5.1 -2.5
v 6.9 5.2 -2.5
v 6.9 5.2 -2.6
v 6.9 5.1 -2.6
v 6.8 5.1 -2.6
v 6.8 5.2 -2.6
v 6.9 5.2 -2.5
v 6.9 5.1 -2.5
v 7 5.1 -2.5
v 7 5.2 -2.5
v 7 5.2 -2.6
v 7 5.1 -2.6
v 6.9 5.1 -2.6
v 6.9 5.2 -2.6
v 7 5.2 -2.5
v 7 5.1 -2.5
v 7.1 5.1 -2.5
v 7.1 5.2 -2.5
v 7.1 5.2 -2.6
v 7.1 5.1 -2.6
v 7 5.1 -2.6
v 7 5.2 -2.6
v 7.1 5.2 -2.5
v 7.1 5.1 -2.5
v 7.2 5.1 -2.5
v 7.2 5.2 -2.5
v 7.2 5.2 -2.6
v 7.2 5.1 -2.6
v 7.1 5.1 -2.6
v 7.1 5.2 -2.6
v 7.2 5.2 -2.5
v 7.2 5.1 -2.5
v 7.3 5.1 -2.5
v 7.3 5.2 -2.5
v 7.3 5.2 -2.6
v 7.3 5.1 -2.6
v 7.2 5.1 -2.6
v 7.2 5.2 -2.6
v 7.3 5.2 -2.5
v 7.3 5.1 -2.5
v 7.4 5.1 -2.5
v 7.4 5.2 -2.5
v 7.4 5.2 -2.6
v 7.4 5.1 -2.6
v 7.3 5.1 -2.6
v 7.3 5.2 -2.6
v 7.4 5.2 -2.5
v 7.4 5.1 -2.5
v 7.5 5.1 -2.5
v 7.5 5.2 -2.5
v 7.5 5.2 -2.6
v 7.5 5.1 -2.6
v 7.4 5.1 -2.6
v 7.4 5.2 -2.6
v 7.5 5.2 -2.5
v 7.5 5.1 -2.5
v 7.6 5.1 -2.5
v 7.6 5.2 -2.5
v 7.6 5.2 -2.6
v 7.6 5.1 -2.6
v 7.5 5.1 -2.6
v 7.5 5.2 -2.6
v 7.6 5.2 -2.5
v 7.6 5.1 -2.5
v 7.7 5.1 -2.5
v 7.7 5.2 -2.5
v 7.7 5.2 -2.6
v 7.7 5.1 -2.6
v 7.6 5.1 -2.6
v 7.6 5.2 -2.6
v 7.7 5.2 -2.5
v 7.7 5.1 -2.5
v 7.8 5.1 -2.5
v 7.8 5.2 -2.5
v 7.8 5.2 -2.6
v 7.8 5.1 -2.6
v 7.7 5.1 -2.6
v 7.7 5.2 -2.6
v 7.8 5.2 -2.5
v 7.8 5.1 -2.5
v 7.9 5.1 -2.5
v 7.9 5.2 -2.5
v 7.9 5.2 -2.6
v 7.9 5.1 -2.6
v 7.8 5.1 -2.6
v 7.8 5.2 -2.6
v 7.9 5.2 -2.5
v 7.9 5.1 -2.5
v 8 5.1 -2.5
v 8 5.2 -2.5
v 8 5.2 -2.6
v 8 5.1 -2.6
v 7.9 5.1 -2.6
v 7.9 5.2 -2.6
v 8 5.2 -2.5
v 8 5.1 -2.5
v 8.1 5.1 -2.5
v 8.1 5.2 -2.5
v 8.1 5.2 -2.6
v 8.1 5.1 -2.6
v 8 5.1 -2.6
v 8 5.2 -2.6
v 8.1 5.2 -2.5
v 8.1 5.1 -2.5
v 8.2 5.1 -2.5
v 8.2 5.2 -2.5
v 8.2 5.2 -2.6
v 8.2 5.1 -2.6
v 8.1 5.1 -2.6
v 8.1 5.2 -2.6
v 8.2 5.2 -2.5
v 8.2 5.1 -2.5
v 8.3 5.1 -2.5
v 8.3 5.2 -2.5
v 8.3 5.2 -2.6
v 8.3 5.1 -2.6
v 8.2 5.1 -2.6
v 8.2 5.2 -2.6
v 8.3 5.2 -2.5
v 8.3 5.1 -2.5
v 8.4 5.1 -2.5
v 8.4 5.2 -2.5
v 8.4 5.2 -2.6
v 8.4 5.1 -2.6
v 8.3 5.1 -2.6
v 8.3 5.2 -2.6
v 8.4 5.2 -2.5
v 8.4 5.1 -2.5
v 8.5 5.1 -2.5
v 8.5 5.2 -2.5
v 8.5 5.2 -2.6
v 8.5 5.1 -2.6
v 8.4 5.1 -2.6
v 8.4 5.2 -2.6
v 8.5 5.2 -2.5
v 8.5 5.1 -2.5
v 8.6 5.1 -2.5
v 8.6 5.2 -2.5
v 8.6 5.2 -2.6
v 8.6 5.1 -2.6
v 8.5 5.1 -2.6
v 8.5 5.2 -2.6
v 8.6 5.2 -2.5
v 8.6 5.1 -2.5
v 8.7 5.1 -2.5
v 8.7 5.2 -2.5
v 8.7 5.2 -2.6
v 8.7 5.1 -2.6
v 8.6 5.1 -2.6
v 8.6 5.2 -2.6
v 8.7 5.2 -2.5
v 8.7 5.1 -2.5
v 8.8 5.1 -2.5
v 8.8 5.2 -2.5
v 8.8 5.2 -2.6
v 8.8 5.1 -2.6
v 8.7 5.1 -2.6
v 8.7 5.2 -2.6
v 8.8 5.2 -2.5
v 8.8 5.1 -2.5
v 8.9 5.1 -2.5
v 8.9 5.2 -2.5
v 8.9 5.2 -2.6
v 8.9 5.1 -2.6
v 8.8 5.1 -2.6
v 8.8 5.2 -2.6
v 8.9 5.2 -2.5
v 8.9 5.1 -2.5
v 9 5.1 -2.5
v 9 5.2 -2.5
v 9 5.2 -2.6
v 9 5.1 -2.6
v 8.9 5.1 -2.6
v 8.9 5.2 -2.6
v 9 5.2 -2.5
v 9 5.1 -2.5
v 9.1 5.1 -2.5
v 9.1 5.2 -2.5
v 9.1 5.2 -2.6
v 9.1 5.1 -2.6
v 9 5.1 -2.6
v 9 5.2 -2.6
v 9.1 5.2 -2.5
v 9.1 5.1 -2.5
v 9.2 5.1 -2.5
v 9.2 5.2 -2.5
v 9.2 5.2 -2.6
v 9.2 5.1 -2.6
v 9.1 5.1 -2.6
v 9.1 5.2 -2.6
v 9.2 5.2 -2.5
v 9.2 5.1 -2.5
v 9.3 5.1 -2.5
v 9.3 5.2 -2.5
v 9.3 5.2 -2.6
v 9.3 5.1 -2.6
v 9.2 5.1 -2.6
v 9.2 5.2 -2.6
v 9.3 5.2 -2.5
v 9.3 5.1 -2.5
v 9.4 5.1 -2.5
v 9.4 5.2 -2.5
v 9.4 5.2 -2.6
v 9.4 5.1 -2.6
v 9.3 5.1 -2.6
v 9.3 5.2 -2.6
v 9.4 5.2 -2.5
v 9.4 5.1 -2.5
v 9.5 5.1 -2.5
v 9.5 5.2 -2.5
v 9.5 5.2 -2.6
v 9.5 5.1 -2.6
v 9.4 5.1 -2.6
v 9.4 5.2 -2.6
v 9.5 5.2 -2.5
v 9.5 5.1 -2.5
v 9.6 5.1 -2.5
v 9.6 5.2 -2.5
v 9.6 5.2 -2.6
v 9.6 5.1 -2.6
v 9.5 5.1 -2.6
v 9.5 5.2 -2.6
v 9.6 5.2 -2.5
v 9.6 5.1 -2.5
v 9.7 5.1 -2.5
v 9.7 5.2 -2.5
v 9.7 5.2 -2.6
v 9.7 5.1 -2.6
v 9.6 5.1 -2.6
v 9.6 5.2 -2.6
v 9.7 5.2 -2.5
v 9.7 5.1 -2.5
v 9.8 5.1 -2.5
v 9.8 5.2 -2.5
v 9.8 5.2 -2.6
v 9.8 5.1 -2.6
v 9.7 5.1 -2.6
v 9.7 5.2 -2.6
v 9.8 5.1 -2.5
v 9.8 5.1 -2.6
v 9.9 5.1 -2.6
v 9.9 5.1 -2.5
v 9.8 5.2 -2.5
v 9.8 5.1 -2.5
v 9.9 5.1 -2.5
v 9.9 5.2 -2.5
v 9.9 5.2 -2.6
v 9.9 5.1 -2.6
v 9.8 5.1 -2.6
v 9.8 5.2 -2.6
v 9.9 5.1 -2.5
v 9.9 5.1 -2.6
v 10 5.1 -2.6
v 10 5.1 -2.5
v 9.9 5.2 -2.5
v 9.9 5.1 -2.5
v 10 5.1 -2.5
v 10 5.2 -2.5
v 10 5.2 -2.6
v 10 5.1 -2.6
v 9.9 5.1 -2.6
v 9.9 5.2 -2.6
v 10.1 5.2 -2.5
v 10.1 5.1 -2.5
v 10.1 5.1 -2.6
v 10.1 5.2 -2.6
v 10 5.1 -2.5
v 10 5.1 -2.6
v 10.1 5.1 -2.6
v 10.1 5.1 -2.5
v 10 5.2 -2.5
v 10 5.1 -2.5
v 10.1 5.1 -2.5
v 10.1 5.2 -2.5
v 10.1 5.2 -2.6
v 10.1 5.1 -2.6
v 10 5.1 -2.6
v 10 5.2 -2.6
v 6.6 5.1 -2.6
v 6.6 5 -2.6
v 6.6 5 -2.5
v 6.6 5.1 -2.5
v 6.6 5 -2.5
v 6.6 5 -2.6
v 6.7 5 -2.6
v 6.7 5 -2.5
v 6.6 5.1 -2.5
v 6.6 5 -2.5
v 6.7 5 -2.5
v 6.7 5.1 -2.5
v 6.7 5.1 -2.6
v 6.7 5 -2.6
v 6.6 5 -2.6
v 6.6 5.1 -2.6
v 6.7 5 -2.5
v 6.7 5 -2.6
v 6.8 5 -2.6
v 6.8 5 -2.5
v 6.7 5.1 -2.5
v 6.7 5 -2.5
v 6.8 5 -2.5
v 6.8 5.1 -2.5
v 6.8 5.1 -2.6
v 6.8 5 -2.6
v 6.7 5 -2.6
v 6.7 5.1 -2.6
v 6.8 5.1 -2.5
v 6.8 5 -2.5
v 6.9 5 -2.5
v 6.9 5.1 -2.5
v 6.9 5.1 -2.6
v 6.9 5 -2.6
v 6.8 5 -2.6
v 6.8 5.1 -2.6
v 6.9 5.1 -2.5
v 6.9 5 -2.5
v 7 5 -2.5
v 7 5.1 -2.5
v 7 5.1 -2.6
v 7 5 -2.6
v 6.9 5 -2.6
v 6.9 5.1 -2.6
v 7 5.1 -2.5
v 7 5 -2.5
v 7.1 5 -2.5
v 7.1 5.1 -2.5
v 7.1 5.1 -2.6
v 7.1 5 -2.6
v 7 5 -2.6
v 7 5.1 -2.6
v 7.1 5.1 -2.5
v 7.1 5 -2.5
v 7.2 5 -2.5
v 7.2 5.1 -2.5
v 7.2 5.1 -2.6
v 7.2 5 -2.6
v 7.1 5 -2.6
v 7.1 5.1 -2.6
v 7.2 5.1 -2.5
v 7.2 5 -2.5
v 7.3 5 -2.5
v 7.3 5.1 -2.5
v 7.3 5.1 -2.6
v 7.3 5 -2.6
v 7.2 5 -2.6
v 7.2 5.1 -2.6
v 7.3 5.1 -2.5
v 7.3 5 -2.5
v 7.4 5 -2.5
v 7.4 5.1 -2.5
v 7.4 5.1 -2.6
v 7.4 5 -2.6
v 7.3 5 -2.6
v 7.3 5.1 -2.6
v 7.4 5.1 -2.5
v 7.4 5 -2.5
v 7.5 5 -2.5
v 7.5 5.1 -2.5
v 7.5 5.1 -2.6
v 7.5 5 -2.6
v 7.4 5 -2.6
v 7.4 5.1 -2.6
v 7.5 5.1 -2.5
v 7.5 5 -2.5
v 7.6 5 -2.5
v 7.6 5.1 -2.5
v 7.6 5.1 -2.6
v 7.6 5 -2.6
v 7.5 5 -2.6
v 7.5 5.1 -2.6
v 7.6 5.1 -2.5
v 7.6 5 -2.5
v 7.7 5 -2.5
v 7.7 5.1 -2.5
v 7.7 5.1 -2.6
v 7.7 5 -2.6
v 7.6 5 -2.6
v 7.6 5.1 -2.6
v 7.7 5.1 -2.5
v 7.7 5 -2.5
v 7.8 5 -2.5
v 7.8 5.1 -2.5
v 7.8 5.1 -2.6
v 7.8 5 -2.6
v 7.7 5 -2.6
v 7.7 5.1 -2.6
v 7.8 5.1 -2.5
v 7.8 5 -2.5
v 7.9 5 -2.5
v 7.9 5.1 -2.5
v 7.9 5.1 -2.6
v 7.9 5 -2.6
v 7.8 5 -2.6
v 7.8 5.1 -2.6
v 7.9 5.1 -2.5
v 7.9 5 -2.5
v 8 5 -2.5
v 8 5.1 -2.5
v 8 5.1 -2.6
v 8 5 -2.6
v 7.9 5 -2.6
v 7.9 5.1 -2.6
v 8 5.1 -2.5
v 8 5 -2.5
v 8.1 5 -2.5
v 8.1 5.1 -2.5
v 8.1 5.1 -2.6
v 8.1 5 -2.6
v 8 5 -2.6
v 8 5.1 -2.6
v 8.1 5.1 -2.5
v 8.1 5 -2.5
v 8.2 5 -2.5
v 8.2 5.1 -2.5
v 8.2 5.1 -2.6
v 8.2 5 -2.6
v 8.1 5 -2.6
v 8.1 5.1 -2.6
v 8.2 5.1 -2.5
v 8.2 5 -2.5
v 8.3 5 -2.5
v 8.3 5.1 -2.5
v 8.3 5.1 -2.6
v 8.3 5 -2.6
v 8.2 5 -2.6
v 8.2 5.1 -2.6
v 8.3 5.1 -2.5
v 8.3 5 -2.5
v 8.4 5 -2.5
v 8.4 5.1 -2.5
v 8.4 5.1 -2.6
v 8.4 5 -2.6
v 8.3 5 -2.6
v 8.3 5.1 -2.6
v 8.4 5.1 -2.5
v 8.4 5 -2.5
v 8.5 5 -2.5
v 8.5 5.1 -2.5
v 8.5 5.1 -2.6
v 8.5 5 -2.6
v 8.4 5 -2.6
v 8.4 5.1 -2.6
v 8.5 5.1 -2.5
v 8.5 5 -2.5
v 8.6 5 -2.5
v 8.6 5.1 -2.5
v 8.6 5.1 -2.6
v 8.6 5 -2.6
v 8.5 5 -2.6
v 8.5 5.1 -2.6
v 8.6 5.1 -2.5
v 8.6 5 -2.5
v 8.7 5 -2.5
v 8.7 5.1 -2.5
v 8.7 5.1 -2.6
v 8.7 5 -2.6
v 8.6 5 -2.6
v 8.6 5.1 -2.6
v 8.7 5.1 -2.5
v 8.7 5 -2.5
v 8.8 5 -2.5
v 8.8 5.1 -2.5
v 8.8 5.1 -2.6
v 8.8 5 -2.6
v 8.7 5 -2.6
v 8.7 5.1 -2.6
v 8.8 5.1 -2.5
v 8.8 5 -2.5
v 8.9 5 -2.5
v 8.9 5.1 -2.5
v 8.9 5.1 -2.6
v 8.9 5 -2.6
v 8.8 5 -2.6
v 8.8 5.1 -2.6
v 8.9 5.1 -2.5
v 8.9 5 -2.5
v 9 5 -2.5
v 9 5.1 -2.5
v 9 5.1 -2.6
v 9 5 -2.6
v 8.9 5 -2.6
v 8.9 5.1 -2.6
v 9 5.1 -2.5
v 9 5 -2.5
v 9.1 5 -2.5
v 9.1 5.1 -2.5
v 9.1 5.1 -2.6
v 9.1 5 -2.6
v 9 5 -2.6
v 9 5.1 -2.6
v 9.1 5.1 -2.5
v 9.1 5 -2.5
v 9.2 5 -2.5
v 9.2 5.1 -2.5
v 9.2 5.1 -2.6
v 9.2 5 -2.6
v 9.1 5 -2.6
v 9.1 5.1 -2.6
v 9.2 5.1 -2.5
v 9.2 5 -2.5
v 9.3 5 -2.5
v 9.3 5.1 -2.5
v 9.3 5.1 -2.6
v 9.3 5 -2.6
v 9.2 5 -2.6
v 9.2 5.1 -2.6
v 9.3 5.1 -2.5
v 9.3 5 -2.5
v 9.4 5 -2.5
v 9.4 5.1 -2.5
v 9.4 5.1 -2.6
v 9.4 5 -2.6
v 9.3 5 -2.6
v 9.3 5.1 -2.6
v 9.4 5.1 -2.5
v 9.4 5 -2.5
v 9.5 5 -2.5
v 9.5 5.1 -2.5
v 9.5 5.1 -2.6
v 9.5 5 -2.6
v 9.4 5 -2.6
v 9.4 5.1 -2.6
v 9.5 5 -2.5
v 9.5 5 -2.6
v 9.6 5 -2.6
v 9.6 5 -2.5
v 9.5 5.1 -2.5
v 9.5 5 -2.5
v 9.6 5 -2.5
v 9.6 5.1 -2.5
v 9.6 5.1 -2.6
v 9.6 5 -2.6
v 9.5 5 -2.6
v 9.5 5.1 -2.6
v 9.6 5 -2.5
v 9.6 5 -2.6
v 9.7 5 -2.6
v 9.7 5 -2.5
v 9.6 5.1 -2.5
v 9.6 5 -2.5
v 9.7 5 -2.5
v 9.7 5.1 -2.5
v 9.7 5.1 -2.6
v 9.7 5 -2.6
v 9.6 5 -2.6
v 9.6 5.1 -2.6
v 9.8 5.1 -2.5
v 9.8 5 -2.5
v 9.8 5 -2.6
v 9.8 5.1 -2.6
v 9.7 5 -2.5
v 9.7 5 -2.6
v 9.8 5 -2.6
v 9.8 5 -2.5
v 9.7 5.1 -2.5
v 9.7 5 -2.5
v 9.8 5 -2.5
v 9.8 5.1 -2.5
v 9.8 5.1 -2.6
v 9.8 5 -2.6
v 9.7 5 -2.6
v 9.7 5.1 -2.6
v 6.8 5 -2.6
v 6.8 4.9 -2.6
v 6.8 4.9 -2.5
v 6.8 5 -2.5
v 6.8 4.9 -2.5
v 6.8 4.9 -2.6
v 6.9 4.9 -2.6
v 6.9 4.9 -2.5
v 6.8 5 -2.5
v 6.8 4.9 -2.5
v 6.9 4.9 -2.5
v 6.9 5 -2.5
v 6.9 5 -2.6
v 6.9 4.9 -2.6
v 6.8 4.9 -2.6
v 6.8 5 -2.6
v 6.9 4.9 -2.5
v 6.9 4.9 -2.6
v 7 4.9 -2.6
v 7 4.9 -2.5
v 6.9 5 -2.5
v 6.9 4.9 -2.5
v 7 4.9 -2.5
v 7 5 -2.5
v 7 5 -2.6
v 7 4.9 -2.6
v 6.9 4.9 -2.6
v 6.9 5 -2.6
v 7 4.9 -2.5
v 7 4.9 -2.6
v 7.1 4.9 -2.6
v 7.1 4.9 -2.5
v 7 5 -2.5
v 7 4.9 -2.5
v 7.1 4.9 -2.5
v 7.1 5 -2.5
v 7.1 5 -2.6
v 7.1 4.9 -2.6
v 7 4.9 -2.6
v 7 5 -2.6
v 7.1 4.9 -2.5
v 7.1 4.9 -2.6
v 7.2 4.9 -2.6
v 7.2 4.9 -2.5
v 7.1 5 -2.5
v 7.1 4.9 -2.5
v 7.2 4.9 -2.5
v 7.2 5 -2.5
v 7.2 5 -2.6
v 7.2 4.9 -2.6
v 7.1 4.9 -2.6
v 7.1 5 -2.6
v 7.2 5 -2.5
v 7.2 4.9 -2.5
v 7.3 4.9 -2.5
v 7.3 5 -2.5
v 7.3 5 -2.6
v 7.3 4.9 -2.6
v 7.2 4.9 -2.6
v 7.2 5 -2.6
v 7.3 5 -2.5
v 7.3 4.9 -2.5
v 7.4 4.9 -2.5
v 7.4 5 -2.5
v 7.4 5 -2.6
v 7.4 4.9 -2.6
v 7.3 4.9 -2.6
v 7.3 5 -2.6
v 7.4 5 -2.5
v 7.4 4.9 -2.5
v 7.5 4.9 -2.5
v 7.5 5 -2.5
v 7.5 5 -2.6
v 7.5 4.9 -2.6
v 7.4 4.9 -2.6
v 7.4 5 -2.6
v 7.5 5 -2.5
v 7.5 4.9 -2.5
v 7.6 4.9 -2.5
v 7.6 5 -2.5
v 7.6 5 -2.6
v 7.6 4.9 -2.6
v 7.5 4.9 -2.6
v 7.5 5 -2.6
v 7.6 5 -2.5
v 7.6 4.9 -2.5
v 7.7 4.9 -2.5
v 7.7 5 -2.5
v 7.7 5 -2.6
v 7.7 4.9 -2.6
v 7.6 4.9 -2.6
v 7.6 5 -2.6
v 7.7 5 -2.5
v 7.7 4.9 -2.5
v 7.8 4.9 -2.5
v 7.8 5 -2.5
v 7.8 5 -2.6
v 7.8 4.9 -2.6
v 7.7 4.9 -2.6
v 7.7 5 -2.6
v 7.8 5 -2.5
v 7.8 4.9 -2.5
v 7.9 4.9 -2.5
v 7.9 5 -2.5
v 7.9 5 -2.6
v 7.9 4.9 -2.6
v 7.8 4.9 -2.6
v 7.8 5 -2.6
v 7.9 5 -2.5
v 7.9 4.9 -2.5
v 8 4.9 -2.5
v 8 5 -2.5
v 8 5 -2.6
v 8 4.9 -2.6
v 7.9 4.9 -2.6
v 7.9 5 -2.6
v 8 5 -2.5
v 8 4.9 -2.5
v 8.1 4.9 -2.5
v 8.1 5 -2.5
v 8.1 5 -2.6
v 8.1 4.9 -2.6
v 8 4.9 -2.6
v 8 5 -2.6
v 8.1 5 -2.5
v 8.1 4.9 -2.5
v 8.2 4.9 -2.5
v 8.2 5 -2.5
v 8.2 5 -2.6
v 8.2 4.9 -2.6
v 8.1 4.9 -2.6
v 8.1 5 -2.6
v 8.2 5 -2.5
v 8.2 4.9 -2.5
v 8.3 4.9 -2.5
v 8.3 5 -2.5
v 8.3 5 -2.6
v 8.3 4.9 -2.6
v 8.2 4.9 -2.6
v 8.2 5 -2.6
v 8.3 5 -2.5
v 8.3 4.9 -2.5
v 8.4 4.9 -2.5
v 8.4 5 -2.5
v 8.4 5 -2.6
v 8.4 4.9 -2.6
v 8.3 4.9 -2.6
v 8.3 5 -2.6
v 8.4 5 -2.5
v 8.4 4.9 -2.5
v 8.5 4.9 -2.5
v 8.5 5 -2.5
v 8.5 5 -2.6
v 8.5 4.9 -2.6
v 8.4 4.9 -2.6
v 8.4 5 -2.6
v 8.5 5 -2.5
v 8.5 4.9 -2.5
v 8.6 4.9 -2.5
v 8.6 5 -2.5
v 8.6 5 -2.6
v 8.6 4.9 -2.6
v 8.5 4.9 -2.6
v 8.5 5 -2.6
v 8.6 5 -2.5
v 8.6 4.9 -2.5
v 8.7 4.9 -2.5
v 8.7 5 -2.5
v 8.7 5 -2.6
v 8.7 4.9 -2.6
v 8.6 4.9 -2.6
v 8.6 5 -2.6
v 8.7 5 -2.5
v 8.7 4.9 -2.5
v 8.8 4.9 -2.5
v 8.8 5 -2.5
v 8.8 5 -2.6
v 8.8 4.9 -2.6
v 8.7 4.9 -2.6
v 8.7 5 -2.6
v 8.8 5 -2.5
v 8.8 4.9 -2.5
v 8.9 4.9 -2.5
v 8.9 5 -2.5
v 8.9 5 -2.6
v 8.9 4.9 -2.6
v 8.8 4.9 -2.6
v 8.8 5 -2.6
v 8.9 4.9 -2.5
v 8.9 4.9 -2.6
v 9 4.9 -2.6
v 9 4.9 -2.5
v 8.9 5 -2.5
v 8.9 4.9 -2.5
v 9 4.9 -2.5
v 9 5 -2.5
v 9 5 -2.6
v 9 4.9 -2.6
v 8.9 4.9 -2.6
v 8.9 5 -2.6
v 9 4.9 -2.5
v 9 4.9 -2.6
v 9.1 4.9 -2.6
v 9.1 4.9 -2.5
v 9 5 -2.5
v 9 4.9 -2.5
v 9.1 4.9 -2.5
v 9.1 5 -2.5
v 9.1 5 -2.6
v 9.1 4.9 -2.6
v 9 4.9 -2.6
v 9 5 -2.6
v 9.1 4.9 -2.5
v 9.1 4.9 -2.6
v 9.2 4.9 -2.6
v 9.2 4.9 -2.5
v 9.1 5 -2.5
v 9.1 4.9 -2.5
v 9.2 4.9 -2.5
v 9.2 5 -2.5
v 9.2 5 -2.6
v 9.2 4.9 -2.6
v 9.1 4.9 -2.6
v 9.1 5 -2.6
v 9.2 4.9 -2.5
v 9.2 4.9 -2.6
v 9.3 4.9 -2.6
v 9.3 4.9 -2.5
v 9.2 5 -2.5
v 9.2 4.9 -2.5
v 9.3 4.9 -2.5
v 9.3 5 -2.5
v 9.3 5 -2.6
v 9.3 4.9 -2.6
v 9.2 4.9 -2.6
v 9.2 5 -2.6
v 9.3 4.9 -2.5
v 9.3 4.9 -2.6
v 9.4 4.9 -2.6
v 9.4 4.9 -2.5
v 9.3 5 -2.5
v 9.3 4.9 -2.5
v 9.4 4.9 -2.5
v 9.4 5 -2.5
v 9.4 5 -2.6
v 9.4 4.9 -2.6
v 9.3 4.9 -2.6
v 9.3 5 -2.6
v 9.5 5 -2.5
v 9.5 4.9 -2.5
v 9.5 4.9 -2.6
v 9.5 5 -2.6
v 9.4 4.9 -2.5
v 9.4 4.9 -2.6
v 9.5 4.9 -2.6
v 9.5 4.9 -2.5
v 9.4 5 -2.5
v 9.4 4.9 -2.5
v 9.5 4.9 -2.5
v 9.5 5 -2.5
v 9.5 5 -2.6
v 9.5 4.9 -2.6
v 9.4 4.9 -2.6
v 9.4 5 -2.6
v 7.2 4.9 -2.6
v 7.2 4.8 -2.6
v 7.2 4.8 -2.5
v 7.2 4.9 -2.5
v 7.2 4.8 -2.5
v 7.2 4.8 -2.6
v 7.3 4.8 -2.6
v 7.3 4.8 -2.5
v 7.2 4.9 -2.5
v 7.2 4.8 -2.5
v 7.3 4.8 -2.5
v 7.3 4.9 -2.5
v 7.3 4.9 -2.6
v 7.3 4.8 -2.6
v 7.2 4.8 -2.6
v 7.2 4.9 -2.6
v 7.3 4.8 -2.5
v 7.3 4.8 -2.6
v 7.4 4.8 -2.6
v 7.4 4.8 -2.5
v 7.3 4.9 -2.5
v 7.3 4.8 -2.5
v 7.4 4.8 -2.5
v 7.4 4.9 -2.5
v 7.4 4.9 -2.6
v 7.4 4.8 -2.6
v 7.3 4.8 -2.6
v 7.3 4.9 -2.6
v 7.4 4.8 -2.5
v 7.4 4.8 -2.6
v 7.5 4.8 -2.6
v 7.5 4.8 -2.5
v 7.4 4.9 -2.5
v 7.4 4.8 -2.5
v 7.5 4.8 -2.5
v 7.5 4.9 -2.5
v 7.5 4.9 -2.6
v 7.5 4.8 -2.6
v 7.4 4.8 -2.6
v 7.4 4.9 -2.6
v 7.5 4.8 -2.5
v 7.5 4.8 -2.6
v 7.6 4.8 -2.6
v 7.6 4.8 -2.5
v 7.5 4.9 -2.5
v 7.5 4.8 -2.5
v 7.6 4.8 -2.5
v 7.6 4.9 -2.5
v 7.6 4.9 -2.6
v 7.6 4.8 -2.6
v 7.5 4.8 -2.6
v 7.5 4.9 -2.6
v 7.6 4.8 -2.5
v 7.6 4.8 -2.6
v 7.7 4.8 -2.6
v 7.7 4.8 -2.5
v 7.6 4.9 -2.5
v 7.6 4.8 -2.5
v 7.7 4.8 -2.5
v 7.7 4.9 -2.5
v 7.7 4.9 -2.6
v 7.7 4.8 -2.6
v 7.6 4.8 -2.6
v 7.6 4.9 -2.6
v 7.7 4.8 -2.5
v 7.7 4.8 -2.6
v 7.8 4.8 -2.6
v 7.8 4.8 -2.5
v 7.7 4.9 -2.5
v 7.7 4.8 -2.5
v 7.8 4.8 -2.5
v 7.8 4.9 -2.5
v 7.8 4.9 -2.6
v 7.8 4.8 -2.6
v 7.7 4.8 -2.6
v 7.7 4.9 -2.6
v 7.8 4.8 -2.5
v 7.8 4.8 -2.6
v 7.9 4.8 -2.6
v 7.9 4.8 -2.5
v 7.8 4.9 -2.5
v 7.8 4.8 -2.5
v 7.9 4.8 -2.5
v 7.9 4.9 -2.5
v 7.9 4.9 -2.6
v 7.9 4.8 -2.6
v 7.8 4.8 -2.6
v 7.8 4.9 -2.6
v 7.9 4.8 -2.5
v 7.9 4.8 -2.6
v 8 4.8 -2.6
v 8 4.8 -2.5
v 7.9 4.9 -2.5
v 7.9 4.8 -2.5
v 8 4.8 -2.5
v 8 4.9 -2.5
v 8 4.9 -2.6
v 8 4.8 -2.6
v 7.9 4.8 -2.6
v 7.9 4.9 -2.6
v 8 4.8 -2.5
v 8 4.8 -2.6
v 8.1 4.8 -2.6
v 8.1 4.8 -2.5
v 8 4.9 -2.5
v 8 4.8 -2.5
v 8.1 4.8 -2.5
v 8.1 4.9 -2.5
v 8.1 4.9 -2.6
v 8.1 4.8 -2.6
v 8 4.8 -2.6
v 8 4.9 -2.6
v 8.1 4.8 -2.5
v 8.1 4.8 -2.6
v 8.2 4.8 -2.6
v 8.2 4.8 -2.5
v 8.1 4.9 -2.5
v 8.1 4.8 -2.5
v 8.2 4.8 -2.5
v 8.2 4.9 -2.5
v 8.2 4.9 -2.6
v 8.2 4.8 -2.6
v 8.1 4.8 -2.6
v 8.1 4.9 -2.6
v 8.2 4.8 -2.5
v 8.2 4.8 -2.6
v 8.3 4.8 -2.6
v 8.3 4.8 -2.5
v 8.2 4.9 -2.5
v 8.2 4.8 -2.5
v 8.3 4.8 -2.5
v 8.3 4.9 -2.5
v 8.3 4.9 -2.6
v 8.3 4.8 -2.6
v 8.2 4.8 -2.6
v 8.2 4.9 -2.6
v 8.3 4.8 -2.5
v 8.3 4.8 -2.6
v 8.4 4.8 -2.6
v 8.4 4.8 -2.5
v 8.3 4.9 -2.5
v 8.3 4.8 -2.5
v 8.4 4.8 -2.5
v 8.4 4.9 -2.5
v 8.4 4.9 -2.6
v 8.4 4.8 -2.6
v 8.3 4.8 -2.6
v 8.3 4.9 -2.6
v 8.4 4.8 -2.5
v 8.4 4.8 -2.6
v 8.5 4.8 -2.6
v 8.5 4.8 -2.5
v 8.4 4.9 -2.5
v 8.4 4.8 -2.5
v 8.5 4.8 -2.5
v 8.5 4.9 -2.5
v 8.5 4.9 -2.6
v 8.5 4.8 -2.6
v 8.4 4.8 -2.6
v 8.4 4.9 -2.6
v 8.5 4.8 -2.5
v 8.5 4.8 -2.6
v 8.6 4.8 -2.6
v 8.6 4.8 -2.5
v 8.5 4.9 -2.5
v 8.5 4.8 -2.5
v 8.6 4.8 -2.5
v 8.6 4.9 -2.5
v 8.6 4.9 -2.6
v 8.6 4.8 -2.6
v 8.5 4.8 -2.6
v 8.5 4.9 -2.6
v 8.6 4.8 -2.5
v 8.6 4.8 -2.6
v 8.7 4.8 -2.6
v 8.7 4.8 -2.5
v 8.6 4.9 -2.5
v 8.6 4.8 -2.5
v 8.7 4.8 -2.5
v 8.7 4.9 -2.5
v 8.7 4.9 -2.6
v 8.7 4.8 -2.6
v 8.6 4.8 -2.6
v 8.6 4.9 -2.6
v 8.7 4.8 -2.5
v 8.7 4.8 -2.6
v 8.8 4.8 -2.6
v 8.8 4.8 -2.5
v 8.7 4.9 -2.5
v 8.7 4.8 -2.5
v 8.8 4.8 -2.5
v 8.8 4.9 -2.5
v 8.8 4.9 -2.6
v 8.8 4.8 -2.6
v 8.7 4.8 -2.6
v 8.7 4.9 -2.6
v 8.9 4.9 -2.5
v 8.9 4.8 -2.5
v 8.9 4.8 -2.6
v 8.9 4.9 -2.6
v 8.8 4.8 -2.5
v 8.8 4.8 -2.6
v 8.9 4.8 -2.6
v 8.9 4.8 -2.5
v 8.8 4.9 -2.5
v 8.8 4.8 -2.5
v 8.9 4.8 -2.5
v 8.9 4.9 -2.5
v 8.9 4.9 -2.6
v 8.9 4.8 -2.6
v 8.8 4.8 -2.6
v 8.8 4.9 -2.6

# faces
f 1/7/1 2/7/1 3/7/1 4/7/1
f 5/7/2 6/7/2 7/7/2 8/7/2
f 9/7/3 10/7/3 11/7/3 12/7/3
f 13/7/5 14/7/5 15/7/5 16/7/5
f 17/7/6 18/7/6 19/7/6 20/7/6
f 21/7/1 22/7/1 23/7/1 24/7/1
f 25/7/3 26/7/3 27/7/3 28/7/3
f 29/7/5 30/7/5 31/7/5 32/7/5
f 33/7/6 34/7/6 35/7/6 36/7/6
f 37/2/2 38/2/2 39/2/2 40/2/2
f 41/2/5 42/2/5 43/2/5 44/2/5
f 45/2/6 46/2/6 47/2/6 48/2/6
f 49/7/1 50/7/1 51/7/1 52/7/1
f 53/7/3 54/7/3 55/7/3 56/7/3
f 57/7/5 58/7/5 59/7/5 60/7/5
f 61/7/6 62/7/6 63/7/6 64/7/6
f 65/2/5 66/2/5 67/2/5 68/2/5
f 69/2/6 70/2/6 71/2/6 72/2/6
f 73/4/5 74/4/5 75/4/5 76/4/5
f 77/4/6 78/4/6 79/4/6 80/4/6
f 81/2/2 82/2/2 83/2/2 84/2/2
f 85/2/3 86/2/3 87/2/3 88/2/3
f 89/2/5 90/2/5 91/2/5 92/2/5
f 93/2/6 94/2/6 95/2/6 96/2/6
f 97/7/1 98/7/1 99/7/1 100/7/1
f 101/7/3 102/7/3 103/7/3 104/7/3
f 105/7/5 106/7/5 107/7/5 108/7/5
f 109/7/6 110/7/6 111/7/6 112/7/6
f 113/2/5 114/2/5 115/2/5 116/2/5
f 117/2/6 118/2/6 119/2/6 120/2/6
f 121/4/5 122/4/5 123/4/5 124/4/5
f 125/4/6 126/4/6 127/4/6 128/4/6
f 129/6/5 130/6/5 131/6/5 132/6/5
f 133/6/6 134/6/6 135/6/6 136/6/6
f 137/4/2 138/4/2 139/4/2 140/4/2
f 141/4/5 142/4/5 143/4/5 144/4/5
f 145/4/6 146/4/6 147/4/6 148/4/6
f 149/2/1 150/2/1 151/2/1 152/2/1
f 153/2/5 154/2/5 155/2/5 156/2/5
f 157/2/6 158/2/6 159/2/6 160/2/6
f 161/4/5 162/4/5 163/4/5 164/4/5
f 165/4/6 166/4/6 167/4/6 168/4/6
f 169/6/5 170/6/5 171/6/5 172/6/5
f 173/6/6 174/6/6 175/6/6 176/6/6
f 177/5/5 178/5/5 179/5/5 180/5/5
f 181/5/6 182/5/6 183/5/6 184/5/6
f 185/6/5 186/6/5 187/6/5 188/6/5
f 189/6/6 190/6/6 191/6/6 192/6/6
f 193/4/2 194/4/2 195/4/2 196/4/2
f 197/4/3 198/4/3 199/4/3 200/4/3
f 201/4/5 202/4/5 203/4/5 204/4/5
f 205/4/6 206/4/6 207/4/6 208/4/6
f 209/4/1 210/4/1 211/4/1 212/4/1
f 213/4/5 214/4/5 215/4/5 216/4/5
f 217/4/6 218/4/6 219/4/6 220/4/6
f 221/6/5 222/6/5 223/6/5 224/6/5
f 225/6/6 226/6/6 227/6/6 228/6/6
f 229/5/5 230/5/5 231/5/5 232/5/5
f 233/5/6 234/5/6 235/5/6 236/5/6
f 237/8/5 238/8/5 239/8/5 240/8/5
f 241/8/6 242/8/6 243/8/6 244/8/6
f 245/5/5 246/5/5 247/5/5 248/5/5
f 249/5/6 250/5/6 251/5/6 252/5/6
f 253/6/2 254/6/2 255/6/2 256/6/2
f 257/6/5 258/6/5 259/6/5 260/6/5
f 261/6/6 262/6/6 263/6/6 264/6/6
f 265/6/1 266/6/1 267/6/1 268/6/1
f 269/6/5 270/6/5 271/6/5 272/6/5
f 273/6/6 274/6/6 275/6/6 276/6/6
f 277/5/5 278/5/5 279/5/5 280/5/5
f 281/5/6 282/5/6 283/5/6 284/5/6
f 285/8/5 286/8/5 287/8/5 288/8/5
f 289/8/6 290/8/6 291/8/6 292/8/6
f 293/10/5 294/10/5 295/10/5 296/10/5
f 297/10/6 298/10/6 299/10/6 300/10/6
f 301/8/5 302/8/5 303/8/5 304/8/5
f 305/8/6 306/8/6 307/8/6 308/8/6
f 309/5/5 310/5/5 311/5/5 312/5/5
f 313/5/6 314/5/6 315/5/6 316/5/6
f 317/6/2 318/6/2 319/6/2 320/6/2
f 321/6/3 322/6/3 323/6/3 324/6/3
f 325/6/5 326/6/5 327/6/5 328/6/5
f 329/6/6 330/6/6 331/6/6 332/6/6
f 333/6/1 334/6/1 335/6/1 336/6/1
f 337/6/5 338/6/5 339/6/5 340/6/5
f 341/6/6 342/6/6 343/6/6 344/6/6
f 345/5/5 346/5/5 347/5/5 348/5/5
f 349/5/6 350/5/6 351/5/6 352/5/6
f 353/8/5 354/8/5 355/8/5 356/8/5
f 357/8/6 358/8/6 359/8/6 360/8/6
f 361/10/5 362/10/5 363/10/5 364/10/5
f 365/10/6 366/10/6 367/10/6 368/10/6
f 369/10/5 370/10/5 371/10/5 372/10/5
f 373/10/6 374/10/6 375/10/6 376/10/6
f 377/8/5 378/8/5 379/8/5 380/8/5
f 381/8/6 382/8/6 383/8/6 384/8/6
f 385/5/2 386/5/2 387/5/2 388/5/2
f 389/5/5 390/5/5 391/5/5 392/5/5
f 393/5/6 394/5/6 395/5/6 396/5/6
f 397/4/1 398/4/1 399/4/1 400/4/1
f 401/4/4 402/4/4 403/4/4 404/4/4
f 405/4/5 406/4/5 407/4/5 408/4/5
f 409/4/6 410/4/6 411/4/6 412/4/6
f 413/5/5 414/5/5 415/5/5 416/5/5
f 417/5/6 418/5/6 419/5/6 420/5/6
f 421/8/5 422/8/5 423/8/5 424/8/5
f 425/8/6 426/8/6 427/8/6 428/8/6
f 429/10/5 430/10/5 431/10/5 432/10/5
f 433/10/6 434/10/6 435/10/6 436/10/6
f 437/1/5 438/1/5 439/1/5 440/1/5
f 441/1/6 442/1/6 443/1/6 444/1/6
f 445/10/5 446/10/5 447/10/5 448/10/5
f 449/10/6 450/10/6 451/10/6 452/10/6
f 453/8/5 454/8/5 455/8/5 456/8/5
f 457/8/6 458/8/6 459/8/6 460/8/6
f 461/6/2 462/6/2 463/6/2 464/6/2
f 465/6/3 466/6/3 467/6/3 468/6/3
f 469/6/5 470/6/5 471/6/5 472/6/5
f 473/6/6 474/6/6 475/6/6 476/6/6
f 477/9/1 478/9/1 479/9/1 480/9/1
f 481/9/3 482/9/3 483/9/3 484/9/3
f 485/9/5 486/9/5 487/9/5 488/9/5
f 489/9/6 490/9/6 491/9/6 492/9/6
f 493/9/3 494/9/3 495/9/3 496/9/3
f 497/9/5 498/9/5 499/9/5 500/9/5
f 501/9/6 502/9/6 503/9/6 504/9/6
f 505/9/3 506/9/3 507/9/3 508/9/3
f 509/9/5 510/9/5 511/9/5 512/9/5
f 513/9/6 514/9/6 515/9/6 516/9/6
f 517/9/2 518/9/2 519/9/2 520/9/2
f 521/9/3 522/9/3 523/9/3 524/9/3
f 525/9/5 526/9/5 527/9/5 528/9/5
f 529/9/6 530/9/6 531/9/6 532/9/6
f 533/5/1 534/5/1 535/5/1 536/5/1
f 537/5/5 538/5/5 539/5/5 540/5/5
f 541/5/6 542/5/6 543/5/6 544/5/6
f 545/8/5 546/8/5 547/8/5 548/8/5
f 549/8/6 550/8/6 551/8/6 552/8/6
f 553/10/5 554/10/5 555/10/5 556/10/5
f 557/10/6 558/10/6 559/10/6 560/10/6
f 561/1/5 562/1/5 563/1/5 564/1/5
f 565/1/6 566/1/6 567/1/6 568/1/6
f 569/10/5 570/10/5 571/10/5 572/10/5
f 573/10/6 574/10/6 575/10/6 576/10/6
f 577/8/5 578/8/5 579/8/5 580/8/5
f 581/8/6 582/8/6 583/8/6 584/8/6
f 585/5/5 586/5/5 587/5/5 588/5/5
f 589/5/6 590/5/6 591/5/6 592/5/6
f 593/6/2 594/6/2 595/6/2 596/6/2
f 597/6/3 598/6/3 599/6/3 600/6/3
f 601/6/5 602/6/5 603/6/5 604/6/5
f 605/6/6 606/6/6 607/6/6 608/6/6
f 609/9/1 610/9/1 611/9/1 612/9/1
f 613/9/3 614/9/3 615/9/3 616/9/3
f 617/9/5 618/9/5 619/9/5 620/9/5
f 621/9/6 622/9/6 623/9/6 624/9/6
f 625/9/3 626/9/3 627/9/3 628/9/3
f 629/9/5 630/9/5 631/9/5 632/9/5
f 633/9/6 634/9/6 635/9/6 636/9/6
f 637/9/5 638/9/5 639/9/5 640/9/5
f 641/9/6 642/9/6 643/9/6 644/9/6
f 645/9/5 646/9/5 647/9/5 648/9/5
f 649/9/6 650/9/6 651/9/6 652/9/6
f 653/9/5 654/9/5 655/9/5 656/9/5
f 657/9/6 658/9/6 659/9/6 660/9/6
f 661/9/4 662/9/4 663/9/4 664/9/4
f 665/9/5 666/9/5 667/9/5 668/9/5
f 669/9/6 670/9/6 671/9/6 672/9/6
f 673/9/2 674/9/2 675/9/2 676/9/2
f 677/9/3 678/9/3 679/9/3 680/9/3
f 681/9/4 682/9/4 683/9/4 684/9/4
f 685/9/5 686/9/5 687/9/5 688/9/5
f 689/9/6 690/9/6 691/9/6 692/9/6
f 693/5/1 694/5/1 695/5/1 696/5/1
f 697/5/5 698/5/5 699/5/5 700/5/5
f 701/5/6 702/5/6 703/5/6 704/5/6
f 705/8/5 706/8/5 707/8/5 708/8/5
f 709/8/6 710/8/6 711/8/6 712/8/6
f 713/10/5 714/10/5 715/10/5 716/10/5
f 717/10/6 718/10/6 719/10/6 720/10/6
f 721/1/5 722/1/5 723/1/5 724/1/5
f 725/1/6 726/1/6 727/1/6 728/1/6
f 729/1/5 730/1/5 731/1/5 732/1/5
f 733/1/6 734/1/6 735/1/6 736/1/6
f 737/10/5 738/10/5 739/10/5 740/10/5
f 741/10/6 742/10/6 743/10/6 744/10/6
f 745/8/5 746/8/5 747/8/5 748/8/5
f 749/8/6 750/8/6 751/8/6 752/8/6
f 753/5/2 754/5/2 755/5/2 756/5/2
f 757/5/5 758/5/5 759/5/5 760/5/5
f 761/5/6 762/5/6 763/5/6 764/5/6
f 765/9/1 766/9/1 767/9/1 768/9/1
f 769/9/3 770/9/3 771/9/3 772/9/3
f 773/9/5 774/9/5 775/9/5 776/9/5
f 777/9/6 778/9/6 779/9/6 780/9/6
f 781/9/3 782/9/3 783/9/3 784/9/3
f 785/9/5 786/9/5 787/9/5 788/9/5
f 789/9/6 790/9/6 791/9/6 792/9/6
f 793/9/5 794/9/5 795/9/5 796/9/5
f 797/9/6 798/9/6 799/9/6 800/9/6
f 801/9/5 802/9/5 803/9/5 804/9/5
f 805/9/6 806/9/6 807/9/6 808/9/6
f 809/9/5 810/9/5 811/9/5 812/9/5
f 813/9/6 814/9/6 815/9/6 816/9/6
f 817/9/4 818/9/4 819/9/4 820/9/4
f 821/9/5 822/9/5 823/9/5 824/9/5
f 825/9/6 826/9/6 827/9/6 828/9/6
f 829/9/2 830/9/2 831/9/2 832/9/2
f 833/9/4 834/9/4 835/9/4 836/9/4
f 837/9/5 838/9/5 839/9/5 840/9/5
f 841/9/6 842/9/6 843/9/6 844/9/6
f 845/5/1 846/5/1 847/5/1 848/5/1
f 849/5/5 850/5/5 851/5/5 852/5/5
f 853/5/6 854/5/6 855/5/6 856/5/6
f 857/8/5 858/8/5 859/8/5 860/8/5
f 861/8/6 862/8/6 863/8/6 864/8/6
f 865/10/5 866/10/5 867/10/5 868/10/5
f 869/10/6 870/10/6 871/10/6 872/10/6
f 873/1/5 874/1/5 875/1/5 876/1/5
f 877/1/6 878/1/6 879/1/6 880/1/6
f 881/3/5 882/3/5 883/3/5 884/3/5
f 885/3/6 886/3/6 887/3/6 888/3/6
f 889/1/5 890/1/5 891/1/5 892/1/5
f 893/1/6 894/1/6 895/1/6 896/1/6
f 897/10/5 898/10/5 899/10/5 900/10/5
f 901/10/6 902/10/6 903/10/6 904/10/6
f 905/8/5 906/8/5 907/8/5 908/8/5
f 909/8/6 910/8/6 911/8/6 912/8/6
f 913/5/2 914/5/2 915/5/2 916/5/2
f 917/5/3 918/5/3 919/5/3 920/5/3
f 921/5/5 922/5/5 923/5/5 924/5/5
f 925/5/6 926/5/6 927/5/6 928/5/6
f 929/9/1 930/9/1 931/9/1 932/9/1
f 933/9/3 934/9/3 935/9/3 936/9/3
f 937/9/5 938/9/5 939/9/5 940/9/5
f 941/9/6 942/9/6 943/9/6 944/9/6
f 945/9/3 946/9/3 947/9/3 948/9/3
f 949/9/5 950/9/5 951/9/5 952/9/5
f 953/9/6 954/9/6 955/9/6 956/9/6
f 957/9/3 958/9/3 959/9/3 960/9/3
f 961/9/5 962/9/5 963/9/5 964/9/5
f 965/9/6 966/9/6 967/9/6 968/9/6
f 969/9/5 970/9/5 971/9/5 972/9/5
f 973/9/6 974/9/6 975/9/6 976/9/6
f 977/9/5 978/9/5 979/9/5 980/9/5
f 981/9/6 982/9/6 983/9/6 984/9/6
f 985/9/5 986/9/5 987/9/5 988/9/5
f 989/9/6 990/9/6 991/9/6 992/9/6
f 993/9/4 994/9/4 995/9/4 996/9/4
f 997/9/5 998/9/5 999/9/5 1000/9/5
f 1001/9/6 1002/9/6 1003/9/6 1004/9/6
f 1005/9/2 1006/9/2 1007/9/2 1008/9/2
f 1009/9/4 1010/9/4 1011/9/4 1012/9/4
f 1013/9/5 1014/9/5 1015/9/5 1016/9/5
f 1017/9/6 1018/9/6 1019/9/6 1020/9/6
f 1021/6/1 1022/6/1 1023/6/1 1024/6/1
f 1025/6/5 1026/6/5 1027/6/5 1028/6/5
f 1029/6/6 1030/6/6 1031/6/6 1032/6/6
f 1033/8/5 1034/8/5 1035/8/5 1036/8/5
f 1037/8/6 1038/8/6 1039/8/6 1040/8/6
f 1041/10/5 1042/10/5 1043/10/5 1044/10/5
f 1045/10/6 1046/10/6 1047/10/6 1048/10/6
f 1049/1/5 1050/1/5 1051/1/5 1052/1/5
f 1053/1/6 1054/1/6 1055/1/6 1056/1/6
f 1057/3/5 1058/3/5 1059/3/5 1060/3/5
f 1061/3/6 1062/3/6 1063/3/6 1064/3/6
f 1065/3/5 1066/3/5 1067/3/5 1068/3/5
f 1069/3/6 1070/3/6 1071/3/6 1072/3/6
f 1073/1/5 1074/1/5 1075/1/5 1076/1/5
f 1077/1/6 1078/1/6 1079/1/6 1080/1/6
f 1081/10/5 1082/10/5 1083/10/5 1084/10/5
f 1085/10/6 1086/10/6 1087/10/6 1088/10/6
f 1089/8/5 1090/8/5 1091/8/5 1092/8/5
f 1093/8/6 1094/8/6 1095/8/6 1096/8/6
f 1097/5/2 1098/5/2 1099/5/2 1100/5/2
f 1101/5/3 1102/5/3 1103/5/3 1104/5/3
f 1105/5/5 1106/5/5 1107/5/5 1108/5/5
f 1109/5/6 1110/5/6 1111/5/6 1112/5/6
f 1113/9/1 1114/9/1 1115/9/1 1116/9/1
f 1117/9/3 1118/9/3 1119/9/3 1120/9/3
f 1121/9/5 1122/9/5 1123/9/5 1124/9/5
f 1125/9/6 1126/9/6 1127/9/6 1128/9/6
f 1129/9/5 1130/9/5 1131/9/5 1132/9/5
f 1133/9/6 1134/9/6 1135/9/6 1136/9/6
f 1137/9/5 1138/9/5 1139/9/5 1140/9/5
f 1141/9/6 1142/9/6 1143/9/6 1144/9/6
f 1145/9/5 1146/9/5 1147/9/5 1148/9/5
f 1149/9/6 1150/9/6 1151/9/6 1152/9/6
f 1153/9/5 1154/9/5 1155/9/5 1156/9/5
f 1157/9/6 1158/9/6 1159/9/6 1160/9/6
f 1161/9/4 1162/9/4 1163/9/4 1164/9/4
f 1165/9/5 1166/9/5 1167/9/5 1168/9/5
f 1169/9/6 1170/9/6 1171/9/6 1172/9/6
f 1173/9/2 1174/9/2 1175/9/2 1176/9/2
f 1177/9/4 1178/9/4 1179/9/4 1180/9/4
f 1181/9/5 1182/9/5 1183/9/5 1184/9/5
f 1185/9/6 1186/9/6 1187/9/6 1188/9/6
f 1189/9/1 1190/9/1 1191/9/1 1192/9/1
f 1193/9/2 1194/9/2 1195/9/2 1196/9/2
f 1197/9/3 1198/9/3 1199/9/3 1200/9/3
f 1201/9/5 1202/9/5 1203/9/5 1204/9/5
f 1205/9/6 1206/9/6 1207/9/6 1208/9/6
f 1209/4/1 1210/4/1 1211/4/1 1212/4/1
f 1213/4/4 1214/4/4 1215/4/4 1216/4/4
f 1217/4/5 1218/4/5 1219/4/5 1220/4/5
f 1221/4/6 1222/4/6 1223/4/6 1224/4/6
f 1225/8/5 1226/8/5 1227/8/5 1228/8/5
f 1229/8/6 1230/8/6 1231/8/6 1232/8/6
f 1233/10/5 1234/10/5 1235/10/5 1236/10/5
f 1237/10/6 1238/10/6 1239/10/6 1240/10/6
f 1241/1/5 1242/1/5 1243/1/5 1244/1/5
f 1245/1/6 1246/1/6 1247/1/6 1248/1/6
f 1249/3/5 1250/3/5 1251/3/5 1252/3/5
f 1253/3/6 1254/3/6 1255/3/6 1256/3/6
f 1257/3/5 1258/3/5 1259/3/5 1260/3/5
f 1261/3/6 1262/3/6 1263/3/6 1264/3/6
f 1265/3/5 1266/3/5 1267/3/5 1268/3/5
f 1269/3/6 1270/3/6 1271/3/6 1272/3/6
f 1273/1/5 1274/1/5 1275/1/5 1276/1/5
f 1277/1/6 1278/1/6 1279/1/6 1280/1/6
f 1281/10/5 1282/10/5 1283/10/5 1284/10/5
f 1285/10/6 1286/10/6 1287/10/6 1288/10/6
f 1289/8/5 1290/8/5 1291/8/5 1292/8/5
f 1293/8/6 1294/8/6 1295/8/6 1296/8/6
f 1297/5/2 1298/5/2 1299/5/2 1300/5/2
f 1301/5/3 1302/5/3 1303/5/3 1304/5/3
f 1305/5/5 1306/5/5 1307/5/5 1308/5/5
f 1309/5/6 1310/5/6 1311/5/6 1312/5/6
f 1313/9/1 1314/9/1 1315/9/1 1316/9/1
f 1317/9/3 1318/9/3 1319/9/3 1320/9/3
f 1321/9/5 1322/9/5 1323/9/5 1324/9/5
f 1325/9/6 1326/9/6 1327/9/6 1328/9/6
f 1329/9/5 1330/9/5 1331/9/5 1332/9/5
f 1333/9/6 1334/9/6 1335/9/6 1336/9/6
f 1337/9/5 1338/9/5 1339/9/5 1340/9/5
f 1341/9/6 1342/9/6 1343/9/6 1344/9/6
f 1345/9/5 1346/9/5 1347/9/5 1348/9/5
f 1349/9/6 1350/9/6 1351/9/6 1352/9/6
f 1353/9/4 1354/9/4 1355/9/4 1356/9/4
f 1357/9/5 1358/9/5 1359/9/5 1360/9/5
f 1361/9/6 1362/9/6 1363/9/6 1364/9/6
f 1365/9/2 1366/9/2 1367/9/2 1368/9/2
f 1369/9/4 1370/9/4 1371/9/4 1372/9/4
f 1373/9/5 1374/9/5 1375/9/5 1376/9/5
f 1377/9/6 1378/9/6 1379/9/6 1380/9/6
f 1381/3/1 1382/3/1 1383/3/1 1384/3/1
f 1385/3/3 1386/3/3 1387/3/3 1388/3/3
f 1389/3/5 1390/3/5 1391/3/5 1392/3/5
f 1393/3/6 1394/3/6 1395/3/6 1396/3/6
f 1397/3/3 1398/3/3 1399/3/3 1400/3/3
f 1401/3/5 1402/3/5 1403/3/5 1404/3/5
f 1405/3/6 1406/3/6 1407/3/6 1408/3/6
f 1409/3/2 1410/3/2 1411/3/2 1412/3/2
f 1413/3/3 1414/3/3 1415/3/3 1416/3/3
f 1417/3/5 1418/3/5 1419/3/5 1420/3/5
f 1421/3/6 1422/3/6 1423/3/6 1424/3/6
f 1425/9/1 1426/9/1 1427/9/1 1428/9/1
f 1429/9/2 1430/9/2 1431/9/2 1432/9/2
f 1433/9/4 1434/9/4 1435/9/4 1436/9/4
f 1437/9/5 1438/9/5 1439/9/5 1440/9/5
f 1441/9/6 1442/9/6 1443/9/6 1444/9/6
f 1445/8/1 1446/8/1 1447/8/1 1448/8/1
f 1449/8/5 1450/8/5 1451/8/5 1452/8/5
f 1453/8/6 1454/8/6 1455/8/6 1456/8/6
f 1457/10/5 1458/10/5 1459/10/5 1460/10/5
f 1461/10/6 1462/10/6 1463/10/6 1464/10/6
f 1465/1/5 1466/1/5 1467/1/5 1468/1/5
f 1469/1/6 1470/1/6 1471/1/6 1472/1/6
f 1473/3/5 1474/3/5 1475/3/5 1476/3/5
f 1477/3/6 1478/3/6 1479/3/6 1480/3/6
f 1481/3/5 1482/3/5 1483/3/5 1484/3/5
f 1485/3/6 1486/3/6 1487/3/6 1488/3/6
f 1489/3/5 1490/3/5 1491/3/5 1492/3/5
f 1493/3/6 1494/3/6 1495/3/6 1496/3/6
f 1497/3/5 1498/3/5 1499/3/5 1500/3/5
f 1501/3/6 1502/3/6 1503/3/6 1504/3/6
f 1505/1/5 1506/1/5 1507/1/5 1508/1/5
f 1509/1/6 1510/1/6 1511/1/6 1512/1/6
f 1513/10/5 1514/10/5 1515/10/5 1516/10/5
f 1517/10/6 1518/10/6 1519/10/6 1520/10/6
f 1521/8/5 1522/8/5 1523/8/5 1524/8/5
f 1525/8/6 1526/8/6 1527/8/6 1528/8/6
f 1529/5/2 1530/5/2 1531/5/2 1532/5/2
f 1533/5/3 1534/5/3 1535/5/3 1536/5/3
f 1537/5/5 1538/5/5 1539/5/5 1540/5/5
f 1541/5/6 1542/5/6 1543/5/6 1544/5/6
f 1545/9/1 1546/9/1 1547/9/1 1548/9/1
f 1549/9/3 1550/9/3 1551/9/3 1552/9/3
f 1553/9/5 1554/9/5 1555/9/5 1556/9/5
f 1557/9/6 1558/9/6 1559/9/6 1560/9/6
f 1561/9/5 1562/9/5 1563/9/5 1564/9/5
f 1565/9/6 1566/9/6 1567/9/6 1568/9/6
f 1569/9/5 1570/9/5 1571/9/5 1572/9/5
f 1573/9/6 1574/9/6 1575/9/6 1576/9/6
f 1577/9/4 1578/9/4 1579/9/4 1580/9/4
f 1581/9/5 1582/9/5 1583/9/5 1584/9/5
f 1585/9/6 1586/9/6 1587/9/6 1588/9/6
f 1589/9/2 1590/9/2 1591/9/2 1592/9/2
f 1593/9/4 1594/9/4 1595/9/4 1596/9/4
f 1597/9/5 1598/9/5 1599/9/5 1600/9/5
f 1601/9/6 1602/9/6 1603/9/6 1604/9/6
f 1605/3/1 1606/3/1 1607/3/1 1608/3/1
f 1609/3/5 1610/3/5 1611/3/5 1612/3/5
f 1613/3/6 1614/3/6 1615/3/6 1616/3/6
f 1617/3/5 1618/3/5 1619/3/5 1620/3/5
f 1621/3/6 1622/3/6 1623/3/6 1624/3/6
f 1625/3/5 1626/3/5 1627/3/5 1628/3/5
f 1629/3/6 1630/3/6 1631/3/6 1632/3/6
f 1633/3/2 1634/3/2 1635/3/2 1636/3/2
f 1637/3/3 1638/3/3 1639/3/3 1640/3/3
f 1641/3/5 1642/3/5 1643/3/5 1644/3/5
f 1645/3/6 1646/3/6 1647/3/6 1648/3/6
f 1649/9/1 1650/9/1 1651/9/1 1652/9/1
f 1653/9/2 1654/9/2 1655/9/2 1656/9/2
f 1657/9/3 1658/9/3 1659/9/3 1660/9/3
f 1661/9/5 1662/9/5 1663/9/5 1664/9/5
f 1665/9/6 1666/9/6 1667/9/6 1668/9/6
f 1669/5/1 1670/5/1 1671/5/1 1672/5/1
f 1673/5/4 1674/5/4 1675/5/4 1676/5/4
f 1677/5/5 1678/5/5 1679/5/5 1680/5/5
f 1681/5/6 1682/5/6 1683/5/6 1684/5/6
f 1685/10/5 1686/10/5 1687/10/5 1688/10/5
f 1689/10/6 1690/10/6 1691/10/6 1692/10/6
f 1693/1/5 1694/1/5 1695/1/5 1696/1/5
f 1697/1/6 1698/1/6 1699/1/6 1700/1/6
f 1701/3/5 1702/3/5 1703/3/5 1704/3/5
f 1705/3/6 1706/3/6 1707/3/6 1708/3/6
f 1709/3/5 1710/3/5 1711/3/5 1712/3/5
f 1713/3/6 1714/3/6 1715/3/6 1716/3/6
f 1717/3/5 1718/3/5 1719/3/5 1720/3/5
f 1721/3/6 1722/3/6 1723/3/6 1724/3/6
f 1725/3/5 1726/3/5 1727/3/5 1728/3/5
f 1729/3/6 1730/3/6 1731/3/6 1732/3/6
f 1733/3/5 1734/3/5 1735/3/5 1736/3/5
f 1737/3/6 1738/3/6 1739/3/6 1740/3/6
f 1741/1/5 1742/1/5 1743/1/5 1744/1/5
f 1745/1/6 1746/1/6 1747/1/6 1748/1/6
f 1749/10/5 1750/10/5 1751/10/5 1752/10/5
f 1753/10/6 1754/10/6 1755/10/6 1756/10/6
f 1757/10/5 1758/10/5 1759/10/5 1760/10/5
f 1761/10/6 1762/10/6 1763/10/6 1764/10/6
f 1765/8/2 1766/8/2 1767/8/2 1768/8/2
f 1769/8/3 1770/8/3 1771/8/3 1772/8/3
f 1773/8/5 1774/8/5 1775/8/5 1776/8/5
f 1777/8/6 1778/8/6 1779/8/6 1780/8/6
f 1781/9/1 1782/9/1 1783/9/1 1784/9/1
f 1785/9/3 1786/9/3 1787/9/3 1788/9/3
f 1789/9/5 1790/9/5 1791/9/5 1792/9/5
f 1793/9/6 1794/9/6 1795/9/6 1796/9/6
f 1797/9/5 1798/9/5 1799/9/5 1800/9/5
f 1801/9/6 1802/9/6 1803/9/6 1804/9/6
f 1805/9/5 1806/9/5 1807/9/5 1808/9/5
f 1809/9/6 1810/9/6 1811/9/6 1812/9/6
f 1813/9/2 1814/9/2 1815/9/2 1816/9/2
f 1817/9/4 1818/9/4 1819/9/4 1820/9/4
f 1821/9/5 1822/9/5 1823/9/5 1824/9/5
f 1825/9/6 1826/9/6 1827/9/6 1828/9/6
f 1829/3/1 1830/3/1 1831/3/1 1832/3/1
f 1833/3/3 1834/3/3 1835/3/3 1836/3/3
f 1837/3/5 1838/3/5 1839/3/5 1840/3/5
f 1841/3/6 1842/3/6 1843/3/6 1844/3/6
f 1845/3/5 1846/3/5 1847/3/5 1848/3/5
f 1849/3/6 1850/3/6 1851/3/6 1852/3/6
f 1853/3/5 1854/3/5 1855/3/5 1856/3/5
f 1857/3/6 1858/3/6 1859/3/6 1860/3/6
f 1861/3/5 1862/3/5 1863/3/5 1864/3/5
f 1865/3/6 1866/3/6 1867/3/6 1868/3/6
f 1869/3/5 1870/3/5 1871/3/5 1872/3/5
f 1873/3/6 1874/3/6 1875/3/6 1876/3/6
f 1877/3/2 1878/3/2 1879/3/2 1880/3/2
f 1881/3/3 1882/3/3 1883/3/3 1884/3/3
f 1885/3/5 1886/3/5 1887/3/5 1888/3/5
f 1889/3/6 1890/3/6 1891/3/6 1892/3/6
f 1893/9/1 1894/9/1 1895/9/1 1896/9/1
f 1897/9/3 1898/9/3 1899/9/3 1900/9/3
f 1901/9/5 1902/9/5 1903/9/5 1904/9/5
f 1905/9/6 1906/9/6 1907/9/6 1908/9/6
f 1909/9/2 1910/9/2 1911/9/2 1912/9/2
f 1913/9/5 1914/9/5 1915/9/5 1916/9/5
f 1917/9/6 1918/9/6 1919/9/6 1920/9/6
f 1921/8/1 1922/8/1 1923/8/1 1924/8/1
f 1925/8/5 1926/8/5 1927/8/5 1928/8/5
f 1929/8/6 1930/8/6 1931/8/6 1932/8/6
f 1933/10/5 1934/10/5 1935/10/5 1936/10/5
f 1937/10/6 1938/10/6 1939/10/6 1940/10/6
f 1941/1/5 1942/1/5 1943/1/5 1944/1/5
f 1945/1/6 1946/1/6 1947/1/6 1948/1/6
f 1949/3/5 1950/3/5 1951/3/5 1952/3/5
f 1953/3/6 1954/3/6 1955/3/6 1956/3/6
f 1957/3/5 1958/3/5 1959/3/5 1960/3/5
f 1961/3/6 1962/3/6 1963/3/6 1964/3/6
f 1965/3/5 1966/3/5 1967/3/5 1968/3/5
f 1969/3/6 1970/3/6 1971/3/6 1972/3/6
f 1973/3/5 1974/3/5 1975/3/5 1976/3/5
f 1977/3/6 1978/3/6 1979/3/6 1980/3/6
f 1981/3/5 1982/3/5 1983/3/5 1984/3/5
f 1985/3/6 1986/3/6 1987/3/6 1988/3/6
f 1989/1/5 1990/1/5 1991/1/5 1992/1/5
f 1993/1/6 1994/1/6 1995/1/6 1996/1/6
f 1997/1/5 1998/1/5 1999/1/5 2000/1/5
f 2001/1/6 2002/1/6 2003/1/6 2004/1/6
f 2005/10/5 2006/10/5 2007/10/5 2008/10/5
f 2009/10/6 2010/10/6 2011/10/6 2012/10/6
f 2013/8/2 2014/8/2 2015/8/2 2016/8/2
f 2017/8/3 2018/8/3 2019/8/3 2020/8/3
f 2021/8/5 2022/8/5 2023/8/5 2024/8/5
f 2025/8/6 2026/8/6 2027/8/6 2028/8/6
f 2029/9/1 2030/9/1 2031/9/1 2032/9/1
f 2033/9/5 2034/9/5 2035/9/5 2036/9/5
f 2037/9/6 2038/9/6 2039/9/6 2040/9/6
f 2041/9/4 2042/9/4 2043/9/4 2044/9/4
f 2045/9/5 2046/9/5 2047/9/5 2048/9/5
f 2049/9/6 2050/9/6 2051/9/6 2052/9/6
f 2053/9/2 2054/9/2 2055/9/2 2056/9/2
f 2057/9/4 2058/9/4 2059/9/4 2060/9/4
f 2061/9/5 2062/9/5 2063/9/5 2064/9/5
f 2065/9/6 2066/9/6 2067/9/6 2068/9/6
f 2069/3/1 2070/3/1 2071/3/1 2072/3/1
f 2073/3/3 2074/3/3 2075/3/3 2076/3/3
f 2077/3/5 2078/3/5 2079/3/5 2080/3/5
f 2081/3/6 2082/3/6 2083/3/6 2084/3/6
f 2085/3/5 2086/3/5 2087/3/5 2088/3/5
f 2089/3/6 2090/3/6 2091/3/6 2092/3/6
f 2093/3/5 2094/3/5 2095/3/5 2096/3/5
f 2097/3/6 2098/3/6 2099/3/6 2100/3/6
f 2101/3/5 2102/3/5 2103/3/5 2104/3/5
f 2105/3/6 2106/3/6 2107/3/6 2108/3/6
f 2109/3/5 2110/3/5 2111/3/5 2112/3/5
f 2113/3/6 2114/3/6 2115/3/6 2116/3/6
f 2117/3/5 2118/3/5 2119/3/5 2120/3/5
f 2121/3/6 2122/3/6 2123/3/6 2124/3/6
f 2125/3/5 2126/3/5 2127/3/5 2128/3/5
f 2129/3/6 2130/3/6 2131/3/6 2132/3/6
f 2133/3/2 2134/3/2 2135/3/2 2136/3/2
f 2137/3/3 2138/3/3 2139/3/3 2140/3/3
f 2141/3/5 2142/3/5 2143/3/5 2144/3/5
f 2145/3/6 2146/3/6 2147/3/6 2148/3/6
f 2149/9/1 2150/9/1 2151/9/1 2152/9/1
f 2153/9/5 2154/9/5 2155/9/5 2156/9/5
f 2157/9/6 2158/9/6 2159/9/6 2160/9/6
f 2161/9/2 2162/9/2 2163/9/2 2164/9/2
f 2165/9/4 2166/9/4 2167/9/4 2168/9/4
f 2169/9/5 2170/9/5 2171/9/5 2172/9/5
f 2173/9/6 2174/9/6 2175/9/6 2176/9/6
f 2177/8/1 2178/8/1 2179/8/1 2180/8/1
f 2181/8/5 2182/8/5 2183/8/5 2184/8/5
f 2185/8/6 2186/8/6 2187/8/6 2188/8/6
f 2189/10/5 2190/10/5 2191/10/5 2192/10/5
f 2193/10/6 2194/10/6 2195/10/6 2196/10/6
f 2197/1/5 2198/1/5 2199/1/5 2200/1/5
f 2201/1/6 2202/1/6 2203/1/6 2204/1/6
f 2205/3/5 2206/3/5 2207/3/5 2208/3/5
f 2209/3/6 2210/3/6 2211/3/6 2212/3/6
f 2213/3/5 2214/3/5 2215/3/5 2216/3/5
f 2217/3/6 2218/3/6 2219/3/6 2220/3/6
f 2221/3/5 2222/3/5 2223/3/5 2224/3/5
f 2225/3/6 2226/3/6 2227/3/6 2228/3/6
f 2229/3/5 2230/3/5 2231/3/5 2232/3/5
f 2233/3/6 2234/3/6 2235/3/6 2236/3/6
f 2237/3/5 2238/3/5 2239/3/5 2240/3/5
f 2241/3/6 2242/3/6 2243/3/6 2244/3/6
f 2245/3/5 2246/3/5 2247/3/5 2248/3/5
f 2249/3/6 2250/3/6 2251/3/6 2252/3/6
f 2253/3/5 2254/3/5 2255/3/5 2256/3/5
f 2257/3/6 2258/3/6 2259/3/6 2260/3/6
f 2261/1/5 2262/1/5 2263/1/5 2264/1/5
f 2265/1/6 2266/1/6 2267/1/6 2268/1/6
f 2269/10/5 2270/10/5 2271/10/5 2272/10/5
f 2273/10/6 2274/10/6 2275/10/6 2276/10/6
f 2277/10/3 2278/10/3 2279/10/3 2280/10/3
f 2281/10/5 2282/10/5 2283/10/5 2284/10/5
f 2285/10/6 2286/10/6 2287/10/6 2288/10/6
f 2289/8/2 2290/8/2 2291/8/2 2292/8/2
f 2293/8/3 2294/8/3 2295/8/3 2296/8/3
f 2297/8/5 2298/8/5 2299/8/5 2300/8/5
f 2301/8/6 2302/8/6 2303/8/6 2304/8/6
f 2305/9/1 2306/9/1 2307/9/1 2308/9/1
f 2309/9/3 2310/9/3 2311/9/3 2312/9/3
f 2313/9/5 2314/9/5 2315/9/5 2316/9/5
f 2317/9/6 2318/9/6 2319/9/6 2320/9/6
f 2321/9/3 2322/9/3 2323/9/3 2324/9/3
f 2325/9/5 2326/9/5 2327/9/5 2328/9/5
f 2329/9/6 2330/9/6 2331/9/6 2332/9/6
f 2333/9/3 2334/9/3 2335/9/3 2336/9/3
f 2337/9/4 2338/9/4 2339/9/4 2340/9/4
f 2341/9/5 2342/9/5 2343/9/5 2344/9/5
f 2345/9/6 2346/9/6 2347/9/6 2348/9/6
f 2349/9/2 2350/9/2 2351/9/2 2352/9/2
f 2353/9/4 2354/9/4 2355/9/4 2356/9/4
f 2357/9/5 2358/9/5 2359/9/5 2360/9/5
f 2361/9/6 2362/9/6 2363/9/6 2364/9/6
f 2365/3/1 2366/3/1 2367/3/1 2368/3/1
f 2369/3/3 2370/3/3 2371/3/3 2372/3/3
f 2373/3/5 2374/3/5 2375/3/5 2376/3/5
f 2377/3/6 2378/3/6 2379/3/6 2380/3/6
f 2381/3/3 2382/3/3 2383/3/3 2384/3/3
f 2385/3/5 2386/3/5 2387/3/5 2388/3/5
f 2389/3/6 2390/3/6 2391/3/6 2392/3/6
f 2393/3/5 2394/3/5 2395/3/5 2396/3/5
f 2397/3/6 2398/3/6 2399/3/6 2400/3/6
f 2401/3/5 2402/3/5 2403/3/5 2404/3/5
f 2405/3/6 2406/3/6 2407/3/6 2408/3/6
f 2409/3/5 2410/3/5 2411/3/5 2412/3/5
f 2413/3/6 2414/3/6 2415/3/6 2416/3/6
f 2417/3/5 2418/3/5 2419/3/5 2420/3/5
f 2421/3/6 2422/3/6 2423/3/6 2424/3/6
f 2425/3/5 2426/3/5 2427/3/5 2428/3/5
f 2429/3/6 2430/3/6 2431/3/6 2432/3/6
f 2433/3/5 2434/3/5 2435/3/5 2436/3/5
f 2437/3/6 2438/3/6 2439/3/6 2440/3/6
f 2441/3/5 2442/3/5 2443/3/5 2444/3/5
f 2445/3/6 2446/3/6 2447/3/6 2448/3/6
f 2449/3/2 2450/3/2 2451/3/2 2452/3/2
f 2453/3/5 2454/3/5 2455/3/5 2456/3/5
f 2457/3/6 2458/3/6 2459/3/6 2460/3/6
f 2461/9/1 2462/9/1 2463/9/1 2464/9/1
f 2465/9/3 2466/9/3 2467/9/3 2468/9/3
f 2469/9/5 2470/9/5 2471/9/5 2472/9/5
f 2473/9/6 2474/9/6 2475/9/6 2476/9/6
f 2477/9/2 2478/9/2 2479/9/2 2480/9/2
f 2481/9/5 2482/9/5 2483/9/5 2484/9/5
f 2485/9/6 2486/9/6 2487/9/6 2488/9/6
f 2489/5/1 2490/5/1 2491/5/1 2492/5/1
f 2493/5/4 2494/5/4 2495/5/4 2496/5/4
f 2497/5/5 2498/5/5 2499/5/5 2500/5/5
f 2501/5/6 2502/5/6 2503/5/6 2504/5/6
f 2505/8/5 2506/8/5 2507/8/5 2508/8/5
f 2509/8/6 2510/8/6 2511/8/6 2512/8/6
f 2513/10/5 2514/10/5 2515/10/5 2516/10/5
f 2517/10/6 2518/10/6 2519/10/6 2520/10/6
f 2521/1/5 2522/1/5 2523/1/5 2524/1/5
f 2525/1/6 2526/1/6 2527/1/6 2528/1/6
f 2529/3/5 2530/3/5 2531/3/5 2532/3/5
f 2533/3/6 2534/3/6 2535/3/6 2536/3/6
f 2537/3/5 2538/3/5 2539/3/5 2540/3/5
f 2541/3/6 2542/3/6 2543/3/6 2544/3/6
f 2545/3/5 2546/3/5 2547/3/5 2548/3/5
f 2549/3/6 2550/3/6 2551/3/6 2552/3/6
f 2553/3/5 2554/3/5 2555/3/5 2556/3/5
f 2557/3/6 2558/3/6 2559/3/6 2560/3/6
f 2561/3/5 2562/3/5 2563/3/5 2564/3/5
f 2565/3/6 2566/3/6 2567/3/6 2568/3/6
f 2569/3/5 2570/3/5 2571/3/5 2572/3/5
f 2573/3/6 2574/3/6 2575/3/6 2576/3/6
f 2577/3/5 2578/3/5 2579/3/5 2580/3/5
f 2581/3/6 2582/3/6 2583/3/6 2584/3/6
f 2585/1/5 2586/1/5 2587/1/5 2588/1/5
f 2589/1/6 2590/1/6 2591/1/6 2592/1/6
f 2593/1/5 2594/1/5 2595/1/5 2596/1/5
f 2597/1/6 2598/1/6 2599/1/6 2600/1/6
f 2601/1/5 2602/1/5 2603/1/5 2604/1/5
f 2605/1/6 2606/1/6 2607/1/6 2608/1/6
f 2609/10/3 2610/10/3 2611/10/3 2612/10/3
f 2613/10/5 2614/10/5 2615/10/5 2616/10/5
f 2617/10/6 2618/10/6 2619/10/6 2620/10/6
f 2621/10/3 2622/10/3 2623/10/3 2624/10/3
f 2625/10/5 2626/10/5 2627/10/5 2628/10/5
f 2629/10/6 2630/10/6 2631/10/6 2632/10/6
f 2633/8/2 2634/8/2 2635/8/2 2636/8/2
f 2637/8/3 2638/8/3 2639/8/3 2640/8/3
f 2641/8/5 2642/8/5 2643/8/5 2644/8/5
f 2645/8/6 2646/8/6 2647/8/6 2648/8/6
f 2649/9/1 2650/9/1 2651/9/1 2652/9/1
f 2653/9/3 2654/9/3 2655/9/3 2656/9/3
f 2657/9/5 2658/9/5 2659/9/5 2660/9/5
f 2661/9/6 2662/9/6 2663/9/6 2664/9/6
f 2665/9/4 2666/9/4 2667/9/4 2668/9/4
f 2669/9/5 2670/9/5 2671/9/5 2672/9/5
f 2673/9/6 2674/9/6 2675/9/6 2676/9/6
f 2677/9/2 2678/9/2 2679/9/2 2680/9/2
f 2681/9/4 2682/9/4 2683/9/4 2684/9/4
f 2685/9/5 2686/9/5 2687/9/5 2688/9/5
f 2689/9/6 2690/9/6 2691/9/6 2692/9/6
f 2693/3/1 2694/3/1 2695/3/1 2696/3/1
f 2697/3/3 2698/3/3 2699/3/3 2700/3/3
f 2701/3/5 2702/3/5 2703/3/5 2704/3/5
f 2705/3/6 2706/3/6 2707/3/6 2708/3/6
f 2709/3/3 2710/3/3 2711/3/3 2712/3/3
f 2713/3/5 2714/3/5 2715/3/5 2716/3/5
f 2717/3/6 2718/3/6 2719/3/6 2720/3/6
f 2721/3/3 2722/3/3 2723/3/3 2724/3/3
f 2725/3/5 2726/3/5 2727/3/5 2728/3/5
f 2729/3/6 2730/3/6 2731/3/6 2732/3/6
f 2733/3/5 2734/3/5 2735/3/5 2736/3/5
f 2737/3/6 2738/3/6 2739/3/6 2740/3/6
f 2741/3/5 2742/3/5 2743/3/5 2744/3/5
f 2745/3/6 2746/3/6 2747/3/6 2748/3/6
f 2749/3/5 2750/3/5 2751/3/5 2752/3/5
f 2753/3/6 2754/3/6 2755/3/6 2756/3/6
f 2757/3/5 2758/3/5 2759/3/5 2760/3/5
f 2761/3/6 2762/3/6 2763/3/6 2764/3/6
f 2765/3/5 2766/3/5 2767/3/5 2768/3/5
f 2769/3/6 2770/3/6 2771/3/6 2772/3/6
f 2773/3/5 2774/3/5 2775/3/5 2776/3/5
f 2777/3/6 2778/3/6 2779/3/6 2780/3/6
f 2781/3/5 2782/3/5 2783/3/5 2784/3/5
f 2785/3/6 2786/3/6 2787/3/6 2788/3/6
f 2789/3/5 2790/3/5 2791/3/5 2792/3/5
f 2793/3/6 2794/3/6 2795/3/6 2796/3/6
f 2797/3/5 2798/3/5 2799/3/5 2800/3/5
f 2801/3/6 2802/3/6 2803/3/6 2804/3/6
f 2805/3/2 2806/3/2 2807/3/2 2808/3/2
f 2809/3/5 2810/3/5 2811/3/5 2812/3/5
f 2813/3/6 2814/3/6 2815/3/6 2816/3/6
f 2817/9/1 2818/9/1 2819/9/1 2820/9/1
f 2821/9/3 2822/9/3 2823/9/3 2824/9/3
f 2825/9/5 2826/9/5 2827/9/5 2828/9/5
f 2829/9/6 2830/9/6 2831/9/6 2832/9/6
f 2833/9/5 2834/9/5 2835/9/5 2836/9/5
f 2837/9/6 2838/9/6 2839/9/6 2840/9/6
f 2841/9/2 2842/9/2 2843/9/2 2844/9/2
f 2845/9/4 2846/9/4 2847/9/4 2848/9/4
f 2849/9/5 2850/9/5 2851/9/5 2852/9/5
f 2853/9/6 2854/9/6 2855/9/6 2856/9/6
f 2857/8/1 2858/8/1 2859/8/1 2860/8/1
f 2861/8/5 2862/8/5 2863/8/5 2864/8/5
f 2865/8/6 2866/8/6 2867/8/6 2868/8/6
f 2869/10/5 2870/10/5 2871/10/5 2872/10/5
f 2873/10/6 2874/10/6 2875/10/6 2876/10/6
f 2877/1/5 2878/1/5 2879/1/5 2880/1/5
f 2881/1/6 2882/1/6 2883/1/6 2884/1/6
f 2885/3/5 2886/3/5 2887/3/5 2888/3/5
f 2889/3/6 2890/3/6 2891/3/6 2892/3/6
f 2893/3/5 2894/3/5 2895/3/5 2896/3/5
f 2897/3/6 2898/3/6 2899/3/6 2900/3/6
f 2901/3/5 2902/3/5 2903/3/5 2904/3/5
f 2905/3/6 2906/3/6 2907/3/6 2908/3/6
f 2909/3/5 2910/3/5 2911/3/5 2912/3/5
f 2913/3/6 2914/3/6 2915/3/6 2916/3/6
f 2917/3/5 2918/3/5 2919/3/5 2920/3/5
f 2921/3/6 2922/3/6 2923/3/6 2924/3/6
f 2925/3/5 2926/3/5 2927/3/5 2928/3/5
f 2929/3/6 2930/3/6 2931/3/6 2932/3/6
f 2933/3/5 2934/3/5 2935/3/5 2936/3/5
f 2937/3/6 2938/3/6 2939/3/6 2940/3/6
f 2941/3/5 2942/3/5 2943/3/5 2944/3/5
f 2945/3/6 2946/3/6 2947/3/6 2948/3/6
f 2949/3/5 2950/3/5 2951/3/5 2952/3/5
f 2953/3/6 2954/3/6 2955/3/6 2956/3/6
f 2957/3/5 2958/3/5 2959/3/5 2960/3/5
f 2961/3/6 2962/3/6 2963/3/6 2964/3/6
f 2965/1/5 2966/1/5 2967/1/5 2968/1/5
f 2969/1/6 2970/1/6 2971/1/6 2972/1/6
f 2973/1/5 2974/1/5 2975/1/5 2976/1/5
f 2977/1/6 2978/1/6 2979/1/6 2980/1/6
f 2981/1/5 2982/1/5 2983/1/5 2984/1/5
f 2985/1/6 2986/1/6 2987/1/6 2988/1/6
f 2989/10/3 2990/10/3 2991/10/3 2992/10/3
f 2993/10/5 2994/10/5 2995/10/5 2996/10/5
f 2997/10/6 2998/10/6 2999/10/6 3000/10/6
f 3001/8/2 3002/8/2 3003/8/2 3004/8/2
f 3005/8/3 3006/8/3 3007/8/3 3008/8/3
f 3009/8/5 3010/8/5 3011/8/5 3012/8/5
f 3013/8/6 3014/8/6 3015/8/6 3016/8/6
f 3017/9/1 3018/9/1 3019/9/1 3020/9/1
f 3021/9/3 3022/9/3 3023/9/3 3024/9/3
f 3025/9/4 3026/9/4 3027/9/4 3028/9/4
f 3029/9/5 3030/9/5 3031/9/5 3032/9/5
f 3033/9/6 3034/9/6 3035/9/6 3036/9/6
f 3037/9/2 3038/9/2 3039/9/2 3040/9/2
f 3041/9/4 3042/9/4 3043/9/4 3044/9/4
f 3045/9/5 3046/9/5 3047/9/5 3048/9/5
f 3049/9/6 3050/9/6 3051/9/6 3052/9/6
f 3053/3/1 3054/3/1 3055/3/1 3056/3/1
f 3057/3/3 3058/3/3 3059/3/3 3060/3/3
f 3061/3/5 3062/3/5 3063/3/5 3064/3/5
f 3065/3/6 3066/3/6 3067/3/6 3068/3/6
f 3069/3/3 3070/3/3 3071/3/3 3072/3/3
f 3073/3/5 3074/3/5 3075/3/5 3076/3/5
f 3077/3/6 3078/3/6 3079/3/6 3080/3/6
f 3081/3/3 3082/3/3 3083/3/3 3084/3/3
f 3085/3/5 3086/3/5 3087/3/5 3088/3/5
f 3089/3/6 3090/3/6 3091/3/6 3092/3/6
f 3093/3/5 3094/3/5 3095/3/5 3096/3/5
f 3097/3/6 3098/3/6 3099/3/6 3100/3/6
f 3101/3/5 3102/3/5 3103/3/5 3104/3/5
f 3105/3/6 3106/3/6 3107/3/6 3108/3/6
f 3109/3/5 3110/3/5 3111/3/5 3112/3/5
f 3113/3/6 3114/3/6 3115/3/6 3116/3/6
f 3117/3/5 3118/3/5 3119/3/5 3120/3/5
f 3121/3/6 3122/3/6 3123/3/6 3124/3/6
f 3125/3/5 3126/3/5 3127/3/5 3128/3/5
f 3129/3/6 3130/3/6 3131/3/6 3132/3/6
f 3133/3/5 3134/3/5 3135/3/5 3136/3/5
f 3137/3/6 3138/3/6 3139/3/6 3140/3/6
f 3141/3/5 3142/3/5 3143/3/5 3144/3/5
f 3145/3/6 3146/3/6 3147/3/6 3148/3/6
f 3149/3/5 3150/3/5 3151/3/5 3152/3/5
f 3153/3/6 3154/3/6 3155/3/6 3156/3/6
f 3157/3/5 3158/3/5 3159/3/5 3160/3/5
f 3161/3/6 3162/3/6 3163/3/6 3164/3/6
f 3165/3/5 3166/3/5 3167/3/5 3168/3/5
f 3169/3/6 3170/3/6 3171/3/6 3172/3/6
f 3173/3/5 3174/3/5 3175/3/5 3176/3/5
f 3177/3/6 3178/3/6 3179/3/6 3180/3/6
f 3181/3/5 3182/3/5 3183/3/5 3184/3/5
f 3185/3/6 3186/3/6 3187/3/6 3188/3/6
f 3189/3/2 3190/3/2 3191/3/2 3192/3/2
f 3193/3/4 3194/3/4 3195/3/4 3196/3/4
f 3197/3/5 3198/3/5 3199/3/5 3200/3/5
f 3201/3/6 3202/3/6 3203/3/6 3204/3/6
f 3205/9/1 3206/9/1 3207/9/1 3208/9/1
f 3209/9/3 3210/9/3 3211/9/3 3212/9/3
f 3213/9/5 3214/9/5 3215/9/5 3216/9/5
f 3217/9/6 3218/9/6 3219/9/6 3220/9/6
f 3221/9/5 3222/9/5 3223/9/5 3224/9/5
f 3225/9/6 3226/9/6 3227/9/6 3228/9/6
f 3229/9/2 3230/9/2 3231/9/2 3232/9/2
f 3233/9/5 3234/9/5 3235/9/5 3236/9/5
f 3237/9/6 3238/9/6 3239/9/6 3240/9/6
f 3241/5/1 3242/5/1 3243/5/1 3244/5/1
f 3245/5/4 3246/5/4 3247/5/4 3248/5/4
f 3249/5/5 3250/5/5 3251/5/5 3252/5/5
f 3253/5/6 3254/5/6 3255/5/6 3256/5/6
f 3257/10/5 3258/10/5 3259/10/5 3260/10/5
f 3261/10/6 3262/10/6 3263/10/6 3264/10/6
f 3265/1/5 3266/1/5 3267/1/5 3268/1/5
f 3269/1/6 3270/1/6 3271/1/6 3272/1/6
f 3273/3/5 3274/3/5 3275/3/5 3276/3/5
f 3277/3/6 3278/3/6 3279/3/6 3280/3/6
f 3281/3/5 3282/3/5 3283/3/5 3284/3/5
f 3285/3/6 3286/3/6 3287/3/6 3288/3/6
f 3289/3/5 3290/3/5 3291/3/5 3292/3/5
f 3293/3/6 3294/3/6 3295/3/6 3296/3/6
f 3297/3/5 3298/3/5 3299/3/5 3300/3/5
f 3301/3/6 3302/3/6 3303/3/6 3304/3/6
f 3305/3/5 3306/3/5 3307/3/5 3308/3/5
f 3309/3/6 3310/3/6 3311/3/6 3312/3/6
f 3313/3/5 3314/3/5 3315/3/5 3316/3/5
f 3317/3/6 3318/3/6 3319/3/6 3320/3/6
f 3321/3/5 3322/3/5 3323/3/5 3324/3/5
f 3325/3/6 3326/3/6 3327/3/6 3328/3/6
f 3329/3/5 3330/3/5 3331/3/5 3332/3/5
f 3333/3/6 3334/3/6 3335/3/6 3336/3/6
f 3337/3/5 3338/3/5 3339/3/5 3340/3/5
f 3341/3/6 3342/3/6 3343/3/6 3344/3/6
f 3345/3/5 3346/3/5 3347/3/5 3348/3/5
f 3349/3/6 3350/3/6 3351/3/6 3352/3/6
f 3353/3/5 3354/3/5 3355/3/5 3356/3/5
f 3357/3/6 3358/3/6 3359/3/6 3360/3/6
f 3361/3/5 3362/3/5 3363/3/5 3364/3/5
f 3365/3/6 3366/3/6 3367/3/6 3368/3/6
f 3369/3/5 3370/3/5 3371/3/5 3372/3/5
f 3373/3/6 3374/3/6 3375/3/6 3376/3/6
f 3377/1/4 3378/1/4 3379/1/4 3380/1/4
f 3381/1/5 3382/1/5 3383/1/5 3384/1/5
f 3385/1/6 3386/1/6 3387/1/6 3388/1/6
f 3389/1/2 3390/1/2 3391/1/2 3392/1/2
f 3393/1/4 3394/1/4 3395/1/4 3396/1/4
f 3397/1/5 3398/1/5 3399/1/5 3400/1/5
f 3401/1/6 3402/1/6 3403/1/6 3404/1/6
f 3405/9/1 3406/9/1 3407/9/1 3408/9/1
f 3409/9/2 3410/9/2 3411/9/2 3412/9/2
f 3413/9/3 3414/9/3 3415/9/3 3416/9/3
f 3417/9/4 3418/9/4 3419/9/4 3420/9/4
f 3421/9/5 3422/9/5 3423/9/5 3424/9/5
f 3425/9/6 3426/9/6 3427/9/6 3428/9/6
f 3429/3/1 3430/3/1 3431/3/1 3432/3/1
f 3433/3/3 3434/3/3 3435/3/3 3436/3/3
f 3437/3/5 3438/3/5 3439/3/5 3440/3/5
f 3441/3/6 3442/3/6 3443/3/6 3444/3/6
f 3445/3/3 3446/3/3 3447/3/3 3448/3/3
f 3449/3/5 3450/3/5 3451/3/5 3452/3/5
f 3453/3/6 3454/3/6 3455/3/6 3456/3/6
f 3457/3/3 3458/3/3 3459/3/3 3460/3/3
f 3461/3/5 3462/3/5 3463/3/5 3464/3/5
f 3465/3/6 3466/3/6 3467/3/6 3468/3/6
f 3469/3/5 3470/3/5 3471/3/5 3472/3/5
f 3473/3/6 3474/3/6 3475/3/6 3476/3/6
f 3477/3/5 3478/3/5 3479/3/5 3480/3/5
f 3481/3/6 3482/3/6 3483/3/6 3484/3/6
f 3485/3/5 3486/3/5 3487/3/5 3488/3/5
f 3489/3/6 3490/3/6 3491/3/6 3492/3/6
f 3493/3/5 3494/3/5 3495/3/5 3496/3/5
f 3497/3/6 3498/3/6 3499/3/6 3500/3/6
f 3501/3/5 3502/3/5 3503/3/5 3504/3/5
f 3505/3/6 3506/3/6 3507/3/6 3508/3/6
f 3509/3/5 3510/3/5 3511/3/5 3512/3/5
f 3513/3/6 3514/3/6 3515/3/6 3516/3/6
f 3517/3/5 3518/3/5 3519/3/5 3520/3/5
f 3521/3/6 3522/3/6 3523/3/6 3524/3/6
f 3525/3/5 3526/3/5 3527/3/5 3528/3/5
f 3529/3/6 3530/3/6 3531/3/6 3532/3/6
f 3533/3/5 3534/3/5 3535/3/5 3536/3/5
f 3537/3/6 3538/3/6 3539/3/6 3540/3/6
f 3541/3/5 3542/3/5 3543/3/5 3544/3/5
f 3545/3/6 3546/3/6 3547/3/6 3548/3/6
f 3549/3/5 3550/3/5 3551/3/5 3552/3/5
f 3553/3/6 3554/3/6 3555/3/6 3556/3/6
f 3557/3/5 3558/3/5 3559/3/5 3560/3/5
f 3561/3/6 3562/3/6 3563/3/6 3564/3/6
f 3565/3/5 3566/3/5 3567/3/5 3568/3/5
f 3569/3/6 3570/3/6 3571/3/6 3572/3/6
f 3573/3/5 3574/3/5 3575/3/5 3576/3/5
f 3577/3/6 3578/3/6 3579/3/6 3580/3/6
f 3581/3/2 3582/3/2 3583/3/2 3584/3/2
f 3585/3/5 3586/3/5 3587/3/5 3588/3/5
f 3589/3/6 3590/3/6 3591/3/6 3592/3/6
f 3593/9/1 3594/9/1 3595/9/1 3596/9/1
f 3597/9/3 3598/9/3 3599/9/3 3600/9/3
f 3601/9/5 3602/9/5 3603/9/5 3604/9/5
f 3605/9/6 3606/9/6 3607/9/6 3608/9/6
f 3609/9/5 3610/9/5 3611/9/5 3612/9/5
f 3613/9/6 3614/9/6 3615/9/6 3616/9/6
f 3617/9/5 3618/9/5 3619/9/5 3620/9/5
f 3621/9/6 3622/9/6 3623/9/6 3624/9/6
f 3625/9/2 3626/9/2 3627/9/2 3628/9/2
f 3629/9/4 3630/9/4 3631/9/4 3632/9/4
f 3633/9/5 3634/9/5 3635/9/5 3636/9/5
f 3637/9/6 3638/9/6 3639/9/6 3640/9/6
f 3641/8/1 3642/8/1 3643/8/1 3644/8/1
f 3645/8/4 3646/8/4 3647/8/4 3648/8/4
f 3649/8/5 3650/8/5 3651/8/5 3652/8/5
f 3653/8/6 3654/8/6 3655/8/6 3656/8/6
f 3657/10/5 3658/10/5 3659/10/5 3660/10/5
f 3661/10/6 3662/10/6 3663/10/6 3664/10/6
f 3665/1/5 3666/1/5 3667/1/5 3668/1/5
f 3669/1/6 3670/1/6 3671/1/6 3672/1/6
f 3673/3/5 3674/3/5 3675/3/5 3676/3/5
f 3677/3/6 3678/3/6 3679/3/6 3680/3/6
f 3681/3/5 3682/3/5 3683/3/5 3684/3/5
f 3685/3/6 3686/3/6 3687/3/6 3688/3/6
f 3689/3/5 3690/3/5 3691/3/5 3692/3/5
f 3693/3/6 3694/3/6 3695/3/6 3696/3/6
f 3697/3/5 3698/3/5 3699/3/5 3700/3/5
f 3701/3/6 3702/3/6 3703/3/6 3704/3/6
f 3705/3/5 3706/3/5 3707/3/5 3708/3/5
f 3709/3/6 3710/3/6 3711/3/6 3712/3/6
f 3713/3/5 3714/3/5 3715/3/5 3716/3/5
f 3717/3/6 3718/3/6 3719/3/6 3720/3/6
f 3721/3/5 3722/3/5 3723/3/5 3724/3/5
f 3725/3/6 3726/3/6 3727/3/6 3728/3/6
f 3729/3/5 3730/3/5 3731/3/5 3732/3/5
f 3733/3/6 3734/3/6 3735/3/6 3736/3/6
f 3737/3/5 3738/3/5 3739/3/5 3740/3/5
f 3741/3/6 3742/3/6 3743/3/6 3744/3/6
f 3745/3/5 3746/3/5 3747/3/5 3748/3/5
f 3749/3/6 3750/3/6 3751/3/6 3752/3/6
f 3753/3/5 3754/3/5 3755/3/5 3756/3/5
f 3757/3/6 3758/3/6 3759/3/6 3760/3/6
f 3761/3/2 3762/3/2 3763/3/2 3764/3/2
f 3765/3/4 3766/3/4 3767/3/4 3768/3/4
f 3769/3/5 3770/3/5 3771/3/5 3772/3/5
f 3773/3/6 3774/3/6 3775/3/6 3776/3/6
f 3777/3/1 3778/3/1 3779/3/1 3780/3/1
f 3781/3/3 3782/3/3 3783/3/3 3784/3/3
f 3785/3/5 3786/3/5 3787/3/5 3788/3/5
f 3789/3/6 3790/3/6 3791/3/6 3792/3/6
f 3793/3/3 3794/3/3 3795/3/3 3796/3/3
f 3797/3/5 3798/3/5 3799/3/5 3800/3/5
f 3801/3/6 3802/3/6 3803/3/6 3804/3/6
f 3805/3/3 3806/3/3 3807/3/3 3808/3/3
f 3809/3/5 3810/3/5 3811/3/5 3812/3/5
f 3813/3/6 3814/3/6 3815/3/6 3816/3/6
f 3817/3/3 3818/3/3 3819/3/3 3820/3/3
f 3821/3/5 3822/3/5 3823/3/5 3824/3/5
f 3825/3/6 3826/3/6 3827/3/6 3828/3/6
f 3829/3/5 3830/3/5 3831/3/5 3832/3/5
f 3833/3/6 3834/3/6 3835/3/6 3836/3/6
f 3837/3/5 3838/3/5 3839/3/5 3840/3/5
f 3841/3/6 3842/3/6 3843/3/6 3844/3/6
f 3845/3/5 3846/3/5 3847/3/5 3848/3/5
f 3849/3/6 3850/3/6 3851/3/6 3852/3/6
f 3853/3/5 3854/3/5 3855/3/5 3856/3/5
f 3857/3/6 3858/3/6 3859/3/6 3860/3/6
f 3861/3/5 3862/3/5 3863/3/5 3864/3/5
f 3865/3/6 3866/3/6 3867/3/6 3868/3/6
f 3869/3/5 3870/3/5 3871/3/5 3872/3/5
f 3873/3/6 3874/3/6 3875/3/6 3876/3/6
f 3877/3/5 3878/3/5 3879/3/5 3880/3/5
f 3881/3/6 3882/3/6 3883/3/6 3884/3/6
f 3885/3/5 3886/3/5 3887/3/5 3888/3/5
f 3889/3/6 3890/3/6 3891/3/6 3892/3/6
f 3893/3/5 3894/3/5 3895/3/5 3896/3/5
f 3897/3/6 3898/3/6 3899/3/6 3900/3/6
f 3901/3/5 3902/3/5 3903/3/5 3904/3/5
f 3905/3/6 3906/3/6 3907/3/6 3908/3/6
f 3909/3/5 3910/3/5 3911/3/5 3912/3/5
f 3913/3/6 3914/3/6 3915/3/6 3916/3/6
f 3917/3/5 3918/3/5 3919/3/5 3920/3/5
f 3921/3/6 3922/3/6 3923/3/6 3924/3/6
f 3925/3/5 3926/3/5 3927/3/5 3928/3/5
f 3929/3/6 3930/3/6 3931/3/6 3932/3/6
f 3933/3/5 3934/3/5 3935/3/5 3936/3/5
f 3937/3/6 3938/3/6 3939/3/6 3940/3/6
f 3941/3/5 3942/3/5 3943/3/5 3944/3/5
f 3945/3/6 3946/3/6 3947/3/6 3948/3/6
f 3949/3/5 3950/3/5 3951/3/5 3952/3/5
f 3953/3/6 3954/3/6 3955/3/6 3956/3/6
f 3957/3/5 3958/3/5 3959/3/5 3960/3/5
f 3961/3/6 3962/3/6 3963/3/6 3964/3/6
f 3965/3/2 3966/3/2 3967/3/2 3968/3/2
f 3969/3/5 3970/3/5 3971/3/5 3972/3/5
f 3973/3/6 3974/3/6 3975/3/6 3976/3/6
f 3977/9/1 3978/9/1 3979/9/1 3980/9/1
f 3981/9/3 3982/9/3 3983/9/3 3984/9/3
f 3985/9/5 3986/9/5 3987/9/5 3988/9/5
f 3989/9/6 3990/9/6 3991/9/6 3992/9/6
f 3993/9/3 3994/9/3 3995/9/3 3996/9/3
f 3997/9/5 3998/9/5 3999/9/5 4000/9/5
f 4001/9/6 4002/9/6 4003/9/6 4004/9/6
f 4005/9/5 4006/9/5 4007/9/5 4008/9/5
f 4009/9/6 4010/9/6 4011/9/6 4012/9/6
f 4013/9/5 4014/9/5 4015/9/5 4016/9/5
f 4017/9/6 4018/9/6 4019/9/6 4020/9/6
f 4021/9/2 4022/9/2 4023/9/2 4024/9/2
f 4025/9/4 4026/9/4 4027/9/4 4028/9/4
f 4029/9/5 4030/9/5 4031/9/5 4032/9/5
f 4033/9/6 4034/9/6 4035/9/6 4036/9/6
f 4037/8/1 4038/8/1 4039/8/1 4040/8/1
f 4041/8/5 4042/8/5 4043/8/5 4044/8/5
f 4045/8/6 4046/8/6 4047/8/6 4048/8/6
f 4049/10/5 4050/10/5 4051/10/5 4052/10/5
f 4053/10/6 4054/10/6 4055/10/6 4056/10/6
f 4057/1/5 4058/1/5 4059/1/5 4060/1/5
f 4061/1/6 4062/1/6 4063/1/6 4064/1/6
f 4065/3/5 4066/3/5 4067/3/5 4068/3/5
f 4069/3/6 4070/3/6 4071/3/6 4072/3/6
f 4073/3/5 4074/3/5 4075/3/5 4076/3/5
f 4077/3/6 4078/3/6 4079/3/6 4080/3/6
f 4081/3/5 4082/3/5 4083/3/5 4084/3/5
f 4085/3/6 4086/3/6 4087/3/6 4088/3/6
f 4089/3/5 4090/3/5 4091/3/5 4092/3/5
f 4093/3/6 4094/3/6 4095/3/6 4096/3/6
f 4097/3/5 4098/3/5 4099/3/5 4100/3/5
f 4101/3/6 4102/3/6 4103/3/6 4104/3/6
f 4105/3/5 4106/3/5 4107/3/5 4108/3/5
f 4109/3/6 4110/3/6 4111/3/6 4112/3/6
f 4113/3/5 4114/3/5 4115/3/5 4116/3/5
f 4117/3/6 4118/3/6 4119/3/6 4120/3/6
f 4121/3/5 4122/3/5 4123/3/5 4124/3/5
f 4125/3/6 4126/3/6 4127/3/6 4128/3/6
f 4129/3/5 4130/3/5 4131/3/5 4132/3/5
f 4133/3/6 4134/3/6 4135/3/6 4136/3/6
f 4137/3/2 4138/3/2 4139/3/2 4140/3/2
f 4141/3/4 4142/3/4 4143/3/4 4144/3/4
f 4145/3/5 4146/3/5 4147/3/5 4148/3/5
f 4149/3/6 4150/3/6 4151/3/6 4152/3/6
f 4153/3/1 4154/3/1 4155/3/1 4156/3/1
f 4157/3/3 4158/3/3 4159/3/3 4160/3/3
f 4161/3/5 4162/3/5 4163/3/5 4164/3/5
f 4165/3/6 4166/3/6 4167/3/6 4168/3/6
f 4169/3/3 4170/3/3 4171/3/3 4172/3/3
f 4173/3/5 4174/3/5 4175/3/5 4176/3/5
f 4177/3/6 4178/3/6 4179/3/6 4180/3/6
f 4181/3/3 4182/3/3 4183/3/3 4184/3/3
f 4185/3/5 4186/3/5 4187/3/5 4188/3/5
f 4189/3/6 4190/3/6 4191/3/6 4192/3/6
f 4193/3/5 4194/3/5 4195/3/5 4196/3/5
f 4197/3/6 4198/3/6 4199/3/6 4200/3/6
f 4201/3/5 4202/3/5 4203/3/5 4204/3/5
f 4205/3/6 4206/3/6 4207/3/6 4208/3/6
f 4209/3/5 4210/3/5 4211/3/5 4212/3/5
f 4213/3/6 4214/3/6 4215/3/6 4216/3/6
f 4217/3/5 4218/3/5 4219/3/5 4220/3/5
f 4221/3/6 4222/3/6 4223/3/6 4224/3/6
f 4225/3/5 4226/3/5 4227/3/5 4228/3/5
f 4229/3/6 4230/3/6 4231/3/6 4232/3/6
f 4233/3/5 4234/3/5 4235/3/5 4236/3/5
f 4237/3/6 4238/3/6 4239/3/6 4240/3/6
f 4241/3/5 4242/3/5 4243/3/5 4244/3/5
f 4245/3/6 4246/3/6 4247/3/6 4248/3/6
f 4249/3/5 4250/3/5 4251/3/5 4252/3/5
f 4253/3/6 4254/3/6 4255/3/6 4256/3/6
f 4257/3/5 4258/3/5 4259/3/5 4260/3/5
f 4261/3/6 4262/3/6 4263/3/6 4264/3/6
f 4265/3/5 4266/3/5 4267/3/5 4268/3/5
f 4269/3/6 4270/3/6 4271/3/6 4272/3/6
f 4273/3/5 4274/3/5 4275/3/5 4276/3/5
f 4277/3/6 4278/3/6 4279/3/6 4280/3/6
f 4281/3/5 4282/3/5 4283/3/5 4284/3/5
f 4285/3/6 4286/3/6 4287/3/6 4288/3/6
f 4289/3/5 4290/3/5 4291/3/5 4292/3/5
f 4293/3/6 4294/3/6 4295/3/6 4296/3/6
f 4297/3/5 4298/3/5 4299/3/5 4300/3/5
f 4301/3/6 4302/3/6 4303/3/6 4304/3/6
f 4305/3/5 4306/3/5 4307/3/5 4308/3/5
f 4309/3/6 4310/3/6 4311/3/6 4312/3/6
f 4313/3/5 4314/3/5 4315/3/5 4316/3/5
f 4317/3/6 4318/3/6 4319/3/6 4320/3/6
f 4321/3/5 4322/3/5 4323/3/5 4324/3/5
f 4325/3/6 4326/3/6 4327/3/6 4328/3/6
f 4329/3/5 4330/3/5 4331/3/5 4332/3/5
f 4333/3/6 4334/3/6 4335/3/6 4336/3/6
f 4337/3/5 4338/3/5 4339/3/5 4340/3/5
f 4341/3/6 4342/3/6 4343/3/6 4344/3/6
f 4345/3/5 4346/3/5 4347/3/5 4348/3/5
f 4349/3/6 4350/3/6 4351/3/6 4352/3/6
f 4353/3/5 4354/3/5 4355/3/5 4356/3/5
f 4357/3/6 4358/3/6 4359/3/6 4360/3/6
f 4361/3/2 4362/3/2 4363/3/2 4364/3/2
f 4365/3/4 4366/3/4 4367/3/4 4368/3/4
f 4369/3/5 4370/3/5 4371/3/5 4372/3/5
f 4373/3/6 4374/3/6 4375/3/6 4376/3/6
f 4377/9/1 4378/9/1 4379/9/1 4380/9/1
f 4381/9/3 4382/9/3 4383/9/3 4384/9/3
f 4385/9/5 4386/9/5 4387/9/5 4388/9/5
f 4389/9/6 4390/9/6 4391/9/6 4392/9/6
f 4393/9/5 4394/9/5 4395/9/5 4396/9/5
f 4397/9/6 4398/9/6 4399/9/6 4400/9/6
f 4401/9/5 4402/9/5 4403/9/5 4404/9/5
f 4405/9/6 4406/9/6 4407/9/6 4408/9/6
f 4409/9/5 4410/9/5 4411/9/5 4412/9/5
f 4413/9/6 4414/9/6 4415/9/6 4416/9/6
f 4417/9/2 4418/9/2 4419/9/2 4420/9/2
f 4421/9/5 4422/9/5 4423/9/5 4424/9/5
f 4425/9/6 4426/9/6 4427/9/6 4428/9/6
f 4429/5/1 4430/5/1 4431/5/1 4432/5/1
f 4433/5/4 4434/5/4 4435/5/4 4436/5/4
f 4437/5/5 4438/5/5 4439/5/5 4440/5/5
f 4441/5/6 4442/5/6 4443/5/6 4444/5/6
f 4445/10/5 4446/10/5 4447/10/5 4448/10/5
f 4449/10/6 4450/10/6 4451/10/6 4452/10/6
f 4453/1/5 4454/1/5 4455/1/5 4456/1/5
f 4457/1/6 4458/1/6 4459/1/6 4460/1/6
f 4461/3/5 4462/3/5 4463/3/5 4464/3/5
f 4465/3/6 4466/3/6 4467/3/6 4468/3/6
f 4469/3/5 4470/3/5 4471/3/5 4472/3/5
f 4473/3/6 4474/3/6 4475/3/6 4476/3/6
f 4477/3/5 4478/3/5 4479/3/5 4480/3/5
f 4481/3/6 4482/3/6 4483/3/6 4484/3/6
f 4485/3/5 4486/3/5 4487/3/5 4488/3/5
f 4489/3/6 4490/3/6 4491/3/6 4492/3/6
f 4493/3/5 4494/3/5 4495/3/5 4496/3/5
f 4497/3/6 4498/3/6 4499/3/6 4500/3/6
f 4501/3/5 4502/3/5 4503/3/5 4504/3/5
f 4505/3/6 4506/3/6 4507/3/6 4508/3/6
f 4509/3/5 4510/3/5 4511/3/5 4512/3/5
f 4513/3/6 4514/3/6 4515/3/6 4516/3/6
f 4517/3/5 4518/3/5 4519/3/5 4520/3/5
f 4521/3/6 4522/3/6 4523/3/6 4524/3/6
f 4525/3/2 4526/3/2 4527/3/2 4528/3/2
f 4529/3/4 4530/3/4 4531/3/4 4532/3/4
f 4533/3/5 4534/3/5 4535/3/5 4536/3/5
f 4537/3/6 4538/3/6 4539/3/6 4540/3/6
f 4541/3/1 4542/3/1 4543/3/1 4544/3/1
f 4545/3/3 4546/3/3 4547/3/3 4548/3/3
f 4549/3/5 4550/3/5 4551/3/5 4552/3/5
f 4553/3/6 4554/3/6 4555/3/6 4556/3/6
f 4557/3/3 4558/3/3 4559/3/3 4560/3/3
f 4561/3/5 4562/3/5 4563/3/5 4564/3/5
f 4565/3/6 4566/3/6 4567/3/6 4568/3/6
f 4569/3/5 4570/3/5 4571/3/5 4572/3/5
f 4573/3/6 4574/3/6 4575/3/6 4576/3/6
f 4577/3/5 4578/3/5 4579/3/5 4580/3/5
f 4581/3/6 4582/3/6 4583/3/6 4584/3/6
f 4585/3/5 4586/3/5 4587/3/5 4588/3/5
f 4589/3/6 4590/3/6 4591/3/6 4592/3/6
f 4593/3/5 4594/3/5 4595/3/5 4596/3/5
f 4597/3/6 4598/3/6 4599/3/6 4600/3/6
f 4601/3/5 4602/3/5 4603/3/5 4604/3/5
f 4605/3/6 4606/3/6 4607/3/6 4608/3/6
f 4609/3/5 4610/3/5 4611/3/5 4612/3/5
f 4613/3/6 4614/3/6 4615/3/6 4616/3/6
f 4617/3/5 4618/3/5 4619/3/5 4620/3/5
f 4621/3/6 4622/3/6 4623/3/6 4624/3/6
f 4625/3/5 4626/3/5 4627/3/5 4628/3/5
f 4629/3/6 4630/3/6 4631/3/6 4632/3/6
f 4633/3/5 4634/3/5 4635/3/5 4636/3/5
f 4637/3/6 4638/3/6 4639/3/6 4640/3/6
f 4641/3/5 4642/3/5 4643/3/5 4644/3/5
f 4645/3/6 4646/3/6 4647/3/6 4648/3/6
f 4649/3/5 4650/3/5 4651/3/5 4652/3/5
f 4653/3/6 4654/3/6 4655/3/6 4656/3/6
f 4657/3/5 4658/3/5 4659/3/5 4660/3/5
f 4661/3/6 4662/3/6 4663/3/6 4664/3/6
f 4665/3/5 4666/3/5 4667/3/5 4668/3/5
f 4669/3/6 4670/3/6 4671/3/6 4672/3/6
f 4673/3/5 4674/3/5 4675/3/5 4676/3/5
f 4677/3/6 4678/3/6 4679/3/6 4680/3/6
f 4681/3/5 4682/3/5 4683/3/5 4684/3/5
f 4685/3/6 4686/3/6 4687/3/6 4688/3/6
f 4689/3/5 4690/3/5 4691/3/5 4692/3/5
f 4693/3/6 4694/3/6 4695/3/6 4696/3/6
f 4697/3/5 4698/3/5 4699/3/5 4700/3/5
f 4701/3/6 4702/3/6 4703/3/6 4704/3/6
f 4705/3/5 4706/3/5 4707/3/5 4708/3/5
f 4709/3/6 4710/3/6 4711/3/6 4712/3/6
f 4713/3/5 4714/3/5 4715/3/5 4716/3/5
f 4717/3/6 4718/3/6 4719/3/6 4720/3/6
f 4721/3/5 4722/3/5 4723/3/5 4724/3/5
f 4725/3/6 4726/3/6 4727/3/6 4728/3/6
f 4729/3/5 4730/3/5 4731/3/5 4732/3/5
f 4733/3/6 4734/3/6 4735/3/6 4736/3/6
f 4737/3/5 4738/3/5 4739/3/5 4740/3/5
f 4741/3/6 4742/3/6 4743/3/6 4744/3/6
f 4745/3/5 4746/3/5 4747/3/5 4748/3/5
f 4749/3/6 4750/3/6 4751/3/6 4752/3/6
f 4753/3/2 4754/3/2 4755/3/2 4756/3/2
f 4757/3/4 4758/3/4 4759/3/4 4760/3/4
f 4761/3/5 4762/3/5 4763/3/5 4764/3/5
f 4765/3/6 4766/3/6 4767/3/6 4768/3/6
f 4769/9/1 4770/9/1 4771/9/1 4772/9/1
f 4773/9/3 4774/9/3 4775/9/3 4776/9/3
f 4777/9/5 4778/9/5 4779/9/5 4780/9/5
f 4781/9/6 4782/9/6 4783/9/6 4784/9/6
f 4785/9/5 4786/9/5 4787/9/5 4788/9/5
f 4789/9/6 4790/9/6 4791/9/6 4792/9/6
f 4793/9/5 4794/9/5 4795/9/5 4796/9/5
f 4797/9/6 4798/9/6 4799/9/6 4800/9/6
f 4801/9/5 4802/9/5 4803/9/5 4804/9/5
f 4805/9/6 4806/9/6 4807/9/6 4808/9/6
f 4809/9/5 4810/9/5 4811/9/5 4812/9/5
f 4813/9/6 4814/9/6 4815/9/6 4816/9/6
f 4817/9/2 4818/9/2 4819/9/2 4820/9/2
f 4821/9/4 4822/9/4 4823/9/4 4824/9/4
f 4825/9/5 4826/9/5 4827/9/5 4828/9/5
f 4829/9/6 4830/9/6 4831/9/6 4832/9/6
f 4833/8/1 4834/8/1 4835/8/1 4836/8/1
f 4837/8/4 4838/8/4 4839/8/4 4840/8/4
f 4841/8/5 4842/8/5 4843/8/5 4844/8/5
f 4845/8/6 4846/8/6 4847/8/6 4848/8/6
f 4849/10/5 4850/10/5 4851/10/5 4852/10/5
f 4853/10/6 4854/10/6 4855/10/6 4856/10/6
f 4857/1/5 4858/1/5 4859/1/5 4860/1/5
f 4861/1/6 4862/1/6 4863/1/6 4864/1/6
f 4865/3/5 4866/3/5 4867/3/5 4868/3/5
f 4869/3/6 4870/3/6 4871/3/6 4872/3/6
f 4873/3/5 4874/3/5 4875/3/5 4876/3/5
f 4877/3/6 4878/3/6 4879/3/6 4880/3/6
f 4881/3/5 4882/3/5 4883/3/5 4884/3/5
f 4885/3/6 4886/3/6 4887/3/6 4888/3/6
f 4889/3/5 4890/3/5 4891/3/5 4892/3/5
f 4893/3/6 4894/3/6 4895/3/6 4896/3/6
f 4897/3/5 4898/3/5 4899/3/5 4900/3/5
f 4901/3/6 4902/3/6 4903/3/6 4904/3/6
f 4905/3/5 4906/3/5 4907/3/5 4908/3/5
f 4909/3/6 4910/3/6 4911/3/6 4912/3/6
f 4913/3/2 4914/3/2 4915/3/2 4916/3/2
f 4917/3/4 4918/3/4 4919/3/4 4920/3/4
f 4921/3/5 4922/3/5 4923/3/5 4924/3/5
f 4925/3/6 4926/3/6 4927/3/6 4928/3/6
f 4929/3/1 4930/3/1 4931/3/1 4932/3/1
f 4933/3/3 4934/3/3 4935/3/3 4936/3/3
f 4937/3/5 4938/3/5 4939/3/5 4940/3/5
f 4941/3/6 4942/3/6 4943/3/6 4944/3/6
f 4945/3/3 4946/3/3 4947/3/3 4948/3/3
f 4949/3/5 4950/3/5 4951/3/5 4952/3/5
f 4953/3/6 4954/3/6 4955/3/6 4956/3/6
f 4957/3/3 4958/3/3 4959/3/3 4960/3/3
f 4961/3/5 4962/3/5 4963/3/5 4964/3/5
f 4965/3/6 4966/3/6 4967/3/6 4968/3/6
f 4969/3/5 4970/3/5 4971/3/5 4972/3/5
f 4973/3/6 4974/3/6 4975/3/6 4976/3/6
f 4977/3/5 4978/3/5 4979/3/5 4980/3/5
f 4981/3/6 4982/3/6 4983/3/6 4984/3/6
f 4985/3/5 4986/3/5 4987/3/5 4988/3/5
f 4989/3/6 4990/3/6 4991/3/6 4992/3/6
f 4993/3/5 4994/3/5 4995/3/5 4996/3/5
f 4997/3/6 4998/3/6 4999/3/6 5000/3/6
f 5001/3/5 5002/3/5 5003/3/5 5004/3/5
f 5005/3/6 5006/3/6 5007/3/6 5008/3/6
f 5009/3/5 5010/3/5 5011/3/5 5012/3/5
f 5013/3/6 5014/3/6 5015/3/6 5016/3/6
f 5017/3/5 5018/3/5 5019/3/5 5020/3/5
f 5021/3/6 5022/3/6 5023/3/6 5024/3/6
f 5025/3/5 5026/3/5 5027/3/5 5028/3/5
f 5029/3/6 5030/3/6 5031/3/6 5032/3/6
f 5033/3/5 5034/3/5 5035/3/5 5036/3/5
f 5037/3/6 5038/3/6 5039/3/6 5040/3/6
f 5041/3/5 5042/3/5 5043/3/5 5044/3/5
f 5045/3/6 5046/3/6 5047/3/6 5048/3/6
f 5049/3/5 5050/3/5 5051/3/5 5052/3/5
f 5053/3/6 5054/3/6 5055/3/6 5056/3/6
f 5057/3/5 5058/3/5 5059/3/5 5060/3/5
f 5061/3/6 5062/3/6 5063/3/6 5064/3/6
f 5065/3/5 5066/3/5 5067/3/5 5068/3/5
f 5069/3/6 5070/3/6 5071/3/6 5072/3/6
f 5073/3/5 5074/3/5 5075/3/5 5076/3/5
f 5077/3/6 5078/3/6 5079/3/6 5080/3/6
f 5081/3/5 5082/3/5 5083/3/5 5084/3/5
f 5085/3/6 5086/3/6 5087/3/6 5088/3/6
f 5089/3/5 5090/3/5 5091/3/5 5092/3/5
f 5093/3/6 5094/3/6 5095/3/6 5096/3/6
f 5097/3/5 5098/3/5 5099/3/5 5100/3/5
f 5101/3/6 5102/3/6 5103/3/6 5104/3/6
f 5105/3/5 5106/3/5 5107/3/5 5108/3/5
f 5109/3/6 5110/3/6 5111/3/6 5112/3/6
f 5113/3/5 5114/3/5 5115/3/5 5116/3/5
f 5117/3/6 5118/3/6 5119/3/6 5120/3/6
f 5121/3/5 5122/3/5 5123/3/5 5124/3/5
f 5125/3/6 5126/3/6 5127/3/6 5128/3/6
f 5129/3/5 5130/3/5 5131/3/5 5132/3/5
f 5133/3/6 5134/3/6 5135/3/6 5136/3/6
f 5137/3/5 5138/3/5 5139/3/5 5140/3/5
f 5141/3/6 5142/3/6 5143/3/6 5144/3/6
f 5145/3/5 5146/3/5 5147/3/5 5148/3/5
f 5149/3/6 5150/3/6 5151/3/6 5152/3/6
f 5153/3/5 5154/3/5 5155/3/5 5156/3/5
f 5157/3/6 5158/3/6 5159/3/6 5160/3/6
f 5161/3/2 5162/3/2 5163/3/2 5164/3/2
f 5165/3/5 5166/3/5 5167/3/5 5168/3/5
f 5169/3/6 5170/3/6 5171/3/6 5172/3/6
f 5173/9/1 5174/9/1 5175/9/1 5176/9/1
f 5177/9/3 5178/9/3 5179/9/3 5180/9/3
f 5181/9/5 5182/9/5 5183/9/5 5184/9/5
f 5185/9/6 5186/9/6 5187/9/6 5188/9/6
f 5189/9/3 5190/9/3 5191/9/3 5192/9/3
f 5193/9/5 5194/9/5 5195/9/5 5196/9/5
f 5197/9/6 5198/9/6 5199/9/6 5200/9/6
f 5201/9/5 5202/9/5 5203/9/5 5204/9/5
f 5205/9/6 5206/9/6 5207/9/6 5208/9/6
f 5209/9/5 5210/9/5 5211/9/5 5212/9/5
f 5213/9/6 5214/9/6 5215/9/6 5216/9/6
f 5217/9/5 5218/9/5 5219/9/5 5220/9/5
f 5221/9/6 5222/9/6 5223/9/6 5224/9/6
f 5225/9/5 5226/9/5 5227/9/5 5228/9/5
f 5229/9/6 5230/9/6 5231/9/6 5232/9/6
f 5233/9/2 5234/9/2 5235/9/2 5236/9/2
f 5237/9/4 5238/9/4 5239/9/4 5240/9/4
f 5241/9/5 5242/9/5 5243/9/5 5244/9/5
f 5245/9/6 5246/9/6 5247/9/6 5248/9/6
f 5249/8/1 5250/8/1 5251/8/1 5252/8/1
f 5253/8/5 5254/8/5 5255/8/5 5256/8/5
f 5257/8/6 5258/8/6 5259/8/6 5260/8/6
f 5261/10/5 5262/10/5 5263/10/5 5264/10/5
f 5265/10/6 5266/10/6 5267/10/6 5268/10/6
f 5269/1/5 5270/1/5 5271/1/5 5272/1/5
f 5273/1/6 5274/1/6 5275/1/6 5276/1/6
f 5277/3/5 5278/3/5 5279/3/5 5280/3/5
f 5281/3/6 5282/3/6 5283/3/6 5284/3/6
f 5285/3/5 5286/3/5 5287/3/5 5288/3/5
f 5289/3/6 5290/3/6 5291/3/6 5292/3/6
f 5293/3/5 5294/3/5 5295/3/5 5296/3/5
f 5297/3/6 5298/3/6 5299/3/6 5300/3/6
f 5301/3/5 5302/3/5 5303/3/5 5304/3/5
f 5305/3/6 5306/3/6 5307/3/6 5308/3/6
f 5309/3/2 5310/3/2 5311/3/2 5312/3/2
f 5313/3/4 5314/3/4 5315/3/4 5316/3/4
f 5317/3/5 5318/3/5 5319/3/5 5320/3/5
f 5321/3/6 5322/3/6 5323/3/6 5324/3/6
f 5325/3/1 5326/3/1 5327/3/1 5328/3/1
f 5329/3/3 5330/3/3 5331/3/3 5332/3/3
f 5333/3/5 5334/3/5 5335/3/5 5336/3/5
f 5337/3/6 5338/3/6 5339/3/6 5340/3/6
f 5341/3/3 5342/3/3 5343/3/3 5344/3/3
f 5345/3/5 5346/3/5 5347/3/5 5348/3/5
f 5349/3/6 5350/3/6 5351/3/6 5352/3/6
f 5353/3/5 5354/3/5 5355/3/5 5356/3/5
f 5357/3/6 5358/3/6 5359/3/6 5360/3/6
f 5361/3/5 5362/3/5 5363/3/5 5364/3/5
f 5365/3/6 5366/3/6 5367/3/6 5368/3/6
f 5369/3/5 5370/3/5 5371/3/5 5372/3/5
f 5373/3/6 5374/3/6 5375/3/6 5376/3/6
f 5377/3/5 5378/3/5 5379/3/5 5380/3/5
f 5381/3/6 5382/3/6 5383/3/6 5384/3/6
f 5385/3/5 5386/3/5 5387/3/5 5388/3/5
f 5389/3/6 5390/3/6 5391/3/6 5392/3/6
f 5393/3/5 5394/3/5 5395/3/5 5396/3/5
f 5397/3/6 5398/3/6 5399/3/6 5400/3/6
f 5401/3/5 5402/3/5 5403/3/5 5404/3/5
f 5405/3/6 5406/3/6 5407/3/6 5408/3/6
f 5409/3/5 5410/3/5 5411/3/5 5412/3/5
f 5413/3/6 5414/3/6 5415/3/6 5416/3/6
f 5417/3/5 5418/3/5 5419/3/5 5420/3/5
f 5421/3/6 5422/3/6 5423/3/6 5424/3/6
f 5425/3/5 5426/3/5 5427/3/5 5428/3/5
f 5429/3/6 5430/3/6 5431/3/6 5432/3/6
f 5433/3/5 5434/3/5 5435/3/5 5436/3/5
f 5437/3/6 5438/3/6 5439/3/6 5440/3/6
f 5441/3/5 5442/3/5 5443/3/5 5444/3/5
f 5445/3/6 5446/3/6 5447/3/6 5448/3/6
f 5449/3/5 5450/3/5 5451/3/5 5452/3/5
f 5453/3/6 5454/3/6 5455/3/6 5456/3/6
f 5457/3/5 5458/3/5 5459/3/5 5460/3/5
f 5461/3/6 5462/3/6 5463/3/6 5464/3/6
f 5465/3/5 5466/3/5 5467/3/5 5468/3/5
f 5469/3/6 5470/3/6 5471/3/6 5472/3/6
f 5473/3/5 5474/3/5 5475/3/5 5476/3/5
f 5477/3/6 5478/3/6 5479/3/6 5480/3/6
f 5481/3/5 5482/3/5 5483/3/5 5484/3/5
f 5485/3/6 5486/3/6 5487/3/6 5488/3/6
f 5489/3/5 5490/3/5 5491/3/5 5492/3/5
f 5493/3/6 5494/3/6 5495/3/6 5496/3/6
f 5497/3/5 5498/3/5 5499/3/5 5500/3/5
f 5501/3/6 5502/3/6 5503/3/6 5504/3/6
f 5505/3/5 5506/3/5 5507/3/5 5508/3/5
f 5509/3/6 5510/3/6 5511/3/6 5512/3/6
f 5513/3/5 5514/3/5 5515/3/5 5516/3/5
f 5517/3/6 5518/3/6 5519/3/6 5520/3/6
f 5521/3/5 5522/3/5 5523/3/5 5524/3/5
f 5525/3/6 5526/3/6 5527/3/6 5528/3/6
f 5529/3/5 5530/3/5 5531/3/5 5532/3/5
f 5533/3/6 5534/3/6 5535/3/6 5536/3/6
f 5537/3/5 5538/3/5 5539/3/5 5540/3/5
f 5541/3/6 5542/3/6 5543/3/6 5544/3/6
f 5545/3/5 5546/3/5 5547/3/5 5548/3/5
f 5549/3/6 5550/3/6 5551/3/6 5552/3/6
f 5553/3/5 5554/3/5 5555/3/5 5556/3/5
f 5557/3/6 5558/3/6 5559/3/6 5560/3/6
f 5561/3/5 5562/3/5 5563/3/5 5564/3/5
f 5565/3/6 5566/3/6 5567/3/6 5568/3/6
f 5569/3/2 5570/3/2 5571/3/2 5572/3/2
f 5573/3/4 5574/3/4 5575/3/4 5576/3/4
f 5577/3/5 5578/3/5 5579/3/5 5580/3/5
f 5581/3/6 5582/3/6 5583/3/6 5584/3/6
f 5585/9/1 5586/9/1 5587/9/1 5588/9/1
f 5589/9/3 5590/9/3 5591/9/3 5592/9/3
f 5593/9/5 5594/9/5 5595/9/5 5596/9/5
f 5597/9/6 5598/9/6 5599/9/6 5600/9/6
f 5601/9/5 5602/9/5 5603/9/5 5604/9/5
f 5605/9/6 5606/9/6 5607/9/6 5608/9/6
f 5609/9/5 5610/9/5 5611/9/5 5612/9/5
f 5613/9/6 5614/9/6 5615/9/6 5616/9/6
f 5617/9/5 5618/9/5 5619/9/5 5620/9/5
f 5621/9/6 5622/9/6 5623/9/6 5624/9/6
f 5625/9/5 5626/9/5 5627/9/5 5628/9/5
f 5629/9/6 5630/9/6 5631/9/6 5632/9/6
f 5633/9/5 5634/9/5 5635/9/5 5636/9/5
f 5637/9/6 5638/9/6 5639/9/6 5640/9/6
f 5641/9/2 5642/9/2 5643/9/2 5644/9/2
f 5645/9/4 5646/9/4 5647/9/4 5648/9/4
f 5649/9/5 5650/9/5 5651/9/5 5652/9/5
f 5653/9/6 5654/9/6 5655/9/6 5656/9/6
f 5657/5/1 5658/5/1 5659/5/1 5660/5/1
f 5661/5/4 5662/5/4 5663/5/4 5664/5/4
f 5665/5/5 5666/5/5 5667/5/5 5668/5/5
f 5669/5/6 5670/5/6 5671/5/6 5672/5/6
f 5673/10/5 5674/10/5 5675/10/5 5676/10/5
f 5677/10/6 5678/10/6 5679/10/6 5680/10/6
f 5681/1/5 5682/1/5 5683/1/5 5684/1/5
f 5685/1/6 5686/1/6 5687/1/6 5688/1/6
f 5689/3/5 5690/3/5 5691/3/5 5692/3/5
f 5693/3/6 5694/3/6 5695/3/6 5696/3/6
f 5697/3/5 5698/3/5 5699/3/5 5700/3/5
f 5701/3/6 5702/3/6 5703/3/6 5704/3/6
f 5705/3/5 5706/3/5 5707/3/5 5708/3/5
f 5709/3/6 5710/3/6 5711/3/6 5712/3/6
f 5713/3/2 5714/3/2 5715/3/2 5716/3/2
f 5717/3/5 5718/3/5 5719/3/5 5720/3/5
f 5721/3/6 5722/3/6 5723/3/6 5724/3/6
f 5725/3/1 5726/3/1 5727/3/1 5728/3/1
f 5729/3/3 5730/3/3 5731/3/3 5732/3/3
f 5733/3/5 5734/3/5 5735/3/5 5736/3/5
f 5737/3/6 5738/3/6 5739/3/6 5740/3/6
f 5741/3/3 5742/3/3 5743/3/3 5744/3/3
f 5745/3/5 5746/3/5 5747/3/5 5748/3/5
f 5749/3/6 5750/3/6 5751/3/6 5752/3/6
f 5753/3/3 5754/3/3 5755/3/3 5756/3/3
f 5757/3/5 5758/3/5 5759/3/5 5760/3/5
f 5761/3/6 5762/3/6 5763/3/6 5764/3/6
f 5765/3/3 5766/3/3 5767/3/3 5768/3/3
f 5769/3/5 5770/3/5 5771/3/5 5772/3/5
f 5773/3/6 5774/3/6 5775/3/6 5776/3/6
f 5777/3/5 5778/3/5 5779/3/5 5780/3/5
f 5781/3/6 5782/3/6 5783/3/6 5784/3/6
f 5785/3/5 5786/3/5 5787/3/5 5788/3/5
f 5789/3/6 5790/3/6 5791/3/6 5792/3/6
f 5793/3/5 5794/3/5 5795/3/5 5796/3/5
f 5797/3/6 5798/3/6 5799/3/6 5800/3/6
f 5801/3/5 5802/3/5 5803/3/5 5804/3/5
f 5805/3/6 5806/3/6 5807/3/6 5808/3/6
f 5809/3/5 5810/3/5 5811/3/5 5812/3/5
f 5813/3/6 5814/3/6 5815/3/6 5816/3/6
f 5817/3/5 5818/3/5 5819/3/5 5820/3/5
f 5821/3/6 5822/3/6 5823/3/6 5824/3/6
f 5825/3/5 5826/3/5 5827/3/5 5828/3/5
f 5829/3/6 5830/3/6 5831/3/6 5832/3/6
f 5833/3/5 5834/3/5 5835/3/5 5836/3/5
f 5837/3/6 5838/3/6 5839/3/6 5840/3/6
f 5841/3/5 5842/3/5 5843/3/5 5844/3/5
f 5845/3/6 5846/3/6 5847/3/6 5848/3/6
f 5849/3/5 5850/3/5 5851/3/5 5852/3/5
f 5853/3/6 5854/3/6 5855/3/6 5856/3/6
f 5857/3/5 5858/3/5 5859/3/5 5860/3/5
f 5861/3/6 5862/3/6 5863/3/6 5864/3/6
f 5865/3/5 5866/3/5 5867/3/5 5868/3/5
f 5869/3/6 5870/3/6 5871/3/6 5872/3/6
f 5873/3/5 5874/3/5 5875/3/5 5876/3/5
f 5877/3/6 5878/3/6 5879/3/6 5880/3/6
f 5881/3/5 5882/3/5 5883/3/5 5884/3/5
f 5885/3/6 5886/3/6 5887/3/6 5888/3/6
f 5889/3/5 5890/3/5 5891/3/5 5892/3/5
f 5893/3/6 5894/3/6 5895/3/6 5896/3/6
f 5897/3/5 5898/3/5 5899/3/5 5900/3/5
f 5901/3/6 5902/3/6 5903/3/6 5904/3/6
f 5905/3/5 5906/3/5 5907/3/5 5908/3/5
f 5909/3/6 5910/3/6 5911/3/6 5912/3/6
f 5913/3/5 5914/3/5 5915/3/5 5916/3/5
f 5917/3/6 5918/3/6 5919/3/6 5920/3/6
f 5921/3/5 5922/3/5 5923/3/5 5924/3/5
f 5925/3/6 5926/3/6 5927/3/6 5928/3/6
f 5929/3/5 5930/3/5 5931/3/5 5932/3/5
f 5933/3/6 5934/3/6 5935/3/6 5936/3/6
f 5937/3/5 5938/3/5 5939/3/5 5940/3/5
f 5941/3/6 5942/3/6 5943/3/6 5944/3/6
f 5945/3/5 5946/3/5 5947/3/5 5948/3/5
f 5949/3/6 5950/3/6 5951/3/6 5952/3/6
f 5953/3/5 5954/3/5 5955/3/5 5956/3/5
f 5957/3/6 5958/3/6 5959/3/6 5960/3/6
f 5961/3/5 5962/3/5 5963/3/5 5964/3/5
f 5965/3/6 5966/3/6 5967/3/6 5968/3/6
f 5969/3/5 5970/3/5 5971/3/5 5972/3/5
f 5973/3/6 5974/3/6 5975/3/6 5976/3/6
f 5977/3/5 5978/3/5 5979/3/5 5980/3/5
f 5981/3/6 5982/3/6 5983/3/6 5984/3/6
f 5985/3/5 5986/3/5 5987/3/5 5988/3/5
f 5989/3/6 5990/3/6 5991/3/6 5992/3/6
f 5993/3/5 5994/3/5 5995/3/5 5996/3/5
f 5997/3/6 5998/3/6 5999/3/6 6000/3/6
f 6001/3/2 6002/3/2 6003/3/2 6004/3/2
f 6005/3/4 6006/3/4 6007/3/4 6008/3/4
f 6009/3/5 6010/3/5 6011/3/5 6012/3/5
f 6013/3/6 6014/3/6 6015/3/6 6016/3/6
f 6017/9/1 6018/9/1 6019/9/1 6020/9/1
f 6021/9/3 6022/9/3 6023/9/3 6024/9/3
f 6025/9/5 6026/9/5 6027/9/5 6028/9/5
f 6029/9/6 6030/9/6 6031/9/6 6032/9/6
f 6033/9/3 6034/9/3 6035/9/3 6036/9/3
f 6037/9/5 6038/9/5 6039/9/5 6040/9/5
f 6041/9/6 6042/9/6 6043/9/6 6044/9/6
f 6045/9/5 6046/9/5 6047/9/5 6048/9/5
f 6049/9/6 6050/9/6 6051/9/6 6052/9/6
f 6053/9/5 6054/9/5 6055/9/5 6056/9/5
f 6057/9/6 6058/9/6 6059/9/6 6060/9/6
f 6061/9/5 6062/9/5 6063/9/5 6064/9/5
f 6065/9/6 6066/9/6 6067/9/6 6068/9/6
f 6069/9/5 6070/9/5 6071/9/5 6072/9/5
f 6073/9/6 6074/9/6 6075/9/6 6076/9/6
f 6077/9/4 6078/9/4 6079/9/4 6080/9/4
f 6081/9/5 6082/9/5 6083/9/5 6084/9/5
f 6085/9/6 6086/9/6 6087/9/6 6088/9/6
f 6089/9/2 6090/9/2 6091/9/2 6092/9/2
f 6093/9/4 6094/9/4 6095/9/4 6096/9/4
f 6097/9/5 6098/9/5 6099/9/5 6100/9/5
f 6101/9/6 6102/9/6 6103/9/6 6104/9/6
f 6105/8/1 6106/8/1 6107/8/1 6108/8/1
f 6109/8/4 6110/8/4 6111/8/4 6112/8/4
f 6113/8/5 6114/8/5 6115/8/5 6116/8/5
f 6117/8/6 6118/8/6 6119/8/6 6120/8/6
f 6121/10/5 6122/10/5 6123/10/5 6124/10/5
f 6125/10/6 6126/10/6 6127/10/6 6128/10/6
f 6129/1/5 6130/1/5 6131/1/5 6132/1/5
f 6133/1/6 6134/1/6 6135/1/6 6136/1/6
f 6137/3/5 6138/3/5 6139/3/5 6140/3/5
f 6141/3/6 6142/3/6 6143/3/6 6144/3/6
f 6145/3/5 6146/3/5 6147/3/5 6148/3/5
f 6149/3/6 6150/3/6 6151/3/6 6152/3/6
f 6153/3/5 6154/3/5 6155/3/5 6156/3/5
f 6157/3/6 6158/3/6 6159/3/6 6160/3/6
f 6161/3/3 6162/3/3 6163/3/3 6164/3/3
f 6165/3/5 6166/3/5 6167/3/5 6168/3/5
f 6169/3/6 6170/3/6 6171/3/6 6172/3/6
f 6173/3/5 6174/3/5 6175/3/5 6176/3/5
f 6177/3/6 6178/3/6 6179/3/6 6180/3/6
f 6181/3/5 6182/3/5 6183/3/5 6184/3/5
f 6185/3/6 6186/3/6 6187/3/6 6188/3/6
f 6189/3/5 6190/3/5 6191/3/5 6192/3/5
f 6193/3/6 6194/3/6 6195/3/6 6196/3/6
f 6197/3/5 6198/3/5 6199/3/5 6200/3/5
f 6201/3/6 6202/3/6 6203/3/6 6204/3/6
f 6205/3/5 6206/3/5 6207/3/5 6208/3/5
f 6209/3/6 6210/3/6 6211/3/6 6212/3/6
f 6213/3/5 6214/3/5 6215/3/5 6216/3/5
f 6217/3/6 6218/3/6 6219/3/6 6220/3/6
f 6221/3/5 6222/3/5 6223/3/5 6224/3/5
f 6225/3/6 6226/3/6 6227/3/6 6228/3/6
f 6229/3/5 6230/3/5 6231/3/5 6232/3/5
f 6233/3/6 6234/3/6 6235/3/6 6236/3/6
f 6237/3/5 6238/3/5 6239/3/5 6240/3/5
f 6241/3/6 6242/3/6 6243/3/6 6244/3/6
f 6245/3/5 6246/3/5 6247/3/5 6248/3/5
f 6249/3/6 6250/3/6 6251/3/6 6252/3/6
f 6253/3/5 6254/3/5 6255/3/5 6256/3/5
f 6257/3/6 6258/3/6 6259/3/6 6260/3/6
f 6261/3/5 6262/3/5 6263/3/5 6264/3/5
f 6265/3/6 6266/3/6 6267/3/6 6268/3/6
f 6269/3/5 6270/3/5 6271/3/5 6272/3/5
f 6273/3/6 6274/3/6 6275/3/6 6276/3/6
f 6277/3/5 6278/3/5 6279/3/5 6280/3/5
f 6281/3/6 6282/3/6 6283/3/6 6284/3/6
f 6285/3/5 6286/3/5 6287/3/5 6288/3/5
f 6289/3/6 6290/3/6 6291/3/6 6292/3/6
f 6293/3/5 6294/3/5 6295/3/5 6296/3/5
f 6297/3/6 6298/3/6 6299/3/6 6300/3/6
f 6301/3/5 6302/3/5 6303/3/5 6304/3/5
f 6305/3/6 6306/3/6 6307/3/6 6308/3/6
f 6309/3/5 6310/3/5 6311/3/5 6312/3/5
f 6313/3/6 6314/3/6 6315/3/6 6316/3/6
f 6317/3/5 6318/3/5 6319/3/5 6320/3/5
f 6321/3/6 6322/3/6 6323/3/6 6324/3/6
f 6325/3/5 6326/3/5 6327/3/5 6328/3/5
f 6329/3/6 6330/3/6 6331/3/6 6332/3/6
f 6333/3/5 6334/3/5 6335/3/5 6336/3/5
f 6337/3/6 6338/3/6 6339/3/6 6340/3/6
f 6341/3/5 6342/3/5 6343/3/5 6344/3/5
f 6345/3/6 6346/3/6 6347/3/6 6348/3/6
f 6349/3/5 6350/3/5 6351/3/5 6352/3/5
f 6353/3/6 6354/3/6 6355/3/6 6356/3/6
f 6357/3/5 6358/3/5 6359/3/5 6360/3/5
f 6361/3/6 6362/3/6 6363/3/6 6364/3/6
f 6365/3/5 6366/3/5 6367/3/5 6368/3/5
f 6369/3/6 6370/3/6 6371/3/6 6372/3/6
f 6373/3/5 6374/3/5 6375/3/5 6376/3/5
f 6377/3/6 6378/3/6 6379/3/6 6380/3/6
f 6381/3/5 6382/3/5 6383/3/5 6384/3/5
f 6385/3/6 6386/3/6 6387/3/6 6388/3/6
f 6389/3/5 6390/3/5 6391/3/5 6392/3/5
f 6393/3/6 6394/3/6 6395/3/6 6396/3/6
f 6397/3/5 6398/3/5 6399/3/5 6400/3/5
f 6401/3/6 6402/3/6 6403/3/6 6404/3/6
f 6405/3/5 6406/3/5 6407/3/5 6408/3/5
f 6409/3/6 6410/3/6 6411/3/6 6412/3/6
f 6413/3/5 6414/3/5 6415/3/5 6416/3/5
f 6417/3/6 6418/3/6 6419/3/6 6420/3/6
f 6421/3/2 6422/3/2 6423/3/2 6424/3/2
f 6425/3/4 6426/3/4 6427/3/4 6428/3/4
f 6429/3/5 6430/3/5 6431/3/5 6432/3/5
f 6433/3/6 6434/3/6 6435/3/6 6436/3/6
f 6437/9/1 6438/9/1 6439/9/1 6440/9/1
f 6441/9/3 6442/9/3 6443/9/3 6444/9/3
f 6445/9/5 6446/9/5 6447/9/5 6448/9/5
f 6449/9/6 6450/9/6 6451/9/6 6452/9/6
f 6453/9/5 6454/9/5 6455/9/5 6456/9/5
f 6457/9/6 6458/9/6 6459/9/6 6460/9/6
f 6461/9/5 6462/9/5 6463/9/5 6464/9/5
f 6465/9/6 6466/9/6 6467/9/6 6468/9/6
f 6469/9/5 6470/9/5 6471/9/5 6472/9/5
f 6473/9/6 6474/9/6 6475/9/6 6476/9/6
f 6477/9/5 6478/9/5 6479/9/5 6480/9/5
f 6481/9/6 6482/9/6 6483/9/6 6484/9/6
f 6485/9/5 6486/9/5 6487/9/5 6488/9/5
f 6489/9/6 6490/9/6 6491/9/6 6492/9/6
f 6493/9/2 6494/9/2 6495/9/2 6496/9/2
f 6497/9/4 6498/9/4 6499/9/4 6500/9/4
f 6501/9/5 6502/9/5 6503/9/5 6504/9/5
f 6505/9/6 6506/9/6 6507/9/6 6508/9/6
f 6509/8/1 6510/8/1 6511/8/1 6512/8/1
f 6513/8/4 6514/8/4 6515/8/4 6516/8/4
f 6517/8/5 6518/8/5 6519/8/5 6520/8/5
f 6521/8/6 6522/8/6 6523/8/6 6524/8/6
f 6525/10/5 6526/10/5 6527/10/5 6528/10/5
f 6529/10/6 6530/10/6 6531/10/6 6532/10/6
f 6533/1/5 6534/1/5 6535/1/5 6536/1/5
f 6537/1/6 6538/1/6 6539/1/6 6540/1/6
f 6541/3/5 6542/3/5 6543/3/5 6544/3/5
f 6545/3/6 6546/3/6 6547/3/6 6548/3/6
f 6549/3/5 6550/3/5 6551/3/5 6552/3/5
f 6553/3/6 6554/3/6 6555/3/6 6556/3/6
f 6557/3/5 6558/3/5 6559/3/5 6560/3/5
f 6561/3/6 6562/3/6 6563/3/6 6564/3/6
f 6565/3/5 6566/3/5 6567/3/5 6568/3/5
f 6569/3/6 6570/3/6 6571/3/6 6572/3/6
f 6573/3/5 6574/3/5 6575/3/5 6576/3/5
f 6577/3/6 6578/3/6 6579/3/6 6580/3/6
f 6581/3/5 6582/3/5 6583/3/5 6584/3/5
f 6585/3/6 6586/3/6 6587/3/6 6588/3/6
f 6589/3/5 6590/3/5 6591/3/5 6592/3/5
f 6593/3/6 6594/3/6 6595/3/6 6596/3/6
f 6597/3/5 6598/3/5 6599/3/5 6600/3/5
f 6601/3/6 6602/3/6 6603/3/6 6604/3/6
f 6605/3/5 6606/3/5 6607/3/5 6608/3/5
f 6609/3/6 6610/3/6 6611/3/6 6612/3/6
f 6613/3/5 6614/3/5 6615/3/5 6616/3/5
f 6617/3/6 6618/3/6 6619/3/6 6620/3/6
f 6621/3/5 6622/3/5 6623/3/5 6624/3/5
f 6625/3/6 6626/3/6 6627/3/6 6628/3/6
f 6629/3/5 6630/3/5 6631/3/5 6632/3/5
f 6633/3/6 6634/3/6 6635/3/6 6636/3/6
f 6637/3/5 6638/3/5 6639/3/5 6640/3/5
f 6641/3/6 6642/3/6 6643/3/6 6644/3/6
f 6645/3/5 6646/3/5 6647/3/5 6648/3/5
f 6649/3/6 6650/3/6 6651/3/6 6652/3/6
f 6653/3/5 6654/3/5 6655/3/5 6656/3/5
f 6657/3/6 6658/3/6 6659/3/6 6660/3/6
f 6661/3/5 6662/3/5 6663/3/5 6664/3/5
f 6665/3/6 6666/3/6 6667/3/6 6668/3/6
f 6669/3/5 6670/3/5 6671/3/5 6672/3/5
f 6673/3/6 6674/3/6 6675/3/6 6676/3/6
f 6677/3/5 6678/3/5 6679/3/5 6680/3/5
f 6681/3/6 6682/3/6 6683/3/6 6684/3/6
f 6685/3/5 6686/3/5 6687/3/5 6688/3/5
f 6689/3/6 6690/3/6 6691/3/6 6692/3/6
f 6693/3/5 6694/3/5 6695/3/5 6696/3/5
f 6697/3/6 6698/3/6 6699/3/6 6700/3/6
f 6701/3/5 6702/3/5 6703/3/5 6704/3/5
f 6705/3/6 6706/3/6 6707/3/6 6708/3/6
f 6709/3/5 6710/3/5 6711/3/5 6712/3/5
f 6713/3/6 6714/3/6 6715/3/6 6716/3/6
f 6717/3/5 6718/3/5 6719/3/5 6720/3/5
f 6721/3/6 6722/3/6 6723/3/6 6724/3/6
f 6725/3/5 6726/3/5 6727/3/5 6728/3/5
f 6729/3/6 6730/3/6 6731/3/6 6732/3/6
f 6733/3/5 6734/3/5 6735/3/5 6736/3/5
f 6737/3/6 6738/3/6 6739/3/6 6740/3/6
f 6741/3/5 6742/3/5 6743/3/5 6744/3/5
f 6745/3/6 6746/3/6 6747/3/6 6748/3/6
f 6749/3/5 6750/3/5 6751/3/5 6752/3/5
f 6753/3/6 6754/3/6 6755/3/6 6756/3/6
f 6757/3/5 6758/3/5 6759/3/5 6760/3/5
f 6761/3/6 6762/3/6 6763/3/6 6764/3/6
f 6765/3/5 6766/3/5 6767/3/5 6768/3/5
f 6769/3/6 6770/3/6 6771/3/6 6772/3/6
f 6773/3/5 6774/3/5 6775/3/5 6776/3/5
f 6777/3/6 6778/3/6 6779/3/6 6780/3/6
f 6781/3/5 6782/3/5 6783/3/5 6784/3/5
f 6785/3/6 6786/3/6 6787/3/6 6788/3/6
f 6789/3/5 6790/3/5 6791/3/5 6792/3/5
f 6793/3/6 6794/3/6 6795/3/6 6796/3/6
f 6797/3/4 6798/3/4 6799/3/4 6800/3/4
f 6801/3/5 6802/3/5 6803/3/5 6804/3/5
f 6805/3/6 6806/3/6 6807/3/6 6808/3/6
f 6809/3/2 6810/3/2 6811/3/2 6812/3/2
f 6813/3/4 6814/3/4 6815/3/4 6816/3/4
f 6817/3/5 6818/3/5 6819/3/5 6820/3/5
f 6821/3/6 6822/3/6 6823/3/6 6824/3/6
f 6825/9/1 6826/9/1 6827/9/1 6828/9/1
f 6829/9/3 6830/9/3 6831/9/3 6832/9/3
f 6833/9/5 6834/9/5 6835/9/5 6836/9/5
f 6837/9/6 6838/9/6 6839/9/6 6840/9/6
f 6841/9/3 6842/9/3 6843/9/3 6844/9/3
f 6845/9/5 6846/9/5 6847/9/5 6848/9/5
f 6849/9/6 6850/9/6 6851/9/6 6852/9/6
f 6853/9/5 6854/9/5 6855/9/5 6856/9/5
f 6857/9/6 6858/9/6 6859/9/6 6860/9/6
f 6861/9/5 6862/9/5 6863/9/5 6864/9/5
f 6865/9/6 6866/9/6 6867/9/6 6868/9/6
f 6869/9/5 6870/9/5 6871/9/5 6872/9/5
f 6873/9/6 6874/9/6 6875/9/6 6876/9/6
f 6877/9/5 6878/9/5 6879/9/5 6880/9/5
f 6881/9/6 6882/9/6 6883/9/6 6884/9/6
f 6885/9/4 6886/9/4 6887/9/4 6888/9/4
f 6889/9/5 6890/9/5 6891/9/5 6892/9/5
f 6893/9/6 6894/9/6 6895/9/6 6896/9/6
f 6897/9/2 6898/9/2 6899/9/2 6900/9/2
f 6901/9/4 6902/9/4 6903/9/4 6904/9/4
f 6905/9/5 6906/9/5 6907/9/5 6908/9/5
f 6909/9/6 6910/9/6 6911/9/6 6912/9/6
f 6913/8/1 6914/8/1 6915/8/1 6916/8/1
f 6917/8/4 6918/8/4 6919/8/4 6920/8/4
f 6921/8/5 6922/8/5 6923/8/5 6924/8/5
f 6925/8/6 6926/8/6 6927/8/6 6928/8/6
f 6929/10/5 6930/10/5 6931/10/5 6932/10/5
f 6933/10/6 6934/10/6 6935/10/6 6936/10/6
f 6937/1/5 6938/1/5 6939/1/5 6940/1/5
f 6941/1/6 6942/1/6 6943/1/6 6944/1/6
f 6945/3/5 6946/3/5 6947/3/5 6948/3/5
f 6949/3/6 6950/3/6 6951/3/6 6952/3/6
f 6953/3/5 6954/3/5 6955/3/5 6956/3/5
f 6957/3/6 6958/3/6 6959/3/6 6960/3/6
f 6961/3/5 6962/3/5 6963/3/5 6964/3/5
f 6965/3/6 6966/3/6 6967/3/6 6968/3/6
f 6969/3/5 6970/3/5 6971/3/5 6972/3/5
f 6973/3/6 6974/3/6 6975/3/6 6976/3/6
f 6977/3/5 6978/3/5 6979/3/5 6980/3/5
f 6981/3/6 6982/3/6 6983/3/6 6984/3/6
f 6985/3/5 6986/3/5 6987/3/5 6988/3/5
f 6989/3/6 6990/3/6 6991/3/6 6992/3/6
f 6993/3/5 6994/3/5 6995/3/5 6996/3/5
f 6997/3/6 6998/3/6 6999/3/6 7000/3/6
f 7001/3/5 7002/3/5 7003/3/5 7004/3/5
f 7005/3/6 7006/3/6 7007/3/6 7008/3/6
f 7009/3/5 7010/3/5 7011/3/5 7012/3/5
f 7013/3/6 7014/3/6 7015/3/6 7016/3/6
f 7017/3/5 7018/3/5 7019/3/5 7020/3/5
f 7021/3/6 7022/3/6 7023/3/6 7024/3/6
f 7025/3/5 7026/3/5 7027/3/5 7028/3/5
f 7029/3/6 7030/3/6 7031/3/6 7032/3/6
f 7033/3/5 7034/3/5 7035/3/5 7036/3/5
f 7037/3/6 7038/3/6 7039/3/6 7040/3/6
f 7041/3/5 7042/3/5 7043/3/5 7044/3/5
f 7045/3/6 7046/3/6 7047/3/6 7048/3/6
f 7049/3/5 7050/3/5 7051/3/5 7052/3/5
f 7053/3/6 7054/3/6 7055/3/6 7056/3/6
f 7057/3/5 7058/3/5 7059/3/5 7060/3/5
f 7061/3/6 7062/3/6 7063/3/6 7064/3/6
f 7065/3/5 7066/3/5 7067/3/5 7068/3/5
f 7069/3/6 7070/3/6 7071/3/6 7072/3/6
f 7073/3/5 7074/3/5 7075/3/5 7076/3/5
f 7077/3/6 7078/3/6 7079/3/6 7080/3/6
f 7081/3/5 7082/3/5 7083/3/5 7084/3/5
f 7085/3/6 7086/3/6 7087/3/6 7088/3/6
f 7089/3/5 7090/3/5 7091/3/5 7092/3/5
f 7093/3/6 7094/3/6 7095/3/6 7096/3/6
f 7097/3/5 7098/3/5 7099/3/5 7100/3/5
f 7101/3/6 7102/3/6 7103/3/6 7104/3/6
f 7105/3/5 7106/3/5 7107/3/5 7108/3/5
f 7109/3/6 7110/3/6 7111/3/6 7112/3/6
f 7113/3/5 7114/3/5 7115/3/5 7116/3/5
f 7117/3/6 7118/3/6 7119/3/6 7120/3/6
f 7121/3/5 7122/3/5 7123/3/5 7124/3/5
f 7125/3/6 7126/3/6 7127/3/6 7128/3/6
f 7129/3/5 7130/3/5 7131/3/5 7132/3/5
f 7133/3/6 7134/3/6 7135/3/6 7136/3/6
f 7137/3/5 7138/3/5 7139/3/5 7140/3/5
f 7141/3/6 7142/3/6 7143/3/6 7144/3/6
f 7145/3/5 7146/3/5 7147/3/5 7148/3/5
f 7149/3/6 7150/3/6 7151/3/6 7152/3/6
f 7153/3/5 7154/3/5 7155/3/5 7156/3/5
f 7157/3/6 7158/3/6 7159/3/6 7160/3/6
f 7161/3/5 7162/3/5 7163/3/5 7164/3/5
f 7165/3/6 7166/3/6 7167/3/6 7168/3/6
f 7169/3/4 7170/3/4 7171/3/4 7172/3/4
f 7173/3/5 7174/3/5 7175/3/5 7176/3/5
f 7177/3/6 7178/3/6 7179/3/6 7180/3/6
f 7181/3/4 7182/3/4 7183/3/4 7184/3/4
f 7185/3/5 7186/3/5 7187/3/5 7188/3/5
f 7189/3/6 7190/3/6 7191/3/6 7192/3/6
f 7193/3/2 7194/3/2 7195/3/2 7196/3/2
f 7197/3/4 7198/3/4 7199/3/4 7200/3/4
f 7201/3/5 7202/3/5 7203/3/5 7204/3/5
f 7205/3/6 7206/3/6 7207/3/6 7208/3/6
f 7209/9/1 7210/9/1 7211/9/1 7212/9/1
f 7213/9/3 7214/9/3 7215/9/3 7216/9/3
f 7217/9/5 7218/9/5 7219/9/5 7220/9/5
f 7221/9/6 7222/9/6 7223/9/6 7224/9/6
f 7225/9/3 7226/9/3 7227/9/3 7228/9/3
f 7229/9/5 7230/9/5 7231/9/5 7232/9/5
f 7233/9/6 7234/9/6 7235/9/6 7236/9/6
f 7237/9/5 7238/9/5 7239/9/5 7240/9/5
f 7241/9/6 7242/9/6 7243/9/6 7244/9/6
f 7245/9/5 7246/9/5 7247/9/5 7248/9/5
f 7249/9/6 7250/9/6 7251/9/6 7252/9/6
f 7253/9/5 7254/9/5 7255/9/5 7256/9/5
f 7257/9/6 7258/9/6 7259/9/6 7260/9/6
f 7261/9/5 7262/9/5 7263/9/5 7264/9/5
f 7265/9/6 7266/9/6 7267/9/6 7268/9/6
f 7269/9/5 7270/9/5 7271/9/5 7272/9/5
f 7273/9/6 7274/9/6 7275/9/6 7276/9/6
f 7277/9/2 7278/9/2 7279/9/2 7280/9/2
f 7281/9/4 7282/9/4 7283/9/4 7284/9/4
f 7285/9/5 7286/9/5 7287/9/5 7288/9/5
f 7289/9/6 7290/9/6 7291/9/6 7292/9/6
f 7293/8/1 7294/8/1 7295/8/1 7296/8/1
f 7297/8/4 7298/8/4 7299/8/4 7300/8/4
f 7301/8/5 7302/8/5 7303/8/5 7304/8/5
f 7305/8/6 7306/8/6 7307/8/6 7308/8/6
f 7309/10/4 7310/10/4 7311/10/4 7312/10/4
f 7313/10/5 7314/10/5 7315/10/5 7316/10/5
f 7317/10/6 7318/10/6 7319/10/6 7320/10/6
f 7321/1/5 7322/1/5 7323/1/5 7324/1/5
f 7325/1/6 7326/1/6 7327/1/6 7328/1/6
f 7329/3/5 7330/3/5 7331/3/5 7332/3/5
f 7333/3/6 7334/3/6 7335/3/6 7336/3/6
f 7337/3/5 7338/3/5 7339/3/5 7340/3/5
f 7341/3/6 7342/3/6 7343/3/6 7344/3/6
f 7345/3/5 7346/3/5 7347/3/5 7348/3/5
f 7349/3/6 7350/3/6 7351/3/6 7352/3/6
f 7353/3/5 7354/3/5 7355/3/5 7356/3/5
f 7357/3/6 7358/3/6 7359/3/6 7360/3/6
f 7361/3/5 7362/3/5 7363/3/5 7364/3/5
f 7365/3/6 7366/3/6 7367/3/6 7368/3/6
f 7369/3/5 7370/3/5 7371/3/5 7372/3/5
f 7373/3/6 7374/3/6 7375/3/6 7376/3/6
f 7377/3/5 7378/3/5 7379/3/5 7380/3/5
f 7381/3/6 7382/3/6 7383/3/6 7384/3/6
f 7385/3/5 7386/3/5 7387/3/5 7388/3/5
f 7389/3/6 7390/3/6 7391/3/6 7392/3/6
f 7393/3/5 7394/3/5 7395/3/5 7396/3/5
f 7397/3/6 7398/3/6 7399/3/6 7400/3/6
f 7401/3/5 7402/3/5 7403/3/5 7404/3/5
f 7405/3/6 7406/3/6 7407/3/6 7408/3/6
f 7409/3/5 7410/3/5 7411/3/5 7412/3/5
f 7413/3/6 7414/3/6 7415/3/6 7416/3/6
f 7417/3/5 7418/3/5 7419/3/5 7420/3/5
f 7421/3/6 7422/3/6 7423/3/6 7424/3/6
f 7425/3/5 7426/3/5 7427/3/5 7428/3/5
f 7429/3/6 7430/3/6 7431/3/6 7432/3/6
f 7433/3/5 7434/3/5 7435/3/5 7436/3/5
f 7437/3/6 7438/3/6 7439/3/6 7440/3/6
f 7441/3/5 7442/3/5 7443/3/5 7444/3/5
f 7445/3/6 7446/3/6 7447/3/6 7448/3/6
f 7449/3/5 7450/3/5 7451/3/5 7452/3/5
f 7453/3/6 7454/3/6 7455/3/6 7456/3/6
f 7457/3/5 7458/3/5 7459/3/5 7460/3/5
f 7461/3/6 7462/3/6 7463/3/6 7464/3/6
f 7465/3/5 7466/3/5 7467/3/5 7468/3/5
f 7469/3/6 7470/3/6 7471/3/6 7472/3/6
f 7473/3/5 7474/3/5 7475/3/5 7476/3/5
f 7477/3/6 7478/3/6 7479/3/6 7480/3/6
f 7481/3/5 7482/3/5 7483/3/5 7484/3/5
f 7485/3/6 7486/3/6 7487/3/6 7488/3/6
f 7489/3/5 7490/3/5 7491/3/5 7492/3/5
f 7493/3/6 7494/3/6 7495/3/6 7496/3/6
f 7497/3/5 7498/3/5 7499/3/5 7500/3/5
f 7501/3/6 7502/3/6 7503/3/6 7504/3/6
f 7505/3/5 7506/3/5 7507/3/5 7508/3/5
f 7509/3/6 7510/3/6 7511/3/6 7512/3/6
f 7513/3/4 7514/3/4 7515/3/4 7516/3/4
f 7517/3/5 7518/3/5 7519/3/5 7520/3/5
f 7521/3/6 7522/3/6 7523/3/6 7524/3/6
f 7525/3/4 7526/3/4 7527/3/4 7528/3/4
f 7529/3/5 7530/3/5 7531/3/5 7532/3/5
f 7533/3/6 7534/3/6 7535/3/6 7536/3/6
f 7537/3/4 7538/3/4 7539/3/4 7540/3/4
f 7541/3/5 7542/3/5 7543/3/5 7544/3/5
f 7545/3/6 7546/3/6 7547/3/6 7548/3/6
f 7549/3/2 7550/3/2 7551/3/2 7552/3/2
f 7553/3/4 7554/3/4 7555/3/4 7556/3/4
f 7557/3/5 7558/3/5 7559/3/5 7560/3/5
f 7561/3/6 7562/3/6 7563/3/6 7564/3/6
f 7565/9/1 7566/9/1 7567/9/1 7568/9/1
f 7569/9/3 7570/9/3 7571/9/3 7572/9/3
f 7573/9/5 7574/9/5 7575/9/5 7576/9/5
f 7577/9/6 7578/9/6 7579/9/6 7580/9/6
f 7581/9/3 7582/9/3 7583/9/3 7584/9/3
f 7585/9/5 7586/9/5 7587/9/5 7588/9/5
f 7589/9/6 7590/9/6 7591/9/6 7592/9/6
f 7593/9/3 7594/9/3 7595/9/3 7596/9/3
f 7597/9/5 7598/9/5 7599/9/5 7600/9/5
f 7601/9/6 7602/9/6 7603/9/6 7604/9/6
f 7605/9/5 7606/9/5 7607/9/5 7608/9/5
f 7609/9/6 7610/9/6 7611/9/6 7612/9/6
f 7613/9/5 7614/9/5 7615/9/5 7616/9/5
f 7617/9/6 7618/9/6 7619/9/6 7620/9/6
f 7621/9/5 7622/9/5 7623/9/5 7624/9/5
f 7625/9/6 7626/9/6 7627/9/6 7628/9/6
f 7629/9/5 7630/9/5 7631/9/5 7632/9/5
f 7633/9/6 7634/9/6 7635/9/6 7636/9/6
f 7637/9/5 7638/9/5 7639/9/5 7640/9/5
f 7641/9/6 7642/9/6 7643/9/6 7644/9/6
f 7645/9/4 7646/9/4 7647/9/4 7648/9/4
f 7649/9/5 7650/9/5 7651/9/5 7652/9/5
f 7653/9/6 7654/9/6 7655/9/6 7656/9/6
f 7657/9/2 7658/9/2 7659/9/2 7660/9/2
f 7661/9/4 7662/9/4 7663/9/4 7664/9/4
f 7665/9/5 7666/9/5 7667/9/5 7668/9/5
f 7669/9/6 7670/9/6 7671/9/6 7672/9/6
f 7673/5/1 7674/5/1 7675/5/1 7676/5/1
f 7677/5/2 7678/5/2 7679/5/2 7680/5/2
f 7681/5/3 7682/5/3 7683/5/3 7684/5/3
f 7685/5/4 7686/5/4 7687/5/4 7688/5/4
f 7689/5/5 7690/5/5 7691/5/5 7692/5/5
f 7693/5/6 7694/5/6 7695/5/6 7696/5/6
f 7697/10/1 7698/10/1 7699/10/1 7700/10/1
f 7701/10/4 7702/10/4 7703/10/4 7704/10/4
f 7705/10/5 7706/10/5 7707/10/5 7708/10/5
f 7709/10/6 7710/10/6 7711/10/6 7712/10/6
f 7713/1/5 7714/1/5 7715/1/5 7716/1/5
f 7717/1/6 7718/1/6 7719/1/6 7720/1/6
f 7721/3/5 7722/3/5 7723/3/5 7724/3/5
f 7725/3/6 7726/3/6 7727/3/6 7728/3/6
f 7729/3/5 7730/3/5 7731/3/5 7732/3/5
f 7733/3/6 7734/3/6 7735/3/6 7736/3/6
f 7737/3/5 7738/3/5 7739/3/5 7740/3/5
f 7741/3/6 7742/3/6 7743/3/6 7744/3/6
f 7745/3/5 7746/3/5 7747/3/5 7748/3/5
f 7749/3/6 7750/3/6 7751/3/6 7752/3/6
f 7753/3/5 7754/3/5 7755/3/5 7756/3/5
f 7757/3/6 7758/3/6 7759/3/6 7760/3/6
f 7761/3/5 7762/3/5 7763/3/5 7764/3/5
f 7765/3/6 7766/3/6 7767/3/6 7768/3/6
f 7769/3/5 7770/3/5 7771/3/5 7772/3/5
f 7773/3/6 7774/3/6 7775/3/6 7776/3/6
f 7777/3/5 7778/3/5 7779/3/5 7780/3/5
f 7781/3/6 7782/3/6 7783/3/6 7784/3/6
f 7785/3/5 7786/3/5 7787/3/5 7788/3/5
f 7789/3/6 7790/3/6 7791/3/6 7792/3/6
f 7793/3/5 7794/3/5 7795/3/5 7796/3/5
f 7797/3/6 7798/3/6 7799/3/6 7800/3/6
f 7801/3/5 7802/3/5 7803/3/5 7804/3/5
f 7805/3/6 7806/3/6 7807/3/6 7808/3/6
f 7809/3/5 7810/3/5 7811/3/5 7812/3/5
f 7813/3/6 7814/3/6 7815/3/6 7816/3/6
f 7817/3/5 7818/3/5 7819/3/5 7820/3/5
f 7821/3/6 7822/3/6 7823/3/6 7824/3/6
f 7825/3/5 7826/3/5 7827/3/5 7828/3/5
f 7829/3/6 7830/3/6 7831/3/6 7832/3/6
f 7833/3/5 7834/3/5 7835/3/5 7836/3/5
f 7837/3/6 7838/3/6 7839/3/6 7840/3/6
f 7841/3/5 7842/3/5 7843/3/5 7844/3/5
f 7845/3/6 7846/3/6 7847/3/6 7848/3/6
f 7849/3/5 7850/3/5 7851/3/5 7852/3/5
f 7853/3/6 7854/3/6 7855/3/6 7856/3/6
f 7857/3/5 7858/3/5 7859/3/5 7860/3/5
f 7861/3/6 7862/3/6 7863/3/6 7864/3/6
f 7865/3/5 7866/3/5 7867/3/5 7868/3/5
f 7869/3/6 7870/3/6 7871/3/6 7872/3/6
f 7873/3/4 7874/3/4 7875/3/4 7876/3/4
f 7877/3/5 7878/3/5 7879/3/5 7880/3/5
f 7881/3/6 7882/3/6 7883/3/6 7884/3/6
f 7885/3/4 7886/3/4 7887/3/4 7888/3/4
f 7889/3/5 7890/3/5 7891/3/5 7892/3/5
f 7893/3/6 7894/3/6 7895/3/6 7896/3/6
f 7897/3/2 7898/3/2 7899/3/2 7900/3/2
f 7901/3/4 7902/3/4 7903/3/4 7904/3/4
f 7905/3/5 7906/3/5 7907/3/5 7908/3/5
f 7909/3/6 7910/3/6 7911/3/6 7912/3/6
f 7913/9/1 7914/9/1 7915/9/1 7916/9/1
f 7917/9/3 7918/9/3 7919/9/3 7920/9/3
f 7921/9/5 7922/9/5 7923/9/5 7924/9/5
f 7925/9/6 7926/9/6 7927/9/6 7928/9/6
f 7929/9/3 7930/9/3 7931/9/3 7932/9/3
f 7933/9/5 7934/9/5 7935/9/5 7936/9/5
f 7937/9/6 7938/9/6 7939/9/6 7940/9/6
f 7941/9/5 7942/9/5 7943/9/5 7944/9/5
f 7945/9/6 7946/9/6 7947/9/6 7948/9/6
f 7949/9/5 7950/9/5 7951/9/5 7952/9/5
f 7953/9/6 7954/9/6 7955/9/6 7956/9/6
f 7957/9/5 7958/9/5 7959/9/5 7960/9/5
f 7961/9/6 7962/9/6 7963/9/6 7964/9/6
f 7965/9/5 7966/9/5 7967/9/5 7968/9/5
f 7969/9/6 7970/9/6 7971/9/6 7972/9/6
f 7973/9/5 7974/9/5 7975/9/5 7976/9/5
f 7977/9/6 7978/9/6 7979/9/6 7980/9/6
f 7981/9/4 7982/9/4 7983/9/4 7984/9/4
f 7985/9/5 7986/9/5 7987/9/5 7988/9/5
f 7989/9/6 7990/9/6 7991/9/6 7992/9/6
f 7993/9/4 7994/9/4 7995/9/4 7996/9/4
f 7997/9/5 7998/9/5 7999/9/5 8000/9/5
f 8001/9/6 8002/9/6 8003/9/6 8004/9/6
f 8005/9/2 8006/9/2 8007/9/2 8008/9/2
f 8009/9/4 8010/9/4 8011/9/4 8012/9/4
f 8013/9/5 8014/9/5 8015/9/5 8016/9/5
f 8017/9/6 8018/9/6 8019/9/6 8020/9/6
f 8021/10/1 8022/10/1 8023/10/1 8024/10/1
f 8025/10/3 8026/10/3 8027/10/3 8028/10/3
f 8029/10/4 8030/10/4 8031/10/4 8032/10/4
f 8033/10/5 8034/10/5 8035/10/5 8036/10/5
f 8037/10/6 8038/10/6 8039/10/6 8040/10/6
f 8041/8/2 8042/8/2 8043/8/2 8044/8/2
f 8045/8/3 8046/8/3 8047/8/3 8048/8/3
f 8049/8/4 8050/8/4 8051/8/4 8052/8/4
f 8053/8/5 8054/8/5 8055/8/5 8056/8/5
f 8057/8/6 8058/8/6 8059/8/6 8060/8/6
f 8061/10/1 8062/10/1 8063/10/1 8064/10/1
f 8065/10/4 8066/10/4 8067/10/4 8068/10/4
f 8069/10/5 8070/10/5 8071/10/5 8072/10/5
f 8073/10/6 8074/10/6 8075/10/6 8076/10/6
f 8077/1/5 8078/1/5 8079/1/5 8080/1/5
f 8081/1/6 8082/1/6 8083/1/6 8084/1/6
f 8085/1/5 8086/1/5 8087/1/5 8088/1/5
f 8089/1/6 8090/1/6 8091/1/6 8092/1/6
f 8093/3/5 8094/3/5 8095/3/5 8096/3/5
f 8097/3/6 8098/3/6 8099/3/6 8100/3/6
f 8101/3/5 8102/3/5 8103/3/5 8104/3/5
f 8105/3/6 8106/3/6 8107/3/6 8108/3/6
f 8109/3/5 8110/3/5 8111/3/5 8112/3/5
f 8113/3/6 8114/3/6 8115/3/6 8116/3/6
f 8117/3/5 8118/3/5 8119/3/5 8120/3/5
f 8121/3/6 8122/3/6 8123/3/6 8124/3/6
f 8125/3/5 8126/3/5 8127/3/5 8128/3/5
f 8129/3/6 8130/3/6 8131/3/6 8132/3/6
f 8133/3/5 8134/3/5 8135/3/5 8136/3/5
f 8137/3/6 8138/3/6 8139/3/6 8140/3/6
f 8141/3/5 8142/3/5 8143/3/5 8144/3/5
f 8145/3/6 8146/3/6 8147/3/6 8148/3/6
f 8149/3/5 8150/3/5 8151/3/5 8152/3/5
f 8153/3/6 8154/3/6 8155/3/6 8156/3/6
f 8157/3/5 8158/3/5 8159/3/5 8160/3/5
f 8161/3/6 8162/3/6 8163/3/6 8164/3/6
f 8165/3/5 8166/3/5 8167/3/5 8168/3/5
f 8169/3/6 8170/3/6 8171/3/6 8172/3/6
f 8173/3/5 8174/3/5 8175/3/5 8176/3/5
f 8177/3/6 8178/3/6 8179/3/6 8180/3/6
f 8181/3/5 8182/3/5 8183/3/5 8184/3/5
f 8185/3/6 8186/3/6 8187/3/6 8188/3/6
f 8189/3/5 8190/3/5 8191/3/5 8192/3/5
f 8193/3/6 8194/3/6 8195/3/6 8196/3/6
f 8197/3/5 8198/3/5 8199/3/5 8200/3/5
f 8201/3/6 8202/3/6 8203/3/6 8204/3/6
f 8205/3/4 8206/3/4 8207/3/4 8208/3/4
f 8209/3/5 8210/3/5 8211/3/5 8212/3/5
f 8213/3/6 8214/3/6 8215/3/6 8216/3/6
f 8217/3/4 8218/3/4 8219/3/4 8220/3/4
f 8221/3/5 8222/3/5 8223/3/5 8224/3/5
f 8225/3/6 8226/3/6 8227/3/6 8228/3/6
f 8229/3/2 8230/3/2 8231/3/2 8232/3/2
f 8233/3/4 8234/3/4 8235/3/4 8236/3/4
f 8237/3/5 8238/3/5 8239/3/5 8240/3/5
f 8241/3/6 8242/3/6 8243/3/6 8244/3/6
f 8245/9/1 8246/9/1 8247/9/1 8248/9/1
f 8249/9/3 8250/9/3 8251/9/3 8252/9/3
f 8253/9/5 8254/9/5 8255/9/5 8256/9/5
f 8257/9/6 8258/9/6 8259/9/6 8260/9/6
f 8261/9/3 8262/9/3 8263/9/3 8264/9/3
f 8265/9/5 8266/9/5 8267/9/5 8268/9/5
f 8269/9/6 8270/9/6 8271/9/6 8272/9/6
f 8273/9/3 8274/9/3 8275/9/3 8276/9/3
f 8277/9/5 8278/9/5 8279/9/5 8280/9/5
f 8281/9/6 8282/9/6 8283/9/6 8284/9/6
f 8285/9/5 8286/9/5 8287/9/5 8288/9/5
f 8289/9/6 8290/9/6 8291/9/6 8292/9/6
f 8293/9/5 8294/9/5 8295/9/5 8296/9/5
f 8297/9/6 8298/9/6 8299/9/6 8300/9/6
f 8301/9/5 8302/9/5 8303/9/5 8304/9/5
f 8305/9/6 8306/9/6 8307/9/6 8308/9/6
f 8309/9/5 8310/9/5 8311/9/5 8312/9/5
f 8313/9/6 8314/9/6 8315/9/6 8316/9/6
f 8317/9/5 8318/9/5 8319/9/5 8320/9/5
f 8321/9/6 8322/9/6 8323/9/6 8324/9/6
f 8325/9/4 8326/9/4 8327/9/4 8328/9/4
f 8329/9/5 8330/9/5 8331/9/5 8332/9/5
f 8333/9/6 8334/9/6 8335/9/6 8336/9/6
f 8337/9/2 8338/9/2 8339/9/2 8340/9/2
f 8341/9/4 8342/9/4 8343/9/4 8344/9/4
f 8345/9/5 8346/9/5 8347/9/5 8348/9/5
f 8349/9/6 8350/9/6 8351/9/6 8352/9/6
f 8353/1/1 8354/1/1 8355/1/1 8356/1/1
f 8357/1/3 8358/1/3 8359/1/3 8360/1/3
f 8361/1/5 8362/1/5 8363/1/5 8364/1/5
f 8365/1/6 8366/1/6 8367/1/6 8368/1/6
f 8369/10/2 8370/10/2 8371/10/2 8372/10/2
f 8373/10/3 8374/10/3 8375/10/3 8376/10/3
f 8377/10/4 8378/10/4 8379/10/4 8380/10/4
f 8381/10/5 8382/10/5 8383/10/5 8384/10/5
f 8385/10/6 8386/10/6 8387/10/6 8388/10/6
f 8389/8/1 8390/8/1 8391/8/1 8392/8/1
f 8393/8/4 8394/8/4 8395/8/4 8396/8/4
f 8397/8/5 8398/8/5 8399/8/5 8400/8/5
f 8401/8/6 8402/8/6 8403/8/6 8404/8/6
f 8405/10/4 8406/10/4 8407/10/4 8408/10/4
f 8409/10/5 8410/10/5 8411/10/5 8412/10/5
f 8413/10/6 8414/10/6 8415/10/6 8416/10/6
f 8417/1/5 8418/1/5 8419/1/5 8420/1/5
f 8421/1/6 8422/1/6 8423/1/6 8424/1/6
f 8425/3/5 8426/3/5 8427/3/5 8428/3/5
f 8429/3/6 8430/3/6 8431/3/6 8432/3/6
f 8433/3/5 8434/3/5 8435/3/5 8436/3/5
f 8437/3/6 8438/3/6 8439/3/6 8440/3/6
f 8441/3/5 8442/3/5 8443/3/5 8444/3/5
f 8445/3/6 8446/3/6 8447/3/6 8448/3/6
f 8449/3/5 8450/3/5 8451/3/5 8452/3/5
f 8453/3/6 8454/3/6 8455/3/6 8456/3/6
f 8457/3/5 8458/3/5 8459/3/5 8460/3/5
f 8461/3/6 8462/3/6 8463/3/6 8464/3/6
f 8465/3/5 8466/3/5 8467/3/5 8468/3/5
f 8469/3/6 8470/3/6 8471/3/6 8472/3/6
f 8473/3/5 8474/3/5 8475/3/5 8476/3/5
f 8477/3/6 8478/3/6 8479/3/6 8480/3/6
f 8481/3/5 8482/3/5 8483/3/5 8484/3/5
f 8485/3/6 8486/3/6 8487/3/6 8488/3/6
f 8489/3/5 8490/3/5 8491/3/5 8492/3/5
f 8493/3/6 8494/3/6 8495/3/6 8496/3/6
f 8497/3/5 8498/3/5 8499/3/5 8500/3/5
f 8501/3/6 8502/3/6 8503/3/6 8504/3/6
f 8505/3/5 8506/3/5 8507/3/5 8508/3/5
f 8509/3/6 8510/3/6 8511/3/6 8512/3/6
f 8513/3/5 8514/3/5 8515/3/5 8516/3/5
f 8517/3/6 8518/3/6 8519/3/6 8520/3/6
f 8521/3/2 8522/3/2 8523/3/2 8524/3/2
f 8525/3/5 8526/3/5 8527/3/5 8528/3/5
f 8529/3/6 8530/3/6 8531/3/6 8532/3/6
f 8533/9/1 8534/9/1 8535/9/1 8536/9/1
f 8537/9/3 8538/9/3 8539/9/3 8540/9/3
f 8541/9/4 8542/9/4 8543/9/4 8544/9/4
f 8545/9/5 8546/9/5 8547/9/5 8548/9/5
f 8549/9/6 8550/9/6 8551/9/6 8552/9/6
f 8553/9/3 8554/9/3 8555/9/3 8556/9/3
f 8557/9/4 8558/9/4 8559/9/4 8560/9/4
f 8561/9/5 8562/9/5 8563/9/5 8564/9/5
f 8565/9/6 8566/9/6 8567/9/6 8568/9/6
f 8569/9/3 8570/9/3 8571/9/3 8572/9/3
f 8573/9/4 8574/9/4 8575/9/4 8576/9/4
f 8577/9/5 8578/9/5 8579/9/5 8580/9/5
f 8581/9/6 8582/9/6 8583/9/6 8584/9/6
f 8585/9/3 8586/9/3 8587/9/3 8588/9/3
f 8589/9/4 8590/9/4 8591/9/4 8592/9/4
f 8593/9/5 8594/9/5 8595/9/5 8596/9/5
f 8597/9/6 8598/9/6 8599/9/6 8600/9/6
f 8601/9/3 8602/9/3 8603/9/3 8604/9/3
f 8605/9/4 8606/9/4 8607/9/4 8608/9/4
f 8609/9/5 8610/9/5 8611/9/5 8612/9/5
f 8613/9/6 8614/9/6 8615/9/6 8616/9/6
f 8617/9/3 8618/9/3 8619/9/3 8620/9/3
f 8621/9/5 8622/9/5 8623/9/5 8624/9/5
f 8625/9/6 8626/9/6 8627/9/6 8628/9/6
f 8629/9/3 8630/9/3 8631/9/3 8632/9/3
f 8633/9/5 8634/9/5 8635/9/5 8636/9/5
f 8637/9/6 8638/9/6 8639/9/6 8640/9/6
f 8641/9/3 8642/9/3 8643/9/3 8644/9/3
f 8645/9/5 8646/9/5 8647/9/5 8648/9/5
f 8649/9/6 8650/9/6 8651/9/6 8652/9/6
f 8653/9/3 8654/9/3 8655/9/3 8656/9/3
f 8657/9/5 8658/9/5 8659/9/5 8660/9/5
f 8661/9/6 8662/9/6 8663/9/6 8664/9/6
f 8665/9/3 8666/9/3 8667/9/3 8668/9/3
f 8669/9/5 8670/9/5 8671/9/5 8672/9/5
f 8673/9/6 8674/9/6 8675/9/6 8676/9/6
f 8677/9/3 8678/9/3 8679/9/3 8680/9/3
f 8681/9/5 8682/9/5 8683/9/5 8684/9/5
f 8685/9/6 8686/9/6 8687/9/6 8688/9/6
f 8689/9/3 8690/9/3 8691/9/3 8692/9/3
f 8693/9/5 8694/9/5 8695/9/5 8696/9/5
f 8697/9/6 8698/9/6 8699/9/6 8700/9/6
f 8701/9/3 8702/9/3 8703/9/3 8704/9/3
f 8705/9/5 8706/9/5 8707/9/5 8708/9/5
f 8709/9/6 8710/9/6 8711/9/6 8712/9/6
f 8713/9/3 8714/9/3 8715/9/3 8716/9/3
f 8717/9/5 8718/9/5 8719/9/5 8720/9/5
f 8721/9/6 8722/9/6 8723/9/6 8724/9/6
f 8725/9/3 8726/9/3 8727/9/3 8728/9/3
f 8729/9/5 8730/9/5 8731/9/5 8732/9/5
f 8733/9/6 8734/9/6 8735/9/6 8736/9/6
f 8737/9/3 8738/9/3 8739/9/3 8740/9/3
f 8741/9/5 8742/9/5 8743/9/5 8744/9/5
f 8745/9/6 8746/9/6 8747/9/6 8748/9/6
f 8749/9/3 8750/9/3 8751/9/3 8752/9/3
f 8753/9/5 8754/9/5 8755/9/5 8756/9/5
f 8757/9/6 8758/9/6 8759/9/6 8760/9/6
f 8761/9/3 8762/9/3 8763/9/3 8764/9/3
f 8765/9/5 8766/9/5 8767/9/5 8768/9/5
f 8769/9/6 8770/9/6 8771/9/6 8772/9/6
f 8773/9/5 8774/9/5 8775/9/5 8776/9/5
f 8777/9/6 8778/9/6 8779/9/6 8780/9/6
f 8781/9/5 8782/9/5 8783/9/5 8784/9/5
f 8785/9/6 8786/9/6 8787/9/6 8788/9/6
f 8789/9/5 8790/9/5 8791/9/5 8792/9/5
f 8793/9/6 8794/9/6 8795/9/6 8796/9/6
f 8797/9/5 8798/9/5 8799/9/5 8800/9/5
f 8801/9/6 8802/9/6 8803/9/6 8804/9/6
f 8805/9/4 8806/9/4 8807/9/4 8808/9/4
f 8809/9/5 8810/9/5 8811/9/5 8812/9/5
f 8813/9/6 8814/9/6 8815/9/6 8816/9/6
f 8817/9/4 8818/9/4 8819/9/4 8820/9/4
f 8821/9/5 8822/9/5 8823/9/5 8824/9/5
f 8825/9/6 8826/9/6 8827/9/6 8828/9/6
f 8829/9/4 8830/9/4 8831/9/4 8832/9/4
f 8833/9/5 8834/9/5 8835/9/5 8836/9/5
f 8837/9/6 8838/9/6 8839/9/6 8840/9/6
f 8841/9/2 8842/9/2 8843/9/2 8844/9/2
f 8845/9/4 8846/9/4 8847/9/4 8848/9/4
f 8849/9/5 8850/9/5 8851/9/5 8852/9/5
f 8853/9/6 8854/9/6 8855/9/6 8856/9/6
f 8857/1/1 8858/1/1 8859/1/1 8860/1/1
f 8861/1/3 8862/1/3 8863/1/3 8864/1/3
f 8865/1/5 8866/1/5 8867/1/5 8868/1/5
f 8869/1/6 8870/1/6 8871/1/6 8872/1/6
f 8873/10/3 8874/10/3 8875/10/3 8876/10/3
f 8877/10/4 8878/10/4 8879/10/4 8880/10/4
f 8881/10/5 8882/10/5 8883/10/5 8884/10/5
f 8885/10/6 8886/10/6 8887/10/6 8888/10/6
f 8889/8/2 8890/8/2 8891/8/2 8892/8/2
f 8893/8/4 8894/8/4 8895/8/4 8896/8/4
f 8897/8/5 8898/8/5 8899/8/5 8900/8/5
f 8901/8/6 8902/8/6 8903/8/6 8904/8/6
f 8905/10/1 8906/10/1 8907/10/1 8908/10/1
f 8909/10/4 8910/10/4 8911/10/4 8912/10/4
f 8913/10/5 8914/10/5 8915/10/5 8916/10/5
f 8917/10/6 8918/10/6 8919/10/6 8920/10/6
f 8921/1/5 8922/1/5 8923/1/5 8924/1/5
f 8925/1/6 8926/1/6 8927/1/6 8928/1/6
f 8929/1/5 8930/1/5 8931/1/5 8932/1/5
f 8933/1/6 8934/1/6 8935/1/6 8936/1/6
f 8937/3/5 8938/3/5 8939/3/5 8940/3/5
f 8941/3/6 8942/3/6 8943/3/6 8944/3/6
f 8945/3/5 8946/3/5 8947/3/5 8948/3/5
f 8949/3/6 8950/3/6 8951/3/6 8952/3/6
f 8953/3/5 8954/3/5 8955/3/5 8956/3/5
f 8957/3/6 8958/3/6 8959/3/6 8960/3/6
f 8961/3/5 8962/3/5 8963/3/5 8964/3/5
f 8965/3/6 8966/3/6 8967/3/6 8968/3/6
f 8969/3/5 8970/3/5 8971/3/5 8972/3/5
f 8973/3/6 8974/3/6 8975/3/6 8976/3/6
f 8977/3/5 8978/3/5 8979/3/5 8980/3/5
f 8981/3/6 8982/3/6 8983/3/6 8984/3/6
f 8985/3/5 8986/3/5 8987/3/5 8988/3/5
f 8989/3/6 8990/3/6 8991/3/6 8992/3/6
f 8993/3/5 8994/3/5 8995/3/5 8996/3/5
f 8997/3/6 8998/3/6 8999/3/6 9000/3/6
f 9001/3/5 9002/3/5 9003/3/5 9004/3/5
f 9005/3/6 9006/3/6 9007/3/6 9008/3/6
f 9009/3/5 9010/3/5 9011/3/5 9012/3/5
f 9013/3/6 9014/3/6 9015/3/6 9016/3/6
f 9017/3/5 9018/3/5 9019/3/5 9020/3/5
f 9021/3/6 9022/3/6 9023/3/6 9024/3/6
f 9025/3/3 9026/3/3 9027/3/3 9028/3/3
f 9029/3/5 9030/3/5 9031/3/5 9032/3/5
f 9033/3/6 9034/3/6 9035/3/6 9036/3/6
f 9037/3/3 9038/3/3 9039/3/3 9040/3/3
f 9041/3/5 9042/3/5 9043/3/5 9044/3/5
f 9045/3/6 9046/3/6 9047/3/6 9048/3/6
f 9049/3/3 9050/3/3 9051/3/3 9052/3/3
f 9053/3/5 9054/3/5 9055/3/5 9056/3/5
f 9057/3/6 9058/3/6 9059/3/6 9060/3/6
f 9061/3/2 9062/3/2 9063/3/2 9064/3/2
f 9065/3/3 9066/3/3 9067/3/3 9068/3/3
f 9069/3/5 9070/3/5 9071/3/5 9072/3/5
f 9073/3/6 9074/3/6 9075/3/6 9076/3/6
f 9077/9/1 9078/9/1 9079/9/1 9080/9/1
f 9081/9/4 9082/9/4 9083/9/4 9084/9/4
f 9085/9/5 9086/9/5 9087/9/5 9088/9/5
f 9089/9/6 9090/9/6 9091/9/6 9092/9/6
f 9093/9/4 9094/9/4 9095/9/4 9096/9/4
f 9097/9/5 9098/9/5 9099/9/5 9100/9/5
f 9101/9/6 9102/9/6 9103/9/6 9104/9/6
f 9105/9/4 9106/9/4 9107/9/4 9108/9/4
f 9109/9/5 9110/9/5 9111/9/5 9112/9/5
f 9113/9/6 9114/9/6 9115/9/6 9116/9/6
f 9117/9/4 9118/9/4 9119/9/4 9120/9/4
f 9121/9/5 9122/9/5 9123/9/5 9124/9/5
f 9125/9/6 9126/9/6 9127/9/6 9128/9/6
f 9129/9/4 9130/9/4 9131/9/4 9132/9/4
f 9133/9/5 9134/9/5 9135/9/5 9136/9/5
f 9137/9/6 9138/9/6 9139/9/6 9140/9/6
f 9141/9/4 9142/9/4 9143/9/4 9144/9/4
f 9145/9/5 9146/9/5 9147/9/5 9148/9/5
f 9149/9/6 9150/9/6 9151/9/6 9152/9/6
f 9153/9/4 9154/9/4 9155/9/4 9156/9/4
f 9157/9/5 9158/9/5 9159/9/5 9160/9/5
f 9161/9/6 9162/9/6 9163/9/6 9164/9/6
f 9165/9/4 9166/9/4 9167/9/4 9168/9/4
f 9169/9/5 9170/9/5 9171/9/5 9172/9/5
f 9173/9/6 9174/9/6 9175/9/6 9176/9/6
f 9177/9/4 9178/9/4 9179/9/4 9180/9/4
f 9181/9/5 9182/9/5 9183/9/5 9184/9/5
f 9185/9/6 9186/9/6 9187/9/6 9188/9/6
f 9189/9/4 9190/9/4 9191/9/4 9192/9/4
f 9193/9/5 9194/9/5 9195/9/5 9196/9/5
f 9197/9/6 9198/9/6 9199/9/6 9200/9/6
f 9201/9/4 9202/9/4 9203/9/4 9204/9/4
f 9205/9/5 9206/9/5 9207/9/5 9208/9/5
f 9209/9/6 9210/9/6 9211/9/6 9212/9/6
f 9213/9/4 9214/9/4 9215/9/4 9216/9/4
f 9217/9/5 9218/9/5 9219/9/5 9220/9/5
f 9221/9/6 9222/9/6 9223/9/6 9224/9/6
f 9225/9/4 9226/9/4 9227/9/4 9228/9/4
f 9229/9/5 9230/9/5 9231/9/5 9232/9/5
f 9233/9/6 9234/9/6 9235/9/6 9236/9/6
f 9237/9/4 9238/9/4 9239/9/4 9240/9/4
f 9241/9/5 9242/9/5 9243/9/5 9244/9/5
f 9245/9/6 9246/9/6 9247/9/6 9248/9/6
f 9249/9/4 9250/9/4 9251/9/4 9252/9/4
f 9253/9/5 9254/9/5 9255/9/5 9256/9/5
f 9257/9/6 9258/9/6 9259/9/6 9260/9/6
f 9261/9/4 9262/9/4 9263/9/4 9264/9/4
f 9265/9/5 9266/9/5 9267/9/5 9268/9/5
f 9269/9/6 9270/9/6 9271/9/6 9272/9/6
f 9273/9/2 9274/9/2 9275/9/2 9276/9/2
f 9277/9/4 9278/9/4 9279/9/4 9280/9/4
f 9281/9/5 9282/9/5 9283/9/5 9284/9/5
f 9285/9/6 9286/9/6 9287/9/6 9288/9/6
f 9289/1/1 9290/1/1 9291/1/1 9292/1/1
f 9293/1/3 9294/1/3 9295/1/3 9296/1/3
f 9297/1/5 9298/1/5 9299/1/5 9300/1/5
f 9301/1/6 9302/1/6 9303/1/6 9304/1/6
f 9305/1/3 9306/1/3 9307/1/3 9308/1/3
f 9309/1/5 9310/1/5 9311/1/5 9312/1/5
f 9313/1/6 9314/1/6 9315/1/6 9316/1/6
f 9317/10/3 9318/10/3 9319/10/3 9320/10/3
f 9321/10/4 9322/10/4 9323/10/4 9324/10/4
f 9325/10/5 9326/10/5 9327/10/5 9328/10/5
f 9329/10/6 9330/10/6 9331/10/6 9332/10/6
f 9333/8/2 9334/8/2 9335/8/2 9336/8/2
f 9337/8/4 9338/8/4 9339/8/4 9340/8/4
f 9341/8/5 9342/8/5 9343/8/5 9344/8/5
f 9345/8/6 9346/8/6 9347/8/6 9348/8/6
f 9349/8/1 9350/8/1 9351/8/1 9352/8/1
f 9353/8/4 9354/8/4 9355/8/4 9356/8/4
f 9357/8/5 9358/8/5 9359/8/5 9360/8/5
f 9361/8/6 9362/8/6 9363/8/6 9364/8/6
f 9365/10/4 9366/10/4 9367/10/4 9368/10/4
f 9369/10/5 9370/10/5 9371/10/5 9372/10/5
f 9373/10/6 9374/10/6 9375/10/6 9376/10/6
f 9377/1/5 9378/1/5 9379/1/5 9380/1/5
f 9381/1/6 9382/1/6 9383/1/6 9384/1/6
f 9385/1/5 9386/1/5 9387/1/5 9388/1/5
f 9389/1/6 9390/1/6 9391/1/6 9392/1/6
f 9393/3/5 9394/3/5 9395/3/5 9396/3/5
f 9397/3/6 9398/3/6 9399/3/6 9400/3/6
f 9401/3/5 9402/3/5 9403/3/5 9404/3/5
f 9405/3/6 9406/3/6 9407/3/6 9408/3/6
f 9409/3/5 9410/3/5 9411/3/5 9412/3/5
f 9413/3/6 9414/3/6 9415/3/6 9416/3/6
f 9417/3/5 9418/3/5 9419/3/5 9420/3/5
f 9421/3/6 9422/3/6 9423/3/6 9424/3/6
f 9425/3/5 9426/3/5 9427/3/5 9428/3/5
f 9429/3/6 9430/3/6 9431/3/6 9432/3/6
f 9433/3/5 9434/3/5 9435/3/5 9436/3/5
f 9437/3/6 9438/3/6 9439/3/6 9440/3/6
f 9441/3/5 9442/3/5 9443/3/5 9444/3/5
f 9445/3/6 9446/3/6 9447/3/6 9448/3/6
f 9449/3/5 9450/3/5 9451/3/5 9452/3/5
f 9453/3/6 9454/3/6 9455/3/6 9456/3/6
f 9457/3/5 9458/3/5 9459/3/5 9460/3/5
f 9461/3/6 9462/3/6 9463/3/6 9464/3/6
f 9465/3/5 9466/3/5 9467/3/5 9468/3/5
f 9469/3/6 9470/3/6 9471/3/6 9472/3/6
f 9473/3/5 9474/3/5 9475/3/5 9476/3/5
f 9477/3/6 9478/3/6 9479/3/6 9480/3/6
f 9481/3/5 9482/3/5 9483/3/5 9484/3/5
f 9485/3/6 9486/3/6 9487/3/6 9488/3/6
f 9489/3/5 9490/3/5 9491/3/5 9492/3/5
f 9493/3/6 9494/3/6 9495/3/6 9496/3/6
f 9497/3/3 9498/3/3 9499/3/3 9500/3/3
f 9501/3/5 9502/3/5 9503/3/5 9504/3/5
f 9505/3/6 9506/3/6 9507/3/6 9508/3/6
f 9509/3/3 9510/3/3 9511/3/3 9512/3/3
f 9513/3/5 9514/3/5 9515/3/5 9516/3/5
f 9517/3/6 9518/3/6 9519/3/6 9520/3/6
f 9521/3/3 9522/3/3 9523/3/3 9524/3/3
f 9525/3/5 9526/3/5 9527/3/5 9528/3/5
f 9529/3/6 9530/3/6 9531/3/6 9532/3/6
f 9533/3/3 9534/3/3 9535/3/3 9536/3/3
f 9537/3/5 9538/3/5 9539/3/5 9540/3/5
f 9541/3/6 9542/3/6 9543/3/6 9544/3/6
f 9545/3/3 9546/3/3 9547/3/3 9548/3/3
f 9549/3/5 9550/3/5 9551/3/5 9552/3/5
f 9553/3/6 9554/3/6 9555/3/6 9556/3/6
f 9557/3/2 9558/3/2 9559/3/2 9560/3/2
f 9561/3/3 9562/3/3 9563/3/3 9564/3/3
f 9565/3/5 9566/3/5 9567/3/5 9568/3/5
f 9569/3/6 9570/3/6 9571/3/6 9572/3/6
f 9573/3/1 9574/3/1 9575/3/1 9576/3/1
f 9577/3/3 9578/3/3 9579/3/3 9580/3/3
f 9581/3/5 9582/3/5 9583/3/5 9584/3/5
f 9585/3/6 9586/3/6 9587/3/6 9588/3/6
f 9589/1/3 9590/1/3 9591/1/3 9592/1/3
f 9593/1/5 9594/1/5 9595/1/5 9596/1/5
f 9597/1/6 9598/1/6 9599/1/6 9600/1/6
f 9601/1/3 9602/1/3 9603/1/3 9604/1/3
f 9605/1/5 9606/1/5 9607/1/5 9608/1/5
f 9609/1/6 9610/1/6 9611/1/6 9612/1/6
f 9613/1/3 9614/1/3 9615/1/3 9616/1/3
f 9617/1/5 9618/1/5 9619/1/5 9620/1/5
f 9621/1/6 9622/1/6 9623/1/6 9624/1/6
f 9625/10/4 9626/10/4 9627/10/4 9628/10/4
f 9629/10/5 9630/10/5 9631/10/5 9632/10/5
f 9633/10/6 9634/10/6 9635/10/6 9636/10/6
f 9637/8/2 9638/8/2 9639/8/2 9640/8/2
f 9641/8/4 9642/8/4 9643/8/4 9644/8/4
f 9645/8/5 9646/8/5 9647/8/5 9648/8/5
f 9649/8/6 9650/8/6 9651/8/6 9652/8/6
f 9653/8/1 9654/8/1 9655/8/1 9656/8/1
f 9657/8/4 9658/8/4 9659/8/4 9660/8/4
f 9661/8/5 9662/8/5 9663/8/5 9664/8/5
f 9665/8/6 9666/8/6 9667/8/6 9668/8/6
f 9669/10/4 9670/10/4 9671/10/4 9672/10/4
f 9673/10/5 9674/10/5 9675/10/5 9676/10/5
f 9677/10/6 9678/10/6 9679/10/6 9680/10/6
f 9681/1/5 9682/1/5 9683/1/5 9684/1/5
f 9685/1/6 9686/1/6 9687/1/6 9688/1/6
f 9689/1/5 9690/1/5 9691/1/5 9692/1/5
f 9693/1/6 9694/1/6 9695/1/6 9696/1/6
f 9697/3/5 9698/3/5 9699/3/5 9700/3/5
f 9701/3/6 9702/3/6 9703/3/6 9704/3/6
f 9705/3/5 9706/3/5 9707/3/5 9708/3/5
f 9709/3/6 9710/3/6 9711/3/6 9712/3/6
f 9713/3/5 9714/3/5 9715/3/5 9716/3/5
f 9717/3/6 9718/3/6 9719/3/6 9720/3/6
f 9721/3/5 9722/3/5 9723/3/5 9724/3/5
f 9725/3/6 9726/3/6 9727/3/6 9728/3/6
f 9729/3/5 9730/3/5 9731/3/5 9732/3/5
f 9733/3/6 9734/3/6 9735/3/6 9736/3/6
f 9737/3/5 9738/3/5 9739/3/5 9740/3/5
f 9741/3/6 9742/3/6 9743/3/6 9744/3/6
f 9745/3/5 9746/3/5 9747/3/5 9748/3/5
f 9749/3/6 9750/3/6 9751/3/6 9752/3/6
f 9753/3/5 9754/3/5 9755/3/5 9756/3/5
f 9757/3/6 9758/3/6 9759/3/6 9760/3/6
f 9761/3/5 9762/3/5 9763/3/5 9764/3/5
f 9765/3/6 9766/3/6 9767/3/6 9768/3/6
f 9769/3/5 9770/3/5 9771/3/5 9772/3/5
f 9773/3/6 9774/3/6 9775/3/6 9776/3/6
f 9777/3/5 9778/3/5 9779/3/5 9780/3/5
f 9781/3/6 9782/3/6 9783/3/6 9784/3/6
f 9785/3/5 9786/3/5 9787/3/5 9788/3/5
f 9789/3/6 9790/3/6 9791/3/6 9792/3/6
f 9793/3/5 9794/3/5 9795/3/5 9796/3/5
f 9797/3/6 9798/3/6 9799/3/6 9800/3/6
f 9801/3/5 9802/3/5 9803/3/5 9804/3/5
f 9805/3/6 9806/3/6 9807/3/6 9808/3/6
f 9809/3/5 9810/3/5 9811/3/5 9812/3/5
f 9813/3/6 9814/3/6 9815/3/6 9816/3/6
f 9817/3/5 9818/3/5 9819/3/5 9820/3/5
f 9821/3/6 9822/3/6 9823/3/6 9824/3/6
f 9825/3/5 9826/3/5 9827/3/5 9828/3/5
f 9829/3/6 9830/3/6 9831/3/6 9832/3/6
f 9833/3/3 9834/3/3 9835/3/3 9836/3/3
f 9837/3/5 9838/3/5 9839/3/5 9840/3/5
f 9841/3/6 9842/3/6 9843/3/6 9844/3/6
f 9845/3/3 9846/3/3 9847/3/3 9848/3/3
f 9849/3/5 9850/3/5 9851/3/5 9852/3/5
f 9853/3/6 9854/3/6 9855/3/6 9856/3/6
f 9857/3/3 9858/3/3 9859/3/3 9860/3/3
f 9861/3/5 9862/3/5 9863/3/5 9864/3/5
f 9865/3/6 9866/3/6 9867/3/6 9868/3/6
f 9869/3/3 9870/3/3 9871/3/3 9872/3/3
f 9873/3/5 9874/3/5 9875/3/5 9876/3/5
f 9877/3/6 9878/3/6 9879/3/6 9880/3/6
f 9881/3/3 9882/3/3 9883/3/3 9884/3/3
f 9885/3/5 9886/3/5 9887/3/5 9888/3/5
f 9889/3/6 9890/3/6 9891/3/6 9892/3/6
f 9893/3/3 9894/3/3 9895/3/3 9896/3/3
f 9897/3/5 9898/3/5 9899/3/5 9900/3/5
f 9901/3/6 9902/3/6 9903/3/6 9904/3/6
f 9905/3/3 9906/3/3 9907/3/3 9908/3/3
f 9909/3/5 9910/3/5 9911/3/5 9912/3/5
f 9913/3/6 9914/3/6 9915/3/6 9916/3/6
f 9917/3/3 9918/3/3 9919/3/3 9920/3/3
f 9921/3/5 9922/3/5 9923/3/5 9924/3/5
f 9925/3/6 9926/3/6 9927/3/6 9928/3/6
f 9929/3/3 9930/3/3 9931/3/3 9932/3/3
f 9933/3/5 9934/3/5 9935/3/5 9936/3/5
f 9937/3/6 9938/3/6 9939/3/6 9940/3/6
f 9941/3/3 9942/3/3 9943/3/3 9944/3/3
f 9945/3/5 9946/3/5 9947/3/5 9948/3/5
f 9949/3/6 9950/3/6 9951/3/6 9952/3/6
f 9953/3/3 9954/3/3 9955/3/3 9956/3/3
f 9957/3/5 9958/3/5 9959/3/5 9960/3/5
f 9961/3/6 9962/3/6 9963/3/6 9964/3/6
f 9965/3/3 9966/3/3 9967/3/3 9968/3/3
f 9969/3/5 9970/3/5 9971/3/5 9972/3/5
f 9973/3/6 9974/3/6 9975/3/6 9976/3/6
f 9977/3/3 9978/3/3 9979/3/3 9980/3/3
f 9981/3/5 9982/3/5 9983/3/5 9984/3/5
f 9985/3/6 9986/3/6 9987/3/6 9988/3/6
f 9989/3/3 9990/3/3 9991/3/3 9992/3/3
f 9993/3/5 9994/3/5 9995/3/5 9996/3/5
f 9997/3/6 9998/3/6 9999/3/6 10000/3/6
f 10001/3/3 10002/3/3 10003/3/3 10004/3/3
f 10005/3/5 10006/3/5 10007/3/5 10008/3/5
f 10009/3/6 10010/3/6 10011/3/6 10012/3/6
f 10013/1/3 10014/1/3 10015/1/3 10016/1/3
f 10017/1/5 10018/1/5 10019/1/5 10020/1/5
f 10021/1/6 10022/1/6 10023/1/6 10024/1/6
f 10025/1/3 10026/1/3 10027/1/3 10028/1/3
f 10029/1/5 10030/1/5 10031/1/5 10032/1/5
f 10033/1/6 10034/1/6 10035/1/6 10036/1/6
f 10037/1/5 10038/1/5 10039/1/5 10040/1/5
f 10041/1/6 10042/1/6 10043/1/6 10044/1/6
f 10045/10/4 10046/10/4 10047/10/4 10048/10/4
f 10049/10/5 10050/10/5 10051/10/5 10052/10/5
f 10053/10/6 10054/10/6 10055/10/6 10056/10/6
f 10057/8/4 10058/8/4 10059/8/4 10060/8/4
f 10061/8/5 10062/8/5 10063/8/5 10064/8/5
f 10065/8/6 10066/8/6 10067/8/6 10068/8/6
f 10069/5/2 10070/5/2 10071/5/2 10072/5/2
f 10073/5/4 10074/5/4 10075/5/4 10076/5/4
f 10077/5/5 10078/5/5 10079/5/5 10080/5/5
f 10081/5/6 10082/5/6 10083/5/6 10084/5/6
f 10085/8/1 10086/8/1 10087/8/1 10088/8/1
f 10089/8/4 10090/8/4 10091/8/4 10092/8/4
f 10093/8/5 10094/8/5 10095/8/5 10096/8/5
f 10097/8/6 10098/8/6 10099/8/6 10100/8/6
f 10101/10/4 10102/10/4 10103/10/4 10104/10/4
f 10105/10/5 10106/10/5 10107/10/5 10108/10/5
f 10109/10/6 10110/10/6 10111/10/6 10112/10/6
f 10113/1/5 10114/1/5 10115/1/5 10116/1/5
f 10117/1/6 10118/1/6 10119/1/6 10120/1/6
f 10121/1/5 10122/1/5 10123/1/5 10124/1/5
f 10125/1/6 10126/1/6 10127/1/6 10128/1/6
f 10129/3/5 10130/3/5 10131/3/5 10132/3/5
f 10133/3/6 10134/3/6 10135/3/6 10136/3/6
f 10137/3/5 10138/3/5 10139/3/5 10140/3/5
f 10141/3/6 10142/3/6 10143/3/6 10144/3/6
f 10145/3/5 10146/3/5 10147/3/5 10148/3/5
f 10149/3/6 10150/3/6 10151/3/6 10152/3/6
f 10153/3/5 10154/3/5 10155/3/5 10156/3/5
f 10157/3/6 10158/3/6 10159/3/6 10160/3/6
f 10161/3/5 10162/3/5 10163/3/5 10164/3/5
f 10165/3/6 10166/3/6 10167/3/6 10168/3/6
f 10169/3/5 10170/3/5 10171/3/5 10172/3/5
f 10173/3/6 10174/3/6 10175/3/6 10176/3/6
f 10177/3/5 10178/3/5 10179/3/5 10180/3/5
f 10181/3/6 10182/3/6 10183/3/6 10184/3/6
f 10185/3/5 10186/3/5 10187/3/5 10188/3/5
f 10189/3/6 10190/3/6 10191/3/6 10192/3/6
f 10193/3/5 10194/3/5 10195/3/5 10196/3/5
f 10197/3/6 10198/3/6 10199/3/6 10200/3/6
f 10201/3/5 10202/3/5 10203/3/5 10204/3/5
f 10205/3/6 10206/3/6 10207/3/6 10208/3/6
f 10209/3/5 10210/3/5 10211/3/5 10212/3/5
f 10213/3/6 10214/3/6 10215/3/6 10216/3/6
f 10217/3/5 10218/3/5 10219/3/5 10220/3/5
f 10221/3/6 10222/3/6 10223/3/6 10224/3/6
f 10225/3/5 10226/3/5 10227/3/5 10228/3/5
f 10229/3/6 10230/3/6 10231/3/6 10232/3/6
f 10233/3/5 10234/3/5 10235/3/5 10236/3/5
f 10237/3/6 10238/3/6 10239/3/6 10240/3/6
f 10241/3/5 10242/3/5 10243/3/5 10244/3/5
f 10245/3/6 10246/3/6 10247/3/6 10248/3/6
f 10249/3/5 10250/3/5 10251/3/5 10252/3/5
f 10253/3/6 10254/3/6 10255/3/6 10256/3/6
f 10257/3/5 10258/3/5 10259/3/5 10260/3/5
f 10261/3/6 10262/3/6 10263/3/6 10264/3/6
f 10265/3/5 10266/3/5 10267/3/5 10268/3/5
f 10269/3/6 10270/3/6 10271/3/6 10272/3/6
f 10273/3/5 10274/3/5 10275/3/5 10276/3/5
f 10277/3/6 10278/3/6 10279/3/6 10280/3/6
f 10281/3/5 10282/3/5 10283/3/5 10284/3/5
f 10285/3/6 10286/3/6 10287/3/6 10288/3/6
f 10289/3/5 10290/3/5 10291/3/5 10292/3/5
f 10293/3/6 10294/3/6 10295/3/6 10296/3/6
f 10297/3/5 10298/3/5 10299/3/5 10300/3/5
f 10301/3/6 10302/3/6 10303/3/6 10304/3/6
f 10305/3/5 10306/3/5 10307/3/5 10308/3/5
f 10309/3/6 10310/3/6 10311/3/6 10312/3/6
f 10313/3/5 10314/3/5 10315/3/5 10316/3/5
f 10317/3/6 10318/3/6 10319/3/6 10320/3/6
f 10321/3/5 10322/3/5 10323/3/5 10324/3/5
f 10325/3/6 10326/3/6 10327/3/6 10328/3/6
f 10329/3/5 10330/3/5 10331/3/5 10332/3/5
f 10333/3/6 10334/3/6 10335/3/6 10336/3/6
f 10337/3/5 10338/3/5 10339/3/5 10340/3/5
f 10341/3/6 10342/3/6 10343/3/6 10344/3/6
f 10345/1/5 10346/1/5 10347/1/5 10348/1/5
f 10349/1/6 10350/1/6 10351/1/6 10352/1/6
f 10353/1/5 10354/1/5 10355/1/5 10356/1/5
f 10357/1/6 10358/1/6 10359/1/6 10360/1/6
f 10361/1/5 10362/1/5 10363/1/5 10364/1/5
f 10365/1/6 10366/1/6 10367/1/6 10368/1/6
f 10369/10/4 10370/10/4 10371/10/4 10372/10/4
f 10373/10/5 10374/10/5 10375/10/5 10376/10/5
f 10377/10/6 10378/10/6 10379/10/6 10380/10/6
f 10381/8/4 10382/8/4 10383/8/4 10384/8/4
f 10385/8/5 10386/8/5 10387/8/5 10388/8/5
f 10389/8/6 10390/8/6 10391/8/6 10392/8/6
f 10393/5/2 10394/5/2 10395/5/2 10396/5/2
f 10397/5/4 10398/5/4 10399/5/4 10400/5/4
f 10401/5/5 10402/5/5 10403/5/5 10404/5/5
f 10405/5/6 10406/5/6 10407/5/6 10408/5/6
f 10409/8/1 10410/8/1 10411/8/1 10412/8/1
f 10413/8/4 10414/8/4 10415/8/4 10416/8/4
f 10417/8/5 10418/8/5 10419/8/5 10420/8/5
f 10421/8/6 10422/8/6 10423/8/6 10424/8/6
f 10425/10/4 10426/10/4 10427/10/4 10428/10/4
f 10429/10/5 10430/10/5 10431/10/5 10432/10/5
f 10433/10/6 10434/10/6 10435/10/6 10436/10/6
f 10437/1/5 10438/1/5 10439/1/5 10440/1/5
f 10441/1/6 10442/1/6 10443/1/6 10444/1/6
f 10445/1/5 10446/1/5 10447/1/5 10448/1/5
f 10449/1/6 10450/1/6 10451/1/6 10452/1/6
f 10453/1/5 10454/1/5 10455/1/5 10456/1/5
f 10457/1/6 10458/1/6 10459/1/6 10460/1/6
f 10461/1/5 10462/1/5 10463/1/5 10464/1/5
f 10465/1/6 10466/1/6 10467/1/6 10468/1/6
f 10469/3/5 10470/3/5 10471/3/5 10472/3/5
f 10473/3/6 10474/3/6 10475/3/6 10476/3/6
f 10477/3/5 10478/3/5 10479/3/5 10480/3/5
f 10481/3/6 10482/3/6 10483/3/6 10484/3/6
f 10485/3/5 10486/3/5 10487/3/5 10488/3/5
f 10489/3/6 10490/3/6 10491/3/6 10492/3/6
f 10493/3/5 10494/3/5 10495/3/5 10496/3/5
f 10497/3/6 10498/3/6 10499/3/6 10500/3/6
f 10501/3/5 10502/3/5 10503/3/5 10504/3/5
f 10505/3/6 10506/3/6 10507/3/6 10508/3/6
f 10509/3/5 10510/3/5 10511/3/5 10512/3/5
f 10513/3/6 10514/3/6 10515/3/6 10516/3/6
f 10517/3/5 10518/3/5 10519/3/5 10520/3/5
f 10521/3/6 10522/3/6 10523/3/6 10524/3/6
f 10525/3/5 10526/3/5 10527/3/5 10528/3/5
f 10529/3/6 10530/3/6 10531/3/6 10532/3/6
f 10533/3/5 10534/3/5 10535/3/5 10536/3/5
f 10537/3/6 10538/3/6 10539/3/6 10540/3/6
f 10541/3/5 10542/3/5 10543/3/5 10544/3/5
f 10545/3/6 10546/3/6 10547/3/6 10548/3/6
f 10549/3/5 10550/3/5 10551/3/5 10552/3/5
f 10553/3/6 10554/3/6 10555/3/6 10556/3/6
f 10557/3/5 10558/3/5 10559/3/5 10560/3/5
f 10561/3/6 10562/3/6 10563/3/6 10564/3/6
f 10565/3/5 10566/3/5 10567/3/5 10568/3/5
f 10569/3/6 10570/3/6 10571/3/6 10572/3/6
f 10573/3/5 10574/3/5 10575/3/5 10576/3/5
f 10577/3/6 10578/3/6 10579/3/6 10580/3/6
f 10581/3/5 10582/3/5 10583/3/5 10584/3/5
f 10585/3/6 10586/3/6 10587/3/6 10588/3/6
f 10589/3/5 10590/3/5 10591/3/5 10592/3/5
f 10593/3/6 10594/3/6 10595/3/6 10596/3/6
f 10597/3/5 10598/3/5 10599/3/5 10600/3/5
f 10601/3/6 10602/3/6 10603/3/6 10604/3/6
f 10605/1/5 10606/1/5 10607/1/5 10608/1/5
f 10609/1/6 10610/1/6 10611/1/6 10612/1/6
f 10613/1/5 10614/1/5 10615/1/5 10616/1/5
f 10617/1/6 10618/1/6 10619/1/6 10620/1/6
f 10621/1/5 10622/1/5 10623/1/5 10624/1/5
f 10625/1/6 10626/1/6 10627/1/6 10628/1/6
f 10629/1/5 10630/1/5 10631/1/5 10632/1/5
f 10633/1/6 10634/1/6 10635/1/6 10636/1/6
f 10637/1/5 10638/1/5 10639/1/5 10640/1/5
f 10641/1/6 10642/1/6 10643/1/6 10644/1/6
f 10645/1/5 10646/1/5 10647/1/5 10648/1/5
f 10649/1/6 10650/1/6 10651/1/6 10652/1/6
f 10653/10/4 10654/10/4 10655/10/4 10656/10/4
f 10657/10/5 10658/10/5 10659/10/5 10660/10/5
f 10661/10/6 10662/10/6 10663/10/6 10664/10/6
f 10665/8/4 10666/8/4 10667/8/4 10668/8/4
f 10669/8/5 10670/8/5 10671/8/5 10672/8/5
f 10673/8/6 10674/8/6 10675/8/6 10676/8/6
f 10677/5/2 10678/5/2 10679/5/2 10680/5/2
f 10681/5/4 10682/5/4 10683/5/4 10684/5/4
f 10685/5/5 10686/5/5 10687/5/5 10688/5/5
f 10689/5/6 10690/5/6 10691/5/6 10692/5/6
f 10693/5/1 10694/5/1 10695/5/1 10696/5/1
f 10697/5/4 10698/5/4 10699/5/4 10700/5/4
f 10701/5/5 10702/5/5 10703/5/5 10704/5/5
f 10705/5/6 10706/5/6 10707/5/6 10708/5/6
f 10709/8/4 10710/8/4 10711/8/4 10712/8/4
f 10713/8/5 10714/8/5 10715/8/5 10716/8/5
f 10717/8/6 10718/8/6 10719/8/6 10720/8/6
f 10721/10/4 10722/10/4 10723/10/4 10724/10/4
f 10725/10/5 10726/10/5 10727/10/5 10728/10/5
f 10729/10/6 10730/10/6 10731/10/6 10732/10/6
f 10733/10/4 10734/10/4 10735/10/4 10736/10/4
f 10737/10/5 10738/10/5 10739/10/5 10740/10/5
f 10741/10/6 10742/10/6 10743/10/6 10744/10/6
f 10745/1/5 10746/1/5 10747/1/5 10748/1/5
f 10749/1/6 10750/1/6 10751/1/6 10752/1/6
f 10753/1/5 10754/1/5 10755/1/5 10756/1/5
f 10757/1/6 10758/1/6 10759/1/6 10760/1/6
f 10761/1/5 10762/1/5 10763/1/5 10764/1/5
f 10765/1/6 10766/1/6 10767/1/6 10768/1/6
f 10769/1/5 10770/1/5 10771/1/5 10772/1/5
f 10773/1/6 10774/1/6 10775/1/6 10776/1/6
f 10777/1/5 10778/1/5 10779/1/5 10780/1/5
f 10781/1/6 10782/1/6 10783/1/6 10784/1/6
f 10785/1/5 10786/1/5 10787/1/5 10788/1/5
f 10789/1/6 10790/1/6 10791/1/6 10792/1/6
f 10793/1/5 10794/1/5 10795/1/5 10796/1/5
f 10797/1/6 10798/1/6 10799/1/6 10800/1/6
f 10801/1/5 10802/1/5 10803/1/5 10804/1/5
f 10805/1/6 10806/1/6 10807/1/6 10808/1/6
f 10809/1/5 10810/1/5 10811/1/5 10812/1/5
f 10813/1/6 10814/1/6 10815/1/6 10816/1/6
f 10817/1/5 10818/1/5 10819/1/5 10820/1/5
f 10821/1/6 10822/1/6 10823/1/6 10824/1/6
f 10825/1/5 10826/1/5 10827/1/5 10828/1/5
f 10829/1/6 10830/1/6 10831/1/6 10832/1/6
f 10833/1/5 10834/1/5 10835/1/5 10836/1/5
f 10837/1/6 10838/1/6 10839/1/6 10840/1/6
f 10841/1/5 10842/1/5 10843/1/5 10844/1/5
f 10845/1/6 10846/1/6 10847/1/6 10848/1/6
f 10849/1/5 10850/1/5 10851/1/5 10852/1/5
f 10853/1/6 10854/1/6 10855/1/6 10856/1/6
f 10857/1/5 10858/1/5 10859/1/5 10860/1/5
f 10861/1/6 10862/1/6 10863/1/6 10864/1/6
f 10865/1/5 10866/1/5 10867/1/5 10868/1/5
f 10869/1/6 10870/1/6 10871/1/6 10872/1/6
f 10873/1/5 10874/1/5 10875/1/5 10876/1/5
f 10877/1/6 10878/1/6 10879/1/6 10880/1/6
f 10881/10/4 10882/10/4 10883/10/4 10884/10/4
f 10885/10/5 10886/10/5 10887/10/5 10888/10/5
f 10889/10/6 10890/10/6 10891/10/6 10892/10/6
f 10893/10/4 10894/10/4 10895/10/4 10896/10/4
f 10897/10/5 10898/10/5 10899/10/5 10900/10/5
f 10901/10/6 10902/10/6 10903/10/6 10904/10/6
f 10905/10/4 10906/10/4 10907/10/4 10908/10/4
f 10909/10/5 10910/10/5 10911/10/5 10912/10/5
f 10913/10/6 10914/10/6 10915/10/6 10916/10/6
f 10917/10/4 10918/10/4 10919/10/4 10920/10/4
f 10921/10/5 10922/10/5 10923/10/5 10924/10/5
f 10925/10/6 10926/10/6 10927/10/6 10928/10/6
f 10929/8/4 10930/8/4 10931/8/4 10932/8/4
f 10933/8/5 10934/8/5 10935/8/5 10936/8/5
f 10937/8/6 10938/8/6 10939/8/6 10940/8/6
f 10941/5/2 10942/5/2 10943/5/2 10944/5/2
f 10945/5/4 10946/5/4 10947/5/4 10948/5/4
f 10949/5/5 10950/5/5 10951/5/5 10952/5/5
f 10953/5/6 10954/5/6 10955/5/6 10956/5/6
f 10957/5/1 10958/5/1 10959/5/1 10960/5/1
f 10961/5/4 10962/5/4 10963/5/4 10964/5/4
f 10965/5/5 10966/5/5 10967/5/5 10968/5/5
f 10969/5/6 10970/5/6 10971/5/6 10972/5/6
f 10973/8/4 10974/8/4 10975/8/4 10976/8/4
f 10977/8/5 10978/8/5 10979/8/5 10980/8/5
f 10981/8/6 10982/8/6 10983/8/6 10984/8/6
f 10985/10/4 10986/10/4 10987/10/4 10988/10/4
f 10989/10/5 10990/10/5 10991/10/5 10992/10/5
f 10993/10/6 10994/10/6 10995/10/6 10996/10/6
f 10997/10/4 10998/10/4 10999/10/4 11000/10/4
f 11001/10/5 11002/10/5 11003/10/5 11004/10/5
f 11005/10/6 11006/10/6 11007/10/6 11008/10/6
f 11009/10/4 11010/10/4 11011/10/4 11012/10/4
f 11013/10/5 11014/10/5 11015/10/5 11016/10/5
f 11017/10/6 11018/10/6 11019/10/6 11020/10/6
f 11021/10/4 11022/10/4 11023/10/4 11024/10/4
f 11025/10/5 11026/10/5 11027/10/5 11028/10/5
f 11029/10/6 11030/10/6 11031/10/6 11032/10/6
f 11033/10/4 11034/10/4 11035/10/4 11036/10/4
f 11037/10/5 11038/10/5 11039/10/5 11040/10/5
f 11041/10/6 11042/10/6 11043/10/6 11044/10/6
f 11045/10/4 11046/10/4 11047/10/4 11048/10/4
f 11049/10/5 11050/10/5 11051/10/5 11052/10/5
f 11053/10/6 11054/10/6 11055/10/6 11056/10/6
f 11057/10/4 11058/10/4 11059/10/4 11060/10/4
f 11061/10/5 11062/10/5 11063/10/5 11064/10/5
f 11065/10/6 11066/10/6 11067/10/6 11068/10/6
f 11069/10/4 11070/10/4 11071/10/4 11072/10/4
f 11073/10/5 11074/10/5 11075/10/5 11076/10/5
f 11077/10/6 11078/10/6 11079/10/6 11080/10/6
f 11081/10/4 11082/10/4 11083/10/4 11084/10/4
f 11085/10/5 11086/10/5 11087/10/5 11088/10/5
f 11089/10/6 11090/10/6 11091/10/6 11092/10/6
f 11093/10/4 11094/10/4 11095/10/4 11096/10/4
f 11097/10/5 11098/10/5 11099/10/5 11100/10/5
f 11101/10/6 11102/10/6 11103/10/6 11104/10/6
f 11105/10/4 11106/10/4 11107/10/4 11108/10/4
f 11109/10/5 11110/10/5 11111/10/5 11112/10/5
f 11113/10/6 11114/10/6 11115/10/6 11116/10/6
f 11117/10/4 11118/10/4 11119/10/4 11120/10/4
f 11121/10/5 11122/10/5 11123/10/5 11124/10/5
f 11125/10/6 11126/10/6 11127/10/6 11128/10/6
f 11129/10/4 11130/10/4 11131/10/4 11132/10/4
f 11133/10/5 11134/10/5 11135/10/5 11136/10/5
f 11137/10/6 11138/10/6 11139/10/6 11140/10/6
f 11141/8/4 11142/8/4 11143/8/4 11144/8/4
f 11145/8/5 11146/8/5 11147/8/5 11148/8/5
f 11149/8/6 11150/8/6 11151/8/6 11152/8/6
f 11153/5/2 11154/5/2 11155/5/2 11156/5/2
f 11157/5/4 11158/5/4 11159/5/4 11160/5/4
f 11161/5/5 11162/5/5 11163/5/5 11164/5/5
f 11165/5/6 11166/5/6 11167/5/6 11168/5/6

