# generated by vox_to_obj_exporter --round
# scale=0.1 center=true ground=true y_up=true
# welded, edge-relaxed, smooth vertex normals

mtllib Icon_004_02.mtl
usemtl palette

# verts
v -1.2 0.5 0.25
v -1.18375 0.41625 0.25
v -1.17833 0.42167 0.32833
v -1.18375 0.5 0.33375
v -1.11625 0.38375 0.25
v -1.1 0.4 0.337
v -1.1 0.5 0.35
v -1.2 0.6 0.25
v -1.18375 0.6 0.33375
v -1.1 0.6 0.363
v -1.2 0.7 0.25
v -1.18375 0.7 0.33375
v -1.1 0.7 0.363
v -1.2 0.8 0.25
v -1.18375 0.8 0.33375
v -1.1 0.8 0.35
v -1.18375 0.88375 0.25
v -1.17833 0.87833 0.32833
v -1.1 0.9 0.337
v -1.11625 0.91625 0.25
v -1.2 0.5 0.15
v -1.18375 0.41625 0.15
v -1.11625 0.38375 0.15
v -1.2 0.6 0.15
v -1.2 0.7 0.15
v -1.2 0.8 0.15
v -1.18375 0.88375 0.15
v -1.11625 0.91625 0.15
v -1.18375 0.5 0.06625
v -1.17833 0.42167 0.07167
v -1.1 0.4 0.063
v -1.1 0.5 0.05
v -1.18375 0.6 0.06625
v -1.1 0.6 0.05
v -1.18375 0.7 0.06625
v -1.1 0.7 0.05
v -1.187 0.8 0.05
v -1.1 0.78375 0.03375
v -1.18375 0.88375 0.05
v -1.11625 0.91625 0.05
v -1.17833 0.87833 -0.02833
v -1.17833 0.82167 -0.02833
v -1.1 0.9 -0.037
v -1.1 0.81625 -0.03375
v -1.07833 0.62167 0.42833
v -1.07833 0.67833 0.42833
v -1.013 0.7 0.45
v -1.02167 0.72167 0.37167
v -1.02167 0.57833 0.37167
v -1 0.6 0.45
v -1.08375 0.31625 0.25
v -1.07833 0.32167 0.32833
v -1 0.3 0.25
v -1 0.31625 0.33375
v -1 0.4 0.363
v -1.01625 0.5 0.36625
v -1.01625 0.8 0.36625
v -1 0.9 0.363
v -1.08375 0.98375 0.25
v -1.07833 0.97833 0.32833
v -1 1 0.337
v -1.01625 1.01625 0.25
v -1.08375 0.31625 0.15
v -1 0.3 0.15
v -1.08375 0.98375 0.15
v -1.01625 1.01625 0.15
v -1.07833 0.32167 0.07167
v -1 0.31625 0.06625
v -1 0.4 0.037
v -1.01625 0.5 0.03375
v -1.01625 0.6 0.03375
v -1.01625 0.7 0.03375
v -1.02167 0.77833 0.02833
v -1.08375 0.98375 0.05
v -1 1.013 0.05
v -1.013 0.8 -0.05
v -1 0.9 -0.063
v -1.07833 0.97833 -0.02833
v -1 0.98375 -0.03375
v -0.97833 0.62167 0.52833
v -0.98375 0.7 0.53375
v -0.92167 0.57833 0.47167
v -0.9 0.6 0.537
v -0.9 0.7 0.55
v -0.987 0.8 0.45
v -0.97833 0.77833 0.52833
v -0.9 0.8 0.537
v -0.92167 0.82167 0.47167
v -0.97833 0.42167 0.42833
v -0.98375 0.5 0.43375
v -0.92167 0.37833 0.37167
v -0.9 0.4 0.437
v -0.9 0.5 0.463
v -0.97833 0.87833 0.42833
v -0.9 0.9 0.45
v -0.92167 0.92167 0.37167
v -0.91625 0.28375 0.25
v -0.9 0.3 0.35
v -0.9 1 0.363
v -1 1.1 0.25
v -0.98375 1.1 0.33375
v -0.9 1.1 0.35
v -0.98375 1.18375 0.25
v -0.97833 1.17833 0.32833
v -0.9 1.2 0.35
v -0.91625 1.21625 0.25
v -0.91625 0.28375 0.15
v -1 1.1 0.15
v -0.98375 1.18375 0.15
v -0.91625 1.21625 0.15
v -0.9 0.3 0.05
v -0.92167 0.37833 0.02833
v -0.98375 1.1 0.06625
v -0.9 1.1 0.05
v -0.9 1.01625 0.03375
v -0.97833 1.17833 0.07167
v -0.9 1.2 0.063
v -1 0.5 -0.05
v -0.98375 0.41625 -0.05
v -0.91625 0.38375 -0.05
v -1 0.6 -0.05
v -1 0.7 -0.05
v -0.9 0.987 -0.05
v -0.92167 0.92167 -0.07167
v -0.987 0.5 -0.15
v -0.97833 0.42167 -0.12833
v -0.913 0.4 -0.15
v -0.92167 0.47833 -0.17167
v -1 0.6 -0.15
v -1 0.7 -0.15
v -1 0.8 -0.15
v -0.98375 0.88375 -0.15
v -0.91625 0.91625 -0.15
v -0.987 0.6 -0.25
v -0.97833 0.52167 -0.22833
v -0.9 0.5 -0.25
v -0.92167 0.57833 -0.27167
v -1 0.7 -0.25
v -1 0.8 -0.25
v -0.98375 0.88375 -0.25
v -0.9 0.913 -0.25
v -0.98375 0.7 -0.33375
v -0.97833 0.62167 -0.32833
v -0.9 0.6 -0.337
v -0.9 0.7 -0.35
v -0.98375 0.8 -0.33375
v -0.9 0.8 -0.363
v -0.97833 0.87833 -0.32833
v -0.9 0.887 -0.35
v -0.87833 0.52167 0.52833
v -0.82167 0.47833 0.47167
v -0.8 0.5 0.537
v -0.8 0.6 0.55
v -0.8 0.7 0.55
v -0.8 0.8 0.55
v -0.87833 0.87833 0.52833
v -0.8 0.88375 0.53375
v -0.8 0.91625 0.46625
v -0.887 1.2 0.45
v -0.87833 1.12167 0.47167
v -0.87833 1.12167 0.52833
v -0.87833 1.17833 0.52833
v -0.8 1.2 0.55
v -0.813 1.2 0.45
v -0.813 1.1 0.45
v -0.8 1.1 0.55
v -0.87833 0.32167 0.42833
v -0.8 0.28375 0.36625
v -0.8 0.31625 0.43375
v -0.8 0.4 0.463
v -0.87833 0.97833 0.42833
v -0.8 1 0.45
v -0.82167 1.02167 0.37167
v -0.887 1.3 0.35
v -0.87833 1.27833 0.42833
v -0.8 1.287 0.45
v -0.8 1.31625 0.36625
v -0.82167 1.17833 0.37167
v -0.9 0.1 0.25
v -0.88375 0.01625 0.25
v -0.87833 0.02167 0.32833
v -0.88375 0.1 0.33375
v -0.8 0 0.25
v -0.8 0.01625 0.33375
v -0.8 0.1 0.35
v -0.9 0.2 0.25
v -0.88375 0.2 0.33375
v -0.8 0.2 0.35
v -0.81625 1.1 0.36625
v -0.9 1.3 0.25
v -0.9 1.4 0.25
v -0.88375 1.4 0.33375
v -0.8 1.4 0.35
v -0.9 1.5 0.25
v -0.88375 1.5 0.33375
v -0.8 1.5 0.363
v -0.9 1.6 0.25
v -0.88375 1.6 0.33375
v -0.8 1.6 0.363
v -0.9 1.7 0.25
v -0.88375 1.7 0.33375
v -0.8 1.7 0.35
v -0.9 1.8 0.25
v -0.88375 1.8 0.33375
v -0.8 1.8 0.35
v -0.88375 1.88375 0.25
v -0.87833 1.87833 0.32833
v -0.8 1.9 0.337
v -0.81625 1.91625 0.25
v -0.887 0.1 0.15
v -0.87833 0.02167 0.17167
v -0.8 0.01625 0.16625
v -0.8 0.08375 0.13375
v -0.9 0.2 0.15
v -0.887 1.3 0.15
v -0.88375 1.4 0.16625
v -0.8 1.4 0.15
v -0.8 1.31625 0.13375
v -0.887 1.5 0.15
v -0.8 1.48375 0.13375
v -0.887 1.6 0.15
v -0.887 1.7 0.15
v -0.8 1.7 0.137
v -0.8 1.61625 0.13375
v -0.887 1.8 0.15
v -0.87833 1.87833 0.17167
v -0.8 1.9 0.163
v -0.8 1.8 0.137
v -0.88375 0.2 0.06625
v -0.87833 0.12167 0.07167
v -0.8 0.11625 0.06625
v -0.8 0.2 0.05
v -0.8 0.28375 0.03375
v -0.81625 1.1 0.03375
v -0.82167 1.02167 0.02833
v -0.8 1.2 0.037
v -0.87833 1.27833 0.07167
v -0.8 1.28375 0.06625
v -0.88375 1.58375 0.05
v -0.88375 1.51625 0.05
v -0.8 1.6 0.05
v -0.8 1.5 0.05
v -0.88375 1.78375 0.05
v -0.88375 1.71625 0.05
v -0.8 1.713 0.05
v -0.8 1.787 0.05
v -0.88375 0.31625 -0.05
v -0.8 0.3 -0.05
v -0.81625 1.01625 -0.05
v -0.87833 1.57833 -0.02833
v -0.87833 1.52167 -0.02833
v -0.8 1.587 -0.05
v -0.8 1.513 -0.05
v -0.87833 1.77833 -0.02833
v -0.87833 1.72167 -0.02833
v -0.8 1.787 -0.05
v -0.8 1.713 -0.05
v -0.88375 0.31625 -0.15
v -0.8 0.3 -0.15
v -0.88375 0.98375 -0.15
v -0.81625 1.01625 -0.15
v -0.88375 0.4 -0.23375
v -0.87833 0.32167 -0.22833
v -0.8 0.31625 -0.23375
v -0.8 0.4 -0.263
v -0.82167 0.47833 -0.27167
v -0.87833 0.97833 -0.22833
v -0.813 1 -0.25
v -0.82167 0.92167 -0.27167
v -0.87833 0.52167 -0.32833
v -0.8 0.5 -0.337
v -0.8 0.6 -0.363
v -0.81625 0.7 -0.36625
v -0.82167 0.77833 -0.37167
v -0.8 0.913 -0.35
v -0.87833 0.87833 -0.42833
v -0.87833 0.82167 -0.42833
v -0.8 0.88375 -0.43375
v -0.8 0.8 -0.437
v -0.77833 1.12167 0.62833
v -0.77833 1.17833 0.62833
v -0.7 1.2 0.637
v -0.72167 1.22167 0.57167
v -0.72167 1.07833 0.57167
v -0.7 1.1 0.637
v -0.77833 0.42167 0.52833
v -0.72167 0.37833 0.47167
v -0.7 0.4 0.537
v -0.7 0.5 0.55
v -0.7 0.6 0.563
v -0.71625 0.7 0.56625
v -0.7 0.8 0.563
v -0.7 0.9 0.537
v -0.72167 0.92167 0.47167
v -0.77833 1.02167 0.52833
v -0.72167 0.97833 0.47167
v -0.7 1 0.55
v -0.77833 1.27833 0.52833
v -0.713 1.3 0.55
v -0.71625 1.31625 0.45
v -0.78375 1.58375 0.45
v -0.78375 1.51625 0.45
v -0.77833 1.52167 0.52833
v -0.77833 1.57833 0.52833
v -0.7 1.6 0.55
v -0.71625 1.61625 0.45
v -0.71625 1.48375 0.45
v -0.7 1.5 0.537
v -0.72167 0.27833 0.37167
v -0.7 0.3 0.45
v -0.72167 1.32167 0.37167
v -0.72167 1.62167 0.37167
v -0.72167 1.47833 0.37167
v -0.7 0 0.25
v -0.7 0.013 0.35
v -0.71625 0.1 0.36625
v -0.71625 0.2 0.36625
v -0.71625 1.4 0.36625
v -0.71625 1.7 0.36625
v -0.71625 1.8 0.36625
v -0.7 1.9 0.363
v -0.78375 1.98375 0.25
v -0.77833 1.97833 0.32833
v -0.7 2 0.35
v -0.71625 2.01625 0.25
v -0.7 0.013 0.15
v -0.72167 0.07833 0.12833
v -0.71625 1.4 0.13375
v -0.72167 1.32167 0.12833
v -0.72167 1.47833 0.12833
v -0.71625 1.7 0.13375
v -0.72167 1.62167 0.12833
v -0.71625 1.8 0.13375
v -0.7 1.9 0.137
v -0.77833 1.97833 0.17167
v -0.7 2 0.163
v -0.713 0.1 0.05
v -0.71625 0.2 0.03375
v -0.72167 0.27833 0.02833
v -0.713 1.3 0.05
v -0.72167 1.22167 0.02833
v -0.71625 1.61625 0.05
v -0.71625 1.48375 0.05
v -0.71625 0.28375 -0.05
v -0.8 1.1 -0.05
v -0.78375 1.18375 -0.05
v -0.71625 1.21625 -0.05
v -0.71625 1.61625 -0.05
v -0.71625 1.48375 -0.05
v -0.713 1.8 0.05
v -0.71625 1.81625 -0.05
v -0.71625 1.68375 -0.05
v -0.713 1.7 0.05
v -0.71625 0.28375 -0.15
v -0.8 1.1 -0.15
v -0.787 1.2 -0.15
v -0.72167 1.22167 -0.12833
v -0.78375 1.58375 -0.15
v -0.78375 1.51625 -0.15
v -0.71625 1.61625 -0.15
v -0.71625 1.48375 -0.15
v -0.78375 1.78375 -0.15
v -0.78375 1.71625 -0.15
v -0.71625 1.81625 -0.15
v -0.71625 1.68375 -0.15
v -0.7 0.3 -0.25
v -0.72167 0.37833 -0.27167
v -0.8 1.1 -0.25
v -0.787 1.2 -0.25
v -0.77833 1.27833 -0.22833
v -0.77833 1.27833 -0.17167
v -0.713 1.3 -0.15
v -0.713 1.3 -0.25
v -0.72167 1.22167 -0.27167
v -0.77833 1.57833 -0.22833
v -0.77833 1.52167 -0.22833
v -0.713 1.6 -0.25
v -0.7 1.5 -0.25
v -0.77833 1.77833 -0.22833
v -0.77833 1.72167 -0.22833
v -0.7 1.8 -0.25
v -0.713 1.7 -0.25
v -0.77833 0.42167 -0.32833
v -0.7 0.4 -0.337
v -0.7 0.5 -0.363
v -0.72167 0.57833 -0.37167
v -0.78375 1 -0.33375
v -0.71625 1 -0.36625
v -0.72167 0.92167 -0.37167
v -0.787 1.1 -0.35
v -0.72167 1.07833 -0.37167
v -0.78375 1.18375 -0.35
v -0.71625 1.21625 -0.35
v -0.78375 0.7 -0.43375
v -0.77833 0.62167 -0.42833
v -0.7 0.6 -0.45
v -0.71625 0.7 -0.46625
v -0.71625 0.8 -0.46625
v -0.7 0.9 -0.45
v -0.77833 1.17833 -0.42833
v -0.77833 1.12167 -0.42833
v -0.7 1.2 -0.45
v -0.7 1.1 -0.45
v -0.67833 0.62167 0.62833
v -0.68375 0.7 0.63375
v -0.6 0.58375 0.56625
v -0.6 0.61625 0.63375
v -0.6 0.7 0.65
v -0.67833 0.77833 0.62833
v -0.6 0.78375 0.63375
v -0.6 0.81625 0.56625
v -0.67833 1.02167 0.62833
v -0.6 0.98375 0.56625
v -0.6 1.01625 0.63375
v -0.6 1.1 0.65
v -0.6 1.2 0.65
v -0.68375 1.3 0.63375
v -0.6 1.3 0.65
v -0.687 1.4 0.55
v -0.67833 1.37833 0.62833
v -0.6 1.4 0.637
v -0.62167 1.42167 0.57167
v -0.7 1.7 0.55
v -0.67833 1.62167 0.62833
v -0.68375 1.7 0.63375
v -0.62167 1.57833 0.57167
v -0.6 1.6 0.637
v -0.6 1.7 0.65
v -0.687 1.8 0.55
v -0.67833 1.77833 0.62833
v -0.6 1.8 0.637
v -0.62167 1.82167 0.57167
v -0.67833 0.32167 0.52833
v -0.62167 0.27833 0.47167
v -0.6 0.3 0.537
v -0.6 0.4 0.55
v -0.6 0.5 0.55
v -0.6 0.9 0.55
v -0.7 1.4 0.45
v -0.61625 1.5 0.56625
v -0.7 1.7 0.45
v -0.7 1.8 0.45
v -0.68375 1.88375 0.45
v -0.67833 1.87833 0.52833
v -0.6 1.9 0.55
v -0.61625 1.91625 0.45
v -0.67833 0.02167 0.42833
v -0.68375 0.1 0.43375
v -0.6 0 0.35
v -0.6 0.013 0.45
v -0.61625 0.1 0.46625
v -0.68375 0.2 0.43375
v -0.61625 0.2 0.46625
v -0.62167 1.92167 0.37167
v -0.68375 2.08375 0.35
v -0.67833 2.02167 0.42833
v -0.67833 2.07833 0.42833
v -0.6 2.1 0.45
v -0.61625 2.11625 0.35
v -0.62167 1.97833 0.37167
v -0.613 2 0.45
v -0.6 0 0.25
v -0.68375 2.08375 0.25
v -0.61625 2.11625 0.25
v -0.6 0 0.15
v -0.61625 2 0.13375
v -0.62167 1.92167 0.12833
v -0.67833 2.07833 0.17167
v -0.6 2.1 0.15
v -0.68375 0.01625 0.05
v -0.6 0 0.05
v -0.7 1.4 0.05
v -0.68375 1.88375 0.05
v -0.61625 1.91625 0.05
v -0.687 0.1 -0.05
v -0.67833 0.02167 -0.02833
v -0.6 0.013 -0.05
v -0.62167 0.07833 -0.07167
v -0.7 0.2 -0.05
v -0.7 1.3 -0.05
v -0.7 1.4 -0.05
v -0.68375 1.88375 -0.05
v -0.61625 1.91625 -0.05
v -0.687 0.2 -0.15
v -0.67833 0.12167 -0.12833
v -0.6 0.1 -0.15
v -0.62167 0.17833 -0.17167
v -0.7 1.4 -0.15
v -0.68375 1.88375 -0.15
v -0.61625 1.91625 -0.15
v -0.67833 0.22167 -0.22833
v -0.6 0.2 -0.25
v -0.62167 0.27833 -0.27167
v -0.687 1.4 -0.25
v -0.62167 1.47833 -0.27167
v -0.62167 1.42167 -0.27167
v -0.67833 1.87833 -0.22833
v -0.6 1.9 -0.25
v -0.62167 1.82167 -0.27167
v -0.67833 0.32167 -0.32833
v -0.6 0.3 -0.337
v -0.6 0.4 -0.35
v -0.6 0.48375 -0.36625
v -0.687 1.3 -0.35
v -0.67833 1.37833 -0.32833
v -0.6 1.4 -0.35
v -0.62167 1.32167 -0.37167
v -0.68375 1.6 -0.33375
v -0.67833 1.52167 -0.32833
v -0.6 1.5 -0.35
v -0.61625 1.6 -0.36625
v -0.68375 1.7 -0.33375
v -0.61625 1.7 -0.36625
v -0.67833 1.77833 -0.32833
v -0.6 1.8 -0.35
v -0.67833 0.52167 -0.42833
v -0.6 0.51625 -0.43375
v -0.6 0.58375 -0.46625
v -0.68375 1 -0.43375
v -0.6 1 -0.463
v -0.6 0.91625 -0.46625
v -0.62167 1.07833 -0.47167
v -0.67833 1.27833 -0.42833
v -0.6 1.3 -0.45
v -0.62167 1.22167 -0.47167
v -0.68375 0.7 -0.53375
v -0.67833 0.62167 -0.52833
v -0.6 0.61625 -0.53375
v -0.6 0.7 -0.55
v -0.68375 0.8 -0.53375
v -0.6 0.8 -0.55
v -0.67833 0.87833 -0.52833
v -0.6 0.88375 -0.53375
v -0.67833 1.17833 -0.52833
v -0.67833 1.12167 -0.52833
v -0.6 1.2 -0.537
v -0.6 1.1 -0.537
v -0.5 0.58375 0.56625
v -0.5 0.61625 0.63375
v -0.5 0.7 0.65
v -0.5 0.78375 0.63375
v -0.5 0.81625 0.56625
v -0.5 0.98375 0.56625
v -0.5 1.01625 0.63375
v -0.5 1.1 0.663
v -0.51625 1.2 0.66625
v -0.51625 1.3 0.66625
v -0.5 1.4 0.663
v -0.58375 1.5 0.63375
v -0.5 1.5 0.65
v -0.5 1.6 0.663
v -0.51625 1.7 0.66625
v -0.5 1.8 0.663
v -0.57833 1.87833 0.62833
v -0.5 1.9 0.637
v -0.52167 1.92167 0.57167
v -0.57833 0.02167 0.52833
v -0.58375 0.1 0.53375
v -0.5 0 0.45
v -0.5 0.01625 0.53375
v -0.5 0.1 0.55
v -0.58375 0.2 0.53375
v -0.5 0.2 0.55
v -0.5 0.3 0.55
v -0.5 0.4 0.55
v -0.5 0.5 0.55
v -0.5 0.9 0.55
v -0.58375 2 0.53375
v -0.5 2 0.563
v -0.57833 2.07833 0.52833
v -0.5 2.1 0.537
v -0.52167 2.12167 0.47167
v -0.5 0 0.35
v -0.58375 2.18375 0.35
v -0.57833 2.17833 0.42833
v -0.5 2.2 0.45
v -0.51625 2.21625 0.35
v -0.5 0 0.25
v -0.58375 2.18375 0.25
v -0.51625 2.21625 0.25
v -0.5 0 0.15
v -0.57833 2.17833 0.17167
v -0.5 2.2 0.15
v -0.52167 2.12167 0.12833
v -0.5 0 0.05
v -0.6 2 0.05
v -0.58375 2.08375 0.05
v -0.51625 2.11625 0.05
v -0.5 0 -0.05
v -0.6 2 -0.05
v -0.58375 2.08375 -0.05
v -0.51625 2.11625 -0.05
v -0.57833 0.02167 -0.12833
v -0.5 0.01625 -0.13375
v -0.5 0.08375 -0.16625
v -0.587 2 -0.15
v -0.57833 2.07833 -0.12833
v -0.5 2.1 -0.15
v -0.52167 2.02167 -0.17167
v -0.57833 0.12167 -0.22833
v -0.5 0.11625 -0.23375
v -0.5 0.18375 -0.26625
v -0.57833 1.97833 -0.22833
v -0.5 2 -0.25
v -0.52167 1.92167 -0.27167
v -0.57833 0.22167 -0.32833
v -0.5 0.21625 -0.33375
v -0.5 0.3 -0.35
v -0.5 0.4 -0.363
v -0.52167 0.47833 -0.37167
v -0.52167 1.47833 -0.37167
v -0.52167 1.42167 -0.37167
v -0.57833 1.87833 -0.32833
v -0.5 1.9 -0.35
v -0.52167 1.82167 -0.37167
v -0.5 0.5 -0.437
v -0.5 0.58375 -0.46625
v -0.5 0.98375 -0.46625
v -0.5 0.91625 -0.46625
v -0.57833 1.37833 -0.42833
v -0.5 1.4 -0.45
v -0.52167 1.32167 -0.47167
v -0.58375 1.6 -0.43375
v -0.57833 1.52167 -0.42833
v -0.5 1.5 -0.45
v -0.51625 1.6 -0.46625
v -0.58375 1.7 -0.43375
v -0.51625 1.7 -0.46625
v -0.57833 1.77833 -0.42833
v -0.5 1.8 -0.45
v -0.5 0.61625 -0.53375
v -0.5 0.7 -0.55
v -0.5 0.8 -0.55
v -0.5 0.88375 -0.53375
v -0.57833 1.02167 -0.52833
v -0.5 1.01625 -0.53375
v -0.5 1.1 -0.563
v -0.51625 1.2 -0.56625
v -0.57833 1.27833 -0.52833
v -0.5 1.3 -0.55
v -0.47833 1.12167 0.72833
v -0.48375 1.2 0.73375
v -0.4 1.08375 0.66625
v -0.4 1.11625 0.73375
v -0.4 1.2 0.75
v -0.48375 1.3 0.73375
v -0.4 1.3 0.75
v -0.47833 1.37833 0.72833
v -0.4 1.38375 0.73375
v -0.4 1.41625 0.66625
v -0.47833 1.62167 0.72833
v -0.48375 1.7 0.73375
v -0.4 1.58375 0.66625
v -0.4 1.61625 0.73375
v -0.4 1.7 0.75
v -0.47833 1.77833 0.72833
v -0.4 1.78375 0.73375
v -0.4 1.81625 0.66625
v -0.42167 0.57833 0.57167
v -0.4 0.6 0.637
v -0.4 0.7 0.65
v -0.4 0.8 0.637
v -0.42167 0.82167 0.57167
v -0.4 0.98375 0.56625
v -0.4 1.01625 0.63375
v -0.4 1.5 0.65
v -0.4 1.9 0.65
v -0.47833 1.97833 0.62833
v -0.4 2 0.637
v -0.42167 2.02167 0.57167
v -0.4 0 0.45
v -0.4 0.01625 0.53375
v -0.4 0.1 0.55
v -0.4 0.2 0.55
v -0.4 0.3 0.55
v -0.4 0.4 0.55
v -0.4 0.5 0.563
v -0.4 0.9 0.563
v -0.4 2.1 0.563
v -0.47833 2.17833 0.52833
v -0.4 2.18375 0.53375
v -0.4 2.21625 0.46625
v -0.4 0 0.35
v -0.48375 2.28375 0.35
v -0.47833 2.27833 0.42833
v -0.4 2.28375 0.43375
v -0.4 2.3 0.35
v -0.4 0 0.25
v -0.48375 2.28375 0.25
v -0.4 2.3 0.25
v -0.4 0 0.15
v -0.47833 2.27833 0.17167
v -0.4 2.287 0.15
v -0.42167 2.22167 0.12833
v -0.4 0 0.05
v -0.48375 2.18375 0.05
v -0.41625 2.21625 0.05
v -0.4 0 -0.05
v -0.48375 2.18375 -0.05
v -0.4 2.213 -0.05
v -0.4 0.013 -0.15
v -0.42167 0.07833 -0.17167
v -0.47833 2.17833 -0.12833
v -0.4 2.187 -0.15
v -0.42167 2.12167 -0.17167
v -0.4 0.1 -0.25
v -0.42167 0.17833 -0.27167
v -0.47833 2.07833 -0.22833
v -0.4 2.1 -0.25
v -0.42167 2.02167 -0.27167
v -0.4 0.2 -0.337
v -0.4 0.3 -0.363
v -0.42167 0.37833 -0.37167
v -0.47833 1.97833 -0.32833
v -0.4 2 -0.337
v -0.4 1.91625 -0.36625
v -0.47833 0.42167 -0.42833
v -0.4 0.4 -0.437
v -0.4 0.5 -0.463
v -0.42167 0.57833 -0.47167
v -0.42167 0.97833 -0.47167
v -0.42167 0.92167 -0.47167
v -0.4 1.48375 -0.46625
v -0.4 1.41625 -0.46625
v -0.47833 1.87833 -0.42833
v -0.4 1.88375 -0.43375
v -0.4 1.81625 -0.46625
v -0.4 0.6 -0.55
v -0.41625 0.7 -0.56625
v -0.41625 0.8 -0.56625
v -0.4 0.9 -0.55
v -0.4 1 -0.537
v -0.4 1.08375 -0.56625
v -0.47833 1.37833 -0.52833
v -0.4 1.38375 -0.53375
v -0.4 1.31625 -0.56625
v -0.48375 1.6 -0.53375
v -0.47833 1.52167 -0.52833
v -0.4 1.51625 -0.53375
v -0.4 1.6 -0.55
v -0.48375 1.7 -0.53375
v -0.4 1.7 -0.55
v -0.47833 1.77833 -0.52833
v -0.4 1.78375 -0.53375
v -0.48375 1.2 -0.63375
v -0.47833 1.12167 -0.62833
v -0.4 1.11625 -0.63375
v -0.4 1.2 -0.65
v -0.47833 1.27833 -0.62833
v -0.4 1.28375 -0.63375
v -0.32167 1.07833 0.67167
v -0.3 1.1 0.737
v -0.3 1.2 0.75
v -0.3 1.3 0.75
v -0.3 1.4 0.737
v -0.32167 1.42167 0.67167
v -0.32167 1.57833 0.67167
v -0.3 1.6 0.737
v -0.3 1.7 0.75
v -0.3 1.8 0.737
v -0.32167 1.82167 0.67167
v -0.37833 0.52167 0.62833
v -0.3 0.48375 0.56625
v -0.3 0.51625 0.63375
v -0.3 0.6 0.65
v -0.3 0.7 0.65
v -0.3 0.8 0.65
v -0.37833 0.87833 0.62833
v -0.3 0.88375 0.63375
v -0.3 0.91625 0.56625
v -0.3 0.98375 0.56625
v -0.3 1.013 0.65
v -0.31625 1.5 0.66625
v -0.3 1.9 0.663
v -0.3 2 0.65
v -0.37833 2.07833 0.62833
v -0.3 2.08375 0.63375
v -0.3 2.11625 0.56625
v -0.3 0 0.45
v -0.3 0.01625 0.53375
v -0.3 0.1 0.55
v -0.3 0.2 0.55
v -0.3 0.3 0.55
v -0.3 0.4 0.55
v -0.3 2.2 0.537
v -0.32167 2.22167 0.47167
v -0.3 0 0.35
v -0.3 2.287 0.45
v -0.3 2.3 0.35
v -0.3 0 0.25
v -0.3 2.3 0.25
v -0.3 0 0.15
v -0.3 2.3 0.15
v -0.3 0 0.05
v -0.38375 2.28375 0.05
v -0.3 2.3 0.05
v -0.3 0 -0.05
v -0.37833 2.27833 -0.02833
v -0.3 2.287 -0.05
v -0.32167 2.22167 -0.07167
v -0.3 0 -0.15
v -0.3 2.213 -0.15
v -0.37833 0.02167 -0.22833
v -0.3 0.01625 -0.23375
v -0.3 0.08375 -0.26625
v -0.37833 2.17833 -0.22833
v -0.3 2.18375 -0.23375
v -0.3 2.11625 -0.26625
v -0.37833 0.12167 -0.32833
v -0.3 0.11625 -0.33375
v -0.3 0.2 -0.363
v -0.32167 0.27833 -0.37167
v -0.31625 2 -0.36625
v -0.32167 1.92167 -0.37167
v -0.37833 2.07833 -0.32833
v -0.3 2.087 -0.35
v -0.37833 0.32167 -0.42833
v -0.3 0.3 -0.437
v -0.3 0.4 -0.45
v -0.3 0.48375 -0.46625
v -0.32167 1.47833 -0.47167
v -0.32167 1.42167 -0.47167
v -0.3 1.9 -0.45
v -0.32167 1.82167 -0.47167
v -0.37833 0.52167 -0.52833
v -0.3 0.51625 -0.53375
v -0.3 0.58375 -0.56625
v -0.3 1 -0.563
v -0.3 0.91625 -0.56625
v -0.32167 1.07833 -0.57167
v -0.3 1.4 -0.55
v -0.32167 1.32167 -0.57167
v -0.3 1.5 -0.55
v -0.31625 1.6 -0.56625
v -0.31625 1.7 -0.56625
v -0.3 1.8 -0.55
v -0.38375 0.7 -0.63375
v -0.37833 0.62167 -0.62833
v -0.3 0.61625 -0.63375
v -0.3 0.7 -0.65
v -0.38375 0.8 -0.63375
v -0.3 0.8 -0.65
v -0.37833 0.87833 -0.62833
v -0.3 0.88375 -0.63375
v -0.3 1.1 -0.65
v -0.31625 1.2 -0.66625
v -0.3 1.3 -0.65
v -0.27833 1.02167 0.72833
v -0.2 1 0.65
v -0.2 1.01625 0.73375
v -0.2 1.1 0.75
v -0.2 1.2 0.75
v -0.2 1.3 0.75
v -0.2 1.4 0.75
v -0.28375 1.5 0.73375
v -0.2 1.5 0.75
v -0.2 1.6 0.75
v -0.2 1.7 0.75
v -0.2 1.8 0.75
v -0.27833 1.87833 0.72833
v -0.2 1.88375 0.73375
v -0.2 1.91625 0.66625
v -0.2 0.48375 0.56625
v -0.2 0.51625 0.63375
v -0.2 0.6 0.65
v -0.2 0.7 0.65
v -0.2 0.8 0.65
v -0.2 0.88375 0.63375
v -0.2 0.91625 0.56625
v -0.2 0.98375 0.56625
v -0.2 2 0.65
v -0.2 2.1 0.637
v -0.22167 2.12167 0.57167
v -0.2 0 0.45
v -0.2 0.01625 0.53375
v -0.2 0.1 0.55
v -0.2 0.2 0.55
v -0.2 0.3 0.55
v -0.2 0.4 0.55
v -0.2 2.2 0.563
v -0.27833 2.27833 0.52833
v -0.2 2.28375 0.53375
v -0.2 2.3 0.45
v -0.2 0 0.35
v -0.2 2.3 0.35
v -0.2 0 0.25
v -0.2 2.3 0.25
v -0.2 0 0.15
v -0.2 2.3 0.15
v -0.2 0 0.05
v -0.2 2.3 0.05
v -0.2 0 -0.05
v -0.2 2.3 -0.05
v -0.2 0 -0.15
v -0.27833 2.27833 -0.12833
v -0.2 2.287 -0.15
v -0.22167 2.22167 -0.17167
v -0.2 0.01625 -0.23375
v -0.2 0.08375 -0.26625
v -0.2 2.2 -0.25
v -0.22167 2.12167 -0.27167
v -0.2 0.11625 -0.33375
v -0.2 0.18375 -0.36625
v -0.2 2.113 -0.35
v -0.27833 0.22167 -0.42833
v -0.2 0.21625 -0.43375
v -0.2 0.3 -0.45
v -0.2 0.4 -0.45
v -0.2 0.48375 -0.46625
v -0.28375 2 -0.43375
v -0.2 2 -0.45
v -0.2 1.91625 -0.46625
v -0.27833 2.07833 -0.42833
v -0.2 2.08375 -0.43375
v -0.2 0.51625 -0.53375
v -0.2 0.58375 -0.56625
v -0.2 0.98375 -0.56625
v -0.2 0.91625 -0.56625
v -0.2 1.48375 -0.56625
v -0.2 1.41625 -0.56625
v -0.27833 1.87833 -0.52833
v -0.2 1.88375 -0.53375
v -0.2 1.81625 -0.56625
v -0.2 0.61625 -0.63375
v -0.2 0.7 -0.65
v -0.2 0.8 -0.65
v -0.2 0.88375 -0.63375
v -0.27833 1.02167 -0.62833
v -0.2 1.01625 -0.63375
v -0.2 1.08375 -0.66625
v -0.27833 1.37833 -0.62833
v -0.2 1.38375 -0.63375
v -0.2 1.31625 -0.66625
v -0.28375 1.6 -0.63375
v -0.27833 1.52167 -0.62833
v -0.2 1.51625 -0.63375
v -0.2 1.6 -0.65
v -0.28375 1.7 -0.63375
v -0.2 1.7 -0.65
v -0.27833 1.77833 -0.62833
v -0.2 1.78375 -0.63375
v -0.28375 1.2 -0.73375
v -0.27833 1.12167 -0.72833
v -0.2 1.11625 -0.73375
v -0.2 1.2 -0.75
v -0.27833 1.27833 -0.72833
v -0.2 1.28375 -0.73375
v -0.1 1 0.65
v -0.1 1.01625 0.73375
v -0.1 1.1 0.75
v -0.1 1.2 0.75
v -0.1 1.3 0.75
v -0.1 1.4 0.75
v -0.1 1.5 0.75
v -0.1 1.6 0.75
v -0.1 1.7 0.75
v -0.1 1.8 0.75
v -0.1 1.88375 0.73375
v -0.1 1.91625 0.66625
v -0.1 0.48375 0.56625
v -0.1 0.51625 0.63375
v -0.1 0.6 0.65
v -0.1 0.7 0.65
v -0.1 0.8 0.65
v -0.1 0.88375 0.63375
v -0.1 0.91625 0.56625
v -0.1 0.98375 0.56625
v -0.1 2 0.65
v -0.1 2.1 0.65
v -0.17833 2.17833 0.62833
v -0.1 2.18375 0.63375
v -0.1 2.21625 0.56625
v -0.1 0 0.45
v -0.1 0.01625 0.53375
v -0.1 0.1 0.55
v -0.1 0.2 0.55
v -0.1 0.3 0.55
v -0.1 0.4 0.55
v -0.1 2.28375 0.53375
v -0.1 2.3 0.45
v -0.1 0 0.35
v -0.1 2.3 0.35
v -0.1 0 0.25
v -0.1 2.3 0.25
v -0.1 0 0.15
v -0.1 2.3 0.15
v -0.1 0 0.05
v -0.1 2.3 0.05
v -0.1 0 -0.05
v -0.1 2.3 -0.05
v -0.1 0 -0.15
v -0.1 2.3 -0.15
v -0.1 0.01625 -0.23375
v -0.1 0.08375 -0.26625
v -0.17833 2.27833 -0.22833
v -0.1 2.28375 -0.23375
v -0.1 2.21625 -0.26625
v -0.1 0.11625 -0.33375
v -0.1 0.18375 -0.36625
v -0.17833 2.17833 -0.32833
v -0.1 2.18375 -0.33375
v -0.1 2.11625 -0.36625
v -0.1 0.21625 -0.43375
v -0.1 0.3 -0.45
v -0.1 0.4 -0.45
v -0.1 0.48375 -0.46625
v -0.1 2 -0.45
v -0.1 1.91625 -0.46625
v -0.1 2.08375 -0.43375
v -0.1 0.51625 -0.53375
v -0.1 0.58375 -0.56625
v -0.1 0.98375 -0.56625
v -0.1 0.91625 -0.56625
v -0.1 1.48375 -0.56625
v -0.1 1.41625 -0.56625
v -0.1 1.88375 -0.53375
v -0.1 1.81625 -0.56625
v -0.1 0.61625 -0.63375
v -0.1 0.7 -0.65
v -0.1 0.8 -0.65
v -0.1 0.88375 -0.63375
v -0.1 1.01625 -0.63375
v -0.1 1.08375 -0.66625
v -0.1 1.38375 -0.63375
v -0.1 1.31625 -0.66625
v -0.1 1.51625 -0.63375
v -0.1 1.6 -0.65
v -0.1 1.7 -0.65
v -0.1 1.78375 -0.63375
v -0.1 1.11625 -0.73375
v -0.1 1.2 -0.75
v -0.1 1.28375 -0.73375
v 0 1 0.65
v 0 1.01625 0.73375
v 0 1.1 0.75
v 0 1.2 0.75
v 0 1.3 0.75
v 0 1.4 0.75
v 0 1.5 0.75
v 0 1.6 0.75
v 0 1.7 0.75
v 0 1.8 0.75
v 0 1.88375 0.73375
v 0 1.91625 0.66625
v 0 0.48375 0.56625
v 0 0.51625 0.63375
v 0 0.6 0.65
v 0 0.7 0.65
v 0 0.8 0.65
v 0 0.88375 0.63375
v 0 0.91625 0.56625
v 0 0.98375 0.56625
v 0 2 0.65
v 0 2.1 0.65
v 0 2.18375 0.63375
v 0 2.21625 0.56625
v 0 0 0.45
v 0 0.01625 0.53375
v 0 0.1 0.55
v 0 0.2 0.55
v 0 0.3 0.55
v 0 0.4 0.55
v 0 2.28375 0.53375
v 0 2.3 0.45
v 0 0 0.35
v 0 2.3 0.35
v 0 0 0.25
v 0 2.3 0.25
v 0 0 0.15
v 0 2.3 0.15
v 0 0 0.05
v 0 2.3 0.05
v 0 0 -0.05
v 0 2.3 -0.05
v 0 0 -0.15
v 0 2.3 -0.15
v 0 0.01625 -0.23375
v 0 0.08375 -0.26625
v 0 2.28375 -0.23375
v 0 2.21625 -0.26625
v 0 0.11625 -0.33375
v 0 0.18375 -0.36625
v 0 2.18375 -0.33375
v 0 2.11625 -0.36625
v 0 0.21625 -0.43375
v 0 0.3 -0.45
v 0 0.4 -0.45
v 0 0.48375 -0.46625
v 0 2 -0.45
v 0 1.91625 -0.46625
v 0 2.08375 -0.43375
v 0 0.51625 -0.53375
v 0 0.58375 -0.56625
v 0 0.98375 -0.56625
v 0 0.91625 -0.56625
v 0 1.48375 -0.56625
v 0 1.41625 -0.56625
v 0 1.88375 -0.53375
v 0 1.81625 -0.56625
v 0 0.61625 -0.63375
v 0 0.7 -0.65
v 0 0.8 -0.65
v 0 0.88375 -0.63375
v 0 1.01625 -0.63375
v 0 1.08375 -0.66625
v 0 1.38375 -0.63375
v 0 1.31625 -0.66625
v 0 1.51625 -0.63375
v 0 1.6 -0.65
v 0 1.7 -0.65
v 0 1.78375 -0.63375
v 0 1.11625 -0.73375
v 0 1.2 -0.75
v 0 1.28375 -0.73375
v 0.1 1 0.65
v 0.1 1.01625 0.73375
v 0.1 1.1 0.75
v 0.1 1.2 0.75
v 0.1 1.3 0.75
v 0.1 1.4 0.75
v 0.1 1.5 0.75
v 0.1 1.6 0.75
v 0.1 1.7 0.75
v 0.1 1.8 0.75
v 0.1 1.88375 0.73375
v 0.1 1.91625 0.66625
v 0.1 0.48375 0.56625
v 0.1 0.51625 0.63375
v 0.1 0.6 0.65
v 0.1 0.7 0.65
v 0.1 0.8 0.65
v 0.1 0.88375 0.63375
v 0.1 0.91625 0.56625
v 0.1 0.98375 0.56625
v 0.1 2 0.65
v 0.1 2.1 0.65
v 0.1 2.18375 0.63375
v 0.1 2.21625 0.56625
v 0.1 0 0.45
v 0.1 0.01625 0.53375
v 0.1 0.1 0.55
v 0.1 0.2 0.55
v 0.1 0.3 0.55
v 0.1 0.4 0.55
v 0.1 2.28375 0.53375
v 0.1 2.3 0.45
v 0.1 0 0.35
v 0.1 2.3 0.35
v 0.1 0 0.25
v 0.1 2.3 0.25
v 0.1 0 0.15
v 0.1 2.3 0.15
v 0.1 0 0.05
v 0.1 2.3 0.05
v 0.1 0 -0.05
v 0.1 2.3 -0.05
v 0.1 0 -0.15
v 0.1 2.3 -0.15
v 0.1 0.01625 -0.23375
v 0.1 0.08375 -0.26625
v 0.1 2.28375 -0.23375
v 0.1 2.21625 -0.26625
v 0.1 0.11625 -0.33375
v 0.1 0.18375 -0.36625
v 0.1 2.18375 -0.33375
v 0.1 2.11625 -0.36625
v 0.1 0.21625 -0.43375
v 0.1 0.3 -0.45
v 0.1 0.4 -0.45
v 0.1 0.48375 -0.46625
v 0.1 2 -0.45
v 0.1 1.91625 -0.46625
v 0.1 2.08375 -0.43375
v 0.1 0.51625 -0.53375
v 0.1 0.58375 -0.56625
v 0.1 0.98375 -0.56625
v 0.1 0.91625 -0.56625
v 0.1 1.48375 -0.56625
v 0.1 1.41625 -0.56625
v 0.1 1.88375 -0.53375
v 0.1 1.81625 -0.56625
v 0.1 0.61625 -0.63375
v 0.1 0.7 -0.65
v 0.1 0.8 -0.65
v 0.1 0.88375 -0.63375
v 0.1 1.01625 -0.63375
v 0.1 1.08375 -0.66625
v 0.1 1.38375 -0.63375
v 0.1 1.31625 -0.66625
v 0.1 1.51625 -0.63375
v 0.1 1.6 -0.65
v 0.1 1.7 -0.65
v 0.1 1.78375 -0.63375
v 0.1 1.11625 -0.73375
v 0.1 1.2 -0.75
v 0.1 1.28375 -0.73375
v 0.2 1 0.65
v 0.2 1.01625 0.73375
v 0.2 1.1 0.75
v 0.2 1.2 0.75
v 0.2 1.3 0.75
v 0.2 1.4 0.75
v 0.2 1.5 0.75
v 0.2 1.6 0.75
v 0.2 1.7 0.75
v 0.2 1.8 0.75
v 0.2 1.88375 0.73375
v 0.2 1.91625 0.66625
v 0.2 0.48375 0.56625
v 0.2 0.51625 0.63375
v 0.2 0.6 0.65
v 0.2 0.7 0.65
v 0.2 0.8 0.65
v 0.2 0.88375 0.63375
v 0.2 0.91625 0.56625
v 0.2 0.98375 0.56625
v 0.2 2 0.65
v 0.2 2.1 0.637
v 0.17833 2.17833 0.62833
v 0.22167 2.12167 0.57167
v 0.2 2.2 0.563
v 0.2 0 0.45
v 0.2 0.01625 0.53375
v 0.2 0.1 0.55
v 0.2 0.2 0.55
v 0.2 0.3 0.55
v 0.2 0.4 0.55
v 0.2 2.28375 0.53375
v 0.2 2.3 0.45
v 0.2 0 0.35
v 0.2 2.3 0.35
v 0.2 0 0.25
v 0.2 2.3 0.25
v 0.2 0 0.15
v 0.2 2.3 0.15
v 0.2 0 0.05
v 0.2 2.3 0.05
v 0.2 0 -0.05
v 0.2 2.3 -0.05
v 0.2 0 -0.15
v 0.2 2.287 -0.15
v 0.2 0.01625 -0.23375
v 0.2 0.08375 -0.26625
v 0.22167 2.22167 -0.17167
v 0.2 2.2 -0.25
v 0.17833 2.27833 -0.22833
v 0.2 0.11625 -0.33375
v 0.2 0.18375 -0.36625
v 0.22167 2.12167 -0.27167
v 0.2 2.113 -0.35
v 0.17833 2.17833 -0.32833
v 0.2 0.21625 -0.43375
v 0.2 0.3 -0.45
v 0.2 0.4 -0.45
v 0.2 0.48375 -0.46625
v 0.2 2 -0.45
v 0.2 1.91625 -0.46625
v 0.2 2.08375 -0.43375
v 0.2 0.51625 -0.53375
v 0.2 0.58375 -0.56625
v 0.2 0.98375 -0.56625
v 0.2 0.91625 -0.56625
v 0.2 1.48375 -0.56625
v 0.2 1.41625 -0.56625
v 0.2 1.88375 -0.53375
v 0.2 1.81625 -0.56625
v 0.2 0.61625 -0.63375
v 0.2 0.7 -0.65
v 0.2 0.8 -0.65
v 0.2 0.88375 -0.63375
v 0.2 1.01625 -0.63375
v 0.2 1.08375 -0.66625
v 0.2 1.38375 -0.63375
v 0.2 1.31625 -0.66625
v 0.2 1.51625 -0.63375
v 0.2 1.6 -0.65
v 0.2 1.7 -0.65
v 0.2 1.78375 -0.63375
v 0.2 1.11625 -0.73375
v 0.2 1.2 -0.75
v 0.2 1.28375 -0.73375
v 0.3 1.1 0.737
v 0.27833 1.02167 0.72833
v 0.3 1.013 0.65
v 0.32167 1.07833 0.67167
v 0.3 1.2 0.75
v 0.3 1.3 0.75
v 0.3 1.4 0.737
v 0.28375 1.5 0.73375
v 0.32167 1.42167 0.67167
v 0.31625 1.5 0.66625
v 0.3 1.6 0.737
v 0.32167 1.57833 0.67167
v 0.3 1.7 0.75
v 0.3 1.8 0.737
v 0.27833 1.87833 0.72833
v 0.32167 1.82167 0.67167
v 0.3 1.9 0.663
v 0.3 0.48375 0.56625
v 0.3 0.51625 0.63375
v 0.3 0.6 0.65
v 0.3 0.7 0.65
v 0.3 0.8 0.65
v 0.3 0.88375 0.63375
v 0.3 0.91625 0.56625
v 0.3 0.98375 0.56625
v 0.3 2 0.65
v 0.3 2.08375 0.63375
v 0.3 2.11625 0.56625
v 0.3 0 0.45
v 0.3 0.01625 0.53375
v 0.3 0.1 0.55
v 0.3 0.2 0.55
v 0.3 0.3 0.55
v 0.3 0.4 0.55
v 0.3 2.2 0.537
v 0.27833 2.27833 0.52833
v 0.32167 2.22167 0.47167
v 0.3 2.287 0.45
v 0.3 0 0.35
v 0.3 2.3 0.35
v 0.3 0 0.25
v 0.3 2.3 0.25
v 0.3 0 0.15
v 0.3 2.3 0.15
v 0.3 0 0.05
v 0.3 2.3 0.05
v 0.3 0 -0.05
v 0.3 2.287 -0.05
v 0.3 0 -0.15
v 0.32167 2.22167 -0.07167
v 0.3 2.213 -0.15
v 0.27833 2.27833 -0.12833
v 0.3 0.01625 -0.23375
v 0.3 0.08375 -0.26625
v 0.3 2.18375 -0.23375
v 0.3 2.11625 -0.26625
v 0.3 0.11625 -0.33375
v 0.3 0.2 -0.363
v 0.3 2.087 -0.35
v 0.32167 0.27833 -0.37167
v 0.27833 0.22167 -0.42833
v 0.3 0.3 -0.437
v 0.3 0.4 -0.45
v 0.3 0.48375 -0.46625
v 0.31625 2 -0.36625
v 0.32167 1.92167 -0.37167
v 0.3 1.9 -0.45
v 0.28375 2 -0.43375
v 0.27833 2.07833 -0.42833
v 0.3 0.51625 -0.53375
v 0.3 0.58375 -0.56625
v 0.3 1 -0.563
v 0.3 0.91625 -0.56625
v 0.32167 1.47833 -0.47167
v 0.32167 1.42167 -0.47167
v 0.3 1.4 -0.55
v 0.3 1.5 -0.55
v 0.32167 1.82167 -0.47167
v 0.3 1.8 -0.55
v 0.27833 1.87833 -0.52833
v 0.3 0.61625 -0.63375
v 0.3 0.7 -0.65
v 0.3 0.8 -0.65
v 0.3 0.88375 -0.63375
v 0.32167 1.07833 -0.57167
v 0.27833 1.02167 -0.62833
v 0.3 1.1 -0.65
v 0.32167 1.32167 -0.57167
v 0.3 1.3 -0.65
v 0.27833 1.37833 -0.62833
v 0.31625 1.6 -0.56625
v 0.27833 1.52167 -0.62833
v 0.28375 1.6 -0.63375
v 0.31625 1.7 -0.56625
v 0.28375 1.7 -0.63375
v 0.27833 1.77833 -0.62833
v 0.31625 1.2 -0.66625
v 0.27833 1.12167 -0.72833
v 0.28375 1.2 -0.73375
v 0.27833 1.27833 -0.72833
v 0.4 1.08375 0.66625
v 0.4 1.11625 0.73375
v 0.4 1.2 0.75
v 0.4 1.3 0.75
v 0.4 1.38375 0.73375
v 0.4 1.41625 0.66625
v 0.4 1.58375 0.66625
v 0.4 1.61625 0.73375
v 0.4 1.7 0.75
v 0.4 1.78375 0.73375
v 0.4 1.81625 0.66625
v 0.4 0.6 0.637
v 0.37833 0.52167 0.62833
v 0.4 0.5 0.563
v 0.42167 0.57833 0.57167
v 0.4 0.7 0.65
v 0.4 0.8 0.637
v 0.37833 0.87833 0.62833
v 0.42167 0.82167 0.57167
v 0.4 0.9 0.563
v 0.4 0.98375 0.56625
v 0.4 1.01625 0.63375
v 0.4 1.5 0.65
v 0.4 1.9 0.65
v 0.4 2 0.637
v 0.37833 2.07833 0.62833
v 0.42167 2.02167 0.57167
v 0.4 2.1 0.563
v 0.4 0 0.45
v 0.4 0.01625 0.53375
v 0.4 0.1 0.55
v 0.4 0.2 0.55
v 0.4 0.3 0.55
v 0.4 0.4 0.55
v 0.4 2.18375 0.53375
v 0.4 2.21625 0.46625
v 0.4 0 0.35
v 0.4 2.28375 0.43375
v 0.4 2.3 0.35
v 0.4 0 0.25
v 0.4 2.3 0.25
v 0.4 0 0.15
v 0.4 2.287 0.15
v 0.4 0 0.05
v 0.42167 2.22167 0.12833
v 0.41625 2.21625 0.05
v 0.38375 2.28375 0.05
v 0.4 0 -0.05
v 0.4 2.213 -0.05
v 0.37833 2.27833 -0.02833
v 0.4 0.013 -0.15
v 0.4 2.187 -0.15
v 0.42167 0.07833 -0.17167
v 0.37833 0.02167 -0.22833
v 0.4 0.1 -0.25
v 0.42167 2.12167 -0.17167
v 0.4 2.1 -0.25
v 0.37833 2.17833 -0.22833
v 0.42167 0.17833 -0.27167
v 0.37833 0.12167 -0.32833
v 0.4 0.2 -0.337
v 0.4 0.3 -0.363
v 0.4 2 -0.337
v 0.4 1.91625 -0.36625
v 0.42167 2.02167 -0.27167
v 0.37833 2.07833 -0.32833
v 0.42167 0.37833 -0.37167
v 0.37833 0.32167 -0.42833
v 0.4 0.4 -0.437
v 0.4 0.5 -0.463
v 0.4 1.48375 -0.46625
v 0.4 1.41625 -0.46625
v 0.4 1.88375 -0.43375
v 0.4 1.81625 -0.46625
v 0.42167 0.57833 -0.47167
v 0.37833 0.52167 -0.52833
v 0.4 0.6 -0.55
v 0.42167 0.97833 -0.47167
v 0.42167 0.92167 -0.47167
v 0.4 0.9 -0.55
v 0.4 1 -0.537
v 0.4 1.08375 -0.56625
v 0.4 1.38375 -0.53375
v 0.4 1.31625 -0.56625
v 0.4 1.51625 -0.53375
v 0.4 1.6 -0.55
v 0.4 1.7 -0.55
v 0.4 1.78375 -0.53375
v 0.41625 0.7 -0.56625
v 0.37833 0.62167 -0.62833
v 0.38375 0.7 -0.63375
v 0.41625 0.8 -0.56625
v 0.38375 0.8 -0.63375
v 0.37833 0.87833 -0.62833
v 0.4 1.11625 -0.63375
v 0.4 1.2 -0.65
v 0.4 1.28375 -0.63375
v 0.48375 1.2 0.73375
v 0.47833 1.12167 0.72833
v 0.5 1.1 0.663
v 0.51625 1.2 0.66625
v 0.48375 1.3 0.73375
v 0.51625 1.3 0.66625
v 0.47833 1.37833 0.72833
v 0.5 1.4 0.663
v 0.48375 1.7 0.73375
v 0.47833 1.62167 0.72833
v 0.5 1.6 0.663
v 0.51625 1.7 0.66625
v 0.47833 1.77833 0.72833
v 0.5 1.8 0.663
v 0.5 0.58375 0.56625
v 0.5 0.61625 0.63375
v 0.5 0.7 0.65
v 0.5 0.78375 0.63375
v 0.5 0.81625 0.56625
v 0.5 0.98375 0.56625
v 0.5 1.01625 0.63375
v 0.5 1.5 0.65
v 0.5 1.9 0.637
v 0.47833 1.97833 0.62833
v 0.52167 1.92167 0.57167
v 0.5 2 0.563
v 0.5 0 0.45
v 0.5 0.01625 0.53375
v 0.5 0.1 0.55
v 0.5 0.2 0.55
v 0.5 0.3 0.55
v 0.5 0.4 0.55
v 0.5 0.5 0.55
v 0.5 0.9 0.55
v 0.5 2.1 0.537
v 0.47833 2.17833 0.52833
v 0.52167 2.12167 0.47167
v 0.5 2.2 0.45
v 0.5 0 0.35
v 0.47833 2.27833 0.42833
v 0.51625 2.21625 0.35
v 0.48375 2.28375 0.35
v 0.5 0 0.25
v 0.51625 2.21625 0.25
v 0.48375 2.28375 0.25
v 0.5 0 0.15
v 0.5 2.2 0.15
v 0.47833 2.27833 0.17167
v 0.5 0 0.05
v 0.52167 2.12167 0.12833
v 0.51625 2.11625 0.05
v 0.48375 2.18375 0.05
v 0.5 0 -0.05
v 0.51625 2.11625 -0.05
v 0.48375 2.18375 -0.05
v 0.5 0.01625 -0.13375
v 0.5 0.08375 -0.16625
v 0.5 2.1 -0.15
v 0.47833 2.17833 -0.12833
v 0.5 0.11625 -0.23375
v 0.5 0.18375 -0.26625
v 0.52167 2.02167 -0.17167
v 0.5 2 -0.25
v 0.47833 2.07833 -0.22833
v 0.5 0.21625 -0.33375
v 0.5 0.3 -0.35
v 0.5 0.4 -0.363
v 0.52167 1.92167 -0.27167
v 0.5 1.9 -0.35
v 0.47833 1.97833 -0.32833
v 0.52167 0.47833 -0.37167
v 0.47833 0.42167 -0.42833
v 0.5 0.5 -0.437
v 0.5 0.58375 -0.46625
v 0.5 0.98375 -0.46625
v 0.5 0.91625 -0.46625
v 0.52167 1.47833 -0.37167
v 0.52167 1.42167 -0.37167
v 0.5 1.4 -0.45
v 0.5 1.5 -0.45
v 0.52167 1.82167 -0.37167
v 0.5 1.8 -0.45
v 0.47833 1.87833 -0.42833
v 0.5 0.61625 -0.53375
v 0.5 0.7 -0.55
v 0.5 0.8 -0.55
v 0.5 0.88375 -0.53375
v 0.5 1.01625 -0.53375
v 0.5 1.1 -0.563
v 0.52167 1.32167 -0.47167
v 0.5 1.3 -0.55
v 0.47833 1.37833 -0.52833
v 0.51625 1.6 -0.46625
v 0.47833 1.52167 -0.52833
v 0.48375 1.6 -0.53375
v 0.51625 1.7 -0.46625
v 0.48375 1.7 -0.53375
v 0.47833 1.77833 -0.52833
v 0.51625 1.2 -0.56625
v 0.47833 1.12167 -0.62833
v 0.48375 1.2 -0.63375
v 0.47833 1.27833 -0.62833
v 0.6 0.58375 0.56625
v 0.6 0.61625 0.63375
v 0.6 0.7 0.65
v 0.6 0.78375 0.63375
v 0.6 0.81625 0.56625
v 0.6 0.98375 0.56625
v 0.6 1.01625 0.63375
v 0.6 1.1 0.65
v 0.6 1.2 0.65
v 0.6 1.3 0.65
v 0.6 1.4 0.637
v 0.58375 1.5 0.63375
v 0.62167 1.42167 0.57167
v 0.61625 1.5 0.56625
v 0.6 1.6 0.637
v 0.62167 1.57833 0.57167
v 0.6 1.7 0.65
v 0.6 1.8 0.637
v 0.57833 1.87833 0.62833
v 0.62167 1.82167 0.57167
v 0.6 1.9 0.55
v 0.58375 0.1 0.53375
v 0.57833 0.02167 0.52833
v 0.6 0.013 0.45
v 0.61625 0.1 0.46625
v 0.58375 0.2 0.53375
v 0.61625 0.2 0.46625
v 0.6 0.3 0.537
v 0.62167 0.27833 0.47167
v 0.6 0.4 0.55
v 0.6 0.5 0.55
v 0.6 0.9 0.55
v 0.58375 2 0.53375
v 0.61625 1.91625 0.45
v 0.613 2 0.45
v 0.57833 2.07833 0.52833
v 0.6 2.1 0.45
v 0.6 0 0.35
v 0.62167 1.92167 0.37167
v 0.62167 1.97833 0.37167
v 0.57833 2.17833 0.42833
v 0.61625 2.11625 0.35
v 0.58375 2.18375 0.35
v 0.6 0 0.25
v 0.61625 2.11625 0.25
v 0.58375 2.18375 0.25
v 0.6 0 0.15
v 0.6 2.1 0.15
v 0.57833 2.17833 0.17167
v 0.6 0 0.05
v 0.61625 2 0.13375
v 0.62167 1.92167 0.12833
v 0.61625 1.91625 0.05
v 0.6 2 0.05
v 0.58375 2.08375 0.05
v 0.6 0.013 -0.05
v 0.61625 1.91625 -0.05
v 0.6 2 -0.05
v 0.58375 2.08375 -0.05
v 0.62167 0.07833 -0.07167
v 0.57833 0.02167 -0.12833
v 0.6 0.1 -0.15
v 0.61625 1.91625 -0.15
v 0.587 2 -0.15
v 0.57833 2.07833 -0.12833
v 0.62167 0.17833 -0.17167
v 0.57833 0.12167 -0.22833
v 0.6 0.2 -0.25
v 0.6 1.9 -0.25
v 0.57833 1.97833 -0.22833
v 0.62167 0.27833 -0.27167
v 0.57833 0.22167 -0.32833
v 0.6 0.3 -0.337
v 0.6 0.4 -0.35
v 0.6 0.48375 -0.36625
v 0.62167 1.47833 -0.27167
v 0.62167 1.42167 -0.27167
v 0.6 1.4 -0.35
v 0.6 1.5 -0.35
v 0.62167 1.82167 -0.27167
v 0.6 1.8 -0.35
v 0.57833 1.87833 -0.32833
v 0.6 0.51625 -0.43375
v 0.6 0.58375 -0.46625
v 0.6 1 -0.463
v 0.6 0.91625 -0.46625
v 0.62167 1.32167 -0.37167
v 0.6 1.3 -0.45
v 0.57833 1.37833 -0.42833
v 0.61625 1.6 -0.36625
v 0.57833 1.52167 -0.42833
v 0.58375 1.6 -0.43375
v 0.61625 1.7 -0.36625
v 0.58375 1.7 -0.43375
v 0.57833 1.77833 -0.42833
v 0.6 0.61625 -0.53375
v 0.6 0.7 -0.55
v 0.6 0.8 -0.55
v 0.6 0.88375 -0.53375
v 0.62167 1.07833 -0.47167
v 0.57833 1.02167 -0.52833
v 0.6 1.1 -0.537
v 0.6 1.2 -0.537
v 0.62167 1.22167 -0.47167
v 0.57833 1.27833 -0.52833
v 0.68375 0.7 0.63375
v 0.67833 0.62167 0.62833
v 0.7 0.6 0.563
v 0.71625 0.7 0.56625
v 0.67833 0.77833 0.62833
v 0.7 0.8 0.563
v 0.7 1.1 0.637
v 0.67833 1.02167 0.62833
v 0.7 1 0.55
v 0.72167 1.07833 0.57167
v 0.7 1.2 0.637
v 0.68375 1.3 0.63375
v 0.71625 1.21625 0.55
v 0.7 1.3 0.55
v 0.67833 1.37833 0.62833
v 0.687 1.4 0.55
v 0.68375 1.7 0.63375
v 0.67833 1.62167 0.62833
v 0.687 1.6 0.55
v 0.7 1.7 0.55
v 0.67833 1.77833 0.62833
v 0.687 1.8 0.55
v 0.7 0.4 0.537
v 0.67833 0.32167 0.52833
v 0.7 0.3 0.45
v 0.72167 0.37833 0.47167
v 0.7 0.5 0.55
v 0.7 0.9 0.537
v 0.72167 0.92167 0.47167
v 0.72167 0.97833 0.47167
v 0.71625 1.21625 0.45
v 0.7 1.3 0.45
v 0.7 1.4 0.45
v 0.68375 1.5 0.53375
v 0.7 1.5 0.45
v 0.7 1.6 0.45
v 0.7 1.7 0.45
v 0.7 1.8 0.45
v 0.67833 1.87833 0.52833
v 0.68375 1.88375 0.45
v 0.68375 0.1 0.43375
v 0.67833 0.02167 0.42833
v 0.7 0.013 0.35
v 0.71625 0.1 0.36625
v 0.68375 0.2 0.43375
v 0.71625 0.2 0.36625
v 0.72167 0.27833 0.37167
v 0.72167 1.22167 0.37167
v 0.71625 1.3 0.36625
v 0.71625 1.4 0.36625
v 0.71625 1.5 0.36625
v 0.71625 1.6 0.36625
v 0.71625 1.7 0.36625
v 0.71625 1.8 0.36625
v 0.7 1.9 0.363
v 0.67833 2.07833 0.42833
v 0.67833 2.02167 0.42833
v 0.7 2 0.35
v 0.68375 2.08375 0.35
v 0.7 0 0.25
v 0.71625 2.01625 0.25
v 0.68375 2.08375 0.25
v 0.7 0.013 0.15
v 0.7 2 0.163
v 0.7 1.9 0.137
v 0.67833 2.07833 0.17167
v 0.72167 0.07833 0.12833
v 0.68375 0.01625 0.05
v 0.713 0.1 0.05
v 0.71625 1.4 0.13375
v 0.72167 1.32167 0.12833
v 0.713 1.3 0.05
v 0.7 1.4 0.05
v 0.72167 1.47833 0.12833
v 0.71625 1.48375 0.05
v 0.72167 1.67833 0.12833
v 0.72167 1.62167 0.12833
v 0.72167 1.62167 0.07167
v 0.72167 1.67833 0.07167
v 0.72167 1.82167 0.12833
v 0.71625 1.81625 0.05
v 0.68375 1.88375 0.05
v 0.67833 0.02167 -0.02833
v 0.687 0.1 -0.05
v 0.71625 0.2 0.03375
v 0.7 0.2 -0.05
v 0.72167 0.27833 0.02833
v 0.71625 0.28375 -0.05
v 0.72167 1.22167 0.02833
v 0.71625 1.21625 -0.05
v 0.7 1.3 -0.05
v 0.7 1.4 -0.05
v 0.71625 1.48375 -0.05
v 0.71625 1.81625 -0.05
v 0.68375 1.88375 -0.05
v 0.67833 0.12167 -0.12833
v 0.687 0.2 -0.15
v 0.71625 0.28375 -0.15
v 0.72167 1.22167 -0.12833
v 0.713 1.3 -0.15
v 0.7 1.4 -0.15
v 0.71625 1.48375 -0.15
v 0.71625 1.81625 -0.15
v 0.68375 1.88375 -0.15
v 0.67833 0.22167 -0.22833
v 0.7 0.3 -0.25
v 0.713 1.3 -0.25
v 0.687 1.4 -0.25
v 0.7 1.5 -0.25
v 0.7 1.8 -0.25
v 0.67833 1.87833 -0.22833
v 0.72167 0.37833 -0.27167
v 0.67833 0.32167 -0.32833
v 0.7 0.4 -0.337
v 0.7 0.5 -0.363
v 0.72167 1.22167 -0.27167
v 0.71625 1.21625 -0.35
v 0.687 1.3 -0.35
v 0.67833 1.37833 -0.32833
v 0.71625 1.6 -0.26625
v 0.67833 1.52167 -0.32833
v 0.68375 1.6 -0.33375
v 0.71625 1.7 -0.26625
v 0.68375 1.7 -0.33375
v 0.67833 1.77833 -0.32833
v 0.72167 0.57833 -0.37167
v 0.67833 0.52167 -0.42833
v 0.7 0.6 -0.45
v 0.71625 1 -0.36625
v 0.72167 0.92167 -0.37167
v 0.7 0.9 -0.45
v 0.68375 1 -0.43375
v 0.72167 1.07833 -0.37167
v 0.7 1.1 -0.45
v 0.7 1.2 -0.45
v 0.67833 1.27833 -0.42833
v 0.71625 0.7 -0.46625
v 0.67833 0.62167 -0.52833
v 0.68375 0.7 -0.53375
v 0.71625 0.8 -0.46625
v 0.68375 0.8 -0.53375
v 0.67833 0.87833 -0.52833
v 0.67833 1.12167 -0.52833
v 0.67833 1.17833 -0.52833
v 0.77833 1.17833 0.62833
v 0.77833 1.12167 0.62833
v 0.787 1.1 0.55
v 0.78375 1.18375 0.55
v 0.8 0.5 0.537
v 0.77833 0.42167 0.52833
v 0.8 0.4 0.463
v 0.82167 0.47833 0.47167
v 0.8 0.6 0.55
v 0.8 0.7 0.55
v 0.8 0.8 0.55
v 0.8 0.88375 0.53375
v 0.8 0.91625 0.46625
v 0.77833 1.02167 0.52833
v 0.8 1 0.463
v 0.813 1.1 0.45
v 0.78375 1.18375 0.45
v 0.8 0.28375 0.36625
v 0.8 0.31625 0.43375
v 0.82167 1.12167 0.37167
v 0.8 1.2 0.363
v 0.8 0 0.25
v 0.8 0.01625 0.33375
v 0.8 0.1 0.35
v 0.8 0.2 0.35
v 0.8 1.3 0.35
v 0.8 1.4 0.35
v 0.8 1.5 0.35
v 0.8 1.6 0.35
v 0.8 1.7 0.35
v 0.8 1.8 0.35
v 0.8 1.9 0.337
v 0.77833 1.97833 0.32833
v 0.81625 1.91625 0.25
v 0.78375 1.98375 0.25
v 0.8 0.01625 0.16625
v 0.8 0.08375 0.13375
v 0.8 1.4 0.15
v 0.8 1.31625 0.13375
v 0.8 1.48375 0.13375
v 0.8 1.68375 0.13375
v 0.8 1.61625 0.13375
v 0.8 1.9 0.163
v 0.8 1.81625 0.13375
v 0.77833 1.97833 0.17167
v 0.8 0.11625 0.06625
v 0.8 0.2 0.05
v 0.8 0.28375 0.03375
v 0.8 1.28375 0.06625
v 0.8 1.21625 0.03375
v 0.8 1.61625 0.06625
v 0.8 1.5 0.05
v 0.8 1.8 0.05
v 0.8 1.68375 0.06625
v 0.8 0.3 -0.05
v 0.8 1.187 -0.05
v 0.8 1.513 -0.05
v 0.8 1.787 -0.05
v 0.8 0.3 -0.15
v 0.81625 1.1 -0.06625
v 0.82167 1.02167 -0.07167
v 0.82167 1.02167 -0.12833
v 0.813 1.1 -0.15
v 0.787 1.2 -0.15
v 0.81625 1.6 -0.06625
v 0.78375 1.51625 -0.15
v 0.8 1.6 -0.15
v 0.81625 1.7 -0.06625
v 0.8 1.7 -0.15
v 0.78375 1.78375 -0.15
v 0.8 0.31625 -0.23375
v 0.8 0.4 -0.263
v 0.813 1.1 -0.25
v 0.787 1.2 -0.25
v 0.77833 1.27833 -0.17167
v 0.77833 1.27833 -0.22833
v 0.77833 1.52167 -0.22833
v 0.78375 1.6 -0.23375
v 0.78375 1.7 -0.23375
v 0.77833 1.77833 -0.22833
v 0.82167 0.47833 -0.27167
v 0.77833 0.42167 -0.32833
v 0.8 0.5 -0.337
v 0.8 0.6 -0.363
v 0.81625 1 -0.26625
v 0.82167 0.92167 -0.27167
v 0.8 0.913 -0.35
v 0.78375 1 -0.33375
v 0.787 1.1 -0.35
v 0.78375 1.18375 -0.35
v 0.81625 0.7 -0.36625
v 0.77833 0.62167 -0.42833
v 0.78375 0.7 -0.43375
v 0.82167 0.77833 -0.37167
v 0.8 0.8 -0.437
v 0.8 0.88375 -0.43375
v 0.77833 1.12167 -0.42833
v 0.77833 1.17833 -0.42833
v 0.9 0.6 0.537
v 0.87833 0.52167 0.52833
v 0.9 0.5 0.463
v 0.92167 0.57833 0.47167
v 0.9 0.7 0.55
v 0.9 0.8 0.537
v 0.87833 0.87833 0.52833
v 0.92167 0.82167 0.47167
v 0.9 0.9 0.45
v 0.9 0.4 0.437
v 0.87833 0.32167 0.42833
v 0.9 0.3 0.35
v 0.92167 0.37833 0.37167
v 0.9 1 0.437
v 0.92167 0.92167 0.37167
v 0.92167 0.97833 0.37167
v 0.9 1.08375 0.43375
v 0.9 1.11625 0.36625
v 0.88375 0.1 0.33375
v 0.87833 0.02167 0.32833
v 0.88375 0.01625 0.25
v 0.9 0.1 0.25
v 0.88375 0.2 0.33375
v 0.9 0.2 0.25
v 0.91625 0.28375 0.25
v 0.9 1.2 0.337
v 0.88375 1.3 0.33375
v 0.91625 1.21625 0.25
v 0.9 1.3 0.25
v 0.88375 1.4 0.33375
v 0.9 1.4 0.25
v 0.88375 1.5 0.33375
v 0.9 1.5 0.25
v 0.88375 1.6 0.33375
v 0.9 1.6 0.25
v 0.88375 1.7 0.33375
v 0.9 1.7 0.25
v 0.88375 1.8 0.33375
v 0.9 1.8 0.25
v 0.87833 1.87833 0.32833
v 0.88375 1.88375 0.25
v 0.87833 0.02167 0.17167
v 0.887 0.1 0.15
v 0.9 0.2 0.15
v 0.91625 0.28375 0.15
v 0.91625 1.21625 0.15
v 0.887 1.3 0.15
v 0.88375 1.4 0.16625
v 0.887 1.5 0.15
v 0.887 1.6 0.15
v 0.887 1.7 0.15
v 0.887 1.8 0.15
v 0.87833 1.87833 0.17167
v 0.87833 0.12167 0.07167
v 0.88375 0.2 0.06625
v 0.9 0.3 0.05
v 0.9 1.213 0.05
v 0.87833 1.27833 0.07167
v 0.88375 1.51625 0.05
v 0.887 1.6 0.05
v 0.887 1.7 0.05
v 0.88375 1.78375 0.05
v 0.92167 0.37833 0.02833
v 0.88375 0.31625 -0.05
v 0.91625 0.38375 -0.05
v 0.92167 1.07833 0.02833
v 0.92167 1.02167 0.02833
v 0.9 1 -0.05
v 0.9 1.1 -0.037
v 0.9 1.18375 -0.03375
v 0.87833 1.52167 -0.02833
v 0.88375 1.6 -0.03375
v 0.88375 1.7 -0.03375
v 0.87833 1.77833 -0.02833
v 0.88375 0.31625 -0.15
v 0.913 0.4 -0.15
v 0.92167 0.92167 -0.07167
v 0.91625 0.91625 -0.15
v 0.887 1 -0.15
v 0.87833 0.32167 -0.22833
v 0.88375 0.4 -0.23375
v 0.92167 0.47833 -0.17167
v 0.9 0.5 -0.25
v 0.9 0.913 -0.25
v 0.88375 1 -0.23375
v 0.87833 1.07833 -0.17167
v 0.87833 1.07833 -0.22833
v 0.92167 0.57833 -0.27167
v 0.87833 0.52167 -0.32833
v 0.9 0.6 -0.337
v 0.9 0.7 -0.35
v 0.9 0.8 -0.363
v 0.9 0.887 -0.35
v 0.87833 0.82167 -0.42833
v 0.87833 0.87833 -0.42833
v 0.98375 0.7 0.53375
v 0.97833 0.62167 0.52833
v 1 0.6 0.45
v 1.013 0.7 0.45
v 0.97833 0.77833 0.52833
v 0.987 0.8 0.45
v 0.98375 0.5 0.43375
v 0.97833 0.42167 0.42833
v 1 0.4 0.363
v 1.01625 0.5 0.36625
v 1.02167 0.57833 0.37167
v 1.02167 0.72167 0.37167
v 1.01625 0.8 0.36625
v 0.97833 0.87833 0.42833
v 1 0.9 0.363
v 0.97833 1.07833 0.42833
v 0.97833 1.02167 0.42833
v 1 1 0.35
v 0.987 1.1 0.35
v 1 0.3 0.25
v 1 0.31625 0.33375
v 1.01625 1.01625 0.25
v 1 1.1 0.25
v 0.97833 1.17833 0.32833
v 0.98375 1.18375 0.25
v 1 0.3 0.15
v 1.01625 1.01625 0.15
v 1 1.1 0.15
v 0.98375 1.18375 0.15
v 1 0.31625 0.06625
v 1 0.4 0.037
v 1 1.013 0.05
v 0.987 1.1 0.05
v 0.98375 1.18375 0.05
v 1.01625 0.5 0.03375
v 0.98375 0.41625 -0.05
v 1 0.5 -0.05
v 1.01625 0.6 0.03375
v 1 0.6 -0.05
v 1.01625 0.7 0.03375
v 1 0.7 -0.05
v 1.02167 0.77833 0.02833
v 1.013 0.8 -0.05
v 1 0.98375 -0.03375
v 1 0.9 -0.063
v 0.97833 1.12167 -0.02833
v 0.97833 1.17833 -0.02833
v 0.97833 0.42167 -0.12833
v 0.987 0.5 -0.15
v 1 0.6 -0.15
v 1 0.7 -0.15
v 1 0.8 -0.15
v 0.98375 0.88375 -0.15
v 0.97833 0.52167 -0.22833
v 0.987 0.6 -0.25
v 1 0.7 -0.25
v 1 0.8 -0.25
v 0.98375 0.88375 -0.25
v 0.97833 0.62167 -0.32833
v 0.98375 0.7 -0.33375
v 0.98375 0.8 -0.33375
v 0.97833 0.87833 -0.32833
v 1.07833 0.67833 0.42833
v 1.07833 0.62167 0.42833
v 1.1 0.6 0.363
v 1.1 0.7 0.363
v 1.1 0.4 0.337
v 1.07833 0.32167 0.32833
v 1.08375 0.31625 0.25
v 1.11625 0.38375 0.25
v 1.1 0.5 0.35
v 1.1 0.8 0.35
v 1.1 0.9 0.337
v 1.07833 0.97833 0.32833
v 1.11625 0.91625 0.25
v 1.08375 0.98375 0.25
v 1.08375 0.31625 0.15
v 1.11625 0.38375 0.15
v 1.11625 0.91625 0.15
v 1.08375 0.98375 0.15
v 1.07833 0.32167 0.07167
v 1.1 0.4 0.063
v 1.1 0.5 0.05
v 1.1 0.6 0.05
v 1.1 0.7 0.05
v 1.1 0.78375 0.03375
v 1.11625 0.91625 0.05
v 1.08375 0.98375 0.05
v 1.1 0.81625 -0.03375
v 1.1 0.9 -0.037
v 1.07833 0.97833 -0.02833
v 1.18375 0.5 0.33375
v 1.17833 0.42167 0.32833
v 1.18375 0.41625 0.25
v 1.2 0.5 0.25
v 1.18375 0.6 0.33375
v 1.2 0.6 0.25
v 1.18375 0.7 0.33375
v 1.2 0.7 0.25
v 1.18375 0.8 0.33375
v 1.2 0.8 0.25
v 1.17833 0.87833 0.32833
v 1.18375 0.88375 0.25
v 1.18375 0.41625 0.15
v 1.2 0.5 0.15
v 1.2 0.6 0.15
v 1.2 0.7 0.15
v 1.2 0.8 0.15
v 1.18375 0.88375 0.15
v 1.17833 0.42167 0.07167
v 1.18375 0.5 0.06625
v 1.18375 0.6 0.06625
v 1.18375 0.7 0.06625
v 1.187 0.8 0.05
v 1.18375 0.88375 0.05
v 1.17833 0.82167 -0.02833
v 1.17833 0.87833 -0.02833

# texcoords
vt 0.04492 0.5
vt 0.05664 0.5
vt 0.01367 0.5
vt 0.00586 0.5
vt 0.06836 0.5
vt 0.02148 0.5
vt 0.06055 0.5
vt 0.01758 0.5
vt 0.06445 0.5
vt 0.05273 0.5
vt 0.04883 0.5
vt 0.0332 0.5
vt 0.00977 0.5
vt 0.07227 0.5
vt 0.04102 0.5
vt 0.02539 0.5
vt 0.00195 0.5
vt 0.0293 0.5
vt 0.03711 0.5
vt 0.07617 0.5
vt 0.08008 0.5
vt 0.0918 0.5
vt 0.08398 0.5
vt 0.08789 0.5

# normals
vn -0.9932 -0.0821 0.0821
vn -0.889 -0.4552 0.0503
vn -0.9814 -0.1357 0.1357
vn -0.9842 -0.068 0.1635
vn -0.352 -0.921 0.1668
vn -0.6586 -0.7499 0.0622
vn -0.7042 -0.7042 0.0901
vn -0.6953 -0.6953 0.1822
vn -0.2136 -0.0846 0.9733
vn -0.1649 -0.1063 0.9806
vn -0.1883 -0.1503 0.9705
vn -0.2038 -0.0931 0.9746
vn -0.9954 0 0.0957
vn -0.8658 0 0.5003
vn -0.296 -0.0313 0.9547
vn -0.4695 -0.0465 0.8817
vn -0.7448 0.0183 0.6671
vn -0.7448 -0.0183 0.6671
vn -0.4695 0.0465 0.8817
vn -0.9932 0.0821 0.0821
vn -0.9842 0.068 0.1635
vn -0.2136 0.0846 0.9733
vn -0.296 0.0313 0.9547
vn -0.2038 0.0931 0.9746
vn -0.889 0.4552 0.0503
vn -0.9814 0.1357 0.1357
vn -0.6586 0.7499 0.0622
vn -0.352 0.921 0.1668
vn -0.6953 0.6953 0.1822
vn -0.7042 0.7042 0.0901
vn -0.1649 0.1063 0.9806
vn -0.2001 0.1384 0.97
vn -0.9932 -0.0821 -0.0821
vn -0.785 -0.6135 -0.0864
vn -0.785 -0.6135 0.0864
vn -0.7042 -0.7042 -0.0901
vn -0.9954 0 -0.0957
vn -0.9962 -0.0072 -0.0872
vn -0.996 0.0697 -0.0557
vn -0.8029 0.5958 -0.0182
vn -0.785 0.6135 0.0864
vn -0.7071 0.7071 -0
vn -0.9842 -0.068 -0.1635
vn -0.9814 -0.1357 -0.1357
vn -0.889 -0.4552 -0.0503
vn -0.6586 -0.7499 -0.0622
vn -0.352 -0.921 -0.1668
vn -0.6953 -0.6953 -0.1822
vn -0.1925 -0.0509 -0.98
vn -0.1883 -0.1503 -0.9705
vn -0.1649 -0.1063 -0.9806
vn -0.178 -0.0532 -0.9826
vn -0.9817 0 -0.1905
vn -0.1905 0 -0.9817
vn -0.9847 -0.0144 -0.1739
vn -0.1798 -0.0777 -0.9806
vn -0.196 -0.0874 -0.9767
vn -0.994 0.0366 -0.1032
vn -0.1925 -0.6186 -0.7617
vn -0.2095 -0.6254 -0.7517
vn -0.9174 0.3939 -0.0574
vn -0.6733 0.7341 -0.0876
vn -0.7042 0.7042 -0.0901
vn -0.9959 0.0231 -0.0871
vn -0.9947 0.0693 -0.0759
vn -0.352 0.921 -0.1668
vn -0.3946 0.915 -0.0838
vn -0.6953 0.6953 -0.1822
vn -0.1668 -0.921 -0.352
vn -0.1999 -0.7549 -0.6246
vn -0.1646 0.0517 -0.985
vn -0.1568 -0.0466 -0.9865
vn -0.0871 -0.0231 -0.9959
vn -0.5696 0.0231 0.8216
vn -0.5696 -0.0231 0.8216
vn -0.6974 -0.0135 0.7166
vn -0.3363 0.8796 0.3363
vn -0.834 0.4576 0.3084
vn -0.7306 0.5977 0.3302
vn -0.3128 -0.8792 0.3595
vn -0.698 -0.5869 0.4104
vn -0.658 -0.5202 0.5445
vn -0.6879 -0.1348 0.7132
vn -0.8705 0.061 0.4883
vn -0.7499 -0.6586 0.0622
vn -0.921 -0.352 0.1668
vn -0.1357 -0.9814 0.1357
vn -0.4552 -0.889 0.0503
vn -0.1766 -0.9809 0.081
vn -0.1615 -0.9736 0.1615
vn -0.1754 -0.2464 0.9532
vn -0.1864 -0.2823 0.941
vn -0.4093 -0.3811 0.829
vn -0.6274 -0.1383 0.7663
vn -0.2529 -0.0565 0.9658
vn -0.6202 -0.1501 0.77
vn -0.2529 0.0565 0.9658
vn -0.4916 0.1424 0.8591
vn -0.4336 0.363 0.8248
vn -0.7517 0.6254 0.2095
vn -0.7764 0.6215 0.1043
vn -0.2112 0.2112 0.9544
vn -0.2155 0.1734 0.961
vn -0.6135 -0.785 -0.0864
vn -0.6135 -0.785 0.0864
vn -0.1766 -0.9809 -0.081
vn -0.6963 0.7176 -0.0122
vn -0.7779 0.6253 -0.062
vn -0.921 -0.352 -0.1668
vn -0.7499 -0.6586 -0.0622
vn -0.4552 -0.889 -0.0503
vn -0.1357 -0.9814 -0.1357
vn -0.1615 -0.9736 -0.1615
vn -0.1994 -0.2214 -0.9546
vn -0.1864 -0.2823 -0.941
vn -0.1754 -0.2464 -0.9532
vn -0.207 -0.0485 -0.9771
vn -0.1635 -0.068 -0.9842
vn -0.1357 -0.1357 -0.9814
vn -0.168 -0.155 -0.9735
vn -0.6662 0.7365 -0.1171
vn -0.4653 0.8584 -0.2159
vn -0.1957 0.1753 -0.9649
vn -0.2256 -0.07 -0.9717
vn -0.6398 0.7382 -0.2136
vn -0.2275 0.9535 -0.1979
vn -0.1739 0.8241 -0.5392
vn -0.1604 0.5622 -0.8113
vn -0.1754 0.2464 -0.9532
vn -0.6146 -0.4453 0.6512
vn -0.7255 -0.5691 0.3869
vn -0.9589 0.0346 0.2817
vn -0.573 -0.5174 0.6356
vn -0.5229 -0.5128 0.6809
vn -0.1659 -0 0.9861
vn -0.3437 -0.1638 0.9247
vn -0.1154 -0 0.9933
vn -0.7966 0.3886 0.4631
vn -0.8264 0.2614 0.4987
vn -0.5225 0.5366 0.6627
vn -0.5859 0.5599 0.5859
vn -0.3384 0.1806 0.9235
vn -0.5668 -0.4647 0.6803
vn -0.6608 -0.1817 0.7283
vn -0.5174 -0.573 0.6356
vn -0.4065 -0.4123 0.8154
vn -0.4354 -0.3924 0.8102
vn -0.5626 -0.46 0.6869
vn -0.9394 0.1762 0.2941
vn -0.6571 0.1611 0.7364
vn -0.6068 0.5205 0.6007
vn -0.5404 0.5689 0.6199
vn -0.5406 0.5406 0.6447
vn -0.1971 -0.8582 0.474
vn -0.1896 -0.9773 0.094
vn -0.4148 -0.7344 0.5372
vn -0.2127 -0.5808 0.7858
vn -0.3815 -0.6413 0.6657
vn -0.4118 0.3693 0.8331
vn -0.9812 0.1734 0.0843
vn -0.9735 0.155 0.168
vn -0.2278 0.0668 0.9714
vn -0.2136 0.0509 0.9756
vn -0.7869 0.6114 0.0831
vn -0.7761 0.6078 0.1681
vn -0.8742 0.4554 0.1683
vn -0.7725 0.6312 0.0701
vn -0.2323 0.0366 0.972
vn -0.2324 -0 0.9726
vn -0.1896 -0.9773 -0.094
vn -0.9806 0.1798 -0.0777
vn -0.785 0.6135 -0.0864
vn -0.7411 0.6604 -0.1215
vn -0.1971 -0.8582 -0.474
vn -0.4459 -0.7815 -0.4363
vn -0.3153 -0.7112 -0.6283
vn -0.2224 -0.7135 -0.6644
vn -0.2127 -0.5808 -0.7858
vn -0.268 -0.4474 -0.8533
vn -0.9735 0.168 -0.155
vn -0.7603 0.6375 -0.1245
vn -0.1747 0.1349 -0.9753
vn -0.1493 0.484 -0.8622
vn -0.148 0.6544 -0.7415
vn -0.1697 0.1534 -0.9735
vn -0.9814 0.1357 -0.1357
vn -0.889 0.4552 -0.0503
vn -0.6586 0.7499 -0.0622
vn -0.7073 0.6757 -0.2078
vn -0.1883 0.1503 -0.9705
vn -0.1649 0.1063 -0.9806
vn -0.9848 -0.1014 -0.141
vn -0.7666 -0.6187 -0.1719
vn -0.7517 -0.6254 -0.2095
vn -0.9767 -0.0874 -0.196
vn -0.6198 -0.5786 -0.5301
vn -0.7025 -0.6987 -0.1352
vn -0.5853 -0.6394 -0.4986
vn -0.9936 -0.0162 -0.1118
vn -0.9935 -0.0429 -0.1055
vn -0.9826 -0.0532 -0.178
vn -0.9911 -0.0092 -0.1325
vn -0.9806 -0.1063 -0.1649
vn -0.1836 0.7044 -0.6856
vn -0.2421 0.8633 -0.4429
vn -0.179 0.7993 -0.5737
vn -0.2357 0.877 -0.4186
vn -0.3022 0.7214 -0.6231
vn -0.2681 0.4148 -0.8695
vn -0.8658 -0.3577 -0.35
vn -0.7072 -0.5472 -0.4477
vn -0.8164 -0.4513 -0.3602
vn -0.6356 -0.5174 -0.573
vn -0.7974 -0.4316 -0.4219
vn -0.9956 -0.0665 -0.0665
vn -0.9872 -0.122 -0.1024
vn -0.9989 -0.0324 -0.0324
vn -0.996 0.0679 -0.0579
vn -0.772 0.6263 -0.1085
vn -0.7657 0.614 -0.1914
vn -0.6239 0.5829 -0.5205
vn -0.5736 0.6593 -0.4861
vn -0.6904 0.7121 -0.1277
vn -0.9223 -0.1722 -0.346
vn -0.6713 -0.5241 -0.5241
vn -0.6003 -0.5284 -0.6003
vn -0.5859 -0.5599 -0.5859
vn -0.7865 -0.4245 -0.4486
vn -0.9872 -0.1024 -0.122
vn -0.9932 0.0821 -0.0821
vn -0.8799 0.4703 -0.0682
vn -0.757 0.645 -0.1044
vn -0.4706 0.8693 -0.1515
vn -0.3783 -0.6483 -0.6608
vn -0.3363 -0.8796 -0.3363
vn -0.55 -0.5411 -0.6362
vn -0.2038 -0.0931 -0.9746
vn -0.4043 -0.1989 -0.8928
vn -0.2136 -0.0846 -0.9733
vn -0.9842 0.068 -0.1635
vn -0.473 -0.217 -0.8539
vn -0.2837 0.0265 -0.9586
vn -0.2464 0.9532 -0.1754
vn -0.3134 0.9431 -0.111
vn -0.4765 0.8149 -0.3299
vn -0.2112 0.9544 -0.2112
vn -0.7129 0.0798 -0.6967
vn -0.4692 -0.0077 -0.8831
vn -0.3033 0.1153 -0.9459
vn -0.5115 -0.5115 0.6904
vn -0.4391 -0.4142 0.7973
vn -0.5287 -0.5287 0.664
vn -0.3612 -0.3612 0.8597
vn -0.3637 -0.344 0.8657
vn -0.1216 -0.0894 0.9885
vn -0.122 -0.1024 0.9872
vn -0.1112 0 0.9938
vn -0.1122 0.1122 0.9873
vn -0.1067 0.1208 0.9869
vn -0.5456 0.5133 0.6625
vn -0.5869 0.698 0.4104
vn -0.46 0.5626 0.6869
vn -0.1383 0.6274 0.7663
vn -0.1966 0.761 0.6183
vn -0.1501 0.6202 0.77
vn -0.1881 0.3401 0.9214
vn -0.9946 0.0405 0.096
vn -0.997 -0.0552 0.0552
vn -0.1587 0.9776 0.1381
vn -0.2382 0.9381 0.2514
vn -0.2887 -0.9571 0.024
vn -0.3053 -0.9321 0.1947
vn -0.2666 0 0.9638
vn -0.5913 -0.1269 0.7964
vn -0.5977 0.1176 0.793
vn -0.1717 -0.127 -0.9769
vn -0.526 -0.5908 0.6118
vn -0.4762 -0.5813 0.6598
vn -0.1815 -0.6178 0.7651
vn -0.1895 -0.6648 0.7226
vn -0.3924 -0.4354 0.8102
vn -0.5496 0.5496 0.6292
vn -0.4718 0.4352 0.7669
vn -0.2685 0.4625 0.845
vn -0.3128 0.8792 0.3595
vn -0.1972 0.6223 0.7576
vn -0.983 0.1068 0.1496
vn -0.2096 0.9296 0.3032
vn -0.2548 0.939 0.2311
vn -0.2106 0.943 0.2575
vn -0.1587 -0.9776 0.1381
vn -0.1475 0.1475 0.978
vn -0.995 -0.0923 0.0392
vn -0.9884 -0.1515 0.0148
vn -0.137 -0.9906 -0
vn -0.0833 -0.9965 -0
vn -0.0824 -0.9858 0.1467
vn -0.1635 -0.068 0.9842
vn -0.1357 -0.1357 0.9814
vn -0.155 -0.168 0.9735
vn -0.1734 -0.0843 0.9812
vn -0.9906 -0.1117 0.079
vn -0.9773 -0.094 0.1896
vn -0.1896 -0.094 0.9773
vn -0.1766 -0.081 0.9809
vn -0.9773 -0.1896 0.094
vn -0.9279 -0.2516 0.2751
vn -0.412 -0.5039 0.7592
vn -0.4043 0.1989 0.8928
vn -0.1992 0.035 0.9793
vn -0.2323 -0.0366 0.972
vn -0.9925 0.1204 0.0235
vn -0.9999 0.0073 0.0085
vn -0.9847 0.0144 0.1739
vn -0.2326 0.0562 0.9709
vn -0.2001 0.1741 0.9642
vn -0.168 0.155 0.9735
vn -0.1922 0.0355 0.9807
vn -0.9997 -0.0073 0.0241
vn -0.9995 0 0.0312
vn -0.9817 0 0.1905
vn -0.2263 0.0313 0.9735
vn -0.2022 0.0423 0.9784
vn -0.9968 0.0762 0.0231
vn -0.178 0.0532 0.9826
vn -0.1925 0.0509 0.98
vn -0.9884 0.1515 0.0148
vn -0.357 0.9341 0
vn -0.2203 0.1174 0.9683
vn -0.9873 -0.1122 -0.1122
vn -0.9806 -0.1649 -0.1063
vn -0.1104 -0.8855 -0.4513
vn -0.1714 -0.7035 -0.6897
vn -0.1483 -0.3724 -0.9162
vn -0.1668 -0.352 -0.921
vn -0.1822 -0.6953 -0.6953
vn -0.9849 -0.1378 -0.1047
vn -0.9773 -0.1896 -0.094
vn -0.9691 0.1998 -0.1445
vn -0.9876 0 -0.1572
vn -0.1701 -0 -0.9854
vn -0.1925 0.6186 -0.7617
vn -0.2095 0.6254 -0.7517
vn -0.2032 0 -0.9791
vn -0.9943 -0.0096 -0.1063
vn -0.2001 -0.1741 -0.9642
vn -0.9953 0 -0.0969
vn -0.0873 0.0242 -0.9959
vn -0.1114 0.0364 -0.9931
vn -0.1673 0.0174 -0.9857
vn -0.9944 0.0552 -0.0896
vn -0.7656 0.6239 -0.1569
vn -0.8831 0.4662 -0.0524
vn -0.6424 0.7653 -0.0405
vn -0.1754 0.2098 -0.9619
vn -0.1186 0.1402 -0.983
vn -0.1591 0.2621 -0.9518
vn -0.9733 -0.1468 -0.1762
vn -0.1648 -0.1583 -0.9735
vn -0.1615 -0.1615 -0.9736
vn -0.9454 -0.2768 -0.1722
vn -0.1926 -0.253 -0.9481
vn -0.1796 0.1165 -0.9768
vn -0.1357 0.1357 -0.9814
vn -0.155 0.168 -0.9735
vn -0.2035 0.2164 -0.9548
vn -0.6313 0.7049 -0.3234
vn -0.8727 0.4339 -0.2238
vn -0.516 0.5967 -0.6146
vn -0.5309 0.5726 -0.6248
vn -0.1999 0.7549 -0.6246
vn -0.1999 0.6652 -0.7194
vn -0.1918 0.6543 -0.7315
vn -0.9987 0 -0.0507
vn -0.1827 0.9731 -0.1403
vn -0.2001 0.9642 -0.1741
vn -0.168 0.9735 -0.155
vn -0.191 0.9742 -0.1199
vn -0.2001 -0.9642 -0.1741
vn -0.1827 -0.9731 -0.1403
vn -0.191 -0.9742 -0.1199
vn -0.168 -0.9735 -0.155
vn 1 0 -0
vn -0.0542 0.9941 -0.094
vn -0.0306 0.9874 -0.155
vn -0.1169 0.9925 -0.0354
vn -0.0306 -0.9874 -0.155
vn -0.0542 -0.9941 -0.094
vn -0.1169 -0.9925 -0.0354
vn -0.633 -0.7662 -0.1108
vn -0.6582 -0.7233 -0.2091
vn -0.692 -0.7002 -0.1758
vn -0.4102 0.8282 -0.3819
vn -0.1481 0.9511 -0.2709
vn -0.2965 0.9462 -0.1294
vn -0.9976 0 -0.069
vn -0.1649 0.9806 -0.1063
vn -0.2692 0.9604 -0.0718
vn -0.1649 -0.9806 -0.1063
vn -0.2692 -0.9604 -0.0718
vn -0.2666 0 -0.9638
vn -0.0776 0.9964 -0.0326
vn -0.2338 0.9723 0.0014
vn -0.0776 -0.9964 -0.0326
vn -0.2338 -0.9723 0.0014
vn -0.6495 -0.7515 -0.1156
vn -0.4703 -0.8799 -0.0682
vn -0.6983 0.7062 -0.1172
vn -0.684 0.7116 -0.1606
vn -0.5454 0.8263 -0.1406
vn -0.4335 0.8796 -0.1958
vn -0.7515 0.6495 -0.1156
vn -0.7807 0.6222 -0.0582
vn -0.8127 -0.2237 -0.5381
vn -0.9544 -0.2112 -0.2112
vn -0.9462 -0.2965 -0.1294
vn -0.4228 -0.4228 -0.8015
vn -0.2045 -0.2648 -0.9424
vn -0.2112 -0.2112 -0.9544
vn -0.5381 -0.2237 -0.8127
vn -0.6877 -0.2329 -0.6877
vn -0.573 -0.5174 -0.6356
vn -0.6346 0.6346 -0.441
vn -0.7835 0.4779 -0.3972
vn -0.7763 0.4382 -0.4531
vn -0.585 0.5942 -0.5521
vn -0.4961 0.7673 -0.4063
vn -0.4181 -0.3702 -0.8296
vn -0.5406 -0.5406 -0.6447
vn -0.4122 -0.4064 -0.8155
vn -0.4286 -0.3505 -0.8327
vn -0.6229 -0.1304 -0.7713
vn -0.5472 -0.4477 -0.7072
vn -0.2857 -0.262 -0.9218
vn -0.3082 0.7266 -0.6141
vn -0.1948 0.9461 -0.2587
vn -0.9577 0.0259 -0.2865
vn -0.5696 0.0294 -0.8214
vn -0.1754 0.9532 -0.2464
vn -0.1864 0.941 -0.2823
vn -0.2686 -0.3947 -0.8787
vn -0.2854 -0.8774 -0.3856
vn -0.6179 -0.4135 -0.6687
vn -0.1688 0.0738 -0.9829
vn -0.2402 0.0341 -0.9701
vn -0.0871 0.0231 -0.9959
vn -0.732 0.155 0.6635
vn -0.7265 -0.1578 0.6689
vn -0.9638 0 0.2666
vn -0.5287 0.7095 0.4659
vn -0.6983 0.5965 0.3957
vn -0.5595 -0.7049 0.436
vn -0.5685 -0.5685 0.5947
vn -0.5126 -0.5357 0.671
vn -0.11 0 0.9939
vn -0.1154 -0.0552 0.9918
vn -0.132 0.0096 0.9912
vn -0.4229 -0.4304 0.7974
vn -0.3508 -0.3568 0.8658
vn -0.0894 -0.1216 0.9885
vn -0.3221 -0.3221 0.8902
vn -0.3406 -0.1234 0.9321
vn -0.612 0 0.7908
vn -0.3502 0.1678 0.9215
vn -0.1191 0.4992 0.8583
vn -0.1655 0.5895 0.7906
vn -0.1325 0.3818 0.9147
vn -0.1348 0.3382 0.9314
vn -0.9848 -0.0943 0.146
vn -0.8645 -0.428 0.2634
vn -0.6276 -0.5505 0.5505
vn -0.7546 -0.4194 0.5047
vn -0.7266 -0.6141 0.3082
vn -0.3363 -0.8796 0.3363
vn -0.4303 -0.6011 0.6734
vn -0.6823 -0.3435 0.6454
vn -0.5627 -0.524 0.6393
vn -0.7312 0.6488 0.2107
vn -0.9855 0.0976 0.1385
vn -0.76 0.416 0.4993
vn -0.6519 0.5759 0.4933
vn -0.4772 0.8434 0.2468
vn -0.8161 0.4167 0.4004
vn -0.5768 0.796 0.1837
vn -0.6873 0.3411 0.6413
vn -0.992 0 0.1265
vn -0.9976 0 0.069
vn -0.3581 0.9196 0.1613
vn -0.3642 0.9182 0.1558
vn -0.642 0.7469 0.1733
vn -0.6343 -0.7498 0.1883
vn -0.7657 -0.614 0.1914
vn -0.1895 -0.0812 0.9785
vn -0.2793 -0.0353 0.9595
vn -0.2507 -0.0943 0.9635
vn -0.1681 -0.6078 0.7761
vn -0.4391 -0.5943 0.6737
vn -0.5509 -0.5337 0.6416
vn -0.2005 0.4742 0.8573
vn -0.1578 0.1135 0.9809
vn -0.993 -0.0351 0.1123
vn -0.9884 -0.0376 0.1469
vn -0.9757 -0.1249 0.1799
vn -0.9964 -0.0326 0.0776
vn -0.2768 0.9411 0.1944
vn -0.2112 0.9544 0.2112
vn -0.983 0 0.1836
vn -0.0471 -0.9989 -0
vn -0.0766 -0.9899 0.1194
vn -0.6254 -0.2095 0.7517
vn -0.6215 -0.1043 0.7764
vn -0.6114 -0.0831 0.7869
vn -0.5001 -0.5001 0.7069
vn -0.1357 0.1357 0.9814
vn -0.1515 0.0148 0.9884
vn -0.207 0.0485 0.9771
vn -0.2285 0.109 0.9674
vn -0.7092 0.705 -0.0031
vn -0.7002 0.692 0.1758
vn -0.7237 0.6753 0.1422
vn -0.719 0.6946 -0.0212
vn -0.2722 0.1486 0.9507
vn -0.2312 0.1151 0.9661
vn -0.1063 -0.9399 -0.3246
vn -0.1606 -0.7116 -0.684
vn -0.0905 -0.7876 -0.6095
vn -0.1326 -0.7804 -0.6111
vn -0.137 -0 -0.9906
vn -0.168 0.155 -0.9735
vn -0.047 0.0276 -0.9985
vn -0.0552 0.0552 -0.997
vn -0.0975 0.078 -0.9922
vn -0.2045 0.1808 -0.962
vn -0.2587 0.1948 -0.9461
vn -0.2112 0.2112 -0.9544
vn -0.5287 -0.5885 -0.6117
vn -0.4861 -0.6593 -0.5736
vn -0.1668 0.921 -0.352
vn -0.2078 0.6757 -0.7073
vn -0.3234 0.7049 -0.6313
vn -0.2716 0.4434 -0.8542
vn -0.1357 0.9814 -0.1357
vn -0.1992 0.9749 -0.0994
vn -0.1992 -0.9749 -0.0994
vn -0.1635 -0.9842 -0.068
vn -0.9833 0.1651 -0.0771
vn -0.9735 0.155 -0.168
vn -0.7786 0.6246 -0.0602
vn -0.7517 0.6254 -0.2095
vn -0.6459 0.7582 -0.0897
vn -0.6248 0.5726 -0.5309
vn -0.6429 0.5791 -0.5013
vn -0.6528 0.7556 -0.0543
vn -0.3202 0.9458 -0.0543
vn -0.3202 -0.9458 -0.0543
vn -0.6528 0.7541 0.0719
vn -0.6702 0.7418 0.0226
vn -0.3099 -0.9506 0.0185
vn -0.2394 -0.9674 0.0825
vn 0 0 1
vn -0.9874 0.1585 0
vn -0.9313 0.3616 0.0439
vn -0.8835 0.4681 -0.0157
vn -0.8362 0.4495 0.3142
vn -0.7812 0.6241 -0.0107
vn -0.7072 0.5472 0.4477
vn -0.9934 0 -0.1148
vn -0.9871 0 -0.1604
vn -0.3854 0.9186 -0.0878
vn -0.3715 -0.9229 -0.1009
vn -0.7726 -0.6266 -0.1021
vn -0.7534 -0.6568 -0.0314
vn -0.3715 0.9229 -0.1009
vn -0.6929 0.7145 -0.0967
vn -0.3854 -0.9186 -0.0878
vn -0.5536 -0.6097 -0.5673
vn -0.4941 -0.8571 -0.1455
vn -0.5174 -0.573 -0.6356
vn -0.4397 -0.6461 -0.6238
vn -0.2273 -0.5699 -0.7896
vn -0.9912 0.1013 -0.0856
vn -0.9121 0.363 -0.1905
vn -0.937 0.344 -0.0605
vn -0.9939 0.11 -0
vn -0.9936 0.109 -0.0293
vn -0.9912 0.132 0.0096
vn -0.3148 0.9492 -0
vn -0.836 0.5292 -0.1454
vn -0.3856 0.2854 0.8774
vn -0.4455 0.6848 0.5767
vn -0.784 0.2584 0.5645
vn -0.8425 0.273 -0.4644
vn -0.6803 0.5668 -0.4647
vn -0.4455 0.6848 -0.5767
vn -0.3856 0.2854 -0.8774
vn -0.3925 0.9106 -0.1297
vn -0.3642 -0.9182 -0.1558
vn -0.6316 -0.7359 -0.244
vn -0.8052 -0.0484 -0.591
vn -0.5636 -0.0574 -0.8241
vn -0.2887 -0.024 -0.9571
vn -0.3642 0.9182 -0.1558
vn -0.5553 0.7096 -0.4338
vn -0.3925 -0.9106 -0.1297
vn -0.5811 0.173 -0.7952
vn -0.8052 0.0484 -0.591
vn -0.2887 0.024 -0.9571
vn -0.5287 -0.5287 -0.664
vn -0.3688 -0.4037 -0.8373
vn -0.3505 -0.4286 -0.8327
vn -0.7445 0.0776 -0.6631
vn -0.7073 0.2078 -0.6757
vn -0.6969 0.3006 -0.6512
vn -0.8473 0.3846 -0.3664
vn -0.7099 0.0102 -0.7042
vn -0.5853 0.4986 -0.6394
vn -0.5908 0.521 -0.6161
vn -0.9315 0.0029 -0.3636
vn -0.8946 0.203 -0.398
vn -0.6469 -0.4511 -0.6149
vn -0.7027 -0.3988 -0.5892
vn -0.9946 0.0554 -0.0875
vn -0.99 0.0468 -0.1333
vn -0.3784 0.9146 -0.1428
vn -0.7285 0.5454 -0.4146
vn -0.7283 0.6608 -0.1817
vn -0.6927 -0.1246 -0.7103
vn -0.6149 -0.4511 -0.6469
vn -0.5432 -0.5432 -0.6402
vn -0.6929 -0.0967 -0.7145
vn -0.5426 -0.2766 -0.7931
vn -0.6722 0.0643 -0.7376
vn -0.4518 -0.2144 -0.866
vn -0.2619 0.8402 -0.4748
vn -0.3153 0.6283 -0.7112
vn -0.1766 0.9233 -0.3411
vn -0.5958 0.3536 -0.7211
vn -0.4444 -0.0078 -0.8958
vn -0.5531 0.6987 -0.4538
vn -0.4285 -0.5749 -0.6971
vn -0.3595 -0.8792 -0.3128
vn -0.5519 -0.6106 -0.568
vn -0.5913 0.1269 -0.7964
vn -0.6957 -0.0996 -0.7114
vn -0.4488 -0.1075 0.8871
vn -0.5988 -0.1519 0.7863
vn -0.7413 -0.0514 0.6692
vn -0.1519 -0.5988 0.7863
vn -0.1075 -0.4488 0.8871
vn -0.0448 -0.6107 0.7906
vn -0.0753 -0.6066 0.7915
vn -0.448 -0.0492 0.8927
vn -0.4847 -0.4847 0.7281
vn -0.069 0 0.9976
vn -0.6095 0.0905 0.7876
vn -0.7413 0.0514 0.6692
vn -0.5988 0.1519 0.7863
vn -0.1519 0.5988 0.7863
vn -0.0753 0.6066 0.7915
vn -0.0635 0.6239 0.7789
vn -0.4847 0.4847 0.7281
vn -0.448 0.0492 0.8927
vn -0.5869 -0.698 0.4104
vn -0.6504 -0.6504 0.3924
vn -0.46 -0.5626 0.6869
vn -0.0884 -0.6154 0.7832
vn -0.0912 -0.631 0.7704
vn -0.1855 -0.2943 0.9375
vn -0.1501 -0.6202 0.77
vn -0.1144 -0.1146 0.9868
vn -0.1585 -0 0.9874
vn -0.7808 0.1753 0.5997
vn -0.1612 0.0676 0.9846
vn -0.1841 0.0581 0.9812
vn -0.8555 0.2919 0.4278
vn -0.7748 0.4068 0.4839
vn -0.7077 0.5728 0.4136
vn -0.621 0.4293 0.6558
vn -0.4714 0.118 0.874
vn -0.4145 0.1171 0.9025
vn -0.9889 0.0558 0.1379
vn -0.8739 -0.0214 0.4856
vn -0.972 -0.0366 0.2323
vn -0.9793 0.035 0.1992
vn -0.3565 -0.5636 0.7452
vn -0.6029 -0.4384 0.6666
vn -0.4927 -0.355 0.7945
vn -0.4145 -0.1171 0.9025
vn -0.1951 0 0.9808
vn -0.9235 0.1806 0.3384
vn -0.9806 0.1063 0.1649
vn -0.6627 0.5366 0.5225
vn -0.55 0.5411 0.6362
vn -0.5241 -0.5241 0.6713
vn -0.6149 -0.4511 0.6469
vn -0.5475 -0.4611 0.6983
vn -0.3743 -0.2931 0.8798
vn -0.0665 -0.0665 0.9956
vn -0.1122 -0.1122 0.9873
vn -0.0235 -0.1034 0.9944
vn -0.1234 -0.3406 0.9321
vn -0.0644 0.0173 0.9978
vn -0.9571 -0.024 0.2887
vn -0.7929 -0.2456 0.5576
vn -0.1183 0.0985 0.9881
vn -0.9906 0.0201 0.1352
vn -0.8624 0.4823 0.154
vn -0.9163 0.3213 0.2393
vn -0.7687 -0.6128 0.1833
vn -0.9813 0.0862 0.1721
vn -0.6493 0.4554 0.6091
vn -0.6785 -0.0066 0.7346
vn -0.545 -0.337 0.7677
vn -0.9901 0.0722 0.12
vn -0.9874 0.1118 0.1118
vn -0.9867 0.0257 0.1607
vn -0.9848 0.1014 0.141
vn -0.9873 0.1122 0.1122
vn -0.7612 0.6231 0.1799
vn -0.9214 0.3401 0.1881
vn -0.77 0.6202 0.1501
vn -0.6869 0.5626 0.46
vn -0.6639 0.5879 0.4623
vn -0.6341 0.7424 0.2161
vn -0.4104 0.698 0.5869
vn -0.6625 0.5133 0.5456
vn -0.6226 0.5349 0.5712
vn -0.6953 -0.1822 0.6953
vn -0.7042 -0.0901 0.7042
vn -0.0665 -0.9956 0.0665
vn -0.1024 -0.9872 0.122
vn -0.7046 -0.0839 0.7046
vn -0.7002 -0.0766 0.7098
vn -0.6078 -0.1681 0.7761
vn -0.6124 -0.4175 0.6714
vn -0.9906 0 0.137
vn -0.9768 0.1796 0.1165
vn -0.9787 -0.1397 0.1504
vn -0.8892 0.4342 0.1443
vn -0.9767 0.0874 0.196
vn -0.869 0.4856 0.0955
vn -0.9689 0.2104 0.1304
vn -0.9809 0.1135 0.1578
vn -0.6319 0.7694 0.0933
vn -0.5491 0.7101 0.4408
vn -0.7046 0.7046 0.0839
vn -0.3595 -0.8792 0.3128
vn -0.2887 0.024 0.9571
vn -0.8188 0.0951 0.5662
vn -0.5811 0.173 0.7952
vn -0.0324 -0.9995 -0
vn -0.1895 0.0812 0.9785
vn -0.7313 0.6793 -0.0606
vn -0.8534 0.4978 0.1546
vn -0.7676 0.6302 0.117
vn -0.7046 0.7046 -0.0839
vn -0.0838 -0.993 -0.0838
vn -0.0556 -0.9982 -0.0234
vn -0.2823 0.1864 -0.941
vn -0.2464 0.1754 -0.9532
vn -0.6394 0.5853 -0.4986
vn -0.6347 0.5866 -0.5032
vn -0.7002 0.692 -0.1758
vn -0.686 0.634 -0.3571
vn -0.7252 0.3101 -0.6147
vn -0.5808 0.2127 -0.7858
vn -0.4748 0.2619 -0.8402
vn -0.7112 0.3153 -0.6283
vn -0.8517 -0.4538 -0.262
vn -0.7808 -0.5997 -0.1753
vn -0.9233 -0.341 -0.1767
vn -0.6231 -0.7214 -0.3022
vn -0.1612 -0.9846 -0.0676
vn -0.097 -0.994 -0.0501
vn -0.995 -0.0392 -0.0923
vn -0.9873 0.1122 -0.1122
vn -0.9806 0.1063 -0.1649
vn -0.9884 -0.0148 -0.1515
vn -0.9842 -0.1635 -0.068
vn -0.9993 0.0256 -0.0265
vn -0.9991 0.0383 -0.0203
vn -0.997 0.0552 -0.0552
vn -0.9985 0.0276 -0.047
vn -0.9769 0.2092 -0.0426
vn -0.9888 0.1213 -0.0865
vn -0.7366 0.6726 -0.07
vn -0.7385 0.6529 -0.1684
vn -0.83 -0.3907 -0.398
vn -0.7306 -0.3302 -0.5977
vn -0.9394 -0.2941 -0.1762
vn -0.9541 -0.2294 -0.1928
vn -0.4714 -0.874 -0.118
vn -0.3384 -0.9235 -0.1806
vn -0.5859 -0.5859 -0.5599
vn -0.5225 -0.6627 -0.5366
vn -0.7618 -0.4534 -0.4627
vn -0.9775 -0.1581 -0.1398
vn -0.9768 -0.1165 -0.1796
vn -0.9749 -0.1992 -0.0994
vn -0.9933 0.1154 0
vn -0.998 -0.0635 -0
vn -0.8732 -0.4871 -0.017
vn -0.9999 0.0107 0.0073
vn -0.7176 0.6963 0.0122
vn -0.8917 0.4524 -0.0123
vn -0.7802 0.6253 -0.0174
vn -0.8227 -0.4369 -0.3637
vn -0.8979 -0.3736 -0.233
vn -0.5311 -0.6036 -0.5947
vn -0.5947 -0.5685 -0.5685
vn -0.7606 -0.4762 -0.4413
vn -0.948 -0.2905 -0.1302
vn -0.88 -0.4341 -0.1929
vn -0.9401 0.1986 0.2771
vn -0.8836 0.4657 0.0487
vn -0.999 -0.0229 -0.0392
vn -0.9894 0.1408 0.0359
vn -0.9999 0 -0.0162
vn -0.7413 0.6613 -0.1146
vn -0.6093 -0.6479 -0.4571
vn -0.6172 -0.583 -0.5284
vn -0.791 -0.5877 -0.1701
vn -0.5265 -0.5989 -0.6034
vn -0.5685 -0.5685 -0.5947
vn -0.9244 0.3184 -0.2101
vn -0.9646 0.2167 -0.1504
vn -0.7555 -0.594 -0.2763
vn -0.9858 0.0836 -0.1457
vn -0.7152 -0.0137 -0.6988
vn -0.9733 0.0361 -0.2269
vn -0.9733 -0.0361 -0.2269
vn -0.6273 0.6273 -0.4616
vn -0.6727 0.6045 -0.4266
vn -0.605 0.5944 -0.5298
vn -0.5774 0.5774 -0.5774
vn -0.639 0.527 -0.5603
vn -0.5241 -0.5241 -0.6713
vn -0.3632 -0.3768 -0.8521
vn -0.1168 -0.163 -0.9797
vn -0.1304 -0.6229 -0.7713
vn -0.8017 0.4437 -0.4005
vn -0.8414 0.4417 -0.3114
vn -0.6447 0.5406 -0.5406
vn -0.8519 0.476 -0.2183
vn -0.3595 0.8792 -0.3128
vn -0.5363 0.6673 -0.5168
vn -0.6281 0.4778 -0.6141
vn -0.5947 0.5685 -0.5685
vn -0.7356 -0.072 -0.6736
vn -0.6471 -0.4494 -0.6159
vn -0.6908 -0.2901 -0.6623
vn -0.8891 -0.0366 -0.4563
vn -0.566 -0.5995 -0.566
vn -0.7046 -0.0839 -0.7046
vn -0.6425 -0.4177 -0.6425
vn -0.7356 0.072 -0.6736
vn -0.8891 0.0366 -0.4563
vn -0.7046 0.0839 -0.7046
vn -0.6471 0.4494 -0.6159
vn -0.668 0.4048 -0.6245
vn -0.6032 0.5219 -0.6032
vn -0.4511 -0.6149 -0.6469
vn -0.1246 -0.6927 -0.7103
vn -0.0967 -0.6929 -0.7145
vn -0.6763 -0.0206 -0.7364
vn -0.6529 0.1565 -0.7411
vn -0.692 0.1758 -0.7002
vn -0.4052 -0.0936 -0.9094
vn -0.1228 0.5758 -0.8083
vn -0.6339 -0.4264 -0.6452
vn -0.3795 -0.2981 -0.8759
vn -0.6172 0.583 -0.5284
vn -0.6865 0.5794 -0.4393
vn -0.5817 0.573 -0.5774
vn -0.5685 0.5685 -0.5947
vn -0.6469 0.5001 -0.5758
vn -0.6114 -0.0831 -0.7869
vn -0.6078 -0.1681 -0.7761
vn -0.6045 -0.4293 -0.671
vn -0.4293 -0.6045 -0.671
vn -0.1681 -0.6078 -0.7761
vn -0.0831 -0.6114 -0.7869
vn -0.0821 -0.0821 -0.9932
vn -0.5001 -0.5001 -0.7069
vn -0.6114 0.0831 -0.7869
vn -0.0821 0.0821 -0.9932
vn -0.6078 0.1681 -0.7761
vn -0.1681 0.6078 -0.7761
vn -0.2468 0.6073 -0.7551
vn -0.1526 0.7328 -0.6632
vn -0.0831 0.6114 -0.7869
vn -0.5001 0.5001 -0.7069
vn -0.9638 0 -0.2666
vn -0.7209 0.189 -0.6668
vn -0.3128 0.8792 -0.3595
vn -0.5739 0.5281 -0.6259
vn -0.3128 -0.8792 -0.3595
vn -0.526 -0.5435 -0.6542
vn -0.2409 0.0533 -0.9691
vn -0.1927 -0.096 -0.9766
vn -0.11 0 -0.9939
vn -0.0667 -0.6122 0.7879
vn -0.0146 0 0.9999
vn -0.0448 0.6107 0.7906
vn -0.0667 0.6122 0.7879
vn -0.0182 -0.5958 0.8029
vn -0.0294 -0.6628 0.7482
vn -0.1082 -0.4324 0.8951
vn -0.33 -0.2239 0.917
vn -0.6107 -0.0448 0.7906
vn -0.6239 0.0635 0.7789
vn -0.3818 0.1325 0.9147
vn -0.4321 0.3046 0.8488
vn -0.6396 0 0.7687
vn -0.1276 0 0.9918
vn -0.4257 -0.3038 0.8523
vn -0.3818 -0.1325 0.9147
vn -0.3951 0.1811 0.9006
vn -0.4181 0.3702 0.8296
vn -0.5118 0.6004 0.6145
vn -0.3748 0.3978 0.8374
vn -0.573 0.5174 0.6356
vn -0.3656 0.3656 0.856
vn -0.921 -0.1668 0.352
vn -0.7499 -0.0622 0.6586
vn -0.1063 -0.9806 0.1649
vn -0.0429 -0.9935 0.1055
vn -0.0532 -0.9826 0.178
vn -0.4552 -0.0503 0.889
vn -0.068 -0.1635 0.9842
vn -0.0821 -0.0821 0.9932
vn -0.6135 -0.0864 0.785
vn -0.0872 -0.0072 0.9962
vn -0.4556 -0.3526 0.8174
vn -0.3517 -0.0995 0.9308
vn -0.0556 -0.0234 0.9982
vn -0.1194 -0.0766 0.9899
vn -0.0324 -0.0324 0.9989
vn -0.0429 -0.1055 0.9935
vn -0.0433 0.0126 0.999
vn -0.8907 0.0776 0.4479
vn -0.8924 0.4096 0.1891
vn -0.6719 0.4349 0.5995
vn -0.8207 0.158 0.5491
vn -0.7007 0.1713 0.6926
vn -0.6485 0.4184 0.6359
vn -0.4354 0.3924 0.8102
vn -0.6626 0.4048 0.6301
vn -0.6016 0.4648 0.6497
vn -0.6682 0.6053 0.4326
vn -0.4135 0.4135 0.8112
vn -0.5685 0.5685 0.5947
vn -0.558 0.1774 0.8107
vn -0.0162 -0.9997 0.0162
vn -0.9959 0.0231 0.0871
vn -0.9829 0.0738 0.1688
vn -0.9725 0.0851 0.2169
vn -0.6273 0.6273 0.4616
vn -0.5484 0.6273 0.553
vn -0.6346 0.5271 0.5652
vn 0 -1 -0
vn -0.6497 0.5813 -0.4899
vn -0.6227 0.6318 -0.4616
vn -0.0162 -0.9997 -0.0162
vn -0.9809 0.1766 -0.081
vn -0.9736 0.1615 -0.1615
vn -0.777 0.622 -0.0971
vn -0.8582 0.1971 -0.474
vn -0.1122 -0.9873 -0.1122
vn -0.0501 -0.994 -0.097
vn -0.9784 0.2022 -0.0423
vn -0.7833 0.6171 -0.0744
vn -0.5869 -0.4104 -0.698
vn -0.5456 -0.6625 -0.5133
vn -0.1881 -0.9214 -0.3401
vn -0.1501 -0.77 -0.6202
vn -0.1203 -0.7792 -0.6152
vn -0.1618 -0.7026 -0.6929
vn -0.46 -0.6869 -0.5626
vn -0.8782 0.4413 -0.1845
vn -0.77 0.6202 -0.1501
vn -0.6869 0.5626 -0.46
vn -0.6032 0.6032 -0.5218
vn -0.6259 0.5739 -0.5281
vn -0.4104 0.698 -0.5869
vn -0.4616 -0.6273 -0.6273
vn -0.1693 -0.6969 -0.6969
vn -0.1618 -0.6929 -0.7026
vn -0.8222 0.4434 -0.3568
vn -0.5774 0.5773 -0.5774
vn -0.4303 -0.4303 -0.7935
vn -0.5869 -0.698 -0.4104
vn -0.46 -0.5626 -0.6869
vn -0.1383 -0.6274 -0.7663
vn -0.1501 -0.6202 -0.77
vn -0.1886 -0.3613 -0.9132
vn -0.3545 -0.368 -0.8596
vn -0.4477 -0.5472 -0.7072
vn -0.7044 -0.0874 -0.7044
vn -0.6984 0.1836 -0.6917
vn -0.7071 0 -0.7071
vn -0.5298 0.5944 -0.605
vn -0.3282 -0.4631 -0.8233
vn -0.1035 -0.6706 -0.7345
vn -0.0418 0.0107 -0.9991
vn -0.1328 0.0733 -0.9884
vn -0.1972 -0.0176 -0.9802
vn -0.3363 0.8796 -0.3363
vn -0.4794 0.6934 -0.5379
vn -0.576 0.5025 -0.6448
vn -0.6273 -0.4616 -0.6273
vn -0.5226 -0.6212 -0.584
vn -0.6002 -0.4367 -0.6701
vn -0.6273 0.4616 -0.6273
vn -0.5482 0.5482 -0.6316
vn -0.0971 -0.622 -0.777
vn -0.0953 -0.0953 -0.9909
vn -0.0953 0.0953 -0.9909
vn -0.0782 0.913 -0.4005
vn -0.0971 0.622 -0.777
vn -0.4796 -0.4205 -0.7702
vn -0.4647 -0.5668 -0.6803
vn -0.4703 -0.3793 -0.7968
vn -0.5155 -0.5421 -0.6636
vn -0.1429 -0.6598 -0.7377
vn -0.1297 -0.9106 -0.3925
vn -0.3693 -0.3849 -0.8459
vn -0.4097 -0.3368 -0.8478
vn -0.6768 0.0512 -0.7343
vn -0.4013 -0.2047 -0.8928
vn -0.3985 -0.1568 -0.9037
vn -0.4381 0.1294 -0.8896
vn -0.583 0.5284 -0.6172
vn -0.5225 0.3925 -0.7569
vn -0.5388 0.5559 -0.633
vn -0.4446 0.3147 -0.8386
vn -0.6095 -0.0905 0.7876
vn -0.6066 -0.0753 0.7915
vn -0.086 -0.56 0.824
vn -0.1172 -0.6983 0.7062
vn -0.1212 -0.6045 0.7873
vn -0.0893 -0.0736 0.9933
vn -0.6066 0.0753 0.7915
vn -0.0893 0.0736 0.9933
vn -0.4992 0.1191 0.8583
vn -0.0905 0.6095 0.7876
vn -0.1212 0.6045 0.7873
vn -0.4992 -0.1191 0.8583
vn -0.0905 -0.6095 0.7876
vn -0.0833 0 0.9965
vn -0.4954 0.1613 0.8535
vn -0.1613 0.4954 0.8535
vn -0.1304 0.6229 0.7713
vn -0.4477 -0.5472 0.7072
vn -0.3421 -0.4546 0.8224
vn -0.0912 -0.3591 0.9288
vn -0.0471 0 0.9989
vn -0.3421 0.4546 0.8224
vn -0.4477 0.5472 0.7072
vn -0.0912 0.3591 0.9288
vn -0.0415 -0.7322 0.6799
vn -0.0595 -0.699 0.7127
vn -0.1678 0.3502 0.9215
vn -0.1678 -0.3502 0.9215
vn -0.1811 0.3951 0.9006
vn -0.1168 0.163 0.9797
vn -0.5115 0.5115 0.6904
vn -0.3545 0.368 0.8596
vn -0.5287 0.5287 0.664
vn 0 -0.9954 0.0957
vn 0 -0.9817 0.1905
vn 0 -0.1905 0.9817
vn 0 -0.0957 0.9954
vn -0.0234 -0.0556 0.9982
vn -0.0667 -0.1291 0.9894
vn -0.2848 -0.3735 0.8829
vn -0.2894 0.297 0.91
vn -0.0622 0.0094 0.998
vn -0.0299 -0.3933 0.9189
vn -0.3367 0.4516 0.8263
vn -0.4762 0.5813 0.6598
vn -0.1505 0.6641 0.7323
vn -0.1543 0.6986 0.6986
vn -0.6114 0.7869 0.0831
vn -0.6115 0.6567 0.4413
vn -0.6078 0.7761 0.1681
vn -0.5001 0.7069 0.5001
vn -0.1292 0.7825 0.6092
vn -0.0893 0.9933 0.0736
vn -0.1681 0.7761 0.6078
vn -0.4354 0.6561 0.6164
vn -0.6171 0.7833 -0.0744
vn -0.1055 0.9935 -0.0429
vn -0.5626 0.6869 -0.46
vn -0.6202 0.77 -0.1501
vn -0.3591 0.9288 -0.0912
vn -0.6971 0.4285 -0.5749
vn -0.6149 0.6469 -0.4511
vn -0.698 0.4104 -0.5869
vn -0.6927 0.7103 -0.1246
vn -0.0234 -0.9982 -0.0556
vn -0.6706 0.7345 -0.1035
vn -0.4631 0.8233 -0.3282
vn -0.0912 -0.9288 -0.3591
vn -0.4511 -0.6469 -0.6149
vn -0.3435 -0.8165 -0.464
vn -0.5813 0.6598 -0.4762
vn -0.4135 0.8112 -0.4135
vn -0.5685 0.5947 -0.5685
vn -0.4615 -0.6273 -0.6273
vn -0.5297 0.605 -0.5944
vn -0.3421 -0.4365 -0.8321
vn -0.3676 -0.3964 -0.8413
vn -0.5115 -0.5115 -0.6904
vn -0.5284 0.583 -0.6172
vn -0.4276 0.4337 -0.7931
vn -0.2002 0.6579 -0.726
vn -0.4762 -0.5813 -0.6598
vn -0.069 0 -0.9976
vn -0.8179 -0.1135 -0.564
vn -0.8012 0.2472 -0.5449
vn -0.1148 0 -0.9934
vn -0.2533 0.1715 -0.952
vn -0.5329 -0.1151 -0.8383
vn -0.4616 0.6273 -0.6273
vn -0.1693 0.6969 -0.6969
vn -0.3569 -0.6284 -0.6912
vn -0.622 -0.0971 -0.777
vn -0.4876 -0.568 -0.6631
vn -0.622 0.0971 -0.777
vn -0.1558 0.9182 -0.3642
vn -0.1858 0.7537 -0.6305
vn -0.3956 0.5499 -0.7356
vn -0.1413 -0.5394 -0.8301
vn -0.1505 -0.6641 -0.7323
vn -0.1672 -0.3889 -0.906
vn -0.1856 -0.418 -0.8893
vn -0.6296 0.5822 -0.5144
vn -0.6615 -0.2873 -0.6927
vn -0.3198 -0.7296 -0.6045
vn -0.1815 -0.6178 -0.7651
vn -0.1558 -0.9182 -0.3642
vn -0.1766 -0.081 -0.9809
vn -0.1766 0.081 -0.9809
vn -0.6109 0.4354 -0.6613
vn -0.4354 0.6109 -0.6613
vn -0.1815 0.6178 -0.7651
vn -0.7483 -0.0418 -0.662
vn -0.5988 -0.1519 -0.7863
vn -0.5063 -0.153 -0.8487
vn -0.1519 -0.5988 -0.7863
vn -0.1734 -0.6134 -0.7705
vn -0.1637 0 -0.9865
vn -0.4847 -0.4847 -0.7281
vn -0.448 -0.0492 -0.8927
vn -0.7475 0.0616 -0.6614
vn -0.6007 0.4453 -0.664
vn -0.4236 0.6187 -0.6616
vn -0.4544 0.0595 -0.8888
vn -0.441 -0.6346 0.6346
vn -0.3444 -0.4722 0.8115
vn -0.0234 0.0556 0.9982
vn -0.1063 0.3246 0.9399
vn -0.1063 -0.3246 0.9399
vn -0.0324 0 0.9995
vn -0.0667 0.1291 0.9894
vn -0.0429 0.1055 0.9935
vn -0.065 0.9079 0.4141
vn -0.2848 0.3735 0.8829
vn -0.0229 -0.9136 0.406
vn -0.0543 -0.9458 0.3202
vn -0.093 -0.8813 0.4634
vn -0.2834 -0.8331 0.475
vn -0.2975 0.3855 0.8735
vn -0.073 0.1519 0.9857
vn -0.1124 0.6105 0.784
vn -0.1429 0.6598 0.7377
vn -0.0072 -0.0872 0.9962
vn -0.0395 -0.0685 0.9969
vn -0.0073 -0.0107 0.9999
vn -0.33 0.4726 0.8171
vn -0.441 0.6346 0.6346
vn -0.0912 0.9288 0.3591
vn -0.0234 0.9982 0.0556
vn -0.3444 0.8115 0.4722
vn -0.0162 0.9997 -0.0162
vn -0.1291 0.9894 -0.0667
vn -0.0556 0.9982 -0.0234
vn -0.6105 0.784 -0.1124
vn -0.464 0.8165 -0.3435
vn -0.097 0.994 -0.0501
vn -0.5472 0.7072 -0.4477
vn -0.3563 0.8693 -0.3426
vn -0.43 0.803 -0.4127
vn -0.5287 0.664 -0.5287
vn -0.0667 -0.9894 -0.1291
vn -0.0429 -0.9935 -0.1055
vn -0.3924 0.8102 -0.4354
vn -0.5749 -0.4285 -0.6971
vn -0.0744 -0.7833 -0.6171
vn -0.0839 -0.7046 -0.7046
vn -0.4762 0.6598 -0.5813
vn -0.1895 0.7226 -0.6648
vn -0.6565 0.2074 -0.7253
vn -0.5189 0.5189 -0.6794
vn -0.5375 0.5649 -0.6261
vn -0.2359 0.8436 -0.4823
vn -0.5673 0.5204 -0.6383
vn -0.4127 -0.43 -0.803
vn -0.0746 -0.154 -0.9853
vn -0.3426 -0.3563 -0.8693
vn -0.0635 -0.6239 -0.7789
vn -0.2068 0.6365 -0.7431
vn -0.3571 0.634 -0.686
vn -0.4878 0.5728 -0.6587
vn -0.0766 -0.7002 -0.7098
vn -0.9571 0.024 -0.2887
vn -0.9406 0.0902 -0.3275
vn -0.3605 -0.127 -0.9241
vn -0.1142 0.0541 -0.992
vn -0.4905 0.1597 -0.8567
vn -0.1602 -0.1659 -0.973
vn -0.3386 -0.3268 -0.8824
vn -0.3859 0.7268 -0.5681
vn -0.36 0.6059 -0.7094
vn -0.1858 -0.7537 -0.6305
vn -0.3883 -0.5365 -0.7493
vn -0.6075 -0.2895 -0.7397
vn -0.6542 0.1303 -0.745
vn -0.4902 -0.0591 -0.8696
vn -0.4902 0.0591 -0.8696
vn -0.5728 -0.4136 0.7077
vn -0.8796 -0.3363 0.3363
vn -0.5728 -0.7077 0.4136
vn -0.0423 -0.9784 0.2022
vn -0.1063 -0.1649 0.9806
vn -0.0532 -0.178 0.9826
vn -0.0162 -0.0162 0.9997
vn -0.0162 0.0162 0.9997
vn -0.0838 0.0838 0.993
vn -0.0556 0.0234 0.9982
vn -0.3246 0.1063 0.9399
vn -0.0788 0 0.9969
vn -0.3246 -0.1063 0.9399
vn -0.0838 -0.0838 0.993
vn -0.3696 0.4433 0.8166
vn 0 -0.6106 0.7919
vn 0 0.0957 0.9954
vn 0 0.6106 0.7919
vn 0 0.901 0.4338
vn -0.0313 -0.9735 0.2263
vn -0.1081 0.3747 0.9208
vn -0.0306 0.1426 0.9893
vn -0.4647 0.5668 0.6803
vn -0.3198 0.4708 0.8223
vn -0.5728 0.4136 0.7077
vn -0.5977 0.3302 0.7306
vn -0.1063 0.9806 0.1649
vn -0.0569 0.8758 0.4792
vn -0.0429 0.9935 0.1055
vn -0.111 0.3134 0.9431
vn -0.0667 0.9894 0.1291
vn -0.0162 0.9997 0.0162
vn 0 1 -0
vn -0.122 0.9872 -0.1024
vn -0.0665 0.9956 -0.0665
vn 0 -0.9954 -0.0957
vn -0.5115 0.6904 -0.5115
vn -0.344 0.8657 -0.3637
vn -0.4142 0.7973 -0.4391
vn -0.5174 0.6356 -0.573
vn 0 -0.7919 -0.6106
vn 0 -0.7071 -0.7071
vn -0.4698 0.6385 -0.6096
vn -0.0122 -0.6963 -0.7176
vn -0.047 -0.7024 -0.7102
vn -0.1828 0.9452 -0.2704
vn -0.3207 0.8178 -0.4779
vn -0.0667 -0.6122 -0.7879
vn -0.0429 -0.1055 -0.9935
vn -0.0162 -0.1118 -0.9936
vn -0.1024 -0.122 -0.9872
vn 0 -0.6106 -0.7919
vn -0.6196 0.185 -0.7628
vn -0.6093 0.297 -0.7352
vn -0.6365 0.2068 -0.7431
vn -0.081 0.1766 -0.9809
vn -0.921 0.1668 -0.352
vn -0.7557 0.1901 -0.6267
vn -0.6757 0.2078 -0.7073
vn -0.111 0.9431 -0.3134
vn -0.0682 0.4703 -0.8799
vn -0.4656 0.1796 -0.8666
vn -0.0073 0.0107 -0.9999
vn -0.1361 -0.047 -0.9896
vn -0.9453 -0.0783 -0.3168
vn -0.9365 0.1709 -0.3063
vn -0.0805 0 -0.9968
vn -0.1609 0.1853 -0.9694
vn -0.4756 -0.1289 -0.8702
vn -0.0839 0.7046 -0.7046
vn 0 -0.0957 -0.9954
vn 0 0.0957 -0.9954
vn 0 0.901 -0.4338
vn 0 0.6106 -0.7919
vn -0.4204 -0.4164 -0.8061
vn -0.4656 -0.5778 -0.6703
vn -0.065 -0.9079 -0.4141
vn -0.5632 0.6183 -0.5482
vn -0.6503 -0.1 -0.7531
vn -0.0782 -0.913 -0.4005
vn -0.7546 -0.0519 -0.6542
vn -0.7651 -0.0707 -0.64
vn -0.4544 -0.0595 -0.8888
vn -0.7546 0.0519 -0.6542
vn -0.7651 0.0707 -0.64
vn -0.0162 0.1118 0.9936
vn -0.047 0.7024 0.7102
vn -0.0129 0.7826 0.6224
vn 0 0.9954 0.0957
vn -0.0954 0.7534 0.6506
vn -0.1024 0.9872 -0.122
vn -0.0429 0.9935 -0.1055
vn -0.5869 0.4104 -0.698
vn -0.5128 0.6809 -0.5229
vn -0.1501 0.77 -0.6202
vn -0.1638 0.9247 -0.3437
vn -0.0744 0.7833 -0.6171
vn -0.46 0.6869 -0.5626
vn -0.4511 0.6469 -0.6149
vn -0.3948 0.7719 -0.4983
vn -0.0766 0.7098 -0.7002
vn -0.047 0.7102 -0.7024
vn 0 0.1905 -0.9817
vn -0.1044 0.645 -0.757
vn -0.1414 0.8665 -0.4787
vn -0.0129 0.6224 -0.7826
vn 0 0 -1
vn 0 0.7071 -0.7071
vn 0 -0.901 -0.4338
vn 0 0.7071 0.7071
vn 0 0.7919 0.6106
vn 0 0.9954 -0.0957
vn 0 0.7919 -0.6106
vn 0.0162 0.1118 0.9936
vn 0.0429 0.1055 0.9935
vn 0.0667 0.6122 0.7879
vn 0.047 0.7024 0.7102
vn 0.0129 0.7826 0.6224
vn 0.0162 0.9997 -0.0162
vn 0.0429 0.9935 -0.1055
vn 0.0744 0.7833 -0.6171
vn 0.0839 0.7046 -0.7046
vn 0.0766 0.7098 -0.7002
vn 0.047 0.7102 -0.7024
vn 0.0129 0.6224 -0.7826
vn 0.0423 -0.9784 0.2022
vn 0.0532 -0.9826 0.178
vn 0.0532 -0.178 0.9826
vn 0.0429 -0.1055 0.9935
vn 0.0162 -0.0162 0.9997
vn 0.0162 0.0162 0.9997
vn 0.0556 0.0234 0.9982
vn 0.0788 0 0.9969
vn 0.0556 -0.0234 0.9982
vn 0.0324 0 0.9995
vn 0.0448 0.6107 0.7906
vn 0.0313 -0.9735 0.2263
vn 0.0306 0.1426 0.9893
vn 0.0667 0.1291 0.9894
vn 0.4477 0.5472 0.7072
vn 0.4647 0.5668 0.6803
vn 0.3198 0.4708 0.8223
vn 0.2848 0.3735 0.8829
vn 0.0569 0.8758 0.4792
vn 0.0429 0.9935 0.1055
vn 0.0954 0.7534 0.6506
vn 0.0162 0.9997 0.0162
vn 0.0665 0.9956 -0.0665
vn 0.1024 0.9872 -0.122
vn 0.5128 0.6809 -0.5229
vn 0.5174 0.6356 -0.573
vn 0.4698 0.6385 -0.6096
vn 0.5869 0.4104 -0.698
vn 0.1638 0.9247 -0.3437
vn 0.1501 0.77 -0.6202
vn 0.46 0.6869 -0.5626
vn 0.0122 -0.6963 -0.7176
vn 0.047 -0.7024 -0.7102
vn 0.4762 0.6598 -0.5813
vn 0.3948 0.7719 -0.4983
vn 0.4511 0.6469 -0.6149
vn 0.3207 0.8178 -0.4779
vn 0.0667 -0.6122 -0.7879
vn 0.0429 -0.1055 -0.9935
vn 0.0162 -0.1118 -0.9936
vn 0.081 0.1766 -0.9809
vn 0.0971 0.622 -0.777
vn 0.1414 0.8665 -0.4787
vn 0.1044 0.645 -0.757
vn 0.0682 0.4703 -0.8799
vn 0.0073 0.0107 -0.9999
vn 0.0805 0 -0.9968
vn 0.0766 -0.7002 -0.7098
vn 0.065 -0.9079 -0.4141
vn 0.0839 -0.7046 -0.7046
vn 0.0782 0.913 -0.4005
vn 0.0831 -0.6114 -0.7869
vn 0.0782 -0.913 -0.4005
vn 0.0821 -0.0821 -0.9932
vn 0.0821 0.0821 -0.9932
vn 0.0831 0.6114 -0.7869
vn 0.069 0 -0.9976
vn 0.5728 -0.7077 0.4136
vn 0.8796 -0.3363 0.3363
vn 0.5728 -0.4136 0.7077
vn 0.441 -0.6346 0.6346
vn 0.093 -0.8813 0.4634
vn 0.1063 -0.9806 0.1649
vn 0.1063 -0.1649 0.9806
vn 0.0912 -0.3591 0.9288
vn 0.0667 -0.1291 0.9894
vn 0.0234 -0.0556 0.9982
vn 0.0234 0.0556 0.9982
vn 0.0838 0.0838 0.993
vn 0.612 0 0.7908
vn 0.6095 0.0905 0.7876
vn 0.5988 0.1519 0.7863
vn 0.7413 0.0514 0.6692
vn 0.3246 0.1063 0.9399
vn 0.6095 -0.0905 0.7876
vn 0.7413 -0.0514 0.6692
vn 0.5988 -0.1519 0.7863
vn 0.3246 -0.1063 0.9399
vn 0.0838 -0.0838 0.993
vn 0.0471 0 0.9989
vn 0.3696 0.4433 0.8166
vn 0.2975 0.3855 0.8735
vn 0.0448 -0.6107 0.7906
vn 0.0667 -0.6122 0.7879
vn 0.065 0.9079 0.4141
vn 0.0543 -0.9458 0.3202
vn 0.1081 0.3747 0.9208
vn 0.073 0.1519 0.9857
vn 0.3421 0.4546 0.8224
vn 0.1124 0.6105 0.784
vn 0.1429 0.6598 0.7377
vn 0.0912 0.3591 0.9288
vn 0.0072 -0.0872 0.9962
vn 0.0073 -0.0107 0.9999
vn 0.33 0.4726 0.8171
vn 0.5977 0.3302 0.7306
vn 0.441 0.6346 0.6346
vn 0.5728 0.4136 0.7077
vn 0.1063 0.9806 0.1649
vn 0.0912 0.9288 0.3591
vn 0.111 0.3134 0.9431
vn 0.0667 0.9894 0.1291
vn 0.0234 0.9982 0.0556
vn 0.0556 0.9982 -0.0234
vn 0.097 0.994 -0.0501
vn 0.0162 -0.9997 -0.0162
vn 0.122 0.9872 -0.1024
vn 0.0429 -0.9935 -0.1055
vn 0.43 0.803 -0.4127
vn 0.5287 0.664 -0.5287
vn 0.3924 0.8102 -0.4354
vn 0.5115 0.6904 -0.5115
vn 0.344 0.8657 -0.3637
vn 0.3563 0.8693 -0.3426
vn 0.4142 0.7973 -0.4391
vn 0.0744 -0.7833 -0.6171
vn 0.1895 0.7226 -0.6648
vn 0.1035 -0.6706 -0.7345
vn 0.3282 -0.4631 -0.8233
vn 0.1828 0.9452 -0.2704
vn 0.5287 -0.5287 -0.664
vn 0.4477 -0.5472 -0.7072
vn 0.4127 -0.43 -0.803
vn 0.3426 -0.3563 -0.8693
vn 0.0746 -0.154 -0.9853
vn 0.1024 -0.122 -0.9872
vn 0.0635 -0.6239 -0.7789
vn 0.6565 0.2074 -0.7253
vn 0.6365 0.2068 -0.7431
vn 0.6093 0.297 -0.7352
vn 0.6196 0.185 -0.7628
vn 0.4878 0.5728 -0.6587
vn 0.6757 0.2078 -0.7073
vn 0.7557 0.1901 -0.6267
vn 0.921 0.1668 -0.352
vn 0.111 0.9431 -0.3134
vn 0.1754 0.9532 -0.2464
vn 0.1357 0.1357 -0.9814
vn 0.4656 0.1796 -0.8666
vn 0.1361 -0.047 -0.9896
vn 0.1142 0.0541 -0.992
vn 0.9638 0 -0.2666
vn 0.9365 0.1709 -0.3063
vn 0.9453 -0.0783 -0.3168
vn 0.4756 -0.1289 -0.8702
vn 0.1609 0.1853 -0.9694
vn 0.4616 0.6273 -0.6273
vn 0.3571 0.634 -0.686
vn 0.4762 -0.5813 -0.6598
vn 0.4204 -0.4164 -0.8061
vn 0.4511 -0.6149 -0.6469
vn 0.4876 -0.568 -0.6631
vn 0.4656 -0.5778 -0.6703
vn 0.5632 0.6183 -0.5482
vn 0.3859 0.7268 -0.5681
vn 0.622 -0.0971 -0.777
vn 0.6503 -0.1 -0.7531
vn 0.6078 -0.1681 -0.7761
vn 0.6114 -0.0831 -0.7869
vn 0.1681 -0.6078 -0.7761
vn 0.1858 -0.7537 -0.6305
vn 0.5001 -0.5001 -0.7069
vn 0.622 0.0971 -0.777
vn 0.6114 0.0831 -0.7869
vn 0.6078 0.1681 -0.7761
vn 0.1681 0.6078 -0.7761
vn 0.5001 0.5001 -0.7069
vn 0.7651 -0.0707 -0.64
vn 0.6075 -0.2895 -0.7397
vn 0.7546 -0.0519 -0.6542
vn 0.3569 -0.6284 -0.6912
vn 0.4544 -0.0595 -0.8888
vn 0.7651 0.0707 -0.64
vn 0.7546 0.0519 -0.6542
vn 0.4544 0.0595 -0.8888
vn 0.3444 -0.4722 0.8115
vn 0.1172 -0.6983 0.7062
vn 0.1212 -0.6045 0.7873
vn 0.0893 -0.0736 0.9933
vn 0.0893 0.0736 0.9933
vn 0.1519 0.5988 0.7863
vn 0.0905 0.6095 0.7876
vn 0.1212 0.6045 0.7873
vn 0.1063 0.3246 0.9399
vn 0.0905 -0.6095 0.7876
vn 0.1519 -0.5988 0.7863
vn 0.1063 -0.3246 0.9399
vn 0.0833 0 0.9965
vn 0.1304 0.6229 0.7713
vn 0.4477 -0.5472 0.7072
vn 0.3421 -0.4546 0.8224
vn 0.2848 -0.3735 0.8829
vn 0.0229 -0.9136 0.406
vn 0.0595 -0.699 0.7127
vn 0.2834 -0.8331 0.475
vn 0.448 0.0492 0.8927
vn 0.4847 0.4847 0.7281
vn 0.4847 -0.4847 0.7281
vn 0.448 -0.0492 0.8927
vn 0.1168 0.163 0.9797
vn 0.3545 0.368 0.8596
vn 0.5287 0.5287 0.664
vn 0.3367 0.4516 0.8263
vn 0.0622 0.0094 0.998
vn 0.0395 -0.0685 0.9969
vn 0.1505 0.6641 0.7323
vn 0.1543 0.6986 0.6986
vn 0.1292 0.7825 0.6092
vn 0.0893 0.9933 0.0736
vn 0.3444 0.8115 0.4722
vn 0.1055 0.9935 -0.0429
vn 0.1291 0.9894 -0.0667
vn 0.464 0.8165 -0.3435
vn 0.6149 0.6469 -0.4511
vn 0.6927 0.7103 -0.1246
vn 0.6105 0.784 -0.1124
vn 0.3591 0.9288 -0.0912
vn 0.0234 -0.9982 -0.0556
vn 0.4631 0.8233 -0.3282
vn 0.5472 0.7072 -0.4477
vn 0.0667 -0.9894 -0.1291
vn 0.4135 0.8112 -0.4135
vn 0.4511 -0.6469 -0.6149
vn 0.5749 -0.4285 -0.6971
vn 0.5869 -0.4104 -0.698
vn 0.4615 -0.6273 -0.6273
vn 0.1501 -0.77 -0.6202
vn 0.0912 -0.9288 -0.3591
vn 0.46 -0.6869 -0.5626
vn 0.5685 0.5947 -0.5685
vn 0.5297 0.605 -0.5944
vn 0.3421 -0.4365 -0.8321
vn 0.3676 -0.3964 -0.8413
vn 0.4276 0.4337 -0.7931
vn 0.2002 0.6579 -0.726
vn 0.5189 0.5189 -0.6794
vn 0.5685 0.5685 -0.5947
vn 0.5375 0.5649 -0.6261
vn 0.2359 0.8436 -0.4823
vn 0.5673 0.5204 -0.6383
vn 0.5115 -0.5115 -0.6904
vn 0.1148 0 -0.9934
vn 0.2068 0.6365 -0.7431
vn 0.1693 0.6969 -0.6969
vn 0.9571 0.024 -0.2887
vn 0.9406 0.0902 -0.3275
vn 0.1602 -0.1659 -0.973
vn 0.4905 0.1597 -0.8567
vn 0.3605 -0.127 -0.9241
vn 0.1505 -0.6641 -0.7323
vn 0.1672 -0.3889 -0.906
vn 0.3386 -0.3268 -0.8824
vn 0.1558 0.9182 -0.3642
vn 0.36 0.6059 -0.7094
vn 0.1558 -0.9182 -0.3642
vn 0.1815 -0.6178 -0.7651
vn 0.1766 -0.081 -0.9809
vn 0.3883 -0.5365 -0.7493
vn 0.1766 0.081 -0.9809
vn 0.1815 0.6178 -0.7651
vn 0.6542 0.1303 -0.745
vn 0.1858 0.7537 -0.6305
vn 0.1734 -0.6134 -0.7705
vn 0.1637 -0 -0.9865
vn 0.4902 -0.0591 -0.8696
vn 0.4902 0.0591 -0.8696
vn 0.6066 -0.0753 0.7915
vn 0.6107 -0.0448 0.7906
vn 0.086 -0.56 0.824
vn 0.6066 0.0753 0.7915
vn 0.6239 0.0635 0.7789
vn 0.4992 0.1191 0.8583
vn 0.4992 -0.1191 0.8583
vn 0.6396 -0 0.7687
vn 0.4954 0.1613 0.8535
vn 0.1613 0.4954 0.8535
vn 0.0146 0 0.9999
vn 0.0415 -0.7322 0.6799
vn 0.0182 -0.5958 0.8029
vn 0.0294 -0.6628 0.7482
vn 0.1082 -0.4324 0.8951
vn 0.1678 0.3502 0.9215
vn 0.1276 0 0.9918
vn 0.1678 -0.3502 0.9215
vn 0.1811 0.3951 0.9006
vn 0.3748 0.3978 0.8374
vn 0.5115 0.5115 0.6904
vn 0.573 0.5174 0.6356
vn 0.4354 0.3924 0.8102
vn 0.0429 -0.9935 0.1055
vn 0.068 -0.1635 0.9842
vn 0.0821 -0.0821 0.9932
vn 0.0872 -0.0072 0.9962
vn 0.0324 -0.0324 0.9989
vn 0.2894 0.297 0.91
vn 0.0433 0.0126 0.999
vn 0.0299 -0.3933 0.9189
vn 0.4135 0.4135 0.8112
vn 0.4762 0.5813 0.6598
vn 0.5685 0.5685 0.5947
vn 0.5484 0.6273 0.553
vn 0.0162 -0.9997 0.0162
vn 0.6078 0.7761 0.1681
vn 0.6115 0.6567 0.4413
vn 0.7046 0.7046 0.0839
vn 0.6114 0.7869 0.0831
vn 0.5001 0.7069 0.5001
vn 0.4354 0.6561 0.6164
vn 0.1681 0.7761 0.6078
vn 0.7046 0.7046 -0.0839
vn 0.6171 0.7833 -0.0744
vn 0.6227 0.6318 -0.4616
vn 0.5626 0.6869 -0.46
vn 0.6202 0.77 -0.1501
vn 0.698 0.4104 -0.5869
vn 0.6971 0.4285 -0.5749
vn 0.6273 0.6273 -0.4616
vn 0.6929 0.7145 -0.0967
vn 0.0501 -0.994 -0.097
vn 0.6706 0.7345 -0.1035
vn 0.1203 -0.7792 -0.6152
vn 0.1618 -0.7026 -0.6929
vn 0.3435 -0.8165 -0.464
vn 0.6032 0.6032 -0.5218
vn 0.5813 0.6598 -0.4762
vn 0.1693 -0.6969 -0.6969
vn 0.1618 -0.6929 -0.7026
vn 0.5947 0.5685 -0.5685
vn 0.5774 0.5773 -0.5774
vn 0.5774 0.5774 -0.5774
vn 0.1383 -0.6274 -0.7663
vn 0.1168 -0.163 -0.9797
vn 0.3545 -0.368 -0.8596
vn 0.5298 0.5944 -0.605
vn 0.5284 0.583 -0.6172
vn 0.0418 0.0107 -0.9991
vn 0.7071 0 -0.7071
vn 0.8012 0.2472 -0.5449
vn 0.8179 -0.1135 -0.564
vn 0.5329 -0.1151 -0.8383
vn 0.2533 0.1715 -0.952
vn 0.5482 0.5482 -0.6316
vn 0.0971 -0.622 -0.777
vn 0.0953 -0.0953 -0.9909
vn 0.0953 0.0953 -0.9909
vn 0.3956 0.5499 -0.7356
vn 0.1297 -0.9106 -0.3925
vn 0.1413 -0.5394 -0.8301
vn 0.1429 -0.6598 -0.7377
vn 0.1856 -0.418 -0.8893
vn 0.6296 0.5822 -0.5144
vn 0.5388 0.5559 -0.633
vn 0.4794 0.6934 -0.5379
vn 0.7046 -0.0839 -0.7046
vn 0.6615 -0.2873 -0.6927
vn 0.3198 -0.7296 -0.6045
vn 0.7046 0.0839 -0.7046
vn 0.6109 0.4354 -0.6613
vn 0.4354 0.6109 -0.6613
vn 0.6768 0.0512 -0.7343
vn 0.5063 -0.153 -0.8487
vn 0.5988 -0.1519 -0.7863
vn 0.7483 -0.0418 -0.662
vn 0.1519 -0.5988 -0.7863
vn 0.448 -0.0492 -0.8927
vn 0.4847 -0.4847 -0.7281
vn 0.6007 0.4453 -0.664
vn 0.7475 0.0616 -0.6614
vn 0.4236 0.6187 -0.6616
vn 0.0753 -0.6066 0.7915
vn 0.069 -0 0.9976
vn 0.0753 0.6066 0.7915
vn 0.0635 0.6239 0.7789
vn 0.0884 -0.6154 0.7832
vn 0.0912 -0.631 0.7704
vn 0.1144 -0.1146 0.9868
vn 0.33 -0.2239 0.917
vn 0.1585 -0 0.9874
vn 0.1841 0.0581 0.9812
vn 0.3818 0.1325 0.9147
vn 0.4145 0.1171 0.9025
vn 0.4321 0.3046 0.8488
vn 0.6346 0.441 0.6346
vn 0.7071 -0 0.7071
vn 0.4321 -0.3046 0.8488
vn 0.6346 -0.441 0.6346
vn 0.3818 -0.1325 0.9147
vn 0.4145 -0.1171 0.9025
vn 0.1951 -0 0.9808
vn 0.3951 0.1811 0.9006
vn 0.4043 0.1989 0.8928
vn 0.5406 0.5406 0.6447
vn 0.4181 0.3702 0.8296
vn 0.5859 0.5599 0.5859
vn 0.6226 0.5349 0.5712
vn 0.5118 0.6004 0.6145
vn 0.3656 0.3656 0.856
vn 0.7499 -0.0622 0.6586
vn 0.921 -0.1668 0.352
vn 0.6953 -0.1822 0.6953
vn 0.7042 -0.0901 0.7042
vn 0.1024 -0.9872 0.122
vn 0.1357 -0.1357 0.9814
vn 0.4552 -0.0503 0.889
vn 0.6135 -0.0864 0.785
vn 0.7002 -0.0766 0.7098
vn 0.4556 -0.3526 0.8174
vn 0.6149 -0.4511 0.6469
vn 0.3517 -0.0995 0.9308
vn 0.1194 -0.0766 0.9899
vn 0.0665 -0.0665 0.9956
vn 0.0235 -0.1034 0.9944
vn 0.0644 0.0173 0.9978
vn 0.8207 0.158 0.5491
vn 0.6719 0.4349 0.5995
vn 0.8924 0.4096 0.1891
vn 0.8907 0.0776 0.4479
vn 0.6485 0.4184 0.6359
vn 0.7007 0.1713 0.6926
vn 0.6016 0.4648 0.6497
vn 0.6626 0.4048 0.6301
vn 0.6682 0.6053 0.4326
vn 0.558 0.1774 0.8107
vn 0.0665 -0.9956 0.0665
vn 0.9725 0.0851 0.2169
vn 0.9829 0.0738 0.1688
vn 0.9959 0.0231 0.0871
vn 0.6273 0.6273 0.4616
vn 0.6346 0.5271 0.5652
vn 0.0324 -0.9995 -0
vn 0.0556 -0.9982 -0.0234
vn 0.6497 0.5813 -0.4899
vn 0.097 -0.994 -0.0501
vn 0.9736 0.1615 -0.1615
vn 0.9814 0.1357 -0.1357
vn 0.889 0.4552 -0.0503
vn 0.9809 0.1766 -0.081
vn 0.8582 0.1971 -0.474
vn 0.777 0.622 -0.0971
vn 0.686 0.634 -0.3571
vn 0.1122 -0.9873 -0.1122
vn 0.785 0.6135 -0.0864
vn 0.7802 0.6253 -0.0174
vn 0.9784 0.2022 -0.0423
vn 0.7833 0.6171 -0.0744
vn 0.5859 -0.5859 -0.5599
vn 0.5456 -0.6625 -0.5133
vn 0.5311 -0.6036 -0.5947
vn 0.1881 -0.9214 -0.3401
vn 0.7413 0.6613 -0.1146
vn 0.8782 0.4413 -0.1845
vn 0.77 0.6202 -0.1501
vn 0.6869 0.5626 -0.46
vn 0.4104 0.698 -0.5869
vn 0.6259 0.5739 -0.5281
vn 0.5947 -0.5685 -0.5685
vn 0.4616 -0.6273 -0.6273
vn 0.5265 -0.5989 -0.6034
vn 0.8222 0.4434 -0.3568
vn 0.605 0.5944 -0.5298
vn 0.6172 0.583 -0.5284
vn 0.5685 -0.5685 -0.5947
vn 0.5869 -0.698 -0.4104
vn 0.4303 -0.4303 -0.7935
vn 0.46 -0.5626 -0.6869
vn 0.1886 -0.3613 -0.9132
vn 0.1501 -0.6202 -0.77
vn 0.3632 -0.3768 -0.8521
vn 0.1304 -0.6229 -0.7713
vn 0.7152 -0.0137 -0.6988
vn 0.6984 0.1836 -0.6917
vn 0.7044 -0.0874 -0.7044
vn 0.6032 0.5219 -0.6032
vn 0.1246 -0.6927 -0.7103
vn 0.0967 -0.6929 -0.7145
vn 0.1972 -0.0176 -0.9802
vn 0.1328 0.0733 -0.9884
vn 0.6281 0.4778 -0.6141
vn 0.5817 0.573 -0.5774
vn 0.3363 0.8796 -0.3363
vn 0.5363 0.6673 -0.5168
vn 0.576 0.5025 -0.6448
vn 0.6425 -0.4177 -0.6425
vn 0.6273 -0.4616 -0.6273
vn 0.3363 -0.8796 -0.3363
vn 0.5226 -0.6212 -0.584
vn 0.566 -0.5995 -0.566
vn 0.6002 -0.4367 -0.6701
vn 0.6273 0.4616 -0.6273
vn 0.1526 0.7328 -0.6632
vn 0.573 -0.5174 -0.6356
vn 0.4703 -0.3793 -0.7968
vn 0.4647 -0.5668 -0.6803
vn 0.4796 -0.4205 -0.7702
vn 0.5155 -0.5421 -0.6636
vn 0.4097 -0.3368 -0.8478
vn 0.3693 -0.3849 -0.8459
vn 0.4381 0.1294 -0.8896
vn 0.3985 -0.1568 -0.9037
vn 0.4013 -0.2047 -0.8928
vn 0.5225 0.3925 -0.7569
vn 0.583 0.5284 -0.6172
vn 0.4446 0.3147 -0.8386
vn 0.4488 -0.1075 0.8871
vn 0.1075 -0.4488 0.8871
vn 0.1191 0.4992 0.8583
vn 0.6608 -0.6483 0.3783
vn 0.5869 -0.698 0.4104
vn 0.5624 -0.5191 0.6436
vn 0.5859 -0.5599 0.5859
vn 0.4302 -0.5954 0.6785
vn 0.46 -0.5626 0.6869
vn 0.1501 -0.6202 0.77
vn 0.193 -0.2959 0.9355
vn 0.1154 -0.0552 0.9918
vn 0.132 0.0096 0.9912
vn 0.9731 0.1403 0.1827
vn 0.7517 0.6254 0.2095
vn 0.7764 0.6215 0.1043
vn 0.985 0.1345 0.1079
vn 0.1612 0.0676 0.9846
vn 0.9806 0.1063 0.1649
vn 0.9288 0.0912 0.3591
vn 0.7077 0.5728 0.4136
vn 0.3363 0.8796 0.3363
vn 0.4136 0.5728 0.7077
vn 0.1649 0.1063 0.9806
vn 0.9861 -0 0.1659
vn 0.9806 -0.1063 0.1649
vn 0.9288 -0.0912 0.3591
vn 0.9933 -0 0.1154
vn 0.7077 -0.5728 0.4136
vn 0.4136 -0.5728 0.7077
vn 0.3363 -0.8796 0.3363
vn 0.1649 -0.1063 0.9806
vn 0.1659 0 0.9861
vn 0.9235 0.1806 0.3384
vn 0.55 0.5411 0.6362
vn 0.6627 0.5366 0.5225
vn 0.4229 -0.4304 0.7974
vn 0.5241 -0.5241 0.6713
vn 0.5509 -0.5337 0.6416
vn 0.5174 -0.573 0.6356
vn 0.5475 -0.4611 0.6983
vn 0.3743 -0.2931 0.8798
vn 0.3508 -0.3568 0.8658
vn 0.1122 -0.1122 0.9873
vn 0.0894 -0.1216 0.9885
vn 0.1234 -0.3406 0.9321
vn 0.1325 0.3818 0.9147
vn 0.1348 0.3382 0.9314
vn 0.7977 -0.236 0.5549
vn 0.9571 -0.024 0.2887
vn 0.1183 0.0985 0.9881
vn 0.785 0.6135 0.0864
vn 0.9903 0.0982 0.0982
vn 0.9894 0.0667 0.1291
vn 0.9883 0.0234 0.151
vn 0.7908 -0 0.612
vn 0.9848 -0 0.1739
vn 0.8115 0.3444 0.4722
vn 0.9883 -0.0234 0.151
vn 0.8115 -0.3444 0.4722
vn 0.9894 -0.0667 0.1291
vn 0.9918 0 0.128
vn 0.9873 0.1122 0.1122
vn 0.9848 0.1014 0.141
vn 0.77 0.6202 0.1501
vn 0.9214 0.3401 0.1881
vn 0.7612 0.6231 0.1799
vn 0.6341 0.7424 0.2161
vn 0.6639 0.5879 0.4623
vn 0.6869 0.5626 0.46
vn 0.6625 0.5133 0.5456
vn 0.4104 0.698 0.5869
vn 0.6254 -0.2095 0.7517
vn 0.6215 -0.1043 0.7764
vn 0.0766 -0.9899 0.1194
vn 0.1357 -0.9814 0.1357
vn 0.7046 -0.0839 0.7046
vn 0.6114 -0.0831 0.7869
vn 0.6124 -0.4175 0.6714
vn 0.6078 -0.1681 0.7761
vn 0.889 0.4552 0.0503
vn 0.9814 0.1357 0.1357
vn 0.9842 0.068 0.1635
vn 0.9817 0 0.1905
vn 0.9767 0.0874 0.196
vn 0.352 0.921 0.1668
vn 0.3581 0.9196 0.1613
vn 0.9809 0.1135 0.1578
vn 0.9689 0.2104 0.1304
vn 0.869 0.4856 0.0955
vn 0.5491 0.7101 0.4408
vn 0.3642 0.9182 0.1558
vn 0.6319 0.7694 0.0933
vn 0.3595 -0.8792 0.3128
vn 0.5811 0.173 0.7952
vn 0.8188 0.0951 0.5662
vn 0.2887 0.024 0.9571
vn 0.0471 -0.9989 -0
vn 0.1895 0.0812 0.9785
vn 0.2285 0.109 0.9674
vn 0.2312 0.1151 0.9661
vn 0.7676 0.6302 0.117
vn 0.8534 0.4978 0.1546
vn 0.719 0.6946 -0.0212
vn 0.7313 0.6793 -0.0606
vn 0.0838 -0.993 -0.0838
vn 0.2587 0.1948 -0.9461
vn 0.2112 0.2112 -0.9544
vn 0.2464 0.1754 -0.9532
vn 0.2823 0.1864 -0.941
vn 0.6347 0.5866 -0.5032
vn 0.6394 0.5853 -0.4986
vn 0.7002 0.692 -0.1758
vn 0.7112 0.3153 -0.6283
vn 0.4748 0.2619 -0.8402
vn 0.5808 0.2127 -0.7858
vn 0.7252 0.3101 -0.6147
vn 0.6231 -0.7214 -0.3022
vn 0.9233 -0.341 -0.1767
vn 0.7808 -0.5997 -0.1753
vn 0.8517 -0.4538 -0.262
vn 0.1612 -0.9846 -0.0676
vn 0.9884 -0.0148 -0.1515
vn 0.9806 0.1063 -0.1649
vn 0.9873 0.1122 -0.1122
vn 0.995 -0.0392 -0.0923
vn 0.9814 -0.1357 -0.1357
vn 0.9842 -0.1635 -0.068
vn 0.6953 0.6953 -0.1822
vn 0.921 0.352 -0.1668
vn 0.7632 0.6406 -0.084
vn 0.7042 0.7042 -0.0901
vn 0.6586 0.7499 -0.0622
vn 0.352 0.921 -0.1668
vn 0.9541 -0.2294 -0.1928
vn 0.9394 -0.2941 -0.1762
vn 0.7306 -0.3302 -0.5977
vn 0.83 -0.3907 -0.398
vn 0.3384 -0.9235 -0.1806
vn 0.1649 -0.9806 -0.1063
vn 0.4714 -0.874 -0.118
vn 0.7618 -0.4534 -0.4627
vn 0.5225 -0.6627 -0.5366
vn 0.9768 -0.1165 -0.1796
vn 0.9775 -0.1581 -0.1398
vn 0.9749 -0.1992 -0.0994
vn 0.9806 0.1649 -0.1063
vn 0.9861 0.1659 0
vn 0.9933 0.1154 0
vn 0.998 -0.0635 -0
vn 0.8732 -0.4871 -0.017
vn 0.6274 0.7718 -0.1032
vn 0.6628 0.7482 -0.0294
vn 0.7071 0.7071 -0
vn 0.8979 -0.3736 -0.233
vn 0.6713 -0.5241 -0.5241
vn 0.8227 -0.4369 -0.3637
vn 0.7606 -0.4762 -0.4413
vn 0.88 -0.4341 -0.1929
vn 0.948 -0.2905 -0.1302
vn 0.784 0.2584 0.5645
vn 0.9401 0.1986 0.2771
vn 0.9894 0.1408 0.0359
vn 0.999 -0.0229 -0.0392
vn 0.7726 -0.6266 -0.1021
vn 0.791 -0.5877 -0.1701
vn 0.6172 -0.583 -0.5284
vn 0.6093 -0.6479 -0.4571
vn 0.5536 -0.6097 -0.5673
vn 0.9646 0.2167 -0.1504
vn 0.9244 0.3184 -0.2101
vn 0.9858 0.0836 -0.1457
vn 0.7051 -0.5397 -0.4599
vn 0.57 -0.1218 -0.8126
vn 0.2887 -0.024 -0.9571
vn 0.6316 0.5482 -0.5482
vn 0.5174 -0.573 -0.6356
vn 0.5241 -0.5241 -0.6713
vn 0.3688 -0.4037 -0.8373
vn 0.3505 -0.4286 -0.8327
vn 0.8414 0.4417 -0.3114
vn 0.6803 0.5668 -0.4647
vn 0.7283 0.6608 -0.1817
vn 0.8017 0.4437 -0.4005
vn 0.6447 0.5406 -0.5406
vn 0.3595 0.8792 -0.3128
vn 0.8519 0.476 -0.2183
vn 0.6612 -0.466 -0.5879
vn 0.5406 -0.5406 -0.6447
vn 0.5432 -0.5432 -0.6402
vn 0.7099 0.0102 -0.7042
vn 0.692 0.1758 -0.7002
vn 0.6529 0.1565 -0.7411
vn 0.6763 -0.0206 -0.7364
vn 0.5958 0.3536 -0.7211
vn 0.1228 0.5758 -0.8083
vn 0.4052 -0.0936 -0.9094
vn 0.6469 -0.4511 -0.6149
vn 0.6339 -0.4264 -0.6452
vn 0.3795 -0.2981 -0.8759
vn 0.6865 0.5794 -0.4393
vn 0.6469 0.5001 -0.5758
vn 0.6929 -0.0967 -0.7145
vn 0.6045 -0.4293 -0.671
vn 0.4293 -0.6045 -0.671
vn 0.6722 0.0643 -0.7376
vn 0.2468 0.6073 -0.7551
vn 0.7209 0.189 -0.6668
vn 0.6957 -0.0996 -0.7114
vn 0.5739 0.5281 -0.6259
vn 0.5531 0.6987 -0.4538
vn 0.3128 0.8792 -0.3595
vn 0.526 -0.5435 -0.6542
vn 0.3128 -0.8792 -0.3595
vn 0.5519 -0.6106 -0.568
vn 0.11 0 -0.9939
vn 0.1927 -0.096 -0.9766
vn 0.2409 0.0533 -0.9691
vn 0.985 0.0279 0.1702
vn 0.9885 0.1064 0.1073
vn 0.6546 0.7481 0.1092
vn 0.5225 -0.5366 0.6627
vn 0.6343 -0.51 0.581
vn 0.11 0 0.9939
vn 0.3612 -0.3612 0.8597
vn 0.5115 -0.5115 0.6904
vn 0.3924 -0.4354 0.8102
vn 0.5287 -0.5287 0.664
vn 0.3221 -0.3221 0.8902
vn 0.1216 -0.0894 0.9885
vn 0.3406 -0.1234 0.9321
vn 0.1112 0 0.9938
vn 0.3502 0.1678 0.9215
vn 0.1067 0.1208 0.9869
vn 0.1297 0.9106 0.3925
vn 0.1383 0.6274 0.7663
vn 0.1428 0.9146 0.3784
vn 0.8702 -0.2672 0.414
vn 0.6256 -0.5101 0.5903
vn 0.7245 -0.5794 0.3734
vn 0.9692 0.1233 0.213
vn 0.3128 -0.8792 0.3595
vn 0.7996 0.5902 0.1104
vn 0.7505 0.6458 0.1404
vn 0.4391 -0.5943 0.6737
vn 0.1681 -0.6078 0.7761
vn 0.1815 -0.6178 0.7651
vn 0.1895 -0.6648 0.7226
vn 0.0871 0.0231 0.9959
vn 0.1503 0.0547 0.9871
vn 0.1755 0.0598 0.9827
vn 0.8818 0.3751 0.2859
vn 0.6313 0.7049 0.3234
vn 0.7073 0.6757 0.2078
vn 0.6586 0.7499 0.0622
vn 0.0833 -0.9965 -0
vn 0.0824 -0.9858 0.1467
vn 0.155 -0.168 0.9735
vn 0.1734 -0.0843 0.9812
vn 0.1766 -0.081 0.9809
vn 0.5001 -0.5001 0.7069
vn 0.178 0.0532 0.9826
vn 0.1883 0.1503 0.9705
vn 0.1925 0.0509 0.98
vn 0.1905 0 0.9817
vn 0.207 0.0485 0.9771
vn 0.2203 0.1174 0.9683
vn 0.7002 0.692 0.1758
vn 0.6953 0.6953 0.1822
vn 0.7092 0.705 -0.0031
vn 0.7237 0.6753 0.1422
vn 0.2722 0.1486 0.9507
vn 0.1063 -0.9399 -0.3246
vn 0.1104 -0.8855 -0.4513
vn 0.1714 -0.7035 -0.6897
vn 0.1326 -0.7804 -0.6111
vn 0.0905 -0.7876 -0.6095
vn 0.1606 -0.7116 -0.684
vn 0.1701 -0 -0.9854
vn 0.168 0.155 -0.9735
vn 0.137 -0 -0.9906
vn 0.168 -0.155 -0.9735
vn 0.1357 -0.1357 -0.9814
vn 0.1265 0 -0.992
vn 0.1989 0.2538 -0.9466
vn 0.1926 0.275 -0.942
vn 0.1754 0.2464 -0.9532
vn 0.4861 -0.6593 -0.5736
vn 0.5287 -0.5885 -0.6117
vn 0.1999 -0.7549 -0.6246
vn 0.1648 -0.1583 -0.9735
vn 0.1925 -0.6186 -0.7617
vn 0.2095 -0.6254 -0.7517
vn 0.1615 -0.1615 -0.9736
vn 0.1822 0.6953 -0.6953
vn 0.1668 0.921 -0.352
vn 0.1999 0.7549 -0.6246
vn 0.1714 0.7035 -0.6897
vn 0.1645 0.7338 -0.6592
vn 0.2136 0.7382 -0.6398
vn 0.069 0.9976 -0
vn 0.1265 0.992 -0
vn 0.1357 -0.9814 -0.1357
vn 0.1992 -0.9749 -0.0994
vn 0.191 -0.9742 -0.1199
vn 0.168 -0.9735 -0.155
vn 0.4779 0.8754 -0.073
vn 0.1357 0.9814 -0.1357
vn 0.168 0.9735 -0.155
vn 0.191 0.9742 -0.1199
vn 0.069 -0.9976 -0
vn 0.1265 -0.992 -0
vn 0.1635 -0.9842 -0.068
vn 0.1766 -0.9809 -0.081
vn 0.1615 -0.9736 -0.1615
vn 0.2755 0.9591 -0.065
vn 0.2137 0.9645 -0.1555
vn 0.3202 -0.9458 -0.0543
vn 0.2692 -0.9604 -0.0718
vn 0.1265 0 0.992
vn 0.2692 0.9604 -0.0718
vn 0.1896 -0.9773 -0.094
vn 0.9865 0.1568 -0.0466
vn 0.9959 0.0871 -0.0231
vn 0.9815 0.1887 -0.0311
vn 0.7459 0.6661 0.0074
vn 0.9062 0.422 -0.0259
vn 0.9059 0.4234 0.0036
vn 0.3329 0.9393 0.0829
vn 0.458 0.8761 -0.1508
vn 0.8486 0.529 0.0048
vn 0.7764 -0.1043 -0.6215
vn 0.701 -0.5346 -0.4721
vn 0.7684 -0.623 -0.1462
vn 0.9812 -0.0843 -0.1734
vn 0.7534 -0.6568 -0.0314
vn 0.4963 -0.8613 -0.1091
vn 0.7764 0.1043 -0.6215
vn 0.9812 0.0843 -0.1734
vn 0.701 0.5346 -0.4721
vn 0.7684 0.623 -0.1462
vn 0.4963 0.8613 -0.1091
vn 0.4941 -0.8571 -0.1455
vn 0.1971 -0.8582 -0.474
vn 0.4228 -0.4228 -0.8015
vn 0.2273 -0.5699 -0.7896
vn 0.4397 -0.6461 -0.6238
vn 0.912 0.3862 -0.1381
vn 0.9163 0.3928 -0.0784
vn 0.9939 0.11 -0
vn 0.9803 0.1962 -0.0234
vn 0.9835 0.1731 -0.052
vn 0.836 0.5292 -0.1454
vn 0.3148 0.9492 -0
vn 0.3856 0.2854 0.8774
vn 0.3856 0.2854 -0.8774
vn 0.7013 0.5404 -0.4649
vn 0.8425 0.273 -0.4644
vn 0.7069 -0.5001 -0.5001
vn 0.7869 -0.0831 -0.6114
vn 0.7427 -0.6038 -0.2896
vn 0.7761 -0.6078 -0.1681
vn 0.7761 -0.1681 -0.6078
vn 0.6863 -0.3262 -0.6501
vn 0.7869 0.0831 -0.6114
vn 0.7069 0.5001 -0.5001
vn 0.6613 0.6109 -0.4354
vn 0.7761 0.6078 -0.1681
vn 0.7761 0.1681 -0.6078
vn 0.6613 0.4354 -0.6109
vn 0.4122 -0.4064 -0.8155
vn 0.4286 -0.3505 -0.8327
vn 0.7144 0.1269 -0.6881
vn 0.6953 0.1822 -0.6953
vn 0.7191 0.0562 -0.6926
vn 0.5866 0.5032 -0.6347
vn 0.5853 0.4986 -0.6394
vn 0.9099 0.1489 -0.3872
vn 0.9124 0.0134 -0.409
vn 0.8135 -0.2599 -0.5202
vn 0.8736 0.4027 -0.2733
vn 0.7959 0.5855 -0.154
vn 0.8086 0.4763 -0.3454
vn 0.6487 0.743 -0.1651
vn 0.6229 -0.1304 -0.7713
vn 0.6149 -0.4511 -0.6469
vn 0.6927 -0.1246 -0.7103
vn 0.5472 -0.4477 -0.7072
vn 0.5426 -0.2766 -0.7931
vn 0.4518 -0.2144 -0.866
vn 0.1766 0.9233 -0.3411
vn 0.3153 0.6283 -0.7112
vn 0.2619 0.8402 -0.4748
vn 0.1864 0.941 -0.2823
vn 0.1688 0.0738 -0.9829
vn 0.4444 -0.0078 -0.8958
vn 0.9885 0.0894 -0.1216
vn 0.9795 0.0599 -0.1922
vn 0.9959 0.0231 -0.0871
vn 0.3642 0.9182 -0.1558
vn 0.3595 -0.8792 -0.3128
vn 0.4285 -0.5749 -0.6971
vn 0.2666 0 -0.9638
vn 0.5913 0.1269 -0.7964
vn 0.4391 -0.4142 0.7973
vn 0.4354 -0.3924 0.8102
vn 0.573 -0.5174 0.6356
vn 0.3637 -0.344 0.8657
vn 0.122 -0.1024 0.9872
vn 0.1154 0 0.9933
vn 0.1122 0.1122 0.9873
vn 0.5869 0.698 0.4104
vn 0.5456 0.5133 0.6625
vn 0.5744 0.5057 0.6437
vn 0.46 0.5626 0.6869
vn 0.4803 0.6816 0.552
vn 0.1881 0.3401 0.9214
vn 0.1501 0.6202 0.77
vn 0.4065 -0.4123 0.8154
vn 0.4762 -0.5813 0.6598
vn 0.526 -0.5908 0.6118
vn 0.3815 -0.6413 0.6657
vn 0.9571 0.024 0.2887
vn 0.7977 0.236 0.5549
vn 0.5297 0.2598 0.8074
vn 0.516 0.5967 0.6146
vn 0.1668 0.921 0.352
vn 0.1999 0.6652 0.7194
vn 0.2256 0.07 0.9717
vn 0.1568 0.0466 0.9865
vn 0.9842 -0.068 0.1635
vn 0.9814 -0.1357 0.1357
vn 0.9884 -0.1515 0.0148
vn 0.995 -0.0923 0.0392
vn 0.137 -0.9906 -0
vn 0.1635 -0.068 0.9842
vn 0.9773 -0.094 0.1896
vn 0.9906 -0.1117 0.079
vn 0.1896 -0.094 0.9773
vn 0.9279 -0.2516 0.2751
vn 0.9773 -0.1896 0.094
vn 0.412 -0.5039 0.7592
vn 0.1918 0.6543 0.7315
vn 0.2035 0.2164 0.9548
vn 0.7658 0.6373 0.0859
vn 0.992 0.1183 0.0435
vn 0.9999 0 0.0169
vn 0.9997 -0.0073 0.0241
vn 0.9995 0 0.0312
vn 0.9968 0.0762 0.0231
vn 0.9884 0.1515 0.0148
vn 0.357 0.9341 -0
vn 0.9806 -0.1649 -0.1063
vn 0.9873 -0.1122 -0.1122
vn 0.1822 -0.6953 -0.6953
vn 0.1668 -0.352 -0.921
vn 0.1483 -0.3724 -0.9162
vn 0.9849 -0.1378 -0.1047
vn 0.9773 -0.1896 -0.094
vn 0.741 0.667 -0.0783
vn 0.968 0.2127 -0.1335
vn 0.9876 0 -0.1572
vn 0.2032 -0 -0.9791
vn 0.2095 0.6254 -0.7517
vn 0.1925 0.6186 -0.7617
vn 0.9947 -0.0155 -0.1014
vn 0.2001 -0.1741 -0.9642
vn 0.9957 -0.0059 -0.092
vn 0.9957 0.0059 -0.092
vn 0.1836 0 -0.983
vn 0.9945 0.0611 -0.0846
vn 0.8831 0.4662 -0.0524
vn 0.7656 0.6239 -0.1569
vn 0.5917 0.6291 -0.5041
vn 0.6424 0.7653 -0.0405
vn 0.6429 0.5791 -0.5013
vn 0.3234 0.7049 -0.6313
vn 0.2096 0.3032 -0.9296
vn 0.2655 0.471 -0.8412
vn 0.9806 -0.1063 -0.1649
vn 0.9733 -0.1468 -0.1762
vn 0.1668 -0.921 -0.352
vn 0.9454 -0.2768 -0.1722
vn 0.1926 -0.253 -0.9481
vn 0.87 0.4442 -0.2141
vn 0.5557 0.816 -0.1593
vn 0.6231 0.7214 -0.3022
vn 0.5287 0.5885 -0.6117
vn 0.4861 0.6593 -0.5736
vn 0.1606 0.7116 -0.684
vn 0.155 0.8344 -0.529
vn 0.9987 -0.0364 -0.0364
vn 0.999 -0.0243 -0.0372
vn 0.1836 0.983 -0
vn 0.1827 -0.9731 -0.1403
vn 0.2001 -0.9642 -0.1741
vn 0.999 0.0243 -0.0372
vn 0.9987 0.0364 -0.0364
vn 0.2001 0.9642 -0.1741
vn 0.1827 0.9731 -0.1403
vn 0.1836 -0.983 -0
vn 0.692 -0.7002 -0.1758
vn 0.6582 -0.7233 -0.2091
vn 0.633 -0.7662 -0.1108
vn 0.7025 -0.6987 -0.1352
vn 0.4459 -0.7815 -0.4363
vn 0.706 0.0283 -0.7076
vn 0.8431 0.1684 -0.5107
vn 0.5637 0.0985 -0.8201
vn 0.4459 0.0801 -0.8915
vn 0.5532 0.1694 -0.8157
vn 0.311 0.107 -0.9444
vn 0.2759 0.1199 -0.9537
vn 0.2208 0.8841 -0.4117
vn 0.1481 0.9511 -0.2709
vn 0.1645 0.0782 -0.9833
vn 0.2404 0.1327 -0.9616
vn 0.997 -0.0552 -0.0552
vn 0.9985 -0.0276 -0.047
vn 0.3946 -0.0838 -0.915
vn 0.352 -0.1668 -0.921
vn 0.7517 -0.2095 -0.6254
vn 0.9985 0.0276 -0.047
vn 0.1836 0 0.983
vn 0.3946 0.0838 -0.915
vn 0.997 0.0552 -0.0552
vn 0.1649 0.9806 -0.1063
vn 0.352 0.1668 -0.921
vn 0.7517 0.2095 -0.6254
vn 0.6495 -0.7515 -0.1156
vn 0.8164 -0.4513 -0.3602
vn 0.4703 -0.8799 -0.0682
vn 0.7143 0.6641 -0.2206
vn 0.7165 0.6809 -0.1513
vn 0.7307 0.6724 -0.1182
vn 0.889 0.4521 -0.0726
vn 0.2887 0.9571 -0.024
vn 0.538 0.8259 -0.1688
vn 0.8161 0.5711 -0.0884
vn 0.9462 -0.2965 -0.1294
vn 0.9544 -0.2112 -0.2112
vn 0.8127 -0.2237 -0.5381
vn 0.5381 -0.2237 -0.8127
vn 0.2112 -0.2112 -0.9544
vn 0.2045 -0.2648 -0.9424
vn 0.6356 -0.5174 -0.573
vn 0.6877 -0.2329 -0.6877
vn 0.6003 -0.5284 -0.6003
vn 0.5895 0.7985 -0.122
vn 0.8985 0.1847 -0.3982
vn 0.3724 0.1483 -0.9162
vn 0.9717 0.2225 -0.0793
vn 0.982 0.1772 -0.065
vn 0.73 0.6834 -0
vn 0.8447 0.5345 -0.0262
vn 0.3925 0.1297 -0.9106
vn 0.6449 0.2129 -0.734
vn 0.8514 0.1049 -0.5139
vn 0.5859 -0.5599 -0.5859
vn 0.4181 -0.3702 -0.8296
vn 0.2038 -0.0931 -0.9746
vn 0.4043 -0.1989 -0.8928
vn 0.2857 -0.262 -0.9218
vn 0.1948 0.9461 -0.2587
vn 0.2112 0.9544 -0.2112
vn 0.2798 0.9491 -0.1448
vn 0.7129 0.0798 -0.6967
vn 0.5696 0.0294 -0.8214
vn 0.9577 0.0259 -0.2865
vn 0.6179 -0.4135 -0.6687
vn 0.2854 -0.8774 -0.3856
vn 0.2686 -0.3947 -0.8787
vn 0.0871 0.0231 -0.9959
vn 0.2402 0.0341 -0.9701
vn 0.9589 0.0346 0.2817
vn 0.7255 -0.5691 0.3869
vn 0.6146 -0.4453 0.6512
vn 0.8705 0.061 0.4883
vn 0.5229 -0.5128 0.6809
vn 0.658 -0.5202 0.5445
vn 0.3437 -0.1638 0.9247
vn 0.7306 0.5977 0.3302
vn 0.8264 0.2614 0.4987
vn 0.7966 0.3886 0.4631
vn 0.5225 0.5366 0.6627
vn 0.3384 0.1806 0.9235
vn 0.6608 -0.1817 0.7283
vn 0.5668 -0.4647 0.6803
vn 0.4093 -0.3811 0.829
vn 0.6274 -0.1383 0.7663
vn 0.5626 -0.46 0.6869
vn 0.9394 0.1762 0.2941
vn 0.6068 0.5205 0.6007
vn 0.6571 0.1611 0.7364
vn 0.4459 0.3209 0.8356
vn 0.3128 0.8792 0.3595
vn 0.5092 0.3827 0.7709
vn 0.9785 0.0812 0.1895
vn 0.9779 0.1183 0.1725
vn 0.9795 0.134 0.1505
vn 0.2078 0.6757 0.7073
vn 0.4148 -0.7344 0.5372
vn 0.1896 -0.9773 0.094
vn 0.1766 -0.9809 0.081
vn 0.1971 -0.8582 0.474
vn 0.2127 -0.5808 0.7858
vn 0.4403 0.1378 0.8872
vn 0.8789 0.4377 0.1898
vn 0.7832 0.6154 0.0884
vn 0.9823 0.1757 0.0656
vn 0.7656 0.6239 0.1569
vn 0.7814 0.6192 0.0777
vn 0.6248 0.5726 0.5309
vn 0.6429 0.5791 0.5013
vn 0.2716 0.4434 0.8542
vn 0.3234 0.7049 0.6313
vn 0.784 0.6184 -0.0541
vn 0.9847 0.1662 -0.0526
vn 0.7936 0.6076 -0.0314
vn 0.268 -0.4474 -0.8533
vn 0.2127 -0.5808 -0.7858
vn 0.2224 -0.7135 -0.6644
vn 0.3153 -0.7112 -0.6283
vn 0.7735 0.6243 -0.1092
vn 0.9898 0.1021 -0.0992
vn 0.2865 0.0259 -0.9577
vn 0.8936 0.4481 -0.0239
vn 0.9947 0.0693 -0.0759
vn 0.4406 0.8727 -0.2104
vn 0.6644 0.7472 -0.0169
vn 0.2965 0.9462 -0.1294
vn 0.9767 -0.0874 -0.196
vn 0.7517 -0.6254 -0.2095
vn 0.7666 -0.6187 -0.1719
vn 0.9848 -0.1014 -0.141
vn 0.5853 -0.6394 -0.4986
vn 0.6198 -0.5786 -0.5301
vn 0.9817 0 -0.1905
vn 0.9936 -0.0162 -0.1118
vn 0.9826 -0.0532 -0.178
vn 0.9935 -0.0429 -0.1055
vn 0.9911 -0.0092 -0.1325
vn 0.4939 0.7627 -0.4176
vn 0.1971 0.9275 -0.3177
vn 0.2645 0.9448 -0.1934
vn 0.2218 0.6947 -0.6843
vn 0.2741 0.4082 -0.8708
vn 0.3153 0.7112 -0.6283
vn 0.2643 0.5067 -0.8206
vn 0.4023 0.8283 -0.3899
vn 0.2141 0.0881 -0.9728
vn 0.7072 -0.5472 -0.4477
vn 0.8658 -0.3577 -0.35
vn 0.7974 -0.4316 -0.4219
vn 0.9872 -0.122 -0.1024
vn 0.9956 -0.0665 -0.0665
vn 0.9989 -0.0324 -0.0324
vn 0.996 0.0679 -0.0579
vn 0.7657 0.614 -0.1914
vn 0.772 0.6263 -0.1085
vn 0.6059 0.6287 -0.4874
vn 0.632 0.5729 -0.5219
vn 0.9223 -0.1722 -0.346
vn 0.7865 -0.4245 -0.4486
vn 0.9872 -0.1024 -0.122
vn 0.9932 0.0821 -0.0821
vn 0.8799 0.4703 -0.0682
vn 0.4954 0.8558 -0.1488
vn 0.757 0.645 -0.1044
vn 0.55 -0.5411 -0.6362
vn 0.3783 -0.6483 -0.6608
vn 0.2136 -0.0846 -0.9733
vn 0.1649 -0.1063 -0.9806
vn 0.9842 0.068 -0.1635
vn 0.2837 0.0265 -0.9586
vn 0.473 -0.217 -0.8539
vn 0.3134 0.9431 -0.111
vn 0.2464 0.9532 -0.1754
vn 0.3033 0.1153 -0.9459
vn 0.4692 -0.0077 -0.8831
vn 0.6974 -0.0135 0.7166
vn 0.5696 -0.0231 0.8216
vn 0.5696 0.0231 0.8216
vn 0.834 0.4576 0.3084
vn 0.698 -0.5869 0.4104
vn 0.6879 -0.1348 0.7132
vn 0.6953 -0.6953 0.1822
vn 0.921 -0.352 0.1668
vn 0.7499 -0.6586 0.0622
vn 0.7042 -0.7042 0.0901
vn 0.1615 -0.9736 0.1615
vn 0.4552 -0.889 0.0503
vn 0.1864 -0.2823 0.941
vn 0.1754 -0.2464 0.9532
vn 0.1883 -0.1503 0.9705
vn 0.2038 -0.0931 0.9746
vn 0.6202 -0.1501 0.77
vn 0.2529 -0.0565 0.9658
vn 0.4916 0.1424 0.8591
vn 0.2529 0.0565 0.9658
vn 0.2038 0.0931 0.9746
vn 0.7042 0.7042 0.0901
vn 0.7064 0.7024 0.087
vn 0.7679 0.6153 0.1783
vn 0.6135 -0.785 0.0864
vn 0.6135 -0.785 -0.0864
vn 0.7042 -0.7042 -0.0901
vn 0.6963 0.7176 -0.0122
vn 0.7499 -0.6586 -0.0622
vn 0.921 -0.352 -0.1668
vn 0.6953 -0.6953 -0.1822
vn 0.4552 -0.889 -0.0503
vn 0.1883 -0.1503 -0.9705
vn 0.1754 -0.2464 -0.9532
vn 0.1864 -0.2823 -0.941
vn 0.1994 -0.2214 -0.9546
vn 0.1925 -0.0509 -0.98
vn 0.207 -0.0485 -0.9771
vn 0.1905 0 -0.9817
vn 0.1798 -0.0777 -0.9806
vn 0.1635 -0.068 -0.9842
vn 0.6662 0.7365 -0.1171
vn 0.4989 0.8424 -0.2039
vn 0.1646 0.0517 -0.985
vn 0.1568 -0.0466 -0.9865
vn 0.2256 -0.07 -0.9717
vn 0.2024 0.1672 -0.9649
vn 0.6398 0.7382 -0.2136
vn 0.2237 0.8127 -0.5381
vn 0.2097 0.549 -0.8091
vn 0.889 -0.4552 0.0503
vn 0.9932 -0.0821 0.0821
vn 0.6586 -0.7499 0.0622
vn 0.352 -0.921 0.1668
vn 0.2136 -0.0846 0.9733
vn 0.8658 0 0.5003
vn 0.9954 0 0.0957
vn 0.4695 -0.0465 0.8817
vn 0.296 -0.0313 0.9547
vn 0.4695 0.0465 0.8817
vn 0.7448 -0.0183 0.6671
vn 0.7448 0.0183 0.6671
vn 0.9932 0.0821 0.0821
vn 0.296 0.0313 0.9547
vn 0.2136 0.0846 0.9733
vn 0.785 -0.6135 0.0864
vn 0.785 -0.6135 -0.0864
vn 0.9932 -0.0821 -0.0821
vn 0.9954 0 -0.0957
vn 0.9962 -0.0072 -0.0872
vn 0.996 0.0697 -0.0557
vn 0.8029 0.5958 -0.0182
vn 0.889 -0.4552 -0.0503
vn 0.9842 -0.068 -0.1635
vn 0.352 -0.921 -0.1668
vn 0.6586 -0.7499 -0.0622
vn 0.178 -0.0532 -0.9826
vn 0.9847 -0.0144 -0.1739
vn 0.196 -0.0874 -0.9767
vn 0.994 0.0366 -0.1032
vn 0.9174 0.3939 -0.0574
vn 0.6733 0.7341 -0.0876
vn 0.3946 0.915 -0.0838
vn 0.0871 -0.0231 -0.9959

# faces
f 1/1/1 2/1/2 3/1/3
f 1/1/1 3/1/3 4/1/4
f 3/1/5 2/1/6 5/1/7
f 3/1/5 5/1/7 6/1/8
f 3/1/10 6/1/11 7/1/12
f 3/1/10 7/1/12 4/1/9
f 8/2/13 1/2/1 4/2/4
f 8/2/13 4/2/4 9/2/14
f 9/2/15 4/2/9 7/2/12
f 9/2/15 7/2/12 10/2/16
f 11/3/13 8/3/13 9/3/14
f 11/3/13 9/3/14 12/3/14
f 12/3/17 9/3/18 10/3/16
f 12/3/17 10/3/16 13/3/19
f 14/4/20 11/4/13 12/4/14
f 14/4/20 12/4/14 15/4/21
f 12/4/23 13/4/19 16/4/24
f 12/4/23 16/4/24 15/4/22
f 14/5/20 15/5/21 18/5/26
f 14/5/20 18/5/26 17/5/25
f 18/5/28 19/5/29 20/5/30
f 18/5/28 20/5/30 17/5/27
f 18/5/31 15/5/22 16/5/24
f 18/5/31 16/5/24 19/5/32
f 21/4/33 22/4/34 2/4/35
f 21/4/33 2/4/35 1/4/1
f 2/4/35 22/4/34 23/4/36
f 2/4/35 23/4/36 5/4/7
f 24/4/37 21/4/33 1/4/1
f 24/4/37 1/4/1 8/4/13
f 25/3/38 24/3/37 8/3/13
f 25/3/38 8/3/13 11/3/13
f 26/4/39 25/4/38 11/4/13
f 26/4/39 11/4/13 14/4/20
f 27/6/40 26/6/39 14/6/20
f 27/6/40 14/6/20 17/6/41
f 27/6/40 17/6/41 20/6/30
f 27/6/40 20/6/30 28/6/42
f 30/4/44 22/4/45 21/4/33
f 30/4/44 21/4/33 29/4/43
f 30/4/47 31/4/48 23/4/36
f 30/4/47 23/4/36 22/4/46
f 32/4/49 31/4/50 30/4/51
f 32/4/49 30/4/51 29/4/52
f 33/4/53 29/4/43 21/4/33
f 33/4/53 21/4/33 24/4/37
f 34/4/54 32/4/49 29/4/52
f 34/4/54 29/4/52 33/4/54
f 35/3/55 33/3/53 24/3/37
f 35/3/55 24/3/37 25/3/38
f 36/3/56 34/3/54 33/3/54
f 36/3/56 33/3/54 35/3/57
f 35/4/55 25/4/38 26/4/39
f 35/4/55 26/4/39 37/4/58
f 38/4/59 36/4/56 35/4/57
f 38/4/59 35/4/57 37/4/60
f 37/6/58 26/6/39 27/6/40
f 37/6/58 27/6/40 39/6/61
f 39/6/62 27/6/40 28/6/42
f 39/6/62 28/6/42 40/6/63
f 42/4/64 37/4/58 39/4/65
f 42/4/64 39/4/65 41/4/64
f 41/4/66 39/4/67 40/4/63
f 41/4/66 40/4/63 43/4/68
f 42/4/69 44/4/69 38/4/70
f 42/4/69 38/4/70 37/4/60
f 44/4/72 42/4/73 41/4/73
f 44/4/72 41/4/73 43/4/71
f 13/3/74 10/3/75 45/3/76
f 13/3/74 45/3/76 46/3/76
f 46/3/77 47/3/78 48/3/79
f 46/3/77 48/3/79 13/3/77
f 45/3/80 10/3/80 49/3/81
f 45/3/80 49/3/81 50/3/82
f 45/3/76 50/3/83 47/3/84
f 45/3/76 47/3/84 46/3/76
f 5/1/7 51/1/85 52/1/86
f 5/1/7 52/1/86 6/1/8
f 52/1/87 51/1/88 53/1/89
f 52/1/87 53/1/89 54/1/90
f 52/1/91 54/1/92 55/1/93
f 52/1/91 55/1/93 6/1/11
f 6/1/11 55/1/93 56/1/94
f 6/1/11 56/1/94 7/1/12
f 7/2/12 56/2/94 49/2/96
f 7/2/12 49/2/96 10/2/95
f 16/4/24 13/4/97 48/4/31
f 16/4/24 48/4/31 57/4/98
f 19/5/32 16/5/24 57/5/98
f 19/5/32 57/5/98 58/5/99
f 20/7/30 19/7/29 60/7/29
f 20/7/30 60/7/29 59/7/30
f 60/7/29 61/7/100 62/7/101
f 60/7/29 62/7/101 59/7/30
f 60/7/102 19/7/32 58/7/99
f 60/7/102 58/7/99 61/7/103
f 23/4/36 63/4/104 51/4/105
f 23/4/36 51/4/105 5/4/7
f 51/4/105 63/4/104 64/4/106
f 51/4/105 64/4/106 53/4/89
f 65/4/107 28/4/42 20/4/30
f 65/4/107 20/4/30 59/4/30
f 65/4/107 59/4/30 62/4/101
f 65/4/107 62/4/101 66/4/108
f 67/4/109 63/4/110 23/4/36
f 67/4/109 23/4/36 31/4/48
f 67/4/112 68/4/113 64/4/106
f 67/4/112 64/4/106 63/4/111
f 69/4/114 68/4/115 67/4/116
f 69/4/114 67/4/116 31/4/50
f 70/4/117 69/4/114 31/4/50
f 70/4/117 31/4/50 32/4/49
f 71/4/54 70/4/117 32/4/49
f 71/4/54 32/4/49 34/4/54
f 72/3/118 71/3/54 34/3/54
f 72/3/118 34/3/54 36/3/56
f 73/4/119 72/4/118 36/4/56
f 73/4/119 36/4/56 38/4/120
f 74/4/121 40/4/63 28/4/42
f 74/4/121 28/4/42 65/4/107
f 74/4/121 65/4/107 66/4/108
f 74/4/121 66/4/108 75/4/122
f 44/4/69 76/4/69 73/4/69
f 44/4/69 73/4/69 38/4/70
f 76/4/124 44/4/72 43/4/71
f 76/4/124 43/4/71 77/4/123
f 78/4/125 43/4/68 40/4/63
f 78/4/125 40/4/63 74/4/121
f 78/4/125 74/4/121 75/4/126
f 78/4/125 75/4/126 79/4/127
f 77/4/123 43/4/71 78/4/129
f 77/4/123 78/4/129 79/4/128
f 47/6/84 50/6/130 80/6/131
f 47/6/84 80/6/131 81/6/132
f 80/6/131 50/6/82 82/6/133
f 80/6/131 82/6/133 83/6/134
f 80/6/10 83/6/136 84/6/137
f 80/6/10 84/6/137 81/6/135
f 47/4/139 81/4/132 86/4/79
f 47/4/139 86/4/79 85/4/138
f 86/4/79 87/4/140 88/4/141
f 86/4/79 88/4/141 85/4/138
f 86/4/31 81/4/135 84/4/137
f 86/4/31 84/4/137 87/4/142
f 56/1/94 55/1/93 89/1/143
f 56/1/94 89/1/143 90/1/144
f 89/1/143 55/1/93 91/1/145
f 89/1/143 91/1/145 92/1/146
f 89/1/143 92/1/146 93/1/147
f 89/1/143 93/1/147 90/1/144
f 49/4/148 56/4/94 90/4/144
f 49/4/148 90/4/144 50/4/130
f 90/4/144 93/4/147 82/4/133
f 90/4/144 82/4/133 50/4/130
f 48/8/79 47/8/139 85/8/138
f 48/8/79 85/8/138 57/8/149
f 57/4/150 85/4/138 94/4/151
f 57/4/150 94/4/151 58/4/99
f 94/4/151 95/4/152 96/4/153
f 94/4/151 96/4/153 58/4/99
f 94/4/151 85/4/138 88/4/141
f 94/4/151 88/4/141 95/4/152
f 54/4/154 53/4/89 97/4/155
f 54/4/154 97/4/155 98/4/156
f 54/4/157 98/4/158 91/4/145
f 54/4/157 91/4/145 55/4/93
f 61/7/103 58/7/99 96/7/153
f 61/7/103 96/7/153 99/7/159
f 62/1/101 61/1/100 101/1/161
f 62/1/101 101/1/161 100/1/160
f 101/1/162 61/1/103 99/1/159
f 101/1/162 99/1/159 102/1/163
f 100/1/160 101/1/161 104/1/165
f 100/1/160 104/1/165 103/1/164
f 104/1/165 105/1/166 106/1/167
f 104/1/165 106/1/167 103/1/164
f 104/1/168 101/1/162 102/1/163
f 104/1/168 102/1/163 105/1/169
f 53/4/89 64/4/106 107/4/170
f 53/4/89 107/4/170 97/4/155
f 108/8/171 66/8/108 62/8/101
f 108/8/171 62/8/101 100/8/160
f 109/6/172 108/6/171 100/6/160
f 109/6/172 100/6/160 103/6/164
f 109/6/172 103/6/164 106/6/167
f 109/6/172 106/6/167 110/6/173
f 68/4/174 111/4/175 107/4/170
f 68/4/174 107/4/170 64/4/106
f 112/4/176 111/4/177 68/4/178
f 112/4/176 68/4/178 69/4/179
f 113/8/180 75/8/181 66/8/108
f 113/8/180 66/8/108 108/8/171
f 115/8/183 75/8/184 113/8/185
f 115/8/183 113/8/185 114/8/182
f 116/6/186 113/6/180 108/6/171
f 116/6/186 108/6/171 109/6/187
f 116/6/66 109/6/188 110/6/173
f 116/6/66 110/6/173 117/6/189
f 114/6/182 113/6/185 116/6/191
f 114/6/182 116/6/191 117/6/190
f 119/4/193 69/4/194 70/4/195
f 119/4/193 70/4/195 118/4/192
f 119/4/193 120/4/197 112/4/198
f 119/4/193 112/4/198 69/4/196
f 121/4/199 118/4/192 70/4/195
f 121/4/199 70/4/195 71/4/53
f 122/4/200 121/4/199 71/4/53
f 122/4/200 71/4/53 72/4/201
f 122/8/200 72/8/201 73/8/203
f 122/8/200 73/8/203 76/8/202
f 79/4/204 75/4/205 115/4/206
f 79/4/204 115/4/206 123/4/207
f 124/4/208 77/4/209 79/4/204
f 124/4/208 79/4/204 123/4/127
f 126/5/211 119/5/193 118/5/192
f 126/5/211 118/5/192 125/5/210
f 126/5/211 127/5/212 120/5/197
f 126/5/211 120/5/197 119/5/193
f 128/5/213 127/5/212 126/5/211
f 128/5/213 126/5/211 125/5/214
f 129/4/215 125/4/216 118/4/192
f 129/4/215 118/4/192 121/4/199
f 130/3/217 129/3/215 121/3/199
f 130/3/217 121/3/199 122/3/200
f 131/8/218 130/8/217 122/8/200
f 131/8/218 122/8/200 76/8/202
f 131/4/218 76/4/202 77/4/220
f 131/4/218 77/4/220 132/4/219
f 132/4/219 77/4/221 124/4/222
f 132/4/219 124/4/222 133/4/223
f 135/4/225 125/4/210 129/4/215
f 135/4/225 129/4/215 134/4/224
f 135/4/225 136/4/226 128/4/213
f 135/4/225 128/4/213 125/4/214
f 137/4/227 136/4/226 135/4/225
f 137/4/227 135/4/225 134/4/228
f 138/4/200 134/4/229 129/4/215
f 138/4/200 129/4/215 130/4/217
f 139/8/230 138/8/200 130/8/217
f 139/8/230 130/8/217 131/8/218
f 140/4/231 139/4/230 131/4/218
f 140/4/231 131/4/218 132/4/219
f 140/4/232 132/4/219 133/4/223
f 140/4/232 133/4/223 141/4/233
f 143/4/203 134/4/224 138/4/200
f 143/4/203 138/4/200 142/4/201
f 143/4/235 144/4/236 137/4/227
f 143/4/235 137/4/227 134/4/234
f 145/4/237 144/4/238 143/4/51
f 145/4/237 143/4/51 142/4/239
f 146/4/240 142/4/201 138/4/200
f 146/4/240 138/4/200 139/4/230
f 145/4/237 142/4/239 146/4/242
f 145/4/237 146/4/242 147/4/241
f 148/4/186 146/4/240 139/4/230
f 148/4/186 139/4/230 140/4/231
f 148/4/243 140/4/244 141/4/245
f 148/4/243 141/4/245 149/4/246
f 147/4/248 146/4/242 148/4/249
f 147/4/248 148/4/249 149/4/247
f 82/4/133 93/4/147 150/4/250
f 82/4/133 150/4/250 83/4/251
f 150/4/250 93/4/147 151/4/252
f 150/4/250 151/4/252 152/4/253
f 150/4/250 152/4/253 153/4/255
f 150/4/250 153/4/255 83/4/254
f 84/4/137 83/4/256 153/4/255
f 84/4/137 153/4/255 154/4/257
f 84/4/137 154/4/257 155/4/259
f 84/4/137 155/4/259 87/4/258
f 88/5/141 87/5/260 156/5/261
f 88/5/141 156/5/261 95/5/152
f 156/5/262 157/5/263 158/5/264
f 156/5/262 158/5/264 95/5/152
f 156/5/265 87/5/266 155/5/259
f 156/5/265 155/5/259 157/5/263
f 160/1/268 161/1/268 162/1/268
f 160/1/268 162/1/268 159/1/267
f 162/1/269 163/1/270 164/1/269
f 162/1/269 164/1/269 159/1/269
f 161/1/271 160/1/271 165/1/271
f 161/1/271 165/1/271 166/1/272
f 162/1/273 161/1/273 166/1/274
f 162/1/273 166/1/274 163/1/275
f 164/1/276 165/1/276 160/1/276
f 164/1/276 160/1/276 159/1/276
f 91/4/145 98/4/277 167/4/278
f 91/4/145 167/4/278 92/4/146
f 167/4/278 98/4/158 168/4/279
f 167/4/278 168/4/279 169/4/280
f 167/4/278 169/4/280 170/4/281
f 167/4/278 170/4/281 92/4/146
f 92/9/146 170/9/281 151/9/252
f 92/9/146 151/9/252 93/9/147
f 96/4/153 95/4/152 171/4/282
f 96/4/153 171/4/282 99/4/159
f 171/4/282 172/4/284 173/4/285
f 171/4/282 173/4/285 99/4/283
f 171/4/282 95/4/152 158/4/286
f 171/4/282 158/4/286 172/4/284
f 105/1/166 159/1/267 175/1/26
f 105/1/166 175/1/26 174/1/287
f 175/1/288 176/1/289 177/1/290
f 175/1/288 177/1/290 174/1/288
f 159/1/291 105/1/291 178/1/291
f 159/1/291 178/1/291 164/1/291
f 175/1/292 159/1/292 164/1/292
f 175/1/292 164/1/292 176/1/292
f 179/10/293 180/10/294 181/10/3
f 179/10/293 181/10/3 182/10/4
f 181/10/87 180/10/295 183/10/296
f 181/10/87 183/10/296 184/10/297
f 181/10/299 184/10/300 185/10/301
f 181/10/299 185/10/301 182/10/298
f 186/10/302 179/10/293 182/10/4
f 186/10/302 182/10/4 187/10/303
f 187/10/304 182/10/298 185/10/301
f 187/10/304 185/10/301 188/10/305
f 97/1/306 186/1/302 187/1/303
f 97/1/306 187/1/303 98/1/307
f 187/1/304 188/1/305 168/1/279
f 187/1/304 168/1/279 98/1/308
f 102/1/163 99/1/309 173/1/31
f 102/1/163 173/1/31 189/1/310
f 102/8/163 189/8/310 178/8/311
f 102/8/163 178/8/311 105/8/169
f 106/8/167 105/8/166 174/8/287
f 106/8/167 174/8/287 190/8/312
f 190/4/312 174/4/287 192/4/314
f 190/4/312 192/4/314 191/4/313
f 192/4/315 174/4/316 177/4/317
f 192/4/315 177/4/317 193/4/318
f 194/11/319 191/11/313 192/11/314
f 194/11/319 192/11/314 195/11/14
f 195/11/15 192/11/315 193/11/318
f 195/11/15 193/11/318 196/11/95
f 197/3/320 194/3/319 195/3/14
f 197/3/320 195/3/14 198/3/14
f 198/3/17 195/3/18 196/3/95
f 198/3/17 196/3/95 199/3/97
f 200/4/320 197/4/320 198/4/14
f 200/4/320 198/4/14 201/4/321
f 198/4/23 199/4/97 202/4/323
f 198/4/23 202/4/323 201/4/322
f 203/9/324 200/9/320 201/9/321
f 203/9/324 201/9/321 204/9/21
f 204/9/325 201/9/322 202/9/323
f 204/9/325 202/9/323 205/9/326
f 203/5/324 204/5/21 207/5/26
f 203/5/324 207/5/26 206/5/327
f 207/5/28 208/5/29 209/5/42
f 207/5/28 209/5/42 206/5/328
f 207/5/31 204/5/325 205/5/326
f 207/5/31 205/5/326 208/5/329
f 211/10/331 180/10/294 179/10/293
f 211/10/331 179/10/293 210/10/330
f 211/10/112 212/10/332 183/10/296
f 211/10/112 183/10/296 180/10/295
f 213/10/333 212/10/334 211/10/335
f 213/10/333 211/10/335 210/10/336
f 214/10/337 210/10/330 179/10/293
f 214/10/337 179/10/293 186/10/302
f 107/1/338 214/1/337 186/1/302
f 107/1/338 186/1/302 97/1/306
f 110/6/173 106/6/167 190/6/312
f 110/6/173 190/6/312 215/6/339
f 216/8/340 215/8/339 190/8/312
f 216/8/340 190/8/312 191/8/313
f 218/8/342 215/8/343 216/8/344
f 218/8/342 216/8/344 217/8/341
f 216/4/340 191/4/313 194/4/319
f 216/4/340 194/4/319 219/4/345
f 220/4/120 217/4/341 216/4/344
f 220/4/120 216/4/344 219/4/346
f 221/3/347 219/3/345 194/3/319
f 221/3/347 194/3/319 197/3/320
f 222/12/347 221/12/347 197/12/320
f 222/12/347 197/12/320 200/12/320
f 224/12/349 221/12/350 222/12/350
f 224/12/349 222/12/350 223/12/348
f 225/6/351 222/6/347 200/6/320
f 225/6/351 200/6/320 203/6/324
f 226/4/352 225/4/351 203/4/324
f 226/4/352 203/4/324 206/4/353
f 226/4/352 206/4/354 209/4/42
f 226/4/352 209/4/42 227/4/68
f 228/4/356 225/4/357 226/4/357
f 228/4/356 226/4/357 227/4/355
f 230/4/203 210/4/330 214/4/337
f 230/4/203 214/4/337 229/4/358
f 230/4/69 231/4/70 213/4/333
f 230/4/69 213/4/333 210/4/336
f 232/4/359 231/4/120 230/4/119
f 232/4/359 230/4/119 229/4/360
f 229/1/358 214/1/337 107/1/338
f 229/1/358 107/1/338 111/1/361
f 233/1/360 232/1/359 229/1/360
f 233/1/360 229/1/360 111/1/362
f 235/8/364 115/8/365 114/8/182
f 235/8/364 114/8/182 234/8/363
f 234/6/363 114/6/182 117/6/190
f 234/6/363 117/6/190 236/6/366
f 237/6/367 117/6/189 110/6/173
f 237/6/367 110/6/173 215/6/368
f 237/6/369 215/6/370 218/6/371
f 237/6/369 218/6/371 238/6/372
f 236/6/366 117/6/190 237/6/373
f 236/6/366 237/6/373 238/6/372
f 239/6/374 240/6/374 219/6/345
f 239/6/374 219/6/345 221/6/347
f 239/6/375 221/6/376 224/6/377
f 239/6/375 224/6/377 241/6/378
f 240/6/380 242/6/381 220/6/382
f 240/6/380 220/6/382 219/6/379
f 243/9/374 244/9/374 222/9/347
f 243/9/374 222/9/347 225/9/351
f 228/9/383 223/9/383 245/9/383
f 228/9/383 245/9/383 246/9/383
f 243/9/384 225/9/385 228/9/385
f 243/9/384 228/9/385 246/9/386
f 244/9/388 245/9/389 223/9/387
f 244/9/388 223/9/387 222/9/387
f 247/4/390 111/4/391 112/4/392
f 247/4/390 112/4/392 120/4/197
f 247/4/390 248/4/106 233/4/113
f 247/4/390 233/4/113 111/4/175
f 123/4/393 115/4/394 235/4/246
f 123/4/393 235/4/246 249/4/395
f 250/7/396 251/7/396 240/7/374
f 250/7/396 240/7/374 239/7/374
f 250/7/397 239/7/375 241/7/378
f 250/7/397 241/7/378 252/7/398
f 251/7/399 253/7/400 242/7/381
f 251/7/399 242/7/381 240/7/380
f 253/7/401 251/7/401 250/7/401
f 253/7/401 250/7/401 252/7/401
f 254/9/396 255/9/396 244/9/374
f 254/9/396 244/9/374 243/9/374
f 254/9/402 243/9/384 246/9/386
f 254/9/402 246/9/386 256/9/403
f 255/9/404 257/9/405 245/9/389
f 255/9/404 245/9/389 244/9/388
f 257/9/401 255/9/401 254/9/401
f 257/9/401 254/9/401 256/9/401
f 258/4/406 247/4/390 120/4/197
f 258/4/406 120/4/197 127/4/212
f 247/4/390 258/4/407 259/4/106
f 247/4/390 259/4/106 248/4/106
f 260/4/408 133/4/223 124/4/409
f 260/4/408 124/4/409 123/4/410
f 260/4/408 123/4/411 249/4/412
f 260/4/408 249/4/412 261/4/413
f 263/4/415 258/4/416 127/4/212
f 263/4/415 127/4/212 262/4/414
f 263/4/112 264/4/113 259/4/106
f 263/4/112 259/4/106 258/4/407
f 265/4/417 264/4/418 263/4/419
f 265/4/417 263/4/419 262/4/420
f 262/5/421 127/5/212 128/5/213
f 262/5/421 128/5/213 136/5/226
f 266/5/422 265/5/417 262/5/421
f 266/5/422 262/5/421 136/5/226
f 267/4/423 141/4/245 133/4/223
f 267/4/423 133/4/223 260/4/408
f 267/4/423 260/4/408 261/4/413
f 267/4/423 261/4/413 268/4/424
f 269/4/426 141/4/427 267/4/423
f 269/4/426 267/4/423 268/4/425
f 270/4/429 136/4/226 137/4/227
f 270/4/429 137/4/227 144/4/428
f 270/4/429 271/4/430 266/4/422
f 270/4/429 266/4/422 136/4/226
f 272/4/431 271/4/430 270/4/429
f 272/4/431 270/4/429 144/4/428
f 273/4/432 272/4/431 144/4/238
f 273/4/432 144/4/238 145/4/237
f 274/4/433 273/4/432 145/4/237
f 274/4/433 145/4/237 147/4/434
f 149/5/246 141/5/245 269/5/435
f 149/5/246 269/5/435 275/5/436
f 276/5/437 277/5/437 147/5/438
f 276/5/437 147/5/438 149/5/247
f 276/5/439 149/5/246 275/5/436
f 276/5/439 275/5/436 278/5/440
f 277/5/442 279/5/443 274/5/433
f 277/5/442 274/5/433 147/5/441
f 278/5/444 279/5/445 277/5/446
f 278/5/444 277/5/446 276/5/446
f 166/10/448 280/10/449 281/10/449
f 166/10/448 281/10/449 163/10/447
f 281/10/285 282/10/451 283/10/151
f 281/10/285 283/10/151 163/10/450
f 280/10/80 166/10/452 284/10/453
f 280/10/80 284/10/453 285/10/454
f 281/10/455 280/10/455 285/10/456
f 281/10/455 285/10/456 282/10/457
f 151/9/252 170/9/281 286/9/250
f 151/9/252 286/9/250 152/9/253
f 286/9/250 170/9/281 287/9/145
f 286/9/250 287/9/145 288/9/458
f 286/9/250 288/9/459 289/9/460
f 286/9/250 289/9/460 152/9/253
f 153/7/255 152/7/253 289/7/460
f 153/7/255 289/7/460 290/7/461
f 153/4/255 290/4/462 291/4/463
f 153/4/255 291/4/463 154/4/257
f 155/8/259 154/8/257 291/8/463
f 155/8/259 291/8/463 292/8/464
f 157/5/263 293/5/465 294/5/466
f 157/5/263 294/5/466 158/5/286
f 157/5/263 155/5/259 292/5/467
f 157/5/263 292/5/467 293/5/468
f 165/10/469 172/10/470 295/10/471
f 165/10/469 295/10/471 166/10/472
f 295/10/471 172/10/473 296/10/474
f 295/10/471 296/10/474 297/10/475
f 295/10/471 297/10/477 284/10/453
f 295/10/471 284/10/453 166/10/476
f 164/1/479 163/1/480 298/1/481
f 164/1/479 298/1/481 176/1/478
f 298/1/481 299/1/483 300/1/484
f 298/1/481 300/1/484 176/1/482
f 298/1/481 163/1/485 283/1/151
f 298/1/481 283/1/151 299/1/483
f 302/3/486 303/3/487 304/3/487
f 302/3/486 304/3/487 301/3/486
f 304/3/489 305/3/489 306/3/490
f 304/3/489 306/3/490 301/3/488
f 303/3/5 302/3/5 307/3/491
f 303/3/5 307/3/491 308/3/492
f 304/3/493 303/3/493 308/3/494
f 304/3/493 308/3/494 305/3/495
f 169/4/280 168/4/279 309/4/496
f 169/4/280 309/4/496 310/4/497
f 169/4/280 310/4/498 287/4/145
f 169/4/280 287/4/145 170/4/281
f 158/10/499 294/10/466 296/10/500
f 158/10/499 296/10/500 172/10/284
f 173/1/502 172/1/503 165/1/469
f 173/1/502 165/1/469 189/1/501
f 178/4/504 189/4/501 165/4/469
f 178/4/504 165/4/469 164/4/479
f 176/1/289 300/1/505 311/1/506
f 176/1/289 311/1/506 177/1/290
f 199/3/507 196/3/507 302/3/486
f 199/3/507 302/3/486 301/3/486
f 301/3/488 306/3/488 312/3/28
f 301/3/488 312/3/28 199/3/28
f 302/3/5 196/3/5 313/3/5
f 302/3/5 313/3/5 307/3/491
f 184/10/297 183/10/296 314/10/508
f 184/10/297 314/10/508 315/10/509
f 184/10/300 315/10/510 316/10/511
f 184/10/300 316/10/511 185/10/301
f 188/10/305 185/10/301 316/10/511
f 188/10/305 316/10/511 317/10/512
f 188/1/305 317/1/512 309/1/513
f 188/1/305 309/1/513 168/1/279
f 193/4/318 177/4/317 311/4/514
f 193/4/318 311/4/514 318/4/515
f 193/11/318 318/11/515 313/11/10
f 193/11/318 313/11/10 196/11/95
f 202/4/323 199/4/97 312/4/31
f 202/4/323 312/4/31 319/4/325
f 205/9/326 202/9/323 319/9/325
f 205/9/326 319/9/325 320/9/516
f 208/5/329 205/5/326 320/5/516
f 208/5/329 320/5/516 321/5/517
f 209/13/42 208/13/29 323/13/519
f 209/13/42 323/13/519 322/13/518
f 323/13/519 324/13/520 325/13/521
f 323/13/519 325/13/521 322/13/518
f 323/13/522 208/13/329 321/13/517
f 323/13/522 321/13/517 324/13/523
f 212/10/332 326/10/524 314/10/508
f 212/10/332 314/10/508 183/10/296
f 327/10/525 326/10/526 212/10/527
f 327/10/525 212/10/527 213/10/333
f 329/8/364 218/8/529 217/8/341
f 329/8/364 217/8/341 328/8/528
f 330/4/119 328/4/528 217/4/341
f 330/4/119 217/4/341 220/4/120
f 332/12/531 224/12/349 223/12/348
f 332/12/531 223/12/348 331/12/530
f 333/6/532 331/6/530 223/6/348
f 333/6/532 223/6/348 228/6/356
f 333/4/532 228/4/356 227/4/355
f 333/4/532 227/4/355 334/4/533
f 335/4/68 227/4/68 209/4/42
f 335/4/68 209/4/42 322/4/518
f 335/4/68 322/4/518 325/4/521
f 335/4/68 325/4/521 336/4/68
f 334/4/533 227/4/355 335/4/535
f 334/4/533 335/4/535 336/4/534
f 231/4/70 337/4/536 327/4/537
f 231/4/70 327/4/537 213/4/333
f 338/4/120 337/4/60 231/4/59
f 338/4/120 231/4/59 232/4/359
f 339/1/119 338/1/120 232/1/359
f 339/1/119 232/1/359 233/1/360
f 238/6/372 218/6/371 329/6/538
f 238/6/372 329/6/538 340/6/539
f 341/6/540 236/6/541 238/6/372
f 341/6/540 238/6/372 340/6/539
f 241/6/378 224/6/377 332/6/542
f 241/6/378 332/6/542 342/6/543
f 242/6/381 343/6/544 330/6/112
f 242/6/381 330/6/112 220/6/382
f 248/4/106 344/4/545 339/4/112
f 248/4/106 339/4/112 233/4/113
f 345/8/546 249/8/231 235/8/186
f 345/8/546 235/8/186 234/8/547
f 346/4/548 345/4/546 234/4/547
f 346/4/548 234/4/547 236/4/549
f 346/4/550 236/4/551 341/4/552
f 346/4/550 341/4/552 347/4/553
f 241/7/378 342/7/543 348/7/554
f 241/7/378 348/7/554 252/7/398
f 242/7/381 253/7/400 349/7/555
f 242/7/381 349/7/555 343/7/544
f 256/9/403 246/9/386 350/9/556
f 256/9/403 350/9/556 351/9/557
f 257/9/405 352/9/558 353/9/559
f 257/9/405 353/9/559 245/9/389
f 246/9/560 245/9/560 353/9/560
f 246/9/560 353/9/560 350/9/560
f 248/4/106 259/4/106 354/4/170
f 248/4/106 354/4/170 344/4/545
f 355/10/561 261/10/413 249/10/231
f 355/10/561 249/10/231 345/10/546
f 355/4/561 345/4/546 346/4/563
f 355/4/561 346/4/563 356/4/562
f 346/4/548 347/4/565 357/4/566
f 346/4/548 357/4/566 356/4/564
f 358/7/567 359/7/567 253/7/568
f 358/7/567 253/7/568 252/7/568
f 358/7/569 252/7/398 348/7/554
f 358/7/569 348/7/554 360/7/569
f 359/7/570 361/7/571 349/7/572
f 359/7/570 349/7/572 253/7/400
f 362/9/567 363/9/567 257/9/568
f 362/9/567 257/9/568 256/9/568
f 362/9/573 256/9/403 351/9/557
f 362/9/573 351/9/557 364/9/574
f 363/9/575 365/9/575 352/9/558
f 363/9/575 352/9/558 257/9/405
f 264/4/174 366/4/576 354/4/577
f 264/4/174 354/4/577 259/4/106
f 367/4/578 366/4/579 264/4/580
f 367/4/578 264/4/580 265/4/417
f 368/10/581 268/10/582 261/10/413
f 368/10/581 261/10/413 355/10/561
f 369/4/583 368/4/581 355/4/561
f 369/4/583 355/4/561 356/4/562
f 370/8/584 369/8/585 356/8/586
f 370/8/584 356/8/586 371/8/584
f 370/8/587 371/8/587 372/8/587
f 370/8/587 372/8/587 373/8/588
f 371/8/589 356/8/590 357/8/566
f 371/8/589 357/8/566 372/8/591
f 374/8/593 369/8/594 370/8/595
f 374/8/593 370/8/595 373/8/592
f 375/7/396 376/7/396 359/7/567
f 375/7/396 359/7/567 358/7/567
f 375/7/596 358/7/569 360/7/569
f 375/7/596 360/7/569 377/7/596
f 376/7/597 378/7/598 361/7/571
f 376/7/597 361/7/571 359/7/570
f 377/7/599 378/7/600 376/7/601
f 377/7/599 376/7/601 375/7/601
f 379/9/396 380/9/396 363/9/567
f 379/9/396 363/9/567 362/9/567
f 379/9/602 362/9/573 364/9/574
f 379/9/602 364/9/574 381/9/603
f 380/9/604 382/9/604 365/9/575
f 380/9/604 365/9/575 363/9/575
f 382/9/606 380/9/607 379/9/607
f 382/9/606 379/9/607 381/9/605
f 383/5/608 265/5/417 266/5/422
f 383/5/608 266/5/422 271/5/430
f 383/5/608 384/5/609 367/5/578
f 383/5/608 367/5/578 265/5/417
f 385/5/610 384/5/609 383/5/608
f 385/5/610 383/5/608 271/5/430
f 386/4/429 385/4/610 271/4/430
f 386/4/429 271/4/430 272/4/431
f 387/8/611 275/8/612 269/8/613
f 387/8/611 269/8/613 268/8/614
f 389/8/616 275/8/617 387/8/611
f 389/8/616 387/8/611 388/8/615
f 387/8/611 268/8/619 368/8/581
f 387/8/611 368/8/581 390/8/618
f 391/8/620 388/8/615 387/8/611
f 391/8/620 387/8/611 390/8/621
f 392/4/622 390/4/623 368/4/581
f 392/4/622 368/4/581 369/4/585
f 392/4/624 369/4/625 374/4/593
f 392/4/624 374/4/593 393/4/626
f 395/4/628 272/4/431 273/4/432
f 395/4/628 273/4/432 394/4/627
f 395/4/628 396/4/629 386/4/429
f 395/4/628 386/4/429 272/4/431
f 397/4/630 396/4/629 395/4/628
f 397/4/630 395/4/628 394/4/627
f 394/4/627 273/4/432 274/4/433
f 394/4/627 274/4/433 279/4/631
f 398/4/632 397/4/630 394/4/627
f 398/4/632 394/4/627 279/4/633
f 278/11/440 275/11/634 389/11/635
f 278/11/440 389/11/635 399/11/636
f 398/11/632 279/11/638 278/11/444
f 398/11/632 278/11/444 399/11/637
f 401/8/64 390/8/623 392/8/622
f 401/8/64 392/8/622 400/8/64
f 400/8/602 392/8/624 393/8/626
f 400/8/602 393/8/626 402/8/639
f 401/8/641 403/8/642 391/8/620
f 401/8/641 391/8/620 390/8/640
f 403/8/644 401/8/401 400/8/401
f 403/8/644 400/8/401 402/8/643
f 291/7/463 290/7/645 404/7/646
f 291/7/463 404/7/646 405/7/647
f 404/7/648 290/7/649 406/7/650
f 404/7/648 406/7/650 407/7/651
f 404/7/653 407/7/651 408/7/654
f 404/7/653 408/7/654 405/7/652
f 291/4/463 405/4/656 409/4/657
f 291/4/463 409/4/657 292/4/655
f 409/4/658 410/4/659 411/4/660
f 409/4/658 411/4/660 292/4/465
f 409/4/661 405/4/662 408/4/654
f 409/4/661 408/4/654 410/4/659
f 284/2/453 297/2/477 412/2/663
f 284/2/453 412/2/663 285/2/664
f 412/2/665 297/2/475 413/2/666
f 412/2/665 413/2/666 414/2/667
f 412/2/669 414/2/667 415/2/670
f 412/2/669 415/2/670 285/2/668
f 282/2/457 285/2/456 415/2/670
f 282/2/457 415/2/670 416/2/671
f 283/10/151 282/10/451 417/10/672
f 283/10/151 417/10/672 299/10/483
f 417/10/673 282/10/457 416/10/671
f 417/10/673 416/10/671 418/10/674
f 299/4/483 417/4/149 420/4/79
f 299/4/483 420/4/79 419/4/675
f 420/4/79 421/4/677 422/4/678
f 420/4/79 422/4/678 419/4/676
f 420/4/31 417/4/679 418/4/674
f 420/4/31 418/4/674 421/4/680
f 423/4/681 305/4/682 424/4/683
f 423/4/681 424/4/683 425/4/684
f 424/4/80 305/4/685 426/4/686
f 424/4/80 426/4/686 427/4/687
f 424/4/10 427/4/688 428/4/689
f 424/4/10 428/4/689 425/4/135
f 423/5/681 425/5/684 430/5/691
f 423/5/681 430/5/691 429/5/690
f 430/5/77 431/5/693 432/5/141
f 430/5/77 432/5/141 429/5/692
f 430/5/31 425/5/135 428/5/689
f 430/5/31 428/5/689 431/5/309
f 287/4/145 310/4/498 433/4/694
f 287/4/145 433/4/694 288/4/458
f 433/4/694 310/4/498 434/4/695
f 433/4/694 434/4/695 435/4/696
f 433/4/694 435/4/697 436/4/698
f 433/4/694 436/4/698 288/4/459
f 289/5/460 288/5/699 436/5/698
f 289/5/460 436/5/698 437/5/700
f 289/9/460 437/9/700 406/9/650
f 289/9/460 406/9/650 290/9/701
f 293/2/468 292/2/467 411/2/660
f 293/2/468 411/2/660 438/2/702
f 296/2/703 294/2/703 293/2/703
f 296/2/703 293/2/703 297/2/704
f 293/2/705 438/2/702 413/2/666
f 293/2/705 413/2/666 297/2/475
f 300/4/707 299/4/483 419/4/708
f 300/4/707 419/4/708 439/4/706
f 439/3/706 419/3/710 308/3/492
f 439/3/706 308/3/492 307/3/709
f 308/3/494 419/3/711 422/3/678
f 308/3/494 422/3/678 440/3/712
f 308/8/494 440/8/712 426/8/686
f 308/8/494 426/8/686 305/8/713
f 306/12/715 305/12/716 423/12/681
f 306/12/715 423/12/681 441/12/714
f 442/6/717 441/6/714 423/6/681
f 442/6/717 423/6/681 429/6/718
f 442/4/717 429/4/720 444/4/721
f 442/4/717 444/4/721 443/4/719
f 444/4/722 445/4/723 446/4/724
f 444/4/722 446/4/724 443/4/719
f 444/4/725 429/4/726 432/4/141
f 444/4/725 432/4/141 445/4/727
f 316/2/511 315/2/510 447/2/728
f 316/2/511 447/2/728 448/2/729
f 447/2/87 315/2/509 449/2/730
f 447/2/87 449/2/730 450/2/731
f 447/2/728 450/2/728 451/2/729
f 447/2/728 451/2/729 448/2/729
f 317/2/512 316/2/511 448/2/729
f 317/2/512 448/2/729 452/2/732
f 452/2/732 448/2/729 451/2/729
f 452/2/732 451/2/729 453/2/733
f 309/10/734 317/10/512 452/10/732
f 309/10/734 452/10/732 310/10/735
f 452/10/732 453/10/733 434/10/695
f 452/10/732 434/10/695 310/10/498
f 311/4/26 300/4/737 439/4/706
f 311/4/26 439/4/706 318/4/736
f 313/4/3 318/4/736 439/4/706
f 313/4/3 439/4/706 307/4/738
f 312/12/26 306/12/739 441/12/714
f 312/12/26 441/12/714 319/12/21
f 320/6/740 319/6/21 441/6/714
f 320/6/740 441/6/714 442/6/717
f 320/4/740 442/4/717 443/4/719
f 320/4/740 443/4/719 321/4/100
f 443/4/719 446/4/488 454/4/28
f 443/4/719 454/4/28 321/4/100
f 455/1/741 324/1/742 456/1/743
f 455/1/741 456/1/743 457/1/743
f 457/1/489 458/1/745 459/1/746
f 457/1/489 459/1/746 455/1/744
f 456/1/747 324/1/747 460/1/747
f 456/1/747 460/1/747 461/1/747
f 457/1/748 456/1/748 461/1/749
f 457/1/748 461/1/749 458/1/750
f 314/4/508 462/4/751 449/4/730
f 314/4/508 449/4/730 315/4/509
f 321/13/517 454/13/752 460/13/752
f 321/13/517 460/13/752 324/13/523
f 325/8/521 324/8/754 455/8/755
f 325/8/521 455/8/755 463/8/753
f 463/8/753 455/8/755 459/8/746
f 463/8/753 459/8/746 464/8/756
f 314/2/508 326/2/757 465/2/758
f 314/2/508 465/2/758 462/2/751
f 467/4/760 334/4/533 336/4/534
f 467/4/760 336/4/534 466/4/759
f 468/6/761 336/6/762 325/6/521
f 468/6/761 325/6/521 463/6/753
f 468/6/763 463/6/753 464/6/756
f 468/6/763 464/6/756 469/6/764
f 466/6/766 336/6/767 468/6/768
f 466/6/766 468/6/768 469/6/765
f 470/4/770 326/4/771 327/4/772
f 470/4/770 327/4/772 337/4/769
f 470/4/773 471/4/774 465/4/758
f 470/4/773 465/4/758 326/4/757
f 472/4/775 340/4/776 329/4/777
f 472/4/775 329/4/777 328/4/778
f 472/3/775 328/3/778 330/3/44
f 472/3/775 330/3/44 343/3/779
f 353/12/780 342/12/781 332/12/782
f 353/12/780 332/12/782 331/12/783
f 350/6/784 353/6/780 331/6/783
f 350/6/784 331/6/783 333/6/785
f 473/4/786 350/4/784 333/4/785
f 473/4/786 333/4/785 334/4/787
f 473/4/786 334/4/787 467/4/66
f 473/4/786 467/4/66 474/4/188
f 476/2/789 470/2/790 337/2/791
f 476/2/789 337/2/791 475/2/788
f 476/2/399 477/2/793 471/2/774
f 476/2/399 471/2/774 470/2/792
f 478/2/794 477/2/795 476/2/789
f 478/2/794 476/2/789 475/2/796
f 475/2/788 337/2/791 338/2/798
f 475/2/788 338/2/798 479/2/797
f 479/4/797 338/4/798 339/4/44
f 479/4/797 339/4/44 344/4/799
f 480/8/800 347/8/565 341/8/352
f 480/8/800 341/8/352 340/8/776
f 480/8/800 340/8/776 472/8/775
f 480/8/800 472/8/775 481/8/801
f 349/4/802 481/4/801 472/4/775
f 349/4/802 472/4/775 343/4/779
f 352/12/803 348/12/803 342/12/781
f 352/12/803 342/12/781 353/12/780
f 351/4/557 350/4/805 473/4/786
f 351/4/557 473/4/786 482/4/804
f 482/4/804 473/4/786 474/4/172
f 482/4/804 474/4/172 483/4/806
f 485/4/225 475/4/808 479/4/797
f 485/4/225 479/4/797 484/4/807
f 485/4/225 486/4/809 478/4/794
f 485/4/225 478/4/794 475/4/788
f 487/4/810 486/4/809 485/4/225
f 487/4/810 485/4/225 484/4/811
f 354/4/812 484/4/813 479/4/797
f 354/4/812 479/4/797 344/4/799
f 357/8/566 347/8/815 480/8/800
f 357/8/566 480/8/800 372/8/814
f 488/4/816 372/4/817 480/4/800
f 488/4/816 480/4/800 481/4/801
f 361/4/571 488/4/816 481/4/801
f 361/4/571 481/4/801 349/4/802
f 365/9/818 360/9/818 348/9/803
f 365/9/818 348/9/803 352/9/803
f 489/4/756 364/4/574 351/4/557
f 489/4/756 351/4/557 482/4/804
f 489/4/756 482/4/804 483/4/806
f 489/4/756 483/4/806 490/4/819
f 491/4/821 484/4/807 354/4/822
f 491/4/821 354/4/822 366/4/820
f 491/4/821 492/4/823 487/4/810
f 491/4/821 487/4/810 484/4/807
f 493/4/824 492/4/823 491/4/821
f 493/4/824 491/4/821 366/4/576
f 373/4/826 372/4/817 488/4/816
f 373/4/826 488/4/816 494/4/825
f 494/9/828 488/9/816 361/9/571
f 494/9/828 361/9/571 378/9/827
f 495/9/829 496/9/829 494/9/601
f 495/9/829 494/9/601 378/9/600
f 382/9/830 377/9/831 360/9/818
f 382/9/830 360/9/818 365/9/818
f 497/4/832 381/4/833 364/4/574
f 497/4/832 364/4/574 489/4/756
f 497/4/832 489/4/756 490/4/819
f 497/4/832 490/4/819 498/4/834
f 499/4/835 381/4/836 497/4/832
f 499/4/835 497/4/832 498/4/834
f 500/4/837 366/4/576 367/4/578
f 500/4/837 367/4/578 384/4/609
f 500/4/837 501/4/838 493/4/824
f 500/4/837 493/4/824 366/4/576
f 502/4/839 501/4/838 500/4/837
f 502/4/839 500/4/837 384/4/609
f 503/5/840 502/5/839 384/5/609
f 503/5/840 384/5/609 385/5/610
f 504/8/841 393/8/626 374/8/593
f 504/8/841 374/8/593 373/8/842
f 505/4/843 504/4/841 373/4/842
f 505/4/843 373/4/842 494/4/825
f 505/4/843 494/4/844 496/4/845
f 505/4/843 496/4/845 506/4/846
f 507/4/848 504/4/841 505/4/843
f 507/4/848 505/4/843 506/4/847
f 509/9/850 378/9/851 377/9/852
f 509/9/850 377/9/852 508/9/849
f 509/9/850 510/9/853 495/9/235
f 509/9/850 495/9/235 378/9/827
f 511/9/854 510/9/855 509/9/850
f 511/9/854 509/9/850 508/9/849
f 512/9/856 508/9/849 377/9/852
f 512/9/856 377/9/852 382/9/857
f 513/9/858 511/9/854 508/9/849
f 513/9/858 508/9/849 512/9/856
f 514/5/859 512/5/856 382/5/857
f 514/5/859 382/5/857 381/5/860
f 514/5/859 381/5/833 499/5/835
f 514/5/859 499/5/835 515/5/861
f 513/5/858 512/5/856 514/5/859
f 513/5/858 514/5/859 515/5/861
f 516/4/862 385/4/610 386/4/429
f 516/4/862 386/4/429 396/4/629
f 516/4/862 517/4/863 503/4/840
f 516/4/862 503/4/840 385/4/610
f 518/4/864 517/4/863 516/4/862
f 518/4/864 516/4/862 396/4/629
f 519/4/865 399/4/866 389/4/867
f 519/4/865 389/4/867 388/4/615
f 521/4/869 399/4/637 519/4/865
f 521/4/869 519/4/865 520/4/868
f 519/4/865 388/4/615 391/4/620
f 519/4/865 391/4/620 403/4/870
f 522/4/422 520/4/871 519/4/865
f 522/4/422 519/4/865 403/4/870
f 523/6/872 402/6/873 393/6/626
f 523/6/872 393/6/626 504/6/841
f 523/6/872 504/6/841 507/6/848
f 523/6/872 507/6/848 524/6/874
f 525/6/875 402/6/876 523/6/872
f 525/6/875 523/6/872 524/6/874
f 527/4/878 396/4/879 397/4/630
f 527/4/878 397/4/630 526/4/877
f 527/4/881 528/4/882 518/4/864
f 527/4/881 518/4/864 396/4/880
f 529/4/883 528/4/882 527/4/884
f 529/4/883 527/4/884 526/4/877
f 530/4/885 526/4/877 397/4/630
f 530/4/885 397/4/630 398/4/632
f 531/4/886 529/4/883 526/4/877
f 531/4/886 526/4/877 530/4/885
f 532/11/887 530/11/885 398/11/632
f 532/11/887 398/11/632 399/11/866
f 532/11/888 399/11/889 521/11/890
f 532/11/888 521/11/890 533/11/891
f 531/11/886 530/11/885 532/11/892
f 531/11/886 532/11/892 533/11/891
f 534/4/893 535/4/893 403/4/644
f 534/4/893 403/4/644 402/4/894
f 534/4/895 402/4/639 525/4/875
f 534/4/895 525/4/875 536/4/896
f 535/4/897 537/4/898 522/4/422
f 535/4/897 522/4/422 403/4/642
f 537/4/900 535/4/901 534/4/901
f 537/4/900 534/4/901 536/4/899
f 407/9/651 406/9/650 538/9/902
f 407/9/651 538/9/902 539/9/650
f 408/9/654 407/9/651 539/9/650
f 408/9/654 539/9/650 540/9/903
f 411/4/660 410/4/659 541/4/904
f 411/4/660 541/4/904 542/4/905
f 410/4/659 408/4/654 540/4/903
f 410/4/659 540/4/903 541/4/904
f 414/4/667 413/4/666 543/4/906
f 414/4/667 543/4/906 544/4/907
f 415/4/670 414/4/667 544/4/907
f 415/4/670 544/4/907 545/4/908
f 415/4/670 545/4/909 546/4/910
f 415/4/670 546/4/910 416/4/671
f 418/4/674 416/4/671 546/4/910
f 418/4/674 546/4/910 547/4/911
f 421/11/680 418/11/674 547/11/911
f 421/11/680 547/11/911 548/11/912
f 422/8/678 421/8/913 549/8/914
f 422/8/678 549/8/914 440/8/712
f 549/8/914 421/8/680 548/8/912
f 549/8/914 548/8/912 550/8/915
f 426/6/686 440/6/712 549/6/914
f 426/6/686 549/6/914 427/6/916
f 549/6/914 550/6/915 551/6/917
f 549/6/914 551/6/917 427/6/916
f 427/8/916 551/8/917 552/8/914
f 427/8/916 552/8/914 428/8/689
f 431/4/309 428/4/689 552/4/914
f 431/4/309 552/4/914 553/4/918
f 432/13/141 431/13/919 554/13/153
f 432/13/141 554/13/153 445/13/727
f 554/13/153 555/13/921 556/13/922
f 554/13/153 556/13/922 445/13/920
f 554/13/153 431/13/919 553/13/923
f 554/13/153 553/13/923 555/13/921
f 451/4/729 450/4/728 557/4/924
f 451/4/729 557/4/924 558/4/925
f 557/4/926 450/4/731 559/4/927
f 557/4/926 559/4/927 560/4/928
f 557/4/299 560/4/930 561/4/931
f 557/4/299 561/4/931 558/4/929
f 453/4/733 451/4/729 558/4/932
f 453/4/733 558/4/932 562/4/910
f 562/4/910 558/4/932 561/4/931
f 562/4/910 561/4/931 563/4/933
f 434/2/695 453/2/733 562/2/910
f 434/2/695 562/2/910 435/2/934
f 562/2/910 563/2/933 564/2/936
f 562/2/910 564/2/936 435/2/935
f 436/4/698 435/4/937 564/4/936
f 436/4/698 564/4/936 565/4/938
f 437/14/700 436/14/698 565/14/938
f 437/14/700 565/14/938 566/14/939
f 406/5/650 437/5/700 566/5/939
f 406/5/650 566/5/939 538/5/902
f 438/4/702 411/4/660 542/4/905
f 438/4/702 542/4/905 567/4/940
f 413/4/666 438/4/702 567/4/940
f 413/4/666 567/4/940 543/4/906
f 446/15/942 445/15/943 568/15/944
f 446/15/942 568/15/944 461/15/941
f 568/15/945 445/15/946 556/15/922
f 568/15/945 556/15/922 569/15/947
f 461/1/941 568/1/945 570/1/949
f 461/1/941 570/1/949 458/1/948
f 570/1/949 571/1/951 572/1/952
f 570/1/949 572/1/952 458/1/950
f 570/1/949 568/1/953 569/1/947
f 570/1/949 569/1/947 571/1/951
f 449/4/730 573/4/954 559/4/927
f 449/4/730 559/4/927 450/4/731
f 460/4/955 454/4/955 446/4/956
f 460/4/955 446/4/956 461/4/957
f 459/2/746 458/2/950 575/2/958
f 459/2/746 575/2/958 574/2/746
f 575/2/958 576/2/959 577/2/746
f 575/2/958 577/2/746 574/2/746
f 575/2/958 458/2/960 572/2/952
f 575/2/958 572/2/952 576/2/959
f 449/4/730 462/4/751 578/4/961
f 449/4/730 578/4/961 573/4/954
f 579/3/756 464/3/756 459/3/746
f 579/3/756 459/3/746 574/3/746
f 579/3/756 574/3/746 577/3/746
f 579/3/756 577/3/746 580/3/756
f 462/4/751 465/4/758 581/4/961
f 462/4/751 581/4/961 578/4/961
f 582/8/832 469/8/962 464/8/756
f 582/8/832 464/8/756 579/8/756
f 582/8/832 579/8/756 580/8/756
f 582/8/832 580/8/756 583/8/963
f 584/8/832 469/8/962 582/8/832
f 584/8/832 582/8/832 583/8/963
f 465/4/758 471/4/774 585/4/964
f 465/4/758 585/4/964 581/4/961
f 586/6/965 474/6/187 467/6/186
f 586/6/965 467/6/186 466/6/966
f 587/6/967 586/6/965 466/6/968
f 587/6/967 466/6/968 469/6/962
f 587/6/967 469/6/764 584/6/832
f 587/6/967 584/6/832 588/6/756
f 471/4/774 477/4/969 589/4/970
f 471/4/774 589/4/970 585/4/964
f 590/6/971 483/6/806 474/6/172
f 590/6/971 474/6/172 586/6/965
f 591/6/972 590/6/971 586/6/965
f 591/6/972 586/6/965 587/6/967
f 591/6/972 587/6/967 588/6/756
f 591/6/972 588/6/756 592/6/756
f 593/4/973 477/4/974 478/4/794
f 593/4/973 478/4/794 486/4/809
f 593/4/976 594/4/977 589/4/970
f 593/4/976 589/4/970 477/4/975
f 595/4/978 594/4/977 593/4/979
f 595/4/978 593/4/979 486/4/809
f 490/4/819 483/4/806 590/4/971
f 490/4/819 590/4/971 596/4/980
f 597/6/981 596/6/980 590/6/971
f 597/6/981 590/6/971 591/6/972
f 597/6/982 591/6/972 592/6/756
f 597/6/982 592/6/756 598/6/983
f 599/6/848 596/6/984 597/6/985
f 599/6/848 597/6/985 598/6/983
f 600/4/986 486/4/809 487/4/810
f 600/4/986 487/4/810 492/4/823
f 600/4/986 601/4/987 595/4/978
f 600/4/986 595/4/978 486/4/809
f 602/4/988 601/4/987 600/4/986
f 602/4/988 600/4/986 492/4/823
f 603/4/872 498/4/834 490/4/819
f 603/4/872 490/4/819 596/4/989
f 603/4/872 596/4/989 599/4/848
f 603/4/872 599/4/848 604/4/990
f 605/4/835 498/4/834 603/4/872
f 605/4/835 603/4/872 604/4/990
f 606/2/992 492/2/823 493/2/824
f 606/2/992 493/2/824 501/2/991
f 606/2/993 607/2/994 602/2/988
f 606/2/993 602/2/988 492/2/823
f 608/2/839 607/2/994 606/2/995
f 608/2/839 606/2/995 501/2/996
f 608/4/839 501/4/838 502/4/839
f 608/4/839 502/4/839 609/4/997
f 610/5/998 609/5/997 502/5/839
f 610/5/998 502/5/839 503/5/840
f 506/9/1000 496/9/829 495/9/829
f 506/9/1000 495/9/829 510/9/999
f 611/9/1001 612/9/1001 506/9/1000
f 611/9/1001 506/9/1000 510/9/999
f 613/13/835 515/13/861 499/13/835
f 613/13/835 499/13/835 498/13/834
f 613/13/835 498/13/834 605/13/835
f 613/13/835 605/13/835 614/13/1002
f 615/13/835 515/13/861 613/13/835
f 615/13/835 613/13/835 614/13/1002
f 517/4/863 616/4/1003 610/4/998
f 517/4/863 610/4/998 503/4/840
f 617/4/1004 616/4/1003 517/4/863
f 617/4/1004 517/4/863 518/4/864
f 618/4/1005 619/4/1005 521/4/1006
f 618/4/1005 521/4/1006 520/4/1007
f 620/9/835 524/9/874 507/9/848
f 620/9/835 507/9/848 506/9/847
f 620/9/835 506/9/846 612/9/1008
f 620/9/835 612/9/1008 621/9/1009
f 622/9/835 524/9/874 620/9/835
f 622/9/835 620/9/835 621/9/1010
f 624/9/1011 510/9/855 511/9/854
f 624/9/1011 511/9/854 623/9/854
f 624/9/1011 625/9/1012 611/9/235
f 624/9/1011 611/9/235 510/9/853
f 626/9/854 625/9/1013 624/9/1011
f 626/9/854 624/9/1011 623/9/854
f 627/7/858 623/7/854 511/7/854
f 627/7/858 511/7/854 513/7/858
f 628/7/858 626/7/854 623/7/854
f 628/7/858 623/7/854 627/7/858
f 629/4/1014 627/4/858 513/4/858
f 629/4/1014 513/4/858 515/4/861
f 629/4/1014 515/4/861 615/4/835
f 629/4/1014 615/4/835 630/4/1015
f 628/4/858 627/4/858 629/4/1014
f 628/4/858 629/4/1014 630/4/1015
f 518/4/864 528/4/882 631/4/1016
f 518/4/864 631/4/1016 617/4/1004
f 632/4/1017 631/4/1016 528/4/882
f 632/4/1017 528/4/882 529/4/883
f 633/4/1018 632/4/1017 529/4/883
f 633/4/1018 529/4/883 531/4/886
f 533/5/891 521/5/890 619/5/1019
f 533/5/891 619/5/1019 634/5/1020
f 634/5/1020 633/5/1018 531/5/886
f 634/5/1020 531/5/886 533/5/891
f 635/3/1022 520/3/1023 522/3/422
f 635/3/1022 522/3/422 537/3/1021
f 635/3/1022 636/3/1025 618/3/1026
f 635/3/1022 618/3/1026 520/3/1024
f 637/3/1027 636/3/1025 635/3/1022
f 637/3/1027 635/3/1022 537/3/1028
f 638/8/1029 637/8/1030 537/8/1031
f 638/8/1029 537/8/1031 536/8/1032
f 639/4/1033 536/4/1034 525/4/875
f 639/4/1033 525/4/875 524/4/874
f 639/4/1033 524/4/874 622/4/835
f 639/4/1033 622/4/835 640/4/1035
f 638/4/1029 536/4/1036 639/4/1033
f 638/4/1029 639/4/1033 640/4/1035
f 546/4/910 545/4/1037 641/4/646
f 546/4/910 641/4/646 642/4/1038
f 641/4/648 545/4/1039 643/4/1040
f 641/4/648 643/4/1040 644/4/1041
f 641/4/653 644/4/1041 645/4/1042
f 641/4/653 645/4/1042 642/4/1038
f 547/4/911 546/4/910 642/4/1038
f 547/4/911 642/4/1038 646/4/1043
f 646/4/1043 642/4/1038 645/4/1042
f 646/4/1043 645/4/1042 647/4/1044
f 547/3/911 646/3/1043 648/3/657
f 547/3/911 648/3/657 548/3/1045
f 648/3/658 649/3/1047 650/3/1047
f 648/3/658 650/3/1047 548/3/1046
f 648/3/661 646/3/1043 647/3/1044
f 648/3/661 647/3/1044 649/3/1047
f 552/6/914 551/6/1048 651/6/646
f 552/6/914 651/6/646 652/6/647
f 651/6/648 551/6/1049 653/6/1041
f 651/6/648 653/6/1041 654/6/1041
f 651/6/653 654/6/1041 655/6/1050
f 651/6/653 655/6/1050 652/6/652
f 552/4/914 652/4/656 656/4/657
f 552/4/914 656/4/657 553/4/1051
f 656/4/658 657/4/1047 658/4/1053
f 656/4/658 658/4/1053 553/4/1052
f 656/4/661 652/4/662 655/4/1050
f 656/4/661 655/4/1050 657/4/1047
f 539/5/650 538/5/902 659/5/1054
f 539/5/650 659/5/1054 660/5/1055
f 539/5/650 660/5/1056 661/5/1057
f 539/5/650 661/5/1057 540/5/903
f 541/4/904 662/4/1058 663/4/1059
f 541/4/904 663/4/1059 542/4/905
f 541/4/904 540/4/903 661/4/1057
f 541/4/904 661/4/1057 662/4/1060
f 544/13/907 543/13/906 664/13/1061
f 544/13/907 664/13/1061 665/13/1062
f 544/13/907 665/13/1062 643/13/1040
f 544/13/907 643/13/1040 545/13/908
f 550/8/915 548/8/1063 650/8/1047
f 550/8/915 650/8/1047 666/8/1050
f 550/16/915 666/16/1050 653/16/1041
f 550/16/915 653/16/1041 551/16/1064
f 555/15/921 553/15/1065 658/15/1053
f 555/15/921 658/15/1053 667/15/1066
f 556/1/922 555/1/921 668/1/1067
f 556/1/922 668/1/1067 569/1/947
f 668/1/1067 669/1/1068 670/1/1069
f 668/1/1067 670/1/1069 569/1/947
f 668/1/1067 555/1/921 667/1/1066
f 668/1/1067 667/1/1066 669/1/1068
f 560/3/928 559/3/927 671/3/1070
f 560/3/928 671/3/1070 672/3/1071
f 561/3/931 560/3/930 672/3/1072
f 561/3/931 672/3/1072 673/3/1073
f 563/3/933 561/3/931 673/3/1073
f 563/3/933 673/3/1073 674/3/560
f 564/4/936 563/4/933 674/4/560
f 564/4/936 674/4/560 675/4/560
f 565/5/938 564/5/936 675/5/560
f 565/5/938 675/5/560 676/5/1074
f 566/14/939 565/14/938 676/14/1074
f 566/14/939 676/14/1074 677/14/1075
f 566/14/939 677/14/1076 659/14/1054
f 566/14/939 659/14/1054 538/14/902
f 567/13/940 542/13/905 663/13/1059
f 567/13/940 663/13/1059 678/13/1077
f 543/15/906 567/15/940 678/15/1078
f 543/15/906 678/15/1078 664/15/1079
f 571/10/951 569/10/947 670/10/1069
f 571/10/951 670/10/1069 679/10/1080
f 572/2/952 571/2/951 680/2/1081
f 572/2/952 680/2/1081 576/2/959
f 680/2/1081 681/2/1082 682/2/1083
f 680/2/1081 682/2/1083 576/2/959
f 680/2/1081 571/2/951 679/2/1080
f 680/2/1081 679/2/1080 681/2/1082
f 559/4/927 573/4/954 683/4/961
f 559/4/927 683/4/961 671/4/1070
f 577/2/746 576/2/1085 685/2/1086
f 577/2/746 685/2/1086 684/2/1084
f 685/2/1087 686/2/1088 687/2/1089
f 685/2/1087 687/2/1089 684/2/1084
f 685/2/1090 576/2/1091 682/2/1083
f 685/2/1090 682/2/1083 686/2/1088
f 573/4/954 578/4/961 688/4/961
f 573/4/954 688/4/961 683/4/961
f 689/3/1092 580/3/756 577/3/746
f 689/3/1092 577/3/746 684/3/1084
f 689/3/1092 684/3/1084 687/3/1089
f 689/3/1092 687/3/1089 690/3/1093
f 578/3/961 581/3/961 691/3/961
f 578/3/961 691/3/961 688/3/961
f 692/8/1094 583/8/963 580/8/756
f 692/8/1094 580/8/756 689/8/1092
f 692/8/1095 689/8/1092 690/8/1093
f 692/8/1095 690/8/1093 693/8/1096
f 694/8/1098 583/8/963 692/8/1099
f 694/8/1098 692/8/1099 693/8/1097
f 581/4/961 585/4/964 695/4/961
f 581/4/961 695/4/961 691/4/961
f 696/8/574 588/8/756 584/8/832
f 696/8/574 584/8/832 583/8/963
f 696/8/574 583/8/963 694/8/1098
f 696/8/574 694/8/1098 697/8/1100
f 585/3/964 589/3/970 698/3/1101
f 585/3/964 698/3/1101 695/3/961
f 699/8/1102 592/8/756 588/8/756
f 699/8/1102 588/8/756 696/8/574
f 699/8/1102 696/8/574 697/8/1100
f 699/8/1102 697/8/1100 700/8/1103
f 594/4/977 701/4/1104 698/4/1101
f 594/4/977 698/4/1101 589/4/970
f 702/4/1105 701/4/1106 594/4/977
f 702/4/1105 594/4/977 595/4/978
f 703/8/1107 598/8/983 592/8/756
f 703/8/1107 592/8/756 699/8/1102
f 703/8/1107 699/8/1102 700/8/1103
f 703/8/1107 700/8/1103 704/8/1108
f 705/8/1109 598/8/983 703/8/1107
f 705/8/1109 703/8/1107 704/8/1108
f 601/4/987 706/4/1110 702/4/1105
f 601/4/987 702/4/1105 595/4/978
f 707/4/862 706/4/1110 601/4/987
f 707/4/862 601/4/987 602/4/988
f 708/6/835 604/6/990 599/6/848
f 708/6/835 599/6/848 598/6/983
f 708/6/835 598/6/983 705/6/1109
f 708/6/835 705/6/1109 709/6/1111
f 710/6/875 604/6/990 708/6/835
f 710/6/875 708/6/835 709/6/1111
f 607/4/994 711/4/1112 707/4/862
f 607/4/994 707/4/862 602/4/988
f 712/4/1113 711/4/1112 607/4/994
f 712/4/1113 607/4/994 608/4/839
f 713/4/1114 712/4/1113 608/4/839
f 713/4/1114 608/4/839 609/4/997
f 714/4/1115 614/4/1002 605/4/835
f 714/4/1115 605/4/835 604/4/990
f 714/4/1115 604/4/990 710/4/875
f 714/4/1115 710/4/875 715/4/1116
f 716/4/1117 614/4/1002 714/4/1115
f 716/4/1117 714/4/1115 715/4/1116
f 717/5/608 609/5/997 610/5/998
f 717/5/608 610/5/998 616/5/1003
f 717/5/608 718/5/1113 713/5/1114
f 717/5/608 713/5/1114 609/5/997
f 719/5/1112 718/5/1113 717/5/608
f 719/5/1112 717/5/608 616/5/1003
f 720/4/1118 719/4/1112 616/4/1003
f 720/4/1118 616/4/1003 617/4/1004
f 721/4/1119 722/4/1119 619/4/1005
f 721/4/1119 619/4/1005 618/4/1005
f 621/9/1121 612/9/1001 611/9/1001
f 621/9/1121 611/9/1001 625/9/1120
f 723/9/1122 724/9/1122 621/9/1123
f 723/9/1122 621/9/1123 625/9/1124
f 725/4/1125 630/4/1015 615/4/835
f 725/4/1125 615/4/835 614/4/1002
f 725/4/1125 614/4/1002 716/4/1117
f 725/4/1125 716/4/1117 726/4/1126
f 727/4/1126 630/4/1015 725/4/1125
f 727/4/1126 725/4/1125 726/4/1126
f 631/4/1016 728/4/1127 720/4/1118
f 631/4/1016 720/4/1118 617/4/1004
f 729/4/1128 728/4/1129 631/4/1016
f 729/4/1128 631/4/1016 632/4/1017
f 730/4/1130 729/4/1128 632/4/1017
f 730/4/1130 632/4/1017 633/4/1018
f 634/5/1020 619/5/1019 722/5/1131
f 634/5/1020 722/5/1131 731/5/1132
f 730/5/1130 633/5/1018 634/5/1020
f 730/5/1130 634/5/1020 731/5/1133
f 636/3/1025 732/3/1134 721/3/1026
f 636/3/1025 721/3/1026 618/3/1026
f 733/3/1135 732/3/1136 636/3/1025
f 733/3/1135 636/3/1025 637/3/1137
f 734/9/1125 640/9/1035 622/9/835
f 734/9/1125 622/9/835 621/9/1138
f 734/9/1125 621/9/1009 724/9/1131
f 734/9/1125 724/9/1131 735/9/1126
f 736/9/1126 640/9/1035 734/9/1125
f 736/9/1126 734/9/1125 735/9/1126
f 738/7/878 625/7/1139 626/7/854
f 738/7/878 626/7/854 737/7/877
f 738/7/881 739/7/1141 723/7/1142
f 738/7/881 723/7/1142 625/7/1140
f 740/7/1143 739/7/1141 738/7/884
f 740/7/1143 738/7/884 737/7/877
f 741/7/885 737/7/877 626/7/854
f 741/7/885 626/7/854 628/7/858
f 742/7/1144 740/7/1143 737/7/877
f 742/7/1144 737/7/877 741/7/885
f 743/4/887 741/4/885 628/4/858
f 743/4/887 628/4/858 630/4/1145
f 743/4/888 630/4/1146 727/4/1126
f 743/4/888 727/4/1126 744/4/1147
f 742/4/1144 741/4/885 743/4/892
f 742/4/1144 743/4/892 744/4/1147
f 746/4/1149 637/4/1150 638/4/1029
f 746/4/1149 638/4/1029 745/4/1148
f 746/4/1151 747/4/1152 733/4/1135
f 746/4/1151 733/4/1135 637/4/1134
f 748/4/1153 747/4/1152 746/4/1154
f 748/4/1153 746/4/1154 745/4/1155
f 749/4/887 745/4/1156 638/4/1029
f 749/4/887 638/4/1029 640/4/1157
f 749/4/888 640/4/1158 736/4/1126
f 749/4/888 736/4/1126 750/4/1147
f 748/4/1153 745/4/1159 749/4/892
f 748/4/1153 749/4/892 750/4/1147
f 644/17/1041 643/17/1040 751/17/1160
f 644/17/1041 751/17/1160 752/17/1161
f 644/17/1041 752/17/1056 753/17/1074
f 644/17/1041 753/17/1074 645/17/1042
f 647/4/1044 645/4/1042 753/4/1074
f 647/4/1044 753/4/1074 754/4/1162
f 649/3/1047 755/3/1046 756/3/658
f 649/3/1047 756/3/658 650/3/1047
f 649/3/1047 647/3/1044 754/3/1162
f 649/3/1047 754/3/1162 755/3/1163
f 654/6/1041 653/6/1041 757/6/648
f 654/6/1041 757/6/648 758/6/1049
f 654/6/1041 758/6/1164 759/6/1057
f 654/6/1041 759/6/1057 655/6/1050
f 657/8/1047 760/8/1058 761/8/1059
f 657/8/1047 761/8/1059 658/8/1053
f 657/8/1047 655/8/1050 759/8/1057
f 657/8/1047 759/8/1057 760/8/1060
f 659/4/1054 677/4/1054 762/4/1054
f 659/4/1054 762/4/1054 660/4/1054
f 762/4/1054 677/4/1055 763/4/650
f 762/4/1054 763/4/650 764/4/902
f 762/4/1054 764/4/902 765/4/939
f 762/4/1054 765/4/939 660/4/1076
f 661/4/1057 660/4/1075 765/4/939
f 661/4/1057 765/4/939 766/4/1165
f 661/10/1057 766/10/1165 767/10/1167
f 661/10/1057 767/10/1167 662/10/1166
f 663/4/1059 662/4/1059 768/4/1059
f 663/4/1059 768/4/1059 678/4/1059
f 768/4/1059 769/4/905 770/4/1168
f 768/4/1059 770/4/1168 678/4/1059
f 768/4/1059 662/4/1169 767/4/1167
f 768/4/1059 767/4/1167 769/4/905
f 665/4/1062 664/4/1170 771/4/1171
f 665/4/1062 771/4/1171 772/4/1172
f 665/4/1062 772/4/1173 751/4/1160
f 665/4/1062 751/4/1160 643/4/1040
f 666/8/1050 650/8/1047 756/8/661
f 666/8/1050 756/8/661 773/8/662
f 666/18/1050 773/18/652 757/18/653
f 666/18/1050 757/18/653 653/18/1041
f 667/4/1066 658/4/1053 761/4/1059
f 667/4/1066 761/4/1059 774/4/1174
f 667/10/1066 774/10/1174 775/10/1175
f 667/10/1066 775/10/1175 669/10/1068
f 670/2/1069 669/2/1068 776/2/1059
f 670/2/1069 776/2/1059 679/2/1080
f 776/2/1059 777/2/1176 778/2/1177
f 776/2/1059 778/2/1177 679/2/1080
f 776/2/1059 669/2/1068 775/2/1175
f 776/2/1059 775/2/1175 777/2/1176
f 672/6/1071 671/6/1070 779/6/1070
f 672/6/1071 779/6/1070 780/6/1071
f 673/6/1073 672/6/1072 780/6/1072
f 673/6/1073 780/6/1072 781/6/1073
f 674/6/560 673/6/1073 781/6/1073
f 674/6/560 781/6/1073 782/6/560
f 675/4/560 674/4/560 782/4/560
f 675/4/560 782/4/560 783/4/560
f 676/4/1074 675/4/560 783/4/560
f 676/4/1074 783/4/560 784/4/1178
f 676/4/1074 784/4/1178 763/4/650
f 676/4/1074 763/4/650 677/4/1056
f 664/1/1179 678/1/1078 770/1/1180
f 664/1/1179 770/1/1180 771/1/1180
f 681/11/1082 785/11/1181 786/11/1182
f 681/11/1082 786/11/1182 682/11/1083
f 681/11/1082 679/11/1080 778/11/1177
f 681/11/1082 778/11/1177 785/11/1181
f 671/4/1070 683/4/961 787/4/961
f 671/4/1070 787/4/961 779/4/1070
f 686/11/1088 788/11/1183 789/11/1184
f 686/11/1088 789/11/1184 687/11/1089
f 686/11/1088 682/11/1083 786/11/1182
f 686/11/1088 786/11/1182 788/11/1185
f 683/4/961 688/4/961 790/4/961
f 683/4/961 790/4/961 787/4/961
f 690/8/1093 687/8/1089 789/8/1184
f 690/8/1093 789/8/1184 791/8/1186
f 688/4/961 691/4/961 792/4/961
f 688/4/961 792/4/961 790/4/961
f 690/8/1093 791/8/1186 793/8/1188
f 690/8/1093 793/8/1188 693/8/1187
f 691/4/961 695/4/961 794/4/961
f 691/4/961 794/4/961 792/4/961
f 795/8/1189 697/8/1100 694/8/1098
f 795/8/1189 694/8/1098 693/8/1190
f 795/8/1189 693/8/1096 793/8/1188
f 795/8/1189 793/8/1188 796/8/1191
f 695/4/961 698/4/1101 797/4/964
f 695/4/961 797/4/964 794/4/961
f 798/8/1192 700/8/1103 697/8/1100
f 798/8/1192 697/8/1100 795/8/1189
f 798/8/1192 795/8/1189 796/8/1191
f 798/8/1192 796/8/1191 799/8/1193
f 800/8/1195 700/8/1103 798/8/1192
f 800/8/1195 798/8/1192 799/8/1194
f 698/6/1101 701/6/1196 801/6/1197
f 698/6/1101 801/6/1197 797/6/964
f 704/8/1108 700/8/1103 800/8/1195
f 704/8/1108 800/8/1195 802/8/1198
f 803/4/973 701/4/1199 702/4/1105
f 803/4/973 702/4/1105 706/4/1110
f 803/4/976 804/4/1200 801/4/1197
f 803/4/976 801/4/1197 701/4/1104
f 805/4/1201 804/4/1200 803/4/979
f 805/4/1201 803/4/979 706/4/1110
f 806/8/1202 709/8/1111 705/8/1109
f 806/8/1202 705/8/1109 704/8/1108
f 806/8/1202 704/8/1108 802/8/1198
f 806/8/1202 802/8/1198 807/8/1203
f 808/8/1203 709/8/1111 806/8/1202
f 808/8/1203 806/8/1202 807/8/1203
f 809/4/1118 706/4/1110 707/4/862
f 809/4/1118 707/4/862 711/4/1112
f 809/4/1118 810/4/1004 805/4/1201
f 809/4/1118 805/4/1201 706/4/1110
f 811/4/1003 810/4/1004 809/4/1118
f 811/4/1003 809/4/1118 711/4/1112
f 812/4/608 811/4/1003 711/4/1112
f 812/4/608 711/4/1112 712/4/1113
f 814/8/1205 716/8/1117 715/8/1116
f 814/8/1205 715/8/1116 813/8/1204
f 815/2/1206 715/2/1116 710/2/875
f 815/2/1206 710/2/875 709/2/1111
f 815/2/1206 709/2/1111 808/2/1203
f 815/2/1206 808/2/1203 816/2/1207
f 813/2/1204 715/2/1116 815/2/1206
f 813/2/1204 815/2/1206 816/2/1208
f 817/4/1114 712/4/1113 713/4/1114
f 817/4/1114 713/4/1114 718/4/1113
f 817/4/1114 818/4/1209 812/4/608
f 817/4/1114 812/4/608 712/4/1113
f 819/4/1210 818/4/1211 817/4/1114
f 819/4/1210 817/4/1114 718/4/1113
f 820/5/1212 819/5/1210 718/5/1113
f 820/5/1212 718/5/1113 719/5/1112
f 821/7/1119 822/7/1119 724/7/1122
f 821/7/1119 724/7/1122 723/7/1122
f 726/4/1126 716/4/1117 814/4/1213
f 726/4/1126 814/4/1213 823/4/1214
f 824/4/1125 727/4/1126 726/4/1126
f 824/4/1125 726/4/1126 823/4/1215
f 825/4/862 719/4/1112 720/4/1118
f 825/4/862 720/4/1118 728/4/1129
f 825/4/862 826/4/1216 820/4/1212
f 825/4/862 820/4/1212 719/4/1112
f 827/4/1201 826/4/1216 825/4/862
f 827/4/1201 825/4/862 728/4/1129
f 732/8/1217 731/8/1218 722/8/1217
f 732/8/1217 722/8/1217 721/8/1217
f 829/8/1220 731/8/1221 732/8/1222
f 829/8/1220 732/8/1222 828/8/1219
f 830/6/1118 828/6/1223 732/6/1136
f 830/6/1118 732/6/1136 733/6/1135
f 735/9/1126 724/9/1131 822/9/1131
f 735/9/1126 822/9/1131 831/9/1224
f 832/9/1125 736/9/1126 735/9/1126
f 832/9/1125 735/9/1126 831/9/1225
f 739/18/1141 833/18/1226 821/18/1142
f 739/18/1141 821/18/1142 723/18/1142
f 834/18/1128 833/18/1227 739/18/1141
f 834/18/1128 739/18/1141 740/18/1143
f 835/5/1130 834/5/1128 740/5/1143
f 835/5/1130 740/5/1143 742/5/1144
f 744/5/1147 727/5/1126 824/5/1125
f 744/5/1147 824/5/1125 836/5/1214
f 835/5/1130 742/5/1144 744/5/1147
f 835/5/1130 744/5/1147 836/5/1215
f 838/4/878 728/4/1228 729/4/1128
f 838/4/878 729/4/1128 837/4/877
f 838/4/881 839/4/882 827/4/1201
f 838/4/881 827/4/1201 728/4/1127
f 840/4/883 839/4/882 838/4/884
f 840/4/883 838/4/884 837/4/877
f 841/4/885 837/4/877 729/4/1128
f 841/4/885 729/4/1128 730/4/1130
f 842/4/886 840/4/883 837/4/877
f 842/4/886 837/4/877 841/4/885
f 843/4/887 841/4/885 730/4/1130
f 843/4/887 730/4/1130 731/4/1229
f 843/4/888 731/4/1132 829/4/1019
f 843/4/888 829/4/1019 844/4/891
f 842/4/886 841/4/885 843/4/892
f 842/4/886 843/4/892 844/4/891
f 747/4/1152 845/4/1127 830/4/1118
f 747/4/1152 830/4/1118 733/4/1135
f 846/4/1230 845/4/1129 747/4/1152
f 846/4/1230 747/4/1152 748/4/1153
f 750/4/1147 736/4/1126 832/4/1125
f 750/4/1147 832/4/1125 847/4/1214
f 846/4/1231 748/4/1153 750/4/1147
f 846/4/1231 750/4/1147 847/4/1215
f 751/19/1160 772/19/1232 848/19/1233
f 751/19/1160 848/19/1233 752/19/1234
f 848/19/926 772/19/1172 849/19/1235
f 848/19/926 849/19/1235 850/19/928
f 848/19/1236 850/19/1237 851/19/939
f 848/19/1236 851/19/939 752/19/1056
f 753/17/1074 752/17/1075 851/17/939
f 753/17/1074 851/17/939 852/17/1238
f 754/4/1162 753/4/1074 852/4/1238
f 754/4/1162 852/4/1238 853/4/1239
f 754/3/1162 853/3/1239 854/3/1241
f 754/3/1162 854/3/1241 755/3/1240
f 756/8/657 755/8/655 855/8/463
f 756/8/657 855/8/463 773/8/656
f 855/8/463 755/8/1242 854/8/1241
f 855/8/463 854/8/1241 856/8/1243
f 757/12/646 773/12/647 855/12/463
f 757/12/646 855/12/463 758/12/1037
f 855/12/463 856/12/1243 857/12/936
f 855/12/463 857/12/936 758/12/1244
f 759/16/1057 758/16/1245 857/16/936
f 759/16/1057 857/16/936 858/16/1165
f 759/6/1057 858/6/1165 859/6/1167
f 759/6/1057 859/6/1167 760/6/1166
f 761/4/1059 760/4/1059 860/4/1059
f 761/4/1059 860/4/1059 774/4/1246
f 860/4/1059 861/4/905 862/4/904
f 860/4/1059 862/4/904 774/4/1174
f 860/4/1059 760/4/1169 859/4/1167
f 860/4/1059 859/4/1167 861/4/905
f 764/18/902 763/18/650 863/18/1247
f 764/18/902 863/18/1247 864/18/1247
f 765/18/939 764/18/902 864/18/1247
f 765/18/939 864/18/1247 865/18/1073
f 766/4/1165 765/4/939 865/4/1073
f 766/4/1165 865/4/1073 866/4/560
f 767/2/1167 766/2/1165 866/2/560
f 767/2/1167 866/2/560 867/2/1248
f 770/2/1168 769/2/905 868/2/1249
f 770/2/1168 868/2/1249 869/2/1250
f 769/2/905 767/2/1167 867/2/1248
f 769/2/905 867/2/1248 868/2/1249
f 771/1/1171 870/1/1251 849/1/1235
f 771/1/1171 849/1/1235 772/1/1172
f 775/2/1175 774/2/1252 862/2/904
f 775/2/1175 862/2/904 871/2/1253
f 777/11/1176 872/11/1058 873/11/1254
f 777/11/1176 873/11/1254 778/11/1177
f 777/11/1176 775/11/1175 871/11/1253
f 777/11/1176 871/11/1253 872/11/1060
f 780/4/1071 779/4/1070 874/4/1070
f 780/4/1071 874/4/1070 875/4/1071
f 781/4/1073 780/4/1072 875/4/1072
f 781/4/1073 875/4/1072 876/4/1073
f 782/4/560 781/4/1073 876/4/1073
f 782/4/560 876/4/1073 877/4/560
f 783/12/560 782/12/560 877/12/560
f 783/12/560 877/12/560 878/12/560
f 784/20/1178 783/20/560 878/20/560
f 784/20/1178 878/20/560 879/20/1073
f 763/12/650 784/12/1178 879/12/1073
f 763/12/650 879/12/1073 863/12/1247
f 771/4/1180 770/4/1180 869/4/560
f 771/4/1180 869/4/560 870/4/560
f 785/11/1181 778/11/1177 873/11/1254
f 785/11/1181 873/11/1254 880/11/1255
f 786/11/1182 785/11/1181 881/11/1257
f 786/11/1182 881/11/1257 788/11/1256
f 881/11/1258 882/11/1259 883/11/1260
f 881/11/1258 883/11/1260 788/11/1183
f 881/11/1257 785/11/1181 880/11/1255
f 881/11/1257 880/11/1255 882/11/1261
f 779/4/1070 787/4/961 884/4/961
f 779/4/1070 884/4/961 874/4/1070
f 789/8/1184 788/8/1262 883/8/1260
f 789/8/1184 883/8/1260 885/8/1263
f 787/4/961 790/4/961 886/4/961
f 787/4/961 886/4/961 884/4/961
f 791/8/1186 789/8/1184 885/8/1263
f 791/8/1186 885/8/1263 887/8/1264
f 790/4/961 792/4/961 888/4/961
f 790/4/961 888/4/961 886/4/961
f 793/8/1188 791/8/1186 887/8/1264
f 793/8/1188 887/8/1264 889/8/1264
f 792/4/961 794/4/961 890/4/961
f 792/4/961 890/4/961 888/4/961
f 796/8/1191 793/8/1188 889/8/1264
f 796/8/1191 889/8/1264 891/8/1186
f 794/4/961 797/4/964 892/4/961
f 794/4/961 892/4/961 890/4/961
f 796/8/1191 891/8/1186 893/8/1266
f 796/8/1191 893/8/1266 799/8/1265
f 797/4/964 801/4/1197 894/4/1267
f 797/4/964 894/4/1267 892/4/961
f 895/11/1268 802/11/1198 800/11/1195
f 895/11/1268 800/11/1195 799/11/1194
f 895/11/1268 799/11/1193 893/11/1266
f 895/11/1268 893/11/1266 896/11/1269
f 897/11/1271 802/11/1198 895/11/1268
f 897/11/1271 895/11/1268 896/11/1270
f 801/4/1197 804/4/1200 898/4/1272
f 801/4/1197 898/4/1272 894/4/1267
f 899/4/1273 898/4/1272 804/4/1200
f 899/4/1273 804/4/1200 805/4/1201
f 807/8/1203 802/8/1198 897/8/1271
f 807/8/1203 897/8/1271 900/8/1274
f 901/8/1202 808/8/1203 807/8/1203
f 901/8/1202 807/8/1203 900/8/1274
f 805/4/1201 810/4/1004 902/4/1275
f 805/4/1201 902/4/1275 899/4/1273
f 903/4/1276 902/4/1275 810/4/1004
f 903/4/1276 810/4/1004 811/4/1003
f 816/11/1277 808/11/1203 901/11/1202
f 816/11/1277 901/11/1202 904/11/1278
f 905/4/998 811/4/1003 812/4/608
f 905/4/998 812/4/608 818/4/1209
f 905/4/998 906/4/1279 903/4/1276
f 905/4/998 903/4/1276 811/4/1003
f 907/4/1280 906/4/1279 905/4/998
f 907/4/1280 905/4/998 818/4/1211
f 907/20/1280 818/20/1282 819/20/1210
f 907/20/1280 819/20/1210 908/20/1281
f 909/5/1283 908/5/1281 819/5/1210
f 909/5/1283 819/5/1210 820/5/1212
f 910/8/1284 823/8/1285 814/8/1286
f 910/8/1284 814/8/1286 813/8/1204
f 912/8/1020 823/8/1215 910/8/1284
f 912/8/1020 910/8/1284 911/8/1287
f 913/11/1288 910/11/1289 813/11/1204
f 913/11/1288 813/11/1204 816/11/1290
f 913/11/439 816/11/1277 904/11/1278
f 913/11/439 904/11/1278 914/11/1291
f 911/11/1287 910/11/1293 913/11/364
f 911/11/1287 913/11/364 914/11/1292
f 820/4/1212 826/4/1216 915/4/1273
f 820/4/1212 915/4/1273 909/4/1283
f 916/4/1273 915/4/1273 826/4/1216
f 916/4/1273 826/4/1216 827/4/1201
f 917/6/1294 918/6/1294 829/6/1220
f 917/6/1294 829/6/1220 828/6/1295
f 831/7/1297 822/7/893 821/7/893
f 831/7/1297 821/7/893 833/7/1296
f 919/7/1298 920/7/1298 831/7/1299
f 919/7/1298 831/7/1299 833/7/1300
f 921/4/1125 836/4/1215 824/4/1125
f 921/4/1125 824/4/1125 823/4/1215
f 921/4/1125 823/4/1214 912/4/1020
f 921/4/1125 912/4/1020 922/4/1301
f 923/4/1301 836/4/1215 921/4/1125
f 923/4/1301 921/4/1125 922/4/1301
f 827/4/1201 839/4/882 924/4/1283
f 827/4/1201 924/4/1283 916/4/1273
f 925/4/1302 924/4/1283 839/4/882
f 925/4/1302 839/4/882 840/4/883
f 926/4/1303 925/4/1302 840/4/883
f 926/4/1303 840/4/883 842/4/886
f 844/5/891 829/5/1019 918/5/1304
f 844/5/891 918/5/1304 927/5/1305
f 927/5/1305 926/5/1303 842/5/886
f 927/5/1305 842/5/886 844/5/891
f 928/6/862 828/6/1306 830/6/1118
f 928/6/862 830/6/1118 845/6/1129
f 928/6/862 929/6/1216 917/6/1308
f 928/6/862 917/6/1308 828/6/1307
f 930/6/1201 929/6/1216 928/6/862
f 930/6/1201 928/6/862 845/6/1129
f 931/9/1125 847/9/1215 832/9/1125
f 931/9/1125 832/9/1125 831/9/1309
f 931/9/1125 831/9/1224 920/9/1019
f 931/9/1125 920/9/1019 932/9/1301
f 933/9/1301 847/9/1215 931/9/1125
f 933/9/1301 931/9/1125 932/9/1301
f 935/4/878 833/4/1310 834/4/1128
f 935/4/878 834/4/1128 934/4/877
f 935/4/881 936/4/882 919/4/1311
f 935/4/881 919/4/1311 833/4/1226
f 937/4/883 936/4/882 935/4/884
f 937/4/883 935/4/884 934/4/877
f 938/14/885 934/14/877 834/14/1128
f 938/14/885 834/14/1128 835/14/1130
f 939/14/886 937/14/883 934/14/877
f 939/14/886 934/14/877 938/14/885
f 940/14/887 938/14/885 835/14/1130
f 940/14/887 835/14/1130 836/14/1285
f 940/14/888 836/14/1214 923/14/1301
f 940/14/888 923/14/1301 941/14/891
f 939/14/886 938/14/885 940/14/892
f 939/14/886 940/14/892 941/14/891
f 943/8/878 845/8/1228 846/8/1313
f 943/8/878 846/8/1313 942/8/1312
f 943/8/881 944/8/882 930/8/1201
f 943/8/881 930/8/1201 845/8/1127
f 945/8/1119 944/8/882 943/8/884
f 945/8/1119 943/8/884 942/8/1314
f 946/4/887 942/4/1315 846/4/1316
f 946/4/887 846/4/1316 847/4/1285
f 946/4/888 847/4/1214 933/4/1301
f 946/4/888 933/4/1301 947/4/891
f 945/4/1119 942/4/1159 946/4/892
f 945/4/1119 946/4/892 947/4/891
f 850/13/928 849/13/1235 948/13/1071
f 850/13/928 948/13/1071 949/13/1071
f 851/13/939 850/13/1237 949/13/1072
f 851/13/939 949/13/1072 950/13/1073
f 852/4/1238 851/4/939 950/4/1073
f 852/4/1238 950/4/1073 951/4/560
f 853/3/1239 852/3/1238 951/3/560
f 853/3/1239 951/3/560 952/3/560
f 854/8/1241 853/8/1239 952/8/560
f 854/8/1241 952/8/560 953/8/560
f 856/6/1243 854/6/1241 953/6/560
f 856/6/1243 953/6/560 954/6/560
f 857/12/936 856/12/1243 954/12/560
f 857/12/936 954/12/560 955/12/560
f 858/18/1165 857/18/936 955/18/560
f 858/18/1165 955/18/560 956/18/560
f 859/6/1167 858/6/1165 956/6/560
f 859/6/1167 956/6/560 957/6/1248
f 862/3/904 861/3/905 958/3/1249
f 862/3/904 958/3/1249 959/3/1249
f 861/3/905 859/3/1167 957/3/1248
f 861/3/905 957/3/1248 958/3/1249
f 864/4/1247 863/4/1247 960/4/1247
f 864/4/1247 960/4/1247 961/4/1247
f 865/4/1073 864/4/1247 961/4/1247
f 865/4/1073 961/4/1247 962/4/1073
f 866/11/560 865/11/1073 962/11/1073
f 866/11/560 962/11/1073 963/11/560
f 867/11/1248 866/11/560 963/11/560
f 867/11/1248 963/11/560 964/11/1248
f 869/11/1250 868/11/1249 965/11/1249
f 869/11/1250 965/11/1249 966/11/1250
f 868/11/1249 867/11/1248 964/11/1248
f 868/11/1249 964/11/1248 965/11/1249
f 849/1/1235 870/1/1251 967/1/1071
f 849/1/1235 967/1/1071 948/1/1071
f 871/4/1253 862/4/904 959/4/1249
f 871/4/1253 959/4/1249 968/4/1317
f 871/11/1253 968/11/1317 969/11/1167
f 871/11/1253 969/11/1167 872/11/1166
f 873/11/1254 872/11/1059 970/11/1059
f 873/11/1254 970/11/1059 880/11/1255
f 970/11/1059 971/11/905 972/11/1318
f 970/11/1059 972/11/1318 880/11/1255
f 970/11/1059 872/11/1169 969/11/1167
f 970/11/1059 969/11/1167 971/11/905
f 875/12/1071 874/12/1070 973/12/1070
f 875/12/1071 973/12/1070 974/12/1071
f 876/12/1073 875/12/1072 974/12/1072
f 876/12/1073 974/12/1072 975/12/1073
f 877/12/560 876/12/1073 975/12/1073
f 877/12/560 975/12/1073 976/12/560
f 878/20/560 877/20/560 976/20/560
f 878/20/560 976/20/560 977/20/560
f 879/21/1073 878/21/560 977/21/560
f 879/21/1073 977/21/560 978/21/1073
f 863/20/1247 879/20/1073 978/20/1073
f 863/20/1247 978/20/1073 960/20/1247
f 870/4/560 869/4/560 966/4/560
f 870/4/560 966/4/560 967/4/560
f 883/11/1260 882/11/1259 979/11/1319
f 883/11/1260 979/11/1319 980/11/1320
f 882/11/1321 880/11/1255 972/11/1318
f 882/11/1321 972/11/1318 979/11/1319
f 874/12/1070 884/12/961 981/12/961
f 874/12/1070 981/12/961 973/12/1070
f 885/3/1263 883/3/1260 980/3/1320
f 885/3/1263 980/3/1320 982/3/1264
f 884/4/961 886/4/961 983/4/961
f 884/4/961 983/4/961 981/4/961
f 887/3/1264 885/3/1263 982/3/1264
f 887/3/1264 982/3/1264 984/3/1264
f 886/4/961 888/4/961 985/4/961
f 886/4/961 985/4/961 983/4/961
f 889/8/1264 887/8/1264 984/8/1264
f 889/8/1264 984/8/1264 986/8/1264
f 888/4/961 890/4/961 987/4/961
f 888/4/961 987/4/961 985/4/961
f 891/11/1186 889/11/1264 986/11/1264
f 891/11/1186 986/11/1264 988/11/1264
f 890/4/961 892/4/961 989/4/961
f 890/4/961 989/4/961 987/4/961
f 893/11/1266 891/11/1186 988/11/1264
f 893/11/1266 988/11/1264 990/11/1186
f 892/4/961 894/4/1267 991/4/1267
f 892/4/961 991/4/1267 989/4/961
f 893/11/1266 990/11/1186 992/11/1323
f 893/11/1266 992/11/1323 896/11/1322
f 894/4/1267 898/4/1272 993/4/1272
f 894/4/1267 993/4/1272 991/4/1267
f 994/4/1273 993/4/1272 898/4/1272
f 994/4/1273 898/4/1272 899/4/1273
f 995/3/1324 900/3/1274 897/3/1271
f 995/3/1324 897/3/1271 896/3/1325
f 995/3/1326 896/3/1327 992/3/1323
f 995/3/1326 992/3/1323 996/3/1328
f 997/3/1301 900/3/1274 995/3/1329
f 997/3/1301 995/3/1329 996/3/1328
f 899/4/1273 902/4/1275 998/4/1273
f 899/4/1273 998/4/1273 994/4/1273
f 999/4/1273 998/4/1273 902/4/1275
f 999/4/1273 902/4/1275 903/4/1276
f 1000/3/1330 904/3/1331 901/3/1202
f 1000/3/1330 901/3/1202 900/3/1274
f 1000/3/1330 900/3/1274 997/3/1301
f 1000/3/1330 997/3/1301 1001/3/1332
f 1002/3/1333 904/3/1278 1000/3/1330
f 1002/3/1333 1000/3/1330 1001/3/1332
f 903/4/1276 906/4/1279 1003/4/1283
f 903/4/1276 1003/4/1283 999/4/1273
f 1004/4/1302 1003/4/1283 906/4/1279
f 1004/4/1302 906/4/1279 907/4/1280
f 1005/4/1302 1004/4/1302 907/4/1280
f 1005/4/1302 907/4/1280 908/4/1281
f 1006/5/1283 1005/5/1302 908/5/1281
f 1006/5/1283 908/5/1281 909/5/1283
f 1007/4/1334 1008/4/1305 912/4/1020
f 1007/4/1334 912/4/1020 911/4/1287
f 914/8/1335 904/8/1336 1002/8/1333
f 914/8/1335 1002/8/1333 1009/8/1337
f 1009/8/1337 1007/8/1334 911/8/1287
f 1009/8/1337 911/8/1287 914/8/1292
f 909/4/1283 915/4/1273 1010/4/1273
f 909/4/1283 1010/4/1273 1006/4/1283
f 1011/4/1273 1010/4/1273 915/4/1273
f 1011/4/1273 915/4/1273 916/4/1273
f 1012/6/1338 1013/6/1338 918/6/1294
f 1012/6/1338 918/6/1294 917/6/1294
f 1014/7/1338 1015/7/1338 920/7/1298
f 1014/7/1338 920/7/1298 919/7/1298
f 922/5/1301 912/5/1020 1008/5/1305
f 922/5/1301 1008/5/1305 1016/5/1339
f 1016/5/1339 1017/5/1339 923/5/1301
f 1016/5/1339 923/5/1301 922/5/1301
f 916/4/1273 924/4/1283 1018/4/1283
f 916/4/1273 1018/4/1283 1011/4/1273
f 1019/4/1302 1018/4/1283 924/4/1283
f 1019/4/1302 924/4/1283 925/4/1302
f 1020/4/1303 1019/4/1302 925/4/1302
f 1020/4/1303 925/4/1302 926/4/1303
f 927/5/1305 918/5/1304 1013/5/1304
f 927/5/1305 1013/5/1304 1021/5/1305
f 1021/5/1305 1020/5/1303 926/5/1303
f 1021/5/1305 926/5/1303 927/5/1305
f 917/6/1308 929/6/1216 1022/6/1273
f 917/6/1308 1022/6/1273 1012/6/1340
f 1023/6/1273 1022/6/1273 929/6/1216
f 1023/6/1273 929/6/1216 930/6/1201
f 932/9/1301 920/9/1019 1015/9/1304
f 932/9/1301 1015/9/1304 1024/9/1339
f 1024/9/1339 1025/9/1339 933/9/1301
f 1024/9/1339 933/9/1301 932/9/1301
f 919/4/1311 936/4/882 1026/4/1283
f 919/4/1311 1026/4/1283 1014/4/1340
f 1027/4/1302 1026/4/1283 936/4/882
f 1027/4/1302 936/4/882 937/4/883
f 1028/5/1303 1027/5/1302 937/5/883
f 1028/5/1303 937/5/883 939/5/886
f 941/14/891 923/14/1301 1017/14/1339
f 941/14/891 1017/14/1339 1029/14/1305
f 1029/14/1305 1028/14/1303 939/14/886
f 1029/14/1305 939/14/886 941/14/891
f 930/4/1201 944/4/882 1030/4/1283
f 930/4/1201 1030/4/1283 1023/4/1273
f 1031/4/1338 1030/4/1283 944/4/882
f 1031/4/1338 944/4/882 945/4/1119
f 947/4/891 933/4/1301 1025/4/1339
f 947/4/891 1025/4/1339 1032/4/1305
f 1032/4/1305 1031/4/1338 945/4/1119
f 1032/4/1305 945/4/1119 947/4/891
f 949/15/1071 948/15/1071 1033/15/1071
f 949/15/1071 1033/15/1071 1034/15/1071
f 950/15/1073 949/15/1072 1034/15/1072
f 950/15/1073 1034/15/1072 1035/15/1073
f 951/4/560 950/4/1073 1035/4/1073
f 951/4/560 1035/4/1073 1036/4/560
f 952/8/560 951/8/560 1036/8/560
f 952/8/560 1036/8/560 1037/8/560
f 953/6/560 952/6/560 1037/6/560
f 953/6/560 1037/6/560 1038/6/560
f 954/16/560 953/16/560 1038/16/560
f 954/16/560 1038/16/560 1039/16/560
f 955/12/560 954/12/560 1039/12/560
f 955/12/560 1039/12/560 1040/12/560
f 956/12/560 955/12/560 1040/12/560
f 956/12/560 1040/12/560 1041/12/560
f 957/6/1248 956/6/560 1041/6/560
f 957/6/1248 1041/6/560 1042/6/1248
f 959/8/1249 958/8/1249 1043/8/1249
f 959/8/1249 1043/8/1249 1044/8/1249
f 958/8/1249 957/8/1248 1042/8/1248
f 958/8/1249 1042/8/1248 1043/8/1249
f 961/4/1247 960/4/1247 1045/4/1247
f 961/4/1247 1045/4/1247 1046/4/1247
f 962/4/1073 961/4/1247 1046/4/1247
f 962/4/1073 1046/4/1247 1047/4/1073
f 963/3/560 962/3/1073 1047/3/1073
f 963/3/560 1047/3/1073 1048/3/560
f 964/8/1248 963/8/560 1048/8/560
f 964/8/1248 1048/8/560 1049/8/1248
f 966/3/1250 965/3/1249 1050/3/1249
f 966/3/1250 1050/3/1249 1051/3/1250
f 965/3/1249 964/3/1248 1049/3/1248
f 965/3/1249 1049/3/1248 1050/3/1249
f 948/1/1071 967/1/1071 1052/1/1071
f 948/1/1071 1052/1/1071 1033/1/1071
f 968/4/1317 959/4/1249 1044/4/1249
f 968/4/1317 1044/4/1249 1053/4/1248
f 969/11/1167 968/11/1317 1053/11/1248
f 969/11/1167 1053/11/1248 1054/11/1248
f 972/11/1318 971/11/905 1055/11/1249
f 972/11/1318 1055/11/1249 1056/11/1341
f 971/11/905 969/11/1167 1054/11/1248
f 971/11/905 1054/11/1248 1055/11/1249
f 974/20/1071 973/20/1070 1057/20/1070
f 974/20/1071 1057/20/1070 1058/20/1071
f 975/20/1073 974/20/1072 1058/20/1072
f 975/20/1073 1058/20/1072 1059/20/1073
f 976/20/560 975/20/1073 1059/20/1073
f 976/20/560 1059/20/1073 1060/20/560
f 977/21/560 976/21/560 1060/21/560
f 977/21/560 1060/21/560 1061/21/560
f 978/20/1073 977/20/560 1061/20/560
f 978/20/1073 1061/20/560 1062/20/1073
f 960/12/1247 978/12/1073 1062/12/1073
f 960/12/1247 1062/12/1073 1045/12/1247
f 967/4/560 966/4/560 1051/4/560
f 967/4/560 1051/4/560 1052/4/560
f 980/11/1320 979/11/1319 1063/11/1342
f 980/11/1320 1063/11/1342 1064/11/1320
f 979/11/1319 972/11/1318 1056/11/1341
f 979/11/1319 1056/11/1341 1063/11/1342
f 973/20/1070 981/20/961 1065/20/961
f 973/20/1070 1065/20/961 1057/20/1070
f 982/11/1264 980/11/1320 1064/11/1320
f 982/11/1264 1064/11/1320 1066/11/1264
f 981/4/961 983/4/961 1067/4/961
f 981/4/961 1067/4/961 1065/4/961
f 984/11/1264 982/11/1264 1066/11/1264
f 984/11/1264 1066/11/1264 1068/11/1264
f 983/4/961 985/4/961 1069/4/961
f 983/4/961 1069/4/961 1067/4/961
f 986/11/1264 984/11/1264 1068/11/1264
f 986/11/1264 1068/11/1264 1070/11/1264
f 985/4/961 987/4/961 1071/4/961
f 985/4/961 1071/4/961 1069/4/961
f 988/11/1264 986/11/1264 1070/11/1264
f 988/11/1264 1070/11/1264 1072/11/1264
f 987/4/961 989/4/961 1073/4/961
f 987/4/961 1073/4/961 1071/4/961
f 990/11/1186 988/11/1264 1072/11/1264
f 990/11/1186 1072/11/1264 1074/11/1264
f 989/4/961 991/4/1267 1075/4/1267
f 989/4/961 1075/4/1267 1073/4/961
f 992/11/1323 990/11/1186 1074/11/1264
f 992/11/1323 1074/11/1264 1076/11/1343
f 991/4/1267 993/4/1272 1077/4/1272
f 991/4/1267 1077/4/1272 1075/4/1267
f 1078/4/1273 1077/4/1272 993/4/1272
f 1078/4/1273 993/4/1272 994/4/1273
f 996/11/1328 992/11/1323 1076/11/1343
f 996/11/1328 1076/11/1343 1079/11/1344
f 1079/11/1344 1080/11/1339 997/11/1301
f 1079/11/1344 997/11/1301 996/11/1328
f 994/4/1273 998/4/1273 1081/4/1273
f 994/4/1273 1081/4/1273 1078/4/1273
f 1082/4/1273 1081/4/1273 998/4/1273
f 1082/4/1273 998/4/1273 999/4/1273
f 1001/11/1332 997/11/1301 1080/11/1339
f 1001/11/1332 1080/11/1339 1083/11/1339
f 1083/11/1339 1084/11/1339 1002/11/1333
f 1083/11/1339 1002/11/1333 1001/11/1332
f 999/4/1273 1003/4/1283 1085/4/1283
f 999/4/1273 1085/4/1283 1082/4/1273
f 1086/4/1302 1085/4/1283 1003/4/1283
f 1086/4/1302 1003/4/1283 1004/4/1302
f 1087/20/1302 1086/20/1302 1004/20/1302
f 1087/20/1302 1004/20/1302 1005/20/1302
f 1088/5/1283 1087/5/1302 1005/5/1302
f 1088/5/1283 1005/5/1302 1006/5/1283
f 1089/4/1334 1090/4/1305 1008/4/1305
f 1089/4/1334 1008/4/1305 1007/4/1334
f 1009/3/1337 1002/3/1333 1084/3/1339
f 1009/3/1337 1084/3/1339 1091/3/1305
f 1091/3/1305 1089/3/1334 1007/3/1334
f 1091/3/1305 1007/3/1334 1009/3/1337
f 1006/4/1283 1010/4/1273 1092/4/1273
f 1006/4/1283 1092/4/1273 1088/4/1283
f 1093/4/1273 1092/4/1273 1010/4/1273
f 1093/4/1273 1010/4/1273 1011/4/1273
f 1094/6/1338 1095/6/1338 1013/6/1338
f 1094/6/1338 1013/6/1338 1012/6/1338
f 1096/16/1338 1097/16/1338 1015/16/1338
f 1096/16/1338 1015/16/1338 1014/16/1338
f 1016/14/1339 1008/14/1305 1090/14/1305
f 1016/14/1339 1090/14/1305 1098/14/1339
f 1098/14/1339 1099/14/1339 1017/14/1339
f 1098/14/1339 1017/14/1339 1016/14/1339
f 1011/4/1273 1018/4/1283 1100/4/1283
f 1011/4/1273 1100/4/1283 1093/4/1273
f 1101/4/1302 1100/4/1283 1018/4/1283
f 1101/4/1302 1018/4/1283 1019/4/1302
f 1102/4/1303 1101/4/1302 1019/4/1302
f 1102/4/1303 1019/4/1302 1020/4/1303
f 1021/5/1305 1013/5/1304 1095/5/1304
f 1021/5/1305 1095/5/1304 1103/5/1305
f 1103/5/1305 1102/5/1303 1020/5/1303
f 1103/5/1305 1020/5/1303 1021/5/1305
f 1012/3/1340 1022/3/1273 1104/3/1273
f 1012/3/1340 1104/3/1273 1094/3/1340
f 1105/3/1273 1104/3/1273 1022/3/1273
f 1105/3/1273 1022/3/1273 1023/3/1273
f 1024/9/1339 1015/9/1304 1097/9/1304
f 1024/9/1339 1097/9/1304 1106/9/1339
f 1106/9/1339 1107/9/1339 1025/9/1339
f 1106/9/1339 1025/9/1339 1024/9/1339
f 1014/4/1340 1026/4/1283 1108/4/1283
f 1014/4/1340 1108/4/1283 1096/4/1340
f 1109/4/1302 1108/4/1283 1026/4/1283
f 1109/4/1302 1026/4/1283 1027/4/1302
f 1110/9/1303 1109/9/1302 1027/9/1302
f 1110/9/1303 1027/9/1302 1028/9/1303
f 1029/5/1305 1017/5/1339 1099/5/1339
f 1029/5/1305 1099/5/1339 1111/5/1305
f 1111/5/1305 1110/5/1303 1028/5/1303
f 1111/5/1305 1028/5/1303 1029/5/1305
f 1023/4/1273 1030/4/1283 1112/4/1283
f 1023/4/1273 1112/4/1283 1105/4/1273
f 1113/4/1338 1112/4/1283 1030/4/1283
f 1113/4/1338 1030/4/1283 1031/4/1338
f 1032/4/1305 1025/4/1339 1107/4/1339
f 1032/4/1305 1107/4/1339 1114/4/1305
f 1114/4/1305 1113/4/1338 1031/4/1338
f 1114/4/1305 1031/4/1338 1032/4/1305
f 1034/1/1071 1033/1/1071 1115/1/1071
f 1034/1/1071 1115/1/1071 1116/1/1071
f 1035/1/1073 1034/1/1072 1116/1/1072
f 1035/1/1073 1116/1/1072 1117/1/1073
f 1036/4/560 1035/4/1073 1117/4/1073
f 1036/4/560 1117/4/1073 1118/4/560
f 1037/8/560 1036/8/560 1118/8/560
f 1037/8/560 1118/8/560 1119/8/560
f 1038/6/560 1037/6/560 1119/6/560
f 1038/6/560 1119/6/560 1120/6/560
f 1039/16/560 1038/16/560 1120/16/560
f 1039/16/560 1120/16/560 1121/16/560
f 1040/12/560 1039/12/560 1121/12/560
f 1040/12/560 1121/12/560 1122/12/560
f 1041/12/560 1040/12/560 1122/12/560
f 1041/12/560 1122/12/560 1123/12/560
f 1042/6/1248 1041/6/560 1123/6/560
f 1042/6/1248 1123/6/560 1124/6/1248
f 1044/8/1249 1043/8/1249 1125/8/1249
f 1044/8/1249 1125/8/1249 1126/8/1249
f 1043/8/1249 1042/8/1248 1124/8/1248
f 1043/8/1249 1124/8/1248 1125/8/1249
f 1046/4/1247 1045/4/1247 1127/4/1247
f 1046/4/1247 1127/4/1247 1128/4/1247
f 1047/4/1073 1046/4/1247 1128/4/1247
f 1047/4/1073 1128/4/1247 1129/4/1073
f 1048/6/560 1047/6/1073 1129/6/1073
f 1048/6/560 1129/6/1073 1130/6/560
f 1049/6/1248 1048/6/560 1130/6/560
f 1049/6/1248 1130/6/560 1131/6/1248
f 1051/6/1250 1050/6/1249 1132/6/1249
f 1051/6/1250 1132/6/1249 1133/6/1250
f 1050/6/1249 1049/6/1248 1131/6/1248
f 1050/6/1249 1131/6/1248 1132/6/1249
f 1033/1/1071 1052/1/1071 1134/1/1071
f 1033/1/1071 1134/1/1071 1115/1/1071
f 1053/4/1248 1044/4/1249 1126/4/1249
f 1053/4/1248 1126/4/1249 1135/4/1345
f 1054/3/1248 1053/3/1248 1135/3/1345
f 1054/3/1248 1135/3/1345 1136/3/1346
f 1056/11/1341 1055/11/1249 1137/11/1347
f 1056/11/1341 1137/11/1347 1138/11/1348
f 1055/11/1249 1054/11/1248 1136/11/1346
f 1055/11/1249 1136/11/1346 1137/11/1347
f 1058/21/1071 1057/21/1070 1139/21/1070
f 1058/21/1071 1139/21/1070 1140/21/1071
f 1059/21/1073 1058/21/1072 1140/21/1072
f 1059/21/1073 1140/21/1072 1141/21/1073
f 1060/21/560 1059/21/1073 1141/21/1073
f 1060/21/560 1141/21/1073 1142/21/560
f 1061/12/560 1060/12/560 1142/12/560
f 1061/12/560 1142/12/560 1143/12/560
f 1062/20/1073 1061/20/560 1143/20/560
f 1062/20/1073 1143/20/560 1144/20/1073
f 1045/21/1247 1062/21/1073 1144/21/1073
f 1045/21/1247 1144/21/1073 1127/21/1247
f 1052/4/560 1051/4/560 1133/4/560
f 1052/4/560 1133/4/560 1134/4/560
f 1064/11/1320 1063/11/1342 1145/11/1349
f 1064/11/1320 1145/11/1349 1146/11/1320
f 1063/11/1342 1056/11/1341 1138/11/1348
f 1063/11/1342 1138/11/1348 1145/11/1349
f 1057/21/1070 1065/21/961 1147/21/961
f 1057/21/1070 1147/21/961 1139/21/1070
f 1066/11/1264 1064/11/1320 1146/11/1320
f 1066/11/1264 1146/11/1320 1148/11/1264
f 1065/4/961 1067/4/961 1149/4/961
f 1065/4/961 1149/4/961 1147/4/961
f 1068/11/1264 1066/11/1264 1148/11/1264
f 1068/11/1264 1148/11/1264 1150/11/1264
f 1067/4/961 1069/4/961 1151/4/961
f 1067/4/961 1151/4/961 1149/4/961
f 1070/11/1264 1068/11/1264 1150/11/1264
f 1070/11/1264 1150/11/1264 1152/11/1264
f 1069/4/961 1071/4/961 1153/4/961
f 1069/4/961 1153/4/961 1151/4/961
f 1072/11/1264 1070/11/1264 1152/11/1264
f 1072/11/1264 1152/11/1264 1154/11/1264
f 1071/4/961 1073/4/961 1155/4/961
f 1071/4/961 1155/4/961 1153/4/961
f 1074/11/1264 1072/11/1264 1154/11/1264
f 1074/11/1264 1154/11/1264 1156/11/1350
f 1073/4/961 1075/4/1267 1157/4/1267
f 1073/4/961 1157/4/1267 1155/4/961
f 1076/11/1343 1074/11/1264 1156/11/1350
f 1076/11/1343 1156/11/1350 1158/11/1351
f 1075/4/1267 1077/4/1272 1159/4/1272
f 1075/4/1267 1159/4/1272 1157/4/1267
f 1160/4/1273 1159/4/1272 1077/4/1272
f 1160/4/1273 1077/4/1272 1078/4/1273
f 1079/11/1344 1076/11/1343 1158/11/1351
f 1079/11/1344 1158/11/1351 1161/11/1352
f 1161/11/1352 1162/11/1353 1080/11/1339
f 1161/11/1352 1080/11/1339 1079/11/1344
f 1078/4/1273 1081/4/1273 1163/4/1273
f 1078/4/1273 1163/4/1273 1160/4/1273
f 1164/4/1273 1163/4/1273 1081/4/1273
f 1164/4/1273 1081/4/1273 1082/4/1273
f 1083/11/1339 1080/11/1339 1162/11/1353
f 1083/11/1339 1162/11/1353 1165/11/1354
f 1165/11/1354 1166/11/1355 1084/11/1339
f 1165/11/1354 1084/11/1339 1083/11/1339
f 1082/4/1273 1085/4/1283 1167/4/1283
f 1082/4/1273 1167/4/1283 1164/4/1273
f 1168/4/1302 1167/4/1283 1085/4/1283
f 1168/4/1302 1085/4/1283 1086/4/1302
f 1169/20/1302 1168/20/1302 1086/20/1302
f 1169/20/1302 1086/20/1302 1087/20/1302
f 1170/5/1283 1169/5/1302 1087/5/1302
f 1170/5/1283 1087/5/1302 1088/5/1283
f 1171/4/1334 1172/4/1305 1090/4/1305
f 1171/4/1334 1090/4/1305 1089/4/1334
f 1091/3/1305 1084/3/1339 1166/3/1355
f 1091/3/1305 1166/3/1355 1173/3/1356
f 1173/3/1356 1171/3/1334 1089/3/1334
f 1173/3/1356 1089/3/1334 1091/3/1305
f 1088/4/1283 1092/4/1273 1174/4/1273
f 1088/4/1283 1174/4/1273 1170/4/1283
f 1175/4/1273 1174/4/1273 1092/4/1273
f 1175/4/1273 1092/4/1273 1093/4/1273
f 1176/8/1338 1177/8/1338 1095/8/1338
f 1176/8/1338 1095/8/1338 1094/8/1338
f 1178/16/1338 1179/16/1338 1097/16/1338
f 1178/16/1338 1097/16/1338 1096/16/1338
f 1098/5/1339 1090/5/1305 1172/5/1305
f 1098/5/1339 1172/5/1305 1180/5/1339
f 1180/5/1339 1181/5/1339 1099/5/1339
f 1180/5/1339 1099/5/1339 1098/5/1339
f 1093/4/1273 1100/4/1283 1182/4/1283
f 1093/4/1273 1182/4/1283 1175/4/1273
f 1183/4/1302 1182/4/1283 1100/4/1283
f 1183/4/1302 1100/4/1283 1101/4/1302
f 1184/4/1303 1183/4/1302 1101/4/1302
f 1184/4/1303 1101/4/1302 1102/4/1303
f 1103/5/1305 1095/5/1304 1177/5/1304
f 1103/5/1305 1177/5/1304 1185/5/1305
f 1185/5/1305 1184/5/1303 1102/5/1303
f 1185/5/1305 1102/5/1303 1103/5/1305
f 1094/3/1340 1104/3/1273 1186/3/1273
f 1094/3/1340 1186/3/1273 1176/3/1340
f 1187/3/1273 1186/3/1273 1104/3/1273
f 1187/3/1273 1104/3/1273 1105/3/1273
f 1106/9/1339 1097/9/1304 1179/9/1304
f 1106/9/1339 1179/9/1304 1188/9/1339
f 1188/9/1339 1189/9/1339 1107/9/1339
f 1188/9/1339 1107/9/1339 1106/9/1339
f 1096/4/1340 1108/4/1283 1190/4/1283
f 1096/4/1340 1190/4/1283 1178/4/1340
f 1191/4/1302 1190/4/1283 1108/4/1283
f 1191/4/1302 1108/4/1283 1109/4/1302
f 1192/12/1303 1191/12/1302 1109/12/1302
f 1192/12/1303 1109/12/1302 1110/12/1303
f 1111/9/1305 1099/9/1339 1181/9/1339
f 1111/9/1305 1181/9/1339 1193/9/1305
f 1193/9/1305 1192/9/1303 1110/9/1303
f 1193/9/1305 1110/9/1303 1111/9/1305
f 1105/4/1273 1112/4/1283 1194/4/1283
f 1105/4/1273 1194/4/1283 1187/4/1273
f 1195/4/1338 1194/4/1283 1112/4/1283
f 1195/4/1338 1112/4/1283 1113/4/1338
f 1114/4/1305 1107/4/1339 1189/4/1339
f 1114/4/1305 1189/4/1339 1196/4/1305
f 1196/4/1305 1195/4/1338 1113/4/1338
f 1196/4/1305 1113/4/1338 1114/4/1305
f 1116/1/1071 1115/1/1071 1197/1/1357
f 1116/1/1071 1197/1/1357 1198/1/1358
f 1117/1/1073 1116/1/1072 1198/1/1359
f 1117/1/1073 1198/1/1359 1199/1/1360
f 1118/4/560 1117/4/1073 1199/4/1360
f 1118/4/560 1199/4/1360 1200/4/1361
f 1119/3/560 1118/3/560 1200/3/1361
f 1119/3/560 1200/3/1361 1201/3/1362
f 1120/6/560 1119/6/560 1201/6/1362
f 1120/6/560 1201/6/1362 1202/6/1363
f 1121/8/560 1120/8/560 1202/8/1363
f 1121/8/560 1202/8/1363 1203/8/1364
f 1122/12/560 1121/12/560 1203/12/1364
f 1122/12/560 1203/12/1364 1204/12/1365
f 1123/18/560 1122/18/560 1204/18/1365
f 1123/18/560 1204/18/1365 1205/18/1366
f 1124/6/1248 1123/6/560 1205/6/1366
f 1124/6/1248 1205/6/1366 1206/6/1346
f 1126/3/1249 1125/3/1249 1207/3/1347
f 1126/3/1249 1207/3/1347 1208/3/1367
f 1125/3/1249 1124/3/1248 1206/3/1346
f 1125/3/1249 1206/3/1346 1207/3/1347
f 1128/4/1247 1127/4/1247 1209/4/1247
f 1128/4/1247 1209/4/1247 1210/4/1247
f 1129/4/1073 1128/4/1247 1210/4/1247
f 1129/4/1073 1210/4/1247 1211/4/1073
f 1130/8/560 1129/8/1073 1211/8/1073
f 1130/8/560 1211/8/1073 1212/8/560
f 1131/6/1248 1130/6/560 1212/6/560
f 1131/6/1248 1212/6/560 1213/6/1248
f 1133/6/1250 1132/6/1249 1214/6/1249
f 1133/6/1250 1214/6/1249 1215/6/1250
f 1132/6/1249 1131/6/1248 1213/6/1248
f 1132/6/1249 1213/6/1248 1214/6/1249
f 1115/1/1071 1134/1/1071 1216/1/1368
f 1115/1/1071 1216/1/1368 1197/1/1357
f 1135/4/1345 1126/4/1249 1208/4/1367
f 1135/4/1345 1208/4/1367 1217/4/1369
f 1136/8/1346 1135/8/1345 1217/8/1369
f 1136/8/1346 1217/8/1369 1218/8/1370
f 1219/3/1371 1218/3/1371 1220/3/1372
f 1219/3/1371 1220/3/1372 1221/3/1373
f 1138/3/1348 1137/3/1347 1219/3/1371
f 1138/3/1348 1219/3/1371 1221/3/1373
f 1136/3/1346 1218/3/1374 1219/3/1371
f 1136/3/1346 1219/3/1371 1137/3/1347
f 1140/21/1071 1139/21/1070 1222/21/1070
f 1140/21/1071 1222/21/1070 1223/21/1071
f 1141/21/1073 1140/21/1072 1223/21/1072
f 1141/21/1073 1223/21/1072 1224/21/1073
f 1142/21/560 1141/21/1073 1224/21/1073
f 1142/21/560 1224/21/1073 1225/21/560
f 1143/20/560 1142/20/560 1225/20/560
f 1143/20/560 1225/20/560 1226/20/560
f 1144/21/1073 1143/21/560 1226/21/560
f 1144/21/1073 1226/21/560 1227/21/1073
f 1127/20/1247 1144/20/1073 1227/20/1073
f 1127/20/1247 1227/20/1073 1209/20/1247
f 1134/4/560 1133/4/560 1215/4/560
f 1134/4/560 1215/4/560 1216/4/560
f 1146/3/1320 1145/3/1349 1228/3/1375
f 1146/3/1320 1228/3/1375 1229/3/1376
f 1138/3/1348 1221/3/1373 1228/3/1377
f 1138/3/1348 1228/3/1377 1145/3/1349
f 1139/21/1070 1147/21/961 1230/21/961
f 1139/21/1070 1230/21/961 1222/21/1070
f 1148/3/1264 1146/3/1320 1229/3/1376
f 1148/3/1264 1229/3/1376 1231/3/1378
f 1147/4/961 1149/4/961 1232/4/961
f 1147/4/961 1232/4/961 1230/4/961
f 1150/3/1264 1148/3/1264 1231/3/1378
f 1150/3/1264 1231/3/1378 1233/3/1264
f 1149/4/961 1151/4/961 1234/4/961
f 1149/4/961 1234/4/961 1232/4/961
f 1152/8/1264 1150/8/1264 1233/8/1264
f 1152/8/1264 1233/8/1264 1235/8/1264
f 1151/4/961 1153/4/961 1236/4/961
f 1151/4/961 1236/4/961 1234/4/961
f 1154/11/1264 1152/11/1264 1235/11/1264
f 1154/11/1264 1235/11/1264 1237/11/1350
f 1153/4/961 1155/4/961 1238/4/961
f 1153/4/961 1238/4/961 1236/4/961
f 1156/11/1350 1154/11/1264 1237/11/1350
f 1156/11/1350 1237/11/1350 1239/11/1379
f 1155/4/961 1157/4/1267 1240/4/1267
f 1155/4/961 1240/4/1267 1238/4/961
f 1158/11/1351 1156/11/1350 1239/11/1379
f 1158/11/1351 1239/11/1379 1241/11/1380
f 1157/4/1267 1159/4/1272 1242/4/1272
f 1157/4/1267 1242/4/1272 1240/4/1267
f 1243/4/1273 1242/4/1272 1159/4/1272
f 1243/4/1273 1159/4/1272 1160/4/1273
f 1244/3/1382 1245/3/1383 1246/3/1384
f 1244/3/1382 1246/3/1384 1241/3/1381
f 1158/3/1351 1241/3/1385 1246/3/1386
f 1158/3/1351 1246/3/1386 1161/3/1352
f 1246/3/1387 1245/3/1383 1162/3/1353
f 1246/3/1387 1162/3/1353 1161/3/1352
f 1160/4/1273 1163/4/1273 1247/4/1388
f 1160/4/1273 1247/4/1388 1243/4/1273
f 1248/4/1389 1247/4/1388 1163/4/1273
f 1248/4/1389 1163/4/1273 1164/4/1273
f 1249/3/1390 1250/3/1391 1251/3/1392
f 1249/3/1390 1251/3/1392 1245/3/1383
f 1162/3/1353 1245/3/1383 1251/3/1392
f 1162/3/1353 1251/3/1392 1165/3/1354
f 1251/3/1392 1250/3/1393 1166/3/1355
f 1251/3/1392 1166/3/1355 1165/3/1354
f 1164/4/1273 1167/4/1283 1252/4/1394
f 1164/4/1273 1252/4/1394 1248/4/1389
f 1253/4/1395 1252/4/1394 1167/4/1283
f 1253/4/1395 1167/4/1283 1168/4/1302
f 1254/4/1396 1253/4/1395 1168/4/1302
f 1254/4/1396 1168/4/1302 1169/4/1302
f 1255/5/1283 1254/5/1396 1169/5/1302
f 1255/5/1283 1169/5/1302 1170/5/1283
f 1256/4/1397 1257/4/1398 1172/4/1305
f 1256/4/1397 1172/4/1305 1171/4/1334
f 1166/8/1355 1250/8/1399 1258/8/1400
f 1166/8/1355 1258/8/1400 1173/8/1356
f 1258/8/1401 1256/8/1397 1171/8/1334
f 1258/8/1401 1171/8/1334 1173/8/1356
f 1170/4/1283 1174/4/1273 1259/4/1273
f 1170/4/1283 1259/4/1273 1255/4/1283
f 1260/4/1273 1259/4/1273 1174/4/1273
f 1260/4/1273 1174/4/1273 1175/4/1273
f 1261/4/1402 1262/4/1402 1177/4/1338
f 1261/4/1402 1177/4/1338 1176/4/1338
f 1263/7/1403 1264/7/1403 1179/7/1338
f 1263/7/1403 1179/7/1338 1178/7/1338
f 1180/9/1339 1172/9/1305 1257/9/1398
f 1180/9/1339 1257/9/1398 1265/9/1353
f 1265/9/1353 1266/9/1353 1181/9/1339
f 1265/9/1353 1181/9/1339 1180/9/1339
f 1175/4/1273 1182/4/1283 1267/4/1283
f 1175/4/1273 1267/4/1283 1260/4/1273
f 1268/4/1302 1267/4/1283 1182/4/1283
f 1268/4/1302 1182/4/1283 1183/4/1302
f 1269/4/1303 1268/4/1302 1183/4/1302
f 1269/4/1303 1183/4/1302 1184/4/1303
f 1185/11/1305 1177/11/1304 1262/11/1304
f 1185/11/1305 1262/11/1304 1270/11/1305
f 1270/11/1305 1269/11/1303 1184/11/1303
f 1270/11/1305 1184/11/1303 1185/11/1305
f 1176/3/1340 1186/3/1273 1271/3/1404
f 1176/3/1340 1271/3/1404 1261/3/1405
f 1272/3/1406 1271/3/1404 1186/3/1273
f 1272/3/1406 1186/3/1273 1187/3/1273
f 1188/9/1339 1179/9/1304 1264/9/1407
f 1188/9/1339 1264/9/1407 1273/9/1353
f 1273/9/1353 1274/9/1353 1189/9/1339
f 1273/9/1353 1189/9/1339 1188/9/1339
f 1178/4/1340 1190/4/1283 1275/4/1408
f 1178/4/1340 1275/4/1408 1263/4/1409
f 1276/4/1410 1275/4/1408 1190/4/1283
f 1276/4/1410 1190/4/1283 1191/4/1302
f 1277/22/1411 1276/22/1410 1191/22/1302
f 1277/22/1411 1191/22/1302 1192/22/1303
f 1193/7/1305 1181/7/1339 1266/7/1353
f 1193/7/1305 1266/7/1353 1278/7/1412
f 1278/7/1412 1277/7/1411 1192/7/1303
f 1278/7/1412 1192/7/1303 1193/7/1305
f 1187/4/1273 1194/4/1283 1279/4/1408
f 1187/4/1273 1279/4/1408 1272/4/1406
f 1280/4/1413 1279/4/1408 1194/4/1283
f 1280/4/1413 1194/4/1283 1195/4/1338
f 1196/4/1305 1189/4/1339 1274/4/1353
f 1196/4/1305 1274/4/1353 1281/4/1412
f 1281/4/1412 1280/4/1413 1195/4/1338
f 1281/4/1412 1195/4/1338 1196/4/1305
f 1283/15/1415 1284/15/1416 1285/15/1417
f 1283/15/1415 1285/15/1417 1282/15/1414
f 1197/15/1357 1284/15/1418 1283/15/1419
f 1197/15/1357 1283/15/1419 1198/15/1358
f 1199/15/1360 1198/15/1359 1283/15/1420
f 1199/15/1360 1283/15/1420 1282/15/1421
f 1199/13/1360 1282/13/1422 1286/13/1423
f 1199/13/1360 1286/13/1423 1200/13/1361
f 1201/4/1362 1200/4/1361 1286/4/1423
f 1201/4/1362 1286/4/1423 1287/4/1424
f 1202/8/1363 1201/8/1362 1287/8/1424
f 1202/8/1363 1287/8/1424 1288/8/1425
f 1289/6/1426 1288/6/1427 1290/6/1428
f 1289/6/1426 1290/6/1428 1291/6/1429
f 1202/6/1363 1288/6/1430 1289/6/1426
f 1202/6/1363 1289/6/1426 1203/6/1364
f 1289/12/1426 1291/12/1432 1293/12/1433
f 1289/12/1426 1293/12/1433 1292/12/1431
f 1204/12/1365 1203/12/1364 1289/12/1426
f 1204/12/1365 1289/12/1426 1292/12/1434
f 1204/16/1365 1292/16/1435 1294/16/1436
f 1204/16/1365 1294/16/1436 1205/16/1366
f 1206/6/1346 1205/6/1366 1294/6/1436
f 1206/6/1346 1294/6/1436 1295/6/1370
f 1296/4/1371 1295/4/1371 1297/4/1371
f 1296/4/1371 1297/4/1371 1298/4/1437
f 1208/4/1367 1207/4/1347 1296/4/1371
f 1208/4/1367 1296/4/1371 1298/4/1438
f 1206/4/1346 1295/4/1374 1296/4/1371
f 1206/4/1346 1296/4/1371 1207/4/1347
f 1210/18/1247 1209/18/1247 1299/18/1439
f 1210/18/1247 1299/18/1439 1300/18/1440
f 1211/18/1073 1210/18/1247 1300/18/1440
f 1211/18/1073 1300/18/1440 1301/18/1360
f 1212/4/560 1211/4/1073 1301/4/1360
f 1212/4/560 1301/4/1360 1302/4/1366
f 1213/6/1248 1212/6/560 1302/6/1366
f 1213/6/1248 1302/6/1366 1303/6/1346
f 1215/8/1250 1214/8/1249 1304/8/1347
f 1215/8/1250 1304/8/1347 1305/8/1441
f 1214/8/1249 1213/8/1248 1303/8/1346
f 1214/8/1249 1303/8/1346 1304/8/1347
f 1197/1/1357 1216/1/1368 1306/1/1442
f 1197/1/1357 1306/1/1442 1284/1/1418
f 1208/8/1367 1298/8/1443 1307/8/1444
f 1208/8/1367 1307/8/1444 1217/8/1369
f 1220/6/1372 1218/6/1445 1308/6/1446
f 1220/6/1372 1308/6/1446 1309/6/1447
f 1217/6/1369 1307/6/1444 1308/6/1446
f 1217/6/1369 1308/6/1446 1218/6/1448
f 1223/4/1071 1222/4/1070 1310/4/1070
f 1223/4/1071 1310/4/1070 1311/4/1071
f 1224/4/1073 1223/4/1072 1311/4/1072
f 1224/4/1073 1311/4/1072 1312/4/1073
f 1225/4/560 1224/4/1073 1312/4/1073
f 1225/4/560 1312/4/1073 1313/4/560
f 1226/21/560 1225/21/560 1313/21/560
f 1226/21/560 1313/21/560 1314/21/560
f 1227/20/1073 1226/20/560 1314/20/560
f 1227/20/1073 1314/20/560 1315/20/1449
f 1209/12/1247 1227/12/1073 1315/12/1449
f 1209/12/1247 1315/12/1449 1299/12/1439
f 1216/4/560 1215/4/560 1305/4/1450
f 1216/4/560 1305/4/1450 1306/4/1450
f 1220/8/1372 1309/8/1447 1316/8/1451
f 1220/8/1372 1316/8/1451 1221/8/1373
f 1317/8/1452 1316/8/1451 1318/8/1453
f 1317/8/1452 1318/8/1453 1319/8/1454
f 1229/8/1376 1228/8/1375 1317/8/1455
f 1229/8/1376 1317/8/1455 1319/8/1456
f 1221/8/1373 1316/8/1451 1317/8/1452
f 1221/8/1373 1317/8/1452 1228/8/1457
f 1222/4/1070 1230/4/961 1320/4/961
f 1222/4/1070 1320/4/961 1310/4/1070
f 1229/8/1376 1319/8/1458 1321/8/1459
f 1229/8/1376 1321/8/1459 1231/8/1378
f 1230/4/961 1232/4/961 1322/4/961
f 1230/4/961 1322/4/961 1320/4/961
f 1233/8/1264 1231/8/1378 1321/8/1459
f 1233/8/1264 1321/8/1459 1323/8/1350
f 1232/4/961 1234/4/961 1324/4/961
f 1232/4/961 1324/4/961 1322/4/961
f 1235/8/1264 1233/8/1264 1323/8/1350
f 1235/8/1264 1323/8/1350 1325/8/1460
f 1234/4/961 1236/4/961 1326/4/961
f 1234/4/961 1326/4/961 1324/4/961
f 1237/8/1350 1235/8/1264 1325/8/1460
f 1237/8/1350 1325/8/1460 1327/8/1461
f 1236/4/961 1238/4/961 1328/4/1462
f 1236/4/961 1328/4/1462 1326/4/961
f 1239/8/1379 1237/8/1350 1327/8/1461
f 1239/8/1379 1327/8/1461 1329/8/1463
f 1238/4/961 1240/4/1267 1330/4/1464
f 1238/4/961 1330/4/1464 1328/4/1462
f 1331/11/1466 1332/11/1467 1333/11/1468
f 1331/11/1466 1333/11/1468 1329/11/1465
f 1239/11/1379 1329/11/1470 1333/11/1468
f 1239/11/1379 1333/11/1468 1241/11/1469
f 1333/11/1468 1332/11/1467 1244/11/1382
f 1333/11/1468 1244/11/1382 1241/11/1471
f 1240/4/1267 1242/4/1272 1334/4/1472
f 1240/4/1267 1334/4/1472 1330/4/1464
f 1335/4/1406 1334/4/1472 1242/4/1272
f 1335/4/1406 1242/4/1272 1243/4/1273
f 1244/8/1382 1332/8/1467 1336/8/1473
f 1244/8/1382 1336/8/1473 1245/8/1383
f 1336/8/1473 1337/8/1473 1249/8/1390
f 1336/8/1473 1249/8/1390 1245/8/1383
f 1243/4/1273 1247/4/1388 1338/4/1474
f 1243/4/1273 1338/4/1474 1335/4/1406
f 1338/4/1474 1247/4/1388 1248/4/1389
f 1338/4/1474 1248/4/1389 1339/4/1475
f 1249/11/1390 1337/11/1473 1340/11/1476
f 1249/11/1390 1340/11/1476 1250/11/1393
f 1341/4/1477 1339/4/1475 1342/4/1478
f 1341/4/1477 1342/4/1478 1343/4/1479
f 1248/4/1389 1252/4/1394 1342/4/1478
f 1248/4/1389 1342/4/1478 1339/4/1475
f 1342/4/1478 1252/4/1394 1253/4/1395
f 1342/4/1478 1253/4/1395 1343/4/1480
f 1344/20/1481 1343/20/1482 1253/20/1395
f 1344/20/1481 1253/20/1395 1254/20/1396
f 1345/5/1483 1344/5/1481 1254/5/1396
f 1345/5/1483 1254/5/1396 1255/5/1283
f 1347/4/1485 1348/4/1486 1349/4/1487
f 1347/4/1485 1349/4/1487 1346/4/1484
f 1349/4/1487 1348/4/1488 1257/4/1398
f 1349/4/1487 1257/4/1398 1256/4/1397
f 1346/11/1484 1349/11/1490 1350/11/1491
f 1346/11/1484 1350/11/1491 1340/11/1489
f 1250/11/1393 1340/11/1476 1350/11/1493
f 1250/11/1393 1350/11/1493 1258/11/1492
f 1350/11/1494 1349/11/1495 1256/11/1397
f 1350/11/1494 1256/11/1397 1258/11/1401
f 1255/4/1283 1259/4/1273 1351/4/1404
f 1255/4/1283 1351/4/1404 1345/4/1483
f 1352/4/1406 1351/4/1404 1259/4/1273
f 1352/4/1406 1259/4/1273 1260/4/1273
f 1354/4/1497 1262/4/1402 1261/4/1402
f 1354/4/1497 1261/4/1402 1353/4/1496
f 1355/7/1498 1356/7/1498 1357/7/1499
f 1355/7/1498 1357/7/1499 1358/7/1500
f 1358/7/1501 1357/7/1502 1264/7/1403
f 1358/7/1501 1264/7/1403 1263/7/1403
f 1359/4/1503 1360/4/1488 1361/4/1503
f 1359/4/1503 1361/4/1503 1348/4/1488
f 1257/4/1398 1348/4/1504 1361/4/1503
f 1257/4/1398 1361/4/1503 1265/4/1353
f 1361/4/1503 1360/4/1488 1266/4/1353
f 1361/4/1503 1266/4/1353 1265/4/1353
f 1260/4/1273 1267/4/1283 1362/4/1408
f 1260/4/1273 1362/4/1408 1352/4/1406
f 1363/4/1410 1362/4/1408 1267/4/1283
f 1363/4/1410 1267/4/1283 1268/4/1302
f 1364/4/1411 1363/4/1410 1268/4/1302
f 1364/4/1411 1268/4/1302 1269/4/1303
f 1270/5/1305 1262/5/1304 1354/5/1407
f 1270/5/1305 1354/5/1407 1365/5/1412
f 1365/5/1412 1364/5/1411 1269/5/1303
f 1365/5/1412 1269/5/1303 1270/5/1305
f 1366/3/1505 1353/3/1506 1367/3/1507
f 1366/3/1505 1367/3/1507 1368/3/1508
f 1261/3/1405 1271/3/1404 1367/3/1507
f 1261/3/1405 1367/3/1507 1353/3/1509
f 1367/3/1507 1271/3/1404 1272/3/1406
f 1367/3/1507 1272/3/1406 1368/3/1508
f 1369/9/1503 1370/9/1488 1371/9/1503
f 1369/9/1503 1371/9/1503 1357/9/1510
f 1264/9/1407 1357/9/1511 1371/9/1503
f 1264/9/1407 1371/9/1503 1273/9/1353
f 1371/9/1503 1370/9/1488 1274/9/1353
f 1371/9/1503 1274/9/1353 1273/9/1353
f 1372/4/1512 1358/4/1513 1373/4/1514
f 1372/4/1512 1373/4/1514 1374/4/1515
f 1263/4/1409 1275/4/1408 1373/4/1516
f 1263/4/1409 1373/4/1516 1358/4/1517
f 1373/4/1518 1275/4/1408 1276/4/1410
f 1373/4/1518 1276/4/1410 1374/4/1515
f 1375/16/1519 1372/16/1512 1374/16/1515
f 1375/16/1519 1374/16/1515 1376/16/1520
f 1376/16/1520 1374/16/1515 1276/16/1410
f 1376/16/1520 1276/16/1410 1277/16/1411
f 1375/22/1519 1376/22/1520 1377/22/1521
f 1375/22/1519 1377/22/1521 1360/22/1486
f 1266/22/1353 1360/22/1504 1377/22/1522
f 1266/22/1353 1377/22/1522 1278/22/1412
f 1377/22/1523 1376/22/1520 1277/22/1411
f 1377/22/1523 1277/22/1411 1278/22/1412
f 1378/4/1524 1368/4/1525 1379/4/1514
f 1378/4/1524 1379/4/1514 1380/4/1526
f 1272/4/1406 1279/4/1408 1379/4/1516
f 1272/4/1406 1379/4/1516 1368/4/1527
f 1379/4/1518 1279/4/1408 1280/4/1413
f 1379/4/1518 1280/4/1413 1380/4/1528
f 1378/4/1529 1380/4/1530 1381/4/1521
f 1378/4/1529 1381/4/1521 1370/4/1486
f 1274/4/1353 1370/4/1504 1381/4/1522
f 1274/4/1353 1381/4/1522 1281/4/1412
f 1381/4/1523 1380/4/1531 1280/4/1413
f 1381/4/1523 1280/4/1413 1281/4/1412
f 1285/19/1417 1382/19/1533 1383/19/1534
f 1285/19/1417 1383/19/1534 1282/19/1532
f 1286/19/1423 1282/19/1421 1383/19/1534
f 1286/19/1423 1383/19/1534 1384/19/1535
f 1287/4/1424 1286/4/1423 1384/4/1535
f 1287/4/1424 1384/4/1535 1385/4/1536
f 1290/8/1537 1288/8/1538 1386/8/1539
f 1290/8/1537 1386/8/1539 1387/8/1539
f 1287/8/1424 1385/8/1536 1386/8/1539
f 1287/8/1424 1386/8/1539 1288/8/1540
f 1293/8/1542 1388/8/1534 1389/8/1534
f 1293/8/1542 1389/8/1534 1292/8/1541
f 1294/8/1436 1292/8/1543 1389/8/1534
f 1294/8/1436 1389/8/1534 1390/8/1544
f 1297/8/1371 1295/8/1445 1391/8/1539
f 1297/8/1371 1391/8/1539 1392/8/1545
f 1294/8/1436 1390/8/1544 1391/8/1539
f 1294/8/1436 1391/8/1539 1295/8/1448
f 1394/4/1546 1395/4/1546 1396/4/1546
f 1394/4/1546 1396/4/1546 1393/4/1546
f 1299/4/1439 1395/4/1547 1394/4/1546
f 1299/4/1439 1394/4/1546 1300/4/1440
f 1301/4/1360 1300/4/1440 1394/4/1546
f 1301/4/1360 1394/4/1546 1393/4/1548
f 1301/4/1360 1393/4/1422 1397/4/1436
f 1301/4/1360 1397/4/1436 1302/4/1366
f 1303/8/1346 1302/8/1366 1397/8/1436
f 1303/8/1346 1397/8/1436 1398/8/1370
f 1399/4/1371 1398/4/1371 1400/4/1371
f 1399/4/1371 1400/4/1371 1401/4/1371
f 1305/4/1441 1304/4/1347 1399/4/1371
f 1305/4/1441 1399/4/1371 1401/4/1371
f 1303/4/1346 1398/4/1374 1399/4/1371
f 1303/4/1346 1399/4/1371 1304/4/1347
f 1306/4/1442 1402/4/1549 1403/4/1550
f 1306/4/1442 1403/4/1550 1284/4/1418
f 1285/4/1417 1284/4/1551 1403/4/1550
f 1285/4/1417 1403/4/1550 1382/4/1533
f 1290/6/1553 1387/6/1539 1404/6/1544
f 1290/6/1553 1404/6/1544 1291/6/1552
f 1293/18/1554 1291/18/1555 1404/18/1544
f 1293/18/1554 1404/18/1544 1388/18/1534
f 1297/4/1371 1392/4/1545 1405/4/1556
f 1297/4/1371 1405/4/1556 1298/4/1438
f 1307/8/1444 1298/8/1438 1405/8/1556
f 1307/8/1444 1405/8/1556 1406/8/1557
f 1407/6/1371 1406/6/1557 1408/6/1558
f 1407/6/1371 1408/6/1558 1409/6/1559
f 1309/6/1447 1308/6/1446 1407/6/1371
f 1309/6/1447 1407/6/1371 1409/6/1559
f 1307/6/1444 1406/6/1557 1407/6/1371
f 1307/6/1444 1407/6/1371 1308/6/1446
f 1311/10/1071 1310/10/1070 1410/10/1070
f 1311/10/1071 1410/10/1070 1411/10/1071
f 1312/10/1073 1311/10/1072 1411/10/1072
f 1312/10/1073 1411/10/1072 1412/10/1073
f 1313/10/560 1312/10/1073 1412/10/1073
f 1313/10/560 1412/10/1073 1413/10/560
f 1314/4/560 1313/4/560 1413/4/560
f 1314/4/560 1413/4/560 1414/4/560
f 1315/4/1449 1314/4/560 1414/4/560
f 1315/4/1449 1414/4/560 1415/4/1423
f 1299/4/1439 1315/4/1449 1415/4/1423
f 1299/4/1439 1415/4/1423 1395/4/1421
f 1305/15/1450 1401/15/1560 1402/15/1561
f 1305/15/1450 1402/15/1561 1306/15/1450
f 1318/8/1453 1316/8/1451 1416/8/1562
f 1318/8/1453 1416/8/1562 1417/8/1563
f 1309/8/1447 1409/8/1559 1416/8/1562
f 1309/8/1447 1416/8/1562 1316/8/1451
f 1310/4/1070 1320/4/961 1418/4/961
f 1310/4/1070 1418/4/961 1410/4/1070
f 1321/8/1459 1319/8/1456 1419/8/1564
f 1321/8/1459 1419/8/1564 1420/8/1565
f 1318/8/1453 1417/8/1563 1419/8/1564
f 1318/8/1453 1419/8/1564 1319/8/1566
f 1320/4/961 1322/4/961 1421/4/961
f 1320/4/961 1421/4/961 1418/4/961
f 1323/8/1350 1321/8/1459 1420/8/1565
f 1323/8/1350 1420/8/1565 1422/8/1567
f 1322/10/961 1324/10/961 1423/10/961
f 1322/10/961 1423/10/961 1421/10/961
f 1325/8/1460 1323/8/1350 1422/8/1567
f 1325/8/1460 1422/8/1567 1424/8/1568
f 1324/4/961 1326/4/961 1425/4/961
f 1324/4/961 1425/4/961 1423/4/961
f 1426/8/1570 1427/8/1571 1428/8/1572
f 1426/8/1570 1428/8/1572 1424/8/1569
f 1325/8/1460 1424/8/1573 1428/8/1572
f 1325/8/1460 1428/8/1572 1327/8/1461
f 1326/4/961 1328/4/1462 1429/4/1574
f 1326/4/961 1429/4/1574 1425/4/961
f 1427/8/1571 1430/8/1575 1431/8/1576
f 1427/8/1571 1431/8/1576 1428/8/1572
f 1327/8/1461 1428/8/1572 1431/8/1576
f 1327/8/1461 1431/8/1576 1329/8/1470
f 1431/8/1576 1430/8/1575 1331/8/1466
f 1431/8/1576 1331/8/1466 1329/8/1465
f 1330/4/1464 1432/4/1577 1429/4/1574
f 1330/4/1464 1429/4/1574 1328/4/1462
f 1331/8/1466 1430/8/1575 1433/8/1578
f 1331/8/1466 1433/8/1578 1332/8/1467
f 1434/4/1579 1432/4/1580 1435/4/1581
f 1434/4/1579 1435/4/1581 1436/4/1582
f 1330/4/1464 1334/4/1472 1435/4/1583
f 1330/4/1464 1435/4/1583 1432/4/1584
f 1435/4/1585 1334/4/1472 1335/4/1406
f 1435/4/1585 1335/4/1406 1436/4/1582
f 1437/8/1586 1438/8/1587 1439/8/1390
f 1437/8/1586 1439/8/1390 1433/8/1578
f 1332/8/1467 1433/8/1578 1439/8/1390
f 1332/8/1467 1439/8/1390 1336/8/1473
f 1439/8/1390 1438/8/1587 1337/8/1473
f 1439/8/1390 1337/8/1473 1336/8/1473
f 1440/4/1507 1436/4/1582 1441/4/1505
f 1440/4/1507 1441/4/1505 1442/4/1588
f 1335/4/1406 1338/4/1474 1441/4/1505
f 1335/4/1406 1441/4/1505 1436/4/1582
f 1441/4/1505 1338/4/1474 1339/4/1475
f 1441/4/1505 1339/4/1475 1442/4/1588
f 1442/4/1588 1339/4/1475 1341/4/1477
f 1442/4/1588 1341/4/1477 1443/4/1589
f 1444/4/1590 1445/4/1591 1347/4/1592
f 1444/4/1590 1347/4/1592 1346/4/1484
f 1446/2/1593 1444/2/1590 1447/2/1594
f 1446/2/1593 1447/2/1594 1438/2/1587
f 1337/2/1473 1438/2/1587 1447/2/1594
f 1337/2/1473 1447/2/1594 1340/2/1595
f 1447/2/1594 1444/2/1590 1346/2/1484
f 1447/2/1594 1346/2/1484 1340/2/1596
f 1448/4/1597 1443/4/1589 1449/4/1597
f 1448/4/1597 1449/4/1597 1450/4/1589
f 1341/4/1477 1343/4/1479 1449/4/1597
f 1341/4/1477 1449/4/1597 1443/4/1589
f 1449/4/1597 1343/4/1480 1344/4/1481
f 1449/4/1597 1344/4/1481 1450/4/1589
f 1450/5/1589 1344/5/1481 1345/5/1483
f 1450/5/1589 1345/5/1483 1451/5/1588
f 1453/22/1598 1356/22/1413 1355/22/1413
f 1453/22/1598 1355/22/1413 1452/22/1598
f 1347/4/1599 1445/4/1591 1454/4/1600
f 1347/4/1599 1454/4/1600 1348/4/1504
f 1454/4/1600 1455/4/1600 1359/4/1503
f 1454/4/1600 1359/4/1503 1348/4/1488
f 1456/4/1505 1451/4/1588 1457/4/1507
f 1456/4/1505 1457/4/1507 1458/4/1508
f 1345/4/1483 1351/4/1404 1457/4/1507
f 1345/4/1483 1457/4/1507 1451/4/1588
f 1457/4/1507 1351/4/1404 1352/4/1406
f 1457/4/1507 1352/4/1406 1458/4/1508
f 1460/4/1601 1461/4/1602 1462/4/1601
f 1460/4/1601 1462/4/1601 1459/4/1601
f 1462/4/1603 1461/4/1604 1354/4/1497
f 1462/4/1603 1354/4/1497 1353/4/1605
f 1462/3/1607 1353/3/1608 1366/3/1505
f 1462/3/1607 1366/3/1505 1463/3/1606
f 1356/9/1609 1453/9/1609 1464/9/1600
f 1356/9/1609 1464/9/1600 1357/9/1511
f 1464/9/1600 1465/9/1600 1369/9/1503
f 1464/9/1600 1369/9/1503 1357/9/1610
f 1355/18/1611 1358/18/1517 1466/18/1612
f 1355/18/1611 1466/18/1612 1452/18/1611
f 1466/18/1612 1358/18/1614 1372/18/1512
f 1466/18/1612 1372/18/1512 1467/18/1613
f 1468/7/1615 1467/7/1613 1372/7/1512
f 1468/7/1615 1372/7/1512 1375/7/1519
f 1359/4/1503 1455/4/1600 1469/4/1616
f 1359/4/1503 1469/4/1616 1360/4/1504
f 1469/4/1616 1468/4/1615 1375/4/1519
f 1469/4/1616 1375/4/1519 1360/4/1488
f 1470/4/1512 1458/4/1525 1471/4/1514
f 1470/4/1512 1471/4/1514 1472/4/1515
f 1352/4/1406 1362/4/1408 1471/4/1516
f 1352/4/1406 1471/4/1516 1458/4/1527
f 1471/4/1518 1362/4/1408 1363/4/1410
f 1471/4/1518 1363/4/1410 1472/4/1515
f 1473/4/1519 1470/4/1512 1472/4/1515
f 1473/4/1519 1472/4/1515 1474/4/1520
f 1474/4/1520 1472/4/1515 1363/4/1410
f 1474/4/1520 1363/4/1410 1364/4/1411
f 1473/4/1519 1474/4/1520 1475/4/1521
f 1473/4/1519 1475/4/1521 1461/4/1617
f 1354/4/1407 1461/4/1618 1475/4/1522
f 1354/4/1407 1475/4/1522 1365/4/1412
f 1475/4/1523 1474/4/1520 1364/4/1411
f 1475/4/1523 1364/4/1411 1365/4/1412
f 1366/4/1505 1368/4/1527 1476/4/1619
f 1366/4/1505 1476/4/1619 1463/4/1606
f 1476/4/1619 1368/4/1508 1378/4/1621
f 1476/4/1619 1378/4/1621 1477/4/1620
f 1369/4/1503 1465/4/1600 1478/4/1616
f 1369/4/1503 1478/4/1616 1370/4/1504
f 1478/4/1616 1477/4/1620 1378/4/1622
f 1478/4/1616 1378/4/1622 1370/4/1488
f 1480/4/1433 1481/4/1431 1482/4/1624
f 1480/4/1433 1482/4/1624 1479/4/1623
f 1382/4/1533 1481/4/1625 1480/4/1542
f 1382/4/1533 1480/4/1542 1383/4/1534
f 1384/4/1535 1383/4/1534 1480/4/1554
f 1384/4/1535 1480/4/1554 1479/4/1623
f 1483/4/1626 1479/4/1623 1482/4/1624
f 1483/4/1626 1482/4/1624 1484/4/1627
f 1385/4/1536 1384/4/1535 1479/4/1623
f 1385/4/1536 1479/4/1623 1483/4/1626
f 1485/8/1428 1483/8/1626 1484/8/1627
f 1485/8/1428 1484/8/1627 1486/8/1628
f 1387/8/1539 1386/8/1539 1485/8/1537
f 1387/8/1539 1485/8/1537 1486/8/1538
f 1385/8/1536 1483/8/1626 1485/8/1553
f 1385/8/1536 1485/8/1553 1386/8/1539
f 1488/3/1433 1489/3/1629 1490/3/1630
f 1488/3/1433 1490/3/1630 1487/3/1432
f 1388/3/1534 1489/3/1541 1488/3/1542
f 1388/3/1534 1488/3/1542 1389/3/1534
f 1390/3/1544 1389/3/1534 1488/3/1554
f 1390/3/1544 1488/3/1554 1487/3/1555
f 1491/4/1428 1487/4/1429 1490/4/1630
f 1491/4/1428 1490/4/1630 1492/4/1631
f 1392/4/1545 1391/4/1539 1491/4/1537
f 1392/4/1545 1491/4/1537 1492/4/1632
f 1390/4/1544 1487/4/1552 1491/4/1553
f 1390/4/1544 1491/4/1553 1391/4/1539
f 1396/5/1546 1493/5/1440 1494/5/1439
f 1396/5/1546 1494/5/1439 1393/5/1547
f 1397/5/1436 1393/5/1421 1494/5/1439
f 1397/5/1436 1494/5/1439 1495/5/1633
f 1400/4/1371 1398/4/1445 1496/4/1367
f 1400/4/1371 1496/4/1367 1497/4/1347
f 1397/4/1436 1495/4/1633 1496/4/1367
f 1397/4/1436 1496/4/1367 1398/4/1448
f 1403/19/1550 1402/19/1634 1498/19/1635
f 1403/19/1550 1498/19/1635 1499/19/1636
f 1382/19/1533 1403/19/1550 1499/19/1636
f 1382/19/1533 1499/19/1636 1481/19/1637
f 1387/6/1539 1486/6/1638 1500/6/1639
f 1387/6/1539 1500/6/1639 1404/6/1544
f 1388/16/1534 1404/16/1544 1500/16/1639
f 1388/16/1534 1500/16/1639 1489/16/1640
f 1392/8/1545 1492/8/1641 1501/8/1642
f 1392/8/1545 1501/8/1642 1405/8/1556
f 1502/6/1643 1501/6/1642 1503/6/1644
f 1502/6/1643 1503/6/1644 1504/6/1645
f 1408/6/1558 1406/6/1557 1502/6/1643
f 1408/6/1558 1502/6/1643 1504/6/1645
f 1405/6/1556 1501/6/1642 1502/6/1643
f 1405/6/1556 1502/6/1643 1406/6/1557
f 1411/11/1071 1410/11/1070 1505/11/1646
f 1411/11/1071 1505/11/1646 1506/11/1358
f 1412/11/1073 1411/11/1072 1506/11/1647
f 1412/11/1073 1506/11/1647 1507/11/1648
f 1413/11/560 1412/11/1073 1507/11/1648
f 1413/11/560 1507/11/1648 1508/11/1649
f 1414/4/560 1413/4/560 1508/4/1649
f 1414/4/560 1508/4/1649 1509/4/1365
f 1415/7/1423 1414/7/560 1509/7/1365
f 1415/7/1423 1509/7/1365 1510/7/1650
f 1415/9/1423 1510/9/1650 1511/9/1360
f 1415/9/1423 1511/9/1360 1395/9/1422
f 1396/9/1546 1395/9/1548 1511/9/1360
f 1396/9/1546 1511/9/1360 1493/9/1440
f 1400/19/1371 1497/19/1347 1512/19/1652
f 1400/19/1371 1512/19/1652 1401/19/1651
f 1401/13/1560 1512/13/1652 1498/13/1635
f 1401/13/1560 1498/13/1635 1402/13/1653
f 1408/6/1558 1504/6/1645 1513/6/1654
f 1408/6/1558 1513/6/1654 1409/6/1559
f 1514/3/1655 1513/3/1654 1515/3/1656
f 1514/3/1655 1515/3/1656 1516/3/1657
f 1417/3/1563 1416/3/1562 1514/3/1655
f 1417/3/1563 1514/3/1655 1516/3/1657
f 1409/3/1559 1513/3/1654 1514/3/1655
f 1409/3/1559 1514/3/1655 1416/3/1562
f 1410/4/1070 1418/4/961 1517/4/1658
f 1410/4/1070 1517/4/1658 1505/4/1646
f 1518/3/1659 1516/3/1660 1519/3/1661
f 1518/3/1659 1519/3/1661 1520/3/1662
f 1420/3/1565 1419/3/1564 1518/3/1663
f 1420/3/1565 1518/3/1663 1520/3/1662
f 1417/3/1563 1516/3/1664 1518/3/1665
f 1417/3/1563 1518/3/1665 1419/3/1564
f 1418/4/961 1421/4/961 1521/4/961
f 1418/4/961 1521/4/961 1517/4/1658
f 1520/2/1662 1519/2/1661 1522/2/1666
f 1520/2/1662 1522/2/1666 1523/2/1667
f 1422/2/1567 1420/2/1565 1520/2/1662
f 1422/2/1567 1520/2/1662 1523/2/1667
f 1421/11/961 1423/11/961 1524/11/961
f 1421/11/961 1524/11/961 1521/11/961
f 1522/8/1666 1525/8/1668 1526/8/1669
f 1522/8/1666 1526/8/1669 1523/8/1667
f 1422/8/1567 1523/8/1667 1526/8/1670
f 1422/8/1567 1526/8/1670 1424/8/1573
f 1526/8/1671 1525/8/1668 1426/8/1570
f 1526/8/1671 1426/8/1570 1424/8/1672
f 1423/4/961 1425/4/961 1527/4/1462
f 1423/4/961 1527/4/1462 1524/4/961
f 1528/8/1673 1529/8/1666 1530/8/1674
f 1528/8/1673 1530/8/1674 1525/8/1668
f 1426/8/1570 1525/8/1668 1530/8/1674
f 1426/8/1570 1530/8/1674 1427/8/1571
f 1425/11/961 1429/11/1574 1531/11/1675
f 1425/11/961 1531/11/1675 1527/11/1462
f 1530/8/1674 1529/8/1666 1532/8/1666
f 1530/8/1674 1532/8/1666 1533/8/1676
f 1427/8/1571 1530/8/1674 1533/8/1676
f 1427/8/1571 1533/8/1676 1430/8/1575
f 1429/4/1574 1432/4/1584 1534/4/1677
f 1429/4/1574 1534/4/1677 1531/4/1675
f 1534/4/1677 1432/4/1679 1434/4/1579
f 1534/4/1677 1434/4/1579 1535/4/1678
f 1532/8/1666 1536/8/1680 1537/8/1681
f 1532/8/1666 1537/8/1681 1533/8/1676
f 1430/8/1575 1533/8/1676 1537/8/1681
f 1430/8/1575 1537/8/1681 1433/8/1578
f 1537/8/1681 1536/8/1680 1437/8/1586
f 1537/8/1681 1437/8/1586 1433/8/1578
f 1434/4/1579 1436/4/1582 1538/4/1682
f 1434/4/1579 1538/4/1682 1535/4/1678
f 1538/4/1682 1436/4/1582 1440/4/1507
f 1538/4/1682 1440/4/1507 1539/4/1683
f 1540/6/1684 1541/6/1685 1542/6/1686
f 1540/6/1684 1542/6/1686 1536/6/1680
f 1437/6/1586 1536/6/1680 1542/6/1686
f 1437/6/1586 1542/6/1686 1438/6/1587
f 1542/6/1686 1541/6/1685 1446/6/1593
f 1542/6/1686 1446/6/1593 1438/6/1587
f 1440/4/1507 1442/4/1588 1543/4/1687
f 1440/4/1507 1543/4/1687 1539/4/1683
f 1543/4/1687 1442/4/1588 1443/4/1589
f 1543/4/1687 1443/4/1589 1544/4/1688
f 1544/4/1688 1443/4/1589 1448/4/1597
f 1544/4/1688 1448/4/1597 1545/4/1689
f 1546/4/1686 1547/4/1690 1548/4/1691
f 1546/4/1686 1548/4/1691 1541/4/1685
f 1446/4/1593 1541/4/1685 1548/4/1691
f 1446/4/1593 1548/4/1691 1444/4/1590
f 1548/4/1691 1547/4/1690 1445/4/1591
f 1548/4/1691 1445/4/1591 1444/4/1590
f 1549/5/1478 1545/5/1689 1550/5/1477
f 1549/5/1478 1550/5/1477 1551/5/1475
f 1448/5/1597 1450/5/1589 1550/5/1477
f 1448/5/1597 1550/5/1477 1545/5/1689
f 1550/5/1477 1450/5/1589 1451/5/1588
f 1550/5/1477 1451/5/1588 1551/5/1475
f 1551/4/1475 1451/4/1588 1456/4/1505
f 1551/4/1475 1456/4/1505 1552/4/1474
f 1554/4/1692 1460/4/1413 1459/4/1413
f 1554/4/1692 1459/4/1413 1553/4/1692
f 1555/23/1693 1556/23/1693 1557/23/1694
f 1555/23/1693 1557/23/1694 1558/23/1695
f 1558/23/1696 1557/23/1697 1453/23/1598
f 1558/23/1696 1453/23/1598 1452/23/1598
f 1559/4/1686 1560/4/1698 1561/4/1503
f 1559/4/1686 1561/4/1503 1547/4/1690
f 1445/4/1591 1547/4/1690 1561/4/1503
f 1445/4/1591 1561/4/1503 1454/4/1600
f 1561/4/1503 1560/4/1698 1455/4/1600
f 1561/4/1503 1455/4/1600 1454/4/1600
f 1456/4/1505 1458/4/1527 1562/4/1699
f 1456/4/1505 1562/4/1699 1552/4/1474
f 1562/4/1699 1458/4/1508 1470/4/1512
f 1562/4/1699 1470/4/1512 1563/4/1700
f 1564/4/1701 1563/4/1700 1470/4/1512
f 1564/4/1701 1470/4/1512 1473/4/1519
f 1460/5/1609 1554/5/1407 1565/5/1398
f 1460/5/1609 1565/5/1398 1461/5/1618
f 1565/5/1398 1564/5/1701 1473/5/1519
f 1565/5/1398 1473/5/1519 1461/5/1702
f 1459/3/1703 1462/3/1704 1566/3/1705
f 1459/3/1703 1566/3/1705 1553/3/1703
f 1566/3/1705 1462/3/1607 1463/3/1606
f 1566/3/1705 1463/3/1606 1567/3/1706
f 1568/9/1686 1569/9/1708 1570/9/1503
f 1568/9/1686 1570/9/1503 1557/9/1707
f 1453/9/1609 1557/9/1709 1570/9/1503
f 1453/9/1609 1570/9/1503 1464/9/1600
f 1570/9/1503 1569/9/1708 1465/9/1600
f 1570/9/1503 1465/9/1600 1464/9/1600
f 1571/23/1710 1558/23/1711 1572/23/1514
f 1571/23/1710 1572/23/1514 1573/23/1515
f 1452/23/1611 1466/23/1612 1572/23/1516
f 1452/23/1611 1572/23/1516 1558/23/1712
f 1572/23/1518 1466/23/1612 1467/23/1613
f 1572/23/1518 1467/23/1613 1573/23/1515
f 1574/7/1713 1571/7/1710 1573/7/1515
f 1574/7/1713 1573/7/1515 1575/7/1520
f 1575/7/1520 1573/7/1515 1467/7/1613
f 1575/7/1520 1467/7/1613 1468/7/1615
f 1574/4/1713 1575/4/1520 1576/4/1521
f 1574/4/1713 1576/4/1521 1560/4/1714
f 1455/4/1600 1560/4/1715 1576/4/1522
f 1455/4/1600 1576/4/1522 1469/4/1616
f 1576/4/1523 1575/4/1520 1468/4/1615
f 1576/4/1523 1468/4/1615 1469/4/1616
f 1577/4/1716 1567/4/1717 1578/4/1718
f 1577/4/1716 1578/4/1718 1579/4/1719
f 1463/4/1606 1476/4/1619 1578/4/1720
f 1463/4/1606 1578/4/1720 1567/4/1704
f 1578/4/1722 1476/4/1619 1477/4/1620
f 1578/4/1722 1477/4/1620 1579/4/1721
f 1577/4/1716 1579/4/1724 1580/4/1521
f 1577/4/1716 1580/4/1521 1569/4/1723
f 1465/4/1600 1569/4/1725 1580/4/1522
f 1465/4/1600 1580/4/1522 1478/4/1616
f 1580/4/1523 1579/4/1531 1477/4/1620
f 1580/4/1523 1477/4/1620 1478/4/1616
f 1494/14/1439 1493/14/1440 1581/14/1439
f 1494/14/1439 1581/14/1439 1582/14/1726
f 1495/14/1633 1494/14/1439 1582/14/1726
f 1495/14/1633 1582/14/1726 1583/14/1727
f 1497/4/1347 1496/4/1367 1584/4/1728
f 1497/4/1347 1584/4/1728 1585/4/1729
f 1496/4/1367 1495/4/1633 1583/4/1727
f 1496/4/1367 1583/4/1727 1584/4/1728
f 1499/4/1636 1498/4/1635 1586/4/1730
f 1499/4/1636 1586/4/1730 1587/4/1731
f 1499/4/1636 1587/4/1731 1588/4/1732
f 1499/4/1636 1588/4/1732 1481/4/1637
f 1482/4/1624 1481/4/1733 1588/4/1732
f 1482/4/1624 1588/4/1732 1589/4/1734
f 1484/4/1627 1482/4/1624 1589/4/1734
f 1484/4/1627 1589/4/1734 1590/4/1735
f 1484/3/1627 1590/3/1735 1591/3/1737
f 1484/3/1627 1591/3/1737 1486/3/1736
f 1592/8/1630 1591/8/1738 1593/8/1739
f 1592/8/1630 1593/8/1739 1594/8/1740
f 1486/8/1736 1591/8/1737 1592/8/1630
f 1486/8/1736 1592/8/1630 1500/8/1639
f 1592/3/1630 1594/3/1740 1596/3/1742
f 1592/3/1630 1596/3/1742 1595/3/1741
f 1489/3/1743 1500/3/1639 1592/3/1630
f 1489/3/1743 1592/3/1630 1595/3/1744
f 1490/11/1630 1489/11/1743 1595/11/1744
f 1490/11/1630 1595/11/1744 1597/11/1745
f 1490/4/1630 1597/4/1745 1598/4/1747
f 1490/4/1630 1598/4/1747 1492/4/1746
f 1599/8/1748 1598/8/1749 1600/8/1750
f 1599/8/1748 1600/8/1750 1601/8/1751
f 1503/8/1644 1501/8/1642 1599/8/1748
f 1503/8/1644 1599/8/1748 1601/8/1752
f 1492/8/1753 1598/8/1749 1599/8/1748
f 1492/8/1753 1599/8/1748 1501/8/1642
f 1603/4/1755 1604/4/1756 1605/4/1757
f 1603/4/1755 1605/4/1757 1602/4/1754
f 1505/4/1646 1604/4/1758 1603/4/1419
f 1505/4/1646 1603/4/1419 1506/4/1358
f 1507/4/1648 1506/4/1647 1603/4/1759
f 1507/4/1648 1603/4/1759 1602/4/1760
f 1606/4/1624 1602/4/1761 1605/4/1757
f 1606/4/1624 1605/4/1757 1607/4/1762
f 1508/4/1649 1507/4/1648 1602/4/1761
f 1508/4/1649 1602/4/1761 1606/4/1624
f 1606/3/1624 1607/3/1762 1609/3/1764
f 1606/3/1624 1609/3/1764 1608/3/1763
f 1509/3/1365 1508/3/1649 1606/3/1624
f 1509/3/1365 1606/3/1624 1608/3/1765
f 1509/4/1365 1608/4/1766 1610/4/1767
f 1509/4/1365 1610/4/1767 1510/4/1650
f 1511/5/1360 1510/5/1650 1610/5/1767
f 1511/5/1360 1610/5/1767 1611/5/1768
f 1493/5/1440 1511/5/1360 1611/5/1768
f 1493/5/1440 1611/5/1768 1581/5/1439
f 1512/4/1652 1497/4/1347 1585/4/1729
f 1512/4/1652 1585/4/1729 1612/4/1769
f 1498/4/1635 1512/4/1652 1612/4/1769
f 1498/4/1635 1612/4/1769 1586/4/1730
f 1613/6/1770 1601/6/1771 1614/6/1772
f 1613/6/1770 1614/6/1772 1615/6/1773
f 1503/6/1644 1601/6/1774 1613/6/1775
f 1503/6/1644 1613/6/1775 1504/6/1645
f 1616/8/1776 1613/8/1775 1615/8/1773
f 1616/8/1776 1615/8/1773 1617/8/1777
f 1515/8/1656 1513/8/1654 1616/8/1776
f 1515/8/1656 1616/8/1776 1617/8/1778
f 1504/8/1645 1613/8/1779 1616/8/1776
f 1504/8/1645 1616/8/1776 1513/8/1654
f 1505/4/1646 1517/4/1658 1618/4/1780
f 1505/4/1646 1618/4/1780 1604/4/1758
f 1614/4/1782 1619/4/1783 1620/4/1783
f 1614/4/1782 1620/4/1783 1615/4/1781
f 1621/3/1784 1617/3/1778 1622/3/1661
f 1621/3/1784 1622/3/1661 1623/3/1661
f 1519/3/1661 1516/3/1657 1621/3/1784
f 1519/3/1661 1621/3/1784 1623/3/1661
f 1515/3/1656 1617/3/1785 1621/3/1784
f 1515/3/1656 1621/3/1784 1516/3/1657
f 1517/4/1658 1521/4/961 1624/4/1786
f 1517/4/1658 1624/4/1786 1618/4/1780
f 1623/2/1661 1622/2/1661 1625/2/1666
f 1623/2/1661 1625/2/1666 1626/2/1666
f 1522/2/1666 1519/2/1661 1623/2/1661
f 1522/2/1666 1623/2/1661 1626/2/1666
f 1521/4/961 1524/4/961 1627/4/1787
f 1521/4/961 1627/4/1787 1624/4/1786
f 1625/8/1666 1628/8/1788 1629/8/1673
f 1625/8/1666 1629/8/1673 1626/8/1666
f 1522/8/1666 1626/8/1666 1629/8/1673
f 1522/8/1666 1629/8/1673 1525/8/1668
f 1629/8/1673 1628/8/1788 1528/8/1673
f 1629/8/1673 1528/8/1673 1525/8/1668
f 1524/4/961 1527/4/1462 1630/4/1789
f 1524/4/961 1630/4/1789 1627/4/1787
f 1632/6/1791 1633/6/1792 1634/6/1793
f 1632/6/1791 1634/6/1793 1631/6/1790
f 1631/6/1794 1634/6/1793 1635/6/1795
f 1631/6/1794 1635/6/1795 1628/6/1788
f 1528/6/1673 1628/6/1796 1635/6/1795
f 1528/6/1673 1635/6/1795 1529/6/1666
f 1531/4/1675 1636/4/1797 1630/4/1789
f 1531/4/1675 1630/4/1789 1527/4/1462
f 1634/6/1793 1633/6/1798 1637/6/1799
f 1634/6/1793 1637/6/1799 1638/6/1800
f 1635/6/1795 1634/6/1793 1638/6/1800
f 1635/6/1795 1638/6/1800 1639/6/1801
f 1532/6/1666 1529/6/1666 1635/6/1795
f 1532/6/1666 1635/6/1795 1639/6/1801
f 1640/4/1802 1636/4/1803 1641/4/1581
f 1640/4/1802 1641/4/1581 1642/4/1804
f 1531/4/1675 1534/4/1677 1641/4/1583
f 1531/4/1675 1641/4/1583 1636/4/1805
f 1641/4/1585 1534/4/1677 1535/4/1678
f 1641/4/1585 1535/4/1678 1642/4/1804
f 1638/4/1800 1637/4/1799 1643/4/1806
f 1638/4/1800 1643/4/1806 1644/4/1807
f 1638/6/1800 1644/6/1807 1645/6/1808
f 1638/6/1800 1645/6/1808 1639/6/1801
f 1532/6/1666 1639/6/1801 1645/6/1809
f 1532/6/1666 1645/6/1809 1536/6/1680
f 1645/6/1810 1644/6/1811 1540/6/1684
f 1645/6/1810 1540/6/1684 1536/6/1680
f 1646/4/1812 1642/4/1804 1647/4/1813
f 1646/4/1812 1647/4/1813 1648/4/1814
f 1535/4/1678 1538/4/1682 1647/4/1813
f 1535/4/1678 1647/4/1813 1642/4/1804
f 1647/4/1813 1538/4/1682 1539/4/1683
f 1647/4/1813 1539/4/1683 1648/4/1814
f 1643/4/1806 1649/4/1816 1650/4/1817
f 1643/4/1806 1650/4/1817 1644/4/1815
f 1540/4/1684 1644/4/1815 1650/4/1817
f 1540/4/1684 1650/4/1817 1541/4/1685
f 1650/4/1817 1649/4/1816 1546/4/1686
f 1650/4/1817 1546/4/1686 1541/4/1685
f 1651/3/1818 1648/3/1814 1652/3/1819
f 1651/3/1818 1652/3/1819 1653/3/1820
f 1539/3/1683 1543/3/1687 1652/3/1821
f 1539/3/1683 1652/3/1821 1648/3/1814
f 1652/3/1823 1543/3/1687 1544/3/1688
f 1652/3/1823 1544/3/1688 1653/3/1822
f 1654/4/1688 1653/4/1824 1544/4/1688
f 1654/4/1688 1544/4/1688 1545/4/1689
f 1654/5/1688 1545/5/1689 1549/5/1478
f 1654/5/1688 1549/5/1478 1655/5/1825
f 1656/24/1826 1657/24/1826 1658/24/1827
f 1656/24/1826 1658/24/1827 1659/24/1828
f 1658/24/1827 1556/24/1693 1555/24/1693
f 1658/24/1827 1555/24/1693 1659/24/1828
f 1660/13/1686 1661/13/1829 1662/13/1686
f 1660/13/1686 1662/13/1686 1649/13/1816
f 1546/13/1686 1649/13/1816 1662/13/1686
f 1546/13/1686 1662/13/1686 1547/13/1690
f 1662/13/1686 1661/13/1829 1559/13/1686
f 1662/13/1686 1559/13/1686 1547/13/1690
f 1549/4/1478 1551/4/1475 1663/4/1830
f 1549/4/1478 1663/4/1830 1655/4/1825
f 1663/4/1830 1551/4/1475 1552/4/1474
f 1663/4/1830 1552/4/1474 1664/4/1831
f 1666/4/1833 1554/4/1692 1553/4/1692
f 1666/4/1833 1553/4/1692 1665/4/1832
f 1667/9/1684 1668/9/1835 1669/9/1686
f 1667/9/1684 1669/9/1686 1658/9/1834
f 1556/9/1836 1658/9/1837 1669/9/1686
f 1556/9/1836 1669/9/1686 1557/9/1709
f 1669/9/1686 1668/9/1835 1568/9/1686
f 1669/9/1686 1568/9/1686 1557/9/1838
f 1670/24/1710 1659/24/1839 1671/24/1840
f 1670/24/1710 1671/24/1840 1672/24/1710
f 1555/24/1841 1558/24/1842 1671/24/1840
f 1555/24/1841 1671/24/1840 1659/24/1843
f 1671/24/1840 1558/24/1844 1571/24/1710
f 1671/24/1840 1571/24/1710 1672/24/1710
f 1673/7/1713 1670/7/1710 1672/7/1710
f 1673/7/1713 1672/7/1710 1674/7/1713
f 1674/7/1713 1672/7/1710 1571/7/1710
f 1674/7/1713 1571/7/1710 1574/7/1713
f 1673/4/1713 1674/4/1713 1675/4/1845
f 1673/4/1713 1675/4/1845 1661/4/1829
f 1559/4/1686 1661/4/1829 1675/4/1845
f 1559/4/1686 1675/4/1845 1560/4/1698
f 1675/4/1845 1674/4/1713 1574/4/1713
f 1675/4/1845 1574/4/1713 1560/4/1698
f 1552/4/1474 1562/4/1699 1676/4/1408
f 1552/4/1474 1676/4/1408 1664/4/1831
f 1677/4/1410 1676/4/1408 1562/4/1699
f 1677/4/1410 1562/4/1699 1563/4/1700
f 1678/4/1411 1677/4/1410 1563/4/1700
f 1678/4/1411 1563/4/1700 1564/4/1701
f 1565/11/1398 1554/11/1407 1666/11/1846
f 1565/11/1398 1666/11/1846 1679/11/1412
f 1679/11/1412 1678/11/1411 1564/11/1701
f 1679/11/1412 1564/11/1701 1565/11/1398
f 1680/3/1847 1665/3/1848 1681/3/1849
f 1680/3/1847 1681/3/1849 1682/3/1850
f 1553/3/1703 1566/3/1705 1681/3/1849
f 1553/3/1703 1681/3/1849 1665/3/1851
f 1681/3/1849 1566/3/1705 1567/3/1853
f 1681/3/1849 1567/3/1853 1682/3/1852
f 1682/4/1855 1567/4/1856 1577/4/1716
f 1682/4/1855 1577/4/1716 1683/4/1854
f 1684/4/1593 1683/4/1857 1685/4/1858
f 1684/4/1593 1685/4/1858 1668/4/1835
f 1568/4/1686 1668/4/1835 1685/4/1858
f 1568/4/1686 1685/4/1858 1569/4/1708
f 1685/4/1858 1683/4/1859 1577/4/1716
f 1685/4/1858 1577/4/1716 1569/4/1708
f 1687/5/1433 1688/5/1860 1689/5/1426
f 1687/5/1433 1689/5/1426 1686/5/1432
f 1581/5/1439 1688/5/1861 1687/5/1542
f 1581/5/1439 1687/5/1542 1582/5/1726
f 1583/5/1727 1582/5/1726 1687/5/1554
f 1583/5/1727 1687/5/1554 1686/5/1555
f 1690/4/1428 1686/4/1429 1689/4/1426
f 1690/4/1428 1689/4/1426 1691/4/1427
f 1585/4/1729 1584/4/1728 1690/4/1537
f 1585/4/1729 1690/4/1537 1691/4/1862
f 1583/4/1727 1686/4/1552 1690/4/1553
f 1583/4/1727 1690/4/1553 1584/4/1728
f 1693/8/1864 1694/8/1865 1695/8/1866
f 1693/8/1864 1695/8/1866 1692/8/1863
f 1586/8/1730 1694/8/1867 1693/8/1868
f 1586/8/1730 1693/8/1868 1587/8/1731
f 1588/8/1732 1587/8/1731 1693/8/1869
f 1588/8/1732 1693/8/1869 1692/8/1870
f 1589/8/1734 1588/8/1732 1692/8/1871
f 1589/8/1734 1692/8/1871 1696/8/1872
f 1697/3/1873 1696/3/1874 1698/3/1875
f 1697/3/1873 1698/3/1875 1699/3/1876
f 1589/3/1734 1696/3/1872 1697/3/1877
f 1589/3/1734 1697/3/1877 1590/3/1735
f 1700/4/1878 1697/4/1873 1699/4/1876
f 1700/4/1878 1699/4/1876 1701/4/1879
f 1593/4/1739 1591/4/1880 1700/4/1881
f 1593/4/1739 1700/4/1881 1701/4/1882
f 1590/4/1735 1697/4/1877 1700/4/1883
f 1590/4/1735 1700/4/1883 1591/4/1737
f 1703/4/1885 1704/4/1886 1705/4/1887
f 1703/4/1885 1705/4/1887 1702/4/1884
f 1596/4/1742 1704/4/1889 1703/4/1890
f 1596/4/1742 1703/4/1890 1595/4/1888
f 1597/4/1745 1595/4/1744 1703/4/1891
f 1597/4/1745 1703/4/1891 1702/4/1892
f 1706/9/1878 1702/9/1884 1705/9/1887
f 1706/9/1878 1705/9/1887 1707/9/1893
f 1600/9/1750 1598/9/1894 1706/9/1881
f 1600/9/1750 1706/9/1881 1707/9/1895
f 1597/9/1745 1702/9/1892 1706/9/1883
f 1597/9/1745 1706/9/1883 1598/9/1747
f 1709/4/1897 1710/4/1898 1711/4/1899
f 1709/4/1897 1711/4/1899 1708/4/1896
f 1609/4/1764 1710/4/1898 1709/4/1897
f 1609/4/1764 1709/4/1897 1608/4/1900
f 1610/4/1767 1608/4/1901 1709/4/1897
f 1610/4/1767 1709/4/1897 1708/4/1902
f 1610/14/1767 1708/14/1903 1712/14/1904
f 1610/14/1767 1712/14/1904 1611/14/1768
f 1581/14/1439 1611/14/1768 1712/14/1904
f 1581/14/1439 1712/14/1904 1688/14/1905
f 1585/11/1729 1691/11/1906 1713/11/1907
f 1585/11/1729 1713/11/1907 1612/11/1769
f 1713/3/1909 1714/3/1909 1715/3/1909
f 1713/3/1909 1715/3/1909 1694/3/1908
f 1586/3/1730 1612/3/1769 1713/3/1910
f 1586/3/1730 1713/3/1910 1694/3/1867
f 1699/8/1876 1698/8/1875 1716/8/1911
f 1699/8/1876 1716/8/1911 1717/8/1912
f 1699/4/1876 1717/4/1912 1718/4/1914
f 1699/4/1876 1718/4/1914 1701/4/1913
f 1719/3/1915 1701/3/1879 1718/3/1914
f 1719/3/1915 1718/3/1914 1720/3/1916
f 1593/3/1739 1701/3/1917 1719/3/1915
f 1593/3/1739 1719/3/1915 1594/3/1740
f 1719/11/1915 1720/11/1916 1721/11/1918
f 1719/11/1915 1721/11/1918 1704/11/1886
f 1596/11/1742 1594/11/1740 1719/11/1915
f 1596/11/1742 1719/11/1915 1704/11/1919
f 1705/12/1887 1704/12/1920 1721/12/1918
f 1705/12/1887 1721/12/1918 1722/12/1921
f 1705/6/1887 1722/6/1921 1723/6/1923
f 1705/6/1887 1723/6/1923 1707/6/1922
f 1724/4/1924 1707/4/1925 1723/4/1923
f 1724/4/1924 1723/4/1923 1725/4/1926
f 1614/4/1927 1601/4/1928 1724/4/1929
f 1614/4/1927 1724/4/1929 1725/4/1926
f 1600/4/1750 1707/4/1930 1724/4/1931
f 1600/4/1750 1724/4/1931 1601/4/1751
f 1727/3/1756 1728/3/1932 1729/3/1933
f 1727/3/1756 1729/3/1933 1726/3/1757
f 1618/3/1780 1728/3/1934 1727/3/1935
f 1618/3/1780 1727/3/1935 1604/3/1758
f 1605/3/1757 1604/3/1756 1727/3/1756
f 1605/3/1757 1727/3/1756 1726/3/1757
f 1730/3/1936 1726/3/1757 1729/3/1933
f 1730/3/1936 1729/3/1933 1731/3/1937
f 1607/3/1762 1605/3/1757 1726/3/1757
f 1607/3/1762 1726/3/1757 1730/3/1936
f 1730/6/1936 1731/6/1937 1732/6/1939
f 1730/6/1936 1732/6/1939 1710/6/1938
f 1609/6/1764 1607/6/1762 1730/6/1936
f 1609/6/1764 1730/6/1936 1710/6/1898
f 1717/8/1912 1716/8/1940 1733/8/1941
f 1717/8/1912 1733/8/1941 1734/8/1942
f 1718/4/1914 1717/4/1912 1734/4/1942
f 1718/4/1914 1734/4/1942 1735/4/1943
f 1720/4/1916 1718/4/1914 1735/4/1943
f 1720/4/1916 1735/4/1943 1736/4/1943
f 1721/9/1918 1720/9/1916 1736/9/1943
f 1721/9/1918 1736/9/1943 1737/9/1943
f 1722/12/1921 1721/12/1918 1737/12/1943
f 1722/12/1921 1737/12/1943 1738/12/1943
f 1723/6/1923 1722/6/1921 1738/6/1943
f 1723/6/1923 1738/6/1943 1739/6/1944
f 1725/4/1926 1723/4/1923 1739/4/1944
f 1725/4/1926 1739/4/1944 1740/4/1874
f 1619/4/1945 1614/4/1946 1725/4/1926
f 1619/4/1945 1725/4/1926 1740/4/1874
f 1742/8/1947 1743/8/1948 1744/8/1949
f 1742/8/1947 1744/8/1949 1741/8/1947
f 1622/8/1661 1617/8/1950 1741/8/1951
f 1622/8/1661 1741/8/1951 1744/8/1952
f 1620/8/1953 1743/8/1953 1742/8/1953
f 1620/8/1953 1742/8/1953 1615/8/1953
f 1615/8/1955 1742/8/1956 1741/8/1956
f 1615/8/1955 1741/8/1956 1617/8/1954
f 1618/4/1780 1624/4/1786 1745/4/1957
f 1618/4/1780 1745/4/1957 1728/4/1934
f 1620/8/1958 1619/8/1958 1740/8/1959
f 1620/8/1958 1740/8/1959 1743/8/1960
f 1744/8/1961 1743/8/1962 1746/8/1963
f 1744/8/1961 1746/8/1963 1747/8/1964
f 1625/8/1666 1622/8/1661 1744/8/1961
f 1625/8/1666 1744/8/1961 1747/8/1964
f 1627/3/1787 1748/3/1965 1745/3/1957
f 1627/3/1787 1745/3/1957 1624/3/1786
f 1749/4/1966 1750/4/1967 1632/4/1968
f 1749/4/1966 1632/4/1968 1631/4/1969
f 1746/6/1963 1749/6/1970 1751/6/1971
f 1746/6/1963 1751/6/1971 1747/6/1964
f 1625/6/1666 1747/6/1964 1751/6/1972
f 1625/6/1666 1751/6/1972 1628/6/1796
f 1751/6/1973 1749/6/1974 1631/6/1975
f 1751/6/1973 1631/6/1975 1628/6/1976
f 1752/4/1977 1748/4/1978 1753/4/1979
f 1752/4/1977 1753/4/1979 1754/4/1980
f 1627/4/1787 1630/4/1789 1753/4/1981
f 1627/4/1787 1753/4/1981 1748/4/1965
f 1756/4/1983 1757/4/1984 1758/4/1985
f 1756/4/1983 1758/4/1985 1755/4/1982
f 1759/3/1986 1755/3/1982 1758/3/1985
f 1759/3/1986 1758/3/1985 1760/3/1987
f 1761/12/383 1762/12/383 1763/12/383
f 1761/12/383 1763/12/383 1764/12/383
f 1765/4/1989 1766/4/1990 1767/4/1991
f 1765/4/1989 1767/4/1991 1750/4/1988
f 1632/4/1993 1750/4/1988 1767/4/1991
f 1632/4/1993 1767/4/1991 1633/4/1992
f 1754/3/1994 1753/3/1995 1768/3/1996
f 1754/3/1994 1768/3/1996 1769/3/1997
f 1630/3/1789 1636/3/1998 1768/3/1999
f 1630/3/1789 1768/3/1999 1753/3/2000
f 1768/3/1996 1636/3/2002 1640/3/1802
f 1768/3/1996 1640/3/1802 1769/3/2001
f 1770/3/2003 1754/3/1994 1769/3/1997
f 1770/3/2003 1769/3/1997 1771/3/2004
f 1772/4/1986 1770/4/2003 1771/4/2004
f 1772/4/1986 1771/4/2004 1773/4/2005
f 1774/8/2006 1775/8/2007 1776/8/2008
f 1774/8/2006 1776/8/2008 1757/8/1984
f 1758/8/1985 1757/8/1984 1776/8/2008
f 1758/8/1985 1776/8/2008 1777/8/2009
f 1760/4/1987 1758/4/1985 1777/4/2009
f 1760/4/1987 1777/4/2009 1778/4/2010
f 1767/4/1991 1766/4/2011 1779/4/2012
f 1767/4/1991 1779/4/2012 1780/4/2013
f 1637/4/1799 1633/4/1798 1767/4/1991
f 1637/4/1799 1767/4/1991 1780/4/2013
f 1771/4/2004 1769/4/2014 1781/4/2015
f 1771/4/2004 1781/4/2015 1782/4/2016
f 1640/4/1802 1642/4/1804 1781/4/2015
f 1640/4/1802 1781/4/2015 1769/4/1997
f 1781/4/2015 1642/4/1804 1646/4/1812
f 1781/4/2015 1646/4/1812 1782/4/2017
f 1771/4/2004 1782/4/2018 1783/4/2019
f 1771/4/2004 1783/4/2019 1773/4/2005
f 1776/8/2008 1775/8/2007 1784/8/2020
f 1776/8/2008 1784/8/2020 1785/8/2021
f 1776/4/2008 1785/4/2022 1786/4/2023
f 1776/4/2008 1786/4/2023 1777/4/2009
f 1778/4/2010 1777/4/2009 1786/4/2023
f 1778/4/2010 1786/4/2023 1787/4/2024
f 1780/4/2013 1779/4/2012 1788/4/1674
f 1780/4/2013 1788/4/1674 1789/4/1666
f 1643/4/1806 1637/4/1799 1780/4/2013
f 1643/4/1806 1780/4/2013 1789/4/1666
f 1783/4/2025 1782/4/2016 1790/4/2026
f 1783/4/2025 1790/4/2026 1791/4/2027
f 1646/4/1812 1648/4/1814 1790/4/2026
f 1646/4/1812 1790/4/2026 1782/4/2016
f 1790/4/2026 1648/4/1814 1651/4/1818
f 1790/4/2026 1651/4/1818 1791/4/2028
f 1786/4/2023 1785/4/2022 1792/4/2029
f 1786/4/2023 1792/4/2029 1793/4/2030
f 1787/24/2024 1786/24/2023 1793/24/2031
f 1787/24/2024 1793/24/2031 1794/24/2032
f 1793/24/2034 1657/24/1826 1656/24/1826
f 1793/24/2034 1656/24/1826 1794/24/2033
f 1788/4/1674 1795/4/2035 1796/4/1673
f 1788/4/1674 1796/4/1673 1789/4/1666
f 1643/4/1806 1789/4/1666 1796/4/1673
f 1643/4/1806 1796/4/1673 1649/4/1816
f 1796/4/1673 1795/4/2035 1660/4/1686
f 1796/4/1673 1660/4/1686 1649/4/1816
f 1797/4/2036 1791/4/2028 1798/4/2037
f 1797/4/2036 1798/4/2037 1799/4/2038
f 1651/4/1818 1653/4/1824 1798/4/2037
f 1651/4/1818 1798/4/2037 1791/4/2028
f 1798/4/2037 1653/4/1824 1654/4/1688
f 1798/4/2037 1654/4/1688 1799/4/2038
f 1799/5/2038 1654/5/1688 1655/5/1825
f 1799/5/2038 1655/5/1825 1800/5/2039
f 1801/8/2041 1802/8/2042 1803/8/2043
f 1801/8/2041 1803/8/2043 1792/8/2040
f 1792/4/2040 1803/4/2043 1804/4/2044
f 1792/4/2040 1804/4/2044 1793/4/2030
f 1657/4/2045 1793/4/2046 1804/4/2044
f 1657/4/2045 1804/4/2044 1658/4/1837
f 1804/4/2044 1803/4/2043 1667/4/1684
f 1804/4/2044 1667/4/1684 1658/4/1834
f 1805/24/1710 1794/24/2047 1806/24/1840
f 1805/24/1710 1806/24/1840 1807/24/1710
f 1656/24/1841 1659/24/1843 1806/24/1840
f 1656/24/1841 1806/24/1840 1794/24/2032
f 1806/24/1840 1659/24/1839 1670/24/1710
f 1806/24/1840 1670/24/1710 1807/24/1710
f 1808/24/1713 1805/24/1710 1807/24/1710
f 1808/24/1713 1807/24/1710 1809/24/1713
f 1809/24/1713 1807/24/1710 1670/24/1710
f 1809/24/1713 1670/24/1710 1673/24/1713
f 1808/24/1713 1809/24/1713 1810/24/1845
f 1808/24/1713 1810/24/1845 1795/24/2035
f 1660/24/1686 1795/24/2035 1810/24/1845
f 1660/24/1686 1810/24/1845 1661/24/1829
f 1810/24/1845 1809/24/1713 1673/24/1713
f 1810/24/1845 1673/24/1713 1661/24/1829
f 1811/4/2048 1800/4/2039 1812/4/1507
f 1811/4/2048 1812/4/1507 1813/4/2049
f 1655/4/1825 1663/4/1830 1812/4/1507
f 1655/4/1825 1812/4/1507 1800/4/2039
f 1812/4/1507 1663/4/1830 1664/4/1831
f 1812/4/1507 1664/4/1831 1813/4/2049
f 1815/8/2051 1816/8/2052 1817/8/2053
f 1815/8/2051 1817/8/2053 1814/8/2050
f 1817/8/2053 1816/8/2054 1666/8/2055
f 1817/8/2053 1666/8/2055 1665/8/2056
f 1818/4/2057 1814/4/2050 1817/4/2053
f 1818/4/2057 1817/4/2053 1819/4/2058
f 1817/4/2053 1665/4/2059 1680/4/1847
f 1817/4/2053 1680/4/1847 1819/4/2058
f 1802/6/2042 1820/6/2060 1821/6/1817
f 1802/6/2042 1821/6/1817 1803/6/2043
f 1667/6/1684 1803/6/2043 1821/6/1817
f 1667/6/1684 1821/6/1817 1668/6/1835
f 1821/6/1817 1820/6/2061 1684/6/1593
f 1821/6/1817 1684/6/1593 1668/6/1835
f 1822/4/2062 1813/4/2063 1823/4/1514
f 1822/4/2062 1823/4/1514 1824/4/1515
f 1664/4/1831 1676/4/1408 1823/4/1516
f 1664/4/1831 1823/4/1516 1813/4/2064
f 1823/4/1518 1676/4/1408 1677/4/1410
f 1823/4/1518 1677/4/1410 1824/4/1515
f 1825/4/2065 1822/4/2062 1824/4/1515
f 1825/4/2065 1824/4/1515 1826/4/1520
f 1826/4/1520 1824/4/1515 1677/4/1410
f 1826/4/1520 1677/4/1410 1678/4/1411
f 1825/5/2065 1826/5/1520 1827/5/1521
f 1825/5/2065 1827/5/1521 1816/5/2052
f 1666/5/1846 1816/5/2066 1827/5/1522
f 1666/5/1846 1827/5/1522 1679/5/1412
f 1827/5/1523 1826/5/1520 1678/5/1411
f 1827/5/1523 1678/5/1411 1679/5/1412
f 1819/4/2068 1828/4/1498 1829/4/1498
f 1819/4/2068 1829/4/1498 1820/4/2067
f 1684/4/1593 1820/4/2070 1829/4/2071
f 1684/4/1593 1829/4/2071 1683/4/2069
f 1680/4/1847 1682/4/2072 1828/4/2073
f 1680/4/1847 1828/4/2073 1819/4/2074
f 1829/4/2075 1828/4/2075 1682/4/2076
f 1829/4/2075 1682/4/2076 1683/4/2077
f 1831/6/1783 1832/6/2078 1833/6/2079
f 1831/6/1783 1833/6/2079 1830/6/1783
f 1698/6/1875 1696/6/1874 1830/6/1945
f 1698/6/1875 1830/6/1945 1833/6/2080
f 1695/6/1866 1832/6/2082 1831/6/1890
f 1695/6/1866 1831/6/1890 1692/6/2081
f 1692/6/1871 1831/6/2083 1830/6/2083
f 1692/6/1871 1830/6/2083 1696/6/1872
f 1835/5/2085 1836/5/2086 1837/5/2087
f 1835/5/2085 1837/5/2087 1834/5/2084
f 1711/5/1899 1836/5/2086 1835/5/2085
f 1711/5/1899 1835/5/2085 1708/5/1896
f 1712/5/1904 1708/5/1902 1835/5/2085
f 1712/5/1904 1835/5/2085 1834/5/2084
f 1712/5/1904 1834/5/2084 1838/5/2089
f 1712/5/1904 1838/5/2089 1688/5/2088
f 1689/5/1426 1688/5/2090 1838/5/2089
f 1689/5/1426 1838/5/2089 1839/5/2091
f 1689/8/1426 1839/8/2091 1840/8/2093
f 1689/8/1426 1840/8/2093 1691/8/2092
f 1714/11/2094 1713/11/1862 1841/11/2095
f 1714/11/2094 1841/11/2095 1842/11/2096
f 1691/11/1906 1840/11/2093 1841/11/2095
f 1691/11/1906 1841/11/2095 1713/11/1907
f 1843/6/2098 1844/6/2099 1845/6/2100
f 1843/6/2098 1845/6/2100 1832/6/2097
f 1715/6/2101 1844/6/2099 1843/6/2098
f 1715/6/2101 1843/6/2098 1694/6/1867
f 1695/6/1866 1694/6/1865 1843/6/2098
f 1695/6/1866 1843/6/2098 1832/6/2082
f 1832/4/2078 1845/4/2100 1846/4/2103
f 1832/4/2078 1846/4/2103 1833/4/2102
f 1716/4/1911 1698/4/1875 1833/4/2080
f 1716/4/1911 1833/4/2080 1846/4/2103
f 1732/4/2105 1847/4/2106 1848/4/2107
f 1732/4/2105 1848/4/2107 1710/4/2104
f 1711/4/1899 1710/4/1898 1848/4/2107
f 1711/4/1899 1848/4/2107 1836/4/2086
f 1715/8/2108 1714/8/2108 1842/8/2109
f 1715/8/2108 1842/8/2109 1844/8/2110
f 1846/4/2103 1845/4/2111 1849/4/2112
f 1846/4/2103 1849/4/2112 1850/4/2113
f 1733/4/1945 1716/4/2114 1846/4/2103
f 1733/4/1945 1846/4/2103 1850/4/2113
f 1745/6/1957 1851/6/2115 1852/6/2116
f 1745/6/1957 1852/6/2116 1728/6/1934
f 1729/6/1933 1728/6/1932 1852/6/2117
f 1729/6/1933 1852/6/2117 1853/6/2118
f 1731/6/1937 1729/6/1933 1853/6/2118
f 1731/6/1937 1853/6/2118 1854/6/2119
f 1732/6/2120 1731/6/1937 1854/6/2119
f 1732/6/2120 1854/6/2119 1847/6/2106
f 1733/8/1883 1850/8/2122 1855/8/2123
f 1733/8/1883 1855/8/2123 1734/8/2121
f 1735/4/2124 1734/4/2121 1855/4/2123
f 1735/4/2124 1855/4/2123 1856/4/2124
f 1736/11/2124 1735/11/2124 1856/11/2124
f 1736/11/2124 1856/11/2124 1857/11/2124
f 1737/2/2124 1736/2/2124 1857/2/2124
f 1737/2/2124 1857/2/2124 1858/2/2124
f 1738/4/2124 1737/4/2124 1858/4/2124
f 1738/4/2124 1858/4/2124 1859/4/2124
f 1739/5/2125 1738/5/2124 1859/5/2124
f 1739/5/2125 1859/5/2124 1860/5/2123
f 1739/14/2125 1860/14/2123 1861/14/2126
f 1739/14/2125 1861/14/2126 1740/14/1959
f 1862/8/2127 1861/8/2128 1863/8/2013
f 1862/8/2127 1863/8/2013 1864/8/2129
f 1746/8/1963 1743/8/2130 1862/8/2127
f 1746/8/1963 1862/8/2127 1864/8/2129
f 1740/8/1959 1861/8/2126 1862/8/2131
f 1740/8/1959 1862/8/2131 1743/8/1960
f 1745/4/1957 1748/4/2132 1865/4/2133
f 1745/4/1957 1865/4/2133 1851/4/2115
f 1865/4/2135 1748/4/2136 1752/4/2137
f 1865/4/2135 1752/4/2137 1866/4/2134
f 1867/8/2138 1868/8/2139 1756/8/1494
f 1867/8/2138 1756/8/1494 1755/8/2140
f 1867/4/2138 1755/4/2140 1759/4/2142
f 1867/4/2138 1759/4/2142 1869/4/2141
f 1871/12/2143 1762/12/1413 1761/12/1413
f 1871/12/2143 1761/12/1413 1870/12/2143
f 1872/4/2144 1873/4/2145 1765/4/2146
f 1872/4/2144 1765/4/2146 1750/4/1967
f 1863/4/2013 1872/4/1988 1874/4/1988
f 1863/4/2013 1874/4/1988 1864/4/2129
f 1746/4/1963 1864/4/2129 1874/4/1988
f 1746/4/1963 1874/4/1988 1749/4/1988
f 1874/4/1967 1872/4/2144 1750/4/1967
f 1874/4/1967 1750/4/1967 1749/4/1966
f 1752/4/2147 1754/4/2148 1875/4/2149
f 1752/4/2147 1875/4/2149 1866/4/2134
f 1875/4/2151 1754/4/2152 1770/4/2141
f 1875/4/2151 1770/4/2141 1876/4/2150
f 1876/4/2150 1770/4/2141 1772/4/2142
f 1876/4/2150 1772/4/2142 1877/4/2153
f 1756/6/2155 1868/6/2156 1878/6/2157
f 1756/6/2155 1878/6/2157 1757/6/2154
f 1878/6/2157 1879/6/2158 1774/6/2159
f 1878/6/2157 1774/6/2159 1757/6/2154
f 1763/23/2160 1762/23/2160 1871/23/2161
f 1763/23/2160 1871/23/2161 1880/23/2161
f 1759/23/2162 1760/23/2163 1881/23/2164
f 1759/23/2162 1881/23/2164 1869/23/2165
f 1765/23/2167 1873/23/2168 1882/23/2169
f 1765/23/2167 1882/23/2169 1766/23/2166
f 1764/23/2170 1883/23/2171 1870/23/2171
f 1764/23/2170 1870/23/2171 1761/23/2170
f 1772/4/2162 1773/4/2172 1884/4/2173
f 1772/4/2162 1884/4/2173 1877/4/2174
f 1774/4/2159 1879/4/2158 1885/4/2176
f 1774/4/2159 1885/4/2176 1775/4/2175
f 1778/23/2177 1886/23/2178 1881/23/2164
f 1778/23/2177 1881/23/2164 1760/23/2163
f 1764/23/1727 1763/23/1727 1880/23/2179
f 1764/23/1727 1880/23/2179 1883/23/2179
f 1779/23/2012 1766/23/2011 1882/23/2169
f 1779/23/2012 1882/23/2169 1887/23/2180
f 1773/4/2172 1783/4/2181 1888/4/2173
f 1773/4/2172 1888/4/2173 1884/4/2173
f 1889/8/2182 1890/8/2183 1891/8/2183
f 1889/8/2182 1891/8/2183 1892/8/2184
f 1885/4/2185 1889/4/2182 1892/4/2186
f 1885/4/2185 1892/4/2186 1893/4/2187
f 1784/4/2188 1775/4/2175 1885/4/2189
f 1784/4/2188 1885/4/2189 1893/4/2190
f 1894/23/2191 1886/23/2192 1895/23/2193
f 1894/23/2191 1895/23/2193 1896/23/2194
f 1778/23/2195 1787/23/2024 1895/23/2193
f 1778/23/2195 1895/23/2193 1886/23/2196
f 1897/23/2197 1894/23/2191 1896/23/2194
f 1897/23/2197 1896/23/2194 1898/23/2198
f 1897/23/2197 1898/23/2198 1899/23/2200
f 1897/23/2197 1899/23/2200 1887/23/2199
f 1779/23/2012 1887/23/2201 1899/23/2200
f 1779/23/2012 1899/23/2200 1788/23/1674
f 1783/4/2202 1791/4/2028 1900/4/2203
f 1783/4/2202 1900/4/2203 1888/4/2173
f 1900/4/2205 1791/4/2206 1797/4/2036
f 1900/4/2205 1797/4/2036 1901/4/2204
f 1893/4/2187 1892/4/2186 1902/4/2207
f 1893/4/2187 1902/4/2207 1903/4/2208
f 1893/3/2210 1903/3/2211 1905/3/2209
f 1893/3/2210 1905/3/2209 1904/3/2209
f 1785/3/2213 1904/3/2213 1905/3/2213
f 1785/3/2213 1905/3/2213 1792/3/2212
f 1784/3/2020 1893/3/2214 1904/3/2214
f 1784/3/2020 1904/3/2214 1785/3/2020
f 1905/3/2215 1903/3/2216 1801/3/2041
f 1905/3/2215 1801/3/2041 1792/3/2217
f 1896/23/2194 1895/23/2193 1906/23/2218
f 1896/23/2194 1906/23/2218 1907/23/2219
f 1787/23/2024 1794/23/2220 1906/23/2221
f 1787/23/2024 1906/23/2221 1895/23/2193
f 1906/23/2222 1794/23/2223 1805/23/1710
f 1906/23/2222 1805/23/1710 1907/23/2219
f 1898/23/2198 1896/23/2194 1907/23/2219
f 1898/23/2198 1907/23/2219 1908/23/2224
f 1908/23/2224 1907/23/2219 1805/23/1710
f 1908/23/2224 1805/23/1710 1808/23/1713
f 1898/23/2198 1908/23/2224 1909/23/2225
f 1898/23/2198 1909/23/2225 1899/23/2200
f 1788/23/1674 1899/23/2200 1909/23/2227
f 1788/23/1674 1909/23/2227 1795/23/2226
f 1909/23/2228 1908/23/2224 1808/23/1713
f 1909/23/2228 1808/23/1713 1795/23/2229
f 1910/5/1847 1901/5/2204 1911/5/1477
f 1910/5/1847 1911/5/1477 1912/5/2230
f 1797/5/2036 1799/5/2038 1911/5/1477
f 1797/5/2036 1911/5/1477 1901/5/2204
f 1911/5/1477 1799/5/2038 1800/5/2039
f 1911/5/1477 1800/5/2039 1912/5/2230
f 1912/4/2230 1800/4/2039 1811/4/2048
f 1912/4/2230 1811/4/2048 1913/4/2231
f 1915/3/2233 1916/3/2233 1917/3/2234
f 1915/3/2233 1917/3/2234 1914/3/2232
f 1917/3/2234 1916/3/2235 1815/3/2236
f 1917/3/2234 1815/3/2236 1814/3/2050
f 1914/8/2232 1917/8/2234 1918/8/2238
f 1914/8/2232 1918/8/2238 1902/8/2237
f 1917/8/2234 1814/8/2050 1818/8/2057
f 1917/8/2234 1818/8/2057 1918/8/2239
f 1902/4/2237 1918/4/2238 1919/4/2241
f 1902/4/2237 1919/4/2241 1903/4/2240
f 1801/4/2041 1903/4/2242 1919/4/2243
f 1801/4/2041 1919/4/2243 1802/4/2042
f 1920/4/2244 1913/4/2231 1921/4/2245
f 1920/4/2244 1921/4/2245 1922/4/2246
f 1811/4/2048 1813/4/2049 1921/4/2245
f 1811/4/2048 1921/4/2245 1913/4/2231
f 1921/4/2245 1813/4/2049 1822/4/2062
f 1921/4/2245 1822/4/2062 1922/4/2246
f 1923/4/2247 1920/4/2244 1922/4/2246
f 1923/4/2247 1922/4/2246 1924/4/2248
f 1922/4/2246 1822/4/2062 1825/4/2065
f 1922/4/2246 1825/4/2065 1924/4/2249
f 1815/11/2251 1916/11/2252 1925/11/2253
f 1815/11/2251 1925/11/2253 1816/11/2250
f 1925/11/2254 1924/11/2255 1825/11/2065
f 1925/11/2254 1825/11/2065 1816/11/2054
f 1919/8/2256 1918/8/2257 1926/8/2258
f 1919/8/2256 1926/8/2258 1927/8/2258
f 1802/8/2042 1919/8/2243 1927/8/2259
f 1802/8/2042 1927/8/2259 1820/8/2070
f 1818/8/2057 1819/8/2074 1926/8/2260
f 1818/8/2057 1926/8/2260 1918/8/2261
f 1927/8/2262 1926/8/2262 1819/8/2068
f 1927/8/2262 1819/8/2068 1820/8/2263
f 1929/4/2085 1930/4/2265 1931/4/2266
f 1929/4/2085 1931/4/2266 1928/4/2264
f 1837/4/2087 1930/4/2265 1929/4/2085
f 1837/4/2087 1929/4/2085 1834/4/2084
f 1838/4/2089 1834/4/2084 1929/4/2085
f 1838/4/2089 1929/4/2085 1928/4/2267
f 1838/4/2089 1928/4/2268 1932/4/2269
f 1838/4/2089 1932/4/2269 1839/4/2091
f 1840/4/2093 1839/4/2091 1932/4/2269
f 1840/4/2093 1932/4/2269 1933/4/2270
f 1934/7/2271 1933/7/2272 1935/7/1750
f 1934/7/2271 1935/7/1750 1936/7/2273
f 1842/7/2096 1841/7/2095 1934/7/2274
f 1842/7/2096 1934/7/2274 1936/7/2275
f 1840/7/2093 1933/7/2276 1934/7/2277
f 1840/7/2093 1934/7/2277 1841/7/2095
f 1938/4/2279 1939/4/2280 1940/4/1899
f 1938/4/2279 1940/4/1899 1937/4/2278
f 1847/4/2106 1939/4/2281 1938/4/2279
f 1847/4/2106 1938/4/2279 1848/4/2107
f 1836/4/2086 1848/4/2107 1938/4/2279
f 1836/4/2086 1938/4/2279 1937/4/2278
f 1837/5/2087 1836/5/2086 1937/5/2278
f 1837/5/2087 1937/5/2278 1930/5/2265
f 1941/4/2282 1936/4/2283 1942/4/2282
f 1941/4/2282 1942/4/2282 1943/4/2282
f 1842/4/2109 1936/4/2284 1941/4/2110
f 1842/4/2109 1941/4/2110 1844/4/2110
f 1849/8/2285 1845/8/2112 1944/8/2286
f 1849/8/2285 1944/8/2286 1945/8/2287
f 1845/8/2288 1844/8/2110 1941/8/2110
f 1845/8/2288 1941/8/2110 1944/8/2289
f 1947/6/2291 1948/6/2292 1949/6/2293
f 1947/6/2291 1949/6/2293 1946/6/2290
f 1851/6/2115 1948/6/2294 1947/6/1935
f 1851/6/2115 1947/6/1935 1852/6/2116
f 1853/6/2118 1852/6/2117 1947/6/1759
f 1853/6/2118 1947/6/1759 1946/6/2295
f 1950/6/2296 1946/6/2290 1949/6/2293
f 1950/6/2296 1949/6/2293 1951/6/2297
f 1854/6/2119 1853/6/2118 1946/6/2295
f 1854/6/2119 1946/6/2295 1950/6/2298
f 1950/6/2296 1951/6/2297 1952/6/2300
f 1950/6/2296 1952/6/2300 1939/6/2299
f 1847/6/2106 1854/6/2119 1950/6/2298
f 1847/6/2106 1950/6/2298 1939/6/2301
f 1849/8/2302 1945/8/2287 1953/8/2303
f 1849/8/2302 1953/8/2303 1850/8/2122
f 1954/8/1944 1953/8/1874 1955/8/2304
f 1954/8/1944 1955/8/2304 1956/8/2305
f 1850/8/2122 1953/8/2303 1954/8/2125
f 1850/8/2122 1954/8/2125 1855/8/2123
f 1957/4/1943 1954/4/1944 1956/4/2305
f 1957/4/1943 1956/4/2305 1958/4/2306
f 1856/4/2124 1855/4/2123 1954/4/2125
f 1856/4/2124 1954/4/2125 1957/4/2124
f 1959/11/1943 1957/11/1943 1958/11/2306
f 1959/11/1943 1958/11/2306 1960/11/2307
f 1857/11/2124 1856/11/2124 1957/11/2124
f 1857/11/2124 1957/11/2124 1959/11/2124
f 1961/2/1943 1959/2/1943 1960/2/2307
f 1961/2/1943 1960/2/2307 1962/2/2308
f 1858/2/2124 1857/2/2124 1959/2/2124
f 1858/2/2124 1959/2/2124 1961/2/2124
f 1963/4/1943 1961/4/1943 1962/4/2308
f 1963/4/1943 1962/4/2308 1964/4/2308
f 1859/4/2124 1858/4/2124 1961/4/2124
f 1859/4/2124 1961/4/2124 1963/4/2124
f 1965/5/1942 1963/5/1943 1964/5/2308
f 1965/5/1942 1964/5/2308 1966/5/2309
f 1860/5/2123 1859/5/2124 1963/5/2124
f 1860/5/2123 1963/5/2124 1965/5/2121
f 1967/14/1941 1965/14/1942 1966/14/2309
f 1967/14/1941 1966/14/2309 1968/14/2310
f 1863/14/2013 1861/14/2128 1967/14/1945
f 1863/14/2013 1967/14/1945 1968/14/2311
f 1860/14/2123 1965/14/2121 1967/14/1883
f 1860/14/2123 1967/14/1883 1861/14/2126
f 1949/4/2293 1948/4/2292 1969/4/2312
f 1949/4/2293 1969/4/2312 1970/4/2313
f 1851/4/2115 1865/4/2133 1969/4/2162
f 1851/4/2115 1969/4/2162 1948/4/2294
f 1969/4/2315 1865/4/2316 1866/4/2134
f 1969/4/2315 1866/4/2134 1970/4/2314
f 1949/4/2293 1970/4/2313 1971/4/2317
f 1949/4/2293 1971/4/2317 1951/4/2297
f 1952/4/2300 1951/4/2297 1971/4/2317
f 1952/4/2300 1971/4/2317 1972/4/2318
f 1956/6/2305 1955/6/2304 1973/6/2319
f 1956/6/2305 1973/6/2319 1974/6/2320
f 1956/8/2305 1974/8/2320 1975/8/2321
f 1956/8/2305 1975/8/2321 1958/8/2306
f 1975/8/2322 1974/8/2323 1868/8/2324
f 1975/8/2322 1868/8/2324 1867/8/2138
f 1960/4/2307 1958/4/2306 1975/4/2321
f 1960/4/2307 1975/4/2321 1976/4/2325
f 1975/4/2322 1867/4/2138 1869/4/2141
f 1975/4/2322 1869/4/2141 1976/4/2326
f 1962/2/2308 1960/2/2307 1976/2/2325
f 1962/2/2308 1976/2/2325 1977/2/2327
f 1964/12/2308 1962/12/2308 1977/12/2327
f 1964/12/2308 1977/12/2327 1978/12/2328
f 1978/12/2329 1977/12/2329 1871/12/2143
f 1978/12/2329 1871/12/2143 1870/12/2143
f 1966/6/2309 1964/6/2308 1978/6/2328
f 1966/6/2309 1978/6/2328 1979/6/2330
f 1966/4/2309 1979/4/2330 1980/4/2332
f 1966/4/2309 1980/4/2332 1968/4/2331
f 1863/4/2013 1968/4/2334 1980/4/2335
f 1863/4/2013 1980/4/2335 1872/4/2333
f 1980/4/2336 1979/4/2337 1873/4/2145
f 1980/4/2336 1873/4/2145 1872/4/2338
f 1971/4/2317 1970/4/2313 1981/4/2339
f 1971/4/2317 1981/4/2339 1982/4/2340
f 1866/4/2134 1875/4/2149 1981/4/2341
f 1866/4/2134 1981/4/2341 1970/4/2314
f 1981/4/2142 1875/4/2141 1876/4/2150
f 1981/4/2142 1876/4/2150 1982/4/2153
f 1972/4/2318 1971/4/2317 1982/4/2340
f 1972/4/2318 1982/4/2340 1983/4/2342
f 1982/4/2153 1876/4/2150 1877/4/2153
f 1982/4/2153 1877/4/2153 1983/4/2343
f 1973/6/2319 1984/6/2345 1985/6/2346
f 1973/6/2319 1985/6/2346 1974/6/2344
f 1868/6/2156 1974/6/2347 1985/6/2348
f 1868/6/2156 1985/6/2348 1878/6/2157
f 1985/6/2349 1984/6/2350 1879/6/2158
f 1985/6/2349 1879/6/2158 1878/6/2157
f 1977/23/2327 1976/23/2325 1986/23/2351
f 1977/23/2327 1986/23/2351 1987/23/2352
f 1880/23/2161 1871/23/2161 1977/23/2353
f 1880/23/2161 1977/23/2353 1987/23/2353
f 1869/23/2165 1881/23/2164 1986/23/2354
f 1869/23/2165 1986/23/2354 1976/23/2355
f 1978/23/2328 1988/23/2356 1989/23/2357
f 1978/23/2328 1989/23/2357 1979/23/2330
f 1873/23/2168 1979/23/2358 1989/23/2359
f 1873/23/2168 1989/23/2359 1882/23/2169
f 1870/23/2171 1883/23/2171 1988/23/2360
f 1870/23/2171 1988/23/2360 1978/23/2360
f 1990/4/2361 1983/4/2362 1991/4/2363
f 1990/4/2361 1991/4/2363 1992/4/2364
f 1877/4/2174 1884/4/2173 1991/4/2363
f 1877/4/2174 1991/4/2363 1983/4/2365
f 1994/3/2366 1995/3/2367 1996/3/2368
f 1994/3/2366 1996/3/2368 1993/3/2366
f 1996/3/2369 1995/3/2370 1890/3/2371
f 1996/3/2369 1890/3/2371 1889/3/2372
f 1879/3/2158 1984/3/2373 1997/3/2374
f 1879/3/2158 1997/3/2374 1885/3/2176
f 1997/3/2375 1996/3/2369 1889/3/2372
f 1997/3/2375 1889/3/2372 1885/3/2376
f 1987/23/2352 1986/23/2351 1998/23/2377
f 1987/23/2352 1998/23/2377 1999/23/2378
f 1881/23/2164 1886/23/2178 1998/23/1999
f 1881/23/2164 1998/23/1999 1986/23/2354
f 1998/23/2380 1886/23/2381 1894/23/2191
f 1998/23/2380 1894/23/2191 1999/23/2379
f 1988/23/2356 1987/23/2352 1999/23/2378
f 1988/23/2356 1999/23/2378 2000/23/2382
f 1883/23/2179 1880/23/2179 1987/23/2383
f 1883/23/2179 1987/23/2383 1988/23/2383
f 2000/23/2384 1999/23/2379 1894/23/2191
f 2000/23/2384 1894/23/2191 1897/23/2197
f 1988/23/2356 2000/23/2382 2001/23/2385
f 1988/23/2356 2001/23/2385 1989/23/2357
f 1882/23/2169 1989/23/2359 2001/23/2386
f 1882/23/2169 2001/23/2386 1887/23/2180
f 2001/23/2387 2000/23/2384 1897/23/2197
f 2001/23/2387 1897/23/2197 1887/23/2388
f 1992/4/2364 1991/4/2363 2002/4/2389
f 1992/4/2364 2002/4/2389 2003/4/2390
f 1884/4/2173 1888/4/2173 2002/4/2391
f 1884/4/2173 2002/4/2391 1991/4/2363
f 2004/4/2393 2005/4/2394 2006/4/2395
f 2004/4/2393 2006/4/2395 1995/4/2392
f 1890/4/2396 1995/4/2397 2006/4/2398
f 1890/4/2396 2006/4/2398 1891/4/2396
f 2003/4/2390 2002/4/2399 2007/4/2400
f 2003/4/2390 2007/4/2400 2008/4/2401
f 1888/4/2173 1900/4/2174 2007/4/2162
f 1888/4/2173 2007/4/2162 2002/4/2391
f 2007/4/2403 1900/4/2404 1901/4/2204
f 2007/4/2403 1901/4/2204 2008/4/2402
f 2009/5/2405 2003/5/2390 2008/5/2406
f 2009/5/2405 2008/5/2406 2010/5/2407
f 2008/5/2406 1901/5/2204 1910/5/1847
f 2008/5/2406 1910/5/1847 2010/5/2407
f 2005/4/2394 2011/4/2408 2012/4/2409
f 2005/4/2394 2012/4/2409 2006/4/2395
f 2012/4/2410 2011/4/2387 1915/4/2233
f 2012/4/2410 1915/4/2233 1914/4/2232
f 2013/8/2183 2006/8/2411 2012/8/2412
f 2013/8/2183 2012/8/2412 2014/8/2183
f 1892/8/2414 2013/8/2213 2014/8/2213
f 1892/8/2414 2014/8/2213 1902/8/2413
f 1891/8/2214 2006/8/2214 2013/8/2214
f 1891/8/2214 2013/8/2214 1892/8/2214
f 2014/8/2415 2012/8/2416 1914/8/2232
f 2014/8/2415 1914/8/2232 1902/8/2417
f 2015/4/2418 2010/4/2407 2016/4/2048
f 2015/4/2418 2016/4/2048 2017/4/2419
f 1910/4/1847 1912/4/2230 2016/4/2048
f 1910/4/1847 2016/4/2048 2010/4/2407
f 2016/4/2048 1912/4/2230 1913/4/2231
f 2016/4/2048 1913/4/2231 2017/4/2419
f 2017/4/2421 1913/4/2231 1920/4/2244
f 2017/4/2421 1920/4/2244 2018/4/2420
f 2018/4/2420 1920/4/2244 1923/4/2247
f 2018/4/2420 1923/4/2247 2019/4/2422
f 1915/5/2424 2011/5/2425 2020/5/2424
f 1915/5/2424 2020/5/2424 1916/5/2423
f 2019/5/2427 2021/5/2428 2022/5/2428
f 2019/5/2427 2022/5/2428 2020/5/2426
f 1916/5/2423 2020/5/2424 2022/5/1493
f 1916/5/2423 2022/5/1493 1925/5/2253
f 1923/5/2247 1924/5/2429 2021/5/2430
f 1923/5/2247 2021/5/2430 2019/5/2431
f 2021/5/2432 1924/5/2433 1925/5/2254
f 2021/5/2432 1925/5/2254 2022/5/2432
f 2024/3/2435 2025/3/2436 2026/3/2437
f 2024/3/2435 2026/3/2437 2023/3/2434
f 1931/3/2266 2025/3/2439 2024/3/2435
f 1931/3/2266 2024/3/2435 1928/3/2438
f 1932/3/2269 1928/3/2440 2024/3/1891
f 1932/3/2269 2024/3/1891 2023/3/1892
f 2027/4/2441 2023/4/2434 2026/4/2442
f 2027/4/2441 2026/4/2442 2028/4/2443
f 1935/4/1750 1933/4/2444 2027/4/2441
f 1935/4/1750 2027/4/2441 2028/4/2443
f 1932/4/2269 2023/4/1892 2027/4/1883
f 1932/4/2269 2027/4/1883 1933/4/2445
f 2030/2/2447 2031/2/2448 2032/2/2449
f 2030/2/2447 2032/2/2449 2029/2/2446
f 1940/2/1899 2031/2/2448 2030/2/2447
f 1940/2/1899 2030/2/2447 1937/2/2278
f 1930/2/2265 1937/2/2278 2030/2/2447
f 1930/2/2265 2030/2/2447 2029/2/2446
f 2029/4/2446 2032/4/2449 2033/4/2450
f 2029/4/2446 2033/4/2450 2025/4/2436
f 1931/4/2266 1930/4/2265 2029/4/2446
f 1931/4/2266 2029/4/2446 2025/4/2436
f 2028/8/2443 2026/8/2442 2034/8/2441
f 2028/8/2443 2034/8/2441 2035/8/2451
f 2036/4/2452 2028/4/2443 2035/4/2453
f 2036/4/2452 2035/4/2453 2037/4/2454
f 1942/4/2455 1936/4/2275 2036/4/2452
f 1942/4/2455 2036/4/2452 2037/4/2456
f 1935/4/1750 2028/4/2443 2036/4/2452
f 1935/4/1750 2036/4/2452 1936/4/2273
f 2039/8/2457 2040/8/2458 2041/8/2459
f 2039/8/2457 2041/8/2459 2038/8/2457
f 1945/8/2287 1944/8/2286 2038/8/2286
f 1945/8/2287 2038/8/2286 2041/8/2460
f 1943/8/2101 2040/8/2101 2039/8/2101
f 1943/8/2101 2039/8/2101 1941/8/2101
f 1944/8/2289 1941/8/2110 2039/8/2108
f 1944/8/2289 2039/8/2108 2038/8/2108
f 1952/4/2462 2042/4/2463 2043/4/2464
f 1952/4/2462 2043/4/2464 1939/4/2461
f 1940/4/1899 1939/4/2281 2043/4/2465
f 1940/4/1899 2043/4/2465 2031/4/2448
f 1943/5/1958 1942/5/1958 2037/5/2466
f 1943/5/1958 2037/5/2466 2040/5/1960
f 2041/8/2459 2040/8/2467 2044/8/2468
f 2041/8/2459 2044/8/2468 2045/8/2469
f 2046/8/2470 2041/8/2459 2045/8/2469
f 2046/8/2470 2045/8/2469 2047/8/2471
f 1955/8/2304 1953/8/2472 2046/8/2473
f 1955/8/2304 2046/8/2473 2047/8/2471
f 1945/8/2287 2041/8/2460 2046/8/2475
f 1945/8/2287 2046/8/2475 1953/8/2474
f 1952/4/2462 1972/4/2181 2048/4/2173
f 1952/4/2462 2048/4/2173 2042/4/2463
f 2045/8/2469 2044/8/2468 2049/8/2476
f 2045/8/2469 2049/8/2476 2050/8/2477
f 2047/6/2471 2045/6/2469 2050/6/2477
f 2047/6/2471 2050/6/2477 2051/6/2478
f 1973/6/2319 1955/6/2304 2047/6/2471
f 1973/6/2319 2047/6/2471 2051/6/2478
f 1972/4/2181 1983/4/2365 2052/4/2203
f 1972/4/2181 2052/4/2203 2048/4/2173
f 2052/4/2480 1983/4/2481 1990/4/2482
f 2052/4/2480 1990/4/2482 2053/4/2479
f 2050/8/2477 2049/8/2476 2054/8/2483
f 2050/8/2477 2054/8/2483 2055/8/2484
f 2054/8/2485 1994/8/2366 1993/8/2366
f 2054/8/2485 1993/8/2366 2055/8/2485
f 2051/6/2486 2050/6/2477 2055/6/2484
f 2051/6/2486 2055/6/2484 2056/6/2487
f 1973/6/2319 2051/6/2489 2056/6/2490
f 1973/6/2319 2056/6/2490 1984/6/2488
f 2057/4/2491 2053/4/2492 2058/4/2493
f 2057/4/2491 2058/4/2493 2059/4/2494
f 1990/4/2495 1992/4/2364 2058/4/2493
f 1990/4/2495 2058/4/2493 2053/4/2496
f 2060/4/2497 2057/4/2491 2059/4/2494
f 2060/4/2497 2059/4/2494 2061/4/2498
f 2062/4/2499 2060/4/2497 2061/4/2498
f 2062/4/2499 2061/4/2498 2063/4/2500
f 2064/8/2339 2062/8/2499 2063/8/2500
f 2064/8/2339 2063/8/2500 2065/8/2501
f 1994/4/2503 2054/4/2504 2066/4/2505
f 1994/4/2503 2066/4/2505 1995/4/2502
f 2066/4/2505 2067/4/2506 2004/4/2507
f 2066/4/2505 2004/4/2507 1995/4/2508
f 2056/3/2487 2055/3/2484 2068/3/2258
f 2056/3/2487 2068/3/2258 2069/3/2258
f 1984/3/2509 2056/3/2490 2069/3/2424
f 1984/3/2509 2069/3/2424 1997/3/2374
f 1993/3/1841 1996/3/1841 2068/3/1841
f 1993/3/1841 2068/3/1841 2055/3/1841
f 2068/3/2432 1996/3/2510 1997/3/2375
f 2068/3/2432 1997/3/2375 2069/3/2432
f 2059/5/2494 2058/5/2493 2070/5/2511
f 2059/5/2494 2070/5/2511 2071/5/2512
f 1992/5/2364 2003/5/2390 2070/5/2511
f 1992/5/2364 2070/5/2511 2058/5/2493
f 2070/5/2511 2003/5/2390 2009/5/2405
f 2070/5/2511 2009/5/2405 2071/5/2513
f 2059/4/2494 2071/4/2514 2072/4/2515
f 2059/4/2494 2072/4/2515 2061/4/2498
f 2063/3/2500 2061/3/2498 2072/3/2515
f 2063/3/2500 2072/3/2515 2073/3/2516
f 2063/8/2500 2073/8/2516 2074/8/2517
f 2063/8/2500 2074/8/2517 2065/8/2501
f 2067/4/2518 2065/4/2501 2074/4/2517
f 2067/4/2518 2074/4/2517 2075/4/2519
f 2004/4/2520 2067/4/2521 2075/4/2519
f 2004/4/2520 2075/4/2519 2005/4/2394
f 2072/4/2515 2071/4/2512 2076/4/2015
f 2072/4/2515 2076/4/2015 2077/4/2522
f 2009/4/2405 2010/4/2407 2076/4/2015
f 2009/4/2405 2076/4/2015 2071/4/2513
f 2076/4/2015 2010/4/2407 2015/4/2418
f 2076/4/2015 2015/4/2418 2077/4/2523
f 2072/4/2515 2077/4/2524 2078/4/2500
f 2072/4/2515 2078/4/2500 2073/4/2516
f 2074/8/2517 2073/8/2516 2078/8/2500
f 2074/8/2517 2078/8/2500 2079/8/2525
f 2075/4/2519 2074/4/2517 2079/4/2525
f 2075/4/2519 2079/4/2525 2080/4/2526
f 2005/4/2394 2075/4/2519 2080/4/2528
f 2005/4/2394 2080/4/2528 2011/4/2527
f 2078/4/2500 2077/4/2522 2081/4/2339
f 2078/4/2500 2081/4/2339 2082/4/2499
f 2015/4/2418 2017/4/2529 2081/4/1841
f 2015/4/2418 2081/4/1841 2077/4/2530
f 2081/4/2532 2017/4/2421 2018/4/2420
f 2081/4/2532 2018/4/2420 2082/4/2531
f 2079/4/2525 2078/4/2500 2082/4/2499
f 2079/4/2525 2082/4/2499 2083/4/2533
f 2083/4/2534 2082/4/2531 2018/4/2420
f 2083/4/2534 2018/4/2420 2019/4/2535
f 2079/4/2525 2083/4/2533 2084/4/1791
f 2079/4/2525 2084/4/1791 2080/4/2526
f 2011/4/2527 2080/4/2536 2084/4/2537
f 2011/4/2527 2084/4/2537 2020/4/2424
f 2084/4/2538 2083/4/2534 2019/4/2539
f 2084/4/2538 2019/4/2539 2020/4/2426
f 2085/6/2540 2086/6/2540 2087/6/2541
f 2085/6/2540 2087/6/2541 2088/6/2542
f 2034/6/2441 2026/6/2543 2085/6/1881
f 2034/6/2441 2085/6/1881 2088/6/1881
f 2033/6/2544 2087/6/2101 2086/6/2101
f 2033/6/2544 2086/6/2101 2025/6/2439
f 2026/6/2437 2025/6/2545 2086/6/2540
f 2026/6/2437 2086/6/2540 2085/6/2540
f 2090/2/2547 2091/2/2548 2092/2/2549
f 2090/2/2547 2092/2/2549 2089/2/2546
f 2042/2/2463 2091/2/2551 2090/2/1935
f 2042/2/2463 2090/2/1935 2043/2/2550
f 2031/2/2448 2043/2/2552 2090/2/2553
f 2031/2/2448 2090/2/2553 2089/2/2554
f 2032/2/2449 2031/2/2448 2089/2/2554
f 2032/2/2449 2089/2/2554 2093/2/2555
f 2033/3/2556 2032/3/2449 2093/3/2555
f 2033/3/2556 2093/3/2555 2087/3/2557
f 2034/4/1883 2088/4/2559 2094/4/2560
f 2034/4/1883 2094/4/2560 2035/4/2558
f 2035/5/2558 2094/5/2560 2095/5/2126
f 2035/5/2558 2095/5/2126 2037/5/2454
f 2096/5/2127 2095/5/2128 2097/5/2561
f 2096/5/2127 2097/5/2561 2098/5/2562
f 2044/5/2468 2040/5/2563 2096/5/2127
f 2044/5/2468 2096/5/2127 2098/5/2562
f 2037/5/2454 2095/5/2126 2096/5/2131
f 2037/5/2454 2096/5/2131 2040/5/1960
f 2092/4/2549 2091/4/2564 2099/4/2565
f 2092/4/2549 2099/4/2565 2100/4/2566
f 2042/4/2463 2048/4/2173 2099/4/2565
f 2042/4/2463 2099/4/2565 2091/4/2564
f 2098/4/2562 2097/4/2561 2101/4/2013
f 2098/4/2562 2101/4/2013 2102/4/2567
f 2049/4/2476 2044/4/2468 2098/4/2562
f 2049/4/2476 2098/4/2562 2102/4/2567
f 2100/4/2566 2099/4/2568 2103/4/2569
f 2100/4/2566 2103/4/2569 2104/4/2570
f 2048/4/2173 2052/4/2174 2103/4/2162
f 2048/4/2173 2103/4/2162 2099/4/2571
f 2103/4/2573 2052/4/2574 2053/4/2575
f 2103/4/2573 2053/4/2575 2104/4/2572
f 2104/4/2572 2053/4/2575 2057/4/2577
f 2104/4/2572 2057/4/2577 2105/4/2576
f 2106/4/2578 2105/4/2576 2057/4/2577
f 2106/4/2578 2057/4/2577 2060/4/2578
f 2107/3/2579 2106/3/2578 2060/3/2578
f 2107/3/2579 2060/3/2578 2062/3/2580
f 2107/4/2579 2062/4/2580 2064/4/2142
f 2107/4/2579 2064/4/2142 2108/4/2141
f 2102/4/2567 2101/4/2013 2109/4/1991
f 2102/4/2567 2109/4/1991 2110/4/2581
f 2049/4/2476 2102/4/2567 2110/4/2581
f 2049/4/2476 2110/4/2581 2054/4/2582
f 2064/4/2341 2065/4/2341 2111/4/2341
f 2064/4/2341 2111/4/2341 2108/4/2149
f 2112/4/2583 2111/4/2584 2065/4/2585
f 2112/4/2583 2065/4/2585 2067/4/2586
f 2109/4/1991 2112/4/1988 2113/4/2587
f 2109/4/1991 2113/4/2587 2110/4/2581
f 2054/4/2504 2110/4/2581 2113/4/2587
f 2054/4/2504 2113/4/2587 2066/4/2588
f 2113/4/2146 2112/4/2583 2067/4/2586
f 2113/4/2146 2067/4/2586 2066/4/2589
f 2115/2/2291 2116/2/2590 2117/2/2591
f 2115/2/2291 2117/2/2591 2114/2/2290
f 2092/2/2549 2116/2/2592 2115/2/2593
f 2092/2/2549 2115/2/2593 2089/2/2546
f 2093/2/2555 2089/2/2554 2115/2/1891
f 2093/2/2555 2115/2/1891 2114/2/2594
f 2118/3/2595 2114/3/2290 2117/3/2591
f 2118/3/2595 2117/3/2591 2119/3/2596
f 2093/3/2555 2114/3/2594 2118/3/2598
f 2093/3/2555 2118/3/2598 2087/3/2597
f 2120/6/2595 2118/6/2595 2119/6/2596
f 2120/6/2595 2119/6/2596 2121/6/2596
f 2088/6/2599 2087/6/2597 2118/6/2600
f 2088/6/2599 2118/6/2600 2120/6/2601
f 2122/4/1942 2120/4/2595 2121/4/2596
f 2122/4/1942 2121/4/2596 2123/4/2602
f 2094/4/2560 2088/4/2599 2120/4/2603
f 2094/4/2560 2120/4/2603 2122/4/2604
f 2124/5/1941 2122/5/1942 2123/5/2602
f 2124/5/1941 2123/5/2602 2125/5/1940
f 2097/5/2561 2095/5/2128 2124/5/1945
f 2097/5/2561 2124/5/1945 2125/5/2114
f 2094/5/2560 2122/5/2604 2124/5/1883
f 2094/5/2560 2124/5/1883 2095/5/2126
f 2117/4/2591 2116/4/2605 2126/4/2606
f 2117/4/2591 2126/4/2606 2127/4/2607
f 2092/4/2549 2100/4/2566 2126/4/2606
f 2092/4/2549 2126/4/2606 2116/4/2605
f 2119/4/2596 2117/4/2591 2127/4/2607
f 2119/4/2596 2127/4/2607 2128/4/2608
f 2121/3/2596 2119/3/2596 2128/3/2608
f 2121/3/2596 2128/3/2608 2129/3/2609
f 2123/4/2602 2121/4/2596 2129/4/2609
f 2123/4/2602 2129/4/2609 2130/4/2610
f 2125/6/1911 2123/6/2602 2130/6/2610
f 2125/6/1911 2130/6/2610 2131/6/2611
f 2101/6/2013 2097/6/2561 2125/6/1911
f 2101/6/2013 2125/6/1911 2131/6/2611
f 2127/4/2607 2126/4/2612 2132/4/1986
f 2127/4/2607 2132/4/1986 2133/4/2613
f 2100/4/2566 2104/4/2570 2132/4/2614
f 2100/4/2566 2132/4/2614 2126/4/2615
f 2132/4/2532 2104/4/2572 2105/4/2576
f 2132/4/2532 2105/4/2576 2133/4/2616
f 2128/4/2608 2127/4/2607 2133/4/2613
f 2128/4/2608 2133/4/2613 2134/4/2497
f 2134/4/2578 2133/4/2616 2105/4/2576
f 2134/4/2578 2105/4/2576 2106/4/2578
f 2129/3/2609 2128/3/2608 2134/3/2497
f 2129/3/2609 2134/3/2497 2135/3/2617
f 2135/3/2618 2134/3/2578 2106/3/2578
f 2135/3/2618 2106/3/2578 2107/3/2579
f 2130/4/2610 2129/4/2609 2135/4/2617
f 2130/4/2610 2135/4/2617 2136/4/2619
f 2135/4/2618 2107/4/2579 2108/4/2151
f 2135/4/2618 2108/4/2151 2136/4/2152
f 2131/6/2611 2130/6/2610 2136/6/2619
f 2131/6/2611 2136/6/2619 2137/6/2620
f 2109/6/1991 2101/6/2013 2131/6/2611
f 2109/6/1991 2131/6/2611 2137/6/2621
f 2137/4/2487 2136/4/2619 2138/4/2258
f 2137/4/2487 2138/4/2258 2139/4/2258
f 2109/4/1991 2137/4/2622 2139/4/1993
f 2109/4/1991 2139/4/1993 2112/4/1988
f 2108/4/2149 2111/4/2341 2138/4/2341
f 2108/4/2149 2138/4/2341 2136/4/2152
f 2139/4/2623 2138/4/2623 2111/4/2584
f 2139/4/2623 2111/4/2584 2112/4/2583

