# generated by vox_to_obj_exporter --round
# scale=0.1 center=true ground=true y_up=true
# welded, edge-relaxed, smooth vertex normals

mtllib Icon_710_02.mtl
usemtl palette

# verts
v -1.18375 0.08375 0.25
v -1.18375 0.01625 0.25
v -1.17833 0.02167 0.32833
v -1.17833 0.07833 0.32833
v -1.1 0.1 0.337
v -1.11625 0.11625 0.25
v -1.1 0 0.25
v -1.1 0.01625 0.33375
v -1.2 0.9 0.25
v -1.18375 0.81625 0.25
v -1.17833 0.82167 0.32833
v -1.18375 0.9 0.33375
v -1.11625 0.78375 0.25
v -1.1 0.8 0.337
v -1.1 0.9 0.363
v -1.2 1 0.25
v -1.18375 1 0.33375
v -1.11625 1 0.36625
v -1.2 1.1 0.25
v -1.18375 1.1 0.33375
v -1.1 1.1 0.363
v -1.18375 1.18375 0.25
v -1.17833 1.17833 0.32833
v -1.1 1.2 0.337
v -1.11625 1.21625 0.25
v -1.18375 0.08375 0.15
v -1.18375 0.01625 0.15
v -1.11625 0.11625 0.15
v -1.1 0 0.15
v -1.2 0.9 0.15
v -1.18375 0.81625 0.15
v -1.11625 0.78375 0.15
v -1.2 1 0.15
v -1.2 1.1 0.15
v -1.18375 1.18375 0.15
v -1.11625 1.21625 0.15
v -1.17833 0.07833 0.07167
v -1.17833 0.02167 0.07167
v -1.1 0.1 0.063
v -1.1 0.01625 0.06625
v -1.18375 0.9 0.06625
v -1.17833 0.82167 0.07167
v -1.1 0.8 0.063
v -1.1 0.9 0.05
v -1.18375 1 0.06625
v -1.1 1 0.05
v -1.18375 1.1 0.06625
v -1.1 1.1 0.05
v -1.17833 1.17833 0.07167
v -1.1 1.2 0.063
v -1.087 1.1 0.45
v -1.087 1 0.45
v -1.07833 1.02167 0.52833
v -1.08375 1.1 0.53375
v -1.02167 0.97833 0.47167
v -1 1 0.537
v -1 1.1 0.55
v -1.07833 1.17833 0.47167
v -1.07833 1.17833 0.52833
v -1 1.18375 0.53375
v -1 1.2 0.45
v -1.02167 1.12167 0.42833
v -1.087 0.7 0.35
v -1.08375 0.61625 0.35
v -1.07833 0.62167 0.42833
v -1.07833 0.67833 0.42833
v -1 0.7 0.45
v -1 0.71625 0.36625
v -1.01625 0.58375 0.35
v -1 0.6 0.45
v -1.07833 0.92167 0.42833
v -1.02167 0.87833 0.37167
v -1.013 0.9 0.45
v -1.02167 1.12167 0.37167
v -1 0 0.25
v -1 0.013 0.35
v -1 0.1 0.363
v -1.08375 0.18375 0.25
v -1.07833 0.17833 0.32833
v -1 0.2 0.337
v -1.01625 0.21625 0.25
v -1.1 0.7 0.25
v -1.08375 0.61625 0.25
v -1.01625 0.58375 0.25
v -1 0.8 0.363
v -1.01625 1.2 0.36625
v -1.1 1.3 0.25
v -1.08375 1.3 0.33375
v -1.01625 1.3 0.36625
v -1.08375 1.38375 0.25
v -1.07833 1.37833 0.32833
v -1 1.4 0.35
v -1.01625 1.41625 0.25
v -1 0 0.15
v -1.08375 0.18375 0.15
v -1.01625 0.21625 0.15
v -1.1 0.7 0.15
v -1.08375 0.61625 0.15
v -1.01625 0.58375 0.15
v -1.1 1.3 0.15
v -1.08375 1.38375 0.15
v -1.01625 1.41625 0.15
v -1 0.013 0.05
v -1 0.1 0.037
v -1.07833 0.17833 0.07167
v -1 0.2 0.063
v -1.087 0.7 0.05
v -1.08375 0.61625 0.05
v -1 0.587 0.05
v -1.01625 0.8 0.03375
v -1.02167 0.72167 0.02833
v -1.01625 0.9 0.03375
v -1.01625 1 0.03375
v -1.01625 1.1 0.03375
v -1 1.2 0.037
v -1.08375 1.3 0.06625
v -1 1.3 0.05
v -1.07833 1.37833 0.07167
v -1 1.4 0.05
v -1.087 0.7 -0.05
v -1.07833 0.62167 -0.02833
v -1 0.7 -0.05
v -1 0.61625 -0.03375
v -1.07833 0.77833 -0.12833
v -1.07833 0.72167 -0.12833
v -1.07833 0.77833 -0.07167
v -1.013 0.8 -0.05
v -1 0.8 -0.15
v -1 0.71625 -0.13375
v -1.087 1 -0.15
v -1.08375 0.91625 -0.15
v -1.07833 0.92167 -0.07167
v -1.07833 0.97833 -0.07167
v -1.013 1 -0.05
v -1.02167 1.02167 -0.12833
v -1.01625 0.88375 -0.15
v -1.013 0.9 -0.05
v -1.087 1 -0.25
v -1.08375 0.91625 -0.25
v -1.01625 0.88375 -0.25
v -1.07833 1.07833 -0.22833
v -1.07833 1.07833 -0.17167
v -1.013 1.1 -0.15
v -1.013 1.1 -0.25
v -1.02167 1.02167 -0.27167
v -1.07833 0.97833 -0.32833
v -1.07833 0.92167 -0.32833
v -1 1 -0.35
v -1.013 0.9 -0.35
v -0.98375 0.08375 0.45
v -0.98375 0.01625 0.45
v -0.97833 0.02167 0.52833
v -0.97833 0.07833 0.52833
v -0.9 0.1 0.55
v -0.91625 0.11625 0.45
v -0.9 0 0.45
v -0.9 0.013 0.55
v -0.97833 0.62167 0.52833
v -0.98375 0.7 0.53375
v -0.92167 0.57833 0.47167
v -0.9 0.6 0.537
v -0.9 0.7 0.55
v -0.987 0.8 0.45
v -0.98375 0.8 0.53375
v -0.9 0.8 0.563
v -0.92167 0.77833 0.42833
v -0.92167 0.72167 0.42833
v -0.98375 0.9 0.53375
v -0.91625 0.9 0.56625
v -0.91625 1 0.56625
v -0.91625 1.1 0.56625
v -0.9 1.2 0.55
v -0.92167 1.22167 0.47167
v -0.92167 0.12167 0.37167
v -0.9 0 0.35
v -0.987 0.5 0.35
v -0.97833 0.52167 0.42833
v -0.92167 0.47833 0.37167
v -0.913 0.5 0.45
v -0.92167 0.72167 0.37167
v -0.92167 0.77833 0.37167
v -0.98375 1.3 0.43375
v -0.91625 1.3 0.46625
v -0.97833 1.37833 0.42833
v -0.9 1.387 0.45
v -0.9 1.41625 0.36625
v -0.9 0 0.25
v -0.91625 0.2 0.36625
v -1 0.3 0.25
v -0.98375 0.3 0.33375
v -0.9 0.3 0.363
v -1 0.4 0.25
v -0.98375 0.4 0.33375
v -0.9 0.4 0.363
v -1 0.5 0.25
v -0.98375 1.48375 0.25
v -0.97833 1.47833 0.32833
v -0.9 1.5 0.337
v -0.91625 1.51625 0.25
v -0.9 0 0.15
v -0.987 0.3 0.15
v -0.987 0.4 0.15
v -0.9 0.38375 0.13375
v -0.9 0.31625 0.13375
v -1 0.5 0.15
v -0.98375 1.48375 0.15
v -0.91625 1.51625 0.15
v -0.9 0 0.05
v -0.9 0.2 0.037
v -0.92167 0.12167 0.02833
v -0.97833 0.27833 0.07167
v -0.9 0.28375 0.06625
v -0.98375 0.5 0.06625
v -0.97833 0.42167 0.07167
v -0.9 0.41625 0.06625
v -0.9 0.5 0.05
v -0.9 0.58375 0.03375
v -0.91625 1.3 0.03375
v -0.92167 1.22167 0.02833
v -0.92167 1.37833 0.02833
v -0.98375 1.48375 0.05
v -0.91625 1.51625 0.05
v -0.98375 0.08375 -0.05
v -0.98375 0.01625 -0.05
v -0.91625 0.11625 -0.05
v -0.9 0 -0.05
v -0.9 0.613 -0.05
v -0.92167 0.67833 -0.07167
v -1 1.1 -0.05
v -0.98375 1.18375 -0.05
v -0.91625 1.21625 -0.05
v -0.97833 1.47833 -0.02833
v -0.97833 1.42167 -0.02833
v -0.9 1.5 -0.037
v -0.9 1.4 -0.05
v -0.98375 0.08375 -0.15
v -0.98375 0.01625 -0.15
v -0.91625 0.11625 -0.15
v -0.9 0 -0.15
v -0.913 0.7 -0.15
v -0.92167 0.77833 -0.17167
v -0.98375 1.18375 -0.15
v -0.91625 1.21625 -0.15
v -0.98375 0.08375 -0.25
v -0.98375 0.01625 -0.25
v -0.91625 0.11625 -0.25
v -0.9 0 -0.25
v -0.98375 0.81625 -0.25
v -0.91625 0.78375 -0.25
v -0.98375 1.18375 -0.25
v -0.91625 1.21625 -0.25
v -0.98375 0.08375 -0.35
v -0.98375 0.01625 -0.35
v -0.9 0.113 -0.35
v -0.9 0 -0.35
v -0.98375 0.81625 -0.35
v -0.91625 0.78375 -0.35
v -0.98375 1.1 -0.33375
v -0.91625 1.1 -0.36625
v -0.92167 1.02167 -0.37167
v -0.97833 1.17833 -0.32833
v -0.9 1.2 -0.35
v -0.97833 0.07833 -0.42833
v -0.97833 0.02167 -0.42833
v -0.9 0.087 -0.45
v -0.9 0.013 -0.45
v -0.98375 0.9 -0.43375
v -0.97833 0.82167 -0.42833
v -0.9 0.8 -0.45
v -0.91625 0.9 -0.46625
v -0.97833 0.97833 -0.42833
v -0.9 1 -0.45
v -0.87833 0.02167 0.62833
v -0.87833 0.07833 0.62833
v -0.8 0.1 0.637
v -0.82167 0.12167 0.57167
v -0.8 0 0.55
v -0.8 0.01625 0.63375
v -0.87833 0.82167 0.62833
v -0.88375 0.9 0.63375
v -0.82167 0.77833 0.57167
v -0.8 0.8 0.637
v -0.8 0.9 0.65
v -0.88375 1 0.63375
v -0.8 1 0.65
v -0.88375 1.1 0.63375
v -0.8 1.1 0.65
v -0.87833 1.17833 0.62833
v -0.8 1.2 0.637
v -0.82167 1.22167 0.57167
v -0.8 0 0.45
v -0.9 0.2 0.45
v -0.88375 0.2 0.53375
v -0.81625 0.2 0.56625
v -0.88375 0.28375 0.45
v -0.87833 0.27833 0.52833
v -0.813 0.3 0.55
v -0.81625 0.31625 0.45
v -0.88375 0.41625 0.45
v -0.87833 0.42167 0.52833
v -0.88375 0.5 0.53375
v -0.81625 0.38375 0.45
v -0.813 0.4 0.55
v -0.81625 0.5 0.56625
v -0.81625 0.6 0.56625
v -0.81625 0.7 0.56625
v -0.88375 1.3 0.53375
v -0.8 1.3 0.563
v -0.87833 1.37833 0.52833
v -0.8 1.38375 0.53375
v -0.8 1.413 0.45
v -0.8 0 0.35
v -0.82167 0.32167 0.37167
v -0.82167 0.37833 0.37167
v -0.82167 1.42167 0.37167
v -0.887 1.9 0.35
v -0.88375 1.81625 0.35
v -0.87833 1.82167 0.42833
v -0.87833 1.87833 0.42833
v -0.8 1.887 0.45
v -0.8 1.91625 0.36625
v -0.81625 1.78375 0.35
v -0.8 1.8 0.45
v -0.8 0 0.25
v -0.8 1.5 0.363
v -0.88375 1.58375 0.25
v -0.87833 1.57833 0.32833
v -0.8 1.6 0.337
v -0.81625 1.61625 0.25
v -0.9 1.9 0.25
v -0.88375 1.81625 0.25
v -0.81625 1.78375 0.25
v -0.9 2 0.25
v -0.88375 2 0.33375
v -0.8 2 0.363
v -0.88375 2.08375 0.25
v -0.87833 2.07833 0.32833
v -0.8 2.1 0.35
v -0.81625 2.11625 0.25
v -0.8 0 0.15
v -0.82167 0.37833 0.12833
v -0.82167 0.32167 0.12833
v -0.88375 1.58375 0.15
v -0.81625 1.61625 0.15
v -0.88375 1.9 0.16625
v -0.87833 1.82167 0.17167
v -0.8 1.8 0.163
v -0.8 1.9 0.15
v -0.88375 2 0.16625
v -0.8 2 0.15
v -0.87833 2.07833 0.17167
v -0.8 2.1 0.163
v -0.8 0 0.05
v -0.813 0.3 0.05
v -0.82167 0.22167 0.02833
v -0.813 0.4 0.05
v -0.81625 0.5 0.03375
v -0.82167 0.57833 0.02833
v -0.88375 1.58375 0.05
v -0.81625 1.61625 0.05
v -0.8 0 -0.05
v -0.887 0.2 -0.05
v -0.82167 0.22167 -0.02833
v -0.81625 0.58375 -0.05
v -0.9 1.3 -0.05
v -0.8 1.5 -0.063
v -0.82167 1.42167 -0.07167
v -0.87833 1.57833 -0.02833
v -0.8 1.6 -0.037
v -0.87833 1.87833 -0.02833
v -0.87833 1.82167 -0.02833
v -0.87833 1.82167 0.02833
v -0.87833 1.87833 0.02833
v -0.8 1.88375 0.03375
v -0.8 1.88375 -0.03375
v -0.8 1.81625 -0.03375
v -0.8 1.81625 0.03375
v -0.8 0 -0.15
v -0.887 0.2 -0.15
v -0.87833 0.27833 -0.12833
v -0.87833 0.27833 -0.07167
v -0.813 0.3 -0.05
v -0.813 0.3 -0.15
v -0.82167 0.22167 -0.17167
v -0.88375 0.61625 -0.15
v -0.81625 0.58375 -0.15
v -0.9 1.3 -0.15
v -0.88375 1.38375 -0.15
v -0.81625 1.41625 -0.15
v -0.8 0 -0.25
v -0.88375 0.18375 -0.25
v -0.81625 0.21625 -0.25
v -0.9 0.7 -0.25
v -0.88375 0.61625 -0.25
v -0.81625 0.58375 -0.25
v -0.887 1.3 -0.25
v -0.87833 1.37833 -0.22833
v -0.813 1.4 -0.25
v -0.82167 1.32167 -0.27167
v -0.8 0 -0.35
v -0.87833 0.17833 -0.32833
v -0.8 0.2 -0.35
v -0.82167 0.12167 -0.37167
v -0.9 0.7 -0.35
v -0.88375 0.61625 -0.35
v -0.81625 0.58375 -0.35
v -0.87833 1.27833 -0.32833
v -0.8 1.3 -0.35
v -0.82167 1.22167 -0.37167
v -0.8 0.113 -0.45
v -0.8 0 -0.45
v -0.88375 0.7 -0.43375
v -0.87833 0.62167 -0.42833
v -0.8 0.6 -0.45
v -0.81625 0.7 -0.46625
v -0.82167 0.77833 -0.47167
v -0.88375 1.1 -0.43375
v -0.81625 1.1 -0.46625
v -0.82167 1.02167 -0.47167
v -0.87833 1.17833 -0.42833
v -0.8 1.2 -0.45
v -0.87833 0.07833 -0.52833
v -0.87833 0.02167 -0.52833
v -0.8 0.087 -0.55
v -0.8 0.013 -0.55
v -0.88375 0.9 -0.53375
v -0.87833 0.82167 -0.52833
v -0.8 0.8 -0.55
v -0.81625 0.9 -0.56625
v -0.87833 0.97833 -0.52833
v -0.8 1 -0.55
v -0.7 0 0.55
v -0.7 0.01625 0.63375
v -0.7 0.1 0.65
v -0.78375 0.2 0.63375
v -0.7 0.2 0.65
v -0.78375 0.3 0.63375
v -0.7 0.3 0.65
v -0.78375 0.4 0.63375
v -0.7 0.4 0.65
v -0.78375 0.5 0.63375
v -0.7 0.5 0.65
v -0.78375 0.6 0.63375
v -0.7 0.6 0.65
v -0.78375 0.7 0.63375
v -0.7 0.7 0.65
v -0.7 0.8 0.65
v -0.7 0.9 0.65
v -0.7 1 0.65
v -0.7 1.1 0.65
v -0.7 1.2 0.65
v -0.77833 1.27833 0.62833
v -0.7 1.28375 0.63375
v -0.7 1.31625 0.56625
v -0.7 0 0.45
v -0.7 1.4 0.537
v -0.72167 1.42167 0.47167
v -0.77833 1.82167 0.52833
v -0.77833 1.87833 0.52833
v -0.713 1.9 0.55
v -0.71625 1.91625 0.45
v -0.7 1.787 0.45
v -0.7 1.813 0.55
v -0.7 0 0.35
v -0.77833 1.47833 0.42833
v -0.713 1.5 0.45
v -0.72167 1.52167 0.37167
v -0.787 1.7 0.35
v -0.77833 1.72167 0.42833
v -0.72167 1.72167 0.42833
v -0.7 1.7 0.363
v -0.67833 1.77833 0.37167
v -0.72167 1.92167 0.37167
v -0.77833 2.02167 0.42833
v -0.77833 2.07833 0.42833
v -0.7 2.087 0.45
v -0.7 2.11625 0.36625
v -0.72167 1.97833 0.37167
v -0.713 2 0.45
v -0.7 0 0.25
v -0.7 1.6 0.363
v -0.8 1.7 0.25
v -0.78375 2.18375 0.25
v -0.77833 2.17833 0.32833
v -0.7 2.2 0.35
v -0.71625 2.21625 0.25
v -0.7 0 0.15
v -0.787 1.7 0.15
v -0.7 1.8 0.137
v -0.7 1.71625 0.13375
v -0.71625 1.9 0.13375
v -0.71625 2 0.13375
v -0.7 2.1 0.137
v -0.77833 2.17833 0.17167
v -0.7 2.2 0.163
v -0.7 0 0.05
v -0.78375 1.68375 0.05
v -0.7 1.7 0.05
v -0.7 0 -0.05
v -0.8 0.4 -0.05
v -0.8 0.5 -0.05
v -0.71625 1.6 -0.06625
v -0.72167 1.52167 -0.07167
v -0.77833 1.67833 -0.02833
v -0.7 1.687 -0.05
v -0.713 1.9 0.05
v -0.713 1.9 -0.05
v -0.7 1.813 -0.05
v -0.7 1.813 0.05
v -0.7 0 -0.15
v -0.8 0.4 -0.15
v -0.8 0.5 -0.15
v -0.78375 1.48375 -0.15
v -0.71625 1.51625 -0.15
v -0.7 0 -0.25
v -0.8 0.3 -0.25
v -0.8 0.4 -0.25
v -0.8 0.5 -0.25
v -0.78375 1.48375 -0.25
v -0.71625 1.51625 -0.25
v -0.7 0 -0.35
v -0.78375 0.3 -0.33375
v -0.71625 0.3 -0.36625
v -0.72167 0.22167 -0.37167
v -0.78375 0.4 -0.33375
v -0.71625 0.4 -0.36625
v -0.787 0.5 -0.35
v -0.72167 0.47833 -0.37167
v -0.78375 1.4 -0.33375
v -0.7 1.4 -0.363
v -0.7 1.31625 -0.36625
v -0.77833 1.47833 -0.32833
v -0.713 1.5 -0.35
v -0.7 0 -0.45
v -0.77833 0.17833 -0.42833
v -0.7 0.2 -0.45
v -0.72167 0.12167 -0.47167
v -0.77833 0.52167 -0.42833
v -0.7 0.5 -0.45
v -0.72167 0.57833 -0.47167
v -0.77833 1.27833 -0.42833
v -0.7 1.28375 -0.43375
v -0.7 1.21625 -0.46625
v -0.7 0.113 -0.55
v -0.7 0 -0.55
v -0.78375 0.7 -0.53375
v -0.77833 0.62167 -0.52833
v -0.7 0.6 -0.55
v -0.71625 0.7 -0.56625
v -0.72167 0.77833 -0.57167
v -0.78375 1.1 -0.53375
v -0.7 1.1 -0.55
v -0.7 1.01625 -0.56625
v -0.77833 1.17833 -0.52833
v -0.7 1.18375 -0.53375
v -0.77833 0.07833 -0.62833
v -0.77833 0.02167 -0.62833
v -0.7 0.08375 -0.63375
v -0.7 0.01625 -0.63375
v -0.78375 0.9 -0.63375
v -0.77833 0.82167 -0.62833
v -0.7 0.8 -0.637
v -0.7 0.9 -0.65
v -0.77833 0.97833 -0.62833
v -0.7 0.98375 -0.63375
v -0.6 0 0.55
v -0.6 0.013 0.65
v -0.61625 0.1 0.66625
v -0.6 0.2 0.663
v -0.6 0.3 0.65
v -0.6 0.4 0.65
v -0.6 0.5 0.65
v -0.6 0.6 0.663
v -0.61625 0.7 0.66625
v -0.61625 0.8 0.66625
v -0.61625 0.9 0.66625
v -0.61625 1 0.66625
v -0.61625 1.1 0.66625
v -0.6 1.2 0.663
v -0.6 1.3 0.637
v -0.62167 1.32167 0.57167
v -0.67833 1.82167 0.62833
v -0.68375 1.9 0.63375
v -0.61625 1.78375 0.55
v -0.6 1.8 0.637
v -0.6 1.9 0.65
v -0.687 2 0.55
v -0.67833 1.97833 0.62833
v -0.6 2 0.637
v -0.62167 2.02167 0.57167
v -0.6 0 0.45
v -0.6 1.4 0.563
v -0.68375 1.5 0.53375
v -0.6 1.5 0.55
v -0.68375 1.58375 0.45
v -0.67833 1.57833 0.52833
v -0.6 1.6 0.55
v -0.61625 1.61625 0.45
v -0.61625 1.78375 0.45
v -0.67833 2.07833 0.52833
v -0.6 2.1 0.55
v -0.61625 2.11625 0.45
v -0.6 0 0.35
v -0.62167 1.62167 0.37167
v -0.62167 1.77833 0.37167
v -0.62167 2.12167 0.37167
v -0.68375 2.28375 0.35
v -0.67833 2.22167 0.42833
v -0.67833 2.27833 0.42833
v -0.6 2.287 0.45
v -0.6 2.3 0.35
v -0.62167 2.17833 0.37167
v -0.613 2.2 0.45
v -0.6 0 0.25
v -0.61625 1.7 0.36625
v -0.68375 2.28375 0.25
v -0.6 2.3 0.25
v -0.6 0 0.15
v -0.62167 1.77833 0.12833
v -0.62167 1.72167 0.12833
v -0.61625 2.2 0.13375
v -0.62167 2.12167 0.12833
v -0.67833 2.27833 0.17167
v -0.6 2.287 0.15
v -0.6 0 0.05
v -0.61625 1.71625 0.05
v -0.61625 1.78375 0.05
v -0.7 2 0.05
v -0.68375 2.08375 0.05
v -0.61625 2.11625 0.05
v -0.6 0 -0.05
v -0.61625 1.71625 -0.05
v -0.61625 1.78375 -0.05
v -0.7 2 -0.05
v -0.68375 2.08375 -0.05
v -0.61625 2.11625 -0.05
v -0.6 0 -0.15
v -0.7 1.6 -0.15
v -0.68375 1.68375 -0.15
v -0.61625 1.71625 -0.15
v -0.7 1.9 -0.15
v -0.68375 1.81625 -0.15
v -0.61625 1.78375 -0.15
v -0.7 2 -0.15
v -0.68375 2.08375 -0.15
v -0.61625 2.11625 -0.15
v -0.6 0 -0.25
v -0.687 1.6 -0.25
v -0.67833 1.67833 -0.22833
v -0.613 1.7 -0.25
v -0.62167 1.62167 -0.27167
v -0.7 1.9 -0.25
v -0.68375 1.81625 -0.25
v -0.61625 1.78375 -0.25
v -0.687 2 -0.25
v -0.67833 2.07833 -0.22833
v -0.6 2.1 -0.25
v -0.62167 2.02167 -0.27167
v -0.6 0 -0.35
v -0.62167 1.37833 -0.37167
v -0.62167 1.32167 -0.37167
v -0.68375 1.58375 -0.35
v -0.61625 1.61625 -0.35
v -0.68375 1.9 -0.33375
v -0.67833 1.82167 -0.32833
v -0.613 1.8 -0.35
v -0.61625 1.9 -0.36625
v -0.67833 1.97833 -0.32833
v -0.6 2 -0.35
v -0.6 0 -0.45
v -0.68375 0.3 -0.43375
v -0.6 0.3 -0.45
v -0.6 0.21625 -0.46625
v -0.68375 0.4 -0.43375
v -0.6 0.4 -0.45
v -0.6 0.48375 -0.46625
v -0.6 1.3 -0.45
v -0.62167 1.22167 -0.47167
v -0.68375 1.5 -0.43375
v -0.67833 1.42167 -0.42833
v -0.6 1.4 -0.45
v -0.61625 1.5 -0.46625
v -0.67833 1.57833 -0.42833
v -0.6 1.6 -0.45
v -0.6 0 -0.55
v -0.67833 0.17833 -0.52833
v -0.6 0.187 -0.55
v -0.62167 0.12167 -0.57167
v -0.67833 0.52167 -0.52833
v -0.6 0.51625 -0.53375
v -0.6 0.58375 -0.56625
v -0.61625 1.1 -0.56625
v -0.62167 1.02167 -0.57167
v -0.6 1.2 -0.55
v -0.6 0.1 -0.65
v -0.6 0.013 -0.65
v -0.68375 0.7 -0.63375
v -0.67833 0.62167 -0.62833
v -0.6 0.613 -0.65
v -0.61625 0.7 -0.66625
v -0.61625 0.8 -0.66625
v -0.61625 0.9 -0.66625
v -0.6 1 -0.65
v -0.57833 0.02167 0.72833
v -0.58375 0.1 0.73375
v -0.5 0 0.65
v -0.5 0.01625 0.73375
v -0.5 0.1 0.75
v -0.57833 0.17833 0.72833
v -0.5 0.2 0.737
v -0.52167 0.22167 0.67167
v -0.57833 0.62167 0.72833
v -0.58375 0.7 0.73375
v -0.52167 0.57833 0.67167
v -0.5 0.6 0.737
v -0.5 0.7 0.75
v -0.58375 0.8 0.73375
v -0.5 0.8 0.75
v -0.58375 0.9 0.73375
v -0.5 0.9 0.75
v -0.58375 1 0.73375
v -0.5 1 0.75
v -0.58375 1.1 0.73375
v -0.5 1.1 0.75
v -0.57833 1.17833 0.72833
v -0.5 1.18375 0.73375
v -0.5 1.21625 0.66625
v -0.5 0 0.55
v -0.51625 0.3 0.66625
v -0.51625 0.4 0.66625
v -0.51625 0.5 0.66625
v -0.5 1.3 0.65
v -0.57833 1.37833 0.62833
v -0.5 1.38375 0.63375
v -0.5 1.41625 0.56625
v -0.6 1.7 0.55
v -0.57833 1.62167 0.62833
v -0.58375 1.7 0.63375
v -0.52167 1.57833 0.57167
v -0.5 1.6 0.637
v -0.5 1.7 0.663
v -0.51625 1.8 0.66625
v -0.5 1.9 0.663
v -0.5 2 0.65
v -0.57833 2.07833 0.62833
v -0.5 2.1 0.637
v -0.52167 2.12167 0.57167
v -0.5 0 0.45
v -0.5 1.5 0.563
v -0.6 1.7 0.45
v -0.58375 2.2 0.53375
v -0.5 2.2 0.563
v -0.57833 2.27833 0.52833
v -0.5 2.28375 0.53375
v -0.5 2.3 0.45
v -0.5 0 0.35
v -0.5 2.3 0.35
v -0.5 0 0.25
v -0.5 2.3 0.25
v -0.5 0 0.15
v -0.5 2.3 0.15
v -0.5 0 0.05
v -0.6 2.2 0.05
v -0.58375 2.28375 0.05
v -0.5 2.3 0.05
v -0.5 0 -0.05
v -0.587 2.2 -0.05
v -0.57833 2.27833 -0.02833
v -0.5 2.287 -0.05
v -0.52167 2.22167 -0.07167
v -0.5 0 -0.15
v -0.58375 2.18375 -0.15
v -0.5 2.213 -0.15
v -0.5 0 -0.25
v -0.57833 2.17833 -0.22833
v -0.5 2.187 -0.25
v -0.52167 2.12167 -0.27167
v -0.5 0 -0.35
v -0.6 1.7 -0.35
v -0.57833 2.07833 -0.32833
v -0.5 2.1 -0.35
v -0.52167 2.02167 -0.37167
v -0.5 0 -0.45
v -0.51625 0.3 -0.46625
v -0.52167 0.22167 -0.47167
v -0.51625 0.4 -0.46625
v -0.52167 0.47833 -0.47167
v -0.52167 1.37833 -0.47167
v -0.52167 1.32167 -0.47167
v -0.58375 1.7 -0.43375
v -0.51625 1.7 -0.46625
v -0.52167 1.62167 -0.47167
v -0.58375 1.8 -0.43375
v -0.51625 1.8 -0.46625
v -0.58375 1.9 -0.43375
v -0.5 1.9 -0.463
v -0.57833 1.97833 -0.42833
v -0.5 2 -0.437
v -0.5 0 -0.55
v -0.5 0.213 -0.55
v -0.5 0.5 -0.55
v -0.52167 0.57833 -0.57167
v -0.57833 1.27833 -0.52833
v -0.5 1.3 -0.537
v -0.5 1.21625 -0.56625
v -0.58375 1.5 -0.53375
v -0.57833 1.42167 -0.52833
v -0.5 1.4 -0.537
v -0.5 1.5 -0.563
v -0.57833 1.57833 -0.52833
v -0.5 1.6 -0.55
v -0.5 0 -0.65
v -0.57833 0.17833 -0.62833
v -0.5 0.18375 -0.63375
v -0.5 0.11625 -0.66625
v -0.5 0.587 -0.65
v -0.58375 1.1 -0.63375
v -0.5 1.1 -0.65
v -0.5 1.01625 -0.66625
v -0.57833 1.17833 -0.62833
v -0.5 1.18375 -0.63375
v -0.57833 0.07833 -0.72833
v -0.57833 0.02167 -0.72833
v -0.5 0.08375 -0.73375
v -0.5 0.01625 -0.73375
v -0.58375 0.7 -0.73375
v -0.57833 0.62167 -0.72833
v -0.5 0.61625 -0.73375
v -0.5 0.7 -0.75
v -0.58375 0.8 -0.73375
v -0.5 0.8 -0.75
v -0.58375 0.9 -0.73375
v -0.5 0.9 -0.75
v -0.57833 0.97833 -0.72833
v -0.5 0.98375 -0.73375
v -0.4 0 0.65
v -0.4 0.01625 0.73375
v -0.4 0.1 0.75
v -0.4 0.2 0.75
v -0.48375 0.3 0.73375
v -0.4 0.3 0.75
v -0.48375 0.4 0.73375
v -0.4 0.4 0.75
v -0.48375 0.5 0.73375
v -0.4 0.5 0.75
v -0.4 0.6 0.75
v -0.4 0.7 0.75
v -0.4 0.8 0.75
v -0.4 0.9 0.75
v -0.4 1 0.75
v -0.4 1.1 0.75
v -0.4 1.2 0.737
v -0.42167 1.22167 0.67167
v -0.47833 1.72167 0.72833
v -0.48375 1.8 0.73375
v -0.42167 1.67833 0.67167
v -0.4 1.7 0.737
v -0.4 1.8 0.75
v -0.47833 1.87833 0.72833
v -0.4 1.9 0.737
v -0.42167 1.92167 0.67167
v -0.4 0 0.55
v -0.4 1.3 0.663
v -0.4 1.38375 0.63375
v -0.4 1.41625 0.56625
v -0.47833 1.52167 0.62833
v -0.4 1.48375 0.56625
v -0.4 1.51625 0.63375
v -0.4 1.6 0.663
v -0.4 2 0.663
v -0.4 2.1 0.65
v -0.47833 2.17833 0.62833
v -0.4 2.18375 0.63375
v -0.4 2.21625 0.56625
v -0.4 0 0.45
v -0.4 2.28375 0.53375
v -0.4 2.3 0.45
v -0.4 0 0.35
v -0.4 2.3 0.35
v -0.4 0 0.25
v -0.4 2.3 0.25
v -0.4 0 0.15
v -0.4 2.3 0.15
v -0.4 0 0.05
v -0.4 2.3 0.05
v -0.4 0 -0.05
v -0.4 2.3 -0.05
v -0.4 0 -0.15
v -0.47833 2.27833 -0.12833
v -0.4 2.28375 -0.13375
v -0.4 2.21625 -0.16625
v -0.4 0 -0.25
v -0.4 2.2 -0.25
v -0.4 0 -0.35
v -0.47833 2.17833 -0.32833
v -0.4 2.18375 -0.33375
v -0.4 2.11625 -0.36625
v -0.4 0 -0.45
v -0.4 2 -0.463
v -0.42167 1.92167 -0.47167
v -0.47833 2.07833 -0.42833
v -0.4 2.08375 -0.43375
v -0.4 0 -0.55
v -0.48375 0.3 -0.53375
v -0.4 0.3 -0.55
v -0.4 0.21625 -0.56625
v -0.48375 0.4 -0.53375
v -0.4 0.4 -0.55
v -0.4 0.48375 -0.56625
v -0.4 1.3 -0.563
v -0.42167 1.22167 -0.57167
v -0.4 1.4 -0.55
v -0.4 1.48375 -0.56625
v -0.48375 1.7 -0.53375
v -0.4 1.7 -0.563
v -0.42167 1.62167 -0.57167
v -0.48375 1.8 -0.53375
v -0.4 1.8 -0.563
v -0.47833 1.87833 -0.52833
v -0.4 1.9 -0.55
v -0.4 0 -0.65
v -0.4 0.18375 -0.63375
v -0.4 0.11625 -0.66625
v -0.47833 0.52167 -0.62833
v -0.4 0.51625 -0.63375
v -0.4 0.58375 -0.66625
v -0.41625 1.1 -0.66625
v -0.42167 1.02167 -0.67167
v -0.4 1.2 -0.65
v -0.47833 1.57833 -0.62833
v -0.47833 1.52167 -0.62833
v -0.4 1.6 -0.637
v -0.4 1.51625 -0.63375
v -0.4 0.087 -0.75
v -0.4 0.013 -0.75
v -0.4 0.61625 -0.73375
v -0.4 0.7 -0.75
v -0.4 0.8 -0.763
v -0.41625 0.9 -0.76625
v -0.4 1 -0.75
v -0.3 0 0.65
v -0.3 0.01625 0.73375
v -0.3 0.1 0.75
v -0.3 0.2 0.75
v -0.3 0.3 0.75
v -0.3 0.4 0.75
v -0.3 0.5 0.75
v -0.3 0.6 0.75
v -0.3 0.7 0.75
v -0.3 0.8 0.75
v -0.3 0.9 0.75
v -0.3 1 0.75
v -0.3 1.1 0.75
v -0.3 1.2 0.75
v -0.37833 1.27833 0.72833
v -0.3 1.28375 0.73375
v -0.3 1.31625 0.66625
v -0.37833 1.62167 0.72833
v -0.3 1.58375 0.66625
v -0.3 1.61625 0.73375
v -0.3 1.7 0.75
v -0.3 1.8 0.75
v -0.3 1.9 0.75
v -0.37833 1.97833 0.72833
v -0.3 2 0.737
v -0.32167 2.02167 0.67167
v -0.3 0 0.55
v -0.3 1.4 0.637
v -0.32167 1.42167 0.57167
v -0.32167 1.47833 0.57167
v -0.3 1.5 0.637
v -0.3 2.1 0.663
v -0.3 2.2 0.637
v -0.32167 2.22167 0.57167
v -0.3 0 0.45
v -0.3 2.287 0.55
v -0.3 2.3 0.45
v -0.3 0 0.35
v -0.3 2.3 0.35
v -0.3 0 0.25
v -0.3 2.3 0.25
v -0.3 0 0.15
v -0.3 2.3 0.15
v -0.3 0 0.05
v -0.3 2.3 0.05
v -0.3 0 -0.05
v -0.3 2.3 -0.05
v -0.3 0 -0.15
v -0.3 2.287 -0.15
v -0.32167 2.22167 -0.17167
v -0.3 0 -0.25
v -0.3 2.213 -0.25
v -0.3 0 -0.35
v -0.3 2.187 -0.35
v -0.32167 2.12167 -0.37167
v -0.3 0 -0.45
v -0.3 2.1 -0.45
v -0.32167 2.02167 -0.47167
v -0.3 0 -0.55
v -0.31625 0.3 -0.56625
v -0.32167 0.22167 -0.57167
v -0.31625 0.4 -0.56625
v -0.32167 0.47833 -0.57167
v -0.3 1.4 -0.563
v -0.3 1.31625 -0.56625
v -0.32167 1.47833 -0.57167
v -0.32167 1.77833 -0.57167
v -0.32167 1.72167 -0.57167
v -0.37833 1.97833 -0.52833
v -0.3 2 -0.537
v -0.3 1.91625 -0.56625
v -0.3 0 -0.65
v -0.3 0.2 -0.65
v -0.32167 0.12167 -0.67167
v -0.3 0.5 -0.65
v -0.32167 0.57833 -0.67167
v -0.37833 1.27833 -0.62833
v -0.3 1.28375 -0.63375
v -0.3 1.21625 -0.66625
v -0.3 1.5 -0.65
v -0.3 1.6 -0.663
v -0.37833 1.67833 -0.62833
v -0.3 1.7 -0.637
v -0.37833 1.87833 -0.62833
v -0.37833 1.82167 -0.62833
v -0.3 1.88375 -0.63375
v -0.3 1.8 -0.637
v -0.3 0.113 -0.75
v -0.3 0 -0.75
v -0.3 0.6 -0.75
v -0.31625 0.7 -0.76625
v -0.32167 0.77833 -0.77167
v -0.38375 1.1 -0.73375
v -0.3 1.1 -0.75
v -0.3 1.01625 -0.76625
v -0.37833 1.17833 -0.72833
v -0.3 1.18375 -0.73375
v -0.37833 0.07833 -0.82833
v -0.37833 0.02167 -0.82833
v -0.3 0.08375 -0.83375
v -0.3 0.01625 -0.83375
v -0.38375 0.9 -0.83375
v -0.37833 0.82167 -0.82833
v -0.3 0.8 -0.837
v -0.3 0.9 -0.85
v -0.37833 0.97833 -0.82833
v -0.3 0.98375 -0.83375
v -0.2 0 0.65
v -0.2 0.01625 0.73375
v -0.2 0.1 0.75
v -0.2 0.2 0.75
v -0.2 0.3 0.75
v -0.2 0.4 0.75
v -0.2 0.5 0.75
v -0.2 0.6 0.75
v -0.2 0.7 0.75
v -0.2 0.8 0.75
v -0.2 0.9 0.75
v -0.2 1 0.75
v -0.2 1.1 0.75
v -0.2 1.2 0.75
v -0.2 1.28375 0.73375
v -0.2 1.31625 0.66625
v -0.2 1.58375 0.66625
v -0.2 1.61625 0.73375
v -0.2 1.7 0.75
v -0.2 1.8 0.763
v -0.2 1.9 0.763
v -0.2 2 0.75
v -0.27833 2.07833 0.72833
v -0.2 2.08375 0.73375
v -0.2 2.11625 0.66625
v -0.2 0 0.55
v -0.2 1.4 0.65
v -0.2 1.5 0.65
v -0.2 2.2 0.65
v -0.27833 2.27833 0.62833
v -0.2 2.28375 0.63375
v -0.2 2.3 0.55
v -0.2 0 0.45
v -0.2 2.3 0.45
v -0.2 0 0.35
v -0.2 2.3 0.35
v -0.2 0 0.25
v -0.2 2.3 0.25
v -0.2 0 0.15
v -0.2 2.3 0.15
v -0.2 0 0.05
v -0.2 2.3 0.05
v -0.2 0 -0.05
v -0.2 2.3 -0.05
v -0.2 0 -0.15
v -0.2 2.3 -0.15
v -0.2 0 -0.25
v -0.27833 2.27833 -0.22833
v -0.2 2.28375 -0.23375
v -0.2 2.21625 -0.26625
v -0.2 0 -0.35
v -0.2 2.2 -0.35
v -0.2 0 -0.45
v -0.27833 2.17833 -0.42833
v -0.2 2.18375 -0.43375
v -0.2 2.11625 -0.46625
v -0.2 0 -0.55
v -0.2 1.38375 -0.56625
v -0.2 1.31625 -0.56625
v -0.2 2 -0.563
v -0.22167 1.92167 -0.57167
v -0.27833 2.07833 -0.52833
v -0.2 2.08375 -0.53375
v -0.2 0 -0.65
v -0.28375 0.3 -0.63375
v -0.2 0.3 -0.65
v -0.2 0.21625 -0.66625
v -0.28375 0.4 -0.63375
v -0.2 0.4 -0.65
v -0.2 0.48375 -0.66625
v -0.2 1.28375 -0.63375
v -0.2 1.21625 -0.66625
v -0.27833 1.42167 -0.62833
v -0.2 1.41625 -0.63375
v -0.2 1.48375 -0.66625
v -0.2 1.7 -0.65
v -0.2 1.61625 -0.66625
v -0.2 1.8 -0.663
v -0.2 1.9 -0.65
v -0.2 0 -0.75
v -0.27833 0.17833 -0.72833
v -0.2 0.18375 -0.73375
v -0.2 0.11625 -0.76625
v -0.27833 0.52167 -0.72833
v -0.2 0.51625 -0.73375
v -0.2 0.58375 -0.76625
v -0.2 1.1 -0.75
v -0.2 1.01625 -0.76625
v -0.2 1.18375 -0.73375
v -0.27833 1.57833 -0.72833
v -0.27833 1.52167 -0.72833
v -0.2 1.58375 -0.73375
v -0.2 1.51625 -0.73375
v -0.2 0.08375 -0.83375
v -0.2 0.01625 -0.83375
v -0.28375 0.7 -0.83375
v -0.27833 0.62167 -0.82833
v -0.2 0.61625 -0.83375
v -0.2 0.7 -0.85
v -0.2 0.8 -0.85
v -0.2 0.9 -0.85
v -0.2 0.98375 -0.83375
v -0.17833 1.82167 0.82833
v -0.17833 1.87833 0.82833
v -0.1 1.88375 0.83375
v -0.1 1.91625 0.76625
v -0.12167 1.77833 0.77167
v -0.1 1.8 0.837
v -0.1 0 0.65
v -0.1 0.01625 0.73375
v -0.1 0.1 0.75
v -0.1 0.2 0.75
v -0.1 0.3 0.75
v -0.1 0.4 0.75
v -0.1 0.5 0.75
v -0.1 0.6 0.75
v -0.1 0.7 0.75
v -0.1 0.8 0.75
v -0.1 0.9 0.75
v -0.1 1 0.75
v -0.1 1.1 0.75
v -0.1 1.2 0.75
v -0.1 1.28375 0.73375
v -0.1 1.31625 0.66625
v -0.1 1.58375 0.66625
v -0.1 1.61625 0.73375
v -0.1 1.7 0.763
v -0.1 2 0.75
v -0.1 2.08375 0.73375
v -0.1 2.11625 0.66625
v -0.1 0 0.55
v -0.1 1.4 0.65
v -0.1 1.5 0.65
v -0.1 2.2 0.65
v -0.1 2.28375 0.63375
v -0.1 2.3 0.55
v -0.1 0 0.45
v -0.1 2.3 0.45
v -0.1 0 0.35
v -0.1 2.3 0.35
v -0.1 0 0.25
v -0.1 2.3 0.25
v -0.1 0 0.15
v -0.1 2.3 0.15
v -0.1 0 0.05
v -0.1 2.3 0.05
v -0.1 0 -0.05
v -0.1 2.3 -0.05
v -0.1 0 -0.15
v -0.1 2.3 -0.15
v -0.1 0 -0.25
v -0.1 2.28375 -0.23375
v -0.1 2.21625 -0.26625
v -0.1 0 -0.35
v -0.1 2.2 -0.35
v -0.1 0 -0.45
v -0.1 2.18375 -0.43375
v -0.1 2.11625 -0.46625
v -0.1 0 -0.55
v -0.1 1.38375 -0.56625
v -0.1 1.31625 -0.56625
v -0.1 2.08375 -0.53375
v -0.1 2.01625 -0.56625
v -0.1 0 -0.65
v -0.1 0.3 -0.65
v -0.1 0.21625 -0.66625
v -0.1 0.4 -0.65
v -0.1 0.48375 -0.66625
v -0.1 1.28375 -0.63375
v -0.1 1.21625 -0.66625
v -0.1 1.41625 -0.63375
v -0.1 1.48375 -0.66625
v -0.11625 1.7 -0.66625
v -0.12167 1.62167 -0.67167
v -0.12167 1.77833 -0.67167
v -0.17833 1.97833 -0.62833
v -0.1 1.98375 -0.63375
v -0.1 1.91625 -0.66625
v -0.1 0 -0.75
v -0.1 0.18375 -0.73375
v -0.1 0.11625 -0.76625
v -0.1 0.51625 -0.73375
v -0.1 0.58375 -0.76625
v -0.1 1.1 -0.75
v -0.1 1.01625 -0.76625
v -0.1 1.18375 -0.73375
v -0.1 1.6 -0.737
v -0.1 1.51625 -0.73375
v -0.17833 1.87833 -0.72833
v -0.17833 1.82167 -0.72833
v -0.1 1.88375 -0.73375
v -0.1 1.8 -0.737
v -0.1 0.08375 -0.83375
v -0.1 0.01625 -0.83375
v -0.1 0.61625 -0.83375
v -0.1 0.7 -0.85
v -0.1 0.8 -0.85
v -0.1 0.9 -0.85
v -0.1 0.98375 -0.83375
v -0.07833 1.72167 0.82833
v 0 1.68375 0.76625
v 0 1.71625 0.83375
v 0 1.8 0.85
v 0 1.88375 0.83375
v 0 1.91625 0.76625
v 0 0 0.65
v 0 0.01625 0.73375
v 0 0.1 0.75
v 0 0.2 0.75
v 0 0.3 0.75
v 0 0.4 0.75
v 0 0.5 0.75
v 0 0.6 0.75
v 0 0.7 0.75
v 0 0.8 0.75
v 0 0.9 0.75
v 0 1 0.75
v 0 1.1 0.75
v 0 1.2 0.75
v 0 1.28375 0.73375
v 0 1.31625 0.66625
v 0 1.58375 0.66625
v 0 1.61625 0.73375
v 0 2 0.75
v 0 2.08375 0.73375
v 0 2.11625 0.66625
v 0 0 0.55
v 0 1.4 0.65
v 0 1.5 0.65
v 0 2.2 0.65
v 0 2.28375 0.63375
v 0 2.3 0.55
v 0 0 0.45
v 0 2.3 0.45
v 0 0 0.35
v 0 2.3 0.35
v 0 0 0.25
v 0 2.3 0.25
v 0 0 0.15
v 0 2.3 0.15
v 0 0 0.05
v 0 2.3 0.05
v 0 0 -0.05
v 0 2.3 -0.05
v 0 0 -0.15
v 0 2.3 -0.15
v 0 0 -0.25
v 0 2.28375 -0.23375
v 0 2.21625 -0.26625
v 0 0 -0.35
v 0 2.2 -0.35
v 0 0 -0.45
v 0 2.18375 -0.43375
v 0 2.11625 -0.46625
v 0 0 -0.55
v 0 1.38375 -0.56625
v 0 1.31625 -0.56625
v 0 2.08375 -0.53375
v 0 2.01625 -0.56625
v 0 0 -0.65
v 0 0.3 -0.65
v 0 0.21625 -0.66625
v 0 0.4 -0.65
v 0 0.48375 -0.66625
v 0 1.28375 -0.63375
v 0 1.21625 -0.66625
v 0 1.41625 -0.63375
v 0 1.48375 -0.66625
v 0 1.98375 -0.63375
v 0 1.91625 -0.66625
v 0 0 -0.75
v 0 0.18375 -0.73375
v 0 0.11625 -0.76625
v 0 0.51625 -0.73375
v 0 0.58375 -0.76625
v 0 1.1 -0.75
v 0 1.01625 -0.76625
v 0 1.18375 -0.73375
v 0 1.51625 -0.73375
v 0 1.6 -0.75
v -0.08375 1.7 -0.73375
v 0 1.7 -0.75
v 0 1.8 -0.75
v 0 1.88375 -0.73375
v 0 0.08375 -0.83375
v 0 0.01625 -0.83375
v 0 0.61625 -0.83375
v 0 0.7 -0.85
v 0 0.8 -0.85
v 0 0.9 -0.85
v 0 0.98375 -0.83375
v 0.1 1.68375 0.76625
v 0.1 1.71625 0.83375
v 0.1 1.8 0.85
v 0.1 1.88375 0.83375
v 0.1 1.91625 0.76625
v 0.1 0 0.65
v 0.1 0.01625 0.73375
v 0.1 0.1 0.75
v 0.1 0.2 0.75
v 0.1 0.3 0.75
v 0.1 0.4 0.75
v 0.1 0.5 0.75
v 0.1 0.6 0.75
v 0.1 0.7 0.75
v 0.1 0.8 0.75
v 0.1 0.9 0.75
v 0.1 1 0.75
v 0.1 1.1 0.75
v 0.1 1.2 0.75
v 0.1 1.28375 0.73375
v 0.1 1.31625 0.66625
v 0.1 1.58375 0.66625
v 0.1 1.61625 0.73375
v 0.1 2 0.75
v 0.1 2.08375 0.73375
v 0.1 2.11625 0.66625
v 0.1 0 0.55
v 0.1 1.4 0.65
v 0.1 1.5 0.65
v 0.1 2.2 0.65
v 0.1 2.28375 0.63375
v 0.1 2.3 0.55
v 0.1 0 0.45
v 0.1 2.3 0.45
v 0.1 0 0.35
v 0.1 2.3 0.35
v 0.1 0 0.25
v 0.1 2.3 0.25
v 0.1 0 0.15
v 0.1 2.3 0.15
v 0.1 0 0.05
v 0.1 2.3 0.05
v 0.1 0 -0.05
v 0.1 2.3 -0.05
v 0.1 0 -0.15
v 0.1 2.3 -0.15
v 0.1 0 -0.25
v 0.1 2.28375 -0.23375
v 0.1 2.21625 -0.26625
v 0.1 0 -0.35
v 0.1 2.2 -0.35
v 0.1 0 -0.45
v 0.1 2.18375 -0.43375
v 0.1 2.11625 -0.46625
v 0.1 0 -0.55
v 0.1 1.38375 -0.56625
v 0.1 1.31625 -0.56625
v 0.1 2.08375 -0.53375
v 0.1 2.01625 -0.56625
v 0.1 0 -0.65
v 0.1 0.3 -0.65
v 0.1 0.21625 -0.66625
v 0.1 0.4 -0.65
v 0.1 0.48375 -0.66625
v 0.1 1.28375 -0.63375
v 0.1 1.21625 -0.66625
v 0.1 1.41625 -0.63375
v 0.1 1.48375 -0.66625
v 0.1 1.98375 -0.63375
v 0.1 1.91625 -0.66625
v 0.1 0 -0.75
v 0.1 0.18375 -0.73375
v 0.1 0.11625 -0.76625
v 0.1 0.51625 -0.73375
v 0.1 0.58375 -0.76625
v 0.1 1.1 -0.75
v 0.1 1.01625 -0.76625
v 0.1 1.18375 -0.73375
v 0.1 1.51625 -0.73375
v 0.1 1.6 -0.75
v 0.1 1.7 -0.75
v 0.1 1.8 -0.75
v 0.1 1.88375 -0.73375
v 0.1 0.08375 -0.83375
v 0.1 0.01625 -0.83375
v 0.1 0.61625 -0.83375
v 0.1 0.7 -0.85
v 0.1 0.8 -0.85
v 0.1 0.9 -0.85
v 0.1 0.98375 -0.83375
v 0.2 1.68375 0.76625
v 0.2 1.71625 0.83375
v 0.2 1.8 0.85
v 0.2 1.88375 0.83375
v 0.2 1.91625 0.76625
v 0.2 0 0.65
v 0.2 0.01625 0.73375
v 0.2 0.1 0.75
v 0.2 0.2 0.75
v 0.2 0.3 0.75
v 0.2 0.4 0.75
v 0.2 0.5 0.75
v 0.2 0.6 0.75
v 0.2 0.7 0.75
v 0.2 0.8 0.75
v 0.2 0.9 0.75
v 0.2 1 0.75
v 0.2 1.1 0.75
v 0.2 1.2 0.75
v 0.2 1.28375 0.73375
v 0.2 1.31625 0.66625
v 0.2 1.58375 0.66625
v 0.2 1.61625 0.73375
v 0.2 2 0.75
v 0.2 2.08375 0.73375
v 0.2 2.11625 0.66625
v 0.2 0 0.55
v 0.2 1.4 0.65
v 0.2 1.5 0.65
v 0.2 2.2 0.65
v 0.2 2.28375 0.63375
v 0.2 2.3 0.55
v 0.2 0 0.45
v 0.2 2.3 0.45
v 0.2 0 0.35
v 0.2 2.3 0.35
v 0.2 0 0.25
v 0.2 2.3 0.25
v 0.2 0 0.15
v 0.2 2.3 0.15
v 0.2 0 0.05
v 0.2 2.3 0.05
v 0.2 0 -0.05
v 0.2 2.3 -0.05
v 0.2 0 -0.15
v 0.2 2.3 -0.15
v 0.2 0 -0.25
v 0.2 2.28375 -0.23375
v 0.2 2.21625 -0.26625
v 0.2 0 -0.35
v 0.2 2.2 -0.35
v 0.2 0 -0.45
v 0.2 2.18375 -0.43375
v 0.2 2.11625 -0.46625
v 0.2 0 -0.55
v 0.2 1.38375 -0.56625
v 0.2 1.31625 -0.56625
v 0.2 2.08375 -0.53375
v 0.2 2.01625 -0.56625
v 0.2 0 -0.65
v 0.2 0.3 -0.65
v 0.2 0.21625 -0.66625
v 0.2 0.4 -0.65
v 0.2 0.48375 -0.66625
v 0.2 1.28375 -0.63375
v 0.2 1.21625 -0.66625
v 0.2 1.41625 -0.63375
v 0.2 1.48375 -0.66625
v 0.2 1.98375 -0.63375
v 0.2 1.91625 -0.66625
v 0.2 0 -0.75
v 0.2 0.18375 -0.73375
v 0.2 0.11625 -0.76625
v 0.2 0.51625 -0.73375
v 0.2 0.58375 -0.76625
v 0.2 1.1 -0.75
v 0.2 1.01625 -0.76625
v 0.2 1.18375 -0.73375
v 0.2 1.51625 -0.73375
v 0.2 1.6 -0.75
v 0.2 1.7 -0.75
v 0.2 1.8 -0.75
v 0.2 1.88375 -0.73375
v 0.2 0.08375 -0.83375
v 0.2 0.01625 -0.83375
v 0.2 0.61625 -0.83375
v 0.2 0.7 -0.85
v 0.2 0.8 -0.85
v 0.2 0.9 -0.85
v 0.2 0.98375 -0.83375
v 0.3 1.68375 0.76625
v 0.3 1.71625 0.83375
v 0.3 1.8 0.85
v 0.3 1.88375 0.83375
v 0.3 1.91625 0.76625
v 0.3 0 0.65
v 0.3 0.01625 0.73375
v 0.3 0.1 0.75
v 0.3 0.2 0.75
v 0.3 0.3 0.75
v 0.3 0.4 0.75
v 0.3 0.5 0.75
v 0.3 0.6 0.75
v 0.3 0.7 0.75
v 0.3 0.8 0.75
v 0.3 0.9 0.75
v 0.3 1 0.75
v 0.3 1.1 0.75
v 0.3 1.2 0.75
v 0.3 1.28375 0.73375
v 0.3 1.31625 0.66625
v 0.3 1.58375 0.66625
v 0.3 1.61625 0.73375
v 0.3 2 0.75
v 0.3 2.08375 0.73375
v 0.3 2.11625 0.66625
v 0.3 0 0.55
v 0.3 1.4 0.637
v 0.3 1.5 0.637
v 0.32167 1.42167 0.57167
v 0.32167 1.47833 0.57167
v 0.3 2.2 0.637
v 0.27833 2.27833 0.62833
v 0.32167 2.22167 0.57167
v 0.3 2.287 0.55
v 0.3 0 0.45
v 0.3 2.3 0.45
v 0.3 0 0.35
v 0.3 2.3 0.35
v 0.3 0 0.25
v 0.3 2.3 0.25
v 0.3 0 0.15
v 0.3 2.3 0.15
v 0.3 0 0.05
v 0.3 2.3 0.05
v 0.3 0 -0.05
v 0.3 2.3 -0.05
v 0.3 0 -0.15
v 0.3 2.287 -0.15
v 0.3 0 -0.25
v 0.32167 2.22167 -0.17167
v 0.3 2.213 -0.25
v 0.27833 2.27833 -0.22833
v 0.3 0 -0.35
v 0.3 2.2 -0.35
v 0.3 0 -0.45
v 0.3 2.18375 -0.43375
v 0.3 2.11625 -0.46625
v 0.3 0 -0.55
v 0.3 1.4 -0.563
v 0.3 1.31625 -0.56625
v 0.3 2.08375 -0.53375
v 0.3 2.01625 -0.56625
v 0.3 0 -0.65
v 0.31625 0.3 -0.56625
v 0.32167 0.22167 -0.57167
v 0.3 0.2 -0.65
v 0.28375 0.3 -0.63375
v 0.31625 0.4 -0.56625
v 0.28375 0.4 -0.63375
v 0.32167 0.47833 -0.57167
v 0.3 0.5 -0.65
v 0.3 1.28375 -0.63375
v 0.3 1.21625 -0.66625
v 0.32167 1.47833 -0.57167
v 0.27833 1.42167 -0.62833
v 0.3 1.487 -0.65
v 0.3 1.98375 -0.63375
v 0.3 1.91625 -0.66625
v 0.3 0 -0.75
v 0.32167 0.12167 -0.67167
v 0.3 0.113 -0.75
v 0.27833 0.17833 -0.72833
v 0.32167 0.57833 -0.67167
v 0.27833 0.52167 -0.72833
v 0.3 0.6 -0.75
v 0.3 1.1 -0.75
v 0.3 1.01625 -0.76625
v 0.3 1.18375 -0.73375
v 0.3 1.51625 -0.73375
v 0.3 1.6 -0.75
v 0.3 1.7 -0.75
v 0.3 1.8 -0.75
v 0.3 1.88375 -0.73375
v 0.3 0.08375 -0.83375
v 0.3 0.01625 -0.83375
v 0.31625 0.7 -0.76625
v 0.27833 0.62167 -0.82833
v 0.28375 0.7 -0.83375
v 0.32167 0.77833 -0.77167
v 0.3 0.8 -0.837
v 0.3 0.9 -0.85
v 0.3 0.98375 -0.83375
v 0.38375 1.8 0.83375
v 0.37833 1.72167 0.82833
v 0.4 1.7 0.763
v 0.41625 1.8 0.76625
v 0.37833 1.87833 0.82833
v 0.4 1.9 0.763
v 0.4 0 0.65
v 0.4 0.01625 0.73375
v 0.4 0.1 0.75
v 0.4 0.2 0.75
v 0.4 0.3 0.75
v 0.4 0.4 0.75
v 0.4 0.5 0.75
v 0.4 0.6 0.75
v 0.4 0.7 0.75
v 0.4 0.8 0.75
v 0.4 0.9 0.75
v 0.4 1 0.75
v 0.4 1.1 0.75
v 0.4 1.2 0.737
v 0.37833 1.27833 0.72833
v 0.42167 1.22167 0.67167
v 0.4 1.3 0.663
v 0.4 1.58375 0.66625
v 0.4 1.61625 0.73375
v 0.4 2 0.737
v 0.37833 2.07833 0.72833
v 0.42167 2.02167 0.67167
v 0.4 2.1 0.663
v 0.4 0 0.55
v 0.4 1.38375 0.63375
v 0.4 1.41625 0.56625
v 0.4 1.48375 0.56625
v 0.4 1.51625 0.63375
v 0.4 2.18375 0.63375
v 0.4 2.21625 0.56625
v 0.4 0 0.45
v 0.4 2.28375 0.53375
v 0.4 2.3 0.45
v 0.4 0 0.35
v 0.4 2.3 0.35
v 0.4 0 0.25
v 0.4 2.3 0.25
v 0.4 0 0.15
v 0.4 2.3 0.15
v 0.4 0 0.05
v 0.4 2.3 0.05
v 0.4 0 -0.05
v 0.4 2.3 -0.05
v 0.4 0 -0.15
v 0.4 2.28375 -0.13375
v 0.4 2.21625 -0.16625
v 0.4 0 -0.25
v 0.4 2.2 -0.25
v 0.4 0 -0.35
v 0.4 2.187 -0.35
v 0.4 0 -0.45
v 0.42167 2.12167 -0.37167
v 0.4 2.1 -0.45
v 0.37833 2.17833 -0.42833
v 0.4 0 -0.55
v 0.4 0.3 -0.55
v 0.4 0.21625 -0.56625
v 0.4 0.4 -0.55
v 0.4 0.48375 -0.56625
v 0.42167 1.37833 -0.47167
v 0.42167 1.32167 -0.47167
v 0.4 1.3 -0.55
v 0.4 1.4 -0.537
v 0.4 1.48375 -0.56625
v 0.42167 2.02167 -0.47167
v 0.4 2 -0.55
v 0.37833 2.07833 -0.52833
v 0.4 0 -0.65
v 0.4 0.18375 -0.63375
v 0.4 0.11625 -0.66625
v 0.4 0.51625 -0.63375
v 0.4 0.58375 -0.66625
v 0.42167 1.22167 -0.57167
v 0.4 1.2 -0.65
v 0.37833 1.27833 -0.62833
v 0.4 1.513 -0.65
v 0.42167 1.92167 -0.57167
v 0.4 1.9 -0.65
v 0.37833 1.97833 -0.62833
v 0.4 0.087 -0.75
v 0.4 0.013 -0.75
v 0.4 0.61625 -0.73375
v 0.4 0.7 -0.75
v 0.4 0.8 -0.763
v 0.41625 1.1 -0.66625
v 0.42167 1.02167 -0.67167
v 0.4 1 -0.75
v 0.38375 1.1 -0.73375
v 0.37833 1.17833 -0.72833
v 0.41625 1.6 -0.66625
v 0.37833 1.52167 -0.72833
v 0.38375 1.6 -0.73375
v 0.41625 1.7 -0.66625
v 0.38375 1.7 -0.73375
v 0.41625 1.8 -0.66625
v 0.38375 1.8 -0.73375
v 0.37833 1.87833 -0.72833
v 0.37833 0.02167 -0.82833
v 0.37833 0.07833 -0.82833
v 0.41625 0.9 -0.76625
v 0.37833 0.82167 -0.82833
v 0.38375 0.9 -0.83375
v 0.37833 0.97833 -0.82833
v 0.5 0 0.65
v 0.5 0.01625 0.73375
v 0.5 0.1 0.75
v 0.5 0.2 0.737
v 0.48375 0.3 0.73375
v 0.52167 0.22167 0.67167
v 0.51625 0.3 0.66625
v 0.48375 0.4 0.73375
v 0.51625 0.4 0.66625
v 0.48375 0.5 0.73375
v 0.51625 0.5 0.66625
v 0.5 0.6 0.737
v 0.52167 0.57833 0.67167
v 0.5 0.7 0.75
v 0.5 0.8 0.75
v 0.5 0.9 0.75
v 0.5 1 0.75
v 0.5 1.1 0.75
v 0.5 1.18375 0.73375
v 0.5 1.21625 0.66625
v 0.5 1.58375 0.66625
v 0.5 1.61625 0.73375
v 0.5 1.7 0.75
v 0.5 1.8 0.75
v 0.5 1.9 0.75
v 0.5 1.98375 0.73375
v 0.5 2.01625 0.66625
v 0.5 0 0.55
v 0.5 1.3 0.65
v 0.5 1.38375 0.63375
v 0.5 1.41625 0.56625
v 0.5 1.48375 0.56625
v 0.5 1.51625 0.63375
v 0.5 2.1 0.65
v 0.5 2.18375 0.63375
v 0.5 2.21625 0.56625
v 0.5 0 0.45
v 0.5 2.28375 0.53375
v 0.5 2.3 0.45
v 0.5 0 0.35
v 0.5 2.3 0.35
v 0.5 0 0.25
v 0.5 2.3 0.25
v 0.5 0 0.15
v 0.5 2.3 0.15
v 0.5 0 0.05
v 0.5 2.3 0.05
v 0.5 0 -0.05
v 0.5 2.287 -0.05
v 0.5 0 -0.15
v 0.52167 2.22167 -0.07167
v 0.5 2.213 -0.15
v 0.47833 2.27833 -0.12833
v 0.5 0 -0.25
v 0.5 2.2 -0.25
v 0.5 0 -0.35
v 0.5 2.18375 -0.33375
v 0.5 2.11625 -0.36625
v 0.5 0 -0.45
v 0.5 1.38375 -0.46625
v 0.5 1.31625 -0.46625
v 0.5 2.08375 -0.43375
v 0.5 2.01625 -0.46625
v 0.5 0 -0.55
v 0.51625 0.3 -0.46625
v 0.52167 0.22167 -0.47167
v 0.5 0.213 -0.55
v 0.48375 0.3 -0.53375
v 0.51625 0.4 -0.46625
v 0.48375 0.4 -0.53375
v 0.52167 0.47833 -0.47167
v 0.5 0.5 -0.55
v 0.5 1.28375 -0.53375
v 0.5 1.21625 -0.56625
v 0.5 1.41625 -0.53375
v 0.5 1.48375 -0.56625
v 0.5 1.98375 -0.53375
v 0.5 1.91625 -0.56625
v 0.5 0 -0.65
v 0.5 0.18375 -0.63375
v 0.5 0.11625 -0.66625
v 0.52167 0.57833 -0.57167
v 0.47833 0.52167 -0.62833
v 0.5 0.587 -0.65
v 0.5 1.1 -0.65
v 0.5 1.01625 -0.66625
v 0.5 1.18375 -0.63375
v 0.5 1.51625 -0.63375
v 0.5 1.6 -0.65
v 0.5 1.7 -0.65
v 0.5 1.8 -0.65
v 0.5 1.88375 -0.63375
v 0.5 0.08375 -0.73375
v 0.5 0.01625 -0.73375
v 0.5 0.61625 -0.73375
v 0.5 0.7 -0.75
v 0.5 0.8 -0.75
v 0.5 0.9 -0.75
v 0.5 0.98375 -0.73375
v 0.58375 0.1 0.73375
v 0.57833 0.02167 0.72833
v 0.6 0.013 0.65
v 0.61625 0.1 0.66625
v 0.57833 0.17833 0.72833
v 0.6 0.2 0.663
v 0.58375 0.7 0.73375
v 0.57833 0.62167 0.72833
v 0.6 0.6 0.663
v 0.61625 0.7 0.66625
v 0.58375 0.8 0.73375
v 0.61625 0.8 0.66625
v 0.58375 0.9 0.73375
v 0.61625 0.9 0.66625
v 0.58375 1 0.73375
v 0.61625 1 0.66625
v 0.58375 1.1 0.73375
v 0.61625 1.1 0.66625
v 0.57833 1.17833 0.72833
v 0.6 1.2 0.663
v 0.6 1.587 0.65
v 0.6 1.61625 0.73375
v 0.6 1.7 0.75
v 0.6 1.8 0.75
v 0.6 1.9 0.737
v 0.57833 1.97833 0.72833
v 0.62167 1.92167 0.67167
v 0.6 2 0.663
v 0.6 0 0.55
v 0.6 0.3 0.65
v 0.6 0.4 0.65
v 0.6 0.5 0.65
v 0.6 1.3 0.637
v 0.57833 1.37833 0.62833
v 0.62167 1.32167 0.57167
v 0.6 1.4 0.563
v 0.57833 1.52167 0.62833
v 0.6 1.5 0.563
v 0.62167 1.57833 0.57167
v 0.6 2.1 0.637
v 0.57833 2.17833 0.62833
v 0.62167 2.12167 0.57167
v 0.6 2.2 0.55
v 0.6 0 0.45
v 0.57833 2.27833 0.52833
v 0.62167 2.22167 0.47167
v 0.6 2.287 0.45
v 0.6 0 0.35
v 0.6 2.3 0.35
v 0.6 0 0.25
v 0.6 2.3 0.25
v 0.6 0 0.15
v 0.6 2.287 0.15
v 0.6 0 0.05
v 0.62167 2.22167 0.12833
v 0.61625 2.21625 0.05
v 0.58375 2.28375 0.05
v 0.6 0 -0.05
v 0.6 2.213 -0.05
v 0.57833 2.27833 -0.02833
v 0.6 0 -0.15
v 0.6 2.2 -0.15
v 0.6 0 -0.25
v 0.6 2.187 -0.25
v 0.6 0 -0.35
v 0.62167 2.12167 -0.27167
v 0.6 2.1 -0.35
v 0.57833 2.17833 -0.32833
v 0.6 0 -0.45
v 0.6 0.3 -0.45
v 0.6 0.21625 -0.46625
v 0.6 0.4 -0.45
v 0.6 0.48375 -0.46625
v 0.62167 1.37833 -0.37167
v 0.62167 1.32167 -0.37167
v 0.6 1.3 -0.45
v 0.6 1.4 -0.45
v 0.62167 2.02167 -0.37167
v 0.6 2 -0.45
v 0.57833 2.07833 -0.42833
v 0.6 0 -0.55
v 0.6 0.187 -0.55
v 0.6 0.51625 -0.53375
v 0.6 0.58375 -0.56625
v 0.62167 1.22167 -0.47167
v 0.6 1.2 -0.55
v 0.57833 1.27833 -0.52833
v 0.62167 1.47833 -0.47167
v 0.57833 1.42167 -0.52833
v 0.6 1.5 -0.55
v 0.62167 1.92167 -0.47167
v 0.6 1.9 -0.55
v 0.57833 1.97833 -0.52833
v 0.6 0.013 -0.65
v 0.62167 0.12167 -0.57167
v 0.6 0.1 -0.65
v 0.57833 0.17833 -0.62833
v 0.6 0.613 -0.65
v 0.61625 1.1 -0.56625
v 0.62167 1.02167 -0.57167
v 0.6 1 -0.65
v 0.58375 1.1 -0.63375
v 0.57833 1.17833 -0.62833
v 0.62167 1.57833 -0.57167
v 0.57833 1.52167 -0.62833
v 0.6 1.6 -0.637
v 0.6 1.7 -0.637
v 0.61625 1.8 -0.56625
v 0.62167 1.72167 -0.57167
v 0.58375 1.8 -0.63375
v 0.57833 1.87833 -0.62833
v 0.57833 0.02167 -0.72833
v 0.57833 0.07833 -0.72833
v 0.61625 0.7 -0.66625
v 0.57833 0.62167 -0.72833
v 0.58375 0.7 -0.73375
v 0.61625 0.8 -0.66625
v 0.58375 0.8 -0.73375
v 0.61625 0.9 -0.66625
v 0.58375 0.9 -0.73375
v 0.57833 0.97833 -0.72833
v 0.7 1.7 0.737
v 0.67833 1.62167 0.72833
v 0.7 1.613 0.65
v 0.72167 1.67833 0.67167
v 0.7 1.8 0.737
v 0.67833 1.87833 0.72833
v 0.72167 1.82167 0.67167
v 0.7 1.9 0.663
v 0.7 0 0.55
v 0.7 0.01625 0.63375
v 0.7 0.1 0.65
v 0.7 0.2 0.65
v 0.7 0.3 0.65
v 0.7 0.4 0.65
v 0.7 0.5 0.65
v 0.7 0.6 0.65
v 0.7 0.7 0.65
v 0.7 0.8 0.65
v 0.7 0.9 0.65
v 0.7 1 0.65
v 0.7 1.1 0.65
v 0.7 1.2 0.65
v 0.7 1.28375 0.63375
v 0.7 1.31625 0.56625
v 0.7 1.58375 0.56625
v 0.7 2 0.637
v 0.67833 2.07833 0.62833
v 0.72167 2.02167 0.57167
v 0.7 2.1 0.55
v 0.7 0 0.45
v 0.7 1.4 0.537
v 0.7 1.5 0.537
v 0.72167 1.42167 0.47167
v 0.72167 1.47833 0.47167
v 0.67833 2.17833 0.52833
v 0.71625 2.11625 0.45
v 0.687 2.2 0.45
v 0.7 0 0.35
v 0.72167 2.12167 0.37167
v 0.713 2.2 0.35
v 0.67833 2.27833 0.42833
v 0.68375 2.28375 0.35
v 0.7 0 0.25
v 0.71625 2.21625 0.25
v 0.68375 2.28375 0.25
v 0.7 0 0.15
v 0.7 2.2 0.15
v 0.67833 2.27833 0.17167
v 0.7 0 0.05
v 0.72167 2.12167 0.12833
v 0.71625 2.11625 0.05
v 0.68375 2.18375 0.05
v 0.7 0 -0.05
v 0.71625 2.11625 -0.05
v 0.68375 2.18375 -0.05
v 0.7 0 -0.15
v 0.71625 2.11625 -0.15
v 0.68375 2.18375 -0.15
v 0.7 0 -0.25
v 0.7 2.1 -0.25
v 0.67833 2.17833 -0.22833
v 0.7 0 -0.35
v 0.7 1.4 -0.363
v 0.7 1.31625 -0.36625
v 0.72167 2.02167 -0.27167
v 0.7 2.013 -0.35
v 0.67833 2.07833 -0.32833
v 0.7 0 -0.45
v 0.71625 0.3 -0.36625
v 0.72167 0.22167 -0.37167
v 0.7 0.2 -0.45
v 0.68375 0.3 -0.43375
v 0.71625 0.4 -0.36625
v 0.68375 0.4 -0.43375
v 0.72167 0.47833 -0.37167
v 0.7 0.5 -0.45
v 0.7 1.28375 -0.43375
v 0.7 1.21625 -0.46625
v 0.72167 1.47833 -0.37167
v 0.67833 1.42167 -0.42833
v 0.7 1.5 -0.45
v 0.7 1.98375 -0.43375
v 0.7 1.9 -0.463
v 0.7 0 -0.55
v 0.72167 0.12167 -0.47167
v 0.7 0.113 -0.55
v 0.67833 0.17833 -0.52833
v 0.72167 0.57833 -0.47167
v 0.67833 0.52167 -0.52833
v 0.7 0.6 -0.55
v 0.7 1.1 -0.55
v 0.7 1.01625 -0.56625
v 0.7 1.18375 -0.53375
v 0.72167 1.57833 -0.47167
v 0.67833 1.52167 -0.52833
v 0.7 1.6 -0.55
v 0.7 1.8 -0.537
v 0.7 1.7 -0.563
v 0.72167 1.82167 -0.47167
v 0.67833 1.87833 -0.52833
v 0.7 0.08375 -0.63375
v 0.7 0.01625 -0.63375
v 0.71625 0.7 -0.56625
v 0.67833 0.62167 -0.62833
v 0.68375 0.7 -0.63375
v 0.72167 0.77833 -0.57167
v 0.7 0.8 -0.637
v 0.7 0.9 -0.65
v 0.7 0.98375 -0.63375
v 0.67833 1.62167 -0.62833
v 0.67833 1.67833 -0.62833
v 0.77833 1.77833 0.72833
v 0.77833 1.72167 0.72833
v 0.8 1.7 0.663
v 0.8 1.8 0.663
v 0.8 0 0.55
v 0.8 0.01625 0.63375
v 0.8 0.1 0.637
v 0.78375 0.2 0.63375
v 0.82167 0.12167 0.57167
v 0.813 0.2 0.55
v 0.78375 0.3 0.63375
v 0.8 0.3 0.55
v 0.78375 0.4 0.63375
v 0.8 0.4 0.55
v 0.78375 0.5 0.63375
v 0.8 0.5 0.55
v 0.78375 0.6 0.63375
v 0.813 0.6 0.55
v 0.78375 0.7 0.63375
v 0.81625 0.7 0.56625
v 0.8 0.8 0.637
v 0.82167 0.77833 0.57167
v 0.8 0.9 0.65
v 0.8 1 0.65
v 0.8 1.1 0.65
v 0.8 1.2 0.637
v 0.77833 1.27833 0.62833
v 0.82167 1.22167 0.57167
v 0.8 1.3 0.563
v 0.8 1.587 0.55
v 0.8 1.61625 0.63375
v 0.8 1.9 0.65
v 0.8 1.98375 0.63375
v 0.8 2.013 0.55
v 0.8 0 0.45
v 0.82167 0.22167 0.47167
v 0.813 0.3 0.45
v 0.8 0.4 0.45
v 0.8 0.5 0.45
v 0.81625 0.58375 0.45
v 0.8 1.38375 0.53375
v 0.8 1.413 0.45
v 0.77833 1.52167 0.52833
v 0.787 1.5 0.45
v 0.81625 1.58375 0.45
v 0.77833 2.07833 0.52833
v 0.81625 2.01625 0.45
v 0.78375 2.08375 0.45
v 0.8 0 0.35
v 0.82167 0.32167 0.37167
v 0.81625 0.4 0.36625
v 0.81625 0.5 0.36625
v 0.82167 0.57833 0.37167
v 0.82167 1.42167 0.37167
v 0.81625 1.5 0.36625
v 0.82167 1.57833 0.37167
v 0.82167 2.02167 0.37167
v 0.8 2.1 0.363
v 0.8 0 0.25
v 0.8 2.18375 0.33375
v 0.8 2.2 0.25
v 0.8 0 0.15
v 0.8 2.18375 0.16625
v 0.8 2.1 0.137
v 0.8 0 0.05
v 0.81625 0.4 0.13375
v 0.82167 0.32167 0.12833
v 0.813 0.3 0.05
v 0.8 0.4 0.05
v 0.82167 0.47833 0.12833
v 0.813 0.5 0.05
v 0.82167 2.02167 0.12833
v 0.81625 2.01625 0.05
v 0.78375 2.08375 0.05
v 0.8 0 -0.05
v 0.82167 0.22167 0.02833
v 0.82167 0.22167 -0.02833
v 0.813 0.3 -0.05
v 0.8 0.4 -0.05
v 0.8 0.5 -0.05
v 0.82167 0.57833 0.02833
v 0.81625 0.58375 -0.05
v 0.81625 2.01625 -0.05
v 0.78375 2.08375 -0.05
v 0.8 0 -0.15
v 0.813 0.3 -0.15
v 0.8 0.4 -0.15
v 0.8 0.5 -0.15
v 0.81625 0.58375 -0.15
v 0.81625 1.5 -0.06625
v 0.82167 1.42167 -0.07167
v 0.81625 1.41625 -0.15
v 0.813 1.5 -0.15
v 0.82167 1.57833 -0.07167
v 0.82167 1.57833 -0.12833
v 0.81625 2.01625 -0.15
v 0.78375 2.08375 -0.15
v 0.8 0 -0.25
v 0.82167 0.22167 -0.17167
v 0.81625 0.21625 -0.25
v 0.8 0.3 -0.25
v 0.8 0.4 -0.25
v 0.8 0.5 -0.25
v 0.81625 0.58375 -0.25
v 0.813 1.4 -0.25
v 0.813 1.5 -0.25
v 0.8 2.013 -0.25
v 0.77833 2.07833 -0.22833
v 0.8 0 -0.35
v 0.8 0.2 -0.35
v 0.78375 0.3 -0.33375
v 0.78375 0.4 -0.33375
v 0.787 0.5 -0.35
v 0.81625 0.58375 -0.35
v 0.82167 1.32167 -0.27167
v 0.8 1.3 -0.35
v 0.78375 1.4 -0.33375
v 0.787 1.5 -0.35
v 0.82167 1.57833 -0.27167
v 0.81625 1.58375 -0.35
v 0.8 1.987 -0.35
v 0.8 0 -0.45
v 0.82167 0.12167 -0.37167
v 0.8 0.113 -0.45
v 0.77833 0.17833 -0.42833
v 0.77833 0.52167 -0.42833
v 0.8 0.6 -0.45
v 0.82167 1.22167 -0.37167
v 0.8 1.2 -0.45
v 0.77833 1.27833 -0.42833
v 0.77833 1.52167 -0.42833
v 0.8 1.6 -0.45
v 0.81625 1.9 -0.36625
v 0.82167 1.82167 -0.37167
v 0.8 1.8 -0.45
v 0.78375 1.9 -0.43375
v 0.77833 1.97833 -0.42833
v 0.8 0.087 -0.55
v 0.8 0.013 -0.55
v 0.81625 0.7 -0.46625
v 0.77833 0.62167 -0.52833
v 0.78375 0.7 -0.53375
v 0.82167 0.77833 -0.47167
v 0.8 0.8 -0.55
v 0.81625 1.1 -0.46625
v 0.82167 1.02167 -0.47167
v 0.8 1 -0.55
v 0.78375 1.1 -0.53375
v 0.77833 1.17833 -0.52833
v 0.81625 1.7 -0.46625
v 0.77833 1.62167 -0.52833
v 0.78375 1.7 -0.53375
v 0.77833 1.77833 -0.52833
v 0.77833 0.02167 -0.62833
v 0.77833 0.07833 -0.62833
v 0.81625 0.9 -0.56625
v 0.77833 0.82167 -0.62833
v 0.78375 0.9 -0.63375
v 0.77833 0.97833 -0.62833
v 0.87833 0.07833 0.62833
v 0.87833 0.02167 0.62833
v 0.9 0.013 0.55
v 0.9 0.1 0.55
v 0.88375 0.9 0.63375
v 0.87833 0.82167 0.62833
v 0.9 0.8 0.55
v 0.91625 0.9 0.56625
v 0.88375 1 0.63375
v 0.91625 1 0.56625
v 0.88375 1.1 0.63375
v 0.91625 1.1 0.56625
v 0.87833 1.17833 0.62833
v 0.9 1.2 0.55
v 0.88375 1.7 0.63375
v 0.87833 1.62167 0.62833
v 0.88375 1.61625 0.55
v 0.9 1.7 0.55
v 0.88375 1.8 0.63375
v 0.9 1.8 0.55
v 0.88375 1.9 0.63375
v 0.9 1.9 0.55
v 0.87833 1.97833 0.62833
v 0.88375 1.98375 0.55
v 0.9 0 0.45
v 0.87833 0.17833 0.52833
v 0.91625 0.11625 0.45
v 0.887 0.2 0.45
v 0.9 0.6 0.45
v 0.9 0.61625 0.53375
v 0.9 0.7 0.537
v 0.91625 0.71625 0.45
v 0.91625 0.78375 0.45
v 0.88375 1.3 0.53375
v 0.92167 1.22167 0.47167
v 0.91625 1.3 0.46625
v 0.87833 1.37833 0.52833
v 0.9 1.387 0.45
v 0.88375 1.61625 0.45
v 0.9 1.7 0.45
v 0.9 1.8 0.45
v 0.9 1.9 0.45
v 0.88375 1.98375 0.45
v 0.9 0 0.35
v 0.92167 0.12167 0.37167
v 0.91625 0.2 0.36625
v 0.87833 0.27833 0.42833
v 0.9 0.3 0.363
v 0.9 0.58375 0.36625
v 0.92167 0.72167 0.37167
v 0.92167 0.77833 0.37167
v 0.9 1.41625 0.36625
v 0.9 1.6 0.363
v 0.91625 1.7 0.36625
v 0.91625 1.8 0.36625
v 0.91625 1.9 0.36625
v 0.9 2 0.363
v 0.9 0 0.25
v 0.9 0.4 0.35
v 0.9 0.5 0.35
v 0.9 1.5 0.35
v 0.9 2.1 0.337
v 0.87833 2.17833 0.32833
v 0.91625 2.11625 0.25
v 0.88375 2.18375 0.25
v 0.9 0 0.15
v 0.9 0.4 0.15
v 0.9 0.31625 0.13375
v 0.9 0.48375 0.13375
v 0.9 2.1 0.163
v 0.9 2 0.137
v 0.87833 2.17833 0.17167
v 0.9 0 0.05
v 0.9 0.28375 0.06625
v 0.9 0.2 0.037
v 0.9 0.51625 0.06625
v 0.9 0.58375 0.03375
v 0.91625 1.8 0.13375
v 0.92167 1.72167 0.12833
v 0.91625 1.71625 0.05
v 0.9 1.8 0.05
v 0.91625 1.9 0.13375
v 0.9 1.9 0.05
v 0.88375 1.98375 0.05
v 0.9 0 -0.05
v 0.92167 0.12167 0.02833
v 0.91625 0.11625 -0.05
v 0.887 0.2 -0.05
v 0.9 0.613 -0.05
v 0.92167 0.77833 0.02833
v 0.92167 0.72167 0.02833
v 0.913 0.7 -0.05
v 0.91625 0.78375 -0.05
v 0.91625 1.3 0.03375
v 0.92167 1.22167 0.02833
v 0.91625 1.21625 -0.05
v 0.9 1.3 -0.05
v 0.92167 1.37833 0.02833
v 0.9 1.4 -0.05
v 0.9 1.5 -0.05
v 0.9 1.58375 -0.06625
v 0.91625 1.71625 -0.05
v 0.9 1.8 -0.05
v 0.9 1.9 -0.05
v 0.88375 1.98375 -0.05
v 0.9 0 -0.15
v 0.91625 0.11625 -0.15
v 0.887 0.2 -0.15
v 0.87833 0.27833 -0.07167
v 0.87833 0.27833 -0.12833
v 0.88375 0.61625 -0.15
v 0.9 0.7 -0.15
v 0.91625 0.78375 -0.15
v 0.91625 1.21625 -0.15
v 0.9 1.3 -0.15
v 0.88375 1.38375 -0.15
v 0.9 1.587 -0.15
v 0.91625 1.71625 -0.15
v 0.9 1.8 -0.15
v 0.9 1.9 -0.15
v 0.88375 1.98375 -0.15
v 0.9 0 -0.25
v 0.91625 0.11625 -0.25
v 0.88375 0.18375 -0.25
v 0.88375 0.61625 -0.25
v 0.9 0.7 -0.25
v 0.91625 0.78375 -0.25
v 0.91625 1.21625 -0.25
v 0.887 1.3 -0.25
v 0.87833 1.37833 -0.22833
v 0.87833 1.52167 -0.17167
v 0.87833 1.52167 -0.22833
v 0.9 1.6 -0.25
v 0.913 1.7 -0.25
v 0.9 1.8 -0.25
v 0.9 1.9 -0.25
v 0.88375 1.98375 -0.25
v 0.9 0 -0.35
v 0.9 0.113 -0.35
v 0.87833 0.17833 -0.32833
v 0.88375 0.61625 -0.35
v 0.9 0.7 -0.35
v 0.91625 0.78375 -0.35
v 0.9 1.2 -0.35
v 0.87833 1.27833 -0.32833
v 0.88375 1.61625 -0.35
v 0.9 1.7 -0.35
v 0.887 1.8 -0.35
v 0.88375 1.9 -0.33375
v 0.87833 1.97833 -0.32833
v 0.9 0.087 -0.45
v 0.9 0.013 -0.45
v 0.87833 0.62167 -0.42833
v 0.88375 0.7 -0.43375
v 0.9 0.8 -0.45
v 0.91625 1.1 -0.36625
v 0.92167 1.02167 -0.37167
v 0.9 1 -0.45
v 0.88375 1.1 -0.43375
v 0.87833 1.17833 -0.42833
v 0.87833 1.62167 -0.42833
v 0.88375 1.7 -0.43375
v 0.87833 1.77833 -0.42833
v 0.87833 0.02167 -0.52833
v 0.87833 0.07833 -0.52833
v 0.91625 0.9 -0.46625
v 0.87833 0.82167 -0.52833
v 0.88375 0.9 -0.53375
v 0.87833 0.97833 -0.52833
v 0.97833 0.07833 0.52833
v 0.97833 0.02167 0.52833
v 0.98375 0.01625 0.45
v 0.98375 0.08375 0.45
v 0.97833 0.67833 0.52833
v 0.97833 0.62167 0.52833
v 1 0.613 0.45
v 1 0.687 0.45
v 0.98375 0.9 0.53375
v 0.97833 0.82167 0.52833
v 0.98375 0.81625 0.45
v 1 0.9 0.45
v 0.98375 1 0.53375
v 1 1 0.45
v 1 1.1 0.537
v 1.013 1.1 0.45
v 1 1.18375 0.53375
v 1 1.2 0.45
v 1 0.013 0.35
v 1 0.1 0.363
v 1 0.71625 0.36625
v 1 0.587 0.35
v 1 0.8 0.363
v 1.01625 0.9 0.36625
v 1.01625 1 0.36625
v 1.01625 1.1 0.36625
v 1.02167 1.17833 0.37167
v 1 1.3 0.437
v 0.97833 1.37833 0.42833
v 1.02167 1.32167 0.37167
v 1 1.4 0.35
v 1 0 0.25
v 1 0.2 0.337
v 0.98375 0.3 0.33375
v 1.01625 0.21625 0.25
v 1 0.3 0.25
v 0.98375 0.4 0.33375
v 1 0.4 0.25
v 0.98375 0.5 0.33375
v 1 0.5 0.25
v 1.01625 0.58375 0.25
v 0.98375 1.5 0.33375
v 1.01625 1.41625 0.25
v 1 1.5 0.25
v 1 1.6 0.337
v 1.01625 1.58375 0.25
v 1 1.7 0.35
v 1 1.8 0.35
v 1 1.9 0.35
v 1 2 0.337
v 0.97833 2.07833 0.32833
v 1.01625 2.01625 0.25
v 0.98375 2.08375 0.25
v 1 0 0.15
v 1.01625 0.21625 0.15
v 0.987 0.3 0.15
v 0.98375 0.4 0.16625
v 0.987 0.5 0.15
v 1.01625 0.58375 0.15
v 1.01625 1.41625 0.15
v 1 1.5 0.15
v 1.01625 1.58375 0.15
v 1 1.8 0.15
v 1 1.71625 0.13375
v 1 1.9 0.15
v 1 2 0.163
v 0.97833 2.07833 0.17167
v 1 0.013 0.05
v 1 0.2 0.063
v 1 0.1 0.037
v 0.97833 0.27833 0.07167
v 0.97833 0.52167 0.07167
v 1 0.587 0.05
v 1 0.8 0.037
v 1 0.71625 0.03375
v 1 1.3 0.05
v 1 1.2 0.037
v 1 1.4 0.05
v 1 1.5 0.05
v 1.01625 1.58375 0.05
v 1 1.7 0.05
v 0.98375 0.01625 -0.05
v 0.98375 0.08375 -0.05
v 1 0.68375 -0.03375
v 1 0.61625 -0.03375
v 1.01625 0.9 0.03375
v 0.98375 0.81625 -0.05
v 1 0.9 -0.05
v 1.01625 1 0.03375
v 1 1 -0.05
v 1.01625 1.1 0.03375
v 1 1.1 -0.05
v 0.98375 1.18375 -0.05
v 0.97833 1.42167 -0.02833
v 0.98375 1.5 -0.03375
v 1 1.6 -0.05
v 1 1.687 -0.05
v 0.98375 0.01625 -0.15
v 0.98375 0.08375 -0.15
v 0.98375 0.81625 -0.15
v 1 0.9 -0.15
v 1 1 -0.15
v 1 1.1 -0.15
v 0.98375 1.18375 -0.15
v 0.98375 1.61625 -0.15
v 0.98375 1.68375 -0.15
v 0.98375 0.01625 -0.25
v 0.98375 0.08375 -0.25
v 0.98375 0.81625 -0.25
v 1 0.9 -0.25
v 1 1 -0.25
v 1 1.1 -0.25
v 0.98375 1.18375 -0.25
v 0.97833 1.62167 -0.22833
v 0.97833 1.67833 -0.22833
v 0.98375 0.01625 -0.35
v 0.98375 0.08375 -0.35
v 0.98375 0.81625 -0.35
v 1 0.9 -0.35
v 0.987 1 -0.35
v 0.98375 1.1 -0.33375
v 0.97833 1.17833 -0.32833
v 0.97833 0.02167 -0.42833
v 0.97833 0.07833 -0.42833
v 0.97833 0.82167 -0.42833
v 0.98375 0.9 -0.43375
v 0.97833 0.97833 -0.42833
v 1.07833 1.17833 0.52833
v 1.07833 1.12167 0.52833
v 1.07833 1.12167 0.47167
v 1.087 1.2 0.45
v 1.07833 0.67833 0.42833
v 1.07833 0.62167 0.42833
v 1.08375 0.61625 0.35
v 1.087 0.7 0.35
v 1.07833 1.27833 0.42833
v 1.1 1.2 0.35
v 1.087 1.3 0.35
v 1.1 0 0.25
v 1.1 0.01625 0.33375
v 1.1 0.1 0.337
v 1.07833 0.17833 0.32833
v 1.11625 0.11625 0.25
v 1.08375 0.18375 0.25
v 1.08375 0.61625 0.25
v 1.1 0.7 0.25
v 1.1 0.8 0.337
v 1.11625 0.78375 0.25
v 1.1 0.9 0.35
v 1.1 1 0.35
v 1.1 1.1 0.35
v 1.11625 1.21625 0.25
v 1.1 1.3 0.25
v 1.07833 1.37833 0.32833
v 1.08375 1.38375 0.25
v 1.08375 1.7 0.33375
v 1.07833 1.62167 0.32833
v 1.08375 1.61625 0.25
v 1.1 1.7 0.25
v 1.08375 1.8 0.33375
v 1.1 1.8 0.25
v 1.08375 1.9 0.33375
v 1.1 1.9 0.25
v 1.07833 1.97833 0.32833
v 1.08375 1.98375 0.25
v 1.1 0 0.15
v 1.11625 0.11625 0.15
v 1.08375 0.18375 0.15
v 1.08375 0.61625 0.15
v 1.1 0.7 0.15
v 1.11625 0.78375 0.15
v 1.11625 1.21625 0.15
v 1.1 1.3 0.15
v 1.08375 1.38375 0.15
v 1.08375 1.61625 0.15
v 1.087 1.7 0.15
v 1.08375 1.8 0.16625
v 1.08375 1.9 0.16625
v 1.07833 1.97833 0.17167
v 1.1 0.01625 0.06625
v 1.1 0.1 0.063
v 1.07833 0.17833 0.07167
v 1.08375 0.61625 0.05
v 1.087 0.7 0.05
v 1.1 0.8 0.063
v 1.1 0.9 0.05
v 1.1 1 0.05
v 1.1 1.1 0.05
v 1.1 1.2 0.063
v 1.08375 1.3 0.06625
v 1.07833 1.37833 0.07167
v 1.08375 1.61625 0.05
v 1.08375 1.68375 0.05
v 1.07833 0.62167 -0.02833
v 1.07833 0.67833 -0.02833
v 1.07833 1.62167 -0.02833
v 1.07833 1.67833 -0.02833
v 1.17833 0.07833 0.32833
v 1.17833 0.02167 0.32833
v 1.18375 0.01625 0.25
v 1.18375 0.08375 0.25
v 1.18375 0.9 0.33375
v 1.17833 0.82167 0.32833
v 1.18375 0.81625 0.25
v 1.2 0.9 0.25
v 1.18375 1 0.33375
v 1.2 1 0.25
v 1.18375 1.1 0.33375
v 1.2 1.1 0.25
v 1.17833 1.17833 0.32833
v 1.18375 1.18375 0.25
v 1.18375 0.01625 0.15
v 1.18375 0.08375 0.15
v 1.18375 0.81625 0.15
v 1.2 0.9 0.15
v 1.2 1 0.15
v 1.2 1.1 0.15
v 1.18375 1.18375 0.15
v 1.17833 0.02167 0.07167
v 1.17833 0.07833 0.07167
v 1.17833 0.82167 0.07167
v 1.18375 0.9 0.06625
v 1.18375 1 0.06625
v 1.18375 1.1 0.06625
v 1.17833 1.17833 0.07167

# texcoords
vt 0.04492 0.5
vt 0.04883 0.5
vt 0.00195 0.5
vt 0.02148 0.5
vt 0.05664 0.5
vt 0.05273 0.5
vt 0.00977 0.5
vt 0.01367 0.5
vt 0.01758 0.5
vt 0.00586 0.5
vt 0.02539 0.5
vt 0.0293 0.5
vt 0.0332 0.5
vt 0.03711 0.5
vt 0.04102 0.5

# normals
vn -0.9994 0 0.0345
vn -0.9976 0 0.069
vn -0.3946 0.915 0.0838
vn -0.352 0.921 0.1668
vn -0.6953 0.6953 0.1822
vn -0.7042 0.7042 0.0901
vn -0.1357 -0.9814 0.1357
vn -0.1635 -0.9842 0.068
vn -0.0893 -0.9933 0.0736
vn -0.0824 -0.9858 0.1467
vn -0.0871 -0.0231 0.9959
vn -0.1476 -0.058 0.9874
vn -0.1703 0.0321 0.9849
vn -0.9932 -0.0821 0.0821
vn -0.889 -0.4552 0.0503
vn -0.9814 -0.1357 0.1357
vn -0.8799 -0.0682 0.4703
vn -0.352 -0.921 0.1668
vn -0.6586 -0.7499 0.0622
vn -0.7827 -0.6152 0.0947
vn -0.7657 -0.614 0.1914
vn -0.3134 -0.111 0.9431
vn -0.2464 -0.1754 0.9532
vn -0.2296 -0.1064 0.9675
vn -0.4816 -0.3422 0.8068
vn -0.9954 0 0.0957
vn -0.7731 0 0.6343
vn -0.757 -0.1044 0.645
vn -0.478 -0.1655 0.8626
vn -0.7363 -0.0262 0.6762
vn -0.9932 0.0821 0.0821
vn -0.8799 0.0682 0.4703
vn -0.757 0.1044 0.645
vn -0.509 0.1327 0.8505
vn -0.889 0.4552 0.0503
vn -0.9814 0.1357 0.1357
vn -0.6586 0.7499 0.0622
vn -0.7517 0.6254 0.2095
vn -0.7764 0.6215 0.1043
vn -0.2464 0.1754 0.9532
vn -0.3134 0.111 0.9431
vn -0.2913 0.1327 0.9474
vn -0.9994 0 -0.0345
vn -0.3946 0.915 -0.0838
vn -0.7042 0.7042 -0.0901
vn -0.1635 -0.9842 -0.068
vn -0.0893 -0.9933 -0.0736
vn -0.9932 -0.0821 -0.0821
vn -0.785 -0.6135 -0.0864
vn -0.785 -0.6135 0.0864
vn -0.7827 -0.6152 -0.0947
vn -0.9954 0 -0.0957
vn -0.9932 0.0821 -0.0821
vn -0.785 0.6135 -0.0864
vn -0.785 0.6135 0.0864
vn -0.7764 0.6215 -0.1043
vn -0.9976 0 -0.069
vn -0.352 0.921 -0.1668
vn -0.6953 0.6953 -0.1822
vn -0.1357 -0.9814 -0.1357
vn -0.0824 -0.9858 -0.1467
vn -0.1703 0.0321 -0.9849
vn -0.1476 -0.058 -0.9874
vn -0.0871 -0.0231 -0.9959
vn -0.9842 -0.068 -0.1635
vn -0.9814 -0.1357 -0.1357
vn -0.889 -0.4552 -0.0503
vn -0.6586 -0.7499 -0.0622
vn -0.352 -0.921 -0.1668
vn -0.7657 -0.614 -0.1914
vn -0.2022 -0.0423 -0.9784
vn -0.2546 -0.0288 -0.9666
vn -0.1649 -0.1063 -0.9806
vn -0.178 -0.0532 -0.9826
vn -0.9817 0 -0.1905
vn -0.1905 0 -0.9817
vn -0.9842 0.068 -0.1635
vn -0.1925 0.0509 -0.98
vn -0.178 0.0532 -0.9826
vn -0.9814 0.1357 -0.1357
vn -0.889 0.4552 -0.0503
vn -0.6586 0.7499 -0.0622
vn -0.7517 0.6254 -0.2095
vn -0.2037 0.1001 -0.9739
vn -0.1649 0.1063 -0.9806
vn -0.9924 0.0459 0.114
vn -0.9741 -0.0428 0.222
vn -0.9964 -0.0326 0.0776
vn -0.9984 0.0273 0.0504
vn -0.3363 -0.8796 0.3363
vn -0.6252 -0.5099 0.5909
vn -0.7085 -0.5941 0.381
vn -0.1515 0.0148 0.9884
vn -0.1649 -0.1063 0.9806
vn -0.4712 -0.1067 0.8755
vn -0.1891 0.0388 0.9812
vn -0.9959 0.0871 0.0231
vn -0.1578 0.9809 0.1135
vn -0.2058 0.9612 0.1836
vn -0.1357 0.1357 0.9814
vn -0.1615 0.1615 0.9736
vn -0.3595 0.3128 -0.8792
vn -0.9899 -0.0942 0.1058
vn -0.9947 -0.0693 0.0759
vn -0.9959 -0.0231 0.0871
vn -0.2678 0.9349 0.233
vn -0.2136 0.9613 0.1739
vn -0.3642 -0.9182 0.1558
vn -0.4005 -0.913 0.0782
vn -0.7413 -0.6613 0.1146
vn -0.5603 -0.6927 0.4541
vn -0.2666 0 0.9638
vn -0.3176 -0.1587 0.9349
vn -0.846 -0.3028 0.4388
vn -0.5018 -0.4216 0.7553
vn -0.6031 -0.5442 0.5832
vn -0.8114 -0.3932 0.4324
vn -0.7661 -0.3692 0.5261
vn -0.7541 0.0719 0.6528
vn -0.8995 -0.1133 0.422
vn -0.2865 0.9577 0.0259
vn -0.0234 -0.9982 0.0556
vn -0.0838 -0.993 0.0838
vn -0.2072 -0.0927 0.9739
vn -0.2237 0.0989 0.9696
vn -0.7658 0.6373 0.0859
vn -0.2112 0.2112 0.9544
vn -0.2628 0.1573 0.952
vn -0.9854 -0.1605 0.0575
vn -0.8029 -0.5958 0.0182
vn -0.9174 -0.3939 0.0574
vn -0.6766 -0.7316 0.0833
vn -0.7802 -0.6253 0.0174
vn -0.2256 0.07 0.9717
vn -0.1568 0.0466 0.9865
vn -0.1764 -0.0398 0.9835
vn -0.3082 -0.6141 0.7266
vn -0.5799 0.1192 0.8059
vn -0.9812 0.1734 0.0843
vn -0.701 0.4721 0.5346
vn -0.7684 0.1462 0.623
vn -0.5112 0.159 0.8446
vn -0.7143 0.1258 0.6884
vn -0.7869 0.6114 0.0831
vn -0.7069 0.5001 0.5001
vn -0.7761 0.6078 0.1681
vn -0.6181 0.6392 0.4576
vn -0.7046 0.7046 0.0839
vn -0.7761 0.1681 0.6078
vn -0.6181 0.4576 0.6392
vn -0.0234 -0.9982 -0.0556
vn -0.7411 0.6604 -0.1215
vn -0.9854 -0.1605 -0.0575
vn -0.7936 -0.6076 -0.0314
vn -0.7779 -0.6253 -0.062
vn -0.9812 0.1734 -0.0843
vn -0.7869 0.6114 -0.0831
vn -0.7172 0.6934 -0.0698
vn -0.0838 -0.993 -0.0838
vn -0.2121 0.111 -0.9709
vn -0.2072 -0.0927 -0.9739
vn -0.7073 0.6757 -0.2078
vn -0.1993 0.223 -0.9542
vn -0.2112 0.2112 -0.9544
vn -0.9898 -0.1124 -0.0876
vn -0.9941 -0.0965 -0.0485
vn -0.8936 -0.4481 -0.0239
vn -0.6644 -0.7472 -0.0169
vn -0.2965 -0.9462 -0.1294
vn -0.4653 -0.8584 -0.2159
vn -0.2982 0.0102 -0.9544
vn -0.3329 0.0829 -0.9393
vn -0.2263 -0.0313 -0.9735
vn -0.207 0.0485 -0.9771
vn -0.9735 0.155 -0.168
vn -0.2136 0.0509 -0.9756
vn -0.2278 0.0668 -0.9714
vn -0.7761 0.6078 -0.1681
vn -0.7237 0.6753 -0.1422
vn -0.2324 0 -0.9726
vn -0.2323 0.0366 -0.972
vn -0.999 -0.0113 -0.044
vn -0.9964 -0.0776 -0.0326
vn -0.1587 0.9776 -0.1381
vn -0.2112 -0.9544 -0.2112
vn -0.1988 -0.8105 -0.5509
vn -0.2275 -0.9535 -0.1979
vn -0.1386 -0.2519 -0.9578
vn -0.134 -0.5374 -0.8326
vn -0.0394 -0.2296 -0.9725
vn -0.997 0.0552 -0.0552
vn -0.2887 0.9571 -0.024
vn -0.0394 -0.9725 -0.2296
vn -0.1546 -0.9601 -0.2329
vn -0.1559 0.1154 0.981
vn -0.2136 -0.1739 -0.9613
vn -0.1578 -0.1135 -0.9809
vn -0.9994 0.0161 0.0291
vn -0.9986 -0.0309 0.0436
vn -0.4246 0.6402 0.6402
vn -0.3856 0.8774 0.2854
vn -0.7799 0.578 0.2402
vn -0.6904 0.5115 0.5115
vn -0.3925 -0.9106 0.1297
vn -0.4141 -0.9079 0.065
vn -0.6421 -0.7665 0.0101
vn -0.3148 0 0.9492
vn -0.9994 0.0161 -0.0291
vn -0.9986 -0.0309 -0.0436
vn -0.4141 -0.9079 -0.065
vn -0.7322 -0.6769 -0.0752
vn -0.7822 -0.623 -0.0038
vn -0.9939 0.11 -0
vn -0.3148 0.9492 -0
vn -0.8216 0.5696 0.0231
vn -0.8269 0.5567 -0.0789
vn -0.3856 0.2854 0.8774
vn -0.8774 0.2571 0.4051
vn -0.8225 0.2516 -0.5101
vn -0.6356 0.5174 -0.573
vn -0.4085 0.6384 -0.6524
vn -0.3856 0.2854 -0.8774
vn -0.9959 -0.0231 -0.0871
vn -0.3595 0.8792 -0.3128
vn -0.6846 0.5181 -0.5128
vn -0.3925 -0.9106 -0.1297
vn -0.8263 -0.5454 -0.1406
vn -0.7035 0.1348 -0.6978
vn -0.6952 0.0738 -0.715
vn -0.2887 0.024 -0.9571
vn -0.9928 -0.0072 0.1198
vn -0.3581 0.9196 0.1613
vn -0.3642 0.9182 0.1558
vn -0.6149 0.7434 0.2631
vn -0.7628 0.6196 0.185
vn -0.1649 -0.9806 0.1063
vn -0.1612 -0.9846 0.0676
vn -0.097 -0.994 0.0501
vn -0.1122 -0.9873 0.1122
vn -0.7071 0 0.7071
vn -0.595 0.0581 0.8017
vn -0.9846 0.014 0.1744
vn -0.8384 -0.2476 0.4856
vn -0.972 -0.0366 0.2323
vn -0.3128 -0.8792 0.3595
vn -0.6068 -0.5205 0.6007
vn -0.6983 -0.5965 0.3957
vn -0.2136 -0.0846 0.9733
vn -0.9817 -0.1092 0.156
vn -0.9877 -0.0312 0.153
vn -0.3202 -0.0543 0.9458
vn -0.4614 -0.2818 0.8412
vn -0.8848 -0.0407 0.4642
vn -0.7398 -0.1101 0.6638
vn -0.6109 -0.089 0.7867
vn -0.691 -0.0595 0.7204
vn -0.4805 -0.2959 0.8256
vn -0.6628 -0.0294 0.7482
vn -0.6376 0.0788 0.7663
vn -0.2832 0.9087 0.3066
vn -0.2523 0.9342 0.2523
vn -0.6187 0.3671 0.6946
vn -0.9853 -0.0143 0.1702
vn -0.6267 0.7557 0.1901
vn -0.0556 -0.9982 0.0234
vn -0.8403 -0.3875 0.379
vn -0.6356 -0.573 0.5174
vn -0.6916 -0.5806 0.4297
vn -0.766 -0.4781 0.4298
vn -0.6448 -0.5285 0.5522
vn -0.7969 -0.422 0.4322
vn -0.6523 -0.502 0.5678
vn -0.7192 -0.6374 0.2766
vn -0.7084 -0.6978 0.1058
vn -0.9192 -0.3679 0.1404
vn -0.2865 -0.9577 0.0259
vn -0.9689 0.1304 0.2104
vn -0.9809 0.1578 0.1135
vn -0.7361 0.1386 0.6625
vn -0.8534 0.1546 0.4978
vn -0.708 0.1591 0.6881
vn -0.7237 0.1422 0.6753
vn -0.6969 0.1693 0.6969
vn -0.6961 0.1758 0.6961
vn -0.6576 0.4552 0.6003
vn -0.692 0.1758 0.7002
vn -0.488 0.6416 0.5918
vn -0.3153 0.6283 0.7112
vn -0.2514 0.8383 0.4838
vn -0.2107 0.6912 0.6912
vn -0.5853 0.4986 0.6394
vn -0.5866 0.5032 0.6347
vn -0.0162 -0.9997 0.0162
vn -0.288 0.1299 0.9488
vn -0.9925 0.1109 0.0506
vn -0.6826 0.4893 0.5427
vn -0.751 0.0744 0.6561
vn -0.4898 0.1804 0.853
vn -0.5842 0.1645 0.7948
vn -0.4891 0.0728 0.8692
vn -0.999 -0.0236 0.0389
vn -0.7647 -0.0595 0.6417
vn -0.6247 -0.0668 0.778
vn -0.4821 -0.1353 0.8656
vn -0.9897 -0.1375 0.0391
vn -0.9847 -0.0144 0.1739
vn -0.9687 -0.2047 0.1403
vn -0.6441 -0.5342 0.5475
vn -0.8932 -0.4066 0.1922
vn -0.0871 0.0231 0.9959
vn -0.7024 0.7064 0.087
vn -0.6576 0.6003 0.4552
vn -0.692 0.7002 0.1758
vn -0.5853 0.6394 0.4986
vn -0.5866 0.6347 0.5032
vn -0.3153 0.7112 0.6283
vn -0.488 0.5918 0.6416
vn -0.2619 0.4748 0.8402
vn -0.0162 -0.9997 -0.0162
vn -0.9723 0.1904 -0.1352
vn -0.9912 -0.0571 -0.1197
vn -0.1265 0 -0.992
vn -0.1836 0 -0.983
vn -0.9848 -0.141 -0.1014
vn -0.7299 0.683 -0.0273
vn -0.7071 0.7071 -0
vn -0.0556 -0.9982 -0.0234
vn -0.1989 0.2538 -0.9466
vn -0.6313 0.7049 -0.3234
vn -0.8777 0.4274 -0.2167
vn -0.516 0.5967 -0.6146
vn -0.1668 0.921 -0.352
vn -0.1999 0.6652 -0.7194
vn -0.1918 0.6543 -0.7315
vn -0.9735 -0.1534 -0.1697
vn -0.9806 -0.1063 -0.1649
vn -0.1668 -0.921 -0.352
vn -0.1999 -0.7549 -0.6246
vn -0.1615 -0.1615 -0.9736
vn -0.168 -0.155 -0.9735
vn -0.1357 -0.1357 -0.9814
vn -0.155 -0.168 -0.9735
vn -0.7603 -0.6375 -0.1245
vn -0.1493 -0.484 -0.8622
vn -0.148 -0.6544 -0.7415
vn -0.1992 0.035 -0.9793
vn -0.2323 -0.0366 -0.972
vn -0.7655 0.6321 -0.1203
vn -0.8534 0.4978 -0.1546
vn -0.9963 -0.0072 -0.0854
vn -0.9853 -0.0143 -0.1702
vn -0.7185 0.6778 -0.1562
vn -0.7346 0.674 -0.0775
vn -0.1739 -0.9847 -0.0144
vn -0.0872 -0.9962 -0.0072
vn -0.2421 -0.8633 -0.4429
vn -0.1645 -0.6904 -0.7045
vn -0.2552 -0.8679 -0.4262
vn -0.179 -0.7993 -0.5737
vn -0.2878 -0.6887 -0.6655
vn -0.2065 -0.5455 -0.8123
vn -0.9962 -0.0419 -0.0758
vn -0.9884 -0.0376 -0.1469
vn -0.9955 -0.0188 -0.093
vn -0.9988 -0.0294 -0.0397
vn -0.9992 0 -0.0388
vn -0.9977 0.0672 -0.0062
vn -0.9965 0.0323 -0.0772
vn -0.9865 0.1608 -0.0296
vn -0.9802 0.1196 -0.1581
vn -0.7658 0.6373 -0.0859
vn -0.9809 0.1135 -0.1578
vn -0.9689 0.2104 -0.1304
vn -0.869 0.4856 -0.0955
vn -0.6285 0.7717 -0.0974
vn -0.3363 -0.8796 -0.3363
vn -0.2247 0.1473 -0.9632
vn -0.2312 0.1151 -0.9661
vn -0.1895 0.0812 -0.9785
vn -1 0 -0
vn -0.4338 0.901 -0
vn -0.737 0.6758 -0.0123
vn -0.1905 -0.9817 -0
vn -0.0957 -0.9954 -0
vn -0.2056 -0.8241 -0.5278
vn -0.2195 -0.8169 -0.5334
vn -0.7309 -0.5343 -0.4246
vn -0.5717 -0.6197 -0.5377
vn -0.2678 -0.233 -0.9349
vn -0.3085 -0.6726 -0.6726
vn -0.2671 -0.4936 -0.8277
vn -0.8769 -0.4777 -0.0528
vn -0.9776 -0.1979 -0.072
vn -0.9115 0.2819 0.2995
vn -0.9494 0.3047 0.0755
vn -0.7571 0.653 0.0171
vn -0.8486 0.4638 0.2544
vn -0.7802 0.6253 -0.0174
vn -0.406 0.9136 -0.0229
vn -0.7127 0.699 -0.0595
vn -0.7272 -0.6815 -0.0826
vn -0.8638 -0.4912 -0.112
vn -0.7237 -0.6753 -0.1422
vn -0.7833 -0.6171 -0.0744
vn -0.77 -0.6202 -0.1501
vn -0.7486 0.6552 -0.1019
vn -0.8714 0.4681 -0.1467
vn -0.8847 0.4629 0.0548
vn -0.7413 0.6613 -0.1146
vn -0.3134 0.9431 -0.111
vn -0.4706 0.8693 -0.1515
vn -0.178 -0.9826 -0.0532
vn -0.1055 -0.9935 -0.0429
vn -0.9 -0.3897 -0.1952
vn -0.7387 -0.6644 -0.1139
vn -0.777 -0.622 -0.0971
vn -0.726 0.2002 -0.6579
vn -0.6397 0.4455 -0.6263
vn -0.8793 0.2802 -0.3851
vn -0.6969 0.1693 -0.6969
vn -0.6273 0.4616 -0.6273
vn -0.6794 0.5189 -0.5189
vn -0.8242 0.4611 -0.3287
vn -0.7431 0.6365 -0.2068
vn -0.664 0.6007 -0.4453
vn -0.6616 0.4236 -0.6187
vn -0.7431 0.2068 -0.6365
vn -0.2464 0.9532 -0.1754
vn -0.4703 0.8188 -0.3292
vn -0.223 0.9542 -0.1993
vn -0.1649 -0.9806 -0.1063
vn -0.122 -0.9872 -0.1024
vn -0.7071 0 -0.7071
vn -0.2666 0 -0.9638
vn -0.7438 -0.0295 -0.6678
vn -0.6794 -0.5189 -0.5189
vn -0.7431 -0.6365 -0.2068
vn -0.7352 -0.6093 -0.297
vn -0.686 -0.3571 -0.634
vn -0.7431 -0.2068 -0.6365
vn -0.6471 0.4494 -0.6159
vn -0.8903 -0.131 -0.4362
vn -0.735 0.0985 0.6709
vn -0.9638 0 0.2666
vn -0.5985 0.6387 0.4836
vn -0.3128 0.8792 0.3595
vn -0.6971 0.5749 0.4285
vn -0.6149 0.4511 0.6469
vn -0.1063 -0.9806 0.1649
vn -0.0429 -0.9935 0.1055
vn -0.0532 -0.9826 0.178
vn -0.0759 -0.0693 0.9947
vn -0.1032 -0.0366 0.994
vn -0.5472 -0.4477 0.7072
vn -0.6122 -0.0667 0.7879
vn -0.3735 -0.2848 0.8829
vn -0.1055 -0.0429 0.9935
vn -0.6106 0 0.7919
vn -0.0957 0 0.9954
vn -0.6171 0.0744 0.7833
vn -0.1055 0.0429 0.9935
vn -0.5626 0.46 0.6869
vn -0.5791 0.5 0.644
vn -0.698 0.5869 0.4104
vn -0.5114 0.5244 0.6807
vn -0.573 0.5174 0.6356
vn -0.6202 0.1501 0.77
vn -0.3361 0.1721 0.926
vn -0.9735 0.1583 0.1648
vn -0.721 0.5197 0.4583
vn -0.7705 0.1734 0.6134
vn -0.6964 0.2964 0.6536
vn -0.7007 0.1246 0.7025
vn -0.873 0.4557 0.1738
vn -0.7281 0.4847 0.4847
vn -0.7695 0.6125 0.1809
vn -0.7863 0.5988 0.1519
vn -0.3925 0.9106 0.1297
vn -0.3724 0.9162 0.1483
vn -0.7863 0.1519 0.5988
vn -0.8117 0.063 0.5807
vn -0.7311 -0.6525 0.1995
vn -0.7009 -0.5043 0.5043
vn -0.7335 -0.156 0.6615
vn -0.7543 -0.6282 0.1909
vn -0.3724 -0.9162 0.1483
vn -0.7543 -0.1909 0.6282
vn -0.8117 -0.063 0.5807
vn -0.699 -0.0595 0.7127
vn -0.4742 -0.2952 0.8295
vn -0.6263 -0.0835 0.7751
vn -0.6595 0.2036 0.7236
vn -0.3685 0.4397 0.8191
vn -0.6953 0.1822 0.6953
vn -0.6398 0.2136 0.7382
vn -0.1828 0.9452 0.2704
vn -0.1754 0.9532 0.2464
vn -0.1604 0.8113 0.5622
vn -0.3947 0.793 0.4641
vn -0.1739 0.5392 0.8241
vn 0 -1 -0
vn -0.9735 0.155 0.168
vn -0.8666 0.4656 0.1796
vn -0.6135 0.3663 0.6996
vn -0.8622 0.1493 0.484
vn -0.6373 0.748 0.1852
vn -0.5938 -0.4261 0.6825
vn -0.7073 -0.6757 0.2078
vn -0.4929 0.6152 0.6152
vn -0.994 -0.0366 0.1032
vn -0.2096 0.9296 0.3032
vn -0.2548 0.939 0.2311
vn -0.2106 0.943 0.2575
vn -0.535 -0.8123 0.2322
vn -0.4942 -0.1137 0.8619
vn -0.2628 -0.0595 0.963
vn -0.2577 0.0282 0.9658
vn -0.11 0 0.9939
vn -0.1948 0.2587 0.9461
vn -0.4125 0.4286 0.8038
vn -0.7657 0.614 0.1914
vn -0.772 0.631 0.0763
vn -0.2104 0.125 0.9696
vn -0.9981 -0.0563 -0.0265
vn -0.9016 -0.4317 -0.0267
vn -0.7975 -0.5994 -0.0688
vn -0.772 -0.631 -0.0763
vn -0.9971 0.0761 -0.0085
vn -0.9858 0.0824 0.1467
vn -0.2883 0.1067 0.9516
vn -0.2655 0.1064 0.9582
vn -0.1772 0.065 0.982
vn -0.4521 0.0726 0.889
vn -0.8888 0.4544 0.0595
vn -0.6511 0.7575 0.0478
vn -0.5414 0.8086 0.2303
vn -0.7071 0.7071 -0.0061
vn -0.311 0.107 0.9444
vn -0.5684 0.1433 0.8102
vn -0.069 0 -0.9976
vn -0.7482 0.6628 -0.0294
vn -0.3946 -0.915 -0.0838
vn -0.1925 -0.0509 -0.98
vn -0.2053 -0.0446 -0.9777
vn -0.9906 0.137 -0
vn -0.3629 0.9318 -0.0056
vn -0.2001 0.1384 -0.97
vn -0.2078 0.6757 -0.7073
vn -0.2096 0.3032 -0.9296
vn -0.2095 -0.6254 -0.7517
vn -0.1925 -0.6186 -0.7617
vn -0.7141 0.6924 -0.1029
vn -0.8805 0.4723 -0.0392
vn -0.6967 0.7129 -0.0798
vn -0.8062 0.5893 -0.0523
vn -0.2865 0.9577 -0.0259
vn -0.1481 -0.9511 -0.2709
vn -0.4317 -0.8088 -0.3994
vn -0.9888 0.095 -0.1147
vn -0.9815 0.0498 -0.1849
vn -0.9867 0.0257 -0.1607
vn -0.972 -0.0366 -0.2323
vn -0.2434 0.1785 -0.9534
vn -0.2722 0.1486 -0.9507
vn -0.2538 0.1989 -0.9466
vn -0.069 0.9976 -0
vn -0.1265 0.992 -0
vn -0.069 -0.9976 -0
vn -0.0507 -0.9987 -0
vn -0.069 0 0.9976
vn -0.1198 -0.0072 0.9928
vn -0.1198 -0.0072 -0.9928
vn -0.8823 0.4683 -0.0475
vn -0.9615 0.2745 -0.0154
vn -0.9677 0.2493 -0.0387
vn -0.784 0.2584 -0.5645
vn -0.7072 0.5472 -0.4477
vn -0.6687 0.6179 -0.4135
vn -0.8674 -0.4711 -0.1601
vn -0.741 -0.667 -0.0783
vn -0.5557 -0.816 -0.1593
vn -0.6644 -0.7116 -0.2285
vn -0.4406 -0.8727 -0.2104
vn -0.7826 -0.6224 -0.0129
vn -0.7515 -0.6495 -0.1156
vn -0.9822 0.1767 -0.0643
vn -0.9872 0.1265 -0.0971
vn -0.6499 0.7458 -0.1466
vn -0.3642 0.9182 -0.1558
vn -0.7002 0.692 -0.1758
vn -0.7066 0.6946 -0.1352
vn -0.7007 0.7025 -0.1246
vn -0.8484 0.4691 -0.2453
vn -0.7726 0.5555 -0.3073
vn -0.7675 0.6196 -0.1645
vn -0.9784 -0.2022 -0.0423
vn -0.7802 -0.6253 -0.0174
vn -0.9595 -0.2569 -0.1156
vn -0.8265 0.4363 -0.3557
vn -0.7875 0.6006 -0.1384
vn -0.8164 0.4513 -0.3602
vn -0.6149 0.6469 -0.4511
vn -0.6558 0.6208 -0.4296
vn -0.6277 0.5573 -0.5436
vn -0.5406 0.6447 -0.5406
vn -0.4884 0.7727 -0.4054
vn -0.9809 -0.1766 -0.081
vn -0.7869 -0.6114 -0.0831
vn -0.7413 -0.6613 -0.1146
vn -0.6172 0.583 -0.5284
vn -0.633 0.5388 -0.5559
vn -0.6088 0.6108 -0.5062
vn -0.567 0.5442 -0.6184
vn -0.5774 0.5774 -0.5774
vn -0.4134 0.8113 -0.4134
vn -0.0665 -0.9956 -0.0665
vn -0.7651 -0.1815 -0.6178
vn -0.7069 -0.5001 -0.5001
vn -0.7761 -0.6078 -0.1681
vn -0.664 -0.6007 -0.4453
vn -0.6969 -0.1693 -0.6969
vn -0.6616 -0.4236 -0.6187
vn -0.7761 -0.1681 -0.6078
vn -0.6587 -0.4878 -0.5728
vn -0.6273 -0.4616 -0.6273
vn -0.5482 0.5482 -0.6316
vn -0.2112 0.9544 -0.2112
vn -0.1993 0.9542 -0.223
vn -0.1024 -0.9872 -0.122
vn -0.6227 -0.4616 -0.6318
vn -0.5728 0.4878 -0.6587
vn -0.0072 -0.9962 0.0872
vn -0.0144 -0.9847 0.1739
vn -0.1196 -0.1581 0.9802
vn -0.139 -0.0648 0.9882
vn -0.5632 0.4234 0.7096
vn -0.6222 0.0582 0.7807
vn -0.3405 0.0056 0.9402
vn -0.1426 0.0306 0.9893
vn -0.8912 0.0479 0.4511
vn -0.6442 0.0131 0.7647
vn -0.1118 0.0162 0.9936
vn -0.8912 -0.0479 0.4511
vn -0.6442 -0.0131 0.7647
vn -0.6224 -0.0129 0.7826
vn -0.1118 -0.0162 0.9936
vn -0.151 -0.0234 0.9883
vn -0.6107 -0.0448 0.7906
vn -0.1739 -0.0144 0.9847
vn -0.4546 -0.3421 0.8224
vn -0.3591 -0.0912 0.9288
vn -0.1291 -0.0667 0.9894
vn -0.1034 0.0235 0.9944
vn -0.1122 0.1122 0.9873
vn -0.1067 0.1208 0.9869
vn -0.4306 0.423 0.7973
vn -0.4477 0.5472 0.7072
vn -0.1304 0.6229 0.7713
vn -0.1429 0.6598 0.7377
vn -0.3569 0.3509 0.8657
vn -0.9987 0 0.0507
vn -0.9682 0.0154 0.2497
vn -0.9682 -0.0154 0.2497
vn -0.1836 0.6856 0.7044
vn -0.16 0.5497 0.8199
vn -0.2807 0.6893 0.6679
vn -0.1811 0.4382 0.8804
vn -0.8278 -0.1219 0.5476
vn -0.7144 -0.0148 0.6996
vn -0.341 0.9233 0.1767
vn -0.8543 0.472 0.2177
vn -0.5875 0.7818 0.2089
vn -0.1486 -0.9507 0.2722
vn -0.2049 -0.8237 0.5288
vn -0.1086 -0.9066 0.4077
vn -0.2145 -0.9553 0.2036
vn -0.6967 -0.0798 0.7129
vn -0.8231 0.0129 0.5677
vn -0.5774 0.5774 0.5774
vn -0.7849 0.4301 0.4461
vn -0.585 0.5521 0.5942
vn -0.5606 0.5606 0.6095
vn -0.9782 -0.1487 0.145
vn -0.9275 -0.3177 0.1971
vn -0.8526 -0.4672 0.2342
vn 0.8796 -0.3363 0.3363
vn -0.0283 -0.7076 0.706
vn -0.0259 -0.9577 0.2865
vn -0.1717 -0.4847 0.8577
vn -0.0984 -0.7066 0.7008
vn -0.2768 0.9411 0.1944
vn -0.2112 0.9544 0.2112
vn -0.7068 0.2166 0.6734
vn -0.5711 0.0884 0.8161
vn -0.706 0.0283 0.7076
vn -0.5105 0.7259 0.4609
vn -0.1971 0.9275 0.3177
vn -0.2427 0.9392 0.2427
vn -0.2474 0.7991 0.5479
vn -0.7084 0.1058 0.6978
vn -0.3082 0.6141 0.7266
vn -0.1656 0.065 0.9841
vn -0.2039 -0.0503 0.9777
vn -0.102 -0.0351 0.9942
vn -0.2225 0.0793 0.9717
vn -0.7102 0.6511 0.2676
vn -0.6969 0.6969 0.1693
vn -0.7237 0.6753 0.1422
vn -0.719 0.6946 -0.0212
vn -0.2523 0.2523 0.9342
vn -0.5216 0.398 0.7547
vn -0.2291 0.4879 0.8423
vn -0.2058 0.1836 0.9612
vn -0.981 0.1698 -0.0937
vn -0.1794 -0.0013 -0.9838
vn -0.1568 0.0466 -0.9865
vn -0.2256 0.07 -0.9717
vn -0.207 -0.0485 -0.9771
vn -0.2272 0.1614 -0.9604
vn -0.9938 0.012 -0.1108
vn -0.9966 0.0584 -0.0584
vn -0.9939 0 -0.11
vn -0.6308 0.7631 -0.1406
vn -0.895 0.4264 -0.1307
vn -0.6375 0.7603 -0.1245
vn -0.168 0.9735 -0.155
vn -0.191 0.9742 -0.1199
vn -0.9946 0.1013 -0.0216
vn -0.9976 0.0414 -0.0557
vn -0.9933 -0.0893 -0.0736
vn -0.9858 -0.0824 -0.1467
vn -0.8799 -0.4703 -0.0682
vn -0.275 0.1926 -0.942
vn -0.2464 0.1754 -0.9532
vn -0.5791 0.6429 -0.5013
vn -0.6291 0.5917 -0.5041
vn -0.6239 0.7656 -0.1569
vn -0.2692 0.9604 -0.0718
vn -0.3032 0.2096 -0.9296
vn -0.471 0.2655 -0.8412
vn -0.7049 0.3234 -0.6313
vn -0.1836 0.983 -0
vn -0.2497 -0.9682 -0.0154
vn -0.2243 -0.9737 -0.0389
vn -0.1702 -0.0143 0.9853
vn -0.1702 -0.0143 -0.9853
vn -0.9987 0.0485 -0.0162
vn -0.9912 0.1197 -0.0571
vn -0.9954 -0.0957 -0
vn -0.6406 0.7632 -0.084
vn -0.9849 0.1047 -0.1378
vn -0.9388 0.1803 -0.2935
vn -0.9946 0.009 -0.1034
vn -0.9911 -0.1212 -0.0554
vn -0.7438 0.6599 -0.1063
vn -0.7718 0.6274 -0.1032
vn -0.7487 0.6586 -0.0758
vn -0.777 0.0971 -0.622
vn -0.7046 0.0839 -0.7046
vn -0.6577 0.447 -0.6063
vn -0.7906 -0.0448 -0.6107
vn -0.7098 -0.0766 -0.7002
vn -0.907 -0.2046 -0.3682
vn -0.6469 -0.4511 -0.6149
vn -0.7885 -0.4008 -0.4665
vn -0.8902 -0.409 -0.2006
vn -0.7011 0.1751 -0.6912
vn -0.632 0.4301 -0.6447
vn -0.4455 0.0407 -0.8944
vn -0.1904 0.5833 -0.7896
vn -0.5953 0.4467 -0.6679
vn -0.5563 0.1489 -0.8175
vn -0.6909 0.4955 -0.5265
vn -0.8196 0.1818 -0.5433
vn -0.7543 0.6282 -0.1909
vn -0.8344 0.529 -0.155
vn -0.8296 0.0787 -0.5527
vn -0.735 0.1679 -0.6569
vn -0.5685 0.5947 -0.5685
vn -0.5517 0.5592 -0.6188
vn -0.633 -0.5388 -0.5559
vn -0.6172 -0.583 -0.5284
vn -0.8444 -0.3761 -0.3816
vn -0.7724 -0.4642 -0.4335
vn -0.5527 -0.5481 -0.6277
vn -0.5774 -0.5774 -0.5774
vn -0.4616 0.6273 -0.6273
vn -0.4568 0.5984 -0.6583
vn -0.2117 0.7404 -0.6379
vn -0.1693 0.6969 -0.6969
vn -0.3935 0.8059 -0.4424
vn -0.0501 -0.994 -0.097
vn -0.5564 -0.5502 -0.6227
vn -0.6929 -0.1618 -0.7026
vn -0.6149 -0.4511 -0.6469
vn -0.6178 0.1815 -0.7651
vn -0.634 0.3571 -0.686
vn -0.1615 0.1615 -0.9736
vn -0.1815 0.6178 -0.7651
vn -0.6078 0.1681 -0.7761
vn -0.6109 0.4354 -0.6613
vn -0.1681 0.6078 -0.7761
vn -0.4354 0.6109 -0.6613
vn -0.5001 0.5001 -0.7069
vn -0.9638 0 -0.2666
vn -0.1754 0.9532 -0.2464
vn -0.1864 0.941 -0.2823
vn -0.1063 -0.9806 -0.1649
vn -0.0676 -0.9846 -0.1612
vn -0.1148 0 -0.9934
vn -0.7599 -0.0403 -0.6488
vn -0.5626 -0.46 -0.6869
vn -0.698 -0.5869 -0.4104
vn -0.6971 -0.5749 -0.4285
vn -0.1891 0.0388 -0.9812
vn -0.4634 -0.093 -0.8813
vn -0.6202 -0.1501 -0.77
vn -0.4636 -0.0481 -0.8847
vn -0.7546 0.0519 -0.6542
vn -0.297 0.6093 -0.7352
vn -0.463 0.0704 -0.8836
vn -0.0667 -0.9894 0.1291
vn -0.6254 -0.2095 0.7517
vn -0.6246 -0.0602 0.7786
vn -0.4681 -0.0157 0.8835
vn -0.3591 0.0912 0.9288
vn -0.1291 0.0667 0.9894
vn -0.6107 0.0448 0.7906
vn -0.3502 0.1678 0.9215
vn -0.3027 0.4184 0.8564
vn -0.4647 0.5668 0.6803
vn -0.1325 0.3818 0.9147
vn -0.8838 0.053 0.4649
vn -0.9459 -0.1153 0.3033
vn -0.9601 0.0304 0.2779
vn -0.3032 -0.9296 0.2096
vn -0.2468 -0.9543 0.1686
vn -0.1659 0 0.9861
vn -0.2399 -0.0734 0.968
vn -0.1713 0.0248 0.9849
vn -0.8172 0.3844 0.4294
vn -0.8522 0.2708 0.4476
vn -0.7306 0.5977 0.3302
vn -0.6608 0.6483 0.3783
vn -0.5859 0.5599 0.5859
vn -0.1649 0.1063 0.9806
vn -0.3613 0.1886 0.9132
vn -0.3707 0.4151 0.8308
vn -0.347 0.3781 0.8583
vn -0.6893 0.2807 0.6679
vn -0.4945 0.1946 0.8471
vn -0.6753 0.1509 0.7219
vn -0.5135 0.1155 0.8503
vn -0.3904 0.2356 0.89
vn -0.3743 0.1967 0.9062
vn -0.1862 0.0376 0.9818
vn -0.7253 0.6565 0.2074
vn -0.9411 0.1944 0.2768
vn -0.7431 0.6365 0.2068
vn -0.642 0.7469 0.1733
vn -0.2323 0.0366 0.972
vn -0.2158 -0.0176 0.9763
vn -0.1209 -0.9792 0.1629
vn -0.1064 -0.9885 0.1073
vn -0.9791 0.113 0.169
vn -0.8909 0.4244 0.1615
vn -0.9127 0.3232 0.2502
vn -0.6537 0.4673 0.5953
vn -0.9052 0.1025 0.4124
vn -0.6438 0.553 0.5289
vn -0.4726 0.8362 0.2784
vn -0.5259 0.6843 0.5051
vn -0.2648 0.9424 0.2045
vn -0.6135 0.5367 0.5793
vn -0.7073 0.6757 0.2078
vn -0.6969 0.6512 0.3006
vn -0.0231 -0.9959 0.0871
vn -0.9959 0.0231 0.0871
vn -0.9885 0.0894 0.1216
vn -0.2045 0.9424 0.2648
vn -0.9689 0.2104 0.1304
vn -0.9809 0.1135 0.1578
vn -0.178 0.9826 0.0532
vn -0.1649 0.9806 0.1063
vn -0.1122 0.9873 0.1122
vn -0.1055 0.9935 0.0429
vn -0.3595 -0.8792 0.3128
vn -0.2865 0.0259 0.9577
vn -0.8196 0.0991 0.5643
vn -0.6967 0.0798 0.7129
vn -0.0776 0.0326 0.9964
vn -0.0504 -0.0273 0.9984
vn -0.0231 -0.0871 0.9959
vn -0.1578 0.1135 0.9809
vn -0.9428 0.3317 -0.0329
vn -0.8534 0.4978 0.1546
vn -0.4804 0.871 -0.1028
vn -0.1055 0.9935 -0.0429
vn -0.0871 0.0231 -0.9959
vn -0.6463 0.7615 -0.0498
vn -0.1291 0.9894 -0.0667
vn -0.1357 0.9814 -0.1357
vn -0.1992 0.9749 -0.0994
vn -0.9987 0.0129 -0.0491
vn -0.9874 -0.155 -0.0306
vn -0.9963 -0.0456 -0.0735
vn -0.3033 -0.9459 -0.1153
vn -0.3171 -0.9466 -0.0578
vn -0.987 0.1402 -0.0793
vn -0.3202 0.9458 -0.0543
vn -0.3539 -0.935 -0.0229
vn -0.9895 0.1439 -0.0162
vn -0.9975 0.009 -0.0707
vn -0.7919 0.6106 -0
vn -0.9742 0.191 -0.1199
vn -0.8754 0.4779 -0.073
vn -0.9735 0.168 -0.155
vn -0.7703 0.6244 -0.1293
vn -0.7603 0.6375 -0.1245
vn -0.4963 0.8613 -0.1091
vn -0.3854 0.9186 -0.0878
vn -0.9959 -0.0575 -0.0693
vn -0.784 -0.6184 -0.0541
vn -0.7735 -0.6243 -0.1092
vn -0.4912 -0.8693 -0.0547
vn -0.406 -0.9136 -0.0229
vn -0.9908 0.1215 -0.0591
vn -0.7833 0.6171 -0.0744
vn -0.7145 0.6929 -0.0967
vn -0.8445 0.4499 -0.2905
vn -0.995 -0.0392 -0.0923
vn -0.7915 -0.6066 -0.0753
vn -0.6892 -0.7198 -0.0824
vn -0.9873 0.1122 -0.1122
vn -0.77 0.6202 -0.1501
vn -0.9235 0.3384 -0.1806
vn -0.6869 0.5626 -0.46
vn -0.6032 0.6032 -0.5218
vn -0.5947 0.5685 -0.5685
vn -0.671 0.5126 -0.5357
vn -0.4104 0.698 -0.5869
vn -0.1688 0.0738 -0.9829
vn -0.2244 0.0771 -0.9715
vn -0.7361 0.6574 -0.1612
vn -0.8999 0.3814 -0.2113
vn -0.8876 -0.06 -0.4566
vn -0.7281 -0.4847 -0.4847
vn -0.7863 -0.5988 -0.1519
vn -0.7106 0.0372 -0.7026
vn -0.824 -0.086 -0.56
vn -0.7863 -0.1519 -0.5988
vn -0.7872 -0.001 -0.6166
vn -0.77 0.1501 -0.6202
vn -0.9235 0.1806 -0.3384
vn -0.4104 0.5869 -0.698
vn -0.671 0.5357 -0.5126
vn -0.6032 0.5218 -0.6032
vn -0.6561 0.05 -0.753
vn -0.6869 0.46 -0.5626
vn -0.622 0.0971 -0.777
vn -0.6063 0.447 -0.6577
vn -0.1766 0.081 -0.9809
vn -0.1971 0.474 -0.8582
vn -0.622 -0.0971 -0.777
vn -0.1766 -0.081 -0.9809
vn -0.616 -0.4354 -0.6565
vn -0.1815 -0.6178 -0.7651
vn -0.1558 0.9182 -0.3642
vn -0.4269 0.7089 -0.5614
vn -0.417 0.5883 -0.6929
vn -0.7399 0.0362 -0.6717
vn -0.7153 -0.131 -0.6865
vn -0.5624 0.0458 -0.8256
vn -0.886 0.151 -0.4384
vn -0.3128 -0.8792 -0.3595
vn -0.3807 -0.582 -0.7185
vn -0.5524 -0.5993 -0.5794
vn -0.633 -0.4175 -0.6519
vn -0.6361 -0.4399 -0.6339
vn -0.8472 0.3452 -0.4039
vn -0.7352 0.6093 -0.297
vn -0.686 0.3571 -0.634
vn -0.5174 0.6356 -0.573
vn -0.4397 0.6238 -0.6461
vn -0.2127 0.7858 -0.5808
vn -0.3854 0.8054 -0.4503
vn -0.4616 -0.6273 -0.6273
vn -0.4412 -0.6111 -0.6572
vn -0.1693 -0.6969 -0.6969
vn -0.1895 -0.7226 -0.6648
vn -0.3674 0.6243 -0.6894
vn -0.496 0.5636 -0.6605
vn -0.3976 0.736 -0.5479
vn -0.0667 -0.9894 -0.1291
vn -0.1609 0.1853 -0.9694
vn -0.1604 0 -0.9871
vn -0.6946 -0.1352 -0.7066
vn -0.692 -0.1758 -0.7002
vn -0.6109 -0.4354 -0.6613
vn -0.4456 -0.6139 -0.6516
vn -0.3153 -0.6283 -0.7112
vn -0.2514 -0.8383 -0.4838
vn -0.6924 -0.1029 -0.7141
vn -0.5866 -0.5032 -0.6347
vn -0.5853 -0.4986 -0.6394
vn -0.4687 -0.2828 -0.8369
vn -0.6628 -0.0294 -0.7482
vn -0.6376 0.0788 -0.7663
vn -0.1946 0.6273 -0.754
vn -0.5129 0.5129 -0.6884
vn -0.7582 -0.0897 0.6459
vn -0.921 -0.1668 0.352
vn -0.9262 -0.0188 0.3765
vn -0.1515 -0.0148 0.9884
vn -0.1357 -0.1357 0.9814
vn -0.068 -0.1635 0.9842
vn -0.0923 -0.0392 0.995
vn -0.4546 0.3421 0.8224
vn -0.7564 0.0262 0.6536
vn -0.5472 0.4477 0.7072
vn -0.4571 0.0378 0.8886
vn -0.3735 0.2848 0.8829
vn -0.6066 0.0753 0.7915
vn -0.0893 0.0736 0.9933
vn -0.6095 0.0905 0.7876
vn -0.5988 0.1519 0.7863
vn -0.1191 0.4992 0.8583
vn -0.1519 0.5988 0.7863
vn -0.1212 0.6045 0.7873
vn -0.4847 0.4847 0.7281
vn -0.6122 0.0667 0.7879
vn -0.0931 0.2038 0.9746
vn -0.4119 0.4511 0.7917
vn -0.0835 0.6263 0.7751
vn -0.065 0.9079 0.4141
vn -0.9882 -0.0792 0.1314
vn -0.9867 0.0257 0.1607
vn -0.8499 -0.1106 0.5153
vn -0.3152 -0.5944 0.7399
vn -0.6524 -0.6384 0.4085
vn -0.4123 -0.4065 0.8154
vn -0.288 -0.1299 0.9488
vn -0.4516 -0.3367 0.8263
vn -0.9779 -0.1832 0.1006
vn -0.7415 -0.148 0.6544
vn -0.4744 -0.111 0.8733
vn -0.7268 -0.136 0.6733
vn -0.66 -0.0315 0.7506
vn -0.385 0.1002 0.9174
vn -0.3947 0.2911 0.8715
vn -0.1318 0.1318 0.9825
vn -0.3832 0.3642 0.8488
vn -0.5241 0.5241 0.6713
vn -0.5003 0.6015 0.6229
vn -0.3618 0.3695 0.8559
vn -0.1628 0.1443 0.9761
vn -0.0389 0.3842 0.9224
vn -0.1008 0.0126 0.9948
vn -0.3306 -0.0695 0.9412
vn -0.607 -0.2014 0.7688
vn -0.9955 -0.026 0.0908
vn -0.9874 0.1118 0.1118
vn -0.9842 -0.1635 0.068
vn -0.8912 0.0806 0.4463
vn -0.9829 0.0738 0.1688
vn -0.6964 0.2619 0.6682
vn -0.8217 0.1612 0.5466
vn -0.6951 0.1848 0.6947
vn -0.6485 0.4184 0.6359
vn -0.3602 0.4513 0.8164
vn -0.665 0.1876 0.7229
vn -0.1063 0.9806 0.1649
vn -0.0569 0.8758 0.4792
vn -0.0429 0.9935 0.1055
vn -0.5487 0.1948 0.813
vn -0.1294 0.2965 0.9462
vn -0.9906 -0 0.137
vn -0.8892 0.4342 0.1443
vn -0.9728 0.0879 0.2143
vn -0.0162 0.9997 0.0162
vn -0.0162 0.9997 -0.0162
vn -0.0556 0.9982 -0.0234
vn -0.9731 0.1827 -0.1403
vn -0.9642 0.2001 -0.1741
vn -0.1612 0.9846 -0.0676
vn -0.097 0.994 -0.0501
vn -0.8755 0.4712 -0.1067
vn -0.9806 0.1649 -0.1063
vn -0.1649 0.9806 -0.1063
vn -0.3361 0.926 -0.1721
vn -0.5214 0.6725 -0.5253
vn -0.5909 0.6252 -0.5099
vn -0.381 0.7085 -0.5941
vn -0.3363 0.3363 -0.8796
vn -0.9999 -0.0107 -0.0073
vn -0.6723 0.7243 -0.1531
vn -0.8256 0.4805 -0.2959
vn -0.3867 0.8286 -0.4049
vn -0.9972 -0.0547 -0.0512
vn -0.9974 0.0187 -0.07
vn -0.5813 0.6598 -0.4762
vn -0.3776 0.8333 -0.4038
vn -0.9854 0.051 -0.1624
vn -0.9067 0.3026 -0.2939
vn -0.9675 -0.0659 -0.2442
vn -0.9224 -0.3842 -0.0389
vn -0.5218 0.6032 -0.6032
vn -0.5685 0.5685 -0.5947
vn -0.4552 0.0503 -0.889
vn -0.1357 0.1357 -0.9814
vn -0.6114 -0.0831 -0.7869
vn -0.6135 0.0864 -0.785
vn -0.5001 -0.5001 -0.7069
vn -0.7044 -0.0874 -0.7044
vn -0.7964 0.1269 -0.5913
vn -0.6891 0 -0.7247
vn -0.6596 0.2039 -0.7234
vn -0.7663 0.0788 -0.6376
vn -0.6587 0.4878 -0.5728
vn -0.7383 -0.0171 -0.6742
vn -0.8908 -0.0887 -0.4457
vn -0.7024 0.047 -0.7102
vn -0.6827 0.0917 -0.7249
vn -0.4706 0.1515 -0.8693
vn -0.5813 0.4762 -0.6598
vn -0.4135 0.4135 -0.8112
vn -0.4703 0.3292 -0.8188
vn -0.1327 0.9474 -0.2913
vn -0.3571 -0.6396 -0.6807
vn -0.1681 -0.6078 -0.7761
vn -0.4762 -0.6598 -0.5813
vn -0.4879 -0.5777 -0.6543
vn -0.5284 0.583 -0.6172
vn -0.558 0.5098 -0.6548
vn -0.3128 0.8792 -0.3595
vn -0.2491 0.5245 -0.8141
vn -0.2393 0.4116 -0.8794
vn -0.1895 0.6648 -0.7226
vn -0.6736 -0.0193 -0.7389
vn -0.5813 -0.4762 -0.6598
vn -0.2433 -0.4737 -0.8464
vn -0.4221 -0.2856 -0.8604
vn -0.4295 -0.2902 -0.8552
vn -0.6159 0.4494 -0.6471
vn -0.5128 0.5181 -0.6846
vn -0.6263 0.4455 -0.6397
vn -0.4534 -0.0753 -0.8881
vn -0.4762 0.6598 -0.5813
vn -0.5724 0.6253 -0.5304
vn -0.1035 0.7345 -0.6706
vn -0.0967 0.7145 -0.6929
vn -0.3711 0.6158 -0.695
vn -0.1828 -0.9452 -0.2704
vn -0.3207 -0.8178 -0.4779
vn -0.6273 0.1946 -0.754
vn -0.6178 0.2823 -0.7339
vn -0.9379 0.183 -0.2948
vn -0.1009 0.9229 -0.3715
vn -0.7499 -0.0622 -0.6586
vn -0.921 -0.1668 -0.352
vn -0.6953 -0.1822 -0.6953
vn -0.1754 -0.9532 -0.2464
vn -0.111 -0.9431 -0.3134
vn -0.0982 -0.0982 -0.9903
vn -0.0682 -0.4703 -0.8799
vn -0.4552 -0.0503 -0.889
vn -0.6106 0 -0.7919
vn -0.6135 -0.0864 -0.785
vn -0.151 -0.0234 -0.9883
vn -0.6114 0.0831 -0.7869
vn -0.1684 0.0738 -0.983
vn 0 -0.9954 0.0957
vn 0 -0.9817 0.1905
vn 0 -0.1905 0.9817
vn -0.0163 -0.0796 0.9967
vn -0.0556 0.0234 0.9982
vn -0.0872 0.0072 0.9962
vn -0.0872 -0.0072 0.9962
vn -0.0556 -0.0234 0.9982
vn -0.0162 -0.0162 0.9997
vn 0 0 1
vn -0.0234 0.0556 0.9982
vn -0.3421 0.4546 0.8224
vn -0.0912 0.3591 0.9288
vn -0.6167 0 0.7872
vn -0.5287 -0.5287 0.664
vn -0.4214 -0.4214 0.803
vn -0.3495 -0.3495 0.8693
vn -0.1154 0 0.9933
vn -0.4348 0.3785 0.8171
vn -0.43 0.4127 0.803
vn -0.5115 0.5115 0.6904
vn -0.3563 0.3426 0.8693
vn -0.2905 0.4499 0.8445
vn -0.0824 0.7198 0.6892
vn -0.0758 0.6586 0.7487
vn -0.548 -0.4877 0.6796
vn -0.4865 -0.5114 0.7083
vn -0.4647 -0.5668 0.6803
vn -0.5767 -0.6848 0.4455
vn -0.1297 -0.9106 0.3925
vn -0.1429 -0.6598 0.7377
vn -0.3367 -0.4516 0.8263
vn -0.3612 0.3612 0.8597
vn -0.1168 0.163 0.9797
vn -0.1172 0.6983 0.7062
vn -0.0512 0.0547 0.9972
vn -0.0418 0.0107 0.9991
vn -0.0582 0.7807 0.6222
vn -0.0072 0.9962 0.0872
vn -0.1065 0.7479 0.6552
vn 0 1 -0
vn -0.1122 0.9873 -0.1122
vn -0.0501 0.994 -0.097
vn -0.4477 0.7072 -0.5472
vn -0.4385 0.7923 -0.4241
vn -0.3634 0.8626 -0.3519
vn -0.1124 0.784 -0.6105
vn -0.1304 0.7713 -0.6229
vn -0.1016 0.9757 -0.1941
vn -0.5869 0.4104 -0.698
vn -0.4457 0.767 -0.4617
vn -0.1501 0.77 -0.6202
vn -0.209 0.8944 -0.3954
vn -0.1383 0.7663 -0.6274
vn -0.1618 0.7026 -0.6929
vn -0.46 0.6869 -0.5626
vn -0.3935 0.4424 -0.8059
vn -0.5406 0.5406 -0.6447
vn -0.4762 0.5813 -0.6598
vn -0.6215 0.1043 -0.7764
vn -0.6254 0.2095 -0.7517
vn -0.921 0.1668 -0.352
vn -0.7499 0.0622 -0.6586
vn -0.1734 0.0843 -0.9812
vn -0.1462 0.623 -0.7684
vn -0.4721 0.5346 -0.701
vn -0.611 -0.3045 -0.7307
vn -0.6078 -0.1681 -0.7761
vn -0.3421 0.3791 -0.8598
vn -0.6826 -0.1001 -0.7239
vn -0.9492 0 -0.3148
vn -0.1217 -0.0598 -0.9908
vn -0.3688 0.1966 -0.9085
vn -0.189 0.2105 -0.9591
vn -0.1799 -0.1127 -0.9772
vn -0.1383 -0.6274 -0.7663
vn -0.2365 -0.3389 -0.9106
vn -0.2201 -0.3375 -0.9152
vn -0.6755 0.0966 -0.731
vn -0.4433 0.314 -0.8396
vn -0.573 0.5174 -0.6356
vn -0.6689 0.0646 -0.7405
vn -0.4738 0.0363 -0.8799
vn -0.4454 0.1314 -0.8857
vn -0.6029 0.4384 -0.6666
vn -0.4884 0.4054 -0.7727
vn -0.4303 0.5877 -0.6852
vn -0.6255 0.3862 -0.6779
vn -0.159 0.8446 -0.5112
vn -0.3948 -0.7719 -0.4983
vn -0.4511 -0.6469 -0.6149
vn -0.1618 -0.7026 -0.6929
vn -0.132 -0.7049 -0.697
vn -0.3569 0.6284 -0.6912
vn -0.4876 0.568 -0.6631
vn -0.9571 0.024 -0.2887
vn -0.5694 -0.0167 -0.8219
vn -0.6978 0.1348 -0.7035
vn -0.5396 0.5297 -0.6544
vn -0.1751 -0.4845 -0.8571
vn -0.1297 -0.9106 -0.3925
vn -0.1428 -0.9146 -0.3784
vn -0.172 0.0344 -0.9845
vn -0.1503 -0.0547 -0.9871
vn -0.1414 -0.8665 -0.4787
vn -0.1044 -0.645 -0.757
vn -0.1108 -0.633 -0.7662
vn -0.1047 -0.1378 -0.9849
vn -0.1291 -0.0667 -0.9894
vn -0.4719 0.0108 -0.8816
vn -0.3591 -0.0912 -0.9288
vn -0.625 0.053 -0.7789
vn 0 -0.0957 0.9954
vn -0.0162 0.0162 0.9997
vn -0.0667 0.1291 0.9894
vn -0.0429 0.1055 0.9935
vn -0.0667 0.6122 0.7879
vn -0.2848 0.3735 0.8829
vn -0.4477 -0.5472 0.7072
vn -0.0758 -0.6586 0.7487
vn -0.0667 -0.6122 0.7879
vn -0.0591 -0.1215 0.9908
vn -0.1122 -0.1122 0.9873
vn -0.0809 -0.0162 0.9966
vn -0.122 0.1024 0.9872
vn -0.1145 0.0822 0.99
vn -0.3545 0.368 0.8596
vn -0.1002 0.5443 0.8329
vn -0.1297 0.9106 0.3925
vn -0.1114 0.4126 0.9041
vn -0.1002 -0.5443 0.8329
vn -0.1114 -0.4126 0.9041
vn -0.3097 0.4118 0.857
vn -0.3046 0.4321 0.8488
vn -0.441 0.6346 0.6346
vn -0.1171 0.4145 0.9025
vn -0.0912 0.9288 0.3591
vn -0.0234 0.9982 0.0556
vn -0.3444 0.8115 0.4722
vn -0.0234 0.9982 -0.0556
vn -0.0912 0.9288 -0.3591
vn -0.3421 0.8224 -0.4546
vn -0.3027 0.8564 -0.4184
vn -0.3038 0.8523 -0.4257
vn -0.4511 0.6469 -0.6149
vn -0.4699 0.6188 -0.6296
vn -0.5174 0.573 -0.6356
vn -0.07 -0.0187 -0.9974
vn -0.0389 0.3842 -0.9224
vn -0.1521 0.1332 -0.9794
vn -0.1501 -0.6202 -0.77
vn -0.0962 -0.2747 -0.9567
vn -0.11 0 -0.9939
vn -0.255 0.0664 -0.9647
vn -0.2519 0.0359 -0.9671
vn -0.5628 0.5119 -0.649
vn -0.3854 0.4503 -0.8054
vn -0.3571 0.6396 -0.6807
vn -0.4879 0.5777 -0.6543
vn -0.3571 -0.634 -0.686
vn -0.4878 -0.5728 -0.6587
vn -0.4511 0.6149 -0.6469
vn -0.4064 0.4532 -0.7934
vn -0.4656 0.5778 -0.6703
vn -0.065 0.9079 -0.4141
vn -0.0766 0.7002 -0.7098
vn -0.0839 0.7046 -0.7046
vn -0.3862 -0.7209 -0.5754
vn -0.46 -0.5626 -0.6869
vn -0.1756 0.1174 -0.9774
vn -0.4648 -0.2843 -0.8386
vn -0.3846 0.1073 -0.9168
vn -0.5287 0.5287 -0.664
vn -0.4778 0.3817 -0.7912
vn -0.5202 0.3908 -0.7594
vn -0.5625 0.5167 -0.6454
vn -0.2854 0.8774 -0.3856
vn -0.218 0.4819 -0.8487
vn -0.4138 0.2979 -0.8603
vn -0.1816 0.3514 -0.9185
vn -0.4014 0.2989 -0.8658
vn -0.591 0.0484 -0.8052
vn -0.7924 0.1637 -0.5877
vn -0.4401 0.6916 -0.5728
vn -0.2854 -0.8774 -0.3856
vn -0.1503 0.0547 -0.9871
vn -0.1641 0.0152 -0.9863
vn -0.3207 0.8178 -0.4779
vn -0.0429 -0.9935 -0.1055
vn -0.6196 -0.1645 -0.7675
vn -0.5472 -0.4477 -0.7072
vn -0.3735 -0.2848 -0.8829
vn -0.081 0.1766 -0.9809
vn -0.0971 0.622 -0.777
vn -0.6075 0.2895 -0.7397
vn -0.0831 0.6114 -0.7869
vn -0.111 0.9431 -0.3134
vn -0.0532 -0.9826 -0.178
vn -0.0345 0 -0.9994
vn -0.7536 -0.0303 -0.6566
vn -0.4546 -0.3421 -0.8224
vn -0.0923 0.0392 -0.995
vn -0.4571 -0.0378 -0.8886
vn -0.7475 0.0616 -0.6614
vn -0.7581 0.0802 -0.6472
vn 0 0.0957 0.9954
vn 0 0.6106 0.7919
vn -0.0174 0.6253 0.7802
vn -0.0174 -0.6253 0.7802
vn -0.066 -0.1638 0.9843
vn -0.11 -0.067 0.9917
vn -0.0955 0.0953 0.9909
vn -0.1158 0.3334 0.9356
vn -0.0658 0.1604 0.9849
vn -0.0635 0.6239 0.7789
vn -0.0483 0.114 0.9923
vn -0.9492 0 0.3148
vn -0.0928 -0.1989 0.9756
vn -0.0928 0.1989 0.9756
vn -0.0483 -0.114 0.9923
vn -0.0509 0.1925 0.98
vn -0.5728 0.4136 0.7077
vn -0.5728 0.7077 0.4136
vn -0.8796 0.3363 0.3363
vn -0.0532 0.9826 0.178
vn -0.1063 0.1649 0.9806
vn -0.0532 0.178 0.9826
vn -0.0667 0.9894 0.1291
vn -0.0667 0.9894 -0.1291
vn -0.0429 0.9935 -0.1055
vn -0.2848 0.8829 -0.3735
vn -0.0667 0.7879 -0.6122
vn -0.0635 0.7789 -0.6239
vn -0.0509 0.98 -0.1925
vn -0.355 0.7945 -0.4927
vn -0.1171 0.9025 -0.4145
vn -0.0744 0.7833 -0.6171
vn -0.0073 0.0107 -0.9999
vn -0.0512 0.0547 -0.9972
vn -0.3207 0.4779 -0.8178
vn -0.1035 0.6706 -0.7345
vn -0.611 0.3045 -0.7307
vn -0.0953 0.0953 -0.9909
vn -0.0953 -0.0953 -0.9909
vn -0.6093 -0.297 -0.7352
vn -0.0971 -0.622 -0.777
vn -0.0824 0.7198 -0.6892
vn 0 0.901 -0.4338
vn 0 0.7071 -0.7071
vn -0.5148 -0.5367 -0.6686
vn -0.4511 -0.6149 -0.6469
vn -0.5749 -0.6971 -0.4285
vn -0.5869 -0.698 -0.4104
vn -0.4488 -0.5588 -0.6973
vn -0.0766 -0.7002 -0.7098
vn -0.065 -0.9079 -0.4141
vn -0.0839 -0.7046 -0.7046
vn -0.3668 -0.6116 -0.701
vn -0.1486 0.0477 -0.9877
vn -0.1393 0.617 -0.7745
vn -0.2176 0.3462 -0.9126
vn -0.6689 0.0496 -0.7417
vn -0.6697 0.1219 -0.7325
vn -0.1902 -0.0281 -0.9813
vn -0.1681 0.1248 -0.9778
vn -0.3862 0.7209 -0.5754
vn -0.4648 0.2843 -0.8386
vn -0.4036 0.0127 -0.9148
vn 0 -0.9954 -0.0957
vn -0.3948 0.7719 -0.4983
vn -0.0766 0.7098 -0.7002
vn -0.047 0.7102 -0.7024
vn 0 0.1905 -0.9817
vn 0 0.6106 -0.7919
vn -0.9571 -0.024 -0.2887
vn -0.9292 -0.1704 -0.328
vn -0.1297 0.9106 -0.3925
vn -0.1613 0.4954 -0.8535
vn -0.1558 -0.9182 -0.3642
vn -0.0782 -0.913 -0.4005
vn -0.0418 -0.0107 -0.9991
vn -0.1414 0.8665 -0.4787
vn -0.0229 0.9136 -0.406
vn 0 -0.9817 -0.1905
vn 0 0 -1
vn -0.6092 -0.1292 -0.7825
vn -0.0831 -0.6114 -0.7869
vn -0.0736 -0.0893 -0.9933
vn -0.0556 -0.0234 -0.9982
vn -0.0163 0.0796 -0.9967
vn -0.1075 0.4488 0.8871
vn -0.0731 0.7255 0.6843
vn -0.0448 0.6107 0.7906
vn -0.2854 -0.8774 0.3856
vn -0.2402 -0.578 0.7799
vn -0.5115 -0.5115 0.6904
vn -0.5 -0.5231 0.6902
vn -0.0866 -0.0089 0.9962
vn -0.0759 0.0693 0.9947
vn 0 -0.6106 0.7919
vn -0.0294 -0.6628 0.7482
vn -0.2889 -0.4551 0.8423
vn -0.1719 -0.3014 0.9379
vn -0.0072 0.1822 0.9832
vn 0 0.1905 0.9817
vn 0 0.9817 0.1905
vn 0 0.9954 0.0957
vn 0 0.9954 -0.0957
vn 0 0.7919 -0.6106
vn 0 0.9817 -0.1905
vn -0.0122 0.6963 -0.7176
vn -0.047 0.7024 -0.7102
vn -0.1414 0.4787 -0.8665
vn 0 0.0957 -0.9954
vn 0 -0.0957 -0.9954
vn 0 -0.6106 -0.7919
vn 0 -0.7071 -0.7071
vn 0 -0.901 -0.4338
vn -0.4566 0.06 -0.8876
vn -0.4847 0.4847 -0.7281
vn -0.6113 0.0085 -0.7914
vn -0.2399 -0.2701 -0.9325
vn -0.5148 0.5367 -0.6686
vn -0.3948 0.4983 -0.7719
vn -0.3668 0.6116 -0.701
vn -0.1519 0.5988 -0.7863
vn -0.0241 -0.7178 -0.6959
vn -0.079 -0.0362 -0.9962
vn -0.0395 -0.0685 -0.9969
vn -0.9292 0.1704 -0.328
vn -0.0782 0.913 -0.4005
vn -0.2584 -0.5645 -0.784
vn -0.6848 -0.5767 -0.4455
vn -0.0759 0.0693 -0.9947
vn -0.1032 0.0366 -0.994
vn -0.047 -0.7024 0.7102
vn -0.3404 -0.285 0.896
vn -0.0433 -0.0126 0.999
vn -0.0182 0.5958 0.8029
vn -0.0819 0.5677 0.8191
vn -0.0122 -0.6963 0.7176
vn -0.0182 -0.5958 -0.8029
vn -0.0557 -0.0697 -0.996
vn -0.0228 -0.5612 -0.8274
vn -0.612 -0 -0.7908
vn -0.6095 0.0905 -0.7876
vn -0.5988 0.1519 -0.7863
vn -0.0788 0 -0.9969
vn -0.3221 0.0061 -0.9467
vn -0.5515 -0.4222 -0.7195
vn -0.7468 -0.04 -0.6639
vn -0.0557 0.0697 -0.996
vn -0.3405 -0.0056 -0.9402
vn -0.0833 0.7316 -0.6766
vn -0.0182 0.5958 -0.8029
vn -0.0574 0.3939 -0.9174
vn 0 -0.7071 0.7071
vn 0.0174 0.6253 0.7802
vn 0.0174 -0.6253 0.7802
vn 0.0483 0.114 0.9923
vn 0.0483 -0.114 0.9923
vn 0.0423 0.2022 0.9784
vn 0.0532 0.9826 0.178
vn 0.0429 0.9935 0.1055
vn 0.0532 0.178 0.9826
vn 0.0162 0.9997 0.0162
vn 0.0162 0.9997 -0.0162
vn 0.0429 0.9935 -0.1055
vn 0.0667 0.7879 -0.6122
vn 0.0448 0.7906 -0.6107
vn 0.0072 0.9832 -0.1822
vn 0.0073 0.0107 -0.9999
vn 0.0953 0.0953 -0.9909
vn 0.0971 0.622 -0.777
vn 0.0953 -0.0953 -0.9909
vn 0.0971 -0.622 -0.777
vn 0.0694 -0.7054 -0.7054
vn 0.065 -0.9079 -0.4141
vn 0.047 -0.7102 -0.7024
vn 0.0766 0.7098 -0.7002
vn 0.047 0.7102 -0.7024
vn 0.0839 -0.7046 -0.7046
vn 0.0129 -0.6224 -0.7826
vn 0.0229 0.9136 -0.406
vn 0.0831 -0.6114 -0.7869
vn 0.0736 -0.0893 -0.9933
vn 0.0556 -0.0234 -0.9982
vn 0.0163 0.0796 -0.9967
vn 0.047 -0.7024 0.7102
vn 0.0753 -0.6066 0.7915
vn 0.069 0 0.9976
vn 0.0753 0.6066 0.7915
vn 0.0635 0.6239 0.7789
vn 0.0162 0.0162 0.9997
vn 0.0429 0.1055 0.9935
vn 0.0667 0.6122 0.7879
vn 0.0758 0.6586 0.7487
vn 0.0294 -0.6628 0.7482
vn 0.0122 -0.6963 0.7176
vn 0.0509 0.1925 0.98
vn 0.1114 0.4126 0.9041
vn 0.9492 0 0.3148
vn 0.0928 0.1989 0.9756
vn 0.0802 -0.216 0.9731
vn 0.1008 -0.4259 0.8991
vn 0.1035 0.4507 0.8867
vn 0.8796 0.3363 0.3363
vn 0.43 0.6196 0.6566
vn 0.441 0.6346 0.6346
vn 0.5728 0.4136 0.7077
vn 0.1063 0.9806 0.1649
vn 0.0912 0.9288 0.3591
vn 0.1063 0.1649 0.9806
vn 0.0667 0.9894 0.1291
vn 0.0234 0.9982 0.0556
vn 0.0234 0.9982 -0.0556
vn 0.0667 0.9894 -0.1291
vn 0.4477 0.7072 -0.5472
vn 0.3696 0.8166 -0.4433
vn 0.2848 0.8829 -0.3735
vn 0.2975 0.8735 -0.3855
vn 0.1081 0.9208 -0.3747
vn 0.0658 0.9849 -0.1604
vn 0.0744 0.7833 -0.6171
vn 0.0839 0.7046 -0.7046
vn 0.1361 -0.047 -0.9896
vn 0.1142 0.0541 -0.992
vn 0.0162 -0.9997 -0.0162
vn 0.6114 0.0831 -0.7869
vn 0.6078 0.1681 -0.7761
vn 0.611 0.3045 -0.7307
vn 0.622 0.0971 -0.777
vn 0.4879 0.5777 -0.6543
vn 0.6114 -0.0831 -0.7869
vn 0.622 -0.0971 -0.777
vn 0.6078 -0.1681 -0.7761
vn 0.6093 -0.297 -0.7352
vn 0.4878 -0.5728 -0.6587
vn 0.0782 0.913 -0.4005
vn 0.4929 -0.6152 -0.6152
vn 0.466 -0.5874 -0.6616
vn 0.441 -0.6346 -0.6346
vn 0.3956 -0.7664 -0.506
vn 0.3214 -0.8139 -0.4841
vn 0.0429 -0.9935 -0.1055
vn 0.4762 0.6598 -0.5813
vn 0.3948 0.7719 -0.4983
vn 0.4511 0.6469 -0.6149
vn 0.3571 0.6396 -0.6807
vn 0.3207 0.8178 -0.4779
vn 0.4616 -0.6273 -0.6273
vn 0.3571 -0.634 -0.686
vn 0.081 0.1766 -0.9809
vn 0.0831 0.6114 -0.7869
vn 0.1044 -0.645 -0.757
vn 0.1414 -0.8665 -0.4787
vn 0.0821 -0.0821 -0.9932
vn 0.0682 -0.4703 -0.8799
vn 0.0957 0 -0.9954
vn 0.0821 0.0821 -0.9932
vn 0.1414 0.8665 -0.4787
vn 0.111 0.9431 -0.3134
vn 0.0532 -0.9826 -0.178
vn 0.0345 0 -0.9994
vn 0.6196 -0.1645 -0.7675
vn 0.6092 -0.1292 -0.7825
vn 0.1681 -0.6078 -0.7761
vn 0.5001 -0.5001 -0.7069
vn 0.5472 -0.4477 -0.7072
vn 0.4546 -0.3421 -0.8224
vn 0.3591 -0.0912 -0.9288
vn 0.0923 0.0392 -0.995
vn 0.1291 -0.0667 -0.9894
vn 0.7413 -0.0514 0.6692
vn 0.5988 -0.1519 0.7863
vn 0.6095 -0.0905 0.7876
vn 0.612 -0 0.7908
vn 0.086 -0.56 0.824
vn 0.1519 -0.5988 0.7863
vn 0.4847 -0.4847 0.7281
vn 0.448 -0.0492 0.8927
vn 0.5988 0.1519 0.7863
vn 0.7413 0.0514 0.6692
vn 0.6095 0.0905 0.7876
vn 0.1519 0.5988 0.7863
vn 0.1191 0.4992 0.8583
vn 0.448 0.0492 0.8927
vn 0.4847 0.4847 0.7281
vn 0.0163 -0.0796 0.9967
vn 0.0556 0.0234 0.9982
vn 0.0872 0.0072 0.9962
vn 0.0957 0 0.9954
vn 0.0872 -0.0072 0.9962
vn 0.0556 -0.0234 0.9982
vn 0.0162 -0.0162 0.9997
vn 0.0234 0.0556 0.9982
vn 0.0667 0.1291 0.9894
vn 0.4477 0.5472 0.7072
vn 0.2905 0.4499 0.8445
vn 0.2848 0.3735 0.8829
vn 0.1082 -0.4324 0.8951
vn 0.1325 0.3818 0.9147
vn 0.3027 0.4184 0.8564
vn 0.1297 0.9106 0.3925
vn 0.1002 0.5443 0.8329
vn 0.065 0.9079 0.4141
vn 0.1297 -0.9106 0.3925
vn 0.065 -0.9079 0.4141
vn 0.2922 0.4635 0.8365
vn 0.0694 0.7054 0.7054
vn 0.0345 0 0.9994
vn 0.0448 0.7906 0.6107
vn 0.0072 0.9962 0.0872
vn 0.3444 0.8115 0.4722
vn 0.0501 0.994 -0.097
vn 0.0912 0.9288 -0.3591
vn 0.1124 0.784 -0.6105
vn 0.3421 0.8224 -0.4546
vn 0.073 0.9857 -0.1519
vn 0.2987 0.8697 -0.393
vn 0.4591 0.701 -0.5458
vn 0.4616 0.6318 -0.6227
vn 0.5869 0.4104 -0.698
vn 0.1501 0.77 -0.6202
vn 0.46 0.6869 -0.5626
vn 0.1734 0.0843 -0.9812
vn 0.1462 0.623 -0.7684
vn 0.5001 0.5001 -0.7069
vn 0.1766 -0.081 -0.9809
vn 0.1815 -0.6178 -0.7651
vn 0.9571 0.024 -0.2887
vn 0.9308 0.1826 -0.3167
vn 0.1478 -0.1834 -0.9719
vn 0.4671 0.2944 -0.8338
vn 0.124 -0.7016 -0.7016
vn 0.1566 -0.4027 -0.9018
vn 0.3397 -0.3334 -0.8794
vn 0.4616 0.6273 -0.6273
vn 0.0234 -0.9982 -0.0556
vn 0.1681 0.6078 -0.7761
vn 0.0967 0.7145 -0.6929
vn 0.1035 0.7345 -0.6706
vn 0.1618 -0.7026 -0.6929
vn 0.132 -0.7049 -0.697
vn 0.5151 0.5418 -0.6642
vn 0.4878 0.5728 -0.6587
vn 0.3859 0.7268 -0.5681
vn 0.1327 -0.9474 -0.2913
vn 0.1327 0.9474 -0.2913
vn 0.0667 -0.9894 -0.1291
vn 0.1108 -0.633 -0.7662
vn 0.1047 -0.1378 -0.9849
vn 0.3735 -0.2848 -0.8829
vn 0.6178 0.1815 -0.7651
vn 0.6273 0.1946 -0.754
vn 0.5129 0.5129 -0.6884
vn 0.6093 0.297 -0.7352
vn 0.3571 0.634 -0.686
vn 0.6215 -0.1043 -0.7764
vn 0.6254 -0.2095 -0.7517
vn 0.921 -0.1668 -0.352
vn 0.7499 -0.0622 -0.6586
vn 0.111 -0.9431 -0.3134
vn 0.1754 -0.9532 -0.2464
vn 0.4552 -0.0503 -0.889
vn 0.1357 -0.1357 -0.9814
vn 0.6106 0 -0.7919
vn 0.6135 -0.0864 -0.785
vn 0.9638 0 -0.2666
vn 0.1754 0.9532 -0.2464
vn 0.1063 -0.9806 -0.1649
vn 0.069 0 -0.9976
vn 0.625 0.053 -0.7789
vn 0.7536 -0.0303 -0.6566
vn 0.4571 -0.0378 -0.8886
vn 0.7581 0.0802 -0.6472
vn 0.7475 0.0616 -0.6614
vn 0.1946 0.6273 -0.754
vn 0.463 0.0704 -0.8836
vn 0.0429 -0.9935 0.1055
vn 0.0532 -0.9826 0.178
vn 0.068 -0.1635 0.9842
vn 0.0923 -0.0392 0.995
vn 0.1291 0.0667 0.9894
vn 0.6107 0.0448 0.7906
vn 0.4546 0.3421 0.8224
vn 0.5472 0.4477 0.7072
vn 0.6122 0.0667 0.7879
vn 0.3591 0.0912 0.9288
vn 0.6106 0 0.7919
vn 0.6107 -0.0448 0.7906
vn 0.6122 -0.0667 0.7879
vn 0.4546 -0.3421 0.8224
vn 0.5472 -0.4477 0.7072
vn 0.3591 -0.0912 0.9288
vn 0.1291 -0.0667 0.9894
vn 0.1055 -0.0429 0.9935
vn 0.0893 0.0736 0.9933
vn 0.3421 0.4546 0.8224
vn 0.1212 0.6045 0.7873
vn 0.1304 0.6229 0.7713
vn 0.0912 0.3591 0.9288
vn 0.047 -0.7102 0.7024
vn 0.0303 -0.6368 0.7705
vn 0.0554 -0.1212 0.9911
vn 0.33 -0.2239 0.917
vn 0.095 0.0162 0.9953
vn 0.3502 0.1678 0.9215
vn 0.1067 0.1208 0.9869
vn 0.0162 -0.9997 0.0162
vn 0.0931 0.2038 0.9746
vn 0.0835 0.6263 0.7751
vn 0.0694 -0.7054 0.7054
vn 0.0912 0.631 0.7704
vn 0.0839 0.7046 0.7046
vn 0.0162 0 0.9999
vn 0.0744 0.7833 0.6171
vn 0.0556 0.9982 -0.0234
vn 0.097 0.994 -0.0501
vn 0.1122 0.9873 -0.1122
vn 0.4214 0.803 -0.4214
vn 0.5115 0.6904 -0.5115
vn 0.3785 0.8171 -0.4348
vn 0.3495 0.8693 -0.3495
vn 0.3045 0.874 -0.3788
vn 0.1165 0.9228 -0.3673
vn 0.1203 0.7792 -0.6152
vn 0.1618 0.7026 -0.6929
vn 0.1148 0 -0.9934
vn 0.1693 0.6969 -0.6969
vn 0.7499 0.0622 -0.6586
vn 0.921 0.1668 -0.352
vn 0.6254 0.2095 -0.7517
vn 0.6215 0.1043 -0.7764
vn 0.4721 0.5346 -0.701
vn 0.6135 0.0864 -0.785
vn 0.611 -0.3045 -0.7307
vn 0.4879 -0.5777 -0.6543
vn 0.1558 0.9182 -0.3642
vn 0.3671 0.6174 -0.6958
vn 0.1297 -0.9106 -0.3925
vn 0.127 -0.5554 -0.8218
vn 0.132 -0.697 -0.7049
vn 0.1428 -0.9146 -0.3784
vn 0.1096 -0.7028 -0.7028
vn 0.0501 -0.994 -0.097
vn 0.159 0.8446 -0.5112
vn 0.4762 -0.6598 -0.5813
vn 0.4511 -0.6469 -0.6149
vn 0.3948 -0.7719 -0.4983
vn 0.3571 -0.6396 -0.6807
vn 0.3207 -0.8178 -0.4779
vn 0.1615 0.1615 -0.9736
vn 0.1815 0.6178 -0.7651
vn 0.159 -0.8446 -0.5112
vn 0.1373 -0.629 -0.7652
vn 0.1507 -0.0917 -0.9843
vn 0.4721 -0.5346 -0.701
vn 0.1668 0.0072 -0.986
vn 0.1682 0.0882 -0.9818
vn 0.1009 0.9229 -0.3715
vn 0.0676 -0.9846 -0.1612
vn 0.1604 0 -0.9871
vn 0.0982 -0.0982 -0.9903
vn 0.151 -0.0234 -0.9883
vn 0.1684 0.0738 -0.983
vn 0.4719 0.0108 -0.8816
vn 0.9262 -0.0188 0.3765
vn 0.921 -0.1668 0.352
vn 0.6254 -0.2095 0.7517
vn 0.7582 -0.0897 0.6459
vn 0.0667 -0.9894 0.1291
vn 0.1063 -0.9806 0.1649
vn 0.1357 -0.1357 0.9814
vn 0.1515 -0.0148 0.9884
vn 0.7564 0.0262 0.6536
vn 0.6246 -0.0602 0.7786
vn 0.3735 0.2848 0.8829
vn 0.4571 0.0378 0.8886
vn 0.3735 -0.2848 0.8829
vn 0.6066 0.0753 0.7915
vn 0.1414 -0.8665 0.4787
vn 0.0954 -0.6506 0.7534
vn 0.0569 -0.4792 0.8758
vn 0.0591 -0.0894 0.9942
vn 0.0826 0.0503 0.9953
vn 0.1024 0.122 0.9872
vn 0.4127 0.43 0.803
vn 0.5287 0.5287 0.664
vn 0.3493 0.4214 0.8369
vn 0.3426 0.3563 0.8693
vn 0.0234 -0.9982 0.0556
vn 0.1055 0.0429 0.9935
vn 0.4647 0.5668 0.6803
vn 0.4244 0.4268 0.7986
vn 0.3956 -0.7664 0.506
vn 0.441 -0.6346 0.6346
vn 0.427 -0.444 0.7878
vn 0.4929 -0.6152 0.6152
vn 0.466 -0.5874 0.6616
vn 0.3214 -0.8139 0.4841
vn 0.3693 0.4118 0.8331
vn 0.5869 0.698 0.4104
vn 0.4352 0.4718 0.7669
vn 0.5685 0.5685 0.5947
vn 0.5264 0.6034 0.599
vn 0.46 0.5626 0.6869
vn 0.1989 0.4043 0.8928
vn 0.1501 0.6202 0.77
vn 0.1549 0.0831 0.9844
vn 0.1549 -0.0831 0.9844
vn 0.5869 0.4104 0.698
vn 0.5859 0.5859 0.5599
vn 0.5456 0.6625 0.5133
vn 0.1501 0.77 0.6202
vn 0.1881 0.9214 0.3401
vn 0.46 0.6869 0.5626
vn 0.1122 0.9873 0.1122
vn 0.1055 0.9935 0.0429
vn 0.1055 0.9935 -0.0429
vn 0.1291 0.9894 -0.0667
vn 0.464 0.8165 -0.3435
vn 0.6149 0.6469 -0.4511
vn 0.6927 0.7103 -0.1246
vn 0.6105 0.784 -0.1124
vn 0.3591 0.9288 -0.0912
vn 0.4551 0.8423 -0.2889
vn 0.5472 0.7072 -0.4477
vn 0.1729 0.979 -0.1083
vn 0.3701 0.8521 -0.3701
vn 0.439 0.7934 -0.4217
vn 0.5685 0.5947 -0.5685
vn 0.5172 0.6119 -0.5985
vn 0.197 0.9144 -0.3537
vn 0.1766 0.081 -0.9809
vn 0.1357 0.1357 -0.9814
vn 0.4552 0.0503 -0.889
vn 0.9365 0.1709 -0.3063
vn 0.8012 -0.2472 -0.5449
vn 0.2533 -0.1715 -0.952
vn 0.1609 0.1853 -0.9694
vn 0.5284 0.6172 -0.583
vn 0.4783 0.621 -0.621
vn 0.1864 0.941 -0.2823
vn 0.3854 0.8054 -0.4503
vn 0.1693 -0.6969 -0.6969
vn 0.1895 -0.7226 -0.6648
vn 0.5632 0.6183 -0.5482
vn 0.5774 -0.5774 -0.5774
vn 0.6245 -0.5825 -0.5203
vn 0.5218 -0.5987 -0.6076
vn 0.4727 -0.6931 -0.5443
vn 0.5284 0.583 -0.6172
vn 0.534 0.5556 -0.6373
vn 0.5174 0.6356 -0.573
vn 0.5724 0.6253 -0.5304
vn 0.3711 0.6158 -0.695
vn 0.1828 -0.9452 -0.2704
vn 0.5685 -0.5685 -0.5947
vn 0.5869 -0.698 -0.4104
vn 0.6504 -0.6504 -0.3924
vn 0.46 -0.5626 -0.6869
vn 0.1855 -0.2943 -0.9375
vn 0.1501 -0.6202 -0.77
vn 0.3616 0.0439 -0.9313
vn 0.1154 -0.0552 -0.9918
vn 0.6608 0.1817 -0.7283
vn 0.5668 0.4647 -0.6803
vn 0.4495 0.3142 -0.8362
vn 0.6092 0.1292 -0.7825
vn 0.5951 0.4451 -0.6692
vn 0.4177 0.6179 -0.6662
vn 0.9379 0.183 -0.2948
vn 0.3976 0.736 -0.5479
vn 0.6924 -0.1029 -0.7141
vn 0.6953 -0.1822 -0.6953
vn 0.6628 -0.0294 -0.7482
vn 0.6376 0.0788 -0.7663
vn 0.6363 -0.663 0.3943
vn 0.5977 -0.7306 0.3302
vn 0.3423 -0.8091 0.4777
vn 0.5099 -0.5909 0.6252
vn 0.111 -0.9431 0.3134
vn 0.1063 -0.1649 0.9806
vn 0.1768 -0.2923 0.9398
vn 0.1154 -0.0552 0.9918
vn 0.1251 0.0453 0.9911
vn 0.5115 0.5115 0.6904
vn 0.3676 0.3964 0.8413
vn 0.3621 0.3059 0.8805
vn 0.0072 -0.9962 0.0872
vn 0.0144 -0.9847 0.1739
vn 0.1196 -0.1581 0.9802
vn 0.139 -0.0648 0.9882
vn 0.4681 -0.0157 0.8835
vn 0.1426 0.0306 0.9893
vn 0.1118 0.0162 0.9936
vn 0.1118 -0.0162 0.9936
vn 0.151 -0.0234 0.9883
vn 0.1739 -0.0144 0.9847
vn 0.1034 0.0235 0.9944
vn 0.1429 0.6598 0.7377
vn 0.1727 -0.7007 0.6923
vn 0.363 0.4336 0.8248
vn 0.5406 0.5406 0.6447
vn 0.5205 0.6068 0.6007
vn 0.5965 0.5948 0.539
vn 0.3466 0.3408 0.8739
vn 0.1909 0.4159 0.8891
vn 0.6834 0 0.73
vn 0.6966 0.0146 0.7173
vn 0.3752 -0.1633 0.9125
vn 0.3708 0.1475 0.9169
vn 0.4121 0.1623 0.8966
vn 0.4351 -0.1646 0.8852
vn 0.3491 -0.3549 0.8673
vn 0.2592 -0.4045 0.877
vn 0.6172 0.583 0.5284
vn 0.7202 0.6665 0.1928
vn 0.7974 0.4577 0.3932
vn 0.7315 0.6543 0.1918
vn 0.9474 0.2913 0.1327
vn 0.7306 0.3302 0.5977
vn 0.9431 0.3134 0.111
vn 0.3384 0.9235 0.1806
vn 0.1649 0.9806 0.1063
vn 0.4792 0.8758 0.0569
vn 0.5225 0.6627 0.5366
vn 0.6506 0.7534 0.0954
vn 0.8446 0.5112 0.159
vn 0.6406 0.767 -0.0354
vn 0.6296 0.7744 -0.062
vn 0.6284 0.6912 -0.3569
vn 0.5626 0.6869 -0.46
vn 0.6202 0.77 -0.1501
vn 0.698 0.4104 -0.5869
vn 0.5765 0.6542 -0.4896
vn 0.6971 0.4285 -0.5749
vn 0.692 0.7002 -0.1758
vn 0.7024 0.7064 -0.087
vn 0.6929 0.7145 -0.0967
vn 0.7071 0.7071 -0
vn 0.6628 0.7482 -0.0294
vn 0.7046 0.7046 -0.0839
vn 0.631 0.7704 -0.0912
vn 0.594 0.6163 -0.5171
vn 0.3537 0.9144 -0.197
vn 0.4217 0.7934 -0.439
vn 0.2288 -0.01 -0.9734
vn 0.1688 0.0738 -0.9829
vn 0.0871 0.0231 -0.9959
vn 0.5406 0.6447 -0.5406
vn 0.4005 0.8017 -0.4437
vn 0.7046 0.0839 -0.7046
vn 0.6273 0.4616 -0.6273
vn 0.6063 0.447 -0.6577
vn 0.5517 0.5592 -0.6188
vn 0.1971 0.474 -0.8582
vn 0.7098 -0.0766 -0.7002
vn 0.6469 -0.4511 -0.6149
vn 0.616 -0.4354 -0.6565
vn 0.5527 -0.5481 -0.6277
vn 0.2117 0.7404 -0.6379
vn 0.36 0.6059 -0.7094
vn 0.6007 -0.5205 -0.6068
vn 0.5254 -0.367 -0.7676
vn 0.5817 -0.573 -0.5774
vn 0.3128 -0.8792 -0.3595
vn 0.5827 -0.5202 -0.6243
vn 0.5711 -0.5022 -0.6493
vn 0.2218 0.6843 -0.6947
vn 0.4298 0.424 -0.7972
vn 0.3935 0.8059 -0.4424
vn 0.2127 0.7858 -0.5808
vn 0.4397 0.6238 -0.6461
vn 0.5564 -0.5502 -0.6227
vn 0.4412 -0.6111 -0.6572
vn 0.6113 -0.4999 -0.6136
vn 0.4503 0.3854 -0.8054
vn 0.4848 0.26 -0.8351
vn 0.573 0.5174 -0.6356
vn 0.6929 -0.1618 -0.7026
vn 0.6109 -0.4354 -0.6613
vn 0.692 -0.1758 -0.7002
vn 0.6946 -0.1352 -0.7066
vn 0.2514 -0.8383 -0.4838
vn 0.3153 -0.6283 -0.7112
vn 0.4456 -0.6139 -0.6516
vn 0.5853 -0.4986 -0.6394
vn 0.5866 -0.5032 -0.6347
vn 0.6149 -0.4511 -0.6469
vn 0.4687 -0.2828 -0.8369
vn 0.4634 -0.093 -0.8813
vn 0.1891 0.0388 -0.9812
vn 0.4883 0.061 -0.8705
vn 0.6939 -0.2245 -0.6842
vn 0.9571 -0.024 -0.2887
vn 0.6848 0.5767 -0.4455
vn 0.2867 0.4525 -0.8444
vn 0.2854 0.8774 -0.3856
vn 0.5126 -0.5357 -0.671
vn 0.4949 -0.5773 -0.6495
vn 0.11 0 -0.9939
vn 0.132 0.0096 -0.9912
vn 0.5567 -0.0789 0.8269
vn 0.5696 0.0231 0.8216
vn 0.2854 0.8774 0.3856
vn 0.2571 0.4051 0.8774
vn 0.5019 -0.5443 0.6722
vn 0.2439 -0.5179 0.8199
vn 0.2854 -0.8774 0.3856
vn 0.11 0 0.9939
vn 0.0759 -0.0693 0.9947
vn 0.1032 -0.0366 0.994
vn 0.7918 0.0912 0.604
vn 0.6983 0.5965 0.3957
vn 0.6068 0.5205 0.6007
vn 0.8262 0.3579 0.4351
vn 0.1739 0.0144 0.9847
vn 0.9735 0.0313 0.2263
vn 0.9457 0.1199 0.3021
vn 0.9843 0.066 0.1638
vn 0.4806 0.0777 0.8735
vn 0.1905 0 0.9817
vn 0.9817 0 0.1905
vn 0.9936 0.0162 0.1118
vn 0.9735 -0.0313 0.2263
vn 0.9911 -0.0554 0.1212
vn 0.9458 -0.0543 0.3202
vn 0.8831 -0.1046 0.4573
vn 0.4871 -0.017 0.8732
vn 0.6222 -0.0582 0.7807
vn 0.6568 -0.0314 0.7534
vn 0.6661 -0.1074 0.7381
vn 0.464 -0.3435 0.8165
vn 0.6029 -0.4384 0.6666
vn 0.1122 0.1122 0.9873
vn 0.4306 0.423 0.7973
vn 0.573 0.5174 0.6356
vn 0.3685 0.4397 0.8191
vn 0.3569 0.3509 0.8657
vn 0.2357 -0.877 0.4186
vn 0.1947 -0.6978 0.6893
vn 0.2746 -0.3915 0.8783
vn 0.2819 0.2995 0.9115
vn 0.1581 0.1398 0.9775
vn 0.1837 0.796 0.5768
vn 0.4542 0.8118 0.367
vn 0.154 0.4823 0.8624
vn 0.6904 0.5115 0.5115
vn 0.9247 0.1638 0.3437
vn 0.9872 0.1024 0.122
vn 0.9935 0.0429 0.1055
vn 0.9933 -0.0736 0.0893
vn 0.9701 -0.0896 0.2254
vn 0.9858 -0.1467 0.0824
vn 0.1767 0.9233 0.341
vn 0.16 0.5497 0.8199
vn 0.1836 0.6856 0.7044
vn 0.176 0.9442 0.2783
vn 0.5557 -0.816 0.1593
vn 0.6893 -0.6679 0.2807
vn 0.8841 -0.3684 0.2875
vn 0.7257 -0.6674 0.1671
vn 0.251 -0.5349 0.8068
vn 0.3363 -0.8796 0.3363
vn 0.8097 -0.5237 0.2648
vn 0.5606 -0.6095 0.5606
vn 0.2807 -0.6679 0.6893
vn 0.1739 -0.8241 0.5392
vn 0.6149 0.6469 0.4511
vn 0.6963 0.7043 0.1384
vn 0.6921 0.7019 0.1682
vn 0.4661 0.7608 0.4516
vn 0.9806 0.1063 0.1649
vn 0.9826 0.0532 0.178
vn 0.9842 -0.068 0.1635
vn 0.9814 -0.1357 0.1357
vn 0.8776 -0.116 0.4652
vn 0.6967 0.0798 0.7129
vn 0.9459 0.1153 0.3033
vn 0.9641 -0.0486 0.261
vn 0.7382 -0.6398 0.2136
vn 0.6953 0.6953 0.1822
vn 0.6146 0.5967 0.516
vn 0.5917 0.6291 0.5041
vn 0.6375 0.7603 0.1245
vn 0.168 0.9735 0.155
vn 0.1669 0.986 -0.0033
vn 0.2096 0.3032 0.9296
vn 0.3234 0.7049 0.6313
vn 0.2655 0.471 0.8412
vn 0.1926 0.275 0.942
vn 0.1971 0.8582 -0.474
vn 0.2127 0.5808 -0.7858
vn 0.2619 0.4748 -0.8402
vn 0.3153 0.7112 -0.6283
vn 0.3026 0.7299 -0.6129
vn 0.9861 -0 -0.1659
vn 0.9806 0.1063 -0.1649
vn 0.9918 0.1154 -0.0552
vn 0.9949 0.0162 -0.0994
vn 0.9806 -0.1063 -0.1649
vn 0.9873 -0.1122 -0.1122
vn 0.6953 0.6953 -0.1822
vn 0.7042 0.7042 -0.0901
vn 0.5853 0.6394 -0.4986
vn 0.5866 0.6347 -0.5032
vn 0.9939 0.11 -0
vn 0.9925 0.1226 -0
vn 0.9987 0.0485 -0.0162
vn 0.9935 -0.1055 -0.0429
vn 0.9806 -0.1649 -0.1063
vn 0.8758 -0.4792 -0.0569
vn 0.9912 0.1197 -0.0571
vn 0.9954 -0.0957 -0
vn 0.7826 -0.6224 -0.0129
vn 0.9991 -0.016 -0.0392
vn 0.997 0.0552 -0.0552
vn 0.9987 0.0364 -0.0364
vn 0.9995 -0.0048 -0.032
vn 0.9959 -0.0871 -0.0231
vn 0.7024 0.7102 -0.047
vn 0.7002 0.7098 -0.0766
vn 0.9388 0.1803 -0.2935
vn 0.7072 0.5472 -0.4477
vn 0.7675 0.6196 -0.1645
vn 0.9849 0.1047 -0.1378
vn 0.9946 0.009 -0.1034
vn 0.9911 -0.1212 -0.0554
vn 0.7802 -0.6253 -0.0174
vn 0.9757 0.0595 -0.2108
vn 0.9826 -0.0904 -0.1624
vn 0.4703 0.8188 -0.3292
vn 0.4884 0.7727 -0.4054
vn 0.6277 0.5573 -0.5436
vn 0.777 0.0971 -0.622
vn 0.6577 0.447 -0.6063
vn 0.7906 -0.0448 -0.6107
vn 0.907 -0.2046 -0.3682
vn 0.7885 -0.4008 -0.4665
vn 0.8902 -0.409 -0.2006
vn 0.7413 -0.6613 -0.1146
vn 0.8644 0.3238 -0.3848
vn 0.6356 0.5174 -0.573
vn 0.632 0.4301 -0.6447
vn 0.7046 0.03 -0.7089
vn 0.5953 0.4467 -0.6679
vn 0.1904 0.5833 -0.7896
vn 0.4311 -0.0949 -0.8973
vn 0.9111 -0.1618 -0.379
vn 0.9015 0.1272 -0.4137
vn 0.8742 -0.2145 -0.4356
vn 0.8146 -0.3819 -0.4366
vn 0.4413 -0.2884 -0.8498
vn 0.6598 -0.5813 -0.4762
vn 0.8684 -0.3706 -0.3295
vn 0.7226 -0.6648 -0.1895
vn 0.2112 0.9544 -0.2112
vn 0.0665 -0.9956 -0.0665
vn 0.4134 0.8113 -0.4134
vn 0.8444 -0.3761 -0.3816
vn 0.6172 -0.583 -0.5284
vn 0.633 -0.5388 -0.5559
vn 0.7724 -0.4642 -0.4335
vn 0.567 0.5442 -0.6184
vn 0.5774 0.5774 -0.5774
vn 0.5482 0.5482 -0.6316
vn 0.4568 0.5984 -0.6583
vn 0.7491 -0.4701 -0.4668
vn 0.7019 0.1682 -0.6921
vn 0.6469 0.4511 -0.6149
vn 0.6188 0.4699 -0.6296
vn 0.6595 0.2036 -0.7236
vn 0.6953 0.1822 -0.6953
vn 0.6398 0.2136 -0.7382
vn 0.2097 0.8091 -0.549
vn 0.2237 0.5381 -0.8127
vn 0.1993 0.9542 -0.223
vn 0.1024 -0.9872 -0.122
vn 0.6969 -0.1693 -0.6969
vn 0.6273 -0.4616 -0.6273
vn 0.6227 -0.4616 -0.6318
vn 0.6969 0.1693 -0.6969
vn 0.634 0.3571 -0.686
vn 0.5728 0.4878 -0.6587
vn 0.6109 0.4354 -0.6613
vn 0.4354 0.6109 -0.6613
vn 0.7071 0 -0.7071
vn 0.6159 -0.4494 -0.6471
vn 0.6736 0.0193 -0.7389
vn 0.5813 0.4762 -0.6598
vn 0.5626 -0.46 -0.6869
vn 0.7599 -0.0403 -0.6488
vn 0.6971 -0.5749 -0.4285
vn 0.698 -0.5869 -0.4104
vn 0.4636 -0.0481 -0.8847
vn 0.6202 -0.1501 -0.77
vn 0.7546 0.0519 -0.6542
vn 0.297 0.6093 -0.7352
vn 0.9638 0 0.2666
vn 0.7071 0 0.7071
vn 0.725 0.1816 0.6643
vn 0.3128 0.8792 0.3595
vn 0.5603 0.6927 0.4541
vn 0.1122 -0.9873 0.1122
vn 0.0871 -0.0231 0.9959
vn 0.6171 -0.0744 0.7833
vn 0.5626 -0.46 0.6869
vn 0.6638 -0.4545 0.594
vn 0.7046 -0.0839 0.7046
vn 0.6971 -0.5749 0.4285
vn 0.5414 -0.5284 0.6539
vn 0.698 -0.5869 0.4104
vn 0.6202 -0.1501 0.77
vn 0.6963 -0.0122 0.7176
vn 0.6171 0.0744 0.7833
vn 0.6722 0.0643 0.7376
vn 0.5626 0.46 0.6869
vn 0.6311 0.3513 0.6916
vn 0.5114 0.5244 0.6807
vn 0.698 0.5869 0.4104
vn 0.5911 0.4871 0.6429
vn 0.3361 0.1721 0.926
vn 0.6202 0.1501 0.77
vn 0.8799 -0.4703 0.0682
vn 0.9932 -0.0821 0.0821
vn 0.415 -0.8198 0.3946
vn 0.2965 -0.9462 0.1294
vn 0.2112 -0.9544 0.2112
vn 0.4568 -0.3346 0.8242
vn 0.1744 -0.5518 0.8155
vn 0.2112 -0.2112 0.9544
vn 0.2725 -0.1064 0.9563
vn 0.8658 0 0.5003
vn 0.8736 -0.0517 0.484
vn 0.9954 0 0.0957
vn 0.4629 0.0548 0.8847
vn 0.4637 -0.1536 0.8726
vn 0.5871 -0.0814 0.8054
vn 0.7448 0.0183 0.6671
vn 0.9842 0.068 0.1635
vn 0.9932 0.0821 0.0821
vn 0.4638 0.2544 0.8486
vn 0.296 0.0313 0.9547
vn 0.1992 0.0994 0.9749
vn 0.9814 0.1357 0.1357
vn 0.8799 0.4703 0.0682
vn 0.1944 0.9411 0.2768
vn 0.2112 0.9544 0.2112
vn 0.2965 0.9462 0.1294
vn 0.1165 0.1796 0.9768
vn 0.1357 0.1357 0.9814
vn 0.097 -0.994 0.0501
vn 0.6356 0.573 0.5174
vn 0.6916 0.5735 0.439
vn 0.7236 0.6595 0.2036
vn 0.801 0.4184 0.4282
vn 0.6512 0.4949 0.5753
vn 0.2001 -0.9642 0.1741
vn 0.168 -0.9735 0.155
vn 0.1349 -0.9753 0.1747
vn 0.1534 -0.9735 0.1697
vn 0.8006 -0.0798 0.5939
vn 0.1772 -0.065 0.982
vn 0.2225 -0.0793 0.9717
vn 0.8358 -0.1198 0.5358
vn 0.9851 -0.0133 0.1712
vn 0.9927 -0.0067 0.1203
vn 0.5501 -0.3745 0.7464
vn 0.6595 0.2036 0.7236
vn 0.6774 0.1448 0.7212
vn 0.6769 0.1764 0.7146
vn 0.6398 0.2136 0.7382
vn 0.6757 0.2078 0.7073
vn 0.1604 0.8113 0.5622
vn 0.1754 0.9532 0.2464
vn 0.1828 0.9452 0.2704
vn 0.1739 0.5392 0.8241
vn 0.7655 -0.6325 0.1181
vn 0.9909 -0.092 0.0985
vn 0.4406 -0.8727 0.2104
vn 0.7515 -0.6495 0.1156
vn 0.9909 0.092 0.0985
vn 0.7655 0.6325 0.1181
vn 0.4554 0.8681 0.1977
vn 0.7515 0.6495 0.1156
vn 0.0556 -0.9982 0.0234
vn 0.7382 0.6398 0.2136
vn 0.8155 0.1744 0.5518
vn 0.6252 0.5099 0.5909
vn 0.696 0.1837 0.6941
vn 0.4689 0.3047 0.829
vn 0.3363 0.8796 0.3363
vn 0.3943 0.6363 0.663
vn 0.6258 0.4493 0.6376
vn 0.7923 0.4153 0.447
vn 0.1357 -0.9814 0.1357
vn 0.1165 -0.9768 0.1796
vn 0.9976 0 0.069
vn 0.1864 0.941 0.2823
vn 0.7517 -0.6254 0.2095
vn 0.9767 -0.0874 0.196
vn 0.9767 0.0874 0.196
vn 0.7517 0.6254 0.2095
vn 0.178 0.0532 0.9826
vn 0.1649 0.1063 0.9806
vn 0.4584 0.1173 0.881
vn 0.2022 0.0423 0.9784
vn 0.1635 -0.068 0.9842
vn 0.1734 -0.0843 0.9812
vn 0.155 -0.168 0.9735
vn 0.1515 0.0148 0.9884
vn 0.1615 0.1615 0.9736
vn 0.1794 0.0302 0.9833
vn 0.1649 -0.1063 0.9806
vn 0.2037 -0.1001 0.9739
vn 0.1989 0.2538 0.9466
vn 0.2112 0.2112 0.9544
vn 0.2155 0.1734 0.961
vn 0.1993 0.223 0.9542
vn 0.921 0.352 0.1668
vn 0.9341 0.357 0
vn 0.1357 0.9814 0.1357
vn 0.137 0.9906 0
vn 0.1754 0.2464 0.9532
vn 0.1701 0 -0.9854
vn 0.168 0.155 -0.9735
vn 0.137 -0 -0.9906
vn 0.168 -0.155 -0.9735
vn 0.1993 0.223 -0.9542
vn 0.2155 0.1734 -0.961
vn 0.2112 0.2112 -0.9544
vn 0.1948 0.2587 -0.9461
vn 0.921 0.352 -0.1668
vn 0.1615 0.9736 -0.1615
vn 0.1357 0.9814 -0.1357
vn 0.1754 0.2464 -0.9532
vn 0.1864 0.2823 -0.941
vn 0.0556 -0.9982 -0.0234
vn 0.2078 0.6757 -0.7073
vn 0.1668 0.921 -0.352
vn 0.1999 0.7549 -0.6246
vn 0.1999 0.6652 -0.7194
vn 0.1989 0.2538 -0.9466
vn 0.2096 0.3032 -0.9296
vn 0.1668 -0.921 -0.352
vn 0.1822 -0.6953 -0.6953
vn 0.1714 -0.7035 -0.6897
vn 0.1999 -0.7549 -0.6246
vn 0.1645 -0.7338 -0.6592
vn 0.2136 -0.7382 -0.6398
vn 0.9842 0.068 -0.1635
vn 0.9814 0.1357 -0.1357
vn 0.9842 0.1635 -0.068
vn 0.9932 0.0821 -0.0821
vn 0.9767 0.0874 -0.196
vn 0.9909 0.092 -0.0985
vn 0.7517 0.6254 -0.2095
vn 0.7764 0.6215 -0.1043
vn 0.0872 -0.9962 -0.0072
vn 0.6967 0.7129 -0.0798
vn 0.7185 0.6778 -0.1562
vn 0.7346 0.674 -0.0775
vn 0.8805 0.4723 -0.0392
vn 0.2865 0.9577 -0.0259
vn 0.8062 0.5893 -0.0523
vn 0.2965 -0.9462 -0.1294
vn 0.2275 -0.9535 -0.1979
vn 0.9959 -0.0231 -0.0871
vn 0.9898 -0.1021 -0.0992
vn 0.9947 -0.0693 -0.0759
vn 0.9815 0.0498 -0.1849
vn 0.889 0.4552 -0.0503
vn 0.9888 0.095 -0.1147
vn 0.972 -0.0366 -0.2323
vn 0.9867 0.0257 -0.1607
vn 0.1977 -0.0811 -0.9769
vn 0.2324 -0 -0.9726
vn 0.2323 0.0366 -0.972
vn 0.1849 -0.0498 -0.9815
vn 0.1615 -0.1615 -0.9736
vn 0.8732 0.4871 -0.017
vn 0.9954 0.0957 -0
vn 0.7919 0.6106 -0
vn 0.0957 -0.9954 -0
vn 0.737 0.6758 -0.0123
vn 0.8823 0.4683 -0.0475
vn 0.9677 0.2493 -0.0387
vn 0.9615 0.2745 -0.0154
vn 0.3148 0.9492 -0
vn 0.3856 0.2854 0.8774
vn 0.3856 0.2854 -0.8774
vn 0.6687 0.6179 -0.4135
vn 0.784 0.2584 -0.5645
vn 0.7735 -0.6243 -0.1092
vn 0.784 -0.6184 -0.0541
vn 0.9847 -0.1662 -0.0526
vn 0.7479 -0.6552 -0.1065
vn 0.4723 -0.8562 -0.2095
vn 0.9174 -0.3939 -0.0574
vn 0.8029 -0.5958 -0.0182
vn 0.785 0.6135 -0.0864
vn 0.7802 0.6253 -0.0174
vn 0.9822 0.1767 -0.0643
vn 0.9872 0.1265 -0.0971
vn 0.3784 0.9146 -0.1428
vn 0.3642 0.9182 -0.1558
vn 0.6499 0.7458 -0.1466
vn 0.0871 -0.9959 -0.0231
vn 0.2169 -0.9725 -0.0851
vn 0.1688 -0.9829 -0.0738
vn 0.7807 0.6222 -0.0582
vn 0.9962 0.0872 -0.0072
vn 0.7826 0.6224 -0.0129
vn 0.8484 0.4691 -0.2453
vn 0.7127 0.699 -0.0595
vn 0.7007 0.7025 -0.1246
vn 0.7726 0.5555 -0.3073
vn 0.7919 -0.6106 -0
vn 0.9817 -0.1905 -0
vn 0.7413 0.6613 -0.1146
vn 0.8265 0.4363 -0.3557
vn 0.7875 0.6006 -0.1384
vn 0.6636 0.5421 -0.5155
vn 0.7843 0.3989 -0.475
vn 0.5662 -0.8188 -0.0951
vn 0.7166 -0.6974 -0.0135
vn 0.7431 -0.6572 -0.126
vn 0.3148 -0.9492 -0
vn 0.7239 -0.6826 -0.1001
vn 0.3363 -0.3363 0.8796
vn 0.5763 -0.5903 -0.5652
vn 0.3595 -0.3128 -0.8792
vn 0.8394 -0.2212 -0.4964
vn 0.9472 0.2951 -0.1253
vn 0.9938 0.0788 -0.0788
vn 0.9933 0.0893 -0.0736
vn 0.8799 0.4703 -0.0682
vn 0.4706 0.8693 -0.1515
vn 0.757 0.645 -0.1044
vn 0.1055 -0.9935 -0.0429
vn 0.6558 0.6208 -0.4296
vn 0.7869 -0.6114 -0.0831
vn 0.9809 -0.1766 -0.081
vn 0.777 -0.622 -0.0971
vn 0.633 0.5388 -0.5559
vn 0.6172 0.583 -0.5284
vn 0.6088 0.6108 -0.5062
vn 0.9935 0.0437 -0.1052
vn 0.789 -0.4975 -0.3606
vn 0.772 -0.6116 -0.1732
vn 0.989 -0.0143 -0.1473
vn 0.7111 -0.6277 -0.3166
vn 0.8697 0.2987 -0.393
vn 0.9208 0.1081 -0.3747
vn 0.8855 0.1104 -0.4513
vn 0.7804 0.1326 -0.6111
vn 0.3134 0.9431 -0.111
vn 0.2464 0.9532 -0.1754
vn 0.352 0.1668 -0.921
vn 0.3724 0.1483 -0.9162
vn 0.223 0.9542 -0.1993
vn 0.122 -0.9872 -0.1024
vn 0.7069 -0.5001 -0.5001
vn 0.7651 -0.1815 -0.6178
vn 0.664 -0.6007 -0.4453
vn 0.7761 -0.6078 -0.1681
vn 0.7761 -0.1681 -0.6078
vn 0.6616 -0.4236 -0.6187
vn 0.6587 -0.4878 -0.5728
vn 0.686 -0.3571 -0.634
vn 0.7026 0.1618 -0.6929
vn 0.6318 0.4616 -0.6227
vn 0.8836 -0.0704 -0.463
vn 0.6542 -0.0519 -0.7546
vn 0.8847 0.0481 -0.4636
vn 0.77 0.1501 -0.6202
vn 0.701 0.4591 -0.5458
vn 0.4104 0.5869 -0.698
vn 0.6869 0.46 -0.5626
vn 0.6488 0.0403 -0.7599
vn 0.1357 -0.9814 -0.1357
vn 0.9928 -0.0072 0.1198
vn 0.3642 0.9182 0.1558
vn 0.3581 0.9196 0.1613
vn 0.1612 -0.9846 0.0676
vn 0.1649 -0.9806 0.1063
vn 0.5977 0.1176 0.793
vn 0.2666 0 0.9638
vn 0.2575 0.943 0.2106
vn 0.3032 0.9296 0.2096
vn 0.2418 0.9397 0.2418
vn 0.1503 -0.9705 0.1883
vn 0.7869 -0.0831 0.6114
vn 0.7069 -0.5001 0.5001
vn 0.8678 -0.4614 0.1847
vn 0.9806 -0.0777 0.1798
vn 0.5973 -0.7313 0.3293
vn 0.3581 -0.9196 0.1613
vn 0.764 -0.6169 0.189
vn 0.7761 -0.6078 0.1681
vn 0.6876 -0.3118 0.6558
vn 0.7761 -0.1681 0.6078
vn 0.784 -0.0541 0.6184
vn 0.9847 -0.0526 0.1662
vn 0.7735 -0.1092 0.6243
vn 0.988 -0.0576 0.1436
vn 0.4845 -0.0126 0.8747
vn 0.2523 0.9342 0.2523
vn 0.2832 0.9087 0.3066
vn 0.1467 0.959 0.2424
vn 0.2402 0.0341 0.9701
vn 0.1688 0.0738 0.9829
vn 0.9853 -0.0143 0.1702
vn 0.352 0.921 0.1668
vn 0.0838 -0.993 0.0838
vn 0.2106 0.943 0.2575
vn 0.2426 -0.9585 0.1495
vn 0.352 -0.921 0.1668
vn 0.6284 -0.7529 0.1955
vn 0.9877 -0.0323 0.1531
vn 0.9912 -0.0134 0.1313
vn 0.9884 0.0376 0.1469
vn 0.1954 0.1516 0.9689
vn 0.436 0.3894 0.8113
vn 0.5375 0.5649 0.6261
vn 0.5232 0.4315 0.7349
vn 0.5859 0.5599 0.5859
vn 0.5902 0.569 0.5726
vn 0.2127 0.7858 0.5808
vn 0.2359 0.8436 0.4823
vn 0.4661 0.6235 0.6277
vn 0.5673 0.5204 0.6383
vn 0.5497 0.16 0.8199
vn 0.2464 0.1754 0.9532
vn 0.2237 0.0989 0.9696
vn 0.2628 0.1573 0.952
vn 0.8589 0.0974 0.5028
vn 0.6826 0.4893 0.5427
vn 0.7658 0.6373 0.0859
vn 0.992 0.1183 0.0435
vn 0.4898 0.1804 0.853
vn 0.7383 0.0933 0.668
vn 0.9999 0 0.0169
vn 0.2953 0.0733 0.9526
vn 0.2263 0.0313 0.9735
vn 0.9779 -0.1006 0.1832
vn 0.9915 -0.1248 0.0369
vn 0.1832 -0.1006 0.9779
vn 0.7603 -0.6375 0.1245
vn 0.7667 -0.6404 0.044
vn 0.1741 -0.2001 0.9642
vn 0.0871 0.0231 0.9959
vn 0.1568 0.0466 0.9865
vn 0.1794 -0.0013 0.9838
vn 0.9804 0.0066 0.1968
vn 0.7384 0.4978 0.4549
vn 0.777 0.622 0.0971
vn 0.9951 0.0033 0.099
vn 0.1971 0.474 0.8582
vn 0.4682 0.502 0.7272
vn 0.2072 0.0456 0.9772
vn 0.7764 -0.6215 0.1043
vn 0.207 -0.0485 0.9771
vn 0.1925 -0.0509 0.98
vn 0.207 0.0485 0.9771
vn 0.1925 0.0509 0.98
vn 0.2001 0.1384 0.97
vn 0.7411 0.6604 -0.1215
vn 0.9691 0.1998 -0.1445
vn 0.9876 0 -0.1572
vn 0.2032 0 -0.9791
vn 0.2095 0.6254 -0.7517
vn 0.1925 0.6186 -0.7617
vn 0.968 -0.2127 -0.1335
vn 0.2095 -0.6254 -0.7517
vn 0.1925 -0.6186 -0.7617
vn 0.741 -0.667 -0.0783
vn 0.7955 0.6019 -0.0699
vn 0.9994 -0.0261 -0.0223
vn 0.1798 0.0777 -0.9806
vn 0.1635 0.068 -0.9842
vn 0.1925 0.0509 -0.98
vn 0.207 0.0485 -0.9771
vn 0.2001 0.1384 -0.97
vn 0.0838 -0.993 -0.0838
vn 0.2121 0.111 -0.9709
vn 0.8727 0.4339 -0.2238
vn 0.7073 0.6757 -0.2078
vn 0.6313 0.7049 -0.3234
vn 0.5309 0.5726 -0.6248
vn 0.516 0.5967 -0.6146
vn 0.1918 0.6543 -0.7315
vn 0.87 -0.4442 -0.2141
vn 0.6231 -0.7214 -0.3022
vn 0.5557 -0.816 -0.1593
vn 0.4861 -0.6593 -0.5736
vn 0.5287 -0.5885 -0.6117
vn 0.155 -0.8344 -0.529
vn 0.1606 -0.7116 -0.684
vn 0.1794 -0.0013 -0.9838
vn 0.1568 0.0466 -0.9865
vn 0.2136 0.0509 -0.9756
vn 0.2037 0.1001 -0.9739
vn 0.1649 0.1063 -0.9806
vn 0.1992 0.035 -0.9793
vn 0.2323 -0.0366 -0.972
vn 0.8976 0.4396 -0.0327
vn 0.9883 -0.0825 -0.1282
vn 0.1992 0.9749 -0.0994
vn 0.168 0.9735 -0.155
vn 0.191 0.9742 -0.1199
vn 0.9853 -0.0143 -0.1702
vn 0.9963 -0.0072 -0.0854
vn 0.352 0.921 -0.1668
vn 0.3946 0.915 -0.0838
vn 0.1739 -0.9847 -0.0144
vn 0.1481 -0.9511 -0.2709
vn 0.2208 -0.8841 -0.4117
vn 0.1198 -0.0072 -0.9928
vn 0.1702 -0.0143 -0.9853
vn 0.9767 -0.0874 -0.196
vn 0.7517 -0.6254 -0.2095
vn 0.7764 -0.6215 -0.1043
vn 0.9909 -0.092 -0.0985
vn 0.352 -0.921 -0.1668
vn 0.3946 -0.915 -0.0838
vn 0.9817 0 -0.1905
vn 0.9954 0 -0.0957
vn 0.6586 0.7499 -0.0622
vn 0.9712 -0.1122 -0.2103
vn 0.3363 -0.8796 -0.3363
vn 0.2103 -0.1122 -0.9712
vn 0.8856 -0.4227 -0.1925
vn 0.228 -0.094 -0.9691
vn 0.3202 0.9458 -0.0543
vn 0.2692 0.9604 -0.0718
vn 1 0 -0
vn 0.4338 0.901 -0
vn 0.1905 -0.9817 -0
vn 0.6733 -0.7341 -0.0876
vn 0.9871 0 -0.1604
vn 0.9802 -0.094 -0.1745
vn 0.9934 0 -0.1148
vn 0.7534 0.6568 -0.0314
vn 0.3854 0.9186 -0.0878
vn 0.4479 -0.8907 -0.0776
vn 0.28 -0.953 -0.1155
vn 0.3071 -0.9413 -0.1402
vn 0.406 0.9136 -0.0229
vn 0.9967 -0.0796 -0.0163
vn 0.9982 0.0234 -0.0556
vn 0.7869 0.6114 -0.0831
vn 0.9976 0 -0.069
vn 0.8871 0.4488 -0.1075
vn 0.3925 0.9106 -0.1297
vn 0.59 -0.7298 -0.3453
vn 0.311 -0.9444 -0.107
vn 0.2887 -0.024 -0.9571
vn 0.328 -0.1704 -0.9292
vn 0.9994 0 -0.0345
vn 0.178 -0.9826 -0.0532
vn 0.995 -0.0392 -0.0923
vn 0.9894 0.0667 -0.1291
vn 0.9288 0.0912 -0.3591
vn 0.7825 0.1292 -0.6092
vn 0.8165 0.3435 -0.464
vn 0.7069 0.5001 -0.5001
vn 0.664 0.6007 -0.4453
vn 0.7761 0.6078 -0.1681
vn 0.7761 0.1681 -0.6078
vn 0.6616 0.4236 -0.6187
vn 0.1649 -0.9806 -0.1063
vn 0.2666 0 -0.9638
vn 0.7352 -0.6093 -0.297
vn 0.4285 0.5749 -0.6971
vn 0.997 -0.0552 0.0552
vn 0.9946 0.0405 0.096
vn 0.0394 0.9725 0.2296
vn 0.2865 -0.9577 0.0259
vn 0.1559 -0.1154 -0.981
vn 0.9959 -0.0231 0.0871
vn 0.9947 -0.0693 0.0759
vn 0.9899 -0.0942 0.1058
vn 0.2096 0.9296 0.3032
vn 0.3134 -0.9431 0.111
vn 0.2464 -0.9532 0.1754
vn 0.8742 0.4554 0.1683
vn 0.9113 0.2125 0.3528
vn 0.2365 0.6146 0.7525
vn 0.7819 0.446 0.4355
vn 0.1475 -0.978 0.1475
vn 0.2832 0.3833 0.8791
vn 0.0767 0.1938 0.978
vn 0.0893 -0.9933 0.0736
vn 0.0824 -0.9858 0.1467
vn 0.2072 -0.0927 0.9739
vn 0.1476 -0.058 0.9874
vn 0.1703 0.0321 0.9849
vn 0.7042 0.7042 0.0901
vn 0.8936 -0.4481 0.0239
vn 0.9854 -0.1605 0.0575
vn 0.4764 -0.8617 0.1748
vn 0.6644 -0.7472 0.0169
vn 0.7657 -0.614 0.1914
vn 0.7827 -0.6152 0.0947
vn 0.2256 0.07 0.9717
vn 0.2053 -0.0446 0.9777
vn 0.2115 -0.0183 0.9772
vn 0.2115 -0 0.9774
vn 0.2323 -0.0366 0.972
vn 0.2324 -0 0.9726
vn 0.8443 0.383 0.3748
vn 0.7832 0.6154 0.0884
vn 0.9823 0.1757 0.0656
vn 0.77 0.6202 0.1501
vn 0.9066 0.3699 0.2032
vn 0.7833 0.6171 0.0744
vn 0.6459 0.6212 0.4438
vn 0.6869 0.5626 0.46
vn 0.782 0.4373 0.4441
vn 0.4104 0.698 0.5869
vn 0.9016 -0.4317 0.0267
vn 0.9981 -0.0563 0.0265
vn 0.3946 -0.915 0.0838
vn 0.178 -0.0532 0.9826
vn 0.9999 0.0073 0.0085
vn 0.9976 0.069 -0
vn 0.9906 0.137 -0
vn 0.357 0.9341 -0
vn 0.0893 -0.9933 -0.0736
vn 0.7936 -0.6076 0.0314
vn 0.7936 -0.6076 -0.0314
vn 0.9854 -0.1605 -0.0575
vn 0.7827 -0.6152 -0.0947
vn 0.9812 0.1734 -0.0843
vn 0.8274 -0.5612 -0.0228
vn 0.9962 -0.0362 -0.079
vn 0.6959 -0.7178 -0.0241
vn 0.7975 -0.5994 0.0688
vn 0.9847 0.0144 -0.1739
vn 0.196 0.0874 -0.9767
vn 0.2001 0.1741 -0.9642
vn 0.178 0.0532 -0.9826
vn 0.0824 -0.9858 -0.1467
vn 0.1703 0.0321 -0.9849
vn 0.1476 -0.058 -0.9874
vn 0.2072 -0.0927 -0.9739
vn 0.8936 -0.4481 -0.0239
vn 0.9899 -0.0942 -0.1058
vn 0.4406 -0.8727 -0.2104
vn 0.6644 -0.7472 -0.0169
vn 0.7657 -0.614 -0.1914
vn 0.2053 -0.0446 -0.9777
vn 0.2256 0.07 -0.9717
vn 0.1925 -0.0509 -0.98
vn 0.207 -0.0485 -0.9771
vn 0.1905 0 -0.9817
vn 0.9735 0.155 -0.168
vn 0.2278 0.0668 -0.9714
vn 0.6619 0.7474 -0.0579
vn 0.9969 -0.0685 -0.0395
vn 0.9991 -0.0107 -0.0418
vn 0.2001 0.9642 -0.1741
vn 0.1827 0.9731 -0.1403
vn 0.4005 -0.913 -0.0782
vn 0.4023 -0.8283 -0.3899
vn 0.2112 -0.9544 -0.2112
vn 0.1649 0.9806 -0.1063
vn 0.5973 -0.7823 -0.1768
vn 0.3642 -0.9182 -0.1558
vn 0.9994 0 0.0345
vn 0.3946 0.915 0.0838
vn 0.1635 -0.9842 0.068
vn 0.889 -0.4552 0.0503
vn 0.6586 -0.7499 0.0622
vn 0.2115 0.0183 0.9772
vn 0.7761 0.6078 0.1681
vn 0.7869 0.6114 0.0831
vn 0.2323 0.0366 0.972
vn 0.1635 -0.9842 -0.068
vn 0.785 -0.6135 0.0864
vn 0.785 -0.6135 -0.0864
vn 0.9932 -0.0821 -0.0821
vn 0.0871 -0.0231 -0.9959
vn 0.889 -0.4552 -0.0503
vn 0.9814 -0.1357 -0.1357
vn 0.9842 -0.068 -0.1635
vn 0.6586 -0.7499 -0.0622
vn 0.178 -0.0532 -0.9826
vn 0.1649 -0.1063 -0.9806

# faces
f 1/1/1 2/1/1 3/1/2
f 1/1/1 3/1/2 4/1/2
f 4/1/4 5/1/5 6/1/6
f 4/1/4 6/1/6 1/1/3
f 3/1/7 2/1/8 7/1/9
f 3/1/7 7/1/9 8/1/10
f 4/1/11 3/1/11 8/1/12
f 4/1/11 8/1/12 5/1/13
f 9/1/14 10/1/15 11/1/16
f 9/1/14 11/1/16 12/1/17
f 11/1/18 10/1/19 13/1/20
f 11/1/18 13/1/20 14/1/21
f 11/1/23 14/1/24 15/1/25
f 11/1/23 15/1/25 12/1/22
f 16/1/26 9/1/14 12/1/17
f 16/1/26 12/1/17 17/1/27
f 12/1/28 15/1/29 18/1/30
f 12/1/28 18/1/30 17/1/27
f 19/1/31 16/1/26 17/1/27
f 19/1/31 17/1/27 20/1/32
f 20/1/33 17/1/27 18/1/30
f 20/1/33 18/1/30 21/1/34
f 19/1/31 20/1/32 23/1/36
f 19/1/31 23/1/36 22/1/35
f 23/1/4 24/1/38 25/1/39
f 23/1/4 25/1/39 22/1/37
f 23/1/40 20/1/41 21/1/42
f 23/1/40 21/1/42 24/1/42
f 26/2/43 27/2/43 2/2/1
f 26/2/43 2/2/1 1/2/1
f 26/2/44 1/2/3 6/2/6
f 26/2/44 6/2/6 28/2/45
f 2/2/8 27/2/46 29/2/47
f 2/2/8 29/2/47 7/2/9
f 30/3/48 31/3/49 10/3/50
f 30/3/48 10/3/50 9/3/14
f 10/3/50 31/3/49 32/3/51
f 10/3/50 32/3/51 13/3/20
f 33/1/52 30/1/48 9/1/14
f 33/1/52 9/1/14 16/1/26
f 34/1/53 33/1/52 16/1/26
f 34/1/53 16/1/26 19/1/31
f 35/3/54 34/3/53 19/3/31
f 35/3/54 19/3/31 22/3/55
f 35/3/54 22/3/55 25/3/39
f 35/3/54 25/3/39 36/3/56
f 37/1/57 38/1/57 27/1/43
f 37/1/57 27/1/43 26/1/43
f 37/1/58 26/1/44 28/1/45
f 37/1/58 28/1/45 39/1/59
f 38/1/60 40/1/61 29/1/47
f 38/1/60 29/1/47 27/1/46
f 40/1/63 38/1/64 37/1/64
f 40/1/63 37/1/64 39/1/62
f 42/1/66 31/1/67 30/1/48
f 42/1/66 30/1/48 41/1/65
f 42/1/69 43/1/70 32/1/51
f 42/1/69 32/1/51 31/1/68
f 44/1/71 43/1/72 42/1/73
f 44/1/71 42/1/73 41/1/74
f 45/1/75 41/1/65 30/1/48
f 45/1/75 30/1/48 33/1/52
f 46/1/76 44/1/71 41/1/74
f 46/1/76 41/1/74 45/1/76
f 47/1/77 45/1/75 33/1/52
f 47/1/77 33/1/52 34/1/53
f 48/1/78 46/1/76 45/1/76
f 48/1/78 45/1/76 47/1/79
f 49/3/80 47/3/77 34/3/53
f 49/3/80 34/3/53 35/3/81
f 49/3/58 35/3/82 36/3/56
f 49/3/58 36/3/56 50/3/83
f 48/3/78 47/3/79 49/3/85
f 48/3/78 49/3/85 50/3/84
f 51/1/86 52/1/87 53/1/88
f 51/1/86 53/1/88 54/1/89
f 53/1/90 52/1/91 55/1/91
f 53/1/90 55/1/91 56/1/92
f 53/1/94 56/1/95 57/1/96
f 53/1/94 57/1/96 54/1/93
f 58/1/97 51/1/86 54/1/89
f 58/1/97 54/1/89 59/1/97
f 58/1/98 59/1/98 60/1/99
f 58/1/98 60/1/99 61/1/99
f 59/1/100 54/1/93 57/1/96
f 59/1/100 57/1/96 60/1/101
f 62/1/102 51/1/102 58/1/102
f 62/1/102 58/1/102 61/1/102
f 64/1/104 65/1/105 66/1/105
f 64/1/104 66/1/105 63/1/103
f 66/1/106 67/1/107 68/1/107
f 66/1/106 68/1/107 63/1/106
f 65/1/108 64/1/109 69/1/110
f 65/1/108 69/1/110 70/1/111
f 66/1/112 65/1/112 70/1/113
f 66/1/112 70/1/113 67/1/112
f 18/1/30 15/1/25 71/1/91
f 18/1/30 71/1/91 52/1/114
f 71/1/91 15/1/115 72/1/116
f 71/1/91 72/1/116 73/1/117
f 71/1/91 73/1/117 55/1/91
f 71/1/91 55/1/91 52/1/118
f 21/1/119 18/1/30 52/1/120
f 21/1/119 52/1/120 51/1/86
f 51/1/121 62/1/121 74/1/121
f 51/1/121 74/1/121 21/1/121
f 8/1/10 7/1/9 75/1/122
f 8/1/10 75/1/122 76/1/123
f 5/1/13 8/1/12 76/1/124
f 5/1/13 76/1/124 77/1/125
f 6/1/6 5/1/5 79/1/5
f 6/1/6 79/1/5 78/1/6
f 79/1/5 80/1/38 81/1/126
f 79/1/5 81/1/126 78/1/6
f 79/1/127 5/1/13 77/1/125
f 79/1/127 77/1/125 80/1/128
f 83/1/130 64/1/131 63/1/103
f 83/1/130 63/1/103 82/1/129
f 64/1/132 83/1/130 84/1/133
f 64/1/132 84/1/133 69/1/110
f 82/1/129 63/1/103 14/1/21
f 82/1/129 14/1/21 13/1/20
f 63/1/134 68/1/135 85/1/136
f 63/1/134 85/1/136 14/1/24
f 14/1/24 85/1/136 72/1/137
f 14/1/24 72/1/137 15/1/25
f 24/4/42 21/4/42 74/4/40
f 24/4/42 74/4/40 86/4/138
f 25/1/39 24/1/140 88/1/141
f 25/1/39 88/1/141 87/1/139
f 88/1/141 24/1/142 86/1/138
f 88/1/141 86/1/138 89/1/143
f 87/1/139 88/1/141 91/1/145
f 87/1/139 91/1/145 90/1/144
f 91/1/146 92/1/147 93/1/148
f 91/1/146 93/1/148 90/1/144
f 91/1/149 88/1/141 89/1/143
f 91/1/149 89/1/143 92/1/150
f 7/2/9 29/2/47 94/2/151
f 7/2/9 94/2/151 75/2/122
f 95/2/45 28/2/45 6/2/6
f 95/2/45 6/2/6 78/2/6
f 95/2/45 78/2/6 81/2/126
f 95/2/45 81/2/126 96/2/152
f 97/5/153 98/5/154 83/5/130
f 97/5/153 83/5/130 82/5/129
f 83/5/130 98/5/154 99/5/155
f 83/5/130 99/5/155 84/5/133
f 32/1/51 97/1/153 82/1/129
f 32/1/51 82/1/129 13/1/20
f 100/1/156 36/1/56 25/1/39
f 100/1/156 25/1/39 87/1/139
f 101/1/157 100/1/156 87/1/139
f 101/1/157 87/1/139 90/1/144
f 101/1/157 90/1/144 93/1/148
f 101/1/157 93/1/148 102/1/158
f 40/1/61 103/1/159 94/1/151
f 40/1/61 94/1/151 29/1/47
f 103/1/161 40/1/63 39/1/62
f 103/1/161 39/1/62 104/1/160
f 105/1/59 39/1/59 28/1/45
f 105/1/59 28/1/45 95/1/45
f 105/1/59 95/1/45 96/1/152
f 105/1/59 96/1/152 106/1/162
f 104/1/160 39/1/62 105/1/164
f 104/1/160 105/1/164 106/1/163
f 107/6/165 108/6/166 98/6/167
f 107/6/165 98/6/167 97/6/153
f 108/6/169 109/6/170 99/6/155
f 108/6/169 99/6/155 98/6/168
f 43/2/70 107/2/165 97/2/153
f 43/2/70 97/2/153 32/2/51
f 111/2/172 107/2/172 43/2/72
f 111/2/172 43/2/72 110/2/171
f 110/1/171 43/1/72 44/1/71
f 110/1/171 44/1/71 112/1/173
f 113/1/76 112/1/173 44/1/71
f 113/1/76 44/1/71 46/1/76
f 114/1/174 113/1/76 46/1/76
f 114/1/174 46/1/76 48/1/78
f 114/3/174 48/3/78 50/3/84
f 114/3/174 50/3/84 115/3/84
f 116/1/175 50/1/83 36/1/56
f 116/1/175 36/1/56 100/1/156
f 115/1/84 50/1/84 116/1/177
f 115/1/84 116/1/177 117/1/176
f 118/7/178 116/7/175 100/7/156
f 118/7/178 100/7/156 101/7/157
f 118/7/178 101/7/157 102/7/158
f 118/7/178 102/7/158 119/7/179
f 117/7/176 116/7/177 118/7/181
f 117/7/176 118/7/181 119/7/180
f 121/1/183 108/1/166 107/1/165
f 121/1/183 107/1/165 120/1/182
f 120/1/184 107/1/184 111/1/184
f 120/1/184 111/1/184 122/1/184
f 121/1/185 123/1/186 109/1/187
f 121/1/185 109/1/187 108/1/169
f 122/1/188 123/1/189 121/1/190
f 122/1/188 121/1/190 120/1/190
f 125/1/191 120/1/182 126/1/191
f 125/1/191 126/1/191 124/1/191
f 124/1/192 126/1/192 127/1/192
f 124/1/192 127/1/192 128/1/192
f 125/1/193 129/1/194 122/1/194
f 125/1/193 122/1/194 120/1/193
f 126/1/195 120/1/195 122/1/195
f 126/1/195 122/1/195 127/1/195
f 129/1/196 125/1/197 124/1/197
f 129/1/196 124/1/197 128/1/196
f 131/1/199 132/1/105 133/1/105
f 131/1/199 133/1/105 130/1/198
f 133/1/201 134/1/202 135/1/203
f 133/1/201 135/1/203 130/1/200
f 132/1/204 131/1/205 136/1/206
f 132/1/204 136/1/206 137/1/204
f 133/1/207 132/1/207 137/1/207
f 133/1/207 137/1/207 134/1/207
f 138/1/208 139/1/209 131/1/199
f 138/1/208 131/1/199 130/1/198
f 131/1/205 139/1/210 140/1/211
f 131/1/205 140/1/211 136/1/212
f 141/1/213 138/1/208 130/1/198
f 141/1/213 130/1/198 142/1/213
f 141/1/214 142/1/214 143/1/215
f 141/1/214 143/1/215 144/1/216
f 142/1/217 130/1/200 135/1/203
f 142/1/217 135/1/203 143/1/218
f 145/1/220 138/1/221 141/1/222
f 145/1/220 141/1/222 144/1/219
f 146/1/223 147/1/223 139/1/209
f 146/1/223 139/1/209 138/1/208
f 146/1/224 138/1/221 145/1/220
f 146/1/224 145/1/220 148/1/225
f 147/1/226 149/1/227 140/1/211
f 147/1/226 140/1/211 139/1/210
f 149/1/229 147/1/230 146/1/230
f 149/1/229 146/1/230 148/1/228
f 150/1/231 151/1/231 152/1/2
f 150/1/231 152/1/2 153/1/2
f 153/1/233 154/1/234 155/1/235
f 153/1/233 155/1/235 150/1/232
f 152/1/236 151/1/237 156/1/238
f 152/1/236 156/1/238 157/1/239
f 153/1/112 152/1/112 157/1/240
f 153/1/112 157/1/240 154/1/241
f 67/1/242 70/1/243 158/1/244
f 67/1/242 158/1/244 159/1/242
f 158/1/245 70/1/111 160/1/246
f 158/1/245 160/1/246 161/1/247
f 158/1/94 161/1/95 162/1/248
f 158/1/94 162/1/248 159/1/248
f 163/1/249 67/1/242 159/1/242
f 163/1/249 159/1/242 164/1/250
f 164/1/251 159/1/248 162/1/248
f 164/1/251 162/1/248 165/1/252
f 167/1/230 67/1/230 163/1/230
f 167/1/230 163/1/230 166/1/230
f 163/1/249 164/1/253 168/1/254
f 163/1/249 168/1/254 73/1/117
f 164/1/255 165/1/252 169/1/256
f 164/1/255 169/1/256 168/1/254
f 55/1/91 73/1/117 168/1/254
f 55/1/91 168/1/254 56/1/257
f 168/1/254 169/1/256 170/1/258
f 168/1/254 170/1/258 56/1/95
f 57/2/96 56/2/95 170/2/258
f 57/2/96 170/2/258 171/2/259
f 60/1/99 172/1/260 173/1/261
f 60/1/99 173/1/261 61/1/99
f 60/1/101 57/1/96 171/1/259
f 60/1/101 171/1/259 172/1/262
f 77/1/263 76/1/263 151/1/231
f 77/1/263 151/1/231 150/1/231
f 150/1/232 155/1/264 174/1/4
f 150/1/232 174/1/4 77/1/4
f 151/1/237 76/1/123 175/1/265
f 151/1/237 175/1/265 156/1/238
f 69/1/110 176/1/266 177/1/267
f 69/1/110 177/1/267 70/1/268
f 177/1/267 176/1/269 178/1/270
f 177/1/267 178/1/270 179/1/271
f 177/1/267 179/1/271 160/1/246
f 177/1/267 160/1/246 70/1/272
f 68/1/107 67/1/107 167/1/98
f 68/1/107 167/1/98 180/1/98
f 72/3/273 85/3/274 163/3/275
f 72/3/273 163/3/275 73/3/117
f 163/3/274 85/3/274 181/3/276
f 163/3/274 181/3/276 166/3/276
f 86/3/277 74/3/278 62/3/278
f 86/3/277 62/3/278 61/3/277
f 86/1/279 61/1/280 182/1/281
f 86/1/279 182/1/281 89/1/143
f 182/1/281 61/1/282 173/1/283
f 182/1/281 173/1/283 183/1/284
f 89/1/143 182/1/281 184/1/286
f 89/1/143 184/1/286 92/1/285
f 184/1/288 185/1/289 186/1/290
f 184/1/288 186/1/290 92/1/287
f 184/1/291 182/1/281 183/1/284
f 184/1/291 183/1/284 185/1/292
f 75/1/122 187/1/293 175/1/265
f 75/1/122 175/1/265 76/1/123
f 80/1/128 77/1/125 174/1/40
f 80/1/128 174/1/40 188/1/294
f 81/2/126 80/2/296 190/2/297
f 81/2/126 190/2/297 189/2/295
f 190/2/297 80/2/298 188/2/299
f 190/2/297 188/2/299 191/2/300
f 192/6/301 189/6/295 190/6/297
f 192/6/301 190/6/297 193/6/302
f 193/6/303 190/6/297 191/6/300
f 193/6/303 191/6/300 194/6/304
f 195/2/305 192/2/301 193/2/306
f 195/2/305 193/2/306 176/2/307
f 193/2/303 194/2/304 178/2/270
f 193/2/303 178/2/270 176/2/308
f 195/6/305 176/6/309 69/6/110
f 195/6/305 69/6/110 84/6/133
f 68/2/135 180/2/310 181/2/310
f 68/2/135 181/2/310 85/2/136
f 93/3/148 92/3/312 197/3/313
f 93/3/148 197/3/313 196/3/311
f 197/3/314 198/3/315 199/3/6
f 197/3/314 199/3/6 196/3/311
f 197/3/316 92/3/317 186/3/290
f 197/3/316 186/3/290 198/3/318
f 75/2/122 94/2/151 200/2/319
f 75/2/122 200/2/319 187/2/293
f 96/6/152 81/6/126 189/6/295
f 96/6/152 189/6/295 201/6/320
f 202/6/321 201/6/320 189/6/295
f 202/6/321 189/6/295 192/6/301
f 203/6/322 204/6/322 201/6/323
f 203/6/322 201/6/323 202/6/323
f 205/6/324 202/6/321 192/6/301
f 205/6/324 192/6/301 195/6/305
f 99/5/155 205/5/324 195/5/305
f 99/5/155 195/5/305 84/5/133
f 206/3/325 102/3/158 93/3/148
f 206/3/325 93/3/148 196/3/311
f 206/3/325 196/3/311 199/3/6
f 206/3/325 199/3/6 207/3/326
f 94/1/151 103/1/159 208/1/327
f 94/1/151 208/1/327 200/1/319
f 210/1/164 104/1/160 106/1/163
f 210/1/164 106/1/163 209/1/328
f 211/2/329 106/2/162 96/2/152
f 211/2/329 96/2/152 201/2/330
f 211/2/331 201/2/329 204/2/332
f 211/2/331 204/2/332 212/2/333
f 209/2/328 106/2/163 211/2/334
f 209/2/328 211/2/334 212/2/333
f 214/2/336 202/2/321 205/2/324
f 214/2/336 205/2/324 213/2/335
f 214/2/337 215/2/338 203/2/337
f 214/2/337 203/2/337 202/2/337
f 216/2/339 215/2/340 214/2/341
f 216/2/339 214/2/341 213/2/342
f 213/6/335 205/6/324 99/6/155
f 213/6/335 99/6/155 109/6/343
f 217/6/344 216/6/339 213/6/342
f 217/6/344 213/6/342 109/6/345
f 219/1/85 115/1/84 117/1/176
f 219/1/85 117/1/176 218/1/346
f 220/7/347 218/7/346 117/7/176
f 220/7/347 117/7/176 119/7/180
f 221/8/348 119/8/349 102/8/158
f 221/8/348 102/8/158 206/8/325
f 221/8/348 206/8/325 207/8/326
f 221/8/348 207/8/326 222/8/45
f 224/2/350 103/2/351 104/2/351
f 224/2/350 104/2/351 223/2/350
f 223/2/44 104/2/58 210/2/352
f 223/2/44 210/2/352 225/2/353
f 224/2/354 226/2/355 208/2/327
f 224/2/354 208/2/327 103/2/159
f 123/1/357 227/1/358 217/1/359
f 123/1/357 217/1/359 109/1/356
f 228/1/360 227/1/186 123/1/357
f 228/1/360 123/1/357 122/1/361
f 127/1/362 122/1/363 111/1/363
f 127/1/362 111/1/363 110/1/364
f 137/3/365 127/3/362 110/3/364
f 137/3/365 110/3/364 112/3/366
f 134/1/367 137/1/365 112/1/366
f 134/1/367 112/1/366 113/1/368
f 134/1/367 113/1/368 114/1/370
f 134/1/367 114/1/370 229/1/369
f 230/1/371 229/1/369 114/1/370
f 230/1/371 114/1/370 115/1/83
f 230/1/371 115/1/83 219/1/58
f 230/1/371 219/1/58 231/1/82
f 233/8/372 119/8/373 221/8/374
f 233/8/372 221/8/374 232/8/372
f 232/8/58 221/8/375 222/8/45
f 232/8/58 222/8/45 234/8/59
f 233/8/376 235/8/376 220/8/376
f 233/8/376 220/8/376 119/8/376
f 234/8/377 235/8/378 233/8/379
f 234/8/377 233/8/379 232/8/379
f 236/1/380 237/1/380 224/1/350
f 236/1/380 224/1/350 223/1/350
f 236/1/381 223/1/44 225/1/353
f 236/1/381 225/1/353 238/1/382
f 224/1/354 237/1/383 239/1/384
f 224/1/354 239/1/384 226/1/355
f 129/1/386 240/1/387 228/1/388
f 129/1/386 228/1/388 122/1/385
f 241/1/389 240/1/390 129/1/391
f 241/1/389 129/1/391 128/1/196
f 136/3/392 128/3/393 127/3/362
f 136/3/392 127/3/362 137/3/365
f 135/1/203 134/1/395 229/1/369
f 135/1/203 229/1/369 143/1/394
f 242/1/396 143/1/397 229/1/369
f 242/1/396 229/1/369 230/1/371
f 242/1/396 230/1/371 231/1/54
f 242/1/396 231/1/54 243/1/398
f 244/2/380 245/2/380 237/2/380
f 244/2/380 237/2/380 236/2/380
f 244/2/399 236/2/381 238/2/382
f 244/2/399 238/2/382 246/2/400
f 237/2/383 245/2/383 247/2/384
f 237/2/383 247/2/384 239/2/384
f 248/3/401 128/3/402 136/3/212
f 248/3/401 136/3/212 140/3/211
f 248/3/401 249/3/404 241/3/405
f 248/3/401 241/3/405 128/3/403
f 250/1/406 144/1/407 143/1/408
f 250/1/406 143/1/408 242/1/396
f 250/1/406 242/1/396 243/1/398
f 250/1/406 243/1/398 251/1/409
f 252/1/43 253/1/43 245/1/380
f 252/1/43 245/1/380 244/1/380
f 252/1/410 244/1/399 246/1/400
f 252/1/410 246/1/400 254/1/411
f 245/1/383 253/1/412 255/1/413
f 245/1/383 255/1/413 247/1/384
f 256/3/415 248/3/401 140/3/211
f 256/3/415 140/3/211 149/3/414
f 248/3/401 256/3/415 257/3/416
f 248/3/401 257/3/416 249/3/404
f 258/2/417 148/2/418 145/2/220
f 258/2/417 145/2/220 144/2/419
f 260/2/421 148/2/418 258/2/417
f 260/2/421 258/2/417 259/2/420
f 261/1/422 258/1/417 144/1/423
f 261/1/422 144/1/423 250/1/406
f 261/1/424 250/1/406 251/1/409
f 261/1/424 251/1/409 262/1/425
f 259/1/420 258/1/417 261/1/427
f 259/1/420 261/1/427 262/1/426
f 263/1/57 264/1/57 253/1/43
f 263/1/57 253/1/43 252/1/43
f 263/1/428 252/1/410 254/1/429
f 263/1/428 254/1/429 265/1/430
f 264/1/431 266/1/432 255/1/413
f 264/1/431 255/1/413 253/1/412
f 265/1/433 266/1/433 264/1/434
f 265/1/433 264/1/434 263/1/434
f 268/3/436 256/3/415 149/3/414
f 268/3/436 149/3/414 267/3/435
f 268/3/437 269/3/438 257/3/416
f 268/3/437 257/3/416 256/3/415
f 270/3/433 269/3/439 268/3/440
f 270/3/433 268/3/440 267/3/435
f 271/1/441 267/1/435 149/1/442
f 271/1/441 149/1/442 148/1/418
f 271/1/441 148/1/225 260/1/421
f 271/1/441 260/1/421 272/1/421
f 270/1/433 267/1/435 271/1/441
f 270/1/433 271/1/441 272/1/421
f 157/1/240 273/1/444 274/1/444
f 157/1/240 274/1/444 154/1/443
f 274/1/446 275/1/447 276/1/448
f 274/1/446 276/1/448 154/1/445
f 273/1/449 157/1/239 277/1/450
f 273/1/449 277/1/450 278/1/451
f 274/1/11 273/1/11 278/1/452
f 274/1/11 278/1/452 275/1/453
f 169/1/256 165/1/252 279/1/454
f 169/1/256 279/1/454 280/1/455
f 279/1/454 165/1/252 281/1/454
f 279/1/454 281/1/454 282/1/454
f 279/1/454 282/1/456 283/1/457
f 279/1/454 283/1/457 280/1/455
f 170/2/258 169/2/256 280/2/455
f 170/2/258 280/2/455 284/2/458
f 284/2/458 280/2/455 283/2/457
f 284/2/458 283/2/457 285/2/459
f 171/6/259 170/6/258 284/6/458
f 171/6/259 284/6/458 286/6/460
f 286/6/460 284/6/458 285/6/459
f 286/6/460 285/6/459 287/6/461
f 171/3/259 286/3/460 288/3/462
f 171/3/259 288/3/462 172/3/262
f 288/3/464 289/3/465 290/3/466
f 288/3/464 290/3/466 172/3/463
f 288/3/467 286/3/460 287/3/461
f 288/3/467 287/3/461 289/3/468
f 156/1/238 291/1/293 277/1/450
f 156/1/238 277/1/450 157/1/239
f 155/1/235 154/1/470 293/1/471
f 155/1/235 293/1/471 292/1/469
f 293/1/471 154/1/472 276/1/448
f 293/1/471 276/1/448 294/1/473
f 292/2/469 293/2/471 296/2/475
f 292/2/469 296/2/475 295/2/474
f 296/2/477 297/2/478 298/2/479
f 296/2/477 298/2/479 295/2/476
f 296/2/480 293/2/471 294/2/473
f 296/2/480 294/2/473 297/2/481
f 179/2/271 299/2/482 300/2/483
f 179/2/271 300/2/483 301/2/484
f 300/2/485 299/2/482 302/2/486
f 300/2/485 302/2/486 303/2/204
f 300/2/487 303/2/488 304/2/489
f 300/2/487 304/2/489 301/2/484
f 160/1/246 179/1/271 301/1/484
f 160/1/246 301/1/484 161/1/490
f 301/1/484 304/1/489 305/1/258
f 301/1/484 305/1/258 161/1/95
f 162/1/248 161/1/95 305/1/258
f 162/1/248 305/1/258 306/1/491
f 162/1/248 306/1/491 281/1/454
f 162/1/248 281/1/454 165/1/252
f 173/3/283 172/3/262 307/3/492
f 173/3/283 307/3/492 183/3/284
f 307/3/492 172/3/262 290/3/466
f 307/3/492 290/3/466 308/3/493
f 183/3/284 307/3/492 309/3/495
f 183/3/284 309/3/495 185/3/494
f 309/3/497 310/3/498 311/3/499
f 309/3/497 311/3/499 185/3/496
f 309/3/495 307/3/492 308/3/493
f 309/3/495 308/3/493 310/3/500
f 156/1/238 175/1/265 312/1/501
f 156/1/238 312/1/501 291/1/293
f 174/1/36 155/1/503 292/1/469
f 174/1/36 292/1/469 188/1/502
f 188/2/505 292/2/469 295/2/476
f 188/2/505 295/2/476 191/2/504
f 295/2/506 298/2/479 313/2/4
f 295/2/506 313/2/4 191/2/38
f 178/2/270 194/2/507 299/2/482
f 178/2/270 299/2/482 179/2/271
f 299/2/482 194/2/508 314/2/18
f 299/2/482 314/2/18 302/2/486
f 181/3/380 180/3/380 167/3/380
f 181/3/380 167/3/380 166/3/380
f 185/3/496 311/3/499 315/3/509
f 185/3/496 315/3/509 186/3/290
f 317/9/104 318/9/105 319/9/105
f 317/9/104 319/9/105 316/9/510
f 319/9/511 320/9/512 321/9/513
f 319/9/511 321/9/513 316/9/511
f 318/9/108 317/9/109 322/9/110
f 318/9/108 322/9/110 323/9/514
f 318/9/112 323/9/515 320/9/240
f 318/9/112 320/9/240 319/9/112
f 175/1/265 187/1/293 324/1/501
f 175/1/265 324/1/501 312/1/501
f 191/6/517 313/6/518 314/6/518
f 191/6/517 314/6/518 194/6/516
f 198/3/519 186/3/290 315/3/509
f 198/3/519 315/3/509 325/3/520
f 199/4/6 198/4/5 327/4/5
f 199/4/6 327/4/5 326/4/6
f 327/4/5 328/4/521 329/4/522
f 327/4/5 329/4/522 326/4/6
f 327/4/127 198/4/519 325/4/520
f 327/4/127 325/4/520 328/4/523
f 331/7/525 317/7/131 316/7/510
f 331/7/525 316/7/510 330/7/524
f 317/7/132 331/7/526 332/7/527
f 317/7/132 332/7/527 322/7/110
f 330/3/524 316/3/510 334/3/529
f 330/3/524 334/3/529 333/3/528
f 334/3/530 316/3/531 321/3/532
f 334/3/530 321/3/532 335/3/533
f 333/4/528 334/4/529 337/4/146
f 333/4/528 337/4/146 336/4/534
f 337/4/146 338/4/536 339/4/537
f 337/4/146 339/4/537 336/4/535
f 337/4/538 334/4/530 335/4/533
f 337/4/538 335/4/533 338/4/539
f 187/2/293 200/2/319 340/2/501
f 187/2/293 340/2/501 324/2/501
f 341/6/540 342/6/540 204/6/322
f 341/6/540 204/6/322 203/6/322
f 343/3/326 207/3/326 199/3/6
f 343/3/326 199/3/6 326/3/6
f 343/3/326 326/3/6 329/3/522
f 343/3/326 329/3/522 344/3/541
f 346/8/66 331/8/525 330/8/524
f 346/8/66 330/8/524 345/8/65
f 346/8/69 347/8/70 332/8/527
f 346/8/69 332/8/527 331/8/542
f 348/8/543 347/8/544 346/8/73
f 348/8/543 346/8/73 345/8/74
f 349/8/77 345/8/65 330/8/524
f 349/8/77 330/8/524 333/8/528
f 350/8/78 348/8/543 345/8/74
f 350/8/78 345/8/74 349/8/79
f 351/8/80 349/8/77 333/8/528
f 351/8/80 333/8/528 336/8/545
f 351/8/58 336/8/546 339/8/537
f 351/8/58 339/8/537 352/8/59
f 350/8/78 349/8/79 351/8/85
f 350/8/78 351/8/85 352/8/547
f 200/1/319 208/1/327 353/1/501
f 200/1/319 353/1/501 340/1/501
f 212/2/333 204/2/332 342/2/332
f 212/2/333 342/2/332 354/2/548
f 355/2/549 209/2/328 212/2/333
f 355/2/549 212/2/333 354/2/548
f 215/2/338 356/2/550 341/2/337
f 215/2/338 341/2/337 203/2/337
f 357/2/340 356/2/550 215/2/551
f 357/2/340 215/2/551 216/2/339
f 358/6/341 357/6/340 216/6/339
f 358/6/341 216/6/339 217/6/342
f 359/3/45 222/3/45 207/3/326
f 359/3/45 207/3/326 343/3/326
f 359/3/45 343/3/326 344/3/541
f 359/3/45 344/3/541 360/3/552
f 208/2/327 226/2/355 361/2/501
f 208/2/327 361/2/501 353/2/501
f 362/2/553 225/2/353 210/2/352
f 362/2/553 210/2/352 209/2/554
f 209/2/554 355/2/556 363/2/556
f 209/2/554 363/2/556 362/2/555
f 227/1/558 364/1/169 358/1/185
f 227/1/558 358/1/185 217/1/557
f 365/3/559 231/3/81 219/3/80
f 365/3/559 219/3/80 218/3/560
f 365/7/559 218/7/560 220/7/562
f 365/7/559 220/7/562 235/7/561
f 367/8/564 235/8/378 234/8/377
f 367/8/564 234/8/377 366/8/563
f 368/3/59 234/3/59 222/3/45
f 368/3/59 222/3/45 359/3/45
f 368/3/59 359/3/45 360/3/552
f 368/3/59 360/3/552 369/3/59
f 366/3/563 234/3/377 368/3/164
f 366/3/563 368/3/164 369/3/565
f 370/4/380 371/4/380 372/4/380
f 370/4/380 372/4/380 373/4/380
f 370/4/566 373/4/566 374/4/567
f 370/4/566 374/4/567 375/4/567
f 371/4/568 376/4/569 377/4/569
f 371/4/568 377/4/569 372/4/568
f 373/4/570 372/4/570 377/4/571
f 373/4/570 377/4/571 374/4/571
f 376/4/572 371/4/540 370/4/540
f 376/4/572 370/4/540 375/4/572
f 226/1/355 239/1/384 378/1/501
f 226/1/355 378/1/501 361/1/501
f 379/1/573 238/1/382 225/1/353
f 379/1/573 225/1/353 362/1/553
f 380/2/213 379/2/574 362/2/575
f 380/2/213 362/2/575 381/2/213
f 380/2/214 381/2/214 382/2/214
f 380/2/214 382/2/214 383/2/214
f 381/2/217 362/2/217 363/2/217
f 381/2/217 363/2/217 382/2/217
f 384/2/577 379/2/578 380/2/222
f 384/2/577 380/2/222 383/2/576
f 385/6/580 227/6/581 228/6/582
f 385/6/580 228/6/582 240/6/579
f 385/6/580 386/6/584 364/6/585
f 385/6/580 364/6/585 227/6/583
f 387/3/586 243/3/398 231/3/54
f 387/3/586 231/3/54 365/3/559
f 388/7/587 387/7/586 365/7/559
f 388/7/587 365/7/559 235/7/561
f 388/7/588 235/7/589 367/7/590
f 388/7/588 367/7/590 389/7/591
f 239/2/384 247/2/384 390/2/501
f 239/2/384 390/2/501 378/2/501
f 391/2/592 246/2/400 238/2/382
f 391/2/592 238/2/382 379/2/593
f 391/2/592 379/2/594 384/2/577
f 391/2/592 384/2/577 392/2/595
f 393/5/596 394/5/597 385/5/580
f 393/5/596 385/5/580 240/5/579
f 385/5/580 394/5/597 395/5/597
f 385/5/580 395/5/597 386/5/584
f 393/3/596 240/3/598 241/3/405
f 393/3/596 241/3/405 249/3/404
f 251/3/409 243/3/398 387/3/586
f 251/3/409 387/3/586 396/3/599
f 397/7/577 396/7/599 387/7/586
f 397/7/577 387/7/586 388/7/600
f 397/7/577 388/7/588 389/7/591
f 397/7/577 389/7/591 398/7/601
f 399/7/220 396/7/599 397/7/577
f 399/7/220 397/7/577 398/7/601
f 247/1/384 255/1/413 400/1/319
f 247/1/384 400/1/319 390/1/501
f 401/1/602 254/1/429 246/1/400
f 401/1/602 246/1/400 391/1/592
f 401/1/602 391/1/592 392/1/595
f 401/1/602 392/1/595 402/1/603
f 403/1/605 254/1/606 401/1/602
f 403/1/605 401/1/602 402/1/604
f 404/5/607 405/5/608 394/5/597
f 404/5/607 394/5/597 393/5/596
f 394/5/597 405/5/608 406/5/609
f 394/5/597 406/5/609 395/5/597
f 257/3/416 404/3/607 393/3/596
f 257/3/416 393/3/596 249/3/404
f 407/3/610 262/3/611 251/3/409
f 407/3/610 251/3/409 396/3/599
f 407/3/610 396/3/599 399/3/220
f 407/3/610 399/3/220 408/3/612
f 409/3/614 262/3/611 407/3/610
f 409/3/614 407/3/610 408/3/613
f 265/1/430 254/1/429 403/1/605
f 265/1/430 403/1/605 410/1/615
f 255/1/413 266/1/432 411/1/616
f 255/1/413 411/1/616 400/1/319
f 413/5/618 405/5/608 404/5/607
f 413/5/618 404/5/607 412/5/617
f 413/5/619 414/5/620 406/5/609
f 413/5/619 406/5/609 405/5/608
f 415/5/621 414/5/622 413/5/623
f 415/5/621 413/5/623 412/5/617
f 412/3/617 404/3/607 257/3/416
f 412/3/617 257/3/416 269/3/624
f 416/3/625 415/3/621 412/3/617
f 416/3/625 412/3/617 269/3/439
f 417/6/420 272/6/421 260/6/421
f 417/6/420 260/6/421 259/6/420
f 419/6/421 272/6/421 417/6/420
f 419/6/421 417/6/420 418/6/420
f 420/10/421 417/10/420 259/10/420
f 420/10/421 259/10/420 262/10/611
f 420/10/421 262/10/611 409/10/614
f 420/10/421 409/10/614 421/10/626
f 418/10/420 417/10/420 420/10/421
f 418/10/420 420/10/421 421/10/626
f 422/5/433 423/5/433 266/5/433
f 422/5/433 266/5/433 265/5/433
f 422/5/627 265/5/430 410/5/615
f 422/5/627 410/5/615 424/5/628
f 423/5/60 425/5/629 411/5/616
f 423/5/60 411/5/616 266/5/432
f 424/5/433 425/5/433 423/5/433
f 424/5/433 423/5/433 422/5/433
f 427/1/625 269/1/624 270/1/433
f 427/1/625 270/1/433 426/1/433
f 427/1/625 428/1/630 416/1/625
f 427/1/625 416/1/625 269/1/624
f 429/1/433 428/1/630 427/1/625
f 429/1/433 427/1/625 426/1/433
f 430/6/421 426/6/433 270/6/433
f 430/6/421 270/6/433 272/6/421
f 430/6/421 272/6/421 419/6/421
f 430/6/421 419/6/421 431/6/631
f 429/6/433 426/6/433 430/6/421
f 429/6/433 430/6/421 431/6/631
f 278/1/451 277/1/450 432/1/632
f 278/1/451 432/1/632 433/1/633
f 275/1/453 278/1/452 433/1/634
f 275/1/453 433/1/634 434/1/635
f 276/1/448 275/1/636 435/1/637
f 276/1/448 435/1/637 294/1/473
f 435/1/637 275/1/638 434/1/635
f 435/1/637 434/1/635 436/1/639
f 294/1/473 435/1/637 437/1/641
f 294/1/473 437/1/641 297/1/640
f 437/1/641 435/1/637 436/1/639
f 437/1/641 436/1/639 438/1/642
f 303/2/643 297/2/640 437/2/641
f 303/2/643 437/2/641 439/2/644
f 439/2/644 437/2/641 438/2/642
f 439/2/644 438/2/642 440/2/459
f 304/6/489 303/6/643 439/6/644
f 304/6/489 439/6/644 441/6/645
f 441/6/645 439/6/644 440/6/459
f 441/6/645 440/6/459 442/6/646
f 305/2/258 304/2/489 441/2/645
f 305/2/258 441/2/645 443/2/458
f 443/2/458 441/2/645 442/2/646
f 443/2/458 442/2/646 444/2/647
f 306/2/491 305/2/258 443/2/458
f 306/2/491 443/2/458 445/2/648
f 445/2/648 443/2/458 444/2/647
f 445/2/648 444/2/647 446/2/649
f 281/2/454 306/2/491 445/2/648
f 281/2/454 445/2/648 282/2/650
f 445/2/648 446/2/649 447/2/647
f 445/2/648 447/2/647 282/2/651
f 283/2/457 282/2/652 447/2/647
f 283/2/457 447/2/647 448/2/646
f 285/6/459 283/6/457 448/6/646
f 285/6/459 448/6/646 449/6/459
f 287/3/461 285/3/459 449/3/459
f 287/3/461 449/3/459 450/3/653
f 287/4/461 450/4/653 451/4/655
f 287/4/461 451/4/655 289/4/654
f 290/4/466 289/4/656 452/4/657
f 290/4/466 452/4/657 308/4/493
f 452/4/657 453/4/658 454/4/659
f 452/4/657 454/4/659 308/4/493
f 452/4/657 289/4/660 451/4/655
f 452/4/657 451/4/655 453/4/658
f 277/1/450 291/1/293 455/1/501
f 277/1/450 455/1/501 432/1/632
f 302/2/661 298/2/661 297/2/662
f 302/2/661 297/2/662 303/2/663
f 310/4/664 456/4/665 457/4/666
f 310/4/664 457/4/666 311/4/499
f 310/4/664 308/4/493 454/4/659
f 310/4/664 454/4/659 456/4/667
f 320/9/240 323/9/668 458/9/669
f 320/9/240 458/9/669 459/9/669
f 459/9/670 460/9/671 461/9/672
f 459/9/670 461/9/672 320/9/512
f 458/9/673 323/9/674 462/9/675
f 458/9/673 462/9/675 463/9/676
f 459/9/669 458/9/669 463/9/677
f 459/9/669 463/9/677 460/9/678
f 291/1/293 312/1/501 464/1/501
f 291/1/293 464/1/501 455/1/501
f 314/2/2 313/2/2 298/2/661
f 314/2/2 298/2/661 302/2/661
f 315/4/509 311/4/499 465/4/679
f 315/4/509 465/4/679 325/4/520
f 465/4/679 466/4/680 467/4/681
f 465/4/679 467/4/681 325/4/520
f 465/4/679 311/4/499 457/4/682
f 465/4/679 457/4/682 466/4/680
f 322/9/110 468/9/683 469/9/684
f 322/9/110 469/9/684 323/9/685
f 470/9/686 471/9/686 472/9/686
f 470/9/686 472/9/686 462/9/686
f 468/9/688 471/9/688 470/9/687
f 468/9/688 470/9/687 469/9/687
f 469/9/687 470/9/687 462/9/690
f 469/9/687 462/9/690 323/9/689
f 320/4/512 461/4/691 473/4/692
f 320/4/512 473/4/692 321/4/513
f 335/4/694 474/4/695 475/4/695
f 335/4/694 475/4/695 338/4/693
f 475/4/697 476/4/698 477/4/699
f 475/4/697 477/4/699 338/4/696
f 474/4/90 335/4/90 478/4/90
f 474/4/90 478/4/90 479/4/90
f 475/4/695 474/4/695 479/4/700
f 475/4/695 479/4/700 476/4/700
f 312/1/501 324/1/501 480/1/501
f 312/1/501 480/1/501 464/1/501
f 328/4/523 325/4/520 467/4/701
f 328/4/523 467/4/701 481/4/702
f 482/9/380 329/9/522 328/9/521
f 482/9/380 328/9/521 468/9/683
f 468/9/703 328/9/523 481/9/702
f 468/9/703 481/9/702 471/9/704
f 482/4/380 468/4/683 322/4/110
f 482/4/380 322/4/110 332/4/527
f 321/3/532 473/3/310 478/3/310
f 321/3/532 478/3/310 335/3/705
f 339/4/537 338/4/706 484/4/707
f 339/4/537 484/4/707 483/4/537
f 484/4/707 485/4/708 486/4/709
f 484/4/707 486/4/709 483/4/537
f 484/4/710 338/4/711 477/4/712
f 484/4/710 477/4/712 485/4/713
f 324/2/501 340/2/501 487/2/501
f 324/2/501 487/2/501 480/2/501
f 344/10/541 329/10/522 482/10/380
f 344/10/541 482/10/380 488/10/714
f 347/3/70 488/3/714 482/3/380
f 347/3/70 482/3/380 332/3/527
f 489/3/715 490/3/716 488/3/717
f 489/3/715 488/3/717 347/3/544
f 491/8/718 489/8/715 347/8/544
f 491/8/718 347/8/544 348/8/543
f 492/8/174 491/8/718 348/8/543
f 492/8/174 348/8/543 350/8/78
f 492/8/174 350/8/78 352/8/547
f 492/8/174 352/8/547 493/8/719
f 494/7/59 352/7/59 339/7/537
f 494/7/59 339/7/537 483/7/537
f 494/7/59 483/7/537 486/7/709
f 494/7/59 486/7/709 495/7/59
f 493/7/719 352/7/547 494/7/164
f 493/7/719 494/7/164 495/7/565
f 340/1/501 353/1/501 496/1/501
f 340/1/501 496/1/501 487/1/501
f 354/2/721 342/2/722 341/2/722
f 354/2/721 341/2/722 356/2/720
f 497/10/723 360/10/552 344/10/541
f 497/10/723 344/10/541 488/10/724
f 497/10/723 488/10/725 490/10/726
f 497/10/723 490/10/726 498/10/727
f 353/2/501 361/2/501 499/2/501
f 353/2/501 499/2/501 496/2/501
f 363/6/213 355/6/213 354/6/721
f 363/6/213 354/6/721 382/6/728
f 382/6/728 354/6/721 356/6/720
f 382/6/728 356/6/720 500/6/729
f 500/6/729 356/6/720 357/6/731
f 500/6/729 357/6/731 501/6/730
f 501/6/730 357/6/731 358/6/66
f 501/6/730 358/6/66 364/6/732
f 503/3/734 366/3/563 369/3/565
f 503/3/734 369/3/565 502/3/733
f 504/10/735 369/10/736 360/10/552
f 504/10/735 360/10/552 497/10/723
f 504/10/737 497/10/723 498/10/727
f 504/10/737 498/10/727 505/10/738
f 502/10/733 369/10/740 504/10/741
f 502/10/733 504/10/741 505/10/739
f 375/4/567 374/4/567 506/4/742
f 375/4/567 506/4/742 507/4/742
f 377/4/569 376/4/569 508/4/743
f 377/4/569 508/4/743 509/4/744
f 377/4/571 509/4/745 506/4/745
f 377/4/571 506/4/745 374/4/571
f 507/4/746 508/4/746 376/4/572
f 507/4/746 376/4/572 375/4/572
f 361/1/501 378/1/501 510/1/501
f 361/1/501 510/1/501 499/1/501
f 511/5/747 383/5/748 382/5/728
f 511/5/747 382/5/728 500/5/729
f 512/5/749 511/5/747 500/5/729
f 512/5/749 500/5/729 501/5/730
f 386/5/584 512/5/749 501/5/730
f 386/5/584 501/5/730 364/5/732
f 513/8/552 389/8/591 367/8/590
f 513/8/552 367/8/590 366/8/59
f 513/8/552 366/8/59 503/8/58
f 513/8/552 503/8/58 514/8/750
f 378/2/501 390/2/501 515/2/501
f 378/2/501 515/2/501 510/2/501
f 516/6/751 392/6/595 384/6/577
f 516/6/751 384/6/577 383/6/752
f 516/5/751 383/5/748 511/5/747
f 516/5/751 511/5/747 517/5/753
f 518/5/754 517/5/753 511/5/747
f 518/5/754 511/5/747 512/5/749
f 395/5/597 518/5/754 512/5/749
f 395/5/597 512/5/749 386/5/584
f 519/8/755 398/8/601 389/8/591
f 519/8/755 389/8/591 513/8/552
f 519/8/755 513/8/552 514/8/756
f 519/8/755 514/8/756 520/8/757
f 390/1/501 400/1/319 521/1/501
f 390/1/501 521/1/501 515/1/501
f 522/1/758 402/1/604 392/1/595
f 522/1/758 392/1/595 516/1/751
f 524/1/421 402/1/760 522/1/758
f 524/1/421 522/1/758 523/1/759
f 525/6/761 522/6/758 516/6/751
f 525/6/761 516/6/751 517/6/753
f 526/6/762 523/6/759 522/6/758
f 526/6/762 522/6/758 525/6/761
f 525/6/761 517/6/753 518/6/754
f 525/6/761 518/6/754 527/6/763
f 528/6/764 526/6/762 525/6/761
f 528/6/764 525/6/761 527/6/765
f 406/5/609 527/5/766 518/5/754
f 406/5/609 518/5/754 395/5/597
f 529/4/767 408/4/768 399/4/220
f 529/4/767 399/4/220 398/4/601
f 531/4/770 408/4/771 529/4/772
f 531/4/770 529/4/772 530/4/769
f 532/4/773 529/4/774 398/4/601
f 532/4/773 398/4/601 519/4/755
f 532/4/775 519/4/755 520/4/757
f 532/4/775 520/4/757 533/4/776
f 530/4/769 529/4/767 532/4/778
f 530/4/769 532/4/778 533/4/777
f 400/5/319 411/5/616 534/5/319
f 400/5/319 534/5/319 521/5/501
f 535/5/779 410/5/615 403/5/605
f 535/5/779 403/5/605 402/5/604
f 535/5/779 402/5/604 524/5/421
f 535/5/779 524/5/421 536/5/780
f 537/5/605 410/5/615 535/5/779
f 537/5/605 535/5/779 536/5/780
f 538/6/782 527/6/783 406/6/609
f 538/6/782 406/6/609 414/6/781
f 538/6/782 539/6/785 528/6/764
f 538/6/782 528/6/764 527/6/784
f 540/6/786 539/6/785 538/6/782
f 540/6/786 538/6/782 414/6/781
f 541/10/787 421/10/626 409/10/614
f 541/10/787 409/10/614 408/10/613
f 541/10/787 408/10/788 531/10/789
f 541/10/787 531/10/789 542/10/790
f 543/10/790 421/10/626 541/10/787
f 543/10/790 541/10/787 542/10/790
f 424/5/628 410/5/615 537/5/605
f 424/5/628 537/5/605 544/5/791
f 411/5/616 425/5/629 545/5/792
f 411/5/616 545/5/792 534/5/319
f 547/4/625 414/4/781 415/4/621
f 547/4/625 415/4/621 546/4/621
f 547/4/625 548/4/793 540/4/786
f 547/4/625 540/4/786 414/4/781
f 549/4/794 548/4/793 547/4/625
f 549/4/794 547/4/625 546/4/621
f 546/2/621 415/2/621 416/2/625
f 546/2/621 416/2/625 428/2/630
f 550/2/795 549/2/794 546/2/621
f 550/2/795 546/2/621 428/2/630
f 551/3/796 431/3/797 419/3/421
f 551/3/796 419/3/421 418/3/420
f 553/3/799 431/3/631 551/3/796
f 553/3/799 551/3/796 552/3/798
f 554/9/800 551/9/796 418/9/420
f 554/9/800 418/9/420 421/9/801
f 554/9/802 421/9/803 543/9/790
f 554/9/802 543/9/790 555/9/799
f 552/9/798 551/9/796 554/9/804
f 552/9/798 554/9/804 555/9/799
f 556/5/805 557/5/805 425/5/433
f 556/5/805 425/5/433 424/5/433
f 556/5/806 424/5/628 544/5/791
f 556/5/806 544/5/791 558/5/807
f 557/5/808 559/5/809 545/5/792
f 557/5/808 545/5/792 425/5/629
f 558/5/810 559/5/810 557/5/540
f 558/5/810 557/5/540 556/5/540
f 561/2/812 428/2/630 429/2/433
f 561/2/812 429/2/433 560/2/811
f 561/2/813 562/2/814 550/2/795
f 561/2/813 550/2/795 428/2/630
f 563/2/815 562/2/816 561/2/817
f 563/2/815 561/2/817 560/2/818
f 564/6/800 560/6/819 429/6/433
f 564/6/800 429/6/433 431/6/797
f 564/6/802 431/6/820 553/6/799
f 564/6/802 553/6/799 565/6/799
f 563/6/815 560/6/821 564/6/804
f 563/6/815 564/6/804 565/6/799
f 433/1/633 432/1/632 566/1/122
f 433/1/633 566/1/122 567/1/822
f 433/1/634 567/1/823 568/1/824
f 433/1/634 568/1/824 434/1/635
f 436/1/639 434/1/635 568/1/825
f 436/1/639 568/1/825 569/1/826
f 436/1/639 569/1/827 570/1/461
f 436/1/639 570/1/461 438/1/642
f 440/1/459 438/1/642 570/1/461
f 440/1/459 570/1/461 571/1/459
f 442/2/646 440/2/459 571/2/459
f 442/2/646 571/2/459 572/2/457
f 444/6/647 442/6/646 572/6/457
f 444/6/647 572/6/457 573/6/652
f 444/6/647 573/6/651 574/6/648
f 444/6/647 574/6/648 446/6/649
f 447/6/647 446/6/649 574/6/648
f 447/6/647 574/6/648 575/6/458
f 448/6/646 447/6/647 575/6/458
f 448/6/646 575/6/458 576/6/458
f 449/3/459 448/3/646 576/3/458
f 449/3/459 576/3/458 577/3/458
f 450/4/653 449/4/459 577/4/458
f 450/4/653 577/4/458 578/4/828
f 451/9/655 450/9/653 578/9/828
f 451/9/655 578/9/828 579/9/829
f 453/3/658 580/3/830 581/3/831
f 453/3/658 581/3/831 454/3/659
f 453/3/658 451/3/655 579/3/832
f 453/3/658 579/3/832 580/3/830
f 460/3/833 463/3/677 582/3/834
f 460/3/833 582/3/834 583/3/835
f 582/3/836 463/3/676 584/3/837
f 582/3/836 584/3/837 585/3/836
f 582/3/94 585/3/839 586/3/840
f 582/3/94 586/3/840 583/3/838
f 460/3/842 583/3/835 588/3/843
f 460/3/842 588/3/843 587/3/841
f 588/3/843 589/3/844 590/3/845
f 588/3/843 590/3/845 587/3/841
f 588/3/846 583/3/838 586/3/840
f 588/3/846 586/3/840 589/3/847
f 432/1/632 455/1/501 591/1/501
f 432/1/632 591/1/501 566/1/122
f 456/3/848 454/3/659 581/3/831
f 456/3/848 581/3/831 592/3/849
f 457/3/850 456/3/851 593/3/852
f 457/3/850 593/3/852 466/3/680
f 593/3/853 456/3/854 592/3/855
f 593/3/853 592/3/855 594/3/856
f 466/9/680 593/9/858 596/9/859
f 466/9/680 596/9/859 595/9/857
f 596/9/859 597/9/233 598/9/860
f 596/9/859 598/9/860 595/9/857
f 596/9/861 593/9/853 594/9/856
f 596/9/861 594/9/856 597/9/862
f 462/4/863 599/4/864 584/4/837
f 462/4/863 584/4/837 463/4/676
f 461/8/866 460/8/867 587/8/841
f 461/8/866 587/8/841 479/8/865
f 479/4/869 587/4/841 600/4/870
f 479/4/869 600/4/870 476/4/868
f 600/4/870 601/4/872 602/4/873
f 600/4/870 602/4/873 476/4/871
f 600/4/870 587/4/841 590/4/845
f 600/4/870 590/4/845 601/4/874
f 455/1/501 464/1/501 603/1/501
f 455/1/501 603/1/501 591/1/501
f 467/3/876 466/3/680 595/3/857
f 467/3/876 595/3/857 481/3/875
f 595/3/857 598/3/232 604/3/4
f 595/3/857 604/3/4 481/3/875
f 472/4/877 605/4/877 599/4/864
f 472/4/877 599/4/864 462/4/863
f 478/7/878 473/7/878 461/7/879
f 478/7/878 461/7/879 479/7/865
f 476/8/698 602/8/873 606/8/692
f 476/8/698 606/8/692 477/8/880
f 607/4/881 485/4/881 608/4/882
f 607/4/881 608/4/882 609/4/882
f 609/4/884 610/4/885 611/4/886
f 609/4/884 611/4/886 607/4/883
f 608/4/887 485/4/887 612/4/887
f 608/4/887 612/4/887 613/4/887
f 609/4/888 608/4/888 613/4/889
f 609/4/888 613/4/889 610/4/890
f 464/1/501 480/1/501 614/1/501
f 464/1/501 614/1/501 603/1/501
f 471/9/704 481/9/702 604/9/891
f 471/9/704 604/9/891 615/9/892
f 472/4/893 471/4/704 615/4/892
f 472/4/893 615/4/892 605/4/893
f 477/4/713 606/4/894 612/4/894
f 477/4/713 612/4/894 485/4/713
f 486/7/709 485/7/896 607/7/881
f 486/7/709 607/7/881 616/7/895
f 616/7/897 607/7/883 611/7/886
f 616/7/897 611/7/886 617/7/898
f 480/2/501 487/2/501 618/2/501
f 480/2/501 618/2/501 614/2/501
f 619/3/899 620/3/899 490/3/716
f 619/3/899 490/3/716 489/3/715
f 622/7/734 493/7/719 495/7/565
f 622/7/734 495/7/565 621/7/733
f 623/7/735 495/7/736 486/7/709
f 623/7/735 486/7/709 616/7/900
f 623/7/737 616/7/897 617/7/898
f 623/7/737 617/7/898 624/7/901
f 621/7/733 495/7/740 623/7/741
f 621/7/733 623/7/741 624/7/739
f 487/1/501 496/1/501 625/1/501
f 487/1/501 625/1/501 618/1/501
f 498/10/727 490/10/726 620/10/902
f 498/10/727 620/10/902 626/10/903
f 509/7/905 489/7/905 491/7/906
f 509/7/905 491/7/906 506/7/904
f 509/7/744 627/7/908 619/7/907
f 509/7/744 619/7/907 489/7/907
f 506/7/904 491/7/906 492/7/370
f 506/7/904 492/7/370 628/7/909
f 629/8/56 628/8/909 492/8/370
f 629/8/56 492/8/370 493/8/83
f 629/8/56 493/8/83 622/8/58
f 629/8/56 622/8/58 630/8/750
f 496/2/501 499/2/501 631/2/501
f 496/2/501 631/2/501 625/2/501
f 498/10/727 626/10/903 632/10/910
f 498/10/727 632/10/910 505/10/738
f 509/4/744 508/4/743 633/4/911
f 509/4/744 633/4/911 627/4/908
f 634/7/912 507/7/913 506/7/904
f 634/7/912 506/7/904 628/7/909
f 635/8/914 634/8/912 628/8/909
f 635/8/914 628/8/909 629/8/56
f 635/8/914 629/8/56 630/8/756
f 635/8/914 630/8/756 636/8/541
f 499/1/501 510/1/501 637/1/501
f 499/1/501 637/1/501 631/1/501
f 638/9/915 514/9/916 503/9/80
f 638/9/915 503/9/80 502/9/917
f 639/10/918 638/10/915 502/10/917
f 639/10/918 502/10/917 505/10/919
f 639/10/918 505/10/920 632/10/910
f 639/10/918 632/10/910 640/10/921
f 641/7/922 642/7/923 508/7/924
f 641/7/922 508/7/924 507/7/913
f 642/7/923 643/7/926 633/7/911
f 642/7/923 633/7/911 508/7/925
f 641/8/922 507/8/913 634/8/912
f 641/8/922 634/8/912 644/8/927
f 645/8/928 644/8/927 634/8/912
f 645/8/928 634/8/912 635/8/914
f 645/8/928 635/8/914 636/8/541
f 645/8/928 636/8/541 646/8/929
f 510/2/501 515/2/501 647/2/501
f 510/2/501 647/2/501 637/2/501
f 520/9/757 514/9/756 638/9/915
f 520/9/757 638/9/915 648/9/930
f 649/10/577 648/10/930 638/10/915
f 649/10/577 638/10/915 639/10/918
f 649/10/577 639/10/918 640/10/921
f 649/10/577 640/10/921 650/10/577
f 651/10/577 648/10/930 649/10/577
f 651/10/577 649/10/577 650/10/577
f 652/7/931 653/7/932 642/7/923
f 652/7/931 642/7/923 641/7/922
f 642/7/923 653/7/932 654/7/933
f 642/7/923 654/7/933 643/7/926
f 652/8/931 641/8/922 644/8/927
f 652/8/931 644/8/927 655/8/934
f 656/8/935 655/8/936 644/8/927
f 656/8/935 644/8/927 645/8/928
f 656/8/937 645/8/928 646/8/929
f 656/8/937 646/8/929 657/8/938
f 658/8/939 655/8/940 656/8/941
f 658/8/939 656/8/941 657/8/938
f 515/5/501 521/5/501 659/5/501
f 515/5/501 659/5/501 647/5/501
f 660/7/899 661/7/899 531/7/942
f 660/7/899 531/7/942 530/7/943
f 662/9/944 533/9/945 520/9/757
f 662/9/944 520/9/757 648/9/930
f 662/9/944 648/9/930 651/9/577
f 662/9/944 651/9/577 663/9/595
f 665/8/947 653/8/932 652/8/931
f 665/8/947 652/8/931 664/8/946
f 665/8/948 666/8/226 654/8/210
f 665/8/948 654/8/210 653/8/932
f 667/8/949 666/8/950 665/8/951
f 667/8/949 665/8/951 664/8/952
f 668/8/953 664/8/952 652/8/931
f 668/8/953 652/8/931 655/8/954
f 668/8/955 655/8/956 658/8/939
f 668/8/955 658/8/939 669/8/957
f 667/8/949 664/8/958 668/8/959
f 667/8/949 668/8/959 669/8/957
f 521/5/501 534/5/319 670/5/501
f 521/5/501 670/5/501 659/5/501
f 671/10/960 536/10/961 524/10/421
f 671/10/960 524/10/421 523/10/759
f 673/10/963 536/10/780 671/10/960
f 673/10/963 671/10/960 672/10/962
f 674/1/964 671/1/960 523/1/759
f 674/1/964 523/1/759 526/1/762
f 675/1/965 672/1/962 671/1/960
f 675/1/965 671/1/960 674/1/964
f 674/2/964 526/2/762 528/2/764
f 674/2/964 528/2/764 539/2/966
f 676/2/967 675/2/965 674/2/964
f 676/2/967 674/2/964 539/2/785
f 542/10/790 531/10/789 661/10/968
f 542/10/790 661/10/968 677/10/969
f 678/10/787 543/10/790 542/10/790
f 678/10/787 542/10/790 677/10/970
f 680/8/972 530/8/973 533/8/974
f 680/8/972 533/8/974 679/8/971
f 680/8/976 681/8/977 660/8/975
f 680/8/976 660/8/975 530/8/975
f 682/8/433 681/8/978 680/8/979
f 682/8/433 680/8/979 679/8/971
f 683/3/422 679/3/971 533/3/980
f 683/3/422 533/3/980 662/3/944
f 683/3/424 662/3/944 663/3/595
f 683/3/424 663/3/595 684/3/981
f 682/3/433 679/3/971 683/3/427
f 682/3/433 683/3/427 684/3/982
f 534/5/319 545/5/792 685/5/151
f 534/5/319 685/5/151 670/5/501
f 686/5/983 544/5/791 537/5/605
f 686/5/983 537/5/605 536/5/780
f 686/5/983 536/5/984 673/5/985
f 686/5/983 673/5/985 687/5/986
f 688/5/983 544/5/791 686/5/983
f 688/5/983 686/5/983 687/5/986
f 689/6/987 539/6/785 540/6/786
f 689/6/987 540/6/786 548/6/793
f 689/6/987 690/6/989 676/6/967
f 689/6/987 676/6/967 539/6/988
f 691/6/990 690/6/989 689/6/987
f 691/6/990 689/6/987 548/6/793
f 693/4/804 553/4/799 552/4/798
f 693/4/804 552/4/798 692/4/796
f 555/10/799 543/10/790 678/10/787
f 555/10/799 678/10/787 694/10/991
f 692/10/796 552/10/798 555/10/799
f 692/10/796 555/10/799 694/10/992
f 558/5/807 544/5/791 688/5/983
f 558/5/807 688/5/983 695/5/993
f 559/5/809 696/5/994 685/5/151
f 559/5/809 685/5/151 545/5/792
f 696/5/996 559/5/810 558/5/810
f 696/5/996 558/5/810 695/5/995
f 698/6/998 548/6/999 549/6/794
f 698/6/998 549/6/794 697/6/997
f 698/6/1001 699/6/1002 691/6/990
f 698/6/1001 691/6/990 548/6/1000
f 700/6/1003 699/6/1004 698/6/1005
f 700/6/1003 698/6/1005 697/6/997
f 697/6/997 549/6/794 550/6/795
f 697/6/997 550/6/795 562/6/1006
f 701/6/1007 700/6/1003 697/6/997
f 701/6/1007 697/6/997 562/6/816
f 701/2/1007 562/2/816 563/2/815
f 701/2/1007 563/2/815 702/2/1008
f 565/3/799 553/3/799 693/3/802
f 565/3/799 693/3/802 703/3/1009
f 702/3/1008 563/3/815 565/3/799
f 702/3/1008 565/3/799 703/3/1010
f 568/3/1011 567/3/823 704/3/1012
f 568/3/1011 704/3/1012 705/3/1013
f 704/3/449 567/3/822 706/3/450
f 704/3/449 706/3/450 707/3/451
f 704/3/1015 707/3/1016 708/3/1017
f 704/3/1015 708/3/1017 705/3/1014
f 568/3/824 705/3/1019 709/3/1020
f 568/3/824 709/3/1020 569/3/1018
f 709/3/1020 710/3/1020 711/3/1020
f 709/3/1020 711/3/1020 569/3/1020
f 709/3/1020 705/3/1021 708/3/1017
f 709/3/1020 708/3/1017 710/3/1022
f 574/3/648 573/3/650 712/3/454
f 574/3/648 712/3/454 713/3/455
f 712/3/454 573/3/454 714/3/454
f 712/3/454 714/3/454 715/3/454
f 712/3/454 715/3/456 716/3/457
f 712/3/454 716/3/457 713/3/455
f 575/3/458 574/3/648 713/3/455
f 575/3/458 713/3/455 717/3/458
f 717/3/458 713/3/455 716/3/457
f 717/3/458 716/3/457 718/3/459
f 576/3/458 575/3/458 717/3/458
f 576/3/458 717/3/458 719/3/458
f 719/3/458 717/3/458 718/3/459
f 719/3/458 718/3/459 720/3/459
f 577/3/458 576/3/458 719/3/458
f 577/3/458 719/3/458 721/3/458
f 721/3/458 719/3/458 720/3/459
f 721/3/458 720/3/459 722/3/459
f 578/3/828 577/3/458 721/3/458
f 578/3/828 721/3/458 723/3/1023
f 723/3/1023 721/3/458 722/3/459
f 723/3/1023 722/3/459 724/3/1024
f 578/3/828 723/3/1023 725/3/1026
f 578/3/828 725/3/1026 579/3/1025
f 725/3/1028 726/3/1029 727/3/658
f 725/3/1028 727/3/658 579/3/1027
f 725/3/1030 723/3/1023 724/3/1024
f 725/3/1030 724/3/1024 726/3/1029
f 566/1/122 728/1/293 706/1/450
f 566/1/122 706/1/450 567/1/822
f 570/3/461 569/3/1022 711/3/1020
f 570/3/461 711/3/1020 729/3/1031
f 571/3/459 570/3/461 729/3/1031
f 571/3/459 729/3/1031 730/3/458
f 572/3/457 571/3/459 730/3/458
f 572/3/457 730/3/458 731/3/455
f 572/3/457 731/3/455 714/3/454
f 572/3/457 714/3/454 573/3/456
f 580/3/830 579/3/832 727/3/658
f 580/3/830 727/3/658 732/3/1032
f 581/3/831 580/3/830 733/3/657
f 581/3/831 733/3/657 592/3/1033
f 733/3/657 734/3/1034 735/3/1035
f 733/3/657 735/3/1035 592/3/831
f 733/3/657 580/3/830 732/3/1032
f 733/3/657 732/3/1032 734/3/1034
f 736/3/1036 597/3/1037 737/3/244
f 736/3/1036 737/3/244 738/3/1038
f 737/3/1039 597/3/245 739/3/1040
f 737/3/1039 739/3/1040 740/3/1041
f 737/3/1039 740/3/1041 741/3/1043
f 737/3/1039 741/3/1043 738/3/1042
f 584/9/1044 736/9/1036 738/9/1038
f 584/9/1044 738/9/1038 585/9/1045
f 738/9/1047 741/9/1043 742/9/1048
f 738/9/1047 742/9/1048 585/9/1046
f 586/3/840 585/3/839 742/3/1048
f 586/3/840 742/3/1048 743/3/1049
f 586/4/840 743/4/1050 744/4/1051
f 586/4/840 744/4/1051 589/4/847
f 590/4/845 589/4/1052 745/4/1053
f 590/4/845 745/4/1053 601/4/874
f 745/4/1053 746/4/1055 747/4/466
f 745/4/1053 747/4/466 601/4/1054
f 745/4/1053 589/4/847 744/4/1051
f 745/4/1053 744/4/1051 746/4/1055
f 566/3/122 591/3/501 748/3/501
f 566/3/122 748/3/501 728/3/293
f 594/3/856 592/3/1056 735/3/1057
f 594/3/856 735/3/1057 749/3/1058
f 594/3/856 749/3/1059 739/3/1060
f 594/3/856 739/3/1060 597/3/862
f 598/3/1062 597/3/1037 736/3/1036
f 598/3/1062 736/3/1036 750/3/1061
f 599/3/1063 750/3/1061 736/3/1036
f 599/3/1063 736/3/1036 584/3/1044
f 602/4/1065 601/4/1066 751/4/1067
f 602/4/1065 751/4/1067 613/4/1064
f 751/4/1068 601/4/1069 747/4/466
f 751/4/1068 747/4/466 752/4/1070
f 613/4/1064 751/4/1068 753/4/1071
f 613/4/1064 753/4/1071 610/4/890
f 753/4/1072 754/4/1073 755/4/1074
f 753/4/1072 755/4/1074 610/4/885
f 753/4/1071 751/4/1075 752/4/1070
f 753/4/1071 752/4/1070 754/4/1076
f 591/1/501 603/1/501 756/1/501
f 591/1/501 756/1/501 748/1/501
f 604/3/36 598/3/1078 750/3/1061
f 604/3/36 750/3/1061 615/3/1077
f 605/3/16 615/3/1077 750/3/1061
f 605/3/16 750/3/1061 599/3/1063
f 612/7/878 606/7/878 602/7/1065
f 612/7/878 602/7/1065 613/7/1079
f 611/7/886 610/7/885 755/7/1074
f 611/7/886 755/7/1074 757/7/1080
f 603/1/501 614/1/501 758/1/501
f 603/1/501 758/1/501 756/1/501
f 617/7/898 611/7/886 757/7/1080
f 617/7/898 757/7/1080 759/7/1081
f 614/2/501 618/2/501 760/2/501
f 614/2/501 760/2/501 758/2/501
f 617/7/898 759/7/1081 761/7/1082
f 617/7/898 761/7/1082 624/7/901
f 618/1/501 625/1/501 762/1/501
f 618/1/501 762/1/501 760/1/501
f 626/9/43 620/9/57 619/9/57
f 626/9/43 619/9/57 627/9/43
f 763/7/915 630/7/916 622/7/80
f 763/7/915 622/7/80 621/7/917
f 764/7/1083 763/7/915 621/7/917
f 764/7/1083 621/7/917 624/7/1084
f 764/7/1085 624/7/901 761/7/1082
f 764/7/1085 761/7/1082 765/7/1086
f 625/2/501 631/2/501 766/2/501
f 625/2/501 766/2/501 762/2/501
f 633/7/380 632/7/380 626/7/43
f 633/7/380 626/7/43 627/7/43
f 636/7/541 630/7/756 763/7/915
f 636/7/541 763/7/915 767/7/1087
f 768/7/1088 767/7/1087 763/7/915
f 768/7/1088 763/7/915 764/7/1083
f 768/7/1089 764/7/1085 765/7/1086
f 768/7/1089 765/7/1086 769/7/1090
f 770/7/1092 767/7/1093 768/7/1094
f 770/7/1092 768/7/1094 769/7/1091
f 631/1/501 637/1/501 771/1/501
f 631/1/501 771/1/501 766/1/501
f 643/10/1095 640/10/1095 632/10/380
f 643/10/1095 632/10/380 633/10/380
f 772/7/1096 646/7/929 636/7/541
f 772/7/1096 636/7/541 767/7/1087
f 772/7/1096 767/7/1097 770/7/1092
f 772/7/1096 770/7/1092 773/7/1098
f 637/2/501 647/2/501 774/2/501
f 637/2/501 774/2/501 771/2/501
f 654/10/1099 650/10/1100 640/10/1095
f 654/10/1099 640/10/1095 643/10/1095
f 775/4/1101 657/4/938 646/4/929
f 775/4/1101 646/4/929 772/4/1096
f 775/4/1101 772/4/1096 773/4/1098
f 775/4/1101 773/4/1098 776/4/1102
f 777/4/779 657/4/938 775/4/1101
f 777/4/779 775/4/1101 776/4/1102
f 647/5/501 659/5/501 778/5/501
f 647/5/501 778/5/501 774/5/501
f 779/3/1103 663/3/595 651/3/577
f 779/3/1103 651/3/577 650/3/1104
f 779/7/1103 650/7/1100 654/7/1106
f 779/7/1103 654/7/1106 666/7/1105
f 780/4/614 669/4/957 658/4/939
f 780/4/614 658/4/939 657/4/938
f 780/4/614 657/4/938 777/4/779
f 780/4/614 777/4/779 781/4/1107
f 782/4/1108 669/4/957 780/4/614
f 782/4/1108 780/4/614 781/4/1107
f 659/5/501 670/5/501 783/5/501
f 659/5/501 783/5/501 778/5/501
f 785/10/1110 673/10/798 672/10/962
f 785/10/1110 672/10/962 784/10/1109
f 786/3/1111 784/3/1112 672/3/962
f 786/3/1111 672/3/962 675/3/965
f 787/3/1113 786/3/1111 675/3/965
f 787/3/1113 675/3/965 676/3/967
f 677/8/1115 661/8/805 660/8/805
f 677/8/1115 660/8/805 681/8/1114
f 788/8/1116 789/8/1116 677/8/1117
f 788/8/1116 677/8/1117 681/8/1114
f 790/10/1118 684/10/1119 663/10/595
f 790/10/1118 663/10/595 779/10/1103
f 792/10/421 684/10/982 790/10/1118
f 792/10/421 790/10/1118 791/10/759
f 793/9/1120 790/9/1118 779/9/1103
f 793/9/1120 779/9/1103 666/9/1121
f 794/9/1122 791/9/759 790/9/1118
f 794/9/1122 790/9/1118 793/9/1120
f 793/8/1120 666/8/1121 667/8/949
f 793/8/1120 667/8/949 795/8/1123
f 794/8/1122 793/8/1120 795/8/1123
f 794/8/1122 795/8/1123 796/8/1124
f 797/4/1125 795/4/1123 667/4/949
f 797/4/1125 667/4/949 669/4/957
f 797/4/1125 669/4/957 782/4/1108
f 797/4/1125 782/4/1108 798/4/1126
f 796/4/1127 795/4/1123 797/4/1125
f 796/4/1127 797/4/1125 798/4/1126
f 670/5/501 685/5/151 799/5/319
f 670/5/501 799/5/319 783/5/501
f 687/5/986 673/5/807 785/5/806
f 687/5/986 785/5/806 800/5/1128
f 690/3/989 801/3/1129 787/3/1130
f 690/3/989 787/3/1130 676/3/967
f 802/3/1131 801/3/1132 690/3/989
f 802/3/1131 690/3/989 691/3/990
f 803/7/1133 694/7/992 678/7/787
f 803/7/1133 678/7/787 677/7/1134
f 803/7/1133 677/7/969 789/7/1135
f 803/7/1133 789/7/1135 804/7/1136
f 805/7/1138 694/7/992 803/7/1133
f 805/7/1138 803/7/1133 804/7/1137
f 807/8/1140 681/8/978 682/8/433
f 807/8/1140 682/8/433 806/8/1139
f 807/8/1140 808/8/1141 788/8/975
f 807/8/1140 788/8/975 681/8/977
f 809/8/1142 808/8/1143 807/8/1140
f 809/8/1142 807/8/1140 806/8/1139
f 810/7/1144 806/7/1139 682/7/433
f 810/7/1144 682/7/433 684/7/1119
f 810/7/1144 684/7/1119 792/7/421
f 810/7/1144 792/7/421 811/7/1145
f 809/7/1147 806/7/1139 810/7/1144
f 809/7/1147 810/7/1144 811/7/1146
f 685/5/151 696/5/994 812/5/792
f 685/5/151 812/5/792 799/5/319
f 813/5/1148 695/5/1149 688/5/983
f 813/5/1148 688/5/983 687/5/986
f 813/5/1148 687/5/986 800/5/1128
f 813/5/1148 800/5/1128 814/5/1150
f 815/5/1151 695/5/1152 813/5/1148
f 815/5/1151 813/5/1148 814/5/1150
f 699/3/1153 816/3/1154 802/3/1131
f 699/3/1153 802/3/1131 691/3/990
f 817/9/796 703/9/1155 693/9/800
f 817/9/796 693/9/800 692/9/796
f 819/9/799 703/9/1010 817/9/796
f 819/9/799 817/9/796 818/9/798
f 820/10/800 817/10/796 692/10/796
f 820/10/800 692/10/796 694/10/1156
f 820/10/802 694/10/991 805/10/1138
f 820/10/802 805/10/1138 821/10/799
f 818/10/798 817/10/796 820/10/804
f 818/10/798 820/10/804 821/10/799
f 822/5/805 823/5/805 696/5/805
f 822/5/805 696/5/805 695/5/1157
f 822/5/968 695/5/993 815/5/1151
f 822/5/968 815/5/1151 824/5/1158
f 823/5/808 825/5/809 812/5/792
f 823/5/808 812/5/792 696/5/994
f 824/5/810 825/5/810 823/5/540
f 824/5/810 823/5/540 822/5/540
f 827/3/1160 699/3/1161 700/3/1003
f 827/3/1160 700/3/1003 826/3/1159
f 827/3/1162 828/3/1163 816/3/1154
f 827/3/1162 816/3/1154 699/3/1153
f 829/3/1164 828/3/1165 827/3/341
f 829/3/1164 827/3/341 826/3/1166
f 830/3/1167 826/3/1168 700/3/1003
f 830/3/1167 700/3/1003 701/3/1007
f 831/3/1169 829/3/1164 826/3/1168
f 831/3/1169 826/3/1168 830/3/1167
f 832/2/1170 830/2/1167 701/2/1007
f 832/2/1170 701/2/1007 702/2/1008
f 833/2/1171 831/2/1169 830/2/1167
f 833/2/1171 830/2/1167 832/2/1170
f 834/4/800 832/4/1170 702/4/1008
f 834/4/800 702/4/1008 703/4/1155
f 834/4/802 703/4/1009 819/4/799
f 834/4/802 819/4/799 835/4/799
f 833/4/1171 832/4/1170 834/4/804
f 833/4/1171 834/4/804 835/4/799
f 707/9/451 706/9/450 836/9/1172
f 707/9/451 836/9/1172 837/9/1173
f 708/9/1017 707/9/1016 837/9/1174
f 708/9/1017 837/9/1174 838/9/1175
f 708/9/1017 838/9/1175 839/9/1176
f 708/9/1017 839/9/1176 710/9/827
f 711/10/1020 710/10/1018 840/10/828
f 711/10/1020 840/10/828 729/10/1031
f 840/10/828 710/10/826 839/10/1176
f 840/10/828 839/10/1176 841/10/1177
f 730/7/458 729/7/1031 840/7/828
f 730/7/458 840/7/828 842/7/458
f 842/7/458 840/7/828 841/7/1177
f 842/7/458 841/7/1177 843/7/459
f 731/8/455 730/8/458 842/8/458
f 731/8/455 842/8/458 844/8/648
f 844/8/648 842/8/458 843/8/459
f 844/8/648 843/8/459 845/8/1178
f 714/8/454 731/8/455 844/8/648
f 714/8/454 844/8/648 715/8/650
f 844/8/648 845/8/1178 846/8/1179
f 844/8/648 846/8/1179 715/8/651
f 716/7/457 715/7/652 846/7/1179
f 716/7/457 846/7/1179 847/7/1180
f 718/3/459 716/3/457 847/3/1180
f 718/3/459 847/3/1180 848/3/1181
f 720/11/459 718/11/459 848/11/1181
f 720/11/459 848/11/1181 849/11/1181
f 722/11/459 720/11/459 849/11/1181
f 722/11/459 849/11/1181 850/11/1181
f 724/11/1024 722/11/459 850/11/1181
f 724/11/1024 850/11/1181 851/11/1182
f 726/11/1029 852/11/1183 853/11/657
f 726/11/1029 853/11/657 727/11/658
f 726/11/1029 724/11/1024 851/11/1182
f 726/11/1029 851/11/1182 852/11/1184
f 742/3/1048 741/3/1043 854/3/454
f 742/3/1048 854/3/454 855/3/1185
f 854/3/454 741/3/1043 856/3/1186
f 854/3/454 856/3/1186 857/3/1187
f 854/3/454 857/3/1188 858/3/1189
f 854/3/454 858/3/1189 855/3/1185
f 742/3/1048 855/3/1185 859/3/1020
f 742/3/1048 859/3/1020 743/3/1050
f 859/3/1020 860/3/1191 861/3/1192
f 859/3/1020 861/3/1192 743/3/1190
f 859/3/1020 855/3/1185 858/3/1189
f 859/3/1020 858/3/1189 860/3/1193
f 706/1/450 728/1/293 862/1/501
f 706/1/450 862/1/501 836/1/1172
f 732/12/1032 727/12/658 853/12/657
f 732/12/1032 853/12/657 863/12/1194
f 735/13/1195 734/13/1034 864/13/1196
f 735/13/1195 864/13/1196 865/13/1035
f 732/13/1032 863/13/1194 864/13/1196
f 732/13/1032 864/13/1196 734/13/1034
f 739/3/1197 749/3/1198 866/3/1199
f 739/3/1197 866/3/1199 740/3/1041
f 866/3/1199 749/3/1200 867/3/1201
f 866/3/1199 867/3/1201 868/3/1202
f 866/3/1199 868/3/1202 869/3/1203
f 866/3/1199 869/3/1203 740/3/1041
f 740/3/1041 869/3/1203 856/3/1186
f 740/3/1041 856/3/1186 741/3/1043
f 744/4/1051 743/4/1050 861/4/1192
f 744/4/1051 861/4/1192 870/4/1204
f 744/4/1051 870/4/1204 871/4/1205
f 744/4/1051 871/4/1205 746/4/1055
f 747/4/466 746/4/1055 872/4/657
f 747/4/466 872/4/657 752/4/1070
f 872/4/657 873/4/658 874/4/1206
f 872/4/657 874/4/1206 752/4/1070
f 872/4/657 746/4/1055 871/4/1205
f 872/4/657 871/4/1205 873/4/658
f 728/9/293 748/9/501 875/9/501
f 728/9/293 875/9/501 862/9/501
f 735/12/1207 865/12/1208 867/12/1208
f 735/12/1207 867/12/1208 749/12/1058
f 755/4/1074 754/4/1073 876/4/1209
f 755/4/1074 876/4/1209 877/4/1210
f 754/4/1211 752/4/1070 874/4/1206
f 754/4/1211 874/4/1206 876/4/1209
f 748/9/501 756/9/501 878/9/501
f 748/9/501 878/9/501 875/9/501
f 757/7/1080 755/7/1074 877/7/1210
f 757/7/1080 877/7/1210 879/7/1212
f 756/1/501 758/1/501 880/1/501
f 756/1/501 880/1/501 878/1/501
f 759/7/1081 757/7/1080 879/7/1212
f 759/7/1081 879/7/1212 881/7/1212
f 758/2/501 760/2/501 882/2/501
f 758/2/501 882/2/501 880/2/501
f 761/7/1082 759/7/1081 881/7/1212
f 761/7/1082 881/7/1212 883/7/1212
f 760/1/501 762/1/501 884/1/501
f 760/1/501 884/1/501 882/1/501
f 765/7/1086 761/7/1082 883/7/1212
f 765/7/1086 883/7/1212 885/7/1081
f 762/2/501 766/2/501 886/2/501
f 762/2/501 886/2/501 884/2/501
f 765/4/1086 885/4/1081 887/4/1214
f 765/4/1086 887/4/1214 769/4/1213
f 766/9/501 771/9/501 888/9/501
f 766/9/501 888/9/501 886/9/501
f 889/4/1215 773/4/1098 770/4/1092
f 889/4/1215 770/4/1092 769/4/1216
f 889/4/1215 769/4/1217 887/4/1214
f 889/4/1215 887/4/1214 890/4/1218
f 891/4/1219 773/4/1098 889/4/1215
f 891/4/1219 889/4/1215 890/4/1218
f 771/9/501 774/9/501 892/9/501
f 771/9/501 892/9/501 888/9/501
f 776/4/1102 773/4/1098 891/4/1219
f 776/4/1102 891/4/1219 893/4/1220
f 774/9/501 778/9/501 894/9/501
f 774/9/501 894/9/501 892/9/501
f 895/4/1221 781/4/1107 777/4/779
f 895/4/1221 777/4/779 776/4/1222
f 895/4/1223 776/4/1224 893/4/1220
f 895/4/1223 893/4/1220 896/4/1225
f 897/4/1226 781/4/1107 895/4/1227
f 897/4/1226 895/4/1227 896/4/1225
f 778/9/501 783/9/501 898/9/501
f 778/9/501 898/9/501 894/9/501
f 900/4/1229 796/4/1127 798/4/1126
f 900/4/1229 798/4/1126 899/4/1228
f 901/4/1230 798/4/1126 782/4/1108
f 901/4/1230 782/4/1108 781/4/1107
f 901/4/1230 781/4/1107 897/4/1226
f 901/4/1230 897/4/1226 902/4/1138
f 899/4/1228 798/4/1126 901/4/1230
f 899/4/1228 901/4/1230 902/4/1138
f 783/9/501 799/9/319 903/9/501
f 783/9/501 903/9/501 898/9/501
f 904/10/1231 800/10/1232 785/10/1233
f 904/10/1231 785/10/1233 784/10/1234
f 906/10/1236 800/10/1237 904/10/1231
f 906/10/1236 904/10/1231 905/10/1235
f 907/7/964 904/7/1231 784/7/1112
f 907/7/964 784/7/1112 786/7/1111
f 908/7/965 905/7/1235 904/7/1231
f 908/7/965 904/7/1231 907/7/964
f 907/6/964 786/6/1111 787/6/1239
f 907/6/964 787/6/1239 801/6/1238
f 909/6/967 908/6/965 907/6/964
f 909/6/967 907/6/964 801/6/1132
f 911/7/1230 805/7/1138 804/7/1137
f 911/7/1230 804/7/1137 910/7/1240
f 804/10/1242 789/10/1116 788/10/1116
f 804/10/1242 788/10/1116 808/10/1241
f 912/10/1243 910/10/1244 804/10/1245
f 912/10/1243 804/10/1245 808/10/1246
f 913/7/1247 912/7/1243 808/7/1248
f 913/7/1247 808/7/1248 809/7/1249
f 914/9/1250 811/9/1146 792/9/421
f 914/9/1250 792/9/421 791/9/759
f 916/9/1252 811/9/1146 914/9/1250
f 916/9/1252 914/9/1250 915/9/1251
f 917/4/1253 914/4/1250 791/4/759
f 917/4/1253 791/4/759 794/4/1122
f 918/4/1254 915/4/1255 914/4/1250
f 918/4/1254 914/4/1250 917/4/1253
f 919/3/1256 917/3/1253 794/3/1122
f 919/3/1256 794/3/1122 796/3/1127
f 919/3/1256 796/3/1257 900/3/1229
f 919/3/1256 900/3/1229 920/3/1258
f 918/3/1254 917/3/1253 919/3/1256
f 918/3/1254 919/3/1256 920/3/1259
f 799/9/319 812/9/792 921/9/151
f 799/9/319 921/9/151 903/9/501
f 814/9/1150 800/9/1260 906/9/1236
f 814/9/1150 906/9/1236 922/9/1151
f 922/9/1151 923/9/1150 815/9/1151
f 922/9/1151 815/9/1151 814/9/1150
f 924/6/1262 801/6/1132 802/6/1131
f 924/6/1262 802/6/1131 816/6/1261
f 924/6/1262 925/6/1263 909/6/967
f 924/6/1262 909/6/967 801/6/1129
f 926/6/1264 925/6/1263 924/6/1262
f 926/6/1264 924/6/1262 816/6/1154
f 928/9/804 819/9/799 818/9/798
f 928/9/804 818/9/798 927/9/796
f 821/10/799 805/10/1138 911/10/1230
f 821/10/799 911/10/1230 929/10/1265
f 927/10/796 818/10/798 821/10/799
f 927/10/796 821/10/799 929/10/1266
f 930/10/1267 931/10/1267 809/10/1268
f 930/10/1267 809/10/1268 811/10/1269
f 930/10/1135 811/10/1145 916/10/1252
f 930/10/1135 916/10/1252 932/10/1270
f 931/10/1272 933/10/1273 913/10/1247
f 931/10/1272 913/10/1247 809/10/1271
f 933/10/1275 931/10/64 930/10/64
f 933/10/1275 930/10/64 932/10/1274
f 824/9/1158 815/9/1151 923/9/1150
f 824/9/1158 923/9/1150 934/9/1128
f 825/9/809 935/9/994 921/9/151
f 825/9/809 921/9/151 812/9/792
f 934/9/996 935/9/996 825/9/810
f 934/9/996 825/9/810 824/9/810
f 828/4/1277 936/4/1278 926/4/1264
f 828/4/1277 926/4/1264 816/4/1276
f 937/4/1279 936/4/1278 828/4/1165
f 937/4/1279 828/4/1165 829/4/1164
f 937/3/1279 829/3/1164 831/3/1169
f 937/3/1279 831/3/1169 938/3/1280
f 939/4/1281 938/4/1282 831/4/1169
f 939/4/1281 831/4/1169 833/4/1171
f 835/4/799 819/4/799 928/4/802
f 835/4/799 928/4/802 940/4/1009
f 939/4/1283 833/4/1171 835/4/799
f 939/4/1283 835/4/799 940/4/1010
f 837/10/1173 836/10/1172 941/10/1172
f 837/10/1173 941/10/1172 942/10/1173
f 838/10/1175 837/10/1174 942/10/1174
f 838/10/1175 942/10/1174 943/10/1284
f 839/10/1176 838/10/1175 943/10/1284
f 839/10/1176 943/10/1284 944/10/1181
f 841/7/1177 839/7/1176 944/7/1181
f 841/7/1177 944/7/1181 945/7/1181
f 843/8/459 841/8/1177 945/8/1181
f 843/8/459 945/8/1181 946/8/1181
f 845/8/1178 843/8/459 946/8/1181
f 845/8/1178 946/8/1181 947/8/1181
f 846/7/1179 845/7/1178 947/7/1181
f 846/7/1179 947/7/1181 948/7/1181
f 847/3/1180 846/3/1179 948/3/1181
f 847/3/1180 948/3/1181 949/3/1181
f 848/11/1181 847/11/1180 949/11/1181
f 848/11/1181 949/11/1181 950/11/1181
f 849/11/1181 848/11/1181 950/11/1181
f 849/11/1181 950/11/1181 951/11/1181
f 850/12/1181 849/12/1181 951/12/1181
f 850/12/1181 951/12/1181 952/12/1181
f 851/11/1182 850/11/1181 952/11/1181
f 851/11/1182 952/11/1181 953/11/1285
f 851/12/1182 953/12/1285 954/12/1287
f 851/12/1182 954/12/1287 852/12/1286
f 853/13/657 852/13/657 955/13/657
f 853/13/657 955/13/657 863/13/1194
f 955/13/657 956/13/1288 957/13/1196
f 955/13/657 957/13/1196 863/13/1194
f 955/13/657 852/13/1289 954/13/1287
f 955/13/657 954/13/1287 956/13/1288
f 856/3/1186 869/3/1203 958/3/1290
f 856/3/1186 958/3/1290 857/3/1187
f 958/3/1290 869/3/1203 959/3/1291
f 958/3/1290 959/3/1291 960/3/1292
f 958/3/1290 960/3/1292 961/3/1293
f 958/3/1290 961/3/1293 857/3/1188
f 858/3/1189 857/3/1294 961/3/1293
f 858/3/1189 961/3/1293 962/3/1295
f 858/3/1189 962/3/1295 963/3/1297
f 858/3/1189 963/3/1297 860/3/1296
f 861/9/1192 860/9/1191 964/9/1192
f 861/9/1192 964/9/1192 870/9/1204
f 964/9/1192 965/9/1298 966/9/1192
f 964/9/1192 966/9/1192 870/9/1204
f 964/9/1192 860/9/1193 963/9/1297
f 964/9/1192 963/9/1297 965/9/1298
f 836/1/1172 862/1/501 967/1/501
f 836/1/1172 967/1/501 941/1/1172
f 864/14/1196 968/14/1299 969/14/1300
f 864/14/1196 969/14/1300 865/14/1035
f 864/14/1196 863/14/1194 957/14/1196
f 864/14/1196 957/14/1196 968/14/1301
f 868/3/1202 867/3/1201 970/3/1201
f 868/3/1202 970/3/1201 971/3/1302
f 868/3/1202 971/3/1303 959/3/1291
f 868/3/1202 959/3/1291 869/3/1203
f 871/4/1205 870/4/1204 966/4/1192
f 871/4/1205 966/4/1192 972/4/1304
f 873/4/658 973/4/1305 974/4/1306
f 873/4/658 974/4/1306 874/4/1206
f 873/4/658 871/4/1205 972/4/1304
f 873/4/658 972/4/1304 973/4/1307
f 862/1/501 875/1/501 975/1/501
f 862/1/501 975/1/501 967/1/501
f 865/13/1208 969/13/570 970/13/570
f 865/13/1208 970/13/570 867/13/1208
f 876/4/1209 976/4/1308 977/4/1309
f 876/4/1209 977/4/1309 877/4/1210
f 876/4/1209 874/4/1206 974/4/1306
f 876/4/1209 974/4/1306 976/4/1310
f 875/10/501 878/10/501 978/10/501
f 875/10/501 978/10/501 975/10/501
f 879/7/1212 877/7/1210 977/7/1309
f 879/7/1212 977/7/1309 979/7/1212
f 878/10/501 880/10/501 980/10/501
f 878/10/501 980/10/501 978/10/501
f 881/7/1212 879/7/1212 979/7/1212
f 881/7/1212 979/7/1212 981/7/1212
f 880/2/501 882/2/501 982/2/501
f 880/2/501 982/2/501 980/2/501
f 883/7/1212 881/7/1212 981/7/1212
f 883/7/1212 981/7/1212 983/7/1212
f 882/1/501 884/1/501 984/1/501
f 882/1/501 984/1/501 982/1/501
f 885/7/1081 883/7/1212 983/7/1212
f 885/7/1081 983/7/1212 985/7/1212
f 884/2/501 886/2/501 986/2/501
f 884/2/501 986/2/501 984/2/501
f 887/4/1214 885/4/1081 985/4/1212
f 887/4/1214 985/4/1212 987/4/1311
f 886/10/501 888/10/501 988/10/501
f 886/10/501 988/10/501 986/10/501
f 890/4/1218 887/4/1214 987/4/1311
f 890/4/1218 987/4/1311 989/4/1312
f 990/4/1215 891/4/1219 890/4/1218
f 990/4/1215 890/4/1218 989/4/1313
f 888/5/501 892/5/501 991/5/501
f 888/5/501 991/5/501 988/5/501
f 893/4/1220 891/4/1219 990/4/1215
f 893/4/1220 990/4/1215 992/4/1314
f 892/5/501 894/5/501 993/5/501
f 892/5/501 993/5/501 991/5/501
f 896/4/1225 893/4/1220 992/4/1314
f 896/4/1225 992/4/1314 994/4/1315
f 995/4/1316 897/4/1226 896/4/1225
f 995/4/1316 896/4/1225 994/4/1315
f 894/5/501 898/5/501 996/5/501
f 894/5/501 996/5/501 993/5/501
f 902/4/1138 897/4/1226 995/4/1316
f 902/4/1138 995/4/1316 997/4/1317
f 998/4/1318 899/4/1228 902/4/1138
f 998/4/1318 902/4/1138 997/4/1317
f 898/5/501 903/5/501 999/5/501
f 898/5/501 999/5/501 996/5/501
f 1001/10/804 906/10/1236 905/10/1235
f 1001/10/804 905/10/1235 1000/10/1170
f 1002/6/1111 1000/6/1170 905/6/1235
f 1002/6/1111 905/6/1235 908/6/965
f 1003/6/1113 1002/6/1111 908/6/965
f 1003/6/1113 908/6/965 909/6/967
f 1005/7/1320 910/7/1321 912/7/1243
f 1005/7/1320 912/7/1243 1004/7/1319
f 1006/3/1322 1004/3/1323 912/3/1243
f 1006/3/1322 912/3/1243 913/3/1247
f 1007/4/1324 1008/4/1324 915/4/1325
f 1007/4/1324 915/4/1325 918/4/1326
f 1009/3/1318 920/3/1327 900/3/1229
f 1009/3/1318 900/3/1229 899/3/1228
f 1009/3/1318 899/3/1228 998/3/1318
f 1009/3/1318 998/3/1318 1010/3/1328
f 1011/3/1138 920/3/1258 1009/3/1318
f 1011/3/1138 1009/3/1318 1010/3/1328
f 903/5/501 921/5/151 1012/5/319
f 903/5/501 1012/5/319 999/5/501
f 922/5/1151 906/5/1236 1001/5/802
f 922/5/1151 1001/5/802 1013/5/1329
f 1014/5/1148 923/5/1150 922/5/1151
f 1014/5/1148 922/5/1151 1013/5/1330
f 925/6/1263 1015/6/1331 1003/6/1130
f 925/6/1263 1003/6/1130 909/6/967
f 1016/6/987 1015/6/1332 925/6/1263
f 1016/6/987 925/6/1263 926/6/1264
f 1017/8/1333 929/8/1266 911/8/1230
f 1017/8/1333 911/8/1230 910/8/1334
f 1017/8/1333 910/8/1335 1005/8/1336
f 1017/8/1333 1005/8/1336 1018/8/1337
f 1019/8/1338 929/8/1266 1017/8/1333
f 1019/8/1338 1017/8/1333 1018/8/1337
f 933/9/1273 1020/9/1339 1006/9/1340
f 933/9/1273 1006/9/1340 913/9/1247
f 1021/9/1341 1020/9/1342 933/9/1275
f 1021/9/1341 933/9/1275 932/9/1343
f 1022/4/1344 932/4/1345 916/4/1252
f 1022/4/1344 916/4/1252 915/4/1346
f 1022/4/1344 915/4/1347 1008/4/1348
f 1022/4/1344 1008/4/1348 1023/4/1349
f 1021/4/1351 932/4/1352 1022/4/1344
f 1021/4/1351 1022/4/1344 1023/4/1350
f 1024/3/1267 1025/3/1267 918/3/1353
f 1024/3/1267 918/3/1353 920/3/1354
f 1024/3/968 920/3/1355 1011/3/1138
f 1024/3/968 1011/3/1138 1026/3/968
f 1025/3/1356 1027/3/1356 1007/3/1356
f 1025/3/1356 1007/3/1356 918/3/1356
f 1026/3/1357 1027/3/1358 1025/3/899
f 1026/3/1357 1025/3/899 1024/3/899
f 934/5/1128 923/5/1150 1014/5/1148
f 934/5/1128 1014/5/1148 1028/5/1359
f 921/5/151 935/5/994 1029/5/1360
f 921/5/151 1029/5/1360 1012/5/319
f 936/3/1278 1030/3/1331 1016/3/987
f 936/3/1278 1016/3/987 926/3/1264
f 1031/3/1361 1030/3/1332 936/3/1278
f 1031/3/1361 936/3/1278 937/3/1279
f 1032/4/1362 1031/4/1361 937/4/1279
f 1032/4/1362 937/4/1279 938/4/1363
f 1033/6/796 940/6/1155 928/6/800
f 1033/6/796 928/6/800 927/6/796
f 1035/6/1365 940/6/1010 1033/6/796
f 1035/6/1365 1033/6/796 1034/6/1364
f 1036/7/800 1033/7/796 927/7/796
f 1036/7/800 927/7/796 929/7/1366
f 1036/7/802 929/7/1265 1019/7/1338
f 1036/7/802 1019/7/1338 1037/7/1367
f 1034/7/1364 1033/7/796 1036/7/804
f 1034/7/1364 1036/7/804 1037/7/1367
f 1038/5/805 1039/5/805 935/5/805
f 1038/5/805 935/5/805 934/5/805
f 1038/5/806 934/5/1128 1028/5/1359
f 1038/5/806 1028/5/1359 1040/5/1368
f 1039/5/808 1041/5/1369 1029/5/1360
f 1039/5/808 1029/5/1360 935/5/994
f 1040/5/1370 1041/5/1370 1039/5/540
f 1040/5/1370 1039/5/540 1038/5/540
f 1043/4/1362 938/4/1372 939/4/1283
f 1043/4/1362 939/4/1283 1042/4/1371
f 1043/4/1362 1044/4/1362 1032/4/1362
f 1043/4/1362 1032/4/1362 938/4/1362
f 1045/4/1373 1044/4/1363 1043/4/1362
f 1045/4/1373 1043/4/1362 1042/4/1374
f 1046/9/800 1042/9/1375 939/9/1376
f 1046/9/800 939/9/1376 940/9/1155
f 1046/9/802 940/9/1009 1035/9/1365
f 1046/9/802 1035/9/1365 1047/9/1367
f 1045/9/1373 1042/9/821 1046/9/804
f 1045/9/1373 1046/9/804 1047/9/1367
f 942/7/1173 941/7/1172 1048/7/1172
f 942/7/1173 1048/7/1172 1049/7/1173
f 943/7/1284 942/7/1174 1049/7/1174
f 943/7/1284 1049/7/1174 1050/7/1284
f 944/7/1181 943/7/1284 1050/7/1284
f 944/7/1181 1050/7/1284 1051/7/1181
f 945/8/1181 944/8/1181 1051/8/1181
f 945/8/1181 1051/8/1181 1052/8/1181
f 946/8/1181 945/8/1181 1052/8/1181
f 946/8/1181 1052/8/1181 1053/8/1181
f 947/7/1181 946/7/1181 1053/7/1181
f 947/7/1181 1053/7/1181 1054/7/1181
f 948/10/1181 947/10/1181 1054/10/1181
f 948/10/1181 1054/10/1181 1055/10/1181
f 949/3/1181 948/3/1181 1055/3/1181
f 949/3/1181 1055/3/1181 1056/3/1181
f 950/11/1181 949/11/1181 1056/11/1181
f 950/11/1181 1056/11/1181 1057/11/1181
f 951/11/1181 950/11/1181 1057/11/1181
f 951/11/1181 1057/11/1181 1058/11/1181
f 952/12/1181 951/12/1181 1058/12/1181
f 952/12/1181 1058/12/1181 1059/12/1181
f 953/11/1285 952/11/1181 1059/11/1181
f 953/11/1285 1059/11/1181 1060/11/1181
f 954/12/1287 953/12/1285 1060/12/1181
f 954/12/1287 1060/12/1181 1061/12/1377
f 957/13/1196 956/13/1288 1062/13/1378
f 957/13/1196 1062/13/1378 1063/13/1379
f 956/13/1288 954/13/1287 1061/13/1377
f 956/13/1288 1061/13/1377 1062/13/1378
f 960/3/1292 959/3/1291 1064/3/1380
f 960/3/1292 1064/3/1380 1065/3/1380
f 961/3/1293 960/3/1292 1065/3/1380
f 961/3/1293 1065/3/1380 1066/3/1381
f 962/3/1295 961/3/1293 1066/3/1381
f 962/3/1295 1066/3/1381 1067/3/1382
f 963/3/1297 962/3/1295 1067/3/1382
f 963/3/1297 1067/3/1382 1068/3/1383
f 963/10/1297 1068/10/1384 1069/10/1385
f 963/10/1297 1069/10/1385 965/10/1298
f 966/9/1192 965/9/1298 1070/9/657
f 966/9/1192 1070/9/657 972/9/1304
f 1070/9/657 1071/9/1288 1072/9/1386
f 1070/9/657 1072/9/1386 972/9/1304
f 1070/9/657 965/9/1298 1069/9/1385
f 1070/9/657 1069/9/1385 1071/9/1288
f 941/1/1172 967/1/501 1073/1/501
f 941/1/1172 1073/1/501 1048/1/1172
f 957/14/1196 1063/14/1379 1074/14/1387
f 957/14/1196 1074/14/1387 968/14/1301
f 970/13/1388 969/13/1388 968/13/1388
f 970/13/1388 968/13/1388 971/13/1388
f 971/13/1389 968/13/1390 1074/13/1387
f 971/13/1389 1074/13/1387 1075/13/1391
f 959/3/1291 971/3/1303 1075/3/1391
f 959/3/1291 1075/3/1391 1064/3/1380
f 973/3/1307 972/3/1304 1072/3/1386
f 973/3/1307 1072/3/1386 1076/3/1392
f 974/3/1306 973/3/1394 1077/3/1395
f 974/3/1306 1077/3/1395 976/3/1393
f 1077/3/1072 1078/3/1396 1079/3/1074
f 1077/3/1072 1079/3/1074 976/3/1308
f 1077/3/1397 973/3/1307 1076/3/1392
f 1077/3/1397 1076/3/1392 1078/3/1398
f 967/1/501 975/1/501 1080/1/501
f 967/1/501 1080/1/501 1073/1/501
f 977/4/1309 976/4/1399 1079/4/1074
f 977/4/1309 1079/4/1074 1081/4/1080
f 975/7/501 978/7/501 1082/7/501
f 975/7/501 1082/7/501 1080/7/501
f 979/4/1212 977/4/1309 1081/4/1080
f 979/4/1212 1081/4/1080 1083/4/1212
f 978/7/501 980/7/501 1084/7/501
f 978/7/501 1084/7/501 1082/7/501
f 981/7/1212 979/7/1212 1083/7/1212
f 981/7/1212 1083/7/1212 1085/7/1212
f 980/2/501 982/2/501 1086/2/501
f 980/2/501 1086/2/501 1084/2/501
f 983/7/1212 981/7/1212 1085/7/1212
f 983/7/1212 1085/7/1212 1087/7/1212
f 982/1/501 984/1/501 1088/1/501
f 982/1/501 1088/1/501 1086/1/501
f 985/4/1212 983/4/1212 1087/4/1212
f 985/4/1212 1087/4/1212 1089/4/1212
f 984/5/501 986/5/501 1090/5/501
f 984/5/501 1090/5/501 1088/5/501
f 987/4/1311 985/4/1212 1089/4/1212
f 987/4/1311 1089/4/1212 1091/4/1081
f 986/7/501 988/7/501 1092/7/501
f 986/7/501 1092/7/501 1090/7/501
f 987/4/1311 1091/4/1081 1093/4/1401
f 987/4/1311 1093/4/1401 989/4/1400
f 988/5/501 991/5/501 1094/5/501
f 988/5/501 1094/5/501 1092/5/501
f 1095/4/1215 992/4/1314 990/4/1215
f 1095/4/1215 990/4/1215 989/4/1215
f 1095/4/1215 989/4/1402 1093/4/1401
f 1095/4/1215 1093/4/1401 1096/4/1403
f 1097/4/1404 992/4/1314 1095/4/1215
f 1097/4/1404 1095/4/1215 1096/4/1403
f 991/5/501 993/5/501 1098/5/501
f 991/5/501 1098/5/501 1094/5/501
f 994/4/1315 992/4/1314 1097/4/1404
f 994/4/1315 1097/4/1404 1099/4/1405
f 993/5/501 996/5/501 1100/5/501
f 993/5/501 1100/5/501 1098/5/501
f 1101/4/1221 997/4/1317 995/4/1316
f 1101/4/1221 995/4/1316 994/4/1406
f 1101/4/1223 994/4/1407 1099/4/1405
f 1101/4/1223 1099/4/1405 1102/4/1408
f 1103/4/1338 997/4/1317 1101/4/1227
f 1103/4/1338 1101/4/1227 1102/4/1408
f 996/5/501 999/5/501 1104/5/501
f 996/5/501 1104/5/501 1100/5/501
f 1105/7/1409 1106/7/1409 1005/7/1410
f 1105/7/1409 1005/7/1410 1004/7/1319
f 1108/3/1230 1011/3/1138 1010/3/1328
f 1108/3/1230 1010/3/1328 1107/3/1411
f 1109/9/1230 1010/9/1328 998/9/1318
f 1109/9/1230 998/9/1318 997/9/1317
f 1109/9/1230 997/9/1317 1103/9/1338
f 1109/9/1230 1103/9/1338 1110/9/1412
f 1107/9/1411 1010/9/1328 1109/9/1230
f 1107/9/1411 1109/9/1230 1110/9/1412
f 999/5/501 1012/5/319 1111/5/501
f 999/5/501 1111/5/501 1104/5/501
f 1112/10/960 1013/10/1413 1001/10/800
f 1112/10/960 1001/10/800 1000/10/1170
f 1114/10/1365 1013/10/1330 1112/10/960
f 1114/10/1365 1112/10/960 1113/10/1414
f 1115/7/964 1112/7/960 1000/7/1170
f 1115/7/964 1000/7/1170 1002/7/1111
f 1116/7/1415 1113/7/1414 1112/7/960
f 1116/7/1415 1112/7/960 1115/7/964
f 1115/6/964 1002/6/1111 1003/6/1239
f 1115/6/964 1003/6/1239 1015/6/1416
f 1117/6/1417 1116/6/1415 1115/6/964
f 1117/6/1417 1115/6/964 1015/6/1332
f 1018/8/1337 1005/8/1418 1106/8/1419
f 1018/8/1337 1106/8/1419 1118/8/1420
f 1118/8/1420 1119/8/1420 1019/8/1338
f 1118/8/1420 1019/8/1338 1018/8/1337
f 1120/3/1422 1004/3/1423 1006/3/1424
f 1120/3/1422 1006/3/1424 1020/3/1421
f 1120/3/1422 1121/3/1426 1105/3/1427
f 1120/3/1422 1105/3/1427 1004/3/1425
f 1122/3/1428 1121/3/1426 1120/3/1422
f 1122/3/1428 1120/3/1422 1020/3/1429
f 1124/4/1431 1021/4/1351 1023/4/1432
f 1124/4/1431 1023/4/1432 1123/4/1430
f 1023/4/1434 1008/4/1242 1007/4/1242
f 1023/4/1434 1007/4/1242 1027/4/1433
f 1123/4/1430 1023/4/1436 1027/4/1358
f 1123/4/1430 1027/4/1358 1125/4/1435
f 1026/3/968 1011/3/1138 1108/3/1230
f 1026/3/968 1108/3/1230 1126/3/1437
f 1125/3/1435 1027/3/1439 1026/3/1357
f 1125/3/1435 1026/3/1357 1126/3/1438
f 1012/5/319 1029/5/1360 1127/5/1440
f 1012/5/319 1127/5/1440 1111/5/501
f 1128/5/1316 1028/5/1441 1014/5/1148
f 1128/5/1316 1014/5/1148 1013/5/1330
f 1128/5/1316 1013/5/1329 1114/5/1365
f 1128/5/1316 1114/5/1365 1129/5/1442
f 1130/5/1443 1028/5/1359 1128/5/1316
f 1130/5/1443 1128/5/1316 1129/5/1442
f 1131/10/987 1015/10/1332 1016/10/987
f 1131/10/987 1016/10/987 1030/10/1332
f 1131/10/987 1132/10/1428 1117/10/1417
f 1131/10/987 1117/10/1417 1015/10/1331
f 1133/10/1428 1132/10/1428 1131/10/987
f 1133/10/1428 1131/10/987 1030/10/1332
f 1134/7/1444 1135/7/1445 1035/7/1365
f 1134/7/1444 1035/7/1365 1034/7/1364
f 1037/8/1367 1019/8/1338 1119/8/1420
f 1037/8/1367 1119/8/1420 1136/8/1445
f 1136/8/1445 1134/8/1444 1034/8/1364
f 1136/8/1445 1034/8/1364 1037/8/1367
f 1138/9/1446 1020/9/1447 1021/9/1446
f 1138/9/1446 1021/9/1446 1137/9/1446
f 1137/9/1448 1021/9/1449 1124/9/1431
f 1137/9/1448 1124/9/1431 1139/9/1448
f 1138/9/1450 1140/9/1451 1122/9/1428
f 1138/9/1450 1122/9/1428 1020/9/1339
f 1140/9/1452 1138/9/540 1137/9/540
f 1140/9/1452 1137/9/540 1139/9/1452
f 1040/5/1368 1028/5/1453 1130/5/1443
f 1040/5/1368 1130/5/1443 1141/5/1454
f 1029/5/1360 1041/5/1369 1142/5/1455
f 1029/5/1360 1142/5/1455 1127/5/1440
f 1141/5/1456 1142/5/1456 1041/5/1370
f 1141/5/1456 1041/5/1370 1040/5/1370
f 1144/9/1239 1030/9/1416 1031/9/1361
f 1144/9/1239 1031/9/1361 1143/9/1457
f 1144/9/1130 1145/9/1458 1133/9/1428
f 1144/9/1130 1133/9/1428 1030/9/1331
f 1146/9/1459 1145/9/1458 1144/9/1113
f 1146/9/1459 1144/9/1113 1143/9/1457
f 1143/4/1457 1031/4/1361 1032/4/1362
f 1143/4/1457 1032/4/1362 1044/4/1372
f 1147/4/1460 1146/4/1459 1143/4/1457
f 1147/4/1460 1143/4/1457 1044/4/1282
f 1147/9/1460 1044/9/1280 1045/9/1373
f 1147/9/1460 1045/9/1373 1148/9/1461
f 1047/10/1367 1035/10/1365 1135/10/1445
f 1047/10/1367 1135/10/1445 1149/10/1445
f 1149/10/1445 1148/10/1461 1045/10/1373
f 1149/10/1445 1045/10/1373 1047/10/1367
f 1067/3/1388 1150/3/1388 1151/3/1388
f 1067/3/1388 1151/3/1388 1068/3/1388
f 1151/3/1300 1152/3/1463 1153/3/1464
f 1151/3/1300 1153/3/1464 1068/3/1462
f 1150/3/1465 1067/3/1466 1154/3/1467
f 1150/3/1465 1154/3/1467 1155/3/1468
f 1150/3/310 1155/3/1469 1152/3/1470
f 1150/3/310 1152/3/1470 1151/3/310
f 1049/10/1173 1048/10/1172 1156/10/1172
f 1049/10/1173 1156/10/1172 1157/10/1173
f 1050/10/1284 1049/10/1174 1157/10/1174
f 1050/10/1284 1157/10/1174 1158/10/1284
f 1051/10/1181 1050/10/1284 1158/10/1284
f 1051/10/1181 1158/10/1284 1159/10/1181
f 1052/7/1181 1051/7/1181 1159/7/1181
f 1052/7/1181 1159/7/1181 1160/7/1181
f 1053/7/1181 1052/7/1181 1160/7/1181
f 1053/7/1181 1160/7/1181 1161/7/1181
f 1054/10/1181 1053/10/1181 1161/10/1181
f 1054/10/1181 1161/10/1181 1162/10/1181
f 1055/9/1181 1054/9/1181 1162/9/1181
f 1055/9/1181 1162/9/1181 1163/9/1181
f 1056/3/1181 1055/3/1181 1163/3/1181
f 1056/3/1181 1163/3/1181 1164/3/1181
f 1057/11/1181 1056/11/1181 1164/11/1181
f 1057/11/1181 1164/11/1181 1165/11/1181
f 1058/12/1181 1057/12/1181 1165/12/1181
f 1058/12/1181 1165/12/1181 1166/12/1181
f 1059/11/1181 1058/11/1181 1166/11/1181
f 1059/11/1181 1166/11/1181 1167/11/1181
f 1060/12/1181 1059/12/1181 1167/12/1181
f 1060/12/1181 1167/12/1181 1168/12/1181
f 1061/13/1377 1060/13/1181 1168/13/1181
f 1061/13/1377 1168/13/1181 1169/13/1377
f 1063/14/1379 1062/14/1378 1170/14/1378
f 1063/14/1379 1170/14/1378 1171/14/1378
f 1062/14/1378 1061/14/1377 1169/14/1377
f 1062/14/1378 1169/14/1377 1170/14/1378
f 1065/15/1380 1064/15/1380 1172/15/1471
f 1065/15/1380 1172/15/1471 1173/15/1472
f 1066/15/1381 1065/15/1380 1173/15/1472
f 1066/15/1381 1173/15/1472 1174/15/1473
f 1066/3/1381 1174/3/1473 1154/3/1467
f 1066/3/1381 1154/3/1467 1067/3/1474
f 1069/7/1385 1068/7/1384 1153/7/1464
f 1069/7/1385 1153/7/1464 1175/7/1475
f 1072/10/1386 1071/10/1288 1176/10/1378
f 1072/10/1386 1176/10/1378 1177/10/1378
f 1071/10/1288 1069/10/1385 1175/10/1475
f 1071/10/1288 1175/10/1475 1176/10/1378
f 1048/1/1172 1073/1/501 1178/1/501
f 1048/1/1172 1178/1/501 1156/1/1172
f 1074/13/1387 1063/13/1379 1171/13/1378
f 1074/13/1387 1171/13/1378 1179/13/1377
f 1075/12/1391 1074/12/1387 1179/12/1377
f 1075/12/1391 1179/12/1377 1180/12/1284
f 1064/3/1380 1075/3/1391 1180/3/1284
f 1064/3/1380 1180/3/1284 1172/3/1471
f 1076/3/1392 1072/3/1386 1177/3/1378
f 1076/3/1392 1177/3/1378 1181/3/1476
f 1079/3/1074 1078/3/1396 1182/3/1477
f 1079/3/1074 1182/3/1477 1183/3/1478
f 1078/3/1398 1076/3/1392 1181/3/1476
f 1078/3/1398 1181/3/1476 1182/3/1476
f 1073/1/501 1080/1/501 1184/1/501
f 1073/1/501 1184/1/501 1178/1/501
f 1081/4/1080 1079/4/1074 1183/4/1478
f 1081/4/1080 1183/4/1478 1185/4/1212
f 1080/10/501 1082/10/501 1186/10/501
f 1080/10/501 1186/10/501 1184/10/501
f 1083/4/1212 1081/4/1080 1185/4/1212
f 1083/4/1212 1185/4/1212 1187/4/1212
f 1082/10/501 1084/10/501 1188/10/501
f 1082/10/501 1188/10/501 1186/10/501
f 1085/7/1212 1083/7/1212 1187/7/1212
f 1085/7/1212 1187/7/1212 1189/7/1212
f 1084/2/501 1086/2/501 1190/2/501
f 1084/2/501 1190/2/501 1188/2/501
f 1087/4/1212 1085/4/1212 1189/4/1212
f 1087/4/1212 1189/4/1212 1191/4/1212
f 1086/1/501 1088/1/501 1192/1/501
f 1086/1/501 1192/1/501 1190/1/501
f 1089/4/1212 1087/4/1212 1191/4/1212
f 1089/4/1212 1191/4/1212 1193/4/1212
f 1088/5/501 1090/5/501 1194/5/501
f 1088/5/501 1194/5/501 1192/5/501
f 1091/4/1081 1089/4/1212 1193/4/1212
f 1091/4/1081 1193/4/1212 1195/4/1212
f 1090/10/501 1092/10/501 1196/10/501
f 1090/10/501 1196/10/501 1194/10/501
f 1093/4/1401 1091/4/1081 1195/4/1212
f 1093/4/1401 1195/4/1212 1197/4/1479
f 1092/5/501 1094/5/501 1198/5/501
f 1092/5/501 1198/5/501 1196/5/501
f 1096/4/1403 1093/4/1401 1197/4/1479
f 1096/4/1403 1197/4/1479 1199/4/1480
f 1199/4/1480 1200/4/1480 1097/4/1404
f 1199/4/1480 1097/4/1404 1096/4/1403
f 1094/5/501 1098/5/501 1201/5/501
f 1094/5/501 1201/5/501 1198/5/501
f 1099/4/1405 1097/4/1404 1200/4/1480
f 1099/4/1405 1200/4/1480 1202/4/1481
f 1098/5/501 1100/5/501 1203/5/501
f 1098/5/501 1203/5/501 1201/5/501
f 1102/4/1408 1099/4/1405 1202/4/1481
f 1102/4/1408 1202/4/1481 1204/4/1480
f 1204/4/1480 1205/4/1420 1103/4/1338
f 1204/4/1480 1103/4/1338 1102/4/1408
f 1100/5/501 1104/5/501 1206/5/501
f 1100/5/501 1206/5/501 1203/5/501
f 1207/10/1456 1208/10/1456 1106/10/1409
f 1207/10/1456 1106/10/1409 1105/10/1409
f 1110/10/1412 1103/10/1338 1205/10/1420
f 1110/10/1412 1205/10/1420 1209/10/1482
f 1210/10/1483 1107/10/1484 1110/10/1412
f 1210/10/1483 1110/10/1412 1209/10/1482
f 1104/5/501 1111/5/501 1211/5/501
f 1104/5/501 1211/5/501 1206/5/501
f 1212/10/1485 1213/10/1445 1114/10/1365
f 1212/10/1485 1114/10/1365 1113/10/1414
f 1214/10/1486 1212/10/1485 1113/10/1414
f 1214/10/1486 1113/10/1414 1116/10/1415
f 1215/10/1487 1214/10/1486 1116/10/1415
f 1215/10/1487 1116/10/1415 1117/10/1417
f 1118/7/1420 1106/7/1419 1208/7/1419
f 1118/7/1420 1208/7/1419 1216/7/1420
f 1216/7/1420 1217/7/1420 1119/7/1420
f 1216/7/1420 1119/7/1420 1118/7/1420
f 1105/3/1427 1121/3/1426 1218/3/1488
f 1105/3/1427 1218/3/1488 1207/3/1489
f 1219/3/1488 1218/3/1488 1121/3/1426
f 1219/3/1488 1121/3/1426 1122/3/1428
f 1221/4/1491 1124/4/1431 1123/4/1430
f 1221/4/1491 1123/4/1430 1220/4/1490
f 1222/4/1362 1220/4/1492 1123/4/1430
f 1222/4/1362 1123/4/1430 1125/4/1493
f 1223/3/1333 1126/3/1494 1108/3/1230
f 1223/3/1333 1108/3/1230 1107/3/1495
f 1223/3/1333 1107/3/1411 1210/3/1483
f 1223/3/1333 1210/3/1483 1224/3/1337
f 1225/3/1338 1126/3/1496 1223/3/1333
f 1225/3/1338 1223/3/1333 1224/3/1337
f 1111/5/501 1127/5/1440 1226/5/1440
f 1111/5/501 1226/5/1440 1211/5/501
f 1129/5/1442 1114/5/1365 1213/5/1445
f 1129/5/1442 1213/5/1445 1227/5/1420
f 1227/5/1420 1228/5/1420 1130/5/1443
f 1227/5/1420 1130/5/1443 1129/5/1442
f 1117/9/1417 1132/9/1428 1229/9/1488
f 1117/9/1417 1229/9/1488 1215/9/1487
f 1230/9/1488 1229/9/1488 1132/9/1428
f 1230/9/1488 1132/9/1428 1133/9/1428
f 1231/7/1444 1232/7/1445 1135/7/1445
f 1231/7/1444 1135/7/1445 1134/7/1444
f 1136/8/1445 1119/8/1420 1217/8/1420
f 1136/8/1445 1217/8/1420 1233/8/1445
f 1233/8/1445 1231/8/1444 1134/8/1444
f 1233/8/1445 1134/8/1444 1136/8/1445
f 1139/4/1448 1124/4/1431 1221/4/1497
f 1139/4/1448 1221/4/1497 1234/4/1448
f 1122/4/1428 1140/4/1451 1235/4/1498
f 1122/4/1428 1235/4/1498 1219/4/1488
f 1235/4/1500 1140/4/1452 1139/4/1452
f 1235/4/1500 1139/4/1452 1234/4/1499
f 1236/3/1267 1237/3/1267 1125/3/1267
f 1236/3/1267 1125/3/1267 1126/3/1501
f 1236/3/968 1126/3/1437 1225/3/1338
f 1236/3/968 1225/3/1338 1238/3/1502
f 1237/3/1356 1239/3/1504 1222/3/1362
f 1237/3/1356 1222/3/1362 1125/3/1503
f 1238/3/1505 1239/3/1506 1237/3/899
f 1238/3/1505 1237/3/899 1236/3/899
f 1141/5/1454 1130/5/1443 1228/5/1420
f 1141/5/1454 1228/5/1420 1240/5/1419
f 1127/5/1440 1142/5/1455 1241/5/1455
f 1127/5/1440 1241/5/1455 1226/5/1440
f 1240/5/1456 1241/5/1456 1142/5/1456
f 1240/5/1456 1142/5/1456 1141/5/1456
f 1133/4/1428 1145/4/1458 1242/4/1487
f 1133/4/1428 1242/4/1487 1230/4/1488
f 1243/4/1486 1242/4/1487 1145/4/1458
f 1243/4/1486 1145/4/1458 1146/4/1459
f 1244/4/1456 1243/4/1486 1146/4/1459
f 1244/4/1456 1146/4/1459 1147/4/1460
f 1245/9/1485 1244/9/1456 1147/9/1460
f 1245/9/1485 1147/9/1460 1148/9/1461
f 1149/10/1445 1135/10/1445 1232/10/1445
f 1149/10/1445 1232/10/1445 1246/10/1445
f 1246/10/1445 1245/10/1485 1148/10/1461
f 1246/10/1445 1148/10/1461 1149/10/1445
f 1154/3/1467 1174/3/1473 1247/3/1290
f 1154/3/1467 1247/3/1290 1155/3/1468
f 1247/3/1290 1174/3/1473 1248/3/1507
f 1247/3/1290 1248/3/1507 1249/3/1292
f 1247/3/1290 1249/3/1292 1250/3/1509
f 1247/3/1290 1250/3/1509 1155/3/1508
f 1153/10/1464 1152/10/1463 1251/10/1510
f 1153/10/1464 1251/10/1510 1252/10/1378
f 1155/10/1469 1250/10/1509 1251/10/1510
f 1155/10/1469 1251/10/1510 1152/10/1511
f 1157/7/1173 1156/7/1172 1253/7/1172
f 1157/7/1173 1253/7/1172 1254/7/1173
f 1158/7/1284 1157/7/1174 1254/7/1174
f 1158/7/1284 1254/7/1174 1255/7/1284
f 1159/7/1181 1158/7/1284 1255/7/1284
f 1159/7/1181 1255/7/1284 1256/7/1181
f 1160/10/1181 1159/10/1181 1256/10/1181
f 1160/10/1181 1256/10/1181 1257/10/1181
f 1161/10/1181 1160/10/1181 1257/10/1181
f 1161/10/1181 1257/10/1181 1258/10/1181
f 1162/9/1181 1161/9/1181 1258/9/1181
f 1162/9/1181 1258/9/1181 1259/9/1181
f 1163/4/1181 1162/4/1181 1259/4/1181
f 1163/4/1181 1259/4/1181 1260/4/1181
f 1164/3/1181 1163/3/1181 1260/3/1181
f 1164/3/1181 1260/3/1181 1261/3/1181
f 1165/11/1181 1164/11/1181 1261/11/1181
f 1165/11/1181 1261/11/1181 1262/11/1181
f 1166/11/1181 1165/11/1181 1262/11/1181
f 1166/11/1181 1262/11/1181 1263/11/1181
f 1167/11/1181 1166/11/1181 1263/11/1181
f 1167/11/1181 1263/11/1181 1264/11/1181
f 1168/12/1181 1167/12/1181 1264/12/1181
f 1168/12/1181 1264/12/1181 1265/12/1181
f 1169/13/1377 1168/13/1181 1265/13/1181
f 1169/13/1377 1265/13/1181 1266/13/1377
f 1171/14/1378 1170/14/1378 1267/14/1378
f 1171/14/1378 1267/14/1378 1268/14/1378
f 1170/14/1378 1169/14/1377 1266/14/1377
f 1170/14/1378 1266/14/1377 1267/14/1378
f 1173/3/1472 1172/3/1471 1269/3/1471
f 1173/3/1472 1269/3/1471 1270/3/1512
f 1173/3/1472 1270/3/1512 1248/3/1507
f 1173/3/1472 1248/3/1507 1174/3/1473
f 1175/8/1475 1153/8/1464 1252/8/1378
f 1175/8/1475 1252/8/1378 1271/8/1476
f 1177/3/1378 1176/3/1378 1272/3/1378
f 1177/3/1378 1272/3/1378 1273/3/1378
f 1176/3/1378 1175/3/1475 1271/3/1476
f 1176/3/1378 1271/3/1476 1272/3/1378
f 1156/1/1172 1178/1/501 1274/1/501
f 1156/1/1172 1274/1/501 1253/1/1172
f 1179/13/1377 1171/13/1378 1268/13/1378
f 1179/13/1377 1268/13/1378 1275/13/1377
f 1180/12/1284 1179/12/1377 1275/12/1377
f 1180/12/1284 1275/12/1377 1276/12/1284
f 1172/3/1471 1180/3/1284 1276/3/1284
f 1172/3/1471 1276/3/1284 1269/3/1471
f 1181/4/1476 1177/4/1378 1273/4/1378
f 1181/4/1476 1273/4/1378 1277/4/1476
f 1183/4/1478 1182/4/1477 1278/4/1477
f 1183/4/1478 1278/4/1477 1279/4/1478
f 1182/4/1476 1181/4/1476 1277/4/1476
f 1182/4/1476 1277/4/1476 1278/4/1476
f 1178/1/501 1184/1/501 1280/1/501
f 1178/1/501 1280/1/501 1274/1/501
f 1185/4/1212 1183/4/1478 1279/4/1478
f 1185/4/1212 1279/4/1478 1281/4/1212
f 1184/7/501 1186/7/501 1282/7/501
f 1184/7/501 1282/7/501 1280/7/501
f 1187/4/1212 1185/4/1212 1281/4/1212
f 1187/4/1212 1281/4/1212 1283/4/1212
f 1186/7/501 1188/7/501 1284/7/501
f 1186/7/501 1284/7/501 1282/7/501
f 1189/4/1212 1187/4/1212 1283/4/1212
f 1189/4/1212 1283/4/1212 1285/4/1212
f 1188/2/501 1190/2/501 1286/2/501
f 1188/2/501 1286/2/501 1284/2/501
f 1191/4/1212 1189/4/1212 1285/4/1212
f 1191/4/1212 1285/4/1212 1287/4/1212
f 1190/9/501 1192/9/501 1288/9/501
f 1190/9/501 1288/9/501 1286/9/501
f 1193/4/1212 1191/4/1212 1287/4/1212
f 1193/4/1212 1287/4/1212 1289/4/1212
f 1192/9/501 1194/9/501 1290/9/501
f 1192/9/501 1290/9/501 1288/9/501
f 1195/4/1212 1193/4/1212 1289/4/1212
f 1195/4/1212 1289/4/1212 1291/4/1212
f 1194/7/501 1196/7/501 1292/7/501
f 1194/7/501 1292/7/501 1290/7/501
f 1197/4/1479 1195/4/1212 1291/4/1212
f 1197/4/1479 1291/4/1212 1293/4/1479
f 1196/9/501 1198/9/501 1294/9/501
f 1196/9/501 1294/9/501 1292/9/501
f 1199/4/1480 1197/4/1479 1293/4/1479
f 1199/4/1480 1293/4/1479 1295/4/1480
f 1295/4/1480 1296/4/1480 1200/4/1480
f 1295/4/1480 1200/4/1480 1199/4/1480
f 1198/9/501 1201/9/501 1297/9/501
f 1198/9/501 1297/9/501 1294/9/501
f 1202/4/1481 1200/4/1480 1296/4/1480
f 1202/4/1481 1296/4/1480 1298/4/1481
f 1201/9/501 1203/9/501 1299/9/501
f 1201/9/501 1299/9/501 1297/9/501
f 1204/4/1480 1202/4/1481 1298/4/1481
f 1204/4/1480 1298/4/1481 1300/4/1480
f 1300/4/1480 1301/4/1420 1205/4/1420
f 1300/4/1480 1205/4/1420 1204/4/1480
f 1203/9/501 1206/9/501 1302/9/501
f 1203/9/501 1302/9/501 1299/9/501
f 1303/9/1456 1304/9/1456 1208/9/1456
f 1303/9/1456 1208/9/1456 1207/9/1456
f 1209/3/1482 1205/3/1420 1301/3/1420
f 1209/3/1482 1301/3/1420 1305/3/1420
f 1305/3/1420 1306/3/1420 1210/3/1483
f 1305/3/1420 1210/3/1483 1209/3/1482
f 1206/9/501 1211/9/501 1307/9/501
f 1206/9/501 1307/9/501 1302/9/501
f 1308/10/1485 1309/10/1445 1213/10/1445
f 1308/10/1485 1213/10/1445 1212/10/1485
f 1310/9/1486 1308/9/1485 1212/9/1485
f 1310/9/1486 1212/9/1485 1214/9/1486
f 1311/9/1487 1310/9/1486 1214/9/1486
f 1311/9/1487 1214/9/1486 1215/9/1487
f 1216/10/1420 1208/10/1419 1304/10/1419
f 1216/10/1420 1304/10/1419 1312/10/1420
f 1312/10/1420 1313/10/1420 1217/10/1420
f 1312/10/1420 1217/10/1420 1216/10/1420
f 1207/3/1489 1218/3/1488 1314/3/1488
f 1207/3/1489 1314/3/1488 1303/3/1489
f 1315/3/1488 1314/3/1488 1218/3/1488
f 1315/3/1488 1218/3/1488 1219/3/1488
f 1224/3/1337 1210/3/1483 1306/3/1420
f 1224/3/1337 1306/3/1420 1316/3/1420
f 1316/3/1420 1317/3/1420 1225/3/1338
f 1316/3/1420 1225/3/1338 1224/3/1337
f 1211/9/501 1226/9/1440 1318/9/1440
f 1211/9/501 1318/9/1440 1307/9/501
f 1227/9/1420 1213/9/1445 1309/9/1445
f 1227/9/1420 1309/9/1445 1319/9/1420
f 1319/9/1420 1320/9/1420 1228/9/1420
f 1319/9/1420 1228/9/1420 1227/9/1420
f 1215/4/1487 1229/4/1488 1321/4/1488
f 1215/4/1487 1321/4/1488 1311/4/1487
f 1322/4/1488 1321/4/1488 1229/4/1488
f 1322/4/1488 1229/4/1488 1230/4/1488
f 1323/6/1444 1324/6/1445 1232/6/1445
f 1323/6/1444 1232/6/1445 1231/6/1444
f 1233/7/1445 1217/7/1420 1313/7/1420
f 1233/7/1445 1313/7/1420 1325/7/1445
f 1325/7/1445 1323/7/1444 1231/7/1444
f 1325/7/1445 1231/7/1444 1233/7/1445
f 1219/4/1488 1235/4/1498 1326/4/1513
f 1219/4/1488 1326/4/1513 1315/4/1488
f 1326/4/1513 1235/4/1515 1234/4/1499
f 1326/4/1513 1234/4/1499 1327/4/1514
f 1328/4/1516 1234/4/1517 1221/4/1518
f 1328/4/1516 1221/4/1518 1220/4/1492
f 1327/4/1514 1234/4/1520 1328/4/1516
f 1327/4/1514 1328/4/1516 1329/4/1519
f 1328/3/1516 1220/3/1522 1222/3/1362
f 1328/3/1516 1222/3/1362 1239/3/1521
f 1330/3/1523 1329/3/1519 1328/3/1516
f 1330/3/1523 1328/3/1516 1239/3/1524
f 1238/3/1525 1225/3/1338 1317/3/1420
f 1238/3/1525 1317/3/1420 1331/3/1526
f 1331/3/1526 1330/3/1523 1239/3/1506
f 1331/3/1526 1239/3/1506 1238/3/1527
f 1240/9/1419 1228/9/1420 1320/9/1420
f 1240/9/1419 1320/9/1420 1332/9/1419
f 1226/9/1440 1241/9/1455 1333/9/1455
f 1226/9/1440 1333/9/1455 1318/9/1440
f 1332/9/1456 1333/9/1456 1241/9/1456
f 1332/9/1456 1241/9/1456 1240/9/1456
f 1230/4/1488 1242/4/1487 1334/4/1487
f 1230/4/1488 1334/4/1487 1322/4/1488
f 1335/4/1486 1334/4/1487 1242/4/1487
f 1335/4/1486 1242/4/1487 1243/4/1486
f 1336/4/1456 1335/4/1486 1243/4/1486
f 1336/4/1456 1243/4/1486 1244/4/1456
f 1337/4/1485 1336/4/1456 1244/4/1456
f 1337/4/1485 1244/4/1456 1245/4/1485
f 1246/9/1445 1232/9/1445 1324/9/1445
f 1246/9/1445 1324/9/1445 1338/9/1445
f 1338/9/1445 1337/9/1485 1245/9/1485
f 1338/9/1445 1245/9/1485 1246/9/1445
f 1249/3/1292 1248/3/1507 1339/3/1528
f 1249/3/1292 1339/3/1528 1340/3/1471
f 1250/3/1509 1249/3/1292 1340/3/1471
f 1250/3/1509 1340/3/1471 1341/3/1181
f 1252/7/1378 1251/7/1510 1342/7/1378
f 1252/7/1378 1342/7/1378 1343/7/1378
f 1251/7/1510 1250/7/1509 1341/7/1181
f 1251/7/1510 1341/7/1181 1342/7/1378
f 1254/8/1173 1253/8/1172 1344/8/1172
f 1254/8/1173 1344/8/1172 1345/8/1173
f 1255/8/1284 1254/8/1174 1345/8/1174
f 1255/8/1284 1345/8/1174 1346/8/1284
f 1256/8/1181 1255/8/1284 1346/8/1284
f 1256/8/1181 1346/8/1284 1347/8/1181
f 1257/7/1181 1256/7/1181 1347/7/1181
f 1257/7/1181 1347/7/1181 1348/7/1181
f 1258/10/1181 1257/10/1181 1348/10/1181
f 1258/10/1181 1348/10/1181 1349/10/1181
f 1259/9/1181 1258/9/1181 1349/9/1181
f 1259/9/1181 1349/9/1181 1350/9/1181
f 1260/4/1181 1259/4/1181 1350/4/1181
f 1260/4/1181 1350/4/1181 1351/4/1181
f 1261/3/1181 1260/3/1181 1351/3/1181
f 1261/3/1181 1351/3/1181 1352/3/1181
f 1262/11/1181 1261/11/1181 1352/11/1181
f 1262/11/1181 1352/11/1181 1353/11/1181
f 1263/11/1181 1262/11/1181 1353/11/1181
f 1263/11/1181 1353/11/1181 1354/11/1181
f 1264/11/1181 1263/11/1181 1354/11/1181
f 1264/11/1181 1354/11/1181 1355/11/1181
f 1265/12/1181 1264/12/1181 1355/12/1181
f 1265/12/1181 1355/12/1181 1356/12/1181
f 1266/13/1377 1265/13/1181 1356/13/1181
f 1266/13/1377 1356/13/1181 1357/13/1377
f 1268/13/1378 1267/13/1378 1358/13/1378
f 1268/13/1378 1358/13/1378 1359/13/1378
f 1267/13/1378 1266/13/1377 1357/13/1377
f 1267/13/1378 1357/13/1377 1358/13/1378
f 1270/3/1512 1269/3/1471 1360/3/1471
f 1270/3/1512 1360/3/1471 1361/3/1528
f 1248/3/1507 1270/3/1512 1361/3/1528
f 1248/3/1507 1361/3/1528 1339/3/1528
f 1271/8/1476 1252/8/1378 1343/8/1378
f 1271/8/1476 1343/8/1378 1362/8/1476
f 1273/3/1378 1272/3/1378 1363/3/1378
f 1273/3/1378 1363/3/1378 1364/3/1378
f 1272/3/1378 1271/3/1476 1362/3/1476
f 1272/3/1378 1362/3/1476 1363/3/1378
f 1253/1/1172 1274/1/501 1365/1/501
f 1253/1/1172 1365/1/501 1344/1/1172
f 1275/12/1377 1268/12/1378 1359/12/1378
f 1275/12/1377 1359/12/1378 1366/12/1377
f 1276/11/1284 1275/11/1377 1366/11/1377
f 1276/11/1284 1366/11/1377 1367/11/1284
f 1269/3/1471 1276/3/1284 1367/3/1284
f 1269/3/1471 1367/3/1284 1360/3/1471
f 1277/9/1476 1273/9/1378 1364/9/1378
f 1277/9/1476 1364/9/1378 1368/9/1476
f 1279/9/1478 1278/9/1477 1369/9/1477
f 1279/9/1478 1369/9/1477 1370/9/1478
f 1278/9/1476 1277/9/1476 1368/9/1476
f 1278/9/1476 1368/9/1476 1369/9/1476
f 1274/4/501 1280/4/501 1371/4/501
f 1274/4/501 1371/4/501 1365/4/501
f 1281/9/1212 1279/9/1478 1370/9/1478
f 1281/9/1212 1370/9/1478 1372/9/1212
f 1280/4/501 1282/4/501 1373/4/501
f 1280/4/501 1373/4/501 1371/4/501
f 1283/9/1212 1281/9/1212 1372/9/1212
f 1283/9/1212 1372/9/1212 1374/9/1212
f 1282/8/501 1284/8/501 1375/8/501
f 1282/8/501 1375/8/501 1373/8/501
f 1285/9/1212 1283/9/1212 1374/9/1212
f 1285/9/1212 1374/9/1212 1376/9/1212
f 1284/2/501 1286/2/501 1377/2/501
f 1284/2/501 1377/2/501 1375/2/501
f 1287/9/1212 1285/9/1212 1376/9/1212
f 1287/9/1212 1376/9/1212 1378/9/1212
f 1286/5/501 1288/5/501 1379/5/501
f 1286/5/501 1379/5/501 1377/5/501
f 1289/9/1212 1287/9/1212 1378/9/1212
f 1289/9/1212 1378/9/1212 1380/9/1212
f 1288/5/501 1290/5/501 1381/5/501
f 1288/5/501 1381/5/501 1379/5/501
f 1291/9/1212 1289/9/1212 1380/9/1212
f 1291/9/1212 1380/9/1212 1382/9/1212
f 1290/4/501 1292/4/501 1383/4/501
f 1290/4/501 1383/4/501 1381/4/501
f 1293/9/1479 1291/9/1212 1382/9/1212
f 1293/9/1479 1382/9/1212 1384/9/1479
f 1292/5/501 1294/5/501 1385/5/501
f 1292/5/501 1385/5/501 1383/5/501
f 1295/9/1480 1293/9/1479 1384/9/1479
f 1295/9/1480 1384/9/1479 1386/9/1480
f 1386/9/1480 1387/9/1480 1296/9/1480
f 1386/9/1480 1296/9/1480 1295/9/1480
f 1294/5/501 1297/5/501 1388/5/501
f 1294/5/501 1388/5/501 1385/5/501
f 1298/9/1481 1296/9/1480 1387/9/1480
f 1298/9/1481 1387/9/1480 1389/9/1481
f 1297/5/501 1299/5/501 1390/5/501
f 1297/5/501 1390/5/501 1388/5/501
f 1300/9/1480 1298/9/1481 1389/9/1481
f 1300/9/1480 1389/9/1481 1391/9/1480
f 1391/9/1480 1392/9/1420 1301/9/1420
f 1391/9/1480 1301/9/1420 1300/9/1480
f 1299/5/501 1302/5/501 1393/5/501
f 1299/5/501 1393/5/501 1390/5/501
f 1394/4/1456 1395/4/1456 1304/4/1456
f 1394/4/1456 1304/4/1456 1303/4/1456
f 1305/3/1420 1301/3/1420 1392/3/1420
f 1305/3/1420 1392/3/1420 1396/3/1420
f 1396/3/1420 1397/3/1420 1306/3/1420
f 1396/3/1420 1306/3/1420 1305/3/1420
f 1302/5/501 1307/5/501 1398/5/501
f 1302/5/501 1398/5/501 1393/5/501
f 1399/9/1485 1400/9/1445 1309/9/1445
f 1399/9/1485 1309/9/1445 1308/9/1485
f 1401/9/1486 1399/9/1485 1308/9/1485
f 1401/9/1486 1308/9/1485 1310/9/1486
f 1402/4/1487 1401/4/1486 1310/4/1486
f 1402/4/1487 1310/4/1486 1311/4/1487
f 1312/9/1420 1304/9/1419 1395/9/1419
f 1312/9/1420 1395/9/1419 1403/9/1420
f 1403/9/1420 1404/9/1420 1313/9/1420
f 1403/9/1420 1313/9/1420 1312/9/1420
f 1303/3/1489 1314/3/1488 1405/3/1488
f 1303/3/1489 1405/3/1488 1394/3/1489
f 1406/3/1488 1405/3/1488 1314/3/1488
f 1406/3/1488 1314/3/1488 1315/3/1488
f 1316/3/1420 1306/3/1420 1397/3/1420
f 1316/3/1420 1397/3/1420 1407/3/1420
f 1407/3/1420 1408/3/1420 1317/3/1420
f 1407/3/1420 1317/3/1420 1316/3/1420
f 1307/5/501 1318/5/1440 1409/5/1440
f 1307/5/501 1409/5/1440 1398/5/501
f 1319/5/1420 1309/5/1445 1400/5/1445
f 1319/5/1420 1400/5/1445 1410/5/1420
f 1410/5/1420 1411/5/1420 1320/5/1420
f 1410/5/1420 1320/5/1420 1319/5/1420
f 1311/4/1487 1321/4/1488 1412/4/1488
f 1311/4/1487 1412/4/1488 1402/4/1487
f 1413/4/1488 1412/4/1488 1321/4/1488
f 1413/4/1488 1321/4/1488 1322/4/1488
f 1414/7/1444 1415/7/1445 1324/7/1445
f 1414/7/1444 1324/7/1445 1323/7/1444
f 1325/10/1445 1313/10/1420 1404/10/1420
f 1325/10/1445 1404/10/1420 1416/10/1445
f 1416/10/1445 1414/10/1444 1323/10/1444
f 1416/10/1445 1323/10/1444 1325/10/1445
f 1315/4/1488 1326/4/1513 1417/4/1487
f 1315/4/1488 1417/4/1487 1406/4/1488
f 1418/4/1486 1417/4/1487 1326/4/1513
f 1418/4/1486 1326/4/1513 1327/4/1514
f 1419/4/1456 1418/4/1486 1327/4/1514
f 1419/4/1456 1327/4/1514 1329/4/1519
f 1420/3/1485 1419/3/1456 1329/3/1519
f 1420/3/1485 1329/3/1519 1330/3/1523
f 1331/3/1526 1317/3/1420 1408/3/1420
f 1331/3/1526 1408/3/1420 1421/3/1445
f 1421/3/1445 1420/3/1485 1330/3/1523
f 1421/3/1445 1330/3/1523 1331/3/1526
f 1332/5/1419 1320/5/1420 1411/5/1420
f 1332/5/1419 1411/5/1420 1422/5/1419
f 1318/5/1440 1333/5/1455 1423/5/1455
f 1318/5/1440 1423/5/1455 1409/5/1440
f 1422/5/1456 1423/5/1456 1333/5/1456
f 1422/5/1456 1333/5/1456 1332/5/1456
f 1322/4/1488 1334/4/1487 1424/4/1487
f 1322/4/1488 1424/4/1487 1413/4/1488
f 1425/4/1486 1424/4/1487 1334/4/1487
f 1425/4/1486 1334/4/1487 1335/4/1486
f 1426/4/1456 1425/4/1486 1335/4/1486
f 1426/4/1456 1335/4/1486 1336/4/1456
f 1427/9/1485 1426/9/1456 1336/9/1456
f 1427/9/1485 1336/9/1456 1337/9/1485
f 1338/10/1445 1324/10/1445 1415/10/1445
f 1338/10/1445 1415/10/1445 1428/10/1445
f 1428/10/1445 1427/10/1485 1337/10/1485
f 1428/10/1445 1337/10/1485 1338/10/1445
f 1340/3/1471 1339/3/1528 1429/3/1528
f 1340/3/1471 1429/3/1528 1430/3/1471
f 1341/3/1181 1340/3/1471 1430/3/1471
f 1341/3/1181 1430/3/1471 1431/3/1181
f 1343/7/1378 1342/7/1378 1432/7/1378
f 1343/7/1378 1432/7/1378 1433/7/1378
f 1342/7/1378 1341/7/1181 1431/7/1181
f 1342/7/1378 1431/7/1181 1432/7/1378
f 1345/8/1173 1344/8/1172 1434/8/1172
f 1345/8/1173 1434/8/1172 1435/8/1173
f 1346/8/1284 1345/8/1174 1435/8/1174
f 1346/8/1284 1435/8/1174 1436/8/1284
f 1347/8/1181 1346/8/1284 1436/8/1284
f 1347/8/1181 1436/8/1284 1437/8/1181
f 1348/8/1181 1347/8/1181 1437/8/1181
f 1348/8/1181 1437/8/1181 1438/8/1181
f 1349/7/1181 1348/7/1181 1438/7/1181
f 1349/7/1181 1438/7/1181 1439/7/1181
f 1350/3/1181 1349/3/1181 1439/3/1181
f 1350/3/1181 1439/3/1181 1440/3/1181
f 1351/4/1181 1350/4/1181 1440/4/1181
f 1351/4/1181 1440/4/1181 1441/4/1181
f 1352/3/1181 1351/3/1181 1441/3/1181
f 1352/3/1181 1441/3/1181 1442/3/1181
f 1353/11/1181 1352/11/1181 1442/11/1181
f 1353/11/1181 1442/11/1181 1443/11/1181
f 1354/11/1181 1353/11/1181 1443/11/1181
f 1354/11/1181 1443/11/1181 1444/11/1181
f 1355/12/1181 1354/12/1181 1444/12/1181
f 1355/12/1181 1444/12/1181 1445/12/1181
f 1356/13/1181 1355/13/1181 1445/13/1181
f 1356/13/1181 1445/13/1181 1446/13/1181
f 1357/14/1377 1356/14/1181 1446/14/1181
f 1357/14/1377 1446/14/1181 1447/14/1377
f 1359/13/1378 1358/13/1378 1448/13/1378
f 1359/13/1378 1448/13/1378 1449/13/1529
f 1358/13/1378 1357/13/1377 1447/13/1377
f 1358/13/1378 1447/13/1377 1448/13/1378
f 1361/3/1528 1360/3/1471 1450/3/1530
f 1361/3/1528 1450/3/1530 1451/3/1528
f 1339/3/1528 1361/3/1528 1451/3/1528
f 1339/3/1528 1451/3/1528 1429/3/1528
f 1362/8/1476 1343/8/1378 1433/8/1378
f 1362/8/1476 1433/8/1378 1452/8/1476
f 1364/3/1378 1363/3/1378 1453/3/1378
f 1364/3/1378 1453/3/1378 1454/3/1529
f 1363/3/1378 1362/3/1476 1452/3/1476
f 1363/3/1378 1452/3/1476 1453/3/1378
f 1344/1/1172 1365/1/501 1455/1/501
f 1344/1/1172 1455/1/501 1434/1/1172
f 1366/12/1377 1359/12/1378 1449/12/1529
f 1366/12/1377 1449/12/1529 1456/12/1531
f 1367/11/1284 1366/11/1377 1456/11/1531
f 1367/11/1284 1456/11/1531 1457/11/1532
f 1360/3/1471 1367/3/1284 1457/3/1532
f 1360/3/1471 1457/3/1532 1450/3/1530
f 1368/10/1476 1364/10/1378 1454/10/1529
f 1368/10/1476 1454/10/1529 1458/10/1533
f 1370/10/1478 1369/10/1477 1459/10/1534
f 1370/10/1478 1459/10/1534 1460/10/1535
f 1369/10/1476 1368/10/1476 1458/10/1533
f 1369/10/1476 1458/10/1533 1459/10/1536
f 1365/4/501 1371/4/501 1461/4/501
f 1365/4/501 1461/4/501 1455/4/501
f 1372/10/1212 1370/10/1478 1460/10/1535
f 1372/10/1212 1460/10/1535 1462/10/1537
f 1371/4/501 1373/4/501 1463/4/501
f 1371/4/501 1463/4/501 1461/4/501
f 1374/4/1212 1372/4/1212 1462/4/1537
f 1374/4/1212 1462/4/1537 1464/4/1212
f 1373/8/501 1375/8/501 1465/8/501
f 1373/8/501 1465/8/501 1463/8/501
f 1376/7/1212 1374/7/1212 1464/7/1212
f 1376/7/1212 1464/7/1212 1466/7/1212
f 1375/2/501 1377/2/501 1467/2/501
f 1375/2/501 1467/2/501 1465/2/501
f 1378/4/1212 1376/4/1212 1466/4/1212
f 1378/4/1212 1466/4/1212 1468/4/1212
f 1377/1/501 1379/1/501 1469/1/501
f 1377/1/501 1469/1/501 1467/1/501
f 1380/4/1212 1378/4/1212 1468/4/1212
f 1380/4/1212 1468/4/1212 1470/4/1212
f 1379/5/501 1381/5/501 1471/5/501
f 1379/5/501 1471/5/501 1469/5/501
f 1382/4/1212 1380/4/1212 1470/4/1212
f 1382/4/1212 1470/4/1212 1472/4/1538
f 1381/4/501 1383/4/501 1473/4/501
f 1381/4/501 1473/4/501 1471/4/501
f 1384/4/1479 1382/4/1212 1472/4/1538
f 1384/4/1479 1472/4/1538 1474/4/1539
f 1383/5/501 1385/5/501 1475/5/501
f 1383/5/501 1475/5/501 1473/5/501
f 1386/10/1480 1384/10/1479 1474/10/1539
f 1386/10/1480 1474/10/1539 1476/10/1540
f 1476/10/1540 1477/10/1541 1387/10/1480
f 1476/10/1540 1387/10/1480 1386/10/1480
f 1385/5/501 1388/5/501 1478/5/501
f 1385/5/501 1478/5/501 1475/5/501
f 1389/4/1481 1387/4/1480 1477/4/1541
f 1389/4/1481 1477/4/1541 1479/4/1542
f 1388/5/501 1390/5/501 1480/5/501
f 1388/5/501 1480/5/501 1478/5/501
f 1391/4/1480 1389/4/1481 1479/4/1542
f 1391/4/1480 1479/4/1542 1481/4/1480
f 1481/4/1480 1482/4/1420 1392/4/1420
f 1481/4/1480 1392/4/1420 1391/4/1480
f 1390/5/501 1393/5/501 1483/5/501
f 1390/5/501 1483/5/501 1480/5/501
f 1484/9/1543 1485/9/1543 1395/9/1456
f 1484/9/1543 1395/9/1456 1394/9/1456
f 1396/3/1420 1392/3/1420 1482/3/1420
f 1396/3/1420 1482/3/1420 1486/3/1420
f 1486/3/1420 1487/3/1420 1397/3/1420
f 1486/3/1420 1397/3/1420 1396/3/1420
f 1393/5/501 1398/5/501 1488/5/501
f 1393/5/501 1488/5/501 1483/5/501
f 1489/9/1544 1490/9/1545 1400/9/1445
f 1489/9/1544 1400/9/1445 1399/9/1485
f 1491/10/1546 1489/10/1544 1399/10/1485
f 1491/10/1546 1399/10/1485 1401/10/1486
f 1492/3/1547 1491/3/1546 1401/3/1486
f 1492/3/1547 1401/3/1486 1402/3/1487
f 1403/10/1420 1395/10/1419 1485/10/1419
f 1403/10/1420 1485/10/1419 1493/10/1420
f 1493/10/1420 1494/10/1420 1404/10/1420
f 1493/10/1420 1404/10/1420 1403/10/1420
f 1394/3/1489 1405/3/1488 1495/3/1548
f 1394/3/1489 1495/3/1548 1484/3/1549
f 1496/3/1550 1495/3/1548 1405/3/1488
f 1496/3/1550 1405/3/1488 1406/3/1488
f 1407/3/1420 1397/3/1420 1487/3/1420
f 1407/3/1420 1487/3/1420 1497/3/1420
f 1497/3/1420 1498/3/1420 1408/3/1420
f 1497/3/1420 1408/3/1420 1407/3/1420
f 1398/5/501 1409/5/1440 1499/5/1440
f 1398/5/501 1499/5/1440 1488/5/501
f 1410/5/1420 1400/5/1445 1490/5/1545
f 1410/5/1420 1490/5/1545 1500/5/1551
f 1500/5/1551 1501/5/1552 1411/5/1420
f 1500/5/1551 1411/5/1420 1410/5/1420
f 1402/4/1487 1412/4/1488 1502/4/1553
f 1402/4/1487 1502/4/1553 1492/4/1547
f 1503/4/1553 1502/4/1553 1412/4/1488
f 1503/4/1553 1412/4/1488 1413/4/1488
f 1504/6/1444 1505/6/1445 1415/6/1445
f 1504/6/1444 1415/6/1445 1414/6/1444
f 1416/7/1445 1404/7/1420 1494/7/1420
f 1416/7/1445 1494/7/1420 1506/7/1445
f 1506/7/1445 1504/7/1444 1414/7/1444
f 1506/7/1445 1414/7/1444 1416/7/1445
f 1406/4/1488 1417/4/1487 1507/4/1554
f 1406/4/1488 1507/4/1554 1496/4/1550
f 1508/4/1486 1507/4/1554 1417/4/1487
f 1508/4/1486 1417/4/1487 1418/4/1486
f 1509/4/1456 1508/4/1486 1418/4/1486
f 1509/4/1456 1418/4/1486 1419/4/1456
f 1510/3/1485 1509/3/1456 1419/3/1456
f 1510/3/1485 1419/3/1456 1420/3/1485
f 1421/3/1445 1408/3/1420 1498/3/1420
f 1421/3/1445 1498/3/1420 1511/3/1445
f 1511/3/1445 1510/3/1485 1420/3/1485
f 1511/3/1445 1420/3/1485 1421/3/1445
f 1422/5/1419 1411/5/1420 1501/5/1552
f 1422/5/1419 1501/5/1552 1512/5/1555
f 1409/5/1440 1423/5/1455 1513/5/1455
f 1409/5/1440 1513/5/1455 1499/5/1440
f 1512/5/1456 1513/5/1456 1423/5/1456
f 1512/5/1456 1423/5/1456 1422/5/1456
f 1413/4/1488 1424/4/1487 1514/4/1556
f 1413/4/1488 1514/4/1556 1503/4/1553
f 1515/4/1557 1514/4/1556 1424/4/1487
f 1515/4/1557 1424/4/1487 1425/4/1486
f 1516/9/1558 1515/9/1557 1425/9/1486
f 1516/9/1558 1425/9/1486 1426/9/1456
f 1517/2/1559 1516/2/1558 1426/2/1456
f 1517/2/1559 1426/2/1456 1427/2/1485
f 1428/7/1445 1415/7/1445 1505/7/1445
f 1428/7/1445 1505/7/1445 1518/7/1445
f 1518/7/1445 1517/7/1559 1427/7/1485
f 1518/7/1445 1427/7/1485 1428/7/1445
f 1430/3/1471 1429/3/1528 1519/3/1560
f 1430/3/1471 1519/3/1560 1520/3/1561
f 1431/3/1181 1430/3/1471 1520/3/1561
f 1431/3/1181 1520/3/1561 1521/3/1562
f 1433/8/1378 1432/8/1378 1522/8/1563
f 1433/8/1378 1522/8/1563 1523/8/1564
f 1432/8/1378 1431/8/1181 1521/8/1562
f 1432/8/1378 1521/8/1562 1522/8/1563
f 1435/7/1173 1434/7/1172 1524/7/1172
f 1435/7/1173 1524/7/1172 1525/7/1173
f 1436/7/1284 1435/7/1174 1525/7/1174
f 1436/7/1284 1525/7/1174 1526/7/1284
f 1437/7/1181 1436/7/1284 1526/7/1284
f 1437/7/1181 1526/7/1284 1527/7/1181
f 1438/8/1181 1437/8/1181 1527/8/1181
f 1438/8/1181 1527/8/1181 1528/8/1181
f 1439/7/1181 1438/7/1181 1528/7/1181
f 1439/7/1181 1528/7/1181 1529/7/1181
f 1440/10/1181 1439/10/1181 1529/10/1181
f 1440/10/1181 1529/10/1181 1530/10/1181
f 1441/3/1181 1440/3/1181 1530/3/1181
f 1441/3/1181 1530/3/1181 1531/3/1181
f 1442/3/1181 1441/3/1181 1531/3/1181
f 1442/3/1181 1531/3/1181 1532/3/1181
f 1443/11/1181 1442/11/1181 1532/11/1181
f 1443/11/1181 1532/11/1181 1533/11/1181
f 1444/11/1181 1443/11/1181 1533/11/1181
f 1444/11/1181 1533/11/1181 1534/11/1181
f 1445/12/1181 1444/12/1181 1534/12/1181
f 1445/12/1181 1534/12/1181 1535/12/1181
f 1446/13/1181 1445/13/1181 1535/13/1181
f 1446/13/1181 1535/13/1181 1536/13/1565
f 1447/14/1377 1446/14/1181 1536/14/1565
f 1447/14/1377 1536/14/1565 1537/14/1566
f 1449/14/1529 1448/14/1378 1538/14/1567
f 1449/14/1529 1538/14/1567 1539/14/1568
f 1448/14/1378 1447/14/1377 1537/14/1566
f 1448/14/1378 1537/14/1566 1538/14/1567
f 1451/15/1528 1450/15/1530 1540/15/1569
f 1451/15/1528 1540/15/1569 1541/15/1570
f 1429/15/1528 1451/15/1528 1541/15/1570
f 1429/15/1528 1541/15/1570 1519/15/1560
f 1452/7/1476 1433/7/1378 1523/7/1564
f 1452/7/1476 1523/7/1564 1542/7/1571
f 1454/3/1529 1453/3/1378 1543/3/1567
f 1454/3/1529 1543/3/1567 1544/3/1568
f 1453/3/1378 1452/3/1476 1542/3/1571
f 1453/3/1378 1542/3/1571 1543/3/1567
f 1434/1/1172 1455/1/501 1545/1/501
f 1434/1/1172 1545/1/501 1524/1/1172
f 1456/13/1531 1449/13/1529 1539/13/1568
f 1456/13/1531 1539/13/1568 1546/13/1572
f 1546/12/1573 1548/12/1573 1549/12/1573
f 1546/12/1573 1549/12/1573 1547/12/1573
f 1457/12/1532 1456/12/1531 1546/12/1574
f 1457/12/1532 1546/12/1574 1547/12/1575
f 1457/3/1532 1547/3/1576 1540/3/1569
f 1457/3/1532 1540/3/1569 1450/3/1530
f 1458/7/1533 1454/7/1529 1544/7/1568
f 1458/7/1533 1544/7/1568 1550/7/1577
f 1551/7/1578 1550/7/1579 1552/7/1580
f 1551/7/1578 1552/7/1580 1553/7/1581
f 1460/7/1535 1459/7/1534 1551/7/1582
f 1460/7/1535 1551/7/1582 1553/7/1583
f 1458/7/1533 1550/7/1577 1551/7/1584
f 1458/7/1533 1551/7/1584 1459/7/1536
f 1455/1/501 1461/1/501 1554/1/501
f 1455/1/501 1554/1/501 1545/1/501
f 1460/7/1535 1553/7/1585 1555/7/1586
f 1460/7/1535 1555/7/1586 1462/7/1537
f 1461/7/501 1463/7/501 1556/7/501
f 1461/7/501 1556/7/501 1554/7/501
f 1464/4/1212 1462/4/1537 1555/4/1586
f 1464/4/1212 1555/4/1586 1557/4/1212
f 1463/7/501 1465/7/501 1558/7/501
f 1463/7/501 1558/7/501 1556/7/501
f 1466/7/1212 1464/7/1212 1557/7/1212
f 1466/7/1212 1557/7/1212 1559/7/1212
f 1465/2/501 1467/2/501 1560/2/501
f 1465/2/501 1560/2/501 1558/2/501
f 1468/7/1212 1466/7/1212 1559/7/1212
f 1468/7/1212 1559/7/1212 1561/7/1212
f 1467/1/501 1469/1/501 1562/1/501
f 1467/1/501 1562/1/501 1560/1/501
f 1470/4/1212 1468/4/1212 1561/4/1212
f 1470/4/1212 1561/4/1212 1563/4/1212
f 1469/9/501 1471/9/501 1564/9/501
f 1469/9/501 1564/9/501 1562/9/501
f 1472/4/1538 1470/4/1212 1563/4/1212
f 1472/4/1538 1563/4/1212 1565/4/1587
f 1471/7/501 1473/7/501 1566/7/501
f 1471/7/501 1566/7/501 1564/7/501
f 1474/4/1539 1472/4/1538 1565/4/1587
f 1474/4/1539 1565/4/1587 1567/4/1588
f 1473/9/501 1475/9/501 1568/9/501
f 1473/9/501 1568/9/501 1566/9/501
f 1569/7/1589 1570/7/1590 1571/7/1589
f 1569/7/1589 1571/7/1589 1567/7/1589
f 1474/7/1539 1567/7/1591 1571/7/1589
f 1474/7/1539 1571/7/1589 1476/7/1540
f 1571/7/1589 1570/7/1592 1477/7/1541
f 1571/7/1589 1477/7/1541 1476/7/1540
f 1475/9/501 1478/9/501 1572/9/501
f 1475/9/501 1572/9/501 1568/9/501
f 1477/4/1541 1570/4/1593 1573/4/1594
f 1477/4/1541 1573/4/1594 1479/4/1542
f 1478/9/501 1480/9/501 1574/9/501
f 1478/9/501 1574/9/501 1572/9/501
f 1481/4/1480 1479/4/1542 1573/4/1594
f 1481/4/1480 1573/4/1594 1575/4/1595
f 1575/4/1595 1576/4/1596 1482/4/1420
f 1575/4/1595 1482/4/1420 1481/4/1480
f 1480/9/501 1483/9/501 1577/9/501
f 1480/9/501 1577/9/501 1574/9/501
f 1579/10/1598 1485/10/1543 1484/10/1543
f 1579/10/1598 1484/10/1543 1578/10/1597
f 1486/3/1420 1482/3/1420 1576/3/1596
f 1486/3/1420 1576/3/1596 1580/3/1596
f 1580/3/1596 1581/3/1596 1487/3/1420
f 1580/3/1596 1487/3/1420 1486/3/1420
f 1483/9/501 1488/9/501 1582/9/1599
f 1483/9/501 1582/9/1599 1577/9/501
f 1584/10/1601 1585/10/1602 1586/10/1603
f 1584/10/1601 1586/10/1603 1583/10/1600
f 1586/10/1603 1585/10/1604 1490/10/1545
f 1586/10/1603 1490/10/1545 1489/10/1544
f 1587/7/1605 1583/7/1600 1586/7/1603
f 1587/7/1605 1586/7/1603 1588/7/1606
f 1588/7/1606 1586/7/1603 1489/7/1544
f 1588/7/1606 1489/7/1544 1491/7/1546
f 1589/10/1607 1587/10/1605 1588/10/1606
f 1589/10/1607 1588/10/1606 1590/10/1608
f 1588/10/1606 1491/10/1546 1492/10/1547
f 1588/10/1606 1492/10/1547 1590/10/1609
f 1493/7/1420 1485/7/1419 1579/7/1610
f 1493/7/1420 1579/7/1610 1591/7/1596
f 1591/7/1596 1592/7/1596 1494/7/1420
f 1591/7/1596 1494/7/1420 1493/7/1420
f 1593/3/1611 1578/3/1612 1594/3/1613
f 1593/3/1611 1594/3/1613 1595/3/1614
f 1484/3/1549 1495/3/1548 1594/3/1613
f 1484/3/1549 1594/3/1613 1578/3/1612
f 1594/3/1613 1495/3/1548 1496/3/1550
f 1594/3/1613 1496/3/1550 1595/3/1615
f 1497/3/1420 1487/3/1420 1581/3/1596
f 1497/3/1420 1581/3/1596 1596/3/1596
f 1596/3/1596 1597/3/1596 1498/3/1420
f 1596/3/1596 1498/3/1420 1497/3/1420
f 1488/9/501 1499/9/1440 1598/9/1616
f 1488/9/501 1598/9/1616 1582/9/1599
f 1599/9/1617 1600/9/1618 1601/9/1619
f 1599/9/1617 1601/9/1619 1585/9/1604
f 1490/9/1545 1585/9/1620 1601/9/1619
f 1490/9/1545 1601/9/1619 1500/9/1551
f 1601/9/1619 1600/9/1621 1501/9/1552
f 1601/9/1619 1501/9/1552 1500/9/1551
f 1602/3/1622 1590/3/1609 1603/3/1622
f 1602/3/1622 1603/3/1622 1604/3/1609
f 1492/3/1547 1502/3/1553 1603/3/1622
f 1492/3/1547 1603/3/1622 1590/3/1623
f 1603/3/1622 1502/3/1553 1503/3/1553
f 1603/3/1622 1503/3/1553 1604/3/1609
f 1605/6/1624 1606/6/1545 1505/6/1445
f 1605/6/1624 1505/6/1445 1504/6/1444
f 1506/8/1445 1494/8/1420 1592/8/1596
f 1506/8/1445 1592/8/1596 1607/8/1625
f 1607/8/1625 1605/8/1624 1504/8/1444
f 1607/8/1625 1504/8/1444 1506/8/1445
f 1496/4/1550 1507/4/1554 1608/4/1626
f 1496/4/1550 1608/4/1626 1595/4/1627
f 1609/4/1628 1608/4/1629 1507/4/1554
f 1609/4/1628 1507/4/1554 1508/4/1486
f 1610/4/1630 1609/4/1628 1508/4/1486
f 1610/4/1630 1508/4/1486 1509/4/1456
f 1611/3/1631 1610/3/1630 1509/3/1456
f 1611/3/1631 1509/3/1456 1510/3/1485
f 1511/8/1445 1498/8/1420 1597/8/1596
f 1511/8/1445 1597/8/1596 1612/8/1625
f 1612/8/1625 1611/8/1631 1510/8/1485
f 1612/8/1625 1510/8/1485 1511/8/1445
f 1501/9/1552 1600/9/1632 1613/9/1633
f 1501/9/1552 1613/9/1633 1512/9/1555
f 1499/9/1440 1513/9/1455 1614/9/1634
f 1499/9/1440 1614/9/1634 1598/9/1616
f 1613/9/1635 1614/9/1635 1513/9/1456
f 1613/9/1635 1513/9/1456 1512/9/1456
f 1615/4/1636 1604/4/1608 1616/4/1607
f 1615/4/1636 1616/4/1607 1617/4/1637
f 1503/4/1553 1514/4/1556 1616/4/1638
f 1503/4/1553 1616/4/1638 1604/4/1623
f 1616/4/1639 1514/4/1556 1515/4/1557
f 1616/4/1639 1515/4/1557 1617/4/1637
f 1618/9/1640 1615/9/1636 1617/9/1637
f 1618/9/1640 1617/9/1637 1619/9/1641
f 1617/9/1637 1515/9/1557 1516/9/1558
f 1617/9/1637 1516/9/1558 1619/9/1642
f 1620/2/1643 1619/2/1644 1516/2/1558
f 1620/2/1643 1516/2/1558 1517/2/1559
f 1518/7/1445 1505/7/1445 1606/7/1545
f 1518/7/1445 1606/7/1545 1621/7/1625
f 1621/7/1625 1620/7/1643 1517/7/1559
f 1621/7/1625 1517/7/1559 1518/7/1445
f 1623/3/1646 1624/3/1647 1625/3/1648
f 1623/3/1646 1625/3/1648 1622/3/1645
f 1519/3/1560 1624/3/1649 1623/3/1650
f 1519/3/1560 1623/3/1650 1520/3/1561
f 1521/3/1562 1520/3/1561 1623/3/1651
f 1521/3/1562 1623/3/1651 1622/3/1652
f 1626/8/1653 1622/8/1654 1625/8/1648
f 1626/8/1653 1625/8/1648 1627/8/1655
f 1523/8/1564 1522/8/1563 1626/8/1656
f 1523/8/1564 1626/8/1656 1627/8/1657
f 1521/8/1562 1622/8/1658 1626/8/1659
f 1521/8/1562 1626/8/1659 1522/8/1563
f 1525/10/1173 1524/10/1172 1628/10/1172
f 1525/10/1173 1628/10/1172 1629/10/1173
f 1526/10/1284 1525/10/1174 1629/10/1174
f 1526/10/1284 1629/10/1174 1630/10/1660
f 1527/10/1181 1526/10/1284 1630/10/1660
f 1527/10/1181 1630/10/1660 1631/10/1661
f 1528/7/1181 1527/7/1181 1631/7/1661
f 1528/7/1181 1631/7/1661 1632/7/1662
f 1529/8/1181 1528/8/1181 1632/8/1662
f 1529/8/1181 1632/8/1662 1633/8/1663
f 1530/7/1181 1529/7/1181 1633/7/1663
f 1530/7/1181 1633/7/1663 1634/7/1664
f 1531/10/1181 1530/10/1181 1634/10/1664
f 1531/10/1181 1634/10/1664 1635/10/1665
f 1532/3/1181 1531/3/1181 1635/3/1665
f 1532/3/1181 1635/3/1665 1636/3/1666
f 1533/11/1181 1532/11/1181 1636/11/1666
f 1533/11/1181 1636/11/1666 1637/11/1181
f 1534/11/1181 1533/11/1181 1637/11/1181
f 1534/11/1181 1637/11/1181 1638/11/1181
f 1535/11/1181 1534/11/1181 1638/11/1181
f 1535/11/1181 1638/11/1181 1639/11/1181
f 1536/12/1565 1535/12/1181 1639/12/1181
f 1536/12/1565 1639/12/1181 1640/12/1667
f 1537/13/1566 1536/13/1565 1640/13/1667
f 1537/13/1566 1640/13/1667 1641/13/1668
f 1642/14/1669 1641/14/1669 1643/14/1669
f 1642/14/1669 1643/14/1669 1644/14/1670
f 1539/14/1568 1538/14/1567 1642/14/1669
f 1539/14/1568 1642/14/1669 1644/14/1670
f 1537/14/1566 1641/14/1671 1642/14/1669
f 1537/14/1566 1642/14/1669 1538/14/1567
f 1541/3/1570 1540/3/1569 1645/3/1570
f 1541/3/1570 1645/3/1570 1646/3/1569
f 1519/3/1560 1541/3/1570 1646/3/1569
f 1519/3/1560 1646/3/1569 1624/3/1672
f 1523/3/1564 1627/3/1673 1647/3/1674
f 1523/3/1564 1647/3/1674 1542/3/1571
f 1648/7/1669 1647/7/1674 1649/7/1669
f 1648/7/1669 1649/7/1669 1650/7/1670
f 1544/7/1568 1543/7/1567 1648/7/1669
f 1544/7/1568 1648/7/1669 1650/7/1670
f 1542/7/1571 1647/7/1674 1648/7/1669
f 1542/7/1571 1648/7/1669 1543/7/1567
f 1524/1/1172 1545/1/501 1651/1/501
f 1524/1/1172 1651/1/501 1628/1/1172
f 1548/14/1675 1546/14/1676 1652/14/1568
f 1548/14/1675 1652/14/1568 1653/14/1677
f 1539/14/1568 1644/14/1670 1652/14/1568
f 1539/14/1568 1652/14/1568 1546/14/1572
f 1549/3/1678 1654/3/1679 1655/3/1560
f 1549/3/1678 1655/3/1560 1547/3/1649
f 1540/3/1569 1547/3/1576 1655/3/1560
f 1540/3/1569 1655/3/1560 1645/3/1570
f 1552/8/1580 1550/8/1680 1656/8/1568
f 1552/8/1580 1656/8/1568 1657/8/1681
f 1544/8/1568 1650/8/1670 1656/8/1568
f 1544/8/1568 1656/8/1568 1550/8/1680
f 1545/1/501 1554/1/501 1658/1/501
f 1545/1/501 1658/1/501 1651/1/501
f 1549/13/1562 1548/13/1562 1653/13/1682
f 1549/13/1562 1653/13/1682 1654/13/1682
f 1555/8/1586 1553/8/1583 1659/8/1683
f 1555/8/1586 1659/8/1683 1660/8/1684
f 1552/8/1580 1657/8/1681 1659/8/1683
f 1552/8/1580 1659/8/1683 1553/8/1685
f 1554/10/501 1556/10/501 1661/10/501
f 1554/10/501 1661/10/501 1658/10/501
f 1557/7/1212 1555/7/1586 1660/7/1684
f 1557/7/1212 1660/7/1684 1662/7/1212
f 1556/10/501 1558/10/501 1663/10/501
f 1556/10/501 1663/10/501 1661/10/501
f 1559/7/1212 1557/7/1212 1662/7/1212
f 1559/7/1212 1662/7/1212 1664/7/1212
f 1558/2/501 1560/2/501 1665/2/501
f 1558/2/501 1665/2/501 1663/2/501
f 1561/7/1212 1559/7/1212 1664/7/1212
f 1561/7/1212 1664/7/1212 1666/7/1212
f 1560/1/501 1562/1/501 1667/1/501
f 1560/1/501 1667/1/501 1665/1/501
f 1563/7/1212 1561/7/1212 1666/7/1212
f 1563/7/1212 1666/7/1212 1668/7/1538
f 1562/2/501 1564/2/501 1669/2/501
f 1562/2/501 1669/2/501 1667/2/501
f 1565/4/1587 1563/4/1212 1668/4/1538
f 1565/4/1587 1668/4/1538 1670/4/1686
f 1564/10/501 1566/10/501 1671/10/501
f 1564/10/501 1671/10/501 1669/10/501
f 1565/4/1587 1670/4/1686 1672/4/1688
f 1565/4/1587 1672/4/1688 1567/4/1687
f 1672/4/1688 1673/4/1688 1569/4/1589
f 1672/4/1688 1569/4/1589 1567/4/1689
f 1566/5/501 1568/5/501 1674/5/501
f 1566/5/501 1674/5/501 1671/5/501
f 1569/4/1589 1673/4/1688 1675/4/1690
f 1569/4/1589 1675/4/1690 1570/4/1592
f 1568/5/501 1572/5/501 1676/5/501
f 1568/5/501 1676/5/501 1674/5/501
f 1573/4/1594 1570/4/1592 1675/4/1690
f 1573/4/1594 1675/4/1690 1677/4/1691
f 1572/5/501 1574/5/501 1678/5/501
f 1572/5/501 1678/5/501 1676/5/501
f 1679/4/1619 1680/4/1693 1681/4/1694
f 1679/4/1619 1681/4/1694 1677/4/1692
f 1573/4/1594 1677/4/1593 1681/4/1695
f 1573/4/1594 1681/4/1695 1575/4/1595
f 1681/4/1696 1680/4/1693 1576/4/1596
f 1681/4/1696 1576/4/1596 1575/4/1595
f 1574/5/501 1577/5/501 1682/5/501
f 1574/5/501 1682/5/501 1678/5/501
f 1683/10/1697 1684/10/1698 1584/10/1699
f 1683/10/1697 1584/10/1699 1583/10/1600
f 1685/6/1700 1683/6/1697 1583/6/1600
f 1685/6/1700 1583/6/1600 1587/6/1605
f 1685/6/1700 1587/6/1605 1589/6/1639
f 1685/6/1700 1589/6/1639 1686/6/1701
f 1688/7/1702 1689/7/1703 1690/7/1702
f 1688/7/1702 1690/7/1702 1687/7/1702
f 1690/7/1704 1689/7/1705 1579/7/1598
f 1690/7/1704 1579/7/1598 1578/7/1597
f 1690/3/1707 1578/3/1708 1593/3/1611
f 1690/3/1707 1593/3/1611 1691/3/1706
f 1692/7/1709 1693/7/1709 1694/7/1709
f 1692/7/1709 1694/7/1709 1680/7/1693
f 1576/7/1596 1680/7/1693 1694/7/1709
f 1576/7/1596 1694/7/1709 1580/7/1596
f 1694/7/1709 1693/7/1709 1581/7/1596
f 1694/7/1709 1581/7/1596 1580/7/1596
f 1577/5/501 1582/5/1599 1695/5/1710
f 1577/5/501 1695/5/1710 1682/5/501
f 1584/5/1711 1684/5/1698 1696/5/1712
f 1584/5/1711 1696/5/1712 1585/5/1620
f 1696/5/1712 1697/5/1713 1599/5/1617
f 1696/5/1712 1599/5/1617 1585/5/1604
f 1589/10/1638 1590/10/1623 1698/10/1714
f 1589/10/1638 1698/10/1714 1686/10/1701
f 1698/10/1714 1590/10/1609 1602/10/1622
f 1698/10/1714 1602/10/1622 1699/10/1715
f 1700/8/1709 1701/8/1717 1702/8/1709
f 1700/8/1709 1702/8/1709 1689/8/1716
f 1579/8/1610 1689/8/1718 1702/8/1709
f 1579/8/1610 1702/8/1709 1591/8/1596
f 1702/8/1709 1701/8/1717 1592/8/1596
f 1702/8/1709 1592/8/1596 1591/8/1596
f 1593/9/1611 1595/9/1615 1703/9/1719
f 1593/9/1611 1703/9/1719 1691/9/1706
f 1704/3/1709 1705/3/1717 1706/3/1709
f 1704/3/1709 1706/3/1709 1693/3/1709
f 1581/3/1596 1693/3/1709 1706/3/1709
f 1581/3/1596 1706/3/1709 1596/3/1596
f 1706/3/1709 1705/3/1717 1597/3/1596
f 1706/3/1709 1597/3/1596 1596/3/1596
f 1599/5/1617 1697/5/1713 1707/5/1720
f 1599/5/1617 1707/5/1720 1600/5/1621
f 1598/5/1616 1708/5/1721 1695/5/1710
f 1598/5/1616 1695/5/1710 1582/5/1599
f 1602/3/1622 1604/3/1623 1709/3/1722
f 1602/3/1622 1709/3/1722 1699/3/1715
f 1709/3/1722 1604/3/1609 1615/3/1636
f 1709/3/1722 1615/3/1636 1710/3/1723
f 1710/4/1723 1615/4/1636 1618/4/1640
f 1710/4/1723 1618/4/1640 1711/4/1724
f 1713/7/1601 1714/7/1726 1715/7/1725
f 1713/7/1601 1715/7/1725 1712/7/1725
f 1715/7/1725 1714/7/1727 1606/7/1545
f 1715/7/1725 1606/7/1545 1605/7/1624
f 1712/8/1725 1715/8/1725 1716/8/1601
f 1712/8/1725 1716/8/1601 1701/8/1728
f 1592/8/1596 1701/8/1729 1716/8/1711
f 1592/8/1596 1716/8/1711 1607/8/1625
f 1716/8/1699 1715/8/1725 1605/8/1624
f 1716/8/1699 1605/8/1624 1607/8/1625
f 1717/9/1730 1703/9/1731 1718/9/1732
f 1717/9/1730 1718/9/1732 1719/9/1733
f 1595/9/1615 1608/9/1734 1718/9/1735
f 1595/9/1615 1718/9/1735 1703/9/1719
f 1718/9/1737 1608/9/1629 1609/9/1628
f 1718/9/1737 1609/9/1628 1719/9/1736
f 1720/4/1738 1717/4/1730 1719/4/1739
f 1720/4/1738 1719/4/1739 1721/4/1738
f 1721/4/1738 1719/4/1739 1609/4/1628
f 1721/4/1738 1609/4/1628 1610/4/1630
f 1722/3/1603 1720/3/1738 1721/3/1738
f 1722/3/1603 1721/3/1738 1723/3/1600
f 1723/3/1600 1721/3/1738 1610/3/1630
f 1723/3/1600 1610/3/1630 1611/3/1631
f 1722/8/1603 1723/8/1600 1724/8/1601
f 1722/8/1603 1724/8/1601 1705/8/1728
f 1597/8/1596 1705/8/1729 1724/8/1711
f 1597/8/1596 1724/8/1711 1612/8/1625
f 1724/8/1699 1723/8/1600 1611/8/1631
f 1724/8/1699 1611/8/1631 1612/8/1625
f 1707/5/1740 1708/5/1740 1725/5/1740
f 1707/5/1740 1725/5/1740 1726/5/1740
f 1600/5/1621 1707/5/1720 1726/5/1741
f 1600/5/1621 1726/5/1741 1613/5/1633
f 1598/5/1616 1614/5/1634 1725/5/1742
f 1598/5/1616 1725/5/1742 1708/5/1721
f 1726/5/1743 1725/5/1743 1614/5/1635
f 1726/5/1743 1614/5/1635 1613/5/1635
f 1727/9/1744 1711/9/1641 1728/9/1640
f 1727/9/1744 1728/9/1640 1729/9/1745
f 1618/9/1640 1619/9/1640 1728/9/1640
f 1618/9/1640 1728/9/1640 1711/9/1640
f 1728/9/1640 1619/9/1724 1620/9/1643
f 1728/9/1640 1620/9/1643 1729/9/1746
f 1727/10/1747 1729/10/1748 1730/10/1601
f 1727/10/1747 1730/10/1601 1714/10/1726
f 1606/10/1545 1714/10/1749 1730/10/1711
f 1606/10/1545 1730/10/1711 1621/10/1625
f 1730/10/1699 1729/10/1750 1620/10/1643
f 1730/10/1699 1620/10/1643 1621/10/1625
f 1629/9/1173 1628/9/1172 1731/9/1751
f 1629/9/1173 1731/9/1751 1732/9/1752
f 1630/9/1660 1629/9/1174 1732/9/1753
f 1630/9/1660 1732/9/1753 1733/9/1754
f 1631/9/1661 1630/9/1660 1733/9/1754
f 1631/9/1661 1733/9/1754 1734/9/1755
f 1735/10/1756 1734/10/1757 1736/10/1758
f 1735/10/1756 1736/10/1758 1737/10/1759
f 1631/10/1661 1734/10/1760 1735/10/1756
f 1631/10/1661 1735/10/1756 1632/10/1662
f 1738/7/1761 1735/7/1756 1737/7/1759
f 1738/7/1761 1737/7/1759 1739/7/1761
f 1633/7/1663 1632/7/1662 1735/7/1756
f 1633/7/1663 1735/7/1756 1738/7/1761
f 1740/8/1762 1738/8/1761 1739/8/1761
f 1740/8/1762 1739/8/1761 1741/8/1763
f 1634/8/1664 1633/8/1663 1738/8/1761
f 1634/8/1664 1738/8/1761 1740/8/1762
f 1740/7/1762 1741/7/1763 1743/7/1765
f 1740/7/1762 1743/7/1765 1742/7/1764
f 1635/7/1665 1634/7/1664 1740/7/1762
f 1635/7/1665 1740/7/1762 1742/7/1766
f 1635/10/1665 1742/10/1767 1744/10/1768
f 1635/10/1665 1744/10/1768 1636/10/1666
f 1637/3/1181 1636/3/1666 1744/3/1768
f 1637/3/1181 1744/3/1768 1745/3/1663
f 1638/11/1181 1637/11/1181 1745/11/1663
f 1638/11/1181 1745/11/1663 1746/11/1663
f 1639/11/1181 1638/11/1181 1746/11/1663
f 1639/11/1181 1746/11/1663 1747/11/1663
f 1640/11/1667 1639/11/1181 1747/11/1663
f 1640/11/1667 1747/11/1663 1748/11/1769
f 1643/12/1669 1641/12/1770 1749/12/1771
f 1643/12/1669 1749/12/1771 1750/12/1772
f 1640/12/1667 1748/12/1769 1749/12/1771
f 1640/12/1667 1749/12/1771 1641/12/1773
f 1646/3/1569 1645/3/1570 1751/3/1774
f 1646/3/1569 1751/3/1774 1752/3/1775
f 1646/3/1569 1752/3/1775 1753/3/1776
f 1646/3/1569 1753/3/1776 1624/3/1672
f 1625/3/1648 1624/3/1777 1753/3/1776
f 1625/3/1648 1753/3/1776 1754/3/1778
f 1625/8/1648 1754/8/1778 1755/8/1780
f 1625/8/1648 1755/8/1780 1627/8/1779
f 1649/3/1669 1647/3/1674 1756/3/1772
f 1649/3/1669 1756/3/1772 1757/3/1772
f 1627/3/1673 1755/3/1780 1756/3/1772
f 1627/3/1673 1756/3/1772 1647/3/1674
f 1628/1/1172 1651/1/501 1758/1/1781
f 1628/1/1172 1758/1/1781 1731/1/1751
f 1643/13/1669 1750/13/1772 1759/13/1782
f 1643/13/1669 1759/13/1782 1644/13/1670
f 1653/13/1677 1652/13/1568 1760/13/1783
f 1653/13/1677 1760/13/1783 1761/13/1677
f 1652/13/1568 1644/13/1670 1759/13/1782
f 1652/13/1568 1759/13/1782 1760/13/1783
f 1655/3/1560 1654/3/1679 1762/3/1679
f 1655/3/1560 1762/3/1679 1763/3/1784
f 1645/3/1570 1655/3/1560 1763/3/1784
f 1645/3/1570 1763/3/1784 1751/3/1774
f 1649/7/1669 1757/7/1772 1764/7/1782
f 1649/7/1669 1764/7/1782 1650/7/1670
f 1657/8/1681 1656/8/1568 1765/8/1785
f 1657/8/1681 1765/8/1785 1766/8/1786
f 1656/8/1568 1650/8/1670 1764/8/1782
f 1656/8/1568 1764/8/1782 1765/8/1785
f 1651/9/501 1658/9/501 1767/9/501
f 1651/9/501 1767/9/501 1758/9/1781
f 1654/12/1682 1653/12/1682 1761/12/1787
f 1654/12/1682 1761/12/1787 1762/12/1787
f 1660/8/1684 1659/8/1683 1768/8/1788
f 1660/8/1684 1768/8/1788 1769/8/1535
f 1659/8/1683 1657/8/1681 1766/8/1786
f 1659/8/1683 1766/8/1786 1768/8/1788
f 1658/9/501 1661/9/501 1770/9/501
f 1658/9/501 1770/9/501 1767/9/501
f 1662/7/1212 1660/7/1684 1769/7/1535
f 1662/7/1212 1769/7/1535 1771/7/1537
f 1661/1/501 1663/1/501 1772/1/501
f 1661/1/501 1772/1/501 1770/1/501
f 1664/7/1212 1662/7/1212 1771/7/1537
f 1664/7/1212 1771/7/1537 1773/7/1538
f 1663/2/501 1665/2/501 1774/2/501
f 1663/2/501 1774/2/501 1772/2/501
f 1666/7/1212 1664/7/1212 1773/7/1538
f 1666/7/1212 1773/7/1538 1775/7/1789
f 1665/1/501 1667/1/501 1776/1/501
f 1665/1/501 1776/1/501 1774/1/501
f 1668/7/1538 1666/7/1212 1775/7/1789
f 1668/7/1538 1775/7/1789 1777/7/1790
f 1667/2/501 1669/2/501 1778/2/501
f 1667/2/501 1778/2/501 1776/2/501
f 1670/4/1686 1668/4/1538 1777/4/1790
f 1670/4/1686 1777/4/1790 1779/4/1791
f 1669/9/501 1671/9/501 1780/9/501
f 1669/9/501 1780/9/501 1778/9/501
f 1781/4/1793 1782/4/1794 1783/4/1589
f 1781/4/1793 1783/4/1589 1779/4/1792
f 1670/4/1686 1779/4/1795 1783/4/1589
f 1670/4/1686 1783/4/1589 1672/4/1688
f 1783/4/1589 1782/4/1796 1673/4/1688
f 1783/4/1589 1673/4/1688 1672/4/1688
f 1671/9/501 1674/9/501 1784/9/501
f 1671/9/501 1784/9/501 1780/9/501
f 1673/4/1688 1782/4/1797 1785/4/1690
f 1673/4/1688 1785/4/1690 1675/4/1690
f 1674/9/501 1676/9/501 1786/9/501
f 1674/9/501 1786/9/501 1784/9/501
f 1675/4/1690 1785/4/1690 1787/4/1798
f 1675/4/1690 1787/4/1798 1677/4/1593
f 1787/4/1798 1788/4/1799 1679/4/1619
f 1787/4/1798 1679/4/1619 1677/4/1691
f 1676/9/501 1678/9/501 1789/9/501
f 1676/9/501 1789/9/501 1786/9/501
f 1791/8/1800 1688/8/1743 1687/8/1743
f 1791/8/1800 1687/8/1743 1790/8/1800
f 1679/7/1619 1788/7/1799 1792/7/1801
f 1679/7/1619 1792/7/1801 1680/7/1693
f 1792/7/1801 1793/7/1801 1692/7/1709
f 1792/7/1801 1692/7/1709 1680/7/1693
f 1678/9/501 1682/9/501 1794/9/1599
f 1678/9/501 1794/9/1599 1789/9/501
f 1796/10/1803 1797/10/1804 1798/10/1805
f 1796/10/1803 1798/10/1805 1795/10/1802
f 1798/10/1805 1797/10/1806 1684/10/1698
f 1798/10/1805 1684/10/1698 1683/10/1697
f 1799/7/1605 1795/7/1807 1798/7/1805
f 1799/7/1605 1798/7/1805 1800/7/1606
f 1800/7/1606 1798/7/1805 1683/7/1697
f 1800/7/1606 1683/7/1697 1685/7/1700
f 1801/6/1607 1799/6/1605 1800/6/1606
f 1801/6/1607 1800/6/1606 1802/6/1808
f 1800/6/1606 1685/6/1700 1686/6/1701
f 1800/6/1606 1686/6/1701 1802/6/1809
f 1688/8/1810 1791/8/1810 1803/8/1801
f 1688/8/1810 1803/8/1801 1689/8/1718
f 1803/8/1801 1804/8/1801 1700/8/1709
f 1803/8/1801 1700/8/1709 1689/8/1811
f 1687/7/1812 1690/7/1813 1805/7/1814
f 1687/7/1812 1805/7/1814 1790/7/1815
f 1805/7/1814 1690/7/1707 1691/7/1706
f 1805/7/1814 1691/7/1706 1806/7/1816
f 1692/3/1709 1793/3/1801 1807/3/1801
f 1692/3/1709 1807/3/1801 1693/3/1709
f 1807/3/1801 1808/3/1801 1704/3/1709
f 1807/3/1801 1704/3/1709 1693/3/1709
f 1682/9/501 1695/9/1710 1809/9/1817
f 1682/9/501 1809/9/1817 1794/9/1599
f 1684/9/1698 1797/9/1818 1810/9/1713
f 1684/9/1698 1810/9/1713 1696/9/1712
f 1810/9/1713 1811/9/1712 1697/9/1713
f 1810/9/1713 1697/9/1713 1696/9/1712
f 1812/6/1819 1802/6/1809 1813/6/1820
f 1812/6/1819 1813/6/1820 1814/6/1821
f 1686/6/1701 1698/6/1714 1813/6/1820
f 1686/6/1701 1813/6/1820 1802/6/1822
f 1813/6/1820 1698/6/1714 1699/6/1715
f 1813/6/1820 1699/6/1715 1814/6/1823
f 1815/6/1824 1816/6/1825 1713/6/1699
f 1815/6/1824 1713/6/1699 1712/6/1725
f 1700/7/1709 1804/7/1801 1817/7/1825
f 1700/7/1709 1817/7/1825 1701/7/1729
f 1817/7/1825 1815/7/1824 1712/7/1725
f 1817/7/1825 1712/7/1725 1701/7/1717
f 1691/10/1706 1703/10/1826 1818/10/1827
f 1691/10/1706 1818/10/1827 1806/10/1816
f 1818/10/1827 1703/10/1829 1717/10/1730
f 1818/10/1827 1717/10/1730 1819/10/1828
f 1820/9/1830 1819/9/1828 1717/9/1730
f 1820/9/1830 1717/9/1730 1720/9/1738
f 1821/3/1831 1820/3/1830 1720/3/1738
f 1821/3/1831 1720/3/1738 1722/3/1603
f 1704/8/1709 1808/8/1801 1822/8/1825
f 1704/8/1709 1822/8/1825 1705/8/1729
f 1822/8/1825 1821/8/1831 1722/8/1603
f 1822/8/1825 1722/8/1603 1705/8/1717
f 1697/9/1713 1811/9/1712 1823/9/1832
f 1697/9/1713 1823/9/1832 1707/9/1720
f 1695/9/1710 1708/9/1721 1824/9/1833
f 1695/9/1710 1824/9/1833 1809/9/1817
f 1823/9/1800 1824/9/1800 1708/9/1834
f 1823/9/1800 1708/9/1834 1707/9/1834
f 1699/10/1715 1709/10/1722 1825/10/1626
f 1699/10/1715 1825/10/1626 1814/10/1627
f 1826/10/1835 1825/10/1629 1709/10/1722
f 1826/10/1835 1709/10/1722 1710/10/1723
f 1827/3/1836 1826/3/1835 1710/3/1723
f 1827/3/1836 1710/3/1723 1711/3/1644
f 1827/4/1836 1711/4/1642 1727/4/1838
f 1827/4/1836 1727/4/1838 1828/4/1837
f 1713/9/1711 1816/9/1825 1829/9/1825
f 1713/9/1711 1829/9/1825 1714/9/1749
f 1829/9/1825 1828/9/1837 1727/9/1744
f 1829/9/1825 1727/9/1744 1714/9/1727
f 1831/3/1840 1832/3/1841 1833/3/1842
f 1831/3/1840 1833/3/1842 1830/3/1839
f 1731/3/1751 1832/3/1843 1831/3/1844
f 1731/3/1751 1831/3/1844 1732/3/1752
f 1733/3/1754 1732/3/1753 1831/3/1845
f 1733/3/1754 1831/3/1845 1830/3/1846
f 1834/3/1758 1830/3/1847 1833/3/1848
f 1834/3/1758 1833/3/1848 1835/3/1757
f 1736/3/1758 1734/3/1758 1834/3/1758
f 1736/3/1758 1834/3/1758 1835/3/1758
f 1733/3/1754 1830/3/1850 1834/3/1758
f 1733/3/1754 1834/3/1758 1734/3/1849
f 1837/3/1765 1838/3/1764 1839/3/1762
f 1837/3/1765 1839/3/1762 1836/3/1763
f 1743/3/1765 1838/3/1765 1837/3/1765
f 1743/3/1765 1837/3/1765 1742/3/1765
f 1744/3/1768 1742/3/1851 1837/3/1765
f 1744/3/1768 1837/3/1765 1836/3/1763
f 1840/3/1761 1836/3/1763 1839/3/1762
f 1840/3/1761 1839/3/1762 1841/3/1761
f 1745/3/1663 1744/3/1768 1836/3/1763
f 1745/3/1663 1836/3/1763 1840/3/1761
f 1842/3/1761 1840/3/1761 1841/3/1761
f 1842/3/1761 1841/3/1761 1843/3/1761
f 1746/3/1663 1745/3/1663 1840/3/1761
f 1746/3/1663 1840/3/1761 1842/3/1761
f 1844/3/1761 1842/3/1761 1843/3/1761
f 1844/3/1761 1843/3/1761 1845/3/1761
f 1747/3/1663 1746/3/1663 1842/3/1761
f 1747/3/1663 1842/3/1761 1844/3/1761
f 1846/3/1852 1844/3/1761 1845/3/1761
f 1846/3/1852 1845/3/1761 1847/3/1756
f 1748/3/1769 1747/3/1663 1844/3/1761
f 1748/3/1769 1844/3/1761 1846/3/1852
f 1848/3/1653 1846/3/1852 1847/3/1756
f 1848/3/1653 1847/3/1756 1849/3/1655
f 1750/3/1772 1749/3/1771 1848/3/1656
f 1750/3/1772 1848/3/1656 1849/3/1657
f 1748/3/1769 1846/3/1852 1848/3/1659
f 1748/3/1769 1848/3/1659 1749/3/1771
f 1751/3/1774 1850/3/1853 1851/3/1854
f 1751/3/1774 1851/3/1854 1752/3/1775
f 1753/3/1776 1752/3/1775 1851/3/1855
f 1753/3/1776 1851/3/1855 1852/3/1856
f 1754/7/1778 1753/7/1776 1852/7/1856
f 1754/7/1778 1852/7/1856 1853/7/1857
f 1755/8/1780 1754/8/1778 1853/8/1857
f 1755/8/1780 1853/8/1857 1854/8/1858
f 1855/3/1669 1854/3/1859 1856/3/1860
f 1855/3/1669 1856/3/1860 1857/3/1861
f 1757/3/1772 1756/3/1772 1855/3/1669
f 1757/3/1772 1855/3/1669 1857/3/1861
f 1755/3/1780 1854/3/1862 1855/3/1669
f 1755/3/1780 1855/3/1669 1756/3/1772
f 1731/1/1751 1758/1/1781 1858/1/1863
f 1731/1/1751 1858/1/1863 1832/1/1843
f 1736/3/1758 1835/3/1849 1859/3/1864
f 1736/3/1758 1859/3/1864 1737/3/1759
f 1739/3/1761 1737/3/1759 1859/3/1864
f 1739/3/1761 1859/3/1864 1860/3/1663
f 1741/3/1763 1739/3/1761 1860/3/1663
f 1741/3/1763 1860/3/1663 1861/3/1768
f 1743/3/1765 1741/3/1763 1861/3/1768
f 1743/3/1765 1861/3/1768 1838/3/1851
f 1750/3/1772 1849/3/1673 1862/3/1674
f 1750/3/1772 1862/3/1674 1759/3/1782
f 1863/3/1669 1862/3/1674 1864/3/1865
f 1863/3/1669 1864/3/1865 1865/3/1866
f 1761/3/1677 1760/3/1783 1863/3/1669
f 1761/3/1677 1863/3/1669 1865/3/1865
f 1759/3/1782 1862/3/1674 1863/3/1669
f 1759/3/1782 1863/3/1669 1760/3/1783
f 1866/3/1868 1867/3/1869 1868/3/1870
f 1866/3/1868 1868/3/1870 1850/3/1867
f 1762/3/1679 1867/3/1871 1866/3/1868
f 1762/3/1679 1866/3/1868 1763/3/1784
f 1751/3/1774 1763/3/1784 1866/3/1868
f 1751/3/1774 1866/3/1868 1850/3/1872
f 1757/7/1772 1857/7/1861 1869/7/1873
f 1757/7/1772 1869/7/1873 1764/7/1782
f 1870/8/1874 1869/8/1875 1871/8/1876
f 1870/8/1874 1871/8/1876 1872/8/1877
f 1766/8/1786 1765/8/1785 1870/8/1878
f 1766/8/1786 1870/8/1878 1872/8/1877
f 1764/8/1782 1869/8/1879 1870/8/1880
f 1764/8/1782 1870/8/1880 1765/8/1785
f 1758/3/1781 1767/3/501 1873/3/501
f 1758/3/1781 1873/3/501 1858/3/1863
f 1762/3/1787 1761/3/1787 1865/3/1881
f 1762/3/1787 1865/3/1881 1867/3/1882
f 1874/8/1883 1872/8/1877 1875/8/1884
f 1874/8/1883 1875/8/1884 1876/8/1885
f 1769/8/1535 1768/8/1788 1874/8/1886
f 1769/8/1535 1874/8/1886 1876/8/1887
f 1766/8/1786 1872/8/1877 1874/8/1888
f 1766/8/1786 1874/8/1888 1768/8/1788
f 1767/1/501 1770/1/501 1877/1/501
f 1767/1/501 1877/1/501 1873/1/501
f 1769/7/1535 1876/7/1889 1878/7/1890
f 1769/7/1535 1878/7/1890 1771/7/1537
f 1770/1/501 1772/1/501 1879/1/501
f 1770/1/501 1879/1/501 1877/1/501
f 1773/7/1538 1771/7/1537 1878/7/1890
f 1773/7/1538 1878/7/1890 1880/7/1891
f 1772/2/501 1774/2/501 1881/2/501
f 1772/2/501 1881/2/501 1879/2/501
f 1775/7/1789 1773/7/1538 1880/7/1891
f 1775/7/1789 1880/7/1891 1882/7/1892
f 1774/1/501 1776/1/501 1883/1/501
f 1774/1/501 1883/1/501 1881/1/501
f 1884/7/1894 1885/7/1895 1886/7/1896
f 1884/7/1894 1886/7/1896 1882/7/1893
f 1775/7/1789 1882/7/1897 1886/7/1896
f 1775/7/1789 1886/7/1896 1777/7/1790
f 1776/2/501 1778/2/501 1887/2/501
f 1776/2/501 1887/2/501 1883/2/501
f 1885/7/1895 1888/7/1898 1889/7/1899
f 1885/7/1895 1889/7/1899 1886/7/1896
f 1777/7/1790 1886/7/1896 1889/7/1899
f 1777/7/1790 1889/7/1899 1779/7/1795
f 1889/7/1899 1888/7/1898 1781/7/1793
f 1889/7/1899 1781/7/1793 1779/7/1792
f 1778/1/501 1780/1/501 1890/1/501
f 1778/1/501 1890/1/501 1887/1/501
f 1781/4/1793 1888/4/1898 1891/4/1900
f 1781/4/1793 1891/4/1900 1782/4/1796
f 1780/2/501 1784/2/501 1892/2/501
f 1780/2/501 1892/2/501 1890/2/501
f 1785/4/1690 1782/4/1796 1891/4/1900
f 1785/4/1690 1891/4/1900 1893/4/1901
f 1784/5/501 1786/5/501 1894/5/501
f 1784/5/501 1894/5/501 1892/5/501
f 1895/4/1903 1896/4/1904 1897/4/1694
f 1895/4/1903 1897/4/1694 1893/4/1902
f 1785/4/1690 1893/4/1905 1897/4/1695
f 1785/4/1690 1897/4/1695 1787/4/1798
f 1897/4/1696 1896/4/1904 1788/4/1799
f 1897/4/1696 1788/4/1799 1787/4/1798
f 1786/5/501 1789/5/501 1898/5/501
f 1786/5/501 1898/5/501 1894/5/501
f 1899/10/1906 1900/10/1824 1796/10/1907
f 1899/10/1906 1796/10/1907 1795/10/1908
f 1901/3/1700 1899/3/1906 1795/3/1807
f 1901/3/1700 1795/3/1807 1799/3/1605
f 1901/3/1700 1799/3/1605 1801/3/1639
f 1901/3/1700 1801/3/1639 1902/3/1701
f 1903/8/1740 1904/8/1740 1905/8/1909
f 1903/8/1740 1905/8/1909 1906/8/1910
f 1906/8/1911 1905/8/1912 1791/8/1800
f 1906/8/1911 1791/8/1800 1790/8/1800
f 1907/7/1913 1908/7/1914 1909/7/1709
f 1907/7/1913 1909/7/1709 1896/7/1904
f 1788/7/1799 1896/7/1904 1909/7/1709
f 1788/7/1799 1909/7/1709 1792/7/1801
f 1909/7/1709 1908/7/1914 1793/7/1801
f 1909/7/1709 1793/7/1801 1792/7/1801
f 1789/5/501 1794/5/1599 1910/5/1710
f 1789/5/501 1910/5/1710 1898/5/501
f 1796/5/1741 1900/5/1915 1911/5/1916
f 1796/5/1741 1911/5/1916 1797/5/1720
f 1801/3/1638 1802/3/1822 1912/3/1917
f 1801/3/1638 1912/3/1917 1902/3/1701
f 1912/3/1917 1802/3/1809 1812/3/1819
f 1912/3/1917 1812/3/1819 1913/3/1918
f 1914/7/1709 1915/7/1717 1916/7/1709
f 1914/7/1709 1916/7/1709 1905/7/1919
f 1791/7/1810 1905/7/1718 1916/7/1709
f 1791/7/1810 1916/7/1709 1803/7/1801
f 1916/7/1709 1915/7/1717 1804/7/1801
f 1916/7/1709 1804/7/1801 1803/7/1801
f 1917/8/1920 1906/8/1921 1918/8/1622
f 1917/8/1920 1918/8/1622 1919/8/1922
f 1790/8/1815 1805/8/1814 1918/8/1622
f 1790/8/1815 1918/8/1622 1906/8/1923
f 1918/8/1622 1805/8/1814 1806/8/1816
f 1918/8/1622 1806/8/1816 1919/8/1922
f 1920/3/1924 1921/3/1925 1922/3/1709
f 1920/3/1924 1922/3/1709 1908/3/1914
f 1793/3/1801 1908/3/1914 1922/3/1709
f 1793/3/1801 1922/3/1709 1807/3/1801
f 1922/3/1709 1921/3/1925 1808/3/1801
f 1922/3/1709 1808/3/1801 1807/3/1801
f 1809/5/1817 1923/5/1721 1910/5/1710
f 1809/5/1817 1910/5/1710 1794/5/1599
f 1924/5/1926 1925/5/1927 1926/5/1617
f 1924/5/1926 1926/5/1617 1911/5/1916
f 1797/5/1720 1911/5/1916 1926/5/1617
f 1797/5/1720 1926/5/1617 1810/5/1713
f 1926/5/1617 1925/5/1928 1811/5/1712
f 1926/5/1617 1811/5/1712 1810/5/1713
f 1812/3/1819 1814/3/1823 1927/3/1929
f 1812/3/1819 1927/3/1929 1913/3/1918
f 1929/9/1601 1930/9/1726 1931/9/1725
f 1929/9/1601 1931/9/1725 1928/9/1725
f 1931/9/1725 1930/9/1727 1816/9/1825
f 1931/9/1725 1816/9/1825 1815/9/1824
f 1928/10/1725 1931/10/1725 1932/10/1601
f 1928/10/1725 1932/10/1601 1915/10/1728
f 1804/10/1801 1915/10/1729 1932/10/1711
f 1804/10/1801 1932/10/1711 1817/10/1825
f 1932/10/1699 1931/10/1725 1815/10/1824
f 1932/10/1699 1815/10/1824 1817/10/1825
f 1933/7/1930 1919/7/1922 1934/7/1931
f 1933/7/1930 1934/7/1931 1935/7/1932
f 1806/7/1816 1818/7/1827 1934/7/1933
f 1806/7/1816 1934/7/1933 1919/7/1922
f 1934/7/1935 1818/7/1827 1819/7/1828
f 1934/7/1935 1819/7/1828 1935/7/1934
f 1936/3/1936 1935/3/1937 1819/3/1828
f 1936/3/1936 1819/3/1828 1820/3/1830
f 1938/4/1939 1936/4/1940 1939/4/1941
f 1938/4/1939 1939/4/1941 1937/4/1938
f 1939/4/1941 1936/4/1936 1820/4/1830
f 1939/4/1941 1820/4/1830 1821/4/1831
f 1937/8/1938 1939/8/1941 1940/8/1601
f 1937/8/1938 1940/8/1601 1921/8/1942
f 1808/8/1801 1921/8/1943 1940/8/1711
f 1808/8/1801 1940/8/1711 1822/8/1825
f 1940/8/1699 1939/8/1941 1821/8/1831
f 1940/8/1699 1821/8/1831 1822/8/1825
f 1923/5/1740 1941/5/1740 1942/5/1740
f 1923/5/1740 1942/5/1740 1925/5/1944
f 1811/5/1712 1925/5/1945 1942/5/1810
f 1811/5/1712 1942/5/1810 1823/5/1832
f 1809/5/1817 1824/5/1833 1941/5/1742
f 1809/5/1817 1941/5/1742 1923/5/1721
f 1942/5/1743 1941/5/1743 1824/5/1800
f 1942/5/1743 1824/5/1800 1823/5/1800
f 1943/3/1946 1927/3/1947 1944/3/1732
f 1943/3/1946 1944/3/1732 1945/3/1733
f 1814/3/1823 1825/3/1734 1944/3/1735
f 1814/3/1823 1944/3/1735 1927/3/1929
f 1944/3/1737 1825/3/1629 1826/3/1835
f 1944/3/1737 1826/3/1835 1945/3/1736
f 1946/3/1948 1943/3/1946 1945/3/1739
f 1946/3/1948 1945/3/1739 1947/3/1738
f 1947/3/1738 1945/3/1739 1826/3/1835
f 1947/3/1738 1826/3/1835 1827/3/1836
f 1948/2/1949 1946/2/1948 1947/2/1738
f 1948/2/1949 1947/2/1738 1949/2/1600
f 1949/2/1600 1947/2/1738 1827/2/1836
f 1949/2/1600 1827/2/1836 1828/2/1837
f 1948/4/1949 1949/4/1600 1950/4/1601
f 1948/4/1949 1950/4/1601 1930/4/1726
f 1816/4/1825 1930/4/1749 1950/4/1711
f 1816/4/1825 1950/4/1711 1829/4/1825
f 1950/4/1699 1949/4/1600 1828/4/1837
f 1950/4/1699 1828/4/1837 1829/4/1825
f 1952/3/1951 1953/3/1952 1954/3/1953
f 1952/3/1951 1954/3/1953 1951/3/1950
f 1850/3/1872 1953/3/1952 1952/3/1951
f 1850/3/1872 1952/3/1951 1851/3/1954
f 1852/3/1856 1851/3/1855 1952/3/1955
f 1852/3/1856 1952/3/1955 1951/3/1956
f 1853/10/1857 1852/10/1856 1951/10/1957
f 1853/10/1857 1951/10/1957 1955/10/1958
f 1956/7/1959 1955/7/1959 1957/7/1959
f 1956/7/1959 1957/7/1959 1958/7/1960
f 1856/7/1860 1854/7/1859 1956/7/1959
f 1856/7/1860 1956/7/1959 1958/7/1960
f 1853/7/1857 1955/7/1961 1956/7/1959
f 1853/7/1857 1956/7/1959 1854/7/1862
f 1858/2/1863 1959/2/1962 1960/2/1963
f 1858/2/1863 1960/2/1963 1832/2/1843
f 1833/2/1848 1832/2/1841 1960/2/1964
f 1833/2/1848 1960/2/1964 1961/2/1965
f 1833/2/1966 1961/2/1965 1962/2/1967
f 1833/2/1966 1962/2/1967 1835/2/1760
f 1859/6/1864 1835/6/1755 1962/6/1967
f 1859/6/1864 1962/6/1967 1963/6/1968
f 1860/6/1663 1859/6/1864 1963/6/1968
f 1860/6/1663 1963/6/1968 1964/6/1663
f 1861/6/1768 1860/6/1663 1964/6/1663
f 1861/6/1768 1964/6/1663 1965/6/1969
f 1861/6/1768 1965/6/1969 1966/6/1970
f 1861/6/1768 1966/6/1970 1838/6/1767
f 1839/6/1762 1838/6/1766 1966/6/1970
f 1839/6/1762 1966/6/1970 1967/6/1971
f 1841/6/1761 1839/6/1762 1967/6/1971
f 1841/6/1761 1967/6/1971 1968/6/1970
f 1843/2/1761 1841/2/1761 1968/2/1970
f 1843/2/1761 1968/2/1970 1969/2/1969
f 1845/3/1761 1843/3/1761 1969/3/1969
f 1845/3/1761 1969/3/1969 1970/3/1663
f 1847/8/1756 1845/8/1761 1970/8/1663
f 1847/8/1756 1970/8/1663 1971/8/1972
f 1847/7/1756 1971/7/1972 1972/7/1780
f 1847/7/1756 1972/7/1780 1849/7/1779
f 1864/3/1865 1862/3/1674 1973/3/1772
f 1864/3/1865 1973/3/1772 1974/3/1973
f 1849/3/1673 1972/3/1780 1973/3/1772
f 1849/3/1673 1973/3/1772 1862/3/1674
f 1868/3/1870 1975/3/1974 1953/3/1952
f 1868/3/1870 1953/3/1952 1850/3/1872
f 1856/3/1860 1958/3/1960 1976/3/1975
f 1856/3/1860 1976/3/1975 1857/3/1861
f 1977/10/1976 1976/10/1975 1978/10/1977
f 1977/10/1976 1978/10/1977 1979/10/1978
f 1871/10/1876 1869/10/1873 1977/10/1976
f 1871/10/1876 1977/10/1976 1979/10/1978
f 1857/10/1861 1976/10/1975 1977/10/1976
f 1857/10/1861 1977/10/1976 1869/10/1873
f 1858/2/1863 1873/2/501 1980/2/501
f 1858/2/1863 1980/2/501 1959/2/1962
f 1864/3/1865 1974/3/1973 1981/3/1980
f 1864/3/1865 1981/3/1980 1865/3/1979
f 1981/3/1981 1983/3/1982 1984/3/1982
f 1981/3/1981 1984/3/1982 1982/3/1981
f 1867/3/1983 1865/3/1984 1981/3/1985
f 1867/3/1983 1981/3/1985 1982/3/1986
f 1868/4/1870 1867/4/1987 1982/4/1988
f 1868/4/1870 1982/4/1988 1975/4/1974
f 1985/7/1989 1979/7/1978 1986/7/1990
f 1985/7/1989 1986/7/1990 1987/7/1991
f 1875/7/1884 1872/7/1877 1985/7/1989
f 1875/7/1884 1985/7/1989 1987/7/1991
f 1871/7/1876 1979/7/1978 1985/7/1989
f 1871/7/1876 1985/7/1989 1872/7/1877
f 1873/2/501 1877/2/501 1988/2/501
f 1873/2/501 1988/2/501 1980/2/501
f 1987/7/1991 1986/7/1990 1989/7/1992
f 1987/7/1991 1989/7/1992 1990/7/1993
f 1991/7/1994 1987/7/1991 1990/7/1993
f 1991/7/1994 1990/7/1993 1992/7/1995
f 1878/7/1890 1876/7/1996 1991/7/1997
f 1878/7/1890 1991/7/1997 1992/7/1998
f 1875/7/1884 1987/7/1991 1991/7/1994
f 1875/7/1884 1991/7/1994 1876/7/1999
f 1877/2/501 1879/2/501 1993/2/501
f 1877/2/501 1993/2/501 1988/2/501
f 1992/7/2000 1990/7/2001 1994/7/2002
f 1992/7/2000 1994/7/2002 1995/7/2003
f 1880/7/1891 1878/7/1890 1992/7/1998
f 1880/7/1891 1992/7/1998 1995/7/2003
f 1879/2/501 1881/2/501 1996/2/501
f 1879/2/501 1996/2/501 1993/2/501
f 1994/7/2002 1997/7/2004 1998/7/2005
f 1994/7/2002 1998/7/2005 1995/7/2003
f 1880/7/1891 1995/7/2003 1998/7/2006
f 1880/7/1891 1998/7/2006 1882/7/1897
f 1998/7/2007 1997/7/2008 1884/7/1894
f 1998/7/2007 1884/7/1894 1882/7/2009
f 1881/1/501 1883/1/501 1999/1/501
f 1881/1/501 1999/1/501 1996/1/501
f 2000/7/2010 2001/7/2011 2002/7/2012
f 2000/7/2010 2002/7/2012 1997/7/2004
f 1884/7/1894 1997/7/2008 2002/7/2012
f 1884/7/1894 2002/7/2012 1885/7/1895
f 1883/2/501 1887/2/501 2003/2/501
f 1883/2/501 2003/2/501 1999/2/501
f 2002/7/2012 2001/7/2011 2004/7/2013
f 2002/7/2012 2004/7/2013 2005/7/2014
f 1885/7/1895 2002/7/2012 2005/7/2014
f 1885/7/1895 2005/7/2014 1888/7/1898
f 1887/2/501 1890/2/501 2006/2/501
f 1887/2/501 2006/2/501 2003/2/501
f 2005/7/2014 2004/7/2013 2007/7/2015
f 2005/7/2014 2007/7/2015 2008/7/2016
f 1891/7/1900 1888/7/1898 2005/7/2014
f 1891/7/1900 2005/7/2014 2008/7/2016
f 1890/2/501 1892/2/501 2009/2/501
f 1890/2/501 2009/2/501 2006/2/501
f 2007/4/2015 2010/4/2017 2011/4/2005
f 2007/4/2015 2011/4/2005 2008/4/2016
f 1891/4/1900 2008/4/2016 2011/4/2006
f 1891/4/1900 2011/4/2006 1893/4/2018
f 2011/4/2007 2010/4/2017 1895/4/1903
f 2011/4/2007 1895/4/1903 1893/4/2019
f 1892/5/501 1894/5/501 2012/5/501
f 1892/5/501 2012/5/501 2009/5/501
f 2014/7/2021 1904/7/2022 1903/7/2022
f 2014/7/2021 1903/7/2022 2013/7/2020
f 2015/10/2023 2016/10/2024 2017/10/1903
f 2015/10/2023 2017/10/1903 2010/10/2017
f 1895/10/1903 2010/10/2017 2017/10/1903
f 1895/10/1903 2017/10/1903 1896/10/1904
f 2017/10/1903 2016/10/2024 1907/10/1913
f 2017/10/1903 1907/10/1913 1896/10/1904
f 1894/5/501 1898/5/501 2018/5/1599
f 1894/5/501 2018/5/1599 2012/5/501
f 2020/10/2026 2021/10/2027 2022/10/1603
f 2020/10/2026 2022/10/1603 2019/10/2025
f 2022/10/1603 2021/10/2028 1900/10/2029
f 2022/10/1603 1900/10/2029 1899/10/1906
f 2023/6/2030 2019/6/2025 2022/6/1603
f 2023/6/2030 2022/6/1603 2024/6/1606
f 2024/6/1606 2022/6/1603 1899/6/1906
f 2024/6/1606 1899/6/1906 1901/6/1700
f 2025/6/2031 2023/6/2030 2024/6/1606
f 2025/6/2031 2024/6/1606 2026/6/2032
f 2024/6/1606 1901/6/1700 1902/6/1701
f 2024/6/1606 1902/6/1701 2026/6/2033
f 1904/10/1810 2014/10/2034 2027/10/1801
f 1904/10/1810 2027/10/1801 1905/10/1718
f 2027/10/1801 2028/10/1801 1914/10/1709
f 2027/10/1801 1914/10/1709 1905/10/2035
f 2029/8/2036 2013/8/2037 2030/8/1930
f 2029/8/2036 2030/8/1930 2031/8/2038
f 1903/8/2039 1906/8/1923 2030/8/1930
f 1903/8/2039 2030/8/1930 2013/8/2040
f 2030/8/1930 1906/8/2041 1917/8/1920
f 2030/8/1930 1917/8/1920 2031/8/2038
f 1907/3/1913 2016/3/2024 2032/3/2042
f 1907/3/1913 2032/3/2042 1908/3/1914
f 2032/3/2042 2033/3/2043 1920/3/1924
f 2032/3/2042 1920/3/1924 1908/3/1914
f 1898/5/501 1910/5/1710 2034/5/1817
f 1898/5/501 2034/5/1817 2018/5/1599
f 2035/5/2023 2036/5/2044 2037/5/1926
f 2035/5/2023 2037/5/1926 2021/5/2028
f 1900/5/2045 2021/5/2046 2037/5/1926
f 1900/5/2045 2037/5/1926 1911/5/1916
f 2037/5/1926 2036/5/2044 1924/5/1926
f 2037/5/1926 1924/5/1926 1911/5/1916
f 2038/6/1920 2026/6/2033 2039/6/1622
f 2038/6/1920 2039/6/1622 2040/6/2047
f 1902/6/1701 1912/6/1917 2039/6/1622
f 1902/6/1701 2039/6/1622 2026/6/2048
f 2039/6/1622 1912/6/1917 1913/6/1918
f 2039/6/1622 1913/6/1918 2040/6/2047
f 2041/4/1824 2042/4/1825 1929/4/1699
f 2041/4/1824 1929/4/1699 1928/4/1725
f 1914/9/1709 2028/9/1801 2043/9/1825
f 1914/9/1709 2043/9/1825 1915/9/1729
f 2043/9/1825 2041/9/1824 1928/9/1725
f 2043/9/1825 1928/9/1725 1915/9/1717
f 2044/7/1920 2031/7/2038 2045/7/1920
f 2044/7/1920 2045/7/1920 2046/7/2049
f 1917/7/1920 1919/7/1922 2045/7/1920
f 1917/7/1920 2045/7/1920 2031/7/2038
f 2045/7/1920 1919/7/1922 1933/7/1930
f 2045/7/1920 1933/7/1930 2046/7/2049
f 2047/4/2050 2048/4/2051 1938/4/1939
f 2047/4/2050 1938/4/1939 1937/4/1938
f 2049/3/2052 2047/3/2050 2050/3/2052
f 2049/3/2052 2050/3/2052 2033/3/2043
f 1920/3/1924 2033/3/2043 2050/3/2052
f 1920/3/1924 2050/3/2052 1921/3/1925
f 2050/3/2052 2047/3/2050 1937/3/1938
f 2050/3/2052 1937/3/1938 1921/3/1925
f 1924/5/1926 2036/5/2044 2051/5/1915
f 1924/5/1926 2051/5/1915 1925/5/1945
f 1910/5/1710 1923/5/1721 2052/5/1833
f 1910/5/1710 2052/5/1833 2034/5/1817
f 2051/5/1800 2052/5/1800 1923/5/1834
f 2051/5/1800 1923/5/1834 1925/5/1912
f 2053/6/2053 2040/6/2054 2054/6/2055
f 2053/6/2053 2054/6/2055 2055/6/2056
f 1913/6/1918 1927/6/2057 2054/6/2058
f 1913/6/1918 2054/6/2058 2040/6/2059
f 2054/6/2060 1927/6/2061 1943/6/1946
f 2054/6/2060 1943/6/1946 2055/6/2056
f 2056/6/2062 2053/6/2053 2055/6/2056
f 2056/6/2062 2055/6/2056 2057/6/2063
f 2055/6/2056 1943/6/1946 1946/6/1948
f 2055/6/2056 1946/6/1948 2057/6/2064
f 2058/2/2065 2057/2/2064 1946/2/1948
f 2058/2/2065 1946/2/1948 1948/2/1949
f 1929/3/1711 2042/3/1825 2059/3/1825
f 1929/3/1711 2059/3/1825 1930/3/1749
f 2059/3/1825 2058/3/2065 1948/3/1949
f 2059/3/1825 1948/3/1949 1930/3/1727
f 2048/3/2066 2046/3/2067 2060/3/2068
f 2048/3/2066 2060/3/2068 2061/3/2068
f 1938/3/1939 2048/3/2070 2061/3/2071
f 1938/3/1939 2061/3/2071 1936/3/2069
f 1933/3/1930 1935/3/2072 2060/3/2039
f 1933/3/1930 2060/3/2039 2046/3/2073
f 2061/3/2074 2060/3/2074 1935/3/1937
f 2061/3/2074 1935/3/1937 1936/3/2075
f 2062/9/1573 2063/9/1573 2064/9/2076
f 2062/9/1573 2064/9/2076 2065/9/2077
f 1957/9/1959 1955/9/1959 2062/9/2078
f 1957/9/1959 2062/9/2078 2065/9/2079
f 1954/9/1953 2064/9/2081 2063/9/2082
f 1954/9/1953 2063/9/2082 1951/9/2080
f 1951/9/1957 2063/9/2083 2062/9/2083
f 1951/9/1957 2062/9/2083 1955/9/1958
f 1960/6/1963 1959/6/1962 2066/6/1751
f 1960/6/1963 2066/6/1751 2067/6/1752
f 1960/6/1964 2067/6/2084 2068/6/2085
f 1960/6/1964 2068/6/2085 1961/6/1965
f 2069/6/2086 2068/6/2087 2070/6/2088
f 2069/6/2086 2070/6/2088 2071/6/2089
f 1961/6/1965 2068/6/2085 2069/6/2090
f 1961/6/1965 2069/6/2090 1962/6/1967
f 2069/5/2092 2071/5/2089 2073/5/2093
f 2069/5/2092 2073/5/2093 2072/5/2091
f 1963/5/1968 1962/5/1967 2069/5/2094
f 1963/5/1968 2069/5/2094 2072/5/2095
f 2074/5/2096 2072/5/2091 2073/5/2093
f 2074/5/2096 2073/5/2093 2075/5/2097
f 1964/5/1663 1963/5/1968 2072/5/2095
f 1964/5/1663 2072/5/2095 2074/5/2095
f 2076/5/2098 2074/5/2096 2075/5/2097
f 2076/5/2098 2075/5/2097 2077/5/2099
f 1965/5/1969 1964/5/1663 2074/5/2095
f 1965/5/1969 2074/5/2095 2076/5/2095
f 2078/5/2100 2076/5/2098 2077/5/2099
f 2078/5/2100 2077/5/2099 2079/5/2101
f 1966/5/1970 1965/5/1969 2076/5/2095
f 1966/5/1970 2076/5/2095 2078/5/2102
f 2078/5/2104 2079/5/2101 2081/5/2105
f 2078/5/2104 2081/5/2105 2080/5/2103
f 1967/5/1971 1966/5/1970 2078/5/2102
f 1967/5/1971 2078/5/2102 2080/5/2103
f 2080/5/2103 2081/5/2105 2083/5/2107
f 2080/5/2103 2083/5/2107 2082/5/2106
f 1968/5/1970 1967/5/1971 2080/5/2103
f 1968/5/1970 2080/5/2103 2082/5/1766
f 1968/5/1970 2082/5/1767 2084/5/1768
f 1968/5/1970 2084/5/1768 1969/5/1969
f 1970/6/1663 1969/6/1969 2084/6/1768
f 1970/6/1663 2084/6/1768 2085/6/1663
f 1971/3/1972 1970/3/1663 2085/3/1663
f 1971/3/1972 2085/3/1663 2086/3/1864
f 1972/7/1780 1971/7/1972 2086/7/1864
f 1972/7/1780 2086/7/1864 2087/7/2108
f 2088/10/1669 2087/10/2109 2089/10/2110
f 2088/10/1669 2089/10/2110 2090/10/2111
f 1974/10/1973 1973/10/1772 2088/10/1669
f 1974/10/1973 2088/10/1669 2090/10/2111
f 1972/10/1780 2087/10/2112 2088/10/1669
f 1972/10/1780 2088/10/1669 1973/10/1772
f 1975/3/1974 2091/3/2113 2092/3/2114
f 1975/3/1974 2092/3/2114 1953/3/1952
f 1954/3/1953 1953/3/1952 2092/3/2114
f 1954/3/1953 2092/3/2114 2064/3/2115
f 1957/3/1959 2065/3/2116 2093/3/2117
f 1957/3/1959 2093/3/2117 1958/3/1960
f 1978/4/1977 1976/4/1975 2094/4/2118
f 1978/4/1977 2094/4/2118 2095/4/2119
f 1958/4/1960 2093/4/2117 2094/4/2120
f 1958/4/1960 2094/4/2120 1976/4/1975
f 1959/1/1962 1980/1/501 2096/1/1781
f 1959/1/1962 2096/1/1781 2066/1/1751
f 2073/1/2093 2071/1/2089 2097/1/2121
f 2073/1/2093 2097/1/2121 2098/1/2122
f 2073/6/2093 2098/6/2123 2099/6/2124
f 2073/6/2093 2099/6/2124 2075/6/2097
f 2077/6/2099 2075/6/2097 2099/6/2124
f 2077/6/2099 2099/6/2124 2100/6/2125
f 2077/5/2099 2100/5/2125 2101/5/2127
f 2077/5/2099 2101/5/2127 2079/5/2126
f 1983/9/2128 1981/9/2129 2102/9/2130
f 1983/9/2128 2102/9/2130 2103/9/2131
f 1974/9/1973 2090/9/2111 2102/9/2130
f 1974/9/1973 2102/9/2130 1981/9/1980
f 2104/4/2133 2105/4/2134 2106/4/2135
f 2104/4/2133 2106/4/2135 2091/4/2132
f 1984/4/2137 2105/4/2138 2104/4/2139
f 1984/4/2137 2104/4/2139 1982/4/2136
f 1975/4/1974 1982/4/1988 2104/4/2140
f 1975/4/1974 2104/4/2140 2091/4/2141
f 2107/9/2142 2095/9/2119 2108/9/2143
f 2107/9/2142 2108/9/2143 2109/9/2144
f 1986/9/1990 1979/9/1978 2107/9/2142
f 1986/9/1990 2107/9/2142 2109/9/2144
f 1978/9/1977 2095/9/2145 2107/9/2142
f 1978/9/1977 2107/9/2142 1979/9/1978
f 1980/6/501 1988/6/501 2110/6/501
f 1980/6/501 2110/6/501 2096/6/1781
f 2099/5/2124 2098/5/2122 2111/5/2146
f 2099/5/2124 2111/5/2146 2112/5/2147
f 2100/5/2125 2099/5/2124 2112/5/2147
f 2100/5/2125 2112/5/2147 2113/5/2148
f 2100/5/2125 2113/5/2148 2114/5/2149
f 2100/5/2125 2114/5/2149 2101/5/2127
f 2105/4/2150 2103/4/2151 2115/4/2152
f 2105/4/2150 2115/4/2152 2116/4/2153
f 1984/4/1982 1983/4/1982 2103/4/2151
f 1984/4/1982 2103/4/2151 2105/4/2151
f 2105/3/2134 2116/3/2153 2117/3/2154
f 2105/3/2134 2117/3/2154 2106/3/2135
f 2109/8/2144 2108/8/2143 2118/8/2155
f 2109/8/2144 2118/8/2155 2119/8/2155
f 1989/8/2156 1986/8/1990 2109/8/2144
f 1989/8/2156 2109/8/2144 2119/8/2157
f 1988/6/501 1993/6/501 2120/6/501
f 1988/6/501 2120/6/501 2110/6/501
f 1994/7/2002 1990/7/2158 2121/7/2159
f 1994/7/2002 2121/7/2159 2122/7/2160
f 1989/7/2162 2119/7/2163 2121/7/2164
f 1989/7/2162 2121/7/2164 1990/7/2161
f 1993/2/501 1996/2/501 2123/2/501
f 1993/2/501 2123/2/501 2120/2/501
f 1994/7/2002 2122/7/2160 2124/7/2165
f 1994/7/2002 2124/7/2165 1997/7/2008
f 2124/7/2166 2125/7/2167 2000/7/2168
f 2124/7/2166 2000/7/2168 1997/7/2169
f 1996/1/501 1999/1/501 2126/1/501
f 1996/1/501 2126/1/501 2123/1/501
f 2128/5/2171 2129/5/2172 2130/5/2173
f 2128/5/2171 2130/5/2173 2127/5/2170
f 2131/5/2174 2127/5/2170 2130/5/2173
f 2131/5/2174 2130/5/2173 2132/5/2175
f 2133/8/2176 2134/8/2177 2135/8/2177
f 2133/8/2176 2135/8/2177 2125/8/2176
f 2000/8/2178 2125/8/2179 2135/8/2177
f 2000/8/2178 2135/8/2177 2001/8/2011
f 1999/2/501 2003/2/501 2136/2/501
f 1999/2/501 2136/2/501 2126/2/501
f 2129/6/2172 2137/6/2180 2138/6/2180
f 2129/6/2172 2138/6/2180 2139/6/2181
f 2130/6/2173 2129/6/2172 2139/6/2181
f 2130/6/2173 2139/6/2181 2140/6/2182
f 2130/6/2173 2140/6/2182 2141/6/2183
f 2130/6/2173 2141/6/2183 2132/6/2175
f 2142/6/2184 2132/6/2175 2141/6/2183
f 2142/6/2184 2141/6/2183 2143/6/2185
f 2135/8/2177 2134/8/2177 2144/8/2013
f 2135/8/2177 2144/8/2013 2145/8/2013
f 2004/8/2013 2001/8/2011 2135/8/2177
f 2004/8/2013 2135/8/2177 2145/8/2013
f 2003/6/501 2006/6/501 2146/6/501
f 2003/6/501 2146/6/501 2136/6/501
f 2140/5/2182 2139/5/2181 2147/5/2186
f 2140/5/2182 2147/5/2186 2148/5/2182
f 2141/5/2183 2140/5/2182 2148/5/2182
f 2141/5/2183 2148/5/2182 2149/5/2187
f 2143/5/2185 2141/5/2183 2149/5/2187
f 2143/5/2185 2149/5/2187 2150/5/2188
f 2152/8/2190 2153/8/2191 2154/8/2192
f 2152/8/2190 2154/8/2192 2151/8/2189
f 2151/3/2189 2154/3/2192 2156/3/2193
f 2151/3/2189 2156/3/2193 2155/3/2193
f 2145/8/2013 2144/8/2013 2157/8/2194
f 2145/8/2013 2157/8/2194 2158/8/2195
f 2007/8/2015 2004/8/2013 2145/8/2013
f 2007/8/2015 2145/8/2013 2158/8/2195
f 2006/2/501 2009/2/501 2159/2/501
f 2006/2/501 2159/2/501 2146/2/501
f 2160/6/2197 2161/6/2198 2162/6/2199
f 2160/6/2197 2162/6/2199 2147/6/2196
f 2148/5/2182 2147/5/2186 2162/5/2199
f 2148/5/2182 2162/5/2199 2163/5/2200
f 2149/5/2187 2148/5/2182 2163/5/2200
f 2149/5/2187 2163/5/2200 2164/5/2201
f 2150/5/2188 2149/5/2187 2164/5/2201
f 2150/5/2188 2164/5/2201 2165/5/2202
f 2153/8/2191 2166/8/2203 2167/8/2204
f 2153/8/2191 2167/8/2204 2154/8/2192
f 2157/8/2194 2168/8/2205 2169/8/1894
f 2157/8/2194 2169/8/1894 2158/8/2195
f 2007/8/2015 2158/8/2195 2169/8/1894
f 2007/8/2015 2169/8/1894 2010/8/2017
f 2169/8/1894 2168/8/2206 2015/8/2023
f 2169/8/1894 2015/8/2023 2010/8/2017
f 2009/1/501 2012/1/501 2170/1/1599
f 2009/1/501 2170/1/1599 2159/1/501
f 2161/5/2198 2171/5/2207 2172/5/2208
f 2161/5/2198 2172/5/2208 2162/5/2199
f 2172/5/2208 2171/5/2209 2020/5/2026
f 2172/5/2208 2020/5/2026 2019/5/2025
f 2163/6/2200 2162/6/2199 2172/6/2208
f 2163/6/2200 2172/6/2208 2173/6/2210
f 2173/6/2210 2172/6/2208 2019/6/2025
f 2173/6/2210 2019/6/2025 2023/6/2030
f 2164/6/2201 2163/6/2200 2173/6/2210
f 2164/6/2201 2173/6/2210 2174/6/2211
f 2173/6/2210 2023/6/2030 2025/6/2031
f 2173/6/2210 2025/6/2031 2174/6/2212
f 2164/5/2201 2174/5/2213 2175/5/2214
f 2164/5/2201 2175/5/2214 2165/5/2202
f 2176/9/2216 2177/9/2217 2178/9/2218
f 2176/9/2216 2178/9/2218 2166/9/2215
f 2178/9/2218 2177/9/2219 2014/9/2220
f 2178/9/2218 2014/9/2220 2013/9/2221
f 2167/4/2222 2166/4/2223 2178/4/2218
f 2167/4/2222 2178/4/2218 2179/4/2224
f 2178/4/2218 2013/4/2226 2029/4/2036
f 2178/4/2218 2029/4/2036 2179/4/2225
f 2180/3/2227 2167/3/2228 2179/3/2225
f 2180/3/2227 2179/3/2225 2181/3/2229
f 2015/4/2023 2168/4/2205 2182/4/2230
f 2015/4/2023 2182/4/2230 2016/4/2024
f 2012/5/501 2018/5/1599 2183/5/2231
f 2012/5/501 2183/5/2231 2170/5/1599
f 2184/5/2023 2185/5/2232 2186/5/1903
f 2184/5/2023 2186/5/1903 2171/5/2207
f 2020/5/2026 2171/5/2207 2186/5/1903
f 2020/5/2026 2186/5/1903 2021/5/2028
f 2186/5/1903 2185/5/2232 2035/5/2023
f 2186/5/1903 2035/5/2023 2021/5/2028
f 2175/6/2214 2174/6/2233 2187/6/2234
f 2175/6/2214 2187/6/2234 2188/6/2235
f 2025/6/2031 2026/6/2033 2187/6/2234
f 2025/6/2031 2187/6/2234 2174/6/2236
f 2187/6/2234 2026/6/2033 2038/6/1920
f 2187/6/2234 2038/6/1920 2188/6/2235
f 2189/9/2238 2190/9/2239 2191/9/1709
f 2189/9/2238 2191/9/1709 2177/9/2237
f 2014/9/2034 2177/9/2240 2191/9/1709
f 2014/9/2034 2191/9/1709 2027/9/1801
f 2191/9/1709 2190/9/2239 2028/9/1801
f 2191/9/1709 2028/9/1801 2027/9/1801
f 2181/3/2229 2179/3/2225 2192/3/2234
f 2181/3/2229 2192/3/2234 2193/3/2235
f 2029/3/2036 2031/3/2038 2192/3/2234
f 2029/3/2036 2192/3/2234 2179/3/2241
f 2192/3/2234 2031/3/2038 2044/3/1920
f 2192/3/2234 2044/3/1920 2193/3/2235
f 2195/8/2243 2196/8/2244 2197/8/2245
f 2195/8/2243 2197/8/2245 2194/8/2242
f 2197/8/2245 2196/8/2244 2049/8/2052
f 2197/8/2245 2049/8/2052 2033/8/2043
f 2194/4/2242 2197/4/2245 2198/4/2247
f 2194/4/2242 2198/4/2247 2182/4/2246
f 2016/4/2024 2182/4/2230 2198/4/1741
f 2016/4/2024 2198/4/1741 2032/4/2248
f 2198/4/2247 2197/4/2245 2033/4/2043
f 2198/4/2247 2033/4/2043 2032/4/2249
f 2035/5/2023 2185/5/2232 2199/5/2250
f 2035/5/2023 2199/5/2250 2036/5/2044
f 2034/5/1817 2200/5/2251 2183/5/2231
f 2034/5/1817 2183/5/2231 2018/5/1599
f 2201/4/2252 2188/4/2235 2202/4/2253
f 2201/4/2252 2202/4/2253 2203/4/2252
f 2038/4/1920 2040/4/2047 2202/4/2253
f 2038/4/1920 2202/4/2253 2188/4/2235
f 2202/4/2253 2040/4/2047 2053/4/2053
f 2202/4/2253 2053/4/2053 2203/4/2252
f 2204/5/2253 2201/5/2252 2203/5/2252
f 2204/5/2253 2203/5/2252 2205/5/2254
f 2203/5/2252 2053/5/2053 2056/5/2062
f 2203/5/2252 2056/5/2062 2205/5/2254
f 2207/3/2026 2208/3/2256 2209/3/1725
f 2207/3/2026 2209/3/1725 2206/3/2255
f 2209/3/1725 2208/3/2257 2042/3/1825
f 2209/3/1725 2042/3/1825 2041/3/1824
f 2206/10/2255 2209/10/1725 2210/10/1601
f 2206/10/2255 2210/10/1601 2190/10/2258
f 2028/10/1801 2190/10/2259 2210/10/1711
f 2028/10/1801 2210/10/1711 2043/10/1825
f 2210/10/1699 2209/10/1725 2041/10/1824
f 2210/10/1699 2041/10/1824 2043/10/1825
f 2211/4/2260 2193/4/2235 2212/4/2261
f 2211/4/2260 2212/4/2261 2213/4/2262
f 2044/4/1920 2046/4/2073 2212/4/2261
f 2044/4/1920 2212/4/2261 2193/4/2235
f 2212/4/2261 2046/4/2049 2048/4/2066
f 2212/4/2261 2048/4/2066 2213/4/2262
f 2211/9/2260 2213/9/2262 2214/9/2263
f 2211/9/2260 2214/9/2263 2196/9/2244
f 2049/9/2052 2196/9/2244 2214/9/2263
f 2049/9/2052 2214/9/2263 2047/9/2050
f 2214/9/2263 2213/9/2262 2048/9/2051
f 2214/9/2263 2048/9/2051 2047/9/2050
f 2199/5/2260 2200/5/2260 2215/5/1740
f 2199/5/2260 2215/5/1740 2216/5/1740
f 2036/5/2044 2199/5/2250 2216/5/1741
f 2036/5/2044 2216/5/1741 2051/5/1915
f 2034/5/1817 2052/5/1833 2215/5/1742
f 2034/5/1817 2215/5/1742 2200/5/2251
f 2216/5/1743 2215/5/1743 2052/5/1800
f 2216/5/1743 2052/5/1800 2051/5/1800
f 2217/2/2260 2205/2/2254 2218/2/2264
f 2217/2/2260 2218/2/2264 2219/2/2265
f 2056/2/2062 2057/2/2266 2218/2/2267
f 2056/2/2062 2218/2/2267 2205/2/2254
f 2218/2/2269 2057/2/2064 2058/2/2065
f 2218/2/2269 2058/2/2065 2219/2/2268
f 2217/6/2260 2219/6/2270 2220/6/1601
f 2217/6/2260 2220/6/1601 2208/6/2256
f 2042/6/1825 2208/6/2271 2220/6/1711
f 2042/6/1825 2220/6/1711 2059/6/1825
f 2220/6/1699 2219/6/1750 2058/6/2065
f 2220/6/1699 2058/6/2065 2059/6/1825
f 2221/2/2272 2222/2/2272 2223/2/2273
f 2221/2/2272 2223/2/2273 2224/2/2274
f 2070/2/2088 2068/2/2087 2221/2/2275
f 2070/2/2088 2221/2/2275 2224/2/2276
f 2066/2/1751 2223/2/2277 2222/2/1844
f 2066/2/1751 2222/2/1844 2067/2/1752
f 2067/2/2084 2222/2/2278 2221/2/2278
f 2067/2/2084 2221/2/2278 2068/2/2085
f 2226/5/2280 2227/5/2281 2228/5/2282
f 2226/5/2280 2228/5/2282 2225/5/2279
f 2083/5/2107 2227/5/2284 2226/5/2285
f 2083/5/2107 2226/5/2285 2082/5/2283
f 2084/5/1768 2082/5/1766 2226/5/2286
f 2084/5/1768 2226/5/2286 2225/5/2279
f 2229/5/1761 2225/5/2279 2228/5/2282
f 2229/5/1761 2228/5/2282 2230/5/2287
f 2085/5/1663 2084/5/1768 2225/5/2279
f 2085/5/1663 2225/5/2279 2229/5/1761
f 2231/6/2288 2229/6/1761 2230/6/2287
f 2231/6/2288 2230/6/2287 2232/6/2289
f 2086/6/1864 2085/6/1663 2229/6/1761
f 2086/6/1864 2229/6/1761 2231/6/2288
f 2233/3/2290 2231/3/2288 2232/3/2289
f 2233/3/2290 2232/3/2289 2234/3/2291
f 2089/3/2110 2087/3/2292 2233/3/2293
f 2089/3/2110 2233/3/2293 2234/3/2294
f 2086/3/1864 2231/3/2288 2233/3/2296
f 2086/3/1864 2233/3/2296 2087/3/2295
f 2236/4/2149 2237/4/2297 2238/4/2298
f 2236/4/2149 2238/4/2298 2235/4/2148
f 2091/4/2299 2237/4/2300 2236/4/2301
f 2091/4/2299 2236/4/2301 2092/4/2141
f 2064/4/2302 2092/4/2303 2236/4/2304
f 2064/4/2302 2236/4/2304 2235/4/2305
f 2239/4/2306 2235/4/2307 2238/4/2298
f 2239/4/2306 2238/4/2298 2240/4/2308
f 2065/4/2309 2064/4/2310 2235/4/2311
f 2065/4/2309 2235/4/2311 2239/4/2312
f 2241/3/2313 2239/3/2306 2240/3/2308
f 2241/3/2313 2240/3/2308 2242/3/2314
f 2093/3/2117 2065/3/2315 2239/3/2316
f 2093/3/2117 2239/3/2316 2241/3/2317
f 2243/4/2318 2241/4/2313 2242/4/2314
f 2243/4/2318 2242/4/2314 2244/4/2319
f 2095/4/2119 2094/4/2320 2243/4/2321
f 2095/4/2119 2243/4/2321 2244/4/2322
f 2093/4/2117 2241/4/2317 2243/4/2324
f 2093/4/2117 2243/4/2324 2094/4/2323
f 2066/2/1751 2096/2/1781 2245/2/2325
f 2066/2/1751 2245/2/2325 2223/2/2277
f 2246/2/2326 2224/2/2327 2247/2/2328
f 2246/2/2326 2247/2/2328 2248/2/2329
f 2097/2/2121 2071/2/2089 2246/2/2326
f 2097/2/2121 2246/2/2326 2248/2/2329
f 2070/2/2088 2224/2/2330 2246/2/2326
f 2070/2/2088 2246/2/2326 2071/2/2089
f 2101/5/2332 2249/5/2333 2250/5/2334
f 2101/5/2332 2250/5/2334 2079/5/2331
f 2081/5/2105 2079/5/2335 2250/5/2336
f 2081/5/2105 2250/5/2336 2251/5/2337
f 2251/5/2339 2252/5/2340 2253/5/2340
f 2251/5/2339 2253/5/2340 2227/5/2338
f 2083/5/2107 2081/5/2105 2251/5/2337
f 2083/5/2107 2251/5/2337 2227/5/2341
f 2254/3/2342 2234/3/2291 2255/3/2343
f 2254/3/2342 2255/3/2343 2256/3/2344
f 2089/3/2110 2234/3/2291 2254/3/2342
f 2089/3/2110 2254/3/2342 2090/3/2111
f 2257/3/2345 2254/3/2342 2256/3/2344
f 2257/3/2345 2256/3/2344 2258/3/2346
f 2103/3/2131 2102/3/2347 2257/3/2348
f 2103/3/2131 2257/3/2348 2258/3/2349
f 2090/3/2111 2254/3/2342 2257/3/2345
f 2090/3/2111 2257/3/2345 2102/3/2350
f 2238/3/2298 2237/3/2297 2259/3/2351
f 2238/3/2298 2259/3/2351 2260/3/2352
f 2106/3/2135 2259/3/2351 2237/3/2354
f 2106/3/2135 2237/3/2354 2091/3/2353
f 2240/3/2308 2238/3/2298 2260/3/2352
f 2240/3/2308 2260/3/2352 2261/3/2308
f 2242/7/2314 2240/7/2308 2261/7/2308
f 2242/7/2314 2261/7/2308 2262/7/2355
f 2244/8/2319 2242/8/2314 2262/8/2355
f 2244/8/2319 2262/8/2355 2263/8/2356
f 2108/8/2143 2095/8/2357 2244/8/2358
f 2108/8/2143 2244/8/2358 2263/8/2356
f 2096/2/1781 2110/2/501 2264/2/2359
f 2096/2/1781 2264/2/2359 2245/2/2325
f 2248/2/2329 2247/2/2328 2265/2/2360
f 2248/2/2329 2265/2/2360 2266/2/2361
f 2267/6/2362 2248/6/2329 2266/6/2363
f 2267/6/2362 2266/6/2363 2268/6/2364
f 2111/6/2365 2098/6/2366 2267/6/2362
f 2111/6/2365 2267/6/2362 2268/6/2367
f 2097/6/2121 2248/6/2329 2267/6/2362
f 2097/6/2121 2267/6/2362 2098/6/2368
f 2114/6/2369 2269/6/2370 2249/6/2333
f 2114/6/2369 2249/6/2333 2101/6/2332
f 2253/3/2340 2252/3/2340 2270/3/2371
f 2253/3/2340 2270/3/2371 2271/3/2371
f 2115/3/2348 2103/3/2131 2258/3/2349
f 2115/3/2348 2258/3/2349 2272/3/2372
f 2259/3/2351 2273/3/2373 2274/3/2374
f 2259/3/2351 2274/3/2374 2260/3/2352
f 2117/3/2154 2273/3/2373 2259/3/2351
f 2117/3/2154 2259/3/2351 2106/3/2135
f 2261/3/2308 2260/3/2352 2274/3/2374
f 2261/3/2308 2274/3/2374 2275/3/2096
f 2262/7/2355 2261/7/2308 2275/7/2096
f 2262/7/2355 2275/7/2096 2276/7/2375
f 2263/7/2356 2262/7/2355 2276/7/2375
f 2263/7/2356 2276/7/2375 2277/7/2376
f 2118/7/2155 2108/7/2143 2263/7/2356
f 2118/7/2155 2263/7/2356 2277/7/2376
f 2110/2/501 2120/2/501 2278/2/1781
f 2110/2/501 2278/2/1781 2264/2/2359
f 2111/6/2378 2268/6/2379 2279/6/2380
f 2111/6/2378 2279/6/2380 2112/6/2377
f 2113/6/2381 2112/6/2377 2279/6/2380
f 2113/6/2381 2279/6/2380 2280/6/2382
f 2114/6/1845 2113/6/2381 2280/6/2382
f 2114/6/1845 2280/6/2382 2269/6/2383
f 2115/3/2324 2272/3/2385 2281/3/2386
f 2115/3/2324 2281/3/2386 2116/3/2384
f 2117/3/2387 2116/3/2384 2281/3/2386
f 2117/3/2387 2281/3/2386 2273/3/2388
f 2118/4/2390 2277/4/2391 2282/4/2392
f 2118/4/2390 2282/4/2392 2119/4/2389
f 2283/4/2393 2282/4/2155 2284/4/2013
f 2283/4/2393 2284/4/2013 2285/4/2394
f 2122/4/2160 2121/4/2159 2283/4/2395
f 2122/4/2160 2283/4/2395 2285/4/2396
f 2119/4/2389 2282/4/2392 2283/4/2397
f 2119/4/2389 2283/4/2397 2121/4/2164
f 2120/2/501 2123/2/501 2286/2/1599
f 2120/2/501 2286/2/1599 2278/2/1781
f 2287/6/2398 2288/6/2399 2128/6/1907
f 2287/6/2398 2128/6/1907 2127/6/2400
f 2287/6/2398 2127/6/2400 2131/6/1737
f 2287/6/2398 2131/6/1737 2289/6/2401
f 2290/8/2402 2291/8/2403 2133/8/2404
f 2290/8/2402 2133/8/2404 2125/8/2405
f 2284/7/2013 2290/7/2176 2292/7/2406
f 2284/7/2013 2292/7/2406 2285/7/2394
f 2122/7/2160 2285/7/2396 2292/7/2408
f 2122/7/2160 2292/7/2408 2124/7/2407
f 2292/7/2409 2290/7/2402 2125/7/2405
f 2292/7/2409 2125/7/2405 2124/7/2410
f 2123/1/501 2126/1/501 2293/1/2411
f 2123/1/501 2293/1/2411 2286/1/1599
f 2128/6/2413 2288/6/2414 2294/6/2415
f 2128/6/2413 2294/6/2415 2129/6/2412
f 2294/6/2415 2295/6/2416 2137/6/2417
f 2294/6/2415 2137/6/2417 2129/6/2412
f 2131/6/2418 2132/6/2419 2296/6/2420
f 2131/6/2418 2296/6/2420 2289/6/2421
f 2296/6/2420 2132/6/2419 2142/6/2423
f 2296/6/2420 2142/6/2423 2297/6/2422
f 2299/3/2425 2300/3/2426 2301/3/2427
f 2299/3/2425 2301/3/2427 2298/3/2424
f 2302/7/2428 2298/7/2424 2301/7/2427
f 2302/7/2428 2301/7/2427 2303/7/2429
f 2302/7/2428 2303/7/2429 2304/7/2431
f 2302/7/2428 2304/7/2431 2291/7/2430
f 2133/7/2176 2291/7/2430 2304/7/2431
f 2133/7/2176 2304/7/2431 2134/7/2177
f 2126/2/501 2136/2/501 2305/2/2432
f 2126/2/501 2305/2/2432 2293/2/2411
f 2306/2/2434 2307/2/2435 2308/2/2436
f 2306/2/2434 2308/2/2436 2295/2/2433
f 2138/2/2437 2137/2/2437 2295/2/2433
f 2138/2/2437 2295/2/2433 2308/2/2438
f 2142/5/2423 2143/5/2439 2309/5/2440
f 2142/5/2423 2309/5/2440 2297/5/2422
f 2311/2/2441 2312/2/2442 2313/2/2443
f 2311/2/2441 2313/2/2443 2310/2/2441
f 2315/3/2425 2316/3/2445 2317/3/2446
f 2315/3/2425 2317/3/2446 2314/3/2444
f 2318/7/2447 2314/7/2444 2317/7/2446
f 2318/7/2447 2317/7/2446 2319/7/2448
f 2320/8/2449 2319/8/2450 2152/8/2451
f 2320/8/2449 2152/8/2451 2151/8/2452
f 2320/3/2449 2151/3/2452 2155/3/1737
f 2320/3/2449 2155/3/1737 2321/3/2453
f 2301/7/2427 2300/7/2426 2322/7/2454
f 2301/7/2427 2322/7/2454 2323/7/2455
f 2303/7/2429 2301/7/2427 2323/7/2455
f 2303/7/2429 2323/7/2455 2324/7/2455
f 2304/7/2431 2303/7/2429 2324/7/2455
f 2304/7/2431 2324/7/2455 2325/7/2456
f 2144/7/2013 2134/7/2177 2304/7/2431
f 2144/7/2013 2304/7/2431 2325/7/2456
f 2136/2/501 2146/2/501 2326/2/2457
f 2136/2/501 2326/2/2457 2305/2/2432
f 2308/2/2436 2307/2/2435 2327/2/2458
f 2308/2/2436 2327/2/2458 2328/2/2459
f 2308/6/2460 2328/6/2461 2330/6/2180
f 2308/6/2460 2330/6/2180 2329/6/2180
f 2139/6/2462 2329/6/2462 2330/6/2462
f 2139/6/2462 2330/6/2462 2147/6/2462
f 2138/6/2463 2308/6/2463 2329/6/2463
f 2138/6/2463 2329/6/2463 2139/6/2463
f 2330/6/2464 2328/6/2465 2160/6/2197
f 2330/6/2464 2160/6/2197 2147/6/2466
f 2309/6/2467 2331/6/2468 2332/6/2469
f 2309/6/2467 2332/6/2469 2312/6/2442
f 2143/6/2470 2150/6/2188 2331/6/2468
f 2143/6/2470 2331/6/2468 2309/6/2471
f 2312/5/2442 2332/5/2469 2333/5/2473
f 2312/5/2442 2333/5/2473 2313/5/2472
f 2317/3/2446 2316/3/2474 2334/3/2475
f 2317/3/2446 2334/3/2475 2335/3/2476
f 2317/7/2446 2335/7/2476 2336/7/2477
f 2317/7/2446 2336/7/2477 2319/7/2448
f 2152/7/2479 2319/7/2479 2336/7/2480
f 2152/7/2479 2336/7/2480 2153/7/2478
f 2156/4/2481 2337/4/2482 2321/4/2483
f 2156/4/2481 2321/4/2483 2155/4/2481
f 2323/10/2455 2322/10/2454 2338/10/2484
f 2323/10/2455 2338/10/2484 2339/10/2485
f 2324/7/2455 2323/7/2455 2339/7/2485
f 2324/7/2455 2339/7/2485 2340/7/2455
f 2325/8/2456 2324/8/2455 2340/8/2455
f 2325/8/2456 2340/8/2455 2341/8/2486
f 2157/8/2194 2144/8/2013 2325/8/2456
f 2157/8/2194 2325/8/2456 2341/8/2486
f 2146/2/501 2159/2/501 2342/2/2457
f 2146/2/501 2342/2/2457 2326/2/2457
f 2327/2/2458 2343/2/2488 2344/2/2489
f 2327/2/2458 2344/2/2489 2328/2/2487
f 2160/2/2197 2328/2/2490 2344/2/2489
f 2160/2/2197 2344/2/2489 2161/2/2198
f 2332/5/2469 2331/5/2468 2345/5/2491
f 2332/5/2469 2345/5/2491 2346/5/2492
f 2150/5/2188 2165/5/2202 2345/5/2491
f 2150/5/2188 2345/5/2491 2331/5/2468
f 2333/5/2473 2332/5/2469 2346/5/2492
f 2333/5/2473 2346/5/2492 2347/5/2491
f 2335/3/2476 2334/3/2475 2348/3/2493
f 2335/3/2476 2348/3/2493 2349/3/2494
f 2335/7/2476 2349/7/2494 2350/7/2197
f 2335/7/2476 2350/7/2197 2336/7/2495
f 2153/7/2478 2336/7/2480 2350/7/2197
f 2153/7/2478 2350/7/2197 2166/7/2496
f 2350/7/2197 2349/7/2494 2176/7/2216
f 2350/7/2197 2176/7/2216 2166/7/2497
f 2337/4/2498 2351/4/2499 2352/4/2499
f 2337/4/2498 2352/4/2499 2353/4/2500
f 2154/4/2501 2167/4/2502 2352/4/2499
f 2154/4/2501 2352/4/2499 2351/4/2499
f 2156/4/2503 2154/4/2503 2351/4/2503
f 2156/4/2503 2351/4/2503 2337/4/2503
f 2352/4/2505 2167/4/2506 2180/4/2227
f 2352/4/2505 2180/4/2227 2353/4/2504
f 2338/10/2484 2354/10/2507 2355/10/2508
f 2338/10/2484 2355/10/2508 2339/10/2485
f 2340/7/2455 2339/7/2485 2355/7/2508
f 2340/7/2455 2355/7/2508 2356/7/2509
f 2341/8/2486 2340/8/2455 2356/8/2509
f 2341/8/2486 2356/8/2509 2357/8/2510
f 2157/8/2194 2341/8/2486 2357/8/2512
f 2157/8/2194 2357/8/2512 2168/8/2511
f 2159/1/501 2170/1/1599 2358/1/2513
f 2159/1/501 2358/1/2513 2342/1/2457
f 2343/1/2488 2359/1/2205 2360/1/1894
f 2343/1/2488 2360/1/1894 2344/1/2489
f 2161/1/2198 2344/1/2489 2360/1/1894
f 2161/1/2198 2360/1/1894 2171/1/2514
f 2360/1/1894 2359/1/2206 2184/1/2023
f 2360/1/1894 2184/1/2023 2171/1/2207
f 2346/5/2492 2345/5/2491 2361/5/2515
f 2346/5/2492 2361/5/2515 2362/5/2516
f 2165/5/2202 2175/5/2214 2361/5/2515
f 2165/5/2202 2361/5/2515 2345/5/2491
f 2347/5/2491 2346/5/2492 2362/5/2516
f 2347/5/2491 2362/5/2516 2363/5/2517
f 2348/3/2493 2364/3/2518 2365/3/2519
f 2348/3/2493 2365/3/2519 2349/3/2494
f 2176/3/2216 2349/3/2494 2365/3/2519
f 2176/3/2216 2365/3/2519 2177/3/2520
f 2365/3/2519 2364/3/2518 2189/3/2238
f 2365/3/2519 2189/3/2238 2177/3/2237
f 2354/3/2521 2353/3/2522 2366/3/2523
f 2354/3/2521 2366/3/2523 2367/3/2524
f 2180/3/2227 2181/3/2229 2366/3/2523
f 2180/3/2227 2366/3/2523 2353/3/2525
f 2355/7/2508 2354/7/2507 2367/7/2524
f 2355/7/2508 2367/7/2524 2368/7/2526
f 2355/8/2508 2368/8/2527 2369/8/2528
f 2355/8/2508 2369/8/2528 2356/8/2509
f 2369/8/2529 2368/8/2526 2195/8/2243
f 2369/8/2529 2195/8/2243 2194/8/2242
f 2356/8/2509 2369/8/2528 2370/8/2425
f 2356/8/2509 2370/8/2425 2357/8/2510
f 2168/8/2205 2357/8/2530 2370/8/2531
f 2168/8/2205 2370/8/2531 2182/8/2230
f 2370/8/2532 2369/8/2533 2194/8/2242
f 2370/8/2532 2194/8/2242 2182/8/2246
f 2184/1/2023 2359/1/2205 2371/1/2534
f 2184/1/2023 2371/1/2534 2185/1/2232
f 2183/1/2231 2372/1/2535 2358/1/2513
f 2183/1/2231 2358/1/2513 2170/1/1599
f 2362/5/2516 2361/5/2515 2373/5/2536
f 2362/5/2516 2373/5/2536 2374/5/2537
f 2175/5/2214 2188/5/2538 2373/5/2539
f 2175/5/2214 2373/5/2539 2361/5/2515
f 2373/5/2540 2188/5/2541 2201/5/2252
f 2373/5/2540 2201/5/2252 2374/5/2537
f 2363/5/2517 2362/5/2516 2374/5/2537
f 2363/5/2517 2374/5/2537 2375/5/2542
f 2374/5/2537 2201/5/2252 2204/5/2253
f 2374/5/2537 2204/5/2253 2375/5/2543
f 2377/6/2243 2378/6/2545 2379/6/2255
f 2377/6/2243 2379/6/2255 2376/6/2544
f 2379/6/2255 2378/6/2545 2207/6/2026
f 2379/6/2255 2207/6/2026 2206/6/2255
f 2376/10/2544 2379/10/2255 2380/10/2026
f 2376/10/2544 2380/10/2026 2364/10/2518
f 2189/10/2238 2364/10/2518 2380/10/2026
f 2189/10/2238 2380/10/2026 2190/10/2239
f 2380/10/2026 2379/10/2255 2206/10/2255
f 2380/10/2026 2206/10/2255 2190/10/2239
f 2367/4/2524 2366/4/2523 2381/4/2536
f 2367/4/2524 2381/4/2536 2382/4/2546
f 2181/4/2229 2193/4/2538 2381/4/2539
f 2181/4/2229 2381/4/2539 2366/4/2523
f 2381/4/2540 2193/4/2541 2211/4/2260
f 2381/4/2540 2211/4/2260 2382/4/2547
f 2367/3/2524 2382/3/2548 2383/3/2549
f 2367/3/2524 2383/3/2549 2368/3/2527
f 2195/3/2243 2368/3/2550 2383/3/2551
f 2195/3/2243 2383/3/2551 2196/3/2244
f 2383/3/2552 2382/3/2553 2211/3/2260
f 2383/3/2552 2211/3/2260 2196/3/2244
f 2371/5/2260 2372/5/2260 2384/5/2260
f 2371/5/2260 2384/5/2260 2385/5/2260
f 2185/5/2232 2371/5/2534 2385/5/2230
f 2185/5/2232 2385/5/2230 2199/5/2250
f 2183/5/2231 2200/5/2251 2384/5/2554
f 2183/5/2231 2384/5/2554 2372/5/2535
f 2385/5/2260 2384/5/2260 2200/5/2260
f 2385/5/2260 2200/5/2260 2199/5/2260
f 2386/5/2260 2375/5/2542 2387/5/2253
f 2386/5/2260 2387/5/2253 2388/5/2260
f 2204/5/2253 2205/5/2254 2387/5/2253
f 2204/5/2253 2387/5/2253 2375/5/2542
f 2387/5/2253 2205/5/2254 2217/5/2260
f 2387/5/2253 2217/5/2260 2388/5/2260
f 2386/6/2260 2388/6/2260 2389/6/2026
f 2386/6/2260 2389/6/2026 2378/6/2545
f 2207/6/2026 2378/6/2545 2389/6/2026
f 2207/6/2026 2389/6/2026 2208/6/2257
f 2389/6/2026 2388/6/2260 2217/6/2260
f 2389/6/2026 2217/6/2260 2208/6/2257
f 2390/1/2371 2391/1/2371 2392/1/2555
f 2390/1/2371 2392/1/2555 2393/1/2555
f 2247/1/2328 2224/1/2276 2390/1/2556
f 2247/1/2328 2390/1/2556 2393/1/2557
f 2245/1/2325 2392/1/2558 2391/1/2559
f 2245/1/2325 2391/1/2559 2223/1/2277
f 2223/1/2273 2391/1/2561 2390/1/2561
f 2223/1/2273 2390/1/2561 2224/1/2560
f 2394/2/2272 2395/2/2272 2396/2/2273
f 2394/2/2272 2396/2/2273 2397/2/2273
f 2252/2/2562 2251/2/2563 2394/2/2563
f 2252/2/2562 2394/2/2563 2397/2/2564
f 2249/2/2333 2396/2/2565 2395/2/1844
f 2249/2/2333 2395/2/1844 2250/2/2334
f 2250/2/2336 2395/2/2278 2394/2/2278
f 2250/2/2336 2394/2/2278 2251/2/2337
f 2399/5/2567 2400/5/2568 2401/5/2569
f 2399/5/2567 2401/5/2569 2398/5/2566
f 2253/5/2571 2400/5/2572 2399/5/2573
f 2253/5/2571 2399/5/2573 2227/5/2570
f 2228/5/2282 2227/5/2574 2399/5/2575
f 2228/5/2282 2399/5/2575 2398/5/2566
f 2402/5/2576 2398/5/2566 2401/5/2569
f 2402/5/2576 2401/5/2569 2403/5/2577
f 2230/5/2287 2228/5/2282 2398/5/2566
f 2230/5/2287 2398/5/2566 2402/5/2576
f 2404/5/2578 2402/5/2576 2403/5/2577
f 2404/5/2578 2403/5/2577 2405/5/2579
f 2232/5/2289 2230/5/2287 2402/5/2576
f 2232/5/2289 2402/5/2576 2404/5/2580
f 2255/6/2581 2234/6/2582 2406/6/2583
f 2255/6/2581 2406/6/2583 2407/6/2583
f 2232/6/2289 2404/6/2584 2406/6/2585
f 2232/6/2289 2406/6/2585 2234/6/2291
f 2392/1/2555 2408/1/2586 2409/1/2586
f 2392/1/2555 2409/1/2586 2393/1/2555
f 2265/1/2360 2247/1/2328 2393/1/2557
f 2265/1/2360 2393/1/2557 2409/1/2587
f 2264/1/2359 2408/1/2588 2392/1/2558
f 2264/1/2359 2392/1/2558 2245/1/2325
f 2270/2/2321 2252/2/2562 2397/2/2564
f 2270/2/2321 2397/2/2564 2410/2/2589
f 2269/2/2370 2411/2/2590 2396/2/2565
f 2269/2/2370 2396/2/2565 2249/2/2333
f 2400/3/2572 2412/3/2373 2413/3/2374
f 2400/3/2572 2413/3/2374 2401/3/2569
f 2271/3/2591 2412/3/2373 2400/3/2592
f 2271/3/2591 2400/3/2592 2253/3/2571
f 2403/5/2577 2401/5/2569 2413/5/2374
f 2403/5/2577 2413/5/2374 2414/5/2593
f 2405/1/2579 2403/1/2577 2414/1/2593
f 2405/1/2579 2414/1/2593 2415/1/2594
f 2405/3/2579 2415/3/2594 2416/3/2595
f 2405/3/2579 2416/3/2595 2407/3/2595
f 2255/2/2343 2407/2/2596 2417/2/2597
f 2255/2/2343 2417/2/2597 2256/2/2344
f 2418/1/2598 2417/1/2599 2419/1/2600
f 2418/1/2598 2419/1/2600 2420/1/2601
f 2272/1/2602 2258/1/2603 2418/1/2598
f 2272/1/2602 2418/1/2598 2420/1/2604
f 2256/1/2344 2417/1/2597 2418/1/2598
f 2256/1/2344 2418/1/2598 2258/1/2605
f 2264/1/2359 2278/1/1781 2421/1/1863
f 2264/1/2359 2421/1/1863 2408/1/2588
f 2265/1/2607 2409/1/2608 2422/1/2609
f 2265/1/2607 2422/1/2609 2266/1/2606
f 2423/6/2610 2422/6/2611 2424/6/2612
f 2423/6/2610 2424/6/2612 2425/6/2613
f 2266/6/2363 2422/6/2614 2423/6/2615
f 2266/6/2363 2423/6/2615 2268/6/2364
f 2426/6/2096 2423/6/2610 2425/6/2613
f 2426/6/2096 2425/6/2613 2427/6/2616
f 2279/6/2380 2268/6/2379 2423/6/2617
f 2279/6/2380 2423/6/2617 2426/6/2618
f 2428/6/2619 2426/6/2096 2427/6/2616
f 2428/6/2619 2427/6/2616 2429/6/2620
f 2280/6/2382 2279/6/2380 2426/6/2618
f 2280/6/2382 2426/6/2618 2428/6/2621
f 2428/6/2619 2429/6/2620 2430/6/2623
f 2428/6/2619 2430/6/2623 2411/6/2622
f 2269/6/2383 2280/6/2382 2428/6/2621
f 2269/6/2383 2428/6/2621 2411/6/2624
f 2271/6/2625 2270/6/2625 2410/6/2626
f 2271/6/2625 2410/6/2626 2412/6/2627
f 2431/3/2628 2420/3/2629 2432/3/2630
f 2431/3/2628 2432/3/2630 2433/3/2631
f 2272/3/2632 2420/3/2633 2431/3/2634
f 2272/3/2632 2431/3/2634 2281/3/2386
f 2431/3/2628 2433/3/2631 2435/3/2635
f 2431/3/2628 2435/3/2635 2434/3/2373
f 2273/3/2388 2281/3/2386 2431/3/2634
f 2273/3/2388 2431/3/2634 2434/3/2388
f 2274/4/2636 2273/4/2388 2434/4/2388
f 2274/4/2636 2434/4/2388 2436/4/2637
f 2275/4/2095 2274/4/2636 2436/4/2637
f 2275/4/2095 2436/4/2637 2437/4/2095
f 2276/3/2638 2275/3/2095 2437/3/2095
f 2276/3/2638 2437/3/2095 2438/3/2639
f 2276/4/2638 2438/4/2639 2439/4/2640
f 2276/4/2638 2439/4/2640 2277/4/2391
f 2440/4/2155 2439/4/2155 2441/4/2013
f 2440/4/2155 2441/4/2013 2442/4/2013
f 2284/4/2013 2282/4/2155 2440/4/2155
f 2284/4/2013 2440/4/2155 2442/4/2013
f 2277/4/2391 2439/4/2640 2440/4/2390
f 2277/4/2391 2440/4/2390 2282/4/2392
f 2278/2/1781 2286/2/1599 2443/2/1710
f 2278/2/1781 2443/2/1710 2421/2/1863
f 2425/6/2613 2424/6/2612 2444/6/2641
f 2425/6/2613 2444/6/2641 2445/6/2642
f 2425/6/2613 2445/6/2642 2446/6/2643
f 2425/6/2613 2446/6/2643 2427/6/2616
f 2446/6/2644 2445/6/2645 2288/6/2646
f 2446/6/2644 2288/6/2646 2287/6/2398
f 2429/6/2620 2427/6/2616 2446/6/2643
f 2429/6/2620 2446/6/2643 2447/6/2647
f 2446/6/2644 2287/6/2398 2289/6/2649
f 2446/6/2644 2289/6/2649 2447/6/2648
f 2429/5/2620 2447/5/2647 2448/5/2650
f 2429/5/2620 2448/5/2650 2430/5/2623
f 2433/3/2631 2432/3/2630 2449/3/2651
f 2433/3/2631 2449/3/2651 2450/3/2652
f 2435/3/2635 2433/3/2631 2450/3/2652
f 2435/3/2635 2450/3/2652 2451/3/2491
f 2452/3/2653 2453/3/2399 2299/3/1907
f 2452/3/2653 2299/3/1907 2298/3/2654
f 2454/8/2655 2452/8/2653 2298/8/2654
f 2454/8/2655 2298/8/2654 2302/8/2656
f 2455/8/2657 2454/8/2655 2302/8/2656
f 2455/8/2657 2302/8/2656 2291/8/2403
f 2441/8/2013 2455/8/2176 2456/8/2176
f 2441/8/2013 2456/8/2176 2442/8/2013
f 2284/8/2013 2442/8/2013 2456/8/2176
f 2284/8/2013 2456/8/2176 2290/8/2176
f 2456/8/2404 2455/8/2657 2291/8/2403
f 2456/8/2404 2291/8/2403 2290/8/2402
f 2293/1/2411 2457/1/2658 2443/1/1710
f 2293/1/2411 2443/1/1710 2286/1/1599
f 2458/1/2402 2459/1/2659 2306/1/2404
f 2458/1/2402 2306/1/2404 2295/1/2416
f 2444/6/2641 2458/6/2661 2460/6/2662
f 2444/6/2641 2460/6/2662 2445/6/2660
f 2288/6/2414 2445/6/2663 2460/6/2664
f 2288/6/2414 2460/6/2664 2294/6/2415
f 2460/6/2665 2458/6/2402 2295/6/2416
f 2460/6/2665 2295/6/2416 2294/6/2415
f 2448/6/2650 2447/6/2666 2461/6/2667
f 2448/6/2650 2461/6/2667 2462/6/2668
f 2289/6/2421 2296/6/2420 2461/6/2669
f 2289/6/2421 2461/6/2669 2447/6/2670
f 2461/6/2672 2296/6/2420 2297/6/2422
f 2461/6/2672 2297/6/2422 2462/6/2671
f 2464/2/2674 2311/2/2022 2310/2/2022
f 2464/2/2674 2310/2/2022 2463/2/2673
f 2465/2/2675 2466/2/2676 2315/2/2677
f 2465/2/2675 2315/2/2677 2314/2/2678
f 2465/7/2675 2314/7/2678 2318/7/2679
f 2465/7/2675 2318/7/2679 2467/7/2450
f 2449/8/2680 2467/8/2448 2468/8/2681
f 2449/8/2680 2468/8/2681 2450/8/2652
f 2451/3/2491 2450/3/2652 2468/3/2681
f 2451/3/2491 2468/3/2681 2469/3/2517
f 2299/4/2408 2453/4/2683 2470/4/2684
f 2299/4/2408 2470/4/2684 2300/4/2682
f 2459/2/2685 2457/2/2685 2471/2/2686
f 2459/2/2685 2471/2/2686 2472/2/2686
f 2306/2/2434 2459/2/2687 2472/2/2688
f 2306/2/2434 2472/2/2688 2307/2/2435
f 2293/2/2411 2305/2/2432 2471/2/2689
f 2293/2/2411 2471/2/2689 2457/2/2658
f 2311/2/2413 2464/2/2413 2473/2/2413
f 2311/2/2413 2473/2/2413 2312/2/2413
f 2297/2/2422 2309/2/2440 2474/2/2690
f 2297/2/2422 2474/2/2690 2462/2/2691
f 2474/2/2692 2309/2/2693 2312/2/2693
f 2474/2/2692 2312/2/2693 2473/2/2692
f 2475/5/2694 2463/5/2695 2476/5/2696
f 2475/5/2694 2476/5/2696 2477/5/2697
f 2310/5/2698 2313/5/2699 2476/5/2696
f 2310/5/2698 2476/5/2696 2463/5/2695
f 2478/1/2700 2475/1/2694 2477/1/2697
f 2478/1/2700 2477/1/2697 2479/1/2701
f 2480/1/2428 2478/1/2700 2479/1/2701
f 2480/1/2428 2479/1/2701 2481/1/2429
f 2480/1/2428 2481/1/2429 2482/1/2431
f 2480/1/2428 2482/1/2431 2466/1/2430
f 2315/1/2687 2466/1/2430 2482/1/2431
f 2315/1/2687 2482/1/2431 2316/1/2702
f 2468/8/2681 2467/8/2448 2483/8/2447
f 2468/8/2681 2483/8/2447 2484/8/2703
f 2318/8/2704 2319/8/2704 2483/8/2704
f 2318/8/2704 2483/8/2704 2467/8/2704
f 2483/8/2679 2319/8/2450 2320/8/2449
f 2483/8/2679 2320/8/2449 2484/8/2705
f 2469/3/2517 2468/3/2681 2484/3/2703
f 2469/3/2517 2484/3/2703 2485/3/2706
f 2484/3/2705 2320/3/2449 2321/3/2453
f 2484/3/2705 2321/3/2453 2485/3/2707
f 2322/4/2708 2300/4/2682 2470/4/2684
f 2322/4/2708 2470/4/2684 2486/4/2709
f 2472/1/2686 2471/1/2686 2487/1/2710
f 2472/1/2686 2487/1/2710 2488/1/2710
f 2327/1/2458 2307/1/2435 2472/1/2688
f 2327/1/2458 2472/1/2688 2488/1/2711
f 2305/1/2432 2326/1/2457 2487/1/2712
f 2305/1/2432 2487/1/2712 2471/1/2689
f 2477/5/2697 2476/5/2696 2489/5/2491
f 2477/5/2697 2489/5/2491 2490/5/2187
f 2313/5/2713 2333/5/2473 2489/5/2491
f 2313/5/2713 2489/5/2491 2476/5/2696
f 2479/5/2701 2477/5/2697 2490/5/2187
f 2479/5/2701 2490/5/2187 2491/5/2710
f 2481/1/2429 2479/1/2701 2491/1/2710
f 2481/1/2429 2491/1/2710 2492/1/2455
f 2482/1/2431 2481/1/2429 2492/1/2455
f 2482/1/2431 2492/1/2455 2493/1/2456
f 2334/1/2475 2316/1/2474 2482/1/2431
f 2334/1/2475 2482/1/2431 2493/1/2456
f 2486/4/2714 2485/4/2715 2494/4/2716
f 2486/4/2714 2494/4/2716 2495/4/2716
f 2322/4/2717 2486/4/2709 2495/4/2718
f 2322/4/2717 2495/4/2718 2338/4/2484
f 2321/4/2483 2337/4/2719 2494/4/2720
f 2321/4/2483 2494/4/2720 2485/4/2721
f 2488/2/2710 2487/2/2710 2496/2/2710
f 2488/2/2710 2496/2/2710 2497/2/2710
f 2343/2/2488 2327/2/2458 2488/2/2711
f 2343/2/2488 2488/2/2711 2497/2/2722
f 2326/2/2457 2342/2/2457 2496/2/2712
f 2326/2/2457 2496/2/2712 2487/2/2712
f 2490/5/2187 2489/5/2491 2498/5/2491
f 2490/5/2187 2498/5/2491 2499/5/2723
f 2333/5/2473 2347/5/2491 2498/5/2491
f 2333/5/2473 2498/5/2491 2489/5/2491
f 2491/5/2710 2490/5/2187 2499/5/2723
f 2491/5/2710 2499/5/2723 2500/5/2724
f 2492/5/2455 2491/5/2710 2500/5/2724
f 2492/5/2455 2500/5/2724 2501/5/2509
f 2493/1/2456 2492/1/2455 2501/1/2509
f 2493/1/2456 2501/1/2509 2502/1/2725
f 2348/1/2493 2334/1/2475 2493/1/2456
f 2348/1/2493 2493/1/2456 2502/1/2725
f 2494/4/2716 2503/4/2726 2504/4/2726
f 2494/4/2716 2504/4/2726 2495/4/2716
f 2338/4/2484 2495/4/2718 2504/4/2728
f 2338/4/2484 2504/4/2728 2354/4/2727
f 2337/4/2719 2353/4/2729 2503/4/2730
f 2337/4/2719 2503/4/2730 2494/4/2720
f 2503/4/2731 2353/4/2732 2354/4/2731
f 2503/4/2731 2354/4/2731 2504/4/2731
f 2497/1/2710 2496/1/2710 2505/1/2733
f 2497/1/2710 2505/1/2733 2506/1/2733
f 2343/1/2488 2497/1/2722 2506/1/2530
f 2343/1/2488 2506/1/2530 2359/1/2511
f 2342/1/2457 2358/1/2513 2505/1/2734
f 2342/1/2457 2505/1/2734 2496/1/2712
f 2499/5/2723 2498/5/2491 2507/5/2515
f 2499/5/2723 2507/5/2515 2508/5/2735
f 2347/5/2491 2363/5/2517 2507/5/2515
f 2347/5/2491 2507/5/2515 2498/5/2491
f 2500/5/2724 2499/5/2723 2508/5/2735
f 2500/5/2724 2508/5/2735 2509/5/2736
f 2500/5/2724 2509/5/2737 2510/5/2738
f 2500/5/2724 2510/5/2738 2501/5/2509
f 2510/5/2738 2509/5/2739 2377/5/2243
f 2510/5/2738 2377/5/2243 2376/5/2544
f 2501/1/2509 2510/1/2738 2511/1/2740
f 2501/1/2509 2511/1/2740 2502/1/2725
f 2348/1/2493 2502/1/2725 2511/1/2742
f 2348/1/2493 2511/1/2742 2364/1/2741
f 2511/1/2743 2510/1/2738 2376/1/2544
f 2511/1/2743 2376/1/2544 2364/1/2744
f 2506/1/2733 2505/1/2733 2512/1/2726
f 2506/1/2733 2512/1/2726 2513/1/2726
f 2359/1/2205 2506/1/2530 2513/1/2531
f 2359/1/2205 2513/1/2531 2371/1/2534
f 2358/1/2513 2372/1/2535 2512/1/2745
f 2358/1/2513 2512/1/2745 2505/1/2734
f 2513/1/2746 2512/1/2746 2372/1/2260
f 2513/1/2746 2372/1/2260 2371/1/2260
f 2508/5/2735 2507/5/2515 2514/5/2536
f 2508/5/2735 2514/5/2536 2515/5/2546
f 2363/5/2517 2375/5/2747 2514/5/2539
f 2363/5/2517 2514/5/2539 2507/5/2515
f 2514/5/2540 2375/5/2543 2386/5/2260
f 2514/5/2540 2386/5/2260 2515/5/2547
f 2508/5/2735 2515/5/2548 2516/5/2549
f 2508/5/2735 2516/5/2549 2509/5/2737
f 2377/5/2243 2509/5/2748 2516/5/2551
f 2377/5/2243 2516/5/2551 2378/5/2545
f 2516/5/2552 2515/5/2553 2386/5/2260
f 2516/5/2552 2386/5/2260 2378/5/2545
f 2517/2/2749 2518/2/2749 2519/2/2749
f 2517/2/2749 2519/2/2749 2520/2/2750
f 2407/2/2583 2406/2/2583 2517/2/2751
f 2407/2/2583 2517/2/2751 2520/2/2751
f 2404/2/2752 2405/2/2752 2519/2/2752
f 2404/2/2752 2519/2/2752 2518/2/2752
f 2406/2/2585 2404/2/2584 2518/2/2625
f 2406/2/2585 2518/2/2625 2517/2/2625
f 2519/2/2753 2405/2/2753 2407/2/2753
f 2519/2/2753 2407/2/2753 2520/2/2753
f 2521/2/2754 2522/2/2754 2523/2/2755
f 2521/2/2754 2523/2/2755 2524/2/2756
f 2410/2/2589 2397/2/2564 2521/2/2757
f 2410/2/2589 2521/2/2757 2524/2/2757
f 2411/2/2590 2523/2/2758 2522/2/2759
f 2411/2/2590 2522/2/2759 2396/2/2565
f 2397/2/2273 2396/2/2273 2522/2/2561
f 2397/2/2273 2522/2/2561 2521/2/2561
f 2525/2/2318 2520/2/2750 2526/2/2760
f 2525/2/2318 2526/2/2760 2527/2/2761
f 2419/2/2600 2417/2/2597 2525/2/2762
f 2419/2/2600 2525/2/2762 2527/2/2763
f 2416/2/2764 2526/2/2764 2520/2/2764
f 2416/2/2764 2520/2/2764 2407/2/2764
f 2407/2/2596 2520/2/2766 2525/2/2762
f 2407/2/2596 2525/2/2762 2417/2/2765
f 2421/1/1863 2528/1/2767 2529/1/2768
f 2421/1/1863 2529/1/2768 2408/1/2588
f 2408/1/2769 2529/1/2770 2530/1/2771
f 2408/1/2769 2530/1/2771 2409/1/2608
f 2531/1/2155 2530/1/2155 2532/1/2772
f 2531/1/2155 2532/1/2772 2533/1/2772
f 2424/1/2612 2422/1/2376 2531/1/2155
f 2424/1/2612 2531/1/2155 2533/1/2772
f 2409/1/2608 2530/1/2771 2531/1/2390
f 2409/1/2608 2531/1/2390 2422/1/2609
f 2524/2/2756 2523/2/2755 2534/2/2773
f 2524/2/2756 2534/2/2773 2535/2/2774
f 2430/2/2623 2534/2/2776 2523/2/2758
f 2430/2/2623 2523/2/2758 2411/2/2775
f 2536/6/2777 2524/6/2756 2535/6/2774
f 2536/6/2777 2535/6/2774 2537/6/2778
f 2412/6/2627 2410/6/2626 2524/6/2779
f 2412/6/2627 2524/6/2779 2536/6/2780
f 2413/2/2636 2412/2/2627 2536/2/2780
f 2413/2/2636 2536/2/2780 2538/2/2637
f 2414/6/2095 2413/6/2636 2538/6/2637
f 2414/6/2095 2538/6/2637 2539/6/2095
f 2415/6/2781 2414/6/2095 2539/6/2095
f 2415/6/2781 2539/6/2095 2540/6/2782
f 2416/4/2783 2415/4/2781 2540/4/2782
f 2416/4/2783 2540/4/2782 2526/4/2784
f 2527/2/2785 2526/2/2760 2541/2/2786
f 2527/2/2785 2541/2/2786 2542/2/2787
f 2543/1/2788 2527/1/2789 2542/1/2787
f 2543/1/2788 2542/1/2787 2544/1/2790
f 2432/1/2630 2420/1/2791 2543/1/2792
f 2432/1/2630 2543/1/2792 2544/1/2790
f 2419/1/2600 2527/1/2793 2543/1/2794
f 2419/1/2600 2543/1/2794 2420/1/2601
f 2546/4/2149 2547/4/2795 2548/4/2796
f 2546/4/2149 2548/4/2796 2545/4/2148
f 2435/4/2635 2547/4/2797 2546/4/2591
f 2435/4/2635 2546/4/2591 2434/4/2373
f 2436/4/2637 2434/4/2388 2546/4/2387
f 2436/4/2637 2546/4/2387 2545/4/2798
f 2549/4/2096 2545/4/2148 2548/4/2796
f 2549/4/2096 2548/4/2796 2550/4/2799
f 2437/4/2095 2436/4/2637 2545/4/2798
f 2437/4/2095 2545/4/2798 2549/4/2095
f 2551/3/2313 2549/3/2096 2550/3/2799
f 2551/3/2313 2550/3/2799 2552/3/2800
f 2438/3/2639 2437/3/2095 2549/3/2095
f 2438/3/2639 2549/3/2095 2551/3/2377
f 2553/4/2318 2551/4/2313 2552/4/2800
f 2553/4/2318 2552/4/2800 2554/4/2801
f 2441/4/2013 2439/4/2155 2553/4/2587
f 2441/4/2013 2553/4/2587 2554/4/2802
f 2438/4/2639 2551/4/2377 2553/4/2378
f 2438/4/2639 2553/4/2378 2439/4/2640
f 2421/2/1863 2443/2/1710 2555/2/2803
f 2421/2/1863 2555/2/2803 2528/2/2767
f 2533/2/2772 2532/2/2772 2556/2/2177
f 2533/2/2772 2556/2/2177 2557/2/2177
f 2444/2/2641 2424/2/2612 2533/2/2772
f 2444/2/2641 2533/2/2772 2557/2/2177
f 2535/5/2774 2534/5/2804 2558/5/2805
f 2535/5/2774 2558/5/2805 2559/5/2806
f 2430/5/2623 2448/5/2650 2558/5/2805
f 2430/5/2623 2558/5/2805 2534/5/2804
f 2537/3/2778 2535/3/2774 2559/3/2806
f 2537/3/2778 2559/3/2806 2560/3/2807
f 2542/2/2787 2541/2/2786 2561/2/2431
f 2542/2/2787 2561/2/2431 2562/2/2808
f 2544/6/2790 2542/6/2787 2562/6/2808
f 2544/6/2790 2562/6/2808 2563/6/2725
f 2449/6/2651 2432/6/2630 2544/6/2790
f 2449/6/2651 2544/6/2790 2563/6/2725
f 2547/4/2795 2564/4/2809 2565/4/2810
f 2547/4/2795 2565/4/2810 2548/4/2796
f 2435/4/2635 2451/4/2491 2564/4/2811
f 2435/4/2635 2564/4/2811 2547/4/2812
f 2548/3/2796 2565/3/2810 2566/3/2813
f 2548/3/2796 2566/3/2813 2550/3/2799
f 2566/3/2814 2565/3/2815 2453/3/2399
f 2566/3/2814 2453/3/2399 2452/3/2653
f 2552/8/2800 2550/8/2799 2566/8/2813
f 2552/8/2800 2566/8/2813 2567/8/2424
f 2567/8/2816 2566/8/2814 2452/8/2653
f 2567/8/2816 2452/8/2653 2454/8/2655
f 2552/8/2800 2567/8/2424 2568/8/2425
f 2552/8/2800 2568/8/2425 2554/8/2801
f 2441/8/2013 2554/8/2802 2568/8/2687
f 2441/8/2013 2568/8/2687 2455/8/2176
f 2568/8/2677 2567/8/2816 2454/8/2655
f 2568/8/2677 2454/8/2655 2455/8/2657
f 2443/1/1710 2457/1/2658 2569/1/2817
f 2443/1/1710 2569/1/2817 2555/1/2803
f 2570/1/2818 2569/1/2819 2457/1/2820
f 2570/1/2818 2457/1/2820 2459/1/2659
f 2556/1/2177 2570/1/2176 2571/1/2176
f 2556/1/2177 2571/1/2176 2557/1/2177
f 2444/1/2641 2557/1/2177 2571/1/2176
f 2444/1/2641 2571/1/2176 2458/1/2661
f 2571/1/2404 2570/1/2818 2459/1/2659
f 2571/1/2404 2459/1/2659 2458/1/2402
f 2558/6/2821 2572/6/2443 2573/6/2822
f 2558/6/2821 2573/6/2822 2559/6/2806
f 2448/6/2650 2462/6/2823 2572/6/2439
f 2448/6/2650 2572/6/2439 2558/6/2824
f 2559/2/2806 2573/2/2822 2574/2/2825
f 2559/2/2806 2574/2/2825 2560/2/2807
f 2573/2/2827 2464/2/2674 2463/2/2673
f 2573/2/2827 2463/2/2673 2574/2/2826
f 2574/1/2826 2463/1/2673 2475/1/2829
f 2574/1/2826 2475/1/2829 2575/1/2828
f 2576/1/2830 2575/1/2828 2475/1/2829
f 2576/1/2830 2475/1/2829 2478/1/2830
f 2577/1/2655 2576/1/2830 2478/1/2830
f 2577/1/2655 2478/1/2830 2480/1/2656
f 2578/3/2676 2577/3/2655 2480/3/2656
f 2578/3/2676 2480/3/2656 2466/3/2676
f 2561/2/2431 2578/2/2430 2579/2/2831
f 2561/2/2431 2579/2/2831 2562/2/2808
f 2579/2/2832 2578/2/2676 2466/2/2676
f 2579/2/2832 2466/2/2676 2465/2/2675
f 2562/7/2808 2579/7/2831 2580/7/2742
f 2562/7/2808 2580/7/2742 2563/7/2725
f 2449/7/2833 2563/7/2725 2580/7/2742
f 2449/7/2833 2580/7/2742 2467/7/2479
f 2580/7/2451 2579/7/2832 2465/7/2675
f 2580/7/2451 2465/7/2675 2467/7/2450
f 2564/4/2834 2581/4/2835 2582/4/2835
f 2564/4/2834 2582/4/2835 2565/4/2810
f 2453/4/2683 2565/4/2836 2582/4/2837
f 2453/4/2683 2582/4/2837 2470/4/2684
f 2451/4/2491 2469/4/2517 2581/4/2838
f 2451/4/2491 2581/4/2838 2564/4/2811
f 2572/2/2443 2583/2/2441 2584/2/2441
f 2572/2/2443 2584/2/2441 2573/2/2822
f 2464/2/2413 2573/2/2413 2584/2/2413
f 2464/2/2413 2584/2/2413 2473/2/2413
f 2462/2/2839 2474/2/2690 2583/2/2840
f 2462/2/2839 2583/2/2840 2572/2/2439
f 2584/2/1743 2583/2/1743 2474/2/2692
f 2584/2/1743 2474/2/2692 2473/2/2692
f 2581/4/2835 2585/4/2726 2586/4/2726
f 2581/4/2835 2586/4/2726 2582/4/2835
f 2470/4/2684 2582/4/2837 2586/4/2841
f 2470/4/2684 2586/4/2841 2486/4/2709
f 2469/4/2517 2485/4/2842 2585/4/2843
f 2469/4/2517 2585/4/2843 2581/4/2838
f 2585/4/2746 2485/4/2707 2486/4/2746
f 2585/4/2746 2486/4/2746 2586/4/2746
f 2587/1/2371 2588/1/2371 2589/1/2844
f 2587/1/2371 2589/1/2844 2590/1/2844
f 2532/1/2772 2530/1/2155 2587/1/2587
f 2532/1/2772 2587/1/2587 2590/1/2845
f 2528/1/2767 2589/1/2846 2588/1/2369
f 2528/1/2767 2588/1/2369 2529/1/2768
f 2529/1/2770 2588/1/2278 2587/1/2278
f 2529/1/2770 2587/1/2278 2530/1/2771
f 2592/2/2149 2593/2/2847 2594/2/2298
f 2592/2/2149 2594/2/2298 2591/2/2148
f 2537/2/2778 2593/2/2848 2592/2/2591
f 2537/2/2778 2592/2/2591 2536/2/2777
f 2538/2/2637 2536/2/2780 2592/2/2387
f 2538/2/2637 2592/2/2387 2591/2/2798
f 2595/6/2096 2591/6/2148 2594/6/2298
f 2595/6/2096 2594/6/2298 2596/6/2308
f 2539/6/2095 2538/6/2637 2591/6/2798
f 2539/6/2095 2591/6/2798 2595/6/2095
f 2597/6/2313 2595/6/2096 2596/6/2308
f 2597/6/2313 2596/6/2308 2598/6/2314
f 2540/6/2782 2539/6/2095 2595/6/2095
f 2540/6/2782 2595/6/2095 2597/6/2849
f 2599/2/2850 2597/2/2313 2598/2/2314
f 2599/2/2850 2598/2/2314 2600/2/2851
f 2541/2/2786 2526/2/2760 2599/2/2850
f 2541/2/2786 2599/2/2850 2600/2/2851
f 2540/2/2782 2597/2/2849 2599/2/2852
f 2540/2/2782 2599/2/2852 2526/2/2784
f 2590/2/2844 2589/2/2844 2601/2/2733
f 2590/2/2844 2601/2/2733 2602/2/2733
f 2556/2/2177 2532/2/2772 2590/2/2845
f 2556/2/2177 2590/2/2845 2602/2/2688
f 2528/2/2767 2555/2/2803 2601/2/2853
f 2528/2/2767 2601/2/2853 2589/2/2846
f 2594/3/2298 2593/3/2854 2603/3/2855
f 2594/3/2298 2603/3/2855 2604/3/2856
f 2537/3/2778 2560/3/2807 2603/3/2855
f 2537/3/2778 2603/3/2855 2593/3/2854
f 2596/1/2308 2594/1/2298 2604/1/2856
f 2596/1/2308 2604/1/2856 2605/1/2701
f 2598/1/2314 2596/1/2308 2605/1/2701
f 2598/1/2314 2605/1/2701 2606/1/2427
f 2600/3/2851 2598/3/2314 2606/3/2427
f 2600/3/2851 2606/3/2427 2607/3/2474
f 2561/3/2431 2541/3/2786 2600/3/2851
f 2561/3/2431 2600/3/2851 2607/3/2474
f 2602/1/2733 2601/1/2733 2608/1/2726
f 2602/1/2733 2608/1/2726 2609/1/2726
f 2556/1/2177 2602/1/2688 2609/1/2687
f 2556/1/2177 2609/1/2687 2570/1/2176
f 2555/1/2803 2569/1/2817 2608/1/2554
f 2555/1/2803 2608/1/2554 2601/1/2853
f 2609/1/2857 2608/1/2857 2569/1/2819
f 2609/1/2857 2569/1/2819 2570/1/2818
f 2604/1/2856 2603/1/2858 2610/1/2859
f 2604/1/2856 2610/1/2859 2611/1/2860
f 2560/1/2807 2574/1/2825 2610/1/2698
f 2560/1/2807 2610/1/2698 2603/1/2861
f 2610/1/2863 2574/1/2826 2575/1/2828
f 2610/1/2863 2575/1/2828 2611/1/2862
f 2605/1/2701 2604/1/2856 2611/1/2860
f 2605/1/2701 2611/1/2860 2612/1/2700
f 2612/1/2830 2611/1/2862 2575/1/2828
f 2612/1/2830 2575/1/2828 2576/1/2830
f 2606/1/2427 2605/1/2701 2612/1/2700
f 2606/1/2427 2612/1/2700 2613/1/2424
f 2613/1/2816 2612/1/2830 2576/1/2830
f 2613/1/2816 2576/1/2830 2577/1/2655
f 2606/3/2427 2613/3/2424 2614/3/2425
f 2606/3/2427 2614/3/2425 2607/3/2445
f 2561/3/2431 2607/3/2702 2614/3/2687
f 2561/3/2431 2614/3/2687 2578/3/2430
f 2614/3/2677 2613/3/2816 2577/3/2655
f 2614/3/2677 2577/3/2655 2578/3/2676

