# generated by vox_to_obj_exporter
# scale=0.1 center=true ground=true y_up=false

mtllib Shape_29_110.mtl
usemtl palette

# normals
vn -1 0 0
vn 1 0 0
vn 0 0 1
vn 0 0 -1
vn 0 -1 0
vn 0 1 0

# texcoords
vt 0.666015625 0.5
vt 0.970703125 0.5
vt 0.642578125 0.5
vt 0.505859375 0.5
vt 0.669921875 0.5
vt 0.990234375 0.5
vt 0.337890625 0.5
vt 0.876953125 0.5
vt 0.974609375 0.5
vt 0.978515625 0.5
vt 0.673828125 0.5
vt 0.810546875 0.5
vt 0.994140625 0.5
vt 0.982421875 0.5
vt 0.986328125 0.5

# verts
v -1.2 1.2 0.1
v -1.2 1.2 0
v -1.2 1.1 0
v -1.2 1.1 0.1
v -1.2 1.2 0.1
v -1.2 1.1 0.1
v -1.1 1.1 0.1
v -1.1 1.2 0.1
v -1.2 1.1 0
v -1.2 1.2 0
v -1.1 1.2 0
v -1.1 1.1 0
v -1.1 1.2 0.1
v -1.1 1.2 0
v -1.2 1.2 0
v -1.2 1.2 0.1
v -1.1 1.2 0.1
v -1.1 1.1 0.1
v -1 1.1 0.1
v -1 1.2 0.1
v -1.1 1.1 0
v -1.1 1.2 0
v -1 1.2 0
v -1 1.1 0
v -1 1.2 0.1
v -1 1.2 0
v -1.1 1.2 0
v -1.1 1.2 0.1
v -1 1.2 0.1
v -1 1.1 0.1
v -0.9 1.1 0.1
v -0.9 1.2 0.1
v -1 1.1 0
v -1 1.2 0
v -0.9 1.2 0
v -0.9 1.1 0
v -0.9 1.2 0.1
v -0.9 1.2 0
v -1 1.2 0
v -1 1.2 0.1
v -0.9 1.2 0.1
v -0.9 1.1 0.1
v -0.8 1.1 0.1
v -0.8 1.2 0.1
v -0.9 1.1 0
v -0.9 1.2 0
v -0.8 1.2 0
v -0.8 1.1 0
v -0.8 1.2 0.1
v -0.8 1.2 0
v -0.9 1.2 0
v -0.9 1.2 0.1
v -0.8 1.2 0.1
v -0.8 1.1 0.1
v -0.7 1.1 0.1
v -0.7 1.2 0.1
v -0.8 1.1 0
v -0.8 1.2 0
v -0.7 1.2 0
v -0.7 1.1 0
v -0.7 1.2 0.1
v -0.7 1.2 0
v -0.8 1.2 0
v -0.8 1.2 0.1
v -0.7 1.2 0.1
v -0.7 1.1 0.1
v -0.6 1.1 0.1
v -0.6 1.2 0.1
v -0.7 1.1 0
v -0.7 1.2 0
v -0.6 1.2 0
v -0.6 1.1 0
v -0.6 1.2 0.1
v -0.6 1.2 0
v -0.7 1.2 0
v -0.7 1.2 0.1
v -0.6 1.2 0.1
v -0.6 1.1 0.1
v -0.5 1.1 0.1
v -0.5 1.2 0.1
v -0.6 1.1 0
v -0.6 1.2 0
v -0.5 1.2 0
v -0.5 1.1 0
v -0.5 1.2 0.1
v -0.5 1.2 0
v -0.6 1.2 0
v -0.6 1.2 0.1
v -0.5 1.2 0.1
v -0.5 1.1 0.1
v -0.4 1.1 0.1
v -0.4 1.2 0.1
v -0.5 1.1 0
v -0.5 1.2 0
v -0.4 1.2 0
v -0.4 1.1 0
v -0.4 1.2 0.1
v -0.4 1.2 0
v -0.5 1.2 0
v -0.5 1.2 0.1
v -0.4 1.2 0.1
v -0.4 1.1 0.1
v -0.3 1.1 0.1
v -0.3 1.2 0.1
v -0.4 1.1 0
v -0.4 1.2 0
v -0.3 1.2 0
v -0.3 1.1 0
v -0.3 1.2 0.1
v -0.3 1.2 0
v -0.4 1.2 0
v -0.4 1.2 0.1
v -0.3 1.2 0.1
v -0.3 1.1 0.1
v -0.2 1.1 0.1
v -0.2 1.2 0.1
v -0.3 1.1 0
v -0.3 1.2 0
v -0.2 1.2 0
v -0.2 1.1 0
v -0.2 1.2 0.1
v -0.2 1.2 0
v -0.3 1.2 0
v -0.3 1.2 0.1
v -0.2 1.2 0.1
v -0.2 1.1 0.1
v -0.1 1.1 0.1
v -0.1 1.2 0.1
v -0.2 1.1 0
v -0.2 1.2 0
v -0.1 1.2 0
v -0.1 1.1 0
v -0.1 1.2 0.1
v -0.1 1.2 0
v -0.2 1.2 0
v -0.2 1.2 0.1
v -0.1 1.2 0.1
v -0.1 1.1 0.1
v 0 1.1 0.1
v 0 1.2 0.1
v -0.1 1.1 0
v -0.1 1.2 0
v 0 1.2 0
v 0 1.1 0
v 0 1.2 0.1
v 0 1.2 0
v -0.1 1.2 0
v -0.1 1.2 0.1
v 0 1.2 0.1
v 0 1.1 0.1
v 0.1 1.1 0.1
v 0.1 1.2 0.1
v 0 1.1 0
v 0 1.2 0
v 0.1 1.2 0
v 0.1 1.1 0
v 0.1 1.2 0.1
v 0.1 1.2 0
v 0 1.2 0
v 0 1.2 0.1
v 0.1 1.2 0.1
v 0.1 1.1 0.1
v 0.2 1.1 0.1
v 0.2 1.2 0.1
v 0.1 1.1 0
v 0.1 1.2 0
v 0.2 1.2 0
v 0.2 1.1 0
v 0.2 1.2 0.1
v 0.2 1.2 0
v 0.1 1.2 0
v 0.1 1.2 0.1
v 0.3 1.1 0.1
v 0.3 1.1 0
v 0.3 1.2 0
v 0.3 1.2 0.1
v 0.2 1.2 0.1
v 0.2 1.1 0.1
v 0.3 1.1 0.1
v 0.3 1.2 0.1
v 0.2 1.1 0
v 0.2 1.2 0
v 0.3 1.2 0
v 0.3 1.1 0
v 0.3 1.2 0.1
v 0.3 1.2 0
v 0.2 1.2 0
v 0.2 1.2 0.1
v 0.3 1.2 0.3
v 0.3 1.2 0.2
v 0.3 1.1 0.2
v 0.3 1.1 0.3
v 0.3 1.2 0.3
v 0.3 1.1 0.3
v 0.4 1.1 0.3
v 0.4 1.2 0.3
v 0.3 1.1 0.2
v 0.3 1.2 0.2
v 0.4 1.2 0.2
v 0.4 1.1 0.2
v 0.4 1.2 0.3
v 0.4 1.2 0.2
v 0.3 1.2 0.2
v 0.3 1.2 0.3
v 0.4 1.2 0.3
v 0.4 1.1 0.3
v 0.5 1.1 0.3
v 0.5 1.2 0.3
v 0.4 1.1 0.2
v 0.4 1.2 0.2
v 0.5 1.2 0.2
v 0.5 1.1 0.2
v 0.5 1.2 0.3
v 0.5 1.2 0.2
v 0.4 1.2 0.2
v 0.4 1.2 0.3
v 0.5 1.2 0.3
v 0.5 1.1 0.3
v 0.6 1.1 0.3
v 0.6 1.2 0.3
v 0.5 1.1 0.2
v 0.5 1.2 0.2
v 0.6 1.2 0.2
v 0.6 1.1 0.2
v 0.6 1.2 0.3
v 0.6 1.2 0.2
v 0.5 1.2 0.2
v 0.5 1.2 0.3
v 0.6 1.2 0.3
v 0.6 1.1 0.3
v 0.7 1.1 0.3
v 0.7 1.2 0.3
v 0.6 1.1 0.2
v 0.6 1.2 0.2
v 0.7 1.2 0.2
v 0.7 1.1 0.2
v 0.7 1.2 0.3
v 0.7 1.2 0.2
v 0.6 1.2 0.2
v 0.6 1.2 0.3
v 0.7 1.2 0.3
v 0.7 1.1 0.3
v 0.8 1.1 0.3
v 0.8 1.2 0.3
v 0.7 1.1 0.2
v 0.7 1.2 0.2
v 0.8 1.2 0.2
v 0.8 1.1 0.2
v 0.8 1.2 0.3
v 0.8 1.2 0.2
v 0.7 1.2 0.2
v 0.7 1.2 0.3
v 0.8 1.2 0.3
v 0.8 1.1 0.3
v 0.9 1.1 0.3
v 0.9 1.2 0.3
v 0.8 1.1 0.2
v 0.8 1.2 0.2
v 0.9 1.2 0.2
v 0.9 1.1 0.2
v 0.9 1.2 0.3
v 0.9 1.2 0.2
v 0.8 1.2 0.2
v 0.8 1.2 0.3
v 0.9 1.2 0.3
v 0.9 1.1 0.3
v 1 1.1 0.3
v 1 1.2 0.3
v 0.9 1.1 0.2
v 0.9 1.2 0.2
v 1 1.2 0.2
v 1 1.1 0.2
v 1 1.2 0.3
v 1 1.2 0.2
v 0.9 1.2 0.2
v 0.9 1.2 0.3
v 1 1.2 0.3
v 1 1.1 0.3
v 1.1 1.1 0.3
v 1.1 1.2 0.3
v 1 1.1 0.2
v 1 1.2 0.2
v 1.1 1.2 0.2
v 1.1 1.1 0.2
v 1.1 1.2 0.3
v 1.1 1.2 0.2
v 1 1.2 0.2
v 1 1.2 0.3
v 1.2 1.1 0.3
v 1.2 1.1 0.2
v 1.2 1.2 0.2
v 1.2 1.2 0.3
v 1.1 1.2 0.3
v 1.1 1.1 0.3
v 1.2 1.1 0.3
v 1.2 1.2 0.3
v 1.1 1.1 0.2
v 1.1 1.2 0.2
v 1.2 1.2 0.2
v 1.2 1.1 0.2
v 1.2 1.2 0.3
v 1.2 1.2 0.2
v 1.1 1.2 0.2
v 1.1 1.2 0.3
v -1.2 1.1 0.1
v -1.2 1.1 0
v -1.2 1 0
v -1.2 1 0.1
v -1.2 1.1 0.1
v -1.2 1 0.1
v -1.1 1 0.1
v -1.1 1.1 0.1
v -1.2 1 0
v -1.2 1.1 0
v -1.1 1.1 0
v -1.1 1 0
v -1.1 1.1 0.1
v -1.1 1 0.1
v -1 1 0.1
v -1 1.1 0.1
v -1.1 1 0
v -1.1 1.1 0
v -1 1.1 0
v -1 1 0
v -1 1.1 0.1
v -1 1 0.1
v -0.9 1 0.1
v -0.9 1.1 0.1
v -1 1 0
v -1 1.1 0
v -0.9 1.1 0
v -0.9 1 0
v -0.9 1.1 0.1
v -0.9 1 0.1
v -0.8 1 0.1
v -0.8 1.1 0.1
v -0.9 1 0
v -0.9 1.1 0
v -0.8 1.1 0
v -0.8 1 0
v -0.8 1.1 0.1
v -0.8 1 0.1
v -0.7 1 0.1
v -0.7 1.1 0.1
v -0.8 1 0
v -0.8 1.1 0
v -0.7 1.1 0
v -0.7 1 0
v -0.7 1.1 0.1
v -0.7 1 0.1
v -0.6 1 0.1
v -0.6 1.1 0.1
v -0.7 1 0
v -0.7 1.1 0
v -0.6 1.1 0
v -0.6 1 0
v -0.6 1.1 0.1
v -0.6 1 0.1
v -0.5 1 0.1
v -0.5 1.1 0.1
v -0.6 1 0
v -0.6 1.1 0
v -0.5 1.1 0
v -0.5 1 0
v -0.5 1.1 0.1
v -0.5 1 0.1
v -0.4 1 0.1
v -0.4 1.1 0.1
v -0.5 1 0
v -0.5 1.1 0
v -0.4 1.1 0
v -0.4 1 0
v -0.4 1.1 0.1
v -0.4 1 0.1
v -0.3 1 0.1
v -0.3 1.1 0.1
v -0.4 1 0
v -0.4 1.1 0
v -0.3 1.1 0
v -0.3 1 0
v -0.3 1.1 0.1
v -0.3 1 0.1
v -0.2 1 0.1
v -0.2 1.1 0.1
v -0.3 1 0
v -0.3 1.1 0
v -0.2 1.1 0
v -0.2 1 0
v -0.2 1.1 0.1
v -0.2 1 0.1
v -0.1 1 0.1
v -0.1 1.1 0.1
v -0.2 1 0
v -0.2 1.1 0
v -0.1 1.1 0
v -0.1 1 0
v -0.1 1.1 0.1
v -0.1 1 0.1
v 0 1 0.1
v 0 1.1 0.1
v -0.1 1 0
v -0.1 1.1 0
v 0 1.1 0
v 0 1 0
v 0 1.1 0.1
v 0 1 0.1
v 0.1 1 0.1
v 0.1 1.1 0.1
v 0 1 0
v 0 1.1 0
v 0.1 1.1 0
v 0.1 1 0
v 0.1 1.1 0.1
v 0.1 1 0.1
v 0.2 1 0.1
v 0.2 1.1 0.1
v 0.1 1 0
v 0.1 1.1 0
v 0.2 1.1 0
v 0.2 1 0
v 0.3 1 0.1
v 0.3 1 0
v 0.3 1.1 0
v 0.3 1.1 0.1
v 0.2 1.1 0.1
v 0.2 1 0.1
v 0.3 1 0.1
v 0.3 1.1 0.1
v 0.2 1 0
v 0.2 1.1 0
v 0.3 1.1 0
v 0.3 1 0
v 0.3 1.1 0.3
v 0.3 1.1 0.2
v 0.3 1 0.2
v 0.3 1 0.3
v 0.3 1.1 0.3
v 0.3 1 0.3
v 0.4 1 0.3
v 0.4 1.1 0.3
v 0.3 1 0.2
v 0.3 1.1 0.2
v 0.4 1.1 0.2
v 0.4 1 0.2
v 0.4 1.1 0.3
v 0.4 1 0.3
v 0.5 1 0.3
v 0.5 1.1 0.3
v 0.4 1 0.2
v 0.4 1.1 0.2
v 0.5 1.1 0.2
v 0.5 1 0.2
v 0.5 1.1 0.3
v 0.5 1 0.3
v 0.6 1 0.3
v 0.6 1.1 0.3
v 0.5 1 0.2
v 0.5 1.1 0.2
v 0.6 1.1 0.2
v 0.6 1 0.2
v 0.6 1.1 0.3
v 0.6 1 0.3
v 0.7 1 0.3
v 0.7 1.1 0.3
v 0.6 1 0.2
v 0.6 1.1 0.2
v 0.7 1.1 0.2
v 0.7 1 0.2
v 0.7 1.1 0.3
v 0.7 1 0.3
v 0.8 1 0.3
v 0.8 1.1 0.3
v 0.7 1 0.2
v 0.7 1.1 0.2
v 0.8 1.1 0.2
v 0.8 1 0.2
v 0.8 1.1 0.3
v 0.8 1 0.3
v 0.9 1 0.3
v 0.9 1.1 0.3
v 0.8 1 0.2
v 0.8 1.1 0.2
v 0.9 1.1 0.2
v 0.9 1 0.2
v 0.9 1.1 0.3
v 0.9 1 0.3
v 1 1 0.3
v 1 1.1 0.3
v 0.9 1 0.2
v 0.9 1.1 0.2
v 1 1.1 0.2
v 1 1 0.2
v 1 1.1 0.3
v 1 1 0.3
v 1.1 1 0.3
v 1.1 1.1 0.3
v 1 1 0.2
v 1 1.1 0.2
v 1.1 1.1 0.2
v 1.1 1 0.2
v 1.2 1 0.3
v 1.2 1 0.2
v 1.2 1.1 0.2
v 1.2 1.1 0.3
v 1.1 1.1 0.3
v 1.1 1 0.3
v 1.2 1 0.3
v 1.2 1.1 0.3
v 1.1 1 0.2
v 1.1 1.1 0.2
v 1.2 1.1 0.2
v 1.2 1 0.2
v -1.2 1 0.1
v -1.2 1 0
v -1.2 0.9 0
v -1.2 0.9 0.1
v -1.2 1 0.1
v -1.2 0.9 0.1
v -1.1 0.9 0.1
v -1.1 1 0.1
v -1.2 0.9 0
v -1.2 1 0
v -1.1 1 0
v -1.1 0.9 0
v -1.2 0.9 0.1
v -1.2 0.9 0
v -1.1 0.9 0
v -1.1 0.9 0.1
v -1.1 1 0.1
v -1.1 0.9 0.1
v -1 0.9 0.1
v -1 1 0.1
v -1.1 0.9 0
v -1.1 1 0
v -1 1 0
v -1 0.9 0
v -1.1 0.9 0.1
v -1.1 0.9 0
v -1 0.9 0
v -1 0.9 0.1
v -1 1 0.1
v -1 0.9 0.1
v -0.9 0.9 0.1
v -0.9 1 0.1
v -1 0.9 0
v -1 1 0
v -0.9 1 0
v -0.9 0.9 0
v -1 0.9 0.1
v -1 0.9 0
v -0.9 0.9 0
v -0.9 0.9 0.1
v -0.9 1 0.1
v -0.9 0.9 0.1
v -0.8 0.9 0.1
v -0.8 1 0.1
v -0.9 0.9 0
v -0.9 1 0
v -0.8 1 0
v -0.8 0.9 0
v -0.9 0.9 0.1
v -0.9 0.9 0
v -0.8 0.9 0
v -0.8 0.9 0.1
v -0.8 1 0.1
v -0.8 0.9 0.1
v -0.7 0.9 0.1
v -0.7 1 0.1
v -0.8 0.9 0
v -0.8 1 0
v -0.7 1 0
v -0.7 0.9 0
v -0.8 0.9 0.1
v -0.8 0.9 0
v -0.7 0.9 0
v -0.7 0.9 0.1
v -0.7 1 0.1
v -0.7 0.9 0.1
v -0.6 0.9 0.1
v -0.6 1 0.1
v -0.7 0.9 0
v -0.7 1 0
v -0.6 1 0
v -0.6 0.9 0
v -0.7 0.9 0.1
v -0.7 0.9 0
v -0.6 0.9 0
v -0.6 0.9 0.1
v -0.6 1 0.1
v -0.6 0.9 0.1
v -0.5 0.9 0.1
v -0.5 1 0.1
v -0.6 0.9 0
v -0.6 1 0
v -0.5 1 0
v -0.5 0.9 0
v -0.6 0.9 0.1
v -0.6 0.9 0
v -0.5 0.9 0
v -0.5 0.9 0.1
v -0.5 1 0.1
v -0.5 0.9 0.1
v -0.4 0.9 0.1
v -0.4 1 0.1
v -0.5 0.9 0
v -0.5 1 0
v -0.4 1 0
v -0.4 0.9 0
v -0.5 0.9 0.1
v -0.5 0.9 0
v -0.4 0.9 0
v -0.4 0.9 0.1
v -0.4 1 0.1
v -0.4 0.9 0.1
v -0.3 0.9 0.1
v -0.3 1 0.1
v -0.4 0.9 0
v -0.4 1 0
v -0.3 1 0
v -0.3 0.9 0
v -0.4 0.9 0.1
v -0.4 0.9 0
v -0.3 0.9 0
v -0.3 0.9 0.1
v -0.3 1 0.1
v -0.3 0.9 0.1
v -0.2 0.9 0.1
v -0.2 1 0.1
v -0.3 0.9 0
v -0.3 1 0
v -0.2 1 0
v -0.2 0.9 0
v -0.3 0.9 0.1
v -0.3 0.9 0
v -0.2 0.9 0
v -0.2 0.9 0.1
v -0.2 1 0.1
v -0.2 0.9 0.1
v -0.1 0.9 0.1
v -0.1 1 0.1
v -0.2 0.9 0
v -0.2 1 0
v -0.1 1 0
v -0.1 0.9 0
v -0.2 0.9 0.1
v -0.2 0.9 0
v -0.1 0.9 0
v -0.1 0.9 0.1
v -0.1 1 0.1
v -0.1 0.9 0.1
v 0 0.9 0.1
v 0 1 0.1
v -0.1 0.9 0
v -0.1 1 0
v 0 1 0
v 0 0.9 0
v -0.1 0.9 0.1
v -0.1 0.9 0
v 0 0.9 0
v 0 0.9 0.1
v 0 1 0.1
v 0 0.9 0.1
v 0.1 0.9 0.1
v 0.1 1 0.1
v 0 0.9 0
v 0 1 0
v 0.1 1 0
v 0.1 0.9 0
v 0 0.9 0.1
v 0 0.9 0
v 0.1 0.9 0
v 0.1 0.9 0.1
v 0.1 1 0.1
v 0.1 0.9 0.1
v 0.2 0.9 0.1
v 0.2 1 0.1
v 0.1 0.9 0
v 0.1 1 0
v 0.2 1 0
v 0.2 0.9 0
v 0.1 0.9 0.1
v 0.1 0.9 0
v 0.2 0.9 0
v 0.2 0.9 0.1
v 0.3 0.9 0.1
v 0.3 0.9 0
v 0.3 1 0
v 0.3 1 0.1
v 0.2 1 0.1
v 0.2 0.9 0.1
v 0.3 0.9 0.1
v 0.3 1 0.1
v 0.2 0.9 0
v 0.2 1 0
v 0.3 1 0
v 0.3 0.9 0
v 0.2 0.9 0.1
v 0.2 0.9 0
v 0.3 0.9 0
v 0.3 0.9 0.1
v 0.3 1 0.3
v 0.3 1 0.2
v 0.3 0.9 0.2
v 0.3 0.9 0.3
v 0.3 1 0.3
v 0.3 0.9 0.3
v 0.4 0.9 0.3
v 0.4 1 0.3
v 0.3 0.9 0.2
v 0.3 1 0.2
v 0.4 1 0.2
v 0.4 0.9 0.2
v 0.4 1 0.3
v 0.4 0.9 0.3
v 0.5 0.9 0.3
v 0.5 1 0.3
v 0.4 0.9 0.2
v 0.4 1 0.2
v 0.5 1 0.2
v 0.5 0.9 0.2
v 0.5 1 0.3
v 0.5 0.9 0.3
v 0.6 0.9 0.3
v 0.6 1 0.3
v 0.5 0.9 0.2
v 0.5 1 0.2
v 0.6 1 0.2
v 0.6 0.9 0.2
v 0.6 1 0.3
v 0.6 0.9 0.3
v 0.7 0.9 0.3
v 0.7 1 0.3
v 0.6 0.9 0.2
v 0.6 1 0.2
v 0.7 1 0.2
v 0.7 0.9 0.2
v 0.7 1 0.3
v 0.7 0.9 0.3
v 0.8 0.9 0.3
v 0.8 1 0.3
v 0.7 0.9 0.2
v 0.7 1 0.2
v 0.8 1 0.2
v 0.8 0.9 0.2
v 0.8 1 0.3
v 0.8 0.9 0.3
v 0.9 0.9 0.3
v 0.9 1 0.3
v 0.8 0.9 0.2
v 0.8 1 0.2
v 0.9 1 0.2
v 0.9 0.9 0.2
v 0.9 1 0.3
v 0.9 0.9 0.3
v 1 0.9 0.3
v 1 1 0.3
v 0.9 0.9 0.2
v 0.9 1 0.2
v 1 1 0.2
v 1 0.9 0.2
v 1 1 0.3
v 1 0.9 0.3
v 1.1 0.9 0.3
v 1.1 1 0.3
v 1 0.9 0.2
v 1 1 0.2
v 1.1 1 0.2
v 1.1 0.9 0.2
v 1.2 0.9 0.3
v 1.2 0.9 0.2
v 1.2 1 0.2
v 1.2 1 0.3
v 1.1 1 0.3
v 1.1 0.9 0.3
v 1.2 0.9 0.3
v 1.2 1 0.3
v 1.1 0.9 0.2
v 1.1 1 0.2
v 1.2 1 0.2
v 1.2 0.9 0.2
v -1.2 0.9 0.3
v -1.2 0.9 0.2
v -1.2 0.8 0.2
v -1.2 0.8 0.3
v -1.2 0.9 0.3
v -1.2 0.8 0.3
v -1.1 0.8 0.3
v -1.1 0.9 0.3
v -1.2 0.8 0.2
v -1.2 0.9 0.2
v -1.1 0.9 0.2
v -1.1 0.8 0.2
v -1.1 0.9 0.3
v -1.1 0.9 0.2
v -1.2 0.9 0.2
v -1.2 0.9 0.3
v -1.1 0.9 0.3
v -1.1 0.8 0.3
v -1 0.8 0.3
v -1 0.9 0.3
v -1.1 0.8 0.2
v -1.1 0.9 0.2
v -1 0.9 0.2
v -1 0.8 0.2
v -1 0.9 0.3
v -1 0.9 0.2
v -1.1 0.9 0.2
v -1.1 0.9 0.3
v -1 0.9 0.3
v -1 0.8 0.3
v -0.9 0.8 0.3
v -0.9 0.9 0.3
v -1 0.8 0.2
v -1 0.9 0.2
v -0.9 0.9 0.2
v -0.9 0.8 0.2
v -0.9 0.9 0.3
v -0.9 0.9 0.2
v -1 0.9 0.2
v -1 0.9 0.3
v -0.9 0.9 0.3
v -0.9 0.8 0.3
v -0.8 0.8 0.3
v -0.8 0.9 0.3
v -0.9 0.8 0.2
v -0.9 0.9 0.2
v -0.8 0.9 0.2
v -0.8 0.8 0.2
v -0.8 0.9 0.3
v -0.8 0.9 0.2
v -0.9 0.9 0.2
v -0.9 0.9 0.3
v -0.8 0.9 0.3
v -0.8 0.8 0.3
v -0.7 0.8 0.3
v -0.7 0.9 0.3
v -0.8 0.8 0.2
v -0.8 0.9 0.2
v -0.7 0.9 0.2
v -0.7 0.8 0.2
v -0.7 0.9 0.3
v -0.7 0.9 0.2
v -0.8 0.9 0.2
v -0.8 0.9 0.3
v -0.7 0.9 0.3
v -0.7 0.8 0.3
v -0.6 0.8 0.3
v -0.6 0.9 0.3
v -0.7 0.8 0.2
v -0.7 0.9 0.2
v -0.6 0.9 0.2
v -0.6 0.8 0.2
v -0.6 0.9 0.3
v -0.6 0.9 0.2
v -0.7 0.9 0.2
v -0.7 0.9 0.3
v -0.6 0.9 0.3
v -0.6 0.8 0.3
v -0.5 0.8 0.3
v -0.5 0.9 0.3
v -0.6 0.8 0.2
v -0.6 0.9 0.2
v -0.5 0.9 0.2
v -0.5 0.8 0.2
v -0.5 0.9 0.3
v -0.5 0.9 0.2
v -0.6 0.9 0.2
v -0.6 0.9 0.3
v -0.5 0.9 0.3
v -0.5 0.8 0.3
v -0.4 0.8 0.3
v -0.4 0.9 0.3
v -0.5 0.8 0.2
v -0.5 0.9 0.2
v -0.4 0.9 0.2
v -0.4 0.8 0.2
v -0.4 0.9 0.3
v -0.4 0.9 0.2
v -0.5 0.9 0.2
v -0.5 0.9 0.3
v -0.4 0.9 0.3
v -0.4 0.8 0.3
v -0.3 0.8 0.3
v -0.3 0.9 0.3
v -0.4 0.8 0.2
v -0.4 0.9 0.2
v -0.3 0.9 0.2
v -0.3 0.8 0.2
v -0.3 0.9 0.3
v -0.3 0.9 0.2
v -0.4 0.9 0.2
v -0.4 0.9 0.3
v -0.3 0.9 0.3
v -0.3 0.8 0.3
v -0.2 0.8 0.3
v -0.2 0.9 0.3
v -0.3 0.8 0.2
v -0.3 0.9 0.2
v -0.2 0.9 0.2
v -0.2 0.8 0.2
v -0.2 0.9 0.3
v -0.2 0.9 0.2
v -0.3 0.9 0.2
v -0.3 0.9 0.3
v -0.2 0.9 0.3
v -0.2 0.8 0.3
v -0.1 0.8 0.3
v -0.1 0.9 0.3
v -0.2 0.8 0.2
v -0.2 0.9 0.2
v -0.1 0.9 0.2
v -0.1 0.8 0.2
v -0.1 0.9 0.3
v -0.1 0.9 0.2
v -0.2 0.9 0.2
v -0.2 0.9 0.3
v -0.1 0.9 0.3
v -0.1 0.8 0.3
v 0 0.8 0.3
v 0 0.9 0.3
v -0.1 0.8 0.2
v -0.1 0.9 0.2
v 0 0.9 0.2
v 0 0.8 0.2
v 0 0.9 0.3
v 0 0.9 0.2
v -0.1 0.9 0.2
v -0.1 0.9 0.3
v 0 0.9 0.3
v 0 0.8 0.3
v 0.1 0.8 0.3
v 0.1 0.9 0.3
v 0 0.8 0.2
v 0 0.9 0.2
v 0.1 0.9 0.2
v 0.1 0.8 0.2
v 0.1 0.9 0.3
v 0.1 0.9 0.2
v 0 0.9 0.2
v 0 0.9 0.3
v 0.1 0.9 0.3
v 0.1 0.8 0.3
v 0.2 0.8 0.3
v 0.2 0.9 0.3
v 0.1 0.8 0.2
v 0.1 0.9 0.2
v 0.2 0.9 0.2
v 0.2 0.8 0.2
v 0.2 0.9 0.3
v 0.2 0.9 0.2
v 0.1 0.9 0.2
v 0.1 0.9 0.3
v 0.2 0.9 0.3
v 0.2 0.8 0.3
v 0.3 0.8 0.3
v 0.3 0.9 0.3
v 0.2 0.8 0.2
v 0.2 0.9 0.2
v 0.3 0.9 0.2
v 0.3 0.8 0.2
v 0.3 0.9 0.3
v 0.3 0.9 0.2
v 0.2 0.9 0.2
v 0.2 0.9 0.3
v 0.3 0.9 0.3
v 0.3 0.8 0.3
v 0.4 0.8 0.3
v 0.4 0.9 0.3
v 0.3 0.8 0.2
v 0.3 0.9 0.2
v 0.4 0.9 0.2
v 0.4 0.8 0.2
v 0.4 0.9 0.3
v 0.4 0.8 0.3
v 0.5 0.8 0.3
v 0.5 0.9 0.3
v 0.4 0.8 0.2
v 0.4 0.9 0.2
v 0.5 0.9 0.2
v 0.5 0.8 0.2
v 0.5 0.9 0.3
v 0.5 0.8 0.3
v 0.6 0.8 0.3
v 0.6 0.9 0.3
v 0.5 0.8 0.2
v 0.5 0.9 0.2
v 0.6 0.9 0.2
v 0.6 0.8 0.2
v 0.6 0.9 0.3
v 0.6 0.8 0.3
v 0.7 0.8 0.3
v 0.7 0.9 0.3
v 0.6 0.8 0.2
v 0.6 0.9 0.2
v 0.7 0.9 0.2
v 0.7 0.8 0.2
v 0.7 0.9 0.3
v 0.7 0.8 0.3
v 0.8 0.8 0.3
v 0.8 0.9 0.3
v 0.7 0.8 0.2
v 0.7 0.9 0.2
v 0.8 0.9 0.2
v 0.8 0.8 0.2
v 0.8 0.9 0.3
v 0.8 0.8 0.3
v 0.9 0.8 0.3
v 0.9 0.9 0.3
v 0.8 0.8 0.2
v 0.8 0.9 0.2
v 0.9 0.9 0.2
v 0.9 0.8 0.2
v 0.9 0.9 0.3
v 0.9 0.8 0.3
v 1 0.8 0.3
v 1 0.9 0.3
v 0.9 0.8 0.2
v 0.9 0.9 0.2
v 1 0.9 0.2
v 1 0.8 0.2
v 1 0.9 0.3
v 1 0.8 0.3
v 1.1 0.8 0.3
v 1.1 0.9 0.3
v 1 0.8 0.2
v 1 0.9 0.2
v 1.1 0.9 0.2
v 1.1 0.8 0.2
v 1.2 0.8 0.3
v 1.2 0.8 0.2
v 1.2 0.9 0.2
v 1.2 0.9 0.3
v 1.1 0.9 0.3
v 1.1 0.8 0.3
v 1.2 0.8 0.3
v 1.2 0.9 0.3
v 1.1 0.8 0.2
v 1.1 0.9 0.2
v 1.2 0.9 0.2
v 1.2 0.8 0.2
v -1.2 0.8 0.3
v -1.2 0.8 0.2
v -1.2 0.7 0.2
v -1.2 0.7 0.3
v -1.2 0.8 0.3
v -1.2 0.7 0.3
v -1.1 0.7 0.3
v -1.1 0.8 0.3
v -1.2 0.7 0.2
v -1.2 0.8 0.2
v -1.1 0.8 0.2
v -1.1 0.7 0.2
v -1.1 0.8 0.3
v -1.1 0.7 0.3
v -1 0.7 0.3
v -1 0.8 0.3
v -1.1 0.7 0.2
v -1.1 0.8 0.2
v -1 0.8 0.2
v -1 0.7 0.2
v -1 0.8 0.3
v -1 0.7 0.3
v -0.9 0.7 0.3
v -0.9 0.8 0.3
v -1 0.7 0.2
v -1 0.8 0.2
v -0.9 0.8 0.2
v -0.9 0.7 0.2
v -0.9 0.8 0.3
v -0.9 0.7 0.3
v -0.8 0.7 0.3
v -0.8 0.8 0.3
v -0.9 0.7 0.2
v -0.9 0.8 0.2
v -0.8 0.8 0.2
v -0.8 0.7 0.2
v -0.8 0.8 0.3
v -0.8 0.7 0.3
v -0.7 0.7 0.3
v -0.7 0.8 0.3
v -0.8 0.7 0.2
v -0.8 0.8 0.2
v -0.7 0.8 0.2
v -0.7 0.7 0.2
v -0.7 0.8 0.3
v -0.7 0.7 0.3
v -0.6 0.7 0.3
v -0.6 0.8 0.3
v -0.7 0.7 0.2
v -0.7 0.8 0.2
v -0.6 0.8 0.2
v -0.6 0.7 0.2
v -0.6 0.8 0.3
v -0.6 0.7 0.3
v -0.5 0.7 0.3
v -0.5 0.8 0.3
v -0.6 0.7 0.2
v -0.6 0.8 0.2
v -0.5 0.8 0.2
v -0.5 0.7 0.2
v -0.5 0.8 0.3
v -0.5 0.7 0.3
v -0.4 0.7 0.3
v -0.4 0.8 0.3
v -0.5 0.7 0.2
v -0.5 0.8 0.2
v -0.4 0.8 0.2
v -0.4 0.7 0.2
v -0.4 0.8 0.3
v -0.4 0.7 0.3
v -0.3 0.7 0.3
v -0.3 0.8 0.3
v -0.4 0.7 0.2
v -0.4 0.8 0.2
v -0.3 0.8 0.2
v -0.3 0.7 0.2
v -0.3 0.8 0.3
v -0.3 0.7 0.3
v -0.2 0.7 0.3
v -0.2 0.8 0.3
v -0.3 0.7 0.2
v -0.3 0.8 0.2
v -0.2 0.8 0.2
v -0.2 0.7 0.2
v -0.2 0.8 0.3
v -0.2 0.7 0.3
v -0.1 0.7 0.3
v -0.1 0.8 0.3
v -0.2 0.7 0.2
v -0.2 0.8 0.2
v -0.1 0.8 0.2
v -0.1 0.7 0.2
v -0.1 0.8 0.3
v -0.1 0.7 0.3
v 0 0.7 0.3
v 0 0.8 0.3
v -0.1 0.7 0.2
v -0.1 0.8 0.2
v 0 0.8 0.2
v 0 0.7 0.2
v 0 0.8 0.3
v 0 0.7 0.3
v 0.1 0.7 0.3
v 0.1 0.8 0.3
v 0 0.7 0.2
v 0 0.8 0.2
v 0.1 0.8 0.2
v 0.1 0.7 0.2
v 0.1 0.8 0.3
v 0.1 0.7 0.3
v 0.2 0.7 0.3
v 0.2 0.8 0.3
v 0.1 0.7 0.2
v 0.1 0.8 0.2
v 0.2 0.8 0.2
v 0.2 0.7 0.2
v 0.2 0.8 0.3
v 0.2 0.7 0.3
v 0.3 0.7 0.3
v 0.3 0.8 0.3
v 0.2 0.7 0.2
v 0.2 0.8 0.2
v 0.3 0.8 0.2
v 0.3 0.7 0.2
v 0.3 0.8 0.3
v 0.3 0.7 0.3
v 0.4 0.7 0.3
v 0.4 0.8 0.3
v 0.3 0.7 0.2
v 0.3 0.8 0.2
v 0.4 0.8 0.2
v 0.4 0.7 0.2
v 0.4 0.8 0.3
v 0.4 0.7 0.3
v 0.5 0.7 0.3
v 0.5 0.8 0.3
v 0.4 0.7 0.2
v 0.4 0.8 0.2
v 0.5 0.8 0.2
v 0.5 0.7 0.2
v 0.5 0.8 0.3
v 0.5 0.7 0.3
v 0.6 0.7 0.3
v 0.6 0.8 0.3
v 0.5 0.7 0.2
v 0.5 0.8 0.2
v 0.6 0.8 0.2
v 0.6 0.7 0.2
v 0.6 0.8 0.3
v 0.6 0.7 0.3
v 0.7 0.7 0.3
v 0.7 0.8 0.3
v 0.6 0.7 0.2
v 0.6 0.8 0.2
v 0.7 0.8 0.2
v 0.7 0.7 0.2
v 0.7 0.8 0.3
v 0.7 0.7 0.3
v 0.8 0.7 0.3
v 0.8 0.8 0.3
v 0.7 0.7 0.2
v 0.7 0.8 0.2
v 0.8 0.8 0.2
v 0.8 0.7 0.2
v 0.8 0.8 0.3
v 0.8 0.7 0.3
v 0.9 0.7 0.3
v 0.9 0.8 0.3
v 0.8 0.7 0.2
v 0.8 0.8 0.2
v 0.9 0.8 0.2
v 0.9 0.7 0.2
v 0.9 0.8 0.3
v 0.9 0.7 0.3
v 1 0.7 0.3
v 1 0.8 0.3
v 0.9 0.7 0.2
v 0.9 0.8 0.2
v 1 0.8 0.2
v 1 0.7 0.2
v 1 0.8 0.3
v 1 0.7 0.3
v 1.1 0.7 0.3
v 1.1 0.8 0.3
v 1 0.7 0.2
v 1 0.8 0.2
v 1.1 0.8 0.2
v 1.1 0.7 0.2
v 1.2 0.7 0.3
v 1.2 0.7 0.2
v 1.2 0.8 0.2
v 1.2 0.8 0.3
v 1.1 0.8 0.3
v 1.1 0.7 0.3
v 1.2 0.7 0.3
v 1.2 0.8 0.3
v 1.1 0.7 0.2
v 1.1 0.8 0.2
v 1.2 0.8 0.2
v 1.2 0.7 0.2
v -1.2 0.7 0.3
v -1.2 0.7 0.2
v -1.2 0.6 0.2
v -1.2 0.6 0.3
v -1.2 0.7 0.3
v -1.2 0.6 0.3
v -1.1 0.6 0.3
v -1.1 0.7 0.3
v -1.2 0.6 0.2
v -1.2 0.7 0.2
v -1.1 0.7 0.2
v -1.1 0.6 0.2
v -1.1 0.7 0.3
v -1.1 0.6 0.3
v -1 0.6 0.3
v -1 0.7 0.3
v -1.1 0.6 0.2
v -1.1 0.7 0.2
v -1 0.7 0.2
v -1 0.6 0.2
v -1 0.7 0.3
v -1 0.6 0.3
v -0.9 0.6 0.3
v -0.9 0.7 0.3
v -1 0.6 0.2
v -1 0.7 0.2
v -0.9 0.7 0.2
v -0.9 0.6 0.2
v -0.9 0.7 0.3
v -0.9 0.6 0.3
v -0.8 0.6 0.3
v -0.8 0.7 0.3
v -0.9 0.6 0.2
v -0.9 0.7 0.2
v -0.8 0.7 0.2
v -0.8 0.6 0.2
v -0.8 0.7 0.3
v -0.8 0.6 0.3
v -0.7 0.6 0.3
v -0.7 0.7 0.3
v -0.8 0.6 0.2
v -0.8 0.7 0.2
v -0.7 0.7 0.2
v -0.7 0.6 0.2
v -0.7 0.7 0.3
v -0.7 0.6 0.3
v -0.6 0.6 0.3
v -0.6 0.7 0.3
v -0.7 0.6 0.2
v -0.7 0.7 0.2
v -0.6 0.7 0.2
v -0.6 0.6 0.2
v -0.6 0.7 0.3
v -0.6 0.6 0.3
v -0.5 0.6 0.3
v -0.5 0.7 0.3
v -0.6 0.6 0.2
v -0.6 0.7 0.2
v -0.5 0.7 0.2
v -0.5 0.6 0.2
v -0.5 0.7 0.3
v -0.5 0.6 0.3
v -0.4 0.6 0.3
v -0.4 0.7 0.3
v -0.5 0.6 0.2
v -0.5 0.7 0.2
v -0.4 0.7 0.2
v -0.4 0.6 0.2
v -0.4 0.7 0.3
v -0.4 0.6 0.3
v -0.3 0.6 0.3
v -0.3 0.7 0.3
v -0.4 0.6 0.2
v -0.4 0.7 0.2
v -0.3 0.7 0.2
v -0.3 0.6 0.2
v -0.3 0.7 0.3
v -0.3 0.6 0.3
v -0.2 0.6 0.3
v -0.2 0.7 0.3
v -0.3 0.6 0.2
v -0.3 0.7 0.2
v -0.2 0.7 0.2
v -0.2 0.6 0.2
v -0.2 0.7 0.3
v -0.2 0.6 0.3
v -0.1 0.6 0.3
v -0.1 0.7 0.3
v -0.2 0.6 0.2
v -0.2 0.7 0.2
v -0.1 0.7 0.2
v -0.1 0.6 0.2
v -0.1 0.7 0.3
v -0.1 0.6 0.3
v 0 0.6 0.3
v 0 0.7 0.3
v -0.1 0.6 0.2
v -0.1 0.7 0.2
v 0 0.7 0.2
v 0 0.6 0.2
v 0 0.7 0.3
v 0 0.6 0.3
v 0.1 0.6 0.3
v 0.1 0.7 0.3
v 0 0.6 0.2
v 0 0.7 0.2
v 0.1 0.7 0.2
v 0.1 0.6 0.2
v 0.1 0.7 0.3
v 0.1 0.6 0.3
v 0.2 0.6 0.3
v 0.2 0.7 0.3
v 0.1 0.6 0.2
v 0.1 0.7 0.2
v 0.2 0.7 0.2
v 0.2 0.6 0.2
v 0.2 0.7 0.3
v 0.2 0.6 0.3
v 0.3 0.6 0.3
v 0.3 0.7 0.3
v 0.2 0.6 0.2
v 0.2 0.7 0.2
v 0.3 0.7 0.2
v 0.3 0.6 0.2
v 0.3 0.7 0.3
v 0.3 0.6 0.3
v 0.4 0.6 0.3
v 0.4 0.7 0.3
v 0.3 0.6 0.2
v 0.3 0.7 0.2
v 0.4 0.7 0.2
v 0.4 0.6 0.2
v 0.4 0.7 0.3
v 0.4 0.6 0.3
v 0.5 0.6 0.3
v 0.5 0.7 0.3
v 0.4 0.6 0.2
v 0.4 0.7 0.2
v 0.5 0.7 0.2
v 0.5 0.6 0.2
v 0.5 0.7 0.3
v 0.5 0.6 0.3
v 0.6 0.6 0.3
v 0.6 0.7 0.3
v 0.5 0.6 0.2
v 0.5 0.7 0.2
v 0.6 0.7 0.2
v 0.6 0.6 0.2
v 0.6 0.7 0.3
v 0.6 0.6 0.3
v 0.7 0.6 0.3
v 0.7 0.7 0.3
v 0.6 0.6 0.2
v 0.6 0.7 0.2
v 0.7 0.7 0.2
v 0.7 0.6 0.2
v 0.7 0.7 0.3
v 0.7 0.6 0.3
v 0.8 0.6 0.3
v 0.8 0.7 0.3
v 0.7 0.6 0.2
v 0.7 0.7 0.2
v 0.8 0.7 0.2
v 0.8 0.6 0.2
v 0.8 0.7 0.3
v 0.8 0.6 0.3
v 0.9 0.6 0.3
v 0.9 0.7 0.3
v 0.8 0.6 0.2
v 0.8 0.7 0.2
v 0.9 0.7 0.2
v 0.9 0.6 0.2
v 0.9 0.7 0.3
v 0.9 0.6 0.3
v 1 0.6 0.3
v 1 0.7 0.3
v 0.9 0.6 0.2
v 0.9 0.7 0.2
v 1 0.7 0.2
v 1 0.6 0.2
v 1 0.7 0.3
v 1 0.6 0.3
v 1.1 0.6 0.3
v 1.1 0.7 0.3
v 1 0.6 0.2
v 1 0.7 0.2
v 1.1 0.7 0.2
v 1.1 0.6 0.2
v 1.2 0.6 0.3
v 1.2 0.6 0.2
v 1.2 0.7 0.2
v 1.2 0.7 0.3
v 1.1 0.7 0.3
v 1.1 0.6 0.3
v 1.2 0.6 0.3
v 1.2 0.7 0.3
v 1.1 0.6 0.2
v 1.1 0.7 0.2
v 1.2 0.7 0.2
v 1.2 0.6 0.2
v -1.2 0.6 0.3
v -1.2 0.6 0.2
v -1.2 0.5 0.2
v -1.2 0.5 0.3
v -1.2 0.6 0.3
v -1.2 0.5 0.3
v -1.1 0.5 0.3
v -1.1 0.6 0.3
v -1.2 0.5 0.2
v -1.2 0.6 0.2
v -1.1 0.6 0.2
v -1.1 0.5 0.2
v -1.1 0.6 0.3
v -1.1 0.5 0.3
v -1 0.5 0.3
v -1 0.6 0.3
v -1.1 0.5 0.2
v -1.1 0.6 0.2
v -1 0.6 0.2
v -1 0.5 0.2
v -1 0.6 0.3
v -1 0.5 0.3
v -0.9 0.5 0.3
v -0.9 0.6 0.3
v -1 0.5 0.2
v -1 0.6 0.2
v -0.9 0.6 0.2
v -0.9 0.5 0.2
v -0.9 0.6 0.3
v -0.9 0.5 0.3
v -0.8 0.5 0.3
v -0.8 0.6 0.3
v -0.9 0.5 0.2
v -0.9 0.6 0.2
v -0.8 0.6 0.2
v -0.8 0.5 0.2
v -0.8 0.6 0.3
v -0.8 0.5 0.3
v -0.7 0.5 0.3
v -0.7 0.6 0.3
v -0.8 0.5 0.2
v -0.8 0.6 0.2
v -0.7 0.6 0.2
v -0.7 0.5 0.2
v -0.7 0.6 0.3
v -0.7 0.5 0.3
v -0.6 0.5 0.3
v -0.6 0.6 0.3
v -0.7 0.5 0.2
v -0.7 0.6 0.2
v -0.6 0.6 0.2
v -0.6 0.5 0.2
v -0.6 0.6 0.3
v -0.6 0.5 0.3
v -0.5 0.5 0.3
v -0.5 0.6 0.3
v -0.6 0.5 0.2
v -0.6 0.6 0.2
v -0.5 0.6 0.2
v -0.5 0.5 0.2
v -0.5 0.6 0.3
v -0.5 0.5 0.3
v -0.4 0.5 0.3
v -0.4 0.6 0.3
v -0.5 0.5 0.2
v -0.5 0.6 0.2
v -0.4 0.6 0.2
v -0.4 0.5 0.2
v -0.4 0.6 0.3
v -0.4 0.5 0.3
v -0.3 0.5 0.3
v -0.3 0.6 0.3
v -0.4 0.5 0.2
v -0.4 0.6 0.2
v -0.3 0.6 0.2
v -0.3 0.5 0.2
v -0.3 0.6 0.3
v -0.3 0.5 0.3
v -0.2 0.5 0.3
v -0.2 0.6 0.3
v -0.3 0.5 0.2
v -0.3 0.6 0.2
v -0.2 0.6 0.2
v -0.2 0.5 0.2
v -0.2 0.6 0.3
v -0.2 0.5 0.3
v -0.1 0.5 0.3
v -0.1 0.6 0.3
v -0.2 0.5 0.2
v -0.2 0.6 0.2
v -0.1 0.6 0.2
v -0.1 0.5 0.2
v -0.1 0.6 0.3
v -0.1 0.5 0.3
v 0 0.5 0.3
v 0 0.6 0.3
v -0.1 0.5 0.2
v -0.1 0.6 0.2
v 0 0.6 0.2
v 0 0.5 0.2
v 0 0.6 0.3
v 0 0.5 0.3
v 0.1 0.5 0.3
v 0.1 0.6 0.3
v 0 0.5 0.2
v 0 0.6 0.2
v 0.1 0.6 0.2
v 0.1 0.5 0.2
v 0.1 0.6 0.3
v 0.1 0.5 0.3
v 0.2 0.5 0.3
v 0.2 0.6 0.3
v 0.1 0.5 0.2
v 0.1 0.6 0.2
v 0.2 0.6 0.2
v 0.2 0.5 0.2
v 0.2 0.6 0.3
v 0.2 0.5 0.3
v 0.3 0.5 0.3
v 0.3 0.6 0.3
v 0.2 0.5 0.2
v 0.2 0.6 0.2
v 0.3 0.6 0.2
v 0.3 0.5 0.2
v 0.3 0.6 0.3
v 0.3 0.5 0.3
v 0.4 0.5 0.3
v 0.4 0.6 0.3
v 0.3 0.5 0.2
v 0.3 0.6 0.2
v 0.4 0.6 0.2
v 0.4 0.5 0.2
v 0.4 0.6 0.3
v 0.4 0.5 0.3
v 0.5 0.5 0.3
v 0.5 0.6 0.3
v 0.4 0.5 0.2
v 0.4 0.6 0.2
v 0.5 0.6 0.2
v 0.5 0.5 0.2
v 0.5 0.6 0.3
v 0.5 0.5 0.3
v 0.6 0.5 0.3
v 0.6 0.6 0.3
v 0.5 0.5 0.2
v 0.5 0.6 0.2
v 0.6 0.6 0.2
v 0.6 0.5 0.2
v 0.6 0.6 0.3
v 0.6 0.5 0.3
v 0.7 0.5 0.3
v 0.7 0.6 0.3
v 0.6 0.5 0.2
v 0.6 0.6 0.2
v 0.7 0.6 0.2
v 0.7 0.5 0.2
v 0.7 0.6 0.3
v 0.7 0.5 0.3
v 0.8 0.5 0.3
v 0.8 0.6 0.3
v 0.7 0.5 0.2
v 0.7 0.6 0.2
v 0.8 0.6 0.2
v 0.8 0.5 0.2
v 0.8 0.6 0.3
v 0.8 0.5 0.3
v 0.9 0.5 0.3
v 0.9 0.6 0.3
v 0.8 0.5 0.2
v 0.8 0.6 0.2
v 0.9 0.6 0.2
v 0.9 0.5 0.2
v 0.9 0.6 0.3
v 0.9 0.5 0.3
v 1 0.5 0.3
v 1 0.6 0.3
v 0.9 0.5 0.2
v 0.9 0.6 0.2
v 1 0.6 0.2
v 1 0.5 0.2
v 1 0.6 0.3
v 1 0.5 0.3
v 1.1 0.5 0.3
v 1.1 0.6 0.3
v 1 0.5 0.2
v 1 0.6 0.2
v 1.1 0.6 0.2
v 1.1 0.5 0.2
v 1.2 0.5 0.3
v 1.2 0.5 0.2
v 1.2 0.6 0.2
v 1.2 0.6 0.3
v 1.1 0.6 0.3
v 1.1 0.5 0.3
v 1.2 0.5 0.3
v 1.2 0.6 0.3
v 1.1 0.5 0.2
v 1.1 0.6 0.2
v 1.2 0.6 0.2
v 1.2 0.5 0.2
v -1.2 0.5 0.3
v -1.2 0.5 0.2
v -1.2 0.4 0.2
v -1.2 0.4 0.3
v -1.2 0.5 0.3
v -1.2 0.4 0.3
v -1.1 0.4 0.3
v -1.1 0.5 0.3
v -1.2 0.4 0.2
v -1.2 0.5 0.2
v -1.1 0.5 0.2
v -1.1 0.4 0.2
v -1.1 0.5 0.3
v -1.1 0.4 0.3
v -1 0.4 0.3
v -1 0.5 0.3
v -1.1 0.4 0.2
v -1.1 0.5 0.2
v -1 0.5 0.2
v -1 0.4 0.2
v -1 0.5 0.3
v -1 0.4 0.3
v -0.9 0.4 0.3
v -0.9 0.5 0.3
v -1 0.4 0.2
v -1 0.5 0.2
v -0.9 0.5 0.2
v -0.9 0.4 0.2
v -0.9 0.5 0.3
v -0.9 0.4 0.3
v -0.8 0.4 0.3
v -0.8 0.5 0.3
v -0.9 0.4 0.2
v -0.9 0.5 0.2
v -0.8 0.5 0.2
v -0.8 0.4 0.2
v -0.8 0.5 0.3
v -0.8 0.4 0.3
v -0.7 0.4 0.3
v -0.7 0.5 0.3
v -0.8 0.4 0.2
v -0.8 0.5 0.2
v -0.7 0.5 0.2
v -0.7 0.4 0.2
v -0.7 0.5 0.3
v -0.7 0.4 0.3
v -0.6 0.4 0.3
v -0.6 0.5 0.3
v -0.7 0.4 0.2
v -0.7 0.5 0.2
v -0.6 0.5 0.2
v -0.6 0.4 0.2
v -0.6 0.5 0.3
v -0.6 0.4 0.3
v -0.5 0.4 0.3
v -0.5 0.5 0.3
v -0.6 0.4 0.2
v -0.6 0.5 0.2
v -0.5 0.5 0.2
v -0.5 0.4 0.2
v -0.5 0.5 0.3
v -0.5 0.4 0.3
v -0.4 0.4 0.3
v -0.4 0.5 0.3
v -0.5 0.4 0.2
v -0.5 0.5 0.2
v -0.4 0.5 0.2
v -0.4 0.4 0.2
v -0.4 0.5 0.3
v -0.4 0.4 0.3
v -0.3 0.4 0.3
v -0.3 0.5 0.3
v -0.4 0.4 0.2
v -0.4 0.5 0.2
v -0.3 0.5 0.2
v -0.3 0.4 0.2
v -0.3 0.5 0.3
v -0.3 0.4 0.3
v -0.2 0.4 0.3
v -0.2 0.5 0.3
v -0.3 0.4 0.2
v -0.3 0.5 0.2
v -0.2 0.5 0.2
v -0.2 0.4 0.2
v -0.2 0.5 0.3
v -0.2 0.4 0.3
v -0.1 0.4 0.3
v -0.1 0.5 0.3
v -0.2 0.4 0.2
v -0.2 0.5 0.2
v -0.1 0.5 0.2
v -0.1 0.4 0.2
v -0.1 0.5 0.3
v -0.1 0.4 0.3
v 0 0.4 0.3
v 0 0.5 0.3
v -0.1 0.4 0.2
v -0.1 0.5 0.2
v 0 0.5 0.2
v 0 0.4 0.2
v 0 0.5 0.3
v 0 0.4 0.3
v 0.1 0.4 0.3
v 0.1 0.5 0.3
v 0 0.4 0.2
v 0 0.5 0.2
v 0.1 0.5 0.2
v 0.1 0.4 0.2
v 0.1 0.5 0.3
v 0.1 0.4 0.3
v 0.2 0.4 0.3
v 0.2 0.5 0.3
v 0.1 0.4 0.2
v 0.1 0.5 0.2
v 0.2 0.5 0.2
v 0.2 0.4 0.2
v 0.2 0.5 0.3
v 0.2 0.4 0.3
v 0.3 0.4 0.3
v 0.3 0.5 0.3
v 0.2 0.4 0.2
v 0.2 0.5 0.2
v 0.3 0.5 0.2
v 0.3 0.4 0.2
v 0.3 0.5 0.3
v 0.3 0.4 0.3
v 0.4 0.4 0.3
v 0.4 0.5 0.3
v 0.3 0.4 0.2
v 0.3 0.5 0.2
v 0.4 0.5 0.2
v 0.4 0.4 0.2
v 0.4 0.5 0.3
v 0.4 0.4 0.3
v 0.5 0.4 0.3
v 0.5 0.5 0.3
v 0.4 0.4 0.2
v 0.4 0.5 0.2
v 0.5 0.5 0.2
v 0.5 0.4 0.2
v 0.5 0.5 0.3
v 0.5 0.4 0.3
v 0.6 0.4 0.3
v 0.6 0.5 0.3
v 0.5 0.4 0.2
v 0.5 0.5 0.2
v 0.6 0.5 0.2
v 0.6 0.4 0.2
v 0.6 0.5 0.3
v 0.6 0.4 0.3
v 0.7 0.4 0.3
v 0.7 0.5 0.3
v 0.6 0.4 0.2
v 0.6 0.5 0.2
v 0.7 0.5 0.2
v 0.7 0.4 0.2
v 0.7 0.5 0.3
v 0.7 0.4 0.3
v 0.8 0.4 0.3
v 0.8 0.5 0.3
v 0.7 0.4 0.2
v 0.7 0.5 0.2
v 0.8 0.5 0.2
v 0.8 0.4 0.2
v 0.8 0.5 0.3
v 0.8 0.4 0.3
v 0.9 0.4 0.3
v 0.9 0.5 0.3
v 0.8 0.4 0.2
v 0.8 0.5 0.2
v 0.9 0.5 0.2
v 0.9 0.4 0.2
v 0.9 0.5 0.3
v 0.9 0.4 0.3
v 1 0.4 0.3
v 1 0.5 0.3
v 0.9 0.4 0.2
v 0.9 0.5 0.2
v 1 0.5 0.2
v 1 0.4 0.2
v 1 0.5 0.3
v 1 0.4 0.3
v 1.1 0.4 0.3
v 1.1 0.5 0.3
v 1 0.4 0.2
v 1 0.5 0.2
v 1.1 0.5 0.2
v 1.1 0.4 0.2
v 1.2 0.4 0.3
v 1.2 0.4 0.2
v 1.2 0.5 0.2
v 1.2 0.5 0.3
v 1.1 0.5 0.3
v 1.1 0.4 0.3
v 1.2 0.4 0.3
v 1.2 0.5 0.3
v 1.1 0.4 0.2
v 1.1 0.5 0.2
v 1.2 0.5 0.2
v 1.2 0.4 0.2
v -1.2 0.4 0.3
v -1.2 0.4 0.2
v -1.2 0.3 0.2
v -1.2 0.3 0.3
v -1.2 0.4 0.3
v -1.2 0.3 0.3
v -1.1 0.3 0.3
v -1.1 0.4 0.3
v -1.2 0.3 0.2
v -1.2 0.4 0.2
v -1.1 0.4 0.2
v -1.1 0.3 0.2
v -1.1 0.4 0.3
v -1.1 0.3 0.3
v -1 0.3 0.3
v -1 0.4 0.3
v -1.1 0.3 0.2
v -1.1 0.4 0.2
v -1 0.4 0.2
v -1 0.3 0.2
v -1 0.4 0.3
v -1 0.3 0.3
v -0.9 0.3 0.3
v -0.9 0.4 0.3
v -1 0.3 0.2
v -1 0.4 0.2
v -0.9 0.4 0.2
v -0.9 0.3 0.2
v -0.9 0.4 0.3
v -0.9 0.3 0.3
v -0.8 0.3 0.3
v -0.8 0.4 0.3
v -0.9 0.3 0.2
v -0.9 0.4 0.2
v -0.8 0.4 0.2
v -0.8 0.3 0.2
v -0.8 0.4 0.3
v -0.8 0.3 0.3
v -0.7 0.3 0.3
v -0.7 0.4 0.3
v -0.8 0.3 0.2
v -0.8 0.4 0.2
v -0.7 0.4 0.2
v -0.7 0.3 0.2
v -0.7 0.4 0.3
v -0.7 0.3 0.3
v -0.6 0.3 0.3
v -0.6 0.4 0.3
v -0.7 0.3 0.2
v -0.7 0.4 0.2
v -0.6 0.4 0.2
v -0.6 0.3 0.2
v -0.6 0.4 0.3
v -0.6 0.3 0.3
v -0.5 0.3 0.3
v -0.5 0.4 0.3
v -0.6 0.3 0.2
v -0.6 0.4 0.2
v -0.5 0.4 0.2
v -0.5 0.3 0.2
v -0.5 0.4 0.3
v -0.5 0.3 0.3
v -0.4 0.3 0.3
v -0.4 0.4 0.3
v -0.5 0.3 0.2
v -0.5 0.4 0.2
v -0.4 0.4 0.2
v -0.4 0.3 0.2
v -0.4 0.4 0.3
v -0.4 0.3 0.3
v -0.3 0.3 0.3
v -0.3 0.4 0.3
v -0.4 0.3 0.2
v -0.4 0.4 0.2
v -0.3 0.4 0.2
v -0.3 0.3 0.2
v -0.3 0.4 0.3
v -0.3 0.3 0.3
v -0.2 0.3 0.3
v -0.2 0.4 0.3
v -0.3 0.3 0.2
v -0.3 0.4 0.2
v -0.2 0.4 0.2
v -0.2 0.3 0.2
v -0.2 0.4 0.3
v -0.2 0.3 0.3
v -0.1 0.3 0.3
v -0.1 0.4 0.3
v -0.2 0.3 0.2
v -0.2 0.4 0.2
v -0.1 0.4 0.2
v -0.1 0.3 0.2
v -0.1 0.4 0.3
v -0.1 0.3 0.3
v 0 0.3 0.3
v 0 0.4 0.3
v -0.1 0.3 0.2
v -0.1 0.4 0.2
v 0 0.4 0.2
v 0 0.3 0.2
v 0 0.4 0.3
v 0 0.3 0.3
v 0.1 0.3 0.3
v 0.1 0.4 0.3
v 0 0.3 0.2
v 0 0.4 0.2
v 0.1 0.4 0.2
v 0.1 0.3 0.2
v 0.1 0.4 0.3
v 0.1 0.3 0.3
v 0.2 0.3 0.3
v 0.2 0.4 0.3
v 0.1 0.3 0.2
v 0.1 0.4 0.2
v 0.2 0.4 0.2
v 0.2 0.3 0.2
v 0.2 0.4 0.3
v 0.2 0.3 0.3
v 0.3 0.3 0.3
v 0.3 0.4 0.3
v 0.2 0.3 0.2
v 0.2 0.4 0.2
v 0.3 0.4 0.2
v 0.3 0.3 0.2
v 0.3 0.4 0.3
v 0.3 0.3 0.3
v 0.4 0.3 0.3
v 0.4 0.4 0.3
v 0.3 0.3 0.2
v 0.3 0.4 0.2
v 0.4 0.4 0.2
v 0.4 0.3 0.2
v 0.4 0.4 0.3
v 0.4 0.3 0.3
v 0.5 0.3 0.3
v 0.5 0.4 0.3
v 0.4 0.3 0.2
v 0.4 0.4 0.2
v 0.5 0.4 0.2
v 0.5 0.3 0.2
v 0.5 0.4 0.3
v 0.5 0.3 0.3
v 0.6 0.3 0.3
v 0.6 0.4 0.3
v 0.5 0.3 0.2
v 0.5 0.4 0.2
v 0.6 0.4 0.2
v 0.6 0.3 0.2
v 0.6 0.4 0.3
v 0.6 0.3 0.3
v 0.7 0.3 0.3
v 0.7 0.4 0.3
v 0.6 0.3 0.2
v 0.6 0.4 0.2
v 0.7 0.4 0.2
v 0.7 0.3 0.2
v 0.7 0.4 0.3
v 0.7 0.3 0.3
v 0.8 0.3 0.3
v 0.8 0.4 0.3
v 0.7 0.3 0.2
v 0.7 0.4 0.2
v 0.8 0.4 0.2
v 0.8 0.3 0.2
v 0.8 0.4 0.3
v 0.8 0.3 0.3
v 0.9 0.3 0.3
v 0.9 0.4 0.3
v 0.8 0.3 0.2
v 0.8 0.4 0.2
v 0.9 0.4 0.2
v 0.9 0.3 0.2
v 0.9 0.4 0.3
v 0.9 0.3 0.3
v 1 0.3 0.3
v 1 0.4 0.3
v 0.9 0.3 0.2
v 0.9 0.4 0.2
v 1 0.4 0.2
v 1 0.3 0.2
v 1 0.4 0.3
v 1 0.3 0.3
v 1.1 0.3 0.3
v 1.1 0.4 0.3
v 1 0.3 0.2
v 1 0.4 0.2
v 1.1 0.4 0.2
v 1.1 0.3 0.2
v 1.2 0.3 0.3
v 1.2 0.3 0.2
v 1.2 0.4 0.2
v 1.2 0.4 0.3
v 1.1 0.4 0.3
v 1.1 0.3 0.3
v 1.2 0.3 0.3
v 1.2 0.4 0.3
v 1.1 0.3 0.2
v 1.1 0.4 0.2
v 1.2 0.4 0.2
v 1.2 0.3 0.2
v -1.2 0.3 0.3
v -1.2 0.3 0.2
v -1.2 0.2 0.2
v -1.2 0.2 0.3
v -1.2 0.3 0.3
v -1.2 0.2 0.3
v -1.1 0.2 0.3
v -1.1 0.3 0.3
v -1.2 0.2 0.2
v -1.2 0.3 0.2
v -1.1 0.3 0.2
v -1.1 0.2 0.2
v -1.1 0.3 0.3
v -1.1 0.2 0.3
v -1 0.2 0.3
v -1 0.3 0.3
v -1.1 0.2 0.2
v -1.1 0.3 0.2
v -1 0.3 0.2
v -1 0.2 0.2
v -1 0.3 0.3
v -1 0.2 0.3
v -0.9 0.2 0.3
v -0.9 0.3 0.3
v -1 0.2 0.2
v -1 0.3 0.2
v -0.9 0.3 0.2
v -0.9 0.2 0.2
v -0.9 0.3 0.3
v -0.9 0.2 0.3
v -0.8 0.2 0.3
v -0.8 0.3 0.3
v -0.9 0.2 0.2
v -0.9 0.3 0.2
v -0.8 0.3 0.2
v -0.8 0.2 0.2
v -0.8 0.3 0.3
v -0.8 0.2 0.3
v -0.7 0.2 0.3
v -0.7 0.3 0.3
v -0.8 0.2 0.2
v -0.8 0.3 0.2
v -0.7 0.3 0.2
v -0.7 0.2 0.2
v -0.7 0.3 0.3
v -0.7 0.2 0.3
v -0.6 0.2 0.3
v -0.6 0.3 0.3
v -0.7 0.2 0.2
v -0.7 0.3 0.2
v -0.6 0.3 0.2
v -0.6 0.2 0.2
v -0.6 0.3 0.3
v -0.6 0.2 0.3
v -0.5 0.2 0.3
v -0.5 0.3 0.3
v -0.6 0.2 0.2
v -0.6 0.3 0.2
v -0.5 0.3 0.2
v -0.5 0.2 0.2
v -0.5 0.3 0.3
v -0.5 0.2 0.3
v -0.4 0.2 0.3
v -0.4 0.3 0.3
v -0.5 0.2 0.2
v -0.5 0.3 0.2
v -0.4 0.3 0.2
v -0.4 0.2 0.2
v -0.4 0.3 0.3
v -0.4 0.2 0.3
v -0.3 0.2 0.3
v -0.3 0.3 0.3
v -0.4 0.2 0.2
v -0.4 0.3 0.2
v -0.3 0.3 0.2
v -0.3 0.2 0.2
v -0.3 0.3 0.3
v -0.3 0.2 0.3
v -0.2 0.2 0.3
v -0.2 0.3 0.3
v -0.3 0.2 0.2
v -0.3 0.3 0.2
v -0.2 0.3 0.2
v -0.2 0.2 0.2
v -0.2 0.3 0.3
v -0.2 0.2 0.3
v -0.1 0.2 0.3
v -0.1 0.3 0.3
v -0.2 0.2 0.2
v -0.2 0.3 0.2
v -0.1 0.3 0.2
v -0.1 0.2 0.2
v -0.1 0.3 0.3
v -0.1 0.2 0.3
v 0 0.2 0.3
v 0 0.3 0.3
v -0.1 0.2 0.2
v -0.1 0.3 0.2
v 0 0.3 0.2
v 0 0.2 0.2
v 0 0.3 0.3
v 0 0.2 0.3
v 0.1 0.2 0.3
v 0.1 0.3 0.3
v 0 0.2 0.2
v 0 0.3 0.2
v 0.1 0.3 0.2
v 0.1 0.2 0.2
v 0.1 0.3 0.3
v 0.1 0.2 0.3
v 0.2 0.2 0.3
v 0.2 0.3 0.3
v 0.1 0.2 0.2
v 0.1 0.3 0.2
v 0.2 0.3 0.2
v 0.2 0.2 0.2
v 0.2 0.3 0.3
v 0.2 0.2 0.3
v 0.3 0.2 0.3
v 0.3 0.3 0.3
v 0.2 0.2 0.2
v 0.2 0.3 0.2
v 0.3 0.3 0.2
v 0.3 0.2 0.2
v 0.3 0.3 0.3
v 0.3 0.2 0.3
v 0.4 0.2 0.3
v 0.4 0.3 0.3
v 0.3 0.2 0.2
v 0.3 0.3 0.2
v 0.4 0.3 0.2
v 0.4 0.2 0.2
v 0.4 0.3 0.3
v 0.4 0.2 0.3
v 0.5 0.2 0.3
v 0.5 0.3 0.3
v 0.4 0.2 0.2
v 0.4 0.3 0.2
v 0.5 0.3 0.2
v 0.5 0.2 0.2
v 0.5 0.3 0.3
v 0.5 0.2 0.3
v 0.6 0.2 0.3
v 0.6 0.3 0.3
v 0.5 0.2 0.2
v 0.5 0.3 0.2
v 0.6 0.3 0.2
v 0.6 0.2 0.2
v 0.6 0.3 0.3
v 0.6 0.2 0.3
v 0.7 0.2 0.3
v 0.7 0.3 0.3
v 0.6 0.2 0.2
v 0.6 0.3 0.2
v 0.7 0.3 0.2
v 0.7 0.2 0.2
v 0.7 0.3 0.3
v 0.7 0.2 0.3
v 0.8 0.2 0.3
v 0.8 0.3 0.3
v 0.7 0.2 0.2
v 0.7 0.3 0.2
v 0.8 0.3 0.2
v 0.8 0.2 0.2
v 0.8 0.3 0.3
v 0.8 0.2 0.3
v 0.9 0.2 0.3
v 0.9 0.3 0.3
v 0.8 0.2 0.2
v 0.8 0.3 0.2
v 0.9 0.3 0.2
v 0.9 0.2 0.2
v 0.9 0.3 0.3
v 0.9 0.2 0.3
v 1 0.2 0.3
v 1 0.3 0.3
v 0.9 0.2 0.2
v 0.9 0.3 0.2
v 1 0.3 0.2
v 1 0.2 0.2
v 1 0.3 0.3
v 1 0.2 0.3
v 1.1 0.2 0.3
v 1.1 0.3 0.3
v 1 0.2 0.2
v 1 0.3 0.2
v 1.1 0.3 0.2
v 1.1 0.2 0.2
v 1.2 0.2 0.3
v 1.2 0.2 0.2
v 1.2 0.3 0.2
v 1.2 0.3 0.3
v 1.1 0.3 0.3
v 1.1 0.2 0.3
v 1.2 0.2 0.3
v 1.2 0.3 0.3
v 1.1 0.2 0.2
v 1.1 0.3 0.2
v 1.2 0.3 0.2
v 1.2 0.2 0.2
v -1.2 0.2 0.3
v -1.2 0.2 0.2
v -1.2 0.1 0.2
v -1.2 0.1 0.3
v -1.2 0.2 0.3
v -1.2 0.1 0.3
v -1.1 0.1 0.3
v -1.1 0.2 0.3
v -1.2 0.1 0.2
v -1.2 0.2 0.2
v -1.1 0.2 0.2
v -1.1 0.1 0.2
v -1.1 0.2 0.3
v -1.1 0.1 0.3
v -1 0.1 0.3
v -1 0.2 0.3
v -1.1 0.1 0.2
v -1.1 0.2 0.2
v -1 0.2 0.2
v -1 0.1 0.2
v -1 0.2 0.3
v -1 0.1 0.3
v -0.9 0.1 0.3
v -0.9 0.2 0.3
v -1 0.1 0.2
v -1 0.2 0.2
v -0.9 0.2 0.2
v -0.9 0.1 0.2
v -0.9 0.2 0.3
v -0.9 0.1 0.3
v -0.8 0.1 0.3
v -0.8 0.2 0.3
v -0.9 0.1 0.2
v -0.9 0.2 0.2
v -0.8 0.2 0.2
v -0.8 0.1 0.2
v -0.8 0.2 0.3
v -0.8 0.1 0.3
v -0.7 0.1 0.3
v -0.7 0.2 0.3
v -0.8 0.1 0.2
v -0.8 0.2 0.2
v -0.7 0.2 0.2
v -0.7 0.1 0.2
v -0.7 0.2 0.3
v -0.7 0.1 0.3
v -0.6 0.1 0.3
v -0.6 0.2 0.3
v -0.7 0.1 0.2
v -0.7 0.2 0.2
v -0.6 0.2 0.2
v -0.6 0.1 0.2
v -0.6 0.2 0.3
v -0.6 0.1 0.3
v -0.5 0.1 0.3
v -0.5 0.2 0.3
v -0.6 0.1 0.2
v -0.6 0.2 0.2
v -0.5 0.2 0.2
v -0.5 0.1 0.2
v -0.5 0.2 0.3
v -0.5 0.1 0.3
v -0.4 0.1 0.3
v -0.4 0.2 0.3
v -0.5 0.1 0.2
v -0.5 0.2 0.2
v -0.4 0.2 0.2
v -0.4 0.1 0.2
v -0.4 0.2 0.3
v -0.4 0.1 0.3
v -0.3 0.1 0.3
v -0.3 0.2 0.3
v -0.4 0.1 0.2
v -0.4 0.2 0.2
v -0.3 0.2 0.2
v -0.3 0.1 0.2
v -0.3 0.2 0.3
v -0.3 0.1 0.3
v -0.2 0.1 0.3
v -0.2 0.2 0.3
v -0.3 0.1 0.2
v -0.3 0.2 0.2
v -0.2 0.2 0.2
v -0.2 0.1 0.2
v -0.2 0.2 0.3
v -0.2 0.1 0.3
v -0.1 0.1 0.3
v -0.1 0.2 0.3
v -0.2 0.1 0.2
v -0.2 0.2 0.2
v -0.1 0.2 0.2
v -0.1 0.1 0.2
v -0.1 0.2 0.3
v -0.1 0.1 0.3
v 0 0.1 0.3
v 0 0.2 0.3
v -0.1 0.1 0.2
v -0.1 0.2 0.2
v 0 0.2 0.2
v 0 0.1 0.2
v 0 0.2 0.3
v 0 0.1 0.3
v 0.1 0.1 0.3
v 0.1 0.2 0.3
v 0 0.1 0.2
v 0 0.2 0.2
v 0.1 0.2 0.2
v 0.1 0.1 0.2
v 0.1 0.2 0.3
v 0.1 0.1 0.3
v 0.2 0.1 0.3
v 0.2 0.2 0.3
v 0.1 0.1 0.2
v 0.1 0.2 0.2
v 0.2 0.2 0.2
v 0.2 0.1 0.2
v 0.2 0.2 0.3
v 0.2 0.1 0.3
v 0.3 0.1 0.3
v 0.3 0.2 0.3
v 0.2 0.1 0.2
v 0.2 0.2 0.2
v 0.3 0.2 0.2
v 0.3 0.1 0.2
v 0.3 0.2 0.3
v 0.3 0.1 0.3
v 0.4 0.1 0.3
v 0.4 0.2 0.3
v 0.3 0.1 0.2
v 0.3 0.2 0.2
v 0.4 0.2 0.2
v 0.4 0.1 0.2
v 0.4 0.2 0.3
v 0.4 0.1 0.3
v 0.5 0.1 0.3
v 0.5 0.2 0.3
v 0.4 0.1 0.2
v 0.4 0.2 0.2
v 0.5 0.2 0.2
v 0.5 0.1 0.2
v 0.5 0.2 0.3
v 0.5 0.1 0.3
v 0.6 0.1 0.3
v 0.6 0.2 0.3
v 0.5 0.1 0.2
v 0.5 0.2 0.2
v 0.6 0.2 0.2
v 0.6 0.1 0.2
v 0.6 0.2 0.3
v 0.6 0.1 0.3
v 0.7 0.1 0.3
v 0.7 0.2 0.3
v 0.6 0.1 0.2
v 0.6 0.2 0.2
v 0.7 0.2 0.2
v 0.7 0.1 0.2
v 0.7 0.2 0.3
v 0.7 0.1 0.3
v 0.8 0.1 0.3
v 0.8 0.2 0.3
v 0.7 0.1 0.2
v 0.7 0.2 0.2
v 0.8 0.2 0.2
v 0.8 0.1 0.2
v 0.8 0.2 0.3
v 0.8 0.1 0.3
v 0.9 0.1 0.3
v 0.9 0.2 0.3
v 0.8 0.1 0.2
v 0.8 0.2 0.2
v 0.9 0.2 0.2
v 0.9 0.1 0.2
v 0.9 0.2 0.3
v 0.9 0.1 0.3
v 1 0.1 0.3
v 1 0.2 0.3
v 0.9 0.1 0.2
v 0.9 0.2 0.2
v 1 0.2 0.2
v 1 0.1 0.2
v 1 0.2 0.3
v 1 0.1 0.3
v 1.1 0.1 0.3
v 1.1 0.2 0.3
v 1 0.1 0.2
v 1 0.2 0.2
v 1.1 0.2 0.2
v 1.1 0.1 0.2
v 1.2 0.1 0.3
v 1.2 0.1 0.2
v 1.2 0.2 0.2
v 1.2 0.2 0.3
v 1.1 0.2 0.3
v 1.1 0.1 0.3
v 1.2 0.1 0.3
v 1.2 0.2 0.3
v 1.1 0.1 0.2
v 1.1 0.2 0.2
v 1.2 0.2 0.2
v 1.2 0.1 0.2
v -1.2 0.1 0.3
v -1.2 0.1 0.2
v -1.2 0 0.2
v -1.2 0 0.3
v -1.2 0.1 0.3
v -1.2 0 0.3
v -1.1 0 0.3
v -1.1 0.1 0.3
v -1.2 0 0.2
v -1.2 0.1 0.2
v -1.1 0.1 0.2
v -1.1 0 0.2
v -1.1 0.1 0.3
v -1.1 0 0.3
v -1 0 0.3
v -1 0.1 0.3
v -1.1 0 0.2
v -1.1 0.1 0.2
v -1 0.1 0.2
v -1 0 0.2
v -1 0.1 0.3
v -1 0 0.3
v -0.9 0 0.3
v -0.9 0.1 0.3
v -1 0 0.2
v -1 0.1 0.2
v -0.9 0.1 0.2
v -0.9 0 0.2
v -0.9 0.1 0.3
v -0.9 0 0.3
v -0.8 0 0.3
v -0.8 0.1 0.3
v -0.9 0 0.2
v -0.9 0.1 0.2
v -0.8 0.1 0.2
v -0.8 0 0.2
v -0.8 0.1 0.3
v -0.8 0 0.3
v -0.7 0 0.3
v -0.7 0.1 0.3
v -0.8 0 0.2
v -0.8 0.1 0.2
v -0.7 0.1 0.2
v -0.7 0 0.2
v -0.7 0.1 0.3
v -0.7 0 0.3
v -0.6 0 0.3
v -0.6 0.1 0.3
v -0.7 0 0.2
v -0.7 0.1 0.2
v -0.6 0.1 0.2
v -0.6 0 0.2
v -0.6 0.1 0.3
v -0.6 0 0.3
v -0.5 0 0.3
v -0.5 0.1 0.3
v -0.6 0 0.2
v -0.6 0.1 0.2
v -0.5 0.1 0.2
v -0.5 0 0.2
v -0.5 0.1 0.3
v -0.5 0 0.3
v -0.4 0 0.3
v -0.4 0.1 0.3
v -0.5 0 0.2
v -0.5 0.1 0.2
v -0.4 0.1 0.2
v -0.4 0 0.2
v -0.4 0.1 0.3
v -0.4 0 0.3
v -0.3 0 0.3
v -0.3 0.1 0.3
v -0.4 0 0.2
v -0.4 0.1 0.2
v -0.3 0.1 0.2
v -0.3 0 0.2
v -0.3 0.1 0.3
v -0.3 0 0.3
v -0.2 0 0.3
v -0.2 0.1 0.3
v -0.3 0 0.2
v -0.3 0.1 0.2
v -0.2 0.1 0.2
v -0.2 0 0.2
v -0.2 0.1 0.3
v -0.2 0 0.3
v -0.1 0 0.3
v -0.1 0.1 0.3
v -0.2 0 0.2
v -0.2 0.1 0.2
v -0.1 0.1 0.2
v -0.1 0 0.2
v -0.1 0.1 0.3
v -0.1 0 0.3
v 0 0 0.3
v 0 0.1 0.3
v -0.1 0 0.2
v -0.1 0.1 0.2
v 0 0.1 0.2
v 0 0 0.2
v 0 0.1 0.3
v 0 0 0.3
v 0.1 0 0.3
v 0.1 0.1 0.3
v 0 0 0.2
v 0 0.1 0.2
v 0.1 0.1 0.2
v 0.1 0 0.2
v 0.1 0.1 0.3
v 0.1 0 0.3
v 0.2 0 0.3
v 0.2 0.1 0.3
v 0.1 0 0.2
v 0.1 0.1 0.2
v 0.2 0.1 0.2
v 0.2 0 0.2
v 0.2 0.1 0.3
v 0.2 0 0.3
v 0.3 0 0.3
v 0.3 0.1 0.3
v 0.2 0 0.2
v 0.2 0.1 0.2
v 0.3 0.1 0.2
v 0.3 0 0.2
v 0.3 0.1 0.3
v 0.3 0 0.3
v 0.4 0 0.3
v 0.4 0.1 0.3
v 0.3 0 0.2
v 0.3 0.1 0.2
v 0.4 0.1 0.2
v 0.4 0 0.2
v 0.4 0.1 0.3
v 0.4 0 0.3
v 0.5 0 0.3
v 0.5 0.1 0.3
v 0.4 0 0.2
v 0.4 0.1 0.2
v 0.5 0.1 0.2
v 0.5 0 0.2
v 0.5 0.1 0.3
v 0.5 0 0.3
v 0.6 0 0.3
v 0.6 0.1 0.3
v 0.5 0 0.2
v 0.5 0.1 0.2
v 0.6 0.1 0.2
v 0.6 0 0.2
v 0.6 0.1 0.3
v 0.6 0 0.3
v 0.7 0 0.3
v 0.7 0.1 0.3
v 0.6 0 0.2
v 0.6 0.1 0.2
v 0.7 0.1 0.2
v 0.7 0 0.2
v 0.7 0.1 0.3
v 0.7 0 0.3
v 0.8 0 0.3
v 0.8 0.1 0.3
v 0.7 0 0.2
v 0.7 0.1 0.2
v 0.8 0.1 0.2
v 0.8 0 0.2
v 0.8 0.1 0.3
v 0.8 0 0.3
v 0.9 0 0.3
v 0.9 0.1 0.3
v 0.8 0 0.2
v 0.8 0.1 0.2
v 0.9 0.1 0.2
v 0.9 0 0.2
v 0.9 0.1 0.3
v 0.9 0 0.3
v 1 0 0.3
v 1 0.1 0.3
v 0.9 0 0.2
v 0.9 0.1 0.2
v 1 0.1 0.2
v 1 0 0.2
v 1 0.1 0.3
v 1 0 0.3
v 1.1 0 0.3
v 1.1 0.1 0.3
v 1 0 0.2
v 1 0.1 0.2
v 1.1 0.1 0.2
v 1.1 0 0.2
v 1.2 0 0.3
v 1.2 0 0.2
v 1.2 0.1 0.2
v 1.2 0.1 0.3
v 1.1 0.1 0.3
v 1.1 0 0.3
v 1.2 0 0.3
v 1.2 0.1 0.3
v 1.1 0 0.2
v 1.1 0.1 0.2
v 1.2 0.1 0.2
v 1.2 0 0.2
v -1.2 0 0.3
v -1.2 0 0.2
v -1.2 -0.1 0.2
v -1.2 -0.1 0.3
v -1.2 0 0.3
v -1.2 -0.1 0.3
v -1.1 -0.1 0.3
v -1.1 0 0.3
v -1.2 -0.1 0.2
v -1.2 0 0.2
v -1.1 0 0.2
v -1.1 -0.1 0.2
v -1.1 0 0.3
v -1.1 -0.1 0.3
v -1 -0.1 0.3
v -1 0 0.3
v -1.1 -0.1 0.2
v -1.1 0 0.2
v -1 0 0.2
v -1 -0.1 0.2
v -1 0 0.3
v -1 -0.1 0.3
v -0.9 -0.1 0.3
v -0.9 0 0.3
v -1 -0.1 0.2
v -1 0 0.2
v -0.9 0 0.2
v -0.9 -0.1 0.2
v -0.9 0 0.3
v -0.9 -0.1 0.3
v -0.8 -0.1 0.3
v -0.8 0 0.3
v -0.9 -0.1 0.2
v -0.9 0 0.2
v -0.8 0 0.2
v -0.8 -0.1 0.2
v -0.8 0 0.3
v -0.8 -0.1 0.3
v -0.7 -0.1 0.3
v -0.7 0 0.3
v -0.8 -0.1 0.2
v -0.8 0 0.2
v -0.7 0 0.2
v -0.7 -0.1 0.2
v -0.7 0 0.3
v -0.7 -0.1 0.3
v -0.6 -0.1 0.3
v -0.6 0 0.3
v -0.7 -0.1 0.2
v -0.7 0 0.2
v -0.6 0 0.2
v -0.6 -0.1 0.2
v -0.6 0 0.3
v -0.6 -0.1 0.3
v -0.5 -0.1 0.3
v -0.5 0 0.3
v -0.6 -0.1 0.2
v -0.6 0 0.2
v -0.5 0 0.2
v -0.5 -0.1 0.2
v -0.5 0 0.3
v -0.5 -0.1 0.3
v -0.4 -0.1 0.3
v -0.4 0 0.3
v -0.5 -0.1 0.2
v -0.5 0 0.2
v -0.4 0 0.2
v -0.4 -0.1 0.2
v -0.4 0 0.3
v -0.4 -0.1 0.3
v -0.3 -0.1 0.3
v -0.3 0 0.3
v -0.4 -0.1 0.2
v -0.4 0 0.2
v -0.3 0 0.2
v -0.3 -0.1 0.2
v -0.3 0 0.3
v -0.3 -0.1 0.3
v -0.2 -0.1 0.3
v -0.2 0 0.3
v -0.3 -0.1 0.2
v -0.3 0 0.2
v -0.2 0 0.2
v -0.2 -0.1 0.2
v -0.2 0 0.3
v -0.2 -0.1 0.3
v -0.1 -0.1 0.3
v -0.1 0 0.3
v -0.2 -0.1 0.2
v -0.2 0 0.2
v -0.1 0 0.2
v -0.1 -0.1 0.2
v -0.1 0 0.3
v -0.1 -0.1 0.3
v 0 -0.1 0.3
v 0 0 0.3
v -0.1 -0.1 0.2
v -0.1 0 0.2
v 0 0 0.2
v 0 -0.1 0.2
v 0 0 0.3
v 0 -0.1 0.3
v 0.1 -0.1 0.3
v 0.1 0 0.3
v 0 -0.1 0.2
v 0 0 0.2
v 0.1 0 0.2
v 0.1 -0.1 0.2
v 0.1 0 0.3
v 0.1 -0.1 0.3
v 0.2 -0.1 0.3
v 0.2 0 0.3
v 0.1 -0.1 0.2
v 0.1 0 0.2
v 0.2 0 0.2
v 0.2 -0.1 0.2
v 0.2 0 0.3
v 0.2 -0.1 0.3
v 0.3 -0.1 0.3
v 0.3 0 0.3
v 0.2 -0.1 0.2
v 0.2 0 0.2
v 0.3 0 0.2
v 0.3 -0.1 0.2
v 0.3 0 0.3
v 0.3 -0.1 0.3
v 0.4 -0.1 0.3
v 0.4 0 0.3
v 0.3 -0.1 0.2
v 0.3 0 0.2
v 0.4 0 0.2
v 0.4 -0.1 0.2
v 0.4 0 0.3
v 0.4 -0.1 0.3
v 0.5 -0.1 0.3
v 0.5 0 0.3
v 0.4 -0.1 0.2
v 0.4 0 0.2
v 0.5 0 0.2
v 0.5 -0.1 0.2
v 0.5 0 0.3
v 0.5 -0.1 0.3
v 0.6 -0.1 0.3
v 0.6 0 0.3
v 0.5 -0.1 0.2
v 0.5 0 0.2
v 0.6 0 0.2
v 0.6 -0.1 0.2
v 0.6 0 0.3
v 0.6 -0.1 0.3
v 0.7 -0.1 0.3
v 0.7 0 0.3
v 0.6 -0.1 0.2
v 0.6 0 0.2
v 0.7 0 0.2
v 0.7 -0.1 0.2
v 0.7 0 0.3
v 0.7 -0.1 0.3
v 0.8 -0.1 0.3
v 0.8 0 0.3
v 0.7 -0.1 0.2
v 0.7 0 0.2
v 0.8 0 0.2
v 0.8 -0.1 0.2
v 0.8 0 0.3
v 0.8 -0.1 0.3
v 0.9 -0.1 0.3
v 0.9 0 0.3
v 0.8 -0.1 0.2
v 0.8 0 0.2
v 0.9 0 0.2
v 0.9 -0.1 0.2
v 0.9 0 0.3
v 0.9 -0.1 0.3
v 1 -0.1 0.3
v 1 0 0.3
v 0.9 -0.1 0.2
v 0.9 0 0.2
v 1 0 0.2
v 1 -0.1 0.2
v 1 0 0.3
v 1 -0.1 0.3
v 1.1 -0.1 0.3
v 1.1 0 0.3
v 1 -0.1 0.2
v 1 0 0.2
v 1.1 0 0.2
v 1.1 -0.1 0.2
v 1.2 -0.1 0.3
v 1.2 -0.1 0.2
v 1.2 0 0.2
v 1.2 0 0.3
v 1.1 0 0.3
v 1.1 -0.1 0.3
v 1.2 -0.1 0.3
v 1.2 0 0.3
v 1.1 -0.1 0.2
v 1.1 0 0.2
v 1.2 0 0.2
v 1.2 -0.1 0.2
v -1.2 -0.1 0.3
v -1.2 -0.1 0.2
v -1.2 -0.2 0.2
v -1.2 -0.2 0.3
v -1.2 -0.1 0.3
v -1.2 -0.2 0.3
v -1.1 -0.2 0.3
v -1.1 -0.1 0.3
v -1.2 -0.2 0.2
v -1.2 -0.1 0.2
v -1.1 -0.1 0.2
v -1.1 -0.2 0.2
v -1.1 -0.1 0.3
v -1.1 -0.2 0.3
v -1 -0.2 0.3
v -1 -0.1 0.3
v -1.1 -0.2 0.2
v -1.1 -0.1 0.2
v -1 -0.1 0.2
v -1 -0.2 0.2
v -1 -0.1 0.3
v -1 -0.2 0.3
v -0.9 -0.2 0.3
v -0.9 -0.1 0.3
v -1 -0.2 0.2
v -1 -0.1 0.2
v -0.9 -0.1 0.2
v -0.9 -0.2 0.2
v -0.9 -0.1 0.3
v -0.9 -0.2 0.3
v -0.8 -0.2 0.3
v -0.8 -0.1 0.3
v -0.9 -0.2 0.2
v -0.9 -0.1 0.2
v -0.8 -0.1 0.2
v -0.8 -0.2 0.2
v -0.8 -0.1 0.3
v -0.8 -0.2 0.3
v -0.7 -0.2 0.3
v -0.7 -0.1 0.3
v -0.8 -0.2 0.2
v -0.8 -0.1 0.2
v -0.7 -0.1 0.2
v -0.7 -0.2 0.2
v -0.7 -0.1 0.3
v -0.7 -0.2 0.3
v -0.6 -0.2 0.3
v -0.6 -0.1 0.3
v -0.7 -0.2 0.2
v -0.7 -0.1 0.2
v -0.6 -0.1 0.2
v -0.6 -0.2 0.2
v -0.6 -0.1 0.3
v -0.6 -0.2 0.3
v -0.5 -0.2 0.3
v -0.5 -0.1 0.3
v -0.6 -0.2 0.2
v -0.6 -0.1 0.2
v -0.5 -0.1 0.2
v -0.5 -0.2 0.2
v -0.5 -0.1 0.3
v -0.5 -0.2 0.3
v -0.4 -0.2 0.3
v -0.4 -0.1 0.3
v -0.5 -0.2 0.2
v -0.5 -0.1 0.2
v -0.4 -0.1 0.2
v -0.4 -0.2 0.2
v -0.4 -0.1 0.3
v -0.4 -0.2 0.3
v -0.3 -0.2 0.3
v -0.3 -0.1 0.3
v -0.4 -0.2 0.2
v -0.4 -0.1 0.2
v -0.3 -0.1 0.2
v -0.3 -0.2 0.2
v -0.3 -0.1 0.3
v -0.3 -0.2 0.3
v -0.2 -0.2 0.3
v -0.2 -0.1 0.3
v -0.3 -0.2 0.2
v -0.3 -0.1 0.2
v -0.2 -0.1 0.2
v -0.2 -0.2 0.2
v -0.2 -0.1 0.3
v -0.2 -0.2 0.3
v -0.1 -0.2 0.3
v -0.1 -0.1 0.3
v -0.2 -0.2 0.2
v -0.2 -0.1 0.2
v -0.1 -0.1 0.2
v -0.1 -0.2 0.2
v -0.1 -0.1 0.3
v -0.1 -0.2 0.3
v 0 -0.2 0.3
v 0 -0.1 0.3
v -0.1 -0.2 0.2
v -0.1 -0.1 0.2
v 0 -0.1 0.2
v 0 -0.2 0.2
v 0 -0.1 0.3
v 0 -0.2 0.3
v 0.1 -0.2 0.3
v 0.1 -0.1 0.3
v 0 -0.2 0.2
v 0 -0.1 0.2
v 0.1 -0.1 0.2
v 0.1 -0.2 0.2
v 0.1 -0.1 0.3
v 0.1 -0.2 0.3
v 0.2 -0.2 0.3
v 0.2 -0.1 0.3
v 0.1 -0.2 0.2
v 0.1 -0.1 0.2
v 0.2 -0.1 0.2
v 0.2 -0.2 0.2
v 0.2 -0.1 0.3
v 0.2 -0.2 0.3
v 0.3 -0.2 0.3
v 0.3 -0.1 0.3
v 0.2 -0.2 0.2
v 0.2 -0.1 0.2
v 0.3 -0.1 0.2
v 0.3 -0.2 0.2
v 0.3 -0.1 0.3
v 0.3 -0.2 0.3
v 0.4 -0.2 0.3
v 0.4 -0.1 0.3
v 0.3 -0.2 0.2
v 0.3 -0.1 0.2
v 0.4 -0.1 0.2
v 0.4 -0.2 0.2
v 0.4 -0.1 0.3
v 0.4 -0.2 0.3
v 0.5 -0.2 0.3
v 0.5 -0.1 0.3
v 0.4 -0.2 0.2
v 0.4 -0.1 0.2
v 0.5 -0.1 0.2
v 0.5 -0.2 0.2
v 0.5 -0.1 0.3
v 0.5 -0.2 0.3
v 0.6 -0.2 0.3
v 0.6 -0.1 0.3
v 0.5 -0.2 0.2
v 0.5 -0.1 0.2
v 0.6 -0.1 0.2
v 0.6 -0.2 0.2
v 0.6 -0.1 0.3
v 0.6 -0.2 0.3
v 0.7 -0.2 0.3
v 0.7 -0.1 0.3
v 0.6 -0.2 0.2
v 0.6 -0.1 0.2
v 0.7 -0.1 0.2
v 0.7 -0.2 0.2
v 0.7 -0.1 0.3
v 0.7 -0.2 0.3
v 0.8 -0.2 0.3
v 0.8 -0.1 0.3
v 0.7 -0.2 0.2
v 0.7 -0.1 0.2
v 0.8 -0.1 0.2
v 0.8 -0.2 0.2
v 0.8 -0.1 0.3
v 0.8 -0.2 0.3
v 0.9 -0.2 0.3
v 0.9 -0.1 0.3
v 0.8 -0.2 0.2
v 0.8 -0.1 0.2
v 0.9 -0.1 0.2
v 0.9 -0.2 0.2
v 0.9 -0.1 0.3
v 0.9 -0.2 0.3
v 1 -0.2 0.3
v 1 -0.1 0.3
v 0.9 -0.2 0.2
v 0.9 -0.1 0.2
v 1 -0.1 0.2
v 1 -0.2 0.2
v 1 -0.1 0.3
v 1 -0.2 0.3
v 1.1 -0.2 0.3
v 1.1 -0.1 0.3
v 1 -0.2 0.2
v 1 -0.1 0.2
v 1.1 -0.1 0.2
v 1.1 -0.2 0.2
v 1.2 -0.2 0.3
v 1.2 -0.2 0.2
v 1.2 -0.1 0.2
v 1.2 -0.1 0.3
v 1.1 -0.1 0.3
v 1.1 -0.2 0.3
v 1.2 -0.2 0.3
v 1.2 -0.1 0.3
v 1.1 -0.2 0.2
v 1.1 -0.1 0.2
v 1.2 -0.1 0.2
v 1.2 -0.2 0.2
v -1.2 -0.2 0.3
v -1.2 -0.2 0.2
v -1.2 -0.3 0.2
v -1.2 -0.3 0.3
v -1.2 -0.2 0.3
v -1.2 -0.3 0.3
v -1.1 -0.3 0.3
v -1.1 -0.2 0.3
v -1.2 -0.3 0.2
v -1.2 -0.2 0.2
v -1.1 -0.2 0.2
v -1.1 -0.3 0.2
v -1.1 -0.2 0.3
v -1.1 -0.3 0.3
v -1 -0.3 0.3
v -1 -0.2 0.3
v -1.1 -0.3 0.2
v -1.1 -0.2 0.2
v -1 -0.2 0.2
v -1 -0.3 0.2
v -1 -0.2 0.3
v -1 -0.3 0.3
v -0.9 -0.3 0.3
v -0.9 -0.2 0.3
v -1 -0.3 0.2
v -1 -0.2 0.2
v -0.9 -0.2 0.2
v -0.9 -0.3 0.2
v -0.9 -0.2 0.3
v -0.9 -0.3 0.3
v -0.8 -0.3 0.3
v -0.8 -0.2 0.3
v -0.9 -0.3 0.2
v -0.9 -0.2 0.2
v -0.8 -0.2 0.2
v -0.8 -0.3 0.2
v -0.8 -0.2 0.3
v -0.8 -0.3 0.3
v -0.7 -0.3 0.3
v -0.7 -0.2 0.3
v -0.8 -0.3 0.2
v -0.8 -0.2 0.2
v -0.7 -0.2 0.2
v -0.7 -0.3 0.2
v -0.7 -0.2 0.3
v -0.7 -0.3 0.3
v -0.6 -0.3 0.3
v -0.6 -0.2 0.3
v -0.7 -0.3 0.2
v -0.7 -0.2 0.2
v -0.6 -0.2 0.2
v -0.6 -0.3 0.2
v -0.6 -0.2 0.3
v -0.6 -0.3 0.3
v -0.5 -0.3 0.3
v -0.5 -0.2 0.3
v -0.6 -0.3 0.2
v -0.6 -0.2 0.2
v -0.5 -0.2 0.2
v -0.5 -0.3 0.2
v -0.5 -0.2 0.3
v -0.5 -0.3 0.3
v -0.4 -0.3 0.3
v -0.4 -0.2 0.3
v -0.5 -0.3 0.2
v -0.5 -0.2 0.2
v -0.4 -0.2 0.2
v -0.4 -0.3 0.2
v -0.4 -0.2 0.3
v -0.4 -0.3 0.3
v -0.3 -0.3 0.3
v -0.3 -0.2 0.3
v -0.4 -0.3 0.2
v -0.4 -0.2 0.2
v -0.3 -0.2 0.2
v -0.3 -0.3 0.2
v -0.3 -0.2 0.3
v -0.3 -0.3 0.3
v -0.2 -0.3 0.3
v -0.2 -0.2 0.3
v -0.3 -0.3 0.2
v -0.3 -0.2 0.2
v -0.2 -0.2 0.2
v -0.2 -0.3 0.2
v -0.2 -0.2 0.3
v -0.2 -0.3 0.3
v -0.1 -0.3 0.3
v -0.1 -0.2 0.3
v -0.2 -0.3 0.2
v -0.2 -0.2 0.2
v -0.1 -0.2 0.2
v -0.1 -0.3 0.2
v -0.1 -0.2 0.3
v -0.1 -0.3 0.3
v 0 -0.3 0.3
v 0 -0.2 0.3
v -0.1 -0.3 0.2
v -0.1 -0.2 0.2
v 0 -0.2 0.2
v 0 -0.3 0.2
v 0 -0.2 0.3
v 0 -0.3 0.3
v 0.1 -0.3 0.3
v 0.1 -0.2 0.3
v 0 -0.3 0.2
v 0 -0.2 0.2
v 0.1 -0.2 0.2
v 0.1 -0.3 0.2
v 0.1 -0.2 0.3
v 0.1 -0.3 0.3
v 0.2 -0.3 0.3
v 0.2 -0.2 0.3
v 0.1 -0.3 0.2
v 0.1 -0.2 0.2
v 0.2 -0.2 0.2
v 0.2 -0.3 0.2
v 0.2 -0.2 0.3
v 0.2 -0.3 0.3
v 0.3 -0.3 0.3
v 0.3 -0.2 0.3
v 0.2 -0.3 0.2
v 0.2 -0.2 0.2
v 0.3 -0.2 0.2
v 0.3 -0.3 0.2
v 0.3 -0.2 0.3
v 0.3 -0.3 0.3
v 0.4 -0.3 0.3
v 0.4 -0.2 0.3
v 0.3 -0.3 0.2
v 0.3 -0.2 0.2
v 0.4 -0.2 0.2
v 0.4 -0.3 0.2
v 0.4 -0.2 0.3
v 0.4 -0.3 0.3
v 0.5 -0.3 0.3
v 0.5 -0.2 0.3
v 0.4 -0.3 0.2
v 0.4 -0.2 0.2
v 0.5 -0.2 0.2
v 0.5 -0.3 0.2
v 0.5 -0.2 0.3
v 0.5 -0.3 0.3
v 0.6 -0.3 0.3
v 0.6 -0.2 0.3
v 0.5 -0.3 0.2
v 0.5 -0.2 0.2
v 0.6 -0.2 0.2
v 0.6 -0.3 0.2
v 0.6 -0.2 0.3
v 0.6 -0.3 0.3
v 0.7 -0.3 0.3
v 0.7 -0.2 0.3
v 0.6 -0.3 0.2
v 0.6 -0.2 0.2
v 0.7 -0.2 0.2
v 0.7 -0.3 0.2
v 0.7 -0.2 0.3
v 0.7 -0.3 0.3
v 0.8 -0.3 0.3
v 0.8 -0.2 0.3
v 0.7 -0.3 0.2
v 0.7 -0.2 0.2
v 0.8 -0.2 0.2
v 0.8 -0.3 0.2
v 0.8 -0.2 0.3
v 0.8 -0.3 0.3
v 0.9 -0.3 0.3
v 0.9 -0.2 0.3
v 0.8 -0.3 0.2
v 0.8 -0.2 0.2
v 0.9 -0.2 0.2
v 0.9 -0.3 0.2
v 0.9 -0.2 0.3
v 0.9 -0.3 0.3
v 1 -0.3 0.3
v 1 -0.2 0.3
v 0.9 -0.3 0.2
v 0.9 -0.2 0.2
v 1 -0.2 0.2
v 1 -0.3 0.2
v 1 -0.2 0.3
v 1 -0.3 0.3
v 1.1 -0.3 0.3
v 1.1 -0.2 0.3
v 1 -0.3 0.2
v 1 -0.2 0.2
v 1.1 -0.2 0.2
v 1.1 -0.3 0.2
v 1.2 -0.3 0.3
v 1.2 -0.3 0.2
v 1.2 -0.2 0.2
v 1.2 -0.2 0.3
v 1.1 -0.2 0.3
v 1.1 -0.3 0.3
v 1.2 -0.3 0.3
v 1.2 -0.2 0.3
v 1.1 -0.3 0.2
v 1.1 -0.2 0.2
v 1.2 -0.2 0.2
v 1.2 -0.3 0.2
v -1.2 -0.3 0.3
v -1.2 -0.3 0.2
v -1.2 -0.4 0.2
v -1.2 -0.4 0.3
v -1.2 -0.3 0.3
v -1.2 -0.4 0.3
v -1.1 -0.4 0.3
v -1.1 -0.3 0.3
v -1.2 -0.4 0.2
v -1.2 -0.3 0.2
v -1.1 -0.3 0.2
v -1.1 -0.4 0.2
v -1.1 -0.3 0.3
v -1.1 -0.4 0.3
v -1 -0.4 0.3
v -1 -0.3 0.3
v -1.1 -0.4 0.2
v -1.1 -0.3 0.2
v -1 -0.3 0.2
v -1 -0.4 0.2
v -1 -0.3 0.3
v -1 -0.4 0.3
v -0.9 -0.4 0.3
v -0.9 -0.3 0.3
v -1 -0.4 0.2
v -1 -0.3 0.2
v -0.9 -0.3 0.2
v -0.9 -0.4 0.2
v -0.9 -0.3 0.3
v -0.9 -0.4 0.3
v -0.8 -0.4 0.3
v -0.8 -0.3 0.3
v -0.9 -0.4 0.2
v -0.9 -0.3 0.2
v -0.8 -0.3 0.2
v -0.8 -0.4 0.2
v -0.8 -0.3 0.3
v -0.8 -0.4 0.3
v -0.7 -0.4 0.3
v -0.7 -0.3 0.3
v -0.8 -0.4 0.2
v -0.8 -0.3 0.2
v -0.7 -0.3 0.2
v -0.7 -0.4 0.2
v -0.7 -0.3 0.3
v -0.7 -0.4 0.3
v -0.6 -0.4 0.3
v -0.6 -0.3 0.3
v -0.7 -0.4 0.2
v -0.7 -0.3 0.2
v -0.6 -0.3 0.2
v -0.6 -0.4 0.2
v -0.6 -0.3 0.3
v -0.6 -0.4 0.3
v -0.5 -0.4 0.3
v -0.5 -0.3 0.3
v -0.6 -0.4 0.2
v -0.6 -0.3 0.2
v -0.5 -0.3 0.2
v -0.5 -0.4 0.2
v -0.5 -0.3 0.3
v -0.5 -0.4 0.3
v -0.4 -0.4 0.3
v -0.4 -0.3 0.3
v -0.5 -0.4 0.2
v -0.5 -0.3 0.2
v -0.4 -0.3 0.2
v -0.4 -0.4 0.2
v -0.4 -0.3 0.3
v -0.4 -0.4 0.3
v -0.3 -0.4 0.3
v -0.3 -0.3 0.3
v -0.4 -0.4 0.2
v -0.4 -0.3 0.2
v -0.3 -0.3 0.2
v -0.3 -0.4 0.2
v -0.3 -0.3 0.3
v -0.3 -0.4 0.3
v -0.2 -0.4 0.3
v -0.2 -0.3 0.3
v -0.3 -0.4 0.2
v -0.3 -0.3 0.2
v -0.2 -0.3 0.2
v -0.2 -0.4 0.2
v -0.2 -0.3 0.3
v -0.2 -0.4 0.3
v -0.1 -0.4 0.3
v -0.1 -0.3 0.3
v -0.2 -0.4 0.2
v -0.2 -0.3 0.2
v -0.1 -0.3 0.2
v -0.1 -0.4 0.2
v -0.1 -0.3 0.3
v -0.1 -0.4 0.3
v 0 -0.4 0.3
v 0 -0.3 0.3
v -0.1 -0.4 0.2
v -0.1 -0.3 0.2
v 0 -0.3 0.2
v 0 -0.4 0.2
v 0 -0.3 0.3
v 0 -0.4 0.3
v 0.1 -0.4 0.3
v 0.1 -0.3 0.3
v 0 -0.4 0.2
v 0 -0.3 0.2
v 0.1 -0.3 0.2
v 0.1 -0.4 0.2
v 0.1 -0.3 0.3
v 0.1 -0.4 0.3
v 0.2 -0.4 0.3
v 0.2 -0.3 0.3
v 0.1 -0.4 0.2
v 0.1 -0.3 0.2
v 0.2 -0.3 0.2
v 0.2 -0.4 0.2
v 0.2 -0.3 0.3
v 0.2 -0.4 0.3
v 0.3 -0.4 0.3
v 0.3 -0.3 0.3
v 0.2 -0.4 0.2
v 0.2 -0.3 0.2
v 0.3 -0.3 0.2
v 0.3 -0.4 0.2
v 0.3 -0.3 0.3
v 0.3 -0.4 0.3
v 0.4 -0.4 0.3
v 0.4 -0.3 0.3
v 0.3 -0.4 0.2
v 0.3 -0.3 0.2
v 0.4 -0.3 0.2
v 0.4 -0.4 0.2
v 0.4 -0.3 0.3
v 0.4 -0.4 0.3
v 0.5 -0.4 0.3
v 0.5 -0.3 0.3
v 0.4 -0.4 0.2
v 0.4 -0.3 0.2
v 0.5 -0.3 0.2
v 0.5 -0.4 0.2
v 0.5 -0.3 0.3
v 0.5 -0.4 0.3
v 0.6 -0.4 0.3
v 0.6 -0.3 0.3
v 0.5 -0.4 0.2
v 0.5 -0.3 0.2
v 0.6 -0.3 0.2
v 0.6 -0.4 0.2
v 0.6 -0.3 0.3
v 0.6 -0.4 0.3
v 0.7 -0.4 0.3
v 0.7 -0.3 0.3
v 0.6 -0.4 0.2
v 0.6 -0.3 0.2
v 0.7 -0.3 0.2
v 0.7 -0.4 0.2
v 0.7 -0.3 0.3
v 0.7 -0.4 0.3
v 0.8 -0.4 0.3
v 0.8 -0.3 0.3
v 0.7 -0.4 0.2
v 0.7 -0.3 0.2
v 0.8 -0.3 0.2
v 0.8 -0.4 0.2
v 0.8 -0.3 0.3
v 0.8 -0.4 0.3
v 0.9 -0.4 0.3
v 0.9 -0.3 0.3
v 0.8 -0.4 0.2
v 0.8 -0.3 0.2
v 0.9 -0.3 0.2
v 0.9 -0.4 0.2
v 0.9 -0.3 0.3
v 0.9 -0.4 0.3
v 1 -0.4 0.3
v 1 -0.3 0.3
v 0.9 -0.4 0.2
v 0.9 -0.3 0.2
v 1 -0.3 0.2
v 1 -0.4 0.2
v 1 -0.3 0.3
v 1 -0.4 0.3
v 1.1 -0.4 0.3
v 1.1 -0.3 0.3
v 1 -0.4 0.2
v 1 -0.3 0.2
v 1.1 -0.3 0.2
v 1.1 -0.4 0.2
v 1.2 -0.4 0.3
v 1.2 -0.4 0.2
v 1.2 -0.3 0.2
v 1.2 -0.3 0.3
v 1.1 -0.3 0.3
v 1.1 -0.4 0.3
v 1.2 -0.4 0.3
v 1.2 -0.3 0.3
v 1.1 -0.4 0.2
v 1.1 -0.3 0.2
v 1.2 -0.3 0.2
v 1.2 -0.4 0.2
v -1.2 -0.4 0.3
v -1.2 -0.4 0.2
v -1.2 -0.5 0.2
v -1.2 -0.5 0.3
v -1.2 -0.4 0.3
v -1.2 -0.5 0.3
v -1.1 -0.5 0.3
v -1.1 -0.4 0.3
v -1.2 -0.5 0.2
v -1.2 -0.4 0.2
v -1.1 -0.4 0.2
v -1.1 -0.5 0.2
v -1.1 -0.4 0.3
v -1.1 -0.5 0.3
v -1 -0.5 0.3
v -1 -0.4 0.3
v -1.1 -0.5 0.2
v -1.1 -0.4 0.2
v -1 -0.4 0.2
v -1 -0.5 0.2
v -1 -0.4 0.3
v -1 -0.5 0.3
v -0.9 -0.5 0.3
v -0.9 -0.4 0.3
v -1 -0.5 0.2
v -1 -0.4 0.2
v -0.9 -0.4 0.2
v -0.9 -0.5 0.2
v -0.9 -0.4 0.3
v -0.9 -0.5 0.3
v -0.8 -0.5 0.3
v -0.8 -0.4 0.3
v -0.9 -0.5 0.2
v -0.9 -0.4 0.2
v -0.8 -0.4 0.2
v -0.8 -0.5 0.2
v -0.8 -0.4 0.3
v -0.8 -0.5 0.3
v -0.7 -0.5 0.3
v -0.7 -0.4 0.3
v -0.8 -0.5 0.2
v -0.8 -0.4 0.2
v -0.7 -0.4 0.2
v -0.7 -0.5 0.2
v -0.7 -0.4 0.3
v -0.7 -0.5 0.3
v -0.6 -0.5 0.3
v -0.6 -0.4 0.3
v -0.7 -0.5 0.2
v -0.7 -0.4 0.2
v -0.6 -0.4 0.2
v -0.6 -0.5 0.2
v -0.6 -0.4 0.3
v -0.6 -0.5 0.3
v -0.5 -0.5 0.3
v -0.5 -0.4 0.3
v -0.6 -0.5 0.2
v -0.6 -0.4 0.2
v -0.5 -0.4 0.2
v -0.5 -0.5 0.2
v -0.5 -0.4 0.3
v -0.5 -0.5 0.3
v -0.4 -0.5 0.3
v -0.4 -0.4 0.3
v -0.5 -0.5 0.2
v -0.5 -0.4 0.2
v -0.4 -0.4 0.2
v -0.4 -0.5 0.2
v -0.4 -0.4 0.3
v -0.4 -0.5 0.3
v -0.3 -0.5 0.3
v -0.3 -0.4 0.3
v -0.4 -0.5 0.2
v -0.4 -0.4 0.2
v -0.3 -0.4 0.2
v -0.3 -0.5 0.2
v -0.3 -0.4 0.3
v -0.3 -0.5 0.3
v -0.2 -0.5 0.3
v -0.2 -0.4 0.3
v -0.3 -0.5 0.2
v -0.3 -0.4 0.2
v -0.2 -0.4 0.2
v -0.2 -0.5 0.2
v -0.2 -0.4 0.3
v -0.2 -0.5 0.3
v -0.1 -0.5 0.3
v -0.1 -0.4 0.3
v -0.2 -0.5 0.2
v -0.2 -0.4 0.2
v -0.1 -0.4 0.2
v -0.1 -0.5 0.2
v -0.1 -0.4 0.3
v -0.1 -0.5 0.3
v 0 -0.5 0.3
v 0 -0.4 0.3
v -0.1 -0.5 0.2
v -0.1 -0.4 0.2
v 0 -0.4 0.2
v 0 -0.5 0.2
v 0 -0.4 0.3
v 0 -0.5 0.3
v 0.1 -0.5 0.3
v 0.1 -0.4 0.3
v 0 -0.5 0.2
v 0 -0.4 0.2
v 0.1 -0.4 0.2
v 0.1 -0.5 0.2
v 0.1 -0.4 0.3
v 0.1 -0.5 0.3
v 0.2 -0.5 0.3
v 0.2 -0.4 0.3
v 0.1 -0.5 0.2
v 0.1 -0.4 0.2
v 0.2 -0.4 0.2
v 0.2 -0.5 0.2
v 0.2 -0.4 0.3
v 0.2 -0.5 0.3
v 0.3 -0.5 0.3
v 0.3 -0.4 0.3
v 0.2 -0.5 0.2
v 0.2 -0.4 0.2
v 0.3 -0.4 0.2
v 0.3 -0.5 0.2
v 0.3 -0.4 0.3
v 0.3 -0.5 0.3
v 0.4 -0.5 0.3
v 0.4 -0.4 0.3
v 0.3 -0.5 0.2
v 0.3 -0.4 0.2
v 0.4 -0.4 0.2
v 0.4 -0.5 0.2
v 0.4 -0.4 0.3
v 0.4 -0.5 0.3
v 0.5 -0.5 0.3
v 0.5 -0.4 0.3
v 0.4 -0.5 0.2
v 0.4 -0.4 0.2
v 0.5 -0.4 0.2
v 0.5 -0.5 0.2
v 0.5 -0.4 0.3
v 0.5 -0.5 0.3
v 0.6 -0.5 0.3
v 0.6 -0.4 0.3
v 0.5 -0.5 0.2
v 0.5 -0.4 0.2
v 0.6 -0.4 0.2
v 0.6 -0.5 0.2
v 0.6 -0.4 0.3
v 0.6 -0.5 0.3
v 0.7 -0.5 0.3
v 0.7 -0.4 0.3
v 0.6 -0.5 0.2
v 0.6 -0.4 0.2
v 0.7 -0.4 0.2
v 0.7 -0.5 0.2
v 0.7 -0.4 0.3
v 0.7 -0.5 0.3
v 0.8 -0.5 0.3
v 0.8 -0.4 0.3
v 0.7 -0.5 0.2
v 0.7 -0.4 0.2
v 0.8 -0.4 0.2
v 0.8 -0.5 0.2
v 0.8 -0.4 0.3
v 0.8 -0.5 0.3
v 0.9 -0.5 0.3
v 0.9 -0.4 0.3
v 0.8 -0.5 0.2
v 0.8 -0.4 0.2
v 0.9 -0.4 0.2
v 0.9 -0.5 0.2
v 0.9 -0.4 0.3
v 0.9 -0.5 0.3
v 1 -0.5 0.3
v 1 -0.4 0.3
v 0.9 -0.5 0.2
v 0.9 -0.4 0.2
v 1 -0.4 0.2
v 1 -0.5 0.2
v 1 -0.4 0.3
v 1 -0.5 0.3
v 1.1 -0.5 0.3
v 1.1 -0.4 0.3
v 1 -0.5 0.2
v 1 -0.4 0.2
v 1.1 -0.4 0.2
v 1.1 -0.5 0.2
v 1.2 -0.5 0.3
v 1.2 -0.5 0.2
v 1.2 -0.4 0.2
v 1.2 -0.4 0.3
v 1.1 -0.4 0.3
v 1.1 -0.5 0.3
v 1.2 -0.5 0.3
v 1.2 -0.4 0.3
v 1.1 -0.5 0.2
v 1.1 -0.4 0.2
v 1.2 -0.4 0.2
v 1.2 -0.5 0.2
v -1.2 -0.5 0.3
v -1.2 -0.5 0.2
v -1.2 -0.6 0.2
v -1.2 -0.6 0.3
v -1.2 -0.5 0.3
v -1.2 -0.6 0.3
v -1.1 -0.6 0.3
v -1.1 -0.5 0.3
v -1.2 -0.6 0.2
v -1.2 -0.5 0.2
v -1.1 -0.5 0.2
v -1.1 -0.6 0.2
v -1.1 -0.5 0.3
v -1.1 -0.6 0.3
v -1 -0.6 0.3
v -1 -0.5 0.3
v -1.1 -0.6 0.2
v -1.1 -0.5 0.2
v -1 -0.5 0.2
v -1 -0.6 0.2
v -1 -0.5 0.3
v -1 -0.6 0.3
v -0.9 -0.6 0.3
v -0.9 -0.5 0.3
v -1 -0.6 0.2
v -1 -0.5 0.2
v -0.9 -0.5 0.2
v -0.9 -0.6 0.2
v -0.9 -0.5 0.3
v -0.9 -0.6 0.3
v -0.8 -0.6 0.3
v -0.8 -0.5 0.3
v -0.9 -0.6 0.2
v -0.9 -0.5 0.2
v -0.8 -0.5 0.2
v -0.8 -0.6 0.2
v -0.8 -0.5 0.3
v -0.8 -0.6 0.3
v -0.7 -0.6 0.3
v -0.7 -0.5 0.3
v -0.8 -0.6 0.2
v -0.8 -0.5 0.2
v -0.7 -0.5 0.2
v -0.7 -0.6 0.2
v -0.7 -0.5 0.3
v -0.7 -0.6 0.3
v -0.6 -0.6 0.3
v -0.6 -0.5 0.3
v -0.7 -0.6 0.2
v -0.7 -0.5 0.2
v -0.6 -0.5 0.2
v -0.6 -0.6 0.2
v -0.6 -0.5 0.3
v -0.6 -0.6 0.3
v -0.5 -0.6 0.3
v -0.5 -0.5 0.3
v -0.6 -0.6 0.2
v -0.6 -0.5 0.2
v -0.5 -0.5 0.2
v -0.5 -0.6 0.2
v -0.5 -0.5 0.3
v -0.5 -0.6 0.3
v -0.4 -0.6 0.3
v -0.4 -0.5 0.3
v -0.5 -0.6 0.2
v -0.5 -0.5 0.2
v -0.4 -0.5 0.2
v -0.4 -0.6 0.2
v -0.4 -0.5 0.3
v -0.4 -0.6 0.3
v -0.3 -0.6 0.3
v -0.3 -0.5 0.3
v -0.4 -0.6 0.2
v -0.4 -0.5 0.2
v -0.3 -0.5 0.2
v -0.3 -0.6 0.2
v -0.3 -0.5 0.3
v -0.3 -0.6 0.3
v -0.2 -0.6 0.3
v -0.2 -0.5 0.3
v -0.3 -0.6 0.2
v -0.3 -0.5 0.2
v -0.2 -0.5 0.2
v -0.2 -0.6 0.2
v -0.2 -0.5 0.3
v -0.2 -0.6 0.3
v -0.1 -0.6 0.3
v -0.1 -0.5 0.3
v -0.2 -0.6 0.2
v -0.2 -0.5 0.2
v -0.1 -0.5 0.2
v -0.1 -0.6 0.2
v -0.1 -0.5 0.3
v -0.1 -0.6 0.3
v 0 -0.6 0.3
v 0 -0.5 0.3
v -0.1 -0.6 0.2
v -0.1 -0.5 0.2
v 0 -0.5 0.2
v 0 -0.6 0.2
v 0 -0.5 0.3
v 0 -0.6 0.3
v 0.1 -0.6 0.3
v 0.1 -0.5 0.3
v 0 -0.6 0.2
v 0 -0.5 0.2
v 0.1 -0.5 0.2
v 0.1 -0.6 0.2
v 0.1 -0.5 0.3
v 0.1 -0.6 0.3
v 0.2 -0.6 0.3
v 0.2 -0.5 0.3
v 0.1 -0.6 0.2
v 0.1 -0.5 0.2
v 0.2 -0.5 0.2
v 0.2 -0.6 0.2
v 0.2 -0.5 0.3
v 0.2 -0.6 0.3
v 0.3 -0.6 0.3
v 0.3 -0.5 0.3
v 0.2 -0.6 0.2
v 0.2 -0.5 0.2
v 0.3 -0.5 0.2
v 0.3 -0.6 0.2
v 0.3 -0.5 0.3
v 0.3 -0.6 0.3
v 0.4 -0.6 0.3
v 0.4 -0.5 0.3
v 0.3 -0.6 0.2
v 0.3 -0.5 0.2
v 0.4 -0.5 0.2
v 0.4 -0.6 0.2
v 0.4 -0.5 0.3
v 0.4 -0.6 0.3
v 0.5 -0.6 0.3
v 0.5 -0.5 0.3
v 0.4 -0.6 0.2
v 0.4 -0.5 0.2
v 0.5 -0.5 0.2
v 0.5 -0.6 0.2
v 0.5 -0.5 0.3
v 0.5 -0.6 0.3
v 0.6 -0.6 0.3
v 0.6 -0.5 0.3
v 0.5 -0.6 0.2
v 0.5 -0.5 0.2
v 0.6 -0.5 0.2
v 0.6 -0.6 0.2
v 0.6 -0.5 0.3
v 0.6 -0.6 0.3
v 0.7 -0.6 0.3
v 0.7 -0.5 0.3
v 0.6 -0.6 0.2
v 0.6 -0.5 0.2
v 0.7 -0.5 0.2
v 0.7 -0.6 0.2
v 0.7 -0.5 0.3
v 0.7 -0.6 0.3
v 0.8 -0.6 0.3
v 0.8 -0.5 0.3
v 0.7 -0.6 0.2
v 0.7 -0.5 0.2
v 0.8 -0.5 0.2
v 0.8 -0.6 0.2
v 0.8 -0.5 0.3
v 0.8 -0.6 0.3
v 0.9 -0.6 0.3
v 0.9 -0.5 0.3
v 0.8 -0.6 0.2
v 0.8 -0.5 0.2
v 0.9 -0.5 0.2
v 0.9 -0.6 0.2
v 0.9 -0.5 0.3
v 0.9 -0.6 0.3
v 1 -0.6 0.3
v 1 -0.5 0.3
v 0.9 -0.6 0.2
v 0.9 -0.5 0.2
v 1 -0.5 0.2
v 1 -0.6 0.2
v 1 -0.5 0.3
v 1 -0.6 0.3
v 1.1 -0.6 0.3
v 1.1 -0.5 0.3
v 1 -0.6 0.2
v 1 -0.5 0.2
v 1.1 -0.5 0.2
v 1.1 -0.6 0.2
v 1.2 -0.6 0.3
v 1.2 -0.6 0.2
v 1.2 -0.5 0.2
v 1.2 -0.5 0.3
v 1.1 -0.5 0.3
v 1.1 -0.6 0.3
v 1.2 -0.6 0.3
v 1.2 -0.5 0.3
v 1.1 -0.6 0.2
v 1.1 -0.5 0.2
v 1.2 -0.5 0.2
v 1.2 -0.6 0.2
v -1.2 -0.6 0.3
v -1.2 -0.6 0.2
v -1.2 -0.7 0.2
v -1.2 -0.7 0.3
v -1.2 -0.6 0.3
v -1.2 -0.7 0.3
v -1.1 -0.7 0.3
v -1.1 -0.6 0.3
v -1.2 -0.7 0.2
v -1.2 -0.6 0.2
v -1.1 -0.6 0.2
v -1.1 -0.7 0.2
v -1.1 -0.6 0.3
v -1.1 -0.7 0.3
v -1 -0.7 0.3
v -1 -0.6 0.3
v -1.1 -0.7 0.2
v -1.1 -0.6 0.2
v -1 -0.6 0.2
v -1 -0.7 0.2
v -1 -0.6 0.3
v -1 -0.7 0.3
v -0.9 -0.7 0.3
v -0.9 -0.6 0.3
v -1 -0.7 0.2
v -1 -0.6 0.2
v -0.9 -0.6 0.2
v -0.9 -0.7 0.2
v -0.9 -0.6 0.3
v -0.9 -0.7 0.3
v -0.8 -0.7 0.3
v -0.8 -0.6 0.3
v -0.9 -0.7 0.2
v -0.9 -0.6 0.2
v -0.8 -0.6 0.2
v -0.8 -0.7 0.2
v -0.8 -0.6 0.3
v -0.8 -0.7 0.3
v -0.7 -0.7 0.3
v -0.7 -0.6 0.3
v -0.8 -0.7 0.2
v -0.8 -0.6 0.2
v -0.7 -0.6 0.2
v -0.7 -0.7 0.2
v -0.7 -0.6 0.3
v -0.7 -0.7 0.3
v -0.6 -0.7 0.3
v -0.6 -0.6 0.3
v -0.7 -0.7 0.2
v -0.7 -0.6 0.2
v -0.6 -0.6 0.2
v -0.6 -0.7 0.2
v -0.6 -0.6 0.3
v -0.6 -0.7 0.3
v -0.5 -0.7 0.3
v -0.5 -0.6 0.3
v -0.6 -0.7 0.2
v -0.6 -0.6 0.2
v -0.5 -0.6 0.2
v -0.5 -0.7 0.2
v -0.5 -0.6 0.3
v -0.5 -0.7 0.3
v -0.4 -0.7 0.3
v -0.4 -0.6 0.3
v -0.5 -0.7 0.2
v -0.5 -0.6 0.2
v -0.4 -0.6 0.2
v -0.4 -0.7 0.2
v -0.4 -0.6 0.3
v -0.4 -0.7 0.3
v -0.3 -0.7 0.3
v -0.3 -0.6 0.3
v -0.4 -0.7 0.2
v -0.4 -0.6 0.2
v -0.3 -0.6 0.2
v -0.3 -0.7 0.2
v -0.3 -0.6 0.3
v -0.3 -0.7 0.3
v -0.2 -0.7 0.3
v -0.2 -0.6 0.3
v -0.3 -0.7 0.2
v -0.3 -0.6 0.2
v -0.2 -0.6 0.2
v -0.2 -0.7 0.2
v -0.2 -0.6 0.3
v -0.2 -0.7 0.3
v -0.1 -0.7 0.3
v -0.1 -0.6 0.3
v -0.2 -0.7 0.2
v -0.2 -0.6 0.2
v -0.1 -0.6 0.2
v -0.1 -0.7 0.2
v -0.1 -0.6 0.3
v -0.1 -0.7 0.3
v 0 -0.7 0.3
v 0 -0.6 0.3
v -0.1 -0.7 0.2
v -0.1 -0.6 0.2
v 0 -0.6 0.2
v 0 -0.7 0.2
v 0 -0.6 0.3
v 0 -0.7 0.3
v 0.1 -0.7 0.3
v 0.1 -0.6 0.3
v 0 -0.7 0.2
v 0 -0.6 0.2
v 0.1 -0.6 0.2
v 0.1 -0.7 0.2
v 0.1 -0.6 0.3
v 0.1 -0.7 0.3
v 0.2 -0.7 0.3
v 0.2 -0.6 0.3
v 0.1 -0.7 0.2
v 0.1 -0.6 0.2
v 0.2 -0.6 0.2
v 0.2 -0.7 0.2
v 0.2 -0.6 0.3
v 0.2 -0.7 0.3
v 0.3 -0.7 0.3
v 0.3 -0.6 0.3
v 0.2 -0.7 0.2
v 0.2 -0.6 0.2
v 0.3 -0.6 0.2
v 0.3 -0.7 0.2
v 0.3 -0.6 0.3
v 0.3 -0.7 0.3
v 0.4 -0.7 0.3
v 0.4 -0.6 0.3
v 0.3 -0.7 0.2
v 0.3 -0.6 0.2
v 0.4 -0.6 0.2
v 0.4 -0.7 0.2
v 0.4 -0.6 0.3
v 0.4 -0.7 0.3
v 0.5 -0.7 0.3
v 0.5 -0.6 0.3
v 0.4 -0.7 0.2
v 0.4 -0.6 0.2
v 0.5 -0.6 0.2
v 0.5 -0.7 0.2
v 0.5 -0.6 0.3
v 0.5 -0.7 0.3
v 0.6 -0.7 0.3
v 0.6 -0.6 0.3
v 0.5 -0.7 0.2
v 0.5 -0.6 0.2
v 0.6 -0.6 0.2
v 0.6 -0.7 0.2
v 0.6 -0.6 0.3
v 0.6 -0.7 0.3
v 0.7 -0.7 0.3
v 0.7 -0.6 0.3
v 0.6 -0.7 0.2
v 0.6 -0.6 0.2
v 0.7 -0.6 0.2
v 0.7 -0.7 0.2
v 0.7 -0.6 0.3
v 0.7 -0.7 0.3
v 0.8 -0.7 0.3
v 0.8 -0.6 0.3
v 0.7 -0.7 0.2
v 0.7 -0.6 0.2
v 0.8 -0.6 0.2
v 0.8 -0.7 0.2
v 0.8 -0.6 0.3
v 0.8 -0.7 0.3
v 0.9 -0.7 0.3
v 0.9 -0.6 0.3
v 0.8 -0.7 0.2
v 0.8 -0.6 0.2
v 0.9 -0.6 0.2
v 0.9 -0.7 0.2
v 0.9 -0.6 0.3
v 0.9 -0.7 0.3
v 1 -0.7 0.3
v 1 -0.6 0.3
v 0.9 -0.7 0.2
v 0.9 -0.6 0.2
v 1 -0.6 0.2
v 1 -0.7 0.2
v 1 -0.6 0.3
v 1 -0.7 0.3
v 1.1 -0.7 0.3
v 1.1 -0.6 0.3
v 1 -0.7 0.2
v 1 -0.6 0.2
v 1.1 -0.6 0.2
v 1.1 -0.7 0.2
v 1.2 -0.7 0.3
v 1.2 -0.7 0.2
v 1.2 -0.6 0.2
v 1.2 -0.6 0.3
v 1.1 -0.6 0.3
v 1.1 -0.7 0.3
v 1.2 -0.7 0.3
v 1.2 -0.6 0.3
v 1.1 -0.7 0.2
v 1.1 -0.6 0.2
v 1.2 -0.6 0.2
v 1.2 -0.7 0.2
v -1.2 -0.7 0.3
v -1.2 -0.7 0.2
v -1.2 -0.8 0.2
v -1.2 -0.8 0.3
v -1.2 -0.7 0.3
v -1.2 -0.8 0.3
v -1.1 -0.8 0.3
v -1.1 -0.7 0.3
v -1.2 -0.8 0.2
v -1.2 -0.7 0.2
v -1.1 -0.7 0.2
v -1.1 -0.8 0.2
v -1.1 -0.7 0.3
v -1.1 -0.8 0.3
v -1 -0.8 0.3
v -1 -0.7 0.3
v -1.1 -0.8 0.2
v -1.1 -0.7 0.2
v -1 -0.7 0.2
v -1 -0.8 0.2
v -1 -0.7 0.3
v -1 -0.8 0.3
v -0.9 -0.8 0.3
v -0.9 -0.7 0.3
v -1 -0.8 0.2
v -1 -0.7 0.2
v -0.9 -0.7 0.2
v -0.9 -0.8 0.2
v -0.9 -0.7 0.3
v -0.9 -0.8 0.3
v -0.8 -0.8 0.3
v -0.8 -0.7 0.3
v -0.9 -0.8 0.2
v -0.9 -0.7 0.2
v -0.8 -0.7 0.2
v -0.8 -0.8 0.2
v -0.8 -0.7 0.3
v -0.8 -0.8 0.3
v -0.7 -0.8 0.3
v -0.7 -0.7 0.3
v -0.8 -0.8 0.2
v -0.8 -0.7 0.2
v -0.7 -0.7 0.2
v -0.7 -0.8 0.2
v -0.7 -0.7 0.3
v -0.7 -0.8 0.3
v -0.6 -0.8 0.3
v -0.6 -0.7 0.3
v -0.7 -0.8 0.2
v -0.7 -0.7 0.2
v -0.6 -0.7 0.2
v -0.6 -0.8 0.2
v -0.6 -0.7 0.3
v -0.6 -0.8 0.3
v -0.5 -0.8 0.3
v -0.5 -0.7 0.3
v -0.6 -0.8 0.2
v -0.6 -0.7 0.2
v -0.5 -0.7 0.2
v -0.5 -0.8 0.2
v -0.5 -0.7 0.3
v -0.5 -0.8 0.3
v -0.4 -0.8 0.3
v -0.4 -0.7 0.3
v -0.5 -0.8 0.2
v -0.5 -0.7 0.2
v -0.4 -0.7 0.2
v -0.4 -0.8 0.2
v -0.4 -0.7 0.3
v -0.4 -0.8 0.3
v -0.3 -0.8 0.3
v -0.3 -0.7 0.3
v -0.4 -0.8 0.2
v -0.4 -0.7 0.2
v -0.3 -0.7 0.2
v -0.3 -0.8 0.2
v -0.3 -0.7 0.3
v -0.3 -0.8 0.3
v -0.2 -0.8 0.3
v -0.2 -0.7 0.3
v -0.3 -0.8 0.2
v -0.3 -0.7 0.2
v -0.2 -0.7 0.2
v -0.2 -0.8 0.2
v -0.2 -0.7 0.3
v -0.2 -0.8 0.3
v -0.1 -0.8 0.3
v -0.1 -0.7 0.3
v -0.2 -0.8 0.2
v -0.2 -0.7 0.2
v -0.1 -0.7 0.2
v -0.1 -0.8 0.2
v -0.1 -0.7 0.3
v -0.1 -0.8 0.3
v 0 -0.8 0.3
v 0 -0.7 0.3
v -0.1 -0.8 0.2
v -0.1 -0.7 0.2
v 0 -0.7 0.2
v 0 -0.8 0.2
v 0 -0.7 0.3
v 0 -0.8 0.3
v 0.1 -0.8 0.3
v 0.1 -0.7 0.3
v 0 -0.8 0.2
v 0 -0.7 0.2
v 0.1 -0.7 0.2
v 0.1 -0.8 0.2
v 0.1 -0.7 0.3
v 0.1 -0.8 0.3
v 0.2 -0.8 0.3
v 0.2 -0.7 0.3
v 0.1 -0.8 0.2
v 0.1 -0.7 0.2
v 0.2 -0.7 0.2
v 0.2 -0.8 0.2
v 0.2 -0.7 0.3
v 0.2 -0.8 0.3
v 0.3 -0.8 0.3
v 0.3 -0.7 0.3
v 0.2 -0.8 0.2
v 0.2 -0.7 0.2
v 0.3 -0.7 0.2
v 0.3 -0.8 0.2
v 0.3 -0.7 0.3
v 0.3 -0.8 0.3
v 0.4 -0.8 0.3
v 0.4 -0.7 0.3
v 0.3 -0.8 0.2
v 0.3 -0.7 0.2
v 0.4 -0.7 0.2
v 0.4 -0.8 0.2
v 0.4 -0.7 0.3
v 0.4 -0.8 0.3
v 0.5 -0.8 0.3
v 0.5 -0.7 0.3
v 0.4 -0.8 0.2
v 0.4 -0.7 0.2
v 0.5 -0.7 0.2
v 0.5 -0.8 0.2
v 0.5 -0.7 0.3
v 0.5 -0.8 0.3
v 0.6 -0.8 0.3
v 0.6 -0.7 0.3
v 0.5 -0.8 0.2
v 0.5 -0.7 0.2
v 0.6 -0.7 0.2
v 0.6 -0.8 0.2
v 0.6 -0.7 0.3
v 0.6 -0.8 0.3
v 0.7 -0.8 0.3
v 0.7 -0.7 0.3
v 0.6 -0.8 0.2
v 0.6 -0.7 0.2
v 0.7 -0.7 0.2
v 0.7 -0.8 0.2
v 0.7 -0.7 0.3
v 0.7 -0.8 0.3
v 0.8 -0.8 0.3
v 0.8 -0.7 0.3
v 0.7 -0.8 0.2
v 0.7 -0.7 0.2
v 0.8 -0.7 0.2
v 0.8 -0.8 0.2
v 0.8 -0.7 0.3
v 0.8 -0.8 0.3
v 0.9 -0.8 0.3
v 0.9 -0.7 0.3
v 0.8 -0.8 0.2
v 0.8 -0.7 0.2
v 0.9 -0.7 0.2
v 0.9 -0.8 0.2
v 0.9 -0.7 0.3
v 0.9 -0.8 0.3
v 1 -0.8 0.3
v 1 -0.7 0.3
v 0.9 -0.8 0.2
v 0.9 -0.7 0.2
v 1 -0.7 0.2
v 1 -0.8 0.2
v 1 -0.7 0.3
v 1 -0.8 0.3
v 1.1 -0.8 0.3
v 1.1 -0.7 0.3
v 1 -0.8 0.2
v 1 -0.7 0.2
v 1.1 -0.7 0.2
v 1.1 -0.8 0.2
v 1.2 -0.8 0.3
v 1.2 -0.8 0.2
v 1.2 -0.7 0.2
v 1.2 -0.7 0.3
v 1.1 -0.7 0.3
v 1.1 -0.8 0.3
v 1.2 -0.8 0.3
v 1.2 -0.7 0.3
v 1.1 -0.8 0.2
v 1.1 -0.7 0.2
v 1.2 -0.7 0.2
v 1.2 -0.8 0.2
v -1.2 -0.8 0.3
v -1.2 -0.8 0.2
v -1.2 -0.9 0.2
v -1.2 -0.9 0.3
v -1.2 -0.8 0.3
v -1.2 -0.9 0.3
v -1.1 -0.9 0.3
v -1.1 -0.8 0.3
v -1.2 -0.9 0.2
v -1.2 -0.8 0.2
v -1.1 -0.8 0.2
v -1.1 -0.9 0.2
v -1.1 -0.8 0.3
v -1.1 -0.9 0.3
v -1 -0.9 0.3
v -1 -0.8 0.3
v -1.1 -0.9 0.2
v -1.1 -0.8 0.2
v -1 -0.8 0.2
v -1 -0.9 0.2
v -1 -0.8 0.3
v -1 -0.9 0.3
v -0.9 -0.9 0.3
v -0.9 -0.8 0.3
v -1 -0.9 0.2
v -1 -0.8 0.2
v -0.9 -0.8 0.2
v -0.9 -0.9 0.2
v -0.9 -0.8 0.3
v -0.9 -0.9 0.3
v -0.8 -0.9 0.3
v -0.8 -0.8 0.3
v -0.9 -0.9 0.2
v -0.9 -0.8 0.2
v -0.8 -0.8 0.2
v -0.8 -0.9 0.2
v -0.8 -0.8 0.3
v -0.8 -0.9 0.3
v -0.7 -0.9 0.3
v -0.7 -0.8 0.3
v -0.8 -0.9 0.2
v -0.8 -0.8 0.2
v -0.7 -0.8 0.2
v -0.7 -0.9 0.2
v -0.7 -0.8 0.3
v -0.7 -0.9 0.3
v -0.6 -0.9 0.3
v -0.6 -0.8 0.3
v -0.7 -0.9 0.2
v -0.7 -0.8 0.2
v -0.6 -0.8 0.2
v -0.6 -0.9 0.2
v -0.6 -0.8 0.3
v -0.6 -0.9 0.3
v -0.5 -0.9 0.3
v -0.5 -0.8 0.3
v -0.6 -0.9 0.2
v -0.6 -0.8 0.2
v -0.5 -0.8 0.2
v -0.5 -0.9 0.2
v -0.5 -0.8 0.3
v -0.5 -0.9 0.3
v -0.4 -0.9 0.3
v -0.4 -0.8 0.3
v -0.5 -0.9 0.2
v -0.5 -0.8 0.2
v -0.4 -0.8 0.2
v -0.4 -0.9 0.2
v -0.4 -0.8 0.3
v -0.4 -0.9 0.3
v -0.3 -0.9 0.3
v -0.3 -0.8 0.3
v -0.4 -0.9 0.2
v -0.4 -0.8 0.2
v -0.3 -0.8 0.2
v -0.3 -0.9 0.2
v -0.3 -0.8 0.3
v -0.3 -0.9 0.3
v -0.2 -0.9 0.3
v -0.2 -0.8 0.3
v -0.3 -0.9 0.2
v -0.3 -0.8 0.2
v -0.2 -0.8 0.2
v -0.2 -0.9 0.2
v -0.2 -0.8 0.3
v -0.2 -0.9 0.3
v -0.1 -0.9 0.3
v -0.1 -0.8 0.3
v -0.2 -0.9 0.2
v -0.2 -0.8 0.2
v -0.1 -0.8 0.2
v -0.1 -0.9 0.2
v -0.1 -0.8 0.3
v -0.1 -0.9 0.3
v 0 -0.9 0.3
v 0 -0.8 0.3
v -0.1 -0.9 0.2
v -0.1 -0.8 0.2
v 0 -0.8 0.2
v 0 -0.9 0.2
v 0 -0.8 0.3
v 0 -0.9 0.3
v 0.1 -0.9 0.3
v 0.1 -0.8 0.3
v 0 -0.9 0.2
v 0 -0.8 0.2
v 0.1 -0.8 0.2
v 0.1 -0.9 0.2
v 0.1 -0.8 0.3
v 0.1 -0.9 0.3
v 0.2 -0.9 0.3
v 0.2 -0.8 0.3
v 0.1 -0.9 0.2
v 0.1 -0.8 0.2
v 0.2 -0.8 0.2
v 0.2 -0.9 0.2
v 0.2 -0.8 0.3
v 0.2 -0.9 0.3
v 0.3 -0.9 0.3
v 0.3 -0.8 0.3
v 0.2 -0.9 0.2
v 0.2 -0.8 0.2
v 0.3 -0.8 0.2
v 0.3 -0.9 0.2
v 0.3 -0.8 0.3
v 0.3 -0.9 0.3
v 0.4 -0.9 0.3
v 0.4 -0.8 0.3
v 0.3 -0.9 0.2
v 0.3 -0.8 0.2
v 0.4 -0.8 0.2
v 0.4 -0.9 0.2
v 0.4 -0.8 0.3
v 0.4 -0.9 0.3
v 0.5 -0.9 0.3
v 0.5 -0.8 0.3
v 0.4 -0.9 0.2
v 0.4 -0.8 0.2
v 0.5 -0.8 0.2
v 0.5 -0.9 0.2
v 0.5 -0.8 0.3
v 0.5 -0.9 0.3
v 0.6 -0.9 0.3
v 0.6 -0.8 0.3
v 0.5 -0.9 0.2
v 0.5 -0.8 0.2
v 0.6 -0.8 0.2
v 0.6 -0.9 0.2
v 0.6 -0.8 0.3
v 0.6 -0.9 0.3
v 0.7 -0.9 0.3
v 0.7 -0.8 0.3
v 0.6 -0.9 0.2
v 0.6 -0.8 0.2
v 0.7 -0.8 0.2
v 0.7 -0.9 0.2
v 0.7 -0.8 0.3
v 0.7 -0.9 0.3
v 0.8 -0.9 0.3
v 0.8 -0.8 0.3
v 0.7 -0.9 0.2
v 0.7 -0.8 0.2
v 0.8 -0.8 0.2
v 0.8 -0.9 0.2
v 0.8 -0.8 0.3
v 0.8 -0.9 0.3
v 0.9 -0.9 0.3
v 0.9 -0.8 0.3
v 0.8 -0.9 0.2
v 0.8 -0.8 0.2
v 0.9 -0.8 0.2
v 0.9 -0.9 0.2
v 0.9 -0.8 0.3
v 0.9 -0.9 0.3
v 1 -0.9 0.3
v 1 -0.8 0.3
v 0.9 -0.9 0.2
v 0.9 -0.8 0.2
v 1 -0.8 0.2
v 1 -0.9 0.2
v 1 -0.8 0.3
v 1 -0.9 0.3
v 1.1 -0.9 0.3
v 1.1 -0.8 0.3
v 1 -0.9 0.2
v 1 -0.8 0.2
v 1.1 -0.8 0.2
v 1.1 -0.9 0.2
v 1.2 -0.9 0.3
v 1.2 -0.9 0.2
v 1.2 -0.8 0.2
v 1.2 -0.8 0.3
v 1.1 -0.8 0.3
v 1.1 -0.9 0.3
v 1.2 -0.9 0.3
v 1.2 -0.8 0.3
v 1.1 -0.9 0.2
v 1.1 -0.8 0.2
v 1.2 -0.8 0.2
v 1.2 -0.9 0.2
v -1.2 -0.9 0.3
v -1.2 -0.9 0.2
v -1.2 -1 0.2
v -1.2 -1 0.3
v -1.2 -0.9 0.3
v -1.2 -1 0.3
v -1.1 -1 0.3
v -1.1 -0.9 0.3
v -1.2 -1 0.2
v -1.2 -0.9 0.2
v -1.1 -0.9 0.2
v -1.1 -1 0.2
v -1.1 -0.9 0.3
v -1.1 -1 0.3
v -1 -1 0.3
v -1 -0.9 0.3
v -1.1 -1 0.2
v -1.1 -0.9 0.2
v -1 -0.9 0.2
v -1 -1 0.2
v -1 -0.9 0.3
v -1 -1 0.3
v -0.9 -1 0.3
v -0.9 -0.9 0.3
v -1 -1 0.2
v -1 -0.9 0.2
v -0.9 -0.9 0.2
v -0.9 -1 0.2
v -0.9 -0.9 0.3
v -0.9 -1 0.3
v -0.8 -1 0.3
v -0.8 -0.9 0.3
v -0.9 -1 0.2
v -0.9 -0.9 0.2
v -0.8 -0.9 0.2
v -0.8 -1 0.2
v -0.8 -0.9 0.3
v -0.8 -1 0.3
v -0.7 -1 0.3
v -0.7 -0.9 0.3
v -0.8 -1 0.2
v -0.8 -0.9 0.2
v -0.7 -0.9 0.2
v -0.7 -1 0.2
v -0.7 -0.9 0.3
v -0.7 -1 0.3
v -0.6 -1 0.3
v -0.6 -0.9 0.3
v -0.7 -1 0.2
v -0.7 -0.9 0.2
v -0.6 -0.9 0.2
v -0.6 -1 0.2
v -0.6 -0.9 0.3
v -0.6 -1 0.3
v -0.5 -1 0.3
v -0.5 -0.9 0.3
v -0.6 -1 0.2
v -0.6 -0.9 0.2
v -0.5 -0.9 0.2
v -0.5 -1 0.2
v -0.5 -0.9 0.3
v -0.5 -1 0.3
v -0.4 -1 0.3
v -0.4 -0.9 0.3
v -0.5 -1 0.2
v -0.5 -0.9 0.2
v -0.4 -0.9 0.2
v -0.4 -1 0.2
v -0.4 -0.9 0.3
v -0.4 -1 0.3
v -0.3 -1 0.3
v -0.3 -0.9 0.3
v -0.4 -1 0.2
v -0.4 -0.9 0.2
v -0.3 -0.9 0.2
v -0.3 -1 0.2
v -0.3 -0.9 0.3
v -0.3 -1 0.3
v -0.2 -1 0.3
v -0.2 -0.9 0.3
v -0.3 -1 0.2
v -0.3 -0.9 0.2
v -0.2 -0.9 0.2
v -0.2 -1 0.2
v -0.2 -0.9 0.3
v -0.2 -1 0.3
v -0.1 -1 0.3
v -0.1 -0.9 0.3
v -0.2 -1 0.2
v -0.2 -0.9 0.2
v -0.1 -0.9 0.2
v -0.1 -1 0.2
v -0.1 -0.9 0.3
v -0.1 -1 0.3
v 0 -1 0.3
v 0 -0.9 0.3
v -0.1 -1 0.2
v -0.1 -0.9 0.2
v 0 -0.9 0.2
v 0 -1 0.2
v 0 -0.9 0.3
v 0 -1 0.3
v 0.1 -1 0.3
v 0.1 -0.9 0.3
v 0 -1 0.2
v 0 -0.9 0.2
v 0.1 -0.9 0.2
v 0.1 -1 0.2
v 0.1 -0.9 0.3
v 0.1 -1 0.3
v 0.2 -1 0.3
v 0.2 -0.9 0.3
v 0.1 -1 0.2
v 0.1 -0.9 0.2
v 0.2 -0.9 0.2
v 0.2 -1 0.2
v 0.2 -0.9 0.3
v 0.2 -1 0.3
v 0.3 -1 0.3
v 0.3 -0.9 0.3
v 0.2 -1 0.2
v 0.2 -0.9 0.2
v 0.3 -0.9 0.2
v 0.3 -1 0.2
v 0.3 -0.9 0.3
v 0.3 -1 0.3
v 0.4 -1 0.3
v 0.4 -0.9 0.3
v 0.3 -1 0.2
v 0.3 -0.9 0.2
v 0.4 -0.9 0.2
v 0.4 -1 0.2
v 0.4 -0.9 0.3
v 0.4 -1 0.3
v 0.5 -1 0.3
v 0.5 -0.9 0.3
v 0.4 -1 0.2
v 0.4 -0.9 0.2
v 0.5 -0.9 0.2
v 0.5 -1 0.2
v 0.5 -0.9 0.3
v 0.5 -1 0.3
v 0.6 -1 0.3
v 0.6 -0.9 0.3
v 0.5 -1 0.2
v 0.5 -0.9 0.2
v 0.6 -0.9 0.2
v 0.6 -1 0.2
v 0.6 -0.9 0.3
v 0.6 -1 0.3
v 0.7 -1 0.3
v 0.7 -0.9 0.3
v 0.6 -1 0.2
v 0.6 -0.9 0.2
v 0.7 -0.9 0.2
v 0.7 -1 0.2
v 0.7 -0.9 0.3
v 0.7 -1 0.3
v 0.8 -1 0.3
v 0.8 -0.9 0.3
v 0.7 -1 0.2
v 0.7 -0.9 0.2
v 0.8 -0.9 0.2
v 0.8 -1 0.2
v 0.8 -0.9 0.3
v 0.8 -1 0.3
v 0.9 -1 0.3
v 0.9 -0.9 0.3
v 0.8 -1 0.2
v 0.8 -0.9 0.2
v 0.9 -0.9 0.2
v 0.9 -1 0.2
v 0.9 -0.9 0.3
v 0.9 -1 0.3
v 1 -1 0.3
v 1 -0.9 0.3
v 0.9 -1 0.2
v 0.9 -0.9 0.2
v 1 -0.9 0.2
v 1 -1 0.2
v 1 -0.9 0.3
v 1 -1 0.3
v 1.1 -1 0.3
v 1.1 -0.9 0.3
v 1 -1 0.2
v 1 -0.9 0.2
v 1.1 -0.9 0.2
v 1.1 -1 0.2
v 1.2 -1 0.3
v 1.2 -1 0.2
v 1.2 -0.9 0.2
v 1.2 -0.9 0.3
v 1.1 -0.9 0.3
v 1.1 -1 0.3
v 1.2 -1 0.3
v 1.2 -0.9 0.3
v 1.1 -1 0.2
v 1.1 -0.9 0.2
v 1.2 -0.9 0.2
v 1.2 -1 0.2
v -1.2 -1 0.3
v -1.2 -1 0.2
v -1.2 -1.1 0.2
v -1.2 -1.1 0.3
v -1.2 -1 0.3
v -1.2 -1.1 0.3
v -1.1 -1.1 0.3
v -1.1 -1 0.3
v -1.2 -1.1 0.2
v -1.2 -1 0.2
v -1.1 -1 0.2
v -1.1 -1.1 0.2
v -1.1 -1 0.3
v -1.1 -1.1 0.3
v -1 -1.1 0.3
v -1 -1 0.3
v -1.1 -1.1 0.2
v -1.1 -1 0.2
v -1 -1 0.2
v -1 -1.1 0.2
v -1 -1 0.3
v -1 -1.1 0.3
v -0.9 -1.1 0.3
v -0.9 -1 0.3
v -1 -1.1 0.2
v -1 -1 0.2
v -0.9 -1 0.2
v -0.9 -1.1 0.2
v -0.9 -1 0.3
v -0.9 -1.1 0.3
v -0.8 -1.1 0.3
v -0.8 -1 0.3
v -0.9 -1.1 0.2
v -0.9 -1 0.2
v -0.8 -1 0.2
v -0.8 -1.1 0.2
v -0.8 -1 0.3
v -0.8 -1.1 0.3
v -0.7 -1.1 0.3
v -0.7 -1 0.3
v -0.8 -1.1 0.2
v -0.8 -1 0.2
v -0.7 -1 0.2
v -0.7 -1.1 0.2
v -0.7 -1 0.3
v -0.7 -1.1 0.3
v -0.6 -1.1 0.3
v -0.6 -1 0.3
v -0.7 -1.1 0.2
v -0.7 -1 0.2
v -0.6 -1 0.2
v -0.6 -1.1 0.2
v -0.6 -1 0.3
v -0.6 -1.1 0.3
v -0.5 -1.1 0.3
v -0.5 -1 0.3
v -0.6 -1.1 0.2
v -0.6 -1 0.2
v -0.5 -1 0.2
v -0.5 -1.1 0.2
v -0.5 -1 0.3
v -0.5 -1.1 0.3
v -0.4 -1.1 0.3
v -0.4 -1 0.3
v -0.5 -1.1 0.2
v -0.5 -1 0.2
v -0.4 -1 0.2
v -0.4 -1.1 0.2
v -0.4 -1 0.3
v -0.4 -1.1 0.3
v -0.3 -1.1 0.3
v -0.3 -1 0.3
v -0.4 -1.1 0.2
v -0.4 -1 0.2
v -0.3 -1 0.2
v -0.3 -1.1 0.2
v -0.3 -1 0.3
v -0.3 -1.1 0.3
v -0.2 -1.1 0.3
v -0.2 -1 0.3
v -0.3 -1.1 0.2
v -0.3 -1 0.2
v -0.2 -1 0.2
v -0.2 -1.1 0.2
v -0.2 -1 0.3
v -0.2 -1.1 0.3
v -0.1 -1.1 0.3
v -0.1 -1 0.3
v -0.2 -1.1 0.2
v -0.2 -1 0.2
v -0.1 -1 0.2
v -0.1 -1.1 0.2
v -0.1 -1 0.3
v -0.1 -1.1 0.3
v 0 -1.1 0.3
v 0 -1 0.3
v -0.1 -1.1 0.2
v -0.1 -1 0.2
v 0 -1 0.2
v 0 -1.1 0.2
v 0 -1 0.3
v 0 -1.1 0.3
v 0.1 -1.1 0.3
v 0.1 -1 0.3
v 0 -1.1 0.2
v 0 -1 0.2
v 0.1 -1 0.2
v 0.1 -1.1 0.2
v 0.1 -1 0.3
v 0.1 -1.1 0.3
v 0.2 -1.1 0.3
v 0.2 -1 0.3
v 0.1 -1.1 0.2
v 0.1 -1 0.2
v 0.2 -1 0.2
v 0.2 -1.1 0.2
v 0.2 -1 0.3
v 0.2 -1.1 0.3
v 0.3 -1.1 0.3
v 0.3 -1 0.3
v 0.2 -1.1 0.2
v 0.2 -1 0.2
v 0.3 -1 0.2
v 0.3 -1.1 0.2
v 0.3 -1 0.3
v 0.3 -1.1 0.3
v 0.4 -1.1 0.3
v 0.4 -1 0.3
v 0.3 -1.1 0.2
v 0.3 -1 0.2
v 0.4 -1 0.2
v 0.4 -1.1 0.2
v 0.4 -1 0.3
v 0.4 -1.1 0.3
v 0.5 -1.1 0.3
v 0.5 -1 0.3
v 0.4 -1.1 0.2
v 0.4 -1 0.2
v 0.5 -1 0.2
v 0.5 -1.1 0.2
v 0.5 -1 0.3
v 0.5 -1.1 0.3
v 0.6 -1.1 0.3
v 0.6 -1 0.3
v 0.5 -1.1 0.2
v 0.5 -1 0.2
v 0.6 -1 0.2
v 0.6 -1.1 0.2
v 0.6 -1 0.3
v 0.6 -1.1 0.3
v 0.7 -1.1 0.3
v 0.7 -1 0.3
v 0.6 -1.1 0.2
v 0.6 -1 0.2
v 0.7 -1 0.2
v 0.7 -1.1 0.2
v 0.7 -1 0.3
v 0.7 -1.1 0.3
v 0.8 -1.1 0.3
v 0.8 -1 0.3
v 0.7 -1.1 0.2
v 0.7 -1 0.2
v 0.8 -1 0.2
v 0.8 -1.1 0.2
v 0.8 -1 0.3
v 0.8 -1.1 0.3
v 0.9 -1.1 0.3
v 0.9 -1 0.3
v 0.8 -1.1 0.2
v 0.8 -1 0.2
v 0.9 -1 0.2
v 0.9 -1.1 0.2
v 0.9 -1 0.3
v 0.9 -1.1 0.3
v 1 -1.1 0.3
v 1 -1 0.3
v 0.9 -1.1 0.2
v 0.9 -1 0.2
v 1 -1 0.2
v 1 -1.1 0.2
v 1 -1 0.3
v 1 -1.1 0.3
v 1.1 -1.1 0.3
v 1.1 -1 0.3
v 1 -1.1 0.2
v 1 -1 0.2
v 1.1 -1 0.2
v 1.1 -1.1 0.2
v 1.2 -1.1 0.3
v 1.2 -1.1 0.2
v 1.2 -1 0.2
v 1.2 -1 0.3
v 1.1 -1 0.3
v 1.1 -1.1 0.3
v 1.2 -1.1 0.3
v 1.2 -1 0.3
v 1.1 -1.1 0.2
v 1.1 -1 0.2
v 1.2 -1 0.2
v 1.2 -1.1 0.2
v -1.2 -1.1 0.3
v -1.2 -1.1 0.2
v -1.2 -1.2 0.2
v -1.2 -1.2 0.3
v -1.2 -1.1 0.3
v -1.2 -1.2 0.3
v -1.1 -1.2 0.3
v -1.1 -1.1 0.3
v -1.2 -1.2 0.2
v -1.2 -1.1 0.2
v -1.1 -1.1 0.2
v -1.1 -1.2 0.2
v -1.2 -1.2 0.3
v -1.2 -1.2 0.2
v -1.1 -1.2 0.2
v -1.1 -1.2 0.3
v -1.1 -1.1 0.3
v -1.1 -1.2 0.3
v -1 -1.2 0.3
v -1 -1.1 0.3
v -1.1 -1.2 0.2
v -1.1 -1.1 0.2
v -1 -1.1 0.2
v -1 -1.2 0.2
v -1.1 -1.2 0.3
v -1.1 -1.2 0.2
v -1 -1.2 0.2
v -1 -1.2 0.3
v -1 -1.1 0.3
v -1 -1.2 0.3
v -0.9 -1.2 0.3
v -0.9 -1.1 0.3
v -1 -1.2 0.2
v -1 -1.1 0.2
v -0.9 -1.1 0.2
v -0.9 -1.2 0.2
v -1 -1.2 0.3
v -1 -1.2 0.2
v -0.9 -1.2 0.2
v -0.9 -1.2 0.3
v -0.9 -1.1 0.3
v -0.9 -1.2 0.3
v -0.8 -1.2 0.3
v -0.8 -1.1 0.3
v -0.9 -1.2 0.2
v -0.9 -1.1 0.2
v -0.8 -1.1 0.2
v -0.8 -1.2 0.2
v -0.9 -1.2 0.3
v -0.9 -1.2 0.2
v -0.8 -1.2 0.2
v -0.8 -1.2 0.3
v -0.8 -1.1 0.3
v -0.8 -1.2 0.3
v -0.7 -1.2 0.3
v -0.7 -1.1 0.3
v -0.8 -1.2 0.2
v -0.8 -1.1 0.2
v -0.7 -1.1 0.2
v -0.7 -1.2 0.2
v -0.8 -1.2 0.3
v -0.8 -1.2 0.2
v -0.7 -1.2 0.2
v -0.7 -1.2 0.3
v -0.7 -1.1 0.3
v -0.7 -1.2 0.3
v -0.6 -1.2 0.3
v -0.6 -1.1 0.3
v -0.7 -1.2 0.2
v -0.7 -1.1 0.2
v -0.6 -1.1 0.2
v -0.6 -1.2 0.2
v -0.7 -1.2 0.3
v -0.7 -1.2 0.2
v -0.6 -1.2 0.2
v -0.6 -1.2 0.3
v -0.6 -1.1 0.3
v -0.6 -1.2 0.3
v -0.5 -1.2 0.3
v -0.5 -1.1 0.3
v -0.6 -1.2 0.2
v -0.6 -1.1 0.2
v -0.5 -1.1 0.2
v -0.5 -1.2 0.2
v -0.6 -1.2 0.3
v -0.6 -1.2 0.2
v -0.5 -1.2 0.2
v -0.5 -1.2 0.3
v -0.5 -1.1 0.3
v -0.5 -1.2 0.3
v -0.4 -1.2 0.3
v -0.4 -1.1 0.3
v -0.5 -1.2 0.2
v -0.5 -1.1 0.2
v -0.4 -1.1 0.2
v -0.4 -1.2 0.2
v -0.5 -1.2 0.3
v -0.5 -1.2 0.2
v -0.4 -1.2 0.2
v -0.4 -1.2 0.3
v -0.4 -1.1 0.3
v -0.4 -1.2 0.3
v -0.3 -1.2 0.3
v -0.3 -1.1 0.3
v -0.4 -1.2 0.2
v -0.4 -1.1 0.2
v -0.3 -1.1 0.2
v -0.3 -1.2 0.2
v -0.4 -1.2 0.3
v -0.4 -1.2 0.2
v -0.3 -1.2 0.2
v -0.3 -1.2 0.3
v -0.3 -1.1 0.3
v -0.3 -1.2 0.3
v -0.2 -1.2 0.3
v -0.2 -1.1 0.3
v -0.3 -1.2 0.2
v -0.3 -1.1 0.2
v -0.2 -1.1 0.2
v -0.2 -1.2 0.2
v -0.3 -1.2 0.3
v -0.3 -1.2 0.2
v -0.2 -1.2 0.2
v -0.2 -1.2 0.3
v -0.2 -1.1 0.3
v -0.2 -1.2 0.3
v -0.1 -1.2 0.3
v -0.1 -1.1 0.3
v -0.2 -1.2 0.2
v -0.2 -1.1 0.2
v -0.1 -1.1 0.2
v -0.1 -1.2 0.2
v -0.2 -1.2 0.3
v -0.2 -1.2 0.2
v -0.1 -1.2 0.2
v -0.1 -1.2 0.3
v -0.1 -1.1 0.3
v -0.1 -1.2 0.3
v 0 -1.2 0.3
v 0 -1.1 0.3
v -0.1 -1.2 0.2
v -0.1 -1.1 0.2
v 0 -1.1 0.2
v 0 -1.2 0.2
v -0.1 -1.2 0.3
v -0.1 -1.2 0.2
v 0 -1.2 0.2
v 0 -1.2 0.3
v 0 -1.1 0.3
v 0 -1.2 0.3
v 0.1 -1.2 0.3
v 0.1 -1.1 0.3
v 0 -1.2 0.2
v 0 -1.1 0.2
v 0.1 -1.1 0.2
v 0.1 -1.2 0.2
v 0 -1.2 0.3
v 0 -1.2 0.2
v 0.1 -1.2 0.2
v 0.1 -1.2 0.3
v 0.1 -1.1 0.3
v 0.1 -1.2 0.3
v 0.2 -1.2 0.3
v 0.2 -1.1 0.3
v 0.1 -1.2 0.2
v 0.1 -1.1 0.2
v 0.2 -1.1 0.2
v 0.2 -1.2 0.2
v 0.1 -1.2 0.3
v 0.1 -1.2 0.2
v 0.2 -1.2 0.2
v 0.2 -1.2 0.3
v 0.2 -1.1 0.3
v 0.2 -1.2 0.3
v 0.3 -1.2 0.3
v 0.3 -1.1 0.3
v 0.2 -1.2 0.2
v 0.2 -1.1 0.2
v 0.3 -1.1 0.2
v 0.3 -1.2 0.2
v 0.2 -1.2 0.3
v 0.2 -1.2 0.2
v 0.3 -1.2 0.2
v 0.3 -1.2 0.3
v 0.3 -1.1 0.3
v 0.3 -1.2 0.3
v 0.4 -1.2 0.3
v 0.4 -1.1 0.3
v 0.3 -1.2 0.2
v 0.3 -1.1 0.2
v 0.4 -1.1 0.2
v 0.4 -1.2 0.2
v 0.3 -1.2 0.3
v 0.3 -1.2 0.2
v 0.4 -1.2 0.2
v 0.4 -1.2 0.3
v 0.4 -1.1 0.3
v 0.4 -1.2 0.3
v 0.5 -1.2 0.3
v 0.5 -1.1 0.3
v 0.4 -1.2 0.2
v 0.4 -1.1 0.2
v 0.5 -1.1 0.2
v 0.5 -1.2 0.2
v 0.4 -1.2 0.3
v 0.4 -1.2 0.2
v 0.5 -1.2 0.2
v 0.5 -1.2 0.3
v 0.5 -1.1 0.3
v 0.5 -1.2 0.3
v 0.6 -1.2 0.3
v 0.6 -1.1 0.3
v 0.5 -1.2 0.2
v 0.5 -1.1 0.2
v 0.6 -1.1 0.2
v 0.6 -1.2 0.2
v 0.5 -1.2 0.3
v 0.5 -1.2 0.2
v 0.6 -1.2 0.2
v 0.6 -1.2 0.3
v 0.6 -1.1 0.3
v 0.6 -1.2 0.3
v 0.7 -1.2 0.3
v 0.7 -1.1 0.3
v 0.6 -1.2 0.2
v 0.6 -1.1 0.2
v 0.7 -1.1 0.2
v 0.7 -1.2 0.2
v 0.6 -1.2 0.3
v 0.6 -1.2 0.2
v 0.7 -1.2 0.2
v 0.7 -1.2 0.3
v 0.7 -1.1 0.3
v 0.7 -1.2 0.3
v 0.8 -1.2 0.3
v 0.8 -1.1 0.3
v 0.7 -1.2 0.2
v 0.7 -1.1 0.2
v 0.8 -1.1 0.2
v 0.8 -1.2 0.2
v 0.7 -1.2 0.3
v 0.7 -1.2 0.2
v 0.8 -1.2 0.2
v 0.8 -1.2 0.3
v 0.8 -1.1 0.3
v 0.8 -1.2 0.3
v 0.9 -1.2 0.3
v 0.9 -1.1 0.3
v 0.8 -1.2 0.2
v 0.8 -1.1 0.2
v 0.9 -1.1 0.2
v 0.9 -1.2 0.2
v 0.8 -1.2 0.3
v 0.8 -1.2 0.2
v 0.9 -1.2 0.2
v 0.9 -1.2 0.3
v 0.9 -1.1 0.3
v 0.9 -1.2 0.3
v 1 -1.2 0.3
v 1 -1.1 0.3
v 0.9 -1.2 0.2
v 0.9 -1.1 0.2
v 1 -1.1 0.2
v 1 -1.2 0.2
v 0.9 -1.2 0.3
v 0.9 -1.2 0.2
v 1 -1.2 0.2
v 1 -1.2 0.3
v 1 -1.1 0.3
v 1 -1.2 0.3
v 1.1 -1.2 0.3
v 1.1 -1.1 0.3
v 1 -1.2 0.2
v 1 -1.1 0.2
v 1.1 -1.1 0.2
v 1.1 -1.2 0.2
v 1 -1.2 0.3
v 1 -1.2 0.2
v 1.1 -1.2 0.2
v 1.1 -1.2 0.3
v 1.2 -1.2 0.3
v 1.2 -1.2 0.2
v 1.2 -1.1 0.2
v 1.2 -1.1 0.3
v 1.1 -1.1 0.3
v 1.1 -1.2 0.3
v 1.2 -1.2 0.3
v 1.2 -1.1 0.3
v 1.1 -1.2 0.2
v 1.1 -1.1 0.2
v 1.2 -1.1 0.2
v 1.2 -1.2 0.2
v 1.1 -1.2 0.3
v 1.1 -1.2 0.2
v 1.2 -1.2 0.2
v 1.2 -1.2 0.3

# faces
f 1/3/1 2/3/1 3/3/1 4/3/1
f 5/3/3 6/3/3 7/3/3 8/3/3
f 9/3/4 10/3/4 11/3/4 12/3/4
f 13/3/6 14/3/6 15/3/6 16/3/6
f 17/3/3 18/3/3 19/3/3 20/3/3
f 21/3/4 22/3/4 23/3/4 24/3/4
f 25/3/6 26/3/6 27/3/6 28/3/6
f 29/3/3 30/3/3 31/3/3 32/3/3
f 33/3/4 34/3/4 35/3/4 36/3/4
f 37/3/6 38/3/6 39/3/6 40/3/6
f 41/3/3 42/3/3 43/3/3 44/3/3
f 45/3/4 46/3/4 47/3/4 48/3/4
f 49/3/6 50/3/6 51/3/6 52/3/6
f 53/3/3 54/3/3 55/3/3 56/3/3
f 57/3/4 58/3/4 59/3/4 60/3/4
f 61/3/6 62/3/6 63/3/6 64/3/6
f 65/3/3 66/3/3 67/3/3 68/3/3
f 69/3/4 70/3/4 71/3/4 72/3/4
f 73/3/6 74/3/6 75/3/6 76/3/6
f 77/3/3 78/3/3 79/3/3 80/3/3
f 81/3/4 82/3/4 83/3/4 84/3/4
f 85/3/6 86/3/6 87/3/6 88/3/6
f 89/3/3 90/3/3 91/3/3 92/3/3
f 93/3/4 94/3/4 95/3/4 96/3/4
f 97/3/6 98/3/6 99/3/6 100/3/6
f 101/3/3 102/3/3 103/3/3 104/3/3
f 105/3/4 106/3/4 107/3/4 108/3/4
f 109/3/6 110/3/6 111/3/6 112/3/6
f 113/3/3 114/3/3 115/3/3 116/3/3
f 117/3/4 118/3/4 119/3/4 120/3/4
f 121/3/6 122/3/6 123/3/6 124/3/6
f 125/3/3 126/3/3 127/3/3 128/3/3
f 129/3/4 130/3/4 131/3/4 132/3/4
f 133/3/6 134/3/6 135/3/6 136/3/6
f 137/3/3 138/3/3 139/3/3 140/3/3
f 141/3/4 142/3/4 143/3/4 144/3/4
f 145/3/6 146/3/6 147/3/6 148/3/6
f 149/3/3 150/3/3 151/3/3 152/3/3
f 153/3/4 154/3/4 155/3/4 156/3/4
f 157/3/6 158/3/6 159/3/6 160/3/6
f 161/3/3 162/3/3 163/3/3 164/3/3
f 165/3/4 166/3/4 167/3/4 168/3/4
f 169/3/6 170/3/6 171/3/6 172/3/6
f 173/3/2 174/3/2 175/3/2 176/3/2
f 177/3/3 178/3/3 179/3/3 180/3/3
f 181/3/4 182/3/4 183/3/4 184/3/4
f 185/3/6 186/3/6 187/3/6 188/3/6
f 189/1/1 190/1/1 191/1/1 192/1/1
f 193/1/3 194/1/3 195/1/3 196/1/3
f 197/1/4 198/1/4 199/1/4 200/1/4
f 201/1/6 202/1/6 203/1/6 204/1/6
f 205/5/3 206/5/3 207/5/3 208/5/3
f 209/5/4 210/5/4 211/5/4 212/5/4
f 213/5/6 214/5/6 215/5/6 216/5/6
f 217/11/3 218/11/3 219/11/3 220/11/3
f 221/11/4 222/11/4 223/11/4 224/11/4
f 225/11/6 226/11/6 227/11/6 228/11/6
f 229/11/3 230/11/3 231/11/3 232/11/3
f 233/11/4 234/11/4 235/11/4 236/11/4
f 237/11/6 238/11/6 239/11/6 240/11/6
f 241/10/3 242/10/3 243/10/3 244/10/3
f 245/10/4 246/10/4 247/10/4 248/10/4
f 249/10/6 250/10/6 251/10/6 252/10/6
f 253/2/3 254/2/3 255/2/3 256/2/3
f 257/2/4 258/2/4 259/2/4 260/2/4
f 261/2/6 262/2/6 263/2/6 264/2/6
f 265/2/3 266/2/3 267/2/3 268/2/3
f 269/2/4 270/2/4 271/2/4 272/2/4
f 273/2/6 274/2/6 275/2/6 276/2/6
f 277/2/3 278/2/3 279/2/3 280/2/3
f 281/2/4 282/2/4 283/2/4 284/2/4
f 285/2/6 286/2/6 287/2/6 288/2/6
f 289/2/2 290/2/2 291/2/2 292/2/2
f 293/2/3 294/2/3 295/2/3 296/2/3
f 297/2/4 298/2/4 299/2/4 300/2/4
f 301/2/6 302/2/6 303/2/6 304/2/6
f 305/3/1 306/3/1 307/3/1 308/3/1
f 309/3/3 310/3/3 311/3/3 312/3/3
f 313/3/4 314/3/4 315/3/4 316/3/4
f 317/3/3 318/3/3 319/3/3 320/3/3
f 321/3/4 322/3/4 323/3/4 324/3/4
f 325/3/3 326/3/3 327/3/3 328/3/3
f 329/3/4 330/3/4 331/3/4 332/3/4
f 333/3/3 334/3/3 335/3/3 336/3/3
f 337/3/4 338/3/4 339/3/4 340/3/4
f 341/3/3 342/3/3 343/3/3 344/3/3
f 345/3/4 346/3/4 347/3/4 348/3/4
f 349/3/3 350/3/3 351/3/3 352/3/3
f 353/3/4 354/3/4 355/3/4 356/3/4
f 357/3/3 358/3/3 359/3/3 360/3/3
f 361/3/4 362/3/4 363/3/4 364/3/4
f 365/3/3 366/3/3 367/3/3 368/3/3
f 369/3/4 370/3/4 371/3/4 372/3/4
f 373/3/3 374/3/3 375/3/3 376/3/3
f 377/3/4 378/3/4 379/3/4 380/3/4
f 381/3/3 382/3/3 383/3/3 384/3/3
f 385/3/4 386/3/4 387/3/4 388/3/4
f 389/3/3 390/3/3 391/3/3 392/3/3
f 393/3/4 394/3/4 395/3/4 396/3/4
f 397/3/3 398/3/3 399/3/3 400/3/3
f 401/3/4 402/3/4 403/3/4 404/3/4
f 405/3/3 406/3/3 407/3/3 408/3/3
f 409/3/4 410/3/4 411/3/4 412/3/4
f 413/3/3 414/3/3 415/3/3 416/3/3
f 417/3/4 418/3/4 419/3/4 420/3/4
f 421/3/2 422/3/2 423/3/2 424/3/2
f 425/3/3 426/3/3 427/3/3 428/3/3
f 429/3/4 430/3/4 431/3/4 432/3/4
f 433/1/1 434/1/1 435/1/1 436/1/1
f 437/1/3 438/1/3 439/1/3 440/1/3
f 441/1/4 442/1/4 443/1/4 444/1/4
f 445/5/3 446/5/3 447/5/3 448/5/3
f 449/5/4 450/5/4 451/5/4 452/5/4
f 453/11/3 454/11/3 455/11/3 456/11/3
f 457/11/4 458/11/4 459/11/4 460/11/4
f 461/11/3 462/11/3 463/11/3 464/11/3
f 465/11/4 466/11/4 467/11/4 468/11/4
f 469/4/3 470/4/3 471/4/3 472/4/3
f 473/4/4 474/4/4 475/4/4 476/4/4
f 477/2/3 478/2/3 479/2/3 480/2/3
f 481/2/4 482/2/4 483/2/4 484/2/4
f 485/2/3 486/2/3 487/2/3 488/2/3
f 489/2/4 490/2/4 491/2/4 492/2/4
f 493/2/3 494/2/3 495/2/3 496/2/3
f 497/2/4 498/2/4 499/2/4 500/2/4
f 501/2/2 502/2/2 503/2/2 504/2/2
f 505/2/3 506/2/3 507/2/3 508/2/3
f 509/2/4 510/2/4 511/2/4 512/2/4
f 513/3/1 514/3/1 515/3/1 516/3/1
f 517/3/3 518/3/3 519/3/3 520/3/3
f 521/3/4 522/3/4 523/3/4 524/3/4
f 525/3/5 526/3/5 527/3/5 528/3/5
f 529/3/3 530/3/3 531/3/3 532/3/3
f 533/3/4 534/3/4 535/3/4 536/3/4
f 537/3/5 538/3/5 539/3/5 540/3/5
f 541/3/3 542/3/3 543/3/3 544/3/3
f 545/3/4 546/3/4 547/3/4 548/3/4
f 549/3/5 550/3/5 551/3/5 552/3/5
f 553/3/3 554/3/3 555/3/3 556/3/3
f 557/3/4 558/3/4 559/3/4 560/3/4
f 561/3/5 562/3/5 563/3/5 564/3/5
f 565/3/3 566/3/3 567/3/3 568/3/3
f 569/3/4 570/3/4 571/3/4 572/3/4
f 573/3/5 574/3/5 575/3/5 576/3/5
f 577/3/3 578/3/3 579/3/3 580/3/3
f 581/3/4 582/3/4 583/3/4 584/3/4
f 585/3/5 586/3/5 587/3/5 588/3/5
f 589/3/3 590/3/3 591/3/3 592/3/3
f 593/3/4 594/3/4 595/3/4 596/3/4
f 597/3/5 598/3/5 599/3/5 600/3/5
f 601/3/3 602/3/3 603/3/3 604/3/3
f 605/3/4 606/3/4 607/3/4 608/3/4
f 609/3/5 610/3/5 611/3/5 612/3/5
f 613/3/3 614/3/3 615/3/3 616/3/3
f 617/3/4 618/3/4 619/3/4 620/3/4
f 621/3/5 622/3/5 623/3/5 624/3/5
f 625/3/3 626/3/3 627/3/3 628/3/3
f 629/3/4 630/3/4 631/3/4 632/3/4
f 633/3/5 634/3/5 635/3/5 636/3/5
f 637/3/3 638/3/3 639/3/3 640/3/3
f 641/3/4 642/3/4 643/3/4 644/3/4
f 645/3/5 646/3/5 647/3/5 648/3/5
f 649/3/3 650/3/3 651/3/3 652/3/3
f 653/3/4 654/3/4 655/3/4 656/3/4
f 657/3/5 658/3/5 659/3/5 660/3/5
f 661/3/3 662/3/3 663/3/3 664/3/3
f 665/3/4 666/3/4 667/3/4 668/3/4
f 669/3/5 670/3/5 671/3/5 672/3/5
f 673/3/3 674/3/3 675/3/3 676/3/3
f 677/3/4 678/3/4 679/3/4 680/3/4
f 681/3/5 682/3/5 683/3/5 684/3/5
f 685/3/2 686/3/2 687/3/2 688/3/2
f 689/3/3 690/3/3 691/3/3 692/3/3
f 693/3/4 694/3/4 695/3/4 696/3/4
f 697/3/5 698/3/5 699/3/5 700/3/5
f 701/1/1 702/1/1 703/1/1 704/1/1
f 705/1/3 706/1/3 707/1/3 708/1/3
f 709/1/4 710/1/4 711/1/4 712/1/4
f 713/5/3 714/5/3 715/5/3 716/5/3
f 717/5/4 718/5/4 719/5/4 720/5/4
f 721/11/3 722/11/3 723/11/3 724/11/3
f 725/11/4 726/11/4 727/11/4 728/11/4
f 729/11/3 730/11/3 731/11/3 732/11/3
f 733/11/4 734/11/4 735/11/4 736/11/4
f 737/14/3 738/14/3 739/14/3 740/14/3
f 741/14/4 742/14/4 743/14/4 744/14/4
f 745/2/3 746/2/3 747/2/3 748/2/3
f 749/2/4 750/2/4 751/2/4 752/2/4
f 753/2/3 754/2/3 755/2/3 756/2/3
f 757/2/4 758/2/4 759/2/4 760/2/4
f 761/2/3 762/2/3 763/2/3 764/2/3
f 765/2/4 766/2/4 767/2/4 768/2/4
f 769/2/2 770/2/2 771/2/2 772/2/2
f 773/2/3 774/2/3 775/2/3 776/2/3
f 777/2/4 778/2/4 779/2/4 780/2/4
f 781/1/1 782/1/1 783/1/1 784/1/1
f 785/1/3 786/1/3 787/1/3 788/1/3
f 789/1/4 790/1/4 791/1/4 792/1/4
f 793/1/6 794/1/6 795/1/6 796/1/6
f 797/1/3 798/1/3 799/1/3 800/1/3
f 801/1/4 802/1/4 803/1/4 804/1/4
f 805/1/6 806/1/6 807/1/6 808/1/6
f 809/1/3 810/1/3 811/1/3 812/1/3
f 813/1/4 814/1/4 815/1/4 816/1/4
f 817/1/6 818/1/6 819/1/6 820/1/6
f 821/1/3 822/1/3 823/1/3 824/1/3
f 825/1/4 826/1/4 827/1/4 828/1/4
f 829/1/6 830/1/6 831/1/6 832/1/6
f 833/1/3 834/1/3 835/1/3 836/1/3
f 837/1/4 838/1/4 839/1/4 840/1/4
f 841/1/6 842/1/6 843/1/6 844/1/6
f 845/1/3 846/1/3 847/1/3 848/1/3
f 849/1/4 850/1/4 851/1/4 852/1/4
f 853/1/6 854/1/6 855/1/6 856/1/6
f 857/1/3 858/1/3 859/1/3 860/1/3
f 861/1/4 862/1/4 863/1/4 864/1/4
f 865/1/6 866/1/6 867/1/6 868/1/6
f 869/1/3 870/1/3 871/1/3 872/1/3
f 873/1/4 874/1/4 875/1/4 876/1/4
f 877/1/6 878/1/6 879/1/6 880/1/6
f 881/1/3 882/1/3 883/1/3 884/1/3
f 885/1/4 886/1/4 887/1/4 888/1/4
f 889/1/6 890/1/6 891/1/6 892/1/6
f 893/1/3 894/1/3 895/1/3 896/1/3
f 897/1/4 898/1/4 899/1/4 900/1/4
f 901/1/6 902/1/6 903/1/6 904/1/6
f 905/1/3 906/1/3 907/1/3 908/1/3
f 909/1/4 910/1/4 911/1/4 912/1/4
f 913/1/6 914/1/6 915/1/6 916/1/6
f 917/1/3 918/1/3 919/1/3 920/1/3
f 921/1/4 922/1/4 923/1/4 924/1/4
f 925/1/6 926/1/6 927/1/6 928/1/6
f 929/1/3 930/1/3 931/1/3 932/1/3
f 933/1/4 934/1/4 935/1/4 936/1/4
f 937/1/6 938/1/6 939/1/6 940/1/6
f 941/1/3 942/1/3 943/1/3 944/1/3
f 945/1/4 946/1/4 947/1/4 948/1/4
f 949/1/6 950/1/6 951/1/6 952/1/6
f 953/1/3 954/1/3 955/1/3 956/1/3
f 957/1/4 958/1/4 959/1/4 960/1/4
f 961/1/6 962/1/6 963/1/6 964/1/6
f 965/5/3 966/5/3 967/5/3 968/5/3
f 969/5/4 970/5/4 971/5/4 972/5/4
f 973/12/3 974/12/3 975/12/3 976/12/3
f 977/12/4 978/12/4 979/12/4 980/12/4
f 981/11/3 982/11/3 983/11/3 984/11/3
f 985/11/4 986/11/4 987/11/4 988/11/4
f 989/11/3 990/11/3 991/11/3 992/11/3
f 993/11/4 994/11/4 995/11/4 996/11/4
f 997/14/3 998/14/3 999/14/3 1000/14/3
f 1001/14/4 1002/14/4 1003/14/4 1004/14/4
f 1005/2/3 1006/2/3 1007/2/3 1008/2/3
f 1009/2/4 1010/2/4 1011/2/4 1012/2/4
f 1013/2/3 1014/2/3 1015/2/3 1016/2/3
f 1017/2/4 1018/2/4 1019/2/4 1020/2/4
f 1021/2/3 1022/2/3 1023/2/3 1024/2/3
f 1025/2/4 1026/2/4 1027/2/4 1028/2/4
f 1029/2/2 1030/2/2 1031/2/2 1032/2/2
f 1033/2/3 1034/2/3 1035/2/3 1036/2/3
f 1037/2/4 1038/2/4 1039/2/4 1040/2/4
f 1041/15/1 1042/15/1 1043/15/1 1044/15/1
f 1045/15/3 1046/15/3 1047/15/3 1048/15/3
f 1049/15/4 1050/15/4 1051/15/4 1052/15/4
f 1053/15/3 1054/15/3 1055/15/3 1056/15/3
f 1057/15/4 1058/15/4 1059/15/4 1060/15/4
f 1061/15/3 1062/15/3 1063/15/3 1064/15/3
f 1065/15/4 1066/15/4 1067/15/4 1068/15/4
f 1069/15/3 1070/15/3 1071/15/3 1072/15/3
f 1073/15/4 1074/15/4 1075/15/4 1076/15/4
f 1077/15/3 1078/15/3 1079/15/3 1080/15/3
f 1081/15/4 1082/15/4 1083/15/4 1084/15/4
f 1085/15/3 1086/15/3 1087/15/3 1088/15/3
f 1089/15/4 1090/15/4 1091/15/4 1092/15/4
f 1093/15/3 1094/15/3 1095/15/3 1096/15/3
f 1097/15/4 1098/15/4 1099/15/4 1100/15/4
f 1101/15/3 1102/15/3 1103/15/3 1104/15/3
f 1105/15/4 1106/15/4 1107/15/4 1108/15/4
f 1109/15/3 1110/15/3 1111/15/3 1112/15/3
f 1113/15/4 1114/15/4 1115/15/4 1116/15/4
f 1117/15/3 1118/15/3 1119/15/3 1120/15/3
f 1121/15/4 1122/15/4 1123/15/4 1124/15/4
f 1125/15/3 1126/15/3 1127/15/3 1128/15/3
f 1129/15/4 1130/15/4 1131/15/4 1132/15/4
f 1133/15/3 1134/15/3 1135/15/3 1136/15/3
f 1137/15/4 1138/15/4 1139/15/4 1140/15/4
f 1141/15/3 1142/15/3 1143/15/3 1144/15/3
f 1145/15/4 1146/15/4 1147/15/4 1148/15/4
f 1149/15/3 1150/15/3 1151/15/3 1152/15/3
f 1153/15/4 1154/15/4 1155/15/4 1156/15/4
f 1157/15/3 1158/15/3 1159/15/3 1160/15/3
f 1161/15/4 1162/15/4 1163/15/4 1164/15/4
f 1165/11/3 1166/11/3 1167/11/3 1168/11/3
f 1169/11/4 1170/11/4 1171/11/4 1172/11/4
f 1173/11/3 1174/11/3 1175/11/3 1176/11/3
f 1177/11/4 1178/11/4 1179/11/4 1180/11/4
f 1181/11/3 1182/11/3 1183/11/3 1184/11/3
f 1185/11/4 1186/11/4 1187/11/4 1188/11/4
f 1189/11/3 1190/11/3 1191/11/3 1192/11/3
f 1193/11/4 1194/11/4 1195/11/4 1196/11/4
f 1197/14/3 1198/14/3 1199/14/3 1200/14/3
f 1201/14/4 1202/14/4 1203/14/4 1204/14/4
f 1205/2/3 1206/2/3 1207/2/3 1208/2/3
f 1209/2/4 1210/2/4 1211/2/4 1212/2/4
f 1213/2/3 1214/2/3 1215/2/3 1216/2/3
f 1217/2/4 1218/2/4 1219/2/4 1220/2/4
f 1221/2/3 1222/2/3 1223/2/3 1224/2/3
f 1225/2/4 1226/2/4 1227/2/4 1228/2/4
f 1229/2/2 1230/2/2 1231/2/2 1232/2/2
f 1233/2/3 1234/2/3 1235/2/3 1236/2/3
f 1237/2/4 1238/2/4 1239/2/4 1240/2/4
f 1241/11/1 1242/11/1 1243/11/1 1244/11/1
f 1245/11/3 1246/11/3 1247/11/3 1248/11/3
f 1249/11/4 1250/11/4 1251/11/4 1252/11/4
f 1253/11/3 1254/11/3 1255/11/3 1256/11/3
f 1257/11/4 1258/11/4 1259/11/4 1260/11/4
f 1261/11/3 1262/11/3 1263/11/3 1264/11/3
f 1265/11/4 1266/11/4 1267/11/4 1268/11/4
f 1269/11/3 1270/11/3 1271/11/3 1272/11/3
f 1273/11/4 1274/11/4 1275/11/4 1276/11/4
f 1277/11/3 1278/11/3 1279/11/3 1280/11/3
f 1281/11/4 1282/11/4 1283/11/4 1284/11/4
f 1285/11/3 1286/11/3 1287/11/3 1288/11/3
f 1289/11/4 1290/11/4 1291/11/4 1292/11/4
f 1293/11/3 1294/11/3 1295/11/3 1296/11/3
f 1297/11/4 1298/11/4 1299/11/4 1300/11/4
f 1301/11/3 1302/11/3 1303/11/3 1304/11/3
f 1305/11/4 1306/11/4 1307/11/4 1308/11/4
f 1309/11/3 1310/11/3 1311/11/3 1312/11/3
f 1313/11/4 1314/11/4 1315/11/4 1316/11/4
f 1317/11/3 1318/11/3 1319/11/3 1320/11/3
f 1321/11/4 1322/11/4 1323/11/4 1324/11/4
f 1325/11/3 1326/11/3 1327/11/3 1328/11/3
f 1329/11/4 1330/11/4 1331/11/4 1332/11/4
f 1333/11/3 1334/11/3 1335/11/3 1336/11/3
f 1337/11/4 1338/11/4 1339/11/4 1340/11/4
f 1341/11/3 1342/11/3 1343/11/3 1344/11/3
f 1345/11/4 1346/11/4 1347/11/4 1348/11/4
f 1349/11/3 1350/11/3 1351/11/3 1352/11/3
f 1353/11/4 1354/11/4 1355/11/4 1356/11/4
f 1357/11/3 1358/11/3 1359/11/3 1360/11/3
f 1361/11/4 1362/11/4 1363/11/4 1364/11/4
f 1365/11/3 1366/11/3 1367/11/3 1368/11/3
f 1369/11/4 1370/11/4 1371/11/4 1372/11/4
f 1373/11/3 1374/11/3 1375/11/3 1376/11/3
f 1377/11/4 1378/11/4 1379/11/4 1380/11/4
f 1381/11/3 1382/11/3 1383/11/3 1384/11/3
f 1385/11/4 1386/11/4 1387/11/4 1388/11/4
f 1389/11/3 1390/11/3 1391/11/3 1392/11/3
f 1393/11/4 1394/11/4 1395/11/4 1396/11/4
f 1397/15/3 1398/15/3 1399/15/3 1400/15/3
f 1401/15/4 1402/15/4 1403/15/4 1404/15/4
f 1405/2/3 1406/2/3 1407/2/3 1408/2/3
f 1409/2/4 1410/2/4 1411/2/4 1412/2/4
f 1413/2/3 1414/2/3 1415/2/3 1416/2/3
f 1417/2/4 1418/2/4 1419/2/4 1420/2/4
f 1421/2/3 1422/2/3 1423/2/3 1424/2/3
f 1425/2/4 1426/2/4 1427/2/4 1428/2/4
f 1429/2/2 1430/2/2 1431/2/2 1432/2/2
f 1433/2/3 1434/2/3 1435/2/3 1436/2/3
f 1437/2/4 1438/2/4 1439/2/4 1440/2/4
f 1441/11/1 1442/11/1 1443/11/1 1444/11/1
f 1445/11/3 1446/11/3 1447/11/3 1448/11/3
f 1449/11/4 1450/11/4 1451/11/4 1452/11/4
f 1453/11/3 1454/11/3 1455/11/3 1456/11/3
f 1457/11/4 1458/11/4 1459/11/4 1460/11/4
f 1461/11/3 1462/11/3 1463/11/3 1464/11/3
f 1465/11/4 1466/11/4 1467/11/4 1468/11/4
f 1469/11/3 1470/11/3 1471/11/3 1472/11/3
f 1473/11/4 1474/11/4 1475/11/4 1476/11/4
f 1477/11/3 1478/11/3 1479/11/3 1480/11/3
f 1481/11/4 1482/11/4 1483/11/4 1484/11/4
f 1485/11/3 1486/11/3 1487/11/3 1488/11/3
f 1489/11/4 1490/11/4 1491/11/4 1492/11/4
f 1493/11/3 1494/11/3 1495/11/3 1496/11/3
f 1497/11/4 1498/11/4 1499/11/4 1500/11/4
f 1501/11/3 1502/11/3 1503/11/3 1504/11/3
f 1505/11/4 1506/11/4 1507/11/4 1508/11/4
f 1509/11/3 1510/11/3 1511/11/3 1512/11/3
f 1513/11/4 1514/11/4 1515/11/4 1516/11/4
f 1517/11/3 1518/11/3 1519/11/3 1520/11/3
f 1521/11/4 1522/11/4 1523/11/4 1524/11/4
f 1525/11/3 1526/11/3 1527/11/3 1528/11/3
f 1529/11/4 1530/11/4 1531/11/4 1532/11/4
f 1533/11/3 1534/11/3 1535/11/3 1536/11/3
f 1537/11/4 1538/11/4 1539/11/4 1540/11/4
f 1541/11/3 1542/11/3 1543/11/3 1544/11/3
f 1545/11/4 1546/11/4 1547/11/4 1548/11/4
f 1549/11/3 1550/11/3 1551/11/3 1552/11/3
f 1553/11/4 1554/11/4 1555/11/4 1556/11/4
f 1557/11/3 1558/11/3 1559/11/3 1560/11/3
f 1561/11/4 1562/11/4 1563/11/4 1564/11/4
f 1565/11/3 1566/11/3 1567/11/3 1568/11/3
f 1569/11/4 1570/11/4 1571/11/4 1572/11/4
f 1573/11/3 1574/11/3 1575/11/3 1576/11/3
f 1577/11/4 1578/11/4 1579/11/4 1580/11/4
f 1581/11/3 1582/11/3 1583/11/3 1584/11/3
f 1585/11/4 1586/11/4 1587/11/4 1588/11/4
f 1589/11/3 1590/11/3 1591/11/3 1592/11/3
f 1593/11/4 1594/11/4 1595/11/4 1596/11/4
f 1597/15/3 1598/15/3 1599/15/3 1600/15/3
f 1601/15/4 1602/15/4 1603/15/4 1604/15/4
f 1605/2/3 1606/2/3 1607/2/3 1608/2/3
f 1609/2/4 1610/2/4 1611/2/4 1612/2/4
f 1613/2/3 1614/2/3 1615/2/3 1616/2/3
f 1617/2/4 1618/2/4 1619/2/4 1620/2/4
f 1621/2/3 1622/2/3 1623/2/3 1624/2/3
f 1625/2/4 1626/2/4 1627/2/4 1628/2/4
f 1629/2/2 1630/2/2 1631/2/2 1632/2/2
f 1633/2/3 1634/2/3 1635/2/3 1636/2/3
f 1637/2/4 1638/2/4 1639/2/4 1640/2/4
f 1641/11/1 1642/11/1 1643/11/1 1644/11/1
f 1645/11/3 1646/11/3 1647/11/3 1648/11/3
f 1649/11/4 1650/11/4 1651/11/4 1652/11/4
f 1653/11/3 1654/11/3 1655/11/3 1656/11/3
f 1657/11/4 1658/11/4 1659/11/4 1660/11/4
f 1661/11/3 1662/11/3 1663/11/3 1664/11/3
f 1665/11/4 1666/11/4 1667/11/4 1668/11/4
f 1669/11/3 1670/11/3 1671/11/3 1672/11/3
f 1673/11/4 1674/11/4 1675/11/4 1676/11/4
f 1677/11/3 1678/11/3 1679/11/3 1680/11/3
f 1681/11/4 1682/11/4 1683/11/4 1684/11/4
f 1685/11/3 1686/11/3 1687/11/3 1688/11/3
f 1689/11/4 1690/11/4 1691/11/4 1692/11/4
f 1693/6/3 1694/6/3 1695/6/3 1696/6/3
f 1697/6/4 1698/6/4 1699/6/4 1700/6/4
f 1701/6/3 1702/6/3 1703/6/3 1704/6/3
f 1705/6/4 1706/6/4 1707/6/4 1708/6/4
f 1709/13/3 1710/13/3 1711/13/3 1712/13/3
f 1713/13/4 1714/13/4 1715/13/4 1716/13/4
f 1717/13/3 1718/13/3 1719/13/3 1720/13/3
f 1721/13/4 1722/13/4 1723/13/4 1724/13/4
f 1725/13/3 1726/13/3 1727/13/3 1728/13/3
f 1729/13/4 1730/13/4 1731/13/4 1732/13/4
f 1733/13/3 1734/13/3 1735/13/3 1736/13/3
f 1737/13/4 1738/13/4 1739/13/4 1740/13/4
f 1741/13/3 1742/13/3 1743/13/3 1744/13/3
f 1745/13/4 1746/13/4 1747/13/4 1748/13/4
f 1749/13/3 1750/13/3 1751/13/3 1752/13/3
f 1753/13/4 1754/13/4 1755/13/4 1756/13/4
f 1757/13/3 1758/13/3 1759/13/3 1760/13/3
f 1761/13/4 1762/13/4 1763/13/4 1764/13/4
f 1765/6/3 1766/6/3 1767/6/3 1768/6/3
f 1769/6/4 1770/6/4 1771/6/4 1772/6/4
f 1773/6/3 1774/6/3 1775/6/3 1776/6/3
f 1777/6/4 1778/6/4 1779/6/4 1780/6/4
f 1781/11/3 1782/11/3 1783/11/3 1784/11/3
f 1785/11/4 1786/11/4 1787/11/4 1788/11/4
f 1789/11/3 1790/11/3 1791/11/3 1792/11/3
f 1793/11/4 1794/11/4 1795/11/4 1796/11/4
f 1797/11/3 1798/11/3 1799/11/3 1800/11/3
f 1801/11/4 1802/11/4 1803/11/4 1804/11/4
f 1805/2/3 1806/2/3 1807/2/3 1808/2/3
f 1809/2/4 1810/2/4 1811/2/4 1812/2/4
f 1813/2/3 1814/2/3 1815/2/3 1816/2/3
f 1817/2/4 1818/2/4 1819/2/4 1820/2/4
f 1821/2/3 1822/2/3 1823/2/3 1824/2/3
f 1825/2/4 1826/2/4 1827/2/4 1828/2/4
f 1829/2/2 1830/2/2 1831/2/2 1832/2/2
f 1833/2/3 1834/2/3 1835/2/3 1836/2/3
f 1837/2/4 1838/2/4 1839/2/4 1840/2/4
f 1841/8/1 1842/8/1 1843/8/1 1844/8/1
f 1845/8/3 1846/8/3 1847/8/3 1848/8/3
f 1849/8/4 1850/8/4 1851/8/4 1852/8/4
f 1853/8/3 1854/8/3 1855/8/3 1856/8/3
f 1857/8/4 1858/8/4 1859/8/4 1860/8/4
f 1861/8/3 1862/8/3 1863/8/3 1864/8/3
f 1865/8/4 1866/8/4 1867/8/4 1868/8/4
f 1869/8/3 1870/8/3 1871/8/3 1872/8/3
f 1873/8/4 1874/8/4 1875/8/4 1876/8/4
f 1877/8/3 1878/8/3 1879/8/3 1880/8/3
f 1881/8/4 1882/8/4 1883/8/4 1884/8/4
f 1885/8/3 1886/8/3 1887/8/3 1888/8/3
f 1889/8/4 1890/8/4 1891/8/4 1892/8/4
f 1893/8/3 1894/8/3 1895/8/3 1896/8/3
f 1897/8/4 1898/8/4 1899/8/4 1900/8/4
f 1901/8/3 1902/8/3 1903/8/3 1904/8/3
f 1905/8/4 1906/8/4 1907/8/4 1908/8/4
f 1909/8/3 1910/8/3 1911/8/3 1912/8/3
f 1913/8/4 1914/8/4 1915/8/4 1916/8/4
f 1917/8/3 1918/8/3 1919/8/3 1920/8/3
f 1921/8/4 1922/8/4 1923/8/4 1924/8/4
f 1925/8/3 1926/8/3 1927/8/3 1928/8/3
f 1929/8/4 1930/8/4 1931/8/4 1932/8/4
f 1933/8/3 1934/8/3 1935/8/3 1936/8/3
f 1937/8/4 1938/8/4 1939/8/4 1940/8/4
f 1941/8/3 1942/8/3 1943/8/3 1944/8/3
f 1945/8/4 1946/8/4 1947/8/4 1948/8/4
f 1949/8/3 1950/8/3 1951/8/3 1952/8/3
f 1953/8/4 1954/8/4 1955/8/4 1956/8/4
f 1957/8/3 1958/8/3 1959/8/3 1960/8/3
f 1961/8/4 1962/8/4 1963/8/4 1964/8/4
f 1965/8/3 1966/8/3 1967/8/3 1968/8/3
f 1969/8/4 1970/8/4 1971/8/4 1972/8/4
f 1973/7/3 1974/7/3 1975/7/3 1976/7/3
f 1977/7/4 1978/7/4 1979/7/4 1980/7/4
f 1981/2/3 1982/2/3 1983/2/3 1984/2/3
f 1985/2/4 1986/2/4 1987/2/4 1988/2/4
f 1989/2/3 1990/2/3 1991/2/3 1992/2/3
f 1993/2/4 1994/2/4 1995/2/4 1996/2/4
f 1997/2/3 1998/2/3 1999/2/3 2000/2/3
f 2001/2/4 2002/2/4 2003/2/4 2004/2/4
f 2005/2/3 2006/2/3 2007/2/3 2008/2/3
f 2009/2/4 2010/2/4 2011/2/4 2012/2/4
f 2013/2/3 2014/2/3 2015/2/3 2016/2/3
f 2017/2/4 2018/2/4 2019/2/4 2020/2/4
f 2021/2/3 2022/2/3 2023/2/3 2024/2/3
f 2025/2/4 2026/2/4 2027/2/4 2028/2/4
f 2029/2/2 2030/2/2 2031/2/2 2032/2/2
f 2033/2/3 2034/2/3 2035/2/3 2036/2/3
f 2037/2/4 2038/2/4 2039/2/4 2040/2/4
f 2041/13/1 2042/13/1 2043/13/1 2044/13/1
f 2045/13/3 2046/13/3 2047/13/3 2048/13/3
f 2049/13/4 2050/13/4 2051/13/4 2052/13/4
f 2053/13/3 2054/13/3 2055/13/3 2056/13/3
f 2057/13/4 2058/13/4 2059/13/4 2060/13/4
f 2061/13/3 2062/13/3 2063/13/3 2064/13/3
f 2065/13/4 2066/13/4 2067/13/4 2068/13/4
f 2069/13/3 2070/13/3 2071/13/3 2072/13/3
f 2073/13/4 2074/13/4 2075/13/4 2076/13/4
f 2077/13/3 2078/13/3 2079/13/3 2080/13/3
f 2081/13/4 2082/13/4 2083/13/4 2084/13/4
f 2085/13/3 2086/13/3 2087/13/3 2088/13/3
f 2089/13/4 2090/13/4 2091/13/4 2092/13/4
f 2093/13/3 2094/13/3 2095/13/3 2096/13/3
f 2097/13/4 2098/13/4 2099/13/4 2100/13/4
f 2101/13/3 2102/13/3 2103/13/3 2104/13/3
f 2105/13/4 2106/13/4 2107/13/4 2108/13/4
f 2109/13/3 2110/13/3 2111/13/3 2112/13/3
f 2113/13/4 2114/13/4 2115/13/4 2116/13/4
f 2117/13/3 2118/13/3 2119/13/3 2120/13/3
f 2121/13/4 2122/13/4 2123/13/4 2124/13/4
f 2125/13/3 2126/13/3 2127/13/3 2128/13/3
f 2129/13/4 2130/13/4 2131/13/4 2132/13/4
f 2133/13/3 2134/13/3 2135/13/3 2136/13/3
f 2137/13/4 2138/13/4 2139/13/4 2140/13/4
f 2141/13/3 2142/13/3 2143/13/3 2144/13/3
f 2145/13/4 2146/13/4 2147/13/4 2148/13/4
f 2149/13/3 2150/13/3 2151/13/3 2152/13/3
f 2153/13/4 2154/13/4 2155/13/4 2156/13/4
f 2157/13/3 2158/13/3 2159/13/3 2160/13/3
f 2161/13/4 2162/13/4 2163/13/4 2164/13/4
f 2165/13/3 2166/13/3 2167/13/3 2168/13/3
f 2169/13/4 2170/13/4 2171/13/4 2172/13/4
f 2173/7/3 2174/7/3 2175/7/3 2176/7/3
f 2177/7/4 2178/7/4 2179/7/4 2180/7/4
f 2181/2/3 2182/2/3 2183/2/3 2184/2/3
f 2185/2/4 2186/2/4 2187/2/4 2188/2/4
f 2189/2/3 2190/2/3 2191/2/3 2192/2/3
f 2193/2/4 2194/2/4 2195/2/4 2196/2/4
f 2197/2/3 2198/2/3 2199/2/3 2200/2/3
f 2201/2/4 2202/2/4 2203/2/4 2204/2/4
f 2205/2/3 2206/2/3 2207/2/3 2208/2/3
f 2209/2/4 2210/2/4 2211/2/4 2212/2/4
f 2213/2/3 2214/2/3 2215/2/3 2216/2/3
f 2217/2/4 2218/2/4 2219/2/4 2220/2/4
f 2221/2/3 2222/2/3 2223/2/3 2224/2/3
f 2225/2/4 2226/2/4 2227/2/4 2228/2/4
f 2229/2/2 2230/2/2 2231/2/2 2232/2/2
f 2233/2/3 2234/2/3 2235/2/3 2236/2/3
f 2237/2/4 2238/2/4 2239/2/4 2240/2/4
f 2241/6/1 2242/6/1 2243/6/1 2244/6/1
f 2245/6/3 2246/6/3 2247/6/3 2248/6/3
f 2249/6/4 2250/6/4 2251/6/4 2252/6/4
f 2253/6/3 2254/6/3 2255/6/3 2256/6/3
f 2257/6/4 2258/6/4 2259/6/4 2260/6/4
f 2261/6/3 2262/6/3 2263/6/3 2264/6/3
f 2265/6/4 2266/6/4 2267/6/4 2268/6/4
f 2269/6/3 2270/6/3 2271/6/3 2272/6/3
f 2273/6/4 2274/6/4 2275/6/4 2276/6/4
f 2277/6/3 2278/6/3 2279/6/3 2280/6/3
f 2281/6/4 2282/6/4 2283/6/4 2284/6/4
f 2285/6/3 2286/6/3 2287/6/3 2288/6/3
f 2289/6/4 2290/6/4 2291/6/4 2292/6/4
f 2293/6/3 2294/6/3 2295/6/3 2296/6/3
f 2297/6/4 2298/6/4 2299/6/4 2300/6/4
f 2301/6/3 2302/6/3 2303/6/3 2304/6/3
f 2305/6/4 2306/6/4 2307/6/4 2308/6/4
f 2309/6/3 2310/6/3 2311/6/3 2312/6/3
f 2313/6/4 2314/6/4 2315/6/4 2316/6/4
f 2317/6/3 2318/6/3 2319/6/3 2320/6/3
f 2321/6/4 2322/6/4 2323/6/4 2324/6/4
f 2325/6/3 2326/6/3 2327/6/3 2328/6/3
f 2329/6/4 2330/6/4 2331/6/4 2332/6/4
f 2333/6/3 2334/6/3 2335/6/3 2336/6/3
f 2337/6/4 2338/6/4 2339/6/4 2340/6/4
f 2341/6/3 2342/6/3 2343/6/3 2344/6/3
f 2345/6/4 2346/6/4 2347/6/4 2348/6/4
f 2349/6/3 2350/6/3 2351/6/3 2352/6/3
f 2353/6/4 2354/6/4 2355/6/4 2356/6/4
f 2357/6/3 2358/6/3 2359/6/3 2360/6/3
f 2361/6/4 2362/6/4 2363/6/4 2364/6/4
f 2365/6/3 2366/6/3 2367/6/3 2368/6/3
f 2369/6/4 2370/6/4 2371/6/4 2372/6/4
f 2373/7/3 2374/7/3 2375/7/3 2376/7/3
f 2377/7/4 2378/7/4 2379/7/4 2380/7/4
f 2381/2/3 2382/2/3 2383/2/3 2384/2/3
f 2385/2/4 2386/2/4 2387/2/4 2388/2/4
f 2389/2/3 2390/2/3 2391/2/3 2392/2/3
f 2393/2/4 2394/2/4 2395/2/4 2396/2/4
f 2397/2/3 2398/2/3 2399/2/3 2400/2/3
f 2401/2/4 2402/2/4 2403/2/4 2404/2/4
f 2405/2/3 2406/2/3 2407/2/3 2408/2/3
f 2409/2/4 2410/2/4 2411/2/4 2412/2/4
f 2413/2/3 2414/2/3 2415/2/3 2416/2/3
f 2417/2/4 2418/2/4 2419/2/4 2420/2/4
f 2421/2/3 2422/2/3 2423/2/3 2424/2/3
f 2425/2/4 2426/2/4 2427/2/4 2428/2/4
f 2429/2/2 2430/2/2 2431/2/2 2432/2/2
f 2433/2/3 2434/2/3 2435/2/3 2436/2/3
f 2437/2/4 2438/2/4 2439/2/4 2440/2/4
f 2441/6/1 2442/6/1 2443/6/1 2444/6/1
f 2445/6/3 2446/6/3 2447/6/3 2448/6/3
f 2449/6/4 2450/6/4 2451/6/4 2452/6/4
f 2453/6/3 2454/6/3 2455/6/3 2456/6/3
f 2457/6/4 2458/6/4 2459/6/4 2460/6/4
f 2461/6/3 2462/6/3 2463/6/3 2464/6/3
f 2465/6/4 2466/6/4 2467/6/4 2468/6/4
f 2469/6/3 2470/6/3 2471/6/3 2472/6/3
f 2473/6/4 2474/6/4 2475/6/4 2476/6/4
f 2477/6/3 2478/6/3 2479/6/3 2480/6/3
f 2481/6/4 2482/6/4 2483/6/4 2484/6/4
f 2485/6/3 2486/6/3 2487/6/3 2488/6/3
f 2489/6/4 2490/6/4 2491/6/4 2492/6/4
f 2493/6/3 2494/6/3 2495/6/3 2496/6/3
f 2497/6/4 2498/6/4 2499/6/4 2500/6/4
f 2501/6/3 2502/6/3 2503/6/3 2504/6/3
f 2505/6/4 2506/6/4 2507/6/4 2508/6/4
f 2509/6/3 2510/6/3 2511/6/3 2512/6/3
f 2513/6/4 2514/6/4 2515/6/4 2516/6/4
f 2517/6/3 2518/6/3 2519/6/3 2520/6/3
f 2521/6/4 2522/6/4 2523/6/4 2524/6/4
f 2525/6/3 2526/6/3 2527/6/3 2528/6/3
f 2529/6/4 2530/6/4 2531/6/4 2532/6/4
f 2533/6/3 2534/6/3 2535/6/3 2536/6/3
f 2537/6/4 2538/6/4 2539/6/4 2540/6/4
f 2541/11/3 2542/11/3 2543/11/3 2544/11/3
f 2545/11/4 2546/11/4 2547/11/4 2548/11/4
f 2549/13/3 2550/13/3 2551/13/3 2552/13/3
f 2553/13/4 2554/13/4 2555/13/4 2556/13/4
f 2557/6/3 2558/6/3 2559/6/3 2560/6/3
f 2561/6/4 2562/6/4 2563/6/4 2564/6/4
f 2565/11/3 2566/11/3 2567/11/3 2568/11/3
f 2569/11/4 2570/11/4 2571/11/4 2572/11/4
f 2573/7/3 2574/7/3 2575/7/3 2576/7/3
f 2577/7/4 2578/7/4 2579/7/4 2580/7/4
f 2581/2/3 2582/2/3 2583/2/3 2584/2/3
f 2585/2/4 2586/2/4 2587/2/4 2588/2/4
f 2589/2/3 2590/2/3 2591/2/3 2592/2/3
f 2593/2/4 2594/2/4 2595/2/4 2596/2/4
f 2597/2/3 2598/2/3 2599/2/3 2600/2/3
f 2601/2/4 2602/2/4 2603/2/4 2604/2/4
f 2605/2/3 2606/2/3 2607/2/3 2608/2/3
f 2609/2/4 2610/2/4 2611/2/4 2612/2/4
f 2613/2/3 2614/2/3 2615/2/3 2616/2/3
f 2617/2/4 2618/2/4 2619/2/4 2620/2/4
f 2621/2/3 2622/2/3 2623/2/3 2624/2/3
f 2625/2/4 2626/2/4 2627/2/4 2628/2/4
f 2629/2/2 2630/2/2 2631/2/2 2632/2/2
f 2633/2/3 2634/2/3 2635/2/3 2636/2/3
f 2637/2/4 2638/2/4 2639/2/4 2640/2/4
f 2641/6/1 2642/6/1 2643/6/1 2644/6/1
f 2645/6/3 2646/6/3 2647/6/3 2648/6/3
f 2649/6/4 2650/6/4 2651/6/4 2652/6/4
f 2653/6/3 2654/6/3 2655/6/3 2656/6/3
f 2657/6/4 2658/6/4 2659/6/4 2660/6/4
f 2661/6/3 2662/6/3 2663/6/3 2664/6/3
f 2665/6/4 2666/6/4 2667/6/4 2668/6/4
f 2669/6/3 2670/6/3 2671/6/3 2672/6/3
f 2673/6/4 2674/6/4 2675/6/4 2676/6/4
f 2677/6/3 2678/6/3 2679/6/3 2680/6/3
f 2681/6/4 2682/6/4 2683/6/4 2684/6/4
f 2685/6/3 2686/6/3 2687/6/3 2688/6/3
f 2689/6/4 2690/6/4 2691/6/4 2692/6/4
f 2693/6/3 2694/6/3 2695/6/3 2696/6/3
f 2697/6/4 2698/6/4 2699/6/4 2700/6/4
f 2701/6/3 2702/6/3 2703/6/3 2704/6/3
f 2705/6/4 2706/6/4 2707/6/4 2708/6/4
f 2709/6/3 2710/6/3 2711/6/3 2712/6/3
f 2713/6/4 2714/6/4 2715/6/4 2716/6/4
f 2717/6/3 2718/6/3 2719/6/3 2720/6/3
f 2721/6/4 2722/6/4 2723/6/4 2724/6/4
f 2725/6/3 2726/6/3 2727/6/3 2728/6/3
f 2729/6/4 2730/6/4 2731/6/4 2732/6/4
f 2733/6/3 2734/6/3 2735/6/3 2736/6/3
f 2737/6/4 2738/6/4 2739/6/4 2740/6/4
f 2741/6/3 2742/6/3 2743/6/3 2744/6/3
f 2745/6/4 2746/6/4 2747/6/4 2748/6/4
f 2749/6/3 2750/6/3 2751/6/3 2752/6/3
f 2753/6/4 2754/6/4 2755/6/4 2756/6/4
f 2757/6/3 2758/6/3 2759/6/3 2760/6/3
f 2761/6/4 2762/6/4 2763/6/4 2764/6/4
f 2765/11/3 2766/11/3 2767/11/3 2768/11/3
f 2769/11/4 2770/11/4 2771/11/4 2772/11/4
f 2773/7/3 2774/7/3 2775/7/3 2776/7/3
f 2777/7/4 2778/7/4 2779/7/4 2780/7/4
f 2781/2/3 2782/2/3 2783/2/3 2784/2/3
f 2785/2/4 2786/2/4 2787/2/4 2788/2/4
f 2789/2/3 2790/2/3 2791/2/3 2792/2/3
f 2793/2/4 2794/2/4 2795/2/4 2796/2/4
f 2797/2/3 2798/2/3 2799/2/3 2800/2/3
f 2801/2/4 2802/2/4 2803/2/4 2804/2/4
f 2805/2/3 2806/2/3 2807/2/3 2808/2/3
f 2809/2/4 2810/2/4 2811/2/4 2812/2/4
f 2813/2/3 2814/2/3 2815/2/3 2816/2/3
f 2817/2/4 2818/2/4 2819/2/4 2820/2/4
f 2821/2/3 2822/2/3 2823/2/3 2824/2/3
f 2825/2/4 2826/2/4 2827/2/4 2828/2/4
f 2829/2/2 2830/2/2 2831/2/2 2832/2/2
f 2833/2/3 2834/2/3 2835/2/3 2836/2/3
f 2837/2/4 2838/2/4 2839/2/4 2840/2/4
f 2841/6/1 2842/6/1 2843/6/1 2844/6/1
f 2845/6/3 2846/6/3 2847/6/3 2848/6/3
f 2849/6/4 2850/6/4 2851/6/4 2852/6/4
f 2853/6/3 2854/6/3 2855/6/3 2856/6/3
f 2857/6/4 2858/6/4 2859/6/4 2860/6/4
f 2861/6/3 2862/6/3 2863/6/3 2864/6/3
f 2865/6/4 2866/6/4 2867/6/4 2868/6/4
f 2869/6/3 2870/6/3 2871/6/3 2872/6/3
f 2873/6/4 2874/6/4 2875/6/4 2876/6/4
f 2877/6/3 2878/6/3 2879/6/3 2880/6/3
f 2881/6/4 2882/6/4 2883/6/4 2884/6/4
f 2885/11/3 2886/11/3 2887/11/3 2888/11/3
f 2889/11/4 2890/11/4 2891/11/4 2892/11/4
f 2893/13/3 2894/13/3 2895/13/3 2896/13/3
f 2897/13/4 2898/13/4 2899/13/4 2900/13/4
f 2901/6/3 2902/6/3 2903/6/3 2904/6/3
f 2905/6/4 2906/6/4 2907/6/4 2908/6/4
f 2909/6/3 2910/6/3 2911/6/3 2912/6/3
f 2913/6/4 2914/6/4 2915/6/4 2916/6/4
f 2917/6/3 2918/6/3 2919/6/3 2920/6/3
f 2921/6/4 2922/6/4 2923/6/4 2924/6/4
f 2925/6/3 2926/6/3 2927/6/3 2928/6/3
f 2929/6/4 2930/6/4 2931/6/4 2932/6/4
f 2933/6/3 2934/6/3 2935/6/3 2936/6/3
f 2937/6/4 2938/6/4 2939/6/4 2940/6/4
f 2941/6/3 2942/6/3 2943/6/3 2944/6/3
f 2945/6/4 2946/6/4 2947/6/4 2948/6/4
f 2949/6/3 2950/6/3 2951/6/3 2952/6/3
f 2953/6/4 2954/6/4 2955/6/4 2956/6/4
f 2957/6/3 2958/6/3 2959/6/3 2960/6/3
f 2961/6/4 2962/6/4 2963/6/4 2964/6/4
f 2965/11/3 2966/11/3 2967/11/3 2968/11/3
f 2969/11/4 2970/11/4 2971/11/4 2972/11/4
f 2973/7/3 2974/7/3 2975/7/3 2976/7/3
f 2977/7/4 2978/7/4 2979/7/4 2980/7/4
f 2981/2/3 2982/2/3 2983/2/3 2984/2/3
f 2985/2/4 2986/2/4 2987/2/4 2988/2/4
f 2989/2/3 2990/2/3 2991/2/3 2992/2/3
f 2993/2/4 2994/2/4 2995/2/4 2996/2/4
f 2997/2/3 2998/2/3 2999/2/3 3000/2/3
f 3001/2/4 3002/2/4 3003/2/4 3004/2/4
f 3005/2/3 3006/2/3 3007/2/3 3008/2/3
f 3009/2/4 3010/2/4 3011/2/4 3012/2/4
f 3013/2/3 3014/2/3 3015/2/3 3016/2/3
f 3017/2/4 3018/2/4 3019/2/4 3020/2/4
f 3021/2/3 3022/2/3 3023/2/3 3024/2/3
f 3025/2/4 3026/2/4 3027/2/4 3028/2/4
f 3029/2/2 3030/2/2 3031/2/2 3032/2/2
f 3033/2/3 3034/2/3 3035/2/3 3036/2/3
f 3037/2/4 3038/2/4 3039/2/4 3040/2/4
f 3041/6/1 3042/6/1 3043/6/1 3044/6/1
f 3045/6/3 3046/6/3 3047/6/3 3048/6/3
f 3049/6/4 3050/6/4 3051/6/4 3052/6/4
f 3053/6/3 3054/6/3 3055/6/3 3056/6/3
f 3057/6/4 3058/6/4 3059/6/4 3060/6/4
f 3061/6/3 3062/6/3 3063/6/3 3064/6/3
f 3065/6/4 3066/6/4 3067/6/4 3068/6/4
f 3069/6/3 3070/6/3 3071/6/3 3072/6/3
f 3073/6/4 3074/6/4 3075/6/4 3076/6/4
f 3077/6/3 3078/6/3 3079/6/3 3080/6/3
f 3081/6/4 3082/6/4 3083/6/4 3084/6/4
f 3085/6/3 3086/6/3 3087/6/3 3088/6/3
f 3089/6/4 3090/6/4 3091/6/4 3092/6/4
f 3093/6/3 3094/6/3 3095/6/3 3096/6/3
f 3097/6/4 3098/6/4 3099/6/4 3100/6/4
f 3101/6/3 3102/6/3 3103/6/3 3104/6/3
f 3105/6/4 3106/6/4 3107/6/4 3108/6/4
f 3109/6/3 3110/6/3 3111/6/3 3112/6/3
f 3113/6/4 3114/6/4 3115/6/4 3116/6/4
f 3117/6/3 3118/6/3 3119/6/3 3120/6/3
f 3121/6/4 3122/6/4 3123/6/4 3124/6/4
f 3125/6/3 3126/6/3 3127/6/3 3128/6/3
f 3129/6/4 3130/6/4 3131/6/4 3132/6/4
f 3133/6/3 3134/6/3 3135/6/3 3136/6/3
f 3137/6/4 3138/6/4 3139/6/4 3140/6/4
f 3141/6/3 3142/6/3 3143/6/3 3144/6/3
f 3145/6/4 3146/6/4 3147/6/4 3148/6/4
f 3149/6/3 3150/6/3 3151/6/3 3152/6/3
f 3153/6/4 3154/6/4 3155/6/4 3156/6/4
f 3157/6/3 3158/6/3 3159/6/3 3160/6/3
f 3161/6/4 3162/6/4 3163/6/4 3164/6/4
f 3165/15/3 3166/15/3 3167/15/3 3168/15/3
f 3169/15/4 3170/15/4 3171/15/4 3172/15/4
f 3173/7/3 3174/7/3 3175/7/3 3176/7/3
f 3177/7/4 3178/7/4 3179/7/4 3180/7/4
f 3181/2/3 3182/2/3 3183/2/3 3184/2/3
f 3185/2/4 3186/2/4 3187/2/4 3188/2/4
f 3189/2/3 3190/2/3 3191/2/3 3192/2/3
f 3193/2/4 3194/2/4 3195/2/4 3196/2/4
f 3197/2/3 3198/2/3 3199/2/3 3200/2/3
f 3201/2/4 3202/2/4 3203/2/4 3204/2/4
f 3205/2/3 3206/2/3 3207/2/3 3208/2/3
f 3209/2/4 3210/2/4 3211/2/4 3212/2/4
f 3213/2/3 3214/2/3 3215/2/3 3216/2/3
f 3217/2/4 3218/2/4 3219/2/4 3220/2/4
f 3221/2/3 3222/2/3 3223/2/3 3224/2/3
f 3225/2/4 3226/2/4 3227/2/4 3228/2/4
f 3229/2/2 3230/2/2 3231/2/2 3232/2/2
f 3233/2/3 3234/2/3 3235/2/3 3236/2/3
f 3237/2/4 3238/2/4 3239/2/4 3240/2/4
f 3241/6/1 3242/6/1 3243/6/1 3244/6/1
f 3245/6/3 3246/6/3 3247/6/3 3248/6/3
f 3249/6/4 3250/6/4 3251/6/4 3252/6/4
f 3253/6/3 3254/6/3 3255/6/3 3256/6/3
f 3257/6/4 3258/6/4 3259/6/4 3260/6/4
f 3261/6/3 3262/6/3 3263/6/3 3264/6/3
f 3265/6/4 3266/6/4 3267/6/4 3268/6/4
f 3269/6/3 3270/6/3 3271/6/3 3272/6/3
f 3273/6/4 3274/6/4 3275/6/4 3276/6/4
f 3277/6/3 3278/6/3 3279/6/3 3280/6/3
f 3281/6/4 3282/6/4 3283/6/4 3284/6/4
f 3285/6/3 3286/6/3 3287/6/3 3288/6/3
f 3289/6/4 3290/6/4 3291/6/4 3292/6/4
f 3293/6/3 3294/6/3 3295/6/3 3296/6/3
f 3297/6/4 3298/6/4 3299/6/4 3300/6/4
f 3301/6/3 3302/6/3 3303/6/3 3304/6/3
f 3305/6/4 3306/6/4 3307/6/4 3308/6/4
f 3309/6/3 3310/6/3 3311/6/3 3312/6/3
f 3313/6/4 3314/6/4 3315/6/4 3316/6/4
f 3317/6/3 3318/6/3 3319/6/3 3320/6/3
f 3321/6/4 3322/6/4 3323/6/4 3324/6/4
f 3325/6/3 3326/6/3 3327/6/3 3328/6/3
f 3329/6/4 3330/6/4 3331/6/4 3332/6/4
f 3333/6/3 3334/6/3 3335/6/3 3336/6/3
f 3337/6/4 3338/6/4 3339/6/4 3340/6/4
f 3341/6/3 3342/6/3 3343/6/3 3344/6/3
f 3345/6/4 3346/6/4 3347/6/4 3348/6/4
f 3349/6/3 3350/6/3 3351/6/3 3352/6/3
f 3353/6/4 3354/6/4 3355/6/4 3356/6/4
f 3357/6/3 3358/6/3 3359/6/3 3360/6/3
f 3361/6/4 3362/6/4 3363/6/4 3364/6/4
f 3365/15/3 3366/15/3 3367/15/3 3368/15/3
f 3369/15/4 3370/15/4 3371/15/4 3372/15/4
f 3373/7/3 3374/7/3 3375/7/3 3376/7/3
f 3377/7/4 3378/7/4 3379/7/4 3380/7/4
f 3381/2/3 3382/2/3 3383/2/3 3384/2/3
f 3385/2/4 3386/2/4 3387/2/4 3388/2/4
f 3389/2/3 3390/2/3 3391/2/3 3392/2/3
f 3393/2/4 3394/2/4 3395/2/4 3396/2/4
f 3397/2/3 3398/2/3 3399/2/3 3400/2/3
f 3401/2/4 3402/2/4 3403/2/4 3404/2/4
f 3405/2/3 3406/2/3 3407/2/3 3408/2/3
f 3409/2/4 3410/2/4 3411/2/4 3412/2/4
f 3413/2/3 3414/2/3 3415/2/3 3416/2/3
f 3417/2/4 3418/2/4 3419/2/4 3420/2/4
f 3421/2/3 3422/2/3 3423/2/3 3424/2/3
f 3425/2/4 3426/2/4 3427/2/4 3428/2/4
f 3429/2/2 3430/2/2 3431/2/2 3432/2/2
f 3433/2/3 3434/2/3 3435/2/3 3436/2/3
f 3437/2/4 3438/2/4 3439/2/4 3440/2/4
f 3441/6/1 3442/6/1 3443/6/1 3444/6/1
f 3445/6/3 3446/6/3 3447/6/3 3448/6/3
f 3449/6/4 3450/6/4 3451/6/4 3452/6/4
f 3453/6/3 3454/6/3 3455/6/3 3456/6/3
f 3457/6/4 3458/6/4 3459/6/4 3460/6/4
f 3461/6/3 3462/6/3 3463/6/3 3464/6/3
f 3465/6/4 3466/6/4 3467/6/4 3468/6/4
f 3469/6/3 3470/6/3 3471/6/3 3472/6/3
f 3473/6/4 3474/6/4 3475/6/4 3476/6/4
f 3477/6/3 3478/6/3 3479/6/3 3480/6/3
f 3481/6/4 3482/6/4 3483/6/4 3484/6/4
f 3485/6/3 3486/6/3 3487/6/3 3488/6/3
f 3489/6/4 3490/6/4 3491/6/4 3492/6/4
f 3493/6/3 3494/6/3 3495/6/3 3496/6/3
f 3497/6/4 3498/6/4 3499/6/4 3500/6/4
f 3501/6/3 3502/6/3 3503/6/3 3504/6/3
f 3505/6/4 3506/6/4 3507/6/4 3508/6/4
f 3509/6/3 3510/6/3 3511/6/3 3512/6/3
f 3513/6/4 3514/6/4 3515/6/4 3516/6/4
f 3517/6/3 3518/6/3 3519/6/3 3520/6/3
f 3521/6/4 3522/6/4 3523/6/4 3524/6/4
f 3525/6/3 3526/6/3 3527/6/3 3528/6/3
f 3529/6/4 3530/6/4 3531/6/4 3532/6/4
f 3533/6/3 3534/6/3 3535/6/3 3536/6/3
f 3537/6/4 3538/6/4 3539/6/4 3540/6/4
f 3541/11/3 3542/11/3 3543/11/3 3544/11/3
f 3545/11/4 3546/11/4 3547/11/4 3548/11/4
f 3549/13/3 3550/13/3 3551/13/3 3552/13/3
f 3553/13/4 3554/13/4 3555/13/4 3556/13/4
f 3557/6/3 3558/6/3 3559/6/3 3560/6/3
f 3561/6/4 3562/6/4 3563/6/4 3564/6/4
f 3565/14/3 3566/14/3 3567/14/3 3568/14/3
f 3569/14/4 3570/14/4 3571/14/4 3572/14/4
f 3573/7/3 3574/7/3 3575/7/3 3576/7/3
f 3577/7/4 3578/7/4 3579/7/4 3580/7/4
f 3581/2/3 3582/2/3 3583/2/3 3584/2/3
f 3585/2/4 3586/2/4 3587/2/4 3588/2/4
f 3589/2/3 3590/2/3 3591/2/3 3592/2/3
f 3593/2/4 3594/2/4 3595/2/4 3596/2/4
f 3597/2/3 3598/2/3 3599/2/3 3600/2/3
f 3601/2/4 3602/2/4 3603/2/4 3604/2/4
f 3605/2/3 3606/2/3 3607/2/3 3608/2/3
f 3609/2/4 3610/2/4 3611/2/4 3612/2/4
f 3613/2/3 3614/2/3 3615/2/3 3616/2/3
f 3617/2/4 3618/2/4 3619/2/4 3620/2/4
f 3621/2/3 3622/2/3 3623/2/3 3624/2/3
f 3625/2/4 3626/2/4 3627/2/4 3628/2/4
f 3629/2/2 3630/2/2 3631/2/2 3632/2/2
f 3633/2/3 3634/2/3 3635/2/3 3636/2/3
f 3637/2/4 3638/2/4 3639/2/4 3640/2/4
f 3641/6/1 3642/6/1 3643/6/1 3644/6/1
f 3645/6/3 3646/6/3 3647/6/3 3648/6/3
f 3649/6/4 3650/6/4 3651/6/4 3652/6/4
f 3653/6/3 3654/6/3 3655/6/3 3656/6/3
f 3657/6/4 3658/6/4 3659/6/4 3660/6/4
f 3661/6/3 3662/6/3 3663/6/3 3664/6/3
f 3665/6/4 3666/6/4 3667/6/4 3668/6/4
f 3669/6/3 3670/6/3 3671/6/3 3672/6/3
f 3673/6/4 3674/6/4 3675/6/4 3676/6/4
f 3677/6/3 3678/6/3 3679/6/3 3680/6/3
f 3681/6/4 3682/6/4 3683/6/4 3684/6/4
f 3685/6/3 3686/6/3 3687/6/3 3688/6/3
f 3689/6/4 3690/6/4 3691/6/4 3692/6/4
f 3693/6/3 3694/6/3 3695/6/3 3696/6/3
f 3697/6/4 3698/6/4 3699/6/4 3700/6/4
f 3701/6/3 3702/6/3 3703/6/3 3704/6/3
f 3705/6/4 3706/6/4 3707/6/4 3708/6/4
f 3709/6/3 3710/6/3 3711/6/3 3712/6/3
f 3713/6/4 3714/6/4 3715/6/4 3716/6/4
f 3717/6/3 3718/6/3 3719/6/3 3720/6/3
f 3721/6/4 3722/6/4 3723/6/4 3724/6/4
f 3725/6/3 3726/6/3 3727/6/3 3728/6/3
f 3729/6/4 3730/6/4 3731/6/4 3732/6/4
f 3733/6/3 3734/6/3 3735/6/3 3736/6/3
f 3737/6/4 3738/6/4 3739/6/4 3740/6/4
f 3741/6/3 3742/6/3 3743/6/3 3744/6/3
f 3745/6/4 3746/6/4 3747/6/4 3748/6/4
f 3749/6/3 3750/6/3 3751/6/3 3752/6/3
f 3753/6/4 3754/6/4 3755/6/4 3756/6/4
f 3757/6/3 3758/6/3 3759/6/3 3760/6/3
f 3761/6/4 3762/6/4 3763/6/4 3764/6/4
f 3765/14/3 3766/14/3 3767/14/3 3768/14/3
f 3769/14/4 3770/14/4 3771/14/4 3772/14/4
f 3773/7/3 3774/7/3 3775/7/3 3776/7/3
f 3777/7/4 3778/7/4 3779/7/4 3780/7/4
f 3781/2/3 3782/2/3 3783/2/3 3784/2/3
f 3785/2/4 3786/2/4 3787/2/4 3788/2/4
f 3789/2/3 3790/2/3 3791/2/3 3792/2/3
f 3793/2/4 3794/2/4 3795/2/4 3796/2/4
f 3797/2/3 3798/2/3 3799/2/3 3800/2/3
f 3801/2/4 3802/2/4 3803/2/4 3804/2/4
f 3805/2/3 3806/2/3 3807/2/3 3808/2/3
f 3809/2/4 3810/2/4 3811/2/4 3812/2/4
f 3813/2/3 3814/2/3 3815/2/3 3816/2/3
f 3817/2/4 3818/2/4 3819/2/4 3820/2/4
f 3821/2/3 3822/2/3 3823/2/3 3824/2/3
f 3825/2/4 3826/2/4 3827/2/4 3828/2/4
f 3829/2/2 3830/2/2 3831/2/2 3832/2/2
f 3833/2/3 3834/2/3 3835/2/3 3836/2/3
f 3837/2/4 3838/2/4 3839/2/4 3840/2/4
f 3841/11/1 3842/11/1 3843/11/1 3844/11/1
f 3845/11/3 3846/11/3 3847/11/3 3848/11/3
f 3849/11/4 3850/11/4 3851/11/4 3852/11/4
f 3853/11/3 3854/11/3 3855/11/3 3856/11/3
f 3857/11/4 3858/11/4 3859/11/4 3860/11/4
f 3861/11/3 3862/11/3 3863/11/3 3864/11/3
f 3865/11/4 3866/11/4 3867/11/4 3868/11/4
f 3869/11/3 3870/11/3 3871/11/3 3872/11/3
f 3873/11/4 3874/11/4 3875/11/4 3876/11/4
f 3877/11/3 3878/11/3 3879/11/3 3880/11/3
f 3881/11/4 3882/11/4 3883/11/4 3884/11/4
f 3885/11/3 3886/11/3 3887/11/3 3888/11/3
f 3889/11/4 3890/11/4 3891/11/4 3892/11/4
f 3893/11/3 3894/11/3 3895/11/3 3896/11/3
f 3897/11/4 3898/11/4 3899/11/4 3900/11/4
f 3901/11/3 3902/11/3 3903/11/3 3904/11/3
f 3905/11/4 3906/11/4 3907/11/4 3908/11/4
f 3909/11/3 3910/11/3 3911/11/3 3912/11/3
f 3913/11/4 3914/11/4 3915/11/4 3916/11/4
f 3917/11/3 3918/11/3 3919/11/3 3920/11/3
f 3921/11/4 3922/11/4 3923/11/4 3924/11/4
f 3925/11/3 3926/11/3 3927/11/3 3928/11/3
f 3929/11/4 3930/11/4 3931/11/4 3932/11/4
f 3933/11/3 3934/11/3 3935/11/3 3936/11/3
f 3937/11/4 3938/11/4 3939/11/4 3940/11/4
f 3941/11/3 3942/11/3 3943/11/3 3944/11/3
f 3945/11/4 3946/11/4 3947/11/4 3948/11/4
f 3949/11/3 3950/11/3 3951/11/3 3952/11/3
f 3953/11/4 3954/11/4 3955/11/4 3956/11/4
f 3957/11/3 3958/11/3 3959/11/3 3960/11/3
f 3961/11/4 3962/11/4 3963/11/4 3964/11/4
f 3965/15/3 3966/15/3 3967/15/3 3968/15/3
f 3969/15/4 3970/15/4 3971/15/4 3972/15/4
f 3973/7/3 3974/7/3 3975/7/3 3976/7/3
f 3977/7/4 3978/7/4 3979/7/4 3980/7/4
f 3981/2/3 3982/2/3 3983/2/3 3984/2/3
f 3985/2/4 3986/2/4 3987/2/4 3988/2/4
f 3989/2/3 3990/2/3 3991/2/3 3992/2/3
f 3993/2/4 3994/2/4 3995/2/4 3996/2/4
f 3997/2/3 3998/2/3 3999/2/3 4000/2/3
f 4001/2/4 4002/2/4 4003/2/4 4004/2/4
f 4005/2/3 4006/2/3 4007/2/3 4008/2/3
f 4009/2/4 4010/2/4 4011/2/4 4012/2/4
f 4013/2/3 4014/2/3 4015/2/3 4016/2/3
f 4017/2/4 4018/2/4 4019/2/4 4020/2/4
f 4021/2/3 4022/2/3 4023/2/3 4024/2/3
f 4025/2/4 4026/2/4 4027/2/4 4028/2/4
f 4029/2/2 4030/2/2 4031/2/2 4032/2/2
f 4033/2/3 4034/2/3 4035/2/3 4036/2/3
f 4037/2/4 4038/2/4 4039/2/4 4040/2/4
f 4041/15/1 4042/15/1 4043/15/1 4044/15/1
f 4045/15/3 4046/15/3 4047/15/3 4048/15/3
f 4049/15/4 4050/15/4 4051/15/4 4052/15/4
f 4053/15/3 4054/15/3 4055/15/3 4056/15/3
f 4057/15/4 4058/15/4 4059/15/4 4060/15/4
f 4061/15/3 4062/15/3 4063/15/3 4064/15/3
f 4065/15/4 4066/15/4 4067/15/4 4068/15/4
f 4069/15/3 4070/15/3 4071/15/3 4072/15/3
f 4073/15/4 4074/15/4 4075/15/4 4076/15/4
f 4077/15/3 4078/15/3 4079/15/3 4080/15/3
f 4081/15/4 4082/15/4 4083/15/4 4084/15/4
f 4085/15/3 4086/15/3 4087/15/3 4088/15/3
f 4089/15/4 4090/15/4 4091/15/4 4092/15/4
f 4093/15/3 4094/15/3 4095/15/3 4096/15/3
f 4097/15/4 4098/15/4 4099/15/4 4100/15/4
f 4101/15/3 4102/15/3 4103/15/3 4104/15/3
f 4105/15/4 4106/15/4 4107/15/4 4108/15/4
f 4109/15/3 4110/15/3 4111/15/3 4112/15/3
f 4113/15/4 4114/15/4 4115/15/4 4116/15/4
f 4117/15/3 4118/15/3 4119/15/3 4120/15/3
f 4121/15/4 4122/15/4 4123/15/4 4124/15/4
f 4125/15/3 4126/15/3 4127/15/3 4128/15/3
f 4129/15/4 4130/15/4 4131/15/4 4132/15/4
f 4133/15/3 4134/15/3 4135/15/3 4136/15/3
f 4137/15/4 4138/15/4 4139/15/4 4140/15/4
f 4141/14/3 4142/14/3 4143/14/3 4144/14/3
f 4145/14/4 4146/14/4 4147/14/4 4148/14/4
f 4149/15/3 4150/15/3 4151/15/3 4152/15/3
f 4153/15/4 4154/15/4 4155/15/4 4156/15/4
f 4157/14/3 4158/14/3 4159/14/3 4160/14/3
f 4161/14/4 4162/14/4 4163/14/4 4164/14/4
f 4165/4/3 4166/4/3 4167/4/3 4168/4/3
f 4169/4/4 4170/4/4 4171/4/4 4172/4/4
f 4173/7/3 4174/7/3 4175/7/3 4176/7/3
f 4177/7/4 4178/7/4 4179/7/4 4180/7/4
f 4181/2/3 4182/2/3 4183/2/3 4184/2/3
f 4185/2/4 4186/2/4 4187/2/4 4188/2/4
f 4189/2/3 4190/2/3 4191/2/3 4192/2/3
f 4193/2/4 4194/2/4 4195/2/4 4196/2/4
f 4197/2/3 4198/2/3 4199/2/3 4200/2/3
f 4201/2/4 4202/2/4 4203/2/4 4204/2/4
f 4205/2/3 4206/2/3 4207/2/3 4208/2/3
f 4209/2/4 4210/2/4 4211/2/4 4212/2/4
f 4213/2/3 4214/2/3 4215/2/3 4216/2/3
f 4217/2/4 4218/2/4 4219/2/4 4220/2/4
f 4221/2/3 4222/2/3 4223/2/3 4224/2/3
f 4225/2/4 4226/2/4 4227/2/4 4228/2/4
f 4229/2/2 4230/2/2 4231/2/2 4232/2/2
f 4233/2/3 4234/2/3 4235/2/3 4236/2/3
f 4237/2/4 4238/2/4 4239/2/4 4240/2/4
f 4241/4/1 4242/4/1 4243/4/1 4244/4/1
f 4245/4/3 4246/4/3 4247/4/3 4248/4/3
f 4249/4/4 4250/4/4 4251/4/4 4252/4/4
f 4253/4/3 4254/4/3 4255/4/3 4256/4/3
f 4257/4/4 4258/4/4 4259/4/4 4260/4/4
f 4261/4/3 4262/4/3 4263/4/3 4264/4/3
f 4265/4/4 4266/4/4 4267/4/4 4268/4/4
f 4269/4/3 4270/4/3 4271/4/3 4272/4/3
f 4273/4/4 4274/4/4 4275/4/4 4276/4/4
f 4277/4/3 4278/4/3 4279/4/3 4280/4/3
f 4281/4/4 4282/4/4 4283/4/4 4284/4/4
f 4285/4/3 4286/4/3 4287/4/3 4288/4/3
f 4289/4/4 4290/4/4 4291/4/4 4292/4/4
f 4293/4/3 4294/4/3 4295/4/3 4296/4/3
f 4297/4/4 4298/4/4 4299/4/4 4300/4/4
f 4301/4/3 4302/4/3 4303/4/3 4304/4/3
f 4305/4/4 4306/4/4 4307/4/4 4308/4/4
f 4309/4/3 4310/4/3 4311/4/3 4312/4/3
f 4313/4/4 4314/4/4 4315/4/4 4316/4/4
f 4317/4/3 4318/4/3 4319/4/3 4320/4/3
f 4321/4/4 4322/4/4 4323/4/4 4324/4/4
f 4325/4/3 4326/4/3 4327/4/3 4328/4/3
f 4329/4/4 4330/4/4 4331/4/4 4332/4/4
f 4333/4/3 4334/4/3 4335/4/3 4336/4/3
f 4337/4/4 4338/4/4 4339/4/4 4340/4/4
f 4341/4/3 4342/4/3 4343/4/3 4344/4/3
f 4345/4/4 4346/4/4 4347/4/4 4348/4/4
f 4349/4/3 4350/4/3 4351/4/3 4352/4/3
f 4353/4/4 4354/4/4 4355/4/4 4356/4/4
f 4357/4/3 4358/4/3 4359/4/3 4360/4/3
f 4361/4/4 4362/4/4 4363/4/4 4364/4/4
f 4365/10/3 4366/10/3 4367/10/3 4368/10/3
f 4369/10/4 4370/10/4 4371/10/4 4372/10/4
f 4373/7/3 4374/7/3 4375/7/3 4376/7/3
f 4377/7/4 4378/7/4 4379/7/4 4380/7/4
f 4381/2/3 4382/2/3 4383/2/3 4384/2/3
f 4385/2/4 4386/2/4 4387/2/4 4388/2/4
f 4389/2/3 4390/2/3 4391/2/3 4392/2/3
f 4393/2/4 4394/2/4 4395/2/4 4396/2/4
f 4397/2/3 4398/2/3 4399/2/3 4400/2/3
f 4401/2/4 4402/2/4 4403/2/4 4404/2/4
f 4405/2/3 4406/2/3 4407/2/3 4408/2/3
f 4409/2/4 4410/2/4 4411/2/4 4412/2/4
f 4413/2/3 4414/2/3 4415/2/3 4416/2/3
f 4417/2/4 4418/2/4 4419/2/4 4420/2/4
f 4421/2/3 4422/2/3 4423/2/3 4424/2/3
f 4425/2/4 4426/2/4 4427/2/4 4428/2/4
f 4429/2/2 4430/2/2 4431/2/2 4432/2/2
f 4433/2/3 4434/2/3 4435/2/3 4436/2/3
f 4437/2/4 4438/2/4 4439/2/4 4440/2/4
f 4441/4/1 4442/4/1 4443/4/1 4444/4/1
f 4445/4/3 4446/4/3 4447/4/3 4448/4/3
f 4449/4/4 4450/4/4 4451/4/4 4452/4/4
f 4453/10/3 4454/10/3 4455/10/3 4456/10/3
f 4457/10/4 4458/10/4 4459/10/4 4460/10/4
f 4461/14/3 4462/14/3 4463/14/3 4464/14/3
f 4465/14/4 4466/14/4 4467/14/4 4468/14/4
f 4469/4/3 4470/4/3 4471/4/3 4472/4/3
f 4473/4/4 4474/4/4 4475/4/4 4476/4/4
f 4477/4/3 4478/4/3 4479/4/3 4480/4/3
f 4481/4/4 4482/4/4 4483/4/4 4484/4/4
f 4485/4/3 4486/4/3 4487/4/3 4488/4/3
f 4489/4/4 4490/4/4 4491/4/4 4492/4/4
f 4493/4/3 4494/4/3 4495/4/3 4496/4/3
f 4497/4/4 4498/4/4 4499/4/4 4500/4/4
f 4501/4/3 4502/4/3 4503/4/3 4504/4/3
f 4505/4/4 4506/4/4 4507/4/4 4508/4/4
f 4509/4/3 4510/4/3 4511/4/3 4512/4/3
f 4513/4/4 4514/4/4 4515/4/4 4516/4/4
f 4517/4/3 4518/4/3 4519/4/3 4520/4/3
f 4521/4/4 4522/4/4 4523/4/4 4524/4/4
f 4525/4/3 4526/4/3 4527/4/3 4528/4/3
f 4529/4/4 4530/4/4 4531/4/4 4532/4/4
f 4533/4/3 4534/4/3 4535/4/3 4536/4/3
f 4537/4/4 4538/4/4 4539/4/4 4540/4/4
f 4541/4/3 4542/4/3 4543/4/3 4544/4/3
f 4545/4/4 4546/4/4 4547/4/4 4548/4/4
f 4549/4/3 4550/4/3 4551/4/3 4552/4/3
f 4553/4/4 4554/4/4 4555/4/4 4556/4/4
f 4557/4/3 4558/4/3 4559/4/3 4560/4/3
f 4561/4/4 4562/4/4 4563/4/4 4564/4/4
f 4565/9/3 4566/9/3 4567/9/3 4568/9/3
f 4569/9/4 4570/9/4 4571/9/4 4572/9/4
f 4573/7/3 4574/7/3 4575/7/3 4576/7/3
f 4577/7/4 4578/7/4 4579/7/4 4580/7/4
f 4581/2/3 4582/2/3 4583/2/3 4584/2/3
f 4585/2/4 4586/2/4 4587/2/4 4588/2/4
f 4589/2/3 4590/2/3 4591/2/3 4592/2/3
f 4593/2/4 4594/2/4 4595/2/4 4596/2/4
f 4597/2/3 4598/2/3 4599/2/3 4600/2/3
f 4601/2/4 4602/2/4 4603/2/4 4604/2/4
f 4605/2/3 4606/2/3 4607/2/3 4608/2/3
f 4609/2/4 4610/2/4 4611/2/4 4612/2/4
f 4613/2/3 4614/2/3 4615/2/3 4616/2/3
f 4617/2/4 4618/2/4 4619/2/4 4620/2/4
f 4621/2/3 4622/2/3 4623/2/3 4624/2/3
f 4625/2/4 4626/2/4 4627/2/4 4628/2/4
f 4629/2/2 4630/2/2 4631/2/2 4632/2/2
f 4633/2/3 4634/2/3 4635/2/3 4636/2/3
f 4637/2/4 4638/2/4 4639/2/4 4640/2/4
f 4641/4/1 4642/4/1 4643/4/1 4644/4/1
f 4645/4/3 4646/4/3 4647/4/3 4648/4/3
f 4649/4/4 4650/4/4 4651/4/4 4652/4/4
f 4653/4/3 4654/4/3 4655/4/3 4656/4/3
f 4657/4/4 4658/4/4 4659/4/4 4660/4/4
f 4661/4/3 4662/4/3 4663/4/3 4664/4/3
f 4665/4/4 4666/4/4 4667/4/4 4668/4/4
f 4669/4/3 4670/4/3 4671/4/3 4672/4/3
f 4673/4/4 4674/4/4 4675/4/4 4676/4/4
f 4677/4/3 4678/4/3 4679/4/3 4680/4/3
f 4681/4/4 4682/4/4 4683/4/4 4684/4/4
f 4685/4/3 4686/4/3 4687/4/3 4688/4/3
f 4689/4/4 4690/4/4 4691/4/4 4692/4/4
f 4693/10/3 4694/10/3 4695/10/3 4696/10/3
f 4697/10/4 4698/10/4 4699/10/4 4700/10/4
f 4701/14/3 4702/14/3 4703/14/3 4704/14/3
f 4705/14/4 4706/14/4 4707/14/4 4708/14/4
f 4709/4/3 4710/4/3 4711/4/3 4712/4/3
f 4713/4/4 4714/4/4 4715/4/4 4716/4/4
f 4717/4/3 4718/4/3 4719/4/3 4720/4/3
f 4721/4/4 4722/4/4 4723/4/4 4724/4/4
f 4725/4/3 4726/4/3 4727/4/3 4728/4/3
f 4729/4/4 4730/4/4 4731/4/4 4732/4/4
f 4733/4/3 4734/4/3 4735/4/3 4736/4/3
f 4737/4/4 4738/4/4 4739/4/4 4740/4/4
f 4741/4/3 4742/4/3 4743/4/3 4744/4/3
f 4745/4/4 4746/4/4 4747/4/4 4748/4/4
f 4749/4/3 4750/4/3 4751/4/3 4752/4/3
f 4753/4/4 4754/4/4 4755/4/4 4756/4/4
f 4757/4/3 4758/4/3 4759/4/3 4760/4/3
f 4761/4/4 4762/4/4 4763/4/4 4764/4/4
f 4765/7/3 4766/7/3 4767/7/3 4768/7/3
f 4769/7/4 4770/7/4 4771/7/4 4772/7/4
f 4773/7/3 4774/7/3 4775/7/3 4776/7/3
f 4777/7/4 4778/7/4 4779/7/4 4780/7/4
f 4781/2/3 4782/2/3 4783/2/3 4784/2/3
f 4785/2/4 4786/2/4 4787/2/4 4788/2/4
f 4789/2/3 4790/2/3 4791/2/3 4792/2/3
f 4793/2/4 4794/2/4 4795/2/4 4796/2/4
f 4797/2/3 4798/2/3 4799/2/3 4800/2/3
f 4801/2/4 4802/2/4 4803/2/4 4804/2/4
f 4805/2/3 4806/2/3 4807/2/3 4808/2/3
f 4809/2/4 4810/2/4 4811/2/4 4812/2/4
f 4813/2/3 4814/2/3 4815/2/3 4816/2/3
f 4817/2/4 4818/2/4 4819/2/4 4820/2/4
f 4821/2/3 4822/2/3 4823/2/3 4824/2/3
f 4825/2/4 4826/2/4 4827/2/4 4828/2/4
f 4829/2/2 4830/2/2 4831/2/2 4832/2/2
f 4833/2/3 4834/2/3 4835/2/3 4836/2/3
f 4837/2/4 4838/2/4 4839/2/4 4840/2/4
f 4841/4/1 4842/4/1 4843/4/1 4844/4/1
f 4845/4/3 4846/4/3 4847/4/3 4848/4/3
f 4849/4/4 4850/4/4 4851/4/4 4852/4/4
f 4853/4/5 4854/4/5 4855/4/5 4856/4/5
f 4857/4/3 4858/4/3 4859/4/3 4860/4/3
f 4861/4/4 4862/4/4 4863/4/4 4864/4/4
f 4865/4/5 4866/4/5 4867/4/5 4868/4/5
f 4869/4/3 4870/4/3 4871/4/3 4872/4/3
f 4873/4/4 4874/4/4 4875/4/4 4876/4/4
f 4877/4/5 4878/4/5 4879/4/5 4880/4/5
f 4881/4/3 4882/4/3 4883/4/3 4884/4/3
f 4885/4/4 4886/4/4 4887/4/4 4888/4/4
f 4889/4/5 4890/4/5 4891/4/5 4892/4/5
f 4893/4/3 4894/4/3 4895/4/3 4896/4/3
f 4897/4/4 4898/4/4 4899/4/4 4900/4/4
f 4901/4/5 4902/4/5 4903/4/5 4904/4/5
f 4905/4/3 4906/4/3 4907/4/3 4908/4/3
f 4909/4/4 4910/4/4 4911/4/4 4912/4/4
f 4913/4/5 4914/4/5 4915/4/5 4916/4/5
f 4917/4/3 4918/4/3 4919/4/3 4920/4/3
f 4921/4/4 4922/4/4 4923/4/4 4924/4/4
f 4925/4/5 4926/4/5 4927/4/5 4928/4/5
f 4929/4/3 4930/4/3 4931/4/3 4932/4/3
f 4933/4/4 4934/4/4 4935/4/4 4936/4/4
f 4937/4/5 4938/4/5 4939/4/5 4940/4/5
f 4941/4/3 4942/4/3 4943/4/3 4944/4/3
f 4945/4/4 4946/4/4 4947/4/4 4948/4/4
f 4949/4/5 4950/4/5 4951/4/5 4952/4/5
f 4953/4/3 4954/4/3 4955/4/3 4956/4/3
f 4957/4/4 4958/4/4 4959/4/4 4960/4/4
f 4961/4/5 4962/4/5 4963/4/5 4964/4/5
f 4965/4/3 4966/4/3 4967/4/3 4968/4/3
f 4969/4/4 4970/4/4 4971/4/4 4972/4/4
f 4973/4/5 4974/4/5 4975/4/5 4976/4/5
f 4977/4/3 4978/4/3 4979/4/3 4980/4/3
f 4981/4/4 4982/4/4 4983/4/4 4984/4/4
f 4985/4/5 4986/4/5 4987/4/5 4988/4/5
f 4989/4/3 4990/4/3 4991/4/3 4992/4/3
f 4993/4/4 4994/4/4 4995/4/4 4996/4/4
f 4997/4/5 4998/4/5 4999/4/5 5000/4/5
f 5001/4/3 5002/4/3 5003/4/3 5004/4/3
f 5005/4/4 5006/4/4 5007/4/4 5008/4/4
f 5009/4/5 5010/4/5 5011/4/5 5012/4/5
f 5013/4/3 5014/4/3 5015/4/3 5016/4/3
f 5017/4/4 5018/4/4 5019/4/4 5020/4/4
f 5021/4/5 5022/4/5 5023/4/5 5024/4/5
f 5025/7/3 5026/7/3 5027/7/3 5028/7/3
f 5029/7/4 5030/7/4 5031/7/4 5032/7/4
f 5033/7/5 5034/7/5 5035/7/5 5036/7/5
f 5037/7/3 5038/7/3 5039/7/3 5040/7/3
f 5041/7/4 5042/7/4 5043/7/4 5044/7/4
f 5045/7/5 5046/7/5 5047/7/5 5048/7/5
f 5049/2/3 5050/2/3 5051/2/3 5052/2/3
f 5053/2/4 5054/2/4 5055/2/4 5056/2/4
f 5057/2/5 5058/2/5 5059/2/5 5060/2/5
f 5061/2/3 5062/2/3 5063/2/3 5064/2/3
f 5065/2/4 5066/2/4 5067/2/4 5068/2/4
f 5069/2/5 5070/2/5 5071/2/5 5072/2/5
f 5073/2/3 5074/2/3 5075/2/3 5076/2/3
f 5077/2/4 5078/2/4 5079/2/4 5080/2/4
f 5081/2/5 5082/2/5 5083/2/5 5084/2/5
f 5085/2/3 5086/2/3 5087/2/3 5088/2/3
f 5089/2/4 5090/2/4 5091/2/4 5092/2/4
f 5093/2/5 5094/2/5 5095/2/5 5096/2/5
f 5097/2/3 5098/2/3 5099/2/3 5100/2/3
f 5101/2/4 5102/2/4 5103/2/4 5104/2/4
f 5105/2/5 5106/2/5 5107/2/5 5108/2/5
f 5109/2/3 5110/2/3 5111/2/3 5112/2/3
f 5113/2/4 5114/2/4 5115/2/4 5116/2/4
f 5117/2/5 5118/2/5 5119/2/5 5120/2/5
f 5121/2/2 5122/2/2 5123/2/2 5124/2/2
f 5125/2/3 5126/2/3 5127/2/3 5128/2/3
f 5129/2/4 5130/2/4 5131/2/4 5132/2/4
f 5133/2/5 5134/2/5 5135/2/5 5136/2/5

