# generated by vox_to_obj_exporter
# scale=0.1 center=false ground=false y_up=true

mtllib Fight_732.mtl
usemtl palette

# normals
vn -1 0 0
vn 1 0 0
vn 0 1 0
vn 0 -1 0
vn 0 0 1
vn 0 0 -1

# texcoords
vt 0.115234375 0.5
vt 0.052734375 0.5
vt 0.111328125 0.5

# verts
v 6.7 11.5 -2.6
v 6.7 11.4 -2.6
v 6.7 11.4 -2.5
v 6.7 11.5 -2.5
v 6.7 11.5 -2.6
v 6.7 11.5 -2.5
v 6.8 11.5 -2.5
v 6.8 11.5 -2.6
v 6.7 11.5 -2.5
v 6.7 11.4 -2.5
v 6.8 11.4 -2.5
v 6.8 11.5 -2.5
v 6.8 11.5 -2.6
v 6.8 11.4 -2.6
v 6.7 11.4 -2.6
v 6.7 11.5 -2.6
v 6.8 11.5 -2.6
v 6.8 11.5 -2.5
v 6.9 11.5 -2.5
v 6.9 11.5 -2.6
v 6.8 11.5 -2.5
v 6.8 11.4 -2.5
v 6.9 11.4 -2.5
v 6.9 11.5 -2.5
v 6.9 11.5 -2.6
v 6.9 11.4 -2.6
v 6.8 11.4 -2.6
v 6.8 11.5 -2.6
v 6.9 11.5 -2.6
v 6.9 11.5 -2.5
v 7 11.5 -2.5
v 7 11.5 -2.6
v 6.9 11.5 -2.5
v 6.9 11.4 -2.5
v 7 11.4 -2.5
v 7 11.5 -2.5
v 7 11.5 -2.6
v 7 11.4 -2.6
v 6.9 11.4 -2.6
v 6.9 11.5 -2.6
v 7 11.5 -2.6
v 7 11.5 -2.5
v 7.1 11.5 -2.5
v 7.1 11.5 -2.6
v 7 11.5 -2.5
v 7 11.4 -2.5
v 7.1 11.4 -2.5
v 7.1 11.5 -2.5
v 7.1 11.5 -2.6
v 7.1 11.4 -2.6
v 7 11.4 -2.6
v 7 11.5 -2.6
v 7.2 11.5 -2.5
v 7.2 11.4 -2.5
v 7.2 11.4 -2.6
v 7.2 11.5 -2.6
v 7.1 11.5 -2.6
v 7.1 11.5 -2.5
v 7.2 11.5 -2.5
v 7.2 11.5 -2.6
v 7.1 11.5 -2.5
v 7.1 11.4 -2.5
v 7.2 11.4 -2.5
v 7.2 11.5 -2.5
v 7.2 11.5 -2.6
v 7.2 11.4 -2.6
v 7.1 11.4 -2.6
v 7.1 11.5 -2.6
v 6.4 11.4 -2.6
v 6.4 11.3 -2.6
v 6.4 11.3 -2.5
v 6.4 11.4 -2.5
v 6.4 11.4 -2.6
v 6.4 11.4 -2.5
v 6.5 11.4 -2.5
v 6.5 11.4 -2.6
v 6.4 11.4 -2.5
v 6.4 11.3 -2.5
v 6.5 11.3 -2.5
v 6.5 11.4 -2.5
v 6.5 11.4 -2.6
v 6.5 11.3 -2.6
v 6.4 11.3 -2.6
v 6.4 11.4 -2.6
v 6.5 11.4 -2.6
v 6.5 11.4 -2.5
v 6.6 11.4 -2.5
v 6.6 11.4 -2.6
v 6.5 11.4 -2.5
v 6.5 11.3 -2.5
v 6.6 11.3 -2.5
v 6.6 11.4 -2.5
v 6.6 11.4 -2.6
v 6.6 11.3 -2.6
v 6.5 11.3 -2.6
v 6.5 11.4 -2.6
v 6.6 11.4 -2.6
v 6.6 11.4 -2.5
v 6.7 11.4 -2.5
v 6.7 11.4 -2.6
v 6.6 11.4 -2.5
v 6.6 11.3 -2.5
v 6.7 11.3 -2.5
v 6.7 11.4 -2.5
v 6.7 11.4 -2.6
v 6.7 11.3 -2.6
v 6.6 11.3 -2.6
v 6.6 11.4 -2.6
v 6.7 11.4 -2.5
v 6.7 11.3 -2.5
v 6.8 11.3 -2.5
v 6.8 11.4 -2.5
v 6.8 11.4 -2.6
v 6.8 11.3 -2.6
v 6.7 11.3 -2.6
v 6.7 11.4 -2.6
v 6.8 11.4 -2.5
v 6.8 11.3 -2.5
v 6.9 11.3 -2.5
v 6.9 11.4 -2.5
v 6.9 11.4 -2.6
v 6.9 11.3 -2.6
v 6.8 11.3 -2.6
v 6.8 11.4 -2.6
v 6.9 11.4 -2.5
v 6.9 11.3 -2.5
v 7 11.3 -2.5
v 7 11.4 -2.5
v 7 11.4 -2.6
v 7 11.3 -2.6
v 6.9 11.3 -2.6
v 6.9 11.4 -2.6
v 7 11.4 -2.5
v 7 11.3 -2.5
v 7.1 11.3 -2.5
v 7.1 11.4 -2.5
v 7.1 11.4 -2.6
v 7.1 11.3 -2.6
v 7 11.3 -2.6
v 7 11.4 -2.6
v 7.1 11.4 -2.5
v 7.1 11.3 -2.5
v 7.2 11.3 -2.5
v 7.2 11.4 -2.5
v 7.2 11.4 -2.6
v 7.2 11.3 -2.6
v 7.1 11.3 -2.6
v 7.1 11.4 -2.6
v 7.2 11.4 -2.6
v 7.2 11.4 -2.5
v 7.3 11.4 -2.5
v 7.3 11.4 -2.6
v 7.2 11.4 -2.5
v 7.2 11.3 -2.5
v 7.3 11.3 -2.5
v 7.3 11.4 -2.5
v 7.3 11.4 -2.6
v 7.3 11.3 -2.6
v 7.2 11.3 -2.6
v 7.2 11.4 -2.6
v 7.3 11.4 -2.6
v 7.3 11.4 -2.5
v 7.4 11.4 -2.5
v 7.4 11.4 -2.6
v 7.3 11.4 -2.5
v 7.3 11.3 -2.5
v 7.4 11.3 -2.5
v 7.4 11.4 -2.5
v 7.4 11.4 -2.6
v 7.4 11.3 -2.6
v 7.3 11.3 -2.6
v 7.3 11.4 -2.6
v 7.4 11.4 -2.6
v 7.4 11.4 -2.5
v 7.5 11.4 -2.5
v 7.5 11.4 -2.6
v 7.4 11.4 -2.5
v 7.4 11.3 -2.5
v 7.5 11.3 -2.5
v 7.5 11.4 -2.5
v 7.5 11.4 -2.6
v 7.5 11.3 -2.6
v 7.4 11.3 -2.6
v 7.4 11.4 -2.6
v 7.6 11.4 -2.5
v 7.6 11.3 -2.5
v 7.6 11.3 -2.6
v 7.6 11.4 -2.6
v 7.5 11.4 -2.6
v 7.5 11.4 -2.5
v 7.6 11.4 -2.5
v 7.6 11.4 -2.6
v 7.5 11.4 -2.5
v 7.5 11.3 -2.5
v 7.6 11.3 -2.5
v 7.6 11.4 -2.5
v 7.6 11.4 -2.6
v 7.6 11.3 -2.6
v 7.5 11.3 -2.6
v 7.5 11.4 -2.6
v 6.1 11.3 -2.6
v 6.1 11.2 -2.6
v 6.1 11.2 -2.5
v 6.1 11.3 -2.5
v 6.1 11.3 -2.6
v 6.1 11.3 -2.5
v 6.2 11.3 -2.5
v 6.2 11.3 -2.6
v 6.1 11.3 -2.5
v 6.1 11.2 -2.5
v 6.2 11.2 -2.5
v 6.2 11.3 -2.5
v 6.2 11.3 -2.6
v 6.2 11.2 -2.6
v 6.1 11.2 -2.6
v 6.1 11.3 -2.6
v 6.2 11.3 -2.6
v 6.2 11.3 -2.5
v 6.3 11.3 -2.5
v 6.3 11.3 -2.6
v 6.2 11.3 -2.5
v 6.2 11.2 -2.5
v 6.3 11.2 -2.5
v 6.3 11.3 -2.5
v 6.3 11.3 -2.6
v 6.3 11.2 -2.6
v 6.2 11.2 -2.6
v 6.2 11.3 -2.6
v 6.3 11.3 -2.6
v 6.3 11.3 -2.5
v 6.4 11.3 -2.5
v 6.4 11.3 -2.6
v 6.3 11.3 -2.5
v 6.3 11.2 -2.5
v 6.4 11.2 -2.5
v 6.4 11.3 -2.5
v 6.4 11.3 -2.6
v 6.4 11.2 -2.6
v 6.3 11.2 -2.6
v 6.3 11.3 -2.6
v 6.4 11.3 -2.5
v 6.4 11.2 -2.5
v 6.5 11.2 -2.5
v 6.5 11.3 -2.5
v 6.5 11.3 -2.6
v 6.5 11.2 -2.6
v 6.4 11.2 -2.6
v 6.4 11.3 -2.6
v 6.5 11.3 -2.5
v 6.5 11.2 -2.5
v 6.6 11.2 -2.5
v 6.6 11.3 -2.5
v 6.6 11.3 -2.6
v 6.6 11.2 -2.6
v 6.5 11.2 -2.6
v 6.5 11.3 -2.6
v 6.6 11.3 -2.5
v 6.6 11.2 -2.5
v 6.7 11.2 -2.5
v 6.7 11.3 -2.5
v 6.7 11.3 -2.6
v 6.7 11.2 -2.6
v 6.6 11.2 -2.6
v 6.6 11.3 -2.6
v 6.7 11.3 -2.5
v 6.7 11.2 -2.5
v 6.8 11.2 -2.5
v 6.8 11.3 -2.5
v 6.8 11.3 -2.6
v 6.8 11.2 -2.6
v 6.7 11.2 -2.6
v 6.7 11.3 -2.6
v 6.8 11.3 -2.5
v 6.8 11.2 -2.5
v 6.9 11.2 -2.5
v 6.9 11.3 -2.5
v 6.9 11.3 -2.6
v 6.9 11.2 -2.6
v 6.8 11.2 -2.6
v 6.8 11.3 -2.6
v 6.9 11.3 -2.5
v 6.9 11.2 -2.5
v 7 11.2 -2.5
v 7 11.3 -2.5
v 7 11.3 -2.6
v 7 11.2 -2.6
v 6.9 11.2 -2.6
v 6.9 11.3 -2.6
v 7 11.3 -2.5
v 7 11.2 -2.5
v 7.1 11.2 -2.5
v 7.1 11.3 -2.5
v 7.1 11.3 -2.6
v 7.1 11.2 -2.6
v 7 11.2 -2.6
v 7 11.3 -2.6
v 7.1 11.3 -2.5
v 7.1 11.2 -2.5
v 7.2 11.2 -2.5
v 7.2 11.3 -2.5
v 7.2 11.3 -2.6
v 7.2 11.2 -2.6
v 7.1 11.2 -2.6
v 7.1 11.3 -2.6
v 7.2 11.3 -2.5
v 7.2 11.2 -2.5
v 7.3 11.2 -2.5
v 7.3 11.3 -2.5
v 7.3 11.3 -2.6
v 7.3 11.2 -2.6
v 7.2 11.2 -2.6
v 7.2 11.3 -2.6
v 7.3 11.3 -2.5
v 7.3 11.2 -2.5
v 7.4 11.2 -2.5
v 7.4 11.3 -2.5
v 7.4 11.3 -2.6
v 7.4 11.2 -2.6
v 7.3 11.2 -2.6
v 7.3 11.3 -2.6
v 7.4 11.3 -2.5
v 7.4 11.2 -2.5
v 7.5 11.2 -2.5
v 7.5 11.3 -2.5
v 7.5 11.3 -2.6
v 7.5 11.2 -2.6
v 7.4 11.2 -2.6
v 7.4 11.3 -2.6
v 7.5 11.3 -2.5
v 7.5 11.2 -2.5
v 7.6 11.2 -2.5
v 7.6 11.3 -2.5
v 7.6 11.3 -2.6
v 7.6 11.2 -2.6
v 7.5 11.2 -2.6
v 7.5 11.3 -2.6
v 7.7 11.3 -2.5
v 7.7 11.2 -2.5
v 7.7 11.2 -2.6
v 7.7 11.3 -2.6
v 7.6 11.3 -2.6
v 7.6 11.3 -2.5
v 7.7 11.3 -2.5
v 7.7 11.3 -2.6
v 7.6 11.3 -2.5
v 7.6 11.2 -2.5
v 7.7 11.2 -2.5
v 7.7 11.3 -2.5
v 7.7 11.3 -2.6
v 7.7 11.2 -2.6
v 7.6 11.2 -2.6
v 7.6 11.3 -2.6
v 6 11.2 -2.6
v 6 11.1 -2.6
v 6 11.1 -2.5
v 6 11.2 -2.5
v 6 11.2 -2.6
v 6 11.2 -2.5
v 6.1 11.2 -2.5
v 6.1 11.2 -2.6
v 6 11.2 -2.5
v 6 11.1 -2.5
v 6.1 11.1 -2.5
v 6.1 11.2 -2.5
v 6.1 11.2 -2.6
v 6.1 11.1 -2.6
v 6 11.1 -2.6
v 6 11.2 -2.6
v 6.1 11.2 -2.5
v 6.1 11.1 -2.5
v 6.2 11.1 -2.5
v 6.2 11.2 -2.5
v 6.2 11.2 -2.6
v 6.2 11.1 -2.6
v 6.1 11.1 -2.6
v 6.1 11.2 -2.6
v 6.2 11.2 -2.5
v 6.2 11.1 -2.5
v 6.3 11.1 -2.5
v 6.3 11.2 -2.5
v 6.3 11.2 -2.6
v 6.3 11.1 -2.6
v 6.2 11.1 -2.6
v 6.2 11.2 -2.6
v 6.3 11.2 -2.5
v 6.3 11.1 -2.5
v 6.4 11.1 -2.5
v 6.4 11.2 -2.5
v 6.4 11.2 -2.6
v 6.4 11.1 -2.6
v 6.3 11.1 -2.6
v 6.3 11.2 -2.6
v 6.4 11.2 -2.5
v 6.4 11.1 -2.5
v 6.5 11.1 -2.5
v 6.5 11.2 -2.5
v 6.5 11.2 -2.6
v 6.5 11.1 -2.6
v 6.4 11.1 -2.6
v 6.4 11.2 -2.6
v 6.5 11.2 -2.5
v 6.5 11.1 -2.5
v 6.6 11.1 -2.5
v 6.6 11.2 -2.5
v 6.6 11.2 -2.6
v 6.6 11.1 -2.6
v 6.5 11.1 -2.6
v 6.5 11.2 -2.6
v 6.6 11.2 -2.5
v 6.6 11.1 -2.5
v 6.7 11.1 -2.5
v 6.7 11.2 -2.5
v 6.7 11.2 -2.6
v 6.7 11.1 -2.6
v 6.6 11.1 -2.6
v 6.6 11.2 -2.6
v 6.7 11.2 -2.5
v 6.7 11.1 -2.5
v 6.8 11.1 -2.5
v 6.8 11.2 -2.5
v 6.8 11.2 -2.6
v 6.8 11.1 -2.6
v 6.7 11.1 -2.6
v 6.7 11.2 -2.6
v 6.8 11.2 -2.5
v 6.8 11.1 -2.5
v 6.9 11.1 -2.5
v 6.9 11.2 -2.5
v 6.9 11.2 -2.6
v 6.9 11.1 -2.6
v 6.8 11.1 -2.6
v 6.8 11.2 -2.6
v 6.9 11.2 -2.5
v 6.9 11.1 -2.5
v 7 11.1 -2.5
v 7 11.2 -2.5
v 7 11.2 -2.6
v 7 11.1 -2.6
v 6.9 11.1 -2.6
v 6.9 11.2 -2.6
v 7 11.2 -2.5
v 7 11.1 -2.5
v 7.1 11.1 -2.5
v 7.1 11.2 -2.5
v 7.1 11.2 -2.6
v 7.1 11.1 -2.6
v 7 11.1 -2.6
v 7 11.2 -2.6
v 7.1 11.2 -2.5
v 7.1 11.1 -2.5
v 7.2 11.1 -2.5
v 7.2 11.2 -2.5
v 7.2 11.2 -2.6
v 7.2 11.1 -2.6
v 7.1 11.1 -2.6
v 7.1 11.2 -2.6
v 7.2 11.2 -2.5
v 7.2 11.1 -2.5
v 7.3 11.1 -2.5
v 7.3 11.2 -2.5
v 7.3 11.2 -2.6
v 7.3 11.1 -2.6
v 7.2 11.1 -2.6
v 7.2 11.2 -2.6
v 7.3 11.2 -2.5
v 7.3 11.1 -2.5
v 7.4 11.1 -2.5
v 7.4 11.2 -2.5
v 7.4 11.2 -2.6
v 7.4 11.1 -2.6
v 7.3 11.1 -2.6
v 7.3 11.2 -2.6
v 7.4 11.2 -2.5
v 7.4 11.1 -2.5
v 7.5 11.1 -2.5
v 7.5 11.2 -2.5
v 7.5 11.2 -2.6
v 7.5 11.1 -2.6
v 7.4 11.1 -2.6
v 7.4 11.2 -2.6
v 7.5 11.2 -2.5
v 7.5 11.1 -2.5
v 7.6 11.1 -2.5
v 7.6 11.2 -2.5
v 7.6 11.2 -2.6
v 7.6 11.1 -2.6
v 7.5 11.1 -2.6
v 7.5 11.2 -2.6
v 7.6 11.2 -2.5
v 7.6 11.1 -2.5
v 7.7 11.1 -2.5
v 7.7 11.2 -2.5
v 7.7 11.2 -2.6
v 7.7 11.1 -2.6
v 7.6 11.1 -2.6
v 7.6 11.2 -2.6
v 7.7 11.2 -2.6
v 7.7 11.2 -2.5
v 7.8 11.2 -2.5
v 7.8 11.2 -2.6
v 7.7 11.2 -2.5
v 7.7 11.1 -2.5
v 7.8 11.1 -2.5
v 7.8 11.2 -2.5
v 7.8 11.2 -2.6
v 7.8 11.1 -2.6
v 7.7 11.1 -2.6
v 7.7 11.2 -2.6
v 7.9 11.2 -2.5
v 7.9 11.1 -2.5
v 7.9 11.1 -2.6
v 7.9 11.2 -2.6
v 7.8 11.2 -2.6
v 7.8 11.2 -2.5
v 7.9 11.2 -2.5
v 7.9 11.2 -2.6
v 7.8 11.2 -2.5
v 7.8 11.1 -2.5
v 7.9 11.1 -2.5
v 7.9 11.2 -2.5
v 7.9 11.2 -2.6
v 7.9 11.1 -2.6
v 7.8 11.1 -2.6
v 7.8 11.2 -2.6
v 5.8 11.1 -2.6
v 5.8 11 -2.6
v 5.8 11 -2.5
v 5.8 11.1 -2.5
v 5.8 11.1 -2.6
v 5.8 11.1 -2.5
v 5.9 11.1 -2.5
v 5.9 11.1 -2.6
v 5.8 11.1 -2.5
v 5.8 11 -2.5
v 5.9 11 -2.5
v 5.9 11.1 -2.5
v 5.9 11.1 -2.6
v 5.9 11 -2.6
v 5.8 11 -2.6
v 5.8 11.1 -2.6
v 5.9 11.1 -2.6
v 5.9 11.1 -2.5
v 6 11.1 -2.5
v 6 11.1 -2.6
v 5.9 11.1 -2.5
v 5.9 11 -2.5
v 6 11 -2.5
v 6 11.1 -2.5
v 6 11.1 -2.6
v 6 11 -2.6
v 5.9 11 -2.6
v 5.9 11.1 -2.6
v 6 11.1 -2.5
v 6 11 -2.5
v 6.1 11 -2.5
v 6.1 11.1 -2.5
v 6.1 11.1 -2.6
v 6.1 11 -2.6
v 6 11 -2.6
v 6 11.1 -2.6
v 6.1 11.1 -2.5
v 6.1 11 -2.5
v 6.2 11 -2.5
v 6.2 11.1 -2.5
v 6.2 11.1 -2.6
v 6.2 11 -2.6
v 6.1 11 -2.6
v 6.1 11.1 -2.6
v 6.2 11.1 -2.5
v 6.2 11 -2.5
v 6.3 11 -2.5
v 6.3 11.1 -2.5
v 6.3 11.1 -2.6
v 6.3 11 -2.6
v 6.2 11 -2.6
v 6.2 11.1 -2.6
v 6.3 11.1 -2.5
v 6.3 11 -2.5
v 6.4 11 -2.5
v 6.4 11.1 -2.5
v 6.4 11.1 -2.6
v 6.4 11 -2.6
v 6.3 11 -2.6
v 6.3 11.1 -2.6
v 6.4 11.1 -2.5
v 6.4 11 -2.5
v 6.5 11 -2.5
v 6.5 11.1 -2.5
v 6.5 11.1 -2.6
v 6.5 11 -2.6
v 6.4 11 -2.6
v 6.4 11.1 -2.6
v 6.5 11.1 -2.5
v 6.5 11 -2.5
v 6.6 11 -2.5
v 6.6 11.1 -2.5
v 6.6 11.1 -2.6
v 6.6 11 -2.6
v 6.5 11 -2.6
v 6.5 11.1 -2.6
v 6.6 11.1 -2.5
v 6.6 11 -2.5
v 6.7 11 -2.5
v 6.7 11.1 -2.5
v 6.7 11.1 -2.6
v 6.7 11 -2.6
v 6.6 11 -2.6
v 6.6 11.1 -2.6
v 6.7 11.1 -2.5
v 6.7 11 -2.5
v 6.8 11 -2.5
v 6.8 11.1 -2.5
v 6.8 11.1 -2.6
v 6.8 11 -2.6
v 6.7 11 -2.6
v 6.7 11.1 -2.6
v 6.8 11.1 -2.5
v 6.8 11 -2.5
v 6.9 11 -2.5
v 6.9 11.1 -2.5
v 6.9 11.1 -2.6
v 6.9 11 -2.6
v 6.8 11 -2.6
v 6.8 11.1 -2.6
v 6.9 11.1 -2.5
v 6.9 11 -2.5
v 7 11 -2.5
v 7 11.1 -2.5
v 7 11.1 -2.6
v 7 11 -2.6
v 6.9 11 -2.6
v 6.9 11.1 -2.6
v 7 11.1 -2.5
v 7 11 -2.5
v 7.1 11 -2.5
v 7.1 11.1 -2.5
v 7.1 11.1 -2.6
v 7.1 11 -2.6
v 7 11 -2.6
v 7 11.1 -2.6
v 7.1 11.1 -2.5
v 7.1 11 -2.5
v 7.2 11 -2.5
v 7.2 11.1 -2.5
v 7.2 11.1 -2.6
v 7.2 11 -2.6
v 7.1 11 -2.6
v 7.1 11.1 -2.6
v 7.2 11.1 -2.5
v 7.2 11 -2.5
v 7.3 11 -2.5
v 7.3 11.1 -2.5
v 7.3 11.1 -2.6
v 7.3 11 -2.6
v 7.2 11 -2.6
v 7.2 11.1 -2.6
v 7.3 11.1 -2.5
v 7.3 11 -2.5
v 7.4 11 -2.5
v 7.4 11.1 -2.5
v 7.4 11.1 -2.6
v 7.4 11 -2.6
v 7.3 11 -2.6
v 7.3 11.1 -2.6
v 7.4 11.1 -2.5
v 7.4 11 -2.5
v 7.5 11 -2.5
v 7.5 11.1 -2.5
v 7.5 11.1 -2.6
v 7.5 11 -2.6
v 7.4 11 -2.6
v 7.4 11.1 -2.6
v 7.5 11.1 -2.5
v 7.5 11 -2.5
v 7.6 11 -2.5
v 7.6 11.1 -2.5
v 7.6 11.1 -2.6
v 7.6 11 -2.6
v 7.5 11 -2.6
v 7.5 11.1 -2.6
v 7.6 11.1 -2.5
v 7.6 11 -2.5
v 7.7 11 -2.5
v 7.7 11.1 -2.5
v 7.7 11.1 -2.6
v 7.7 11 -2.6
v 7.6 11 -2.6
v 7.6 11.1 -2.6
v 7.7 11.1 -2.5
v 7.7 11 -2.5
v 7.8 11 -2.5
v 7.8 11.1 -2.5
v 7.8 11.1 -2.6
v 7.8 11 -2.6
v 7.7 11 -2.6
v 7.7 11.1 -2.6
v 7.8 11.1 -2.5
v 7.8 11 -2.5
v 7.9 11 -2.5
v 7.9 11.1 -2.5
v 7.9 11.1 -2.6
v 7.9 11 -2.6
v 7.8 11 -2.6
v 7.8 11.1 -2.6
v 8 11.1 -2.5
v 8 11 -2.5
v 8 11 -2.6
v 8 11.1 -2.6
v 7.9 11.1 -2.6
v 7.9 11.1 -2.5
v 8 11.1 -2.5
v 8 11.1 -2.6
v 7.9 11.1 -2.5
v 7.9 11 -2.5
v 8 11 -2.5
v 8 11.1 -2.5
v 8 11.1 -2.6
v 8 11 -2.6
v 7.9 11 -2.6
v 7.9 11.1 -2.6
v 5.7 11 -2.6
v 5.7 10.9 -2.6
v 5.7 10.9 -2.5
v 5.7 11 -2.5
v 5.7 11 -2.6
v 5.7 11 -2.5
v 5.8 11 -2.5
v 5.8 11 -2.6
v 5.7 11 -2.5
v 5.7 10.9 -2.5
v 5.8 10.9 -2.5
v 5.8 11 -2.5
v 5.8 11 -2.6
v 5.8 10.9 -2.6
v 5.7 10.9 -2.6
v 5.7 11 -2.6
v 5.8 11 -2.5
v 5.8 10.9 -2.5
v 5.9 10.9 -2.5
v 5.9 11 -2.5
v 5.9 11 -2.6
v 5.9 10.9 -2.6
v 5.8 10.9 -2.6
v 5.8 11 -2.6
v 5.9 11 -2.5
v 5.9 10.9 -2.5
v 6 10.9 -2.5
v 6 11 -2.5
v 6 11 -2.6
v 6 10.9 -2.6
v 5.9 10.9 -2.6
v 5.9 11 -2.6
v 6 11 -2.5
v 6 10.9 -2.5
v 6.1 10.9 -2.5
v 6.1 11 -2.5
v 6.1 11 -2.6
v 6.1 10.9 -2.6
v 6 10.9 -2.6
v 6 11 -2.6
v 6.1 10.9 -2.5
v 6.1 10.9 -2.6
v 6.2 10.9 -2.6
v 6.2 10.9 -2.5
v 6.1 11 -2.5
v 6.1 10.9 -2.5
v 6.2 10.9 -2.5
v 6.2 11 -2.5
v 6.2 11 -2.6
v 6.2 10.9 -2.6
v 6.1 10.9 -2.6
v 6.1 11 -2.6
v 6.2 10.9 -2.5
v 6.2 10.9 -2.6
v 6.3 10.9 -2.6
v 6.3 10.9 -2.5
v 6.2 11 -2.5
v 6.2 10.9 -2.5
v 6.3 10.9 -2.5
v 6.3 11 -2.5
v 6.3 11 -2.6
v 6.3 10.9 -2.6
v 6.2 10.9 -2.6
v 6.2 11 -2.6
v 6.3 10.9 -2.5
v 6.3 10.9 -2.6
v 6.4 10.9 -2.6
v 6.4 10.9 -2.5
v 6.3 11 -2.5
v 6.3 10.9 -2.5
v 6.4 10.9 -2.5
v 6.4 11 -2.5
v 6.4 11 -2.6
v 6.4 10.9 -2.6
v 6.3 10.9 -2.6
v 6.3 11 -2.6
v 6.4 10.9 -2.5
v 6.4 10.9 -2.6
v 6.5 10.9 -2.6
v 6.5 10.9 -2.5
v 6.4 11 -2.5
v 6.4 10.9 -2.5
v 6.5 10.9 -2.5
v 6.5 11 -2.5
v 6.5 11 -2.6
v 6.5 10.9 -2.6
v 6.4 10.9 -2.6
v 6.4 11 -2.6
v 6.5 11 -2.5
v 6.5 10.9 -2.5
v 6.6 10.9 -2.5
v 6.6 11 -2.5
v 6.6 11 -2.6
v 6.6 10.9 -2.6
v 6.5 10.9 -2.6
v 6.5 11 -2.6
v 6.6 11 -2.5
v 6.6 10.9 -2.5
v 6.7 10.9 -2.5
v 6.7 11 -2.5
v 6.7 11 -2.6
v 6.7 10.9 -2.6
v 6.6 10.9 -2.6
v 6.6 11 -2.6
v 6.7 11 -2.5
v 6.7 10.9 -2.5
v 6.8 10.9 -2.5
v 6.8 11 -2.5
v 6.8 11 -2.6
v 6.8 10.9 -2.6
v 6.7 10.9 -2.6
v 6.7 11 -2.6
v 6.8 11 -2.5
v 6.8 10.9 -2.5
v 6.9 10.9 -2.5
v 6.9 11 -2.5
v 6.9 11 -2.6
v 6.9 10.9 -2.6
v 6.8 10.9 -2.6
v 6.8 11 -2.6
v 6.9 11 -2.5
v 6.9 10.9 -2.5
v 7 10.9 -2.5
v 7 11 -2.5
v 7 11 -2.6
v 7 10.9 -2.6
v 6.9 10.9 -2.6
v 6.9 11 -2.6
v 7 11 -2.5
v 7 10.9 -2.5
v 7.1 10.9 -2.5
v 7.1 11 -2.5
v 7.1 11 -2.6
v 7.1 10.9 -2.6
v 7 10.9 -2.6
v 7 11 -2.6
v 7.1 11 -2.5
v 7.1 10.9 -2.5
v 7.2 10.9 -2.5
v 7.2 11 -2.5
v 7.2 11 -2.6
v 7.2 10.9 -2.6
v 7.1 10.9 -2.6
v 7.1 11 -2.6
v 7.2 11 -2.5
v 7.2 10.9 -2.5
v 7.3 10.9 -2.5
v 7.3 11 -2.5
v 7.3 11 -2.6
v 7.3 10.9 -2.6
v 7.2 10.9 -2.6
v 7.2 11 -2.6
v 7.3 11 -2.5
v 7.3 10.9 -2.5
v 7.4 10.9 -2.5
v 7.4 11 -2.5
v 7.4 11 -2.6
v 7.4 10.9 -2.6
v 7.3 10.9 -2.6
v 7.3 11 -2.6
v 7.4 11 -2.5
v 7.4 10.9 -2.5
v 7.5 10.9 -2.5
v 7.5 11 -2.5
v 7.5 11 -2.6
v 7.5 10.9 -2.6
v 7.4 10.9 -2.6
v 7.4 11 -2.6
v 7.5 11 -2.5
v 7.5 10.9 -2.5
v 7.6 10.9 -2.5
v 7.6 11 -2.5
v 7.6 11 -2.6
v 7.6 10.9 -2.6
v 7.5 10.9 -2.6
v 7.5 11 -2.6
v 7.6 11 -2.5
v 7.6 10.9 -2.5
v 7.7 10.9 -2.5
v 7.7 11 -2.5
v 7.7 11 -2.6
v 7.7 10.9 -2.6
v 7.6 10.9 -2.6
v 7.6 11 -2.6
v 7.7 11 -2.5
v 7.7 10.9 -2.5
v 7.8 10.9 -2.5
v 7.8 11 -2.5
v 7.8 11 -2.6
v 7.8 10.9 -2.6
v 7.7 10.9 -2.6
v 7.7 11 -2.6
v 7.8 11 -2.5
v 7.8 10.9 -2.5
v 7.9 10.9 -2.5
v 7.9 11 -2.5
v 7.9 11 -2.6
v 7.9 10.9 -2.6
v 7.8 10.9 -2.6
v 7.8 11 -2.6
v 7.9 11 -2.5
v 7.9 10.9 -2.5
v 8 10.9 -2.5
v 8 11 -2.5
v 8 11 -2.6
v 8 10.9 -2.6
v 7.9 10.9 -2.6
v 7.9 11 -2.6
v 8.1 11 -2.5
v 8.1 10.9 -2.5
v 8.1 10.9 -2.6
v 8.1 11 -2.6
v 8 11 -2.6
v 8 11 -2.5
v 8.1 11 -2.5
v 8.1 11 -2.6
v 8 11 -2.5
v 8 10.9 -2.5
v 8.1 10.9 -2.5
v 8.1 11 -2.5
v 8.1 11 -2.6
v 8.1 10.9 -2.6
v 8 10.9 -2.6
v 8 11 -2.6
v 8.7 11 -2.6
v 8.7 10.9 -2.6
v 8.7 10.9 -2.5
v 8.7 11 -2.5
v 8.8 11 -2.5
v 8.8 10.9 -2.5
v 8.8 10.9 -2.6
v 8.8 11 -2.6
v 8.7 11 -2.6
v 8.7 11 -2.5
v 8.8 11 -2.5
v 8.8 11 -2.6
v 8.7 10.9 -2.5
v 8.7 10.9 -2.6
v 8.8 10.9 -2.6
v 8.8 10.9 -2.5
v 8.7 11 -2.5
v 8.7 10.9 -2.5
v 8.8 10.9 -2.5
v 8.8 11 -2.5
v 8.8 11 -2.6
v 8.8 10.9 -2.6
v 8.7 10.9 -2.6
v 8.7 11 -2.6
v 5.6 10.9 -2.6
v 5.6 10.8 -2.6
v 5.6 10.8 -2.5
v 5.6 10.9 -2.5
v 5.6 10.9 -2.6
v 5.6 10.9 -2.5
v 5.7 10.9 -2.5
v 5.7 10.9 -2.6
v 5.6 10.9 -2.5
v 5.6 10.8 -2.5
v 5.7 10.8 -2.5
v 5.7 10.9 -2.5
v 5.7 10.9 -2.6
v 5.7 10.8 -2.6
v 5.6 10.8 -2.6
v 5.6 10.9 -2.6
v 5.7 10.9 -2.5
v 5.7 10.8 -2.5
v 5.8 10.8 -2.5
v 5.8 10.9 -2.5
v 5.8 10.9 -2.6
v 5.8 10.8 -2.6
v 5.7 10.8 -2.6
v 5.7 10.9 -2.6
v 5.8 10.8 -2.5
v 5.8 10.8 -2.6
v 5.9 10.8 -2.6
v 5.9 10.8 -2.5
v 5.8 10.9 -2.5
v 5.8 10.8 -2.5
v 5.9 10.8 -2.5
v 5.9 10.9 -2.5
v 5.9 10.9 -2.6
v 5.9 10.8 -2.6
v 5.8 10.8 -2.6
v 5.8 10.9 -2.6
v 5.9 10.8 -2.5
v 5.9 10.8 -2.6
v 6 10.8 -2.6
v 6 10.8 -2.5
v 5.9 10.9 -2.5
v 5.9 10.8 -2.5
v 6 10.8 -2.5
v 6 10.9 -2.5
v 6 10.9 -2.6
v 6 10.8 -2.6
v 5.9 10.8 -2.6
v 5.9 10.9 -2.6
v 6.1 10.9 -2.5
v 6.1 10.8 -2.5
v 6.1 10.8 -2.6
v 6.1 10.9 -2.6
v 6 10.8 -2.5
v 6 10.8 -2.6
v 6.1 10.8 -2.6
v 6.1 10.8 -2.5
v 6 10.9 -2.5
v 6 10.8 -2.5
v 6.1 10.8 -2.5
v 6.1 10.9 -2.5
v 6.1 10.9 -2.6
v 6.1 10.8 -2.6
v 6 10.8 -2.6
v 6 10.9 -2.6
v 6.5 10.9 -2.6
v 6.5 10.8 -2.6
v 6.5 10.8 -2.5
v 6.5 10.9 -2.5
v 6.5 10.9 -2.5
v 6.5 10.8 -2.5
v 6.6 10.8 -2.5
v 6.6 10.9 -2.5
v 6.6 10.9 -2.6
v 6.6 10.8 -2.6
v 6.5 10.8 -2.6
v 6.5 10.9 -2.6
v 6.6 10.9 -2.5
v 6.6 10.8 -2.5
v 6.7 10.8 -2.5
v 6.7 10.9 -2.5
v 6.7 10.9 -2.6
v 6.7 10.8 -2.6
v 6.6 10.8 -2.6
v 6.6 10.9 -2.6
v 6.7 10.9 -2.5
v 6.7 10.8 -2.5
v 6.8 10.8 -2.5
v 6.8 10.9 -2.5
v 6.8 10.9 -2.6
v 6.8 10.8 -2.6
v 6.7 10.8 -2.6
v 6.7 10.9 -2.6
v 6.8 10.9 -2.5
v 6.8 10.8 -2.5
v 6.9 10.8 -2.5
v 6.9 10.9 -2.5
v 6.9 10.9 -2.6
v 6.9 10.8 -2.6
v 6.8 10.8 -2.6
v 6.8 10.9 -2.6
v 6.9 10.9 -2.5
v 6.9 10.8 -2.5
v 7 10.8 -2.5
v 7 10.9 -2.5
v 7 10.9 -2.6
v 7 10.8 -2.6
v 6.9 10.8 -2.6
v 6.9 10.9 -2.6
v 7 10.9 -2.5
v 7 10.8 -2.5
v 7.1 10.8 -2.5
v 7.1 10.9 -2.5
v 7.1 10.9 -2.6
v 7.1 10.8 -2.6
v 7 10.8 -2.6
v 7 10.9 -2.6
v 7.1 10.9 -2.5
v 7.1 10.8 -2.5
v 7.2 10.8 -2.5
v 7.2 10.9 -2.5
v 7.2 10.9 -2.6
v 7.2 10.8 -2.6
v 7.1 10.8 -2.6
v 7.1 10.9 -2.6
v 7.2 10.9 -2.5
v 7.2 10.8 -2.5
v 7.3 10.8 -2.5
v 7.3 10.9 -2.5
v 7.3 10.9 -2.6
v 7.3 10.8 -2.6
v 7.2 10.8 -2.6
v 7.2 10.9 -2.6
v 7.3 10.9 -2.5
v 7.3 10.8 -2.5
v 7.4 10.8 -2.5
v 7.4 10.9 -2.5
v 7.4 10.9 -2.6
v 7.4 10.8 -2.6
v 7.3 10.8 -2.6
v 7.3 10.9 -2.6
v 7.4 10.9 -2.5
v 7.4 10.8 -2.5
v 7.5 10.8 -2.5
v 7.5 10.9 -2.5
v 7.5 10.9 -2.6
v 7.5 10.8 -2.6
v 7.4 10.8 -2.6
v 7.4 10.9 -2.6
v 7.5 10.9 -2.5
v 7.5 10.8 -2.5
v 7.6 10.8 -2.5
v 7.6 10.9 -2.5
v 7.6 10.9 -2.6
v 7.6 10.8 -2.6
v 7.5 10.8 -2.6
v 7.5 10.9 -2.6
v 7.6 10.9 -2.5
v 7.6 10.8 -2.5
v 7.7 10.8 -2.5
v 7.7 10.9 -2.5
v 7.7 10.9 -2.6
v 7.7 10.8 -2.6
v 7.6 10.8 -2.6
v 7.6 10.9 -2.6
v 7.7 10.9 -2.5
v 7.7 10.8 -2.5
v 7.8 10.8 -2.5
v 7.8 10.9 -2.5
v 7.8 10.9 -2.6
v 7.8 10.8 -2.6
v 7.7 10.8 -2.6
v 7.7 10.9 -2.6
v 7.8 10.9 -2.5
v 7.8 10.8 -2.5
v 7.9 10.8 -2.5
v 7.9 10.9 -2.5
v 7.9 10.9 -2.6
v 7.9 10.8 -2.6
v 7.8 10.8 -2.6
v 7.8 10.9 -2.6
v 7.9 10.9 -2.5
v 7.9 10.8 -2.5
v 8 10.8 -2.5
v 8 10.9 -2.5
v 8 10.9 -2.6
v 8 10.8 -2.6
v 7.9 10.8 -2.6
v 7.9 10.9 -2.6
v 8 10.9 -2.5
v 8 10.8 -2.5
v 8.1 10.8 -2.5
v 8.1 10.9 -2.5
v 8.1 10.9 -2.6
v 8.1 10.8 -2.6
v 8 10.8 -2.6
v 8 10.9 -2.6
v 8.2 10.9 -2.5
v 8.2 10.8 -2.5
v 8.2 10.8 -2.6
v 8.2 10.9 -2.6
v 8.1 10.9 -2.6
v 8.1 10.9 -2.5
v 8.2 10.9 -2.5
v 8.2 10.9 -2.6
v 8.1 10.9 -2.5
v 8.1 10.8 -2.5
v 8.2 10.8 -2.5
v 8.2 10.9 -2.5
v 8.2 10.9 -2.6
v 8.2 10.8 -2.6
v 8.1 10.8 -2.6
v 8.1 10.9 -2.6
v 8.8 10.9 -2.6
v 8.8 10.8 -2.6
v 8.8 10.8 -2.5
v 8.8 10.9 -2.5
v 8.8 10.9 -2.6
v 8.8 10.9 -2.5
v 8.9 10.9 -2.5
v 8.9 10.9 -2.6
v 8.8 10.9 -2.5
v 8.8 10.8 -2.5
v 8.9 10.8 -2.5
v 8.9 10.9 -2.5
v 8.9 10.9 -2.6
v 8.9 10.8 -2.6
v 8.8 10.8 -2.6
v 8.8 10.9 -2.6
v 9 10.9 -2.5
v 9 10.8 -2.5
v 9 10.8 -2.6
v 9 10.9 -2.6
v 8.9 10.9 -2.6
v 8.9 10.9 -2.5
v 9 10.9 -2.5
v 9 10.9 -2.6
v 8.9 10.9 -2.5
v 8.9 10.8 -2.5
v 9 10.8 -2.5
v 9 10.9 -2.5
v 9 10.9 -2.6
v 9 10.8 -2.6
v 8.9 10.8 -2.6
v 8.9 10.9 -2.6
v 5.6 10.8 -2.6
v 5.6 10.7 -2.6
v 5.6 10.7 -2.5
v 5.6 10.8 -2.5
v 5.6 10.7 -2.5
v 5.6 10.7 -2.6
v 5.7 10.7 -2.6
v 5.7 10.7 -2.5
v 5.6 10.8 -2.5
v 5.6 10.7 -2.5
v 5.7 10.7 -2.5
v 5.7 10.8 -2.5
v 5.7 10.8 -2.6
v 5.7 10.7 -2.6
v 5.6 10.7 -2.6
v 5.6 10.8 -2.6
v 5.8 10.8 -2.5
v 5.8 10.7 -2.5
v 5.8 10.7 -2.6
v 5.8 10.8 -2.6
v 5.7 10.7 -2.5
v 5.7 10.7 -2.6
v 5.8 10.7 -2.6
v 5.8 10.7 -2.5
v 5.7 10.8 -2.5
v 5.7 10.7 -2.5
v 5.8 10.7 -2.5
v 5.8 10.8 -2.5
v 5.8 10.8 -2.6
v 5.8 10.7 -2.6
v 5.7 10.7 -2.6
v 5.7 10.8 -2.6
v 6.3 10.8 -2.6
v 6.3 10.7 -2.6
v 6.3 10.7 -2.5
v 6.3 10.8 -2.5
v 6.3 10.8 -2.6
v 6.3 10.8 -2.5
v 6.4 10.8 -2.5
v 6.4 10.8 -2.6
v 6.3 10.8 -2.5
v 6.3 10.7 -2.5
v 6.4 10.7 -2.5
v 6.4 10.8 -2.5
v 6.4 10.8 -2.6
v 6.4 10.7 -2.6
v 6.3 10.7 -2.6
v 6.3 10.8 -2.6
v 6.4 10.8 -2.6
v 6.4 10.8 -2.5
v 6.5 10.8 -2.5
v 6.5 10.8 -2.6
v 6.4 10.8 -2.5
v 6.4 10.7 -2.5
v 6.5 10.7 -2.5
v 6.5 10.8 -2.5
v 6.5 10.8 -2.6
v 6.5 10.7 -2.6
v 6.4 10.7 -2.6
v 6.4 10.8 -2.6
v 6.5 10.8 -2.5
v 6.5 10.7 -2.5
v 6.6 10.7 -2.5
v 6.6 10.8 -2.5
v 6.6 10.8 -2.6
v 6.6 10.7 -2.6
v 6.5 10.7 -2.6
v 6.5 10.8 -2.6
v 6.6 10.8 -2.5
v 6.6 10.7 -2.5
v 6.7 10.7 -2.5
v 6.7 10.8 -2.5
v 6.7 10.8 -2.6
v 6.7 10.7 -2.6
v 6.6 10.7 -2.6
v 6.6 10.8 -2.6
v 6.7 10.8 -2.5
v 6.7 10.7 -2.5
v 6.8 10.7 -2.5
v 6.8 10.8 -2.5
v 6.8 10.8 -2.6
v 6.8 10.7 -2.6
v 6.7 10.7 -2.6
v 6.7 10.8 -2.6
v 6.8 10.8 -2.5
v 6.8 10.7 -2.5
v 6.9 10.7 -2.5
v 6.9 10.8 -2.5
v 6.9 10.8 -2.6
v 6.9 10.7 -2.6
v 6.8 10.7 -2.6
v 6.8 10.8 -2.6
v 6.9 10.8 -2.5
v 6.9 10.7 -2.5
v 7 10.7 -2.5
v 7 10.8 -2.5
v 7 10.8 -2.6
v 7 10.7 -2.6
v 6.9 10.7 -2.6
v 6.9 10.8 -2.6
v 7 10.8 -2.5
v 7 10.7 -2.5
v 7.1 10.7 -2.5
v 7.1 10.8 -2.5
v 7.1 10.8 -2.6
v 7.1 10.7 -2.6
v 7 10.7 -2.6
v 7 10.8 -2.6
v 7.1 10.8 -2.5
v 7.1 10.7 -2.5
v 7.2 10.7 -2.5
v 7.2 10.8 -2.5
v 7.2 10.8 -2.6
v 7.2 10.7 -2.6
v 7.1 10.7 -2.6
v 7.1 10.8 -2.6
v 7.2 10.8 -2.5
v 7.2 10.7 -2.5
v 7.3 10.7 -2.5
v 7.3 10.8 -2.5
v 7.3 10.8 -2.6
v 7.3 10.7 -2.6
v 7.2 10.7 -2.6
v 7.2 10.8 -2.6
v 7.3 10.8 -2.5
v 7.3 10.7 -2.5
v 7.4 10.7 -2.5
v 7.4 10.8 -2.5
v 7.4 10.8 -2.6
v 7.4 10.7 -2.6
v 7.3 10.7 -2.6
v 7.3 10.8 -2.6
v 7.4 10.8 -2.5
v 7.4 10.7 -2.5
v 7.5 10.7 -2.5
v 7.5 10.8 -2.5
v 7.5 10.8 -2.6
v 7.5 10.7 -2.6
v 7.4 10.7 -2.6
v 7.4 10.8 -2.6
v 7.5 10.8 -2.5
v 7.5 10.7 -2.5
v 7.6 10.7 -2.5
v 7.6 10.8 -2.5
v 7.6 10.8 -2.6
v 7.6 10.7 -2.6
v 7.5 10.7 -2.6
v 7.5 10.8 -2.6
v 7.6 10.8 -2.5
v 7.6 10.7 -2.5
v 7.7 10.7 -2.5
v 7.7 10.8 -2.5
v 7.7 10.8 -2.6
v 7.7 10.7 -2.6
v 7.6 10.7 -2.6
v 7.6 10.8 -2.6
v 7.7 10.8 -2.5
v 7.7 10.7 -2.5
v 7.8 10.7 -2.5
v 7.8 10.8 -2.5
v 7.8 10.8 -2.6
v 7.8 10.7 -2.6
v 7.7 10.7 -2.6
v 7.7 10.8 -2.6
v 7.8 10.8 -2.5
v 7.8 10.7 -2.5
v 7.9 10.7 -2.5
v 7.9 10.8 -2.5
v 7.9 10.8 -2.6
v 7.9 10.7 -2.6
v 7.8 10.7 -2.6
v 7.8 10.8 -2.6
v 7.9 10.8 -2.5
v 7.9 10.7 -2.5
v 8 10.7 -2.5
v 8 10.8 -2.5
v 8 10.8 -2.6
v 8 10.7 -2.6
v 7.9 10.7 -2.6
v 7.9 10.8 -2.6
v 8 10.8 -2.5
v 8 10.7 -2.5
v 8.1 10.7 -2.5
v 8.1 10.8 -2.5
v 8.1 10.8 -2.6
v 8.1 10.7 -2.6
v 8 10.7 -2.6
v 8 10.8 -2.6
v 8.1 10.8 -2.5
v 8.1 10.7 -2.5
v 8.2 10.7 -2.5
v 8.2 10.8 -2.5
v 8.2 10.8 -2.6
v 8.2 10.7 -2.6
v 8.1 10.7 -2.6
v 8.1 10.8 -2.6
v 8.3 10.8 -2.5
v 8.3 10.7 -2.5
v 8.3 10.7 -2.6
v 8.3 10.8 -2.6
v 8.2 10.8 -2.6
v 8.2 10.8 -2.5
v 8.3 10.8 -2.5
v 8.3 10.8 -2.6
v 8.2 10.8 -2.5
v 8.2 10.7 -2.5
v 8.3 10.7 -2.5
v 8.3 10.8 -2.5
v 8.3 10.8 -2.6
v 8.3 10.7 -2.6
v 8.2 10.7 -2.6
v 8.2 10.8 -2.6
v 8.8 10.8 -2.6
v 8.8 10.7 -2.6
v 8.8 10.7 -2.5
v 8.8 10.8 -2.5
v 8.8 10.7 -2.5
v 8.8 10.7 -2.6
v 8.9 10.7 -2.6
v 8.9 10.7 -2.5
v 8.8 10.8 -2.5
v 8.8 10.7 -2.5
v 8.9 10.7 -2.5
v 8.9 10.8 -2.5
v 8.9 10.8 -2.6
v 8.9 10.7 -2.6
v 8.8 10.7 -2.6
v 8.8 10.8 -2.6
v 8.9 10.8 -2.5
v 8.9 10.7 -2.5
v 9 10.7 -2.5
v 9 10.8 -2.5
v 9 10.8 -2.6
v 9 10.7 -2.6
v 8.9 10.7 -2.6
v 8.9 10.8 -2.6
v 9.1 10.8 -2.5
v 9.1 10.7 -2.5
v 9.1 10.7 -2.6
v 9.1 10.8 -2.6
v 9 10.8 -2.6
v 9 10.8 -2.5
v 9.1 10.8 -2.5
v 9.1 10.8 -2.6
v 9 10.8 -2.5
v 9 10.7 -2.5
v 9.1 10.7 -2.5
v 9.1 10.8 -2.5
v 9.1 10.8 -2.6
v 9.1 10.7 -2.6
v 9 10.7 -2.6
v 9 10.8 -2.6
v 5.5 10.7 -2.6
v 5.5 10.6 -2.6
v 5.5 10.6 -2.5
v 5.5 10.7 -2.5
v 5.6 10.7 -2.5
v 5.6 10.6 -2.5
v 5.6 10.6 -2.6
v 5.6 10.7 -2.6
v 5.5 10.7 -2.6
v 5.5 10.7 -2.5
v 5.6 10.7 -2.5
v 5.6 10.7 -2.6
v 5.5 10.6 -2.5
v 5.5 10.6 -2.6
v 5.6 10.6 -2.6
v 5.6 10.6 -2.5
v 5.5 10.7 -2.5
v 5.5 10.6 -2.5
v 5.6 10.6 -2.5
v 5.6 10.7 -2.5
v 5.6 10.7 -2.6
v 5.6 10.6 -2.6
v 5.5 10.6 -2.6
v 5.5 10.7 -2.6
v 6.1 10.7 -2.6
v 6.1 10.6 -2.6
v 6.1 10.6 -2.5
v 6.1 10.7 -2.5
v 6.1 10.7 -2.6
v 6.1 10.7 -2.5
v 6.2 10.7 -2.5
v 6.2 10.7 -2.6
v 6.1 10.7 -2.5
v 6.1 10.6 -2.5
v 6.2 10.6 -2.5
v 6.2 10.7 -2.5
v 6.2 10.7 -2.6
v 6.2 10.6 -2.6
v 6.1 10.6 -2.6
v 6.1 10.7 -2.6
v 6.2 10.7 -2.6
v 6.2 10.7 -2.5
v 6.3 10.7 -2.5
v 6.3 10.7 -2.6
v 6.2 10.7 -2.5
v 6.2 10.6 -2.5
v 6.3 10.6 -2.5
v 6.3 10.7 -2.5
v 6.3 10.7 -2.6
v 6.3 10.6 -2.6
v 6.2 10.6 -2.6
v 6.2 10.7 -2.6
v 6.3 10.7 -2.5
v 6.3 10.6 -2.5
v 6.4 10.6 -2.5
v 6.4 10.7 -2.5
v 6.4 10.7 -2.6
v 6.4 10.6 -2.6
v 6.3 10.6 -2.6
v 6.3 10.7 -2.6
v 6.4 10.7 -2.5
v 6.4 10.6 -2.5
v 6.5 10.6 -2.5
v 6.5 10.7 -2.5
v 6.5 10.7 -2.6
v 6.5 10.6 -2.6
v 6.4 10.6 -2.6
v 6.4 10.7 -2.6
v 6.5 10.7 -2.5
v 6.5 10.6 -2.5
v 6.6 10.6 -2.5
v 6.6 10.7 -2.5
v 6.6 10.7 -2.6
v 6.6 10.6 -2.6
v 6.5 10.6 -2.6
v 6.5 10.7 -2.6
v 6.6 10.7 -2.5
v 6.6 10.6 -2.5
v 6.7 10.6 -2.5
v 6.7 10.7 -2.5
v 6.7 10.7 -2.6
v 6.7 10.6 -2.6
v 6.6 10.6 -2.6
v 6.6 10.7 -2.6
v 6.7 10.7 -2.5
v 6.7 10.6 -2.5
v 6.8 10.6 -2.5
v 6.8 10.7 -2.5
v 6.8 10.7 -2.6
v 6.8 10.6 -2.6
v 6.7 10.6 -2.6
v 6.7 10.7 -2.6
v 6.8 10.7 -2.5
v 6.8 10.6 -2.5
v 6.9 10.6 -2.5
v 6.9 10.7 -2.5
v 6.9 10.7 -2.6
v 6.9 10.6 -2.6
v 6.8 10.6 -2.6
v 6.8 10.7 -2.6
v 6.9 10.7 -2.5
v 6.9 10.6 -2.5
v 7 10.6 -2.5
v 7 10.7 -2.5
v 7 10.7 -2.6
v 7 10.6 -2.6
v 6.9 10.6 -2.6
v 6.9 10.7 -2.6
v 7 10.7 -2.5
v 7 10.6 -2.5
v 7.1 10.6 -2.5
v 7.1 10.7 -2.5
v 7.1 10.7 -2.6
v 7.1 10.6 -2.6
v 7 10.6 -2.6
v 7 10.7 -2.6
v 7.1 10.7 -2.5
v 7.1 10.6 -2.5
v 7.2 10.6 -2.5
v 7.2 10.7 -2.5
v 7.2 10.7 -2.6
v 7.2 10.6 -2.6
v 7.1 10.6 -2.6
v 7.1 10.7 -2.6
v 7.2 10.7 -2.5
v 7.2 10.6 -2.5
v 7.3 10.6 -2.5
v 7.3 10.7 -2.5
v 7.3 10.7 -2.6
v 7.3 10.6 -2.6
v 7.2 10.6 -2.6
v 7.2 10.7 -2.6
v 7.3 10.7 -2.5
v 7.3 10.6 -2.5
v 7.4 10.6 -2.5
v 7.4 10.7 -2.5
v 7.4 10.7 -2.6
v 7.4 10.6 -2.6
v 7.3 10.6 -2.6
v 7.3 10.7 -2.6
v 7.4 10.7 -2.5
v 7.4 10.6 -2.5
v 7.5 10.6 -2.5
v 7.5 10.7 -2.5
v 7.5 10.7 -2.6
v 7.5 10.6 -2.6
v 7.4 10.6 -2.6
v 7.4 10.7 -2.6
v 7.5 10.7 -2.5
v 7.5 10.6 -2.5
v 7.6 10.6 -2.5
v 7.6 10.7 -2.5
v 7.6 10.7 -2.6
v 7.6 10.6 -2.6
v 7.5 10.6 -2.6
v 7.5 10.7 -2.6
v 7.6 10.7 -2.5
v 7.6 10.6 -2.5
v 7.7 10.6 -2.5
v 7.7 10.7 -2.5
v 7.7 10.7 -2.6
v 7.7 10.6 -2.6
v 7.6 10.6 -2.6
v 7.6 10.7 -2.6
v 7.7 10.7 -2.5
v 7.7 10.6 -2.5
v 7.8 10.6 -2.5
v 7.8 10.7 -2.5
v 7.8 10.7 -2.6
v 7.8 10.6 -2.6
v 7.7 10.6 -2.6
v 7.7 10.7 -2.6
v 7.8 10.7 -2.5
v 7.8 10.6 -2.5
v 7.9 10.6 -2.5
v 7.9 10.7 -2.5
v 7.9 10.7 -2.6
v 7.9 10.6 -2.6
v 7.8 10.6 -2.6
v 7.8 10.7 -2.6
v 7.9 10.7 -2.5
v 7.9 10.6 -2.5
v 8 10.6 -2.5
v 8 10.7 -2.5
v 8 10.7 -2.6
v 8 10.6 -2.6
v 7.9 10.6 -2.6
v 7.9 10.7 -2.6
v 8 10.7 -2.5
v 8 10.6 -2.5
v 8.1 10.6 -2.5
v 8.1 10.7 -2.5
v 8.1 10.7 -2.6
v 8.1 10.6 -2.6
v 8 10.6 -2.6
v 8 10.7 -2.6
v 8.1 10.7 -2.5
v 8.1 10.6 -2.5
v 8.2 10.6 -2.5
v 8.2 10.7 -2.5
v 8.2 10.7 -2.6
v 8.2 10.6 -2.6
v 8.1 10.6 -2.6
v 8.1 10.7 -2.6
v 8.2 10.7 -2.5
v 8.2 10.6 -2.5
v 8.3 10.6 -2.5
v 8.3 10.7 -2.5
v 8.3 10.7 -2.6
v 8.3 10.6 -2.6
v 8.2 10.6 -2.6
v 8.2 10.7 -2.6
v 8.4 10.7 -2.5
v 8.4 10.6 -2.5
v 8.4 10.6 -2.6
v 8.4 10.7 -2.6
v 8.3 10.7 -2.6
v 8.3 10.7 -2.5
v 8.4 10.7 -2.5
v 8.4 10.7 -2.6
v 8.3 10.7 -2.5
v 8.3 10.6 -2.5
v 8.4 10.6 -2.5
v 8.4 10.7 -2.5
v 8.4 10.7 -2.6
v 8.4 10.6 -2.6
v 8.3 10.6 -2.6
v 8.3 10.7 -2.6
v 8.9 10.7 -2.6
v 8.9 10.6 -2.6
v 8.9 10.6 -2.5
v 8.9 10.7 -2.5
v 8.9 10.7 -2.5
v 8.9 10.6 -2.5
v 9 10.6 -2.5
v 9 10.7 -2.5
v 9 10.7 -2.6
v 9 10.6 -2.6
v 8.9 10.6 -2.6
v 8.9 10.7 -2.6
v 9 10.7 -2.5
v 9 10.6 -2.5
v 9.1 10.6 -2.5
v 9.1 10.7 -2.5
v 9.1 10.7 -2.6
v 9.1 10.6 -2.6
v 9 10.6 -2.6
v 9 10.7 -2.6
v 9.2 10.7 -2.5
v 9.2 10.6 -2.5
v 9.2 10.6 -2.6
v 9.2 10.7 -2.6
v 9.1 10.7 -2.6
v 9.1 10.7 -2.5
v 9.2 10.7 -2.5
v 9.2 10.7 -2.6
v 9.1 10.7 -2.5
v 9.1 10.6 -2.5
v 9.2 10.6 -2.5
v 9.2 10.7 -2.5
v 9.2 10.7 -2.6
v 9.2 10.6 -2.6
v 9.1 10.6 -2.6
v 9.1 10.7 -2.6
v 5.9 10.6 -2.6
v 5.9 10.5 -2.6
v 5.9 10.5 -2.5
v 5.9 10.6 -2.5
v 5.9 10.6 -2.6
v 5.9 10.6 -2.5
v 6 10.6 -2.5
v 6 10.6 -2.6
v 5.9 10.6 -2.5
v 5.9 10.5 -2.5
v 6 10.5 -2.5
v 6 10.6 -2.5
v 6 10.6 -2.6
v 6 10.5 -2.6
v 5.9 10.5 -2.6
v 5.9 10.6 -2.6
v 6 10.6 -2.6
v 6 10.6 -2.5
v 6.1 10.6 -2.5
v 6.1 10.6 -2.6
v 6 10.6 -2.5
v 6 10.5 -2.5
v 6.1 10.5 -2.5
v 6.1 10.6 -2.5
v 6.1 10.6 -2.6
v 6.1 10.5 -2.6
v 6 10.5 -2.6
v 6 10.6 -2.6
v 6.1 10.6 -2.5
v 6.1 10.5 -2.5
v 6.2 10.5 -2.5
v 6.2 10.6 -2.5
v 6.2 10.6 -2.6
v 6.2 10.5 -2.6
v 6.1 10.5 -2.6
v 6.1 10.6 -2.6
v 6.2 10.6 -2.5
v 6.2 10.5 -2.5
v 6.3 10.5 -2.5
v 6.3 10.6 -2.5
v 6.3 10.6 -2.6
v 6.3 10.5 -2.6
v 6.2 10.5 -2.6
v 6.2 10.6 -2.6
v 6.3 10.6 -2.5
v 6.3 10.5 -2.5
v 6.4 10.5 -2.5
v 6.4 10.6 -2.5
v 6.4 10.6 -2.6
v 6.4 10.5 -2.6
v 6.3 10.5 -2.6
v 6.3 10.6 -2.6
v 6.4 10.6 -2.5
v 6.4 10.5 -2.5
v 6.5 10.5 -2.5
v 6.5 10.6 -2.5
v 6.5 10.6 -2.6
v 6.5 10.5 -2.6
v 6.4 10.5 -2.6
v 6.4 10.6 -2.6
v 6.5 10.6 -2.5
v 6.5 10.5 -2.5
v 6.6 10.5 -2.5
v 6.6 10.6 -2.5
v 6.6 10.6 -2.6
v 6.6 10.5 -2.6
v 6.5 10.5 -2.6
v 6.5 10.6 -2.6
v 6.6 10.6 -2.5
v 6.6 10.5 -2.5
v 6.7 10.5 -2.5
v 6.7 10.6 -2.5
v 6.7 10.6 -2.6
v 6.7 10.5 -2.6
v 6.6 10.5 -2.6
v 6.6 10.6 -2.6
v 6.7 10.6 -2.5
v 6.7 10.5 -2.5
v 6.8 10.5 -2.5
v 6.8 10.6 -2.5
v 6.8 10.6 -2.6
v 6.8 10.5 -2.6
v 6.7 10.5 -2.6
v 6.7 10.6 -2.6
v 6.8 10.6 -2.5
v 6.8 10.5 -2.5
v 6.9 10.5 -2.5
v 6.9 10.6 -2.5
v 6.9 10.6 -2.6
v 6.9 10.5 -2.6
v 6.8 10.5 -2.6
v 6.8 10.6 -2.6
v 6.9 10.6 -2.5
v 6.9 10.5 -2.5
v 7 10.5 -2.5
v 7 10.6 -2.5
v 7 10.6 -2.6
v 7 10.5 -2.6
v 6.9 10.5 -2.6
v 6.9 10.6 -2.6
v 7 10.6 -2.5
v 7 10.5 -2.5
v 7.1 10.5 -2.5
v 7.1 10.6 -2.5
v 7.1 10.6 -2.6
v 7.1 10.5 -2.6
v 7 10.5 -2.6
v 7 10.6 -2.6
v 7.1 10.6 -2.5
v 7.1 10.5 -2.5
v 7.2 10.5 -2.5
v 7.2 10.6 -2.5
v 7.2 10.6 -2.6
v 7.2 10.5 -2.6
v 7.1 10.5 -2.6
v 7.1 10.6 -2.6
v 7.2 10.6 -2.5
v 7.2 10.5 -2.5
v 7.3 10.5 -2.5
v 7.3 10.6 -2.5
v 7.3 10.6 -2.6
v 7.3 10.5 -2.6
v 7.2 10.5 -2.6
v 7.2 10.6 -2.6
v 7.3 10.6 -2.5
v 7.3 10.5 -2.5
v 7.4 10.5 -2.5
v 7.4 10.6 -2.5
v 7.4 10.6 -2.6
v 7.4 10.5 -2.6
v 7.3 10.5 -2.6
v 7.3 10.6 -2.6
v 7.4 10.6 -2.5
v 7.4 10.5 -2.5
v 7.5 10.5 -2.5
v 7.5 10.6 -2.5
v 7.5 10.6 -2.6
v 7.5 10.5 -2.6
v 7.4 10.5 -2.6
v 7.4 10.6 -2.6
v 7.5 10.6 -2.5
v 7.5 10.5 -2.5
v 7.6 10.5 -2.5
v 7.6 10.6 -2.5
v 7.6 10.6 -2.6
v 7.6 10.5 -2.6
v 7.5 10.5 -2.6
v 7.5 10.6 -2.6
v 7.6 10.6 -2.5
v 7.6 10.5 -2.5
v 7.7 10.5 -2.5
v 7.7 10.6 -2.5
v 7.7 10.6 -2.6
v 7.7 10.5 -2.6
v 7.6 10.5 -2.6
v 7.6 10.6 -2.6
v 7.7 10.6 -2.5
v 7.7 10.5 -2.5
v 7.8 10.5 -2.5
v 7.8 10.6 -2.5
v 7.8 10.6 -2.6
v 7.8 10.5 -2.6
v 7.7 10.5 -2.6
v 7.7 10.6 -2.6
v 7.8 10.6 -2.5
v 7.8 10.5 -2.5
v 7.9 10.5 -2.5
v 7.9 10.6 -2.5
v 7.9 10.6 -2.6
v 7.9 10.5 -2.6
v 7.8 10.5 -2.6
v 7.8 10.6 -2.6
v 7.9 10.6 -2.5
v 7.9 10.5 -2.5
v 8 10.5 -2.5
v 8 10.6 -2.5
v 8 10.6 -2.6
v 8 10.5 -2.6
v 7.9 10.5 -2.6
v 7.9 10.6 -2.6
v 8 10.6 -2.5
v 8 10.5 -2.5
v 8.1 10.5 -2.5
v 8.1 10.6 -2.5
v 8.1 10.6 -2.6
v 8.1 10.5 -2.6
v 8 10.5 -2.6
v 8 10.6 -2.6
v 8.1 10.6 -2.5
v 8.1 10.5 -2.5
v 8.2 10.5 -2.5
v 8.2 10.6 -2.5
v 8.2 10.6 -2.6
v 8.2 10.5 -2.6
v 8.1 10.5 -2.6
v 8.1 10.6 -2.6
v 8.2 10.6 -2.5
v 8.2 10.5 -2.5
v 8.3 10.5 -2.5
v 8.3 10.6 -2.5
v 8.3 10.6 -2.6
v 8.3 10.5 -2.6
v 8.2 10.5 -2.6
v 8.2 10.6 -2.6
v 8.3 10.6 -2.5
v 8.3 10.5 -2.5
v 8.4 10.5 -2.5
v 8.4 10.6 -2.5
v 8.4 10.6 -2.6
v 8.4 10.5 -2.6
v 8.3 10.5 -2.6
v 8.3 10.6 -2.6
v 8.5 10.6 -2.5
v 8.5 10.5 -2.5
v 8.5 10.5 -2.6
v 8.5 10.6 -2.6
v 8.4 10.6 -2.6
v 8.4 10.6 -2.5
v 8.5 10.6 -2.5
v 8.5 10.6 -2.6
v 8.4 10.6 -2.5
v 8.4 10.5 -2.5
v 8.5 10.5 -2.5
v 8.5 10.6 -2.5
v 8.5 10.6 -2.6
v 8.5 10.5 -2.6
v 8.4 10.5 -2.6
v 8.4 10.6 -2.6
v 8.9 10.6 -2.6
v 8.9 10.5 -2.6
v 8.9 10.5 -2.5
v 8.9 10.6 -2.5
v 8.9 10.6 -2.5
v 8.9 10.5 -2.5
v 9 10.5 -2.5
v 9 10.6 -2.5
v 9 10.6 -2.6
v 9 10.5 -2.6
v 8.9 10.5 -2.6
v 8.9 10.6 -2.6
v 9 10.6 -2.5
v 9 10.5 -2.5
v 9.1 10.5 -2.5
v 9.1 10.6 -2.5
v 9.1 10.6 -2.6
v 9.1 10.5 -2.6
v 9 10.5 -2.6
v 9 10.6 -2.6
v 9.2 10.6 -2.5
v 9.2 10.5 -2.5
v 9.2 10.5 -2.6
v 9.2 10.6 -2.6
v 9.1 10.6 -2.5
v 9.1 10.5 -2.5
v 9.2 10.5 -2.5
v 9.2 10.6 -2.5
v 9.2 10.6 -2.6
v 9.2 10.5 -2.6
v 9.1 10.5 -2.6
v 9.1 10.6 -2.6
v 5.8 10.5 -2.6
v 5.8 10.4 -2.6
v 5.8 10.4 -2.5
v 5.8 10.5 -2.5
v 5.8 10.5 -2.6
v 5.8 10.5 -2.5
v 5.9 10.5 -2.5
v 5.9 10.5 -2.6
v 5.8 10.5 -2.5
v 5.8 10.4 -2.5
v 5.9 10.4 -2.5
v 5.9 10.5 -2.5
v 5.9 10.5 -2.6
v 5.9 10.4 -2.6
v 5.8 10.4 -2.6
v 5.8 10.5 -2.6
v 5.9 10.5 -2.5
v 5.9 10.4 -2.5
v 6 10.4 -2.5
v 6 10.5 -2.5
v 6 10.5 -2.6
v 6 10.4 -2.6
v 5.9 10.4 -2.6
v 5.9 10.5 -2.6
v 6 10.5 -2.5
v 6 10.4 -2.5
v 6.1 10.4 -2.5
v 6.1 10.5 -2.5
v 6.1 10.5 -2.6
v 6.1 10.4 -2.6
v 6 10.4 -2.6
v 6 10.5 -2.6
v 6.1 10.5 -2.5
v 6.1 10.4 -2.5
v 6.2 10.4 -2.5
v 6.2 10.5 -2.5
v 6.2 10.5 -2.6
v 6.2 10.4 -2.6
v 6.1 10.4 -2.6
v 6.1 10.5 -2.6
v 6.2 10.5 -2.5
v 6.2 10.4 -2.5
v 6.3 10.4 -2.5
v 6.3 10.5 -2.5
v 6.3 10.5 -2.6
v 6.3 10.4 -2.6
v 6.2 10.4 -2.6
v 6.2 10.5 -2.6
v 6.3 10.5 -2.5
v 6.3 10.4 -2.5
v 6.4 10.4 -2.5
v 6.4 10.5 -2.5
v 6.4 10.5 -2.6
v 6.4 10.4 -2.6
v 6.3 10.4 -2.6
v 6.3 10.5 -2.6
v 6.4 10.5 -2.5
v 6.4 10.4 -2.5
v 6.5 10.4 -2.5
v 6.5 10.5 -2.5
v 6.5 10.5 -2.6
v 6.5 10.4 -2.6
v 6.4 10.4 -2.6
v 6.4 10.5 -2.6
v 6.5 10.5 -2.5
v 6.5 10.4 -2.5
v 6.6 10.4 -2.5
v 6.6 10.5 -2.5
v 6.6 10.5 -2.6
v 6.6 10.4 -2.6
v 6.5 10.4 -2.6
v 6.5 10.5 -2.6
v 6.6 10.5 -2.5
v 6.6 10.4 -2.5
v 6.7 10.4 -2.5
v 6.7 10.5 -2.5
v 6.7 10.5 -2.6
v 6.7 10.4 -2.6
v 6.6 10.4 -2.6
v 6.6 10.5 -2.6
v 6.7 10.5 -2.5
v 6.7 10.4 -2.5
v 6.8 10.4 -2.5
v 6.8 10.5 -2.5
v 6.8 10.5 -2.6
v 6.8 10.4 -2.6
v 6.7 10.4 -2.6
v 6.7 10.5 -2.6
v 6.8 10.4 -2.5
v 6.8 10.4 -2.6
v 6.9 10.4 -2.6
v 6.9 10.4 -2.5
v 6.8 10.5 -2.5
v 6.8 10.4 -2.5
v 6.9 10.4 -2.5
v 6.9 10.5 -2.5
v 6.9 10.5 -2.6
v 6.9 10.4 -2.6
v 6.8 10.4 -2.6
v 6.8 10.5 -2.6
v 6.9 10.4 -2.5
v 6.9 10.4 -2.6
v 7 10.4 -2.6
v 7 10.4 -2.5
v 6.9 10.5 -2.5
v 6.9 10.4 -2.5
v 7 10.4 -2.5
v 7 10.5 -2.5
v 7 10.5 -2.6
v 7 10.4 -2.6
v 6.9 10.4 -2.6
v 6.9 10.5 -2.6
v 7 10.4 -2.5
v 7 10.4 -2.6
v 7.1 10.4 -2.6
v 7.1 10.4 -2.5
v 7 10.5 -2.5
v 7 10.4 -2.5
v 7.1 10.4 -2.5
v 7.1 10.5 -2.5
v 7.1 10.5 -2.6
v 7.1 10.4 -2.6
v 7 10.4 -2.6
v 7 10.5 -2.6
v 7.1 10.4 -2.5
v 7.1 10.4 -2.6
v 7.2 10.4 -2.6
v 7.2 10.4 -2.5
v 7.1 10.5 -2.5
v 7.1 10.4 -2.5
v 7.2 10.4 -2.5
v 7.2 10.5 -2.5
v 7.2 10.5 -2.6
v 7.2 10.4 -2.6
v 7.1 10.4 -2.6
v 7.1 10.5 -2.6
v 7.2 10.4 -2.5
v 7.2 10.4 -2.6
v 7.3 10.4 -2.6
v 7.3 10.4 -2.5
v 7.2 10.5 -2.5
v 7.2 10.4 -2.5
v 7.3 10.4 -2.5
v 7.3 10.5 -2.5
v 7.3 10.5 -2.6
v 7.3 10.4 -2.6
v 7.2 10.4 -2.6
v 7.2 10.5 -2.6
v 7.3 10.4 -2.5
v 7.3 10.4 -2.6
v 7.4 10.4 -2.6
v 7.4 10.4 -2.5
v 7.3 10.5 -2.5
v 7.3 10.4 -2.5
v 7.4 10.4 -2.5
v 7.4 10.5 -2.5
v 7.4 10.5 -2.6
v 7.4 10.4 -2.6
v 7.3 10.4 -2.6
v 7.3 10.5 -2.6
v 7.4 10.4 -2.5
v 7.4 10.4 -2.6
v 7.5 10.4 -2.6
v 7.5 10.4 -2.5
v 7.4 10.5 -2.5
v 7.4 10.4 -2.5
v 7.5 10.4 -2.5
v 7.5 10.5 -2.5
v 7.5 10.5 -2.6
v 7.5 10.4 -2.6
v 7.4 10.4 -2.6
v 7.4 10.5 -2.6
v 7.5 10.5 -2.5
v 7.5 10.4 -2.5
v 7.6 10.4 -2.5
v 7.6 10.5 -2.5
v 7.6 10.5 -2.6
v 7.6 10.4 -2.6
v 7.5 10.4 -2.6
v 7.5 10.5 -2.6
v 7.6 10.5 -2.5
v 7.6 10.4 -2.5
v 7.7 10.4 -2.5
v 7.7 10.5 -2.5
v 7.7 10.5 -2.6
v 7.7 10.4 -2.6
v 7.6 10.4 -2.6
v 7.6 10.5 -2.6
v 7.7 10.5 -2.5
v 7.7 10.4 -2.5
v 7.8 10.4 -2.5
v 7.8 10.5 -2.5
v 7.8 10.5 -2.6
v 7.8 10.4 -2.6
v 7.7 10.4 -2.6
v 7.7 10.5 -2.6
v 7.8 10.5 -2.5
v 7.8 10.4 -2.5
v 7.9 10.4 -2.5
v 7.9 10.5 -2.5
v 7.9 10.5 -2.6
v 7.9 10.4 -2.6
v 7.8 10.4 -2.6
v 7.8 10.5 -2.6
v 7.9 10.5 -2.5
v 7.9 10.4 -2.5
v 8 10.4 -2.5
v 8 10.5 -2.5
v 8 10.5 -2.6
v 8 10.4 -2.6
v 7.9 10.4 -2.6
v 7.9 10.5 -2.6
v 8 10.5 -2.5
v 8 10.4 -2.5
v 8.1 10.4 -2.5
v 8.1 10.5 -2.5
v 8.1 10.5 -2.6
v 8.1 10.4 -2.6
v 8 10.4 -2.6
v 8 10.5 -2.6
v 8.1 10.5 -2.5
v 8.1 10.4 -2.5
v 8.2 10.4 -2.5
v 8.2 10.5 -2.5
v 8.2 10.5 -2.6
v 8.2 10.4 -2.6
v 8.1 10.4 -2.6
v 8.1 10.5 -2.6
v 8.2 10.5 -2.5
v 8.2 10.4 -2.5
v 8.3 10.4 -2.5
v 8.3 10.5 -2.5
v 8.3 10.5 -2.6
v 8.3 10.4 -2.6
v 8.2 10.4 -2.6
v 8.2 10.5 -2.6
v 8.3 10.5 -2.5
v 8.3 10.4 -2.5
v 8.4 10.4 -2.5
v 8.4 10.5 -2.5
v 8.4 10.5 -2.6
v 8.4 10.4 -2.6
v 8.3 10.4 -2.6
v 8.3 10.5 -2.6
v 8.5 10.5 -2.5
v 8.5 10.4 -2.5
v 8.5 10.4 -2.6
v 8.5 10.5 -2.6
v 8.4 10.5 -2.5
v 8.4 10.4 -2.5
v 8.5 10.4 -2.5
v 8.5 10.5 -2.5
v 8.5 10.5 -2.6
v 8.5 10.4 -2.6
v 8.4 10.4 -2.6
v 8.4 10.5 -2.6
v 8.9 10.5 -2.6
v 8.9 10.4 -2.6
v 8.9 10.4 -2.5
v 8.9 10.5 -2.5
v 8.9 10.5 -2.5
v 8.9 10.4 -2.5
v 9 10.4 -2.5
v 9 10.5 -2.5
v 9 10.5 -2.6
v 9 10.4 -2.6
v 8.9 10.4 -2.6
v 8.9 10.5 -2.6
v 9 10.5 -2.5
v 9 10.4 -2.5
v 9.1 10.4 -2.5
v 9.1 10.5 -2.5
v 9.1 10.5 -2.6
v 9.1 10.4 -2.6
v 9 10.4 -2.6
v 9 10.5 -2.6
v 9.1 10.5 -2.5
v 9.1 10.4 -2.5
v 9.2 10.4 -2.5
v 9.2 10.5 -2.5
v 9.2 10.5 -2.6
v 9.2 10.4 -2.6
v 9.1 10.4 -2.6
v 9.1 10.5 -2.6
v 9.3 10.5 -2.5
v 9.3 10.4 -2.5
v 9.3 10.4 -2.6
v 9.3 10.5 -2.6
v 9.2 10.5 -2.6
v 9.2 10.5 -2.5
v 9.3 10.5 -2.5
v 9.3 10.5 -2.6
v 9.2 10.5 -2.5
v 9.2 10.4 -2.5
v 9.3 10.4 -2.5
v 9.3 10.5 -2.5
v 9.3 10.5 -2.6
v 9.3 10.4 -2.6
v 9.2 10.4 -2.6
v 9.2 10.5 -2.6
v 5.7 10.4 -2.6
v 5.7 10.3 -2.6
v 5.7 10.3 -2.5
v 5.7 10.4 -2.5
v 5.7 10.4 -2.6
v 5.7 10.4 -2.5
v 5.8 10.4 -2.5
v 5.8 10.4 -2.6
v 5.7 10.4 -2.5
v 5.7 10.3 -2.5
v 5.8 10.3 -2.5
v 5.8 10.4 -2.5
v 5.8 10.4 -2.6
v 5.8 10.3 -2.6
v 5.7 10.3 -2.6
v 5.7 10.4 -2.6
v 5.8 10.4 -2.5
v 5.8 10.3 -2.5
v 5.9 10.3 -2.5
v 5.9 10.4 -2.5
v 5.9 10.4 -2.6
v 5.9 10.3 -2.6
v 5.8 10.3 -2.6
v 5.8 10.4 -2.6
v 5.9 10.4 -2.5
v 5.9 10.3 -2.5
v 6 10.3 -2.5
v 6 10.4 -2.5
v 6 10.4 -2.6
v 6 10.3 -2.6
v 5.9 10.3 -2.6
v 5.9 10.4 -2.6
v 6 10.4 -2.5
v 6 10.3 -2.5
v 6.1 10.3 -2.5
v 6.1 10.4 -2.5
v 6.1 10.4 -2.6
v 6.1 10.3 -2.6
v 6 10.3 -2.6
v 6 10.4 -2.6
v 6.1 10.4 -2.5
v 6.1 10.3 -2.5
v 6.2 10.3 -2.5
v 6.2 10.4 -2.5
v 6.2 10.4 -2.6
v 6.2 10.3 -2.6
v 6.1 10.3 -2.6
v 6.1 10.4 -2.6
v 6.2 10.4 -2.5
v 6.2 10.3 -2.5
v 6.3 10.3 -2.5
v 6.3 10.4 -2.5
v 6.3 10.4 -2.6
v 6.3 10.3 -2.6
v 6.2 10.3 -2.6
v 6.2 10.4 -2.6
v 6.3 10.4 -2.5
v 6.3 10.3 -2.5
v 6.4 10.3 -2.5
v 6.4 10.4 -2.5
v 6.4 10.4 -2.6
v 6.4 10.3 -2.6
v 6.3 10.3 -2.6
v 6.3 10.4 -2.6
v 6.4 10.4 -2.5
v 6.4 10.3 -2.5
v 6.5 10.3 -2.5
v 6.5 10.4 -2.5
v 6.5 10.4 -2.6
v 6.5 10.3 -2.6
v 6.4 10.3 -2.6
v 6.4 10.4 -2.6
v 6.5 10.4 -2.5
v 6.5 10.3 -2.5
v 6.6 10.3 -2.5
v 6.6 10.4 -2.5
v 6.6 10.4 -2.6
v 6.6 10.3 -2.6
v 6.5 10.3 -2.6
v 6.5 10.4 -2.6
v 6.6 10.3 -2.5
v 6.6 10.3 -2.6
v 6.7 10.3 -2.6
v 6.7 10.3 -2.5
v 6.6 10.4 -2.5
v 6.6 10.3 -2.5
v 6.7 10.3 -2.5
v 6.7 10.4 -2.5
v 6.7 10.4 -2.6
v 6.7 10.3 -2.6
v 6.6 10.3 -2.6
v 6.6 10.4 -2.6
v 6.8 10.4 -2.5
v 6.8 10.3 -2.5
v 6.8 10.3 -2.6
v 6.8 10.4 -2.6
v 6.7 10.3 -2.5
v 6.7 10.3 -2.6
v 6.8 10.3 -2.6
v 6.8 10.3 -2.5
v 6.7 10.4 -2.5
v 6.7 10.3 -2.5
v 6.8 10.3 -2.5
v 6.8 10.4 -2.5
v 6.8 10.4 -2.6
v 6.8 10.3 -2.6
v 6.7 10.3 -2.6
v 6.7 10.4 -2.6
v 7.5 10.4 -2.6
v 7.5 10.3 -2.6
v 7.5 10.3 -2.5
v 7.5 10.4 -2.5
v 7.5 10.3 -2.5
v 7.5 10.3 -2.6
v 7.6 10.3 -2.6
v 7.6 10.3 -2.5
v 7.5 10.4 -2.5
v 7.5 10.3 -2.5
v 7.6 10.3 -2.5
v 7.6 10.4 -2.5
v 7.6 10.4 -2.6
v 7.6 10.3 -2.6
v 7.5 10.3 -2.6
v 7.5 10.4 -2.6
v 7.6 10.3 -2.5
v 7.6 10.3 -2.6
v 7.7 10.3 -2.6
v 7.7 10.3 -2.5
v 7.6 10.4 -2.5
v 7.6 10.3 -2.5
v 7.7 10.3 -2.5
v 7.7 10.4 -2.5
v 7.7 10.4 -2.6
v 7.7 10.3 -2.6
v 7.6 10.3 -2.6
v 7.6 10.4 -2.6
v 7.7 10.4 -2.5
v 7.7 10.3 -2.5
v 7.8 10.3 -2.5
v 7.8 10.4 -2.5
v 7.8 10.4 -2.6
v 7.8 10.3 -2.6
v 7.7 10.3 -2.6
v 7.7 10.4 -2.6
v 7.8 10.4 -2.5
v 7.8 10.3 -2.5
v 7.9 10.3 -2.5
v 7.9 10.4 -2.5
v 7.9 10.4 -2.6
v 7.9 10.3 -2.6
v 7.8 10.3 -2.6
v 7.8 10.4 -2.6
v 7.9 10.4 -2.5
v 7.9 10.3 -2.5
v 8 10.3 -2.5
v 8 10.4 -2.5
v 8 10.4 -2.6
v 8 10.3 -2.6
v 7.9 10.3 -2.6
v 7.9 10.4 -2.6
v 8 10.4 -2.5
v 8 10.3 -2.5
v 8.1 10.3 -2.5
v 8.1 10.4 -2.5
v 8.1 10.4 -2.6
v 8.1 10.3 -2.6
v 8 10.3 -2.6
v 8 10.4 -2.6
v 8.1 10.4 -2.5
v 8.1 10.3 -2.5
v 8.2 10.3 -2.5
v 8.2 10.4 -2.5
v 8.2 10.4 -2.6
v 8.2 10.3 -2.6
v 8.1 10.3 -2.6
v 8.1 10.4 -2.6
v 8.2 10.4 -2.5
v 8.2 10.3 -2.5
v 8.3 10.3 -2.5
v 8.3 10.4 -2.5
v 8.3 10.4 -2.6
v 8.3 10.3 -2.6
v 8.2 10.3 -2.6
v 8.2 10.4 -2.6
v 8.3 10.4 -2.5
v 8.3 10.3 -2.5
v 8.4 10.3 -2.5
v 8.4 10.4 -2.5
v 8.4 10.4 -2.6
v 8.4 10.3 -2.6
v 8.3 10.3 -2.6
v 8.3 10.4 -2.6
v 8.4 10.4 -2.5
v 8.4 10.3 -2.5
v 8.5 10.3 -2.5
v 8.5 10.4 -2.5
v 8.5 10.4 -2.6
v 8.5 10.3 -2.6
v 8.4 10.3 -2.6
v 8.4 10.4 -2.6
v 8.6 10.4 -2.5
v 8.6 10.3 -2.5
v 8.6 10.3 -2.6
v 8.6 10.4 -2.6
v 8.5 10.4 -2.6
v 8.5 10.4 -2.5
v 8.6 10.4 -2.5
v 8.6 10.4 -2.6
v 8.5 10.4 -2.5
v 8.5 10.3 -2.5
v 8.6 10.3 -2.5
v 8.6 10.4 -2.5
v 8.6 10.4 -2.6
v 8.6 10.3 -2.6
v 8.5 10.3 -2.6
v 8.5 10.4 -2.6
v 8.9 10.4 -2.6
v 8.9 10.3 -2.6
v 8.9 10.3 -2.5
v 8.9 10.4 -2.5
v 8.9 10.4 -2.5
v 8.9 10.3 -2.5
v 9 10.3 -2.5
v 9 10.4 -2.5
v 9 10.4 -2.6
v 9 10.3 -2.6
v 8.9 10.3 -2.6
v 8.9 10.4 -2.6
v 9 10.4 -2.5
v 9 10.3 -2.5
v 9.1 10.3 -2.5
v 9.1 10.4 -2.5
v 9.1 10.4 -2.6
v 9.1 10.3 -2.6
v 9 10.3 -2.6
v 9 10.4 -2.6
v 9.1 10.4 -2.5
v 9.1 10.3 -2.5
v 9.2 10.3 -2.5
v 9.2 10.4 -2.5
v 9.2 10.4 -2.6
v 9.2 10.3 -2.6
v 9.1 10.3 -2.6
v 9.1 10.4 -2.6
v 9.3 10.4 -2.5
v 9.3 10.3 -2.5
v 9.3 10.3 -2.6
v 9.3 10.4 -2.6
v 9.2 10.4 -2.5
v 9.2 10.3 -2.5
v 9.3 10.3 -2.5
v 9.3 10.4 -2.5
v 9.3 10.4 -2.6
v 9.3 10.3 -2.6
v 9.2 10.3 -2.6
v 9.2 10.4 -2.6
v 5.6 10.3 -2.6
v 5.6 10.2 -2.6
v 5.6 10.2 -2.5
v 5.6 10.3 -2.5
v 5.6 10.3 -2.6
v 5.6 10.3 -2.5
v 5.7 10.3 -2.5
v 5.7 10.3 -2.6
v 5.6 10.3 -2.5
v 5.6 10.2 -2.5
v 5.7 10.2 -2.5
v 5.7 10.3 -2.5
v 5.7 10.3 -2.6
v 5.7 10.2 -2.6
v 5.6 10.2 -2.6
v 5.6 10.3 -2.6
v 5.7 10.3 -2.5
v 5.7 10.2 -2.5
v 5.8 10.2 -2.5
v 5.8 10.3 -2.5
v 5.8 10.3 -2.6
v 5.8 10.2 -2.6
v 5.7 10.2 -2.6
v 5.7 10.3 -2.6
v 5.8 10.3 -2.5
v 5.8 10.2 -2.5
v 5.9 10.2 -2.5
v 5.9 10.3 -2.5
v 5.9 10.3 -2.6
v 5.9 10.2 -2.6
v 5.8 10.2 -2.6
v 5.8 10.3 -2.6
v 5.9 10.3 -2.5
v 5.9 10.2 -2.5
v 6 10.2 -2.5
v 6 10.3 -2.5
v 6 10.3 -2.6
v 6 10.2 -2.6
v 5.9 10.2 -2.6
v 5.9 10.3 -2.6
v 6 10.3 -2.5
v 6 10.2 -2.5
v 6.1 10.2 -2.5
v 6.1 10.3 -2.5
v 6.1 10.3 -2.6
v 6.1 10.2 -2.6
v 6 10.2 -2.6
v 6 10.3 -2.6
v 6.1 10.3 -2.5
v 6.1 10.2 -2.5
v 6.2 10.2 -2.5
v 6.2 10.3 -2.5
v 6.2 10.3 -2.6
v 6.2 10.2 -2.6
v 6.1 10.2 -2.6
v 6.1 10.3 -2.6
v 6.2 10.3 -2.5
v 6.2 10.2 -2.5
v 6.3 10.2 -2.5
v 6.3 10.3 -2.5
v 6.3 10.3 -2.6
v 6.3 10.2 -2.6
v 6.2 10.2 -2.6
v 6.2 10.3 -2.6
v 6.3 10.3 -2.5
v 6.3 10.2 -2.5
v 6.4 10.2 -2.5
v 6.4 10.3 -2.5
v 6.4 10.3 -2.6
v 6.4 10.2 -2.6
v 6.3 10.2 -2.6
v 6.3 10.3 -2.6
v 6.4 10.2 -2.5
v 6.4 10.2 -2.6
v 6.5 10.2 -2.6
v 6.5 10.2 -2.5
v 6.4 10.3 -2.5
v 6.4 10.2 -2.5
v 6.5 10.2 -2.5
v 6.5 10.3 -2.5
v 6.5 10.3 -2.6
v 6.5 10.2 -2.6
v 6.4 10.2 -2.6
v 6.4 10.3 -2.6
v 6.6 10.3 -2.5
v 6.6 10.2 -2.5
v 6.6 10.2 -2.6
v 6.6 10.3 -2.6
v 6.5 10.2 -2.5
v 6.5 10.2 -2.6
v 6.6 10.2 -2.6
v 6.6 10.2 -2.5
v 6.5 10.3 -2.5
v 6.5 10.2 -2.5
v 6.6 10.2 -2.5
v 6.6 10.3 -2.5
v 6.6 10.3 -2.6
v 6.6 10.2 -2.6
v 6.5 10.2 -2.6
v 6.5 10.3 -2.6
v 7.7 10.3 -2.6
v 7.7 10.2 -2.6
v 7.7 10.2 -2.5
v 7.7 10.3 -2.5
v 7.7 10.2 -2.5
v 7.7 10.2 -2.6
v 7.8 10.2 -2.6
v 7.8 10.2 -2.5
v 7.7 10.3 -2.5
v 7.7 10.2 -2.5
v 7.8 10.2 -2.5
v 7.8 10.3 -2.5
v 7.8 10.3 -2.6
v 7.8 10.2 -2.6
v 7.7 10.2 -2.6
v 7.7 10.3 -2.6
v 7.8 10.3 -2.5
v 7.8 10.2 -2.5
v 7.9 10.2 -2.5
v 7.9 10.3 -2.5
v 7.9 10.3 -2.6
v 7.9 10.2 -2.6
v 7.8 10.2 -2.6
v 7.8 10.3 -2.6
v 7.9 10.3 -2.5
v 7.9 10.2 -2.5
v 8 10.2 -2.5
v 8 10.3 -2.5
v 8 10.3 -2.6
v 8 10.2 -2.6
v 7.9 10.2 -2.6
v 7.9 10.3 -2.6
v 8 10.3 -2.5
v 8 10.2 -2.5
v 8.1 10.2 -2.5
v 8.1 10.3 -2.5
v 8.1 10.3 -2.6
v 8.1 10.2 -2.6
v 8 10.2 -2.6
v 8 10.3 -2.6
v 8.1 10.2 -2.5
v 8.1 10.2 -2.6
v 8.2 10.2 -2.6
v 8.2 10.2 -2.5
v 8.1 10.3 -2.5
v 8.1 10.2 -2.5
v 8.2 10.2 -2.5
v 8.2 10.3 -2.5
v 8.2 10.3 -2.6
v 8.2 10.2 -2.6
v 8.1 10.2 -2.6
v 8.1 10.3 -2.6
v 8.2 10.3 -2.5
v 8.2 10.2 -2.5
v 8.3 10.2 -2.5
v 8.3 10.3 -2.5
v 8.3 10.3 -2.6
v 8.3 10.2 -2.6
v 8.2 10.2 -2.6
v 8.2 10.3 -2.6
v 8.3 10.3 -2.5
v 8.3 10.2 -2.5
v 8.4 10.2 -2.5
v 8.4 10.3 -2.5
v 8.4 10.3 -2.6
v 8.4 10.2 -2.6
v 8.3 10.2 -2.6
v 8.3 10.3 -2.6
v 8.4 10.3 -2.5
v 8.4 10.2 -2.5
v 8.5 10.2 -2.5
v 8.5 10.3 -2.5
v 8.5 10.3 -2.6
v 8.5 10.2 -2.6
v 8.4 10.2 -2.6
v 8.4 10.3 -2.6
v 8.6 10.3 -2.5
v 8.6 10.2 -2.5
v 8.6 10.2 -2.6
v 8.6 10.3 -2.6
v 8.5 10.3 -2.5
v 8.5 10.2 -2.5
v 8.6 10.2 -2.5
v 8.6 10.3 -2.5
v 8.6 10.3 -2.6
v 8.6 10.2 -2.6
v 8.5 10.2 -2.6
v 8.5 10.3 -2.6
v 8.9 10.3 -2.6
v 8.9 10.2 -2.6
v 8.9 10.2 -2.5
v 8.9 10.3 -2.5
v 8.9 10.3 -2.5
v 8.9 10.2 -2.5
v 9 10.2 -2.5
v 9 10.3 -2.5
v 9 10.3 -2.6
v 9 10.2 -2.6
v 8.9 10.2 -2.6
v 8.9 10.3 -2.6
v 9 10.3 -2.5
v 9 10.2 -2.5
v 9.1 10.2 -2.5
v 9.1 10.3 -2.5
v 9.1 10.3 -2.6
v 9.1 10.2 -2.6
v 9 10.2 -2.6
v 9 10.3 -2.6
v 9.1 10.3 -2.5
v 9.1 10.2 -2.5
v 9.2 10.2 -2.5
v 9.2 10.3 -2.5
v 9.2 10.3 -2.6
v 9.2 10.2 -2.6
v 9.1 10.2 -2.6
v 9.1 10.3 -2.6
v 9.3 10.3 -2.5
v 9.3 10.2 -2.5
v 9.3 10.2 -2.6
v 9.3 10.3 -2.6
v 9.2 10.3 -2.5
v 9.2 10.2 -2.5
v 9.3 10.2 -2.5
v 9.3 10.3 -2.5
v 9.3 10.3 -2.6
v 9.3 10.2 -2.6
v 9.2 10.2 -2.6
v 9.2 10.3 -2.6
v 5.5 10.2 -2.6
v 5.5 10.1 -2.6
v 5.5 10.1 -2.5
v 5.5 10.2 -2.5
v 5.5 10.2 -2.6
v 5.5 10.2 -2.5
v 5.6 10.2 -2.5
v 5.6 10.2 -2.6
v 5.5 10.2 -2.5
v 5.5 10.1 -2.5
v 5.6 10.1 -2.5
v 5.6 10.2 -2.5
v 5.6 10.2 -2.6
v 5.6 10.1 -2.6
v 5.5 10.1 -2.6
v 5.5 10.2 -2.6
v 5.6 10.2 -2.5
v 5.6 10.1 -2.5
v 5.7 10.1 -2.5
v 5.7 10.2 -2.5
v 5.7 10.2 -2.6
v 5.7 10.1 -2.6
v 5.6 10.1 -2.6
v 5.6 10.2 -2.6
v 5.7 10.2 -2.5
v 5.7 10.1 -2.5
v 5.8 10.1 -2.5
v 5.8 10.2 -2.5
v 5.8 10.2 -2.6
v 5.8 10.1 -2.6
v 5.7 10.1 -2.6
v 5.7 10.2 -2.6
v 5.8 10.2 -2.5
v 5.8 10.1 -2.5
v 5.9 10.1 -2.5
v 5.9 10.2 -2.5
v 5.9 10.2 -2.6
v 5.9 10.1 -2.6
v 5.8 10.1 -2.6
v 5.8 10.2 -2.6
v 5.9 10.2 -2.5
v 5.9 10.1 -2.5
v 6 10.1 -2.5
v 6 10.2 -2.5
v 6 10.2 -2.6
v 6 10.1 -2.6
v 5.9 10.1 -2.6
v 5.9 10.2 -2.6
v 6 10.2 -2.5
v 6 10.1 -2.5
v 6.1 10.1 -2.5
v 6.1 10.2 -2.5
v 6.1 10.2 -2.6
v 6.1 10.1 -2.6
v 6 10.1 -2.6
v 6 10.2 -2.6
v 6.1 10.2 -2.5
v 6.1 10.1 -2.5
v 6.2 10.1 -2.5
v 6.2 10.2 -2.5
v 6.2 10.2 -2.6
v 6.2 10.1 -2.6
v 6.1 10.1 -2.6
v 6.1 10.2 -2.6
v 6.2 10.2 -2.5
v 6.2 10.1 -2.5
v 6.3 10.1 -2.5
v 6.3 10.2 -2.5
v 6.3 10.2 -2.6
v 6.3 10.1 -2.6
v 6.2 10.1 -2.6
v 6.2 10.2 -2.6
v 6.4 10.2 -2.5
v 6.4 10.1 -2.5
v 6.4 10.1 -2.6
v 6.4 10.2 -2.6
v 6.3 10.1 -2.5
v 6.3 10.1 -2.6
v 6.4 10.1 -2.6
v 6.4 10.1 -2.5
v 6.3 10.2 -2.5
v 6.3 10.1 -2.5
v 6.4 10.1 -2.5
v 6.4 10.2 -2.5
v 6.4 10.2 -2.6
v 6.4 10.1 -2.6
v 6.3 10.1 -2.6
v 6.3 10.2 -2.6
v 7.8 10.2 -2.6
v 7.8 10.1 -2.6
v 7.8 10.1 -2.5
v 7.8 10.2 -2.5
v 7.8 10.1 -2.5
v 7.8 10.1 -2.6
v 7.9 10.1 -2.6
v 7.9 10.1 -2.5
v 7.8 10.2 -2.5
v 7.8 10.1 -2.5
v 7.9 10.1 -2.5
v 7.9 10.2 -2.5
v 7.9 10.2 -2.6
v 7.9 10.1 -2.6
v 7.8 10.1 -2.6
v 7.8 10.2 -2.6
v 7.9 10.2 -2.5
v 7.9 10.1 -2.5
v 8 10.1 -2.5
v 8 10.2 -2.5
v 8 10.2 -2.6
v 8 10.1 -2.6
v 7.9 10.1 -2.6
v 7.9 10.2 -2.6
v 8.1 10.2 -2.5
v 8.1 10.1 -2.5
v 8.1 10.1 -2.6
v 8.1 10.2 -2.6
v 8 10.1 -2.5
v 8 10.1 -2.6
v 8.1 10.1 -2.6
v 8.1 10.1 -2.5
v 8 10.2 -2.5
v 8 10.1 -2.5
v 8.1 10.1 -2.5
v 8.1 10.2 -2.5
v 8.1 10.2 -2.6
v 8.1 10.1 -2.6
v 8 10.1 -2.6
v 8 10.2 -2.6
v 8.2 10.2 -2.6
v 8.2 10.1 -2.6
v 8.2 10.1 -2.5
v 8.2 10.2 -2.5
v 8.2 10.2 -2.5
v 8.2 10.1 -2.5
v 8.3 10.1 -2.5
v 8.3 10.2 -2.5
v 8.3 10.2 -2.6
v 8.3 10.1 -2.6
v 8.2 10.1 -2.6
v 8.2 10.2 -2.6
v 8.3 10.2 -2.5
v 8.3 10.1 -2.5
v 8.4 10.1 -2.5
v 8.4 10.2 -2.5
v 8.4 10.2 -2.6
v 8.4 10.1 -2.6
v 8.3 10.1 -2.6
v 8.3 10.2 -2.6
v 8.4 10.2 -2.5
v 8.4 10.1 -2.5
v 8.5 10.1 -2.5
v 8.5 10.2 -2.5
v 8.5 10.2 -2.6
v 8.5 10.1 -2.6
v 8.4 10.1 -2.6
v 8.4 10.2 -2.6
v 8.6 10.2 -2.5
v 8.6 10.1 -2.5
v 8.6 10.1 -2.6
v 8.6 10.2 -2.6
v 8.5 10.2 -2.5
v 8.5 10.1 -2.5
v 8.6 10.1 -2.5
v 8.6 10.2 -2.5
v 8.6 10.2 -2.6
v 8.6 10.1 -2.6
v 8.5 10.1 -2.6
v 8.5 10.2 -2.6
v 8.9 10.2 -2.6
v 8.9 10.1 -2.6
v 8.9 10.1 -2.5
v 8.9 10.2 -2.5
v 8.9 10.2 -2.5
v 8.9 10.1 -2.5
v 9 10.1 -2.5
v 9 10.2 -2.5
v 9 10.2 -2.6
v 9 10.1 -2.6
v 8.9 10.1 -2.6
v 8.9 10.2 -2.6
v 9 10.2 -2.5
v 9 10.1 -2.5
v 9.1 10.1 -2.5
v 9.1 10.2 -2.5
v 9.1 10.2 -2.6
v 9.1 10.1 -2.6
v 9 10.1 -2.6
v 9 10.2 -2.6
v 9.1 10.2 -2.5
v 9.1 10.1 -2.5
v 9.2 10.1 -2.5
v 9.2 10.2 -2.5
v 9.2 10.2 -2.6
v 9.2 10.1 -2.6
v 9.1 10.1 -2.6
v 9.1 10.2 -2.6
v 9.2 10.2 -2.5
v 9.2 10.1 -2.5
v 9.3 10.1 -2.5
v 9.3 10.2 -2.5
v 9.3 10.2 -2.6
v 9.3 10.1 -2.6
v 9.2 10.1 -2.6
v 9.2 10.2 -2.6
v 9.4 10.2 -2.5
v 9.4 10.1 -2.5
v 9.4 10.1 -2.6
v 9.4 10.2 -2.6
v 9.3 10.2 -2.6
v 9.3 10.2 -2.5
v 9.4 10.2 -2.5
v 9.4 10.2 -2.6
v 9.3 10.2 -2.5
v 9.3 10.1 -2.5
v 9.4 10.1 -2.5
v 9.4 10.2 -2.5
v 9.4 10.2 -2.6
v 9.4 10.1 -2.6
v 9.3 10.1 -2.6
v 9.3 10.2 -2.6
v 5.5 10.1 -2.6
v 5.5 10 -2.6
v 5.5 10 -2.5
v 5.5 10.1 -2.5
v 5.5 10.1 -2.5
v 5.5 10 -2.5
v 5.6 10 -2.5
v 5.6 10.1 -2.5
v 5.6 10.1 -2.6
v 5.6 10 -2.6
v 5.5 10 -2.6
v 5.5 10.1 -2.6
v 5.6 10.1 -2.5
v 5.6 10 -2.5
v 5.7 10 -2.5
v 5.7 10.1 -2.5
v 5.7 10.1 -2.6
v 5.7 10 -2.6
v 5.6 10 -2.6
v 5.6 10.1 -2.6
v 5.7 10.1 -2.5
v 5.7 10 -2.5
v 5.8 10 -2.5
v 5.8 10.1 -2.5
v 5.8 10.1 -2.6
v 5.8 10 -2.6
v 5.7 10 -2.6
v 5.7 10.1 -2.6
v 5.8 10.1 -2.5
v 5.8 10 -2.5
v 5.9 10 -2.5
v 5.9 10.1 -2.5
v 5.9 10.1 -2.6
v 5.9 10 -2.6
v 5.8 10 -2.6
v 5.8 10.1 -2.6
v 5.9 10.1 -2.5
v 5.9 10 -2.5
v 6 10 -2.5
v 6 10.1 -2.5
v 6 10.1 -2.6
v 6 10 -2.6
v 5.9 10 -2.6
v 5.9 10.1 -2.6
v 6 10.1 -2.5
v 6 10 -2.5
v 6.1 10 -2.5
v 6.1 10.1 -2.5
v 6.1 10.1 -2.6
v 6.1 10 -2.6
v 6 10 -2.6
v 6 10.1 -2.6
v 6.1 10.1 -2.5
v 6.1 10 -2.5
v 6.2 10 -2.5
v 6.2 10.1 -2.5
v 6.2 10.1 -2.6
v 6.2 10 -2.6
v 6.1 10 -2.6
v 6.1 10.1 -2.6
v 6.3 10.1 -2.5
v 6.3 10 -2.5
v 6.3 10 -2.6
v 6.3 10.1 -2.6
v 6.2 10 -2.5
v 6.2 10 -2.6
v 6.3 10 -2.6
v 6.3 10 -2.5
v 6.2 10.1 -2.5
v 6.2 10 -2.5
v 6.3 10 -2.5
v 6.3 10.1 -2.5
v 6.3 10.1 -2.6
v 6.3 10 -2.6
v 6.2 10 -2.6
v 6.2 10.1 -2.6
v 7.9 10.1 -2.6
v 7.9 10 -2.6
v 7.9 10 -2.5
v 7.9 10.1 -2.5
v 8 10.1 -2.5
v 8 10 -2.5
v 8 10 -2.6
v 8 10.1 -2.6
v 7.9 10 -2.5
v 7.9 10 -2.6
v 8 10 -2.6
v 8 10 -2.5
v 7.9 10.1 -2.5
v 7.9 10 -2.5
v 8 10 -2.5
v 8 10.1 -2.5
v 8 10.1 -2.6
v 8 10 -2.6
v 7.9 10 -2.6
v 7.9 10.1 -2.6
v 8.2 10.1 -2.6
v 8.2 10 -2.6
v 8.2 10 -2.5
v 8.2 10.1 -2.5
v 8.2 10.1 -2.5
v 8.2 10 -2.5
v 8.3 10 -2.5
v 8.3 10.1 -2.5
v 8.3 10.1 -2.6
v 8.3 10 -2.6
v 8.2 10 -2.6
v 8.2 10.1 -2.6
v 8.3 10.1 -2.5
v 8.3 10 -2.5
v 8.4 10 -2.5
v 8.4 10.1 -2.5
v 8.4 10.1 -2.6
v 8.4 10 -2.6
v 8.3 10 -2.6
v 8.3 10.1 -2.6
v 8.4 10.1 -2.5
v 8.4 10 -2.5
v 8.5 10 -2.5
v 8.5 10.1 -2.5
v 8.5 10.1 -2.6
v 8.5 10 -2.6
v 8.4 10 -2.6
v 8.4 10.1 -2.6
v 8.6 10.1 -2.5
v 8.6 10 -2.5
v 8.6 10 -2.6
v 8.6 10.1 -2.6
v 8.5 10.1 -2.5
v 8.5 10 -2.5
v 8.6 10 -2.5
v 8.6 10.1 -2.5
v 8.6 10.1 -2.6
v 8.6 10 -2.6
v 8.5 10 -2.6
v 8.5 10.1 -2.6
v 8.9 10.1 -2.6
v 8.9 10 -2.6
v 8.9 10 -2.5
v 8.9 10.1 -2.5
v 8.9 10.1 -2.5
v 8.9 10 -2.5
v 9 10 -2.5
v 9 10.1 -2.5
v 9 10.1 -2.6
v 9 10 -2.6
v 8.9 10 -2.6
v 8.9 10.1 -2.6
v 9 10.1 -2.5
v 9 10 -2.5
v 9.1 10 -2.5
v 9.1 10.1 -2.5
v 9.1 10.1 -2.6
v 9.1 10 -2.6
v 9 10 -2.6
v 9 10.1 -2.6
v 9.1 10.1 -2.5
v 9.1 10 -2.5
v 9.2 10 -2.5
v 9.2 10.1 -2.5
v 9.2 10.1 -2.6
v 9.2 10 -2.6
v 9.1 10 -2.6
v 9.1 10.1 -2.6
v 9.2 10.1 -2.5
v 9.2 10 -2.5
v 9.3 10 -2.5
v 9.3 10.1 -2.5
v 9.3 10.1 -2.6
v 9.3 10 -2.6
v 9.2 10 -2.6
v 9.2 10.1 -2.6
v 9.4 10.1 -2.5
v 9.4 10 -2.5
v 9.4 10 -2.6
v 9.4 10.1 -2.6
v 9.3 10.1 -2.5
v 9.3 10 -2.5
v 9.4 10 -2.5
v 9.4 10.1 -2.5
v 9.4 10.1 -2.6
v 9.4 10 -2.6
v 9.3 10 -2.6
v 9.3 10.1 -2.6
v 5.4 10 -2.6
v 5.4 9.9 -2.6
v 5.4 9.9 -2.5
v 5.4 10 -2.5
v 5.4 10 -2.6
v 5.4 10 -2.5
v 5.5 10 -2.5
v 5.5 10 -2.6
v 5.4 10 -2.5
v 5.4 9.9 -2.5
v 5.5 9.9 -2.5
v 5.5 10 -2.5
v 5.5 10 -2.6
v 5.5 9.9 -2.6
v 5.4 9.9 -2.6
v 5.4 10 -2.6
v 5.5 10 -2.5
v 5.5 9.9 -2.5
v 5.6 9.9 -2.5
v 5.6 10 -2.5
v 5.6 10 -2.6
v 5.6 9.9 -2.6
v 5.5 9.9 -2.6
v 5.5 10 -2.6
v 5.6 10 -2.5
v 5.6 9.9 -2.5
v 5.7 9.9 -2.5
v 5.7 10 -2.5
v 5.7 10 -2.6
v 5.7 9.9 -2.6
v 5.6 9.9 -2.6
v 5.6 10 -2.6
v 5.7 10 -2.5
v 5.7 9.9 -2.5
v 5.8 9.9 -2.5
v 5.8 10 -2.5
v 5.8 10 -2.6
v 5.8 9.9 -2.6
v 5.7 9.9 -2.6
v 5.7 10 -2.6
v 5.8 10 -2.5
v 5.8 9.9 -2.5
v 5.9 9.9 -2.5
v 5.9 10 -2.5
v 5.9 10 -2.6
v 5.9 9.9 -2.6
v 5.8 9.9 -2.6
v 5.8 10 -2.6
v 5.9 10 -2.5
v 5.9 9.9 -2.5
v 6 9.9 -2.5
v 6 10 -2.5
v 6 10 -2.6
v 6 9.9 -2.6
v 5.9 9.9 -2.6
v 5.9 10 -2.6
v 6 10 -2.5
v 6 9.9 -2.5
v 6.1 9.9 -2.5
v 6.1 10 -2.5
v 6.1 10 -2.6
v 6.1 9.9 -2.6
v 6 9.9 -2.6
v 6 10 -2.6
v 6.2 10 -2.5
v 6.2 9.9 -2.5
v 6.2 9.9 -2.6
v 6.2 10 -2.6
v 6.1 9.9 -2.5
v 6.1 9.9 -2.6
v 6.2 9.9 -2.6
v 6.2 9.9 -2.5
v 6.1 10 -2.5
v 6.1 9.9 -2.5
v 6.2 9.9 -2.5
v 6.2 10 -2.5
v 6.2 10 -2.6
v 6.2 9.9 -2.6
v 6.1 9.9 -2.6
v 6.1 10 -2.6
v 8.2 10 -2.6
v 8.2 9.9 -2.6
v 8.2 9.9 -2.5
v 8.2 10 -2.5
v 8.2 10 -2.5
v 8.2 9.9 -2.5
v 8.3 9.9 -2.5
v 8.3 10 -2.5
v 8.3 10 -2.6
v 8.3 9.9 -2.6
v 8.2 9.9 -2.6
v 8.2 10 -2.6
v 8.3 10 -2.5
v 8.3 9.9 -2.5
v 8.4 9.9 -2.5
v 8.4 10 -2.5
v 8.4 10 -2.6
v 8.4 9.9 -2.6
v 8.3 9.9 -2.6
v 8.3 10 -2.6
v 8.4 10 -2.5
v 8.4 9.9 -2.5
v 8.5 9.9 -2.5
v 8.5 10 -2.5
v 8.5 10 -2.6
v 8.5 9.9 -2.6
v 8.4 9.9 -2.6
v 8.4 10 -2.6
v 8.6 10 -2.5
v 8.6 9.9 -2.5
v 8.6 9.9 -2.6
v 8.6 10 -2.6
v 8.5 10 -2.5
v 8.5 9.9 -2.5
v 8.6 9.9 -2.5
v 8.6 10 -2.5
v 8.6 10 -2.6
v 8.6 9.9 -2.6
v 8.5 9.9 -2.6
v 8.5 10 -2.6
v 8.9 10 -2.6
v 8.9 9.9 -2.6
v 8.9 9.9 -2.5
v 8.9 10 -2.5
v 8.9 9.9 -2.5
v 8.9 9.9 -2.6
v 9 9.9 -2.6
v 9 9.9 -2.5
v 8.9 10 -2.5
v 8.9 9.9 -2.5
v 9 9.9 -2.5
v 9 10 -2.5
v 9 10 -2.6
v 9 9.9 -2.6
v 8.9 9.9 -2.6
v 8.9 10 -2.6
v 9 10 -2.5
v 9 9.9 -2.5
v 9.1 9.9 -2.5
v 9.1 10 -2.5
v 9.1 10 -2.6
v 9.1 9.9 -2.6
v 9 9.9 -2.6
v 9 10 -2.6
v 9.1 10 -2.5
v 9.1 9.9 -2.5
v 9.2 9.9 -2.5
v 9.2 10 -2.5
v 9.2 10 -2.6
v 9.2 9.9 -2.6
v 9.1 9.9 -2.6
v 9.1 10 -2.6
v 9.2 10 -2.5
v 9.2 9.9 -2.5
v 9.3 9.9 -2.5
v 9.3 10 -2.5
v 9.3 10 -2.6
v 9.3 9.9 -2.6
v 9.2 9.9 -2.6
v 9.2 10 -2.6
v 9.4 10 -2.5
v 9.4 9.9 -2.5
v 9.4 9.9 -2.6
v 9.4 10 -2.6
v 9.3 10 -2.5
v 9.3 9.9 -2.5
v 9.4 9.9 -2.5
v 9.4 10 -2.5
v 9.4 10 -2.6
v 9.4 9.9 -2.6
v 9.3 9.9 -2.6
v 9.3 10 -2.6
v 5.4 9.9 -2.6
v 5.4 9.8 -2.6
v 5.4 9.8 -2.5
v 5.4 9.9 -2.5
v 5.4 9.9 -2.5
v 5.4 9.8 -2.5
v 5.5 9.8 -2.5
v 5.5 9.9 -2.5
v 5.5 9.9 -2.6
v 5.5 9.8 -2.6
v 5.4 9.8 -2.6
v 5.4 9.9 -2.6
v 5.5 9.9 -2.5
v 5.5 9.8 -2.5
v 5.6 9.8 -2.5
v 5.6 9.9 -2.5
v 5.6 9.9 -2.6
v 5.6 9.8 -2.6
v 5.5 9.8 -2.6
v 5.5 9.9 -2.6
v 5.6 9.9 -2.5
v 5.6 9.8 -2.5
v 5.7 9.8 -2.5
v 5.7 9.9 -2.5
v 5.7 9.9 -2.6
v 5.7 9.8 -2.6
v 5.6 9.8 -2.6
v 5.6 9.9 -2.6
v 5.7 9.9 -2.5
v 5.7 9.8 -2.5
v 5.8 9.8 -2.5
v 5.8 9.9 -2.5
v 5.8 9.9 -2.6
v 5.8 9.8 -2.6
v 5.7 9.8 -2.6
v 5.7 9.9 -2.6
v 5.8 9.9 -2.5
v 5.8 9.8 -2.5
v 5.9 9.8 -2.5
v 5.9 9.9 -2.5
v 5.9 9.9 -2.6
v 5.9 9.8 -2.6
v 5.8 9.8 -2.6
v 5.8 9.9 -2.6
v 5.9 9.9 -2.5
v 5.9 9.8 -2.5
v 6 9.8 -2.5
v 6 9.9 -2.5
v 6 9.9 -2.6
v 6 9.8 -2.6
v 5.9 9.8 -2.6
v 5.9 9.9 -2.6
v 6.1 9.9 -2.5
v 6.1 9.8 -2.5
v 6.1 9.8 -2.6
v 6.1 9.9 -2.6
v 6 9.8 -2.5
v 6 9.8 -2.6
v 6.1 9.8 -2.6
v 6.1 9.8 -2.5
v 6 9.9 -2.5
v 6 9.8 -2.5
v 6.1 9.8 -2.5
v 6.1 9.9 -2.5
v 6.1 9.9 -2.6
v 6.1 9.8 -2.6
v 6 9.8 -2.6
v 6 9.9 -2.6
v 8.2 9.9 -2.6
v 8.2 9.8 -2.6
v 8.2 9.8 -2.5
v 8.2 9.9 -2.5
v 8.2 9.9 -2.5
v 8.2 9.8 -2.5
v 8.3 9.8 -2.5
v 8.3 9.9 -2.5
v 8.3 9.9 -2.6
v 8.3 9.8 -2.6
v 8.2 9.8 -2.6
v 8.2 9.9 -2.6
v 8.3 9.9 -2.5
v 8.3 9.8 -2.5
v 8.4 9.8 -2.5
v 8.4 9.9 -2.5
v 8.4 9.9 -2.6
v 8.4 9.8 -2.6
v 8.3 9.8 -2.6
v 8.3 9.9 -2.6
v 8.4 9.9 -2.5
v 8.4 9.8 -2.5
v 8.5 9.8 -2.5
v 8.5 9.9 -2.5
v 8.5 9.9 -2.6
v 8.5 9.8 -2.6
v 8.4 9.8 -2.6
v 8.4 9.9 -2.6
v 8.6 9.9 -2.5
v 8.6 9.8 -2.5
v 8.6 9.8 -2.6
v 8.6 9.9 -2.6
v 8.5 9.9 -2.5
v 8.5 9.8 -2.5
v 8.6 9.8 -2.5
v 8.6 9.9 -2.5
v 8.6 9.9 -2.6
v 8.6 9.8 -2.6
v 8.5 9.8 -2.6
v 8.5 9.9 -2.6
v 9 9.9 -2.6
v 9 9.8 -2.6
v 9 9.8 -2.5
v 9 9.9 -2.5
v 9 9.9 -2.5
v 9 9.8 -2.5
v 9.1 9.8 -2.5
v 9.1 9.9 -2.5
v 9.1 9.9 -2.6
v 9.1 9.8 -2.6
v 9 9.8 -2.6
v 9 9.9 -2.6
v 9.1 9.9 -2.5
v 9.1 9.8 -2.5
v 9.2 9.8 -2.5
v 9.2 9.9 -2.5
v 9.2 9.9 -2.6
v 9.2 9.8 -2.6
v 9.1 9.8 -2.6
v 9.1 9.9 -2.6
v 9.2 9.9 -2.5
v 9.2 9.8 -2.5
v 9.3 9.8 -2.5
v 9.3 9.9 -2.5
v 9.3 9.9 -2.6
v 9.3 9.8 -2.6
v 9.2 9.8 -2.6
v 9.2 9.9 -2.6
v 9.4 9.9 -2.5
v 9.4 9.8 -2.5
v 9.4 9.8 -2.6
v 9.4 9.9 -2.6
v 9.3 9.9 -2.5
v 9.3 9.8 -2.5
v 9.4 9.8 -2.5
v 9.4 9.9 -2.5
v 9.4 9.9 -2.6
v 9.4 9.8 -2.6
v 9.3 9.8 -2.6
v 9.3 9.9 -2.6
v 5.4 9.8 -2.6
v 5.4 9.7 -2.6
v 5.4 9.7 -2.5
v 5.4 9.8 -2.5
v 5.4 9.8 -2.5
v 5.4 9.7 -2.5
v 5.5 9.7 -2.5
v 5.5 9.8 -2.5
v 5.5 9.8 -2.6
v 5.5 9.7 -2.6
v 5.4 9.7 -2.6
v 5.4 9.8 -2.6
v 5.5 9.8 -2.5
v 5.5 9.7 -2.5
v 5.6 9.7 -2.5
v 5.6 9.8 -2.5
v 5.6 9.8 -2.6
v 5.6 9.7 -2.6
v 5.5 9.7 -2.6
v 5.5 9.8 -2.6
v 5.6 9.8 -2.5
v 5.6 9.7 -2.5
v 5.7 9.7 -2.5
v 5.7 9.8 -2.5
v 5.7 9.8 -2.6
v 5.7 9.7 -2.6
v 5.6 9.7 -2.6
v 5.6 9.8 -2.6
v 5.7 9.8 -2.5
v 5.7 9.7 -2.5
v 5.8 9.7 -2.5
v 5.8 9.8 -2.5
v 5.8 9.8 -2.6
v 5.8 9.7 -2.6
v 5.7 9.7 -2.6
v 5.7 9.8 -2.6
v 5.8 9.8 -2.5
v 5.8 9.7 -2.5
v 5.9 9.7 -2.5
v 5.9 9.8 -2.5
v 5.9 9.8 -2.6
v 5.9 9.7 -2.6
v 5.8 9.7 -2.6
v 5.8 9.8 -2.6
v 6 9.8 -2.5
v 6 9.7 -2.5
v 6 9.7 -2.6
v 6 9.8 -2.6
v 5.9 9.8 -2.5
v 5.9 9.7 -2.5
v 6 9.7 -2.5
v 6 9.8 -2.5
v 6 9.8 -2.6
v 6 9.7 -2.6
v 5.9 9.7 -2.6
v 5.9 9.8 -2.6
v 8.2 9.8 -2.6
v 8.2 9.7 -2.6
v 8.2 9.7 -2.5
v 8.2 9.8 -2.5
v 8.2 9.8 -2.5
v 8.2 9.7 -2.5
v 8.3 9.7 -2.5
v 8.3 9.8 -2.5
v 8.3 9.8 -2.6
v 8.3 9.7 -2.6
v 8.2 9.7 -2.6
v 8.2 9.8 -2.6
v 8.3 9.8 -2.5
v 8.3 9.7 -2.5
v 8.4 9.7 -2.5
v 8.4 9.8 -2.5
v 8.4 9.8 -2.6
v 8.4 9.7 -2.6
v 8.3 9.7 -2.6
v 8.3 9.8 -2.6
v 8.4 9.8 -2.5
v 8.4 9.7 -2.5
v 8.5 9.7 -2.5
v 8.5 9.8 -2.5
v 8.5 9.8 -2.6
v 8.5 9.7 -2.6
v 8.4 9.7 -2.6
v 8.4 9.8 -2.6
v 8.6 9.8 -2.5
v 8.6 9.7 -2.5
v 8.6 9.7 -2.6
v 8.6 9.8 -2.6
v 8.5 9.7 -2.5
v 8.5 9.7 -2.6
v 8.6 9.7 -2.6
v 8.6 9.7 -2.5
v 8.5 9.8 -2.5
v 8.5 9.7 -2.5
v 8.6 9.7 -2.5
v 8.6 9.8 -2.5
v 8.6 9.8 -2.6
v 8.6 9.7 -2.6
v 8.5 9.7 -2.6
v 8.5 9.8 -2.6
v 9 9.8 -2.6
v 9 9.7 -2.6
v 9 9.7 -2.5
v 9 9.8 -2.5
v 9 9.8 -2.5
v 9 9.7 -2.5
v 9.1 9.7 -2.5
v 9.1 9.8 -2.5
v 9.1 9.8 -2.6
v 9.1 9.7 -2.6
v 9 9.7 -2.6
v 9 9.8 -2.6
v 9.1 9.8 -2.5
v 9.1 9.7 -2.5
v 9.2 9.7 -2.5
v 9.2 9.8 -2.5
v 9.2 9.8 -2.6
v 9.2 9.7 -2.6
v 9.1 9.7 -2.6
v 9.1 9.8 -2.6
v 9.2 9.8 -2.5
v 9.2 9.7 -2.5
v 9.3 9.7 -2.5
v 9.3 9.8 -2.5
v 9.3 9.8 -2.6
v 9.3 9.7 -2.6
v 9.2 9.7 -2.6
v 9.2 9.8 -2.6
v 9.4 9.8 -2.5
v 9.4 9.7 -2.5
v 9.4 9.7 -2.6
v 9.4 9.8 -2.6
v 9.3 9.8 -2.5
v 9.3 9.7 -2.5
v 9.4 9.7 -2.5
v 9.4 9.8 -2.5
v 9.4 9.8 -2.6
v 9.4 9.7 -2.6
v 9.3 9.7 -2.6
v 9.3 9.8 -2.6
v 5.4 9.7 -2.6
v 5.4 9.6 -2.6
v 5.4 9.6 -2.5
v 5.4 9.7 -2.5
v 5.4 9.7 -2.5
v 5.4 9.6 -2.5
v 5.5 9.6 -2.5
v 5.5 9.7 -2.5
v 5.5 9.7 -2.6
v 5.5 9.6 -2.6
v 5.4 9.6 -2.6
v 5.4 9.7 -2.6
v 5.5 9.7 -2.5
v 5.5 9.6 -2.5
v 5.6 9.6 -2.5
v 5.6 9.7 -2.5
v 5.6 9.7 -2.6
v 5.6 9.6 -2.6
v 5.5 9.6 -2.6
v 5.5 9.7 -2.6
v 5.6 9.7 -2.5
v 5.6 9.6 -2.5
v 5.7 9.6 -2.5
v 5.7 9.7 -2.5
v 5.7 9.7 -2.6
v 5.7 9.6 -2.6
v 5.6 9.6 -2.6
v 5.6 9.7 -2.6
v 5.7 9.7 -2.5
v 5.7 9.6 -2.5
v 5.8 9.6 -2.5
v 5.8 9.7 -2.5
v 5.8 9.7 -2.6
v 5.8 9.6 -2.6
v 5.7 9.6 -2.6
v 5.7 9.7 -2.6
v 5.8 9.7 -2.5
v 5.8 9.6 -2.5
v 5.9 9.6 -2.5
v 5.9 9.7 -2.5
v 5.9 9.7 -2.6
v 5.9 9.6 -2.6
v 5.8 9.6 -2.6
v 5.8 9.7 -2.6
v 6 9.7 -2.5
v 6 9.6 -2.5
v 6 9.6 -2.6
v 6 9.7 -2.6
v 5.9 9.7 -2.5
v 5.9 9.6 -2.5
v 6 9.6 -2.5
v 6 9.7 -2.5
v 6 9.7 -2.6
v 6 9.6 -2.6
v 5.9 9.6 -2.6
v 5.9 9.7 -2.6
v 8.2 9.7 -2.6
v 8.2 9.6 -2.6
v 8.2 9.6 -2.5
v 8.2 9.7 -2.5
v 8.2 9.6 -2.5
v 8.2 9.6 -2.6
v 8.3 9.6 -2.6
v 8.3 9.6 -2.5
v 8.2 9.7 -2.5
v 8.2 9.6 -2.5
v 8.3 9.6 -2.5
v 8.3 9.7 -2.5
v 8.3 9.7 -2.6
v 8.3 9.6 -2.6
v 8.2 9.6 -2.6
v 8.2 9.7 -2.6
v 8.3 9.7 -2.5
v 8.3 9.6 -2.5
v 8.4 9.6 -2.5
v 8.4 9.7 -2.5
v 8.4 9.7 -2.6
v 8.4 9.6 -2.6
v 8.3 9.6 -2.6
v 8.3 9.7 -2.6
v 8.5 9.7 -2.5
v 8.5 9.6 -2.5
v 8.5 9.6 -2.6
v 8.5 9.7 -2.6
v 8.4 9.6 -2.5
v 8.4 9.6 -2.6
v 8.5 9.6 -2.6
v 8.5 9.6 -2.5
v 8.4 9.7 -2.5
v 8.4 9.6 -2.5
v 8.5 9.6 -2.5
v 8.5 9.7 -2.5
v 8.5 9.7 -2.6
v 8.5 9.6 -2.6
v 8.4 9.6 -2.6
v 8.4 9.7 -2.6
v 8.9 9.7 -2.6
v 8.9 9.6 -2.6
v 8.9 9.6 -2.5
v 8.9 9.7 -2.5
v 8.9 9.7 -2.6
v 8.9 9.7 -2.5
v 9 9.7 -2.5
v 9 9.7 -2.6
v 8.9 9.7 -2.5
v 8.9 9.6 -2.5
v 9 9.6 -2.5
v 9 9.7 -2.5
v 9 9.7 -2.6
v 9 9.6 -2.6
v 8.9 9.6 -2.6
v 8.9 9.7 -2.6
v 9 9.7 -2.5
v 9 9.6 -2.5
v 9.1 9.6 -2.5
v 9.1 9.7 -2.5
v 9.1 9.7 -2.6
v 9.1 9.6 -2.6
v 9 9.6 -2.6
v 9 9.7 -2.6
v 9.1 9.7 -2.5
v 9.1 9.6 -2.5
v 9.2 9.6 -2.5
v 9.2 9.7 -2.5
v 9.2 9.7 -2.6
v 9.2 9.6 -2.6
v 9.1 9.6 -2.6
v 9.1 9.7 -2.6
v 9.2 9.7 -2.5
v 9.2 9.6 -2.5
v 9.3 9.6 -2.5
v 9.3 9.7 -2.5
v 9.3 9.7 -2.6
v 9.3 9.6 -2.6
v 9.2 9.6 -2.6
v 9.2 9.7 -2.6
v 9.4 9.7 -2.5
v 9.4 9.6 -2.5
v 9.4 9.6 -2.6
v 9.4 9.7 -2.6
v 9.3 9.7 -2.5
v 9.3 9.6 -2.5
v 9.4 9.6 -2.5
v 9.4 9.7 -2.5
v 9.4 9.7 -2.6
v 9.4 9.6 -2.6
v 9.3 9.6 -2.6
v 9.3 9.7 -2.6
v 5.3 9.6 -2.6
v 5.3 9.5 -2.6
v 5.3 9.5 -2.5
v 5.3 9.6 -2.5
v 5.3 9.6 -2.6
v 5.3 9.6 -2.5
v 5.4 9.6 -2.5
v 5.4 9.6 -2.6
v 5.3 9.6 -2.5
v 5.3 9.5 -2.5
v 5.4 9.5 -2.5
v 5.4 9.6 -2.5
v 5.4 9.6 -2.6
v 5.4 9.5 -2.6
v 5.3 9.5 -2.6
v 5.3 9.6 -2.6
v 5.4 9.6 -2.5
v 5.4 9.5 -2.5
v 5.5 9.5 -2.5
v 5.5 9.6 -2.5
v 5.5 9.6 -2.6
v 5.5 9.5 -2.6
v 5.4 9.5 -2.6
v 5.4 9.6 -2.6
v 5.5 9.6 -2.5
v 5.5 9.5 -2.5
v 5.6 9.5 -2.5
v 5.6 9.6 -2.5
v 5.6 9.6 -2.6
v 5.6 9.5 -2.6
v 5.5 9.5 -2.6
v 5.5 9.6 -2.6
v 5.6 9.6 -2.5
v 5.6 9.5 -2.5
v 5.7 9.5 -2.5
v 5.7 9.6 -2.5
v 5.7 9.6 -2.6
v 5.7 9.5 -2.6
v 5.6 9.5 -2.6
v 5.6 9.6 -2.6
v 5.7 9.6 -2.5
v 5.7 9.5 -2.5
v 5.8 9.5 -2.5
v 5.8 9.6 -2.5
v 5.8 9.6 -2.6
v 5.8 9.5 -2.6
v 5.7 9.5 -2.6
v 5.7 9.6 -2.6
v 5.8 9.6 -2.5
v 5.8 9.5 -2.5
v 5.9 9.5 -2.5
v 5.9 9.6 -2.5
v 5.9 9.6 -2.6
v 5.9 9.5 -2.6
v 5.8 9.5 -2.6
v 5.8 9.6 -2.6
v 6 9.6 -2.5
v 6 9.5 -2.5
v 6 9.5 -2.6
v 6 9.6 -2.6
v 5.9 9.6 -2.5
v 5.9 9.5 -2.5
v 6 9.5 -2.5
v 6 9.6 -2.5
v 6 9.6 -2.6
v 6 9.5 -2.6
v 5.9 9.5 -2.6
v 5.9 9.6 -2.6
v 8.3 9.6 -2.6
v 8.3 9.5 -2.6
v 8.3 9.5 -2.5
v 8.3 9.6 -2.5
v 8.4 9.6 -2.5
v 8.4 9.5 -2.5
v 8.4 9.5 -2.6
v 8.4 9.6 -2.6
v 8.3 9.5 -2.5
v 8.3 9.5 -2.6
v 8.4 9.5 -2.6
v 8.4 9.5 -2.5
v 8.3 9.6 -2.5
v 8.3 9.5 -2.5
v 8.4 9.5 -2.5
v 8.4 9.6 -2.5
v 8.4 9.6 -2.6
v 8.4 9.5 -2.6
v 8.3 9.5 -2.6
v 8.3 9.6 -2.6
v 8.9 9.6 -2.6
v 8.9 9.5 -2.6
v 8.9 9.5 -2.5
v 8.9 9.6 -2.5
v 8.9 9.6 -2.5
v 8.9 9.5 -2.5
v 9 9.5 -2.5
v 9 9.6 -2.5
v 9 9.6 -2.6
v 9 9.5 -2.6
v 8.9 9.5 -2.6
v 8.9 9.6 -2.6
v 9 9.6 -2.5
v 9 9.5 -2.5
v 9.1 9.5 -2.5
v 9.1 9.6 -2.5
v 9.1 9.6 -2.6
v 9.1 9.5 -2.6
v 9 9.5 -2.6
v 9 9.6 -2.6
v 9.1 9.6 -2.5
v 9.1 9.5 -2.5
v 9.2 9.5 -2.5
v 9.2 9.6 -2.5
v 9.2 9.6 -2.6
v 9.2 9.5 -2.6
v 9.1 9.5 -2.6
v 9.1 9.6 -2.6
v 9.2 9.6 -2.5
v 9.2 9.5 -2.5
v 9.3 9.5 -2.5
v 9.3 9.6 -2.5
v 9.3 9.6 -2.6
v 9.3 9.5 -2.6
v 9.2 9.5 -2.6
v 9.2 9.6 -2.6
v 9.4 9.6 -2.5
v 9.4 9.5 -2.5
v 9.4 9.5 -2.6
v 9.4 9.6 -2.6
v 9.3 9.6 -2.5
v 9.3 9.5 -2.5
v 9.4 9.5 -2.5
v 9.4 9.6 -2.5
v 9.4 9.6 -2.6
v 9.4 9.5 -2.6
v 9.3 9.5 -2.6
v 9.3 9.6 -2.6
v 5.3 9.5 -2.6
v 5.3 9.4 -2.6
v 5.3 9.4 -2.5
v 5.3 9.5 -2.5
v 5.3 9.4 -2.5
v 5.3 9.4 -2.6
v 5.4 9.4 -2.6
v 5.4 9.4 -2.5
v 5.3 9.5 -2.5
v 5.3 9.4 -2.5
v 5.4 9.4 -2.5
v 5.4 9.5 -2.5
v 5.4 9.5 -2.6
v 5.4 9.4 -2.6
v 5.3 9.4 -2.6
v 5.3 9.5 -2.6
v 5.4 9.5 -2.5
v 5.4 9.4 -2.5
v 5.5 9.4 -2.5
v 5.5 9.5 -2.5
v 5.5 9.5 -2.6
v 5.5 9.4 -2.6
v 5.4 9.4 -2.6
v 5.4 9.5 -2.6
v 5.5 9.5 -2.5
v 5.5 9.4 -2.5
v 5.6 9.4 -2.5
v 5.6 9.5 -2.5
v 5.6 9.5 -2.6
v 5.6 9.4 -2.6
v 5.5 9.4 -2.6
v 5.5 9.5 -2.6
v 5.6 9.5 -2.5
v 5.6 9.4 -2.5
v 5.7 9.4 -2.5
v 5.7 9.5 -2.5
v 5.7 9.5 -2.6
v 5.7 9.4 -2.6
v 5.6 9.4 -2.6
v 5.6 9.5 -2.6
v 5.7 9.5 -2.5
v 5.7 9.4 -2.5
v 5.8 9.4 -2.5
v 5.8 9.5 -2.5
v 5.8 9.5 -2.6
v 5.8 9.4 -2.6
v 5.7 9.4 -2.6
v 5.7 9.5 -2.6
v 5.8 9.5 -2.5
v 5.8 9.4 -2.5
v 5.9 9.4 -2.5
v 5.9 9.5 -2.5
v 5.9 9.5 -2.6
v 5.9 9.4 -2.6
v 5.8 9.4 -2.6
v 5.8 9.5 -2.6
v 6 9.5 -2.5
v 6 9.4 -2.5
v 6 9.4 -2.6
v 6 9.5 -2.6
v 5.9 9.5 -2.5
v 5.9 9.4 -2.5
v 6 9.4 -2.5
v 6 9.5 -2.5
v 6 9.5 -2.6
v 6 9.4 -2.6
v 5.9 9.4 -2.6
v 5.9 9.5 -2.6
v 8.9 9.5 -2.6
v 8.9 9.4 -2.6
v 8.9 9.4 -2.5
v 8.9 9.5 -2.5
v 8.9 9.5 -2.5
v 8.9 9.4 -2.5
v 9 9.4 -2.5
v 9 9.5 -2.5
v 9 9.5 -2.6
v 9 9.4 -2.6
v 8.9 9.4 -2.6
v 8.9 9.5 -2.6
v 9 9.5 -2.5
v 9 9.4 -2.5
v 9.1 9.4 -2.5
v 9.1 9.5 -2.5
v 9.1 9.5 -2.6
v 9.1 9.4 -2.6
v 9 9.4 -2.6
v 9 9.5 -2.6
v 9.1 9.5 -2.5
v 9.1 9.4 -2.5
v 9.2 9.4 -2.5
v 9.2 9.5 -2.5
v 9.2 9.5 -2.6
v 9.2 9.4 -2.6
v 9.1 9.4 -2.6
v 9.1 9.5 -2.6
v 9.2 9.5 -2.5
v 9.2 9.4 -2.5
v 9.3 9.4 -2.5
v 9.3 9.5 -2.5
v 9.3 9.5 -2.6
v 9.3 9.4 -2.6
v 9.2 9.4 -2.6
v 9.2 9.5 -2.6
v 9.4 9.5 -2.5
v 9.4 9.4 -2.5
v 9.4 9.4 -2.6
v 9.4 9.5 -2.6
v 9.3 9.5 -2.5
v 9.3 9.4 -2.5
v 9.4 9.4 -2.5
v 9.4 9.5 -2.5
v 9.4 9.5 -2.6
v 9.4 9.4 -2.6
v 9.3 9.4 -2.6
v 9.3 9.5 -2.6
v 5.4 9.4 -2.6
v 5.4 9.3 -2.6
v 5.4 9.3 -2.5
v 5.4 9.4 -2.5
v 5.4 9.4 -2.5
v 5.4 9.3 -2.5
v 5.5 9.3 -2.5
v 5.5 9.4 -2.5
v 5.5 9.4 -2.6
v 5.5 9.3 -2.6
v 5.4 9.3 -2.6
v 5.4 9.4 -2.6
v 5.5 9.4 -2.5
v 5.5 9.3 -2.5
v 5.6 9.3 -2.5
v 5.6 9.4 -2.5
v 5.6 9.4 -2.6
v 5.6 9.3 -2.6
v 5.5 9.3 -2.6
v 5.5 9.4 -2.6
v 5.6 9.4 -2.5
v 5.6 9.3 -2.5
v 5.7 9.3 -2.5
v 5.7 9.4 -2.5
v 5.7 9.4 -2.6
v 5.7 9.3 -2.6
v 5.6 9.3 -2.6
v 5.6 9.4 -2.6
v 5.7 9.4 -2.5
v 5.7 9.3 -2.5
v 5.8 9.3 -2.5
v 5.8 9.4 -2.5
v 5.8 9.4 -2.6
v 5.8 9.3 -2.6
v 5.7 9.3 -2.6
v 5.7 9.4 -2.6
v 5.8 9.4 -2.5
v 5.8 9.3 -2.5
v 5.9 9.3 -2.5
v 5.9 9.4 -2.5
v 5.9 9.4 -2.6
v 5.9 9.3 -2.6
v 5.8 9.3 -2.6
v 5.8 9.4 -2.6
v 6 9.4 -2.5
v 6 9.3 -2.5
v 6 9.3 -2.6
v 6 9.4 -2.6
v 5.9 9.4 -2.5
v 5.9 9.3 -2.5
v 6 9.3 -2.5
v 6 9.4 -2.5
v 6 9.4 -2.6
v 6 9.3 -2.6
v 5.9 9.3 -2.6
v 5.9 9.4 -2.6
v 8.9 9.4 -2.6
v 8.9 9.3 -2.6
v 8.9 9.3 -2.5
v 8.9 9.4 -2.5
v 8.9 9.4 -2.5
v 8.9 9.3 -2.5
v 9 9.3 -2.5
v 9 9.4 -2.5
v 9 9.4 -2.6
v 9 9.3 -2.6
v 8.9 9.3 -2.6
v 8.9 9.4 -2.6
v 9 9.4 -2.5
v 9 9.3 -2.5
v 9.1 9.3 -2.5
v 9.1 9.4 -2.5
v 9.1 9.4 -2.6
v 9.1 9.3 -2.6
v 9 9.3 -2.6
v 9 9.4 -2.6
v 9.1 9.4 -2.5
v 9.1 9.3 -2.5
v 9.2 9.3 -2.5
v 9.2 9.4 -2.5
v 9.2 9.4 -2.6
v 9.2 9.3 -2.6
v 9.1 9.3 -2.6
v 9.1 9.4 -2.6
v 9.2 9.4 -2.5
v 9.2 9.3 -2.5
v 9.3 9.3 -2.5
v 9.3 9.4 -2.5
v 9.3 9.4 -2.6
v 9.3 9.3 -2.6
v 9.2 9.3 -2.6
v 9.2 9.4 -2.6
v 9.4 9.4 -2.5
v 9.4 9.3 -2.5
v 9.4 9.3 -2.6
v 9.4 9.4 -2.6
v 9.3 9.4 -2.5
v 9.3 9.3 -2.5
v 9.4 9.3 -2.5
v 9.4 9.4 -2.5
v 9.4 9.4 -2.6
v 9.4 9.3 -2.6
v 9.3 9.3 -2.6
v 9.3 9.4 -2.6
v 5.4 9.3 -2.6
v 5.4 9.2 -2.6
v 5.4 9.2 -2.5
v 5.4 9.3 -2.5
v 5.4 9.3 -2.5
v 5.4 9.2 -2.5
v 5.5 9.2 -2.5
v 5.5 9.3 -2.5
v 5.5 9.3 -2.6
v 5.5 9.2 -2.6
v 5.4 9.2 -2.6
v 5.4 9.3 -2.6
v 5.5 9.3 -2.5
v 5.5 9.2 -2.5
v 5.6 9.2 -2.5
v 5.6 9.3 -2.5
v 5.6 9.3 -2.6
v 5.6 9.2 -2.6
v 5.5 9.2 -2.6
v 5.5 9.3 -2.6
v 5.6 9.3 -2.5
v 5.6 9.2 -2.5
v 5.7 9.2 -2.5
v 5.7 9.3 -2.5
v 5.7 9.3 -2.6
v 5.7 9.2 -2.6
v 5.6 9.2 -2.6
v 5.6 9.3 -2.6
v 5.7 9.3 -2.5
v 5.7 9.2 -2.5
v 5.8 9.2 -2.5
v 5.8 9.3 -2.5
v 5.8 9.3 -2.6
v 5.8 9.2 -2.6
v 5.7 9.2 -2.6
v 5.7 9.3 -2.6
v 5.8 9.3 -2.5
v 5.8 9.2 -2.5
v 5.9 9.2 -2.5
v 5.9 9.3 -2.5
v 5.9 9.3 -2.6
v 5.9 9.2 -2.6
v 5.8 9.2 -2.6
v 5.8 9.3 -2.6
v 5.9 9.3 -2.5
v 5.9 9.2 -2.5
v 6 9.2 -2.5
v 6 9.3 -2.5
v 6 9.3 -2.6
v 6 9.2 -2.6
v 5.9 9.2 -2.6
v 5.9 9.3 -2.6
v 6.1 9.3 -2.5
v 6.1 9.2 -2.5
v 6.1 9.2 -2.6
v 6.1 9.3 -2.6
v 6 9.3 -2.6
v 6 9.3 -2.5
v 6.1 9.3 -2.5
v 6.1 9.3 -2.6
v 6 9.3 -2.5
v 6 9.2 -2.5
v 6.1 9.2 -2.5
v 6.1 9.3 -2.5
v 6.1 9.3 -2.6
v 6.1 9.2 -2.6
v 6 9.2 -2.6
v 6 9.3 -2.6
v 8.8 9.3 -2.6
v 8.8 9.2 -2.6
v 8.8 9.2 -2.5
v 8.8 9.3 -2.5
v 8.8 9.3 -2.6
v 8.8 9.3 -2.5
v 8.9 9.3 -2.5
v 8.9 9.3 -2.6
v 8.8 9.3 -2.5
v 8.8 9.2 -2.5
v 8.9 9.2 -2.5
v 8.9 9.3 -2.5
v 8.9 9.3 -2.6
v 8.9 9.2 -2.6
v 8.8 9.2 -2.6
v 8.8 9.3 -2.6
v 8.9 9.3 -2.5
v 8.9 9.2 -2.5
v 9 9.2 -2.5
v 9 9.3 -2.5
v 9 9.3 -2.6
v 9 9.2 -2.6
v 8.9 9.2 -2.6
v 8.9 9.3 -2.6
v 9 9.3 -2.5
v 9 9.2 -2.5
v 9.1 9.2 -2.5
v 9.1 9.3 -2.5
v 9.1 9.3 -2.6
v 9.1 9.2 -2.6
v 9 9.2 -2.6
v 9 9.3 -2.6
v 9.1 9.3 -2.5
v 9.1 9.2 -2.5
v 9.2 9.2 -2.5
v 9.2 9.3 -2.5
v 9.2 9.3 -2.6
v 9.2 9.2 -2.6
v 9.1 9.2 -2.6
v 9.1 9.3 -2.6
v 9.2 9.3 -2.5
v 9.2 9.2 -2.5
v 9.3 9.2 -2.5
v 9.3 9.3 -2.5
v 9.3 9.3 -2.6
v 9.3 9.2 -2.6
v 9.2 9.2 -2.6
v 9.2 9.3 -2.6
v 9.4 9.3 -2.5
v 9.4 9.2 -2.5
v 9.4 9.2 -2.6
v 9.4 9.3 -2.6
v 9.3 9.3 -2.5
v 9.3 9.2 -2.5
v 9.4 9.2 -2.5
v 9.4 9.3 -2.5
v 9.4 9.3 -2.6
v 9.4 9.2 -2.6
v 9.3 9.2 -2.6
v 9.3 9.3 -2.6
v 5.4 9.2 -2.6
v 5.4 9.1 -2.6
v 5.4 9.1 -2.5
v 5.4 9.2 -2.5
v 5.4 9.1 -2.5
v 5.4 9.1 -2.6
v 5.5 9.1 -2.6
v 5.5 9.1 -2.5
v 5.4 9.2 -2.5
v 5.4 9.1 -2.5
v 5.5 9.1 -2.5
v 5.5 9.2 -2.5
v 5.5 9.2 -2.6
v 5.5 9.1 -2.6
v 5.4 9.1 -2.6
v 5.4 9.2 -2.6
v 5.5 9.2 -2.5
v 5.5 9.1 -2.5
v 5.6 9.1 -2.5
v 5.6 9.2 -2.5
v 5.6 9.2 -2.6
v 5.6 9.1 -2.6
v 5.5 9.1 -2.6
v 5.5 9.2 -2.6
v 5.6 9.2 -2.5
v 5.6 9.1 -2.5
v 5.7 9.1 -2.5
v 5.7 9.2 -2.5
v 5.7 9.2 -2.6
v 5.7 9.1 -2.6
v 5.6 9.1 -2.6
v 5.6 9.2 -2.6
v 5.7 9.2 -2.5
v 5.7 9.1 -2.5
v 5.8 9.1 -2.5
v 5.8 9.2 -2.5
v 5.8 9.2 -2.6
v 5.8 9.1 -2.6
v 5.7 9.1 -2.6
v 5.7 9.2 -2.6
v 5.8 9.2 -2.5
v 5.8 9.1 -2.5
v 5.9 9.1 -2.5
v 5.9 9.2 -2.5
v 5.9 9.2 -2.6
v 5.9 9.1 -2.6
v 5.8 9.1 -2.6
v 5.8 9.2 -2.6
v 5.9 9.2 -2.5
v 5.9 9.1 -2.5
v 6 9.1 -2.5
v 6 9.2 -2.5
v 6 9.2 -2.6
v 6 9.1 -2.6
v 5.9 9.1 -2.6
v 5.9 9.2 -2.6
v 6.1 9.2 -2.5
v 6.1 9.1 -2.5
v 6.1 9.1 -2.6
v 6.1 9.2 -2.6
v 6 9.2 -2.5
v 6 9.1 -2.5
v 6.1 9.1 -2.5
v 6.1 9.2 -2.5
v 6.1 9.2 -2.6
v 6.1 9.1 -2.6
v 6 9.1 -2.6
v 6 9.2 -2.6
v 8.8 9.2 -2.6
v 8.8 9.1 -2.6
v 8.8 9.1 -2.5
v 8.8 9.2 -2.5
v 8.8 9.2 -2.5
v 8.8 9.1 -2.5
v 8.9 9.1 -2.5
v 8.9 9.2 -2.5
v 8.9 9.2 -2.6
v 8.9 9.1 -2.6
v 8.8 9.1 -2.6
v 8.8 9.2 -2.6
v 8.9 9.2 -2.5
v 8.9 9.1 -2.5
v 9 9.1 -2.5
v 9 9.2 -2.5
v 9 9.2 -2.6
v 9 9.1 -2.6
v 8.9 9.1 -2.6
v 8.9 9.2 -2.6
v 9 9.2 -2.5
v 9 9.1 -2.5
v 9.1 9.1 -2.5
v 9.1 9.2 -2.5
v 9.1 9.2 -2.6
v 9.1 9.1 -2.6
v 9 9.1 -2.6
v 9 9.2 -2.6
v 9.1 9.2 -2.5
v 9.1 9.1 -2.5
v 9.2 9.1 -2.5
v 9.2 9.2 -2.5
v 9.2 9.2 -2.6
v 9.2 9.1 -2.6
v 9.1 9.1 -2.6
v 9.1 9.2 -2.6
v 9.2 9.2 -2.5
v 9.2 9.1 -2.5
v 9.3 9.1 -2.5
v 9.3 9.2 -2.5
v 9.3 9.2 -2.6
v 9.3 9.1 -2.6
v 9.2 9.1 -2.6
v 9.2 9.2 -2.6
v 9.4 9.2 -2.5
v 9.4 9.1 -2.5
v 9.4 9.1 -2.6
v 9.4 9.2 -2.6
v 9.3 9.1 -2.5
v 9.3 9.1 -2.6
v 9.4 9.1 -2.6
v 9.4 9.1 -2.5
v 9.3 9.2 -2.5
v 9.3 9.1 -2.5
v 9.4 9.1 -2.5
v 9.4 9.2 -2.5
v 9.4 9.2 -2.6
v 9.4 9.1 -2.6
v 9.3 9.1 -2.6
v 9.3 9.2 -2.6
v 5.5 9.1 -2.6
v 5.5 9 -2.6
v 5.5 9 -2.5
v 5.5 9.1 -2.5
v 5.5 9 -2.5
v 5.5 9 -2.6
v 5.6 9 -2.6
v 5.6 9 -2.5
v 5.5 9.1 -2.5
v 5.5 9 -2.5
v 5.6 9 -2.5
v 5.6 9.1 -2.5
v 5.6 9.1 -2.6
v 5.6 9 -2.6
v 5.5 9 -2.6
v 5.5 9.1 -2.6
v 5.6 9.1 -2.5
v 5.6 9 -2.5
v 5.7 9 -2.5
v 5.7 9.1 -2.5
v 5.7 9.1 -2.6
v 5.7 9 -2.6
v 5.6 9 -2.6
v 5.6 9.1 -2.6
v 5.7 9.1 -2.5
v 5.7 9 -2.5
v 5.8 9 -2.5
v 5.8 9.1 -2.5
v 5.8 9.1 -2.6
v 5.8 9 -2.6
v 5.7 9 -2.6
v 5.7 9.1 -2.6
v 5.8 9.1 -2.5
v 5.8 9 -2.5
v 5.9 9 -2.5
v 5.9 9.1 -2.5
v 5.9 9.1 -2.6
v 5.9 9 -2.6
v 5.8 9 -2.6
v 5.8 9.1 -2.6
v 5.9 9.1 -2.5
v 5.9 9 -2.5
v 6 9 -2.5
v 6 9.1 -2.5
v 6 9.1 -2.6
v 6 9 -2.6
v 5.9 9 -2.6
v 5.9 9.1 -2.6
v 6.1 9.1 -2.5
v 6.1 9 -2.5
v 6.1 9 -2.6
v 6.1 9.1 -2.6
v 6 9.1 -2.5
v 6 9 -2.5
v 6.1 9 -2.5
v 6.1 9.1 -2.5
v 6.1 9.1 -2.6
v 6.1 9 -2.6
v 6 9 -2.6
v 6 9.1 -2.6
v 8.7 9.1 -2.6
v 8.7 9 -2.6
v 8.7 9 -2.5
v 8.7 9.1 -2.5
v 8.7 9.1 -2.6
v 8.7 9.1 -2.5
v 8.8 9.1 -2.5
v 8.8 9.1 -2.6
v 8.7 9.1 -2.5
v 8.7 9 -2.5
v 8.8 9 -2.5
v 8.8 9.1 -2.5
v 8.8 9.1 -2.6
v 8.8 9 -2.6
v 8.7 9 -2.6
v 8.7 9.1 -2.6
v 8.8 9.1 -2.5
v 8.8 9 -2.5
v 8.9 9 -2.5
v 8.9 9.1 -2.5
v 8.9 9.1 -2.6
v 8.9 9 -2.6
v 8.8 9 -2.6
v 8.8 9.1 -2.6
v 8.9 9.1 -2.5
v 8.9 9 -2.5
v 9 9 -2.5
v 9 9.1 -2.5
v 9 9.1 -2.6
v 9 9 -2.6
v 8.9 9 -2.6
v 8.9 9.1 -2.6
v 9 9.1 -2.5
v 9 9 -2.5
v 9.1 9 -2.5
v 9.1 9.1 -2.5
v 9.1 9.1 -2.6
v 9.1 9 -2.6
v 9 9 -2.6
v 9 9.1 -2.6
v 9.1 9.1 -2.5
v 9.1 9 -2.5
v 9.2 9 -2.5
v 9.2 9.1 -2.5
v 9.2 9.1 -2.6
v 9.2 9 -2.6
v 9.1 9 -2.6
v 9.1 9.1 -2.6
v 9.3 9.1 -2.5
v 9.3 9 -2.5
v 9.3 9 -2.6
v 9.3 9.1 -2.6
v 9.2 9.1 -2.5
v 9.2 9 -2.5
v 9.3 9 -2.5
v 9.3 9.1 -2.5
v 9.3 9.1 -2.6
v 9.3 9 -2.6
v 9.2 9 -2.6
v 9.2 9.1 -2.6
v 5.6 9 -2.6
v 5.6 8.9 -2.6
v 5.6 8.9 -2.5
v 5.6 9 -2.5
v 5.6 8.9 -2.5
v 5.6 8.9 -2.6
v 5.7 8.9 -2.6
v 5.7 8.9 -2.5
v 5.6 9 -2.5
v 5.6 8.9 -2.5
v 5.7 8.9 -2.5
v 5.7 9 -2.5
v 5.7 9 -2.6
v 5.7 8.9 -2.6
v 5.6 8.9 -2.6
v 5.6 9 -2.6
v 5.7 9 -2.5
v 5.7 8.9 -2.5
v 5.8 8.9 -2.5
v 5.8 9 -2.5
v 5.8 9 -2.6
v 5.8 8.9 -2.6
v 5.7 8.9 -2.6
v 5.7 9 -2.6
v 5.8 9 -2.5
v 5.8 8.9 -2.5
v 5.9 8.9 -2.5
v 5.9 9 -2.5
v 5.9 9 -2.6
v 5.9 8.9 -2.6
v 5.8 8.9 -2.6
v 5.8 9 -2.6
v 5.9 9 -2.5
v 5.9 8.9 -2.5
v 6 8.9 -2.5
v 6 9 -2.5
v 6 9 -2.6
v 6 8.9 -2.6
v 5.9 8.9 -2.6
v 5.9 9 -2.6
v 6 9 -2.5
v 6 8.9 -2.5
v 6.1 8.9 -2.5
v 6.1 9 -2.5
v 6.1 9 -2.6
v 6.1 8.9 -2.6
v 6 8.9 -2.6
v 6 9 -2.6
v 6.2 9 -2.5
v 6.2 8.9 -2.5
v 6.2 8.9 -2.6
v 6.2 9 -2.6
v 6.1 9 -2.6
v 6.1 9 -2.5
v 6.2 9 -2.5
v 6.2 9 -2.6
v 6.1 9 -2.5
v 6.1 8.9 -2.5
v 6.2 8.9 -2.5
v 6.2 9 -2.5
v 6.2 9 -2.6
v 6.2 8.9 -2.6
v 6.1 8.9 -2.6
v 6.1 9 -2.6
v 8.6 9 -2.6
v 8.6 8.9 -2.6
v 8.6 8.9 -2.5
v 8.6 9 -2.5
v 8.6 9 -2.6
v 8.6 9 -2.5
v 8.7 9 -2.5
v 8.7 9 -2.6
v 8.6 9 -2.5
v 8.6 8.9 -2.5
v 8.7 8.9 -2.5
v 8.7 9 -2.5
v 8.7 9 -2.6
v 8.7 8.9 -2.6
v 8.6 8.9 -2.6
v 8.6 9 -2.6
v 8.7 9 -2.5
v 8.7 8.9 -2.5
v 8.8 8.9 -2.5
v 8.8 9 -2.5
v 8.8 9 -2.6
v 8.8 8.9 -2.6
v 8.7 8.9 -2.6
v 8.7 9 -2.6
v 8.8 9 -2.5
v 8.8 8.9 -2.5
v 8.9 8.9 -2.5
v 8.9 9 -2.5
v 8.9 9 -2.6
v 8.9 8.9 -2.6
v 8.8 8.9 -2.6
v 8.8 9 -2.6
v 8.9 9 -2.5
v 8.9 8.9 -2.5
v 9 8.9 -2.5
v 9 9 -2.5
v 9 9 -2.6
v 9 8.9 -2.6
v 8.9 8.9 -2.6
v 8.9 9 -2.6
v 9 9 -2.5
v 9 8.9 -2.5
v 9.1 8.9 -2.5
v 9.1 9 -2.5
v 9.1 9 -2.6
v 9.1 8.9 -2.6
v 9 8.9 -2.6
v 9 9 -2.6
v 9.1 9 -2.5
v 9.1 8.9 -2.5
v 9.2 8.9 -2.5
v 9.2 9 -2.5
v 9.2 9 -2.6
v 9.2 8.9 -2.6
v 9.1 8.9 -2.6
v 9.1 9 -2.6
v 9.3 9 -2.5
v 9.3 8.9 -2.5
v 9.3 8.9 -2.6
v 9.3 9 -2.6
v 9.2 8.9 -2.5
v 9.2 8.9 -2.6
v 9.3 8.9 -2.6
v 9.3 8.9 -2.5
v 9.2 9 -2.5
v 9.2 8.9 -2.5
v 9.3 8.9 -2.5
v 9.3 9 -2.5
v 9.3 9 -2.6
v 9.3 8.9 -2.6
v 9.2 8.9 -2.6
v 9.2 9 -2.6
v 5.7 8.9 -2.6
v 5.7 8.8 -2.6
v 5.7 8.8 -2.5
v 5.7 8.9 -2.5
v 5.7 8.8 -2.5
v 5.7 8.8 -2.6
v 5.8 8.8 -2.6
v 5.8 8.8 -2.5
v 5.7 8.9 -2.5
v 5.7 8.8 -2.5
v 5.8 8.8 -2.5
v 5.8 8.9 -2.5
v 5.8 8.9 -2.6
v 5.8 8.8 -2.6
v 5.7 8.8 -2.6
v 5.7 8.9 -2.6
v 5.8 8.9 -2.5
v 5.8 8.8 -2.5
v 5.9 8.8 -2.5
v 5.9 8.9 -2.5
v 5.9 8.9 -2.6
v 5.9 8.8 -2.6
v 5.8 8.8 -2.6
v 5.8 8.9 -2.6
v 5.9 8.9 -2.5
v 5.9 8.8 -2.5
v 6 8.8 -2.5
v 6 8.9 -2.5
v 6 8.9 -2.6
v 6 8.8 -2.6
v 5.9 8.8 -2.6
v 5.9 8.9 -2.6
v 6 8.9 -2.5
v 6 8.8 -2.5
v 6.1 8.8 -2.5
v 6.1 8.9 -2.5
v 6.1 8.9 -2.6
v 6.1 8.8 -2.6
v 6 8.8 -2.6
v 6 8.9 -2.6
v 6.1 8.9 -2.5
v 6.1 8.8 -2.5
v 6.2 8.8 -2.5
v 6.2 8.9 -2.5
v 6.2 8.9 -2.6
v 6.2 8.8 -2.6
v 6.1 8.8 -2.6
v 6.1 8.9 -2.6
v 6.3 8.9 -2.5
v 6.3 8.8 -2.5
v 6.3 8.8 -2.6
v 6.3 8.9 -2.6
v 6.2 8.9 -2.6
v 6.2 8.9 -2.5
v 6.3 8.9 -2.5
v 6.3 8.9 -2.6
v 6.2 8.9 -2.5
v 6.2 8.8 -2.5
v 6.3 8.8 -2.5
v 6.3 8.9 -2.5
v 6.3 8.9 -2.6
v 6.3 8.8 -2.6
v 6.2 8.8 -2.6
v 6.2 8.9 -2.6
v 8.4 8.9 -2.6
v 8.4 8.8 -2.6
v 8.4 8.8 -2.5
v 8.4 8.9 -2.5
v 8.4 8.9 -2.6
v 8.4 8.9 -2.5
v 8.5 8.9 -2.5
v 8.5 8.9 -2.6
v 8.4 8.9 -2.5
v 8.4 8.8 -2.5
v 8.5 8.8 -2.5
v 8.5 8.9 -2.5
v 8.5 8.9 -2.6
v 8.5 8.8 -2.6
v 8.4 8.8 -2.6
v 8.4 8.9 -2.6
v 8.5 8.9 -2.6
v 8.5 8.9 -2.5
v 8.6 8.9 -2.5
v 8.6 8.9 -2.6
v 8.5 8.9 -2.5
v 8.5 8.8 -2.5
v 8.6 8.8 -2.5
v 8.6 8.9 -2.5
v 8.6 8.9 -2.6
v 8.6 8.8 -2.6
v 8.5 8.8 -2.6
v 8.5 8.9 -2.6
v 8.6 8.9 -2.5
v 8.6 8.8 -2.5
v 8.7 8.8 -2.5
v 8.7 8.9 -2.5
v 8.7 8.9 -2.6
v 8.7 8.8 -2.6
v 8.6 8.8 -2.6
v 8.6 8.9 -2.6
v 8.7 8.9 -2.5
v 8.7 8.8 -2.5
v 8.8 8.8 -2.5
v 8.8 8.9 -2.5
v 8.8 8.9 -2.6
v 8.8 8.8 -2.6
v 8.7 8.8 -2.6
v 8.7 8.9 -2.6
v 8.8 8.9 -2.5
v 8.8 8.8 -2.5
v 8.9 8.8 -2.5
v 8.9 8.9 -2.5
v 8.9 8.9 -2.6
v 8.9 8.8 -2.6
v 8.8 8.8 -2.6
v 8.8 8.9 -2.6
v 8.9 8.9 -2.5
v 8.9 8.8 -2.5
v 9 8.8 -2.5
v 9 8.9 -2.5
v 9 8.9 -2.6
v 9 8.8 -2.6
v 8.9 8.8 -2.6
v 8.9 8.9 -2.6
v 9 8.9 -2.5
v 9 8.8 -2.5
v 9.1 8.8 -2.5
v 9.1 8.9 -2.5
v 9.1 8.9 -2.6
v 9.1 8.8 -2.6
v 9 8.8 -2.6
v 9 8.9 -2.6
v 9.2 8.9 -2.5
v 9.2 8.8 -2.5
v 9.2 8.8 -2.6
v 9.2 8.9 -2.6
v 9.1 8.9 -2.5
v 9.1 8.8 -2.5
v 9.2 8.8 -2.5
v 9.2 8.9 -2.5
v 9.2 8.9 -2.6
v 9.2 8.8 -2.6
v 9.1 8.8 -2.6
v 9.1 8.9 -2.6
v 5.8 8.8 -2.6
v 5.8 8.7 -2.6
v 5.8 8.7 -2.5
v 5.8 8.8 -2.5
v 5.8 8.7 -2.5
v 5.8 8.7 -2.6
v 5.9 8.7 -2.6
v 5.9 8.7 -2.5
v 5.8 8.8 -2.5
v 5.8 8.7 -2.5
v 5.9 8.7 -2.5
v 5.9 8.8 -2.5
v 5.9 8.8 -2.6
v 5.9 8.7 -2.6
v 5.8 8.7 -2.6
v 5.8 8.8 -2.6
v 5.9 8.8 -2.5
v 5.9 8.7 -2.5
v 6 8.7 -2.5
v 6 8.8 -2.5
v 6 8.8 -2.6
v 6 8.7 -2.6
v 5.9 8.7 -2.6
v 5.9 8.8 -2.6
v 6 8.8 -2.5
v 6 8.7 -2.5
v 6.1 8.7 -2.5
v 6.1 8.8 -2.5
v 6.1 8.8 -2.6
v 6.1 8.7 -2.6
v 6 8.7 -2.6
v 6 8.8 -2.6
v 6.1 8.8 -2.5
v 6.1 8.7 -2.5
v 6.2 8.7 -2.5
v 6.2 8.8 -2.5
v 6.2 8.8 -2.6
v 6.2 8.7 -2.6
v 6.1 8.7 -2.6
v 6.1 8.8 -2.6
v 6.2 8.8 -2.5
v 6.2 8.7 -2.5
v 6.3 8.7 -2.5
v 6.3 8.8 -2.5
v 6.3 8.8 -2.6
v 6.3 8.7 -2.6
v 6.2 8.7 -2.6
v 6.2 8.8 -2.6
v 6.4 8.8 -2.5
v 6.4 8.7 -2.5
v 6.4 8.7 -2.6
v 6.4 8.8 -2.6
v 6.3 8.8 -2.6
v 6.3 8.8 -2.5
v 6.4 8.8 -2.5
v 6.4 8.8 -2.6
v 6.3 8.8 -2.5
v 6.3 8.7 -2.5
v 6.4 8.7 -2.5
v 6.4 8.8 -2.5
v 6.4 8.8 -2.6
v 6.4 8.7 -2.6
v 6.3 8.7 -2.6
v 6.3 8.8 -2.6
v 8.2 8.8 -2.6
v 8.2 8.7 -2.6
v 8.2 8.7 -2.5
v 8.2 8.8 -2.5
v 8.2 8.8 -2.6
v 8.2 8.8 -2.5
v 8.3 8.8 -2.5
v 8.3 8.8 -2.6
v 8.2 8.8 -2.5
v 8.2 8.7 -2.5
v 8.3 8.7 -2.5
v 8.3 8.8 -2.5
v 8.3 8.8 -2.6
v 8.3 8.7 -2.6
v 8.2 8.7 -2.6
v 8.2 8.8 -2.6
v 8.3 8.8 -2.6
v 8.3 8.8 -2.5
v 8.4 8.8 -2.5
v 8.4 8.8 -2.6
v 8.3 8.8 -2.5
v 8.3 8.7 -2.5
v 8.4 8.7 -2.5
v 8.4 8.8 -2.5
v 8.4 8.8 -2.6
v 8.4 8.7 -2.6
v 8.3 8.7 -2.6
v 8.3 8.8 -2.6
v 8.4 8.8 -2.5
v 8.4 8.7 -2.5
v 8.5 8.7 -2.5
v 8.5 8.8 -2.5
v 8.5 8.8 -2.6
v 8.5 8.7 -2.6
v 8.4 8.7 -2.6
v 8.4 8.8 -2.6
v 8.5 8.8 -2.5
v 8.5 8.7 -2.5
v 8.6 8.7 -2.5
v 8.6 8.8 -2.5
v 8.6 8.8 -2.6
v 8.6 8.7 -2.6
v 8.5 8.7 -2.6
v 8.5 8.8 -2.6
v 8.6 8.8 -2.5
v 8.6 8.7 -2.5
v 8.7 8.7 -2.5
v 8.7 8.8 -2.5
v 8.7 8.8 -2.6
v 8.7 8.7 -2.6
v 8.6 8.7 -2.6
v 8.6 8.8 -2.6
v 8.7 8.8 -2.5
v 8.7 8.7 -2.5
v 8.8 8.7 -2.5
v 8.8 8.8 -2.5
v 8.8 8.8 -2.6
v 8.8 8.7 -2.6
v 8.7 8.7 -2.6
v 8.7 8.8 -2.6
v 8.8 8.8 -2.5
v 8.8 8.7 -2.5
v 8.9 8.7 -2.5
v 8.9 8.8 -2.5
v 8.9 8.8 -2.6
v 8.9 8.7 -2.6
v 8.8 8.7 -2.6
v 8.8 8.8 -2.6
v 8.9 8.8 -2.5
v 8.9 8.7 -2.5
v 9 8.7 -2.5
v 9 8.8 -2.5
v 9 8.8 -2.6
v 9 8.7 -2.6
v 8.9 8.7 -2.6
v 8.9 8.8 -2.6
v 9 8.8 -2.5
v 9 8.7 -2.5
v 9.1 8.7 -2.5
v 9.1 8.8 -2.5
v 9.1 8.8 -2.6
v 9.1 8.7 -2.6
v 9 8.7 -2.6
v 9 8.8 -2.6
v 9.2 8.8 -2.5
v 9.2 8.7 -2.5
v 9.2 8.7 -2.6
v 9.2 8.8 -2.6
v 9.1 8.7 -2.5
v 9.1 8.7 -2.6
v 9.2 8.7 -2.6
v 9.2 8.7 -2.5
v 9.1 8.8 -2.5
v 9.1 8.7 -2.5
v 9.2 8.7 -2.5
v 9.2 8.8 -2.5
v 9.2 8.8 -2.6
v 9.2 8.7 -2.6
v 9.1 8.7 -2.6
v 9.1 8.8 -2.6
v 5.9 8.7 -2.6
v 5.9 8.6 -2.6
v 5.9 8.6 -2.5
v 5.9 8.7 -2.5
v 5.9 8.6 -2.5
v 5.9 8.6 -2.6
v 6 8.6 -2.6
v 6 8.6 -2.5
v 5.9 8.7 -2.5
v 5.9 8.6 -2.5
v 6 8.6 -2.5
v 6 8.7 -2.5
v 6 8.7 -2.6
v 6 8.6 -2.6
v 5.9 8.6 -2.6
v 5.9 8.7 -2.6
v 6 8.7 -2.5
v 6 8.6 -2.5
v 6.1 8.6 -2.5
v 6.1 8.7 -2.5
v 6.1 8.7 -2.6
v 6.1 8.6 -2.6
v 6 8.6 -2.6
v 6 8.7 -2.6
v 6.1 8.7 -2.5
v 6.1 8.6 -2.5
v 6.2 8.6 -2.5
v 6.2 8.7 -2.5
v 6.2 8.7 -2.6
v 6.2 8.6 -2.6
v 6.1 8.6 -2.6
v 6.1 8.7 -2.6
v 6.2 8.7 -2.5
v 6.2 8.6 -2.5
v 6.3 8.6 -2.5
v 6.3 8.7 -2.5
v 6.3 8.7 -2.6
v 6.3 8.6 -2.6
v 6.2 8.6 -2.6
v 6.2 8.7 -2.6
v 6.4 8.7 -2.5
v 6.4 8.6 -2.5
v 6.4 8.6 -2.6
v 6.4 8.7 -2.6
v 6.3 8.7 -2.5
v 6.3 8.6 -2.5
v 6.4 8.6 -2.5
v 6.4 8.7 -2.5
v 6.4 8.7 -2.6
v 6.4 8.6 -2.6
v 6.3 8.6 -2.6
v 6.3 8.7 -2.6
v 8.1 8.7 -2.6
v 8.1 8.6 -2.6
v 8.1 8.6 -2.5
v 8.1 8.7 -2.5
v 8.1 8.7 -2.6
v 8.1 8.7 -2.5
v 8.2 8.7 -2.5
v 8.2 8.7 -2.6
v 8.1 8.7 -2.5
v 8.1 8.6 -2.5
v 8.2 8.6 -2.5
v 8.2 8.7 -2.5
v 8.2 8.7 -2.6
v 8.2 8.6 -2.6
v 8.1 8.6 -2.6
v 8.1 8.7 -2.6
v 8.2 8.7 -2.5
v 8.2 8.6 -2.5
v 8.3 8.6 -2.5
v 8.3 8.7 -2.5
v 8.3 8.7 -2.6
v 8.3 8.6 -2.6
v 8.2 8.6 -2.6
v 8.2 8.7 -2.6
v 8.3 8.7 -2.5
v 8.3 8.6 -2.5
v 8.4 8.6 -2.5
v 8.4 8.7 -2.5
v 8.4 8.7 -2.6
v 8.4 8.6 -2.6
v 8.3 8.6 -2.6
v 8.3 8.7 -2.6
v 8.4 8.7 -2.5
v 8.4 8.6 -2.5
v 8.5 8.6 -2.5
v 8.5 8.7 -2.5
v 8.5 8.7 -2.6
v 8.5 8.6 -2.6
v 8.4 8.6 -2.6
v 8.4 8.7 -2.6
v 8.5 8.7 -2.5
v 8.5 8.6 -2.5
v 8.6 8.6 -2.5
v 8.6 8.7 -2.5
v 8.6 8.7 -2.6
v 8.6 8.6 -2.6
v 8.5 8.6 -2.6
v 8.5 8.7 -2.6
v 8.6 8.7 -2.5
v 8.6 8.6 -2.5
v 8.7 8.6 -2.5
v 8.7 8.7 -2.5
v 8.7 8.7 -2.6
v 8.7 8.6 -2.6
v 8.6 8.6 -2.6
v 8.6 8.7 -2.6
v 8.7 8.7 -2.5
v 8.7 8.6 -2.5
v 8.8 8.6 -2.5
v 8.8 8.7 -2.5
v 8.8 8.7 -2.6
v 8.8 8.6 -2.6
v 8.7 8.6 -2.6
v 8.7 8.7 -2.6
v 8.8 8.7 -2.5
v 8.8 8.6 -2.5
v 8.9 8.6 -2.5
v 8.9 8.7 -2.5
v 8.9 8.7 -2.6
v 8.9 8.6 -2.6
v 8.8 8.6 -2.6
v 8.8 8.7 -2.6
v 8.9 8.7 -2.5
v 8.9 8.6 -2.5
v 9 8.6 -2.5
v 9 8.7 -2.5
v 9 8.7 -2.6
v 9 8.6 -2.6
v 8.9 8.6 -2.6
v 8.9 8.7 -2.6
v 9.1 8.7 -2.5
v 9.1 8.6 -2.5
v 9.1 8.6 -2.6
v 9.1 8.7 -2.6
v 9 8.6 -2.5
v 9 8.6 -2.6
v 9.1 8.6 -2.6
v 9.1 8.6 -2.5
v 9 8.7 -2.5
v 9 8.6 -2.5
v 9.1 8.6 -2.5
v 9.1 8.7 -2.5
v 9.1 8.7 -2.6
v 9.1 8.6 -2.6
v 9 8.6 -2.6
v 9 8.7 -2.6
v 6 8.6 -2.6
v 6 8.5 -2.6
v 6 8.5 -2.5
v 6 8.6 -2.5
v 6 8.5 -2.5
v 6 8.5 -2.6
v 6.1 8.5 -2.6
v 6.1 8.5 -2.5
v 6 8.6 -2.5
v 6 8.5 -2.5
v 6.1 8.5 -2.5
v 6.1 8.6 -2.5
v 6.1 8.6 -2.6
v 6.1 8.5 -2.6
v 6 8.5 -2.6
v 6 8.6 -2.6
v 6.1 8.5 -2.5
v 6.1 8.5 -2.6
v 6.2 8.5 -2.6
v 6.2 8.5 -2.5
v 6.1 8.6 -2.5
v 6.1 8.5 -2.5
v 6.2 8.5 -2.5
v 6.2 8.6 -2.5
v 6.2 8.6 -2.6
v 6.2 8.5 -2.6
v 6.1 8.5 -2.6
v 6.1 8.6 -2.6
v 6.2 8.6 -2.5
v 6.2 8.5 -2.5
v 6.3 8.5 -2.5
v 6.3 8.6 -2.5
v 6.3 8.6 -2.6
v 6.3 8.5 -2.6
v 6.2 8.5 -2.6
v 6.2 8.6 -2.6
v 6.3 8.6 -2.5
v 6.3 8.5 -2.5
v 6.4 8.5 -2.5
v 6.4 8.6 -2.5
v 6.4 8.6 -2.6
v 6.4 8.5 -2.6
v 6.3 8.5 -2.6
v 6.3 8.6 -2.6
v 6.5 8.6 -2.5
v 6.5 8.5 -2.5
v 6.5 8.5 -2.6
v 6.5 8.6 -2.6
v 6.4 8.6 -2.6
v 6.4 8.6 -2.5
v 6.5 8.6 -2.5
v 6.5 8.6 -2.6
v 6.4 8.6 -2.5
v 6.4 8.5 -2.5
v 6.5 8.5 -2.5
v 6.5 8.6 -2.5
v 6.5 8.6 -2.6
v 6.5 8.5 -2.6
v 6.4 8.5 -2.6
v 6.4 8.6 -2.6
v 8 8.6 -2.6
v 8 8.5 -2.6
v 8 8.5 -2.5
v 8 8.6 -2.5
v 8 8.6 -2.6
v 8 8.6 -2.5
v 8.1 8.6 -2.5
v 8.1 8.6 -2.6
v 8 8.6 -2.5
v 8 8.5 -2.5
v 8.1 8.5 -2.5
v 8.1 8.6 -2.5
v 8.1 8.6 -2.6
v 8.1 8.5 -2.6
v 8 8.5 -2.6
v 8 8.6 -2.6
v 8.1 8.6 -2.5
v 8.1 8.5 -2.5
v 8.2 8.5 -2.5
v 8.2 8.6 -2.5
v 8.2 8.6 -2.6
v 8.2 8.5 -2.6
v 8.1 8.5 -2.6
v 8.1 8.6 -2.6
v 8.2 8.6 -2.5
v 8.2 8.5 -2.5
v 8.3 8.5 -2.5
v 8.3 8.6 -2.5
v 8.3 8.6 -2.6
v 8.3 8.5 -2.6
v 8.2 8.5 -2.6
v 8.2 8.6 -2.6
v 8.3 8.6 -2.5
v 8.3 8.5 -2.5
v 8.4 8.5 -2.5
v 8.4 8.6 -2.5
v 8.4 8.6 -2.6
v 8.4 8.5 -2.6
v 8.3 8.5 -2.6
v 8.3 8.6 -2.6
v 8.4 8.6 -2.5
v 8.4 8.5 -2.5
v 8.5 8.5 -2.5
v 8.5 8.6 -2.5
v 8.5 8.6 -2.6
v 8.5 8.5 -2.6
v 8.4 8.5 -2.6
v 8.4 8.6 -2.6
v 8.5 8.6 -2.5
v 8.5 8.5 -2.5
v 8.6 8.5 -2.5
v 8.6 8.6 -2.5
v 8.6 8.6 -2.6
v 8.6 8.5 -2.6
v 8.5 8.5 -2.6
v 8.5 8.6 -2.6
v 8.6 8.6 -2.5
v 8.6 8.5 -2.5
v 8.7 8.5 -2.5
v 8.7 8.6 -2.5
v 8.7 8.6 -2.6
v 8.7 8.5 -2.6
v 8.6 8.5 -2.6
v 8.6 8.6 -2.6
v 8.7 8.6 -2.5
v 8.7 8.5 -2.5
v 8.8 8.5 -2.5
v 8.8 8.6 -2.5
v 8.8 8.6 -2.6
v 8.8 8.5 -2.6
v 8.7 8.5 -2.6
v 8.7 8.6 -2.6
v 8.8 8.6 -2.5
v 8.8 8.5 -2.5
v 8.9 8.5 -2.5
v 8.9 8.6 -2.5
v 8.9 8.6 -2.6
v 8.9 8.5 -2.6
v 8.8 8.5 -2.6
v 8.8 8.6 -2.6
v 9 8.6 -2.5
v 9 8.5 -2.5
v 9 8.5 -2.6
v 9 8.6 -2.6
v 8.9 8.6 -2.5
v 8.9 8.5 -2.5
v 9 8.5 -2.5
v 9 8.6 -2.5
v 9 8.6 -2.6
v 9 8.5 -2.6
v 8.9 8.5 -2.6
v 8.9 8.6 -2.6
v 6.2 8.5 -2.6
v 6.2 8.4 -2.6
v 6.2 8.4 -2.5
v 6.2 8.5 -2.5
v 6.2 8.4 -2.5
v 6.2 8.4 -2.6
v 6.3 8.4 -2.6
v 6.3 8.4 -2.5
v 6.2 8.5 -2.5
v 6.2 8.4 -2.5
v 6.3 8.4 -2.5
v 6.3 8.5 -2.5
v 6.3 8.5 -2.6
v 6.3 8.4 -2.6
v 6.2 8.4 -2.6
v 6.2 8.5 -2.6
v 6.3 8.4 -2.5
v 6.3 8.4 -2.6
v 6.4 8.4 -2.6
v 6.4 8.4 -2.5
v 6.3 8.5 -2.5
v 6.3 8.4 -2.5
v 6.4 8.4 -2.5
v 6.4 8.5 -2.5
v 6.4 8.5 -2.6
v 6.4 8.4 -2.6
v 6.3 8.4 -2.6
v 6.3 8.5 -2.6
v 6.5 8.5 -2.5
v 6.5 8.4 -2.5
v 6.5 8.4 -2.6
v 6.5 8.5 -2.6
v 6.4 8.4 -2.5
v 6.4 8.4 -2.6
v 6.5 8.4 -2.6
v 6.5 8.4 -2.5
v 6.4 8.5 -2.5
v 6.4 8.4 -2.5
v 6.5 8.4 -2.5
v 6.5 8.5 -2.5
v 6.5 8.5 -2.6
v 6.5 8.4 -2.6
v 6.4 8.4 -2.6
v 6.4 8.5 -2.6
v 7.8 8.5 -2.6
v 7.8 8.4 -2.6
v 7.8 8.4 -2.5
v 7.8 8.5 -2.5
v 7.8 8.5 -2.6
v 7.8 8.5 -2.5
v 7.9 8.5 -2.5
v 7.9 8.5 -2.6
v 7.8 8.5 -2.5
v 7.8 8.4 -2.5
v 7.9 8.4 -2.5
v 7.9 8.5 -2.5
v 7.9 8.5 -2.6
v 7.9 8.4 -2.6
v 7.8 8.4 -2.6
v 7.8 8.5 -2.6
v 7.9 8.5 -2.6
v 7.9 8.5 -2.5
v 8 8.5 -2.5
v 8 8.5 -2.6
v 7.9 8.5 -2.5
v 7.9 8.4 -2.5
v 8 8.4 -2.5
v 8 8.5 -2.5
v 8 8.5 -2.6
v 8 8.4 -2.6
v 7.9 8.4 -2.6
v 7.9 8.5 -2.6
v 8 8.5 -2.5
v 8 8.4 -2.5
v 8.1 8.4 -2.5
v 8.1 8.5 -2.5
v 8.1 8.5 -2.6
v 8.1 8.4 -2.6
v 8 8.4 -2.6
v 8 8.5 -2.6
v 8.1 8.5 -2.5
v 8.1 8.4 -2.5
v 8.2 8.4 -2.5
v 8.2 8.5 -2.5
v 8.2 8.5 -2.6
v 8.2 8.4 -2.6
v 8.1 8.4 -2.6
v 8.1 8.5 -2.6
v 8.2 8.5 -2.5
v 8.2 8.4 -2.5
v 8.3 8.4 -2.5
v 8.3 8.5 -2.5
v 8.3 8.5 -2.6
v 8.3 8.4 -2.6
v 8.2 8.4 -2.6
v 8.2 8.5 -2.6
v 8.3 8.5 -2.5
v 8.3 8.4 -2.5
v 8.4 8.4 -2.5
v 8.4 8.5 -2.5
v 8.4 8.5 -2.6
v 8.4 8.4 -2.6
v 8.3 8.4 -2.6
v 8.3 8.5 -2.6
v 8.4 8.5 -2.5
v 8.4 8.4 -2.5
v 8.5 8.4 -2.5
v 8.5 8.5 -2.5
v 8.5 8.5 -2.6
v 8.5 8.4 -2.6
v 8.4 8.4 -2.6
v 8.4 8.5 -2.6
v 8.5 8.5 -2.5
v 8.5 8.4 -2.5
v 8.6 8.4 -2.5
v 8.6 8.5 -2.5
v 8.6 8.5 -2.6
v 8.6 8.4 -2.6
v 8.5 8.4 -2.6
v 8.5 8.5 -2.6
v 8.6 8.5 -2.5
v 8.6 8.4 -2.5
v 8.7 8.4 -2.5
v 8.7 8.5 -2.5
v 8.7 8.5 -2.6
v 8.7 8.4 -2.6
v 8.6 8.4 -2.6
v 8.6 8.5 -2.6
v 8.7 8.5 -2.5
v 8.7 8.4 -2.5
v 8.8 8.4 -2.5
v 8.8 8.5 -2.5
v 8.8 8.5 -2.6
v 8.8 8.4 -2.6
v 8.7 8.4 -2.6
v 8.7 8.5 -2.6
v 8.8 8.5 -2.5
v 8.8 8.4 -2.5
v 8.9 8.4 -2.5
v 8.9 8.5 -2.5
v 8.9 8.5 -2.6
v 8.9 8.4 -2.6
v 8.8 8.4 -2.6
v 8.8 8.5 -2.6
v 9 8.5 -2.5
v 9 8.4 -2.5
v 9 8.4 -2.6
v 9 8.5 -2.6
v 8.9 8.4 -2.5
v 8.9 8.4 -2.6
v 9 8.4 -2.6
v 9 8.4 -2.5
v 8.9 8.5 -2.5
v 8.9 8.4 -2.5
v 9 8.4 -2.5
v 9 8.5 -2.5
v 9 8.5 -2.6
v 9 8.4 -2.6
v 8.9 8.4 -2.6
v 8.9 8.5 -2.6
v 6 8.4 -2.6
v 6 8.3 -2.6
v 6 8.3 -2.5
v 6 8.4 -2.5
v 6.1 8.4 -2.5
v 6.1 8.3 -2.5
v 6.1 8.3 -2.6
v 6.1 8.4 -2.6
v 6 8.4 -2.6
v 6 8.4 -2.5
v 6.1 8.4 -2.5
v 6.1 8.4 -2.6
v 6 8.4 -2.5
v 6 8.3 -2.5
v 6.1 8.3 -2.5
v 6.1 8.4 -2.5
v 6.1 8.4 -2.6
v 6.1 8.3 -2.6
v 6 8.3 -2.6
v 6 8.4 -2.6
v 6.5 8.4 -2.6
v 6.5 8.3 -2.6
v 6.5 8.3 -2.5
v 6.5 8.4 -2.5
v 6.6 8.4 -2.5
v 6.6 8.3 -2.5
v 6.6 8.3 -2.6
v 6.6 8.4 -2.6
v 6.5 8.4 -2.6
v 6.5 8.4 -2.5
v 6.6 8.4 -2.5
v 6.6 8.4 -2.6
v 6.5 8.3 -2.5
v 6.5 8.3 -2.6
v 6.6 8.3 -2.6
v 6.6 8.3 -2.5
v 6.5 8.4 -2.5
v 6.5 8.3 -2.5
v 6.6 8.3 -2.5
v 6.6 8.4 -2.5
v 6.6 8.4 -2.6
v 6.6 8.3 -2.6
v 6.5 8.3 -2.6
v 6.5 8.4 -2.6
v 7.6 8.4 -2.6
v 7.6 8.3 -2.6
v 7.6 8.3 -2.5
v 7.6 8.4 -2.5
v 7.6 8.4 -2.6
v 7.6 8.4 -2.5
v 7.7 8.4 -2.5
v 7.7 8.4 -2.6
v 7.6 8.4 -2.5
v 7.6 8.3 -2.5
v 7.7 8.3 -2.5
v 7.7 8.4 -2.5
v 7.7 8.4 -2.6
v 7.7 8.3 -2.6
v 7.6 8.3 -2.6
v 7.6 8.4 -2.6
v 7.7 8.4 -2.6
v 7.7 8.4 -2.5
v 7.8 8.4 -2.5
v 7.8 8.4 -2.6
v 7.7 8.4 -2.5
v 7.7 8.3 -2.5
v 7.8 8.3 -2.5
v 7.8 8.4 -2.5
v 7.8 8.4 -2.6
v 7.8 8.3 -2.6
v 7.7 8.3 -2.6
v 7.7 8.4 -2.6
v 7.8 8.4 -2.5
v 7.8 8.3 -2.5
v 7.9 8.3 -2.5
v 7.9 8.4 -2.5
v 7.9 8.4 -2.6
v 7.9 8.3 -2.6
v 7.8 8.3 -2.6
v 7.8 8.4 -2.6
v 7.9 8.4 -2.5
v 7.9 8.3 -2.5
v 8 8.3 -2.5
v 8 8.4 -2.5
v 8 8.4 -2.6
v 8 8.3 -2.6
v 7.9 8.3 -2.6
v 7.9 8.4 -2.6
v 8 8.4 -2.5
v 8 8.3 -2.5
v 8.1 8.3 -2.5
v 8.1 8.4 -2.5
v 8.1 8.4 -2.6
v 8.1 8.3 -2.6
v 8 8.3 -2.6
v 8 8.4 -2.6
v 8.1 8.4 -2.5
v 8.1 8.3 -2.5
v 8.2 8.3 -2.5
v 8.2 8.4 -2.5
v 8.2 8.4 -2.6
v 8.2 8.3 -2.6
v 8.1 8.3 -2.6
v 8.1 8.4 -2.6
v 8.2 8.4 -2.5
v 8.2 8.3 -2.5
v 8.3 8.3 -2.5
v 8.3 8.4 -2.5
v 8.3 8.4 -2.6
v 8.3 8.3 -2.6
v 8.2 8.3 -2.6
v 8.2 8.4 -2.6
v 8.3 8.4 -2.5
v 8.3 8.3 -2.5
v 8.4 8.3 -2.5
v 8.4 8.4 -2.5
v 8.4 8.4 -2.6
v 8.4 8.3 -2.6
v 8.3 8.3 -2.6
v 8.3 8.4 -2.6
v 8.4 8.4 -2.5
v 8.4 8.3 -2.5
v 8.5 8.3 -2.5
v 8.5 8.4 -2.5
v 8.5 8.4 -2.6
v 8.5 8.3 -2.6
v 8.4 8.3 -2.6
v 8.4 8.4 -2.6
v 8.5 8.4 -2.5
v 8.5 8.3 -2.5
v 8.6 8.3 -2.5
v 8.6 8.4 -2.5
v 8.6 8.4 -2.6
v 8.6 8.3 -2.6
v 8.5 8.3 -2.6
v 8.5 8.4 -2.6
v 8.6 8.4 -2.5
v 8.6 8.3 -2.5
v 8.7 8.3 -2.5
v 8.7 8.4 -2.5
v 8.7 8.4 -2.6
v 8.7 8.3 -2.6
v 8.6 8.3 -2.6
v 8.6 8.4 -2.6
v 8.7 8.4 -2.5
v 8.7 8.3 -2.5
v 8.8 8.3 -2.5
v 8.8 8.4 -2.5
v 8.8 8.4 -2.6
v 8.8 8.3 -2.6
v 8.7 8.3 -2.6
v 8.7 8.4 -2.6
v 8.9 8.4 -2.5
v 8.9 8.3 -2.5
v 8.9 8.3 -2.6
v 8.9 8.4 -2.6
v 8.8 8.3 -2.5
v 8.8 8.3 -2.6
v 8.9 8.3 -2.6
v 8.9 8.3 -2.5
v 8.8 8.4 -2.5
v 8.8 8.3 -2.5
v 8.9 8.3 -2.5
v 8.9 8.4 -2.5
v 8.9 8.4 -2.6
v 8.9 8.3 -2.6
v 8.8 8.3 -2.6
v 8.8 8.4 -2.6
v 5.9 8.3 -2.6
v 5.9 8.2 -2.6
v 5.9 8.2 -2.5
v 5.9 8.3 -2.5
v 5.9 8.3 -2.6
v 5.9 8.3 -2.5
v 6 8.3 -2.5
v 6 8.3 -2.6
v 5.9 8.3 -2.5
v 5.9 8.2 -2.5
v 6 8.2 -2.5
v 6 8.3 -2.5
v 6 8.3 -2.6
v 6 8.2 -2.6
v 5.9 8.2 -2.6
v 5.9 8.3 -2.6
v 6 8.3 -2.5
v 6 8.2 -2.5
v 6.1 8.2 -2.5
v 6.1 8.3 -2.5
v 6.1 8.3 -2.6
v 6.1 8.2 -2.6
v 6 8.2 -2.6
v 6 8.3 -2.6
v 6.2 8.3 -2.5
v 6.2 8.2 -2.5
v 6.2 8.2 -2.6
v 6.2 8.3 -2.6
v 6.1 8.3 -2.6
v 6.1 8.3 -2.5
v 6.2 8.3 -2.5
v 6.2 8.3 -2.6
v 6.1 8.3 -2.5
v 6.1 8.2 -2.5
v 6.2 8.2 -2.5
v 6.2 8.3 -2.5
v 6.2 8.3 -2.6
v 6.2 8.2 -2.6
v 6.1 8.2 -2.6
v 6.1 8.3 -2.6
v 6.8 8.3 -2.6
v 6.8 8.2 -2.6
v 6.8 8.2 -2.5
v 6.8 8.3 -2.5
v 6.8 8.3 -2.6
v 6.8 8.3 -2.5
v 6.9 8.3 -2.5
v 6.9 8.3 -2.6
v 6.8 8.3 -2.5
v 6.8 8.2 -2.5
v 6.9 8.2 -2.5
v 6.9 8.3 -2.5
v 6.9 8.3 -2.6
v 6.9 8.2 -2.6
v 6.8 8.2 -2.6
v 6.8 8.3 -2.6
v 6.9 8.3 -2.6
v 6.9 8.3 -2.5
v 7 8.3 -2.5
v 7 8.3 -2.6
v 6.9 8.3 -2.5
v 6.9 8.2 -2.5
v 7 8.2 -2.5
v 7 8.3 -2.5
v 7 8.3 -2.6
v 7 8.2 -2.6
v 6.9 8.2 -2.6
v 6.9 8.3 -2.6
v 7 8.3 -2.6
v 7 8.3 -2.5
v 7.1 8.3 -2.5
v 7.1 8.3 -2.6
v 7 8.3 -2.5
v 7 8.2 -2.5
v 7.1 8.2 -2.5
v 7.1 8.3 -2.5
v 7.1 8.3 -2.6
v 7.1 8.2 -2.6
v 7 8.2 -2.6
v 7 8.3 -2.6
v 7.1 8.3 -2.6
v 7.1 8.3 -2.5
v 7.2 8.3 -2.5
v 7.2 8.3 -2.6
v 7.1 8.3 -2.5
v 7.1 8.2 -2.5
v 7.2 8.2 -2.5
v 7.2 8.3 -2.5
v 7.2 8.3 -2.6
v 7.2 8.2 -2.6
v 7.1 8.2 -2.6
v 7.1 8.3 -2.6
v 7.2 8.3 -2.6
v 7.2 8.3 -2.5
v 7.3 8.3 -2.5
v 7.3 8.3 -2.6
v 7.2 8.3 -2.5
v 7.2 8.2 -2.5
v 7.3 8.2 -2.5
v 7.3 8.3 -2.5
v 7.3 8.3 -2.6
v 7.3 8.2 -2.6
v 7.2 8.2 -2.6
v 7.2 8.3 -2.6
v 7.3 8.3 -2.6
v 7.3 8.3 -2.5
v 7.4 8.3 -2.5
v 7.4 8.3 -2.6
v 7.3 8.3 -2.5
v 7.3 8.2 -2.5
v 7.4 8.2 -2.5
v 7.4 8.3 -2.5
v 7.4 8.3 -2.6
v 7.4 8.2 -2.6
v 7.3 8.2 -2.6
v 7.3 8.3 -2.6
v 7.4 8.3 -2.6
v 7.4 8.3 -2.5
v 7.5 8.3 -2.5
v 7.5 8.3 -2.6
v 7.4 8.3 -2.5
v 7.4 8.2 -2.5
v 7.5 8.2 -2.5
v 7.5 8.3 -2.5
v 7.5 8.3 -2.6
v 7.5 8.2 -2.6
v 7.4 8.2 -2.6
v 7.4 8.3 -2.6
v 7.5 8.3 -2.6
v 7.5 8.3 -2.5
v 7.6 8.3 -2.5
v 7.6 8.3 -2.6
v 7.5 8.3 -2.5
v 7.5 8.2 -2.5
v 7.6 8.2 -2.5
v 7.6 8.3 -2.5
v 7.6 8.3 -2.6
v 7.6 8.2 -2.6
v 7.5 8.2 -2.6
v 7.5 8.3 -2.6
v 7.6 8.3 -2.5
v 7.6 8.2 -2.5
v 7.7 8.2 -2.5
v 7.7 8.3 -2.5
v 7.7 8.3 -2.6
v 7.7 8.2 -2.6
v 7.6 8.2 -2.6
v 7.6 8.3 -2.6
v 7.7 8.3 -2.5
v 7.7 8.2 -2.5
v 7.8 8.2 -2.5
v 7.8 8.3 -2.5
v 7.8 8.3 -2.6
v 7.8 8.2 -2.6
v 7.7 8.2 -2.6
v 7.7 8.3 -2.6
v 7.8 8.3 -2.5
v 7.8 8.2 -2.5
v 7.9 8.2 -2.5
v 7.9 8.3 -2.5
v 7.9 8.3 -2.6
v 7.9 8.2 -2.6
v 7.8 8.2 -2.6
v 7.8 8.3 -2.6
v 7.9 8.3 -2.5
v 7.9 8.2 -2.5
v 8 8.2 -2.5
v 8 8.3 -2.5
v 8 8.3 -2.6
v 8 8.2 -2.6
v 7.9 8.2 -2.6
v 7.9 8.3 -2.6
v 8 8.3 -2.5
v 8 8.2 -2.5
v 8.1 8.2 -2.5
v 8.1 8.3 -2.5
v 8.1 8.3 -2.6
v 8.1 8.2 -2.6
v 8 8.2 -2.6
v 8 8.3 -2.6
v 8.1 8.3 -2.5
v 8.1 8.2 -2.5
v 8.2 8.2 -2.5
v 8.2 8.3 -2.5
v 8.2 8.3 -2.6
v 8.2 8.2 -2.6
v 8.1 8.2 -2.6
v 8.1 8.3 -2.6
v 8.2 8.3 -2.5
v 8.2 8.2 -2.5
v 8.3 8.2 -2.5
v 8.3 8.3 -2.5
v 8.3 8.3 -2.6
v 8.3 8.2 -2.6
v 8.2 8.2 -2.6
v 8.2 8.3 -2.6
v 8.3 8.3 -2.5
v 8.3 8.2 -2.5
v 8.4 8.2 -2.5
v 8.4 8.3 -2.5
v 8.4 8.3 -2.6
v 8.4 8.2 -2.6
v 8.3 8.2 -2.6
v 8.3 8.3 -2.6
v 8.4 8.3 -2.5
v 8.4 8.2 -2.5
v 8.5 8.2 -2.5
v 8.5 8.3 -2.5
v 8.5 8.3 -2.6
v 8.5 8.2 -2.6
v 8.4 8.2 -2.6
v 8.4 8.3 -2.6
v 8.5 8.3 -2.5
v 8.5 8.2 -2.5
v 8.6 8.2 -2.5
v 8.6 8.3 -2.5
v 8.6 8.3 -2.6
v 8.6 8.2 -2.6
v 8.5 8.2 -2.6
v 8.5 8.3 -2.6
v 8.6 8.3 -2.5
v 8.6 8.2 -2.5
v 8.7 8.2 -2.5
v 8.7 8.3 -2.5
v 8.7 8.3 -2.6
v 8.7 8.2 -2.6
v 8.6 8.2 -2.6
v 8.6 8.3 -2.6
v 8.8 8.3 -2.5
v 8.8 8.2 -2.5
v 8.8 8.2 -2.6
v 8.8 8.3 -2.6
v 8.7 8.2 -2.5
v 8.7 8.2 -2.6
v 8.8 8.2 -2.6
v 8.8 8.2 -2.5
v 8.7 8.3 -2.5
v 8.7 8.2 -2.5
v 8.8 8.2 -2.5
v 8.8 8.3 -2.5
v 8.8 8.3 -2.6
v 8.8 8.2 -2.6
v 8.7 8.2 -2.6
v 8.7 8.3 -2.6
v 5.9 8.2 -2.6
v 5.9 8.1 -2.6
v 5.9 8.1 -2.5
v 5.9 8.2 -2.5
v 5.9 8.2 -2.5
v 5.9 8.1 -2.5
v 6 8.1 -2.5
v 6 8.2 -2.5
v 6 8.2 -2.6
v 6 8.1 -2.6
v 5.9 8.1 -2.6
v 5.9 8.2 -2.6
v 6 8.2 -2.5
v 6 8.1 -2.5
v 6.1 8.1 -2.5
v 6.1 8.2 -2.5
v 6.1 8.2 -2.6
v 6.1 8.1 -2.6
v 6 8.1 -2.6
v 6 8.2 -2.6
v 6.1 8.2 -2.5
v 6.1 8.1 -2.5
v 6.2 8.1 -2.5
v 6.2 8.2 -2.5
v 6.2 8.2 -2.6
v 6.2 8.1 -2.6
v 6.1 8.1 -2.6
v 6.1 8.2 -2.6
v 6.3 8.2 -2.5
v 6.3 8.1 -2.5
v 6.3 8.1 -2.6
v 6.3 8.2 -2.6
v 6.2 8.2 -2.6
v 6.2 8.2 -2.5
v 6.3 8.2 -2.5
v 6.3 8.2 -2.6
v 6.2 8.2 -2.5
v 6.2 8.1 -2.5
v 6.3 8.1 -2.5
v 6.3 8.2 -2.5
v 6.3 8.2 -2.6
v 6.3 8.1 -2.6
v 6.2 8.1 -2.6
v 6.2 8.2 -2.6
v 6.7 8.2 -2.6
v 6.7 8.1 -2.6
v 6.7 8.1 -2.5
v 6.7 8.2 -2.5
v 6.7 8.2 -2.6
v 6.7 8.2 -2.5
v 6.8 8.2 -2.5
v 6.8 8.2 -2.6
v 6.7 8.1 -2.5
v 6.7 8.1 -2.6
v 6.8 8.1 -2.6
v 6.8 8.1 -2.5
v 6.7 8.2 -2.5
v 6.7 8.1 -2.5
v 6.8 8.1 -2.5
v 6.8 8.2 -2.5
v 6.8 8.2 -2.6
v 6.8 8.1 -2.6
v 6.7 8.1 -2.6
v 6.7 8.2 -2.6
v 6.8 8.2 -2.5
v 6.8 8.1 -2.5
v 6.9 8.1 -2.5
v 6.9 8.2 -2.5
v 6.9 8.2 -2.6
v 6.9 8.1 -2.6
v 6.8 8.1 -2.6
v 6.8 8.2 -2.6
v 6.9 8.2 -2.5
v 6.9 8.1 -2.5
v 7 8.1 -2.5
v 7 8.2 -2.5
v 7 8.2 -2.6
v 7 8.1 -2.6
v 6.9 8.1 -2.6
v 6.9 8.2 -2.6
v 7 8.2 -2.5
v 7 8.1 -2.5
v 7.1 8.1 -2.5
v 7.1 8.2 -2.5
v 7.1 8.2 -2.6
v 7.1 8.1 -2.6
v 7 8.1 -2.6
v 7 8.2 -2.6
v 7.1 8.2 -2.5
v 7.1 8.1 -2.5
v 7.2 8.1 -2.5
v 7.2 8.2 -2.5
v 7.2 8.2 -2.6
v 7.2 8.1 -2.6
v 7.1 8.1 -2.6
v 7.1 8.2 -2.6
v 7.2 8.2 -2.5
v 7.2 8.1 -2.5
v 7.3 8.1 -2.5
v 7.3 8.2 -2.5
v 7.3 8.2 -2.6
v 7.3 8.1 -2.6
v 7.2 8.1 -2.6
v 7.2 8.2 -2.6
v 7.3 8.2 -2.5
v 7.3 8.1 -2.5
v 7.4 8.1 -2.5
v 7.4 8.2 -2.5
v 7.4 8.2 -2.6
v 7.4 8.1 -2.6
v 7.3 8.1 -2.6
v 7.3 8.2 -2.6
v 7.4 8.2 -2.5
v 7.4 8.1 -2.5
v 7.5 8.1 -2.5
v 7.5 8.2 -2.5
v 7.5 8.2 -2.6
v 7.5 8.1 -2.6
v 7.4 8.1 -2.6
v 7.4 8.2 -2.6
v 7.5 8.2 -2.5
v 7.5 8.1 -2.5
v 7.6 8.1 -2.5
v 7.6 8.2 -2.5
v 7.6 8.2 -2.6
v 7.6 8.1 -2.6
v 7.5 8.1 -2.6
v 7.5 8.2 -2.6
v 7.6 8.2 -2.5
v 7.6 8.1 -2.5
v 7.7 8.1 -2.5
v 7.7 8.2 -2.5
v 7.7 8.2 -2.6
v 7.7 8.1 -2.6
v 7.6 8.1 -2.6
v 7.6 8.2 -2.6
v 7.7 8.2 -2.5
v 7.7 8.1 -2.5
v 7.8 8.1 -2.5
v 7.8 8.2 -2.5
v 7.8 8.2 -2.6
v 7.8 8.1 -2.6
v 7.7 8.1 -2.6
v 7.7 8.2 -2.6
v 7.8 8.2 -2.5
v 7.8 8.1 -2.5
v 7.9 8.1 -2.5
v 7.9 8.2 -2.5
v 7.9 8.2 -2.6
v 7.9 8.1 -2.6
v 7.8 8.1 -2.6
v 7.8 8.2 -2.6
v 7.9 8.2 -2.5
v 7.9 8.1 -2.5
v 8 8.1 -2.5
v 8 8.2 -2.5
v 8 8.2 -2.6
v 8 8.1 -2.6
v 7.9 8.1 -2.6
v 7.9 8.2 -2.6
v 8 8.2 -2.5
v 8 8.1 -2.5
v 8.1 8.1 -2.5
v 8.1 8.2 -2.5
v 8.1 8.2 -2.6
v 8.1 8.1 -2.6
v 8 8.1 -2.6
v 8 8.2 -2.6
v 8.1 8.2 -2.5
v 8.1 8.1 -2.5
v 8.2 8.1 -2.5
v 8.2 8.2 -2.5
v 8.2 8.2 -2.6
v 8.2 8.1 -2.6
v 8.1 8.1 -2.6
v 8.1 8.2 -2.6
v 8.2 8.2 -2.5
v 8.2 8.1 -2.5
v 8.3 8.1 -2.5
v 8.3 8.2 -2.5
v 8.3 8.2 -2.6
v 8.3 8.1 -2.6
v 8.2 8.1 -2.6
v 8.2 8.2 -2.6
v 8.3 8.2 -2.5
v 8.3 8.1 -2.5
v 8.4 8.1 -2.5
v 8.4 8.2 -2.5
v 8.4 8.2 -2.6
v 8.4 8.1 -2.6
v 8.3 8.1 -2.6
v 8.3 8.2 -2.6
v 8.4 8.2 -2.5
v 8.4 8.1 -2.5
v 8.5 8.1 -2.5
v 8.5 8.2 -2.5
v 8.5 8.2 -2.6
v 8.5 8.1 -2.6
v 8.4 8.1 -2.6
v 8.4 8.2 -2.6
v 8.5 8.1 -2.5
v 8.5 8.1 -2.6
v 8.6 8.1 -2.6
v 8.6 8.1 -2.5
v 8.5 8.2 -2.5
v 8.5 8.1 -2.5
v 8.6 8.1 -2.5
v 8.6 8.2 -2.5
v 8.6 8.2 -2.6
v 8.6 8.1 -2.6
v 8.5 8.1 -2.6
v 8.5 8.2 -2.6
v 8.7 8.2 -2.5
v 8.7 8.1 -2.5
v 8.7 8.1 -2.6
v 8.7 8.2 -2.6
v 8.6 8.1 -2.5
v 8.6 8.1 -2.6
v 8.7 8.1 -2.6
v 8.7 8.1 -2.5
v 8.6 8.2 -2.5
v 8.6 8.1 -2.5
v 8.7 8.1 -2.5
v 8.7 8.2 -2.5
v 8.7 8.2 -2.6
v 8.7 8.1 -2.6
v 8.6 8.1 -2.6
v 8.6 8.2 -2.6
v 5.9 8.1 -2.6
v 5.9 8 -2.6
v 5.9 8 -2.5
v 5.9 8.1 -2.5
v 5.9 8.1 -2.5
v 5.9 8 -2.5
v 6 8 -2.5
v 6 8.1 -2.5
v 6 8.1 -2.6
v 6 8 -2.6
v 5.9 8 -2.6
v 5.9 8.1 -2.6
v 6 8.1 -2.5
v 6 8 -2.5
v 6.1 8 -2.5
v 6.1 8.1 -2.5
v 6.1 8.1 -2.6
v 6.1 8 -2.6
v 6 8 -2.6
v 6 8.1 -2.6
v 6.1 8.1 -2.5
v 6.1 8 -2.5
v 6.2 8 -2.5
v 6.2 8.1 -2.5
v 6.2 8.1 -2.6
v 6.2 8 -2.6
v 6.1 8 -2.6
v 6.1 8.1 -2.6
v 6.2 8.1 -2.5
v 6.2 8 -2.5
v 6.3 8 -2.5
v 6.3 8.1 -2.5
v 6.3 8.1 -2.6
v 6.3 8 -2.6
v 6.2 8 -2.6
v 6.2 8.1 -2.6
v 6.4 8.1 -2.5
v 6.4 8 -2.5
v 6.4 8 -2.6
v 6.4 8.1 -2.6
v 6.3 8.1 -2.6
v 6.3 8.1 -2.5
v 6.4 8.1 -2.5
v 6.4 8.1 -2.6
v 6.3 8.1 -2.5
v 6.3 8 -2.5
v 6.4 8 -2.5
v 6.4 8.1 -2.5
v 6.4 8.1 -2.6
v 6.4 8 -2.6
v 6.3 8 -2.6
v 6.3 8.1 -2.6
v 6.8 8.1 -2.6
v 6.8 8 -2.6
v 6.8 8 -2.5
v 6.8 8.1 -2.5
v 6.8 8 -2.5
v 6.8 8 -2.6
v 6.9 8 -2.6
v 6.9 8 -2.5
v 6.8 8.1 -2.5
v 6.8 8 -2.5
v 6.9 8 -2.5
v 6.9 8.1 -2.5
v 6.9 8.1 -2.6
v 6.9 8 -2.6
v 6.8 8 -2.6
v 6.8 8.1 -2.6
v 6.9 8 -2.5
v 6.9 8 -2.6
v 7 8 -2.6
v 7 8 -2.5
v 6.9 8.1 -2.5
v 6.9 8 -2.5
v 7 8 -2.5
v 7 8.1 -2.5
v 7 8.1 -2.6
v 7 8 -2.6
v 6.9 8 -2.6
v 6.9 8.1 -2.6
v 7 8.1 -2.5
v 7 8 -2.5
v 7.1 8 -2.5
v 7.1 8.1 -2.5
v 7.1 8.1 -2.6
v 7.1 8 -2.6
v 7 8 -2.6
v 7 8.1 -2.6
v 7.1 8.1 -2.5
v 7.1 8 -2.5
v 7.2 8 -2.5
v 7.2 8.1 -2.5
v 7.2 8.1 -2.6
v 7.2 8 -2.6
v 7.1 8 -2.6
v 7.1 8.1 -2.6
v 7.2 8.1 -2.5
v 7.2 8 -2.5
v 7.3 8 -2.5
v 7.3 8.1 -2.5
v 7.3 8.1 -2.6
v 7.3 8 -2.6
v 7.2 8 -2.6
v 7.2 8.1 -2.6
v 7.3 8.1 -2.5
v 7.3 8 -2.5
v 7.4 8 -2.5
v 7.4 8.1 -2.5
v 7.4 8.1 -2.6
v 7.4 8 -2.6
v 7.3 8 -2.6
v 7.3 8.1 -2.6
v 7.4 8.1 -2.5
v 7.4 8 -2.5
v 7.5 8 -2.5
v 7.5 8.1 -2.5
v 7.5 8.1 -2.6
v 7.5 8 -2.6
v 7.4 8 -2.6
v 7.4 8.1 -2.6
v 7.5 8.1 -2.5
v 7.5 8 -2.5
v 7.6 8 -2.5
v 7.6 8.1 -2.5
v 7.6 8.1 -2.6
v 7.6 8 -2.6
v 7.5 8 -2.6
v 7.5 8.1 -2.6
v 7.6 8.1 -2.5
v 7.6 8 -2.5
v 7.7 8 -2.5
v 7.7 8.1 -2.5
v 7.7 8.1 -2.6
v 7.7 8 -2.6
v 7.6 8 -2.6
v 7.6 8.1 -2.6
v 7.7 8.1 -2.5
v 7.7 8 -2.5
v 7.8 8 -2.5
v 7.8 8.1 -2.5
v 7.8 8.1 -2.6
v 7.8 8 -2.6
v 7.7 8 -2.6
v 7.7 8.1 -2.6
v 7.8 8.1 -2.5
v 7.8 8 -2.5
v 7.9 8 -2.5
v 7.9 8.1 -2.5
v 7.9 8.1 -2.6
v 7.9 8 -2.6
v 7.8 8 -2.6
v 7.8 8.1 -2.6
v 7.9 8.1 -2.5
v 7.9 8 -2.5
v 8 8 -2.5
v 8 8.1 -2.5
v 8 8.1 -2.6
v 8 8 -2.6
v 7.9 8 -2.6
v 7.9 8.1 -2.6
v 8 8.1 -2.5
v 8 8 -2.5
v 8.1 8 -2.5
v 8.1 8.1 -2.5
v 8.1 8.1 -2.6
v 8.1 8 -2.6
v 8 8 -2.6
v 8 8.1 -2.6
v 8.1 8.1 -2.5
v 8.1 8 -2.5
v 8.2 8 -2.5
v 8.2 8.1 -2.5
v 8.2 8.1 -2.6
v 8.2 8 -2.6
v 8.1 8 -2.6
v 8.1 8.1 -2.6
v 8.2 8.1 -2.5
v 8.2 8 -2.5
v 8.3 8 -2.5
v 8.3 8.1 -2.5
v 8.3 8.1 -2.6
v 8.3 8 -2.6
v 8.2 8 -2.6
v 8.2 8.1 -2.6
v 8.3 8 -2.5
v 8.3 8 -2.6
v 8.4 8 -2.6
v 8.4 8 -2.5
v 8.3 8.1 -2.5
v 8.3 8 -2.5
v 8.4 8 -2.5
v 8.4 8.1 -2.5
v 8.4 8.1 -2.6
v 8.4 8 -2.6
v 8.3 8 -2.6
v 8.3 8.1 -2.6
v 8.5 8.1 -2.5
v 8.5 8 -2.5
v 8.5 8 -2.6
v 8.5 8.1 -2.6
v 8.4 8 -2.5
v 8.4 8 -2.6
v 8.5 8 -2.6
v 8.5 8 -2.5
v 8.4 8.1 -2.5
v 8.4 8 -2.5
v 8.5 8 -2.5
v 8.5 8.1 -2.5
v 8.5 8.1 -2.6
v 8.5 8 -2.6
v 8.4 8 -2.6
v 8.4 8.1 -2.6
v 5.9 8 -2.6
v 5.9 7.9 -2.6
v 5.9 7.9 -2.5
v 5.9 8 -2.5
v 5.9 7.9 -2.5
v 5.9 7.9 -2.6
v 6 7.9 -2.6
v 6 7.9 -2.5
v 5.9 8 -2.5
v 5.9 7.9 -2.5
v 6 7.9 -2.5
v 6 8 -2.5
v 6 8 -2.6
v 6 7.9 -2.6
v 5.9 7.9 -2.6
v 5.9 8 -2.6
v 6 8 -2.5
v 6 7.9 -2.5
v 6.1 7.9 -2.5
v 6.1 8 -2.5
v 6.1 8 -2.6
v 6.1 7.9 -2.6
v 6 7.9 -2.6
v 6 8 -2.6
v 6.1 8 -2.5
v 6.1 7.9 -2.5
v 6.2 7.9 -2.5
v 6.2 8 -2.5
v 6.2 8 -2.6
v 6.2 7.9 -2.6
v 6.1 7.9 -2.6
v 6.1 8 -2.6
v 6.2 8 -2.5
v 6.2 7.9 -2.5
v 6.3 7.9 -2.5
v 6.3 8 -2.5
v 6.3 8 -2.6
v 6.3 7.9 -2.6
v 6.2 7.9 -2.6
v 6.2 8 -2.6
v 6.3 8 -2.5
v 6.3 7.9 -2.5
v 6.4 7.9 -2.5
v 6.4 8 -2.5
v 6.4 8 -2.6
v 6.4 7.9 -2.6
v 6.3 7.9 -2.6
v 6.3 8 -2.6
v 6.5 8 -2.5
v 6.5 7.9 -2.5
v 6.5 7.9 -2.6
v 6.5 8 -2.6
v 6.4 8 -2.6
v 6.4 8 -2.5
v 6.5 8 -2.5
v 6.5 8 -2.6
v 6.4 8 -2.5
v 6.4 7.9 -2.5
v 6.5 7.9 -2.5
v 6.5 8 -2.5
v 6.5 8 -2.6
v 6.5 7.9 -2.6
v 6.4 7.9 -2.6
v 6.4 8 -2.6
v 7 8 -2.6
v 7 7.9 -2.6
v 7 7.9 -2.5
v 7 8 -2.5
v 7 7.9 -2.5
v 7 7.9 -2.6
v 7.1 7.9 -2.6
v 7.1 7.9 -2.5
v 7 8 -2.5
v 7 7.9 -2.5
v 7.1 7.9 -2.5
v 7.1 8 -2.5
v 7.1 8 -2.6
v 7.1 7.9 -2.6
v 7 7.9 -2.6
v 7 8 -2.6
v 7.1 7.9 -2.5
v 7.1 7.9 -2.6
v 7.2 7.9 -2.6
v 7.2 7.9 -2.5
v 7.1 8 -2.5
v 7.1 7.9 -2.5
v 7.2 7.9 -2.5
v 7.2 8 -2.5
v 7.2 8 -2.6
v 7.2 7.9 -2.6
v 7.1 7.9 -2.6
v 7.1 8 -2.6
v 7.2 7.9 -2.5
v 7.2 7.9 -2.6
v 7.3 7.9 -2.6
v 7.3 7.9 -2.5
v 7.2 8 -2.5
v 7.2 7.9 -2.5
v 7.3 7.9 -2.5
v 7.3 8 -2.5
v 7.3 8 -2.6
v 7.3 7.9 -2.6
v 7.2 7.9 -2.6
v 7.2 8 -2.6
v 7.3 7.9 -2.5
v 7.3 7.9 -2.6
v 7.4 7.9 -2.6
v 7.4 7.9 -2.5
v 7.3 8 -2.5
v 7.3 7.9 -2.5
v 7.4 7.9 -2.5
v 7.4 8 -2.5
v 7.4 8 -2.6
v 7.4 7.9 -2.6
v 7.3 7.9 -2.6
v 7.3 8 -2.6
v 7.4 8 -2.5
v 7.4 7.9 -2.5
v 7.5 7.9 -2.5
v 7.5 8 -2.5
v 7.5 8 -2.6
v 7.5 7.9 -2.6
v 7.4 7.9 -2.6
v 7.4 8 -2.6
v 7.5 8 -2.5
v 7.5 7.9 -2.5
v 7.6 7.9 -2.5
v 7.6 8 -2.5
v 7.6 8 -2.6
v 7.6 7.9 -2.6
v 7.5 7.9 -2.6
v 7.5 8 -2.6
v 7.6 8 -2.5
v 7.6 7.9 -2.5
v 7.7 7.9 -2.5
v 7.7 8 -2.5
v 7.7 8 -2.6
v 7.7 7.9 -2.6
v 7.6 7.9 -2.6
v 7.6 8 -2.6
v 7.7 8 -2.5
v 7.7 7.9 -2.5
v 7.8 7.9 -2.5
v 7.8 8 -2.5
v 7.8 8 -2.6
v 7.8 7.9 -2.6
v 7.7 7.9 -2.6
v 7.7 8 -2.6
v 7.8 8 -2.5
v 7.8 7.9 -2.5
v 7.9 7.9 -2.5
v 7.9 8 -2.5
v 7.9 8 -2.6
v 7.9 7.9 -2.6
v 7.8 7.9 -2.6
v 7.8 8 -2.6
v 7.9 7.9 -2.5
v 7.9 7.9 -2.6
v 8 7.9 -2.6
v 8 7.9 -2.5
v 7.9 8 -2.5
v 7.9 7.9 -2.5
v 8 7.9 -2.5
v 8 8 -2.5
v 8 8 -2.6
v 8 7.9 -2.6
v 7.9 7.9 -2.6
v 7.9 8 -2.6
v 8 7.9 -2.5
v 8 7.9 -2.6
v 8.1 7.9 -2.6
v 8.1 7.9 -2.5
v 8 8 -2.5
v 8 7.9 -2.5
v 8.1 7.9 -2.5
v 8.1 8 -2.5
v 8.1 8 -2.6
v 8.1 7.9 -2.6
v 8 7.9 -2.6
v 8 8 -2.6
v 8.1 7.9 -2.5
v 8.1 7.9 -2.6
v 8.2 7.9 -2.6
v 8.2 7.9 -2.5
v 8.1 8 -2.5
v 8.1 7.9 -2.5
v 8.2 7.9 -2.5
v 8.2 8 -2.5
v 8.2 8 -2.6
v 8.2 7.9 -2.6
v 8.1 7.9 -2.6
v 8.1 8 -2.6
v 8.3 8 -2.5
v 8.3 7.9 -2.5
v 8.3 7.9 -2.6
v 8.3 8 -2.6
v 8.2 7.9 -2.5
v 8.2 7.9 -2.6
v 8.3 7.9 -2.6
v 8.3 7.9 -2.5
v 8.2 8 -2.5
v 8.2 7.9 -2.5
v 8.3 7.9 -2.5
v 8.3 8 -2.5
v 8.3 8 -2.6
v 8.3 7.9 -2.6
v 8.2 7.9 -2.6
v 8.2 8 -2.6
v 6 7.9 -2.6
v 6 7.8 -2.6
v 6 7.8 -2.5
v 6 7.9 -2.5
v 6 7.8 -2.5
v 6 7.8 -2.6
v 6.1 7.8 -2.6
v 6.1 7.8 -2.5
v 6 7.9 -2.5
v 6 7.8 -2.5
v 6.1 7.8 -2.5
v 6.1 7.9 -2.5
v 6.1 7.9 -2.6
v 6.1 7.8 -2.6
v 6 7.8 -2.6
v 6 7.9 -2.6
v 6.1 7.9 -2.5
v 6.1 7.8 -2.5
v 6.2 7.8 -2.5
v 6.2 7.9 -2.5
v 6.2 7.9 -2.6
v 6.2 7.8 -2.6
v 6.1 7.8 -2.6
v 6.1 7.9 -2.6
v 6.2 7.9 -2.5
v 6.2 7.8 -2.5
v 6.3 7.8 -2.5
v 6.3 7.9 -2.5
v 6.3 7.9 -2.6
v 6.3 7.8 -2.6
v 6.2 7.8 -2.6
v 6.2 7.9 -2.6
v 6.3 7.9 -2.5
v 6.3 7.8 -2.5
v 6.4 7.8 -2.5
v 6.4 7.9 -2.5
v 6.4 7.9 -2.6
v 6.4 7.8 -2.6
v 6.3 7.8 -2.6
v 6.3 7.9 -2.6
v 6.4 7.9 -2.5
v 6.4 7.8 -2.5
v 6.5 7.8 -2.5
v 6.5 7.9 -2.5
v 6.5 7.9 -2.6
v 6.5 7.8 -2.6
v 6.4 7.8 -2.6
v 6.4 7.9 -2.6
v 6.5 7.9 -2.6
v 6.5 7.9 -2.5
v 6.6 7.9 -2.5
v 6.6 7.9 -2.6
v 6.5 7.9 -2.5
v 6.5 7.8 -2.5
v 6.6 7.8 -2.5
v 6.6 7.9 -2.5
v 6.6 7.9 -2.6
v 6.6 7.8 -2.6
v 6.5 7.8 -2.6
v 6.5 7.9 -2.6
v 6.7 7.9 -2.5
v 6.7 7.8 -2.5
v 6.7 7.8 -2.6
v 6.7 7.9 -2.6
v 6.6 7.9 -2.6
v 6.6 7.9 -2.5
v 6.7 7.9 -2.5
v 6.7 7.9 -2.6
v 6.6 7.9 -2.5
v 6.6 7.8 -2.5
v 6.7 7.8 -2.5
v 6.7 7.9 -2.5
v 6.7 7.9 -2.6
v 6.7 7.8 -2.6
v 6.6 7.8 -2.6
v 6.6 7.9 -2.6
v 7.4 7.9 -2.6
v 7.4 7.8 -2.6
v 7.4 7.8 -2.5
v 7.4 7.9 -2.5
v 7.4 7.8 -2.5
v 7.4 7.8 -2.6
v 7.5 7.8 -2.6
v 7.5 7.8 -2.5
v 7.4 7.9 -2.5
v 7.4 7.8 -2.5
v 7.5 7.8 -2.5
v 7.5 7.9 -2.5
v 7.5 7.9 -2.6
v 7.5 7.8 -2.6
v 7.4 7.8 -2.6
v 7.4 7.9 -2.6
v 7.5 7.8 -2.5
v 7.5 7.8 -2.6
v 7.6 7.8 -2.6
v 7.6 7.8 -2.5
v 7.5 7.9 -2.5
v 7.5 7.8 -2.5
v 7.6 7.8 -2.5
v 7.6 7.9 -2.5
v 7.6 7.9 -2.6
v 7.6 7.8 -2.6
v 7.5 7.8 -2.6
v 7.5 7.9 -2.6
v 7.6 7.8 -2.5
v 7.6 7.8 -2.6
v 7.7 7.8 -2.6
v 7.7 7.8 -2.5
v 7.6 7.9 -2.5
v 7.6 7.8 -2.5
v 7.7 7.8 -2.5
v 7.7 7.9 -2.5
v 7.7 7.9 -2.6
v 7.7 7.8 -2.6
v 7.6 7.8 -2.6
v 7.6 7.9 -2.6
v 7.7 7.8 -2.5
v 7.7 7.8 -2.6
v 7.8 7.8 -2.6
v 7.8 7.8 -2.5
v 7.7 7.9 -2.5
v 7.7 7.8 -2.5
v 7.8 7.8 -2.5
v 7.8 7.9 -2.5
v 7.8 7.9 -2.6
v 7.8 7.8 -2.6
v 7.7 7.8 -2.6
v 7.7 7.9 -2.6
v 7.9 7.9 -2.5
v 7.9 7.8 -2.5
v 7.9 7.8 -2.6
v 7.9 7.9 -2.6
v 7.8 7.8 -2.5
v 7.8 7.8 -2.6
v 7.9 7.8 -2.6
v 7.9 7.8 -2.5
v 7.8 7.9 -2.5
v 7.8 7.8 -2.5
v 7.9 7.8 -2.5
v 7.9 7.9 -2.5
v 7.9 7.9 -2.6
v 7.9 7.8 -2.6
v 7.8 7.8 -2.6
v 7.8 7.9 -2.6
v 8.8 7.9 -2.6
v 8.8 7.8 -2.6
v 8.8 7.8 -2.5
v 8.8 7.9 -2.5
v 8.9 7.9 -2.5
v 8.9 7.8 -2.5
v 8.9 7.8 -2.6
v 8.9 7.9 -2.6
v 8.8 7.9 -2.6
v 8.8 7.9 -2.5
v 8.9 7.9 -2.5
v 8.9 7.9 -2.6
v 8.8 7.8 -2.5
v 8.8 7.8 -2.6
v 8.9 7.8 -2.6
v 8.9 7.8 -2.5
v 8.8 7.9 -2.5
v 8.8 7.8 -2.5
v 8.9 7.8 -2.5
v 8.9 7.9 -2.5
v 8.9 7.9 -2.6
v 8.9 7.8 -2.6
v 8.8 7.8 -2.6
v 8.8 7.9 -2.6
v 6.1 7.8 -2.6
v 6.1 7.7 -2.6
v 6.1 7.7 -2.5
v 6.1 7.8 -2.5
v 6.1 7.7 -2.5
v 6.1 7.7 -2.6
v 6.2 7.7 -2.6
v 6.2 7.7 -2.5
v 6.1 7.8 -2.5
v 6.1 7.7 -2.5
v 6.2 7.7 -2.5
v 6.2 7.8 -2.5
v 6.2 7.8 -2.6
v 6.2 7.7 -2.6
v 6.1 7.7 -2.6
v 6.1 7.8 -2.6
v 6.2 7.8 -2.5
v 6.2 7.7 -2.5
v 6.3 7.7 -2.5
v 6.3 7.8 -2.5
v 6.3 7.8 -2.6
v 6.3 7.7 -2.6
v 6.2 7.7 -2.6
v 6.2 7.8 -2.6
v 6.3 7.8 -2.5
v 6.3 7.7 -2.5
v 6.4 7.7 -2.5
v 6.4 7.8 -2.5
v 6.4 7.8 -2.6
v 6.4 7.7 -2.6
v 6.3 7.7 -2.6
v 6.3 7.8 -2.6
v 6.4 7.8 -2.5
v 6.4 7.7 -2.5
v 6.5 7.7 -2.5
v 6.5 7.8 -2.5
v 6.5 7.8 -2.6
v 6.5 7.7 -2.6
v 6.4 7.7 -2.6
v 6.4 7.8 -2.6
v 6.5 7.8 -2.5
v 6.5 7.7 -2.5
v 6.6 7.7 -2.5
v 6.6 7.8 -2.5
v 6.6 7.8 -2.6
v 6.6 7.7 -2.6
v 6.5 7.7 -2.6
v 6.5 7.8 -2.6
v 6.6 7.8 -2.5
v 6.6 7.7 -2.5
v 6.7 7.7 -2.5
v 6.7 7.8 -2.5
v 6.7 7.8 -2.6
v 6.7 7.7 -2.6
v 6.6 7.7 -2.6
v 6.6 7.8 -2.6
v 6.7 7.8 -2.6
v 6.7 7.8 -2.5
v 6.8 7.8 -2.5
v 6.8 7.8 -2.6
v 6.7 7.8 -2.5
v 6.7 7.7 -2.5
v 6.8 7.7 -2.5
v 6.8 7.8 -2.5
v 6.8 7.8 -2.6
v 6.8 7.7 -2.6
v 6.7 7.7 -2.6
v 6.7 7.8 -2.6
v 6.9 7.8 -2.5
v 6.9 7.7 -2.5
v 6.9 7.7 -2.6
v 6.9 7.8 -2.6
v 6.8 7.8 -2.6
v 6.8 7.8 -2.5
v 6.9 7.8 -2.5
v 6.9 7.8 -2.6
v 6.8 7.8 -2.5
v 6.8 7.7 -2.5
v 6.9 7.7 -2.5
v 6.9 7.8 -2.5
v 6.9 7.8 -2.6
v 6.9 7.7 -2.6
v 6.8 7.7 -2.6
v 6.8 7.8 -2.6
v 8.5 7.8 -2.6
v 8.5 7.7 -2.6
v 8.5 7.7 -2.5
v 8.5 7.8 -2.5
v 8.5 7.8 -2.6
v 8.5 7.8 -2.5
v 8.6 7.8 -2.5
v 8.6 7.8 -2.6
v 8.5 7.8 -2.5
v 8.5 7.7 -2.5
v 8.6 7.7 -2.5
v 8.6 7.8 -2.5
v 8.6 7.8 -2.6
v 8.6 7.7 -2.6
v 8.5 7.7 -2.6
v 8.5 7.8 -2.6
v 8.6 7.8 -2.6
v 8.6 7.8 -2.5
v 8.7 7.8 -2.5
v 8.7 7.8 -2.6
v 8.6 7.8 -2.5
v 8.6 7.7 -2.5
v 8.7 7.7 -2.5
v 8.7 7.8 -2.5
v 8.7 7.8 -2.6
v 8.7 7.7 -2.6
v 8.6 7.7 -2.6
v 8.6 7.8 -2.6
v 8.8 7.8 -2.5
v 8.8 7.7 -2.5
v 8.8 7.7 -2.6
v 8.8 7.8 -2.6
v 8.7 7.8 -2.6
v 8.7 7.8 -2.5
v 8.8 7.8 -2.5
v 8.8 7.8 -2.6
v 8.7 7.8 -2.5
v 8.7 7.7 -2.5
v 8.8 7.7 -2.5
v 8.8 7.8 -2.5
v 8.8 7.8 -2.6
v 8.8 7.7 -2.6
v 8.7 7.7 -2.6
v 8.7 7.8 -2.6
v 6.2 7.7 -2.6
v 6.2 7.6 -2.6
v 6.2 7.6 -2.5
v 6.2 7.7 -2.5
v 6.2 7.6 -2.5
v 6.2 7.6 -2.6
v 6.3 7.6 -2.6
v 6.3 7.6 -2.5
v 6.2 7.7 -2.5
v 6.2 7.6 -2.5
v 6.3 7.6 -2.5
v 6.3 7.7 -2.5
v 6.3 7.7 -2.6
v 6.3 7.6 -2.6
v 6.2 7.6 -2.6
v 6.2 7.7 -2.6
v 6.3 7.6 -2.5
v 6.3 7.6 -2.6
v 6.4 7.6 -2.6
v 6.4 7.6 -2.5
v 6.3 7.7 -2.5
v 6.3 7.6 -2.5
v 6.4 7.6 -2.5
v 6.4 7.7 -2.5
v 6.4 7.7 -2.6
v 6.4 7.6 -2.6
v 6.3 7.6 -2.6
v 6.3 7.7 -2.6
v 6.4 7.7 -2.5
v 6.4 7.6 -2.5
v 6.5 7.6 -2.5
v 6.5 7.7 -2.5
v 6.5 7.7 -2.6
v 6.5 7.6 -2.6
v 6.4 7.6 -2.6
v 6.4 7.7 -2.6
v 6.5 7.7 -2.5
v 6.5 7.6 -2.5
v 6.6 7.6 -2.5
v 6.6 7.7 -2.5
v 6.6 7.7 -2.6
v 6.6 7.6 -2.6
v 6.5 7.6 -2.6
v 6.5 7.7 -2.6
v 6.6 7.7 -2.5
v 6.6 7.6 -2.5
v 6.7 7.6 -2.5
v 6.7 7.7 -2.5
v 6.7 7.7 -2.6
v 6.7 7.6 -2.6
v 6.6 7.6 -2.6
v 6.6 7.7 -2.6
v 6.7 7.7 -2.5
v 6.7 7.6 -2.5
v 6.8 7.6 -2.5
v 6.8 7.7 -2.5
v 6.8 7.7 -2.6
v 6.8 7.6 -2.6
v 6.7 7.6 -2.6
v 6.7 7.7 -2.6
v 6.8 7.7 -2.5
v 6.8 7.6 -2.5
v 6.9 7.6 -2.5
v 6.9 7.7 -2.5
v 6.9 7.7 -2.6
v 6.9 7.6 -2.6
v 6.8 7.6 -2.6
v 6.8 7.7 -2.6
v 6.9 7.7 -2.6
v 6.9 7.7 -2.5
v 7 7.7 -2.5
v 7 7.7 -2.6
v 6.9 7.7 -2.5
v 6.9 7.6 -2.5
v 7 7.6 -2.5
v 7 7.7 -2.5
v 7 7.7 -2.6
v 7 7.6 -2.6
v 6.9 7.6 -2.6
v 6.9 7.7 -2.6
v 7 7.7 -2.6
v 7 7.7 -2.5
v 7.1 7.7 -2.5
v 7.1 7.7 -2.6
v 7 7.7 -2.5
v 7 7.6 -2.5
v 7.1 7.6 -2.5
v 7.1 7.7 -2.5
v 7.1 7.7 -2.6
v 7.1 7.6 -2.6
v 7 7.6 -2.6
v 7 7.7 -2.6
v 7.1 7.7 -2.6
v 7.1 7.7 -2.5
v 7.2 7.7 -2.5
v 7.2 7.7 -2.6
v 7.1 7.7 -2.5
v 7.1 7.6 -2.5
v 7.2 7.6 -2.5
v 7.2 7.7 -2.5
v 7.2 7.7 -2.6
v 7.2 7.6 -2.6
v 7.1 7.6 -2.6
v 7.1 7.7 -2.6
v 7.3 7.7 -2.5
v 7.3 7.6 -2.5
v 7.3 7.6 -2.6
v 7.3 7.7 -2.6
v 7.2 7.7 -2.6
v 7.2 7.7 -2.5
v 7.3 7.7 -2.5
v 7.3 7.7 -2.6
v 7.2 7.7 -2.5
v 7.2 7.6 -2.5
v 7.3 7.6 -2.5
v 7.3 7.7 -2.5
v 7.3 7.7 -2.6
v 7.3 7.6 -2.6
v 7.2 7.6 -2.6
v 7.2 7.7 -2.6
v 8.4 7.7 -2.6
v 8.4 7.6 -2.6
v 8.4 7.6 -2.5
v 8.4 7.7 -2.5
v 8.4 7.7 -2.6
v 8.4 7.7 -2.5
v 8.5 7.7 -2.5
v 8.5 7.7 -2.6
v 8.4 7.7 -2.5
v 8.4 7.6 -2.5
v 8.5 7.6 -2.5
v 8.5 7.7 -2.5
v 8.5 7.7 -2.6
v 8.5 7.6 -2.6
v 8.4 7.6 -2.6
v 8.4 7.7 -2.6
v 8.5 7.7 -2.5
v 8.5 7.6 -2.5
v 8.6 7.6 -2.5
v 8.6 7.7 -2.5
v 8.6 7.7 -2.6
v 8.6 7.6 -2.6
v 8.5 7.6 -2.6
v 8.5 7.7 -2.6
v 8.6 7.7 -2.5
v 8.6 7.6 -2.5
v 8.7 7.6 -2.5
v 8.7 7.7 -2.5
v 8.7 7.7 -2.6
v 8.7 7.6 -2.6
v 8.6 7.6 -2.6
v 8.6 7.7 -2.6
v 8.8 7.7 -2.5
v 8.8 7.6 -2.5
v 8.8 7.6 -2.6
v 8.8 7.7 -2.6
v 8.7 7.6 -2.5
v 8.7 7.6 -2.6
v 8.8 7.6 -2.6
v 8.8 7.6 -2.5
v 8.7 7.7 -2.5
v 8.7 7.6 -2.5
v 8.8 7.6 -2.5
v 8.8 7.7 -2.5
v 8.8 7.7 -2.6
v 8.8 7.6 -2.6
v 8.7 7.6 -2.6
v 8.7 7.7 -2.6
v 6.4 7.6 -2.6
v 6.4 7.5 -2.6
v 6.4 7.5 -2.5
v 6.4 7.6 -2.5
v 6.4 7.5 -2.5
v 6.4 7.5 -2.6
v 6.5 7.5 -2.6
v 6.5 7.5 -2.5
v 6.4 7.6 -2.5
v 6.4 7.5 -2.5
v 6.5 7.5 -2.5
v 6.5 7.6 -2.5
v 6.5 7.6 -2.6
v 6.5 7.5 -2.6
v 6.4 7.5 -2.6
v 6.4 7.6 -2.6
v 6.5 7.6 -2.5
v 6.5 7.5 -2.5
v 6.6 7.5 -2.5
v 6.6 7.6 -2.5
v 6.6 7.6 -2.6
v 6.6 7.5 -2.6
v 6.5 7.5 -2.6
v 6.5 7.6 -2.6
v 6.6 7.6 -2.5
v 6.6 7.5 -2.5
v 6.7 7.5 -2.5
v 6.7 7.6 -2.5
v 6.7 7.6 -2.6
v 6.7 7.5 -2.6
v 6.6 7.5 -2.6
v 6.6 7.6 -2.6
v 6.7 7.6 -2.5
v 6.7 7.5 -2.5
v 6.8 7.5 -2.5
v 6.8 7.6 -2.5
v 6.8 7.6 -2.6
v 6.8 7.5 -2.6
v 6.7 7.5 -2.6
v 6.7 7.6 -2.6
v 6.8 7.6 -2.5
v 6.8 7.5 -2.5
v 6.9 7.5 -2.5
v 6.9 7.6 -2.5
v 6.9 7.6 -2.6
v 6.9 7.5 -2.6
v 6.8 7.5 -2.6
v 6.8 7.6 -2.6
v 6.9 7.6 -2.5
v 6.9 7.5 -2.5
v 7 7.5 -2.5
v 7 7.6 -2.5
v 7 7.6 -2.6
v 7 7.5 -2.6
v 6.9 7.5 -2.6
v 6.9 7.6 -2.6
v 7 7.6 -2.5
v 7 7.5 -2.5
v 7.1 7.5 -2.5
v 7.1 7.6 -2.5
v 7.1 7.6 -2.6
v 7.1 7.5 -2.6
v 7 7.5 -2.6
v 7 7.6 -2.6
v 7.1 7.6 -2.5
v 7.1 7.5 -2.5
v 7.2 7.5 -2.5
v 7.2 7.6 -2.5
v 7.2 7.6 -2.6
v 7.2 7.5 -2.6
v 7.1 7.5 -2.6
v 7.1 7.6 -2.6
v 7.2 7.6 -2.5
v 7.2 7.5 -2.5
v 7.3 7.5 -2.5
v 7.3 7.6 -2.5
v 7.3 7.6 -2.6
v 7.3 7.5 -2.6
v 7.2 7.5 -2.6
v 7.2 7.6 -2.6
v 7.3 7.6 -2.6
v 7.3 7.6 -2.5
v 7.4 7.6 -2.5
v 7.4 7.6 -2.6
v 7.3 7.6 -2.5
v 7.3 7.5 -2.5
v 7.4 7.5 -2.5
v 7.4 7.6 -2.5
v 7.4 7.6 -2.6
v 7.4 7.5 -2.6
v 7.3 7.5 -2.6
v 7.3 7.6 -2.6
v 7.4 7.6 -2.6
v 7.4 7.6 -2.5
v 7.5 7.6 -2.5
v 7.5 7.6 -2.6
v 7.4 7.6 -2.5
v 7.4 7.5 -2.5
v 7.5 7.5 -2.5
v 7.5 7.6 -2.5
v 7.5 7.6 -2.6
v 7.5 7.5 -2.6
v 7.4 7.5 -2.6
v 7.4 7.6 -2.6
v 7.5 7.6 -2.6
v 7.5 7.6 -2.5
v 7.6 7.6 -2.5
v 7.6 7.6 -2.6
v 7.5 7.6 -2.5
v 7.5 7.5 -2.5
v 7.6 7.5 -2.5
v 7.6 7.6 -2.5
v 7.6 7.6 -2.6
v 7.6 7.5 -2.6
v 7.5 7.5 -2.6
v 7.5 7.6 -2.6
v 7.6 7.6 -2.6
v 7.6 7.6 -2.5
v 7.7 7.6 -2.5
v 7.7 7.6 -2.6
v 7.6 7.6 -2.5
v 7.6 7.5 -2.5
v 7.7 7.5 -2.5
v 7.7 7.6 -2.5
v 7.7 7.6 -2.6
v 7.7 7.5 -2.6
v 7.6 7.5 -2.6
v 7.6 7.6 -2.6
v 7.7 7.6 -2.6
v 7.7 7.6 -2.5
v 7.8 7.6 -2.5
v 7.8 7.6 -2.6
v 7.7 7.6 -2.5
v 7.7 7.5 -2.5
v 7.8 7.5 -2.5
v 7.8 7.6 -2.5
v 7.8 7.6 -2.6
v 7.8 7.5 -2.6
v 7.7 7.5 -2.6
v 7.7 7.6 -2.6
v 7.8 7.6 -2.6
v 7.8 7.6 -2.5
v 7.9 7.6 -2.5
v 7.9 7.6 -2.6
v 7.8 7.6 -2.5
v 7.8 7.5 -2.5
v 7.9 7.5 -2.5
v 7.9 7.6 -2.5
v 7.9 7.6 -2.6
v 7.9 7.5 -2.6
v 7.8 7.5 -2.6
v 7.8 7.6 -2.6
v 7.9 7.6 -2.6
v 7.9 7.6 -2.5
v 8 7.6 -2.5
v 8 7.6 -2.6
v 7.9 7.6 -2.5
v 7.9 7.5 -2.5
v 8 7.5 -2.5
v 8 7.6 -2.5
v 8 7.6 -2.6
v 8 7.5 -2.6
v 7.9 7.5 -2.6
v 7.9 7.6 -2.6
v 8 7.6 -2.6
v 8 7.6 -2.5
v 8.1 7.6 -2.5
v 8.1 7.6 -2.6
v 8 7.6 -2.5
v 8 7.5 -2.5
v 8.1 7.5 -2.5
v 8.1 7.6 -2.5
v 8.1 7.6 -2.6
v 8.1 7.5 -2.6
v 8 7.5 -2.6
v 8 7.6 -2.6
v 8.1 7.6 -2.6
v 8.1 7.6 -2.5
v 8.2 7.6 -2.5
v 8.2 7.6 -2.6
v 8.1 7.6 -2.5
v 8.1 7.5 -2.5
v 8.2 7.5 -2.5
v 8.2 7.6 -2.5
v 8.2 7.6 -2.6
v 8.2 7.5 -2.6
v 8.1 7.5 -2.6
v 8.1 7.6 -2.6
v 8.2 7.6 -2.6
v 8.2 7.6 -2.5
v 8.3 7.6 -2.5
v 8.3 7.6 -2.6
v 8.2 7.6 -2.5
v 8.2 7.5 -2.5
v 8.3 7.5 -2.5
v 8.3 7.6 -2.5
v 8.3 7.6 -2.6
v 8.3 7.5 -2.6
v 8.2 7.5 -2.6
v 8.2 7.6 -2.6
v 8.3 7.6 -2.6
v 8.3 7.6 -2.5
v 8.4 7.6 -2.5
v 8.4 7.6 -2.6
v 8.3 7.6 -2.5
v 8.3 7.5 -2.5
v 8.4 7.5 -2.5
v 8.4 7.6 -2.5
v 8.4 7.6 -2.6
v 8.4 7.5 -2.6
v 8.3 7.5 -2.6
v 8.3 7.6 -2.6
v 8.4 7.6 -2.5
v 8.4 7.5 -2.5
v 8.5 7.5 -2.5
v 8.5 7.6 -2.5
v 8.5 7.6 -2.6
v 8.5 7.5 -2.6
v 8.4 7.5 -2.6
v 8.4 7.6 -2.6
v 8.5 7.6 -2.5
v 8.5 7.5 -2.5
v 8.6 7.5 -2.5
v 8.6 7.6 -2.5
v 8.6 7.6 -2.6
v 8.6 7.5 -2.6
v 8.5 7.5 -2.6
v 8.5 7.6 -2.6
v 8.7 7.6 -2.5
v 8.7 7.5 -2.5
v 8.7 7.5 -2.6
v 8.7 7.6 -2.6
v 8.6 7.5 -2.5
v 8.6 7.5 -2.6
v 8.7 7.5 -2.6
v 8.7 7.5 -2.5
v 8.6 7.6 -2.5
v 8.6 7.5 -2.5
v 8.7 7.5 -2.5
v 8.7 7.6 -2.5
v 8.7 7.6 -2.6
v 8.7 7.5 -2.6
v 8.6 7.5 -2.6
v 8.6 7.6 -2.6
v 6.5 7.5 -2.6
v 6.5 7.4 -2.6
v 6.5 7.4 -2.5
v 6.5 7.5 -2.5
v 6.5 7.4 -2.5
v 6.5 7.4 -2.6
v 6.6 7.4 -2.6
v 6.6 7.4 -2.5
v 6.5 7.5 -2.5
v 6.5 7.4 -2.5
v 6.6 7.4 -2.5
v 6.6 7.5 -2.5
v 6.6 7.5 -2.6
v 6.6 7.4 -2.6
v 6.5 7.4 -2.6
v 6.5 7.5 -2.6
v 6.6 7.4 -2.5
v 6.6 7.4 -2.6
v 6.7 7.4 -2.6
v 6.7 7.4 -2.5
v 6.6 7.5 -2.5
v 6.6 7.4 -2.5
v 6.7 7.4 -2.5
v 6.7 7.5 -2.5
v 6.7 7.5 -2.6
v 6.7 7.4 -2.6
v 6.6 7.4 -2.6
v 6.6 7.5 -2.6
v 6.7 7.4 -2.5
v 6.7 7.4 -2.6
v 6.8 7.4 -2.6
v 6.8 7.4 -2.5
v 6.7 7.5 -2.5
v 6.7 7.4 -2.5
v 6.8 7.4 -2.5
v 6.8 7.5 -2.5
v 6.8 7.5 -2.6
v 6.8 7.4 -2.6
v 6.7 7.4 -2.6
v 6.7 7.5 -2.6
v 6.8 7.5 -2.5
v 6.8 7.4 -2.5
v 6.9 7.4 -2.5
v 6.9 7.5 -2.5
v 6.9 7.5 -2.6
v 6.9 7.4 -2.6
v 6.8 7.4 -2.6
v 6.8 7.5 -2.6
v 6.9 7.5 -2.5
v 6.9 7.4 -2.5
v 7 7.4 -2.5
v 7 7.5 -2.5
v 7 7.5 -2.6
v 7 7.4 -2.6
v 6.9 7.4 -2.6
v 6.9 7.5 -2.6
v 7 7.5 -2.5
v 7 7.4 -2.5
v 7.1 7.4 -2.5
v 7.1 7.5 -2.5
v 7.1 7.5 -2.6
v 7.1 7.4 -2.6
v 7 7.4 -2.6
v 7 7.5 -2.6
v 7.1 7.5 -2.5
v 7.1 7.4 -2.5
v 7.2 7.4 -2.5
v 7.2 7.5 -2.5
v 7.2 7.5 -2.6
v 7.2 7.4 -2.6
v 7.1 7.4 -2.6
v 7.1 7.5 -2.6
v 7.2 7.5 -2.5
v 7.2 7.4 -2.5
v 7.3 7.4 -2.5
v 7.3 7.5 -2.5
v 7.3 7.5 -2.6
v 7.3 7.4 -2.6
v 7.2 7.4 -2.6
v 7.2 7.5 -2.6
v 7.3 7.5 -2.5
v 7.3 7.4 -2.5
v 7.4 7.4 -2.5
v 7.4 7.5 -2.5
v 7.4 7.5 -2.6
v 7.4 7.4 -2.6
v 7.3 7.4 -2.6
v 7.3 7.5 -2.6
v 7.4 7.5 -2.5
v 7.4 7.4 -2.5
v 7.5 7.4 -2.5
v 7.5 7.5 -2.5
v 7.5 7.5 -2.6
v 7.5 7.4 -2.6
v 7.4 7.4 -2.6
v 7.4 7.5 -2.6
v 7.5 7.5 -2.5
v 7.5 7.4 -2.5
v 7.6 7.4 -2.5
v 7.6 7.5 -2.5
v 7.6 7.5 -2.6
v 7.6 7.4 -2.6
v 7.5 7.4 -2.6
v 7.5 7.5 -2.6
v 7.6 7.5 -2.5
v 7.6 7.4 -2.5
v 7.7 7.4 -2.5
v 7.7 7.5 -2.5
v 7.7 7.5 -2.6
v 7.7 7.4 -2.6
v 7.6 7.4 -2.6
v 7.6 7.5 -2.6
v 7.7 7.5 -2.5
v 7.7 7.4 -2.5
v 7.8 7.4 -2.5
v 7.8 7.5 -2.5
v 7.8 7.5 -2.6
v 7.8 7.4 -2.6
v 7.7 7.4 -2.6
v 7.7 7.5 -2.6
v 7.8 7.5 -2.5
v 7.8 7.4 -2.5
v 7.9 7.4 -2.5
v 7.9 7.5 -2.5
v 7.9 7.5 -2.6
v 7.9 7.4 -2.6
v 7.8 7.4 -2.6
v 7.8 7.5 -2.6
v 7.9 7.5 -2.5
v 7.9 7.4 -2.5
v 8 7.4 -2.5
v 8 7.5 -2.5
v 8 7.5 -2.6
v 8 7.4 -2.6
v 7.9 7.4 -2.6
v 7.9 7.5 -2.6
v 8 7.5 -2.5
v 8 7.4 -2.5
v 8.1 7.4 -2.5
v 8.1 7.5 -2.5
v 8.1 7.5 -2.6
v 8.1 7.4 -2.6
v 8 7.4 -2.6
v 8 7.5 -2.6
v 8.1 7.5 -2.5
v 8.1 7.4 -2.5
v 8.2 7.4 -2.5
v 8.2 7.5 -2.5
v 8.2 7.5 -2.6
v 8.2 7.4 -2.6
v 8.1 7.4 -2.6
v 8.1 7.5 -2.6
v 8.2 7.5 -2.5
v 8.2 7.4 -2.5
v 8.3 7.4 -2.5
v 8.3 7.5 -2.5
v 8.3 7.5 -2.6
v 8.3 7.4 -2.6
v 8.2 7.4 -2.6
v 8.2 7.5 -2.6
v 8.3 7.5 -2.5
v 8.3 7.4 -2.5
v 8.4 7.4 -2.5
v 8.4 7.5 -2.5
v 8.4 7.5 -2.6
v 8.4 7.4 -2.6
v 8.3 7.4 -2.6
v 8.3 7.5 -2.6
v 8.4 7.5 -2.5
v 8.4 7.4 -2.5
v 8.5 7.4 -2.5
v 8.5 7.5 -2.5
v 8.5 7.5 -2.6
v 8.5 7.4 -2.6
v 8.4 7.4 -2.6
v 8.4 7.5 -2.6
v 8.6 7.5 -2.5
v 8.6 7.4 -2.5
v 8.6 7.4 -2.6
v 8.6 7.5 -2.6
v 8.5 7.4 -2.5
v 8.5 7.4 -2.6
v 8.6 7.4 -2.6
v 8.6 7.4 -2.5
v 8.5 7.5 -2.5
v 8.5 7.4 -2.5
v 8.6 7.4 -2.5
v 8.6 7.5 -2.5
v 8.6 7.5 -2.6
v 8.6 7.4 -2.6
v 8.5 7.4 -2.6
v 8.5 7.5 -2.6
v 6.8 7.4 -2.6
v 6.8 7.3 -2.6
v 6.8 7.3 -2.5
v 6.8 7.4 -2.5
v 6.8 7.3 -2.5
v 6.8 7.3 -2.6
v 6.9 7.3 -2.6
v 6.9 7.3 -2.5
v 6.8 7.4 -2.5
v 6.8 7.3 -2.5
v 6.9 7.3 -2.5
v 6.9 7.4 -2.5
v 6.9 7.4 -2.6
v 6.9 7.3 -2.6
v 6.8 7.3 -2.6
v 6.8 7.4 -2.6
v 6.9 7.3 -2.5
v 6.9 7.3 -2.6
v 7 7.3 -2.6
v 7 7.3 -2.5
v 6.9 7.4 -2.5
v 6.9 7.3 -2.5
v 7 7.3 -2.5
v 7 7.4 -2.5
v 7 7.4 -2.6
v 7 7.3 -2.6
v 6.9 7.3 -2.6
v 6.9 7.4 -2.6
v 7 7.3 -2.5
v 7 7.3 -2.6
v 7.1 7.3 -2.6
v 7.1 7.3 -2.5
v 7 7.4 -2.5
v 7 7.3 -2.5
v 7.1 7.3 -2.5
v 7.1 7.4 -2.5
v 7.1 7.4 -2.6
v 7.1 7.3 -2.6
v 7 7.3 -2.6
v 7 7.4 -2.6
v 7.1 7.4 -2.5
v 7.1 7.3 -2.5
v 7.2 7.3 -2.5
v 7.2 7.4 -2.5
v 7.2 7.4 -2.6
v 7.2 7.3 -2.6
v 7.1 7.3 -2.6
v 7.1 7.4 -2.6
v 7.2 7.4 -2.5
v 7.2 7.3 -2.5
v 7.3 7.3 -2.5
v 7.3 7.4 -2.5
v 7.3 7.4 -2.6
v 7.3 7.3 -2.6
v 7.2 7.3 -2.6
v 7.2 7.4 -2.6
v 7.3 7.4 -2.5
v 7.3 7.3 -2.5
v 7.4 7.3 -2.5
v 7.4 7.4 -2.5
v 7.4 7.4 -2.6
v 7.4 7.3 -2.6
v 7.3 7.3 -2.6
v 7.3 7.4 -2.6
v 7.4 7.4 -2.5
v 7.4 7.3 -2.5
v 7.5 7.3 -2.5
v 7.5 7.4 -2.5
v 7.5 7.4 -2.6
v 7.5 7.3 -2.6
v 7.4 7.3 -2.6
v 7.4 7.4 -2.6
v 7.5 7.4 -2.5
v 7.5 7.3 -2.5
v 7.6 7.3 -2.5
v 7.6 7.4 -2.5
v 7.6 7.4 -2.6
v 7.6 7.3 -2.6
v 7.5 7.3 -2.6
v 7.5 7.4 -2.6
v 7.6 7.4 -2.5
v 7.6 7.3 -2.5
v 7.7 7.3 -2.5
v 7.7 7.4 -2.5
v 7.7 7.4 -2.6
v 7.7 7.3 -2.6
v 7.6 7.3 -2.6
v 7.6 7.4 -2.6
v 7.7 7.4 -2.5
v 7.7 7.3 -2.5
v 7.8 7.3 -2.5
v 7.8 7.4 -2.5
v 7.8 7.4 -2.6
v 7.8 7.3 -2.6
v 7.7 7.3 -2.6
v 7.7 7.4 -2.6
v 7.8 7.4 -2.5
v 7.8 7.3 -2.5
v 7.9 7.3 -2.5
v 7.9 7.4 -2.5
v 7.9 7.4 -2.6
v 7.9 7.3 -2.6
v 7.8 7.3 -2.6
v 7.8 7.4 -2.6
v 7.9 7.4 -2.5
v 7.9 7.3 -2.5
v 8 7.3 -2.5
v 8 7.4 -2.5
v 8 7.4 -2.6
v 8 7.3 -2.6
v 7.9 7.3 -2.6
v 7.9 7.4 -2.6
v 8 7.3 -2.5
v 8 7.3 -2.6
v 8.1 7.3 -2.6
v 8.1 7.3 -2.5
v 8 7.4 -2.5
v 8 7.3 -2.5
v 8.1 7.3 -2.5
v 8.1 7.4 -2.5
v 8.1 7.4 -2.6
v 8.1 7.3 -2.6
v 8 7.3 -2.6
v 8 7.4 -2.6
v 8.1 7.3 -2.5
v 8.1 7.3 -2.6
v 8.2 7.3 -2.6
v 8.2 7.3 -2.5
v 8.1 7.4 -2.5
v 8.1 7.3 -2.5
v 8.2 7.3 -2.5
v 8.2 7.4 -2.5
v 8.2 7.4 -2.6
v 8.2 7.3 -2.6
v 8.1 7.3 -2.6
v 8.1 7.4 -2.6
v 8.2 7.3 -2.5
v 8.2 7.3 -2.6
v 8.3 7.3 -2.6
v 8.3 7.3 -2.5
v 8.2 7.4 -2.5
v 8.2 7.3 -2.5
v 8.3 7.3 -2.5
v 8.3 7.4 -2.5
v 8.3 7.4 -2.6
v 8.3 7.3 -2.6
v 8.2 7.3 -2.6
v 8.2 7.4 -2.6
v 8.3 7.3 -2.5
v 8.3 7.3 -2.6
v 8.4 7.3 -2.6
v 8.4 7.3 -2.5
v 8.3 7.4 -2.5
v 8.3 7.3 -2.5
v 8.4 7.3 -2.5
v 8.4 7.4 -2.5
v 8.4 7.4 -2.6
v 8.4 7.3 -2.6
v 8.3 7.3 -2.6
v 8.3 7.4 -2.6
v 8.5 7.4 -2.5
v 8.5 7.3 -2.5
v 8.5 7.3 -2.6
v 8.5 7.4 -2.6
v 8.4 7.3 -2.5
v 8.4 7.3 -2.6
v 8.5 7.3 -2.6
v 8.5 7.3 -2.5
v 8.4 7.4 -2.5
v 8.4 7.3 -2.5
v 8.5 7.3 -2.5
v 8.5 7.4 -2.5
v 8.5 7.4 -2.6
v 8.5 7.3 -2.6
v 8.4 7.3 -2.6
v 8.4 7.4 -2.6
v 7.1 7.3 -2.6
v 7.1 7.2 -2.6
v 7.1 7.2 -2.5
v 7.1 7.3 -2.5
v 7.1 7.2 -2.5
v 7.1 7.2 -2.6
v 7.2 7.2 -2.6
v 7.2 7.2 -2.5
v 7.1 7.3 -2.5
v 7.1 7.2 -2.5
v 7.2 7.2 -2.5
v 7.2 7.3 -2.5
v 7.2 7.3 -2.6
v 7.2 7.2 -2.6
v 7.1 7.2 -2.6
v 7.1 7.3 -2.6
v 7.2 7.2 -2.5
v 7.2 7.2 -2.6
v 7.3 7.2 -2.6
v 7.3 7.2 -2.5
v 7.2 7.3 -2.5
v 7.2 7.2 -2.5
v 7.3 7.2 -2.5
v 7.3 7.3 -2.5
v 7.3 7.3 -2.6
v 7.3 7.2 -2.6
v 7.2 7.2 -2.6
v 7.2 7.3 -2.6
v 7.3 7.2 -2.5
v 7.3 7.2 -2.6
v 7.4 7.2 -2.6
v 7.4 7.2 -2.5
v 7.3 7.3 -2.5
v 7.3 7.2 -2.5
v 7.4 7.2 -2.5
v 7.4 7.3 -2.5
v 7.4 7.3 -2.6
v 7.4 7.2 -2.6
v 7.3 7.2 -2.6
v 7.3 7.3 -2.6
v 7.4 7.2 -2.5
v 7.4 7.2 -2.6
v 7.5 7.2 -2.6
v 7.5 7.2 -2.5
v 7.4 7.3 -2.5
v 7.4 7.2 -2.5
v 7.5 7.2 -2.5
v 7.5 7.3 -2.5
v 7.5 7.3 -2.6
v 7.5 7.2 -2.6
v 7.4 7.2 -2.6
v 7.4 7.3 -2.6
v 7.5 7.2 -2.5
v 7.5 7.2 -2.6
v 7.6 7.2 -2.6
v 7.6 7.2 -2.5
v 7.5 7.3 -2.5
v 7.5 7.2 -2.5
v 7.6 7.2 -2.5
v 7.6 7.3 -2.5
v 7.6 7.3 -2.6
v 7.6 7.2 -2.6
v 7.5 7.2 -2.6
v 7.5 7.3 -2.6
v 7.6 7.2 -2.5
v 7.6 7.2 -2.6
v 7.7 7.2 -2.6
v 7.7 7.2 -2.5
v 7.6 7.3 -2.5
v 7.6 7.2 -2.5
v 7.7 7.2 -2.5
v 7.7 7.3 -2.5
v 7.7 7.3 -2.6
v 7.7 7.2 -2.6
v 7.6 7.2 -2.6
v 7.6 7.3 -2.6
v 7.7 7.2 -2.5
v 7.7 7.2 -2.6
v 7.8 7.2 -2.6
v 7.8 7.2 -2.5
v 7.7 7.3 -2.5
v 7.7 7.2 -2.5
v 7.8 7.2 -2.5
v 7.8 7.3 -2.5
v 7.8 7.3 -2.6
v 7.8 7.2 -2.6
v 7.7 7.2 -2.6
v 7.7 7.3 -2.6
v 7.8 7.2 -2.5
v 7.8 7.2 -2.6
v 7.9 7.2 -2.6
v 7.9 7.2 -2.5
v 7.8 7.3 -2.5
v 7.8 7.2 -2.5
v 7.9 7.2 -2.5
v 7.9 7.3 -2.5
v 7.9 7.3 -2.6
v 7.9 7.2 -2.6
v 7.8 7.2 -2.6
v 7.8 7.3 -2.6
v 8 7.3 -2.5
v 8 7.2 -2.5
v 8 7.2 -2.6
v 8 7.3 -2.6
v 7.9 7.2 -2.5
v 7.9 7.2 -2.6
v 8 7.2 -2.6
v 8 7.2 -2.5
v 7.9 7.3 -2.5
v 7.9 7.2 -2.5
v 8 7.2 -2.5
v 8 7.3 -2.5
v 8 7.3 -2.6
v 8 7.2 -2.6
v 7.9 7.2 -2.6
v 7.9 7.3 -2.6

# faces
f 1/3/1 2/3/1 3/3/1 4/3/1
f 5/3/3 6/3/3 7/3/3 8/3/3
f 9/3/5 10/3/5 11/3/5 12/3/5
f 13/3/6 14/3/6 15/3/6 16/3/6
f 17/3/3 18/3/3 19/3/3 20/3/3
f 21/3/5 22/3/5 23/3/5 24/3/5
f 25/3/6 26/3/6 27/3/6 28/3/6
f 29/3/3 30/3/3 31/3/3 32/3/3
f 33/3/5 34/3/5 35/3/5 36/3/5
f 37/3/6 38/3/6 39/3/6 40/3/6
f 41/3/3 42/3/3 43/3/3 44/3/3
f 45/3/5 46/3/5 47/3/5 48/3/5
f 49/3/6 50/3/6 51/3/6 52/3/6
f 53/3/2 54/3/2 55/3/2 56/3/2
f 57/3/3 58/3/3 59/3/3 60/3/3
f 61/3/5 62/3/5 63/3/5 64/3/5
f 65/3/6 66/3/6 67/3/6 68/3/6
f 69/3/1 70/3/1 71/3/1 72/3/1
f 73/3/3 74/3/3 75/3/3 76/3/3
f 77/3/5 78/3/5 79/3/5 80/3/5
f 81/3/6 82/3/6 83/3/6 84/3/6
f 85/3/3 86/3/3 87/3/3 88/3/3
f 89/3/5 90/3/5 91/3/5 92/3/5
f 93/3/6 94/3/6 95/3/6 96/3/6
f 97/3/3 98/3/3 99/3/3 100/3/3
f 101/3/5 102/3/5 103/3/5 104/3/5
f 105/3/6 106/3/6 107/3/6 108/3/6
f 109/2/5 110/2/5 111/2/5 112/2/5
f 113/2/6 114/2/6 115/2/6 116/2/6
f 117/2/5 118/2/5 119/2/5 120/2/5
f 121/2/6 122/2/6 123/2/6 124/2/6
f 125/2/5 126/2/5 127/2/5 128/2/5
f 129/2/6 130/2/6 131/2/6 132/2/6
f 133/2/5 134/2/5 135/2/5 136/2/5
f 137/2/6 138/2/6 139/2/6 140/2/6
f 141/2/5 142/2/5 143/2/5 144/2/5
f 145/2/6 146/2/6 147/2/6 148/2/6
f 149/3/3 150/3/3 151/3/3 152/3/3
f 153/3/5 154/3/5 155/3/5 156/3/5
f 157/3/6 158/3/6 159/3/6 160/3/6
f 161/3/3 162/3/3 163/3/3 164/3/3
f 165/3/5 166/3/5 167/3/5 168/3/5
f 169/3/6 170/3/6 171/3/6 172/3/6
f 173/3/3 174/3/3 175/3/3 176/3/3
f 177/3/5 178/3/5 179/3/5 180/3/5
f 181/3/6 182/3/6 183/3/6 184/3/6
f 185/3/2 186/3/2 187/3/2 188/3/2
f 189/3/3 190/3/3 191/3/3 192/3/3
f 193/3/5 194/3/5 195/3/5 196/3/5
f 197/3/6 198/3/6 199/3/6 200/3/6
f 201/3/1 202/3/1 203/3/1 204/3/1
f 205/3/3 206/3/3 207/3/3 208/3/3
f 209/3/5 210/3/5 211/3/5 212/3/5
f 213/3/6 214/3/6 215/3/6 216/3/6
f 217/3/3 218/3/3 219/3/3 220/3/3
f 221/3/5 222/3/5 223/3/5 224/3/5
f 225/3/6 226/3/6 227/3/6 228/3/6
f 229/3/3 230/3/3 231/3/3 232/3/3
f 233/3/5 234/3/5 235/3/5 236/3/5
f 237/3/6 238/3/6 239/3/6 240/3/6
f 241/2/5 242/2/5 243/2/5 244/2/5
f 245/2/6 246/2/6 247/2/6 248/2/6
f 249/2/5 250/2/5 251/2/5 252/2/5
f 253/2/6 254/2/6 255/2/6 256/2/6
f 257/2/5 258/2/5 259/2/5 260/2/5
f 261/2/6 262/2/6 263/2/6 264/2/6
f 265/1/5 266/1/5 267/1/5 268/1/5
f 269/1/6 270/1/6 271/1/6 272/1/6
f 273/1/5 274/1/5 275/1/5 276/1/5
f 277/1/6 278/1/6 279/1/6 280/1/6
f 281/1/5 282/1/5 283/1/5 284/1/5
f 285/1/6 286/1/6 287/1/6 288/1/6
f 289/1/5 290/1/5 291/1/5 292/1/5
f 293/1/6 294/1/6 295/1/6 296/1/6
f 297/1/5 298/1/5 299/1/5 300/1/5
f 301/1/6 302/1/6 303/1/6 304/1/6
f 305/2/5 306/2/5 307/2/5 308/2/5
f 309/2/6 310/2/6 311/2/6 312/2/6
f 313/2/5 314/2/5 315/2/5 316/2/5
f 317/2/6 318/2/6 319/2/6 320/2/6
f 321/2/5 322/2/5 323/2/5 324/2/5
f 325/2/6 326/2/6 327/2/6 328/2/6
f 329/2/5 330/2/5 331/2/5 332/2/5
f 333/2/6 334/2/6 335/2/6 336/2/6
f 337/3/2 338/3/2 339/3/2 340/3/2
f 341/3/3 342/3/3 343/3/3 344/3/3
f 345/3/5 346/3/5 347/3/5 348/3/5
f 349/3/6 350/3/6 351/3/6 352/3/6
f 353/3/1 354/3/1 355/3/1 356/3/1
f 357/3/3 358/3/3 359/3/3 360/3/3
f 361/3/5 362/3/5 363/3/5 364/3/5
f 365/3/6 366/3/6 367/3/6 368/3/6
f 369/2/5 370/2/5 371/2/5 372/2/5
f 373/2/6 374/2/6 375/2/6 376/2/6
f 377/2/5 378/2/5 379/2/5 380/2/5
f 381/2/6 382/2/6 383/2/6 384/2/6
f 385/2/5 386/2/5 387/2/5 388/2/5
f 389/2/6 390/2/6 391/2/6 392/2/6
f 393/1/5 394/1/5 395/1/5 396/1/5
f 397/1/6 398/1/6 399/1/6 400/1/6
f 401/1/5 402/1/5 403/1/5 404/1/5
f 405/1/6 406/1/6 407/1/6 408/1/6
f 409/1/5 410/1/5 411/1/5 412/1/5
f 413/1/6 414/1/6 415/1/6 416/1/6
f 417/1/5 418/1/5 419/1/5 420/1/5
f 421/1/6 422/1/6 423/1/6 424/1/6
f 425/1/5 426/1/5 427/1/5 428/1/5
f 429/1/6 430/1/6 431/1/6 432/1/6
f 433/1/5 434/1/5 435/1/5 436/1/5
f 437/1/6 438/1/6 439/1/6 440/1/6
f 441/1/5 442/1/5 443/1/5 444/1/5
f 445/1/6 446/1/6 447/1/6 448/1/6
f 449/1/5 450/1/5 451/1/5 452/1/5
f 453/1/6 454/1/6 455/1/6 456/1/6
f 457/1/5 458/1/5 459/1/5 460/1/5
f 461/1/6 462/1/6 463/1/6 464/1/6
f 465/1/5 466/1/5 467/1/5 468/1/5
f 469/1/6 470/1/6 471/1/6 472/1/6
f 473/1/5 474/1/5 475/1/5 476/1/5
f 477/1/6 478/1/6 479/1/6 480/1/6
f 481/1/5 482/1/5 483/1/5 484/1/5
f 485/1/6 486/1/6 487/1/6 488/1/6
f 489/2/5 490/2/5 491/2/5 492/2/5
f 493/2/6 494/2/6 495/2/6 496/2/6
f 497/3/3 498/3/3 499/3/3 500/3/3
f 501/3/5 502/3/5 503/3/5 504/3/5
f 505/3/6 506/3/6 507/3/6 508/3/6
f 509/3/2 510/3/2 511/3/2 512/3/2
f 513/3/3 514/3/3 515/3/3 516/3/3
f 517/3/5 518/3/5 519/3/5 520/3/5
f 521/3/6 522/3/6 523/3/6 524/3/6
f 525/3/1 526/3/1 527/3/1 528/3/1
f 529/3/3 530/3/3 531/3/3 532/3/3
f 533/3/5 534/3/5 535/3/5 536/3/5
f 537/3/6 538/3/6 539/3/6 540/3/6
f 541/3/3 542/3/3 543/3/3 544/3/3
f 545/3/5 546/3/5 547/3/5 548/3/5
f 549/3/6 550/3/6 551/3/6 552/3/6
f 553/2/5 554/2/5 555/2/5 556/2/5
f 557/2/6 558/2/6 559/2/6 560/2/6
f 561/2/5 562/2/5 563/2/5 564/2/5
f 565/2/6 566/2/6 567/2/6 568/2/6
f 569/2/5 570/2/5 571/2/5 572/2/5
f 573/2/6 574/2/6 575/2/6 576/2/6
f 577/2/5 578/2/5 579/2/5 580/2/5
f 581/2/6 582/2/6 583/2/6 584/2/6
f 585/2/5 586/2/5 587/2/5 588/2/5
f 589/2/6 590/2/6 591/2/6 592/2/6
f 593/2/5 594/2/5 595/2/5 596/2/5
f 597/2/6 598/2/6 599/2/6 600/2/6
f 601/2/5 602/2/5 603/2/5 604/2/5
f 605/2/6 606/2/6 607/2/6 608/2/6
f 609/2/5 610/2/5 611/2/5 612/2/5
f 613/2/6 614/2/6 615/2/6 616/2/6
f 617/2/5 618/2/5 619/2/5 620/2/5
f 621/2/6 622/2/6 623/2/6 624/2/6
f 625/2/5 626/2/5 627/2/5 628/2/5
f 629/2/6 630/2/6 631/2/6 632/2/6
f 633/2/5 634/2/5 635/2/5 636/2/5
f 637/2/6 638/2/6 639/2/6 640/2/6
f 641/2/5 642/2/5 643/2/5 644/2/5
f 645/2/6 646/2/6 647/2/6 648/2/6
f 649/1/5 650/1/5 651/1/5 652/1/5
f 653/1/6 654/1/6 655/1/6 656/1/6
f 657/1/5 658/1/5 659/1/5 660/1/5
f 661/1/6 662/1/6 663/1/6 664/1/6
f 665/1/5 666/1/5 667/1/5 668/1/5
f 669/1/6 670/1/6 671/1/6 672/1/6
f 673/1/5 674/1/5 675/1/5 676/1/5
f 677/1/6 678/1/6 679/1/6 680/1/6
f 681/1/5 682/1/5 683/1/5 684/1/5
f 685/1/6 686/1/6 687/1/6 688/1/6
f 689/2/5 690/2/5 691/2/5 692/2/5
f 693/2/6 694/2/6 695/2/6 696/2/6
f 697/2/5 698/2/5 699/2/5 700/2/5
f 701/2/6 702/2/6 703/2/6 704/2/6
f 705/3/2 706/3/2 707/3/2 708/3/2
f 709/3/3 710/3/3 711/3/3 712/3/3
f 713/3/5 714/3/5 715/3/5 716/3/5
f 717/3/6 718/3/6 719/3/6 720/3/6
f 721/3/1 722/3/1 723/3/1 724/3/1
f 725/3/3 726/3/3 727/3/3 728/3/3
f 729/3/5 730/3/5 731/3/5 732/3/5
f 733/3/6 734/3/6 735/3/6 736/3/6
f 737/2/5 738/2/5 739/2/5 740/2/5
f 741/2/6 742/2/6 743/2/6 744/2/6
f 745/2/5 746/2/5 747/2/5 748/2/5
f 749/2/6 750/2/6 751/2/6 752/2/6
f 753/2/5 754/2/5 755/2/5 756/2/5
f 757/2/6 758/2/6 759/2/6 760/2/6
f 761/3/4 762/3/4 763/3/4 764/3/4
f 765/3/5 766/3/5 767/3/5 768/3/5
f 769/3/6 770/3/6 771/3/6 772/3/6
f 773/3/4 774/3/4 775/3/4 776/3/4
f 777/3/5 778/3/5 779/3/5 780/3/5
f 781/3/6 782/3/6 783/3/6 784/3/6
f 785/3/4 786/3/4 787/3/4 788/3/4
f 789/3/5 790/3/5 791/3/5 792/3/5
f 793/3/6 794/3/6 795/3/6 796/3/6
f 797/3/4 798/3/4 799/3/4 800/3/4
f 801/3/5 802/3/5 803/3/5 804/3/5
f 805/3/6 806/3/6 807/3/6 808/3/6
f 809/3/5 810/3/5 811/3/5 812/3/5
f 813/3/6 814/3/6 815/3/6 816/3/6
f 817/3/5 818/3/5 819/3/5 820/3/5
f 821/3/6 822/3/6 823/3/6 824/3/6
f 825/3/5 826/3/5 827/3/5 828/3/5
f 829/3/6 830/3/6 831/3/6 832/3/6
f 833/3/5 834/3/5 835/3/5 836/3/5
f 837/3/6 838/3/6 839/3/6 840/3/6
f 841/3/5 842/3/5 843/3/5 844/3/5
f 845/3/6 846/3/6 847/3/6 848/3/6
f 849/3/5 850/3/5 851/3/5 852/3/5
f 853/3/6 854/3/6 855/3/6 856/3/6
f 857/3/5 858/3/5 859/3/5 860/3/5
f 861/3/6 862/3/6 863/3/6 864/3/6
f 865/2/5 866/2/5 867/2/5 868/2/5
f 869/2/6 870/2/6 871/2/6 872/2/6
f 873/2/5 874/2/5 875/2/5 876/2/5
f 877/2/6 878/2/6 879/2/6 880/2/6
f 881/2/5 882/2/5 883/2/5 884/2/5
f 885/2/6 886/2/6 887/2/6 888/2/6
f 889/1/5 890/1/5 891/1/5 892/1/5
f 893/1/6 894/1/6 895/1/6 896/1/6
f 897/1/5 898/1/5 899/1/5 900/1/5
f 901/1/6 902/1/6 903/1/6 904/1/6
f 905/1/5 906/1/5 907/1/5 908/1/5
f 909/1/6 910/1/6 911/1/6 912/1/6
f 913/1/5 914/1/5 915/1/5 916/1/5
f 917/1/6 918/1/6 919/1/6 920/1/6
f 921/2/5 922/2/5 923/2/5 924/2/5
f 925/2/6 926/2/6 927/2/6 928/2/6
f 929/3/2 930/3/2 931/3/2 932/3/2
f 933/3/3 934/3/3 935/3/3 936/3/3
f 937/3/5 938/3/5 939/3/5 940/3/5
f 941/3/6 942/3/6 943/3/6 944/3/6
f 945/3/1 946/3/1 947/3/1 948/3/1
f 949/3/2 950/3/2 951/3/2 952/3/2
f 953/3/3 954/3/3 955/3/3 956/3/3
f 957/3/4 958/3/4 959/3/4 960/3/4
f 961/3/5 962/3/5 963/3/5 964/3/5
f 965/3/6 966/3/6 967/3/6 968/3/6
f 969/3/1 970/3/1 971/3/1 972/3/1
f 973/3/3 974/3/3 975/3/3 976/3/3
f 977/3/5 978/3/5 979/3/5 980/3/5
f 981/3/6 982/3/6 983/3/6 984/3/6
f 985/2/5 986/2/5 987/2/5 988/2/5
f 989/2/6 990/2/6 991/2/6 992/2/6
f 993/3/4 994/3/4 995/3/4 996/3/4
f 997/3/5 998/3/5 999/3/5 1000/3/5
f 1001/3/6 1002/3/6 1003/3/6 1004/3/6
f 1005/3/4 1006/3/4 1007/3/4 1008/3/4
f 1009/3/5 1010/3/5 1011/3/5 1012/3/5
f 1013/3/6 1014/3/6 1015/3/6 1016/3/6
f 1017/3/2 1018/3/2 1019/3/2 1020/3/2
f 1021/3/4 1022/3/4 1023/3/4 1024/3/4
f 1025/3/5 1026/3/5 1027/3/5 1028/3/5
f 1029/3/6 1030/3/6 1031/3/6 1032/3/6
f 1033/3/1 1034/3/1 1035/3/1 1036/3/1
f 1037/3/5 1038/3/5 1039/3/5 1040/3/5
f 1041/3/6 1042/3/6 1043/3/6 1044/3/6
f 1045/3/5 1046/3/5 1047/3/5 1048/3/5
f 1049/3/6 1050/3/6 1051/3/6 1052/3/6
f 1053/3/5 1054/3/5 1055/3/5 1056/3/5
f 1057/3/6 1058/3/6 1059/3/6 1060/3/6
f 1061/3/5 1062/3/5 1063/3/5 1064/3/5
f 1065/3/6 1066/3/6 1067/3/6 1068/3/6
f 1069/3/5 1070/3/5 1071/3/5 1072/3/5
f 1073/3/6 1074/3/6 1075/3/6 1076/3/6
f 1077/3/5 1078/3/5 1079/3/5 1080/3/5
f 1081/3/6 1082/3/6 1083/3/6 1084/3/6
f 1085/3/5 1086/3/5 1087/3/5 1088/3/5
f 1089/3/6 1090/3/6 1091/3/6 1092/3/6
f 1093/3/5 1094/3/5 1095/3/5 1096/3/5
f 1097/3/6 1098/3/6 1099/3/6 1100/3/6
f 1101/3/5 1102/3/5 1103/3/5 1104/3/5
f 1105/3/6 1106/3/6 1107/3/6 1108/3/6
f 1109/3/5 1110/3/5 1111/3/5 1112/3/5
f 1113/3/6 1114/3/6 1115/3/6 1116/3/6
f 1117/2/5 1118/2/5 1119/2/5 1120/2/5
f 1121/2/6 1122/2/6 1123/2/6 1124/2/6
f 1125/2/5 1126/2/5 1127/2/5 1128/2/5
f 1129/2/6 1130/2/6 1131/2/6 1132/2/6
f 1133/1/5 1134/1/5 1135/1/5 1136/1/5
f 1137/1/6 1138/1/6 1139/1/6 1140/1/6
f 1141/1/5 1142/1/5 1143/1/5 1144/1/5
f 1145/1/6 1146/1/6 1147/1/6 1148/1/6
f 1149/1/5 1150/1/5 1151/1/5 1152/1/5
f 1153/1/6 1154/1/6 1155/1/6 1156/1/6
f 1157/2/5 1158/2/5 1159/2/5 1160/2/5
f 1161/2/6 1162/2/6 1163/2/6 1164/2/6
f 1165/3/2 1166/3/2 1167/3/2 1168/3/2
f 1169/3/3 1170/3/3 1171/3/3 1172/3/3
f 1173/3/5 1174/3/5 1175/3/5 1176/3/5
f 1177/3/6 1178/3/6 1179/3/6 1180/3/6
f 1181/3/1 1182/3/1 1183/3/1 1184/3/1
f 1185/3/3 1186/3/3 1187/3/3 1188/3/3
f 1189/3/5 1190/3/5 1191/3/5 1192/3/5
f 1193/3/6 1194/3/6 1195/3/6 1196/3/6
f 1197/3/2 1198/3/2 1199/3/2 1200/3/2
f 1201/3/3 1202/3/3 1203/3/3 1204/3/3
f 1205/3/5 1206/3/5 1207/3/5 1208/3/5
f 1209/3/6 1210/3/6 1211/3/6 1212/3/6
f 1213/3/1 1214/3/1 1215/3/1 1216/3/1
f 1217/3/4 1218/3/4 1219/3/4 1220/3/4
f 1221/3/5 1222/3/5 1223/3/5 1224/3/5
f 1225/3/6 1226/3/6 1227/3/6 1228/3/6
f 1229/3/2 1230/3/2 1231/3/2 1232/3/2
f 1233/3/4 1234/3/4 1235/3/4 1236/3/4
f 1237/3/5 1238/3/5 1239/3/5 1240/3/5
f 1241/3/6 1242/3/6 1243/3/6 1244/3/6
f 1245/3/1 1246/3/1 1247/3/1 1248/3/1
f 1249/3/3 1250/3/3 1251/3/3 1252/3/3
f 1253/3/5 1254/3/5 1255/3/5 1256/3/5
f 1257/3/6 1258/3/6 1259/3/6 1260/3/6
f 1261/3/3 1262/3/3 1263/3/3 1264/3/3
f 1265/3/5 1266/3/5 1267/3/5 1268/3/5
f 1269/3/6 1270/3/6 1271/3/6 1272/3/6
f 1273/2/5 1274/2/5 1275/2/5 1276/2/5
f 1277/2/6 1278/2/6 1279/2/6 1280/2/6
f 1281/2/5 1282/2/5 1283/2/5 1284/2/5
f 1285/2/6 1286/2/6 1287/2/6 1288/2/6
f 1289/2/5 1290/2/5 1291/2/5 1292/2/5
f 1293/2/6 1294/2/6 1295/2/6 1296/2/6
f 1297/2/5 1298/2/5 1299/2/5 1300/2/5
f 1301/2/6 1302/2/6 1303/2/6 1304/2/6
f 1305/2/5 1306/2/5 1307/2/5 1308/2/5
f 1309/2/6 1310/2/6 1311/2/6 1312/2/6
f 1313/2/5 1314/2/5 1315/2/5 1316/2/5
f 1317/2/6 1318/2/6 1319/2/6 1320/2/6
f 1321/2/5 1322/2/5 1323/2/5 1324/2/5
f 1325/2/6 1326/2/6 1327/2/6 1328/2/6
f 1329/3/5 1330/3/5 1331/3/5 1332/3/5
f 1333/3/6 1334/3/6 1335/3/6 1336/3/6
f 1337/3/5 1338/3/5 1339/3/5 1340/3/5
f 1341/3/6 1342/3/6 1343/3/6 1344/3/6
f 1345/3/5 1346/3/5 1347/3/5 1348/3/5
f 1349/3/6 1350/3/6 1351/3/6 1352/3/6
f 1353/3/5 1354/3/5 1355/3/5 1356/3/5
f 1357/3/6 1358/3/6 1359/3/6 1360/3/6
f 1361/3/5 1362/3/5 1363/3/5 1364/3/5
f 1365/3/6 1366/3/6 1367/3/6 1368/3/6
f 1369/2/5 1370/2/5 1371/2/5 1372/2/5
f 1373/2/6 1374/2/6 1375/2/6 1376/2/6
f 1377/2/5 1378/2/5 1379/2/5 1380/2/5
f 1381/2/6 1382/2/6 1383/2/6 1384/2/6
f 1385/1/5 1386/1/5 1387/1/5 1388/1/5
f 1389/1/6 1390/1/6 1391/1/6 1392/1/6
f 1393/1/5 1394/1/5 1395/1/5 1396/1/5
f 1397/1/6 1398/1/6 1399/1/6 1400/1/6
f 1401/2/5 1402/2/5 1403/2/5 1404/2/5
f 1405/2/6 1406/2/6 1407/2/6 1408/2/6
f 1409/3/2 1410/3/2 1411/3/2 1412/3/2
f 1413/3/3 1414/3/3 1415/3/3 1416/3/3
f 1417/3/5 1418/3/5 1419/3/5 1420/3/5
f 1421/3/6 1422/3/6 1423/3/6 1424/3/6
f 1425/3/1 1426/3/1 1427/3/1 1428/3/1
f 1429/3/4 1430/3/4 1431/3/4 1432/3/4
f 1433/3/5 1434/3/5 1435/3/5 1436/3/5
f 1437/3/6 1438/3/6 1439/3/6 1440/3/6
f 1441/2/5 1442/2/5 1443/2/5 1444/2/5
f 1445/2/6 1446/2/6 1447/2/6 1448/2/6
f 1449/3/2 1450/3/2 1451/3/2 1452/3/2
f 1453/3/3 1454/3/3 1455/3/3 1456/3/3
f 1457/3/5 1458/3/5 1459/3/5 1460/3/5
f 1461/3/6 1462/3/6 1463/3/6 1464/3/6
f 1465/3/1 1466/3/1 1467/3/1 1468/3/1
f 1469/3/2 1470/3/2 1471/3/2 1472/3/2
f 1473/3/3 1474/3/3 1475/3/3 1476/3/3
f 1477/3/4 1478/3/4 1479/3/4 1480/3/4
f 1481/3/5 1482/3/5 1483/3/5 1484/3/5
f 1485/3/6 1486/3/6 1487/3/6 1488/3/6
f 1489/3/1 1490/3/1 1491/3/1 1492/3/1
f 1493/3/3 1494/3/3 1495/3/3 1496/3/3
f 1497/3/5 1498/3/5 1499/3/5 1500/3/5
f 1501/3/6 1502/3/6 1503/3/6 1504/3/6
f 1505/3/3 1506/3/3 1507/3/3 1508/3/3
f 1509/3/5 1510/3/5 1511/3/5 1512/3/5
f 1513/3/6 1514/3/6 1515/3/6 1516/3/6
f 1517/2/5 1518/2/5 1519/2/5 1520/2/5
f 1521/2/6 1522/2/6 1523/2/6 1524/2/6
f 1525/2/5 1526/2/5 1527/2/5 1528/2/5
f 1529/2/6 1530/2/6 1531/2/6 1532/2/6
f 1533/1/5 1534/1/5 1535/1/5 1536/1/5
f 1537/1/6 1538/1/6 1539/1/6 1540/1/6
f 1541/1/5 1542/1/5 1543/1/5 1544/1/5
f 1545/1/6 1546/1/6 1547/1/6 1548/1/6
f 1549/1/5 1550/1/5 1551/1/5 1552/1/5
f 1553/1/6 1554/1/6 1555/1/6 1556/1/6
f 1557/1/5 1558/1/5 1559/1/5 1560/1/5
f 1561/1/6 1562/1/6 1563/1/6 1564/1/6
f 1565/1/5 1566/1/5 1567/1/5 1568/1/5
f 1569/1/6 1570/1/6 1571/1/6 1572/1/6
f 1573/1/5 1574/1/5 1575/1/5 1576/1/5
f 1577/1/6 1578/1/6 1579/1/6 1580/1/6
f 1581/1/5 1582/1/5 1583/1/5 1584/1/5
f 1585/1/6 1586/1/6 1587/1/6 1588/1/6
f 1589/2/5 1590/2/5 1591/2/5 1592/2/5
f 1593/2/6 1594/2/6 1595/2/6 1596/2/6
f 1597/2/5 1598/2/5 1599/2/5 1600/2/5
f 1601/2/6 1602/2/6 1603/2/6 1604/2/6
f 1605/2/5 1606/2/5 1607/2/5 1608/2/5
f 1609/2/6 1610/2/6 1611/2/6 1612/2/6
f 1613/2/5 1614/2/5 1615/2/5 1616/2/5
f 1617/2/6 1618/2/6 1619/2/6 1620/2/6
f 1621/3/5 1622/3/5 1623/3/5 1624/3/5
f 1625/3/6 1626/3/6 1627/3/6 1628/3/6
f 1629/3/5 1630/3/5 1631/3/5 1632/3/5
f 1633/3/6 1634/3/6 1635/3/6 1636/3/6
f 1637/3/5 1638/3/5 1639/3/5 1640/3/5
f 1641/3/6 1642/3/6 1643/3/6 1644/3/6
f 1645/2/5 1646/2/5 1647/2/5 1648/2/5
f 1649/2/6 1650/2/6 1651/2/6 1652/2/6
f 1653/1/5 1654/1/5 1655/1/5 1656/1/5
f 1657/1/6 1658/1/6 1659/1/6 1660/1/6
f 1661/1/5 1662/1/5 1663/1/5 1664/1/5
f 1665/1/6 1666/1/6 1667/1/6 1668/1/6
f 1669/2/5 1670/2/5 1671/2/5 1672/2/5
f 1673/2/6 1674/2/6 1675/2/6 1676/2/6
f 1677/3/2 1678/3/2 1679/3/2 1680/3/2
f 1681/3/3 1682/3/3 1683/3/3 1684/3/3
f 1685/3/5 1686/3/5 1687/3/5 1688/3/5
f 1689/3/6 1690/3/6 1691/3/6 1692/3/6
f 1693/3/1 1694/3/1 1695/3/1 1696/3/1
f 1697/3/5 1698/3/5 1699/3/5 1700/3/5
f 1701/3/6 1702/3/6 1703/3/6 1704/3/6
f 1705/2/5 1706/2/5 1707/2/5 1708/2/5
f 1709/2/6 1710/2/6 1711/2/6 1712/2/6
f 1713/3/2 1714/3/2 1715/3/2 1716/3/2
f 1717/3/3 1718/3/3 1719/3/3 1720/3/3
f 1721/3/5 1722/3/5 1723/3/5 1724/3/5
f 1725/3/6 1726/3/6 1727/3/6 1728/3/6
f 1729/3/1 1730/3/1 1731/3/1 1732/3/1
f 1733/3/3 1734/3/3 1735/3/3 1736/3/3
f 1737/3/5 1738/3/5 1739/3/5 1740/3/5
f 1741/3/6 1742/3/6 1743/3/6 1744/3/6
f 1745/3/3 1746/3/3 1747/3/3 1748/3/3
f 1749/3/5 1750/3/5 1751/3/5 1752/3/5
f 1753/3/6 1754/3/6 1755/3/6 1756/3/6
f 1757/2/5 1758/2/5 1759/2/5 1760/2/5
f 1761/2/6 1762/2/6 1763/2/6 1764/2/6
f 1765/2/5 1766/2/5 1767/2/5 1768/2/5
f 1769/2/6 1770/2/6 1771/2/6 1772/2/6
f 1773/1/5 1774/1/5 1775/1/5 1776/1/5
f 1777/1/6 1778/1/6 1779/1/6 1780/1/6
f 1781/1/5 1782/1/5 1783/1/5 1784/1/5
f 1785/1/6 1786/1/6 1787/1/6 1788/1/6
f 1789/1/5 1790/1/5 1791/1/5 1792/1/5
f 1793/1/6 1794/1/6 1795/1/6 1796/1/6
f 1797/1/5 1798/1/5 1799/1/5 1800/1/5
f 1801/1/6 1802/1/6 1803/1/6 1804/1/6
f 1805/1/5 1806/1/5 1807/1/5 1808/1/5
f 1809/1/6 1810/1/6 1811/1/6 1812/1/6
f 1813/2/5 1814/2/5 1815/2/5 1816/2/5
f 1817/2/6 1818/2/6 1819/2/6 1820/2/6
f 1821/2/5 1822/2/5 1823/2/5 1824/2/5
f 1825/2/6 1826/2/6 1827/2/6 1828/2/6
f 1829/2/5 1830/2/5 1831/2/5 1832/2/5
f 1833/2/6 1834/2/6 1835/2/6 1836/2/6
f 1837/2/5 1838/2/5 1839/2/5 1840/2/5
f 1841/2/6 1842/2/6 1843/2/6 1844/2/6
f 1845/2/5 1846/2/5 1847/2/5 1848/2/5
f 1849/2/6 1850/2/6 1851/2/6 1852/2/6
f 1853/2/5 1854/2/5 1855/2/5 1856/2/5
f 1857/2/6 1858/2/6 1859/2/6 1860/2/6
f 1861/2/5 1862/2/5 1863/2/5 1864/2/5
f 1865/2/6 1866/2/6 1867/2/6 1868/2/6
f 1869/1/5 1870/1/5 1871/1/5 1872/1/5
f 1873/1/6 1874/1/6 1875/1/6 1876/1/6
f 1877/2/5 1878/2/5 1879/2/5 1880/2/5
f 1881/2/6 1882/2/6 1883/2/6 1884/2/6
f 1885/2/5 1886/2/5 1887/2/5 1888/2/5
f 1889/2/6 1890/2/6 1891/2/6 1892/2/6
f 1893/2/5 1894/2/5 1895/2/5 1896/2/5
f 1897/2/6 1898/2/6 1899/2/6 1900/2/6
f 1901/3/5 1902/3/5 1903/3/5 1904/3/5
f 1905/3/6 1906/3/6 1907/3/6 1908/3/6
f 1909/2/5 1910/2/5 1911/2/5 1912/2/5
f 1913/2/6 1914/2/6 1915/2/6 1916/2/6
f 1917/1/5 1918/1/5 1919/1/5 1920/1/5
f 1921/1/6 1922/1/6 1923/1/6 1924/1/6
f 1925/1/5 1926/1/5 1927/1/5 1928/1/5
f 1929/1/6 1930/1/6 1931/1/6 1932/1/6
f 1933/2/5 1934/2/5 1935/2/5 1936/2/5
f 1937/2/6 1938/2/6 1939/2/6 1940/2/6
f 1941/3/2 1942/3/2 1943/3/2 1944/3/2
f 1945/3/3 1946/3/3 1947/3/3 1948/3/3
f 1949/3/5 1950/3/5 1951/3/5 1952/3/5
f 1953/3/6 1954/3/6 1955/3/6 1956/3/6
f 1957/3/1 1958/3/1 1959/3/1 1960/3/1
f 1961/3/5 1962/3/5 1963/3/5 1964/3/5
f 1965/3/6 1966/3/6 1967/3/6 1968/3/6
f 1969/2/5 1970/2/5 1971/2/5 1972/2/5
f 1973/2/6 1974/2/6 1975/2/6 1976/2/6
f 1977/3/2 1978/3/2 1979/3/2 1980/3/2
f 1981/3/5 1982/3/5 1983/3/5 1984/3/5
f 1985/3/6 1986/3/6 1987/3/6 1988/3/6
f 1989/3/1 1990/3/1 1991/3/1 1992/3/1
f 1993/3/3 1994/3/3 1995/3/3 1996/3/3
f 1997/3/5 1998/3/5 1999/3/5 2000/3/5
f 2001/3/6 2002/3/6 2003/3/6 2004/3/6
f 2005/2/5 2006/2/5 2007/2/5 2008/2/5
f 2009/2/6 2010/2/6 2011/2/6 2012/2/6
f 2013/2/5 2014/2/5 2015/2/5 2016/2/5
f 2017/2/6 2018/2/6 2019/2/6 2020/2/6
f 2021/1/5 2022/1/5 2023/1/5 2024/1/5
f 2025/1/6 2026/1/6 2027/1/6 2028/1/6
f 2029/1/5 2030/1/5 2031/1/5 2032/1/5
f 2033/1/6 2034/1/6 2035/1/6 2036/1/6
f 2037/1/5 2038/1/5 2039/1/5 2040/1/5
f 2041/1/6 2042/1/6 2043/1/6 2044/1/6
f 2045/1/5 2046/1/5 2047/1/5 2048/1/5
f 2049/1/6 2050/1/6 2051/1/6 2052/1/6
f 2053/1/5 2054/1/5 2055/1/5 2056/1/5
f 2057/1/6 2058/1/6 2059/1/6 2060/1/6
f 2061/2/5 2062/2/5 2063/2/5 2064/2/5
f 2065/2/6 2066/2/6 2067/2/6 2068/2/6
f 2069/2/5 2070/2/5 2071/2/5 2072/2/5
f 2073/2/6 2074/2/6 2075/2/6 2076/2/6
f 2077/3/4 2078/3/4 2079/3/4 2080/3/4
f 2081/3/5 2082/3/5 2083/3/5 2084/3/5
f 2085/3/6 2086/3/6 2087/3/6 2088/3/6
f 2089/3/4 2090/3/4 2091/3/4 2092/3/4
f 2093/3/5 2094/3/5 2095/3/5 2096/3/5
f 2097/3/6 2098/3/6 2099/3/6 2100/3/6
f 2101/3/4 2102/3/4 2103/3/4 2104/3/4
f 2105/3/5 2106/3/5 2107/3/5 2108/3/5
f 2109/3/6 2110/3/6 2111/3/6 2112/3/6
f 2113/3/4 2114/3/4 2115/3/4 2116/3/4
f 2117/3/5 2118/3/5 2119/3/5 2120/3/5
f 2121/3/6 2122/3/6 2123/3/6 2124/3/6
f 2125/3/4 2126/3/4 2127/3/4 2128/3/4
f 2129/3/5 2130/3/5 2131/3/5 2132/3/5
f 2133/3/6 2134/3/6 2135/3/6 2136/3/6
f 2137/3/4 2138/3/4 2139/3/4 2140/3/4
f 2141/3/5 2142/3/5 2143/3/5 2144/3/5
f 2145/3/6 2146/3/6 2147/3/6 2148/3/6
f 2149/3/4 2150/3/4 2151/3/4 2152/3/4
f 2153/3/5 2154/3/5 2155/3/5 2156/3/5
f 2157/3/6 2158/3/6 2159/3/6 2160/3/6
f 2161/2/5 2162/2/5 2163/2/5 2164/2/5
f 2165/2/6 2166/2/6 2167/2/6 2168/2/6
f 2169/2/5 2170/2/5 2171/2/5 2172/2/5
f 2173/2/6 2174/2/6 2175/2/6 2176/2/6
f 2177/1/5 2178/1/5 2179/1/5 2180/1/5
f 2181/1/6 2182/1/6 2183/1/6 2184/1/6
f 2185/2/5 2186/2/5 2187/2/5 2188/2/5
f 2189/2/6 2190/2/6 2191/2/6 2192/2/6
f 2193/3/5 2194/3/5 2195/3/5 2196/3/5
f 2197/3/6 2198/3/6 2199/3/6 2200/3/6
f 2201/3/5 2202/3/5 2203/3/5 2204/3/5
f 2205/3/6 2206/3/6 2207/3/6 2208/3/6
f 2209/2/5 2210/2/5 2211/2/5 2212/2/5
f 2213/2/6 2214/2/6 2215/2/6 2216/2/6
f 2217/1/5 2218/1/5 2219/1/5 2220/1/5
f 2221/1/6 2222/1/6 2223/1/6 2224/1/6
f 2225/2/5 2226/2/5 2227/2/5 2228/2/5
f 2229/2/6 2230/2/6 2231/2/6 2232/2/6
f 2233/3/2 2234/3/2 2235/3/2 2236/3/2
f 2237/3/5 2238/3/5 2239/3/5 2240/3/5
f 2241/3/6 2242/3/6 2243/3/6 2244/3/6
f 2245/3/1 2246/3/1 2247/3/1 2248/3/1
f 2249/3/5 2250/3/5 2251/3/5 2252/3/5
f 2253/3/6 2254/3/6 2255/3/6 2256/3/6
f 2257/2/5 2258/2/5 2259/2/5 2260/2/5
f 2261/2/6 2262/2/6 2263/2/6 2264/2/6
f 2265/2/5 2266/2/5 2267/2/5 2268/2/5
f 2269/2/6 2270/2/6 2271/2/6 2272/2/6
f 2273/3/2 2274/3/2 2275/3/2 2276/3/2
f 2277/3/3 2278/3/3 2279/3/3 2280/3/3
f 2281/3/5 2282/3/5 2283/3/5 2284/3/5
f 2285/3/6 2286/3/6 2287/3/6 2288/3/6
f 2289/3/1 2290/3/1 2291/3/1 2292/3/1
f 2293/3/3 2294/3/3 2295/3/3 2296/3/3
f 2297/3/5 2298/3/5 2299/3/5 2300/3/5
f 2301/3/6 2302/3/6 2303/3/6 2304/3/6
f 2305/2/5 2306/2/5 2307/2/5 2308/2/5
f 2309/2/6 2310/2/6 2311/2/6 2312/2/6
f 2313/1/5 2314/1/5 2315/1/5 2316/1/5
f 2317/1/6 2318/1/6 2319/1/6 2320/1/6
f 2321/1/5 2322/1/5 2323/1/5 2324/1/5
f 2325/1/6 2326/1/6 2327/1/6 2328/1/6
f 2329/1/5 2330/1/5 2331/1/5 2332/1/5
f 2333/1/6 2334/1/6 2335/1/6 2336/1/6
f 2337/1/5 2338/1/5 2339/1/5 2340/1/5
f 2341/1/6 2342/1/6 2343/1/6 2344/1/6
f 2345/1/5 2346/1/5 2347/1/5 2348/1/5
f 2349/1/6 2350/1/6 2351/1/6 2352/1/6
f 2353/2/5 2354/2/5 2355/2/5 2356/2/5
f 2357/2/6 2358/2/6 2359/2/6 2360/2/6
f 2361/2/5 2362/2/5 2363/2/5 2364/2/5
f 2365/2/6 2366/2/6 2367/2/6 2368/2/6
f 2369/3/4 2370/3/4 2371/3/4 2372/3/4
f 2373/3/5 2374/3/5 2375/3/5 2376/3/5
f 2377/3/6 2378/3/6 2379/3/6 2380/3/6
f 2381/3/2 2382/3/2 2383/3/2 2384/3/2
f 2385/3/4 2386/3/4 2387/3/4 2388/3/4
f 2389/3/5 2390/3/5 2391/3/5 2392/3/5
f 2393/3/6 2394/3/6 2395/3/6 2396/3/6
f 2397/3/1 2398/3/1 2399/3/1 2400/3/1
f 2401/3/4 2402/3/4 2403/3/4 2404/3/4
f 2405/3/5 2406/3/5 2407/3/5 2408/3/5
f 2409/3/6 2410/3/6 2411/3/6 2412/3/6
f 2413/3/4 2414/3/4 2415/3/4 2416/3/4
f 2417/3/5 2418/3/5 2419/3/5 2420/3/5
f 2421/3/6 2422/3/6 2423/3/6 2424/3/6
f 2425/2/5 2426/2/5 2427/2/5 2428/2/5
f 2429/2/6 2430/2/6 2431/2/6 2432/2/6
f 2433/2/5 2434/2/5 2435/2/5 2436/2/5
f 2437/2/6 2438/2/6 2439/2/6 2440/2/6
f 2441/2/5 2442/2/5 2443/2/5 2444/2/5
f 2445/2/6 2446/2/6 2447/2/6 2448/2/6
f 2449/3/5 2450/3/5 2451/3/5 2452/3/5
f 2453/3/6 2454/3/6 2455/3/6 2456/3/6
f 2457/3/5 2458/3/5 2459/3/5 2460/3/5
f 2461/3/6 2462/3/6 2463/3/6 2464/3/6
f 2465/2/5 2466/2/5 2467/2/5 2468/2/5
f 2469/2/6 2470/2/6 2471/2/6 2472/2/6
f 2473/1/5 2474/1/5 2475/1/5 2476/1/5
f 2477/1/6 2478/1/6 2479/1/6 2480/1/6
f 2481/2/5 2482/2/5 2483/2/5 2484/2/5
f 2485/2/6 2486/2/6 2487/2/6 2488/2/6
f 2489/3/2 2490/3/2 2491/3/2 2492/3/2
f 2493/3/3 2494/3/3 2495/3/3 2496/3/3
f 2497/3/5 2498/3/5 2499/3/5 2500/3/5
f 2501/3/6 2502/3/6 2503/3/6 2504/3/6
f 2505/3/1 2506/3/1 2507/3/1 2508/3/1
f 2509/3/5 2510/3/5 2511/3/5 2512/3/5
f 2513/3/6 2514/3/6 2515/3/6 2516/3/6
f 2517/2/5 2518/2/5 2519/2/5 2520/2/5
f 2521/2/6 2522/2/6 2523/2/6 2524/2/6
f 2525/2/5 2526/2/5 2527/2/5 2528/2/5
f 2529/2/6 2530/2/6 2531/2/6 2532/2/6
f 2533/3/2 2534/3/2 2535/3/2 2536/3/2
f 2537/3/5 2538/3/5 2539/3/5 2540/3/5
f 2541/3/6 2542/3/6 2543/3/6 2544/3/6
f 2545/3/1 2546/3/1 2547/3/1 2548/3/1
f 2549/3/3 2550/3/3 2551/3/3 2552/3/3
f 2553/3/5 2554/3/5 2555/3/5 2556/3/5
f 2557/3/6 2558/3/6 2559/3/6 2560/3/6
f 2561/2/5 2562/2/5 2563/2/5 2564/2/5
f 2565/2/6 2566/2/6 2567/2/6 2568/2/6
f 2569/1/5 2570/1/5 2571/1/5 2572/1/5
f 2573/1/6 2574/1/6 2575/1/6 2576/1/6
f 2577/1/5 2578/1/5 2579/1/5 2580/1/5
f 2581/1/6 2582/1/6 2583/1/6 2584/1/6
f 2585/1/5 2586/1/5 2587/1/5 2588/1/5
f 2589/1/6 2590/1/6 2591/1/6 2592/1/6
f 2593/1/5 2594/1/5 2595/1/5 2596/1/5
f 2597/1/6 2598/1/6 2599/1/6 2600/1/6
f 2601/1/5 2602/1/5 2603/1/5 2604/1/5
f 2605/1/6 2606/1/6 2607/1/6 2608/1/6
f 2609/2/5 2610/2/5 2611/2/5 2612/2/5
f 2613/2/6 2614/2/6 2615/2/6 2616/2/6
f 2617/3/4 2618/3/4 2619/3/4 2620/3/4
f 2621/3/5 2622/3/5 2623/3/5 2624/3/5
f 2625/3/6 2626/3/6 2627/3/6 2628/3/6
f 2629/3/2 2630/3/2 2631/3/2 2632/3/2
f 2633/3/4 2634/3/4 2635/3/4 2636/3/4
f 2637/3/5 2638/3/5 2639/3/5 2640/3/5
f 2641/3/6 2642/3/6 2643/3/6 2644/3/6
f 2645/3/1 2646/3/1 2647/3/1 2648/3/1
f 2649/3/4 2650/3/4 2651/3/4 2652/3/4
f 2653/3/5 2654/3/5 2655/3/5 2656/3/5
f 2657/3/6 2658/3/6 2659/3/6 2660/3/6
f 2661/3/5 2662/3/5 2663/3/5 2664/3/5
f 2665/3/6 2666/3/6 2667/3/6 2668/3/6
f 2669/2/5 2670/2/5 2671/2/5 2672/2/5
f 2673/2/6 2674/2/6 2675/2/6 2676/2/6
f 2677/3/5 2678/3/5 2679/3/5 2680/3/5
f 2681/3/6 2682/3/6 2683/3/6 2684/3/6
f 2685/3/4 2686/3/4 2687/3/4 2688/3/4
f 2689/3/5 2690/3/5 2691/3/5 2692/3/5
f 2693/3/6 2694/3/6 2695/3/6 2696/3/6
f 2697/2/5 2698/2/5 2699/2/5 2700/2/5
f 2701/2/6 2702/2/6 2703/2/6 2704/2/6
f 2705/1/5 2706/1/5 2707/1/5 2708/1/5
f 2709/1/6 2710/1/6 2711/1/6 2712/1/6
f 2713/2/5 2714/2/5 2715/2/5 2716/2/5
f 2717/2/6 2718/2/6 2719/2/6 2720/2/6
f 2721/3/2 2722/3/2 2723/3/2 2724/3/2
f 2725/3/5 2726/3/5 2727/3/5 2728/3/5
f 2729/3/6 2730/3/6 2731/3/6 2732/3/6
f 2733/3/1 2734/3/1 2735/3/1 2736/3/1
f 2737/3/5 2738/3/5 2739/3/5 2740/3/5
f 2741/3/6 2742/3/6 2743/3/6 2744/3/6
f 2745/2/5 2746/2/5 2747/2/5 2748/2/5
f 2749/2/6 2750/2/6 2751/2/6 2752/2/6
f 2753/2/5 2754/2/5 2755/2/5 2756/2/5
f 2757/2/6 2758/2/6 2759/2/6 2760/2/6
f 2761/3/2 2762/3/2 2763/3/2 2764/3/2
f 2765/3/5 2766/3/5 2767/3/5 2768/3/5
f 2769/3/6 2770/3/6 2771/3/6 2772/3/6
f 2773/3/1 2774/3/1 2775/3/1 2776/3/1
f 2777/3/3 2778/3/3 2779/3/3 2780/3/3
f 2781/3/5 2782/3/5 2783/3/5 2784/3/5
f 2785/3/6 2786/3/6 2787/3/6 2788/3/6
f 2789/2/5 2790/2/5 2791/2/5 2792/2/5
f 2793/2/6 2794/2/6 2795/2/6 2796/2/6
f 2797/1/5 2798/1/5 2799/1/5 2800/1/5
f 2801/1/6 2802/1/6 2803/1/6 2804/1/6
f 2805/1/5 2806/1/5 2807/1/5 2808/1/5
f 2809/1/6 2810/1/6 2811/1/6 2812/1/6
f 2813/1/5 2814/1/5 2815/1/5 2816/1/5
f 2817/1/6 2818/1/6 2819/1/6 2820/1/6
f 2821/1/5 2822/1/5 2823/1/5 2824/1/5
f 2825/1/6 2826/1/6 2827/1/6 2828/1/6
f 2829/1/5 2830/1/5 2831/1/5 2832/1/5
f 2833/1/6 2834/1/6 2835/1/6 2836/1/6
f 2837/2/5 2838/2/5 2839/2/5 2840/2/5
f 2841/2/6 2842/2/6 2843/2/6 2844/2/6
f 2845/3/2 2846/3/2 2847/3/2 2848/3/2
f 2849/3/4 2850/3/4 2851/3/4 2852/3/4
f 2853/3/5 2854/3/5 2855/3/5 2856/3/5
f 2857/3/6 2858/3/6 2859/3/6 2860/3/6
f 2861/3/1 2862/3/1 2863/3/1 2864/3/1
f 2865/3/4 2866/3/4 2867/3/4 2868/3/4
f 2869/3/5 2870/3/5 2871/3/5 2872/3/5
f 2873/3/6 2874/3/6 2875/3/6 2876/3/6
f 2877/2/5 2878/2/5 2879/2/5 2880/2/5
f 2881/2/6 2882/2/6 2883/2/6 2884/2/6
f 2885/3/2 2886/3/2 2887/3/2 2888/3/2
f 2889/3/4 2890/3/4 2891/3/4 2892/3/4
f 2893/3/5 2894/3/5 2895/3/5 2896/3/5
f 2897/3/6 2898/3/6 2899/3/6 2900/3/6
f 2901/3/1 2902/3/1 2903/3/1 2904/3/1
f 2905/3/5 2906/3/5 2907/3/5 2908/3/5
f 2909/3/6 2910/3/6 2911/3/6 2912/3/6
f 2913/2/5 2914/2/5 2915/2/5 2916/2/5
f 2917/2/6 2918/2/6 2919/2/6 2920/2/6
f 2921/2/5 2922/2/5 2923/2/5 2924/2/5
f 2925/2/6 2926/2/6 2927/2/6 2928/2/6
f 2929/3/2 2930/3/2 2931/3/2 2932/3/2
f 2933/3/5 2934/3/5 2935/3/5 2936/3/5
f 2937/3/6 2938/3/6 2939/3/6 2940/3/6
f 2941/3/1 2942/3/1 2943/3/1 2944/3/1
f 2945/3/5 2946/3/5 2947/3/5 2948/3/5
f 2949/3/6 2950/3/6 2951/3/6 2952/3/6
f 2953/2/5 2954/2/5 2955/2/5 2956/2/5
f 2957/2/6 2958/2/6 2959/2/6 2960/2/6
f 2961/1/5 2962/1/5 2963/1/5 2964/1/5
f 2965/1/6 2966/1/6 2967/1/6 2968/1/6
f 2969/2/5 2970/2/5 2971/2/5 2972/2/5
f 2973/2/6 2974/2/6 2975/2/6 2976/2/6
f 2977/3/2 2978/3/2 2979/3/2 2980/3/2
f 2981/3/3 2982/3/3 2983/3/3 2984/3/3
f 2985/3/5 2986/3/5 2987/3/5 2988/3/5
f 2989/3/6 2990/3/6 2991/3/6 2992/3/6
f 2993/3/1 2994/3/1 2995/3/1 2996/3/1
f 2997/3/5 2998/3/5 2999/3/5 3000/3/5
f 3001/3/6 3002/3/6 3003/3/6 3004/3/6
f 3005/2/5 3006/2/5 3007/2/5 3008/2/5
f 3009/2/6 3010/2/6 3011/2/6 3012/2/6
f 3013/1/5 3014/1/5 3015/1/5 3016/1/5
f 3017/1/6 3018/1/6 3019/1/6 3020/1/6
f 3021/1/5 3022/1/5 3023/1/5 3024/1/5
f 3025/1/6 3026/1/6 3027/1/6 3028/1/6
f 3029/1/5 3030/1/5 3031/1/5 3032/1/5
f 3033/1/6 3034/1/6 3035/1/6 3036/1/6
f 3037/1/5 3038/1/5 3039/1/5 3040/1/5
f 3041/1/6 3042/1/6 3043/1/6 3044/1/6
f 3045/2/5 3046/2/5 3047/2/5 3048/2/5
f 3049/2/6 3050/2/6 3051/2/6 3052/2/6
f 3053/3/2 3054/3/2 3055/3/2 3056/3/2
f 3057/3/4 3058/3/4 3059/3/4 3060/3/4
f 3061/3/5 3062/3/5 3063/3/5 3064/3/5
f 3065/3/6 3066/3/6 3067/3/6 3068/3/6
f 3069/3/1 3070/3/1 3071/3/1 3072/3/1
f 3073/3/2 3074/3/2 3075/3/2 3076/3/2
f 3077/3/4 3078/3/4 3079/3/4 3080/3/4
f 3081/3/5 3082/3/5 3083/3/5 3084/3/5
f 3085/3/6 3086/3/6 3087/3/6 3088/3/6
f 3089/3/1 3090/3/1 3091/3/1 3092/3/1
f 3093/3/5 3094/3/5 3095/3/5 3096/3/5
f 3097/3/6 3098/3/6 3099/3/6 3100/3/6
f 3101/2/5 3102/2/5 3103/2/5 3104/2/5
f 3105/2/6 3106/2/6 3107/2/6 3108/2/6
f 3109/2/5 3110/2/5 3111/2/5 3112/2/5
f 3113/2/6 3114/2/6 3115/2/6 3116/2/6
f 3117/3/2 3118/3/2 3119/3/2 3120/3/2
f 3121/3/5 3122/3/5 3123/3/5 3124/3/5
f 3125/3/6 3126/3/6 3127/3/6 3128/3/6
f 3129/3/1 3130/3/1 3131/3/1 3132/3/1
f 3133/3/5 3134/3/5 3135/3/5 3136/3/5
f 3137/3/6 3138/3/6 3139/3/6 3140/3/6
f 3141/2/5 3142/2/5 3143/2/5 3144/2/5
f 3145/2/6 3146/2/6 3147/2/6 3148/2/6
f 3149/1/5 3150/1/5 3151/1/5 3152/1/5
f 3153/1/6 3154/1/6 3155/1/6 3156/1/6
f 3157/2/5 3158/2/5 3159/2/5 3160/2/5
f 3161/2/6 3162/2/6 3163/2/6 3164/2/6
f 3165/3/2 3166/3/2 3167/3/2 3168/3/2
f 3169/3/5 3170/3/5 3171/3/5 3172/3/5
f 3173/3/6 3174/3/6 3175/3/6 3176/3/6
f 3177/3/1 3178/3/1 3179/3/1 3180/3/1
f 3181/3/3 3182/3/3 3183/3/3 3184/3/3
f 3185/3/5 3186/3/5 3187/3/5 3188/3/5
f 3189/3/6 3190/3/6 3191/3/6 3192/3/6
f 3193/2/5 3194/2/5 3195/2/5 3196/2/5
f 3197/2/6 3198/2/6 3199/2/6 3200/2/6
f 3201/1/5 3202/1/5 3203/1/5 3204/1/5
f 3205/1/6 3206/1/6 3207/1/6 3208/1/6
f 3209/1/5 3210/1/5 3211/1/5 3212/1/5
f 3213/1/6 3214/1/6 3215/1/6 3216/1/6
f 3217/1/5 3218/1/5 3219/1/5 3220/1/5
f 3221/1/6 3222/1/6 3223/1/6 3224/1/6
f 3225/1/5 3226/1/5 3227/1/5 3228/1/5
f 3229/1/6 3230/1/6 3231/1/6 3232/1/6
f 3233/2/5 3234/2/5 3235/2/5 3236/2/5
f 3237/2/6 3238/2/6 3239/2/6 3240/2/6
f 3241/3/2 3242/3/2 3243/3/2 3244/3/2
f 3245/3/4 3246/3/4 3247/3/4 3248/3/4
f 3249/3/5 3250/3/5 3251/3/5 3252/3/5
f 3253/3/6 3254/3/6 3255/3/6 3256/3/6
f 3257/3/1 3258/3/1 3259/3/1 3260/3/1
f 3261/3/5 3262/3/5 3263/3/5 3264/3/5
f 3265/3/6 3266/3/6 3267/3/6 3268/3/6
f 3269/2/5 3270/2/5 3271/2/5 3272/2/5
f 3273/2/6 3274/2/6 3275/2/6 3276/2/6
f 3277/2/5 3278/2/5 3279/2/5 3280/2/5
f 3281/2/6 3282/2/6 3283/2/6 3284/2/6
f 3285/3/2 3286/3/2 3287/3/2 3288/3/2
f 3289/3/5 3290/3/5 3291/3/5 3292/3/5
f 3293/3/6 3294/3/6 3295/3/6 3296/3/6
f 3297/3/1 3298/3/1 3299/3/1 3300/3/1
f 3301/3/4 3302/3/4 3303/3/4 3304/3/4
f 3305/3/5 3306/3/5 3307/3/5 3308/3/5
f 3309/3/6 3310/3/6 3311/3/6 3312/3/6
f 3313/2/5 3314/2/5 3315/2/5 3316/2/5
f 3317/2/6 3318/2/6 3319/2/6 3320/2/6
f 3321/1/5 3322/1/5 3323/1/5 3324/1/5
f 3325/1/6 3326/1/6 3327/1/6 3328/1/6
f 3329/2/5 3330/2/5 3331/2/5 3332/2/5
f 3333/2/6 3334/2/6 3335/2/6 3336/2/6
f 3337/3/2 3338/3/2 3339/3/2 3340/3/2
f 3341/3/5 3342/3/5 3343/3/5 3344/3/5
f 3345/3/6 3346/3/6 3347/3/6 3348/3/6
f 3349/3/1 3350/3/1 3351/3/1 3352/3/1
f 3353/3/5 3354/3/5 3355/3/5 3356/3/5
f 3357/3/6 3358/3/6 3359/3/6 3360/3/6
f 3361/2/5 3362/2/5 3363/2/5 3364/2/5
f 3365/2/6 3366/2/6 3367/2/6 3368/2/6
f 3369/1/5 3370/1/5 3371/1/5 3372/1/5
f 3373/1/6 3374/1/6 3375/1/6 3376/1/6
f 3377/1/5 3378/1/5 3379/1/5 3380/1/5
f 3381/1/6 3382/1/6 3383/1/6 3384/1/6
f 3385/1/5 3386/1/5 3387/1/5 3388/1/5
f 3389/1/6 3390/1/6 3391/1/6 3392/1/6
f 3393/2/5 3394/2/5 3395/2/5 3396/2/5
f 3397/2/6 3398/2/6 3399/2/6 3400/2/6
f 3401/3/2 3402/3/2 3403/3/2 3404/3/2
f 3405/3/4 3406/3/4 3407/3/4 3408/3/4
f 3409/3/5 3410/3/5 3411/3/5 3412/3/5
f 3413/3/6 3414/3/6 3415/3/6 3416/3/6
f 3417/3/1 3418/3/1 3419/3/1 3420/3/1
f 3421/3/5 3422/3/5 3423/3/5 3424/3/5
f 3425/3/6 3426/3/6 3427/3/6 3428/3/6
f 3429/2/5 3430/2/5 3431/2/5 3432/2/5
f 3433/2/6 3434/2/6 3435/2/6 3436/2/6
f 3437/2/5 3438/2/5 3439/2/5 3440/2/5
f 3441/2/6 3442/2/6 3443/2/6 3444/2/6
f 3445/3/2 3446/3/2 3447/3/2 3448/3/2
f 3449/3/5 3450/3/5 3451/3/5 3452/3/5
f 3453/3/6 3454/3/6 3455/3/6 3456/3/6
f 3457/3/1 3458/3/1 3459/3/1 3460/3/1
f 3461/3/5 3462/3/5 3463/3/5 3464/3/5
f 3465/3/6 3466/3/6 3467/3/6 3468/3/6
f 3469/2/5 3470/2/5 3471/2/5 3472/2/5
f 3473/2/6 3474/2/6 3475/2/6 3476/2/6
f 3477/2/5 3478/2/5 3479/2/5 3480/2/5
f 3481/2/6 3482/2/6 3483/2/6 3484/2/6
f 3485/3/2 3486/3/2 3487/3/2 3488/3/2
f 3489/3/5 3490/3/5 3491/3/5 3492/3/5
f 3493/3/6 3494/3/6 3495/3/6 3496/3/6
f 3497/3/1 3498/3/1 3499/3/1 3500/3/1
f 3501/3/5 3502/3/5 3503/3/5 3504/3/5
f 3505/3/6 3506/3/6 3507/3/6 3508/3/6
f 3509/2/5 3510/2/5 3511/2/5 3512/2/5
f 3513/2/6 3514/2/6 3515/2/6 3516/2/6
f 3517/1/5 3518/1/5 3519/1/5 3520/1/5
f 3521/1/6 3522/1/6 3523/1/6 3524/1/6
f 3525/1/5 3526/1/5 3527/1/5 3528/1/5
f 3529/1/6 3530/1/6 3531/1/6 3532/1/6
f 3533/2/5 3534/2/5 3535/2/5 3536/2/5
f 3537/2/6 3538/2/6 3539/2/6 3540/2/6
f 3541/3/2 3542/3/2 3543/3/2 3544/3/2
f 3545/3/5 3546/3/5 3547/3/5 3548/3/5
f 3549/3/6 3550/3/6 3551/3/6 3552/3/6
f 3553/3/1 3554/3/1 3555/3/1 3556/3/1
f 3557/3/5 3558/3/5 3559/3/5 3560/3/5
f 3561/3/6 3562/3/6 3563/3/6 3564/3/6
f 3565/2/5 3566/2/5 3567/2/5 3568/2/5
f 3569/2/6 3570/2/6 3571/2/6 3572/2/6
f 3573/2/5 3574/2/5 3575/2/5 3576/2/5
f 3577/2/6 3578/2/6 3579/2/6 3580/2/6
f 3581/3/2 3582/3/2 3583/3/2 3584/3/2
f 3585/3/4 3586/3/4 3587/3/4 3588/3/4
f 3589/3/5 3590/3/5 3591/3/5 3592/3/5
f 3593/3/6 3594/3/6 3595/3/6 3596/3/6
f 3597/3/1 3598/3/1 3599/3/1 3600/3/1
f 3601/3/5 3602/3/5 3603/3/5 3604/3/5
f 3605/3/6 3606/3/6 3607/3/6 3608/3/6
f 3609/2/5 3610/2/5 3611/2/5 3612/2/5
f 3613/2/6 3614/2/6 3615/2/6 3616/2/6
f 3617/2/5 3618/2/5 3619/2/5 3620/2/5
f 3621/2/6 3622/2/6 3623/2/6 3624/2/6
f 3625/3/2 3626/3/2 3627/3/2 3628/3/2
f 3629/3/5 3630/3/5 3631/3/5 3632/3/5
f 3633/3/6 3634/3/6 3635/3/6 3636/3/6
f 3637/3/1 3638/3/1 3639/3/1 3640/3/1
f 3641/3/5 3642/3/5 3643/3/5 3644/3/5
f 3645/3/6 3646/3/6 3647/3/6 3648/3/6
f 3649/2/5 3650/2/5 3651/2/5 3652/2/5
f 3653/2/6 3654/2/6 3655/2/6 3656/2/6
f 3657/1/5 3658/1/5 3659/1/5 3660/1/5
f 3661/1/6 3662/1/6 3663/1/6 3664/1/6
f 3665/1/5 3666/1/5 3667/1/5 3668/1/5
f 3669/1/6 3670/1/6 3671/1/6 3672/1/6
f 3673/2/5 3674/2/5 3675/2/5 3676/2/5
f 3677/2/6 3678/2/6 3679/2/6 3680/2/6
f 3681/3/2 3682/3/2 3683/3/2 3684/3/2
f 3685/3/5 3686/3/5 3687/3/5 3688/3/5
f 3689/3/6 3690/3/6 3691/3/6 3692/3/6
f 3693/3/1 3694/3/1 3695/3/1 3696/3/1
f 3697/3/4 3698/3/4 3699/3/4 3700/3/4
f 3701/3/5 3702/3/5 3703/3/5 3704/3/5
f 3705/3/6 3706/3/6 3707/3/6 3708/3/6
f 3709/2/5 3710/2/5 3711/2/5 3712/2/5
f 3713/2/6 3714/2/6 3715/2/6 3716/2/6
f 3717/3/2 3718/3/2 3719/3/2 3720/3/2
f 3721/3/4 3722/3/4 3723/3/4 3724/3/4
f 3725/3/5 3726/3/5 3727/3/5 3728/3/5
f 3729/3/6 3730/3/6 3731/3/6 3732/3/6
f 3733/3/1 3734/3/1 3735/3/1 3736/3/1
f 3737/3/3 3738/3/3 3739/3/3 3740/3/3
f 3741/3/5 3742/3/5 3743/3/5 3744/3/5
f 3745/3/6 3746/3/6 3747/3/6 3748/3/6
f 3749/2/5 3750/2/5 3751/2/5 3752/2/5
f 3753/2/6 3754/2/6 3755/2/6 3756/2/6
f 3757/1/5 3758/1/5 3759/1/5 3760/1/5
f 3761/1/6 3762/1/6 3763/1/6 3764/1/6
f 3765/2/5 3766/2/5 3767/2/5 3768/2/5
f 3769/2/6 3770/2/6 3771/2/6 3772/2/6
f 3773/3/2 3774/3/2 3775/3/2 3776/3/2
f 3777/3/5 3778/3/5 3779/3/5 3780/3/5
f 3781/3/6 3782/3/6 3783/3/6 3784/3/6
f 3785/3/1 3786/3/1 3787/3/1 3788/3/1
f 3789/3/3 3790/3/3 3791/3/3 3792/3/3
f 3793/3/5 3794/3/5 3795/3/5 3796/3/5
f 3797/3/6 3798/3/6 3799/3/6 3800/3/6
f 3801/2/5 3802/2/5 3803/2/5 3804/2/5
f 3805/2/6 3806/2/6 3807/2/6 3808/2/6
f 3809/1/5 3810/1/5 3811/1/5 3812/1/5
f 3813/1/6 3814/1/6 3815/1/6 3816/1/6
f 3817/1/5 3818/1/5 3819/1/5 3820/1/5
f 3821/1/6 3822/1/6 3823/1/6 3824/1/6
f 3825/1/5 3826/1/5 3827/1/5 3828/1/5
f 3829/1/6 3830/1/6 3831/1/6 3832/1/6
f 3833/2/5 3834/2/5 3835/2/5 3836/2/5
f 3837/2/6 3838/2/6 3839/2/6 3840/2/6
f 3841/3/2 3842/3/2 3843/3/2 3844/3/2
f 3845/3/5 3846/3/5 3847/3/5 3848/3/5
f 3849/3/6 3850/3/6 3851/3/6 3852/3/6
f 3853/3/1 3854/3/1 3855/3/1 3856/3/1
f 3857/3/2 3858/3/2 3859/3/2 3860/3/2
f 3861/3/4 3862/3/4 3863/3/4 3864/3/4
f 3865/3/5 3866/3/5 3867/3/5 3868/3/5
f 3869/3/6 3870/3/6 3871/3/6 3872/3/6
f 3873/3/1 3874/3/1 3875/3/1 3876/3/1
f 3877/3/5 3878/3/5 3879/3/5 3880/3/5
f 3881/3/6 3882/3/6 3883/3/6 3884/3/6
f 3885/2/5 3886/2/5 3887/2/5 3888/2/5
f 3889/2/6 3890/2/6 3891/2/6 3892/2/6
f 3893/1/5 3894/1/5 3895/1/5 3896/1/5
f 3897/1/6 3898/1/6 3899/1/6 3900/1/6
f 3901/2/5 3902/2/5 3903/2/5 3904/2/5
f 3905/2/6 3906/2/6 3907/2/6 3908/2/6
f 3909/3/2 3910/3/2 3911/3/2 3912/3/2
f 3913/3/5 3914/3/5 3915/3/5 3916/3/5
f 3917/3/6 3918/3/6 3919/3/6 3920/3/6
f 3921/3/1 3922/3/1 3923/3/1 3924/3/1
f 3925/3/4 3926/3/4 3927/3/4 3928/3/4
f 3929/3/5 3930/3/5 3931/3/5 3932/3/5
f 3933/3/6 3934/3/6 3935/3/6 3936/3/6
f 3937/2/5 3938/2/5 3939/2/5 3940/2/5
f 3941/2/6 3942/2/6 3943/2/6 3944/2/6
f 3945/1/5 3946/1/5 3947/1/5 3948/1/5
f 3949/1/6 3950/1/6 3951/1/6 3952/1/6
f 3953/1/5 3954/1/5 3955/1/5 3956/1/5
f 3957/1/6 3958/1/6 3959/1/6 3960/1/6
f 3961/1/5 3962/1/5 3963/1/5 3964/1/5
f 3965/1/6 3966/1/6 3967/1/6 3968/1/6
f 3969/2/5 3970/2/5 3971/2/5 3972/2/5
f 3973/2/6 3974/2/6 3975/2/6 3976/2/6
f 3977/3/2 3978/3/2 3979/3/2 3980/3/2
f 3981/3/5 3982/3/5 3983/3/5 3984/3/5
f 3985/3/6 3986/3/6 3987/3/6 3988/3/6
f 3989/3/1 3990/3/1 3991/3/1 3992/3/1
f 3993/3/5 3994/3/5 3995/3/5 3996/3/5
f 3997/3/6 3998/3/6 3999/3/6 4000/3/6
f 4001/2/5 4002/2/5 4003/2/5 4004/2/5
f 4005/2/6 4006/2/6 4007/2/6 4008/2/6
f 4009/1/5 4010/1/5 4011/1/5 4012/1/5
f 4013/1/6 4014/1/6 4015/1/6 4016/1/6
f 4017/2/5 4018/2/5 4019/2/5 4020/2/5
f 4021/2/6 4022/2/6 4023/2/6 4024/2/6
f 4025/3/2 4026/3/2 4027/3/2 4028/3/2
f 4029/3/5 4030/3/5 4031/3/5 4032/3/5
f 4033/3/6 4034/3/6 4035/3/6 4036/3/6
f 4037/3/1 4038/3/1 4039/3/1 4040/3/1
f 4041/3/5 4042/3/5 4043/3/5 4044/3/5
f 4045/3/6 4046/3/6 4047/3/6 4048/3/6
f 4049/2/5 4050/2/5 4051/2/5 4052/2/5
f 4053/2/6 4054/2/6 4055/2/6 4056/2/6
f 4057/1/5 4058/1/5 4059/1/5 4060/1/5
f 4061/1/6 4062/1/6 4063/1/6 4064/1/6
f 4065/1/5 4066/1/5 4067/1/5 4068/1/5
f 4069/1/6 4070/1/6 4071/1/6 4072/1/6
f 4073/2/5 4074/2/5 4075/2/5 4076/2/5
f 4077/2/6 4078/2/6 4079/2/6 4080/2/6
f 4081/3/2 4082/3/2 4083/3/2 4084/3/2
f 4085/3/5 4086/3/5 4087/3/5 4088/3/5
f 4089/3/6 4090/3/6 4091/3/6 4092/3/6
f 4093/3/1 4094/3/1 4095/3/1 4096/3/1
f 4097/3/5 4098/3/5 4099/3/5 4100/3/5
f 4101/3/6 4102/3/6 4103/3/6 4104/3/6
f 4105/2/5 4106/2/5 4107/2/5 4108/2/5
f 4109/2/6 4110/2/6 4111/2/6 4112/2/6
f 4113/1/5 4114/1/5 4115/1/5 4116/1/5
f 4117/1/6 4118/1/6 4119/1/6 4120/1/6
f 4121/2/5 4122/2/5 4123/2/5 4124/2/5
f 4125/2/6 4126/2/6 4127/2/6 4128/2/6
f 4129/3/2 4130/3/2 4131/3/2 4132/3/2
f 4133/3/5 4134/3/5 4135/3/5 4136/3/5
f 4137/3/6 4138/3/6 4139/3/6 4140/3/6
f 4141/3/1 4142/3/1 4143/3/1 4144/3/1
f 4145/3/5 4146/3/5 4147/3/5 4148/3/5
f 4149/3/6 4150/3/6 4151/3/6 4152/3/6
f 4153/2/5 4154/2/5 4155/2/5 4156/2/5
f 4157/2/6 4158/2/6 4159/2/6 4160/2/6
f 4161/1/5 4162/1/5 4163/1/5 4164/1/5
f 4165/1/6 4166/1/6 4167/1/6 4168/1/6
f 4169/1/5 4170/1/5 4171/1/5 4172/1/5
f 4173/1/6 4174/1/6 4175/1/6 4176/1/6
f 4177/1/5 4178/1/5 4179/1/5 4180/1/5
f 4181/1/6 4182/1/6 4183/1/6 4184/1/6
f 4185/2/5 4186/2/5 4187/2/5 4188/2/5
f 4189/2/6 4190/2/6 4191/2/6 4192/2/6
f 4193/3/2 4194/3/2 4195/3/2 4196/3/2
f 4197/3/3 4198/3/3 4199/3/3 4200/3/3
f 4201/3/5 4202/3/5 4203/3/5 4204/3/5
f 4205/3/6 4206/3/6 4207/3/6 4208/3/6
f 4209/3/1 4210/3/1 4211/3/1 4212/3/1
f 4213/3/3 4214/3/3 4215/3/3 4216/3/3
f 4217/3/5 4218/3/5 4219/3/5 4220/3/5
f 4221/3/6 4222/3/6 4223/3/6 4224/3/6
f 4225/2/5 4226/2/5 4227/2/5 4228/2/5
f 4229/2/6 4230/2/6 4231/2/6 4232/2/6
f 4233/1/5 4234/1/5 4235/1/5 4236/1/5
f 4237/1/6 4238/1/6 4239/1/6 4240/1/6
f 4241/1/5 4242/1/5 4243/1/5 4244/1/5
f 4245/1/6 4246/1/6 4247/1/6 4248/1/6
f 4249/2/5 4250/2/5 4251/2/5 4252/2/5
f 4253/2/6 4254/2/6 4255/2/6 4256/2/6
f 4257/3/2 4258/3/2 4259/3/2 4260/3/2
f 4261/3/5 4262/3/5 4263/3/5 4264/3/5
f 4265/3/6 4266/3/6 4267/3/6 4268/3/6
f 4269/3/1 4270/3/1 4271/3/1 4272/3/1
f 4273/3/4 4274/3/4 4275/3/4 4276/3/4
f 4277/3/5 4278/3/5 4279/3/5 4280/3/5
f 4281/3/6 4282/3/6 4283/3/6 4284/3/6
f 4285/2/5 4286/2/5 4287/2/5 4288/2/5
f 4289/2/6 4290/2/6 4291/2/6 4292/2/6
f 4293/1/5 4294/1/5 4295/1/5 4296/1/5
f 4297/1/6 4298/1/6 4299/1/6 4300/1/6
f 4301/1/5 4302/1/5 4303/1/5 4304/1/5
f 4305/1/6 4306/1/6 4307/1/6 4308/1/6
f 4309/1/5 4310/1/5 4311/1/5 4312/1/5
f 4313/1/6 4314/1/6 4315/1/6 4316/1/6
f 4317/2/5 4318/2/5 4319/2/5 4320/2/5
f 4321/2/6 4322/2/6 4323/2/6 4324/2/6
f 4325/3/2 4326/3/2 4327/3/2 4328/3/2
f 4329/3/5 4330/3/5 4331/3/5 4332/3/5
f 4333/3/6 4334/3/6 4335/3/6 4336/3/6
f 4337/3/1 4338/3/1 4339/3/1 4340/3/1
f 4341/3/5 4342/3/5 4343/3/5 4344/3/5
f 4345/3/6 4346/3/6 4347/3/6 4348/3/6
f 4349/2/5 4350/2/5 4351/2/5 4352/2/5
f 4353/2/6 4354/2/6 4355/2/6 4356/2/6
f 4357/1/5 4358/1/5 4359/1/5 4360/1/5
f 4361/1/6 4362/1/6 4363/1/6 4364/1/6
f 4365/1/5 4366/1/5 4367/1/5 4368/1/5
f 4369/1/6 4370/1/6 4371/1/6 4372/1/6
f 4373/2/5 4374/2/5 4375/2/5 4376/2/5
f 4377/2/6 4378/2/6 4379/2/6 4380/2/6
f 4381/3/2 4382/3/2 4383/3/2 4384/3/2
f 4385/3/4 4386/3/4 4387/3/4 4388/3/4
f 4389/3/5 4390/3/5 4391/3/5 4392/3/5
f 4393/3/6 4394/3/6 4395/3/6 4396/3/6
f 4397/3/1 4398/3/1 4399/3/1 4400/3/1
f 4401/3/4 4402/3/4 4403/3/4 4404/3/4
f 4405/3/5 4406/3/5 4407/3/5 4408/3/5
f 4409/3/6 4410/3/6 4411/3/6 4412/3/6
f 4413/2/5 4414/2/5 4415/2/5 4416/2/5
f 4417/2/6 4418/2/6 4419/2/6 4420/2/6
f 4421/1/5 4422/1/5 4423/1/5 4424/1/5
f 4425/1/6 4426/1/6 4427/1/6 4428/1/6
f 4429/1/5 4430/1/5 4431/1/5 4432/1/5
f 4433/1/6 4434/1/6 4435/1/6 4436/1/6
f 4437/2/5 4438/2/5 4439/2/5 4440/2/5
f 4441/2/6 4442/2/6 4443/2/6 4444/2/6
f 4445/3/2 4446/3/2 4447/3/2 4448/3/2
f 4449/3/5 4450/3/5 4451/3/5 4452/3/5
f 4453/3/6 4454/3/6 4455/3/6 4456/3/6
f 4457/3/1 4458/3/1 4459/3/1 4460/3/1
f 4461/3/3 4462/3/3 4463/3/3 4464/3/3
f 4465/3/5 4466/3/5 4467/3/5 4468/3/5
f 4469/3/6 4470/3/6 4471/3/6 4472/3/6
f 4473/2/5 4474/2/5 4475/2/5 4476/2/5
f 4477/2/6 4478/2/6 4479/2/6 4480/2/6
f 4481/1/5 4482/1/5 4483/1/5 4484/1/5
f 4485/1/6 4486/1/6 4487/1/6 4488/1/6
f 4489/1/5 4490/1/5 4491/1/5 4492/1/5
f 4493/1/6 4494/1/6 4495/1/6 4496/1/6
f 4497/2/5 4498/2/5 4499/2/5 4500/2/5
f 4501/2/6 4502/2/6 4503/2/6 4504/2/6
f 4505/3/2 4506/3/2 4507/3/2 4508/3/2
f 4509/3/5 4510/3/5 4511/3/5 4512/3/5
f 4513/3/6 4514/3/6 4515/3/6 4516/3/6
f 4517/3/1 4518/3/1 4519/3/1 4520/3/1
f 4521/3/4 4522/3/4 4523/3/4 4524/3/4
f 4525/3/5 4526/3/5 4527/3/5 4528/3/5
f 4529/3/6 4530/3/6 4531/3/6 4532/3/6
f 4533/2/5 4534/2/5 4535/2/5 4536/2/5
f 4537/2/6 4538/2/6 4539/2/6 4540/2/6
f 4541/1/5 4542/1/5 4543/1/5 4544/1/5
f 4545/1/6 4546/1/6 4547/1/6 4548/1/6
f 4549/1/5 4550/1/5 4551/1/5 4552/1/5
f 4553/1/6 4554/1/6 4555/1/6 4556/1/6
f 4557/2/5 4558/2/5 4559/2/5 4560/2/5
f 4561/2/6 4562/2/6 4563/2/6 4564/2/6
f 4565/3/2 4566/3/2 4567/3/2 4568/3/2
f 4569/3/3 4570/3/3 4571/3/3 4572/3/3
f 4573/3/5 4574/3/5 4575/3/5 4576/3/5
f 4577/3/6 4578/3/6 4579/3/6 4580/3/6
f 4581/3/1 4582/3/1 4583/3/1 4584/3/1
f 4585/3/3 4586/3/3 4587/3/3 4588/3/3
f 4589/3/5 4590/3/5 4591/3/5 4592/3/5
f 4593/3/6 4594/3/6 4595/3/6 4596/3/6
f 4597/2/5 4598/2/5 4599/2/5 4600/2/5
f 4601/2/6 4602/2/6 4603/2/6 4604/2/6
f 4605/1/5 4606/1/5 4607/1/5 4608/1/5
f 4609/1/6 4610/1/6 4611/1/6 4612/1/6
f 4613/1/5 4614/1/5 4615/1/5 4616/1/5
f 4617/1/6 4618/1/6 4619/1/6 4620/1/6
f 4621/1/5 4622/1/5 4623/1/5 4624/1/5
f 4625/1/6 4626/1/6 4627/1/6 4628/1/6
f 4629/2/5 4630/2/5 4631/2/5 4632/2/5
f 4633/2/6 4634/2/6 4635/2/6 4636/2/6
f 4637/3/2 4638/3/2 4639/3/2 4640/3/2
f 4641/3/4 4642/3/4 4643/3/4 4644/3/4
f 4645/3/5 4646/3/5 4647/3/5 4648/3/5
f 4649/3/6 4650/3/6 4651/3/6 4652/3/6
f 4653/3/1 4654/3/1 4655/3/1 4656/3/1
f 4657/3/4 4658/3/4 4659/3/4 4660/3/4
f 4661/3/5 4662/3/5 4663/3/5 4664/3/5
f 4665/3/6 4666/3/6 4667/3/6 4668/3/6
f 4669/2/5 4670/2/5 4671/2/5 4672/2/5
f 4673/2/6 4674/2/6 4675/2/6 4676/2/6
f 4677/1/5 4678/1/5 4679/1/5 4680/1/5
f 4681/1/6 4682/1/6 4683/1/6 4684/1/6
f 4685/2/5 4686/2/5 4687/2/5 4688/2/5
f 4689/2/6 4690/2/6 4691/2/6 4692/2/6
f 4693/3/5 4694/3/5 4695/3/5 4696/3/5
f 4697/3/6 4698/3/6 4699/3/6 4700/3/6
f 4701/3/2 4702/3/2 4703/3/2 4704/3/2
f 4705/3/3 4706/3/3 4707/3/3 4708/3/3
f 4709/3/5 4710/3/5 4711/3/5 4712/3/5
f 4713/3/6 4714/3/6 4715/3/6 4716/3/6
f 4717/3/1 4718/3/1 4719/3/1 4720/3/1
f 4721/3/3 4722/3/3 4723/3/3 4724/3/3
f 4725/3/5 4726/3/5 4727/3/5 4728/3/5
f 4729/3/6 4730/3/6 4731/3/6 4732/3/6
f 4733/3/3 4734/3/3 4735/3/3 4736/3/3
f 4737/3/5 4738/3/5 4739/3/5 4740/3/5
f 4741/3/6 4742/3/6 4743/3/6 4744/3/6
f 4745/2/5 4746/2/5 4747/2/5 4748/2/5
f 4749/2/6 4750/2/6 4751/2/6 4752/2/6
f 4753/1/5 4754/1/5 4755/1/5 4756/1/5
f 4757/1/6 4758/1/6 4759/1/6 4760/1/6
f 4761/1/5 4762/1/5 4763/1/5 4764/1/5
f 4765/1/6 4766/1/6 4767/1/6 4768/1/6
f 4769/1/5 4770/1/5 4771/1/5 4772/1/5
f 4773/1/6 4774/1/6 4775/1/6 4776/1/6
f 4777/2/5 4778/2/5 4779/2/5 4780/2/5
f 4781/2/6 4782/2/6 4783/2/6 4784/2/6
f 4785/3/2 4786/3/2 4787/3/2 4788/3/2
f 4789/3/5 4790/3/5 4791/3/5 4792/3/5
f 4793/3/6 4794/3/6 4795/3/6 4796/3/6
f 4797/3/1 4798/3/1 4799/3/1 4800/3/1
f 4801/3/4 4802/3/4 4803/3/4 4804/3/4
f 4805/3/5 4806/3/5 4807/3/5 4808/3/5
f 4809/3/6 4810/3/6 4811/3/6 4812/3/6
f 4813/2/5 4814/2/5 4815/2/5 4816/2/5
f 4817/2/6 4818/2/6 4819/2/6 4820/2/6
f 4821/1/5 4822/1/5 4823/1/5 4824/1/5
f 4825/1/6 4826/1/6 4827/1/6 4828/1/6
f 4829/2/5 4830/2/5 4831/2/5 4832/2/5
f 4833/2/6 4834/2/6 4835/2/6 4836/2/6
f 4837/2/5 4838/2/5 4839/2/5 4840/2/5
f 4841/2/6 4842/2/6 4843/2/6 4844/2/6
f 4845/3/2 4846/3/2 4847/3/2 4848/3/2
f 4849/3/3 4850/3/3 4851/3/3 4852/3/3
f 4853/3/5 4854/3/5 4855/3/5 4856/3/5
f 4857/3/6 4858/3/6 4859/3/6 4860/3/6
f 4861/3/1 4862/3/1 4863/3/1 4864/3/1
f 4865/3/3 4866/3/3 4867/3/3 4868/3/3
f 4869/3/5 4870/3/5 4871/3/5 4872/3/5
f 4873/3/6 4874/3/6 4875/3/6 4876/3/6
f 4877/3/3 4878/3/3 4879/3/3 4880/3/3
f 4881/3/5 4882/3/5 4883/3/5 4884/3/5
f 4885/3/6 4886/3/6 4887/3/6 4888/3/6
f 4889/2/5 4890/2/5 4891/2/5 4892/2/5
f 4893/2/6 4894/2/6 4895/2/6 4896/2/6
f 4897/2/5 4898/2/5 4899/2/5 4900/2/5
f 4901/2/6 4902/2/6 4903/2/6 4904/2/6
f 4905/1/5 4906/1/5 4907/1/5 4908/1/5
f 4909/1/6 4910/1/6 4911/1/6 4912/1/6
f 4913/1/5 4914/1/5 4915/1/5 4916/1/5
f 4917/1/6 4918/1/6 4919/1/6 4920/1/6
f 4921/1/5 4922/1/5 4923/1/5 4924/1/5
f 4925/1/6 4926/1/6 4927/1/6 4928/1/6
f 4929/1/5 4930/1/5 4931/1/5 4932/1/5
f 4933/1/6 4934/1/6 4935/1/6 4936/1/6
f 4937/2/5 4938/2/5 4939/2/5 4940/2/5
f 4941/2/6 4942/2/6 4943/2/6 4944/2/6
f 4945/3/2 4946/3/2 4947/3/2 4948/3/2
f 4949/3/4 4950/3/4 4951/3/4 4952/3/4
f 4953/3/5 4954/3/5 4955/3/5 4956/3/5
f 4957/3/6 4958/3/6 4959/3/6 4960/3/6
f 4961/3/1 4962/3/1 4963/3/1 4964/3/1
f 4965/3/4 4966/3/4 4967/3/4 4968/3/4
f 4969/3/5 4970/3/5 4971/3/5 4972/3/5
f 4973/3/6 4974/3/6 4975/3/6 4976/3/6
f 4977/2/5 4978/2/5 4979/2/5 4980/2/5
f 4981/2/6 4982/2/6 4983/2/6 4984/2/6
f 4985/2/5 4986/2/5 4987/2/5 4988/2/5
f 4989/2/6 4990/2/6 4991/2/6 4992/2/6
f 4993/2/5 4994/2/5 4995/2/5 4996/2/5
f 4997/2/6 4998/2/6 4999/2/6 5000/2/6
f 5001/3/2 5002/3/2 5003/3/2 5004/3/2
f 5005/3/5 5006/3/5 5007/3/5 5008/3/5
f 5009/3/6 5010/3/6 5011/3/6 5012/3/6
f 5013/3/1 5014/3/1 5015/3/1 5016/3/1
f 5017/3/3 5018/3/3 5019/3/3 5020/3/3
f 5021/3/5 5022/3/5 5023/3/5 5024/3/5
f 5025/3/6 5026/3/6 5027/3/6 5028/3/6
f 5029/2/5 5030/2/5 5031/2/5 5032/2/5
f 5033/2/6 5034/2/6 5035/2/6 5036/2/6
f 5037/2/5 5038/2/5 5039/2/5 5040/2/5
f 5041/2/6 5042/2/6 5043/2/6 5044/2/6
f 5045/1/5 5046/1/5 5047/1/5 5048/1/5
f 5049/1/6 5050/1/6 5051/1/6 5052/1/6
f 5053/1/5 5054/1/5 5055/1/5 5056/1/5
f 5057/1/6 5058/1/6 5059/1/6 5060/1/6
f 5061/1/5 5062/1/5 5063/1/5 5064/1/5
f 5065/1/6 5066/1/6 5067/1/6 5068/1/6
f 5069/1/5 5070/1/5 5071/1/5 5072/1/5
f 5073/1/6 5074/1/6 5075/1/6 5076/1/6
f 5077/1/5 5078/1/5 5079/1/5 5080/1/5
f 5081/1/6 5082/1/6 5083/1/6 5084/1/6
f 5085/2/5 5086/2/5 5087/2/5 5088/2/5
f 5089/2/6 5090/2/6 5091/2/6 5092/2/6
f 5093/3/2 5094/3/2 5095/3/2 5096/3/2
f 5097/3/4 5098/3/4 5099/3/4 5100/3/4
f 5101/3/5 5102/3/5 5103/3/5 5104/3/5
f 5105/3/6 5106/3/6 5107/3/6 5108/3/6
f 5109/3/1 5110/3/1 5111/3/1 5112/3/1
f 5113/3/4 5114/3/4 5115/3/4 5116/3/4
f 5117/3/5 5118/3/5 5119/3/5 5120/3/5
f 5121/3/6 5122/3/6 5123/3/6 5124/3/6
f 5125/3/4 5126/3/4 5127/3/4 5128/3/4
f 5129/3/5 5130/3/5 5131/3/5 5132/3/5
f 5133/3/6 5134/3/6 5135/3/6 5136/3/6
f 5137/2/5 5138/2/5 5139/2/5 5140/2/5
f 5141/2/6 5142/2/6 5143/2/6 5144/2/6
f 5145/2/5 5146/2/5 5147/2/5 5148/2/5
f 5149/2/6 5150/2/6 5151/2/6 5152/2/6
f 5153/3/2 5154/3/2 5155/3/2 5156/3/2
f 5157/3/3 5158/3/3 5159/3/3 5160/3/3
f 5161/3/5 5162/3/5 5163/3/5 5164/3/5
f 5165/3/6 5166/3/6 5167/3/6 5168/3/6
f 5169/3/1 5170/3/1 5171/3/1 5172/3/1
f 5173/3/3 5174/3/3 5175/3/3 5176/3/3
f 5177/3/5 5178/3/5 5179/3/5 5180/3/5
f 5181/3/6 5182/3/6 5183/3/6 5184/3/6
f 5185/3/5 5186/3/5 5187/3/5 5188/3/5
f 5189/3/6 5190/3/6 5191/3/6 5192/3/6
f 5193/2/5 5194/2/5 5195/2/5 5196/2/5
f 5197/2/6 5198/2/6 5199/2/6 5200/2/6
f 5201/1/5 5202/1/5 5203/1/5 5204/1/5
f 5205/1/6 5206/1/6 5207/1/6 5208/1/6
f 5209/1/5 5210/1/5 5211/1/5 5212/1/5
f 5213/1/6 5214/1/6 5215/1/6 5216/1/6
f 5217/1/5 5218/1/5 5219/1/5 5220/1/5
f 5221/1/6 5222/1/6 5223/1/6 5224/1/6
f 5225/1/5 5226/1/5 5227/1/5 5228/1/5
f 5229/1/6 5230/1/6 5231/1/6 5232/1/6
f 5233/1/5 5234/1/5 5235/1/5 5236/1/5
f 5237/1/6 5238/1/6 5239/1/6 5240/1/6
f 5241/2/5 5242/2/5 5243/2/5 5244/2/5
f 5245/2/6 5246/2/6 5247/2/6 5248/2/6
f 5249/3/2 5250/3/2 5251/3/2 5252/3/2
f 5253/3/5 5254/3/5 5255/3/5 5256/3/5
f 5257/3/6 5258/3/6 5259/3/6 5260/3/6
f 5261/3/1 5262/3/1 5263/3/1 5264/3/1
f 5265/3/4 5266/3/4 5267/3/4 5268/3/4
f 5269/3/5 5270/3/5 5271/3/5 5272/3/5
f 5273/3/6 5274/3/6 5275/3/6 5276/3/6
f 5277/3/4 5278/3/4 5279/3/4 5280/3/4
f 5281/3/5 5282/3/5 5283/3/5 5284/3/5
f 5285/3/6 5286/3/6 5287/3/6 5288/3/6
f 5289/3/2 5290/3/2 5291/3/2 5292/3/2
f 5293/3/4 5294/3/4 5295/3/4 5296/3/4
f 5297/3/5 5298/3/5 5299/3/5 5300/3/5
f 5301/3/6 5302/3/6 5303/3/6 5304/3/6
f 5305/3/1 5306/3/1 5307/3/1 5308/3/1
f 5309/3/3 5310/3/3 5311/3/3 5312/3/3
f 5313/3/5 5314/3/5 5315/3/5 5316/3/5
f 5317/3/6 5318/3/6 5319/3/6 5320/3/6
f 5321/3/3 5322/3/3 5323/3/3 5324/3/3
f 5325/3/5 5326/3/5 5327/3/5 5328/3/5
f 5329/3/6 5330/3/6 5331/3/6 5332/3/6
f 5333/2/5 5334/2/5 5335/2/5 5336/2/5
f 5337/2/6 5338/2/6 5339/2/6 5340/2/6
f 5341/2/5 5342/2/5 5343/2/5 5344/2/5
f 5345/2/6 5346/2/6 5347/2/6 5348/2/6
f 5349/1/5 5350/1/5 5351/1/5 5352/1/5
f 5353/1/6 5354/1/6 5355/1/6 5356/1/6
f 5357/1/5 5358/1/5 5359/1/5 5360/1/5
f 5361/1/6 5362/1/6 5363/1/6 5364/1/6
f 5365/1/5 5366/1/5 5367/1/5 5368/1/5
f 5369/1/6 5370/1/6 5371/1/6 5372/1/6
f 5373/1/5 5374/1/5 5375/1/5 5376/1/5
f 5377/1/6 5378/1/6 5379/1/6 5380/1/6
f 5381/1/5 5382/1/5 5383/1/5 5384/1/5
f 5385/1/6 5386/1/6 5387/1/6 5388/1/6
f 5389/1/5 5390/1/5 5391/1/5 5392/1/5
f 5393/1/6 5394/1/6 5395/1/6 5396/1/6
f 5397/2/5 5398/2/5 5399/2/5 5400/2/5
f 5401/2/6 5402/2/6 5403/2/6 5404/2/6
f 5405/3/2 5406/3/2 5407/3/2 5408/3/2
f 5409/3/4 5410/3/4 5411/3/4 5412/3/4
f 5413/3/5 5414/3/5 5415/3/5 5416/3/5
f 5417/3/6 5418/3/6 5419/3/6 5420/3/6
f 5421/3/1 5422/3/1 5423/3/1 5424/3/1
f 5425/3/2 5426/3/2 5427/3/2 5428/3/2
f 5429/3/3 5430/3/3 5431/3/3 5432/3/3
f 5433/3/5 5434/3/5 5435/3/5 5436/3/5
f 5437/3/6 5438/3/6 5439/3/6 5440/3/6
f 5441/3/1 5442/3/1 5443/3/1 5444/3/1
f 5445/3/2 5446/3/2 5447/3/2 5448/3/2
f 5449/3/3 5450/3/3 5451/3/3 5452/3/3
f 5453/3/4 5454/3/4 5455/3/4 5456/3/4
f 5457/3/5 5458/3/5 5459/3/5 5460/3/5
f 5461/3/6 5462/3/6 5463/3/6 5464/3/6
f 5465/3/1 5466/3/1 5467/3/1 5468/3/1
f 5469/3/3 5470/3/3 5471/3/3 5472/3/3
f 5473/3/5 5474/3/5 5475/3/5 5476/3/5
f 5477/3/6 5478/3/6 5479/3/6 5480/3/6
f 5481/3/3 5482/3/3 5483/3/3 5484/3/3
f 5485/3/5 5486/3/5 5487/3/5 5488/3/5
f 5489/3/6 5490/3/6 5491/3/6 5492/3/6
f 5493/2/5 5494/2/5 5495/2/5 5496/2/5
f 5497/2/6 5498/2/6 5499/2/6 5500/2/6
f 5501/2/5 5502/2/5 5503/2/5 5504/2/5
f 5505/2/6 5506/2/6 5507/2/6 5508/2/6
f 5509/1/5 5510/1/5 5511/1/5 5512/1/5
f 5513/1/6 5514/1/6 5515/1/6 5516/1/6
f 5517/1/5 5518/1/5 5519/1/5 5520/1/5
f 5521/1/6 5522/1/6 5523/1/6 5524/1/6
f 5525/1/5 5526/1/5 5527/1/5 5528/1/5
f 5529/1/6 5530/1/6 5531/1/6 5532/1/6
f 5533/1/5 5534/1/5 5535/1/5 5536/1/5
f 5537/1/6 5538/1/6 5539/1/6 5540/1/6
f 5541/1/5 5542/1/5 5543/1/5 5544/1/5
f 5545/1/6 5546/1/6 5547/1/6 5548/1/6
f 5549/1/5 5550/1/5 5551/1/5 5552/1/5
f 5553/1/6 5554/1/6 5555/1/6 5556/1/6
f 5557/1/5 5558/1/5 5559/1/5 5560/1/5
f 5561/1/6 5562/1/6 5563/1/6 5564/1/6
f 5565/2/5 5566/2/5 5567/2/5 5568/2/5
f 5569/2/6 5570/2/6 5571/2/6 5572/2/6
f 5573/3/2 5574/3/2 5575/3/2 5576/3/2
f 5577/3/4 5578/3/4 5579/3/4 5580/3/4
f 5581/3/5 5582/3/5 5583/3/5 5584/3/5
f 5585/3/6 5586/3/6 5587/3/6 5588/3/6
f 5589/3/1 5590/3/1 5591/3/1 5592/3/1
f 5593/3/3 5594/3/3 5595/3/3 5596/3/3
f 5597/3/5 5598/3/5 5599/3/5 5600/3/5
f 5601/3/6 5602/3/6 5603/3/6 5604/3/6
f 5605/2/5 5606/2/5 5607/2/5 5608/2/5
f 5609/2/6 5610/2/6 5611/2/6 5612/2/6
f 5613/3/2 5614/3/2 5615/3/2 5616/3/2
f 5617/3/3 5618/3/3 5619/3/3 5620/3/3
f 5621/3/5 5622/3/5 5623/3/5 5624/3/5
f 5625/3/6 5626/3/6 5627/3/6 5628/3/6
f 5629/3/1 5630/3/1 5631/3/1 5632/3/1
f 5633/3/3 5634/3/3 5635/3/3 5636/3/3
f 5637/3/5 5638/3/5 5639/3/5 5640/3/5
f 5641/3/6 5642/3/6 5643/3/6 5644/3/6
f 5645/3/3 5646/3/3 5647/3/3 5648/3/3
f 5649/3/5 5650/3/5 5651/3/5 5652/3/5
f 5653/3/6 5654/3/6 5655/3/6 5656/3/6
f 5657/3/3 5658/3/3 5659/3/3 5660/3/3
f 5661/3/5 5662/3/5 5663/3/5 5664/3/5
f 5665/3/6 5666/3/6 5667/3/6 5668/3/6
f 5669/3/3 5670/3/3 5671/3/3 5672/3/3
f 5673/3/5 5674/3/5 5675/3/5 5676/3/5
f 5677/3/6 5678/3/6 5679/3/6 5680/3/6
f 5681/3/3 5682/3/3 5683/3/3 5684/3/3
f 5685/3/5 5686/3/5 5687/3/5 5688/3/5
f 5689/3/6 5690/3/6 5691/3/6 5692/3/6
f 5693/3/3 5694/3/3 5695/3/3 5696/3/3
f 5697/3/5 5698/3/5 5699/3/5 5700/3/5
f 5701/3/6 5702/3/6 5703/3/6 5704/3/6
f 5705/3/3 5706/3/3 5707/3/3 5708/3/3
f 5709/3/5 5710/3/5 5711/3/5 5712/3/5
f 5713/3/6 5714/3/6 5715/3/6 5716/3/6
f 5717/3/3 5718/3/3 5719/3/3 5720/3/3
f 5721/3/5 5722/3/5 5723/3/5 5724/3/5
f 5725/3/6 5726/3/6 5727/3/6 5728/3/6
f 5729/2/5 5730/2/5 5731/2/5 5732/2/5
f 5733/2/6 5734/2/6 5735/2/6 5736/2/6
f 5737/2/5 5738/2/5 5739/2/5 5740/2/5
f 5741/2/6 5742/2/6 5743/2/6 5744/2/6
f 5745/1/5 5746/1/5 5747/1/5 5748/1/5
f 5749/1/6 5750/1/6 5751/1/6 5752/1/6
f 5753/1/5 5754/1/5 5755/1/5 5756/1/5
f 5757/1/6 5758/1/6 5759/1/6 5760/1/6
f 5761/1/5 5762/1/5 5763/1/5 5764/1/5
f 5765/1/6 5766/1/6 5767/1/6 5768/1/6
f 5769/1/5 5770/1/5 5771/1/5 5772/1/5
f 5773/1/6 5774/1/6 5775/1/6 5776/1/6
f 5777/1/5 5778/1/5 5779/1/5 5780/1/5
f 5781/1/6 5782/1/6 5783/1/6 5784/1/6
f 5785/1/5 5786/1/5 5787/1/5 5788/1/5
f 5789/1/6 5790/1/6 5791/1/6 5792/1/6
f 5793/1/5 5794/1/5 5795/1/5 5796/1/5
f 5797/1/6 5798/1/6 5799/1/6 5800/1/6
f 5801/2/5 5802/2/5 5803/2/5 5804/2/5
f 5805/2/6 5806/2/6 5807/2/6 5808/2/6
f 5809/2/5 5810/2/5 5811/2/5 5812/2/5
f 5813/2/6 5814/2/6 5815/2/6 5816/2/6
f 5817/3/2 5818/3/2 5819/3/2 5820/3/2
f 5821/3/4 5822/3/4 5823/3/4 5824/3/4
f 5825/3/5 5826/3/5 5827/3/5 5828/3/5
f 5829/3/6 5830/3/6 5831/3/6 5832/3/6
f 5833/3/1 5834/3/1 5835/3/1 5836/3/1
f 5837/3/5 5838/3/5 5839/3/5 5840/3/5
f 5841/3/6 5842/3/6 5843/3/6 5844/3/6
f 5845/2/5 5846/2/5 5847/2/5 5848/2/5
f 5849/2/6 5850/2/6 5851/2/6 5852/2/6
f 5853/2/5 5854/2/5 5855/2/5 5856/2/5
f 5857/2/6 5858/2/6 5859/2/6 5860/2/6
f 5861/3/2 5862/3/2 5863/3/2 5864/3/2
f 5865/3/3 5866/3/3 5867/3/3 5868/3/3
f 5869/3/5 5870/3/5 5871/3/5 5872/3/5
f 5873/3/6 5874/3/6 5875/3/6 5876/3/6
f 5877/3/1 5878/3/1 5879/3/1 5880/3/1
f 5881/3/3 5882/3/3 5883/3/3 5884/3/3
f 5885/3/4 5886/3/4 5887/3/4 5888/3/4
f 5889/3/5 5890/3/5 5891/3/5 5892/3/5
f 5893/3/6 5894/3/6 5895/3/6 5896/3/6
f 5897/2/5 5898/2/5 5899/2/5 5900/2/5
f 5901/2/6 5902/2/6 5903/2/6 5904/2/6
f 5905/2/5 5906/2/5 5907/2/5 5908/2/5
f 5909/2/6 5910/2/6 5911/2/6 5912/2/6
f 5913/2/5 5914/2/5 5915/2/5 5916/2/5
f 5917/2/6 5918/2/6 5919/2/6 5920/2/6
f 5921/2/5 5922/2/5 5923/2/5 5924/2/5
f 5925/2/6 5926/2/6 5927/2/6 5928/2/6
f 5929/2/5 5930/2/5 5931/2/5 5932/2/5
f 5933/2/6 5934/2/6 5935/2/6 5936/2/6
f 5937/2/5 5938/2/5 5939/2/5 5940/2/5
f 5941/2/6 5942/2/6 5943/2/6 5944/2/6
f 5945/2/5 5946/2/5 5947/2/5 5948/2/5
f 5949/2/6 5950/2/6 5951/2/6 5952/2/6
f 5953/2/5 5954/2/5 5955/2/5 5956/2/5
f 5957/2/6 5958/2/6 5959/2/6 5960/2/6
f 5961/1/5 5962/1/5 5963/1/5 5964/1/5
f 5965/1/6 5966/1/6 5967/1/6 5968/1/6
f 5969/1/5 5970/1/5 5971/1/5 5972/1/5
f 5973/1/6 5974/1/6 5975/1/6 5976/1/6
f 5977/1/5 5978/1/5 5979/1/5 5980/1/5
f 5981/1/6 5982/1/6 5983/1/6 5984/1/6
f 5985/1/5 5986/1/5 5987/1/5 5988/1/5
f 5989/1/6 5990/1/6 5991/1/6 5992/1/6
f 5993/1/5 5994/1/5 5995/1/5 5996/1/5
f 5997/1/6 5998/1/6 5999/1/6 6000/1/6
f 6001/1/5 6002/1/5 6003/1/5 6004/1/5
f 6005/1/6 6006/1/6 6007/1/6 6008/1/6
f 6009/1/5 6010/1/5 6011/1/5 6012/1/5
f 6013/1/6 6014/1/6 6015/1/6 6016/1/6
f 6017/2/5 6018/2/5 6019/2/5 6020/2/5
f 6021/2/6 6022/2/6 6023/2/6 6024/2/6
f 6025/2/5 6026/2/5 6027/2/5 6028/2/5
f 6029/2/6 6030/2/6 6031/2/6 6032/2/6
f 6033/3/4 6034/3/4 6035/3/4 6036/3/4
f 6037/3/5 6038/3/5 6039/3/5 6040/3/5
f 6041/3/6 6042/3/6 6043/3/6 6044/3/6
f 6045/3/2 6046/3/2 6047/3/2 6048/3/2
f 6049/3/4 6050/3/4 6051/3/4 6052/3/4
f 6053/3/5 6054/3/5 6055/3/5 6056/3/5
f 6057/3/6 6058/3/6 6059/3/6 6060/3/6
f 6061/3/1 6062/3/1 6063/3/1 6064/3/1
f 6065/3/5 6066/3/5 6067/3/5 6068/3/5
f 6069/3/6 6070/3/6 6071/3/6 6072/3/6
f 6073/2/5 6074/2/5 6075/2/5 6076/2/5
f 6077/2/6 6078/2/6 6079/2/6 6080/2/6
f 6081/1/5 6082/1/5 6083/1/5 6084/1/5
f 6085/1/6 6086/1/6 6087/1/6 6088/1/6
f 6089/2/5 6090/2/5 6091/2/5 6092/2/5
f 6093/2/6 6094/2/6 6095/2/6 6096/2/6
f 6097/3/2 6098/3/2 6099/3/2 6100/3/2
f 6101/3/3 6102/3/3 6103/3/3 6104/3/3
f 6105/3/5 6106/3/5 6107/3/5 6108/3/5
f 6109/3/6 6110/3/6 6111/3/6 6112/3/6
f 6113/3/1 6114/3/1 6115/3/1 6116/3/1
f 6117/3/4 6118/3/4 6119/3/4 6120/3/4
f 6121/3/5 6122/3/5 6123/3/5 6124/3/5
f 6125/3/6 6126/3/6 6127/3/6 6128/3/6
f 6129/3/4 6130/3/4 6131/3/4 6132/3/4
f 6133/3/5 6134/3/5 6135/3/5 6136/3/5
f 6137/3/6 6138/3/6 6139/3/6 6140/3/6
f 6141/2/5 6142/2/5 6143/2/5 6144/2/5
f 6145/2/6 6146/2/6 6147/2/6 6148/2/6
f 6149/2/5 6150/2/5 6151/2/5 6152/2/5
f 6153/2/6 6154/2/6 6155/2/6 6156/2/6
f 6157/2/5 6158/2/5 6159/2/5 6160/2/5
f 6161/2/6 6162/2/6 6163/2/6 6164/2/6
f 6165/2/5 6166/2/5 6167/2/5 6168/2/5
f 6169/2/6 6170/2/6 6171/2/6 6172/2/6
f 6173/1/5 6174/1/5 6175/1/5 6176/1/5
f 6177/1/6 6178/1/6 6179/1/6 6180/1/6
f 6181/1/5 6182/1/5 6183/1/5 6184/1/5
f 6185/1/6 6186/1/6 6187/1/6 6188/1/6
f 6189/1/5 6190/1/5 6191/1/5 6192/1/5
f 6193/1/6 6194/1/6 6195/1/6 6196/1/6
f 6197/1/5 6198/1/5 6199/1/5 6200/1/5
f 6201/1/6 6202/1/6 6203/1/6 6204/1/6
f 6205/1/5 6206/1/5 6207/1/5 6208/1/5
f 6209/1/6 6210/1/6 6211/1/6 6212/1/6
f 6213/2/5 6214/2/5 6215/2/5 6216/2/5
f 6217/2/6 6218/2/6 6219/2/6 6220/2/6
f 6221/2/5 6222/2/5 6223/2/5 6224/2/5
f 6225/2/6 6226/2/6 6227/2/6 6228/2/6
f 6229/2/5 6230/2/5 6231/2/5 6232/2/5
f 6233/2/6 6234/2/6 6235/2/6 6236/2/6
f 6237/2/5 6238/2/5 6239/2/5 6240/2/5
f 6241/2/6 6242/2/6 6243/2/6 6244/2/6
f 6245/3/4 6246/3/4 6247/3/4 6248/3/4
f 6249/3/5 6250/3/5 6251/3/5 6252/3/5
f 6253/3/6 6254/3/6 6255/3/6 6256/3/6
f 6257/3/2 6258/3/2 6259/3/2 6260/3/2
f 6261/3/4 6262/3/4 6263/3/4 6264/3/4
f 6265/3/5 6266/3/5 6267/3/5 6268/3/5
f 6269/3/6 6270/3/6 6271/3/6 6272/3/6
f 6273/3/1 6274/3/1 6275/3/1 6276/3/1
f 6277/3/4 6278/3/4 6279/3/4 6280/3/4
f 6281/3/5 6282/3/5 6283/3/5 6284/3/5
f 6285/3/6 6286/3/6 6287/3/6 6288/3/6
f 6289/2/5 6290/2/5 6291/2/5 6292/2/5
f 6293/2/6 6294/2/6 6295/2/6 6296/2/6
f 6297/2/5 6298/2/5 6299/2/5 6300/2/5
f 6301/2/6 6302/2/6 6303/2/6 6304/2/6
f 6305/1/5 6306/1/5 6307/1/5 6308/1/5
f 6309/1/6 6310/1/6 6311/1/6 6312/1/6
f 6313/2/5 6314/2/5 6315/2/5 6316/2/5
f 6317/2/6 6318/2/6 6319/2/6 6320/2/6
f 6321/3/2 6322/3/2 6323/3/2 6324/3/2
f 6325/3/3 6326/3/3 6327/3/3 6328/3/3
f 6329/3/5 6330/3/5 6331/3/5 6332/3/5
f 6333/3/6 6334/3/6 6335/3/6 6336/3/6
f 6337/3/1 6338/3/1 6339/3/1 6340/3/1
f 6341/3/4 6342/3/4 6343/3/4 6344/3/4
f 6345/3/5 6346/3/5 6347/3/5 6348/3/5
f 6349/3/6 6350/3/6 6351/3/6 6352/3/6
f 6353/3/4 6354/3/4 6355/3/4 6356/3/4
f 6357/3/5 6358/3/5 6359/3/5 6360/3/5
f 6361/3/6 6362/3/6 6363/3/6 6364/3/6
f 6365/3/4 6366/3/4 6367/3/4 6368/3/4
f 6369/3/5 6370/3/5 6371/3/5 6372/3/5
f 6373/3/6 6374/3/6 6375/3/6 6376/3/6
f 6377/3/4 6378/3/4 6379/3/4 6380/3/4
f 6381/3/5 6382/3/5 6383/3/5 6384/3/5
f 6385/3/6 6386/3/6 6387/3/6 6388/3/6
f 6389/2/5 6390/2/5 6391/2/5 6392/2/5
f 6393/2/6 6394/2/6 6395/2/6 6396/2/6
f 6397/2/5 6398/2/5 6399/2/5 6400/2/5
f 6401/2/6 6402/2/6 6403/2/6 6404/2/6
f 6405/2/5 6406/2/5 6407/2/5 6408/2/5
f 6409/2/6 6410/2/6 6411/2/6 6412/2/6
f 6413/2/5 6414/2/5 6415/2/5 6416/2/5
f 6417/2/6 6418/2/6 6419/2/6 6420/2/6
f 6421/2/5 6422/2/5 6423/2/5 6424/2/5
f 6425/2/6 6426/2/6 6427/2/6 6428/2/6
f 6429/3/4 6430/3/4 6431/3/4 6432/3/4
f 6433/3/5 6434/3/5 6435/3/5 6436/3/5
f 6437/3/6 6438/3/6 6439/3/6 6440/3/6
f 6441/3/4 6442/3/4 6443/3/4 6444/3/4
f 6445/3/5 6446/3/5 6447/3/5 6448/3/5
f 6449/3/6 6450/3/6 6451/3/6 6452/3/6
f 6453/3/4 6454/3/4 6455/3/4 6456/3/4
f 6457/3/5 6458/3/5 6459/3/5 6460/3/5
f 6461/3/6 6462/3/6 6463/3/6 6464/3/6
f 6465/3/2 6466/3/2 6467/3/2 6468/3/2
f 6469/3/4 6470/3/4 6471/3/4 6472/3/4
f 6473/3/5 6474/3/5 6475/3/5 6476/3/5
f 6477/3/6 6478/3/6 6479/3/6 6480/3/6
f 6481/3/1 6482/3/1 6483/3/1 6484/3/1
f 6485/3/4 6486/3/4 6487/3/4 6488/3/4
f 6489/3/5 6490/3/5 6491/3/5 6492/3/5
f 6493/3/6 6494/3/6 6495/3/6 6496/3/6
f 6497/3/5 6498/3/5 6499/3/5 6500/3/5
f 6501/3/6 6502/3/6 6503/3/6 6504/3/6
f 6505/2/5 6506/2/5 6507/2/5 6508/2/5
f 6509/2/6 6510/2/6 6511/2/6 6512/2/6
f 6513/1/5 6514/1/5 6515/1/5 6516/1/5
f 6517/1/6 6518/1/6 6519/1/6 6520/1/6
f 6521/2/5 6522/2/5 6523/2/5 6524/2/5
f 6525/2/6 6526/2/6 6527/2/6 6528/2/6
f 6529/3/3 6530/3/3 6531/3/3 6532/3/3
f 6533/3/5 6534/3/5 6535/3/5 6536/3/5
f 6537/3/6 6538/3/6 6539/3/6 6540/3/6
f 6541/3/2 6542/3/2 6543/3/2 6544/3/2
f 6545/3/3 6546/3/3 6547/3/3 6548/3/3
f 6549/3/5 6550/3/5 6551/3/5 6552/3/5
f 6553/3/6 6554/3/6 6555/3/6 6556/3/6
f 6557/3/1 6558/3/1 6559/3/1 6560/3/1
f 6561/3/4 6562/3/4 6563/3/4 6564/3/4
f 6565/3/5 6566/3/5 6567/3/5 6568/3/5
f 6569/3/6 6570/3/6 6571/3/6 6572/3/6
f 6573/3/4 6574/3/4 6575/3/4 6576/3/4
f 6577/3/5 6578/3/5 6579/3/5 6580/3/5
f 6581/3/6 6582/3/6 6583/3/6 6584/3/6
f 6585/3/4 6586/3/4 6587/3/4 6588/3/4
f 6589/3/5 6590/3/5 6591/3/5 6592/3/5
f 6593/3/6 6594/3/6 6595/3/6 6596/3/6
f 6597/3/4 6598/3/4 6599/3/4 6600/3/4
f 6601/3/5 6602/3/5 6603/3/5 6604/3/5
f 6605/3/6 6606/3/6 6607/3/6 6608/3/6
f 6609/3/2 6610/3/2 6611/3/2 6612/3/2
f 6613/3/4 6614/3/4 6615/3/4 6616/3/4
f 6617/3/5 6618/3/5 6619/3/5 6620/3/5
f 6621/3/6 6622/3/6 6623/3/6 6624/3/6
f 6625/3/1 6626/3/1 6627/3/1 6628/3/1
f 6629/3/2 6630/3/2 6631/3/2 6632/3/2
f 6633/3/3 6634/3/3 6635/3/3 6636/3/3
f 6637/3/4 6638/3/4 6639/3/4 6640/3/4
f 6641/3/5 6642/3/5 6643/3/5 6644/3/5
f 6645/3/6 6646/3/6 6647/3/6 6648/3/6
f 6649/3/1 6650/3/1 6651/3/1 6652/3/1
f 6653/3/4 6654/3/4 6655/3/4 6656/3/4
f 6657/3/5 6658/3/5 6659/3/5 6660/3/5
f 6661/3/6 6662/3/6 6663/3/6 6664/3/6
f 6665/2/5 6666/2/5 6667/2/5 6668/2/5
f 6669/2/6 6670/2/6 6671/2/6 6672/2/6
f 6673/2/5 6674/2/5 6675/2/5 6676/2/5
f 6677/2/6 6678/2/6 6679/2/6 6680/2/6
f 6681/1/5 6682/1/5 6683/1/5 6684/1/5
f 6685/1/6 6686/1/6 6687/1/6 6688/1/6
f 6689/2/5 6690/2/5 6691/2/5 6692/2/5
f 6693/2/6 6694/2/6 6695/2/6 6696/2/6
f 6697/2/5 6698/2/5 6699/2/5 6700/2/5
f 6701/2/6 6702/2/6 6703/2/6 6704/2/6
f 6705/3/3 6706/3/3 6707/3/3 6708/3/3
f 6709/3/5 6710/3/5 6711/3/5 6712/3/5
f 6713/3/6 6714/3/6 6715/3/6 6716/3/6
f 6717/3/2 6718/3/2 6719/3/2 6720/3/2
f 6721/3/3 6722/3/3 6723/3/3 6724/3/3
f 6725/3/5 6726/3/5 6727/3/5 6728/3/5
f 6729/3/6 6730/3/6 6731/3/6 6732/3/6
f 6733/3/1 6734/3/1 6735/3/1 6736/3/1
f 6737/3/3 6738/3/3 6739/3/3 6740/3/3
f 6741/3/5 6742/3/5 6743/3/5 6744/3/5
f 6745/3/6 6746/3/6 6747/3/6 6748/3/6
f 6749/3/3 6750/3/3 6751/3/3 6752/3/3
f 6753/3/5 6754/3/5 6755/3/5 6756/3/5
f 6757/3/6 6758/3/6 6759/3/6 6760/3/6
f 6761/3/2 6762/3/2 6763/3/2 6764/3/2
f 6765/3/3 6766/3/3 6767/3/3 6768/3/3
f 6769/3/5 6770/3/5 6771/3/5 6772/3/5
f 6773/3/6 6774/3/6 6775/3/6 6776/3/6
f 6777/3/1 6778/3/1 6779/3/1 6780/3/1
f 6781/3/4 6782/3/4 6783/3/4 6784/3/4
f 6785/3/5 6786/3/5 6787/3/5 6788/3/5
f 6789/3/6 6790/3/6 6791/3/6 6792/3/6
f 6793/3/4 6794/3/4 6795/3/4 6796/3/4
f 6797/3/5 6798/3/5 6799/3/5 6800/3/5
f 6801/3/6 6802/3/6 6803/3/6 6804/3/6
f 6805/2/5 6806/2/5 6807/2/5 6808/2/5
f 6809/2/6 6810/2/6 6811/2/6 6812/2/6
f 6813/1/5 6814/1/5 6815/1/5 6816/1/5
f 6817/1/6 6818/1/6 6819/1/6 6820/1/6
f 6821/1/5 6822/1/5 6823/1/5 6824/1/5
f 6825/1/6 6826/1/6 6827/1/6 6828/1/6
f 6829/2/5 6830/2/5 6831/2/5 6832/2/5
f 6833/2/6 6834/2/6 6835/2/6 6836/2/6
f 6837/2/5 6838/2/5 6839/2/5 6840/2/5
f 6841/2/6 6842/2/6 6843/2/6 6844/2/6
f 6845/3/3 6846/3/3 6847/3/3 6848/3/3
f 6849/3/5 6850/3/5 6851/3/5 6852/3/5
f 6853/3/6 6854/3/6 6855/3/6 6856/3/6
f 6857/3/3 6858/3/3 6859/3/3 6860/3/3
f 6861/3/5 6862/3/5 6863/3/5 6864/3/5
f 6865/3/6 6866/3/6 6867/3/6 6868/3/6
f 6869/3/3 6870/3/3 6871/3/3 6872/3/3
f 6873/3/5 6874/3/5 6875/3/5 6876/3/5
f 6877/3/6 6878/3/6 6879/3/6 6880/3/6
f 6881/3/2 6882/3/2 6883/3/2 6884/3/2
f 6885/3/3 6886/3/3 6887/3/3 6888/3/3
f 6889/3/5 6890/3/5 6891/3/5 6892/3/5
f 6893/3/6 6894/3/6 6895/3/6 6896/3/6
f 6897/3/1 6898/3/1 6899/3/1 6900/3/1
f 6901/3/3 6902/3/3 6903/3/3 6904/3/3
f 6905/3/5 6906/3/5 6907/3/5 6908/3/5
f 6909/3/6 6910/3/6 6911/3/6 6912/3/6
f 6913/2/5 6914/2/5 6915/2/5 6916/2/5
f 6917/2/6 6918/2/6 6919/2/6 6920/2/6
f 6921/2/5 6922/2/5 6923/2/5 6924/2/5
f 6925/2/6 6926/2/6 6927/2/6 6928/2/6
f 6929/3/2 6930/3/2 6931/3/2 6932/3/2
f 6933/3/4 6934/3/4 6935/3/4 6936/3/4
f 6937/3/5 6938/3/5 6939/3/5 6940/3/5
f 6941/3/6 6942/3/6 6943/3/6 6944/3/6
f 6945/3/1 6946/3/1 6947/3/1 6948/3/1
f 6949/3/4 6950/3/4 6951/3/4 6952/3/4
f 6953/3/5 6954/3/5 6955/3/5 6956/3/5
f 6957/3/6 6958/3/6 6959/3/6 6960/3/6
f 6961/2/5 6962/2/5 6963/2/5 6964/2/5
f 6965/2/6 6966/2/6 6967/2/6 6968/2/6
f 6969/2/5 6970/2/5 6971/2/5 6972/2/5
f 6973/2/6 6974/2/6 6975/2/6 6976/2/6
f 6977/2/5 6978/2/5 6979/2/5 6980/2/5
f 6981/2/6 6982/2/6 6983/2/6 6984/2/6
f 6985/1/5 6986/1/5 6987/1/5 6988/1/5
f 6989/1/6 6990/1/6 6991/1/6 6992/1/6
f 6993/2/5 6994/2/5 6995/2/5 6996/2/5
f 6997/2/6 6998/2/6 6999/2/6 7000/2/6
f 7001/2/5 7002/2/5 7003/2/5 7004/2/5
f 7005/2/6 7006/2/6 7007/2/6 7008/2/6
f 7009/2/5 7010/2/5 7011/2/5 7012/2/5
f 7013/2/6 7014/2/6 7015/2/6 7016/2/6
f 7017/2/5 7018/2/5 7019/2/5 7020/2/5
f 7021/2/6 7022/2/6 7023/2/6 7024/2/6
f 7025/3/3 7026/3/3 7027/3/3 7028/3/3
f 7029/3/5 7030/3/5 7031/3/5 7032/3/5
f 7033/3/6 7034/3/6 7035/3/6 7036/3/6
f 7037/3/3 7038/3/3 7039/3/3 7040/3/3
f 7041/3/5 7042/3/5 7043/3/5 7044/3/5
f 7045/3/6 7046/3/6 7047/3/6 7048/3/6
f 7049/3/3 7050/3/3 7051/3/3 7052/3/3
f 7053/3/5 7054/3/5 7055/3/5 7056/3/5
f 7057/3/6 7058/3/6 7059/3/6 7060/3/6
f 7061/3/3 7062/3/3 7063/3/3 7064/3/3
f 7065/3/5 7066/3/5 7067/3/5 7068/3/5
f 7069/3/6 7070/3/6 7071/3/6 7072/3/6
f 7073/3/3 7074/3/3 7075/3/3 7076/3/3
f 7077/3/5 7078/3/5 7079/3/5 7080/3/5
f 7081/3/6 7082/3/6 7083/3/6 7084/3/6
f 7085/3/3 7086/3/3 7087/3/3 7088/3/3
f 7089/3/5 7090/3/5 7091/3/5 7092/3/5
f 7093/3/6 7094/3/6 7095/3/6 7096/3/6
f 7097/3/3 7098/3/3 7099/3/3 7100/3/3
f 7101/3/5 7102/3/5 7103/3/5 7104/3/5
f 7105/3/6 7106/3/6 7107/3/6 7108/3/6
f 7109/3/3 7110/3/3 7111/3/3 7112/3/3
f 7113/3/5 7114/3/5 7115/3/5 7116/3/5
f 7117/3/6 7118/3/6 7119/3/6 7120/3/6
f 7121/3/3 7122/3/3 7123/3/3 7124/3/3
f 7125/3/5 7126/3/5 7127/3/5 7128/3/5
f 7129/3/6 7130/3/6 7131/3/6 7132/3/6
f 7133/3/3 7134/3/3 7135/3/3 7136/3/3
f 7137/3/5 7138/3/5 7139/3/5 7140/3/5
f 7141/3/6 7142/3/6 7143/3/6 7144/3/6
f 7145/3/3 7146/3/3 7147/3/3 7148/3/3
f 7149/3/5 7150/3/5 7151/3/5 7152/3/5
f 7153/3/6 7154/3/6 7155/3/6 7156/3/6
f 7157/2/5 7158/2/5 7159/2/5 7160/2/5
f 7161/2/6 7162/2/6 7163/2/6 7164/2/6
f 7165/2/5 7166/2/5 7167/2/5 7168/2/5
f 7169/2/6 7170/2/6 7171/2/6 7172/2/6
f 7173/3/2 7174/3/2 7175/3/2 7176/3/2
f 7177/3/4 7178/3/4 7179/3/4 7180/3/4
f 7181/3/5 7182/3/5 7183/3/5 7184/3/5
f 7185/3/6 7186/3/6 7187/3/6 7188/3/6
f 7189/3/1 7190/3/1 7191/3/1 7192/3/1
f 7193/3/4 7194/3/4 7195/3/4 7196/3/4
f 7197/3/5 7198/3/5 7199/3/5 7200/3/5
f 7201/3/6 7202/3/6 7203/3/6 7204/3/6
f 7205/3/4 7206/3/4 7207/3/4 7208/3/4
f 7209/3/5 7210/3/5 7211/3/5 7212/3/5
f 7213/3/6 7214/3/6 7215/3/6 7216/3/6
f 7217/3/4 7218/3/4 7219/3/4 7220/3/4
f 7221/3/5 7222/3/5 7223/3/5 7224/3/5
f 7225/3/6 7226/3/6 7227/3/6 7228/3/6
f 7229/2/5 7230/2/5 7231/2/5 7232/2/5
f 7233/2/6 7234/2/6 7235/2/6 7236/2/6
f 7237/2/5 7238/2/5 7239/2/5 7240/2/5
f 7241/2/6 7242/2/6 7243/2/6 7244/2/6
f 7245/2/5 7246/2/5 7247/2/5 7248/2/5
f 7249/2/6 7250/2/6 7251/2/6 7252/2/6
f 7253/1/5 7254/1/5 7255/1/5 7256/1/5
f 7257/1/6 7258/1/6 7259/1/6 7260/1/6
f 7261/1/5 7262/1/5 7263/1/5 7264/1/5
f 7265/1/6 7266/1/6 7267/1/6 7268/1/6
f 7269/2/5 7270/2/5 7271/2/5 7272/2/5
f 7273/2/6 7274/2/6 7275/2/6 7276/2/6
f 7277/2/5 7278/2/5 7279/2/5 7280/2/5
f 7281/2/6 7282/2/6 7283/2/6 7284/2/6
f 7285/2/5 7286/2/5 7287/2/5 7288/2/5
f 7289/2/6 7290/2/6 7291/2/6 7292/2/6
f 7293/2/5 7294/2/5 7295/2/5 7296/2/5
f 7297/2/6 7298/2/6 7299/2/6 7300/2/6
f 7301/2/5 7302/2/5 7303/2/5 7304/2/5
f 7305/2/6 7306/2/6 7307/2/6 7308/2/6
f 7309/2/5 7310/2/5 7311/2/5 7312/2/5
f 7313/2/6 7314/2/6 7315/2/6 7316/2/6
f 7317/2/5 7318/2/5 7319/2/5 7320/2/5
f 7321/2/6 7322/2/6 7323/2/6 7324/2/6
f 7325/2/5 7326/2/5 7327/2/5 7328/2/5
f 7329/2/6 7330/2/6 7331/2/6 7332/2/6
f 7333/2/5 7334/2/5 7335/2/5 7336/2/5
f 7337/2/6 7338/2/6 7339/2/6 7340/2/6
f 7341/2/5 7342/2/5 7343/2/5 7344/2/5
f 7345/2/6 7346/2/6 7347/2/6 7348/2/6
f 7349/2/5 7350/2/5 7351/2/5 7352/2/5
f 7353/2/6 7354/2/6 7355/2/6 7356/2/6
f 7357/2/5 7358/2/5 7359/2/5 7360/2/5
f 7361/2/6 7362/2/6 7363/2/6 7364/2/6
f 7365/3/2 7366/3/2 7367/3/2 7368/3/2
f 7369/3/4 7370/3/4 7371/3/4 7372/3/4
f 7373/3/5 7374/3/5 7375/3/5 7376/3/5
f 7377/3/6 7378/3/6 7379/3/6 7380/3/6
f 7381/3/1 7382/3/1 7383/3/1 7384/3/1
f 7385/3/4 7386/3/4 7387/3/4 7388/3/4
f 7389/3/5 7390/3/5 7391/3/5 7392/3/5
f 7393/3/6 7394/3/6 7395/3/6 7396/3/6
f 7397/3/4 7398/3/4 7399/3/4 7400/3/4
f 7401/3/5 7402/3/5 7403/3/5 7404/3/5
f 7405/3/6 7406/3/6 7407/3/6 7408/3/6
f 7409/3/4 7410/3/4 7411/3/4 7412/3/4
f 7413/3/5 7414/3/5 7415/3/5 7416/3/5
f 7417/3/6 7418/3/6 7419/3/6 7420/3/6
f 7421/2/5 7422/2/5 7423/2/5 7424/2/5
f 7425/2/6 7426/2/6 7427/2/6 7428/2/6
f 7429/2/5 7430/2/5 7431/2/5 7432/2/5
f 7433/2/6 7434/2/6 7435/2/6 7436/2/6
f 7437/2/5 7438/2/5 7439/2/5 7440/2/5
f 7441/2/6 7442/2/6 7443/2/6 7444/2/6
f 7445/2/5 7446/2/5 7447/2/5 7448/2/5
f 7449/2/6 7450/2/6 7451/2/6 7452/2/6
f 7453/2/5 7454/2/5 7455/2/5 7456/2/5
f 7457/2/6 7458/2/6 7459/2/6 7460/2/6
f 7461/2/5 7462/2/5 7463/2/5 7464/2/5
f 7465/2/6 7466/2/6 7467/2/6 7468/2/6
f 7469/2/5 7470/2/5 7471/2/5 7472/2/5
f 7473/2/6 7474/2/6 7475/2/6 7476/2/6
f 7477/2/5 7478/2/5 7479/2/5 7480/2/5
f 7481/2/6 7482/2/6 7483/2/6 7484/2/6
f 7485/2/5 7486/2/5 7487/2/5 7488/2/5
f 7489/2/6 7490/2/6 7491/2/6 7492/2/6
f 7493/3/4 7494/3/4 7495/3/4 7496/3/4
f 7497/3/5 7498/3/5 7499/3/5 7500/3/5
f 7501/3/6 7502/3/6 7503/3/6 7504/3/6
f 7505/3/4 7506/3/4 7507/3/4 7508/3/4
f 7509/3/5 7510/3/5 7511/3/5 7512/3/5
f 7513/3/6 7514/3/6 7515/3/6 7516/3/6
f 7517/3/4 7518/3/4 7519/3/4 7520/3/4
f 7521/3/5 7522/3/5 7523/3/5 7524/3/5
f 7525/3/6 7526/3/6 7527/3/6 7528/3/6
f 7529/3/4 7530/3/4 7531/3/4 7532/3/4
f 7533/3/5 7534/3/5 7535/3/5 7536/3/5
f 7537/3/6 7538/3/6 7539/3/6 7540/3/6
f 7541/3/2 7542/3/2 7543/3/2 7544/3/2
f 7545/3/4 7546/3/4 7547/3/4 7548/3/4
f 7549/3/5 7550/3/5 7551/3/5 7552/3/5
f 7553/3/6 7554/3/6 7555/3/6 7556/3/6
f 7557/3/1 7558/3/1 7559/3/1 7560/3/1
f 7561/3/4 7562/3/4 7563/3/4 7564/3/4
f 7565/3/5 7566/3/5 7567/3/5 7568/3/5
f 7569/3/6 7570/3/6 7571/3/6 7572/3/6
f 7573/3/4 7574/3/4 7575/3/4 7576/3/4
f 7577/3/5 7578/3/5 7579/3/5 7580/3/5
f 7581/3/6 7582/3/6 7583/3/6 7584/3/6
f 7585/3/4 7586/3/4 7587/3/4 7588/3/4
f 7589/3/5 7590/3/5 7591/3/5 7592/3/5
f 7593/3/6 7594/3/6 7595/3/6 7596/3/6
f 7597/3/4 7598/3/4 7599/3/4 7600/3/4
f 7601/3/5 7602/3/5 7603/3/5 7604/3/5
f 7605/3/6 7606/3/6 7607/3/6 7608/3/6
f 7609/3/4 7610/3/4 7611/3/4 7612/3/4
f 7613/3/5 7614/3/5 7615/3/5 7616/3/5
f 7617/3/6 7618/3/6 7619/3/6 7620/3/6
f 7621/3/4 7622/3/4 7623/3/4 7624/3/4
f 7625/3/5 7626/3/5 7627/3/5 7628/3/5
f 7629/3/6 7630/3/6 7631/3/6 7632/3/6
f 7633/3/4 7634/3/4 7635/3/4 7636/3/4
f 7637/3/5 7638/3/5 7639/3/5 7640/3/5
f 7641/3/6 7642/3/6 7643/3/6 7644/3/6
f 7645/3/4 7646/3/4 7647/3/4 7648/3/4
f 7649/3/5 7650/3/5 7651/3/5 7652/3/5
f 7653/3/6 7654/3/6 7655/3/6 7656/3/6
f 7657/3/2 7658/3/2 7659/3/2 7660/3/2
f 7661/3/4 7662/3/4 7663/3/4 7664/3/4
f 7665/3/5 7666/3/5 7667/3/5 7668/3/5
f 7669/3/6 7670/3/6 7671/3/6 7672/3/6

