# generated by vox_to_obj_exporter
# scale=0.1 center=true ground=true y_up=false

mtllib Shape_11_104.mtl
usemtl palette

# normals
vn -1 0 0
vn 1 0 0
vn 0 0 1
vn 0 0 -1
vn 0 -1 0
vn 0 1 0

# texcoords
vt 0.486328125 0.5
vt 0.701171875 0.5
vt 0.537109375 0.5
vt 0.654296875 0.5
vt 0.369140625 0.5
vt 0.490234375 0.5
vt 0.677734375 0.5
vt 0.509765625 0.5
vt 0.513671875 0.5
vt 0.533203125 0.5

# verts
v -1.2 1.2 0.1
v -1.2 1.2 0
v -1.2 1.1 0
v -1.2 1.1 0.1
v -1.2 1.2 0.1
v -1.2 1.1 0.1
v -1.1 1.1 0.1
v -1.1 1.2 0.1
v -1.2 1.1 0
v -1.2 1.2 0
v -1.1 1.2 0
v -1.1 1.1 0
v -1.1 1.2 0.1
v -1.1 1.2 0
v -1.2 1.2 0
v -1.2 1.2 0.1
v -1.1 1.1 0
v -1.1 1.2 0
v -1 1.2 0
v -1 1.1 0
v -1 1.2 0.1
v -1 1.2 0
v -1.1 1.2 0
v -1.1 1.2 0.1
v -1.1 1.2 0.2
v -1.1 1.2 0.1
v -1.1 1.1 0.1
v -1.1 1.1 0.2
v -1 1.1 0.2
v -1 1.1 0.1
v -1 1.2 0.1
v -1 1.2 0.2
v -1.1 1.1 0.2
v -1.1 1.1 0.1
v -1 1.1 0.1
v -1 1.1 0.2
v -1 1.2 0.2
v -1 1.2 0.1
v -1.1 1.2 0.1
v -1.1 1.2 0.2
v -1.1 1.2 0.3
v -1.1 1.2 0.2
v -1.1 1.1 0.2
v -1.1 1.1 0.3
v -1 1.1 0.3
v -1 1.1 0.2
v -1 1.2 0.2
v -1 1.2 0.3
v -1.1 1.2 0.3
v -1.1 1.1 0.3
v -1 1.1 0.3
v -1 1.2 0.3
v -1.1 1.1 0.3
v -1.1 1.1 0.2
v -1 1.1 0.2
v -1 1.1 0.3
v -1 1.2 0.3
v -1 1.2 0.2
v -1.1 1.2 0.2
v -1.1 1.2 0.3
v -1 1.2 0.1
v -1 1.1 0.1
v -0.9 1.1 0.1
v -0.9 1.2 0.1
v -1 1.1 0
v -1 1.2 0
v -0.9 1.2 0
v -0.9 1.1 0
v -0.9 1.2 0.1
v -0.9 1.2 0
v -1 1.2 0
v -1 1.2 0.1
v -0.9 1.2 0.1
v -0.9 1.1 0.1
v -0.8 1.1 0.1
v -0.8 1.2 0.1
v -0.9 1.1 0
v -0.9 1.2 0
v -0.8 1.2 0
v -0.8 1.1 0
v -0.8 1.2 0.1
v -0.8 1.2 0
v -0.9 1.2 0
v -0.9 1.2 0.1
v -0.8 1.2 0.1
v -0.8 1.1 0.1
v -0.7 1.1 0.1
v -0.7 1.2 0.1
v -0.8 1.1 0
v -0.8 1.2 0
v -0.7 1.2 0
v -0.7 1.1 0
v -0.7 1.2 0.1
v -0.7 1.2 0
v -0.8 1.2 0
v -0.8 1.2 0.1
v -0.7 1.1 0
v -0.7 1.2 0
v -0.6 1.2 0
v -0.6 1.1 0
v -0.6 1.2 0.1
v -0.6 1.2 0
v -0.7 1.2 0
v -0.7 1.2 0.1
v -0.7 1.2 0.2
v -0.7 1.2 0.1
v -0.7 1.1 0.1
v -0.7 1.1 0.2
v -0.6 1.1 0.2
v -0.6 1.1 0.1
v -0.6 1.2 0.1
v -0.6 1.2 0.2
v -0.7 1.1 0.2
v -0.7 1.1 0.1
v -0.6 1.1 0.1
v -0.6 1.1 0.2
v -0.6 1.2 0.2
v -0.6 1.2 0.1
v -0.7 1.2 0.1
v -0.7 1.2 0.2
v -0.7 1.2 0.3
v -0.7 1.2 0.2
v -0.7 1.1 0.2
v -0.7 1.1 0.3
v -0.6 1.1 0.3
v -0.6 1.1 0.2
v -0.6 1.2 0.2
v -0.6 1.2 0.3
v -0.7 1.2 0.3
v -0.7 1.1 0.3
v -0.6 1.1 0.3
v -0.6 1.2 0.3
v -0.7 1.1 0.3
v -0.7 1.1 0.2
v -0.6 1.1 0.2
v -0.6 1.1 0.3
v -0.6 1.2 0.3
v -0.6 1.2 0.2
v -0.7 1.2 0.2
v -0.7 1.2 0.3
v -0.6 1.2 0.1
v -0.6 1.1 0.1
v -0.5 1.1 0.1
v -0.5 1.2 0.1
v -0.6 1.1 0
v -0.6 1.2 0
v -0.5 1.2 0
v -0.5 1.1 0
v -0.5 1.2 0.1
v -0.5 1.2 0
v -0.6 1.2 0
v -0.6 1.2 0.1
v -0.5 1.2 0.1
v -0.5 1.1 0.1
v -0.4 1.1 0.1
v -0.4 1.2 0.1
v -0.5 1.1 0
v -0.5 1.2 0
v -0.4 1.2 0
v -0.4 1.1 0
v -0.4 1.2 0.1
v -0.4 1.2 0
v -0.5 1.2 0
v -0.5 1.2 0.1
v -0.4 1.2 0.1
v -0.4 1.1 0.1
v -0.3 1.1 0.1
v -0.3 1.2 0.1
v -0.4 1.1 0
v -0.4 1.2 0
v -0.3 1.2 0
v -0.3 1.1 0
v -0.3 1.2 0.1
v -0.3 1.2 0
v -0.4 1.2 0
v -0.4 1.2 0.1
v -0.3 1.2 0.1
v -0.3 1.1 0.1
v -0.2 1.1 0.1
v -0.2 1.2 0.1
v -0.3 1.1 0
v -0.3 1.2 0
v -0.2 1.2 0
v -0.2 1.1 0
v -0.2 1.2 0.1
v -0.2 1.2 0
v -0.3 1.2 0
v -0.3 1.2 0.1
v -0.2 1.2 0.1
v -0.2 1.1 0.1
v -0.1 1.1 0.1
v -0.1 1.2 0.1
v -0.2 1.1 0
v -0.2 1.2 0
v -0.1 1.2 0
v -0.1 1.1 0
v -0.1 1.2 0.1
v -0.1 1.2 0
v -0.2 1.2 0
v -0.2 1.2 0.1
v -0.1 1.2 0.1
v -0.1 1.1 0.1
v 0 1.1 0.1
v 0 1.2 0.1
v -0.1 1.1 0
v -0.1 1.2 0
v 0 1.2 0
v 0 1.1 0
v 0 1.2 0.1
v 0 1.2 0
v -0.1 1.2 0
v -0.1 1.2 0.1
v 0 1.2 0.1
v 0 1.1 0.1
v 0.1 1.1 0.1
v 0.1 1.2 0.1
v 0 1.1 0
v 0 1.2 0
v 0.1 1.2 0
v 0.1 1.1 0
v 0.1 1.2 0.1
v 0.1 1.2 0
v 0 1.2 0
v 0 1.2 0.1
v 0.1 1.2 0.1
v 0.1 1.1 0.1
v 0.2 1.1 0.1
v 0.2 1.2 0.1
v 0.1 1.1 0
v 0.1 1.2 0
v 0.2 1.2 0
v 0.2 1.1 0
v 0.2 1.2 0.1
v 0.2 1.2 0
v 0.1 1.2 0
v 0.1 1.2 0.1
v 0.2 1.2 0.1
v 0.2 1.1 0.1
v 0.3 1.1 0.1
v 0.3 1.2 0.1
v 0.2 1.1 0
v 0.2 1.2 0
v 0.3 1.2 0
v 0.3 1.1 0
v 0.3 1.2 0.1
v 0.3 1.2 0
v 0.2 1.2 0
v 0.2 1.2 0.1
v 0.3 1.2 0.1
v 0.3 1.1 0.1
v 0.4 1.1 0.1
v 0.4 1.2 0.1
v 0.3 1.1 0
v 0.3 1.2 0
v 0.4 1.2 0
v 0.4 1.1 0
v 0.4 1.2 0.1
v 0.4 1.2 0
v 0.3 1.2 0
v 0.3 1.2 0.1
v 0.4 1.2 0.1
v 0.4 1.1 0.1
v 0.5 1.1 0.1
v 0.5 1.2 0.1
v 0.4 1.1 0
v 0.4 1.2 0
v 0.5 1.2 0
v 0.5 1.1 0
v 0.5 1.2 0.1
v 0.5 1.2 0
v 0.4 1.2 0
v 0.4 1.2 0.1
v 0.5 1.2 0.1
v 0.5 1.1 0.1
v 0.6 1.1 0.1
v 0.6 1.2 0.1
v 0.5 1.1 0
v 0.5 1.2 0
v 0.6 1.2 0
v 0.6 1.1 0
v 0.6 1.2 0.1
v 0.6 1.2 0
v 0.5 1.2 0
v 0.5 1.2 0.1
v 0.6 1.2 0.1
v 0.6 1.1 0.1
v 0.7 1.1 0.1
v 0.7 1.2 0.1
v 0.6 1.1 0
v 0.6 1.2 0
v 0.7 1.2 0
v 0.7 1.1 0
v 0.7 1.2 0.1
v 0.7 1.2 0
v 0.6 1.2 0
v 0.6 1.2 0.1
v 0.7 1.2 0.1
v 0.7 1.1 0.1
v 0.8 1.1 0.1
v 0.8 1.2 0.1
v 0.7 1.1 0
v 0.7 1.2 0
v 0.8 1.2 0
v 0.8 1.1 0
v 0.8 1.2 0.1
v 0.8 1.2 0
v 0.7 1.2 0
v 0.7 1.2 0.1
v 0.8 1.2 0.1
v 0.8 1.1 0.1
v 0.9 1.1 0.1
v 0.9 1.2 0.1
v 0.8 1.1 0
v 0.8 1.2 0
v 0.9 1.2 0
v 0.9 1.1 0
v 0.9 1.2 0.1
v 0.9 1.2 0
v 0.8 1.2 0
v 0.8 1.2 0.1
v 0.9 1.2 0.1
v 0.9 1.1 0.1
v 1 1.1 0.1
v 1 1.2 0.1
v 0.9 1.1 0
v 0.9 1.2 0
v 1 1.2 0
v 1 1.1 0
v 1 1.2 0.1
v 1 1.2 0
v 0.9 1.2 0
v 0.9 1.2 0.1
v 1 1.1 0
v 1 1.2 0
v 1.1 1.2 0
v 1.1 1.1 0
v 1.1 1.2 0.1
v 1.1 1.2 0
v 1 1.2 0
v 1 1.2 0.1
v 1 1.2 0.2
v 1 1.2 0.1
v 1 1.1 0.1
v 1 1.1 0.2
v 1 1.1 0.2
v 1 1.1 0.1
v 1.1 1.1 0.1
v 1.1 1.1 0.2
v 1.1 1.2 0.2
v 1.1 1.2 0.1
v 1 1.2 0.1
v 1 1.2 0.2
v 1 1.2 0.3
v 1 1.2 0.2
v 1 1.1 0.2
v 1 1.1 0.3
v 1 1.2 0.3
v 1 1.1 0.3
v 1.1 1.1 0.3
v 1.1 1.2 0.3
v 1 1.1 0.3
v 1 1.1 0.2
v 1.1 1.1 0.2
v 1.1 1.1 0.3
v 1.1 1.2 0.3
v 1.1 1.2 0.2
v 1 1.2 0.2
v 1 1.2 0.3
v 1.2 1.1 0.1
v 1.2 1.1 0
v 1.2 1.2 0
v 1.2 1.2 0.1
v 1.1 1.1 0
v 1.1 1.2 0
v 1.2 1.2 0
v 1.2 1.1 0
v 1.2 1.2 0.1
v 1.2 1.2 0
v 1.1 1.2 0
v 1.1 1.2 0.1
v 1.2 1.1 0.2
v 1.2 1.1 0.1
v 1.2 1.2 0.1
v 1.2 1.2 0.2
v 1.1 1.1 0.2
v 1.1 1.1 0.1
v 1.2 1.1 0.1
v 1.2 1.1 0.2
v 1.2 1.2 0.2
v 1.2 1.2 0.1
v 1.1 1.2 0.1
v 1.1 1.2 0.2
v 1.2 1.1 0.3
v 1.2 1.1 0.2
v 1.2 1.2 0.2
v 1.2 1.2 0.3
v 1.1 1.2 0.3
v 1.1 1.1 0.3
v 1.2 1.1 0.3
v 1.2 1.2 0.3
v 1.1 1.1 0.3
v 1.1 1.1 0.2
v 1.2 1.1 0.2
v 1.2 1.1 0.3
v 1.2 1.2 0.3
v 1.2 1.2 0.2
v 1.1 1.2 0.2
v 1.1 1.2 0.3
v -1.2 1.1 0.1
v -1.2 1.1 0
v -1.2 1 0
v -1.2 1 0.1
v -1.2 1.1 0.1
v -1.2 1 0.1
v -1.1 1 0.1
v -1.1 1.1 0.1
v -1.2 1 0
v -1.2 1.1 0
v -1.1 1.1 0
v -1.1 1 0
v -1.1 1.1 0.1
v -1.1 1 0.1
v -1 1 0.1
v -1 1.1 0.1
v -1.1 1 0
v -1.1 1.1 0
v -1 1.1 0
v -1 1 0
v -1 1.1 0.1
v -1 1 0.1
v -0.9 1 0.1
v -0.9 1.1 0.1
v -1 1 0
v -1 1.1 0
v -0.9 1.1 0
v -0.9 1 0
v -0.9 1.1 0.1
v -0.9 1 0.1
v -0.8 1 0.1
v -0.8 1.1 0.1
v -0.9 1 0
v -0.9 1.1 0
v -0.8 1.1 0
v -0.8 1 0
v -0.8 1.1 0.1
v -0.8 1 0.1
v -0.7 1 0.1
v -0.7 1.1 0.1
v -0.8 1 0
v -0.8 1.1 0
v -0.7 1.1 0
v -0.7 1 0
v -0.7 1.1 0.1
v -0.7 1 0.1
v -0.6 1 0.1
v -0.6 1.1 0.1
v -0.7 1 0
v -0.7 1.1 0
v -0.6 1.1 0
v -0.6 1 0
v -0.6 1.1 0.1
v -0.6 1 0.1
v -0.5 1 0.1
v -0.5 1.1 0.1
v -0.6 1 0
v -0.6 1.1 0
v -0.5 1.1 0
v -0.5 1 0
v -0.5 1.1 0.1
v -0.5 1 0.1
v -0.4 1 0.1
v -0.4 1.1 0.1
v -0.5 1 0
v -0.5 1.1 0
v -0.4 1.1 0
v -0.4 1 0
v -0.4 1.1 0.1
v -0.4 1 0.1
v -0.3 1 0.1
v -0.3 1.1 0.1
v -0.4 1 0
v -0.4 1.1 0
v -0.3 1.1 0
v -0.3 1 0
v -0.3 1.1 0.1
v -0.3 1 0.1
v -0.2 1 0.1
v -0.2 1.1 0.1
v -0.3 1 0
v -0.3 1.1 0
v -0.2 1.1 0
v -0.2 1 0
v -0.2 1 0
v -0.2 1.1 0
v -0.1 1.1 0
v -0.1 1 0
v -0.2 1.1 0.2
v -0.2 1.1 0.1
v -0.2 1 0.1
v -0.2 1 0.2
v -0.2 1 0.2
v -0.2 1 0.1
v -0.1 1 0.1
v -0.1 1 0.2
v -0.1 1.1 0.2
v -0.1 1.1 0.1
v -0.2 1.1 0.1
v -0.2 1.1 0.2
v -0.2 1.1 0.3
v -0.2 1.1 0.2
v -0.2 1 0.2
v -0.2 1 0.3
v -0.2 1.1 0.3
v -0.2 1 0.3
v -0.1 1 0.3
v -0.1 1.1 0.3
v -0.2 1 0.3
v -0.2 1 0.2
v -0.1 1 0.2
v -0.1 1 0.3
v -0.1 1.1 0.3
v -0.1 1.1 0.2
v -0.2 1.1 0.2
v -0.2 1.1 0.3
v -0.1 1 0
v -0.1 1.1 0
v 0 1.1 0
v 0 1 0
v 0 1 0.2
v 0 1 0.1
v 0 1.1 0.1
v 0 1.1 0.2
v -0.1 1 0.2
v -0.1 1 0.1
v 0 1 0.1
v 0 1 0.2
v 0 1.1 0.2
v 0 1.1 0.1
v -0.1 1.1 0.1
v -0.1 1.1 0.2
v 0 1 0.3
v 0 1 0.2
v 0 1.1 0.2
v 0 1.1 0.3
v -0.1 1.1 0.3
v -0.1 1 0.3
v 0 1 0.3
v 0 1.1 0.3
v -0.1 1 0.3
v -0.1 1 0.2
v 0 1 0.2
v 0 1 0.3
v 0 1.1 0.3
v 0 1.1 0.2
v -0.1 1.1 0.2
v -0.1 1.1 0.3
v 0 1.1 0.1
v 0 1 0.1
v 0.1 1 0.1
v 0.1 1.1 0.1
v 0 1 0
v 0 1.1 0
v 0.1 1.1 0
v 0.1 1 0
v 0.1 1.1 0.1
v 0.1 1 0.1
v 0.2 1 0.1
v 0.2 1.1 0.1
v 0.1 1 0
v 0.1 1.1 0
v 0.2 1.1 0
v 0.2 1 0
v 0.2 1.1 0.1
v 0.2 1 0.1
v 0.3 1 0.1
v 0.3 1.1 0.1
v 0.2 1 0
v 0.2 1.1 0
v 0.3 1.1 0
v 0.3 1 0
v 0.3 1.1 0.1
v 0.3 1 0.1
v 0.4 1 0.1
v 0.4 1.1 0.1
v 0.3 1 0
v 0.3 1.1 0
v 0.4 1.1 0
v 0.4 1 0
v 0.4 1.1 0.1
v 0.4 1 0.1
v 0.5 1 0.1
v 0.5 1.1 0.1
v 0.4 1 0
v 0.4 1.1 0
v 0.5 1.1 0
v 0.5 1 0
v 0.5 1.1 0.1
v 0.5 1 0.1
v 0.6 1 0.1
v 0.6 1.1 0.1
v 0.5 1 0
v 0.5 1.1 0
v 0.6 1.1 0
v 0.6 1 0
v 0.6 1.1 0.1
v 0.6 1 0.1
v 0.7 1 0.1
v 0.7 1.1 0.1
v 0.6 1 0
v 0.6 1.1 0
v 0.7 1.1 0
v 0.7 1 0
v 0.7 1.1 0.1
v 0.7 1 0.1
v 0.8 1 0.1
v 0.8 1.1 0.1
v 0.7 1 0
v 0.7 1.1 0
v 0.8 1.1 0
v 0.8 1 0
v 0.8 1.1 0.1
v 0.8 1 0.1
v 0.9 1 0.1
v 0.9 1.1 0.1
v 0.8 1 0
v 0.8 1.1 0
v 0.9 1.1 0
v 0.9 1 0
v 0.9 1.1 0.1
v 0.9 1 0.1
v 1 1 0.1
v 1 1.1 0.1
v 0.9 1 0
v 0.9 1.1 0
v 1 1.1 0
v 1 1 0
v 1 1.1 0.1
v 1 1 0.1
v 1.1 1 0.1
v 1.1 1.1 0.1
v 1 1 0
v 1 1.1 0
v 1.1 1.1 0
v 1.1 1 0
v 1.2 1 0.1
v 1.2 1 0
v 1.2 1.1 0
v 1.2 1.1 0.1
v 1.1 1.1 0.1
v 1.1 1 0.1
v 1.2 1 0.1
v 1.2 1.1 0.1
v 1.1 1 0
v 1.1 1.1 0
v 1.2 1.1 0
v 1.2 1 0
v -1.2 1 0.1
v -1.2 1 0
v -1.2 0.9 0
v -1.2 0.9 0.1
v -1.2 1 0.1
v -1.2 0.9 0.1
v -1.1 0.9 0.1
v -1.1 1 0.1
v -1.2 0.9 0
v -1.2 1 0
v -1.1 1 0
v -1.1 0.9 0
v -1.1 1 0.1
v -1.1 0.9 0.1
v -1 0.9 0.1
v -1 1 0.1
v -1.1 0.9 0
v -1.1 1 0
v -1 1 0
v -1 0.9 0
v -1 1 0.1
v -1 0.9 0.1
v -0.9 0.9 0.1
v -0.9 1 0.1
v -1 0.9 0
v -1 1 0
v -0.9 1 0
v -0.9 0.9 0
v -0.9 1 0.1
v -0.9 0.9 0.1
v -0.8 0.9 0.1
v -0.8 1 0.1
v -0.9 0.9 0
v -0.9 1 0
v -0.8 1 0
v -0.8 0.9 0
v -0.8 1 0.1
v -0.8 0.9 0.1
v -0.7 0.9 0.1
v -0.7 1 0.1
v -0.8 0.9 0
v -0.8 1 0
v -0.7 1 0
v -0.7 0.9 0
v -0.7 1 0.1
v -0.7 0.9 0.1
v -0.6 0.9 0.1
v -0.6 1 0.1
v -0.7 0.9 0
v -0.7 1 0
v -0.6 1 0
v -0.6 0.9 0
v -0.6 0.9 0
v -0.6 1 0
v -0.5 1 0
v -0.5 0.9 0
v -0.6 1 0.2
v -0.6 1 0.1
v -0.6 0.9 0.1
v -0.6 0.9 0.2
v -0.5 0.9 0.2
v -0.5 0.9 0.1
v -0.5 1 0.1
v -0.5 1 0.2
v -0.6 0.9 0.2
v -0.6 0.9 0.1
v -0.5 0.9 0.1
v -0.5 0.9 0.2
v -0.5 1 0.2
v -0.5 1 0.1
v -0.6 1 0.1
v -0.6 1 0.2
v -0.6 1 0.3
v -0.6 1 0.2
v -0.6 0.9 0.2
v -0.6 0.9 0.3
v -0.5 0.9 0.3
v -0.5 0.9 0.2
v -0.5 1 0.2
v -0.5 1 0.3
v -0.6 1 0.3
v -0.6 0.9 0.3
v -0.5 0.9 0.3
v -0.5 1 0.3
v -0.6 0.9 0.3
v -0.6 0.9 0.2
v -0.5 0.9 0.2
v -0.5 0.9 0.3
v -0.5 1 0.3
v -0.5 1 0.2
v -0.6 1 0.2
v -0.6 1 0.3
v -0.5 1 0.1
v -0.5 0.9 0.1
v -0.4 0.9 0.1
v -0.4 1 0.1
v -0.5 0.9 0
v -0.5 1 0
v -0.4 1 0
v -0.4 0.9 0
v -0.4 0.9 0
v -0.4 1 0
v -0.3 1 0
v -0.3 0.9 0
v -0.4 1 0.2
v -0.4 1 0.1
v -0.4 0.9 0.1
v -0.4 0.9 0.2
v -0.3 0.9 0.2
v -0.3 0.9 0.1
v -0.3 1 0.1
v -0.3 1 0.2
v -0.4 0.9 0.2
v -0.4 0.9 0.1
v -0.3 0.9 0.1
v -0.3 0.9 0.2
v -0.3 1 0.2
v -0.3 1 0.1
v -0.4 1 0.1
v -0.4 1 0.2
v -0.4 1 0.3
v -0.4 1 0.2
v -0.4 0.9 0.2
v -0.4 0.9 0.3
v -0.3 0.9 0.3
v -0.3 0.9 0.2
v -0.3 1 0.2
v -0.3 1 0.3
v -0.4 1 0.3
v -0.4 0.9 0.3
v -0.3 0.9 0.3
v -0.3 1 0.3
v -0.4 0.9 0.3
v -0.4 0.9 0.2
v -0.3 0.9 0.2
v -0.3 0.9 0.3
v -0.3 1 0.3
v -0.3 1 0.2
v -0.4 1 0.2
v -0.4 1 0.3
v -0.3 1 0.1
v -0.3 0.9 0.1
v -0.2 0.9 0.1
v -0.2 1 0.1
v -0.3 0.9 0
v -0.3 1 0
v -0.2 1 0
v -0.2 0.9 0
v -0.2 1 0.1
v -0.2 0.9 0.1
v -0.1 0.9 0.1
v -0.1 1 0.1
v -0.2 0.9 0
v -0.2 1 0
v -0.1 1 0
v -0.1 0.9 0
v -0.1 1 0.1
v -0.1 0.9 0.1
v 0 0.9 0.1
v 0 1 0.1
v -0.1 0.9 0
v -0.1 1 0
v 0 1 0
v 0 0.9 0
v 0 0.9 0
v 0 1 0
v 0.1 1 0
v 0.1 0.9 0
v 0 1 0.2
v 0 1 0.1
v 0 0.9 0.1
v 0 0.9 0.2
v 0.1 0.9 0.2
v 0.1 0.9 0.1
v 0.1 1 0.1
v 0.1 1 0.2
v 0.1 1 0.2
v 0.1 1 0.1
v 0 1 0.1
v 0 1 0.2
v 0 1 0.3
v 0 1 0.2
v 0 0.9 0.2
v 0 0.9 0.3
v 0.1 0.9 0.3
v 0.1 0.9 0.2
v 0.1 1 0.2
v 0.1 1 0.3
v 0 1 0.3
v 0 0.9 0.3
v 0.1 0.9 0.3
v 0.1 1 0.3
v 0.1 1 0.3
v 0.1 1 0.2
v 0 1 0.2
v 0 1 0.3
v 0.1 1 0.1
v 0.1 0.9 0.1
v 0.2 0.9 0.1
v 0.2 1 0.1
v 0.1 0.9 0
v 0.1 1 0
v 0.2 1 0
v 0.2 0.9 0
v 0.2 1 0.1
v 0.2 0.9 0.1
v 0.3 0.9 0.1
v 0.3 1 0.1
v 0.2 0.9 0
v 0.2 1 0
v 0.3 1 0
v 0.3 0.9 0
v 0.3 1 0.1
v 0.3 0.9 0.1
v 0.4 0.9 0.1
v 0.4 1 0.1
v 0.3 0.9 0
v 0.3 1 0
v 0.4 1 0
v 0.4 0.9 0
v 0.4 1 0.1
v 0.4 0.9 0.1
v 0.5 0.9 0.1
v 0.5 1 0.1
v 0.4 0.9 0
v 0.4 1 0
v 0.5 1 0
v 0.5 0.9 0
v 0.5 1 0.1
v 0.5 0.9 0.1
v 0.6 0.9 0.1
v 0.6 1 0.1
v 0.5 0.9 0
v 0.5 1 0
v 0.6 1 0
v 0.6 0.9 0
v 0.6 1 0.1
v 0.6 0.9 0.1
v 0.7 0.9 0.1
v 0.7 1 0.1
v 0.6 0.9 0
v 0.6 1 0
v 0.7 1 0
v 0.7 0.9 0
v 0.7 1 0.1
v 0.7 0.9 0.1
v 0.8 0.9 0.1
v 0.8 1 0.1
v 0.7 0.9 0
v 0.7 1 0
v 0.8 1 0
v 0.8 0.9 0
v 0.8 1 0.1
v 0.8 0.9 0.1
v 0.9 0.9 0.1
v 0.9 1 0.1
v 0.8 0.9 0
v 0.8 1 0
v 0.9 1 0
v 0.9 0.9 0
v 0.9 1 0.1
v 0.9 0.9 0.1
v 1 0.9 0.1
v 1 1 0.1
v 0.9 0.9 0
v 0.9 1 0
v 1 1 0
v 1 0.9 0
v 1 1 0.1
v 1 0.9 0.1
v 1.1 0.9 0.1
v 1.1 1 0.1
v 1 0.9 0
v 1 1 0
v 1.1 1 0
v 1.1 0.9 0
v 1.2 0.9 0.1
v 1.2 0.9 0
v 1.2 1 0
v 1.2 1 0.1
v 1.1 1 0.1
v 1.1 0.9 0.1
v 1.2 0.9 0.1
v 1.2 1 0.1
v 1.1 0.9 0
v 1.1 1 0
v 1.2 1 0
v 1.2 0.9 0
v -1.2 0.9 0.1
v -1.2 0.9 0
v -1.2 0.8 0
v -1.2 0.8 0.1
v -1.2 0.8 0
v -1.2 0.9 0
v -1.1 0.9 0
v -1.1 0.8 0
v -1.2 0.9 0.2
v -1.2 0.9 0.1
v -1.2 0.8 0.1
v -1.2 0.8 0.2
v -1.1 0.9 0.2
v -1.1 0.9 0.1
v -1.2 0.9 0.1
v -1.2 0.9 0.2
v -1.2 0.9 0.3
v -1.2 0.9 0.2
v -1.2 0.8 0.2
v -1.2 0.8 0.3
v -1.2 0.9 0.3
v -1.2 0.8 0.3
v -1.1 0.8 0.3
v -1.1 0.9 0.3
v -1.1 0.9 0.3
v -1.1 0.9 0.2
v -1.2 0.9 0.2
v -1.2 0.9 0.3
v -1.1 0.8 0
v -1.1 0.9 0
v -1 0.9 0
v -1 0.8 0
v -1 0.8 0.2
v -1 0.8 0.1
v -1 0.9 0.1
v -1 0.9 0.2
v -1.1 0.8 0.2
v -1.1 0.8 0.1
v -1 0.8 0.1
v -1 0.8 0.2
v -1 0.9 0.2
v -1 0.9 0.1
v -1.1 0.9 0.1
v -1.1 0.9 0.2
v -1 0.8 0.3
v -1 0.8 0.2
v -1 0.9 0.2
v -1 0.9 0.3
v -1.1 0.9 0.3
v -1.1 0.8 0.3
v -1 0.8 0.3
v -1 0.9 0.3
v -1.1 0.8 0.3
v -1.1 0.8 0.2
v -1 0.8 0.2
v -1 0.8 0.3
v -1 0.9 0.3
v -1 0.9 0.2
v -1.1 0.9 0.2
v -1.1 0.9 0.3
v -1 0.9 0.1
v -1 0.8 0.1
v -0.9 0.8 0.1
v -0.9 0.9 0.1
v -1 0.8 0
v -1 0.9 0
v -0.9 0.9 0
v -0.9 0.8 0
v -0.9 0.9 0.1
v -0.9 0.8 0.1
v -0.8 0.8 0.1
v -0.8 0.9 0.1
v -0.9 0.8 0
v -0.9 0.9 0
v -0.8 0.9 0
v -0.8 0.8 0
v -0.8 0.9 0.1
v -0.8 0.8 0.1
v -0.7 0.8 0.1
v -0.7 0.9 0.1
v -0.8 0.8 0
v -0.8 0.9 0
v -0.7 0.9 0
v -0.7 0.8 0
v -0.7 0.8 0
v -0.7 0.9 0
v -0.6 0.9 0
v -0.6 0.8 0
v -0.7 0.9 0.2
v -0.7 0.9 0.1
v -0.7 0.8 0.1
v -0.7 0.8 0.2
v -0.6 0.8 0.2
v -0.6 0.8 0.1
v -0.6 0.9 0.1
v -0.6 0.9 0.2
v -0.6 0.9 0.2
v -0.6 0.9 0.1
v -0.7 0.9 0.1
v -0.7 0.9 0.2
v -0.7 0.9 0.3
v -0.7 0.9 0.2
v -0.7 0.8 0.2
v -0.7 0.8 0.3
v -0.6 0.8 0.3
v -0.6 0.8 0.2
v -0.6 0.9 0.2
v -0.6 0.9 0.3
v -0.7 0.9 0.3
v -0.7 0.8 0.3
v -0.6 0.8 0.3
v -0.6 0.9 0.3
v -0.6 0.9 0.3
v -0.6 0.9 0.2
v -0.7 0.9 0.2
v -0.7 0.9 0.3
v -0.6 0.9 0.1
v -0.6 0.8 0.1
v -0.5 0.8 0.1
v -0.5 0.9 0.1
v -0.6 0.8 0
v -0.6 0.9 0
v -0.5 0.9 0
v -0.5 0.8 0
v -0.5 0.9 0.1
v -0.5 0.8 0.1
v -0.4 0.8 0.1
v -0.4 0.9 0.1
v -0.5 0.8 0
v -0.5 0.9 0
v -0.4 0.9 0
v -0.4 0.8 0
v -0.4 0.9 0.1
v -0.4 0.8 0.1
v -0.3 0.8 0.1
v -0.3 0.9 0.1
v -0.4 0.8 0
v -0.4 0.9 0
v -0.3 0.9 0
v -0.3 0.8 0
v -0.3 0.8 0
v -0.3 0.9 0
v -0.2 0.9 0
v -0.2 0.8 0
v -0.3 0.9 0.2
v -0.3 0.9 0.1
v -0.3 0.8 0.1
v -0.3 0.8 0.2
v -0.2 0.8 0.2
v -0.2 0.8 0.1
v -0.2 0.9 0.1
v -0.2 0.9 0.2
v -0.3 0.8 0.2
v -0.3 0.8 0.1
v -0.2 0.8 0.1
v -0.2 0.8 0.2
v -0.2 0.9 0.2
v -0.2 0.9 0.1
v -0.3 0.9 0.1
v -0.3 0.9 0.2
v -0.3 0.9 0.3
v -0.3 0.9 0.2
v -0.3 0.8 0.2
v -0.3 0.8 0.3
v -0.2 0.8 0.3
v -0.2 0.8 0.2
v -0.2 0.9 0.2
v -0.2 0.9 0.3
v -0.3 0.9 0.3
v -0.3 0.8 0.3
v -0.2 0.8 0.3
v -0.2 0.9 0.3
v -0.3 0.8 0.3
v -0.3 0.8 0.2
v -0.2 0.8 0.2
v -0.2 0.8 0.3
v -0.2 0.9 0.3
v -0.2 0.9 0.2
v -0.3 0.9 0.2
v -0.3 0.9 0.3
v -0.2 0.9 0.1
v -0.2 0.8 0.1
v -0.1 0.8 0.1
v -0.1 0.9 0.1
v -0.2 0.8 0
v -0.2 0.9 0
v -0.1 0.9 0
v -0.1 0.8 0
v -0.1 0.9 0.1
v -0.1 0.8 0.1
v 0 0.8 0.1
v 0 0.9 0.1
v -0.1 0.8 0
v -0.1 0.9 0
v 0 0.9 0
v 0 0.8 0
v 0 0.8 0
v 0 0.9 0
v 0.1 0.9 0
v 0.1 0.8 0
v 0 0.9 0.2
v 0 0.9 0.1
v 0 0.8 0.1
v 0 0.8 0.2
v 0.1 0.8 0.2
v 0.1 0.8 0.1
v 0.1 0.9 0.1
v 0.1 0.9 0.2
v 0 0.9 0.3
v 0 0.9 0.2
v 0 0.8 0.2
v 0 0.8 0.3
v 0.1 0.8 0.3
v 0.1 0.8 0.2
v 0.1 0.9 0.2
v 0.1 0.9 0.3
v 0 0.9 0.3
v 0 0.8 0.3
v 0.1 0.8 0.3
v 0.1 0.9 0.3
v 0.1 0.9 0.1
v 0.1 0.8 0.1
v 0.2 0.8 0.1
v 0.2 0.9 0.1
v 0.1 0.8 0
v 0.1 0.9 0
v 0.2 0.9 0
v 0.2 0.8 0
v 0.2 0.9 0.1
v 0.2 0.8 0.1
v 0.3 0.8 0.1
v 0.3 0.9 0.1
v 0.2 0.8 0
v 0.2 0.9 0
v 0.3 0.9 0
v 0.3 0.8 0
v 0.3 0.9 0.1
v 0.3 0.8 0.1
v 0.4 0.8 0.1
v 0.4 0.9 0.1
v 0.3 0.8 0
v 0.3 0.9 0
v 0.4 0.9 0
v 0.4 0.8 0
v 0.4 0.9 0.1
v 0.4 0.8 0.1
v 0.5 0.8 0.1
v 0.5 0.9 0.1
v 0.4 0.8 0
v 0.4 0.9 0
v 0.5 0.9 0
v 0.5 0.8 0
v 0.5 0.9 0.1
v 0.5 0.8 0.1
v 0.6 0.8 0.1
v 0.6 0.9 0.1
v 0.5 0.8 0
v 0.5 0.9 0
v 0.6 0.9 0
v 0.6 0.8 0
v 0.6 0.9 0.1
v 0.6 0.8 0.1
v 0.7 0.8 0.1
v 0.7 0.9 0.1
v 0.6 0.8 0
v 0.6 0.9 0
v 0.7 0.9 0
v 0.7 0.8 0
v 0.7 0.9 0.1
v 0.7 0.8 0.1
v 0.8 0.8 0.1
v 0.8 0.9 0.1
v 0.7 0.8 0
v 0.7 0.9 0
v 0.8 0.9 0
v 0.8 0.8 0
v 0.8 0.9 0.1
v 0.8 0.8 0.1
v 0.9 0.8 0.1
v 0.9 0.9 0.1
v 0.8 0.8 0
v 0.8 0.9 0
v 0.9 0.9 0
v 0.9 0.8 0
v 0.9 0.9 0.1
v 0.9 0.8 0.1
v 1 0.8 0.1
v 1 0.9 0.1
v 0.9 0.8 0
v 0.9 0.9 0
v 1 0.9 0
v 1 0.8 0
v 1 0.8 0
v 1 0.9 0
v 1.1 0.9 0
v 1.1 0.8 0
v 1 0.9 0.2
v 1 0.9 0.1
v 1 0.8 0.1
v 1 0.8 0.2
v 1 0.8 0.2
v 1 0.8 0.1
v 1.1 0.8 0.1
v 1.1 0.8 0.2
v 1.1 0.9 0.2
v 1.1 0.9 0.1
v 1 0.9 0.1
v 1 0.9 0.2
v 1 0.9 0.3
v 1 0.9 0.2
v 1 0.8 0.2
v 1 0.8 0.3
v 1 0.9 0.3
v 1 0.8 0.3
v 1.1 0.8 0.3
v 1.1 0.9 0.3
v 1 0.8 0.3
v 1 0.8 0.2
v 1.1 0.8 0.2
v 1.1 0.8 0.3
v 1.1 0.9 0.3
v 1.1 0.9 0.2
v 1 0.9 0.2
v 1 0.9 0.3
v 1.2 0.8 0.1
v 1.2 0.8 0
v 1.2 0.9 0
v 1.2 0.9 0.1
v 1.1 0.8 0
v 1.1 0.9 0
v 1.2 0.9 0
v 1.2 0.8 0
v 1.2 0.8 0.2
v 1.2 0.8 0.1
v 1.2 0.9 0.1
v 1.2 0.9 0.2
v 1.1 0.8 0.2
v 1.1 0.8 0.1
v 1.2 0.8 0.1
v 1.2 0.8 0.2
v 1.2 0.9 0.2
v 1.2 0.9 0.1
v 1.1 0.9 0.1
v 1.1 0.9 0.2
v 1.2 0.8 0.3
v 1.2 0.8 0.2
v 1.2 0.9 0.2
v 1.2 0.9 0.3
v 1.1 0.9 0.3
v 1.1 0.8 0.3
v 1.2 0.8 0.3
v 1.2 0.9 0.3
v 1.1 0.8 0.3
v 1.1 0.8 0.2
v 1.2 0.8 0.2
v 1.2 0.8 0.3
v 1.2 0.9 0.3
v 1.2 0.9 0.2
v 1.1 0.9 0.2
v 1.1 0.9 0.3
v -1.2 0.8 0.1
v -1.2 0.8 0
v -1.2 0.7 0
v -1.2 0.7 0.1
v -1.2 0.7 0
v -1.2 0.8 0
v -1.1 0.8 0
v -1.1 0.7 0
v -1.2 0.8 0.2
v -1.2 0.8 0.1
v -1.2 0.7 0.1
v -1.2 0.7 0.2
v -1.1 0.7 0.2
v -1.1 0.7 0.1
v -1.1 0.8 0.1
v -1.1 0.8 0.2
v -1.2 0.7 0.2
v -1.2 0.7 0.1
v -1.1 0.7 0.1
v -1.1 0.7 0.2
v -1.2 0.8 0.3
v -1.2 0.8 0.2
v -1.2 0.7 0.2
v -1.2 0.7 0.3
v -1.1 0.7 0.3
v -1.1 0.7 0.2
v -1.1 0.8 0.2
v -1.1 0.8 0.3
v -1.2 0.8 0.3
v -1.2 0.7 0.3
v -1.1 0.7 0.3
v -1.1 0.8 0.3
v -1.2 0.7 0.3
v -1.2 0.7 0.2
v -1.1 0.7 0.2
v -1.1 0.7 0.3
v -1.1 0.8 0.1
v -1.1 0.7 0.1
v -1 0.7 0.1
v -1 0.8 0.1
v -1.1 0.7 0
v -1.1 0.8 0
v -1 0.8 0
v -1 0.7 0
v -1 0.8 0.1
v -1 0.7 0.1
v -0.9 0.7 0.1
v -0.9 0.8 0.1
v -1 0.7 0
v -1 0.8 0
v -0.9 0.8 0
v -0.9 0.7 0
v -0.9 0.8 0.1
v -0.9 0.7 0.1
v -0.8 0.7 0.1
v -0.8 0.8 0.1
v -0.9 0.7 0
v -0.9 0.8 0
v -0.8 0.8 0
v -0.8 0.7 0
v -0.8 0.7 0
v -0.8 0.8 0
v -0.7 0.8 0
v -0.7 0.7 0
v -0.8 0.8 0.2
v -0.8 0.8 0.1
v -0.8 0.7 0.1
v -0.8 0.7 0.2
v -0.8 0.7 0.2
v -0.8 0.7 0.1
v -0.7 0.7 0.1
v -0.7 0.7 0.2
v -0.7 0.8 0.2
v -0.7 0.8 0.1
v -0.8 0.8 0.1
v -0.8 0.8 0.2
v -0.8 0.8 0.3
v -0.8 0.8 0.2
v -0.8 0.7 0.2
v -0.8 0.7 0.3
v -0.8 0.8 0.3
v -0.8 0.7 0.3
v -0.7 0.7 0.3
v -0.7 0.8 0.3
v -0.8 0.7 0.3
v -0.8 0.7 0.2
v -0.7 0.7 0.2
v -0.7 0.7 0.3
v -0.7 0.8 0.3
v -0.7 0.8 0.2
v -0.8 0.8 0.2
v -0.8 0.8 0.3
v -0.7 0.7 0
v -0.7 0.8 0
v -0.6 0.8 0
v -0.6 0.7 0
v -0.6 0.7 0.2
v -0.6 0.7 0.1
v -0.6 0.8 0.1
v -0.6 0.8 0.2
v -0.6 0.7 0.3
v -0.6 0.7 0.2
v -0.6 0.8 0.2
v -0.6 0.8 0.3
v -0.7 0.8 0.3
v -0.7 0.7 0.3
v -0.6 0.7 0.3
v -0.6 0.8 0.3
v -0.6 0.8 0.1
v -0.6 0.7 0.1
v -0.5 0.7 0.1
v -0.5 0.8 0.1
v -0.6 0.7 0
v -0.6 0.8 0
v -0.5 0.8 0
v -0.5 0.7 0
v -0.5 0.7 0
v -0.5 0.8 0
v -0.4 0.8 0
v -0.4 0.7 0
v -0.5 0.8 0.2
v -0.5 0.8 0.1
v -0.5 0.7 0.1
v -0.5 0.7 0.2
v -0.4 0.7 0.2
v -0.4 0.7 0.1
v -0.4 0.8 0.1
v -0.4 0.8 0.2
v -0.5 0.7 0.2
v -0.5 0.7 0.1
v -0.4 0.7 0.1
v -0.4 0.7 0.2
v -0.4 0.8 0.2
v -0.4 0.8 0.1
v -0.5 0.8 0.1
v -0.5 0.8 0.2
v -0.5 0.8 0.3
v -0.5 0.8 0.2
v -0.5 0.7 0.2
v -0.5 0.7 0.3
v -0.4 0.7 0.3
v -0.4 0.7 0.2
v -0.4 0.8 0.2
v -0.4 0.8 0.3
v -0.5 0.8 0.3
v -0.5 0.7 0.3
v -0.4 0.7 0.3
v -0.4 0.8 0.3
v -0.5 0.7 0.3
v -0.5 0.7 0.2
v -0.4 0.7 0.2
v -0.4 0.7 0.3
v -0.4 0.8 0.3
v -0.4 0.8 0.2
v -0.5 0.8 0.2
v -0.5 0.8 0.3
v -0.4 0.8 0.1
v -0.4 0.7 0.1
v -0.3 0.7 0.1
v -0.3 0.8 0.1
v -0.4 0.7 0
v -0.4 0.8 0
v -0.3 0.8 0
v -0.3 0.7 0
v -0.3 0.8 0.1
v -0.3 0.7 0.1
v -0.2 0.7 0.1
v -0.2 0.8 0.1
v -0.3 0.7 0
v -0.3 0.8 0
v -0.2 0.8 0
v -0.2 0.7 0
v -0.2 0.8 0.1
v -0.2 0.7 0.1
v -0.1 0.7 0.1
v -0.1 0.8 0.1
v -0.2 0.7 0
v -0.2 0.8 0
v -0.1 0.8 0
v -0.1 0.7 0
v -0.1 0.7 0
v -0.1 0.8 0
v 0 0.8 0
v 0 0.7 0
v -0.1 0.8 0.2
v -0.1 0.8 0.1
v -0.1 0.7 0.1
v -0.1 0.7 0.2
v -0.1 0.7 0.2
v -0.1 0.7 0.1
v 0 0.7 0.1
v 0 0.7 0.2
v 0 0.8 0.2
v 0 0.8 0.1
v -0.1 0.8 0.1
v -0.1 0.8 0.2
v -0.1 0.8 0.3
v -0.1 0.8 0.2
v -0.1 0.7 0.2
v -0.1 0.7 0.3
v -0.1 0.8 0.3
v -0.1 0.7 0.3
v 0 0.7 0.3
v 0 0.8 0.3
v -0.1 0.7 0.3
v -0.1 0.7 0.2
v 0 0.7 0.2
v 0 0.7 0.3
v 0 0.8 0.3
v 0 0.8 0.2
v -0.1 0.8 0.2
v -0.1 0.8 0.3
v 0 0.7 0
v 0 0.8 0
v 0.1 0.8 0
v 0.1 0.7 0
v 0.1 0.7 0.2
v 0.1 0.7 0.1
v 0.1 0.8 0.1
v 0.1 0.8 0.2
v 0.1 0.7 0.3
v 0.1 0.7 0.2
v 0.1 0.8 0.2
v 0.1 0.8 0.3
v 0 0.8 0.3
v 0 0.7 0.3
v 0.1 0.7 0.3
v 0.1 0.8 0.3
v 0.1 0.8 0.1
v 0.1 0.7 0.1
v 0.2 0.7 0.1
v 0.2 0.8 0.1
v 0.1 0.7 0
v 0.1 0.8 0
v 0.2 0.8 0
v 0.2 0.7 0
v 0.2 0.8 0.1
v 0.2 0.7 0.1
v 0.3 0.7 0.1
v 0.3 0.8 0.1
v 0.2 0.7 0
v 0.2 0.8 0
v 0.3 0.8 0
v 0.3 0.7 0
v 0.3 0.8 0.1
v 0.3 0.7 0.1
v 0.4 0.7 0.1
v 0.4 0.8 0.1
v 0.3 0.7 0
v 0.3 0.8 0
v 0.4 0.8 0
v 0.4 0.7 0
v 0.4 0.8 0.1
v 0.4 0.7 0.1
v 0.5 0.7 0.1
v 0.5 0.8 0.1
v 0.4 0.7 0
v 0.4 0.8 0
v 0.5 0.8 0
v 0.5 0.7 0
v 0.5 0.8 0.1
v 0.5 0.7 0.1
v 0.6 0.7 0.1
v 0.6 0.8 0.1
v 0.5 0.7 0
v 0.5 0.8 0
v 0.6 0.8 0
v 0.6 0.7 0
v 0.6 0.8 0.1
v 0.6 0.7 0.1
v 0.7 0.7 0.1
v 0.7 0.8 0.1
v 0.6 0.7 0
v 0.6 0.8 0
v 0.7 0.8 0
v 0.7 0.7 0
v 0.7 0.8 0.1
v 0.7 0.7 0.1
v 0.8 0.7 0.1
v 0.8 0.8 0.1
v 0.7 0.7 0
v 0.7 0.8 0
v 0.8 0.8 0
v 0.8 0.7 0
v 0.8 0.8 0.1
v 0.8 0.7 0.1
v 0.9 0.7 0.1
v 0.9 0.8 0.1
v 0.8 0.7 0
v 0.8 0.8 0
v 0.9 0.8 0
v 0.9 0.7 0
v 0.9 0.8 0.1
v 0.9 0.7 0.1
v 1 0.7 0.1
v 1 0.8 0.1
v 0.9 0.7 0
v 0.9 0.8 0
v 1 0.8 0
v 1 0.7 0
v 1 0.8 0.1
v 1 0.7 0.1
v 1.1 0.7 0.1
v 1.1 0.8 0.1
v 1 0.7 0
v 1 0.8 0
v 1.1 0.8 0
v 1.1 0.7 0
v 1.2 0.7 0.1
v 1.2 0.7 0
v 1.2 0.8 0
v 1.2 0.8 0.1
v 1.1 0.8 0.1
v 1.1 0.7 0.1
v 1.2 0.7 0.1
v 1.2 0.8 0.1
v 1.1 0.7 0
v 1.1 0.8 0
v 1.2 0.8 0
v 1.2 0.7 0
v -1.2 0.7 0.1
v -1.2 0.7 0
v -1.2 0.6 0
v -1.2 0.6 0.1
v -1.2 0.7 0.1
v -1.2 0.6 0.1
v -1.1 0.6 0.1
v -1.1 0.7 0.1
v -1.2 0.6 0
v -1.2 0.7 0
v -1.1 0.7 0
v -1.1 0.6 0
v -1.1 0.6 0
v -1.1 0.7 0
v -1 0.7 0
v -1 0.6 0
v -1.1 0.7 0.2
v -1.1 0.7 0.1
v -1.1 0.6 0.1
v -1.1 0.6 0.2
v -1 0.6 0.2
v -1 0.6 0.1
v -1 0.7 0.1
v -1 0.7 0.2
v -1 0.7 0.2
v -1 0.7 0.1
v -1.1 0.7 0.1
v -1.1 0.7 0.2
v -1.1 0.7 0.3
v -1.1 0.7 0.2
v -1.1 0.6 0.2
v -1.1 0.6 0.3
v -1 0.6 0.3
v -1 0.6 0.2
v -1 0.7 0.2
v -1 0.7 0.3
v -1.1 0.7 0.3
v -1.1 0.6 0.3
v -1 0.6 0.3
v -1 0.7 0.3
v -1 0.7 0.3
v -1 0.7 0.2
v -1.1 0.7 0.2
v -1.1 0.7 0.3
v -1 0.7 0.1
v -1 0.6 0.1
v -0.9 0.6 0.1
v -0.9 0.7 0.1
v -1 0.6 0
v -1 0.7 0
v -0.9 0.7 0
v -0.9 0.6 0
v -0.9 0.7 0.1
v -0.9 0.6 0.1
v -0.8 0.6 0.1
v -0.8 0.7 0.1
v -0.9 0.6 0
v -0.9 0.7 0
v -0.8 0.7 0
v -0.8 0.6 0
v -0.8 0.7 0.1
v -0.8 0.6 0.1
v -0.7 0.6 0.1
v -0.7 0.7 0.1
v -0.8 0.6 0
v -0.8 0.7 0
v -0.7 0.7 0
v -0.7 0.6 0
v -0.7 0.6 0
v -0.7 0.7 0
v -0.6 0.7 0
v -0.6 0.6 0
v -0.7 0.7 0.2
v -0.7 0.7 0.1
v -0.7 0.6 0.1
v -0.7 0.6 0.2
v -0.7 0.7 0.3
v -0.7 0.7 0.2
v -0.7 0.6 0.2
v -0.7 0.6 0.3
v -0.7 0.7 0.3
v -0.7 0.6 0.3
v -0.6 0.6 0.3
v -0.6 0.7 0.3
v -0.6 0.6 0
v -0.6 0.7 0
v -0.5 0.7 0
v -0.5 0.6 0
v -0.5 0.6 0.2
v -0.5 0.6 0.1
v -0.5 0.7 0.1
v -0.5 0.7 0.2
v -0.6 0.6 0.2
v -0.6 0.6 0.1
v -0.5 0.6 0.1
v -0.5 0.6 0.2
v -0.5 0.7 0.2
v -0.5 0.7 0.1
v -0.6 0.7 0.1
v -0.6 0.7 0.2
v -0.5 0.6 0.3
v -0.5 0.6 0.2
v -0.5 0.7 0.2
v -0.5 0.7 0.3
v -0.6 0.7 0.3
v -0.6 0.6 0.3
v -0.5 0.6 0.3
v -0.5 0.7 0.3
v -0.6 0.6 0.3
v -0.6 0.6 0.2
v -0.5 0.6 0.2
v -0.5 0.6 0.3
v -0.5 0.7 0.3
v -0.5 0.7 0.2
v -0.6 0.7 0.2
v -0.6 0.7 0.3
v -0.5 0.7 0.1
v -0.5 0.6 0.1
v -0.4 0.6 0.1
v -0.4 0.7 0.1
v -0.5 0.6 0
v -0.5 0.7 0
v -0.4 0.7 0
v -0.4 0.6 0
v -0.4 0.7 0.1
v -0.4 0.6 0.1
v -0.3 0.6 0.1
v -0.3 0.7 0.1
v -0.4 0.6 0
v -0.4 0.7 0
v -0.3 0.7 0
v -0.3 0.6 0
v -0.3 0.7 0.1
v -0.3 0.6 0.1
v -0.2 0.6 0.1
v -0.2 0.7 0.1
v -0.3 0.6 0
v -0.3 0.7 0
v -0.2 0.7 0
v -0.2 0.6 0
v -0.2 0.7 0.1
v -0.2 0.6 0.1
v -0.1 0.6 0.1
v -0.1 0.7 0.1
v -0.2 0.6 0
v -0.2 0.7 0
v -0.1 0.7 0
v -0.1 0.6 0
v -0.1 0.7 0.1
v -0.1 0.6 0.1
v 0 0.6 0.1
v 0 0.7 0.1
v -0.1 0.6 0
v -0.1 0.7 0
v 0 0.7 0
v 0 0.6 0
v 0 0.6 0
v 0 0.7 0
v 0.1 0.7 0
v 0.1 0.6 0
v 0 0.7 0.2
v 0 0.7 0.1
v 0 0.6 0.1
v 0 0.6 0.2
v 0.1 0.6 0.2
v 0.1 0.6 0.1
v 0.1 0.7 0.1
v 0.1 0.7 0.2
v 0 0.6 0.2
v 0 0.6 0.1
v 0.1 0.6 0.1
v 0.1 0.6 0.2
v 0 0.7 0.3
v 0 0.7 0.2
v 0 0.6 0.2
v 0 0.6 0.3
v 0.1 0.6 0.3
v 0.1 0.6 0.2
v 0.1 0.7 0.2
v 0.1 0.7 0.3
v 0 0.7 0.3
v 0 0.6 0.3
v 0.1 0.6 0.3
v 0.1 0.7 0.3
v 0 0.6 0.3
v 0 0.6 0.2
v 0.1 0.6 0.2
v 0.1 0.6 0.3
v 0.1 0.7 0.1
v 0.1 0.6 0.1
v 0.2 0.6 0.1
v 0.2 0.7 0.1
v 0.1 0.6 0
v 0.1 0.7 0
v 0.2 0.7 0
v 0.2 0.6 0
v 0.2 0.7 0.1
v 0.2 0.6 0.1
v 0.3 0.6 0.1
v 0.3 0.7 0.1
v 0.2 0.6 0
v 0.2 0.7 0
v 0.3 0.7 0
v 0.3 0.6 0
v 0.3 0.7 0.1
v 0.3 0.6 0.1
v 0.4 0.6 0.1
v 0.4 0.7 0.1
v 0.3 0.6 0
v 0.3 0.7 0
v 0.4 0.7 0
v 0.4 0.6 0
v 0.4 0.7 0.1
v 0.4 0.6 0.1
v 0.5 0.6 0.1
v 0.5 0.7 0.1
v 0.4 0.6 0
v 0.4 0.7 0
v 0.5 0.7 0
v 0.5 0.6 0
v 0.5 0.7 0.1
v 0.5 0.6 0.1
v 0.6 0.6 0.1
v 0.6 0.7 0.1
v 0.5 0.6 0
v 0.5 0.7 0
v 0.6 0.7 0
v 0.6 0.6 0
v 0.6 0.7 0.1
v 0.6 0.6 0.1
v 0.7 0.6 0.1
v 0.7 0.7 0.1
v 0.6 0.6 0
v 0.6 0.7 0
v 0.7 0.7 0
v 0.7 0.6 0
v 0.7 0.7 0.1
v 0.7 0.6 0.1
v 0.8 0.6 0.1
v 0.8 0.7 0.1
v 0.7 0.6 0
v 0.7 0.7 0
v 0.8 0.7 0
v 0.8 0.6 0
v 0.8 0.7 0.1
v 0.8 0.6 0.1
v 0.9 0.6 0.1
v 0.9 0.7 0.1
v 0.8 0.6 0
v 0.8 0.7 0
v 0.9 0.7 0
v 0.9 0.6 0
v 0.9 0.7 0.1
v 0.9 0.6 0.1
v 1 0.6 0.1
v 1 0.7 0.1
v 0.9 0.6 0
v 0.9 0.7 0
v 1 0.7 0
v 1 0.6 0
v 1 0.6 0
v 1 0.7 0
v 1.1 0.7 0
v 1.1 0.6 0
v 1 0.7 0.2
v 1 0.7 0.1
v 1 0.6 0.1
v 1 0.6 0.2
v 1.1 0.6 0.2
v 1.1 0.6 0.1
v 1.1 0.7 0.1
v 1.1 0.7 0.2
v 1.1 0.7 0.2
v 1.1 0.7 0.1
v 1 0.7 0.1
v 1 0.7 0.2
v 1 0.7 0.3
v 1 0.7 0.2
v 1 0.6 0.2
v 1 0.6 0.3
v 1.1 0.6 0.3
v 1.1 0.6 0.2
v 1.1 0.7 0.2
v 1.1 0.7 0.3
v 1 0.7 0.3
v 1 0.6 0.3
v 1.1 0.6 0.3
v 1.1 0.7 0.3
v 1.1 0.7 0.3
v 1.1 0.7 0.2
v 1 0.7 0.2
v 1 0.7 0.3
v 1.2 0.6 0.1
v 1.2 0.6 0
v 1.2 0.7 0
v 1.2 0.7 0.1
v 1.1 0.7 0.1
v 1.1 0.6 0.1
v 1.2 0.6 0.1
v 1.2 0.7 0.1
v 1.1 0.6 0
v 1.1 0.7 0
v 1.2 0.7 0
v 1.2 0.6 0
v -1.2 0.6 0.1
v -1.2 0.6 0
v -1.2 0.5 0
v -1.2 0.5 0.1
v -1.2 0.6 0.1
v -1.2 0.5 0.1
v -1.1 0.5 0.1
v -1.1 0.6 0.1
v -1.2 0.5 0
v -1.2 0.6 0
v -1.1 0.6 0
v -1.1 0.5 0
v -1.1 0.5 0
v -1.1 0.6 0
v -1 0.6 0
v -1 0.5 0
v -1.1 0.6 0.2
v -1.1 0.6 0.1
v -1.1 0.5 0.1
v -1.1 0.5 0.2
v -1 0.5 0.2
v -1 0.5 0.1
v -1 0.6 0.1
v -1 0.6 0.2
v -1.1 0.5 0.2
v -1.1 0.5 0.1
v -1 0.5 0.1
v -1 0.5 0.2
v -1.1 0.6 0.3
v -1.1 0.6 0.2
v -1.1 0.5 0.2
v -1.1 0.5 0.3
v -1 0.5 0.3
v -1 0.5 0.2
v -1 0.6 0.2
v -1 0.6 0.3
v -1.1 0.6 0.3
v -1.1 0.5 0.3
v -1 0.5 0.3
v -1 0.6 0.3
v -1.1 0.5 0.3
v -1.1 0.5 0.2
v -1 0.5 0.2
v -1 0.5 0.3
v -1 0.6 0.1
v -1 0.5 0.1
v -0.9 0.5 0.1
v -0.9 0.6 0.1
v -1 0.5 0
v -1 0.6 0
v -0.9 0.6 0
v -0.9 0.5 0
v -0.9 0.5 0
v -0.9 0.6 0
v -0.8 0.6 0
v -0.8 0.5 0
v -0.9 0.6 0.2
v -0.9 0.6 0.1
v -0.9 0.5 0.1
v -0.9 0.5 0.2
v -0.8 0.5 0.2
v -0.8 0.5 0.1
v -0.8 0.6 0.1
v -0.8 0.6 0.2
v -0.9 0.5 0.2
v -0.9 0.5 0.1
v -0.8 0.5 0.1
v -0.8 0.5 0.2
v -0.8 0.6 0.2
v -0.8 0.6 0.1
v -0.9 0.6 0.1
v -0.9 0.6 0.2
v -0.9 0.6 0.3
v -0.9 0.6 0.2
v -0.9 0.5 0.2
v -0.9 0.5 0.3
v -0.8 0.5 0.3
v -0.8 0.5 0.2
v -0.8 0.6 0.2
v -0.8 0.6 0.3
v -0.9 0.6 0.3
v -0.9 0.5 0.3
v -0.8 0.5 0.3
v -0.8 0.6 0.3
v -0.9 0.5 0.3
v -0.9 0.5 0.2
v -0.8 0.5 0.2
v -0.8 0.5 0.3
v -0.8 0.6 0.3
v -0.8 0.6 0.2
v -0.9 0.6 0.2
v -0.9 0.6 0.3
v -0.8 0.6 0.1
v -0.8 0.5 0.1
v -0.7 0.5 0.1
v -0.7 0.6 0.1
v -0.8 0.5 0
v -0.8 0.6 0
v -0.7 0.6 0
v -0.7 0.5 0
v -0.7 0.5 0
v -0.7 0.6 0
v -0.6 0.6 0
v -0.6 0.5 0
v -0.7 0.6 0.2
v -0.7 0.6 0.1
v -0.7 0.5 0.1
v -0.7 0.5 0.2
v -0.6 0.5 0.2
v -0.6 0.5 0.1
v -0.6 0.6 0.1
v -0.6 0.6 0.2
v -0.7 0.5 0.2
v -0.7 0.5 0.1
v -0.6 0.5 0.1
v -0.6 0.5 0.2
v -0.7 0.6 0.3
v -0.7 0.6 0.2
v -0.7 0.5 0.2
v -0.7 0.5 0.3
v -0.6 0.5 0.3
v -0.6 0.5 0.2
v -0.6 0.6 0.2
v -0.6 0.6 0.3
v -0.7 0.6 0.3
v -0.7 0.5 0.3
v -0.6 0.5 0.3
v -0.6 0.6 0.3
v -0.7 0.5 0.3
v -0.7 0.5 0.2
v -0.6 0.5 0.2
v -0.6 0.5 0.3
v -0.6 0.6 0.1
v -0.6 0.5 0.1
v -0.5 0.5 0.1
v -0.5 0.6 0.1
v -0.6 0.5 0
v -0.6 0.6 0
v -0.5 0.6 0
v -0.5 0.5 0
v -0.5 0.6 0.1
v -0.5 0.5 0.1
v -0.4 0.5 0.1
v -0.4 0.6 0.1
v -0.5 0.5 0
v -0.5 0.6 0
v -0.4 0.6 0
v -0.4 0.5 0
v -0.4 0.6 0.1
v -0.4 0.5 0.1
v -0.3 0.5 0.1
v -0.3 0.6 0.1
v -0.4 0.5 0
v -0.4 0.6 0
v -0.3 0.6 0
v -0.3 0.5 0
v -0.3 0.6 0.1
v -0.3 0.5 0.1
v -0.2 0.5 0.1
v -0.2 0.6 0.1
v -0.3 0.5 0
v -0.3 0.6 0
v -0.2 0.6 0
v -0.2 0.5 0
v -0.2 0.6 0.1
v -0.2 0.5 0.1
v -0.1 0.5 0.1
v -0.1 0.6 0.1
v -0.2 0.5 0
v -0.2 0.6 0
v -0.1 0.6 0
v -0.1 0.5 0
v -0.1 0.5 0
v -0.1 0.6 0
v 0 0.6 0
v 0 0.5 0
v -0.1 0.6 0.2
v -0.1 0.6 0.1
v -0.1 0.5 0.1
v -0.1 0.5 0.2
v 0 0.5 0.2
v 0 0.5 0.1
v 0 0.6 0.1
v 0 0.6 0.2
v -0.1 0.5 0.2
v -0.1 0.5 0.1
v 0 0.5 0.1
v 0 0.5 0.2
v 0 0.6 0.2
v 0 0.6 0.1
v -0.1 0.6 0.1
v -0.1 0.6 0.2
v -0.1 0.6 0.3
v -0.1 0.6 0.2
v -0.1 0.5 0.2
v -0.1 0.5 0.3
v 0 0.5 0.3
v 0 0.5 0.2
v 0 0.6 0.2
v 0 0.6 0.3
v -0.1 0.6 0.3
v -0.1 0.5 0.3
v 0 0.5 0.3
v 0 0.6 0.3
v -0.1 0.5 0.3
v -0.1 0.5 0.2
v 0 0.5 0.2
v 0 0.5 0.3
v 0 0.6 0.3
v 0 0.6 0.2
v -0.1 0.6 0.2
v -0.1 0.6 0.3
v 0 0.6 0.1
v 0 0.5 0.1
v 0.1 0.5 0.1
v 0.1 0.6 0.1
v 0 0.5 0
v 0 0.6 0
v 0.1 0.6 0
v 0.1 0.5 0
v 0.1 0.6 0.1
v 0.1 0.5 0.1
v 0.2 0.5 0.1
v 0.2 0.6 0.1
v 0.1 0.5 0
v 0.1 0.6 0
v 0.2 0.6 0
v 0.2 0.5 0
v 0.2 0.6 0.1
v 0.2 0.5 0.1
v 0.3 0.5 0.1
v 0.3 0.6 0.1
v 0.2 0.5 0
v 0.2 0.6 0
v 0.3 0.6 0
v 0.3 0.5 0
v 0.3 0.6 0.1
v 0.3 0.5 0.1
v 0.4 0.5 0.1
v 0.4 0.6 0.1
v 0.3 0.5 0
v 0.3 0.6 0
v 0.4 0.6 0
v 0.4 0.5 0
v 0.4 0.6 0.1
v 0.4 0.5 0.1
v 0.5 0.5 0.1
v 0.5 0.6 0.1
v 0.4 0.5 0
v 0.4 0.6 0
v 0.5 0.6 0
v 0.5 0.5 0
v 0.5 0.6 0.1
v 0.5 0.5 0.1
v 0.6 0.5 0.1
v 0.6 0.6 0.1
v 0.5 0.5 0
v 0.5 0.6 0
v 0.6 0.6 0
v 0.6 0.5 0
v 0.6 0.6 0.1
v 0.6 0.5 0.1
v 0.7 0.5 0.1
v 0.7 0.6 0.1
v 0.6 0.5 0
v 0.6 0.6 0
v 0.7 0.6 0
v 0.7 0.5 0
v 0.7 0.6 0.1
v 0.7 0.5 0.1
v 0.8 0.5 0.1
v 0.8 0.6 0.1
v 0.7 0.5 0
v 0.7 0.6 0
v 0.8 0.6 0
v 0.8 0.5 0
v 0.8 0.6 0.1
v 0.8 0.5 0.1
v 0.9 0.5 0.1
v 0.9 0.6 0.1
v 0.8 0.5 0
v 0.8 0.6 0
v 0.9 0.6 0
v 0.9 0.5 0
v 0.9 0.6 0.1
v 0.9 0.5 0.1
v 1 0.5 0.1
v 1 0.6 0.1
v 0.9 0.5 0
v 0.9 0.6 0
v 1 0.6 0
v 1 0.5 0
v 1 0.5 0
v 1 0.6 0
v 1.1 0.6 0
v 1.1 0.5 0
v 1 0.6 0.2
v 1 0.6 0.1
v 1 0.5 0.1
v 1 0.5 0.2
v 1.1 0.5 0.2
v 1.1 0.5 0.1
v 1.1 0.6 0.1
v 1.1 0.6 0.2
v 1 0.5 0.2
v 1 0.5 0.1
v 1.1 0.5 0.1
v 1.1 0.5 0.2
v 1 0.6 0.3
v 1 0.6 0.2
v 1 0.5 0.2
v 1 0.5 0.3
v 1.1 0.5 0.3
v 1.1 0.5 0.2
v 1.1 0.6 0.2
v 1.1 0.6 0.3
v 1 0.6 0.3
v 1 0.5 0.3
v 1.1 0.5 0.3
v 1.1 0.6 0.3
v 1 0.5 0.3
v 1 0.5 0.2
v 1.1 0.5 0.2
v 1.1 0.5 0.3
v 1.2 0.5 0.1
v 1.2 0.5 0
v 1.2 0.6 0
v 1.2 0.6 0.1
v 1.1 0.6 0.1
v 1.1 0.5 0.1
v 1.2 0.5 0.1
v 1.2 0.6 0.1
v 1.1 0.5 0
v 1.1 0.6 0
v 1.2 0.6 0
v 1.2 0.5 0
v -1.2 0.5 0.1
v -1.2 0.5 0
v -1.2 0.4 0
v -1.2 0.4 0.1
v -1.2 0.5 0.1
v -1.2 0.4 0.1
v -1.1 0.4 0.1
v -1.1 0.5 0.1
v -1.2 0.4 0
v -1.2 0.5 0
v -1.1 0.5 0
v -1.1 0.4 0
v -1.1 0.5 0.1
v -1.1 0.4 0.1
v -1 0.4 0.1
v -1 0.5 0.1
v -1.1 0.4 0
v -1.1 0.5 0
v -1 0.5 0
v -1 0.4 0
v -1 0.5 0.1
v -1 0.4 0.1
v -0.9 0.4 0.1
v -0.9 0.5 0.1
v -1 0.4 0
v -1 0.5 0
v -0.9 0.5 0
v -0.9 0.4 0
v -0.9 0.5 0.1
v -0.9 0.4 0.1
v -0.8 0.4 0.1
v -0.8 0.5 0.1
v -0.9 0.4 0
v -0.9 0.5 0
v -0.8 0.5 0
v -0.8 0.4 0
v -0.8 0.5 0.1
v -0.8 0.4 0.1
v -0.7 0.4 0.1
v -0.7 0.5 0.1
v -0.8 0.4 0
v -0.8 0.5 0
v -0.7 0.5 0
v -0.7 0.4 0
v -0.7 0.5 0.1
v -0.7 0.4 0.1
v -0.6 0.4 0.1
v -0.6 0.5 0.1
v -0.7 0.4 0
v -0.7 0.5 0
v -0.6 0.5 0
v -0.6 0.4 0
v -0.6 0.5 0.1
v -0.6 0.4 0.1
v -0.5 0.4 0.1
v -0.5 0.5 0.1
v -0.6 0.4 0
v -0.6 0.5 0
v -0.5 0.5 0
v -0.5 0.4 0
v -0.5 0.5 0.1
v -0.5 0.4 0.1
v -0.4 0.4 0.1
v -0.4 0.5 0.1
v -0.5 0.4 0
v -0.5 0.5 0
v -0.4 0.5 0
v -0.4 0.4 0
v -0.4 0.5 0.1
v -0.4 0.4 0.1
v -0.3 0.4 0.1
v -0.3 0.5 0.1
v -0.4 0.4 0
v -0.4 0.5 0
v -0.3 0.5 0
v -0.3 0.4 0
v -0.3 0.4 0
v -0.3 0.5 0
v -0.2 0.5 0
v -0.2 0.4 0
v -0.3 0.5 0.2
v -0.3 0.5 0.1
v -0.3 0.4 0.1
v -0.3 0.4 0.2
v -0.2 0.4 0.2
v -0.2 0.4 0.1
v -0.2 0.5 0.1
v -0.2 0.5 0.2
v -0.3 0.4 0.2
v -0.3 0.4 0.1
v -0.2 0.4 0.1
v -0.2 0.4 0.2
v -0.2 0.5 0.2
v -0.2 0.5 0.1
v -0.3 0.5 0.1
v -0.3 0.5 0.2
v -0.3 0.5 0.3
v -0.3 0.5 0.2
v -0.3 0.4 0.2
v -0.3 0.4 0.3
v -0.2 0.4 0.3
v -0.2 0.4 0.2
v -0.2 0.5 0.2
v -0.2 0.5 0.3
v -0.3 0.5 0.3
v -0.3 0.4 0.3
v -0.2 0.4 0.3
v -0.2 0.5 0.3
v -0.3 0.4 0.3
v -0.3 0.4 0.2
v -0.2 0.4 0.2
v -0.2 0.4 0.3
v -0.2 0.5 0.3
v -0.2 0.5 0.2
v -0.3 0.5 0.2
v -0.3 0.5 0.3
v -0.2 0.5 0.1
v -0.2 0.4 0.1
v -0.1 0.4 0.1
v -0.1 0.5 0.1
v -0.2 0.4 0
v -0.2 0.5 0
v -0.1 0.5 0
v -0.1 0.4 0
v -0.1 0.5 0.1
v -0.1 0.4 0.1
v 0 0.4 0.1
v 0 0.5 0.1
v -0.1 0.4 0
v -0.1 0.5 0
v 0 0.5 0
v 0 0.4 0
v 0 0.5 0.1
v 0 0.4 0.1
v 0.1 0.4 0.1
v 0.1 0.5 0.1
v 0 0.4 0
v 0 0.5 0
v 0.1 0.5 0
v 0.1 0.4 0
v 0.1 0.5 0.1
v 0.1 0.4 0.1
v 0.2 0.4 0.1
v 0.2 0.5 0.1
v 0.1 0.4 0
v 0.1 0.5 0
v 0.2 0.5 0
v 0.2 0.4 0
v 0.2 0.5 0.1
v 0.2 0.4 0.1
v 0.3 0.4 0.1
v 0.3 0.5 0.1
v 0.2 0.4 0
v 0.2 0.5 0
v 0.3 0.5 0
v 0.3 0.4 0
v 0.3 0.5 0.1
v 0.3 0.4 0.1
v 0.4 0.4 0.1
v 0.4 0.5 0.1
v 0.3 0.4 0
v 0.3 0.5 0
v 0.4 0.5 0
v 0.4 0.4 0
v 0.4 0.5 0.1
v 0.4 0.4 0.1
v 0.5 0.4 0.1
v 0.5 0.5 0.1
v 0.4 0.4 0
v 0.4 0.5 0
v 0.5 0.5 0
v 0.5 0.4 0
v 0.5 0.5 0.1
v 0.5 0.4 0.1
v 0.6 0.4 0.1
v 0.6 0.5 0.1
v 0.5 0.4 0
v 0.5 0.5 0
v 0.6 0.5 0
v 0.6 0.4 0
v 0.6 0.5 0.1
v 0.6 0.4 0.1
v 0.7 0.4 0.1
v 0.7 0.5 0.1
v 0.6 0.4 0
v 0.6 0.5 0
v 0.7 0.5 0
v 0.7 0.4 0
v 0.7 0.5 0.1
v 0.7 0.4 0.1
v 0.8 0.4 0.1
v 0.8 0.5 0.1
v 0.7 0.4 0
v 0.7 0.5 0
v 0.8 0.5 0
v 0.8 0.4 0
v 0.8 0.5 0.1
v 0.8 0.4 0.1
v 0.9 0.4 0.1
v 0.9 0.5 0.1
v 0.8 0.4 0
v 0.8 0.5 0
v 0.9 0.5 0
v 0.9 0.4 0
v 0.9 0.5 0.1
v 0.9 0.4 0.1
v 1 0.4 0.1
v 1 0.5 0.1
v 0.9 0.4 0
v 0.9 0.5 0
v 1 0.5 0
v 1 0.4 0
v 1 0.5 0.1
v 1 0.4 0.1
v 1.1 0.4 0.1
v 1.1 0.5 0.1
v 1 0.4 0
v 1 0.5 0
v 1.1 0.5 0
v 1.1 0.4 0
v 1.2 0.4 0.1
v 1.2 0.4 0
v 1.2 0.5 0
v 1.2 0.5 0.1
v 1.1 0.4 0
v 1.1 0.5 0
v 1.2 0.5 0
v 1.2 0.4 0
v 1.1 0.5 0.2
v 1.1 0.5 0.1
v 1.1 0.4 0.1
v 1.1 0.4 0.2
v 1.2 0.4 0.2
v 1.2 0.4 0.1
v 1.2 0.5 0.1
v 1.2 0.5 0.2
v 1.2 0.5 0.2
v 1.2 0.5 0.1
v 1.1 0.5 0.1
v 1.1 0.5 0.2
v 1.1 0.5 0.3
v 1.1 0.5 0.2
v 1.1 0.4 0.2
v 1.1 0.4 0.3
v 1.2 0.4 0.3
v 1.2 0.4 0.2
v 1.2 0.5 0.2
v 1.2 0.5 0.3
v 1.1 0.5 0.3
v 1.1 0.4 0.3
v 1.2 0.4 0.3
v 1.2 0.5 0.3
v 1.2 0.5 0.3
v 1.2 0.5 0.2
v 1.1 0.5 0.2
v 1.1 0.5 0.3
v -1.2 0.4 0.1
v -1.2 0.4 0
v -1.2 0.3 0
v -1.2 0.3 0.1
v -1.2 0.4 0.1
v -1.2 0.3 0.1
v -1.1 0.3 0.1
v -1.1 0.4 0.1
v -1.2 0.3 0
v -1.2 0.4 0
v -1.1 0.4 0
v -1.1 0.3 0
v -1.1 0.4 0.1
v -1.1 0.3 0.1
v -1 0.3 0.1
v -1 0.4 0.1
v -1.1 0.3 0
v -1.1 0.4 0
v -1 0.4 0
v -1 0.3 0
v -1 0.3 0
v -1 0.4 0
v -0.9 0.4 0
v -0.9 0.3 0
v -1 0.4 0.2
v -1 0.4 0.1
v -1 0.3 0.1
v -1 0.3 0.2
v -1 0.3 0.2
v -1 0.3 0.1
v -0.9 0.3 0.1
v -0.9 0.3 0.2
v -0.9 0.4 0.2
v -0.9 0.4 0.1
v -1 0.4 0.1
v -1 0.4 0.2
v -1 0.4 0.3
v -1 0.4 0.2
v -1 0.3 0.2
v -1 0.3 0.3
v -1 0.4 0.3
v -1 0.3 0.3
v -0.9 0.3 0.3
v -0.9 0.4 0.3
v -1 0.3 0.3
v -1 0.3 0.2
v -0.9 0.3 0.2
v -0.9 0.3 0.3
v -0.9 0.4 0.3
v -0.9 0.4 0.2
v -1 0.4 0.2
v -1 0.4 0.3
v -0.9 0.3 0
v -0.9 0.4 0
v -0.8 0.4 0
v -0.8 0.3 0
v -0.8 0.3 0.2
v -0.8 0.3 0.1
v -0.8 0.4 0.1
v -0.8 0.4 0.2
v -0.9 0.3 0.2
v -0.9 0.3 0.1
v -0.8 0.3 0.1
v -0.8 0.3 0.2
v -0.8 0.4 0.2
v -0.8 0.4 0.1
v -0.9 0.4 0.1
v -0.9 0.4 0.2
v -0.8 0.3 0.3
v -0.8 0.3 0.2
v -0.8 0.4 0.2
v -0.8 0.4 0.3
v -0.9 0.4 0.3
v -0.9 0.3 0.3
v -0.8 0.3 0.3
v -0.8 0.4 0.3
v -0.9 0.3 0.3
v -0.9 0.3 0.2
v -0.8 0.3 0.2
v -0.8 0.3 0.3
v -0.8 0.4 0.3
v -0.8 0.4 0.2
v -0.9 0.4 0.2
v -0.9 0.4 0.3
v -0.8 0.4 0.1
v -0.8 0.3 0.1
v -0.7 0.3 0.1
v -0.7 0.4 0.1
v -0.8 0.3 0
v -0.8 0.4 0
v -0.7 0.4 0
v -0.7 0.3 0
v -0.7 0.4 0.1
v -0.7 0.3 0.1
v -0.6 0.3 0.1
v -0.6 0.4 0.1
v -0.7 0.3 0
v -0.7 0.4 0
v -0.6 0.4 0
v -0.6 0.3 0
v -0.6 0.4 0.1
v -0.6 0.3 0.1
v -0.5 0.3 0.1
v -0.5 0.4 0.1
v -0.6 0.3 0
v -0.6 0.4 0
v -0.5 0.4 0
v -0.5 0.3 0
v -0.5 0.3 0
v -0.5 0.4 0
v -0.4 0.4 0
v -0.4 0.3 0
v -0.5 0.4 0.2
v -0.5 0.4 0.1
v -0.5 0.3 0.1
v -0.5 0.3 0.2
v -0.4 0.3 0.2
v -0.4 0.3 0.1
v -0.4 0.4 0.1
v -0.4 0.4 0.2
v -0.5 0.3 0.2
v -0.5 0.3 0.1
v -0.4 0.3 0.1
v -0.4 0.3 0.2
v -0.4 0.4 0.2
v -0.4 0.4 0.1
v -0.5 0.4 0.1
v -0.5 0.4 0.2
v -0.5 0.4 0.3
v -0.5 0.4 0.2
v -0.5 0.3 0.2
v -0.5 0.3 0.3
v -0.4 0.3 0.3
v -0.4 0.3 0.2
v -0.4 0.4 0.2
v -0.4 0.4 0.3
v -0.5 0.4 0.3
v -0.5 0.3 0.3
v -0.4 0.3 0.3
v -0.4 0.4 0.3
v -0.5 0.3 0.3
v -0.5 0.3 0.2
v -0.4 0.3 0.2
v -0.4 0.3 0.3
v -0.4 0.4 0.3
v -0.4 0.4 0.2
v -0.5 0.4 0.2
v -0.5 0.4 0.3
v -0.4 0.4 0.1
v -0.4 0.3 0.1
v -0.3 0.3 0.1
v -0.3 0.4 0.1
v -0.4 0.3 0
v -0.4 0.4 0
v -0.3 0.4 0
v -0.3 0.3 0
v -0.3 0.4 0.1
v -0.3 0.3 0.1
v -0.2 0.3 0.1
v -0.2 0.4 0.1
v -0.3 0.3 0
v -0.3 0.4 0
v -0.2 0.4 0
v -0.2 0.3 0
v -0.2 0.3 0
v -0.2 0.4 0
v -0.1 0.4 0
v -0.1 0.3 0
v -0.2 0.4 0.2
v -0.2 0.4 0.1
v -0.2 0.3 0.1
v -0.2 0.3 0.2
v -0.1 0.3 0.2
v -0.1 0.3 0.1
v -0.1 0.4 0.1
v -0.1 0.4 0.2
v -0.1 0.4 0.2
v -0.1 0.4 0.1
v -0.2 0.4 0.1
v -0.2 0.4 0.2
v -0.2 0.4 0.3
v -0.2 0.4 0.2
v -0.2 0.3 0.2
v -0.2 0.3 0.3
v -0.1 0.3 0.3
v -0.1 0.3 0.2
v -0.1 0.4 0.2
v -0.1 0.4 0.3
v -0.2 0.4 0.3
v -0.2 0.3 0.3
v -0.1 0.3 0.3
v -0.1 0.4 0.3
v -0.1 0.4 0.3
v -0.1 0.4 0.2
v -0.2 0.4 0.2
v -0.2 0.4 0.3
v -0.1 0.4 0.1
v -0.1 0.3 0.1
v 0 0.3 0.1
v 0 0.4 0.1
v -0.1 0.3 0
v -0.1 0.4 0
v 0 0.4 0
v 0 0.3 0
v 0 0.4 0.1
v 0 0.3 0.1
v 0.1 0.3 0.1
v 0.1 0.4 0.1
v 0 0.3 0
v 0 0.4 0
v 0.1 0.4 0
v 0.1 0.3 0
v 0.1 0.4 0.1
v 0.1 0.3 0.1
v 0.2 0.3 0.1
v 0.2 0.4 0.1
v 0.1 0.3 0
v 0.1 0.4 0
v 0.2 0.4 0
v 0.2 0.3 0
v 0.2 0.4 0.1
v 0.2 0.3 0.1
v 0.3 0.3 0.1
v 0.3 0.4 0.1
v 0.2 0.3 0
v 0.2 0.4 0
v 0.3 0.4 0
v 0.3 0.3 0
v 0.3 0.4 0.1
v 0.3 0.3 0.1
v 0.4 0.3 0.1
v 0.4 0.4 0.1
v 0.3 0.3 0
v 0.3 0.4 0
v 0.4 0.4 0
v 0.4 0.3 0
v 0.4 0.4 0.1
v 0.4 0.3 0.1
v 0.5 0.3 0.1
v 0.5 0.4 0.1
v 0.4 0.3 0
v 0.4 0.4 0
v 0.5 0.4 0
v 0.5 0.3 0
v 0.5 0.4 0.1
v 0.5 0.3 0.1
v 0.6 0.3 0.1
v 0.6 0.4 0.1
v 0.5 0.3 0
v 0.5 0.4 0
v 0.6 0.4 0
v 0.6 0.3 0
v 0.6 0.4 0.1
v 0.6 0.3 0.1
v 0.7 0.3 0.1
v 0.7 0.4 0.1
v 0.6 0.3 0
v 0.6 0.4 0
v 0.7 0.4 0
v 0.7 0.3 0
v 0.7 0.4 0.1
v 0.7 0.3 0.1
v 0.8 0.3 0.1
v 0.8 0.4 0.1
v 0.7 0.3 0
v 0.7 0.4 0
v 0.8 0.4 0
v 0.8 0.3 0
v 0.8 0.4 0.1
v 0.8 0.3 0.1
v 0.9 0.3 0.1
v 0.9 0.4 0.1
v 0.8 0.3 0
v 0.8 0.4 0
v 0.9 0.4 0
v 0.9 0.3 0
v 0.9 0.4 0.1
v 0.9 0.3 0.1
v 1 0.3 0.1
v 1 0.4 0.1
v 0.9 0.3 0
v 0.9 0.4 0
v 1 0.4 0
v 1 0.3 0
v 1 0.4 0.1
v 1 0.3 0.1
v 1.1 0.3 0.1
v 1.1 0.4 0.1
v 1 0.3 0
v 1 0.4 0
v 1.1 0.4 0
v 1.1 0.3 0
v 1.2 0.3 0.1
v 1.2 0.3 0
v 1.2 0.4 0
v 1.2 0.4 0.1
v 1.1 0.3 0
v 1.1 0.4 0
v 1.2 0.4 0
v 1.2 0.3 0
v 1.1 0.4 0.2
v 1.1 0.4 0.1
v 1.1 0.3 0.1
v 1.1 0.3 0.2
v 1.2 0.3 0.2
v 1.2 0.3 0.1
v 1.2 0.4 0.1
v 1.2 0.4 0.2
v 1.1 0.4 0.3
v 1.1 0.4 0.2
v 1.1 0.3 0.2
v 1.1 0.3 0.3
v 1.2 0.3 0.3
v 1.2 0.3 0.2
v 1.2 0.4 0.2
v 1.2 0.4 0.3
v 1.1 0.4 0.3
v 1.1 0.3 0.3
v 1.2 0.3 0.3
v 1.2 0.4 0.3
v -1.2 0.3 0.1
v -1.2 0.3 0
v -1.2 0.2 0
v -1.2 0.2 0.1
v -1.2 0.2 0
v -1.2 0.3 0
v -1.1 0.3 0
v -1.1 0.2 0
v -1.2 0.3 0.2
v -1.2 0.3 0.1
v -1.2 0.2 0.1
v -1.2 0.2 0.2
v -1.2 0.2 0.2
v -1.2 0.2 0.1
v -1.1 0.2 0.1
v -1.1 0.2 0.2
v -1.1 0.3 0.2
v -1.1 0.3 0.1
v -1.2 0.3 0.1
v -1.2 0.3 0.2
v -1.2 0.3 0.3
v -1.2 0.3 0.2
v -1.2 0.2 0.2
v -1.2 0.2 0.3
v -1.2 0.3 0.3
v -1.2 0.2 0.3
v -1.1 0.2 0.3
v -1.1 0.3 0.3
v -1.2 0.2 0.3
v -1.2 0.2 0.2
v -1.1 0.2 0.2
v -1.1 0.2 0.3
v -1.1 0.3 0.3
v -1.1 0.3 0.2
v -1.2 0.3 0.2
v -1.2 0.3 0.3
v -1.1 0.2 0
v -1.1 0.3 0
v -1 0.3 0
v -1 0.2 0
v -1 0.2 0.2
v -1 0.2 0.1
v -1 0.3 0.1
v -1 0.3 0.2
v -1.1 0.2 0.2
v -1.1 0.2 0.1
v -1 0.2 0.1
v -1 0.2 0.2
v -1 0.3 0.2
v -1 0.3 0.1
v -1.1 0.3 0.1
v -1.1 0.3 0.2
v -1 0.2 0.3
v -1 0.2 0.2
v -1 0.3 0.2
v -1 0.3 0.3
v -1.1 0.3 0.3
v -1.1 0.2 0.3
v -1 0.2 0.3
v -1 0.3 0.3
v -1.1 0.2 0.3
v -1.1 0.2 0.2
v -1 0.2 0.2
v -1 0.2 0.3
v -1 0.3 0.3
v -1 0.3 0.2
v -1.1 0.3 0.2
v -1.1 0.3 0.3
v -1 0.3 0.1
v -1 0.2 0.1
v -0.9 0.2 0.1
v -0.9 0.3 0.1
v -1 0.2 0
v -1 0.3 0
v -0.9 0.3 0
v -0.9 0.2 0
v -0.9 0.3 0.1
v -0.9 0.2 0.1
v -0.8 0.2 0.1
v -0.8 0.3 0.1
v -0.9 0.2 0
v -0.9 0.3 0
v -0.8 0.3 0
v -0.8 0.2 0
v -0.8 0.3 0.1
v -0.8 0.2 0.1
v -0.7 0.2 0.1
v -0.7 0.3 0.1
v -0.8 0.2 0
v -0.8 0.3 0
v -0.7 0.3 0
v -0.7 0.2 0
v -0.7 0.2 0
v -0.7 0.3 0
v -0.6 0.3 0
v -0.6 0.2 0
v -0.7 0.3 0.2
v -0.7 0.3 0.1
v -0.7 0.2 0.1
v -0.7 0.2 0.2
v -0.6 0.2 0.2
v -0.6 0.2 0.1
v -0.6 0.3 0.1
v -0.6 0.3 0.2
v -0.7 0.2 0.2
v -0.7 0.2 0.1
v -0.6 0.2 0.1
v -0.6 0.2 0.2
v -0.6 0.3 0.2
v -0.6 0.3 0.1
v -0.7 0.3 0.1
v -0.7 0.3 0.2
v -0.7 0.3 0.3
v -0.7 0.3 0.2
v -0.7 0.2 0.2
v -0.7 0.2 0.3
v -0.6 0.2 0.3
v -0.6 0.2 0.2
v -0.6 0.3 0.2
v -0.6 0.3 0.3
v -0.7 0.3 0.3
v -0.7 0.2 0.3
v -0.6 0.2 0.3
v -0.6 0.3 0.3
v -0.7 0.2 0.3
v -0.7 0.2 0.2
v -0.6 0.2 0.2
v -0.6 0.2 0.3
v -0.6 0.3 0.3
v -0.6 0.3 0.2
v -0.7 0.3 0.2
v -0.7 0.3 0.3
v -0.6 0.3 0.1
v -0.6 0.2 0.1
v -0.5 0.2 0.1
v -0.5 0.3 0.1
v -0.6 0.2 0
v -0.6 0.3 0
v -0.5 0.3 0
v -0.5 0.2 0
v -0.5 0.3 0.1
v -0.5 0.2 0.1
v -0.4 0.2 0.1
v -0.4 0.3 0.1
v -0.5 0.2 0
v -0.5 0.3 0
v -0.4 0.3 0
v -0.4 0.2 0
v -0.4 0.3 0.1
v -0.4 0.2 0.1
v -0.3 0.2 0.1
v -0.3 0.3 0.1
v -0.4 0.2 0
v -0.4 0.3 0
v -0.3 0.3 0
v -0.3 0.2 0
v -0.3 0.3 0.1
v -0.3 0.2 0.1
v -0.2 0.2 0.1
v -0.2 0.3 0.1
v -0.3 0.2 0
v -0.3 0.3 0
v -0.2 0.3 0
v -0.2 0.2 0
v -0.2 0.2 0
v -0.2 0.3 0
v -0.1 0.3 0
v -0.1 0.2 0
v -0.2 0.3 0.2
v -0.2 0.3 0.1
v -0.2 0.2 0.1
v -0.2 0.2 0.2
v -0.1 0.2 0.2
v -0.1 0.2 0.1
v -0.1 0.3 0.1
v -0.1 0.3 0.2
v -0.2 0.2 0.2
v -0.2 0.2 0.1
v -0.1 0.2 0.1
v -0.1 0.2 0.2
v -0.2 0.3 0.3
v -0.2 0.3 0.2
v -0.2 0.2 0.2
v -0.2 0.2 0.3
v -0.1 0.2 0.3
v -0.1 0.2 0.2
v -0.1 0.3 0.2
v -0.1 0.3 0.3
v -0.2 0.3 0.3
v -0.2 0.2 0.3
v -0.1 0.2 0.3
v -0.1 0.3 0.3
v -0.2 0.2 0.3
v -0.2 0.2 0.2
v -0.1 0.2 0.2
v -0.1 0.2 0.3
v -0.1 0.3 0.1
v -0.1 0.2 0.1
v 0 0.2 0.1
v 0 0.3 0.1
v -0.1 0.2 0
v -0.1 0.3 0
v 0 0.3 0
v 0 0.2 0
v 0 0.3 0.1
v 0 0.2 0.1
v 0.1 0.2 0.1
v 0.1 0.3 0.1
v 0 0.2 0
v 0 0.3 0
v 0.1 0.3 0
v 0.1 0.2 0
v 0.1 0.3 0.1
v 0.1 0.2 0.1
v 0.2 0.2 0.1
v 0.2 0.3 0.1
v 0.1 0.2 0
v 0.1 0.3 0
v 0.2 0.3 0
v 0.2 0.2 0
v 0.2 0.3 0.1
v 0.2 0.2 0.1
v 0.3 0.2 0.1
v 0.3 0.3 0.1
v 0.2 0.2 0
v 0.2 0.3 0
v 0.3 0.3 0
v 0.3 0.2 0
v 0.3 0.3 0.1
v 0.3 0.2 0.1
v 0.4 0.2 0.1
v 0.4 0.3 0.1
v 0.3 0.2 0
v 0.3 0.3 0
v 0.4 0.3 0
v 0.4 0.2 0
v 0.4 0.3 0.1
v 0.4 0.2 0.1
v 0.5 0.2 0.1
v 0.5 0.3 0.1
v 0.4 0.2 0
v 0.4 0.3 0
v 0.5 0.3 0
v 0.5 0.2 0
v 0.5 0.3 0.1
v 0.5 0.2 0.1
v 0.6 0.2 0.1
v 0.6 0.3 0.1
v 0.5 0.2 0
v 0.5 0.3 0
v 0.6 0.3 0
v 0.6 0.2 0
v 0.6 0.3 0.1
v 0.6 0.2 0.1
v 0.7 0.2 0.1
v 0.7 0.3 0.1
v 0.6 0.2 0
v 0.6 0.3 0
v 0.7 0.3 0
v 0.7 0.2 0
v 0.7 0.3 0.1
v 0.7 0.2 0.1
v 0.8 0.2 0.1
v 0.8 0.3 0.1
v 0.7 0.2 0
v 0.7 0.3 0
v 0.8 0.3 0
v 0.8 0.2 0
v 0.8 0.3 0.1
v 0.8 0.2 0.1
v 0.9 0.2 0.1
v 0.9 0.3 0.1
v 0.8 0.2 0
v 0.8 0.3 0
v 0.9 0.3 0
v 0.9 0.2 0
v 0.9 0.3 0.1
v 0.9 0.2 0.1
v 1 0.2 0.1
v 1 0.3 0.1
v 0.9 0.2 0
v 0.9 0.3 0
v 1 0.3 0
v 1 0.2 0
v 1 0.3 0.1
v 1 0.2 0.1
v 1.1 0.2 0.1
v 1.1 0.3 0.1
v 1 0.2 0
v 1 0.3 0
v 1.1 0.3 0
v 1.1 0.2 0
v 1.2 0.2 0.1
v 1.2 0.2 0
v 1.2 0.3 0
v 1.2 0.3 0.1
v 1.1 0.2 0
v 1.1 0.3 0
v 1.2 0.3 0
v 1.2 0.2 0
v 1.1 0.3 0.2
v 1.1 0.3 0.1
v 1.1 0.2 0.1
v 1.1 0.2 0.2
v 1.2 0.2 0.2
v 1.2 0.2 0.1
v 1.2 0.3 0.1
v 1.2 0.3 0.2
v 1.1 0.2 0.2
v 1.1 0.2 0.1
v 1.2 0.2 0.1
v 1.2 0.2 0.2
v 1.1 0.3 0.3
v 1.1 0.3 0.2
v 1.1 0.2 0.2
v 1.1 0.2 0.3
v 1.2 0.2 0.3
v 1.2 0.2 0.2
v 1.2 0.3 0.2
v 1.2 0.3 0.3
v 1.1 0.3 0.3
v 1.1 0.2 0.3
v 1.2 0.2 0.3
v 1.2 0.3 0.3
v 1.1 0.2 0.3
v 1.1 0.2 0.2
v 1.2 0.2 0.2
v 1.2 0.2 0.3
v -1.2 0.2 0.1
v -1.2 0.2 0
v -1.2 0.1 0
v -1.2 0.1 0.1
v -1.2 0.2 0.1
v -1.2 0.1 0.1
v -1.1 0.1 0.1
v -1.1 0.2 0.1
v -1.2 0.1 0
v -1.2 0.2 0
v -1.1 0.2 0
v -1.1 0.1 0
v -1.1 0.2 0.1
v -1.1 0.1 0.1
v -1 0.1 0.1
v -1 0.2 0.1
v -1.1 0.1 0
v -1.1 0.2 0
v -1 0.2 0
v -1 0.1 0
v -1 0.1 0
v -1 0.2 0
v -0.9 0.2 0
v -0.9 0.1 0
v -1 0.2 0.2
v -1 0.2 0.1
v -1 0.1 0.1
v -1 0.1 0.2
v -0.9 0.1 0.2
v -0.9 0.1 0.1
v -0.9 0.2 0.1
v -0.9 0.2 0.2
v -0.9 0.2 0.2
v -0.9 0.2 0.1
v -1 0.2 0.1
v -1 0.2 0.2
v -1 0.2 0.3
v -1 0.2 0.2
v -1 0.1 0.2
v -1 0.1 0.3
v -0.9 0.1 0.3
v -0.9 0.1 0.2
v -0.9 0.2 0.2
v -0.9 0.2 0.3
v -1 0.2 0.3
v -1 0.1 0.3
v -0.9 0.1 0.3
v -0.9 0.2 0.3
v -0.9 0.2 0.3
v -0.9 0.2 0.2
v -1 0.2 0.2
v -1 0.2 0.3
v -0.9 0.2 0.1
v -0.9 0.1 0.1
v -0.8 0.1 0.1
v -0.8 0.2 0.1
v -0.9 0.1 0
v -0.9 0.2 0
v -0.8 0.2 0
v -0.8 0.1 0
v -0.8 0.2 0.1
v -0.8 0.1 0.1
v -0.7 0.1 0.1
v -0.7 0.2 0.1
v -0.8 0.1 0
v -0.8 0.2 0
v -0.7 0.2 0
v -0.7 0.1 0
v -0.7 0.2 0.1
v -0.7 0.1 0.1
v -0.6 0.1 0.1
v -0.6 0.2 0.1
v -0.7 0.1 0
v -0.7 0.2 0
v -0.6 0.2 0
v -0.6 0.1 0
v -0.6 0.1 0
v -0.6 0.2 0
v -0.5 0.2 0
v -0.5 0.1 0
v -0.6 0.2 0.2
v -0.6 0.2 0.1
v -0.6 0.1 0.1
v -0.6 0.1 0.2
v -0.5 0.1 0.2
v -0.5 0.1 0.1
v -0.5 0.2 0.1
v -0.5 0.2 0.2
v -0.6 0.1 0.2
v -0.6 0.1 0.1
v -0.5 0.1 0.1
v -0.5 0.1 0.2
v -0.5 0.2 0.2
v -0.5 0.2 0.1
v -0.6 0.2 0.1
v -0.6 0.2 0.2
v -0.6 0.2 0.3
v -0.6 0.2 0.2
v -0.6 0.1 0.2
v -0.6 0.1 0.3
v -0.5 0.1 0.3
v -0.5 0.1 0.2
v -0.5 0.2 0.2
v -0.5 0.2 0.3
v -0.6 0.2 0.3
v -0.6 0.1 0.3
v -0.5 0.1 0.3
v -0.5 0.2 0.3
v -0.6 0.1 0.3
v -0.6 0.1 0.2
v -0.5 0.1 0.2
v -0.5 0.1 0.3
v -0.5 0.2 0.3
v -0.5 0.2 0.2
v -0.6 0.2 0.2
v -0.6 0.2 0.3
v -0.5 0.2 0.1
v -0.5 0.1 0.1
v -0.4 0.1 0.1
v -0.4 0.2 0.1
v -0.5 0.1 0
v -0.5 0.2 0
v -0.4 0.2 0
v -0.4 0.1 0
v -0.4 0.1 0
v -0.4 0.2 0
v -0.3 0.2 0
v -0.3 0.1 0
v -0.4 0.2 0.2
v -0.4 0.2 0.1
v -0.4 0.1 0.1
v -0.4 0.1 0.2
v -0.4 0.1 0.2
v -0.4 0.1 0.1
v -0.3 0.1 0.1
v -0.3 0.1 0.2
v -0.3 0.2 0.2
v -0.3 0.2 0.1
v -0.4 0.2 0.1
v -0.4 0.2 0.2
v -0.4 0.2 0.3
v -0.4 0.2 0.2
v -0.4 0.1 0.2
v -0.4 0.1 0.3
v -0.4 0.2 0.3
v -0.4 0.1 0.3
v -0.3 0.1 0.3
v -0.3 0.2 0.3
v -0.4 0.1 0.3
v -0.4 0.1 0.2
v -0.3 0.1 0.2
v -0.3 0.1 0.3
v -0.3 0.2 0.3
v -0.3 0.2 0.2
v -0.4 0.2 0.2
v -0.4 0.2 0.3
v -0.3 0.1 0
v -0.3 0.2 0
v -0.2 0.2 0
v -0.2 0.1 0
v -0.2 0.1 0.2
v -0.2 0.1 0.1
v -0.2 0.2 0.1
v -0.2 0.2 0.2
v -0.3 0.1 0.2
v -0.3 0.1 0.1
v -0.2 0.1 0.1
v -0.2 0.1 0.2
v -0.2 0.2 0.2
v -0.2 0.2 0.1
v -0.3 0.2 0.1
v -0.3 0.2 0.2
v -0.2 0.1 0.3
v -0.2 0.1 0.2
v -0.2 0.2 0.2
v -0.2 0.2 0.3
v -0.3 0.2 0.3
v -0.3 0.1 0.3
v -0.2 0.1 0.3
v -0.2 0.2 0.3
v -0.3 0.1 0.3
v -0.3 0.1 0.2
v -0.2 0.1 0.2
v -0.2 0.1 0.3
v -0.2 0.2 0.3
v -0.2 0.2 0.2
v -0.3 0.2 0.2
v -0.3 0.2 0.3
v -0.2 0.2 0.1
v -0.2 0.1 0.1
v -0.1 0.1 0.1
v -0.1 0.2 0.1
v -0.2 0.1 0
v -0.2 0.2 0
v -0.1 0.2 0
v -0.1 0.1 0
v -0.1 0.2 0.1
v -0.1 0.1 0.1
v 0 0.1 0.1
v 0 0.2 0.1
v -0.1 0.1 0
v -0.1 0.2 0
v 0 0.2 0
v 0 0.1 0
v 0 0.2 0.1
v 0 0.1 0.1
v 0.1 0.1 0.1
v 0.1 0.2 0.1
v 0 0.1 0
v 0 0.2 0
v 0.1 0.2 0
v 0.1 0.1 0
v 0.1 0.2 0.1
v 0.1 0.1 0.1
v 0.2 0.1 0.1
v 0.2 0.2 0.1
v 0.1 0.1 0
v 0.1 0.2 0
v 0.2 0.2 0
v 0.2 0.1 0
v 0.2 0.2 0.1
v 0.2 0.1 0.1
v 0.3 0.1 0.1
v 0.3 0.2 0.1
v 0.2 0.1 0
v 0.2 0.2 0
v 0.3 0.2 0
v 0.3 0.1 0
v 0.3 0.2 0.1
v 0.3 0.1 0.1
v 0.4 0.1 0.1
v 0.4 0.2 0.1
v 0.3 0.1 0
v 0.3 0.2 0
v 0.4 0.2 0
v 0.4 0.1 0
v 0.4 0.2 0.1
v 0.4 0.1 0.1
v 0.5 0.1 0.1
v 0.5 0.2 0.1
v 0.4 0.1 0
v 0.4 0.2 0
v 0.5 0.2 0
v 0.5 0.1 0
v 0.5 0.2 0.1
v 0.5 0.1 0.1
v 0.6 0.1 0.1
v 0.6 0.2 0.1
v 0.5 0.1 0
v 0.5 0.2 0
v 0.6 0.2 0
v 0.6 0.1 0
v 0.6 0.2 0.1
v 0.6 0.1 0.1
v 0.7 0.1 0.1
v 0.7 0.2 0.1
v 0.6 0.1 0
v 0.6 0.2 0
v 0.7 0.2 0
v 0.7 0.1 0
v 0.7 0.2 0.1
v 0.7 0.1 0.1
v 0.8 0.1 0.1
v 0.8 0.2 0.1
v 0.7 0.1 0
v 0.7 0.2 0
v 0.8 0.2 0
v 0.8 0.1 0
v 0.8 0.2 0.1
v 0.8 0.1 0.1
v 0.9 0.1 0.1
v 0.9 0.2 0.1
v 0.8 0.1 0
v 0.8 0.2 0
v 0.9 0.2 0
v 0.9 0.1 0
v 0.9 0.2 0.1
v 0.9 0.1 0.1
v 1 0.1 0.1
v 1 0.2 0.1
v 0.9 0.1 0
v 0.9 0.2 0
v 1 0.2 0
v 1 0.1 0
v 1 0.2 0.1
v 1 0.1 0.1
v 1.1 0.1 0.1
v 1.1 0.2 0.1
v 1 0.1 0
v 1 0.2 0
v 1.1 0.2 0
v 1.1 0.1 0
v 1.2 0.1 0.1
v 1.2 0.1 0
v 1.2 0.2 0
v 1.2 0.2 0.1
v 1.1 0.2 0.1
v 1.1 0.1 0.1
v 1.2 0.1 0.1
v 1.2 0.2 0.1
v 1.1 0.1 0
v 1.1 0.2 0
v 1.2 0.2 0
v 1.2 0.1 0
v -1.2 0.1 0.1
v -1.2 0.1 0
v -1.2 0 0
v -1.2 0 0.1
v -1.2 0 0
v -1.2 0.1 0
v -1.1 0.1 0
v -1.1 0 0
v -1.2 0.1 0.2
v -1.2 0.1 0.1
v -1.2 0 0.1
v -1.2 0 0.2
v -1.1 0 0.2
v -1.1 0 0.1
v -1.1 0.1 0.1
v -1.1 0.1 0.2
v -1.2 0 0.2
v -1.2 0 0.1
v -1.1 0 0.1
v -1.1 0 0.2
v -1.1 0.1 0.2
v -1.1 0.1 0.1
v -1.2 0.1 0.1
v -1.2 0.1 0.2
v -1.2 0.1 0.3
v -1.2 0.1 0.2
v -1.2 0 0.2
v -1.2 0 0.3
v -1.1 0 0.3
v -1.1 0 0.2
v -1.1 0.1 0.2
v -1.1 0.1 0.3
v -1.2 0.1 0.3
v -1.2 0 0.3
v -1.1 0 0.3
v -1.1 0.1 0.3
v -1.2 0 0.3
v -1.2 0 0.2
v -1.1 0 0.2
v -1.1 0 0.3
v -1.1 0.1 0.3
v -1.1 0.1 0.2
v -1.2 0.1 0.2
v -1.2 0.1 0.3
v -1.1 0.1 0.1
v -1.1 0 0.1
v -1 0 0.1
v -1 0.1 0.1
v -1.1 0 0
v -1.1 0.1 0
v -1 0.1 0
v -1 0 0
v -1 0 0
v -1 0.1 0
v -0.9 0.1 0
v -0.9 0 0
v -1 0.1 0.2
v -1 0.1 0.1
v -1 0 0.1
v -1 0 0.2
v -0.9 0 0.2
v -0.9 0 0.1
v -0.9 0.1 0.1
v -0.9 0.1 0.2
v -1 0 0.2
v -1 0 0.1
v -0.9 0 0.1
v -0.9 0 0.2
v -1 0.1 0.3
v -1 0.1 0.2
v -1 0 0.2
v -1 0 0.3
v -0.9 0 0.3
v -0.9 0 0.2
v -0.9 0.1 0.2
v -0.9 0.1 0.3
v -1 0.1 0.3
v -1 0 0.3
v -0.9 0 0.3
v -0.9 0.1 0.3
v -1 0 0.3
v -1 0 0.2
v -0.9 0 0.2
v -0.9 0 0.3
v -0.9 0.1 0.1
v -0.9 0 0.1
v -0.8 0 0.1
v -0.8 0.1 0.1
v -0.9 0 0
v -0.9 0.1 0
v -0.8 0.1 0
v -0.8 0 0
v -0.8 0 0
v -0.8 0.1 0
v -0.7 0.1 0
v -0.7 0 0
v -0.8 0.1 0.2
v -0.8 0.1 0.1
v -0.8 0 0.1
v -0.8 0 0.2
v -0.7 0 0.2
v -0.7 0 0.1
v -0.7 0.1 0.1
v -0.7 0.1 0.2
v -0.8 0 0.2
v -0.8 0 0.1
v -0.7 0 0.1
v -0.7 0 0.2
v -0.7 0.1 0.2
v -0.7 0.1 0.1
v -0.8 0.1 0.1
v -0.8 0.1 0.2
v -0.8 0.1 0.3
v -0.8 0.1 0.2
v -0.8 0 0.2
v -0.8 0 0.3
v -0.7 0 0.3
v -0.7 0 0.2
v -0.7 0.1 0.2
v -0.7 0.1 0.3
v -0.8 0.1 0.3
v -0.8 0 0.3
v -0.7 0 0.3
v -0.7 0.1 0.3
v -0.8 0 0.3
v -0.8 0 0.2
v -0.7 0 0.2
v -0.7 0 0.3
v -0.7 0.1 0.3
v -0.7 0.1 0.2
v -0.8 0.1 0.2
v -0.8 0.1 0.3
v -0.7 0.1 0.1
v -0.7 0 0.1
v -0.6 0 0.1
v -0.6 0.1 0.1
v -0.7 0 0
v -0.7 0.1 0
v -0.6 0.1 0
v -0.6 0 0
v -0.6 0.1 0.1
v -0.6 0 0.1
v -0.5 0 0.1
v -0.5 0.1 0.1
v -0.6 0 0
v -0.6 0.1 0
v -0.5 0.1 0
v -0.5 0 0
v -0.5 0.1 0.1
v -0.5 0 0.1
v -0.4 0 0.1
v -0.4 0.1 0.1
v -0.5 0 0
v -0.5 0.1 0
v -0.4 0.1 0
v -0.4 0 0
v -0.4 0.1 0.1
v -0.4 0 0.1
v -0.3 0 0.1
v -0.3 0.1 0.1
v -0.4 0 0
v -0.4 0.1 0
v -0.3 0.1 0
v -0.3 0 0
v -0.3 0.1 0.1
v -0.3 0 0.1
v -0.2 0 0.1
v -0.2 0.1 0.1
v -0.3 0 0
v -0.3 0.1 0
v -0.2 0.1 0
v -0.2 0 0
v -0.2 0.1 0.1
v -0.2 0 0.1
v -0.1 0 0.1
v -0.1 0.1 0.1
v -0.2 0 0
v -0.2 0.1 0
v -0.1 0.1 0
v -0.1 0 0
v -0.1 0.1 0.1
v -0.1 0 0.1
v 0 0 0.1
v 0 0.1 0.1
v -0.1 0 0
v -0.1 0.1 0
v 0 0.1 0
v 0 0 0
v 0 0.1 0.1
v 0 0 0.1
v 0.1 0 0.1
v 0.1 0.1 0.1
v 0 0 0
v 0 0.1 0
v 0.1 0.1 0
v 0.1 0 0
v 0.1 0.1 0.1
v 0.1 0 0.1
v 0.2 0 0.1
v 0.2 0.1 0.1
v 0.1 0 0
v 0.1 0.1 0
v 0.2 0.1 0
v 0.2 0 0
v 0.2 0.1 0.1
v 0.2 0 0.1
v 0.3 0 0.1
v 0.3 0.1 0.1
v 0.2 0 0
v 0.2 0.1 0
v 0.3 0.1 0
v 0.3 0 0
v 0.3 0.1 0.1
v 0.3 0 0.1
v 0.4 0 0.1
v 0.4 0.1 0.1
v 0.3 0 0
v 0.3 0.1 0
v 0.4 0.1 0
v 0.4 0 0
v 0.4 0.1 0.1
v 0.4 0 0.1
v 0.5 0 0.1
v 0.5 0.1 0.1
v 0.4 0 0
v 0.4 0.1 0
v 0.5 0.1 0
v 0.5 0 0
v 0.5 0.1 0.1
v 0.5 0 0.1
v 0.6 0 0.1
v 0.6 0.1 0.1
v 0.5 0 0
v 0.5 0.1 0
v 0.6 0.1 0
v 0.6 0 0
v 0.6 0.1 0.1
v 0.6 0 0.1
v 0.7 0 0.1
v 0.7 0.1 0.1
v 0.6 0 0
v 0.6 0.1 0
v 0.7 0.1 0
v 0.7 0 0
v 0.7 0.1 0.1
v 0.7 0 0.1
v 0.8 0 0.1
v 0.8 0.1 0.1
v 0.7 0 0
v 0.7 0.1 0
v 0.8 0.1 0
v 0.8 0 0
v 0.8 0.1 0.1
v 0.8 0 0.1
v 0.9 0 0.1
v 0.9 0.1 0.1
v 0.8 0 0
v 0.8 0.1 0
v 0.9 0.1 0
v 0.9 0 0
v 0.9 0.1 0.1
v 0.9 0 0.1
v 1 0 0.1
v 1 0.1 0.1
v 0.9 0 0
v 0.9 0.1 0
v 1 0.1 0
v 1 0 0
v 1 0.1 0.1
v 1 0 0.1
v 1.1 0 0.1
v 1.1 0.1 0.1
v 1 0 0
v 1 0.1 0
v 1.1 0.1 0
v 1.1 0 0
v 1.2 0 0.1
v 1.2 0 0
v 1.2 0.1 0
v 1.2 0.1 0.1
v 1.1 0.1 0.1
v 1.1 0 0.1
v 1.2 0 0.1
v 1.2 0.1 0.1
v 1.1 0 0
v 1.1 0.1 0
v 1.2 0.1 0
v 1.2 0 0
v -1.2 0 0.1
v -1.2 0 0
v -1.2 -0.1 0
v -1.2 -0.1 0.1
v -1.2 0 0.1
v -1.2 -0.1 0.1
v -1.1 -0.1 0.1
v -1.1 0 0.1
v -1.2 -0.1 0
v -1.2 0 0
v -1.1 0 0
v -1.1 -0.1 0
v -1.1 0 0.1
v -1.1 -0.1 0.1
v -1 -0.1 0.1
v -1 0 0.1
v -1.1 -0.1 0
v -1.1 0 0
v -1 0 0
v -1 -0.1 0
v -1 0 0.1
v -1 -0.1 0.1
v -0.9 -0.1 0.1
v -0.9 0 0.1
v -1 -0.1 0
v -1 0 0
v -0.9 0 0
v -0.9 -0.1 0
v -0.9 0 0.1
v -0.9 -0.1 0.1
v -0.8 -0.1 0.1
v -0.8 0 0.1
v -0.9 -0.1 0
v -0.9 0 0
v -0.8 0 0
v -0.8 -0.1 0
v -0.8 0 0.1
v -0.8 -0.1 0.1
v -0.7 -0.1 0.1
v -0.7 0 0.1
v -0.8 -0.1 0
v -0.8 0 0
v -0.7 0 0
v -0.7 -0.1 0
v -0.7 -0.1 0
v -0.7 0 0
v -0.6 0 0
v -0.6 -0.1 0
v -0.7 0 0.2
v -0.7 0 0.1
v -0.7 -0.1 0.1
v -0.7 -0.1 0.2
v -0.6 -0.1 0.2
v -0.6 -0.1 0.1
v -0.6 0 0.1
v -0.6 0 0.2
v -0.6 0 0.2
v -0.6 0 0.1
v -0.7 0 0.1
v -0.7 0 0.2
v -0.7 0 0.3
v -0.7 0 0.2
v -0.7 -0.1 0.2
v -0.7 -0.1 0.3
v -0.6 -0.1 0.3
v -0.6 -0.1 0.2
v -0.6 0 0.2
v -0.6 0 0.3
v -0.7 0 0.3
v -0.7 -0.1 0.3
v -0.6 -0.1 0.3
v -0.6 0 0.3
v -0.6 0 0.3
v -0.6 0 0.2
v -0.7 0 0.2
v -0.7 0 0.3
v -0.6 0 0.1
v -0.6 -0.1 0.1
v -0.5 -0.1 0.1
v -0.5 0 0.1
v -0.6 -0.1 0
v -0.6 0 0
v -0.5 0 0
v -0.5 -0.1 0
v -0.5 -0.1 0
v -0.5 0 0
v -0.4 0 0
v -0.4 -0.1 0
v -0.5 0 0.2
v -0.5 0 0.1
v -0.5 -0.1 0.1
v -0.5 -0.1 0.2
v -0.4 -0.1 0.2
v -0.4 -0.1 0.1
v -0.4 0 0.1
v -0.4 0 0.2
v -0.4 0 0.2
v -0.4 0 0.1
v -0.5 0 0.1
v -0.5 0 0.2
v -0.5 0 0.3
v -0.5 0 0.2
v -0.5 -0.1 0.2
v -0.5 -0.1 0.3
v -0.4 -0.1 0.3
v -0.4 -0.1 0.2
v -0.4 0 0.2
v -0.4 0 0.3
v -0.5 0 0.3
v -0.5 -0.1 0.3
v -0.4 -0.1 0.3
v -0.4 0 0.3
v -0.4 0 0.3
v -0.4 0 0.2
v -0.5 0 0.2
v -0.5 0 0.3
v -0.4 0 0.1
v -0.4 -0.1 0.1
v -0.3 -0.1 0.1
v -0.3 0 0.1
v -0.4 -0.1 0
v -0.4 0 0
v -0.3 0 0
v -0.3 -0.1 0
v -0.3 -0.1 0
v -0.3 0 0
v -0.2 0 0
v -0.2 -0.1 0
v -0.3 0 0.2
v -0.3 0 0.1
v -0.3 -0.1 0.1
v -0.3 -0.1 0.2
v -0.2 -0.1 0.2
v -0.2 -0.1 0.1
v -0.2 0 0.1
v -0.2 0 0.2
v -0.3 -0.1 0.2
v -0.3 -0.1 0.1
v -0.2 -0.1 0.1
v -0.2 -0.1 0.2
v -0.2 0 0.2
v -0.2 0 0.1
v -0.3 0 0.1
v -0.3 0 0.2
v -0.3 0 0.3
v -0.3 0 0.2
v -0.3 -0.1 0.2
v -0.3 -0.1 0.3
v -0.2 -0.1 0.3
v -0.2 -0.1 0.2
v -0.2 0 0.2
v -0.2 0 0.3
v -0.3 0 0.3
v -0.3 -0.1 0.3
v -0.2 -0.1 0.3
v -0.2 0 0.3
v -0.3 -0.1 0.3
v -0.3 -0.1 0.2
v -0.2 -0.1 0.2
v -0.2 -0.1 0.3
v -0.2 0 0.3
v -0.2 0 0.2
v -0.3 0 0.2
v -0.3 0 0.3
v -0.2 0 0.1
v -0.2 -0.1 0.1
v -0.1 -0.1 0.1
v -0.1 0 0.1
v -0.2 -0.1 0
v -0.2 0 0
v -0.1 0 0
v -0.1 -0.1 0
v -0.1 0 0.1
v -0.1 -0.1 0.1
v 0 -0.1 0.1
v 0 0 0.1
v -0.1 -0.1 0
v -0.1 0 0
v 0 0 0
v 0 -0.1 0
v 0 0 0.1
v 0 -0.1 0.1
v 0.1 -0.1 0.1
v 0.1 0 0.1
v 0 -0.1 0
v 0 0 0
v 0.1 0 0
v 0.1 -0.1 0
v 0.1 0 0.1
v 0.1 -0.1 0.1
v 0.2 -0.1 0.1
v 0.2 0 0.1
v 0.1 -0.1 0
v 0.1 0 0
v 0.2 0 0
v 0.2 -0.1 0
v 0.2 0 0.1
v 0.2 -0.1 0.1
v 0.3 -0.1 0.1
v 0.3 0 0.1
v 0.2 -0.1 0
v 0.2 0 0
v 0.3 0 0
v 0.3 -0.1 0
v 0.3 0 0.1
v 0.3 -0.1 0.1
v 0.4 -0.1 0.1
v 0.4 0 0.1
v 0.3 -0.1 0
v 0.3 0 0
v 0.4 0 0
v 0.4 -0.1 0
v 0.4 0 0.1
v 0.4 -0.1 0.1
v 0.5 -0.1 0.1
v 0.5 0 0.1
v 0.4 -0.1 0
v 0.4 0 0
v 0.5 0 0
v 0.5 -0.1 0
v 0.5 0 0.1
v 0.5 -0.1 0.1
v 0.6 -0.1 0.1
v 0.6 0 0.1
v 0.5 -0.1 0
v 0.5 0 0
v 0.6 0 0
v 0.6 -0.1 0
v 0.6 0 0.1
v 0.6 -0.1 0.1
v 0.7 -0.1 0.1
v 0.7 0 0.1
v 0.6 -0.1 0
v 0.6 0 0
v 0.7 0 0
v 0.7 -0.1 0
v 0.7 0 0.1
v 0.7 -0.1 0.1
v 0.8 -0.1 0.1
v 0.8 0 0.1
v 0.7 -0.1 0
v 0.7 0 0
v 0.8 0 0
v 0.8 -0.1 0
v 0.8 0 0.1
v 0.8 -0.1 0.1
v 0.9 -0.1 0.1
v 0.9 0 0.1
v 0.8 -0.1 0
v 0.8 0 0
v 0.9 0 0
v 0.9 -0.1 0
v 0.9 0 0.1
v 0.9 -0.1 0.1
v 1 -0.1 0.1
v 1 0 0.1
v 0.9 -0.1 0
v 0.9 0 0
v 1 0 0
v 1 -0.1 0
v 1 0 0.1
v 1 -0.1 0.1
v 1.1 -0.1 0.1
v 1.1 0 0.1
v 1 -0.1 0
v 1 0 0
v 1.1 0 0
v 1.1 -0.1 0
v 1.2 -0.1 0.1
v 1.2 -0.1 0
v 1.2 0 0
v 1.2 0 0.1
v 1.1 0 0.1
v 1.1 -0.1 0.1
v 1.2 -0.1 0.1
v 1.2 0 0.1
v 1.1 -0.1 0
v 1.1 0 0
v 1.2 0 0
v 1.2 -0.1 0
v -1.2 -0.1 0.1
v -1.2 -0.1 0
v -1.2 -0.2 0
v -1.2 -0.2 0.1
v -1.2 -0.2 0
v -1.2 -0.1 0
v -1.1 -0.1 0
v -1.1 -0.2 0
v -1.2 -0.1 0.2
v -1.2 -0.1 0.1
v -1.2 -0.2 0.1
v -1.2 -0.2 0.2
v -1.1 -0.1 0.2
v -1.1 -0.1 0.1
v -1.2 -0.1 0.1
v -1.2 -0.1 0.2
v -1.2 -0.1 0.3
v -1.2 -0.1 0.2
v -1.2 -0.2 0.2
v -1.2 -0.2 0.3
v -1.2 -0.1 0.3
v -1.2 -0.2 0.3
v -1.1 -0.2 0.3
v -1.1 -0.1 0.3
v -1.1 -0.1 0.3
v -1.1 -0.1 0.2
v -1.2 -0.1 0.2
v -1.2 -0.1 0.3
v -1.1 -0.2 0
v -1.1 -0.1 0
v -1 -0.1 0
v -1 -0.2 0
v -1 -0.2 0.2
v -1 -0.2 0.1
v -1 -0.1 0.1
v -1 -0.1 0.2
v -1.1 -0.2 0.2
v -1.1 -0.2 0.1
v -1 -0.2 0.1
v -1 -0.2 0.2
v -1 -0.1 0.2
v -1 -0.1 0.1
v -1.1 -0.1 0.1
v -1.1 -0.1 0.2
v -1 -0.2 0.3
v -1 -0.2 0.2
v -1 -0.1 0.2
v -1 -0.1 0.3
v -1.1 -0.1 0.3
v -1.1 -0.2 0.3
v -1 -0.2 0.3
v -1 -0.1 0.3
v -1.1 -0.2 0.3
v -1.1 -0.2 0.2
v -1 -0.2 0.2
v -1 -0.2 0.3
v -1 -0.1 0.3
v -1 -0.1 0.2
v -1.1 -0.1 0.2
v -1.1 -0.1 0.3
v -1 -0.1 0.1
v -1 -0.2 0.1
v -0.9 -0.2 0.1
v -0.9 -0.1 0.1
v -1 -0.2 0
v -1 -0.1 0
v -0.9 -0.1 0
v -0.9 -0.2 0
v -0.9 -0.1 0.1
v -0.9 -0.2 0.1
v -0.8 -0.2 0.1
v -0.8 -0.1 0.1
v -0.9 -0.2 0
v -0.9 -0.1 0
v -0.8 -0.1 0
v -0.8 -0.2 0
v -0.8 -0.1 0.1
v -0.8 -0.2 0.1
v -0.7 -0.2 0.1
v -0.7 -0.1 0.1
v -0.8 -0.2 0
v -0.8 -0.1 0
v -0.7 -0.1 0
v -0.7 -0.2 0
v -0.7 -0.2 0
v -0.7 -0.1 0
v -0.6 -0.1 0
v -0.6 -0.2 0
v -0.7 -0.1 0.2
v -0.7 -0.1 0.1
v -0.7 -0.2 0.1
v -0.7 -0.2 0.2
v -0.6 -0.2 0.2
v -0.6 -0.2 0.1
v -0.6 -0.1 0.1
v -0.6 -0.1 0.2
v -0.7 -0.2 0.2
v -0.7 -0.2 0.1
v -0.6 -0.2 0.1
v -0.6 -0.2 0.2
v -0.7 -0.1 0.3
v -0.7 -0.1 0.2
v -0.7 -0.2 0.2
v -0.7 -0.2 0.3
v -0.6 -0.2 0.3
v -0.6 -0.2 0.2
v -0.6 -0.1 0.2
v -0.6 -0.1 0.3
v -0.7 -0.1 0.3
v -0.7 -0.2 0.3
v -0.6 -0.2 0.3
v -0.6 -0.1 0.3
v -0.7 -0.2 0.3
v -0.7 -0.2 0.2
v -0.6 -0.2 0.2
v -0.6 -0.2 0.3
v -0.6 -0.1 0.1
v -0.6 -0.2 0.1
v -0.5 -0.2 0.1
v -0.5 -0.1 0.1
v -0.6 -0.2 0
v -0.6 -0.1 0
v -0.5 -0.1 0
v -0.5 -0.2 0
v -0.5 -0.2 0
v -0.5 -0.1 0
v -0.4 -0.1 0
v -0.4 -0.2 0
v -0.5 -0.1 0.2
v -0.5 -0.1 0.1
v -0.5 -0.2 0.1
v -0.5 -0.2 0.2
v -0.5 -0.2 0.2
v -0.5 -0.2 0.1
v -0.4 -0.2 0.1
v -0.4 -0.2 0.2
v -0.5 -0.1 0.3
v -0.5 -0.1 0.2
v -0.5 -0.2 0.2
v -0.5 -0.2 0.3
v -0.5 -0.1 0.3
v -0.5 -0.2 0.3
v -0.4 -0.2 0.3
v -0.4 -0.1 0.3
v -0.5 -0.2 0.3
v -0.5 -0.2 0.2
v -0.4 -0.2 0.2
v -0.4 -0.2 0.3
v -0.4 -0.2 0
v -0.4 -0.1 0
v -0.3 -0.1 0
v -0.3 -0.2 0
v -0.3 -0.2 0.2
v -0.3 -0.2 0.1
v -0.3 -0.1 0.1
v -0.3 -0.1 0.2
v -0.3 -0.1 0.2
v -0.3 -0.1 0.1
v -0.4 -0.1 0.1
v -0.4 -0.1 0.2
v -0.3 -0.2 0.3
v -0.3 -0.2 0.2
v -0.3 -0.1 0.2
v -0.3 -0.1 0.3
v -0.4 -0.1 0.3
v -0.4 -0.2 0.3
v -0.3 -0.2 0.3
v -0.3 -0.1 0.3
v -0.3 -0.1 0.3
v -0.3 -0.1 0.2
v -0.4 -0.1 0.2
v -0.4 -0.1 0.3
v -0.3 -0.1 0.1
v -0.3 -0.2 0.1
v -0.2 -0.2 0.1
v -0.2 -0.1 0.1
v -0.3 -0.2 0
v -0.3 -0.1 0
v -0.2 -0.1 0
v -0.2 -0.2 0
v -0.2 -0.1 0.1
v -0.2 -0.2 0.1
v -0.1 -0.2 0.1
v -0.1 -0.1 0.1
v -0.2 -0.2 0
v -0.2 -0.1 0
v -0.1 -0.1 0
v -0.1 -0.2 0
v -0.1 -0.1 0.1
v -0.1 -0.2 0.1
v 0 -0.2 0.1
v 0 -0.1 0.1
v -0.1 -0.2 0
v -0.1 -0.1 0
v 0 -0.1 0
v 0 -0.2 0
v 0 -0.1 0.1
v 0 -0.2 0.1
v 0.1 -0.2 0.1
v 0.1 -0.1 0.1
v 0 -0.2 0
v 0 -0.1 0
v 0.1 -0.1 0
v 0.1 -0.2 0
v 0.1 -0.1 0.1
v 0.1 -0.2 0.1
v 0.2 -0.2 0.1
v 0.2 -0.1 0.1
v 0.1 -0.2 0
v 0.1 -0.1 0
v 0.2 -0.1 0
v 0.2 -0.2 0
v 0.2 -0.1 0.1
v 0.2 -0.2 0.1
v 0.3 -0.2 0.1
v 0.3 -0.1 0.1
v 0.2 -0.2 0
v 0.2 -0.1 0
v 0.3 -0.1 0
v 0.3 -0.2 0
v 0.3 -0.1 0.1
v 0.3 -0.2 0.1
v 0.4 -0.2 0.1
v 0.4 -0.1 0.1
v 0.3 -0.2 0
v 0.3 -0.1 0
v 0.4 -0.1 0
v 0.4 -0.2 0
v 0.4 -0.1 0.1
v 0.4 -0.2 0.1
v 0.5 -0.2 0.1
v 0.5 -0.1 0.1
v 0.4 -0.2 0
v 0.4 -0.1 0
v 0.5 -0.1 0
v 0.5 -0.2 0
v 0.5 -0.1 0.1
v 0.5 -0.2 0.1
v 0.6 -0.2 0.1
v 0.6 -0.1 0.1
v 0.5 -0.2 0
v 0.5 -0.1 0
v 0.6 -0.1 0
v 0.6 -0.2 0
v 0.6 -0.1 0.1
v 0.6 -0.2 0.1
v 0.7 -0.2 0.1
v 0.7 -0.1 0.1
v 0.6 -0.2 0
v 0.6 -0.1 0
v 0.7 -0.1 0
v 0.7 -0.2 0
v 0.7 -0.1 0.1
v 0.7 -0.2 0.1
v 0.8 -0.2 0.1
v 0.8 -0.1 0.1
v 0.7 -0.2 0
v 0.7 -0.1 0
v 0.8 -0.1 0
v 0.8 -0.2 0
v 0.8 -0.1 0.1
v 0.8 -0.2 0.1
v 0.9 -0.2 0.1
v 0.9 -0.1 0.1
v 0.8 -0.2 0
v 0.8 -0.1 0
v 0.9 -0.1 0
v 0.9 -0.2 0
v 0.9 -0.1 0.1
v 0.9 -0.2 0.1
v 1 -0.2 0.1
v 1 -0.1 0.1
v 0.9 -0.2 0
v 0.9 -0.1 0
v 1 -0.1 0
v 1 -0.2 0
v 1 -0.1 0.1
v 1 -0.2 0.1
v 1.1 -0.2 0.1
v 1.1 -0.1 0.1
v 1 -0.2 0
v 1 -0.1 0
v 1.1 -0.1 0
v 1.1 -0.2 0
v 1.2 -0.2 0.1
v 1.2 -0.2 0
v 1.2 -0.1 0
v 1.2 -0.1 0.1
v 1.1 -0.2 0
v 1.1 -0.1 0
v 1.2 -0.1 0
v 1.2 -0.2 0
v 1.1 -0.1 0.2
v 1.1 -0.1 0.1
v 1.1 -0.2 0.1
v 1.1 -0.2 0.2
v 1.2 -0.2 0.2
v 1.2 -0.2 0.1
v 1.2 -0.1 0.1
v 1.2 -0.1 0.2
v 1.1 -0.2 0.2
v 1.1 -0.2 0.1
v 1.2 -0.2 0.1
v 1.2 -0.2 0.2
v 1.2 -0.1 0.2
v 1.2 -0.1 0.1
v 1.1 -0.1 0.1
v 1.1 -0.1 0.2
v 1.1 -0.1 0.3
v 1.1 -0.1 0.2
v 1.1 -0.2 0.2
v 1.1 -0.2 0.3
v 1.2 -0.2 0.3
v 1.2 -0.2 0.2
v 1.2 -0.1 0.2
v 1.2 -0.1 0.3
v 1.1 -0.1 0.3
v 1.1 -0.2 0.3
v 1.2 -0.2 0.3
v 1.2 -0.1 0.3
v 1.1 -0.2 0.3
v 1.1 -0.2 0.2
v 1.2 -0.2 0.2
v 1.2 -0.2 0.3
v 1.2 -0.1 0.3
v 1.2 -0.1 0.2
v 1.1 -0.1 0.2
v 1.1 -0.1 0.3
v -1.2 -0.2 0.1
v -1.2 -0.2 0
v -1.2 -0.3 0
v -1.2 -0.3 0.1
v -1.2 -0.3 0
v -1.2 -0.2 0
v -1.1 -0.2 0
v -1.1 -0.3 0
v -1.2 -0.2 0.2
v -1.2 -0.2 0.1
v -1.2 -0.3 0.1
v -1.2 -0.3 0.2
v -1.1 -0.3 0.2
v -1.1 -0.3 0.1
v -1.1 -0.2 0.1
v -1.1 -0.2 0.2
v -1.2 -0.3 0.2
v -1.2 -0.3 0.1
v -1.1 -0.3 0.1
v -1.1 -0.3 0.2
v -1.2 -0.2 0.3
v -1.2 -0.2 0.2
v -1.2 -0.3 0.2
v -1.2 -0.3 0.3
v -1.1 -0.3 0.3
v -1.1 -0.3 0.2
v -1.1 -0.2 0.2
v -1.1 -0.2 0.3
v -1.2 -0.2 0.3
v -1.2 -0.3 0.3
v -1.1 -0.3 0.3
v -1.1 -0.2 0.3
v -1.2 -0.3 0.3
v -1.2 -0.3 0.2
v -1.1 -0.3 0.2
v -1.1 -0.3 0.3
v -1.1 -0.2 0.1
v -1.1 -0.3 0.1
v -1 -0.3 0.1
v -1 -0.2 0.1
v -1.1 -0.3 0
v -1.1 -0.2 0
v -1 -0.2 0
v -1 -0.3 0
v -1 -0.3 0
v -1 -0.2 0
v -0.9 -0.2 0
v -0.9 -0.3 0
v -1 -0.2 0.2
v -1 -0.2 0.1
v -1 -0.3 0.1
v -1 -0.3 0.2
v -0.9 -0.3 0.2
v -0.9 -0.3 0.1
v -0.9 -0.2 0.1
v -0.9 -0.2 0.2
v -1 -0.3 0.2
v -1 -0.3 0.1
v -0.9 -0.3 0.1
v -0.9 -0.3 0.2
v -0.9 -0.2 0.2
v -0.9 -0.2 0.1
v -1 -0.2 0.1
v -1 -0.2 0.2
v -1 -0.2 0.3
v -1 -0.2 0.2
v -1 -0.3 0.2
v -1 -0.3 0.3
v -0.9 -0.3 0.3
v -0.9 -0.3 0.2
v -0.9 -0.2 0.2
v -0.9 -0.2 0.3
v -1 -0.2 0.3
v -1 -0.3 0.3
v -0.9 -0.3 0.3
v -0.9 -0.2 0.3
v -1 -0.3 0.3
v -1 -0.3 0.2
v -0.9 -0.3 0.2
v -0.9 -0.3 0.3
v -0.9 -0.2 0.3
v -0.9 -0.2 0.2
v -1 -0.2 0.2
v -1 -0.2 0.3
v -0.9 -0.2 0.1
v -0.9 -0.3 0.1
v -0.8 -0.3 0.1
v -0.8 -0.2 0.1
v -0.9 -0.3 0
v -0.9 -0.2 0
v -0.8 -0.2 0
v -0.8 -0.3 0
v -0.8 -0.2 0.1
v -0.8 -0.3 0.1
v -0.7 -0.3 0.1
v -0.7 -0.2 0.1
v -0.8 -0.3 0
v -0.8 -0.2 0
v -0.7 -0.2 0
v -0.7 -0.3 0
v -0.7 -0.2 0.1
v -0.7 -0.3 0.1
v -0.6 -0.3 0.1
v -0.6 -0.2 0.1
v -0.7 -0.3 0
v -0.7 -0.2 0
v -0.6 -0.2 0
v -0.6 -0.3 0
v -0.6 -0.2 0.1
v -0.6 -0.3 0.1
v -0.5 -0.3 0.1
v -0.5 -0.2 0.1
v -0.6 -0.3 0
v -0.6 -0.2 0
v -0.5 -0.2 0
v -0.5 -0.3 0
v -0.5 -0.2 0.1
v -0.5 -0.3 0.1
v -0.4 -0.3 0.1
v -0.4 -0.2 0.1
v -0.5 -0.3 0
v -0.5 -0.2 0
v -0.4 -0.2 0
v -0.4 -0.3 0
v -0.4 -0.3 0
v -0.4 -0.2 0
v -0.3 -0.2 0
v -0.3 -0.3 0
v -0.4 -0.2 0.2
v -0.4 -0.2 0.1
v -0.4 -0.3 0.1
v -0.4 -0.3 0.2
v -0.3 -0.3 0.2
v -0.3 -0.3 0.1
v -0.3 -0.2 0.1
v -0.3 -0.2 0.2
v -0.4 -0.2 0.3
v -0.4 -0.2 0.2
v -0.4 -0.3 0.2
v -0.4 -0.3 0.3
v -0.3 -0.3 0.3
v -0.3 -0.3 0.2
v -0.3 -0.2 0.2
v -0.3 -0.2 0.3
v -0.4 -0.2 0.3
v -0.4 -0.3 0.3
v -0.3 -0.3 0.3
v -0.3 -0.2 0.3
v -0.3 -0.2 0.1
v -0.3 -0.3 0.1
v -0.2 -0.3 0.1
v -0.2 -0.2 0.1
v -0.3 -0.3 0
v -0.3 -0.2 0
v -0.2 -0.2 0
v -0.2 -0.3 0
v -0.2 -0.2 0.1
v -0.2 -0.3 0.1
v -0.1 -0.3 0.1
v -0.1 -0.2 0.1
v -0.2 -0.3 0
v -0.2 -0.2 0
v -0.1 -0.2 0
v -0.1 -0.3 0
v -0.1 -0.2 0.1
v -0.1 -0.3 0.1
v 0 -0.3 0.1
v 0 -0.2 0.1
v -0.1 -0.3 0
v -0.1 -0.2 0
v 0 -0.2 0
v 0 -0.3 0
v 0 -0.2 0.1
v 0 -0.3 0.1
v 0.1 -0.3 0.1
v 0.1 -0.2 0.1
v 0 -0.3 0
v 0 -0.2 0
v 0.1 -0.2 0
v 0.1 -0.3 0
v 0.1 -0.2 0.1
v 0.1 -0.3 0.1
v 0.2 -0.3 0.1
v 0.2 -0.2 0.1
v 0.1 -0.3 0
v 0.1 -0.2 0
v 0.2 -0.2 0
v 0.2 -0.3 0
v 0.2 -0.2 0.1
v 0.2 -0.3 0.1
v 0.3 -0.3 0.1
v 0.3 -0.2 0.1
v 0.2 -0.3 0
v 0.2 -0.2 0
v 0.3 -0.2 0
v 0.3 -0.3 0
v 0.3 -0.2 0.1
v 0.3 -0.3 0.1
v 0.4 -0.3 0.1
v 0.4 -0.2 0.1
v 0.3 -0.3 0
v 0.3 -0.2 0
v 0.4 -0.2 0
v 0.4 -0.3 0
v 0.4 -0.2 0.1
v 0.4 -0.3 0.1
v 0.5 -0.3 0.1
v 0.5 -0.2 0.1
v 0.4 -0.3 0
v 0.4 -0.2 0
v 0.5 -0.2 0
v 0.5 -0.3 0
v 0.5 -0.2 0.1
v 0.5 -0.3 0.1
v 0.6 -0.3 0.1
v 0.6 -0.2 0.1
v 0.5 -0.3 0
v 0.5 -0.2 0
v 0.6 -0.2 0
v 0.6 -0.3 0
v 0.6 -0.2 0.1
v 0.6 -0.3 0.1
v 0.7 -0.3 0.1
v 0.7 -0.2 0.1
v 0.6 -0.3 0
v 0.6 -0.2 0
v 0.7 -0.2 0
v 0.7 -0.3 0
v 0.7 -0.2 0.1
v 0.7 -0.3 0.1
v 0.8 -0.3 0.1
v 0.8 -0.2 0.1
v 0.7 -0.3 0
v 0.7 -0.2 0
v 0.8 -0.2 0
v 0.8 -0.3 0
v 0.8 -0.2 0.1
v 0.8 -0.3 0.1
v 0.9 -0.3 0.1
v 0.9 -0.2 0.1
v 0.8 -0.3 0
v 0.8 -0.2 0
v 0.9 -0.2 0
v 0.9 -0.3 0
v 0.9 -0.2 0.1
v 0.9 -0.3 0.1
v 1 -0.3 0.1
v 1 -0.2 0.1
v 0.9 -0.3 0
v 0.9 -0.2 0
v 1 -0.2 0
v 1 -0.3 0
v 1 -0.3 0
v 1 -0.2 0
v 1.1 -0.2 0
v 1.1 -0.3 0
v 1 -0.2 0.2
v 1 -0.2 0.1
v 1 -0.3 0.1
v 1 -0.3 0.2
v 1.1 -0.3 0.2
v 1.1 -0.3 0.1
v 1.1 -0.2 0.1
v 1.1 -0.2 0.2
v 1.1 -0.2 0.2
v 1.1 -0.2 0.1
v 1 -0.2 0.1
v 1 -0.2 0.2
v 1 -0.2 0.3
v 1 -0.2 0.2
v 1 -0.3 0.2
v 1 -0.3 0.3
v 1.1 -0.3 0.3
v 1.1 -0.3 0.2
v 1.1 -0.2 0.2
v 1.1 -0.2 0.3
v 1 -0.2 0.3
v 1 -0.3 0.3
v 1.1 -0.3 0.3
v 1.1 -0.2 0.3
v 1.1 -0.2 0.3
v 1.1 -0.2 0.2
v 1 -0.2 0.2
v 1 -0.2 0.3
v 1.2 -0.3 0.1
v 1.2 -0.3 0
v 1.2 -0.2 0
v 1.2 -0.2 0.1
v 1.1 -0.2 0.1
v 1.1 -0.3 0.1
v 1.2 -0.3 0.1
v 1.2 -0.2 0.1
v 1.1 -0.3 0
v 1.1 -0.2 0
v 1.2 -0.2 0
v 1.2 -0.3 0
v -1.2 -0.3 0.1
v -1.2 -0.3 0
v -1.2 -0.4 0
v -1.2 -0.4 0.1
v -1.2 -0.3 0.1
v -1.2 -0.4 0.1
v -1.1 -0.4 0.1
v -1.1 -0.3 0.1
v -1.2 -0.4 0
v -1.2 -0.3 0
v -1.1 -0.3 0
v -1.1 -0.4 0
v -1.1 -0.4 0
v -1.1 -0.3 0
v -1 -0.3 0
v -1 -0.4 0
v -1.1 -0.3 0.2
v -1.1 -0.3 0.1
v -1.1 -0.4 0.1
v -1.1 -0.4 0.2
v -1 -0.4 0.2
v -1 -0.4 0.1
v -1 -0.3 0.1
v -1 -0.3 0.2
v -1.1 -0.4 0.2
v -1.1 -0.4 0.1
v -1 -0.4 0.1
v -1 -0.4 0.2
v -1 -0.3 0.2
v -1 -0.3 0.1
v -1.1 -0.3 0.1
v -1.1 -0.3 0.2
v -1.1 -0.3 0.3
v -1.1 -0.3 0.2
v -1.1 -0.4 0.2
v -1.1 -0.4 0.3
v -1 -0.4 0.3
v -1 -0.4 0.2
v -1 -0.3 0.2
v -1 -0.3 0.3
v -1.1 -0.3 0.3
v -1.1 -0.4 0.3
v -1 -0.4 0.3
v -1 -0.3 0.3
v -1.1 -0.4 0.3
v -1.1 -0.4 0.2
v -1 -0.4 0.2
v -1 -0.4 0.3
v -1 -0.3 0.3
v -1 -0.3 0.2
v -1.1 -0.3 0.2
v -1.1 -0.3 0.3
v -1 -0.3 0.1
v -1 -0.4 0.1
v -0.9 -0.4 0.1
v -0.9 -0.3 0.1
v -1 -0.4 0
v -1 -0.3 0
v -0.9 -0.3 0
v -0.9 -0.4 0
v -0.9 -0.4 0
v -0.9 -0.3 0
v -0.8 -0.3 0
v -0.8 -0.4 0
v -0.9 -0.3 0.2
v -0.9 -0.3 0.1
v -0.9 -0.4 0.1
v -0.9 -0.4 0.2
v -0.8 -0.4 0.2
v -0.8 -0.4 0.1
v -0.8 -0.3 0.1
v -0.8 -0.3 0.2
v -0.9 -0.4 0.2
v -0.9 -0.4 0.1
v -0.8 -0.4 0.1
v -0.8 -0.4 0.2
v -0.8 -0.3 0.2
v -0.8 -0.3 0.1
v -0.9 -0.3 0.1
v -0.9 -0.3 0.2
v -0.9 -0.3 0.3
v -0.9 -0.3 0.2
v -0.9 -0.4 0.2
v -0.9 -0.4 0.3
v -0.8 -0.4 0.3
v -0.8 -0.4 0.2
v -0.8 -0.3 0.2
v -0.8 -0.3 0.3
v -0.9 -0.3 0.3
v -0.9 -0.4 0.3
v -0.8 -0.4 0.3
v -0.8 -0.3 0.3
v -0.9 -0.4 0.3
v -0.9 -0.4 0.2
v -0.8 -0.4 0.2
v -0.8 -0.4 0.3
v -0.8 -0.3 0.3
v -0.8 -0.3 0.2
v -0.9 -0.3 0.2
v -0.9 -0.3 0.3
v -0.8 -0.3 0.1
v -0.8 -0.4 0.1
v -0.7 -0.4 0.1
v -0.7 -0.3 0.1
v -0.8 -0.4 0
v -0.8 -0.3 0
v -0.7 -0.3 0
v -0.7 -0.4 0
v -0.7 -0.3 0.1
v -0.7 -0.4 0.1
v -0.6 -0.4 0.1
v -0.6 -0.3 0.1
v -0.7 -0.4 0
v -0.7 -0.3 0
v -0.6 -0.3 0
v -0.6 -0.4 0
v -0.6 -0.3 0.1
v -0.6 -0.4 0.1
v -0.5 -0.4 0.1
v -0.5 -0.3 0.1
v -0.6 -0.4 0
v -0.6 -0.3 0
v -0.5 -0.3 0
v -0.5 -0.4 0
v -0.5 -0.3 0.1
v -0.5 -0.4 0.1
v -0.4 -0.4 0.1
v -0.4 -0.3 0.1
v -0.5 -0.4 0
v -0.5 -0.3 0
v -0.4 -0.3 0
v -0.4 -0.4 0
v -0.4 -0.4 0
v -0.4 -0.3 0
v -0.3 -0.3 0
v -0.3 -0.4 0
v -0.4 -0.3 0.2
v -0.4 -0.3 0.1
v -0.4 -0.4 0.1
v -0.4 -0.4 0.2
v -0.3 -0.4 0.2
v -0.3 -0.4 0.1
v -0.3 -0.3 0.1
v -0.3 -0.3 0.2
v -0.4 -0.4 0.2
v -0.4 -0.4 0.1
v -0.3 -0.4 0.1
v -0.3 -0.4 0.2
v -0.4 -0.3 0.3
v -0.4 -0.3 0.2
v -0.4 -0.4 0.2
v -0.4 -0.4 0.3
v -0.3 -0.4 0.3
v -0.3 -0.4 0.2
v -0.3 -0.3 0.2
v -0.3 -0.3 0.3
v -0.4 -0.3 0.3
v -0.4 -0.4 0.3
v -0.3 -0.4 0.3
v -0.3 -0.3 0.3
v -0.4 -0.4 0.3
v -0.4 -0.4 0.2
v -0.3 -0.4 0.2
v -0.3 -0.4 0.3
v -0.3 -0.3 0.1
v -0.3 -0.4 0.1
v -0.2 -0.4 0.1
v -0.2 -0.3 0.1
v -0.3 -0.4 0
v -0.3 -0.3 0
v -0.2 -0.3 0
v -0.2 -0.4 0
v -0.2 -0.3 0.1
v -0.2 -0.4 0.1
v -0.1 -0.4 0.1
v -0.1 -0.3 0.1
v -0.2 -0.4 0
v -0.2 -0.3 0
v -0.1 -0.3 0
v -0.1 -0.4 0
v -0.1 -0.3 0.1
v -0.1 -0.4 0.1
v 0 -0.4 0.1
v 0 -0.3 0.1
v -0.1 -0.4 0
v -0.1 -0.3 0
v 0 -0.3 0
v 0 -0.4 0
v 0 -0.3 0.1
v 0 -0.4 0.1
v 0.1 -0.4 0.1
v 0.1 -0.3 0.1
v 0 -0.4 0
v 0 -0.3 0
v 0.1 -0.3 0
v 0.1 -0.4 0
v 0.1 -0.3 0.1
v 0.1 -0.4 0.1
v 0.2 -0.4 0.1
v 0.2 -0.3 0.1
v 0.1 -0.4 0
v 0.1 -0.3 0
v 0.2 -0.3 0
v 0.2 -0.4 0
v 0.2 -0.3 0.1
v 0.2 -0.4 0.1
v 0.3 -0.4 0.1
v 0.3 -0.3 0.1
v 0.2 -0.4 0
v 0.2 -0.3 0
v 0.3 -0.3 0
v 0.3 -0.4 0
v 0.3 -0.3 0.1
v 0.3 -0.4 0.1
v 0.4 -0.4 0.1
v 0.4 -0.3 0.1
v 0.3 -0.4 0
v 0.3 -0.3 0
v 0.4 -0.3 0
v 0.4 -0.4 0
v 0.4 -0.3 0.1
v 0.4 -0.4 0.1
v 0.5 -0.4 0.1
v 0.5 -0.3 0.1
v 0.4 -0.4 0
v 0.4 -0.3 0
v 0.5 -0.3 0
v 0.5 -0.4 0
v 0.5 -0.3 0.1
v 0.5 -0.4 0.1
v 0.6 -0.4 0.1
v 0.6 -0.3 0.1
v 0.5 -0.4 0
v 0.5 -0.3 0
v 0.6 -0.3 0
v 0.6 -0.4 0
v 0.6 -0.3 0.1
v 0.6 -0.4 0.1
v 0.7 -0.4 0.1
v 0.7 -0.3 0.1
v 0.6 -0.4 0
v 0.6 -0.3 0
v 0.7 -0.3 0
v 0.7 -0.4 0
v 0.7 -0.3 0.1
v 0.7 -0.4 0.1
v 0.8 -0.4 0.1
v 0.8 -0.3 0.1
v 0.7 -0.4 0
v 0.7 -0.3 0
v 0.8 -0.3 0
v 0.8 -0.4 0
v 0.8 -0.3 0.1
v 0.8 -0.4 0.1
v 0.9 -0.4 0.1
v 0.9 -0.3 0.1
v 0.8 -0.4 0
v 0.8 -0.3 0
v 0.9 -0.3 0
v 0.9 -0.4 0
v 0.9 -0.3 0.1
v 0.9 -0.4 0.1
v 1 -0.4 0.1
v 1 -0.3 0.1
v 0.9 -0.4 0
v 0.9 -0.3 0
v 1 -0.3 0
v 1 -0.4 0
v 1 -0.4 0
v 1 -0.3 0
v 1.1 -0.3 0
v 1.1 -0.4 0
v 1 -0.3 0.2
v 1 -0.3 0.1
v 1 -0.4 0.1
v 1 -0.4 0.2
v 1.1 -0.4 0.2
v 1.1 -0.4 0.1
v 1.1 -0.3 0.1
v 1.1 -0.3 0.2
v 1 -0.3 0.3
v 1 -0.3 0.2
v 1 -0.4 0.2
v 1 -0.4 0.3
v 1.1 -0.4 0.3
v 1.1 -0.4 0.2
v 1.1 -0.3 0.2
v 1.1 -0.3 0.3
v 1 -0.3 0.3
v 1 -0.4 0.3
v 1.1 -0.4 0.3
v 1.1 -0.3 0.3
v 1.2 -0.4 0.1
v 1.2 -0.4 0
v 1.2 -0.3 0
v 1.2 -0.3 0.1
v 1.1 -0.3 0.1
v 1.1 -0.4 0.1
v 1.2 -0.4 0.1
v 1.2 -0.3 0.1
v 1.1 -0.4 0
v 1.1 -0.3 0
v 1.2 -0.3 0
v 1.2 -0.4 0
v -1.2 -0.4 0.1
v -1.2 -0.4 0
v -1.2 -0.5 0
v -1.2 -0.5 0.1
v -1.2 -0.4 0.1
v -1.2 -0.5 0.1
v -1.1 -0.5 0.1
v -1.1 -0.4 0.1
v -1.2 -0.5 0
v -1.2 -0.4 0
v -1.1 -0.4 0
v -1.1 -0.5 0
v -1.1 -0.4 0.1
v -1.1 -0.5 0.1
v -1 -0.5 0.1
v -1 -0.4 0.1
v -1.1 -0.5 0
v -1.1 -0.4 0
v -1 -0.4 0
v -1 -0.5 0
v -1 -0.4 0.1
v -1 -0.5 0.1
v -0.9 -0.5 0.1
v -0.9 -0.4 0.1
v -1 -0.5 0
v -1 -0.4 0
v -0.9 -0.4 0
v -0.9 -0.5 0
v -0.9 -0.4 0.1
v -0.9 -0.5 0.1
v -0.8 -0.5 0.1
v -0.8 -0.4 0.1
v -0.9 -0.5 0
v -0.9 -0.4 0
v -0.8 -0.4 0
v -0.8 -0.5 0
v -0.8 -0.4 0.1
v -0.8 -0.5 0.1
v -0.7 -0.5 0.1
v -0.7 -0.4 0.1
v -0.8 -0.5 0
v -0.8 -0.4 0
v -0.7 -0.4 0
v -0.7 -0.5 0
v -0.7 -0.4 0.1
v -0.7 -0.5 0.1
v -0.6 -0.5 0.1
v -0.6 -0.4 0.1
v -0.7 -0.5 0
v -0.7 -0.4 0
v -0.6 -0.4 0
v -0.6 -0.5 0
v -0.6 -0.5 0
v -0.6 -0.4 0
v -0.5 -0.4 0
v -0.5 -0.5 0
v -0.6 -0.4 0.2
v -0.6 -0.4 0.1
v -0.6 -0.5 0.1
v -0.6 -0.5 0.2
v -0.5 -0.5 0.2
v -0.5 -0.5 0.1
v -0.5 -0.4 0.1
v -0.5 -0.4 0.2
v -0.5 -0.4 0.2
v -0.5 -0.4 0.1
v -0.6 -0.4 0.1
v -0.6 -0.4 0.2
v -0.6 -0.4 0.3
v -0.6 -0.4 0.2
v -0.6 -0.5 0.2
v -0.6 -0.5 0.3
v -0.5 -0.5 0.3
v -0.5 -0.5 0.2
v -0.5 -0.4 0.2
v -0.5 -0.4 0.3
v -0.6 -0.4 0.3
v -0.6 -0.5 0.3
v -0.5 -0.5 0.3
v -0.5 -0.4 0.3
v -0.5 -0.4 0.3
v -0.5 -0.4 0.2
v -0.6 -0.4 0.2
v -0.6 -0.4 0.3
v -0.5 -0.4 0.1
v -0.5 -0.5 0.1
v -0.4 -0.5 0.1
v -0.4 -0.4 0.1
v -0.5 -0.5 0
v -0.5 -0.4 0
v -0.4 -0.4 0
v -0.4 -0.5 0
v -0.4 -0.4 0.1
v -0.4 -0.5 0.1
v -0.3 -0.5 0.1
v -0.3 -0.4 0.1
v -0.4 -0.5 0
v -0.4 -0.4 0
v -0.3 -0.4 0
v -0.3 -0.5 0
v -0.3 -0.4 0.1
v -0.3 -0.5 0.1
v -0.2 -0.5 0.1
v -0.2 -0.4 0.1
v -0.3 -0.5 0
v -0.3 -0.4 0
v -0.2 -0.4 0
v -0.2 -0.5 0
v -0.2 -0.4 0.1
v -0.2 -0.5 0.1
v -0.1 -0.5 0.1
v -0.1 -0.4 0.1
v -0.2 -0.5 0
v -0.2 -0.4 0
v -0.1 -0.4 0
v -0.1 -0.5 0
v -0.1 -0.4 0.1
v -0.1 -0.5 0.1
v 0 -0.5 0.1
v 0 -0.4 0.1
v -0.1 -0.5 0
v -0.1 -0.4 0
v 0 -0.4 0
v 0 -0.5 0
v 0 -0.4 0.1
v 0 -0.5 0.1
v 0.1 -0.5 0.1
v 0.1 -0.4 0.1
v 0 -0.5 0
v 0 -0.4 0
v 0.1 -0.4 0
v 0.1 -0.5 0
v 0.1 -0.4 0.1
v 0.1 -0.5 0.1
v 0.2 -0.5 0.1
v 0.2 -0.4 0.1
v 0.1 -0.5 0
v 0.1 -0.4 0
v 0.2 -0.4 0
v 0.2 -0.5 0
v 0.2 -0.4 0.1
v 0.2 -0.5 0.1
v 0.3 -0.5 0.1
v 0.3 -0.4 0.1
v 0.2 -0.5 0
v 0.2 -0.4 0
v 0.3 -0.4 0
v 0.3 -0.5 0
v 0.3 -0.4 0.1
v 0.3 -0.5 0.1
v 0.4 -0.5 0.1
v 0.4 -0.4 0.1
v 0.3 -0.5 0
v 0.3 -0.4 0
v 0.4 -0.4 0
v 0.4 -0.5 0
v 0.4 -0.4 0.1
v 0.4 -0.5 0.1
v 0.5 -0.5 0.1
v 0.5 -0.4 0.1
v 0.4 -0.5 0
v 0.4 -0.4 0
v 0.5 -0.4 0
v 0.5 -0.5 0
v 0.5 -0.4 0.1
v 0.5 -0.5 0.1
v 0.6 -0.5 0.1
v 0.6 -0.4 0.1
v 0.5 -0.5 0
v 0.5 -0.4 0
v 0.6 -0.4 0
v 0.6 -0.5 0
v 0.6 -0.4 0.1
v 0.6 -0.5 0.1
v 0.7 -0.5 0.1
v 0.7 -0.4 0.1
v 0.6 -0.5 0
v 0.6 -0.4 0
v 0.7 -0.4 0
v 0.7 -0.5 0
v 0.7 -0.4 0.1
v 0.7 -0.5 0.1
v 0.8 -0.5 0.1
v 0.8 -0.4 0.1
v 0.7 -0.5 0
v 0.7 -0.4 0
v 0.8 -0.4 0
v 0.8 -0.5 0
v 0.8 -0.4 0.1
v 0.8 -0.5 0.1
v 0.9 -0.5 0.1
v 0.9 -0.4 0.1
v 0.8 -0.5 0
v 0.8 -0.4 0
v 0.9 -0.4 0
v 0.9 -0.5 0
v 0.9 -0.4 0.1
v 0.9 -0.5 0.1
v 1 -0.5 0.1
v 1 -0.4 0.1
v 0.9 -0.5 0
v 0.9 -0.4 0
v 1 -0.4 0
v 1 -0.5 0
v 1 -0.5 0
v 1 -0.4 0
v 1.1 -0.4 0
v 1.1 -0.5 0
v 1 -0.4 0.2
v 1 -0.4 0.1
v 1 -0.5 0.1
v 1 -0.5 0.2
v 1.1 -0.5 0.2
v 1.1 -0.5 0.1
v 1.1 -0.4 0.1
v 1.1 -0.4 0.2
v 1 -0.4 0.3
v 1 -0.4 0.2
v 1 -0.5 0.2
v 1 -0.5 0.3
v 1.1 -0.5 0.3
v 1.1 -0.5 0.2
v 1.1 -0.4 0.2
v 1.1 -0.4 0.3
v 1 -0.4 0.3
v 1 -0.5 0.3
v 1.1 -0.5 0.3
v 1.1 -0.4 0.3
v 1.2 -0.5 0.1
v 1.2 -0.5 0
v 1.2 -0.4 0
v 1.2 -0.4 0.1
v 1.1 -0.4 0.1
v 1.1 -0.5 0.1
v 1.2 -0.5 0.1
v 1.2 -0.4 0.1
v 1.1 -0.5 0
v 1.1 -0.4 0
v 1.2 -0.4 0
v 1.2 -0.5 0
v -1.2 -0.5 0.1
v -1.2 -0.5 0
v -1.2 -0.6 0
v -1.2 -0.6 0.1
v -1.2 -0.6 0
v -1.2 -0.5 0
v -1.1 -0.5 0
v -1.1 -0.6 0
v -1.2 -0.5 0.2
v -1.2 -0.5 0.1
v -1.2 -0.6 0.1
v -1.2 -0.6 0.2
v -1.2 -0.6 0.2
v -1.2 -0.6 0.1
v -1.1 -0.6 0.1
v -1.1 -0.6 0.2
v -1.1 -0.5 0.2
v -1.1 -0.5 0.1
v -1.2 -0.5 0.1
v -1.2 -0.5 0.2
v -1.2 -0.5 0.3
v -1.2 -0.5 0.2
v -1.2 -0.6 0.2
v -1.2 -0.6 0.3
v -1.2 -0.5 0.3
v -1.2 -0.6 0.3
v -1.1 -0.6 0.3
v -1.1 -0.5 0.3
v -1.2 -0.6 0.3
v -1.2 -0.6 0.2
v -1.1 -0.6 0.2
v -1.1 -0.6 0.3
v -1.1 -0.5 0.3
v -1.1 -0.5 0.2
v -1.2 -0.5 0.2
v -1.2 -0.5 0.3
v -1.1 -0.6 0
v -1.1 -0.5 0
v -1 -0.5 0
v -1 -0.6 0
v -1 -0.6 0.2
v -1 -0.6 0.1
v -1 -0.5 0.1
v -1 -0.5 0.2
v -1.1 -0.6 0.2
v -1.1 -0.6 0.1
v -1 -0.6 0.1
v -1 -0.6 0.2
v -1 -0.5 0.2
v -1 -0.5 0.1
v -1.1 -0.5 0.1
v -1.1 -0.5 0.2
v -1 -0.6 0.3
v -1 -0.6 0.2
v -1 -0.5 0.2
v -1 -0.5 0.3
v -1.1 -0.5 0.3
v -1.1 -0.6 0.3
v -1 -0.6 0.3
v -1 -0.5 0.3
v -1.1 -0.6 0.3
v -1.1 -0.6 0.2
v -1 -0.6 0.2
v -1 -0.6 0.3
v -1 -0.5 0.3
v -1 -0.5 0.2
v -1.1 -0.5 0.2
v -1.1 -0.5 0.3
v -1 -0.5 0.1
v -1 -0.6 0.1
v -0.9 -0.6 0.1
v -0.9 -0.5 0.1
v -1 -0.6 0
v -1 -0.5 0
v -0.9 -0.5 0
v -0.9 -0.6 0
v -0.9 -0.5 0.1
v -0.9 -0.6 0.1
v -0.8 -0.6 0.1
v -0.8 -0.5 0.1
v -0.9 -0.6 0
v -0.9 -0.5 0
v -0.8 -0.5 0
v -0.8 -0.6 0
v -0.8 -0.6 0
v -0.8 -0.5 0
v -0.7 -0.5 0
v -0.7 -0.6 0
v -0.8 -0.5 0.2
v -0.8 -0.5 0.1
v -0.8 -0.6 0.1
v -0.8 -0.6 0.2
v -0.7 -0.6 0.2
v -0.7 -0.6 0.1
v -0.7 -0.5 0.1
v -0.7 -0.5 0.2
v -0.8 -0.6 0.2
v -0.8 -0.6 0.1
v -0.7 -0.6 0.1
v -0.7 -0.6 0.2
v -0.7 -0.5 0.2
v -0.7 -0.5 0.1
v -0.8 -0.5 0.1
v -0.8 -0.5 0.2
v -0.8 -0.5 0.3
v -0.8 -0.5 0.2
v -0.8 -0.6 0.2
v -0.8 -0.6 0.3
v -0.7 -0.6 0.3
v -0.7 -0.6 0.2
v -0.7 -0.5 0.2
v -0.7 -0.5 0.3
v -0.8 -0.5 0.3
v -0.8 -0.6 0.3
v -0.7 -0.6 0.3
v -0.7 -0.5 0.3
v -0.8 -0.6 0.3
v -0.8 -0.6 0.2
v -0.7 -0.6 0.2
v -0.7 -0.6 0.3
v -0.7 -0.5 0.3
v -0.7 -0.5 0.2
v -0.8 -0.5 0.2
v -0.8 -0.5 0.3
v -0.7 -0.5 0.1
v -0.7 -0.6 0.1
v -0.6 -0.6 0.1
v -0.6 -0.5 0.1
v -0.7 -0.6 0
v -0.7 -0.5 0
v -0.6 -0.5 0
v -0.6 -0.6 0
v -0.6 -0.6 0
v -0.6 -0.5 0
v -0.5 -0.5 0
v -0.5 -0.6 0
v -0.6 -0.5 0.2
v -0.6 -0.5 0.1
v -0.6 -0.6 0.1
v -0.6 -0.6 0.2
v -0.5 -0.6 0.2
v -0.5 -0.6 0.1
v -0.5 -0.5 0.1
v -0.5 -0.5 0.2
v -0.6 -0.6 0.2
v -0.6 -0.6 0.1
v -0.5 -0.6 0.1
v -0.5 -0.6 0.2
v -0.6 -0.5 0.3
v -0.6 -0.5 0.2
v -0.6 -0.6 0.2
v -0.6 -0.6 0.3
v -0.5 -0.6 0.3
v -0.5 -0.6 0.2
v -0.5 -0.5 0.2
v -0.5 -0.5 0.3
v -0.6 -0.5 0.3
v -0.6 -0.6 0.3
v -0.5 -0.6 0.3
v -0.5 -0.5 0.3
v -0.6 -0.6 0.3
v -0.6 -0.6 0.2
v -0.5 -0.6 0.2
v -0.5 -0.6 0.3
v -0.5 -0.5 0.1
v -0.5 -0.6 0.1
v -0.4 -0.6 0.1
v -0.4 -0.5 0.1
v -0.5 -0.6 0
v -0.5 -0.5 0
v -0.4 -0.5 0
v -0.4 -0.6 0
v -0.4 -0.5 0.1
v -0.4 -0.6 0.1
v -0.3 -0.6 0.1
v -0.3 -0.5 0.1
v -0.4 -0.6 0
v -0.4 -0.5 0
v -0.3 -0.5 0
v -0.3 -0.6 0
v -0.3 -0.6 0
v -0.3 -0.5 0
v -0.2 -0.5 0
v -0.2 -0.6 0
v -0.3 -0.5 0.2
v -0.3 -0.5 0.1
v -0.3 -0.6 0.1
v -0.3 -0.6 0.2
v -0.2 -0.6 0.2
v -0.2 -0.6 0.1
v -0.2 -0.5 0.1
v -0.2 -0.5 0.2
v -0.2 -0.5 0.2
v -0.2 -0.5 0.1
v -0.3 -0.5 0.1
v -0.3 -0.5 0.2
v -0.3 -0.5 0.3
v -0.3 -0.5 0.2
v -0.3 -0.6 0.2
v -0.3 -0.6 0.3
v -0.2 -0.6 0.3
v -0.2 -0.6 0.2
v -0.2 -0.5 0.2
v -0.2 -0.5 0.3
v -0.3 -0.5 0.3
v -0.3 -0.6 0.3
v -0.2 -0.6 0.3
v -0.2 -0.5 0.3
v -0.2 -0.5 0.3
v -0.2 -0.5 0.2
v -0.3 -0.5 0.2
v -0.3 -0.5 0.3
v -0.2 -0.5 0.1
v -0.2 -0.6 0.1
v -0.1 -0.6 0.1
v -0.1 -0.5 0.1
v -0.2 -0.6 0
v -0.2 -0.5 0
v -0.1 -0.5 0
v -0.1 -0.6 0
v -0.1 -0.5 0.1
v -0.1 -0.6 0.1
v 0 -0.6 0.1
v 0 -0.5 0.1
v -0.1 -0.6 0
v -0.1 -0.5 0
v 0 -0.5 0
v 0 -0.6 0
v 0 -0.5 0.1
v 0 -0.6 0.1
v 0.1 -0.6 0.1
v 0.1 -0.5 0.1
v 0 -0.6 0
v 0 -0.5 0
v 0.1 -0.5 0
v 0.1 -0.6 0
v 0.1 -0.5 0.1
v 0.1 -0.6 0.1
v 0.2 -0.6 0.1
v 0.2 -0.5 0.1
v 0.1 -0.6 0
v 0.1 -0.5 0
v 0.2 -0.5 0
v 0.2 -0.6 0
v 0.2 -0.5 0.1
v 0.2 -0.6 0.1
v 0.3 -0.6 0.1
v 0.3 -0.5 0.1
v 0.2 -0.6 0
v 0.2 -0.5 0
v 0.3 -0.5 0
v 0.3 -0.6 0
v 0.3 -0.5 0.1
v 0.3 -0.6 0.1
v 0.4 -0.6 0.1
v 0.4 -0.5 0.1
v 0.3 -0.6 0
v 0.3 -0.5 0
v 0.4 -0.5 0
v 0.4 -0.6 0
v 0.4 -0.5 0.1
v 0.4 -0.6 0.1
v 0.5 -0.6 0.1
v 0.5 -0.5 0.1
v 0.4 -0.6 0
v 0.4 -0.5 0
v 0.5 -0.5 0
v 0.5 -0.6 0
v 0.5 -0.5 0.1
v 0.5 -0.6 0.1
v 0.6 -0.6 0.1
v 0.6 -0.5 0.1
v 0.5 -0.6 0
v 0.5 -0.5 0
v 0.6 -0.5 0
v 0.6 -0.6 0
v 0.6 -0.5 0.1
v 0.6 -0.6 0.1
v 0.7 -0.6 0.1
v 0.7 -0.5 0.1
v 0.6 -0.6 0
v 0.6 -0.5 0
v 0.7 -0.5 0
v 0.7 -0.6 0
v 0.7 -0.5 0.1
v 0.7 -0.6 0.1
v 0.8 -0.6 0.1
v 0.8 -0.5 0.1
v 0.7 -0.6 0
v 0.7 -0.5 0
v 0.8 -0.5 0
v 0.8 -0.6 0
v 0.8 -0.5 0.1
v 0.8 -0.6 0.1
v 0.9 -0.6 0.1
v 0.9 -0.5 0.1
v 0.8 -0.6 0
v 0.8 -0.5 0
v 0.9 -0.5 0
v 0.9 -0.6 0
v 0.9 -0.6 0
v 0.9 -0.5 0
v 1 -0.5 0
v 1 -0.6 0
v 0.9 -0.5 0.2
v 0.9 -0.5 0.1
v 0.9 -0.6 0.1
v 0.9 -0.6 0.2
v 0.9 -0.6 0.2
v 0.9 -0.6 0.1
v 1 -0.6 0.1
v 1 -0.6 0.2
v 1 -0.5 0.2
v 1 -0.5 0.1
v 0.9 -0.5 0.1
v 0.9 -0.5 0.2
v 0.9 -0.5 0.3
v 0.9 -0.5 0.2
v 0.9 -0.6 0.2
v 0.9 -0.6 0.3
v 0.9 -0.5 0.3
v 0.9 -0.6 0.3
v 1 -0.6 0.3
v 1 -0.5 0.3
v 0.9 -0.6 0.3
v 0.9 -0.6 0.2
v 1 -0.6 0.2
v 1 -0.6 0.3
v 1 -0.5 0.3
v 1 -0.5 0.2
v 0.9 -0.5 0.2
v 0.9 -0.5 0.3
v 1 -0.6 0
v 1 -0.5 0
v 1.1 -0.5 0
v 1.1 -0.6 0
v 1 -0.5 0.3
v 1 -0.6 0.3
v 1.1 -0.6 0.3
v 1.1 -0.5 0.3
v 1.2 -0.6 0.1
v 1.2 -0.6 0
v 1.2 -0.5 0
v 1.2 -0.5 0.1
v 1.1 -0.6 0
v 1.1 -0.5 0
v 1.2 -0.5 0
v 1.2 -0.6 0
v 1.2 -0.6 0.2
v 1.2 -0.6 0.1
v 1.2 -0.5 0.1
v 1.2 -0.5 0.2
v 1.2 -0.5 0.2
v 1.2 -0.5 0.1
v 1.1 -0.5 0.1
v 1.1 -0.5 0.2
v 1.2 -0.6 0.3
v 1.2 -0.6 0.2
v 1.2 -0.5 0.2
v 1.2 -0.5 0.3
v 1.1 -0.5 0.3
v 1.1 -0.6 0.3
v 1.2 -0.6 0.3
v 1.2 -0.5 0.3
v 1.2 -0.5 0.3
v 1.2 -0.5 0.2
v 1.1 -0.5 0.2
v 1.1 -0.5 0.3
v -1.2 -0.6 0.1
v -1.2 -0.6 0
v -1.2 -0.7 0
v -1.2 -0.7 0.1
v -1.2 -0.6 0.1
v -1.2 -0.7 0.1
v -1.1 -0.7 0.1
v -1.1 -0.6 0.1
v -1.2 -0.7 0
v -1.2 -0.6 0
v -1.1 -0.6 0
v -1.1 -0.7 0
v -1.1 -0.6 0.1
v -1.1 -0.7 0.1
v -1 -0.7 0.1
v -1 -0.6 0.1
v -1.1 -0.7 0
v -1.1 -0.6 0
v -1 -0.6 0
v -1 -0.7 0
v -1 -0.6 0.1
v -1 -0.7 0.1
v -0.9 -0.7 0.1
v -0.9 -0.6 0.1
v -1 -0.7 0
v -1 -0.6 0
v -0.9 -0.6 0
v -0.9 -0.7 0
v -0.9 -0.6 0.1
v -0.9 -0.7 0.1
v -0.8 -0.7 0.1
v -0.8 -0.6 0.1
v -0.9 -0.7 0
v -0.9 -0.6 0
v -0.8 -0.6 0
v -0.8 -0.7 0
v -0.8 -0.6 0.1
v -0.8 -0.7 0.1
v -0.7 -0.7 0.1
v -0.7 -0.6 0.1
v -0.8 -0.7 0
v -0.8 -0.6 0
v -0.7 -0.6 0
v -0.7 -0.7 0
v -0.7 -0.6 0.1
v -0.7 -0.7 0.1
v -0.6 -0.7 0.1
v -0.6 -0.6 0.1
v -0.7 -0.7 0
v -0.7 -0.6 0
v -0.6 -0.6 0
v -0.6 -0.7 0
v -0.6 -0.6 0.1
v -0.6 -0.7 0.1
v -0.5 -0.7 0.1
v -0.5 -0.6 0.1
v -0.6 -0.7 0
v -0.6 -0.6 0
v -0.5 -0.6 0
v -0.5 -0.7 0
v -0.5 -0.6 0.1
v -0.5 -0.7 0.1
v -0.4 -0.7 0.1
v -0.4 -0.6 0.1
v -0.5 -0.7 0
v -0.5 -0.6 0
v -0.4 -0.6 0
v -0.4 -0.7 0
v -0.4 -0.6 0.1
v -0.4 -0.7 0.1
v -0.3 -0.7 0.1
v -0.3 -0.6 0.1
v -0.4 -0.7 0
v -0.4 -0.6 0
v -0.3 -0.6 0
v -0.3 -0.7 0
v -0.3 -0.7 0
v -0.3 -0.6 0
v -0.2 -0.6 0
v -0.2 -0.7 0
v -0.3 -0.6 0.2
v -0.3 -0.6 0.1
v -0.3 -0.7 0.1
v -0.3 -0.7 0.2
v -0.2 -0.7 0.2
v -0.2 -0.7 0.1
v -0.2 -0.6 0.1
v -0.2 -0.6 0.2
v -0.3 -0.6 0.3
v -0.3 -0.6 0.2
v -0.3 -0.7 0.2
v -0.3 -0.7 0.3
v -0.2 -0.7 0.3
v -0.2 -0.7 0.2
v -0.2 -0.6 0.2
v -0.2 -0.6 0.3
v -0.3 -0.6 0.3
v -0.3 -0.7 0.3
v -0.2 -0.7 0.3
v -0.2 -0.6 0.3
v -0.2 -0.6 0.1
v -0.2 -0.7 0.1
v -0.1 -0.7 0.1
v -0.1 -0.6 0.1
v -0.2 -0.7 0
v -0.2 -0.6 0
v -0.1 -0.6 0
v -0.1 -0.7 0
v -0.1 -0.6 0.1
v -0.1 -0.7 0.1
v 0 -0.7 0.1
v 0 -0.6 0.1
v -0.1 -0.7 0
v -0.1 -0.6 0
v 0 -0.6 0
v 0 -0.7 0
v 0 -0.6 0.1
v 0 -0.7 0.1
v 0.1 -0.7 0.1
v 0.1 -0.6 0.1
v 0 -0.7 0
v 0 -0.6 0
v 0.1 -0.6 0
v 0.1 -0.7 0
v 0.1 -0.6 0.1
v 0.1 -0.7 0.1
v 0.2 -0.7 0.1
v 0.2 -0.6 0.1
v 0.1 -0.7 0
v 0.1 -0.6 0
v 0.2 -0.6 0
v 0.2 -0.7 0
v 0.2 -0.6 0.1
v 0.2 -0.7 0.1
v 0.3 -0.7 0.1
v 0.3 -0.6 0.1
v 0.2 -0.7 0
v 0.2 -0.6 0
v 0.3 -0.6 0
v 0.3 -0.7 0
v 0.3 -0.6 0.1
v 0.3 -0.7 0.1
v 0.4 -0.7 0.1
v 0.4 -0.6 0.1
v 0.3 -0.7 0
v 0.3 -0.6 0
v 0.4 -0.6 0
v 0.4 -0.7 0
v 0.4 -0.6 0.1
v 0.4 -0.7 0.1
v 0.5 -0.7 0.1
v 0.5 -0.6 0.1
v 0.4 -0.7 0
v 0.4 -0.6 0
v 0.5 -0.6 0
v 0.5 -0.7 0
v 0.5 -0.6 0.1
v 0.5 -0.7 0.1
v 0.6 -0.7 0.1
v 0.6 -0.6 0.1
v 0.5 -0.7 0
v 0.5 -0.6 0
v 0.6 -0.6 0
v 0.6 -0.7 0
v 0.6 -0.6 0.1
v 0.6 -0.7 0.1
v 0.7 -0.7 0.1
v 0.7 -0.6 0.1
v 0.6 -0.7 0
v 0.6 -0.6 0
v 0.7 -0.6 0
v 0.7 -0.7 0
v 0.7 -0.6 0.1
v 0.7 -0.7 0.1
v 0.8 -0.7 0.1
v 0.8 -0.6 0.1
v 0.7 -0.7 0
v 0.7 -0.6 0
v 0.8 -0.6 0
v 0.8 -0.7 0
v 0.8 -0.6 0.1
v 0.8 -0.7 0.1
v 0.9 -0.7 0.1
v 0.9 -0.6 0.1
v 0.8 -0.7 0
v 0.8 -0.6 0
v 0.9 -0.6 0
v 0.9 -0.7 0
v 0.9 -0.6 0.1
v 0.9 -0.7 0.1
v 1 -0.7 0.1
v 1 -0.6 0.1
v 0.9 -0.7 0
v 0.9 -0.6 0
v 1 -0.6 0
v 1 -0.7 0
v 1 -0.7 0
v 1 -0.6 0
v 1.1 -0.6 0
v 1.1 -0.7 0
v 1 -0.6 0.2
v 1 -0.6 0.1
v 1 -0.7 0.1
v 1 -0.7 0.2
v 1 -0.6 0.3
v 1 -0.6 0.2
v 1 -0.7 0.2
v 1 -0.7 0.3
v 1 -0.6 0.3
v 1 -0.7 0.3
v 1.1 -0.7 0.3
v 1.1 -0.6 0.3
v 1.2 -0.7 0.1
v 1.2 -0.7 0
v 1.2 -0.6 0
v 1.2 -0.6 0.1
v 1.1 -0.7 0
v 1.1 -0.6 0
v 1.2 -0.6 0
v 1.2 -0.7 0
v 1.2 -0.7 0.2
v 1.2 -0.7 0.1
v 1.2 -0.6 0.1
v 1.2 -0.6 0.2
v 1.1 -0.7 0.2
v 1.1 -0.7 0.1
v 1.2 -0.7 0.1
v 1.2 -0.7 0.2
v 1.2 -0.7 0.3
v 1.2 -0.7 0.2
v 1.2 -0.6 0.2
v 1.2 -0.6 0.3
v 1.1 -0.6 0.3
v 1.1 -0.7 0.3
v 1.2 -0.7 0.3
v 1.2 -0.6 0.3
v 1.1 -0.7 0.3
v 1.1 -0.7 0.2
v 1.2 -0.7 0.2
v 1.2 -0.7 0.3
v -1.2 -0.7 0.1
v -1.2 -0.7 0
v -1.2 -0.8 0
v -1.2 -0.8 0.1
v -1.2 -0.7 0.1
v -1.2 -0.8 0.1
v -1.1 -0.8 0.1
v -1.1 -0.7 0.1
v -1.2 -0.8 0
v -1.2 -0.7 0
v -1.1 -0.7 0
v -1.1 -0.8 0
v -1.1 -0.7 0.1
v -1.1 -0.8 0.1
v -1 -0.8 0.1
v -1 -0.7 0.1
v -1.1 -0.8 0
v -1.1 -0.7 0
v -1 -0.7 0
v -1 -0.8 0
v -1 -0.7 0.1
v -1 -0.8 0.1
v -0.9 -0.8 0.1
v -0.9 -0.7 0.1
v -1 -0.8 0
v -1 -0.7 0
v -0.9 -0.7 0
v -0.9 -0.8 0
v -0.9 -0.7 0.1
v -0.9 -0.8 0.1
v -0.8 -0.8 0.1
v -0.8 -0.7 0.1
v -0.9 -0.8 0
v -0.9 -0.7 0
v -0.8 -0.7 0
v -0.8 -0.8 0
v -0.8 -0.7 0.1
v -0.8 -0.8 0.1
v -0.7 -0.8 0.1
v -0.7 -0.7 0.1
v -0.8 -0.8 0
v -0.8 -0.7 0
v -0.7 -0.7 0
v -0.7 -0.8 0
v -0.7 -0.8 0
v -0.7 -0.7 0
v -0.6 -0.7 0
v -0.6 -0.8 0
v -0.7 -0.7 0.2
v -0.7 -0.7 0.1
v -0.7 -0.8 0.1
v -0.7 -0.8 0.2
v -0.6 -0.8 0.2
v -0.6 -0.8 0.1
v -0.6 -0.7 0.1
v -0.6 -0.7 0.2
v -0.7 -0.8 0.2
v -0.7 -0.8 0.1
v -0.6 -0.8 0.1
v -0.6 -0.8 0.2
v -0.6 -0.7 0.2
v -0.6 -0.7 0.1
v -0.7 -0.7 0.1
v -0.7 -0.7 0.2
v -0.7 -0.7 0.3
v -0.7 -0.7 0.2
v -0.7 -0.8 0.2
v -0.7 -0.8 0.3
v -0.6 -0.8 0.3
v -0.6 -0.8 0.2
v -0.6 -0.7 0.2
v -0.6 -0.7 0.3
v -0.7 -0.7 0.3
v -0.7 -0.8 0.3
v -0.6 -0.8 0.3
v -0.6 -0.7 0.3
v -0.7 -0.8 0.3
v -0.7 -0.8 0.2
v -0.6 -0.8 0.2
v -0.6 -0.8 0.3
v -0.6 -0.7 0.3
v -0.6 -0.7 0.2
v -0.7 -0.7 0.2
v -0.7 -0.7 0.3
v -0.6 -0.7 0.1
v -0.6 -0.8 0.1
v -0.5 -0.8 0.1
v -0.5 -0.7 0.1
v -0.6 -0.8 0
v -0.6 -0.7 0
v -0.5 -0.7 0
v -0.5 -0.8 0
v -0.5 -0.8 0
v -0.5 -0.7 0
v -0.4 -0.7 0
v -0.4 -0.8 0
v -0.5 -0.7 0.2
v -0.5 -0.7 0.1
v -0.5 -0.8 0.1
v -0.5 -0.8 0.2
v -0.4 -0.8 0.2
v -0.4 -0.8 0.1
v -0.4 -0.7 0.1
v -0.4 -0.7 0.2
v -0.4 -0.7 0.2
v -0.4 -0.7 0.1
v -0.5 -0.7 0.1
v -0.5 -0.7 0.2
v -0.5 -0.7 0.3
v -0.5 -0.7 0.2
v -0.5 -0.8 0.2
v -0.5 -0.8 0.3
v -0.4 -0.8 0.3
v -0.4 -0.8 0.2
v -0.4 -0.7 0.2
v -0.4 -0.7 0.3
v -0.5 -0.7 0.3
v -0.5 -0.8 0.3
v -0.4 -0.8 0.3
v -0.4 -0.7 0.3
v -0.4 -0.7 0.3
v -0.4 -0.7 0.2
v -0.5 -0.7 0.2
v -0.5 -0.7 0.3
v -0.4 -0.7 0.1
v -0.4 -0.8 0.1
v -0.3 -0.8 0.1
v -0.3 -0.7 0.1
v -0.4 -0.8 0
v -0.4 -0.7 0
v -0.3 -0.7 0
v -0.3 -0.8 0
v -0.3 -0.8 0
v -0.3 -0.7 0
v -0.2 -0.7 0
v -0.2 -0.8 0
v -0.3 -0.7 0.2
v -0.3 -0.7 0.1
v -0.3 -0.8 0.1
v -0.3 -0.8 0.2
v -0.2 -0.8 0.2
v -0.2 -0.8 0.1
v -0.2 -0.7 0.1
v -0.2 -0.7 0.2
v -0.3 -0.8 0.2
v -0.3 -0.8 0.1
v -0.2 -0.8 0.1
v -0.2 -0.8 0.2
v -0.3 -0.7 0.3
v -0.3 -0.7 0.2
v -0.3 -0.8 0.2
v -0.3 -0.8 0.3
v -0.2 -0.8 0.3
v -0.2 -0.8 0.2
v -0.2 -0.7 0.2
v -0.2 -0.7 0.3
v -0.3 -0.7 0.3
v -0.3 -0.8 0.3
v -0.2 -0.8 0.3
v -0.2 -0.7 0.3
v -0.3 -0.8 0.3
v -0.3 -0.8 0.2
v -0.2 -0.8 0.2
v -0.2 -0.8 0.3
v -0.2 -0.7 0.1
v -0.2 -0.8 0.1
v -0.1 -0.8 0.1
v -0.1 -0.7 0.1
v -0.2 -0.8 0
v -0.2 -0.7 0
v -0.1 -0.7 0
v -0.1 -0.8 0
v -0.1 -0.7 0.1
v -0.1 -0.8 0.1
v 0 -0.8 0.1
v 0 -0.7 0.1
v -0.1 -0.8 0
v -0.1 -0.7 0
v 0 -0.7 0
v 0 -0.8 0
v 0 -0.7 0.1
v 0 -0.8 0.1
v 0.1 -0.8 0.1
v 0.1 -0.7 0.1
v 0 -0.8 0
v 0 -0.7 0
v 0.1 -0.7 0
v 0.1 -0.8 0
v 0.1 -0.7 0.1
v 0.1 -0.8 0.1
v 0.2 -0.8 0.1
v 0.2 -0.7 0.1
v 0.1 -0.8 0
v 0.1 -0.7 0
v 0.2 -0.7 0
v 0.2 -0.8 0
v 0.2 -0.7 0.1
v 0.2 -0.8 0.1
v 0.3 -0.8 0.1
v 0.3 -0.7 0.1
v 0.2 -0.8 0
v 0.2 -0.7 0
v 0.3 -0.7 0
v 0.3 -0.8 0
v 0.3 -0.7 0.1
v 0.3 -0.8 0.1
v 0.4 -0.8 0.1
v 0.4 -0.7 0.1
v 0.3 -0.8 0
v 0.3 -0.7 0
v 0.4 -0.7 0
v 0.4 -0.8 0
v 0.4 -0.7 0.1
v 0.4 -0.8 0.1
v 0.5 -0.8 0.1
v 0.5 -0.7 0.1
v 0.4 -0.8 0
v 0.4 -0.7 0
v 0.5 -0.7 0
v 0.5 -0.8 0
v 0.5 -0.7 0.1
v 0.5 -0.8 0.1
v 0.6 -0.8 0.1
v 0.6 -0.7 0.1
v 0.5 -0.8 0
v 0.5 -0.7 0
v 0.6 -0.7 0
v 0.6 -0.8 0
v 0.6 -0.7 0.1
v 0.6 -0.8 0.1
v 0.7 -0.8 0.1
v 0.7 -0.7 0.1
v 0.6 -0.8 0
v 0.6 -0.7 0
v 0.7 -0.7 0
v 0.7 -0.8 0
v 0.7 -0.7 0.1
v 0.7 -0.8 0.1
v 0.8 -0.8 0.1
v 0.8 -0.7 0.1
v 0.7 -0.8 0
v 0.7 -0.7 0
v 0.8 -0.7 0
v 0.8 -0.8 0
v 0.8 -0.7 0.1
v 0.8 -0.8 0.1
v 0.9 -0.8 0.1
v 0.9 -0.7 0.1
v 0.8 -0.8 0
v 0.8 -0.7 0
v 0.9 -0.7 0
v 0.9 -0.8 0
v 0.9 -0.7 0.1
v 0.9 -0.8 0.1
v 1 -0.8 0.1
v 1 -0.7 0.1
v 0.9 -0.8 0
v 0.9 -0.7 0
v 1 -0.7 0
v 1 -0.8 0
v 1 -0.8 0
v 1 -0.7 0
v 1.1 -0.7 0
v 1.1 -0.8 0
v 1 -0.7 0.2
v 1 -0.7 0.1
v 1 -0.8 0.1
v 1 -0.8 0.2
v 1.1 -0.8 0.2
v 1.1 -0.8 0.1
v 1.1 -0.7 0.1
v 1.1 -0.7 0.2
v 1 -0.8 0.2
v 1 -0.8 0.1
v 1.1 -0.8 0.1
v 1.1 -0.8 0.2
v 1 -0.7 0.3
v 1 -0.7 0.2
v 1 -0.8 0.2
v 1 -0.8 0.3
v 1.1 -0.8 0.3
v 1.1 -0.8 0.2
v 1.1 -0.7 0.2
v 1.1 -0.7 0.3
v 1 -0.7 0.3
v 1 -0.8 0.3
v 1.1 -0.8 0.3
v 1.1 -0.7 0.3
v 1 -0.8 0.3
v 1 -0.8 0.2
v 1.1 -0.8 0.2
v 1.1 -0.8 0.3
v 1.2 -0.8 0.1
v 1.2 -0.8 0
v 1.2 -0.7 0
v 1.2 -0.7 0.1
v 1.1 -0.7 0.1
v 1.1 -0.8 0.1
v 1.2 -0.8 0.1
v 1.2 -0.7 0.1
v 1.1 -0.8 0
v 1.1 -0.7 0
v 1.2 -0.7 0
v 1.2 -0.8 0
v -1.2 -0.8 0.1
v -1.2 -0.8 0
v -1.2 -0.9 0
v -1.2 -0.9 0.1
v -1.2 -0.8 0.1
v -1.2 -0.9 0.1
v -1.1 -0.9 0.1
v -1.1 -0.8 0.1
v -1.2 -0.9 0
v -1.2 -0.8 0
v -1.1 -0.8 0
v -1.1 -0.9 0
v -1.1 -0.8 0.1
v -1.1 -0.9 0.1
v -1 -0.9 0.1
v -1 -0.8 0.1
v -1.1 -0.9 0
v -1.1 -0.8 0
v -1 -0.8 0
v -1 -0.9 0
v -1 -0.8 0.1
v -1 -0.9 0.1
v -0.9 -0.9 0.1
v -0.9 -0.8 0.1
v -1 -0.9 0
v -1 -0.8 0
v -0.9 -0.8 0
v -0.9 -0.9 0
v -0.9 -0.8 0.1
v -0.9 -0.9 0.1
v -0.8 -0.9 0.1
v -0.8 -0.8 0.1
v -0.9 -0.9 0
v -0.9 -0.8 0
v -0.8 -0.8 0
v -0.8 -0.9 0
v -0.8 -0.8 0.1
v -0.8 -0.9 0.1
v -0.7 -0.9 0.1
v -0.7 -0.8 0.1
v -0.8 -0.9 0
v -0.8 -0.8 0
v -0.7 -0.8 0
v -0.7 -0.9 0
v -0.7 -0.8 0.1
v -0.7 -0.9 0.1
v -0.6 -0.9 0.1
v -0.6 -0.8 0.1
v -0.7 -0.9 0
v -0.7 -0.8 0
v -0.6 -0.8 0
v -0.6 -0.9 0
v -0.6 -0.8 0.1
v -0.6 -0.9 0.1
v -0.5 -0.9 0.1
v -0.5 -0.8 0.1
v -0.6 -0.9 0
v -0.6 -0.8 0
v -0.5 -0.8 0
v -0.5 -0.9 0
v -0.5 -0.9 0
v -0.5 -0.8 0
v -0.4 -0.8 0
v -0.4 -0.9 0
v -0.5 -0.8 0.2
v -0.5 -0.8 0.1
v -0.5 -0.9 0.1
v -0.5 -0.9 0.2
v -0.4 -0.9 0.2
v -0.4 -0.9 0.1
v -0.4 -0.8 0.1
v -0.4 -0.8 0.2
v -0.5 -0.9 0.2
v -0.5 -0.9 0.1
v -0.4 -0.9 0.1
v -0.4 -0.9 0.2
v -0.5 -0.8 0.3
v -0.5 -0.8 0.2
v -0.5 -0.9 0.2
v -0.5 -0.9 0.3
v -0.4 -0.9 0.3
v -0.4 -0.9 0.2
v -0.4 -0.8 0.2
v -0.4 -0.8 0.3
v -0.5 -0.8 0.3
v -0.5 -0.9 0.3
v -0.4 -0.9 0.3
v -0.4 -0.8 0.3
v -0.5 -0.9 0.3
v -0.5 -0.9 0.2
v -0.4 -0.9 0.2
v -0.4 -0.9 0.3
v -0.4 -0.8 0.1
v -0.4 -0.9 0.1
v -0.3 -0.9 0.1
v -0.3 -0.8 0.1
v -0.4 -0.9 0
v -0.4 -0.8 0
v -0.3 -0.8 0
v -0.3 -0.9 0
v -0.3 -0.8 0.1
v -0.3 -0.9 0.1
v -0.2 -0.9 0.1
v -0.2 -0.8 0.1
v -0.3 -0.9 0
v -0.3 -0.8 0
v -0.2 -0.8 0
v -0.2 -0.9 0
v -0.2 -0.9 0
v -0.2 -0.8 0
v -0.1 -0.8 0
v -0.1 -0.9 0
v -0.2 -0.8 0.2
v -0.2 -0.8 0.1
v -0.2 -0.9 0.1
v -0.2 -0.9 0.2
v -0.1 -0.9 0.2
v -0.1 -0.9 0.1
v -0.1 -0.8 0.1
v -0.1 -0.8 0.2
v -0.2 -0.9 0.2
v -0.2 -0.9 0.1
v -0.1 -0.9 0.1
v -0.1 -0.9 0.2
v -0.1 -0.8 0.2
v -0.1 -0.8 0.1
v -0.2 -0.8 0.1
v -0.2 -0.8 0.2
v -0.2 -0.8 0.3
v -0.2 -0.8 0.2
v -0.2 -0.9 0.2
v -0.2 -0.9 0.3
v -0.1 -0.9 0.3
v -0.1 -0.9 0.2
v -0.1 -0.8 0.2
v -0.1 -0.8 0.3
v -0.2 -0.8 0.3
v -0.2 -0.9 0.3
v -0.1 -0.9 0.3
v -0.1 -0.8 0.3
v -0.2 -0.9 0.3
v -0.2 -0.9 0.2
v -0.1 -0.9 0.2
v -0.1 -0.9 0.3
v -0.1 -0.8 0.3
v -0.1 -0.8 0.2
v -0.2 -0.8 0.2
v -0.2 -0.8 0.3
v -0.1 -0.8 0.1
v -0.1 -0.9 0.1
v 0 -0.9 0.1
v 0 -0.8 0.1
v -0.1 -0.9 0
v -0.1 -0.8 0
v 0 -0.8 0
v 0 -0.9 0
v 0 -0.8 0.1
v 0 -0.9 0.1
v 0.1 -0.9 0.1
v 0.1 -0.8 0.1
v 0 -0.9 0
v 0 -0.8 0
v 0.1 -0.8 0
v 0.1 -0.9 0
v 0.1 -0.8 0.1
v 0.1 -0.9 0.1
v 0.2 -0.9 0.1
v 0.2 -0.8 0.1
v 0.1 -0.9 0
v 0.1 -0.8 0
v 0.2 -0.8 0
v 0.2 -0.9 0
v 0.2 -0.8 0.1
v 0.2 -0.9 0.1
v 0.3 -0.9 0.1
v 0.3 -0.8 0.1
v 0.2 -0.9 0
v 0.2 -0.8 0
v 0.3 -0.8 0
v 0.3 -0.9 0
v 0.3 -0.8 0.1
v 0.3 -0.9 0.1
v 0.4 -0.9 0.1
v 0.4 -0.8 0.1
v 0.3 -0.9 0
v 0.3 -0.8 0
v 0.4 -0.8 0
v 0.4 -0.9 0
v 0.4 -0.8 0.1
v 0.4 -0.9 0.1
v 0.5 -0.9 0.1
v 0.5 -0.8 0.1
v 0.4 -0.9 0
v 0.4 -0.8 0
v 0.5 -0.8 0
v 0.5 -0.9 0
v 0.5 -0.8 0.1
v 0.5 -0.9 0.1
v 0.6 -0.9 0.1
v 0.6 -0.8 0.1
v 0.5 -0.9 0
v 0.5 -0.8 0
v 0.6 -0.8 0
v 0.6 -0.9 0
v 0.6 -0.8 0.1
v 0.6 -0.9 0.1
v 0.7 -0.9 0.1
v 0.7 -0.8 0.1
v 0.6 -0.9 0
v 0.6 -0.8 0
v 0.7 -0.8 0
v 0.7 -0.9 0
v 0.7 -0.8 0.1
v 0.7 -0.9 0.1
v 0.8 -0.9 0.1
v 0.8 -0.8 0.1
v 0.7 -0.9 0
v 0.7 -0.8 0
v 0.8 -0.8 0
v 0.8 -0.9 0
v 0.8 -0.8 0.1
v 0.8 -0.9 0.1
v 0.9 -0.9 0.1
v 0.9 -0.8 0.1
v 0.8 -0.9 0
v 0.8 -0.8 0
v 0.9 -0.8 0
v 0.9 -0.9 0
v 0.9 -0.8 0.1
v 0.9 -0.9 0.1
v 1 -0.9 0.1
v 1 -0.8 0.1
v 0.9 -0.9 0
v 0.9 -0.8 0
v 1 -0.8 0
v 1 -0.9 0
v 1 -0.8 0.1
v 1 -0.9 0.1
v 1.1 -0.9 0.1
v 1.1 -0.8 0.1
v 1 -0.9 0
v 1 -0.8 0
v 1.1 -0.8 0
v 1.1 -0.9 0
v 1.2 -0.9 0.1
v 1.2 -0.9 0
v 1.2 -0.8 0
v 1.2 -0.8 0.1
v 1.1 -0.9 0
v 1.1 -0.8 0
v 1.2 -0.8 0
v 1.2 -0.9 0
v 1.1 -0.8 0.2
v 1.1 -0.8 0.1
v 1.1 -0.9 0.1
v 1.1 -0.9 0.2
v 1.2 -0.9 0.2
v 1.2 -0.9 0.1
v 1.2 -0.8 0.1
v 1.2 -0.8 0.2
v 1.2 -0.8 0.2
v 1.2 -0.8 0.1
v 1.1 -0.8 0.1
v 1.1 -0.8 0.2
v 1.1 -0.8 0.3
v 1.1 -0.8 0.2
v 1.1 -0.9 0.2
v 1.1 -0.9 0.3
v 1.2 -0.9 0.3
v 1.2 -0.9 0.2
v 1.2 -0.8 0.2
v 1.2 -0.8 0.3
v 1.1 -0.8 0.3
v 1.1 -0.9 0.3
v 1.2 -0.9 0.3
v 1.2 -0.8 0.3
v 1.2 -0.8 0.3
v 1.2 -0.8 0.2
v 1.1 -0.8 0.2
v 1.1 -0.8 0.3
v -1.2 -0.9 0.1
v -1.2 -0.9 0
v -1.2 -1 0
v -1.2 -1 0.1
v -1.2 -0.9 0.1
v -1.2 -1 0.1
v -1.1 -1 0.1
v -1.1 -0.9 0.1
v -1.2 -1 0
v -1.2 -0.9 0
v -1.1 -0.9 0
v -1.1 -1 0
v -1.1 -0.9 0.1
v -1.1 -1 0.1
v -1 -1 0.1
v -1 -0.9 0.1
v -1.1 -1 0
v -1.1 -0.9 0
v -1 -0.9 0
v -1 -1 0
v -1 -0.9 0.1
v -1 -1 0.1
v -0.9 -1 0.1
v -0.9 -0.9 0.1
v -1 -1 0
v -1 -0.9 0
v -0.9 -0.9 0
v -0.9 -1 0
v -0.9 -1 0
v -0.9 -0.9 0
v -0.8 -0.9 0
v -0.8 -1 0
v -0.9 -0.9 0.2
v -0.9 -0.9 0.1
v -0.9 -1 0.1
v -0.9 -1 0.2
v -0.9 -1 0.2
v -0.9 -1 0.1
v -0.8 -1 0.1
v -0.8 -1 0.2
v -0.8 -0.9 0.2
v -0.8 -0.9 0.1
v -0.9 -0.9 0.1
v -0.9 -0.9 0.2
v -0.9 -0.9 0.3
v -0.9 -0.9 0.2
v -0.9 -1 0.2
v -0.9 -1 0.3
v -0.9 -0.9 0.3
v -0.9 -1 0.3
v -0.8 -1 0.3
v -0.8 -0.9 0.3
v -0.9 -1 0.3
v -0.9 -1 0.2
v -0.8 -1 0.2
v -0.8 -1 0.3
v -0.8 -0.9 0.3
v -0.8 -0.9 0.2
v -0.9 -0.9 0.2
v -0.9 -0.9 0.3
v -0.8 -1 0
v -0.8 -0.9 0
v -0.7 -0.9 0
v -0.7 -1 0
v -0.7 -1 0.2
v -0.7 -1 0.1
v -0.7 -0.9 0.1
v -0.7 -0.9 0.2
v -0.7 -0.9 0.2
v -0.7 -0.9 0.1
v -0.8 -0.9 0.1
v -0.8 -0.9 0.2
v -0.7 -1 0.3
v -0.7 -1 0.2
v -0.7 -0.9 0.2
v -0.7 -0.9 0.3
v -0.8 -0.9 0.3
v -0.8 -1 0.3
v -0.7 -1 0.3
v -0.7 -0.9 0.3
v -0.7 -0.9 0.3
v -0.7 -0.9 0.2
v -0.8 -0.9 0.2
v -0.8 -0.9 0.3
v -0.7 -0.9 0.1
v -0.7 -1 0.1
v -0.6 -1 0.1
v -0.6 -0.9 0.1
v -0.7 -1 0
v -0.7 -0.9 0
v -0.6 -0.9 0
v -0.6 -1 0
v -0.6 -0.9 0.1
v -0.6 -1 0.1
v -0.5 -1 0.1
v -0.5 -0.9 0.1
v -0.6 -1 0
v -0.6 -0.9 0
v -0.5 -0.9 0
v -0.5 -1 0
v -0.5 -0.9 0.1
v -0.5 -1 0.1
v -0.4 -1 0.1
v -0.4 -0.9 0.1
v -0.5 -1 0
v -0.5 -0.9 0
v -0.4 -0.9 0
v -0.4 -1 0
v -0.4 -0.9 0.1
v -0.4 -1 0.1
v -0.3 -1 0.1
v -0.3 -0.9 0.1
v -0.4 -1 0
v -0.4 -0.9 0
v -0.3 -0.9 0
v -0.3 -1 0
v -0.3 -1 0
v -0.3 -0.9 0
v -0.2 -0.9 0
v -0.2 -1 0
v -0.3 -0.9 0.2
v -0.3 -0.9 0.1
v -0.3 -1 0.1
v -0.3 -1 0.2
v -0.2 -1 0.2
v -0.2 -1 0.1
v -0.2 -0.9 0.1
v -0.2 -0.9 0.2
v -0.2 -0.9 0.2
v -0.2 -0.9 0.1
v -0.3 -0.9 0.1
v -0.3 -0.9 0.2
v -0.3 -0.9 0.3
v -0.3 -0.9 0.2
v -0.3 -1 0.2
v -0.3 -1 0.3
v -0.2 -1 0.3
v -0.2 -1 0.2
v -0.2 -0.9 0.2
v -0.2 -0.9 0.3
v -0.3 -0.9 0.3
v -0.3 -1 0.3
v -0.2 -1 0.3
v -0.2 -0.9 0.3
v -0.2 -0.9 0.3
v -0.2 -0.9 0.2
v -0.3 -0.9 0.2
v -0.3 -0.9 0.3
v -0.2 -0.9 0.1
v -0.2 -1 0.1
v -0.1 -1 0.1
v -0.1 -0.9 0.1
v -0.2 -1 0
v -0.2 -0.9 0
v -0.1 -0.9 0
v -0.1 -1 0
v -0.1 -0.9 0.1
v -0.1 -1 0.1
v 0 -1 0.1
v 0 -0.9 0.1
v -0.1 -1 0
v -0.1 -0.9 0
v 0 -0.9 0
v 0 -1 0
v 0 -0.9 0.1
v 0 -1 0.1
v 0.1 -1 0.1
v 0.1 -0.9 0.1
v 0 -1 0
v 0 -0.9 0
v 0.1 -0.9 0
v 0.1 -1 0
v 0.1 -0.9 0.1
v 0.1 -1 0.1
v 0.2 -1 0.1
v 0.2 -0.9 0.1
v 0.1 -1 0
v 0.1 -0.9 0
v 0.2 -0.9 0
v 0.2 -1 0
v 0.2 -0.9 0.1
v 0.2 -1 0.1
v 0.3 -1 0.1
v 0.3 -0.9 0.1
v 0.2 -1 0
v 0.2 -0.9 0
v 0.3 -0.9 0
v 0.3 -1 0
v 0.3 -0.9 0.1
v 0.3 -1 0.1
v 0.4 -1 0.1
v 0.4 -0.9 0.1
v 0.3 -1 0
v 0.3 -0.9 0
v 0.4 -0.9 0
v 0.4 -1 0
v 0.4 -0.9 0.1
v 0.4 -1 0.1
v 0.5 -1 0.1
v 0.5 -0.9 0.1
v 0.4 -1 0
v 0.4 -0.9 0
v 0.5 -0.9 0
v 0.5 -1 0
v 0.5 -0.9 0.1
v 0.5 -1 0.1
v 0.6 -1 0.1
v 0.6 -0.9 0.1
v 0.5 -1 0
v 0.5 -0.9 0
v 0.6 -0.9 0
v 0.6 -1 0
v 0.6 -0.9 0.1
v 0.6 -1 0.1
v 0.7 -1 0.1
v 0.7 -0.9 0.1
v 0.6 -1 0
v 0.6 -0.9 0
v 0.7 -0.9 0
v 0.7 -1 0
v 0.7 -0.9 0.1
v 0.7 -1 0.1
v 0.8 -1 0.1
v 0.8 -0.9 0.1
v 0.7 -1 0
v 0.7 -0.9 0
v 0.8 -0.9 0
v 0.8 -1 0
v 0.8 -0.9 0.1
v 0.8 -1 0.1
v 0.9 -1 0.1
v 0.9 -0.9 0.1
v 0.8 -1 0
v 0.8 -0.9 0
v 0.9 -0.9 0
v 0.9 -1 0
v 0.9 -0.9 0.1
v 0.9 -1 0.1
v 1 -1 0.1
v 1 -0.9 0.1
v 0.9 -1 0
v 0.9 -0.9 0
v 1 -0.9 0
v 1 -1 0
v 1 -0.9 0.1
v 1 -1 0.1
v 1.1 -1 0.1
v 1.1 -0.9 0.1
v 1 -1 0
v 1 -0.9 0
v 1.1 -0.9 0
v 1.1 -1 0
v 1.2 -1 0.1
v 1.2 -1 0
v 1.2 -0.9 0
v 1.2 -0.9 0.1
v 1.1 -1 0
v 1.1 -0.9 0
v 1.2 -0.9 0
v 1.2 -1 0
v 1.1 -0.9 0.2
v 1.1 -0.9 0.1
v 1.1 -1 0.1
v 1.1 -1 0.2
v 1.2 -1 0.2
v 1.2 -1 0.1
v 1.2 -0.9 0.1
v 1.2 -0.9 0.2
v 1.1 -0.9 0.3
v 1.1 -0.9 0.2
v 1.1 -1 0.2
v 1.1 -1 0.3
v 1.2 -1 0.3
v 1.2 -1 0.2
v 1.2 -0.9 0.2
v 1.2 -0.9 0.3
v 1.1 -0.9 0.3
v 1.1 -1 0.3
v 1.2 -1 0.3
v 1.2 -0.9 0.3
v -1.2 -1 0.1
v -1.2 -1 0
v -1.2 -1.1 0
v -1.2 -1.1 0.1
v -1.2 -1 0.1
v -1.2 -1.1 0.1
v -1.1 -1.1 0.1
v -1.1 -1 0.1
v -1.2 -1.1 0
v -1.2 -1 0
v -1.1 -1 0
v -1.1 -1.1 0
v -1.1 -1.1 0
v -1.1 -1 0
v -1 -1 0
v -1 -1.1 0
v -1.1 -1 0.2
v -1.1 -1 0.1
v -1.1 -1.1 0.1
v -1.1 -1.1 0.2
v -1 -1.1 0.2
v -1 -1.1 0.1
v -1 -1 0.1
v -1 -1 0.2
v -1.1 -1.1 0.2
v -1.1 -1.1 0.1
v -1 -1.1 0.1
v -1 -1.1 0.2
v -1 -1 0.2
v -1 -1 0.1
v -1.1 -1 0.1
v -1.1 -1 0.2
v -1.1 -1 0.3
v -1.1 -1 0.2
v -1.1 -1.1 0.2
v -1.1 -1.1 0.3
v -1 -1.1 0.3
v -1 -1.1 0.2
v -1 -1 0.2
v -1 -1 0.3
v -1.1 -1 0.3
v -1.1 -1.1 0.3
v -1 -1.1 0.3
v -1 -1 0.3
v -1.1 -1.1 0.3
v -1.1 -1.1 0.2
v -1 -1.1 0.2
v -1 -1.1 0.3
v -1 -1 0.3
v -1 -1 0.2
v -1.1 -1 0.2
v -1.1 -1 0.3
v -1 -1 0.1
v -1 -1.1 0.1
v -0.9 -1.1 0.1
v -0.9 -1 0.1
v -1 -1.1 0
v -1 -1 0
v -0.9 -1 0
v -0.9 -1.1 0
v -0.9 -1 0.1
v -0.9 -1.1 0.1
v -0.8 -1.1 0.1
v -0.8 -1 0.1
v -0.9 -1.1 0
v -0.9 -1 0
v -0.8 -1 0
v -0.8 -1.1 0
v -0.8 -1.1 0
v -0.8 -1 0
v -0.7 -1 0
v -0.7 -1.1 0
v -0.8 -1 0.2
v -0.8 -1 0.1
v -0.8 -1.1 0.1
v -0.8 -1.1 0.2
v -0.7 -1.1 0.2
v -0.7 -1.1 0.1
v -0.7 -1 0.1
v -0.7 -1 0.2
v -0.8 -1.1 0.2
v -0.8 -1.1 0.1
v -0.7 -1.1 0.1
v -0.7 -1.1 0.2
v -0.8 -1 0.3
v -0.8 -1 0.2
v -0.8 -1.1 0.2
v -0.8 -1.1 0.3
v -0.7 -1.1 0.3
v -0.7 -1.1 0.2
v -0.7 -1 0.2
v -0.7 -1 0.3
v -0.8 -1 0.3
v -0.8 -1.1 0.3
v -0.7 -1.1 0.3
v -0.7 -1 0.3
v -0.8 -1.1 0.3
v -0.8 -1.1 0.2
v -0.7 -1.1 0.2
v -0.7 -1.1 0.3
v -0.7 -1 0.1
v -0.7 -1.1 0.1
v -0.6 -1.1 0.1
v -0.6 -1 0.1
v -0.7 -1.1 0
v -0.7 -1 0
v -0.6 -1 0
v -0.6 -1.1 0
v -0.6 -1 0.1
v -0.6 -1.1 0.1
v -0.5 -1.1 0.1
v -0.5 -1 0.1
v -0.6 -1.1 0
v -0.6 -1 0
v -0.5 -1 0
v -0.5 -1.1 0
v -0.5 -1.1 0
v -0.5 -1 0
v -0.4 -1 0
v -0.4 -1.1 0
v -0.5 -1 0.2
v -0.5 -1 0.1
v -0.5 -1.1 0.1
v -0.5 -1.1 0.2
v -0.4 -1.1 0.2
v -0.4 -1.1 0.1
v -0.4 -1 0.1
v -0.4 -1 0.2
v -0.5 -1.1 0.2
v -0.5 -1.1 0.1
v -0.4 -1.1 0.1
v -0.4 -1.1 0.2
v -0.4 -1 0.2
v -0.4 -1 0.1
v -0.5 -1 0.1
v -0.5 -1 0.2
v -0.5 -1 0.3
v -0.5 -1 0.2
v -0.5 -1.1 0.2
v -0.5 -1.1 0.3
v -0.4 -1.1 0.3
v -0.4 -1.1 0.2
v -0.4 -1 0.2
v -0.4 -1 0.3
v -0.5 -1 0.3
v -0.5 -1.1 0.3
v -0.4 -1.1 0.3
v -0.4 -1 0.3
v -0.5 -1.1 0.3
v -0.5 -1.1 0.2
v -0.4 -1.1 0.2
v -0.4 -1.1 0.3
v -0.4 -1 0.3
v -0.4 -1 0.2
v -0.5 -1 0.2
v -0.5 -1 0.3
v -0.4 -1 0.1
v -0.4 -1.1 0.1
v -0.3 -1.1 0.1
v -0.3 -1 0.1
v -0.4 -1.1 0
v -0.4 -1 0
v -0.3 -1 0
v -0.3 -1.1 0
v -0.3 -1.1 0
v -0.3 -1 0
v -0.2 -1 0
v -0.2 -1.1 0
v -0.3 -1 0.2
v -0.3 -1 0.1
v -0.3 -1.1 0.1
v -0.3 -1.1 0.2
v -0.2 -1.1 0.2
v -0.2 -1.1 0.1
v -0.2 -1 0.1
v -0.2 -1 0.2
v -0.3 -1 0.3
v -0.3 -1 0.2
v -0.3 -1.1 0.2
v -0.3 -1.1 0.3
v -0.2 -1.1 0.3
v -0.2 -1.1 0.2
v -0.2 -1 0.2
v -0.2 -1 0.3
v -0.3 -1 0.3
v -0.3 -1.1 0.3
v -0.2 -1.1 0.3
v -0.2 -1 0.3
v -0.2 -1 0.1
v -0.2 -1.1 0.1
v -0.1 -1.1 0.1
v -0.1 -1 0.1
v -0.2 -1.1 0
v -0.2 -1 0
v -0.1 -1 0
v -0.1 -1.1 0
v -0.1 -1 0.1
v -0.1 -1.1 0.1
v 0 -1.1 0.1
v 0 -1 0.1
v -0.1 -1.1 0
v -0.1 -1 0
v 0 -1 0
v 0 -1.1 0
v 0 -1 0.1
v 0 -1.1 0.1
v 0.1 -1.1 0.1
v 0.1 -1 0.1
v 0 -1.1 0
v 0 -1 0
v 0.1 -1 0
v 0.1 -1.1 0
v 0.1 -1 0.1
v 0.1 -1.1 0.1
v 0.2 -1.1 0.1
v 0.2 -1 0.1
v 0.1 -1.1 0
v 0.1 -1 0
v 0.2 -1 0
v 0.2 -1.1 0
v 0.2 -1 0.1
v 0.2 -1.1 0.1
v 0.3 -1.1 0.1
v 0.3 -1 0.1
v 0.2 -1.1 0
v 0.2 -1 0
v 0.3 -1 0
v 0.3 -1.1 0
v 0.3 -1 0.1
v 0.3 -1.1 0.1
v 0.4 -1.1 0.1
v 0.4 -1 0.1
v 0.3 -1.1 0
v 0.3 -1 0
v 0.4 -1 0
v 0.4 -1.1 0
v 0.4 -1 0.1
v 0.4 -1.1 0.1
v 0.5 -1.1 0.1
v 0.5 -1 0.1
v 0.4 -1.1 0
v 0.4 -1 0
v 0.5 -1 0
v 0.5 -1.1 0
v 0.5 -1 0.1
v 0.5 -1.1 0.1
v 0.6 -1.1 0.1
v 0.6 -1 0.1
v 0.5 -1.1 0
v 0.5 -1 0
v 0.6 -1 0
v 0.6 -1.1 0
v 0.6 -1 0.1
v 0.6 -1.1 0.1
v 0.7 -1.1 0.1
v 0.7 -1 0.1
v 0.6 -1.1 0
v 0.6 -1 0
v 0.7 -1 0
v 0.7 -1.1 0
v 0.7 -1 0.1
v 0.7 -1.1 0.1
v 0.8 -1.1 0.1
v 0.8 -1 0.1
v 0.7 -1.1 0
v 0.7 -1 0
v 0.8 -1 0
v 0.8 -1.1 0
v 0.8 -1 0.1
v 0.8 -1.1 0.1
v 0.9 -1.1 0.1
v 0.9 -1 0.1
v 0.8 -1.1 0
v 0.8 -1 0
v 0.9 -1 0
v 0.9 -1.1 0
v 0.9 -1.1 0
v 0.9 -1 0
v 1 -1 0
v 1 -1.1 0
v 0.9 -1 0.2
v 0.9 -1 0.1
v 0.9 -1.1 0.1
v 0.9 -1.1 0.2
v 1 -1.1 0.2
v 1 -1.1 0.1
v 1 -1 0.1
v 1 -1 0.2
v 1 -1 0.2
v 1 -1 0.1
v 0.9 -1 0.1
v 0.9 -1 0.2
v 0.9 -1 0.3
v 0.9 -1 0.2
v 0.9 -1.1 0.2
v 0.9 -1.1 0.3
v 1 -1.1 0.3
v 1 -1.1 0.2
v 1 -1 0.2
v 1 -1 0.3
v 0.9 -1 0.3
v 0.9 -1.1 0.3
v 1 -1.1 0.3
v 1 -1 0.3
v 1 -1 0.3
v 1 -1 0.2
v 0.9 -1 0.2
v 0.9 -1 0.3
v 1 -1 0.1
v 1 -1.1 0.1
v 1.1 -1.1 0.1
v 1.1 -1 0.1
v 1 -1.1 0
v 1 -1 0
v 1.1 -1 0
v 1.1 -1.1 0
v 1.2 -1.1 0.1
v 1.2 -1.1 0
v 1.2 -1 0
v 1.2 -1 0.1
v 1.1 -1.1 0
v 1.1 -1 0
v 1.2 -1 0
v 1.2 -1.1 0
v 1.1 -1 0.2
v 1.1 -1 0.1
v 1.1 -1.1 0.1
v 1.1 -1.1 0.2
v 1.2 -1.1 0.2
v 1.2 -1.1 0.1
v 1.2 -1 0.1
v 1.2 -1 0.2
v 1.1 -1.1 0.2
v 1.1 -1.1 0.1
v 1.2 -1.1 0.1
v 1.2 -1.1 0.2
v 1.1 -1 0.3
v 1.1 -1 0.2
v 1.1 -1.1 0.2
v 1.1 -1.1 0.3
v 1.2 -1.1 0.3
v 1.2 -1.1 0.2
v 1.2 -1 0.2
v 1.2 -1 0.3
v 1.1 -1 0.3
v 1.1 -1.1 0.3
v 1.2 -1.1 0.3
v 1.2 -1 0.3
v 1.1 -1.1 0.3
v 1.1 -1.1 0.2
v 1.2 -1.1 0.2
v 1.2 -1.1 0.3
v -1.2 -1.1 0.1
v -1.2 -1.1 0
v -1.2 -1.2 0
v -1.2 -1.2 0.1
v -1.2 -1.1 0.1
v -1.2 -1.2 0.1
v -1.1 -1.2 0.1
v -1.1 -1.1 0.1
v -1.2 -1.2 0
v -1.2 -1.1 0
v -1.1 -1.1 0
v -1.1 -1.2 0
v -1.2 -1.2 0.1
v -1.2 -1.2 0
v -1.1 -1.2 0
v -1.1 -1.2 0.1
v -1.1 -1.1 0.1
v -1.1 -1.2 0.1
v -1 -1.2 0.1
v -1 -1.1 0.1
v -1.1 -1.2 0
v -1.1 -1.1 0
v -1 -1.1 0
v -1 -1.2 0
v -1.1 -1.2 0.1
v -1.1 -1.2 0
v -1 -1.2 0
v -1 -1.2 0.1
v -1 -1.1 0.1
v -1 -1.2 0.1
v -0.9 -1.2 0.1
v -0.9 -1.1 0.1
v -1 -1.2 0
v -1 -1.1 0
v -0.9 -1.1 0
v -0.9 -1.2 0
v -1 -1.2 0.1
v -1 -1.2 0
v -0.9 -1.2 0
v -0.9 -1.2 0.1
v -0.9 -1.1 0.1
v -0.9 -1.2 0.1
v -0.8 -1.2 0.1
v -0.8 -1.1 0.1
v -0.9 -1.2 0
v -0.9 -1.1 0
v -0.8 -1.1 0
v -0.8 -1.2 0
v -0.9 -1.2 0.1
v -0.9 -1.2 0
v -0.8 -1.2 0
v -0.8 -1.2 0.1
v -0.8 -1.1 0.1
v -0.8 -1.2 0.1
v -0.7 -1.2 0.1
v -0.7 -1.1 0.1
v -0.8 -1.2 0
v -0.8 -1.1 0
v -0.7 -1.1 0
v -0.7 -1.2 0
v -0.8 -1.2 0.1
v -0.8 -1.2 0
v -0.7 -1.2 0
v -0.7 -1.2 0.1
v -0.7 -1.1 0.1
v -0.7 -1.2 0.1
v -0.6 -1.2 0.1
v -0.6 -1.1 0.1
v -0.7 -1.2 0
v -0.7 -1.1 0
v -0.6 -1.1 0
v -0.6 -1.2 0
v -0.7 -1.2 0.1
v -0.7 -1.2 0
v -0.6 -1.2 0
v -0.6 -1.2 0.1
v -0.6 -1.2 0
v -0.6 -1.1 0
v -0.5 -1.1 0
v -0.5 -1.2 0
v -0.6 -1.2 0.1
v -0.6 -1.2 0
v -0.5 -1.2 0
v -0.5 -1.2 0.1
v -0.6 -1.1 0.2
v -0.6 -1.1 0.1
v -0.6 -1.2 0.1
v -0.6 -1.2 0.2
v -0.5 -1.2 0.2
v -0.5 -1.2 0.1
v -0.5 -1.1 0.1
v -0.5 -1.1 0.2
v -0.6 -1.2 0.2
v -0.6 -1.2 0.1
v -0.5 -1.2 0.1
v -0.5 -1.2 0.2
v -0.5 -1.1 0.2
v -0.5 -1.1 0.1
v -0.6 -1.1 0.1
v -0.6 -1.1 0.2
v -0.6 -1.1 0.3
v -0.6 -1.1 0.2
v -0.6 -1.2 0.2
v -0.6 -1.2 0.3
v -0.5 -1.2 0.3
v -0.5 -1.2 0.2
v -0.5 -1.1 0.2
v -0.5 -1.1 0.3
v -0.6 -1.1 0.3
v -0.6 -1.2 0.3
v -0.5 -1.2 0.3
v -0.5 -1.1 0.3
v -0.6 -1.2 0.3
v -0.6 -1.2 0.2
v -0.5 -1.2 0.2
v -0.5 -1.2 0.3
v -0.5 -1.1 0.3
v -0.5 -1.1 0.2
v -0.6 -1.1 0.2
v -0.6 -1.1 0.3
v -0.5 -1.1 0.1
v -0.5 -1.2 0.1
v -0.4 -1.2 0.1
v -0.4 -1.1 0.1
v -0.5 -1.2 0
v -0.5 -1.1 0
v -0.4 -1.1 0
v -0.4 -1.2 0
v -0.5 -1.2 0.1
v -0.5 -1.2 0
v -0.4 -1.2 0
v -0.4 -1.2 0.1
v -0.4 -1.2 0
v -0.4 -1.1 0
v -0.3 -1.1 0
v -0.3 -1.2 0
v -0.4 -1.2 0.1
v -0.4 -1.2 0
v -0.3 -1.2 0
v -0.3 -1.2 0.1
v -0.4 -1.1 0.2
v -0.4 -1.1 0.1
v -0.4 -1.2 0.1
v -0.4 -1.2 0.2
v -0.4 -1.2 0.2
v -0.4 -1.2 0.1
v -0.3 -1.2 0.1
v -0.3 -1.2 0.2
v -0.3 -1.1 0.2
v -0.3 -1.1 0.1
v -0.4 -1.1 0.1
v -0.4 -1.1 0.2
v -0.4 -1.1 0.3
v -0.4 -1.1 0.2
v -0.4 -1.2 0.2
v -0.4 -1.2 0.3
v -0.4 -1.1 0.3
v -0.4 -1.2 0.3
v -0.3 -1.2 0.3
v -0.3 -1.1 0.3
v -0.4 -1.2 0.3
v -0.4 -1.2 0.2
v -0.3 -1.2 0.2
v -0.3 -1.2 0.3
v -0.3 -1.1 0.3
v -0.3 -1.1 0.2
v -0.4 -1.1 0.2
v -0.4 -1.1 0.3
v -0.3 -1.2 0
v -0.3 -1.1 0
v -0.2 -1.1 0
v -0.2 -1.2 0
v -0.3 -1.2 0.1
v -0.3 -1.2 0
v -0.2 -1.2 0
v -0.2 -1.2 0.1
v -0.3 -1.2 0.2
v -0.3 -1.2 0.1
v -0.2 -1.2 0.1
v -0.2 -1.2 0.2
v -0.3 -1.1 0.3
v -0.3 -1.2 0.3
v -0.2 -1.2 0.3
v -0.2 -1.1 0.3
v -0.3 -1.2 0.3
v -0.3 -1.2 0.2
v -0.2 -1.2 0.2
v -0.2 -1.2 0.3
v -0.2 -1.2 0
v -0.2 -1.1 0
v -0.1 -1.1 0
v -0.1 -1.2 0
v -0.2 -1.2 0.1
v -0.2 -1.2 0
v -0.1 -1.2 0
v -0.1 -1.2 0.1
v -0.1 -1.2 0.2
v -0.1 -1.2 0.1
v -0.1 -1.1 0.1
v -0.1 -1.1 0.2
v -0.2 -1.2 0.2
v -0.2 -1.2 0.1
v -0.1 -1.2 0.1
v -0.1 -1.2 0.2
v -0.1 -1.1 0.2
v -0.1 -1.1 0.1
v -0.2 -1.1 0.1
v -0.2 -1.1 0.2
v -0.1 -1.2 0.3
v -0.1 -1.2 0.2
v -0.1 -1.1 0.2
v -0.1 -1.1 0.3
v -0.2 -1.1 0.3
v -0.2 -1.2 0.3
v -0.1 -1.2 0.3
v -0.1 -1.1 0.3
v -0.2 -1.2 0.3
v -0.2 -1.2 0.2
v -0.1 -1.2 0.2
v -0.1 -1.2 0.3
v -0.1 -1.1 0.3
v -0.1 -1.1 0.2
v -0.2 -1.1 0.2
v -0.2 -1.1 0.3
v -0.1 -1.1 0.1
v -0.1 -1.2 0.1
v 0 -1.2 0.1
v 0 -1.1 0.1
v -0.1 -1.2 0
v -0.1 -1.1 0
v 0 -1.1 0
v 0 -1.2 0
v -0.1 -1.2 0.1
v -0.1 -1.2 0
v 0 -1.2 0
v 0 -1.2 0.1
v 0 -1.1 0.1
v 0 -1.2 0.1
v 0.1 -1.2 0.1
v 0.1 -1.1 0.1
v 0 -1.2 0
v 0 -1.1 0
v 0.1 -1.1 0
v 0.1 -1.2 0
v 0 -1.2 0.1
v 0 -1.2 0
v 0.1 -1.2 0
v 0.1 -1.2 0.1
v 0.1 -1.1 0.1
v 0.1 -1.2 0.1
v 0.2 -1.2 0.1
v 0.2 -1.1 0.1
v 0.1 -1.2 0
v 0.1 -1.1 0
v 0.2 -1.1 0
v 0.2 -1.2 0
v 0.1 -1.2 0.1
v 0.1 -1.2 0
v 0.2 -1.2 0
v 0.2 -1.2 0.1
v 0.2 -1.1 0.1
v 0.2 -1.2 0.1
v 0.3 -1.2 0.1
v 0.3 -1.1 0.1
v 0.2 -1.2 0
v 0.2 -1.1 0
v 0.3 -1.1 0
v 0.3 -1.2 0
v 0.2 -1.2 0.1
v 0.2 -1.2 0
v 0.3 -1.2 0
v 0.3 -1.2 0.1
v 0.3 -1.1 0.1
v 0.3 -1.2 0.1
v 0.4 -1.2 0.1
v 0.4 -1.1 0.1
v 0.3 -1.2 0
v 0.3 -1.1 0
v 0.4 -1.1 0
v 0.4 -1.2 0
v 0.3 -1.2 0.1
v 0.3 -1.2 0
v 0.4 -1.2 0
v 0.4 -1.2 0.1
v 0.4 -1.1 0.1
v 0.4 -1.2 0.1
v 0.5 -1.2 0.1
v 0.5 -1.1 0.1
v 0.4 -1.2 0
v 0.4 -1.1 0
v 0.5 -1.1 0
v 0.5 -1.2 0
v 0.4 -1.2 0.1
v 0.4 -1.2 0
v 0.5 -1.2 0
v 0.5 -1.2 0.1
v 0.5 -1.1 0.1
v 0.5 -1.2 0.1
v 0.6 -1.2 0.1
v 0.6 -1.1 0.1
v 0.5 -1.2 0
v 0.5 -1.1 0
v 0.6 -1.1 0
v 0.6 -1.2 0
v 0.5 -1.2 0.1
v 0.5 -1.2 0
v 0.6 -1.2 0
v 0.6 -1.2 0.1
v 0.6 -1.1 0.1
v 0.6 -1.2 0.1
v 0.7 -1.2 0.1
v 0.7 -1.1 0.1
v 0.6 -1.2 0
v 0.6 -1.1 0
v 0.7 -1.1 0
v 0.7 -1.2 0
v 0.6 -1.2 0.1
v 0.6 -1.2 0
v 0.7 -1.2 0
v 0.7 -1.2 0.1
v 0.7 -1.1 0.1
v 0.7 -1.2 0.1
v 0.8 -1.2 0.1
v 0.8 -1.1 0.1
v 0.7 -1.2 0
v 0.7 -1.1 0
v 0.8 -1.1 0
v 0.8 -1.2 0
v 0.7 -1.2 0.1
v 0.7 -1.2 0
v 0.8 -1.2 0
v 0.8 -1.2 0.1
v 0.8 -1.1 0.1
v 0.8 -1.2 0.1
v 0.9 -1.2 0.1
v 0.9 -1.1 0.1
v 0.8 -1.2 0
v 0.8 -1.1 0
v 0.9 -1.1 0
v 0.9 -1.2 0
v 0.8 -1.2 0.1
v 0.8 -1.2 0
v 0.9 -1.2 0
v 0.9 -1.2 0.1
v 0.9 -1.2 0
v 0.9 -1.1 0
v 1 -1.1 0
v 1 -1.2 0
v 0.9 -1.2 0.1
v 0.9 -1.2 0
v 1 -1.2 0
v 1 -1.2 0.1
v 0.9 -1.1 0.2
v 0.9 -1.1 0.1
v 0.9 -1.2 0.1
v 0.9 -1.2 0.2
v 0.9 -1.2 0.2
v 0.9 -1.2 0.1
v 1 -1.2 0.1
v 1 -1.2 0.2
v 0.9 -1.1 0.3
v 0.9 -1.1 0.2
v 0.9 -1.2 0.2
v 0.9 -1.2 0.3
v 0.9 -1.1 0.3
v 0.9 -1.2 0.3
v 1 -1.2 0.3
v 1 -1.1 0.3
v 0.9 -1.2 0.3
v 0.9 -1.2 0.2
v 1 -1.2 0.2
v 1 -1.2 0.3
v 1 -1.2 0
v 1 -1.1 0
v 1.1 -1.1 0
v 1.1 -1.2 0
v 1 -1.2 0.1
v 1 -1.2 0
v 1.1 -1.2 0
v 1.1 -1.2 0.1
v 1.1 -1.2 0.2
v 1.1 -1.2 0.1
v 1.1 -1.1 0.1
v 1.1 -1.1 0.2
v 1 -1.2 0.2
v 1 -1.2 0.1
v 1.1 -1.2 0.1
v 1.1 -1.2 0.2
v 1.1 -1.1 0.2
v 1.1 -1.1 0.1
v 1 -1.1 0.1
v 1 -1.1 0.2
v 1.1 -1.2 0.3
v 1.1 -1.2 0.2
v 1.1 -1.1 0.2
v 1.1 -1.1 0.3
v 1 -1.1 0.3
v 1 -1.2 0.3
v 1.1 -1.2 0.3
v 1.1 -1.1 0.3
v 1 -1.2 0.3
v 1 -1.2 0.2
v 1.1 -1.2 0.2
v 1.1 -1.2 0.3
v 1.1 -1.1 0.3
v 1.1 -1.1 0.2
v 1 -1.1 0.2
v 1 -1.1 0.3
v 1.2 -1.2 0.1
v 1.2 -1.2 0
v 1.2 -1.1 0
v 1.2 -1.1 0.1
v 1.1 -1.1 0.1
v 1.1 -1.2 0.1
v 1.2 -1.2 0.1
v 1.2 -1.1 0.1
v 1.1 -1.2 0
v 1.1 -1.1 0
v 1.2 -1.1 0
v 1.2 -1.2 0
v 1.1 -1.2 0.1
v 1.1 -1.2 0
v 1.2 -1.2 0
v 1.2 -1.2 0.1

# faces
f 1/1/1 2/1/1 3/1/1 4/1/1
f 5/1/3 6/1/3 7/1/3 8/1/3
f 9/1/4 10/1/4 11/1/4 12/1/4
f 13/1/6 14/1/6 15/1/6 16/1/6
f 17/4/4 18/4/4 19/4/4 20/4/4
f 21/4/6 22/4/6 23/4/6 24/4/6
f 25/4/1 26/4/1 27/4/1 28/4/1
f 29/4/2 30/4/2 31/4/2 32/4/2
f 33/4/5 34/4/5 35/4/5 36/4/5
f 37/4/6 38/4/6 39/4/6 40/4/6
f 41/4/1 42/4/1 43/4/1 44/4/1
f 45/4/2 46/4/2 47/4/2 48/4/2
f 49/4/3 50/4/3 51/4/3 52/4/3
f 53/4/5 54/4/5 55/4/5 56/4/5
f 57/4/6 58/4/6 59/4/6 60/4/6
f 61/9/3 62/9/3 63/9/3 64/9/3
f 65/9/4 66/9/4 67/9/4 68/9/4
f 69/9/6 70/9/6 71/9/6 72/9/6
f 73/6/3 74/6/3 75/6/3 76/6/3
f 77/6/4 78/6/4 79/6/4 80/6/4
f 81/6/6 82/6/6 83/6/6 84/6/6
f 85/9/3 86/9/3 87/9/3 88/9/3
f 89/9/4 90/9/4 91/9/4 92/9/4
f 93/9/6 94/9/6 95/9/6 96/9/6
f 97/4/4 98/4/4 99/4/4 100/4/4
f 101/4/6 102/4/6 103/4/6 104/4/6
f 105/4/1 106/4/1 107/4/1 108/4/1
f 109/4/2 110/4/2 111/4/2 112/4/2
f 113/4/5 114/4/5 115/4/5 116/4/5
f 117/4/6 118/4/6 119/4/6 120/4/6
f 121/4/1 122/4/1 123/4/1 124/4/1
f 125/4/2 126/4/2 127/4/2 128/4/2
f 129/4/3 130/4/3 131/4/3 132/4/3
f 133/4/5 134/4/5 135/4/5 136/4/5
f 137/4/6 138/4/6 139/4/6 140/4/6
f 141/9/3 142/9/3 143/9/3 144/9/3
f 145/9/4 146/9/4 147/9/4 148/9/4
f 149/9/6 150/9/6 151/9/6 152/9/6
f 153/6/3 154/6/3 155/6/3 156/6/3
f 157/6/4 158/6/4 159/6/4 160/6/4
f 161/6/6 162/6/6 163/6/6 164/6/6
f 165/9/3 166/9/3 167/9/3 168/9/3
f 169/9/4 170/9/4 171/9/4 172/9/4
f 173/9/6 174/9/6 175/9/6 176/9/6
f 177/9/3 178/9/3 179/9/3 180/9/3
f 181/9/4 182/9/4 183/9/4 184/9/4
f 185/9/6 186/9/6 187/9/6 188/9/6
f 189/7/3 190/7/3 191/7/3 192/7/3
f 193/7/4 194/7/4 195/7/4 196/7/4
f 197/7/6 198/7/6 199/7/6 200/7/6
f 201/7/3 202/7/3 203/7/3 204/7/3
f 205/7/4 206/7/4 207/7/4 208/7/4
f 209/7/6 210/7/6 211/7/6 212/7/6
f 213/10/3 214/10/3 215/10/3 216/10/3
f 217/10/4 218/10/4 219/10/4 220/10/4
f 221/10/6 222/10/6 223/10/6 224/10/6
f 225/8/3 226/8/3 227/8/3 228/8/3
f 229/8/4 230/8/4 231/8/4 232/8/4
f 233/8/6 234/8/6 235/8/6 236/8/6
f 237/10/3 238/10/3 239/10/3 240/10/3
f 241/10/4 242/10/4 243/10/4 244/10/4
f 245/10/6 246/10/6 247/10/6 248/10/6
f 249/7/3 250/7/3 251/7/3 252/7/3
f 253/7/4 254/7/4 255/7/4 256/7/4
f 257/7/6 258/7/6 259/7/6 260/7/6
f 261/7/3 262/7/3 263/7/3 264/7/3
f 265/7/4 266/7/4 267/7/4 268/7/4
f 269/7/6 270/7/6 271/7/6 272/7/6
f 273/7/3 274/7/3 275/7/3 276/7/3
f 277/7/4 278/7/4 279/7/4 280/7/4
f 281/7/6 282/7/6 283/7/6 284/7/6
f 285/3/3 286/3/3 287/3/3 288/3/3
f 289/3/4 290/3/4 291/3/4 292/3/4
f 293/3/6 294/3/6 295/3/6 296/3/6
f 297/3/3 298/3/3 299/3/3 300/3/3
f 301/3/4 302/3/4 303/3/4 304/3/4
f 305/3/6 306/3/6 307/3/6 308/3/6
f 309/7/3 310/7/3 311/7/3 312/7/3
f 313/7/4 314/7/4 315/7/4 316/7/4
f 317/7/6 318/7/6 319/7/6 320/7/6
f 321/8/3 322/8/3 323/8/3 324/8/3
f 325/8/4 326/8/4 327/8/4 328/8/4
f 329/8/6 330/8/6 331/8/6 332/8/6
f 333/4/4 334/4/4 335/4/4 336/4/4
f 337/4/6 338/4/6 339/4/6 340/4/6
f 341/4/1 342/4/1 343/4/1 344/4/1
f 345/4/5 346/4/5 347/4/5 348/4/5
f 349/4/6 350/4/6 351/4/6 352/4/6
f 353/4/1 354/4/1 355/4/1 356/4/1
f 357/4/3 358/4/3 359/4/3 360/4/3
f 361/4/5 362/4/5 363/4/5 364/4/5
f 365/4/6 366/4/6 367/4/6 368/4/6
f 369/4/2 370/4/2 371/4/2 372/4/2
f 373/4/4 374/4/4 375/4/4 376/4/4
f 377/4/6 378/4/6 379/4/6 380/4/6
f 381/4/2 382/4/2 383/4/2 384/4/2
f 385/4/5 386/4/5 387/4/5 388/4/5
f 389/4/6 390/4/6 391/4/6 392/4/6
f 393/4/2 394/4/2 395/4/2 396/4/2
f 397/4/3 398/4/3 399/4/3 400/4/3
f 401/4/5 402/4/5 403/4/5 404/4/5
f 405/4/6 406/4/6 407/4/6 408/4/6
f 409/1/1 410/1/1 411/1/1 412/1/1
f 413/1/3 414/1/3 415/1/3 416/1/3
f 417/1/4 418/1/4 419/1/4 420/1/4
f 421/6/3 422/6/3 423/6/3 424/6/3
f 425/6/4 426/6/4 427/6/4 428/6/4
f 429/6/3 430/6/3 431/6/3 432/6/3
f 433/6/4 434/6/4 435/6/4 436/6/4
f 437/9/3 438/9/3 439/9/3 440/9/3
f 441/9/4 442/9/4 443/9/4 444/9/4
f 445/1/3 446/1/3 447/1/3 448/1/3
f 449/1/4 450/1/4 451/1/4 452/1/4
f 453/6/3 454/6/3 455/6/3 456/6/3
f 457/6/4 458/6/4 459/6/4 460/6/4
f 461/6/3 462/6/3 463/6/3 464/6/3
f 465/6/4 466/6/4 467/6/4 468/6/4
f 469/9/3 470/9/3 471/9/3 472/9/3
f 473/9/4 474/9/4 475/9/4 476/9/4
f 477/6/3 478/6/3 479/6/3 480/6/3
f 481/6/4 482/6/4 483/6/4 484/6/4
f 485/6/3 486/6/3 487/6/3 488/6/3
f 489/6/4 490/6/4 491/6/4 492/6/4
f 493/4/4 494/4/4 495/4/4 496/4/4
f 497/4/1 498/4/1 499/4/1 500/4/1
f 501/4/5 502/4/5 503/4/5 504/4/5
f 505/4/6 506/4/6 507/4/6 508/4/6
f 509/4/1 510/4/1 511/4/1 512/4/1
f 513/4/3 514/4/3 515/4/3 516/4/3
f 517/4/5 518/4/5 519/4/5 520/4/5
f 521/4/6 522/4/6 523/4/6 524/4/6
f 525/4/4 526/4/4 527/4/4 528/4/4
f 529/4/2 530/4/2 531/4/2 532/4/2
f 533/4/5 534/4/5 535/4/5 536/4/5
f 537/4/6 538/4/6 539/4/6 540/4/6
f 541/4/2 542/4/2 543/4/2 544/4/2
f 545/4/3 546/4/3 547/4/3 548/4/3
f 549/4/5 550/4/5 551/4/5 552/4/5
f 553/4/6 554/4/6 555/4/6 556/4/6
f 557/7/3 558/7/3 559/7/3 560/7/3
f 561/7/4 562/7/4 563/7/4 564/7/4
f 565/10/3 566/10/3 567/10/3 568/10/3
f 569/10/4 570/10/4 571/10/4 572/10/4
f 573/10/3 574/10/3 575/10/3 576/10/3
f 577/10/4 578/10/4 579/10/4 580/10/4
f 581/7/3 582/7/3 583/7/3 584/7/3
f 585/7/4 586/7/4 587/7/4 588/7/4
f 589/7/3 590/7/3 591/7/3 592/7/3
f 593/7/4 594/7/4 595/7/4 596/7/4
f 597/7/3 598/7/3 599/7/3 600/7/3
f 601/7/4 602/7/4 603/7/4 604/7/4
f 605/7/3 606/7/3 607/7/3 608/7/3
f 609/7/4 610/7/4 611/7/4 612/7/4
f 613/7/3 614/7/3 615/7/3 616/7/3
f 617/7/4 618/7/4 619/7/4 620/7/4
f 621/7/3 622/7/3 623/7/3 624/7/3
f 625/7/4 626/7/4 627/7/4 628/7/4
f 629/7/3 630/7/3 631/7/3 632/7/3
f 633/7/4 634/7/4 635/7/4 636/7/4
f 637/7/3 638/7/3 639/7/3 640/7/3
f 641/7/4 642/7/4 643/7/4 644/7/4
f 645/9/2 646/9/2 647/9/2 648/9/2
f 649/9/3 650/9/3 651/9/3 652/9/3
f 653/9/4 654/9/4 655/9/4 656/9/4
f 657/6/1 658/6/1 659/6/1 660/6/1
f 661/6/3 662/6/3 663/6/3 664/6/3
f 665/6/4 666/6/4 667/6/4 668/6/4
f 669/1/3 670/1/3 671/1/3 672/1/3
f 673/1/4 674/1/4 675/1/4 676/1/4
f 677/9/3 678/9/3 679/9/3 680/9/3
f 681/9/4 682/9/4 683/9/4 684/9/4
f 685/9/3 686/9/3 687/9/3 688/9/3
f 689/9/4 690/9/4 691/9/4 692/9/4
f 693/6/3 694/6/3 695/6/3 696/6/3
f 697/6/4 698/6/4 699/6/4 700/6/4
f 701/9/3 702/9/3 703/9/3 704/9/3
f 705/9/4 706/9/4 707/9/4 708/9/4
f 709/4/4 710/4/4 711/4/4 712/4/4
f 713/4/1 714/4/1 715/4/1 716/4/1
f 717/4/2 718/4/2 719/4/2 720/4/2
f 721/4/5 722/4/5 723/4/5 724/4/5
f 725/4/6 726/4/6 727/4/6 728/4/6
f 729/4/1 730/4/1 731/4/1 732/4/1
f 733/4/2 734/4/2 735/4/2 736/4/2
f 737/4/3 738/4/3 739/4/3 740/4/3
f 741/4/5 742/4/5 743/4/5 744/4/5
f 745/4/6 746/4/6 747/4/6 748/4/6
f 749/1/3 750/1/3 751/1/3 752/1/3
f 753/1/4 754/1/4 755/1/4 756/1/4
f 757/4/4 758/4/4 759/4/4 760/4/4
f 761/4/1 762/4/1 763/4/1 764/4/1
f 765/4/2 766/4/2 767/4/2 768/4/2
f 769/4/5 770/4/5 771/4/5 772/4/5
f 773/4/6 774/4/6 775/4/6 776/4/6
f 777/4/1 778/4/1 779/4/1 780/4/1
f 781/4/2 782/4/2 783/4/2 784/4/2
f 785/4/3 786/4/3 787/4/3 788/4/3
f 789/4/5 790/4/5 791/4/5 792/4/5
f 793/4/6 794/4/6 795/4/6 796/4/6
f 797/9/3 798/9/3 799/9/3 800/9/3
f 801/9/4 802/9/4 803/9/4 804/9/4
f 805/1/3 806/1/3 807/1/3 808/1/3
f 809/1/4 810/1/4 811/1/4 812/1/4
f 813/8/3 814/8/3 815/8/3 816/8/3
f 817/8/4 818/8/4 819/8/4 820/8/4
f 821/4/4 822/4/4 823/4/4 824/4/4
f 825/4/1 826/4/1 827/4/1 828/4/1
f 829/4/2 830/4/2 831/4/2 832/4/2
f 833/4/6 834/4/6 835/4/6 836/4/6
f 837/4/1 838/4/1 839/4/1 840/4/1
f 841/4/2 842/4/2 843/4/2 844/4/2
f 845/4/3 846/4/3 847/4/3 848/4/3
f 849/4/6 850/4/6 851/4/6 852/4/6
f 853/7/3 854/7/3 855/7/3 856/7/3
f 857/7/4 858/7/4 859/7/4 860/7/4
f 861/3/3 862/3/3 863/3/3 864/3/3
f 865/3/4 866/3/4 867/3/4 868/3/4
f 869/7/3 870/7/3 871/7/3 872/7/3
f 873/7/4 874/7/4 875/7/4 876/7/4
f 877/7/3 878/7/3 879/7/3 880/7/3
f 881/7/4 882/7/4 883/7/4 884/7/4
f 885/10/3 886/10/3 887/10/3 888/10/3
f 889/10/4 890/10/4 891/10/4 892/10/4
f 893/3/3 894/3/3 895/3/3 896/3/3
f 897/3/4 898/3/4 899/3/4 900/3/4
f 901/3/3 902/3/3 903/3/3 904/3/3
f 905/3/4 906/3/4 907/3/4 908/3/4
f 909/7/3 910/7/3 911/7/3 912/7/3
f 913/7/4 914/7/4 915/7/4 916/7/4
f 917/8/3 918/8/3 919/8/3 920/8/3
f 921/8/4 922/8/4 923/8/4 924/8/4
f 925/7/3 926/7/3 927/7/3 928/7/3
f 929/7/4 930/7/4 931/7/4 932/7/4
f 933/9/2 934/9/2 935/9/2 936/9/2
f 937/9/3 938/9/3 939/9/3 940/9/3
f 941/9/4 942/9/4 943/9/4 944/9/4
f 945/4/1 946/4/1 947/4/1 948/4/1
f 949/4/4 950/4/4 951/4/4 952/4/4
f 953/4/1 954/4/1 955/4/1 956/4/1
f 957/4/6 958/4/6 959/4/6 960/4/6
f 961/4/1 962/4/1 963/4/1 964/4/1
f 965/4/3 966/4/3 967/4/3 968/4/3
f 969/4/6 970/4/6 971/4/6 972/4/6
f 973/4/4 974/4/4 975/4/4 976/4/4
f 977/4/2 978/4/2 979/4/2 980/4/2
f 981/4/5 982/4/5 983/4/5 984/4/5
f 985/4/6 986/4/6 987/4/6 988/4/6
f 989/4/2 990/4/2 991/4/2 992/4/2
f 993/4/3 994/4/3 995/4/3 996/4/3
f 997/4/5 998/4/5 999/4/5 1000/4/5
f 1001/4/6 1002/4/6 1003/4/6 1004/4/6
f 1005/9/3 1006/9/3 1007/9/3 1008/9/3
f 1009/9/4 1010/9/4 1011/9/4 1012/9/4
f 1013/6/3 1014/6/3 1015/6/3 1016/6/3
f 1017/6/4 1018/6/4 1019/6/4 1020/6/4
f 1021/9/3 1022/9/3 1023/9/3 1024/9/3
f 1025/9/4 1026/9/4 1027/9/4 1028/9/4
f 1029/4/4 1030/4/4 1031/4/4 1032/4/4
f 1033/4/1 1034/4/1 1035/4/1 1036/4/1
f 1037/4/2 1038/4/2 1039/4/2 1040/4/2
f 1041/4/6 1042/4/6 1043/4/6 1044/4/6
f 1045/4/1 1046/4/1 1047/4/1 1048/4/1
f 1049/4/2 1050/4/2 1051/4/2 1052/4/2
f 1053/4/3 1054/4/3 1055/4/3 1056/4/3
f 1057/4/6 1058/4/6 1059/4/6 1060/4/6
f 1061/9/3 1062/9/3 1063/9/3 1064/9/3
f 1065/9/4 1066/9/4 1067/9/4 1068/9/4
f 1069/1/3 1070/1/3 1071/1/3 1072/1/3
f 1073/1/4 1074/1/4 1075/1/4 1076/1/4
f 1077/6/3 1078/6/3 1079/6/3 1080/6/3
f 1081/6/4 1082/6/4 1083/6/4 1084/6/4
f 1085/4/4 1086/4/4 1087/4/4 1088/4/4
f 1089/4/1 1090/4/1 1091/4/1 1092/4/1
f 1093/4/2 1094/4/2 1095/4/2 1096/4/2
f 1097/4/5 1098/4/5 1099/4/5 1100/4/5
f 1101/4/6 1102/4/6 1103/4/6 1104/4/6
f 1105/4/1 1106/4/1 1107/4/1 1108/4/1
f 1109/4/2 1110/4/2 1111/4/2 1112/4/2
f 1113/4/3 1114/4/3 1115/4/3 1116/4/3
f 1117/4/5 1118/4/5 1119/4/5 1120/4/5
f 1121/4/6 1122/4/6 1123/4/6 1124/4/6
f 1125/9/3 1126/9/3 1127/9/3 1128/9/3
f 1129/9/4 1130/9/4 1131/9/4 1132/9/4
f 1133/6/3 1134/6/3 1135/6/3 1136/6/3
f 1137/6/4 1138/6/4 1139/6/4 1140/6/4
f 1141/4/4 1142/4/4 1143/4/4 1144/4/4
f 1145/4/1 1146/4/1 1147/4/1 1148/4/1
f 1149/4/2 1150/4/2 1151/4/2 1152/4/2
f 1153/4/1 1154/4/1 1155/4/1 1156/4/1
f 1157/4/2 1158/4/2 1159/4/2 1160/4/2
f 1161/4/3 1162/4/3 1163/4/3 1164/4/3
f 1165/7/3 1166/7/3 1167/7/3 1168/7/3
f 1169/7/4 1170/7/4 1171/7/4 1172/7/4
f 1173/7/3 1174/7/3 1175/7/3 1176/7/3
f 1177/7/4 1178/7/4 1179/7/4 1180/7/4
f 1181/7/3 1182/7/3 1183/7/3 1184/7/3
f 1185/7/4 1186/7/4 1187/7/4 1188/7/4
f 1189/10/3 1190/10/3 1191/10/3 1192/10/3
f 1193/10/4 1194/10/4 1195/10/4 1196/10/4
f 1197/10/3 1198/10/3 1199/10/3 1200/10/3
f 1201/10/4 1202/10/4 1203/10/4 1204/10/4
f 1205/10/3 1206/10/3 1207/10/3 1208/10/3
f 1209/10/4 1210/10/4 1211/10/4 1212/10/4
f 1213/3/3 1214/3/3 1215/3/3 1216/3/3
f 1217/3/4 1218/3/4 1219/3/4 1220/3/4
f 1221/7/3 1222/7/3 1223/7/3 1224/7/3
f 1225/7/4 1226/7/4 1227/7/4 1228/7/4
f 1229/7/3 1230/7/3 1231/7/3 1232/7/3
f 1233/7/4 1234/7/4 1235/7/4 1236/7/4
f 1237/4/4 1238/4/4 1239/4/4 1240/4/4
f 1241/4/1 1242/4/1 1243/4/1 1244/4/1
f 1245/4/5 1246/4/5 1247/4/5 1248/4/5
f 1249/4/6 1250/4/6 1251/4/6 1252/4/6
f 1253/4/1 1254/4/1 1255/4/1 1256/4/1
f 1257/4/3 1258/4/3 1259/4/3 1260/4/3
f 1261/4/5 1262/4/5 1263/4/5 1264/4/5
f 1265/4/6 1266/4/6 1267/4/6 1268/4/6
f 1269/4/2 1270/4/2 1271/4/2 1272/4/2
f 1273/4/4 1274/4/4 1275/4/4 1276/4/4
f 1277/4/2 1278/4/2 1279/4/2 1280/4/2
f 1281/4/5 1282/4/5 1283/4/5 1284/4/5
f 1285/4/6 1286/4/6 1287/4/6 1288/4/6
f 1289/4/2 1290/4/2 1291/4/2 1292/4/2
f 1293/4/3 1294/4/3 1295/4/3 1296/4/3
f 1297/4/5 1298/4/5 1299/4/5 1300/4/5
f 1301/4/6 1302/4/6 1303/4/6 1304/4/6
f 1305/4/1 1306/4/1 1307/4/1 1308/4/1
f 1309/4/4 1310/4/4 1311/4/4 1312/4/4
f 1313/4/1 1314/4/1 1315/4/1 1316/4/1
f 1317/4/2 1318/4/2 1319/4/2 1320/4/2
f 1321/4/5 1322/4/5 1323/4/5 1324/4/5
f 1325/4/1 1326/4/1 1327/4/1 1328/4/1
f 1329/4/2 1330/4/2 1331/4/2 1332/4/2
f 1333/4/3 1334/4/3 1335/4/3 1336/4/3
f 1337/4/5 1338/4/5 1339/4/5 1340/4/5
f 1341/6/3 1342/6/3 1343/6/3 1344/6/3
f 1345/6/4 1346/6/4 1347/6/4 1348/6/4
f 1349/1/3 1350/1/3 1351/1/3 1352/1/3
f 1353/1/4 1354/1/4 1355/1/4 1356/1/4
f 1357/9/3 1358/9/3 1359/9/3 1360/9/3
f 1361/9/4 1362/9/4 1363/9/4 1364/9/4
f 1365/4/4 1366/4/4 1367/4/4 1368/4/4
f 1369/4/1 1370/4/1 1371/4/1 1372/4/1
f 1373/4/5 1374/4/5 1375/4/5 1376/4/5
f 1377/4/6 1378/4/6 1379/4/6 1380/4/6
f 1381/4/1 1382/4/1 1383/4/1 1384/4/1
f 1385/4/3 1386/4/3 1387/4/3 1388/4/3
f 1389/4/5 1390/4/5 1391/4/5 1392/4/5
f 1393/4/6 1394/4/6 1395/4/6 1396/4/6
f 1397/4/4 1398/4/4 1399/4/4 1400/4/4
f 1401/4/2 1402/4/2 1403/4/2 1404/4/2
f 1405/4/2 1406/4/2 1407/4/2 1408/4/2
f 1409/4/3 1410/4/3 1411/4/3 1412/4/3
f 1413/1/3 1414/1/3 1415/1/3 1416/1/3
f 1417/1/4 1418/1/4 1419/1/4 1420/1/4
f 1421/4/4 1422/4/4 1423/4/4 1424/4/4
f 1425/4/1 1426/4/1 1427/4/1 1428/4/1
f 1429/4/2 1430/4/2 1431/4/2 1432/4/2
f 1433/4/5 1434/4/5 1435/4/5 1436/4/5
f 1437/4/6 1438/4/6 1439/4/6 1440/4/6
f 1441/4/1 1442/4/1 1443/4/1 1444/4/1
f 1445/4/2 1446/4/2 1447/4/2 1448/4/2
f 1449/4/3 1450/4/3 1451/4/3 1452/4/3
f 1453/4/5 1454/4/5 1455/4/5 1456/4/5
f 1457/4/6 1458/4/6 1459/4/6 1460/4/6
f 1461/1/3 1462/1/3 1463/1/3 1464/1/3
f 1465/1/4 1466/1/4 1467/1/4 1468/1/4
f 1469/9/3 1470/9/3 1471/9/3 1472/9/3
f 1473/9/4 1474/9/4 1475/9/4 1476/9/4
f 1477/1/3 1478/1/3 1479/1/3 1480/1/3
f 1481/1/4 1482/1/4 1483/1/4 1484/1/4
f 1485/4/4 1486/4/4 1487/4/4 1488/4/4
f 1489/4/1 1490/4/1 1491/4/1 1492/4/1
f 1493/4/5 1494/4/5 1495/4/5 1496/4/5
f 1497/4/6 1498/4/6 1499/4/6 1500/4/6
f 1501/4/1 1502/4/1 1503/4/1 1504/4/1
f 1505/4/3 1506/4/3 1507/4/3 1508/4/3
f 1509/4/5 1510/4/5 1511/4/5 1512/4/5
f 1513/4/6 1514/4/6 1515/4/6 1516/4/6
f 1517/4/4 1518/4/4 1519/4/4 1520/4/4
f 1521/4/2 1522/4/2 1523/4/2 1524/4/2
f 1525/4/2 1526/4/2 1527/4/2 1528/4/2
f 1529/4/3 1530/4/3 1531/4/3 1532/4/3
f 1533/7/3 1534/7/3 1535/7/3 1536/7/3
f 1537/7/4 1538/7/4 1539/7/4 1540/7/4
f 1541/7/3 1542/7/3 1543/7/3 1544/7/3
f 1545/7/4 1546/7/4 1547/7/4 1548/7/4
f 1549/7/3 1550/7/3 1551/7/3 1552/7/3
f 1553/7/4 1554/7/4 1555/7/4 1556/7/4
f 1557/8/3 1558/8/3 1559/8/3 1560/8/3
f 1561/8/4 1562/8/4 1563/8/4 1564/8/4
f 1565/5/3 1566/5/3 1567/5/3 1568/5/3
f 1569/5/4 1570/5/4 1571/5/4 1572/5/4
f 1573/8/3 1574/8/3 1575/8/3 1576/8/3
f 1577/8/4 1578/8/4 1579/8/4 1580/8/4
f 1581/7/3 1582/7/3 1583/7/3 1584/7/3
f 1585/7/4 1586/7/4 1587/7/4 1588/7/4
f 1589/7/3 1590/7/3 1591/7/3 1592/7/3
f 1593/7/4 1594/7/4 1595/7/4 1596/7/4
f 1597/7/3 1598/7/3 1599/7/3 1600/7/3
f 1601/7/4 1602/7/4 1603/7/4 1604/7/4
f 1605/7/3 1606/7/3 1607/7/3 1608/7/3
f 1609/7/4 1610/7/4 1611/7/4 1612/7/4
f 1613/9/2 1614/9/2 1615/9/2 1616/9/2
f 1617/9/3 1618/9/3 1619/9/3 1620/9/3
f 1621/9/4 1622/9/4 1623/9/4 1624/9/4
f 1625/9/1 1626/9/1 1627/9/1 1628/9/1
f 1629/9/3 1630/9/3 1631/9/3 1632/9/3
f 1633/9/4 1634/9/4 1635/9/4 1636/9/4
f 1637/4/4 1638/4/4 1639/4/4 1640/4/4
f 1641/4/1 1642/4/1 1643/4/1 1644/4/1
f 1645/4/2 1646/4/2 1647/4/2 1648/4/2
f 1649/4/6 1650/4/6 1651/4/6 1652/4/6
f 1653/4/1 1654/4/1 1655/4/1 1656/4/1
f 1657/4/2 1658/4/2 1659/4/2 1660/4/2
f 1661/4/3 1662/4/3 1663/4/3 1664/4/3
f 1665/4/6 1666/4/6 1667/4/6 1668/4/6
f 1669/1/3 1670/1/3 1671/1/3 1672/1/3
f 1673/1/4 1674/1/4 1675/1/4 1676/1/4
f 1677/9/3 1678/9/3 1679/9/3 1680/9/3
f 1681/9/4 1682/9/4 1683/9/4 1684/9/4
f 1685/6/3 1686/6/3 1687/6/3 1688/6/3
f 1689/6/4 1690/6/4 1691/6/4 1692/6/4
f 1693/4/4 1694/4/4 1695/4/4 1696/4/4
f 1697/4/1 1698/4/1 1699/4/1 1700/4/1
f 1701/4/1 1702/4/1 1703/4/1 1704/4/1
f 1705/4/3 1706/4/3 1707/4/3 1708/4/3
f 1709/4/4 1710/4/4 1711/4/4 1712/4/4
f 1713/4/2 1714/4/2 1715/4/2 1716/4/2
f 1717/4/5 1718/4/5 1719/4/5 1720/4/5
f 1721/4/6 1722/4/6 1723/4/6 1724/4/6
f 1725/4/2 1726/4/2 1727/4/2 1728/4/2
f 1729/4/3 1730/4/3 1731/4/3 1732/4/3
f 1733/4/5 1734/4/5 1735/4/5 1736/4/5
f 1737/4/6 1738/4/6 1739/4/6 1740/4/6
f 1741/9/3 1742/9/3 1743/9/3 1744/9/3
f 1745/9/4 1746/9/4 1747/9/4 1748/9/4
f 1749/6/3 1750/6/3 1751/6/3 1752/6/3
f 1753/6/4 1754/6/4 1755/6/4 1756/6/4
f 1757/9/3 1758/9/3 1759/9/3 1760/9/3
f 1761/9/4 1762/9/4 1763/9/4 1764/9/4
f 1765/1/3 1766/1/3 1767/1/3 1768/1/3
f 1769/1/4 1770/1/4 1771/1/4 1772/1/4
f 1773/6/3 1774/6/3 1775/6/3 1776/6/3
f 1777/6/4 1778/6/4 1779/6/4 1780/6/4
f 1781/4/4 1782/4/4 1783/4/4 1784/4/4
f 1785/4/1 1786/4/1 1787/4/1 1788/4/1
f 1789/4/2 1790/4/2 1791/4/2 1792/4/2
f 1793/4/5 1794/4/5 1795/4/5 1796/4/5
f 1797/4/1 1798/4/1 1799/4/1 1800/4/1
f 1801/4/2 1802/4/2 1803/4/2 1804/4/2
f 1805/4/3 1806/4/3 1807/4/3 1808/4/3
f 1809/4/5 1810/4/5 1811/4/5 1812/4/5
f 1813/7/3 1814/7/3 1815/7/3 1816/7/3
f 1817/7/4 1818/7/4 1819/7/4 1820/7/4
f 1821/7/3 1822/7/3 1823/7/3 1824/7/3
f 1825/7/4 1826/7/4 1827/7/4 1828/7/4
f 1829/10/3 1830/10/3 1831/10/3 1832/10/3
f 1833/10/4 1834/10/4 1835/10/4 1836/10/4
f 1837/8/3 1838/8/3 1839/8/3 1840/8/3
f 1841/8/4 1842/8/4 1843/8/4 1844/8/4
f 1845/5/3 1846/5/3 1847/5/3 1848/5/3
f 1849/5/4 1850/5/4 1851/5/4 1852/5/4
f 1853/5/3 1854/5/3 1855/5/3 1856/5/3
f 1857/5/4 1858/5/4 1859/5/4 1860/5/4
f 1861/7/3 1862/7/3 1863/7/3 1864/7/3
f 1865/7/4 1866/7/4 1867/7/4 1868/7/4
f 1869/7/3 1870/7/3 1871/7/3 1872/7/3
f 1873/7/4 1874/7/4 1875/7/4 1876/7/4
f 1877/7/3 1878/7/3 1879/7/3 1880/7/3
f 1881/7/4 1882/7/4 1883/7/4 1884/7/4
f 1885/4/4 1886/4/4 1887/4/4 1888/4/4
f 1889/4/1 1890/4/1 1891/4/1 1892/4/1
f 1893/4/2 1894/4/2 1895/4/2 1896/4/2
f 1897/4/6 1898/4/6 1899/4/6 1900/4/6
f 1901/4/1 1902/4/1 1903/4/1 1904/4/1
f 1905/4/2 1906/4/2 1907/4/2 1908/4/2
f 1909/4/3 1910/4/3 1911/4/3 1912/4/3
f 1913/4/6 1914/4/6 1915/4/6 1916/4/6
f 1917/8/2 1918/8/2 1919/8/2 1920/8/2
f 1921/8/3 1922/8/3 1923/8/3 1924/8/3
f 1925/8/4 1926/8/4 1927/8/4 1928/8/4
f 1929/9/1 1930/9/1 1931/9/1 1932/9/1
f 1933/9/3 1934/9/3 1935/9/3 1936/9/3
f 1937/9/4 1938/9/4 1939/9/4 1940/9/4
f 1941/4/4 1942/4/4 1943/4/4 1944/4/4
f 1945/4/1 1946/4/1 1947/4/1 1948/4/1
f 1949/4/2 1950/4/2 1951/4/2 1952/4/2
f 1953/4/5 1954/4/5 1955/4/5 1956/4/5
f 1957/4/1 1958/4/1 1959/4/1 1960/4/1
f 1961/4/2 1962/4/2 1963/4/2 1964/4/2
f 1965/4/3 1966/4/3 1967/4/3 1968/4/3
f 1969/4/5 1970/4/5 1971/4/5 1972/4/5
f 1973/9/3 1974/9/3 1975/9/3 1976/9/3
f 1977/9/4 1978/9/4 1979/9/4 1980/9/4
f 1981/4/4 1982/4/4 1983/4/4 1984/4/4
f 1985/4/1 1986/4/1 1987/4/1 1988/4/1
f 1989/4/2 1990/4/2 1991/4/2 1992/4/2
f 1993/4/5 1994/4/5 1995/4/5 1996/4/5
f 1997/4/6 1998/4/6 1999/4/6 2000/4/6
f 2001/4/1 2002/4/1 2003/4/1 2004/4/1
f 2005/4/2 2006/4/2 2007/4/2 2008/4/2
f 2009/4/3 2010/4/3 2011/4/3 2012/4/3
f 2013/4/5 2014/4/5 2015/4/5 2016/4/5
f 2017/4/6 2018/4/6 2019/4/6 2020/4/6
f 2021/1/3 2022/1/3 2023/1/3 2024/1/3
f 2025/1/4 2026/1/4 2027/1/4 2028/1/4
f 2029/4/4 2030/4/4 2031/4/4 2032/4/4
f 2033/4/1 2034/4/1 2035/4/1 2036/4/1
f 2037/4/2 2038/4/2 2039/4/2 2040/4/2
f 2041/4/5 2042/4/5 2043/4/5 2044/4/5
f 2045/4/1 2046/4/1 2047/4/1 2048/4/1
f 2049/4/2 2050/4/2 2051/4/2 2052/4/2
f 2053/4/3 2054/4/3 2055/4/3 2056/4/3
f 2057/4/5 2058/4/5 2059/4/5 2060/4/5
f 2061/9/3 2062/9/3 2063/9/3 2064/9/3
f 2065/9/4 2066/9/4 2067/9/4 2068/9/4
f 2069/1/3 2070/1/3 2071/1/3 2072/1/3
f 2073/1/4 2074/1/4 2075/1/4 2076/1/4
f 2077/6/3 2078/6/3 2079/6/3 2080/6/3
f 2081/6/4 2082/6/4 2083/6/4 2084/6/4
f 2085/9/3 2086/9/3 2087/9/3 2088/9/3
f 2089/9/4 2090/9/4 2091/9/4 2092/9/4
f 2093/6/3 2094/6/3 2095/6/3 2096/6/3
f 2097/6/4 2098/6/4 2099/6/4 2100/6/4
f 2101/4/4 2102/4/4 2103/4/4 2104/4/4
f 2105/4/1 2106/4/1 2107/4/1 2108/4/1
f 2109/4/2 2110/4/2 2111/4/2 2112/4/2
f 2113/4/5 2114/4/5 2115/4/5 2116/4/5
f 2117/4/6 2118/4/6 2119/4/6 2120/4/6
f 2121/4/1 2122/4/1 2123/4/1 2124/4/1
f 2125/4/2 2126/4/2 2127/4/2 2128/4/2
f 2129/4/3 2130/4/3 2131/4/3 2132/4/3
f 2133/4/5 2134/4/5 2135/4/5 2136/4/5
f 2137/4/6 2138/4/6 2139/4/6 2140/4/6
f 2141/8/3 2142/8/3 2143/8/3 2144/8/3
f 2145/8/4 2146/8/4 2147/8/4 2148/8/4
f 2149/7/3 2150/7/3 2151/7/3 2152/7/3
f 2153/7/4 2154/7/4 2155/7/4 2156/7/4
f 2157/7/3 2158/7/3 2159/7/3 2160/7/3
f 2161/7/4 2162/7/4 2163/7/4 2164/7/4
f 2165/10/3 2166/10/3 2167/10/3 2168/10/3
f 2169/10/4 2170/10/4 2171/10/4 2172/10/4
f 2173/5/3 2174/5/3 2175/5/3 2176/5/3
f 2177/5/4 2178/5/4 2179/5/4 2180/5/4
f 2181/8/3 2182/8/3 2183/8/3 2184/8/3
f 2185/8/4 2186/8/4 2187/8/4 2188/8/4
f 2189/8/3 2190/8/3 2191/8/3 2192/8/3
f 2193/8/4 2194/8/4 2195/8/4 2196/8/4
f 2197/7/3 2198/7/3 2199/7/3 2200/7/3
f 2201/7/4 2202/7/4 2203/7/4 2204/7/4
f 2205/7/3 2206/7/3 2207/7/3 2208/7/3
f 2209/7/4 2210/7/4 2211/7/4 2212/7/4
f 2213/7/3 2214/7/3 2215/7/3 2216/7/3
f 2217/7/4 2218/7/4 2219/7/4 2220/7/4
f 2221/4/4 2222/4/4 2223/4/4 2224/4/4
f 2225/4/1 2226/4/1 2227/4/1 2228/4/1
f 2229/4/2 2230/4/2 2231/4/2 2232/4/2
f 2233/4/5 2234/4/5 2235/4/5 2236/4/5
f 2237/4/1 2238/4/1 2239/4/1 2240/4/1
f 2241/4/2 2242/4/2 2243/4/2 2244/4/2
f 2245/4/3 2246/4/3 2247/4/3 2248/4/3
f 2249/4/5 2250/4/5 2251/4/5 2252/4/5
f 2253/6/2 2254/6/2 2255/6/2 2256/6/2
f 2257/6/3 2258/6/3 2259/6/3 2260/6/3
f 2261/6/4 2262/6/4 2263/6/4 2264/6/4
f 2265/9/1 2266/9/1 2267/9/1 2268/9/1
f 2269/9/3 2270/9/3 2271/9/3 2272/9/3
f 2273/9/4 2274/9/4 2275/9/4 2276/9/4
f 2277/9/3 2278/9/3 2279/9/3 2280/9/3
f 2281/9/4 2282/9/4 2283/9/4 2284/9/4
f 2285/6/3 2286/6/3 2287/6/3 2288/6/3
f 2289/6/4 2290/6/4 2291/6/4 2292/6/4
f 2293/1/3 2294/1/3 2295/1/3 2296/1/3
f 2297/1/4 2298/1/4 2299/1/4 2300/1/4
f 2301/1/3 2302/1/3 2303/1/3 2304/1/3
f 2305/1/4 2306/1/4 2307/1/4 2308/1/4
f 2309/6/3 2310/6/3 2311/6/3 2312/6/3
f 2313/6/4 2314/6/4 2315/6/4 2316/6/4
f 2317/9/3 2318/9/3 2319/9/3 2320/9/3
f 2321/9/4 2322/9/4 2323/9/4 2324/9/4
f 2325/6/3 2326/6/3 2327/6/3 2328/6/3
f 2329/6/4 2330/6/4 2331/6/4 2332/6/4
f 2333/1/3 2334/1/3 2335/1/3 2336/1/3
f 2337/1/4 2338/1/4 2339/1/4 2340/1/4
f 2341/4/4 2342/4/4 2343/4/4 2344/4/4
f 2345/4/1 2346/4/1 2347/4/1 2348/4/1
f 2349/4/2 2350/4/2 2351/4/2 2352/4/2
f 2353/4/5 2354/4/5 2355/4/5 2356/4/5
f 2357/4/6 2358/4/6 2359/4/6 2360/4/6
f 2361/4/1 2362/4/1 2363/4/1 2364/4/1
f 2365/4/2 2366/4/2 2367/4/2 2368/4/2
f 2369/4/3 2370/4/3 2371/4/3 2372/4/3
f 2373/4/5 2374/4/5 2375/4/5 2376/4/5
f 2377/4/6 2378/4/6 2379/4/6 2380/4/6
f 2381/6/3 2382/6/3 2383/6/3 2384/6/3
f 2385/6/4 2386/6/4 2387/6/4 2388/6/4
f 2389/7/3 2390/7/3 2391/7/3 2392/7/3
f 2393/7/4 2394/7/4 2395/7/4 2396/7/4
f 2397/7/3 2398/7/3 2399/7/3 2400/7/3
f 2401/7/4 2402/7/4 2403/7/4 2404/7/4
f 2405/7/3 2406/7/3 2407/7/3 2408/7/3
f 2409/7/4 2410/7/4 2411/7/4 2412/7/4
f 2413/7/3 2414/7/3 2415/7/3 2416/7/3
f 2417/7/4 2418/7/4 2419/7/4 2420/7/4
f 2421/8/3 2422/8/3 2423/8/3 2424/8/3
f 2425/8/4 2426/8/4 2427/8/4 2428/8/4
f 2429/8/3 2430/8/3 2431/8/3 2432/8/3
f 2433/8/4 2434/8/4 2435/8/4 2436/8/4
f 2437/10/3 2438/10/3 2439/10/3 2440/10/3
f 2441/10/4 2442/10/4 2443/10/4 2444/10/4
f 2445/10/3 2446/10/3 2447/10/3 2448/10/3
f 2449/10/4 2450/10/4 2451/10/4 2452/10/4
f 2453/7/3 2454/7/3 2455/7/3 2456/7/3
f 2457/7/4 2458/7/4 2459/7/4 2460/7/4
f 2461/3/3 2462/3/3 2463/3/3 2464/3/3
f 2465/3/4 2466/3/4 2467/3/4 2468/3/4
f 2469/7/3 2470/7/3 2471/7/3 2472/7/3
f 2473/7/4 2474/7/4 2475/7/4 2476/7/4
f 2477/8/3 2478/8/3 2479/8/3 2480/8/3
f 2481/8/4 2482/8/4 2483/8/4 2484/8/4
f 2485/4/2 2486/4/2 2487/4/2 2488/4/2
f 2489/4/4 2490/4/4 2491/4/4 2492/4/4
f 2493/4/1 2494/4/1 2495/4/1 2496/4/1
f 2497/4/2 2498/4/2 2499/4/2 2500/4/2
f 2501/4/6 2502/4/6 2503/4/6 2504/4/6
f 2505/4/1 2506/4/1 2507/4/1 2508/4/1
f 2509/4/2 2510/4/2 2511/4/2 2512/4/2
f 2513/4/3 2514/4/3 2515/4/3 2516/4/3
f 2517/4/6 2518/4/6 2519/4/6 2520/4/6
f 2521/9/1 2522/9/1 2523/9/1 2524/9/1
f 2525/9/3 2526/9/3 2527/9/3 2528/9/3
f 2529/9/4 2530/9/4 2531/9/4 2532/9/4
f 2533/9/3 2534/9/3 2535/9/3 2536/9/3
f 2537/9/4 2538/9/4 2539/9/4 2540/9/4
f 2541/4/4 2542/4/4 2543/4/4 2544/4/4
f 2545/4/1 2546/4/1 2547/4/1 2548/4/1
f 2549/4/5 2550/4/5 2551/4/5 2552/4/5
f 2553/4/6 2554/4/6 2555/4/6 2556/4/6
f 2557/4/1 2558/4/1 2559/4/1 2560/4/1
f 2561/4/3 2562/4/3 2563/4/3 2564/4/3
f 2565/4/5 2566/4/5 2567/4/5 2568/4/5
f 2569/4/6 2570/4/6 2571/4/6 2572/4/6
f 2573/4/4 2574/4/4 2575/4/4 2576/4/4
f 2577/4/2 2578/4/2 2579/4/2 2580/4/2
f 2581/4/5 2582/4/5 2583/4/5 2584/4/5
f 2585/4/6 2586/4/6 2587/4/6 2588/4/6
f 2589/4/2 2590/4/2 2591/4/2 2592/4/2
f 2593/4/3 2594/4/3 2595/4/3 2596/4/3
f 2597/4/5 2598/4/5 2599/4/5 2600/4/5
f 2601/4/6 2602/4/6 2603/4/6 2604/4/6
f 2605/9/3 2606/9/3 2607/9/3 2608/9/3
f 2609/9/4 2610/9/4 2611/9/4 2612/9/4
f 2613/9/3 2614/9/3 2615/9/3 2616/9/3
f 2617/9/4 2618/9/4 2619/9/4 2620/9/4
f 2621/1/3 2622/1/3 2623/1/3 2624/1/3
f 2625/1/4 2626/1/4 2627/1/4 2628/1/4
f 2629/4/4 2630/4/4 2631/4/4 2632/4/4
f 2633/4/1 2634/4/1 2635/4/1 2636/4/1
f 2637/4/2 2638/4/2 2639/4/2 2640/4/2
f 2641/4/5 2642/4/5 2643/4/5 2644/4/5
f 2645/4/6 2646/4/6 2647/4/6 2648/4/6
f 2649/4/1 2650/4/1 2651/4/1 2652/4/1
f 2653/4/2 2654/4/2 2655/4/2 2656/4/2
f 2657/4/3 2658/4/3 2659/4/3 2660/4/3
f 2661/4/5 2662/4/5 2663/4/5 2664/4/5
f 2665/4/6 2666/4/6 2667/4/6 2668/4/6
f 2669/9/3 2670/9/3 2671/9/3 2672/9/3
f 2673/9/4 2674/9/4 2675/9/4 2676/9/4
f 2677/9/3 2678/9/3 2679/9/3 2680/9/3
f 2681/9/4 2682/9/4 2683/9/4 2684/9/4
f 2685/4/4 2686/4/4 2687/4/4 2688/4/4
f 2689/4/1 2690/4/1 2691/4/1 2692/4/1
f 2693/4/2 2694/4/2 2695/4/2 2696/4/2
f 2697/4/6 2698/4/6 2699/4/6 2700/4/6
f 2701/4/1 2702/4/1 2703/4/1 2704/4/1
f 2705/4/2 2706/4/2 2707/4/2 2708/4/2
f 2709/4/3 2710/4/3 2711/4/3 2712/4/3
f 2713/4/6 2714/4/6 2715/4/6 2716/4/6
f 2717/7/3 2718/7/3 2719/7/3 2720/7/3
f 2721/7/4 2722/7/4 2723/7/4 2724/7/4
f 2725/7/3 2726/7/3 2727/7/3 2728/7/3
f 2729/7/4 2730/7/4 2731/7/4 2732/7/4
f 2733/7/3 2734/7/3 2735/7/3 2736/7/3
f 2737/7/4 2738/7/4 2739/7/4 2740/7/4
f 2741/10/3 2742/10/3 2743/10/3 2744/10/3
f 2745/10/4 2746/10/4 2747/10/4 2748/10/4
f 2749/5/3 2750/5/3 2751/5/3 2752/5/3
f 2753/5/4 2754/5/4 2755/5/4 2756/5/4
f 2757/5/3 2758/5/3 2759/5/3 2760/5/3
f 2761/5/4 2762/5/4 2763/5/4 2764/5/4
f 2765/7/3 2766/7/3 2767/7/3 2768/7/3
f 2769/7/4 2770/7/4 2771/7/4 2772/7/4
f 2773/10/3 2774/10/3 2775/10/3 2776/10/3
f 2777/10/4 2778/10/4 2779/10/4 2780/10/4
f 2781/3/3 2782/3/3 2783/3/3 2784/3/3
f 2785/3/4 2786/3/4 2787/3/4 2788/3/4
f 2789/8/3 2790/8/3 2791/8/3 2792/8/3
f 2793/8/4 2794/8/4 2795/8/4 2796/8/4
f 2797/3/3 2798/3/3 2799/3/3 2800/3/3
f 2801/3/4 2802/3/4 2803/3/4 2804/3/4
f 2805/8/3 2806/8/3 2807/8/3 2808/8/3
f 2809/8/4 2810/8/4 2811/8/4 2812/8/4
f 2813/4/2 2814/4/2 2815/4/2 2816/4/2
f 2817/4/4 2818/4/4 2819/4/4 2820/4/4
f 2821/4/1 2822/4/1 2823/4/1 2824/4/1
f 2825/4/2 2826/4/2 2827/4/2 2828/4/2
f 2829/4/1 2830/4/1 2831/4/1 2832/4/1
f 2833/4/2 2834/4/2 2835/4/2 2836/4/2
f 2837/4/3 2838/4/3 2839/4/3 2840/4/3
f 2841/4/1 2842/4/1 2843/4/1 2844/4/1
f 2845/4/4 2846/4/4 2847/4/4 2848/4/4
f 2849/4/1 2850/4/1 2851/4/1 2852/4/1
f 2853/4/5 2854/4/5 2855/4/5 2856/4/5
f 2857/4/6 2858/4/6 2859/4/6 2860/4/6
f 2861/4/1 2862/4/1 2863/4/1 2864/4/1
f 2865/4/3 2866/4/3 2867/4/3 2868/4/3
f 2869/4/5 2870/4/5 2871/4/5 2872/4/5
f 2873/4/6 2874/4/6 2875/4/6 2876/4/6
f 2877/4/4 2878/4/4 2879/4/4 2880/4/4
f 2881/4/2 2882/4/2 2883/4/2 2884/4/2
f 2885/4/5 2886/4/5 2887/4/5 2888/4/5
f 2889/4/6 2890/4/6 2891/4/6 2892/4/6
f 2893/4/2 2894/4/2 2895/4/2 2896/4/2
f 2897/4/3 2898/4/3 2899/4/3 2900/4/3
f 2901/4/5 2902/4/5 2903/4/5 2904/4/5
f 2905/4/6 2906/4/6 2907/4/6 2908/4/6
f 2909/9/3 2910/9/3 2911/9/3 2912/9/3
f 2913/9/4 2914/9/4 2915/9/4 2916/9/4
f 2917/6/3 2918/6/3 2919/6/3 2920/6/3
f 2921/6/4 2922/6/4 2923/6/4 2924/6/4
f 2925/1/3 2926/1/3 2927/1/3 2928/1/3
f 2929/1/4 2930/1/4 2931/1/4 2932/1/4
f 2933/4/4 2934/4/4 2935/4/4 2936/4/4
f 2937/4/1 2938/4/1 2939/4/1 2940/4/1
f 2941/4/2 2942/4/2 2943/4/2 2944/4/2
f 2945/4/5 2946/4/5 2947/4/5 2948/4/5
f 2949/4/6 2950/4/6 2951/4/6 2952/4/6
f 2953/4/1 2954/4/1 2955/4/1 2956/4/1
f 2957/4/2 2958/4/2 2959/4/2 2960/4/2
f 2961/4/3 2962/4/3 2963/4/3 2964/4/3
f 2965/4/5 2966/4/5 2967/4/5 2968/4/5
f 2969/4/6 2970/4/6 2971/4/6 2972/4/6
f 2973/1/3 2974/1/3 2975/1/3 2976/1/3
f 2977/1/4 2978/1/4 2979/1/4 2980/1/4
f 2981/1/3 2982/1/3 2983/1/3 2984/1/3
f 2985/1/4 2986/1/4 2987/1/4 2988/1/4
f 2989/9/3 2990/9/3 2991/9/3 2992/9/3
f 2993/9/4 2994/9/4 2995/9/4 2996/9/4
f 2997/9/3 2998/9/3 2999/9/3 3000/9/3
f 3001/9/4 3002/9/4 3003/9/4 3004/9/4
f 3005/4/4 3006/4/4 3007/4/4 3008/4/4
f 3009/4/1 3010/4/1 3011/4/1 3012/4/1
f 3013/4/2 3014/4/2 3015/4/2 3016/4/2
f 3017/4/5 3018/4/5 3019/4/5 3020/4/5
f 3021/4/1 3022/4/1 3023/4/1 3024/4/1
f 3025/4/2 3026/4/2 3027/4/2 3028/4/2
f 3029/4/3 3030/4/3 3031/4/3 3032/4/3
f 3033/4/5 3034/4/5 3035/4/5 3036/4/5
f 3037/7/3 3038/7/3 3039/7/3 3040/7/3
f 3041/7/4 3042/7/4 3043/7/4 3044/7/4
f 3045/3/3 3046/3/3 3047/3/3 3048/3/3
f 3049/3/4 3050/3/4 3051/3/4 3052/3/4
f 3053/10/3 3054/10/3 3055/10/3 3056/10/3
f 3057/10/4 3058/10/4 3059/10/4 3060/10/4
f 3061/8/3 3062/8/3 3063/8/3 3064/8/3
f 3065/8/4 3066/8/4 3067/8/4 3068/8/4
f 3069/5/3 3070/5/3 3071/5/3 3072/5/3
f 3073/5/4 3074/5/4 3075/5/4 3076/5/4
f 3077/8/3 3078/8/3 3079/8/3 3080/8/3
f 3081/8/4 3082/8/4 3083/8/4 3084/8/4
f 3085/10/3 3086/10/3 3087/10/3 3088/10/3
f 3089/10/4 3090/10/4 3091/10/4 3092/10/4
f 3093/8/3 3094/8/3 3095/8/3 3096/8/3
f 3097/8/4 3098/8/4 3099/8/4 3100/8/4
f 3101/10/3 3102/10/3 3103/10/3 3104/10/3
f 3105/10/4 3106/10/4 3107/10/4 3108/10/4
f 3109/8/3 3110/8/3 3111/8/3 3112/8/3
f 3113/8/4 3114/8/4 3115/8/4 3116/8/4
f 3117/10/3 3118/10/3 3119/10/3 3120/10/3
f 3121/10/4 3122/10/4 3123/10/4 3124/10/4
f 3125/7/3 3126/7/3 3127/7/3 3128/7/3
f 3129/7/4 3130/7/4 3131/7/4 3132/7/4
f 3133/4/2 3134/4/2 3135/4/2 3136/4/2
f 3137/4/4 3138/4/4 3139/4/4 3140/4/4
f 3141/4/1 3142/4/1 3143/4/1 3144/4/1
f 3145/4/2 3146/4/2 3147/4/2 3148/4/2
f 3149/4/5 3150/4/5 3151/4/5 3152/4/5
f 3153/4/1 3154/4/1 3155/4/1 3156/4/1
f 3157/4/2 3158/4/2 3159/4/2 3160/4/2
f 3161/4/3 3162/4/3 3163/4/3 3164/4/3
f 3165/4/5 3166/4/5 3167/4/5 3168/4/5
f 3169/9/1 3170/9/1 3171/9/1 3172/9/1
f 3173/9/3 3174/9/3 3175/9/3 3176/9/3
f 3177/9/4 3178/9/4 3179/9/4 3180/9/4
f 3181/6/3 3182/6/3 3183/6/3 3184/6/3
f 3185/6/4 3186/6/4 3187/6/4 3188/6/4
f 3189/4/4 3190/4/4 3191/4/4 3192/4/4
f 3193/4/1 3194/4/1 3195/4/1 3196/4/1
f 3197/4/2 3198/4/2 3199/4/2 3200/4/2
f 3201/4/6 3202/4/6 3203/4/6 3204/4/6
f 3205/4/1 3206/4/1 3207/4/1 3208/4/1
f 3209/4/2 3210/4/2 3211/4/2 3212/4/2
f 3213/4/3 3214/4/3 3215/4/3 3216/4/3
f 3217/4/6 3218/4/6 3219/4/6 3220/4/6
f 3221/9/3 3222/9/3 3223/9/3 3224/9/3
f 3225/9/4 3226/9/4 3227/9/4 3228/9/4
f 3229/6/3 3230/6/3 3231/6/3 3232/6/3
f 3233/6/4 3234/6/4 3235/6/4 3236/6/4
f 3237/9/3 3238/9/3 3239/9/3 3240/9/3
f 3241/9/4 3242/9/4 3243/9/4 3244/9/4
f 3245/4/4 3246/4/4 3247/4/4 3248/4/4
f 3249/4/1 3250/4/1 3251/4/1 3252/4/1
f 3253/4/2 3254/4/2 3255/4/2 3256/4/2
f 3257/4/5 3258/4/5 3259/4/5 3260/4/5
f 3261/4/6 3262/4/6 3263/4/6 3264/4/6
f 3265/4/1 3266/4/1 3267/4/1 3268/4/1
f 3269/4/2 3270/4/2 3271/4/2 3272/4/2
f 3273/4/3 3274/4/3 3275/4/3 3276/4/3
f 3277/4/5 3278/4/5 3279/4/5 3280/4/5
f 3281/4/6 3282/4/6 3283/4/6 3284/4/6
f 3285/9/3 3286/9/3 3287/9/3 3288/9/3
f 3289/9/4 3290/9/4 3291/9/4 3292/9/4
f 3293/4/4 3294/4/4 3295/4/4 3296/4/4
f 3297/4/1 3298/4/1 3299/4/1 3300/4/1
f 3301/4/5 3302/4/5 3303/4/5 3304/4/5
f 3305/4/6 3306/4/6 3307/4/6 3308/4/6
f 3309/4/1 3310/4/1 3311/4/1 3312/4/1
f 3313/4/3 3314/4/3 3315/4/3 3316/4/3
f 3317/4/5 3318/4/5 3319/4/5 3320/4/5
f 3321/4/6 3322/4/6 3323/4/6 3324/4/6
f 3325/4/4 3326/4/4 3327/4/4 3328/4/4
f 3329/4/2 3330/4/2 3331/4/2 3332/4/2
f 3333/4/5 3334/4/5 3335/4/5 3336/4/5
f 3337/4/6 3338/4/6 3339/4/6 3340/4/6
f 3341/4/2 3342/4/2 3343/4/2 3344/4/2
f 3345/4/3 3346/4/3 3347/4/3 3348/4/3
f 3349/4/5 3350/4/5 3351/4/5 3352/4/5
f 3353/4/6 3354/4/6 3355/4/6 3356/4/6
f 3357/7/3 3358/7/3 3359/7/3 3360/7/3
f 3361/7/4 3362/7/4 3363/7/4 3364/7/4
f 3365/7/3 3366/7/3 3367/7/3 3368/7/3
f 3369/7/4 3370/7/4 3371/7/4 3372/7/4
f 3373/7/3 3374/7/3 3375/7/3 3376/7/3
f 3377/7/4 3378/7/4 3379/7/4 3380/7/4
f 3381/8/3 3382/8/3 3383/8/3 3384/8/3
f 3385/8/4 3386/8/4 3387/8/4 3388/8/4
f 3389/5/3 3390/5/3 3391/5/3 3392/5/3
f 3393/5/4 3394/5/4 3395/5/4 3396/5/4
f 3397/8/3 3398/8/3 3399/8/3 3400/8/3
f 3401/8/4 3402/8/4 3403/8/4 3404/8/4
f 3405/5/3 3406/5/3 3407/5/3 3408/5/3
f 3409/5/4 3410/5/4 3411/5/4 3412/5/4
f 3413/8/3 3414/8/3 3415/8/3 3416/8/3
f 3417/8/4 3418/8/4 3419/8/4 3420/8/4
f 3421/5/3 3422/5/3 3423/5/3 3424/5/3
f 3425/5/4 3426/5/4 3427/5/4 3428/5/4
f 3429/3/3 3430/3/3 3431/3/3 3432/3/3
f 3433/3/4 3434/3/4 3435/3/4 3436/3/4
f 3437/10/3 3438/10/3 3439/10/3 3440/10/3
f 3441/10/4 3442/10/4 3443/10/4 3444/10/4
f 3445/3/3 3446/3/3 3447/3/3 3448/3/3
f 3449/3/4 3450/3/4 3451/3/4 3452/3/4
f 3453/7/3 3454/7/3 3455/7/3 3456/7/3
f 3457/7/4 3458/7/4 3459/7/4 3460/7/4
f 3461/7/2 3462/7/2 3463/7/2 3464/7/2
f 3465/7/3 3466/7/3 3467/7/3 3468/7/3
f 3469/7/4 3470/7/4 3471/7/4 3472/7/4
f 3473/4/1 3474/4/1 3475/4/1 3476/4/1
f 3477/4/4 3478/4/4 3479/4/4 3480/4/4
f 3481/4/1 3482/4/1 3483/4/1 3484/4/1
f 3485/4/2 3486/4/2 3487/4/2 3488/4/2
f 3489/4/5 3490/4/5 3491/4/5 3492/4/5
f 3493/4/6 3494/4/6 3495/4/6 3496/4/6
f 3497/4/1 3498/4/1 3499/4/1 3500/4/1
f 3501/4/2 3502/4/2 3503/4/2 3504/4/2
f 3505/4/3 3506/4/3 3507/4/3 3508/4/3
f 3509/4/5 3510/4/5 3511/4/5 3512/4/5
f 3513/4/6 3514/4/6 3515/4/6 3516/4/6
f 3517/9/3 3518/9/3 3519/9/3 3520/9/3
f 3521/9/4 3522/9/4 3523/9/4 3524/9/4
f 3525/4/4 3526/4/4 3527/4/4 3528/4/4
f 3529/4/1 3530/4/1 3531/4/1 3532/4/1
f 3533/4/2 3534/4/2 3535/4/2 3536/4/2
f 3537/4/5 3538/4/5 3539/4/5 3540/4/5
f 3541/4/1 3542/4/1 3543/4/1 3544/4/1
f 3545/4/2 3546/4/2 3547/4/2 3548/4/2
f 3549/4/3 3550/4/3 3551/4/3 3552/4/3
f 3553/4/5 3554/4/5 3555/4/5 3556/4/5
f 3557/1/3 3558/1/3 3559/1/3 3560/1/3
f 3561/1/4 3562/1/4 3563/1/4 3564/1/4
f 3565/4/4 3566/4/4 3567/4/4 3568/4/4
f 3569/4/1 3570/4/1 3571/4/1 3572/4/1
f 3573/4/2 3574/4/2 3575/4/2 3576/4/2
f 3577/4/5 3578/4/5 3579/4/5 3580/4/5
f 3581/4/6 3582/4/6 3583/4/6 3584/4/6
f 3585/4/1 3586/4/1 3587/4/1 3588/4/1
f 3589/4/2 3590/4/2 3591/4/2 3592/4/2
f 3593/4/3 3594/4/3 3595/4/3 3596/4/3
f 3597/4/5 3598/4/5 3599/4/5 3600/4/5
f 3601/4/6 3602/4/6 3603/4/6 3604/4/6
f 3605/9/3 3606/9/3 3607/9/3 3608/9/3
f 3609/9/4 3610/9/4 3611/9/4 3612/9/4
f 3613/9/3 3614/9/3 3615/9/3 3616/9/3
f 3617/9/4 3618/9/4 3619/9/4 3620/9/4
f 3621/6/3 3622/6/3 3623/6/3 3624/6/3
f 3625/6/4 3626/6/4 3627/6/4 3628/6/4
f 3629/1/3 3630/1/3 3631/1/3 3632/1/3
f 3633/1/4 3634/1/4 3635/1/4 3636/1/4
f 3637/7/3 3638/7/3 3639/7/3 3640/7/3
f 3641/7/4 3642/7/4 3643/7/4 3644/7/4
f 3645/7/3 3646/7/3 3647/7/3 3648/7/3
f 3649/7/4 3650/7/4 3651/7/4 3652/7/4
f 3653/7/3 3654/7/3 3655/7/3 3656/7/3
f 3657/7/4 3658/7/4 3659/7/4 3660/7/4
f 3661/7/3 3662/7/3 3663/7/3 3664/7/3
f 3665/7/4 3666/7/4 3667/7/4 3668/7/4
f 3669/10/3 3670/10/3 3671/10/3 3672/10/3
f 3673/10/4 3674/10/4 3675/10/4 3676/10/4
f 3677/5/3 3678/5/3 3679/5/3 3680/5/3
f 3681/5/4 3682/5/4 3683/5/4 3684/5/4
f 3685/8/3 3686/8/3 3687/8/3 3688/8/3
f 3689/8/4 3690/8/4 3691/8/4 3692/8/4
f 3693/8/3 3694/8/3 3695/8/3 3696/8/3
f 3697/8/4 3698/8/4 3699/8/4 3700/8/4
f 3701/5/3 3702/5/3 3703/5/3 3704/5/3
f 3705/5/4 3706/5/4 3707/5/4 3708/5/4
f 3709/8/3 3710/8/3 3711/8/3 3712/8/3
f 3713/8/4 3714/8/4 3715/8/4 3716/8/4
f 3717/3/3 3718/3/3 3719/3/3 3720/3/3
f 3721/3/4 3722/3/4 3723/3/4 3724/3/4
f 3725/10/3 3726/10/3 3727/10/3 3728/10/3
f 3729/10/4 3730/10/4 3731/10/4 3732/10/4
f 3733/7/3 3734/7/3 3735/7/3 3736/7/3
f 3737/7/4 3738/7/4 3739/7/4 3740/7/4
f 3741/7/3 3742/7/3 3743/7/3 3744/7/3
f 3745/7/4 3746/7/4 3747/7/4 3748/7/4
f 3749/7/2 3750/7/2 3751/7/2 3752/7/2
f 3753/7/3 3754/7/3 3755/7/3 3756/7/3
f 3757/7/4 3758/7/4 3759/7/4 3760/7/4
f 3761/9/1 3762/9/1 3763/9/1 3764/9/1
f 3765/9/3 3766/9/3 3767/9/3 3768/9/3
f 3769/9/4 3770/9/4 3771/9/4 3772/9/4
f 3773/6/3 3774/6/3 3775/6/3 3776/6/3
f 3777/6/4 3778/6/4 3779/6/4 3780/6/4
f 3781/9/3 3782/9/3 3783/9/3 3784/9/3
f 3785/9/4 3786/9/4 3787/9/4 3788/9/4
f 3789/1/3 3790/1/3 3791/1/3 3792/1/3
f 3793/1/4 3794/1/4 3795/1/4 3796/1/4
f 3797/6/3 3798/6/3 3799/6/3 3800/6/3
f 3801/6/4 3802/6/4 3803/6/4 3804/6/4
f 3805/4/4 3806/4/4 3807/4/4 3808/4/4
f 3809/4/1 3810/4/1 3811/4/1 3812/4/1
f 3813/4/2 3814/4/2 3815/4/2 3816/4/2
f 3817/4/6 3818/4/6 3819/4/6 3820/4/6
f 3821/4/1 3822/4/1 3823/4/1 3824/4/1
f 3825/4/2 3826/4/2 3827/4/2 3828/4/2
f 3829/4/3 3830/4/3 3831/4/3 3832/4/3
f 3833/4/6 3834/4/6 3835/4/6 3836/4/6
f 3837/9/3 3838/9/3 3839/9/3 3840/9/3
f 3841/9/4 3842/9/4 3843/9/4 3844/9/4
f 3845/4/4 3846/4/4 3847/4/4 3848/4/4
f 3849/4/1 3850/4/1 3851/4/1 3852/4/1
f 3853/4/2 3854/4/2 3855/4/2 3856/4/2
f 3857/4/6 3858/4/6 3859/4/6 3860/4/6
f 3861/4/1 3862/4/1 3863/4/1 3864/4/1
f 3865/4/2 3866/4/2 3867/4/2 3868/4/2
f 3869/4/3 3870/4/3 3871/4/3 3872/4/3
f 3873/4/6 3874/4/6 3875/4/6 3876/4/6
f 3877/1/3 3878/1/3 3879/1/3 3880/1/3
f 3881/1/4 3882/1/4 3883/1/4 3884/1/4
f 3885/4/4 3886/4/4 3887/4/4 3888/4/4
f 3889/4/1 3890/4/1 3891/4/1 3892/4/1
f 3893/4/2 3894/4/2 3895/4/2 3896/4/2
f 3897/4/5 3898/4/5 3899/4/5 3900/4/5
f 3901/4/6 3902/4/6 3903/4/6 3904/4/6
f 3905/4/1 3906/4/1 3907/4/1 3908/4/1
f 3909/4/2 3910/4/2 3911/4/2 3912/4/2
f 3913/4/3 3914/4/3 3915/4/3 3916/4/3
f 3917/4/5 3918/4/5 3919/4/5 3920/4/5
f 3921/4/6 3922/4/6 3923/4/6 3924/4/6
f 3925/7/3 3926/7/3 3927/7/3 3928/7/3
f 3929/7/4 3930/7/4 3931/7/4 3932/7/4
f 3933/7/3 3934/7/3 3935/7/3 3936/7/3
f 3937/7/4 3938/7/4 3939/7/4 3940/7/4
f 3941/7/3 3942/7/3 3943/7/3 3944/7/3
f 3945/7/4 3946/7/4 3947/7/4 3948/7/4
f 3949/3/3 3950/3/3 3951/3/3 3952/3/3
f 3953/3/4 3954/3/4 3955/3/4 3956/3/4
f 3957/8/3 3958/8/3 3959/8/3 3960/8/3
f 3961/8/4 3962/8/4 3963/8/4 3964/8/4
f 3965/8/3 3966/8/3 3967/8/3 3968/8/3
f 3969/8/4 3970/8/4 3971/8/4 3972/8/4
f 3973/10/3 3974/10/3 3975/10/3 3976/10/3
f 3977/10/4 3978/10/4 3979/10/4 3980/10/4
f 3981/8/3 3982/8/3 3983/8/3 3984/8/3
f 3985/8/4 3986/8/4 3987/8/4 3988/8/4
f 3989/5/3 3990/5/3 3991/5/3 3992/5/3
f 3993/5/4 3994/5/4 3995/5/4 3996/5/4
f 3997/10/3 3998/10/3 3999/10/3 4000/10/3
f 4001/10/4 4002/10/4 4003/10/4 4004/10/4
f 4005/8/3 4006/8/3 4007/8/3 4008/8/3
f 4009/8/4 4010/8/4 4011/8/4 4012/8/4
f 4013/7/3 4014/7/3 4015/7/3 4016/7/3
f 4017/7/4 4018/7/4 4019/7/4 4020/7/4
f 4021/7/3 4022/7/3 4023/7/3 4024/7/3
f 4025/7/4 4026/7/4 4027/7/4 4028/7/4
f 4029/7/2 4030/7/2 4031/7/2 4032/7/2
f 4033/7/3 4034/7/3 4035/7/3 4036/7/3
f 4037/7/4 4038/7/4 4039/7/4 4040/7/4
f 4041/4/1 4042/4/1 4043/4/1 4044/4/1
f 4045/4/4 4046/4/4 4047/4/4 4048/4/4
f 4049/4/1 4050/4/1 4051/4/1 4052/4/1
f 4053/4/6 4054/4/6 4055/4/6 4056/4/6
f 4057/4/1 4058/4/1 4059/4/1 4060/4/1
f 4061/4/3 4062/4/3 4063/4/3 4064/4/3
f 4065/4/6 4066/4/6 4067/4/6 4068/4/6
f 4069/4/4 4070/4/4 4071/4/4 4072/4/4
f 4073/4/2 4074/4/2 4075/4/2 4076/4/2
f 4077/4/5 4078/4/5 4079/4/5 4080/4/5
f 4081/4/6 4082/4/6 4083/4/6 4084/4/6
f 4085/4/2 4086/4/2 4087/4/2 4088/4/2
f 4089/4/3 4090/4/3 4091/4/3 4092/4/3
f 4093/4/5 4094/4/5 4095/4/5 4096/4/5
f 4097/4/6 4098/4/6 4099/4/6 4100/4/6
f 4101/9/3 4102/9/3 4103/9/3 4104/9/3
f 4105/9/4 4106/9/4 4107/9/4 4108/9/4
f 4109/1/3 4110/1/3 4111/1/3 4112/1/3
f 4113/1/4 4114/1/4 4115/1/4 4116/1/4
f 4117/9/3 4118/9/3 4119/9/3 4120/9/3
f 4121/9/4 4122/9/4 4123/9/4 4124/9/4
f 4125/4/4 4126/4/4 4127/4/4 4128/4/4
f 4129/4/1 4130/4/1 4131/4/1 4132/4/1
f 4133/4/2 4134/4/2 4135/4/2 4136/4/2
f 4137/4/5 4138/4/5 4139/4/5 4140/4/5
f 4141/4/1 4142/4/1 4143/4/1 4144/4/1
f 4145/4/2 4146/4/2 4147/4/2 4148/4/2
f 4149/4/3 4150/4/3 4151/4/3 4152/4/3
f 4153/4/5 4154/4/5 4155/4/5 4156/4/5
f 4157/1/3 4158/1/3 4159/1/3 4160/1/3
f 4161/1/4 4162/1/4 4163/1/4 4164/1/4
f 4165/4/4 4166/4/4 4167/4/4 4168/4/4
f 4169/4/1 4170/4/1 4171/4/1 4172/4/1
f 4173/4/5 4174/4/5 4175/4/5 4176/4/5
f 4177/4/1 4178/4/1 4179/4/1 4180/4/1
f 4181/4/3 4182/4/3 4183/4/3 4184/4/3
f 4185/4/5 4186/4/5 4187/4/5 4188/4/5
f 4189/4/4 4190/4/4 4191/4/4 4192/4/4
f 4193/4/2 4194/4/2 4195/4/2 4196/4/2
f 4197/4/6 4198/4/6 4199/4/6 4200/4/6
f 4201/4/2 4202/4/2 4203/4/2 4204/4/2
f 4205/4/3 4206/4/3 4207/4/3 4208/4/3
f 4209/4/6 4210/4/6 4211/4/6 4212/4/6
f 4213/8/3 4214/8/3 4215/8/3 4216/8/3
f 4217/8/4 4218/8/4 4219/8/4 4220/8/4
f 4221/7/3 4222/7/3 4223/7/3 4224/7/3
f 4225/7/4 4226/7/4 4227/7/4 4228/7/4
f 4229/2/3 4230/2/3 4231/2/3 4232/2/3
f 4233/2/4 4234/2/4 4235/2/4 4236/2/4
f 4237/7/3 4238/7/3 4239/7/3 4240/7/3
f 4241/7/4 4242/7/4 4243/7/4 4244/7/4
f 4245/7/3 4246/7/3 4247/7/3 4248/7/3
f 4249/7/4 4250/7/4 4251/7/4 4252/7/4
f 4253/3/3 4254/3/3 4255/3/3 4256/3/3
f 4257/3/4 4258/3/4 4259/3/4 4260/3/4
f 4261/8/3 4262/8/3 4263/8/3 4264/8/3
f 4265/8/4 4266/8/4 4267/8/4 4268/8/4
f 4269/8/3 4270/8/3 4271/8/3 4272/8/3
f 4273/8/4 4274/8/4 4275/8/4 4276/8/4
f 4277/5/3 4278/5/3 4279/5/3 4280/5/3
f 4281/5/4 4282/5/4 4283/5/4 4284/5/4
f 4285/10/3 4286/10/3 4287/10/3 4288/10/3
f 4289/10/4 4290/10/4 4291/10/4 4292/10/4
f 4293/8/3 4294/8/3 4295/8/3 4296/8/3
f 4297/8/4 4298/8/4 4299/8/4 4300/8/4
f 4301/3/3 4302/3/3 4303/3/3 4304/3/3
f 4305/3/4 4306/3/4 4307/3/4 4308/3/4
f 4309/7/3 4310/7/3 4311/7/3 4312/7/3
f 4313/7/4 4314/7/4 4315/7/4 4316/7/4
f 4317/7/3 4318/7/3 4319/7/3 4320/7/3
f 4321/7/4 4322/7/4 4323/7/4 4324/7/4
f 4325/4/2 4326/4/2 4327/4/2 4328/4/2
f 4329/4/4 4330/4/4 4331/4/4 4332/4/4
f 4333/4/1 4334/4/1 4335/4/1 4336/4/1
f 4337/4/2 4338/4/2 4339/4/2 4340/4/2
f 4341/4/5 4342/4/5 4343/4/5 4344/4/5
f 4345/4/6 4346/4/6 4347/4/6 4348/4/6
f 4349/4/1 4350/4/1 4351/4/1 4352/4/1
f 4353/4/2 4354/4/2 4355/4/2 4356/4/2
f 4357/4/3 4358/4/3 4359/4/3 4360/4/3
f 4361/4/5 4362/4/5 4363/4/5 4364/4/5
f 4365/4/6 4366/4/6 4367/4/6 4368/4/6
f 4369/4/1 4370/4/1 4371/4/1 4372/4/1
f 4373/4/4 4374/4/4 4375/4/4 4376/4/4
f 4377/4/1 4378/4/1 4379/4/1 4380/4/1
f 4381/4/2 4382/4/2 4383/4/2 4384/4/2
f 4385/4/5 4386/4/5 4387/4/5 4388/4/5
f 4389/4/1 4390/4/1 4391/4/1 4392/4/1
f 4393/4/2 4394/4/2 4395/4/2 4396/4/2
f 4397/4/3 4398/4/3 4399/4/3 4400/4/3
f 4401/4/5 4402/4/5 4403/4/5 4404/4/5
f 4405/6/3 4406/6/3 4407/6/3 4408/6/3
f 4409/6/4 4410/6/4 4411/6/4 4412/6/4
f 4413/4/4 4414/4/4 4415/4/4 4416/4/4
f 4417/4/1 4418/4/1 4419/4/1 4420/4/1
f 4421/4/2 4422/4/2 4423/4/2 4424/4/2
f 4425/4/5 4426/4/5 4427/4/5 4428/4/5
f 4429/4/6 4430/4/6 4431/4/6 4432/4/6
f 4433/4/1 4434/4/1 4435/4/1 4436/4/1
f 4437/4/2 4438/4/2 4439/4/2 4440/4/2
f 4441/4/3 4442/4/3 4443/4/3 4444/4/3
f 4445/4/5 4446/4/5 4447/4/5 4448/4/5
f 4449/4/6 4450/4/6 4451/4/6 4452/4/6
f 4453/9/3 4454/9/3 4455/9/3 4456/9/3
f 4457/9/4 4458/9/4 4459/9/4 4460/9/4
f 4461/9/3 4462/9/3 4463/9/3 4464/9/3
f 4465/9/4 4466/9/4 4467/9/4 4468/9/4
f 4469/9/3 4470/9/3 4471/9/3 4472/9/3
f 4473/9/4 4474/9/4 4475/9/4 4476/9/4
f 4477/9/3 4478/9/3 4479/9/3 4480/9/3
f 4481/9/4 4482/9/4 4483/9/4 4484/9/4
f 4485/6/3 4486/6/3 4487/6/3 4488/6/3
f 4489/6/4 4490/6/4 4491/6/4 4492/6/4
f 4493/4/4 4494/4/4 4495/4/4 4496/4/4
f 4497/4/1 4498/4/1 4499/4/1 4500/4/1
f 4501/4/2 4502/4/2 4503/4/2 4504/4/2
f 4505/4/1 4506/4/1 4507/4/1 4508/4/1
f 4509/4/2 4510/4/2 4511/4/2 4512/4/2
f 4513/4/3 4514/4/3 4515/4/3 4516/4/3
f 4517/7/3 4518/7/3 4519/7/3 4520/7/3
f 4521/7/4 4522/7/4 4523/7/4 4524/7/4
f 4525/7/3 4526/7/3 4527/7/3 4528/7/3
f 4529/7/4 4530/7/4 4531/7/4 4532/7/4
f 4533/7/3 4534/7/3 4535/7/3 4536/7/3
f 4537/7/4 4538/7/4 4539/7/4 4540/7/4
f 4541/7/3 4542/7/3 4543/7/3 4544/7/3
f 4545/7/4 4546/7/4 4547/7/4 4548/7/4
f 4549/2/3 4550/2/3 4551/2/3 4552/2/3
f 4553/2/4 4554/2/4 4555/2/4 4556/2/4
f 4557/7/3 4558/7/3 4559/7/3 4560/7/3
f 4561/7/4 4562/7/4 4563/7/4 4564/7/4
f 4565/10/3 4566/10/3 4567/10/3 4568/10/3
f 4569/10/4 4570/10/4 4571/10/4 4572/10/4
f 4573/5/3 4574/5/3 4575/5/3 4576/5/3
f 4577/5/4 4578/5/4 4579/5/4 4580/5/4
f 4581/5/3 4582/5/3 4583/5/3 4584/5/3
f 4585/5/4 4586/5/4 4587/5/4 4588/5/4
f 4589/10/3 4590/10/3 4591/10/3 4592/10/3
f 4593/10/4 4594/10/4 4595/10/4 4596/10/4
f 4597/8/3 4598/8/3 4599/8/3 4600/8/3
f 4601/8/4 4602/8/4 4603/8/4 4604/8/4
f 4605/7/3 4606/7/3 4607/7/3 4608/7/3
f 4609/7/4 4610/7/4 4611/7/4 4612/7/4
f 4613/7/3 4614/7/3 4615/7/3 4616/7/3
f 4617/7/4 4618/7/4 4619/7/4 4620/7/4
f 4621/4/4 4622/4/4 4623/4/4 4624/4/4
f 4625/4/1 4626/4/1 4627/4/1 4628/4/1
f 4629/4/2 4630/4/2 4631/4/2 4632/4/2
f 4633/4/6 4634/4/6 4635/4/6 4636/4/6
f 4637/4/1 4638/4/1 4639/4/1 4640/4/1
f 4641/4/2 4642/4/2 4643/4/2 4644/4/2
f 4645/4/3 4646/4/3 4647/4/3 4648/4/3
f 4649/4/6 4650/4/6 4651/4/6 4652/4/6
f 4653/6/2 4654/6/2 4655/6/2 4656/6/2
f 4657/6/3 4658/6/3 4659/6/3 4660/6/3
f 4661/6/4 4662/6/4 4663/6/4 4664/6/4
f 4665/6/1 4666/6/1 4667/6/1 4668/6/1
f 4669/6/3 4670/6/3 4671/6/3 4672/6/3
f 4673/6/4 4674/6/4 4675/6/4 4676/6/4
f 4677/4/4 4678/4/4 4679/4/4 4680/4/4
f 4681/4/1 4682/4/1 4683/4/1 4684/4/1
f 4685/4/2 4686/4/2 4687/4/2 4688/4/2
f 4689/4/5 4690/4/5 4691/4/5 4692/4/5
f 4693/4/6 4694/4/6 4695/4/6 4696/4/6
f 4697/4/1 4698/4/1 4699/4/1 4700/4/1
f 4701/4/2 4702/4/2 4703/4/2 4704/4/2
f 4705/4/3 4706/4/3 4707/4/3 4708/4/3
f 4709/4/5 4710/4/5 4711/4/5 4712/4/5
f 4713/4/6 4714/4/6 4715/4/6 4716/4/6
f 4717/9/3 4718/9/3 4719/9/3 4720/9/3
f 4721/9/4 4722/9/4 4723/9/4 4724/9/4
f 4725/4/4 4726/4/4 4727/4/4 4728/4/4
f 4729/4/1 4730/4/1 4731/4/1 4732/4/1
f 4733/4/2 4734/4/2 4735/4/2 4736/4/2
f 4737/4/5 4738/4/5 4739/4/5 4740/4/5
f 4741/4/6 4742/4/6 4743/4/6 4744/4/6
f 4745/4/1 4746/4/1 4747/4/1 4748/4/1
f 4749/4/2 4750/4/2 4751/4/2 4752/4/2
f 4753/4/3 4754/4/3 4755/4/3 4756/4/3
f 4757/4/5 4758/4/5 4759/4/5 4760/4/5
f 4761/4/6 4762/4/6 4763/4/6 4764/4/6
f 4765/1/3 4766/1/3 4767/1/3 4768/1/3
f 4769/1/4 4770/1/4 4771/1/4 4772/1/4
f 4773/9/3 4774/9/3 4775/9/3 4776/9/3
f 4777/9/4 4778/9/4 4779/9/4 4780/9/4
f 4781/1/3 4782/1/3 4783/1/3 4784/1/3
f 4785/1/4 4786/1/4 4787/1/4 4788/1/4
f 4789/1/3 4790/1/3 4791/1/3 4792/1/3
f 4793/1/4 4794/1/4 4795/1/4 4796/1/4
f 4797/4/4 4798/4/4 4799/4/4 4800/4/4
f 4801/4/1 4802/4/1 4803/4/1 4804/4/1
f 4805/4/2 4806/4/2 4807/4/2 4808/4/2
f 4809/4/5 4810/4/5 4811/4/5 4812/4/5
f 4813/4/1 4814/4/1 4815/4/1 4816/4/1
f 4817/4/2 4818/4/2 4819/4/2 4820/4/2
f 4821/4/3 4822/4/3 4823/4/3 4824/4/3
f 4825/4/5 4826/4/5 4827/4/5 4828/4/5
f 4829/7/3 4830/7/3 4831/7/3 4832/7/3
f 4833/7/4 4834/7/4 4835/7/4 4836/7/4
f 4837/7/3 4838/7/3 4839/7/3 4840/7/3
f 4841/7/4 4842/7/4 4843/7/4 4844/7/4
f 4845/7/3 4846/7/3 4847/7/3 4848/7/3
f 4849/7/4 4850/7/4 4851/7/4 4852/7/4
f 4853/7/3 4854/7/3 4855/7/3 4856/7/3
f 4857/7/4 4858/7/4 4859/7/4 4860/7/4
f 4861/7/3 4862/7/3 4863/7/3 4864/7/3
f 4865/7/4 4866/7/4 4867/7/4 4868/7/4
f 4869/7/3 4870/7/3 4871/7/3 4872/7/3
f 4873/7/4 4874/7/4 4875/7/4 4876/7/4
f 4877/10/3 4878/10/3 4879/10/3 4880/10/3
f 4881/10/4 4882/10/4 4883/10/4 4884/10/4
f 4885/8/3 4886/8/3 4887/8/3 4888/8/3
f 4889/8/4 4890/8/4 4891/8/4 4892/8/4
f 4893/10/3 4894/10/3 4895/10/3 4896/10/3
f 4897/10/4 4898/10/4 4899/10/4 4900/10/4
f 4901/7/3 4902/7/3 4903/7/3 4904/7/3
f 4905/7/4 4906/7/4 4907/7/4 4908/7/4
f 4909/3/3 4910/3/3 4911/3/3 4912/3/3
f 4913/3/4 4914/3/4 4915/3/4 4916/3/4
f 4917/7/3 4918/7/3 4919/7/3 4920/7/3
f 4921/7/4 4922/7/4 4923/7/4 4924/7/4
f 4925/7/3 4926/7/3 4927/7/3 4928/7/3
f 4929/7/4 4930/7/4 4931/7/4 4932/7/4
f 4933/4/4 4934/4/4 4935/4/4 4936/4/4
f 4937/4/1 4938/4/1 4939/4/1 4940/4/1
f 4941/4/2 4942/4/2 4943/4/2 4944/4/2
f 4945/4/1 4946/4/1 4947/4/1 4948/4/1
f 4949/4/2 4950/4/2 4951/4/2 4952/4/2
f 4953/4/3 4954/4/3 4955/4/3 4956/4/3
f 4957/9/2 4958/9/2 4959/9/2 4960/9/2
f 4961/9/3 4962/9/3 4963/9/3 4964/9/3
f 4965/9/4 4966/9/4 4967/9/4 4968/9/4
f 4969/1/1 4970/1/1 4971/1/1 4972/1/1
f 4973/1/3 4974/1/3 4975/1/3 4976/1/3
f 4977/1/4 4978/1/4 4979/1/4 4980/1/4
f 4981/9/3 4982/9/3 4983/9/3 4984/9/3
f 4985/9/4 4986/9/4 4987/9/4 4988/9/4
f 4989/1/3 4990/1/3 4991/1/3 4992/1/3
f 4993/1/4 4994/1/4 4995/1/4 4996/1/4
f 4997/9/3 4998/9/3 4999/9/3 5000/9/3
f 5001/9/4 5002/9/4 5003/9/4 5004/9/4
f 5005/6/3 5006/6/3 5007/6/3 5008/6/3
f 5009/6/4 5010/6/4 5011/6/4 5012/6/4
f 5013/9/3 5014/9/3 5015/9/3 5016/9/3
f 5017/9/4 5018/9/4 5019/9/4 5020/9/4
f 5021/4/4 5022/4/4 5023/4/4 5024/4/4
f 5025/4/1 5026/4/1 5027/4/1 5028/4/1
f 5029/4/2 5030/4/2 5031/4/2 5032/4/2
f 5033/4/6 5034/4/6 5035/4/6 5036/4/6
f 5037/4/1 5038/4/1 5039/4/1 5040/4/1
f 5041/4/2 5042/4/2 5043/4/2 5044/4/2
f 5045/4/3 5046/4/3 5047/4/3 5048/4/3
f 5049/4/6 5050/4/6 5051/4/6 5052/4/6
f 5053/9/3 5054/9/3 5055/9/3 5056/9/3
f 5057/9/4 5058/9/4 5059/9/4 5060/9/4
f 5061/8/3 5062/8/3 5063/8/3 5064/8/3
f 5065/8/4 5066/8/4 5067/8/4 5068/8/4
f 5069/7/3 5070/7/3 5071/7/3 5072/7/3
f 5073/7/4 5074/7/4 5075/7/4 5076/7/4
f 5077/7/3 5078/7/3 5079/7/3 5080/7/3
f 5081/7/4 5082/7/4 5083/7/4 5084/7/4
f 5085/3/3 5086/3/3 5087/3/3 5088/3/3
f 5089/3/4 5090/3/4 5091/3/4 5092/3/4
f 5093/10/3 5094/10/3 5095/10/3 5096/10/3
f 5097/10/4 5098/10/4 5099/10/4 5100/10/4
f 5101/3/3 5102/3/3 5103/3/3 5104/3/3
f 5105/3/4 5106/3/4 5107/3/4 5108/3/4
f 5109/10/3 5110/10/3 5111/10/3 5112/10/3
f 5113/10/4 5114/10/4 5115/10/4 5116/10/4
f 5117/8/3 5118/8/3 5119/8/3 5120/8/3
f 5121/8/4 5122/8/4 5123/8/4 5124/8/4
f 5125/10/3 5126/10/3 5127/10/3 5128/10/3
f 5129/10/4 5130/10/4 5131/10/4 5132/10/4
f 5133/3/3 5134/3/3 5135/3/3 5136/3/3
f 5137/3/4 5138/3/4 5139/3/4 5140/3/4
f 5141/3/3 5142/3/3 5143/3/3 5144/3/3
f 5145/3/4 5146/3/4 5147/3/4 5148/3/4
f 5149/3/3 5150/3/3 5151/3/3 5152/3/3
f 5153/3/4 5154/3/4 5155/3/4 5156/3/4
f 5157/7/3 5158/7/3 5159/7/3 5160/7/3
f 5161/7/4 5162/7/4 5163/7/4 5164/7/4
f 5165/3/3 5166/3/3 5167/3/3 5168/3/3
f 5169/3/4 5170/3/4 5171/3/4 5172/3/4
f 5173/4/4 5174/4/4 5175/4/4 5176/4/4
f 5177/4/1 5178/4/1 5179/4/1 5180/4/1
f 5181/4/2 5182/4/2 5183/4/2 5184/4/2
f 5185/4/1 5186/4/1 5187/4/1 5188/4/1
f 5189/4/2 5190/4/2 5191/4/2 5192/4/2
f 5193/4/3 5194/4/3 5195/4/3 5196/4/3
f 5197/9/2 5198/9/2 5199/9/2 5200/9/2
f 5201/9/3 5202/9/3 5203/9/3 5204/9/3
f 5205/9/4 5206/9/4 5207/9/4 5208/9/4
f 5209/4/1 5210/4/1 5211/4/1 5212/4/1
f 5213/4/4 5214/4/4 5215/4/4 5216/4/4
f 5217/4/1 5218/4/1 5219/4/1 5220/4/1
f 5221/4/5 5222/4/5 5223/4/5 5224/4/5
f 5225/4/6 5226/4/6 5227/4/6 5228/4/6
f 5229/4/1 5230/4/1 5231/4/1 5232/4/1
f 5233/4/3 5234/4/3 5235/4/3 5236/4/3
f 5237/4/5 5238/4/5 5239/4/5 5240/4/5
f 5241/4/6 5242/4/6 5243/4/6 5244/4/6
f 5245/4/4 5246/4/4 5247/4/4 5248/4/4
f 5249/4/2 5250/4/2 5251/4/2 5252/4/2
f 5253/4/5 5254/4/5 5255/4/5 5256/4/5
f 5257/4/6 5258/4/6 5259/4/6 5260/4/6
f 5261/4/2 5262/4/2 5263/4/2 5264/4/2
f 5265/4/3 5266/4/3 5267/4/3 5268/4/3
f 5269/4/5 5270/4/5 5271/4/5 5272/4/5
f 5273/4/6 5274/4/6 5275/4/6 5276/4/6
f 5277/9/3 5278/9/3 5279/9/3 5280/9/3
f 5281/9/4 5282/9/4 5283/9/4 5284/9/4
f 5285/1/3 5286/1/3 5287/1/3 5288/1/3
f 5289/1/4 5290/1/4 5291/1/4 5292/1/4
f 5293/4/4 5294/4/4 5295/4/4 5296/4/4
f 5297/4/1 5298/4/1 5299/4/1 5300/4/1
f 5301/4/2 5302/4/2 5303/4/2 5304/4/2
f 5305/4/5 5306/4/5 5307/4/5 5308/4/5
f 5309/4/6 5310/4/6 5311/4/6 5312/4/6
f 5313/4/1 5314/4/1 5315/4/1 5316/4/1
f 5317/4/2 5318/4/2 5319/4/2 5320/4/2
f 5321/4/3 5322/4/3 5323/4/3 5324/4/3
f 5325/4/5 5326/4/5 5327/4/5 5328/4/5
f 5329/4/6 5330/4/6 5331/4/6 5332/4/6
f 5333/9/3 5334/9/3 5335/9/3 5336/9/3
f 5337/9/4 5338/9/4 5339/9/4 5340/9/4
f 5341/4/4 5342/4/4 5343/4/4 5344/4/4
f 5345/4/1 5346/4/1 5347/4/1 5348/4/1
f 5349/4/2 5350/4/2 5351/4/2 5352/4/2
f 5353/4/5 5354/4/5 5355/4/5 5356/4/5
f 5357/4/1 5358/4/1 5359/4/1 5360/4/1
f 5361/4/2 5362/4/2 5363/4/2 5364/4/2
f 5365/4/3 5366/4/3 5367/4/3 5368/4/3
f 5369/4/5 5370/4/5 5371/4/5 5372/4/5
f 5373/6/3 5374/6/3 5375/6/3 5376/6/3
f 5377/6/4 5378/6/4 5379/6/4 5380/6/4
f 5381/8/3 5382/8/3 5383/8/3 5384/8/3
f 5385/8/4 5386/8/4 5387/8/4 5388/8/4
f 5389/4/4 5390/4/4 5391/4/4 5392/4/4
f 5393/4/1 5394/4/1 5395/4/1 5396/4/1
f 5397/4/2 5398/4/2 5399/4/2 5400/4/2
f 5401/4/6 5402/4/6 5403/4/6 5404/4/6
f 5405/4/1 5406/4/1 5407/4/1 5408/4/1
f 5409/4/2 5410/4/2 5411/4/2 5412/4/2
f 5413/4/3 5414/4/3 5415/4/3 5416/4/3
f 5417/4/6 5418/4/6 5419/4/6 5420/4/6
f 5421/7/3 5422/7/3 5423/7/3 5424/7/3
f 5425/7/4 5426/7/4 5427/7/4 5428/7/4
f 5429/7/3 5430/7/3 5431/7/3 5432/7/3
f 5433/7/4 5434/7/4 5435/7/4 5436/7/4
f 5437/3/3 5438/3/3 5439/3/3 5440/3/3
f 5441/3/4 5442/3/4 5443/3/4 5444/3/4
f 5445/3/3 5446/3/3 5447/3/3 5448/3/3
f 5449/3/4 5450/3/4 5451/3/4 5452/3/4
f 5453/10/3 5454/10/3 5455/10/3 5456/10/3
f 5457/10/4 5458/10/4 5459/10/4 5460/10/4
f 5461/10/3 5462/10/3 5463/10/3 5464/10/3
f 5465/10/4 5466/10/4 5467/10/4 5468/10/4
f 5469/3/3 5470/3/3 5471/3/3 5472/3/3
f 5473/3/4 5474/3/4 5475/3/4 5476/3/4
f 5477/3/3 5478/3/3 5479/3/3 5480/3/3
f 5481/3/4 5482/3/4 5483/3/4 5484/3/4
f 5485/10/3 5486/10/3 5487/10/3 5488/10/3
f 5489/10/4 5490/10/4 5491/10/4 5492/10/4
f 5493/7/3 5494/7/3 5495/7/3 5496/7/3
f 5497/7/4 5498/7/4 5499/7/4 5500/7/4
f 5501/7/3 5502/7/3 5503/7/3 5504/7/3
f 5505/7/4 5506/7/4 5507/7/4 5508/7/4
f 5509/4/4 5510/4/4 5511/4/4 5512/4/4
f 5513/4/1 5514/4/1 5515/4/1 5516/4/1
f 5517/4/5 5518/4/5 5519/4/5 5520/4/5
f 5521/4/6 5522/4/6 5523/4/6 5524/4/6
f 5525/4/1 5526/4/1 5527/4/1 5528/4/1
f 5529/4/3 5530/4/3 5531/4/3 5532/4/3
f 5533/4/5 5534/4/5 5535/4/5 5536/4/5
f 5537/4/6 5538/4/6 5539/4/6 5540/4/6
f 5541/4/4 5542/4/4 5543/4/4 5544/4/4
f 5545/4/3 5546/4/3 5547/4/3 5548/4/3
f 5549/4/2 5550/4/2 5551/4/2 5552/4/2
f 5553/4/4 5554/4/4 5555/4/4 5556/4/4
f 5557/4/2 5558/4/2 5559/4/2 5560/4/2
f 5561/4/6 5562/4/6 5563/4/6 5564/4/6
f 5565/4/2 5566/4/2 5567/4/2 5568/4/2
f 5569/4/3 5570/4/3 5571/4/3 5572/4/3
f 5573/4/6 5574/4/6 5575/4/6 5576/4/6
f 5577/6/1 5578/6/1 5579/6/1 5580/6/1
f 5581/6/3 5582/6/3 5583/6/3 5584/6/3
f 5585/6/4 5586/6/4 5587/6/4 5588/6/4
f 5589/1/3 5590/1/3 5591/1/3 5592/1/3
f 5593/1/4 5594/1/4 5595/1/4 5596/1/4
f 5597/9/3 5598/9/3 5599/9/3 5600/9/3
f 5601/9/4 5602/9/4 5603/9/4 5604/9/4
f 5605/1/3 5606/1/3 5607/1/3 5608/1/3
f 5609/1/4 5610/1/4 5611/1/4 5612/1/4
f 5613/6/3 5614/6/3 5615/6/3 5616/6/3
f 5617/6/4 5618/6/4 5619/6/4 5620/6/4
f 5621/6/3 5622/6/3 5623/6/3 5624/6/3
f 5625/6/4 5626/6/4 5627/6/4 5628/6/4
f 5629/9/3 5630/9/3 5631/9/3 5632/9/3
f 5633/9/4 5634/9/4 5635/9/4 5636/9/4
f 5637/6/3 5638/6/3 5639/6/3 5640/6/3
f 5641/6/4 5642/6/4 5643/6/4 5644/6/4
f 5645/9/3 5646/9/3 5647/9/3 5648/9/3
f 5649/9/4 5650/9/4 5651/9/4 5652/9/4
f 5653/4/4 5654/4/4 5655/4/4 5656/4/4
f 5657/4/1 5658/4/1 5659/4/1 5660/4/1
f 5661/4/2 5662/4/2 5663/4/2 5664/4/2
f 5665/4/1 5666/4/1 5667/4/1 5668/4/1
f 5669/4/2 5670/4/2 5671/4/2 5672/4/2
f 5673/4/3 5674/4/3 5675/4/3 5676/4/3
f 5677/7/3 5678/7/3 5679/7/3 5680/7/3
f 5681/7/4 5682/7/4 5683/7/4 5684/7/4
f 5685/7/3 5686/7/3 5687/7/3 5688/7/3
f 5689/7/4 5690/7/4 5691/7/4 5692/7/4
f 5693/7/3 5694/7/3 5695/7/3 5696/7/3
f 5697/7/4 5698/7/4 5699/7/4 5700/7/4
f 5701/7/3 5702/7/3 5703/7/3 5704/7/3
f 5705/7/4 5706/7/4 5707/7/4 5708/7/4
f 5709/3/3 5710/3/3 5711/3/3 5712/3/3
f 5713/3/4 5714/3/4 5715/3/4 5716/3/4
f 5717/3/3 5718/3/3 5719/3/3 5720/3/3
f 5721/3/4 5722/3/4 5723/3/4 5724/3/4
f 5725/7/3 5726/7/3 5727/7/3 5728/7/3
f 5729/7/4 5730/7/4 5731/7/4 5732/7/4
f 5733/10/3 5734/10/3 5735/10/3 5736/10/3
f 5737/10/4 5738/10/4 5739/10/4 5740/10/4
f 5741/8/3 5742/8/3 5743/8/3 5744/8/3
f 5745/8/4 5746/8/4 5747/8/4 5748/8/4
f 5749/3/3 5750/3/3 5751/3/3 5752/3/3
f 5753/3/4 5754/3/4 5755/3/4 5756/3/4
f 5757/3/3 5758/3/3 5759/3/3 5760/3/3
f 5761/3/4 5762/3/4 5763/3/4 5764/3/4
f 5765/7/3 5766/7/3 5767/7/3 5768/7/3
f 5769/7/4 5770/7/4 5771/7/4 5772/7/4
f 5773/4/4 5774/4/4 5775/4/4 5776/4/4
f 5777/4/1 5778/4/1 5779/4/1 5780/4/1
f 5781/4/1 5782/4/1 5783/4/1 5784/4/1
f 5785/4/3 5786/4/3 5787/4/3 5788/4/3
f 5789/4/2 5790/4/2 5791/4/2 5792/4/2
f 5793/4/4 5794/4/4 5795/4/4 5796/4/4
f 5797/4/2 5798/4/2 5799/4/2 5800/4/2
f 5801/4/5 5802/4/5 5803/4/5 5804/4/5
f 5805/4/2 5806/4/2 5807/4/2 5808/4/2
f 5809/4/3 5810/4/3 5811/4/3 5812/4/3
f 5813/4/5 5814/4/5 5815/4/5 5816/4/5
f 5817/6/1 5818/6/1 5819/6/1 5820/6/1
f 5821/6/3 5822/6/3 5823/6/3 5824/6/3
f 5825/6/4 5826/6/4 5827/6/4 5828/6/4
f 5829/9/3 5830/9/3 5831/9/3 5832/9/3
f 5833/9/4 5834/9/4 5835/9/4 5836/9/4
f 5837/9/3 5838/9/3 5839/9/3 5840/9/3
f 5841/9/4 5842/9/4 5843/9/4 5844/9/4
f 5845/6/3 5846/6/3 5847/6/3 5848/6/3
f 5849/6/4 5850/6/4 5851/6/4 5852/6/4
f 5853/9/3 5854/9/3 5855/9/3 5856/9/3
f 5857/9/4 5858/9/4 5859/9/4 5860/9/4
f 5861/4/4 5862/4/4 5863/4/4 5864/4/4
f 5865/4/1 5866/4/1 5867/4/1 5868/4/1
f 5869/4/2 5870/4/2 5871/4/2 5872/4/2
f 5873/4/5 5874/4/5 5875/4/5 5876/4/5
f 5877/4/6 5878/4/6 5879/4/6 5880/4/6
f 5881/4/1 5882/4/1 5883/4/1 5884/4/1
f 5885/4/2 5886/4/2 5887/4/2 5888/4/2
f 5889/4/3 5890/4/3 5891/4/3 5892/4/3
f 5893/4/5 5894/4/5 5895/4/5 5896/4/5
f 5897/4/6 5898/4/6 5899/4/6 5900/4/6
f 5901/1/3 5902/1/3 5903/1/3 5904/1/3
f 5905/1/4 5906/1/4 5907/1/4 5908/1/4
f 5909/4/4 5910/4/4 5911/4/4 5912/4/4
f 5913/4/1 5914/4/1 5915/4/1 5916/4/1
f 5917/4/2 5918/4/2 5919/4/2 5920/4/2
f 5921/4/6 5922/4/6 5923/4/6 5924/4/6
f 5925/4/1 5926/4/1 5927/4/1 5928/4/1
f 5929/4/2 5930/4/2 5931/4/2 5932/4/2
f 5933/4/3 5934/4/3 5935/4/3 5936/4/3
f 5937/4/6 5938/4/6 5939/4/6 5940/4/6
f 5941/9/3 5942/9/3 5943/9/3 5944/9/3
f 5945/9/4 5946/9/4 5947/9/4 5948/9/4
f 5949/4/4 5950/4/4 5951/4/4 5952/4/4
f 5953/4/1 5954/4/1 5955/4/1 5956/4/1
f 5957/4/2 5958/4/2 5959/4/2 5960/4/2
f 5961/4/5 5962/4/5 5963/4/5 5964/4/5
f 5965/4/1 5966/4/1 5967/4/1 5968/4/1
f 5969/4/2 5970/4/2 5971/4/2 5972/4/2
f 5973/4/3 5974/4/3 5975/4/3 5976/4/3
f 5977/4/5 5978/4/5 5979/4/5 5980/4/5
f 5981/7/3 5982/7/3 5983/7/3 5984/7/3
f 5985/7/4 5986/7/4 5987/7/4 5988/7/4
f 5989/7/3 5990/7/3 5991/7/3 5992/7/3
f 5993/7/4 5994/7/4 5995/7/4 5996/7/4
f 5997/7/3 5998/7/3 5999/7/3 6000/7/3
f 6001/7/4 6002/7/4 6003/7/4 6004/7/4
f 6005/7/3 6006/7/3 6007/7/3 6008/7/3
f 6009/7/4 6010/7/4 6011/7/4 6012/7/4
f 6013/7/3 6014/7/3 6015/7/3 6016/7/3
f 6017/7/4 6018/7/4 6019/7/4 6020/7/4
f 6021/7/3 6022/7/3 6023/7/3 6024/7/3
f 6025/7/4 6026/7/4 6027/7/4 6028/7/4
f 6029/3/3 6030/3/3 6031/3/3 6032/3/3
f 6033/3/4 6034/3/4 6035/3/4 6036/3/4
f 6037/10/3 6038/10/3 6039/10/3 6040/10/3
f 6041/10/4 6042/10/4 6043/10/4 6044/10/4
f 6045/8/3 6046/8/3 6047/8/3 6048/8/3
f 6049/8/4 6050/8/4 6051/8/4 6052/8/4
f 6053/10/3 6054/10/3 6055/10/3 6056/10/3
f 6057/10/4 6058/10/4 6059/10/4 6060/10/4
f 6061/7/3 6062/7/3 6063/7/3 6064/7/3
f 6065/7/4 6066/7/4 6067/7/4 6068/7/4
f 6069/7/3 6070/7/3 6071/7/3 6072/7/3
f 6073/7/4 6074/7/4 6075/7/4 6076/7/4
f 6077/4/4 6078/4/4 6079/4/4 6080/4/4
f 6081/4/1 6082/4/1 6083/4/1 6084/4/1
f 6085/4/2 6086/4/2 6087/4/2 6088/4/2
f 6089/4/5 6090/4/5 6091/4/5 6092/4/5
f 6093/4/1 6094/4/1 6095/4/1 6096/4/1
f 6097/4/2 6098/4/2 6099/4/2 6100/4/2
f 6101/4/3 6102/4/3 6103/4/3 6104/4/3
f 6105/4/5 6106/4/5 6107/4/5 6108/4/5
f 6109/9/2 6110/9/2 6111/9/2 6112/9/2
f 6113/9/3 6114/9/3 6115/9/3 6116/9/3
f 6117/9/4 6118/9/4 6119/9/4 6120/9/4
f 6121/9/1 6122/9/1 6123/9/1 6124/9/1
f 6125/9/3 6126/9/3 6127/9/3 6128/9/3
f 6129/9/4 6130/9/4 6131/9/4 6132/9/4
f 6133/1/3 6134/1/3 6135/1/3 6136/1/3
f 6137/1/4 6138/1/4 6139/1/4 6140/1/4
f 6141/9/3 6142/9/3 6143/9/3 6144/9/3
f 6145/9/4 6146/9/4 6147/9/4 6148/9/4
f 6149/9/3 6150/9/3 6151/9/3 6152/9/3
f 6153/9/4 6154/9/4 6155/9/4 6156/9/4
f 6157/1/3 6158/1/3 6159/1/3 6160/1/3
f 6161/1/4 6162/1/4 6163/1/4 6164/1/4
f 6165/9/3 6166/9/3 6167/9/3 6168/9/3
f 6169/9/4 6170/9/4 6171/9/4 6172/9/4
f 6173/1/3 6174/1/3 6175/1/3 6176/1/3
f 6177/1/4 6178/1/4 6179/1/4 6180/1/4
f 6181/4/4 6182/4/4 6183/4/4 6184/4/4
f 6185/4/1 6186/4/1 6187/4/1 6188/4/1
f 6189/4/2 6190/4/2 6191/4/2 6192/4/2
f 6193/4/5 6194/4/5 6195/4/5 6196/4/5
f 6197/4/1 6198/4/1 6199/4/1 6200/4/1
f 6201/4/2 6202/4/2 6203/4/2 6204/4/2
f 6205/4/3 6206/4/3 6207/4/3 6208/4/3
f 6209/4/5 6210/4/5 6211/4/5 6212/4/5
f 6213/6/3 6214/6/3 6215/6/3 6216/6/3
f 6217/6/4 6218/6/4 6219/6/4 6220/6/4
f 6221/9/3 6222/9/3 6223/9/3 6224/9/3
f 6225/9/4 6226/9/4 6227/9/4 6228/9/4
f 6229/4/4 6230/4/4 6231/4/4 6232/4/4
f 6233/4/1 6234/4/1 6235/4/1 6236/4/1
f 6237/4/2 6238/4/2 6239/4/2 6240/4/2
f 6241/4/5 6242/4/5 6243/4/5 6244/4/5
f 6245/4/6 6246/4/6 6247/4/6 6248/4/6
f 6249/4/1 6250/4/1 6251/4/1 6252/4/1
f 6253/4/2 6254/4/2 6255/4/2 6256/4/2
f 6257/4/3 6258/4/3 6259/4/3 6260/4/3
f 6261/4/5 6262/4/5 6263/4/5 6264/4/5
f 6265/4/6 6266/4/6 6267/4/6 6268/4/6
f 6269/7/3 6270/7/3 6271/7/3 6272/7/3
f 6273/7/4 6274/7/4 6275/7/4 6276/7/4
f 6277/7/3 6278/7/3 6279/7/3 6280/7/3
f 6281/7/4 6282/7/4 6283/7/4 6284/7/4
f 6285/7/3 6286/7/3 6287/7/3 6288/7/3
f 6289/7/4 6290/7/4 6291/7/4 6292/7/4
f 6293/7/3 6294/7/3 6295/7/3 6296/7/3
f 6297/7/4 6298/7/4 6299/7/4 6300/7/4
f 6301/7/3 6302/7/3 6303/7/3 6304/7/3
f 6305/7/4 6306/7/4 6307/7/4 6308/7/4
f 6309/7/3 6310/7/3 6311/7/3 6312/7/3
f 6313/7/4 6314/7/4 6315/7/4 6316/7/4
f 6317/3/3 6318/3/3 6319/3/3 6320/3/3
f 6321/3/4 6322/3/4 6323/3/4 6324/3/4
f 6325/8/3 6326/8/3 6327/8/3 6328/8/3
f 6329/8/4 6330/8/4 6331/8/4 6332/8/4
f 6333/10/3 6334/10/3 6335/10/3 6336/10/3
f 6337/10/4 6338/10/4 6339/10/4 6340/10/4
f 6341/7/3 6342/7/3 6343/7/3 6344/7/3
f 6345/7/4 6346/7/4 6347/7/4 6348/7/4
f 6349/7/3 6350/7/3 6351/7/3 6352/7/3
f 6353/7/4 6354/7/4 6355/7/4 6356/7/4
f 6357/7/3 6358/7/3 6359/7/3 6360/7/3
f 6361/7/4 6362/7/4 6363/7/4 6364/7/4
f 6365/4/2 6366/4/2 6367/4/2 6368/4/2
f 6369/4/4 6370/4/4 6371/4/4 6372/4/4
f 6373/4/1 6374/4/1 6375/4/1 6376/4/1
f 6377/4/2 6378/4/2 6379/4/2 6380/4/2
f 6381/4/6 6382/4/6 6383/4/6 6384/4/6
f 6385/4/1 6386/4/1 6387/4/1 6388/4/1
f 6389/4/2 6390/4/2 6391/4/2 6392/4/2
f 6393/4/3 6394/4/3 6395/4/3 6396/4/3
f 6397/4/6 6398/4/6 6399/4/6 6400/4/6
f 6401/9/1 6402/9/1 6403/9/1 6404/9/1
f 6405/9/3 6406/9/3 6407/9/3 6408/9/3
f 6409/9/4 6410/9/4 6411/9/4 6412/9/4
f 6413/6/3 6414/6/3 6415/6/3 6416/6/3
f 6417/6/4 6418/6/4 6419/6/4 6420/6/4
f 6421/6/3 6422/6/3 6423/6/3 6424/6/3
f 6425/6/4 6426/6/4 6427/6/4 6428/6/4
f 6429/4/4 6430/4/4 6431/4/4 6432/4/4
f 6433/4/1 6434/4/1 6435/4/1 6436/4/1
f 6437/4/5 6438/4/5 6439/4/5 6440/4/5
f 6441/4/6 6442/4/6 6443/4/6 6444/4/6
f 6445/4/1 6446/4/1 6447/4/1 6448/4/1
f 6449/4/3 6450/4/3 6451/4/3 6452/4/3
f 6453/4/5 6454/4/5 6455/4/5 6456/4/5
f 6457/4/6 6458/4/6 6459/4/6 6460/4/6
f 6461/4/4 6462/4/4 6463/4/4 6464/4/4
f 6465/4/2 6466/4/2 6467/4/2 6468/4/2
f 6469/4/6 6470/4/6 6471/4/6 6472/4/6
f 6473/4/2 6474/4/2 6475/4/2 6476/4/2
f 6477/4/3 6478/4/3 6479/4/3 6480/4/3
f 6481/4/6 6482/4/6 6483/4/6 6484/4/6
f 6485/9/3 6486/9/3 6487/9/3 6488/9/3
f 6489/9/4 6490/9/4 6491/9/4 6492/9/4
f 6493/6/3 6494/6/3 6495/6/3 6496/6/3
f 6497/6/4 6498/6/4 6499/6/4 6500/6/4
f 6501/9/3 6502/9/3 6503/9/3 6504/9/3
f 6505/9/4 6506/9/4 6507/9/4 6508/9/4
f 6509/6/3 6510/6/3 6511/6/3 6512/6/3
f 6513/6/4 6514/6/4 6515/6/4 6516/6/4
f 6517/4/4 6518/4/4 6519/4/4 6520/4/4
f 6521/4/1 6522/4/1 6523/4/1 6524/4/1
f 6525/4/2 6526/4/2 6527/4/2 6528/4/2
f 6529/4/6 6530/4/6 6531/4/6 6532/4/6
f 6533/4/1 6534/4/1 6535/4/1 6536/4/1
f 6537/4/2 6538/4/2 6539/4/2 6540/4/2
f 6541/4/3 6542/4/3 6543/4/3 6544/4/3
f 6545/4/6 6546/4/6 6547/4/6 6548/4/6
f 6549/7/3 6550/7/3 6551/7/3 6552/7/3
f 6553/7/4 6554/7/4 6555/7/4 6556/7/4
f 6557/7/3 6558/7/3 6559/7/3 6560/7/3
f 6561/7/4 6562/7/4 6563/7/4 6564/7/4
f 6565/7/3 6566/7/3 6567/7/3 6568/7/3
f 6569/7/4 6570/7/4 6571/7/4 6572/7/4
f 6573/7/3 6574/7/3 6575/7/3 6576/7/3
f 6577/7/4 6578/7/4 6579/7/4 6580/7/4
f 6581/7/3 6582/7/3 6583/7/3 6584/7/3
f 6585/7/4 6586/7/4 6587/7/4 6588/7/4
f 6589/3/3 6590/3/3 6591/3/3 6592/3/3
f 6593/3/4 6594/3/4 6595/3/4 6596/3/4
f 6597/7/3 6598/7/3 6599/7/3 6600/7/3
f 6601/7/4 6602/7/4 6603/7/4 6604/7/4
f 6605/7/3 6606/7/3 6607/7/3 6608/7/3
f 6609/7/4 6610/7/4 6611/7/4 6612/7/4
f 6613/10/3 6614/10/3 6615/10/3 6616/10/3
f 6617/10/4 6618/10/4 6619/10/4 6620/10/4
f 6621/7/3 6622/7/3 6623/7/3 6624/7/3
f 6625/7/4 6626/7/4 6627/7/4 6628/7/4
f 6629/7/3 6630/7/3 6631/7/3 6632/7/3
f 6633/7/4 6634/7/4 6635/7/4 6636/7/4
f 6637/7/3 6638/7/3 6639/7/3 6640/7/3
f 6641/7/4 6642/7/4 6643/7/4 6644/7/4
f 6645/7/3 6646/7/3 6647/7/3 6648/7/3
f 6649/7/4 6650/7/4 6651/7/4 6652/7/4
f 6653/4/2 6654/4/2 6655/4/2 6656/4/2
f 6657/4/4 6658/4/4 6659/4/4 6660/4/4
f 6661/4/1 6662/4/1 6663/4/1 6664/4/1
f 6665/4/2 6666/4/2 6667/4/2 6668/4/2
f 6669/4/1 6670/4/1 6671/4/1 6672/4/1
f 6673/4/2 6674/4/2 6675/4/2 6676/4/2
f 6677/4/3 6678/4/3 6679/4/3 6680/4/3
f 6681/1/1 6682/1/1 6683/1/1 6684/1/1
f 6685/1/3 6686/1/3 6687/1/3 6688/1/3
f 6689/1/4 6690/1/4 6691/1/4 6692/1/4
f 6693/4/4 6694/4/4 6695/4/4 6696/4/4
f 6697/4/1 6698/4/1 6699/4/1 6700/4/1
f 6701/4/2 6702/4/2 6703/4/2 6704/4/2
f 6705/4/5 6706/4/5 6707/4/5 6708/4/5
f 6709/4/6 6710/4/6 6711/4/6 6712/4/6
f 6713/4/1 6714/4/1 6715/4/1 6716/4/1
f 6717/4/2 6718/4/2 6719/4/2 6720/4/2
f 6721/4/3 6722/4/3 6723/4/3 6724/4/3
f 6725/4/5 6726/4/5 6727/4/5 6728/4/5
f 6729/4/6 6730/4/6 6731/4/6 6732/4/6
f 6733/1/3 6734/1/3 6735/1/3 6736/1/3
f 6737/1/4 6738/1/4 6739/1/4 6740/1/4
f 6741/9/3 6742/9/3 6743/9/3 6744/9/3
f 6745/9/4 6746/9/4 6747/9/4 6748/9/4
f 6749/4/4 6750/4/4 6751/4/4 6752/4/4
f 6753/4/1 6754/4/1 6755/4/1 6756/4/1
f 6757/4/2 6758/4/2 6759/4/2 6760/4/2
f 6761/4/5 6762/4/5 6763/4/5 6764/4/5
f 6765/4/1 6766/4/1 6767/4/1 6768/4/1
f 6769/4/2 6770/4/2 6771/4/2 6772/4/2
f 6773/4/3 6774/4/3 6775/4/3 6776/4/3
f 6777/4/5 6778/4/5 6779/4/5 6780/4/5
f 6781/1/3 6782/1/3 6783/1/3 6784/1/3
f 6785/1/4 6786/1/4 6787/1/4 6788/1/4
f 6789/9/3 6790/9/3 6791/9/3 6792/9/3
f 6793/9/4 6794/9/4 6795/9/4 6796/9/4
f 6797/4/4 6798/4/4 6799/4/4 6800/4/4
f 6801/4/1 6802/4/1 6803/4/1 6804/4/1
f 6805/4/2 6806/4/2 6807/4/2 6808/4/2
f 6809/4/5 6810/4/5 6811/4/5 6812/4/5
f 6813/4/6 6814/4/6 6815/4/6 6816/4/6
f 6817/4/1 6818/4/1 6819/4/1 6820/4/1
f 6821/4/2 6822/4/2 6823/4/2 6824/4/2
f 6825/4/3 6826/4/3 6827/4/3 6828/4/3
f 6829/4/5 6830/4/5 6831/4/5 6832/4/5
f 6833/4/6 6834/4/6 6835/4/6 6836/4/6
f 6837/1/3 6838/1/3 6839/1/3 6840/1/3
f 6841/1/4 6842/1/4 6843/1/4 6844/1/4
f 6845/4/4 6846/4/4 6847/4/4 6848/4/4
f 6849/4/1 6850/4/1 6851/4/1 6852/4/1
f 6853/4/2 6854/4/2 6855/4/2 6856/4/2
f 6857/4/1 6858/4/1 6859/4/1 6860/4/1
f 6861/4/2 6862/4/2 6863/4/2 6864/4/2
f 6865/4/3 6866/4/3 6867/4/3 6868/4/3
f 6869/7/3 6870/7/3 6871/7/3 6872/7/3
f 6873/7/4 6874/7/4 6875/7/4 6876/7/4
f 6877/7/3 6878/7/3 6879/7/3 6880/7/3
f 6881/7/4 6882/7/4 6883/7/4 6884/7/4
f 6885/7/3 6886/7/3 6887/7/3 6888/7/3
f 6889/7/4 6890/7/4 6891/7/4 6892/7/4
f 6893/7/3 6894/7/3 6895/7/3 6896/7/3
f 6897/7/4 6898/7/4 6899/7/4 6900/7/4
f 6901/7/3 6902/7/3 6903/7/3 6904/7/3
f 6905/7/4 6906/7/4 6907/7/4 6908/7/4
f 6909/10/3 6910/10/3 6911/10/3 6912/10/3
f 6913/10/4 6914/10/4 6915/10/4 6916/10/4
f 6917/3/3 6918/3/3 6919/3/3 6920/3/3
f 6921/3/4 6922/3/4 6923/3/4 6924/3/4
f 6925/7/3 6926/7/3 6927/7/3 6928/7/3
f 6929/7/4 6930/7/4 6931/7/4 6932/7/4
f 6933/3/3 6934/3/3 6935/3/3 6936/3/3
f 6937/3/4 6938/3/4 6939/3/4 6940/3/4
f 6941/7/3 6942/7/3 6943/7/3 6944/7/3
f 6945/7/4 6946/7/4 6947/7/4 6948/7/4
f 6949/7/3 6950/7/3 6951/7/3 6952/7/3
f 6953/7/4 6954/7/4 6955/7/4 6956/7/4
f 6957/4/4 6958/4/4 6959/4/4 6960/4/4
f 6961/4/1 6962/4/1 6963/4/1 6964/4/1
f 6965/4/2 6966/4/2 6967/4/2 6968/4/2
f 6969/4/6 6970/4/6 6971/4/6 6972/4/6
f 6973/4/1 6974/4/1 6975/4/1 6976/4/1
f 6977/4/2 6978/4/2 6979/4/2 6980/4/2
f 6981/4/3 6982/4/3 6983/4/3 6984/4/3
f 6985/4/6 6986/4/6 6987/4/6 6988/4/6
f 6989/7/3 6990/7/3 6991/7/3 6992/7/3
f 6993/7/4 6994/7/4 6995/7/4 6996/7/4
f 6997/4/2 6998/4/2 6999/4/2 7000/4/2
f 7001/4/4 7002/4/4 7003/4/4 7004/4/4
f 7005/4/1 7006/4/1 7007/4/1 7008/4/1
f 7009/4/2 7010/4/2 7011/4/2 7012/4/2
f 7013/4/5 7014/4/5 7015/4/5 7016/4/5
f 7017/4/1 7018/4/1 7019/4/1 7020/4/1
f 7021/4/2 7022/4/2 7023/4/2 7024/4/2
f 7025/4/3 7026/4/3 7027/4/3 7028/4/3
f 7029/4/5 7030/4/5 7031/4/5 7032/4/5
f 7033/1/1 7034/1/1 7035/1/1 7036/1/1
f 7037/1/3 7038/1/3 7039/1/3 7040/1/3
f 7041/1/4 7042/1/4 7043/1/4 7044/1/4
f 7045/1/5 7046/1/5 7047/1/5 7048/1/5
f 7049/6/3 7050/6/3 7051/6/3 7052/6/3
f 7053/6/4 7054/6/4 7055/6/4 7056/6/4
f 7057/6/5 7058/6/5 7059/6/5 7060/6/5
f 7061/9/3 7062/9/3 7063/9/3 7064/9/3
f 7065/9/4 7066/9/4 7067/9/4 7068/9/4
f 7069/9/5 7070/9/5 7071/9/5 7072/9/5
f 7073/6/3 7074/6/3 7075/6/3 7076/6/3
f 7077/6/4 7078/6/4 7079/6/4 7080/6/4
f 7081/6/5 7082/6/5 7083/6/5 7084/6/5
f 7085/9/3 7086/9/3 7087/9/3 7088/9/3
f 7089/9/4 7090/9/4 7091/9/4 7092/9/4
f 7093/9/5 7094/9/5 7095/9/5 7096/9/5
f 7097/6/3 7098/6/3 7099/6/3 7100/6/3
f 7101/6/4 7102/6/4 7103/6/4 7104/6/4
f 7105/6/5 7106/6/5 7107/6/5 7108/6/5
f 7109/4/4 7110/4/4 7111/4/4 7112/4/4
f 7113/4/5 7114/4/5 7115/4/5 7116/4/5
f 7117/4/1 7118/4/1 7119/4/1 7120/4/1
f 7121/4/2 7122/4/2 7123/4/2 7124/4/2
f 7125/4/5 7126/4/5 7127/4/5 7128/4/5
f 7129/4/6 7130/4/6 7131/4/6 7132/4/6
f 7133/4/1 7134/4/1 7135/4/1 7136/4/1
f 7137/4/2 7138/4/2 7139/4/2 7140/4/2
f 7141/4/3 7142/4/3 7143/4/3 7144/4/3
f 7145/4/5 7146/4/5 7147/4/5 7148/4/5
f 7149/4/6 7150/4/6 7151/4/6 7152/4/6
f 7153/9/3 7154/9/3 7155/9/3 7156/9/3
f 7157/9/4 7158/9/4 7159/9/4 7160/9/4
f 7161/9/5 7162/9/5 7163/9/5 7164/9/5
f 7165/4/4 7166/4/4 7167/4/4 7168/4/4
f 7169/4/5 7170/4/5 7171/4/5 7172/4/5
f 7173/4/1 7174/4/1 7175/4/1 7176/4/1
f 7177/4/5 7178/4/5 7179/4/5 7180/4/5
f 7181/4/6 7182/4/6 7183/4/6 7184/4/6
f 7185/4/1 7186/4/1 7187/4/1 7188/4/1
f 7189/4/3 7190/4/3 7191/4/3 7192/4/3
f 7193/4/5 7194/4/5 7195/4/5 7196/4/5
f 7197/4/6 7198/4/6 7199/4/6 7200/4/6
f 7201/4/4 7202/4/4 7203/4/4 7204/4/4
f 7205/4/5 7206/4/5 7207/4/5 7208/4/5
f 7209/4/5 7210/4/5 7211/4/5 7212/4/5
f 7213/4/3 7214/4/3 7215/4/3 7216/4/3
f 7217/4/5 7218/4/5 7219/4/5 7220/4/5
f 7221/4/4 7222/4/4 7223/4/4 7224/4/4
f 7225/4/5 7226/4/5 7227/4/5 7228/4/5
f 7229/4/2 7230/4/2 7231/4/2 7232/4/2
f 7233/4/5 7234/4/5 7235/4/5 7236/4/5
f 7237/4/6 7238/4/6 7239/4/6 7240/4/6
f 7241/4/2 7242/4/2 7243/4/2 7244/4/2
f 7245/4/3 7246/4/3 7247/4/3 7248/4/3
f 7249/4/5 7250/4/5 7251/4/5 7252/4/5
f 7253/4/6 7254/4/6 7255/4/6 7256/4/6
f 7257/7/3 7258/7/3 7259/7/3 7260/7/3
f 7261/7/4 7262/7/4 7263/7/4 7264/7/4
f 7265/7/5 7266/7/5 7267/7/5 7268/7/5
f 7269/3/3 7270/3/3 7271/3/3 7272/3/3
f 7273/3/4 7274/3/4 7275/3/4 7276/3/4
f 7277/3/5 7278/3/5 7279/3/5 7280/3/5
f 7281/10/3 7282/10/3 7283/10/3 7284/10/3
f 7285/10/4 7286/10/4 7287/10/4 7288/10/4
f 7289/10/5 7290/10/5 7291/10/5 7292/10/5
f 7293/3/3 7294/3/3 7295/3/3 7296/3/3
f 7297/3/4 7298/3/4 7299/3/4 7300/3/4
f 7301/3/5 7302/3/5 7303/3/5 7304/3/5
f 7305/7/3 7306/7/3 7307/7/3 7308/7/3
f 7309/7/4 7310/7/4 7311/7/4 7312/7/4
f 7313/7/5 7314/7/5 7315/7/5 7316/7/5
f 7317/10/3 7318/10/3 7319/10/3 7320/10/3
f 7321/10/4 7322/10/4 7323/10/4 7324/10/4
f 7325/10/5 7326/10/5 7327/10/5 7328/10/5
f 7329/7/3 7330/7/3 7331/7/3 7332/7/3
f 7333/7/4 7334/7/4 7335/7/4 7336/7/4
f 7337/7/5 7338/7/5 7339/7/5 7340/7/5
f 7341/3/3 7342/3/3 7343/3/3 7344/3/3
f 7345/3/4 7346/3/4 7347/3/4 7348/3/4
f 7349/3/5 7350/3/5 7351/3/5 7352/3/5
f 7353/3/3 7354/3/3 7355/3/3 7356/3/3
f 7357/3/4 7358/3/4 7359/3/4 7360/3/4
f 7361/3/5 7362/3/5 7363/3/5 7364/3/5
f 7365/7/3 7366/7/3 7367/7/3 7368/7/3
f 7369/7/4 7370/7/4 7371/7/4 7372/7/4
f 7373/7/5 7374/7/5 7375/7/5 7376/7/5
f 7377/4/4 7378/4/4 7379/4/4 7380/4/4
f 7381/4/5 7382/4/5 7383/4/5 7384/4/5
f 7385/4/1 7386/4/1 7387/4/1 7388/4/1
f 7389/4/5 7390/4/5 7391/4/5 7392/4/5
f 7393/4/1 7394/4/1 7395/4/1 7396/4/1
f 7397/4/3 7398/4/3 7399/4/3 7400/4/3
f 7401/4/5 7402/4/5 7403/4/5 7404/4/5
f 7405/4/4 7406/4/4 7407/4/4 7408/4/4
f 7409/4/5 7410/4/5 7411/4/5 7412/4/5
f 7413/4/2 7414/4/2 7415/4/2 7416/4/2
f 7417/4/5 7418/4/5 7419/4/5 7420/4/5
f 7421/4/6 7422/4/6 7423/4/6 7424/4/6
f 7425/4/2 7426/4/2 7427/4/2 7428/4/2
f 7429/4/3 7430/4/3 7431/4/3 7432/4/3
f 7433/4/5 7434/4/5 7435/4/5 7436/4/5
f 7437/4/6 7438/4/6 7439/4/6 7440/4/6
f 7441/6/2 7442/6/2 7443/6/2 7444/6/2
f 7445/6/3 7446/6/3 7447/6/3 7448/6/3
f 7449/6/4 7450/6/4 7451/6/4 7452/6/4
f 7453/6/5 7454/6/5 7455/6/5 7456/6/5

