# generated by vox_to_obj_exporter
# scale=0.1 center=true ground=true y_up=false

mtllib Shape_29_0.mtl
usemtl palette

# normals
vn -1 0 0
vn 1 0 0
vn 0 0 1
vn 0 0 -1
vn 0 -1 0
vn 0 1 0

# texcoords
vt 0.814453125 0.5
vt 0.837890625 0.5
vt 0.505859375 0.5
vt 0.990234375 0.5
vt 0.876953125 0.5
vt 0.978515625 0.5
vt 0.673828125 0.5
vt 0.677734375 0.5
vt 0.994140625 0.5
vt 0.986328125 0.5

# verts
v -1.2 1.2 0.1
v -1.2 1.2 0
v -1.2 1.1 0
v -1.2 1.1 0.1
v -1.2 1.2 0.1
v -1.2 1.1 0.1
v -1.1 1.1 0.1
v -1.1 1.2 0.1
v -1.2 1.1 0
v -1.2 1.2 0
v -1.1 1.2 0
v -1.1 1.1 0
v -1.1 1.2 0.1
v -1.1 1.2 0
v -1.2 1.2 0
v -1.2 1.2 0.1
v -1.1 1.2 0.1
v -1.1 1.1 0.1
v -1 1.1 0.1
v -1 1.2 0.1
v -1.1 1.1 0
v -1.1 1.2 0
v -1 1.2 0
v -1 1.1 0
v -1 1.2 0.1
v -1 1.2 0
v -1.1 1.2 0
v -1.1 1.2 0.1
v -1 1.2 0.1
v -1 1.1 0.1
v -0.9 1.1 0.1
v -0.9 1.2 0.1
v -1 1.1 0
v -1 1.2 0
v -0.9 1.2 0
v -0.9 1.1 0
v -0.9 1.2 0.1
v -0.9 1.2 0
v -1 1.2 0
v -1 1.2 0.1
v -0.9 1.2 0.1
v -0.9 1.1 0.1
v -0.8 1.1 0.1
v -0.8 1.2 0.1
v -0.9 1.1 0
v -0.9 1.2 0
v -0.8 1.2 0
v -0.8 1.1 0
v -0.8 1.2 0.1
v -0.8 1.2 0
v -0.9 1.2 0
v -0.9 1.2 0.1
v -0.8 1.2 0.1
v -0.8 1.1 0.1
v -0.7 1.1 0.1
v -0.7 1.2 0.1
v -0.8 1.1 0
v -0.8 1.2 0
v -0.7 1.2 0
v -0.7 1.1 0
v -0.7 1.2 0.1
v -0.7 1.2 0
v -0.8 1.2 0
v -0.8 1.2 0.1
v -0.7 1.2 0.1
v -0.7 1.1 0.1
v -0.6 1.1 0.1
v -0.6 1.2 0.1
v -0.7 1.1 0
v -0.7 1.2 0
v -0.6 1.2 0
v -0.6 1.1 0
v -0.6 1.2 0.1
v -0.6 1.2 0
v -0.7 1.2 0
v -0.7 1.2 0.1
v -0.6 1.2 0.1
v -0.6 1.1 0.1
v -0.5 1.1 0.1
v -0.5 1.2 0.1
v -0.6 1.1 0
v -0.6 1.2 0
v -0.5 1.2 0
v -0.5 1.1 0
v -0.5 1.2 0.1
v -0.5 1.2 0
v -0.6 1.2 0
v -0.6 1.2 0.1
v -0.5 1.2 0.1
v -0.5 1.1 0.1
v -0.4 1.1 0.1
v -0.4 1.2 0.1
v -0.5 1.1 0
v -0.5 1.2 0
v -0.4 1.2 0
v -0.4 1.1 0
v -0.4 1.2 0.1
v -0.4 1.2 0
v -0.5 1.2 0
v -0.5 1.2 0.1
v -0.4 1.2 0.1
v -0.4 1.1 0.1
v -0.3 1.1 0.1
v -0.3 1.2 0.1
v -0.4 1.1 0
v -0.4 1.2 0
v -0.3 1.2 0
v -0.3 1.1 0
v -0.3 1.2 0.1
v -0.3 1.2 0
v -0.4 1.2 0
v -0.4 1.2 0.1
v -0.3 1.2 0.1
v -0.3 1.1 0.1
v -0.2 1.1 0.1
v -0.2 1.2 0.1
v -0.3 1.1 0
v -0.3 1.2 0
v -0.2 1.2 0
v -0.2 1.1 0
v -0.2 1.2 0.1
v -0.2 1.2 0
v -0.3 1.2 0
v -0.3 1.2 0.1
v -0.2 1.2 0.1
v -0.2 1.1 0.1
v -0.1 1.1 0.1
v -0.1 1.2 0.1
v -0.2 1.1 0
v -0.2 1.2 0
v -0.1 1.2 0
v -0.1 1.1 0
v -0.1 1.2 0.1
v -0.1 1.2 0
v -0.2 1.2 0
v -0.2 1.2 0.1
v -0.1 1.2 0.1
v -0.1 1.1 0.1
v 0 1.1 0.1
v 0 1.2 0.1
v -0.1 1.1 0
v -0.1 1.2 0
v 0 1.2 0
v 0 1.1 0
v 0 1.2 0.1
v 0 1.2 0
v -0.1 1.2 0
v -0.1 1.2 0.1
v 0 1.2 0.1
v 0 1.1 0.1
v 0.1 1.1 0.1
v 0.1 1.2 0.1
v 0 1.1 0
v 0 1.2 0
v 0.1 1.2 0
v 0.1 1.1 0
v 0.1 1.2 0.1
v 0.1 1.2 0
v 0 1.2 0
v 0 1.2 0.1
v 0.1 1.2 0.1
v 0.1 1.1 0.1
v 0.2 1.1 0.1
v 0.2 1.2 0.1
v 0.1 1.1 0
v 0.1 1.2 0
v 0.2 1.2 0
v 0.2 1.1 0
v 0.2 1.2 0.1
v 0.2 1.2 0
v 0.1 1.2 0
v 0.1 1.2 0.1
v 0.2 1.2 0.1
v 0.2 1.1 0.1
v 0.3 1.1 0.1
v 0.3 1.2 0.1
v 0.2 1.1 0
v 0.2 1.2 0
v 0.3 1.2 0
v 0.3 1.1 0
v 0.3 1.2 0.1
v 0.3 1.2 0
v 0.2 1.2 0
v 0.2 1.2 0.1
v 0.3 1.2 0.1
v 0.3 1.1 0.1
v 0.4 1.1 0.1
v 0.4 1.2 0.1
v 0.3 1.1 0
v 0.3 1.2 0
v 0.4 1.2 0
v 0.4 1.1 0
v 0.4 1.2 0.1
v 0.4 1.2 0
v 0.3 1.2 0
v 0.3 1.2 0.1
v 0.4 1.2 0.1
v 0.4 1.1 0.1
v 0.5 1.1 0.1
v 0.5 1.2 0.1
v 0.4 1.1 0
v 0.4 1.2 0
v 0.5 1.2 0
v 0.5 1.1 0
v 0.5 1.2 0.1
v 0.5 1.2 0
v 0.4 1.2 0
v 0.4 1.2 0.1
v 0.5 1.2 0.1
v 0.5 1.1 0.1
v 0.6 1.1 0.1
v 0.6 1.2 0.1
v 0.5 1.1 0
v 0.5 1.2 0
v 0.6 1.2 0
v 0.6 1.1 0
v 0.6 1.2 0.1
v 0.6 1.2 0
v 0.5 1.2 0
v 0.5 1.2 0.1
v 0.6 1.2 0.1
v 0.6 1.1 0.1
v 0.7 1.1 0.1
v 0.7 1.2 0.1
v 0.6 1.1 0
v 0.6 1.2 0
v 0.7 1.2 0
v 0.7 1.1 0
v 0.7 1.2 0.1
v 0.7 1.2 0
v 0.6 1.2 0
v 0.6 1.2 0.1
v 0.7 1.2 0.1
v 0.7 1.1 0.1
v 0.8 1.1 0.1
v 0.8 1.2 0.1
v 0.7 1.1 0
v 0.7 1.2 0
v 0.8 1.2 0
v 0.8 1.1 0
v 0.8 1.2 0.1
v 0.8 1.2 0
v 0.7 1.2 0
v 0.7 1.2 0.1
v 0.8 1.2 0.1
v 0.8 1.1 0.1
v 0.9 1.1 0.1
v 0.9 1.2 0.1
v 0.8 1.1 0
v 0.8 1.2 0
v 0.9 1.2 0
v 0.9 1.1 0
v 0.9 1.2 0.1
v 0.9 1.2 0
v 0.8 1.2 0
v 0.8 1.2 0.1
v 0.9 1.2 0.1
v 0.9 1.1 0.1
v 1 1.1 0.1
v 1 1.2 0.1
v 0.9 1.1 0
v 0.9 1.2 0
v 1 1.2 0
v 1 1.1 0
v 1 1.2 0.1
v 1 1.2 0
v 0.9 1.2 0
v 0.9 1.2 0.1
v 1 1.2 0.1
v 1 1.1 0.1
v 1.1 1.1 0.1
v 1.1 1.2 0.1
v 1 1.1 0
v 1 1.2 0
v 1.1 1.2 0
v 1.1 1.1 0
v 1.1 1.2 0.1
v 1.1 1.2 0
v 1 1.2 0
v 1 1.2 0.1
v 1.2 1.1 0.1
v 1.2 1.1 0
v 1.2 1.2 0
v 1.2 1.2 0.1
v 1.1 1.2 0.1
v 1.1 1.1 0.1
v 1.2 1.1 0.1
v 1.2 1.2 0.1
v 1.1 1.1 0
v 1.1 1.2 0
v 1.2 1.2 0
v 1.2 1.1 0
v 1.2 1.2 0.1
v 1.2 1.2 0
v 1.1 1.2 0
v 1.1 1.2 0.1
v -1.2 1.1 0.1
v -1.2 1.1 0
v -1.2 1 0
v -1.2 1 0.1
v -1.2 1.1 0.1
v -1.2 1 0.1
v -1.1 1 0.1
v -1.1 1.1 0.1
v -1.2 1 0
v -1.2 1.1 0
v -1.1 1.1 0
v -1.1 1 0
v -1.1 1.1 0.1
v -1.1 1 0.1
v -1 1 0.1
v -1 1.1 0.1
v -1.1 1 0
v -1.1 1.1 0
v -1 1.1 0
v -1 1 0
v -1 1.1 0.1
v -1 1 0.1
v -0.9 1 0.1
v -0.9 1.1 0.1
v -1 1 0
v -1 1.1 0
v -0.9 1.1 0
v -0.9 1 0
v -0.9 1.1 0.1
v -0.9 1 0.1
v -0.8 1 0.1
v -0.8 1.1 0.1
v -0.9 1 0
v -0.9 1.1 0
v -0.8 1.1 0
v -0.8 1 0
v -0.8 1.1 0.1
v -0.8 1 0.1
v -0.7 1 0.1
v -0.7 1.1 0.1
v -0.8 1 0
v -0.8 1.1 0
v -0.7 1.1 0
v -0.7 1 0
v -0.7 1.1 0.1
v -0.7 1 0.1
v -0.6 1 0.1
v -0.6 1.1 0.1
v -0.7 1 0
v -0.7 1.1 0
v -0.6 1.1 0
v -0.6 1 0
v -0.6 1.1 0.1
v -0.6 1 0.1
v -0.5 1 0.1
v -0.5 1.1 0.1
v -0.6 1 0
v -0.6 1.1 0
v -0.5 1.1 0
v -0.5 1 0
v -0.5 1.1 0.1
v -0.5 1 0.1
v -0.4 1 0.1
v -0.4 1.1 0.1
v -0.5 1 0
v -0.5 1.1 0
v -0.4 1.1 0
v -0.4 1 0
v -0.4 1.1 0.1
v -0.4 1 0.1
v -0.3 1 0.1
v -0.3 1.1 0.1
v -0.4 1 0
v -0.4 1.1 0
v -0.3 1.1 0
v -0.3 1 0
v -0.3 1.1 0.1
v -0.3 1 0.1
v -0.2 1 0.1
v -0.2 1.1 0.1
v -0.3 1 0
v -0.3 1.1 0
v -0.2 1.1 0
v -0.2 1 0
v -0.2 1.1 0.1
v -0.2 1 0.1
v -0.1 1 0.1
v -0.1 1.1 0.1
v -0.2 1 0
v -0.2 1.1 0
v -0.1 1.1 0
v -0.1 1 0
v -0.1 1.1 0.1
v -0.1 1 0.1
v 0 1 0.1
v 0 1.1 0.1
v -0.1 1 0
v -0.1 1.1 0
v 0 1.1 0
v 0 1 0
v 0 1.1 0.1
v 0 1 0.1
v 0.1 1 0.1
v 0.1 1.1 0.1
v 0 1 0
v 0 1.1 0
v 0.1 1.1 0
v 0.1 1 0
v 0.1 1.1 0.1
v 0.1 1 0.1
v 0.2 1 0.1
v 0.2 1.1 0.1
v 0.1 1 0
v 0.1 1.1 0
v 0.2 1.1 0
v 0.2 1 0
v 0.2 1.1 0.1
v 0.2 1 0.1
v 0.3 1 0.1
v 0.3 1.1 0.1
v 0.2 1 0
v 0.2 1.1 0
v 0.3 1.1 0
v 0.3 1 0
v 0.3 1.1 0.1
v 0.3 1 0.1
v 0.4 1 0.1
v 0.4 1.1 0.1
v 0.3 1 0
v 0.3 1.1 0
v 0.4 1.1 0
v 0.4 1 0
v 0.4 1.1 0.1
v 0.4 1 0.1
v 0.5 1 0.1
v 0.5 1.1 0.1
v 0.4 1 0
v 0.4 1.1 0
v 0.5 1.1 0
v 0.5 1 0
v 0.5 1.1 0.1
v 0.5 1 0.1
v 0.6 1 0.1
v 0.6 1.1 0.1
v 0.5 1 0
v 0.5 1.1 0
v 0.6 1.1 0
v 0.6 1 0
v 0.6 1.1 0.1
v 0.6 1 0.1
v 0.7 1 0.1
v 0.7 1.1 0.1
v 0.6 1 0
v 0.6 1.1 0
v 0.7 1.1 0
v 0.7 1 0
v 0.7 1.1 0.1
v 0.7 1 0.1
v 0.8 1 0.1
v 0.8 1.1 0.1
v 0.7 1 0
v 0.7 1.1 0
v 0.8 1.1 0
v 0.8 1 0
v 0.8 1.1 0.1
v 0.8 1 0.1
v 0.9 1 0.1
v 0.9 1.1 0.1
v 0.8 1 0
v 0.8 1.1 0
v 0.9 1.1 0
v 0.9 1 0
v 0.9 1.1 0.1
v 0.9 1 0.1
v 1 1 0.1
v 1 1.1 0.1
v 0.9 1 0
v 0.9 1.1 0
v 1 1.1 0
v 1 1 0
v 1 1.1 0.1
v 1 1 0.1
v 1.1 1 0.1
v 1.1 1.1 0.1
v 1 1 0
v 1 1.1 0
v 1.1 1.1 0
v 1.1 1 0
v 1.2 1 0.1
v 1.2 1 0
v 1.2 1.1 0
v 1.2 1.1 0.1
v 1.1 1.1 0.1
v 1.1 1 0.1
v 1.2 1 0.1
v 1.2 1.1 0.1
v 1.1 1 0
v 1.1 1.1 0
v 1.2 1.1 0
v 1.2 1 0
v -1.2 1 0.1
v -1.2 1 0
v -1.2 0.9 0
v -1.2 0.9 0.1
v -1.2 1 0.1
v -1.2 0.9 0.1
v -1.1 0.9 0.1
v -1.1 1 0.1
v -1.2 0.9 0
v -1.2 1 0
v -1.1 1 0
v -1.1 0.9 0
v -1.1 1 0.1
v -1.1 0.9 0.1
v -1 0.9 0.1
v -1 1 0.1
v -1.1 0.9 0
v -1.1 1 0
v -1 1 0
v -1 0.9 0
v -1 1 0.1
v -1 0.9 0.1
v -0.9 0.9 0.1
v -0.9 1 0.1
v -1 0.9 0
v -1 1 0
v -0.9 1 0
v -0.9 0.9 0
v -0.9 1 0.1
v -0.9 0.9 0.1
v -0.8 0.9 0.1
v -0.8 1 0.1
v -0.9 0.9 0
v -0.9 1 0
v -0.8 1 0
v -0.8 0.9 0
v -0.8 1 0.1
v -0.8 0.9 0.1
v -0.7 0.9 0.1
v -0.7 1 0.1
v -0.8 0.9 0
v -0.8 1 0
v -0.7 1 0
v -0.7 0.9 0
v -0.7 1 0.1
v -0.7 0.9 0.1
v -0.6 0.9 0.1
v -0.6 1 0.1
v -0.7 0.9 0
v -0.7 1 0
v -0.6 1 0
v -0.6 0.9 0
v -0.6 1 0.1
v -0.6 0.9 0.1
v -0.5 0.9 0.1
v -0.5 1 0.1
v -0.6 0.9 0
v -0.6 1 0
v -0.5 1 0
v -0.5 0.9 0
v -0.5 1 0.1
v -0.5 0.9 0.1
v -0.4 0.9 0.1
v -0.4 1 0.1
v -0.5 0.9 0
v -0.5 1 0
v -0.4 1 0
v -0.4 0.9 0
v -0.4 1 0.1
v -0.4 0.9 0.1
v -0.3 0.9 0.1
v -0.3 1 0.1
v -0.4 0.9 0
v -0.4 1 0
v -0.3 1 0
v -0.3 0.9 0
v -0.3 1 0.1
v -0.3 0.9 0.1
v -0.2 0.9 0.1
v -0.2 1 0.1
v -0.3 0.9 0
v -0.3 1 0
v -0.2 1 0
v -0.2 0.9 0
v -0.2 1 0.1
v -0.2 0.9 0.1
v -0.1 0.9 0.1
v -0.1 1 0.1
v -0.2 0.9 0
v -0.2 1 0
v -0.1 1 0
v -0.1 0.9 0
v -0.1 1 0.1
v -0.1 0.9 0.1
v 0 0.9 0.1
v 0 1 0.1
v -0.1 0.9 0
v -0.1 1 0
v 0 1 0
v 0 0.9 0
v 0 1 0.1
v 0 0.9 0.1
v 0.1 0.9 0.1
v 0.1 1 0.1
v 0 0.9 0
v 0 1 0
v 0.1 1 0
v 0.1 0.9 0
v 0.1 1 0.1
v 0.1 0.9 0.1
v 0.2 0.9 0.1
v 0.2 1 0.1
v 0.1 0.9 0
v 0.1 1 0
v 0.2 1 0
v 0.2 0.9 0
v 0.2 1 0.1
v 0.2 0.9 0.1
v 0.3 0.9 0.1
v 0.3 1 0.1
v 0.2 0.9 0
v 0.2 1 0
v 0.3 1 0
v 0.3 0.9 0
v 0.3 1 0.1
v 0.3 0.9 0.1
v 0.4 0.9 0.1
v 0.4 1 0.1
v 0.3 0.9 0
v 0.3 1 0
v 0.4 1 0
v 0.4 0.9 0
v 0.4 1 0.1
v 0.4 0.9 0.1
v 0.5 0.9 0.1
v 0.5 1 0.1
v 0.4 0.9 0
v 0.4 1 0
v 0.5 1 0
v 0.5 0.9 0
v 0.5 1 0.1
v 0.5 0.9 0.1
v 0.6 0.9 0.1
v 0.6 1 0.1
v 0.5 0.9 0
v 0.5 1 0
v 0.6 1 0
v 0.6 0.9 0
v 0.6 1 0.1
v 0.6 0.9 0.1
v 0.7 0.9 0.1
v 0.7 1 0.1
v 0.6 0.9 0
v 0.6 1 0
v 0.7 1 0
v 0.7 0.9 0
v 0.7 1 0.1
v 0.7 0.9 0.1
v 0.8 0.9 0.1
v 0.8 1 0.1
v 0.7 0.9 0
v 0.7 1 0
v 0.8 1 0
v 0.8 0.9 0
v 0.8 1 0.1
v 0.8 0.9 0.1
v 0.9 0.9 0.1
v 0.9 1 0.1
v 0.8 0.9 0
v 0.8 1 0
v 0.9 1 0
v 0.9 0.9 0
v 0.9 1 0.1
v 0.9 0.9 0.1
v 1 0.9 0.1
v 1 1 0.1
v 0.9 0.9 0
v 0.9 1 0
v 1 1 0
v 1 0.9 0
v 1 1 0.1
v 1 0.9 0.1
v 1.1 0.9 0.1
v 1.1 1 0.1
v 1 0.9 0
v 1 1 0
v 1.1 1 0
v 1.1 0.9 0
v 1.2 0.9 0.1
v 1.2 0.9 0
v 1.2 1 0
v 1.2 1 0.1
v 1.1 1 0.1
v 1.1 0.9 0.1
v 1.2 0.9 0.1
v 1.2 1 0.1
v 1.1 0.9 0
v 1.1 1 0
v 1.2 1 0
v 1.2 0.9 0
v -1.2 0.9 0.1
v -1.2 0.9 0
v -1.2 0.8 0
v -1.2 0.8 0.1
v -1.2 0.9 0.1
v -1.2 0.8 0.1
v -1.1 0.8 0.1
v -1.1 0.9 0.1
v -1.2 0.8 0
v -1.2 0.9 0
v -1.1 0.9 0
v -1.1 0.8 0
v -1.1 0.9 0.1
v -1.1 0.8 0.1
v -1 0.8 0.1
v -1 0.9 0.1
v -1.1 0.8 0
v -1.1 0.9 0
v -1 0.9 0
v -1 0.8 0
v -1 0.9 0.1
v -1 0.8 0.1
v -0.9 0.8 0.1
v -0.9 0.9 0.1
v -1 0.8 0
v -1 0.9 0
v -0.9 0.9 0
v -0.9 0.8 0
v -0.9 0.9 0.1
v -0.9 0.8 0.1
v -0.8 0.8 0.1
v -0.8 0.9 0.1
v -0.9 0.8 0
v -0.9 0.9 0
v -0.8 0.9 0
v -0.8 0.8 0
v -0.8 0.9 0.1
v -0.8 0.8 0.1
v -0.7 0.8 0.1
v -0.7 0.9 0.1
v -0.8 0.8 0
v -0.8 0.9 0
v -0.7 0.9 0
v -0.7 0.8 0
v -0.7 0.9 0.1
v -0.7 0.8 0.1
v -0.6 0.8 0.1
v -0.6 0.9 0.1
v -0.7 0.8 0
v -0.7 0.9 0
v -0.6 0.9 0
v -0.6 0.8 0
v -0.6 0.9 0.1
v -0.6 0.8 0.1
v -0.5 0.8 0.1
v -0.5 0.9 0.1
v -0.6 0.8 0
v -0.6 0.9 0
v -0.5 0.9 0
v -0.5 0.8 0
v -0.5 0.9 0.1
v -0.5 0.8 0.1
v -0.4 0.8 0.1
v -0.4 0.9 0.1
v -0.5 0.8 0
v -0.5 0.9 0
v -0.4 0.9 0
v -0.4 0.8 0
v -0.4 0.9 0.1
v -0.4 0.8 0.1
v -0.3 0.8 0.1
v -0.3 0.9 0.1
v -0.4 0.8 0
v -0.4 0.9 0
v -0.3 0.9 0
v -0.3 0.8 0
v -0.3 0.9 0.1
v -0.3 0.8 0.1
v -0.2 0.8 0.1
v -0.2 0.9 0.1
v -0.3 0.8 0
v -0.3 0.9 0
v -0.2 0.9 0
v -0.2 0.8 0
v -0.2 0.9 0.1
v -0.2 0.8 0.1
v -0.1 0.8 0.1
v -0.1 0.9 0.1
v -0.2 0.8 0
v -0.2 0.9 0
v -0.1 0.9 0
v -0.1 0.8 0
v -0.1 0.9 0.1
v -0.1 0.8 0.1
v 0 0.8 0.1
v 0 0.9 0.1
v -0.1 0.8 0
v -0.1 0.9 0
v 0 0.9 0
v 0 0.8 0
v 0 0.9 0.1
v 0 0.8 0.1
v 0.1 0.8 0.1
v 0.1 0.9 0.1
v 0 0.8 0
v 0 0.9 0
v 0.1 0.9 0
v 0.1 0.8 0
v 0.1 0.9 0.1
v 0.1 0.8 0.1
v 0.2 0.8 0.1
v 0.2 0.9 0.1
v 0.1 0.8 0
v 0.1 0.9 0
v 0.2 0.9 0
v 0.2 0.8 0
v 0.2 0.9 0.1
v 0.2 0.8 0.1
v 0.3 0.8 0.1
v 0.3 0.9 0.1
v 0.2 0.8 0
v 0.2 0.9 0
v 0.3 0.9 0
v 0.3 0.8 0
v 0.3 0.9 0.1
v 0.3 0.8 0.1
v 0.4 0.8 0.1
v 0.4 0.9 0.1
v 0.3 0.8 0
v 0.3 0.9 0
v 0.4 0.9 0
v 0.4 0.8 0
v 0.4 0.9 0.1
v 0.4 0.8 0.1
v 0.5 0.8 0.1
v 0.5 0.9 0.1
v 0.4 0.8 0
v 0.4 0.9 0
v 0.5 0.9 0
v 0.5 0.8 0
v 0.5 0.9 0.1
v 0.5 0.8 0.1
v 0.6 0.8 0.1
v 0.6 0.9 0.1
v 0.5 0.8 0
v 0.5 0.9 0
v 0.6 0.9 0
v 0.6 0.8 0
v 0.6 0.9 0.1
v 0.6 0.8 0.1
v 0.7 0.8 0.1
v 0.7 0.9 0.1
v 0.6 0.8 0
v 0.6 0.9 0
v 0.7 0.9 0
v 0.7 0.8 0
v 0.7 0.9 0.1
v 0.7 0.8 0.1
v 0.8 0.8 0.1
v 0.8 0.9 0.1
v 0.7 0.8 0
v 0.7 0.9 0
v 0.8 0.9 0
v 0.8 0.8 0
v 0.8 0.9 0.1
v 0.8 0.8 0.1
v 0.9 0.8 0.1
v 0.9 0.9 0.1
v 0.8 0.8 0
v 0.8 0.9 0
v 0.9 0.9 0
v 0.9 0.8 0
v 0.9 0.9 0.1
v 0.9 0.8 0.1
v 1 0.8 0.1
v 1 0.9 0.1
v 0.9 0.8 0
v 0.9 0.9 0
v 1 0.9 0
v 1 0.8 0
v 1 0.9 0.1
v 1 0.8 0.1
v 1.1 0.8 0.1
v 1.1 0.9 0.1
v 1 0.8 0
v 1 0.9 0
v 1.1 0.9 0
v 1.1 0.8 0
v 1.2 0.8 0.1
v 1.2 0.8 0
v 1.2 0.9 0
v 1.2 0.9 0.1
v 1.1 0.9 0.1
v 1.1 0.8 0.1
v 1.2 0.8 0.1
v 1.2 0.9 0.1
v 1.1 0.8 0
v 1.1 0.9 0
v 1.2 0.9 0
v 1.2 0.8 0
v -1.2 0.8 0.1
v -1.2 0.8 0
v -1.2 0.7 0
v -1.2 0.7 0.1
v -1.2 0.8 0.1
v -1.2 0.7 0.1
v -1.1 0.7 0.1
v -1.1 0.8 0.1
v -1.2 0.7 0
v -1.2 0.8 0
v -1.1 0.8 0
v -1.1 0.7 0
v -1.1 0.8 0.1
v -1.1 0.7 0.1
v -1 0.7 0.1
v -1 0.8 0.1
v -1.1 0.7 0
v -1.1 0.8 0
v -1 0.8 0
v -1 0.7 0
v -1 0.8 0.1
v -1 0.7 0.1
v -0.9 0.7 0.1
v -0.9 0.8 0.1
v -1 0.7 0
v -1 0.8 0
v -0.9 0.8 0
v -0.9 0.7 0
v -0.9 0.8 0.1
v -0.9 0.7 0.1
v -0.8 0.7 0.1
v -0.8 0.8 0.1
v -0.9 0.7 0
v -0.9 0.8 0
v -0.8 0.8 0
v -0.8 0.7 0
v -0.8 0.8 0.1
v -0.8 0.7 0.1
v -0.7 0.7 0.1
v -0.7 0.8 0.1
v -0.8 0.7 0
v -0.8 0.8 0
v -0.7 0.8 0
v -0.7 0.7 0
v -0.7 0.8 0.1
v -0.7 0.7 0.1
v -0.6 0.7 0.1
v -0.6 0.8 0.1
v -0.7 0.7 0
v -0.7 0.8 0
v -0.6 0.8 0
v -0.6 0.7 0
v -0.6 0.8 0.1
v -0.6 0.7 0.1
v -0.5 0.7 0.1
v -0.5 0.8 0.1
v -0.6 0.7 0
v -0.6 0.8 0
v -0.5 0.8 0
v -0.5 0.7 0
v -0.5 0.8 0.1
v -0.5 0.7 0.1
v -0.4 0.7 0.1
v -0.4 0.8 0.1
v -0.5 0.7 0
v -0.5 0.8 0
v -0.4 0.8 0
v -0.4 0.7 0
v -0.4 0.8 0.1
v -0.4 0.7 0.1
v -0.3 0.7 0.1
v -0.3 0.8 0.1
v -0.4 0.7 0
v -0.4 0.8 0
v -0.3 0.8 0
v -0.3 0.7 0
v -0.3 0.8 0.1
v -0.3 0.7 0.1
v -0.2 0.7 0.1
v -0.2 0.8 0.1
v -0.3 0.7 0
v -0.3 0.8 0
v -0.2 0.8 0
v -0.2 0.7 0
v -0.2 0.8 0.1
v -0.2 0.7 0.1
v -0.1 0.7 0.1
v -0.1 0.8 0.1
v -0.2 0.7 0
v -0.2 0.8 0
v -0.1 0.8 0
v -0.1 0.7 0
v -0.1 0.8 0.1
v -0.1 0.7 0.1
v 0 0.7 0.1
v 0 0.8 0.1
v -0.1 0.7 0
v -0.1 0.8 0
v 0 0.8 0
v 0 0.7 0
v 0 0.8 0.1
v 0 0.7 0.1
v 0.1 0.7 0.1
v 0.1 0.8 0.1
v 0 0.7 0
v 0 0.8 0
v 0.1 0.8 0
v 0.1 0.7 0
v 0.1 0.8 0.1
v 0.1 0.7 0.1
v 0.2 0.7 0.1
v 0.2 0.8 0.1
v 0.1 0.7 0
v 0.1 0.8 0
v 0.2 0.8 0
v 0.2 0.7 0
v 0.2 0.8 0.1
v 0.2 0.7 0.1
v 0.3 0.7 0.1
v 0.3 0.8 0.1
v 0.2 0.7 0
v 0.2 0.8 0
v 0.3 0.8 0
v 0.3 0.7 0
v 0.3 0.8 0.1
v 0.3 0.7 0.1
v 0.4 0.7 0.1
v 0.4 0.8 0.1
v 0.3 0.7 0
v 0.3 0.8 0
v 0.4 0.8 0
v 0.4 0.7 0
v 0.4 0.8 0.1
v 0.4 0.7 0.1
v 0.5 0.7 0.1
v 0.5 0.8 0.1
v 0.4 0.7 0
v 0.4 0.8 0
v 0.5 0.8 0
v 0.5 0.7 0
v 0.5 0.8 0.1
v 0.5 0.7 0.1
v 0.6 0.7 0.1
v 0.6 0.8 0.1
v 0.5 0.7 0
v 0.5 0.8 0
v 0.6 0.8 0
v 0.6 0.7 0
v 0.6 0.8 0.1
v 0.6 0.7 0.1
v 0.7 0.7 0.1
v 0.7 0.8 0.1
v 0.6 0.7 0
v 0.6 0.8 0
v 0.7 0.8 0
v 0.7 0.7 0
v 0.7 0.8 0.1
v 0.7 0.7 0.1
v 0.8 0.7 0.1
v 0.8 0.8 0.1
v 0.7 0.7 0
v 0.7 0.8 0
v 0.8 0.8 0
v 0.8 0.7 0
v 0.8 0.8 0.1
v 0.8 0.7 0.1
v 0.9 0.7 0.1
v 0.9 0.8 0.1
v 0.8 0.7 0
v 0.8 0.8 0
v 0.9 0.8 0
v 0.9 0.7 0
v 0.9 0.8 0.1
v 0.9 0.7 0.1
v 1 0.7 0.1
v 1 0.8 0.1
v 0.9 0.7 0
v 0.9 0.8 0
v 1 0.8 0
v 1 0.7 0
v 1 0.8 0.1
v 1 0.7 0.1
v 1.1 0.7 0.1
v 1.1 0.8 0.1
v 1 0.7 0
v 1 0.8 0
v 1.1 0.8 0
v 1.1 0.7 0
v 1.2 0.7 0.1
v 1.2 0.7 0
v 1.2 0.8 0
v 1.2 0.8 0.1
v 1.1 0.8 0.1
v 1.1 0.7 0.1
v 1.2 0.7 0.1
v 1.2 0.8 0.1
v 1.1 0.7 0
v 1.1 0.8 0
v 1.2 0.8 0
v 1.2 0.7 0
v -1.2 0.7 0.1
v -1.2 0.7 0
v -1.2 0.6 0
v -1.2 0.6 0.1
v -1.2 0.7 0.1
v -1.2 0.6 0.1
v -1.1 0.6 0.1
v -1.1 0.7 0.1
v -1.2 0.6 0
v -1.2 0.7 0
v -1.1 0.7 0
v -1.1 0.6 0
v -1.1 0.7 0.1
v -1.1 0.6 0.1
v -1 0.6 0.1
v -1 0.7 0.1
v -1.1 0.6 0
v -1.1 0.7 0
v -1 0.7 0
v -1 0.6 0
v -1 0.7 0.1
v -1 0.6 0.1
v -0.9 0.6 0.1
v -0.9 0.7 0.1
v -1 0.6 0
v -1 0.7 0
v -0.9 0.7 0
v -0.9 0.6 0
v -0.9 0.7 0.1
v -0.9 0.6 0.1
v -0.8 0.6 0.1
v -0.8 0.7 0.1
v -0.9 0.6 0
v -0.9 0.7 0
v -0.8 0.7 0
v -0.8 0.6 0
v -0.8 0.7 0.1
v -0.8 0.6 0.1
v -0.7 0.6 0.1
v -0.7 0.7 0.1
v -0.8 0.6 0
v -0.8 0.7 0
v -0.7 0.7 0
v -0.7 0.6 0
v -0.7 0.7 0.1
v -0.7 0.6 0.1
v -0.6 0.6 0.1
v -0.6 0.7 0.1
v -0.7 0.6 0
v -0.7 0.7 0
v -0.6 0.7 0
v -0.6 0.6 0
v -0.6 0.7 0.1
v -0.6 0.6 0.1
v -0.5 0.6 0.1
v -0.5 0.7 0.1
v -0.6 0.6 0
v -0.6 0.7 0
v -0.5 0.7 0
v -0.5 0.6 0
v -0.5 0.7 0.1
v -0.5 0.6 0.1
v -0.4 0.6 0.1
v -0.4 0.7 0.1
v -0.5 0.6 0
v -0.5 0.7 0
v -0.4 0.7 0
v -0.4 0.6 0
v -0.4 0.7 0.1
v -0.4 0.6 0.1
v -0.3 0.6 0.1
v -0.3 0.7 0.1
v -0.4 0.6 0
v -0.4 0.7 0
v -0.3 0.7 0
v -0.3 0.6 0
v -0.3 0.7 0.1
v -0.3 0.6 0.1
v -0.2 0.6 0.1
v -0.2 0.7 0.1
v -0.3 0.6 0
v -0.3 0.7 0
v -0.2 0.7 0
v -0.2 0.6 0
v -0.2 0.7 0.1
v -0.2 0.6 0.1
v -0.1 0.6 0.1
v -0.1 0.7 0.1
v -0.2 0.6 0
v -0.2 0.7 0
v -0.1 0.7 0
v -0.1 0.6 0
v -0.1 0.7 0.1
v -0.1 0.6 0.1
v 0 0.6 0.1
v 0 0.7 0.1
v -0.1 0.6 0
v -0.1 0.7 0
v 0 0.7 0
v 0 0.6 0
v 0 0.7 0.1
v 0 0.6 0.1
v 0.1 0.6 0.1
v 0.1 0.7 0.1
v 0 0.6 0
v 0 0.7 0
v 0.1 0.7 0
v 0.1 0.6 0
v 0.1 0.7 0.1
v 0.1 0.6 0.1
v 0.2 0.6 0.1
v 0.2 0.7 0.1
v 0.1 0.6 0
v 0.1 0.7 0
v 0.2 0.7 0
v 0.2 0.6 0
v 0.2 0.7 0.1
v 0.2 0.6 0.1
v 0.3 0.6 0.1
v 0.3 0.7 0.1
v 0.2 0.6 0
v 0.2 0.7 0
v 0.3 0.7 0
v 0.3 0.6 0
v 0.3 0.7 0.1
v 0.3 0.6 0.1
v 0.4 0.6 0.1
v 0.4 0.7 0.1
v 0.3 0.6 0
v 0.3 0.7 0
v 0.4 0.7 0
v 0.4 0.6 0
v 0.4 0.7 0.1
v 0.4 0.6 0.1
v 0.5 0.6 0.1
v 0.5 0.7 0.1
v 0.4 0.6 0
v 0.4 0.7 0
v 0.5 0.7 0
v 0.5 0.6 0
v 0.5 0.7 0.1
v 0.5 0.6 0.1
v 0.6 0.6 0.1
v 0.6 0.7 0.1
v 0.5 0.6 0
v 0.5 0.7 0
v 0.6 0.7 0
v 0.6 0.6 0
v 0.6 0.7 0.1
v 0.6 0.6 0.1
v 0.7 0.6 0.1
v 0.7 0.7 0.1
v 0.6 0.6 0
v 0.6 0.7 0
v 0.7 0.7 0
v 0.7 0.6 0
v 0.7 0.7 0.1
v 0.7 0.6 0.1
v 0.8 0.6 0.1
v 0.8 0.7 0.1
v 0.7 0.6 0
v 0.7 0.7 0
v 0.8 0.7 0
v 0.8 0.6 0
v 0.8 0.7 0.1
v 0.8 0.6 0.1
v 0.9 0.6 0.1
v 0.9 0.7 0.1
v 0.8 0.6 0
v 0.8 0.7 0
v 0.9 0.7 0
v 0.9 0.6 0
v 0.9 0.7 0.1
v 0.9 0.6 0.1
v 1 0.6 0.1
v 1 0.7 0.1
v 0.9 0.6 0
v 0.9 0.7 0
v 1 0.7 0
v 1 0.6 0
v 1 0.7 0.1
v 1 0.6 0.1
v 1.1 0.6 0.1
v 1.1 0.7 0.1
v 1 0.6 0
v 1 0.7 0
v 1.1 0.7 0
v 1.1 0.6 0
v 1.2 0.6 0.1
v 1.2 0.6 0
v 1.2 0.7 0
v 1.2 0.7 0.1
v 1.1 0.7 0.1
v 1.1 0.6 0.1
v 1.2 0.6 0.1
v 1.2 0.7 0.1
v 1.1 0.6 0
v 1.1 0.7 0
v 1.2 0.7 0
v 1.2 0.6 0
v -1.2 0.6 0.1
v -1.2 0.6 0
v -1.2 0.5 0
v -1.2 0.5 0.1
v -1.2 0.6 0.1
v -1.2 0.5 0.1
v -1.1 0.5 0.1
v -1.1 0.6 0.1
v -1.2 0.5 0
v -1.2 0.6 0
v -1.1 0.6 0
v -1.1 0.5 0
v -1.1 0.6 0.1
v -1.1 0.5 0.1
v -1 0.5 0.1
v -1 0.6 0.1
v -1.1 0.5 0
v -1.1 0.6 0
v -1 0.6 0
v -1 0.5 0
v -1 0.6 0.1
v -1 0.5 0.1
v -0.9 0.5 0.1
v -0.9 0.6 0.1
v -1 0.5 0
v -1 0.6 0
v -0.9 0.6 0
v -0.9 0.5 0
v -0.9 0.6 0.1
v -0.9 0.5 0.1
v -0.8 0.5 0.1
v -0.8 0.6 0.1
v -0.9 0.5 0
v -0.9 0.6 0
v -0.8 0.6 0
v -0.8 0.5 0
v -0.8 0.6 0.1
v -0.8 0.5 0.1
v -0.7 0.5 0.1
v -0.7 0.6 0.1
v -0.8 0.5 0
v -0.8 0.6 0
v -0.7 0.6 0
v -0.7 0.5 0
v -0.7 0.6 0.1
v -0.7 0.5 0.1
v -0.6 0.5 0.1
v -0.6 0.6 0.1
v -0.7 0.5 0
v -0.7 0.6 0
v -0.6 0.6 0
v -0.6 0.5 0
v -0.6 0.6 0.1
v -0.6 0.5 0.1
v -0.5 0.5 0.1
v -0.5 0.6 0.1
v -0.6 0.5 0
v -0.6 0.6 0
v -0.5 0.6 0
v -0.5 0.5 0
v -0.5 0.6 0.1
v -0.5 0.5 0.1
v -0.4 0.5 0.1
v -0.4 0.6 0.1
v -0.5 0.5 0
v -0.5 0.6 0
v -0.4 0.6 0
v -0.4 0.5 0
v -0.4 0.6 0.1
v -0.4 0.5 0.1
v -0.3 0.5 0.1
v -0.3 0.6 0.1
v -0.4 0.5 0
v -0.4 0.6 0
v -0.3 0.6 0
v -0.3 0.5 0
v -0.3 0.6 0.1
v -0.3 0.5 0.1
v -0.2 0.5 0.1
v -0.2 0.6 0.1
v -0.3 0.5 0
v -0.3 0.6 0
v -0.2 0.6 0
v -0.2 0.5 0
v -0.2 0.6 0.1
v -0.2 0.5 0.1
v -0.1 0.5 0.1
v -0.1 0.6 0.1
v -0.2 0.5 0
v -0.2 0.6 0
v -0.1 0.6 0
v -0.1 0.5 0
v -0.1 0.6 0.1
v -0.1 0.5 0.1
v 0 0.5 0.1
v 0 0.6 0.1
v -0.1 0.5 0
v -0.1 0.6 0
v 0 0.6 0
v 0 0.5 0
v 0 0.6 0.1
v 0 0.5 0.1
v 0.1 0.5 0.1
v 0.1 0.6 0.1
v 0 0.5 0
v 0 0.6 0
v 0.1 0.6 0
v 0.1 0.5 0
v 0.1 0.6 0.1
v 0.1 0.5 0.1
v 0.2 0.5 0.1
v 0.2 0.6 0.1
v 0.1 0.5 0
v 0.1 0.6 0
v 0.2 0.6 0
v 0.2 0.5 0
v 0.2 0.6 0.1
v 0.2 0.5 0.1
v 0.3 0.5 0.1
v 0.3 0.6 0.1
v 0.2 0.5 0
v 0.2 0.6 0
v 0.3 0.6 0
v 0.3 0.5 0
v 0.3 0.6 0.1
v 0.3 0.5 0.1
v 0.4 0.5 0.1
v 0.4 0.6 0.1
v 0.3 0.5 0
v 0.3 0.6 0
v 0.4 0.6 0
v 0.4 0.5 0
v 0.4 0.6 0.1
v 0.4 0.5 0.1
v 0.5 0.5 0.1
v 0.5 0.6 0.1
v 0.4 0.5 0
v 0.4 0.6 0
v 0.5 0.6 0
v 0.5 0.5 0
v 0.5 0.6 0.1
v 0.5 0.5 0.1
v 0.6 0.5 0.1
v 0.6 0.6 0.1
v 0.5 0.5 0
v 0.5 0.6 0
v 0.6 0.6 0
v 0.6 0.5 0
v 0.6 0.6 0.1
v 0.6 0.5 0.1
v 0.7 0.5 0.1
v 0.7 0.6 0.1
v 0.6 0.5 0
v 0.6 0.6 0
v 0.7 0.6 0
v 0.7 0.5 0
v 0.7 0.6 0.1
v 0.7 0.5 0.1
v 0.8 0.5 0.1
v 0.8 0.6 0.1
v 0.7 0.5 0
v 0.7 0.6 0
v 0.8 0.6 0
v 0.8 0.5 0
v 0.8 0.6 0.1
v 0.8 0.5 0.1
v 0.9 0.5 0.1
v 0.9 0.6 0.1
v 0.8 0.5 0
v 0.8 0.6 0
v 0.9 0.6 0
v 0.9 0.5 0
v 0.9 0.6 0.1
v 0.9 0.5 0.1
v 1 0.5 0.1
v 1 0.6 0.1
v 0.9 0.5 0
v 0.9 0.6 0
v 1 0.6 0
v 1 0.5 0
v 1 0.6 0.1
v 1 0.5 0.1
v 1.1 0.5 0.1
v 1.1 0.6 0.1
v 1 0.5 0
v 1 0.6 0
v 1.1 0.6 0
v 1.1 0.5 0
v 1.2 0.5 0.1
v 1.2 0.5 0
v 1.2 0.6 0
v 1.2 0.6 0.1
v 1.1 0.6 0.1
v 1.1 0.5 0.1
v 1.2 0.5 0.1
v 1.2 0.6 0.1
v 1.1 0.5 0
v 1.1 0.6 0
v 1.2 0.6 0
v 1.2 0.5 0
v -1.2 0.5 0.1
v -1.2 0.5 0
v -1.2 0.4 0
v -1.2 0.4 0.1
v -1.2 0.5 0.1
v -1.2 0.4 0.1
v -1.1 0.4 0.1
v -1.1 0.5 0.1
v -1.2 0.4 0
v -1.2 0.5 0
v -1.1 0.5 0
v -1.1 0.4 0
v -1.1 0.5 0.1
v -1.1 0.4 0.1
v -1 0.4 0.1
v -1 0.5 0.1
v -1.1 0.4 0
v -1.1 0.5 0
v -1 0.5 0
v -1 0.4 0
v -1 0.5 0.1
v -1 0.4 0.1
v -0.9 0.4 0.1
v -0.9 0.5 0.1
v -1 0.4 0
v -1 0.5 0
v -0.9 0.5 0
v -0.9 0.4 0
v -0.9 0.5 0.1
v -0.9 0.4 0.1
v -0.8 0.4 0.1
v -0.8 0.5 0.1
v -0.9 0.4 0
v -0.9 0.5 0
v -0.8 0.5 0
v -0.8 0.4 0
v -0.8 0.5 0.1
v -0.8 0.4 0.1
v -0.7 0.4 0.1
v -0.7 0.5 0.1
v -0.8 0.4 0
v -0.8 0.5 0
v -0.7 0.5 0
v -0.7 0.4 0
v -0.7 0.5 0.1
v -0.7 0.4 0.1
v -0.6 0.4 0.1
v -0.6 0.5 0.1
v -0.7 0.4 0
v -0.7 0.5 0
v -0.6 0.5 0
v -0.6 0.4 0
v -0.6 0.5 0.1
v -0.6 0.4 0.1
v -0.5 0.4 0.1
v -0.5 0.5 0.1
v -0.6 0.4 0
v -0.6 0.5 0
v -0.5 0.5 0
v -0.5 0.4 0
v -0.5 0.5 0.1
v -0.5 0.4 0.1
v -0.4 0.4 0.1
v -0.4 0.5 0.1
v -0.5 0.4 0
v -0.5 0.5 0
v -0.4 0.5 0
v -0.4 0.4 0
v -0.4 0.5 0.1
v -0.4 0.4 0.1
v -0.3 0.4 0.1
v -0.3 0.5 0.1
v -0.4 0.4 0
v -0.4 0.5 0
v -0.3 0.5 0
v -0.3 0.4 0
v -0.3 0.5 0.1
v -0.3 0.4 0.1
v -0.2 0.4 0.1
v -0.2 0.5 0.1
v -0.3 0.4 0
v -0.3 0.5 0
v -0.2 0.5 0
v -0.2 0.4 0
v -0.2 0.5 0.1
v -0.2 0.4 0.1
v -0.1 0.4 0.1
v -0.1 0.5 0.1
v -0.2 0.4 0
v -0.2 0.5 0
v -0.1 0.5 0
v -0.1 0.4 0
v -0.1 0.5 0.1
v -0.1 0.4 0.1
v 0 0.4 0.1
v 0 0.5 0.1
v -0.1 0.4 0
v -0.1 0.5 0
v 0 0.5 0
v 0 0.4 0
v 0 0.5 0.1
v 0 0.4 0.1
v 0.1 0.4 0.1
v 0.1 0.5 0.1
v 0 0.4 0
v 0 0.5 0
v 0.1 0.5 0
v 0.1 0.4 0
v 0.1 0.5 0.1
v 0.1 0.4 0.1
v 0.2 0.4 0.1
v 0.2 0.5 0.1
v 0.1 0.4 0
v 0.1 0.5 0
v 0.2 0.5 0
v 0.2 0.4 0
v 0.2 0.5 0.1
v 0.2 0.4 0.1
v 0.3 0.4 0.1
v 0.3 0.5 0.1
v 0.2 0.4 0
v 0.2 0.5 0
v 0.3 0.5 0
v 0.3 0.4 0
v 0.3 0.5 0.1
v 0.3 0.4 0.1
v 0.4 0.4 0.1
v 0.4 0.5 0.1
v 0.3 0.4 0
v 0.3 0.5 0
v 0.4 0.5 0
v 0.4 0.4 0
v 0.4 0.5 0.1
v 0.4 0.4 0.1
v 0.5 0.4 0.1
v 0.5 0.5 0.1
v 0.4 0.4 0
v 0.4 0.5 0
v 0.5 0.5 0
v 0.5 0.4 0
v 0.5 0.5 0.1
v 0.5 0.4 0.1
v 0.6 0.4 0.1
v 0.6 0.5 0.1
v 0.5 0.4 0
v 0.5 0.5 0
v 0.6 0.5 0
v 0.6 0.4 0
v 0.6 0.5 0.1
v 0.6 0.4 0.1
v 0.7 0.4 0.1
v 0.7 0.5 0.1
v 0.6 0.4 0
v 0.6 0.5 0
v 0.7 0.5 0
v 0.7 0.4 0
v 0.7 0.5 0.1
v 0.7 0.4 0.1
v 0.8 0.4 0.1
v 0.8 0.5 0.1
v 0.7 0.4 0
v 0.7 0.5 0
v 0.8 0.5 0
v 0.8 0.4 0
v 0.8 0.5 0.1
v 0.8 0.4 0.1
v 0.9 0.4 0.1
v 0.9 0.5 0.1
v 0.8 0.4 0
v 0.8 0.5 0
v 0.9 0.5 0
v 0.9 0.4 0
v 0.9 0.5 0.1
v 0.9 0.4 0.1
v 1 0.4 0.1
v 1 0.5 0.1
v 0.9 0.4 0
v 0.9 0.5 0
v 1 0.5 0
v 1 0.4 0
v 1 0.5 0.1
v 1 0.4 0.1
v 1.1 0.4 0.1
v 1.1 0.5 0.1
v 1 0.4 0
v 1 0.5 0
v 1.1 0.5 0
v 1.1 0.4 0
v 1.2 0.4 0.1
v 1.2 0.4 0
v 1.2 0.5 0
v 1.2 0.5 0.1
v 1.1 0.5 0.1
v 1.1 0.4 0.1
v 1.2 0.4 0.1
v 1.2 0.5 0.1
v 1.1 0.4 0
v 1.1 0.5 0
v 1.2 0.5 0
v 1.2 0.4 0
v -1.2 0.4 0.1
v -1.2 0.4 0
v -1.2 0.3 0
v -1.2 0.3 0.1
v -1.2 0.4 0.1
v -1.2 0.3 0.1
v -1.1 0.3 0.1
v -1.1 0.4 0.1
v -1.2 0.3 0
v -1.2 0.4 0
v -1.1 0.4 0
v -1.1 0.3 0
v -1.1 0.4 0.1
v -1.1 0.3 0.1
v -1 0.3 0.1
v -1 0.4 0.1
v -1.1 0.3 0
v -1.1 0.4 0
v -1 0.4 0
v -1 0.3 0
v -1 0.4 0.1
v -1 0.3 0.1
v -0.9 0.3 0.1
v -0.9 0.4 0.1
v -1 0.3 0
v -1 0.4 0
v -0.9 0.4 0
v -0.9 0.3 0
v -0.9 0.4 0.1
v -0.9 0.3 0.1
v -0.8 0.3 0.1
v -0.8 0.4 0.1
v -0.9 0.3 0
v -0.9 0.4 0
v -0.8 0.4 0
v -0.8 0.3 0
v -0.8 0.4 0.1
v -0.8 0.3 0.1
v -0.7 0.3 0.1
v -0.7 0.4 0.1
v -0.8 0.3 0
v -0.8 0.4 0
v -0.7 0.4 0
v -0.7 0.3 0
v -0.7 0.4 0.1
v -0.7 0.3 0.1
v -0.6 0.3 0.1
v -0.6 0.4 0.1
v -0.7 0.3 0
v -0.7 0.4 0
v -0.6 0.4 0
v -0.6 0.3 0
v -0.6 0.4 0.1
v -0.6 0.3 0.1
v -0.5 0.3 0.1
v -0.5 0.4 0.1
v -0.6 0.3 0
v -0.6 0.4 0
v -0.5 0.4 0
v -0.5 0.3 0
v -0.5 0.4 0.1
v -0.5 0.3 0.1
v -0.4 0.3 0.1
v -0.4 0.4 0.1
v -0.5 0.3 0
v -0.5 0.4 0
v -0.4 0.4 0
v -0.4 0.3 0
v -0.4 0.4 0.1
v -0.4 0.3 0.1
v -0.3 0.3 0.1
v -0.3 0.4 0.1
v -0.4 0.3 0
v -0.4 0.4 0
v -0.3 0.4 0
v -0.3 0.3 0
v -0.3 0.4 0.1
v -0.3 0.3 0.1
v -0.2 0.3 0.1
v -0.2 0.4 0.1
v -0.3 0.3 0
v -0.3 0.4 0
v -0.2 0.4 0
v -0.2 0.3 0
v -0.3 0.3 0.1
v -0.3 0.3 0
v -0.2 0.3 0
v -0.2 0.3 0.1
v -0.2 0.4 0.1
v -0.2 0.3 0.1
v -0.1 0.3 0.1
v -0.1 0.4 0.1
v -0.2 0.3 0
v -0.2 0.4 0
v -0.1 0.4 0
v -0.1 0.3 0
v -0.2 0.3 0.1
v -0.2 0.3 0
v -0.1 0.3 0
v -0.1 0.3 0.1
v -0.1 0.4 0.1
v -0.1 0.3 0.1
v 0 0.3 0.1
v 0 0.4 0.1
v -0.1 0.3 0
v -0.1 0.4 0
v 0 0.4 0
v 0 0.3 0
v -0.1 0.3 0.1
v -0.1 0.3 0
v 0 0.3 0
v 0 0.3 0.1
v 0 0.4 0.1
v 0 0.3 0.1
v 0.1 0.3 0.1
v 0.1 0.4 0.1
v 0 0.3 0
v 0 0.4 0
v 0.1 0.4 0
v 0.1 0.3 0
v 0 0.3 0.1
v 0 0.3 0
v 0.1 0.3 0
v 0.1 0.3 0.1
v 0.1 0.4 0.1
v 0.1 0.3 0.1
v 0.2 0.3 0.1
v 0.2 0.4 0.1
v 0.1 0.3 0
v 0.1 0.4 0
v 0.2 0.4 0
v 0.2 0.3 0
v 0.1 0.3 0.1
v 0.1 0.3 0
v 0.2 0.3 0
v 0.2 0.3 0.1
v 0.2 0.4 0.1
v 0.2 0.3 0.1
v 0.3 0.3 0.1
v 0.3 0.4 0.1
v 0.2 0.3 0
v 0.2 0.4 0
v 0.3 0.4 0
v 0.3 0.3 0
v 0.2 0.3 0.1
v 0.2 0.3 0
v 0.3 0.3 0
v 0.3 0.3 0.1
v 0.3 0.4 0.1
v 0.3 0.3 0.1
v 0.4 0.3 0.1
v 0.4 0.4 0.1
v 0.3 0.3 0
v 0.3 0.4 0
v 0.4 0.4 0
v 0.4 0.3 0
v 0.3 0.3 0.1
v 0.3 0.3 0
v 0.4 0.3 0
v 0.4 0.3 0.1
v 0.4 0.4 0.1
v 0.4 0.3 0.1
v 0.5 0.3 0.1
v 0.5 0.4 0.1
v 0.4 0.3 0
v 0.4 0.4 0
v 0.5 0.4 0
v 0.5 0.3 0
v 0.4 0.3 0.1
v 0.4 0.3 0
v 0.5 0.3 0
v 0.5 0.3 0.1
v 0.5 0.4 0.1
v 0.5 0.3 0.1
v 0.6 0.3 0.1
v 0.6 0.4 0.1
v 0.5 0.3 0
v 0.5 0.4 0
v 0.6 0.4 0
v 0.6 0.3 0
v 0.5 0.3 0.1
v 0.5 0.3 0
v 0.6 0.3 0
v 0.6 0.3 0.1
v 0.6 0.4 0.1
v 0.6 0.3 0.1
v 0.7 0.3 0.1
v 0.7 0.4 0.1
v 0.6 0.3 0
v 0.6 0.4 0
v 0.7 0.4 0
v 0.7 0.3 0
v 0.6 0.3 0.1
v 0.6 0.3 0
v 0.7 0.3 0
v 0.7 0.3 0.1
v 0.7 0.4 0.1
v 0.7 0.3 0.1
v 0.8 0.3 0.1
v 0.8 0.4 0.1
v 0.7 0.3 0
v 0.7 0.4 0
v 0.8 0.4 0
v 0.8 0.3 0
v 0.7 0.3 0.1
v 0.7 0.3 0
v 0.8 0.3 0
v 0.8 0.3 0.1
v 0.8 0.4 0.1
v 0.8 0.3 0.1
v 0.9 0.3 0.1
v 0.9 0.4 0.1
v 0.8 0.3 0
v 0.8 0.4 0
v 0.9 0.4 0
v 0.9 0.3 0
v 0.8 0.3 0.1
v 0.8 0.3 0
v 0.9 0.3 0
v 0.9 0.3 0.1
v 0.9 0.4 0.1
v 0.9 0.3 0.1
v 1 0.3 0.1
v 1 0.4 0.1
v 0.9 0.3 0
v 0.9 0.4 0
v 1 0.4 0
v 1 0.3 0
v 0.9 0.3 0.1
v 0.9 0.3 0
v 1 0.3 0
v 1 0.3 0.1
v 1 0.4 0.1
v 1 0.3 0.1
v 1.1 0.3 0.1
v 1.1 0.4 0.1
v 1 0.3 0
v 1 0.4 0
v 1.1 0.4 0
v 1.1 0.3 0
v 1 0.3 0.1
v 1 0.3 0
v 1.1 0.3 0
v 1.1 0.3 0.1
v 1.2 0.3 0.1
v 1.2 0.3 0
v 1.2 0.4 0
v 1.2 0.4 0.1
v 1.1 0.4 0.1
v 1.1 0.3 0.1
v 1.2 0.3 0.1
v 1.2 0.4 0.1
v 1.1 0.3 0
v 1.1 0.4 0
v 1.2 0.4 0
v 1.2 0.3 0
v 1.1 0.3 0.1
v 1.1 0.3 0
v 1.2 0.3 0
v 1.2 0.3 0.1
v -1.2 0.3 0.1
v -1.2 0.3 0
v -1.2 0.2 0
v -1.2 0.2 0.1
v -1.2 0.3 0.1
v -1.2 0.2 0.1
v -1.1 0.2 0.1
v -1.1 0.3 0.1
v -1.2 0.2 0
v -1.2 0.3 0
v -1.1 0.3 0
v -1.1 0.2 0
v -1.1 0.3 0.1
v -1.1 0.2 0.1
v -1 0.2 0.1
v -1 0.3 0.1
v -1.1 0.2 0
v -1.1 0.3 0
v -1 0.3 0
v -1 0.2 0
v -1 0.3 0.1
v -1 0.2 0.1
v -0.9 0.2 0.1
v -0.9 0.3 0.1
v -1 0.2 0
v -1 0.3 0
v -0.9 0.3 0
v -0.9 0.2 0
v -0.9 0.3 0.1
v -0.9 0.2 0.1
v -0.8 0.2 0.1
v -0.8 0.3 0.1
v -0.9 0.2 0
v -0.9 0.3 0
v -0.8 0.3 0
v -0.8 0.2 0
v -0.8 0.3 0.1
v -0.8 0.2 0.1
v -0.7 0.2 0.1
v -0.7 0.3 0.1
v -0.8 0.2 0
v -0.8 0.3 0
v -0.7 0.3 0
v -0.7 0.2 0
v -0.7 0.3 0.1
v -0.7 0.2 0.1
v -0.6 0.2 0.1
v -0.6 0.3 0.1
v -0.7 0.2 0
v -0.7 0.3 0
v -0.6 0.3 0
v -0.6 0.2 0
v -0.6 0.3 0.1
v -0.6 0.2 0.1
v -0.5 0.2 0.1
v -0.5 0.3 0.1
v -0.6 0.2 0
v -0.6 0.3 0
v -0.5 0.3 0
v -0.5 0.2 0
v -0.5 0.3 0.1
v -0.5 0.2 0.1
v -0.4 0.2 0.1
v -0.4 0.3 0.1
v -0.5 0.2 0
v -0.5 0.3 0
v -0.4 0.3 0
v -0.4 0.2 0
v -0.3 0.2 0.1
v -0.3 0.2 0
v -0.3 0.3 0
v -0.3 0.3 0.1
v -0.4 0.3 0.1
v -0.4 0.2 0.1
v -0.3 0.2 0.1
v -0.3 0.3 0.1
v -0.4 0.2 0
v -0.4 0.3 0
v -0.3 0.3 0
v -0.3 0.2 0
v -0.3 0.3 0.4
v -0.3 0.3 0.3
v -0.3 0.2 0.3
v -0.3 0.2 0.4
v -0.3 0.3 0.4
v -0.3 0.2 0.4
v -0.2 0.2 0.4
v -0.2 0.3 0.4
v -0.3 0.2 0.3
v -0.3 0.3 0.3
v -0.2 0.3 0.3
v -0.2 0.2 0.3
v -0.2 0.3 0.4
v -0.2 0.3 0.3
v -0.3 0.3 0.3
v -0.3 0.3 0.4
v -0.2 0.3 0.4
v -0.2 0.2 0.4
v -0.1 0.2 0.4
v -0.1 0.3 0.4
v -0.2 0.2 0.3
v -0.2 0.3 0.3
v -0.1 0.3 0.3
v -0.1 0.2 0.3
v -0.1 0.3 0.4
v -0.1 0.3 0.3
v -0.2 0.3 0.3
v -0.2 0.3 0.4
v -0.1 0.3 0.4
v -0.1 0.2 0.4
v 0 0.2 0.4
v 0 0.3 0.4
v -0.1 0.2 0.3
v -0.1 0.3 0.3
v 0 0.3 0.3
v 0 0.2 0.3
v 0 0.3 0.4
v 0 0.3 0.3
v -0.1 0.3 0.3
v -0.1 0.3 0.4
v 0 0.3 0.4
v 0 0.2 0.4
v 0.1 0.2 0.4
v 0.1 0.3 0.4
v 0 0.2 0.3
v 0 0.3 0.3
v 0.1 0.3 0.3
v 0.1 0.2 0.3
v 0.1 0.3 0.4
v 0.1 0.3 0.3
v 0 0.3 0.3
v 0 0.3 0.4
v 0.1 0.3 0.4
v 0.1 0.2 0.4
v 0.2 0.2 0.4
v 0.2 0.3 0.4
v 0.1 0.2 0.3
v 0.1 0.3 0.3
v 0.2 0.3 0.3
v 0.2 0.2 0.3
v 0.2 0.3 0.4
v 0.2 0.3 0.3
v 0.1 0.3 0.3
v 0.1 0.3 0.4
v 0.2 0.3 0.4
v 0.2 0.2 0.4
v 0.3 0.2 0.4
v 0.3 0.3 0.4
v 0.2 0.2 0.3
v 0.2 0.3 0.3
v 0.3 0.3 0.3
v 0.3 0.2 0.3
v 0.3 0.3 0.4
v 0.3 0.3 0.3
v 0.2 0.3 0.3
v 0.2 0.3 0.4
v 0.3 0.3 0.4
v 0.3 0.2 0.4
v 0.4 0.2 0.4
v 0.4 0.3 0.4
v 0.3 0.2 0.3
v 0.3 0.3 0.3
v 0.4 0.3 0.3
v 0.4 0.2 0.3
v 0.4 0.3 0.4
v 0.4 0.3 0.3
v 0.3 0.3 0.3
v 0.3 0.3 0.4
v 0.4 0.3 0.4
v 0.4 0.2 0.4
v 0.5 0.2 0.4
v 0.5 0.3 0.4
v 0.4 0.2 0.3
v 0.4 0.3 0.3
v 0.5 0.3 0.3
v 0.5 0.2 0.3
v 0.5 0.3 0.4
v 0.5 0.3 0.3
v 0.4 0.3 0.3
v 0.4 0.3 0.4
v 0.5 0.3 0.4
v 0.5 0.2 0.4
v 0.6 0.2 0.4
v 0.6 0.3 0.4
v 0.5 0.2 0.3
v 0.5 0.3 0.3
v 0.6 0.3 0.3
v 0.6 0.2 0.3
v 0.6 0.3 0.4
v 0.6 0.3 0.3
v 0.5 0.3 0.3
v 0.5 0.3 0.4
v 0.6 0.3 0.4
v 0.6 0.2 0.4
v 0.7 0.2 0.4
v 0.7 0.3 0.4
v 0.6 0.2 0.3
v 0.6 0.3 0.3
v 0.7 0.3 0.3
v 0.7 0.2 0.3
v 0.7 0.3 0.4
v 0.7 0.3 0.3
v 0.6 0.3 0.3
v 0.6 0.3 0.4
v 0.7 0.3 0.4
v 0.7 0.2 0.4
v 0.8 0.2 0.4
v 0.8 0.3 0.4
v 0.7 0.2 0.3
v 0.7 0.3 0.3
v 0.8 0.3 0.3
v 0.8 0.2 0.3
v 0.8 0.3 0.4
v 0.8 0.3 0.3
v 0.7 0.3 0.3
v 0.7 0.3 0.4
v 0.8 0.3 0.4
v 0.8 0.2 0.4
v 0.9 0.2 0.4
v 0.9 0.3 0.4
v 0.8 0.2 0.3
v 0.8 0.3 0.3
v 0.9 0.3 0.3
v 0.9 0.2 0.3
v 0.9 0.3 0.4
v 0.9 0.3 0.3
v 0.8 0.3 0.3
v 0.8 0.3 0.4
v 0.9 0.3 0.4
v 0.9 0.2 0.4
v 1 0.2 0.4
v 1 0.3 0.4
v 0.9 0.2 0.3
v 0.9 0.3 0.3
v 1 0.3 0.3
v 1 0.2 0.3
v 1 0.3 0.4
v 1 0.3 0.3
v 0.9 0.3 0.3
v 0.9 0.3 0.4
v 1 0.3 0.4
v 1 0.2 0.4
v 1.1 0.2 0.4
v 1.1 0.3 0.4
v 1 0.2 0.3
v 1 0.3 0.3
v 1.1 0.3 0.3
v 1.1 0.2 0.3
v 1.1 0.3 0.4
v 1.1 0.3 0.3
v 1 0.3 0.3
v 1 0.3 0.4
v 1.2 0.2 0.4
v 1.2 0.2 0.3
v 1.2 0.3 0.3
v 1.2 0.3 0.4
v 1.1 0.3 0.4
v 1.1 0.2 0.4
v 1.2 0.2 0.4
v 1.2 0.3 0.4
v 1.1 0.2 0.3
v 1.1 0.3 0.3
v 1.2 0.3 0.3
v 1.2 0.2 0.3
v 1.2 0.3 0.4
v 1.2 0.3 0.3
v 1.1 0.3 0.3
v 1.1 0.3 0.4
v -1.2 0.2 0.1
v -1.2 0.2 0
v -1.2 0.1 0
v -1.2 0.1 0.1
v -1.2 0.2 0.1
v -1.2 0.1 0.1
v -1.1 0.1 0.1
v -1.1 0.2 0.1
v -1.2 0.1 0
v -1.2 0.2 0
v -1.1 0.2 0
v -1.1 0.1 0
v -1.1 0.2 0.1
v -1.1 0.1 0.1
v -1 0.1 0.1
v -1 0.2 0.1
v -1.1 0.1 0
v -1.1 0.2 0
v -1 0.2 0
v -1 0.1 0
v -1 0.2 0.1
v -1 0.1 0.1
v -0.9 0.1 0.1
v -0.9 0.2 0.1
v -1 0.1 0
v -1 0.2 0
v -0.9 0.2 0
v -0.9 0.1 0
v -0.9 0.2 0.1
v -0.9 0.1 0.1
v -0.8 0.1 0.1
v -0.8 0.2 0.1
v -0.9 0.1 0
v -0.9 0.2 0
v -0.8 0.2 0
v -0.8 0.1 0
v -0.8 0.2 0.1
v -0.8 0.1 0.1
v -0.7 0.1 0.1
v -0.7 0.2 0.1
v -0.8 0.1 0
v -0.8 0.2 0
v -0.7 0.2 0
v -0.7 0.1 0
v -0.7 0.2 0.1
v -0.7 0.1 0.1
v -0.6 0.1 0.1
v -0.6 0.2 0.1
v -0.7 0.1 0
v -0.7 0.2 0
v -0.6 0.2 0
v -0.6 0.1 0
v -0.6 0.2 0.1
v -0.6 0.1 0.1
v -0.5 0.1 0.1
v -0.5 0.2 0.1
v -0.6 0.1 0
v -0.6 0.2 0
v -0.5 0.2 0
v -0.5 0.1 0
v -0.5 0.2 0.1
v -0.5 0.1 0.1
v -0.4 0.1 0.1
v -0.4 0.2 0.1
v -0.5 0.1 0
v -0.5 0.2 0
v -0.4 0.2 0
v -0.4 0.1 0
v -0.3 0.1 0.1
v -0.3 0.1 0
v -0.3 0.2 0
v -0.3 0.2 0.1
v -0.4 0.2 0.1
v -0.4 0.1 0.1
v -0.3 0.1 0.1
v -0.3 0.2 0.1
v -0.4 0.1 0
v -0.4 0.2 0
v -0.3 0.2 0
v -0.3 0.1 0
v -0.3 0.2 0.4
v -0.3 0.2 0.3
v -0.3 0.1 0.3
v -0.3 0.1 0.4
v -0.3 0.2 0.4
v -0.3 0.1 0.4
v -0.2 0.1 0.4
v -0.2 0.2 0.4
v -0.3 0.1 0.3
v -0.3 0.2 0.3
v -0.2 0.2 0.3
v -0.2 0.1 0.3
v -0.2 0.2 0.4
v -0.2 0.1 0.4
v -0.1 0.1 0.4
v -0.1 0.2 0.4
v -0.2 0.1 0.3
v -0.2 0.2 0.3
v -0.1 0.2 0.3
v -0.1 0.1 0.3
v -0.1 0.2 0.4
v -0.1 0.1 0.4
v 0 0.1 0.4
v 0 0.2 0.4
v -0.1 0.1 0.3
v -0.1 0.2 0.3
v 0 0.2 0.3
v 0 0.1 0.3
v 0 0.2 0.4
v 0 0.1 0.4
v 0.1 0.1 0.4
v 0.1 0.2 0.4
v 0 0.1 0.3
v 0 0.2 0.3
v 0.1 0.2 0.3
v 0.1 0.1 0.3
v 0.1 0.2 0.4
v 0.1 0.1 0.4
v 0.2 0.1 0.4
v 0.2 0.2 0.4
v 0.1 0.1 0.3
v 0.1 0.2 0.3
v 0.2 0.2 0.3
v 0.2 0.1 0.3
v 0.2 0.2 0.4
v 0.2 0.1 0.4
v 0.3 0.1 0.4
v 0.3 0.2 0.4
v 0.2 0.1 0.3
v 0.2 0.2 0.3
v 0.3 0.2 0.3
v 0.3 0.1 0.3
v 0.3 0.2 0.4
v 0.3 0.1 0.4
v 0.4 0.1 0.4
v 0.4 0.2 0.4
v 0.3 0.1 0.3
v 0.3 0.2 0.3
v 0.4 0.2 0.3
v 0.4 0.1 0.3
v 0.4 0.2 0.4
v 0.4 0.1 0.4
v 0.5 0.1 0.4
v 0.5 0.2 0.4
v 0.4 0.1 0.3
v 0.4 0.2 0.3
v 0.5 0.2 0.3
v 0.5 0.1 0.3
v 0.5 0.2 0.4
v 0.5 0.1 0.4
v 0.6 0.1 0.4
v 0.6 0.2 0.4
v 0.5 0.1 0.3
v 0.5 0.2 0.3
v 0.6 0.2 0.3
v 0.6 0.1 0.3
v 0.6 0.2 0.4
v 0.6 0.1 0.4
v 0.7 0.1 0.4
v 0.7 0.2 0.4
v 0.6 0.1 0.3
v 0.6 0.2 0.3
v 0.7 0.2 0.3
v 0.7 0.1 0.3
v 0.7 0.2 0.4
v 0.7 0.1 0.4
v 0.8 0.1 0.4
v 0.8 0.2 0.4
v 0.7 0.1 0.3
v 0.7 0.2 0.3
v 0.8 0.2 0.3
v 0.8 0.1 0.3
v 0.8 0.2 0.4
v 0.8 0.1 0.4
v 0.9 0.1 0.4
v 0.9 0.2 0.4
v 0.8 0.1 0.3
v 0.8 0.2 0.3
v 0.9 0.2 0.3
v 0.9 0.1 0.3
v 0.9 0.2 0.4
v 0.9 0.1 0.4
v 1 0.1 0.4
v 1 0.2 0.4
v 0.9 0.1 0.3
v 0.9 0.2 0.3
v 1 0.2 0.3
v 1 0.1 0.3
v 1 0.2 0.4
v 1 0.1 0.4
v 1.1 0.1 0.4
v 1.1 0.2 0.4
v 1 0.1 0.3
v 1 0.2 0.3
v 1.1 0.2 0.3
v 1.1 0.1 0.3
v 1.2 0.1 0.4
v 1.2 0.1 0.3
v 1.2 0.2 0.3
v 1.2 0.2 0.4
v 1.1 0.2 0.4
v 1.1 0.1 0.4
v 1.2 0.1 0.4
v 1.2 0.2 0.4
v 1.1 0.1 0.3
v 1.1 0.2 0.3
v 1.2 0.2 0.3
v 1.2 0.1 0.3
v -1.2 0.1 0.1
v -1.2 0.1 0
v -1.2 0 0
v -1.2 0 0.1
v -1.2 0.1 0.1
v -1.2 0 0.1
v -1.1 0 0.1
v -1.1 0.1 0.1
v -1.2 0 0
v -1.2 0.1 0
v -1.1 0.1 0
v -1.1 0 0
v -1.1 0.1 0.1
v -1.1 0 0.1
v -1 0 0.1
v -1 0.1 0.1
v -1.1 0 0
v -1.1 0.1 0
v -1 0.1 0
v -1 0 0
v -1 0.1 0.1
v -1 0 0.1
v -0.9 0 0.1
v -0.9 0.1 0.1
v -1 0 0
v -1 0.1 0
v -0.9 0.1 0
v -0.9 0 0
v -0.9 0.1 0.1
v -0.9 0 0.1
v -0.8 0 0.1
v -0.8 0.1 0.1
v -0.9 0 0
v -0.9 0.1 0
v -0.8 0.1 0
v -0.8 0 0
v -0.8 0.1 0.1
v -0.8 0 0.1
v -0.7 0 0.1
v -0.7 0.1 0.1
v -0.8 0 0
v -0.8 0.1 0
v -0.7 0.1 0
v -0.7 0 0
v -0.7 0.1 0.1
v -0.7 0 0.1
v -0.6 0 0.1
v -0.6 0.1 0.1
v -0.7 0 0
v -0.7 0.1 0
v -0.6 0.1 0
v -0.6 0 0
v -0.6 0.1 0.1
v -0.6 0 0.1
v -0.5 0 0.1
v -0.5 0.1 0.1
v -0.6 0 0
v -0.6 0.1 0
v -0.5 0.1 0
v -0.5 0 0
v -0.5 0.1 0.1
v -0.5 0 0.1
v -0.4 0 0.1
v -0.4 0.1 0.1
v -0.5 0 0
v -0.5 0.1 0
v -0.4 0.1 0
v -0.4 0 0
v -0.3 0 0.1
v -0.3 0 0
v -0.3 0.1 0
v -0.3 0.1 0.1
v -0.4 0.1 0.1
v -0.4 0 0.1
v -0.3 0 0.1
v -0.3 0.1 0.1
v -0.4 0 0
v -0.4 0.1 0
v -0.3 0.1 0
v -0.3 0 0
v -0.3 0.1 0.4
v -0.3 0.1 0.3
v -0.3 0 0.3
v -0.3 0 0.4
v -0.3 0.1 0.4
v -0.3 0 0.4
v -0.2 0 0.4
v -0.2 0.1 0.4
v -0.3 0 0.3
v -0.3 0.1 0.3
v -0.2 0.1 0.3
v -0.2 0 0.3
v -0.2 0.1 0.4
v -0.2 0 0.4
v -0.1 0 0.4
v -0.1 0.1 0.4
v -0.2 0 0.3
v -0.2 0.1 0.3
v -0.1 0.1 0.3
v -0.1 0 0.3
v -0.1 0.1 0.4
v -0.1 0 0.4
v 0 0 0.4
v 0 0.1 0.4
v -0.1 0 0.3
v -0.1 0.1 0.3
v 0 0.1 0.3
v 0 0 0.3
v 0 0.1 0.4
v 0 0 0.4
v 0.1 0 0.4
v 0.1 0.1 0.4
v 0 0 0.3
v 0 0.1 0.3
v 0.1 0.1 0.3
v 0.1 0 0.3
v 0.1 0.1 0.4
v 0.1 0 0.4
v 0.2 0 0.4
v 0.2 0.1 0.4
v 0.1 0 0.3
v 0.1 0.1 0.3
v 0.2 0.1 0.3
v 0.2 0 0.3
v 0.2 0.1 0.4
v 0.2 0 0.4
v 0.3 0 0.4
v 0.3 0.1 0.4
v 0.2 0 0.3
v 0.2 0.1 0.3
v 0.3 0.1 0.3
v 0.3 0 0.3
v 0.3 0.1 0.4
v 0.3 0 0.4
v 0.4 0 0.4
v 0.4 0.1 0.4
v 0.3 0 0.3
v 0.3 0.1 0.3
v 0.4 0.1 0.3
v 0.4 0 0.3
v 0.4 0.1 0.4
v 0.4 0 0.4
v 0.5 0 0.4
v 0.5 0.1 0.4
v 0.4 0 0.3
v 0.4 0.1 0.3
v 0.5 0.1 0.3
v 0.5 0 0.3
v 0.5 0.1 0.4
v 0.5 0 0.4
v 0.6 0 0.4
v 0.6 0.1 0.4
v 0.5 0 0.3
v 0.5 0.1 0.3
v 0.6 0.1 0.3
v 0.6 0 0.3
v 0.6 0.1 0.4
v 0.6 0 0.4
v 0.7 0 0.4
v 0.7 0.1 0.4
v 0.6 0 0.3
v 0.6 0.1 0.3
v 0.7 0.1 0.3
v 0.7 0 0.3
v 0.7 0.1 0.4
v 0.7 0 0.4
v 0.8 0 0.4
v 0.8 0.1 0.4
v 0.7 0 0.3
v 0.7 0.1 0.3
v 0.8 0.1 0.3
v 0.8 0 0.3
v 0.8 0.1 0.4
v 0.8 0 0.4
v 0.9 0 0.4
v 0.9 0.1 0.4
v 0.8 0 0.3
v 0.8 0.1 0.3
v 0.9 0.1 0.3
v 0.9 0 0.3
v 0.9 0.1 0.4
v 0.9 0 0.4
v 1 0 0.4
v 1 0.1 0.4
v 0.9 0 0.3
v 0.9 0.1 0.3
v 1 0.1 0.3
v 1 0 0.3
v 1 0.1 0.4
v 1 0 0.4
v 1.1 0 0.4
v 1.1 0.1 0.4
v 1 0 0.3
v 1 0.1 0.3
v 1.1 0.1 0.3
v 1.1 0 0.3
v 1.2 0 0.4
v 1.2 0 0.3
v 1.2 0.1 0.3
v 1.2 0.1 0.4
v 1.1 0.1 0.4
v 1.1 0 0.4
v 1.2 0 0.4
v 1.2 0.1 0.4
v 1.1 0 0.3
v 1.1 0.1 0.3
v 1.2 0.1 0.3
v 1.2 0 0.3
v -1.2 0 0.1
v -1.2 0 0
v -1.2 -0.1 0
v -1.2 -0.1 0.1
v -1.2 0 0.1
v -1.2 -0.1 0.1
v -1.1 -0.1 0.1
v -1.1 0 0.1
v -1.2 -0.1 0
v -1.2 0 0
v -1.1 0 0
v -1.1 -0.1 0
v -1.1 0 0.1
v -1.1 -0.1 0.1
v -1 -0.1 0.1
v -1 0 0.1
v -1.1 -0.1 0
v -1.1 0 0
v -1 0 0
v -1 -0.1 0
v -1 0 0.1
v -1 -0.1 0.1
v -0.9 -0.1 0.1
v -0.9 0 0.1
v -1 -0.1 0
v -1 0 0
v -0.9 0 0
v -0.9 -0.1 0
v -0.9 0 0.1
v -0.9 -0.1 0.1
v -0.8 -0.1 0.1
v -0.8 0 0.1
v -0.9 -0.1 0
v -0.9 0 0
v -0.8 0 0
v -0.8 -0.1 0
v -0.8 0 0.1
v -0.8 -0.1 0.1
v -0.7 -0.1 0.1
v -0.7 0 0.1
v -0.8 -0.1 0
v -0.8 0 0
v -0.7 0 0
v -0.7 -0.1 0
v -0.7 0 0.1
v -0.7 -0.1 0.1
v -0.6 -0.1 0.1
v -0.6 0 0.1
v -0.7 -0.1 0
v -0.7 0 0
v -0.6 0 0
v -0.6 -0.1 0
v -0.6 0 0.1
v -0.6 -0.1 0.1
v -0.5 -0.1 0.1
v -0.5 0 0.1
v -0.6 -0.1 0
v -0.6 0 0
v -0.5 0 0
v -0.5 -0.1 0
v -0.5 0 0.1
v -0.5 -0.1 0.1
v -0.4 -0.1 0.1
v -0.4 0 0.1
v -0.5 -0.1 0
v -0.5 0 0
v -0.4 0 0
v -0.4 -0.1 0
v -0.3 -0.1 0.1
v -0.3 -0.1 0
v -0.3 0 0
v -0.3 0 0.1
v -0.4 0 0.1
v -0.4 -0.1 0.1
v -0.3 -0.1 0.1
v -0.3 0 0.1
v -0.4 -0.1 0
v -0.4 0 0
v -0.3 0 0
v -0.3 -0.1 0
v -0.3 0 0.4
v -0.3 0 0.3
v -0.3 -0.1 0.3
v -0.3 -0.1 0.4
v -0.3 0 0.4
v -0.3 -0.1 0.4
v -0.2 -0.1 0.4
v -0.2 0 0.4
v -0.3 -0.1 0.3
v -0.3 0 0.3
v -0.2 0 0.3
v -0.2 -0.1 0.3
v -0.2 0 0.4
v -0.2 -0.1 0.4
v -0.1 -0.1 0.4
v -0.1 0 0.4
v -0.2 -0.1 0.3
v -0.2 0 0.3
v -0.1 0 0.3
v -0.1 -0.1 0.3
v -0.1 0 0.4
v -0.1 -0.1 0.4
v 0 -0.1 0.4
v 0 0 0.4
v -0.1 -0.1 0.3
v -0.1 0 0.3
v 0 0 0.3
v 0 -0.1 0.3
v 0 0 0.4
v 0 -0.1 0.4
v 0.1 -0.1 0.4
v 0.1 0 0.4
v 0 -0.1 0.3
v 0 0 0.3
v 0.1 0 0.3
v 0.1 -0.1 0.3
v 0.1 0 0.4
v 0.1 -0.1 0.4
v 0.2 -0.1 0.4
v 0.2 0 0.4
v 0.1 -0.1 0.3
v 0.1 0 0.3
v 0.2 0 0.3
v 0.2 -0.1 0.3
v 0.2 0 0.4
v 0.2 -0.1 0.4
v 0.3 -0.1 0.4
v 0.3 0 0.4
v 0.2 -0.1 0.3
v 0.2 0 0.3
v 0.3 0 0.3
v 0.3 -0.1 0.3
v 0.3 0 0.4
v 0.3 -0.1 0.4
v 0.4 -0.1 0.4
v 0.4 0 0.4
v 0.3 -0.1 0.3
v 0.3 0 0.3
v 0.4 0 0.3
v 0.4 -0.1 0.3
v 0.4 0 0.4
v 0.4 -0.1 0.4
v 0.5 -0.1 0.4
v 0.5 0 0.4
v 0.4 -0.1 0.3
v 0.4 0 0.3
v 0.5 0 0.3
v 0.5 -0.1 0.3
v 0.5 0 0.4
v 0.5 -0.1 0.4
v 0.6 -0.1 0.4
v 0.6 0 0.4
v 0.5 -0.1 0.3
v 0.5 0 0.3
v 0.6 0 0.3
v 0.6 -0.1 0.3
v 0.6 0 0.4
v 0.6 -0.1 0.4
v 0.7 -0.1 0.4
v 0.7 0 0.4
v 0.6 -0.1 0.3
v 0.6 0 0.3
v 0.7 0 0.3
v 0.7 -0.1 0.3
v 0.7 0 0.4
v 0.7 -0.1 0.4
v 0.8 -0.1 0.4
v 0.8 0 0.4
v 0.7 -0.1 0.3
v 0.7 0 0.3
v 0.8 0 0.3
v 0.8 -0.1 0.3
v 0.8 0 0.4
v 0.8 -0.1 0.4
v 0.9 -0.1 0.4
v 0.9 0 0.4
v 0.8 -0.1 0.3
v 0.8 0 0.3
v 0.9 0 0.3
v 0.9 -0.1 0.3
v 0.9 0 0.4
v 0.9 -0.1 0.4
v 1 -0.1 0.4
v 1 0 0.4
v 0.9 -0.1 0.3
v 0.9 0 0.3
v 1 0 0.3
v 1 -0.1 0.3
v 1 0 0.4
v 1 -0.1 0.4
v 1.1 -0.1 0.4
v 1.1 0 0.4
v 1 -0.1 0.3
v 1 0 0.3
v 1.1 0 0.3
v 1.1 -0.1 0.3
v 1.2 -0.1 0.4
v 1.2 -0.1 0.3
v 1.2 0 0.3
v 1.2 0 0.4
v 1.1 0 0.4
v 1.1 -0.1 0.4
v 1.2 -0.1 0.4
v 1.2 0 0.4
v 1.1 -0.1 0.3
v 1.1 0 0.3
v 1.2 0 0.3
v 1.2 -0.1 0.3
v -1.2 -0.1 0.1
v -1.2 -0.1 0
v -1.2 -0.2 0
v -1.2 -0.2 0.1
v -1.2 -0.1 0.1
v -1.2 -0.2 0.1
v -1.1 -0.2 0.1
v -1.1 -0.1 0.1
v -1.2 -0.2 0
v -1.2 -0.1 0
v -1.1 -0.1 0
v -1.1 -0.2 0
v -1.1 -0.1 0.1
v -1.1 -0.2 0.1
v -1 -0.2 0.1
v -1 -0.1 0.1
v -1.1 -0.2 0
v -1.1 -0.1 0
v -1 -0.1 0
v -1 -0.2 0
v -1 -0.1 0.1
v -1 -0.2 0.1
v -0.9 -0.2 0.1
v -0.9 -0.1 0.1
v -1 -0.2 0
v -1 -0.1 0
v -0.9 -0.1 0
v -0.9 -0.2 0
v -0.9 -0.1 0.1
v -0.9 -0.2 0.1
v -0.8 -0.2 0.1
v -0.8 -0.1 0.1
v -0.9 -0.2 0
v -0.9 -0.1 0
v -0.8 -0.1 0
v -0.8 -0.2 0
v -0.8 -0.1 0.1
v -0.8 -0.2 0.1
v -0.7 -0.2 0.1
v -0.7 -0.1 0.1
v -0.8 -0.2 0
v -0.8 -0.1 0
v -0.7 -0.1 0
v -0.7 -0.2 0
v -0.7 -0.1 0.1
v -0.7 -0.2 0.1
v -0.6 -0.2 0.1
v -0.6 -0.1 0.1
v -0.7 -0.2 0
v -0.7 -0.1 0
v -0.6 -0.1 0
v -0.6 -0.2 0
v -0.6 -0.1 0.1
v -0.6 -0.2 0.1
v -0.5 -0.2 0.1
v -0.5 -0.1 0.1
v -0.6 -0.2 0
v -0.6 -0.1 0
v -0.5 -0.1 0
v -0.5 -0.2 0
v -0.5 -0.1 0.1
v -0.5 -0.2 0.1
v -0.4 -0.2 0.1
v -0.4 -0.1 0.1
v -0.5 -0.2 0
v -0.5 -0.1 0
v -0.4 -0.1 0
v -0.4 -0.2 0
v -0.3 -0.2 0.1
v -0.3 -0.2 0
v -0.3 -0.1 0
v -0.3 -0.1 0.1
v -0.4 -0.1 0.1
v -0.4 -0.2 0.1
v -0.3 -0.2 0.1
v -0.3 -0.1 0.1
v -0.4 -0.2 0
v -0.4 -0.1 0
v -0.3 -0.1 0
v -0.3 -0.2 0
v -0.3 -0.1 0.4
v -0.3 -0.1 0.3
v -0.3 -0.2 0.3
v -0.3 -0.2 0.4
v -0.3 -0.1 0.4
v -0.3 -0.2 0.4
v -0.2 -0.2 0.4
v -0.2 -0.1 0.4
v -0.3 -0.2 0.3
v -0.3 -0.1 0.3
v -0.2 -0.1 0.3
v -0.2 -0.2 0.3
v -0.2 -0.1 0.4
v -0.2 -0.2 0.4
v -0.1 -0.2 0.4
v -0.1 -0.1 0.4
v -0.2 -0.2 0.3
v -0.2 -0.1 0.3
v -0.1 -0.1 0.3
v -0.1 -0.2 0.3
v -0.1 -0.1 0.4
v -0.1 -0.2 0.4
v 0 -0.2 0.4
v 0 -0.1 0.4
v -0.1 -0.2 0.3
v -0.1 -0.1 0.3
v 0 -0.1 0.3
v 0 -0.2 0.3
v 0 -0.1 0.4
v 0 -0.2 0.4
v 0.1 -0.2 0.4
v 0.1 -0.1 0.4
v 0 -0.2 0.3
v 0 -0.1 0.3
v 0.1 -0.1 0.3
v 0.1 -0.2 0.3
v 0.1 -0.1 0.4
v 0.1 -0.2 0.4
v 0.2 -0.2 0.4
v 0.2 -0.1 0.4
v 0.1 -0.2 0.3
v 0.1 -0.1 0.3
v 0.2 -0.1 0.3
v 0.2 -0.2 0.3
v 0.2 -0.1 0.4
v 0.2 -0.2 0.4
v 0.3 -0.2 0.4
v 0.3 -0.1 0.4
v 0.2 -0.2 0.3
v 0.2 -0.1 0.3
v 0.3 -0.1 0.3
v 0.3 -0.2 0.3
v 0.3 -0.1 0.4
v 0.3 -0.2 0.4
v 0.4 -0.2 0.4
v 0.4 -0.1 0.4
v 0.3 -0.2 0.3
v 0.3 -0.1 0.3
v 0.4 -0.1 0.3
v 0.4 -0.2 0.3
v 0.4 -0.1 0.4
v 0.4 -0.2 0.4
v 0.5 -0.2 0.4
v 0.5 -0.1 0.4
v 0.4 -0.2 0.3
v 0.4 -0.1 0.3
v 0.5 -0.1 0.3
v 0.5 -0.2 0.3
v 0.5 -0.1 0.4
v 0.5 -0.2 0.4
v 0.6 -0.2 0.4
v 0.6 -0.1 0.4
v 0.5 -0.2 0.3
v 0.5 -0.1 0.3
v 0.6 -0.1 0.3
v 0.6 -0.2 0.3
v 0.6 -0.1 0.4
v 0.6 -0.2 0.4
v 0.7 -0.2 0.4
v 0.7 -0.1 0.4
v 0.6 -0.2 0.3
v 0.6 -0.1 0.3
v 0.7 -0.1 0.3
v 0.7 -0.2 0.3
v 0.7 -0.1 0.4
v 0.7 -0.2 0.4
v 0.8 -0.2 0.4
v 0.8 -0.1 0.4
v 0.7 -0.2 0.3
v 0.7 -0.1 0.3
v 0.8 -0.1 0.3
v 0.8 -0.2 0.3
v 0.8 -0.1 0.4
v 0.8 -0.2 0.4
v 0.9 -0.2 0.4
v 0.9 -0.1 0.4
v 0.8 -0.2 0.3
v 0.8 -0.1 0.3
v 0.9 -0.1 0.3
v 0.9 -0.2 0.3
v 0.9 -0.1 0.4
v 0.9 -0.2 0.4
v 1 -0.2 0.4
v 1 -0.1 0.4
v 0.9 -0.2 0.3
v 0.9 -0.1 0.3
v 1 -0.1 0.3
v 1 -0.2 0.3
v 1 -0.1 0.4
v 1 -0.2 0.4
v 1.1 -0.2 0.4
v 1.1 -0.1 0.4
v 1 -0.2 0.3
v 1 -0.1 0.3
v 1.1 -0.1 0.3
v 1.1 -0.2 0.3
v 1.2 -0.2 0.4
v 1.2 -0.2 0.3
v 1.2 -0.1 0.3
v 1.2 -0.1 0.4
v 1.1 -0.1 0.4
v 1.1 -0.2 0.4
v 1.2 -0.2 0.4
v 1.2 -0.1 0.4
v 1.1 -0.2 0.3
v 1.1 -0.1 0.3
v 1.2 -0.1 0.3
v 1.2 -0.2 0.3
v -1.2 -0.2 0.1
v -1.2 -0.2 0
v -1.2 -0.3 0
v -1.2 -0.3 0.1
v -1.2 -0.2 0.1
v -1.2 -0.3 0.1
v -1.1 -0.3 0.1
v -1.1 -0.2 0.1
v -1.2 -0.3 0
v -1.2 -0.2 0
v -1.1 -0.2 0
v -1.1 -0.3 0
v -1.1 -0.2 0.1
v -1.1 -0.3 0.1
v -1 -0.3 0.1
v -1 -0.2 0.1
v -1.1 -0.3 0
v -1.1 -0.2 0
v -1 -0.2 0
v -1 -0.3 0
v -1 -0.2 0.1
v -1 -0.3 0.1
v -0.9 -0.3 0.1
v -0.9 -0.2 0.1
v -1 -0.3 0
v -1 -0.2 0
v -0.9 -0.2 0
v -0.9 -0.3 0
v -0.9 -0.2 0.1
v -0.9 -0.3 0.1
v -0.8 -0.3 0.1
v -0.8 -0.2 0.1
v -0.9 -0.3 0
v -0.9 -0.2 0
v -0.8 -0.2 0
v -0.8 -0.3 0
v -0.8 -0.2 0.1
v -0.8 -0.3 0.1
v -0.7 -0.3 0.1
v -0.7 -0.2 0.1
v -0.8 -0.3 0
v -0.8 -0.2 0
v -0.7 -0.2 0
v -0.7 -0.3 0
v -0.7 -0.2 0.1
v -0.7 -0.3 0.1
v -0.6 -0.3 0.1
v -0.6 -0.2 0.1
v -0.7 -0.3 0
v -0.7 -0.2 0
v -0.6 -0.2 0
v -0.6 -0.3 0
v -0.6 -0.2 0.1
v -0.6 -0.3 0.1
v -0.5 -0.3 0.1
v -0.5 -0.2 0.1
v -0.6 -0.3 0
v -0.6 -0.2 0
v -0.5 -0.2 0
v -0.5 -0.3 0
v -0.5 -0.2 0.1
v -0.5 -0.3 0.1
v -0.4 -0.3 0.1
v -0.4 -0.2 0.1
v -0.5 -0.3 0
v -0.5 -0.2 0
v -0.4 -0.2 0
v -0.4 -0.3 0
v -0.3 -0.3 0.1
v -0.3 -0.3 0
v -0.3 -0.2 0
v -0.3 -0.2 0.1
v -0.4 -0.2 0.1
v -0.4 -0.3 0.1
v -0.3 -0.3 0.1
v -0.3 -0.2 0.1
v -0.4 -0.3 0
v -0.4 -0.2 0
v -0.3 -0.2 0
v -0.3 -0.3 0
v -0.3 -0.2 0.4
v -0.3 -0.2 0.3
v -0.3 -0.3 0.3
v -0.3 -0.3 0.4
v -0.3 -0.2 0.4
v -0.3 -0.3 0.4
v -0.2 -0.3 0.4
v -0.2 -0.2 0.4
v -0.3 -0.3 0.3
v -0.3 -0.2 0.3
v -0.2 -0.2 0.3
v -0.2 -0.3 0.3
v -0.2 -0.2 0.4
v -0.2 -0.3 0.4
v -0.1 -0.3 0.4
v -0.1 -0.2 0.4
v -0.2 -0.3 0.3
v -0.2 -0.2 0.3
v -0.1 -0.2 0.3
v -0.1 -0.3 0.3
v -0.1 -0.2 0.4
v -0.1 -0.3 0.4
v 0 -0.3 0.4
v 0 -0.2 0.4
v -0.1 -0.3 0.3
v -0.1 -0.2 0.3
v 0 -0.2 0.3
v 0 -0.3 0.3
v 0 -0.2 0.4
v 0 -0.3 0.4
v 0.1 -0.3 0.4
v 0.1 -0.2 0.4
v 0 -0.3 0.3
v 0 -0.2 0.3
v 0.1 -0.2 0.3
v 0.1 -0.3 0.3
v 0.1 -0.2 0.4
v 0.1 -0.3 0.4
v 0.2 -0.3 0.4
v 0.2 -0.2 0.4
v 0.1 -0.3 0.3
v 0.1 -0.2 0.3
v 0.2 -0.2 0.3
v 0.2 -0.3 0.3
v 0.2 -0.2 0.4
v 0.2 -0.3 0.4
v 0.3 -0.3 0.4
v 0.3 -0.2 0.4
v 0.2 -0.3 0.3
v 0.2 -0.2 0.3
v 0.3 -0.2 0.3
v 0.3 -0.3 0.3
v 0.3 -0.2 0.4
v 0.3 -0.3 0.4
v 0.4 -0.3 0.4
v 0.4 -0.2 0.4
v 0.3 -0.3 0.3
v 0.3 -0.2 0.3
v 0.4 -0.2 0.3
v 0.4 -0.3 0.3
v 0.4 -0.2 0.4
v 0.4 -0.3 0.4
v 0.5 -0.3 0.4
v 0.5 -0.2 0.4
v 0.4 -0.3 0.3
v 0.4 -0.2 0.3
v 0.5 -0.2 0.3
v 0.5 -0.3 0.3
v 0.5 -0.2 0.4
v 0.5 -0.3 0.4
v 0.6 -0.3 0.4
v 0.6 -0.2 0.4
v 0.5 -0.3 0.3
v 0.5 -0.2 0.3
v 0.6 -0.2 0.3
v 0.6 -0.3 0.3
v 0.6 -0.2 0.4
v 0.6 -0.3 0.4
v 0.7 -0.3 0.4
v 0.7 -0.2 0.4
v 0.6 -0.3 0.3
v 0.6 -0.2 0.3
v 0.7 -0.2 0.3
v 0.7 -0.3 0.3
v 0.7 -0.2 0.4
v 0.7 -0.3 0.4
v 0.8 -0.3 0.4
v 0.8 -0.2 0.4
v 0.7 -0.3 0.3
v 0.7 -0.2 0.3
v 0.8 -0.2 0.3
v 0.8 -0.3 0.3
v 0.8 -0.2 0.4
v 0.8 -0.3 0.4
v 0.9 -0.3 0.4
v 0.9 -0.2 0.4
v 0.8 -0.3 0.3
v 0.8 -0.2 0.3
v 0.9 -0.2 0.3
v 0.9 -0.3 0.3
v 0.9 -0.2 0.4
v 0.9 -0.3 0.4
v 1 -0.3 0.4
v 1 -0.2 0.4
v 0.9 -0.3 0.3
v 0.9 -0.2 0.3
v 1 -0.2 0.3
v 1 -0.3 0.3
v 1 -0.2 0.4
v 1 -0.3 0.4
v 1.1 -0.3 0.4
v 1.1 -0.2 0.4
v 1 -0.3 0.3
v 1 -0.2 0.3
v 1.1 -0.2 0.3
v 1.1 -0.3 0.3
v 1.2 -0.3 0.4
v 1.2 -0.3 0.3
v 1.2 -0.2 0.3
v 1.2 -0.2 0.4
v 1.1 -0.2 0.4
v 1.1 -0.3 0.4
v 1.2 -0.3 0.4
v 1.2 -0.2 0.4
v 1.1 -0.3 0.3
v 1.1 -0.2 0.3
v 1.2 -0.2 0.3
v 1.2 -0.3 0.3
v -1.2 -0.3 0.1
v -1.2 -0.3 0
v -1.2 -0.4 0
v -1.2 -0.4 0.1
v -1.2 -0.3 0.1
v -1.2 -0.4 0.1
v -1.1 -0.4 0.1
v -1.1 -0.3 0.1
v -1.2 -0.4 0
v -1.2 -0.3 0
v -1.1 -0.3 0
v -1.1 -0.4 0
v -1.1 -0.3 0.1
v -1.1 -0.4 0.1
v -1 -0.4 0.1
v -1 -0.3 0.1
v -1.1 -0.4 0
v -1.1 -0.3 0
v -1 -0.3 0
v -1 -0.4 0
v -1 -0.3 0.1
v -1 -0.4 0.1
v -0.9 -0.4 0.1
v -0.9 -0.3 0.1
v -1 -0.4 0
v -1 -0.3 0
v -0.9 -0.3 0
v -0.9 -0.4 0
v -0.9 -0.3 0.1
v -0.9 -0.4 0.1
v -0.8 -0.4 0.1
v -0.8 -0.3 0.1
v -0.9 -0.4 0
v -0.9 -0.3 0
v -0.8 -0.3 0
v -0.8 -0.4 0
v -0.8 -0.3 0.1
v -0.8 -0.4 0.1
v -0.7 -0.4 0.1
v -0.7 -0.3 0.1
v -0.8 -0.4 0
v -0.8 -0.3 0
v -0.7 -0.3 0
v -0.7 -0.4 0
v -0.7 -0.3 0.1
v -0.7 -0.4 0.1
v -0.6 -0.4 0.1
v -0.6 -0.3 0.1
v -0.7 -0.4 0
v -0.7 -0.3 0
v -0.6 -0.3 0
v -0.6 -0.4 0
v -0.6 -0.3 0.1
v -0.6 -0.4 0.1
v -0.5 -0.4 0.1
v -0.5 -0.3 0.1
v -0.6 -0.4 0
v -0.6 -0.3 0
v -0.5 -0.3 0
v -0.5 -0.4 0
v -0.5 -0.3 0.1
v -0.5 -0.4 0.1
v -0.4 -0.4 0.1
v -0.4 -0.3 0.1
v -0.5 -0.4 0
v -0.5 -0.3 0
v -0.4 -0.3 0
v -0.4 -0.4 0
v -0.3 -0.4 0.1
v -0.3 -0.4 0
v -0.3 -0.3 0
v -0.3 -0.3 0.1
v -0.4 -0.3 0.1
v -0.4 -0.4 0.1
v -0.3 -0.4 0.1
v -0.3 -0.3 0.1
v -0.4 -0.4 0
v -0.4 -0.3 0
v -0.3 -0.3 0
v -0.3 -0.4 0
v -0.3 -0.3 0.4
v -0.3 -0.3 0.3
v -0.3 -0.4 0.3
v -0.3 -0.4 0.4
v -0.3 -0.3 0.4
v -0.3 -0.4 0.4
v -0.2 -0.4 0.4
v -0.2 -0.3 0.4
v -0.3 -0.4 0.3
v -0.3 -0.3 0.3
v -0.2 -0.3 0.3
v -0.2 -0.4 0.3
v -0.2 -0.3 0.4
v -0.2 -0.4 0.4
v -0.1 -0.4 0.4
v -0.1 -0.3 0.4
v -0.2 -0.4 0.3
v -0.2 -0.3 0.3
v -0.1 -0.3 0.3
v -0.1 -0.4 0.3
v -0.1 -0.3 0.4
v -0.1 -0.4 0.4
v 0 -0.4 0.4
v 0 -0.3 0.4
v -0.1 -0.4 0.3
v -0.1 -0.3 0.3
v 0 -0.3 0.3
v 0 -0.4 0.3
v 0 -0.3 0.4
v 0 -0.4 0.4
v 0.1 -0.4 0.4
v 0.1 -0.3 0.4
v 0 -0.4 0.3
v 0 -0.3 0.3
v 0.1 -0.3 0.3
v 0.1 -0.4 0.3
v 0.1 -0.3 0.4
v 0.1 -0.4 0.4
v 0.2 -0.4 0.4
v 0.2 -0.3 0.4
v 0.1 -0.4 0.3
v 0.1 -0.3 0.3
v 0.2 -0.3 0.3
v 0.2 -0.4 0.3
v 0.2 -0.3 0.4
v 0.2 -0.4 0.4
v 0.3 -0.4 0.4
v 0.3 -0.3 0.4
v 0.2 -0.4 0.3
v 0.2 -0.3 0.3
v 0.3 -0.3 0.3
v 0.3 -0.4 0.3
v 0.3 -0.3 0.4
v 0.3 -0.4 0.4
v 0.4 -0.4 0.4
v 0.4 -0.3 0.4
v 0.3 -0.4 0.3
v 0.3 -0.3 0.3
v 0.4 -0.3 0.3
v 0.4 -0.4 0.3
v 0.4 -0.3 0.4
v 0.4 -0.4 0.4
v 0.5 -0.4 0.4
v 0.5 -0.3 0.4
v 0.4 -0.4 0.3
v 0.4 -0.3 0.3
v 0.5 -0.3 0.3
v 0.5 -0.4 0.3
v 0.5 -0.3 0.4
v 0.5 -0.4 0.4
v 0.6 -0.4 0.4
v 0.6 -0.3 0.4
v 0.5 -0.4 0.3
v 0.5 -0.3 0.3
v 0.6 -0.3 0.3
v 0.6 -0.4 0.3
v 0.6 -0.3 0.4
v 0.6 -0.4 0.4
v 0.7 -0.4 0.4
v 0.7 -0.3 0.4
v 0.6 -0.4 0.3
v 0.6 -0.3 0.3
v 0.7 -0.3 0.3
v 0.7 -0.4 0.3
v 0.7 -0.3 0.4
v 0.7 -0.4 0.4
v 0.8 -0.4 0.4
v 0.8 -0.3 0.4
v 0.7 -0.4 0.3
v 0.7 -0.3 0.3
v 0.8 -0.3 0.3
v 0.8 -0.4 0.3
v 0.8 -0.3 0.4
v 0.8 -0.4 0.4
v 0.9 -0.4 0.4
v 0.9 -0.3 0.4
v 0.8 -0.4 0.3
v 0.8 -0.3 0.3
v 0.9 -0.3 0.3
v 0.9 -0.4 0.3
v 0.9 -0.3 0.4
v 0.9 -0.4 0.4
v 1 -0.4 0.4
v 1 -0.3 0.4
v 0.9 -0.4 0.3
v 0.9 -0.3 0.3
v 1 -0.3 0.3
v 1 -0.4 0.3
v 1 -0.3 0.4
v 1 -0.4 0.4
v 1.1 -0.4 0.4
v 1.1 -0.3 0.4
v 1 -0.4 0.3
v 1 -0.3 0.3
v 1.1 -0.3 0.3
v 1.1 -0.4 0.3
v 1.2 -0.4 0.4
v 1.2 -0.4 0.3
v 1.2 -0.3 0.3
v 1.2 -0.3 0.4
v 1.1 -0.3 0.4
v 1.1 -0.4 0.4
v 1.2 -0.4 0.4
v 1.2 -0.3 0.4
v 1.1 -0.4 0.3
v 1.1 -0.3 0.3
v 1.2 -0.3 0.3
v 1.2 -0.4 0.3
v -1.2 -0.4 0.1
v -1.2 -0.4 0
v -1.2 -0.5 0
v -1.2 -0.5 0.1
v -1.2 -0.4 0.1
v -1.2 -0.5 0.1
v -1.1 -0.5 0.1
v -1.1 -0.4 0.1
v -1.2 -0.5 0
v -1.2 -0.4 0
v -1.1 -0.4 0
v -1.1 -0.5 0
v -1.1 -0.4 0.1
v -1.1 -0.5 0.1
v -1 -0.5 0.1
v -1 -0.4 0.1
v -1.1 -0.5 0
v -1.1 -0.4 0
v -1 -0.4 0
v -1 -0.5 0
v -1 -0.4 0.1
v -1 -0.5 0.1
v -0.9 -0.5 0.1
v -0.9 -0.4 0.1
v -1 -0.5 0
v -1 -0.4 0
v -0.9 -0.4 0
v -0.9 -0.5 0
v -0.9 -0.4 0.1
v -0.9 -0.5 0.1
v -0.8 -0.5 0.1
v -0.8 -0.4 0.1
v -0.9 -0.5 0
v -0.9 -0.4 0
v -0.8 -0.4 0
v -0.8 -0.5 0
v -0.8 -0.4 0.1
v -0.8 -0.5 0.1
v -0.7 -0.5 0.1
v -0.7 -0.4 0.1
v -0.8 -0.5 0
v -0.8 -0.4 0
v -0.7 -0.4 0
v -0.7 -0.5 0
v -0.7 -0.4 0.1
v -0.7 -0.5 0.1
v -0.6 -0.5 0.1
v -0.6 -0.4 0.1
v -0.7 -0.5 0
v -0.7 -0.4 0
v -0.6 -0.4 0
v -0.6 -0.5 0
v -0.6 -0.4 0.1
v -0.6 -0.5 0.1
v -0.5 -0.5 0.1
v -0.5 -0.4 0.1
v -0.6 -0.5 0
v -0.6 -0.4 0
v -0.5 -0.4 0
v -0.5 -0.5 0
v -0.5 -0.4 0.1
v -0.5 -0.5 0.1
v -0.4 -0.5 0.1
v -0.4 -0.4 0.1
v -0.5 -0.5 0
v -0.5 -0.4 0
v -0.4 -0.4 0
v -0.4 -0.5 0
v -0.3 -0.5 0.1
v -0.3 -0.5 0
v -0.3 -0.4 0
v -0.3 -0.4 0.1
v -0.4 -0.4 0.1
v -0.4 -0.5 0.1
v -0.3 -0.5 0.1
v -0.3 -0.4 0.1
v -0.4 -0.5 0
v -0.4 -0.4 0
v -0.3 -0.4 0
v -0.3 -0.5 0
v -0.3 -0.4 0.4
v -0.3 -0.4 0.3
v -0.3 -0.5 0.3
v -0.3 -0.5 0.4
v -0.3 -0.4 0.4
v -0.3 -0.5 0.4
v -0.2 -0.5 0.4
v -0.2 -0.4 0.4
v -0.3 -0.5 0.3
v -0.3 -0.4 0.3
v -0.2 -0.4 0.3
v -0.2 -0.5 0.3
v -0.2 -0.4 0.4
v -0.2 -0.5 0.4
v -0.1 -0.5 0.4
v -0.1 -0.4 0.4
v -0.2 -0.5 0.3
v -0.2 -0.4 0.3
v -0.1 -0.4 0.3
v -0.1 -0.5 0.3
v -0.1 -0.4 0.4
v -0.1 -0.5 0.4
v 0 -0.5 0.4
v 0 -0.4 0.4
v -0.1 -0.5 0.3
v -0.1 -0.4 0.3
v 0 -0.4 0.3
v 0 -0.5 0.3
v 0 -0.4 0.4
v 0 -0.5 0.4
v 0.1 -0.5 0.4
v 0.1 -0.4 0.4
v 0 -0.5 0.3
v 0 -0.4 0.3
v 0.1 -0.4 0.3
v 0.1 -0.5 0.3
v 0.1 -0.4 0.4
v 0.1 -0.5 0.4
v 0.2 -0.5 0.4
v 0.2 -0.4 0.4
v 0.1 -0.5 0.3
v 0.1 -0.4 0.3
v 0.2 -0.4 0.3
v 0.2 -0.5 0.3
v 0.2 -0.4 0.4
v 0.2 -0.5 0.4
v 0.3 -0.5 0.4
v 0.3 -0.4 0.4
v 0.2 -0.5 0.3
v 0.2 -0.4 0.3
v 0.3 -0.4 0.3
v 0.3 -0.5 0.3
v 0.3 -0.4 0.4
v 0.3 -0.5 0.4
v 0.4 -0.5 0.4
v 0.4 -0.4 0.4
v 0.3 -0.5 0.3
v 0.3 -0.4 0.3
v 0.4 -0.4 0.3
v 0.4 -0.5 0.3
v 0.4 -0.4 0.4
v 0.4 -0.5 0.4
v 0.5 -0.5 0.4
v 0.5 -0.4 0.4
v 0.4 -0.5 0.3
v 0.4 -0.4 0.3
v 0.5 -0.4 0.3
v 0.5 -0.5 0.3
v 0.5 -0.4 0.4
v 0.5 -0.5 0.4
v 0.6 -0.5 0.4
v 0.6 -0.4 0.4
v 0.5 -0.5 0.3
v 0.5 -0.4 0.3
v 0.6 -0.4 0.3
v 0.6 -0.5 0.3
v 0.6 -0.4 0.4
v 0.6 -0.5 0.4
v 0.7 -0.5 0.4
v 0.7 -0.4 0.4
v 0.6 -0.5 0.3
v 0.6 -0.4 0.3
v 0.7 -0.4 0.3
v 0.7 -0.5 0.3
v 0.7 -0.4 0.4
v 0.7 -0.5 0.4
v 0.8 -0.5 0.4
v 0.8 -0.4 0.4
v 0.7 -0.5 0.3
v 0.7 -0.4 0.3
v 0.8 -0.4 0.3
v 0.8 -0.5 0.3
v 0.8 -0.4 0.4
v 0.8 -0.5 0.4
v 0.9 -0.5 0.4
v 0.9 -0.4 0.4
v 0.8 -0.5 0.3
v 0.8 -0.4 0.3
v 0.9 -0.4 0.3
v 0.9 -0.5 0.3
v 0.9 -0.4 0.4
v 0.9 -0.5 0.4
v 1 -0.5 0.4
v 1 -0.4 0.4
v 0.9 -0.5 0.3
v 0.9 -0.4 0.3
v 1 -0.4 0.3
v 1 -0.5 0.3
v 1 -0.4 0.4
v 1 -0.5 0.4
v 1.1 -0.5 0.4
v 1.1 -0.4 0.4
v 1 -0.5 0.3
v 1 -0.4 0.3
v 1.1 -0.4 0.3
v 1.1 -0.5 0.3
v 1.2 -0.5 0.4
v 1.2 -0.5 0.3
v 1.2 -0.4 0.3
v 1.2 -0.4 0.4
v 1.1 -0.4 0.4
v 1.1 -0.5 0.4
v 1.2 -0.5 0.4
v 1.2 -0.4 0.4
v 1.1 -0.5 0.3
v 1.1 -0.4 0.3
v 1.2 -0.4 0.3
v 1.2 -0.5 0.3
v -1.2 -0.5 0.1
v -1.2 -0.5 0
v -1.2 -0.6 0
v -1.2 -0.6 0.1
v -1.2 -0.5 0.1
v -1.2 -0.6 0.1
v -1.1 -0.6 0.1
v -1.1 -0.5 0.1
v -1.2 -0.6 0
v -1.2 -0.5 0
v -1.1 -0.5 0
v -1.1 -0.6 0
v -1.1 -0.5 0.1
v -1.1 -0.6 0.1
v -1 -0.6 0.1
v -1 -0.5 0.1
v -1.1 -0.6 0
v -1.1 -0.5 0
v -1 -0.5 0
v -1 -0.6 0
v -1 -0.5 0.1
v -1 -0.6 0.1
v -0.9 -0.6 0.1
v -0.9 -0.5 0.1
v -1 -0.6 0
v -1 -0.5 0
v -0.9 -0.5 0
v -0.9 -0.6 0
v -0.9 -0.5 0.1
v -0.9 -0.6 0.1
v -0.8 -0.6 0.1
v -0.8 -0.5 0.1
v -0.9 -0.6 0
v -0.9 -0.5 0
v -0.8 -0.5 0
v -0.8 -0.6 0
v -0.8 -0.5 0.1
v -0.8 -0.6 0.1
v -0.7 -0.6 0.1
v -0.7 -0.5 0.1
v -0.8 -0.6 0
v -0.8 -0.5 0
v -0.7 -0.5 0
v -0.7 -0.6 0
v -0.7 -0.5 0.1
v -0.7 -0.6 0.1
v -0.6 -0.6 0.1
v -0.6 -0.5 0.1
v -0.7 -0.6 0
v -0.7 -0.5 0
v -0.6 -0.5 0
v -0.6 -0.6 0
v -0.6 -0.5 0.1
v -0.6 -0.6 0.1
v -0.5 -0.6 0.1
v -0.5 -0.5 0.1
v -0.6 -0.6 0
v -0.6 -0.5 0
v -0.5 -0.5 0
v -0.5 -0.6 0
v -0.5 -0.5 0.1
v -0.5 -0.6 0.1
v -0.4 -0.6 0.1
v -0.4 -0.5 0.1
v -0.5 -0.6 0
v -0.5 -0.5 0
v -0.4 -0.5 0
v -0.4 -0.6 0
v -0.3 -0.6 0.1
v -0.3 -0.6 0
v -0.3 -0.5 0
v -0.3 -0.5 0.1
v -0.4 -0.5 0.1
v -0.4 -0.6 0.1
v -0.3 -0.6 0.1
v -0.3 -0.5 0.1
v -0.4 -0.6 0
v -0.4 -0.5 0
v -0.3 -0.5 0
v -0.3 -0.6 0
v -0.3 -0.5 0.4
v -0.3 -0.5 0.3
v -0.3 -0.6 0.3
v -0.3 -0.6 0.4
v -0.3 -0.5 0.4
v -0.3 -0.6 0.4
v -0.2 -0.6 0.4
v -0.2 -0.5 0.4
v -0.3 -0.6 0.3
v -0.3 -0.5 0.3
v -0.2 -0.5 0.3
v -0.2 -0.6 0.3
v -0.2 -0.5 0.4
v -0.2 -0.6 0.4
v -0.1 -0.6 0.4
v -0.1 -0.5 0.4
v -0.2 -0.6 0.3
v -0.2 -0.5 0.3
v -0.1 -0.5 0.3
v -0.1 -0.6 0.3
v -0.1 -0.5 0.4
v -0.1 -0.6 0.4
v 0 -0.6 0.4
v 0 -0.5 0.4
v -0.1 -0.6 0.3
v -0.1 -0.5 0.3
v 0 -0.5 0.3
v 0 -0.6 0.3
v 0 -0.5 0.4
v 0 -0.6 0.4
v 0.1 -0.6 0.4
v 0.1 -0.5 0.4
v 0 -0.6 0.3
v 0 -0.5 0.3
v 0.1 -0.5 0.3
v 0.1 -0.6 0.3
v 0.1 -0.5 0.4
v 0.1 -0.6 0.4
v 0.2 -0.6 0.4
v 0.2 -0.5 0.4
v 0.1 -0.6 0.3
v 0.1 -0.5 0.3
v 0.2 -0.5 0.3
v 0.2 -0.6 0.3
v 0.2 -0.5 0.4
v 0.2 -0.6 0.4
v 0.3 -0.6 0.4
v 0.3 -0.5 0.4
v 0.2 -0.6 0.3
v 0.2 -0.5 0.3
v 0.3 -0.5 0.3
v 0.3 -0.6 0.3
v 0.3 -0.5 0.4
v 0.3 -0.6 0.4
v 0.4 -0.6 0.4
v 0.4 -0.5 0.4
v 0.3 -0.6 0.3
v 0.3 -0.5 0.3
v 0.4 -0.5 0.3
v 0.4 -0.6 0.3
v 0.4 -0.5 0.4
v 0.4 -0.6 0.4
v 0.5 -0.6 0.4
v 0.5 -0.5 0.4
v 0.4 -0.6 0.3
v 0.4 -0.5 0.3
v 0.5 -0.5 0.3
v 0.5 -0.6 0.3
v 0.5 -0.5 0.4
v 0.5 -0.6 0.4
v 0.6 -0.6 0.4
v 0.6 -0.5 0.4
v 0.5 -0.6 0.3
v 0.5 -0.5 0.3
v 0.6 -0.5 0.3
v 0.6 -0.6 0.3
v 0.6 -0.5 0.4
v 0.6 -0.6 0.4
v 0.7 -0.6 0.4
v 0.7 -0.5 0.4
v 0.6 -0.6 0.3
v 0.6 -0.5 0.3
v 0.7 -0.5 0.3
v 0.7 -0.6 0.3
v 0.7 -0.5 0.4
v 0.7 -0.6 0.4
v 0.8 -0.6 0.4
v 0.8 -0.5 0.4
v 0.7 -0.6 0.3
v 0.7 -0.5 0.3
v 0.8 -0.5 0.3
v 0.8 -0.6 0.3
v 0.8 -0.5 0.4
v 0.8 -0.6 0.4
v 0.9 -0.6 0.4
v 0.9 -0.5 0.4
v 0.8 -0.6 0.3
v 0.8 -0.5 0.3
v 0.9 -0.5 0.3
v 0.9 -0.6 0.3
v 0.9 -0.5 0.4
v 0.9 -0.6 0.4
v 1 -0.6 0.4
v 1 -0.5 0.4
v 0.9 -0.6 0.3
v 0.9 -0.5 0.3
v 1 -0.5 0.3
v 1 -0.6 0.3
v 1 -0.5 0.4
v 1 -0.6 0.4
v 1.1 -0.6 0.4
v 1.1 -0.5 0.4
v 1 -0.6 0.3
v 1 -0.5 0.3
v 1.1 -0.5 0.3
v 1.1 -0.6 0.3
v 1.2 -0.6 0.4
v 1.2 -0.6 0.3
v 1.2 -0.5 0.3
v 1.2 -0.5 0.4
v 1.1 -0.5 0.4
v 1.1 -0.6 0.4
v 1.2 -0.6 0.4
v 1.2 -0.5 0.4
v 1.1 -0.6 0.3
v 1.1 -0.5 0.3
v 1.2 -0.5 0.3
v 1.2 -0.6 0.3
v -1.2 -0.6 0.1
v -1.2 -0.6 0
v -1.2 -0.7 0
v -1.2 -0.7 0.1
v -1.2 -0.6 0.1
v -1.2 -0.7 0.1
v -1.1 -0.7 0.1
v -1.1 -0.6 0.1
v -1.2 -0.7 0
v -1.2 -0.6 0
v -1.1 -0.6 0
v -1.1 -0.7 0
v -1.1 -0.6 0.1
v -1.1 -0.7 0.1
v -1 -0.7 0.1
v -1 -0.6 0.1
v -1.1 -0.7 0
v -1.1 -0.6 0
v -1 -0.6 0
v -1 -0.7 0
v -1 -0.6 0.1
v -1 -0.7 0.1
v -0.9 -0.7 0.1
v -0.9 -0.6 0.1
v -1 -0.7 0
v -1 -0.6 0
v -0.9 -0.6 0
v -0.9 -0.7 0
v -0.9 -0.6 0.1
v -0.9 -0.7 0.1
v -0.8 -0.7 0.1
v -0.8 -0.6 0.1
v -0.9 -0.7 0
v -0.9 -0.6 0
v -0.8 -0.6 0
v -0.8 -0.7 0
v -0.8 -0.6 0.1
v -0.8 -0.7 0.1
v -0.7 -0.7 0.1
v -0.7 -0.6 0.1
v -0.8 -0.7 0
v -0.8 -0.6 0
v -0.7 -0.6 0
v -0.7 -0.7 0
v -0.7 -0.6 0.1
v -0.7 -0.7 0.1
v -0.6 -0.7 0.1
v -0.6 -0.6 0.1
v -0.7 -0.7 0
v -0.7 -0.6 0
v -0.6 -0.6 0
v -0.6 -0.7 0
v -0.6 -0.6 0.1
v -0.6 -0.7 0.1
v -0.5 -0.7 0.1
v -0.5 -0.6 0.1
v -0.6 -0.7 0
v -0.6 -0.6 0
v -0.5 -0.6 0
v -0.5 -0.7 0
v -0.5 -0.6 0.1
v -0.5 -0.7 0.1
v -0.4 -0.7 0.1
v -0.4 -0.6 0.1
v -0.5 -0.7 0
v -0.5 -0.6 0
v -0.4 -0.6 0
v -0.4 -0.7 0
v -0.3 -0.7 0.1
v -0.3 -0.7 0
v -0.3 -0.6 0
v -0.3 -0.6 0.1
v -0.4 -0.6 0.1
v -0.4 -0.7 0.1
v -0.3 -0.7 0.1
v -0.3 -0.6 0.1
v -0.4 -0.7 0
v -0.4 -0.6 0
v -0.3 -0.6 0
v -0.3 -0.7 0
v -0.3 -0.6 0.4
v -0.3 -0.6 0.3
v -0.3 -0.7 0.3
v -0.3 -0.7 0.4
v -0.3 -0.6 0.4
v -0.3 -0.7 0.4
v -0.2 -0.7 0.4
v -0.2 -0.6 0.4
v -0.3 -0.7 0.3
v -0.3 -0.6 0.3
v -0.2 -0.6 0.3
v -0.2 -0.7 0.3
v -0.2 -0.6 0.4
v -0.2 -0.7 0.4
v -0.1 -0.7 0.4
v -0.1 -0.6 0.4
v -0.2 -0.7 0.3
v -0.2 -0.6 0.3
v -0.1 -0.6 0.3
v -0.1 -0.7 0.3
v -0.1 -0.6 0.4
v -0.1 -0.7 0.4
v 0 -0.7 0.4
v 0 -0.6 0.4
v -0.1 -0.7 0.3
v -0.1 -0.6 0.3
v 0 -0.6 0.3
v 0 -0.7 0.3
v 0 -0.6 0.4
v 0 -0.7 0.4
v 0.1 -0.7 0.4
v 0.1 -0.6 0.4
v 0 -0.7 0.3
v 0 -0.6 0.3
v 0.1 -0.6 0.3
v 0.1 -0.7 0.3
v 0.1 -0.6 0.4
v 0.1 -0.7 0.4
v 0.2 -0.7 0.4
v 0.2 -0.6 0.4
v 0.1 -0.7 0.3
v 0.1 -0.6 0.3
v 0.2 -0.6 0.3
v 0.2 -0.7 0.3
v 0.2 -0.6 0.4
v 0.2 -0.7 0.4
v 0.3 -0.7 0.4
v 0.3 -0.6 0.4
v 0.2 -0.7 0.3
v 0.2 -0.6 0.3
v 0.3 -0.6 0.3
v 0.3 -0.7 0.3
v 0.3 -0.6 0.4
v 0.3 -0.7 0.4
v 0.4 -0.7 0.4
v 0.4 -0.6 0.4
v 0.3 -0.7 0.3
v 0.3 -0.6 0.3
v 0.4 -0.6 0.3
v 0.4 -0.7 0.3
v 0.4 -0.6 0.4
v 0.4 -0.7 0.4
v 0.5 -0.7 0.4
v 0.5 -0.6 0.4
v 0.4 -0.7 0.3
v 0.4 -0.6 0.3
v 0.5 -0.6 0.3
v 0.5 -0.7 0.3
v 0.5 -0.6 0.4
v 0.5 -0.7 0.4
v 0.6 -0.7 0.4
v 0.6 -0.6 0.4
v 0.5 -0.7 0.3
v 0.5 -0.6 0.3
v 0.6 -0.6 0.3
v 0.6 -0.7 0.3
v 0.6 -0.6 0.4
v 0.6 -0.7 0.4
v 0.7 -0.7 0.4
v 0.7 -0.6 0.4
v 0.6 -0.7 0.3
v 0.6 -0.6 0.3
v 0.7 -0.6 0.3
v 0.7 -0.7 0.3
v 0.7 -0.6 0.4
v 0.7 -0.7 0.4
v 0.8 -0.7 0.4
v 0.8 -0.6 0.4
v 0.7 -0.7 0.3
v 0.7 -0.6 0.3
v 0.8 -0.6 0.3
v 0.8 -0.7 0.3
v 0.8 -0.6 0.4
v 0.8 -0.7 0.4
v 0.9 -0.7 0.4
v 0.9 -0.6 0.4
v 0.8 -0.7 0.3
v 0.8 -0.6 0.3
v 0.9 -0.6 0.3
v 0.9 -0.7 0.3
v 0.9 -0.6 0.4
v 0.9 -0.7 0.4
v 1 -0.7 0.4
v 1 -0.6 0.4
v 0.9 -0.7 0.3
v 0.9 -0.6 0.3
v 1 -0.6 0.3
v 1 -0.7 0.3
v 1 -0.6 0.4
v 1 -0.7 0.4
v 1.1 -0.7 0.4
v 1.1 -0.6 0.4
v 1 -0.7 0.3
v 1 -0.6 0.3
v 1.1 -0.6 0.3
v 1.1 -0.7 0.3
v 1.2 -0.7 0.4
v 1.2 -0.7 0.3
v 1.2 -0.6 0.3
v 1.2 -0.6 0.4
v 1.1 -0.6 0.4
v 1.1 -0.7 0.4
v 1.2 -0.7 0.4
v 1.2 -0.6 0.4
v 1.1 -0.7 0.3
v 1.1 -0.6 0.3
v 1.2 -0.6 0.3
v 1.2 -0.7 0.3
v -1.2 -0.7 0.1
v -1.2 -0.7 0
v -1.2 -0.8 0
v -1.2 -0.8 0.1
v -1.2 -0.7 0.1
v -1.2 -0.8 0.1
v -1.1 -0.8 0.1
v -1.1 -0.7 0.1
v -1.2 -0.8 0
v -1.2 -0.7 0
v -1.1 -0.7 0
v -1.1 -0.8 0
v -1.1 -0.7 0.1
v -1.1 -0.8 0.1
v -1 -0.8 0.1
v -1 -0.7 0.1
v -1.1 -0.8 0
v -1.1 -0.7 0
v -1 -0.7 0
v -1 -0.8 0
v -1 -0.7 0.1
v -1 -0.8 0.1
v -0.9 -0.8 0.1
v -0.9 -0.7 0.1
v -1 -0.8 0
v -1 -0.7 0
v -0.9 -0.7 0
v -0.9 -0.8 0
v -0.9 -0.7 0.1
v -0.9 -0.8 0.1
v -0.8 -0.8 0.1
v -0.8 -0.7 0.1
v -0.9 -0.8 0
v -0.9 -0.7 0
v -0.8 -0.7 0
v -0.8 -0.8 0
v -0.8 -0.7 0.1
v -0.8 -0.8 0.1
v -0.7 -0.8 0.1
v -0.7 -0.7 0.1
v -0.8 -0.8 0
v -0.8 -0.7 0
v -0.7 -0.7 0
v -0.7 -0.8 0
v -0.7 -0.7 0.1
v -0.7 -0.8 0.1
v -0.6 -0.8 0.1
v -0.6 -0.7 0.1
v -0.7 -0.8 0
v -0.7 -0.7 0
v -0.6 -0.7 0
v -0.6 -0.8 0
v -0.6 -0.7 0.1
v -0.6 -0.8 0.1
v -0.5 -0.8 0.1
v -0.5 -0.7 0.1
v -0.6 -0.8 0
v -0.6 -0.7 0
v -0.5 -0.7 0
v -0.5 -0.8 0
v -0.5 -0.7 0.1
v -0.5 -0.8 0.1
v -0.4 -0.8 0.1
v -0.4 -0.7 0.1
v -0.5 -0.8 0
v -0.5 -0.7 0
v -0.4 -0.7 0
v -0.4 -0.8 0
v -0.3 -0.8 0.1
v -0.3 -0.8 0
v -0.3 -0.7 0
v -0.3 -0.7 0.1
v -0.4 -0.7 0.1
v -0.4 -0.8 0.1
v -0.3 -0.8 0.1
v -0.3 -0.7 0.1
v -0.4 -0.8 0
v -0.4 -0.7 0
v -0.3 -0.7 0
v -0.3 -0.8 0
v -0.3 -0.7 0.4
v -0.3 -0.7 0.3
v -0.3 -0.8 0.3
v -0.3 -0.8 0.4
v -0.3 -0.7 0.4
v -0.3 -0.8 0.4
v -0.2 -0.8 0.4
v -0.2 -0.7 0.4
v -0.3 -0.8 0.3
v -0.3 -0.7 0.3
v -0.2 -0.7 0.3
v -0.2 -0.8 0.3
v -0.2 -0.7 0.4
v -0.2 -0.8 0.4
v -0.1 -0.8 0.4
v -0.1 -0.7 0.4
v -0.2 -0.8 0.3
v -0.2 -0.7 0.3
v -0.1 -0.7 0.3
v -0.1 -0.8 0.3
v -0.1 -0.7 0.4
v -0.1 -0.8 0.4
v 0 -0.8 0.4
v 0 -0.7 0.4
v -0.1 -0.8 0.3
v -0.1 -0.7 0.3
v 0 -0.7 0.3
v 0 -0.8 0.3
v 0 -0.7 0.4
v 0 -0.8 0.4
v 0.1 -0.8 0.4
v 0.1 -0.7 0.4
v 0 -0.8 0.3
v 0 -0.7 0.3
v 0.1 -0.7 0.3
v 0.1 -0.8 0.3
v 0.1 -0.7 0.4
v 0.1 -0.8 0.4
v 0.2 -0.8 0.4
v 0.2 -0.7 0.4
v 0.1 -0.8 0.3
v 0.1 -0.7 0.3
v 0.2 -0.7 0.3
v 0.2 -0.8 0.3
v 0.2 -0.7 0.4
v 0.2 -0.8 0.4
v 0.3 -0.8 0.4
v 0.3 -0.7 0.4
v 0.2 -0.8 0.3
v 0.2 -0.7 0.3
v 0.3 -0.7 0.3
v 0.3 -0.8 0.3
v 0.3 -0.7 0.4
v 0.3 -0.8 0.4
v 0.4 -0.8 0.4
v 0.4 -0.7 0.4
v 0.3 -0.8 0.3
v 0.3 -0.7 0.3
v 0.4 -0.7 0.3
v 0.4 -0.8 0.3
v 0.4 -0.7 0.4
v 0.4 -0.8 0.4
v 0.5 -0.8 0.4
v 0.5 -0.7 0.4
v 0.4 -0.8 0.3
v 0.4 -0.7 0.3
v 0.5 -0.7 0.3
v 0.5 -0.8 0.3
v 0.5 -0.7 0.4
v 0.5 -0.8 0.4
v 0.6 -0.8 0.4
v 0.6 -0.7 0.4
v 0.5 -0.8 0.3
v 0.5 -0.7 0.3
v 0.6 -0.7 0.3
v 0.6 -0.8 0.3
v 0.6 -0.7 0.4
v 0.6 -0.8 0.4
v 0.7 -0.8 0.4
v 0.7 -0.7 0.4
v 0.6 -0.8 0.3
v 0.6 -0.7 0.3
v 0.7 -0.7 0.3
v 0.7 -0.8 0.3
v 0.7 -0.7 0.4
v 0.7 -0.8 0.4
v 0.8 -0.8 0.4
v 0.8 -0.7 0.4
v 0.7 -0.8 0.3
v 0.7 -0.7 0.3
v 0.8 -0.7 0.3
v 0.8 -0.8 0.3
v 0.8 -0.7 0.4
v 0.8 -0.8 0.4
v 0.9 -0.8 0.4
v 0.9 -0.7 0.4
v 0.8 -0.8 0.3
v 0.8 -0.7 0.3
v 0.9 -0.7 0.3
v 0.9 -0.8 0.3
v 0.9 -0.7 0.4
v 0.9 -0.8 0.4
v 1 -0.8 0.4
v 1 -0.7 0.4
v 0.9 -0.8 0.3
v 0.9 -0.7 0.3
v 1 -0.7 0.3
v 1 -0.8 0.3
v 1 -0.7 0.4
v 1 -0.8 0.4
v 1.1 -0.8 0.4
v 1.1 -0.7 0.4
v 1 -0.8 0.3
v 1 -0.7 0.3
v 1.1 -0.7 0.3
v 1.1 -0.8 0.3
v 1.2 -0.8 0.4
v 1.2 -0.8 0.3
v 1.2 -0.7 0.3
v 1.2 -0.7 0.4
v 1.1 -0.7 0.4
v 1.1 -0.8 0.4
v 1.2 -0.8 0.4
v 1.2 -0.7 0.4
v 1.1 -0.8 0.3
v 1.1 -0.7 0.3
v 1.2 -0.7 0.3
v 1.2 -0.8 0.3
v -1.2 -0.8 0.1
v -1.2 -0.8 0
v -1.2 -0.9 0
v -1.2 -0.9 0.1
v -1.2 -0.8 0.1
v -1.2 -0.9 0.1
v -1.1 -0.9 0.1
v -1.1 -0.8 0.1
v -1.2 -0.9 0
v -1.2 -0.8 0
v -1.1 -0.8 0
v -1.1 -0.9 0
v -1.1 -0.8 0.1
v -1.1 -0.9 0.1
v -1 -0.9 0.1
v -1 -0.8 0.1
v -1.1 -0.9 0
v -1.1 -0.8 0
v -1 -0.8 0
v -1 -0.9 0
v -1 -0.8 0.1
v -1 -0.9 0.1
v -0.9 -0.9 0.1
v -0.9 -0.8 0.1
v -1 -0.9 0
v -1 -0.8 0
v -0.9 -0.8 0
v -0.9 -0.9 0
v -0.9 -0.8 0.1
v -0.9 -0.9 0.1
v -0.8 -0.9 0.1
v -0.8 -0.8 0.1
v -0.9 -0.9 0
v -0.9 -0.8 0
v -0.8 -0.8 0
v -0.8 -0.9 0
v -0.8 -0.8 0.1
v -0.8 -0.9 0.1
v -0.7 -0.9 0.1
v -0.7 -0.8 0.1
v -0.8 -0.9 0
v -0.8 -0.8 0
v -0.7 -0.8 0
v -0.7 -0.9 0
v -0.7 -0.8 0.1
v -0.7 -0.9 0.1
v -0.6 -0.9 0.1
v -0.6 -0.8 0.1
v -0.7 -0.9 0
v -0.7 -0.8 0
v -0.6 -0.8 0
v -0.6 -0.9 0
v -0.6 -0.8 0.1
v -0.6 -0.9 0.1
v -0.5 -0.9 0.1
v -0.5 -0.8 0.1
v -0.6 -0.9 0
v -0.6 -0.8 0
v -0.5 -0.8 0
v -0.5 -0.9 0
v -0.5 -0.8 0.1
v -0.5 -0.9 0.1
v -0.4 -0.9 0.1
v -0.4 -0.8 0.1
v -0.5 -0.9 0
v -0.5 -0.8 0
v -0.4 -0.8 0
v -0.4 -0.9 0
v -0.3 -0.9 0.1
v -0.3 -0.9 0
v -0.3 -0.8 0
v -0.3 -0.8 0.1
v -0.4 -0.8 0.1
v -0.4 -0.9 0.1
v -0.3 -0.9 0.1
v -0.3 -0.8 0.1
v -0.4 -0.9 0
v -0.4 -0.8 0
v -0.3 -0.8 0
v -0.3 -0.9 0
v -0.3 -0.8 0.4
v -0.3 -0.8 0.3
v -0.3 -0.9 0.3
v -0.3 -0.9 0.4
v -0.3 -0.8 0.4
v -0.3 -0.9 0.4
v -0.2 -0.9 0.4
v -0.2 -0.8 0.4
v -0.3 -0.9 0.3
v -0.3 -0.8 0.3
v -0.2 -0.8 0.3
v -0.2 -0.9 0.3
v -0.2 -0.8 0.4
v -0.2 -0.9 0.4
v -0.1 -0.9 0.4
v -0.1 -0.8 0.4
v -0.2 -0.9 0.3
v -0.2 -0.8 0.3
v -0.1 -0.8 0.3
v -0.1 -0.9 0.3
v -0.1 -0.8 0.4
v -0.1 -0.9 0.4
v 0 -0.9 0.4
v 0 -0.8 0.4
v -0.1 -0.9 0.3
v -0.1 -0.8 0.3
v 0 -0.8 0.3
v 0 -0.9 0.3
v 0 -0.8 0.4
v 0 -0.9 0.4
v 0.1 -0.9 0.4
v 0.1 -0.8 0.4
v 0 -0.9 0.3
v 0 -0.8 0.3
v 0.1 -0.8 0.3
v 0.1 -0.9 0.3
v 0.1 -0.8 0.4
v 0.1 -0.9 0.4
v 0.2 -0.9 0.4
v 0.2 -0.8 0.4
v 0.1 -0.9 0.3
v 0.1 -0.8 0.3
v 0.2 -0.8 0.3
v 0.2 -0.9 0.3
v 0.2 -0.8 0.4
v 0.2 -0.9 0.4
v 0.3 -0.9 0.4
v 0.3 -0.8 0.4
v 0.2 -0.9 0.3
v 0.2 -0.8 0.3
v 0.3 -0.8 0.3
v 0.3 -0.9 0.3
v 0.3 -0.8 0.4
v 0.3 -0.9 0.4
v 0.4 -0.9 0.4
v 0.4 -0.8 0.4
v 0.3 -0.9 0.3
v 0.3 -0.8 0.3
v 0.4 -0.8 0.3
v 0.4 -0.9 0.3
v 0.4 -0.8 0.4
v 0.4 -0.9 0.4
v 0.5 -0.9 0.4
v 0.5 -0.8 0.4
v 0.4 -0.9 0.3
v 0.4 -0.8 0.3
v 0.5 -0.8 0.3
v 0.5 -0.9 0.3
v 0.5 -0.8 0.4
v 0.5 -0.9 0.4
v 0.6 -0.9 0.4
v 0.6 -0.8 0.4
v 0.5 -0.9 0.3
v 0.5 -0.8 0.3
v 0.6 -0.8 0.3
v 0.6 -0.9 0.3
v 0.6 -0.8 0.4
v 0.6 -0.9 0.4
v 0.7 -0.9 0.4
v 0.7 -0.8 0.4
v 0.6 -0.9 0.3
v 0.6 -0.8 0.3
v 0.7 -0.8 0.3
v 0.7 -0.9 0.3
v 0.7 -0.8 0.4
v 0.7 -0.9 0.4
v 0.8 -0.9 0.4
v 0.8 -0.8 0.4
v 0.7 -0.9 0.3
v 0.7 -0.8 0.3
v 0.8 -0.8 0.3
v 0.8 -0.9 0.3
v 0.8 -0.8 0.4
v 0.8 -0.9 0.4
v 0.9 -0.9 0.4
v 0.9 -0.8 0.4
v 0.8 -0.9 0.3
v 0.8 -0.8 0.3
v 0.9 -0.8 0.3
v 0.9 -0.9 0.3
v 0.9 -0.8 0.4
v 0.9 -0.9 0.4
v 1 -0.9 0.4
v 1 -0.8 0.4
v 0.9 -0.9 0.3
v 0.9 -0.8 0.3
v 1 -0.8 0.3
v 1 -0.9 0.3
v 1 -0.8 0.4
v 1 -0.9 0.4
v 1.1 -0.9 0.4
v 1.1 -0.8 0.4
v 1 -0.9 0.3
v 1 -0.8 0.3
v 1.1 -0.8 0.3
v 1.1 -0.9 0.3
v 1.2 -0.9 0.4
v 1.2 -0.9 0.3
v 1.2 -0.8 0.3
v 1.2 -0.8 0.4
v 1.1 -0.8 0.4
v 1.1 -0.9 0.4
v 1.2 -0.9 0.4
v 1.2 -0.8 0.4
v 1.1 -0.9 0.3
v 1.1 -0.8 0.3
v 1.2 -0.8 0.3
v 1.2 -0.9 0.3
v -1.2 -0.9 0.1
v -1.2 -0.9 0
v -1.2 -1 0
v -1.2 -1 0.1
v -1.2 -0.9 0.1
v -1.2 -1 0.1
v -1.1 -1 0.1
v -1.1 -0.9 0.1
v -1.2 -1 0
v -1.2 -0.9 0
v -1.1 -0.9 0
v -1.1 -1 0
v -1.1 -0.9 0.1
v -1.1 -1 0.1
v -1 -1 0.1
v -1 -0.9 0.1
v -1.1 -1 0
v -1.1 -0.9 0
v -1 -0.9 0
v -1 -1 0
v -1 -0.9 0.1
v -1 -1 0.1
v -0.9 -1 0.1
v -0.9 -0.9 0.1
v -1 -1 0
v -1 -0.9 0
v -0.9 -0.9 0
v -0.9 -1 0
v -0.9 -0.9 0.1
v -0.9 -1 0.1
v -0.8 -1 0.1
v -0.8 -0.9 0.1
v -0.9 -1 0
v -0.9 -0.9 0
v -0.8 -0.9 0
v -0.8 -1 0
v -0.8 -0.9 0.1
v -0.8 -1 0.1
v -0.7 -1 0.1
v -0.7 -0.9 0.1
v -0.8 -1 0
v -0.8 -0.9 0
v -0.7 -0.9 0
v -0.7 -1 0
v -0.7 -0.9 0.1
v -0.7 -1 0.1
v -0.6 -1 0.1
v -0.6 -0.9 0.1
v -0.7 -1 0
v -0.7 -0.9 0
v -0.6 -0.9 0
v -0.6 -1 0
v -0.6 -0.9 0.1
v -0.6 -1 0.1
v -0.5 -1 0.1
v -0.5 -0.9 0.1
v -0.6 -1 0
v -0.6 -0.9 0
v -0.5 -0.9 0
v -0.5 -1 0
v -0.5 -0.9 0.1
v -0.5 -1 0.1
v -0.4 -1 0.1
v -0.4 -0.9 0.1
v -0.5 -1 0
v -0.5 -0.9 0
v -0.4 -0.9 0
v -0.4 -1 0
v -0.3 -1 0.1
v -0.3 -1 0
v -0.3 -0.9 0
v -0.3 -0.9 0.1
v -0.4 -0.9 0.1
v -0.4 -1 0.1
v -0.3 -1 0.1
v -0.3 -0.9 0.1
v -0.4 -1 0
v -0.4 -0.9 0
v -0.3 -0.9 0
v -0.3 -1 0
v -0.3 -0.9 0.4
v -0.3 -0.9 0.3
v -0.3 -1 0.3
v -0.3 -1 0.4
v -0.3 -0.9 0.4
v -0.3 -1 0.4
v -0.2 -1 0.4
v -0.2 -0.9 0.4
v -0.3 -1 0.3
v -0.3 -0.9 0.3
v -0.2 -0.9 0.3
v -0.2 -1 0.3
v -0.2 -0.9 0.4
v -0.2 -1 0.4
v -0.1 -1 0.4
v -0.1 -0.9 0.4
v -0.2 -1 0.3
v -0.2 -0.9 0.3
v -0.1 -0.9 0.3
v -0.1 -1 0.3
v -0.1 -0.9 0.4
v -0.1 -1 0.4
v 0 -1 0.4
v 0 -0.9 0.4
v -0.1 -1 0.3
v -0.1 -0.9 0.3
v 0 -0.9 0.3
v 0 -1 0.3
v 0 -0.9 0.4
v 0 -1 0.4
v 0.1 -1 0.4
v 0.1 -0.9 0.4
v 0 -1 0.3
v 0 -0.9 0.3
v 0.1 -0.9 0.3
v 0.1 -1 0.3
v 0.1 -0.9 0.4
v 0.1 -1 0.4
v 0.2 -1 0.4
v 0.2 -0.9 0.4
v 0.1 -1 0.3
v 0.1 -0.9 0.3
v 0.2 -0.9 0.3
v 0.2 -1 0.3
v 0.2 -0.9 0.4
v 0.2 -1 0.4
v 0.3 -1 0.4
v 0.3 -0.9 0.4
v 0.2 -1 0.3
v 0.2 -0.9 0.3
v 0.3 -0.9 0.3
v 0.3 -1 0.3
v 0.3 -0.9 0.4
v 0.3 -1 0.4
v 0.4 -1 0.4
v 0.4 -0.9 0.4
v 0.3 -1 0.3
v 0.3 -0.9 0.3
v 0.4 -0.9 0.3
v 0.4 -1 0.3
v 0.4 -0.9 0.4
v 0.4 -1 0.4
v 0.5 -1 0.4
v 0.5 -0.9 0.4
v 0.4 -1 0.3
v 0.4 -0.9 0.3
v 0.5 -0.9 0.3
v 0.5 -1 0.3
v 0.5 -0.9 0.4
v 0.5 -1 0.4
v 0.6 -1 0.4
v 0.6 -0.9 0.4
v 0.5 -1 0.3
v 0.5 -0.9 0.3
v 0.6 -0.9 0.3
v 0.6 -1 0.3
v 0.6 -0.9 0.4
v 0.6 -1 0.4
v 0.7 -1 0.4
v 0.7 -0.9 0.4
v 0.6 -1 0.3
v 0.6 -0.9 0.3
v 0.7 -0.9 0.3
v 0.7 -1 0.3
v 0.7 -0.9 0.4
v 0.7 -1 0.4
v 0.8 -1 0.4
v 0.8 -0.9 0.4
v 0.7 -1 0.3
v 0.7 -0.9 0.3
v 0.8 -0.9 0.3
v 0.8 -1 0.3
v 0.8 -0.9 0.4
v 0.8 -1 0.4
v 0.9 -1 0.4
v 0.9 -0.9 0.4
v 0.8 -1 0.3
v 0.8 -0.9 0.3
v 0.9 -0.9 0.3
v 0.9 -1 0.3
v 0.9 -0.9 0.4
v 0.9 -1 0.4
v 1 -1 0.4
v 1 -0.9 0.4
v 0.9 -1 0.3
v 0.9 -0.9 0.3
v 1 -0.9 0.3
v 1 -1 0.3
v 1 -0.9 0.4
v 1 -1 0.4
v 1.1 -1 0.4
v 1.1 -0.9 0.4
v 1 -1 0.3
v 1 -0.9 0.3
v 1.1 -0.9 0.3
v 1.1 -1 0.3
v 1.2 -1 0.4
v 1.2 -1 0.3
v 1.2 -0.9 0.3
v 1.2 -0.9 0.4
v 1.1 -0.9 0.4
v 1.1 -1 0.4
v 1.2 -1 0.4
v 1.2 -0.9 0.4
v 1.1 -1 0.3
v 1.1 -0.9 0.3
v 1.2 -0.9 0.3
v 1.2 -1 0.3
v -1.2 -1 0.1
v -1.2 -1 0
v -1.2 -1.1 0
v -1.2 -1.1 0.1
v -1.2 -1 0.1
v -1.2 -1.1 0.1
v -1.1 -1.1 0.1
v -1.1 -1 0.1
v -1.2 -1.1 0
v -1.2 -1 0
v -1.1 -1 0
v -1.1 -1.1 0
v -1.1 -1 0.1
v -1.1 -1.1 0.1
v -1 -1.1 0.1
v -1 -1 0.1
v -1.1 -1.1 0
v -1.1 -1 0
v -1 -1 0
v -1 -1.1 0
v -1 -1 0.1
v -1 -1.1 0.1
v -0.9 -1.1 0.1
v -0.9 -1 0.1
v -1 -1.1 0
v -1 -1 0
v -0.9 -1 0
v -0.9 -1.1 0
v -0.9 -1 0.1
v -0.9 -1.1 0.1
v -0.8 -1.1 0.1
v -0.8 -1 0.1
v -0.9 -1.1 0
v -0.9 -1 0
v -0.8 -1 0
v -0.8 -1.1 0
v -0.8 -1 0.1
v -0.8 -1.1 0.1
v -0.7 -1.1 0.1
v -0.7 -1 0.1
v -0.8 -1.1 0
v -0.8 -1 0
v -0.7 -1 0
v -0.7 -1.1 0
v -0.7 -1 0.1
v -0.7 -1.1 0.1
v -0.6 -1.1 0.1
v -0.6 -1 0.1
v -0.7 -1.1 0
v -0.7 -1 0
v -0.6 -1 0
v -0.6 -1.1 0
v -0.6 -1 0.1
v -0.6 -1.1 0.1
v -0.5 -1.1 0.1
v -0.5 -1 0.1
v -0.6 -1.1 0
v -0.6 -1 0
v -0.5 -1 0
v -0.5 -1.1 0
v -0.5 -1 0.1
v -0.5 -1.1 0.1
v -0.4 -1.1 0.1
v -0.4 -1 0.1
v -0.5 -1.1 0
v -0.5 -1 0
v -0.4 -1 0
v -0.4 -1.1 0
v -0.3 -1.1 0.1
v -0.3 -1.1 0
v -0.3 -1 0
v -0.3 -1 0.1
v -0.4 -1 0.1
v -0.4 -1.1 0.1
v -0.3 -1.1 0.1
v -0.3 -1 0.1
v -0.4 -1.1 0
v -0.4 -1 0
v -0.3 -1 0
v -0.3 -1.1 0
v -0.3 -1 0.4
v -0.3 -1 0.3
v -0.3 -1.1 0.3
v -0.3 -1.1 0.4
v -0.3 -1 0.4
v -0.3 -1.1 0.4
v -0.2 -1.1 0.4
v -0.2 -1 0.4
v -0.3 -1.1 0.3
v -0.3 -1 0.3
v -0.2 -1 0.3
v -0.2 -1.1 0.3
v -0.2 -1 0.4
v -0.2 -1.1 0.4
v -0.1 -1.1 0.4
v -0.1 -1 0.4
v -0.2 -1.1 0.3
v -0.2 -1 0.3
v -0.1 -1 0.3
v -0.1 -1.1 0.3
v -0.1 -1 0.4
v -0.1 -1.1 0.4
v 0 -1.1 0.4
v 0 -1 0.4
v -0.1 -1.1 0.3
v -0.1 -1 0.3
v 0 -1 0.3
v 0 -1.1 0.3
v 0 -1 0.4
v 0 -1.1 0.4
v 0.1 -1.1 0.4
v 0.1 -1 0.4
v 0 -1.1 0.3
v 0 -1 0.3
v 0.1 -1 0.3
v 0.1 -1.1 0.3
v 0.1 -1 0.4
v 0.1 -1.1 0.4
v 0.2 -1.1 0.4
v 0.2 -1 0.4
v 0.1 -1.1 0.3
v 0.1 -1 0.3
v 0.2 -1 0.3
v 0.2 -1.1 0.3
v 0.2 -1 0.4
v 0.2 -1.1 0.4
v 0.3 -1.1 0.4
v 0.3 -1 0.4
v 0.2 -1.1 0.3
v 0.2 -1 0.3
v 0.3 -1 0.3
v 0.3 -1.1 0.3
v 0.3 -1 0.4
v 0.3 -1.1 0.4
v 0.4 -1.1 0.4
v 0.4 -1 0.4
v 0.3 -1.1 0.3
v 0.3 -1 0.3
v 0.4 -1 0.3
v 0.4 -1.1 0.3
v 0.4 -1 0.4
v 0.4 -1.1 0.4
v 0.5 -1.1 0.4
v 0.5 -1 0.4
v 0.4 -1.1 0.3
v 0.4 -1 0.3
v 0.5 -1 0.3
v 0.5 -1.1 0.3
v 0.5 -1 0.4
v 0.5 -1.1 0.4
v 0.6 -1.1 0.4
v 0.6 -1 0.4
v 0.5 -1.1 0.3
v 0.5 -1 0.3
v 0.6 -1 0.3
v 0.6 -1.1 0.3
v 0.6 -1 0.4
v 0.6 -1.1 0.4
v 0.7 -1.1 0.4
v 0.7 -1 0.4
v 0.6 -1.1 0.3
v 0.6 -1 0.3
v 0.7 -1 0.3
v 0.7 -1.1 0.3
v 0.7 -1 0.4
v 0.7 -1.1 0.4
v 0.8 -1.1 0.4
v 0.8 -1 0.4
v 0.7 -1.1 0.3
v 0.7 -1 0.3
v 0.8 -1 0.3
v 0.8 -1.1 0.3
v 0.8 -1 0.4
v 0.8 -1.1 0.4
v 0.9 -1.1 0.4
v 0.9 -1 0.4
v 0.8 -1.1 0.3
v 0.8 -1 0.3
v 0.9 -1 0.3
v 0.9 -1.1 0.3
v 0.9 -1 0.4
v 0.9 -1.1 0.4
v 1 -1.1 0.4
v 1 -1 0.4
v 0.9 -1.1 0.3
v 0.9 -1 0.3
v 1 -1 0.3
v 1 -1.1 0.3
v 1 -1 0.4
v 1 -1.1 0.4
v 1.1 -1.1 0.4
v 1.1 -1 0.4
v 1 -1.1 0.3
v 1 -1 0.3
v 1.1 -1 0.3
v 1.1 -1.1 0.3
v 1.2 -1.1 0.4
v 1.2 -1.1 0.3
v 1.2 -1 0.3
v 1.2 -1 0.4
v 1.1 -1 0.4
v 1.1 -1.1 0.4
v 1.2 -1.1 0.4
v 1.2 -1 0.4
v 1.1 -1.1 0.3
v 1.1 -1 0.3
v 1.2 -1 0.3
v 1.2 -1.1 0.3
v -1.2 -1.1 0.1
v -1.2 -1.1 0
v -1.2 -1.2 0
v -1.2 -1.2 0.1
v -1.2 -1.1 0.1
v -1.2 -1.2 0.1
v -1.1 -1.2 0.1
v -1.1 -1.1 0.1
v -1.2 -1.2 0
v -1.2 -1.1 0
v -1.1 -1.1 0
v -1.1 -1.2 0
v -1.2 -1.2 0.1
v -1.2 -1.2 0
v -1.1 -1.2 0
v -1.1 -1.2 0.1
v -1.1 -1.1 0.1
v -1.1 -1.2 0.1
v -1 -1.2 0.1
v -1 -1.1 0.1
v -1.1 -1.2 0
v -1.1 -1.1 0
v -1 -1.1 0
v -1 -1.2 0
v -1.1 -1.2 0.1
v -1.1 -1.2 0
v -1 -1.2 0
v -1 -1.2 0.1
v -1 -1.1 0.1
v -1 -1.2 0.1
v -0.9 -1.2 0.1
v -0.9 -1.1 0.1
v -1 -1.2 0
v -1 -1.1 0
v -0.9 -1.1 0
v -0.9 -1.2 0
v -1 -1.2 0.1
v -1 -1.2 0
v -0.9 -1.2 0
v -0.9 -1.2 0.1
v -0.9 -1.1 0.1
v -0.9 -1.2 0.1
v -0.8 -1.2 0.1
v -0.8 -1.1 0.1
v -0.9 -1.2 0
v -0.9 -1.1 0
v -0.8 -1.1 0
v -0.8 -1.2 0
v -0.9 -1.2 0.1
v -0.9 -1.2 0
v -0.8 -1.2 0
v -0.8 -1.2 0.1
v -0.8 -1.1 0.1
v -0.8 -1.2 0.1
v -0.7 -1.2 0.1
v -0.7 -1.1 0.1
v -0.8 -1.2 0
v -0.8 -1.1 0
v -0.7 -1.1 0
v -0.7 -1.2 0
v -0.8 -1.2 0.1
v -0.8 -1.2 0
v -0.7 -1.2 0
v -0.7 -1.2 0.1
v -0.7 -1.1 0.1
v -0.7 -1.2 0.1
v -0.6 -1.2 0.1
v -0.6 -1.1 0.1
v -0.7 -1.2 0
v -0.7 -1.1 0
v -0.6 -1.1 0
v -0.6 -1.2 0
v -0.7 -1.2 0.1
v -0.7 -1.2 0
v -0.6 -1.2 0
v -0.6 -1.2 0.1
v -0.6 -1.1 0.1
v -0.6 -1.2 0.1
v -0.5 -1.2 0.1
v -0.5 -1.1 0.1
v -0.6 -1.2 0
v -0.6 -1.1 0
v -0.5 -1.1 0
v -0.5 -1.2 0
v -0.6 -1.2 0.1
v -0.6 -1.2 0
v -0.5 -1.2 0
v -0.5 -1.2 0.1
v -0.5 -1.1 0.1
v -0.5 -1.2 0.1
v -0.4 -1.2 0.1
v -0.4 -1.1 0.1
v -0.5 -1.2 0
v -0.5 -1.1 0
v -0.4 -1.1 0
v -0.4 -1.2 0
v -0.5 -1.2 0.1
v -0.5 -1.2 0
v -0.4 -1.2 0
v -0.4 -1.2 0.1
v -0.3 -1.2 0.1
v -0.3 -1.2 0
v -0.3 -1.1 0
v -0.3 -1.1 0.1
v -0.4 -1.1 0.1
v -0.4 -1.2 0.1
v -0.3 -1.2 0.1
v -0.3 -1.1 0.1
v -0.4 -1.2 0
v -0.4 -1.1 0
v -0.3 -1.1 0
v -0.3 -1.2 0
v -0.4 -1.2 0.1
v -0.4 -1.2 0
v -0.3 -1.2 0
v -0.3 -1.2 0.1
v -0.3 -1.1 0.4
v -0.3 -1.1 0.3
v -0.3 -1.2 0.3
v -0.3 -1.2 0.4
v -0.3 -1.1 0.4
v -0.3 -1.2 0.4
v -0.2 -1.2 0.4
v -0.2 -1.1 0.4
v -0.3 -1.2 0.3
v -0.3 -1.1 0.3
v -0.2 -1.1 0.3
v -0.2 -1.2 0.3
v -0.3 -1.2 0.4
v -0.3 -1.2 0.3
v -0.2 -1.2 0.3
v -0.2 -1.2 0.4
v -0.2 -1.1 0.4
v -0.2 -1.2 0.4
v -0.1 -1.2 0.4
v -0.1 -1.1 0.4
v -0.2 -1.2 0.3
v -0.2 -1.1 0.3
v -0.1 -1.1 0.3
v -0.1 -1.2 0.3
v -0.2 -1.2 0.4
v -0.2 -1.2 0.3
v -0.1 -1.2 0.3
v -0.1 -1.2 0.4
v -0.1 -1.1 0.4
v -0.1 -1.2 0.4
v 0 -1.2 0.4
v 0 -1.1 0.4
v -0.1 -1.2 0.3
v -0.1 -1.1 0.3
v 0 -1.1 0.3
v 0 -1.2 0.3
v -0.1 -1.2 0.4
v -0.1 -1.2 0.3
v 0 -1.2 0.3
v 0 -1.2 0.4
v 0 -1.1 0.4
v 0 -1.2 0.4
v 0.1 -1.2 0.4
v 0.1 -1.1 0.4
v 0 -1.2 0.3
v 0 -1.1 0.3
v 0.1 -1.1 0.3
v 0.1 -1.2 0.3
v 0 -1.2 0.4
v 0 -1.2 0.3
v 0.1 -1.2 0.3
v 0.1 -1.2 0.4
v 0.1 -1.1 0.4
v 0.1 -1.2 0.4
v 0.2 -1.2 0.4
v 0.2 -1.1 0.4
v 0.1 -1.2 0.3
v 0.1 -1.1 0.3
v 0.2 -1.1 0.3
v 0.2 -1.2 0.3
v 0.1 -1.2 0.4
v 0.1 -1.2 0.3
v 0.2 -1.2 0.3
v 0.2 -1.2 0.4
v 0.2 -1.1 0.4
v 0.2 -1.2 0.4
v 0.3 -1.2 0.4
v 0.3 -1.1 0.4
v 0.2 -1.2 0.3
v 0.2 -1.1 0.3
v 0.3 -1.1 0.3
v 0.3 -1.2 0.3
v 0.2 -1.2 0.4
v 0.2 -1.2 0.3
v 0.3 -1.2 0.3
v 0.3 -1.2 0.4
v 0.3 -1.1 0.4
v 0.3 -1.2 0.4
v 0.4 -1.2 0.4
v 0.4 -1.1 0.4
v 0.3 -1.2 0.3
v 0.3 -1.1 0.3
v 0.4 -1.1 0.3
v 0.4 -1.2 0.3
v 0.3 -1.2 0.4
v 0.3 -1.2 0.3
v 0.4 -1.2 0.3
v 0.4 -1.2 0.4
v 0.4 -1.1 0.4
v 0.4 -1.2 0.4
v 0.5 -1.2 0.4
v 0.5 -1.1 0.4
v 0.4 -1.2 0.3
v 0.4 -1.1 0.3
v 0.5 -1.1 0.3
v 0.5 -1.2 0.3
v 0.4 -1.2 0.4
v 0.4 -1.2 0.3
v 0.5 -1.2 0.3
v 0.5 -1.2 0.4
v 0.5 -1.1 0.4
v 0.5 -1.2 0.4
v 0.6 -1.2 0.4
v 0.6 -1.1 0.4
v 0.5 -1.2 0.3
v 0.5 -1.1 0.3
v 0.6 -1.1 0.3
v 0.6 -1.2 0.3
v 0.5 -1.2 0.4
v 0.5 -1.2 0.3
v 0.6 -1.2 0.3
v 0.6 -1.2 0.4
v 0.6 -1.1 0.4
v 0.6 -1.2 0.4
v 0.7 -1.2 0.4
v 0.7 -1.1 0.4
v 0.6 -1.2 0.3
v 0.6 -1.1 0.3
v 0.7 -1.1 0.3
v 0.7 -1.2 0.3
v 0.6 -1.2 0.4
v 0.6 -1.2 0.3
v 0.7 -1.2 0.3
v 0.7 -1.2 0.4
v 0.7 -1.1 0.4
v 0.7 -1.2 0.4
v 0.8 -1.2 0.4
v 0.8 -1.1 0.4
v 0.7 -1.2 0.3
v 0.7 -1.1 0.3
v 0.8 -1.1 0.3
v 0.8 -1.2 0.3
v 0.7 -1.2 0.4
v 0.7 -1.2 0.3
v 0.8 -1.2 0.3
v 0.8 -1.2 0.4
v 0.8 -1.1 0.4
v 0.8 -1.2 0.4
v 0.9 -1.2 0.4
v 0.9 -1.1 0.4
v 0.8 -1.2 0.3
v 0.8 -1.1 0.3
v 0.9 -1.1 0.3
v 0.9 -1.2 0.3
v 0.8 -1.2 0.4
v 0.8 -1.2 0.3
v 0.9 -1.2 0.3
v 0.9 -1.2 0.4
v 0.9 -1.1 0.4
v 0.9 -1.2 0.4
v 1 -1.2 0.4
v 1 -1.1 0.4
v 0.9 -1.2 0.3
v 0.9 -1.1 0.3
v 1 -1.1 0.3
v 1 -1.2 0.3
v 0.9 -1.2 0.4
v 0.9 -1.2 0.3
v 1 -1.2 0.3
v 1 -1.2 0.4
v 1 -1.1 0.4
v 1 -1.2 0.4
v 1.1 -1.2 0.4
v 1.1 -1.1 0.4
v 1 -1.2 0.3
v 1 -1.1 0.3
v 1.1 -1.1 0.3
v 1.1 -1.2 0.3
v 1 -1.2 0.4
v 1 -1.2 0.3
v 1.1 -1.2 0.3
v 1.1 -1.2 0.4
v 1.2 -1.2 0.4
v 1.2 -1.2 0.3
v 1.2 -1.1 0.3
v 1.2 -1.1 0.4
v 1.1 -1.1 0.4
v 1.1 -1.2 0.4
v 1.2 -1.2 0.4
v 1.2 -1.1 0.4
v 1.1 -1.2 0.3
v 1.1 -1.1 0.3
v 1.2 -1.1 0.3
v 1.2 -1.2 0.3
v 1.1 -1.2 0.4
v 1.1 -1.2 0.3
v 1.2 -1.2 0.3
v 1.2 -1.2 0.4

# faces
f 1/5/1 2/5/1 3/5/1 4/5/1
f 5/5/3 6/5/3 7/5/3 8/5/3
f 9/5/4 10/5/4 11/5/4 12/5/4
f 13/5/6 14/5/6 15/5/6 16/5/6
f 17/5/3 18/5/3 19/5/3 20/5/3
f 21/5/4 22/5/4 23/5/4 24/5/4
f 25/5/6 26/5/6 27/5/6 28/5/6
f 29/5/3 30/5/3 31/5/3 32/5/3
f 33/5/4 34/5/4 35/5/4 36/5/4
f 37/5/6 38/5/6 39/5/6 40/5/6
f 41/5/3 42/5/3 43/5/3 44/5/3
f 45/5/4 46/5/4 47/5/4 48/5/4
f 49/5/6 50/5/6 51/5/6 52/5/6
f 53/5/3 54/5/3 55/5/3 56/5/3
f 57/5/4 58/5/4 59/5/4 60/5/4
f 61/5/6 62/5/6 63/5/6 64/5/6
f 65/5/3 66/5/3 67/5/3 68/5/3
f 69/5/4 70/5/4 71/5/4 72/5/4
f 73/5/6 74/5/6 75/5/6 76/5/6
f 77/5/3 78/5/3 79/5/3 80/5/3
f 81/5/4 82/5/4 83/5/4 84/5/4
f 85/5/6 86/5/6 87/5/6 88/5/6
f 89/5/3 90/5/3 91/5/3 92/5/3
f 93/5/4 94/5/4 95/5/4 96/5/4
f 97/5/6 98/5/6 99/5/6 100/5/6
f 101/5/3 102/5/3 103/5/3 104/5/3
f 105/5/4 106/5/4 107/5/4 108/5/4
f 109/5/6 110/5/6 111/5/6 112/5/6
f 113/5/3 114/5/3 115/5/3 116/5/3
f 117/5/4 118/5/4 119/5/4 120/5/4
f 121/5/6 122/5/6 123/5/6 124/5/6
f 125/5/3 126/5/3 127/5/3 128/5/3
f 129/5/4 130/5/4 131/5/4 132/5/4
f 133/5/6 134/5/6 135/5/6 136/5/6
f 137/5/3 138/5/3 139/5/3 140/5/3
f 141/5/4 142/5/4 143/5/4 144/5/4
f 145/5/6 146/5/6 147/5/6 148/5/6
f 149/5/3 150/5/3 151/5/3 152/5/3
f 153/5/4 154/5/4 155/5/4 156/5/4
f 157/5/6 158/5/6 159/5/6 160/5/6
f 161/5/3 162/5/3 163/5/3 164/5/3
f 165/5/4 166/5/4 167/5/4 168/5/4
f 169/5/6 170/5/6 171/5/6 172/5/6
f 173/5/3 174/5/3 175/5/3 176/5/3
f 177/5/4 178/5/4 179/5/4 180/5/4
f 181/5/6 182/5/6 183/5/6 184/5/6
f 185/5/3 186/5/3 187/5/3 188/5/3
f 189/5/4 190/5/4 191/5/4 192/5/4
f 193/5/6 194/5/6 195/5/6 196/5/6
f 197/5/3 198/5/3 199/5/3 200/5/3
f 201/5/4 202/5/4 203/5/4 204/5/4
f 205/5/6 206/5/6 207/5/6 208/5/6
f 209/5/3 210/5/3 211/5/3 212/5/3
f 213/5/4 214/5/4 215/5/4 216/5/4
f 217/5/6 218/5/6 219/5/6 220/5/6
f 221/5/3 222/5/3 223/5/3 224/5/3
f 225/5/4 226/5/4 227/5/4 228/5/4
f 229/5/6 230/5/6 231/5/6 232/5/6
f 233/5/3 234/5/3 235/5/3 236/5/3
f 237/5/4 238/5/4 239/5/4 240/5/4
f 241/5/6 242/5/6 243/5/6 244/5/6
f 245/5/3 246/5/3 247/5/3 248/5/3
f 249/5/4 250/5/4 251/5/4 252/5/4
f 253/5/6 254/5/6 255/5/6 256/5/6
f 257/5/3 258/5/3 259/5/3 260/5/3
f 261/5/4 262/5/4 263/5/4 264/5/4
f 265/5/6 266/5/6 267/5/6 268/5/6
f 269/5/3 270/5/3 271/5/3 272/5/3
f 273/5/4 274/5/4 275/5/4 276/5/4
f 277/5/6 278/5/6 279/5/6 280/5/6
f 281/5/2 282/5/2 283/5/2 284/5/2
f 285/5/3 286/5/3 287/5/3 288/5/3
f 289/5/4 290/5/4 291/5/4 292/5/4
f 293/5/6 294/5/6 295/5/6 296/5/6
f 297/5/1 298/5/1 299/5/1 300/5/1
f 301/5/3 302/5/3 303/5/3 304/5/3
f 305/5/4 306/5/4 307/5/4 308/5/4
f 309/5/3 310/5/3 311/5/3 312/5/3
f 313/5/4 314/5/4 315/5/4 316/5/4
f 317/5/3 318/5/3 319/5/3 320/5/3
f 321/5/4 322/5/4 323/5/4 324/5/4
f 325/5/3 326/5/3 327/5/3 328/5/3
f 329/5/4 330/5/4 331/5/4 332/5/4
f 333/5/3 334/5/3 335/5/3 336/5/3
f 337/5/4 338/5/4 339/5/4 340/5/4
f 341/5/3 342/5/3 343/5/3 344/5/3
f 345/5/4 346/5/4 347/5/4 348/5/4
f 349/5/3 350/5/3 351/5/3 352/5/3
f 353/5/4 354/5/4 355/5/4 356/5/4
f 357/5/3 358/5/3 359/5/3 360/5/3
f 361/5/4 362/5/4 363/5/4 364/5/4
f 365/5/3 366/5/3 367/5/3 368/5/3
f 369/5/4 370/5/4 371/5/4 372/5/4
f 373/5/3 374/5/3 375/5/3 376/5/3
f 377/5/4 378/5/4 379/5/4 380/5/4
f 381/5/3 382/5/3 383/5/3 384/5/3
f 385/5/4 386/5/4 387/5/4 388/5/4
f 389/5/3 390/5/3 391/5/3 392/5/3
f 393/5/4 394/5/4 395/5/4 396/5/4
f 397/5/3 398/5/3 399/5/3 400/5/3
f 401/5/4 402/5/4 403/5/4 404/5/4
f 405/5/3 406/5/3 407/5/3 408/5/3
f 409/5/4 410/5/4 411/5/4 412/5/4
f 413/5/3 414/5/3 415/5/3 416/5/3
f 417/5/4 418/5/4 419/5/4 420/5/4
f 421/5/3 422/5/3 423/5/3 424/5/3
f 425/5/4 426/5/4 427/5/4 428/5/4
f 429/5/3 430/5/3 431/5/3 432/5/3
f 433/5/4 434/5/4 435/5/4 436/5/4
f 437/5/3 438/5/3 439/5/3 440/5/3
f 441/5/4 442/5/4 443/5/4 444/5/4
f 445/5/3 446/5/3 447/5/3 448/5/3
f 449/5/4 450/5/4 451/5/4 452/5/4
f 453/5/3 454/5/3 455/5/3 456/5/3
f 457/5/4 458/5/4 459/5/4 460/5/4
f 461/5/3 462/5/3 463/5/3 464/5/3
f 465/5/4 466/5/4 467/5/4 468/5/4
f 469/5/3 470/5/3 471/5/3 472/5/3
f 473/5/4 474/5/4 475/5/4 476/5/4
f 477/5/3 478/5/3 479/5/3 480/5/3
f 481/5/4 482/5/4 483/5/4 484/5/4
f 485/5/2 486/5/2 487/5/2 488/5/2
f 489/5/3 490/5/3 491/5/3 492/5/3
f 493/5/4 494/5/4 495/5/4 496/5/4
f 497/5/1 498/5/1 499/5/1 500/5/1
f 501/5/3 502/5/3 503/5/3 504/5/3
f 505/5/4 506/5/4 507/5/4 508/5/4
f 509/5/3 510/5/3 511/5/3 512/5/3
f 513/5/4 514/5/4 515/5/4 516/5/4
f 517/5/3 518/5/3 519/5/3 520/5/3
f 521/5/4 522/5/4 523/5/4 524/5/4
f 525/5/3 526/5/3 527/5/3 528/5/3
f 529/5/4 530/5/4 531/5/4 532/5/4
f 533/5/3 534/5/3 535/5/3 536/5/3
f 537/5/4 538/5/4 539/5/4 540/5/4
f 541/5/3 542/5/3 543/5/3 544/5/3
f 545/5/4 546/5/4 547/5/4 548/5/4
f 549/5/3 550/5/3 551/5/3 552/5/3
f 553/5/4 554/5/4 555/5/4 556/5/4
f 557/5/3 558/5/3 559/5/3 560/5/3
f 561/5/4 562/5/4 563/5/4 564/5/4
f 565/5/3 566/5/3 567/5/3 568/5/3
f 569/5/4 570/5/4 571/5/4 572/5/4
f 573/5/3 574/5/3 575/5/3 576/5/3
f 577/5/4 578/5/4 579/5/4 580/5/4
f 581/5/3 582/5/3 583/5/3 584/5/3
f 585/5/4 586/5/4 587/5/4 588/5/4
f 589/5/3 590/5/3 591/5/3 592/5/3
f 593/5/4 594/5/4 595/5/4 596/5/4
f 597/5/3 598/5/3 599/5/3 600/5/3
f 601/5/4 602/5/4 603/5/4 604/5/4
f 605/5/3 606/5/3 607/5/3 608/5/3
f 609/5/4 610/5/4 611/5/4 612/5/4
f 613/5/3 614/5/3 615/5/3 616/5/3
f 617/5/4 618/5/4 619/5/4 620/5/4
f 621/5/3 622/5/3 623/5/3 624/5/3
f 625/5/4 626/5/4 627/5/4 628/5/4
f 629/5/3 630/5/3 631/5/3 632/5/3
f 633/5/4 634/5/4 635/5/4 636/5/4
f 637/5/3 638/5/3 639/5/3 640/5/3
f 641/5/4 642/5/4 643/5/4 644/5/4
f 645/5/3 646/5/3 647/5/3 648/5/3
f 649/5/4 650/5/4 651/5/4 652/5/4
f 653/5/3 654/5/3 655/5/3 656/5/3
f 657/5/4 658/5/4 659/5/4 660/5/4
f 661/5/3 662/5/3 663/5/3 664/5/3
f 665/5/4 666/5/4 667/5/4 668/5/4
f 669/5/3 670/5/3 671/5/3 672/5/3
f 673/5/4 674/5/4 675/5/4 676/5/4
f 677/5/3 678/5/3 679/5/3 680/5/3
f 681/5/4 682/5/4 683/5/4 684/5/4
f 685/5/2 686/5/2 687/5/2 688/5/2
f 689/5/3 690/5/3 691/5/3 692/5/3
f 693/5/4 694/5/4 695/5/4 696/5/4
f 697/5/1 698/5/1 699/5/1 700/5/1
f 701/5/3 702/5/3 703/5/3 704/5/3
f 705/5/4 706/5/4 707/5/4 708/5/4
f 709/5/3 710/5/3 711/5/3 712/5/3
f 713/5/4 714/5/4 715/5/4 716/5/4
f 717/5/3 718/5/3 719/5/3 720/5/3
f 721/5/4 722/5/4 723/5/4 724/5/4
f 725/5/3 726/5/3 727/5/3 728/5/3
f 729/5/4 730/5/4 731/5/4 732/5/4
f 733/5/3 734/5/3 735/5/3 736/5/3
f 737/5/4 738/5/4 739/5/4 740/5/4
f 741/5/3 742/5/3 743/5/3 744/5/3
f 745/5/4 746/5/4 747/5/4 748/5/4
f 749/5/3 750/5/3 751/5/3 752/5/3
f 753/5/4 754/5/4 755/5/4 756/5/4
f 757/5/3 758/5/3 759/5/3 760/5/3
f 761/5/4 762/5/4 763/5/4 764/5/4
f 765/5/3 766/5/3 767/5/3 768/5/3
f 769/5/4 770/5/4 771/5/4 772/5/4
f 773/5/3 774/5/3 775/5/3 776/5/3
f 777/5/4 778/5/4 779/5/4 780/5/4
f 781/5/3 782/5/3 783/5/3 784/5/3
f 785/5/4 786/5/4 787/5/4 788/5/4
f 789/5/3 790/5/3 791/5/3 792/5/3
f 793/5/4 794/5/4 795/5/4 796/5/4
f 797/5/3 798/5/3 799/5/3 800/5/3
f 801/5/4 802/5/4 803/5/4 804/5/4
f 805/5/3 806/5/3 807/5/3 808/5/3
f 809/5/4 810/5/4 811/5/4 812/5/4
f 813/5/3 814/5/3 815/5/3 816/5/3
f 817/5/4 818/5/4 819/5/4 820/5/4
f 821/5/3 822/5/3 823/5/3 824/5/3
f 825/5/4 826/5/4 827/5/4 828/5/4
f 829/5/3 830/5/3 831/5/3 832/5/3
f 833/5/4 834/5/4 835/5/4 836/5/4
f 837/5/3 838/5/3 839/5/3 840/5/3
f 841/5/4 842/5/4 843/5/4 844/5/4
f 845/5/3 846/5/3 847/5/3 848/5/3
f 849/5/4 850/5/4 851/5/4 852/5/4
f 853/5/3 854/5/3 855/5/3 856/5/3
f 857/5/4 858/5/4 859/5/4 860/5/4
f 861/5/3 862/5/3 863/5/3 864/5/3
f 865/5/4 866/5/4 867/5/4 868/5/4
f 869/5/3 870/5/3 871/5/3 872/5/3
f 873/5/4 874/5/4 875/5/4 876/5/4
f 877/5/3 878/5/3 879/5/3 880/5/3
f 881/5/4 882/5/4 883/5/4 884/5/4
f 885/5/2 886/5/2 887/5/2 888/5/2
f 889/5/3 890/5/3 891/5/3 892/5/3
f 893/5/4 894/5/4 895/5/4 896/5/4
f 897/5/1 898/5/1 899/5/1 900/5/1
f 901/5/3 902/5/3 903/5/3 904/5/3
f 905/5/4 906/5/4 907/5/4 908/5/4
f 909/5/3 910/5/3 911/5/3 912/5/3
f 913/5/4 914/5/4 915/5/4 916/5/4
f 917/5/3 918/5/3 919/5/3 920/5/3
f 921/5/4 922/5/4 923/5/4 924/5/4
f 925/5/3 926/5/3 927/5/3 928/5/3
f 929/5/4 930/5/4 931/5/4 932/5/4
f 933/5/3 934/5/3 935/5/3 936/5/3
f 937/5/4 938/5/4 939/5/4 940/5/4
f 941/5/3 942/5/3 943/5/3 944/5/3
f 945/5/4 946/5/4 947/5/4 948/5/4
f 949/5/3 950/5/3 951/5/3 952/5/3
f 953/5/4 954/5/4 955/5/4 956/5/4
f 957/5/3 958/5/3 959/5/3 960/5/3
f 961/5/4 962/5/4 963/5/4 964/5/4
f 965/5/3 966/5/3 967/5/3 968/5/3
f 969/5/4 970/5/4 971/5/4 972/5/4
f 973/5/3 974/5/3 975/5/3 976/5/3
f 977/5/4 978/5/4 979/5/4 980/5/4
f 981/5/3 982/5/3 983/5/3 984/5/3
f 985/5/4 986/5/4 987/5/4 988/5/4
f 989/5/3 990/5/3 991/5/3 992/5/3
f 993/5/4 994/5/4 995/5/4 996/5/4
f 997/5/3 998/5/3 999/5/3 1000/5/3
f 1001/5/4 1002/5/4 1003/5/4 1004/5/4
f 1005/5/3 1006/5/3 1007/5/3 1008/5/3
f 1009/5/4 1010/5/4 1011/5/4 1012/5/4
f 1013/5/3 1014/5/3 1015/5/3 1016/5/3
f 1017/5/4 1018/5/4 1019/5/4 1020/5/4
f 1021/5/3 1022/5/3 1023/5/3 1024/5/3
f 1025/5/4 1026/5/4 1027/5/4 1028/5/4
f 1029/5/3 1030/5/3 1031/5/3 1032/5/3
f 1033/5/4 1034/5/4 1035/5/4 1036/5/4
f 1037/5/3 1038/5/3 1039/5/3 1040/5/3
f 1041/5/4 1042/5/4 1043/5/4 1044/5/4
f 1045/5/3 1046/5/3 1047/5/3 1048/5/3
f 1049/5/4 1050/5/4 1051/5/4 1052/5/4
f 1053/5/3 1054/5/3 1055/5/3 1056/5/3
f 1057/5/4 1058/5/4 1059/5/4 1060/5/4
f 1061/5/3 1062/5/3 1063/5/3 1064/5/3
f 1065/5/4 1066/5/4 1067/5/4 1068/5/4
f 1069/5/3 1070/5/3 1071/5/3 1072/5/3
f 1073/5/4 1074/5/4 1075/5/4 1076/5/4
f 1077/5/3 1078/5/3 1079/5/3 1080/5/3
f 1081/5/4 1082/5/4 1083/5/4 1084/5/4
f 1085/5/2 1086/5/2 1087/5/2 1088/5/2
f 1089/5/3 1090/5/3 1091/5/3 1092/5/3
f 1093/5/4 1094/5/4 1095/5/4 1096/5/4
f 1097/5/1 1098/5/1 1099/5/1 1100/5/1
f 1101/5/3 1102/5/3 1103/5/3 1104/5/3
f 1105/5/4 1106/5/4 1107/5/4 1108/5/4
f 1109/5/3 1110/5/3 1111/5/3 1112/5/3
f 1113/5/4 1114/5/4 1115/5/4 1116/5/4
f 1117/5/3 1118/5/3 1119/5/3 1120/5/3
f 1121/5/4 1122/5/4 1123/5/4 1124/5/4
f 1125/5/3 1126/5/3 1127/5/3 1128/5/3
f 1129/5/4 1130/5/4 1131/5/4 1132/5/4
f 1133/5/3 1134/5/3 1135/5/3 1136/5/3
f 1137/5/4 1138/5/4 1139/5/4 1140/5/4
f 1141/5/3 1142/5/3 1143/5/3 1144/5/3
f 1145/5/4 1146/5/4 1147/5/4 1148/5/4
f 1149/5/3 1150/5/3 1151/5/3 1152/5/3
f 1153/5/4 1154/5/4 1155/5/4 1156/5/4
f 1157/5/3 1158/5/3 1159/5/3 1160/5/3
f 1161/5/4 1162/5/4 1163/5/4 1164/5/4
f 1165/5/3 1166/5/3 1167/5/3 1168/5/3
f 1169/5/4 1170/5/4 1171/5/4 1172/5/4
f 1173/5/3 1174/5/3 1175/5/3 1176/5/3
f 1177/5/4 1178/5/4 1179/5/4 1180/5/4
f 1181/5/3 1182/5/3 1183/5/3 1184/5/3
f 1185/5/4 1186/5/4 1187/5/4 1188/5/4
f 1189/5/3 1190/5/3 1191/5/3 1192/5/3
f 1193/5/4 1194/5/4 1195/5/4 1196/5/4
f 1197/5/3 1198/5/3 1199/5/3 1200/5/3
f 1201/5/4 1202/5/4 1203/5/4 1204/5/4
f 1205/5/3 1206/5/3 1207/5/3 1208/5/3
f 1209/5/4 1210/5/4 1211/5/4 1212/5/4
f 1213/5/3 1214/5/3 1215/5/3 1216/5/3
f 1217/5/4 1218/5/4 1219/5/4 1220/5/4
f 1221/5/3 1222/5/3 1223/5/3 1224/5/3
f 1225/5/4 1226/5/4 1227/5/4 1228/5/4
f 1229/5/3 1230/5/3 1231/5/3 1232/5/3
f 1233/5/4 1234/5/4 1235/5/4 1236/5/4
f 1237/5/3 1238/5/3 1239/5/3 1240/5/3
f 1241/5/4 1242/5/4 1243/5/4 1244/5/4
f 1245/5/3 1246/5/3 1247/5/3 1248/5/3
f 1249/5/4 1250/5/4 1251/5/4 1252/5/4
f 1253/5/3 1254/5/3 1255/5/3 1256/5/3
f 1257/5/4 1258/5/4 1259/5/4 1260/5/4
f 1261/5/3 1262/5/3 1263/5/3 1264/5/3
f 1265/5/4 1266/5/4 1267/5/4 1268/5/4
f 1269/5/3 1270/5/3 1271/5/3 1272/5/3
f 1273/5/4 1274/5/4 1275/5/4 1276/5/4
f 1277/5/3 1278/5/3 1279/5/3 1280/5/3
f 1281/5/4 1282/5/4 1283/5/4 1284/5/4
f 1285/5/2 1286/5/2 1287/5/2 1288/5/2
f 1289/5/3 1290/5/3 1291/5/3 1292/5/3
f 1293/5/4 1294/5/4 1295/5/4 1296/5/4
f 1297/5/1 1298/5/1 1299/5/1 1300/5/1
f 1301/5/3 1302/5/3 1303/5/3 1304/5/3
f 1305/5/4 1306/5/4 1307/5/4 1308/5/4
f 1309/5/3 1310/5/3 1311/5/3 1312/5/3
f 1313/5/4 1314/5/4 1315/5/4 1316/5/4
f 1317/5/3 1318/5/3 1319/5/3 1320/5/3
f 1321/5/4 1322/5/4 1323/5/4 1324/5/4
f 1325/5/3 1326/5/3 1327/5/3 1328/5/3
f 1329/5/4 1330/5/4 1331/5/4 1332/5/4
f 1333/5/3 1334/5/3 1335/5/3 1336/5/3
f 1337/5/4 1338/5/4 1339/5/4 1340/5/4
f 1341/5/3 1342/5/3 1343/5/3 1344/5/3
f 1345/5/4 1346/5/4 1347/5/4 1348/5/4
f 1349/5/3 1350/5/3 1351/5/3 1352/5/3
f 1353/5/4 1354/5/4 1355/5/4 1356/5/4
f 1357/5/3 1358/5/3 1359/5/3 1360/5/3
f 1361/5/4 1362/5/4 1363/5/4 1364/5/4
f 1365/5/3 1366/5/3 1367/5/3 1368/5/3
f 1369/5/4 1370/5/4 1371/5/4 1372/5/4
f 1373/5/3 1374/5/3 1375/5/3 1376/5/3
f 1377/5/4 1378/5/4 1379/5/4 1380/5/4
f 1381/5/3 1382/5/3 1383/5/3 1384/5/3
f 1385/5/4 1386/5/4 1387/5/4 1388/5/4
f 1389/5/3 1390/5/3 1391/5/3 1392/5/3
f 1393/5/4 1394/5/4 1395/5/4 1396/5/4
f 1397/5/3 1398/5/3 1399/5/3 1400/5/3
f 1401/5/4 1402/5/4 1403/5/4 1404/5/4
f 1405/5/3 1406/5/3 1407/5/3 1408/5/3
f 1409/5/4 1410/5/4 1411/5/4 1412/5/4
f 1413/5/3 1414/5/3 1415/5/3 1416/5/3
f 1417/5/4 1418/5/4 1419/5/4 1420/5/4
f 1421/5/3 1422/5/3 1423/5/3 1424/5/3
f 1425/5/4 1426/5/4 1427/5/4 1428/5/4
f 1429/5/3 1430/5/3 1431/5/3 1432/5/3
f 1433/5/4 1434/5/4 1435/5/4 1436/5/4
f 1437/5/3 1438/5/3 1439/5/3 1440/5/3
f 1441/5/4 1442/5/4 1443/5/4 1444/5/4
f 1445/5/3 1446/5/3 1447/5/3 1448/5/3
f 1449/5/4 1450/5/4 1451/5/4 1452/5/4
f 1453/5/3 1454/5/3 1455/5/3 1456/5/3
f 1457/5/4 1458/5/4 1459/5/4 1460/5/4
f 1461/5/3 1462/5/3 1463/5/3 1464/5/3
f 1465/5/4 1466/5/4 1467/5/4 1468/5/4
f 1469/5/3 1470/5/3 1471/5/3 1472/5/3
f 1473/5/4 1474/5/4 1475/5/4 1476/5/4
f 1477/5/3 1478/5/3 1479/5/3 1480/5/3
f 1481/5/4 1482/5/4 1483/5/4 1484/5/4
f 1485/5/2 1486/5/2 1487/5/2 1488/5/2
f 1489/5/3 1490/5/3 1491/5/3 1492/5/3
f 1493/5/4 1494/5/4 1495/5/4 1496/5/4
f 1497/5/1 1498/5/1 1499/5/1 1500/5/1
f 1501/5/3 1502/5/3 1503/5/3 1504/5/3
f 1505/5/4 1506/5/4 1507/5/4 1508/5/4
f 1509/5/3 1510/5/3 1511/5/3 1512/5/3
f 1513/5/4 1514/5/4 1515/5/4 1516/5/4
f 1517/5/3 1518/5/3 1519/5/3 1520/5/3
f 1521/5/4 1522/5/4 1523/5/4 1524/5/4
f 1525/5/3 1526/5/3 1527/5/3 1528/5/3
f 1529/5/4 1530/5/4 1531/5/4 1532/5/4
f 1533/5/3 1534/5/3 1535/5/3 1536/5/3
f 1537/5/4 1538/5/4 1539/5/4 1540/5/4
f 1541/5/3 1542/5/3 1543/5/3 1544/5/3
f 1545/5/4 1546/5/4 1547/5/4 1548/5/4
f 1549/5/3 1550/5/3 1551/5/3 1552/5/3
f 1553/5/4 1554/5/4 1555/5/4 1556/5/4
f 1557/5/3 1558/5/3 1559/5/3 1560/5/3
f 1561/5/4 1562/5/4 1563/5/4 1564/5/4
f 1565/5/3 1566/5/3 1567/5/3 1568/5/3
f 1569/5/4 1570/5/4 1571/5/4 1572/5/4
f 1573/5/3 1574/5/3 1575/5/3 1576/5/3
f 1577/5/4 1578/5/4 1579/5/4 1580/5/4
f 1581/5/3 1582/5/3 1583/5/3 1584/5/3
f 1585/5/4 1586/5/4 1587/5/4 1588/5/4
f 1589/5/3 1590/5/3 1591/5/3 1592/5/3
f 1593/5/4 1594/5/4 1595/5/4 1596/5/4
f 1597/5/3 1598/5/3 1599/5/3 1600/5/3
f 1601/5/4 1602/5/4 1603/5/4 1604/5/4
f 1605/5/3 1606/5/3 1607/5/3 1608/5/3
f 1609/5/4 1610/5/4 1611/5/4 1612/5/4
f 1613/5/3 1614/5/3 1615/5/3 1616/5/3
f 1617/5/4 1618/5/4 1619/5/4 1620/5/4
f 1621/5/3 1622/5/3 1623/5/3 1624/5/3
f 1625/5/4 1626/5/4 1627/5/4 1628/5/4
f 1629/5/3 1630/5/3 1631/5/3 1632/5/3
f 1633/5/4 1634/5/4 1635/5/4 1636/5/4
f 1637/5/3 1638/5/3 1639/5/3 1640/5/3
f 1641/5/4 1642/5/4 1643/5/4 1644/5/4
f 1645/5/3 1646/5/3 1647/5/3 1648/5/3
f 1649/5/4 1650/5/4 1651/5/4 1652/5/4
f 1653/5/3 1654/5/3 1655/5/3 1656/5/3
f 1657/5/4 1658/5/4 1659/5/4 1660/5/4
f 1661/5/3 1662/5/3 1663/5/3 1664/5/3
f 1665/5/4 1666/5/4 1667/5/4 1668/5/4
f 1669/5/3 1670/5/3 1671/5/3 1672/5/3
f 1673/5/4 1674/5/4 1675/5/4 1676/5/4
f 1677/5/3 1678/5/3 1679/5/3 1680/5/3
f 1681/5/4 1682/5/4 1683/5/4 1684/5/4
f 1685/5/2 1686/5/2 1687/5/2 1688/5/2
f 1689/5/3 1690/5/3 1691/5/3 1692/5/3
f 1693/5/4 1694/5/4 1695/5/4 1696/5/4
f 1697/5/1 1698/5/1 1699/5/1 1700/5/1
f 1701/5/3 1702/5/3 1703/5/3 1704/5/3
f 1705/5/4 1706/5/4 1707/5/4 1708/5/4
f 1709/5/3 1710/5/3 1711/5/3 1712/5/3
f 1713/5/4 1714/5/4 1715/5/4 1716/5/4
f 1717/5/3 1718/5/3 1719/5/3 1720/5/3
f 1721/5/4 1722/5/4 1723/5/4 1724/5/4
f 1725/5/3 1726/5/3 1727/5/3 1728/5/3
f 1729/5/4 1730/5/4 1731/5/4 1732/5/4
f 1733/5/3 1734/5/3 1735/5/3 1736/5/3
f 1737/5/4 1738/5/4 1739/5/4 1740/5/4
f 1741/5/3 1742/5/3 1743/5/3 1744/5/3
f 1745/5/4 1746/5/4 1747/5/4 1748/5/4
f 1749/5/3 1750/5/3 1751/5/3 1752/5/3
f 1753/5/4 1754/5/4 1755/5/4 1756/5/4
f 1757/5/3 1758/5/3 1759/5/3 1760/5/3
f 1761/5/4 1762/5/4 1763/5/4 1764/5/4
f 1765/5/3 1766/5/3 1767/5/3 1768/5/3
f 1769/5/4 1770/5/4 1771/5/4 1772/5/4
f 1773/5/3 1774/5/3 1775/5/3 1776/5/3
f 1777/5/4 1778/5/4 1779/5/4 1780/5/4
f 1781/5/5 1782/5/5 1783/5/5 1784/5/5
f 1785/5/3 1786/5/3 1787/5/3 1788/5/3
f 1789/5/4 1790/5/4 1791/5/4 1792/5/4
f 1793/5/5 1794/5/5 1795/5/5 1796/5/5
f 1797/5/3 1798/5/3 1799/5/3 1800/5/3
f 1801/5/4 1802/5/4 1803/5/4 1804/5/4
f 1805/5/5 1806/5/5 1807/5/5 1808/5/5
f 1809/5/3 1810/5/3 1811/5/3 1812/5/3
f 1813/5/4 1814/5/4 1815/5/4 1816/5/4
f 1817/5/5 1818/5/5 1819/5/5 1820/5/5
f 1821/5/3 1822/5/3 1823/5/3 1824/5/3
f 1825/5/4 1826/5/4 1827/5/4 1828/5/4
f 1829/5/5 1830/5/5 1831/5/5 1832/5/5
f 1833/5/3 1834/5/3 1835/5/3 1836/5/3
f 1837/5/4 1838/5/4 1839/5/4 1840/5/4
f 1841/5/5 1842/5/5 1843/5/5 1844/5/5
f 1845/5/3 1846/5/3 1847/5/3 1848/5/3
f 1849/5/4 1850/5/4 1851/5/4 1852/5/4
f 1853/5/5 1854/5/5 1855/5/5 1856/5/5
f 1857/5/3 1858/5/3 1859/5/3 1860/5/3
f 1861/5/4 1862/5/4 1863/5/4 1864/5/4
f 1865/5/5 1866/5/5 1867/5/5 1868/5/5
f 1869/5/3 1870/5/3 1871/5/3 1872/5/3
f 1873/5/4 1874/5/4 1875/5/4 1876/5/4
f 1877/5/5 1878/5/5 1879/5/5 1880/5/5
f 1881/5/3 1882/5/3 1883/5/3 1884/5/3
f 1885/5/4 1886/5/4 1887/5/4 1888/5/4
f 1889/5/5 1890/5/5 1891/5/5 1892/5/5
f 1893/5/3 1894/5/3 1895/5/3 1896/5/3
f 1897/5/4 1898/5/4 1899/5/4 1900/5/4
f 1901/5/5 1902/5/5 1903/5/5 1904/5/5
f 1905/5/3 1906/5/3 1907/5/3 1908/5/3
f 1909/5/4 1910/5/4 1911/5/4 1912/5/4
f 1913/5/5 1914/5/5 1915/5/5 1916/5/5
f 1917/5/3 1918/5/3 1919/5/3 1920/5/3
f 1921/5/4 1922/5/4 1923/5/4 1924/5/4
f 1925/5/5 1926/5/5 1927/5/5 1928/5/5
f 1929/5/3 1930/5/3 1931/5/3 1932/5/3
f 1933/5/4 1934/5/4 1935/5/4 1936/5/4
f 1937/5/5 1938/5/5 1939/5/5 1940/5/5
f 1941/5/2 1942/5/2 1943/5/2 1944/5/2
f 1945/5/3 1946/5/3 1947/5/3 1948/5/3
f 1949/5/4 1950/5/4 1951/5/4 1952/5/4
f 1953/5/5 1954/5/5 1955/5/5 1956/5/5
f 1957/5/1 1958/5/1 1959/5/1 1960/5/1
f 1961/5/3 1962/5/3 1963/5/3 1964/5/3
f 1965/5/4 1966/5/4 1967/5/4 1968/5/4
f 1969/5/3 1970/5/3 1971/5/3 1972/5/3
f 1973/5/4 1974/5/4 1975/5/4 1976/5/4
f 1977/5/3 1978/5/3 1979/5/3 1980/5/3
f 1981/5/4 1982/5/4 1983/5/4 1984/5/4
f 1985/5/3 1986/5/3 1987/5/3 1988/5/3
f 1989/5/4 1990/5/4 1991/5/4 1992/5/4
f 1993/5/3 1994/5/3 1995/5/3 1996/5/3
f 1997/5/4 1998/5/4 1999/5/4 2000/5/4
f 2001/5/3 2002/5/3 2003/5/3 2004/5/3
f 2005/5/4 2006/5/4 2007/5/4 2008/5/4
f 2009/5/3 2010/5/3 2011/5/3 2012/5/3
f 2013/5/4 2014/5/4 2015/5/4 2016/5/4
f 2017/5/3 2018/5/3 2019/5/3 2020/5/3
f 2021/5/4 2022/5/4 2023/5/4 2024/5/4
f 2025/5/2 2026/5/2 2027/5/2 2028/5/2
f 2029/5/3 2030/5/3 2031/5/3 2032/5/3
f 2033/5/4 2034/5/4 2035/5/4 2036/5/4
f 2037/4/1 2038/4/1 2039/4/1 2040/4/1
f 2041/4/3 2042/4/3 2043/4/3 2044/4/3
f 2045/4/4 2046/4/4 2047/4/4 2048/4/4
f 2049/4/6 2050/4/6 2051/4/6 2052/4/6
f 2053/3/3 2054/3/3 2055/3/3 2056/3/3
f 2057/3/4 2058/3/4 2059/3/4 2060/3/4
f 2061/3/6 2062/3/6 2063/3/6 2064/3/6
f 2065/6/3 2066/6/3 2067/6/3 2068/6/3
f 2069/6/4 2070/6/4 2071/6/4 2072/6/4
f 2073/6/6 2074/6/6 2075/6/6 2076/6/6
f 2077/10/3 2078/10/3 2079/10/3 2080/10/3
f 2081/10/4 2082/10/4 2083/10/4 2084/10/4
f 2085/10/6 2086/10/6 2087/10/6 2088/10/6
f 2089/3/3 2090/3/3 2091/3/3 2092/3/3
f 2093/3/4 2094/3/4 2095/3/4 2096/3/4
f 2097/3/6 2098/3/6 2099/3/6 2100/3/6
f 2101/6/3 2102/6/3 2103/6/3 2104/6/3
f 2105/6/4 2106/6/4 2107/6/4 2108/6/4
f 2109/6/6 2110/6/6 2111/6/6 2112/6/6
f 2113/6/3 2114/6/3 2115/6/3 2116/6/3
f 2117/6/4 2118/6/4 2119/6/4 2120/6/4
f 2121/6/6 2122/6/6 2123/6/6 2124/6/6
f 2125/10/3 2126/10/3 2127/10/3 2128/10/3
f 2129/10/4 2130/10/4 2131/10/4 2132/10/4
f 2133/10/6 2134/10/6 2135/10/6 2136/10/6
f 2137/3/3 2138/3/3 2139/3/3 2140/3/3
f 2141/3/4 2142/3/4 2143/3/4 2144/3/4
f 2145/3/6 2146/3/6 2147/3/6 2148/3/6
f 2149/6/3 2150/6/3 2151/6/3 2152/6/3
f 2153/6/4 2154/6/4 2155/6/4 2156/6/4
f 2157/6/6 2158/6/6 2159/6/6 2160/6/6
f 2161/6/3 2162/6/3 2163/6/3 2164/6/3
f 2165/6/4 2166/6/4 2167/6/4 2168/6/4
f 2169/6/6 2170/6/6 2171/6/6 2172/6/6
f 2173/10/3 2174/10/3 2175/10/3 2176/10/3
f 2177/10/4 2178/10/4 2179/10/4 2180/10/4
f 2181/10/6 2182/10/6 2183/10/6 2184/10/6
f 2185/3/3 2186/3/3 2187/3/3 2188/3/3
f 2189/3/4 2190/3/4 2191/3/4 2192/3/4
f 2193/3/6 2194/3/6 2195/3/6 2196/3/6
f 2197/6/3 2198/6/3 2199/6/3 2200/6/3
f 2201/6/4 2202/6/4 2203/6/4 2204/6/4
f 2205/6/6 2206/6/6 2207/6/6 2208/6/6
f 2209/6/2 2210/6/2 2211/6/2 2212/6/2
f 2213/6/3 2214/6/3 2215/6/3 2216/6/3
f 2217/6/4 2218/6/4 2219/6/4 2220/6/4
f 2221/6/6 2222/6/6 2223/6/6 2224/6/6
f 2225/5/1 2226/5/1 2227/5/1 2228/5/1
f 2229/5/3 2230/5/3 2231/5/3 2232/5/3
f 2233/5/4 2234/5/4 2235/5/4 2236/5/4
f 2237/5/3 2238/5/3 2239/5/3 2240/5/3
f 2241/5/4 2242/5/4 2243/5/4 2244/5/4
f 2245/5/3 2246/5/3 2247/5/3 2248/5/3
f 2249/5/4 2250/5/4 2251/5/4 2252/5/4
f 2253/5/3 2254/5/3 2255/5/3 2256/5/3
f 2257/5/4 2258/5/4 2259/5/4 2260/5/4
f 2261/5/3 2262/5/3 2263/5/3 2264/5/3
f 2265/5/4 2266/5/4 2267/5/4 2268/5/4
f 2269/5/3 2270/5/3 2271/5/3 2272/5/3
f 2273/5/4 2274/5/4 2275/5/4 2276/5/4
f 2277/5/3 2278/5/3 2279/5/3 2280/5/3
f 2281/5/4 2282/5/4 2283/5/4 2284/5/4
f 2285/5/3 2286/5/3 2287/5/3 2288/5/3
f 2289/5/4 2290/5/4 2291/5/4 2292/5/4
f 2293/5/2 2294/5/2 2295/5/2 2296/5/2
f 2297/5/3 2298/5/3 2299/5/3 2300/5/3
f 2301/5/4 2302/5/4 2303/5/4 2304/5/4
f 2305/9/1 2306/9/1 2307/9/1 2308/9/1
f 2309/9/3 2310/9/3 2311/9/3 2312/9/3
f 2313/9/4 2314/9/4 2315/9/4 2316/9/4
f 2317/7/3 2318/7/3 2319/7/3 2320/7/3
f 2321/7/4 2322/7/4 2323/7/4 2324/7/4
f 2325/10/3 2326/10/3 2327/10/3 2328/10/3
f 2329/10/4 2330/10/4 2331/10/4 2332/10/4
f 2333/9/3 2334/9/3 2335/9/3 2336/9/3
f 2337/9/4 2338/9/4 2339/9/4 2340/9/4
f 2341/7/3 2342/7/3 2343/7/3 2344/7/3
f 2345/7/4 2346/7/4 2347/7/4 2348/7/4
f 2349/7/3 2350/7/3 2351/7/3 2352/7/3
f 2353/7/4 2354/7/4 2355/7/4 2356/7/4
f 2357/10/3 2358/10/3 2359/10/3 2360/10/3
f 2361/10/4 2362/10/4 2363/10/4 2364/10/4
f 2365/9/3 2366/9/3 2367/9/3 2368/9/3
f 2369/9/4 2370/9/4 2371/9/4 2372/9/4
f 2373/7/3 2374/7/3 2375/7/3 2376/7/3
f 2377/7/4 2378/7/4 2379/7/4 2380/7/4
f 2381/7/3 2382/7/3 2383/7/3 2384/7/3
f 2385/7/4 2386/7/4 2387/7/4 2388/7/4
f 2389/10/3 2390/10/3 2391/10/3 2392/10/3
f 2393/10/4 2394/10/4 2395/10/4 2396/10/4
f 2397/9/3 2398/9/3 2399/9/3 2400/9/3
f 2401/9/4 2402/9/4 2403/9/4 2404/9/4
f 2405/7/3 2406/7/3 2407/7/3 2408/7/3
f 2409/7/4 2410/7/4 2411/7/4 2412/7/4
f 2413/7/3 2414/7/3 2415/7/3 2416/7/3
f 2417/7/4 2418/7/4 2419/7/4 2420/7/4
f 2421/10/2 2422/10/2 2423/10/2 2424/10/2
f 2425/10/3 2426/10/3 2427/10/3 2428/10/3
f 2429/10/4 2430/10/4 2431/10/4 2432/10/4
f 2433/5/1 2434/5/1 2435/5/1 2436/5/1
f 2437/5/3 2438/5/3 2439/5/3 2440/5/3
f 2441/5/4 2442/5/4 2443/5/4 2444/5/4
f 2445/5/3 2446/5/3 2447/5/3 2448/5/3
f 2449/5/4 2450/5/4 2451/5/4 2452/5/4
f 2453/5/3 2454/5/3 2455/5/3 2456/5/3
f 2457/5/4 2458/5/4 2459/5/4 2460/5/4
f 2461/5/3 2462/5/3 2463/5/3 2464/5/3
f 2465/5/4 2466/5/4 2467/5/4 2468/5/4
f 2469/5/3 2470/5/3 2471/5/3 2472/5/3
f 2473/5/4 2474/5/4 2475/5/4 2476/5/4
f 2477/5/3 2478/5/3 2479/5/3 2480/5/3
f 2481/5/4 2482/5/4 2483/5/4 2484/5/4
f 2485/5/3 2486/5/3 2487/5/3 2488/5/3
f 2489/5/4 2490/5/4 2491/5/4 2492/5/4
f 2493/5/3 2494/5/3 2495/5/3 2496/5/3
f 2497/5/4 2498/5/4 2499/5/4 2500/5/4
f 2501/5/2 2502/5/2 2503/5/2 2504/5/2
f 2505/5/3 2506/5/3 2507/5/3 2508/5/3
f 2509/5/4 2510/5/4 2511/5/4 2512/5/4
f 2513/9/1 2514/9/1 2515/9/1 2516/9/1
f 2517/9/3 2518/9/3 2519/9/3 2520/9/3
f 2521/9/4 2522/9/4 2523/9/4 2524/9/4
f 2525/9/3 2526/9/3 2527/9/3 2528/9/3
f 2529/9/4 2530/9/4 2531/9/4 2532/9/4
f 2533/4/3 2534/4/3 2535/4/3 2536/4/3
f 2537/4/4 2538/4/4 2539/4/4 2540/4/4
f 2541/9/3 2542/9/3 2543/9/3 2544/9/3
f 2545/9/4 2546/9/4 2547/9/4 2548/9/4
f 2549/9/3 2550/9/3 2551/9/3 2552/9/3
f 2553/9/4 2554/9/4 2555/9/4 2556/9/4
f 2557/4/3 2558/4/3 2559/4/3 2560/4/3
f 2561/4/4 2562/4/4 2563/4/4 2564/4/4
f 2565/9/3 2566/9/3 2567/9/3 2568/9/3
f 2569/9/4 2570/9/4 2571/9/4 2572/9/4
f 2573/9/3 2574/9/3 2575/9/3 2576/9/3
f 2577/9/4 2578/9/4 2579/9/4 2580/9/4
f 2581/9/3 2582/9/3 2583/9/3 2584/9/3
f 2585/9/4 2586/9/4 2587/9/4 2588/9/4
f 2589/4/3 2590/4/3 2591/4/3 2592/4/3
f 2593/4/4 2594/4/4 2595/4/4 2596/4/4
f 2597/9/3 2598/9/3 2599/9/3 2600/9/3
f 2601/9/4 2602/9/4 2603/9/4 2604/9/4
f 2605/9/3 2606/9/3 2607/9/3 2608/9/3
f 2609/9/4 2610/9/4 2611/9/4 2612/9/4
f 2613/9/3 2614/9/3 2615/9/3 2616/9/3
f 2617/9/4 2618/9/4 2619/9/4 2620/9/4
f 2621/4/3 2622/4/3 2623/4/3 2624/4/3
f 2625/4/4 2626/4/4 2627/4/4 2628/4/4
f 2629/9/2 2630/9/2 2631/9/2 2632/9/2
f 2633/9/3 2634/9/3 2635/9/3 2636/9/3
f 2637/9/4 2638/9/4 2639/9/4 2640/9/4
f 2641/5/1 2642/5/1 2643/5/1 2644/5/1
f 2645/5/3 2646/5/3 2647/5/3 2648/5/3
f 2649/5/4 2650/5/4 2651/5/4 2652/5/4
f 2653/5/3 2654/5/3 2655/5/3 2656/5/3
f 2657/5/4 2658/5/4 2659/5/4 2660/5/4
f 2661/5/3 2662/5/3 2663/5/3 2664/5/3
f 2665/5/4 2666/5/4 2667/5/4 2668/5/4
f 2669/5/3 2670/5/3 2671/5/3 2672/5/3
f 2673/5/4 2674/5/4 2675/5/4 2676/5/4
f 2677/5/3 2678/5/3 2679/5/3 2680/5/3
f 2681/5/4 2682/5/4 2683/5/4 2684/5/4
f 2685/5/3 2686/5/3 2687/5/3 2688/5/3
f 2689/5/4 2690/5/4 2691/5/4 2692/5/4
f 2693/5/3 2694/5/3 2695/5/3 2696/5/3
f 2697/5/4 2698/5/4 2699/5/4 2700/5/4
f 2701/5/3 2702/5/3 2703/5/3 2704/5/3
f 2705/5/4 2706/5/4 2707/5/4 2708/5/4
f 2709/5/2 2710/5/2 2711/5/2 2712/5/2
f 2713/5/3 2714/5/3 2715/5/3 2716/5/3
f 2717/5/4 2718/5/4 2719/5/4 2720/5/4
f 2721/4/1 2722/4/1 2723/4/1 2724/4/1
f 2725/4/3 2726/4/3 2727/4/3 2728/4/3
f 2729/4/4 2730/4/4 2731/4/4 2732/4/4
f 2733/10/3 2734/10/3 2735/10/3 2736/10/3
f 2737/10/4 2738/10/4 2739/10/4 2740/10/4
f 2741/6/3 2742/6/3 2743/6/3 2744/6/3
f 2745/6/4 2746/6/4 2747/6/4 2748/6/4
f 2749/2/3 2750/2/3 2751/2/3 2752/2/3
f 2753/2/4 2754/2/4 2755/2/4 2756/2/4
f 2757/8/3 2758/8/3 2759/8/3 2760/8/3
f 2761/8/4 2762/8/4 2763/8/4 2764/8/4
f 2765/7/3 2766/7/3 2767/7/3 2768/7/3
f 2769/7/4 2770/7/4 2771/7/4 2772/7/4
f 2773/5/3 2774/5/3 2775/5/3 2776/5/3
f 2777/5/4 2778/5/4 2779/5/4 2780/5/4
f 2781/7/3 2782/7/3 2783/7/3 2784/7/3
f 2785/7/4 2786/7/4 2787/7/4 2788/7/4
f 2789/10/3 2790/10/3 2791/10/3 2792/10/3
f 2793/10/4 2794/10/4 2795/10/4 2796/10/4
f 2797/5/3 2798/5/3 2799/5/3 2800/5/3
f 2801/5/4 2802/5/4 2803/5/4 2804/5/4
f 2805/1/3 2806/1/3 2807/1/3 2808/1/3
f 2809/1/4 2810/1/4 2811/1/4 2812/1/4
f 2813/8/3 2814/8/3 2815/8/3 2816/8/3
f 2817/8/4 2818/8/4 2819/8/4 2820/8/4
f 2821/1/3 2822/1/3 2823/1/3 2824/1/3
f 2825/1/4 2826/1/4 2827/1/4 2828/1/4
f 2829/7/3 2830/7/3 2831/7/3 2832/7/3
f 2833/7/4 2834/7/4 2835/7/4 2836/7/4
f 2837/8/2 2838/8/2 2839/8/2 2840/8/2
f 2841/8/3 2842/8/3 2843/8/3 2844/8/3
f 2845/8/4 2846/8/4 2847/8/4 2848/8/4
f 2849/5/1 2850/5/1 2851/5/1 2852/5/1
f 2853/5/3 2854/5/3 2855/5/3 2856/5/3
f 2857/5/4 2858/5/4 2859/5/4 2860/5/4
f 2861/5/3 2862/5/3 2863/5/3 2864/5/3
f 2865/5/4 2866/5/4 2867/5/4 2868/5/4
f 2869/5/3 2870/5/3 2871/5/3 2872/5/3
f 2873/5/4 2874/5/4 2875/5/4 2876/5/4
f 2877/5/3 2878/5/3 2879/5/3 2880/5/3
f 2881/5/4 2882/5/4 2883/5/4 2884/5/4
f 2885/5/3 2886/5/3 2887/5/3 2888/5/3
f 2889/5/4 2890/5/4 2891/5/4 2892/5/4
f 2893/5/3 2894/5/3 2895/5/3 2896/5/3
f 2897/5/4 2898/5/4 2899/5/4 2900/5/4
f 2901/5/3 2902/5/3 2903/5/3 2904/5/3
f 2905/5/4 2906/5/4 2907/5/4 2908/5/4
f 2909/5/3 2910/5/3 2911/5/3 2912/5/3
f 2913/5/4 2914/5/4 2915/5/4 2916/5/4
f 2917/5/2 2918/5/2 2919/5/2 2920/5/2
f 2921/5/3 2922/5/3 2923/5/3 2924/5/3
f 2925/5/4 2926/5/4 2927/5/4 2928/5/4
f 2929/7/1 2930/7/1 2931/7/1 2932/7/1
f 2933/7/3 2934/7/3 2935/7/3 2936/7/3
f 2937/7/4 2938/7/4 2939/7/4 2940/7/4
f 2941/7/3 2942/7/3 2943/7/3 2944/7/3
f 2945/7/4 2946/7/4 2947/7/4 2948/7/4
f 2949/6/3 2950/6/3 2951/6/3 2952/6/3
f 2953/6/4 2954/6/4 2955/6/4 2956/6/4
f 2957/2/3 2958/2/3 2959/2/3 2960/2/3
f 2961/2/4 2962/2/4 2963/2/4 2964/2/4
f 2965/8/3 2966/8/3 2967/8/3 2968/8/3
f 2969/8/4 2970/8/4 2971/8/4 2972/8/4
f 2973/7/3 2974/7/3 2975/7/3 2976/7/3
f 2977/7/4 2978/7/4 2979/7/4 2980/7/4
f 2981/5/3 2982/5/3 2983/5/3 2984/5/3
f 2985/5/4 2986/5/4 2987/5/4 2988/5/4
f 2989/7/3 2990/7/3 2991/7/3 2992/7/3
f 2993/7/4 2994/7/4 2995/7/4 2996/7/4
f 2997/7/3 2998/7/3 2999/7/3 3000/7/3
f 3001/7/4 3002/7/4 3003/7/4 3004/7/4
f 3005/5/3 3006/5/3 3007/5/3 3008/5/3
f 3009/5/4 3010/5/4 3011/5/4 3012/5/4
f 3013/1/3 3014/1/3 3015/1/3 3016/1/3
f 3017/1/4 3018/1/4 3019/1/4 3020/1/4
f 3021/7/3 3022/7/3 3023/7/3 3024/7/3
f 3025/7/4 3026/7/4 3027/7/4 3028/7/4
f 3029/1/3 3030/1/3 3031/1/3 3032/1/3
f 3033/1/4 3034/1/4 3035/1/4 3036/1/4
f 3037/1/3 3038/1/3 3039/1/3 3040/1/3
f 3041/1/4 3042/1/4 3043/1/4 3044/1/4
f 3045/8/2 3046/8/2 3047/8/2 3048/8/2
f 3049/8/3 3050/8/3 3051/8/3 3052/8/3
f 3053/8/4 3054/8/4 3055/8/4 3056/8/4
f 3057/5/1 3058/5/1 3059/5/1 3060/5/1
f 3061/5/3 3062/5/3 3063/5/3 3064/5/3
f 3065/5/4 3066/5/4 3067/5/4 3068/5/4
f 3069/5/3 3070/5/3 3071/5/3 3072/5/3
f 3073/5/4 3074/5/4 3075/5/4 3076/5/4
f 3077/5/3 3078/5/3 3079/5/3 3080/5/3
f 3081/5/4 3082/5/4 3083/5/4 3084/5/4
f 3085/5/3 3086/5/3 3087/5/3 3088/5/3
f 3089/5/4 3090/5/4 3091/5/4 3092/5/4
f 3093/5/3 3094/5/3 3095/5/3 3096/5/3
f 3097/5/4 3098/5/4 3099/5/4 3100/5/4
f 3101/5/3 3102/5/3 3103/5/3 3104/5/3
f 3105/5/4 3106/5/4 3107/5/4 3108/5/4
f 3109/5/3 3110/5/3 3111/5/3 3112/5/3
f 3113/5/4 3114/5/4 3115/5/4 3116/5/4
f 3117/5/3 3118/5/3 3119/5/3 3120/5/3
f 3121/5/4 3122/5/4 3123/5/4 3124/5/4
f 3125/5/2 3126/5/2 3127/5/2 3128/5/2
f 3129/5/3 3130/5/3 3131/5/3 3132/5/3
f 3133/5/4 3134/5/4 3135/5/4 3136/5/4
f 3137/4/1 3138/4/1 3139/4/1 3140/4/1
f 3141/4/3 3142/4/3 3143/4/3 3144/4/3
f 3145/4/4 3146/4/4 3147/4/4 3148/4/4
f 3149/7/3 3150/7/3 3151/7/3 3152/7/3
f 3153/7/4 3154/7/4 3155/7/4 3156/7/4
f 3157/3/3 3158/3/3 3159/3/3 3160/3/3
f 3161/3/4 3162/3/4 3163/3/4 3164/3/4
f 3165/4/3 3166/4/3 3167/4/3 3168/4/3
f 3169/4/4 3170/4/4 3171/4/4 3172/4/4
f 3173/8/3 3174/8/3 3175/8/3 3176/8/3
f 3177/8/4 3178/8/4 3179/8/4 3180/8/4
f 3181/10/3 3182/10/3 3183/10/3 3184/10/3
f 3185/10/4 3186/10/4 3187/10/4 3188/10/4
f 3189/5/3 3190/5/3 3191/5/3 3192/5/3
f 3193/5/4 3194/5/4 3195/5/4 3196/5/4
f 3197/7/3 3198/7/3 3199/7/3 3200/7/3
f 3201/7/4 3202/7/4 3203/7/4 3204/7/4
f 3205/7/3 3206/7/3 3207/7/3 3208/7/3
f 3209/7/4 3210/7/4 3211/7/4 3212/7/4
f 3213/5/3 3214/5/3 3215/5/3 3216/5/3
f 3217/5/4 3218/5/4 3219/5/4 3220/5/4
f 3221/7/3 3222/7/3 3223/7/3 3224/7/3
f 3225/7/4 3226/7/4 3227/7/4 3228/7/4
f 3229/1/3 3230/1/3 3231/1/3 3232/1/3
f 3233/1/4 3234/1/4 3235/1/4 3236/1/4
f 3237/1/3 3238/1/3 3239/1/3 3240/1/3
f 3241/1/4 3242/1/4 3243/1/4 3244/1/4
f 3245/1/3 3246/1/3 3247/1/3 3248/1/3
f 3249/1/4 3250/1/4 3251/1/4 3252/1/4
f 3253/8/2 3254/8/2 3255/8/2 3256/8/2
f 3257/8/3 3258/8/3 3259/8/3 3260/8/3
f 3261/8/4 3262/8/4 3263/8/4 3264/8/4
f 3265/5/1 3266/5/1 3267/5/1 3268/5/1
f 3269/5/3 3270/5/3 3271/5/3 3272/5/3
f 3273/5/4 3274/5/4 3275/5/4 3276/5/4
f 3277/5/3 3278/5/3 3279/5/3 3280/5/3
f 3281/5/4 3282/5/4 3283/5/4 3284/5/4
f 3285/5/3 3286/5/3 3287/5/3 3288/5/3
f 3289/5/4 3290/5/4 3291/5/4 3292/5/4
f 3293/5/3 3294/5/3 3295/5/3 3296/5/3
f 3297/5/4 3298/5/4 3299/5/4 3300/5/4
f 3301/5/3 3302/5/3 3303/5/3 3304/5/3
f 3305/5/4 3306/5/4 3307/5/4 3308/5/4
f 3309/5/3 3310/5/3 3311/5/3 3312/5/3
f 3313/5/4 3314/5/4 3315/5/4 3316/5/4
f 3317/5/3 3318/5/3 3319/5/3 3320/5/3
f 3321/5/4 3322/5/4 3323/5/4 3324/5/4
f 3325/5/3 3326/5/3 3327/5/3 3328/5/3
f 3329/5/4 3330/5/4 3331/5/4 3332/5/4
f 3333/5/2 3334/5/2 3335/5/2 3336/5/2
f 3337/5/3 3338/5/3 3339/5/3 3340/5/3
f 3341/5/4 3342/5/4 3343/5/4 3344/5/4
f 3345/9/1 3346/9/1 3347/9/1 3348/9/1
f 3349/9/3 3350/9/3 3351/9/3 3352/9/3
f 3353/9/4 3354/9/4 3355/9/4 3356/9/4
f 3357/4/3 3358/4/3 3359/4/3 3360/4/3
f 3361/4/4 3362/4/4 3363/4/4 3364/4/4
f 3365/10/3 3366/10/3 3367/10/3 3368/10/3
f 3369/10/4 3370/10/4 3371/10/4 3372/10/4
f 3373/5/3 3374/5/3 3375/5/3 3376/5/3
f 3377/5/4 3378/5/4 3379/5/4 3380/5/4
f 3381/5/3 3382/5/3 3383/5/3 3384/5/3
f 3385/5/4 3386/5/4 3387/5/4 3388/5/4
f 3389/5/3 3390/5/3 3391/5/3 3392/5/3
f 3393/5/4 3394/5/4 3395/5/4 3396/5/4
f 3397/5/3 3398/5/3 3399/5/3 3400/5/3
f 3401/5/4 3402/5/4 3403/5/4 3404/5/4
f 3405/7/3 3406/7/3 3407/7/3 3408/7/3
f 3409/7/4 3410/7/4 3411/7/4 3412/7/4
f 3413/7/3 3414/7/3 3415/7/3 3416/7/3
f 3417/7/4 3418/7/4 3419/7/4 3420/7/4
f 3421/9/3 3422/9/3 3423/9/3 3424/9/3
f 3425/9/4 3426/9/4 3427/9/4 3428/9/4
f 3429/7/3 3430/7/3 3431/7/3 3432/7/3
f 3433/7/4 3434/7/4 3435/7/4 3436/7/4
f 3437/8/3 3438/8/3 3439/8/3 3440/8/3
f 3441/8/4 3442/8/4 3443/8/4 3444/8/4
f 3445/7/3 3446/7/3 3447/7/3 3448/7/3
f 3449/7/4 3450/7/4 3451/7/4 3452/7/4
f 3453/1/3 3454/1/3 3455/1/3 3456/1/3
f 3457/1/4 3458/1/4 3459/1/4 3460/1/4
f 3461/7/2 3462/7/2 3463/7/2 3464/7/2
f 3465/7/3 3466/7/3 3467/7/3 3468/7/3
f 3469/7/4 3470/7/4 3471/7/4 3472/7/4
f 3473/5/1 3474/5/1 3475/5/1 3476/5/1
f 3477/5/3 3478/5/3 3479/5/3 3480/5/3
f 3481/5/4 3482/5/4 3483/5/4 3484/5/4
f 3485/5/3 3486/5/3 3487/5/3 3488/5/3
f 3489/5/4 3490/5/4 3491/5/4 3492/5/4
f 3493/5/3 3494/5/3 3495/5/3 3496/5/3
f 3497/5/4 3498/5/4 3499/5/4 3500/5/4
f 3501/5/3 3502/5/3 3503/5/3 3504/5/3
f 3505/5/4 3506/5/4 3507/5/4 3508/5/4
f 3509/5/3 3510/5/3 3511/5/3 3512/5/3
f 3513/5/4 3514/5/4 3515/5/4 3516/5/4
f 3517/5/3 3518/5/3 3519/5/3 3520/5/3
f 3521/5/4 3522/5/4 3523/5/4 3524/5/4
f 3525/5/3 3526/5/3 3527/5/3 3528/5/3
f 3529/5/4 3530/5/4 3531/5/4 3532/5/4
f 3533/5/3 3534/5/3 3535/5/3 3536/5/3
f 3537/5/4 3538/5/4 3539/5/4 3540/5/4
f 3541/5/2 3542/5/2 3543/5/2 3544/5/2
f 3545/5/3 3546/5/3 3547/5/3 3548/5/3
f 3549/5/4 3550/5/4 3551/5/4 3552/5/4
f 3553/4/1 3554/4/1 3555/4/1 3556/4/1
f 3557/4/3 3558/4/3 3559/4/3 3560/4/3
f 3561/4/4 3562/4/4 3563/4/4 3564/4/4
f 3565/10/3 3566/10/3 3567/10/3 3568/10/3
f 3569/10/4 3570/10/4 3571/10/4 3572/10/4
f 3573/6/3 3574/6/3 3575/6/3 3576/6/3
f 3577/6/4 3578/6/4 3579/6/4 3580/6/4
f 3581/7/3 3582/7/3 3583/7/3 3584/7/3
f 3585/7/4 3586/7/4 3587/7/4 3588/7/4
f 3589/7/3 3590/7/3 3591/7/3 3592/7/3
f 3593/7/4 3594/7/4 3595/7/4 3596/7/4
f 3597/7/3 3598/7/3 3599/7/3 3600/7/3
f 3601/7/4 3602/7/4 3603/7/4 3604/7/4
f 3605/7/3 3606/7/3 3607/7/3 3608/7/3
f 3609/7/4 3610/7/4 3611/7/4 3612/7/4
f 3613/8/3 3614/8/3 3615/8/3 3616/8/3
f 3617/8/4 3618/8/4 3619/8/4 3620/8/4
f 3621/7/3 3622/7/3 3623/7/3 3624/7/3
f 3625/7/4 3626/7/4 3627/7/4 3628/7/4
f 3629/9/3 3630/9/3 3631/9/3 3632/9/3
f 3633/9/4 3634/9/4 3635/9/4 3636/9/4
f 3637/4/3 3638/4/3 3639/4/3 3640/4/3
f 3641/4/4 3642/4/4 3643/4/4 3644/4/4
f 3645/8/3 3646/8/3 3647/8/3 3648/8/3
f 3649/8/4 3650/8/4 3651/8/4 3652/8/4
f 3653/7/3 3654/7/3 3655/7/3 3656/7/3
f 3657/7/4 3658/7/4 3659/7/4 3660/7/4
f 3661/1/3 3662/1/3 3663/1/3 3664/1/3
f 3665/1/4 3666/1/4 3667/1/4 3668/1/4
f 3669/1/2 3670/1/2 3671/1/2 3672/1/2
f 3673/1/3 3674/1/3 3675/1/3 3676/1/3
f 3677/1/4 3678/1/4 3679/1/4 3680/1/4
f 3681/5/1 3682/5/1 3683/5/1 3684/5/1
f 3685/5/3 3686/5/3 3687/5/3 3688/5/3
f 3689/5/4 3690/5/4 3691/5/4 3692/5/4
f 3693/5/3 3694/5/3 3695/5/3 3696/5/3
f 3697/5/4 3698/5/4 3699/5/4 3700/5/4
f 3701/5/3 3702/5/3 3703/5/3 3704/5/3
f 3705/5/4 3706/5/4 3707/5/4 3708/5/4
f 3709/5/3 3710/5/3 3711/5/3 3712/5/3
f 3713/5/4 3714/5/4 3715/5/4 3716/5/4
f 3717/5/3 3718/5/3 3719/5/3 3720/5/3
f 3721/5/4 3722/5/4 3723/5/4 3724/5/4
f 3725/5/3 3726/5/3 3727/5/3 3728/5/3
f 3729/5/4 3730/5/4 3731/5/4 3732/5/4
f 3733/5/3 3734/5/3 3735/5/3 3736/5/3
f 3737/5/4 3738/5/4 3739/5/4 3740/5/4
f 3741/5/3 3742/5/3 3743/5/3 3744/5/3
f 3745/5/4 3746/5/4 3747/5/4 3748/5/4
f 3749/5/2 3750/5/2 3751/5/2 3752/5/2
f 3753/5/3 3754/5/3 3755/5/3 3756/5/3
f 3757/5/4 3758/5/4 3759/5/4 3760/5/4
f 3761/7/1 3762/7/1 3763/7/1 3764/7/1
f 3765/7/3 3766/7/3 3767/7/3 3768/7/3
f 3769/7/4 3770/7/4 3771/7/4 3772/7/4
f 3773/7/3 3774/7/3 3775/7/3 3776/7/3
f 3777/7/4 3778/7/4 3779/7/4 3780/7/4
f 3781/6/3 3782/6/3 3783/6/3 3784/6/3
f 3785/6/4 3786/6/4 3787/6/4 3788/6/4
f 3789/4/3 3790/4/3 3791/4/3 3792/4/3
f 3793/4/4 3794/4/4 3795/4/4 3796/4/4
f 3797/8/3 3798/8/3 3799/8/3 3800/8/3
f 3801/8/4 3802/8/4 3803/8/4 3804/8/4
f 3805/7/3 3806/7/3 3807/7/3 3808/7/3
f 3809/7/4 3810/7/4 3811/7/4 3812/7/4
f 3813/7/3 3814/7/3 3815/7/3 3816/7/3
f 3817/7/4 3818/7/4 3819/7/4 3820/7/4
f 3821/8/3 3822/8/3 3823/8/3 3824/8/3
f 3825/8/4 3826/8/4 3827/8/4 3828/8/4
f 3829/10/3 3830/10/3 3831/10/3 3832/10/3
f 3833/10/4 3834/10/4 3835/10/4 3836/10/4
f 3837/5/3 3838/5/3 3839/5/3 3840/5/3
f 3841/5/4 3842/5/4 3843/5/4 3844/5/4
f 3845/5/3 3846/5/3 3847/5/3 3848/5/3
f 3849/5/4 3850/5/4 3851/5/4 3852/5/4
f 3853/5/3 3854/5/3 3855/5/3 3856/5/3
f 3857/5/4 3858/5/4 3859/5/4 3860/5/4
f 3861/5/3 3862/5/3 3863/5/3 3864/5/3
f 3865/5/4 3866/5/4 3867/5/4 3868/5/4
f 3869/5/3 3870/5/3 3871/5/3 3872/5/3
f 3873/5/4 3874/5/4 3875/5/4 3876/5/4
f 3877/9/2 3878/9/2 3879/9/2 3880/9/2
f 3881/9/3 3882/9/3 3883/9/3 3884/9/3
f 3885/9/4 3886/9/4 3887/9/4 3888/9/4
f 3889/5/1 3890/5/1 3891/5/1 3892/5/1
f 3893/5/3 3894/5/3 3895/5/3 3896/5/3
f 3897/5/4 3898/5/4 3899/5/4 3900/5/4
f 3901/5/3 3902/5/3 3903/5/3 3904/5/3
f 3905/5/4 3906/5/4 3907/5/4 3908/5/4
f 3909/5/3 3910/5/3 3911/5/3 3912/5/3
f 3913/5/4 3914/5/4 3915/5/4 3916/5/4
f 3917/5/3 3918/5/3 3919/5/3 3920/5/3
f 3921/5/4 3922/5/4 3923/5/4 3924/5/4
f 3925/5/3 3926/5/3 3927/5/3 3928/5/3
f 3929/5/4 3930/5/4 3931/5/4 3932/5/4
f 3933/5/3 3934/5/3 3935/5/3 3936/5/3
f 3937/5/4 3938/5/4 3939/5/4 3940/5/4
f 3941/5/3 3942/5/3 3943/5/3 3944/5/3
f 3945/5/4 3946/5/4 3947/5/4 3948/5/4
f 3949/5/3 3950/5/3 3951/5/3 3952/5/3
f 3953/5/4 3954/5/4 3955/5/4 3956/5/4
f 3957/5/2 3958/5/2 3959/5/2 3960/5/2
f 3961/5/3 3962/5/3 3963/5/3 3964/5/3
f 3965/5/4 3966/5/4 3967/5/4 3968/5/4
f 3969/4/1 3970/4/1 3971/4/1 3972/4/1
f 3973/4/3 3974/4/3 3975/4/3 3976/4/3
f 3977/4/4 3978/4/4 3979/4/4 3980/4/4
f 3981/7/3 3982/7/3 3983/7/3 3984/7/3
f 3985/7/4 3986/7/4 3987/7/4 3988/7/4
f 3989/3/3 3990/3/3 3991/3/3 3992/3/3
f 3993/3/4 3994/3/4 3995/3/4 3996/3/4
f 3997/4/3 3998/4/3 3999/4/3 4000/4/3
f 4001/4/4 4002/4/4 4003/4/4 4004/4/4
f 4005/8/3 4006/8/3 4007/8/3 4008/8/3
f 4009/8/4 4010/8/4 4011/8/4 4012/8/4
f 4013/7/3 4014/7/3 4015/7/3 4016/7/3
f 4017/7/4 4018/7/4 4019/7/4 4020/7/4
f 4021/7/3 4022/7/3 4023/7/3 4024/7/3
f 4025/7/4 4026/7/4 4027/7/4 4028/7/4
f 4029/8/3 4030/8/3 4031/8/3 4032/8/3
f 4033/8/4 4034/8/4 4035/8/4 4036/8/4
f 4037/3/3 4038/3/3 4039/3/3 4040/3/3
f 4041/3/4 4042/3/4 4043/3/4 4044/3/4
f 4045/10/3 4046/10/3 4047/10/3 4048/10/3
f 4049/10/4 4050/10/4 4051/10/4 4052/10/4
f 4053/7/3 4054/7/3 4055/7/3 4056/7/3
f 4057/7/4 4058/7/4 4059/7/4 4060/7/4
f 4061/7/3 4062/7/3 4063/7/3 4064/7/3
f 4065/7/4 4066/7/4 4067/7/4 4068/7/4
f 4069/7/3 4070/7/3 4071/7/3 4072/7/3
f 4073/7/4 4074/7/4 4075/7/4 4076/7/4
f 4077/7/3 4078/7/3 4079/7/3 4080/7/3
f 4081/7/4 4082/7/4 4083/7/4 4084/7/4
f 4085/7/2 4086/7/2 4087/7/2 4088/7/2
f 4089/7/3 4090/7/3 4091/7/3 4092/7/3
f 4093/7/4 4094/7/4 4095/7/4 4096/7/4
f 4097/5/1 4098/5/1 4099/5/1 4100/5/1
f 4101/5/3 4102/5/3 4103/5/3 4104/5/3
f 4105/5/4 4106/5/4 4107/5/4 4108/5/4
f 4109/5/3 4110/5/3 4111/5/3 4112/5/3
f 4113/5/4 4114/5/4 4115/5/4 4116/5/4
f 4117/5/3 4118/5/3 4119/5/3 4120/5/3
f 4121/5/4 4122/5/4 4123/5/4 4124/5/4
f 4125/5/3 4126/5/3 4127/5/3 4128/5/3
f 4129/5/4 4130/5/4 4131/5/4 4132/5/4
f 4133/5/3 4134/5/3 4135/5/3 4136/5/3
f 4137/5/4 4138/5/4 4139/5/4 4140/5/4
f 4141/5/3 4142/5/3 4143/5/3 4144/5/3
f 4145/5/4 4146/5/4 4147/5/4 4148/5/4
f 4149/5/3 4150/5/3 4151/5/3 4152/5/3
f 4153/5/4 4154/5/4 4155/5/4 4156/5/4
f 4157/5/3 4158/5/3 4159/5/3 4160/5/3
f 4161/5/4 4162/5/4 4163/5/4 4164/5/4
f 4165/5/2 4166/5/2 4167/5/2 4168/5/2
f 4169/5/3 4170/5/3 4171/5/3 4172/5/3
f 4173/5/4 4174/5/4 4175/5/4 4176/5/4
f 4177/9/1 4178/9/1 4179/9/1 4180/9/1
f 4181/9/3 4182/9/3 4183/9/3 4184/9/3
f 4185/9/4 4186/9/4 4187/9/4 4188/9/4
f 4189/4/3 4190/4/3 4191/4/3 4192/4/3
f 4193/4/4 4194/4/4 4195/4/4 4196/4/4
f 4197/10/3 4198/10/3 4199/10/3 4200/10/3
f 4201/10/4 4202/10/4 4203/10/4 4204/10/4
f 4205/4/3 4206/4/3 4207/4/3 4208/4/3
f 4209/4/4 4210/4/4 4211/4/4 4212/4/4
f 4213/8/3 4214/8/3 4215/8/3 4216/8/3
f 4217/8/4 4218/8/4 4219/8/4 4220/8/4
f 4221/1/3 4222/1/3 4223/1/3 4224/1/3
f 4225/1/4 4226/1/4 4227/1/4 4228/1/4
f 4229/7/3 4230/7/3 4231/7/3 4232/7/3
f 4233/7/4 4234/7/4 4235/7/4 4236/7/4
f 4237/8/3 4238/8/3 4239/8/3 4240/8/3
f 4241/8/4 4242/8/4 4243/8/4 4244/8/4
f 4245/8/3 4246/8/3 4247/8/3 4248/8/3
f 4249/8/4 4250/8/4 4251/8/4 4252/8/4
f 4253/7/3 4254/7/3 4255/7/3 4256/7/3
f 4257/7/4 4258/7/4 4259/7/4 4260/7/4
f 4261/7/3 4262/7/3 4263/7/3 4264/7/3
f 4265/7/4 4266/7/4 4267/7/4 4268/7/4
f 4269/7/3 4270/7/3 4271/7/3 4272/7/3
f 4273/7/4 4274/7/4 4275/7/4 4276/7/4
f 4277/8/3 4278/8/3 4279/8/3 4280/8/3
f 4281/8/4 4282/8/4 4283/8/4 4284/8/4
f 4285/7/3 4286/7/3 4287/7/3 4288/7/3
f 4289/7/4 4290/7/4 4291/7/4 4292/7/4
f 4293/7/2 4294/7/2 4295/7/2 4296/7/2
f 4297/7/3 4298/7/3 4299/7/3 4300/7/3
f 4301/7/4 4302/7/4 4303/7/4 4304/7/4
f 4305/5/1 4306/5/1 4307/5/1 4308/5/1
f 4309/5/3 4310/5/3 4311/5/3 4312/5/3
f 4313/5/4 4314/5/4 4315/5/4 4316/5/4
f 4317/5/3 4318/5/3 4319/5/3 4320/5/3
f 4321/5/4 4322/5/4 4323/5/4 4324/5/4
f 4325/5/3 4326/5/3 4327/5/3 4328/5/3
f 4329/5/4 4330/5/4 4331/5/4 4332/5/4
f 4333/5/3 4334/5/3 4335/5/3 4336/5/3
f 4337/5/4 4338/5/4 4339/5/4 4340/5/4
f 4341/5/3 4342/5/3 4343/5/3 4344/5/3
f 4345/5/4 4346/5/4 4347/5/4 4348/5/4
f 4349/5/3 4350/5/3 4351/5/3 4352/5/3
f 4353/5/4 4354/5/4 4355/5/4 4356/5/4
f 4357/5/3 4358/5/3 4359/5/3 4360/5/3
f 4361/5/4 4362/5/4 4363/5/4 4364/5/4
f 4365/5/3 4366/5/3 4367/5/3 4368/5/3
f 4369/5/4 4370/5/4 4371/5/4 4372/5/4
f 4373/5/2 4374/5/2 4375/5/2 4376/5/2
f 4377/5/3 4378/5/3 4379/5/3 4380/5/3
f 4381/5/4 4382/5/4 4383/5/4 4384/5/4
f 4385/4/1 4386/4/1 4387/4/1 4388/4/1
f 4389/4/3 4390/4/3 4391/4/3 4392/4/3
f 4393/4/4 4394/4/4 4395/4/4 4396/4/4
f 4397/10/3 4398/10/3 4399/10/3 4400/10/3
f 4401/10/4 4402/10/4 4403/10/4 4404/10/4
f 4405/6/3 4406/6/3 4407/6/3 4408/6/3
f 4409/6/4 4410/6/4 4411/6/4 4412/6/4
f 4413/4/3 4414/4/3 4415/4/3 4416/4/3
f 4417/4/4 4418/4/4 4419/4/4 4420/4/4
f 4421/7/3 4422/7/3 4423/7/3 4424/7/3
f 4425/7/4 4426/7/4 4427/7/4 4428/7/4
f 4429/1/3 4430/1/3 4431/1/3 4432/1/3
f 4433/1/4 4434/1/4 4435/1/4 4436/1/4
f 4437/1/3 4438/1/3 4439/1/3 4440/1/3
f 4441/1/4 4442/1/4 4443/1/4 4444/1/4
f 4445/7/3 4446/7/3 4447/7/3 4448/7/3
f 4449/7/4 4450/7/4 4451/7/4 4452/7/4
f 4453/8/3 4454/8/3 4455/8/3 4456/8/3
f 4457/8/4 4458/8/4 4459/8/4 4460/8/4
f 4461/8/3 4462/8/3 4463/8/3 4464/8/3
f 4465/8/4 4466/8/4 4467/8/4 4468/8/4
f 4469/1/3 4470/1/3 4471/1/3 4472/1/3
f 4473/1/4 4474/1/4 4475/1/4 4476/1/4
f 4477/1/3 4478/1/3 4479/1/3 4480/1/3
f 4481/1/4 4482/1/4 4483/1/4 4484/1/4
f 4485/1/3 4486/1/3 4487/1/3 4488/1/3
f 4489/1/4 4490/1/4 4491/1/4 4492/1/4
f 4493/1/3 4494/1/3 4495/1/3 4496/1/3
f 4497/1/4 4498/1/4 4499/1/4 4500/1/4
f 4501/7/2 4502/7/2 4503/7/2 4504/7/2
f 4505/7/3 4506/7/3 4507/7/3 4508/7/3
f 4509/7/4 4510/7/4 4511/7/4 4512/7/4
f 4513/5/1 4514/5/1 4515/5/1 4516/5/1
f 4517/5/3 4518/5/3 4519/5/3 4520/5/3
f 4521/5/4 4522/5/4 4523/5/4 4524/5/4
f 4525/5/3 4526/5/3 4527/5/3 4528/5/3
f 4529/5/4 4530/5/4 4531/5/4 4532/5/4
f 4533/5/3 4534/5/3 4535/5/3 4536/5/3
f 4537/5/4 4538/5/4 4539/5/4 4540/5/4
f 4541/5/3 4542/5/3 4543/5/3 4544/5/3
f 4545/5/4 4546/5/4 4547/5/4 4548/5/4
f 4549/5/3 4550/5/3 4551/5/3 4552/5/3
f 4553/5/4 4554/5/4 4555/5/4 4556/5/4
f 4557/5/3 4558/5/3 4559/5/3 4560/5/3
f 4561/5/4 4562/5/4 4563/5/4 4564/5/4
f 4565/5/3 4566/5/3 4567/5/3 4568/5/3
f 4569/5/4 4570/5/4 4571/5/4 4572/5/4
f 4573/5/3 4574/5/3 4575/5/3 4576/5/3
f 4577/5/4 4578/5/4 4579/5/4 4580/5/4
f 4581/5/2 4582/5/2 4583/5/2 4584/5/2
f 4585/5/3 4586/5/3 4587/5/3 4588/5/3
f 4589/5/4 4590/5/4 4591/5/4 4592/5/4
f 4593/7/1 4594/7/1 4595/7/1 4596/7/1
f 4597/7/3 4598/7/3 4599/7/3 4600/7/3
f 4601/7/4 4602/7/4 4603/7/4 4604/7/4
f 4605/7/3 4606/7/3 4607/7/3 4608/7/3
f 4609/7/4 4610/7/4 4611/7/4 4612/7/4
f 4613/6/3 4614/6/3 4615/6/3 4616/6/3
f 4617/6/4 4618/6/4 4619/6/4 4620/6/4
f 4621/9/3 4622/9/3 4623/9/3 4624/9/3
f 4625/9/4 4626/9/4 4627/9/4 4628/9/4
f 4629/7/3 4630/7/3 4631/7/3 4632/7/3
f 4633/7/4 4634/7/4 4635/7/4 4636/7/4
f 4637/7/3 4638/7/3 4639/7/3 4640/7/3
f 4641/7/4 4642/7/4 4643/7/4 4644/7/4
f 4645/7/3 4646/7/3 4647/7/3 4648/7/3
f 4649/7/4 4650/7/4 4651/7/4 4652/7/4
f 4653/1/3 4654/1/3 4655/1/3 4656/1/3
f 4657/1/4 4658/1/4 4659/1/4 4660/1/4
f 4661/1/3 4662/1/3 4663/1/3 4664/1/3
f 4665/1/4 4666/1/4 4667/1/4 4668/1/4
f 4669/1/3 4670/1/3 4671/1/3 4672/1/3
f 4673/1/4 4674/1/4 4675/1/4 4676/1/4
f 4677/1/3 4678/1/3 4679/1/3 4680/1/3
f 4681/1/4 4682/1/4 4683/1/4 4684/1/4
f 4685/1/3 4686/1/3 4687/1/3 4688/1/3
f 4689/1/4 4690/1/4 4691/1/4 4692/1/4
f 4693/7/3 4694/7/3 4695/7/3 4696/7/3
f 4697/7/4 4698/7/4 4699/7/4 4700/7/4
f 4701/8/3 4702/8/3 4703/8/3 4704/8/3
f 4705/8/4 4706/8/4 4707/8/4 4708/8/4
f 4709/8/2 4710/8/2 4711/8/2 4712/8/2
f 4713/8/3 4714/8/3 4715/8/3 4716/8/3
f 4717/8/4 4718/8/4 4719/8/4 4720/8/4
f 4721/5/1 4722/5/1 4723/5/1 4724/5/1
f 4725/5/3 4726/5/3 4727/5/3 4728/5/3
f 4729/5/4 4730/5/4 4731/5/4 4732/5/4
f 4733/5/3 4734/5/3 4735/5/3 4736/5/3
f 4737/5/4 4738/5/4 4739/5/4 4740/5/4
f 4741/5/3 4742/5/3 4743/5/3 4744/5/3
f 4745/5/4 4746/5/4 4747/5/4 4748/5/4
f 4749/5/3 4750/5/3 4751/5/3 4752/5/3
f 4753/5/4 4754/5/4 4755/5/4 4756/5/4
f 4757/5/3 4758/5/3 4759/5/3 4760/5/3
f 4761/5/4 4762/5/4 4763/5/4 4764/5/4
f 4765/5/3 4766/5/3 4767/5/3 4768/5/3
f 4769/5/4 4770/5/4 4771/5/4 4772/5/4
f 4773/5/3 4774/5/3 4775/5/3 4776/5/3
f 4777/5/4 4778/5/4 4779/5/4 4780/5/4
f 4781/5/3 4782/5/3 4783/5/3 4784/5/3
f 4785/5/4 4786/5/4 4787/5/4 4788/5/4
f 4789/5/2 4790/5/2 4791/5/2 4792/5/2
f 4793/5/3 4794/5/3 4795/5/3 4796/5/3
f 4797/5/4 4798/5/4 4799/5/4 4800/5/4
f 4801/4/1 4802/4/1 4803/4/1 4804/4/1
f 4805/4/3 4806/4/3 4807/4/3 4808/4/3
f 4809/4/4 4810/4/4 4811/4/4 4812/4/4
f 4813/7/3 4814/7/3 4815/7/3 4816/7/3
f 4817/7/4 4818/7/4 4819/7/4 4820/7/4
f 4821/3/3 4822/3/3 4823/3/3 4824/3/3
f 4825/3/4 4826/3/4 4827/3/4 4828/3/4
f 4829/5/3 4830/5/3 4831/5/3 4832/5/3
f 4833/5/4 4834/5/4 4835/5/4 4836/5/4
f 4837/5/3 4838/5/3 4839/5/3 4840/5/3
f 4841/5/4 4842/5/4 4843/5/4 4844/5/4
f 4845/9/3 4846/9/3 4847/9/3 4848/9/3
f 4849/9/4 4850/9/4 4851/9/4 4852/9/4
f 4853/5/3 4854/5/3 4855/5/3 4856/5/3
f 4857/5/4 4858/5/4 4859/5/4 4860/5/4
f 4861/5/3 4862/5/3 4863/5/3 4864/5/3
f 4865/5/4 4866/5/4 4867/5/4 4868/5/4
f 4869/5/3 4870/5/3 4871/5/3 4872/5/3
f 4873/5/4 4874/5/4 4875/5/4 4876/5/4
f 4877/5/3 4878/5/3 4879/5/3 4880/5/3
f 4881/5/4 4882/5/4 4883/5/4 4884/5/4
f 4885/5/3 4886/5/3 4887/5/3 4888/5/3
f 4889/5/4 4890/5/4 4891/5/4 4892/5/4
f 4893/5/3 4894/5/3 4895/5/3 4896/5/3
f 4897/5/4 4898/5/4 4899/5/4 4900/5/4
f 4901/5/3 4902/5/3 4903/5/3 4904/5/3
f 4905/5/4 4906/5/4 4907/5/4 4908/5/4
f 4909/5/3 4910/5/3 4911/5/3 4912/5/3
f 4913/5/4 4914/5/4 4915/5/4 4916/5/4
f 4917/5/2 4918/5/2 4919/5/2 4920/5/2
f 4921/5/3 4922/5/3 4923/5/3 4924/5/3
f 4925/5/4 4926/5/4 4927/5/4 4928/5/4
f 4929/5/1 4930/5/1 4931/5/1 4932/5/1
f 4933/5/3 4934/5/3 4935/5/3 4936/5/3
f 4937/5/4 4938/5/4 4939/5/4 4940/5/4
f 4941/5/5 4942/5/5 4943/5/5 4944/5/5
f 4945/5/3 4946/5/3 4947/5/3 4948/5/3
f 4949/5/4 4950/5/4 4951/5/4 4952/5/4
f 4953/5/5 4954/5/5 4955/5/5 4956/5/5
f 4957/5/3 4958/5/3 4959/5/3 4960/5/3
f 4961/5/4 4962/5/4 4963/5/4 4964/5/4
f 4965/5/5 4966/5/5 4967/5/5 4968/5/5
f 4969/5/3 4970/5/3 4971/5/3 4972/5/3
f 4973/5/4 4974/5/4 4975/5/4 4976/5/4
f 4977/5/5 4978/5/5 4979/5/5 4980/5/5
f 4981/5/3 4982/5/3 4983/5/3 4984/5/3
f 4985/5/4 4986/5/4 4987/5/4 4988/5/4
f 4989/5/5 4990/5/5 4991/5/5 4992/5/5
f 4993/5/3 4994/5/3 4995/5/3 4996/5/3
f 4997/5/4 4998/5/4 4999/5/4 5000/5/4
f 5001/5/5 5002/5/5 5003/5/5 5004/5/5
f 5005/5/3 5006/5/3 5007/5/3 5008/5/3
f 5009/5/4 5010/5/4 5011/5/4 5012/5/4
f 5013/5/5 5014/5/5 5015/5/5 5016/5/5
f 5017/5/3 5018/5/3 5019/5/3 5020/5/3
f 5021/5/4 5022/5/4 5023/5/4 5024/5/4
f 5025/5/5 5026/5/5 5027/5/5 5028/5/5
f 5029/5/2 5030/5/2 5031/5/2 5032/5/2
f 5033/5/3 5034/5/3 5035/5/3 5036/5/3
f 5037/5/4 5038/5/4 5039/5/4 5040/5/4
f 5041/5/5 5042/5/5 5043/5/5 5044/5/5
f 5045/9/1 5046/9/1 5047/9/1 5048/9/1
f 5049/9/3 5050/9/3 5051/9/3 5052/9/3
f 5053/9/4 5054/9/4 5055/9/4 5056/9/4
f 5057/9/5 5058/9/5 5059/9/5 5060/9/5
f 5061/4/3 5062/4/3 5063/4/3 5064/4/3
f 5065/4/4 5066/4/4 5067/4/4 5068/4/4
f 5069/4/5 5070/4/5 5071/4/5 5072/4/5
f 5073/10/3 5074/10/3 5075/10/3 5076/10/3
f 5077/10/4 5078/10/4 5079/10/4 5080/10/4
f 5081/10/5 5082/10/5 5083/10/5 5084/10/5
f 5085/7/3 5086/7/3 5087/7/3 5088/7/3
f 5089/7/4 5090/7/4 5091/7/4 5092/7/4
f 5093/7/5 5094/7/5 5095/7/5 5096/7/5
f 5097/7/3 5098/7/3 5099/7/3 5100/7/3
f 5101/7/4 5102/7/4 5103/7/4 5104/7/4
f 5105/7/5 5106/7/5 5107/7/5 5108/7/5
f 5109/7/3 5110/7/3 5111/7/3 5112/7/3
f 5113/7/4 5114/7/4 5115/7/4 5116/7/4
f 5117/7/5 5118/7/5 5119/7/5 5120/7/5
f 5121/7/3 5122/7/3 5123/7/3 5124/7/3
f 5125/7/4 5126/7/4 5127/7/4 5128/7/4
f 5129/7/5 5130/7/5 5131/7/5 5132/7/5
f 5133/7/3 5134/7/3 5135/7/3 5136/7/3
f 5137/7/4 5138/7/4 5139/7/4 5140/7/4
f 5141/7/5 5142/7/5 5143/7/5 5144/7/5
f 5145/7/3 5146/7/3 5147/7/3 5148/7/3
f 5149/7/4 5150/7/4 5151/7/4 5152/7/4
f 5153/7/5 5154/7/5 5155/7/5 5156/7/5
f 5157/7/3 5158/7/3 5159/7/3 5160/7/3
f 5161/7/4 5162/7/4 5163/7/4 5164/7/4
f 5165/7/5 5166/7/5 5167/7/5 5168/7/5
f 5169/7/3 5170/7/3 5171/7/3 5172/7/3
f 5173/7/4 5174/7/4 5175/7/4 5176/7/4
f 5177/7/5 5178/7/5 5179/7/5 5180/7/5
f 5181/7/3 5182/7/3 5183/7/3 5184/7/3
f 5185/7/4 5186/7/4 5187/7/4 5188/7/4
f 5189/7/5 5190/7/5 5191/7/5 5192/7/5
f 5193/7/3 5194/7/3 5195/7/3 5196/7/3
f 5197/7/4 5198/7/4 5199/7/4 5200/7/4
f 5201/7/5 5202/7/5 5203/7/5 5204/7/5
f 5205/7/3 5206/7/3 5207/7/3 5208/7/3
f 5209/7/4 5210/7/4 5211/7/4 5212/7/4
f 5213/7/5 5214/7/5 5215/7/5 5216/7/5
f 5217/10/2 5218/10/2 5219/10/2 5220/10/2
f 5221/10/3 5222/10/3 5223/10/3 5224/10/3
f 5225/10/4 5226/10/4 5227/10/4 5228/10/4
f 5229/10/5 5230/10/5 5231/10/5 5232/10/5

