# generated by vox_to_obj_exporter
# scale=0.1 center=true ground=true y_up=false

mtllib Shape_29_96.mtl
usemtl palette

# normals
vn -1 0 0
vn 1 0 0
vn 0 0 1
vn 0 0 -1
vn 0 -1 0
vn 0 1 0

# texcoords
vt 0.666015625 0.5
vt 0.970703125 0.5
vt 0.505859375 0.5
vt 0.990234375 0.5
vt 0.669921875 0.5
vt 0.642578125 0.5
vt 0.337890625 0.5
vt 0.876953125 0.5
vt 0.978515625 0.5
vt 0.673828125 0.5
vt 0.810546875 0.5
vt 0.994140625 0.5
vt 0.982421875 0.5
vt 0.986328125 0.5

# verts
v -1.2 1.2 0.3
v -1.2 1.2 0.2
v -1.2 1.1 0.2
v -1.2 1.1 0.3
v -1.2 1.2 0.3
v -1.2 1.1 0.3
v -1.1 1.1 0.3
v -1.1 1.2 0.3
v -1.2 1.1 0.2
v -1.2 1.2 0.2
v -1.1 1.2 0.2
v -1.1 1.1 0.2
v -1.1 1.2 0.3
v -1.1 1.2 0.2
v -1.2 1.2 0.2
v -1.2 1.2 0.3
v -1.1 1.2 0.3
v -1.1 1.1 0.3
v -1 1.1 0.3
v -1 1.2 0.3
v -1.1 1.1 0.2
v -1.1 1.2 0.2
v -1 1.2 0.2
v -1 1.1 0.2
v -1 1.2 0.3
v -1 1.2 0.2
v -1.1 1.2 0.2
v -1.1 1.2 0.3
v -1 1.2 0.3
v -1 1.1 0.3
v -0.9 1.1 0.3
v -0.9 1.2 0.3
v -1 1.1 0.2
v -1 1.2 0.2
v -0.9 1.2 0.2
v -0.9 1.1 0.2
v -0.9 1.2 0.3
v -0.9 1.2 0.2
v -1 1.2 0.2
v -1 1.2 0.3
v -0.9 1.2 0.3
v -0.9 1.1 0.3
v -0.8 1.1 0.3
v -0.8 1.2 0.3
v -0.9 1.1 0.2
v -0.9 1.2 0.2
v -0.8 1.2 0.2
v -0.8 1.1 0.2
v -0.8 1.2 0.3
v -0.8 1.2 0.2
v -0.9 1.2 0.2
v -0.9 1.2 0.3
v -0.8 1.2 0.3
v -0.8 1.1 0.3
v -0.7 1.1 0.3
v -0.7 1.2 0.3
v -0.8 1.1 0.2
v -0.8 1.2 0.2
v -0.7 1.2 0.2
v -0.7 1.1 0.2
v -0.7 1.2 0.3
v -0.7 1.2 0.2
v -0.8 1.2 0.2
v -0.8 1.2 0.3
v -0.7 1.2 0.3
v -0.7 1.1 0.3
v -0.6 1.1 0.3
v -0.6 1.2 0.3
v -0.7 1.1 0.2
v -0.7 1.2 0.2
v -0.6 1.2 0.2
v -0.6 1.1 0.2
v -0.6 1.2 0.3
v -0.6 1.2 0.2
v -0.7 1.2 0.2
v -0.7 1.2 0.3
v -0.6 1.2 0.3
v -0.6 1.1 0.3
v -0.5 1.1 0.3
v -0.5 1.2 0.3
v -0.6 1.1 0.2
v -0.6 1.2 0.2
v -0.5 1.2 0.2
v -0.5 1.1 0.2
v -0.5 1.2 0.3
v -0.5 1.2 0.2
v -0.6 1.2 0.2
v -0.6 1.2 0.3
v -0.5 1.2 0.3
v -0.5 1.1 0.3
v -0.4 1.1 0.3
v -0.4 1.2 0.3
v -0.5 1.1 0.2
v -0.5 1.2 0.2
v -0.4 1.2 0.2
v -0.4 1.1 0.2
v -0.4 1.2 0.3
v -0.4 1.2 0.2
v -0.5 1.2 0.2
v -0.5 1.2 0.3
v -0.4 1.2 0.3
v -0.4 1.1 0.3
v -0.3 1.1 0.3
v -0.3 1.2 0.3
v -0.4 1.1 0.2
v -0.4 1.2 0.2
v -0.3 1.2 0.2
v -0.3 1.1 0.2
v -0.3 1.2 0.3
v -0.3 1.2 0.2
v -0.4 1.2 0.2
v -0.4 1.2 0.3
v -0.3 1.2 0.3
v -0.3 1.1 0.3
v -0.2 1.1 0.3
v -0.2 1.2 0.3
v -0.3 1.1 0.2
v -0.3 1.2 0.2
v -0.2 1.2 0.2
v -0.2 1.1 0.2
v -0.2 1.2 0.3
v -0.2 1.2 0.2
v -0.3 1.2 0.2
v -0.3 1.2 0.3
v -0.2 1.2 0.3
v -0.2 1.1 0.3
v -0.1 1.1 0.3
v -0.1 1.2 0.3
v -0.2 1.1 0.2
v -0.2 1.2 0.2
v -0.1 1.2 0.2
v -0.1 1.1 0.2
v -0.1 1.2 0.3
v -0.1 1.2 0.2
v -0.2 1.2 0.2
v -0.2 1.2 0.3
v -0.1 1.2 0.3
v -0.1 1.1 0.3
v 0 1.1 0.3
v 0 1.2 0.3
v -0.1 1.1 0.2
v -0.1 1.2 0.2
v 0 1.2 0.2
v 0 1.1 0.2
v 0 1.2 0.3
v 0 1.2 0.2
v -0.1 1.2 0.2
v -0.1 1.2 0.3
v 0 1.2 0.3
v 0 1.1 0.3
v 0.1 1.1 0.3
v 0.1 1.2 0.3
v 0 1.1 0.2
v 0 1.2 0.2
v 0.1 1.2 0.2
v 0.1 1.1 0.2
v 0.1 1.2 0.3
v 0.1 1.2 0.2
v 0 1.2 0.2
v 0 1.2 0.3
v 0.1 1.2 0.3
v 0.1 1.1 0.3
v 0.2 1.1 0.3
v 0.2 1.2 0.3
v 0.1 1.1 0.2
v 0.1 1.2 0.2
v 0.2 1.2 0.2
v 0.2 1.1 0.2
v 0.2 1.2 0.3
v 0.2 1.2 0.2
v 0.1 1.2 0.2
v 0.1 1.2 0.3
v 0.2 1.2 0.3
v 0.2 1.1 0.3
v 0.3 1.1 0.3
v 0.3 1.2 0.3
v 0.2 1.1 0.2
v 0.2 1.2 0.2
v 0.3 1.2 0.2
v 0.3 1.1 0.2
v 0.3 1.2 0.3
v 0.3 1.2 0.2
v 0.2 1.2 0.2
v 0.2 1.2 0.3
v 0.3 1.2 0.3
v 0.3 1.1 0.3
v 0.4 1.1 0.3
v 0.4 1.2 0.3
v 0.3 1.1 0.2
v 0.3 1.2 0.2
v 0.4 1.2 0.2
v 0.4 1.1 0.2
v 0.4 1.2 0.3
v 0.4 1.2 0.2
v 0.3 1.2 0.2
v 0.3 1.2 0.3
v 0.4 1.2 0.3
v 0.4 1.1 0.3
v 0.5 1.1 0.3
v 0.5 1.2 0.3
v 0.4 1.1 0.2
v 0.4 1.2 0.2
v 0.5 1.2 0.2
v 0.5 1.1 0.2
v 0.5 1.2 0.3
v 0.5 1.2 0.2
v 0.4 1.2 0.2
v 0.4 1.2 0.3
v 0.5 1.2 0.3
v 0.5 1.1 0.3
v 0.6 1.1 0.3
v 0.6 1.2 0.3
v 0.5 1.1 0.2
v 0.5 1.2 0.2
v 0.6 1.2 0.2
v 0.6 1.1 0.2
v 0.6 1.2 0.3
v 0.6 1.2 0.2
v 0.5 1.2 0.2
v 0.5 1.2 0.3
v 0.6 1.2 0.3
v 0.6 1.1 0.3
v 0.7 1.1 0.3
v 0.7 1.2 0.3
v 0.6 1.1 0.2
v 0.6 1.2 0.2
v 0.7 1.2 0.2
v 0.7 1.1 0.2
v 0.7 1.2 0.3
v 0.7 1.2 0.2
v 0.6 1.2 0.2
v 0.6 1.2 0.3
v 0.7 1.2 0.3
v 0.7 1.1 0.3
v 0.8 1.1 0.3
v 0.8 1.2 0.3
v 0.7 1.1 0.2
v 0.7 1.2 0.2
v 0.8 1.2 0.2
v 0.8 1.1 0.2
v 0.8 1.2 0.3
v 0.8 1.2 0.2
v 0.7 1.2 0.2
v 0.7 1.2 0.3
v 0.8 1.2 0.3
v 0.8 1.1 0.3
v 0.9 1.1 0.3
v 0.9 1.2 0.3
v 0.8 1.1 0.2
v 0.8 1.2 0.2
v 0.9 1.2 0.2
v 0.9 1.1 0.2
v 0.9 1.2 0.3
v 0.9 1.2 0.2
v 0.8 1.2 0.2
v 0.8 1.2 0.3
v 0.9 1.2 0.3
v 0.9 1.1 0.3
v 1 1.1 0.3
v 1 1.2 0.3
v 0.9 1.1 0.2
v 0.9 1.2 0.2
v 1 1.2 0.2
v 1 1.1 0.2
v 1 1.2 0.3
v 1 1.2 0.2
v 0.9 1.2 0.2
v 0.9 1.2 0.3
v 1 1.2 0.3
v 1 1.1 0.3
v 1.1 1.1 0.3
v 1.1 1.2 0.3
v 1 1.1 0.2
v 1 1.2 0.2
v 1.1 1.2 0.2
v 1.1 1.1 0.2
v 1.1 1.2 0.3
v 1.1 1.2 0.2
v 1 1.2 0.2
v 1 1.2 0.3
v 1.2 1.1 0.3
v 1.2 1.1 0.2
v 1.2 1.2 0.2
v 1.2 1.2 0.3
v 1.1 1.2 0.3
v 1.1 1.1 0.3
v 1.2 1.1 0.3
v 1.2 1.2 0.3
v 1.1 1.1 0.2
v 1.1 1.2 0.2
v 1.2 1.2 0.2
v 1.2 1.1 0.2
v 1.2 1.2 0.3
v 1.2 1.2 0.2
v 1.1 1.2 0.2
v 1.1 1.2 0.3
v -1.2 1.1 0.3
v -1.2 1.1 0.2
v -1.2 1 0.2
v -1.2 1 0.3
v -1.2 1.1 0.3
v -1.2 1 0.3
v -1.1 1 0.3
v -1.1 1.1 0.3
v -1.2 1 0.2
v -1.2 1.1 0.2
v -1.1 1.1 0.2
v -1.1 1 0.2
v -1.1 1.1 0.3
v -1.1 1 0.3
v -1 1 0.3
v -1 1.1 0.3
v -1.1 1 0.2
v -1.1 1.1 0.2
v -1 1.1 0.2
v -1 1 0.2
v -1 1.1 0.3
v -1 1 0.3
v -0.9 1 0.3
v -0.9 1.1 0.3
v -1 1 0.2
v -1 1.1 0.2
v -0.9 1.1 0.2
v -0.9 1 0.2
v -0.9 1.1 0.3
v -0.9 1 0.3
v -0.8 1 0.3
v -0.8 1.1 0.3
v -0.9 1 0.2
v -0.9 1.1 0.2
v -0.8 1.1 0.2
v -0.8 1 0.2
v -0.8 1.1 0.3
v -0.8 1 0.3
v -0.7 1 0.3
v -0.7 1.1 0.3
v -0.8 1 0.2
v -0.8 1.1 0.2
v -0.7 1.1 0.2
v -0.7 1 0.2
v -0.7 1.1 0.3
v -0.7 1 0.3
v -0.6 1 0.3
v -0.6 1.1 0.3
v -0.7 1 0.2
v -0.7 1.1 0.2
v -0.6 1.1 0.2
v -0.6 1 0.2
v -0.6 1.1 0.3
v -0.6 1 0.3
v -0.5 1 0.3
v -0.5 1.1 0.3
v -0.6 1 0.2
v -0.6 1.1 0.2
v -0.5 1.1 0.2
v -0.5 1 0.2
v -0.5 1.1 0.3
v -0.5 1 0.3
v -0.4 1 0.3
v -0.4 1.1 0.3
v -0.5 1 0.2
v -0.5 1.1 0.2
v -0.4 1.1 0.2
v -0.4 1 0.2
v -0.4 1.1 0.3
v -0.4 1 0.3
v -0.3 1 0.3
v -0.3 1.1 0.3
v -0.4 1 0.2
v -0.4 1.1 0.2
v -0.3 1.1 0.2
v -0.3 1 0.2
v -0.3 1.1 0.3
v -0.3 1 0.3
v -0.2 1 0.3
v -0.2 1.1 0.3
v -0.3 1 0.2
v -0.3 1.1 0.2
v -0.2 1.1 0.2
v -0.2 1 0.2
v -0.2 1.1 0.3
v -0.2 1 0.3
v -0.1 1 0.3
v -0.1 1.1 0.3
v -0.2 1 0.2
v -0.2 1.1 0.2
v -0.1 1.1 0.2
v -0.1 1 0.2
v -0.1 1.1 0.3
v -0.1 1 0.3
v 0 1 0.3
v 0 1.1 0.3
v -0.1 1 0.2
v -0.1 1.1 0.2
v 0 1.1 0.2
v 0 1 0.2
v 0 1.1 0.3
v 0 1 0.3
v 0.1 1 0.3
v 0.1 1.1 0.3
v 0 1 0.2
v 0 1.1 0.2
v 0.1 1.1 0.2
v 0.1 1 0.2
v 0.1 1.1 0.3
v 0.1 1 0.3
v 0.2 1 0.3
v 0.2 1.1 0.3
v 0.1 1 0.2
v 0.1 1.1 0.2
v 0.2 1.1 0.2
v 0.2 1 0.2
v 0.2 1.1 0.3
v 0.2 1 0.3
v 0.3 1 0.3
v 0.3 1.1 0.3
v 0.2 1 0.2
v 0.2 1.1 0.2
v 0.3 1.1 0.2
v 0.3 1 0.2
v 0.3 1.1 0.3
v 0.3 1 0.3
v 0.4 1 0.3
v 0.4 1.1 0.3
v 0.3 1 0.2
v 0.3 1.1 0.2
v 0.4 1.1 0.2
v 0.4 1 0.2
v 0.4 1.1 0.3
v 0.4 1 0.3
v 0.5 1 0.3
v 0.5 1.1 0.3
v 0.4 1 0.2
v 0.4 1.1 0.2
v 0.5 1.1 0.2
v 0.5 1 0.2
v 0.5 1.1 0.3
v 0.5 1 0.3
v 0.6 1 0.3
v 0.6 1.1 0.3
v 0.5 1 0.2
v 0.5 1.1 0.2
v 0.6 1.1 0.2
v 0.6 1 0.2
v 0.6 1.1 0.3
v 0.6 1 0.3
v 0.7 1 0.3
v 0.7 1.1 0.3
v 0.6 1 0.2
v 0.6 1.1 0.2
v 0.7 1.1 0.2
v 0.7 1 0.2
v 0.7 1.1 0.3
v 0.7 1 0.3
v 0.8 1 0.3
v 0.8 1.1 0.3
v 0.7 1 0.2
v 0.7 1.1 0.2
v 0.8 1.1 0.2
v 0.8 1 0.2
v 0.8 1.1 0.3
v 0.8 1 0.3
v 0.9 1 0.3
v 0.9 1.1 0.3
v 0.8 1 0.2
v 0.8 1.1 0.2
v 0.9 1.1 0.2
v 0.9 1 0.2
v 0.9 1.1 0.3
v 0.9 1 0.3
v 1 1 0.3
v 1 1.1 0.3
v 0.9 1 0.2
v 0.9 1.1 0.2
v 1 1.1 0.2
v 1 1 0.2
v 1 1.1 0.3
v 1 1 0.3
v 1.1 1 0.3
v 1.1 1.1 0.3
v 1 1 0.2
v 1 1.1 0.2
v 1.1 1.1 0.2
v 1.1 1 0.2
v 1.2 1 0.3
v 1.2 1 0.2
v 1.2 1.1 0.2
v 1.2 1.1 0.3
v 1.1 1.1 0.3
v 1.1 1 0.3
v 1.2 1 0.3
v 1.2 1.1 0.3
v 1.1 1 0.2
v 1.1 1.1 0.2
v 1.2 1.1 0.2
v 1.2 1 0.2
v -1.2 1 0.3
v -1.2 1 0.2
v -1.2 0.9 0.2
v -1.2 0.9 0.3
v -1.2 1 0.3
v -1.2 0.9 0.3
v -1.1 0.9 0.3
v -1.1 1 0.3
v -1.2 0.9 0.2
v -1.2 1 0.2
v -1.1 1 0.2
v -1.1 0.9 0.2
v -1.1 1 0.3
v -1.1 0.9 0.3
v -1 0.9 0.3
v -1 1 0.3
v -1.1 0.9 0.2
v -1.1 1 0.2
v -1 1 0.2
v -1 0.9 0.2
v -1 1 0.3
v -1 0.9 0.3
v -0.9 0.9 0.3
v -0.9 1 0.3
v -1 0.9 0.2
v -1 1 0.2
v -0.9 1 0.2
v -0.9 0.9 0.2
v -0.9 1 0.3
v -0.9 0.9 0.3
v -0.8 0.9 0.3
v -0.8 1 0.3
v -0.9 0.9 0.2
v -0.9 1 0.2
v -0.8 1 0.2
v -0.8 0.9 0.2
v -0.8 1 0.3
v -0.8 0.9 0.3
v -0.7 0.9 0.3
v -0.7 1 0.3
v -0.8 0.9 0.2
v -0.8 1 0.2
v -0.7 1 0.2
v -0.7 0.9 0.2
v -0.7 1 0.3
v -0.7 0.9 0.3
v -0.6 0.9 0.3
v -0.6 1 0.3
v -0.7 0.9 0.2
v -0.7 1 0.2
v -0.6 1 0.2
v -0.6 0.9 0.2
v -0.6 1 0.3
v -0.6 0.9 0.3
v -0.5 0.9 0.3
v -0.5 1 0.3
v -0.6 0.9 0.2
v -0.6 1 0.2
v -0.5 1 0.2
v -0.5 0.9 0.2
v -0.5 1 0.3
v -0.5 0.9 0.3
v -0.4 0.9 0.3
v -0.4 1 0.3
v -0.5 0.9 0.2
v -0.5 1 0.2
v -0.4 1 0.2
v -0.4 0.9 0.2
v -0.4 1 0.3
v -0.4 0.9 0.3
v -0.3 0.9 0.3
v -0.3 1 0.3
v -0.4 0.9 0.2
v -0.4 1 0.2
v -0.3 1 0.2
v -0.3 0.9 0.2
v -0.3 1 0.3
v -0.3 0.9 0.3
v -0.2 0.9 0.3
v -0.2 1 0.3
v -0.3 0.9 0.2
v -0.3 1 0.2
v -0.2 1 0.2
v -0.2 0.9 0.2
v -0.2 1 0.3
v -0.2 0.9 0.3
v -0.1 0.9 0.3
v -0.1 1 0.3
v -0.2 0.9 0.2
v -0.2 1 0.2
v -0.1 1 0.2
v -0.1 0.9 0.2
v -0.1 1 0.3
v -0.1 0.9 0.3
v 0 0.9 0.3
v 0 1 0.3
v -0.1 0.9 0.2
v -0.1 1 0.2
v 0 1 0.2
v 0 0.9 0.2
v 0 1 0.3
v 0 0.9 0.3
v 0.1 0.9 0.3
v 0.1 1 0.3
v 0 0.9 0.2
v 0 1 0.2
v 0.1 1 0.2
v 0.1 0.9 0.2
v 0.1 1 0.3
v 0.1 0.9 0.3
v 0.2 0.9 0.3
v 0.2 1 0.3
v 0.1 0.9 0.2
v 0.1 1 0.2
v 0.2 1 0.2
v 0.2 0.9 0.2
v 0.2 1 0.3
v 0.2 0.9 0.3
v 0.3 0.9 0.3
v 0.3 1 0.3
v 0.2 0.9 0.2
v 0.2 1 0.2
v 0.3 1 0.2
v 0.3 0.9 0.2
v 0.3 1 0.3
v 0.3 0.9 0.3
v 0.4 0.9 0.3
v 0.4 1 0.3
v 0.3 0.9 0.2
v 0.3 1 0.2
v 0.4 1 0.2
v 0.4 0.9 0.2
v 0.4 1 0.3
v 0.4 0.9 0.3
v 0.5 0.9 0.3
v 0.5 1 0.3
v 0.4 0.9 0.2
v 0.4 1 0.2
v 0.5 1 0.2
v 0.5 0.9 0.2
v 0.5 1 0.3
v 0.5 0.9 0.3
v 0.6 0.9 0.3
v 0.6 1 0.3
v 0.5 0.9 0.2
v 0.5 1 0.2
v 0.6 1 0.2
v 0.6 0.9 0.2
v 0.6 1 0.3
v 0.6 0.9 0.3
v 0.7 0.9 0.3
v 0.7 1 0.3
v 0.6 0.9 0.2
v 0.6 1 0.2
v 0.7 1 0.2
v 0.7 0.9 0.2
v 0.7 1 0.3
v 0.7 0.9 0.3
v 0.8 0.9 0.3
v 0.8 1 0.3
v 0.7 0.9 0.2
v 0.7 1 0.2
v 0.8 1 0.2
v 0.8 0.9 0.2
v 0.8 1 0.3
v 0.8 0.9 0.3
v 0.9 0.9 0.3
v 0.9 1 0.3
v 0.8 0.9 0.2
v 0.8 1 0.2
v 0.9 1 0.2
v 0.9 0.9 0.2
v 0.9 1 0.3
v 0.9 0.9 0.3
v 1 0.9 0.3
v 1 1 0.3
v 0.9 0.9 0.2
v 0.9 1 0.2
v 1 1 0.2
v 1 0.9 0.2
v 1 1 0.3
v 1 0.9 0.3
v 1.1 0.9 0.3
v 1.1 1 0.3
v 1 0.9 0.2
v 1 1 0.2
v 1.1 1 0.2
v 1.1 0.9 0.2
v 1.2 0.9 0.3
v 1.2 0.9 0.2
v 1.2 1 0.2
v 1.2 1 0.3
v 1.1 1 0.3
v 1.1 0.9 0.3
v 1.2 0.9 0.3
v 1.2 1 0.3
v 1.1 0.9 0.2
v 1.1 1 0.2
v 1.2 1 0.2
v 1.2 0.9 0.2
v -1.2 0.9 0.3
v -1.2 0.9 0.2
v -1.2 0.8 0.2
v -1.2 0.8 0.3
v -1.2 0.9 0.3
v -1.2 0.8 0.3
v -1.1 0.8 0.3
v -1.1 0.9 0.3
v -1.2 0.8 0.2
v -1.2 0.9 0.2
v -1.1 0.9 0.2
v -1.1 0.8 0.2
v -1.1 0.9 0.3
v -1.1 0.8 0.3
v -1 0.8 0.3
v -1 0.9 0.3
v -1.1 0.8 0.2
v -1.1 0.9 0.2
v -1 0.9 0.2
v -1 0.8 0.2
v -1 0.9 0.3
v -1 0.8 0.3
v -0.9 0.8 0.3
v -0.9 0.9 0.3
v -1 0.8 0.2
v -1 0.9 0.2
v -0.9 0.9 0.2
v -0.9 0.8 0.2
v -0.9 0.9 0.3
v -0.9 0.8 0.3
v -0.8 0.8 0.3
v -0.8 0.9 0.3
v -0.9 0.8 0.2
v -0.9 0.9 0.2
v -0.8 0.9 0.2
v -0.8 0.8 0.2
v -0.8 0.9 0.3
v -0.8 0.8 0.3
v -0.7 0.8 0.3
v -0.7 0.9 0.3
v -0.8 0.8 0.2
v -0.8 0.9 0.2
v -0.7 0.9 0.2
v -0.7 0.8 0.2
v -0.7 0.9 0.3
v -0.7 0.8 0.3
v -0.6 0.8 0.3
v -0.6 0.9 0.3
v -0.7 0.8 0.2
v -0.7 0.9 0.2
v -0.6 0.9 0.2
v -0.6 0.8 0.2
v -0.6 0.9 0.3
v -0.6 0.8 0.3
v -0.5 0.8 0.3
v -0.5 0.9 0.3
v -0.6 0.8 0.2
v -0.6 0.9 0.2
v -0.5 0.9 0.2
v -0.5 0.8 0.2
v -0.5 0.9 0.3
v -0.5 0.8 0.3
v -0.4 0.8 0.3
v -0.4 0.9 0.3
v -0.5 0.8 0.2
v -0.5 0.9 0.2
v -0.4 0.9 0.2
v -0.4 0.8 0.2
v -0.4 0.9 0.3
v -0.4 0.8 0.3
v -0.3 0.8 0.3
v -0.3 0.9 0.3
v -0.4 0.8 0.2
v -0.4 0.9 0.2
v -0.3 0.9 0.2
v -0.3 0.8 0.2
v -0.3 0.9 0.3
v -0.3 0.8 0.3
v -0.2 0.8 0.3
v -0.2 0.9 0.3
v -0.3 0.8 0.2
v -0.3 0.9 0.2
v -0.2 0.9 0.2
v -0.2 0.8 0.2
v -0.2 0.9 0.3
v -0.2 0.8 0.3
v -0.1 0.8 0.3
v -0.1 0.9 0.3
v -0.2 0.8 0.2
v -0.2 0.9 0.2
v -0.1 0.9 0.2
v -0.1 0.8 0.2
v -0.1 0.9 0.3
v -0.1 0.8 0.3
v 0 0.8 0.3
v 0 0.9 0.3
v -0.1 0.8 0.2
v -0.1 0.9 0.2
v 0 0.9 0.2
v 0 0.8 0.2
v 0 0.9 0.3
v 0 0.8 0.3
v 0.1 0.8 0.3
v 0.1 0.9 0.3
v 0 0.8 0.2
v 0 0.9 0.2
v 0.1 0.9 0.2
v 0.1 0.8 0.2
v 0.1 0.9 0.3
v 0.1 0.8 0.3
v 0.2 0.8 0.3
v 0.2 0.9 0.3
v 0.1 0.8 0.2
v 0.1 0.9 0.2
v 0.2 0.9 0.2
v 0.2 0.8 0.2
v 0.2 0.9 0.3
v 0.2 0.8 0.3
v 0.3 0.8 0.3
v 0.3 0.9 0.3
v 0.2 0.8 0.2
v 0.2 0.9 0.2
v 0.3 0.9 0.2
v 0.3 0.8 0.2
v 0.3 0.9 0.3
v 0.3 0.8 0.3
v 0.4 0.8 0.3
v 0.4 0.9 0.3
v 0.3 0.8 0.2
v 0.3 0.9 0.2
v 0.4 0.9 0.2
v 0.4 0.8 0.2
v 0.4 0.9 0.3
v 0.4 0.8 0.3
v 0.5 0.8 0.3
v 0.5 0.9 0.3
v 0.4 0.8 0.2
v 0.4 0.9 0.2
v 0.5 0.9 0.2
v 0.5 0.8 0.2
v 0.5 0.9 0.3
v 0.5 0.8 0.3
v 0.6 0.8 0.3
v 0.6 0.9 0.3
v 0.5 0.8 0.2
v 0.5 0.9 0.2
v 0.6 0.9 0.2
v 0.6 0.8 0.2
v 0.6 0.9 0.3
v 0.6 0.8 0.3
v 0.7 0.8 0.3
v 0.7 0.9 0.3
v 0.6 0.8 0.2
v 0.6 0.9 0.2
v 0.7 0.9 0.2
v 0.7 0.8 0.2
v 0.7 0.9 0.3
v 0.7 0.8 0.3
v 0.8 0.8 0.3
v 0.8 0.9 0.3
v 0.7 0.8 0.2
v 0.7 0.9 0.2
v 0.8 0.9 0.2
v 0.8 0.8 0.2
v 0.8 0.9 0.3
v 0.8 0.8 0.3
v 0.9 0.8 0.3
v 0.9 0.9 0.3
v 0.8 0.8 0.2
v 0.8 0.9 0.2
v 0.9 0.9 0.2
v 0.9 0.8 0.2
v 0.9 0.9 0.3
v 0.9 0.8 0.3
v 1 0.8 0.3
v 1 0.9 0.3
v 0.9 0.8 0.2
v 0.9 0.9 0.2
v 1 0.9 0.2
v 1 0.8 0.2
v 1 0.9 0.3
v 1 0.8 0.3
v 1.1 0.8 0.3
v 1.1 0.9 0.3
v 1 0.8 0.2
v 1 0.9 0.2
v 1.1 0.9 0.2
v 1.1 0.8 0.2
v 1.2 0.8 0.3
v 1.2 0.8 0.2
v 1.2 0.9 0.2
v 1.2 0.9 0.3
v 1.1 0.9 0.3
v 1.1 0.8 0.3
v 1.2 0.8 0.3
v 1.2 0.9 0.3
v 1.1 0.8 0.2
v 1.1 0.9 0.2
v 1.2 0.9 0.2
v 1.2 0.8 0.2
v -1.2 0.8 0.3
v -1.2 0.8 0.2
v -1.2 0.7 0.2
v -1.2 0.7 0.3
v -1.2 0.8 0.3
v -1.2 0.7 0.3
v -1.1 0.7 0.3
v -1.1 0.8 0.3
v -1.2 0.7 0.2
v -1.2 0.8 0.2
v -1.1 0.8 0.2
v -1.1 0.7 0.2
v -1.1 0.8 0.3
v -1.1 0.7 0.3
v -1 0.7 0.3
v -1 0.8 0.3
v -1.1 0.7 0.2
v -1.1 0.8 0.2
v -1 0.8 0.2
v -1 0.7 0.2
v -1 0.8 0.3
v -1 0.7 0.3
v -0.9 0.7 0.3
v -0.9 0.8 0.3
v -1 0.7 0.2
v -1 0.8 0.2
v -0.9 0.8 0.2
v -0.9 0.7 0.2
v -0.9 0.8 0.3
v -0.9 0.7 0.3
v -0.8 0.7 0.3
v -0.8 0.8 0.3
v -0.9 0.7 0.2
v -0.9 0.8 0.2
v -0.8 0.8 0.2
v -0.8 0.7 0.2
v -0.8 0.8 0.3
v -0.8 0.7 0.3
v -0.7 0.7 0.3
v -0.7 0.8 0.3
v -0.8 0.7 0.2
v -0.8 0.8 0.2
v -0.7 0.8 0.2
v -0.7 0.7 0.2
v -0.7 0.8 0.3
v -0.7 0.7 0.3
v -0.6 0.7 0.3
v -0.6 0.8 0.3
v -0.7 0.7 0.2
v -0.7 0.8 0.2
v -0.6 0.8 0.2
v -0.6 0.7 0.2
v -0.6 0.8 0.3
v -0.6 0.7 0.3
v -0.5 0.7 0.3
v -0.5 0.8 0.3
v -0.6 0.7 0.2
v -0.6 0.8 0.2
v -0.5 0.8 0.2
v -0.5 0.7 0.2
v -0.5 0.8 0.3
v -0.5 0.7 0.3
v -0.4 0.7 0.3
v -0.4 0.8 0.3
v -0.5 0.7 0.2
v -0.5 0.8 0.2
v -0.4 0.8 0.2
v -0.4 0.7 0.2
v -0.4 0.8 0.3
v -0.4 0.7 0.3
v -0.3 0.7 0.3
v -0.3 0.8 0.3
v -0.4 0.7 0.2
v -0.4 0.8 0.2
v -0.3 0.8 0.2
v -0.3 0.7 0.2
v -0.3 0.8 0.3
v -0.3 0.7 0.3
v -0.2 0.7 0.3
v -0.2 0.8 0.3
v -0.3 0.7 0.2
v -0.3 0.8 0.2
v -0.2 0.8 0.2
v -0.2 0.7 0.2
v -0.2 0.8 0.3
v -0.2 0.7 0.3
v -0.1 0.7 0.3
v -0.1 0.8 0.3
v -0.2 0.7 0.2
v -0.2 0.8 0.2
v -0.1 0.8 0.2
v -0.1 0.7 0.2
v -0.1 0.8 0.3
v -0.1 0.7 0.3
v 0 0.7 0.3
v 0 0.8 0.3
v -0.1 0.7 0.2
v -0.1 0.8 0.2
v 0 0.8 0.2
v 0 0.7 0.2
v 0 0.8 0.3
v 0 0.7 0.3
v 0.1 0.7 0.3
v 0.1 0.8 0.3
v 0 0.7 0.2
v 0 0.8 0.2
v 0.1 0.8 0.2
v 0.1 0.7 0.2
v 0.1 0.8 0.3
v 0.1 0.7 0.3
v 0.2 0.7 0.3
v 0.2 0.8 0.3
v 0.1 0.7 0.2
v 0.1 0.8 0.2
v 0.2 0.8 0.2
v 0.2 0.7 0.2
v 0.2 0.8 0.3
v 0.2 0.7 0.3
v 0.3 0.7 0.3
v 0.3 0.8 0.3
v 0.2 0.7 0.2
v 0.2 0.8 0.2
v 0.3 0.8 0.2
v 0.3 0.7 0.2
v 0.3 0.8 0.3
v 0.3 0.7 0.3
v 0.4 0.7 0.3
v 0.4 0.8 0.3
v 0.3 0.7 0.2
v 0.3 0.8 0.2
v 0.4 0.8 0.2
v 0.4 0.7 0.2
v 0.4 0.8 0.3
v 0.4 0.7 0.3
v 0.5 0.7 0.3
v 0.5 0.8 0.3
v 0.4 0.7 0.2
v 0.4 0.8 0.2
v 0.5 0.8 0.2
v 0.5 0.7 0.2
v 0.5 0.8 0.3
v 0.5 0.7 0.3
v 0.6 0.7 0.3
v 0.6 0.8 0.3
v 0.5 0.7 0.2
v 0.5 0.8 0.2
v 0.6 0.8 0.2
v 0.6 0.7 0.2
v 0.6 0.8 0.3
v 0.6 0.7 0.3
v 0.7 0.7 0.3
v 0.7 0.8 0.3
v 0.6 0.7 0.2
v 0.6 0.8 0.2
v 0.7 0.8 0.2
v 0.7 0.7 0.2
v 0.7 0.8 0.3
v 0.7 0.7 0.3
v 0.8 0.7 0.3
v 0.8 0.8 0.3
v 0.7 0.7 0.2
v 0.7 0.8 0.2
v 0.8 0.8 0.2
v 0.8 0.7 0.2
v 0.8 0.8 0.3
v 0.8 0.7 0.3
v 0.9 0.7 0.3
v 0.9 0.8 0.3
v 0.8 0.7 0.2
v 0.8 0.8 0.2
v 0.9 0.8 0.2
v 0.9 0.7 0.2
v 0.9 0.8 0.3
v 0.9 0.7 0.3
v 1 0.7 0.3
v 1 0.8 0.3
v 0.9 0.7 0.2
v 0.9 0.8 0.2
v 1 0.8 0.2
v 1 0.7 0.2
v 1 0.8 0.3
v 1 0.7 0.3
v 1.1 0.7 0.3
v 1.1 0.8 0.3
v 1 0.7 0.2
v 1 0.8 0.2
v 1.1 0.8 0.2
v 1.1 0.7 0.2
v 1.2 0.7 0.3
v 1.2 0.7 0.2
v 1.2 0.8 0.2
v 1.2 0.8 0.3
v 1.1 0.8 0.3
v 1.1 0.7 0.3
v 1.2 0.7 0.3
v 1.2 0.8 0.3
v 1.1 0.7 0.2
v 1.1 0.8 0.2
v 1.2 0.8 0.2
v 1.2 0.7 0.2
v -1.2 0.7 0.3
v -1.2 0.7 0.2
v -1.2 0.6 0.2
v -1.2 0.6 0.3
v -1.2 0.7 0.3
v -1.2 0.6 0.3
v -1.1 0.6 0.3
v -1.1 0.7 0.3
v -1.2 0.6 0.2
v -1.2 0.7 0.2
v -1.1 0.7 0.2
v -1.1 0.6 0.2
v -1.1 0.7 0.3
v -1.1 0.6 0.3
v -1 0.6 0.3
v -1 0.7 0.3
v -1.1 0.6 0.2
v -1.1 0.7 0.2
v -1 0.7 0.2
v -1 0.6 0.2
v -1 0.7 0.3
v -1 0.6 0.3
v -0.9 0.6 0.3
v -0.9 0.7 0.3
v -1 0.6 0.2
v -1 0.7 0.2
v -0.9 0.7 0.2
v -0.9 0.6 0.2
v -0.9 0.7 0.3
v -0.9 0.6 0.3
v -0.8 0.6 0.3
v -0.8 0.7 0.3
v -0.9 0.6 0.2
v -0.9 0.7 0.2
v -0.8 0.7 0.2
v -0.8 0.6 0.2
v -0.8 0.7 0.3
v -0.8 0.6 0.3
v -0.7 0.6 0.3
v -0.7 0.7 0.3
v -0.8 0.6 0.2
v -0.8 0.7 0.2
v -0.7 0.7 0.2
v -0.7 0.6 0.2
v -0.7 0.7 0.3
v -0.7 0.6 0.3
v -0.6 0.6 0.3
v -0.6 0.7 0.3
v -0.7 0.6 0.2
v -0.7 0.7 0.2
v -0.6 0.7 0.2
v -0.6 0.6 0.2
v -0.6 0.7 0.3
v -0.6 0.6 0.3
v -0.5 0.6 0.3
v -0.5 0.7 0.3
v -0.6 0.6 0.2
v -0.6 0.7 0.2
v -0.5 0.7 0.2
v -0.5 0.6 0.2
v -0.5 0.7 0.3
v -0.5 0.6 0.3
v -0.4 0.6 0.3
v -0.4 0.7 0.3
v -0.5 0.6 0.2
v -0.5 0.7 0.2
v -0.4 0.7 0.2
v -0.4 0.6 0.2
v -0.4 0.7 0.3
v -0.4 0.6 0.3
v -0.3 0.6 0.3
v -0.3 0.7 0.3
v -0.4 0.6 0.2
v -0.4 0.7 0.2
v -0.3 0.7 0.2
v -0.3 0.6 0.2
v -0.3 0.7 0.3
v -0.3 0.6 0.3
v -0.2 0.6 0.3
v -0.2 0.7 0.3
v -0.3 0.6 0.2
v -0.3 0.7 0.2
v -0.2 0.7 0.2
v -0.2 0.6 0.2
v -0.2 0.7 0.3
v -0.2 0.6 0.3
v -0.1 0.6 0.3
v -0.1 0.7 0.3
v -0.2 0.6 0.2
v -0.2 0.7 0.2
v -0.1 0.7 0.2
v -0.1 0.6 0.2
v -0.1 0.7 0.3
v -0.1 0.6 0.3
v 0 0.6 0.3
v 0 0.7 0.3
v -0.1 0.6 0.2
v -0.1 0.7 0.2
v 0 0.7 0.2
v 0 0.6 0.2
v 0 0.7 0.3
v 0 0.6 0.3
v 0.1 0.6 0.3
v 0.1 0.7 0.3
v 0 0.6 0.2
v 0 0.7 0.2
v 0.1 0.7 0.2
v 0.1 0.6 0.2
v 0.1 0.7 0.3
v 0.1 0.6 0.3
v 0.2 0.6 0.3
v 0.2 0.7 0.3
v 0.1 0.6 0.2
v 0.1 0.7 0.2
v 0.2 0.7 0.2
v 0.2 0.6 0.2
v 0.2 0.7 0.3
v 0.2 0.6 0.3
v 0.3 0.6 0.3
v 0.3 0.7 0.3
v 0.2 0.6 0.2
v 0.2 0.7 0.2
v 0.3 0.7 0.2
v 0.3 0.6 0.2
v 0.3 0.7 0.3
v 0.3 0.6 0.3
v 0.4 0.6 0.3
v 0.4 0.7 0.3
v 0.3 0.6 0.2
v 0.3 0.7 0.2
v 0.4 0.7 0.2
v 0.4 0.6 0.2
v 0.4 0.7 0.3
v 0.4 0.6 0.3
v 0.5 0.6 0.3
v 0.5 0.7 0.3
v 0.4 0.6 0.2
v 0.4 0.7 0.2
v 0.5 0.7 0.2
v 0.5 0.6 0.2
v 0.5 0.7 0.3
v 0.5 0.6 0.3
v 0.6 0.6 0.3
v 0.6 0.7 0.3
v 0.5 0.6 0.2
v 0.5 0.7 0.2
v 0.6 0.7 0.2
v 0.6 0.6 0.2
v 0.6 0.7 0.3
v 0.6 0.6 0.3
v 0.7 0.6 0.3
v 0.7 0.7 0.3
v 0.6 0.6 0.2
v 0.6 0.7 0.2
v 0.7 0.7 0.2
v 0.7 0.6 0.2
v 0.7 0.7 0.3
v 0.7 0.6 0.3
v 0.8 0.6 0.3
v 0.8 0.7 0.3
v 0.7 0.6 0.2
v 0.7 0.7 0.2
v 0.8 0.7 0.2
v 0.8 0.6 0.2
v 0.8 0.7 0.3
v 0.8 0.6 0.3
v 0.9 0.6 0.3
v 0.9 0.7 0.3
v 0.8 0.6 0.2
v 0.8 0.7 0.2
v 0.9 0.7 0.2
v 0.9 0.6 0.2
v 0.9 0.7 0.3
v 0.9 0.6 0.3
v 1 0.6 0.3
v 1 0.7 0.3
v 0.9 0.6 0.2
v 0.9 0.7 0.2
v 1 0.7 0.2
v 1 0.6 0.2
v 1 0.7 0.3
v 1 0.6 0.3
v 1.1 0.6 0.3
v 1.1 0.7 0.3
v 1 0.6 0.2
v 1 0.7 0.2
v 1.1 0.7 0.2
v 1.1 0.6 0.2
v 1.2 0.6 0.3
v 1.2 0.6 0.2
v 1.2 0.7 0.2
v 1.2 0.7 0.3
v 1.1 0.7 0.3
v 1.1 0.6 0.3
v 1.2 0.6 0.3
v 1.2 0.7 0.3
v 1.1 0.6 0.2
v 1.1 0.7 0.2
v 1.2 0.7 0.2
v 1.2 0.6 0.2
v -1.2 0.6 0.3
v -1.2 0.6 0.2
v -1.2 0.5 0.2
v -1.2 0.5 0.3
v -1.2 0.6 0.3
v -1.2 0.5 0.3
v -1.1 0.5 0.3
v -1.1 0.6 0.3
v -1.2 0.5 0.2
v -1.2 0.6 0.2
v -1.1 0.6 0.2
v -1.1 0.5 0.2
v -1.1 0.6 0.3
v -1.1 0.5 0.3
v -1 0.5 0.3
v -1 0.6 0.3
v -1.1 0.5 0.2
v -1.1 0.6 0.2
v -1 0.6 0.2
v -1 0.5 0.2
v -1 0.6 0.3
v -1 0.5 0.3
v -0.9 0.5 0.3
v -0.9 0.6 0.3
v -1 0.5 0.2
v -1 0.6 0.2
v -0.9 0.6 0.2
v -0.9 0.5 0.2
v -0.9 0.6 0.3
v -0.9 0.5 0.3
v -0.8 0.5 0.3
v -0.8 0.6 0.3
v -0.9 0.5 0.2
v -0.9 0.6 0.2
v -0.8 0.6 0.2
v -0.8 0.5 0.2
v -0.8 0.6 0.3
v -0.8 0.5 0.3
v -0.7 0.5 0.3
v -0.7 0.6 0.3
v -0.8 0.5 0.2
v -0.8 0.6 0.2
v -0.7 0.6 0.2
v -0.7 0.5 0.2
v -0.7 0.6 0.3
v -0.7 0.5 0.3
v -0.6 0.5 0.3
v -0.6 0.6 0.3
v -0.7 0.5 0.2
v -0.7 0.6 0.2
v -0.6 0.6 0.2
v -0.6 0.5 0.2
v -0.6 0.6 0.3
v -0.6 0.5 0.3
v -0.5 0.5 0.3
v -0.5 0.6 0.3
v -0.6 0.5 0.2
v -0.6 0.6 0.2
v -0.5 0.6 0.2
v -0.5 0.5 0.2
v -0.5 0.6 0.3
v -0.5 0.5 0.3
v -0.4 0.5 0.3
v -0.4 0.6 0.3
v -0.5 0.5 0.2
v -0.5 0.6 0.2
v -0.4 0.6 0.2
v -0.4 0.5 0.2
v -0.4 0.6 0.3
v -0.4 0.5 0.3
v -0.3 0.5 0.3
v -0.3 0.6 0.3
v -0.4 0.5 0.2
v -0.4 0.6 0.2
v -0.3 0.6 0.2
v -0.3 0.5 0.2
v -0.3 0.6 0.3
v -0.3 0.5 0.3
v -0.2 0.5 0.3
v -0.2 0.6 0.3
v -0.3 0.5 0.2
v -0.3 0.6 0.2
v -0.2 0.6 0.2
v -0.2 0.5 0.2
v -0.2 0.6 0.3
v -0.2 0.5 0.3
v -0.1 0.5 0.3
v -0.1 0.6 0.3
v -0.2 0.5 0.2
v -0.2 0.6 0.2
v -0.1 0.6 0.2
v -0.1 0.5 0.2
v -0.1 0.6 0.3
v -0.1 0.5 0.3
v 0 0.5 0.3
v 0 0.6 0.3
v -0.1 0.5 0.2
v -0.1 0.6 0.2
v 0 0.6 0.2
v 0 0.5 0.2
v 0 0.6 0.3
v 0 0.5 0.3
v 0.1 0.5 0.3
v 0.1 0.6 0.3
v 0 0.5 0.2
v 0 0.6 0.2
v 0.1 0.6 0.2
v 0.1 0.5 0.2
v 0.1 0.6 0.3
v 0.1 0.5 0.3
v 0.2 0.5 0.3
v 0.2 0.6 0.3
v 0.1 0.5 0.2
v 0.1 0.6 0.2
v 0.2 0.6 0.2
v 0.2 0.5 0.2
v 0.2 0.6 0.3
v 0.2 0.5 0.3
v 0.3 0.5 0.3
v 0.3 0.6 0.3
v 0.2 0.5 0.2
v 0.2 0.6 0.2
v 0.3 0.6 0.2
v 0.3 0.5 0.2
v 0.3 0.6 0.3
v 0.3 0.5 0.3
v 0.4 0.5 0.3
v 0.4 0.6 0.3
v 0.3 0.5 0.2
v 0.3 0.6 0.2
v 0.4 0.6 0.2
v 0.4 0.5 0.2
v 0.4 0.6 0.3
v 0.4 0.5 0.3
v 0.5 0.5 0.3
v 0.5 0.6 0.3
v 0.4 0.5 0.2
v 0.4 0.6 0.2
v 0.5 0.6 0.2
v 0.5 0.5 0.2
v 0.5 0.6 0.3
v 0.5 0.5 0.3
v 0.6 0.5 0.3
v 0.6 0.6 0.3
v 0.5 0.5 0.2
v 0.5 0.6 0.2
v 0.6 0.6 0.2
v 0.6 0.5 0.2
v 0.6 0.6 0.3
v 0.6 0.5 0.3
v 0.7 0.5 0.3
v 0.7 0.6 0.3
v 0.6 0.5 0.2
v 0.6 0.6 0.2
v 0.7 0.6 0.2
v 0.7 0.5 0.2
v 0.7 0.6 0.3
v 0.7 0.5 0.3
v 0.8 0.5 0.3
v 0.8 0.6 0.3
v 0.7 0.5 0.2
v 0.7 0.6 0.2
v 0.8 0.6 0.2
v 0.8 0.5 0.2
v 0.8 0.6 0.3
v 0.8 0.5 0.3
v 0.9 0.5 0.3
v 0.9 0.6 0.3
v 0.8 0.5 0.2
v 0.8 0.6 0.2
v 0.9 0.6 0.2
v 0.9 0.5 0.2
v 0.9 0.6 0.3
v 0.9 0.5 0.3
v 1 0.5 0.3
v 1 0.6 0.3
v 0.9 0.5 0.2
v 0.9 0.6 0.2
v 1 0.6 0.2
v 1 0.5 0.2
v 1 0.6 0.3
v 1 0.5 0.3
v 1.1 0.5 0.3
v 1.1 0.6 0.3
v 1 0.5 0.2
v 1 0.6 0.2
v 1.1 0.6 0.2
v 1.1 0.5 0.2
v 1.2 0.5 0.3
v 1.2 0.5 0.2
v 1.2 0.6 0.2
v 1.2 0.6 0.3
v 1.1 0.6 0.3
v 1.1 0.5 0.3
v 1.2 0.5 0.3
v 1.2 0.6 0.3
v 1.1 0.5 0.2
v 1.1 0.6 0.2
v 1.2 0.6 0.2
v 1.2 0.5 0.2
v -1.2 0.5 0.3
v -1.2 0.5 0.2
v -1.2 0.4 0.2
v -1.2 0.4 0.3
v -1.2 0.5 0.3
v -1.2 0.4 0.3
v -1.1 0.4 0.3
v -1.1 0.5 0.3
v -1.2 0.4 0.2
v -1.2 0.5 0.2
v -1.1 0.5 0.2
v -1.1 0.4 0.2
v -1.1 0.5 0.3
v -1.1 0.4 0.3
v -1 0.4 0.3
v -1 0.5 0.3
v -1.1 0.4 0.2
v -1.1 0.5 0.2
v -1 0.5 0.2
v -1 0.4 0.2
v -1 0.5 0.3
v -1 0.4 0.3
v -0.9 0.4 0.3
v -0.9 0.5 0.3
v -1 0.4 0.2
v -1 0.5 0.2
v -0.9 0.5 0.2
v -0.9 0.4 0.2
v -0.9 0.5 0.3
v -0.9 0.4 0.3
v -0.8 0.4 0.3
v -0.8 0.5 0.3
v -0.9 0.4 0.2
v -0.9 0.5 0.2
v -0.8 0.5 0.2
v -0.8 0.4 0.2
v -0.8 0.5 0.3
v -0.8 0.4 0.3
v -0.7 0.4 0.3
v -0.7 0.5 0.3
v -0.8 0.4 0.2
v -0.8 0.5 0.2
v -0.7 0.5 0.2
v -0.7 0.4 0.2
v -0.7 0.5 0.3
v -0.7 0.4 0.3
v -0.6 0.4 0.3
v -0.6 0.5 0.3
v -0.7 0.4 0.2
v -0.7 0.5 0.2
v -0.6 0.5 0.2
v -0.6 0.4 0.2
v -0.6 0.5 0.3
v -0.6 0.4 0.3
v -0.5 0.4 0.3
v -0.5 0.5 0.3
v -0.6 0.4 0.2
v -0.6 0.5 0.2
v -0.5 0.5 0.2
v -0.5 0.4 0.2
v -0.5 0.5 0.3
v -0.5 0.4 0.3
v -0.4 0.4 0.3
v -0.4 0.5 0.3
v -0.5 0.4 0.2
v -0.5 0.5 0.2
v -0.4 0.5 0.2
v -0.4 0.4 0.2
v -0.4 0.5 0.3
v -0.4 0.4 0.3
v -0.3 0.4 0.3
v -0.3 0.5 0.3
v -0.4 0.4 0.2
v -0.4 0.5 0.2
v -0.3 0.5 0.2
v -0.3 0.4 0.2
v -0.3 0.5 0.3
v -0.3 0.4 0.3
v -0.2 0.4 0.3
v -0.2 0.5 0.3
v -0.3 0.4 0.2
v -0.3 0.5 0.2
v -0.2 0.5 0.2
v -0.2 0.4 0.2
v -0.2 0.5 0.3
v -0.2 0.4 0.3
v -0.1 0.4 0.3
v -0.1 0.5 0.3
v -0.2 0.4 0.2
v -0.2 0.5 0.2
v -0.1 0.5 0.2
v -0.1 0.4 0.2
v -0.1 0.5 0.3
v -0.1 0.4 0.3
v 0 0.4 0.3
v 0 0.5 0.3
v -0.1 0.4 0.2
v -0.1 0.5 0.2
v 0 0.5 0.2
v 0 0.4 0.2
v 0 0.5 0.3
v 0 0.4 0.3
v 0.1 0.4 0.3
v 0.1 0.5 0.3
v 0 0.4 0.2
v 0 0.5 0.2
v 0.1 0.5 0.2
v 0.1 0.4 0.2
v 0.1 0.5 0.3
v 0.1 0.4 0.3
v 0.2 0.4 0.3
v 0.2 0.5 0.3
v 0.1 0.4 0.2
v 0.1 0.5 0.2
v 0.2 0.5 0.2
v 0.2 0.4 0.2
v 0.2 0.5 0.3
v 0.2 0.4 0.3
v 0.3 0.4 0.3
v 0.3 0.5 0.3
v 0.2 0.4 0.2
v 0.2 0.5 0.2
v 0.3 0.5 0.2
v 0.3 0.4 0.2
v 0.3 0.5 0.3
v 0.3 0.4 0.3
v 0.4 0.4 0.3
v 0.4 0.5 0.3
v 0.3 0.4 0.2
v 0.3 0.5 0.2
v 0.4 0.5 0.2
v 0.4 0.4 0.2
v 0.4 0.5 0.3
v 0.4 0.4 0.3
v 0.5 0.4 0.3
v 0.5 0.5 0.3
v 0.4 0.4 0.2
v 0.4 0.5 0.2
v 0.5 0.5 0.2
v 0.5 0.4 0.2
v 0.5 0.5 0.3
v 0.5 0.4 0.3
v 0.6 0.4 0.3
v 0.6 0.5 0.3
v 0.5 0.4 0.2
v 0.5 0.5 0.2
v 0.6 0.5 0.2
v 0.6 0.4 0.2
v 0.6 0.5 0.3
v 0.6 0.4 0.3
v 0.7 0.4 0.3
v 0.7 0.5 0.3
v 0.6 0.4 0.2
v 0.6 0.5 0.2
v 0.7 0.5 0.2
v 0.7 0.4 0.2
v 0.7 0.5 0.3
v 0.7 0.4 0.3
v 0.8 0.4 0.3
v 0.8 0.5 0.3
v 0.7 0.4 0.2
v 0.7 0.5 0.2
v 0.8 0.5 0.2
v 0.8 0.4 0.2
v 0.8 0.5 0.3
v 0.8 0.4 0.3
v 0.9 0.4 0.3
v 0.9 0.5 0.3
v 0.8 0.4 0.2
v 0.8 0.5 0.2
v 0.9 0.5 0.2
v 0.9 0.4 0.2
v 0.9 0.5 0.3
v 0.9 0.4 0.3
v 1 0.4 0.3
v 1 0.5 0.3
v 0.9 0.4 0.2
v 0.9 0.5 0.2
v 1 0.5 0.2
v 1 0.4 0.2
v 1 0.5 0.3
v 1 0.4 0.3
v 1.1 0.4 0.3
v 1.1 0.5 0.3
v 1 0.4 0.2
v 1 0.5 0.2
v 1.1 0.5 0.2
v 1.1 0.4 0.2
v 1.2 0.4 0.3
v 1.2 0.4 0.2
v 1.2 0.5 0.2
v 1.2 0.5 0.3
v 1.1 0.5 0.3
v 1.1 0.4 0.3
v 1.2 0.4 0.3
v 1.2 0.5 0.3
v 1.1 0.4 0.2
v 1.1 0.5 0.2
v 1.2 0.5 0.2
v 1.2 0.4 0.2
v -1.2 0.4 0.3
v -1.2 0.4 0.2
v -1.2 0.3 0.2
v -1.2 0.3 0.3
v -1.2 0.4 0.3
v -1.2 0.3 0.3
v -1.1 0.3 0.3
v -1.1 0.4 0.3
v -1.2 0.3 0.2
v -1.2 0.4 0.2
v -1.1 0.4 0.2
v -1.1 0.3 0.2
v -1.1 0.4 0.3
v -1.1 0.3 0.3
v -1 0.3 0.3
v -1 0.4 0.3
v -1.1 0.3 0.2
v -1.1 0.4 0.2
v -1 0.4 0.2
v -1 0.3 0.2
v -1 0.4 0.3
v -1 0.3 0.3
v -0.9 0.3 0.3
v -0.9 0.4 0.3
v -1 0.3 0.2
v -1 0.4 0.2
v -0.9 0.4 0.2
v -0.9 0.3 0.2
v -0.9 0.4 0.3
v -0.9 0.3 0.3
v -0.8 0.3 0.3
v -0.8 0.4 0.3
v -0.9 0.3 0.2
v -0.9 0.4 0.2
v -0.8 0.4 0.2
v -0.8 0.3 0.2
v -0.8 0.4 0.3
v -0.8 0.3 0.3
v -0.7 0.3 0.3
v -0.7 0.4 0.3
v -0.8 0.3 0.2
v -0.8 0.4 0.2
v -0.7 0.4 0.2
v -0.7 0.3 0.2
v -0.7 0.4 0.3
v -0.7 0.3 0.3
v -0.6 0.3 0.3
v -0.6 0.4 0.3
v -0.7 0.3 0.2
v -0.7 0.4 0.2
v -0.6 0.4 0.2
v -0.6 0.3 0.2
v -0.6 0.4 0.3
v -0.6 0.3 0.3
v -0.5 0.3 0.3
v -0.5 0.4 0.3
v -0.6 0.3 0.2
v -0.6 0.4 0.2
v -0.5 0.4 0.2
v -0.5 0.3 0.2
v -0.5 0.4 0.3
v -0.5 0.3 0.3
v -0.4 0.3 0.3
v -0.4 0.4 0.3
v -0.5 0.3 0.2
v -0.5 0.4 0.2
v -0.4 0.4 0.2
v -0.4 0.3 0.2
v -0.4 0.4 0.3
v -0.4 0.3 0.3
v -0.3 0.3 0.3
v -0.3 0.4 0.3
v -0.4 0.3 0.2
v -0.4 0.4 0.2
v -0.3 0.4 0.2
v -0.3 0.3 0.2
v -0.3 0.4 0.3
v -0.3 0.3 0.3
v -0.2 0.3 0.3
v -0.2 0.4 0.3
v -0.3 0.3 0.2
v -0.3 0.4 0.2
v -0.2 0.4 0.2
v -0.2 0.3 0.2
v -0.2 0.4 0.3
v -0.2 0.3 0.3
v -0.1 0.3 0.3
v -0.1 0.4 0.3
v -0.2 0.3 0.2
v -0.2 0.4 0.2
v -0.1 0.4 0.2
v -0.1 0.3 0.2
v -0.1 0.4 0.3
v -0.1 0.3 0.3
v 0 0.3 0.3
v 0 0.4 0.3
v -0.1 0.3 0.2
v -0.1 0.4 0.2
v 0 0.4 0.2
v 0 0.3 0.2
v 0 0.4 0.3
v 0 0.3 0.3
v 0.1 0.3 0.3
v 0.1 0.4 0.3
v 0 0.3 0.2
v 0 0.4 0.2
v 0.1 0.4 0.2
v 0.1 0.3 0.2
v 0.1 0.4 0.3
v 0.1 0.3 0.3
v 0.2 0.3 0.3
v 0.2 0.4 0.3
v 0.1 0.3 0.2
v 0.1 0.4 0.2
v 0.2 0.4 0.2
v 0.2 0.3 0.2
v 0.2 0.4 0.3
v 0.2 0.3 0.3
v 0.3 0.3 0.3
v 0.3 0.4 0.3
v 0.2 0.3 0.2
v 0.2 0.4 0.2
v 0.3 0.4 0.2
v 0.3 0.3 0.2
v 0.3 0.4 0.3
v 0.3 0.3 0.3
v 0.4 0.3 0.3
v 0.4 0.4 0.3
v 0.3 0.3 0.2
v 0.3 0.4 0.2
v 0.4 0.4 0.2
v 0.4 0.3 0.2
v 0.4 0.4 0.3
v 0.4 0.3 0.3
v 0.5 0.3 0.3
v 0.5 0.4 0.3
v 0.4 0.3 0.2
v 0.4 0.4 0.2
v 0.5 0.4 0.2
v 0.5 0.3 0.2
v 0.5 0.4 0.3
v 0.5 0.3 0.3
v 0.6 0.3 0.3
v 0.6 0.4 0.3
v 0.5 0.3 0.2
v 0.5 0.4 0.2
v 0.6 0.4 0.2
v 0.6 0.3 0.2
v 0.6 0.4 0.3
v 0.6 0.3 0.3
v 0.7 0.3 0.3
v 0.7 0.4 0.3
v 0.6 0.3 0.2
v 0.6 0.4 0.2
v 0.7 0.4 0.2
v 0.7 0.3 0.2
v 0.7 0.4 0.3
v 0.7 0.3 0.3
v 0.8 0.3 0.3
v 0.8 0.4 0.3
v 0.7 0.3 0.2
v 0.7 0.4 0.2
v 0.8 0.4 0.2
v 0.8 0.3 0.2
v 0.8 0.4 0.3
v 0.8 0.3 0.3
v 0.9 0.3 0.3
v 0.9 0.4 0.3
v 0.8 0.3 0.2
v 0.8 0.4 0.2
v 0.9 0.4 0.2
v 0.9 0.3 0.2
v 0.9 0.4 0.3
v 0.9 0.3 0.3
v 1 0.3 0.3
v 1 0.4 0.3
v 0.9 0.3 0.2
v 0.9 0.4 0.2
v 1 0.4 0.2
v 1 0.3 0.2
v 1 0.4 0.3
v 1 0.3 0.3
v 1.1 0.3 0.3
v 1.1 0.4 0.3
v 1 0.3 0.2
v 1 0.4 0.2
v 1.1 0.4 0.2
v 1.1 0.3 0.2
v 1.2 0.3 0.3
v 1.2 0.3 0.2
v 1.2 0.4 0.2
v 1.2 0.4 0.3
v 1.1 0.4 0.3
v 1.1 0.3 0.3
v 1.2 0.3 0.3
v 1.2 0.4 0.3
v 1.1 0.3 0.2
v 1.1 0.4 0.2
v 1.2 0.4 0.2
v 1.2 0.3 0.2
v -1.2 0.3 0.3
v -1.2 0.3 0.2
v -1.2 0.2 0.2
v -1.2 0.2 0.3
v -1.2 0.3 0.3
v -1.2 0.2 0.3
v -1.1 0.2 0.3
v -1.1 0.3 0.3
v -1.2 0.2 0.2
v -1.2 0.3 0.2
v -1.1 0.3 0.2
v -1.1 0.2 0.2
v -1.1 0.3 0.3
v -1.1 0.2 0.3
v -1 0.2 0.3
v -1 0.3 0.3
v -1.1 0.2 0.2
v -1.1 0.3 0.2
v -1 0.3 0.2
v -1 0.2 0.2
v -1 0.3 0.3
v -1 0.2 0.3
v -0.9 0.2 0.3
v -0.9 0.3 0.3
v -1 0.2 0.2
v -1 0.3 0.2
v -0.9 0.3 0.2
v -0.9 0.2 0.2
v -0.9 0.3 0.3
v -0.9 0.2 0.3
v -0.8 0.2 0.3
v -0.8 0.3 0.3
v -0.9 0.2 0.2
v -0.9 0.3 0.2
v -0.8 0.3 0.2
v -0.8 0.2 0.2
v -0.8 0.3 0.3
v -0.8 0.2 0.3
v -0.7 0.2 0.3
v -0.7 0.3 0.3
v -0.8 0.2 0.2
v -0.8 0.3 0.2
v -0.7 0.3 0.2
v -0.7 0.2 0.2
v -0.7 0.3 0.3
v -0.7 0.2 0.3
v -0.6 0.2 0.3
v -0.6 0.3 0.3
v -0.7 0.2 0.2
v -0.7 0.3 0.2
v -0.6 0.3 0.2
v -0.6 0.2 0.2
v -0.6 0.3 0.3
v -0.6 0.2 0.3
v -0.5 0.2 0.3
v -0.5 0.3 0.3
v -0.6 0.2 0.2
v -0.6 0.3 0.2
v -0.5 0.3 0.2
v -0.5 0.2 0.2
v -0.5 0.3 0.3
v -0.5 0.2 0.3
v -0.4 0.2 0.3
v -0.4 0.3 0.3
v -0.5 0.2 0.2
v -0.5 0.3 0.2
v -0.4 0.3 0.2
v -0.4 0.2 0.2
v -0.4 0.3 0.3
v -0.4 0.2 0.3
v -0.3 0.2 0.3
v -0.3 0.3 0.3
v -0.4 0.2 0.2
v -0.4 0.3 0.2
v -0.3 0.3 0.2
v -0.3 0.2 0.2
v -0.3 0.3 0.3
v -0.3 0.2 0.3
v -0.2 0.2 0.3
v -0.2 0.3 0.3
v -0.3 0.2 0.2
v -0.3 0.3 0.2
v -0.2 0.3 0.2
v -0.2 0.2 0.2
v -0.2 0.3 0.3
v -0.2 0.2 0.3
v -0.1 0.2 0.3
v -0.1 0.3 0.3
v -0.2 0.2 0.2
v -0.2 0.3 0.2
v -0.1 0.3 0.2
v -0.1 0.2 0.2
v -0.1 0.3 0.3
v -0.1 0.2 0.3
v 0 0.2 0.3
v 0 0.3 0.3
v -0.1 0.2 0.2
v -0.1 0.3 0.2
v 0 0.3 0.2
v 0 0.2 0.2
v 0 0.3 0.3
v 0 0.2 0.3
v 0.1 0.2 0.3
v 0.1 0.3 0.3
v 0 0.2 0.2
v 0 0.3 0.2
v 0.1 0.3 0.2
v 0.1 0.2 0.2
v 0.1 0.3 0.3
v 0.1 0.2 0.3
v 0.2 0.2 0.3
v 0.2 0.3 0.3
v 0.1 0.2 0.2
v 0.1 0.3 0.2
v 0.2 0.3 0.2
v 0.2 0.2 0.2
v 0.2 0.3 0.3
v 0.2 0.2 0.3
v 0.3 0.2 0.3
v 0.3 0.3 0.3
v 0.2 0.2 0.2
v 0.2 0.3 0.2
v 0.3 0.3 0.2
v 0.3 0.2 0.2
v 0.3 0.3 0.3
v 0.3 0.2 0.3
v 0.4 0.2 0.3
v 0.4 0.3 0.3
v 0.3 0.2 0.2
v 0.3 0.3 0.2
v 0.4 0.3 0.2
v 0.4 0.2 0.2
v 0.4 0.3 0.3
v 0.4 0.2 0.3
v 0.5 0.2 0.3
v 0.5 0.3 0.3
v 0.4 0.2 0.2
v 0.4 0.3 0.2
v 0.5 0.3 0.2
v 0.5 0.2 0.2
v 0.5 0.3 0.3
v 0.5 0.2 0.3
v 0.6 0.2 0.3
v 0.6 0.3 0.3
v 0.5 0.2 0.2
v 0.5 0.3 0.2
v 0.6 0.3 0.2
v 0.6 0.2 0.2
v 0.6 0.3 0.3
v 0.6 0.2 0.3
v 0.7 0.2 0.3
v 0.7 0.3 0.3
v 0.6 0.2 0.2
v 0.6 0.3 0.2
v 0.7 0.3 0.2
v 0.7 0.2 0.2
v 0.7 0.3 0.3
v 0.7 0.2 0.3
v 0.8 0.2 0.3
v 0.8 0.3 0.3
v 0.7 0.2 0.2
v 0.7 0.3 0.2
v 0.8 0.3 0.2
v 0.8 0.2 0.2
v 0.8 0.3 0.3
v 0.8 0.2 0.3
v 0.9 0.2 0.3
v 0.9 0.3 0.3
v 0.8 0.2 0.2
v 0.8 0.3 0.2
v 0.9 0.3 0.2
v 0.9 0.2 0.2
v 0.9 0.3 0.3
v 0.9 0.2 0.3
v 1 0.2 0.3
v 1 0.3 0.3
v 0.9 0.2 0.2
v 0.9 0.3 0.2
v 1 0.3 0.2
v 1 0.2 0.2
v 1 0.3 0.3
v 1 0.2 0.3
v 1.1 0.2 0.3
v 1.1 0.3 0.3
v 1 0.2 0.2
v 1 0.3 0.2
v 1.1 0.3 0.2
v 1.1 0.2 0.2
v 1.2 0.2 0.3
v 1.2 0.2 0.2
v 1.2 0.3 0.2
v 1.2 0.3 0.3
v 1.1 0.3 0.3
v 1.1 0.2 0.3
v 1.2 0.2 0.3
v 1.2 0.3 0.3
v 1.1 0.2 0.2
v 1.1 0.3 0.2
v 1.2 0.3 0.2
v 1.2 0.2 0.2
v -1.2 0.2 0.3
v -1.2 0.2 0.2
v -1.2 0.1 0.2
v -1.2 0.1 0.3
v -1.2 0.2 0.3
v -1.2 0.1 0.3
v -1.1 0.1 0.3
v -1.1 0.2 0.3
v -1.2 0.1 0.2
v -1.2 0.2 0.2
v -1.1 0.2 0.2
v -1.1 0.1 0.2
v -1.1 0.2 0.3
v -1.1 0.1 0.3
v -1 0.1 0.3
v -1 0.2 0.3
v -1.1 0.1 0.2
v -1.1 0.2 0.2
v -1 0.2 0.2
v -1 0.1 0.2
v -1 0.2 0.3
v -1 0.1 0.3
v -0.9 0.1 0.3
v -0.9 0.2 0.3
v -1 0.1 0.2
v -1 0.2 0.2
v -0.9 0.2 0.2
v -0.9 0.1 0.2
v -0.9 0.2 0.3
v -0.9 0.1 0.3
v -0.8 0.1 0.3
v -0.8 0.2 0.3
v -0.9 0.1 0.2
v -0.9 0.2 0.2
v -0.8 0.2 0.2
v -0.8 0.1 0.2
v -0.8 0.2 0.3
v -0.8 0.1 0.3
v -0.7 0.1 0.3
v -0.7 0.2 0.3
v -0.8 0.1 0.2
v -0.8 0.2 0.2
v -0.7 0.2 0.2
v -0.7 0.1 0.2
v -0.7 0.2 0.3
v -0.7 0.1 0.3
v -0.6 0.1 0.3
v -0.6 0.2 0.3
v -0.7 0.1 0.2
v -0.7 0.2 0.2
v -0.6 0.2 0.2
v -0.6 0.1 0.2
v -0.6 0.2 0.3
v -0.6 0.1 0.3
v -0.5 0.1 0.3
v -0.5 0.2 0.3
v -0.6 0.1 0.2
v -0.6 0.2 0.2
v -0.5 0.2 0.2
v -0.5 0.1 0.2
v -0.5 0.2 0.3
v -0.5 0.1 0.3
v -0.4 0.1 0.3
v -0.4 0.2 0.3
v -0.5 0.1 0.2
v -0.5 0.2 0.2
v -0.4 0.2 0.2
v -0.4 0.1 0.2
v -0.4 0.2 0.3
v -0.4 0.1 0.3
v -0.3 0.1 0.3
v -0.3 0.2 0.3
v -0.4 0.1 0.2
v -0.4 0.2 0.2
v -0.3 0.2 0.2
v -0.3 0.1 0.2
v -0.3 0.2 0.3
v -0.3 0.1 0.3
v -0.2 0.1 0.3
v -0.2 0.2 0.3
v -0.3 0.1 0.2
v -0.3 0.2 0.2
v -0.2 0.2 0.2
v -0.2 0.1 0.2
v -0.2 0.2 0.3
v -0.2 0.1 0.3
v -0.1 0.1 0.3
v -0.1 0.2 0.3
v -0.2 0.1 0.2
v -0.2 0.2 0.2
v -0.1 0.2 0.2
v -0.1 0.1 0.2
v -0.1 0.2 0.3
v -0.1 0.1 0.3
v 0 0.1 0.3
v 0 0.2 0.3
v -0.1 0.1 0.2
v -0.1 0.2 0.2
v 0 0.2 0.2
v 0 0.1 0.2
v 0 0.2 0.3
v 0 0.1 0.3
v 0.1 0.1 0.3
v 0.1 0.2 0.3
v 0 0.1 0.2
v 0 0.2 0.2
v 0.1 0.2 0.2
v 0.1 0.1 0.2
v 0.1 0.2 0.3
v 0.1 0.1 0.3
v 0.2 0.1 0.3
v 0.2 0.2 0.3
v 0.1 0.1 0.2
v 0.1 0.2 0.2
v 0.2 0.2 0.2
v 0.2 0.1 0.2
v 0.2 0.2 0.3
v 0.2 0.1 0.3
v 0.3 0.1 0.3
v 0.3 0.2 0.3
v 0.2 0.1 0.2
v 0.2 0.2 0.2
v 0.3 0.2 0.2
v 0.3 0.1 0.2
v 0.3 0.2 0.3
v 0.3 0.1 0.3
v 0.4 0.1 0.3
v 0.4 0.2 0.3
v 0.3 0.1 0.2
v 0.3 0.2 0.2
v 0.4 0.2 0.2
v 0.4 0.1 0.2
v 0.4 0.2 0.3
v 0.4 0.1 0.3
v 0.5 0.1 0.3
v 0.5 0.2 0.3
v 0.4 0.1 0.2
v 0.4 0.2 0.2
v 0.5 0.2 0.2
v 0.5 0.1 0.2
v 0.5 0.2 0.3
v 0.5 0.1 0.3
v 0.6 0.1 0.3
v 0.6 0.2 0.3
v 0.5 0.1 0.2
v 0.5 0.2 0.2
v 0.6 0.2 0.2
v 0.6 0.1 0.2
v 0.6 0.2 0.3
v 0.6 0.1 0.3
v 0.7 0.1 0.3
v 0.7 0.2 0.3
v 0.6 0.1 0.2
v 0.6 0.2 0.2
v 0.7 0.2 0.2
v 0.7 0.1 0.2
v 0.7 0.2 0.3
v 0.7 0.1 0.3
v 0.8 0.1 0.3
v 0.8 0.2 0.3
v 0.7 0.1 0.2
v 0.7 0.2 0.2
v 0.8 0.2 0.2
v 0.8 0.1 0.2
v 0.8 0.2 0.3
v 0.8 0.1 0.3
v 0.9 0.1 0.3
v 0.9 0.2 0.3
v 0.8 0.1 0.2
v 0.8 0.2 0.2
v 0.9 0.2 0.2
v 0.9 0.1 0.2
v 0.9 0.2 0.3
v 0.9 0.1 0.3
v 1 0.1 0.3
v 1 0.2 0.3
v 0.9 0.1 0.2
v 0.9 0.2 0.2
v 1 0.2 0.2
v 1 0.1 0.2
v 1 0.2 0.3
v 1 0.1 0.3
v 1.1 0.1 0.3
v 1.1 0.2 0.3
v 1 0.1 0.2
v 1 0.2 0.2
v 1.1 0.2 0.2
v 1.1 0.1 0.2
v 1.2 0.1 0.3
v 1.2 0.1 0.2
v 1.2 0.2 0.2
v 1.2 0.2 0.3
v 1.1 0.2 0.3
v 1.1 0.1 0.3
v 1.2 0.1 0.3
v 1.2 0.2 0.3
v 1.1 0.1 0.2
v 1.1 0.2 0.2
v 1.2 0.2 0.2
v 1.2 0.1 0.2
v -1.2 0.1 0.3
v -1.2 0.1 0.2
v -1.2 0 0.2
v -1.2 0 0.3
v -1.2 0.1 0.3
v -1.2 0 0.3
v -1.1 0 0.3
v -1.1 0.1 0.3
v -1.2 0 0.2
v -1.2 0.1 0.2
v -1.1 0.1 0.2
v -1.1 0 0.2
v -1.1 0.1 0.3
v -1.1 0 0.3
v -1 0 0.3
v -1 0.1 0.3
v -1.1 0 0.2
v -1.1 0.1 0.2
v -1 0.1 0.2
v -1 0 0.2
v -1 0.1 0.3
v -1 0 0.3
v -0.9 0 0.3
v -0.9 0.1 0.3
v -1 0 0.2
v -1 0.1 0.2
v -0.9 0.1 0.2
v -0.9 0 0.2
v -0.9 0.1 0.3
v -0.9 0 0.3
v -0.8 0 0.3
v -0.8 0.1 0.3
v -0.9 0 0.2
v -0.9 0.1 0.2
v -0.8 0.1 0.2
v -0.8 0 0.2
v -0.8 0.1 0.3
v -0.8 0 0.3
v -0.7 0 0.3
v -0.7 0.1 0.3
v -0.8 0 0.2
v -0.8 0.1 0.2
v -0.7 0.1 0.2
v -0.7 0 0.2
v -0.7 0.1 0.3
v -0.7 0 0.3
v -0.6 0 0.3
v -0.6 0.1 0.3
v -0.7 0 0.2
v -0.7 0.1 0.2
v -0.6 0.1 0.2
v -0.6 0 0.2
v -0.6 0.1 0.3
v -0.6 0 0.3
v -0.5 0 0.3
v -0.5 0.1 0.3
v -0.6 0 0.2
v -0.6 0.1 0.2
v -0.5 0.1 0.2
v -0.5 0 0.2
v -0.5 0.1 0.3
v -0.5 0 0.3
v -0.4 0 0.3
v -0.4 0.1 0.3
v -0.5 0 0.2
v -0.5 0.1 0.2
v -0.4 0.1 0.2
v -0.4 0 0.2
v -0.4 0.1 0.3
v -0.4 0 0.3
v -0.3 0 0.3
v -0.3 0.1 0.3
v -0.4 0 0.2
v -0.4 0.1 0.2
v -0.3 0.1 0.2
v -0.3 0 0.2
v -0.3 0.1 0.3
v -0.3 0 0.3
v -0.2 0 0.3
v -0.2 0.1 0.3
v -0.3 0 0.2
v -0.3 0.1 0.2
v -0.2 0.1 0.2
v -0.2 0 0.2
v -0.2 0.1 0.3
v -0.2 0 0.3
v -0.1 0 0.3
v -0.1 0.1 0.3
v -0.2 0 0.2
v -0.2 0.1 0.2
v -0.1 0.1 0.2
v -0.1 0 0.2
v -0.1 0.1 0.3
v -0.1 0 0.3
v 0 0 0.3
v 0 0.1 0.3
v -0.1 0 0.2
v -0.1 0.1 0.2
v 0 0.1 0.2
v 0 0 0.2
v 0 0.1 0.3
v 0 0 0.3
v 0.1 0 0.3
v 0.1 0.1 0.3
v 0 0 0.2
v 0 0.1 0.2
v 0.1 0.1 0.2
v 0.1 0 0.2
v 0.1 0.1 0.3
v 0.1 0 0.3
v 0.2 0 0.3
v 0.2 0.1 0.3
v 0.1 0 0.2
v 0.1 0.1 0.2
v 0.2 0.1 0.2
v 0.2 0 0.2
v 0.2 0.1 0.3
v 0.2 0 0.3
v 0.3 0 0.3
v 0.3 0.1 0.3
v 0.2 0 0.2
v 0.2 0.1 0.2
v 0.3 0.1 0.2
v 0.3 0 0.2
v 0.3 0.1 0.3
v 0.3 0 0.3
v 0.4 0 0.3
v 0.4 0.1 0.3
v 0.3 0 0.2
v 0.3 0.1 0.2
v 0.4 0.1 0.2
v 0.4 0 0.2
v 0.4 0.1 0.3
v 0.4 0 0.3
v 0.5 0 0.3
v 0.5 0.1 0.3
v 0.4 0 0.2
v 0.4 0.1 0.2
v 0.5 0.1 0.2
v 0.5 0 0.2
v 0.5 0.1 0.3
v 0.5 0 0.3
v 0.6 0 0.3
v 0.6 0.1 0.3
v 0.5 0 0.2
v 0.5 0.1 0.2
v 0.6 0.1 0.2
v 0.6 0 0.2
v 0.6 0.1 0.3
v 0.6 0 0.3
v 0.7 0 0.3
v 0.7 0.1 0.3
v 0.6 0 0.2
v 0.6 0.1 0.2
v 0.7 0.1 0.2
v 0.7 0 0.2
v 0.7 0.1 0.3
v 0.7 0 0.3
v 0.8 0 0.3
v 0.8 0.1 0.3
v 0.7 0 0.2
v 0.7 0.1 0.2
v 0.8 0.1 0.2
v 0.8 0 0.2
v 0.8 0.1 0.3
v 0.8 0 0.3
v 0.9 0 0.3
v 0.9 0.1 0.3
v 0.8 0 0.2
v 0.8 0.1 0.2
v 0.9 0.1 0.2
v 0.9 0 0.2
v 0.9 0.1 0.3
v 0.9 0 0.3
v 1 0 0.3
v 1 0.1 0.3
v 0.9 0 0.2
v 0.9 0.1 0.2
v 1 0.1 0.2
v 1 0 0.2
v 1 0.1 0.3
v 1 0 0.3
v 1.1 0 0.3
v 1.1 0.1 0.3
v 1 0 0.2
v 1 0.1 0.2
v 1.1 0.1 0.2
v 1.1 0 0.2
v 1.2 0 0.3
v 1.2 0 0.2
v 1.2 0.1 0.2
v 1.2 0.1 0.3
v 1.1 0.1 0.3
v 1.1 0 0.3
v 1.2 0 0.3
v 1.2 0.1 0.3
v 1.1 0 0.2
v 1.1 0.1 0.2
v 1.2 0.1 0.2
v 1.2 0 0.2
v -1.2 0 0.3
v -1.2 0 0.2
v -1.2 -0.1 0.2
v -1.2 -0.1 0.3
v -1.2 0 0.3
v -1.2 -0.1 0.3
v -1.1 -0.1 0.3
v -1.1 0 0.3
v -1.2 -0.1 0.2
v -1.2 0 0.2
v -1.1 0 0.2
v -1.1 -0.1 0.2
v -1.1 0 0.3
v -1.1 -0.1 0.3
v -1 -0.1 0.3
v -1 0 0.3
v -1.1 -0.1 0.2
v -1.1 0 0.2
v -1 0 0.2
v -1 -0.1 0.2
v -1 0 0.3
v -1 -0.1 0.3
v -0.9 -0.1 0.3
v -0.9 0 0.3
v -1 -0.1 0.2
v -1 0 0.2
v -0.9 0 0.2
v -0.9 -0.1 0.2
v -0.9 0 0.3
v -0.9 -0.1 0.3
v -0.8 -0.1 0.3
v -0.8 0 0.3
v -0.9 -0.1 0.2
v -0.9 0 0.2
v -0.8 0 0.2
v -0.8 -0.1 0.2
v -0.8 0 0.3
v -0.8 -0.1 0.3
v -0.7 -0.1 0.3
v -0.7 0 0.3
v -0.8 -0.1 0.2
v -0.8 0 0.2
v -0.7 0 0.2
v -0.7 -0.1 0.2
v -0.7 0 0.3
v -0.7 -0.1 0.3
v -0.6 -0.1 0.3
v -0.6 0 0.3
v -0.7 -0.1 0.2
v -0.7 0 0.2
v -0.6 0 0.2
v -0.6 -0.1 0.2
v -0.6 0 0.3
v -0.6 -0.1 0.3
v -0.5 -0.1 0.3
v -0.5 0 0.3
v -0.6 -0.1 0.2
v -0.6 0 0.2
v -0.5 0 0.2
v -0.5 -0.1 0.2
v -0.5 0 0.3
v -0.5 -0.1 0.3
v -0.4 -0.1 0.3
v -0.4 0 0.3
v -0.5 -0.1 0.2
v -0.5 0 0.2
v -0.4 0 0.2
v -0.4 -0.1 0.2
v -0.4 0 0.3
v -0.4 -0.1 0.3
v -0.3 -0.1 0.3
v -0.3 0 0.3
v -0.4 -0.1 0.2
v -0.4 0 0.2
v -0.3 0 0.2
v -0.3 -0.1 0.2
v -0.3 0 0.3
v -0.3 -0.1 0.3
v -0.2 -0.1 0.3
v -0.2 0 0.3
v -0.3 -0.1 0.2
v -0.3 0 0.2
v -0.2 0 0.2
v -0.2 -0.1 0.2
v -0.2 0 0.3
v -0.2 -0.1 0.3
v -0.1 -0.1 0.3
v -0.1 0 0.3
v -0.2 -0.1 0.2
v -0.2 0 0.2
v -0.1 0 0.2
v -0.1 -0.1 0.2
v -0.1 0 0.3
v -0.1 -0.1 0.3
v 0 -0.1 0.3
v 0 0 0.3
v -0.1 -0.1 0.2
v -0.1 0 0.2
v 0 0 0.2
v 0 -0.1 0.2
v 0 0 0.3
v 0 -0.1 0.3
v 0.1 -0.1 0.3
v 0.1 0 0.3
v 0 -0.1 0.2
v 0 0 0.2
v 0.1 0 0.2
v 0.1 -0.1 0.2
v 0.1 0 0.3
v 0.1 -0.1 0.3
v 0.2 -0.1 0.3
v 0.2 0 0.3
v 0.1 -0.1 0.2
v 0.1 0 0.2
v 0.2 0 0.2
v 0.2 -0.1 0.2
v 0.2 0 0.3
v 0.2 -0.1 0.3
v 0.3 -0.1 0.3
v 0.3 0 0.3
v 0.2 -0.1 0.2
v 0.2 0 0.2
v 0.3 0 0.2
v 0.3 -0.1 0.2
v 0.3 0 0.3
v 0.3 -0.1 0.3
v 0.4 -0.1 0.3
v 0.4 0 0.3
v 0.3 -0.1 0.2
v 0.3 0 0.2
v 0.4 0 0.2
v 0.4 -0.1 0.2
v 0.4 0 0.3
v 0.4 -0.1 0.3
v 0.5 -0.1 0.3
v 0.5 0 0.3
v 0.4 -0.1 0.2
v 0.4 0 0.2
v 0.5 0 0.2
v 0.5 -0.1 0.2
v 0.5 0 0.3
v 0.5 -0.1 0.3
v 0.6 -0.1 0.3
v 0.6 0 0.3
v 0.5 -0.1 0.2
v 0.5 0 0.2
v 0.6 0 0.2
v 0.6 -0.1 0.2
v 0.6 0 0.3
v 0.6 -0.1 0.3
v 0.7 -0.1 0.3
v 0.7 0 0.3
v 0.6 -0.1 0.2
v 0.6 0 0.2
v 0.7 0 0.2
v 0.7 -0.1 0.2
v 0.7 0 0.3
v 0.7 -0.1 0.3
v 0.8 -0.1 0.3
v 0.8 0 0.3
v 0.7 -0.1 0.2
v 0.7 0 0.2
v 0.8 0 0.2
v 0.8 -0.1 0.2
v 0.8 0 0.3
v 0.8 -0.1 0.3
v 0.9 -0.1 0.3
v 0.9 0 0.3
v 0.8 -0.1 0.2
v 0.8 0 0.2
v 0.9 0 0.2
v 0.9 -0.1 0.2
v 0.9 0 0.3
v 0.9 -0.1 0.3
v 1 -0.1 0.3
v 1 0 0.3
v 0.9 -0.1 0.2
v 0.9 0 0.2
v 1 0 0.2
v 1 -0.1 0.2
v 1 0 0.3
v 1 -0.1 0.3
v 1.1 -0.1 0.3
v 1.1 0 0.3
v 1 -0.1 0.2
v 1 0 0.2
v 1.1 0 0.2
v 1.1 -0.1 0.2
v 1.2 -0.1 0.3
v 1.2 -0.1 0.2
v 1.2 0 0.2
v 1.2 0 0.3
v 1.1 0 0.3
v 1.1 -0.1 0.3
v 1.2 -0.1 0.3
v 1.2 0 0.3
v 1.1 -0.1 0.2
v 1.1 0 0.2
v 1.2 0 0.2
v 1.2 -0.1 0.2
v -1.2 -0.1 0.3
v -1.2 -0.1 0.2
v -1.2 -0.2 0.2
v -1.2 -0.2 0.3
v -1.2 -0.1 0.3
v -1.2 -0.2 0.3
v -1.1 -0.2 0.3
v -1.1 -0.1 0.3
v -1.2 -0.2 0.2
v -1.2 -0.1 0.2
v -1.1 -0.1 0.2
v -1.1 -0.2 0.2
v -1.1 -0.1 0.3
v -1.1 -0.2 0.3
v -1 -0.2 0.3
v -1 -0.1 0.3
v -1.1 -0.2 0.2
v -1.1 -0.1 0.2
v -1 -0.1 0.2
v -1 -0.2 0.2
v -1 -0.1 0.3
v -1 -0.2 0.3
v -0.9 -0.2 0.3
v -0.9 -0.1 0.3
v -1 -0.2 0.2
v -1 -0.1 0.2
v -0.9 -0.1 0.2
v -0.9 -0.2 0.2
v -0.9 -0.1 0.3
v -0.9 -0.2 0.3
v -0.8 -0.2 0.3
v -0.8 -0.1 0.3
v -0.9 -0.2 0.2
v -0.9 -0.1 0.2
v -0.8 -0.1 0.2
v -0.8 -0.2 0.2
v -0.8 -0.1 0.3
v -0.8 -0.2 0.3
v -0.7 -0.2 0.3
v -0.7 -0.1 0.3
v -0.8 -0.2 0.2
v -0.8 -0.1 0.2
v -0.7 -0.1 0.2
v -0.7 -0.2 0.2
v -0.7 -0.1 0.3
v -0.7 -0.2 0.3
v -0.6 -0.2 0.3
v -0.6 -0.1 0.3
v -0.7 -0.2 0.2
v -0.7 -0.1 0.2
v -0.6 -0.1 0.2
v -0.6 -0.2 0.2
v -0.6 -0.1 0.3
v -0.6 -0.2 0.3
v -0.5 -0.2 0.3
v -0.5 -0.1 0.3
v -0.6 -0.2 0.2
v -0.6 -0.1 0.2
v -0.5 -0.1 0.2
v -0.5 -0.2 0.2
v -0.5 -0.1 0.3
v -0.5 -0.2 0.3
v -0.4 -0.2 0.3
v -0.4 -0.1 0.3
v -0.5 -0.2 0.2
v -0.5 -0.1 0.2
v -0.4 -0.1 0.2
v -0.4 -0.2 0.2
v -0.4 -0.1 0.3
v -0.4 -0.2 0.3
v -0.3 -0.2 0.3
v -0.3 -0.1 0.3
v -0.4 -0.2 0.2
v -0.4 -0.1 0.2
v -0.3 -0.1 0.2
v -0.3 -0.2 0.2
v -0.3 -0.1 0.3
v -0.3 -0.2 0.3
v -0.2 -0.2 0.3
v -0.2 -0.1 0.3
v -0.3 -0.2 0.2
v -0.3 -0.1 0.2
v -0.2 -0.1 0.2
v -0.2 -0.2 0.2
v -0.2 -0.1 0.3
v -0.2 -0.2 0.3
v -0.1 -0.2 0.3
v -0.1 -0.1 0.3
v -0.2 -0.2 0.2
v -0.2 -0.1 0.2
v -0.1 -0.1 0.2
v -0.1 -0.2 0.2
v -0.1 -0.1 0.3
v -0.1 -0.2 0.3
v 0 -0.2 0.3
v 0 -0.1 0.3
v -0.1 -0.2 0.2
v -0.1 -0.1 0.2
v 0 -0.1 0.2
v 0 -0.2 0.2
v 0 -0.1 0.3
v 0 -0.2 0.3
v 0.1 -0.2 0.3
v 0.1 -0.1 0.3
v 0 -0.2 0.2
v 0 -0.1 0.2
v 0.1 -0.1 0.2
v 0.1 -0.2 0.2
v 0.1 -0.1 0.3
v 0.1 -0.2 0.3
v 0.2 -0.2 0.3
v 0.2 -0.1 0.3
v 0.1 -0.2 0.2
v 0.1 -0.1 0.2
v 0.2 -0.1 0.2
v 0.2 -0.2 0.2
v 0.2 -0.1 0.3
v 0.2 -0.2 0.3
v 0.3 -0.2 0.3
v 0.3 -0.1 0.3
v 0.2 -0.2 0.2
v 0.2 -0.1 0.2
v 0.3 -0.1 0.2
v 0.3 -0.2 0.2
v 0.3 -0.1 0.3
v 0.3 -0.2 0.3
v 0.4 -0.2 0.3
v 0.4 -0.1 0.3
v 0.3 -0.2 0.2
v 0.3 -0.1 0.2
v 0.4 -0.1 0.2
v 0.4 -0.2 0.2
v 0.4 -0.1 0.3
v 0.4 -0.2 0.3
v 0.5 -0.2 0.3
v 0.5 -0.1 0.3
v 0.4 -0.2 0.2
v 0.4 -0.1 0.2
v 0.5 -0.1 0.2
v 0.5 -0.2 0.2
v 0.5 -0.1 0.3
v 0.5 -0.2 0.3
v 0.6 -0.2 0.3
v 0.6 -0.1 0.3
v 0.5 -0.2 0.2
v 0.5 -0.1 0.2
v 0.6 -0.1 0.2
v 0.6 -0.2 0.2
v 0.6 -0.1 0.3
v 0.6 -0.2 0.3
v 0.7 -0.2 0.3
v 0.7 -0.1 0.3
v 0.6 -0.2 0.2
v 0.6 -0.1 0.2
v 0.7 -0.1 0.2
v 0.7 -0.2 0.2
v 0.7 -0.1 0.3
v 0.7 -0.2 0.3
v 0.8 -0.2 0.3
v 0.8 -0.1 0.3
v 0.7 -0.2 0.2
v 0.7 -0.1 0.2
v 0.8 -0.1 0.2
v 0.8 -0.2 0.2
v 0.8 -0.1 0.3
v 0.8 -0.2 0.3
v 0.9 -0.2 0.3
v 0.9 -0.1 0.3
v 0.8 -0.2 0.2
v 0.8 -0.1 0.2
v 0.9 -0.1 0.2
v 0.9 -0.2 0.2
v 0.9 -0.1 0.3
v 0.9 -0.2 0.3
v 1 -0.2 0.3
v 1 -0.1 0.3
v 0.9 -0.2 0.2
v 0.9 -0.1 0.2
v 1 -0.1 0.2
v 1 -0.2 0.2
v 1 -0.1 0.3
v 1 -0.2 0.3
v 1.1 -0.2 0.3
v 1.1 -0.1 0.3
v 1 -0.2 0.2
v 1 -0.1 0.2
v 1.1 -0.1 0.2
v 1.1 -0.2 0.2
v 1.2 -0.2 0.3
v 1.2 -0.2 0.2
v 1.2 -0.1 0.2
v 1.2 -0.1 0.3
v 1.1 -0.1 0.3
v 1.1 -0.2 0.3
v 1.2 -0.2 0.3
v 1.2 -0.1 0.3
v 1.1 -0.2 0.2
v 1.1 -0.1 0.2
v 1.2 -0.1 0.2
v 1.2 -0.2 0.2
v -1.2 -0.2 0.3
v -1.2 -0.2 0.2
v -1.2 -0.3 0.2
v -1.2 -0.3 0.3
v -1.2 -0.2 0.3
v -1.2 -0.3 0.3
v -1.1 -0.3 0.3
v -1.1 -0.2 0.3
v -1.2 -0.3 0.2
v -1.2 -0.2 0.2
v -1.1 -0.2 0.2
v -1.1 -0.3 0.2
v -1.1 -0.2 0.3
v -1.1 -0.3 0.3
v -1 -0.3 0.3
v -1 -0.2 0.3
v -1.1 -0.3 0.2
v -1.1 -0.2 0.2
v -1 -0.2 0.2
v -1 -0.3 0.2
v -1 -0.2 0.3
v -1 -0.3 0.3
v -0.9 -0.3 0.3
v -0.9 -0.2 0.3
v -1 -0.3 0.2
v -1 -0.2 0.2
v -0.9 -0.2 0.2
v -0.9 -0.3 0.2
v -0.9 -0.2 0.3
v -0.9 -0.3 0.3
v -0.8 -0.3 0.3
v -0.8 -0.2 0.3
v -0.9 -0.3 0.2
v -0.9 -0.2 0.2
v -0.8 -0.2 0.2
v -0.8 -0.3 0.2
v -0.8 -0.2 0.3
v -0.8 -0.3 0.3
v -0.7 -0.3 0.3
v -0.7 -0.2 0.3
v -0.8 -0.3 0.2
v -0.8 -0.2 0.2
v -0.7 -0.2 0.2
v -0.7 -0.3 0.2
v -0.7 -0.2 0.3
v -0.7 -0.3 0.3
v -0.6 -0.3 0.3
v -0.6 -0.2 0.3
v -0.7 -0.3 0.2
v -0.7 -0.2 0.2
v -0.6 -0.2 0.2
v -0.6 -0.3 0.2
v -0.6 -0.2 0.3
v -0.6 -0.3 0.3
v -0.5 -0.3 0.3
v -0.5 -0.2 0.3
v -0.6 -0.3 0.2
v -0.6 -0.2 0.2
v -0.5 -0.2 0.2
v -0.5 -0.3 0.2
v -0.5 -0.2 0.3
v -0.5 -0.3 0.3
v -0.4 -0.3 0.3
v -0.4 -0.2 0.3
v -0.5 -0.3 0.2
v -0.5 -0.2 0.2
v -0.4 -0.2 0.2
v -0.4 -0.3 0.2
v -0.4 -0.2 0.3
v -0.4 -0.3 0.3
v -0.3 -0.3 0.3
v -0.3 -0.2 0.3
v -0.4 -0.3 0.2
v -0.4 -0.2 0.2
v -0.3 -0.2 0.2
v -0.3 -0.3 0.2
v -0.3 -0.2 0.3
v -0.3 -0.3 0.3
v -0.2 -0.3 0.3
v -0.2 -0.2 0.3
v -0.3 -0.3 0.2
v -0.3 -0.2 0.2
v -0.2 -0.2 0.2
v -0.2 -0.3 0.2
v -0.2 -0.2 0.3
v -0.2 -0.3 0.3
v -0.1 -0.3 0.3
v -0.1 -0.2 0.3
v -0.2 -0.3 0.2
v -0.2 -0.2 0.2
v -0.1 -0.2 0.2
v -0.1 -0.3 0.2
v -0.1 -0.2 0.3
v -0.1 -0.3 0.3
v 0 -0.3 0.3
v 0 -0.2 0.3
v -0.1 -0.3 0.2
v -0.1 -0.2 0.2
v 0 -0.2 0.2
v 0 -0.3 0.2
v 0 -0.2 0.3
v 0 -0.3 0.3
v 0.1 -0.3 0.3
v 0.1 -0.2 0.3
v 0 -0.3 0.2
v 0 -0.2 0.2
v 0.1 -0.2 0.2
v 0.1 -0.3 0.2
v 0.1 -0.2 0.3
v 0.1 -0.3 0.3
v 0.2 -0.3 0.3
v 0.2 -0.2 0.3
v 0.1 -0.3 0.2
v 0.1 -0.2 0.2
v 0.2 -0.2 0.2
v 0.2 -0.3 0.2
v 0.2 -0.2 0.3
v 0.2 -0.3 0.3
v 0.3 -0.3 0.3
v 0.3 -0.2 0.3
v 0.2 -0.3 0.2
v 0.2 -0.2 0.2
v 0.3 -0.2 0.2
v 0.3 -0.3 0.2
v 0.3 -0.2 0.3
v 0.3 -0.3 0.3
v 0.4 -0.3 0.3
v 0.4 -0.2 0.3
v 0.3 -0.3 0.2
v 0.3 -0.2 0.2
v 0.4 -0.2 0.2
v 0.4 -0.3 0.2
v 0.4 -0.2 0.3
v 0.4 -0.3 0.3
v 0.5 -0.3 0.3
v 0.5 -0.2 0.3
v 0.4 -0.3 0.2
v 0.4 -0.2 0.2
v 0.5 -0.2 0.2
v 0.5 -0.3 0.2
v 0.5 -0.2 0.3
v 0.5 -0.3 0.3
v 0.6 -0.3 0.3
v 0.6 -0.2 0.3
v 0.5 -0.3 0.2
v 0.5 -0.2 0.2
v 0.6 -0.2 0.2
v 0.6 -0.3 0.2
v 0.6 -0.2 0.3
v 0.6 -0.3 0.3
v 0.7 -0.3 0.3
v 0.7 -0.2 0.3
v 0.6 -0.3 0.2
v 0.6 -0.2 0.2
v 0.7 -0.2 0.2
v 0.7 -0.3 0.2
v 0.7 -0.2 0.3
v 0.7 -0.3 0.3
v 0.8 -0.3 0.3
v 0.8 -0.2 0.3
v 0.7 -0.3 0.2
v 0.7 -0.2 0.2
v 0.8 -0.2 0.2
v 0.8 -0.3 0.2
v 0.8 -0.2 0.3
v 0.8 -0.3 0.3
v 0.9 -0.3 0.3
v 0.9 -0.2 0.3
v 0.8 -0.3 0.2
v 0.8 -0.2 0.2
v 0.9 -0.2 0.2
v 0.9 -0.3 0.2
v 0.9 -0.2 0.3
v 0.9 -0.3 0.3
v 1 -0.3 0.3
v 1 -0.2 0.3
v 0.9 -0.3 0.2
v 0.9 -0.2 0.2
v 1 -0.2 0.2
v 1 -0.3 0.2
v 1 -0.2 0.3
v 1 -0.3 0.3
v 1.1 -0.3 0.3
v 1.1 -0.2 0.3
v 1 -0.3 0.2
v 1 -0.2 0.2
v 1.1 -0.2 0.2
v 1.1 -0.3 0.2
v 1.2 -0.3 0.3
v 1.2 -0.3 0.2
v 1.2 -0.2 0.2
v 1.2 -0.2 0.3
v 1.1 -0.2 0.3
v 1.1 -0.3 0.3
v 1.2 -0.3 0.3
v 1.2 -0.2 0.3
v 1.1 -0.3 0.2
v 1.1 -0.2 0.2
v 1.2 -0.2 0.2
v 1.2 -0.3 0.2
v -1.2 -0.3 0.3
v -1.2 -0.3 0.2
v -1.2 -0.4 0.2
v -1.2 -0.4 0.3
v -1.2 -0.3 0.3
v -1.2 -0.4 0.3
v -1.1 -0.4 0.3
v -1.1 -0.3 0.3
v -1.2 -0.4 0.2
v -1.2 -0.3 0.2
v -1.1 -0.3 0.2
v -1.1 -0.4 0.2
v -1.1 -0.3 0.3
v -1.1 -0.4 0.3
v -1 -0.4 0.3
v -1 -0.3 0.3
v -1.1 -0.4 0.2
v -1.1 -0.3 0.2
v -1 -0.3 0.2
v -1 -0.4 0.2
v -1 -0.3 0.3
v -1 -0.4 0.3
v -0.9 -0.4 0.3
v -0.9 -0.3 0.3
v -1 -0.4 0.2
v -1 -0.3 0.2
v -0.9 -0.3 0.2
v -0.9 -0.4 0.2
v -0.9 -0.3 0.3
v -0.9 -0.4 0.3
v -0.8 -0.4 0.3
v -0.8 -0.3 0.3
v -0.9 -0.4 0.2
v -0.9 -0.3 0.2
v -0.8 -0.3 0.2
v -0.8 -0.4 0.2
v -0.8 -0.3 0.3
v -0.8 -0.4 0.3
v -0.7 -0.4 0.3
v -0.7 -0.3 0.3
v -0.8 -0.4 0.2
v -0.8 -0.3 0.2
v -0.7 -0.3 0.2
v -0.7 -0.4 0.2
v -0.7 -0.3 0.3
v -0.7 -0.4 0.3
v -0.6 -0.4 0.3
v -0.6 -0.3 0.3
v -0.7 -0.4 0.2
v -0.7 -0.3 0.2
v -0.6 -0.3 0.2
v -0.6 -0.4 0.2
v -0.6 -0.3 0.3
v -0.6 -0.4 0.3
v -0.5 -0.4 0.3
v -0.5 -0.3 0.3
v -0.6 -0.4 0.2
v -0.6 -0.3 0.2
v -0.5 -0.3 0.2
v -0.5 -0.4 0.2
v -0.5 -0.3 0.3
v -0.5 -0.4 0.3
v -0.4 -0.4 0.3
v -0.4 -0.3 0.3
v -0.5 -0.4 0.2
v -0.5 -0.3 0.2
v -0.4 -0.3 0.2
v -0.4 -0.4 0.2
v -0.4 -0.3 0.3
v -0.4 -0.4 0.3
v -0.3 -0.4 0.3
v -0.3 -0.3 0.3
v -0.4 -0.4 0.2
v -0.4 -0.3 0.2
v -0.3 -0.3 0.2
v -0.3 -0.4 0.2
v -0.3 -0.3 0.3
v -0.3 -0.4 0.3
v -0.2 -0.4 0.3
v -0.2 -0.3 0.3
v -0.3 -0.4 0.2
v -0.3 -0.3 0.2
v -0.2 -0.3 0.2
v -0.2 -0.4 0.2
v -0.3 -0.4 0.3
v -0.3 -0.4 0.2
v -0.2 -0.4 0.2
v -0.2 -0.4 0.3
v -0.2 -0.3 0.3
v -0.2 -0.4 0.3
v -0.1 -0.4 0.3
v -0.1 -0.3 0.3
v -0.2 -0.4 0.2
v -0.2 -0.3 0.2
v -0.1 -0.3 0.2
v -0.1 -0.4 0.2
v -0.2 -0.4 0.3
v -0.2 -0.4 0.2
v -0.1 -0.4 0.2
v -0.1 -0.4 0.3
v -0.1 -0.3 0.3
v -0.1 -0.4 0.3
v 0 -0.4 0.3
v 0 -0.3 0.3
v -0.1 -0.4 0.2
v -0.1 -0.3 0.2
v 0 -0.3 0.2
v 0 -0.4 0.2
v -0.1 -0.4 0.3
v -0.1 -0.4 0.2
v 0 -0.4 0.2
v 0 -0.4 0.3
v 0 -0.3 0.3
v 0 -0.4 0.3
v 0.1 -0.4 0.3
v 0.1 -0.3 0.3
v 0 -0.4 0.2
v 0 -0.3 0.2
v 0.1 -0.3 0.2
v 0.1 -0.4 0.2
v 0 -0.4 0.3
v 0 -0.4 0.2
v 0.1 -0.4 0.2
v 0.1 -0.4 0.3
v 0.1 -0.3 0.3
v 0.1 -0.4 0.3
v 0.2 -0.4 0.3
v 0.2 -0.3 0.3
v 0.1 -0.4 0.2
v 0.1 -0.3 0.2
v 0.2 -0.3 0.2
v 0.2 -0.4 0.2
v 0.1 -0.4 0.3
v 0.1 -0.4 0.2
v 0.2 -0.4 0.2
v 0.2 -0.4 0.3
v 0.2 -0.3 0.3
v 0.2 -0.4 0.3
v 0.3 -0.4 0.3
v 0.3 -0.3 0.3
v 0.2 -0.4 0.2
v 0.2 -0.3 0.2
v 0.3 -0.3 0.2
v 0.3 -0.4 0.2
v 0.2 -0.4 0.3
v 0.2 -0.4 0.2
v 0.3 -0.4 0.2
v 0.3 -0.4 0.3
v 0.3 -0.3 0.3
v 0.3 -0.4 0.3
v 0.4 -0.4 0.3
v 0.4 -0.3 0.3
v 0.3 -0.4 0.2
v 0.3 -0.3 0.2
v 0.4 -0.3 0.2
v 0.4 -0.4 0.2
v 0.3 -0.4 0.3
v 0.3 -0.4 0.2
v 0.4 -0.4 0.2
v 0.4 -0.4 0.3
v 0.4 -0.3 0.3
v 0.4 -0.4 0.3
v 0.5 -0.4 0.3
v 0.5 -0.3 0.3
v 0.4 -0.4 0.2
v 0.4 -0.3 0.2
v 0.5 -0.3 0.2
v 0.5 -0.4 0.2
v 0.4 -0.4 0.3
v 0.4 -0.4 0.2
v 0.5 -0.4 0.2
v 0.5 -0.4 0.3
v 0.5 -0.3 0.3
v 0.5 -0.4 0.3
v 0.6 -0.4 0.3
v 0.6 -0.3 0.3
v 0.5 -0.4 0.2
v 0.5 -0.3 0.2
v 0.6 -0.3 0.2
v 0.6 -0.4 0.2
v 0.5 -0.4 0.3
v 0.5 -0.4 0.2
v 0.6 -0.4 0.2
v 0.6 -0.4 0.3
v 0.6 -0.3 0.3
v 0.6 -0.4 0.3
v 0.7 -0.4 0.3
v 0.7 -0.3 0.3
v 0.6 -0.4 0.2
v 0.6 -0.3 0.2
v 0.7 -0.3 0.2
v 0.7 -0.4 0.2
v 0.6 -0.4 0.3
v 0.6 -0.4 0.2
v 0.7 -0.4 0.2
v 0.7 -0.4 0.3
v 0.7 -0.3 0.3
v 0.7 -0.4 0.3
v 0.8 -0.4 0.3
v 0.8 -0.3 0.3
v 0.7 -0.4 0.2
v 0.7 -0.3 0.2
v 0.8 -0.3 0.2
v 0.8 -0.4 0.2
v 0.7 -0.4 0.3
v 0.7 -0.4 0.2
v 0.8 -0.4 0.2
v 0.8 -0.4 0.3
v 0.8 -0.3 0.3
v 0.8 -0.4 0.3
v 0.9 -0.4 0.3
v 0.9 -0.3 0.3
v 0.8 -0.4 0.2
v 0.8 -0.3 0.2
v 0.9 -0.3 0.2
v 0.9 -0.4 0.2
v 0.8 -0.4 0.3
v 0.8 -0.4 0.2
v 0.9 -0.4 0.2
v 0.9 -0.4 0.3
v 0.9 -0.3 0.3
v 0.9 -0.4 0.3
v 1 -0.4 0.3
v 1 -0.3 0.3
v 0.9 -0.4 0.2
v 0.9 -0.3 0.2
v 1 -0.3 0.2
v 1 -0.4 0.2
v 0.9 -0.4 0.3
v 0.9 -0.4 0.2
v 1 -0.4 0.2
v 1 -0.4 0.3
v 1 -0.3 0.3
v 1 -0.4 0.3
v 1.1 -0.4 0.3
v 1.1 -0.3 0.3
v 1 -0.4 0.2
v 1 -0.3 0.2
v 1.1 -0.3 0.2
v 1.1 -0.4 0.2
v 1 -0.4 0.3
v 1 -0.4 0.2
v 1.1 -0.4 0.2
v 1.1 -0.4 0.3
v 1.2 -0.4 0.3
v 1.2 -0.4 0.2
v 1.2 -0.3 0.2
v 1.2 -0.3 0.3
v 1.1 -0.3 0.3
v 1.1 -0.4 0.3
v 1.2 -0.4 0.3
v 1.2 -0.3 0.3
v 1.1 -0.4 0.2
v 1.1 -0.3 0.2
v 1.2 -0.3 0.2
v 1.2 -0.4 0.2
v 1.1 -0.4 0.3
v 1.1 -0.4 0.2
v 1.2 -0.4 0.2
v 1.2 -0.4 0.3
v -1.2 -0.4 0.3
v -1.2 -0.4 0.2
v -1.2 -0.5 0.2
v -1.2 -0.5 0.3
v -1.2 -0.4 0.3
v -1.2 -0.5 0.3
v -1.1 -0.5 0.3
v -1.1 -0.4 0.3
v -1.2 -0.5 0.2
v -1.2 -0.4 0.2
v -1.1 -0.4 0.2
v -1.1 -0.5 0.2
v -1.1 -0.4 0.3
v -1.1 -0.5 0.3
v -1 -0.5 0.3
v -1 -0.4 0.3
v -1.1 -0.5 0.2
v -1.1 -0.4 0.2
v -1 -0.4 0.2
v -1 -0.5 0.2
v -1 -0.4 0.3
v -1 -0.5 0.3
v -0.9 -0.5 0.3
v -0.9 -0.4 0.3
v -1 -0.5 0.2
v -1 -0.4 0.2
v -0.9 -0.4 0.2
v -0.9 -0.5 0.2
v -0.9 -0.4 0.3
v -0.9 -0.5 0.3
v -0.8 -0.5 0.3
v -0.8 -0.4 0.3
v -0.9 -0.5 0.2
v -0.9 -0.4 0.2
v -0.8 -0.4 0.2
v -0.8 -0.5 0.2
v -0.8 -0.4 0.3
v -0.8 -0.5 0.3
v -0.7 -0.5 0.3
v -0.7 -0.4 0.3
v -0.8 -0.5 0.2
v -0.8 -0.4 0.2
v -0.7 -0.4 0.2
v -0.7 -0.5 0.2
v -0.7 -0.4 0.3
v -0.7 -0.5 0.3
v -0.6 -0.5 0.3
v -0.6 -0.4 0.3
v -0.7 -0.5 0.2
v -0.7 -0.4 0.2
v -0.6 -0.4 0.2
v -0.6 -0.5 0.2
v -0.6 -0.4 0.3
v -0.6 -0.5 0.3
v -0.5 -0.5 0.3
v -0.5 -0.4 0.3
v -0.6 -0.5 0.2
v -0.6 -0.4 0.2
v -0.5 -0.4 0.2
v -0.5 -0.5 0.2
v -0.5 -0.4 0.3
v -0.5 -0.5 0.3
v -0.4 -0.5 0.3
v -0.4 -0.4 0.3
v -0.5 -0.5 0.2
v -0.5 -0.4 0.2
v -0.4 -0.4 0.2
v -0.4 -0.5 0.2
v -0.3 -0.5 0.3
v -0.3 -0.5 0.2
v -0.3 -0.4 0.2
v -0.3 -0.4 0.3
v -0.4 -0.4 0.3
v -0.4 -0.5 0.3
v -0.3 -0.5 0.3
v -0.3 -0.4 0.3
v -0.4 -0.5 0.2
v -0.4 -0.4 0.2
v -0.3 -0.4 0.2
v -0.3 -0.5 0.2
v -0.3 -0.4 0.1
v -0.3 -0.4 0
v -0.3 -0.5 0
v -0.3 -0.5 0.1
v -0.3 -0.4 0.1
v -0.3 -0.5 0.1
v -0.2 -0.5 0.1
v -0.2 -0.4 0.1
v -0.3 -0.5 0
v -0.3 -0.4 0
v -0.2 -0.4 0
v -0.2 -0.5 0
v -0.2 -0.4 0.1
v -0.2 -0.4 0
v -0.3 -0.4 0
v -0.3 -0.4 0.1
v -0.2 -0.4 0.1
v -0.2 -0.5 0.1
v -0.1 -0.5 0.1
v -0.1 -0.4 0.1
v -0.2 -0.5 0
v -0.2 -0.4 0
v -0.1 -0.4 0
v -0.1 -0.5 0
v -0.1 -0.4 0.1
v -0.1 -0.4 0
v -0.2 -0.4 0
v -0.2 -0.4 0.1
v -0.1 -0.4 0.1
v -0.1 -0.5 0.1
v 0 -0.5 0.1
v 0 -0.4 0.1
v -0.1 -0.5 0
v -0.1 -0.4 0
v 0 -0.4 0
v 0 -0.5 0
v 0 -0.4 0.1
v 0 -0.4 0
v -0.1 -0.4 0
v -0.1 -0.4 0.1
v 0 -0.4 0.1
v 0 -0.5 0.1
v 0.1 -0.5 0.1
v 0.1 -0.4 0.1
v 0 -0.5 0
v 0 -0.4 0
v 0.1 -0.4 0
v 0.1 -0.5 0
v 0.1 -0.4 0.1
v 0.1 -0.4 0
v 0 -0.4 0
v 0 -0.4 0.1
v 0.1 -0.4 0.1
v 0.1 -0.5 0.1
v 0.2 -0.5 0.1
v 0.2 -0.4 0.1
v 0.1 -0.5 0
v 0.1 -0.4 0
v 0.2 -0.4 0
v 0.2 -0.5 0
v 0.2 -0.4 0.1
v 0.2 -0.4 0
v 0.1 -0.4 0
v 0.1 -0.4 0.1
v 0.2 -0.4 0.1
v 0.2 -0.5 0.1
v 0.3 -0.5 0.1
v 0.3 -0.4 0.1
v 0.2 -0.5 0
v 0.2 -0.4 0
v 0.3 -0.4 0
v 0.3 -0.5 0
v 0.3 -0.4 0.1
v 0.3 -0.4 0
v 0.2 -0.4 0
v 0.2 -0.4 0.1
v 0.3 -0.4 0.1
v 0.3 -0.5 0.1
v 0.4 -0.5 0.1
v 0.4 -0.4 0.1
v 0.3 -0.5 0
v 0.3 -0.4 0
v 0.4 -0.4 0
v 0.4 -0.5 0
v 0.4 -0.4 0.1
v 0.4 -0.4 0
v 0.3 -0.4 0
v 0.3 -0.4 0.1
v 0.4 -0.4 0.1
v 0.4 -0.5 0.1
v 0.5 -0.5 0.1
v 0.5 -0.4 0.1
v 0.4 -0.5 0
v 0.4 -0.4 0
v 0.5 -0.4 0
v 0.5 -0.5 0
v 0.5 -0.4 0.1
v 0.5 -0.4 0
v 0.4 -0.4 0
v 0.4 -0.4 0.1
v 0.5 -0.4 0.1
v 0.5 -0.5 0.1
v 0.6 -0.5 0.1
v 0.6 -0.4 0.1
v 0.5 -0.5 0
v 0.5 -0.4 0
v 0.6 -0.4 0
v 0.6 -0.5 0
v 0.6 -0.4 0.1
v 0.6 -0.4 0
v 0.5 -0.4 0
v 0.5 -0.4 0.1
v 0.6 -0.4 0.1
v 0.6 -0.5 0.1
v 0.7 -0.5 0.1
v 0.7 -0.4 0.1
v 0.6 -0.5 0
v 0.6 -0.4 0
v 0.7 -0.4 0
v 0.7 -0.5 0
v 0.7 -0.4 0.1
v 0.7 -0.4 0
v 0.6 -0.4 0
v 0.6 -0.4 0.1
v 0.7 -0.4 0.1
v 0.7 -0.5 0.1
v 0.8 -0.5 0.1
v 0.8 -0.4 0.1
v 0.7 -0.5 0
v 0.7 -0.4 0
v 0.8 -0.4 0
v 0.8 -0.5 0
v 0.8 -0.4 0.1
v 0.8 -0.4 0
v 0.7 -0.4 0
v 0.7 -0.4 0.1
v 0.8 -0.4 0.1
v 0.8 -0.5 0.1
v 0.9 -0.5 0.1
v 0.9 -0.4 0.1
v 0.8 -0.5 0
v 0.8 -0.4 0
v 0.9 -0.4 0
v 0.9 -0.5 0
v 0.9 -0.4 0.1
v 0.9 -0.4 0
v 0.8 -0.4 0
v 0.8 -0.4 0.1
v 0.9 -0.4 0.1
v 0.9 -0.5 0.1
v 1 -0.5 0.1
v 1 -0.4 0.1
v 0.9 -0.5 0
v 0.9 -0.4 0
v 1 -0.4 0
v 1 -0.5 0
v 1 -0.4 0.1
v 1 -0.4 0
v 0.9 -0.4 0
v 0.9 -0.4 0.1
v 1 -0.4 0.1
v 1 -0.5 0.1
v 1.1 -0.5 0.1
v 1.1 -0.4 0.1
v 1 -0.5 0
v 1 -0.4 0
v 1.1 -0.4 0
v 1.1 -0.5 0
v 1.1 -0.4 0.1
v 1.1 -0.4 0
v 1 -0.4 0
v 1 -0.4 0.1
v 1.2 -0.5 0.1
v 1.2 -0.5 0
v 1.2 -0.4 0
v 1.2 -0.4 0.1
v 1.1 -0.4 0.1
v 1.1 -0.5 0.1
v 1.2 -0.5 0.1
v 1.2 -0.4 0.1
v 1.1 -0.5 0
v 1.1 -0.4 0
v 1.2 -0.4 0
v 1.2 -0.5 0
v 1.2 -0.4 0.1
v 1.2 -0.4 0
v 1.1 -0.4 0
v 1.1 -0.4 0.1
v -1.2 -0.5 0.3
v -1.2 -0.5 0.2
v -1.2 -0.6 0.2
v -1.2 -0.6 0.3
v -1.2 -0.5 0.3
v -1.2 -0.6 0.3
v -1.1 -0.6 0.3
v -1.1 -0.5 0.3
v -1.2 -0.6 0.2
v -1.2 -0.5 0.2
v -1.1 -0.5 0.2
v -1.1 -0.6 0.2
v -1.1 -0.5 0.3
v -1.1 -0.6 0.3
v -1 -0.6 0.3
v -1 -0.5 0.3
v -1.1 -0.6 0.2
v -1.1 -0.5 0.2
v -1 -0.5 0.2
v -1 -0.6 0.2
v -1 -0.5 0.3
v -1 -0.6 0.3
v -0.9 -0.6 0.3
v -0.9 -0.5 0.3
v -1 -0.6 0.2
v -1 -0.5 0.2
v -0.9 -0.5 0.2
v -0.9 -0.6 0.2
v -0.9 -0.5 0.3
v -0.9 -0.6 0.3
v -0.8 -0.6 0.3
v -0.8 -0.5 0.3
v -0.9 -0.6 0.2
v -0.9 -0.5 0.2
v -0.8 -0.5 0.2
v -0.8 -0.6 0.2
v -0.8 -0.5 0.3
v -0.8 -0.6 0.3
v -0.7 -0.6 0.3
v -0.7 -0.5 0.3
v -0.8 -0.6 0.2
v -0.8 -0.5 0.2
v -0.7 -0.5 0.2
v -0.7 -0.6 0.2
v -0.7 -0.5 0.3
v -0.7 -0.6 0.3
v -0.6 -0.6 0.3
v -0.6 -0.5 0.3
v -0.7 -0.6 0.2
v -0.7 -0.5 0.2
v -0.6 -0.5 0.2
v -0.6 -0.6 0.2
v -0.6 -0.5 0.3
v -0.6 -0.6 0.3
v -0.5 -0.6 0.3
v -0.5 -0.5 0.3
v -0.6 -0.6 0.2
v -0.6 -0.5 0.2
v -0.5 -0.5 0.2
v -0.5 -0.6 0.2
v -0.5 -0.5 0.3
v -0.5 -0.6 0.3
v -0.4 -0.6 0.3
v -0.4 -0.5 0.3
v -0.5 -0.6 0.2
v -0.5 -0.5 0.2
v -0.4 -0.5 0.2
v -0.4 -0.6 0.2
v -0.3 -0.6 0.3
v -0.3 -0.6 0.2
v -0.3 -0.5 0.2
v -0.3 -0.5 0.3
v -0.4 -0.5 0.3
v -0.4 -0.6 0.3
v -0.3 -0.6 0.3
v -0.3 -0.5 0.3
v -0.4 -0.6 0.2
v -0.4 -0.5 0.2
v -0.3 -0.5 0.2
v -0.3 -0.6 0.2
v -0.3 -0.5 0.1
v -0.3 -0.5 0
v -0.3 -0.6 0
v -0.3 -0.6 0.1
v -0.3 -0.5 0.1
v -0.3 -0.6 0.1
v -0.2 -0.6 0.1
v -0.2 -0.5 0.1
v -0.3 -0.6 0
v -0.3 -0.5 0
v -0.2 -0.5 0
v -0.2 -0.6 0
v -0.2 -0.5 0.1
v -0.2 -0.6 0.1
v -0.1 -0.6 0.1
v -0.1 -0.5 0.1
v -0.2 -0.6 0
v -0.2 -0.5 0
v -0.1 -0.5 0
v -0.1 -0.6 0
v -0.1 -0.5 0.1
v -0.1 -0.6 0.1
v 0 -0.6 0.1
v 0 -0.5 0.1
v -0.1 -0.6 0
v -0.1 -0.5 0
v 0 -0.5 0
v 0 -0.6 0
v 0 -0.5 0.1
v 0 -0.6 0.1
v 0.1 -0.6 0.1
v 0.1 -0.5 0.1
v 0 -0.6 0
v 0 -0.5 0
v 0.1 -0.5 0
v 0.1 -0.6 0
v 0.1 -0.5 0.1
v 0.1 -0.6 0.1
v 0.2 -0.6 0.1
v 0.2 -0.5 0.1
v 0.1 -0.6 0
v 0.1 -0.5 0
v 0.2 -0.5 0
v 0.2 -0.6 0
v 0.2 -0.5 0.1
v 0.2 -0.6 0.1
v 0.3 -0.6 0.1
v 0.3 -0.5 0.1
v 0.2 -0.6 0
v 0.2 -0.5 0
v 0.3 -0.5 0
v 0.3 -0.6 0
v 0.3 -0.5 0.1
v 0.3 -0.6 0.1
v 0.4 -0.6 0.1
v 0.4 -0.5 0.1
v 0.3 -0.6 0
v 0.3 -0.5 0
v 0.4 -0.5 0
v 0.4 -0.6 0
v 0.4 -0.5 0.1
v 0.4 -0.6 0.1
v 0.5 -0.6 0.1
v 0.5 -0.5 0.1
v 0.4 -0.6 0
v 0.4 -0.5 0
v 0.5 -0.5 0
v 0.5 -0.6 0
v 0.5 -0.5 0.1
v 0.5 -0.6 0.1
v 0.6 -0.6 0.1
v 0.6 -0.5 0.1
v 0.5 -0.6 0
v 0.5 -0.5 0
v 0.6 -0.5 0
v 0.6 -0.6 0
v 0.6 -0.5 0.1
v 0.6 -0.6 0.1
v 0.7 -0.6 0.1
v 0.7 -0.5 0.1
v 0.6 -0.6 0
v 0.6 -0.5 0
v 0.7 -0.5 0
v 0.7 -0.6 0
v 0.7 -0.5 0.1
v 0.7 -0.6 0.1
v 0.8 -0.6 0.1
v 0.8 -0.5 0.1
v 0.7 -0.6 0
v 0.7 -0.5 0
v 0.8 -0.5 0
v 0.8 -0.6 0
v 0.8 -0.5 0.1
v 0.8 -0.6 0.1
v 0.9 -0.6 0.1
v 0.9 -0.5 0.1
v 0.8 -0.6 0
v 0.8 -0.5 0
v 0.9 -0.5 0
v 0.9 -0.6 0
v 0.9 -0.5 0.1
v 0.9 -0.6 0.1
v 1 -0.6 0.1
v 1 -0.5 0.1
v 0.9 -0.6 0
v 0.9 -0.5 0
v 1 -0.5 0
v 1 -0.6 0
v 1 -0.5 0.1
v 1 -0.6 0.1
v 1.1 -0.6 0.1
v 1.1 -0.5 0.1
v 1 -0.6 0
v 1 -0.5 0
v 1.1 -0.5 0
v 1.1 -0.6 0
v 1.2 -0.6 0.1
v 1.2 -0.6 0
v 1.2 -0.5 0
v 1.2 -0.5 0.1
v 1.1 -0.5 0.1
v 1.1 -0.6 0.1
v 1.2 -0.6 0.1
v 1.2 -0.5 0.1
v 1.1 -0.6 0
v 1.1 -0.5 0
v 1.2 -0.5 0
v 1.2 -0.6 0
v -1.2 -0.6 0.3
v -1.2 -0.6 0.2
v -1.2 -0.7 0.2
v -1.2 -0.7 0.3
v -1.2 -0.6 0.3
v -1.2 -0.7 0.3
v -1.1 -0.7 0.3
v -1.1 -0.6 0.3
v -1.2 -0.7 0.2
v -1.2 -0.6 0.2
v -1.1 -0.6 0.2
v -1.1 -0.7 0.2
v -1.1 -0.6 0.3
v -1.1 -0.7 0.3
v -1 -0.7 0.3
v -1 -0.6 0.3
v -1.1 -0.7 0.2
v -1.1 -0.6 0.2
v -1 -0.6 0.2
v -1 -0.7 0.2
v -1 -0.6 0.3
v -1 -0.7 0.3
v -0.9 -0.7 0.3
v -0.9 -0.6 0.3
v -1 -0.7 0.2
v -1 -0.6 0.2
v -0.9 -0.6 0.2
v -0.9 -0.7 0.2
v -0.9 -0.6 0.3
v -0.9 -0.7 0.3
v -0.8 -0.7 0.3
v -0.8 -0.6 0.3
v -0.9 -0.7 0.2
v -0.9 -0.6 0.2
v -0.8 -0.6 0.2
v -0.8 -0.7 0.2
v -0.8 -0.6 0.3
v -0.8 -0.7 0.3
v -0.7 -0.7 0.3
v -0.7 -0.6 0.3
v -0.8 -0.7 0.2
v -0.8 -0.6 0.2
v -0.7 -0.6 0.2
v -0.7 -0.7 0.2
v -0.7 -0.6 0.3
v -0.7 -0.7 0.3
v -0.6 -0.7 0.3
v -0.6 -0.6 0.3
v -0.7 -0.7 0.2
v -0.7 -0.6 0.2
v -0.6 -0.6 0.2
v -0.6 -0.7 0.2
v -0.6 -0.6 0.3
v -0.6 -0.7 0.3
v -0.5 -0.7 0.3
v -0.5 -0.6 0.3
v -0.6 -0.7 0.2
v -0.6 -0.6 0.2
v -0.5 -0.6 0.2
v -0.5 -0.7 0.2
v -0.5 -0.6 0.3
v -0.5 -0.7 0.3
v -0.4 -0.7 0.3
v -0.4 -0.6 0.3
v -0.5 -0.7 0.2
v -0.5 -0.6 0.2
v -0.4 -0.6 0.2
v -0.4 -0.7 0.2
v -0.3 -0.7 0.3
v -0.3 -0.7 0.2
v -0.3 -0.6 0.2
v -0.3 -0.6 0.3
v -0.4 -0.6 0.3
v -0.4 -0.7 0.3
v -0.3 -0.7 0.3
v -0.3 -0.6 0.3
v -0.4 -0.7 0.2
v -0.4 -0.6 0.2
v -0.3 -0.6 0.2
v -0.3 -0.7 0.2
v -0.3 -0.6 0.1
v -0.3 -0.6 0
v -0.3 -0.7 0
v -0.3 -0.7 0.1
v -0.3 -0.6 0.1
v -0.3 -0.7 0.1
v -0.2 -0.7 0.1
v -0.2 -0.6 0.1
v -0.3 -0.7 0
v -0.3 -0.6 0
v -0.2 -0.6 0
v -0.2 -0.7 0
v -0.2 -0.6 0.1
v -0.2 -0.7 0.1
v -0.1 -0.7 0.1
v -0.1 -0.6 0.1
v -0.2 -0.7 0
v -0.2 -0.6 0
v -0.1 -0.6 0
v -0.1 -0.7 0
v -0.1 -0.6 0.1
v -0.1 -0.7 0.1
v 0 -0.7 0.1
v 0 -0.6 0.1
v -0.1 -0.7 0
v -0.1 -0.6 0
v 0 -0.6 0
v 0 -0.7 0
v 0 -0.6 0.1
v 0 -0.7 0.1
v 0.1 -0.7 0.1
v 0.1 -0.6 0.1
v 0 -0.7 0
v 0 -0.6 0
v 0.1 -0.6 0
v 0.1 -0.7 0
v 0.1 -0.6 0.1
v 0.1 -0.7 0.1
v 0.2 -0.7 0.1
v 0.2 -0.6 0.1
v 0.1 -0.7 0
v 0.1 -0.6 0
v 0.2 -0.6 0
v 0.2 -0.7 0
v 0.2 -0.6 0.1
v 0.2 -0.7 0.1
v 0.3 -0.7 0.1
v 0.3 -0.6 0.1
v 0.2 -0.7 0
v 0.2 -0.6 0
v 0.3 -0.6 0
v 0.3 -0.7 0
v 0.3 -0.6 0.1
v 0.3 -0.7 0.1
v 0.4 -0.7 0.1
v 0.4 -0.6 0.1
v 0.3 -0.7 0
v 0.3 -0.6 0
v 0.4 -0.6 0
v 0.4 -0.7 0
v 0.4 -0.6 0.1
v 0.4 -0.7 0.1
v 0.5 -0.7 0.1
v 0.5 -0.6 0.1
v 0.4 -0.7 0
v 0.4 -0.6 0
v 0.5 -0.6 0
v 0.5 -0.7 0
v 0.5 -0.6 0.1
v 0.5 -0.7 0.1
v 0.6 -0.7 0.1
v 0.6 -0.6 0.1
v 0.5 -0.7 0
v 0.5 -0.6 0
v 0.6 -0.6 0
v 0.6 -0.7 0
v 0.6 -0.6 0.1
v 0.6 -0.7 0.1
v 0.7 -0.7 0.1
v 0.7 -0.6 0.1
v 0.6 -0.7 0
v 0.6 -0.6 0
v 0.7 -0.6 0
v 0.7 -0.7 0
v 0.7 -0.6 0.1
v 0.7 -0.7 0.1
v 0.8 -0.7 0.1
v 0.8 -0.6 0.1
v 0.7 -0.7 0
v 0.7 -0.6 0
v 0.8 -0.6 0
v 0.8 -0.7 0
v 0.8 -0.6 0.1
v 0.8 -0.7 0.1
v 0.9 -0.7 0.1
v 0.9 -0.6 0.1
v 0.8 -0.7 0
v 0.8 -0.6 0
v 0.9 -0.6 0
v 0.9 -0.7 0
v 0.9 -0.6 0.1
v 0.9 -0.7 0.1
v 1 -0.7 0.1
v 1 -0.6 0.1
v 0.9 -0.7 0
v 0.9 -0.6 0
v 1 -0.6 0
v 1 -0.7 0
v 1 -0.6 0.1
v 1 -0.7 0.1
v 1.1 -0.7 0.1
v 1.1 -0.6 0.1
v 1 -0.7 0
v 1 -0.6 0
v 1.1 -0.6 0
v 1.1 -0.7 0
v 1.2 -0.7 0.1
v 1.2 -0.7 0
v 1.2 -0.6 0
v 1.2 -0.6 0.1
v 1.1 -0.6 0.1
v 1.1 -0.7 0.1
v 1.2 -0.7 0.1
v 1.2 -0.6 0.1
v 1.1 -0.7 0
v 1.1 -0.6 0
v 1.2 -0.6 0
v 1.2 -0.7 0
v -1.2 -0.7 0.3
v -1.2 -0.7 0.2
v -1.2 -0.8 0.2
v -1.2 -0.8 0.3
v -1.2 -0.7 0.3
v -1.2 -0.8 0.3
v -1.1 -0.8 0.3
v -1.1 -0.7 0.3
v -1.2 -0.8 0.2
v -1.2 -0.7 0.2
v -1.1 -0.7 0.2
v -1.1 -0.8 0.2
v -1.1 -0.7 0.3
v -1.1 -0.8 0.3
v -1 -0.8 0.3
v -1 -0.7 0.3
v -1.1 -0.8 0.2
v -1.1 -0.7 0.2
v -1 -0.7 0.2
v -1 -0.8 0.2
v -1 -0.7 0.3
v -1 -0.8 0.3
v -0.9 -0.8 0.3
v -0.9 -0.7 0.3
v -1 -0.8 0.2
v -1 -0.7 0.2
v -0.9 -0.7 0.2
v -0.9 -0.8 0.2
v -0.9 -0.7 0.3
v -0.9 -0.8 0.3
v -0.8 -0.8 0.3
v -0.8 -0.7 0.3
v -0.9 -0.8 0.2
v -0.9 -0.7 0.2
v -0.8 -0.7 0.2
v -0.8 -0.8 0.2
v -0.8 -0.7 0.3
v -0.8 -0.8 0.3
v -0.7 -0.8 0.3
v -0.7 -0.7 0.3
v -0.8 -0.8 0.2
v -0.8 -0.7 0.2
v -0.7 -0.7 0.2
v -0.7 -0.8 0.2
v -0.7 -0.7 0.3
v -0.7 -0.8 0.3
v -0.6 -0.8 0.3
v -0.6 -0.7 0.3
v -0.7 -0.8 0.2
v -0.7 -0.7 0.2
v -0.6 -0.7 0.2
v -0.6 -0.8 0.2
v -0.6 -0.7 0.3
v -0.6 -0.8 0.3
v -0.5 -0.8 0.3
v -0.5 -0.7 0.3
v -0.6 -0.8 0.2
v -0.6 -0.7 0.2
v -0.5 -0.7 0.2
v -0.5 -0.8 0.2
v -0.5 -0.7 0.3
v -0.5 -0.8 0.3
v -0.4 -0.8 0.3
v -0.4 -0.7 0.3
v -0.5 -0.8 0.2
v -0.5 -0.7 0.2
v -0.4 -0.7 0.2
v -0.4 -0.8 0.2
v -0.3 -0.8 0.3
v -0.3 -0.8 0.2
v -0.3 -0.7 0.2
v -0.3 -0.7 0.3
v -0.4 -0.7 0.3
v -0.4 -0.8 0.3
v -0.3 -0.8 0.3
v -0.3 -0.7 0.3
v -0.4 -0.8 0.2
v -0.4 -0.7 0.2
v -0.3 -0.7 0.2
v -0.3 -0.8 0.2
v -0.3 -0.7 0.1
v -0.3 -0.7 0
v -0.3 -0.8 0
v -0.3 -0.8 0.1
v -0.3 -0.7 0.1
v -0.3 -0.8 0.1
v -0.2 -0.8 0.1
v -0.2 -0.7 0.1
v -0.3 -0.8 0
v -0.3 -0.7 0
v -0.2 -0.7 0
v -0.2 -0.8 0
v -0.2 -0.7 0.1
v -0.2 -0.8 0.1
v -0.1 -0.8 0.1
v -0.1 -0.7 0.1
v -0.2 -0.8 0
v -0.2 -0.7 0
v -0.1 -0.7 0
v -0.1 -0.8 0
v -0.1 -0.7 0.1
v -0.1 -0.8 0.1
v 0 -0.8 0.1
v 0 -0.7 0.1
v -0.1 -0.8 0
v -0.1 -0.7 0
v 0 -0.7 0
v 0 -0.8 0
v 0 -0.7 0.1
v 0 -0.8 0.1
v 0.1 -0.8 0.1
v 0.1 -0.7 0.1
v 0 -0.8 0
v 0 -0.7 0
v 0.1 -0.7 0
v 0.1 -0.8 0
v 0.1 -0.7 0.1
v 0.1 -0.8 0.1
v 0.2 -0.8 0.1
v 0.2 -0.7 0.1
v 0.1 -0.8 0
v 0.1 -0.7 0
v 0.2 -0.7 0
v 0.2 -0.8 0
v 0.2 -0.7 0.1
v 0.2 -0.8 0.1
v 0.3 -0.8 0.1
v 0.3 -0.7 0.1
v 0.2 -0.8 0
v 0.2 -0.7 0
v 0.3 -0.7 0
v 0.3 -0.8 0
v 0.3 -0.7 0.1
v 0.3 -0.8 0.1
v 0.4 -0.8 0.1
v 0.4 -0.7 0.1
v 0.3 -0.8 0
v 0.3 -0.7 0
v 0.4 -0.7 0
v 0.4 -0.8 0
v 0.4 -0.7 0.1
v 0.4 -0.8 0.1
v 0.5 -0.8 0.1
v 0.5 -0.7 0.1
v 0.4 -0.8 0
v 0.4 -0.7 0
v 0.5 -0.7 0
v 0.5 -0.8 0
v 0.5 -0.7 0.1
v 0.5 -0.8 0.1
v 0.6 -0.8 0.1
v 0.6 -0.7 0.1
v 0.5 -0.8 0
v 0.5 -0.7 0
v 0.6 -0.7 0
v 0.6 -0.8 0
v 0.6 -0.7 0.1
v 0.6 -0.8 0.1
v 0.7 -0.8 0.1
v 0.7 -0.7 0.1
v 0.6 -0.8 0
v 0.6 -0.7 0
v 0.7 -0.7 0
v 0.7 -0.8 0
v 0.7 -0.7 0.1
v 0.7 -0.8 0.1
v 0.8 -0.8 0.1
v 0.8 -0.7 0.1
v 0.7 -0.8 0
v 0.7 -0.7 0
v 0.8 -0.7 0
v 0.8 -0.8 0
v 0.8 -0.7 0.1
v 0.8 -0.8 0.1
v 0.9 -0.8 0.1
v 0.9 -0.7 0.1
v 0.8 -0.8 0
v 0.8 -0.7 0
v 0.9 -0.7 0
v 0.9 -0.8 0
v 0.9 -0.7 0.1
v 0.9 -0.8 0.1
v 1 -0.8 0.1
v 1 -0.7 0.1
v 0.9 -0.8 0
v 0.9 -0.7 0
v 1 -0.7 0
v 1 -0.8 0
v 1 -0.7 0.1
v 1 -0.8 0.1
v 1.1 -0.8 0.1
v 1.1 -0.7 0.1
v 1 -0.8 0
v 1 -0.7 0
v 1.1 -0.7 0
v 1.1 -0.8 0
v 1.2 -0.8 0.1
v 1.2 -0.8 0
v 1.2 -0.7 0
v 1.2 -0.7 0.1
v 1.1 -0.7 0.1
v 1.1 -0.8 0.1
v 1.2 -0.8 0.1
v 1.2 -0.7 0.1
v 1.1 -0.8 0
v 1.1 -0.7 0
v 1.2 -0.7 0
v 1.2 -0.8 0
v -1.2 -0.8 0.3
v -1.2 -0.8 0.2
v -1.2 -0.9 0.2
v -1.2 -0.9 0.3
v -1.2 -0.8 0.3
v -1.2 -0.9 0.3
v -1.1 -0.9 0.3
v -1.1 -0.8 0.3
v -1.2 -0.9 0.2
v -1.2 -0.8 0.2
v -1.1 -0.8 0.2
v -1.1 -0.9 0.2
v -1.1 -0.8 0.3
v -1.1 -0.9 0.3
v -1 -0.9 0.3
v -1 -0.8 0.3
v -1.1 -0.9 0.2
v -1.1 -0.8 0.2
v -1 -0.8 0.2
v -1 -0.9 0.2
v -1 -0.8 0.3
v -1 -0.9 0.3
v -0.9 -0.9 0.3
v -0.9 -0.8 0.3
v -1 -0.9 0.2
v -1 -0.8 0.2
v -0.9 -0.8 0.2
v -0.9 -0.9 0.2
v -0.9 -0.8 0.3
v -0.9 -0.9 0.3
v -0.8 -0.9 0.3
v -0.8 -0.8 0.3
v -0.9 -0.9 0.2
v -0.9 -0.8 0.2
v -0.8 -0.8 0.2
v -0.8 -0.9 0.2
v -0.8 -0.8 0.3
v -0.8 -0.9 0.3
v -0.7 -0.9 0.3
v -0.7 -0.8 0.3
v -0.8 -0.9 0.2
v -0.8 -0.8 0.2
v -0.7 -0.8 0.2
v -0.7 -0.9 0.2
v -0.7 -0.8 0.3
v -0.7 -0.9 0.3
v -0.6 -0.9 0.3
v -0.6 -0.8 0.3
v -0.7 -0.9 0.2
v -0.7 -0.8 0.2
v -0.6 -0.8 0.2
v -0.6 -0.9 0.2
v -0.6 -0.8 0.3
v -0.6 -0.9 0.3
v -0.5 -0.9 0.3
v -0.5 -0.8 0.3
v -0.6 -0.9 0.2
v -0.6 -0.8 0.2
v -0.5 -0.8 0.2
v -0.5 -0.9 0.2
v -0.5 -0.8 0.3
v -0.5 -0.9 0.3
v -0.4 -0.9 0.3
v -0.4 -0.8 0.3
v -0.5 -0.9 0.2
v -0.5 -0.8 0.2
v -0.4 -0.8 0.2
v -0.4 -0.9 0.2
v -0.3 -0.9 0.3
v -0.3 -0.9 0.2
v -0.3 -0.8 0.2
v -0.3 -0.8 0.3
v -0.4 -0.8 0.3
v -0.4 -0.9 0.3
v -0.3 -0.9 0.3
v -0.3 -0.8 0.3
v -0.4 -0.9 0.2
v -0.4 -0.8 0.2
v -0.3 -0.8 0.2
v -0.3 -0.9 0.2
v -0.3 -0.8 0.1
v -0.3 -0.8 0
v -0.3 -0.9 0
v -0.3 -0.9 0.1
v -0.3 -0.8 0.1
v -0.3 -0.9 0.1
v -0.2 -0.9 0.1
v -0.2 -0.8 0.1
v -0.3 -0.9 0
v -0.3 -0.8 0
v -0.2 -0.8 0
v -0.2 -0.9 0
v -0.2 -0.8 0.1
v -0.2 -0.9 0.1
v -0.1 -0.9 0.1
v -0.1 -0.8 0.1
v -0.2 -0.9 0
v -0.2 -0.8 0
v -0.1 -0.8 0
v -0.1 -0.9 0
v -0.1 -0.8 0.1
v -0.1 -0.9 0.1
v 0 -0.9 0.1
v 0 -0.8 0.1
v -0.1 -0.9 0
v -0.1 -0.8 0
v 0 -0.8 0
v 0 -0.9 0
v 0 -0.8 0.1
v 0 -0.9 0.1
v 0.1 -0.9 0.1
v 0.1 -0.8 0.1
v 0 -0.9 0
v 0 -0.8 0
v 0.1 -0.8 0
v 0.1 -0.9 0
v 0.1 -0.8 0.1
v 0.1 -0.9 0.1
v 0.2 -0.9 0.1
v 0.2 -0.8 0.1
v 0.1 -0.9 0
v 0.1 -0.8 0
v 0.2 -0.8 0
v 0.2 -0.9 0
v 0.2 -0.8 0.1
v 0.2 -0.9 0.1
v 0.3 -0.9 0.1
v 0.3 -0.8 0.1
v 0.2 -0.9 0
v 0.2 -0.8 0
v 0.3 -0.8 0
v 0.3 -0.9 0
v 0.3 -0.8 0.1
v 0.3 -0.9 0.1
v 0.4 -0.9 0.1
v 0.4 -0.8 0.1
v 0.3 -0.9 0
v 0.3 -0.8 0
v 0.4 -0.8 0
v 0.4 -0.9 0
v 0.4 -0.8 0.1
v 0.4 -0.9 0.1
v 0.5 -0.9 0.1
v 0.5 -0.8 0.1
v 0.4 -0.9 0
v 0.4 -0.8 0
v 0.5 -0.8 0
v 0.5 -0.9 0
v 0.5 -0.8 0.1
v 0.5 -0.9 0.1
v 0.6 -0.9 0.1
v 0.6 -0.8 0.1
v 0.5 -0.9 0
v 0.5 -0.8 0
v 0.6 -0.8 0
v 0.6 -0.9 0
v 0.6 -0.8 0.1
v 0.6 -0.9 0.1
v 0.7 -0.9 0.1
v 0.7 -0.8 0.1
v 0.6 -0.9 0
v 0.6 -0.8 0
v 0.7 -0.8 0
v 0.7 -0.9 0
v 0.7 -0.8 0.1
v 0.7 -0.9 0.1
v 0.8 -0.9 0.1
v 0.8 -0.8 0.1
v 0.7 -0.9 0
v 0.7 -0.8 0
v 0.8 -0.8 0
v 0.8 -0.9 0
v 0.8 -0.8 0.1
v 0.8 -0.9 0.1
v 0.9 -0.9 0.1
v 0.9 -0.8 0.1
v 0.8 -0.9 0
v 0.8 -0.8 0
v 0.9 -0.8 0
v 0.9 -0.9 0
v 0.9 -0.8 0.1
v 0.9 -0.9 0.1
v 1 -0.9 0.1
v 1 -0.8 0.1
v 0.9 -0.9 0
v 0.9 -0.8 0
v 1 -0.8 0
v 1 -0.9 0
v 1 -0.8 0.1
v 1 -0.9 0.1
v 1.1 -0.9 0.1
v 1.1 -0.8 0.1
v 1 -0.9 0
v 1 -0.8 0
v 1.1 -0.8 0
v 1.1 -0.9 0
v 1.2 -0.9 0.1
v 1.2 -0.9 0
v 1.2 -0.8 0
v 1.2 -0.8 0.1
v 1.1 -0.8 0.1
v 1.1 -0.9 0.1
v 1.2 -0.9 0.1
v 1.2 -0.8 0.1
v 1.1 -0.9 0
v 1.1 -0.8 0
v 1.2 -0.8 0
v 1.2 -0.9 0
v -1.2 -0.9 0.3
v -1.2 -0.9 0.2
v -1.2 -1 0.2
v -1.2 -1 0.3
v -1.2 -0.9 0.3
v -1.2 -1 0.3
v -1.1 -1 0.3
v -1.1 -0.9 0.3
v -1.2 -1 0.2
v -1.2 -0.9 0.2
v -1.1 -0.9 0.2
v -1.1 -1 0.2
v -1.1 -0.9 0.3
v -1.1 -1 0.3
v -1 -1 0.3
v -1 -0.9 0.3
v -1.1 -1 0.2
v -1.1 -0.9 0.2
v -1 -0.9 0.2
v -1 -1 0.2
v -1 -0.9 0.3
v -1 -1 0.3
v -0.9 -1 0.3
v -0.9 -0.9 0.3
v -1 -1 0.2
v -1 -0.9 0.2
v -0.9 -0.9 0.2
v -0.9 -1 0.2
v -0.9 -0.9 0.3
v -0.9 -1 0.3
v -0.8 -1 0.3
v -0.8 -0.9 0.3
v -0.9 -1 0.2
v -0.9 -0.9 0.2
v -0.8 -0.9 0.2
v -0.8 -1 0.2
v -0.8 -0.9 0.3
v -0.8 -1 0.3
v -0.7 -1 0.3
v -0.7 -0.9 0.3
v -0.8 -1 0.2
v -0.8 -0.9 0.2
v -0.7 -0.9 0.2
v -0.7 -1 0.2
v -0.7 -0.9 0.3
v -0.7 -1 0.3
v -0.6 -1 0.3
v -0.6 -0.9 0.3
v -0.7 -1 0.2
v -0.7 -0.9 0.2
v -0.6 -0.9 0.2
v -0.6 -1 0.2
v -0.6 -0.9 0.3
v -0.6 -1 0.3
v -0.5 -1 0.3
v -0.5 -0.9 0.3
v -0.6 -1 0.2
v -0.6 -0.9 0.2
v -0.5 -0.9 0.2
v -0.5 -1 0.2
v -0.5 -0.9 0.3
v -0.5 -1 0.3
v -0.4 -1 0.3
v -0.4 -0.9 0.3
v -0.5 -1 0.2
v -0.5 -0.9 0.2
v -0.4 -0.9 0.2
v -0.4 -1 0.2
v -0.3 -1 0.3
v -0.3 -1 0.2
v -0.3 -0.9 0.2
v -0.3 -0.9 0.3
v -0.4 -0.9 0.3
v -0.4 -1 0.3
v -0.3 -1 0.3
v -0.3 -0.9 0.3
v -0.4 -1 0.2
v -0.4 -0.9 0.2
v -0.3 -0.9 0.2
v -0.3 -1 0.2
v -0.3 -0.9 0.1
v -0.3 -0.9 0
v -0.3 -1 0
v -0.3 -1 0.1
v -0.3 -0.9 0.1
v -0.3 -1 0.1
v -0.2 -1 0.1
v -0.2 -0.9 0.1
v -0.3 -1 0
v -0.3 -0.9 0
v -0.2 -0.9 0
v -0.2 -1 0
v -0.2 -0.9 0.1
v -0.2 -1 0.1
v -0.1 -1 0.1
v -0.1 -0.9 0.1
v -0.2 -1 0
v -0.2 -0.9 0
v -0.1 -0.9 0
v -0.1 -1 0
v -0.1 -0.9 0.1
v -0.1 -1 0.1
v 0 -1 0.1
v 0 -0.9 0.1
v -0.1 -1 0
v -0.1 -0.9 0
v 0 -0.9 0
v 0 -1 0
v 0 -0.9 0.1
v 0 -1 0.1
v 0.1 -1 0.1
v 0.1 -0.9 0.1
v 0 -1 0
v 0 -0.9 0
v 0.1 -0.9 0
v 0.1 -1 0
v 0.1 -0.9 0.1
v 0.1 -1 0.1
v 0.2 -1 0.1
v 0.2 -0.9 0.1
v 0.1 -1 0
v 0.1 -0.9 0
v 0.2 -0.9 0
v 0.2 -1 0
v 0.2 -0.9 0.1
v 0.2 -1 0.1
v 0.3 -1 0.1
v 0.3 -0.9 0.1
v 0.2 -1 0
v 0.2 -0.9 0
v 0.3 -0.9 0
v 0.3 -1 0
v 0.3 -0.9 0.1
v 0.3 -1 0.1
v 0.4 -1 0.1
v 0.4 -0.9 0.1
v 0.3 -1 0
v 0.3 -0.9 0
v 0.4 -0.9 0
v 0.4 -1 0
v 0.4 -0.9 0.1
v 0.4 -1 0.1
v 0.5 -1 0.1
v 0.5 -0.9 0.1
v 0.4 -1 0
v 0.4 -0.9 0
v 0.5 -0.9 0
v 0.5 -1 0
v 0.5 -0.9 0.1
v 0.5 -1 0.1
v 0.6 -1 0.1
v 0.6 -0.9 0.1
v 0.5 -1 0
v 0.5 -0.9 0
v 0.6 -0.9 0
v 0.6 -1 0
v 0.6 -0.9 0.1
v 0.6 -1 0.1
v 0.7 -1 0.1
v 0.7 -0.9 0.1
v 0.6 -1 0
v 0.6 -0.9 0
v 0.7 -0.9 0
v 0.7 -1 0
v 0.7 -0.9 0.1
v 0.7 -1 0.1
v 0.8 -1 0.1
v 0.8 -0.9 0.1
v 0.7 -1 0
v 0.7 -0.9 0
v 0.8 -0.9 0
v 0.8 -1 0
v 0.8 -0.9 0.1
v 0.8 -1 0.1
v 0.9 -1 0.1
v 0.9 -0.9 0.1
v 0.8 -1 0
v 0.8 -0.9 0
v 0.9 -0.9 0
v 0.9 -1 0
v 0.9 -0.9 0.1
v 0.9 -1 0.1
v 1 -1 0.1
v 1 -0.9 0.1
v 0.9 -1 0
v 0.9 -0.9 0
v 1 -0.9 0
v 1 -1 0
v 1 -0.9 0.1
v 1 -1 0.1
v 1.1 -1 0.1
v 1.1 -0.9 0.1
v 1 -1 0
v 1 -0.9 0
v 1.1 -0.9 0
v 1.1 -1 0
v 1.2 -1 0.1
v 1.2 -1 0
v 1.2 -0.9 0
v 1.2 -0.9 0.1
v 1.1 -0.9 0.1
v 1.1 -1 0.1
v 1.2 -1 0.1
v 1.2 -0.9 0.1
v 1.1 -1 0
v 1.1 -0.9 0
v 1.2 -0.9 0
v 1.2 -1 0
v -1.2 -1 0.3
v -1.2 -1 0.2
v -1.2 -1.1 0.2
v -1.2 -1.1 0.3
v -1.2 -1 0.3
v -1.2 -1.1 0.3
v -1.1 -1.1 0.3
v -1.1 -1 0.3
v -1.2 -1.1 0.2
v -1.2 -1 0.2
v -1.1 -1 0.2
v -1.1 -1.1 0.2
v -1.1 -1 0.3
v -1.1 -1.1 0.3
v -1 -1.1 0.3
v -1 -1 0.3
v -1.1 -1.1 0.2
v -1.1 -1 0.2
v -1 -1 0.2
v -1 -1.1 0.2
v -1 -1 0.3
v -1 -1.1 0.3
v -0.9 -1.1 0.3
v -0.9 -1 0.3
v -1 -1.1 0.2
v -1 -1 0.2
v -0.9 -1 0.2
v -0.9 -1.1 0.2
v -0.9 -1 0.3
v -0.9 -1.1 0.3
v -0.8 -1.1 0.3
v -0.8 -1 0.3
v -0.9 -1.1 0.2
v -0.9 -1 0.2
v -0.8 -1 0.2
v -0.8 -1.1 0.2
v -0.8 -1 0.3
v -0.8 -1.1 0.3
v -0.7 -1.1 0.3
v -0.7 -1 0.3
v -0.8 -1.1 0.2
v -0.8 -1 0.2
v -0.7 -1 0.2
v -0.7 -1.1 0.2
v -0.7 -1 0.3
v -0.7 -1.1 0.3
v -0.6 -1.1 0.3
v -0.6 -1 0.3
v -0.7 -1.1 0.2
v -0.7 -1 0.2
v -0.6 -1 0.2
v -0.6 -1.1 0.2
v -0.6 -1 0.3
v -0.6 -1.1 0.3
v -0.5 -1.1 0.3
v -0.5 -1 0.3
v -0.6 -1.1 0.2
v -0.6 -1 0.2
v -0.5 -1 0.2
v -0.5 -1.1 0.2
v -0.5 -1 0.3
v -0.5 -1.1 0.3
v -0.4 -1.1 0.3
v -0.4 -1 0.3
v -0.5 -1.1 0.2
v -0.5 -1 0.2
v -0.4 -1 0.2
v -0.4 -1.1 0.2
v -0.3 -1.1 0.3
v -0.3 -1.1 0.2
v -0.3 -1 0.2
v -0.3 -1 0.3
v -0.4 -1 0.3
v -0.4 -1.1 0.3
v -0.3 -1.1 0.3
v -0.3 -1 0.3
v -0.4 -1.1 0.2
v -0.4 -1 0.2
v -0.3 -1 0.2
v -0.3 -1.1 0.2
v -0.3 -1 0.1
v -0.3 -1 0
v -0.3 -1.1 0
v -0.3 -1.1 0.1
v -0.3 -1 0.1
v -0.3 -1.1 0.1
v -0.2 -1.1 0.1
v -0.2 -1 0.1
v -0.3 -1.1 0
v -0.3 -1 0
v -0.2 -1 0
v -0.2 -1.1 0
v -0.2 -1 0.1
v -0.2 -1.1 0.1
v -0.1 -1.1 0.1
v -0.1 -1 0.1
v -0.2 -1.1 0
v -0.2 -1 0
v -0.1 -1 0
v -0.1 -1.1 0
v -0.1 -1 0.1
v -0.1 -1.1 0.1
v 0 -1.1 0.1
v 0 -1 0.1
v -0.1 -1.1 0
v -0.1 -1 0
v 0 -1 0
v 0 -1.1 0
v 0 -1 0.1
v 0 -1.1 0.1
v 0.1 -1.1 0.1
v 0.1 -1 0.1
v 0 -1.1 0
v 0 -1 0
v 0.1 -1 0
v 0.1 -1.1 0
v 0.1 -1 0.1
v 0.1 -1.1 0.1
v 0.2 -1.1 0.1
v 0.2 -1 0.1
v 0.1 -1.1 0
v 0.1 -1 0
v 0.2 -1 0
v 0.2 -1.1 0
v 0.2 -1 0.1
v 0.2 -1.1 0.1
v 0.3 -1.1 0.1
v 0.3 -1 0.1
v 0.2 -1.1 0
v 0.2 -1 0
v 0.3 -1 0
v 0.3 -1.1 0
v 0.3 -1 0.1
v 0.3 -1.1 0.1
v 0.4 -1.1 0.1
v 0.4 -1 0.1
v 0.3 -1.1 0
v 0.3 -1 0
v 0.4 -1 0
v 0.4 -1.1 0
v 0.4 -1 0.1
v 0.4 -1.1 0.1
v 0.5 -1.1 0.1
v 0.5 -1 0.1
v 0.4 -1.1 0
v 0.4 -1 0
v 0.5 -1 0
v 0.5 -1.1 0
v 0.5 -1 0.1
v 0.5 -1.1 0.1
v 0.6 -1.1 0.1
v 0.6 -1 0.1
v 0.5 -1.1 0
v 0.5 -1 0
v 0.6 -1 0
v 0.6 -1.1 0
v 0.6 -1 0.1
v 0.6 -1.1 0.1
v 0.7 -1.1 0.1
v 0.7 -1 0.1
v 0.6 -1.1 0
v 0.6 -1 0
v 0.7 -1 0
v 0.7 -1.1 0
v 0.7 -1 0.1
v 0.7 -1.1 0.1
v 0.8 -1.1 0.1
v 0.8 -1 0.1
v 0.7 -1.1 0
v 0.7 -1 0
v 0.8 -1 0
v 0.8 -1.1 0
v 0.8 -1 0.1
v 0.8 -1.1 0.1
v 0.9 -1.1 0.1
v 0.9 -1 0.1
v 0.8 -1.1 0
v 0.8 -1 0
v 0.9 -1 0
v 0.9 -1.1 0
v 0.9 -1 0.1
v 0.9 -1.1 0.1
v 1 -1.1 0.1
v 1 -1 0.1
v 0.9 -1.1 0
v 0.9 -1 0
v 1 -1 0
v 1 -1.1 0
v 1 -1 0.1
v 1 -1.1 0.1
v 1.1 -1.1 0.1
v 1.1 -1 0.1
v 1 -1.1 0
v 1 -1 0
v 1.1 -1 0
v 1.1 -1.1 0
v 1.2 -1.1 0.1
v 1.2 -1.1 0
v 1.2 -1 0
v 1.2 -1 0.1
v 1.1 -1 0.1
v 1.1 -1.1 0.1
v 1.2 -1.1 0.1
v 1.2 -1 0.1
v 1.1 -1.1 0
v 1.1 -1 0
v 1.2 -1 0
v 1.2 -1.1 0
v -1.2 -1.1 0.3
v -1.2 -1.1 0.2
v -1.2 -1.2 0.2
v -1.2 -1.2 0.3
v -1.2 -1.1 0.3
v -1.2 -1.2 0.3
v -1.1 -1.2 0.3
v -1.1 -1.1 0.3
v -1.2 -1.2 0.2
v -1.2 -1.1 0.2
v -1.1 -1.1 0.2
v -1.1 -1.2 0.2
v -1.2 -1.2 0.3
v -1.2 -1.2 0.2
v -1.1 -1.2 0.2
v -1.1 -1.2 0.3
v -1.1 -1.1 0.3
v -1.1 -1.2 0.3
v -1 -1.2 0.3
v -1 -1.1 0.3
v -1.1 -1.2 0.2
v -1.1 -1.1 0.2
v -1 -1.1 0.2
v -1 -1.2 0.2
v -1.1 -1.2 0.3
v -1.1 -1.2 0.2
v -1 -1.2 0.2
v -1 -1.2 0.3
v -1 -1.1 0.3
v -1 -1.2 0.3
v -0.9 -1.2 0.3
v -0.9 -1.1 0.3
v -1 -1.2 0.2
v -1 -1.1 0.2
v -0.9 -1.1 0.2
v -0.9 -1.2 0.2
v -1 -1.2 0.3
v -1 -1.2 0.2
v -0.9 -1.2 0.2
v -0.9 -1.2 0.3
v -0.9 -1.1 0.3
v -0.9 -1.2 0.3
v -0.8 -1.2 0.3
v -0.8 -1.1 0.3
v -0.9 -1.2 0.2
v -0.9 -1.1 0.2
v -0.8 -1.1 0.2
v -0.8 -1.2 0.2
v -0.9 -1.2 0.3
v -0.9 -1.2 0.2
v -0.8 -1.2 0.2
v -0.8 -1.2 0.3
v -0.8 -1.1 0.3
v -0.8 -1.2 0.3
v -0.7 -1.2 0.3
v -0.7 -1.1 0.3
v -0.8 -1.2 0.2
v -0.8 -1.1 0.2
v -0.7 -1.1 0.2
v -0.7 -1.2 0.2
v -0.8 -1.2 0.3
v -0.8 -1.2 0.2
v -0.7 -1.2 0.2
v -0.7 -1.2 0.3
v -0.7 -1.1 0.3
v -0.7 -1.2 0.3
v -0.6 -1.2 0.3
v -0.6 -1.1 0.3
v -0.7 -1.2 0.2
v -0.7 -1.1 0.2
v -0.6 -1.1 0.2
v -0.6 -1.2 0.2
v -0.7 -1.2 0.3
v -0.7 -1.2 0.2
v -0.6 -1.2 0.2
v -0.6 -1.2 0.3
v -0.6 -1.1 0.3
v -0.6 -1.2 0.3
v -0.5 -1.2 0.3
v -0.5 -1.1 0.3
v -0.6 -1.2 0.2
v -0.6 -1.1 0.2
v -0.5 -1.1 0.2
v -0.5 -1.2 0.2
v -0.6 -1.2 0.3
v -0.6 -1.2 0.2
v -0.5 -1.2 0.2
v -0.5 -1.2 0.3
v -0.5 -1.1 0.3
v -0.5 -1.2 0.3
v -0.4 -1.2 0.3
v -0.4 -1.1 0.3
v -0.5 -1.2 0.2
v -0.5 -1.1 0.2
v -0.4 -1.1 0.2
v -0.4 -1.2 0.2
v -0.5 -1.2 0.3
v -0.5 -1.2 0.2
v -0.4 -1.2 0.2
v -0.4 -1.2 0.3
v -0.3 -1.2 0.3
v -0.3 -1.2 0.2
v -0.3 -1.1 0.2
v -0.3 -1.1 0.3
v -0.4 -1.1 0.3
v -0.4 -1.2 0.3
v -0.3 -1.2 0.3
v -0.3 -1.1 0.3
v -0.4 -1.2 0.2
v -0.4 -1.1 0.2
v -0.3 -1.1 0.2
v -0.3 -1.2 0.2
v -0.4 -1.2 0.3
v -0.4 -1.2 0.2
v -0.3 -1.2 0.2
v -0.3 -1.2 0.3
v -0.3 -1.1 0.1
v -0.3 -1.1 0
v -0.3 -1.2 0
v -0.3 -1.2 0.1
v -0.3 -1.1 0.1
v -0.3 -1.2 0.1
v -0.2 -1.2 0.1
v -0.2 -1.1 0.1
v -0.3 -1.2 0
v -0.3 -1.1 0
v -0.2 -1.1 0
v -0.2 -1.2 0
v -0.3 -1.2 0.1
v -0.3 -1.2 0
v -0.2 -1.2 0
v -0.2 -1.2 0.1
v -0.2 -1.1 0.1
v -0.2 -1.2 0.1
v -0.1 -1.2 0.1
v -0.1 -1.1 0.1
v -0.2 -1.2 0
v -0.2 -1.1 0
v -0.1 -1.1 0
v -0.1 -1.2 0
v -0.2 -1.2 0.1
v -0.2 -1.2 0
v -0.1 -1.2 0
v -0.1 -1.2 0.1
v -0.1 -1.1 0.1
v -0.1 -1.2 0.1
v 0 -1.2 0.1
v 0 -1.1 0.1
v -0.1 -1.2 0
v -0.1 -1.1 0
v 0 -1.1 0
v 0 -1.2 0
v -0.1 -1.2 0.1
v -0.1 -1.2 0
v 0 -1.2 0
v 0 -1.2 0.1
v 0 -1.1 0.1
v 0 -1.2 0.1
v 0.1 -1.2 0.1
v 0.1 -1.1 0.1
v 0 -1.2 0
v 0 -1.1 0
v 0.1 -1.1 0
v 0.1 -1.2 0
v 0 -1.2 0.1
v 0 -1.2 0
v 0.1 -1.2 0
v 0.1 -1.2 0.1
v 0.1 -1.1 0.1
v 0.1 -1.2 0.1
v 0.2 -1.2 0.1
v 0.2 -1.1 0.1
v 0.1 -1.2 0
v 0.1 -1.1 0
v 0.2 -1.1 0
v 0.2 -1.2 0
v 0.1 -1.2 0.1
v 0.1 -1.2 0
v 0.2 -1.2 0
v 0.2 -1.2 0.1
v 0.2 -1.1 0.1
v 0.2 -1.2 0.1
v 0.3 -1.2 0.1
v 0.3 -1.1 0.1
v 0.2 -1.2 0
v 0.2 -1.1 0
v 0.3 -1.1 0
v 0.3 -1.2 0
v 0.2 -1.2 0.1
v 0.2 -1.2 0
v 0.3 -1.2 0
v 0.3 -1.2 0.1
v 0.3 -1.1 0.1
v 0.3 -1.2 0.1
v 0.4 -1.2 0.1
v 0.4 -1.1 0.1
v 0.3 -1.2 0
v 0.3 -1.1 0
v 0.4 -1.1 0
v 0.4 -1.2 0
v 0.3 -1.2 0.1
v 0.3 -1.2 0
v 0.4 -1.2 0
v 0.4 -1.2 0.1
v 0.4 -1.1 0.1
v 0.4 -1.2 0.1
v 0.5 -1.2 0.1
v 0.5 -1.1 0.1
v 0.4 -1.2 0
v 0.4 -1.1 0
v 0.5 -1.1 0
v 0.5 -1.2 0
v 0.4 -1.2 0.1
v 0.4 -1.2 0
v 0.5 -1.2 0
v 0.5 -1.2 0.1
v 0.5 -1.1 0.1
v 0.5 -1.2 0.1
v 0.6 -1.2 0.1
v 0.6 -1.1 0.1
v 0.5 -1.2 0
v 0.5 -1.1 0
v 0.6 -1.1 0
v 0.6 -1.2 0
v 0.5 -1.2 0.1
v 0.5 -1.2 0
v 0.6 -1.2 0
v 0.6 -1.2 0.1
v 0.6 -1.1 0.1
v 0.6 -1.2 0.1
v 0.7 -1.2 0.1
v 0.7 -1.1 0.1
v 0.6 -1.2 0
v 0.6 -1.1 0
v 0.7 -1.1 0
v 0.7 -1.2 0
v 0.6 -1.2 0.1
v 0.6 -1.2 0
v 0.7 -1.2 0
v 0.7 -1.2 0.1
v 0.7 -1.1 0.1
v 0.7 -1.2 0.1
v 0.8 -1.2 0.1
v 0.8 -1.1 0.1
v 0.7 -1.2 0
v 0.7 -1.1 0
v 0.8 -1.1 0
v 0.8 -1.2 0
v 0.7 -1.2 0.1
v 0.7 -1.2 0
v 0.8 -1.2 0
v 0.8 -1.2 0.1
v 0.8 -1.1 0.1
v 0.8 -1.2 0.1
v 0.9 -1.2 0.1
v 0.9 -1.1 0.1
v 0.8 -1.2 0
v 0.8 -1.1 0
v 0.9 -1.1 0
v 0.9 -1.2 0
v 0.8 -1.2 0.1
v 0.8 -1.2 0
v 0.9 -1.2 0
v 0.9 -1.2 0.1
v 0.9 -1.1 0.1
v 0.9 -1.2 0.1
v 1 -1.2 0.1
v 1 -1.1 0.1
v 0.9 -1.2 0
v 0.9 -1.1 0
v 1 -1.1 0
v 1 -1.2 0
v 0.9 -1.2 0.1
v 0.9 -1.2 0
v 1 -1.2 0
v 1 -1.2 0.1
v 1 -1.1 0.1
v 1 -1.2 0.1
v 1.1 -1.2 0.1
v 1.1 -1.1 0.1
v 1 -1.2 0
v 1 -1.1 0
v 1.1 -1.1 0
v 1.1 -1.2 0
v 1 -1.2 0.1
v 1 -1.2 0
v 1.1 -1.2 0
v 1.1 -1.2 0.1
v 1.2 -1.2 0.1
v 1.2 -1.2 0
v 1.2 -1.1 0
v 1.2 -1.1 0.1
v 1.1 -1.1 0.1
v 1.1 -1.2 0.1
v 1.2 -1.2 0.1
v 1.2 -1.1 0.1
v 1.1 -1.2 0
v 1.1 -1.1 0
v 1.2 -1.1 0
v 1.2 -1.2 0
v 1.1 -1.2 0.1
v 1.1 -1.2 0
v 1.2 -1.2 0
v 1.2 -1.2 0.1

# faces
f 1/10/1 2/10/1 3/10/1 4/10/1
f 5/10/3 6/10/3 7/10/3 8/10/3
f 9/10/4 10/10/4 11/10/4 12/10/4
f 13/10/6 14/10/6 15/10/6 16/10/6
f 17/10/3 18/10/3 19/10/3 20/10/3
f 21/10/4 22/10/4 23/10/4 24/10/4
f 25/10/6 26/10/6 27/10/6 28/10/6
f 29/4/3 30/4/3 31/4/3 32/4/3
f 33/4/4 34/4/4 35/4/4 36/4/4
f 37/4/6 38/4/6 39/4/6 40/4/6
f 41/10/3 42/10/3 43/10/3 44/10/3
f 45/10/4 46/10/4 47/10/4 48/10/4
f 49/10/6 50/10/6 51/10/6 52/10/6
f 53/10/3 54/10/3 55/10/3 56/10/3
f 57/10/4 58/10/4 59/10/4 60/10/4
f 61/10/6 62/10/6 63/10/6 64/10/6
f 65/10/3 66/10/3 67/10/3 68/10/3
f 69/10/4 70/10/4 71/10/4 72/10/4
f 73/10/6 74/10/6 75/10/6 76/10/6
f 77/10/3 78/10/3 79/10/3 80/10/3
f 81/10/4 82/10/4 83/10/4 84/10/4
f 85/10/6 86/10/6 87/10/6 88/10/6
f 89/10/3 90/10/3 91/10/3 92/10/3
f 93/10/4 94/10/4 95/10/4 96/10/4
f 97/10/6 98/10/6 99/10/6 100/10/6
f 101/10/3 102/10/3 103/10/3 104/10/3
f 105/10/4 106/10/4 107/10/4 108/10/4
f 109/10/6 110/10/6 111/10/6 112/10/6
f 113/10/3 114/10/3 115/10/3 116/10/3
f 117/10/4 118/10/4 119/10/4 120/10/4
f 121/10/6 122/10/6 123/10/6 124/10/6
f 125/10/3 126/10/3 127/10/3 128/10/3
f 129/10/4 130/10/4 131/10/4 132/10/4
f 133/10/6 134/10/6 135/10/6 136/10/6
f 137/4/3 138/4/3 139/4/3 140/4/3
f 141/4/4 142/4/4 143/4/4 144/4/4
f 145/4/6 146/4/6 147/4/6 148/4/6
f 149/4/3 150/4/3 151/4/3 152/4/3
f 153/4/4 154/4/4 155/4/4 156/4/4
f 157/4/6 158/4/6 159/4/6 160/4/6
f 161/10/3 162/10/3 163/10/3 164/10/3
f 165/10/4 166/10/4 167/10/4 168/10/4
f 169/10/6 170/10/6 171/10/6 172/10/6
f 173/10/3 174/10/3 175/10/3 176/10/3
f 177/10/4 178/10/4 179/10/4 180/10/4
f 181/10/6 182/10/6 183/10/6 184/10/6
f 185/10/3 186/10/3 187/10/3 188/10/3
f 189/10/4 190/10/4 191/10/4 192/10/4
f 193/10/6 194/10/6 195/10/6 196/10/6
f 197/10/3 198/10/3 199/10/3 200/10/3
f 201/10/4 202/10/4 203/10/4 204/10/4
f 205/10/6 206/10/6 207/10/6 208/10/6
f 209/10/3 210/10/3 211/10/3 212/10/3
f 213/10/4 214/10/4 215/10/4 216/10/4
f 217/10/6 218/10/6 219/10/6 220/10/6
f 221/10/3 222/10/3 223/10/3 224/10/3
f 225/10/4 226/10/4 227/10/4 228/10/4
f 229/10/6 230/10/6 231/10/6 232/10/6
f 233/4/3 234/4/3 235/4/3 236/4/3
f 237/4/4 238/4/4 239/4/4 240/4/4
f 241/4/6 242/4/6 243/4/6 244/4/6
f 245/4/3 246/4/3 247/4/3 248/4/3
f 249/4/4 250/4/4 251/4/4 252/4/4
f 253/4/6 254/4/6 255/4/6 256/4/6
f 257/4/3 258/4/3 259/4/3 260/4/3
f 261/4/4 262/4/4 263/4/4 264/4/4
f 265/4/6 266/4/6 267/4/6 268/4/6
f 269/10/3 270/10/3 271/10/3 272/10/3
f 273/10/4 274/10/4 275/10/4 276/10/4
f 277/10/6 278/10/6 279/10/6 280/10/6
f 281/10/2 282/10/2 283/10/2 284/10/2
f 285/10/3 286/10/3 287/10/3 288/10/3
f 289/10/4 290/10/4 291/10/4 292/10/4
f 293/10/6 294/10/6 295/10/6 296/10/6
f 297/13/1 298/13/1 299/13/1 300/13/1
f 301/13/3 302/13/3 303/13/3 304/13/3
f 305/13/4 306/13/4 307/13/4 308/13/4
f 309/13/3 310/13/3 311/13/3 312/13/3
f 313/13/4 314/13/4 315/13/4 316/13/4
f 317/14/3 318/14/3 319/14/3 320/14/3
f 321/14/4 322/14/4 323/14/4 324/14/4
f 325/14/3 326/14/3 327/14/3 328/14/3
f 329/14/4 330/14/4 331/14/4 332/14/4
f 333/14/3 334/14/3 335/14/3 336/14/3
f 337/14/4 338/14/4 339/14/4 340/14/4
f 341/13/3 342/13/3 343/13/3 344/13/3
f 345/13/4 346/13/4 347/13/4 348/13/4
f 349/13/3 350/13/3 351/13/3 352/13/3
f 353/13/4 354/13/4 355/13/4 356/13/4
f 357/14/3 358/14/3 359/14/3 360/14/3
f 361/14/4 362/14/4 363/14/4 364/14/4
f 365/13/3 366/13/3 367/13/3 368/13/3
f 369/13/4 370/13/4 371/13/4 372/13/4
f 373/14/3 374/14/3 375/14/3 376/14/3
f 377/14/4 378/14/4 379/14/4 380/14/4
f 381/13/3 382/13/3 383/13/3 384/13/3
f 385/13/4 386/13/4 387/13/4 388/13/4
f 389/13/3 390/13/3 391/13/3 392/13/3
f 393/13/4 394/13/4 395/13/4 396/13/4
f 397/14/3 398/14/3 399/14/3 400/14/3
f 401/14/4 402/14/4 403/14/4 404/14/4
f 405/14/3 406/14/3 407/14/3 408/14/3
f 409/14/4 410/14/4 411/14/4 412/14/4
f 413/14/3 414/14/3 415/14/3 416/14/3
f 417/14/4 418/14/4 419/14/4 420/14/4
f 421/13/3 422/13/3 423/13/3 424/13/3
f 425/13/4 426/13/4 427/13/4 428/13/4
f 429/14/3 430/14/3 431/14/3 432/14/3
f 433/14/4 434/14/4 435/14/4 436/14/4
f 437/13/3 438/13/3 439/13/3 440/13/3
f 441/13/4 442/13/4 443/13/4 444/13/4
f 445/13/3 446/13/3 447/13/3 448/13/3
f 449/13/4 450/13/4 451/13/4 452/13/4
f 453/14/3 454/14/3 455/14/3 456/14/3
f 457/14/4 458/14/4 459/14/4 460/14/4
f 461/14/3 462/14/3 463/14/3 464/14/3
f 465/14/4 466/14/4 467/14/4 468/14/4
f 469/13/3 470/13/3 471/13/3 472/13/3
f 473/13/4 474/13/4 475/13/4 476/13/4
f 477/14/3 478/14/3 479/14/3 480/14/3
f 481/14/4 482/14/4 483/14/4 484/14/4
f 485/13/2 486/13/2 487/13/2 488/13/2
f 489/13/3 490/13/3 491/13/3 492/13/3
f 493/13/4 494/13/4 495/13/4 496/13/4
f 497/13/1 498/13/1 499/13/1 500/13/1
f 501/13/3 502/13/3 503/13/3 504/13/3
f 505/13/4 506/13/4 507/13/4 508/13/4
f 509/13/3 510/13/3 511/13/3 512/13/3
f 513/13/4 514/13/4 515/13/4 516/13/4
f 517/13/3 518/13/3 519/13/3 520/13/3
f 521/13/4 522/13/4 523/13/4 524/13/4
f 525/13/3 526/13/3 527/13/3 528/13/3
f 529/13/4 530/13/4 531/13/4 532/13/4
f 533/13/3 534/13/3 535/13/3 536/13/3
f 537/13/4 538/13/4 539/13/4 540/13/4
f 541/13/3 542/13/3 543/13/3 544/13/3
f 545/13/4 546/13/4 547/13/4 548/13/4
f 549/13/3 550/13/3 551/13/3 552/13/3
f 553/13/4 554/13/4 555/13/4 556/13/4
f 557/13/3 558/13/3 559/13/3 560/13/3
f 561/13/4 562/13/4 563/13/4 564/13/4
f 565/13/3 566/13/3 567/13/3 568/13/3
f 569/13/4 570/13/4 571/13/4 572/13/4
f 573/13/3 574/13/3 575/13/3 576/13/3
f 577/13/4 578/13/4 579/13/4 580/13/4
f 581/13/3 582/13/3 583/13/3 584/13/3
f 585/13/4 586/13/4 587/13/4 588/13/4
f 589/13/3 590/13/3 591/13/3 592/13/3
f 593/13/4 594/13/4 595/13/4 596/13/4
f 597/13/3 598/13/3 599/13/3 600/13/3
f 601/13/4 602/13/4 603/13/4 604/13/4
f 605/13/3 606/13/3 607/13/3 608/13/3
f 609/13/4 610/13/4 611/13/4 612/13/4
f 613/13/3 614/13/3 615/13/3 616/13/3
f 617/13/4 618/13/4 619/13/4 620/13/4
f 621/13/3 622/13/3 623/13/3 624/13/3
f 625/13/4 626/13/4 627/13/4 628/13/4
f 629/13/3 630/13/3 631/13/3 632/13/3
f 633/13/4 634/13/4 635/13/4 636/13/4
f 637/13/3 638/13/3 639/13/3 640/13/3
f 641/13/4 642/13/4 643/13/4 644/13/4
f 645/13/3 646/13/3 647/13/3 648/13/3
f 649/13/4 650/13/4 651/13/4 652/13/4
f 653/13/3 654/13/3 655/13/3 656/13/3
f 657/13/4 658/13/4 659/13/4 660/13/4
f 661/13/3 662/13/3 663/13/3 664/13/3
f 665/13/4 666/13/4 667/13/4 668/13/4
f 669/13/3 670/13/3 671/13/3 672/13/3
f 673/13/4 674/13/4 675/13/4 676/13/4
f 677/13/3 678/13/3 679/13/3 680/13/3
f 681/13/4 682/13/4 683/13/4 684/13/4
f 685/13/2 686/13/2 687/13/2 688/13/2
f 689/13/3 690/13/3 691/13/3 692/13/3
f 693/13/4 694/13/4 695/13/4 696/13/4
f 697/14/1 698/14/1 699/14/1 700/14/1
f 701/14/3 702/14/3 703/14/3 704/14/3
f 705/14/4 706/14/4 707/14/4 708/14/4
f 709/14/3 710/14/3 711/14/3 712/14/3
f 713/14/4 714/14/4 715/14/4 716/14/4
f 717/14/3 718/14/3 719/14/3 720/14/3
f 721/14/4 722/14/4 723/14/4 724/14/4
f 725/14/3 726/14/3 727/14/3 728/14/3
f 729/14/4 730/14/4 731/14/4 732/14/4
f 733/3/3 734/3/3 735/3/3 736/3/3
f 737/3/4 738/3/4 739/3/4 740/3/4
f 741/9/3 742/9/3 743/9/3 744/9/3
f 745/9/4 746/9/4 747/9/4 748/9/4
f 749/9/3 750/9/3 751/9/3 752/9/3
f 753/9/4 754/9/4 755/9/4 756/9/4
f 757/9/3 758/9/3 759/9/3 760/9/3
f 761/9/4 762/9/4 763/9/4 764/9/4
f 765/9/3 766/9/3 767/9/3 768/9/3
f 769/9/4 770/9/4 771/9/4 772/9/4
f 773/9/3 774/9/3 775/9/3 776/9/3
f 777/9/4 778/9/4 779/9/4 780/9/4
f 781/9/3 782/9/3 783/9/3 784/9/3
f 785/9/4 786/9/4 787/9/4 788/9/4
f 789/9/3 790/9/3 791/9/3 792/9/3
f 793/9/4 794/9/4 795/9/4 796/9/4
f 797/9/3 798/9/3 799/9/3 800/9/3
f 801/9/4 802/9/4 803/9/4 804/9/4
f 805/9/3 806/9/3 807/9/3 808/9/3
f 809/9/4 810/9/4 811/9/4 812/9/4
f 813/9/3 814/9/3 815/9/3 816/9/3
f 817/9/4 818/9/4 819/9/4 820/9/4
f 821/9/3 822/9/3 823/9/3 824/9/3
f 825/9/4 826/9/4 827/9/4 828/9/4
f 829/9/3 830/9/3 831/9/3 832/9/3
f 833/9/4 834/9/4 835/9/4 836/9/4
f 837/9/3 838/9/3 839/9/3 840/9/3
f 841/9/4 842/9/4 843/9/4 844/9/4
f 845/9/3 846/9/3 847/9/3 848/9/3
f 849/9/4 850/9/4 851/9/4 852/9/4
f 853/9/3 854/9/3 855/9/3 856/9/3
f 857/9/4 858/9/4 859/9/4 860/9/4
f 861/9/3 862/9/3 863/9/3 864/9/3
f 865/9/4 866/9/4 867/9/4 868/9/4
f 869/9/3 870/9/3 871/9/3 872/9/3
f 873/9/4 874/9/4 875/9/4 876/9/4
f 877/9/3 878/9/3 879/9/3 880/9/3
f 881/9/4 882/9/4 883/9/4 884/9/4
f 885/9/2 886/9/2 887/9/2 888/9/2
f 889/9/3 890/9/3 891/9/3 892/9/3
f 893/9/4 894/9/4 895/9/4 896/9/4
f 897/12/1 898/12/1 899/12/1 900/12/1
f 901/12/3 902/12/3 903/12/3 904/12/3
f 905/12/4 906/12/4 907/12/4 908/12/4
f 909/12/3 910/12/3 911/12/3 912/12/3
f 913/12/4 914/12/4 915/12/4 916/12/4
f 917/12/3 918/12/3 919/12/3 920/12/3
f 921/12/4 922/12/4 923/12/4 924/12/4
f 925/12/3 926/12/3 927/12/3 928/12/3
f 929/12/4 930/12/4 931/12/4 932/12/4
f 933/13/3 934/13/3 935/13/3 936/13/3
f 937/13/4 938/13/4 939/13/4 940/13/4
f 941/3/3 942/3/3 943/3/3 944/3/3
f 945/3/4 946/3/4 947/3/4 948/3/4
f 949/3/3 950/3/3 951/3/3 952/3/3
f 953/3/4 954/3/4 955/3/4 956/3/4
f 957/3/3 958/3/3 959/3/3 960/3/3
f 961/3/4 962/3/4 963/3/4 964/3/4
f 965/3/3 966/3/3 967/3/3 968/3/3
f 969/3/4 970/3/4 971/3/4 972/3/4
f 973/3/3 974/3/3 975/3/3 976/3/3
f 977/3/4 978/3/4 979/3/4 980/3/4
f 981/3/3 982/3/3 983/3/3 984/3/3
f 985/3/4 986/3/4 987/3/4 988/3/4
f 989/3/3 990/3/3 991/3/3 992/3/3
f 993/3/4 994/3/4 995/3/4 996/3/4
f 997/3/3 998/3/3 999/3/3 1000/3/3
f 1001/3/4 1002/3/4 1003/3/4 1004/3/4
f 1005/3/3 1006/3/3 1007/3/3 1008/3/3
f 1009/3/4 1010/3/4 1011/3/4 1012/3/4
f 1013/3/3 1014/3/3 1015/3/3 1016/3/3
f 1017/3/4 1018/3/4 1019/3/4 1020/3/4
f 1021/3/3 1022/3/3 1023/3/3 1024/3/3
f 1025/3/4 1026/3/4 1027/3/4 1028/3/4
f 1029/3/3 1030/3/3 1031/3/3 1032/3/3
f 1033/3/4 1034/3/4 1035/3/4 1036/3/4
f 1037/3/3 1038/3/3 1039/3/3 1040/3/3
f 1041/3/4 1042/3/4 1043/3/4 1044/3/4
f 1045/3/3 1046/3/3 1047/3/3 1048/3/3
f 1049/3/4 1050/3/4 1051/3/4 1052/3/4
f 1053/3/3 1054/3/3 1055/3/3 1056/3/3
f 1057/3/4 1058/3/4 1059/3/4 1060/3/4
f 1061/3/3 1062/3/3 1063/3/3 1064/3/3
f 1065/3/4 1066/3/4 1067/3/4 1068/3/4
f 1069/3/3 1070/3/3 1071/3/3 1072/3/3
f 1073/3/4 1074/3/4 1075/3/4 1076/3/4
f 1077/3/3 1078/3/3 1079/3/3 1080/3/3
f 1081/3/4 1082/3/4 1083/3/4 1084/3/4
f 1085/3/2 1086/3/2 1087/3/2 1088/3/2
f 1089/3/3 1090/3/3 1091/3/3 1092/3/3
f 1093/3/4 1094/3/4 1095/3/4 1096/3/4
f 1097/12/1 1098/12/1 1099/12/1 1100/12/1
f 1101/12/3 1102/12/3 1103/12/3 1104/12/3
f 1105/12/4 1106/12/4 1107/12/4 1108/12/4
f 1109/12/3 1110/12/3 1111/12/3 1112/12/3
f 1113/12/4 1114/12/4 1115/12/4 1116/12/4
f 1117/12/3 1118/12/3 1119/12/3 1120/12/3
f 1121/12/4 1122/12/4 1123/12/4 1124/12/4
f 1125/4/3 1126/4/3 1127/4/3 1128/4/3
f 1129/4/4 1130/4/4 1131/4/4 1132/4/4
f 1133/13/3 1134/13/3 1135/13/3 1136/13/3
f 1137/13/4 1138/13/4 1139/13/4 1140/13/4
f 1141/3/3 1142/3/3 1143/3/3 1144/3/3
f 1145/3/4 1146/3/4 1147/3/4 1148/3/4
f 1149/9/3 1150/9/3 1151/9/3 1152/9/3
f 1153/9/4 1154/9/4 1155/9/4 1156/9/4
f 1157/13/3 1158/13/3 1159/13/3 1160/13/3
f 1161/13/4 1162/13/4 1163/13/4 1164/13/4
f 1165/3/3 1166/3/3 1167/3/3 1168/3/3
f 1169/3/4 1170/3/4 1171/3/4 1172/3/4
f 1173/3/3 1174/3/3 1175/3/3 1176/3/3
f 1177/3/4 1178/3/4 1179/3/4 1180/3/4
f 1181/3/3 1182/3/3 1183/3/3 1184/3/3
f 1185/3/4 1186/3/4 1187/3/4 1188/3/4
f 1189/3/3 1190/3/3 1191/3/3 1192/3/3
f 1193/3/4 1194/3/4 1195/3/4 1196/3/4
f 1197/3/3 1198/3/3 1199/3/3 1200/3/3
f 1201/3/4 1202/3/4 1203/3/4 1204/3/4
f 1205/3/3 1206/3/3 1207/3/3 1208/3/3
f 1209/3/4 1210/3/4 1211/3/4 1212/3/4
f 1213/3/3 1214/3/3 1215/3/3 1216/3/3
f 1217/3/4 1218/3/4 1219/3/4 1220/3/4
f 1221/3/3 1222/3/3 1223/3/3 1224/3/3
f 1225/3/4 1226/3/4 1227/3/4 1228/3/4
f 1229/3/3 1230/3/3 1231/3/3 1232/3/3
f 1233/3/4 1234/3/4 1235/3/4 1236/3/4
f 1237/3/3 1238/3/3 1239/3/3 1240/3/3
f 1241/3/4 1242/3/4 1243/3/4 1244/3/4
f 1245/3/3 1246/3/3 1247/3/3 1248/3/3
f 1249/3/4 1250/3/4 1251/3/4 1252/3/4
f 1253/3/3 1254/3/3 1255/3/3 1256/3/3
f 1257/3/4 1258/3/4 1259/3/4 1260/3/4
f 1261/3/3 1262/3/3 1263/3/3 1264/3/3
f 1265/3/4 1266/3/4 1267/3/4 1268/3/4
f 1269/3/3 1270/3/3 1271/3/3 1272/3/3
f 1273/3/4 1274/3/4 1275/3/4 1276/3/4
f 1277/9/3 1278/9/3 1279/9/3 1280/9/3
f 1281/9/4 1282/9/4 1283/9/4 1284/9/4
f 1285/13/2 1286/13/2 1287/13/2 1288/13/2
f 1289/13/3 1290/13/3 1291/13/3 1292/13/3
f 1293/13/4 1294/13/4 1295/13/4 1296/13/4
f 1297/10/1 1298/10/1 1299/10/1 1300/10/1
f 1301/10/3 1302/10/3 1303/10/3 1304/10/3
f 1305/10/4 1306/10/4 1307/10/4 1308/10/4
f 1309/10/3 1310/10/3 1311/10/3 1312/10/3
f 1313/10/4 1314/10/4 1315/10/4 1316/10/4
f 1317/4/3 1318/4/3 1319/4/3 1320/4/3
f 1321/4/4 1322/4/4 1323/4/4 1324/4/4
f 1325/10/3 1326/10/3 1327/10/3 1328/10/3
f 1329/10/4 1330/10/4 1331/10/4 1332/10/4
f 1333/13/3 1334/13/3 1335/13/3 1336/13/3
f 1337/13/4 1338/13/4 1339/13/4 1340/13/4
f 1341/3/3 1342/3/3 1343/3/3 1344/3/3
f 1345/3/4 1346/3/4 1347/3/4 1348/3/4
f 1349/3/3 1350/3/3 1351/3/3 1352/3/3
f 1353/3/4 1354/3/4 1355/3/4 1356/3/4
f 1357/3/3 1358/3/3 1359/3/3 1360/3/3
f 1361/3/4 1362/3/4 1363/3/4 1364/3/4
f 1365/3/3 1366/3/3 1367/3/3 1368/3/3
f 1369/3/4 1370/3/4 1371/3/4 1372/3/4
f 1373/3/3 1374/3/3 1375/3/3 1376/3/3
f 1377/3/4 1378/3/4 1379/3/4 1380/3/4
f 1381/3/3 1382/3/3 1383/3/3 1384/3/3
f 1385/3/4 1386/3/4 1387/3/4 1388/3/4
f 1389/3/3 1390/3/3 1391/3/3 1392/3/3
f 1393/3/4 1394/3/4 1395/3/4 1396/3/4
f 1397/3/3 1398/3/3 1399/3/3 1400/3/3
f 1401/3/4 1402/3/4 1403/3/4 1404/3/4
f 1405/3/3 1406/3/3 1407/3/3 1408/3/3
f 1409/3/4 1410/3/4 1411/3/4 1412/3/4
f 1413/3/3 1414/3/3 1415/3/3 1416/3/3
f 1417/3/4 1418/3/4 1419/3/4 1420/3/4
f 1421/3/3 1422/3/3 1423/3/3 1424/3/3
f 1425/3/4 1426/3/4 1427/3/4 1428/3/4
f 1429/3/3 1430/3/3 1431/3/3 1432/3/3
f 1433/3/4 1434/3/4 1435/3/4 1436/3/4
f 1437/3/3 1438/3/3 1439/3/3 1440/3/3
f 1441/3/4 1442/3/4 1443/3/4 1444/3/4
f 1445/3/3 1446/3/3 1447/3/3 1448/3/3
f 1449/3/4 1450/3/4 1451/3/4 1452/3/4
f 1453/3/3 1454/3/3 1455/3/3 1456/3/3
f 1457/3/4 1458/3/4 1459/3/4 1460/3/4
f 1461/3/3 1462/3/3 1463/3/3 1464/3/3
f 1465/3/4 1466/3/4 1467/3/4 1468/3/4
f 1469/3/3 1470/3/3 1471/3/3 1472/3/3
f 1473/3/4 1474/3/4 1475/3/4 1476/3/4
f 1477/3/3 1478/3/3 1479/3/3 1480/3/3
f 1481/3/4 1482/3/4 1483/3/4 1484/3/4
f 1485/3/2 1486/3/2 1487/3/2 1488/3/2
f 1489/3/3 1490/3/3 1491/3/3 1492/3/3
f 1493/3/4 1494/3/4 1495/3/4 1496/3/4
f 1497/13/1 1498/13/1 1499/13/1 1500/13/1
f 1501/13/3 1502/13/3 1503/13/3 1504/13/3
f 1505/13/4 1506/13/4 1507/13/4 1508/13/4
f 1509/13/3 1510/13/3 1511/13/3 1512/13/3
f 1513/13/4 1514/13/4 1515/13/4 1516/13/4
f 1517/14/3 1518/14/3 1519/14/3 1520/14/3
f 1521/14/4 1522/14/4 1523/14/4 1524/14/4
f 1525/14/3 1526/14/3 1527/14/3 1528/14/3
f 1529/14/4 1530/14/4 1531/14/4 1532/14/4
f 1533/14/3 1534/14/3 1535/14/3 1536/14/3
f 1537/14/4 1538/14/4 1539/14/4 1540/14/4
f 1541/3/3 1542/3/3 1543/3/3 1544/3/3
f 1545/3/4 1546/3/4 1547/3/4 1548/3/4
f 1549/3/3 1550/3/3 1551/3/3 1552/3/3
f 1553/3/4 1554/3/4 1555/3/4 1556/3/4
f 1557/3/3 1558/3/3 1559/3/3 1560/3/3
f 1561/3/4 1562/3/4 1563/3/4 1564/3/4
f 1565/3/3 1566/3/3 1567/3/3 1568/3/3
f 1569/3/4 1570/3/4 1571/3/4 1572/3/4
f 1573/9/3 1574/9/3 1575/9/3 1576/9/3
f 1577/9/4 1578/9/4 1579/9/4 1580/9/4
f 1581/13/3 1582/13/3 1583/13/3 1584/13/3
f 1585/13/4 1586/13/4 1587/13/4 1588/13/4
f 1589/3/3 1590/3/3 1591/3/3 1592/3/3
f 1593/3/4 1594/3/4 1595/3/4 1596/3/4
f 1597/3/3 1598/3/3 1599/3/3 1600/3/3
f 1601/3/4 1602/3/4 1603/3/4 1604/3/4
f 1605/3/3 1606/3/3 1607/3/3 1608/3/3
f 1609/3/4 1610/3/4 1611/3/4 1612/3/4
f 1613/3/3 1614/3/3 1615/3/3 1616/3/3
f 1617/3/4 1618/3/4 1619/3/4 1620/3/4
f 1621/3/3 1622/3/3 1623/3/3 1624/3/3
f 1625/3/4 1626/3/4 1627/3/4 1628/3/4
f 1629/3/3 1630/3/3 1631/3/3 1632/3/3
f 1633/3/4 1634/3/4 1635/3/4 1636/3/4
f 1637/3/3 1638/3/3 1639/3/3 1640/3/3
f 1641/3/4 1642/3/4 1643/3/4 1644/3/4
f 1645/3/3 1646/3/3 1647/3/3 1648/3/3
f 1649/3/4 1650/3/4 1651/3/4 1652/3/4
f 1653/3/3 1654/3/3 1655/3/3 1656/3/3
f 1657/3/4 1658/3/4 1659/3/4 1660/3/4
f 1661/3/3 1662/3/3 1663/3/3 1664/3/3
f 1665/3/4 1666/3/4 1667/3/4 1668/3/4
f 1669/3/3 1670/3/3 1671/3/3 1672/3/3
f 1673/3/4 1674/3/4 1675/3/4 1676/3/4
f 1677/3/3 1678/3/3 1679/3/3 1680/3/3
f 1681/3/4 1682/3/4 1683/3/4 1684/3/4
f 1685/3/2 1686/3/2 1687/3/2 1688/3/2
f 1689/3/3 1690/3/3 1691/3/3 1692/3/3
f 1693/3/4 1694/3/4 1695/3/4 1696/3/4
f 1697/13/1 1698/13/1 1699/13/1 1700/13/1
f 1701/13/3 1702/13/3 1703/13/3 1704/13/3
f 1705/13/4 1706/13/4 1707/13/4 1708/13/4
f 1709/13/3 1710/13/3 1711/13/3 1712/13/3
f 1713/13/4 1714/13/4 1715/13/4 1716/13/4
f 1717/13/3 1718/13/3 1719/13/3 1720/13/3
f 1721/13/4 1722/13/4 1723/13/4 1724/13/4
f 1725/13/3 1726/13/3 1727/13/3 1728/13/3
f 1729/13/4 1730/13/4 1731/13/4 1732/13/4
f 1733/13/3 1734/13/3 1735/13/3 1736/13/3
f 1737/13/4 1738/13/4 1739/13/4 1740/13/4
f 1741/3/3 1742/3/3 1743/3/3 1744/3/3
f 1745/3/4 1746/3/4 1747/3/4 1748/3/4
f 1749/3/3 1750/3/3 1751/3/3 1752/3/3
f 1753/3/4 1754/3/4 1755/3/4 1756/3/4
f 1757/3/3 1758/3/3 1759/3/3 1760/3/3
f 1761/3/4 1762/3/4 1763/3/4 1764/3/4
f 1765/3/3 1766/3/3 1767/3/3 1768/3/3
f 1769/3/4 1770/3/4 1771/3/4 1772/3/4
f 1773/3/3 1774/3/3 1775/3/3 1776/3/3
f 1777/3/4 1778/3/4 1779/3/4 1780/3/4
f 1781/3/3 1782/3/3 1783/3/3 1784/3/3
f 1785/3/4 1786/3/4 1787/3/4 1788/3/4
f 1789/3/3 1790/3/3 1791/3/3 1792/3/3
f 1793/3/4 1794/3/4 1795/3/4 1796/3/4
f 1797/3/3 1798/3/3 1799/3/3 1800/3/3
f 1801/3/4 1802/3/4 1803/3/4 1804/3/4
f 1805/3/3 1806/3/3 1807/3/3 1808/3/3
f 1809/3/4 1810/3/4 1811/3/4 1812/3/4
f 1813/9/3 1814/9/3 1815/9/3 1816/9/3
f 1817/9/4 1818/9/4 1819/9/4 1820/9/4
f 1821/13/3 1822/13/3 1823/13/3 1824/13/3
f 1825/13/4 1826/13/4 1827/13/4 1828/13/4
f 1829/3/3 1830/3/3 1831/3/3 1832/3/3
f 1833/3/4 1834/3/4 1835/3/4 1836/3/4
f 1837/3/3 1838/3/3 1839/3/3 1840/3/3
f 1841/3/4 1842/3/4 1843/3/4 1844/3/4
f 1845/3/3 1846/3/3 1847/3/3 1848/3/3
f 1849/3/4 1850/3/4 1851/3/4 1852/3/4
f 1853/3/3 1854/3/3 1855/3/3 1856/3/3
f 1857/3/4 1858/3/4 1859/3/4 1860/3/4
f 1861/3/3 1862/3/3 1863/3/3 1864/3/3
f 1865/3/4 1866/3/4 1867/3/4 1868/3/4
f 1869/3/3 1870/3/3 1871/3/3 1872/3/3
f 1873/3/4 1874/3/4 1875/3/4 1876/3/4
f 1877/3/3 1878/3/3 1879/3/3 1880/3/3
f 1881/3/4 1882/3/4 1883/3/4 1884/3/4
f 1885/3/2 1886/3/2 1887/3/2 1888/3/2
f 1889/3/3 1890/3/3 1891/3/3 1892/3/3
f 1893/3/4 1894/3/4 1895/3/4 1896/3/4
f 1897/14/1 1898/14/1 1899/14/1 1900/14/1
f 1901/14/3 1902/14/3 1903/14/3 1904/14/3
f 1905/14/4 1906/14/4 1907/14/4 1908/14/4
f 1909/14/3 1910/14/3 1911/14/3 1912/14/3
f 1913/14/4 1914/14/4 1915/14/4 1916/14/4
f 1917/14/3 1918/14/3 1919/14/3 1920/14/3
f 1921/14/4 1922/14/4 1923/14/4 1924/14/4
f 1925/14/3 1926/14/3 1927/14/3 1928/14/3
f 1929/14/4 1930/14/4 1931/14/4 1932/14/4
f 1933/14/3 1934/14/3 1935/14/3 1936/14/3
f 1937/14/4 1938/14/4 1939/14/4 1940/14/4
f 1941/3/3 1942/3/3 1943/3/3 1944/3/3
f 1945/3/4 1946/3/4 1947/3/4 1948/3/4
f 1949/3/3 1950/3/3 1951/3/3 1952/3/3
f 1953/3/4 1954/3/4 1955/3/4 1956/3/4
f 1957/3/3 1958/3/3 1959/3/3 1960/3/3
f 1961/3/4 1962/3/4 1963/3/4 1964/3/4
f 1965/3/3 1966/3/3 1967/3/3 1968/3/3
f 1969/3/4 1970/3/4 1971/3/4 1972/3/4
f 1973/3/3 1974/3/3 1975/3/3 1976/3/3
f 1977/3/4 1978/3/4 1979/3/4 1980/3/4
f 1981/3/3 1982/3/3 1983/3/3 1984/3/3
f 1985/3/4 1986/3/4 1987/3/4 1988/3/4
f 1989/3/3 1990/3/3 1991/3/3 1992/3/3
f 1993/3/4 1994/3/4 1995/3/4 1996/3/4
f 1997/3/3 1998/3/3 1999/3/3 2000/3/3
f 2001/3/4 2002/3/4 2003/3/4 2004/3/4
f 2005/3/3 2006/3/3 2007/3/3 2008/3/3
f 2009/3/4 2010/3/4 2011/3/4 2012/3/4
f 2013/3/3 2014/3/3 2015/3/3 2016/3/3
f 2017/3/4 2018/3/4 2019/3/4 2020/3/4
f 2021/3/3 2022/3/3 2023/3/3 2024/3/3
f 2025/3/4 2026/3/4 2027/3/4 2028/3/4
f 2029/3/3 2030/3/3 2031/3/3 2032/3/3
f 2033/3/4 2034/3/4 2035/3/4 2036/3/4
f 2037/3/3 2038/3/3 2039/3/3 2040/3/3
f 2041/3/4 2042/3/4 2043/3/4 2044/3/4
f 2045/3/3 2046/3/3 2047/3/3 2048/3/3
f 2049/3/4 2050/3/4 2051/3/4 2052/3/4
f 2053/3/3 2054/3/3 2055/3/3 2056/3/3
f 2057/3/4 2058/3/4 2059/3/4 2060/3/4
f 2061/3/3 2062/3/3 2063/3/3 2064/3/3
f 2065/3/4 2066/3/4 2067/3/4 2068/3/4
f 2069/3/3 2070/3/3 2071/3/3 2072/3/3
f 2073/3/4 2074/3/4 2075/3/4 2076/3/4
f 2077/3/3 2078/3/3 2079/3/3 2080/3/3
f 2081/3/4 2082/3/4 2083/3/4 2084/3/4
f 2085/3/2 2086/3/2 2087/3/2 2088/3/2
f 2089/3/3 2090/3/3 2091/3/3 2092/3/3
f 2093/3/4 2094/3/4 2095/3/4 2096/3/4
f 2097/12/1 2098/12/1 2099/12/1 2100/12/1
f 2101/12/3 2102/12/3 2103/12/3 2104/12/3
f 2105/12/4 2106/12/4 2107/12/4 2108/12/4
f 2109/12/3 2110/12/3 2111/12/3 2112/12/3
f 2113/12/4 2114/12/4 2115/12/4 2116/12/4
f 2117/12/3 2118/12/3 2119/12/3 2120/12/3
f 2121/12/4 2122/12/4 2123/12/4 2124/12/4
f 2125/12/3 2126/12/3 2127/12/3 2128/12/3
f 2129/12/4 2130/12/4 2131/12/4 2132/12/4
f 2133/10/3 2134/10/3 2135/10/3 2136/10/3
f 2137/10/4 2138/10/4 2139/10/4 2140/10/4
f 2141/10/3 2142/10/3 2143/10/3 2144/10/3
f 2145/10/4 2146/10/4 2147/10/4 2148/10/4
f 2149/10/3 2150/10/3 2151/10/3 2152/10/3
f 2153/10/4 2154/10/4 2155/10/4 2156/10/4
f 2157/14/3 2158/14/3 2159/14/3 2160/14/3
f 2161/14/4 2162/14/4 2163/14/4 2164/14/4
f 2165/10/3 2166/10/3 2167/10/3 2168/10/3
f 2169/10/4 2170/10/4 2171/10/4 2172/10/4
f 2173/14/3 2174/14/3 2175/14/3 2176/14/3
f 2177/14/4 2178/14/4 2179/14/4 2180/14/4
f 2181/14/3 2182/14/3 2183/14/3 2184/14/3
f 2185/14/4 2186/14/4 2187/14/4 2188/14/4
f 2189/13/3 2190/13/3 2191/13/3 2192/13/3
f 2193/13/4 2194/13/4 2195/13/4 2196/13/4
f 2197/14/3 2198/14/3 2199/14/3 2200/14/3
f 2201/14/4 2202/14/4 2203/14/4 2204/14/4
f 2205/13/3 2206/13/3 2207/13/3 2208/13/3
f 2209/13/4 2210/13/4 2211/13/4 2212/13/4
f 2213/13/3 2214/13/3 2215/13/3 2216/13/3
f 2217/13/4 2218/13/4 2219/13/4 2220/13/4
f 2221/13/3 2222/13/3 2223/13/3 2224/13/3
f 2225/13/4 2226/13/4 2227/13/4 2228/13/4
f 2229/13/3 2230/13/3 2231/13/3 2232/13/3
f 2233/13/4 2234/13/4 2235/13/4 2236/13/4
f 2237/13/3 2238/13/3 2239/13/3 2240/13/3
f 2241/13/4 2242/13/4 2243/13/4 2244/13/4
f 2245/13/3 2246/13/3 2247/13/3 2248/13/3
f 2249/13/4 2250/13/4 2251/13/4 2252/13/4
f 2253/13/3 2254/13/3 2255/13/3 2256/13/3
f 2257/13/4 2258/13/4 2259/13/4 2260/13/4
f 2261/13/3 2262/13/3 2263/13/3 2264/13/3
f 2265/13/4 2266/13/4 2267/13/4 2268/13/4
f 2269/13/3 2270/13/3 2271/13/3 2272/13/3
f 2273/13/4 2274/13/4 2275/13/4 2276/13/4
f 2277/13/3 2278/13/3 2279/13/3 2280/13/3
f 2281/13/4 2282/13/4 2283/13/4 2284/13/4
f 2285/13/2 2286/13/2 2287/13/2 2288/13/2
f 2289/13/3 2290/13/3 2291/13/3 2292/13/3
f 2293/13/4 2294/13/4 2295/13/4 2296/13/4
f 2297/12/1 2298/12/1 2299/12/1 2300/12/1
f 2301/12/3 2302/12/3 2303/12/3 2304/12/3
f 2305/12/4 2306/12/4 2307/12/4 2308/12/4
f 2309/12/3 2310/12/3 2311/12/3 2312/12/3
f 2313/12/4 2314/12/4 2315/12/4 2316/12/4
f 2317/12/3 2318/12/3 2319/12/3 2320/12/3
f 2321/12/4 2322/12/4 2323/12/4 2324/12/4
f 2325/4/3 2326/4/3 2327/4/3 2328/4/3
f 2329/4/4 2330/4/4 2331/4/4 2332/4/4
f 2333/4/3 2334/4/3 2335/4/3 2336/4/3
f 2337/4/4 2338/4/4 2339/4/4 2340/4/4
f 2341/10/3 2342/10/3 2343/10/3 2344/10/3
f 2345/10/4 2346/10/4 2347/10/4 2348/10/4
f 2349/10/3 2350/10/3 2351/10/3 2352/10/3
f 2353/10/4 2354/10/4 2355/10/4 2356/10/4
f 2357/10/3 2358/10/3 2359/10/3 2360/10/3
f 2361/10/4 2362/10/4 2363/10/4 2364/10/4
f 2365/10/3 2366/10/3 2367/10/3 2368/10/3
f 2369/10/4 2370/10/4 2371/10/4 2372/10/4
f 2373/10/3 2374/10/3 2375/10/3 2376/10/3
f 2377/10/4 2378/10/4 2379/10/4 2380/10/4
f 2381/10/3 2382/10/3 2383/10/3 2384/10/3
f 2385/10/4 2386/10/4 2387/10/4 2388/10/4
f 2389/10/3 2390/10/3 2391/10/3 2392/10/3
f 2393/10/4 2394/10/4 2395/10/4 2396/10/4
f 2397/10/3 2398/10/3 2399/10/3 2400/10/3
f 2401/10/4 2402/10/4 2403/10/4 2404/10/4
f 2405/10/3 2406/10/3 2407/10/3 2408/10/3
f 2409/10/4 2410/10/4 2411/10/4 2412/10/4
f 2413/10/3 2414/10/3 2415/10/3 2416/10/3
f 2417/10/4 2418/10/4 2419/10/4 2420/10/4
f 2421/10/3 2422/10/3 2423/10/3 2424/10/3
f 2425/10/4 2426/10/4 2427/10/4 2428/10/4
f 2429/10/3 2430/10/3 2431/10/3 2432/10/3
f 2433/10/4 2434/10/4 2435/10/4 2436/10/4
f 2437/10/3 2438/10/3 2439/10/3 2440/10/3
f 2441/10/4 2442/10/4 2443/10/4 2444/10/4
f 2445/10/3 2446/10/3 2447/10/3 2448/10/3
f 2449/10/4 2450/10/4 2451/10/4 2452/10/4
f 2453/10/3 2454/10/3 2455/10/3 2456/10/3
f 2457/10/4 2458/10/4 2459/10/4 2460/10/4
f 2461/10/3 2462/10/3 2463/10/3 2464/10/3
f 2465/10/4 2466/10/4 2467/10/4 2468/10/4
f 2469/10/3 2470/10/3 2471/10/3 2472/10/3
f 2473/10/4 2474/10/4 2475/10/4 2476/10/4
f 2477/10/3 2478/10/3 2479/10/3 2480/10/3
f 2481/10/4 2482/10/4 2483/10/4 2484/10/4
f 2485/10/2 2486/10/2 2487/10/2 2488/10/2
f 2489/10/3 2490/10/3 2491/10/3 2492/10/3
f 2493/10/4 2494/10/4 2495/10/4 2496/10/4
f 2497/10/1 2498/10/1 2499/10/1 2500/10/1
f 2501/10/3 2502/10/3 2503/10/3 2504/10/3
f 2505/10/4 2506/10/4 2507/10/4 2508/10/4
f 2509/10/3 2510/10/3 2511/10/3 2512/10/3
f 2513/10/4 2514/10/4 2515/10/4 2516/10/4
f 2517/4/3 2518/4/3 2519/4/3 2520/4/3
f 2521/4/4 2522/4/4 2523/4/4 2524/4/4
f 2525/10/3 2526/10/3 2527/10/3 2528/10/3
f 2529/10/4 2530/10/4 2531/10/4 2532/10/4
f 2533/4/3 2534/4/3 2535/4/3 2536/4/3
f 2537/4/4 2538/4/4 2539/4/4 2540/4/4
f 2541/10/3 2542/10/3 2543/10/3 2544/10/3
f 2545/10/4 2546/10/4 2547/10/4 2548/10/4
f 2549/10/3 2550/10/3 2551/10/3 2552/10/3
f 2553/10/4 2554/10/4 2555/10/4 2556/10/4
f 2557/10/3 2558/10/3 2559/10/3 2560/10/3
f 2561/10/4 2562/10/4 2563/10/4 2564/10/4
f 2565/10/3 2566/10/3 2567/10/3 2568/10/3
f 2569/10/4 2570/10/4 2571/10/4 2572/10/4
f 2573/10/3 2574/10/3 2575/10/3 2576/10/3
f 2577/10/4 2578/10/4 2579/10/4 2580/10/4
f 2581/10/3 2582/10/3 2583/10/3 2584/10/3
f 2585/10/4 2586/10/4 2587/10/4 2588/10/4
f 2589/10/3 2590/10/3 2591/10/3 2592/10/3
f 2593/10/4 2594/10/4 2595/10/4 2596/10/4
f 2597/10/3 2598/10/3 2599/10/3 2600/10/3
f 2601/10/4 2602/10/4 2603/10/4 2604/10/4
f 2605/10/3 2606/10/3 2607/10/3 2608/10/3
f 2609/10/4 2610/10/4 2611/10/4 2612/10/4
f 2613/10/3 2614/10/3 2615/10/3 2616/10/3
f 2617/10/4 2618/10/4 2619/10/4 2620/10/4
f 2621/10/3 2622/10/3 2623/10/3 2624/10/3
f 2625/10/4 2626/10/4 2627/10/4 2628/10/4
f 2629/10/3 2630/10/3 2631/10/3 2632/10/3
f 2633/10/4 2634/10/4 2635/10/4 2636/10/4
f 2637/10/3 2638/10/3 2639/10/3 2640/10/3
f 2641/10/4 2642/10/4 2643/10/4 2644/10/4
f 2645/10/3 2646/10/3 2647/10/3 2648/10/3
f 2649/10/4 2650/10/4 2651/10/4 2652/10/4
f 2653/10/3 2654/10/3 2655/10/3 2656/10/3
f 2657/10/4 2658/10/4 2659/10/4 2660/10/4
f 2661/10/3 2662/10/3 2663/10/3 2664/10/3
f 2665/10/4 2666/10/4 2667/10/4 2668/10/4
f 2669/10/3 2670/10/3 2671/10/3 2672/10/3
f 2673/10/4 2674/10/4 2675/10/4 2676/10/4
f 2677/10/3 2678/10/3 2679/10/3 2680/10/3
f 2681/10/4 2682/10/4 2683/10/4 2684/10/4
f 2685/10/2 2686/10/2 2687/10/2 2688/10/2
f 2689/10/3 2690/10/3 2691/10/3 2692/10/3
f 2693/10/4 2694/10/4 2695/10/4 2696/10/4
f 2697/13/1 2698/13/1 2699/13/1 2700/13/1
f 2701/13/3 2702/13/3 2703/13/3 2704/13/3
f 2705/13/4 2706/13/4 2707/13/4 2708/13/4
f 2709/13/3 2710/13/3 2711/13/3 2712/13/3
f 2713/13/4 2714/13/4 2715/13/4 2716/13/4
f 2717/14/3 2718/14/3 2719/14/3 2720/14/3
f 2721/14/4 2722/14/4 2723/14/4 2724/14/4
f 2725/14/3 2726/14/3 2727/14/3 2728/14/3
f 2729/14/4 2730/14/4 2731/14/4 2732/14/4
f 2733/12/3 2734/12/3 2735/12/3 2736/12/3
f 2737/12/4 2738/12/4 2739/12/4 2740/12/4
f 2741/10/3 2742/10/3 2743/10/3 2744/10/3
f 2745/10/4 2746/10/4 2747/10/4 2748/10/4
f 2749/10/3 2750/10/3 2751/10/3 2752/10/3
f 2753/10/4 2754/10/4 2755/10/4 2756/10/4
f 2757/10/3 2758/10/3 2759/10/3 2760/10/3
f 2761/10/4 2762/10/4 2763/10/4 2764/10/4
f 2765/10/3 2766/10/3 2767/10/3 2768/10/3
f 2769/10/4 2770/10/4 2771/10/4 2772/10/4
f 2773/10/3 2774/10/3 2775/10/3 2776/10/3
f 2777/10/4 2778/10/4 2779/10/4 2780/10/4
f 2781/10/3 2782/10/3 2783/10/3 2784/10/3
f 2785/10/4 2786/10/4 2787/10/4 2788/10/4
f 2789/10/3 2790/10/3 2791/10/3 2792/10/3
f 2793/10/4 2794/10/4 2795/10/4 2796/10/4
f 2797/10/3 2798/10/3 2799/10/3 2800/10/3
f 2801/10/4 2802/10/4 2803/10/4 2804/10/4
f 2805/10/3 2806/10/3 2807/10/3 2808/10/3
f 2809/10/4 2810/10/4 2811/10/4 2812/10/4
f 2813/10/3 2814/10/3 2815/10/3 2816/10/3
f 2817/10/4 2818/10/4 2819/10/4 2820/10/4
f 2821/10/3 2822/10/3 2823/10/3 2824/10/3
f 2825/10/4 2826/10/4 2827/10/4 2828/10/4
f 2829/10/3 2830/10/3 2831/10/3 2832/10/3
f 2833/10/4 2834/10/4 2835/10/4 2836/10/4
f 2837/10/3 2838/10/3 2839/10/3 2840/10/3
f 2841/10/4 2842/10/4 2843/10/4 2844/10/4
f 2845/10/3 2846/10/3 2847/10/3 2848/10/3
f 2849/10/4 2850/10/4 2851/10/4 2852/10/4
f 2853/10/3 2854/10/3 2855/10/3 2856/10/3
f 2857/10/4 2858/10/4 2859/10/4 2860/10/4
f 2861/10/3 2862/10/3 2863/10/3 2864/10/3
f 2865/10/4 2866/10/4 2867/10/4 2868/10/4
f 2869/10/3 2870/10/3 2871/10/3 2872/10/3
f 2873/10/4 2874/10/4 2875/10/4 2876/10/4
f 2877/10/3 2878/10/3 2879/10/3 2880/10/3
f 2881/10/4 2882/10/4 2883/10/4 2884/10/4
f 2885/10/2 2886/10/2 2887/10/2 2888/10/2
f 2889/10/3 2890/10/3 2891/10/3 2892/10/3
f 2893/10/4 2894/10/4 2895/10/4 2896/10/4
f 2897/13/1 2898/13/1 2899/13/1 2900/13/1
f 2901/13/3 2902/13/3 2903/13/3 2904/13/3
f 2905/13/4 2906/13/4 2907/13/4 2908/13/4
f 2909/13/3 2910/13/3 2911/13/3 2912/13/3
f 2913/13/4 2914/13/4 2915/13/4 2916/13/4
f 2917/13/3 2918/13/3 2919/13/3 2920/13/3
f 2921/13/4 2922/13/4 2923/13/4 2924/13/4
f 2925/13/3 2926/13/3 2927/13/3 2928/13/3
f 2929/13/4 2930/13/4 2931/13/4 2932/13/4
f 2933/12/3 2934/12/3 2935/12/3 2936/12/3
f 2937/12/4 2938/12/4 2939/12/4 2940/12/4
f 2941/10/3 2942/10/3 2943/10/3 2944/10/3
f 2945/10/4 2946/10/4 2947/10/4 2948/10/4
f 2949/10/3 2950/10/3 2951/10/3 2952/10/3
f 2953/10/4 2954/10/4 2955/10/4 2956/10/4
f 2957/10/3 2958/10/3 2959/10/3 2960/10/3
f 2961/10/4 2962/10/4 2963/10/4 2964/10/4
f 2965/11/3 2966/11/3 2967/11/3 2968/11/3
f 2969/11/4 2970/11/4 2971/11/4 2972/11/4
f 2973/5/3 2974/5/3 2975/5/3 2976/5/3
f 2977/5/4 2978/5/4 2979/5/4 2980/5/4
f 2981/5/3 2982/5/3 2983/5/3 2984/5/3
f 2985/5/4 2986/5/4 2987/5/4 2988/5/4
f 2989/5/3 2990/5/3 2991/5/3 2992/5/3
f 2993/5/4 2994/5/4 2995/5/4 2996/5/4
f 2997/5/3 2998/5/3 2999/5/3 3000/5/3
f 3001/5/4 3002/5/4 3003/5/4 3004/5/4
f 3005/5/3 3006/5/3 3007/5/3 3008/5/3
f 3009/5/4 3010/5/4 3011/5/4 3012/5/4
f 3013/5/3 3014/5/3 3015/5/3 3016/5/3
f 3017/5/4 3018/5/4 3019/5/4 3020/5/4
f 3021/5/3 3022/5/3 3023/5/3 3024/5/3
f 3025/5/4 3026/5/4 3027/5/4 3028/5/4
f 3029/5/3 3030/5/3 3031/5/3 3032/5/3
f 3033/5/4 3034/5/4 3035/5/4 3036/5/4
f 3037/5/3 3038/5/3 3039/5/3 3040/5/3
f 3041/5/4 3042/5/4 3043/5/4 3044/5/4
f 3045/5/3 3046/5/3 3047/5/3 3048/5/3
f 3049/5/4 3050/5/4 3051/5/4 3052/5/4
f 3053/5/3 3054/5/3 3055/5/3 3056/5/3
f 3057/5/4 3058/5/4 3059/5/4 3060/5/4
f 3061/5/3 3062/5/3 3063/5/3 3064/5/3
f 3065/5/4 3066/5/4 3067/5/4 3068/5/4
f 3069/5/3 3070/5/3 3071/5/3 3072/5/3
f 3073/5/4 3074/5/4 3075/5/4 3076/5/4
f 3077/5/3 3078/5/3 3079/5/3 3080/5/3
f 3081/5/4 3082/5/4 3083/5/4 3084/5/4
f 3085/5/2 3086/5/2 3087/5/2 3088/5/2
f 3089/5/3 3090/5/3 3091/5/3 3092/5/3
f 3093/5/4 3094/5/4 3095/5/4 3096/5/4
f 3097/14/1 3098/14/1 3099/14/1 3100/14/1
f 3101/14/3 3102/14/3 3103/14/3 3104/14/3
f 3105/14/4 3106/14/4 3107/14/4 3108/14/4
f 3109/14/3 3110/14/3 3111/14/3 3112/14/3
f 3113/14/4 3114/14/4 3115/14/4 3116/14/4
f 3117/14/3 3118/14/3 3119/14/3 3120/14/3
f 3121/14/4 3122/14/4 3123/14/4 3124/14/4
f 3125/14/3 3126/14/3 3127/14/3 3128/14/3
f 3129/14/4 3130/14/4 3131/14/4 3132/14/4
f 3133/12/3 3134/12/3 3135/12/3 3136/12/3
f 3137/12/4 3138/12/4 3139/12/4 3140/12/4
f 3141/10/3 3142/10/3 3143/10/3 3144/10/3
f 3145/10/4 3146/10/4 3147/10/4 3148/10/4
f 3149/10/3 3150/10/3 3151/10/3 3152/10/3
f 3153/10/4 3154/10/4 3155/10/4 3156/10/4
f 3157/10/3 3158/10/3 3159/10/3 3160/10/3
f 3161/10/4 3162/10/4 3163/10/4 3164/10/4
f 3165/5/3 3166/5/3 3167/5/3 3168/5/3
f 3169/5/4 3170/5/4 3171/5/4 3172/5/4
f 3173/1/3 3174/1/3 3175/1/3 3176/1/3
f 3177/1/4 3178/1/4 3179/1/4 3180/1/4
f 3181/1/5 3182/1/5 3183/1/5 3184/1/5
f 3185/1/3 3186/1/3 3187/1/3 3188/1/3
f 3189/1/4 3190/1/4 3191/1/4 3192/1/4
f 3193/1/5 3194/1/5 3195/1/5 3196/1/5
f 3197/1/3 3198/1/3 3199/1/3 3200/1/3
f 3201/1/4 3202/1/4 3203/1/4 3204/1/4
f 3205/1/5 3206/1/5 3207/1/5 3208/1/5
f 3209/1/3 3210/1/3 3211/1/3 3212/1/3
f 3213/1/4 3214/1/4 3215/1/4 3216/1/4
f 3217/1/5 3218/1/5 3219/1/5 3220/1/5
f 3221/1/3 3222/1/3 3223/1/3 3224/1/3
f 3225/1/4 3226/1/4 3227/1/4 3228/1/4
f 3229/1/5 3230/1/5 3231/1/5 3232/1/5
f 3233/1/3 3234/1/3 3235/1/3 3236/1/3
f 3237/1/4 3238/1/4 3239/1/4 3240/1/4
f 3241/1/5 3242/1/5 3243/1/5 3244/1/5
f 3245/1/3 3246/1/3 3247/1/3 3248/1/3
f 3249/1/4 3250/1/4 3251/1/4 3252/1/4
f 3253/1/5 3254/1/5 3255/1/5 3256/1/5
f 3257/1/3 3258/1/3 3259/1/3 3260/1/3
f 3261/1/4 3262/1/4 3263/1/4 3264/1/4
f 3265/1/5 3266/1/5 3267/1/5 3268/1/5
f 3269/1/3 3270/1/3 3271/1/3 3272/1/3
f 3273/1/4 3274/1/4 3275/1/4 3276/1/4
f 3277/1/5 3278/1/5 3279/1/5 3280/1/5
f 3281/1/3 3282/1/3 3283/1/3 3284/1/3
f 3285/1/4 3286/1/4 3287/1/4 3288/1/4
f 3289/1/5 3290/1/5 3291/1/5 3292/1/5
f 3293/1/3 3294/1/3 3295/1/3 3296/1/3
f 3297/1/4 3298/1/4 3299/1/4 3300/1/4
f 3301/1/5 3302/1/5 3303/1/5 3304/1/5
f 3305/1/3 3306/1/3 3307/1/3 3308/1/3
f 3309/1/4 3310/1/4 3311/1/4 3312/1/4
f 3313/1/5 3314/1/5 3315/1/5 3316/1/5
f 3317/1/3 3318/1/3 3319/1/3 3320/1/3
f 3321/1/4 3322/1/4 3323/1/4 3324/1/4
f 3325/1/5 3326/1/5 3327/1/5 3328/1/5
f 3329/1/3 3330/1/3 3331/1/3 3332/1/3
f 3333/1/4 3334/1/4 3335/1/4 3336/1/4
f 3337/1/5 3338/1/5 3339/1/5 3340/1/5
f 3341/1/2 3342/1/2 3343/1/2 3344/1/2
f 3345/1/3 3346/1/3 3347/1/3 3348/1/3
f 3349/1/4 3350/1/4 3351/1/4 3352/1/4
f 3353/1/5 3354/1/5 3355/1/5 3356/1/5
f 3357/12/1 3358/12/1 3359/12/1 3360/12/1
f 3361/12/3 3362/12/3 3363/12/3 3364/12/3
f 3365/12/4 3366/12/4 3367/12/4 3368/12/4
f 3369/12/3 3370/12/3 3371/12/3 3372/12/3
f 3373/12/4 3374/12/4 3375/12/4 3376/12/4
f 3377/12/3 3378/12/3 3379/12/3 3380/12/3
f 3381/12/4 3382/12/4 3383/12/4 3384/12/4
f 3385/12/3 3386/12/3 3387/12/3 3388/12/3
f 3389/12/4 3390/12/4 3391/12/4 3392/12/4
f 3393/4/3 3394/4/3 3395/4/3 3396/4/3
f 3397/4/4 3398/4/4 3399/4/4 3400/4/4
f 3401/10/3 3402/10/3 3403/10/3 3404/10/3
f 3405/10/4 3406/10/4 3407/10/4 3408/10/4
f 3409/10/3 3410/10/3 3411/10/3 3412/10/3
f 3413/10/4 3414/10/4 3415/10/4 3416/10/4
f 3417/14/3 3418/14/3 3419/14/3 3420/14/3
f 3421/14/4 3422/14/4 3423/14/4 3424/14/4
f 3425/1/2 3426/1/2 3427/1/2 3428/1/2
f 3429/1/3 3430/1/3 3431/1/3 3432/1/3
f 3433/1/4 3434/1/4 3435/1/4 3436/1/4
f 3437/6/1 3438/6/1 3439/6/1 3440/6/1
f 3441/6/3 3442/6/3 3443/6/3 3444/6/3
f 3445/6/4 3446/6/4 3447/6/4 3448/6/4
f 3449/6/6 3450/6/6 3451/6/6 3452/6/6
f 3453/6/3 3454/6/3 3455/6/3 3456/6/3
f 3457/6/4 3458/6/4 3459/6/4 3460/6/4
f 3461/6/6 3462/6/6 3463/6/6 3464/6/6
f 3465/6/3 3466/6/3 3467/6/3 3468/6/3
f 3469/6/4 3470/6/4 3471/6/4 3472/6/4
f 3473/6/6 3474/6/6 3475/6/6 3476/6/6
f 3477/6/3 3478/6/3 3479/6/3 3480/6/3
f 3481/6/4 3482/6/4 3483/6/4 3484/6/4
f 3485/6/6 3486/6/6 3487/6/6 3488/6/6
f 3489/6/3 3490/6/3 3491/6/3 3492/6/3
f 3493/6/4 3494/6/4 3495/6/4 3496/6/4
f 3497/6/6 3498/6/6 3499/6/6 3500/6/6
f 3501/6/3 3502/6/3 3503/6/3 3504/6/3
f 3505/6/4 3506/6/4 3507/6/4 3508/6/4
f 3509/6/6 3510/6/6 3511/6/6 3512/6/6
f 3513/6/3 3514/6/3 3515/6/3 3516/6/3
f 3517/6/4 3518/6/4 3519/6/4 3520/6/4
f 3521/6/6 3522/6/6 3523/6/6 3524/6/6
f 3525/6/3 3526/6/3 3527/6/3 3528/6/3
f 3529/6/4 3530/6/4 3531/6/4 3532/6/4
f 3533/6/6 3534/6/6 3535/6/6 3536/6/6
f 3537/6/3 3538/6/3 3539/6/3 3540/6/3
f 3541/6/4 3542/6/4 3543/6/4 3544/6/4
f 3545/6/6 3546/6/6 3547/6/6 3548/6/6
f 3549/6/3 3550/6/3 3551/6/3 3552/6/3
f 3553/6/4 3554/6/4 3555/6/4 3556/6/4
f 3557/6/6 3558/6/6 3559/6/6 3560/6/6
f 3561/6/3 3562/6/3 3563/6/3 3564/6/3
f 3565/6/4 3566/6/4 3567/6/4 3568/6/4
f 3569/6/6 3570/6/6 3571/6/6 3572/6/6
f 3573/6/3 3574/6/3 3575/6/3 3576/6/3
f 3577/6/4 3578/6/4 3579/6/4 3580/6/4
f 3581/6/6 3582/6/6 3583/6/6 3584/6/6
f 3585/6/3 3586/6/3 3587/6/3 3588/6/3
f 3589/6/4 3590/6/4 3591/6/4 3592/6/4
f 3593/6/6 3594/6/6 3595/6/6 3596/6/6
f 3597/6/3 3598/6/3 3599/6/3 3600/6/3
f 3601/6/4 3602/6/4 3603/6/4 3604/6/4
f 3605/6/6 3606/6/6 3607/6/6 3608/6/6
f 3609/6/2 3610/6/2 3611/6/2 3612/6/2
f 3613/6/3 3614/6/3 3615/6/3 3616/6/3
f 3617/6/4 3618/6/4 3619/6/4 3620/6/4
f 3621/6/6 3622/6/6 3623/6/6 3624/6/6
f 3625/8/1 3626/8/1 3627/8/1 3628/8/1
f 3629/8/3 3630/8/3 3631/8/3 3632/8/3
f 3633/8/4 3634/8/4 3635/8/4 3636/8/4
f 3637/12/3 3638/12/3 3639/12/3 3640/12/3
f 3641/12/4 3642/12/4 3643/12/4 3644/12/4
f 3645/8/3 3646/8/3 3647/8/3 3648/8/3
f 3649/8/4 3650/8/4 3651/8/4 3652/8/4
f 3653/8/3 3654/8/3 3655/8/3 3656/8/3
f 3657/8/4 3658/8/4 3659/8/4 3660/8/4
f 3661/4/3 3662/4/3 3663/4/3 3664/4/3
f 3665/4/4 3666/4/4 3667/4/4 3668/4/4
f 3669/10/3 3670/10/3 3671/10/3 3672/10/3
f 3673/10/4 3674/10/4 3675/10/4 3676/10/4
f 3677/10/3 3678/10/3 3679/10/3 3680/10/3
f 3681/10/4 3682/10/4 3683/10/4 3684/10/4
f 3685/14/3 3686/14/3 3687/14/3 3688/14/3
f 3689/14/4 3690/14/4 3691/14/4 3692/14/4
f 3693/1/2 3694/1/2 3695/1/2 3696/1/2
f 3697/1/3 3698/1/3 3699/1/3 3700/1/3
f 3701/1/4 3702/1/4 3703/1/4 3704/1/4
f 3705/6/1 3706/6/1 3707/6/1 3708/6/1
f 3709/6/3 3710/6/3 3711/6/3 3712/6/3
f 3713/6/4 3714/6/4 3715/6/4 3716/6/4
f 3717/6/3 3718/6/3 3719/6/3 3720/6/3
f 3721/6/4 3722/6/4 3723/6/4 3724/6/4
f 3725/6/3 3726/6/3 3727/6/3 3728/6/3
f 3729/6/4 3730/6/4 3731/6/4 3732/6/4
f 3733/6/3 3734/6/3 3735/6/3 3736/6/3
f 3737/6/4 3738/6/4 3739/6/4 3740/6/4
f 3741/6/3 3742/6/3 3743/6/3 3744/6/3
f 3745/6/4 3746/6/4 3747/6/4 3748/6/4
f 3749/6/3 3750/6/3 3751/6/3 3752/6/3
f 3753/6/4 3754/6/4 3755/6/4 3756/6/4
f 3757/6/3 3758/6/3 3759/6/3 3760/6/3
f 3761/6/4 3762/6/4 3763/6/4 3764/6/4
f 3765/6/3 3766/6/3 3767/6/3 3768/6/3
f 3769/6/4 3770/6/4 3771/6/4 3772/6/4
f 3773/6/3 3774/6/3 3775/6/3 3776/6/3
f 3777/6/4 3778/6/4 3779/6/4 3780/6/4
f 3781/6/3 3782/6/3 3783/6/3 3784/6/3
f 3785/6/4 3786/6/4 3787/6/4 3788/6/4
f 3789/6/3 3790/6/3 3791/6/3 3792/6/3
f 3793/6/4 3794/6/4 3795/6/4 3796/6/4
f 3797/6/3 3798/6/3 3799/6/3 3800/6/3
f 3801/6/4 3802/6/4 3803/6/4 3804/6/4
f 3805/6/3 3806/6/3 3807/6/3 3808/6/3
f 3809/6/4 3810/6/4 3811/6/4 3812/6/4
f 3813/6/3 3814/6/3 3815/6/3 3816/6/3
f 3817/6/4 3818/6/4 3819/6/4 3820/6/4
f 3821/6/2 3822/6/2 3823/6/2 3824/6/2
f 3825/6/3 3826/6/3 3827/6/3 3828/6/3
f 3829/6/4 3830/6/4 3831/6/4 3832/6/4
f 3833/13/1 3834/13/1 3835/13/1 3836/13/1
f 3837/13/3 3838/13/3 3839/13/3 3840/13/3
f 3841/13/4 3842/13/4 3843/13/4 3844/13/4
f 3845/13/3 3846/13/3 3847/13/3 3848/13/3
f 3849/13/4 3850/13/4 3851/13/4 3852/13/4
f 3853/13/3 3854/13/3 3855/13/3 3856/13/3
f 3857/13/4 3858/13/4 3859/13/4 3860/13/4
f 3861/13/3 3862/13/3 3863/13/3 3864/13/3
f 3865/13/4 3866/13/4 3867/13/4 3868/13/4
f 3869/4/3 3870/4/3 3871/4/3 3872/4/3
f 3873/4/4 3874/4/4 3875/4/4 3876/4/4
f 3877/10/3 3878/10/3 3879/10/3 3880/10/3
f 3881/10/4 3882/10/4 3883/10/4 3884/10/4
f 3885/10/3 3886/10/3 3887/10/3 3888/10/3
f 3889/10/4 3890/10/4 3891/10/4 3892/10/4
f 3893/14/3 3894/14/3 3895/14/3 3896/14/3
f 3897/14/4 3898/14/4 3899/14/4 3900/14/4
f 3901/1/2 3902/1/2 3903/1/2 3904/1/2
f 3905/1/3 3906/1/3 3907/1/3 3908/1/3
f 3909/1/4 3910/1/4 3911/1/4 3912/1/4
f 3913/6/1 3914/6/1 3915/6/1 3916/6/1
f 3917/6/3 3918/6/3 3919/6/3 3920/6/3
f 3921/6/4 3922/6/4 3923/6/4 3924/6/4
f 3925/6/3 3926/6/3 3927/6/3 3928/6/3
f 3929/6/4 3930/6/4 3931/6/4 3932/6/4
f 3933/6/3 3934/6/3 3935/6/3 3936/6/3
f 3937/6/4 3938/6/4 3939/6/4 3940/6/4
f 3941/6/3 3942/6/3 3943/6/3 3944/6/3
f 3945/6/4 3946/6/4 3947/6/4 3948/6/4
f 3949/6/3 3950/6/3 3951/6/3 3952/6/3
f 3953/6/4 3954/6/4 3955/6/4 3956/6/4
f 3957/6/3 3958/6/3 3959/6/3 3960/6/3
f 3961/6/4 3962/6/4 3963/6/4 3964/6/4
f 3965/6/3 3966/6/3 3967/6/3 3968/6/3
f 3969/6/4 3970/6/4 3971/6/4 3972/6/4
f 3973/6/3 3974/6/3 3975/6/3 3976/6/3
f 3977/6/4 3978/6/4 3979/6/4 3980/6/4
f 3981/6/3 3982/6/3 3983/6/3 3984/6/3
f 3985/6/4 3986/6/4 3987/6/4 3988/6/4
f 3989/6/3 3990/6/3 3991/6/3 3992/6/3
f 3993/6/4 3994/6/4 3995/6/4 3996/6/4
f 3997/6/3 3998/6/3 3999/6/3 4000/6/3
f 4001/6/4 4002/6/4 4003/6/4 4004/6/4
f 4005/6/3 4006/6/3 4007/6/3 4008/6/3
f 4009/6/4 4010/6/4 4011/6/4 4012/6/4
f 4013/6/3 4014/6/3 4015/6/3 4016/6/3
f 4017/6/4 4018/6/4 4019/6/4 4020/6/4
f 4021/6/3 4022/6/3 4023/6/3 4024/6/3
f 4025/6/4 4026/6/4 4027/6/4 4028/6/4
f 4029/6/2 4030/6/2 4031/6/2 4032/6/2
f 4033/6/3 4034/6/3 4035/6/3 4036/6/3
f 4037/6/4 4038/6/4 4039/6/4 4040/6/4
f 4041/9/1 4042/9/1 4043/9/1 4044/9/1
f 4045/9/3 4046/9/3 4047/9/3 4048/9/3
f 4049/9/4 4050/9/4 4051/9/4 4052/9/4
f 4053/9/3 4054/9/3 4055/9/3 4056/9/3
f 4057/9/4 4058/9/4 4059/9/4 4060/9/4
f 4061/9/3 4062/9/3 4063/9/3 4064/9/3
f 4065/9/4 4066/9/4 4067/9/4 4068/9/4
f 4069/9/3 4070/9/3 4071/9/3 4072/9/3
f 4073/9/4 4074/9/4 4075/9/4 4076/9/4
f 4077/10/3 4078/10/3 4079/10/3 4080/10/3
f 4081/10/4 4082/10/4 4083/10/4 4084/10/4
f 4085/10/3 4086/10/3 4087/10/3 4088/10/3
f 4089/10/4 4090/10/4 4091/10/4 4092/10/4
f 4093/10/3 4094/10/3 4095/10/3 4096/10/3
f 4097/10/4 4098/10/4 4099/10/4 4100/10/4
f 4101/14/3 4102/14/3 4103/14/3 4104/14/3
f 4105/14/4 4106/14/4 4107/14/4 4108/14/4
f 4109/1/2 4110/1/2 4111/1/2 4112/1/2
f 4113/1/3 4114/1/3 4115/1/3 4116/1/3
f 4117/1/4 4118/1/4 4119/1/4 4120/1/4
f 4121/6/1 4122/6/1 4123/6/1 4124/6/1
f 4125/6/3 4126/6/3 4127/6/3 4128/6/3
f 4129/6/4 4130/6/4 4131/6/4 4132/6/4
f 4133/6/3 4134/6/3 4135/6/3 4136/6/3
f 4137/6/4 4138/6/4 4139/6/4 4140/6/4
f 4141/6/3 4142/6/3 4143/6/3 4144/6/3
f 4145/6/4 4146/6/4 4147/6/4 4148/6/4
f 4149/6/3 4150/6/3 4151/6/3 4152/6/3
f 4153/6/4 4154/6/4 4155/6/4 4156/6/4
f 4157/6/3 4158/6/3 4159/6/3 4160/6/3
f 4161/6/4 4162/6/4 4163/6/4 4164/6/4
f 4165/6/3 4166/6/3 4167/6/3 4168/6/3
f 4169/6/4 4170/6/4 4171/6/4 4172/6/4
f 4173/6/3 4174/6/3 4175/6/3 4176/6/3
f 4177/6/4 4178/6/4 4179/6/4 4180/6/4
f 4181/6/3 4182/6/3 4183/6/3 4184/6/3
f 4185/6/4 4186/6/4 4187/6/4 4188/6/4
f 4189/6/3 4190/6/3 4191/6/3 4192/6/3
f 4193/6/4 4194/6/4 4195/6/4 4196/6/4
f 4197/6/3 4198/6/3 4199/6/3 4200/6/3
f 4201/6/4 4202/6/4 4203/6/4 4204/6/4
f 4205/6/3 4206/6/3 4207/6/3 4208/6/3
f 4209/6/4 4210/6/4 4211/6/4 4212/6/4
f 4213/6/3 4214/6/3 4215/6/3 4216/6/3
f 4217/6/4 4218/6/4 4219/6/4 4220/6/4
f 4221/6/3 4222/6/3 4223/6/3 4224/6/3
f 4225/6/4 4226/6/4 4227/6/4 4228/6/4
f 4229/6/3 4230/6/3 4231/6/3 4232/6/3
f 4233/6/4 4234/6/4 4235/6/4 4236/6/4
f 4237/6/2 4238/6/2 4239/6/2 4240/6/2
f 4241/6/3 4242/6/3 4243/6/3 4244/6/3
f 4245/6/4 4246/6/4 4247/6/4 4248/6/4
f 4249/7/1 4250/7/1 4251/7/1 4252/7/1
f 4253/7/3 4254/7/3 4255/7/3 4256/7/3
f 4257/7/4 4258/7/4 4259/7/4 4260/7/4
f 4261/7/3 4262/7/3 4263/7/3 4264/7/3
f 4265/7/4 4266/7/4 4267/7/4 4268/7/4
f 4269/7/3 4270/7/3 4271/7/3 4272/7/3
f 4273/7/4 4274/7/4 4275/7/4 4276/7/4
f 4277/7/3 4278/7/3 4279/7/3 4280/7/3
f 4281/7/4 4282/7/4 4283/7/4 4284/7/4
f 4285/4/3 4286/4/3 4287/4/3 4288/4/3
f 4289/4/4 4290/4/4 4291/4/4 4292/4/4
f 4293/10/3 4294/10/3 4295/10/3 4296/10/3
f 4297/10/4 4298/10/4 4299/10/4 4300/10/4
f 4301/10/3 4302/10/3 4303/10/3 4304/10/3
f 4305/10/4 4306/10/4 4307/10/4 4308/10/4
f 4309/14/3 4310/14/3 4311/14/3 4312/14/3
f 4313/14/4 4314/14/4 4315/14/4 4316/14/4
f 4317/1/2 4318/1/2 4319/1/2 4320/1/2
f 4321/1/3 4322/1/3 4323/1/3 4324/1/3
f 4325/1/4 4326/1/4 4327/1/4 4328/1/4
f 4329/6/1 4330/6/1 4331/6/1 4332/6/1
f 4333/6/3 4334/6/3 4335/6/3 4336/6/3
f 4337/6/4 4338/6/4 4339/6/4 4340/6/4
f 4341/6/3 4342/6/3 4343/6/3 4344/6/3
f 4345/6/4 4346/6/4 4347/6/4 4348/6/4
f 4349/6/3 4350/6/3 4351/6/3 4352/6/3
f 4353/6/4 4354/6/4 4355/6/4 4356/6/4
f 4357/6/3 4358/6/3 4359/6/3 4360/6/3
f 4361/6/4 4362/6/4 4363/6/4 4364/6/4
f 4365/6/3 4366/6/3 4367/6/3 4368/6/3
f 4369/6/4 4370/6/4 4371/6/4 4372/6/4
f 4373/6/3 4374/6/3 4375/6/3 4376/6/3
f 4377/6/4 4378/6/4 4379/6/4 4380/6/4
f 4381/6/3 4382/6/3 4383/6/3 4384/6/3
f 4385/6/4 4386/6/4 4387/6/4 4388/6/4
f 4389/6/3 4390/6/3 4391/6/3 4392/6/3
f 4393/6/4 4394/6/4 4395/6/4 4396/6/4
f 4397/6/3 4398/6/3 4399/6/3 4400/6/3
f 4401/6/4 4402/6/4 4403/6/4 4404/6/4
f 4405/6/3 4406/6/3 4407/6/3 4408/6/3
f 4409/6/4 4410/6/4 4411/6/4 4412/6/4
f 4413/6/3 4414/6/3 4415/6/3 4416/6/3
f 4417/6/4 4418/6/4 4419/6/4 4420/6/4
f 4421/6/3 4422/6/3 4423/6/3 4424/6/3
f 4425/6/4 4426/6/4 4427/6/4 4428/6/4
f 4429/6/3 4430/6/3 4431/6/3 4432/6/3
f 4433/6/4 4434/6/4 4435/6/4 4436/6/4
f 4437/6/3 4438/6/3 4439/6/3 4440/6/3
f 4441/6/4 4442/6/4 4443/6/4 4444/6/4
f 4445/6/2 4446/6/2 4447/6/2 4448/6/2
f 4449/6/3 4450/6/3 4451/6/3 4452/6/3
f 4453/6/4 4454/6/4 4455/6/4 4456/6/4
f 4457/2/1 4458/2/1 4459/2/1 4460/2/1
f 4461/2/3 4462/2/3 4463/2/3 4464/2/3
f 4465/2/4 4466/2/4 4467/2/4 4468/2/4
f 4469/2/3 4470/2/3 4471/2/3 4472/2/3
f 4473/2/4 4474/2/4 4475/2/4 4476/2/4
f 4477/2/3 4478/2/3 4479/2/3 4480/2/3
f 4481/2/4 4482/2/4 4483/2/4 4484/2/4
f 4485/2/3 4486/2/3 4487/2/3 4488/2/3
f 4489/2/4 4490/2/4 4491/2/4 4492/2/4
f 4493/10/3 4494/10/3 4495/10/3 4496/10/3
f 4497/10/4 4498/10/4 4499/10/4 4500/10/4
f 4501/10/3 4502/10/3 4503/10/3 4504/10/3
f 4505/10/4 4506/10/4 4507/10/4 4508/10/4
f 4509/10/3 4510/10/3 4511/10/3 4512/10/3
f 4513/10/4 4514/10/4 4515/10/4 4516/10/4
f 4517/14/3 4518/14/3 4519/14/3 4520/14/3
f 4521/14/4 4522/14/4 4523/14/4 4524/14/4
f 4525/1/2 4526/1/2 4527/1/2 4528/1/2
f 4529/1/3 4530/1/3 4531/1/3 4532/1/3
f 4533/1/4 4534/1/4 4535/1/4 4536/1/4
f 4537/6/1 4538/6/1 4539/6/1 4540/6/1
f 4541/6/3 4542/6/3 4543/6/3 4544/6/3
f 4545/6/4 4546/6/4 4547/6/4 4548/6/4
f 4549/6/3 4550/6/3 4551/6/3 4552/6/3
f 4553/6/4 4554/6/4 4555/6/4 4556/6/4
f 4557/6/3 4558/6/3 4559/6/3 4560/6/3
f 4561/6/4 4562/6/4 4563/6/4 4564/6/4
f 4565/6/3 4566/6/3 4567/6/3 4568/6/3
f 4569/6/4 4570/6/4 4571/6/4 4572/6/4
f 4573/6/3 4574/6/3 4575/6/3 4576/6/3
f 4577/6/4 4578/6/4 4579/6/4 4580/6/4
f 4581/6/3 4582/6/3 4583/6/3 4584/6/3
f 4585/6/4 4586/6/4 4587/6/4 4588/6/4
f 4589/6/3 4590/6/3 4591/6/3 4592/6/3
f 4593/6/4 4594/6/4 4595/6/4 4596/6/4
f 4597/6/3 4598/6/3 4599/6/3 4600/6/3
f 4601/6/4 4602/6/4 4603/6/4 4604/6/4
f 4605/6/3 4606/6/3 4607/6/3 4608/6/3
f 4609/6/4 4610/6/4 4611/6/4 4612/6/4
f 4613/6/3 4614/6/3 4615/6/3 4616/6/3
f 4617/6/4 4618/6/4 4619/6/4 4620/6/4
f 4621/6/3 4622/6/3 4623/6/3 4624/6/3
f 4625/6/4 4626/6/4 4627/6/4 4628/6/4
f 4629/6/3 4630/6/3 4631/6/3 4632/6/3
f 4633/6/4 4634/6/4 4635/6/4 4636/6/4
f 4637/6/3 4638/6/3 4639/6/3 4640/6/3
f 4641/6/4 4642/6/4 4643/6/4 4644/6/4
f 4645/6/3 4646/6/3 4647/6/3 4648/6/3
f 4649/6/4 4650/6/4 4651/6/4 4652/6/4
f 4653/6/2 4654/6/2 4655/6/2 4656/6/2
f 4657/6/3 4658/6/3 4659/6/3 4660/6/3
f 4661/6/4 4662/6/4 4663/6/4 4664/6/4
f 4665/2/1 4666/2/1 4667/2/1 4668/2/1
f 4669/2/3 4670/2/3 4671/2/3 4672/2/3
f 4673/2/4 4674/2/4 4675/2/4 4676/2/4
f 4677/2/3 4678/2/3 4679/2/3 4680/2/3
f 4681/2/4 4682/2/4 4683/2/4 4684/2/4
f 4685/2/3 4686/2/3 4687/2/3 4688/2/3
f 4689/2/4 4690/2/4 4691/2/4 4692/2/4
f 4693/2/3 4694/2/3 4695/2/3 4696/2/3
f 4697/2/4 4698/2/4 4699/2/4 4700/2/4
f 4701/10/3 4702/10/3 4703/10/3 4704/10/3
f 4705/10/4 4706/10/4 4707/10/4 4708/10/4
f 4709/10/3 4710/10/3 4711/10/3 4712/10/3
f 4713/10/4 4714/10/4 4715/10/4 4716/10/4
f 4717/10/3 4718/10/3 4719/10/3 4720/10/3
f 4721/10/4 4722/10/4 4723/10/4 4724/10/4
f 4725/14/3 4726/14/3 4727/14/3 4728/14/3
f 4729/14/4 4730/14/4 4731/14/4 4732/14/4
f 4733/1/2 4734/1/2 4735/1/2 4736/1/2
f 4737/1/3 4738/1/3 4739/1/3 4740/1/3
f 4741/1/4 4742/1/4 4743/1/4 4744/1/4
f 4745/6/1 4746/6/1 4747/6/1 4748/6/1
f 4749/6/3 4750/6/3 4751/6/3 4752/6/3
f 4753/6/4 4754/6/4 4755/6/4 4756/6/4
f 4757/6/3 4758/6/3 4759/6/3 4760/6/3
f 4761/6/4 4762/6/4 4763/6/4 4764/6/4
f 4765/6/3 4766/6/3 4767/6/3 4768/6/3
f 4769/6/4 4770/6/4 4771/6/4 4772/6/4
f 4773/6/3 4774/6/3 4775/6/3 4776/6/3
f 4777/6/4 4778/6/4 4779/6/4 4780/6/4
f 4781/6/3 4782/6/3 4783/6/3 4784/6/3
f 4785/6/4 4786/6/4 4787/6/4 4788/6/4
f 4789/6/3 4790/6/3 4791/6/3 4792/6/3
f 4793/6/4 4794/6/4 4795/6/4 4796/6/4
f 4797/6/3 4798/6/3 4799/6/3 4800/6/3
f 4801/6/4 4802/6/4 4803/6/4 4804/6/4
f 4805/6/3 4806/6/3 4807/6/3 4808/6/3
f 4809/6/4 4810/6/4 4811/6/4 4812/6/4
f 4813/6/3 4814/6/3 4815/6/3 4816/6/3
f 4817/6/4 4818/6/4 4819/6/4 4820/6/4
f 4821/6/3 4822/6/3 4823/6/3 4824/6/3
f 4825/6/4 4826/6/4 4827/6/4 4828/6/4
f 4829/6/3 4830/6/3 4831/6/3 4832/6/3
f 4833/6/4 4834/6/4 4835/6/4 4836/6/4
f 4837/6/3 4838/6/3 4839/6/3 4840/6/3
f 4841/6/4 4842/6/4 4843/6/4 4844/6/4
f 4845/6/3 4846/6/3 4847/6/3 4848/6/3
f 4849/6/4 4850/6/4 4851/6/4 4852/6/4
f 4853/6/3 4854/6/3 4855/6/3 4856/6/3
f 4857/6/4 4858/6/4 4859/6/4 4860/6/4
f 4861/6/2 4862/6/2 4863/6/2 4864/6/2
f 4865/6/3 4866/6/3 4867/6/3 4868/6/3
f 4869/6/4 4870/6/4 4871/6/4 4872/6/4
f 4873/2/1 4874/2/1 4875/2/1 4876/2/1
f 4877/2/3 4878/2/3 4879/2/3 4880/2/3
f 4881/2/4 4882/2/4 4883/2/4 4884/2/4
f 4885/2/5 4886/2/5 4887/2/5 4888/2/5
f 4889/2/3 4890/2/3 4891/2/3 4892/2/3
f 4893/2/4 4894/2/4 4895/2/4 4896/2/4
f 4897/2/5 4898/2/5 4899/2/5 4900/2/5
f 4901/2/3 4902/2/3 4903/2/3 4904/2/3
f 4905/2/4 4906/2/4 4907/2/4 4908/2/4
f 4909/2/5 4910/2/5 4911/2/5 4912/2/5
f 4913/2/3 4914/2/3 4915/2/3 4916/2/3
f 4917/2/4 4918/2/4 4919/2/4 4920/2/4
f 4921/2/5 4922/2/5 4923/2/5 4924/2/5
f 4925/10/3 4926/10/3 4927/10/3 4928/10/3
f 4929/10/4 4930/10/4 4931/10/4 4932/10/4
f 4933/10/5 4934/10/5 4935/10/5 4936/10/5
f 4937/10/3 4938/10/3 4939/10/3 4940/10/3
f 4941/10/4 4942/10/4 4943/10/4 4944/10/4
f 4945/10/5 4946/10/5 4947/10/5 4948/10/5
f 4949/10/3 4950/10/3 4951/10/3 4952/10/3
f 4953/10/4 4954/10/4 4955/10/4 4956/10/4
f 4957/10/5 4958/10/5 4959/10/5 4960/10/5
f 4961/14/3 4962/14/3 4963/14/3 4964/14/3
f 4965/14/4 4966/14/4 4967/14/4 4968/14/4
f 4969/14/5 4970/14/5 4971/14/5 4972/14/5
f 4973/1/2 4974/1/2 4975/1/2 4976/1/2
f 4977/1/3 4978/1/3 4979/1/3 4980/1/3
f 4981/1/4 4982/1/4 4983/1/4 4984/1/4
f 4985/1/5 4986/1/5 4987/1/5 4988/1/5
f 4989/6/1 4990/6/1 4991/6/1 4992/6/1
f 4993/6/3 4994/6/3 4995/6/3 4996/6/3
f 4997/6/4 4998/6/4 4999/6/4 5000/6/4
f 5001/6/5 5002/6/5 5003/6/5 5004/6/5
f 5005/6/3 5006/6/3 5007/6/3 5008/6/3
f 5009/6/4 5010/6/4 5011/6/4 5012/6/4
f 5013/6/5 5014/6/5 5015/6/5 5016/6/5
f 5017/6/3 5018/6/3 5019/6/3 5020/6/3
f 5021/6/4 5022/6/4 5023/6/4 5024/6/4
f 5025/6/5 5026/6/5 5027/6/5 5028/6/5
f 5029/6/3 5030/6/3 5031/6/3 5032/6/3
f 5033/6/4 5034/6/4 5035/6/4 5036/6/4
f 5037/6/5 5038/6/5 5039/6/5 5040/6/5
f 5041/6/3 5042/6/3 5043/6/3 5044/6/3
f 5045/6/4 5046/6/4 5047/6/4 5048/6/4
f 5049/6/5 5050/6/5 5051/6/5 5052/6/5
f 5053/6/3 5054/6/3 5055/6/3 5056/6/3
f 5057/6/4 5058/6/4 5059/6/4 5060/6/4
f 5061/6/5 5062/6/5 5063/6/5 5064/6/5
f 5065/6/3 5066/6/3 5067/6/3 5068/6/3
f 5069/6/4 5070/6/4 5071/6/4 5072/6/4
f 5073/6/5 5074/6/5 5075/6/5 5076/6/5
f 5077/6/3 5078/6/3 5079/6/3 5080/6/3
f 5081/6/4 5082/6/4 5083/6/4 5084/6/4
f 5085/6/5 5086/6/5 5087/6/5 5088/6/5
f 5089/6/3 5090/6/3 5091/6/3 5092/6/3
f 5093/6/4 5094/6/4 5095/6/4 5096/6/4
f 5097/6/5 5098/6/5 5099/6/5 5100/6/5
f 5101/6/3 5102/6/3 5103/6/3 5104/6/3
f 5105/6/4 5106/6/4 5107/6/4 5108/6/4
f 5109/6/5 5110/6/5 5111/6/5 5112/6/5
f 5113/6/3 5114/6/3 5115/6/3 5116/6/3
f 5117/6/4 5118/6/4 5119/6/4 5120/6/4
f 5121/6/5 5122/6/5 5123/6/5 5124/6/5
f 5125/6/3 5126/6/3 5127/6/3 5128/6/3
f 5129/6/4 5130/6/4 5131/6/4 5132/6/4
f 5133/6/5 5134/6/5 5135/6/5 5136/6/5
f 5137/6/3 5138/6/3 5139/6/3 5140/6/3
f 5141/6/4 5142/6/4 5143/6/4 5144/6/4
f 5145/6/5 5146/6/5 5147/6/5 5148/6/5
f 5149/6/3 5150/6/3 5151/6/3 5152/6/3
f 5153/6/4 5154/6/4 5155/6/4 5156/6/4
f 5157/6/5 5158/6/5 5159/6/5 5160/6/5
f 5161/6/2 5162/6/2 5163/6/2 5164/6/2
f 5165/6/3 5166/6/3 5167/6/3 5168/6/3
f 5169/6/4 5170/6/4 5171/6/4 5172/6/4
f 5173/6/5 5174/6/5 5175/6/5 5176/6/5

