# generated by vox_to_obj_exporter
# scale=0.1 center=true ground=true y_up=false

mtllib Shape_29_25.mtl
usemtl palette

# normals
vn -1 0 0
vn 1 0 0
vn 0 0 1
vn 0 0 -1
vn 0 -1 0
vn 0 1 0

# texcoords
vt 0.814453125 0.5
vt 0.970703125 0.5
vt 0.837890625 0.5
vt 0.505859375 0.5
vt 0.990234375 0.5
vt 0.337890625 0.5
vt 0.876953125 0.5
vt 0.673828125 0.5
vt 0.677734375 0.5
vt 0.994140625 0.5
vt 0.986328125 0.5

# verts
v -1.2 1.2 0.1
v -1.2 1.2 0
v -1.2 1.1 0
v -1.2 1.1 0.1
v -1.2 1.2 0.1
v -1.2 1.1 0.1
v -1.1 1.1 0.1
v -1.1 1.2 0.1
v -1.2 1.1 0
v -1.2 1.2 0
v -1.1 1.2 0
v -1.1 1.1 0
v -1.1 1.2 0.1
v -1.1 1.2 0
v -1.2 1.2 0
v -1.2 1.2 0.1
v -1.1 1.2 0.1
v -1.1 1.1 0.1
v -1 1.1 0.1
v -1 1.2 0.1
v -1.1 1.1 0
v -1.1 1.2 0
v -1 1.2 0
v -1 1.1 0
v -1 1.2 0.1
v -1 1.2 0
v -1.1 1.2 0
v -1.1 1.2 0.1
v -1 1.2 0.1
v -1 1.1 0.1
v -0.9 1.1 0.1
v -0.9 1.2 0.1
v -1 1.1 0
v -1 1.2 0
v -0.9 1.2 0
v -0.9 1.1 0
v -0.9 1.2 0.1
v -0.9 1.2 0
v -1 1.2 0
v -1 1.2 0.1
v -0.9 1.2 0.1
v -0.9 1.1 0.1
v -0.8 1.1 0.1
v -0.8 1.2 0.1
v -0.9 1.1 0
v -0.9 1.2 0
v -0.8 1.2 0
v -0.8 1.1 0
v -0.8 1.2 0.1
v -0.8 1.2 0
v -0.9 1.2 0
v -0.9 1.2 0.1
v -0.8 1.2 0.1
v -0.8 1.1 0.1
v -0.7 1.1 0.1
v -0.7 1.2 0.1
v -0.8 1.1 0
v -0.8 1.2 0
v -0.7 1.2 0
v -0.7 1.1 0
v -0.7 1.2 0.1
v -0.7 1.2 0
v -0.8 1.2 0
v -0.8 1.2 0.1
v -0.7 1.2 0.1
v -0.7 1.1 0.1
v -0.6 1.1 0.1
v -0.6 1.2 0.1
v -0.7 1.1 0
v -0.7 1.2 0
v -0.6 1.2 0
v -0.6 1.1 0
v -0.6 1.2 0.1
v -0.6 1.2 0
v -0.7 1.2 0
v -0.7 1.2 0.1
v -0.6 1.2 0.1
v -0.6 1.1 0.1
v -0.5 1.1 0.1
v -0.5 1.2 0.1
v -0.6 1.1 0
v -0.6 1.2 0
v -0.5 1.2 0
v -0.5 1.1 0
v -0.5 1.2 0.1
v -0.5 1.2 0
v -0.6 1.2 0
v -0.6 1.2 0.1
v -0.5 1.2 0.1
v -0.5 1.1 0.1
v -0.4 1.1 0.1
v -0.4 1.2 0.1
v -0.5 1.1 0
v -0.5 1.2 0
v -0.4 1.2 0
v -0.4 1.1 0
v -0.4 1.2 0.1
v -0.4 1.2 0
v -0.5 1.2 0
v -0.5 1.2 0.1
v -0.4 1.2 0.1
v -0.4 1.1 0.1
v -0.3 1.1 0.1
v -0.3 1.2 0.1
v -0.4 1.1 0
v -0.4 1.2 0
v -0.3 1.2 0
v -0.3 1.1 0
v -0.3 1.2 0.1
v -0.3 1.2 0
v -0.4 1.2 0
v -0.4 1.2 0.1
v -0.3 1.2 0.1
v -0.3 1.1 0.1
v -0.2 1.1 0.1
v -0.2 1.2 0.1
v -0.3 1.1 0
v -0.3 1.2 0
v -0.2 1.2 0
v -0.2 1.1 0
v -0.2 1.2 0.1
v -0.2 1.2 0
v -0.3 1.2 0
v -0.3 1.2 0.1
v -0.2 1.2 0.1
v -0.2 1.1 0.1
v -0.1 1.1 0.1
v -0.1 1.2 0.1
v -0.2 1.1 0
v -0.2 1.2 0
v -0.1 1.2 0
v -0.1 1.1 0
v -0.1 1.2 0.1
v -0.1 1.2 0
v -0.2 1.2 0
v -0.2 1.2 0.1
v -0.1 1.2 0.1
v -0.1 1.1 0.1
v 0 1.1 0.1
v 0 1.2 0.1
v -0.1 1.1 0
v -0.1 1.2 0
v 0 1.2 0
v 0 1.1 0
v 0 1.2 0.1
v 0 1.2 0
v -0.1 1.2 0
v -0.1 1.2 0.1
v 0 1.2 0.1
v 0 1.1 0.1
v 0.1 1.1 0.1
v 0.1 1.2 0.1
v 0 1.1 0
v 0 1.2 0
v 0.1 1.2 0
v 0.1 1.1 0
v 0.1 1.2 0.1
v 0.1 1.2 0
v 0 1.2 0
v 0 1.2 0.1
v 0.1 1.2 0.1
v 0.1 1.1 0.1
v 0.2 1.1 0.1
v 0.2 1.2 0.1
v 0.1 1.1 0
v 0.1 1.2 0
v 0.2 1.2 0
v 0.2 1.1 0
v 0.2 1.2 0.1
v 0.2 1.2 0
v 0.1 1.2 0
v 0.1 1.2 0.1
v 0.2 1.2 0.1
v 0.2 1.1 0.1
v 0.3 1.1 0.1
v 0.3 1.2 0.1
v 0.2 1.1 0
v 0.2 1.2 0
v 0.3 1.2 0
v 0.3 1.1 0
v 0.3 1.2 0.1
v 0.3 1.2 0
v 0.2 1.2 0
v 0.2 1.2 0.1
v 0.3 1.2 0.1
v 0.3 1.1 0.1
v 0.4 1.1 0.1
v 0.4 1.2 0.1
v 0.3 1.1 0
v 0.3 1.2 0
v 0.4 1.2 0
v 0.4 1.1 0
v 0.4 1.2 0.1
v 0.4 1.2 0
v 0.3 1.2 0
v 0.3 1.2 0.1
v 0.4 1.2 0.1
v 0.4 1.1 0.1
v 0.5 1.1 0.1
v 0.5 1.2 0.1
v 0.4 1.1 0
v 0.4 1.2 0
v 0.5 1.2 0
v 0.5 1.1 0
v 0.5 1.2 0.1
v 0.5 1.2 0
v 0.4 1.2 0
v 0.4 1.2 0.1
v 0.5 1.2 0.1
v 0.5 1.1 0.1
v 0.6 1.1 0.1
v 0.6 1.2 0.1
v 0.5 1.1 0
v 0.5 1.2 0
v 0.6 1.2 0
v 0.6 1.1 0
v 0.6 1.2 0.1
v 0.6 1.2 0
v 0.5 1.2 0
v 0.5 1.2 0.1
v 0.6 1.2 0.1
v 0.6 1.1 0.1
v 0.7 1.1 0.1
v 0.7 1.2 0.1
v 0.6 1.1 0
v 0.6 1.2 0
v 0.7 1.2 0
v 0.7 1.1 0
v 0.7 1.2 0.1
v 0.7 1.2 0
v 0.6 1.2 0
v 0.6 1.2 0.1
v 0.7 1.2 0.1
v 0.7 1.1 0.1
v 0.8 1.1 0.1
v 0.8 1.2 0.1
v 0.7 1.1 0
v 0.7 1.2 0
v 0.8 1.2 0
v 0.8 1.1 0
v 0.8 1.2 0.1
v 0.8 1.2 0
v 0.7 1.2 0
v 0.7 1.2 0.1
v 0.8 1.2 0.1
v 0.8 1.1 0.1
v 0.9 1.1 0.1
v 0.9 1.2 0.1
v 0.8 1.1 0
v 0.8 1.2 0
v 0.9 1.2 0
v 0.9 1.1 0
v 0.9 1.2 0.1
v 0.9 1.2 0
v 0.8 1.2 0
v 0.8 1.2 0.1
v 0.9 1.2 0.1
v 0.9 1.1 0.1
v 1 1.1 0.1
v 1 1.2 0.1
v 0.9 1.1 0
v 0.9 1.2 0
v 1 1.2 0
v 1 1.1 0
v 1 1.2 0.1
v 1 1.2 0
v 0.9 1.2 0
v 0.9 1.2 0.1
v 1 1.2 0.1
v 1 1.1 0.1
v 1.1 1.1 0.1
v 1.1 1.2 0.1
v 1 1.1 0
v 1 1.2 0
v 1.1 1.2 0
v 1.1 1.1 0
v 1.1 1.2 0.1
v 1.1 1.2 0
v 1 1.2 0
v 1 1.2 0.1
v 1.2 1.1 0.1
v 1.2 1.1 0
v 1.2 1.2 0
v 1.2 1.2 0.1
v 1.1 1.2 0.1
v 1.1 1.1 0.1
v 1.2 1.1 0.1
v 1.2 1.2 0.1
v 1.1 1.1 0
v 1.1 1.2 0
v 1.2 1.2 0
v 1.2 1.1 0
v 1.2 1.2 0.1
v 1.2 1.2 0
v 1.1 1.2 0
v 1.1 1.2 0.1
v -1.2 1.1 0.1
v -1.2 1.1 0
v -1.2 1 0
v -1.2 1 0.1
v -1.2 1.1 0.1
v -1.2 1 0.1
v -1.1 1 0.1
v -1.1 1.1 0.1
v -1.2 1 0
v -1.2 1.1 0
v -1.1 1.1 0
v -1.1 1 0
v -1.1 1.1 0.1
v -1.1 1 0.1
v -1 1 0.1
v -1 1.1 0.1
v -1.1 1 0
v -1.1 1.1 0
v -1 1.1 0
v -1 1 0
v -1 1.1 0.1
v -1 1 0.1
v -0.9 1 0.1
v -0.9 1.1 0.1
v -1 1 0
v -1 1.1 0
v -0.9 1.1 0
v -0.9 1 0
v -0.9 1.1 0.1
v -0.9 1 0.1
v -0.8 1 0.1
v -0.8 1.1 0.1
v -0.9 1 0
v -0.9 1.1 0
v -0.8 1.1 0
v -0.8 1 0
v -0.8 1.1 0.1
v -0.8 1 0.1
v -0.7 1 0.1
v -0.7 1.1 0.1
v -0.8 1 0
v -0.8 1.1 0
v -0.7 1.1 0
v -0.7 1 0
v -0.7 1.1 0.1
v -0.7 1 0.1
v -0.6 1 0.1
v -0.6 1.1 0.1
v -0.7 1 0
v -0.7 1.1 0
v -0.6 1.1 0
v -0.6 1 0
v -0.6 1.1 0.1
v -0.6 1 0.1
v -0.5 1 0.1
v -0.5 1.1 0.1
v -0.6 1 0
v -0.6 1.1 0
v -0.5 1.1 0
v -0.5 1 0
v -0.5 1.1 0.1
v -0.5 1 0.1
v -0.4 1 0.1
v -0.4 1.1 0.1
v -0.5 1 0
v -0.5 1.1 0
v -0.4 1.1 0
v -0.4 1 0
v -0.4 1.1 0.1
v -0.4 1 0.1
v -0.3 1 0.1
v -0.3 1.1 0.1
v -0.4 1 0
v -0.4 1.1 0
v -0.3 1.1 0
v -0.3 1 0
v -0.3 1.1 0.1
v -0.3 1 0.1
v -0.2 1 0.1
v -0.2 1.1 0.1
v -0.3 1 0
v -0.3 1.1 0
v -0.2 1.1 0
v -0.2 1 0
v -0.2 1.1 0.1
v -0.2 1 0.1
v -0.1 1 0.1
v -0.1 1.1 0.1
v -0.2 1 0
v -0.2 1.1 0
v -0.1 1.1 0
v -0.1 1 0
v -0.1 1.1 0.1
v -0.1 1 0.1
v 0 1 0.1
v 0 1.1 0.1
v -0.1 1 0
v -0.1 1.1 0
v 0 1.1 0
v 0 1 0
v 0 1.1 0.1
v 0 1 0.1
v 0.1 1 0.1
v 0.1 1.1 0.1
v 0 1 0
v 0 1.1 0
v 0.1 1.1 0
v 0.1 1 0
v 0.1 1.1 0.1
v 0.1 1 0.1
v 0.2 1 0.1
v 0.2 1.1 0.1
v 0.1 1 0
v 0.1 1.1 0
v 0.2 1.1 0
v 0.2 1 0
v 0.2 1.1 0.1
v 0.2 1 0.1
v 0.3 1 0.1
v 0.3 1.1 0.1
v 0.2 1 0
v 0.2 1.1 0
v 0.3 1.1 0
v 0.3 1 0
v 0.3 1.1 0.1
v 0.3 1 0.1
v 0.4 1 0.1
v 0.4 1.1 0.1
v 0.3 1 0
v 0.3 1.1 0
v 0.4 1.1 0
v 0.4 1 0
v 0.4 1.1 0.1
v 0.4 1 0.1
v 0.5 1 0.1
v 0.5 1.1 0.1
v 0.4 1 0
v 0.4 1.1 0
v 0.5 1.1 0
v 0.5 1 0
v 0.5 1.1 0.1
v 0.5 1 0.1
v 0.6 1 0.1
v 0.6 1.1 0.1
v 0.5 1 0
v 0.5 1.1 0
v 0.6 1.1 0
v 0.6 1 0
v 0.6 1.1 0.1
v 0.6 1 0.1
v 0.7 1 0.1
v 0.7 1.1 0.1
v 0.6 1 0
v 0.6 1.1 0
v 0.7 1.1 0
v 0.7 1 0
v 0.7 1.1 0.1
v 0.7 1 0.1
v 0.8 1 0.1
v 0.8 1.1 0.1
v 0.7 1 0
v 0.7 1.1 0
v 0.8 1.1 0
v 0.8 1 0
v 0.8 1.1 0.1
v 0.8 1 0.1
v 0.9 1 0.1
v 0.9 1.1 0.1
v 0.8 1 0
v 0.8 1.1 0
v 0.9 1.1 0
v 0.9 1 0
v 0.9 1.1 0.1
v 0.9 1 0.1
v 1 1 0.1
v 1 1.1 0.1
v 0.9 1 0
v 0.9 1.1 0
v 1 1.1 0
v 1 1 0
v 1 1.1 0.1
v 1 1 0.1
v 1.1 1 0.1
v 1.1 1.1 0.1
v 1 1 0
v 1 1.1 0
v 1.1 1.1 0
v 1.1 1 0
v 1.2 1 0.1
v 1.2 1 0
v 1.2 1.1 0
v 1.2 1.1 0.1
v 1.1 1.1 0.1
v 1.1 1 0.1
v 1.2 1 0.1
v 1.2 1.1 0.1
v 1.1 1 0
v 1.1 1.1 0
v 1.2 1.1 0
v 1.2 1 0
v -1.2 1 0.1
v -1.2 1 0
v -1.2 0.9 0
v -1.2 0.9 0.1
v -1.2 1 0.1
v -1.2 0.9 0.1
v -1.1 0.9 0.1
v -1.1 1 0.1
v -1.2 0.9 0
v -1.2 1 0
v -1.1 1 0
v -1.1 0.9 0
v -1.1 1 0.1
v -1.1 0.9 0.1
v -1 0.9 0.1
v -1 1 0.1
v -1.1 0.9 0
v -1.1 1 0
v -1 1 0
v -1 0.9 0
v -1 1 0.1
v -1 0.9 0.1
v -0.9 0.9 0.1
v -0.9 1 0.1
v -1 0.9 0
v -1 1 0
v -0.9 1 0
v -0.9 0.9 0
v -0.9 1 0.1
v -0.9 0.9 0.1
v -0.8 0.9 0.1
v -0.8 1 0.1
v -0.9 0.9 0
v -0.9 1 0
v -0.8 1 0
v -0.8 0.9 0
v -0.8 1 0.1
v -0.8 0.9 0.1
v -0.7 0.9 0.1
v -0.7 1 0.1
v -0.8 0.9 0
v -0.8 1 0
v -0.7 1 0
v -0.7 0.9 0
v -0.7 1 0.1
v -0.7 0.9 0.1
v -0.6 0.9 0.1
v -0.6 1 0.1
v -0.7 0.9 0
v -0.7 1 0
v -0.6 1 0
v -0.6 0.9 0
v -0.6 1 0.1
v -0.6 0.9 0.1
v -0.5 0.9 0.1
v -0.5 1 0.1
v -0.6 0.9 0
v -0.6 1 0
v -0.5 1 0
v -0.5 0.9 0
v -0.5 1 0.1
v -0.5 0.9 0.1
v -0.4 0.9 0.1
v -0.4 1 0.1
v -0.5 0.9 0
v -0.5 1 0
v -0.4 1 0
v -0.4 0.9 0
v -0.4 1 0.1
v -0.4 0.9 0.1
v -0.3 0.9 0.1
v -0.3 1 0.1
v -0.4 0.9 0
v -0.4 1 0
v -0.3 1 0
v -0.3 0.9 0
v -0.3 1 0.1
v -0.3 0.9 0.1
v -0.2 0.9 0.1
v -0.2 1 0.1
v -0.3 0.9 0
v -0.3 1 0
v -0.2 1 0
v -0.2 0.9 0
v -0.2 1 0.1
v -0.2 0.9 0.1
v -0.1 0.9 0.1
v -0.1 1 0.1
v -0.2 0.9 0
v -0.2 1 0
v -0.1 1 0
v -0.1 0.9 0
v -0.1 1 0.1
v -0.1 0.9 0.1
v 0 0.9 0.1
v 0 1 0.1
v -0.1 0.9 0
v -0.1 1 0
v 0 1 0
v 0 0.9 0
v 0 1 0.1
v 0 0.9 0.1
v 0.1 0.9 0.1
v 0.1 1 0.1
v 0 0.9 0
v 0 1 0
v 0.1 1 0
v 0.1 0.9 0
v 0.1 1 0.1
v 0.1 0.9 0.1
v 0.2 0.9 0.1
v 0.2 1 0.1
v 0.1 0.9 0
v 0.1 1 0
v 0.2 1 0
v 0.2 0.9 0
v 0.2 1 0.1
v 0.2 0.9 0.1
v 0.3 0.9 0.1
v 0.3 1 0.1
v 0.2 0.9 0
v 0.2 1 0
v 0.3 1 0
v 0.3 0.9 0
v 0.3 1 0.1
v 0.3 0.9 0.1
v 0.4 0.9 0.1
v 0.4 1 0.1
v 0.3 0.9 0
v 0.3 1 0
v 0.4 1 0
v 0.4 0.9 0
v 0.4 1 0.1
v 0.4 0.9 0.1
v 0.5 0.9 0.1
v 0.5 1 0.1
v 0.4 0.9 0
v 0.4 1 0
v 0.5 1 0
v 0.5 0.9 0
v 0.5 1 0.1
v 0.5 0.9 0.1
v 0.6 0.9 0.1
v 0.6 1 0.1
v 0.5 0.9 0
v 0.5 1 0
v 0.6 1 0
v 0.6 0.9 0
v 0.6 1 0.1
v 0.6 0.9 0.1
v 0.7 0.9 0.1
v 0.7 1 0.1
v 0.6 0.9 0
v 0.6 1 0
v 0.7 1 0
v 0.7 0.9 0
v 0.7 1 0.1
v 0.7 0.9 0.1
v 0.8 0.9 0.1
v 0.8 1 0.1
v 0.7 0.9 0
v 0.7 1 0
v 0.8 1 0
v 0.8 0.9 0
v 0.8 1 0.1
v 0.8 0.9 0.1
v 0.9 0.9 0.1
v 0.9 1 0.1
v 0.8 0.9 0
v 0.8 1 0
v 0.9 1 0
v 0.9 0.9 0
v 0.9 1 0.1
v 0.9 0.9 0.1
v 1 0.9 0.1
v 1 1 0.1
v 0.9 0.9 0
v 0.9 1 0
v 1 1 0
v 1 0.9 0
v 1 1 0.1
v 1 0.9 0.1
v 1.1 0.9 0.1
v 1.1 1 0.1
v 1 0.9 0
v 1 1 0
v 1.1 1 0
v 1.1 0.9 0
v 1.2 0.9 0.1
v 1.2 0.9 0
v 1.2 1 0
v 1.2 1 0.1
v 1.1 1 0.1
v 1.1 0.9 0.1
v 1.2 0.9 0.1
v 1.2 1 0.1
v 1.1 0.9 0
v 1.1 1 0
v 1.2 1 0
v 1.2 0.9 0
v -1.2 0.9 0.1
v -1.2 0.9 0
v -1.2 0.8 0
v -1.2 0.8 0.1
v -1.2 0.9 0.1
v -1.2 0.8 0.1
v -1.1 0.8 0.1
v -1.1 0.9 0.1
v -1.2 0.8 0
v -1.2 0.9 0
v -1.1 0.9 0
v -1.1 0.8 0
v -1.1 0.9 0.1
v -1.1 0.8 0.1
v -1 0.8 0.1
v -1 0.9 0.1
v -1.1 0.8 0
v -1.1 0.9 0
v -1 0.9 0
v -1 0.8 0
v -1 0.9 0.1
v -1 0.8 0.1
v -0.9 0.8 0.1
v -0.9 0.9 0.1
v -1 0.8 0
v -1 0.9 0
v -0.9 0.9 0
v -0.9 0.8 0
v -0.9 0.9 0.1
v -0.9 0.8 0.1
v -0.8 0.8 0.1
v -0.8 0.9 0.1
v -0.9 0.8 0
v -0.9 0.9 0
v -0.8 0.9 0
v -0.8 0.8 0
v -0.8 0.9 0.1
v -0.8 0.8 0.1
v -0.7 0.8 0.1
v -0.7 0.9 0.1
v -0.8 0.8 0
v -0.8 0.9 0
v -0.7 0.9 0
v -0.7 0.8 0
v -0.7 0.9 0.1
v -0.7 0.8 0.1
v -0.6 0.8 0.1
v -0.6 0.9 0.1
v -0.7 0.8 0
v -0.7 0.9 0
v -0.6 0.9 0
v -0.6 0.8 0
v -0.6 0.9 0.1
v -0.6 0.8 0.1
v -0.5 0.8 0.1
v -0.5 0.9 0.1
v -0.6 0.8 0
v -0.6 0.9 0
v -0.5 0.9 0
v -0.5 0.8 0
v -0.5 0.9 0.1
v -0.5 0.8 0.1
v -0.4 0.8 0.1
v -0.4 0.9 0.1
v -0.5 0.8 0
v -0.5 0.9 0
v -0.4 0.9 0
v -0.4 0.8 0
v -0.4 0.9 0.1
v -0.4 0.8 0.1
v -0.3 0.8 0.1
v -0.3 0.9 0.1
v -0.4 0.8 0
v -0.4 0.9 0
v -0.3 0.9 0
v -0.3 0.8 0
v -0.3 0.9 0.1
v -0.3 0.8 0.1
v -0.2 0.8 0.1
v -0.2 0.9 0.1
v -0.3 0.8 0
v -0.3 0.9 0
v -0.2 0.9 0
v -0.2 0.8 0
v -0.2 0.9 0.1
v -0.2 0.8 0.1
v -0.1 0.8 0.1
v -0.1 0.9 0.1
v -0.2 0.8 0
v -0.2 0.9 0
v -0.1 0.9 0
v -0.1 0.8 0
v -0.1 0.9 0.1
v -0.1 0.8 0.1
v 0 0.8 0.1
v 0 0.9 0.1
v -0.1 0.8 0
v -0.1 0.9 0
v 0 0.9 0
v 0 0.8 0
v 0 0.9 0.1
v 0 0.8 0.1
v 0.1 0.8 0.1
v 0.1 0.9 0.1
v 0 0.8 0
v 0 0.9 0
v 0.1 0.9 0
v 0.1 0.8 0
v 0.1 0.9 0.1
v 0.1 0.8 0.1
v 0.2 0.8 0.1
v 0.2 0.9 0.1
v 0.1 0.8 0
v 0.1 0.9 0
v 0.2 0.9 0
v 0.2 0.8 0
v 0.2 0.9 0.1
v 0.2 0.8 0.1
v 0.3 0.8 0.1
v 0.3 0.9 0.1
v 0.2 0.8 0
v 0.2 0.9 0
v 0.3 0.9 0
v 0.3 0.8 0
v 0.3 0.9 0.1
v 0.3 0.8 0.1
v 0.4 0.8 0.1
v 0.4 0.9 0.1
v 0.3 0.8 0
v 0.3 0.9 0
v 0.4 0.9 0
v 0.4 0.8 0
v 0.4 0.9 0.1
v 0.4 0.8 0.1
v 0.5 0.8 0.1
v 0.5 0.9 0.1
v 0.4 0.8 0
v 0.4 0.9 0
v 0.5 0.9 0
v 0.5 0.8 0
v 0.5 0.9 0.1
v 0.5 0.8 0.1
v 0.6 0.8 0.1
v 0.6 0.9 0.1
v 0.5 0.8 0
v 0.5 0.9 0
v 0.6 0.9 0
v 0.6 0.8 0
v 0.6 0.9 0.1
v 0.6 0.8 0.1
v 0.7 0.8 0.1
v 0.7 0.9 0.1
v 0.6 0.8 0
v 0.6 0.9 0
v 0.7 0.9 0
v 0.7 0.8 0
v 0.7 0.9 0.1
v 0.7 0.8 0.1
v 0.8 0.8 0.1
v 0.8 0.9 0.1
v 0.7 0.8 0
v 0.7 0.9 0
v 0.8 0.9 0
v 0.8 0.8 0
v 0.8 0.9 0.1
v 0.8 0.8 0.1
v 0.9 0.8 0.1
v 0.9 0.9 0.1
v 0.8 0.8 0
v 0.8 0.9 0
v 0.9 0.9 0
v 0.9 0.8 0
v 0.9 0.9 0.1
v 0.9 0.8 0.1
v 1 0.8 0.1
v 1 0.9 0.1
v 0.9 0.8 0
v 0.9 0.9 0
v 1 0.9 0
v 1 0.8 0
v 1 0.9 0.1
v 1 0.8 0.1
v 1.1 0.8 0.1
v 1.1 0.9 0.1
v 1 0.8 0
v 1 0.9 0
v 1.1 0.9 0
v 1.1 0.8 0
v 1.2 0.8 0.1
v 1.2 0.8 0
v 1.2 0.9 0
v 1.2 0.9 0.1
v 1.1 0.9 0.1
v 1.1 0.8 0.1
v 1.2 0.8 0.1
v 1.2 0.9 0.1
v 1.1 0.8 0
v 1.1 0.9 0
v 1.2 0.9 0
v 1.2 0.8 0
v -1.2 0.8 0.1
v -1.2 0.8 0
v -1.2 0.7 0
v -1.2 0.7 0.1
v -1.2 0.8 0.1
v -1.2 0.7 0.1
v -1.1 0.7 0.1
v -1.1 0.8 0.1
v -1.2 0.7 0
v -1.2 0.8 0
v -1.1 0.8 0
v -1.1 0.7 0
v -1.1 0.8 0.1
v -1.1 0.7 0.1
v -1 0.7 0.1
v -1 0.8 0.1
v -1.1 0.7 0
v -1.1 0.8 0
v -1 0.8 0
v -1 0.7 0
v -1 0.8 0.1
v -1 0.7 0.1
v -0.9 0.7 0.1
v -0.9 0.8 0.1
v -1 0.7 0
v -1 0.8 0
v -0.9 0.8 0
v -0.9 0.7 0
v -0.9 0.8 0.1
v -0.9 0.7 0.1
v -0.8 0.7 0.1
v -0.8 0.8 0.1
v -0.9 0.7 0
v -0.9 0.8 0
v -0.8 0.8 0
v -0.8 0.7 0
v -0.8 0.8 0.1
v -0.8 0.7 0.1
v -0.7 0.7 0.1
v -0.7 0.8 0.1
v -0.8 0.7 0
v -0.8 0.8 0
v -0.7 0.8 0
v -0.7 0.7 0
v -0.7 0.8 0.1
v -0.7 0.7 0.1
v -0.6 0.7 0.1
v -0.6 0.8 0.1
v -0.7 0.7 0
v -0.7 0.8 0
v -0.6 0.8 0
v -0.6 0.7 0
v -0.6 0.8 0.1
v -0.6 0.7 0.1
v -0.5 0.7 0.1
v -0.5 0.8 0.1
v -0.6 0.7 0
v -0.6 0.8 0
v -0.5 0.8 0
v -0.5 0.7 0
v -0.5 0.8 0.1
v -0.5 0.7 0.1
v -0.4 0.7 0.1
v -0.4 0.8 0.1
v -0.5 0.7 0
v -0.5 0.8 0
v -0.4 0.8 0
v -0.4 0.7 0
v -0.4 0.8 0.1
v -0.4 0.7 0.1
v -0.3 0.7 0.1
v -0.3 0.8 0.1
v -0.4 0.7 0
v -0.4 0.8 0
v -0.3 0.8 0
v -0.3 0.7 0
v -0.3 0.8 0.1
v -0.3 0.7 0.1
v -0.2 0.7 0.1
v -0.2 0.8 0.1
v -0.3 0.7 0
v -0.3 0.8 0
v -0.2 0.8 0
v -0.2 0.7 0
v -0.2 0.8 0.1
v -0.2 0.7 0.1
v -0.1 0.7 0.1
v -0.1 0.8 0.1
v -0.2 0.7 0
v -0.2 0.8 0
v -0.1 0.8 0
v -0.1 0.7 0
v -0.1 0.8 0.1
v -0.1 0.7 0.1
v 0 0.7 0.1
v 0 0.8 0.1
v -0.1 0.7 0
v -0.1 0.8 0
v 0 0.8 0
v 0 0.7 0
v 0 0.8 0.1
v 0 0.7 0.1
v 0.1 0.7 0.1
v 0.1 0.8 0.1
v 0 0.7 0
v 0 0.8 0
v 0.1 0.8 0
v 0.1 0.7 0
v 0.1 0.8 0.1
v 0.1 0.7 0.1
v 0.2 0.7 0.1
v 0.2 0.8 0.1
v 0.1 0.7 0
v 0.1 0.8 0
v 0.2 0.8 0
v 0.2 0.7 0
v 0.2 0.8 0.1
v 0.2 0.7 0.1
v 0.3 0.7 0.1
v 0.3 0.8 0.1
v 0.2 0.7 0
v 0.2 0.8 0
v 0.3 0.8 0
v 0.3 0.7 0
v 0.3 0.8 0.1
v 0.3 0.7 0.1
v 0.4 0.7 0.1
v 0.4 0.8 0.1
v 0.3 0.7 0
v 0.3 0.8 0
v 0.4 0.8 0
v 0.4 0.7 0
v 0.4 0.8 0.1
v 0.4 0.7 0.1
v 0.5 0.7 0.1
v 0.5 0.8 0.1
v 0.4 0.7 0
v 0.4 0.8 0
v 0.5 0.8 0
v 0.5 0.7 0
v 0.5 0.8 0.1
v 0.5 0.7 0.1
v 0.6 0.7 0.1
v 0.6 0.8 0.1
v 0.5 0.7 0
v 0.5 0.8 0
v 0.6 0.8 0
v 0.6 0.7 0
v 0.6 0.8 0.1
v 0.6 0.7 0.1
v 0.7 0.7 0.1
v 0.7 0.8 0.1
v 0.6 0.7 0
v 0.6 0.8 0
v 0.7 0.8 0
v 0.7 0.7 0
v 0.7 0.8 0.1
v 0.7 0.7 0.1
v 0.8 0.7 0.1
v 0.8 0.8 0.1
v 0.7 0.7 0
v 0.7 0.8 0
v 0.8 0.8 0
v 0.8 0.7 0
v 0.8 0.8 0.1
v 0.8 0.7 0.1
v 0.9 0.7 0.1
v 0.9 0.8 0.1
v 0.8 0.7 0
v 0.8 0.8 0
v 0.9 0.8 0
v 0.9 0.7 0
v 0.9 0.8 0.1
v 0.9 0.7 0.1
v 1 0.7 0.1
v 1 0.8 0.1
v 0.9 0.7 0
v 0.9 0.8 0
v 1 0.8 0
v 1 0.7 0
v 1 0.8 0.1
v 1 0.7 0.1
v 1.1 0.7 0.1
v 1.1 0.8 0.1
v 1 0.7 0
v 1 0.8 0
v 1.1 0.8 0
v 1.1 0.7 0
v 1.2 0.7 0.1
v 1.2 0.7 0
v 1.2 0.8 0
v 1.2 0.8 0.1
v 1.1 0.8 0.1
v 1.1 0.7 0.1
v 1.2 0.7 0.1
v 1.2 0.8 0.1
v 1.1 0.7 0
v 1.1 0.8 0
v 1.2 0.8 0
v 1.2 0.7 0
v -1.2 0.7 0.1
v -1.2 0.7 0
v -1.2 0.6 0
v -1.2 0.6 0.1
v -1.2 0.7 0.1
v -1.2 0.6 0.1
v -1.1 0.6 0.1
v -1.1 0.7 0.1
v -1.2 0.6 0
v -1.2 0.7 0
v -1.1 0.7 0
v -1.1 0.6 0
v -1.1 0.7 0.1
v -1.1 0.6 0.1
v -1 0.6 0.1
v -1 0.7 0.1
v -1.1 0.6 0
v -1.1 0.7 0
v -1 0.7 0
v -1 0.6 0
v -1 0.7 0.1
v -1 0.6 0.1
v -0.9 0.6 0.1
v -0.9 0.7 0.1
v -1 0.6 0
v -1 0.7 0
v -0.9 0.7 0
v -0.9 0.6 0
v -0.9 0.7 0.1
v -0.9 0.6 0.1
v -0.8 0.6 0.1
v -0.8 0.7 0.1
v -0.9 0.6 0
v -0.9 0.7 0
v -0.8 0.7 0
v -0.8 0.6 0
v -0.8 0.7 0.1
v -0.8 0.6 0.1
v -0.7 0.6 0.1
v -0.7 0.7 0.1
v -0.8 0.6 0
v -0.8 0.7 0
v -0.7 0.7 0
v -0.7 0.6 0
v -0.7 0.7 0.1
v -0.7 0.6 0.1
v -0.6 0.6 0.1
v -0.6 0.7 0.1
v -0.7 0.6 0
v -0.7 0.7 0
v -0.6 0.7 0
v -0.6 0.6 0
v -0.6 0.7 0.1
v -0.6 0.6 0.1
v -0.5 0.6 0.1
v -0.5 0.7 0.1
v -0.6 0.6 0
v -0.6 0.7 0
v -0.5 0.7 0
v -0.5 0.6 0
v -0.5 0.7 0.1
v -0.5 0.6 0.1
v -0.4 0.6 0.1
v -0.4 0.7 0.1
v -0.5 0.6 0
v -0.5 0.7 0
v -0.4 0.7 0
v -0.4 0.6 0
v -0.4 0.7 0.1
v -0.4 0.6 0.1
v -0.3 0.6 0.1
v -0.3 0.7 0.1
v -0.4 0.6 0
v -0.4 0.7 0
v -0.3 0.7 0
v -0.3 0.6 0
v -0.3 0.7 0.1
v -0.3 0.6 0.1
v -0.2 0.6 0.1
v -0.2 0.7 0.1
v -0.3 0.6 0
v -0.3 0.7 0
v -0.2 0.7 0
v -0.2 0.6 0
v -0.2 0.7 0.1
v -0.2 0.6 0.1
v -0.1 0.6 0.1
v -0.1 0.7 0.1
v -0.2 0.6 0
v -0.2 0.7 0
v -0.1 0.7 0
v -0.1 0.6 0
v -0.1 0.7 0.1
v -0.1 0.6 0.1
v 0 0.6 0.1
v 0 0.7 0.1
v -0.1 0.6 0
v -0.1 0.7 0
v 0 0.7 0
v 0 0.6 0
v 0 0.7 0.1
v 0 0.6 0.1
v 0.1 0.6 0.1
v 0.1 0.7 0.1
v 0 0.6 0
v 0 0.7 0
v 0.1 0.7 0
v 0.1 0.6 0
v 0.1 0.7 0.1
v 0.1 0.6 0.1
v 0.2 0.6 0.1
v 0.2 0.7 0.1
v 0.1 0.6 0
v 0.1 0.7 0
v 0.2 0.7 0
v 0.2 0.6 0
v 0.2 0.7 0.1
v 0.2 0.6 0.1
v 0.3 0.6 0.1
v 0.3 0.7 0.1
v 0.2 0.6 0
v 0.2 0.7 0
v 0.3 0.7 0
v 0.3 0.6 0
v 0.3 0.7 0.1
v 0.3 0.6 0.1
v 0.4 0.6 0.1
v 0.4 0.7 0.1
v 0.3 0.6 0
v 0.3 0.7 0
v 0.4 0.7 0
v 0.4 0.6 0
v 0.4 0.7 0.1
v 0.4 0.6 0.1
v 0.5 0.6 0.1
v 0.5 0.7 0.1
v 0.4 0.6 0
v 0.4 0.7 0
v 0.5 0.7 0
v 0.5 0.6 0
v 0.5 0.7 0.1
v 0.5 0.6 0.1
v 0.6 0.6 0.1
v 0.6 0.7 0.1
v 0.5 0.6 0
v 0.5 0.7 0
v 0.6 0.7 0
v 0.6 0.6 0
v 0.6 0.7 0.1
v 0.6 0.6 0.1
v 0.7 0.6 0.1
v 0.7 0.7 0.1
v 0.6 0.6 0
v 0.6 0.7 0
v 0.7 0.7 0
v 0.7 0.6 0
v 0.7 0.7 0.1
v 0.7 0.6 0.1
v 0.8 0.6 0.1
v 0.8 0.7 0.1
v 0.7 0.6 0
v 0.7 0.7 0
v 0.8 0.7 0
v 0.8 0.6 0
v 0.8 0.7 0.1
v 0.8 0.6 0.1
v 0.9 0.6 0.1
v 0.9 0.7 0.1
v 0.8 0.6 0
v 0.8 0.7 0
v 0.9 0.7 0
v 0.9 0.6 0
v 0.9 0.7 0.1
v 0.9 0.6 0.1
v 1 0.6 0.1
v 1 0.7 0.1
v 0.9 0.6 0
v 0.9 0.7 0
v 1 0.7 0
v 1 0.6 0
v 1 0.7 0.1
v 1 0.6 0.1
v 1.1 0.6 0.1
v 1.1 0.7 0.1
v 1 0.6 0
v 1 0.7 0
v 1.1 0.7 0
v 1.1 0.6 0
v 1.2 0.6 0.1
v 1.2 0.6 0
v 1.2 0.7 0
v 1.2 0.7 0.1
v 1.1 0.7 0.1
v 1.1 0.6 0.1
v 1.2 0.6 0.1
v 1.2 0.7 0.1
v 1.1 0.6 0
v 1.1 0.7 0
v 1.2 0.7 0
v 1.2 0.6 0
v -1.2 0.6 0.1
v -1.2 0.6 0
v -1.2 0.5 0
v -1.2 0.5 0.1
v -1.2 0.6 0.1
v -1.2 0.5 0.1
v -1.1 0.5 0.1
v -1.1 0.6 0.1
v -1.2 0.5 0
v -1.2 0.6 0
v -1.1 0.6 0
v -1.1 0.5 0
v -1.1 0.6 0.1
v -1.1 0.5 0.1
v -1 0.5 0.1
v -1 0.6 0.1
v -1.1 0.5 0
v -1.1 0.6 0
v -1 0.6 0
v -1 0.5 0
v -1 0.6 0.1
v -1 0.5 0.1
v -0.9 0.5 0.1
v -0.9 0.6 0.1
v -1 0.5 0
v -1 0.6 0
v -0.9 0.6 0
v -0.9 0.5 0
v -0.9 0.6 0.1
v -0.9 0.5 0.1
v -0.8 0.5 0.1
v -0.8 0.6 0.1
v -0.9 0.5 0
v -0.9 0.6 0
v -0.8 0.6 0
v -0.8 0.5 0
v -0.8 0.6 0.1
v -0.8 0.5 0.1
v -0.7 0.5 0.1
v -0.7 0.6 0.1
v -0.8 0.5 0
v -0.8 0.6 0
v -0.7 0.6 0
v -0.7 0.5 0
v -0.7 0.6 0.1
v -0.7 0.5 0.1
v -0.6 0.5 0.1
v -0.6 0.6 0.1
v -0.7 0.5 0
v -0.7 0.6 0
v -0.6 0.6 0
v -0.6 0.5 0
v -0.6 0.6 0.1
v -0.6 0.5 0.1
v -0.5 0.5 0.1
v -0.5 0.6 0.1
v -0.6 0.5 0
v -0.6 0.6 0
v -0.5 0.6 0
v -0.5 0.5 0
v -0.5 0.6 0.1
v -0.5 0.5 0.1
v -0.4 0.5 0.1
v -0.4 0.6 0.1
v -0.5 0.5 0
v -0.5 0.6 0
v -0.4 0.6 0
v -0.4 0.5 0
v -0.4 0.6 0.1
v -0.4 0.5 0.1
v -0.3 0.5 0.1
v -0.3 0.6 0.1
v -0.4 0.5 0
v -0.4 0.6 0
v -0.3 0.6 0
v -0.3 0.5 0
v -0.3 0.6 0.1
v -0.3 0.5 0.1
v -0.2 0.5 0.1
v -0.2 0.6 0.1
v -0.3 0.5 0
v -0.3 0.6 0
v -0.2 0.6 0
v -0.2 0.5 0
v -0.2 0.6 0.1
v -0.2 0.5 0.1
v -0.1 0.5 0.1
v -0.1 0.6 0.1
v -0.2 0.5 0
v -0.2 0.6 0
v -0.1 0.6 0
v -0.1 0.5 0
v -0.1 0.6 0.1
v -0.1 0.5 0.1
v 0 0.5 0.1
v 0 0.6 0.1
v -0.1 0.5 0
v -0.1 0.6 0
v 0 0.6 0
v 0 0.5 0
v 0 0.6 0.1
v 0 0.5 0.1
v 0.1 0.5 0.1
v 0.1 0.6 0.1
v 0 0.5 0
v 0 0.6 0
v 0.1 0.6 0
v 0.1 0.5 0
v 0.1 0.6 0.1
v 0.1 0.5 0.1
v 0.2 0.5 0.1
v 0.2 0.6 0.1
v 0.1 0.5 0
v 0.1 0.6 0
v 0.2 0.6 0
v 0.2 0.5 0
v 0.2 0.6 0.1
v 0.2 0.5 0.1
v 0.3 0.5 0.1
v 0.3 0.6 0.1
v 0.2 0.5 0
v 0.2 0.6 0
v 0.3 0.6 0
v 0.3 0.5 0
v 0.3 0.6 0.1
v 0.3 0.5 0.1
v 0.4 0.5 0.1
v 0.4 0.6 0.1
v 0.3 0.5 0
v 0.3 0.6 0
v 0.4 0.6 0
v 0.4 0.5 0
v 0.4 0.6 0.1
v 0.4 0.5 0.1
v 0.5 0.5 0.1
v 0.5 0.6 0.1
v 0.4 0.5 0
v 0.4 0.6 0
v 0.5 0.6 0
v 0.5 0.5 0
v 0.5 0.6 0.1
v 0.5 0.5 0.1
v 0.6 0.5 0.1
v 0.6 0.6 0.1
v 0.5 0.5 0
v 0.5 0.6 0
v 0.6 0.6 0
v 0.6 0.5 0
v 0.6 0.6 0.1
v 0.6 0.5 0.1
v 0.7 0.5 0.1
v 0.7 0.6 0.1
v 0.6 0.5 0
v 0.6 0.6 0
v 0.7 0.6 0
v 0.7 0.5 0
v 0.7 0.6 0.1
v 0.7 0.5 0.1
v 0.8 0.5 0.1
v 0.8 0.6 0.1
v 0.7 0.5 0
v 0.7 0.6 0
v 0.8 0.6 0
v 0.8 0.5 0
v 0.8 0.6 0.1
v 0.8 0.5 0.1
v 0.9 0.5 0.1
v 0.9 0.6 0.1
v 0.8 0.5 0
v 0.8 0.6 0
v 0.9 0.6 0
v 0.9 0.5 0
v 0.9 0.6 0.1
v 0.9 0.5 0.1
v 1 0.5 0.1
v 1 0.6 0.1
v 0.9 0.5 0
v 0.9 0.6 0
v 1 0.6 0
v 1 0.5 0
v 1 0.6 0.1
v 1 0.5 0.1
v 1.1 0.5 0.1
v 1.1 0.6 0.1
v 1 0.5 0
v 1 0.6 0
v 1.1 0.6 0
v 1.1 0.5 0
v 1.2 0.5 0.1
v 1.2 0.5 0
v 1.2 0.6 0
v 1.2 0.6 0.1
v 1.1 0.6 0.1
v 1.1 0.5 0.1
v 1.2 0.5 0.1
v 1.2 0.6 0.1
v 1.1 0.5 0
v 1.1 0.6 0
v 1.2 0.6 0
v 1.2 0.5 0
v -1.2 0.5 0.1
v -1.2 0.5 0
v -1.2 0.4 0
v -1.2 0.4 0.1
v -1.2 0.5 0.1
v -1.2 0.4 0.1
v -1.1 0.4 0.1
v -1.1 0.5 0.1
v -1.2 0.4 0
v -1.2 0.5 0
v -1.1 0.5 0
v -1.1 0.4 0
v -1.1 0.5 0.1
v -1.1 0.4 0.1
v -1 0.4 0.1
v -1 0.5 0.1
v -1.1 0.4 0
v -1.1 0.5 0
v -1 0.5 0
v -1 0.4 0
v -1 0.5 0.1
v -1 0.4 0.1
v -0.9 0.4 0.1
v -0.9 0.5 0.1
v -1 0.4 0
v -1 0.5 0
v -0.9 0.5 0
v -0.9 0.4 0
v -0.9 0.5 0.1
v -0.9 0.4 0.1
v -0.8 0.4 0.1
v -0.8 0.5 0.1
v -0.9 0.4 0
v -0.9 0.5 0
v -0.8 0.5 0
v -0.8 0.4 0
v -0.8 0.5 0.1
v -0.8 0.4 0.1
v -0.7 0.4 0.1
v -0.7 0.5 0.1
v -0.8 0.4 0
v -0.8 0.5 0
v -0.7 0.5 0
v -0.7 0.4 0
v -0.7 0.5 0.1
v -0.7 0.4 0.1
v -0.6 0.4 0.1
v -0.6 0.5 0.1
v -0.7 0.4 0
v -0.7 0.5 0
v -0.6 0.5 0
v -0.6 0.4 0
v -0.6 0.5 0.1
v -0.6 0.4 0.1
v -0.5 0.4 0.1
v -0.5 0.5 0.1
v -0.6 0.4 0
v -0.6 0.5 0
v -0.5 0.5 0
v -0.5 0.4 0
v -0.5 0.5 0.1
v -0.5 0.4 0.1
v -0.4 0.4 0.1
v -0.4 0.5 0.1
v -0.5 0.4 0
v -0.5 0.5 0
v -0.4 0.5 0
v -0.4 0.4 0
v -0.4 0.5 0.1
v -0.4 0.4 0.1
v -0.3 0.4 0.1
v -0.3 0.5 0.1
v -0.4 0.4 0
v -0.4 0.5 0
v -0.3 0.5 0
v -0.3 0.4 0
v -0.3 0.5 0.1
v -0.3 0.4 0.1
v -0.2 0.4 0.1
v -0.2 0.5 0.1
v -0.3 0.4 0
v -0.3 0.5 0
v -0.2 0.5 0
v -0.2 0.4 0
v -0.2 0.5 0.1
v -0.2 0.4 0.1
v -0.1 0.4 0.1
v -0.1 0.5 0.1
v -0.2 0.4 0
v -0.2 0.5 0
v -0.1 0.5 0
v -0.1 0.4 0
v -0.1 0.5 0.1
v -0.1 0.4 0.1
v 0 0.4 0.1
v 0 0.5 0.1
v -0.1 0.4 0
v -0.1 0.5 0
v 0 0.5 0
v 0 0.4 0
v 0 0.5 0.1
v 0 0.4 0.1
v 0.1 0.4 0.1
v 0.1 0.5 0.1
v 0 0.4 0
v 0 0.5 0
v 0.1 0.5 0
v 0.1 0.4 0
v 0.1 0.5 0.1
v 0.1 0.4 0.1
v 0.2 0.4 0.1
v 0.2 0.5 0.1
v 0.1 0.4 0
v 0.1 0.5 0
v 0.2 0.5 0
v 0.2 0.4 0
v 0.2 0.5 0.1
v 0.2 0.4 0.1
v 0.3 0.4 0.1
v 0.3 0.5 0.1
v 0.2 0.4 0
v 0.2 0.5 0
v 0.3 0.5 0
v 0.3 0.4 0
v 0.3 0.5 0.1
v 0.3 0.4 0.1
v 0.4 0.4 0.1
v 0.4 0.5 0.1
v 0.3 0.4 0
v 0.3 0.5 0
v 0.4 0.5 0
v 0.4 0.4 0
v 0.4 0.5 0.1
v 0.4 0.4 0.1
v 0.5 0.4 0.1
v 0.5 0.5 0.1
v 0.4 0.4 0
v 0.4 0.5 0
v 0.5 0.5 0
v 0.5 0.4 0
v 0.5 0.5 0.1
v 0.5 0.4 0.1
v 0.6 0.4 0.1
v 0.6 0.5 0.1
v 0.5 0.4 0
v 0.5 0.5 0
v 0.6 0.5 0
v 0.6 0.4 0
v 0.6 0.5 0.1
v 0.6 0.4 0.1
v 0.7 0.4 0.1
v 0.7 0.5 0.1
v 0.6 0.4 0
v 0.6 0.5 0
v 0.7 0.5 0
v 0.7 0.4 0
v 0.7 0.5 0.1
v 0.7 0.4 0.1
v 0.8 0.4 0.1
v 0.8 0.5 0.1
v 0.7 0.4 0
v 0.7 0.5 0
v 0.8 0.5 0
v 0.8 0.4 0
v 0.8 0.5 0.1
v 0.8 0.4 0.1
v 0.9 0.4 0.1
v 0.9 0.5 0.1
v 0.8 0.4 0
v 0.8 0.5 0
v 0.9 0.5 0
v 0.9 0.4 0
v 0.9 0.5 0.1
v 0.9 0.4 0.1
v 1 0.4 0.1
v 1 0.5 0.1
v 0.9 0.4 0
v 0.9 0.5 0
v 1 0.5 0
v 1 0.4 0
v 1 0.5 0.1
v 1 0.4 0.1
v 1.1 0.4 0.1
v 1.1 0.5 0.1
v 1 0.4 0
v 1 0.5 0
v 1.1 0.5 0
v 1.1 0.4 0
v 1.2 0.4 0.1
v 1.2 0.4 0
v 1.2 0.5 0
v 1.2 0.5 0.1
v 1.1 0.5 0.1
v 1.1 0.4 0.1
v 1.2 0.4 0.1
v 1.2 0.5 0.1
v 1.1 0.4 0
v 1.1 0.5 0
v 1.2 0.5 0
v 1.2 0.4 0
v -1.2 0.4 0.1
v -1.2 0.4 0
v -1.2 0.3 0
v -1.2 0.3 0.1
v -1.2 0.4 0.1
v -1.2 0.3 0.1
v -1.1 0.3 0.1
v -1.1 0.4 0.1
v -1.2 0.3 0
v -1.2 0.4 0
v -1.1 0.4 0
v -1.1 0.3 0
v -1.1 0.4 0.1
v -1.1 0.3 0.1
v -1 0.3 0.1
v -1 0.4 0.1
v -1.1 0.3 0
v -1.1 0.4 0
v -1 0.4 0
v -1 0.3 0
v -1 0.4 0.1
v -1 0.3 0.1
v -0.9 0.3 0.1
v -0.9 0.4 0.1
v -1 0.3 0
v -1 0.4 0
v -0.9 0.4 0
v -0.9 0.3 0
v -0.9 0.4 0.1
v -0.9 0.3 0.1
v -0.8 0.3 0.1
v -0.8 0.4 0.1
v -0.9 0.3 0
v -0.9 0.4 0
v -0.8 0.4 0
v -0.8 0.3 0
v -0.8 0.4 0.1
v -0.8 0.3 0.1
v -0.7 0.3 0.1
v -0.7 0.4 0.1
v -0.8 0.3 0
v -0.8 0.4 0
v -0.7 0.4 0
v -0.7 0.3 0
v -0.7 0.4 0.1
v -0.7 0.3 0.1
v -0.6 0.3 0.1
v -0.6 0.4 0.1
v -0.7 0.3 0
v -0.7 0.4 0
v -0.6 0.4 0
v -0.6 0.3 0
v -0.6 0.4 0.1
v -0.6 0.3 0.1
v -0.5 0.3 0.1
v -0.5 0.4 0.1
v -0.6 0.3 0
v -0.6 0.4 0
v -0.5 0.4 0
v -0.5 0.3 0
v -0.5 0.4 0.1
v -0.5 0.3 0.1
v -0.4 0.3 0.1
v -0.4 0.4 0.1
v -0.5 0.3 0
v -0.5 0.4 0
v -0.4 0.4 0
v -0.4 0.3 0
v -0.4 0.4 0.1
v -0.4 0.3 0.1
v -0.3 0.3 0.1
v -0.3 0.4 0.1
v -0.4 0.3 0
v -0.4 0.4 0
v -0.3 0.4 0
v -0.3 0.3 0
v -0.3 0.4 0.1
v -0.3 0.3 0.1
v -0.2 0.3 0.1
v -0.2 0.4 0.1
v -0.3 0.3 0
v -0.3 0.4 0
v -0.2 0.4 0
v -0.2 0.3 0
v -0.2 0.4 0.1
v -0.2 0.3 0.1
v -0.1 0.3 0.1
v -0.1 0.4 0.1
v -0.2 0.3 0
v -0.2 0.4 0
v -0.1 0.4 0
v -0.1 0.3 0
v -0.1 0.4 0.1
v -0.1 0.3 0.1
v 0 0.3 0.1
v 0 0.4 0.1
v -0.1 0.3 0
v -0.1 0.4 0
v 0 0.4 0
v 0 0.3 0
v 0 0.4 0.1
v 0 0.3 0.1
v 0.1 0.3 0.1
v 0.1 0.4 0.1
v 0 0.3 0
v 0 0.4 0
v 0.1 0.4 0
v 0.1 0.3 0
v 0.1 0.4 0.1
v 0.1 0.3 0.1
v 0.2 0.3 0.1
v 0.2 0.4 0.1
v 0.1 0.3 0
v 0.1 0.4 0
v 0.2 0.4 0
v 0.2 0.3 0
v 0.2 0.4 0.1
v 0.2 0.3 0.1
v 0.3 0.3 0.1
v 0.3 0.4 0.1
v 0.2 0.3 0
v 0.2 0.4 0
v 0.3 0.4 0
v 0.3 0.3 0
v 0.3 0.4 0.1
v 0.3 0.3 0.1
v 0.4 0.3 0.1
v 0.4 0.4 0.1
v 0.3 0.3 0
v 0.3 0.4 0
v 0.4 0.4 0
v 0.4 0.3 0
v 0.4 0.4 0.1
v 0.4 0.3 0.1
v 0.5 0.3 0.1
v 0.5 0.4 0.1
v 0.4 0.3 0
v 0.4 0.4 0
v 0.5 0.4 0
v 0.5 0.3 0
v 0.5 0.4 0.1
v 0.5 0.3 0.1
v 0.6 0.3 0.1
v 0.6 0.4 0.1
v 0.5 0.3 0
v 0.5 0.4 0
v 0.6 0.4 0
v 0.6 0.3 0
v 0.6 0.4 0.1
v 0.6 0.3 0.1
v 0.7 0.3 0.1
v 0.7 0.4 0.1
v 0.6 0.3 0
v 0.6 0.4 0
v 0.7 0.4 0
v 0.7 0.3 0
v 0.7 0.4 0.1
v 0.7 0.3 0.1
v 0.8 0.3 0.1
v 0.8 0.4 0.1
v 0.7 0.3 0
v 0.7 0.4 0
v 0.8 0.4 0
v 0.8 0.3 0
v 0.8 0.4 0.1
v 0.8 0.3 0.1
v 0.9 0.3 0.1
v 0.9 0.4 0.1
v 0.8 0.3 0
v 0.8 0.4 0
v 0.9 0.4 0
v 0.9 0.3 0
v 0.9 0.4 0.1
v 0.9 0.3 0.1
v 1 0.3 0.1
v 1 0.4 0.1
v 0.9 0.3 0
v 0.9 0.4 0
v 1 0.4 0
v 1 0.3 0
v 1 0.4 0.1
v 1 0.3 0.1
v 1.1 0.3 0.1
v 1.1 0.4 0.1
v 1 0.3 0
v 1 0.4 0
v 1.1 0.4 0
v 1.1 0.3 0
v 1.2 0.3 0.1
v 1.2 0.3 0
v 1.2 0.4 0
v 1.2 0.4 0.1
v 1.1 0.4 0.1
v 1.1 0.3 0.1
v 1.2 0.3 0.1
v 1.2 0.4 0.1
v 1.1 0.3 0
v 1.1 0.4 0
v 1.2 0.4 0
v 1.2 0.3 0
v -1.2 0.3 0.1
v -1.2 0.3 0
v -1.2 0.2 0
v -1.2 0.2 0.1
v -1.2 0.3 0.1
v -1.2 0.2 0.1
v -1.1 0.2 0.1
v -1.1 0.3 0.1
v -1.2 0.2 0
v -1.2 0.3 0
v -1.1 0.3 0
v -1.1 0.2 0
v -1.1 0.3 0.1
v -1.1 0.2 0.1
v -1 0.2 0.1
v -1 0.3 0.1
v -1.1 0.2 0
v -1.1 0.3 0
v -1 0.3 0
v -1 0.2 0
v -1 0.3 0.1
v -1 0.2 0.1
v -0.9 0.2 0.1
v -0.9 0.3 0.1
v -1 0.2 0
v -1 0.3 0
v -0.9 0.3 0
v -0.9 0.2 0
v -0.9 0.3 0.1
v -0.9 0.2 0.1
v -0.8 0.2 0.1
v -0.8 0.3 0.1
v -0.9 0.2 0
v -0.9 0.3 0
v -0.8 0.3 0
v -0.8 0.2 0
v -0.8 0.3 0.1
v -0.8 0.2 0.1
v -0.7 0.2 0.1
v -0.7 0.3 0.1
v -0.8 0.2 0
v -0.8 0.3 0
v -0.7 0.3 0
v -0.7 0.2 0
v -0.7 0.3 0.1
v -0.7 0.2 0.1
v -0.6 0.2 0.1
v -0.6 0.3 0.1
v -0.7 0.2 0
v -0.7 0.3 0
v -0.6 0.3 0
v -0.6 0.2 0
v -0.6 0.3 0.1
v -0.6 0.2 0.1
v -0.5 0.2 0.1
v -0.5 0.3 0.1
v -0.6 0.2 0
v -0.6 0.3 0
v -0.5 0.3 0
v -0.5 0.2 0
v -0.5 0.3 0.1
v -0.5 0.2 0.1
v -0.4 0.2 0.1
v -0.4 0.3 0.1
v -0.5 0.2 0
v -0.5 0.3 0
v -0.4 0.3 0
v -0.4 0.2 0
v -0.4 0.3 0.1
v -0.4 0.2 0.1
v -0.3 0.2 0.1
v -0.3 0.3 0.1
v -0.4 0.2 0
v -0.4 0.3 0
v -0.3 0.3 0
v -0.3 0.2 0
v -0.3 0.3 0.1
v -0.3 0.2 0.1
v -0.2 0.2 0.1
v -0.2 0.3 0.1
v -0.3 0.2 0
v -0.3 0.3 0
v -0.2 0.3 0
v -0.2 0.2 0
v -0.2 0.3 0.1
v -0.2 0.2 0.1
v -0.1 0.2 0.1
v -0.1 0.3 0.1
v -0.2 0.2 0
v -0.2 0.3 0
v -0.1 0.3 0
v -0.1 0.2 0
v -0.1 0.3 0.1
v -0.1 0.2 0.1
v 0 0.2 0.1
v 0 0.3 0.1
v -0.1 0.2 0
v -0.1 0.3 0
v 0 0.3 0
v 0 0.2 0
v 0 0.3 0.1
v 0 0.2 0.1
v 0.1 0.2 0.1
v 0.1 0.3 0.1
v 0 0.2 0
v 0 0.3 0
v 0.1 0.3 0
v 0.1 0.2 0
v 0.1 0.3 0.1
v 0.1 0.2 0.1
v 0.2 0.2 0.1
v 0.2 0.3 0.1
v 0.1 0.2 0
v 0.1 0.3 0
v 0.2 0.3 0
v 0.2 0.2 0
v 0.2 0.3 0.1
v 0.2 0.2 0.1
v 0.3 0.2 0.1
v 0.3 0.3 0.1
v 0.2 0.2 0
v 0.2 0.3 0
v 0.3 0.3 0
v 0.3 0.2 0
v 0.3 0.3 0.1
v 0.3 0.2 0.1
v 0.4 0.2 0.1
v 0.4 0.3 0.1
v 0.3 0.2 0
v 0.3 0.3 0
v 0.4 0.3 0
v 0.4 0.2 0
v 0.4 0.3 0.1
v 0.4 0.2 0.1
v 0.5 0.2 0.1
v 0.5 0.3 0.1
v 0.4 0.2 0
v 0.4 0.3 0
v 0.5 0.3 0
v 0.5 0.2 0
v 0.5 0.3 0.1
v 0.5 0.2 0.1
v 0.6 0.2 0.1
v 0.6 0.3 0.1
v 0.5 0.2 0
v 0.5 0.3 0
v 0.6 0.3 0
v 0.6 0.2 0
v 0.6 0.3 0.1
v 0.6 0.2 0.1
v 0.7 0.2 0.1
v 0.7 0.3 0.1
v 0.6 0.2 0
v 0.6 0.3 0
v 0.7 0.3 0
v 0.7 0.2 0
v 0.7 0.3 0.1
v 0.7 0.2 0.1
v 0.8 0.2 0.1
v 0.8 0.3 0.1
v 0.7 0.2 0
v 0.7 0.3 0
v 0.8 0.3 0
v 0.8 0.2 0
v 0.8 0.3 0.1
v 0.8 0.2 0.1
v 0.9 0.2 0.1
v 0.9 0.3 0.1
v 0.8 0.2 0
v 0.8 0.3 0
v 0.9 0.3 0
v 0.9 0.2 0
v 0.9 0.3 0.1
v 0.9 0.2 0.1
v 1 0.2 0.1
v 1 0.3 0.1
v 0.9 0.2 0
v 0.9 0.3 0
v 1 0.3 0
v 1 0.2 0
v 1 0.3 0.1
v 1 0.2 0.1
v 1.1 0.2 0.1
v 1.1 0.3 0.1
v 1 0.2 0
v 1 0.3 0
v 1.1 0.3 0
v 1.1 0.2 0
v 1.2 0.2 0.1
v 1.2 0.2 0
v 1.2 0.3 0
v 1.2 0.3 0.1
v 1.1 0.3 0.1
v 1.1 0.2 0.1
v 1.2 0.2 0.1
v 1.2 0.3 0.1
v 1.1 0.2 0
v 1.1 0.3 0
v 1.2 0.3 0
v 1.2 0.2 0
v -1.2 0.2 0.1
v -1.2 0.2 0
v -1.2 0.1 0
v -1.2 0.1 0.1
v -1.2 0.2 0.1
v -1.2 0.1 0.1
v -1.1 0.1 0.1
v -1.1 0.2 0.1
v -1.2 0.1 0
v -1.2 0.2 0
v -1.1 0.2 0
v -1.1 0.1 0
v -1.1 0.2 0.1
v -1.1 0.1 0.1
v -1 0.1 0.1
v -1 0.2 0.1
v -1.1 0.1 0
v -1.1 0.2 0
v -1 0.2 0
v -1 0.1 0
v -1 0.2 0.1
v -1 0.1 0.1
v -0.9 0.1 0.1
v -0.9 0.2 0.1
v -1 0.1 0
v -1 0.2 0
v -0.9 0.2 0
v -0.9 0.1 0
v -0.9 0.2 0.1
v -0.9 0.1 0.1
v -0.8 0.1 0.1
v -0.8 0.2 0.1
v -0.9 0.1 0
v -0.9 0.2 0
v -0.8 0.2 0
v -0.8 0.1 0
v -0.8 0.2 0.1
v -0.8 0.1 0.1
v -0.7 0.1 0.1
v -0.7 0.2 0.1
v -0.8 0.1 0
v -0.8 0.2 0
v -0.7 0.2 0
v -0.7 0.1 0
v -0.7 0.2 0.1
v -0.7 0.1 0.1
v -0.6 0.1 0.1
v -0.6 0.2 0.1
v -0.7 0.1 0
v -0.7 0.2 0
v -0.6 0.2 0
v -0.6 0.1 0
v -0.6 0.2 0.1
v -0.6 0.1 0.1
v -0.5 0.1 0.1
v -0.5 0.2 0.1
v -0.6 0.1 0
v -0.6 0.2 0
v -0.5 0.2 0
v -0.5 0.1 0
v -0.5 0.2 0.1
v -0.5 0.1 0.1
v -0.4 0.1 0.1
v -0.4 0.2 0.1
v -0.5 0.1 0
v -0.5 0.2 0
v -0.4 0.2 0
v -0.4 0.1 0
v -0.4 0.2 0.1
v -0.4 0.1 0.1
v -0.3 0.1 0.1
v -0.3 0.2 0.1
v -0.4 0.1 0
v -0.4 0.2 0
v -0.3 0.2 0
v -0.3 0.1 0
v -0.3 0.2 0.1
v -0.3 0.1 0.1
v -0.2 0.1 0.1
v -0.2 0.2 0.1
v -0.3 0.1 0
v -0.3 0.2 0
v -0.2 0.2 0
v -0.2 0.1 0
v -0.2 0.2 0.1
v -0.2 0.1 0.1
v -0.1 0.1 0.1
v -0.1 0.2 0.1
v -0.2 0.1 0
v -0.2 0.2 0
v -0.1 0.2 0
v -0.1 0.1 0
v -0.1 0.2 0.1
v -0.1 0.1 0.1
v 0 0.1 0.1
v 0 0.2 0.1
v -0.1 0.1 0
v -0.1 0.2 0
v 0 0.2 0
v 0 0.1 0
v 0 0.2 0.1
v 0 0.1 0.1
v 0.1 0.1 0.1
v 0.1 0.2 0.1
v 0 0.1 0
v 0 0.2 0
v 0.1 0.2 0
v 0.1 0.1 0
v 0.1 0.2 0.1
v 0.1 0.1 0.1
v 0.2 0.1 0.1
v 0.2 0.2 0.1
v 0.1 0.1 0
v 0.1 0.2 0
v 0.2 0.2 0
v 0.2 0.1 0
v 0.2 0.2 0.1
v 0.2 0.1 0.1
v 0.3 0.1 0.1
v 0.3 0.2 0.1
v 0.2 0.1 0
v 0.2 0.2 0
v 0.3 0.2 0
v 0.3 0.1 0
v 0.3 0.2 0.1
v 0.3 0.1 0.1
v 0.4 0.1 0.1
v 0.4 0.2 0.1
v 0.3 0.1 0
v 0.3 0.2 0
v 0.4 0.2 0
v 0.4 0.1 0
v 0.4 0.2 0.1
v 0.4 0.1 0.1
v 0.5 0.1 0.1
v 0.5 0.2 0.1
v 0.4 0.1 0
v 0.4 0.2 0
v 0.5 0.2 0
v 0.5 0.1 0
v 0.5 0.2 0.1
v 0.5 0.1 0.1
v 0.6 0.1 0.1
v 0.6 0.2 0.1
v 0.5 0.1 0
v 0.5 0.2 0
v 0.6 0.2 0
v 0.6 0.1 0
v 0.6 0.2 0.1
v 0.6 0.1 0.1
v 0.7 0.1 0.1
v 0.7 0.2 0.1
v 0.6 0.1 0
v 0.6 0.2 0
v 0.7 0.2 0
v 0.7 0.1 0
v 0.7 0.2 0.1
v 0.7 0.1 0.1
v 0.8 0.1 0.1
v 0.8 0.2 0.1
v 0.7 0.1 0
v 0.7 0.2 0
v 0.8 0.2 0
v 0.8 0.1 0
v 0.8 0.2 0.1
v 0.8 0.1 0.1
v 0.9 0.1 0.1
v 0.9 0.2 0.1
v 0.8 0.1 0
v 0.8 0.2 0
v 0.9 0.2 0
v 0.9 0.1 0
v 0.9 0.2 0.1
v 0.9 0.1 0.1
v 1 0.1 0.1
v 1 0.2 0.1
v 0.9 0.1 0
v 0.9 0.2 0
v 1 0.2 0
v 1 0.1 0
v 1 0.2 0.1
v 1 0.1 0.1
v 1.1 0.1 0.1
v 1.1 0.2 0.1
v 1 0.1 0
v 1 0.2 0
v 1.1 0.2 0
v 1.1 0.1 0
v 1.2 0.1 0.1
v 1.2 0.1 0
v 1.2 0.2 0
v 1.2 0.2 0.1
v 1.1 0.2 0.1
v 1.1 0.1 0.1
v 1.2 0.1 0.1
v 1.2 0.2 0.1
v 1.1 0.1 0
v 1.1 0.2 0
v 1.2 0.2 0
v 1.2 0.1 0
v -1.2 0.1 0.1
v -1.2 0.1 0
v -1.2 0 0
v -1.2 0 0.1
v -1.2 0.1 0.1
v -1.2 0 0.1
v -1.1 0 0.1
v -1.1 0.1 0.1
v -1.2 0 0
v -1.2 0.1 0
v -1.1 0.1 0
v -1.1 0 0
v -1.1 0.1 0.1
v -1.1 0 0.1
v -1 0 0.1
v -1 0.1 0.1
v -1.1 0 0
v -1.1 0.1 0
v -1 0.1 0
v -1 0 0
v -1 0.1 0.1
v -1 0 0.1
v -0.9 0 0.1
v -0.9 0.1 0.1
v -1 0 0
v -1 0.1 0
v -0.9 0.1 0
v -0.9 0 0
v -0.9 0.1 0.1
v -0.9 0 0.1
v -0.8 0 0.1
v -0.8 0.1 0.1
v -0.9 0 0
v -0.9 0.1 0
v -0.8 0.1 0
v -0.8 0 0
v -0.8 0.1 0.1
v -0.8 0 0.1
v -0.7 0 0.1
v -0.7 0.1 0.1
v -0.8 0 0
v -0.8 0.1 0
v -0.7 0.1 0
v -0.7 0 0
v -0.7 0.1 0.1
v -0.7 0 0.1
v -0.6 0 0.1
v -0.6 0.1 0.1
v -0.7 0 0
v -0.7 0.1 0
v -0.6 0.1 0
v -0.6 0 0
v -0.6 0.1 0.1
v -0.6 0 0.1
v -0.5 0 0.1
v -0.5 0.1 0.1
v -0.6 0 0
v -0.6 0.1 0
v -0.5 0.1 0
v -0.5 0 0
v -0.5 0.1 0.1
v -0.5 0 0.1
v -0.4 0 0.1
v -0.4 0.1 0.1
v -0.5 0 0
v -0.5 0.1 0
v -0.4 0.1 0
v -0.4 0 0
v -0.4 0.1 0.1
v -0.4 0 0.1
v -0.3 0 0.1
v -0.3 0.1 0.1
v -0.4 0 0
v -0.4 0.1 0
v -0.3 0.1 0
v -0.3 0 0
v -0.3 0.1 0.1
v -0.3 0 0.1
v -0.2 0 0.1
v -0.2 0.1 0.1
v -0.3 0 0
v -0.3 0.1 0
v -0.2 0.1 0
v -0.2 0 0
v -0.2 0.1 0.1
v -0.2 0 0.1
v -0.1 0 0.1
v -0.1 0.1 0.1
v -0.2 0 0
v -0.2 0.1 0
v -0.1 0.1 0
v -0.1 0 0
v -0.1 0.1 0.1
v -0.1 0 0.1
v 0 0 0.1
v 0 0.1 0.1
v -0.1 0 0
v -0.1 0.1 0
v 0 0.1 0
v 0 0 0
v 0 0.1 0.1
v 0 0 0.1
v 0.1 0 0.1
v 0.1 0.1 0.1
v 0 0 0
v 0 0.1 0
v 0.1 0.1 0
v 0.1 0 0
v 0.1 0.1 0.1
v 0.1 0 0.1
v 0.2 0 0.1
v 0.2 0.1 0.1
v 0.1 0 0
v 0.1 0.1 0
v 0.2 0.1 0
v 0.2 0 0
v 0.2 0.1 0.1
v 0.2 0 0.1
v 0.3 0 0.1
v 0.3 0.1 0.1
v 0.2 0 0
v 0.2 0.1 0
v 0.3 0.1 0
v 0.3 0 0
v 0.3 0.1 0.1
v 0.3 0 0.1
v 0.4 0 0.1
v 0.4 0.1 0.1
v 0.3 0 0
v 0.3 0.1 0
v 0.4 0.1 0
v 0.4 0 0
v 0.4 0.1 0.1
v 0.4 0 0.1
v 0.5 0 0.1
v 0.5 0.1 0.1
v 0.4 0 0
v 0.4 0.1 0
v 0.5 0.1 0
v 0.5 0 0
v 0.5 0.1 0.1
v 0.5 0 0.1
v 0.6 0 0.1
v 0.6 0.1 0.1
v 0.5 0 0
v 0.5 0.1 0
v 0.6 0.1 0
v 0.6 0 0
v 0.6 0.1 0.1
v 0.6 0 0.1
v 0.7 0 0.1
v 0.7 0.1 0.1
v 0.6 0 0
v 0.6 0.1 0
v 0.7 0.1 0
v 0.7 0 0
v 0.7 0.1 0.1
v 0.7 0 0.1
v 0.8 0 0.1
v 0.8 0.1 0.1
v 0.7 0 0
v 0.7 0.1 0
v 0.8 0.1 0
v 0.8 0 0
v 0.8 0.1 0.1
v 0.8 0 0.1
v 0.9 0 0.1
v 0.9 0.1 0.1
v 0.8 0 0
v 0.8 0.1 0
v 0.9 0.1 0
v 0.9 0 0
v 0.9 0.1 0.1
v 0.9 0 0.1
v 1 0 0.1
v 1 0.1 0.1
v 0.9 0 0
v 0.9 0.1 0
v 1 0.1 0
v 1 0 0
v 1 0.1 0.1
v 1 0 0.1
v 1.1 0 0.1
v 1.1 0.1 0.1
v 1 0 0
v 1 0.1 0
v 1.1 0.1 0
v 1.1 0 0
v 1.2 0 0.1
v 1.2 0 0
v 1.2 0.1 0
v 1.2 0.1 0.1
v 1.1 0.1 0.1
v 1.1 0 0.1
v 1.2 0 0.1
v 1.2 0.1 0.1
v 1.1 0 0
v 1.1 0.1 0
v 1.2 0.1 0
v 1.2 0 0
v -1.2 0 0.1
v -1.2 0 0
v -1.2 -0.1 0
v -1.2 -0.1 0.1
v -1.2 0 0.1
v -1.2 -0.1 0.1
v -1.1 -0.1 0.1
v -1.1 0 0.1
v -1.2 -0.1 0
v -1.2 0 0
v -1.1 0 0
v -1.1 -0.1 0
v -1.1 0 0.1
v -1.1 -0.1 0.1
v -1 -0.1 0.1
v -1 0 0.1
v -1.1 -0.1 0
v -1.1 0 0
v -1 0 0
v -1 -0.1 0
v -1 0 0.1
v -1 -0.1 0.1
v -0.9 -0.1 0.1
v -0.9 0 0.1
v -1 -0.1 0
v -1 0 0
v -0.9 0 0
v -0.9 -0.1 0
v -0.9 0 0.1
v -0.9 -0.1 0.1
v -0.8 -0.1 0.1
v -0.8 0 0.1
v -0.9 -0.1 0
v -0.9 0 0
v -0.8 0 0
v -0.8 -0.1 0
v -0.8 0 0.1
v -0.8 -0.1 0.1
v -0.7 -0.1 0.1
v -0.7 0 0.1
v -0.8 -0.1 0
v -0.8 0 0
v -0.7 0 0
v -0.7 -0.1 0
v -0.7 0 0.1
v -0.7 -0.1 0.1
v -0.6 -0.1 0.1
v -0.6 0 0.1
v -0.7 -0.1 0
v -0.7 0 0
v -0.6 0 0
v -0.6 -0.1 0
v -0.6 0 0.1
v -0.6 -0.1 0.1
v -0.5 -0.1 0.1
v -0.5 0 0.1
v -0.6 -0.1 0
v -0.6 0 0
v -0.5 0 0
v -0.5 -0.1 0
v -0.5 0 0.1
v -0.5 -0.1 0.1
v -0.4 -0.1 0.1
v -0.4 0 0.1
v -0.5 -0.1 0
v -0.5 0 0
v -0.4 0 0
v -0.4 -0.1 0
v -0.4 0 0.1
v -0.4 -0.1 0.1
v -0.3 -0.1 0.1
v -0.3 0 0.1
v -0.4 -0.1 0
v -0.4 0 0
v -0.3 0 0
v -0.3 -0.1 0
v -0.3 0 0.1
v -0.3 -0.1 0.1
v -0.2 -0.1 0.1
v -0.2 0 0.1
v -0.3 -0.1 0
v -0.3 0 0
v -0.2 0 0
v -0.2 -0.1 0
v -0.2 0 0.1
v -0.2 -0.1 0.1
v -0.1 -0.1 0.1
v -0.1 0 0.1
v -0.2 -0.1 0
v -0.2 0 0
v -0.1 0 0
v -0.1 -0.1 0
v -0.1 0 0.1
v -0.1 -0.1 0.1
v 0 -0.1 0.1
v 0 0 0.1
v -0.1 -0.1 0
v -0.1 0 0
v 0 0 0
v 0 -0.1 0
v 0 0 0.1
v 0 -0.1 0.1
v 0.1 -0.1 0.1
v 0.1 0 0.1
v 0 -0.1 0
v 0 0 0
v 0.1 0 0
v 0.1 -0.1 0
v 0.1 0 0.1
v 0.1 -0.1 0.1
v 0.2 -0.1 0.1
v 0.2 0 0.1
v 0.1 -0.1 0
v 0.1 0 0
v 0.2 0 0
v 0.2 -0.1 0
v 0.2 0 0.1
v 0.2 -0.1 0.1
v 0.3 -0.1 0.1
v 0.3 0 0.1
v 0.2 -0.1 0
v 0.2 0 0
v 0.3 0 0
v 0.3 -0.1 0
v 0.3 0 0.1
v 0.3 -0.1 0.1
v 0.4 -0.1 0.1
v 0.4 0 0.1
v 0.3 -0.1 0
v 0.3 0 0
v 0.4 0 0
v 0.4 -0.1 0
v 0.4 0 0.1
v 0.4 -0.1 0.1
v 0.5 -0.1 0.1
v 0.5 0 0.1
v 0.4 -0.1 0
v 0.4 0 0
v 0.5 0 0
v 0.5 -0.1 0
v 0.5 0 0.1
v 0.5 -0.1 0.1
v 0.6 -0.1 0.1
v 0.6 0 0.1
v 0.5 -0.1 0
v 0.5 0 0
v 0.6 0 0
v 0.6 -0.1 0
v 0.6 0 0.1
v 0.6 -0.1 0.1
v 0.7 -0.1 0.1
v 0.7 0 0.1
v 0.6 -0.1 0
v 0.6 0 0
v 0.7 0 0
v 0.7 -0.1 0
v 0.7 0 0.1
v 0.7 -0.1 0.1
v 0.8 -0.1 0.1
v 0.8 0 0.1
v 0.7 -0.1 0
v 0.7 0 0
v 0.8 0 0
v 0.8 -0.1 0
v 0.8 0 0.1
v 0.8 -0.1 0.1
v 0.9 -0.1 0.1
v 0.9 0 0.1
v 0.8 -0.1 0
v 0.8 0 0
v 0.9 0 0
v 0.9 -0.1 0
v 0.9 0 0.1
v 0.9 -0.1 0.1
v 1 -0.1 0.1
v 1 0 0.1
v 0.9 -0.1 0
v 0.9 0 0
v 1 0 0
v 1 -0.1 0
v 1 0 0.1
v 1 -0.1 0.1
v 1.1 -0.1 0.1
v 1.1 0 0.1
v 1 -0.1 0
v 1 0 0
v 1.1 0 0
v 1.1 -0.1 0
v 1.2 -0.1 0.1
v 1.2 -0.1 0
v 1.2 0 0
v 1.2 0 0.1
v 1.1 0 0.1
v 1.1 -0.1 0.1
v 1.2 -0.1 0.1
v 1.2 0 0.1
v 1.1 -0.1 0
v 1.1 0 0
v 1.2 0 0
v 1.2 -0.1 0
v -1.2 -0.1 0.1
v -1.2 -0.1 0
v -1.2 -0.2 0
v -1.2 -0.2 0.1
v -1.2 -0.1 0.1
v -1.2 -0.2 0.1
v -1.1 -0.2 0.1
v -1.1 -0.1 0.1
v -1.2 -0.2 0
v -1.2 -0.1 0
v -1.1 -0.1 0
v -1.1 -0.2 0
v -1.1 -0.1 0.1
v -1.1 -0.2 0.1
v -1 -0.2 0.1
v -1 -0.1 0.1
v -1.1 -0.2 0
v -1.1 -0.1 0
v -1 -0.1 0
v -1 -0.2 0
v -1 -0.1 0.1
v -1 -0.2 0.1
v -0.9 -0.2 0.1
v -0.9 -0.1 0.1
v -1 -0.2 0
v -1 -0.1 0
v -0.9 -0.1 0
v -0.9 -0.2 0
v -0.9 -0.1 0.1
v -0.9 -0.2 0.1
v -0.8 -0.2 0.1
v -0.8 -0.1 0.1
v -0.9 -0.2 0
v -0.9 -0.1 0
v -0.8 -0.1 0
v -0.8 -0.2 0
v -0.8 -0.1 0.1
v -0.8 -0.2 0.1
v -0.7 -0.2 0.1
v -0.7 -0.1 0.1
v -0.8 -0.2 0
v -0.8 -0.1 0
v -0.7 -0.1 0
v -0.7 -0.2 0
v -0.7 -0.1 0.1
v -0.7 -0.2 0.1
v -0.6 -0.2 0.1
v -0.6 -0.1 0.1
v -0.7 -0.2 0
v -0.7 -0.1 0
v -0.6 -0.1 0
v -0.6 -0.2 0
v -0.6 -0.1 0.1
v -0.6 -0.2 0.1
v -0.5 -0.2 0.1
v -0.5 -0.1 0.1
v -0.6 -0.2 0
v -0.6 -0.1 0
v -0.5 -0.1 0
v -0.5 -0.2 0
v -0.5 -0.1 0.1
v -0.5 -0.2 0.1
v -0.4 -0.2 0.1
v -0.4 -0.1 0.1
v -0.5 -0.2 0
v -0.5 -0.1 0
v -0.4 -0.1 0
v -0.4 -0.2 0
v -0.4 -0.1 0.1
v -0.4 -0.2 0.1
v -0.3 -0.2 0.1
v -0.3 -0.1 0.1
v -0.4 -0.2 0
v -0.4 -0.1 0
v -0.3 -0.1 0
v -0.3 -0.2 0
v -0.3 -0.1 0.1
v -0.3 -0.2 0.1
v -0.2 -0.2 0.1
v -0.2 -0.1 0.1
v -0.3 -0.2 0
v -0.3 -0.1 0
v -0.2 -0.1 0
v -0.2 -0.2 0
v -0.2 -0.1 0.1
v -0.2 -0.2 0.1
v -0.1 -0.2 0.1
v -0.1 -0.1 0.1
v -0.2 -0.2 0
v -0.2 -0.1 0
v -0.1 -0.1 0
v -0.1 -0.2 0
v -0.1 -0.1 0.1
v -0.1 -0.2 0.1
v 0 -0.2 0.1
v 0 -0.1 0.1
v -0.1 -0.2 0
v -0.1 -0.1 0
v 0 -0.1 0
v 0 -0.2 0
v 0 -0.1 0.1
v 0 -0.2 0.1
v 0.1 -0.2 0.1
v 0.1 -0.1 0.1
v 0 -0.2 0
v 0 -0.1 0
v 0.1 -0.1 0
v 0.1 -0.2 0
v 0.1 -0.1 0.1
v 0.1 -0.2 0.1
v 0.2 -0.2 0.1
v 0.2 -0.1 0.1
v 0.1 -0.2 0
v 0.1 -0.1 0
v 0.2 -0.1 0
v 0.2 -0.2 0
v 0.2 -0.1 0.1
v 0.2 -0.2 0.1
v 0.3 -0.2 0.1
v 0.3 -0.1 0.1
v 0.2 -0.2 0
v 0.2 -0.1 0
v 0.3 -0.1 0
v 0.3 -0.2 0
v 0.3 -0.1 0.1
v 0.3 -0.2 0.1
v 0.4 -0.2 0.1
v 0.4 -0.1 0.1
v 0.3 -0.2 0
v 0.3 -0.1 0
v 0.4 -0.1 0
v 0.4 -0.2 0
v 0.4 -0.1 0.1
v 0.4 -0.2 0.1
v 0.5 -0.2 0.1
v 0.5 -0.1 0.1
v 0.4 -0.2 0
v 0.4 -0.1 0
v 0.5 -0.1 0
v 0.5 -0.2 0
v 0.5 -0.1 0.1
v 0.5 -0.2 0.1
v 0.6 -0.2 0.1
v 0.6 -0.1 0.1
v 0.5 -0.2 0
v 0.5 -0.1 0
v 0.6 -0.1 0
v 0.6 -0.2 0
v 0.6 -0.1 0.1
v 0.6 -0.2 0.1
v 0.7 -0.2 0.1
v 0.7 -0.1 0.1
v 0.6 -0.2 0
v 0.6 -0.1 0
v 0.7 -0.1 0
v 0.7 -0.2 0
v 0.7 -0.1 0.1
v 0.7 -0.2 0.1
v 0.8 -0.2 0.1
v 0.8 -0.1 0.1
v 0.7 -0.2 0
v 0.7 -0.1 0
v 0.8 -0.1 0
v 0.8 -0.2 0
v 0.8 -0.1 0.1
v 0.8 -0.2 0.1
v 0.9 -0.2 0.1
v 0.9 -0.1 0.1
v 0.8 -0.2 0
v 0.8 -0.1 0
v 0.9 -0.1 0
v 0.9 -0.2 0
v 0.9 -0.1 0.1
v 0.9 -0.2 0.1
v 1 -0.2 0.1
v 1 -0.1 0.1
v 0.9 -0.2 0
v 0.9 -0.1 0
v 1 -0.1 0
v 1 -0.2 0
v 1 -0.1 0.1
v 1 -0.2 0.1
v 1.1 -0.2 0.1
v 1.1 -0.1 0.1
v 1 -0.2 0
v 1 -0.1 0
v 1.1 -0.1 0
v 1.1 -0.2 0
v 1.2 -0.2 0.1
v 1.2 -0.2 0
v 1.2 -0.1 0
v 1.2 -0.1 0.1
v 1.1 -0.1 0.1
v 1.1 -0.2 0.1
v 1.2 -0.2 0.1
v 1.2 -0.1 0.1
v 1.1 -0.2 0
v 1.1 -0.1 0
v 1.2 -0.1 0
v 1.2 -0.2 0
v -1.2 -0.2 0.1
v -1.2 -0.2 0
v -1.2 -0.3 0
v -1.2 -0.3 0.1
v -1.2 -0.2 0.1
v -1.2 -0.3 0.1
v -1.1 -0.3 0.1
v -1.1 -0.2 0.1
v -1.2 -0.3 0
v -1.2 -0.2 0
v -1.1 -0.2 0
v -1.1 -0.3 0
v -1.1 -0.2 0.1
v -1.1 -0.3 0.1
v -1 -0.3 0.1
v -1 -0.2 0.1
v -1.1 -0.3 0
v -1.1 -0.2 0
v -1 -0.2 0
v -1 -0.3 0
v -1 -0.2 0.1
v -1 -0.3 0.1
v -0.9 -0.3 0.1
v -0.9 -0.2 0.1
v -1 -0.3 0
v -1 -0.2 0
v -0.9 -0.2 0
v -0.9 -0.3 0
v -0.9 -0.2 0.1
v -0.9 -0.3 0.1
v -0.8 -0.3 0.1
v -0.8 -0.2 0.1
v -0.9 -0.3 0
v -0.9 -0.2 0
v -0.8 -0.2 0
v -0.8 -0.3 0
v -0.8 -0.2 0.1
v -0.8 -0.3 0.1
v -0.7 -0.3 0.1
v -0.7 -0.2 0.1
v -0.8 -0.3 0
v -0.8 -0.2 0
v -0.7 -0.2 0
v -0.7 -0.3 0
v -0.7 -0.2 0.1
v -0.7 -0.3 0.1
v -0.6 -0.3 0.1
v -0.6 -0.2 0.1
v -0.7 -0.3 0
v -0.7 -0.2 0
v -0.6 -0.2 0
v -0.6 -0.3 0
v -0.6 -0.2 0.1
v -0.6 -0.3 0.1
v -0.5 -0.3 0.1
v -0.5 -0.2 0.1
v -0.6 -0.3 0
v -0.6 -0.2 0
v -0.5 -0.2 0
v -0.5 -0.3 0
v -0.5 -0.2 0.1
v -0.5 -0.3 0.1
v -0.4 -0.3 0.1
v -0.4 -0.2 0.1
v -0.5 -0.3 0
v -0.5 -0.2 0
v -0.4 -0.2 0
v -0.4 -0.3 0
v -0.4 -0.2 0.1
v -0.4 -0.3 0.1
v -0.3 -0.3 0.1
v -0.3 -0.2 0.1
v -0.4 -0.3 0
v -0.4 -0.2 0
v -0.3 -0.2 0
v -0.3 -0.3 0
v -0.3 -0.2 0.1
v -0.3 -0.3 0.1
v -0.2 -0.3 0.1
v -0.2 -0.2 0.1
v -0.3 -0.3 0
v -0.3 -0.2 0
v -0.2 -0.2 0
v -0.2 -0.3 0
v -0.2 -0.2 0.1
v -0.2 -0.3 0.1
v -0.1 -0.3 0.1
v -0.1 -0.2 0.1
v -0.2 -0.3 0
v -0.2 -0.2 0
v -0.1 -0.2 0
v -0.1 -0.3 0
v -0.1 -0.2 0.1
v -0.1 -0.3 0.1
v 0 -0.3 0.1
v 0 -0.2 0.1
v -0.1 -0.3 0
v -0.1 -0.2 0
v 0 -0.2 0
v 0 -0.3 0
v 0 -0.2 0.1
v 0 -0.3 0.1
v 0.1 -0.3 0.1
v 0.1 -0.2 0.1
v 0 -0.3 0
v 0 -0.2 0
v 0.1 -0.2 0
v 0.1 -0.3 0
v 0.1 -0.2 0.1
v 0.1 -0.3 0.1
v 0.2 -0.3 0.1
v 0.2 -0.2 0.1
v 0.1 -0.3 0
v 0.1 -0.2 0
v 0.2 -0.2 0
v 0.2 -0.3 0
v 0.2 -0.2 0.1
v 0.2 -0.3 0.1
v 0.3 -0.3 0.1
v 0.3 -0.2 0.1
v 0.2 -0.3 0
v 0.2 -0.2 0
v 0.3 -0.2 0
v 0.3 -0.3 0
v 0.3 -0.2 0.1
v 0.3 -0.3 0.1
v 0.4 -0.3 0.1
v 0.4 -0.2 0.1
v 0.3 -0.3 0
v 0.3 -0.2 0
v 0.4 -0.2 0
v 0.4 -0.3 0
v 0.4 -0.2 0.1
v 0.4 -0.3 0.1
v 0.5 -0.3 0.1
v 0.5 -0.2 0.1
v 0.4 -0.3 0
v 0.4 -0.2 0
v 0.5 -0.2 0
v 0.5 -0.3 0
v 0.5 -0.2 0.1
v 0.5 -0.3 0.1
v 0.6 -0.3 0.1
v 0.6 -0.2 0.1
v 0.5 -0.3 0
v 0.5 -0.2 0
v 0.6 -0.2 0
v 0.6 -0.3 0
v 0.6 -0.2 0.1
v 0.6 -0.3 0.1
v 0.7 -0.3 0.1
v 0.7 -0.2 0.1
v 0.6 -0.3 0
v 0.6 -0.2 0
v 0.7 -0.2 0
v 0.7 -0.3 0
v 0.7 -0.2 0.1
v 0.7 -0.3 0.1
v 0.8 -0.3 0.1
v 0.8 -0.2 0.1
v 0.7 -0.3 0
v 0.7 -0.2 0
v 0.8 -0.2 0
v 0.8 -0.3 0
v 0.8 -0.2 0.1
v 0.8 -0.3 0.1
v 0.9 -0.3 0.1
v 0.9 -0.2 0.1
v 0.8 -0.3 0
v 0.8 -0.2 0
v 0.9 -0.2 0
v 0.9 -0.3 0
v 0.9 -0.2 0.1
v 0.9 -0.3 0.1
v 1 -0.3 0.1
v 1 -0.2 0.1
v 0.9 -0.3 0
v 0.9 -0.2 0
v 1 -0.2 0
v 1 -0.3 0
v 1 -0.2 0.1
v 1 -0.3 0.1
v 1.1 -0.3 0.1
v 1.1 -0.2 0.1
v 1 -0.3 0
v 1 -0.2 0
v 1.1 -0.2 0
v 1.1 -0.3 0
v 1.2 -0.3 0.1
v 1.2 -0.3 0
v 1.2 -0.2 0
v 1.2 -0.2 0.1
v 1.1 -0.2 0.1
v 1.1 -0.3 0.1
v 1.2 -0.3 0.1
v 1.2 -0.2 0.1
v 1.1 -0.3 0
v 1.1 -0.2 0
v 1.2 -0.2 0
v 1.2 -0.3 0
v -1.2 -0.3 0.1
v -1.2 -0.3 0
v -1.2 -0.4 0
v -1.2 -0.4 0.1
v -1.2 -0.3 0.1
v -1.2 -0.4 0.1
v -1.1 -0.4 0.1
v -1.1 -0.3 0.1
v -1.2 -0.4 0
v -1.2 -0.3 0
v -1.1 -0.3 0
v -1.1 -0.4 0
v -1.1 -0.3 0.1
v -1.1 -0.4 0.1
v -1 -0.4 0.1
v -1 -0.3 0.1
v -1.1 -0.4 0
v -1.1 -0.3 0
v -1 -0.3 0
v -1 -0.4 0
v -1 -0.3 0.1
v -1 -0.4 0.1
v -0.9 -0.4 0.1
v -0.9 -0.3 0.1
v -1 -0.4 0
v -1 -0.3 0
v -0.9 -0.3 0
v -0.9 -0.4 0
v -0.9 -0.3 0.1
v -0.9 -0.4 0.1
v -0.8 -0.4 0.1
v -0.8 -0.3 0.1
v -0.9 -0.4 0
v -0.9 -0.3 0
v -0.8 -0.3 0
v -0.8 -0.4 0
v -0.8 -0.3 0.1
v -0.8 -0.4 0.1
v -0.7 -0.4 0.1
v -0.7 -0.3 0.1
v -0.8 -0.4 0
v -0.8 -0.3 0
v -0.7 -0.3 0
v -0.7 -0.4 0
v -0.7 -0.3 0.1
v -0.7 -0.4 0.1
v -0.6 -0.4 0.1
v -0.6 -0.3 0.1
v -0.7 -0.4 0
v -0.7 -0.3 0
v -0.6 -0.3 0
v -0.6 -0.4 0
v -0.6 -0.3 0.1
v -0.6 -0.4 0.1
v -0.5 -0.4 0.1
v -0.5 -0.3 0.1
v -0.6 -0.4 0
v -0.6 -0.3 0
v -0.5 -0.3 0
v -0.5 -0.4 0
v -0.5 -0.3 0.1
v -0.5 -0.4 0.1
v -0.4 -0.4 0.1
v -0.4 -0.3 0.1
v -0.5 -0.4 0
v -0.5 -0.3 0
v -0.4 -0.3 0
v -0.4 -0.4 0
v -0.4 -0.3 0.1
v -0.4 -0.4 0.1
v -0.3 -0.4 0.1
v -0.3 -0.3 0.1
v -0.4 -0.4 0
v -0.4 -0.3 0
v -0.3 -0.3 0
v -0.3 -0.4 0
v -0.3 -0.3 0.1
v -0.3 -0.4 0.1
v -0.2 -0.4 0.1
v -0.2 -0.3 0.1
v -0.3 -0.4 0
v -0.3 -0.3 0
v -0.2 -0.3 0
v -0.2 -0.4 0
v -0.2 -0.3 0.1
v -0.2 -0.4 0.1
v -0.1 -0.4 0.1
v -0.1 -0.3 0.1
v -0.2 -0.4 0
v -0.2 -0.3 0
v -0.1 -0.3 0
v -0.1 -0.4 0
v -0.1 -0.3 0.1
v -0.1 -0.4 0.1
v 0 -0.4 0.1
v 0 -0.3 0.1
v -0.1 -0.4 0
v -0.1 -0.3 0
v 0 -0.3 0
v 0 -0.4 0
v 0 -0.3 0.1
v 0 -0.4 0.1
v 0.1 -0.4 0.1
v 0.1 -0.3 0.1
v 0 -0.4 0
v 0 -0.3 0
v 0.1 -0.3 0
v 0.1 -0.4 0
v 0.1 -0.3 0.1
v 0.1 -0.4 0.1
v 0.2 -0.4 0.1
v 0.2 -0.3 0.1
v 0.1 -0.4 0
v 0.1 -0.3 0
v 0.2 -0.3 0
v 0.2 -0.4 0
v 0.2 -0.3 0.1
v 0.2 -0.4 0.1
v 0.3 -0.4 0.1
v 0.3 -0.3 0.1
v 0.2 -0.4 0
v 0.2 -0.3 0
v 0.3 -0.3 0
v 0.3 -0.4 0
v 0.3 -0.3 0.1
v 0.3 -0.4 0.1
v 0.4 -0.4 0.1
v 0.4 -0.3 0.1
v 0.3 -0.4 0
v 0.3 -0.3 0
v 0.4 -0.3 0
v 0.4 -0.4 0
v 0.4 -0.3 0.1
v 0.4 -0.4 0.1
v 0.5 -0.4 0.1
v 0.5 -0.3 0.1
v 0.4 -0.4 0
v 0.4 -0.3 0
v 0.5 -0.3 0
v 0.5 -0.4 0
v 0.5 -0.3 0.1
v 0.5 -0.4 0.1
v 0.6 -0.4 0.1
v 0.6 -0.3 0.1
v 0.5 -0.4 0
v 0.5 -0.3 0
v 0.6 -0.3 0
v 0.6 -0.4 0
v 0.6 -0.3 0.1
v 0.6 -0.4 0.1
v 0.7 -0.4 0.1
v 0.7 -0.3 0.1
v 0.6 -0.4 0
v 0.6 -0.3 0
v 0.7 -0.3 0
v 0.7 -0.4 0
v 0.7 -0.3 0.1
v 0.7 -0.4 0.1
v 0.8 -0.4 0.1
v 0.8 -0.3 0.1
v 0.7 -0.4 0
v 0.7 -0.3 0
v 0.8 -0.3 0
v 0.8 -0.4 0
v 0.8 -0.3 0.1
v 0.8 -0.4 0.1
v 0.9 -0.4 0.1
v 0.9 -0.3 0.1
v 0.8 -0.4 0
v 0.8 -0.3 0
v 0.9 -0.3 0
v 0.9 -0.4 0
v 0.9 -0.3 0.1
v 0.9 -0.4 0.1
v 1 -0.4 0.1
v 1 -0.3 0.1
v 0.9 -0.4 0
v 0.9 -0.3 0
v 1 -0.3 0
v 1 -0.4 0
v 1 -0.3 0.1
v 1 -0.4 0.1
v 1.1 -0.4 0.1
v 1.1 -0.3 0.1
v 1 -0.4 0
v 1 -0.3 0
v 1.1 -0.3 0
v 1.1 -0.4 0
v 1.2 -0.4 0.1
v 1.2 -0.4 0
v 1.2 -0.3 0
v 1.2 -0.3 0.1
v 1.1 -0.3 0.1
v 1.1 -0.4 0.1
v 1.2 -0.4 0.1
v 1.2 -0.3 0.1
v 1.1 -0.4 0
v 1.1 -0.3 0
v 1.2 -0.3 0
v 1.2 -0.4 0
v -1.2 -0.4 0.1
v -1.2 -0.4 0
v -1.2 -0.5 0
v -1.2 -0.5 0.1
v -1.2 -0.4 0.1
v -1.2 -0.5 0.1
v -1.1 -0.5 0.1
v -1.1 -0.4 0.1
v -1.2 -0.5 0
v -1.2 -0.4 0
v -1.1 -0.4 0
v -1.1 -0.5 0
v -1.1 -0.4 0.1
v -1.1 -0.5 0.1
v -1 -0.5 0.1
v -1 -0.4 0.1
v -1.1 -0.5 0
v -1.1 -0.4 0
v -1 -0.4 0
v -1 -0.5 0
v -1 -0.4 0.1
v -1 -0.5 0.1
v -0.9 -0.5 0.1
v -0.9 -0.4 0.1
v -1 -0.5 0
v -1 -0.4 0
v -0.9 -0.4 0
v -0.9 -0.5 0
v -0.9 -0.4 0.1
v -0.9 -0.5 0.1
v -0.8 -0.5 0.1
v -0.8 -0.4 0.1
v -0.9 -0.5 0
v -0.9 -0.4 0
v -0.8 -0.4 0
v -0.8 -0.5 0
v -0.8 -0.4 0.1
v -0.8 -0.5 0.1
v -0.7 -0.5 0.1
v -0.7 -0.4 0.1
v -0.8 -0.5 0
v -0.8 -0.4 0
v -0.7 -0.4 0
v -0.7 -0.5 0
v -0.7 -0.4 0.1
v -0.7 -0.5 0.1
v -0.6 -0.5 0.1
v -0.6 -0.4 0.1
v -0.7 -0.5 0
v -0.7 -0.4 0
v -0.6 -0.4 0
v -0.6 -0.5 0
v -0.6 -0.4 0.1
v -0.6 -0.5 0.1
v -0.5 -0.5 0.1
v -0.5 -0.4 0.1
v -0.6 -0.5 0
v -0.6 -0.4 0
v -0.5 -0.4 0
v -0.5 -0.5 0
v -0.5 -0.4 0.1
v -0.5 -0.5 0.1
v -0.4 -0.5 0.1
v -0.4 -0.4 0.1
v -0.5 -0.5 0
v -0.5 -0.4 0
v -0.4 -0.4 0
v -0.4 -0.5 0
v -0.4 -0.4 0.1
v -0.4 -0.5 0.1
v -0.3 -0.5 0.1
v -0.3 -0.4 0.1
v -0.4 -0.5 0
v -0.4 -0.4 0
v -0.3 -0.4 0
v -0.3 -0.5 0
v -0.3 -0.4 0.1
v -0.3 -0.5 0.1
v -0.2 -0.5 0.1
v -0.2 -0.4 0.1
v -0.3 -0.5 0
v -0.3 -0.4 0
v -0.2 -0.4 0
v -0.2 -0.5 0
v -0.2 -0.4 0.1
v -0.2 -0.5 0.1
v -0.1 -0.5 0.1
v -0.1 -0.4 0.1
v -0.2 -0.5 0
v -0.2 -0.4 0
v -0.1 -0.4 0
v -0.1 -0.5 0
v -0.1 -0.4 0.1
v -0.1 -0.5 0.1
v 0 -0.5 0.1
v 0 -0.4 0.1
v -0.1 -0.5 0
v -0.1 -0.4 0
v 0 -0.4 0
v 0 -0.5 0
v 0 -0.4 0.1
v 0 -0.5 0.1
v 0.1 -0.5 0.1
v 0.1 -0.4 0.1
v 0 -0.5 0
v 0 -0.4 0
v 0.1 -0.4 0
v 0.1 -0.5 0
v 0.1 -0.4 0.1
v 0.1 -0.5 0.1
v 0.2 -0.5 0.1
v 0.2 -0.4 0.1
v 0.1 -0.5 0
v 0.1 -0.4 0
v 0.2 -0.4 0
v 0.2 -0.5 0
v 0.2 -0.4 0.1
v 0.2 -0.5 0.1
v 0.3 -0.5 0.1
v 0.3 -0.4 0.1
v 0.2 -0.5 0
v 0.2 -0.4 0
v 0.3 -0.4 0
v 0.3 -0.5 0
v 0.3 -0.4 0.1
v 0.3 -0.5 0.1
v 0.4 -0.5 0.1
v 0.4 -0.4 0.1
v 0.3 -0.5 0
v 0.3 -0.4 0
v 0.4 -0.4 0
v 0.4 -0.5 0
v 0.4 -0.4 0.1
v 0.4 -0.5 0.1
v 0.5 -0.5 0.1
v 0.5 -0.4 0.1
v 0.4 -0.5 0
v 0.4 -0.4 0
v 0.5 -0.4 0
v 0.5 -0.5 0
v 0.5 -0.4 0.1
v 0.5 -0.5 0.1
v 0.6 -0.5 0.1
v 0.6 -0.4 0.1
v 0.5 -0.5 0
v 0.5 -0.4 0
v 0.6 -0.4 0
v 0.6 -0.5 0
v 0.6 -0.4 0.1
v 0.6 -0.5 0.1
v 0.7 -0.5 0.1
v 0.7 -0.4 0.1
v 0.6 -0.5 0
v 0.6 -0.4 0
v 0.7 -0.4 0
v 0.7 -0.5 0
v 0.7 -0.4 0.1
v 0.7 -0.5 0.1
v 0.8 -0.5 0.1
v 0.8 -0.4 0.1
v 0.7 -0.5 0
v 0.7 -0.4 0
v 0.8 -0.4 0
v 0.8 -0.5 0
v 0.8 -0.4 0.1
v 0.8 -0.5 0.1
v 0.9 -0.5 0.1
v 0.9 -0.4 0.1
v 0.8 -0.5 0
v 0.8 -0.4 0
v 0.9 -0.4 0
v 0.9 -0.5 0
v 0.9 -0.4 0.1
v 0.9 -0.5 0.1
v 1 -0.5 0.1
v 1 -0.4 0.1
v 0.9 -0.5 0
v 0.9 -0.4 0
v 1 -0.4 0
v 1 -0.5 0
v 1 -0.4 0.1
v 1 -0.5 0.1
v 1.1 -0.5 0.1
v 1.1 -0.4 0.1
v 1 -0.5 0
v 1 -0.4 0
v 1.1 -0.4 0
v 1.1 -0.5 0
v 1.2 -0.5 0.1
v 1.2 -0.5 0
v 1.2 -0.4 0
v 1.2 -0.4 0.1
v 1.1 -0.4 0.1
v 1.1 -0.5 0.1
v 1.2 -0.5 0.1
v 1.2 -0.4 0.1
v 1.1 -0.5 0
v 1.1 -0.4 0
v 1.2 -0.4 0
v 1.2 -0.5 0
v -1.2 -0.5 0.1
v -1.2 -0.5 0
v -1.2 -0.6 0
v -1.2 -0.6 0.1
v -1.2 -0.5 0.1
v -1.2 -0.6 0.1
v -1.1 -0.6 0.1
v -1.1 -0.5 0.1
v -1.2 -0.6 0
v -1.2 -0.5 0
v -1.1 -0.5 0
v -1.1 -0.6 0
v -1.1 -0.5 0.1
v -1.1 -0.6 0.1
v -1 -0.6 0.1
v -1 -0.5 0.1
v -1.1 -0.6 0
v -1.1 -0.5 0
v -1 -0.5 0
v -1 -0.6 0
v -1 -0.5 0.1
v -1 -0.6 0.1
v -0.9 -0.6 0.1
v -0.9 -0.5 0.1
v -1 -0.6 0
v -1 -0.5 0
v -0.9 -0.5 0
v -0.9 -0.6 0
v -0.9 -0.5 0.1
v -0.9 -0.6 0.1
v -0.8 -0.6 0.1
v -0.8 -0.5 0.1
v -0.9 -0.6 0
v -0.9 -0.5 0
v -0.8 -0.5 0
v -0.8 -0.6 0
v -0.8 -0.5 0.1
v -0.8 -0.6 0.1
v -0.7 -0.6 0.1
v -0.7 -0.5 0.1
v -0.8 -0.6 0
v -0.8 -0.5 0
v -0.7 -0.5 0
v -0.7 -0.6 0
v -0.7 -0.5 0.1
v -0.7 -0.6 0.1
v -0.6 -0.6 0.1
v -0.6 -0.5 0.1
v -0.7 -0.6 0
v -0.7 -0.5 0
v -0.6 -0.5 0
v -0.6 -0.6 0
v -0.6 -0.5 0.1
v -0.6 -0.6 0.1
v -0.5 -0.6 0.1
v -0.5 -0.5 0.1
v -0.6 -0.6 0
v -0.6 -0.5 0
v -0.5 -0.5 0
v -0.5 -0.6 0
v -0.5 -0.5 0.1
v -0.5 -0.6 0.1
v -0.4 -0.6 0.1
v -0.4 -0.5 0.1
v -0.5 -0.6 0
v -0.5 -0.5 0
v -0.4 -0.5 0
v -0.4 -0.6 0
v -0.4 -0.5 0.1
v -0.4 -0.6 0.1
v -0.3 -0.6 0.1
v -0.3 -0.5 0.1
v -0.4 -0.6 0
v -0.4 -0.5 0
v -0.3 -0.5 0
v -0.3 -0.6 0
v -0.3 -0.5 0.1
v -0.3 -0.6 0.1
v -0.2 -0.6 0.1
v -0.2 -0.5 0.1
v -0.3 -0.6 0
v -0.3 -0.5 0
v -0.2 -0.5 0
v -0.2 -0.6 0
v -0.2 -0.5 0.1
v -0.2 -0.6 0.1
v -0.1 -0.6 0.1
v -0.1 -0.5 0.1
v -0.2 -0.6 0
v -0.2 -0.5 0
v -0.1 -0.5 0
v -0.1 -0.6 0
v -0.1 -0.5 0.1
v -0.1 -0.6 0.1
v 0 -0.6 0.1
v 0 -0.5 0.1
v -0.1 -0.6 0
v -0.1 -0.5 0
v 0 -0.5 0
v 0 -0.6 0
v 0 -0.5 0.1
v 0 -0.6 0.1
v 0.1 -0.6 0.1
v 0.1 -0.5 0.1
v 0 -0.6 0
v 0 -0.5 0
v 0.1 -0.5 0
v 0.1 -0.6 0
v 0.1 -0.5 0.1
v 0.1 -0.6 0.1
v 0.2 -0.6 0.1
v 0.2 -0.5 0.1
v 0.1 -0.6 0
v 0.1 -0.5 0
v 0.2 -0.5 0
v 0.2 -0.6 0
v 0.2 -0.5 0.1
v 0.2 -0.6 0.1
v 0.3 -0.6 0.1
v 0.3 -0.5 0.1
v 0.2 -0.6 0
v 0.2 -0.5 0
v 0.3 -0.5 0
v 0.3 -0.6 0
v 0.3 -0.5 0.1
v 0.3 -0.6 0.1
v 0.4 -0.6 0.1
v 0.4 -0.5 0.1
v 0.3 -0.6 0
v 0.3 -0.5 0
v 0.4 -0.5 0
v 0.4 -0.6 0
v 0.4 -0.5 0.1
v 0.4 -0.6 0.1
v 0.5 -0.6 0.1
v 0.5 -0.5 0.1
v 0.4 -0.6 0
v 0.4 -0.5 0
v 0.5 -0.5 0
v 0.5 -0.6 0
v 0.5 -0.5 0.1
v 0.5 -0.6 0.1
v 0.6 -0.6 0.1
v 0.6 -0.5 0.1
v 0.5 -0.6 0
v 0.5 -0.5 0
v 0.6 -0.5 0
v 0.6 -0.6 0
v 0.6 -0.5 0.1
v 0.6 -0.6 0.1
v 0.7 -0.6 0.1
v 0.7 -0.5 0.1
v 0.6 -0.6 0
v 0.6 -0.5 0
v 0.7 -0.5 0
v 0.7 -0.6 0
v 0.7 -0.5 0.1
v 0.7 -0.6 0.1
v 0.8 -0.6 0.1
v 0.8 -0.5 0.1
v 0.7 -0.6 0
v 0.7 -0.5 0
v 0.8 -0.5 0
v 0.8 -0.6 0
v 0.8 -0.5 0.1
v 0.8 -0.6 0.1
v 0.9 -0.6 0.1
v 0.9 -0.5 0.1
v 0.8 -0.6 0
v 0.8 -0.5 0
v 0.9 -0.5 0
v 0.9 -0.6 0
v 0.9 -0.5 0.1
v 0.9 -0.6 0.1
v 1 -0.6 0.1
v 1 -0.5 0.1
v 0.9 -0.6 0
v 0.9 -0.5 0
v 1 -0.5 0
v 1 -0.6 0
v 1 -0.5 0.1
v 1 -0.6 0.1
v 1.1 -0.6 0.1
v 1.1 -0.5 0.1
v 1 -0.6 0
v 1 -0.5 0
v 1.1 -0.5 0
v 1.1 -0.6 0
v 1.2 -0.6 0.1
v 1.2 -0.6 0
v 1.2 -0.5 0
v 1.2 -0.5 0.1
v 1.1 -0.5 0.1
v 1.1 -0.6 0.1
v 1.2 -0.6 0.1
v 1.2 -0.5 0.1
v 1.1 -0.6 0
v 1.1 -0.5 0
v 1.2 -0.5 0
v 1.2 -0.6 0
v -1.2 -0.6 0.1
v -1.2 -0.6 0
v -1.2 -0.7 0
v -1.2 -0.7 0.1
v -1.2 -0.6 0.1
v -1.2 -0.7 0.1
v -1.1 -0.7 0.1
v -1.1 -0.6 0.1
v -1.2 -0.7 0
v -1.2 -0.6 0
v -1.1 -0.6 0
v -1.1 -0.7 0
v -1.1 -0.6 0.1
v -1.1 -0.7 0.1
v -1 -0.7 0.1
v -1 -0.6 0.1
v -1.1 -0.7 0
v -1.1 -0.6 0
v -1 -0.6 0
v -1 -0.7 0
v -1 -0.6 0.1
v -1 -0.7 0.1
v -0.9 -0.7 0.1
v -0.9 -0.6 0.1
v -1 -0.7 0
v -1 -0.6 0
v -0.9 -0.6 0
v -0.9 -0.7 0
v -0.9 -0.6 0.1
v -0.9 -0.7 0.1
v -0.8 -0.7 0.1
v -0.8 -0.6 0.1
v -0.9 -0.7 0
v -0.9 -0.6 0
v -0.8 -0.6 0
v -0.8 -0.7 0
v -0.8 -0.6 0.1
v -0.8 -0.7 0.1
v -0.7 -0.7 0.1
v -0.7 -0.6 0.1
v -0.8 -0.7 0
v -0.8 -0.6 0
v -0.7 -0.6 0
v -0.7 -0.7 0
v -0.7 -0.6 0.1
v -0.7 -0.7 0.1
v -0.6 -0.7 0.1
v -0.6 -0.6 0.1
v -0.7 -0.7 0
v -0.7 -0.6 0
v -0.6 -0.6 0
v -0.6 -0.7 0
v -0.6 -0.6 0.1
v -0.6 -0.7 0.1
v -0.5 -0.7 0.1
v -0.5 -0.6 0.1
v -0.6 -0.7 0
v -0.6 -0.6 0
v -0.5 -0.6 0
v -0.5 -0.7 0
v -0.5 -0.6 0.1
v -0.5 -0.7 0.1
v -0.4 -0.7 0.1
v -0.4 -0.6 0.1
v -0.5 -0.7 0
v -0.5 -0.6 0
v -0.4 -0.6 0
v -0.4 -0.7 0
v -0.4 -0.6 0.1
v -0.4 -0.7 0.1
v -0.3 -0.7 0.1
v -0.3 -0.6 0.1
v -0.4 -0.7 0
v -0.4 -0.6 0
v -0.3 -0.6 0
v -0.3 -0.7 0
v -0.3 -0.6 0.1
v -0.3 -0.7 0.1
v -0.2 -0.7 0.1
v -0.2 -0.6 0.1
v -0.3 -0.7 0
v -0.3 -0.6 0
v -0.2 -0.6 0
v -0.2 -0.7 0
v -0.2 -0.6 0.1
v -0.2 -0.7 0.1
v -0.1 -0.7 0.1
v -0.1 -0.6 0.1
v -0.2 -0.7 0
v -0.2 -0.6 0
v -0.1 -0.6 0
v -0.1 -0.7 0
v -0.1 -0.6 0.1
v -0.1 -0.7 0.1
v 0 -0.7 0.1
v 0 -0.6 0.1
v -0.1 -0.7 0
v -0.1 -0.6 0
v 0 -0.6 0
v 0 -0.7 0
v 0 -0.6 0.1
v 0 -0.7 0.1
v 0.1 -0.7 0.1
v 0.1 -0.6 0.1
v 0 -0.7 0
v 0 -0.6 0
v 0.1 -0.6 0
v 0.1 -0.7 0
v 0.1 -0.6 0.1
v 0.1 -0.7 0.1
v 0.2 -0.7 0.1
v 0.2 -0.6 0.1
v 0.1 -0.7 0
v 0.1 -0.6 0
v 0.2 -0.6 0
v 0.2 -0.7 0
v 0.2 -0.6 0.1
v 0.2 -0.7 0.1
v 0.3 -0.7 0.1
v 0.3 -0.6 0.1
v 0.2 -0.7 0
v 0.2 -0.6 0
v 0.3 -0.6 0
v 0.3 -0.7 0
v 0.3 -0.6 0.1
v 0.3 -0.7 0.1
v 0.4 -0.7 0.1
v 0.4 -0.6 0.1
v 0.3 -0.7 0
v 0.3 -0.6 0
v 0.4 -0.6 0
v 0.4 -0.7 0
v 0.4 -0.6 0.1
v 0.4 -0.7 0.1
v 0.5 -0.7 0.1
v 0.5 -0.6 0.1
v 0.4 -0.7 0
v 0.4 -0.6 0
v 0.5 -0.6 0
v 0.5 -0.7 0
v 0.5 -0.6 0.1
v 0.5 -0.7 0.1
v 0.6 -0.7 0.1
v 0.6 -0.6 0.1
v 0.5 -0.7 0
v 0.5 -0.6 0
v 0.6 -0.6 0
v 0.6 -0.7 0
v 0.6 -0.6 0.1
v 0.6 -0.7 0.1
v 0.7 -0.7 0.1
v 0.7 -0.6 0.1
v 0.6 -0.7 0
v 0.6 -0.6 0
v 0.7 -0.6 0
v 0.7 -0.7 0
v 0.7 -0.6 0.1
v 0.7 -0.7 0.1
v 0.8 -0.7 0.1
v 0.8 -0.6 0.1
v 0.7 -0.7 0
v 0.7 -0.6 0
v 0.8 -0.6 0
v 0.8 -0.7 0
v 0.8 -0.6 0.1
v 0.8 -0.7 0.1
v 0.9 -0.7 0.1
v 0.9 -0.6 0.1
v 0.8 -0.7 0
v 0.8 -0.6 0
v 0.9 -0.6 0
v 0.9 -0.7 0
v 0.9 -0.6 0.1
v 0.9 -0.7 0.1
v 1 -0.7 0.1
v 1 -0.6 0.1
v 0.9 -0.7 0
v 0.9 -0.6 0
v 1 -0.6 0
v 1 -0.7 0
v 1 -0.6 0.1
v 1 -0.7 0.1
v 1.1 -0.7 0.1
v 1.1 -0.6 0.1
v 1 -0.7 0
v 1 -0.6 0
v 1.1 -0.6 0
v 1.1 -0.7 0
v 1.2 -0.7 0.1
v 1.2 -0.7 0
v 1.2 -0.6 0
v 1.2 -0.6 0.1
v 1.1 -0.6 0.1
v 1.1 -0.7 0.1
v 1.2 -0.7 0.1
v 1.2 -0.6 0.1
v 1.1 -0.7 0
v 1.1 -0.6 0
v 1.2 -0.6 0
v 1.2 -0.7 0
v -1.2 -0.7 0.1
v -1.2 -0.7 0
v -1.2 -0.8 0
v -1.2 -0.8 0.1
v -1.2 -0.7 0.1
v -1.2 -0.8 0.1
v -1.1 -0.8 0.1
v -1.1 -0.7 0.1
v -1.2 -0.8 0
v -1.2 -0.7 0
v -1.1 -0.7 0
v -1.1 -0.8 0
v -1.1 -0.7 0.1
v -1.1 -0.8 0.1
v -1 -0.8 0.1
v -1 -0.7 0.1
v -1.1 -0.8 0
v -1.1 -0.7 0
v -1 -0.7 0
v -1 -0.8 0
v -1 -0.7 0.1
v -1 -0.8 0.1
v -0.9 -0.8 0.1
v -0.9 -0.7 0.1
v -1 -0.8 0
v -1 -0.7 0
v -0.9 -0.7 0
v -0.9 -0.8 0
v -0.9 -0.7 0.1
v -0.9 -0.8 0.1
v -0.8 -0.8 0.1
v -0.8 -0.7 0.1
v -0.9 -0.8 0
v -0.9 -0.7 0
v -0.8 -0.7 0
v -0.8 -0.8 0
v -0.8 -0.7 0.1
v -0.8 -0.8 0.1
v -0.7 -0.8 0.1
v -0.7 -0.7 0.1
v -0.8 -0.8 0
v -0.8 -0.7 0
v -0.7 -0.7 0
v -0.7 -0.8 0
v -0.7 -0.7 0.1
v -0.7 -0.8 0.1
v -0.6 -0.8 0.1
v -0.6 -0.7 0.1
v -0.7 -0.8 0
v -0.7 -0.7 0
v -0.6 -0.7 0
v -0.6 -0.8 0
v -0.6 -0.7 0.1
v -0.6 -0.8 0.1
v -0.5 -0.8 0.1
v -0.5 -0.7 0.1
v -0.6 -0.8 0
v -0.6 -0.7 0
v -0.5 -0.7 0
v -0.5 -0.8 0
v -0.5 -0.7 0.1
v -0.5 -0.8 0.1
v -0.4 -0.8 0.1
v -0.4 -0.7 0.1
v -0.5 -0.8 0
v -0.5 -0.7 0
v -0.4 -0.7 0
v -0.4 -0.8 0
v -0.4 -0.7 0.1
v -0.4 -0.8 0.1
v -0.3 -0.8 0.1
v -0.3 -0.7 0.1
v -0.4 -0.8 0
v -0.4 -0.7 0
v -0.3 -0.7 0
v -0.3 -0.8 0
v -0.3 -0.7 0.1
v -0.3 -0.8 0.1
v -0.2 -0.8 0.1
v -0.2 -0.7 0.1
v -0.3 -0.8 0
v -0.3 -0.7 0
v -0.2 -0.7 0
v -0.2 -0.8 0
v -0.2 -0.7 0.1
v -0.2 -0.8 0.1
v -0.1 -0.8 0.1
v -0.1 -0.7 0.1
v -0.2 -0.8 0
v -0.2 -0.7 0
v -0.1 -0.7 0
v -0.1 -0.8 0
v -0.1 -0.7 0.1
v -0.1 -0.8 0.1
v 0 -0.8 0.1
v 0 -0.7 0.1
v -0.1 -0.8 0
v -0.1 -0.7 0
v 0 -0.7 0
v 0 -0.8 0
v 0 -0.7 0.1
v 0 -0.8 0.1
v 0.1 -0.8 0.1
v 0.1 -0.7 0.1
v 0 -0.8 0
v 0 -0.7 0
v 0.1 -0.7 0
v 0.1 -0.8 0
v 0.1 -0.7 0.1
v 0.1 -0.8 0.1
v 0.2 -0.8 0.1
v 0.2 -0.7 0.1
v 0.1 -0.8 0
v 0.1 -0.7 0
v 0.2 -0.7 0
v 0.2 -0.8 0
v 0.2 -0.7 0.1
v 0.2 -0.8 0.1
v 0.3 -0.8 0.1
v 0.3 -0.7 0.1
v 0.2 -0.8 0
v 0.2 -0.7 0
v 0.3 -0.7 0
v 0.3 -0.8 0
v 0.3 -0.7 0.1
v 0.3 -0.8 0.1
v 0.4 -0.8 0.1
v 0.4 -0.7 0.1
v 0.3 -0.8 0
v 0.3 -0.7 0
v 0.4 -0.7 0
v 0.4 -0.8 0
v 0.4 -0.7 0.1
v 0.4 -0.8 0.1
v 0.5 -0.8 0.1
v 0.5 -0.7 0.1
v 0.4 -0.8 0
v 0.4 -0.7 0
v 0.5 -0.7 0
v 0.5 -0.8 0
v 0.5 -0.7 0.1
v 0.5 -0.8 0.1
v 0.6 -0.8 0.1
v 0.6 -0.7 0.1
v 0.5 -0.8 0
v 0.5 -0.7 0
v 0.6 -0.7 0
v 0.6 -0.8 0
v 0.6 -0.7 0.1
v 0.6 -0.8 0.1
v 0.7 -0.8 0.1
v 0.7 -0.7 0.1
v 0.6 -0.8 0
v 0.6 -0.7 0
v 0.7 -0.7 0
v 0.7 -0.8 0
v 0.7 -0.7 0.1
v 0.7 -0.8 0.1
v 0.8 -0.8 0.1
v 0.8 -0.7 0.1
v 0.7 -0.8 0
v 0.7 -0.7 0
v 0.8 -0.7 0
v 0.8 -0.8 0
v 0.8 -0.7 0.1
v 0.8 -0.8 0.1
v 0.9 -0.8 0.1
v 0.9 -0.7 0.1
v 0.8 -0.8 0
v 0.8 -0.7 0
v 0.9 -0.7 0
v 0.9 -0.8 0
v 0.9 -0.7 0.1
v 0.9 -0.8 0.1
v 1 -0.8 0.1
v 1 -0.7 0.1
v 0.9 -0.8 0
v 0.9 -0.7 0
v 1 -0.7 0
v 1 -0.8 0
v 1 -0.7 0.1
v 1 -0.8 0.1
v 1.1 -0.8 0.1
v 1.1 -0.7 0.1
v 1 -0.8 0
v 1 -0.7 0
v 1.1 -0.7 0
v 1.1 -0.8 0
v 1.2 -0.8 0.1
v 1.2 -0.8 0
v 1.2 -0.7 0
v 1.2 -0.7 0.1
v 1.1 -0.7 0.1
v 1.1 -0.8 0.1
v 1.2 -0.8 0.1
v 1.2 -0.7 0.1
v 1.1 -0.8 0
v 1.1 -0.7 0
v 1.2 -0.7 0
v 1.2 -0.8 0
v -1.2 -0.8 0.1
v -1.2 -0.8 0
v -1.2 -0.9 0
v -1.2 -0.9 0.1
v -1.2 -0.8 0.1
v -1.2 -0.9 0.1
v -1.1 -0.9 0.1
v -1.1 -0.8 0.1
v -1.2 -0.9 0
v -1.2 -0.8 0
v -1.1 -0.8 0
v -1.1 -0.9 0
v -1.1 -0.8 0.1
v -1.1 -0.9 0.1
v -1 -0.9 0.1
v -1 -0.8 0.1
v -1.1 -0.9 0
v -1.1 -0.8 0
v -1 -0.8 0
v -1 -0.9 0
v -1 -0.8 0.1
v -1 -0.9 0.1
v -0.9 -0.9 0.1
v -0.9 -0.8 0.1
v -1 -0.9 0
v -1 -0.8 0
v -0.9 -0.8 0
v -0.9 -0.9 0
v -0.9 -0.8 0.1
v -0.9 -0.9 0.1
v -0.8 -0.9 0.1
v -0.8 -0.8 0.1
v -0.9 -0.9 0
v -0.9 -0.8 0
v -0.8 -0.8 0
v -0.8 -0.9 0
v -0.8 -0.8 0.1
v -0.8 -0.9 0.1
v -0.7 -0.9 0.1
v -0.7 -0.8 0.1
v -0.8 -0.9 0
v -0.8 -0.8 0
v -0.7 -0.8 0
v -0.7 -0.9 0
v -0.7 -0.8 0.1
v -0.7 -0.9 0.1
v -0.6 -0.9 0.1
v -0.6 -0.8 0.1
v -0.7 -0.9 0
v -0.7 -0.8 0
v -0.6 -0.8 0
v -0.6 -0.9 0
v -0.6 -0.8 0.1
v -0.6 -0.9 0.1
v -0.5 -0.9 0.1
v -0.5 -0.8 0.1
v -0.6 -0.9 0
v -0.6 -0.8 0
v -0.5 -0.8 0
v -0.5 -0.9 0
v -0.5 -0.8 0.1
v -0.5 -0.9 0.1
v -0.4 -0.9 0.1
v -0.4 -0.8 0.1
v -0.5 -0.9 0
v -0.5 -0.8 0
v -0.4 -0.8 0
v -0.4 -0.9 0
v -0.4 -0.8 0.1
v -0.4 -0.9 0.1
v -0.3 -0.9 0.1
v -0.3 -0.8 0.1
v -0.4 -0.9 0
v -0.4 -0.8 0
v -0.3 -0.8 0
v -0.3 -0.9 0
v -0.3 -0.8 0.1
v -0.3 -0.9 0.1
v -0.2 -0.9 0.1
v -0.2 -0.8 0.1
v -0.3 -0.9 0
v -0.3 -0.8 0
v -0.2 -0.8 0
v -0.2 -0.9 0
v -0.2 -0.8 0.1
v -0.2 -0.9 0.1
v -0.1 -0.9 0.1
v -0.1 -0.8 0.1
v -0.2 -0.9 0
v -0.2 -0.8 0
v -0.1 -0.8 0
v -0.1 -0.9 0
v -0.1 -0.8 0.1
v -0.1 -0.9 0.1
v 0 -0.9 0.1
v 0 -0.8 0.1
v -0.1 -0.9 0
v -0.1 -0.8 0
v 0 -0.8 0
v 0 -0.9 0
v 0 -0.8 0.1
v 0 -0.9 0.1
v 0.1 -0.9 0.1
v 0.1 -0.8 0.1
v 0 -0.9 0
v 0 -0.8 0
v 0.1 -0.8 0
v 0.1 -0.9 0
v 0.1 -0.8 0.1
v 0.1 -0.9 0.1
v 0.2 -0.9 0.1
v 0.2 -0.8 0.1
v 0.1 -0.9 0
v 0.1 -0.8 0
v 0.2 -0.8 0
v 0.2 -0.9 0
v 0.2 -0.8 0.1
v 0.2 -0.9 0.1
v 0.3 -0.9 0.1
v 0.3 -0.8 0.1
v 0.2 -0.9 0
v 0.2 -0.8 0
v 0.3 -0.8 0
v 0.3 -0.9 0
v 0.3 -0.8 0.1
v 0.3 -0.9 0.1
v 0.4 -0.9 0.1
v 0.4 -0.8 0.1
v 0.3 -0.9 0
v 0.3 -0.8 0
v 0.4 -0.8 0
v 0.4 -0.9 0
v 0.4 -0.8 0.1
v 0.4 -0.9 0.1
v 0.5 -0.9 0.1
v 0.5 -0.8 0.1
v 0.4 -0.9 0
v 0.4 -0.8 0
v 0.5 -0.8 0
v 0.5 -0.9 0
v 0.5 -0.8 0.1
v 0.5 -0.9 0.1
v 0.6 -0.9 0.1
v 0.6 -0.8 0.1
v 0.5 -0.9 0
v 0.5 -0.8 0
v 0.6 -0.8 0
v 0.6 -0.9 0
v 0.6 -0.8 0.1
v 0.6 -0.9 0.1
v 0.7 -0.9 0.1
v 0.7 -0.8 0.1
v 0.6 -0.9 0
v 0.6 -0.8 0
v 0.7 -0.8 0
v 0.7 -0.9 0
v 0.7 -0.8 0.1
v 0.7 -0.9 0.1
v 0.8 -0.9 0.1
v 0.8 -0.8 0.1
v 0.7 -0.9 0
v 0.7 -0.8 0
v 0.8 -0.8 0
v 0.8 -0.9 0
v 0.8 -0.8 0.1
v 0.8 -0.9 0.1
v 0.9 -0.9 0.1
v 0.9 -0.8 0.1
v 0.8 -0.9 0
v 0.8 -0.8 0
v 0.9 -0.8 0
v 0.9 -0.9 0
v 0.9 -0.8 0.1
v 0.9 -0.9 0.1
v 1 -0.9 0.1
v 1 -0.8 0.1
v 0.9 -0.9 0
v 0.9 -0.8 0
v 1 -0.8 0
v 1 -0.9 0
v 1 -0.8 0.1
v 1 -0.9 0.1
v 1.1 -0.9 0.1
v 1.1 -0.8 0.1
v 1 -0.9 0
v 1 -0.8 0
v 1.1 -0.8 0
v 1.1 -0.9 0
v 1.2 -0.9 0.1
v 1.2 -0.9 0
v 1.2 -0.8 0
v 1.2 -0.8 0.1
v 1.1 -0.8 0.1
v 1.1 -0.9 0.1
v 1.2 -0.9 0.1
v 1.2 -0.8 0.1
v 1.1 -0.9 0
v 1.1 -0.8 0
v 1.2 -0.8 0
v 1.2 -0.9 0
v -1.2 -0.9 0.1
v -1.2 -0.9 0
v -1.2 -1 0
v -1.2 -1 0.1
v -1.2 -0.9 0.1
v -1.2 -1 0.1
v -1.1 -1 0.1
v -1.1 -0.9 0.1
v -1.2 -1 0
v -1.2 -0.9 0
v -1.1 -0.9 0
v -1.1 -1 0
v -1.1 -0.9 0.1
v -1.1 -1 0.1
v -1 -1 0.1
v -1 -0.9 0.1
v -1.1 -1 0
v -1.1 -0.9 0
v -1 -0.9 0
v -1 -1 0
v -1 -0.9 0.1
v -1 -1 0.1
v -0.9 -1 0.1
v -0.9 -0.9 0.1
v -1 -1 0
v -1 -0.9 0
v -0.9 -0.9 0
v -0.9 -1 0
v -0.9 -0.9 0.1
v -0.9 -1 0.1
v -0.8 -1 0.1
v -0.8 -0.9 0.1
v -0.9 -1 0
v -0.9 -0.9 0
v -0.8 -0.9 0
v -0.8 -1 0
v -0.8 -0.9 0.1
v -0.8 -1 0.1
v -0.7 -1 0.1
v -0.7 -0.9 0.1
v -0.8 -1 0
v -0.8 -0.9 0
v -0.7 -0.9 0
v -0.7 -1 0
v -0.7 -0.9 0.1
v -0.7 -1 0.1
v -0.6 -1 0.1
v -0.6 -0.9 0.1
v -0.7 -1 0
v -0.7 -0.9 0
v -0.6 -0.9 0
v -0.6 -1 0
v -0.6 -0.9 0.1
v -0.6 -1 0.1
v -0.5 -1 0.1
v -0.5 -0.9 0.1
v -0.6 -1 0
v -0.6 -0.9 0
v -0.5 -0.9 0
v -0.5 -1 0
v -0.5 -0.9 0.1
v -0.5 -1 0.1
v -0.4 -1 0.1
v -0.4 -0.9 0.1
v -0.5 -1 0
v -0.5 -0.9 0
v -0.4 -0.9 0
v -0.4 -1 0
v -0.4 -0.9 0.1
v -0.4 -1 0.1
v -0.3 -1 0.1
v -0.3 -0.9 0.1
v -0.4 -1 0
v -0.4 -0.9 0
v -0.3 -0.9 0
v -0.3 -1 0
v -0.3 -0.9 0.1
v -0.3 -1 0.1
v -0.2 -1 0.1
v -0.2 -0.9 0.1
v -0.3 -1 0
v -0.3 -0.9 0
v -0.2 -0.9 0
v -0.2 -1 0
v -0.2 -0.9 0.1
v -0.2 -1 0.1
v -0.1 -1 0.1
v -0.1 -0.9 0.1
v -0.2 -1 0
v -0.2 -0.9 0
v -0.1 -0.9 0
v -0.1 -1 0
v -0.1 -0.9 0.1
v -0.1 -1 0.1
v 0 -1 0.1
v 0 -0.9 0.1
v -0.1 -1 0
v -0.1 -0.9 0
v 0 -0.9 0
v 0 -1 0
v 0 -0.9 0.1
v 0 -1 0.1
v 0.1 -1 0.1
v 0.1 -0.9 0.1
v 0 -1 0
v 0 -0.9 0
v 0.1 -0.9 0
v 0.1 -1 0
v 0.1 -0.9 0.1
v 0.1 -1 0.1
v 0.2 -1 0.1
v 0.2 -0.9 0.1
v 0.1 -1 0
v 0.1 -0.9 0
v 0.2 -0.9 0
v 0.2 -1 0
v 0.2 -0.9 0.1
v 0.2 -1 0.1
v 0.3 -1 0.1
v 0.3 -0.9 0.1
v 0.2 -1 0
v 0.2 -0.9 0
v 0.3 -0.9 0
v 0.3 -1 0
v 0.3 -0.9 0.1
v 0.3 -1 0.1
v 0.4 -1 0.1
v 0.4 -0.9 0.1
v 0.3 -1 0
v 0.3 -0.9 0
v 0.4 -0.9 0
v 0.4 -1 0
v 0.4 -0.9 0.1
v 0.4 -1 0.1
v 0.5 -1 0.1
v 0.5 -0.9 0.1
v 0.4 -1 0
v 0.4 -0.9 0
v 0.5 -0.9 0
v 0.5 -1 0
v 0.5 -0.9 0.1
v 0.5 -1 0.1
v 0.6 -1 0.1
v 0.6 -0.9 0.1
v 0.5 -1 0
v 0.5 -0.9 0
v 0.6 -0.9 0
v 0.6 -1 0
v 0.6 -0.9 0.1
v 0.6 -1 0.1
v 0.7 -1 0.1
v 0.7 -0.9 0.1
v 0.6 -1 0
v 0.6 -0.9 0
v 0.7 -0.9 0
v 0.7 -1 0
v 0.7 -0.9 0.1
v 0.7 -1 0.1
v 0.8 -1 0.1
v 0.8 -0.9 0.1
v 0.7 -1 0
v 0.7 -0.9 0
v 0.8 -0.9 0
v 0.8 -1 0
v 0.8 -0.9 0.1
v 0.8 -1 0.1
v 0.9 -1 0.1
v 0.9 -0.9 0.1
v 0.8 -1 0
v 0.8 -0.9 0
v 0.9 -0.9 0
v 0.9 -1 0
v 0.9 -0.9 0.1
v 0.9 -1 0.1
v 1 -1 0.1
v 1 -0.9 0.1
v 0.9 -1 0
v 0.9 -0.9 0
v 1 -0.9 0
v 1 -1 0
v 1 -0.9 0.1
v 1 -1 0.1
v 1.1 -1 0.1
v 1.1 -0.9 0.1
v 1 -1 0
v 1 -0.9 0
v 1.1 -0.9 0
v 1.1 -1 0
v 1.2 -1 0.1
v 1.2 -1 0
v 1.2 -0.9 0
v 1.2 -0.9 0.1
v 1.1 -0.9 0.1
v 1.1 -1 0.1
v 1.2 -1 0.1
v 1.2 -0.9 0.1
v 1.1 -1 0
v 1.1 -0.9 0
v 1.2 -0.9 0
v 1.2 -1 0
v -1.2 -1 0.1
v -1.2 -1 0
v -1.2 -1.1 0
v -1.2 -1.1 0.1
v -1.2 -1 0.1
v -1.2 -1.1 0.1
v -1.1 -1.1 0.1
v -1.1 -1 0.1
v -1.2 -1.1 0
v -1.2 -1 0
v -1.1 -1 0
v -1.1 -1.1 0
v -1.1 -1 0.1
v -1.1 -1.1 0.1
v -1 -1.1 0.1
v -1 -1 0.1
v -1.1 -1.1 0
v -1.1 -1 0
v -1 -1 0
v -1 -1.1 0
v -1 -1 0.1
v -1 -1.1 0.1
v -0.9 -1.1 0.1
v -0.9 -1 0.1
v -1 -1.1 0
v -1 -1 0
v -0.9 -1 0
v -0.9 -1.1 0
v -0.9 -1 0.1
v -0.9 -1.1 0.1
v -0.8 -1.1 0.1
v -0.8 -1 0.1
v -0.9 -1.1 0
v -0.9 -1 0
v -0.8 -1 0
v -0.8 -1.1 0
v -0.8 -1 0.1
v -0.8 -1.1 0.1
v -0.7 -1.1 0.1
v -0.7 -1 0.1
v -0.8 -1.1 0
v -0.8 -1 0
v -0.7 -1 0
v -0.7 -1.1 0
v -0.7 -1 0.1
v -0.7 -1.1 0.1
v -0.6 -1.1 0.1
v -0.6 -1 0.1
v -0.7 -1.1 0
v -0.7 -1 0
v -0.6 -1 0
v -0.6 -1.1 0
v -0.6 -1 0.1
v -0.6 -1.1 0.1
v -0.5 -1.1 0.1
v -0.5 -1 0.1
v -0.6 -1.1 0
v -0.6 -1 0
v -0.5 -1 0
v -0.5 -1.1 0
v -0.5 -1 0.1
v -0.5 -1.1 0.1
v -0.4 -1.1 0.1
v -0.4 -1 0.1
v -0.5 -1.1 0
v -0.5 -1 0
v -0.4 -1 0
v -0.4 -1.1 0
v -0.4 -1 0.1
v -0.4 -1.1 0.1
v -0.3 -1.1 0.1
v -0.3 -1 0.1
v -0.4 -1.1 0
v -0.4 -1 0
v -0.3 -1 0
v -0.3 -1.1 0
v -0.3 -1 0.1
v -0.3 -1.1 0.1
v -0.2 -1.1 0.1
v -0.2 -1 0.1
v -0.3 -1.1 0
v -0.3 -1 0
v -0.2 -1 0
v -0.2 -1.1 0
v -0.2 -1 0.1
v -0.2 -1.1 0.1
v -0.1 -1.1 0.1
v -0.1 -1 0.1
v -0.2 -1.1 0
v -0.2 -1 0
v -0.1 -1 0
v -0.1 -1.1 0
v -0.1 -1 0.1
v -0.1 -1.1 0.1
v 0 -1.1 0.1
v 0 -1 0.1
v -0.1 -1.1 0
v -0.1 -1 0
v 0 -1 0
v 0 -1.1 0
v 0 -1 0.1
v 0 -1.1 0.1
v 0.1 -1.1 0.1
v 0.1 -1 0.1
v 0 -1.1 0
v 0 -1 0
v 0.1 -1 0
v 0.1 -1.1 0
v 0.1 -1 0.1
v 0.1 -1.1 0.1
v 0.2 -1.1 0.1
v 0.2 -1 0.1
v 0.1 -1.1 0
v 0.1 -1 0
v 0.2 -1 0
v 0.2 -1.1 0
v 0.2 -1 0.1
v 0.2 -1.1 0.1
v 0.3 -1.1 0.1
v 0.3 -1 0.1
v 0.2 -1.1 0
v 0.2 -1 0
v 0.3 -1 0
v 0.3 -1.1 0
v 0.3 -1 0.1
v 0.3 -1.1 0.1
v 0.4 -1.1 0.1
v 0.4 -1 0.1
v 0.3 -1.1 0
v 0.3 -1 0
v 0.4 -1 0
v 0.4 -1.1 0
v 0.4 -1 0.1
v 0.4 -1.1 0.1
v 0.5 -1.1 0.1
v 0.5 -1 0.1
v 0.4 -1.1 0
v 0.4 -1 0
v 0.5 -1 0
v 0.5 -1.1 0
v 0.5 -1 0.1
v 0.5 -1.1 0.1
v 0.6 -1.1 0.1
v 0.6 -1 0.1
v 0.5 -1.1 0
v 0.5 -1 0
v 0.6 -1 0
v 0.6 -1.1 0
v 0.6 -1 0.1
v 0.6 -1.1 0.1
v 0.7 -1.1 0.1
v 0.7 -1 0.1
v 0.6 -1.1 0
v 0.6 -1 0
v 0.7 -1 0
v 0.7 -1.1 0
v 0.7 -1 0.1
v 0.7 -1.1 0.1
v 0.8 -1.1 0.1
v 0.8 -1 0.1
v 0.7 -1.1 0
v 0.7 -1 0
v 0.8 -1 0
v 0.8 -1.1 0
v 0.8 -1 0.1
v 0.8 -1.1 0.1
v 0.9 -1.1 0.1
v 0.9 -1 0.1
v 0.8 -1.1 0
v 0.8 -1 0
v 0.9 -1 0
v 0.9 -1.1 0
v 0.9 -1 0.1
v 0.9 -1.1 0.1
v 1 -1.1 0.1
v 1 -1 0.1
v 0.9 -1.1 0
v 0.9 -1 0
v 1 -1 0
v 1 -1.1 0
v 1 -1 0.1
v 1 -1.1 0.1
v 1.1 -1.1 0.1
v 1.1 -1 0.1
v 1 -1.1 0
v 1 -1 0
v 1.1 -1 0
v 1.1 -1.1 0
v 1.2 -1.1 0.1
v 1.2 -1.1 0
v 1.2 -1 0
v 1.2 -1 0.1
v 1.1 -1 0.1
v 1.1 -1.1 0.1
v 1.2 -1.1 0.1
v 1.2 -1 0.1
v 1.1 -1.1 0
v 1.1 -1 0
v 1.2 -1 0
v 1.2 -1.1 0
v -1.2 -1.1 0.1
v -1.2 -1.1 0
v -1.2 -1.2 0
v -1.2 -1.2 0.1
v -1.2 -1.1 0.1
v -1.2 -1.2 0.1
v -1.1 -1.2 0.1
v -1.1 -1.1 0.1
v -1.2 -1.2 0
v -1.2 -1.1 0
v -1.1 -1.1 0
v -1.1 -1.2 0
v -1.2 -1.2 0.1
v -1.2 -1.2 0
v -1.1 -1.2 0
v -1.1 -1.2 0.1
v -1.1 -1.1 0.1
v -1.1 -1.2 0.1
v -1 -1.2 0.1
v -1 -1.1 0.1
v -1.1 -1.2 0
v -1.1 -1.1 0
v -1 -1.1 0
v -1 -1.2 0
v -1.1 -1.2 0.1
v -1.1 -1.2 0
v -1 -1.2 0
v -1 -1.2 0.1
v -1 -1.1 0.1
v -1 -1.2 0.1
v -0.9 -1.2 0.1
v -0.9 -1.1 0.1
v -1 -1.2 0
v -1 -1.1 0
v -0.9 -1.1 0
v -0.9 -1.2 0
v -1 -1.2 0.1
v -1 -1.2 0
v -0.9 -1.2 0
v -0.9 -1.2 0.1
v -0.9 -1.1 0.1
v -0.9 -1.2 0.1
v -0.8 -1.2 0.1
v -0.8 -1.1 0.1
v -0.9 -1.2 0
v -0.9 -1.1 0
v -0.8 -1.1 0
v -0.8 -1.2 0
v -0.9 -1.2 0.1
v -0.9 -1.2 0
v -0.8 -1.2 0
v -0.8 -1.2 0.1
v -0.8 -1.1 0.1
v -0.8 -1.2 0.1
v -0.7 -1.2 0.1
v -0.7 -1.1 0.1
v -0.8 -1.2 0
v -0.8 -1.1 0
v -0.7 -1.1 0
v -0.7 -1.2 0
v -0.8 -1.2 0.1
v -0.8 -1.2 0
v -0.7 -1.2 0
v -0.7 -1.2 0.1
v -0.7 -1.1 0.1
v -0.7 -1.2 0.1
v -0.6 -1.2 0.1
v -0.6 -1.1 0.1
v -0.7 -1.2 0
v -0.7 -1.1 0
v -0.6 -1.1 0
v -0.6 -1.2 0
v -0.7 -1.2 0.1
v -0.7 -1.2 0
v -0.6 -1.2 0
v -0.6 -1.2 0.1
v -0.6 -1.1 0.1
v -0.6 -1.2 0.1
v -0.5 -1.2 0.1
v -0.5 -1.1 0.1
v -0.6 -1.2 0
v -0.6 -1.1 0
v -0.5 -1.1 0
v -0.5 -1.2 0
v -0.6 -1.2 0.1
v -0.6 -1.2 0
v -0.5 -1.2 0
v -0.5 -1.2 0.1
v -0.5 -1.1 0.1
v -0.5 -1.2 0.1
v -0.4 -1.2 0.1
v -0.4 -1.1 0.1
v -0.5 -1.2 0
v -0.5 -1.1 0
v -0.4 -1.1 0
v -0.4 -1.2 0
v -0.5 -1.2 0.1
v -0.5 -1.2 0
v -0.4 -1.2 0
v -0.4 -1.2 0.1
v -0.4 -1.1 0.1
v -0.4 -1.2 0.1
v -0.3 -1.2 0.1
v -0.3 -1.1 0.1
v -0.4 -1.2 0
v -0.4 -1.1 0
v -0.3 -1.1 0
v -0.3 -1.2 0
v -0.4 -1.2 0.1
v -0.4 -1.2 0
v -0.3 -1.2 0
v -0.3 -1.2 0.1
v -0.3 -1.1 0.1
v -0.3 -1.2 0.1
v -0.2 -1.2 0.1
v -0.2 -1.1 0.1
v -0.3 -1.2 0
v -0.3 -1.1 0
v -0.2 -1.1 0
v -0.2 -1.2 0
v -0.3 -1.2 0.1
v -0.3 -1.2 0
v -0.2 -1.2 0
v -0.2 -1.2 0.1
v -0.2 -1.1 0.1
v -0.2 -1.2 0.1
v -0.1 -1.2 0.1
v -0.1 -1.1 0.1
v -0.2 -1.2 0
v -0.2 -1.1 0
v -0.1 -1.1 0
v -0.1 -1.2 0
v -0.2 -1.2 0.1
v -0.2 -1.2 0
v -0.1 -1.2 0
v -0.1 -1.2 0.1
v -0.1 -1.1 0.1
v -0.1 -1.2 0.1
v 0 -1.2 0.1
v 0 -1.1 0.1
v -0.1 -1.2 0
v -0.1 -1.1 0
v 0 -1.1 0
v 0 -1.2 0
v -0.1 -1.2 0.1
v -0.1 -1.2 0
v 0 -1.2 0
v 0 -1.2 0.1
v 0 -1.1 0.1
v 0 -1.2 0.1
v 0.1 -1.2 0.1
v 0.1 -1.1 0.1
v 0 -1.2 0
v 0 -1.1 0
v 0.1 -1.1 0
v 0.1 -1.2 0
v 0 -1.2 0.1
v 0 -1.2 0
v 0.1 -1.2 0
v 0.1 -1.2 0.1
v 0.1 -1.1 0.1
v 0.1 -1.2 0.1
v 0.2 -1.2 0.1
v 0.2 -1.1 0.1
v 0.1 -1.2 0
v 0.1 -1.1 0
v 0.2 -1.1 0
v 0.2 -1.2 0
v 0.1 -1.2 0.1
v 0.1 -1.2 0
v 0.2 -1.2 0
v 0.2 -1.2 0.1
v 0.2 -1.1 0.1
v 0.2 -1.2 0.1
v 0.3 -1.2 0.1
v 0.3 -1.1 0.1
v 0.2 -1.2 0
v 0.2 -1.1 0
v 0.3 -1.1 0
v 0.3 -1.2 0
v 0.2 -1.2 0.1
v 0.2 -1.2 0
v 0.3 -1.2 0
v 0.3 -1.2 0.1
v 0.3 -1.1 0.1
v 0.3 -1.2 0.1
v 0.4 -1.2 0.1
v 0.4 -1.1 0.1
v 0.3 -1.2 0
v 0.3 -1.1 0
v 0.4 -1.1 0
v 0.4 -1.2 0
v 0.3 -1.2 0.1
v 0.3 -1.2 0
v 0.4 -1.2 0
v 0.4 -1.2 0.1
v 0.4 -1.1 0.1
v 0.4 -1.2 0.1
v 0.5 -1.2 0.1
v 0.5 -1.1 0.1
v 0.4 -1.2 0
v 0.4 -1.1 0
v 0.5 -1.1 0
v 0.5 -1.2 0
v 0.4 -1.2 0.1
v 0.4 -1.2 0
v 0.5 -1.2 0
v 0.5 -1.2 0.1
v 0.5 -1.1 0.1
v 0.5 -1.2 0.1
v 0.6 -1.2 0.1
v 0.6 -1.1 0.1
v 0.5 -1.2 0
v 0.5 -1.1 0
v 0.6 -1.1 0
v 0.6 -1.2 0
v 0.5 -1.2 0.1
v 0.5 -1.2 0
v 0.6 -1.2 0
v 0.6 -1.2 0.1
v 0.6 -1.1 0.1
v 0.6 -1.2 0.1
v 0.7 -1.2 0.1
v 0.7 -1.1 0.1
v 0.6 -1.2 0
v 0.6 -1.1 0
v 0.7 -1.1 0
v 0.7 -1.2 0
v 0.6 -1.2 0.1
v 0.6 -1.2 0
v 0.7 -1.2 0
v 0.7 -1.2 0.1
v 0.7 -1.1 0.1
v 0.7 -1.2 0.1
v 0.8 -1.2 0.1
v 0.8 -1.1 0.1
v 0.7 -1.2 0
v 0.7 -1.1 0
v 0.8 -1.1 0
v 0.8 -1.2 0
v 0.7 -1.2 0.1
v 0.7 -1.2 0
v 0.8 -1.2 0
v 0.8 -1.2 0.1
v 0.8 -1.1 0.1
v 0.8 -1.2 0.1
v 0.9 -1.2 0.1
v 0.9 -1.1 0.1
v 0.8 -1.2 0
v 0.8 -1.1 0
v 0.9 -1.1 0
v 0.9 -1.2 0
v 0.8 -1.2 0.1
v 0.8 -1.2 0
v 0.9 -1.2 0
v 0.9 -1.2 0.1
v 0.9 -1.1 0.1
v 0.9 -1.2 0.1
v 1 -1.2 0.1
v 1 -1.1 0.1
v 0.9 -1.2 0
v 0.9 -1.1 0
v 1 -1.1 0
v 1 -1.2 0
v 0.9 -1.2 0.1
v 0.9 -1.2 0
v 1 -1.2 0
v 1 -1.2 0.1
v 1 -1.1 0.1
v 1 -1.2 0.1
v 1.1 -1.2 0.1
v 1.1 -1.1 0.1
v 1 -1.2 0
v 1 -1.1 0
v 1.1 -1.1 0
v 1.1 -1.2 0
v 1 -1.2 0.1
v 1 -1.2 0
v 1.1 -1.2 0
v 1.1 -1.2 0.1
v 1.2 -1.2 0.1
v 1.2 -1.2 0
v 1.2 -1.1 0
v 1.2 -1.1 0.1
v 1.1 -1.1 0.1
v 1.1 -1.2 0.1
v 1.2 -1.2 0.1
v 1.2 -1.1 0.1
v 1.1 -1.2 0
v 1.1 -1.1 0
v 1.2 -1.1 0
v 1.2 -1.2 0
v 1.1 -1.2 0.1
v 1.1 -1.2 0
v 1.2 -1.2 0
v 1.2 -1.2 0.1

# faces
f 1/2/1 2/2/1 3/2/1 4/2/1
f 5/2/3 6/2/3 7/2/3 8/2/3
f 9/2/4 10/2/4 11/2/4 12/2/4
f 13/2/6 14/2/6 15/2/6 16/2/6
f 17/2/3 18/2/3 19/2/3 20/2/3
f 21/2/4 22/2/4 23/2/4 24/2/4
f 25/2/6 26/2/6 27/2/6 28/2/6
f 29/2/3 30/2/3 31/2/3 32/2/3
f 33/2/4 34/2/4 35/2/4 36/2/4
f 37/2/6 38/2/6 39/2/6 40/2/6
f 41/2/3 42/2/3 43/2/3 44/2/3
f 45/2/4 46/2/4 47/2/4 48/2/4
f 49/2/6 50/2/6 51/2/6 52/2/6
f 53/2/3 54/2/3 55/2/3 56/2/3
f 57/2/4 58/2/4 59/2/4 60/2/4
f 61/2/6 62/2/6 63/2/6 64/2/6
f 65/2/3 66/2/3 67/2/3 68/2/3
f 69/2/4 70/2/4 71/2/4 72/2/4
f 73/2/6 74/2/6 75/2/6 76/2/6
f 77/2/3 78/2/3 79/2/3 80/2/3
f 81/2/4 82/2/4 83/2/4 84/2/4
f 85/2/6 86/2/6 87/2/6 88/2/6
f 89/2/3 90/2/3 91/2/3 92/2/3
f 93/2/4 94/2/4 95/2/4 96/2/4
f 97/2/6 98/2/6 99/2/6 100/2/6
f 101/2/3 102/2/3 103/2/3 104/2/3
f 105/2/4 106/2/4 107/2/4 108/2/4
f 109/2/6 110/2/6 111/2/6 112/2/6
f 113/2/3 114/2/3 115/2/3 116/2/3
f 117/2/4 118/2/4 119/2/4 120/2/4
f 121/2/6 122/2/6 123/2/6 124/2/6
f 125/2/3 126/2/3 127/2/3 128/2/3
f 129/2/4 130/2/4 131/2/4 132/2/4
f 133/2/6 134/2/6 135/2/6 136/2/6
f 137/6/3 138/6/3 139/6/3 140/6/3
f 141/6/4 142/6/4 143/6/4 144/6/4
f 145/6/6 146/6/6 147/6/6 148/6/6
f 149/5/3 150/5/3 151/5/3 152/5/3
f 153/5/4 154/5/4 155/5/4 156/5/4
f 157/5/6 158/5/6 159/5/6 160/5/6
f 161/9/3 162/9/3 163/9/3 164/9/3
f 165/9/4 166/9/4 167/9/4 168/9/4
f 169/9/6 170/9/6 171/9/6 172/9/6
f 173/9/3 174/9/3 175/9/3 176/9/3
f 177/9/4 178/9/4 179/9/4 180/9/4
f 181/9/6 182/9/6 183/9/6 184/9/6
f 185/9/3 186/9/3 187/9/3 188/9/3
f 189/9/4 190/9/4 191/9/4 192/9/4
f 193/9/6 194/9/6 195/9/6 196/9/6
f 197/8/3 198/8/3 199/8/3 200/8/3
f 201/8/4 202/8/4 203/8/4 204/8/4
f 205/8/6 206/8/6 207/8/6 208/8/6
f 209/8/3 210/8/3 211/8/3 212/8/3
f 213/8/4 214/8/4 215/8/4 216/8/4
f 217/8/6 218/8/6 219/8/6 220/8/6
f 221/8/3 222/8/3 223/8/3 224/8/3
f 225/8/4 226/8/4 227/8/4 228/8/4
f 229/8/6 230/8/6 231/8/6 232/8/6
f 233/8/3 234/8/3 235/8/3 236/8/3
f 237/8/4 238/8/4 239/8/4 240/8/4
f 241/8/6 242/8/6 243/8/6 244/8/6
f 245/8/3 246/8/3 247/8/3 248/8/3
f 249/8/4 250/8/4 251/8/4 252/8/4
f 253/8/6 254/8/6 255/8/6 256/8/6
f 257/8/3 258/8/3 259/8/3 260/8/3
f 261/8/4 262/8/4 263/8/4 264/8/4
f 265/8/6 266/8/6 267/8/6 268/8/6
f 269/8/3 270/8/3 271/8/3 272/8/3
f 273/8/4 274/8/4 275/8/4 276/8/4
f 277/8/6 278/8/6 279/8/6 280/8/6
f 281/9/2 282/9/2 283/9/2 284/9/2
f 285/9/3 286/9/3 287/9/3 288/9/3
f 289/9/4 290/9/4 291/9/4 292/9/4
f 293/9/6 294/9/6 295/9/6 296/9/6
f 297/2/1 298/2/1 299/2/1 300/2/1
f 301/2/3 302/2/3 303/2/3 304/2/3
f 305/2/4 306/2/4 307/2/4 308/2/4
f 309/2/3 310/2/3 311/2/3 312/2/3
f 313/2/4 314/2/4 315/2/4 316/2/4
f 317/2/3 318/2/3 319/2/3 320/2/3
f 321/2/4 322/2/4 323/2/4 324/2/4
f 325/2/3 326/2/3 327/2/3 328/2/3
f 329/2/4 330/2/4 331/2/4 332/2/4
f 333/2/3 334/2/3 335/2/3 336/2/3
f 337/2/4 338/2/4 339/2/4 340/2/4
f 341/2/3 342/2/3 343/2/3 344/2/3
f 345/2/4 346/2/4 347/2/4 348/2/4
f 349/2/3 350/2/3 351/2/3 352/2/3
f 353/2/4 354/2/4 355/2/4 356/2/4
f 357/2/3 358/2/3 359/2/3 360/2/3
f 361/2/4 362/2/4 363/2/4 364/2/4
f 365/2/3 366/2/3 367/2/3 368/2/3
f 369/2/4 370/2/4 371/2/4 372/2/4
f 373/2/3 374/2/3 375/2/3 376/2/3
f 377/2/4 378/2/4 379/2/4 380/2/4
f 381/2/3 382/2/3 383/2/3 384/2/3
f 385/2/4 386/2/4 387/2/4 388/2/4
f 389/6/3 390/6/3 391/6/3 392/6/3
f 393/6/4 394/6/4 395/6/4 396/6/4
f 397/5/3 398/5/3 399/5/3 400/5/3
f 401/5/4 402/5/4 403/5/4 404/5/4
f 405/8/3 406/8/3 407/8/3 408/8/3
f 409/8/4 410/8/4 411/8/4 412/8/4
f 413/8/3 414/8/3 415/8/3 416/8/3
f 417/8/4 418/8/4 419/8/4 420/8/4
f 421/1/3 422/1/3 423/1/3 424/1/3
f 425/1/4 426/1/4 427/1/4 428/1/4
f 429/1/3 430/1/3 431/1/3 432/1/3
f 433/1/4 434/1/4 435/1/4 436/1/4
f 437/1/3 438/1/3 439/1/3 440/1/3
f 441/1/4 442/1/4 443/1/4 444/1/4
f 445/1/3 446/1/3 447/1/3 448/1/3
f 449/1/4 450/1/4 451/1/4 452/1/4
f 453/1/3 454/1/3 455/1/3 456/1/3
f 457/1/4 458/1/4 459/1/4 460/1/4
f 461/1/3 462/1/3 463/1/3 464/1/3
f 465/1/4 466/1/4 467/1/4 468/1/4
f 469/1/3 470/1/3 471/1/3 472/1/3
f 473/1/4 474/1/4 475/1/4 476/1/4
f 477/9/3 478/9/3 479/9/3 480/9/3
f 481/9/4 482/9/4 483/9/4 484/9/4
f 485/8/2 486/8/2 487/8/2 488/8/2
f 489/8/3 490/8/3 491/8/3 492/8/3
f 493/8/4 494/8/4 495/8/4 496/8/4
f 497/2/1 498/2/1 499/2/1 500/2/1
f 501/2/3 502/2/3 503/2/3 504/2/3
f 505/2/4 506/2/4 507/2/4 508/2/4
f 509/2/3 510/2/3 511/2/3 512/2/3
f 513/2/4 514/2/4 515/2/4 516/2/4
f 517/2/3 518/2/3 519/2/3 520/2/3
f 521/2/4 522/2/4 523/2/4 524/2/4
f 525/2/3 526/2/3 527/2/3 528/2/3
f 529/2/4 530/2/4 531/2/4 532/2/4
f 533/2/3 534/2/3 535/2/3 536/2/3
f 537/2/4 538/2/4 539/2/4 540/2/4
f 541/2/3 542/2/3 543/2/3 544/2/3
f 545/2/4 546/2/4 547/2/4 548/2/4
f 549/2/3 550/2/3 551/2/3 552/2/3
f 553/2/4 554/2/4 555/2/4 556/2/4
f 557/2/3 558/2/3 559/2/3 560/2/3
f 561/2/4 562/2/4 563/2/4 564/2/4
f 565/2/3 566/2/3 567/2/3 568/2/3
f 569/2/4 570/2/4 571/2/4 572/2/4
f 573/2/3 574/2/3 575/2/3 576/2/3
f 577/2/4 578/2/4 579/2/4 580/2/4
f 581/2/3 582/2/3 583/2/3 584/2/3
f 585/2/4 586/2/4 587/2/4 588/2/4
f 589/6/3 590/6/3 591/6/3 592/6/3
f 593/6/4 594/6/4 595/6/4 596/6/4
f 597/5/3 598/5/3 599/5/3 600/5/3
f 601/5/4 602/5/4 603/5/4 604/5/4
f 605/1/3 606/1/3 607/1/3 608/1/3
f 609/1/4 610/1/4 611/1/4 612/1/4
f 613/1/3 614/1/3 615/1/3 616/1/3
f 617/1/4 618/1/4 619/1/4 620/1/4
f 621/8/3 622/8/3 623/8/3 624/8/3
f 625/8/4 626/8/4 627/8/4 628/8/4
f 629/8/3 630/8/3 631/8/3 632/8/3
f 633/8/4 634/8/4 635/8/4 636/8/4
f 637/8/3 638/8/3 639/8/3 640/8/3
f 641/8/4 642/8/4 643/8/4 644/8/4
f 645/1/3 646/1/3 647/1/3 648/1/3
f 649/1/4 650/1/4 651/1/4 652/1/4
f 653/1/3 654/1/3 655/1/3 656/1/3
f 657/1/4 658/1/4 659/1/4 660/1/4
f 661/1/3 662/1/3 663/1/3 664/1/3
f 665/1/4 666/1/4 667/1/4 668/1/4
f 669/9/3 670/9/3 671/9/3 672/9/3
f 673/9/4 674/9/4 675/9/4 676/9/4
f 677/9/3 678/9/3 679/9/3 680/9/3
f 681/9/4 682/9/4 683/9/4 684/9/4
f 685/8/2 686/8/2 687/8/2 688/8/2
f 689/8/3 690/8/3 691/8/3 692/8/3
f 693/8/4 694/8/4 695/8/4 696/8/4
f 697/2/1 698/2/1 699/2/1 700/2/1
f 701/2/3 702/2/3 703/2/3 704/2/3
f 705/2/4 706/2/4 707/2/4 708/2/4
f 709/2/3 710/2/3 711/2/3 712/2/3
f 713/2/4 714/2/4 715/2/4 716/2/4
f 717/2/3 718/2/3 719/2/3 720/2/3
f 721/2/4 722/2/4 723/2/4 724/2/4
f 725/2/3 726/2/3 727/2/3 728/2/3
f 729/2/4 730/2/4 731/2/4 732/2/4
f 733/2/3 734/2/3 735/2/3 736/2/3
f 737/2/4 738/2/4 739/2/4 740/2/4
f 741/2/3 742/2/3 743/2/3 744/2/3
f 745/2/4 746/2/4 747/2/4 748/2/4
f 749/2/3 750/2/3 751/2/3 752/2/3
f 753/2/4 754/2/4 755/2/4 756/2/4
f 757/2/3 758/2/3 759/2/3 760/2/3
f 761/2/4 762/2/4 763/2/4 764/2/4
f 765/2/3 766/2/3 767/2/3 768/2/3
f 769/2/4 770/2/4 771/2/4 772/2/4
f 773/2/3 774/2/3 775/2/3 776/2/3
f 777/2/4 778/2/4 779/2/4 780/2/4
f 781/2/3 782/2/3 783/2/3 784/2/3
f 785/2/4 786/2/4 787/2/4 788/2/4
f 789/6/3 790/6/3 791/6/3 792/6/3
f 793/6/4 794/6/4 795/6/4 796/6/4
f 797/5/3 798/5/3 799/5/3 800/5/3
f 801/5/4 802/5/4 803/5/4 804/5/4
f 805/9/3 806/9/3 807/9/3 808/9/3
f 809/9/4 810/9/4 811/9/4 812/9/4
f 813/8/3 814/8/3 815/8/3 816/8/3
f 817/8/4 818/8/4 819/8/4 820/8/4
f 821/1/3 822/1/3 823/1/3 824/1/3
f 825/1/4 826/1/4 827/1/4 828/1/4
f 829/1/3 830/1/3 831/1/3 832/1/3
f 833/1/4 834/1/4 835/1/4 836/1/4
f 837/1/3 838/1/3 839/1/3 840/1/3
f 841/1/4 842/1/4 843/1/4 844/1/4
f 845/8/3 846/8/3 847/8/3 848/8/3
f 849/8/4 850/8/4 851/8/4 852/8/4
f 853/8/3 854/8/3 855/8/3 856/8/3
f 857/8/4 858/8/4 859/8/4 860/8/4
f 861/8/3 862/8/3 863/8/3 864/8/3
f 865/8/4 866/8/4 867/8/4 868/8/4
f 869/8/3 870/8/3 871/8/3 872/8/3
f 873/8/4 874/8/4 875/8/4 876/8/4
f 877/9/3 878/9/3 879/9/3 880/9/3
f 881/9/4 882/9/4 883/9/4 884/9/4
f 885/8/2 886/8/2 887/8/2 888/8/2
f 889/8/3 890/8/3 891/8/3 892/8/3
f 893/8/4 894/8/4 895/8/4 896/8/4
f 897/2/1 898/2/1 899/2/1 900/2/1
f 901/2/3 902/2/3 903/2/3 904/2/3
f 905/2/4 906/2/4 907/2/4 908/2/4
f 909/2/3 910/2/3 911/2/3 912/2/3
f 913/2/4 914/2/4 915/2/4 916/2/4
f 917/2/3 918/2/3 919/2/3 920/2/3
f 921/2/4 922/2/4 923/2/4 924/2/4
f 925/2/3 926/2/3 927/2/3 928/2/3
f 929/2/4 930/2/4 931/2/4 932/2/4
f 933/2/3 934/2/3 935/2/3 936/2/3
f 937/2/4 938/2/4 939/2/4 940/2/4
f 941/2/3 942/2/3 943/2/3 944/2/3
f 945/2/4 946/2/4 947/2/4 948/2/4
f 949/2/3 950/2/3 951/2/3 952/2/3
f 953/2/4 954/2/4 955/2/4 956/2/4
f 957/2/3 958/2/3 959/2/3 960/2/3
f 961/2/4 962/2/4 963/2/4 964/2/4
f 965/2/3 966/2/3 967/2/3 968/2/3
f 969/2/4 970/2/4 971/2/4 972/2/4
f 973/2/3 974/2/3 975/2/3 976/2/3
f 977/2/4 978/2/4 979/2/4 980/2/4
f 981/2/3 982/2/3 983/2/3 984/2/3
f 985/2/4 986/2/4 987/2/4 988/2/4
f 989/6/3 990/6/3 991/6/3 992/6/3
f 993/6/4 994/6/4 995/6/4 996/6/4
f 997/5/3 998/5/3 999/5/3 1000/5/3
f 1001/5/4 1002/5/4 1003/5/4 1004/5/4
f 1005/9/3 1006/9/3 1007/9/3 1008/9/3
f 1009/9/4 1010/9/4 1011/9/4 1012/9/4
f 1013/9/3 1014/9/3 1015/9/3 1016/9/3
f 1017/9/4 1018/9/4 1019/9/4 1020/9/4
f 1021/8/3 1022/8/3 1023/8/3 1024/8/3
f 1025/8/4 1026/8/4 1027/8/4 1028/8/4
f 1029/7/3 1030/7/3 1031/7/3 1032/7/3
f 1033/7/4 1034/7/4 1035/7/4 1036/7/4
f 1037/7/3 1038/7/3 1039/7/3 1040/7/3
f 1041/7/4 1042/7/4 1043/7/4 1044/7/4
f 1045/7/3 1046/7/3 1047/7/3 1048/7/3
f 1049/7/4 1050/7/4 1051/7/4 1052/7/4
f 1053/7/3 1054/7/3 1055/7/3 1056/7/3
f 1057/7/4 1058/7/4 1059/7/4 1060/7/4
f 1061/7/3 1062/7/3 1063/7/3 1064/7/3
f 1065/7/4 1066/7/4 1067/7/4 1068/7/4
f 1069/7/3 1070/7/3 1071/7/3 1072/7/3
f 1073/7/4 1074/7/4 1075/7/4 1076/7/4
f 1077/7/3 1078/7/3 1079/7/3 1080/7/3
f 1081/7/4 1082/7/4 1083/7/4 1084/7/4
f 1085/7/2 1086/7/2 1087/7/2 1088/7/2
f 1089/7/3 1090/7/3 1091/7/3 1092/7/3
f 1093/7/4 1094/7/4 1095/7/4 1096/7/4
f 1097/2/1 1098/2/1 1099/2/1 1100/2/1
f 1101/2/3 1102/2/3 1103/2/3 1104/2/3
f 1105/2/4 1106/2/4 1107/2/4 1108/2/4
f 1109/2/3 1110/2/3 1111/2/3 1112/2/3
f 1113/2/4 1114/2/4 1115/2/4 1116/2/4
f 1117/2/3 1118/2/3 1119/2/3 1120/2/3
f 1121/2/4 1122/2/4 1123/2/4 1124/2/4
f 1125/2/3 1126/2/3 1127/2/3 1128/2/3
f 1129/2/4 1130/2/4 1131/2/4 1132/2/4
f 1133/2/3 1134/2/3 1135/2/3 1136/2/3
f 1137/2/4 1138/2/4 1139/2/4 1140/2/4
f 1141/2/3 1142/2/3 1143/2/3 1144/2/3
f 1145/2/4 1146/2/4 1147/2/4 1148/2/4
f 1149/2/3 1150/2/3 1151/2/3 1152/2/3
f 1153/2/4 1154/2/4 1155/2/4 1156/2/4
f 1157/2/3 1158/2/3 1159/2/3 1160/2/3
f 1161/2/4 1162/2/4 1163/2/4 1164/2/4
f 1165/2/3 1166/2/3 1167/2/3 1168/2/3
f 1169/2/4 1170/2/4 1171/2/4 1172/2/4
f 1173/2/3 1174/2/3 1175/2/3 1176/2/3
f 1177/2/4 1178/2/4 1179/2/4 1180/2/4
f 1181/2/3 1182/2/3 1183/2/3 1184/2/3
f 1185/2/4 1186/2/4 1187/2/4 1188/2/4
f 1189/6/3 1190/6/3 1191/6/3 1192/6/3
f 1193/6/4 1194/6/4 1195/6/4 1196/6/4
f 1197/10/3 1198/10/3 1199/10/3 1200/10/3
f 1201/10/4 1202/10/4 1203/10/4 1204/10/4
f 1205/8/3 1206/8/3 1207/8/3 1208/8/3
f 1209/8/4 1210/8/4 1211/8/4 1212/8/4
f 1213/8/3 1214/8/3 1215/8/3 1216/8/3
f 1217/8/4 1218/8/4 1219/8/4 1220/8/4
f 1221/8/3 1222/8/3 1223/8/3 1224/8/3
f 1225/8/4 1226/8/4 1227/8/4 1228/8/4
f 1229/7/3 1230/7/3 1231/7/3 1232/7/3
f 1233/7/4 1234/7/4 1235/7/4 1236/7/4
f 1237/11/3 1238/11/3 1239/11/3 1240/11/3
f 1241/11/4 1242/11/4 1243/11/4 1244/11/4
f 1245/8/3 1246/8/3 1247/8/3 1248/8/3
f 1249/8/4 1250/8/4 1251/8/4 1252/8/4
f 1253/8/3 1254/8/3 1255/8/3 1256/8/3
f 1257/8/4 1258/8/4 1259/8/4 1260/8/4
f 1261/8/3 1262/8/3 1263/8/3 1264/8/3
f 1265/8/4 1266/8/4 1267/8/4 1268/8/4
f 1269/8/3 1270/8/3 1271/8/3 1272/8/3
f 1273/8/4 1274/8/4 1275/8/4 1276/8/4
f 1277/8/3 1278/8/3 1279/8/3 1280/8/3
f 1281/8/4 1282/8/4 1283/8/4 1284/8/4
f 1285/8/2 1286/8/2 1287/8/2 1288/8/2
f 1289/8/3 1290/8/3 1291/8/3 1292/8/3
f 1293/8/4 1294/8/4 1295/8/4 1296/8/4
f 1297/2/1 1298/2/1 1299/2/1 1300/2/1
f 1301/2/3 1302/2/3 1303/2/3 1304/2/3
f 1305/2/4 1306/2/4 1307/2/4 1308/2/4
f 1309/2/3 1310/2/3 1311/2/3 1312/2/3
f 1313/2/4 1314/2/4 1315/2/4 1316/2/4
f 1317/2/3 1318/2/3 1319/2/3 1320/2/3
f 1321/2/4 1322/2/4 1323/2/4 1324/2/4
f 1325/2/3 1326/2/3 1327/2/3 1328/2/3
f 1329/2/4 1330/2/4 1331/2/4 1332/2/4
f 1333/2/3 1334/2/3 1335/2/3 1336/2/3
f 1337/2/4 1338/2/4 1339/2/4 1340/2/4
f 1341/2/3 1342/2/3 1343/2/3 1344/2/3
f 1345/2/4 1346/2/4 1347/2/4 1348/2/4
f 1349/2/3 1350/2/3 1351/2/3 1352/2/3
f 1353/2/4 1354/2/4 1355/2/4 1356/2/4
f 1357/2/3 1358/2/3 1359/2/3 1360/2/3
f 1361/2/4 1362/2/4 1363/2/4 1364/2/4
f 1365/2/3 1366/2/3 1367/2/3 1368/2/3
f 1369/2/4 1370/2/4 1371/2/4 1372/2/4
f 1373/2/3 1374/2/3 1375/2/3 1376/2/3
f 1377/2/4 1378/2/4 1379/2/4 1380/2/4
f 1381/2/3 1382/2/3 1383/2/3 1384/2/3
f 1385/2/4 1386/2/4 1387/2/4 1388/2/4
f 1389/6/3 1390/6/3 1391/6/3 1392/6/3
f 1393/6/4 1394/6/4 1395/6/4 1396/6/4
f 1397/7/3 1398/7/3 1399/7/3 1400/7/3
f 1401/7/4 1402/7/4 1403/7/4 1404/7/4
f 1405/7/3 1406/7/3 1407/7/3 1408/7/3
f 1409/7/4 1410/7/4 1411/7/4 1412/7/4
f 1413/7/3 1414/7/3 1415/7/3 1416/7/3
f 1417/7/4 1418/7/4 1419/7/4 1420/7/4
f 1421/7/3 1422/7/3 1423/7/3 1424/7/3
f 1425/7/4 1426/7/4 1427/7/4 1428/7/4
f 1429/7/3 1430/7/3 1431/7/3 1432/7/3
f 1433/7/4 1434/7/4 1435/7/4 1436/7/4
f 1437/7/3 1438/7/3 1439/7/3 1440/7/3
f 1441/7/4 1442/7/4 1443/7/4 1444/7/4
f 1445/7/3 1446/7/3 1447/7/3 1448/7/3
f 1449/7/4 1450/7/4 1451/7/4 1452/7/4
f 1453/8/3 1454/8/3 1455/8/3 1456/8/3
f 1457/8/4 1458/8/4 1459/8/4 1460/8/4
f 1461/9/3 1462/9/3 1463/9/3 1464/9/3
f 1465/9/4 1466/9/4 1467/9/4 1468/9/4
f 1469/8/3 1470/8/3 1471/8/3 1472/8/3
f 1473/8/4 1474/8/4 1475/8/4 1476/8/4
f 1477/8/3 1478/8/3 1479/8/3 1480/8/3
f 1481/8/4 1482/8/4 1483/8/4 1484/8/4
f 1485/9/2 1486/9/2 1487/9/2 1488/9/2
f 1489/9/3 1490/9/3 1491/9/3 1492/9/3
f 1493/9/4 1494/9/4 1495/9/4 1496/9/4
f 1497/2/1 1498/2/1 1499/2/1 1500/2/1
f 1501/2/3 1502/2/3 1503/2/3 1504/2/3
f 1505/2/4 1506/2/4 1507/2/4 1508/2/4
f 1509/2/3 1510/2/3 1511/2/3 1512/2/3
f 1513/2/4 1514/2/4 1515/2/4 1516/2/4
f 1517/2/3 1518/2/3 1519/2/3 1520/2/3
f 1521/2/4 1522/2/4 1523/2/4 1524/2/4
f 1525/2/3 1526/2/3 1527/2/3 1528/2/3
f 1529/2/4 1530/2/4 1531/2/4 1532/2/4
f 1533/2/3 1534/2/3 1535/2/3 1536/2/3
f 1537/2/4 1538/2/4 1539/2/4 1540/2/4
f 1541/2/3 1542/2/3 1543/2/3 1544/2/3
f 1545/2/4 1546/2/4 1547/2/4 1548/2/4
f 1549/2/3 1550/2/3 1551/2/3 1552/2/3
f 1553/2/4 1554/2/4 1555/2/4 1556/2/4
f 1557/2/3 1558/2/3 1559/2/3 1560/2/3
f 1561/2/4 1562/2/4 1563/2/4 1564/2/4
f 1565/2/3 1566/2/3 1567/2/3 1568/2/3
f 1569/2/4 1570/2/4 1571/2/4 1572/2/4
f 1573/2/3 1574/2/3 1575/2/3 1576/2/3
f 1577/2/4 1578/2/4 1579/2/4 1580/2/4
f 1581/2/3 1582/2/3 1583/2/3 1584/2/3
f 1585/2/4 1586/2/4 1587/2/4 1588/2/4
f 1589/6/3 1590/6/3 1591/6/3 1592/6/3
f 1593/6/4 1594/6/4 1595/6/4 1596/6/4
f 1597/5/3 1598/5/3 1599/5/3 1600/5/3
f 1601/5/4 1602/5/4 1603/5/4 1604/5/4
f 1605/8/3 1606/8/3 1607/8/3 1608/8/3
f 1609/8/4 1610/8/4 1611/8/4 1612/8/4
f 1613/8/3 1614/8/3 1615/8/3 1616/8/3
f 1617/8/4 1618/8/4 1619/8/4 1620/8/4
f 1621/8/3 1622/8/3 1623/8/3 1624/8/3
f 1625/8/4 1626/8/4 1627/8/4 1628/8/4
f 1629/8/3 1630/8/3 1631/8/3 1632/8/3
f 1633/8/4 1634/8/4 1635/8/4 1636/8/4
f 1637/11/3 1638/11/3 1639/11/3 1640/11/3
f 1641/11/4 1642/11/4 1643/11/4 1644/11/4
f 1645/7/3 1646/7/3 1647/7/3 1648/7/3
f 1649/7/4 1650/7/4 1651/7/4 1652/7/4
f 1653/9/3 1654/9/3 1655/9/3 1656/9/3
f 1657/9/4 1658/9/4 1659/9/4 1660/9/4
f 1661/8/3 1662/8/3 1663/8/3 1664/8/3
f 1665/8/4 1666/8/4 1667/8/4 1668/8/4
f 1669/1/3 1670/1/3 1671/1/3 1672/1/3
f 1673/1/4 1674/1/4 1675/1/4 1676/1/4
f 1677/9/3 1678/9/3 1679/9/3 1680/9/3
f 1681/9/4 1682/9/4 1683/9/4 1684/9/4
f 1685/8/2 1686/8/2 1687/8/2 1688/8/2
f 1689/8/3 1690/8/3 1691/8/3 1692/8/3
f 1693/8/4 1694/8/4 1695/8/4 1696/8/4
f 1697/2/1 1698/2/1 1699/2/1 1700/2/1
f 1701/2/3 1702/2/3 1703/2/3 1704/2/3
f 1705/2/4 1706/2/4 1707/2/4 1708/2/4
f 1709/2/3 1710/2/3 1711/2/3 1712/2/3
f 1713/2/4 1714/2/4 1715/2/4 1716/2/4
f 1717/2/3 1718/2/3 1719/2/3 1720/2/3
f 1721/2/4 1722/2/4 1723/2/4 1724/2/4
f 1725/2/3 1726/2/3 1727/2/3 1728/2/3
f 1729/2/4 1730/2/4 1731/2/4 1732/2/4
f 1733/2/3 1734/2/3 1735/2/3 1736/2/3
f 1737/2/4 1738/2/4 1739/2/4 1740/2/4
f 1741/2/3 1742/2/3 1743/2/3 1744/2/3
f 1745/2/4 1746/2/4 1747/2/4 1748/2/4
f 1749/2/3 1750/2/3 1751/2/3 1752/2/3
f 1753/2/4 1754/2/4 1755/2/4 1756/2/4
f 1757/2/3 1758/2/3 1759/2/3 1760/2/3
f 1761/2/4 1762/2/4 1763/2/4 1764/2/4
f 1765/2/3 1766/2/3 1767/2/3 1768/2/3
f 1769/2/4 1770/2/4 1771/2/4 1772/2/4
f 1773/2/3 1774/2/3 1775/2/3 1776/2/3
f 1777/2/4 1778/2/4 1779/2/4 1780/2/4
f 1781/2/3 1782/2/3 1783/2/3 1784/2/3
f 1785/2/4 1786/2/4 1787/2/4 1788/2/4
f 1789/6/3 1790/6/3 1791/6/3 1792/6/3
f 1793/6/4 1794/6/4 1795/6/4 1796/6/4
f 1797/9/3 1798/9/3 1799/9/3 1800/9/3
f 1801/9/4 1802/9/4 1803/9/4 1804/9/4
f 1805/8/3 1806/8/3 1807/8/3 1808/8/3
f 1809/8/4 1810/8/4 1811/8/4 1812/8/4
f 1813/8/3 1814/8/3 1815/8/3 1816/8/3
f 1817/8/4 1818/8/4 1819/8/4 1820/8/4
f 1821/9/3 1822/9/3 1823/9/3 1824/9/3
f 1825/9/4 1826/9/4 1827/9/4 1828/9/4
f 1829/1/3 1830/1/3 1831/1/3 1832/1/3
f 1833/1/4 1834/1/4 1835/1/4 1836/1/4
f 1837/8/3 1838/8/3 1839/8/3 1840/8/3
f 1841/8/4 1842/8/4 1843/8/4 1844/8/4
f 1845/7/3 1846/7/3 1847/7/3 1848/7/3
f 1849/7/4 1850/7/4 1851/7/4 1852/7/4
f 1853/9/3 1854/9/3 1855/9/3 1856/9/3
f 1857/9/4 1858/9/4 1859/9/4 1860/9/4
f 1861/1/3 1862/1/3 1863/1/3 1864/1/3
f 1865/1/4 1866/1/4 1867/1/4 1868/1/4
f 1869/8/3 1870/8/3 1871/8/3 1872/8/3
f 1873/8/4 1874/8/4 1875/8/4 1876/8/4
f 1877/9/3 1878/9/3 1879/9/3 1880/9/3
f 1881/9/4 1882/9/4 1883/9/4 1884/9/4
f 1885/1/2 1886/1/2 1887/1/2 1888/1/2
f 1889/1/3 1890/1/3 1891/1/3 1892/1/3
f 1893/1/4 1894/1/4 1895/1/4 1896/1/4
f 1897/2/1 1898/2/1 1899/2/1 1900/2/1
f 1901/2/3 1902/2/3 1903/2/3 1904/2/3
f 1905/2/4 1906/2/4 1907/2/4 1908/2/4
f 1909/2/3 1910/2/3 1911/2/3 1912/2/3
f 1913/2/4 1914/2/4 1915/2/4 1916/2/4
f 1917/2/3 1918/2/3 1919/2/3 1920/2/3
f 1921/2/4 1922/2/4 1923/2/4 1924/2/4
f 1925/2/3 1926/2/3 1927/2/3 1928/2/3
f 1929/2/4 1930/2/4 1931/2/4 1932/2/4
f 1933/2/3 1934/2/3 1935/2/3 1936/2/3
f 1937/2/4 1938/2/4 1939/2/4 1940/2/4
f 1941/2/3 1942/2/3 1943/2/3 1944/2/3
f 1945/2/4 1946/2/4 1947/2/4 1948/2/4
f 1949/2/3 1950/2/3 1951/2/3 1952/2/3
f 1953/2/4 1954/2/4 1955/2/4 1956/2/4
f 1957/2/3 1958/2/3 1959/2/3 1960/2/3
f 1961/2/4 1962/2/4 1963/2/4 1964/2/4
f 1965/2/3 1966/2/3 1967/2/3 1968/2/3
f 1969/2/4 1970/2/4 1971/2/4 1972/2/4
f 1973/2/3 1974/2/3 1975/2/3 1976/2/3
f 1977/2/4 1978/2/4 1979/2/4 1980/2/4
f 1981/2/3 1982/2/3 1983/2/3 1984/2/3
f 1985/2/4 1986/2/4 1987/2/4 1988/2/4
f 1989/6/3 1990/6/3 1991/6/3 1992/6/3
f 1993/6/4 1994/6/4 1995/6/4 1996/6/4
f 1997/5/3 1998/5/3 1999/5/3 2000/5/3
f 2001/5/4 2002/5/4 2003/5/4 2004/5/4
f 2005/9/3 2006/9/3 2007/9/3 2008/9/3
f 2009/9/4 2010/9/4 2011/9/4 2012/9/4
f 2013/1/3 2014/1/3 2015/1/3 2016/1/3
f 2017/1/4 2018/1/4 2019/1/4 2020/1/4
f 2021/8/3 2022/8/3 2023/8/3 2024/8/3
f 2025/8/4 2026/8/4 2027/8/4 2028/8/4
f 2029/8/3 2030/8/3 2031/8/3 2032/8/3
f 2033/8/4 2034/8/4 2035/8/4 2036/8/4
f 2037/8/3 2038/8/3 2039/8/3 2040/8/3
f 2041/8/4 2042/8/4 2043/8/4 2044/8/4
f 2045/7/3 2046/7/3 2047/7/3 2048/7/3
f 2049/7/4 2050/7/4 2051/7/4 2052/7/4
f 2053/8/3 2054/8/3 2055/8/3 2056/8/3
f 2057/8/4 2058/8/4 2059/8/4 2060/8/4
f 2061/1/3 2062/1/3 2063/1/3 2064/1/3
f 2065/1/4 2066/1/4 2067/1/4 2068/1/4
f 2069/8/3 2070/8/3 2071/8/3 2072/8/3
f 2073/8/4 2074/8/4 2075/8/4 2076/8/4
f 2077/9/3 2078/9/3 2079/9/3 2080/9/3
f 2081/9/4 2082/9/4 2083/9/4 2084/9/4
f 2085/1/2 2086/1/2 2087/1/2 2088/1/2
f 2089/1/3 2090/1/3 2091/1/3 2092/1/3
f 2093/1/4 2094/1/4 2095/1/4 2096/1/4
f 2097/2/1 2098/2/1 2099/2/1 2100/2/1
f 2101/2/3 2102/2/3 2103/2/3 2104/2/3
f 2105/2/4 2106/2/4 2107/2/4 2108/2/4
f 2109/2/3 2110/2/3 2111/2/3 2112/2/3
f 2113/2/4 2114/2/4 2115/2/4 2116/2/4
f 2117/2/3 2118/2/3 2119/2/3 2120/2/3
f 2121/2/4 2122/2/4 2123/2/4 2124/2/4
f 2125/2/3 2126/2/3 2127/2/3 2128/2/3
f 2129/2/4 2130/2/4 2131/2/4 2132/2/4
f 2133/2/3 2134/2/3 2135/2/3 2136/2/3
f 2137/2/4 2138/2/4 2139/2/4 2140/2/4
f 2141/2/3 2142/2/3 2143/2/3 2144/2/3
f 2145/2/4 2146/2/4 2147/2/4 2148/2/4
f 2149/2/3 2150/2/3 2151/2/3 2152/2/3
f 2153/2/4 2154/2/4 2155/2/4 2156/2/4
f 2157/2/3 2158/2/3 2159/2/3 2160/2/3
f 2161/2/4 2162/2/4 2163/2/4 2164/2/4
f 2165/2/3 2166/2/3 2167/2/3 2168/2/3
f 2169/2/4 2170/2/4 2171/2/4 2172/2/4
f 2173/2/3 2174/2/3 2175/2/3 2176/2/3
f 2177/2/4 2178/2/4 2179/2/4 2180/2/4
f 2181/2/3 2182/2/3 2183/2/3 2184/2/3
f 2185/2/4 2186/2/4 2187/2/4 2188/2/4
f 2189/6/3 2190/6/3 2191/6/3 2192/6/3
f 2193/6/4 2194/6/4 2195/6/4 2196/6/4
f 2197/9/3 2198/9/3 2199/9/3 2200/9/3
f 2201/9/4 2202/9/4 2203/9/4 2204/9/4
f 2205/1/3 2206/1/3 2207/1/3 2208/1/3
f 2209/1/4 2210/1/4 2211/1/4 2212/1/4
f 2213/8/3 2214/8/3 2215/8/3 2216/8/3
f 2217/8/4 2218/8/4 2219/8/4 2220/8/4
f 2221/1/3 2222/1/3 2223/1/3 2224/1/3
f 2225/1/4 2226/1/4 2227/1/4 2228/1/4
f 2229/8/3 2230/8/3 2231/8/3 2232/8/3
f 2233/8/4 2234/8/4 2235/8/4 2236/8/4
f 2237/11/3 2238/11/3 2239/11/3 2240/11/3
f 2241/11/4 2242/11/4 2243/11/4 2244/11/4
f 2245/7/3 2246/7/3 2247/7/3 2248/7/3
f 2249/7/4 2250/7/4 2251/7/4 2252/7/4
f 2253/9/3 2254/9/3 2255/9/3 2256/9/3
f 2257/9/4 2258/9/4 2259/9/4 2260/9/4
f 2261/1/3 2262/1/3 2263/1/3 2264/1/3
f 2265/1/4 2266/1/4 2267/1/4 2268/1/4
f 2269/9/3 2270/9/3 2271/9/3 2272/9/3
f 2273/9/4 2274/9/4 2275/9/4 2276/9/4
f 2277/1/3 2278/1/3 2279/1/3 2280/1/3
f 2281/1/4 2282/1/4 2283/1/4 2284/1/4
f 2285/8/2 2286/8/2 2287/8/2 2288/8/2
f 2289/8/3 2290/8/3 2291/8/3 2292/8/3
f 2293/8/4 2294/8/4 2295/8/4 2296/8/4
f 2297/2/1 2298/2/1 2299/2/1 2300/2/1
f 2301/2/3 2302/2/3 2303/2/3 2304/2/3
f 2305/2/4 2306/2/4 2307/2/4 2308/2/4
f 2309/2/3 2310/2/3 2311/2/3 2312/2/3
f 2313/2/4 2314/2/4 2315/2/4 2316/2/4
f 2317/2/3 2318/2/3 2319/2/3 2320/2/3
f 2321/2/4 2322/2/4 2323/2/4 2324/2/4
f 2325/2/3 2326/2/3 2327/2/3 2328/2/3
f 2329/2/4 2330/2/4 2331/2/4 2332/2/4
f 2333/2/3 2334/2/3 2335/2/3 2336/2/3
f 2337/2/4 2338/2/4 2339/2/4 2340/2/4
f 2341/2/3 2342/2/3 2343/2/3 2344/2/3
f 2345/2/4 2346/2/4 2347/2/4 2348/2/4
f 2349/2/3 2350/2/3 2351/2/3 2352/2/3
f 2353/2/4 2354/2/4 2355/2/4 2356/2/4
f 2357/2/3 2358/2/3 2359/2/3 2360/2/3
f 2361/2/4 2362/2/4 2363/2/4 2364/2/4
f 2365/2/3 2366/2/3 2367/2/3 2368/2/3
f 2369/2/4 2370/2/4 2371/2/4 2372/2/4
f 2373/2/3 2374/2/3 2375/2/3 2376/2/3
f 2377/2/4 2378/2/4 2379/2/4 2380/2/4
f 2381/2/3 2382/2/3 2383/2/3 2384/2/3
f 2385/2/4 2386/2/4 2387/2/4 2388/2/4
f 2389/6/3 2390/6/3 2391/6/3 2392/6/3
f 2393/6/4 2394/6/4 2395/6/4 2396/6/4
f 2397/3/3 2398/3/3 2399/3/3 2400/3/3
f 2401/3/4 2402/3/4 2403/3/4 2404/3/4
f 2405/8/3 2406/8/3 2407/8/3 2408/8/3
f 2409/8/4 2410/8/4 2411/8/4 2412/8/4
f 2413/8/3 2414/8/3 2415/8/3 2416/8/3
f 2417/8/4 2418/8/4 2419/8/4 2420/8/4
f 2421/7/3 2422/7/3 2423/7/3 2424/7/3
f 2425/7/4 2426/7/4 2427/7/4 2428/7/4
f 2429/7/3 2430/7/3 2431/7/3 2432/7/3
f 2433/7/4 2434/7/4 2435/7/4 2436/7/4
f 2437/10/3 2438/10/3 2439/10/3 2440/10/3
f 2441/10/4 2442/10/4 2443/10/4 2444/10/4
f 2445/7/3 2446/7/3 2447/7/3 2448/7/3
f 2449/7/4 2450/7/4 2451/7/4 2452/7/4
f 2453/9/3 2454/9/3 2455/9/3 2456/9/3
f 2457/9/4 2458/9/4 2459/9/4 2460/9/4
f 2461/9/3 2462/9/3 2463/9/3 2464/9/3
f 2465/9/4 2466/9/4 2467/9/4 2468/9/4
f 2469/9/3 2470/9/3 2471/9/3 2472/9/3
f 2473/9/4 2474/9/4 2475/9/4 2476/9/4
f 2477/1/3 2478/1/3 2479/1/3 2480/1/3
f 2481/1/4 2482/1/4 2483/1/4 2484/1/4
f 2485/8/2 2486/8/2 2487/8/2 2488/8/2
f 2489/8/3 2490/8/3 2491/8/3 2492/8/3
f 2493/8/4 2494/8/4 2495/8/4 2496/8/4
f 2497/2/1 2498/2/1 2499/2/1 2500/2/1
f 2501/2/3 2502/2/3 2503/2/3 2504/2/3
f 2505/2/4 2506/2/4 2507/2/4 2508/2/4
f 2509/2/3 2510/2/3 2511/2/3 2512/2/3
f 2513/2/4 2514/2/4 2515/2/4 2516/2/4
f 2517/2/3 2518/2/3 2519/2/3 2520/2/3
f 2521/2/4 2522/2/4 2523/2/4 2524/2/4
f 2525/2/3 2526/2/3 2527/2/3 2528/2/3
f 2529/2/4 2530/2/4 2531/2/4 2532/2/4
f 2533/2/3 2534/2/3 2535/2/3 2536/2/3
f 2537/2/4 2538/2/4 2539/2/4 2540/2/4
f 2541/2/3 2542/2/3 2543/2/3 2544/2/3
f 2545/2/4 2546/2/4 2547/2/4 2548/2/4
f 2549/2/3 2550/2/3 2551/2/3 2552/2/3
f 2553/2/4 2554/2/4 2555/2/4 2556/2/4
f 2557/2/3 2558/2/3 2559/2/3 2560/2/3
f 2561/2/4 2562/2/4 2563/2/4 2564/2/4
f 2565/2/3 2566/2/3 2567/2/3 2568/2/3
f 2569/2/4 2570/2/4 2571/2/4 2572/2/4
f 2573/2/3 2574/2/3 2575/2/3 2576/2/3
f 2577/2/4 2578/2/4 2579/2/4 2580/2/4
f 2581/2/3 2582/2/3 2583/2/3 2584/2/3
f 2585/2/4 2586/2/4 2587/2/4 2588/2/4
f 2589/6/3 2590/6/3 2591/6/3 2592/6/3
f 2593/6/4 2594/6/4 2595/6/4 2596/6/4
f 2597/3/3 2598/3/3 2599/3/3 2600/3/3
f 2601/3/4 2602/3/4 2603/3/4 2604/3/4
f 2605/9/3 2606/9/3 2607/9/3 2608/9/3
f 2609/9/4 2610/9/4 2611/9/4 2612/9/4
f 2613/8/3 2614/8/3 2615/8/3 2616/8/3
f 2617/8/4 2618/8/4 2619/8/4 2620/8/4
f 2621/7/3 2622/7/3 2623/7/3 2624/7/3
f 2625/7/4 2626/7/4 2627/7/4 2628/7/4
f 2629/8/3 2630/8/3 2631/8/3 2632/8/3
f 2633/8/4 2634/8/4 2635/8/4 2636/8/4
f 2637/11/3 2638/11/3 2639/11/3 2640/11/3
f 2641/11/4 2642/11/4 2643/11/4 2644/11/4
f 2645/7/3 2646/7/3 2647/7/3 2648/7/3
f 2649/7/4 2650/7/4 2651/7/4 2652/7/4
f 2653/1/3 2654/1/3 2655/1/3 2656/1/3
f 2657/1/4 2658/1/4 2659/1/4 2660/1/4
f 2661/9/3 2662/9/3 2663/9/3 2664/9/3
f 2665/9/4 2666/9/4 2667/9/4 2668/9/4
f 2669/1/3 2670/1/3 2671/1/3 2672/1/3
f 2673/1/4 2674/1/4 2675/1/4 2676/1/4
f 2677/8/3 2678/8/3 2679/8/3 2680/8/3
f 2681/8/4 2682/8/4 2683/8/4 2684/8/4
f 2685/9/2 2686/9/2 2687/9/2 2688/9/2
f 2689/9/3 2690/9/3 2691/9/3 2692/9/3
f 2693/9/4 2694/9/4 2695/9/4 2696/9/4
f 2697/2/1 2698/2/1 2699/2/1 2700/2/1
f 2701/2/3 2702/2/3 2703/2/3 2704/2/3
f 2705/2/4 2706/2/4 2707/2/4 2708/2/4
f 2709/2/3 2710/2/3 2711/2/3 2712/2/3
f 2713/2/4 2714/2/4 2715/2/4 2716/2/4
f 2717/2/3 2718/2/3 2719/2/3 2720/2/3
f 2721/2/4 2722/2/4 2723/2/4 2724/2/4
f 2725/2/3 2726/2/3 2727/2/3 2728/2/3
f 2729/2/4 2730/2/4 2731/2/4 2732/2/4
f 2733/2/3 2734/2/3 2735/2/3 2736/2/3
f 2737/2/4 2738/2/4 2739/2/4 2740/2/4
f 2741/2/3 2742/2/3 2743/2/3 2744/2/3
f 2745/2/4 2746/2/4 2747/2/4 2748/2/4
f 2749/2/3 2750/2/3 2751/2/3 2752/2/3
f 2753/2/4 2754/2/4 2755/2/4 2756/2/4
f 2757/2/3 2758/2/3 2759/2/3 2760/2/3
f 2761/2/4 2762/2/4 2763/2/4 2764/2/4
f 2765/2/3 2766/2/3 2767/2/3 2768/2/3
f 2769/2/4 2770/2/4 2771/2/4 2772/2/4
f 2773/2/3 2774/2/3 2775/2/3 2776/2/3
f 2777/2/4 2778/2/4 2779/2/4 2780/2/4
f 2781/2/3 2782/2/3 2783/2/3 2784/2/3
f 2785/2/4 2786/2/4 2787/2/4 2788/2/4
f 2789/6/3 2790/6/3 2791/6/3 2792/6/3
f 2793/6/4 2794/6/4 2795/6/4 2796/6/4
f 2797/3/3 2798/3/3 2799/3/3 2800/3/3
f 2801/3/4 2802/3/4 2803/3/4 2804/3/4
f 2805/9/3 2806/9/3 2807/9/3 2808/9/3
f 2809/9/4 2810/9/4 2811/9/4 2812/9/4
f 2813/8/3 2814/8/3 2815/8/3 2816/8/3
f 2817/8/4 2818/8/4 2819/8/4 2820/8/4
f 2821/7/3 2822/7/3 2823/7/3 2824/7/3
f 2825/7/4 2826/7/4 2827/7/4 2828/7/4
f 2829/8/3 2830/8/3 2831/8/3 2832/8/3
f 2833/8/4 2834/8/4 2835/8/4 2836/8/4
f 2837/8/3 2838/8/3 2839/8/3 2840/8/3
f 2841/8/4 2842/8/4 2843/8/4 2844/8/4
f 2845/7/3 2846/7/3 2847/7/3 2848/7/3
f 2849/7/4 2850/7/4 2851/7/4 2852/7/4
f 2853/1/3 2854/1/3 2855/1/3 2856/1/3
f 2857/1/4 2858/1/4 2859/1/4 2860/1/4
f 2861/8/3 2862/8/3 2863/8/3 2864/8/3
f 2865/8/4 2866/8/4 2867/8/4 2868/8/4
f 2869/1/3 2870/1/3 2871/1/3 2872/1/3
f 2873/1/4 2874/1/4 2875/1/4 2876/1/4
f 2877/1/3 2878/1/3 2879/1/3 2880/1/3
f 2881/1/4 2882/1/4 2883/1/4 2884/1/4
f 2885/9/2 2886/9/2 2887/9/2 2888/9/2
f 2889/9/3 2890/9/3 2891/9/3 2892/9/3
f 2893/9/4 2894/9/4 2895/9/4 2896/9/4
f 2897/2/1 2898/2/1 2899/2/1 2900/2/1
f 2901/2/3 2902/2/3 2903/2/3 2904/2/3
f 2905/2/4 2906/2/4 2907/2/4 2908/2/4
f 2909/2/3 2910/2/3 2911/2/3 2912/2/3
f 2913/2/4 2914/2/4 2915/2/4 2916/2/4
f 2917/2/3 2918/2/3 2919/2/3 2920/2/3
f 2921/2/4 2922/2/4 2923/2/4 2924/2/4
f 2925/2/3 2926/2/3 2927/2/3 2928/2/3
f 2929/2/4 2930/2/4 2931/2/4 2932/2/4
f 2933/2/3 2934/2/3 2935/2/3 2936/2/3
f 2937/2/4 2938/2/4 2939/2/4 2940/2/4
f 2941/2/3 2942/2/3 2943/2/3 2944/2/3
f 2945/2/4 2946/2/4 2947/2/4 2948/2/4
f 2949/2/3 2950/2/3 2951/2/3 2952/2/3
f 2953/2/4 2954/2/4 2955/2/4 2956/2/4
f 2957/2/3 2958/2/3 2959/2/3 2960/2/3
f 2961/2/4 2962/2/4 2963/2/4 2964/2/4
f 2965/2/3 2966/2/3 2967/2/3 2968/2/3
f 2969/2/4 2970/2/4 2971/2/4 2972/2/4
f 2973/2/3 2974/2/3 2975/2/3 2976/2/3
f 2977/2/4 2978/2/4 2979/2/4 2980/2/4
f 2981/2/3 2982/2/3 2983/2/3 2984/2/3
f 2985/2/4 2986/2/4 2987/2/4 2988/2/4
f 2989/6/3 2990/6/3 2991/6/3 2992/6/3
f 2993/6/4 2994/6/4 2995/6/4 2996/6/4
f 2997/5/3 2998/5/3 2999/5/3 3000/5/3
f 3001/5/4 3002/5/4 3003/5/4 3004/5/4
f 3005/9/3 3006/9/3 3007/9/3 3008/9/3
f 3009/9/4 3010/9/4 3011/9/4 3012/9/4
f 3013/11/3 3014/11/3 3015/11/3 3016/11/3
f 3017/11/4 3018/11/4 3019/11/4 3020/11/4
f 3021/7/3 3022/7/3 3023/7/3 3024/7/3
f 3025/7/4 3026/7/4 3027/7/4 3028/7/4
f 3029/8/3 3030/8/3 3031/8/3 3032/8/3
f 3033/8/4 3034/8/4 3035/8/4 3036/8/4
f 3037/8/3 3038/8/3 3039/8/3 3040/8/3
f 3041/8/4 3042/8/4 3043/8/4 3044/8/4
f 3045/7/3 3046/7/3 3047/7/3 3048/7/3
f 3049/7/4 3050/7/4 3051/7/4 3052/7/4
f 3053/8/3 3054/8/3 3055/8/3 3056/8/3
f 3057/8/4 3058/8/4 3059/8/4 3060/8/4
f 3061/1/3 3062/1/3 3063/1/3 3064/1/3
f 3065/1/4 3066/1/4 3067/1/4 3068/1/4
f 3069/1/3 3070/1/3 3071/1/3 3072/1/3
f 3073/1/4 3074/1/4 3075/1/4 3076/1/4
f 3077/1/3 3078/1/3 3079/1/3 3080/1/3
f 3081/1/4 3082/1/4 3083/1/4 3084/1/4
f 3085/9/2 3086/9/2 3087/9/2 3088/9/2
f 3089/9/3 3090/9/3 3091/9/3 3092/9/3
f 3093/9/4 3094/9/4 3095/9/4 3096/9/4
f 3097/2/1 3098/2/1 3099/2/1 3100/2/1
f 3101/2/3 3102/2/3 3103/2/3 3104/2/3
f 3105/2/4 3106/2/4 3107/2/4 3108/2/4
f 3109/2/3 3110/2/3 3111/2/3 3112/2/3
f 3113/2/4 3114/2/4 3115/2/4 3116/2/4
f 3117/2/3 3118/2/3 3119/2/3 3120/2/3
f 3121/2/4 3122/2/4 3123/2/4 3124/2/4
f 3125/2/3 3126/2/3 3127/2/3 3128/2/3
f 3129/2/4 3130/2/4 3131/2/4 3132/2/4
f 3133/2/3 3134/2/3 3135/2/3 3136/2/3
f 3137/2/4 3138/2/4 3139/2/4 3140/2/4
f 3141/2/3 3142/2/3 3143/2/3 3144/2/3
f 3145/2/4 3146/2/4 3147/2/4 3148/2/4
f 3149/2/3 3150/2/3 3151/2/3 3152/2/3
f 3153/2/4 3154/2/4 3155/2/4 3156/2/4
f 3157/2/3 3158/2/3 3159/2/3 3160/2/3
f 3161/2/4 3162/2/4 3163/2/4 3164/2/4
f 3165/2/3 3166/2/3 3167/2/3 3168/2/3
f 3169/2/4 3170/2/4 3171/2/4 3172/2/4
f 3173/2/3 3174/2/3 3175/2/3 3176/2/3
f 3177/2/4 3178/2/4 3179/2/4 3180/2/4
f 3181/2/3 3182/2/3 3183/2/3 3184/2/3
f 3185/2/4 3186/2/4 3187/2/4 3188/2/4
f 3189/6/3 3190/6/3 3191/6/3 3192/6/3
f 3193/6/4 3194/6/4 3195/6/4 3196/6/4
f 3197/7/3 3198/7/3 3199/7/3 3200/7/3
f 3201/7/4 3202/7/4 3203/7/4 3204/7/4
f 3205/7/3 3206/7/3 3207/7/3 3208/7/3
f 3209/7/4 3210/7/4 3211/7/4 3212/7/4
f 3213/7/3 3214/7/3 3215/7/3 3216/7/3
f 3217/7/4 3218/7/4 3219/7/4 3220/7/4
f 3221/7/3 3222/7/3 3223/7/3 3224/7/3
f 3225/7/4 3226/7/4 3227/7/4 3228/7/4
f 3229/8/3 3230/8/3 3231/8/3 3232/8/3
f 3233/8/4 3234/8/4 3235/8/4 3236/8/4
f 3237/8/3 3238/8/3 3239/8/3 3240/8/3
f 3241/8/4 3242/8/4 3243/8/4 3244/8/4
f 3245/10/3 3246/10/3 3247/10/3 3248/10/3
f 3249/10/4 3250/10/4 3251/10/4 3252/10/4
f 3253/8/3 3254/8/3 3255/8/3 3256/8/3
f 3257/8/4 3258/8/4 3259/8/4 3260/8/4
f 3261/9/3 3262/9/3 3263/9/3 3264/9/3
f 3265/9/4 3266/9/4 3267/9/4 3268/9/4
f 3269/8/3 3270/8/3 3271/8/3 3272/8/3
f 3273/8/4 3274/8/4 3275/8/4 3276/8/4
f 3277/1/3 3278/1/3 3279/1/3 3280/1/3
f 3281/1/4 3282/1/4 3283/1/4 3284/1/4
f 3285/8/2 3286/8/2 3287/8/2 3288/8/2
f 3289/8/3 3290/8/3 3291/8/3 3292/8/3
f 3293/8/4 3294/8/4 3295/8/4 3296/8/4
f 3297/2/1 3298/2/1 3299/2/1 3300/2/1
f 3301/2/3 3302/2/3 3303/2/3 3304/2/3
f 3305/2/4 3306/2/4 3307/2/4 3308/2/4
f 3309/2/3 3310/2/3 3311/2/3 3312/2/3
f 3313/2/4 3314/2/4 3315/2/4 3316/2/4
f 3317/2/3 3318/2/3 3319/2/3 3320/2/3
f 3321/2/4 3322/2/4 3323/2/4 3324/2/4
f 3325/2/3 3326/2/3 3327/2/3 3328/2/3
f 3329/2/4 3330/2/4 3331/2/4 3332/2/4
f 3333/2/3 3334/2/3 3335/2/3 3336/2/3
f 3337/2/4 3338/2/4 3339/2/4 3340/2/4
f 3341/2/3 3342/2/3 3343/2/3 3344/2/3
f 3345/2/4 3346/2/4 3347/2/4 3348/2/4
f 3349/2/3 3350/2/3 3351/2/3 3352/2/3
f 3353/2/4 3354/2/4 3355/2/4 3356/2/4
f 3357/2/3 3358/2/3 3359/2/3 3360/2/3
f 3361/2/4 3362/2/4 3363/2/4 3364/2/4
f 3365/2/3 3366/2/3 3367/2/3 3368/2/3
f 3369/2/4 3370/2/4 3371/2/4 3372/2/4
f 3373/2/3 3374/2/3 3375/2/3 3376/2/3
f 3377/2/4 3378/2/4 3379/2/4 3380/2/4
f 3381/2/3 3382/2/3 3383/2/3 3384/2/3
f 3385/2/4 3386/2/4 3387/2/4 3388/2/4
f 3389/6/3 3390/6/3 3391/6/3 3392/6/3
f 3393/6/4 3394/6/4 3395/6/4 3396/6/4
f 3397/8/3 3398/8/3 3399/8/3 3400/8/3
f 3401/8/4 3402/8/4 3403/8/4 3404/8/4
f 3405/8/3 3406/8/3 3407/8/3 3408/8/3
f 3409/8/4 3410/8/4 3411/8/4 3412/8/4
f 3413/8/3 3414/8/3 3415/8/3 3416/8/3
f 3417/8/4 3418/8/4 3419/8/4 3420/8/4
f 3421/8/3 3422/8/3 3423/8/3 3424/8/3
f 3425/8/4 3426/8/4 3427/8/4 3428/8/4
f 3429/9/3 3430/9/3 3431/9/3 3432/9/3
f 3433/9/4 3434/9/4 3435/9/4 3436/9/4
f 3437/8/3 3438/8/3 3439/8/3 3440/8/3
f 3441/8/4 3442/8/4 3443/8/4 3444/8/4
f 3445/10/3 3446/10/3 3447/10/3 3448/10/3
f 3449/10/4 3450/10/4 3451/10/4 3452/10/4
f 3453/5/3 3454/5/3 3455/5/3 3456/5/3
f 3457/5/4 3458/5/4 3459/5/4 3460/5/4
f 3461/9/3 3462/9/3 3463/9/3 3464/9/3
f 3465/9/4 3466/9/4 3467/9/4 3468/9/4
f 3469/8/3 3470/8/3 3471/8/3 3472/8/3
f 3473/8/4 3474/8/4 3475/8/4 3476/8/4
f 3477/1/3 3478/1/3 3479/1/3 3480/1/3
f 3481/1/4 3482/1/4 3483/1/4 3484/1/4
f 3485/1/2 3486/1/2 3487/1/2 3488/1/2
f 3489/1/3 3490/1/3 3491/1/3 3492/1/3
f 3493/1/4 3494/1/4 3495/1/4 3496/1/4
f 3497/2/1 3498/2/1 3499/2/1 3500/2/1
f 3501/2/3 3502/2/3 3503/2/3 3504/2/3
f 3505/2/4 3506/2/4 3507/2/4 3508/2/4
f 3509/2/3 3510/2/3 3511/2/3 3512/2/3
f 3513/2/4 3514/2/4 3515/2/4 3516/2/4
f 3517/2/3 3518/2/3 3519/2/3 3520/2/3
f 3521/2/4 3522/2/4 3523/2/4 3524/2/4
f 3525/2/3 3526/2/3 3527/2/3 3528/2/3
f 3529/2/4 3530/2/4 3531/2/4 3532/2/4
f 3533/2/3 3534/2/3 3535/2/3 3536/2/3
f 3537/2/4 3538/2/4 3539/2/4 3540/2/4
f 3541/2/3 3542/2/3 3543/2/3 3544/2/3
f 3545/2/4 3546/2/4 3547/2/4 3548/2/4
f 3549/2/3 3550/2/3 3551/2/3 3552/2/3
f 3553/2/4 3554/2/4 3555/2/4 3556/2/4
f 3557/2/3 3558/2/3 3559/2/3 3560/2/3
f 3561/2/4 3562/2/4 3563/2/4 3564/2/4
f 3565/2/3 3566/2/3 3567/2/3 3568/2/3
f 3569/2/4 3570/2/4 3571/2/4 3572/2/4
f 3573/2/3 3574/2/3 3575/2/3 3576/2/3
f 3577/2/4 3578/2/4 3579/2/4 3580/2/4
f 3581/2/3 3582/2/3 3583/2/3 3584/2/3
f 3585/2/4 3586/2/4 3587/2/4 3588/2/4
f 3589/6/3 3590/6/3 3591/6/3 3592/6/3
f 3593/6/4 3594/6/4 3595/6/4 3596/6/4
f 3597/5/3 3598/5/3 3599/5/3 3600/5/3
f 3601/5/4 3602/5/4 3603/5/4 3604/5/4
f 3605/9/3 3606/9/3 3607/9/3 3608/9/3
f 3609/9/4 3610/9/4 3611/9/4 3612/9/4
f 3613/8/3 3614/8/3 3615/8/3 3616/8/3
f 3617/8/4 3618/8/4 3619/8/4 3620/8/4
f 3621/8/3 3622/8/3 3623/8/3 3624/8/3
f 3625/8/4 3626/8/4 3627/8/4 3628/8/4
f 3629/9/3 3630/9/3 3631/9/3 3632/9/3
f 3633/9/4 3634/9/4 3635/9/4 3636/9/4
f 3637/11/3 3638/11/3 3639/11/3 3640/11/3
f 3641/11/4 3642/11/4 3643/11/4 3644/11/4
f 3645/7/3 3646/7/3 3647/7/3 3648/7/3
f 3649/7/4 3650/7/4 3651/7/4 3652/7/4
f 3653/7/3 3654/7/3 3655/7/3 3656/7/3
f 3657/7/4 3658/7/4 3659/7/4 3660/7/4
f 3661/7/3 3662/7/3 3663/7/3 3664/7/3
f 3665/7/4 3666/7/4 3667/7/4 3668/7/4
f 3669/7/3 3670/7/3 3671/7/3 3672/7/3
f 3673/7/4 3674/7/4 3675/7/4 3676/7/4
f 3677/7/3 3678/7/3 3679/7/3 3680/7/3
f 3681/7/4 3682/7/4 3683/7/4 3684/7/4
f 3685/10/2 3686/10/2 3687/10/2 3688/10/2
f 3689/10/3 3690/10/3 3691/10/3 3692/10/3
f 3693/10/4 3694/10/4 3695/10/4 3696/10/4
f 3697/2/1 3698/2/1 3699/2/1 3700/2/1
f 3701/2/3 3702/2/3 3703/2/3 3704/2/3
f 3705/2/4 3706/2/4 3707/2/4 3708/2/4
f 3709/2/3 3710/2/3 3711/2/3 3712/2/3
f 3713/2/4 3714/2/4 3715/2/4 3716/2/4
f 3717/2/3 3718/2/3 3719/2/3 3720/2/3
f 3721/2/4 3722/2/4 3723/2/4 3724/2/4
f 3725/2/3 3726/2/3 3727/2/3 3728/2/3
f 3729/2/4 3730/2/4 3731/2/4 3732/2/4
f 3733/2/3 3734/2/3 3735/2/3 3736/2/3
f 3737/2/4 3738/2/4 3739/2/4 3740/2/4
f 3741/2/3 3742/2/3 3743/2/3 3744/2/3
f 3745/2/4 3746/2/4 3747/2/4 3748/2/4
f 3749/2/3 3750/2/3 3751/2/3 3752/2/3
f 3753/2/4 3754/2/4 3755/2/4 3756/2/4
f 3757/2/3 3758/2/3 3759/2/3 3760/2/3
f 3761/2/4 3762/2/4 3763/2/4 3764/2/4
f 3765/2/3 3766/2/3 3767/2/3 3768/2/3
f 3769/2/4 3770/2/4 3771/2/4 3772/2/4
f 3773/2/3 3774/2/3 3775/2/3 3776/2/3
f 3777/2/4 3778/2/4 3779/2/4 3780/2/4
f 3781/2/3 3782/2/3 3783/2/3 3784/2/3
f 3785/2/4 3786/2/4 3787/2/4 3788/2/4
f 3789/6/3 3790/6/3 3791/6/3 3792/6/3
f 3793/6/4 3794/6/4 3795/6/4 3796/6/4
f 3797/5/3 3798/5/3 3799/5/3 3800/5/3
f 3801/5/4 3802/5/4 3803/5/4 3804/5/4
f 3805/9/3 3806/9/3 3807/9/3 3808/9/3
f 3809/9/4 3810/9/4 3811/9/4 3812/9/4
f 3813/8/3 3814/8/3 3815/8/3 3816/8/3
f 3817/8/4 3818/8/4 3819/8/4 3820/8/4
f 3821/8/3 3822/8/3 3823/8/3 3824/8/3
f 3825/8/4 3826/8/4 3827/8/4 3828/8/4
f 3829/9/3 3830/9/3 3831/9/3 3832/9/3
f 3833/9/4 3834/9/4 3835/9/4 3836/9/4
f 3837/4/3 3838/4/3 3839/4/3 3840/4/3
f 3841/4/4 3842/4/4 3843/4/4 3844/4/4
f 3845/11/3 3846/11/3 3847/11/3 3848/11/3
f 3849/11/4 3850/11/4 3851/11/4 3852/11/4
f 3853/8/3 3854/8/3 3855/8/3 3856/8/3
f 3857/8/4 3858/8/4 3859/8/4 3860/8/4
f 3861/8/3 3862/8/3 3863/8/3 3864/8/3
f 3865/8/4 3866/8/4 3867/8/4 3868/8/4
f 3869/8/3 3870/8/3 3871/8/3 3872/8/3
f 3873/8/4 3874/8/4 3875/8/4 3876/8/4
f 3877/8/3 3878/8/3 3879/8/3 3880/8/3
f 3881/8/4 3882/8/4 3883/8/4 3884/8/4
f 3885/8/2 3886/8/2 3887/8/2 3888/8/2
f 3889/8/3 3890/8/3 3891/8/3 3892/8/3
f 3893/8/4 3894/8/4 3895/8/4 3896/8/4
f 3897/2/1 3898/2/1 3899/2/1 3900/2/1
f 3901/2/3 3902/2/3 3903/2/3 3904/2/3
f 3905/2/4 3906/2/4 3907/2/4 3908/2/4
f 3909/2/3 3910/2/3 3911/2/3 3912/2/3
f 3913/2/4 3914/2/4 3915/2/4 3916/2/4
f 3917/2/3 3918/2/3 3919/2/3 3920/2/3
f 3921/2/4 3922/2/4 3923/2/4 3924/2/4
f 3925/2/3 3926/2/3 3927/2/3 3928/2/3
f 3929/2/4 3930/2/4 3931/2/4 3932/2/4
f 3933/2/3 3934/2/3 3935/2/3 3936/2/3
f 3937/2/4 3938/2/4 3939/2/4 3940/2/4
f 3941/2/3 3942/2/3 3943/2/3 3944/2/3
f 3945/2/4 3946/2/4 3947/2/4 3948/2/4
f 3949/2/3 3950/2/3 3951/2/3 3952/2/3
f 3953/2/4 3954/2/4 3955/2/4 3956/2/4
f 3957/2/3 3958/2/3 3959/2/3 3960/2/3
f 3961/2/4 3962/2/4 3963/2/4 3964/2/4
f 3965/2/3 3966/2/3 3967/2/3 3968/2/3
f 3969/2/4 3970/2/4 3971/2/4 3972/2/4
f 3973/2/3 3974/2/3 3975/2/3 3976/2/3
f 3977/2/4 3978/2/4 3979/2/4 3980/2/4
f 3981/2/3 3982/2/3 3983/2/3 3984/2/3
f 3985/2/4 3986/2/4 3987/2/4 3988/2/4
f 3989/6/3 3990/6/3 3991/6/3 3992/6/3
f 3993/6/4 3994/6/4 3995/6/4 3996/6/4
f 3997/5/3 3998/5/3 3999/5/3 4000/5/3
f 4001/5/4 4002/5/4 4003/5/4 4004/5/4
f 4005/9/3 4006/9/3 4007/9/3 4008/9/3
f 4009/9/4 4010/9/4 4011/9/4 4012/9/4
f 4013/1/3 4014/1/3 4015/1/3 4016/1/3
f 4017/1/4 4018/1/4 4019/1/4 4020/1/4
f 4021/8/3 4022/8/3 4023/8/3 4024/8/3
f 4025/8/4 4026/8/4 4027/8/4 4028/8/4
f 4029/9/3 4030/9/3 4031/9/3 4032/9/3
f 4033/9/4 4034/9/4 4035/9/4 4036/9/4
f 4037/9/3 4038/9/3 4039/9/3 4040/9/3
f 4041/9/4 4042/9/4 4043/9/4 4044/9/4
f 4045/8/3 4046/8/3 4047/8/3 4048/8/3
f 4049/8/4 4050/8/4 4051/8/4 4052/8/4
f 4053/8/3 4054/8/3 4055/8/3 4056/8/3
f 4057/8/4 4058/8/4 4059/8/4 4060/8/4
f 4061/8/3 4062/8/3 4063/8/3 4064/8/3
f 4065/8/4 4066/8/4 4067/8/4 4068/8/4
f 4069/9/3 4070/9/3 4071/9/3 4072/9/3
f 4073/9/4 4074/9/4 4075/9/4 4076/9/4
f 4077/8/3 4078/8/3 4079/8/3 4080/8/3
f 4081/8/4 4082/8/4 4083/8/4 4084/8/4
f 4085/8/2 4086/8/2 4087/8/2 4088/8/2
f 4089/8/3 4090/8/3 4091/8/3 4092/8/3
f 4093/8/4 4094/8/4 4095/8/4 4096/8/4
f 4097/2/1 4098/2/1 4099/2/1 4100/2/1
f 4101/2/3 4102/2/3 4103/2/3 4104/2/3
f 4105/2/4 4106/2/4 4107/2/4 4108/2/4
f 4109/2/3 4110/2/3 4111/2/3 4112/2/3
f 4113/2/4 4114/2/4 4115/2/4 4116/2/4
f 4117/2/3 4118/2/3 4119/2/3 4120/2/3
f 4121/2/4 4122/2/4 4123/2/4 4124/2/4
f 4125/2/3 4126/2/3 4127/2/3 4128/2/3
f 4129/2/4 4130/2/4 4131/2/4 4132/2/4
f 4133/2/3 4134/2/3 4135/2/3 4136/2/3
f 4137/2/4 4138/2/4 4139/2/4 4140/2/4
f 4141/2/3 4142/2/3 4143/2/3 4144/2/3
f 4145/2/4 4146/2/4 4147/2/4 4148/2/4
f 4149/2/3 4150/2/3 4151/2/3 4152/2/3
f 4153/2/4 4154/2/4 4155/2/4 4156/2/4
f 4157/2/3 4158/2/3 4159/2/3 4160/2/3
f 4161/2/4 4162/2/4 4163/2/4 4164/2/4
f 4165/2/3 4166/2/3 4167/2/3 4168/2/3
f 4169/2/4 4170/2/4 4171/2/4 4172/2/4
f 4173/2/3 4174/2/3 4175/2/3 4176/2/3
f 4177/2/4 4178/2/4 4179/2/4 4180/2/4
f 4181/2/3 4182/2/3 4183/2/3 4184/2/3
f 4185/2/4 4186/2/4 4187/2/4 4188/2/4
f 4189/6/3 4190/6/3 4191/6/3 4192/6/3
f 4193/6/4 4194/6/4 4195/6/4 4196/6/4
f 4197/5/3 4198/5/3 4199/5/3 4200/5/3
f 4201/5/4 4202/5/4 4203/5/4 4204/5/4
f 4205/8/3 4206/8/3 4207/8/3 4208/8/3
f 4209/8/4 4210/8/4 4211/8/4 4212/8/4
f 4213/1/3 4214/1/3 4215/1/3 4216/1/3
f 4217/1/4 4218/1/4 4219/1/4 4220/1/4
f 4221/1/3 4222/1/3 4223/1/3 4224/1/3
f 4225/1/4 4226/1/4 4227/1/4 4228/1/4
f 4229/8/3 4230/8/3 4231/8/3 4232/8/3
f 4233/8/4 4234/8/4 4235/8/4 4236/8/4
f 4237/9/3 4238/9/3 4239/9/3 4240/9/3
f 4241/9/4 4242/9/4 4243/9/4 4244/9/4
f 4245/9/3 4246/9/3 4247/9/3 4248/9/3
f 4249/9/4 4250/9/4 4251/9/4 4252/9/4
f 4253/1/3 4254/1/3 4255/1/3 4256/1/3
f 4257/1/4 4258/1/4 4259/1/4 4260/1/4
f 4261/1/3 4262/1/3 4263/1/3 4264/1/3
f 4265/1/4 4266/1/4 4267/1/4 4268/1/4
f 4269/1/3 4270/1/3 4271/1/3 4272/1/3
f 4273/1/4 4274/1/4 4275/1/4 4276/1/4
f 4277/1/3 4278/1/3 4279/1/3 4280/1/3
f 4281/1/4 4282/1/4 4283/1/4 4284/1/4
f 4285/8/2 4286/8/2 4287/8/2 4288/8/2
f 4289/8/3 4290/8/3 4291/8/3 4292/8/3
f 4293/8/4 4294/8/4 4295/8/4 4296/8/4
f 4297/2/1 4298/2/1 4299/2/1 4300/2/1
f 4301/2/3 4302/2/3 4303/2/3 4304/2/3
f 4305/2/4 4306/2/4 4307/2/4 4308/2/4
f 4309/2/3 4310/2/3 4311/2/3 4312/2/3
f 4313/2/4 4314/2/4 4315/2/4 4316/2/4
f 4317/2/3 4318/2/3 4319/2/3 4320/2/3
f 4321/2/4 4322/2/4 4323/2/4 4324/2/4
f 4325/2/3 4326/2/3 4327/2/3 4328/2/3
f 4329/2/4 4330/2/4 4331/2/4 4332/2/4
f 4333/2/3 4334/2/3 4335/2/3 4336/2/3
f 4337/2/4 4338/2/4 4339/2/4 4340/2/4
f 4341/2/3 4342/2/3 4343/2/3 4344/2/3
f 4345/2/4 4346/2/4 4347/2/4 4348/2/4
f 4349/2/3 4350/2/3 4351/2/3 4352/2/3
f 4353/2/4 4354/2/4 4355/2/4 4356/2/4
f 4357/2/3 4358/2/3 4359/2/3 4360/2/3
f 4361/2/4 4362/2/4 4363/2/4 4364/2/4
f 4365/2/3 4366/2/3 4367/2/3 4368/2/3
f 4369/2/4 4370/2/4 4371/2/4 4372/2/4
f 4373/2/3 4374/2/3 4375/2/3 4376/2/3
f 4377/2/4 4378/2/4 4379/2/4 4380/2/4
f 4381/2/3 4382/2/3 4383/2/3 4384/2/3
f 4385/2/4 4386/2/4 4387/2/4 4388/2/4
f 4389/6/3 4390/6/3 4391/6/3 4392/6/3
f 4393/6/4 4394/6/4 4395/6/4 4396/6/4
f 4397/10/3 4398/10/3 4399/10/3 4400/10/3
f 4401/10/4 4402/10/4 4403/10/4 4404/10/4
f 4405/8/3 4406/8/3 4407/8/3 4408/8/3
f 4409/8/4 4410/8/4 4411/8/4 4412/8/4
f 4413/8/3 4414/8/3 4415/8/3 4416/8/3
f 4417/8/4 4418/8/4 4419/8/4 4420/8/4
f 4421/8/3 4422/8/3 4423/8/3 4424/8/3
f 4425/8/4 4426/8/4 4427/8/4 4428/8/4
f 4429/1/3 4430/1/3 4431/1/3 4432/1/3
f 4433/1/4 4434/1/4 4435/1/4 4436/1/4
f 4437/1/3 4438/1/3 4439/1/3 4440/1/3
f 4441/1/4 4442/1/4 4443/1/4 4444/1/4
f 4445/1/3 4446/1/3 4447/1/3 4448/1/3
f 4449/1/4 4450/1/4 4451/1/4 4452/1/4
f 4453/1/3 4454/1/3 4455/1/3 4456/1/3
f 4457/1/4 4458/1/4 4459/1/4 4460/1/4
f 4461/1/3 4462/1/3 4463/1/3 4464/1/3
f 4465/1/4 4466/1/4 4467/1/4 4468/1/4
f 4469/8/3 4470/8/3 4471/8/3 4472/8/3
f 4473/8/4 4474/8/4 4475/8/4 4476/8/4
f 4477/9/3 4478/9/3 4479/9/3 4480/9/3
f 4481/9/4 4482/9/4 4483/9/4 4484/9/4
f 4485/9/2 4486/9/2 4487/9/2 4488/9/2
f 4489/9/3 4490/9/3 4491/9/3 4492/9/3
f 4493/9/4 4494/9/4 4495/9/4 4496/9/4
f 4497/2/1 4498/2/1 4499/2/1 4500/2/1
f 4501/2/3 4502/2/3 4503/2/3 4504/2/3
f 4505/2/4 4506/2/4 4507/2/4 4508/2/4
f 4509/2/3 4510/2/3 4511/2/3 4512/2/3
f 4513/2/4 4514/2/4 4515/2/4 4516/2/4
f 4517/2/3 4518/2/3 4519/2/3 4520/2/3
f 4521/2/4 4522/2/4 4523/2/4 4524/2/4
f 4525/2/3 4526/2/3 4527/2/3 4528/2/3
f 4529/2/4 4530/2/4 4531/2/4 4532/2/4
f 4533/2/3 4534/2/3 4535/2/3 4536/2/3
f 4537/2/4 4538/2/4 4539/2/4 4540/2/4
f 4541/2/3 4542/2/3 4543/2/3 4544/2/3
f 4545/2/4 4546/2/4 4547/2/4 4548/2/4
f 4549/2/3 4550/2/3 4551/2/3 4552/2/3
f 4553/2/4 4554/2/4 4555/2/4 4556/2/4
f 4557/2/3 4558/2/3 4559/2/3 4560/2/3
f 4561/2/4 4562/2/4 4563/2/4 4564/2/4
f 4565/2/3 4566/2/3 4567/2/3 4568/2/3
f 4569/2/4 4570/2/4 4571/2/4 4572/2/4
f 4573/2/3 4574/2/3 4575/2/3 4576/2/3
f 4577/2/4 4578/2/4 4579/2/4 4580/2/4
f 4581/2/3 4582/2/3 4583/2/3 4584/2/3
f 4585/2/4 4586/2/4 4587/2/4 4588/2/4
f 4589/6/3 4590/6/3 4591/6/3 4592/6/3
f 4593/6/4 4594/6/4 4595/6/4 4596/6/4
f 4597/7/3 4598/7/3 4599/7/3 4600/7/3
f 4601/7/4 4602/7/4 4603/7/4 4604/7/4
f 4605/7/3 4606/7/3 4607/7/3 4608/7/3
f 4609/7/4 4610/7/4 4611/7/4 4612/7/4
f 4613/10/3 4614/10/3 4615/10/3 4616/10/3
f 4617/10/4 4618/10/4 4619/10/4 4620/10/4
f 4621/7/3 4622/7/3 4623/7/3 4624/7/3
f 4625/7/4 4626/7/4 4627/7/4 4628/7/4
f 4629/7/3 4630/7/3 4631/7/3 4632/7/3
f 4633/7/4 4634/7/4 4635/7/4 4636/7/4
f 4637/7/3 4638/7/3 4639/7/3 4640/7/3
f 4641/7/4 4642/7/4 4643/7/4 4644/7/4
f 4645/7/3 4646/7/3 4647/7/3 4648/7/3
f 4649/7/4 4650/7/4 4651/7/4 4652/7/4
f 4653/7/3 4654/7/3 4655/7/3 4656/7/3
f 4657/7/4 4658/7/4 4659/7/4 4660/7/4
f 4661/7/3 4662/7/3 4663/7/3 4664/7/3
f 4665/7/4 4666/7/4 4667/7/4 4668/7/4
f 4669/7/3 4670/7/3 4671/7/3 4672/7/3
f 4673/7/4 4674/7/4 4675/7/4 4676/7/4
f 4677/7/3 4678/7/3 4679/7/3 4680/7/3
f 4681/7/4 4682/7/4 4683/7/4 4684/7/4
f 4685/7/2 4686/7/2 4687/7/2 4688/7/2
f 4689/7/3 4690/7/3 4691/7/3 4692/7/3
f 4693/7/4 4694/7/4 4695/7/4 4696/7/4
f 4697/2/1 4698/2/1 4699/2/1 4700/2/1
f 4701/2/3 4702/2/3 4703/2/3 4704/2/3
f 4705/2/4 4706/2/4 4707/2/4 4708/2/4
f 4709/2/5 4710/2/5 4711/2/5 4712/2/5
f 4713/2/3 4714/2/3 4715/2/3 4716/2/3
f 4717/2/4 4718/2/4 4719/2/4 4720/2/4
f 4721/2/5 4722/2/5 4723/2/5 4724/2/5
f 4725/2/3 4726/2/3 4727/2/3 4728/2/3
f 4729/2/4 4730/2/4 4731/2/4 4732/2/4
f 4733/2/5 4734/2/5 4735/2/5 4736/2/5
f 4737/2/3 4738/2/3 4739/2/3 4740/2/3
f 4741/2/4 4742/2/4 4743/2/4 4744/2/4
f 4745/2/5 4746/2/5 4747/2/5 4748/2/5
f 4749/2/3 4750/2/3 4751/2/3 4752/2/3
f 4753/2/4 4754/2/4 4755/2/4 4756/2/4
f 4757/2/5 4758/2/5 4759/2/5 4760/2/5
f 4761/2/3 4762/2/3 4763/2/3 4764/2/3
f 4765/2/4 4766/2/4 4767/2/4 4768/2/4
f 4769/2/5 4770/2/5 4771/2/5 4772/2/5
f 4773/2/3 4774/2/3 4775/2/3 4776/2/3
f 4777/2/4 4778/2/4 4779/2/4 4780/2/4
f 4781/2/5 4782/2/5 4783/2/5 4784/2/5
f 4785/2/3 4786/2/3 4787/2/3 4788/2/3
f 4789/2/4 4790/2/4 4791/2/4 4792/2/4
f 4793/2/5 4794/2/5 4795/2/5 4796/2/5
f 4797/2/3 4798/2/3 4799/2/3 4800/2/3
f 4801/2/4 4802/2/4 4803/2/4 4804/2/4
f 4805/2/5 4806/2/5 4807/2/5 4808/2/5
f 4809/2/3 4810/2/3 4811/2/3 4812/2/3
f 4813/2/4 4814/2/4 4815/2/4 4816/2/4
f 4817/2/5 4818/2/5 4819/2/5 4820/2/5
f 4821/2/3 4822/2/3 4823/2/3 4824/2/3
f 4825/2/4 4826/2/4 4827/2/4 4828/2/4
f 4829/2/5 4830/2/5 4831/2/5 4832/2/5
f 4833/6/3 4834/6/3 4835/6/3 4836/6/3
f 4837/6/4 4838/6/4 4839/6/4 4840/6/4
f 4841/6/5 4842/6/5 4843/6/5 4844/6/5
f 4845/8/3 4846/8/3 4847/8/3 4848/8/3
f 4849/8/4 4850/8/4 4851/8/4 4852/8/4
f 4853/8/5 4854/8/5 4855/8/5 4856/8/5
f 4857/8/3 4858/8/3 4859/8/3 4860/8/3
f 4861/8/4 4862/8/4 4863/8/4 4864/8/4
f 4865/8/5 4866/8/5 4867/8/5 4868/8/5
f 4869/8/3 4870/8/3 4871/8/3 4872/8/3
f 4873/8/4 4874/8/4 4875/8/4 4876/8/4
f 4877/8/5 4878/8/5 4879/8/5 4880/8/5
f 4881/8/3 4882/8/3 4883/8/3 4884/8/3
f 4885/8/4 4886/8/4 4887/8/4 4888/8/4
f 4889/8/5 4890/8/5 4891/8/5 4892/8/5
f 4893/8/3 4894/8/3 4895/8/3 4896/8/3
f 4897/8/4 4898/8/4 4899/8/4 4900/8/4
f 4901/8/5 4902/8/5 4903/8/5 4904/8/5
f 4905/8/3 4906/8/3 4907/8/3 4908/8/3
f 4909/8/4 4910/8/4 4911/8/4 4912/8/4
f 4913/8/5 4914/8/5 4915/8/5 4916/8/5
f 4917/8/3 4918/8/3 4919/8/3 4920/8/3
f 4921/8/4 4922/8/4 4923/8/4 4924/8/4
f 4925/8/5 4926/8/5 4927/8/5 4928/8/5
f 4929/8/3 4930/8/3 4931/8/3 4932/8/3
f 4933/8/4 4934/8/4 4935/8/4 4936/8/4
f 4937/8/5 4938/8/5 4939/8/5 4940/8/5
f 4941/8/3 4942/8/3 4943/8/3 4944/8/3
f 4945/8/4 4946/8/4 4947/8/4 4948/8/4
f 4949/8/5 4950/8/5 4951/8/5 4952/8/5
f 4953/8/3 4954/8/3 4955/8/3 4956/8/3
f 4957/8/4 4958/8/4 4959/8/4 4960/8/4
f 4961/8/5 4962/8/5 4963/8/5 4964/8/5
f 4965/8/3 4966/8/3 4967/8/3 4968/8/3
f 4969/8/4 4970/8/4 4971/8/4 4972/8/4
f 4973/8/5 4974/8/5 4975/8/5 4976/8/5
f 4977/11/2 4978/11/2 4979/11/2 4980/11/2
f 4981/11/3 4982/11/3 4983/11/3 4984/11/3
f 4985/11/4 4986/11/4 4987/11/4 4988/11/4
f 4989/11/5 4990/11/5 4991/11/5 4992/11/5

