# generated by vox_to_obj_exporter
# scale=0.1 center=false ground=false y_up=true

mtllib Fight_009.mtl
usemtl palette

# normals
vn -1 0 0
vn 1 0 0
vn 0 1 0
vn 0 -1 0
vn 0 0 1
vn 0 0 -1

# texcoords
vt 0.103515625 0.5
vt 0.130859375 0.5
vt 0.216796875 0.5
vt 0.220703125 0.5

# verts
v 27.5 14 -2.6
v 27.5 13.9 -2.6
v 27.5 13.9 -2.5
v 27.5 14 -2.5
v 27.5 14 -2.6
v 27.5 14 -2.5
v 27.6 14 -2.5
v 27.6 14 -2.6
v 27.5 14 -2.5
v 27.5 13.9 -2.5
v 27.6 13.9 -2.5
v 27.6 14 -2.5
v 27.6 14 -2.6
v 27.6 13.9 -2.6
v 27.5 13.9 -2.6
v 27.5 14 -2.6
v 27.6 14 -2.6
v 27.6 14 -2.5
v 27.7 14 -2.5
v 27.7 14 -2.6
v 27.6 14 -2.5
v 27.6 13.9 -2.5
v 27.7 13.9 -2.5
v 27.7 14 -2.5
v 27.7 14 -2.6
v 27.7 13.9 -2.6
v 27.6 13.9 -2.6
v 27.6 14 -2.6
v 27.7 14 -2.6
v 27.7 14 -2.5
v 27.8 14 -2.5
v 27.8 14 -2.6
v 27.7 14 -2.5
v 27.7 13.9 -2.5
v 27.8 13.9 -2.5
v 27.8 14 -2.5
v 27.8 14 -2.6
v 27.8 13.9 -2.6
v 27.7 13.9 -2.6
v 27.7 14 -2.6
v 27.8 14 -2.6
v 27.8 14 -2.5
v 27.9 14 -2.5
v 27.9 14 -2.6
v 27.8 14 -2.5
v 27.8 13.9 -2.5
v 27.9 13.9 -2.5
v 27.9 14 -2.5
v 27.9 14 -2.6
v 27.9 13.9 -2.6
v 27.8 13.9 -2.6
v 27.8 14 -2.6
v 27.9 14 -2.6
v 27.9 14 -2.5
v 28 14 -2.5
v 28 14 -2.6
v 27.9 14 -2.5
v 27.9 13.9 -2.5
v 28 13.9 -2.5
v 28 14 -2.5
v 28 14 -2.6
v 28 13.9 -2.6
v 27.9 13.9 -2.6
v 27.9 14 -2.6
v 28 14 -2.6
v 28 14 -2.5
v 28.1 14 -2.5
v 28.1 14 -2.6
v 28 14 -2.5
v 28 13.9 -2.5
v 28.1 13.9 -2.5
v 28.1 14 -2.5
v 28.1 14 -2.6
v 28.1 13.9 -2.6
v 28 13.9 -2.6
v 28 14 -2.6
v 28.1 14 -2.6
v 28.1 14 -2.5
v 28.2 14 -2.5
v 28.2 14 -2.6
v 28.1 14 -2.5
v 28.1 13.9 -2.5
v 28.2 13.9 -2.5
v 28.2 14 -2.5
v 28.2 14 -2.6
v 28.2 13.9 -2.6
v 28.1 13.9 -2.6
v 28.1 14 -2.6
v 28.2 14 -2.6
v 28.2 14 -2.5
v 28.3 14 -2.5
v 28.3 14 -2.6
v 28.2 14 -2.5
v 28.2 13.9 -2.5
v 28.3 13.9 -2.5
v 28.3 14 -2.5
v 28.3 14 -2.6
v 28.3 13.9 -2.6
v 28.2 13.9 -2.6
v 28.2 14 -2.6
v 28.3 14 -2.6
v 28.3 14 -2.5
v 28.4 14 -2.5
v 28.4 14 -2.6
v 28.3 14 -2.5
v 28.3 13.9 -2.5
v 28.4 13.9 -2.5
v 28.4 14 -2.5
v 28.4 14 -2.6
v 28.4 13.9 -2.6
v 28.3 13.9 -2.6
v 28.3 14 -2.6
v 28.4 14 -2.6
v 28.4 14 -2.5
v 28.5 14 -2.5
v 28.5 14 -2.6
v 28.4 14 -2.5
v 28.4 13.9 -2.5
v 28.5 13.9 -2.5
v 28.5 14 -2.5
v 28.5 14 -2.6
v 28.5 13.9 -2.6
v 28.4 13.9 -2.6
v 28.4 14 -2.6
v 28.5 14 -2.6
v 28.5 14 -2.5
v 28.6 14 -2.5
v 28.6 14 -2.6
v 28.5 14 -2.5
v 28.5 13.9 -2.5
v 28.6 13.9 -2.5
v 28.6 14 -2.5
v 28.6 14 -2.6
v 28.6 13.9 -2.6
v 28.5 13.9 -2.6
v 28.5 14 -2.6
v 28.6 14 -2.6
v 28.6 14 -2.5
v 28.7 14 -2.5
v 28.7 14 -2.6
v 28.6 14 -2.5
v 28.6 13.9 -2.5
v 28.7 13.9 -2.5
v 28.7 14 -2.5
v 28.7 14 -2.6
v 28.7 13.9 -2.6
v 28.6 13.9 -2.6
v 28.6 14 -2.6
v 28.7 14 -2.6
v 28.7 14 -2.5
v 28.8 14 -2.5
v 28.8 14 -2.6
v 28.7 14 -2.5
v 28.7 13.9 -2.5
v 28.8 13.9 -2.5
v 28.8 14 -2.5
v 28.8 14 -2.6
v 28.8 13.9 -2.6
v 28.7 13.9 -2.6
v 28.7 14 -2.6
v 28.8 14 -2.6
v 28.8 14 -2.5
v 28.9 14 -2.5
v 28.9 14 -2.6
v 28.8 14 -2.5
v 28.8 13.9 -2.5
v 28.9 13.9 -2.5
v 28.9 14 -2.5
v 28.9 14 -2.6
v 28.9 13.9 -2.6
v 28.8 13.9 -2.6
v 28.8 14 -2.6
v 28.9 14 -2.6
v 28.9 14 -2.5
v 29 14 -2.5
v 29 14 -2.6
v 28.9 14 -2.5
v 28.9 13.9 -2.5
v 29 13.9 -2.5
v 29 14 -2.5
v 29 14 -2.6
v 29 13.9 -2.6
v 28.9 13.9 -2.6
v 28.9 14 -2.6
v 29 14 -2.6
v 29 14 -2.5
v 29.1 14 -2.5
v 29.1 14 -2.6
v 29 14 -2.5
v 29 13.9 -2.5
v 29.1 13.9 -2.5
v 29.1 14 -2.5
v 29.1 14 -2.6
v 29.1 13.9 -2.6
v 29 13.9 -2.6
v 29 14 -2.6
v 29.1 14 -2.6
v 29.1 14 -2.5
v 29.2 14 -2.5
v 29.2 14 -2.6
v 29.1 14 -2.5
v 29.1 13.9 -2.5
v 29.2 13.9 -2.5
v 29.2 14 -2.5
v 29.2 14 -2.6
v 29.2 13.9 -2.6
v 29.1 13.9 -2.6
v 29.1 14 -2.6
v 29.2 14 -2.6
v 29.2 14 -2.5
v 29.3 14 -2.5
v 29.3 14 -2.6
v 29.2 14 -2.5
v 29.2 13.9 -2.5
v 29.3 13.9 -2.5
v 29.3 14 -2.5
v 29.3 14 -2.6
v 29.3 13.9 -2.6
v 29.2 13.9 -2.6
v 29.2 14 -2.6
v 29.3 14 -2.6
v 29.3 14 -2.5
v 29.4 14 -2.5
v 29.4 14 -2.6
v 29.3 14 -2.5
v 29.3 13.9 -2.5
v 29.4 13.9 -2.5
v 29.4 14 -2.5
v 29.4 14 -2.6
v 29.4 13.9 -2.6
v 29.3 13.9 -2.6
v 29.3 14 -2.6
v 29.4 14 -2.6
v 29.4 14 -2.5
v 29.5 14 -2.5
v 29.5 14 -2.6
v 29.4 14 -2.5
v 29.4 13.9 -2.5
v 29.5 13.9 -2.5
v 29.5 14 -2.5
v 29.5 14 -2.6
v 29.5 13.9 -2.6
v 29.4 13.9 -2.6
v 29.4 14 -2.6
v 29.5 14 -2.6
v 29.5 14 -2.5
v 29.6 14 -2.5
v 29.6 14 -2.6
v 29.5 14 -2.5
v 29.5 13.9 -2.5
v 29.6 13.9 -2.5
v 29.6 14 -2.5
v 29.6 14 -2.6
v 29.6 13.9 -2.6
v 29.5 13.9 -2.6
v 29.5 14 -2.6
v 29.6 14 -2.6
v 29.6 14 -2.5
v 29.7 14 -2.5
v 29.7 14 -2.6
v 29.6 14 -2.5
v 29.6 13.9 -2.5
v 29.7 13.9 -2.5
v 29.7 14 -2.5
v 29.7 14 -2.6
v 29.7 13.9 -2.6
v 29.6 13.9 -2.6
v 29.6 14 -2.6
v 29.7 14 -2.6
v 29.7 14 -2.5
v 29.8 14 -2.5
v 29.8 14 -2.6
v 29.7 14 -2.5
v 29.7 13.9 -2.5
v 29.8 13.9 -2.5
v 29.8 14 -2.5
v 29.8 14 -2.6
v 29.8 13.9 -2.6
v 29.7 13.9 -2.6
v 29.7 14 -2.6
v 29.8 14 -2.6
v 29.8 14 -2.5
v 29.9 14 -2.5
v 29.9 14 -2.6
v 29.8 14 -2.5
v 29.8 13.9 -2.5
v 29.9 13.9 -2.5
v 29.9 14 -2.5
v 29.9 14 -2.6
v 29.9 13.9 -2.6
v 29.8 13.9 -2.6
v 29.8 14 -2.6
v 29.9 14 -2.6
v 29.9 14 -2.5
v 30 14 -2.5
v 30 14 -2.6
v 29.9 14 -2.5
v 29.9 13.9 -2.5
v 30 13.9 -2.5
v 30 14 -2.5
v 30 14 -2.6
v 30 13.9 -2.6
v 29.9 13.9 -2.6
v 29.9 14 -2.6
v 30 14 -2.6
v 30 14 -2.5
v 30.1 14 -2.5
v 30.1 14 -2.6
v 30 14 -2.5
v 30 13.9 -2.5
v 30.1 13.9 -2.5
v 30.1 14 -2.5
v 30.1 14 -2.6
v 30.1 13.9 -2.6
v 30 13.9 -2.6
v 30 14 -2.6
v 30.1 14 -2.6
v 30.1 14 -2.5
v 30.2 14 -2.5
v 30.2 14 -2.6
v 30.1 14 -2.5
v 30.1 13.9 -2.5
v 30.2 13.9 -2.5
v 30.2 14 -2.5
v 30.2 14 -2.6
v 30.2 13.9 -2.6
v 30.1 13.9 -2.6
v 30.1 14 -2.6
v 30.2 14 -2.6
v 30.2 14 -2.5
v 30.3 14 -2.5
v 30.3 14 -2.6
v 30.2 14 -2.5
v 30.2 13.9 -2.5
v 30.3 13.9 -2.5
v 30.3 14 -2.5
v 30.3 14 -2.6
v 30.3 13.9 -2.6
v 30.2 13.9 -2.6
v 30.2 14 -2.6
v 30.3 14 -2.6
v 30.3 14 -2.5
v 30.4 14 -2.5
v 30.4 14 -2.6
v 30.3 14 -2.5
v 30.3 13.9 -2.5
v 30.4 13.9 -2.5
v 30.4 14 -2.5
v 30.4 14 -2.6
v 30.4 13.9 -2.6
v 30.3 13.9 -2.6
v 30.3 14 -2.6
v 30.4 14 -2.6
v 30.4 14 -2.5
v 30.5 14 -2.5
v 30.5 14 -2.6
v 30.4 14 -2.5
v 30.4 13.9 -2.5
v 30.5 13.9 -2.5
v 30.5 14 -2.5
v 30.5 14 -2.6
v 30.5 13.9 -2.6
v 30.4 13.9 -2.6
v 30.4 14 -2.6
v 30.5 14 -2.6
v 30.5 14 -2.5
v 30.6 14 -2.5
v 30.6 14 -2.6
v 30.5 14 -2.5
v 30.5 13.9 -2.5
v 30.6 13.9 -2.5
v 30.6 14 -2.5
v 30.6 14 -2.6
v 30.6 13.9 -2.6
v 30.5 13.9 -2.6
v 30.5 14 -2.6
v 30.6 14 -2.6
v 30.6 14 -2.5
v 30.7 14 -2.5
v 30.7 14 -2.6
v 30.6 14 -2.5
v 30.6 13.9 -2.5
v 30.7 13.9 -2.5
v 30.7 14 -2.5
v 30.7 14 -2.6
v 30.7 13.9 -2.6
v 30.6 13.9 -2.6
v 30.6 14 -2.6
v 30.7 14 -2.6
v 30.7 14 -2.5
v 30.8 14 -2.5
v 30.8 14 -2.6
v 30.7 14 -2.5
v 30.7 13.9 -2.5
v 30.8 13.9 -2.5
v 30.8 14 -2.5
v 30.8 14 -2.6
v 30.8 13.9 -2.6
v 30.7 13.9 -2.6
v 30.7 14 -2.6
v 30.8 14 -2.6
v 30.8 14 -2.5
v 30.9 14 -2.5
v 30.9 14 -2.6
v 30.8 14 -2.5
v 30.8 13.9 -2.5
v 30.9 13.9 -2.5
v 30.9 14 -2.5
v 30.9 14 -2.6
v 30.9 13.9 -2.6
v 30.8 13.9 -2.6
v 30.8 14 -2.6
v 30.9 14 -2.6
v 30.9 14 -2.5
v 31 14 -2.5
v 31 14 -2.6
v 30.9 14 -2.5
v 30.9 13.9 -2.5
v 31 13.9 -2.5
v 31 14 -2.5
v 31 14 -2.6
v 31 13.9 -2.6
v 30.9 13.9 -2.6
v 30.9 14 -2.6
v 31 14 -2.6
v 31 14 -2.5
v 31.1 14 -2.5
v 31.1 14 -2.6
v 31 14 -2.5
v 31 13.9 -2.5
v 31.1 13.9 -2.5
v 31.1 14 -2.5
v 31.1 14 -2.6
v 31.1 13.9 -2.6
v 31 13.9 -2.6
v 31 14 -2.6
v 31.1 14 -2.6
v 31.1 14 -2.5
v 31.2 14 -2.5
v 31.2 14 -2.6
v 31.1 14 -2.5
v 31.1 13.9 -2.5
v 31.2 13.9 -2.5
v 31.2 14 -2.5
v 31.2 14 -2.6
v 31.2 13.9 -2.6
v 31.1 13.9 -2.6
v 31.1 14 -2.6
v 31.2 14 -2.6
v 31.2 14 -2.5
v 31.3 14 -2.5
v 31.3 14 -2.6
v 31.2 14 -2.5
v 31.2 13.9 -2.5
v 31.3 13.9 -2.5
v 31.3 14 -2.5
v 31.3 14 -2.6
v 31.3 13.9 -2.6
v 31.2 13.9 -2.6
v 31.2 14 -2.6
v 31.3 14 -2.6
v 31.3 14 -2.5
v 31.4 14 -2.5
v 31.4 14 -2.6
v 31.3 14 -2.5
v 31.3 13.9 -2.5
v 31.4 13.9 -2.5
v 31.4 14 -2.5
v 31.4 14 -2.6
v 31.4 13.9 -2.6
v 31.3 13.9 -2.6
v 31.3 14 -2.6
v 31.4 14 -2.6
v 31.4 14 -2.5
v 31.5 14 -2.5
v 31.5 14 -2.6
v 31.4 14 -2.5
v 31.4 13.9 -2.5
v 31.5 13.9 -2.5
v 31.5 14 -2.5
v 31.5 14 -2.6
v 31.5 13.9 -2.6
v 31.4 13.9 -2.6
v 31.4 14 -2.6
v 31.5 14 -2.6
v 31.5 14 -2.5
v 31.6 14 -2.5
v 31.6 14 -2.6
v 31.5 14 -2.5
v 31.5 13.9 -2.5
v 31.6 13.9 -2.5
v 31.6 14 -2.5
v 31.6 14 -2.6
v 31.6 13.9 -2.6
v 31.5 13.9 -2.6
v 31.5 14 -2.6
v 31.6 14 -2.6
v 31.6 14 -2.5
v 31.7 14 -2.5
v 31.7 14 -2.6
v 31.6 14 -2.5
v 31.6 13.9 -2.5
v 31.7 13.9 -2.5
v 31.7 14 -2.5
v 31.7 14 -2.6
v 31.7 13.9 -2.6
v 31.6 13.9 -2.6
v 31.6 14 -2.6
v 31.7 14 -2.6
v 31.7 14 -2.5
v 31.8 14 -2.5
v 31.8 14 -2.6
v 31.7 14 -2.5
v 31.7 13.9 -2.5
v 31.8 13.9 -2.5
v 31.8 14 -2.5
v 31.8 14 -2.6
v 31.8 13.9 -2.6
v 31.7 13.9 -2.6
v 31.7 14 -2.6
v 31.8 14 -2.6
v 31.8 14 -2.5
v 31.9 14 -2.5
v 31.9 14 -2.6
v 31.8 14 -2.5
v 31.8 13.9 -2.5
v 31.9 13.9 -2.5
v 31.9 14 -2.5
v 31.9 14 -2.6
v 31.9 13.9 -2.6
v 31.8 13.9 -2.6
v 31.8 14 -2.6
v 32 14 -2.5
v 32 13.9 -2.5
v 32 13.9 -2.6
v 32 14 -2.6
v 31.9 14 -2.6
v 31.9 14 -2.5
v 32 14 -2.5
v 32 14 -2.6
v 31.9 14 -2.5
v 31.9 13.9 -2.5
v 32 13.9 -2.5
v 32 14 -2.5
v 32 14 -2.6
v 32 13.9 -2.6
v 31.9 13.9 -2.6
v 31.9 14 -2.6
v 27.3 13.9 -2.6
v 27.3 13.8 -2.6
v 27.3 13.8 -2.5
v 27.3 13.9 -2.5
v 27.3 13.9 -2.6
v 27.3 13.9 -2.5
v 27.4 13.9 -2.5
v 27.4 13.9 -2.6
v 27.3 13.9 -2.5
v 27.3 13.8 -2.5
v 27.4 13.8 -2.5
v 27.4 13.9 -2.5
v 27.4 13.9 -2.6
v 27.4 13.8 -2.6
v 27.3 13.8 -2.6
v 27.3 13.9 -2.6
v 27.4 13.9 -2.6
v 27.4 13.9 -2.5
v 27.5 13.9 -2.5
v 27.5 13.9 -2.6
v 27.4 13.9 -2.5
v 27.4 13.8 -2.5
v 27.5 13.8 -2.5
v 27.5 13.9 -2.5
v 27.5 13.9 -2.6
v 27.5 13.8 -2.6
v 27.4 13.8 -2.6
v 27.4 13.9 -2.6
v 27.5 13.9 -2.5
v 27.5 13.8 -2.5
v 27.6 13.8 -2.5
v 27.6 13.9 -2.5
v 27.6 13.9 -2.6
v 27.6 13.8 -2.6
v 27.5 13.8 -2.6
v 27.5 13.9 -2.6
v 27.6 13.9 -2.5
v 27.6 13.8 -2.5
v 27.7 13.8 -2.5
v 27.7 13.9 -2.5
v 27.7 13.9 -2.6
v 27.7 13.8 -2.6
v 27.6 13.8 -2.6
v 27.6 13.9 -2.6
v 27.7 13.9 -2.5
v 27.7 13.8 -2.5
v 27.8 13.8 -2.5
v 27.8 13.9 -2.5
v 27.8 13.9 -2.6
v 27.8 13.8 -2.6
v 27.7 13.8 -2.6
v 27.7 13.9 -2.6
v 27.8 13.9 -2.5
v 27.8 13.8 -2.5
v 27.9 13.8 -2.5
v 27.9 13.9 -2.5
v 27.9 13.9 -2.6
v 27.9 13.8 -2.6
v 27.8 13.8 -2.6
v 27.8 13.9 -2.6
v 27.9 13.9 -2.5
v 27.9 13.8 -2.5
v 28 13.8 -2.5
v 28 13.9 -2.5
v 28 13.9 -2.6
v 28 13.8 -2.6
v 27.9 13.8 -2.6
v 27.9 13.9 -2.6
v 28 13.9 -2.5
v 28 13.8 -2.5
v 28.1 13.8 -2.5
v 28.1 13.9 -2.5
v 28.1 13.9 -2.6
v 28.1 13.8 -2.6
v 28 13.8 -2.6
v 28 13.9 -2.6
v 28.1 13.9 -2.5
v 28.1 13.8 -2.5
v 28.2 13.8 -2.5
v 28.2 13.9 -2.5
v 28.2 13.9 -2.6
v 28.2 13.8 -2.6
v 28.1 13.8 -2.6
v 28.1 13.9 -2.6
v 28.2 13.9 -2.5
v 28.2 13.8 -2.5
v 28.3 13.8 -2.5
v 28.3 13.9 -2.5
v 28.3 13.9 -2.6
v 28.3 13.8 -2.6
v 28.2 13.8 -2.6
v 28.2 13.9 -2.6
v 28.3 13.9 -2.5
v 28.3 13.8 -2.5
v 28.4 13.8 -2.5
v 28.4 13.9 -2.5
v 28.4 13.9 -2.6
v 28.4 13.8 -2.6
v 28.3 13.8 -2.6
v 28.3 13.9 -2.6
v 28.4 13.9 -2.5
v 28.4 13.8 -2.5
v 28.5 13.8 -2.5
v 28.5 13.9 -2.5
v 28.5 13.9 -2.6
v 28.5 13.8 -2.6
v 28.4 13.8 -2.6
v 28.4 13.9 -2.6
v 28.5 13.9 -2.5
v 28.5 13.8 -2.5
v 28.6 13.8 -2.5
v 28.6 13.9 -2.5
v 28.6 13.9 -2.6
v 28.6 13.8 -2.6
v 28.5 13.8 -2.6
v 28.5 13.9 -2.6
v 28.6 13.9 -2.5
v 28.6 13.8 -2.5
v 28.7 13.8 -2.5
v 28.7 13.9 -2.5
v 28.7 13.9 -2.6
v 28.7 13.8 -2.6
v 28.6 13.8 -2.6
v 28.6 13.9 -2.6
v 28.7 13.9 -2.5
v 28.7 13.8 -2.5
v 28.8 13.8 -2.5
v 28.8 13.9 -2.5
v 28.8 13.9 -2.6
v 28.8 13.8 -2.6
v 28.7 13.8 -2.6
v 28.7 13.9 -2.6
v 28.8 13.9 -2.5
v 28.8 13.8 -2.5
v 28.9 13.8 -2.5
v 28.9 13.9 -2.5
v 28.9 13.9 -2.6
v 28.9 13.8 -2.6
v 28.8 13.8 -2.6
v 28.8 13.9 -2.6
v 28.9 13.9 -2.5
v 28.9 13.8 -2.5
v 29 13.8 -2.5
v 29 13.9 -2.5
v 29 13.9 -2.6
v 29 13.8 -2.6
v 28.9 13.8 -2.6
v 28.9 13.9 -2.6
v 29 13.9 -2.5
v 29 13.8 -2.5
v 29.1 13.8 -2.5
v 29.1 13.9 -2.5
v 29.1 13.9 -2.6
v 29.1 13.8 -2.6
v 29 13.8 -2.6
v 29 13.9 -2.6
v 29.1 13.9 -2.5
v 29.1 13.8 -2.5
v 29.2 13.8 -2.5
v 29.2 13.9 -2.5
v 29.2 13.9 -2.6
v 29.2 13.8 -2.6
v 29.1 13.8 -2.6
v 29.1 13.9 -2.6
v 29.2 13.9 -2.5
v 29.2 13.8 -2.5
v 29.3 13.8 -2.5
v 29.3 13.9 -2.5
v 29.3 13.9 -2.6
v 29.3 13.8 -2.6
v 29.2 13.8 -2.6
v 29.2 13.9 -2.6
v 29.3 13.9 -2.5
v 29.3 13.8 -2.5
v 29.4 13.8 -2.5
v 29.4 13.9 -2.5
v 29.4 13.9 -2.6
v 29.4 13.8 -2.6
v 29.3 13.8 -2.6
v 29.3 13.9 -2.6
v 29.4 13.9 -2.5
v 29.4 13.8 -2.5
v 29.5 13.8 -2.5
v 29.5 13.9 -2.5
v 29.5 13.9 -2.6
v 29.5 13.8 -2.6
v 29.4 13.8 -2.6
v 29.4 13.9 -2.6
v 29.5 13.9 -2.5
v 29.5 13.8 -2.5
v 29.6 13.8 -2.5
v 29.6 13.9 -2.5
v 29.6 13.9 -2.6
v 29.6 13.8 -2.6
v 29.5 13.8 -2.6
v 29.5 13.9 -2.6
v 29.6 13.9 -2.5
v 29.6 13.8 -2.5
v 29.7 13.8 -2.5
v 29.7 13.9 -2.5
v 29.7 13.9 -2.6
v 29.7 13.8 -2.6
v 29.6 13.8 -2.6
v 29.6 13.9 -2.6
v 29.7 13.9 -2.5
v 29.7 13.8 -2.5
v 29.8 13.8 -2.5
v 29.8 13.9 -2.5
v 29.8 13.9 -2.6
v 29.8 13.8 -2.6
v 29.7 13.8 -2.6
v 29.7 13.9 -2.6
v 29.8 13.9 -2.5
v 29.8 13.8 -2.5
v 29.9 13.8 -2.5
v 29.9 13.9 -2.5
v 29.9 13.9 -2.6
v 29.9 13.8 -2.6
v 29.8 13.8 -2.6
v 29.8 13.9 -2.6
v 29.9 13.9 -2.5
v 29.9 13.8 -2.5
v 30 13.8 -2.5
v 30 13.9 -2.5
v 30 13.9 -2.6
v 30 13.8 -2.6
v 29.9 13.8 -2.6
v 29.9 13.9 -2.6
v 30 13.9 -2.5
v 30 13.8 -2.5
v 30.1 13.8 -2.5
v 30.1 13.9 -2.5
v 30.1 13.9 -2.6
v 30.1 13.8 -2.6
v 30 13.8 -2.6
v 30 13.9 -2.6
v 30.1 13.9 -2.5
v 30.1 13.8 -2.5
v 30.2 13.8 -2.5
v 30.2 13.9 -2.5
v 30.2 13.9 -2.6
v 30.2 13.8 -2.6
v 30.1 13.8 -2.6
v 30.1 13.9 -2.6
v 30.2 13.9 -2.5
v 30.2 13.8 -2.5
v 30.3 13.8 -2.5
v 30.3 13.9 -2.5
v 30.3 13.9 -2.6
v 30.3 13.8 -2.6
v 30.2 13.8 -2.6
v 30.2 13.9 -2.6
v 30.3 13.9 -2.5
v 30.3 13.8 -2.5
v 30.4 13.8 -2.5
v 30.4 13.9 -2.5
v 30.4 13.9 -2.6
v 30.4 13.8 -2.6
v 30.3 13.8 -2.6
v 30.3 13.9 -2.6
v 30.4 13.9 -2.5
v 30.4 13.8 -2.5
v 30.5 13.8 -2.5
v 30.5 13.9 -2.5
v 30.5 13.9 -2.6
v 30.5 13.8 -2.6
v 30.4 13.8 -2.6
v 30.4 13.9 -2.6
v 30.5 13.9 -2.5
v 30.5 13.8 -2.5
v 30.6 13.8 -2.5
v 30.6 13.9 -2.5
v 30.6 13.9 -2.6
v 30.6 13.8 -2.6
v 30.5 13.8 -2.6
v 30.5 13.9 -2.6
v 30.6 13.9 -2.5
v 30.6 13.8 -2.5
v 30.7 13.8 -2.5
v 30.7 13.9 -2.5
v 30.7 13.9 -2.6
v 30.7 13.8 -2.6
v 30.6 13.8 -2.6
v 30.6 13.9 -2.6
v 30.7 13.9 -2.5
v 30.7 13.8 -2.5
v 30.8 13.8 -2.5
v 30.8 13.9 -2.5
v 30.8 13.9 -2.6
v 30.8 13.8 -2.6
v 30.7 13.8 -2.6
v 30.7 13.9 -2.6
v 30.8 13.9 -2.5
v 30.8 13.8 -2.5
v 30.9 13.8 -2.5
v 30.9 13.9 -2.5
v 30.9 13.9 -2.6
v 30.9 13.8 -2.6
v 30.8 13.8 -2.6
v 30.8 13.9 -2.6
v 30.9 13.9 -2.5
v 30.9 13.8 -2.5
v 31 13.8 -2.5
v 31 13.9 -2.5
v 31 13.9 -2.6
v 31 13.8 -2.6
v 30.9 13.8 -2.6
v 30.9 13.9 -2.6
v 31 13.9 -2.5
v 31 13.8 -2.5
v 31.1 13.8 -2.5
v 31.1 13.9 -2.5
v 31.1 13.9 -2.6
v 31.1 13.8 -2.6
v 31 13.8 -2.6
v 31 13.9 -2.6
v 31.1 13.9 -2.5
v 31.1 13.8 -2.5
v 31.2 13.8 -2.5
v 31.2 13.9 -2.5
v 31.2 13.9 -2.6
v 31.2 13.8 -2.6
v 31.1 13.8 -2.6
v 31.1 13.9 -2.6
v 31.2 13.9 -2.5
v 31.2 13.8 -2.5
v 31.3 13.8 -2.5
v 31.3 13.9 -2.5
v 31.3 13.9 -2.6
v 31.3 13.8 -2.6
v 31.2 13.8 -2.6
v 31.2 13.9 -2.6
v 31.3 13.9 -2.5
v 31.3 13.8 -2.5
v 31.4 13.8 -2.5
v 31.4 13.9 -2.5
v 31.4 13.9 -2.6
v 31.4 13.8 -2.6
v 31.3 13.8 -2.6
v 31.3 13.9 -2.6
v 31.4 13.9 -2.5
v 31.4 13.8 -2.5
v 31.5 13.8 -2.5
v 31.5 13.9 -2.5
v 31.5 13.9 -2.6
v 31.5 13.8 -2.6
v 31.4 13.8 -2.6
v 31.4 13.9 -2.6
v 31.5 13.9 -2.5
v 31.5 13.8 -2.5
v 31.6 13.8 -2.5
v 31.6 13.9 -2.5
v 31.6 13.9 -2.6
v 31.6 13.8 -2.6
v 31.5 13.8 -2.6
v 31.5 13.9 -2.6
v 31.6 13.9 -2.5
v 31.6 13.8 -2.5
v 31.7 13.8 -2.5
v 31.7 13.9 -2.5
v 31.7 13.9 -2.6
v 31.7 13.8 -2.6
v 31.6 13.8 -2.6
v 31.6 13.9 -2.6
v 31.7 13.9 -2.5
v 31.7 13.8 -2.5
v 31.8 13.8 -2.5
v 31.8 13.9 -2.5
v 31.8 13.9 -2.6
v 31.8 13.8 -2.6
v 31.7 13.8 -2.6
v 31.7 13.9 -2.6
v 31.8 13.9 -2.5
v 31.8 13.8 -2.5
v 31.9 13.8 -2.5
v 31.9 13.9 -2.5
v 31.9 13.9 -2.6
v 31.9 13.8 -2.6
v 31.8 13.8 -2.6
v 31.8 13.9 -2.6
v 32 13.9 -2.5
v 32 13.8 -2.5
v 32 13.8 -2.6
v 32 13.9 -2.6
v 31.9 13.9 -2.5
v 31.9 13.8 -2.5
v 32 13.8 -2.5
v 32 13.9 -2.5
v 32 13.9 -2.6
v 32 13.8 -2.6
v 31.9 13.8 -2.6
v 31.9 13.9 -2.6
v 27.2 13.8 -2.6
v 27.2 13.7 -2.6
v 27.2 13.7 -2.5
v 27.2 13.8 -2.5
v 27.2 13.8 -2.6
v 27.2 13.8 -2.5
v 27.3 13.8 -2.5
v 27.3 13.8 -2.6
v 27.2 13.8 -2.5
v 27.2 13.7 -2.5
v 27.3 13.7 -2.5
v 27.3 13.8 -2.5
v 27.3 13.8 -2.6
v 27.3 13.7 -2.6
v 27.2 13.7 -2.6
v 27.2 13.8 -2.6
v 27.3 13.8 -2.5
v 27.3 13.7 -2.5
v 27.4 13.7 -2.5
v 27.4 13.8 -2.5
v 27.4 13.8 -2.6
v 27.4 13.7 -2.6
v 27.3 13.7 -2.6
v 27.3 13.8 -2.6
v 27.4 13.8 -2.5
v 27.4 13.7 -2.5
v 27.5 13.7 -2.5
v 27.5 13.8 -2.5
v 27.5 13.8 -2.6
v 27.5 13.7 -2.6
v 27.4 13.7 -2.6
v 27.4 13.8 -2.6
v 27.5 13.8 -2.5
v 27.5 13.7 -2.5
v 27.6 13.7 -2.5
v 27.6 13.8 -2.5
v 27.6 13.8 -2.6
v 27.6 13.7 -2.6
v 27.5 13.7 -2.6
v 27.5 13.8 -2.6
v 27.6 13.8 -2.5
v 27.6 13.7 -2.5
v 27.7 13.7 -2.5
v 27.7 13.8 -2.5
v 27.7 13.8 -2.6
v 27.7 13.7 -2.6
v 27.6 13.7 -2.6
v 27.6 13.8 -2.6
v 27.7 13.8 -2.5
v 27.7 13.7 -2.5
v 27.8 13.7 -2.5
v 27.8 13.8 -2.5
v 27.8 13.8 -2.6
v 27.8 13.7 -2.6
v 27.7 13.7 -2.6
v 27.7 13.8 -2.6
v 27.8 13.8 -2.5
v 27.8 13.7 -2.5
v 27.9 13.7 -2.5
v 27.9 13.8 -2.5
v 27.9 13.8 -2.6
v 27.9 13.7 -2.6
v 27.8 13.7 -2.6
v 27.8 13.8 -2.6
v 27.9 13.8 -2.5
v 27.9 13.7 -2.5
v 28 13.7 -2.5
v 28 13.8 -2.5
v 28 13.8 -2.6
v 28 13.7 -2.6
v 27.9 13.7 -2.6
v 27.9 13.8 -2.6
v 28 13.8 -2.5
v 28 13.7 -2.5
v 28.1 13.7 -2.5
v 28.1 13.8 -2.5
v 28.1 13.8 -2.6
v 28.1 13.7 -2.6
v 28 13.7 -2.6
v 28 13.8 -2.6
v 28.1 13.8 -2.5
v 28.1 13.7 -2.5
v 28.2 13.7 -2.5
v 28.2 13.8 -2.5
v 28.2 13.8 -2.6
v 28.2 13.7 -2.6
v 28.1 13.7 -2.6
v 28.1 13.8 -2.6
v 28.2 13.8 -2.5
v 28.2 13.7 -2.5
v 28.3 13.7 -2.5
v 28.3 13.8 -2.5
v 28.3 13.8 -2.6
v 28.3 13.7 -2.6
v 28.2 13.7 -2.6
v 28.2 13.8 -2.6
v 28.3 13.8 -2.5
v 28.3 13.7 -2.5
v 28.4 13.7 -2.5
v 28.4 13.8 -2.5
v 28.4 13.8 -2.6
v 28.4 13.7 -2.6
v 28.3 13.7 -2.6
v 28.3 13.8 -2.6
v 28.4 13.8 -2.5
v 28.4 13.7 -2.5
v 28.5 13.7 -2.5
v 28.5 13.8 -2.5
v 28.5 13.8 -2.6
v 28.5 13.7 -2.6
v 28.4 13.7 -2.6
v 28.4 13.8 -2.6
v 28.5 13.8 -2.5
v 28.5 13.7 -2.5
v 28.6 13.7 -2.5
v 28.6 13.8 -2.5
v 28.6 13.8 -2.6
v 28.6 13.7 -2.6
v 28.5 13.7 -2.6
v 28.5 13.8 -2.6
v 28.6 13.8 -2.5
v 28.6 13.7 -2.5
v 28.7 13.7 -2.5
v 28.7 13.8 -2.5
v 28.7 13.8 -2.6
v 28.7 13.7 -2.6
v 28.6 13.7 -2.6
v 28.6 13.8 -2.6
v 28.7 13.8 -2.5
v 28.7 13.7 -2.5
v 28.8 13.7 -2.5
v 28.8 13.8 -2.5
v 28.8 13.8 -2.6
v 28.8 13.7 -2.6
v 28.7 13.7 -2.6
v 28.7 13.8 -2.6
v 28.8 13.8 -2.5
v 28.8 13.7 -2.5
v 28.9 13.7 -2.5
v 28.9 13.8 -2.5
v 28.9 13.8 -2.6
v 28.9 13.7 -2.6
v 28.8 13.7 -2.6
v 28.8 13.8 -2.6
v 28.9 13.8 -2.5
v 28.9 13.7 -2.5
v 29 13.7 -2.5
v 29 13.8 -2.5
v 29 13.8 -2.6
v 29 13.7 -2.6
v 28.9 13.7 -2.6
v 28.9 13.8 -2.6
v 29 13.8 -2.5
v 29 13.7 -2.5
v 29.1 13.7 -2.5
v 29.1 13.8 -2.5
v 29.1 13.8 -2.6
v 29.1 13.7 -2.6
v 29 13.7 -2.6
v 29 13.8 -2.6
v 29.1 13.8 -2.5
v 29.1 13.7 -2.5
v 29.2 13.7 -2.5
v 29.2 13.8 -2.5
v 29.2 13.8 -2.6
v 29.2 13.7 -2.6
v 29.1 13.7 -2.6
v 29.1 13.8 -2.6
v 29.2 13.8 -2.5
v 29.2 13.7 -2.5
v 29.3 13.7 -2.5
v 29.3 13.8 -2.5
v 29.3 13.8 -2.6
v 29.3 13.7 -2.6
v 29.2 13.7 -2.6
v 29.2 13.8 -2.6
v 29.3 13.8 -2.5
v 29.3 13.7 -2.5
v 29.4 13.7 -2.5
v 29.4 13.8 -2.5
v 29.4 13.8 -2.6
v 29.4 13.7 -2.6
v 29.3 13.7 -2.6
v 29.3 13.8 -2.6
v 29.4 13.8 -2.5
v 29.4 13.7 -2.5
v 29.5 13.7 -2.5
v 29.5 13.8 -2.5
v 29.5 13.8 -2.6
v 29.5 13.7 -2.6
v 29.4 13.7 -2.6
v 29.4 13.8 -2.6
v 29.5 13.8 -2.5
v 29.5 13.7 -2.5
v 29.6 13.7 -2.5
v 29.6 13.8 -2.5
v 29.6 13.8 -2.6
v 29.6 13.7 -2.6
v 29.5 13.7 -2.6
v 29.5 13.8 -2.6
v 29.6 13.8 -2.5
v 29.6 13.7 -2.5
v 29.7 13.7 -2.5
v 29.7 13.8 -2.5
v 29.7 13.8 -2.6
v 29.7 13.7 -2.6
v 29.6 13.7 -2.6
v 29.6 13.8 -2.6
v 29.7 13.8 -2.5
v 29.7 13.7 -2.5
v 29.8 13.7 -2.5
v 29.8 13.8 -2.5
v 29.8 13.8 -2.6
v 29.8 13.7 -2.6
v 29.7 13.7 -2.6
v 29.7 13.8 -2.6
v 29.8 13.8 -2.5
v 29.8 13.7 -2.5
v 29.9 13.7 -2.5
v 29.9 13.8 -2.5
v 29.9 13.8 -2.6
v 29.9 13.7 -2.6
v 29.8 13.7 -2.6
v 29.8 13.8 -2.6
v 29.9 13.8 -2.5
v 29.9 13.7 -2.5
v 30 13.7 -2.5
v 30 13.8 -2.5
v 30 13.8 -2.6
v 30 13.7 -2.6
v 29.9 13.7 -2.6
v 29.9 13.8 -2.6
v 30 13.8 -2.5
v 30 13.7 -2.5
v 30.1 13.7 -2.5
v 30.1 13.8 -2.5
v 30.1 13.8 -2.6
v 30.1 13.7 -2.6
v 30 13.7 -2.6
v 30 13.8 -2.6
v 30.1 13.8 -2.5
v 30.1 13.7 -2.5
v 30.2 13.7 -2.5
v 30.2 13.8 -2.5
v 30.2 13.8 -2.6
v 30.2 13.7 -2.6
v 30.1 13.7 -2.6
v 30.1 13.8 -2.6
v 30.2 13.8 -2.5
v 30.2 13.7 -2.5
v 30.3 13.7 -2.5
v 30.3 13.8 -2.5
v 30.3 13.8 -2.6
v 30.3 13.7 -2.6
v 30.2 13.7 -2.6
v 30.2 13.8 -2.6
v 30.3 13.8 -2.5
v 30.3 13.7 -2.5
v 30.4 13.7 -2.5
v 30.4 13.8 -2.5
v 30.4 13.8 -2.6
v 30.4 13.7 -2.6
v 30.3 13.7 -2.6
v 30.3 13.8 -2.6
v 30.4 13.8 -2.5
v 30.4 13.7 -2.5
v 30.5 13.7 -2.5
v 30.5 13.8 -2.5
v 30.5 13.8 -2.6
v 30.5 13.7 -2.6
v 30.4 13.7 -2.6
v 30.4 13.8 -2.6
v 30.5 13.8 -2.5
v 30.5 13.7 -2.5
v 30.6 13.7 -2.5
v 30.6 13.8 -2.5
v 30.6 13.8 -2.6
v 30.6 13.7 -2.6
v 30.5 13.7 -2.6
v 30.5 13.8 -2.6
v 30.6 13.8 -2.5
v 30.6 13.7 -2.5
v 30.7 13.7 -2.5
v 30.7 13.8 -2.5
v 30.7 13.8 -2.6
v 30.7 13.7 -2.6
v 30.6 13.7 -2.6
v 30.6 13.8 -2.6
v 30.7 13.8 -2.5
v 30.7 13.7 -2.5
v 30.8 13.7 -2.5
v 30.8 13.8 -2.5
v 30.8 13.8 -2.6
v 30.8 13.7 -2.6
v 30.7 13.7 -2.6
v 30.7 13.8 -2.6
v 30.8 13.8 -2.5
v 30.8 13.7 -2.5
v 30.9 13.7 -2.5
v 30.9 13.8 -2.5
v 30.9 13.8 -2.6
v 30.9 13.7 -2.6
v 30.8 13.7 -2.6
v 30.8 13.8 -2.6
v 30.9 13.8 -2.5
v 30.9 13.7 -2.5
v 31 13.7 -2.5
v 31 13.8 -2.5
v 31 13.8 -2.6
v 31 13.7 -2.6
v 30.9 13.7 -2.6
v 30.9 13.8 -2.6
v 31 13.8 -2.5
v 31 13.7 -2.5
v 31.1 13.7 -2.5
v 31.1 13.8 -2.5
v 31.1 13.8 -2.6
v 31.1 13.7 -2.6
v 31 13.7 -2.6
v 31 13.8 -2.6
v 31.1 13.8 -2.5
v 31.1 13.7 -2.5
v 31.2 13.7 -2.5
v 31.2 13.8 -2.5
v 31.2 13.8 -2.6
v 31.2 13.7 -2.6
v 31.1 13.7 -2.6
v 31.1 13.8 -2.6
v 31.2 13.8 -2.5
v 31.2 13.7 -2.5
v 31.3 13.7 -2.5
v 31.3 13.8 -2.5
v 31.3 13.8 -2.6
v 31.3 13.7 -2.6
v 31.2 13.7 -2.6
v 31.2 13.8 -2.6
v 31.3 13.8 -2.5
v 31.3 13.7 -2.5
v 31.4 13.7 -2.5
v 31.4 13.8 -2.5
v 31.4 13.8 -2.6
v 31.4 13.7 -2.6
v 31.3 13.7 -2.6
v 31.3 13.8 -2.6
v 31.4 13.8 -2.5
v 31.4 13.7 -2.5
v 31.5 13.7 -2.5
v 31.5 13.8 -2.5
v 31.5 13.8 -2.6
v 31.5 13.7 -2.6
v 31.4 13.7 -2.6
v 31.4 13.8 -2.6
v 31.5 13.8 -2.5
v 31.5 13.7 -2.5
v 31.6 13.7 -2.5
v 31.6 13.8 -2.5
v 31.6 13.8 -2.6
v 31.6 13.7 -2.6
v 31.5 13.7 -2.6
v 31.5 13.8 -2.6
v 31.6 13.8 -2.5
v 31.6 13.7 -2.5
v 31.7 13.7 -2.5
v 31.7 13.8 -2.5
v 31.7 13.8 -2.6
v 31.7 13.7 -2.6
v 31.6 13.7 -2.6
v 31.6 13.8 -2.6
v 31.7 13.8 -2.5
v 31.7 13.7 -2.5
v 31.8 13.7 -2.5
v 31.8 13.8 -2.5
v 31.8 13.8 -2.6
v 31.8 13.7 -2.6
v 31.7 13.7 -2.6
v 31.7 13.8 -2.6
v 31.8 13.8 -2.5
v 31.8 13.7 -2.5
v 31.9 13.7 -2.5
v 31.9 13.8 -2.5
v 31.9 13.8 -2.6
v 31.9 13.7 -2.6
v 31.8 13.7 -2.6
v 31.8 13.8 -2.6
v 32 13.8 -2.5
v 32 13.7 -2.5
v 32 13.7 -2.6
v 32 13.8 -2.6
v 31.9 13.8 -2.5
v 31.9 13.7 -2.5
v 32 13.7 -2.5
v 32 13.8 -2.5
v 32 13.8 -2.6
v 32 13.7 -2.6
v 31.9 13.7 -2.6
v 31.9 13.8 -2.6
v 27.1 13.7 -2.6
v 27.1 13.6 -2.6
v 27.1 13.6 -2.5
v 27.1 13.7 -2.5
v 27.1 13.7 -2.6
v 27.1 13.7 -2.5
v 27.2 13.7 -2.5
v 27.2 13.7 -2.6
v 27.1 13.7 -2.5
v 27.1 13.6 -2.5
v 27.2 13.6 -2.5
v 27.2 13.7 -2.5
v 27.2 13.7 -2.6
v 27.2 13.6 -2.6
v 27.1 13.6 -2.6
v 27.1 13.7 -2.6
v 27.2 13.7 -2.5
v 27.2 13.6 -2.5
v 27.3 13.6 -2.5
v 27.3 13.7 -2.5
v 27.3 13.7 -2.6
v 27.3 13.6 -2.6
v 27.2 13.6 -2.6
v 27.2 13.7 -2.6
v 27.3 13.7 -2.5
v 27.3 13.6 -2.5
v 27.4 13.6 -2.5
v 27.4 13.7 -2.5
v 27.4 13.7 -2.6
v 27.4 13.6 -2.6
v 27.3 13.6 -2.6
v 27.3 13.7 -2.6
v 27.4 13.7 -2.5
v 27.4 13.6 -2.5
v 27.5 13.6 -2.5
v 27.5 13.7 -2.5
v 27.5 13.7 -2.6
v 27.5 13.6 -2.6
v 27.4 13.6 -2.6
v 27.4 13.7 -2.6
v 27.5 13.7 -2.5
v 27.5 13.6 -2.5
v 27.6 13.6 -2.5
v 27.6 13.7 -2.5
v 27.6 13.7 -2.6
v 27.6 13.6 -2.6
v 27.5 13.6 -2.6
v 27.5 13.7 -2.6
v 27.6 13.7 -2.5
v 27.6 13.6 -2.5
v 27.7 13.6 -2.5
v 27.7 13.7 -2.5
v 27.7 13.7 -2.6
v 27.7 13.6 -2.6
v 27.6 13.6 -2.6
v 27.6 13.7 -2.6
v 27.7 13.7 -2.5
v 27.7 13.6 -2.5
v 27.8 13.6 -2.5
v 27.8 13.7 -2.5
v 27.8 13.7 -2.6
v 27.8 13.6 -2.6
v 27.7 13.6 -2.6
v 27.7 13.7 -2.6
v 27.8 13.7 -2.5
v 27.8 13.6 -2.5
v 27.9 13.6 -2.5
v 27.9 13.7 -2.5
v 27.9 13.7 -2.6
v 27.9 13.6 -2.6
v 27.8 13.6 -2.6
v 27.8 13.7 -2.6
v 27.9 13.7 -2.5
v 27.9 13.6 -2.5
v 28 13.6 -2.5
v 28 13.7 -2.5
v 28 13.7 -2.6
v 28 13.6 -2.6
v 27.9 13.6 -2.6
v 27.9 13.7 -2.6
v 28 13.7 -2.5
v 28 13.6 -2.5
v 28.1 13.6 -2.5
v 28.1 13.7 -2.5
v 28.1 13.7 -2.6
v 28.1 13.6 -2.6
v 28 13.6 -2.6
v 28 13.7 -2.6
v 28.1 13.7 -2.5
v 28.1 13.6 -2.5
v 28.2 13.6 -2.5
v 28.2 13.7 -2.5
v 28.2 13.7 -2.6
v 28.2 13.6 -2.6
v 28.1 13.6 -2.6
v 28.1 13.7 -2.6
v 28.2 13.7 -2.5
v 28.2 13.6 -2.5
v 28.3 13.6 -2.5
v 28.3 13.7 -2.5
v 28.3 13.7 -2.6
v 28.3 13.6 -2.6
v 28.2 13.6 -2.6
v 28.2 13.7 -2.6
v 28.3 13.7 -2.5
v 28.3 13.6 -2.5
v 28.4 13.6 -2.5
v 28.4 13.7 -2.5
v 28.4 13.7 -2.6
v 28.4 13.6 -2.6
v 28.3 13.6 -2.6
v 28.3 13.7 -2.6
v 28.4 13.7 -2.5
v 28.4 13.6 -2.5
v 28.5 13.6 -2.5
v 28.5 13.7 -2.5
v 28.5 13.7 -2.6
v 28.5 13.6 -2.6
v 28.4 13.6 -2.6
v 28.4 13.7 -2.6
v 28.5 13.7 -2.5
v 28.5 13.6 -2.5
v 28.6 13.6 -2.5
v 28.6 13.7 -2.5
v 28.6 13.7 -2.6
v 28.6 13.6 -2.6
v 28.5 13.6 -2.6
v 28.5 13.7 -2.6
v 28.6 13.7 -2.5
v 28.6 13.6 -2.5
v 28.7 13.6 -2.5
v 28.7 13.7 -2.5
v 28.7 13.7 -2.6
v 28.7 13.6 -2.6
v 28.6 13.6 -2.6
v 28.6 13.7 -2.6
v 28.7 13.7 -2.5
v 28.7 13.6 -2.5
v 28.8 13.6 -2.5
v 28.8 13.7 -2.5
v 28.8 13.7 -2.6
v 28.8 13.6 -2.6
v 28.7 13.6 -2.6
v 28.7 13.7 -2.6
v 28.8 13.7 -2.5
v 28.8 13.6 -2.5
v 28.9 13.6 -2.5
v 28.9 13.7 -2.5
v 28.9 13.7 -2.6
v 28.9 13.6 -2.6
v 28.8 13.6 -2.6
v 28.8 13.7 -2.6
v 28.9 13.7 -2.5
v 28.9 13.6 -2.5
v 29 13.6 -2.5
v 29 13.7 -2.5
v 29 13.7 -2.6
v 29 13.6 -2.6
v 28.9 13.6 -2.6
v 28.9 13.7 -2.6
v 29 13.7 -2.5
v 29 13.6 -2.5
v 29.1 13.6 -2.5
v 29.1 13.7 -2.5
v 29.1 13.7 -2.6
v 29.1 13.6 -2.6
v 29 13.6 -2.6
v 29 13.7 -2.6
v 29.1 13.7 -2.5
v 29.1 13.6 -2.5
v 29.2 13.6 -2.5
v 29.2 13.7 -2.5
v 29.2 13.7 -2.6
v 29.2 13.6 -2.6
v 29.1 13.6 -2.6
v 29.1 13.7 -2.6
v 29.2 13.7 -2.5
v 29.2 13.6 -2.5
v 29.3 13.6 -2.5
v 29.3 13.7 -2.5
v 29.3 13.7 -2.6
v 29.3 13.6 -2.6
v 29.2 13.6 -2.6
v 29.2 13.7 -2.6
v 29.3 13.7 -2.5
v 29.3 13.6 -2.5
v 29.4 13.6 -2.5
v 29.4 13.7 -2.5
v 29.4 13.7 -2.6
v 29.4 13.6 -2.6
v 29.3 13.6 -2.6
v 29.3 13.7 -2.6
v 29.4 13.7 -2.5
v 29.4 13.6 -2.5
v 29.5 13.6 -2.5
v 29.5 13.7 -2.5
v 29.5 13.7 -2.6
v 29.5 13.6 -2.6
v 29.4 13.6 -2.6
v 29.4 13.7 -2.6
v 29.5 13.7 -2.5
v 29.5 13.6 -2.5
v 29.6 13.6 -2.5
v 29.6 13.7 -2.5
v 29.6 13.7 -2.6
v 29.6 13.6 -2.6
v 29.5 13.6 -2.6
v 29.5 13.7 -2.6
v 29.6 13.7 -2.5
v 29.6 13.6 -2.5
v 29.7 13.6 -2.5
v 29.7 13.7 -2.5
v 29.7 13.7 -2.6
v 29.7 13.6 -2.6
v 29.6 13.6 -2.6
v 29.6 13.7 -2.6
v 29.7 13.7 -2.5
v 29.7 13.6 -2.5
v 29.8 13.6 -2.5
v 29.8 13.7 -2.5
v 29.8 13.7 -2.6
v 29.8 13.6 -2.6
v 29.7 13.6 -2.6
v 29.7 13.7 -2.6
v 29.8 13.7 -2.5
v 29.8 13.6 -2.5
v 29.9 13.6 -2.5
v 29.9 13.7 -2.5
v 29.9 13.7 -2.6
v 29.9 13.6 -2.6
v 29.8 13.6 -2.6
v 29.8 13.7 -2.6
v 29.9 13.7 -2.5
v 29.9 13.6 -2.5
v 30 13.6 -2.5
v 30 13.7 -2.5
v 30 13.7 -2.6
v 30 13.6 -2.6
v 29.9 13.6 -2.6
v 29.9 13.7 -2.6
v 30 13.7 -2.5
v 30 13.6 -2.5
v 30.1 13.6 -2.5
v 30.1 13.7 -2.5
v 30.1 13.7 -2.6
v 30.1 13.6 -2.6
v 30 13.6 -2.6
v 30 13.7 -2.6
v 30.1 13.7 -2.5
v 30.1 13.6 -2.5
v 30.2 13.6 -2.5
v 30.2 13.7 -2.5
v 30.2 13.7 -2.6
v 30.2 13.6 -2.6
v 30.1 13.6 -2.6
v 30.1 13.7 -2.6
v 30.2 13.7 -2.5
v 30.2 13.6 -2.5
v 30.3 13.6 -2.5
v 30.3 13.7 -2.5
v 30.3 13.7 -2.6
v 30.3 13.6 -2.6
v 30.2 13.6 -2.6
v 30.2 13.7 -2.6
v 30.3 13.7 -2.5
v 30.3 13.6 -2.5
v 30.4 13.6 -2.5
v 30.4 13.7 -2.5
v 30.4 13.7 -2.6
v 30.4 13.6 -2.6
v 30.3 13.6 -2.6
v 30.3 13.7 -2.6
v 30.4 13.7 -2.5
v 30.4 13.6 -2.5
v 30.5 13.6 -2.5
v 30.5 13.7 -2.5
v 30.5 13.7 -2.6
v 30.5 13.6 -2.6
v 30.4 13.6 -2.6
v 30.4 13.7 -2.6
v 30.5 13.7 -2.5
v 30.5 13.6 -2.5
v 30.6 13.6 -2.5
v 30.6 13.7 -2.5
v 30.6 13.7 -2.6
v 30.6 13.6 -2.6
v 30.5 13.6 -2.6
v 30.5 13.7 -2.6
v 30.6 13.7 -2.5
v 30.6 13.6 -2.5
v 30.7 13.6 -2.5
v 30.7 13.7 -2.5
v 30.7 13.7 -2.6
v 30.7 13.6 -2.6
v 30.6 13.6 -2.6
v 30.6 13.7 -2.6
v 30.7 13.7 -2.5
v 30.7 13.6 -2.5
v 30.8 13.6 -2.5
v 30.8 13.7 -2.5
v 30.8 13.7 -2.6
v 30.8 13.6 -2.6
v 30.7 13.6 -2.6
v 30.7 13.7 -2.6
v 30.8 13.7 -2.5
v 30.8 13.6 -2.5
v 30.9 13.6 -2.5
v 30.9 13.7 -2.5
v 30.9 13.7 -2.6
v 30.9 13.6 -2.6
v 30.8 13.6 -2.6
v 30.8 13.7 -2.6
v 30.9 13.7 -2.5
v 30.9 13.6 -2.5
v 31 13.6 -2.5
v 31 13.7 -2.5
v 31 13.7 -2.6
v 31 13.6 -2.6
v 30.9 13.6 -2.6
v 30.9 13.7 -2.6
v 31 13.7 -2.5
v 31 13.6 -2.5
v 31.1 13.6 -2.5
v 31.1 13.7 -2.5
v 31.1 13.7 -2.6
v 31.1 13.6 -2.6
v 31 13.6 -2.6
v 31 13.7 -2.6
v 31.1 13.7 -2.5
v 31.1 13.6 -2.5
v 31.2 13.6 -2.5
v 31.2 13.7 -2.5
v 31.2 13.7 -2.6
v 31.2 13.6 -2.6
v 31.1 13.6 -2.6
v 31.1 13.7 -2.6
v 31.2 13.7 -2.5
v 31.2 13.6 -2.5
v 31.3 13.6 -2.5
v 31.3 13.7 -2.5
v 31.3 13.7 -2.6
v 31.3 13.6 -2.6
v 31.2 13.6 -2.6
v 31.2 13.7 -2.6
v 31.3 13.7 -2.5
v 31.3 13.6 -2.5
v 31.4 13.6 -2.5
v 31.4 13.7 -2.5
v 31.4 13.7 -2.6
v 31.4 13.6 -2.6
v 31.3 13.6 -2.6
v 31.3 13.7 -2.6
v 31.4 13.7 -2.5
v 31.4 13.6 -2.5
v 31.5 13.6 -2.5
v 31.5 13.7 -2.5
v 31.5 13.7 -2.6
v 31.5 13.6 -2.6
v 31.4 13.6 -2.6
v 31.4 13.7 -2.6
v 31.5 13.7 -2.5
v 31.5 13.6 -2.5
v 31.6 13.6 -2.5
v 31.6 13.7 -2.5
v 31.6 13.7 -2.6
v 31.6 13.6 -2.6
v 31.5 13.6 -2.6
v 31.5 13.7 -2.6
v 31.6 13.7 -2.5
v 31.6 13.6 -2.5
v 31.7 13.6 -2.5
v 31.7 13.7 -2.5
v 31.7 13.7 -2.6
v 31.7 13.6 -2.6
v 31.6 13.6 -2.6
v 31.6 13.7 -2.6
v 31.7 13.7 -2.5
v 31.7 13.6 -2.5
v 31.8 13.6 -2.5
v 31.8 13.7 -2.5
v 31.8 13.7 -2.6
v 31.8 13.6 -2.6
v 31.7 13.6 -2.6
v 31.7 13.7 -2.6
v 31.8 13.7 -2.5
v 31.8 13.6 -2.5
v 31.9 13.6 -2.5
v 31.9 13.7 -2.5
v 31.9 13.7 -2.6
v 31.9 13.6 -2.6
v 31.8 13.6 -2.6
v 31.8 13.7 -2.6
v 32 13.7 -2.5
v 32 13.6 -2.5
v 32 13.6 -2.6
v 32 13.7 -2.6
v 31.9 13.7 -2.5
v 31.9 13.6 -2.5
v 32 13.6 -2.5
v 32 13.7 -2.5
v 32 13.7 -2.6
v 32 13.6 -2.6
v 31.9 13.6 -2.6
v 31.9 13.7 -2.6
v 27 13.6 -2.6
v 27 13.5 -2.6
v 27 13.5 -2.5
v 27 13.6 -2.5
v 27 13.6 -2.6
v 27 13.6 -2.5
v 27.1 13.6 -2.5
v 27.1 13.6 -2.6
v 27 13.6 -2.5
v 27 13.5 -2.5
v 27.1 13.5 -2.5
v 27.1 13.6 -2.5
v 27.1 13.6 -2.6
v 27.1 13.5 -2.6
v 27 13.5 -2.6
v 27 13.6 -2.6
v 27.1 13.6 -2.5
v 27.1 13.5 -2.5
v 27.2 13.5 -2.5
v 27.2 13.6 -2.5
v 27.2 13.6 -2.6
v 27.2 13.5 -2.6
v 27.1 13.5 -2.6
v 27.1 13.6 -2.6
v 27.2 13.6 -2.5
v 27.2 13.5 -2.5
v 27.3 13.5 -2.5
v 27.3 13.6 -2.5
v 27.3 13.6 -2.6
v 27.3 13.5 -2.6
v 27.2 13.5 -2.6
v 27.2 13.6 -2.6
v 27.3 13.6 -2.5
v 27.3 13.5 -2.5
v 27.4 13.5 -2.5
v 27.4 13.6 -2.5
v 27.4 13.6 -2.6
v 27.4 13.5 -2.6
v 27.3 13.5 -2.6
v 27.3 13.6 -2.6
v 27.4 13.6 -2.5
v 27.4 13.5 -2.5
v 27.5 13.5 -2.5
v 27.5 13.6 -2.5
v 27.5 13.6 -2.6
v 27.5 13.5 -2.6
v 27.4 13.5 -2.6
v 27.4 13.6 -2.6
v 27.5 13.6 -2.5
v 27.5 13.5 -2.5
v 27.6 13.5 -2.5
v 27.6 13.6 -2.5
v 27.6 13.6 -2.6
v 27.6 13.5 -2.6
v 27.5 13.5 -2.6
v 27.5 13.6 -2.6
v 27.6 13.6 -2.5
v 27.6 13.5 -2.5
v 27.7 13.5 -2.5
v 27.7 13.6 -2.5
v 27.7 13.6 -2.6
v 27.7 13.5 -2.6
v 27.6 13.5 -2.6
v 27.6 13.6 -2.6
v 27.7 13.6 -2.5
v 27.7 13.5 -2.5
v 27.8 13.5 -2.5
v 27.8 13.6 -2.5
v 27.8 13.6 -2.6
v 27.8 13.5 -2.6
v 27.7 13.5 -2.6
v 27.7 13.6 -2.6
v 27.8 13.6 -2.5
v 27.8 13.5 -2.5
v 27.9 13.5 -2.5
v 27.9 13.6 -2.5
v 27.9 13.6 -2.6
v 27.9 13.5 -2.6
v 27.8 13.5 -2.6
v 27.8 13.6 -2.6
v 27.9 13.6 -2.5
v 27.9 13.5 -2.5
v 28 13.5 -2.5
v 28 13.6 -2.5
v 28 13.6 -2.6
v 28 13.5 -2.6
v 27.9 13.5 -2.6
v 27.9 13.6 -2.6
v 28 13.6 -2.5
v 28 13.5 -2.5
v 28.1 13.5 -2.5
v 28.1 13.6 -2.5
v 28.1 13.6 -2.6
v 28.1 13.5 -2.6
v 28 13.5 -2.6
v 28 13.6 -2.6
v 28.1 13.6 -2.5
v 28.1 13.5 -2.5
v 28.2 13.5 -2.5
v 28.2 13.6 -2.5
v 28.2 13.6 -2.6
v 28.2 13.5 -2.6
v 28.1 13.5 -2.6
v 28.1 13.6 -2.6
v 28.2 13.6 -2.5
v 28.2 13.5 -2.5
v 28.3 13.5 -2.5
v 28.3 13.6 -2.5
v 28.3 13.6 -2.6
v 28.3 13.5 -2.6
v 28.2 13.5 -2.6
v 28.2 13.6 -2.6
v 28.3 13.6 -2.5
v 28.3 13.5 -2.5
v 28.4 13.5 -2.5
v 28.4 13.6 -2.5
v 28.4 13.6 -2.6
v 28.4 13.5 -2.6
v 28.3 13.5 -2.6
v 28.3 13.6 -2.6
v 28.4 13.6 -2.5
v 28.4 13.5 -2.5
v 28.5 13.5 -2.5
v 28.5 13.6 -2.5
v 28.5 13.6 -2.6
v 28.5 13.5 -2.6
v 28.4 13.5 -2.6
v 28.4 13.6 -2.6
v 28.5 13.6 -2.5
v 28.5 13.5 -2.5
v 28.6 13.5 -2.5
v 28.6 13.6 -2.5
v 28.6 13.6 -2.6
v 28.6 13.5 -2.6
v 28.5 13.5 -2.6
v 28.5 13.6 -2.6
v 28.6 13.6 -2.5
v 28.6 13.5 -2.5
v 28.7 13.5 -2.5
v 28.7 13.6 -2.5
v 28.7 13.6 -2.6
v 28.7 13.5 -2.6
v 28.6 13.5 -2.6
v 28.6 13.6 -2.6
v 28.7 13.6 -2.5
v 28.7 13.5 -2.5
v 28.8 13.5 -2.5
v 28.8 13.6 -2.5
v 28.8 13.6 -2.6
v 28.8 13.5 -2.6
v 28.7 13.5 -2.6
v 28.7 13.6 -2.6
v 28.8 13.6 -2.5
v 28.8 13.5 -2.5
v 28.9 13.5 -2.5
v 28.9 13.6 -2.5
v 28.9 13.6 -2.6
v 28.9 13.5 -2.6
v 28.8 13.5 -2.6
v 28.8 13.6 -2.6
v 28.9 13.6 -2.5
v 28.9 13.5 -2.5
v 29 13.5 -2.5
v 29 13.6 -2.5
v 29 13.6 -2.6
v 29 13.5 -2.6
v 28.9 13.5 -2.6
v 28.9 13.6 -2.6
v 29 13.6 -2.5
v 29 13.5 -2.5
v 29.1 13.5 -2.5
v 29.1 13.6 -2.5
v 29.1 13.6 -2.6
v 29.1 13.5 -2.6
v 29 13.5 -2.6
v 29 13.6 -2.6
v 29.1 13.6 -2.5
v 29.1 13.5 -2.5
v 29.2 13.5 -2.5
v 29.2 13.6 -2.5
v 29.2 13.6 -2.6
v 29.2 13.5 -2.6
v 29.1 13.5 -2.6
v 29.1 13.6 -2.6
v 29.2 13.6 -2.5
v 29.2 13.5 -2.5
v 29.3 13.5 -2.5
v 29.3 13.6 -2.5
v 29.3 13.6 -2.6
v 29.3 13.5 -2.6
v 29.2 13.5 -2.6
v 29.2 13.6 -2.6
v 29.3 13.6 -2.5
v 29.3 13.5 -2.5
v 29.4 13.5 -2.5
v 29.4 13.6 -2.5
v 29.4 13.6 -2.6
v 29.4 13.5 -2.6
v 29.3 13.5 -2.6
v 29.3 13.6 -2.6
v 29.4 13.6 -2.5
v 29.4 13.5 -2.5
v 29.5 13.5 -2.5
v 29.5 13.6 -2.5
v 29.5 13.6 -2.6
v 29.5 13.5 -2.6
v 29.4 13.5 -2.6
v 29.4 13.6 -2.6
v 29.5 13.6 -2.5
v 29.5 13.5 -2.5
v 29.6 13.5 -2.5
v 29.6 13.6 -2.5
v 29.6 13.6 -2.6
v 29.6 13.5 -2.6
v 29.5 13.5 -2.6
v 29.5 13.6 -2.6
v 29.6 13.6 -2.5
v 29.6 13.5 -2.5
v 29.7 13.5 -2.5
v 29.7 13.6 -2.5
v 29.7 13.6 -2.6
v 29.7 13.5 -2.6
v 29.6 13.5 -2.6
v 29.6 13.6 -2.6
v 29.7 13.6 -2.5
v 29.7 13.5 -2.5
v 29.8 13.5 -2.5
v 29.8 13.6 -2.5
v 29.8 13.6 -2.6
v 29.8 13.5 -2.6
v 29.7 13.5 -2.6
v 29.7 13.6 -2.6
v 29.8 13.6 -2.5
v 29.8 13.5 -2.5
v 29.9 13.5 -2.5
v 29.9 13.6 -2.5
v 29.9 13.6 -2.6
v 29.9 13.5 -2.6
v 29.8 13.5 -2.6
v 29.8 13.6 -2.6
v 29.9 13.6 -2.5
v 29.9 13.5 -2.5
v 30 13.5 -2.5
v 30 13.6 -2.5
v 30 13.6 -2.6
v 30 13.5 -2.6
v 29.9 13.5 -2.6
v 29.9 13.6 -2.6
v 30 13.6 -2.5
v 30 13.5 -2.5
v 30.1 13.5 -2.5
v 30.1 13.6 -2.5
v 30.1 13.6 -2.6
v 30.1 13.5 -2.6
v 30 13.5 -2.6
v 30 13.6 -2.6
v 30.1 13.6 -2.5
v 30.1 13.5 -2.5
v 30.2 13.5 -2.5
v 30.2 13.6 -2.5
v 30.2 13.6 -2.6
v 30.2 13.5 -2.6
v 30.1 13.5 -2.6
v 30.1 13.6 -2.6
v 30.2 13.6 -2.5
v 30.2 13.5 -2.5
v 30.3 13.5 -2.5
v 30.3 13.6 -2.5
v 30.3 13.6 -2.6
v 30.3 13.5 -2.6
v 30.2 13.5 -2.6
v 30.2 13.6 -2.6
v 30.3 13.6 -2.5
v 30.3 13.5 -2.5
v 30.4 13.5 -2.5
v 30.4 13.6 -2.5
v 30.4 13.6 -2.6
v 30.4 13.5 -2.6
v 30.3 13.5 -2.6
v 30.3 13.6 -2.6
v 30.4 13.6 -2.5
v 30.4 13.5 -2.5
v 30.5 13.5 -2.5
v 30.5 13.6 -2.5
v 30.5 13.6 -2.6
v 30.5 13.5 -2.6
v 30.4 13.5 -2.6
v 30.4 13.6 -2.6
v 30.5 13.6 -2.5
v 30.5 13.5 -2.5
v 30.6 13.5 -2.5
v 30.6 13.6 -2.5
v 30.6 13.6 -2.6
v 30.6 13.5 -2.6
v 30.5 13.5 -2.6
v 30.5 13.6 -2.6
v 30.6 13.6 -2.5
v 30.6 13.5 -2.5
v 30.7 13.5 -2.5
v 30.7 13.6 -2.5
v 30.7 13.6 -2.6
v 30.7 13.5 -2.6
v 30.6 13.5 -2.6
v 30.6 13.6 -2.6
v 30.7 13.6 -2.5
v 30.7 13.5 -2.5
v 30.8 13.5 -2.5
v 30.8 13.6 -2.5
v 30.8 13.6 -2.6
v 30.8 13.5 -2.6
v 30.7 13.5 -2.6
v 30.7 13.6 -2.6
v 30.8 13.6 -2.5
v 30.8 13.5 -2.5
v 30.9 13.5 -2.5
v 30.9 13.6 -2.5
v 30.9 13.6 -2.6
v 30.9 13.5 -2.6
v 30.8 13.5 -2.6
v 30.8 13.6 -2.6
v 30.9 13.6 -2.5
v 30.9 13.5 -2.5
v 31 13.5 -2.5
v 31 13.6 -2.5
v 31 13.6 -2.6
v 31 13.5 -2.6
v 30.9 13.5 -2.6
v 30.9 13.6 -2.6
v 31 13.6 -2.5
v 31 13.5 -2.5
v 31.1 13.5 -2.5
v 31.1 13.6 -2.5
v 31.1 13.6 -2.6
v 31.1 13.5 -2.6
v 31 13.5 -2.6
v 31 13.6 -2.6
v 31.1 13.6 -2.5
v 31.1 13.5 -2.5
v 31.2 13.5 -2.5
v 31.2 13.6 -2.5
v 31.2 13.6 -2.6
v 31.2 13.5 -2.6
v 31.1 13.5 -2.6
v 31.1 13.6 -2.6
v 31.2 13.6 -2.5
v 31.2 13.5 -2.5
v 31.3 13.5 -2.5
v 31.3 13.6 -2.5
v 31.3 13.6 -2.6
v 31.3 13.5 -2.6
v 31.2 13.5 -2.6
v 31.2 13.6 -2.6
v 31.3 13.6 -2.5
v 31.3 13.5 -2.5
v 31.4 13.5 -2.5
v 31.4 13.6 -2.5
v 31.4 13.6 -2.6
v 31.4 13.5 -2.6
v 31.3 13.5 -2.6
v 31.3 13.6 -2.6
v 31.4 13.6 -2.5
v 31.4 13.5 -2.5
v 31.5 13.5 -2.5
v 31.5 13.6 -2.5
v 31.5 13.6 -2.6
v 31.5 13.5 -2.6
v 31.4 13.5 -2.6
v 31.4 13.6 -2.6
v 31.5 13.6 -2.5
v 31.5 13.5 -2.5
v 31.6 13.5 -2.5
v 31.6 13.6 -2.5
v 31.6 13.6 -2.6
v 31.6 13.5 -2.6
v 31.5 13.5 -2.6
v 31.5 13.6 -2.6
v 31.6 13.6 -2.5
v 31.6 13.5 -2.5
v 31.7 13.5 -2.5
v 31.7 13.6 -2.5
v 31.7 13.6 -2.6
v 31.7 13.5 -2.6
v 31.6 13.5 -2.6
v 31.6 13.6 -2.6
v 31.7 13.6 -2.5
v 31.7 13.5 -2.5
v 31.8 13.5 -2.5
v 31.8 13.6 -2.5
v 31.8 13.6 -2.6
v 31.8 13.5 -2.6
v 31.7 13.5 -2.6
v 31.7 13.6 -2.6
v 31.8 13.6 -2.5
v 31.8 13.5 -2.5
v 31.9 13.5 -2.5
v 31.9 13.6 -2.5
v 31.9 13.6 -2.6
v 31.9 13.5 -2.6
v 31.8 13.5 -2.6
v 31.8 13.6 -2.6
v 32 13.6 -2.5
v 32 13.5 -2.5
v 32 13.5 -2.6
v 32 13.6 -2.6
v 31.9 13.6 -2.5
v 31.9 13.5 -2.5
v 32 13.5 -2.5
v 32 13.6 -2.5
v 32 13.6 -2.6
v 32 13.5 -2.6
v 31.9 13.5 -2.6
v 31.9 13.6 -2.6
v 27 13.5 -2.6
v 27 13.4 -2.6
v 27 13.4 -2.5
v 27 13.5 -2.5
v 27 13.5 -2.5
v 27 13.4 -2.5
v 27.1 13.4 -2.5
v 27.1 13.5 -2.5
v 27.1 13.5 -2.6
v 27.1 13.4 -2.6
v 27 13.4 -2.6
v 27 13.5 -2.6
v 27.1 13.5 -2.5
v 27.1 13.4 -2.5
v 27.2 13.4 -2.5
v 27.2 13.5 -2.5
v 27.2 13.5 -2.6
v 27.2 13.4 -2.6
v 27.1 13.4 -2.6
v 27.1 13.5 -2.6
v 27.2 13.5 -2.5
v 27.2 13.4 -2.5
v 27.3 13.4 -2.5
v 27.3 13.5 -2.5
v 27.3 13.5 -2.6
v 27.3 13.4 -2.6
v 27.2 13.4 -2.6
v 27.2 13.5 -2.6
v 27.3 13.5 -2.5
v 27.3 13.4 -2.5
v 27.4 13.4 -2.5
v 27.4 13.5 -2.5
v 27.4 13.5 -2.6
v 27.4 13.4 -2.6
v 27.3 13.4 -2.6
v 27.3 13.5 -2.6
v 27.4 13.5 -2.5
v 27.4 13.4 -2.5
v 27.5 13.4 -2.5
v 27.5 13.5 -2.5
v 27.5 13.5 -2.6
v 27.5 13.4 -2.6
v 27.4 13.4 -2.6
v 27.4 13.5 -2.6
v 27.5 13.5 -2.5
v 27.5 13.4 -2.5
v 27.6 13.4 -2.5
v 27.6 13.5 -2.5
v 27.6 13.5 -2.6
v 27.6 13.4 -2.6
v 27.5 13.4 -2.6
v 27.5 13.5 -2.6
v 27.6 13.5 -2.5
v 27.6 13.4 -2.5
v 27.7 13.4 -2.5
v 27.7 13.5 -2.5
v 27.7 13.5 -2.6
v 27.7 13.4 -2.6
v 27.6 13.4 -2.6
v 27.6 13.5 -2.6
v 27.7 13.5 -2.5
v 27.7 13.4 -2.5
v 27.8 13.4 -2.5
v 27.8 13.5 -2.5
v 27.8 13.5 -2.6
v 27.8 13.4 -2.6
v 27.7 13.4 -2.6
v 27.7 13.5 -2.6
v 27.8 13.5 -2.5
v 27.8 13.4 -2.5
v 27.9 13.4 -2.5
v 27.9 13.5 -2.5
v 27.9 13.5 -2.6
v 27.9 13.4 -2.6
v 27.8 13.4 -2.6
v 27.8 13.5 -2.6
v 27.9 13.5 -2.5
v 27.9 13.4 -2.5
v 28 13.4 -2.5
v 28 13.5 -2.5
v 28 13.5 -2.6
v 28 13.4 -2.6
v 27.9 13.4 -2.6
v 27.9 13.5 -2.6
v 28 13.5 -2.5
v 28 13.4 -2.5
v 28.1 13.4 -2.5
v 28.1 13.5 -2.5
v 28.1 13.5 -2.6
v 28.1 13.4 -2.6
v 28 13.4 -2.6
v 28 13.5 -2.6
v 28.1 13.5 -2.5
v 28.1 13.4 -2.5
v 28.2 13.4 -2.5
v 28.2 13.5 -2.5
v 28.2 13.5 -2.6
v 28.2 13.4 -2.6
v 28.1 13.4 -2.6
v 28.1 13.5 -2.6
v 28.2 13.5 -2.5
v 28.2 13.4 -2.5
v 28.3 13.4 -2.5
v 28.3 13.5 -2.5
v 28.3 13.5 -2.6
v 28.3 13.4 -2.6
v 28.2 13.4 -2.6
v 28.2 13.5 -2.6
v 28.3 13.5 -2.5
v 28.3 13.4 -2.5
v 28.4 13.4 -2.5
v 28.4 13.5 -2.5
v 28.4 13.5 -2.6
v 28.4 13.4 -2.6
v 28.3 13.4 -2.6
v 28.3 13.5 -2.6
v 28.4 13.5 -2.5
v 28.4 13.4 -2.5
v 28.5 13.4 -2.5
v 28.5 13.5 -2.5
v 28.5 13.5 -2.6
v 28.5 13.4 -2.6
v 28.4 13.4 -2.6
v 28.4 13.5 -2.6
v 28.5 13.5 -2.5
v 28.5 13.4 -2.5
v 28.6 13.4 -2.5
v 28.6 13.5 -2.5
v 28.6 13.5 -2.6
v 28.6 13.4 -2.6
v 28.5 13.4 -2.6
v 28.5 13.5 -2.6
v 28.6 13.5 -2.5
v 28.6 13.4 -2.5
v 28.7 13.4 -2.5
v 28.7 13.5 -2.5
v 28.7 13.5 -2.6
v 28.7 13.4 -2.6
v 28.6 13.4 -2.6
v 28.6 13.5 -2.6
v 28.7 13.5 -2.5
v 28.7 13.4 -2.5
v 28.8 13.4 -2.5
v 28.8 13.5 -2.5
v 28.8 13.5 -2.6
v 28.8 13.4 -2.6
v 28.7 13.4 -2.6
v 28.7 13.5 -2.6
v 28.8 13.5 -2.5
v 28.8 13.4 -2.5
v 28.9 13.4 -2.5
v 28.9 13.5 -2.5
v 28.9 13.5 -2.6
v 28.9 13.4 -2.6
v 28.8 13.4 -2.6
v 28.8 13.5 -2.6
v 28.9 13.5 -2.5
v 28.9 13.4 -2.5
v 29 13.4 -2.5
v 29 13.5 -2.5
v 29 13.5 -2.6
v 29 13.4 -2.6
v 28.9 13.4 -2.6
v 28.9 13.5 -2.6
v 29 13.5 -2.5
v 29 13.4 -2.5
v 29.1 13.4 -2.5
v 29.1 13.5 -2.5
v 29.1 13.5 -2.6
v 29.1 13.4 -2.6
v 29 13.4 -2.6
v 29 13.5 -2.6
v 29.1 13.5 -2.5
v 29.1 13.4 -2.5
v 29.2 13.4 -2.5
v 29.2 13.5 -2.5
v 29.2 13.5 -2.6
v 29.2 13.4 -2.6
v 29.1 13.4 -2.6
v 29.1 13.5 -2.6
v 29.2 13.5 -2.5
v 29.2 13.4 -2.5
v 29.3 13.4 -2.5
v 29.3 13.5 -2.5
v 29.3 13.5 -2.6
v 29.3 13.4 -2.6
v 29.2 13.4 -2.6
v 29.2 13.5 -2.6
v 29.3 13.5 -2.5
v 29.3 13.4 -2.5
v 29.4 13.4 -2.5
v 29.4 13.5 -2.5
v 29.4 13.5 -2.6
v 29.4 13.4 -2.6
v 29.3 13.4 -2.6
v 29.3 13.5 -2.6
v 29.4 13.5 -2.5
v 29.4 13.4 -2.5
v 29.5 13.4 -2.5
v 29.5 13.5 -2.5
v 29.5 13.5 -2.6
v 29.5 13.4 -2.6
v 29.4 13.4 -2.6
v 29.4 13.5 -2.6
v 29.5 13.5 -2.5
v 29.5 13.4 -2.5
v 29.6 13.4 -2.5
v 29.6 13.5 -2.5
v 29.6 13.5 -2.6
v 29.6 13.4 -2.6
v 29.5 13.4 -2.6
v 29.5 13.5 -2.6
v 29.6 13.5 -2.5
v 29.6 13.4 -2.5
v 29.7 13.4 -2.5
v 29.7 13.5 -2.5
v 29.7 13.5 -2.6
v 29.7 13.4 -2.6
v 29.6 13.4 -2.6
v 29.6 13.5 -2.6
v 29.7 13.5 -2.5
v 29.7 13.4 -2.5
v 29.8 13.4 -2.5
v 29.8 13.5 -2.5
v 29.8 13.5 -2.6
v 29.8 13.4 -2.6
v 29.7 13.4 -2.6
v 29.7 13.5 -2.6
v 29.8 13.5 -2.5
v 29.8 13.4 -2.5
v 29.9 13.4 -2.5
v 29.9 13.5 -2.5
v 29.9 13.5 -2.6
v 29.9 13.4 -2.6
v 29.8 13.4 -2.6
v 29.8 13.5 -2.6
v 29.9 13.5 -2.5
v 29.9 13.4 -2.5
v 30 13.4 -2.5
v 30 13.5 -2.5
v 30 13.5 -2.6
v 30 13.4 -2.6
v 29.9 13.4 -2.6
v 29.9 13.5 -2.6
v 30 13.5 -2.5
v 30 13.4 -2.5
v 30.1 13.4 -2.5
v 30.1 13.5 -2.5
v 30.1 13.5 -2.6
v 30.1 13.4 -2.6
v 30 13.4 -2.6
v 30 13.5 -2.6
v 30.1 13.5 -2.5
v 30.1 13.4 -2.5
v 30.2 13.4 -2.5
v 30.2 13.5 -2.5
v 30.2 13.5 -2.6
v 30.2 13.4 -2.6
v 30.1 13.4 -2.6
v 30.1 13.5 -2.6
v 30.2 13.5 -2.5
v 30.2 13.4 -2.5
v 30.3 13.4 -2.5
v 30.3 13.5 -2.5
v 30.3 13.5 -2.6
v 30.3 13.4 -2.6
v 30.2 13.4 -2.6
v 30.2 13.5 -2.6
v 30.3 13.5 -2.5
v 30.3 13.4 -2.5
v 30.4 13.4 -2.5
v 30.4 13.5 -2.5
v 30.4 13.5 -2.6
v 30.4 13.4 -2.6
v 30.3 13.4 -2.6
v 30.3 13.5 -2.6
v 30.4 13.5 -2.5
v 30.4 13.4 -2.5
v 30.5 13.4 -2.5
v 30.5 13.5 -2.5
v 30.5 13.5 -2.6
v 30.5 13.4 -2.6
v 30.4 13.4 -2.6
v 30.4 13.5 -2.6
v 30.5 13.5 -2.5
v 30.5 13.4 -2.5
v 30.6 13.4 -2.5
v 30.6 13.5 -2.5
v 30.6 13.5 -2.6
v 30.6 13.4 -2.6
v 30.5 13.4 -2.6
v 30.5 13.5 -2.6
v 30.6 13.5 -2.5
v 30.6 13.4 -2.5
v 30.7 13.4 -2.5
v 30.7 13.5 -2.5
v 30.7 13.5 -2.6
v 30.7 13.4 -2.6
v 30.6 13.4 -2.6
v 30.6 13.5 -2.6
v 30.7 13.5 -2.5
v 30.7 13.4 -2.5
v 30.8 13.4 -2.5
v 30.8 13.5 -2.5
v 30.8 13.5 -2.6
v 30.8 13.4 -2.6
v 30.7 13.4 -2.6
v 30.7 13.5 -2.6
v 30.8 13.5 -2.5
v 30.8 13.4 -2.5
v 30.9 13.4 -2.5
v 30.9 13.5 -2.5
v 30.9 13.5 -2.6
v 30.9 13.4 -2.6
v 30.8 13.4 -2.6
v 30.8 13.5 -2.6
v 30.9 13.5 -2.5
v 30.9 13.4 -2.5
v 31 13.4 -2.5
v 31 13.5 -2.5
v 31 13.5 -2.6
v 31 13.4 -2.6
v 30.9 13.4 -2.6
v 30.9 13.5 -2.6
v 31 13.5 -2.5
v 31 13.4 -2.5
v 31.1 13.4 -2.5
v 31.1 13.5 -2.5
v 31.1 13.5 -2.6
v 31.1 13.4 -2.6
v 31 13.4 -2.6
v 31 13.5 -2.6
v 31.1 13.5 -2.5
v 31.1 13.4 -2.5
v 31.2 13.4 -2.5
v 31.2 13.5 -2.5
v 31.2 13.5 -2.6
v 31.2 13.4 -2.6
v 31.1 13.4 -2.6
v 31.1 13.5 -2.6
v 31.2 13.5 -2.5
v 31.2 13.4 -2.5
v 31.3 13.4 -2.5
v 31.3 13.5 -2.5
v 31.3 13.5 -2.6
v 31.3 13.4 -2.6
v 31.2 13.4 -2.6
v 31.2 13.5 -2.6
v 31.3 13.5 -2.5
v 31.3 13.4 -2.5
v 31.4 13.4 -2.5
v 31.4 13.5 -2.5
v 31.4 13.5 -2.6
v 31.4 13.4 -2.6
v 31.3 13.4 -2.6
v 31.3 13.5 -2.6
v 31.4 13.5 -2.5
v 31.4 13.4 -2.5
v 31.5 13.4 -2.5
v 31.5 13.5 -2.5
v 31.5 13.5 -2.6
v 31.5 13.4 -2.6
v 31.4 13.4 -2.6
v 31.4 13.5 -2.6
v 31.5 13.5 -2.5
v 31.5 13.4 -2.5
v 31.6 13.4 -2.5
v 31.6 13.5 -2.5
v 31.6 13.5 -2.6
v 31.6 13.4 -2.6
v 31.5 13.4 -2.6
v 31.5 13.5 -2.6
v 31.6 13.5 -2.5
v 31.6 13.4 -2.5
v 31.7 13.4 -2.5
v 31.7 13.5 -2.5
v 31.7 13.5 -2.6
v 31.7 13.4 -2.6
v 31.6 13.4 -2.6
v 31.6 13.5 -2.6
v 31.7 13.5 -2.5
v 31.7 13.4 -2.5
v 31.8 13.4 -2.5
v 31.8 13.5 -2.5
v 31.8 13.5 -2.6
v 31.8 13.4 -2.6
v 31.7 13.4 -2.6
v 31.7 13.5 -2.6
v 31.8 13.5 -2.5
v 31.8 13.4 -2.5
v 31.9 13.4 -2.5
v 31.9 13.5 -2.5
v 31.9 13.5 -2.6
v 31.9 13.4 -2.6
v 31.8 13.4 -2.6
v 31.8 13.5 -2.6
v 32 13.5 -2.5
v 32 13.4 -2.5
v 32 13.4 -2.6
v 32 13.5 -2.6
v 31.9 13.5 -2.5
v 31.9 13.4 -2.5
v 32 13.4 -2.5
v 32 13.5 -2.5
v 32 13.5 -2.6
v 32 13.4 -2.6
v 31.9 13.4 -2.6
v 31.9 13.5 -2.6
v 27 13.4 -2.6
v 27 13.3 -2.6
v 27 13.3 -2.5
v 27 13.4 -2.5
v 27 13.4 -2.5
v 27 13.3 -2.5
v 27.1 13.3 -2.5
v 27.1 13.4 -2.5
v 27.1 13.4 -2.6
v 27.1 13.3 -2.6
v 27 13.3 -2.6
v 27 13.4 -2.6
v 27.1 13.4 -2.5
v 27.1 13.3 -2.5
v 27.2 13.3 -2.5
v 27.2 13.4 -2.5
v 27.2 13.4 -2.6
v 27.2 13.3 -2.6
v 27.1 13.3 -2.6
v 27.1 13.4 -2.6
v 27.2 13.4 -2.5
v 27.2 13.3 -2.5
v 27.3 13.3 -2.5
v 27.3 13.4 -2.5
v 27.3 13.4 -2.6
v 27.3 13.3 -2.6
v 27.2 13.3 -2.6
v 27.2 13.4 -2.6
v 27.3 13.4 -2.5
v 27.3 13.3 -2.5
v 27.4 13.3 -2.5
v 27.4 13.4 -2.5
v 27.4 13.4 -2.6
v 27.4 13.3 -2.6
v 27.3 13.3 -2.6
v 27.3 13.4 -2.6
v 27.4 13.4 -2.5
v 27.4 13.3 -2.5
v 27.5 13.3 -2.5
v 27.5 13.4 -2.5
v 27.5 13.4 -2.6
v 27.5 13.3 -2.6
v 27.4 13.3 -2.6
v 27.4 13.4 -2.6
v 27.5 13.4 -2.5
v 27.5 13.3 -2.5
v 27.6 13.3 -2.5
v 27.6 13.4 -2.5
v 27.6 13.4 -2.6
v 27.6 13.3 -2.6
v 27.5 13.3 -2.6
v 27.5 13.4 -2.6
v 27.6 13.4 -2.5
v 27.6 13.3 -2.5
v 27.7 13.3 -2.5
v 27.7 13.4 -2.5
v 27.7 13.4 -2.6
v 27.7 13.3 -2.6
v 27.6 13.3 -2.6
v 27.6 13.4 -2.6
v 27.7 13.4 -2.5
v 27.7 13.3 -2.5
v 27.8 13.3 -2.5
v 27.8 13.4 -2.5
v 27.8 13.4 -2.6
v 27.8 13.3 -2.6
v 27.7 13.3 -2.6
v 27.7 13.4 -2.6
v 27.8 13.4 -2.5
v 27.8 13.3 -2.5
v 27.9 13.3 -2.5
v 27.9 13.4 -2.5
v 27.9 13.4 -2.6
v 27.9 13.3 -2.6
v 27.8 13.3 -2.6
v 27.8 13.4 -2.6
v 27.9 13.4 -2.5
v 27.9 13.3 -2.5
v 28 13.3 -2.5
v 28 13.4 -2.5
v 28 13.4 -2.6
v 28 13.3 -2.6
v 27.9 13.3 -2.6
v 27.9 13.4 -2.6
v 28 13.4 -2.5
v 28 13.3 -2.5
v 28.1 13.3 -2.5
v 28.1 13.4 -2.5
v 28.1 13.4 -2.6
v 28.1 13.3 -2.6
v 28 13.3 -2.6
v 28 13.4 -2.6
v 28.1 13.4 -2.5
v 28.1 13.3 -2.5
v 28.2 13.3 -2.5
v 28.2 13.4 -2.5
v 28.2 13.4 -2.6
v 28.2 13.3 -2.6
v 28.1 13.3 -2.6
v 28.1 13.4 -2.6
v 28.2 13.4 -2.5
v 28.2 13.3 -2.5
v 28.3 13.3 -2.5
v 28.3 13.4 -2.5
v 28.3 13.4 -2.6
v 28.3 13.3 -2.6
v 28.2 13.3 -2.6
v 28.2 13.4 -2.6
v 28.3 13.4 -2.5
v 28.3 13.3 -2.5
v 28.4 13.3 -2.5
v 28.4 13.4 -2.5
v 28.4 13.4 -2.6
v 28.4 13.3 -2.6
v 28.3 13.3 -2.6
v 28.3 13.4 -2.6
v 28.4 13.4 -2.5
v 28.4 13.3 -2.5
v 28.5 13.3 -2.5
v 28.5 13.4 -2.5
v 28.5 13.4 -2.6
v 28.5 13.3 -2.6
v 28.4 13.3 -2.6
v 28.4 13.4 -2.6
v 28.5 13.4 -2.5
v 28.5 13.3 -2.5
v 28.6 13.3 -2.5
v 28.6 13.4 -2.5
v 28.6 13.4 -2.6
v 28.6 13.3 -2.6
v 28.5 13.3 -2.6
v 28.5 13.4 -2.6
v 28.6 13.4 -2.5
v 28.6 13.3 -2.5
v 28.7 13.3 -2.5
v 28.7 13.4 -2.5
v 28.7 13.4 -2.6
v 28.7 13.3 -2.6
v 28.6 13.3 -2.6
v 28.6 13.4 -2.6
v 28.7 13.4 -2.5
v 28.7 13.3 -2.5
v 28.8 13.3 -2.5
v 28.8 13.4 -2.5
v 28.8 13.4 -2.6
v 28.8 13.3 -2.6
v 28.7 13.3 -2.6
v 28.7 13.4 -2.6
v 28.8 13.4 -2.5
v 28.8 13.3 -2.5
v 28.9 13.3 -2.5
v 28.9 13.4 -2.5
v 28.9 13.4 -2.6
v 28.9 13.3 -2.6
v 28.8 13.3 -2.6
v 28.8 13.4 -2.6
v 28.9 13.4 -2.5
v 28.9 13.3 -2.5
v 29 13.3 -2.5
v 29 13.4 -2.5
v 29 13.4 -2.6
v 29 13.3 -2.6
v 28.9 13.3 -2.6
v 28.9 13.4 -2.6
v 29 13.4 -2.5
v 29 13.3 -2.5
v 29.1 13.3 -2.5
v 29.1 13.4 -2.5
v 29.1 13.4 -2.6
v 29.1 13.3 -2.6
v 29 13.3 -2.6
v 29 13.4 -2.6
v 29.1 13.4 -2.5
v 29.1 13.3 -2.5
v 29.2 13.3 -2.5
v 29.2 13.4 -2.5
v 29.2 13.4 -2.6
v 29.2 13.3 -2.6
v 29.1 13.3 -2.6
v 29.1 13.4 -2.6
v 29.2 13.4 -2.5
v 29.2 13.3 -2.5
v 29.3 13.3 -2.5
v 29.3 13.4 -2.5
v 29.3 13.4 -2.6
v 29.3 13.3 -2.6
v 29.2 13.3 -2.6
v 29.2 13.4 -2.6
v 29.3 13.4 -2.5
v 29.3 13.3 -2.5
v 29.4 13.3 -2.5
v 29.4 13.4 -2.5
v 29.4 13.4 -2.6
v 29.4 13.3 -2.6
v 29.3 13.3 -2.6
v 29.3 13.4 -2.6
v 29.4 13.4 -2.5
v 29.4 13.3 -2.5
v 29.5 13.3 -2.5
v 29.5 13.4 -2.5
v 29.5 13.4 -2.6
v 29.5 13.3 -2.6
v 29.4 13.3 -2.6
v 29.4 13.4 -2.6
v 29.5 13.4 -2.5
v 29.5 13.3 -2.5
v 29.6 13.3 -2.5
v 29.6 13.4 -2.5
v 29.6 13.4 -2.6
v 29.6 13.3 -2.6
v 29.5 13.3 -2.6
v 29.5 13.4 -2.6
v 29.6 13.4 -2.5
v 29.6 13.3 -2.5
v 29.7 13.3 -2.5
v 29.7 13.4 -2.5
v 29.7 13.4 -2.6
v 29.7 13.3 -2.6
v 29.6 13.3 -2.6
v 29.6 13.4 -2.6
v 29.7 13.4 -2.5
v 29.7 13.3 -2.5
v 29.8 13.3 -2.5
v 29.8 13.4 -2.5
v 29.8 13.4 -2.6
v 29.8 13.3 -2.6
v 29.7 13.3 -2.6
v 29.7 13.4 -2.6
v 29.8 13.4 -2.5
v 29.8 13.3 -2.5
v 29.9 13.3 -2.5
v 29.9 13.4 -2.5
v 29.9 13.4 -2.6
v 29.9 13.3 -2.6
v 29.8 13.3 -2.6
v 29.8 13.4 -2.6
v 29.9 13.4 -2.5
v 29.9 13.3 -2.5
v 30 13.3 -2.5
v 30 13.4 -2.5
v 30 13.4 -2.6
v 30 13.3 -2.6
v 29.9 13.3 -2.6
v 29.9 13.4 -2.6
v 30 13.4 -2.5
v 30 13.3 -2.5
v 30.1 13.3 -2.5
v 30.1 13.4 -2.5
v 30.1 13.4 -2.6
v 30.1 13.3 -2.6
v 30 13.3 -2.6
v 30 13.4 -2.6
v 30.1 13.4 -2.5
v 30.1 13.3 -2.5
v 30.2 13.3 -2.5
v 30.2 13.4 -2.5
v 30.2 13.4 -2.6
v 30.2 13.3 -2.6
v 30.1 13.3 -2.6
v 30.1 13.4 -2.6
v 30.2 13.4 -2.5
v 30.2 13.3 -2.5
v 30.3 13.3 -2.5
v 30.3 13.4 -2.5
v 30.3 13.4 -2.6
v 30.3 13.3 -2.6
v 30.2 13.3 -2.6
v 30.2 13.4 -2.6
v 30.3 13.4 -2.5
v 30.3 13.3 -2.5
v 30.4 13.3 -2.5
v 30.4 13.4 -2.5
v 30.4 13.4 -2.6
v 30.4 13.3 -2.6
v 30.3 13.3 -2.6
v 30.3 13.4 -2.6
v 30.4 13.4 -2.5
v 30.4 13.3 -2.5
v 30.5 13.3 -2.5
v 30.5 13.4 -2.5
v 30.5 13.4 -2.6
v 30.5 13.3 -2.6
v 30.4 13.3 -2.6
v 30.4 13.4 -2.6
v 30.5 13.4 -2.5
v 30.5 13.3 -2.5
v 30.6 13.3 -2.5
v 30.6 13.4 -2.5
v 30.6 13.4 -2.6
v 30.6 13.3 -2.6
v 30.5 13.3 -2.6
v 30.5 13.4 -2.6
v 30.6 13.4 -2.5
v 30.6 13.3 -2.5
v 30.7 13.3 -2.5
v 30.7 13.4 -2.5
v 30.7 13.4 -2.6
v 30.7 13.3 -2.6
v 30.6 13.3 -2.6
v 30.6 13.4 -2.6
v 30.7 13.4 -2.5
v 30.7 13.3 -2.5
v 30.8 13.3 -2.5
v 30.8 13.4 -2.5
v 30.8 13.4 -2.6
v 30.8 13.3 -2.6
v 30.7 13.3 -2.6
v 30.7 13.4 -2.6
v 30.8 13.4 -2.5
v 30.8 13.3 -2.5
v 30.9 13.3 -2.5
v 30.9 13.4 -2.5
v 30.9 13.4 -2.6
v 30.9 13.3 -2.6
v 30.8 13.3 -2.6
v 30.8 13.4 -2.6
v 30.9 13.4 -2.5
v 30.9 13.3 -2.5
v 31 13.3 -2.5
v 31 13.4 -2.5
v 31 13.4 -2.6
v 31 13.3 -2.6
v 30.9 13.3 -2.6
v 30.9 13.4 -2.6
v 31 13.4 -2.5
v 31 13.3 -2.5
v 31.1 13.3 -2.5
v 31.1 13.4 -2.5
v 31.1 13.4 -2.6
v 31.1 13.3 -2.6
v 31 13.3 -2.6
v 31 13.4 -2.6
v 31.1 13.4 -2.5
v 31.1 13.3 -2.5
v 31.2 13.3 -2.5
v 31.2 13.4 -2.5
v 31.2 13.4 -2.6
v 31.2 13.3 -2.6
v 31.1 13.3 -2.6
v 31.1 13.4 -2.6
v 31.2 13.4 -2.5
v 31.2 13.3 -2.5
v 31.3 13.3 -2.5
v 31.3 13.4 -2.5
v 31.3 13.4 -2.6
v 31.3 13.3 -2.6
v 31.2 13.3 -2.6
v 31.2 13.4 -2.6
v 31.3 13.4 -2.5
v 31.3 13.3 -2.5
v 31.4 13.3 -2.5
v 31.4 13.4 -2.5
v 31.4 13.4 -2.6
v 31.4 13.3 -2.6
v 31.3 13.3 -2.6
v 31.3 13.4 -2.6
v 31.4 13.4 -2.5
v 31.4 13.3 -2.5
v 31.5 13.3 -2.5
v 31.5 13.4 -2.5
v 31.5 13.4 -2.6
v 31.5 13.3 -2.6
v 31.4 13.3 -2.6
v 31.4 13.4 -2.6
v 31.5 13.4 -2.5
v 31.5 13.3 -2.5
v 31.6 13.3 -2.5
v 31.6 13.4 -2.5
v 31.6 13.4 -2.6
v 31.6 13.3 -2.6
v 31.5 13.3 -2.6
v 31.5 13.4 -2.6
v 31.6 13.4 -2.5
v 31.6 13.3 -2.5
v 31.7 13.3 -2.5
v 31.7 13.4 -2.5
v 31.7 13.4 -2.6
v 31.7 13.3 -2.6
v 31.6 13.3 -2.6
v 31.6 13.4 -2.6
v 31.7 13.4 -2.5
v 31.7 13.3 -2.5
v 31.8 13.3 -2.5
v 31.8 13.4 -2.5
v 31.8 13.4 -2.6
v 31.8 13.3 -2.6
v 31.7 13.3 -2.6
v 31.7 13.4 -2.6
v 31.8 13.4 -2.5
v 31.8 13.3 -2.5
v 31.9 13.3 -2.5
v 31.9 13.4 -2.5
v 31.9 13.4 -2.6
v 31.9 13.3 -2.6
v 31.8 13.3 -2.6
v 31.8 13.4 -2.6
v 32 13.4 -2.5
v 32 13.3 -2.5
v 32 13.3 -2.6
v 32 13.4 -2.6
v 31.9 13.4 -2.5
v 31.9 13.3 -2.5
v 32 13.3 -2.5
v 32 13.4 -2.5
v 32 13.4 -2.6
v 32 13.3 -2.6
v 31.9 13.3 -2.6
v 31.9 13.4 -2.6
v 27 13.3 -2.6
v 27 13.2 -2.6
v 27 13.2 -2.5
v 27 13.3 -2.5
v 27 13.3 -2.5
v 27 13.2 -2.5
v 27.1 13.2 -2.5
v 27.1 13.3 -2.5
v 27.1 13.3 -2.6
v 27.1 13.2 -2.6
v 27 13.2 -2.6
v 27 13.3 -2.6
v 27.1 13.3 -2.5
v 27.1 13.2 -2.5
v 27.2 13.2 -2.5
v 27.2 13.3 -2.5
v 27.2 13.3 -2.6
v 27.2 13.2 -2.6
v 27.1 13.2 -2.6
v 27.1 13.3 -2.6
v 27.2 13.3 -2.5
v 27.2 13.2 -2.5
v 27.3 13.2 -2.5
v 27.3 13.3 -2.5
v 27.3 13.3 -2.6
v 27.3 13.2 -2.6
v 27.2 13.2 -2.6
v 27.2 13.3 -2.6
v 27.3 13.3 -2.5
v 27.3 13.2 -2.5
v 27.4 13.2 -2.5
v 27.4 13.3 -2.5
v 27.4 13.3 -2.6
v 27.4 13.2 -2.6
v 27.3 13.2 -2.6
v 27.3 13.3 -2.6
v 27.4 13.3 -2.5
v 27.4 13.2 -2.5
v 27.5 13.2 -2.5
v 27.5 13.3 -2.5
v 27.5 13.3 -2.6
v 27.5 13.2 -2.6
v 27.4 13.2 -2.6
v 27.4 13.3 -2.6
v 27.5 13.3 -2.5
v 27.5 13.2 -2.5
v 27.6 13.2 -2.5
v 27.6 13.3 -2.5
v 27.6 13.3 -2.6
v 27.6 13.2 -2.6
v 27.5 13.2 -2.6
v 27.5 13.3 -2.6
v 27.6 13.3 -2.5
v 27.6 13.2 -2.5
v 27.7 13.2 -2.5
v 27.7 13.3 -2.5
v 27.7 13.3 -2.6
v 27.7 13.2 -2.6
v 27.6 13.2 -2.6
v 27.6 13.3 -2.6
v 27.7 13.3 -2.5
v 27.7 13.2 -2.5
v 27.8 13.2 -2.5
v 27.8 13.3 -2.5
v 27.8 13.3 -2.6
v 27.8 13.2 -2.6
v 27.7 13.2 -2.6
v 27.7 13.3 -2.6
v 27.8 13.3 -2.5
v 27.8 13.2 -2.5
v 27.9 13.2 -2.5
v 27.9 13.3 -2.5
v 27.9 13.3 -2.6
v 27.9 13.2 -2.6
v 27.8 13.2 -2.6
v 27.8 13.3 -2.6
v 27.9 13.3 -2.5
v 27.9 13.2 -2.5
v 28 13.2 -2.5
v 28 13.3 -2.5
v 28 13.3 -2.6
v 28 13.2 -2.6
v 27.9 13.2 -2.6
v 27.9 13.3 -2.6
v 28 13.3 -2.5
v 28 13.2 -2.5
v 28.1 13.2 -2.5
v 28.1 13.3 -2.5
v 28.1 13.3 -2.6
v 28.1 13.2 -2.6
v 28 13.2 -2.6
v 28 13.3 -2.6
v 28.1 13.3 -2.5
v 28.1 13.2 -2.5
v 28.2 13.2 -2.5
v 28.2 13.3 -2.5
v 28.2 13.3 -2.6
v 28.2 13.2 -2.6
v 28.1 13.2 -2.6
v 28.1 13.3 -2.6
v 28.2 13.3 -2.5
v 28.2 13.2 -2.5
v 28.3 13.2 -2.5
v 28.3 13.3 -2.5
v 28.3 13.3 -2.6
v 28.3 13.2 -2.6
v 28.2 13.2 -2.6
v 28.2 13.3 -2.6
v 28.3 13.3 -2.5
v 28.3 13.2 -2.5
v 28.4 13.2 -2.5
v 28.4 13.3 -2.5
v 28.4 13.3 -2.6
v 28.4 13.2 -2.6
v 28.3 13.2 -2.6
v 28.3 13.3 -2.6
v 28.4 13.3 -2.5
v 28.4 13.2 -2.5
v 28.5 13.2 -2.5
v 28.5 13.3 -2.5
v 28.5 13.3 -2.6
v 28.5 13.2 -2.6
v 28.4 13.2 -2.6
v 28.4 13.3 -2.6
v 28.5 13.3 -2.5
v 28.5 13.2 -2.5
v 28.6 13.2 -2.5
v 28.6 13.3 -2.5
v 28.6 13.3 -2.6
v 28.6 13.2 -2.6
v 28.5 13.2 -2.6
v 28.5 13.3 -2.6
v 28.6 13.3 -2.5
v 28.6 13.2 -2.5
v 28.7 13.2 -2.5
v 28.7 13.3 -2.5
v 28.7 13.3 -2.6
v 28.7 13.2 -2.6
v 28.6 13.2 -2.6
v 28.6 13.3 -2.6
v 28.7 13.3 -2.5
v 28.7 13.2 -2.5
v 28.8 13.2 -2.5
v 28.8 13.3 -2.5
v 28.8 13.3 -2.6
v 28.8 13.2 -2.6
v 28.7 13.2 -2.6
v 28.7 13.3 -2.6
v 28.8 13.3 -2.5
v 28.8 13.2 -2.5
v 28.9 13.2 -2.5
v 28.9 13.3 -2.5
v 28.9 13.3 -2.6
v 28.9 13.2 -2.6
v 28.8 13.2 -2.6
v 28.8 13.3 -2.6
v 28.9 13.3 -2.5
v 28.9 13.2 -2.5
v 29 13.2 -2.5
v 29 13.3 -2.5
v 29 13.3 -2.6
v 29 13.2 -2.6
v 28.9 13.2 -2.6
v 28.9 13.3 -2.6
v 29 13.3 -2.5
v 29 13.2 -2.5
v 29.1 13.2 -2.5
v 29.1 13.3 -2.5
v 29.1 13.3 -2.6
v 29.1 13.2 -2.6
v 29 13.2 -2.6
v 29 13.3 -2.6
v 29.1 13.3 -2.5
v 29.1 13.2 -2.5
v 29.2 13.2 -2.5
v 29.2 13.3 -2.5
v 29.2 13.3 -2.6
v 29.2 13.2 -2.6
v 29.1 13.2 -2.6
v 29.1 13.3 -2.6
v 29.2 13.3 -2.5
v 29.2 13.2 -2.5
v 29.3 13.2 -2.5
v 29.3 13.3 -2.5
v 29.3 13.3 -2.6
v 29.3 13.2 -2.6
v 29.2 13.2 -2.6
v 29.2 13.3 -2.6
v 29.3 13.3 -2.5
v 29.3 13.2 -2.5
v 29.4 13.2 -2.5
v 29.4 13.3 -2.5
v 29.4 13.3 -2.6
v 29.4 13.2 -2.6
v 29.3 13.2 -2.6
v 29.3 13.3 -2.6
v 29.4 13.3 -2.5
v 29.4 13.2 -2.5
v 29.5 13.2 -2.5
v 29.5 13.3 -2.5
v 29.5 13.3 -2.6
v 29.5 13.2 -2.6
v 29.4 13.2 -2.6
v 29.4 13.3 -2.6
v 29.5 13.3 -2.5
v 29.5 13.2 -2.5
v 29.6 13.2 -2.5
v 29.6 13.3 -2.5
v 29.6 13.3 -2.6
v 29.6 13.2 -2.6
v 29.5 13.2 -2.6
v 29.5 13.3 -2.6
v 29.6 13.3 -2.5
v 29.6 13.2 -2.5
v 29.7 13.2 -2.5
v 29.7 13.3 -2.5
v 29.7 13.3 -2.6
v 29.7 13.2 -2.6
v 29.6 13.2 -2.6
v 29.6 13.3 -2.6
v 29.7 13.3 -2.5
v 29.7 13.2 -2.5
v 29.8 13.2 -2.5
v 29.8 13.3 -2.5
v 29.8 13.3 -2.6
v 29.8 13.2 -2.6
v 29.7 13.2 -2.6
v 29.7 13.3 -2.6
v 29.8 13.3 -2.5
v 29.8 13.2 -2.5
v 29.9 13.2 -2.5
v 29.9 13.3 -2.5
v 29.9 13.3 -2.6
v 29.9 13.2 -2.6
v 29.8 13.2 -2.6
v 29.8 13.3 -2.6
v 29.9 13.3 -2.5
v 29.9 13.2 -2.5
v 30 13.2 -2.5
v 30 13.3 -2.5
v 30 13.3 -2.6
v 30 13.2 -2.6
v 29.9 13.2 -2.6
v 29.9 13.3 -2.6
v 30 13.3 -2.5
v 30 13.2 -2.5
v 30.1 13.2 -2.5
v 30.1 13.3 -2.5
v 30.1 13.3 -2.6
v 30.1 13.2 -2.6
v 30 13.2 -2.6
v 30 13.3 -2.6
v 30.1 13.3 -2.5
v 30.1 13.2 -2.5
v 30.2 13.2 -2.5
v 30.2 13.3 -2.5
v 30.2 13.3 -2.6
v 30.2 13.2 -2.6
v 30.1 13.2 -2.6
v 30.1 13.3 -2.6
v 30.2 13.3 -2.5
v 30.2 13.2 -2.5
v 30.3 13.2 -2.5
v 30.3 13.3 -2.5
v 30.3 13.3 -2.6
v 30.3 13.2 -2.6
v 30.2 13.2 -2.6
v 30.2 13.3 -2.6
v 30.3 13.3 -2.5
v 30.3 13.2 -2.5
v 30.4 13.2 -2.5
v 30.4 13.3 -2.5
v 30.4 13.3 -2.6
v 30.4 13.2 -2.6
v 30.3 13.2 -2.6
v 30.3 13.3 -2.6
v 30.4 13.3 -2.5
v 30.4 13.2 -2.5
v 30.5 13.2 -2.5
v 30.5 13.3 -2.5
v 30.5 13.3 -2.6
v 30.5 13.2 -2.6
v 30.4 13.2 -2.6
v 30.4 13.3 -2.6
v 30.5 13.3 -2.5
v 30.5 13.2 -2.5
v 30.6 13.2 -2.5
v 30.6 13.3 -2.5
v 30.6 13.3 -2.6
v 30.6 13.2 -2.6
v 30.5 13.2 -2.6
v 30.5 13.3 -2.6
v 30.6 13.3 -2.5
v 30.6 13.2 -2.5
v 30.7 13.2 -2.5
v 30.7 13.3 -2.5
v 30.7 13.3 -2.6
v 30.7 13.2 -2.6
v 30.6 13.2 -2.6
v 30.6 13.3 -2.6
v 30.7 13.3 -2.5
v 30.7 13.2 -2.5
v 30.8 13.2 -2.5
v 30.8 13.3 -2.5
v 30.8 13.3 -2.6
v 30.8 13.2 -2.6
v 30.7 13.2 -2.6
v 30.7 13.3 -2.6
v 30.8 13.3 -2.5
v 30.8 13.2 -2.5
v 30.9 13.2 -2.5
v 30.9 13.3 -2.5
v 30.9 13.3 -2.6
v 30.9 13.2 -2.6
v 30.8 13.2 -2.6
v 30.8 13.3 -2.6
v 30.9 13.3 -2.5
v 30.9 13.2 -2.5
v 31 13.2 -2.5
v 31 13.3 -2.5
v 31 13.3 -2.6
v 31 13.2 -2.6
v 30.9 13.2 -2.6
v 30.9 13.3 -2.6
v 31 13.3 -2.5
v 31 13.2 -2.5
v 31.1 13.2 -2.5
v 31.1 13.3 -2.5
v 31.1 13.3 -2.6
v 31.1 13.2 -2.6
v 31 13.2 -2.6
v 31 13.3 -2.6
v 31.1 13.3 -2.5
v 31.1 13.2 -2.5
v 31.2 13.2 -2.5
v 31.2 13.3 -2.5
v 31.2 13.3 -2.6
v 31.2 13.2 -2.6
v 31.1 13.2 -2.6
v 31.1 13.3 -2.6
v 31.2 13.3 -2.5
v 31.2 13.2 -2.5
v 31.3 13.2 -2.5
v 31.3 13.3 -2.5
v 31.3 13.3 -2.6
v 31.3 13.2 -2.6
v 31.2 13.2 -2.6
v 31.2 13.3 -2.6
v 31.3 13.3 -2.5
v 31.3 13.2 -2.5
v 31.4 13.2 -2.5
v 31.4 13.3 -2.5
v 31.4 13.3 -2.6
v 31.4 13.2 -2.6
v 31.3 13.2 -2.6
v 31.3 13.3 -2.6
v 31.4 13.3 -2.5
v 31.4 13.2 -2.5
v 31.5 13.2 -2.5
v 31.5 13.3 -2.5
v 31.5 13.3 -2.6
v 31.5 13.2 -2.6
v 31.4 13.2 -2.6
v 31.4 13.3 -2.6
v 31.5 13.3 -2.5
v 31.5 13.2 -2.5
v 31.6 13.2 -2.5
v 31.6 13.3 -2.5
v 31.6 13.3 -2.6
v 31.6 13.2 -2.6
v 31.5 13.2 -2.6
v 31.5 13.3 -2.6
v 31.6 13.3 -2.5
v 31.6 13.2 -2.5
v 31.7 13.2 -2.5
v 31.7 13.3 -2.5
v 31.7 13.3 -2.6
v 31.7 13.2 -2.6
v 31.6 13.2 -2.6
v 31.6 13.3 -2.6
v 31.7 13.3 -2.5
v 31.7 13.2 -2.5
v 31.8 13.2 -2.5
v 31.8 13.3 -2.5
v 31.8 13.3 -2.6
v 31.8 13.2 -2.6
v 31.7 13.2 -2.6
v 31.7 13.3 -2.6
v 31.8 13.3 -2.5
v 31.8 13.2 -2.5
v 31.9 13.2 -2.5
v 31.9 13.3 -2.5
v 31.9 13.3 -2.6
v 31.9 13.2 -2.6
v 31.8 13.2 -2.6
v 31.8 13.3 -2.6
v 32 13.3 -2.5
v 32 13.2 -2.5
v 32 13.2 -2.6
v 32 13.3 -2.6
v 31.9 13.3 -2.5
v 31.9 13.2 -2.5
v 32 13.2 -2.5
v 32 13.3 -2.5
v 32 13.3 -2.6
v 32 13.2 -2.6
v 31.9 13.2 -2.6
v 31.9 13.3 -2.6
v 27 13.2 -2.6
v 27 13.1 -2.6
v 27 13.1 -2.5
v 27 13.2 -2.5
v 27 13.1 -2.5
v 27 13.1 -2.6
v 27.1 13.1 -2.6
v 27.1 13.1 -2.5
v 27 13.2 -2.5
v 27 13.1 -2.5
v 27.1 13.1 -2.5
v 27.1 13.2 -2.5
v 27.1 13.2 -2.6
v 27.1 13.1 -2.6
v 27 13.1 -2.6
v 27 13.2 -2.6
v 27.1 13.2 -2.5
v 27.1 13.1 -2.5
v 27.2 13.1 -2.5
v 27.2 13.2 -2.5
v 27.2 13.2 -2.6
v 27.2 13.1 -2.6
v 27.1 13.1 -2.6
v 27.1 13.2 -2.6
v 27.2 13.2 -2.5
v 27.2 13.1 -2.5
v 27.3 13.1 -2.5
v 27.3 13.2 -2.5
v 27.3 13.2 -2.6
v 27.3 13.1 -2.6
v 27.2 13.1 -2.6
v 27.2 13.2 -2.6
v 27.3 13.2 -2.5
v 27.3 13.1 -2.5
v 27.4 13.1 -2.5
v 27.4 13.2 -2.5
v 27.4 13.2 -2.6
v 27.4 13.1 -2.6
v 27.3 13.1 -2.6
v 27.3 13.2 -2.6
v 27.4 13.2 -2.5
v 27.4 13.1 -2.5
v 27.5 13.1 -2.5
v 27.5 13.2 -2.5
v 27.5 13.2 -2.6
v 27.5 13.1 -2.6
v 27.4 13.1 -2.6
v 27.4 13.2 -2.6
v 27.5 13.2 -2.5
v 27.5 13.1 -2.5
v 27.6 13.1 -2.5
v 27.6 13.2 -2.5
v 27.6 13.2 -2.6
v 27.6 13.1 -2.6
v 27.5 13.1 -2.6
v 27.5 13.2 -2.6
v 27.6 13.2 -2.5
v 27.6 13.1 -2.5
v 27.7 13.1 -2.5
v 27.7 13.2 -2.5
v 27.7 13.2 -2.6
v 27.7 13.1 -2.6
v 27.6 13.1 -2.6
v 27.6 13.2 -2.6
v 27.7 13.2 -2.5
v 27.7 13.1 -2.5
v 27.8 13.1 -2.5
v 27.8 13.2 -2.5
v 27.8 13.2 -2.6
v 27.8 13.1 -2.6
v 27.7 13.1 -2.6
v 27.7 13.2 -2.6
v 27.8 13.2 -2.5
v 27.8 13.1 -2.5
v 27.9 13.1 -2.5
v 27.9 13.2 -2.5
v 27.9 13.2 -2.6
v 27.9 13.1 -2.6
v 27.8 13.1 -2.6
v 27.8 13.2 -2.6
v 27.9 13.2 -2.5
v 27.9 13.1 -2.5
v 28 13.1 -2.5
v 28 13.2 -2.5
v 28 13.2 -2.6
v 28 13.1 -2.6
v 27.9 13.1 -2.6
v 27.9 13.2 -2.6
v 28 13.2 -2.5
v 28 13.1 -2.5
v 28.1 13.1 -2.5
v 28.1 13.2 -2.5
v 28.1 13.2 -2.6
v 28.1 13.1 -2.6
v 28 13.1 -2.6
v 28 13.2 -2.6
v 28.1 13.2 -2.5
v 28.1 13.1 -2.5
v 28.2 13.1 -2.5
v 28.2 13.2 -2.5
v 28.2 13.2 -2.6
v 28.2 13.1 -2.6
v 28.1 13.1 -2.6
v 28.1 13.2 -2.6
v 28.2 13.2 -2.5
v 28.2 13.1 -2.5
v 28.3 13.1 -2.5
v 28.3 13.2 -2.5
v 28.3 13.2 -2.6
v 28.3 13.1 -2.6
v 28.2 13.1 -2.6
v 28.2 13.2 -2.6
v 28.3 13.2 -2.5
v 28.3 13.1 -2.5
v 28.4 13.1 -2.5
v 28.4 13.2 -2.5
v 28.4 13.2 -2.6
v 28.4 13.1 -2.6
v 28.3 13.1 -2.6
v 28.3 13.2 -2.6
v 28.4 13.2 -2.5
v 28.4 13.1 -2.5
v 28.5 13.1 -2.5
v 28.5 13.2 -2.5
v 28.5 13.2 -2.6
v 28.5 13.1 -2.6
v 28.4 13.1 -2.6
v 28.4 13.2 -2.6
v 28.5 13.2 -2.5
v 28.5 13.1 -2.5
v 28.6 13.1 -2.5
v 28.6 13.2 -2.5
v 28.6 13.2 -2.6
v 28.6 13.1 -2.6
v 28.5 13.1 -2.6
v 28.5 13.2 -2.6
v 28.6 13.2 -2.5
v 28.6 13.1 -2.5
v 28.7 13.1 -2.5
v 28.7 13.2 -2.5
v 28.7 13.2 -2.6
v 28.7 13.1 -2.6
v 28.6 13.1 -2.6
v 28.6 13.2 -2.6
v 28.7 13.2 -2.5
v 28.7 13.1 -2.5
v 28.8 13.1 -2.5
v 28.8 13.2 -2.5
v 28.8 13.2 -2.6
v 28.8 13.1 -2.6
v 28.7 13.1 -2.6
v 28.7 13.2 -2.6
v 28.8 13.2 -2.5
v 28.8 13.1 -2.5
v 28.9 13.1 -2.5
v 28.9 13.2 -2.5
v 28.9 13.2 -2.6
v 28.9 13.1 -2.6
v 28.8 13.1 -2.6
v 28.8 13.2 -2.6
v 28.9 13.2 -2.5
v 28.9 13.1 -2.5
v 29 13.1 -2.5
v 29 13.2 -2.5
v 29 13.2 -2.6
v 29 13.1 -2.6
v 28.9 13.1 -2.6
v 28.9 13.2 -2.6
v 29 13.2 -2.5
v 29 13.1 -2.5
v 29.1 13.1 -2.5
v 29.1 13.2 -2.5
v 29.1 13.2 -2.6
v 29.1 13.1 -2.6
v 29 13.1 -2.6
v 29 13.2 -2.6
v 29.1 13.2 -2.5
v 29.1 13.1 -2.5
v 29.2 13.1 -2.5
v 29.2 13.2 -2.5
v 29.2 13.2 -2.6
v 29.2 13.1 -2.6
v 29.1 13.1 -2.6
v 29.1 13.2 -2.6
v 29.2 13.2 -2.5
v 29.2 13.1 -2.5
v 29.3 13.1 -2.5
v 29.3 13.2 -2.5
v 29.3 13.2 -2.6
v 29.3 13.1 -2.6
v 29.2 13.1 -2.6
v 29.2 13.2 -2.6
v 29.3 13.2 -2.5
v 29.3 13.1 -2.5
v 29.4 13.1 -2.5
v 29.4 13.2 -2.5
v 29.4 13.2 -2.6
v 29.4 13.1 -2.6
v 29.3 13.1 -2.6
v 29.3 13.2 -2.6
v 29.4 13.2 -2.5
v 29.4 13.1 -2.5
v 29.5 13.1 -2.5
v 29.5 13.2 -2.5
v 29.5 13.2 -2.6
v 29.5 13.1 -2.6
v 29.4 13.1 -2.6
v 29.4 13.2 -2.6
v 29.5 13.2 -2.5
v 29.5 13.1 -2.5
v 29.6 13.1 -2.5
v 29.6 13.2 -2.5
v 29.6 13.2 -2.6
v 29.6 13.1 -2.6
v 29.5 13.1 -2.6
v 29.5 13.2 -2.6
v 29.6 13.2 -2.5
v 29.6 13.1 -2.5
v 29.7 13.1 -2.5
v 29.7 13.2 -2.5
v 29.7 13.2 -2.6
v 29.7 13.1 -2.6
v 29.6 13.1 -2.6
v 29.6 13.2 -2.6
v 29.7 13.2 -2.5
v 29.7 13.1 -2.5
v 29.8 13.1 -2.5
v 29.8 13.2 -2.5
v 29.8 13.2 -2.6
v 29.8 13.1 -2.6
v 29.7 13.1 -2.6
v 29.7 13.2 -2.6
v 29.8 13.2 -2.5
v 29.8 13.1 -2.5
v 29.9 13.1 -2.5
v 29.9 13.2 -2.5
v 29.9 13.2 -2.6
v 29.9 13.1 -2.6
v 29.8 13.1 -2.6
v 29.8 13.2 -2.6
v 29.9 13.2 -2.5
v 29.9 13.1 -2.5
v 30 13.1 -2.5
v 30 13.2 -2.5
v 30 13.2 -2.6
v 30 13.1 -2.6
v 29.9 13.1 -2.6
v 29.9 13.2 -2.6
v 30 13.2 -2.5
v 30 13.1 -2.5
v 30.1 13.1 -2.5
v 30.1 13.2 -2.5
v 30.1 13.2 -2.6
v 30.1 13.1 -2.6
v 30 13.1 -2.6
v 30 13.2 -2.6
v 30.1 13.2 -2.5
v 30.1 13.1 -2.5
v 30.2 13.1 -2.5
v 30.2 13.2 -2.5
v 30.2 13.2 -2.6
v 30.2 13.1 -2.6
v 30.1 13.1 -2.6
v 30.1 13.2 -2.6
v 30.2 13.2 -2.5
v 30.2 13.1 -2.5
v 30.3 13.1 -2.5
v 30.3 13.2 -2.5
v 30.3 13.2 -2.6
v 30.3 13.1 -2.6
v 30.2 13.1 -2.6
v 30.2 13.2 -2.6
v 30.3 13.2 -2.5
v 30.3 13.1 -2.5
v 30.4 13.1 -2.5
v 30.4 13.2 -2.5
v 30.4 13.2 -2.6
v 30.4 13.1 -2.6
v 30.3 13.1 -2.6
v 30.3 13.2 -2.6
v 30.4 13.2 -2.5
v 30.4 13.1 -2.5
v 30.5 13.1 -2.5
v 30.5 13.2 -2.5
v 30.5 13.2 -2.6
v 30.5 13.1 -2.6
v 30.4 13.1 -2.6
v 30.4 13.2 -2.6
v 30.5 13.2 -2.5
v 30.5 13.1 -2.5
v 30.6 13.1 -2.5
v 30.6 13.2 -2.5
v 30.6 13.2 -2.6
v 30.6 13.1 -2.6
v 30.5 13.1 -2.6
v 30.5 13.2 -2.6
v 30.6 13.2 -2.5
v 30.6 13.1 -2.5
v 30.7 13.1 -2.5
v 30.7 13.2 -2.5
v 30.7 13.2 -2.6
v 30.7 13.1 -2.6
v 30.6 13.1 -2.6
v 30.6 13.2 -2.6
v 30.7 13.2 -2.5
v 30.7 13.1 -2.5
v 30.8 13.1 -2.5
v 30.8 13.2 -2.5
v 30.8 13.2 -2.6
v 30.8 13.1 -2.6
v 30.7 13.1 -2.6
v 30.7 13.2 -2.6
v 30.8 13.2 -2.5
v 30.8 13.1 -2.5
v 30.9 13.1 -2.5
v 30.9 13.2 -2.5
v 30.9 13.2 -2.6
v 30.9 13.1 -2.6
v 30.8 13.1 -2.6
v 30.8 13.2 -2.6
v 30.9 13.2 -2.5
v 30.9 13.1 -2.5
v 31 13.1 -2.5
v 31 13.2 -2.5
v 31 13.2 -2.6
v 31 13.1 -2.6
v 30.9 13.1 -2.6
v 30.9 13.2 -2.6
v 31 13.2 -2.5
v 31 13.1 -2.5
v 31.1 13.1 -2.5
v 31.1 13.2 -2.5
v 31.1 13.2 -2.6
v 31.1 13.1 -2.6
v 31 13.1 -2.6
v 31 13.2 -2.6
v 31.1 13.2 -2.5
v 31.1 13.1 -2.5
v 31.2 13.1 -2.5
v 31.2 13.2 -2.5
v 31.2 13.2 -2.6
v 31.2 13.1 -2.6
v 31.1 13.1 -2.6
v 31.1 13.2 -2.6
v 31.2 13.2 -2.5
v 31.2 13.1 -2.5
v 31.3 13.1 -2.5
v 31.3 13.2 -2.5
v 31.3 13.2 -2.6
v 31.3 13.1 -2.6
v 31.2 13.1 -2.6
v 31.2 13.2 -2.6
v 31.3 13.2 -2.5
v 31.3 13.1 -2.5
v 31.4 13.1 -2.5
v 31.4 13.2 -2.5
v 31.4 13.2 -2.6
v 31.4 13.1 -2.6
v 31.3 13.1 -2.6
v 31.3 13.2 -2.6
v 31.4 13.2 -2.5
v 31.4 13.1 -2.5
v 31.5 13.1 -2.5
v 31.5 13.2 -2.5
v 31.5 13.2 -2.6
v 31.5 13.1 -2.6
v 31.4 13.1 -2.6
v 31.4 13.2 -2.6
v 31.5 13.2 -2.5
v 31.5 13.1 -2.5
v 31.6 13.1 -2.5
v 31.6 13.2 -2.5
v 31.6 13.2 -2.6
v 31.6 13.1 -2.6
v 31.5 13.1 -2.6
v 31.5 13.2 -2.6
v 31.6 13.2 -2.5
v 31.6 13.1 -2.5
v 31.7 13.1 -2.5
v 31.7 13.2 -2.5
v 31.7 13.2 -2.6
v 31.7 13.1 -2.6
v 31.6 13.1 -2.6
v 31.6 13.2 -2.6
v 31.7 13.2 -2.5
v 31.7 13.1 -2.5
v 31.8 13.1 -2.5
v 31.8 13.2 -2.5
v 31.8 13.2 -2.6
v 31.8 13.1 -2.6
v 31.7 13.1 -2.6
v 31.7 13.2 -2.6
v 31.8 13.2 -2.5
v 31.8 13.1 -2.5
v 31.9 13.1 -2.5
v 31.9 13.2 -2.5
v 31.9 13.2 -2.6
v 31.9 13.1 -2.6
v 31.8 13.1 -2.6
v 31.8 13.2 -2.6
v 32 13.2 -2.5
v 32 13.1 -2.5
v 32 13.1 -2.6
v 32 13.2 -2.6
v 31.9 13.2 -2.5
v 31.9 13.1 -2.5
v 32 13.1 -2.5
v 32 13.2 -2.5
v 32 13.2 -2.6
v 32 13.1 -2.6
v 31.9 13.1 -2.6
v 31.9 13.2 -2.6
v 27.1 13.1 -2.6
v 27.1 13 -2.6
v 27.1 13 -2.5
v 27.1 13.1 -2.5
v 27.1 13.1 -2.5
v 27.1 13 -2.5
v 27.2 13 -2.5
v 27.2 13.1 -2.5
v 27.2 13.1 -2.6
v 27.2 13 -2.6
v 27.1 13 -2.6
v 27.1 13.1 -2.6
v 27.2 13.1 -2.5
v 27.2 13 -2.5
v 27.3 13 -2.5
v 27.3 13.1 -2.5
v 27.3 13.1 -2.6
v 27.3 13 -2.6
v 27.2 13 -2.6
v 27.2 13.1 -2.6
v 27.3 13.1 -2.5
v 27.3 13 -2.5
v 27.4 13 -2.5
v 27.4 13.1 -2.5
v 27.4 13.1 -2.6
v 27.4 13 -2.6
v 27.3 13 -2.6
v 27.3 13.1 -2.6
v 27.4 13.1 -2.5
v 27.4 13 -2.5
v 27.5 13 -2.5
v 27.5 13.1 -2.5
v 27.5 13.1 -2.6
v 27.5 13 -2.6
v 27.4 13 -2.6
v 27.4 13.1 -2.6
v 27.5 13.1 -2.5
v 27.5 13 -2.5
v 27.6 13 -2.5
v 27.6 13.1 -2.5
v 27.6 13.1 -2.6
v 27.6 13 -2.6
v 27.5 13 -2.6
v 27.5 13.1 -2.6
v 27.6 13.1 -2.5
v 27.6 13 -2.5
v 27.7 13 -2.5
v 27.7 13.1 -2.5
v 27.7 13.1 -2.6
v 27.7 13 -2.6
v 27.6 13 -2.6
v 27.6 13.1 -2.6
v 27.7 13.1 -2.5
v 27.7 13 -2.5
v 27.8 13 -2.5
v 27.8 13.1 -2.5
v 27.8 13.1 -2.6
v 27.8 13 -2.6
v 27.7 13 -2.6
v 27.7 13.1 -2.6
v 27.8 13.1 -2.5
v 27.8 13 -2.5
v 27.9 13 -2.5
v 27.9 13.1 -2.5
v 27.9 13.1 -2.6
v 27.9 13 -2.6
v 27.8 13 -2.6
v 27.8 13.1 -2.6
v 27.9 13.1 -2.5
v 27.9 13 -2.5
v 28 13 -2.5
v 28 13.1 -2.5
v 28 13.1 -2.6
v 28 13 -2.6
v 27.9 13 -2.6
v 27.9 13.1 -2.6
v 28 13.1 -2.5
v 28 13 -2.5
v 28.1 13 -2.5
v 28.1 13.1 -2.5
v 28.1 13.1 -2.6
v 28.1 13 -2.6
v 28 13 -2.6
v 28 13.1 -2.6
v 28.1 13.1 -2.5
v 28.1 13 -2.5
v 28.2 13 -2.5
v 28.2 13.1 -2.5
v 28.2 13.1 -2.6
v 28.2 13 -2.6
v 28.1 13 -2.6
v 28.1 13.1 -2.6
v 28.2 13.1 -2.5
v 28.2 13 -2.5
v 28.3 13 -2.5
v 28.3 13.1 -2.5
v 28.3 13.1 -2.6
v 28.3 13 -2.6
v 28.2 13 -2.6
v 28.2 13.1 -2.6
v 28.3 13.1 -2.5
v 28.3 13 -2.5
v 28.4 13 -2.5
v 28.4 13.1 -2.5
v 28.4 13.1 -2.6
v 28.4 13 -2.6
v 28.3 13 -2.6
v 28.3 13.1 -2.6
v 28.4 13.1 -2.5
v 28.4 13 -2.5
v 28.5 13 -2.5
v 28.5 13.1 -2.5
v 28.5 13.1 -2.6
v 28.5 13 -2.6
v 28.4 13 -2.6
v 28.4 13.1 -2.6
v 28.5 13.1 -2.5
v 28.5 13 -2.5
v 28.6 13 -2.5
v 28.6 13.1 -2.5
v 28.6 13.1 -2.6
v 28.6 13 -2.6
v 28.5 13 -2.6
v 28.5 13.1 -2.6
v 28.6 13.1 -2.5
v 28.6 13 -2.5
v 28.7 13 -2.5
v 28.7 13.1 -2.5
v 28.7 13.1 -2.6
v 28.7 13 -2.6
v 28.6 13 -2.6
v 28.6 13.1 -2.6
v 28.7 13.1 -2.5
v 28.7 13 -2.5
v 28.8 13 -2.5
v 28.8 13.1 -2.5
v 28.8 13.1 -2.6
v 28.8 13 -2.6
v 28.7 13 -2.6
v 28.7 13.1 -2.6
v 28.8 13.1 -2.5
v 28.8 13 -2.5
v 28.9 13 -2.5
v 28.9 13.1 -2.5
v 28.9 13.1 -2.6
v 28.9 13 -2.6
v 28.8 13 -2.6
v 28.8 13.1 -2.6
v 28.9 13.1 -2.5
v 28.9 13 -2.5
v 29 13 -2.5
v 29 13.1 -2.5
v 29 13.1 -2.6
v 29 13 -2.6
v 28.9 13 -2.6
v 28.9 13.1 -2.6
v 29 13.1 -2.5
v 29 13 -2.5
v 29.1 13 -2.5
v 29.1 13.1 -2.5
v 29.1 13.1 -2.6
v 29.1 13 -2.6
v 29 13 -2.6
v 29 13.1 -2.6
v 29.1 13.1 -2.5
v 29.1 13 -2.5
v 29.2 13 -2.5
v 29.2 13.1 -2.5
v 29.2 13.1 -2.6
v 29.2 13 -2.6
v 29.1 13 -2.6
v 29.1 13.1 -2.6
v 29.2 13.1 -2.5
v 29.2 13 -2.5
v 29.3 13 -2.5
v 29.3 13.1 -2.5
v 29.3 13.1 -2.6
v 29.3 13 -2.6
v 29.2 13 -2.6
v 29.2 13.1 -2.6
v 29.3 13.1 -2.5
v 29.3 13 -2.5
v 29.4 13 -2.5
v 29.4 13.1 -2.5
v 29.4 13.1 -2.6
v 29.4 13 -2.6
v 29.3 13 -2.6
v 29.3 13.1 -2.6
v 29.4 13.1 -2.5
v 29.4 13 -2.5
v 29.5 13 -2.5
v 29.5 13.1 -2.5
v 29.5 13.1 -2.6
v 29.5 13 -2.6
v 29.4 13 -2.6
v 29.4 13.1 -2.6
v 29.5 13.1 -2.5
v 29.5 13 -2.5
v 29.6 13 -2.5
v 29.6 13.1 -2.5
v 29.6 13.1 -2.6
v 29.6 13 -2.6
v 29.5 13 -2.6
v 29.5 13.1 -2.6
v 29.6 13.1 -2.5
v 29.6 13 -2.5
v 29.7 13 -2.5
v 29.7 13.1 -2.5
v 29.7 13.1 -2.6
v 29.7 13 -2.6
v 29.6 13 -2.6
v 29.6 13.1 -2.6
v 29.7 13.1 -2.5
v 29.7 13 -2.5
v 29.8 13 -2.5
v 29.8 13.1 -2.5
v 29.8 13.1 -2.6
v 29.8 13 -2.6
v 29.7 13 -2.6
v 29.7 13.1 -2.6
v 29.8 13.1 -2.5
v 29.8 13 -2.5
v 29.9 13 -2.5
v 29.9 13.1 -2.5
v 29.9 13.1 -2.6
v 29.9 13 -2.6
v 29.8 13 -2.6
v 29.8 13.1 -2.6
v 29.9 13.1 -2.5
v 29.9 13 -2.5
v 30 13 -2.5
v 30 13.1 -2.5
v 30 13.1 -2.6
v 30 13 -2.6
v 29.9 13 -2.6
v 29.9 13.1 -2.6
v 30 13.1 -2.5
v 30 13 -2.5
v 30.1 13 -2.5
v 30.1 13.1 -2.5
v 30.1 13.1 -2.6
v 30.1 13 -2.6
v 30 13 -2.6
v 30 13.1 -2.6
v 30.1 13.1 -2.5
v 30.1 13 -2.5
v 30.2 13 -2.5
v 30.2 13.1 -2.5
v 30.2 13.1 -2.6
v 30.2 13 -2.6
v 30.1 13 -2.6
v 30.1 13.1 -2.6
v 30.2 13.1 -2.5
v 30.2 13 -2.5
v 30.3 13 -2.5
v 30.3 13.1 -2.5
v 30.3 13.1 -2.6
v 30.3 13 -2.6
v 30.2 13 -2.6
v 30.2 13.1 -2.6
v 30.3 13.1 -2.5
v 30.3 13 -2.5
v 30.4 13 -2.5
v 30.4 13.1 -2.5
v 30.4 13.1 -2.6
v 30.4 13 -2.6
v 30.3 13 -2.6
v 30.3 13.1 -2.6
v 30.4 13.1 -2.5
v 30.4 13 -2.5
v 30.5 13 -2.5
v 30.5 13.1 -2.5
v 30.5 13.1 -2.6
v 30.5 13 -2.6
v 30.4 13 -2.6
v 30.4 13.1 -2.6
v 30.5 13.1 -2.5
v 30.5 13 -2.5
v 30.6 13 -2.5
v 30.6 13.1 -2.5
v 30.6 13.1 -2.6
v 30.6 13 -2.6
v 30.5 13 -2.6
v 30.5 13.1 -2.6
v 30.6 13.1 -2.5
v 30.6 13 -2.5
v 30.7 13 -2.5
v 30.7 13.1 -2.5
v 30.7 13.1 -2.6
v 30.7 13 -2.6
v 30.6 13 -2.6
v 30.6 13.1 -2.6
v 30.7 13.1 -2.5
v 30.7 13 -2.5
v 30.8 13 -2.5
v 30.8 13.1 -2.5
v 30.8 13.1 -2.6
v 30.8 13 -2.6
v 30.7 13 -2.6
v 30.7 13.1 -2.6
v 30.8 13.1 -2.5
v 30.8 13 -2.5
v 30.9 13 -2.5
v 30.9 13.1 -2.5
v 30.9 13.1 -2.6
v 30.9 13 -2.6
v 30.8 13 -2.6
v 30.8 13.1 -2.6
v 30.9 13.1 -2.5
v 30.9 13 -2.5
v 31 13 -2.5
v 31 13.1 -2.5
v 31 13.1 -2.6
v 31 13 -2.6
v 30.9 13 -2.6
v 30.9 13.1 -2.6
v 31 13.1 -2.5
v 31 13 -2.5
v 31.1 13 -2.5
v 31.1 13.1 -2.5
v 31.1 13.1 -2.6
v 31.1 13 -2.6
v 31 13 -2.6
v 31 13.1 -2.6
v 31.1 13.1 -2.5
v 31.1 13 -2.5
v 31.2 13 -2.5
v 31.2 13.1 -2.5
v 31.2 13.1 -2.6
v 31.2 13 -2.6
v 31.1 13 -2.6
v 31.1 13.1 -2.6
v 31.2 13.1 -2.5
v 31.2 13 -2.5
v 31.3 13 -2.5
v 31.3 13.1 -2.5
v 31.3 13.1 -2.6
v 31.3 13 -2.6
v 31.2 13 -2.6
v 31.2 13.1 -2.6
v 31.3 13.1 -2.5
v 31.3 13 -2.5
v 31.4 13 -2.5
v 31.4 13.1 -2.5
v 31.4 13.1 -2.6
v 31.4 13 -2.6
v 31.3 13 -2.6
v 31.3 13.1 -2.6
v 31.4 13.1 -2.5
v 31.4 13 -2.5
v 31.5 13 -2.5
v 31.5 13.1 -2.5
v 31.5 13.1 -2.6
v 31.5 13 -2.6
v 31.4 13 -2.6
v 31.4 13.1 -2.6
v 31.5 13.1 -2.5
v 31.5 13 -2.5
v 31.6 13 -2.5
v 31.6 13.1 -2.5
v 31.6 13.1 -2.6
v 31.6 13 -2.6
v 31.5 13 -2.6
v 31.5 13.1 -2.6
v 31.6 13.1 -2.5
v 31.6 13 -2.5
v 31.7 13 -2.5
v 31.7 13.1 -2.5
v 31.7 13.1 -2.6
v 31.7 13 -2.6
v 31.6 13 -2.6
v 31.6 13.1 -2.6
v 31.7 13.1 -2.5
v 31.7 13 -2.5
v 31.8 13 -2.5
v 31.8 13.1 -2.5
v 31.8 13.1 -2.6
v 31.8 13 -2.6
v 31.7 13 -2.6
v 31.7 13.1 -2.6
v 31.8 13.1 -2.5
v 31.8 13 -2.5
v 31.9 13 -2.5
v 31.9 13.1 -2.5
v 31.9 13.1 -2.6
v 31.9 13 -2.6
v 31.8 13 -2.6
v 31.8 13.1 -2.6
v 32 13.1 -2.5
v 32 13 -2.5
v 32 13 -2.6
v 32 13.1 -2.6
v 31.9 13.1 -2.5
v 31.9 13 -2.5
v 32 13 -2.5
v 32 13.1 -2.5
v 32 13.1 -2.6
v 32 13 -2.6
v 31.9 13 -2.6
v 31.9 13.1 -2.6
v 27.1 13 -2.6
v 27.1 12.9 -2.6
v 27.1 12.9 -2.5
v 27.1 13 -2.5
v 27.1 12.9 -2.5
v 27.1 12.9 -2.6
v 27.2 12.9 -2.6
v 27.2 12.9 -2.5
v 27.1 13 -2.5
v 27.1 12.9 -2.5
v 27.2 12.9 -2.5
v 27.2 13 -2.5
v 27.2 13 -2.6
v 27.2 12.9 -2.6
v 27.1 12.9 -2.6
v 27.1 13 -2.6
v 27.2 13 -2.5
v 27.2 12.9 -2.5
v 27.3 12.9 -2.5
v 27.3 13 -2.5
v 27.3 13 -2.6
v 27.3 12.9 -2.6
v 27.2 12.9 -2.6
v 27.2 13 -2.6
v 27.3 13 -2.5
v 27.3 12.9 -2.5
v 27.4 12.9 -2.5
v 27.4 13 -2.5
v 27.4 13 -2.6
v 27.4 12.9 -2.6
v 27.3 12.9 -2.6
v 27.3 13 -2.6
v 27.4 13 -2.5
v 27.4 12.9 -2.5
v 27.5 12.9 -2.5
v 27.5 13 -2.5
v 27.5 13 -2.6
v 27.5 12.9 -2.6
v 27.4 12.9 -2.6
v 27.4 13 -2.6
v 27.5 13 -2.5
v 27.5 12.9 -2.5
v 27.6 12.9 -2.5
v 27.6 13 -2.5
v 27.6 13 -2.6
v 27.6 12.9 -2.6
v 27.5 12.9 -2.6
v 27.5 13 -2.6
v 27.6 13 -2.5
v 27.6 12.9 -2.5
v 27.7 12.9 -2.5
v 27.7 13 -2.5
v 27.7 13 -2.6
v 27.7 12.9 -2.6
v 27.6 12.9 -2.6
v 27.6 13 -2.6
v 27.7 13 -2.5
v 27.7 12.9 -2.5
v 27.8 12.9 -2.5
v 27.8 13 -2.5
v 27.8 13 -2.6
v 27.8 12.9 -2.6
v 27.7 12.9 -2.6
v 27.7 13 -2.6
v 27.8 13 -2.5
v 27.8 12.9 -2.5
v 27.9 12.9 -2.5
v 27.9 13 -2.5
v 27.9 13 -2.6
v 27.9 12.9 -2.6
v 27.8 12.9 -2.6
v 27.8 13 -2.6
v 27.9 13 -2.5
v 27.9 12.9 -2.5
v 28 12.9 -2.5
v 28 13 -2.5
v 28 13 -2.6
v 28 12.9 -2.6
v 27.9 12.9 -2.6
v 27.9 13 -2.6
v 28 13 -2.5
v 28 12.9 -2.5
v 28.1 12.9 -2.5
v 28.1 13 -2.5
v 28.1 13 -2.6
v 28.1 12.9 -2.6
v 28 12.9 -2.6
v 28 13 -2.6
v 28.1 13 -2.5
v 28.1 12.9 -2.5
v 28.2 12.9 -2.5
v 28.2 13 -2.5
v 28.2 13 -2.6
v 28.2 12.9 -2.6
v 28.1 12.9 -2.6
v 28.1 13 -2.6
v 28.2 13 -2.5
v 28.2 12.9 -2.5
v 28.3 12.9 -2.5
v 28.3 13 -2.5
v 28.3 13 -2.6
v 28.3 12.9 -2.6
v 28.2 12.9 -2.6
v 28.2 13 -2.6
v 28.3 13 -2.5
v 28.3 12.9 -2.5
v 28.4 12.9 -2.5
v 28.4 13 -2.5
v 28.4 13 -2.6
v 28.4 12.9 -2.6
v 28.3 12.9 -2.6
v 28.3 13 -2.6
v 28.4 13 -2.5
v 28.4 12.9 -2.5
v 28.5 12.9 -2.5
v 28.5 13 -2.5
v 28.5 13 -2.6
v 28.5 12.9 -2.6
v 28.4 12.9 -2.6
v 28.4 13 -2.6
v 28.5 13 -2.5
v 28.5 12.9 -2.5
v 28.6 12.9 -2.5
v 28.6 13 -2.5
v 28.6 13 -2.6
v 28.6 12.9 -2.6
v 28.5 12.9 -2.6
v 28.5 13 -2.6
v 28.6 13 -2.5
v 28.6 12.9 -2.5
v 28.7 12.9 -2.5
v 28.7 13 -2.5
v 28.7 13 -2.6
v 28.7 12.9 -2.6
v 28.6 12.9 -2.6
v 28.6 13 -2.6
v 28.7 13 -2.5
v 28.7 12.9 -2.5
v 28.8 12.9 -2.5
v 28.8 13 -2.5
v 28.8 13 -2.6
v 28.8 12.9 -2.6
v 28.7 12.9 -2.6
v 28.7 13 -2.6
v 28.8 13 -2.5
v 28.8 12.9 -2.5
v 28.9 12.9 -2.5
v 28.9 13 -2.5
v 28.9 13 -2.6
v 28.9 12.9 -2.6
v 28.8 12.9 -2.6
v 28.8 13 -2.6
v 28.9 13 -2.5
v 28.9 12.9 -2.5
v 29 12.9 -2.5
v 29 13 -2.5
v 29 13 -2.6
v 29 12.9 -2.6
v 28.9 12.9 -2.6
v 28.9 13 -2.6
v 29 13 -2.5
v 29 12.9 -2.5
v 29.1 12.9 -2.5
v 29.1 13 -2.5
v 29.1 13 -2.6
v 29.1 12.9 -2.6
v 29 12.9 -2.6
v 29 13 -2.6
v 29.1 13 -2.5
v 29.1 12.9 -2.5
v 29.2 12.9 -2.5
v 29.2 13 -2.5
v 29.2 13 -2.6
v 29.2 12.9 -2.6
v 29.1 12.9 -2.6
v 29.1 13 -2.6
v 29.2 13 -2.5
v 29.2 12.9 -2.5
v 29.3 12.9 -2.5
v 29.3 13 -2.5
v 29.3 13 -2.6
v 29.3 12.9 -2.6
v 29.2 12.9 -2.6
v 29.2 13 -2.6
v 29.3 13 -2.5
v 29.3 12.9 -2.5
v 29.4 12.9 -2.5
v 29.4 13 -2.5
v 29.4 13 -2.6
v 29.4 12.9 -2.6
v 29.3 12.9 -2.6
v 29.3 13 -2.6
v 29.4 13 -2.5
v 29.4 12.9 -2.5
v 29.5 12.9 -2.5
v 29.5 13 -2.5
v 29.5 13 -2.6
v 29.5 12.9 -2.6
v 29.4 12.9 -2.6
v 29.4 13 -2.6
v 29.5 13 -2.5
v 29.5 12.9 -2.5
v 29.6 12.9 -2.5
v 29.6 13 -2.5
v 29.6 13 -2.6
v 29.6 12.9 -2.6
v 29.5 12.9 -2.6
v 29.5 13 -2.6
v 29.6 13 -2.5
v 29.6 12.9 -2.5
v 29.7 12.9 -2.5
v 29.7 13 -2.5
v 29.7 13 -2.6
v 29.7 12.9 -2.6
v 29.6 12.9 -2.6
v 29.6 13 -2.6
v 29.7 13 -2.5
v 29.7 12.9 -2.5
v 29.8 12.9 -2.5
v 29.8 13 -2.5
v 29.8 13 -2.6
v 29.8 12.9 -2.6
v 29.7 12.9 -2.6
v 29.7 13 -2.6
v 29.8 13 -2.5
v 29.8 12.9 -2.5
v 29.9 12.9 -2.5
v 29.9 13 -2.5
v 29.9 13 -2.6
v 29.9 12.9 -2.6
v 29.8 12.9 -2.6
v 29.8 13 -2.6
v 29.9 13 -2.5
v 29.9 12.9 -2.5
v 30 12.9 -2.5
v 30 13 -2.5
v 30 13 -2.6
v 30 12.9 -2.6
v 29.9 12.9 -2.6
v 29.9 13 -2.6
v 30 13 -2.5
v 30 12.9 -2.5
v 30.1 12.9 -2.5
v 30.1 13 -2.5
v 30.1 13 -2.6
v 30.1 12.9 -2.6
v 30 12.9 -2.6
v 30 13 -2.6
v 30.1 13 -2.5
v 30.1 12.9 -2.5
v 30.2 12.9 -2.5
v 30.2 13 -2.5
v 30.2 13 -2.6
v 30.2 12.9 -2.6
v 30.1 12.9 -2.6
v 30.1 13 -2.6
v 30.2 13 -2.5
v 30.2 12.9 -2.5
v 30.3 12.9 -2.5
v 30.3 13 -2.5
v 30.3 13 -2.6
v 30.3 12.9 -2.6
v 30.2 12.9 -2.6
v 30.2 13 -2.6
v 30.3 13 -2.5
v 30.3 12.9 -2.5
v 30.4 12.9 -2.5
v 30.4 13 -2.5
v 30.4 13 -2.6
v 30.4 12.9 -2.6
v 30.3 12.9 -2.6
v 30.3 13 -2.6
v 30.4 13 -2.5
v 30.4 12.9 -2.5
v 30.5 12.9 -2.5
v 30.5 13 -2.5
v 30.5 13 -2.6
v 30.5 12.9 -2.6
v 30.4 12.9 -2.6
v 30.4 13 -2.6
v 30.5 13 -2.5
v 30.5 12.9 -2.5
v 30.6 12.9 -2.5
v 30.6 13 -2.5
v 30.6 13 -2.6
v 30.6 12.9 -2.6
v 30.5 12.9 -2.6
v 30.5 13 -2.6
v 30.6 13 -2.5
v 30.6 12.9 -2.5
v 30.7 12.9 -2.5
v 30.7 13 -2.5
v 30.7 13 -2.6
v 30.7 12.9 -2.6
v 30.6 12.9 -2.6
v 30.6 13 -2.6
v 30.7 13 -2.5
v 30.7 12.9 -2.5
v 30.8 12.9 -2.5
v 30.8 13 -2.5
v 30.8 13 -2.6
v 30.8 12.9 -2.6
v 30.7 12.9 -2.6
v 30.7 13 -2.6
v 30.8 13 -2.5
v 30.8 12.9 -2.5
v 30.9 12.9 -2.5
v 30.9 13 -2.5
v 30.9 13 -2.6
v 30.9 12.9 -2.6
v 30.8 12.9 -2.6
v 30.8 13 -2.6
v 30.9 13 -2.5
v 30.9 12.9 -2.5
v 31 12.9 -2.5
v 31 13 -2.5
v 31 13 -2.6
v 31 12.9 -2.6
v 30.9 12.9 -2.6
v 30.9 13 -2.6
v 31 13 -2.5
v 31 12.9 -2.5
v 31.1 12.9 -2.5
v 31.1 13 -2.5
v 31.1 13 -2.6
v 31.1 12.9 -2.6
v 31 12.9 -2.6
v 31 13 -2.6
v 31.1 13 -2.5
v 31.1 12.9 -2.5
v 31.2 12.9 -2.5
v 31.2 13 -2.5
v 31.2 13 -2.6
v 31.2 12.9 -2.6
v 31.1 12.9 -2.6
v 31.1 13 -2.6
v 31.2 13 -2.5
v 31.2 12.9 -2.5
v 31.3 12.9 -2.5
v 31.3 13 -2.5
v 31.3 13 -2.6
v 31.3 12.9 -2.6
v 31.2 12.9 -2.6
v 31.2 13 -2.6
v 31.3 13 -2.5
v 31.3 12.9 -2.5
v 31.4 12.9 -2.5
v 31.4 13 -2.5
v 31.4 13 -2.6
v 31.4 12.9 -2.6
v 31.3 12.9 -2.6
v 31.3 13 -2.6
v 31.4 13 -2.5
v 31.4 12.9 -2.5
v 31.5 12.9 -2.5
v 31.5 13 -2.5
v 31.5 13 -2.6
v 31.5 12.9 -2.6
v 31.4 12.9 -2.6
v 31.4 13 -2.6
v 31.5 13 -2.5
v 31.5 12.9 -2.5
v 31.6 12.9 -2.5
v 31.6 13 -2.5
v 31.6 13 -2.6
v 31.6 12.9 -2.6
v 31.5 12.9 -2.6
v 31.5 13 -2.6
v 31.6 13 -2.5
v 31.6 12.9 -2.5
v 31.7 12.9 -2.5
v 31.7 13 -2.5
v 31.7 13 -2.6
v 31.7 12.9 -2.6
v 31.6 12.9 -2.6
v 31.6 13 -2.6
v 31.7 13 -2.5
v 31.7 12.9 -2.5
v 31.8 12.9 -2.5
v 31.8 13 -2.5
v 31.8 13 -2.6
v 31.8 12.9 -2.6
v 31.7 12.9 -2.6
v 31.7 13 -2.6
v 31.8 13 -2.5
v 31.8 12.9 -2.5
v 31.9 12.9 -2.5
v 31.9 13 -2.5
v 31.9 13 -2.6
v 31.9 12.9 -2.6
v 31.8 12.9 -2.6
v 31.8 13 -2.6
v 32 13 -2.5
v 32 12.9 -2.5
v 32 12.9 -2.6
v 32 13 -2.6
v 31.9 13 -2.5
v 31.9 12.9 -2.5
v 32 12.9 -2.5
v 32 13 -2.5
v 32 13 -2.6
v 32 12.9 -2.6
v 31.9 12.9 -2.6
v 31.9 13 -2.6
v 27.2 12.9 -2.6
v 27.2 12.8 -2.6
v 27.2 12.8 -2.5
v 27.2 12.9 -2.5
v 27.2 12.8 -2.5
v 27.2 12.8 -2.6
v 27.3 12.8 -2.6
v 27.3 12.8 -2.5
v 27.2 12.9 -2.5
v 27.2 12.8 -2.5
v 27.3 12.8 -2.5
v 27.3 12.9 -2.5
v 27.3 12.9 -2.6
v 27.3 12.8 -2.6
v 27.2 12.8 -2.6
v 27.2 12.9 -2.6
v 27.3 12.9 -2.5
v 27.3 12.8 -2.5
v 27.4 12.8 -2.5
v 27.4 12.9 -2.5
v 27.4 12.9 -2.6
v 27.4 12.8 -2.6
v 27.3 12.8 -2.6
v 27.3 12.9 -2.6
v 27.4 12.9 -2.5
v 27.4 12.8 -2.5
v 27.5 12.8 -2.5
v 27.5 12.9 -2.5
v 27.5 12.9 -2.6
v 27.5 12.8 -2.6
v 27.4 12.8 -2.6
v 27.4 12.9 -2.6
v 27.5 12.9 -2.5
v 27.5 12.8 -2.5
v 27.6 12.8 -2.5
v 27.6 12.9 -2.5
v 27.6 12.9 -2.6
v 27.6 12.8 -2.6
v 27.5 12.8 -2.6
v 27.5 12.9 -2.6
v 27.6 12.9 -2.5
v 27.6 12.8 -2.5
v 27.7 12.8 -2.5
v 27.7 12.9 -2.5
v 27.7 12.9 -2.6
v 27.7 12.8 -2.6
v 27.6 12.8 -2.6
v 27.6 12.9 -2.6
v 27.7 12.9 -2.5
v 27.7 12.8 -2.5
v 27.8 12.8 -2.5
v 27.8 12.9 -2.5
v 27.8 12.9 -2.6
v 27.8 12.8 -2.6
v 27.7 12.8 -2.6
v 27.7 12.9 -2.6
v 27.8 12.9 -2.5
v 27.8 12.8 -2.5
v 27.9 12.8 -2.5
v 27.9 12.9 -2.5
v 27.9 12.9 -2.6
v 27.9 12.8 -2.6
v 27.8 12.8 -2.6
v 27.8 12.9 -2.6
v 27.9 12.9 -2.5
v 27.9 12.8 -2.5
v 28 12.8 -2.5
v 28 12.9 -2.5
v 28 12.9 -2.6
v 28 12.8 -2.6
v 27.9 12.8 -2.6
v 27.9 12.9 -2.6
v 28 12.9 -2.5
v 28 12.8 -2.5
v 28.1 12.8 -2.5
v 28.1 12.9 -2.5
v 28.1 12.9 -2.6
v 28.1 12.8 -2.6
v 28 12.8 -2.6
v 28 12.9 -2.6
v 28.1 12.9 -2.5
v 28.1 12.8 -2.5
v 28.2 12.8 -2.5
v 28.2 12.9 -2.5
v 28.2 12.9 -2.6
v 28.2 12.8 -2.6
v 28.1 12.8 -2.6
v 28.1 12.9 -2.6
v 28.2 12.9 -2.5
v 28.2 12.8 -2.5
v 28.3 12.8 -2.5
v 28.3 12.9 -2.5
v 28.3 12.9 -2.6
v 28.3 12.8 -2.6
v 28.2 12.8 -2.6
v 28.2 12.9 -2.6
v 28.3 12.9 -2.5
v 28.3 12.8 -2.5
v 28.4 12.8 -2.5
v 28.4 12.9 -2.5
v 28.4 12.9 -2.6
v 28.4 12.8 -2.6
v 28.3 12.8 -2.6
v 28.3 12.9 -2.6
v 28.4 12.9 -2.5
v 28.4 12.8 -2.5
v 28.5 12.8 -2.5
v 28.5 12.9 -2.5
v 28.5 12.9 -2.6
v 28.5 12.8 -2.6
v 28.4 12.8 -2.6
v 28.4 12.9 -2.6
v 28.5 12.9 -2.5
v 28.5 12.8 -2.5
v 28.6 12.8 -2.5
v 28.6 12.9 -2.5
v 28.6 12.9 -2.6
v 28.6 12.8 -2.6
v 28.5 12.8 -2.6
v 28.5 12.9 -2.6
v 28.6 12.9 -2.5
v 28.6 12.8 -2.5
v 28.7 12.8 -2.5
v 28.7 12.9 -2.5
v 28.7 12.9 -2.6
v 28.7 12.8 -2.6
v 28.6 12.8 -2.6
v 28.6 12.9 -2.6
v 28.7 12.9 -2.5
v 28.7 12.8 -2.5
v 28.8 12.8 -2.5
v 28.8 12.9 -2.5
v 28.8 12.9 -2.6
v 28.8 12.8 -2.6
v 28.7 12.8 -2.6
v 28.7 12.9 -2.6
v 28.8 12.9 -2.5
v 28.8 12.8 -2.5
v 28.9 12.8 -2.5
v 28.9 12.9 -2.5
v 28.9 12.9 -2.6
v 28.9 12.8 -2.6
v 28.8 12.8 -2.6
v 28.8 12.9 -2.6
v 28.9 12.9 -2.5
v 28.9 12.8 -2.5
v 29 12.8 -2.5
v 29 12.9 -2.5
v 29 12.9 -2.6
v 29 12.8 -2.6
v 28.9 12.8 -2.6
v 28.9 12.9 -2.6
v 29 12.9 -2.5
v 29 12.8 -2.5
v 29.1 12.8 -2.5
v 29.1 12.9 -2.5
v 29.1 12.9 -2.6
v 29.1 12.8 -2.6
v 29 12.8 -2.6
v 29 12.9 -2.6
v 29.1 12.9 -2.5
v 29.1 12.8 -2.5
v 29.2 12.8 -2.5
v 29.2 12.9 -2.5
v 29.2 12.9 -2.6
v 29.2 12.8 -2.6
v 29.1 12.8 -2.6
v 29.1 12.9 -2.6
v 29.2 12.9 -2.5
v 29.2 12.8 -2.5
v 29.3 12.8 -2.5
v 29.3 12.9 -2.5
v 29.3 12.9 -2.6
v 29.3 12.8 -2.6
v 29.2 12.8 -2.6
v 29.2 12.9 -2.6
v 29.3 12.9 -2.5
v 29.3 12.8 -2.5
v 29.4 12.8 -2.5
v 29.4 12.9 -2.5
v 29.4 12.9 -2.6
v 29.4 12.8 -2.6
v 29.3 12.8 -2.6
v 29.3 12.9 -2.6
v 29.4 12.9 -2.5
v 29.4 12.8 -2.5
v 29.5 12.8 -2.5
v 29.5 12.9 -2.5
v 29.5 12.9 -2.6
v 29.5 12.8 -2.6
v 29.4 12.8 -2.6
v 29.4 12.9 -2.6
v 29.5 12.9 -2.5
v 29.5 12.8 -2.5
v 29.6 12.8 -2.5
v 29.6 12.9 -2.5
v 29.6 12.9 -2.6
v 29.6 12.8 -2.6
v 29.5 12.8 -2.6
v 29.5 12.9 -2.6
v 29.6 12.9 -2.5
v 29.6 12.8 -2.5
v 29.7 12.8 -2.5
v 29.7 12.9 -2.5
v 29.7 12.9 -2.6
v 29.7 12.8 -2.6
v 29.6 12.8 -2.6
v 29.6 12.9 -2.6
v 29.7 12.9 -2.5
v 29.7 12.8 -2.5
v 29.8 12.8 -2.5
v 29.8 12.9 -2.5
v 29.8 12.9 -2.6
v 29.8 12.8 -2.6
v 29.7 12.8 -2.6
v 29.7 12.9 -2.6
v 29.8 12.9 -2.5
v 29.8 12.8 -2.5
v 29.9 12.8 -2.5
v 29.9 12.9 -2.5
v 29.9 12.9 -2.6
v 29.9 12.8 -2.6
v 29.8 12.8 -2.6
v 29.8 12.9 -2.6
v 29.9 12.9 -2.5
v 29.9 12.8 -2.5
v 30 12.8 -2.5
v 30 12.9 -2.5
v 30 12.9 -2.6
v 30 12.8 -2.6
v 29.9 12.8 -2.6
v 29.9 12.9 -2.6
v 30 12.9 -2.5
v 30 12.8 -2.5
v 30.1 12.8 -2.5
v 30.1 12.9 -2.5
v 30.1 12.9 -2.6
v 30.1 12.8 -2.6
v 30 12.8 -2.6
v 30 12.9 -2.6
v 30.1 12.9 -2.5
v 30.1 12.8 -2.5
v 30.2 12.8 -2.5
v 30.2 12.9 -2.5
v 30.2 12.9 -2.6
v 30.2 12.8 -2.6
v 30.1 12.8 -2.6
v 30.1 12.9 -2.6
v 30.2 12.9 -2.5
v 30.2 12.8 -2.5
v 30.3 12.8 -2.5
v 30.3 12.9 -2.5
v 30.3 12.9 -2.6
v 30.3 12.8 -2.6
v 30.2 12.8 -2.6
v 30.2 12.9 -2.6
v 30.3 12.9 -2.5
v 30.3 12.8 -2.5
v 30.4 12.8 -2.5
v 30.4 12.9 -2.5
v 30.4 12.9 -2.6
v 30.4 12.8 -2.6
v 30.3 12.8 -2.6
v 30.3 12.9 -2.6
v 30.4 12.9 -2.5
v 30.4 12.8 -2.5
v 30.5 12.8 -2.5
v 30.5 12.9 -2.5
v 30.5 12.9 -2.6
v 30.5 12.8 -2.6
v 30.4 12.8 -2.6
v 30.4 12.9 -2.6
v 30.5 12.9 -2.5
v 30.5 12.8 -2.5
v 30.6 12.8 -2.5
v 30.6 12.9 -2.5
v 30.6 12.9 -2.6
v 30.6 12.8 -2.6
v 30.5 12.8 -2.6
v 30.5 12.9 -2.6
v 30.6 12.9 -2.5
v 30.6 12.8 -2.5
v 30.7 12.8 -2.5
v 30.7 12.9 -2.5
v 30.7 12.9 -2.6
v 30.7 12.8 -2.6
v 30.6 12.8 -2.6
v 30.6 12.9 -2.6
v 30.7 12.9 -2.5
v 30.7 12.8 -2.5
v 30.8 12.8 -2.5
v 30.8 12.9 -2.5
v 30.8 12.9 -2.6
v 30.8 12.8 -2.6
v 30.7 12.8 -2.6
v 30.7 12.9 -2.6
v 30.8 12.9 -2.5
v 30.8 12.8 -2.5
v 30.9 12.8 -2.5
v 30.9 12.9 -2.5
v 30.9 12.9 -2.6
v 30.9 12.8 -2.6
v 30.8 12.8 -2.6
v 30.8 12.9 -2.6
v 30.9 12.9 -2.5
v 30.9 12.8 -2.5
v 31 12.8 -2.5
v 31 12.9 -2.5
v 31 12.9 -2.6
v 31 12.8 -2.6
v 30.9 12.8 -2.6
v 30.9 12.9 -2.6
v 31 12.9 -2.5
v 31 12.8 -2.5
v 31.1 12.8 -2.5
v 31.1 12.9 -2.5
v 31.1 12.9 -2.6
v 31.1 12.8 -2.6
v 31 12.8 -2.6
v 31 12.9 -2.6
v 31.1 12.9 -2.5
v 31.1 12.8 -2.5
v 31.2 12.8 -2.5
v 31.2 12.9 -2.5
v 31.2 12.9 -2.6
v 31.2 12.8 -2.6
v 31.1 12.8 -2.6
v 31.1 12.9 -2.6
v 31.2 12.9 -2.5
v 31.2 12.8 -2.5
v 31.3 12.8 -2.5
v 31.3 12.9 -2.5
v 31.3 12.9 -2.6
v 31.3 12.8 -2.6
v 31.2 12.8 -2.6
v 31.2 12.9 -2.6
v 31.3 12.9 -2.5
v 31.3 12.8 -2.5
v 31.4 12.8 -2.5
v 31.4 12.9 -2.5
v 31.4 12.9 -2.6
v 31.4 12.8 -2.6
v 31.3 12.8 -2.6
v 31.3 12.9 -2.6
v 31.4 12.9 -2.5
v 31.4 12.8 -2.5
v 31.5 12.8 -2.5
v 31.5 12.9 -2.5
v 31.5 12.9 -2.6
v 31.5 12.8 -2.6
v 31.4 12.8 -2.6
v 31.4 12.9 -2.6
v 31.5 12.9 -2.5
v 31.5 12.8 -2.5
v 31.6 12.8 -2.5
v 31.6 12.9 -2.5
v 31.6 12.9 -2.6
v 31.6 12.8 -2.6
v 31.5 12.8 -2.6
v 31.5 12.9 -2.6
v 31.6 12.9 -2.5
v 31.6 12.8 -2.5
v 31.7 12.8 -2.5
v 31.7 12.9 -2.5
v 31.7 12.9 -2.6
v 31.7 12.8 -2.6
v 31.6 12.8 -2.6
v 31.6 12.9 -2.6
v 31.7 12.9 -2.5
v 31.7 12.8 -2.5
v 31.8 12.8 -2.5
v 31.8 12.9 -2.5
v 31.8 12.9 -2.6
v 31.8 12.8 -2.6
v 31.7 12.8 -2.6
v 31.7 12.9 -2.6
v 31.8 12.9 -2.5
v 31.8 12.8 -2.5
v 31.9 12.8 -2.5
v 31.9 12.9 -2.5
v 31.9 12.9 -2.6
v 31.9 12.8 -2.6
v 31.8 12.8 -2.6
v 31.8 12.9 -2.6
v 32 12.9 -2.5
v 32 12.8 -2.5
v 32 12.8 -2.6
v 32 12.9 -2.6
v 31.9 12.9 -2.5
v 31.9 12.8 -2.5
v 32 12.8 -2.5
v 32 12.9 -2.5
v 32 12.9 -2.6
v 32 12.8 -2.6
v 31.9 12.8 -2.6
v 31.9 12.9 -2.6
v 27.3 12.8 -2.6
v 27.3 12.7 -2.6
v 27.3 12.7 -2.5
v 27.3 12.8 -2.5
v 27.3 12.7 -2.5
v 27.3 12.7 -2.6
v 27.4 12.7 -2.6
v 27.4 12.7 -2.5
v 27.3 12.8 -2.5
v 27.3 12.7 -2.5
v 27.4 12.7 -2.5
v 27.4 12.8 -2.5
v 27.4 12.8 -2.6
v 27.4 12.7 -2.6
v 27.3 12.7 -2.6
v 27.3 12.8 -2.6
v 27.4 12.7 -2.5
v 27.4 12.7 -2.6
v 27.5 12.7 -2.6
v 27.5 12.7 -2.5
v 27.4 12.8 -2.5
v 27.4 12.7 -2.5
v 27.5 12.7 -2.5
v 27.5 12.8 -2.5
v 27.5 12.8 -2.6
v 27.5 12.7 -2.6
v 27.4 12.7 -2.6
v 27.4 12.8 -2.6
v 27.5 12.8 -2.5
v 27.5 12.7 -2.5
v 27.6 12.7 -2.5
v 27.6 12.8 -2.5
v 27.6 12.8 -2.6
v 27.6 12.7 -2.6
v 27.5 12.7 -2.6
v 27.5 12.8 -2.6
v 27.6 12.8 -2.5
v 27.6 12.7 -2.5
v 27.7 12.7 -2.5
v 27.7 12.8 -2.5
v 27.7 12.8 -2.6
v 27.7 12.7 -2.6
v 27.6 12.7 -2.6
v 27.6 12.8 -2.6
v 27.7 12.8 -2.5
v 27.7 12.7 -2.5
v 27.8 12.7 -2.5
v 27.8 12.8 -2.5
v 27.8 12.8 -2.6
v 27.8 12.7 -2.6
v 27.7 12.7 -2.6
v 27.7 12.8 -2.6
v 27.8 12.8 -2.5
v 27.8 12.7 -2.5
v 27.9 12.7 -2.5
v 27.9 12.8 -2.5
v 27.9 12.8 -2.6
v 27.9 12.7 -2.6
v 27.8 12.7 -2.6
v 27.8 12.8 -2.6
v 27.9 12.8 -2.5
v 27.9 12.7 -2.5
v 28 12.7 -2.5
v 28 12.8 -2.5
v 28 12.8 -2.6
v 28 12.7 -2.6
v 27.9 12.7 -2.6
v 27.9 12.8 -2.6
v 28 12.8 -2.5
v 28 12.7 -2.5
v 28.1 12.7 -2.5
v 28.1 12.8 -2.5
v 28.1 12.8 -2.6
v 28.1 12.7 -2.6
v 28 12.7 -2.6
v 28 12.8 -2.6
v 28.1 12.8 -2.5
v 28.1 12.7 -2.5
v 28.2 12.7 -2.5
v 28.2 12.8 -2.5
v 28.2 12.8 -2.6
v 28.2 12.7 -2.6
v 28.1 12.7 -2.6
v 28.1 12.8 -2.6
v 28.2 12.8 -2.5
v 28.2 12.7 -2.5
v 28.3 12.7 -2.5
v 28.3 12.8 -2.5
v 28.3 12.8 -2.6
v 28.3 12.7 -2.6
v 28.2 12.7 -2.6
v 28.2 12.8 -2.6
v 28.3 12.8 -2.5
v 28.3 12.7 -2.5
v 28.4 12.7 -2.5
v 28.4 12.8 -2.5
v 28.4 12.8 -2.6
v 28.4 12.7 -2.6
v 28.3 12.7 -2.6
v 28.3 12.8 -2.6
v 28.4 12.8 -2.5
v 28.4 12.7 -2.5
v 28.5 12.7 -2.5
v 28.5 12.8 -2.5
v 28.5 12.8 -2.6
v 28.5 12.7 -2.6
v 28.4 12.7 -2.6
v 28.4 12.8 -2.6
v 28.5 12.8 -2.5
v 28.5 12.7 -2.5
v 28.6 12.7 -2.5
v 28.6 12.8 -2.5
v 28.6 12.8 -2.6
v 28.6 12.7 -2.6
v 28.5 12.7 -2.6
v 28.5 12.8 -2.6
v 28.6 12.8 -2.5
v 28.6 12.7 -2.5
v 28.7 12.7 -2.5
v 28.7 12.8 -2.5
v 28.7 12.8 -2.6
v 28.7 12.7 -2.6
v 28.6 12.7 -2.6
v 28.6 12.8 -2.6
v 28.7 12.8 -2.5
v 28.7 12.7 -2.5
v 28.8 12.7 -2.5
v 28.8 12.8 -2.5
v 28.8 12.8 -2.6
v 28.8 12.7 -2.6
v 28.7 12.7 -2.6
v 28.7 12.8 -2.6
v 28.8 12.8 -2.5
v 28.8 12.7 -2.5
v 28.9 12.7 -2.5
v 28.9 12.8 -2.5
v 28.9 12.8 -2.6
v 28.9 12.7 -2.6
v 28.8 12.7 -2.6
v 28.8 12.8 -2.6
v 28.9 12.8 -2.5
v 28.9 12.7 -2.5
v 29 12.7 -2.5
v 29 12.8 -2.5
v 29 12.8 -2.6
v 29 12.7 -2.6
v 28.9 12.7 -2.6
v 28.9 12.8 -2.6
v 29 12.8 -2.5
v 29 12.7 -2.5
v 29.1 12.7 -2.5
v 29.1 12.8 -2.5
v 29.1 12.8 -2.6
v 29.1 12.7 -2.6
v 29 12.7 -2.6
v 29 12.8 -2.6
v 29.1 12.8 -2.5
v 29.1 12.7 -2.5
v 29.2 12.7 -2.5
v 29.2 12.8 -2.5
v 29.2 12.8 -2.6
v 29.2 12.7 -2.6
v 29.1 12.7 -2.6
v 29.1 12.8 -2.6
v 29.2 12.8 -2.5
v 29.2 12.7 -2.5
v 29.3 12.7 -2.5
v 29.3 12.8 -2.5
v 29.3 12.8 -2.6
v 29.3 12.7 -2.6
v 29.2 12.7 -2.6
v 29.2 12.8 -2.6
v 29.3 12.8 -2.5
v 29.3 12.7 -2.5
v 29.4 12.7 -2.5
v 29.4 12.8 -2.5
v 29.4 12.8 -2.6
v 29.4 12.7 -2.6
v 29.3 12.7 -2.6
v 29.3 12.8 -2.6
v 29.4 12.8 -2.5
v 29.4 12.7 -2.5
v 29.5 12.7 -2.5
v 29.5 12.8 -2.5
v 29.5 12.8 -2.6
v 29.5 12.7 -2.6
v 29.4 12.7 -2.6
v 29.4 12.8 -2.6
v 29.5 12.8 -2.5
v 29.5 12.7 -2.5
v 29.6 12.7 -2.5
v 29.6 12.8 -2.5
v 29.6 12.8 -2.6
v 29.6 12.7 -2.6
v 29.5 12.7 -2.6
v 29.5 12.8 -2.6
v 29.6 12.8 -2.5
v 29.6 12.7 -2.5
v 29.7 12.7 -2.5
v 29.7 12.8 -2.5
v 29.7 12.8 -2.6
v 29.7 12.7 -2.6
v 29.6 12.7 -2.6
v 29.6 12.8 -2.6
v 29.7 12.8 -2.5
v 29.7 12.7 -2.5
v 29.8 12.7 -2.5
v 29.8 12.8 -2.5
v 29.8 12.8 -2.6
v 29.8 12.7 -2.6
v 29.7 12.7 -2.6
v 29.7 12.8 -2.6
v 29.8 12.8 -2.5
v 29.8 12.7 -2.5
v 29.9 12.7 -2.5
v 29.9 12.8 -2.5
v 29.9 12.8 -2.6
v 29.9 12.7 -2.6
v 29.8 12.7 -2.6
v 29.8 12.8 -2.6
v 29.9 12.8 -2.5
v 29.9 12.7 -2.5
v 30 12.7 -2.5
v 30 12.8 -2.5
v 30 12.8 -2.6
v 30 12.7 -2.6
v 29.9 12.7 -2.6
v 29.9 12.8 -2.6
v 30 12.8 -2.5
v 30 12.7 -2.5
v 30.1 12.7 -2.5
v 30.1 12.8 -2.5
v 30.1 12.8 -2.6
v 30.1 12.7 -2.6
v 30 12.7 -2.6
v 30 12.8 -2.6
v 30.1 12.8 -2.5
v 30.1 12.7 -2.5
v 30.2 12.7 -2.5
v 30.2 12.8 -2.5
v 30.2 12.8 -2.6
v 30.2 12.7 -2.6
v 30.1 12.7 -2.6
v 30.1 12.8 -2.6
v 30.2 12.8 -2.5
v 30.2 12.7 -2.5
v 30.3 12.7 -2.5
v 30.3 12.8 -2.5
v 30.3 12.8 -2.6
v 30.3 12.7 -2.6
v 30.2 12.7 -2.6
v 30.2 12.8 -2.6
v 30.3 12.8 -2.5
v 30.3 12.7 -2.5
v 30.4 12.7 -2.5
v 30.4 12.8 -2.5
v 30.4 12.8 -2.6
v 30.4 12.7 -2.6
v 30.3 12.7 -2.6
v 30.3 12.8 -2.6
v 30.4 12.8 -2.5
v 30.4 12.7 -2.5
v 30.5 12.7 -2.5
v 30.5 12.8 -2.5
v 30.5 12.8 -2.6
v 30.5 12.7 -2.6
v 30.4 12.7 -2.6
v 30.4 12.8 -2.6
v 30.5 12.8 -2.5
v 30.5 12.7 -2.5
v 30.6 12.7 -2.5
v 30.6 12.8 -2.5
v 30.6 12.8 -2.6
v 30.6 12.7 -2.6
v 30.5 12.7 -2.6
v 30.5 12.8 -2.6
v 30.6 12.8 -2.5
v 30.6 12.7 -2.5
v 30.7 12.7 -2.5
v 30.7 12.8 -2.5
v 30.7 12.8 -2.6
v 30.7 12.7 -2.6
v 30.6 12.7 -2.6
v 30.6 12.8 -2.6
v 30.7 12.8 -2.5
v 30.7 12.7 -2.5
v 30.8 12.7 -2.5
v 30.8 12.8 -2.5
v 30.8 12.8 -2.6
v 30.8 12.7 -2.6
v 30.7 12.7 -2.6
v 30.7 12.8 -2.6
v 30.8 12.8 -2.5
v 30.8 12.7 -2.5
v 30.9 12.7 -2.5
v 30.9 12.8 -2.5
v 30.9 12.8 -2.6
v 30.9 12.7 -2.6
v 30.8 12.7 -2.6
v 30.8 12.8 -2.6
v 30.9 12.8 -2.5
v 30.9 12.7 -2.5
v 31 12.7 -2.5
v 31 12.8 -2.5
v 31 12.8 -2.6
v 31 12.7 -2.6
v 30.9 12.7 -2.6
v 30.9 12.8 -2.6
v 31 12.8 -2.5
v 31 12.7 -2.5
v 31.1 12.7 -2.5
v 31.1 12.8 -2.5
v 31.1 12.8 -2.6
v 31.1 12.7 -2.6
v 31 12.7 -2.6
v 31 12.8 -2.6
v 31.1 12.8 -2.5
v 31.1 12.7 -2.5
v 31.2 12.7 -2.5
v 31.2 12.8 -2.5
v 31.2 12.8 -2.6
v 31.2 12.7 -2.6
v 31.1 12.7 -2.6
v 31.1 12.8 -2.6
v 31.2 12.8 -2.5
v 31.2 12.7 -2.5
v 31.3 12.7 -2.5
v 31.3 12.8 -2.5
v 31.3 12.8 -2.6
v 31.3 12.7 -2.6
v 31.2 12.7 -2.6
v 31.2 12.8 -2.6
v 31.3 12.8 -2.5
v 31.3 12.7 -2.5
v 31.4 12.7 -2.5
v 31.4 12.8 -2.5
v 31.4 12.8 -2.6
v 31.4 12.7 -2.6
v 31.3 12.7 -2.6
v 31.3 12.8 -2.6
v 31.4 12.8 -2.5
v 31.4 12.7 -2.5
v 31.5 12.7 -2.5
v 31.5 12.8 -2.5
v 31.5 12.8 -2.6
v 31.5 12.7 -2.6
v 31.4 12.7 -2.6
v 31.4 12.8 -2.6
v 31.5 12.8 -2.5
v 31.5 12.7 -2.5
v 31.6 12.7 -2.5
v 31.6 12.8 -2.5
v 31.6 12.8 -2.6
v 31.6 12.7 -2.6
v 31.5 12.7 -2.6
v 31.5 12.8 -2.6
v 31.6 12.8 -2.5
v 31.6 12.7 -2.5
v 31.7 12.7 -2.5
v 31.7 12.8 -2.5
v 31.7 12.8 -2.6
v 31.7 12.7 -2.6
v 31.6 12.7 -2.6
v 31.6 12.8 -2.6
v 31.7 12.8 -2.5
v 31.7 12.7 -2.5
v 31.8 12.7 -2.5
v 31.8 12.8 -2.5
v 31.8 12.8 -2.6
v 31.8 12.7 -2.6
v 31.7 12.7 -2.6
v 31.7 12.8 -2.6
v 31.8 12.8 -2.5
v 31.8 12.7 -2.5
v 31.9 12.7 -2.5
v 31.9 12.8 -2.5
v 31.9 12.8 -2.6
v 31.9 12.7 -2.6
v 31.8 12.7 -2.6
v 31.8 12.8 -2.6
v 32 12.8 -2.5
v 32 12.7 -2.5
v 32 12.7 -2.6
v 32 12.8 -2.6
v 31.9 12.8 -2.5
v 31.9 12.7 -2.5
v 32 12.7 -2.5
v 32 12.8 -2.5
v 32 12.8 -2.6
v 32 12.7 -2.6
v 31.9 12.7 -2.6
v 31.9 12.8 -2.6
v 27.5 12.7 -2.6
v 27.5 12.6 -2.6
v 27.5 12.6 -2.5
v 27.5 12.7 -2.5
v 27.5 12.6 -2.5
v 27.5 12.6 -2.6
v 27.6 12.6 -2.6
v 27.6 12.6 -2.5
v 27.5 12.7 -2.5
v 27.5 12.6 -2.5
v 27.6 12.6 -2.5
v 27.6 12.7 -2.5
v 27.6 12.7 -2.6
v 27.6 12.6 -2.6
v 27.5 12.6 -2.6
v 27.5 12.7 -2.6
v 27.6 12.6 -2.5
v 27.6 12.6 -2.6
v 27.7 12.6 -2.6
v 27.7 12.6 -2.5
v 27.6 12.7 -2.5
v 27.6 12.6 -2.5
v 27.7 12.6 -2.5
v 27.7 12.7 -2.5
v 27.7 12.7 -2.6
v 27.7 12.6 -2.6
v 27.6 12.6 -2.6
v 27.6 12.7 -2.6
v 27.7 12.6 -2.5
v 27.7 12.6 -2.6
v 27.8 12.6 -2.6
v 27.8 12.6 -2.5
v 27.7 12.7 -2.5
v 27.7 12.6 -2.5
v 27.8 12.6 -2.5
v 27.8 12.7 -2.5
v 27.8 12.7 -2.6
v 27.8 12.6 -2.6
v 27.7 12.6 -2.6
v 27.7 12.7 -2.6
v 27.8 12.6 -2.5
v 27.8 12.6 -2.6
v 27.9 12.6 -2.6
v 27.9 12.6 -2.5
v 27.8 12.7 -2.5
v 27.8 12.6 -2.5
v 27.9 12.6 -2.5
v 27.9 12.7 -2.5
v 27.9 12.7 -2.6
v 27.9 12.6 -2.6
v 27.8 12.6 -2.6
v 27.8 12.7 -2.6
v 27.9 12.6 -2.5
v 27.9 12.6 -2.6
v 28 12.6 -2.6
v 28 12.6 -2.5
v 27.9 12.7 -2.5
v 27.9 12.6 -2.5
v 28 12.6 -2.5
v 28 12.7 -2.5
v 28 12.7 -2.6
v 28 12.6 -2.6
v 27.9 12.6 -2.6
v 27.9 12.7 -2.6
v 28 12.6 -2.5
v 28 12.6 -2.6
v 28.1 12.6 -2.6
v 28.1 12.6 -2.5
v 28 12.7 -2.5
v 28 12.6 -2.5
v 28.1 12.6 -2.5
v 28.1 12.7 -2.5
v 28.1 12.7 -2.6
v 28.1 12.6 -2.6
v 28 12.6 -2.6
v 28 12.7 -2.6
v 28.1 12.6 -2.5
v 28.1 12.6 -2.6
v 28.2 12.6 -2.6
v 28.2 12.6 -2.5
v 28.1 12.7 -2.5
v 28.1 12.6 -2.5
v 28.2 12.6 -2.5
v 28.2 12.7 -2.5
v 28.2 12.7 -2.6
v 28.2 12.6 -2.6
v 28.1 12.6 -2.6
v 28.1 12.7 -2.6
v 28.2 12.6 -2.5
v 28.2 12.6 -2.6
v 28.3 12.6 -2.6
v 28.3 12.6 -2.5
v 28.2 12.7 -2.5
v 28.2 12.6 -2.5
v 28.3 12.6 -2.5
v 28.3 12.7 -2.5
v 28.3 12.7 -2.6
v 28.3 12.6 -2.6
v 28.2 12.6 -2.6
v 28.2 12.7 -2.6
v 28.3 12.6 -2.5
v 28.3 12.6 -2.6
v 28.4 12.6 -2.6
v 28.4 12.6 -2.5
v 28.3 12.7 -2.5
v 28.3 12.6 -2.5
v 28.4 12.6 -2.5
v 28.4 12.7 -2.5
v 28.4 12.7 -2.6
v 28.4 12.6 -2.6
v 28.3 12.6 -2.6
v 28.3 12.7 -2.6
v 28.4 12.6 -2.5
v 28.4 12.6 -2.6
v 28.5 12.6 -2.6
v 28.5 12.6 -2.5
v 28.4 12.7 -2.5
v 28.4 12.6 -2.5
v 28.5 12.6 -2.5
v 28.5 12.7 -2.5
v 28.5 12.7 -2.6
v 28.5 12.6 -2.6
v 28.4 12.6 -2.6
v 28.4 12.7 -2.6
v 28.5 12.6 -2.5
v 28.5 12.6 -2.6
v 28.6 12.6 -2.6
v 28.6 12.6 -2.5
v 28.5 12.7 -2.5
v 28.5 12.6 -2.5
v 28.6 12.6 -2.5
v 28.6 12.7 -2.5
v 28.6 12.7 -2.6
v 28.6 12.6 -2.6
v 28.5 12.6 -2.6
v 28.5 12.7 -2.6
v 28.6 12.6 -2.5
v 28.6 12.6 -2.6
v 28.7 12.6 -2.6
v 28.7 12.6 -2.5
v 28.6 12.7 -2.5
v 28.6 12.6 -2.5
v 28.7 12.6 -2.5
v 28.7 12.7 -2.5
v 28.7 12.7 -2.6
v 28.7 12.6 -2.6
v 28.6 12.6 -2.6
v 28.6 12.7 -2.6
v 28.7 12.6 -2.5
v 28.7 12.6 -2.6
v 28.8 12.6 -2.6
v 28.8 12.6 -2.5
v 28.7 12.7 -2.5
v 28.7 12.6 -2.5
v 28.8 12.6 -2.5
v 28.8 12.7 -2.5
v 28.8 12.7 -2.6
v 28.8 12.6 -2.6
v 28.7 12.6 -2.6
v 28.7 12.7 -2.6
v 28.8 12.6 -2.5
v 28.8 12.6 -2.6
v 28.9 12.6 -2.6
v 28.9 12.6 -2.5
v 28.8 12.7 -2.5
v 28.8 12.6 -2.5
v 28.9 12.6 -2.5
v 28.9 12.7 -2.5
v 28.9 12.7 -2.6
v 28.9 12.6 -2.6
v 28.8 12.6 -2.6
v 28.8 12.7 -2.6
v 28.9 12.6 -2.5
v 28.9 12.6 -2.6
v 29 12.6 -2.6
v 29 12.6 -2.5
v 28.9 12.7 -2.5
v 28.9 12.6 -2.5
v 29 12.6 -2.5
v 29 12.7 -2.5
v 29 12.7 -2.6
v 29 12.6 -2.6
v 28.9 12.6 -2.6
v 28.9 12.7 -2.6
v 29 12.6 -2.5
v 29 12.6 -2.6
v 29.1 12.6 -2.6
v 29.1 12.6 -2.5
v 29 12.7 -2.5
v 29 12.6 -2.5
v 29.1 12.6 -2.5
v 29.1 12.7 -2.5
v 29.1 12.7 -2.6
v 29.1 12.6 -2.6
v 29 12.6 -2.6
v 29 12.7 -2.6
v 29.1 12.6 -2.5
v 29.1 12.6 -2.6
v 29.2 12.6 -2.6
v 29.2 12.6 -2.5
v 29.1 12.7 -2.5
v 29.1 12.6 -2.5
v 29.2 12.6 -2.5
v 29.2 12.7 -2.5
v 29.2 12.7 -2.6
v 29.2 12.6 -2.6
v 29.1 12.6 -2.6
v 29.1 12.7 -2.6
v 29.2 12.6 -2.5
v 29.2 12.6 -2.6
v 29.3 12.6 -2.6
v 29.3 12.6 -2.5
v 29.2 12.7 -2.5
v 29.2 12.6 -2.5
v 29.3 12.6 -2.5
v 29.3 12.7 -2.5
v 29.3 12.7 -2.6
v 29.3 12.6 -2.6
v 29.2 12.6 -2.6
v 29.2 12.7 -2.6
v 29.3 12.6 -2.5
v 29.3 12.6 -2.6
v 29.4 12.6 -2.6
v 29.4 12.6 -2.5
v 29.3 12.7 -2.5
v 29.3 12.6 -2.5
v 29.4 12.6 -2.5
v 29.4 12.7 -2.5
v 29.4 12.7 -2.6
v 29.4 12.6 -2.6
v 29.3 12.6 -2.6
v 29.3 12.7 -2.6
v 29.4 12.6 -2.5
v 29.4 12.6 -2.6
v 29.5 12.6 -2.6
v 29.5 12.6 -2.5
v 29.4 12.7 -2.5
v 29.4 12.6 -2.5
v 29.5 12.6 -2.5
v 29.5 12.7 -2.5
v 29.5 12.7 -2.6
v 29.5 12.6 -2.6
v 29.4 12.6 -2.6
v 29.4 12.7 -2.6
v 29.5 12.6 -2.5
v 29.5 12.6 -2.6
v 29.6 12.6 -2.6
v 29.6 12.6 -2.5
v 29.5 12.7 -2.5
v 29.5 12.6 -2.5
v 29.6 12.6 -2.5
v 29.6 12.7 -2.5
v 29.6 12.7 -2.6
v 29.6 12.6 -2.6
v 29.5 12.6 -2.6
v 29.5 12.7 -2.6
v 29.6 12.6 -2.5
v 29.6 12.6 -2.6
v 29.7 12.6 -2.6
v 29.7 12.6 -2.5
v 29.6 12.7 -2.5
v 29.6 12.6 -2.5
v 29.7 12.6 -2.5
v 29.7 12.7 -2.5
v 29.7 12.7 -2.6
v 29.7 12.6 -2.6
v 29.6 12.6 -2.6
v 29.6 12.7 -2.6
v 29.7 12.6 -2.5
v 29.7 12.6 -2.6
v 29.8 12.6 -2.6
v 29.8 12.6 -2.5
v 29.7 12.7 -2.5
v 29.7 12.6 -2.5
v 29.8 12.6 -2.5
v 29.8 12.7 -2.5
v 29.8 12.7 -2.6
v 29.8 12.6 -2.6
v 29.7 12.6 -2.6
v 29.7 12.7 -2.6
v 29.8 12.6 -2.5
v 29.8 12.6 -2.6
v 29.9 12.6 -2.6
v 29.9 12.6 -2.5
v 29.8 12.7 -2.5
v 29.8 12.6 -2.5
v 29.9 12.6 -2.5
v 29.9 12.7 -2.5
v 29.9 12.7 -2.6
v 29.9 12.6 -2.6
v 29.8 12.6 -2.6
v 29.8 12.7 -2.6
v 29.9 12.6 -2.5
v 29.9 12.6 -2.6
v 30 12.6 -2.6
v 30 12.6 -2.5
v 29.9 12.7 -2.5
v 29.9 12.6 -2.5
v 30 12.6 -2.5
v 30 12.7 -2.5
v 30 12.7 -2.6
v 30 12.6 -2.6
v 29.9 12.6 -2.6
v 29.9 12.7 -2.6
v 30 12.6 -2.5
v 30 12.6 -2.6
v 30.1 12.6 -2.6
v 30.1 12.6 -2.5
v 30 12.7 -2.5
v 30 12.6 -2.5
v 30.1 12.6 -2.5
v 30.1 12.7 -2.5
v 30.1 12.7 -2.6
v 30.1 12.6 -2.6
v 30 12.6 -2.6
v 30 12.7 -2.6
v 30.1 12.6 -2.5
v 30.1 12.6 -2.6
v 30.2 12.6 -2.6
v 30.2 12.6 -2.5
v 30.1 12.7 -2.5
v 30.1 12.6 -2.5
v 30.2 12.6 -2.5
v 30.2 12.7 -2.5
v 30.2 12.7 -2.6
v 30.2 12.6 -2.6
v 30.1 12.6 -2.6
v 30.1 12.7 -2.6
v 30.2 12.6 -2.5
v 30.2 12.6 -2.6
v 30.3 12.6 -2.6
v 30.3 12.6 -2.5
v 30.2 12.7 -2.5
v 30.2 12.6 -2.5
v 30.3 12.6 -2.5
v 30.3 12.7 -2.5
v 30.3 12.7 -2.6
v 30.3 12.6 -2.6
v 30.2 12.6 -2.6
v 30.2 12.7 -2.6
v 30.3 12.6 -2.5
v 30.3 12.6 -2.6
v 30.4 12.6 -2.6
v 30.4 12.6 -2.5
v 30.3 12.7 -2.5
v 30.3 12.6 -2.5
v 30.4 12.6 -2.5
v 30.4 12.7 -2.5
v 30.4 12.7 -2.6
v 30.4 12.6 -2.6
v 30.3 12.6 -2.6
v 30.3 12.7 -2.6
v 30.4 12.6 -2.5
v 30.4 12.6 -2.6
v 30.5 12.6 -2.6
v 30.5 12.6 -2.5
v 30.4 12.7 -2.5
v 30.4 12.6 -2.5
v 30.5 12.6 -2.5
v 30.5 12.7 -2.5
v 30.5 12.7 -2.6
v 30.5 12.6 -2.6
v 30.4 12.6 -2.6
v 30.4 12.7 -2.6
v 30.5 12.6 -2.5
v 30.5 12.6 -2.6
v 30.6 12.6 -2.6
v 30.6 12.6 -2.5
v 30.5 12.7 -2.5
v 30.5 12.6 -2.5
v 30.6 12.6 -2.5
v 30.6 12.7 -2.5
v 30.6 12.7 -2.6
v 30.6 12.6 -2.6
v 30.5 12.6 -2.6
v 30.5 12.7 -2.6
v 30.6 12.6 -2.5
v 30.6 12.6 -2.6
v 30.7 12.6 -2.6
v 30.7 12.6 -2.5
v 30.6 12.7 -2.5
v 30.6 12.6 -2.5
v 30.7 12.6 -2.5
v 30.7 12.7 -2.5
v 30.7 12.7 -2.6
v 30.7 12.6 -2.6
v 30.6 12.6 -2.6
v 30.6 12.7 -2.6
v 30.7 12.6 -2.5
v 30.7 12.6 -2.6
v 30.8 12.6 -2.6
v 30.8 12.6 -2.5
v 30.7 12.7 -2.5
v 30.7 12.6 -2.5
v 30.8 12.6 -2.5
v 30.8 12.7 -2.5
v 30.8 12.7 -2.6
v 30.8 12.6 -2.6
v 30.7 12.6 -2.6
v 30.7 12.7 -2.6
v 30.8 12.6 -2.5
v 30.8 12.6 -2.6
v 30.9 12.6 -2.6
v 30.9 12.6 -2.5
v 30.8 12.7 -2.5
v 30.8 12.6 -2.5
v 30.9 12.6 -2.5
v 30.9 12.7 -2.5
v 30.9 12.7 -2.6
v 30.9 12.6 -2.6
v 30.8 12.6 -2.6
v 30.8 12.7 -2.6
v 30.9 12.6 -2.5
v 30.9 12.6 -2.6
v 31 12.6 -2.6
v 31 12.6 -2.5
v 30.9 12.7 -2.5
v 30.9 12.6 -2.5
v 31 12.6 -2.5
v 31 12.7 -2.5
v 31 12.7 -2.6
v 31 12.6 -2.6
v 30.9 12.6 -2.6
v 30.9 12.7 -2.6
v 31 12.6 -2.5
v 31 12.6 -2.6
v 31.1 12.6 -2.6
v 31.1 12.6 -2.5
v 31 12.7 -2.5
v 31 12.6 -2.5
v 31.1 12.6 -2.5
v 31.1 12.7 -2.5
v 31.1 12.7 -2.6
v 31.1 12.6 -2.6
v 31 12.6 -2.6
v 31 12.7 -2.6
v 31.1 12.6 -2.5
v 31.1 12.6 -2.6
v 31.2 12.6 -2.6
v 31.2 12.6 -2.5
v 31.1 12.7 -2.5
v 31.1 12.6 -2.5
v 31.2 12.6 -2.5
v 31.2 12.7 -2.5
v 31.2 12.7 -2.6
v 31.2 12.6 -2.6
v 31.1 12.6 -2.6
v 31.1 12.7 -2.6
v 31.2 12.6 -2.5
v 31.2 12.6 -2.6
v 31.3 12.6 -2.6
v 31.3 12.6 -2.5
v 31.2 12.7 -2.5
v 31.2 12.6 -2.5
v 31.3 12.6 -2.5
v 31.3 12.7 -2.5
v 31.3 12.7 -2.6
v 31.3 12.6 -2.6
v 31.2 12.6 -2.6
v 31.2 12.7 -2.6
v 31.3 12.6 -2.5
v 31.3 12.6 -2.6
v 31.4 12.6 -2.6
v 31.4 12.6 -2.5
v 31.3 12.7 -2.5
v 31.3 12.6 -2.5
v 31.4 12.6 -2.5
v 31.4 12.7 -2.5
v 31.4 12.7 -2.6
v 31.4 12.6 -2.6
v 31.3 12.6 -2.6
v 31.3 12.7 -2.6
v 31.4 12.6 -2.5
v 31.4 12.6 -2.6
v 31.5 12.6 -2.6
v 31.5 12.6 -2.5
v 31.4 12.7 -2.5
v 31.4 12.6 -2.5
v 31.5 12.6 -2.5
v 31.5 12.7 -2.5
v 31.5 12.7 -2.6
v 31.5 12.6 -2.6
v 31.4 12.6 -2.6
v 31.4 12.7 -2.6
v 31.5 12.6 -2.5
v 31.5 12.6 -2.6
v 31.6 12.6 -2.6
v 31.6 12.6 -2.5
v 31.5 12.7 -2.5
v 31.5 12.6 -2.5
v 31.6 12.6 -2.5
v 31.6 12.7 -2.5
v 31.6 12.7 -2.6
v 31.6 12.6 -2.6
v 31.5 12.6 -2.6
v 31.5 12.7 -2.6
v 31.6 12.6 -2.5
v 31.6 12.6 -2.6
v 31.7 12.6 -2.6
v 31.7 12.6 -2.5
v 31.6 12.7 -2.5
v 31.6 12.6 -2.5
v 31.7 12.6 -2.5
v 31.7 12.7 -2.5
v 31.7 12.7 -2.6
v 31.7 12.6 -2.6
v 31.6 12.6 -2.6
v 31.6 12.7 -2.6
v 31.7 12.6 -2.5
v 31.7 12.6 -2.6
v 31.8 12.6 -2.6
v 31.8 12.6 -2.5
v 31.7 12.7 -2.5
v 31.7 12.6 -2.5
v 31.8 12.6 -2.5
v 31.8 12.7 -2.5
v 31.8 12.7 -2.6
v 31.8 12.6 -2.6
v 31.7 12.6 -2.6
v 31.7 12.7 -2.6
v 31.8 12.6 -2.5
v 31.8 12.6 -2.6
v 31.9 12.6 -2.6
v 31.9 12.6 -2.5
v 31.8 12.7 -2.5
v 31.8 12.6 -2.5
v 31.9 12.6 -2.5
v 31.9 12.7 -2.5
v 31.9 12.7 -2.6
v 31.9 12.6 -2.6
v 31.8 12.6 -2.6
v 31.8 12.7 -2.6
v 32 12.7 -2.5
v 32 12.6 -2.5
v 32 12.6 -2.6
v 32 12.7 -2.6
v 31.9 12.6 -2.5
v 31.9 12.6 -2.6
v 32 12.6 -2.6
v 32 12.6 -2.5
v 31.9 12.7 -2.5
v 31.9 12.6 -2.5
v 32 12.6 -2.5
v 32 12.7 -2.5
v 32 12.7 -2.6
v 32 12.6 -2.6
v 31.9 12.6 -2.6
v 31.9 12.7 -2.6

# faces
f 1/1/1 2/1/1 3/1/1 4/1/1
f 5/1/3 6/1/3 7/1/3 8/1/3
f 9/1/5 10/1/5 11/1/5 12/1/5
f 13/1/6 14/1/6 15/1/6 16/1/6
f 17/2/3 18/2/3 19/2/3 20/2/3
f 21/2/5 22/2/5 23/2/5 24/2/5
f 25/2/6 26/2/6 27/2/6 28/2/6
f 29/2/3 30/2/3 31/2/3 32/2/3
f 33/2/5 34/2/5 35/2/5 36/2/5
f 37/2/6 38/2/6 39/2/6 40/2/6
f 41/2/3 42/2/3 43/2/3 44/2/3
f 45/2/5 46/2/5 47/2/5 48/2/5
f 49/2/6 50/2/6 51/2/6 52/2/6
f 53/2/3 54/2/3 55/2/3 56/2/3
f 57/2/5 58/2/5 59/2/5 60/2/5
f 61/2/6 62/2/6 63/2/6 64/2/6
f 65/2/3 66/2/3 67/2/3 68/2/3
f 69/2/5 70/2/5 71/2/5 72/2/5
f 73/2/6 74/2/6 75/2/6 76/2/6
f 77/2/3 78/2/3 79/2/3 80/2/3
f 81/2/5 82/2/5 83/2/5 84/2/5
f 85/2/6 86/2/6 87/2/6 88/2/6
f 89/2/3 90/2/3 91/2/3 92/2/3
f 93/2/5 94/2/5 95/2/5 96/2/5
f 97/2/6 98/2/6 99/2/6 100/2/6
f 101/2/3 102/2/3 103/2/3 104/2/3
f 105/2/5 106/2/5 107/2/5 108/2/5
f 109/2/6 110/2/6 111/2/6 112/2/6
f 113/2/3 114/2/3 115/2/3 116/2/3
f 117/2/5 118/2/5 119/2/5 120/2/5
f 121/2/6 122/2/6 123/2/6 124/2/6
f 125/2/3 126/2/3 127/2/3 128/2/3
f 129/2/5 130/2/5 131/2/5 132/2/5
f 133/2/6 134/2/6 135/2/6 136/2/6
f 137/2/3 138/2/3 139/2/3 140/2/3
f 141/2/5 142/2/5 143/2/5 144/2/5
f 145/2/6 146/2/6 147/2/6 148/2/6
f 149/2/3 150/2/3 151/2/3 152/2/3
f 153/2/5 154/2/5 155/2/5 156/2/5
f 157/2/6 158/2/6 159/2/6 160/2/6
f 161/2/3 162/2/3 163/2/3 164/2/3
f 165/2/5 166/2/5 167/2/5 168/2/5
f 169/2/6 170/2/6 171/2/6 172/2/6
f 173/2/3 174/2/3 175/2/3 176/2/3
f 177/2/5 178/2/5 179/2/5 180/2/5
f 181/2/6 182/2/6 183/2/6 184/2/6
f 185/2/3 186/2/3 187/2/3 188/2/3
f 189/2/5 190/2/5 191/2/5 192/2/5
f 193/2/6 194/2/6 195/2/6 196/2/6
f 197/2/3 198/2/3 199/2/3 200/2/3
f 201/2/5 202/2/5 203/2/5 204/2/5
f 205/2/6 206/2/6 207/2/6 208/2/6
f 209/2/3 210/2/3 211/2/3 212/2/3
f 213/2/5 214/2/5 215/2/5 216/2/5
f 217/2/6 218/2/6 219/2/6 220/2/6
f 221/2/3 222/2/3 223/2/3 224/2/3
f 225/2/5 226/2/5 227/2/5 228/2/5
f 229/2/6 230/2/6 231/2/6 232/2/6
f 233/2/3 234/2/3 235/2/3 236/2/3
f 237/2/5 238/2/5 239/2/5 240/2/5
f 241/2/6 242/2/6 243/2/6 244/2/6
f 245/2/3 246/2/3 247/2/3 248/2/3
f 249/2/5 250/2/5 251/2/5 252/2/5
f 253/2/6 254/2/6 255/2/6 256/2/6
f 257/2/3 258/2/3 259/2/3 260/2/3
f 261/2/5 262/2/5 263/2/5 264/2/5
f 265/2/6 266/2/6 267/2/6 268/2/6
f 269/2/3 270/2/3 271/2/3 272/2/3
f 273/2/5 274/2/5 275/2/5 276/2/5
f 277/2/6 278/2/6 279/2/6 280/2/6
f 281/2/3 282/2/3 283/2/3 284/2/3
f 285/2/5 286/2/5 287/2/5 288/2/5
f 289/2/6 290/2/6 291/2/6 292/2/6
f 293/2/3 294/2/3 295/2/3 296/2/3
f 297/2/5 298/2/5 299/2/5 300/2/5
f 301/2/6 302/2/6 303/2/6 304/2/6
f 305/2/3 306/2/3 307/2/3 308/2/3
f 309/2/5 310/2/5 311/2/5 312/2/5
f 313/2/6 314/2/6 315/2/6 316/2/6
f 317/2/3 318/2/3 319/2/3 320/2/3
f 321/2/5 322/2/5 323/2/5 324/2/5
f 325/2/6 326/2/6 327/2/6 328/2/6
f 329/2/3 330/2/3 331/2/3 332/2/3
f 333/2/5 334/2/5 335/2/5 336/2/5
f 337/2/6 338/2/6 339/2/6 340/2/6
f 341/2/3 342/2/3 343/2/3 344/2/3
f 345/2/5 346/2/5 347/2/5 348/2/5
f 349/2/6 350/2/6 351/2/6 352/2/6
f 353/2/3 354/2/3 355/2/3 356/2/3
f 357/2/5 358/2/5 359/2/5 360/2/5
f 361/2/6 362/2/6 363/2/6 364/2/6
f 365/2/3 366/2/3 367/2/3 368/2/3
f 369/2/5 370/2/5 371/2/5 372/2/5
f 373/2/6 374/2/6 375/2/6 376/2/6
f 377/2/3 378/2/3 379/2/3 380/2/3
f 381/2/5 382/2/5 383/2/5 384/2/5
f 385/2/6 386/2/6 387/2/6 388/2/6
f 389/2/3 390/2/3 391/2/3 392/2/3
f 393/2/5 394/2/5 395/2/5 396/2/5
f 397/2/6 398/2/6 399/2/6 400/2/6
f 401/2/3 402/2/3 403/2/3 404/2/3
f 405/2/5 406/2/5 407/2/5 408/2/5
f 409/2/6 410/2/6 411/2/6 412/2/6
f 413/2/3 414/2/3 415/2/3 416/2/3
f 417/2/5 418/2/5 419/2/5 420/2/5
f 421/2/6 422/2/6 423/2/6 424/2/6
f 425/2/3 426/2/3 427/2/3 428/2/3
f 429/2/5 430/2/5 431/2/5 432/2/5
f 433/2/6 434/2/6 435/2/6 436/2/6
f 437/2/3 438/2/3 439/2/3 440/2/3
f 441/2/5 442/2/5 443/2/5 444/2/5
f 445/2/6 446/2/6 447/2/6 448/2/6
f 449/2/3 450/2/3 451/2/3 452/2/3
f 453/2/5 454/2/5 455/2/5 456/2/5
f 457/2/6 458/2/6 459/2/6 460/2/6
f 461/2/3 462/2/3 463/2/3 464/2/3
f 465/2/5 466/2/5 467/2/5 468/2/5
f 469/2/6 470/2/6 471/2/6 472/2/6
f 473/2/3 474/2/3 475/2/3 476/2/3
f 477/2/5 478/2/5 479/2/5 480/2/5
f 481/2/6 482/2/6 483/2/6 484/2/6
f 485/2/3 486/2/3 487/2/3 488/2/3
f 489/2/5 490/2/5 491/2/5 492/2/5
f 493/2/6 494/2/6 495/2/6 496/2/6
f 497/2/3 498/2/3 499/2/3 500/2/3
f 501/2/5 502/2/5 503/2/5 504/2/5
f 505/2/6 506/2/6 507/2/6 508/2/6
f 509/2/3 510/2/3 511/2/3 512/2/3
f 513/2/5 514/2/5 515/2/5 516/2/5
f 517/2/6 518/2/6 519/2/6 520/2/6
f 521/2/3 522/2/3 523/2/3 524/2/3
f 525/2/5 526/2/5 527/2/5 528/2/5
f 529/2/6 530/2/6 531/2/6 532/2/6
f 533/2/2 534/2/2 535/2/2 536/2/2
f 537/2/3 538/2/3 539/2/3 540/2/3
f 541/2/5 542/2/5 543/2/5 544/2/5
f 545/2/6 546/2/6 547/2/6 548/2/6
f 549/2/1 550/2/1 551/2/1 552/2/1
f 553/2/3 554/2/3 555/2/3 556/2/3
f 557/2/5 558/2/5 559/2/5 560/2/5
f 561/2/6 562/2/6 563/2/6 564/2/6
f 565/3/3 566/3/3 567/3/3 568/3/3
f 569/3/5 570/3/5 571/3/5 572/3/5
f 573/3/6 574/3/6 575/3/6 576/3/6
f 577/3/5 578/3/5 579/3/5 580/3/5
f 581/3/6 582/3/6 583/3/6 584/3/6
f 585/3/5 586/3/5 587/3/5 588/3/5
f 589/3/6 590/3/6 591/3/6 592/3/6
f 593/3/5 594/3/5 595/3/5 596/3/5
f 597/3/6 598/3/6 599/3/6 600/3/6
f 601/3/5 602/3/5 603/3/5 604/3/5
f 605/3/6 606/3/6 607/3/6 608/3/6
f 609/3/5 610/3/5 611/3/5 612/3/5
f 613/3/6 614/3/6 615/3/6 616/3/6
f 617/3/5 618/3/5 619/3/5 620/3/5
f 621/3/6 622/3/6 623/3/6 624/3/6
f 625/3/5 626/3/5 627/3/5 628/3/5
f 629/3/6 630/3/6 631/3/6 632/3/6
f 633/3/5 634/3/5 635/3/5 636/3/5
f 637/3/6 638/3/6 639/3/6 640/3/6
f 641/3/5 642/3/5 643/3/5 644/3/5
f 645/3/6 646/3/6 647/3/6 648/3/6
f 649/3/5 650/3/5 651/3/5 652/3/5
f 653/3/6 654/3/6 655/3/6 656/3/6
f 657/3/5 658/3/5 659/3/5 660/3/5
f 661/3/6 662/3/6 663/3/6 664/3/6
f 665/3/5 666/3/5 667/3/5 668/3/5
f 669/3/6 670/3/6 671/3/6 672/3/6
f 673/3/5 674/3/5 675/3/5 676/3/5
f 677/3/6 678/3/6 679/3/6 680/3/6
f 681/3/5 682/3/5 683/3/5 684/3/5
f 685/3/6 686/3/6 687/3/6 688/3/6
f 689/3/5 690/3/5 691/3/5 692/3/5
f 693/3/6 694/3/6 695/3/6 696/3/6
f 697/3/5 698/3/5 699/3/5 700/3/5
f 701/3/6 702/3/6 703/3/6 704/3/6
f 705/3/5 706/3/5 707/3/5 708/3/5
f 709/3/6 710/3/6 711/3/6 712/3/6
f 713/3/5 714/3/5 715/3/5 716/3/5
f 717/3/6 718/3/6 719/3/6 720/3/6
f 721/3/5 722/3/5 723/3/5 724/3/5
f 725/3/6 726/3/6 727/3/6 728/3/6
f 729/3/5 730/3/5 731/3/5 732/3/5
f 733/3/6 734/3/6 735/3/6 736/3/6
f 737/3/5 738/3/5 739/3/5 740/3/5
f 741/3/6 742/3/6 743/3/6 744/3/6
f 745/3/5 746/3/5 747/3/5 748/3/5
f 749/3/6 750/3/6 751/3/6 752/3/6
f 753/3/5 754/3/5 755/3/5 756/3/5
f 757/3/6 758/3/6 759/3/6 760/3/6
f 761/3/5 762/3/5 763/3/5 764/3/5
f 765/3/6 766/3/6 767/3/6 768/3/6
f 769/3/5 770/3/5 771/3/5 772/3/5
f 773/3/6 774/3/6 775/3/6 776/3/6
f 777/3/5 778/3/5 779/3/5 780/3/5
f 781/3/6 782/3/6 783/3/6 784/3/6
f 785/3/5 786/3/5 787/3/5 788/3/5
f 789/3/6 790/3/6 791/3/6 792/3/6
f 793/3/5 794/3/5 795/3/5 796/3/5
f 797/3/6 798/3/6 799/3/6 800/3/6
f 801/3/5 802/3/5 803/3/5 804/3/5
f 805/3/6 806/3/6 807/3/6 808/3/6
f 809/3/5 810/3/5 811/3/5 812/3/5
f 813/3/6 814/3/6 815/3/6 816/3/6
f 817/3/5 818/3/5 819/3/5 820/3/5
f 821/3/6 822/3/6 823/3/6 824/3/6
f 825/3/5 826/3/5 827/3/5 828/3/5
f 829/3/6 830/3/6 831/3/6 832/3/6
f 833/3/5 834/3/5 835/3/5 836/3/5
f 837/3/6 838/3/6 839/3/6 840/3/6
f 841/3/5 842/3/5 843/3/5 844/3/5
f 845/3/6 846/3/6 847/3/6 848/3/6
f 849/3/5 850/3/5 851/3/5 852/3/5
f 853/3/6 854/3/6 855/3/6 856/3/6
f 857/3/5 858/3/5 859/3/5 860/3/5
f 861/3/6 862/3/6 863/3/6 864/3/6
f 865/3/5 866/3/5 867/3/5 868/3/5
f 869/3/6 870/3/6 871/3/6 872/3/6
f 873/3/5 874/3/5 875/3/5 876/3/5
f 877/3/6 878/3/6 879/3/6 880/3/6
f 881/3/5 882/3/5 883/3/5 884/3/5
f 885/3/6 886/3/6 887/3/6 888/3/6
f 889/3/5 890/3/5 891/3/5 892/3/5
f 893/3/6 894/3/6 895/3/6 896/3/6
f 897/3/5 898/3/5 899/3/5 900/3/5
f 901/3/6 902/3/6 903/3/6 904/3/6
f 905/3/5 906/3/5 907/3/5 908/3/5
f 909/3/6 910/3/6 911/3/6 912/3/6
f 913/3/5 914/3/5 915/3/5 916/3/5
f 917/3/6 918/3/6 919/3/6 920/3/6
f 921/3/5 922/3/5 923/3/5 924/3/5
f 925/3/6 926/3/6 927/3/6 928/3/6
f 929/3/2 930/3/2 931/3/2 932/3/2
f 933/3/5 934/3/5 935/3/5 936/3/5
f 937/3/6 938/3/6 939/3/6 940/3/6
f 941/2/1 942/2/1 943/2/1 944/2/1
f 945/2/3 946/2/3 947/2/3 948/2/3
f 949/2/5 950/2/5 951/2/5 952/2/5
f 953/2/6 954/2/6 955/2/6 956/2/6
f 957/3/5 958/3/5 959/3/5 960/3/5
f 961/3/6 962/3/6 963/3/6 964/3/6
f 965/4/5 966/4/5 967/4/5 968/4/5
f 969/4/6 970/4/6 971/4/6 972/4/6
f 973/4/5 974/4/5 975/4/5 976/4/5
f 977/4/6 978/4/6 979/4/6 980/4/6
f 981/4/5 982/4/5 983/4/5 984/4/5
f 985/4/6 986/4/6 987/4/6 988/4/6
f 989/4/5 990/4/5 991/4/5 992/4/5
f 993/4/6 994/4/6 995/4/6 996/4/6
f 997/4/5 998/4/5 999/4/5 1000/4/5
f 1001/4/6 1002/4/6 1003/4/6 1004/4/6
f 1005/4/5 1006/4/5 1007/4/5 1008/4/5
f 1009/4/6 1010/4/6 1011/4/6 1012/4/6
f 1013/4/5 1014/4/5 1015/4/5 1016/4/5
f 1017/4/6 1018/4/6 1019/4/6 1020/4/6
f 1021/4/5 1022/4/5 1023/4/5 1024/4/5
f 1025/4/6 1026/4/6 1027/4/6 1028/4/6
f 1029/4/5 1030/4/5 1031/4/5 1032/4/5
f 1033/4/6 1034/4/6 1035/4/6 1036/4/6
f 1037/4/5 1038/4/5 1039/4/5 1040/4/5
f 1041/4/6 1042/4/6 1043/4/6 1044/4/6
f 1045/4/5 1046/4/5 1047/4/5 1048/4/5
f 1049/4/6 1050/4/6 1051/4/6 1052/4/6
f 1053/4/5 1054/4/5 1055/4/5 1056/4/5
f 1057/4/6 1058/4/6 1059/4/6 1060/4/6
f 1061/4/5 1062/4/5 1063/4/5 1064/4/5
f 1065/4/6 1066/4/6 1067/4/6 1068/4/6
f 1069/4/5 1070/4/5 1071/4/5 1072/4/5
f 1073/4/6 1074/4/6 1075/4/6 1076/4/6
f 1077/4/5 1078/4/5 1079/4/5 1080/4/5
f 1081/4/6 1082/4/6 1083/4/6 1084/4/6
f 1085/4/5 1086/4/5 1087/4/5 1088/4/5
f 1089/4/6 1090/4/6 1091/4/6 1092/4/6
f 1093/4/5 1094/4/5 1095/4/5 1096/4/5
f 1097/4/6 1098/4/6 1099/4/6 1100/4/6
f 1101/4/5 1102/4/5 1103/4/5 1104/4/5
f 1105/4/6 1106/4/6 1107/4/6 1108/4/6
f 1109/4/5 1110/4/5 1111/4/5 1112/4/5
f 1113/4/6 1114/4/6 1115/4/6 1116/4/6
f 1117/4/5 1118/4/5 1119/4/5 1120/4/5
f 1121/4/6 1122/4/6 1123/4/6 1124/4/6
f 1125/4/5 1126/4/5 1127/4/5 1128/4/5
f 1129/4/6 1130/4/6 1131/4/6 1132/4/6
f 1133/4/5 1134/4/5 1135/4/5 1136/4/5
f 1137/4/6 1138/4/6 1139/4/6 1140/4/6
f 1141/4/5 1142/4/5 1143/4/5 1144/4/5
f 1145/4/6 1146/4/6 1147/4/6 1148/4/6
f 1149/4/5 1150/4/5 1151/4/5 1152/4/5
f 1153/4/6 1154/4/6 1155/4/6 1156/4/6
f 1157/4/5 1158/4/5 1159/4/5 1160/4/5
f 1161/4/6 1162/4/6 1163/4/6 1164/4/6
f 1165/4/5 1166/4/5 1167/4/5 1168/4/5
f 1169/4/6 1170/4/6 1171/4/6 1172/4/6
f 1173/4/5 1174/4/5 1175/4/5 1176/4/5
f 1177/4/6 1178/4/6 1179/4/6 1180/4/6
f 1181/4/5 1182/4/5 1183/4/5 1184/4/5
f 1185/4/6 1186/4/6 1187/4/6 1188/4/6
f 1189/4/5 1190/4/5 1191/4/5 1192/4/5
f 1193/4/6 1194/4/6 1195/4/6 1196/4/6
f 1197/4/5 1198/4/5 1199/4/5 1200/4/5
f 1201/4/6 1202/4/6 1203/4/6 1204/4/6
f 1205/4/5 1206/4/5 1207/4/5 1208/4/5
f 1209/4/6 1210/4/6 1211/4/6 1212/4/6
f 1213/4/5 1214/4/5 1215/4/5 1216/4/5
f 1217/4/6 1218/4/6 1219/4/6 1220/4/6
f 1221/4/5 1222/4/5 1223/4/5 1224/4/5
f 1225/4/6 1226/4/6 1227/4/6 1228/4/6
f 1229/4/5 1230/4/5 1231/4/5 1232/4/5
f 1233/4/6 1234/4/6 1235/4/6 1236/4/6
f 1237/4/5 1238/4/5 1239/4/5 1240/4/5
f 1241/4/6 1242/4/6 1243/4/6 1244/4/6
f 1245/4/5 1246/4/5 1247/4/5 1248/4/5
f 1249/4/6 1250/4/6 1251/4/6 1252/4/6
f 1253/4/5 1254/4/5 1255/4/5 1256/4/5
f 1257/4/6 1258/4/6 1259/4/6 1260/4/6
f 1261/4/5 1262/4/5 1263/4/5 1264/4/5
f 1265/4/6 1266/4/6 1267/4/6 1268/4/6
f 1269/4/5 1270/4/5 1271/4/5 1272/4/5
f 1273/4/6 1274/4/6 1275/4/6 1276/4/6
f 1277/4/5 1278/4/5 1279/4/5 1280/4/5
f 1281/4/6 1282/4/6 1283/4/6 1284/4/6
f 1285/4/5 1286/4/5 1287/4/5 1288/4/5
f 1289/4/6 1290/4/6 1291/4/6 1292/4/6
f 1293/4/5 1294/4/5 1295/4/5 1296/4/5
f 1297/4/6 1298/4/6 1299/4/6 1300/4/6
f 1301/4/5 1302/4/5 1303/4/5 1304/4/5
f 1305/4/6 1306/4/6 1307/4/6 1308/4/6
f 1309/4/5 1310/4/5 1311/4/5 1312/4/5
f 1313/4/6 1314/4/6 1315/4/6 1316/4/6
f 1317/4/5 1318/4/5 1319/4/5 1320/4/5
f 1321/4/6 1322/4/6 1323/4/6 1324/4/6
f 1325/4/2 1326/4/2 1327/4/2 1328/4/2
f 1329/4/5 1330/4/5 1331/4/5 1332/4/5
f 1333/4/6 1334/4/6 1335/4/6 1336/4/6
f 1337/2/1 1338/2/1 1339/2/1 1340/2/1
f 1341/2/3 1342/2/3 1343/2/3 1344/2/3
f 1345/2/5 1346/2/5 1347/2/5 1348/2/5
f 1349/2/6 1350/2/6 1351/2/6 1352/2/6
f 1353/3/5 1354/3/5 1355/3/5 1356/3/5
f 1357/3/6 1358/3/6 1359/3/6 1360/3/6
f 1361/4/5 1362/4/5 1363/4/5 1364/4/5
f 1365/4/6 1366/4/6 1367/4/6 1368/4/6
f 1369/4/5 1370/4/5 1371/4/5 1372/4/5
f 1373/4/6 1374/4/6 1375/4/6 1376/4/6
f 1377/4/5 1378/4/5 1379/4/5 1380/4/5
f 1381/4/6 1382/4/6 1383/4/6 1384/4/6
f 1385/4/5 1386/4/5 1387/4/5 1388/4/5
f 1389/4/6 1390/4/6 1391/4/6 1392/4/6
f 1393/4/5 1394/4/5 1395/4/5 1396/4/5
f 1397/4/6 1398/4/6 1399/4/6 1400/4/6
f 1401/4/5 1402/4/5 1403/4/5 1404/4/5
f 1405/4/6 1406/4/6 1407/4/6 1408/4/6
f 1409/4/5 1410/4/5 1411/4/5 1412/4/5
f 1413/4/6 1414/4/6 1415/4/6 1416/4/6
f 1417/4/5 1418/4/5 1419/4/5 1420/4/5
f 1421/4/6 1422/4/6 1423/4/6 1424/4/6
f 1425/4/5 1426/4/5 1427/4/5 1428/4/5
f 1429/4/6 1430/4/6 1431/4/6 1432/4/6
f 1433/4/5 1434/4/5 1435/4/5 1436/4/5
f 1437/4/6 1438/4/6 1439/4/6 1440/4/6
f 1441/4/5 1442/4/5 1443/4/5 1444/4/5
f 1445/4/6 1446/4/6 1447/4/6 1448/4/6
f 1449/4/5 1450/4/5 1451/4/5 1452/4/5
f 1453/4/6 1454/4/6 1455/4/6 1456/4/6
f 1457/4/5 1458/4/5 1459/4/5 1460/4/5
f 1461/4/6 1462/4/6 1463/4/6 1464/4/6
f 1465/4/5 1466/4/5 1467/4/5 1468/4/5
f 1469/4/6 1470/4/6 1471/4/6 1472/4/6
f 1473/4/5 1474/4/5 1475/4/5 1476/4/5
f 1477/4/6 1478/4/6 1479/4/6 1480/4/6
f 1481/4/5 1482/4/5 1483/4/5 1484/4/5
f 1485/4/6 1486/4/6 1487/4/6 1488/4/6
f 1489/4/5 1490/4/5 1491/4/5 1492/4/5
f 1493/4/6 1494/4/6 1495/4/6 1496/4/6
f 1497/4/5 1498/4/5 1499/4/5 1500/4/5
f 1501/4/6 1502/4/6 1503/4/6 1504/4/6
f 1505/4/5 1506/4/5 1507/4/5 1508/4/5
f 1509/4/6 1510/4/6 1511/4/6 1512/4/6
f 1513/4/5 1514/4/5 1515/4/5 1516/4/5
f 1517/4/6 1518/4/6 1519/4/6 1520/4/6
f 1521/4/5 1522/4/5 1523/4/5 1524/4/5
f 1525/4/6 1526/4/6 1527/4/6 1528/4/6
f 1529/4/5 1530/4/5 1531/4/5 1532/4/5
f 1533/4/6 1534/4/6 1535/4/6 1536/4/6
f 1537/4/5 1538/4/5 1539/4/5 1540/4/5
f 1541/4/6 1542/4/6 1543/4/6 1544/4/6
f 1545/4/5 1546/4/5 1547/4/5 1548/4/5
f 1549/4/6 1550/4/6 1551/4/6 1552/4/6
f 1553/4/5 1554/4/5 1555/4/5 1556/4/5
f 1557/4/6 1558/4/6 1559/4/6 1560/4/6
f 1561/4/5 1562/4/5 1563/4/5 1564/4/5
f 1565/4/6 1566/4/6 1567/4/6 1568/4/6
f 1569/4/5 1570/4/5 1571/4/5 1572/4/5
f 1573/4/6 1574/4/6 1575/4/6 1576/4/6
f 1577/4/5 1578/4/5 1579/4/5 1580/4/5
f 1581/4/6 1582/4/6 1583/4/6 1584/4/6
f 1585/4/5 1586/4/5 1587/4/5 1588/4/5
f 1589/4/6 1590/4/6 1591/4/6 1592/4/6
f 1593/4/5 1594/4/5 1595/4/5 1596/4/5
f 1597/4/6 1598/4/6 1599/4/6 1600/4/6
f 1601/4/5 1602/4/5 1603/4/5 1604/4/5
f 1605/4/6 1606/4/6 1607/4/6 1608/4/6
f 1609/4/5 1610/4/5 1611/4/5 1612/4/5
f 1613/4/6 1614/4/6 1615/4/6 1616/4/6
f 1617/4/5 1618/4/5 1619/4/5 1620/4/5
f 1621/4/6 1622/4/6 1623/4/6 1624/4/6
f 1625/4/5 1626/4/5 1627/4/5 1628/4/5
f 1629/4/6 1630/4/6 1631/4/6 1632/4/6
f 1633/4/5 1634/4/5 1635/4/5 1636/4/5
f 1637/4/6 1638/4/6 1639/4/6 1640/4/6
f 1641/4/5 1642/4/5 1643/4/5 1644/4/5
f 1645/4/6 1646/4/6 1647/4/6 1648/4/6
f 1649/4/5 1650/4/5 1651/4/5 1652/4/5
f 1653/4/6 1654/4/6 1655/4/6 1656/4/6
f 1657/4/5 1658/4/5 1659/4/5 1660/4/5
f 1661/4/6 1662/4/6 1663/4/6 1664/4/6
f 1665/4/5 1666/4/5 1667/4/5 1668/4/5
f 1669/4/6 1670/4/6 1671/4/6 1672/4/6
f 1673/4/5 1674/4/5 1675/4/5 1676/4/5
f 1677/4/6 1678/4/6 1679/4/6 1680/4/6
f 1681/4/5 1682/4/5 1683/4/5 1684/4/5
f 1685/4/6 1686/4/6 1687/4/6 1688/4/6
f 1689/4/5 1690/4/5 1691/4/5 1692/4/5
f 1693/4/6 1694/4/6 1695/4/6 1696/4/6
f 1697/4/5 1698/4/5 1699/4/5 1700/4/5
f 1701/4/6 1702/4/6 1703/4/6 1704/4/6
f 1705/4/5 1706/4/5 1707/4/5 1708/4/5
f 1709/4/6 1710/4/6 1711/4/6 1712/4/6
f 1713/4/5 1714/4/5 1715/4/5 1716/4/5
f 1717/4/6 1718/4/6 1719/4/6 1720/4/6
f 1721/4/5 1722/4/5 1723/4/5 1724/4/5
f 1725/4/6 1726/4/6 1727/4/6 1728/4/6
f 1729/4/2 1730/4/2 1731/4/2 1732/4/2
f 1733/4/5 1734/4/5 1735/4/5 1736/4/5
f 1737/4/6 1738/4/6 1739/4/6 1740/4/6
f 1741/1/1 1742/1/1 1743/1/1 1744/1/1
f 1745/1/3 1746/1/3 1747/1/3 1748/1/3
f 1749/1/5 1750/1/5 1751/1/5 1752/1/5
f 1753/1/6 1754/1/6 1755/1/6 1756/1/6
f 1757/3/5 1758/3/5 1759/3/5 1760/3/5
f 1761/3/6 1762/3/6 1763/3/6 1764/3/6
f 1765/4/5 1766/4/5 1767/4/5 1768/4/5
f 1769/4/6 1770/4/6 1771/4/6 1772/4/6
f 1773/4/5 1774/4/5 1775/4/5 1776/4/5
f 1777/4/6 1778/4/6 1779/4/6 1780/4/6
f 1781/4/5 1782/4/5 1783/4/5 1784/4/5
f 1785/4/6 1786/4/6 1787/4/6 1788/4/6
f 1789/4/5 1790/4/5 1791/4/5 1792/4/5
f 1793/4/6 1794/4/6 1795/4/6 1796/4/6
f 1797/4/5 1798/4/5 1799/4/5 1800/4/5
f 1801/4/6 1802/4/6 1803/4/6 1804/4/6
f 1805/4/5 1806/4/5 1807/4/5 1808/4/5
f 1809/4/6 1810/4/6 1811/4/6 1812/4/6
f 1813/4/5 1814/4/5 1815/4/5 1816/4/5
f 1817/4/6 1818/4/6 1819/4/6 1820/4/6
f 1821/4/5 1822/4/5 1823/4/5 1824/4/5
f 1825/4/6 1826/4/6 1827/4/6 1828/4/6
f 1829/4/5 1830/4/5 1831/4/5 1832/4/5
f 1833/4/6 1834/4/6 1835/4/6 1836/4/6
f 1837/4/5 1838/4/5 1839/4/5 1840/4/5
f 1841/4/6 1842/4/6 1843/4/6 1844/4/6
f 1845/4/5 1846/4/5 1847/4/5 1848/4/5
f 1849/4/6 1850/4/6 1851/4/6 1852/4/6
f 1853/4/5 1854/4/5 1855/4/5 1856/4/5
f 1857/4/6 1858/4/6 1859/4/6 1860/4/6
f 1861/4/5 1862/4/5 1863/4/5 1864/4/5
f 1865/4/6 1866/4/6 1867/4/6 1868/4/6
f 1869/4/5 1870/4/5 1871/4/5 1872/4/5
f 1873/4/6 1874/4/6 1875/4/6 1876/4/6
f 1877/4/5 1878/4/5 1879/4/5 1880/4/5
f 1881/4/6 1882/4/6 1883/4/6 1884/4/6
f 1885/4/5 1886/4/5 1887/4/5 1888/4/5
f 1889/4/6 1890/4/6 1891/4/6 1892/4/6
f 1893/4/5 1894/4/5 1895/4/5 1896/4/5
f 1897/4/6 1898/4/6 1899/4/6 1900/4/6
f 1901/4/5 1902/4/5 1903/4/5 1904/4/5
f 1905/4/6 1906/4/6 1907/4/6 1908/4/6
f 1909/4/5 1910/4/5 1911/4/5 1912/4/5
f 1913/4/6 1914/4/6 1915/4/6 1916/4/6
f 1917/4/5 1918/4/5 1919/4/5 1920/4/5
f 1921/4/6 1922/4/6 1923/4/6 1924/4/6
f 1925/4/5 1926/4/5 1927/4/5 1928/4/5
f 1929/4/6 1930/4/6 1931/4/6 1932/4/6
f 1933/4/5 1934/4/5 1935/4/5 1936/4/5
f 1937/4/6 1938/4/6 1939/4/6 1940/4/6
f 1941/4/5 1942/4/5 1943/4/5 1944/4/5
f 1945/4/6 1946/4/6 1947/4/6 1948/4/6
f 1949/4/5 1950/4/5 1951/4/5 1952/4/5
f 1953/4/6 1954/4/6 1955/4/6 1956/4/6
f 1957/4/5 1958/4/5 1959/4/5 1960/4/5
f 1961/4/6 1962/4/6 1963/4/6 1964/4/6
f 1965/4/5 1966/4/5 1967/4/5 1968/4/5
f 1969/4/6 1970/4/6 1971/4/6 1972/4/6
f 1973/4/5 1974/4/5 1975/4/5 1976/4/5
f 1977/4/6 1978/4/6 1979/4/6 1980/4/6
f 1981/4/5 1982/4/5 1983/4/5 1984/4/5
f 1985/4/6 1986/4/6 1987/4/6 1988/4/6
f 1989/4/5 1990/4/5 1991/4/5 1992/4/5
f 1993/4/6 1994/4/6 1995/4/6 1996/4/6
f 1997/4/5 1998/4/5 1999/4/5 2000/4/5
f 2001/4/6 2002/4/6 2003/4/6 2004/4/6
f 2005/4/5 2006/4/5 2007/4/5 2008/4/5
f 2009/4/6 2010/4/6 2011/4/6 2012/4/6
f 2013/4/5 2014/4/5 2015/4/5 2016/4/5
f 2017/4/6 2018/4/6 2019/4/6 2020/4/6
f 2021/4/5 2022/4/5 2023/4/5 2024/4/5
f 2025/4/6 2026/4/6 2027/4/6 2028/4/6
f 2029/4/5 2030/4/5 2031/4/5 2032/4/5
f 2033/4/6 2034/4/6 2035/4/6 2036/4/6
f 2037/4/5 2038/4/5 2039/4/5 2040/4/5
f 2041/4/6 2042/4/6 2043/4/6 2044/4/6
f 2045/4/5 2046/4/5 2047/4/5 2048/4/5
f 2049/4/6 2050/4/6 2051/4/6 2052/4/6
f 2053/4/5 2054/4/5 2055/4/5 2056/4/5
f 2057/4/6 2058/4/6 2059/4/6 2060/4/6
f 2061/4/5 2062/4/5 2063/4/5 2064/4/5
f 2065/4/6 2066/4/6 2067/4/6 2068/4/6
f 2069/4/5 2070/4/5 2071/4/5 2072/4/5
f 2073/4/6 2074/4/6 2075/4/6 2076/4/6
f 2077/4/5 2078/4/5 2079/4/5 2080/4/5
f 2081/4/6 2082/4/6 2083/4/6 2084/4/6
f 2085/4/5 2086/4/5 2087/4/5 2088/4/5
f 2089/4/6 2090/4/6 2091/4/6 2092/4/6
f 2093/4/5 2094/4/5 2095/4/5 2096/4/5
f 2097/4/6 2098/4/6 2099/4/6 2100/4/6
f 2101/4/5 2102/4/5 2103/4/5 2104/4/5
f 2105/4/6 2106/4/6 2107/4/6 2108/4/6
f 2109/4/5 2110/4/5 2111/4/5 2112/4/5
f 2113/4/6 2114/4/6 2115/4/6 2116/4/6
f 2117/4/5 2118/4/5 2119/4/5 2120/4/5
f 2121/4/6 2122/4/6 2123/4/6 2124/4/6
f 2125/4/5 2126/4/5 2127/4/5 2128/4/5
f 2129/4/6 2130/4/6 2131/4/6 2132/4/6
f 2133/4/5 2134/4/5 2135/4/5 2136/4/5
f 2137/4/6 2138/4/6 2139/4/6 2140/4/6
f 2141/4/2 2142/4/2 2143/4/2 2144/4/2
f 2145/4/5 2146/4/5 2147/4/5 2148/4/5
f 2149/4/6 2150/4/6 2151/4/6 2152/4/6
f 2153/2/1 2154/2/1 2155/2/1 2156/2/1
f 2157/2/5 2158/2/5 2159/2/5 2160/2/5
f 2161/2/6 2162/2/6 2163/2/6 2164/2/6
f 2165/3/5 2166/3/5 2167/3/5 2168/3/5
f 2169/3/6 2170/3/6 2171/3/6 2172/3/6
f 2173/4/5 2174/4/5 2175/4/5 2176/4/5
f 2177/4/6 2178/4/6 2179/4/6 2180/4/6
f 2181/4/5 2182/4/5 2183/4/5 2184/4/5
f 2185/4/6 2186/4/6 2187/4/6 2188/4/6
f 2189/4/5 2190/4/5 2191/4/5 2192/4/5
f 2193/4/6 2194/4/6 2195/4/6 2196/4/6
f 2197/4/5 2198/4/5 2199/4/5 2200/4/5
f 2201/4/6 2202/4/6 2203/4/6 2204/4/6
f 2205/4/5 2206/4/5 2207/4/5 2208/4/5
f 2209/4/6 2210/4/6 2211/4/6 2212/4/6
f 2213/4/5 2214/4/5 2215/4/5 2216/4/5
f 2217/4/6 2218/4/6 2219/4/6 2220/4/6
f 2221/4/5 2222/4/5 2223/4/5 2224/4/5
f 2225/4/6 2226/4/6 2227/4/6 2228/4/6
f 2229/4/5 2230/4/5 2231/4/5 2232/4/5
f 2233/4/6 2234/4/6 2235/4/6 2236/4/6
f 2237/4/5 2238/4/5 2239/4/5 2240/4/5
f 2241/4/6 2242/4/6 2243/4/6 2244/4/6
f 2245/4/5 2246/4/5 2247/4/5 2248/4/5
f 2249/4/6 2250/4/6 2251/4/6 2252/4/6
f 2253/4/5 2254/4/5 2255/4/5 2256/4/5
f 2257/4/6 2258/4/6 2259/4/6 2260/4/6
f 2261/4/5 2262/4/5 2263/4/5 2264/4/5
f 2265/4/6 2266/4/6 2267/4/6 2268/4/6
f 2269/4/5 2270/4/5 2271/4/5 2272/4/5
f 2273/4/6 2274/4/6 2275/4/6 2276/4/6
f 2277/4/5 2278/4/5 2279/4/5 2280/4/5
f 2281/4/6 2282/4/6 2283/4/6 2284/4/6
f 2285/4/5 2286/4/5 2287/4/5 2288/4/5
f 2289/4/6 2290/4/6 2291/4/6 2292/4/6
f 2293/4/5 2294/4/5 2295/4/5 2296/4/5
f 2297/4/6 2298/4/6 2299/4/6 2300/4/6
f 2301/4/5 2302/4/5 2303/4/5 2304/4/5
f 2305/4/6 2306/4/6 2307/4/6 2308/4/6
f 2309/4/5 2310/4/5 2311/4/5 2312/4/5
f 2313/4/6 2314/4/6 2315/4/6 2316/4/6
f 2317/4/5 2318/4/5 2319/4/5 2320/4/5
f 2321/4/6 2322/4/6 2323/4/6 2324/4/6
f 2325/4/5 2326/4/5 2327/4/5 2328/4/5
f 2329/4/6 2330/4/6 2331/4/6 2332/4/6
f 2333/4/5 2334/4/5 2335/4/5 2336/4/5
f 2337/4/6 2338/4/6 2339/4/6 2340/4/6
f 2341/4/5 2342/4/5 2343/4/5 2344/4/5
f 2345/4/6 2346/4/6 2347/4/6 2348/4/6
f 2349/4/5 2350/4/5 2351/4/5 2352/4/5
f 2353/4/6 2354/4/6 2355/4/6 2356/4/6
f 2357/4/5 2358/4/5 2359/4/5 2360/4/5
f 2361/4/6 2362/4/6 2363/4/6 2364/4/6
f 2365/4/5 2366/4/5 2367/4/5 2368/4/5
f 2369/4/6 2370/4/6 2371/4/6 2372/4/6
f 2373/4/5 2374/4/5 2375/4/5 2376/4/5
f 2377/4/6 2378/4/6 2379/4/6 2380/4/6
f 2381/4/5 2382/4/5 2383/4/5 2384/4/5
f 2385/4/6 2386/4/6 2387/4/6 2388/4/6
f 2389/4/5 2390/4/5 2391/4/5 2392/4/5
f 2393/4/6 2394/4/6 2395/4/6 2396/4/6
f 2397/4/5 2398/4/5 2399/4/5 2400/4/5
f 2401/4/6 2402/4/6 2403/4/6 2404/4/6
f 2405/4/5 2406/4/5 2407/4/5 2408/4/5
f 2409/4/6 2410/4/6 2411/4/6 2412/4/6
f 2413/4/5 2414/4/5 2415/4/5 2416/4/5
f 2417/4/6 2418/4/6 2419/4/6 2420/4/6
f 2421/4/5 2422/4/5 2423/4/5 2424/4/5
f 2425/4/6 2426/4/6 2427/4/6 2428/4/6
f 2429/4/5 2430/4/5 2431/4/5 2432/4/5
f 2433/4/6 2434/4/6 2435/4/6 2436/4/6
f 2437/4/5 2438/4/5 2439/4/5 2440/4/5
f 2441/4/6 2442/4/6 2443/4/6 2444/4/6
f 2445/4/5 2446/4/5 2447/4/5 2448/4/5
f 2449/4/6 2450/4/6 2451/4/6 2452/4/6
f 2453/4/5 2454/4/5 2455/4/5 2456/4/5
f 2457/4/6 2458/4/6 2459/4/6 2460/4/6
f 2461/4/5 2462/4/5 2463/4/5 2464/4/5
f 2465/4/6 2466/4/6 2467/4/6 2468/4/6
f 2469/4/5 2470/4/5 2471/4/5 2472/4/5
f 2473/4/6 2474/4/6 2475/4/6 2476/4/6
f 2477/4/5 2478/4/5 2479/4/5 2480/4/5
f 2481/4/6 2482/4/6 2483/4/6 2484/4/6
f 2485/4/5 2486/4/5 2487/4/5 2488/4/5
f 2489/4/6 2490/4/6 2491/4/6 2492/4/6
f 2493/4/5 2494/4/5 2495/4/5 2496/4/5
f 2497/4/6 2498/4/6 2499/4/6 2500/4/6
f 2501/4/5 2502/4/5 2503/4/5 2504/4/5
f 2505/4/6 2506/4/6 2507/4/6 2508/4/6
f 2509/4/5 2510/4/5 2511/4/5 2512/4/5
f 2513/4/6 2514/4/6 2515/4/6 2516/4/6
f 2517/4/5 2518/4/5 2519/4/5 2520/4/5
f 2521/4/6 2522/4/6 2523/4/6 2524/4/6
f 2525/4/5 2526/4/5 2527/4/5 2528/4/5
f 2529/4/6 2530/4/6 2531/4/6 2532/4/6
f 2533/4/5 2534/4/5 2535/4/5 2536/4/5
f 2537/4/6 2538/4/6 2539/4/6 2540/4/6
f 2541/4/5 2542/4/5 2543/4/5 2544/4/5
f 2545/4/6 2546/4/6 2547/4/6 2548/4/6
f 2549/4/2 2550/4/2 2551/4/2 2552/4/2
f 2553/4/5 2554/4/5 2555/4/5 2556/4/5
f 2557/4/6 2558/4/6 2559/4/6 2560/4/6
f 2561/2/1 2562/2/1 2563/2/1 2564/2/1
f 2565/2/5 2566/2/5 2567/2/5 2568/2/5
f 2569/2/6 2570/2/6 2571/2/6 2572/2/6
f 2573/3/5 2574/3/5 2575/3/5 2576/3/5
f 2577/3/6 2578/3/6 2579/3/6 2580/3/6
f 2581/4/5 2582/4/5 2583/4/5 2584/4/5
f 2585/4/6 2586/4/6 2587/4/6 2588/4/6
f 2589/4/5 2590/4/5 2591/4/5 2592/4/5
f 2593/4/6 2594/4/6 2595/4/6 2596/4/6
f 2597/4/5 2598/4/5 2599/4/5 2600/4/5
f 2601/4/6 2602/4/6 2603/4/6 2604/4/6
f 2605/4/5 2606/4/5 2607/4/5 2608/4/5
f 2609/4/6 2610/4/6 2611/4/6 2612/4/6
f 2613/4/5 2614/4/5 2615/4/5 2616/4/5
f 2617/4/6 2618/4/6 2619/4/6 2620/4/6
f 2621/4/5 2622/4/5 2623/4/5 2624/4/5
f 2625/4/6 2626/4/6 2627/4/6 2628/4/6
f 2629/4/5 2630/4/5 2631/4/5 2632/4/5
f 2633/4/6 2634/4/6 2635/4/6 2636/4/6
f 2637/4/5 2638/4/5 2639/4/5 2640/4/5
f 2641/4/6 2642/4/6 2643/4/6 2644/4/6
f 2645/4/5 2646/4/5 2647/4/5 2648/4/5
f 2649/4/6 2650/4/6 2651/4/6 2652/4/6
f 2653/4/5 2654/4/5 2655/4/5 2656/4/5
f 2657/4/6 2658/4/6 2659/4/6 2660/4/6
f 2661/4/5 2662/4/5 2663/4/5 2664/4/5
f 2665/4/6 2666/4/6 2667/4/6 2668/4/6
f 2669/4/5 2670/4/5 2671/4/5 2672/4/5
f 2673/4/6 2674/4/6 2675/4/6 2676/4/6
f 2677/4/5 2678/4/5 2679/4/5 2680/4/5
f 2681/4/6 2682/4/6 2683/4/6 2684/4/6
f 2685/4/5 2686/4/5 2687/4/5 2688/4/5
f 2689/4/6 2690/4/6 2691/4/6 2692/4/6
f 2693/4/5 2694/4/5 2695/4/5 2696/4/5
f 2697/4/6 2698/4/6 2699/4/6 2700/4/6
f 2701/4/5 2702/4/5 2703/4/5 2704/4/5
f 2705/4/6 2706/4/6 2707/4/6 2708/4/6
f 2709/4/5 2710/4/5 2711/4/5 2712/4/5
f 2713/4/6 2714/4/6 2715/4/6 2716/4/6
f 2717/4/5 2718/4/5 2719/4/5 2720/4/5
f 2721/4/6 2722/4/6 2723/4/6 2724/4/6
f 2725/4/5 2726/4/5 2727/4/5 2728/4/5
f 2729/4/6 2730/4/6 2731/4/6 2732/4/6
f 2733/4/5 2734/4/5 2735/4/5 2736/4/5
f 2737/4/6 2738/4/6 2739/4/6 2740/4/6
f 2741/4/5 2742/4/5 2743/4/5 2744/4/5
f 2745/4/6 2746/4/6 2747/4/6 2748/4/6
f 2749/4/5 2750/4/5 2751/4/5 2752/4/5
f 2753/4/6 2754/4/6 2755/4/6 2756/4/6
f 2757/4/5 2758/4/5 2759/4/5 2760/4/5
f 2761/4/6 2762/4/6 2763/4/6 2764/4/6
f 2765/4/5 2766/4/5 2767/4/5 2768/4/5
f 2769/4/6 2770/4/6 2771/4/6 2772/4/6
f 2773/4/5 2774/4/5 2775/4/5 2776/4/5
f 2777/4/6 2778/4/6 2779/4/6 2780/4/6
f 2781/4/5 2782/4/5 2783/4/5 2784/4/5
f 2785/4/6 2786/4/6 2787/4/6 2788/4/6
f 2789/4/5 2790/4/5 2791/4/5 2792/4/5
f 2793/4/6 2794/4/6 2795/4/6 2796/4/6
f 2797/4/5 2798/4/5 2799/4/5 2800/4/5
f 2801/4/6 2802/4/6 2803/4/6 2804/4/6
f 2805/4/5 2806/4/5 2807/4/5 2808/4/5
f 2809/4/6 2810/4/6 2811/4/6 2812/4/6
f 2813/4/5 2814/4/5 2815/4/5 2816/4/5
f 2817/4/6 2818/4/6 2819/4/6 2820/4/6
f 2821/4/5 2822/4/5 2823/4/5 2824/4/5
f 2825/4/6 2826/4/6 2827/4/6 2828/4/6
f 2829/4/5 2830/4/5 2831/4/5 2832/4/5
f 2833/4/6 2834/4/6 2835/4/6 2836/4/6
f 2837/4/5 2838/4/5 2839/4/5 2840/4/5
f 2841/4/6 2842/4/6 2843/4/6 2844/4/6
f 2845/4/5 2846/4/5 2847/4/5 2848/4/5
f 2849/4/6 2850/4/6 2851/4/6 2852/4/6
f 2853/4/5 2854/4/5 2855/4/5 2856/4/5
f 2857/4/6 2858/4/6 2859/4/6 2860/4/6
f 2861/4/5 2862/4/5 2863/4/5 2864/4/5
f 2865/4/6 2866/4/6 2867/4/6 2868/4/6
f 2869/4/5 2870/4/5 2871/4/5 2872/4/5
f 2873/4/6 2874/4/6 2875/4/6 2876/4/6
f 2877/4/5 2878/4/5 2879/4/5 2880/4/5
f 2881/4/6 2882/4/6 2883/4/6 2884/4/6
f 2885/4/5 2886/4/5 2887/4/5 2888/4/5
f 2889/4/6 2890/4/6 2891/4/6 2892/4/6
f 2893/4/5 2894/4/5 2895/4/5 2896/4/5
f 2897/4/6 2898/4/6 2899/4/6 2900/4/6
f 2901/4/5 2902/4/5 2903/4/5 2904/4/5
f 2905/4/6 2906/4/6 2907/4/6 2908/4/6
f 2909/4/5 2910/4/5 2911/4/5 2912/4/5
f 2913/4/6 2914/4/6 2915/4/6 2916/4/6
f 2917/4/5 2918/4/5 2919/4/5 2920/4/5
f 2921/4/6 2922/4/6 2923/4/6 2924/4/6
f 2925/4/5 2926/4/5 2927/4/5 2928/4/5
f 2929/4/6 2930/4/6 2931/4/6 2932/4/6
f 2933/4/5 2934/4/5 2935/4/5 2936/4/5
f 2937/4/6 2938/4/6 2939/4/6 2940/4/6
f 2941/4/5 2942/4/5 2943/4/5 2944/4/5
f 2945/4/6 2946/4/6 2947/4/6 2948/4/6
f 2949/4/5 2950/4/5 2951/4/5 2952/4/5
f 2953/4/6 2954/4/6 2955/4/6 2956/4/6
f 2957/4/2 2958/4/2 2959/4/2 2960/4/2
f 2961/4/5 2962/4/5 2963/4/5 2964/4/5
f 2965/4/6 2966/4/6 2967/4/6 2968/4/6
f 2969/2/1 2970/2/1 2971/2/1 2972/2/1
f 2973/2/5 2974/2/5 2975/2/5 2976/2/5
f 2977/2/6 2978/2/6 2979/2/6 2980/2/6
f 2981/3/5 2982/3/5 2983/3/5 2984/3/5
f 2985/3/6 2986/3/6 2987/3/6 2988/3/6
f 2989/4/5 2990/4/5 2991/4/5 2992/4/5
f 2993/4/6 2994/4/6 2995/4/6 2996/4/6
f 2997/4/5 2998/4/5 2999/4/5 3000/4/5
f 3001/4/6 3002/4/6 3003/4/6 3004/4/6
f 3005/4/5 3006/4/5 3007/4/5 3008/4/5
f 3009/4/6 3010/4/6 3011/4/6 3012/4/6
f 3013/4/5 3014/4/5 3015/4/5 3016/4/5
f 3017/4/6 3018/4/6 3019/4/6 3020/4/6
f 3021/4/5 3022/4/5 3023/4/5 3024/4/5
f 3025/4/6 3026/4/6 3027/4/6 3028/4/6
f 3029/4/5 3030/4/5 3031/4/5 3032/4/5
f 3033/4/6 3034/4/6 3035/4/6 3036/4/6
f 3037/4/5 3038/4/5 3039/4/5 3040/4/5
f 3041/4/6 3042/4/6 3043/4/6 3044/4/6
f 3045/4/5 3046/4/5 3047/4/5 3048/4/5
f 3049/4/6 3050/4/6 3051/4/6 3052/4/6
f 3053/4/5 3054/4/5 3055/4/5 3056/4/5
f 3057/4/6 3058/4/6 3059/4/6 3060/4/6
f 3061/4/5 3062/4/5 3063/4/5 3064/4/5
f 3065/4/6 3066/4/6 3067/4/6 3068/4/6
f 3069/4/5 3070/4/5 3071/4/5 3072/4/5
f 3073/4/6 3074/4/6 3075/4/6 3076/4/6
f 3077/4/5 3078/4/5 3079/4/5 3080/4/5
f 3081/4/6 3082/4/6 3083/4/6 3084/4/6
f 3085/4/5 3086/4/5 3087/4/5 3088/4/5
f 3089/4/6 3090/4/6 3091/4/6 3092/4/6
f 3093/4/5 3094/4/5 3095/4/5 3096/4/5
f 3097/4/6 3098/4/6 3099/4/6 3100/4/6
f 3101/4/5 3102/4/5 3103/4/5 3104/4/5
f 3105/4/6 3106/4/6 3107/4/6 3108/4/6
f 3109/4/5 3110/4/5 3111/4/5 3112/4/5
f 3113/4/6 3114/4/6 3115/4/6 3116/4/6
f 3117/4/5 3118/4/5 3119/4/5 3120/4/5
f 3121/4/6 3122/4/6 3123/4/6 3124/4/6
f 3125/4/5 3126/4/5 3127/4/5 3128/4/5
f 3129/4/6 3130/4/6 3131/4/6 3132/4/6
f 3133/4/5 3134/4/5 3135/4/5 3136/4/5
f 3137/4/6 3138/4/6 3139/4/6 3140/4/6
f 3141/4/5 3142/4/5 3143/4/5 3144/4/5
f 3145/4/6 3146/4/6 3147/4/6 3148/4/6
f 3149/4/5 3150/4/5 3151/4/5 3152/4/5
f 3153/4/6 3154/4/6 3155/4/6 3156/4/6
f 3157/4/5 3158/4/5 3159/4/5 3160/4/5
f 3161/4/6 3162/4/6 3163/4/6 3164/4/6
f 3165/4/5 3166/4/5 3167/4/5 3168/4/5
f 3169/4/6 3170/4/6 3171/4/6 3172/4/6
f 3173/4/5 3174/4/5 3175/4/5 3176/4/5
f 3177/4/6 3178/4/6 3179/4/6 3180/4/6
f 3181/4/5 3182/4/5 3183/4/5 3184/4/5
f 3185/4/6 3186/4/6 3187/4/6 3188/4/6
f 3189/4/5 3190/4/5 3191/4/5 3192/4/5
f 3193/4/6 3194/4/6 3195/4/6 3196/4/6
f 3197/4/5 3198/4/5 3199/4/5 3200/4/5
f 3201/4/6 3202/4/6 3203/4/6 3204/4/6
f 3205/4/5 3206/4/5 3207/4/5 3208/4/5
f 3209/4/6 3210/4/6 3211/4/6 3212/4/6
f 3213/4/5 3214/4/5 3215/4/5 3216/4/5
f 3217/4/6 3218/4/6 3219/4/6 3220/4/6
f 3221/4/5 3222/4/5 3223/4/5 3224/4/5
f 3225/4/6 3226/4/6 3227/4/6 3228/4/6
f 3229/4/5 3230/4/5 3231/4/5 3232/4/5
f 3233/4/6 3234/4/6 3235/4/6 3236/4/6
f 3237/4/5 3238/4/5 3239/4/5 3240/4/5
f 3241/4/6 3242/4/6 3243/4/6 3244/4/6
f 3245/4/5 3246/4/5 3247/4/5 3248/4/5
f 3249/4/6 3250/4/6 3251/4/6 3252/4/6
f 3253/4/5 3254/4/5 3255/4/5 3256/4/5
f 3257/4/6 3258/4/6 3259/4/6 3260/4/6
f 3261/4/5 3262/4/5 3263/4/5 3264/4/5
f 3265/4/6 3266/4/6 3267/4/6 3268/4/6
f 3269/4/5 3270/4/5 3271/4/5 3272/4/5
f 3273/4/6 3274/4/6 3275/4/6 3276/4/6
f 3277/4/5 3278/4/5 3279/4/5 3280/4/5
f 3281/4/6 3282/4/6 3283/4/6 3284/4/6
f 3285/4/5 3286/4/5 3287/4/5 3288/4/5
f 3289/4/6 3290/4/6 3291/4/6 3292/4/6
f 3293/4/5 3294/4/5 3295/4/5 3296/4/5
f 3297/4/6 3298/4/6 3299/4/6 3300/4/6
f 3301/4/5 3302/4/5 3303/4/5 3304/4/5
f 3305/4/6 3306/4/6 3307/4/6 3308/4/6
f 3309/4/5 3310/4/5 3311/4/5 3312/4/5
f 3313/4/6 3314/4/6 3315/4/6 3316/4/6
f 3317/4/5 3318/4/5 3319/4/5 3320/4/5
f 3321/4/6 3322/4/6 3323/4/6 3324/4/6
f 3325/4/5 3326/4/5 3327/4/5 3328/4/5
f 3329/4/6 3330/4/6 3331/4/6 3332/4/6
f 3333/4/5 3334/4/5 3335/4/5 3336/4/5
f 3337/4/6 3338/4/6 3339/4/6 3340/4/6
f 3341/4/5 3342/4/5 3343/4/5 3344/4/5
f 3345/4/6 3346/4/6 3347/4/6 3348/4/6
f 3349/4/5 3350/4/5 3351/4/5 3352/4/5
f 3353/4/6 3354/4/6 3355/4/6 3356/4/6
f 3357/4/5 3358/4/5 3359/4/5 3360/4/5
f 3361/4/6 3362/4/6 3363/4/6 3364/4/6
f 3365/4/2 3366/4/2 3367/4/2 3368/4/2
f 3369/4/5 3370/4/5 3371/4/5 3372/4/5
f 3373/4/6 3374/4/6 3375/4/6 3376/4/6
f 3377/1/1 3378/1/1 3379/1/1 3380/1/1
f 3381/1/4 3382/1/4 3383/1/4 3384/1/4
f 3385/1/5 3386/1/5 3387/1/5 3388/1/5
f 3389/1/6 3390/1/6 3391/1/6 3392/1/6
f 3393/3/5 3394/3/5 3395/3/5 3396/3/5
f 3397/3/6 3398/3/6 3399/3/6 3400/3/6
f 3401/4/5 3402/4/5 3403/4/5 3404/4/5
f 3405/4/6 3406/4/6 3407/4/6 3408/4/6
f 3409/4/5 3410/4/5 3411/4/5 3412/4/5
f 3413/4/6 3414/4/6 3415/4/6 3416/4/6
f 3417/4/5 3418/4/5 3419/4/5 3420/4/5
f 3421/4/6 3422/4/6 3423/4/6 3424/4/6
f 3425/4/5 3426/4/5 3427/4/5 3428/4/5
f 3429/4/6 3430/4/6 3431/4/6 3432/4/6
f 3433/4/5 3434/4/5 3435/4/5 3436/4/5
f 3437/4/6 3438/4/6 3439/4/6 3440/4/6
f 3441/4/5 3442/4/5 3443/4/5 3444/4/5
f 3445/4/6 3446/4/6 3447/4/6 3448/4/6
f 3449/4/5 3450/4/5 3451/4/5 3452/4/5
f 3453/4/6 3454/4/6 3455/4/6 3456/4/6
f 3457/4/5 3458/4/5 3459/4/5 3460/4/5
f 3461/4/6 3462/4/6 3463/4/6 3464/4/6
f 3465/4/5 3466/4/5 3467/4/5 3468/4/5
f 3469/4/6 3470/4/6 3471/4/6 3472/4/6
f 3473/4/5 3474/4/5 3475/4/5 3476/4/5
f 3477/4/6 3478/4/6 3479/4/6 3480/4/6
f 3481/4/5 3482/4/5 3483/4/5 3484/4/5
f 3485/4/6 3486/4/6 3487/4/6 3488/4/6
f 3489/4/5 3490/4/5 3491/4/5 3492/4/5
f 3493/4/6 3494/4/6 3495/4/6 3496/4/6
f 3497/4/5 3498/4/5 3499/4/5 3500/4/5
f 3501/4/6 3502/4/6 3503/4/6 3504/4/6
f 3505/4/5 3506/4/5 3507/4/5 3508/4/5
f 3509/4/6 3510/4/6 3511/4/6 3512/4/6
f 3513/4/5 3514/4/5 3515/4/5 3516/4/5
f 3517/4/6 3518/4/6 3519/4/6 3520/4/6
f 3521/4/5 3522/4/5 3523/4/5 3524/4/5
f 3525/4/6 3526/4/6 3527/4/6 3528/4/6
f 3529/4/5 3530/4/5 3531/4/5 3532/4/5
f 3533/4/6 3534/4/6 3535/4/6 3536/4/6
f 3537/4/5 3538/4/5 3539/4/5 3540/4/5
f 3541/4/6 3542/4/6 3543/4/6 3544/4/6
f 3545/4/5 3546/4/5 3547/4/5 3548/4/5
f 3549/4/6 3550/4/6 3551/4/6 3552/4/6
f 3553/4/5 3554/4/5 3555/4/5 3556/4/5
f 3557/4/6 3558/4/6 3559/4/6 3560/4/6
f 3561/4/5 3562/4/5 3563/4/5 3564/4/5
f 3565/4/6 3566/4/6 3567/4/6 3568/4/6
f 3569/4/5 3570/4/5 3571/4/5 3572/4/5
f 3573/4/6 3574/4/6 3575/4/6 3576/4/6
f 3577/4/5 3578/4/5 3579/4/5 3580/4/5
f 3581/4/6 3582/4/6 3583/4/6 3584/4/6
f 3585/4/5 3586/4/5 3587/4/5 3588/4/5
f 3589/4/6 3590/4/6 3591/4/6 3592/4/6
f 3593/4/5 3594/4/5 3595/4/5 3596/4/5
f 3597/4/6 3598/4/6 3599/4/6 3600/4/6
f 3601/4/5 3602/4/5 3603/4/5 3604/4/5
f 3605/4/6 3606/4/6 3607/4/6 3608/4/6
f 3609/4/5 3610/4/5 3611/4/5 3612/4/5
f 3613/4/6 3614/4/6 3615/4/6 3616/4/6
f 3617/4/5 3618/4/5 3619/4/5 3620/4/5
f 3621/4/6 3622/4/6 3623/4/6 3624/4/6
f 3625/4/5 3626/4/5 3627/4/5 3628/4/5
f 3629/4/6 3630/4/6 3631/4/6 3632/4/6
f 3633/4/5 3634/4/5 3635/4/5 3636/4/5
f 3637/4/6 3638/4/6 3639/4/6 3640/4/6
f 3641/4/5 3642/4/5 3643/4/5 3644/4/5
f 3645/4/6 3646/4/6 3647/4/6 3648/4/6
f 3649/4/5 3650/4/5 3651/4/5 3652/4/5
f 3653/4/6 3654/4/6 3655/4/6 3656/4/6
f 3657/4/5 3658/4/5 3659/4/5 3660/4/5
f 3661/4/6 3662/4/6 3663/4/6 3664/4/6
f 3665/4/5 3666/4/5 3667/4/5 3668/4/5
f 3669/4/6 3670/4/6 3671/4/6 3672/4/6
f 3673/4/5 3674/4/5 3675/4/5 3676/4/5
f 3677/4/6 3678/4/6 3679/4/6 3680/4/6
f 3681/4/5 3682/4/5 3683/4/5 3684/4/5
f 3685/4/6 3686/4/6 3687/4/6 3688/4/6
f 3689/4/5 3690/4/5 3691/4/5 3692/4/5
f 3693/4/6 3694/4/6 3695/4/6 3696/4/6
f 3697/4/5 3698/4/5 3699/4/5 3700/4/5
f 3701/4/6 3702/4/6 3703/4/6 3704/4/6
f 3705/4/5 3706/4/5 3707/4/5 3708/4/5
f 3709/4/6 3710/4/6 3711/4/6 3712/4/6
f 3713/4/5 3714/4/5 3715/4/5 3716/4/5
f 3717/4/6 3718/4/6 3719/4/6 3720/4/6
f 3721/4/5 3722/4/5 3723/4/5 3724/4/5
f 3725/4/6 3726/4/6 3727/4/6 3728/4/6
f 3729/4/5 3730/4/5 3731/4/5 3732/4/5
f 3733/4/6 3734/4/6 3735/4/6 3736/4/6
f 3737/4/5 3738/4/5 3739/4/5 3740/4/5
f 3741/4/6 3742/4/6 3743/4/6 3744/4/6
f 3745/4/5 3746/4/5 3747/4/5 3748/4/5
f 3749/4/6 3750/4/6 3751/4/6 3752/4/6
f 3753/4/5 3754/4/5 3755/4/5 3756/4/5
f 3757/4/6 3758/4/6 3759/4/6 3760/4/6
f 3761/4/5 3762/4/5 3763/4/5 3764/4/5
f 3765/4/6 3766/4/6 3767/4/6 3768/4/6
f 3769/4/5 3770/4/5 3771/4/5 3772/4/5
f 3773/4/6 3774/4/6 3775/4/6 3776/4/6
f 3777/4/2 3778/4/2 3779/4/2 3780/4/2
f 3781/4/5 3782/4/5 3783/4/5 3784/4/5
f 3785/4/6 3786/4/6 3787/4/6 3788/4/6
f 3789/2/1 3790/2/1 3791/2/1 3792/2/1
f 3793/2/5 3794/2/5 3795/2/5 3796/2/5
f 3797/2/6 3798/2/6 3799/2/6 3800/2/6
f 3801/3/5 3802/3/5 3803/3/5 3804/3/5
f 3805/3/6 3806/3/6 3807/3/6 3808/3/6
f 3809/4/5 3810/4/5 3811/4/5 3812/4/5
f 3813/4/6 3814/4/6 3815/4/6 3816/4/6
f 3817/4/5 3818/4/5 3819/4/5 3820/4/5
f 3821/4/6 3822/4/6 3823/4/6 3824/4/6
f 3825/4/5 3826/4/5 3827/4/5 3828/4/5
f 3829/4/6 3830/4/6 3831/4/6 3832/4/6
f 3833/4/5 3834/4/5 3835/4/5 3836/4/5
f 3837/4/6 3838/4/6 3839/4/6 3840/4/6
f 3841/4/5 3842/4/5 3843/4/5 3844/4/5
f 3845/4/6 3846/4/6 3847/4/6 3848/4/6
f 3849/4/5 3850/4/5 3851/4/5 3852/4/5
f 3853/4/6 3854/4/6 3855/4/6 3856/4/6
f 3857/4/5 3858/4/5 3859/4/5 3860/4/5
f 3861/4/6 3862/4/6 3863/4/6 3864/4/6
f 3865/4/5 3866/4/5 3867/4/5 3868/4/5
f 3869/4/6 3870/4/6 3871/4/6 3872/4/6
f 3873/4/5 3874/4/5 3875/4/5 3876/4/5
f 3877/4/6 3878/4/6 3879/4/6 3880/4/6
f 3881/4/5 3882/4/5 3883/4/5 3884/4/5
f 3885/4/6 3886/4/6 3887/4/6 3888/4/6
f 3889/4/5 3890/4/5 3891/4/5 3892/4/5
f 3893/4/6 3894/4/6 3895/4/6 3896/4/6
f 3897/4/5 3898/4/5 3899/4/5 3900/4/5
f 3901/4/6 3902/4/6 3903/4/6 3904/4/6
f 3905/4/5 3906/4/5 3907/4/5 3908/4/5
f 3909/4/6 3910/4/6 3911/4/6 3912/4/6
f 3913/4/5 3914/4/5 3915/4/5 3916/4/5
f 3917/4/6 3918/4/6 3919/4/6 3920/4/6
f 3921/4/5 3922/4/5 3923/4/5 3924/4/5
f 3925/4/6 3926/4/6 3927/4/6 3928/4/6
f 3929/4/5 3930/4/5 3931/4/5 3932/4/5
f 3933/4/6 3934/4/6 3935/4/6 3936/4/6
f 3937/4/5 3938/4/5 3939/4/5 3940/4/5
f 3941/4/6 3942/4/6 3943/4/6 3944/4/6
f 3945/4/5 3946/4/5 3947/4/5 3948/4/5
f 3949/4/6 3950/4/6 3951/4/6 3952/4/6
f 3953/4/5 3954/4/5 3955/4/5 3956/4/5
f 3957/4/6 3958/4/6 3959/4/6 3960/4/6
f 3961/4/5 3962/4/5 3963/4/5 3964/4/5
f 3965/4/6 3966/4/6 3967/4/6 3968/4/6
f 3969/4/5 3970/4/5 3971/4/5 3972/4/5
f 3973/4/6 3974/4/6 3975/4/6 3976/4/6
f 3977/4/5 3978/4/5 3979/4/5 3980/4/5
f 3981/4/6 3982/4/6 3983/4/6 3984/4/6
f 3985/4/5 3986/4/5 3987/4/5 3988/4/5
f 3989/4/6 3990/4/6 3991/4/6 3992/4/6
f 3993/4/5 3994/4/5 3995/4/5 3996/4/5
f 3997/4/6 3998/4/6 3999/4/6 4000/4/6
f 4001/4/5 4002/4/5 4003/4/5 4004/4/5
f 4005/4/6 4006/4/6 4007/4/6 4008/4/6
f 4009/4/5 4010/4/5 4011/4/5 4012/4/5
f 4013/4/6 4014/4/6 4015/4/6 4016/4/6
f 4017/4/5 4018/4/5 4019/4/5 4020/4/5
f 4021/4/6 4022/4/6 4023/4/6 4024/4/6
f 4025/4/5 4026/4/5 4027/4/5 4028/4/5
f 4029/4/6 4030/4/6 4031/4/6 4032/4/6
f 4033/4/5 4034/4/5 4035/4/5 4036/4/5
f 4037/4/6 4038/4/6 4039/4/6 4040/4/6
f 4041/4/5 4042/4/5 4043/4/5 4044/4/5
f 4045/4/6 4046/4/6 4047/4/6 4048/4/6
f 4049/4/5 4050/4/5 4051/4/5 4052/4/5
f 4053/4/6 4054/4/6 4055/4/6 4056/4/6
f 4057/4/5 4058/4/5 4059/4/5 4060/4/5
f 4061/4/6 4062/4/6 4063/4/6 4064/4/6
f 4065/4/5 4066/4/5 4067/4/5 4068/4/5
f 4069/4/6 4070/4/6 4071/4/6 4072/4/6
f 4073/4/5 4074/4/5 4075/4/5 4076/4/5
f 4077/4/6 4078/4/6 4079/4/6 4080/4/6
f 4081/4/5 4082/4/5 4083/4/5 4084/4/5
f 4085/4/6 4086/4/6 4087/4/6 4088/4/6
f 4089/4/5 4090/4/5 4091/4/5 4092/4/5
f 4093/4/6 4094/4/6 4095/4/6 4096/4/6
f 4097/4/5 4098/4/5 4099/4/5 4100/4/5
f 4101/4/6 4102/4/6 4103/4/6 4104/4/6
f 4105/4/5 4106/4/5 4107/4/5 4108/4/5
f 4109/4/6 4110/4/6 4111/4/6 4112/4/6
f 4113/4/5 4114/4/5 4115/4/5 4116/4/5
f 4117/4/6 4118/4/6 4119/4/6 4120/4/6
f 4121/4/5 4122/4/5 4123/4/5 4124/4/5
f 4125/4/6 4126/4/6 4127/4/6 4128/4/6
f 4129/4/5 4130/4/5 4131/4/5 4132/4/5
f 4133/4/6 4134/4/6 4135/4/6 4136/4/6
f 4137/4/5 4138/4/5 4139/4/5 4140/4/5
f 4141/4/6 4142/4/6 4143/4/6 4144/4/6
f 4145/4/5 4146/4/5 4147/4/5 4148/4/5
f 4149/4/6 4150/4/6 4151/4/6 4152/4/6
f 4153/4/5 4154/4/5 4155/4/5 4156/4/5
f 4157/4/6 4158/4/6 4159/4/6 4160/4/6
f 4161/4/5 4162/4/5 4163/4/5 4164/4/5
f 4165/4/6 4166/4/6 4167/4/6 4168/4/6
f 4169/4/5 4170/4/5 4171/4/5 4172/4/5
f 4173/4/6 4174/4/6 4175/4/6 4176/4/6
f 4177/4/2 4178/4/2 4179/4/2 4180/4/2
f 4181/4/5 4182/4/5 4183/4/5 4184/4/5
f 4185/4/6 4186/4/6 4187/4/6 4188/4/6
f 4189/1/1 4190/1/1 4191/1/1 4192/1/1
f 4193/1/4 4194/1/4 4195/1/4 4196/1/4
f 4197/1/5 4198/1/5 4199/1/5 4200/1/5
f 4201/1/6 4202/1/6 4203/1/6 4204/1/6
f 4205/3/5 4206/3/5 4207/3/5 4208/3/5
f 4209/3/6 4210/3/6 4211/3/6 4212/3/6
f 4213/4/5 4214/4/5 4215/4/5 4216/4/5
f 4217/4/6 4218/4/6 4219/4/6 4220/4/6
f 4221/4/5 4222/4/5 4223/4/5 4224/4/5
f 4225/4/6 4226/4/6 4227/4/6 4228/4/6
f 4229/4/5 4230/4/5 4231/4/5 4232/4/5
f 4233/4/6 4234/4/6 4235/4/6 4236/4/6
f 4237/4/5 4238/4/5 4239/4/5 4240/4/5
f 4241/4/6 4242/4/6 4243/4/6 4244/4/6
f 4245/4/5 4246/4/5 4247/4/5 4248/4/5
f 4249/4/6 4250/4/6 4251/4/6 4252/4/6
f 4253/4/5 4254/4/5 4255/4/5 4256/4/5
f 4257/4/6 4258/4/6 4259/4/6 4260/4/6
f 4261/4/5 4262/4/5 4263/4/5 4264/4/5
f 4265/4/6 4266/4/6 4267/4/6 4268/4/6
f 4269/4/5 4270/4/5 4271/4/5 4272/4/5
f 4273/4/6 4274/4/6 4275/4/6 4276/4/6
f 4277/4/5 4278/4/5 4279/4/5 4280/4/5
f 4281/4/6 4282/4/6 4283/4/6 4284/4/6
f 4285/4/5 4286/4/5 4287/4/5 4288/4/5
f 4289/4/6 4290/4/6 4291/4/6 4292/4/6
f 4293/4/5 4294/4/5 4295/4/5 4296/4/5
f 4297/4/6 4298/4/6 4299/4/6 4300/4/6
f 4301/4/5 4302/4/5 4303/4/5 4304/4/5
f 4305/4/6 4306/4/6 4307/4/6 4308/4/6
f 4309/4/5 4310/4/5 4311/4/5 4312/4/5
f 4313/4/6 4314/4/6 4315/4/6 4316/4/6
f 4317/4/5 4318/4/5 4319/4/5 4320/4/5
f 4321/4/6 4322/4/6 4323/4/6 4324/4/6
f 4325/4/5 4326/4/5 4327/4/5 4328/4/5
f 4329/4/6 4330/4/6 4331/4/6 4332/4/6
f 4333/4/5 4334/4/5 4335/4/5 4336/4/5
f 4337/4/6 4338/4/6 4339/4/6 4340/4/6
f 4341/4/5 4342/4/5 4343/4/5 4344/4/5
f 4345/4/6 4346/4/6 4347/4/6 4348/4/6
f 4349/4/5 4350/4/5 4351/4/5 4352/4/5
f 4353/4/6 4354/4/6 4355/4/6 4356/4/6
f 4357/4/5 4358/4/5 4359/4/5 4360/4/5
f 4361/4/6 4362/4/6 4363/4/6 4364/4/6
f 4365/4/5 4366/4/5 4367/4/5 4368/4/5
f 4369/4/6 4370/4/6 4371/4/6 4372/4/6
f 4373/4/5 4374/4/5 4375/4/5 4376/4/5
f 4377/4/6 4378/4/6 4379/4/6 4380/4/6
f 4381/4/5 4382/4/5 4383/4/5 4384/4/5
f 4385/4/6 4386/4/6 4387/4/6 4388/4/6
f 4389/4/5 4390/4/5 4391/4/5 4392/4/5
f 4393/4/6 4394/4/6 4395/4/6 4396/4/6
f 4397/4/5 4398/4/5 4399/4/5 4400/4/5
f 4401/4/6 4402/4/6 4403/4/6 4404/4/6
f 4405/4/5 4406/4/5 4407/4/5 4408/4/5
f 4409/4/6 4410/4/6 4411/4/6 4412/4/6
f 4413/4/5 4414/4/5 4415/4/5 4416/4/5
f 4417/4/6 4418/4/6 4419/4/6 4420/4/6
f 4421/4/5 4422/4/5 4423/4/5 4424/4/5
f 4425/4/6 4426/4/6 4427/4/6 4428/4/6
f 4429/4/5 4430/4/5 4431/4/5 4432/4/5
f 4433/4/6 4434/4/6 4435/4/6 4436/4/6
f 4437/4/5 4438/4/5 4439/4/5 4440/4/5
f 4441/4/6 4442/4/6 4443/4/6 4444/4/6
f 4445/4/5 4446/4/5 4447/4/5 4448/4/5
f 4449/4/6 4450/4/6 4451/4/6 4452/4/6
f 4453/4/5 4454/4/5 4455/4/5 4456/4/5
f 4457/4/6 4458/4/6 4459/4/6 4460/4/6
f 4461/4/5 4462/4/5 4463/4/5 4464/4/5
f 4465/4/6 4466/4/6 4467/4/6 4468/4/6
f 4469/4/5 4470/4/5 4471/4/5 4472/4/5
f 4473/4/6 4474/4/6 4475/4/6 4476/4/6
f 4477/4/5 4478/4/5 4479/4/5 4480/4/5
f 4481/4/6 4482/4/6 4483/4/6 4484/4/6
f 4485/4/5 4486/4/5 4487/4/5 4488/4/5
f 4489/4/6 4490/4/6 4491/4/6 4492/4/6
f 4493/4/5 4494/4/5 4495/4/5 4496/4/5
f 4497/4/6 4498/4/6 4499/4/6 4500/4/6
f 4501/4/5 4502/4/5 4503/4/5 4504/4/5
f 4505/4/6 4506/4/6 4507/4/6 4508/4/6
f 4509/4/5 4510/4/5 4511/4/5 4512/4/5
f 4513/4/6 4514/4/6 4515/4/6 4516/4/6
f 4517/4/5 4518/4/5 4519/4/5 4520/4/5
f 4521/4/6 4522/4/6 4523/4/6 4524/4/6
f 4525/4/5 4526/4/5 4527/4/5 4528/4/5
f 4529/4/6 4530/4/6 4531/4/6 4532/4/6
f 4533/4/5 4534/4/5 4535/4/5 4536/4/5
f 4537/4/6 4538/4/6 4539/4/6 4540/4/6
f 4541/4/5 4542/4/5 4543/4/5 4544/4/5
f 4545/4/6 4546/4/6 4547/4/6 4548/4/6
f 4549/4/5 4550/4/5 4551/4/5 4552/4/5
f 4553/4/6 4554/4/6 4555/4/6 4556/4/6
f 4557/4/5 4558/4/5 4559/4/5 4560/4/5
f 4561/4/6 4562/4/6 4563/4/6 4564/4/6
f 4565/4/5 4566/4/5 4567/4/5 4568/4/5
f 4569/4/6 4570/4/6 4571/4/6 4572/4/6
f 4573/4/5 4574/4/5 4575/4/5 4576/4/5
f 4577/4/6 4578/4/6 4579/4/6 4580/4/6
f 4581/4/2 4582/4/2 4583/4/2 4584/4/2
f 4585/4/5 4586/4/5 4587/4/5 4588/4/5
f 4589/4/6 4590/4/6 4591/4/6 4592/4/6
f 4593/2/1 4594/2/1 4595/2/1 4596/2/1
f 4597/2/4 4598/2/4 4599/2/4 4600/2/4
f 4601/2/5 4602/2/5 4603/2/5 4604/2/5
f 4605/2/6 4606/2/6 4607/2/6 4608/2/6
f 4609/3/5 4610/3/5 4611/3/5 4612/3/5
f 4613/3/6 4614/3/6 4615/3/6 4616/3/6
f 4617/4/5 4618/4/5 4619/4/5 4620/4/5
f 4621/4/6 4622/4/6 4623/4/6 4624/4/6
f 4625/4/5 4626/4/5 4627/4/5 4628/4/5
f 4629/4/6 4630/4/6 4631/4/6 4632/4/6
f 4633/4/5 4634/4/5 4635/4/5 4636/4/5
f 4637/4/6 4638/4/6 4639/4/6 4640/4/6
f 4641/4/5 4642/4/5 4643/4/5 4644/4/5
f 4645/4/6 4646/4/6 4647/4/6 4648/4/6
f 4649/4/5 4650/4/5 4651/4/5 4652/4/5
f 4653/4/6 4654/4/6 4655/4/6 4656/4/6
f 4657/4/5 4658/4/5 4659/4/5 4660/4/5
f 4661/4/6 4662/4/6 4663/4/6 4664/4/6
f 4665/4/5 4666/4/5 4667/4/5 4668/4/5
f 4669/4/6 4670/4/6 4671/4/6 4672/4/6
f 4673/4/5 4674/4/5 4675/4/5 4676/4/5
f 4677/4/6 4678/4/6 4679/4/6 4680/4/6
f 4681/4/5 4682/4/5 4683/4/5 4684/4/5
f 4685/4/6 4686/4/6 4687/4/6 4688/4/6
f 4689/4/5 4690/4/5 4691/4/5 4692/4/5
f 4693/4/6 4694/4/6 4695/4/6 4696/4/6
f 4697/4/5 4698/4/5 4699/4/5 4700/4/5
f 4701/4/6 4702/4/6 4703/4/6 4704/4/6
f 4705/4/5 4706/4/5 4707/4/5 4708/4/5
f 4709/4/6 4710/4/6 4711/4/6 4712/4/6
f 4713/4/5 4714/4/5 4715/4/5 4716/4/5
f 4717/4/6 4718/4/6 4719/4/6 4720/4/6
f 4721/4/5 4722/4/5 4723/4/5 4724/4/5
f 4725/4/6 4726/4/6 4727/4/6 4728/4/6
f 4729/4/5 4730/4/5 4731/4/5 4732/4/5
f 4733/4/6 4734/4/6 4735/4/6 4736/4/6
f 4737/4/5 4738/4/5 4739/4/5 4740/4/5
f 4741/4/6 4742/4/6 4743/4/6 4744/4/6
f 4745/4/5 4746/4/5 4747/4/5 4748/4/5
f 4749/4/6 4750/4/6 4751/4/6 4752/4/6
f 4753/4/5 4754/4/5 4755/4/5 4756/4/5
f 4757/4/6 4758/4/6 4759/4/6 4760/4/6
f 4761/4/5 4762/4/5 4763/4/5 4764/4/5
f 4765/4/6 4766/4/6 4767/4/6 4768/4/6
f 4769/4/5 4770/4/5 4771/4/5 4772/4/5
f 4773/4/6 4774/4/6 4775/4/6 4776/4/6
f 4777/4/5 4778/4/5 4779/4/5 4780/4/5
f 4781/4/6 4782/4/6 4783/4/6 4784/4/6
f 4785/4/5 4786/4/5 4787/4/5 4788/4/5
f 4789/4/6 4790/4/6 4791/4/6 4792/4/6
f 4793/4/5 4794/4/5 4795/4/5 4796/4/5
f 4797/4/6 4798/4/6 4799/4/6 4800/4/6
f 4801/4/5 4802/4/5 4803/4/5 4804/4/5
f 4805/4/6 4806/4/6 4807/4/6 4808/4/6
f 4809/4/5 4810/4/5 4811/4/5 4812/4/5
f 4813/4/6 4814/4/6 4815/4/6 4816/4/6
f 4817/4/5 4818/4/5 4819/4/5 4820/4/5
f 4821/4/6 4822/4/6 4823/4/6 4824/4/6
f 4825/4/5 4826/4/5 4827/4/5 4828/4/5
f 4829/4/6 4830/4/6 4831/4/6 4832/4/6
f 4833/4/5 4834/4/5 4835/4/5 4836/4/5
f 4837/4/6 4838/4/6 4839/4/6 4840/4/6
f 4841/4/5 4842/4/5 4843/4/5 4844/4/5
f 4845/4/6 4846/4/6 4847/4/6 4848/4/6
f 4849/4/5 4850/4/5 4851/4/5 4852/4/5
f 4853/4/6 4854/4/6 4855/4/6 4856/4/6
f 4857/4/5 4858/4/5 4859/4/5 4860/4/5
f 4861/4/6 4862/4/6 4863/4/6 4864/4/6
f 4865/4/5 4866/4/5 4867/4/5 4868/4/5
f 4869/4/6 4870/4/6 4871/4/6 4872/4/6
f 4873/4/5 4874/4/5 4875/4/5 4876/4/5
f 4877/4/6 4878/4/6 4879/4/6 4880/4/6
f 4881/4/5 4882/4/5 4883/4/5 4884/4/5
f 4885/4/6 4886/4/6 4887/4/6 4888/4/6
f 4889/4/5 4890/4/5 4891/4/5 4892/4/5
f 4893/4/6 4894/4/6 4895/4/6 4896/4/6
f 4897/4/5 4898/4/5 4899/4/5 4900/4/5
f 4901/4/6 4902/4/6 4903/4/6 4904/4/6
f 4905/4/5 4906/4/5 4907/4/5 4908/4/5
f 4909/4/6 4910/4/6 4911/4/6 4912/4/6
f 4913/4/5 4914/4/5 4915/4/5 4916/4/5
f 4917/4/6 4918/4/6 4919/4/6 4920/4/6
f 4921/4/5 4922/4/5 4923/4/5 4924/4/5
f 4925/4/6 4926/4/6 4927/4/6 4928/4/6
f 4929/4/5 4930/4/5 4931/4/5 4932/4/5
f 4933/4/6 4934/4/6 4935/4/6 4936/4/6
f 4937/4/5 4938/4/5 4939/4/5 4940/4/5
f 4941/4/6 4942/4/6 4943/4/6 4944/4/6
f 4945/4/5 4946/4/5 4947/4/5 4948/4/5
f 4949/4/6 4950/4/6 4951/4/6 4952/4/6
f 4953/4/5 4954/4/5 4955/4/5 4956/4/5
f 4957/4/6 4958/4/6 4959/4/6 4960/4/6
f 4961/4/5 4962/4/5 4963/4/5 4964/4/5
f 4965/4/6 4966/4/6 4967/4/6 4968/4/6
f 4969/4/5 4970/4/5 4971/4/5 4972/4/5
f 4973/4/6 4974/4/6 4975/4/6 4976/4/6
f 4977/4/2 4978/4/2 4979/4/2 4980/4/2
f 4981/4/5 4982/4/5 4983/4/5 4984/4/5
f 4985/4/6 4986/4/6 4987/4/6 4988/4/6
f 4989/2/1 4990/2/1 4991/2/1 4992/2/1
f 4993/2/4 4994/2/4 4995/2/4 4996/2/4
f 4997/2/5 4998/2/5 4999/2/5 5000/2/5
f 5001/2/6 5002/2/6 5003/2/6 5004/2/6
f 5005/3/4 5006/3/4 5007/3/4 5008/3/4
f 5009/3/5 5010/3/5 5011/3/5 5012/3/5
f 5013/3/6 5014/3/6 5015/3/6 5016/3/6
f 5017/3/5 5018/3/5 5019/3/5 5020/3/5
f 5021/3/6 5022/3/6 5023/3/6 5024/3/6
f 5025/3/5 5026/3/5 5027/3/5 5028/3/5
f 5029/3/6 5030/3/6 5031/3/6 5032/3/6
f 5033/3/5 5034/3/5 5035/3/5 5036/3/5
f 5037/3/6 5038/3/6 5039/3/6 5040/3/6
f 5041/3/5 5042/3/5 5043/3/5 5044/3/5
f 5045/3/6 5046/3/6 5047/3/6 5048/3/6
f 5049/3/5 5050/3/5 5051/3/5 5052/3/5
f 5053/3/6 5054/3/6 5055/3/6 5056/3/6
f 5057/3/5 5058/3/5 5059/3/5 5060/3/5
f 5061/3/6 5062/3/6 5063/3/6 5064/3/6
f 5065/3/5 5066/3/5 5067/3/5 5068/3/5
f 5069/3/6 5070/3/6 5071/3/6 5072/3/6
f 5073/3/5 5074/3/5 5075/3/5 5076/3/5
f 5077/3/6 5078/3/6 5079/3/6 5080/3/6
f 5081/3/5 5082/3/5 5083/3/5 5084/3/5
f 5085/3/6 5086/3/6 5087/3/6 5088/3/6
f 5089/3/5 5090/3/5 5091/3/5 5092/3/5
f 5093/3/6 5094/3/6 5095/3/6 5096/3/6
f 5097/3/5 5098/3/5 5099/3/5 5100/3/5
f 5101/3/6 5102/3/6 5103/3/6 5104/3/6
f 5105/3/5 5106/3/5 5107/3/5 5108/3/5
f 5109/3/6 5110/3/6 5111/3/6 5112/3/6
f 5113/3/5 5114/3/5 5115/3/5 5116/3/5
f 5117/3/6 5118/3/6 5119/3/6 5120/3/6
f 5121/3/5 5122/3/5 5123/3/5 5124/3/5
f 5125/3/6 5126/3/6 5127/3/6 5128/3/6
f 5129/3/5 5130/3/5 5131/3/5 5132/3/5
f 5133/3/6 5134/3/6 5135/3/6 5136/3/6
f 5137/3/5 5138/3/5 5139/3/5 5140/3/5
f 5141/3/6 5142/3/6 5143/3/6 5144/3/6
f 5145/3/5 5146/3/5 5147/3/5 5148/3/5
f 5149/3/6 5150/3/6 5151/3/6 5152/3/6
f 5153/3/5 5154/3/5 5155/3/5 5156/3/5
f 5157/3/6 5158/3/6 5159/3/6 5160/3/6
f 5161/3/5 5162/3/5 5163/3/5 5164/3/5
f 5165/3/6 5166/3/6 5167/3/6 5168/3/6
f 5169/3/5 5170/3/5 5171/3/5 5172/3/5
f 5173/3/6 5174/3/6 5175/3/6 5176/3/6
f 5177/3/5 5178/3/5 5179/3/5 5180/3/5
f 5181/3/6 5182/3/6 5183/3/6 5184/3/6
f 5185/3/5 5186/3/5 5187/3/5 5188/3/5
f 5189/3/6 5190/3/6 5191/3/6 5192/3/6
f 5193/3/5 5194/3/5 5195/3/5 5196/3/5
f 5197/3/6 5198/3/6 5199/3/6 5200/3/6
f 5201/3/5 5202/3/5 5203/3/5 5204/3/5
f 5205/3/6 5206/3/6 5207/3/6 5208/3/6
f 5209/3/5 5210/3/5 5211/3/5 5212/3/5
f 5213/3/6 5214/3/6 5215/3/6 5216/3/6
f 5217/3/5 5218/3/5 5219/3/5 5220/3/5
f 5221/3/6 5222/3/6 5223/3/6 5224/3/6
f 5225/3/5 5226/3/5 5227/3/5 5228/3/5
f 5229/3/6 5230/3/6 5231/3/6 5232/3/6
f 5233/3/5 5234/3/5 5235/3/5 5236/3/5
f 5237/3/6 5238/3/6 5239/3/6 5240/3/6
f 5241/3/5 5242/3/5 5243/3/5 5244/3/5
f 5245/3/6 5246/3/6 5247/3/6 5248/3/6
f 5249/3/5 5250/3/5 5251/3/5 5252/3/5
f 5253/3/6 5254/3/6 5255/3/6 5256/3/6
f 5257/3/5 5258/3/5 5259/3/5 5260/3/5
f 5261/3/6 5262/3/6 5263/3/6 5264/3/6
f 5265/3/5 5266/3/5 5267/3/5 5268/3/5
f 5269/3/6 5270/3/6 5271/3/6 5272/3/6
f 5273/3/5 5274/3/5 5275/3/5 5276/3/5
f 5277/3/6 5278/3/6 5279/3/6 5280/3/6
f 5281/3/5 5282/3/5 5283/3/5 5284/3/5
f 5285/3/6 5286/3/6 5287/3/6 5288/3/6
f 5289/3/5 5290/3/5 5291/3/5 5292/3/5
f 5293/3/6 5294/3/6 5295/3/6 5296/3/6
f 5297/3/5 5298/3/5 5299/3/5 5300/3/5
f 5301/3/6 5302/3/6 5303/3/6 5304/3/6
f 5305/3/5 5306/3/5 5307/3/5 5308/3/5
f 5309/3/6 5310/3/6 5311/3/6 5312/3/6
f 5313/3/5 5314/3/5 5315/3/5 5316/3/5
f 5317/3/6 5318/3/6 5319/3/6 5320/3/6
f 5321/3/5 5322/3/5 5323/3/5 5324/3/5
f 5325/3/6 5326/3/6 5327/3/6 5328/3/6
f 5329/3/5 5330/3/5 5331/3/5 5332/3/5
f 5333/3/6 5334/3/6 5335/3/6 5336/3/6
f 5337/3/5 5338/3/5 5339/3/5 5340/3/5
f 5341/3/6 5342/3/6 5343/3/6 5344/3/6
f 5345/3/5 5346/3/5 5347/3/5 5348/3/5
f 5349/3/6 5350/3/6 5351/3/6 5352/3/6
f 5353/3/5 5354/3/5 5355/3/5 5356/3/5
f 5357/3/6 5358/3/6 5359/3/6 5360/3/6
f 5361/3/5 5362/3/5 5363/3/5 5364/3/5
f 5365/3/6 5366/3/6 5367/3/6 5368/3/6
f 5369/3/2 5370/3/2 5371/3/2 5372/3/2
f 5373/3/5 5374/3/5 5375/3/5 5376/3/5
f 5377/3/6 5378/3/6 5379/3/6 5380/3/6
f 5381/1/1 5382/1/1 5383/1/1 5384/1/1
f 5385/1/4 5386/1/4 5387/1/4 5388/1/4
f 5389/1/5 5390/1/5 5391/1/5 5392/1/5
f 5393/1/6 5394/1/6 5395/1/6 5396/1/6
f 5397/2/4 5398/2/4 5399/2/4 5400/2/4
f 5401/2/5 5402/2/5 5403/2/5 5404/2/5
f 5405/2/6 5406/2/6 5407/2/6 5408/2/6
f 5409/2/4 5410/2/4 5411/2/4 5412/2/4
f 5413/2/5 5414/2/5 5415/2/5 5416/2/5
f 5417/2/6 5418/2/6 5419/2/6 5420/2/6
f 5421/2/4 5422/2/4 5423/2/4 5424/2/4
f 5425/2/5 5426/2/5 5427/2/5 5428/2/5
f 5429/2/6 5430/2/6 5431/2/6 5432/2/6
f 5433/2/4 5434/2/4 5435/2/4 5436/2/4
f 5437/2/5 5438/2/5 5439/2/5 5440/2/5
f 5441/2/6 5442/2/6 5443/2/6 5444/2/6
f 5445/2/4 5446/2/4 5447/2/4 5448/2/4
f 5449/2/5 5450/2/5 5451/2/5 5452/2/5
f 5453/2/6 5454/2/6 5455/2/6 5456/2/6
f 5457/2/4 5458/2/4 5459/2/4 5460/2/4
f 5461/2/5 5462/2/5 5463/2/5 5464/2/5
f 5465/2/6 5466/2/6 5467/2/6 5468/2/6
f 5469/2/4 5470/2/4 5471/2/4 5472/2/4
f 5473/2/5 5474/2/5 5475/2/5 5476/2/5
f 5477/2/6 5478/2/6 5479/2/6 5480/2/6
f 5481/2/4 5482/2/4 5483/2/4 5484/2/4
f 5485/2/5 5486/2/5 5487/2/5 5488/2/5
f 5489/2/6 5490/2/6 5491/2/6 5492/2/6
f 5493/2/4 5494/2/4 5495/2/4 5496/2/4
f 5497/2/5 5498/2/5 5499/2/5 5500/2/5
f 5501/2/6 5502/2/6 5503/2/6 5504/2/6
f 5505/2/4 5506/2/4 5507/2/4 5508/2/4
f 5509/2/5 5510/2/5 5511/2/5 5512/2/5
f 5513/2/6 5514/2/6 5515/2/6 5516/2/6
f 5517/2/4 5518/2/4 5519/2/4 5520/2/4
f 5521/2/5 5522/2/5 5523/2/5 5524/2/5
f 5525/2/6 5526/2/6 5527/2/6 5528/2/6
f 5529/2/4 5530/2/4 5531/2/4 5532/2/4
f 5533/2/5 5534/2/5 5535/2/5 5536/2/5
f 5537/2/6 5538/2/6 5539/2/6 5540/2/6
f 5541/2/4 5542/2/4 5543/2/4 5544/2/4
f 5545/2/5 5546/2/5 5547/2/5 5548/2/5
f 5549/2/6 5550/2/6 5551/2/6 5552/2/6
f 5553/2/4 5554/2/4 5555/2/4 5556/2/4
f 5557/2/5 5558/2/5 5559/2/5 5560/2/5
f 5561/2/6 5562/2/6 5563/2/6 5564/2/6
f 5565/2/4 5566/2/4 5567/2/4 5568/2/4
f 5569/2/5 5570/2/5 5571/2/5 5572/2/5
f 5573/2/6 5574/2/6 5575/2/6 5576/2/6
f 5577/2/4 5578/2/4 5579/2/4 5580/2/4
f 5581/2/5 5582/2/5 5583/2/5 5584/2/5
f 5585/2/6 5586/2/6 5587/2/6 5588/2/6
f 5589/2/4 5590/2/4 5591/2/4 5592/2/4
f 5593/2/5 5594/2/5 5595/2/5 5596/2/5
f 5597/2/6 5598/2/6 5599/2/6 5600/2/6
f 5601/2/4 5602/2/4 5603/2/4 5604/2/4
f 5605/2/5 5606/2/5 5607/2/5 5608/2/5
f 5609/2/6 5610/2/6 5611/2/6 5612/2/6
f 5613/2/4 5614/2/4 5615/2/4 5616/2/4
f 5617/2/5 5618/2/5 5619/2/5 5620/2/5
f 5621/2/6 5622/2/6 5623/2/6 5624/2/6
f 5625/2/4 5626/2/4 5627/2/4 5628/2/4
f 5629/2/5 5630/2/5 5631/2/5 5632/2/5
f 5633/2/6 5634/2/6 5635/2/6 5636/2/6
f 5637/2/4 5638/2/4 5639/2/4 5640/2/4
f 5641/2/5 5642/2/5 5643/2/5 5644/2/5
f 5645/2/6 5646/2/6 5647/2/6 5648/2/6
f 5649/2/4 5650/2/4 5651/2/4 5652/2/4
f 5653/2/5 5654/2/5 5655/2/5 5656/2/5
f 5657/2/6 5658/2/6 5659/2/6 5660/2/6
f 5661/2/4 5662/2/4 5663/2/4 5664/2/4
f 5665/2/5 5666/2/5 5667/2/5 5668/2/5
f 5669/2/6 5670/2/6 5671/2/6 5672/2/6
f 5673/2/4 5674/2/4 5675/2/4 5676/2/4
f 5677/2/5 5678/2/5 5679/2/5 5680/2/5
f 5681/2/6 5682/2/6 5683/2/6 5684/2/6
f 5685/2/4 5686/2/4 5687/2/4 5688/2/4
f 5689/2/5 5690/2/5 5691/2/5 5692/2/5
f 5693/2/6 5694/2/6 5695/2/6 5696/2/6
f 5697/2/4 5698/2/4 5699/2/4 5700/2/4
f 5701/2/5 5702/2/5 5703/2/5 5704/2/5
f 5705/2/6 5706/2/6 5707/2/6 5708/2/6
f 5709/2/4 5710/2/4 5711/2/4 5712/2/4
f 5713/2/5 5714/2/5 5715/2/5 5716/2/5
f 5717/2/6 5718/2/6 5719/2/6 5720/2/6
f 5721/2/4 5722/2/4 5723/2/4 5724/2/4
f 5725/2/5 5726/2/5 5727/2/5 5728/2/5
f 5729/2/6 5730/2/6 5731/2/6 5732/2/6
f 5733/2/4 5734/2/4 5735/2/4 5736/2/4
f 5737/2/5 5738/2/5 5739/2/5 5740/2/5
f 5741/2/6 5742/2/6 5743/2/6 5744/2/6
f 5745/2/4 5746/2/4 5747/2/4 5748/2/4
f 5749/2/5 5750/2/5 5751/2/5 5752/2/5
f 5753/2/6 5754/2/6 5755/2/6 5756/2/6
f 5757/2/4 5758/2/4 5759/2/4 5760/2/4
f 5761/2/5 5762/2/5 5763/2/5 5764/2/5
f 5765/2/6 5766/2/6 5767/2/6 5768/2/6
f 5769/2/4 5770/2/4 5771/2/4 5772/2/4
f 5773/2/5 5774/2/5 5775/2/5 5776/2/5
f 5777/2/6 5778/2/6 5779/2/6 5780/2/6
f 5781/2/4 5782/2/4 5783/2/4 5784/2/4
f 5785/2/5 5786/2/5 5787/2/5 5788/2/5
f 5789/2/6 5790/2/6 5791/2/6 5792/2/6
f 5793/2/4 5794/2/4 5795/2/4 5796/2/4
f 5797/2/5 5798/2/5 5799/2/5 5800/2/5
f 5801/2/6 5802/2/6 5803/2/6 5804/2/6
f 5805/2/4 5806/2/4 5807/2/4 5808/2/4
f 5809/2/5 5810/2/5 5811/2/5 5812/2/5
f 5813/2/6 5814/2/6 5815/2/6 5816/2/6
f 5817/2/4 5818/2/4 5819/2/4 5820/2/4
f 5821/2/5 5822/2/5 5823/2/5 5824/2/5
f 5825/2/6 5826/2/6 5827/2/6 5828/2/6
f 5829/2/4 5830/2/4 5831/2/4 5832/2/4
f 5833/2/5 5834/2/5 5835/2/5 5836/2/5
f 5837/2/6 5838/2/6 5839/2/6 5840/2/6
f 5841/2/4 5842/2/4 5843/2/4 5844/2/4
f 5845/2/5 5846/2/5 5847/2/5 5848/2/5
f 5849/2/6 5850/2/6 5851/2/6 5852/2/6
f 5853/2/4 5854/2/4 5855/2/4 5856/2/4
f 5857/2/5 5858/2/5 5859/2/5 5860/2/5
f 5861/2/6 5862/2/6 5863/2/6 5864/2/6
f 5865/2/4 5866/2/4 5867/2/4 5868/2/4
f 5869/2/5 5870/2/5 5871/2/5 5872/2/5
f 5873/2/6 5874/2/6 5875/2/6 5876/2/6
f 5877/2/4 5878/2/4 5879/2/4 5880/2/4
f 5881/2/5 5882/2/5 5883/2/5 5884/2/5
f 5885/2/6 5886/2/6 5887/2/6 5888/2/6
f 5889/2/4 5890/2/4 5891/2/4 5892/2/4
f 5893/2/5 5894/2/5 5895/2/5 5896/2/5
f 5897/2/6 5898/2/6 5899/2/6 5900/2/6
f 5901/2/4 5902/2/4 5903/2/4 5904/2/4
f 5905/2/5 5906/2/5 5907/2/5 5908/2/5
f 5909/2/6 5910/2/6 5911/2/6 5912/2/6
f 5913/2/2 5914/2/2 5915/2/2 5916/2/2
f 5917/2/4 5918/2/4 5919/2/4 5920/2/4
f 5921/2/5 5922/2/5 5923/2/5 5924/2/5
f 5925/2/6 5926/2/6 5927/2/6 5928/2/6

