# generated by vox_to_obj_exporter
# scale=0.1 center=true ground=true y_up=false

mtllib Shape_3_232.mtl
usemtl palette

# normals
vn -1 0 0
vn 1 0 0
vn 0 0 1
vn 0 0 -1
vn 0 -1 0
vn 0 1 0

# texcoords
vt 0.666015625 0.5
vt 0.537109375 0.5
vt 0.369140625 0.5
vt 0.642578125 0.5
vt 0.677734375 0.5
vt 0.509765625 0.5
vt 0.533203125 0.5

# verts
v -1.2 1.2 0.1
v -1.2 1.2 0
v -1.2 1.1 0
v -1.2 1.1 0.1
v -1.2 1.2 0.1
v -1.2 1.1 0.1
v -1.1 1.1 0.1
v -1.1 1.2 0.1
v -1.2 1.1 0
v -1.2 1.2 0
v -1.1 1.2 0
v -1.1 1.1 0
v -1.2 1.1 0.1
v -1.2 1.1 0
v -1.1 1.1 0
v -1.1 1.1 0.1
v -1.1 1.2 0.1
v -1.1 1.2 0
v -1.2 1.2 0
v -1.2 1.2 0.1
v -1.1 1.2 0.1
v -1.1 1.1 0.1
v -1 1.1 0.1
v -1 1.2 0.1
v -1.1 1.1 0
v -1.1 1.2 0
v -1 1.2 0
v -1 1.1 0
v -1.1 1.1 0.1
v -1.1 1.1 0
v -1 1.1 0
v -1 1.1 0.1
v -1 1.2 0.1
v -1 1.2 0
v -1.1 1.2 0
v -1.1 1.2 0.1
v -1 1.2 0.1
v -1 1.1 0.1
v -0.9 1.1 0.1
v -0.9 1.2 0.1
v -1 1.1 0
v -1 1.2 0
v -0.9 1.2 0
v -0.9 1.1 0
v -1 1.1 0.1
v -1 1.1 0
v -0.9 1.1 0
v -0.9 1.1 0.1
v -0.9 1.2 0.1
v -0.9 1.2 0
v -1 1.2 0
v -1 1.2 0.1
v -0.9 1.2 0.1
v -0.9 1.1 0.1
v -0.8 1.1 0.1
v -0.8 1.2 0.1
v -0.9 1.1 0
v -0.9 1.2 0
v -0.8 1.2 0
v -0.8 1.1 0
v -0.8 1.2 0.1
v -0.8 1.2 0
v -0.9 1.2 0
v -0.9 1.2 0.1
v -0.8 1.2 0.1
v -0.8 1.1 0.1
v -0.7 1.1 0.1
v -0.7 1.2 0.1
v -0.8 1.1 0
v -0.8 1.2 0
v -0.7 1.2 0
v -0.7 1.1 0
v -0.7 1.2 0.1
v -0.7 1.2 0
v -0.8 1.2 0
v -0.8 1.2 0.1
v -0.7 1.2 0.1
v -0.7 1.1 0.1
v -0.6 1.1 0.1
v -0.6 1.2 0.1
v -0.7 1.1 0
v -0.7 1.2 0
v -0.6 1.2 0
v -0.6 1.1 0
v -0.6 1.2 0.1
v -0.6 1.2 0
v -0.7 1.2 0
v -0.7 1.2 0.1
v -0.6 1.2 0.1
v -0.6 1.1 0.1
v -0.5 1.1 0.1
v -0.5 1.2 0.1
v -0.6 1.1 0
v -0.6 1.2 0
v -0.5 1.2 0
v -0.5 1.1 0
v -0.5 1.2 0.1
v -0.5 1.2 0
v -0.6 1.2 0
v -0.6 1.2 0.1
v -0.4 1.1 0.1
v -0.4 1.1 0
v -0.4 1.2 0
v -0.4 1.2 0.1
v -0.5 1.2 0.1
v -0.5 1.1 0.1
v -0.4 1.1 0.1
v -0.4 1.2 0.1
v -0.5 1.1 0
v -0.5 1.2 0
v -0.4 1.2 0
v -0.4 1.1 0
v -0.4 1.2 0.1
v -0.4 1.2 0
v -0.5 1.2 0
v -0.5 1.2 0.1
v -0.4 1.2 0.2
v -0.4 1.2 0.1
v -0.4 1.1 0.1
v -0.4 1.1 0.2
v -0.3 1.1 0.2
v -0.3 1.1 0.1
v -0.3 1.2 0.1
v -0.3 1.2 0.2
v -0.4 1.2 0.2
v -0.4 1.1 0.2
v -0.3 1.1 0.2
v -0.3 1.2 0.2
v -0.4 1.1 0.1
v -0.4 1.2 0.1
v -0.3 1.2 0.1
v -0.3 1.1 0.1
v -0.4 1.1 0.2
v -0.4 1.1 0.1
v -0.3 1.1 0.1
v -0.3 1.1 0.2
v -0.3 1.2 0.2
v -0.3 1.2 0.1
v -0.4 1.2 0.1
v -0.4 1.2 0.2
v -0.3 1.2 0.1
v -0.3 1.2 0
v -0.3 1.1 0
v -0.3 1.1 0.1
v -0.3 1.2 0.1
v -0.3 1.1 0.1
v -0.2 1.1 0.1
v -0.2 1.2 0.1
v -0.3 1.1 0
v -0.3 1.2 0
v -0.2 1.2 0
v -0.2 1.1 0
v -0.2 1.2 0.1
v -0.2 1.2 0
v -0.3 1.2 0
v -0.3 1.2 0.1
v -0.2 1.2 0.1
v -0.2 1.1 0.1
v -0.1 1.1 0.1
v -0.1 1.2 0.1
v -0.2 1.1 0
v -0.2 1.2 0
v -0.1 1.2 0
v -0.1 1.1 0
v -0.1 1.2 0.1
v -0.1 1.2 0
v -0.2 1.2 0
v -0.2 1.2 0.1
v -0.1 1.2 0.1
v -0.1 1.1 0.1
v 0 1.1 0.1
v 0 1.2 0.1
v -0.1 1.1 0
v -0.1 1.2 0
v 0 1.2 0
v 0 1.1 0
v 0 1.2 0.1
v 0 1.2 0
v -0.1 1.2 0
v -0.1 1.2 0.1
v 0 1.2 0.1
v 0 1.1 0.1
v 0.1 1.1 0.1
v 0.1 1.2 0.1
v 0 1.1 0
v 0 1.2 0
v 0.1 1.2 0
v 0.1 1.1 0
v 0.1 1.2 0.1
v 0.1 1.2 0
v 0 1.2 0
v 0 1.2 0.1
v 0.2 1.1 0.1
v 0.2 1.1 0
v 0.2 1.2 0
v 0.2 1.2 0.1
v 0.1 1.2 0.1
v 0.1 1.1 0.1
v 0.2 1.1 0.1
v 0.2 1.2 0.1
v 0.1 1.1 0
v 0.1 1.2 0
v 0.2 1.2 0
v 0.2 1.1 0
v 0.2 1.2 0.1
v 0.2 1.2 0
v 0.1 1.2 0
v 0.1 1.2 0.1
v 0.2 1.2 0.2
v 0.2 1.2 0.1
v 0.2 1.1 0.1
v 0.2 1.1 0.2
v 0.3 1.1 0.2
v 0.3 1.1 0.1
v 0.3 1.2 0.1
v 0.3 1.2 0.2
v 0.2 1.2 0.2
v 0.2 1.1 0.2
v 0.3 1.1 0.2
v 0.3 1.2 0.2
v 0.2 1.1 0.1
v 0.2 1.2 0.1
v 0.3 1.2 0.1
v 0.3 1.1 0.1
v 0.2 1.1 0.2
v 0.2 1.1 0.1
v 0.3 1.1 0.1
v 0.3 1.1 0.2
v 0.3 1.2 0.2
v 0.3 1.2 0.1
v 0.2 1.2 0.1
v 0.2 1.2 0.2
v 0.3 1.2 0.1
v 0.3 1.2 0
v 0.3 1.1 0
v 0.3 1.1 0.1
v 0.3 1.2 0.1
v 0.3 1.1 0.1
v 0.4 1.1 0.1
v 0.4 1.2 0.1
v 0.3 1.1 0
v 0.3 1.2 0
v 0.4 1.2 0
v 0.4 1.1 0
v 0.4 1.2 0.1
v 0.4 1.2 0
v 0.3 1.2 0
v 0.3 1.2 0.1
v 0.4 1.2 0.1
v 0.4 1.1 0.1
v 0.5 1.1 0.1
v 0.5 1.2 0.1
v 0.4 1.1 0
v 0.4 1.2 0
v 0.5 1.2 0
v 0.5 1.1 0
v 0.5 1.2 0.1
v 0.5 1.2 0
v 0.4 1.2 0
v 0.4 1.2 0.1
v 0.5 1.2 0.1
v 0.5 1.1 0.1
v 0.6 1.1 0.1
v 0.6 1.2 0.1
v 0.5 1.1 0
v 0.5 1.2 0
v 0.6 1.2 0
v 0.6 1.1 0
v 0.6 1.2 0.1
v 0.6 1.2 0
v 0.5 1.2 0
v 0.5 1.2 0.1
v 0.6 1.2 0.1
v 0.6 1.1 0.1
v 0.7 1.1 0.1
v 0.7 1.2 0.1
v 0.6 1.1 0
v 0.6 1.2 0
v 0.7 1.2 0
v 0.7 1.1 0
v 0.6 1.1 0.1
v 0.6 1.1 0
v 0.7 1.1 0
v 0.7 1.1 0.1
v 0.7 1.2 0.1
v 0.7 1.2 0
v 0.6 1.2 0
v 0.6 1.2 0.1
v 0.7 1.2 0.1
v 0.7 1.1 0.1
v 0.8 1.1 0.1
v 0.8 1.2 0.1
v 0.7 1.1 0
v 0.7 1.2 0
v 0.8 1.2 0
v 0.8 1.1 0
v 0.7 1.1 0.1
v 0.7 1.1 0
v 0.8 1.1 0
v 0.8 1.1 0.1
v 0.8 1.2 0.1
v 0.8 1.2 0
v 0.7 1.2 0
v 0.7 1.2 0.1
v 0.8 1.2 0.1
v 0.8 1.1 0.1
v 0.9 1.1 0.1
v 0.9 1.2 0.1
v 0.8 1.1 0
v 0.8 1.2 0
v 0.9 1.2 0
v 0.9 1.1 0
v 0.8 1.1 0.1
v 0.8 1.1 0
v 0.9 1.1 0
v 0.9 1.1 0.1
v 0.9 1.2 0.1
v 0.9 1.2 0
v 0.8 1.2 0
v 0.8 1.2 0.1
v 0.9 1.2 0.1
v 0.9 1.1 0.1
v 1 1.1 0.1
v 1 1.2 0.1
v 0.9 1.1 0
v 0.9 1.2 0
v 1 1.2 0
v 1 1.1 0
v 0.9 1.1 0.1
v 0.9 1.1 0
v 1 1.1 0
v 1 1.1 0.1
v 1 1.2 0.1
v 1 1.2 0
v 0.9 1.2 0
v 0.9 1.2 0.1
v 1 1.2 0.1
v 1 1.1 0.1
v 1.1 1.1 0.1
v 1.1 1.2 0.1
v 1 1.1 0
v 1 1.2 0
v 1.1 1.2 0
v 1.1 1.1 0
v 1 1.1 0.1
v 1 1.1 0
v 1.1 1.1 0
v 1.1 1.1 0.1
v 1.1 1.2 0.1
v 1.1 1.2 0
v 1 1.2 0
v 1 1.2 0.1
v 1.2 1.1 0.1
v 1.2 1.1 0
v 1.2 1.2 0
v 1.2 1.2 0.1
v 1.1 1.2 0.1
v 1.1 1.1 0.1
v 1.2 1.1 0.1
v 1.2 1.2 0.1
v 1.1 1.1 0
v 1.1 1.2 0
v 1.2 1.2 0
v 1.2 1.1 0
v 1.1 1.1 0.1
v 1.1 1.1 0
v 1.2 1.1 0
v 1.2 1.1 0.1
v 1.2 1.2 0.1
v 1.2 1.2 0
v 1.1 1.2 0
v 1.1 1.2 0.1
v -1.2 1.1 0.4
v -1.2 1.1 0.3
v -1.2 1 0.3
v -1.2 1 0.4
v -1.2 1.1 0.4
v -1.2 1 0.4
v -1.1 1 0.4
v -1.1 1.1 0.4
v -1.2 1 0.3
v -1.2 1.1 0.3
v -1.1 1.1 0.3
v -1.1 1 0.3
v -1.1 1.1 0.4
v -1.1 1.1 0.3
v -1.2 1.1 0.3
v -1.2 1.1 0.4
v -1.1 1.1 0.4
v -1.1 1 0.4
v -1 1 0.4
v -1 1.1 0.4
v -1.1 1 0.3
v -1.1 1.1 0.3
v -1 1.1 0.3
v -1 1 0.3
v -1 1.1 0.4
v -1 1.1 0.3
v -1.1 1.1 0.3
v -1.1 1.1 0.4
v -0.9 1 0.4
v -0.9 1 0.3
v -0.9 1.1 0.3
v -0.9 1.1 0.4
v -1 1.1 0.4
v -1 1 0.4
v -0.9 1 0.4
v -0.9 1.1 0.4
v -1 1 0.3
v -1 1.1 0.3
v -0.9 1.1 0.3
v -0.9 1 0.3
v -0.9 1.1 0.4
v -0.9 1.1 0.3
v -1 1.1 0.3
v -1 1.1 0.4
v -0.9 1.1 0.1
v -0.9 1.1 0
v -0.9 1 0
v -0.9 1 0.1
v -0.9 1.1 0.1
v -0.9 1 0.1
v -0.8 1 0.1
v -0.8 1.1 0.1
v -0.9 1 0
v -0.9 1.1 0
v -0.8 1.1 0
v -0.8 1 0
v -0.9 1 0.1
v -0.9 1 0
v -0.8 1 0
v -0.8 1 0.1
v -0.8 1.1 0.1
v -0.8 1 0.1
v -0.7 1 0.1
v -0.7 1.1 0.1
v -0.8 1 0
v -0.8 1.1 0
v -0.7 1.1 0
v -0.7 1 0
v -0.8 1 0.1
v -0.8 1 0
v -0.7 1 0
v -0.7 1 0.1
v -0.7 1.1 0.1
v -0.7 1 0.1
v -0.6 1 0.1
v -0.6 1.1 0.1
v -0.7 1 0
v -0.7 1.1 0
v -0.6 1.1 0
v -0.6 1 0
v -0.6 1.1 0.1
v -0.6 1 0.1
v -0.5 1 0.1
v -0.5 1.1 0.1
v -0.6 1 0
v -0.6 1.1 0
v -0.5 1.1 0
v -0.5 1 0
v -0.5 1.1 0.1
v -0.5 1 0.1
v -0.4 1 0.1
v -0.4 1.1 0.1
v -0.5 1 0
v -0.5 1.1 0
v -0.4 1.1 0
v -0.4 1 0
v -0.4 1.1 0.1
v -0.4 1 0.1
v -0.3 1 0.1
v -0.3 1.1 0.1
v -0.4 1 0
v -0.4 1.1 0
v -0.3 1.1 0
v -0.3 1 0
v -0.3 1.1 0.1
v -0.3 1.1 0
v -0.4 1.1 0
v -0.4 1.1 0.1
v -0.3 1.1 0.1
v -0.3 1 0.1
v -0.2 1 0.1
v -0.2 1.1 0.1
v -0.3 1 0
v -0.3 1.1 0
v -0.2 1.1 0
v -0.2 1 0
v -0.2 1.1 0.1
v -0.2 1 0.1
v -0.1 1 0.1
v -0.1 1.1 0.1
v -0.2 1 0
v -0.2 1.1 0
v -0.1 1.1 0
v -0.1 1 0
v -0.1 1.1 0.1
v -0.1 1 0.1
v 0 1 0.1
v 0 1.1 0.1
v -0.1 1 0
v -0.1 1.1 0
v 0 1.1 0
v 0 1 0
v 0 1.1 0.1
v 0 1 0.1
v 0.1 1 0.1
v 0.1 1.1 0.1
v 0 1 0
v 0 1.1 0
v 0.1 1.1 0
v 0.1 1 0
v 0.1 1.1 0.1
v 0.1 1 0.1
v 0.2 1 0.1
v 0.2 1.1 0.1
v 0.1 1 0
v 0.1 1.1 0
v 0.2 1.1 0
v 0.2 1 0
v 0.2 1.1 0.1
v 0.2 1 0.1
v 0.3 1 0.1
v 0.3 1.1 0.1
v 0.2 1 0
v 0.2 1.1 0
v 0.3 1.1 0
v 0.3 1 0
v 0.3 1.1 0.1
v 0.3 1.1 0
v 0.2 1.1 0
v 0.2 1.1 0.1
v 0.3 1.1 0.1
v 0.3 1 0.1
v 0.4 1 0.1
v 0.4 1.1 0.1
v 0.3 1 0
v 0.3 1.1 0
v 0.4 1.1 0
v 0.4 1 0
v 0.4 1.1 0.1
v 0.4 1 0.1
v 0.5 1 0.1
v 0.5 1.1 0.1
v 0.4 1 0
v 0.4 1.1 0
v 0.5 1.1 0
v 0.5 1 0
v 0.4 1 0.1
v 0.4 1 0
v 0.5 1 0
v 0.5 1 0.1
v 0.6 1 0.1
v 0.6 1 0
v 0.6 1.1 0
v 0.6 1.1 0.1
v 0.5 1.1 0.1
v 0.5 1 0.1
v 0.6 1 0.1
v 0.6 1.1 0.1
v 0.5 1 0
v 0.5 1.1 0
v 0.6 1.1 0
v 0.6 1 0
v 0.5 1 0.1
v 0.5 1 0
v 0.6 1 0
v 0.6 1 0.1
v 0.6 1.1 0.4
v 0.6 1.1 0.3
v 0.6 1 0.3
v 0.6 1 0.4
v 0.6 1.1 0.4
v 0.6 1 0.4
v 0.7 1 0.4
v 0.7 1.1 0.4
v 0.6 1 0.3
v 0.6 1.1 0.3
v 0.7 1.1 0.3
v 0.7 1 0.3
v 0.7 1.1 0.4
v 0.7 1.1 0.3
v 0.6 1.1 0.3
v 0.6 1.1 0.4
v 0.7 1.1 0.4
v 0.7 1 0.4
v 0.8 1 0.4
v 0.8 1.1 0.4
v 0.7 1 0.3
v 0.7 1.1 0.3
v 0.8 1.1 0.3
v 0.8 1 0.3
v 0.8 1.1 0.4
v 0.8 1.1 0.3
v 0.7 1.1 0.3
v 0.7 1.1 0.4
v 0.8 1.1 0.4
v 0.8 1 0.4
v 0.9 1 0.4
v 0.9 1.1 0.4
v 0.8 1 0.3
v 0.8 1.1 0.3
v 0.9 1.1 0.3
v 0.9 1 0.3
v 0.9 1.1 0.4
v 0.9 1.1 0.3
v 0.8 1.1 0.3
v 0.8 1.1 0.4
v 0.9 1.1 0.4
v 0.9 1 0.4
v 1 1 0.4
v 1 1.1 0.4
v 0.9 1 0.3
v 0.9 1.1 0.3
v 1 1.1 0.3
v 1 1 0.3
v 1 1.1 0.4
v 1 1.1 0.3
v 0.9 1.1 0.3
v 0.9 1.1 0.4
v 1 1.1 0.4
v 1 1 0.4
v 1.1 1 0.4
v 1.1 1.1 0.4
v 1 1 0.3
v 1 1.1 0.3
v 1.1 1.1 0.3
v 1.1 1 0.3
v 1.1 1.1 0.4
v 1.1 1.1 0.3
v 1 1.1 0.3
v 1 1.1 0.4
v 1.2 1 0.4
v 1.2 1 0.3
v 1.2 1.1 0.3
v 1.2 1.1 0.4
v 1.1 1.1 0.4
v 1.1 1 0.4
v 1.2 1 0.4
v 1.2 1.1 0.4
v 1.1 1 0.3
v 1.1 1.1 0.3
v 1.2 1.1 0.3
v 1.2 1 0.3
v 1.2 1.1 0.4
v 1.2 1.1 0.3
v 1.1 1.1 0.3
v 1.1 1.1 0.4
v -1.2 1 0.4
v -1.2 1 0.3
v -1.2 0.9 0.3
v -1.2 0.9 0.4
v -1.2 1 0.4
v -1.2 0.9 0.4
v -1.1 0.9 0.4
v -1.1 1 0.4
v -1.2 0.9 0.3
v -1.2 1 0.3
v -1.1 1 0.3
v -1.1 0.9 0.3
v -1.1 1 0.4
v -1.1 0.9 0.4
v -1 0.9 0.4
v -1 1 0.4
v -1.1 0.9 0.3
v -1.1 1 0.3
v -1 1 0.3
v -1 0.9 0.3
v -1 1 0.4
v -1 0.9 0.4
v -0.9 0.9 0.4
v -0.9 1 0.4
v -1 0.9 0.3
v -1 1 0.3
v -0.9 1 0.3
v -0.9 0.9 0.3
v -0.9 1 0.4
v -0.9 0.9 0.4
v -0.8 0.9 0.4
v -0.8 1 0.4
v -0.9 0.9 0.3
v -0.9 1 0.3
v -0.8 1 0.3
v -0.8 0.9 0.3
v -0.9 0.9 0.4
v -0.9 0.9 0.3
v -0.8 0.9 0.3
v -0.8 0.9 0.4
v -0.8 1 0.4
v -0.8 1 0.3
v -0.9 1 0.3
v -0.9 1 0.4
v -0.7 0.9 0.4
v -0.7 0.9 0.3
v -0.7 1 0.3
v -0.7 1 0.4
v -0.8 1 0.4
v -0.8 0.9 0.4
v -0.7 0.9 0.4
v -0.7 1 0.4
v -0.8 0.9 0.3
v -0.8 1 0.3
v -0.7 1 0.3
v -0.7 0.9 0.3
v -0.8 0.9 0.4
v -0.8 0.9 0.3
v -0.7 0.9 0.3
v -0.7 0.9 0.4
v -0.7 1 0.4
v -0.7 1 0.3
v -0.8 1 0.3
v -0.8 1 0.4
v -0.7 1 0.1
v -0.7 1 0
v -0.7 0.9 0
v -0.7 0.9 0.1
v -0.7 1 0.1
v -0.7 0.9 0.1
v -0.6 0.9 0.1
v -0.6 1 0.1
v -0.7 0.9 0
v -0.7 1 0
v -0.6 1 0
v -0.6 0.9 0
v -0.6 1 0.1
v -0.6 0.9 0.1
v -0.5 0.9 0.1
v -0.5 1 0.1
v -0.6 0.9 0
v -0.6 1 0
v -0.5 1 0
v -0.5 0.9 0
v -0.5 1 0.1
v -0.5 0.9 0.1
v -0.4 0.9 0.1
v -0.4 1 0.1
v -0.5 0.9 0
v -0.5 1 0
v -0.4 1 0
v -0.4 0.9 0
v -0.4 1 0.1
v -0.4 0.9 0.1
v -0.3 0.9 0.1
v -0.3 1 0.1
v -0.4 0.9 0
v -0.4 1 0
v -0.3 1 0
v -0.3 0.9 0
v -0.4 0.9 0.1
v -0.4 0.9 0
v -0.3 0.9 0
v -0.3 0.9 0.1
v -0.3 1 0.1
v -0.3 0.9 0.1
v -0.2 0.9 0.1
v -0.2 1 0.1
v -0.3 0.9 0
v -0.3 1 0
v -0.2 1 0
v -0.2 0.9 0
v -0.2 1 0.1
v -0.2 0.9 0.1
v -0.1 0.9 0.1
v -0.1 1 0.1
v -0.2 0.9 0
v -0.2 1 0
v -0.1 1 0
v -0.1 0.9 0
v -0.1 1 0.1
v -0.1 0.9 0.1
v 0 0.9 0.1
v 0 1 0.1
v -0.1 0.9 0
v -0.1 1 0
v 0 1 0
v 0 0.9 0
v 0 1 0.1
v 0 0.9 0.1
v 0.1 0.9 0.1
v 0.1 1 0.1
v 0 0.9 0
v 0 1 0
v 0.1 1 0
v 0.1 0.9 0
v 0.1 1 0.1
v 0.1 0.9 0.1
v 0.2 0.9 0.1
v 0.2 1 0.1
v 0.1 0.9 0
v 0.1 1 0
v 0.2 1 0
v 0.2 0.9 0
v 0.2 1 0.1
v 0.2 0.9 0.1
v 0.3 0.9 0.1
v 0.3 1 0.1
v 0.2 0.9 0
v 0.2 1 0
v 0.3 1 0
v 0.3 0.9 0
v 0.4 0.9 0.1
v 0.4 0.9 0
v 0.4 1 0
v 0.4 1 0.1
v 0.3 1 0.1
v 0.3 0.9 0.1
v 0.4 0.9 0.1
v 0.4 1 0.1
v 0.3 0.9 0
v 0.3 1 0
v 0.4 1 0
v 0.4 0.9 0
v 0.4 1 0.4
v 0.4 1 0.3
v 0.4 0.9 0.3
v 0.4 0.9 0.4
v 0.4 1 0.4
v 0.4 0.9 0.4
v 0.5 0.9 0.4
v 0.5 1 0.4
v 0.4 0.9 0.3
v 0.4 1 0.3
v 0.5 1 0.3
v 0.5 0.9 0.3
v 0.4 0.9 0.4
v 0.4 0.9 0.3
v 0.5 0.9 0.3
v 0.5 0.9 0.4
v 0.5 1 0.4
v 0.5 1 0.3
v 0.4 1 0.3
v 0.4 1 0.4
v 0.5 1 0.4
v 0.5 0.9 0.4
v 0.6 0.9 0.4
v 0.6 1 0.4
v 0.5 0.9 0.3
v 0.5 1 0.3
v 0.6 1 0.3
v 0.6 0.9 0.3
v 0.6 1 0.4
v 0.6 1 0.3
v 0.5 1 0.3
v 0.5 1 0.4
v 0.6 1 0.4
v 0.6 0.9 0.4
v 0.7 0.9 0.4
v 0.7 1 0.4
v 0.6 0.9 0.3
v 0.6 1 0.3
v 0.7 1 0.3
v 0.7 0.9 0.3
v 0.7 1 0.4
v 0.7 0.9 0.4
v 0.8 0.9 0.4
v 0.8 1 0.4
v 0.7 0.9 0.3
v 0.7 1 0.3
v 0.8 1 0.3
v 0.8 0.9 0.3
v 0.8 1 0.4
v 0.8 0.9 0.4
v 0.9 0.9 0.4
v 0.9 1 0.4
v 0.8 0.9 0.3
v 0.8 1 0.3
v 0.9 1 0.3
v 0.9 0.9 0.3
v 0.9 1 0.4
v 0.9 0.9 0.4
v 1 0.9 0.4
v 1 1 0.4
v 0.9 0.9 0.3
v 0.9 1 0.3
v 1 1 0.3
v 1 0.9 0.3
v 1 1 0.4
v 1 0.9 0.4
v 1.1 0.9 0.4
v 1.1 1 0.4
v 1 0.9 0.3
v 1 1 0.3
v 1.1 1 0.3
v 1.1 0.9 0.3
v 1.2 0.9 0.4
v 1.2 0.9 0.3
v 1.2 1 0.3
v 1.2 1 0.4
v 1.1 1 0.4
v 1.1 0.9 0.4
v 1.2 0.9 0.4
v 1.2 1 0.4
v 1.1 0.9 0.3
v 1.1 1 0.3
v 1.2 1 0.3
v 1.2 0.9 0.3
v -1.2 0.9 0.4
v -1.2 0.9 0.3
v -1.2 0.8 0.3
v -1.2 0.8 0.4
v -1.2 0.9 0.4
v -1.2 0.8 0.4
v -1.1 0.8 0.4
v -1.1 0.9 0.4
v -1.2 0.8 0.3
v -1.2 0.9 0.3
v -1.1 0.9 0.3
v -1.1 0.8 0.3
v -1.1 0.9 0.4
v -1.1 0.8 0.4
v -1 0.8 0.4
v -1 0.9 0.4
v -1.1 0.8 0.3
v -1.1 0.9 0.3
v -1 0.9 0.3
v -1 0.8 0.3
v -0.9 0.8 0.4
v -0.9 0.8 0.3
v -0.9 0.9 0.3
v -0.9 0.9 0.4
v -1 0.9 0.4
v -1 0.8 0.4
v -0.9 0.8 0.4
v -0.9 0.9 0.4
v -1 0.8 0.3
v -1 0.9 0.3
v -0.9 0.9 0.3
v -0.9 0.8 0.3
v -0.9 0.9 0.1
v -0.9 0.9 0
v -0.9 0.8 0
v -0.9 0.8 0.1
v -0.9 0.9 0.1
v -0.9 0.8 0.1
v -0.8 0.8 0.1
v -0.8 0.9 0.1
v -0.9 0.8 0
v -0.9 0.9 0
v -0.8 0.9 0
v -0.8 0.8 0
v -0.9 0.8 0.1
v -0.9 0.8 0
v -0.8 0.8 0
v -0.8 0.8 0.1
v -0.8 0.9 0.1
v -0.8 0.9 0
v -0.9 0.9 0
v -0.9 0.9 0.1
v -0.8 0.9 0.1
v -0.8 0.8 0.1
v -0.7 0.8 0.1
v -0.7 0.9 0.1
v -0.8 0.8 0
v -0.8 0.9 0
v -0.7 0.9 0
v -0.7 0.8 0
v -0.8 0.8 0.1
v -0.8 0.8 0
v -0.7 0.8 0
v -0.7 0.8 0.1
v -0.7 0.9 0.1
v -0.7 0.9 0
v -0.8 0.9 0
v -0.8 0.9 0.1
v -0.7 0.9 0.1
v -0.7 0.8 0.1
v -0.6 0.8 0.1
v -0.6 0.9 0.1
v -0.7 0.8 0
v -0.7 0.9 0
v -0.6 0.9 0
v -0.6 0.8 0
v -0.7 0.8 0.1
v -0.7 0.8 0
v -0.6 0.8 0
v -0.6 0.8 0.1
v -0.6 0.9 0.1
v -0.6 0.8 0.1
v -0.5 0.8 0.1
v -0.5 0.9 0.1
v -0.6 0.8 0
v -0.6 0.9 0
v -0.5 0.9 0
v -0.5 0.8 0
v -0.4 0.8 0.1
v -0.4 0.8 0
v -0.4 0.9 0
v -0.4 0.9 0.1
v -0.5 0.9 0.1
v -0.5 0.8 0.1
v -0.4 0.8 0.1
v -0.4 0.9 0.1
v -0.5 0.8 0
v -0.5 0.9 0
v -0.4 0.9 0
v -0.4 0.8 0
v -0.4 0.9 0.2
v -0.4 0.9 0.1
v -0.4 0.8 0.1
v -0.4 0.8 0.2
v -0.3 0.8 0.2
v -0.3 0.8 0.1
v -0.3 0.9 0.1
v -0.3 0.9 0.2
v -0.4 0.9 0.2
v -0.4 0.8 0.2
v -0.3 0.8 0.2
v -0.3 0.9 0.2
v -0.4 0.8 0.1
v -0.4 0.9 0.1
v -0.3 0.9 0.1
v -0.3 0.8 0.1
v -0.4 0.8 0.2
v -0.4 0.8 0.1
v -0.3 0.8 0.1
v -0.3 0.8 0.2
v -0.3 0.9 0.2
v -0.3 0.9 0.1
v -0.4 0.9 0.1
v -0.4 0.9 0.2
v -0.3 0.9 0.1
v -0.3 0.9 0
v -0.3 0.8 0
v -0.3 0.8 0.1
v -0.3 0.9 0.1
v -0.3 0.8 0.1
v -0.2 0.8 0.1
v -0.2 0.9 0.1
v -0.3 0.8 0
v -0.3 0.9 0
v -0.2 0.9 0
v -0.2 0.8 0
v -0.2 0.9 0.1
v -0.2 0.8 0.1
v -0.1 0.8 0.1
v -0.1 0.9 0.1
v -0.2 0.8 0
v -0.2 0.9 0
v -0.1 0.9 0
v -0.1 0.8 0
v -0.1 0.9 0.1
v -0.1 0.8 0.1
v 0 0.8 0.1
v 0 0.9 0.1
v -0.1 0.8 0
v -0.1 0.9 0
v 0 0.9 0
v 0 0.8 0
v 0 0.9 0.1
v 0 0.8 0.1
v 0.1 0.8 0.1
v 0.1 0.9 0.1
v 0 0.8 0
v 0 0.9 0
v 0.1 0.9 0
v 0.1 0.8 0
v 0.1 0.9 0.1
v 0.1 0.8 0.1
v 0.2 0.8 0.1
v 0.2 0.9 0.1
v 0.1 0.8 0
v 0.1 0.9 0
v 0.2 0.9 0
v 0.2 0.8 0
v 0.2 0.9 0.1
v 0.2 0.8 0.1
v 0.3 0.8 0.1
v 0.3 0.9 0.1
v 0.2 0.8 0
v 0.2 0.9 0
v 0.3 0.9 0
v 0.3 0.8 0
v 0.3 0.9 0.1
v 0.3 0.8 0.1
v 0.4 0.8 0.1
v 0.4 0.9 0.1
v 0.3 0.8 0
v 0.3 0.9 0
v 0.4 0.9 0
v 0.4 0.8 0
v 0.5 0.8 0.1
v 0.5 0.8 0
v 0.5 0.9 0
v 0.5 0.9 0.1
v 0.4 0.9 0.1
v 0.4 0.8 0.1
v 0.5 0.8 0.1
v 0.5 0.9 0.1
v 0.4 0.8 0
v 0.4 0.9 0
v 0.5 0.9 0
v 0.5 0.8 0
v 0.4 0.8 0.1
v 0.4 0.8 0
v 0.5 0.8 0
v 0.5 0.8 0.1
v 0.5 0.9 0.1
v 0.5 0.9 0
v 0.4 0.9 0
v 0.4 0.9 0.1
v 0.5 0.9 0.4
v 0.5 0.9 0.3
v 0.5 0.8 0.3
v 0.5 0.8 0.4
v 0.5 0.9 0.4
v 0.5 0.8 0.4
v 0.6 0.8 0.4
v 0.6 0.9 0.4
v 0.5 0.8 0.3
v 0.5 0.9 0.3
v 0.6 0.9 0.3
v 0.6 0.8 0.3
v 0.6 0.9 0.4
v 0.6 0.8 0.4
v 0.7 0.8 0.4
v 0.7 0.9 0.4
v 0.6 0.8 0.3
v 0.6 0.9 0.3
v 0.7 0.9 0.3
v 0.7 0.8 0.3
v 0.7 0.9 0.4
v 0.7 0.8 0.4
v 0.8 0.8 0.4
v 0.8 0.9 0.4
v 0.7 0.8 0.3
v 0.7 0.9 0.3
v 0.8 0.9 0.3
v 0.8 0.8 0.3
v 0.8 0.9 0.4
v 0.8 0.8 0.4
v 0.9 0.8 0.4
v 0.9 0.9 0.4
v 0.8 0.8 0.3
v 0.8 0.9 0.3
v 0.9 0.9 0.3
v 0.9 0.8 0.3
v 0.9 0.9 0.4
v 0.9 0.8 0.4
v 1 0.8 0.4
v 1 0.9 0.4
v 0.9 0.8 0.3
v 0.9 0.9 0.3
v 1 0.9 0.3
v 1 0.8 0.3
v 1 0.9 0.4
v 1 0.8 0.4
v 1.1 0.8 0.4
v 1.1 0.9 0.4
v 1 0.8 0.3
v 1 0.9 0.3
v 1.1 0.9 0.3
v 1.1 0.8 0.3
v 1.2 0.8 0.4
v 1.2 0.8 0.3
v 1.2 0.9 0.3
v 1.2 0.9 0.4
v 1.1 0.9 0.4
v 1.1 0.8 0.4
v 1.2 0.8 0.4
v 1.2 0.9 0.4
v 1.1 0.8 0.3
v 1.1 0.9 0.3
v 1.2 0.9 0.3
v 1.2 0.8 0.3
v -1.2 0.8 0.4
v -1.2 0.8 0.3
v -1.2 0.7 0.3
v -1.2 0.7 0.4
v -1.2 0.8 0.4
v -1.2 0.7 0.4
v -1.1 0.7 0.4
v -1.1 0.8 0.4
v -1.2 0.7 0.3
v -1.2 0.8 0.3
v -1.1 0.8 0.3
v -1.1 0.7 0.3
v -1.1 0.8 0.4
v -1.1 0.7 0.4
v -1 0.7 0.4
v -1 0.8 0.4
v -1.1 0.7 0.3
v -1.1 0.8 0.3
v -1 0.8 0.3
v -1 0.7 0.3
v -1 0.8 0.4
v -1 0.7 0.4
v -0.9 0.7 0.4
v -0.9 0.8 0.4
v -1 0.7 0.3
v -1 0.8 0.3
v -0.9 0.8 0.3
v -0.9 0.7 0.3
v -0.9 0.8 0.4
v -0.9 0.7 0.4
v -0.8 0.7 0.4
v -0.8 0.8 0.4
v -0.9 0.7 0.3
v -0.9 0.8 0.3
v -0.8 0.8 0.3
v -0.8 0.7 0.3
v -0.8 0.8 0.4
v -0.8 0.8 0.3
v -0.9 0.8 0.3
v -0.9 0.8 0.4
v -0.8 0.8 0.4
v -0.8 0.7 0.4
v -0.7 0.7 0.4
v -0.7 0.8 0.4
v -0.8 0.7 0.3
v -0.8 0.8 0.3
v -0.7 0.8 0.3
v -0.7 0.7 0.3
v -0.7 0.8 0.4
v -0.7 0.8 0.3
v -0.8 0.8 0.3
v -0.8 0.8 0.4
v -0.6 0.7 0.4
v -0.6 0.7 0.3
v -0.6 0.8 0.3
v -0.6 0.8 0.4
v -0.7 0.8 0.4
v -0.7 0.7 0.4
v -0.6 0.7 0.4
v -0.6 0.8 0.4
v -0.7 0.7 0.3
v -0.7 0.8 0.3
v -0.6 0.8 0.3
v -0.6 0.7 0.3
v -0.7 0.7 0.4
v -0.7 0.7 0.3
v -0.6 0.7 0.3
v -0.6 0.7 0.4
v -0.6 0.8 0.4
v -0.6 0.8 0.3
v -0.7 0.8 0.3
v -0.7 0.8 0.4
v -0.6 0.8 0.1
v -0.6 0.8 0
v -0.6 0.7 0
v -0.6 0.7 0.1
v -0.6 0.8 0.1
v -0.6 0.7 0.1
v -0.5 0.7 0.1
v -0.5 0.8 0.1
v -0.6 0.7 0
v -0.6 0.8 0
v -0.5 0.8 0
v -0.5 0.7 0
v -0.5 0.8 0.1
v -0.5 0.7 0.1
v -0.4 0.7 0.1
v -0.4 0.8 0.1
v -0.5 0.7 0
v -0.5 0.8 0
v -0.4 0.8 0
v -0.4 0.7 0
v -0.4 0.8 0.1
v -0.4 0.7 0.1
v -0.3 0.7 0.1
v -0.3 0.8 0.1
v -0.4 0.7 0
v -0.4 0.8 0
v -0.3 0.8 0
v -0.3 0.7 0
v -0.3 0.8 0.1
v -0.3 0.8 0
v -0.4 0.8 0
v -0.4 0.8 0.1
v -0.3 0.8 0.1
v -0.3 0.7 0.1
v -0.2 0.7 0.1
v -0.2 0.8 0.1
v -0.3 0.7 0
v -0.3 0.8 0
v -0.2 0.8 0
v -0.2 0.7 0
v -0.2 0.8 0.1
v -0.2 0.7 0.1
v -0.1 0.7 0.1
v -0.1 0.8 0.1
v -0.2 0.7 0
v -0.2 0.8 0
v -0.1 0.8 0
v -0.1 0.7 0
v -0.1 0.8 0.1
v -0.1 0.7 0.1
v 0 0.7 0.1
v 0 0.8 0.1
v -0.1 0.7 0
v -0.1 0.8 0
v 0 0.8 0
v 0 0.7 0
v 0 0.8 0.1
v 0 0.7 0.1
v 0.1 0.7 0.1
v 0.1 0.8 0.1
v 0 0.7 0
v 0 0.8 0
v 0.1 0.8 0
v 0.1 0.7 0
v 0.1 0.8 0.1
v 0.1 0.7 0.1
v 0.2 0.7 0.1
v 0.2 0.8 0.1
v 0.1 0.7 0
v 0.1 0.8 0
v 0.2 0.8 0
v 0.2 0.7 0
v 0.2 0.8 0.1
v 0.2 0.7 0.1
v 0.3 0.7 0.1
v 0.3 0.8 0.1
v 0.2 0.7 0
v 0.2 0.8 0
v 0.3 0.8 0
v 0.3 0.7 0
v 0.2 0.7 0.1
v 0.2 0.7 0
v 0.3 0.7 0
v 0.3 0.7 0.1
v 0.4 0.7 0.1
v 0.4 0.7 0
v 0.4 0.8 0
v 0.4 0.8 0.1
v 0.3 0.8 0.1
v 0.3 0.7 0.1
v 0.4 0.7 0.1
v 0.4 0.8 0.1
v 0.3 0.7 0
v 0.3 0.8 0
v 0.4 0.8 0
v 0.4 0.7 0
v 0.3 0.7 0.1
v 0.3 0.7 0
v 0.4 0.7 0
v 0.4 0.7 0.1
v 0.4 0.8 0.4
v 0.4 0.8 0.3
v 0.4 0.7 0.3
v 0.4 0.7 0.4
v 0.4 0.8 0.4
v 0.4 0.7 0.4
v 0.5 0.7 0.4
v 0.5 0.8 0.4
v 0.4 0.7 0.3
v 0.4 0.8 0.3
v 0.5 0.8 0.3
v 0.5 0.7 0.3
v 0.5 0.8 0.4
v 0.5 0.8 0.3
v 0.4 0.8 0.3
v 0.4 0.8 0.4
v 0.5 0.8 0.4
v 0.5 0.7 0.4
v 0.6 0.7 0.4
v 0.6 0.8 0.4
v 0.5 0.7 0.3
v 0.5 0.8 0.3
v 0.6 0.8 0.3
v 0.6 0.7 0.3
v 0.6 0.8 0.4
v 0.6 0.7 0.4
v 0.7 0.7 0.4
v 0.7 0.8 0.4
v 0.6 0.7 0.3
v 0.6 0.8 0.3
v 0.7 0.8 0.3
v 0.7 0.7 0.3
v 0.7 0.8 0.4
v 0.7 0.7 0.4
v 0.8 0.7 0.4
v 0.8 0.8 0.4
v 0.7 0.7 0.3
v 0.7 0.8 0.3
v 0.8 0.8 0.3
v 0.8 0.7 0.3
v 0.8 0.8 0.4
v 0.8 0.7 0.4
v 0.9 0.7 0.4
v 0.9 0.8 0.4
v 0.8 0.7 0.3
v 0.8 0.8 0.3
v 0.9 0.8 0.3
v 0.9 0.7 0.3
v 0.9 0.8 0.4
v 0.9 0.7 0.4
v 1 0.7 0.4
v 1 0.8 0.4
v 0.9 0.7 0.3
v 0.9 0.8 0.3
v 1 0.8 0.3
v 1 0.7 0.3
v 1 0.8 0.4
v 1 0.7 0.4
v 1.1 0.7 0.4
v 1.1 0.8 0.4
v 1 0.7 0.3
v 1 0.8 0.3
v 1.1 0.8 0.3
v 1.1 0.7 0.3
v 1.2 0.7 0.4
v 1.2 0.7 0.3
v 1.2 0.8 0.3
v 1.2 0.8 0.4
v 1.1 0.8 0.4
v 1.1 0.7 0.4
v 1.2 0.7 0.4
v 1.2 0.8 0.4
v 1.1 0.7 0.3
v 1.1 0.8 0.3
v 1.2 0.8 0.3
v 1.2 0.7 0.3
v -1.2 0.7 0.4
v -1.2 0.7 0.3
v -1.2 0.6 0.3
v -1.2 0.6 0.4
v -1.2 0.7 0.4
v -1.2 0.6 0.4
v -1.1 0.6 0.4
v -1.1 0.7 0.4
v -1.2 0.6 0.3
v -1.2 0.7 0.3
v -1.1 0.7 0.3
v -1.1 0.6 0.3
v -1.1 0.7 0.4
v -1.1 0.6 0.4
v -1 0.6 0.4
v -1 0.7 0.4
v -1.1 0.6 0.3
v -1.1 0.7 0.3
v -1 0.7 0.3
v -1 0.6 0.3
v -1 0.7 0.4
v -1 0.6 0.4
v -0.9 0.6 0.4
v -0.9 0.7 0.4
v -1 0.6 0.3
v -1 0.7 0.3
v -0.9 0.7 0.3
v -0.9 0.6 0.3
v -0.9 0.7 0.4
v -0.9 0.6 0.4
v -0.8 0.6 0.4
v -0.8 0.7 0.4
v -0.9 0.6 0.3
v -0.9 0.7 0.3
v -0.8 0.7 0.3
v -0.8 0.6 0.3
v -0.9 0.6 0.4
v -0.9 0.6 0.3
v -0.8 0.6 0.3
v -0.8 0.6 0.4
v -0.7 0.6 0.4
v -0.7 0.6 0.3
v -0.7 0.7 0.3
v -0.7 0.7 0.4
v -0.8 0.7 0.4
v -0.8 0.6 0.4
v -0.7 0.6 0.4
v -0.7 0.7 0.4
v -0.8 0.6 0.3
v -0.8 0.7 0.3
v -0.7 0.7 0.3
v -0.7 0.6 0.3
v -0.8 0.6 0.4
v -0.8 0.6 0.3
v -0.7 0.6 0.3
v -0.7 0.6 0.4
v -0.7 0.7 0.1
v -0.7 0.7 0
v -0.7 0.6 0
v -0.7 0.6 0.1
v -0.7 0.7 0.1
v -0.7 0.6 0.1
v -0.6 0.6 0.1
v -0.6 0.7 0.1
v -0.7 0.6 0
v -0.7 0.7 0
v -0.6 0.7 0
v -0.6 0.6 0
v -0.6 0.7 0.1
v -0.6 0.7 0
v -0.7 0.7 0
v -0.7 0.7 0.1
v -0.6 0.7 0.1
v -0.6 0.6 0.1
v -0.5 0.6 0.1
v -0.5 0.7 0.1
v -0.6 0.6 0
v -0.6 0.7 0
v -0.5 0.7 0
v -0.5 0.6 0
v -0.5 0.7 0.1
v -0.5 0.6 0.1
v -0.4 0.6 0.1
v -0.4 0.7 0.1
v -0.5 0.6 0
v -0.5 0.7 0
v -0.4 0.7 0
v -0.4 0.6 0
v -0.4 0.7 0.1
v -0.4 0.6 0.1
v -0.3 0.6 0.1
v -0.3 0.7 0.1
v -0.4 0.6 0
v -0.4 0.7 0
v -0.3 0.7 0
v -0.3 0.6 0
v -0.3 0.7 0.1
v -0.3 0.6 0.1
v -0.2 0.6 0.1
v -0.2 0.7 0.1
v -0.3 0.6 0
v -0.3 0.7 0
v -0.2 0.7 0
v -0.2 0.6 0
v -0.2 0.7 0.1
v -0.2 0.6 0.1
v -0.1 0.6 0.1
v -0.1 0.7 0.1
v -0.2 0.6 0
v -0.2 0.7 0
v -0.1 0.7 0
v -0.1 0.6 0
v -0.1 0.7 0.1
v -0.1 0.6 0.1
v 0 0.6 0.1
v 0 0.7 0.1
v -0.1 0.6 0
v -0.1 0.7 0
v 0 0.7 0
v 0 0.6 0
v 0 0.7 0.1
v 0 0.6 0.1
v 0.1 0.6 0.1
v 0.1 0.7 0.1
v 0 0.6 0
v 0 0.7 0
v 0.1 0.7 0
v 0.1 0.6 0
v 0.2 0.6 0.1
v 0.2 0.6 0
v 0.2 0.7 0
v 0.2 0.7 0.1
v 0.1 0.7 0.1
v 0.1 0.6 0.1
v 0.2 0.6 0.1
v 0.2 0.7 0.1
v 0.1 0.6 0
v 0.1 0.7 0
v 0.2 0.7 0
v 0.2 0.6 0
v 0.2 0.7 0.4
v 0.2 0.7 0.3
v 0.2 0.6 0.3
v 0.2 0.6 0.4
v 0.2 0.7 0.4
v 0.2 0.6 0.4
v 0.3 0.6 0.4
v 0.3 0.7 0.4
v 0.2 0.6 0.3
v 0.2 0.7 0.3
v 0.3 0.7 0.3
v 0.3 0.6 0.3
v 0.2 0.6 0.4
v 0.2 0.6 0.3
v 0.3 0.6 0.3
v 0.3 0.6 0.4
v 0.3 0.7 0.4
v 0.3 0.7 0.3
v 0.2 0.7 0.3
v 0.2 0.7 0.4
v 0.3 0.7 0.4
v 0.3 0.6 0.4
v 0.4 0.6 0.4
v 0.4 0.7 0.4
v 0.3 0.6 0.3
v 0.3 0.7 0.3
v 0.4 0.7 0.3
v 0.4 0.6 0.3
v 0.3 0.6 0.4
v 0.3 0.6 0.3
v 0.4 0.6 0.3
v 0.4 0.6 0.4
v 0.4 0.7 0.4
v 0.4 0.7 0.3
v 0.3 0.7 0.3
v 0.3 0.7 0.4
v 0.4 0.7 0.4
v 0.4 0.6 0.4
v 0.5 0.6 0.4
v 0.5 0.7 0.4
v 0.4 0.6 0.3
v 0.4 0.7 0.3
v 0.5 0.7 0.3
v 0.5 0.6 0.3
v 0.4 0.6 0.4
v 0.4 0.6 0.3
v 0.5 0.6 0.3
v 0.5 0.6 0.4
v 0.5 0.7 0.4
v 0.5 0.6 0.4
v 0.6 0.6 0.4
v 0.6 0.7 0.4
v 0.5 0.6 0.3
v 0.5 0.7 0.3
v 0.6 0.7 0.3
v 0.6 0.6 0.3
v 0.5 0.6 0.4
v 0.5 0.6 0.3
v 0.6 0.6 0.3
v 0.6 0.6 0.4
v 0.6 0.7 0.4
v 0.6 0.6 0.4
v 0.7 0.6 0.4
v 0.7 0.7 0.4
v 0.6 0.6 0.3
v 0.6 0.7 0.3
v 0.7 0.7 0.3
v 0.7 0.6 0.3
v 0.7 0.7 0.4
v 0.7 0.6 0.4
v 0.8 0.6 0.4
v 0.8 0.7 0.4
v 0.7 0.6 0.3
v 0.7 0.7 0.3
v 0.8 0.7 0.3
v 0.8 0.6 0.3
v 0.8 0.7 0.4
v 0.8 0.6 0.4
v 0.9 0.6 0.4
v 0.9 0.7 0.4
v 0.8 0.6 0.3
v 0.8 0.7 0.3
v 0.9 0.7 0.3
v 0.9 0.6 0.3
v 0.9 0.7 0.4
v 0.9 0.6 0.4
v 1 0.6 0.4
v 1 0.7 0.4
v 0.9 0.6 0.3
v 0.9 0.7 0.3
v 1 0.7 0.3
v 1 0.6 0.3
v 1 0.7 0.4
v 1 0.6 0.4
v 1.1 0.6 0.4
v 1.1 0.7 0.4
v 1 0.6 0.3
v 1 0.7 0.3
v 1.1 0.7 0.3
v 1.1 0.6 0.3
v 1.2 0.6 0.4
v 1.2 0.6 0.3
v 1.2 0.7 0.3
v 1.2 0.7 0.4
v 1.1 0.7 0.4
v 1.1 0.6 0.4
v 1.2 0.6 0.4
v 1.2 0.7 0.4
v 1.1 0.6 0.3
v 1.1 0.7 0.3
v 1.2 0.7 0.3
v 1.2 0.6 0.3
v -1.2 0.6 0.4
v -1.2 0.6 0.3
v -1.2 0.5 0.3
v -1.2 0.5 0.4
v -1.2 0.6 0.4
v -1.2 0.5 0.4
v -1.1 0.5 0.4
v -1.1 0.6 0.4
v -1.2 0.5 0.3
v -1.2 0.6 0.3
v -1.1 0.6 0.3
v -1.1 0.5 0.3
v -1.2 0.5 0.4
v -1.2 0.5 0.3
v -1.1 0.5 0.3
v -1.1 0.5 0.4
v -1.1 0.6 0.4
v -1.1 0.5 0.4
v -1 0.5 0.4
v -1 0.6 0.4
v -1.1 0.5 0.3
v -1.1 0.6 0.3
v -1 0.6 0.3
v -1 0.5 0.3
v -1.1 0.5 0.4
v -1.1 0.5 0.3
v -1 0.5 0.3
v -1 0.5 0.4
v -0.9 0.5 0.4
v -0.9 0.5 0.3
v -0.9 0.6 0.3
v -0.9 0.6 0.4
v -1 0.6 0.4
v -1 0.5 0.4
v -0.9 0.5 0.4
v -0.9 0.6 0.4
v -1 0.5 0.3
v -1 0.6 0.3
v -0.9 0.6 0.3
v -0.9 0.5 0.3
v -1 0.5 0.4
v -1 0.5 0.3
v -0.9 0.5 0.3
v -0.9 0.5 0.4
v -0.9 0.6 0.1
v -0.9 0.6 0
v -0.9 0.5 0
v -0.9 0.5 0.1
v -0.9 0.6 0.1
v -0.9 0.5 0.1
v -0.8 0.5 0.1
v -0.8 0.6 0.1
v -0.9 0.5 0
v -0.9 0.6 0
v -0.8 0.6 0
v -0.8 0.5 0
v -0.8 0.6 0.1
v -0.8 0.6 0
v -0.9 0.6 0
v -0.9 0.6 0.1
v -0.8 0.6 0.1
v -0.8 0.5 0.1
v -0.7 0.5 0.1
v -0.7 0.6 0.1
v -0.8 0.5 0
v -0.8 0.6 0
v -0.7 0.6 0
v -0.7 0.5 0
v -0.7 0.6 0.1
v -0.7 0.6 0
v -0.8 0.6 0
v -0.8 0.6 0.1
v -0.7 0.6 0.1
v -0.7 0.5 0.1
v -0.6 0.5 0.1
v -0.6 0.6 0.1
v -0.7 0.5 0
v -0.7 0.6 0
v -0.6 0.6 0
v -0.6 0.5 0
v -0.6 0.6 0.1
v -0.6 0.5 0.1
v -0.5 0.5 0.1
v -0.5 0.6 0.1
v -0.6 0.5 0
v -0.6 0.6 0
v -0.5 0.6 0
v -0.5 0.5 0
v -0.5 0.6 0.1
v -0.5 0.5 0.1
v -0.4 0.5 0.1
v -0.4 0.6 0.1
v -0.5 0.5 0
v -0.5 0.6 0
v -0.4 0.6 0
v -0.4 0.5 0
v -0.4 0.6 0.1
v -0.4 0.5 0.1
v -0.3 0.5 0.1
v -0.3 0.6 0.1
v -0.4 0.5 0
v -0.4 0.6 0
v -0.3 0.6 0
v -0.3 0.5 0
v -0.3 0.6 0.1
v -0.3 0.5 0.1
v -0.2 0.5 0.1
v -0.2 0.6 0.1
v -0.3 0.5 0
v -0.3 0.6 0
v -0.2 0.6 0
v -0.2 0.5 0
v -0.2 0.6 0.1
v -0.2 0.5 0.1
v -0.1 0.5 0.1
v -0.1 0.6 0.1
v -0.2 0.5 0
v -0.2 0.6 0
v -0.1 0.6 0
v -0.1 0.5 0
v -0.1 0.6 0.1
v -0.1 0.5 0.1
v 0 0.5 0.1
v 0 0.6 0.1
v -0.1 0.5 0
v -0.1 0.6 0
v 0 0.6 0
v 0 0.5 0
v 0 0.6 0.1
v 0 0.5 0.1
v 0.1 0.5 0.1
v 0.1 0.6 0.1
v 0 0.5 0
v 0 0.6 0
v 0.1 0.6 0
v 0.1 0.5 0
v 0.1 0.6 0.1
v 0.1 0.5 0.1
v 0.2 0.5 0.1
v 0.2 0.6 0.1
v 0.1 0.5 0
v 0.1 0.6 0
v 0.2 0.6 0
v 0.2 0.5 0
v 0.3 0.5 0.1
v 0.3 0.5 0
v 0.3 0.6 0
v 0.3 0.6 0.1
v 0.2 0.6 0.1
v 0.2 0.5 0.1
v 0.3 0.5 0.1
v 0.3 0.6 0.1
v 0.2 0.5 0
v 0.2 0.6 0
v 0.3 0.6 0
v 0.3 0.5 0
v 0.3 0.6 0.1
v 0.3 0.6 0
v 0.2 0.6 0
v 0.2 0.6 0.1
v 0.3 0.6 0.2
v 0.3 0.6 0.1
v 0.3 0.5 0.1
v 0.3 0.5 0.2
v 0.4 0.5 0.2
v 0.4 0.5 0.1
v 0.4 0.6 0.1
v 0.4 0.6 0.2
v 0.3 0.6 0.2
v 0.3 0.5 0.2
v 0.4 0.5 0.2
v 0.4 0.6 0.2
v 0.3 0.5 0.1
v 0.3 0.6 0.1
v 0.4 0.6 0.1
v 0.4 0.5 0.1
v 0.3 0.5 0.2
v 0.3 0.5 0.1
v 0.4 0.5 0.1
v 0.4 0.5 0.2
v 0.4 0.6 0.2
v 0.4 0.6 0.1
v 0.3 0.6 0.1
v 0.3 0.6 0.2
v 0.4 0.6 0.1
v 0.4 0.6 0
v 0.4 0.5 0
v 0.4 0.5 0.1
v 0.4 0.6 0.1
v 0.4 0.5 0.1
v 0.5 0.5 0.1
v 0.5 0.6 0.1
v 0.4 0.5 0
v 0.4 0.6 0
v 0.5 0.6 0
v 0.5 0.5 0
v 0.5 0.6 0.1
v 0.5 0.6 0
v 0.4 0.6 0
v 0.4 0.6 0.1
v 0.6 0.5 0.1
v 0.6 0.5 0
v 0.6 0.6 0
v 0.6 0.6 0.1
v 0.5 0.6 0.1
v 0.5 0.5 0.1
v 0.6 0.5 0.1
v 0.6 0.6 0.1
v 0.5 0.5 0
v 0.5 0.6 0
v 0.6 0.6 0
v 0.6 0.5 0
v 0.6 0.6 0.1
v 0.6 0.6 0
v 0.5 0.6 0
v 0.5 0.6 0.1
v 0.6 0.6 0.4
v 0.6 0.6 0.3
v 0.6 0.5 0.3
v 0.6 0.5 0.4
v 0.6 0.6 0.4
v 0.6 0.5 0.4
v 0.7 0.5 0.4
v 0.7 0.6 0.4
v 0.6 0.5 0.3
v 0.6 0.6 0.3
v 0.7 0.6 0.3
v 0.7 0.5 0.3
v 0.6 0.5 0.4
v 0.6 0.5 0.3
v 0.7 0.5 0.3
v 0.7 0.5 0.4
v 0.7 0.6 0.4
v 0.7 0.5 0.4
v 0.8 0.5 0.4
v 0.8 0.6 0.4
v 0.7 0.5 0.3
v 0.7 0.6 0.3
v 0.8 0.6 0.3
v 0.8 0.5 0.3
v 0.7 0.5 0.4
v 0.7 0.5 0.3
v 0.8 0.5 0.3
v 0.8 0.5 0.4
v 0.8 0.6 0.4
v 0.8 0.5 0.4
v 0.9 0.5 0.4
v 0.9 0.6 0.4
v 0.8 0.5 0.3
v 0.8 0.6 0.3
v 0.9 0.6 0.3
v 0.9 0.5 0.3
v 0.8 0.5 0.4
v 0.8 0.5 0.3
v 0.9 0.5 0.3
v 0.9 0.5 0.4
v 0.9 0.6 0.4
v 0.9 0.5 0.4
v 1 0.5 0.4
v 1 0.6 0.4
v 0.9 0.5 0.3
v 0.9 0.6 0.3
v 1 0.6 0.3
v 1 0.5 0.3
v 0.9 0.5 0.4
v 0.9 0.5 0.3
v 1 0.5 0.3
v 1 0.5 0.4
v 1 0.6 0.4
v 1 0.5 0.4
v 1.1 0.5 0.4
v 1.1 0.6 0.4
v 1 0.5 0.3
v 1 0.6 0.3
v 1.1 0.6 0.3
v 1.1 0.5 0.3
v 1 0.5 0.4
v 1 0.5 0.3
v 1.1 0.5 0.3
v 1.1 0.5 0.4
v 1.2 0.5 0.4
v 1.2 0.5 0.3
v 1.2 0.6 0.3
v 1.2 0.6 0.4
v 1.1 0.6 0.4
v 1.1 0.5 0.4
v 1.2 0.5 0.4
v 1.2 0.6 0.4
v 1.1 0.5 0.3
v 1.1 0.6 0.3
v 1.2 0.6 0.3
v 1.2 0.5 0.3
v 1.1 0.5 0.4
v 1.1 0.5 0.3
v 1.2 0.5 0.3
v 1.2 0.5 0.4
v -1.2 0.5 0.1
v -1.2 0.5 0
v -1.2 0.4 0
v -1.2 0.4 0.1
v -1.2 0.5 0.1
v -1.2 0.4 0.1
v -1.1 0.4 0.1
v -1.1 0.5 0.1
v -1.2 0.4 0
v -1.2 0.5 0
v -1.1 0.5 0
v -1.1 0.4 0
v -1.1 0.5 0.1
v -1.1 0.5 0
v -1.2 0.5 0
v -1.2 0.5 0.1
v -1.1 0.5 0.1
v -1.1 0.4 0.1
v -1 0.4 0.1
v -1 0.5 0.1
v -1.1 0.4 0
v -1.1 0.5 0
v -1 0.5 0
v -1 0.4 0
v -1 0.5 0.1
v -1 0.5 0
v -1.1 0.5 0
v -1.1 0.5 0.1
v -1 0.5 0.1
v -1 0.4 0.1
v -0.9 0.4 0.1
v -0.9 0.5 0.1
v -1 0.4 0
v -1 0.5 0
v -0.9 0.5 0
v -0.9 0.4 0
v -0.9 0.5 0.1
v -0.9 0.5 0
v -1 0.5 0
v -1 0.5 0.1
v -0.9 0.5 0.1
v -0.9 0.4 0.1
v -0.8 0.4 0.1
v -0.8 0.5 0.1
v -0.9 0.4 0
v -0.9 0.5 0
v -0.8 0.5 0
v -0.8 0.4 0
v -0.8 0.5 0.1
v -0.8 0.4 0.1
v -0.7 0.4 0.1
v -0.7 0.5 0.1
v -0.8 0.4 0
v -0.8 0.5 0
v -0.7 0.5 0
v -0.7 0.4 0
v -0.7 0.5 0.1
v -0.7 0.4 0.1
v -0.6 0.4 0.1
v -0.6 0.5 0.1
v -0.7 0.4 0
v -0.7 0.5 0
v -0.6 0.5 0
v -0.6 0.4 0
v -0.6 0.5 0.1
v -0.6 0.4 0.1
v -0.5 0.4 0.1
v -0.5 0.5 0.1
v -0.6 0.4 0
v -0.6 0.5 0
v -0.5 0.5 0
v -0.5 0.4 0
v -0.5 0.5 0.1
v -0.5 0.4 0.1
v -0.4 0.4 0.1
v -0.4 0.5 0.1
v -0.5 0.4 0
v -0.5 0.5 0
v -0.4 0.5 0
v -0.4 0.4 0
v -0.4 0.5 0.1
v -0.4 0.4 0.1
v -0.3 0.4 0.1
v -0.3 0.5 0.1
v -0.4 0.4 0
v -0.4 0.5 0
v -0.3 0.5 0
v -0.3 0.4 0
v -0.3 0.5 0.1
v -0.3 0.4 0.1
v -0.2 0.4 0.1
v -0.2 0.5 0.1
v -0.3 0.4 0
v -0.3 0.5 0
v -0.2 0.5 0
v -0.2 0.4 0
v -0.2 0.5 0.1
v -0.2 0.4 0.1
v -0.1 0.4 0.1
v -0.1 0.5 0.1
v -0.2 0.4 0
v -0.2 0.5 0
v -0.1 0.5 0
v -0.1 0.4 0
v -0.1 0.5 0.1
v -0.1 0.4 0.1
v 0 0.4 0.1
v 0 0.5 0.1
v -0.1 0.4 0
v -0.1 0.5 0
v 0 0.5 0
v 0 0.4 0
v -0.1 0.4 0.1
v -0.1 0.4 0
v 0 0.4 0
v 0 0.4 0.1
v 0 0.5 0.1
v 0 0.4 0.1
v 0.1 0.4 0.1
v 0.1 0.5 0.1
v 0 0.4 0
v 0 0.5 0
v 0.1 0.5 0
v 0.1 0.4 0
v 0.1 0.5 0.1
v 0.1 0.4 0.1
v 0.2 0.4 0.1
v 0.2 0.5 0.1
v 0.1 0.4 0
v 0.1 0.5 0
v 0.2 0.5 0
v 0.2 0.4 0
v 0.2 0.5 0.1
v 0.2 0.4 0.1
v 0.3 0.4 0.1
v 0.3 0.5 0.1
v 0.2 0.4 0
v 0.2 0.5 0
v 0.3 0.5 0
v 0.3 0.4 0
v 0.3 0.5 0.1
v 0.3 0.4 0.1
v 0.4 0.4 0.1
v 0.4 0.5 0.1
v 0.3 0.4 0
v 0.3 0.5 0
v 0.4 0.5 0
v 0.4 0.4 0
v 0.4 0.5 0.1
v 0.4 0.5 0
v 0.3 0.5 0
v 0.3 0.5 0.1
v 0.4 0.5 0.1
v 0.4 0.4 0.1
v 0.5 0.4 0.1
v 0.5 0.5 0.1
v 0.4 0.4 0
v 0.4 0.5 0
v 0.5 0.5 0
v 0.5 0.4 0
v 0.5 0.5 0.1
v 0.5 0.4 0.1
v 0.6 0.4 0.1
v 0.6 0.5 0.1
v 0.5 0.4 0
v 0.5 0.5 0
v 0.6 0.5 0
v 0.6 0.4 0
v 0.6 0.5 0.1
v 0.6 0.4 0.1
v 0.7 0.4 0.1
v 0.7 0.5 0.1
v 0.6 0.4 0
v 0.6 0.5 0
v 0.7 0.5 0
v 0.7 0.4 0
v 0.7 0.5 0.1
v 0.7 0.5 0
v 0.6 0.5 0
v 0.6 0.5 0.1
v 0.7 0.5 0.1
v 0.7 0.4 0.1
v 0.8 0.4 0.1
v 0.8 0.5 0.1
v 0.7 0.4 0
v 0.7 0.5 0
v 0.8 0.5 0
v 0.8 0.4 0
v 0.8 0.5 0.1
v 0.8 0.5 0
v 0.7 0.5 0
v 0.7 0.5 0.1
v 0.8 0.5 0.1
v 0.8 0.4 0.1
v 0.9 0.4 0.1
v 0.9 0.5 0.1
v 0.8 0.4 0
v 0.8 0.5 0
v 0.9 0.5 0
v 0.9 0.4 0
v 0.9 0.5 0.1
v 0.9 0.5 0
v 0.8 0.5 0
v 0.8 0.5 0.1
v 0.9 0.5 0.1
v 0.9 0.4 0.1
v 1 0.4 0.1
v 1 0.5 0.1
v 0.9 0.4 0
v 0.9 0.5 0
v 1 0.5 0
v 1 0.4 0
v 1 0.5 0.1
v 1 0.5 0
v 0.9 0.5 0
v 0.9 0.5 0.1
v 1 0.5 0.1
v 1 0.4 0.1
v 1.1 0.4 0.1
v 1.1 0.5 0.1
v 1 0.4 0
v 1 0.5 0
v 1.1 0.5 0
v 1.1 0.4 0
v 1.1 0.5 0.1
v 1.1 0.5 0
v 1 0.5 0
v 1 0.5 0.1
v 1.2 0.4 0.1
v 1.2 0.4 0
v 1.2 0.5 0
v 1.2 0.5 0.1
v 1.1 0.5 0.1
v 1.1 0.4 0.1
v 1.2 0.4 0.1
v 1.2 0.5 0.1
v 1.1 0.4 0
v 1.1 0.5 0
v 1.2 0.5 0
v 1.2 0.4 0
v 1.2 0.5 0.1
v 1.2 0.5 0
v 1.1 0.5 0
v 1.1 0.5 0.1
v -1.2 0.4 0.1
v -1.2 0.4 0
v -1.2 0.3 0
v -1.2 0.3 0.1
v -1.2 0.4 0.1
v -1.2 0.3 0.1
v -1.1 0.3 0.1
v -1.1 0.4 0.1
v -1.2 0.3 0
v -1.2 0.4 0
v -1.1 0.4 0
v -1.1 0.3 0
v -1.2 0.3 0.1
v -1.2 0.3 0
v -1.1 0.3 0
v -1.1 0.3 0.1
v -1.1 0.4 0.1
v -1.1 0.3 0.1
v -1 0.3 0.1
v -1 0.4 0.1
v -1.1 0.3 0
v -1.1 0.4 0
v -1 0.4 0
v -1 0.3 0
v -1.1 0.3 0.1
v -1.1 0.3 0
v -1 0.3 0
v -1 0.3 0.1
v -1 0.4 0.1
v -1 0.3 0.1
v -0.9 0.3 0.1
v -0.9 0.4 0.1
v -1 0.3 0
v -1 0.4 0
v -0.9 0.4 0
v -0.9 0.3 0
v -1 0.3 0.1
v -1 0.3 0
v -0.9 0.3 0
v -0.9 0.3 0.1
v -0.9 0.4 0.1
v -0.9 0.3 0.1
v -0.8 0.3 0.1
v -0.8 0.4 0.1
v -0.9 0.3 0
v -0.9 0.4 0
v -0.8 0.4 0
v -0.8 0.3 0
v -0.9 0.3 0.1
v -0.9 0.3 0
v -0.8 0.3 0
v -0.8 0.3 0.1
v -0.8 0.4 0.1
v -0.8 0.3 0.1
v -0.7 0.3 0.1
v -0.7 0.4 0.1
v -0.8 0.3 0
v -0.8 0.4 0
v -0.7 0.4 0
v -0.7 0.3 0
v -0.8 0.3 0.1
v -0.8 0.3 0
v -0.7 0.3 0
v -0.7 0.3 0.1
v -0.7 0.4 0.1
v -0.7 0.3 0.1
v -0.6 0.3 0.1
v -0.6 0.4 0.1
v -0.7 0.3 0
v -0.7 0.4 0
v -0.6 0.4 0
v -0.6 0.3 0
v -0.7 0.3 0.1
v -0.7 0.3 0
v -0.6 0.3 0
v -0.6 0.3 0.1
v -0.6 0.4 0.1
v -0.6 0.3 0.1
v -0.5 0.3 0.1
v -0.5 0.4 0.1
v -0.6 0.3 0
v -0.6 0.4 0
v -0.5 0.4 0
v -0.5 0.3 0
v -0.6 0.3 0.1
v -0.6 0.3 0
v -0.5 0.3 0
v -0.5 0.3 0.1
v -0.5 0.4 0.1
v -0.5 0.3 0.1
v -0.4 0.3 0.1
v -0.4 0.4 0.1
v -0.5 0.3 0
v -0.5 0.4 0
v -0.4 0.4 0
v -0.4 0.3 0
v -0.5 0.3 0.1
v -0.5 0.3 0
v -0.4 0.3 0
v -0.4 0.3 0.1
v -0.4 0.4 0.1
v -0.4 0.3 0.1
v -0.3 0.3 0.1
v -0.3 0.4 0.1
v -0.4 0.3 0
v -0.4 0.4 0
v -0.3 0.4 0
v -0.3 0.3 0
v -0.3 0.4 0.1
v -0.3 0.3 0.1
v -0.2 0.3 0.1
v -0.2 0.4 0.1
v -0.3 0.3 0
v -0.3 0.4 0
v -0.2 0.4 0
v -0.2 0.3 0
v -0.1 0.3 0.1
v -0.1 0.3 0
v -0.1 0.4 0
v -0.1 0.4 0.1
v -0.2 0.4 0.1
v -0.2 0.3 0.1
v -0.1 0.3 0.1
v -0.1 0.4 0.1
v -0.2 0.3 0
v -0.2 0.4 0
v -0.1 0.4 0
v -0.1 0.3 0
v -0.1 0.4 0.2
v -0.1 0.4 0.1
v -0.1 0.3 0.1
v -0.1 0.3 0.2
v 0 0.3 0.2
v 0 0.3 0.1
v 0 0.4 0.1
v 0 0.4 0.2
v -0.1 0.4 0.2
v -0.1 0.3 0.2
v 0 0.3 0.2
v 0 0.4 0.2
v -0.1 0.3 0.1
v -0.1 0.4 0.1
v 0 0.4 0.1
v 0 0.3 0.1
v -0.1 0.3 0.2
v -0.1 0.3 0.1
v 0 0.3 0.1
v 0 0.3 0.2
v 0 0.4 0.2
v 0 0.4 0.1
v -0.1 0.4 0.1
v -0.1 0.4 0.2
v 0 0.4 0.1
v 0 0.4 0
v 0 0.3 0
v 0 0.3 0.1
v 0 0.4 0.1
v 0 0.3 0.1
v 0.1 0.3 0.1
v 0.1 0.4 0.1
v 0 0.3 0
v 0 0.4 0
v 0.1 0.4 0
v 0.1 0.3 0
v 0.1 0.4 0.1
v 0.1 0.3 0.1
v 0.2 0.3 0.1
v 0.2 0.4 0.1
v 0.1 0.3 0
v 0.1 0.4 0
v 0.2 0.4 0
v 0.2 0.3 0
v 0.2 0.4 0.1
v 0.2 0.3 0.1
v 0.3 0.3 0.1
v 0.3 0.4 0.1
v 0.2 0.3 0
v 0.2 0.4 0
v 0.3 0.4 0
v 0.3 0.3 0
v 0.3 0.4 0.1
v 0.3 0.3 0.1
v 0.4 0.3 0.1
v 0.4 0.4 0.1
v 0.3 0.3 0
v 0.3 0.4 0
v 0.4 0.4 0
v 0.4 0.3 0
v 0.4 0.4 0.1
v 0.4 0.3 0.1
v 0.5 0.3 0.1
v 0.5 0.4 0.1
v 0.4 0.3 0
v 0.4 0.4 0
v 0.5 0.4 0
v 0.5 0.3 0
v 0.5 0.4 0.1
v 0.5 0.3 0.1
v 0.6 0.3 0.1
v 0.6 0.4 0.1
v 0.5 0.3 0
v 0.5 0.4 0
v 0.6 0.4 0
v 0.6 0.3 0
v 0.6 0.4 0.1
v 0.6 0.3 0.1
v 0.7 0.3 0.1
v 0.7 0.4 0.1
v 0.6 0.3 0
v 0.6 0.4 0
v 0.7 0.4 0
v 0.7 0.3 0
v 0.7 0.4 0.1
v 0.7 0.3 0.1
v 0.8 0.3 0.1
v 0.8 0.4 0.1
v 0.7 0.3 0
v 0.7 0.4 0
v 0.8 0.4 0
v 0.8 0.3 0
v 0.7 0.3 0.1
v 0.7 0.3 0
v 0.8 0.3 0
v 0.8 0.3 0.1
v 0.8 0.4 0.1
v 0.8 0.3 0.1
v 0.9 0.3 0.1
v 0.9 0.4 0.1
v 0.8 0.3 0
v 0.8 0.4 0
v 0.9 0.4 0
v 0.9 0.3 0
v 0.9 0.4 0.1
v 0.9 0.3 0.1
v 1 0.3 0.1
v 1 0.4 0.1
v 0.9 0.3 0
v 0.9 0.4 0
v 1 0.4 0
v 1 0.3 0
v 1 0.4 0.1
v 1 0.3 0.1
v 1.1 0.3 0.1
v 1.1 0.4 0.1
v 1 0.3 0
v 1 0.4 0
v 1.1 0.4 0
v 1.1 0.3 0
v 1 0.3 0.1
v 1 0.3 0
v 1.1 0.3 0
v 1.1 0.3 0.1
v 1.2 0.3 0.1
v 1.2 0.3 0
v 1.2 0.4 0
v 1.2 0.4 0.1
v 1.1 0.4 0.1
v 1.1 0.3 0.1
v 1.2 0.3 0.1
v 1.2 0.4 0.1
v 1.1 0.3 0
v 1.1 0.4 0
v 1.2 0.4 0
v 1.2 0.3 0
v 1.1 0.3 0.1
v 1.1 0.3 0
v 1.2 0.3 0
v 1.2 0.3 0.1
v -1.2 0.3 0.4
v -1.2 0.3 0.3
v -1.2 0.2 0.3
v -1.2 0.2 0.4
v -1.2 0.3 0.4
v -1.2 0.2 0.4
v -1.1 0.2 0.4
v -1.1 0.3 0.4
v -1.2 0.2 0.3
v -1.2 0.3 0.3
v -1.1 0.3 0.3
v -1.1 0.2 0.3
v -1.1 0.3 0.4
v -1.1 0.3 0.3
v -1.2 0.3 0.3
v -1.2 0.3 0.4
v -1.1 0.3 0.4
v -1.1 0.2 0.4
v -1 0.2 0.4
v -1 0.3 0.4
v -1.1 0.2 0.3
v -1.1 0.3 0.3
v -1 0.3 0.3
v -1 0.2 0.3
v -1 0.3 0.4
v -1 0.3 0.3
v -1.1 0.3 0.3
v -1.1 0.3 0.4
v -1 0.3 0.4
v -1 0.2 0.4
v -0.9 0.2 0.4
v -0.9 0.3 0.4
v -1 0.2 0.3
v -1 0.3 0.3
v -0.9 0.3 0.3
v -0.9 0.2 0.3
v -0.9 0.3 0.4
v -0.9 0.3 0.3
v -1 0.3 0.3
v -1 0.3 0.4
v -0.9 0.3 0.4
v -0.9 0.2 0.4
v -0.8 0.2 0.4
v -0.8 0.3 0.4
v -0.9 0.2 0.3
v -0.9 0.3 0.3
v -0.8 0.3 0.3
v -0.8 0.2 0.3
v -0.8 0.3 0.4
v -0.8 0.3 0.3
v -0.9 0.3 0.3
v -0.9 0.3 0.4
v -0.8 0.3 0.4
v -0.8 0.2 0.4
v -0.7 0.2 0.4
v -0.7 0.3 0.4
v -0.8 0.2 0.3
v -0.8 0.3 0.3
v -0.7 0.3 0.3
v -0.7 0.2 0.3
v -0.7 0.3 0.4
v -0.7 0.3 0.3
v -0.8 0.3 0.3
v -0.8 0.3 0.4
v -0.7 0.3 0.4
v -0.7 0.2 0.4
v -0.6 0.2 0.4
v -0.6 0.3 0.4
v -0.7 0.2 0.3
v -0.7 0.3 0.3
v -0.6 0.3 0.3
v -0.6 0.2 0.3
v -0.6 0.3 0.4
v -0.6 0.3 0.3
v -0.7 0.3 0.3
v -0.7 0.3 0.4
v -0.6 0.3 0.4
v -0.6 0.2 0.4
v -0.5 0.2 0.4
v -0.5 0.3 0.4
v -0.6 0.2 0.3
v -0.6 0.3 0.3
v -0.5 0.3 0.3
v -0.5 0.2 0.3
v -0.5 0.3 0.4
v -0.5 0.3 0.3
v -0.6 0.3 0.3
v -0.6 0.3 0.4
v -0.4 0.2 0.4
v -0.4 0.2 0.3
v -0.4 0.3 0.3
v -0.4 0.3 0.4
v -0.5 0.3 0.4
v -0.5 0.2 0.4
v -0.4 0.2 0.4
v -0.4 0.3 0.4
v -0.5 0.2 0.3
v -0.5 0.3 0.3
v -0.4 0.3 0.3
v -0.4 0.2 0.3
v -0.4 0.3 0.4
v -0.4 0.3 0.3
v -0.5 0.3 0.3
v -0.5 0.3 0.4
v -0.4 0.3 0.1
v -0.4 0.3 0
v -0.4 0.2 0
v -0.4 0.2 0.1
v -0.4 0.3 0.1
v -0.4 0.2 0.1
v -0.3 0.2 0.1
v -0.3 0.3 0.1
v -0.4 0.2 0
v -0.4 0.3 0
v -0.3 0.3 0
v -0.3 0.2 0
v -0.4 0.2 0.1
v -0.4 0.2 0
v -0.3 0.2 0
v -0.3 0.2 0.1
v -0.3 0.3 0.1
v -0.3 0.2 0.1
v -0.2 0.2 0.1
v -0.2 0.3 0.1
v -0.3 0.2 0
v -0.3 0.3 0
v -0.2 0.3 0
v -0.2 0.2 0
v -0.3 0.2 0.1
v -0.3 0.2 0
v -0.2 0.2 0
v -0.2 0.2 0.1
v -0.2 0.3 0.1
v -0.2 0.2 0.1
v -0.1 0.2 0.1
v -0.1 0.3 0.1
v -0.2 0.2 0
v -0.2 0.3 0
v -0.1 0.3 0
v -0.1 0.2 0
v -0.1 0.3 0.1
v -0.1 0.2 0.1
v 0 0.2 0.1
v 0 0.3 0.1
v -0.1 0.2 0
v -0.1 0.3 0
v 0 0.3 0
v 0 0.2 0
v 0 0.3 0.1
v 0 0.3 0
v -0.1 0.3 0
v -0.1 0.3 0.1
v 0 0.3 0.1
v 0 0.2 0.1
v 0.1 0.2 0.1
v 0.1 0.3 0.1
v 0 0.2 0
v 0 0.3 0
v 0.1 0.3 0
v 0.1 0.2 0
v 0 0.2 0.1
v 0 0.2 0
v 0.1 0.2 0
v 0.1 0.2 0.1
v 0.1 0.3 0.1
v 0.1 0.2 0.1
v 0.2 0.2 0.1
v 0.2 0.3 0.1
v 0.1 0.2 0
v 0.1 0.3 0
v 0.2 0.3 0
v 0.2 0.2 0
v 0.2 0.3 0.1
v 0.2 0.2 0.1
v 0.3 0.2 0.1
v 0.3 0.3 0.1
v 0.2 0.2 0
v 0.2 0.3 0
v 0.3 0.3 0
v 0.3 0.2 0
v 0.3 0.3 0.1
v 0.3 0.2 0.1
v 0.4 0.2 0.1
v 0.4 0.3 0.1
v 0.3 0.2 0
v 0.3 0.3 0
v 0.4 0.3 0
v 0.4 0.2 0
v 0.4 0.3 0.1
v 0.4 0.2 0.1
v 0.5 0.2 0.1
v 0.5 0.3 0.1
v 0.4 0.2 0
v 0.4 0.3 0
v 0.5 0.3 0
v 0.5 0.2 0
v 0.5 0.3 0.1
v 0.5 0.2 0.1
v 0.6 0.2 0.1
v 0.6 0.3 0.1
v 0.5 0.2 0
v 0.5 0.3 0
v 0.6 0.3 0
v 0.6 0.2 0
v 0.7 0.2 0.1
v 0.7 0.2 0
v 0.7 0.3 0
v 0.7 0.3 0.1
v 0.6 0.3 0.1
v 0.6 0.2 0.1
v 0.7 0.2 0.1
v 0.7 0.3 0.1
v 0.6 0.2 0
v 0.6 0.3 0
v 0.7 0.3 0
v 0.7 0.2 0
v 0.7 0.3 0.2
v 0.7 0.3 0.1
v 0.7 0.2 0.1
v 0.7 0.2 0.2
v 0.8 0.2 0.2
v 0.8 0.2 0.1
v 0.8 0.3 0.1
v 0.8 0.3 0.2
v 0.7 0.3 0.2
v 0.7 0.2 0.2
v 0.8 0.2 0.2
v 0.8 0.3 0.2
v 0.7 0.2 0.1
v 0.7 0.3 0.1
v 0.8 0.3 0.1
v 0.8 0.2 0.1
v 0.7 0.2 0.2
v 0.7 0.2 0.1
v 0.8 0.2 0.1
v 0.8 0.2 0.2
v 0.8 0.3 0.2
v 0.8 0.3 0.1
v 0.7 0.3 0.1
v 0.7 0.3 0.2
v 0.8 0.3 0.1
v 0.8 0.3 0
v 0.8 0.2 0
v 0.8 0.2 0.1
v 0.8 0.3 0.1
v 0.8 0.2 0.1
v 0.9 0.2 0.1
v 0.9 0.3 0.1
v 0.8 0.2 0
v 0.8 0.3 0
v 0.9 0.3 0
v 0.9 0.2 0
v 0.8 0.2 0.1
v 0.8 0.2 0
v 0.9 0.2 0
v 0.9 0.2 0.1
v 1 0.2 0.1
v 1 0.2 0
v 1 0.3 0
v 1 0.3 0.1
v 0.9 0.3 0.1
v 0.9 0.2 0.1
v 1 0.2 0.1
v 1 0.3 0.1
v 0.9 0.2 0
v 0.9 0.3 0
v 1 0.3 0
v 1 0.2 0
v 0.9 0.2 0.1
v 0.9 0.2 0
v 1 0.2 0
v 1 0.2 0.1
v 1 0.3 0.4
v 1 0.3 0.3
v 1 0.2 0.3
v 1 0.2 0.4
v 1 0.3 0.4
v 1 0.2 0.4
v 1.1 0.2 0.4
v 1.1 0.3 0.4
v 1 0.2 0.3
v 1 0.3 0.3
v 1.1 0.3 0.3
v 1.1 0.2 0.3
v 1.1 0.3 0.4
v 1.1 0.3 0.3
v 1 0.3 0.3
v 1 0.3 0.4
v 1.2 0.2 0.4
v 1.2 0.2 0.3
v 1.2 0.3 0.3
v 1.2 0.3 0.4
v 1.1 0.3 0.4
v 1.1 0.2 0.4
v 1.2 0.2 0.4
v 1.2 0.3 0.4
v 1.1 0.2 0.3
v 1.1 0.3 0.3
v 1.2 0.3 0.3
v 1.2 0.2 0.3
v 1.2 0.3 0.4
v 1.2 0.3 0.3
v 1.1 0.3 0.3
v 1.1 0.3 0.4
v -1.2 0.2 0.4
v -1.2 0.2 0.3
v -1.2 0.1 0.3
v -1.2 0.1 0.4
v -1.2 0.2 0.4
v -1.2 0.1 0.4
v -1.1 0.1 0.4
v -1.1 0.2 0.4
v -1.2 0.1 0.3
v -1.2 0.2 0.3
v -1.1 0.2 0.3
v -1.1 0.1 0.3
v -1.1 0.2 0.4
v -1.1 0.1 0.4
v -1 0.1 0.4
v -1 0.2 0.4
v -1.1 0.1 0.3
v -1.1 0.2 0.3
v -1 0.2 0.3
v -1 0.1 0.3
v -1 0.2 0.4
v -1 0.1 0.4
v -0.9 0.1 0.4
v -0.9 0.2 0.4
v -1 0.1 0.3
v -1 0.2 0.3
v -0.9 0.2 0.3
v -0.9 0.1 0.3
v -0.9 0.2 0.4
v -0.9 0.1 0.4
v -0.8 0.1 0.4
v -0.8 0.2 0.4
v -0.9 0.1 0.3
v -0.9 0.2 0.3
v -0.8 0.2 0.3
v -0.8 0.1 0.3
v -0.8 0.2 0.4
v -0.8 0.1 0.4
v -0.7 0.1 0.4
v -0.7 0.2 0.4
v -0.8 0.1 0.3
v -0.8 0.2 0.3
v -0.7 0.2 0.3
v -0.7 0.1 0.3
v -0.7 0.2 0.4
v -0.7 0.1 0.4
v -0.6 0.1 0.4
v -0.6 0.2 0.4
v -0.7 0.1 0.3
v -0.7 0.2 0.3
v -0.6 0.2 0.3
v -0.6 0.1 0.3
v -0.6 0.2 0.4
v -0.6 0.1 0.4
v -0.5 0.1 0.4
v -0.5 0.2 0.4
v -0.6 0.1 0.3
v -0.6 0.2 0.3
v -0.5 0.2 0.3
v -0.5 0.1 0.3
v -0.5 0.2 0.4
v -0.5 0.1 0.4
v -0.4 0.1 0.4
v -0.4 0.2 0.4
v -0.5 0.1 0.3
v -0.5 0.2 0.3
v -0.4 0.2 0.3
v -0.4 0.1 0.3
v -0.4 0.2 0.4
v -0.4 0.1 0.4
v -0.3 0.1 0.4
v -0.3 0.2 0.4
v -0.4 0.1 0.3
v -0.4 0.2 0.3
v -0.3 0.2 0.3
v -0.3 0.1 0.3
v -0.3 0.2 0.4
v -0.3 0.2 0.3
v -0.4 0.2 0.3
v -0.4 0.2 0.4
v -0.2 0.1 0.4
v -0.2 0.1 0.3
v -0.2 0.2 0.3
v -0.2 0.2 0.4
v -0.3 0.2 0.4
v -0.3 0.1 0.4
v -0.2 0.1 0.4
v -0.2 0.2 0.4
v -0.3 0.1 0.3
v -0.3 0.2 0.3
v -0.2 0.2 0.3
v -0.2 0.1 0.3
v -0.3 0.1 0.4
v -0.3 0.1 0.3
v -0.2 0.1 0.3
v -0.2 0.1 0.4
v -0.2 0.2 0.4
v -0.2 0.2 0.3
v -0.3 0.2 0.3
v -0.3 0.2 0.4
v -0.2 0.2 0.1
v -0.2 0.2 0
v -0.2 0.1 0
v -0.2 0.1 0.1
v -0.2 0.2 0.1
v -0.2 0.1 0.1
v -0.1 0.1 0.1
v -0.1 0.2 0.1
v -0.2 0.1 0
v -0.2 0.2 0
v -0.1 0.2 0
v -0.1 0.1 0
v 0 0.1 0.1
v 0 0.1 0
v 0 0.2 0
v 0 0.2 0.1
v -0.1 0.2 0.1
v -0.1 0.1 0.1
v 0 0.1 0.1
v 0 0.2 0.1
v -0.1 0.1 0
v -0.1 0.2 0
v 0 0.2 0
v 0 0.1 0
v 0 0.2 0.2
v 0 0.2 0.1
v 0 0.1 0.1
v 0 0.1 0.2
v 0.1 0.1 0.2
v 0.1 0.1 0.1
v 0.1 0.2 0.1
v 0.1 0.2 0.2
v 0 0.2 0.2
v 0 0.1 0.2
v 0.1 0.1 0.2
v 0.1 0.2 0.2
v 0 0.1 0.1
v 0 0.2 0.1
v 0.1 0.2 0.1
v 0.1 0.1 0.1
v 0 0.1 0.2
v 0 0.1 0.1
v 0.1 0.1 0.1
v 0.1 0.1 0.2
v 0.1 0.2 0.2
v 0.1 0.2 0.1
v 0 0.2 0.1
v 0 0.2 0.2
v 0.1 0.2 0.1
v 0.1 0.2 0
v 0.1 0.1 0
v 0.1 0.1 0.1
v 0.1 0.2 0.1
v 0.1 0.1 0.1
v 0.2 0.1 0.1
v 0.2 0.2 0.1
v 0.1 0.1 0
v 0.1 0.2 0
v 0.2 0.2 0
v 0.2 0.1 0
v 0.2 0.2 0.1
v 0.2 0.1 0.1
v 0.3 0.1 0.1
v 0.3 0.2 0.1
v 0.2 0.1 0
v 0.2 0.2 0
v 0.3 0.2 0
v 0.3 0.1 0
v 0.3 0.2 0.1
v 0.3 0.1 0.1
v 0.4 0.1 0.1
v 0.4 0.2 0.1
v 0.3 0.1 0
v 0.3 0.2 0
v 0.4 0.2 0
v 0.4 0.1 0
v 0.3 0.1 0.1
v 0.3 0.1 0
v 0.4 0.1 0
v 0.4 0.1 0.1
v 0.4 0.2 0.1
v 0.4 0.1 0.1
v 0.5 0.1 0.1
v 0.5 0.2 0.1
v 0.4 0.1 0
v 0.4 0.2 0
v 0.5 0.2 0
v 0.5 0.1 0
v 0.5 0.2 0.1
v 0.5 0.1 0.1
v 0.6 0.1 0.1
v 0.6 0.2 0.1
v 0.5 0.1 0
v 0.5 0.2 0
v 0.6 0.2 0
v 0.6 0.1 0
v 0.6 0.2 0.1
v 0.6 0.1 0.1
v 0.7 0.1 0.1
v 0.7 0.2 0.1
v 0.6 0.1 0
v 0.6 0.2 0
v 0.7 0.2 0
v 0.7 0.1 0
v 0.8 0.1 0.1
v 0.8 0.1 0
v 0.8 0.2 0
v 0.8 0.2 0.1
v 0.7 0.2 0.1
v 0.7 0.1 0.1
v 0.8 0.1 0.1
v 0.8 0.2 0.1
v 0.7 0.1 0
v 0.7 0.2 0
v 0.8 0.2 0
v 0.8 0.1 0
v 0.8 0.2 0.1
v 0.8 0.2 0
v 0.7 0.2 0
v 0.7 0.2 0.1
v 0.8 0.2 0.4
v 0.8 0.2 0.3
v 0.8 0.1 0.3
v 0.8 0.1 0.4
v 0.8 0.2 0.4
v 0.8 0.1 0.4
v 0.9 0.1 0.4
v 0.9 0.2 0.4
v 0.8 0.1 0.3
v 0.8 0.2 0.3
v 0.9 0.2 0.3
v 0.9 0.1 0.3
v 0.8 0.1 0.4
v 0.8 0.1 0.3
v 0.9 0.1 0.3
v 0.9 0.1 0.4
v 0.9 0.2 0.4
v 0.9 0.2 0.3
v 0.8 0.2 0.3
v 0.8 0.2 0.4
v 0.9 0.2 0.4
v 0.9 0.1 0.4
v 1 0.1 0.4
v 1 0.2 0.4
v 0.9 0.1 0.3
v 0.9 0.2 0.3
v 1 0.2 0.3
v 1 0.1 0.3
v 0.9 0.1 0.4
v 0.9 0.1 0.3
v 1 0.1 0.3
v 1 0.1 0.4
v 1 0.2 0.4
v 1 0.2 0.3
v 0.9 0.2 0.3
v 0.9 0.2 0.4
v 1 0.2 0.4
v 1 0.1 0.4
v 1.1 0.1 0.4
v 1.1 0.2 0.4
v 1 0.1 0.3
v 1 0.2 0.3
v 1.1 0.2 0.3
v 1.1 0.1 0.3
v 1.2 0.1 0.4
v 1.2 0.1 0.3
v 1.2 0.2 0.3
v 1.2 0.2 0.4
v 1.1 0.2 0.4
v 1.1 0.1 0.4
v 1.2 0.1 0.4
v 1.2 0.2 0.4
v 1.1 0.1 0.3
v 1.1 0.2 0.3
v 1.2 0.2 0.3
v 1.2 0.1 0.3
v -1.2 0.1 0.4
v -1.2 0.1 0.3
v -1.2 0 0.3
v -1.2 0 0.4
v -1.2 0.1 0.4
v -1.2 0 0.4
v -1.1 0 0.4
v -1.1 0.1 0.4
v -1.2 0 0.3
v -1.2 0.1 0.3
v -1.1 0.1 0.3
v -1.1 0 0.3
v -1.1 0.1 0.4
v -1.1 0 0.4
v -1 0 0.4
v -1 0.1 0.4
v -1.1 0 0.3
v -1.1 0.1 0.3
v -1 0.1 0.3
v -1 0 0.3
v -1 0.1 0.4
v -1 0 0.4
v -0.9 0 0.4
v -0.9 0.1 0.4
v -1 0 0.3
v -1 0.1 0.3
v -0.9 0.1 0.3
v -0.9 0 0.3
v -0.9 0.1 0.4
v -0.9 0 0.4
v -0.8 0 0.4
v -0.8 0.1 0.4
v -0.9 0 0.3
v -0.9 0.1 0.3
v -0.8 0.1 0.3
v -0.8 0 0.3
v -0.8 0.1 0.4
v -0.8 0 0.4
v -0.7 0 0.4
v -0.7 0.1 0.4
v -0.8 0 0.3
v -0.8 0.1 0.3
v -0.7 0.1 0.3
v -0.7 0 0.3
v -0.7 0.1 0.4
v -0.7 0 0.4
v -0.6 0 0.4
v -0.6 0.1 0.4
v -0.7 0 0.3
v -0.7 0.1 0.3
v -0.6 0.1 0.3
v -0.6 0 0.3
v -0.6 0.1 0.4
v -0.6 0 0.4
v -0.5 0 0.4
v -0.5 0.1 0.4
v -0.6 0 0.3
v -0.6 0.1 0.3
v -0.5 0.1 0.3
v -0.5 0 0.3
v -0.5 0.1 0.4
v -0.5 0 0.4
v -0.4 0 0.4
v -0.4 0.1 0.4
v -0.5 0 0.3
v -0.5 0.1 0.3
v -0.4 0.1 0.3
v -0.4 0 0.3
v -0.3 0 0.4
v -0.3 0 0.3
v -0.3 0.1 0.3
v -0.3 0.1 0.4
v -0.4 0.1 0.4
v -0.4 0 0.4
v -0.3 0 0.4
v -0.3 0.1 0.4
v -0.4 0 0.3
v -0.4 0.1 0.3
v -0.3 0.1 0.3
v -0.3 0 0.3
v -0.3 0.1 0.1
v -0.3 0.1 0
v -0.3 0 0
v -0.3 0 0.1
v -0.3 0.1 0.1
v -0.3 0 0.1
v -0.2 0 0.1
v -0.2 0.1 0.1
v -0.3 0 0
v -0.3 0.1 0
v -0.2 0.1 0
v -0.2 0 0
v -0.3 0 0.1
v -0.3 0 0
v -0.2 0 0
v -0.2 0 0.1
v -0.2 0.1 0.1
v -0.2 0.1 0
v -0.3 0.1 0
v -0.3 0.1 0.1
v -0.2 0.1 0.1
v -0.2 0 0.1
v -0.1 0 0.1
v -0.1 0.1 0.1
v -0.2 0 0
v -0.2 0.1 0
v -0.1 0.1 0
v -0.1 0 0
v -0.1 0.1 0.1
v -0.1 0 0.1
v 0 0 0.1
v 0 0.1 0.1
v -0.1 0 0
v -0.1 0.1 0
v 0 0.1 0
v 0 0 0
v 0 0.1 0.1
v 0 0 0.1
v 0.1 0 0.1
v 0.1 0.1 0.1
v 0 0 0
v 0 0.1 0
v 0.1 0.1 0
v 0.1 0 0
v 0.1 0.1 0.1
v 0.1 0.1 0
v 0 0.1 0
v 0 0.1 0.1
v 0.1 0.1 0.1
v 0.1 0 0.1
v 0.2 0 0.1
v 0.2 0.1 0.1
v 0.1 0 0
v 0.1 0.1 0
v 0.2 0.1 0
v 0.2 0 0
v 0.3 0 0.1
v 0.3 0 0
v 0.3 0.1 0
v 0.3 0.1 0.1
v 0.2 0.1 0.1
v 0.2 0 0.1
v 0.3 0 0.1
v 0.3 0.1 0.1
v 0.2 0 0
v 0.2 0.1 0
v 0.3 0.1 0
v 0.3 0 0
v 0.3 0.1 0.2
v 0.3 0.1 0.1
v 0.3 0 0.1
v 0.3 0 0.2
v 0.4 0 0.2
v 0.4 0 0.1
v 0.4 0.1 0.1
v 0.4 0.1 0.2
v 0.3 0.1 0.2
v 0.3 0 0.2
v 0.4 0 0.2
v 0.4 0.1 0.2
v 0.3 0 0.1
v 0.3 0.1 0.1
v 0.4 0.1 0.1
v 0.4 0 0.1
v 0.3 0 0.2
v 0.3 0 0.1
v 0.4 0 0.1
v 0.4 0 0.2
v 0.4 0.1 0.2
v 0.4 0.1 0.1
v 0.3 0.1 0.1
v 0.3 0.1 0.2
v 0.4 0.1 0.1
v 0.4 0.1 0
v 0.4 0 0
v 0.4 0 0.1
v 0.4 0.1 0.1
v 0.4 0 0.1
v 0.5 0 0.1
v 0.5 0.1 0.1
v 0.4 0 0
v 0.4 0.1 0
v 0.5 0.1 0
v 0.5 0 0
v 0.5 0.1 0.1
v 0.5 0 0.1
v 0.6 0 0.1
v 0.6 0.1 0.1
v 0.5 0 0
v 0.5 0.1 0
v 0.6 0.1 0
v 0.6 0 0
v 0.6 0.1 0.1
v 0.6 0 0.1
v 0.7 0 0.1
v 0.7 0.1 0.1
v 0.6 0 0
v 0.6 0.1 0
v 0.7 0.1 0
v 0.7 0 0
v 0.7 0.1 0.1
v 0.7 0 0.1
v 0.8 0 0.1
v 0.8 0.1 0.1
v 0.7 0 0
v 0.7 0.1 0
v 0.8 0.1 0
v 0.8 0 0
v 0.7 0 0.1
v 0.7 0 0
v 0.8 0 0
v 0.8 0 0.1
v 0.8 0.1 0.1
v 0.8 0 0.1
v 0.9 0 0.1
v 0.9 0.1 0.1
v 0.8 0 0
v 0.8 0.1 0
v 0.9 0.1 0
v 0.9 0 0
v 0.8 0 0.1
v 0.8 0 0
v 0.9 0 0
v 0.9 0 0.1
v 0.9 0.1 0.1
v 0.9 0.1 0
v 0.8 0.1 0
v 0.8 0.1 0.1
v 1 0 0.1
v 1 0 0
v 1 0.1 0
v 1 0.1 0.1
v 0.9 0.1 0.1
v 0.9 0 0.1
v 1 0 0.1
v 1 0.1 0.1
v 0.9 0 0
v 0.9 0.1 0
v 1 0.1 0
v 1 0 0
v 0.9 0 0.1
v 0.9 0 0
v 1 0 0
v 1 0 0.1
v 1 0.1 0.1
v 1 0.1 0
v 0.9 0.1 0
v 0.9 0.1 0.1
v 1 0.1 0.4
v 1 0.1 0.3
v 1 0 0.3
v 1 0 0.4
v 1 0.1 0.4
v 1 0 0.4
v 1.1 0 0.4
v 1.1 0.1 0.4
v 1 0 0.3
v 1 0.1 0.3
v 1.1 0.1 0.3
v 1.1 0 0.3
v 1.2 0 0.4
v 1.2 0 0.3
v 1.2 0.1 0.3
v 1.2 0.1 0.4
v 1.1 0.1 0.4
v 1.1 0 0.4
v 1.2 0 0.4
v 1.2 0.1 0.4
v 1.1 0 0.3
v 1.1 0.1 0.3
v 1.2 0.1 0.3
v 1.2 0 0.3
v -1.2 0 0.4
v -1.2 0 0.3
v -1.2 -0.1 0.3
v -1.2 -0.1 0.4
v -1.2 0 0.4
v -1.2 -0.1 0.4
v -1.1 -0.1 0.4
v -1.1 0 0.4
v -1.2 -0.1 0.3
v -1.2 0 0.3
v -1.1 0 0.3
v -1.1 -0.1 0.3
v -1.1 0 0.4
v -1.1 -0.1 0.4
v -1 -0.1 0.4
v -1 0 0.4
v -1.1 -0.1 0.3
v -1.1 0 0.3
v -1 0 0.3
v -1 -0.1 0.3
v -1 0 0.4
v -1 -0.1 0.4
v -0.9 -0.1 0.4
v -0.9 0 0.4
v -1 -0.1 0.3
v -1 0 0.3
v -0.9 0 0.3
v -0.9 -0.1 0.3
v -0.9 0 0.4
v -0.9 -0.1 0.4
v -0.8 -0.1 0.4
v -0.8 0 0.4
v -0.9 -0.1 0.3
v -0.9 0 0.3
v -0.8 0 0.3
v -0.8 -0.1 0.3
v -0.8 0 0.4
v -0.8 -0.1 0.4
v -0.7 -0.1 0.4
v -0.7 0 0.4
v -0.8 -0.1 0.3
v -0.8 0 0.3
v -0.7 0 0.3
v -0.7 -0.1 0.3
v -0.7 0 0.4
v -0.7 -0.1 0.4
v -0.6 -0.1 0.4
v -0.6 0 0.4
v -0.7 -0.1 0.3
v -0.7 0 0.3
v -0.6 0 0.3
v -0.6 -0.1 0.3
v -0.6 0 0.4
v -0.6 -0.1 0.4
v -0.5 -0.1 0.4
v -0.5 0 0.4
v -0.6 -0.1 0.3
v -0.6 0 0.3
v -0.5 0 0.3
v -0.5 -0.1 0.3
v -0.5 0 0.4
v -0.5 -0.1 0.4
v -0.4 -0.1 0.4
v -0.4 0 0.4
v -0.5 -0.1 0.3
v -0.5 0 0.3
v -0.4 0 0.3
v -0.4 -0.1 0.3
v -0.4 0 0.4
v -0.4 -0.1 0.4
v -0.3 -0.1 0.4
v -0.3 0 0.4
v -0.4 -0.1 0.3
v -0.4 0 0.3
v -0.3 0 0.3
v -0.3 -0.1 0.3
v -0.2 -0.1 0.4
v -0.2 -0.1 0.3
v -0.2 0 0.3
v -0.2 0 0.4
v -0.3 0 0.4
v -0.3 -0.1 0.4
v -0.2 -0.1 0.4
v -0.2 0 0.4
v -0.3 -0.1 0.3
v -0.3 0 0.3
v -0.2 0 0.3
v -0.2 -0.1 0.3
v -0.2 0 0.4
v -0.2 0 0.3
v -0.3 0 0.3
v -0.3 0 0.4
v -0.2 0 0.1
v -0.2 0 0
v -0.2 -0.1 0
v -0.2 -0.1 0.1
v -0.2 0 0.1
v -0.2 -0.1 0.1
v -0.1 -0.1 0.1
v -0.1 0 0.1
v -0.2 -0.1 0
v -0.2 0 0
v -0.1 0 0
v -0.1 -0.1 0
v -0.2 -0.1 0.1
v -0.2 -0.1 0
v -0.1 -0.1 0
v -0.1 -0.1 0.1
v -0.1 0 0.1
v -0.1 -0.1 0.1
v 0 -0.1 0.1
v 0 0 0.1
v -0.1 -0.1 0
v -0.1 0 0
v 0 0 0
v 0 -0.1 0
v -0.1 -0.1 0.1
v -0.1 -0.1 0
v 0 -0.1 0
v 0 -0.1 0.1
v 0 0 0.1
v 0 -0.1 0.1
v 0.1 -0.1 0.1
v 0.1 0 0.1
v 0 -0.1 0
v 0 0 0
v 0.1 0 0
v 0.1 -0.1 0
v 0.1 0 0.1
v 0.1 -0.1 0.1
v 0.2 -0.1 0.1
v 0.2 0 0.1
v 0.1 -0.1 0
v 0.1 0 0
v 0.2 0 0
v 0.2 -0.1 0
v 0.2 0 0.1
v 0.2 -0.1 0.1
v 0.3 -0.1 0.1
v 0.3 0 0.1
v 0.2 -0.1 0
v 0.2 0 0
v 0.3 0 0
v 0.3 -0.1 0
v 0.3 0 0.1
v 0.3 -0.1 0.1
v 0.4 -0.1 0.1
v 0.4 0 0.1
v 0.3 -0.1 0
v 0.3 0 0
v 0.4 0 0
v 0.4 -0.1 0
v 0.4 0 0.1
v 0.4 0 0
v 0.3 0 0
v 0.3 0 0.1
v 0.4 0 0.1
v 0.4 -0.1 0.1
v 0.5 -0.1 0.1
v 0.5 0 0.1
v 0.4 -0.1 0
v 0.4 0 0
v 0.5 0 0
v 0.5 -0.1 0
v 0.5 0 0.1
v 0.5 -0.1 0.1
v 0.6 -0.1 0.1
v 0.6 0 0.1
v 0.5 -0.1 0
v 0.5 0 0
v 0.6 0 0
v 0.6 -0.1 0
v 0.7 -0.1 0.1
v 0.7 -0.1 0
v 0.7 0 0
v 0.7 0 0.1
v 0.6 0 0.1
v 0.6 -0.1 0.1
v 0.7 -0.1 0.1
v 0.7 0 0.1
v 0.6 -0.1 0
v 0.6 0 0
v 0.7 0 0
v 0.7 -0.1 0
v 0.7 0 0.4
v 0.7 0 0.3
v 0.7 -0.1 0.3
v 0.7 -0.1 0.4
v 0.7 0 0.4
v 0.7 -0.1 0.4
v 0.8 -0.1 0.4
v 0.8 0 0.4
v 0.7 -0.1 0.3
v 0.7 0 0.3
v 0.8 0 0.3
v 0.8 -0.1 0.3
v 0.7 -0.1 0.4
v 0.7 -0.1 0.3
v 0.8 -0.1 0.3
v 0.8 -0.1 0.4
v 0.8 0 0.4
v 0.8 0 0.3
v 0.7 0 0.3
v 0.7 0 0.4
v 0.8 0 0.4
v 0.8 -0.1 0.4
v 0.9 -0.1 0.4
v 0.9 0 0.4
v 0.8 -0.1 0.3
v 0.8 0 0.3
v 0.9 0 0.3
v 0.9 -0.1 0.3
v 0.9 0 0.4
v 0.9 0 0.3
v 0.8 0 0.3
v 0.8 0 0.4
v 0.9 0 0.4
v 0.9 -0.1 0.4
v 1 -0.1 0.4
v 1 0 0.4
v 0.9 -0.1 0.3
v 0.9 0 0.3
v 1 0 0.3
v 1 -0.1 0.3
v 1 0 0.4
v 1 0 0.3
v 0.9 0 0.3
v 0.9 0 0.4
v 1 0 0.4
v 1 -0.1 0.4
v 1.1 -0.1 0.4
v 1.1 0 0.4
v 1 -0.1 0.3
v 1 0 0.3
v 1.1 0 0.3
v 1.1 -0.1 0.3
v 1.2 -0.1 0.4
v 1.2 -0.1 0.3
v 1.2 0 0.3
v 1.2 0 0.4
v 1.1 0 0.4
v 1.1 -0.1 0.4
v 1.2 -0.1 0.4
v 1.2 0 0.4
v 1.1 -0.1 0.3
v 1.1 0 0.3
v 1.2 0 0.3
v 1.2 -0.1 0.3
v -1.2 -0.1 0.4
v -1.2 -0.1 0.3
v -1.2 -0.2 0.3
v -1.2 -0.2 0.4
v -1.2 -0.1 0.4
v -1.2 -0.2 0.4
v -1.1 -0.2 0.4
v -1.1 -0.1 0.4
v -1.2 -0.2 0.3
v -1.2 -0.1 0.3
v -1.1 -0.1 0.3
v -1.1 -0.2 0.3
v -1.1 -0.1 0.4
v -1.1 -0.2 0.4
v -1 -0.2 0.4
v -1 -0.1 0.4
v -1.1 -0.2 0.3
v -1.1 -0.1 0.3
v -1 -0.1 0.3
v -1 -0.2 0.3
v -1 -0.1 0.4
v -1 -0.2 0.4
v -0.9 -0.2 0.4
v -0.9 -0.1 0.4
v -1 -0.2 0.3
v -1 -0.1 0.3
v -0.9 -0.1 0.3
v -0.9 -0.2 0.3
v -0.9 -0.1 0.4
v -0.9 -0.2 0.4
v -0.8 -0.2 0.4
v -0.8 -0.1 0.4
v -0.9 -0.2 0.3
v -0.9 -0.1 0.3
v -0.8 -0.1 0.3
v -0.8 -0.2 0.3
v -0.8 -0.1 0.4
v -0.8 -0.2 0.4
v -0.7 -0.2 0.4
v -0.7 -0.1 0.4
v -0.8 -0.2 0.3
v -0.8 -0.1 0.3
v -0.7 -0.1 0.3
v -0.7 -0.2 0.3
v -0.7 -0.1 0.4
v -0.7 -0.2 0.4
v -0.6 -0.2 0.4
v -0.6 -0.1 0.4
v -0.7 -0.2 0.3
v -0.7 -0.1 0.3
v -0.6 -0.1 0.3
v -0.6 -0.2 0.3
v -0.6 -0.1 0.4
v -0.6 -0.2 0.4
v -0.5 -0.2 0.4
v -0.5 -0.1 0.4
v -0.6 -0.2 0.3
v -0.6 -0.1 0.3
v -0.5 -0.1 0.3
v -0.5 -0.2 0.3
v -0.5 -0.1 0.4
v -0.5 -0.2 0.4
v -0.4 -0.2 0.4
v -0.4 -0.1 0.4
v -0.5 -0.2 0.3
v -0.5 -0.1 0.3
v -0.4 -0.1 0.3
v -0.4 -0.2 0.3
v -0.4 -0.1 0.4
v -0.4 -0.2 0.4
v -0.3 -0.2 0.4
v -0.3 -0.1 0.4
v -0.4 -0.2 0.3
v -0.4 -0.1 0.3
v -0.3 -0.1 0.3
v -0.3 -0.2 0.3
v -0.4 -0.2 0.4
v -0.4 -0.2 0.3
v -0.3 -0.2 0.3
v -0.3 -0.2 0.4
v -0.3 -0.1 0.4
v -0.3 -0.2 0.4
v -0.2 -0.2 0.4
v -0.2 -0.1 0.4
v -0.3 -0.2 0.3
v -0.3 -0.1 0.3
v -0.2 -0.1 0.3
v -0.2 -0.2 0.3
v -0.3 -0.2 0.4
v -0.3 -0.2 0.3
v -0.2 -0.2 0.3
v -0.2 -0.2 0.4
v -0.2 -0.1 0.4
v -0.2 -0.2 0.4
v -0.1 -0.2 0.4
v -0.1 -0.1 0.4
v -0.2 -0.2 0.3
v -0.2 -0.1 0.3
v -0.1 -0.1 0.3
v -0.1 -0.2 0.3
v -0.2 -0.2 0.4
v -0.2 -0.2 0.3
v -0.1 -0.2 0.3
v -0.1 -0.2 0.4
v -0.1 -0.1 0.4
v -0.1 -0.1 0.3
v -0.2 -0.1 0.3
v -0.2 -0.1 0.4
v 0 -0.2 0.4
v 0 -0.2 0.3
v 0 -0.1 0.3
v 0 -0.1 0.4
v -0.1 -0.1 0.4
v -0.1 -0.2 0.4
v 0 -0.2 0.4
v 0 -0.1 0.4
v -0.1 -0.2 0.3
v -0.1 -0.1 0.3
v 0 -0.1 0.3
v 0 -0.2 0.3
v -0.1 -0.2 0.4
v -0.1 -0.2 0.3
v 0 -0.2 0.3
v 0 -0.2 0.4
v 0 -0.1 0.4
v 0 -0.1 0.3
v -0.1 -0.1 0.3
v -0.1 -0.1 0.4
v 0 -0.1 0.1
v 0 -0.1 0
v 0 -0.2 0
v 0 -0.2 0.1
v 0 -0.1 0.1
v 0 -0.2 0.1
v 0.1 -0.2 0.1
v 0.1 -0.1 0.1
v 0 -0.2 0
v 0 -0.1 0
v 0.1 -0.1 0
v 0.1 -0.2 0
v 0.1 -0.1 0.1
v 0.1 -0.2 0.1
v 0.2 -0.2 0.1
v 0.2 -0.1 0.1
v 0.1 -0.2 0
v 0.1 -0.1 0
v 0.2 -0.1 0
v 0.2 -0.2 0
v 0.1 -0.2 0.1
v 0.1 -0.2 0
v 0.2 -0.2 0
v 0.2 -0.2 0.1
v 0.2 -0.1 0.1
v 0.2 -0.2 0.1
v 0.3 -0.2 0.1
v 0.3 -0.1 0.1
v 0.2 -0.2 0
v 0.2 -0.1 0
v 0.3 -0.1 0
v 0.3 -0.2 0
v 0.3 -0.1 0.1
v 0.3 -0.2 0.1
v 0.4 -0.2 0.1
v 0.4 -0.1 0.1
v 0.3 -0.2 0
v 0.3 -0.1 0
v 0.4 -0.1 0
v 0.4 -0.2 0
v 0.4 -0.1 0.1
v 0.4 -0.2 0.1
v 0.5 -0.2 0.1
v 0.5 -0.1 0.1
v 0.4 -0.2 0
v 0.4 -0.1 0
v 0.5 -0.1 0
v 0.5 -0.2 0
v 0.5 -0.1 0.1
v 0.5 -0.2 0.1
v 0.6 -0.2 0.1
v 0.6 -0.1 0.1
v 0.5 -0.2 0
v 0.5 -0.1 0
v 0.6 -0.1 0
v 0.6 -0.2 0
v 0.6 -0.1 0.1
v 0.6 -0.2 0.1
v 0.7 -0.2 0.1
v 0.7 -0.1 0.1
v 0.6 -0.2 0
v 0.6 -0.1 0
v 0.7 -0.1 0
v 0.7 -0.2 0
v 0.8 -0.2 0.1
v 0.8 -0.2 0
v 0.8 -0.1 0
v 0.8 -0.1 0.1
v 0.7 -0.1 0.1
v 0.7 -0.2 0.1
v 0.8 -0.2 0.1
v 0.8 -0.1 0.1
v 0.7 -0.2 0
v 0.7 -0.1 0
v 0.8 -0.1 0
v 0.8 -0.2 0
v 0.8 -0.1 0.1
v 0.8 -0.1 0
v 0.7 -0.1 0
v 0.7 -0.1 0.1
v 0.8 -0.1 0.4
v 0.8 -0.1 0.3
v 0.8 -0.2 0.3
v 0.8 -0.2 0.4
v 0.8 -0.1 0.4
v 0.8 -0.2 0.4
v 0.9 -0.2 0.4
v 0.9 -0.1 0.4
v 0.8 -0.2 0.3
v 0.8 -0.1 0.3
v 0.9 -0.1 0.3
v 0.9 -0.2 0.3
v 0.8 -0.2 0.4
v 0.8 -0.2 0.3
v 0.9 -0.2 0.3
v 0.9 -0.2 0.4
v 0.9 -0.1 0.4
v 0.9 -0.2 0.4
v 1 -0.2 0.4
v 1 -0.1 0.4
v 0.9 -0.2 0.3
v 0.9 -0.1 0.3
v 1 -0.1 0.3
v 1 -0.2 0.3
v 0.9 -0.2 0.4
v 0.9 -0.2 0.3
v 1 -0.2 0.3
v 1 -0.2 0.4
v 1 -0.1 0.4
v 1 -0.2 0.4
v 1.1 -0.2 0.4
v 1.1 -0.1 0.4
v 1 -0.2 0.3
v 1 -0.1 0.3
v 1.1 -0.1 0.3
v 1.1 -0.2 0.3
v 1.2 -0.2 0.4
v 1.2 -0.2 0.3
v 1.2 -0.1 0.3
v 1.2 -0.1 0.4
v 1.1 -0.1 0.4
v 1.1 -0.2 0.4
v 1.2 -0.2 0.4
v 1.2 -0.1 0.4
v 1.1 -0.2 0.3
v 1.1 -0.1 0.3
v 1.2 -0.1 0.3
v 1.2 -0.2 0.3
v -1.2 -0.2 0.4
v -1.2 -0.2 0.3
v -1.2 -0.3 0.3
v -1.2 -0.3 0.4
v -1.2 -0.2 0.4
v -1.2 -0.3 0.4
v -1.1 -0.3 0.4
v -1.1 -0.2 0.4
v -1.2 -0.3 0.3
v -1.2 -0.2 0.3
v -1.1 -0.2 0.3
v -1.1 -0.3 0.3
v -1.2 -0.3 0.4
v -1.2 -0.3 0.3
v -1.1 -0.3 0.3
v -1.1 -0.3 0.4
v -1.1 -0.2 0.4
v -1.1 -0.3 0.4
v -1 -0.3 0.4
v -1 -0.2 0.4
v -1.1 -0.3 0.3
v -1.1 -0.2 0.3
v -1 -0.2 0.3
v -1 -0.3 0.3
v -1.1 -0.3 0.4
v -1.1 -0.3 0.3
v -1 -0.3 0.3
v -1 -0.3 0.4
v -1 -0.2 0.4
v -1 -0.3 0.4
v -0.9 -0.3 0.4
v -0.9 -0.2 0.4
v -1 -0.3 0.3
v -1 -0.2 0.3
v -0.9 -0.2 0.3
v -0.9 -0.3 0.3
v -1 -0.3 0.4
v -1 -0.3 0.3
v -0.9 -0.3 0.3
v -0.9 -0.3 0.4
v -0.9 -0.2 0.4
v -0.9 -0.3 0.4
v -0.8 -0.3 0.4
v -0.8 -0.2 0.4
v -0.9 -0.3 0.3
v -0.9 -0.2 0.3
v -0.8 -0.2 0.3
v -0.8 -0.3 0.3
v -0.9 -0.3 0.4
v -0.9 -0.3 0.3
v -0.8 -0.3 0.3
v -0.8 -0.3 0.4
v -0.8 -0.2 0.4
v -0.8 -0.3 0.4
v -0.7 -0.3 0.4
v -0.7 -0.2 0.4
v -0.8 -0.3 0.3
v -0.8 -0.2 0.3
v -0.7 -0.2 0.3
v -0.7 -0.3 0.3
v -0.8 -0.3 0.4
v -0.8 -0.3 0.3
v -0.7 -0.3 0.3
v -0.7 -0.3 0.4
v -0.7 -0.2 0.4
v -0.7 -0.3 0.4
v -0.6 -0.3 0.4
v -0.6 -0.2 0.4
v -0.7 -0.3 0.3
v -0.7 -0.2 0.3
v -0.6 -0.2 0.3
v -0.6 -0.3 0.3
v -0.7 -0.3 0.4
v -0.7 -0.3 0.3
v -0.6 -0.3 0.3
v -0.6 -0.3 0.4
v -0.6 -0.2 0.4
v -0.6 -0.3 0.4
v -0.5 -0.3 0.4
v -0.5 -0.2 0.4
v -0.6 -0.3 0.3
v -0.6 -0.2 0.3
v -0.5 -0.2 0.3
v -0.5 -0.3 0.3
v -0.6 -0.3 0.4
v -0.6 -0.3 0.3
v -0.5 -0.3 0.3
v -0.5 -0.3 0.4
v -0.4 -0.3 0.4
v -0.4 -0.3 0.3
v -0.4 -0.2 0.3
v -0.4 -0.2 0.4
v -0.5 -0.2 0.4
v -0.5 -0.3 0.4
v -0.4 -0.3 0.4
v -0.4 -0.2 0.4
v -0.5 -0.3 0.3
v -0.5 -0.2 0.3
v -0.4 -0.2 0.3
v -0.4 -0.3 0.3
v -0.5 -0.3 0.4
v -0.5 -0.3 0.3
v -0.4 -0.3 0.3
v -0.4 -0.3 0.4
v -0.4 -0.2 0.1
v -0.4 -0.2 0
v -0.4 -0.3 0
v -0.4 -0.3 0.1
v -0.4 -0.2 0.1
v -0.4 -0.3 0.1
v -0.3 -0.3 0.1
v -0.3 -0.2 0.1
v -0.4 -0.3 0
v -0.4 -0.2 0
v -0.3 -0.2 0
v -0.3 -0.3 0
v -0.3 -0.2 0.1
v -0.3 -0.2 0
v -0.4 -0.2 0
v -0.4 -0.2 0.1
v -0.3 -0.2 0.1
v -0.3 -0.3 0.1
v -0.2 -0.3 0.1
v -0.2 -0.2 0.1
v -0.3 -0.3 0
v -0.3 -0.2 0
v -0.2 -0.2 0
v -0.2 -0.3 0
v -0.2 -0.2 0.1
v -0.2 -0.2 0
v -0.3 -0.2 0
v -0.3 -0.2 0.1
v -0.2 -0.2 0.1
v -0.2 -0.3 0.1
v -0.1 -0.3 0.1
v -0.1 -0.2 0.1
v -0.2 -0.3 0
v -0.2 -0.2 0
v -0.1 -0.2 0
v -0.1 -0.3 0
v -0.1 -0.2 0.1
v -0.1 -0.2 0
v -0.2 -0.2 0
v -0.2 -0.2 0.1
v -0.1 -0.2 0.1
v -0.1 -0.3 0.1
v 0 -0.3 0.1
v 0 -0.2 0.1
v -0.1 -0.3 0
v -0.1 -0.2 0
v 0 -0.2 0
v 0 -0.3 0
v 0 -0.2 0.1
v 0 -0.2 0
v -0.1 -0.2 0
v -0.1 -0.2 0.1
v 0.1 -0.3 0.1
v 0.1 -0.3 0
v 0.1 -0.2 0
v 0.1 -0.2 0.1
v 0 -0.2 0.1
v 0 -0.3 0.1
v 0.1 -0.3 0.1
v 0.1 -0.2 0.1
v 0 -0.3 0
v 0 -0.2 0
v 0.1 -0.2 0
v 0.1 -0.3 0
v 0 -0.3 0.1
v 0 -0.3 0
v 0.1 -0.3 0
v 0.1 -0.3 0.1
v 0.1 -0.2 0.2
v 0.1 -0.2 0.1
v 0.1 -0.3 0.1
v 0.1 -0.3 0.2
v 0.2 -0.3 0.2
v 0.2 -0.3 0.1
v 0.2 -0.2 0.1
v 0.2 -0.2 0.2
v 0.1 -0.2 0.2
v 0.1 -0.3 0.2
v 0.2 -0.3 0.2
v 0.2 -0.2 0.2
v 0.1 -0.3 0.1
v 0.1 -0.2 0.1
v 0.2 -0.2 0.1
v 0.2 -0.3 0.1
v 0.1 -0.3 0.2
v 0.1 -0.3 0.1
v 0.2 -0.3 0.1
v 0.2 -0.3 0.2
v 0.2 -0.2 0.2
v 0.2 -0.2 0.1
v 0.1 -0.2 0.1
v 0.1 -0.2 0.2
v 0.2 -0.2 0.1
v 0.2 -0.2 0
v 0.2 -0.3 0
v 0.2 -0.3 0.1
v 0.2 -0.2 0.1
v 0.2 -0.3 0.1
v 0.3 -0.3 0.1
v 0.3 -0.2 0.1
v 0.2 -0.3 0
v 0.2 -0.2 0
v 0.3 -0.2 0
v 0.3 -0.3 0
v 0.3 -0.2 0.1
v 0.3 -0.3 0.1
v 0.4 -0.3 0.1
v 0.4 -0.2 0.1
v 0.3 -0.3 0
v 0.3 -0.2 0
v 0.4 -0.2 0
v 0.4 -0.3 0
v 0.3 -0.3 0.1
v 0.3 -0.3 0
v 0.4 -0.3 0
v 0.4 -0.3 0.1
v 0.4 -0.2 0.1
v 0.4 -0.3 0.1
v 0.5 -0.3 0.1
v 0.5 -0.2 0.1
v 0.4 -0.3 0
v 0.4 -0.2 0
v 0.5 -0.2 0
v 0.5 -0.3 0
v 0.5 -0.2 0.1
v 0.5 -0.3 0.1
v 0.6 -0.3 0.1
v 0.6 -0.2 0.1
v 0.5 -0.3 0
v 0.5 -0.2 0
v 0.6 -0.2 0
v 0.6 -0.3 0
v 0.6 -0.2 0.1
v 0.6 -0.3 0.1
v 0.7 -0.3 0.1
v 0.7 -0.2 0.1
v 0.6 -0.3 0
v 0.6 -0.2 0
v 0.7 -0.2 0
v 0.7 -0.3 0
v 0.7 -0.2 0.1
v 0.7 -0.3 0.1
v 0.8 -0.3 0.1
v 0.8 -0.2 0.1
v 0.7 -0.3 0
v 0.7 -0.2 0
v 0.8 -0.2 0
v 0.8 -0.3 0
v 0.8 -0.2 0.1
v 0.8 -0.3 0.1
v 0.9 -0.3 0.1
v 0.9 -0.2 0.1
v 0.8 -0.3 0
v 0.8 -0.2 0
v 0.9 -0.2 0
v 0.9 -0.3 0
v 0.9 -0.2 0.1
v 0.9 -0.2 0
v 0.8 -0.2 0
v 0.8 -0.2 0.1
v 1 -0.3 0.1
v 1 -0.3 0
v 1 -0.2 0
v 1 -0.2 0.1
v 0.9 -0.2 0.1
v 0.9 -0.3 0.1
v 1 -0.3 0.1
v 1 -0.2 0.1
v 0.9 -0.3 0
v 0.9 -0.2 0
v 1 -0.2 0
v 1 -0.3 0
v 1 -0.2 0.1
v 1 -0.2 0
v 0.9 -0.2 0
v 0.9 -0.2 0.1
v 1 -0.2 0.4
v 1 -0.2 0.3
v 1 -0.3 0.3
v 1 -0.3 0.4
v 1 -0.2 0.4
v 1 -0.3 0.4
v 1.1 -0.3 0.4
v 1.1 -0.2 0.4
v 1 -0.3 0.3
v 1 -0.2 0.3
v 1.1 -0.2 0.3
v 1.1 -0.3 0.3
v 1 -0.3 0.4
v 1 -0.3 0.3
v 1.1 -0.3 0.3
v 1.1 -0.3 0.4
v 1.2 -0.3 0.4
v 1.2 -0.3 0.3
v 1.2 -0.2 0.3
v 1.2 -0.2 0.4
v 1.1 -0.2 0.4
v 1.1 -0.3 0.4
v 1.2 -0.3 0.4
v 1.2 -0.2 0.4
v 1.1 -0.3 0.3
v 1.1 -0.2 0.3
v 1.2 -0.2 0.3
v 1.2 -0.3 0.3
v 1.1 -0.3 0.4
v 1.1 -0.3 0.3
v 1.2 -0.3 0.3
v 1.2 -0.3 0.4
v -1.2 -0.3 0.1
v -1.2 -0.3 0
v -1.2 -0.4 0
v -1.2 -0.4 0.1
v -1.2 -0.3 0.1
v -1.2 -0.4 0.1
v -1.1 -0.4 0.1
v -1.1 -0.3 0.1
v -1.2 -0.4 0
v -1.2 -0.3 0
v -1.1 -0.3 0
v -1.1 -0.4 0
v -1.1 -0.3 0.1
v -1.1 -0.3 0
v -1.2 -0.3 0
v -1.2 -0.3 0.1
v -1.1 -0.3 0.1
v -1.1 -0.4 0.1
v -1 -0.4 0.1
v -1 -0.3 0.1
v -1.1 -0.4 0
v -1.1 -0.3 0
v -1 -0.3 0
v -1 -0.4 0
v -1 -0.3 0.1
v -1 -0.3 0
v -1.1 -0.3 0
v -1.1 -0.3 0.1
v -1 -0.3 0.1
v -1 -0.4 0.1
v -0.9 -0.4 0.1
v -0.9 -0.3 0.1
v -1 -0.4 0
v -1 -0.3 0
v -0.9 -0.3 0
v -0.9 -0.4 0
v -0.9 -0.3 0.1
v -0.9 -0.3 0
v -1 -0.3 0
v -1 -0.3 0.1
v -0.9 -0.3 0.1
v -0.9 -0.4 0.1
v -0.8 -0.4 0.1
v -0.8 -0.3 0.1
v -0.9 -0.4 0
v -0.9 -0.3 0
v -0.8 -0.3 0
v -0.8 -0.4 0
v -0.8 -0.3 0.1
v -0.8 -0.3 0
v -0.9 -0.3 0
v -0.9 -0.3 0.1
v -0.8 -0.3 0.1
v -0.8 -0.4 0.1
v -0.7 -0.4 0.1
v -0.7 -0.3 0.1
v -0.8 -0.4 0
v -0.8 -0.3 0
v -0.7 -0.3 0
v -0.7 -0.4 0
v -0.7 -0.3 0.1
v -0.7 -0.3 0
v -0.8 -0.3 0
v -0.8 -0.3 0.1
v -0.7 -0.3 0.1
v -0.7 -0.4 0.1
v -0.6 -0.4 0.1
v -0.6 -0.3 0.1
v -0.7 -0.4 0
v -0.7 -0.3 0
v -0.6 -0.3 0
v -0.6 -0.4 0
v -0.6 -0.3 0.1
v -0.6 -0.3 0
v -0.7 -0.3 0
v -0.7 -0.3 0.1
v -0.6 -0.3 0.1
v -0.6 -0.4 0.1
v -0.5 -0.4 0.1
v -0.5 -0.3 0.1
v -0.6 -0.4 0
v -0.6 -0.3 0
v -0.5 -0.3 0
v -0.5 -0.4 0
v -0.5 -0.3 0.1
v -0.5 -0.3 0
v -0.6 -0.3 0
v -0.6 -0.3 0.1
v -0.5 -0.3 0.1
v -0.5 -0.4 0.1
v -0.4 -0.4 0.1
v -0.4 -0.3 0.1
v -0.5 -0.4 0
v -0.5 -0.3 0
v -0.4 -0.3 0
v -0.4 -0.4 0
v -0.4 -0.3 0.1
v -0.4 -0.3 0
v -0.5 -0.3 0
v -0.5 -0.3 0.1
v -0.4 -0.3 0.1
v -0.4 -0.4 0.1
v -0.3 -0.4 0.1
v -0.3 -0.3 0.1
v -0.4 -0.4 0
v -0.4 -0.3 0
v -0.3 -0.3 0
v -0.3 -0.4 0
v -0.3 -0.3 0.1
v -0.3 -0.4 0.1
v -0.2 -0.4 0.1
v -0.2 -0.3 0.1
v -0.3 -0.4 0
v -0.3 -0.3 0
v -0.2 -0.3 0
v -0.2 -0.4 0
v -0.2 -0.3 0.1
v -0.2 -0.4 0.1
v -0.1 -0.4 0.1
v -0.1 -0.3 0.1
v -0.2 -0.4 0
v -0.2 -0.3 0
v -0.1 -0.3 0
v -0.1 -0.4 0
v 0 -0.4 0.1
v 0 -0.4 0
v 0 -0.3 0
v 0 -0.3 0.1
v -0.1 -0.3 0.1
v -0.1 -0.4 0.1
v 0 -0.4 0.1
v 0 -0.3 0.1
v -0.1 -0.4 0
v -0.1 -0.3 0
v 0 -0.3 0
v 0 -0.4 0
v 0 -0.3 0.2
v 0 -0.3 0.1
v 0 -0.4 0.1
v 0 -0.4 0.2
v 0.1 -0.4 0.2
v 0.1 -0.4 0.1
v 0.1 -0.3 0.1
v 0.1 -0.3 0.2
v 0 -0.3 0.2
v 0 -0.4 0.2
v 0.1 -0.4 0.2
v 0.1 -0.3 0.2
v 0 -0.4 0.1
v 0 -0.3 0.1
v 0.1 -0.3 0.1
v 0.1 -0.4 0.1
v 0 -0.4 0.2
v 0 -0.4 0.1
v 0.1 -0.4 0.1
v 0.1 -0.4 0.2
v 0.1 -0.3 0.2
v 0.1 -0.3 0.1
v 0 -0.3 0.1
v 0 -0.3 0.2
v 0.1 -0.3 0.1
v 0.1 -0.3 0
v 0.1 -0.4 0
v 0.1 -0.4 0.1
v 0.1 -0.3 0.1
v 0.1 -0.4 0.1
v 0.2 -0.4 0.1
v 0.2 -0.3 0.1
v 0.1 -0.4 0
v 0.1 -0.3 0
v 0.2 -0.3 0
v 0.2 -0.4 0
v 0.2 -0.3 0.1
v 0.2 -0.3 0
v 0.1 -0.3 0
v 0.1 -0.3 0.1
v 0.3 -0.4 0.1
v 0.3 -0.4 0
v 0.3 -0.3 0
v 0.3 -0.3 0.1
v 0.2 -0.3 0.1
v 0.2 -0.4 0.1
v 0.3 -0.4 0.1
v 0.3 -0.3 0.1
v 0.2 -0.4 0
v 0.2 -0.3 0
v 0.3 -0.3 0
v 0.3 -0.4 0
v 0.3 -0.3 0.2
v 0.3 -0.3 0.1
v 0.3 -0.4 0.1
v 0.3 -0.4 0.2
v 0.4 -0.4 0.2
v 0.4 -0.4 0.1
v 0.4 -0.3 0.1
v 0.4 -0.3 0.2
v 0.3 -0.3 0.2
v 0.3 -0.4 0.2
v 0.4 -0.4 0.2
v 0.4 -0.3 0.2
v 0.3 -0.4 0.1
v 0.3 -0.3 0.1
v 0.4 -0.3 0.1
v 0.4 -0.4 0.1
v 0.3 -0.4 0.2
v 0.3 -0.4 0.1
v 0.4 -0.4 0.1
v 0.4 -0.4 0.2
v 0.4 -0.3 0.2
v 0.4 -0.3 0.1
v 0.3 -0.3 0.1
v 0.3 -0.3 0.2
v 0.4 -0.3 0.1
v 0.4 -0.3 0
v 0.4 -0.4 0
v 0.4 -0.4 0.1
v 0.4 -0.3 0.1
v 0.4 -0.4 0.1
v 0.5 -0.4 0.1
v 0.5 -0.3 0.1
v 0.4 -0.4 0
v 0.4 -0.3 0
v 0.5 -0.3 0
v 0.5 -0.4 0
v 0.5 -0.3 0.1
v 0.5 -0.4 0.1
v 0.6 -0.4 0.1
v 0.6 -0.3 0.1
v 0.5 -0.4 0
v 0.5 -0.3 0
v 0.6 -0.3 0
v 0.6 -0.4 0
v 0.6 -0.3 0.1
v 0.6 -0.4 0.1
v 0.7 -0.4 0.1
v 0.7 -0.3 0.1
v 0.6 -0.4 0
v 0.6 -0.3 0
v 0.7 -0.3 0
v 0.7 -0.4 0
v 0.7 -0.3 0.1
v 0.7 -0.4 0.1
v 0.8 -0.4 0.1
v 0.8 -0.3 0.1
v 0.7 -0.4 0
v 0.7 -0.3 0
v 0.8 -0.3 0
v 0.8 -0.4 0
v 0.8 -0.3 0.1
v 0.8 -0.4 0.1
v 0.9 -0.4 0.1
v 0.9 -0.3 0.1
v 0.8 -0.4 0
v 0.8 -0.3 0
v 0.9 -0.3 0
v 0.9 -0.4 0
v 0.9 -0.3 0.1
v 0.9 -0.4 0.1
v 1 -0.4 0.1
v 1 -0.3 0.1
v 0.9 -0.4 0
v 0.9 -0.3 0
v 1 -0.3 0
v 1 -0.4 0
v 1 -0.3 0.1
v 1 -0.4 0.1
v 1.1 -0.4 0.1
v 1.1 -0.3 0.1
v 1 -0.4 0
v 1 -0.3 0
v 1.1 -0.3 0
v 1.1 -0.4 0
v 1.1 -0.3 0.1
v 1.1 -0.3 0
v 1 -0.3 0
v 1 -0.3 0.1
v 1.2 -0.4 0.1
v 1.2 -0.4 0
v 1.2 -0.3 0
v 1.2 -0.3 0.1
v 1.1 -0.3 0.1
v 1.1 -0.4 0.1
v 1.2 -0.4 0.1
v 1.2 -0.3 0.1
v 1.1 -0.4 0
v 1.1 -0.3 0
v 1.2 -0.3 0
v 1.2 -0.4 0
v 1.2 -0.3 0.1
v 1.2 -0.3 0
v 1.1 -0.3 0
v 1.1 -0.3 0.1
v -1.2 -0.4 0.1
v -1.2 -0.4 0
v -1.2 -0.5 0
v -1.2 -0.5 0.1
v -1.2 -0.4 0.1
v -1.2 -0.5 0.1
v -1.1 -0.5 0.1
v -1.1 -0.4 0.1
v -1.2 -0.5 0
v -1.2 -0.4 0
v -1.1 -0.4 0
v -1.1 -0.5 0
v -1.2 -0.5 0.1
v -1.2 -0.5 0
v -1.1 -0.5 0
v -1.1 -0.5 0.1
v -1.1 -0.4 0.1
v -1.1 -0.5 0.1
v -1 -0.5 0.1
v -1 -0.4 0.1
v -1.1 -0.5 0
v -1.1 -0.4 0
v -1 -0.4 0
v -1 -0.5 0
v -1.1 -0.5 0.1
v -1.1 -0.5 0
v -1 -0.5 0
v -1 -0.5 0.1
v -1 -0.4 0.1
v -1 -0.5 0.1
v -0.9 -0.5 0.1
v -0.9 -0.4 0.1
v -1 -0.5 0
v -1 -0.4 0
v -0.9 -0.4 0
v -0.9 -0.5 0
v -1 -0.5 0.1
v -1 -0.5 0
v -0.9 -0.5 0
v -0.9 -0.5 0.1
v -0.9 -0.4 0.1
v -0.9 -0.5 0.1
v -0.8 -0.5 0.1
v -0.8 -0.4 0.1
v -0.9 -0.5 0
v -0.9 -0.4 0
v -0.8 -0.4 0
v -0.8 -0.5 0
v -0.8 -0.4 0.1
v -0.8 -0.5 0.1
v -0.7 -0.5 0.1
v -0.7 -0.4 0.1
v -0.8 -0.5 0
v -0.8 -0.4 0
v -0.7 -0.4 0
v -0.7 -0.5 0
v -0.7 -0.4 0.1
v -0.7 -0.5 0.1
v -0.6 -0.5 0.1
v -0.6 -0.4 0.1
v -0.7 -0.5 0
v -0.7 -0.4 0
v -0.6 -0.4 0
v -0.6 -0.5 0
v -0.6 -0.4 0.1
v -0.6 -0.5 0.1
v -0.5 -0.5 0.1
v -0.5 -0.4 0.1
v -0.6 -0.5 0
v -0.6 -0.4 0
v -0.5 -0.4 0
v -0.5 -0.5 0
v -0.5 -0.4 0.1
v -0.5 -0.5 0.1
v -0.4 -0.5 0.1
v -0.4 -0.4 0.1
v -0.5 -0.5 0
v -0.5 -0.4 0
v -0.4 -0.4 0
v -0.4 -0.5 0
v -0.4 -0.4 0.1
v -0.4 -0.5 0.1
v -0.3 -0.5 0.1
v -0.3 -0.4 0.1
v -0.4 -0.5 0
v -0.4 -0.4 0
v -0.3 -0.4 0
v -0.3 -0.5 0
v -0.3 -0.4 0.1
v -0.3 -0.5 0.1
v -0.2 -0.5 0.1
v -0.2 -0.4 0.1
v -0.3 -0.5 0
v -0.3 -0.4 0
v -0.2 -0.4 0
v -0.2 -0.5 0
v -0.2 -0.4 0.1
v -0.2 -0.5 0.1
v -0.1 -0.5 0.1
v -0.1 -0.4 0.1
v -0.2 -0.5 0
v -0.2 -0.4 0
v -0.1 -0.4 0
v -0.1 -0.5 0
v -0.1 -0.4 0.1
v -0.1 -0.5 0.1
v 0 -0.5 0.1
v 0 -0.4 0.1
v -0.1 -0.5 0
v -0.1 -0.4 0
v 0 -0.4 0
v 0 -0.5 0
v 0 -0.4 0.1
v 0 -0.5 0.1
v 0.1 -0.5 0.1
v 0.1 -0.4 0.1
v 0 -0.5 0
v 0 -0.4 0
v 0.1 -0.4 0
v 0.1 -0.5 0
v 0.1 -0.4 0.1
v 0.1 -0.4 0
v 0 -0.4 0
v 0 -0.4 0.1
v 0.1 -0.4 0.1
v 0.1 -0.5 0.1
v 0.2 -0.5 0.1
v 0.2 -0.4 0.1
v 0.1 -0.5 0
v 0.1 -0.4 0
v 0.2 -0.4 0
v 0.2 -0.5 0
v 0.2 -0.4 0.1
v 0.2 -0.5 0.1
v 0.3 -0.5 0.1
v 0.3 -0.4 0.1
v 0.2 -0.5 0
v 0.2 -0.4 0
v 0.3 -0.4 0
v 0.3 -0.5 0
v 0.3 -0.4 0.1
v 0.3 -0.5 0.1
v 0.4 -0.5 0.1
v 0.4 -0.4 0.1
v 0.3 -0.5 0
v 0.3 -0.4 0
v 0.4 -0.4 0
v 0.4 -0.5 0
v 0.4 -0.4 0.1
v 0.4 -0.4 0
v 0.3 -0.4 0
v 0.3 -0.4 0.1
v 0.4 -0.4 0.1
v 0.4 -0.5 0.1
v 0.5 -0.5 0.1
v 0.5 -0.4 0.1
v 0.4 -0.5 0
v 0.4 -0.4 0
v 0.5 -0.4 0
v 0.5 -0.5 0
v 0.5 -0.4 0.1
v 0.5 -0.5 0.1
v 0.6 -0.5 0.1
v 0.6 -0.4 0.1
v 0.5 -0.5 0
v 0.5 -0.4 0
v 0.6 -0.4 0
v 0.6 -0.5 0
v 0.5 -0.5 0.1
v 0.5 -0.5 0
v 0.6 -0.5 0
v 0.6 -0.5 0.1
v 0.6 -0.4 0.1
v 0.6 -0.5 0.1
v 0.7 -0.5 0.1
v 0.7 -0.4 0.1
v 0.6 -0.5 0
v 0.6 -0.4 0
v 0.7 -0.4 0
v 0.7 -0.5 0
v 0.6 -0.5 0.1
v 0.6 -0.5 0
v 0.7 -0.5 0
v 0.7 -0.5 0.1
v 0.7 -0.4 0.1
v 0.7 -0.5 0.1
v 0.8 -0.5 0.1
v 0.8 -0.4 0.1
v 0.7 -0.5 0
v 0.7 -0.4 0
v 0.8 -0.4 0
v 0.8 -0.5 0
v 0.7 -0.5 0.1
v 0.7 -0.5 0
v 0.8 -0.5 0
v 0.8 -0.5 0.1
v 0.8 -0.4 0.1
v 0.8 -0.5 0.1
v 0.9 -0.5 0.1
v 0.9 -0.4 0.1
v 0.8 -0.5 0
v 0.8 -0.4 0
v 0.9 -0.4 0
v 0.9 -0.5 0
v 0.8 -0.5 0.1
v 0.8 -0.5 0
v 0.9 -0.5 0
v 0.9 -0.5 0.1
v 0.9 -0.4 0.1
v 0.9 -0.5 0.1
v 1 -0.5 0.1
v 1 -0.4 0.1
v 0.9 -0.5 0
v 0.9 -0.4 0
v 1 -0.4 0
v 1 -0.5 0
v 0.9 -0.5 0.1
v 0.9 -0.5 0
v 1 -0.5 0
v 1 -0.5 0.1
v 1 -0.4 0.1
v 1 -0.5 0.1
v 1.1 -0.5 0.1
v 1.1 -0.4 0.1
v 1 -0.5 0
v 1 -0.4 0
v 1.1 -0.4 0
v 1.1 -0.5 0
v 1 -0.5 0.1
v 1 -0.5 0
v 1.1 -0.5 0
v 1.1 -0.5 0.1
v 1.2 -0.5 0.1
v 1.2 -0.5 0
v 1.2 -0.4 0
v 1.2 -0.4 0.1
v 1.1 -0.4 0.1
v 1.1 -0.5 0.1
v 1.2 -0.5 0.1
v 1.2 -0.4 0.1
v 1.1 -0.5 0
v 1.1 -0.4 0
v 1.2 -0.4 0
v 1.2 -0.5 0
v 1.1 -0.5 0.1
v 1.1 -0.5 0
v 1.2 -0.5 0
v 1.2 -0.5 0.1
v -1.2 -0.5 0.4
v -1.2 -0.5 0.3
v -1.2 -0.6 0.3
v -1.2 -0.6 0.4
v -1.2 -0.5 0.4
v -1.2 -0.6 0.4
v -1.1 -0.6 0.4
v -1.1 -0.5 0.4
v -1.2 -0.6 0.3
v -1.2 -0.5 0.3
v -1.1 -0.5 0.3
v -1.1 -0.6 0.3
v -1.1 -0.5 0.4
v -1.1 -0.5 0.3
v -1.2 -0.5 0.3
v -1.2 -0.5 0.4
v -1.1 -0.5 0.4
v -1.1 -0.6 0.4
v -1 -0.6 0.4
v -1 -0.5 0.4
v -1.1 -0.6 0.3
v -1.1 -0.5 0.3
v -1 -0.5 0.3
v -1 -0.6 0.3
v -1 -0.5 0.4
v -1 -0.5 0.3
v -1.1 -0.5 0.3
v -1.1 -0.5 0.4
v -0.9 -0.6 0.4
v -0.9 -0.6 0.3
v -0.9 -0.5 0.3
v -0.9 -0.5 0.4
v -1 -0.5 0.4
v -1 -0.6 0.4
v -0.9 -0.6 0.4
v -0.9 -0.5 0.4
v -1 -0.6 0.3
v -1 -0.5 0.3
v -0.9 -0.5 0.3
v -0.9 -0.6 0.3
v -0.9 -0.5 0.4
v -0.9 -0.5 0.3
v -1 -0.5 0.3
v -1 -0.5 0.4
v -0.9 -0.5 0.1
v -0.9 -0.5 0
v -0.9 -0.6 0
v -0.9 -0.6 0.1
v -0.9 -0.5 0.1
v -0.9 -0.6 0.1
v -0.8 -0.6 0.1
v -0.8 -0.5 0.1
v -0.9 -0.6 0
v -0.9 -0.5 0
v -0.8 -0.5 0
v -0.8 -0.6 0
v -0.9 -0.6 0.1
v -0.9 -0.6 0
v -0.8 -0.6 0
v -0.8 -0.6 0.1
v -0.8 -0.5 0.1
v -0.8 -0.6 0.1
v -0.7 -0.6 0.1
v -0.7 -0.5 0.1
v -0.8 -0.6 0
v -0.8 -0.5 0
v -0.7 -0.5 0
v -0.7 -0.6 0
v -0.8 -0.6 0.1
v -0.8 -0.6 0
v -0.7 -0.6 0
v -0.7 -0.6 0.1
v -0.7 -0.5 0.1
v -0.7 -0.6 0.1
v -0.6 -0.6 0.1
v -0.6 -0.5 0.1
v -0.7 -0.6 0
v -0.7 -0.5 0
v -0.6 -0.5 0
v -0.6 -0.6 0
v -0.6 -0.5 0.1
v -0.6 -0.6 0.1
v -0.5 -0.6 0.1
v -0.5 -0.5 0.1
v -0.6 -0.6 0
v -0.6 -0.5 0
v -0.5 -0.5 0
v -0.5 -0.6 0
v -0.5 -0.5 0.1
v -0.5 -0.6 0.1
v -0.4 -0.6 0.1
v -0.4 -0.5 0.1
v -0.5 -0.6 0
v -0.5 -0.5 0
v -0.4 -0.5 0
v -0.4 -0.6 0
v -0.4 -0.5 0.1
v -0.4 -0.6 0.1
v -0.3 -0.6 0.1
v -0.3 -0.5 0.1
v -0.4 -0.6 0
v -0.4 -0.5 0
v -0.3 -0.5 0
v -0.3 -0.6 0
v -0.3 -0.5 0.1
v -0.3 -0.6 0.1
v -0.2 -0.6 0.1
v -0.2 -0.5 0.1
v -0.3 -0.6 0
v -0.3 -0.5 0
v -0.2 -0.5 0
v -0.2 -0.6 0
v -0.2 -0.5 0.1
v -0.2 -0.6 0.1
v -0.1 -0.6 0.1
v -0.1 -0.5 0.1
v -0.2 -0.6 0
v -0.2 -0.5 0
v -0.1 -0.5 0
v -0.1 -0.6 0
v -0.1 -0.5 0.1
v -0.1 -0.6 0.1
v 0 -0.6 0.1
v 0 -0.5 0.1
v -0.1 -0.6 0
v -0.1 -0.5 0
v 0 -0.5 0
v 0 -0.6 0
v 0 -0.5 0.1
v 0 -0.6 0.1
v 0.1 -0.6 0.1
v 0.1 -0.5 0.1
v 0 -0.6 0
v 0 -0.5 0
v 0.1 -0.5 0
v 0.1 -0.6 0
v 0.1 -0.5 0.1
v 0.1 -0.6 0.1
v 0.2 -0.6 0.1
v 0.2 -0.5 0.1
v 0.1 -0.6 0
v 0.1 -0.5 0
v 0.2 -0.5 0
v 0.2 -0.6 0
v 0.2 -0.5 0.1
v 0.2 -0.6 0.1
v 0.3 -0.6 0.1
v 0.3 -0.5 0.1
v 0.2 -0.6 0
v 0.2 -0.5 0
v 0.3 -0.5 0
v 0.3 -0.6 0
v 0.3 -0.5 0.1
v 0.3 -0.6 0.1
v 0.4 -0.6 0.1
v 0.4 -0.5 0.1
v 0.3 -0.6 0
v 0.3 -0.5 0
v 0.4 -0.5 0
v 0.4 -0.6 0
v 0.3 -0.6 0.1
v 0.3 -0.6 0
v 0.4 -0.6 0
v 0.4 -0.6 0.1
v 0.5 -0.6 0.1
v 0.5 -0.6 0
v 0.5 -0.5 0
v 0.5 -0.5 0.1
v 0.4 -0.5 0.1
v 0.4 -0.6 0.1
v 0.5 -0.6 0.1
v 0.5 -0.5 0.1
v 0.4 -0.6 0
v 0.4 -0.5 0
v 0.5 -0.5 0
v 0.5 -0.6 0
v 0.4 -0.6 0.1
v 0.4 -0.6 0
v 0.5 -0.6 0
v 0.5 -0.6 0.1
v 0.5 -0.5 0.4
v 0.5 -0.5 0.3
v 0.5 -0.6 0.3
v 0.5 -0.6 0.4
v 0.5 -0.5 0.4
v 0.5 -0.6 0.4
v 0.6 -0.6 0.4
v 0.6 -0.5 0.4
v 0.5 -0.6 0.3
v 0.5 -0.5 0.3
v 0.6 -0.5 0.3
v 0.6 -0.6 0.3
v 0.6 -0.5 0.4
v 0.6 -0.5 0.3
v 0.5 -0.5 0.3
v 0.5 -0.5 0.4
v 0.6 -0.5 0.4
v 0.6 -0.6 0.4
v 0.7 -0.6 0.4
v 0.7 -0.5 0.4
v 0.6 -0.6 0.3
v 0.6 -0.5 0.3
v 0.7 -0.5 0.3
v 0.7 -0.6 0.3
v 0.7 -0.5 0.4
v 0.7 -0.5 0.3
v 0.6 -0.5 0.3
v 0.6 -0.5 0.4
v 0.7 -0.5 0.4
v 0.7 -0.6 0.4
v 0.8 -0.6 0.4
v 0.8 -0.5 0.4
v 0.7 -0.6 0.3
v 0.7 -0.5 0.3
v 0.8 -0.5 0.3
v 0.8 -0.6 0.3
v 0.8 -0.5 0.4
v 0.8 -0.5 0.3
v 0.7 -0.5 0.3
v 0.7 -0.5 0.4
v 0.8 -0.5 0.4
v 0.8 -0.6 0.4
v 0.9 -0.6 0.4
v 0.9 -0.5 0.4
v 0.8 -0.6 0.3
v 0.8 -0.5 0.3
v 0.9 -0.5 0.3
v 0.9 -0.6 0.3
v 0.9 -0.5 0.4
v 0.9 -0.5 0.3
v 0.8 -0.5 0.3
v 0.8 -0.5 0.4
v 0.9 -0.5 0.4
v 0.9 -0.6 0.4
v 1 -0.6 0.4
v 1 -0.5 0.4
v 0.9 -0.6 0.3
v 0.9 -0.5 0.3
v 1 -0.5 0.3
v 1 -0.6 0.3
v 1 -0.5 0.4
v 1 -0.5 0.3
v 0.9 -0.5 0.3
v 0.9 -0.5 0.4
v 1 -0.5 0.4
v 1 -0.6 0.4
v 1.1 -0.6 0.4
v 1.1 -0.5 0.4
v 1 -0.6 0.3
v 1 -0.5 0.3
v 1.1 -0.5 0.3
v 1.1 -0.6 0.3
v 1.1 -0.5 0.4
v 1.1 -0.5 0.3
v 1 -0.5 0.3
v 1 -0.5 0.4
v 1.2 -0.6 0.4
v 1.2 -0.6 0.3
v 1.2 -0.5 0.3
v 1.2 -0.5 0.4
v 1.1 -0.5 0.4
v 1.1 -0.6 0.4
v 1.2 -0.6 0.4
v 1.2 -0.5 0.4
v 1.1 -0.6 0.3
v 1.1 -0.5 0.3
v 1.2 -0.5 0.3
v 1.2 -0.6 0.3
v 1.2 -0.5 0.4
v 1.2 -0.5 0.3
v 1.1 -0.5 0.3
v 1.1 -0.5 0.4
v -1.2 -0.6 0.4
v -1.2 -0.6 0.3
v -1.2 -0.7 0.3
v -1.2 -0.7 0.4
v -1.2 -0.6 0.4
v -1.2 -0.7 0.4
v -1.1 -0.7 0.4
v -1.1 -0.6 0.4
v -1.2 -0.7 0.3
v -1.2 -0.6 0.3
v -1.1 -0.6 0.3
v -1.1 -0.7 0.3
v -1.1 -0.6 0.4
v -1.1 -0.7 0.4
v -1 -0.7 0.4
v -1 -0.6 0.4
v -1.1 -0.7 0.3
v -1.1 -0.6 0.3
v -1 -0.6 0.3
v -1 -0.7 0.3
v -1 -0.6 0.4
v -1 -0.7 0.4
v -0.9 -0.7 0.4
v -0.9 -0.6 0.4
v -1 -0.7 0.3
v -1 -0.6 0.3
v -0.9 -0.6 0.3
v -0.9 -0.7 0.3
v -0.9 -0.6 0.4
v -0.9 -0.7 0.4
v -0.8 -0.7 0.4
v -0.8 -0.6 0.4
v -0.9 -0.7 0.3
v -0.9 -0.6 0.3
v -0.8 -0.6 0.3
v -0.8 -0.7 0.3
v -0.9 -0.7 0.4
v -0.9 -0.7 0.3
v -0.8 -0.7 0.3
v -0.8 -0.7 0.4
v -0.8 -0.6 0.4
v -0.8 -0.6 0.3
v -0.9 -0.6 0.3
v -0.9 -0.6 0.4
v -0.7 -0.7 0.4
v -0.7 -0.7 0.3
v -0.7 -0.6 0.3
v -0.7 -0.6 0.4
v -0.8 -0.6 0.4
v -0.8 -0.7 0.4
v -0.7 -0.7 0.4
v -0.7 -0.6 0.4
v -0.8 -0.7 0.3
v -0.8 -0.6 0.3
v -0.7 -0.6 0.3
v -0.7 -0.7 0.3
v -0.8 -0.7 0.4
v -0.8 -0.7 0.3
v -0.7 -0.7 0.3
v -0.7 -0.7 0.4
v -0.7 -0.6 0.4
v -0.7 -0.6 0.3
v -0.8 -0.6 0.3
v -0.8 -0.6 0.4
v -0.7 -0.6 0.1
v -0.7 -0.6 0
v -0.7 -0.7 0
v -0.7 -0.7 0.1
v -0.7 -0.6 0.1
v -0.7 -0.7 0.1
v -0.6 -0.7 0.1
v -0.6 -0.6 0.1
v -0.7 -0.7 0
v -0.7 -0.6 0
v -0.6 -0.6 0
v -0.6 -0.7 0
v -0.6 -0.6 0.1
v -0.6 -0.7 0.1
v -0.5 -0.7 0.1
v -0.5 -0.6 0.1
v -0.6 -0.7 0
v -0.6 -0.6 0
v -0.5 -0.6 0
v -0.5 -0.7 0
v -0.5 -0.6 0.1
v -0.5 -0.7 0.1
v -0.4 -0.7 0.1
v -0.4 -0.6 0.1
v -0.5 -0.7 0
v -0.5 -0.6 0
v -0.4 -0.6 0
v -0.4 -0.7 0
v -0.4 -0.6 0.1
v -0.4 -0.7 0.1
v -0.3 -0.7 0.1
v -0.3 -0.6 0.1
v -0.4 -0.7 0
v -0.4 -0.6 0
v -0.3 -0.6 0
v -0.3 -0.7 0
v -0.3 -0.6 0.1
v -0.3 -0.7 0.1
v -0.2 -0.7 0.1
v -0.2 -0.6 0.1
v -0.3 -0.7 0
v -0.3 -0.6 0
v -0.2 -0.6 0
v -0.2 -0.7 0
v -0.2 -0.6 0.1
v -0.2 -0.7 0.1
v -0.1 -0.7 0.1
v -0.1 -0.6 0.1
v -0.2 -0.7 0
v -0.2 -0.6 0
v -0.1 -0.6 0
v -0.1 -0.7 0
v -0.1 -0.6 0.1
v -0.1 -0.7 0.1
v 0 -0.7 0.1
v 0 -0.6 0.1
v -0.1 -0.7 0
v -0.1 -0.6 0
v 0 -0.6 0
v 0 -0.7 0
v 0 -0.6 0.1
v 0 -0.7 0.1
v 0.1 -0.7 0.1
v 0.1 -0.6 0.1
v 0 -0.7 0
v 0 -0.6 0
v 0.1 -0.6 0
v 0.1 -0.7 0
v 0.1 -0.6 0.1
v 0.1 -0.7 0.1
v 0.2 -0.7 0.1
v 0.2 -0.6 0.1
v 0.1 -0.7 0
v 0.1 -0.6 0
v 0.2 -0.6 0
v 0.2 -0.7 0
v 0.3 -0.7 0.1
v 0.3 -0.7 0
v 0.3 -0.6 0
v 0.3 -0.6 0.1
v 0.2 -0.6 0.1
v 0.2 -0.7 0.1
v 0.3 -0.7 0.1
v 0.3 -0.6 0.1
v 0.2 -0.7 0
v 0.2 -0.6 0
v 0.3 -0.6 0
v 0.3 -0.7 0
v 0.3 -0.6 0.4
v 0.3 -0.6 0.3
v 0.3 -0.7 0.3
v 0.3 -0.7 0.4
v 0.3 -0.6 0.4
v 0.3 -0.7 0.4
v 0.4 -0.7 0.4
v 0.4 -0.6 0.4
v 0.3 -0.7 0.3
v 0.3 -0.6 0.3
v 0.4 -0.6 0.3
v 0.4 -0.7 0.3
v 0.3 -0.7 0.4
v 0.3 -0.7 0.3
v 0.4 -0.7 0.3
v 0.4 -0.7 0.4
v 0.4 -0.6 0.4
v 0.4 -0.6 0.3
v 0.3 -0.6 0.3
v 0.3 -0.6 0.4
v 0.4 -0.6 0.4
v 0.4 -0.7 0.4
v 0.5 -0.7 0.4
v 0.5 -0.6 0.4
v 0.4 -0.7 0.3
v 0.4 -0.6 0.3
v 0.5 -0.6 0.3
v 0.5 -0.7 0.3
v 0.5 -0.6 0.4
v 0.5 -0.6 0.3
v 0.4 -0.6 0.3
v 0.4 -0.6 0.4
v 0.5 -0.6 0.4
v 0.5 -0.7 0.4
v 0.6 -0.7 0.4
v 0.6 -0.6 0.4
v 0.5 -0.7 0.3
v 0.5 -0.6 0.3
v 0.6 -0.6 0.3
v 0.6 -0.7 0.3
v 0.6 -0.6 0.4
v 0.6 -0.7 0.4
v 0.7 -0.7 0.4
v 0.7 -0.6 0.4
v 0.6 -0.7 0.3
v 0.6 -0.6 0.3
v 0.7 -0.6 0.3
v 0.7 -0.7 0.3
v 0.7 -0.6 0.4
v 0.7 -0.7 0.4
v 0.8 -0.7 0.4
v 0.8 -0.6 0.4
v 0.7 -0.7 0.3
v 0.7 -0.6 0.3
v 0.8 -0.6 0.3
v 0.8 -0.7 0.3
v 0.8 -0.6 0.4
v 0.8 -0.7 0.4
v 0.9 -0.7 0.4
v 0.9 -0.6 0.4
v 0.8 -0.7 0.3
v 0.8 -0.6 0.3
v 0.9 -0.6 0.3
v 0.9 -0.7 0.3
v 0.9 -0.6 0.4
v 0.9 -0.7 0.4
v 1 -0.7 0.4
v 1 -0.6 0.4
v 0.9 -0.7 0.3
v 0.9 -0.6 0.3
v 1 -0.6 0.3
v 1 -0.7 0.3
v 1 -0.6 0.4
v 1 -0.7 0.4
v 1.1 -0.7 0.4
v 1.1 -0.6 0.4
v 1 -0.7 0.3
v 1 -0.6 0.3
v 1.1 -0.6 0.3
v 1.1 -0.7 0.3
v 1.2 -0.7 0.4
v 1.2 -0.7 0.3
v 1.2 -0.6 0.3
v 1.2 -0.6 0.4
v 1.1 -0.6 0.4
v 1.1 -0.7 0.4
v 1.2 -0.7 0.4
v 1.2 -0.6 0.4
v 1.1 -0.7 0.3
v 1.1 -0.6 0.3
v 1.2 -0.6 0.3
v 1.2 -0.7 0.3
v -1.2 -0.7 0.4
v -1.2 -0.7 0.3
v -1.2 -0.8 0.3
v -1.2 -0.8 0.4
v -1.2 -0.7 0.4
v -1.2 -0.8 0.4
v -1.1 -0.8 0.4
v -1.1 -0.7 0.4
v -1.2 -0.8 0.3
v -1.2 -0.7 0.3
v -1.1 -0.7 0.3
v -1.1 -0.8 0.3
v -1.1 -0.7 0.4
v -1.1 -0.8 0.4
v -1 -0.8 0.4
v -1 -0.7 0.4
v -1.1 -0.8 0.3
v -1.1 -0.7 0.3
v -1 -0.7 0.3
v -1 -0.8 0.3
v -0.9 -0.8 0.4
v -0.9 -0.8 0.3
v -0.9 -0.7 0.3
v -0.9 -0.7 0.4
v -1 -0.7 0.4
v -1 -0.8 0.4
v -0.9 -0.8 0.4
v -0.9 -0.7 0.4
v -1 -0.8 0.3
v -1 -0.7 0.3
v -0.9 -0.7 0.3
v -0.9 -0.8 0.3
v -0.9 -0.7 0.1
v -0.9 -0.7 0
v -0.9 -0.8 0
v -0.9 -0.8 0.1
v -0.9 -0.7 0.1
v -0.9 -0.8 0.1
v -0.8 -0.8 0.1
v -0.8 -0.7 0.1
v -0.9 -0.8 0
v -0.9 -0.7 0
v -0.8 -0.7 0
v -0.8 -0.8 0
v -0.9 -0.8 0.1
v -0.9 -0.8 0
v -0.8 -0.8 0
v -0.8 -0.8 0.1
v -0.8 -0.7 0.1
v -0.8 -0.7 0
v -0.9 -0.7 0
v -0.9 -0.7 0.1
v -0.8 -0.7 0.1
v -0.8 -0.8 0.1
v -0.7 -0.8 0.1
v -0.7 -0.7 0.1
v -0.8 -0.8 0
v -0.8 -0.7 0
v -0.7 -0.7 0
v -0.7 -0.8 0
v -0.8 -0.8 0.1
v -0.8 -0.8 0
v -0.7 -0.8 0
v -0.7 -0.8 0.1
v -0.7 -0.7 0.1
v -0.7 -0.7 0
v -0.8 -0.7 0
v -0.8 -0.7 0.1
v -0.7 -0.7 0.1
v -0.7 -0.8 0.1
v -0.6 -0.8 0.1
v -0.6 -0.7 0.1
v -0.7 -0.8 0
v -0.7 -0.7 0
v -0.6 -0.7 0
v -0.6 -0.8 0
v -0.7 -0.8 0.1
v -0.7 -0.8 0
v -0.6 -0.8 0
v -0.6 -0.8 0.1
v -0.6 -0.7 0.1
v -0.6 -0.8 0.1
v -0.5 -0.8 0.1
v -0.5 -0.7 0.1
v -0.6 -0.8 0
v -0.6 -0.7 0
v -0.5 -0.7 0
v -0.5 -0.8 0
v -0.5 -0.7 0.1
v -0.5 -0.8 0.1
v -0.4 -0.8 0.1
v -0.4 -0.7 0.1
v -0.5 -0.8 0
v -0.5 -0.7 0
v -0.4 -0.7 0
v -0.4 -0.8 0
v -0.4 -0.7 0.1
v -0.4 -0.8 0.1
v -0.3 -0.8 0.1
v -0.3 -0.7 0.1
v -0.4 -0.8 0
v -0.4 -0.7 0
v -0.3 -0.7 0
v -0.3 -0.8 0
v -0.3 -0.7 0.1
v -0.3 -0.8 0.1
v -0.2 -0.8 0.1
v -0.2 -0.7 0.1
v -0.3 -0.8 0
v -0.3 -0.7 0
v -0.2 -0.7 0
v -0.2 -0.8 0
v -0.2 -0.7 0.1
v -0.2 -0.8 0.1
v -0.1 -0.8 0.1
v -0.1 -0.7 0.1
v -0.2 -0.8 0
v -0.2 -0.7 0
v -0.1 -0.7 0
v -0.1 -0.8 0
v -0.1 -0.7 0.1
v -0.1 -0.8 0.1
v 0 -0.8 0.1
v 0 -0.7 0.1
v -0.1 -0.8 0
v -0.1 -0.7 0
v 0 -0.7 0
v 0 -0.8 0
v 0 -0.7 0.1
v 0 -0.8 0.1
v 0.1 -0.8 0.1
v 0.1 -0.7 0.1
v 0 -0.8 0
v 0 -0.7 0
v 0.1 -0.7 0
v 0.1 -0.8 0
v 0.1 -0.7 0.1
v 0.1 -0.8 0.1
v 0.2 -0.8 0.1
v 0.2 -0.7 0.1
v 0.1 -0.8 0
v 0.1 -0.7 0
v 0.2 -0.7 0
v 0.2 -0.8 0
v 0.2 -0.7 0.1
v 0.2 -0.8 0.1
v 0.3 -0.8 0.1
v 0.3 -0.7 0.1
v 0.2 -0.8 0
v 0.2 -0.7 0
v 0.3 -0.7 0
v 0.3 -0.8 0
v 0.4 -0.8 0.1
v 0.4 -0.8 0
v 0.4 -0.7 0
v 0.4 -0.7 0.1
v 0.3 -0.7 0.1
v 0.3 -0.8 0.1
v 0.4 -0.8 0.1
v 0.4 -0.7 0.1
v 0.3 -0.8 0
v 0.3 -0.7 0
v 0.4 -0.7 0
v 0.4 -0.8 0
v 0.3 -0.8 0.1
v 0.3 -0.8 0
v 0.4 -0.8 0
v 0.4 -0.8 0.1
v 0.4 -0.7 0.1
v 0.4 -0.7 0
v 0.3 -0.7 0
v 0.3 -0.7 0.1
v 0.4 -0.7 0.4
v 0.4 -0.7 0.3
v 0.4 -0.8 0.3
v 0.4 -0.8 0.4
v 0.4 -0.7 0.4
v 0.4 -0.8 0.4
v 0.5 -0.8 0.4
v 0.5 -0.7 0.4
v 0.4 -0.8 0.3
v 0.4 -0.7 0.3
v 0.5 -0.7 0.3
v 0.5 -0.8 0.3
v 0.5 -0.7 0.4
v 0.5 -0.8 0.4
v 0.6 -0.8 0.4
v 0.6 -0.7 0.4
v 0.5 -0.8 0.3
v 0.5 -0.7 0.3
v 0.6 -0.7 0.3
v 0.6 -0.8 0.3
v 0.6 -0.7 0.4
v 0.6 -0.8 0.4
v 0.7 -0.8 0.4
v 0.7 -0.7 0.4
v 0.6 -0.8 0.3
v 0.6 -0.7 0.3
v 0.7 -0.7 0.3
v 0.7 -0.8 0.3
v 0.7 -0.7 0.4
v 0.7 -0.8 0.4
v 0.8 -0.8 0.4
v 0.8 -0.7 0.4
v 0.7 -0.8 0.3
v 0.7 -0.7 0.3
v 0.8 -0.7 0.3
v 0.8 -0.8 0.3
v 0.8 -0.7 0.4
v 0.8 -0.8 0.4
v 0.9 -0.8 0.4
v 0.9 -0.7 0.4
v 0.8 -0.8 0.3
v 0.8 -0.7 0.3
v 0.9 -0.7 0.3
v 0.9 -0.8 0.3
v 0.9 -0.7 0.4
v 0.9 -0.8 0.4
v 1 -0.8 0.4
v 1 -0.7 0.4
v 0.9 -0.8 0.3
v 0.9 -0.7 0.3
v 1 -0.7 0.3
v 1 -0.8 0.3
v 1 -0.7 0.4
v 1 -0.8 0.4
v 1.1 -0.8 0.4
v 1.1 -0.7 0.4
v 1 -0.8 0.3
v 1 -0.7 0.3
v 1.1 -0.7 0.3
v 1.1 -0.8 0.3
v 1.2 -0.8 0.4
v 1.2 -0.8 0.3
v 1.2 -0.7 0.3
v 1.2 -0.7 0.4
v 1.1 -0.7 0.4
v 1.1 -0.8 0.4
v 1.2 -0.8 0.4
v 1.2 -0.7 0.4
v 1.1 -0.8 0.3
v 1.1 -0.7 0.3
v 1.2 -0.7 0.3
v 1.2 -0.8 0.3
v -1.2 -0.8 0.4
v -1.2 -0.8 0.3
v -1.2 -0.9 0.3
v -1.2 -0.9 0.4
v -1.2 -0.8 0.4
v -1.2 -0.9 0.4
v -1.1 -0.9 0.4
v -1.1 -0.8 0.4
v -1.2 -0.9 0.3
v -1.2 -0.8 0.3
v -1.1 -0.8 0.3
v -1.1 -0.9 0.3
v -1.1 -0.8 0.4
v -1.1 -0.9 0.4
v -1 -0.9 0.4
v -1 -0.8 0.4
v -1.1 -0.9 0.3
v -1.1 -0.8 0.3
v -1 -0.8 0.3
v -1 -0.9 0.3
v -1 -0.8 0.4
v -1 -0.9 0.4
v -0.9 -0.9 0.4
v -0.9 -0.8 0.4
v -1 -0.9 0.3
v -1 -0.8 0.3
v -0.9 -0.8 0.3
v -0.9 -0.9 0.3
v -0.9 -0.8 0.4
v -0.9 -0.9 0.4
v -0.8 -0.9 0.4
v -0.8 -0.8 0.4
v -0.9 -0.9 0.3
v -0.9 -0.8 0.3
v -0.8 -0.8 0.3
v -0.8 -0.9 0.3
v -0.8 -0.8 0.4
v -0.8 -0.8 0.3
v -0.9 -0.8 0.3
v -0.9 -0.8 0.4
v -0.8 -0.8 0.4
v -0.8 -0.9 0.4
v -0.7 -0.9 0.4
v -0.7 -0.8 0.4
v -0.8 -0.9 0.3
v -0.8 -0.8 0.3
v -0.7 -0.8 0.3
v -0.7 -0.9 0.3
v -0.7 -0.8 0.4
v -0.7 -0.8 0.3
v -0.8 -0.8 0.3
v -0.8 -0.8 0.4
v -0.6 -0.9 0.4
v -0.6 -0.9 0.3
v -0.6 -0.8 0.3
v -0.6 -0.8 0.4
v -0.7 -0.8 0.4
v -0.7 -0.9 0.4
v -0.6 -0.9 0.4
v -0.6 -0.8 0.4
v -0.7 -0.9 0.3
v -0.7 -0.8 0.3
v -0.6 -0.8 0.3
v -0.6 -0.9 0.3
v -0.7 -0.9 0.4
v -0.7 -0.9 0.3
v -0.6 -0.9 0.3
v -0.6 -0.9 0.4
v -0.6 -0.8 0.4
v -0.6 -0.8 0.3
v -0.7 -0.8 0.3
v -0.7 -0.8 0.4
v -0.6 -0.8 0.1
v -0.6 -0.8 0
v -0.6 -0.9 0
v -0.6 -0.9 0.1
v -0.6 -0.8 0.1
v -0.6 -0.9 0.1
v -0.5 -0.9 0.1
v -0.5 -0.8 0.1
v -0.6 -0.9 0
v -0.6 -0.8 0
v -0.5 -0.8 0
v -0.5 -0.9 0
v -0.5 -0.8 0.1
v -0.5 -0.9 0.1
v -0.4 -0.9 0.1
v -0.4 -0.8 0.1
v -0.5 -0.9 0
v -0.5 -0.8 0
v -0.4 -0.8 0
v -0.4 -0.9 0
v -0.4 -0.8 0.1
v -0.4 -0.9 0.1
v -0.3 -0.9 0.1
v -0.3 -0.8 0.1
v -0.4 -0.9 0
v -0.4 -0.8 0
v -0.3 -0.8 0
v -0.3 -0.9 0
v -0.3 -0.8 0.1
v -0.3 -0.9 0.1
v -0.2 -0.9 0.1
v -0.2 -0.8 0.1
v -0.3 -0.9 0
v -0.3 -0.8 0
v -0.2 -0.8 0
v -0.2 -0.9 0
v -0.2 -0.8 0.1
v -0.2 -0.9 0.1
v -0.1 -0.9 0.1
v -0.1 -0.8 0.1
v -0.2 -0.9 0
v -0.2 -0.8 0
v -0.1 -0.8 0
v -0.1 -0.9 0
v -0.1 -0.8 0.1
v -0.1 -0.9 0.1
v 0 -0.9 0.1
v 0 -0.8 0.1
v -0.1 -0.9 0
v -0.1 -0.8 0
v 0 -0.8 0
v 0 -0.9 0
v 0 -0.8 0.1
v 0 -0.9 0.1
v 0.1 -0.9 0.1
v 0.1 -0.8 0.1
v 0 -0.9 0
v 0 -0.8 0
v 0.1 -0.8 0
v 0.1 -0.9 0
v 0.1 -0.8 0.1
v 0.1 -0.9 0.1
v 0.2 -0.9 0.1
v 0.2 -0.8 0.1
v 0.1 -0.9 0
v 0.1 -0.8 0
v 0.2 -0.8 0
v 0.2 -0.9 0
v 0.1 -0.9 0.1
v 0.1 -0.9 0
v 0.2 -0.9 0
v 0.2 -0.9 0.1
v 0.3 -0.9 0.1
v 0.3 -0.9 0
v 0.3 -0.8 0
v 0.3 -0.8 0.1
v 0.2 -0.8 0.1
v 0.2 -0.9 0.1
v 0.3 -0.9 0.1
v 0.3 -0.8 0.1
v 0.2 -0.9 0
v 0.2 -0.8 0
v 0.3 -0.8 0
v 0.3 -0.9 0
v 0.2 -0.9 0.1
v 0.2 -0.9 0
v 0.3 -0.9 0
v 0.3 -0.9 0.1
v 0.3 -0.8 0.4
v 0.3 -0.8 0.3
v 0.3 -0.9 0.3
v 0.3 -0.9 0.4
v 0.3 -0.8 0.4
v 0.3 -0.9 0.4
v 0.4 -0.9 0.4
v 0.4 -0.8 0.4
v 0.3 -0.9 0.3
v 0.3 -0.8 0.3
v 0.4 -0.8 0.3
v 0.4 -0.9 0.3
v 0.4 -0.8 0.4
v 0.4 -0.8 0.3
v 0.3 -0.8 0.3
v 0.3 -0.8 0.4
v 0.4 -0.8 0.4
v 0.4 -0.9 0.4
v 0.5 -0.9 0.4
v 0.5 -0.8 0.4
v 0.4 -0.9 0.3
v 0.4 -0.8 0.3
v 0.5 -0.8 0.3
v 0.5 -0.9 0.3
v 0.5 -0.8 0.4
v 0.5 -0.9 0.4
v 0.6 -0.9 0.4
v 0.6 -0.8 0.4
v 0.5 -0.9 0.3
v 0.5 -0.8 0.3
v 0.6 -0.8 0.3
v 0.6 -0.9 0.3
v 0.6 -0.8 0.4
v 0.6 -0.9 0.4
v 0.7 -0.9 0.4
v 0.7 -0.8 0.4
v 0.6 -0.9 0.3
v 0.6 -0.8 0.3
v 0.7 -0.8 0.3
v 0.7 -0.9 0.3
v 0.7 -0.8 0.4
v 0.7 -0.9 0.4
v 0.8 -0.9 0.4
v 0.8 -0.8 0.4
v 0.7 -0.9 0.3
v 0.7 -0.8 0.3
v 0.8 -0.8 0.3
v 0.8 -0.9 0.3
v 0.8 -0.8 0.4
v 0.8 -0.9 0.4
v 0.9 -0.9 0.4
v 0.9 -0.8 0.4
v 0.8 -0.9 0.3
v 0.8 -0.8 0.3
v 0.9 -0.8 0.3
v 0.9 -0.9 0.3
v 0.9 -0.8 0.4
v 0.9 -0.9 0.4
v 1 -0.9 0.4
v 1 -0.8 0.4
v 0.9 -0.9 0.3
v 0.9 -0.8 0.3
v 1 -0.8 0.3
v 1 -0.9 0.3
v 1 -0.8 0.4
v 1 -0.9 0.4
v 1.1 -0.9 0.4
v 1.1 -0.8 0.4
v 1 -0.9 0.3
v 1 -0.8 0.3
v 1.1 -0.8 0.3
v 1.1 -0.9 0.3
v 1.2 -0.9 0.4
v 1.2 -0.9 0.3
v 1.2 -0.8 0.3
v 1.2 -0.8 0.4
v 1.1 -0.8 0.4
v 1.1 -0.9 0.4
v 1.2 -0.9 0.4
v 1.2 -0.8 0.4
v 1.1 -0.9 0.3
v 1.1 -0.8 0.3
v 1.2 -0.8 0.3
v 1.2 -0.9 0.3
v -1.2 -0.9 0.4
v -1.2 -0.9 0.3
v -1.2 -1 0.3
v -1.2 -1 0.4
v -1.2 -0.9 0.4
v -1.2 -1 0.4
v -1.1 -1 0.4
v -1.1 -0.9 0.4
v -1.2 -1 0.3
v -1.2 -0.9 0.3
v -1.1 -0.9 0.3
v -1.1 -1 0.3
v -1.1 -0.9 0.4
v -1.1 -1 0.4
v -1 -1 0.4
v -1 -0.9 0.4
v -1.1 -1 0.3
v -1.1 -0.9 0.3
v -1 -0.9 0.3
v -1 -1 0.3
v -1 -0.9 0.4
v -1 -1 0.4
v -0.9 -1 0.4
v -0.9 -0.9 0.4
v -1 -1 0.3
v -1 -0.9 0.3
v -0.9 -0.9 0.3
v -0.9 -1 0.3
v -0.9 -0.9 0.4
v -0.9 -1 0.4
v -0.8 -1 0.4
v -0.8 -0.9 0.4
v -0.9 -1 0.3
v -0.9 -0.9 0.3
v -0.8 -0.9 0.3
v -0.8 -1 0.3
v -0.9 -1 0.4
v -0.9 -1 0.3
v -0.8 -1 0.3
v -0.8 -1 0.4
v -0.7 -1 0.4
v -0.7 -1 0.3
v -0.7 -0.9 0.3
v -0.7 -0.9 0.4
v -0.8 -0.9 0.4
v -0.8 -1 0.4
v -0.7 -1 0.4
v -0.7 -0.9 0.4
v -0.8 -1 0.3
v -0.8 -0.9 0.3
v -0.7 -0.9 0.3
v -0.7 -1 0.3
v -0.8 -1 0.4
v -0.8 -1 0.3
v -0.7 -1 0.3
v -0.7 -1 0.4
v -0.7 -0.9 0.1
v -0.7 -0.9 0
v -0.7 -1 0
v -0.7 -1 0.1
v -0.7 -0.9 0.1
v -0.7 -1 0.1
v -0.6 -1 0.1
v -0.6 -0.9 0.1
v -0.7 -1 0
v -0.7 -0.9 0
v -0.6 -0.9 0
v -0.6 -1 0
v -0.6 -0.9 0.1
v -0.6 -0.9 0
v -0.7 -0.9 0
v -0.7 -0.9 0.1
v -0.6 -0.9 0.1
v -0.6 -1 0.1
v -0.5 -1 0.1
v -0.5 -0.9 0.1
v -0.6 -1 0
v -0.6 -0.9 0
v -0.5 -0.9 0
v -0.5 -1 0
v -0.6 -1 0.1
v -0.6 -1 0
v -0.5 -1 0
v -0.5 -1 0.1
v -0.5 -0.9 0.1
v -0.5 -1 0.1
v -0.4 -1 0.1
v -0.4 -0.9 0.1
v -0.5 -1 0
v -0.5 -0.9 0
v -0.4 -0.9 0
v -0.4 -1 0
v -0.4 -0.9 0.1
v -0.4 -1 0.1
v -0.3 -1 0.1
v -0.3 -0.9 0.1
v -0.4 -1 0
v -0.4 -0.9 0
v -0.3 -0.9 0
v -0.3 -1 0
v -0.3 -0.9 0.1
v -0.3 -1 0.1
v -0.2 -1 0.1
v -0.2 -0.9 0.1
v -0.3 -1 0
v -0.3 -0.9 0
v -0.2 -0.9 0
v -0.2 -1 0
v -0.2 -0.9 0.1
v -0.2 -1 0.1
v -0.1 -1 0.1
v -0.1 -0.9 0.1
v -0.2 -1 0
v -0.2 -0.9 0
v -0.1 -0.9 0
v -0.1 -1 0
v -0.1 -0.9 0.1
v -0.1 -1 0.1
v 0 -1 0.1
v 0 -0.9 0.1
v -0.1 -1 0
v -0.1 -0.9 0
v 0 -0.9 0
v 0 -1 0
v 0.1 -1 0.1
v 0.1 -1 0
v 0.1 -0.9 0
v 0.1 -0.9 0.1
v 0 -0.9 0.1
v 0 -1 0.1
v 0.1 -1 0.1
v 0.1 -0.9 0.1
v 0 -1 0
v 0 -0.9 0
v 0.1 -0.9 0
v 0.1 -1 0
v 0.1 -0.9 0.4
v 0.1 -0.9 0.3
v 0.1 -1 0.3
v 0.1 -1 0.4
v 0.1 -0.9 0.4
v 0.1 -1 0.4
v 0.2 -1 0.4
v 0.2 -0.9 0.4
v 0.1 -1 0.3
v 0.1 -0.9 0.3
v 0.2 -0.9 0.3
v 0.2 -1 0.3
v 0.1 -1 0.4
v 0.1 -1 0.3
v 0.2 -1 0.3
v 0.2 -1 0.4
v 0.2 -0.9 0.4
v 0.2 -0.9 0.3
v 0.1 -0.9 0.3
v 0.1 -0.9 0.4
v 0.2 -0.9 0.4
v 0.2 -1 0.4
v 0.3 -1 0.4
v 0.3 -0.9 0.4
v 0.2 -1 0.3
v 0.2 -0.9 0.3
v 0.3 -0.9 0.3
v 0.3 -1 0.3
v 0.2 -1 0.4
v 0.2 -1 0.3
v 0.3 -1 0.3
v 0.3 -1 0.4
v 0.3 -0.9 0.4
v 0.3 -0.9 0.3
v 0.2 -0.9 0.3
v 0.2 -0.9 0.4
v 0.3 -0.9 0.4
v 0.3 -1 0.4
v 0.4 -1 0.4
v 0.4 -0.9 0.4
v 0.3 -1 0.3
v 0.3 -0.9 0.3
v 0.4 -0.9 0.3
v 0.4 -1 0.3
v 0.3 -1 0.4
v 0.3 -1 0.3
v 0.4 -1 0.3
v 0.4 -1 0.4
v 0.4 -0.9 0.4
v 0.4 -1 0.4
v 0.5 -1 0.4
v 0.5 -0.9 0.4
v 0.4 -1 0.3
v 0.4 -0.9 0.3
v 0.5 -0.9 0.3
v 0.5 -1 0.3
v 0.4 -1 0.4
v 0.4 -1 0.3
v 0.5 -1 0.3
v 0.5 -1 0.4
v 0.5 -0.9 0.4
v 0.5 -1 0.4
v 0.6 -1 0.4
v 0.6 -0.9 0.4
v 0.5 -1 0.3
v 0.5 -0.9 0.3
v 0.6 -0.9 0.3
v 0.6 -1 0.3
v 0.6 -0.9 0.4
v 0.6 -1 0.4
v 0.7 -1 0.4
v 0.7 -0.9 0.4
v 0.6 -1 0.3
v 0.6 -0.9 0.3
v 0.7 -0.9 0.3
v 0.7 -1 0.3
v 0.7 -0.9 0.4
v 0.7 -1 0.4
v 0.8 -1 0.4
v 0.8 -0.9 0.4
v 0.7 -1 0.3
v 0.7 -0.9 0.3
v 0.8 -0.9 0.3
v 0.8 -1 0.3
v 0.8 -0.9 0.4
v 0.8 -1 0.4
v 0.9 -1 0.4
v 0.9 -0.9 0.4
v 0.8 -1 0.3
v 0.8 -0.9 0.3
v 0.9 -0.9 0.3
v 0.9 -1 0.3
v 0.9 -0.9 0.4
v 0.9 -1 0.4
v 1 -1 0.4
v 1 -0.9 0.4
v 0.9 -1 0.3
v 0.9 -0.9 0.3
v 1 -0.9 0.3
v 1 -1 0.3
v 1 -0.9 0.4
v 1 -1 0.4
v 1.1 -1 0.4
v 1.1 -0.9 0.4
v 1 -1 0.3
v 1 -0.9 0.3
v 1.1 -0.9 0.3
v 1.1 -1 0.3
v 1.2 -1 0.4
v 1.2 -1 0.3
v 1.2 -0.9 0.3
v 1.2 -0.9 0.4
v 1.1 -0.9 0.4
v 1.1 -1 0.4
v 1.2 -1 0.4
v 1.2 -0.9 0.4
v 1.1 -1 0.3
v 1.1 -0.9 0.3
v 1.2 -0.9 0.3
v 1.2 -1 0.3
v -1.2 -1 0.4
v -1.2 -1 0.3
v -1.2 -1.1 0.3
v -1.2 -1.1 0.4
v -1.2 -1 0.4
v -1.2 -1.1 0.4
v -1.1 -1.1 0.4
v -1.1 -1 0.4
v -1.2 -1.1 0.3
v -1.2 -1 0.3
v -1.1 -1 0.3
v -1.1 -1.1 0.3
v -1.2 -1.1 0.4
v -1.2 -1.1 0.3
v -1.1 -1.1 0.3
v -1.1 -1.1 0.4
v -1.1 -1 0.4
v -1.1 -1.1 0.4
v -1 -1.1 0.4
v -1 -1 0.4
v -1.1 -1.1 0.3
v -1.1 -1 0.3
v -1 -1 0.3
v -1 -1.1 0.3
v -1.1 -1.1 0.4
v -1.1 -1.1 0.3
v -1 -1.1 0.3
v -1 -1.1 0.4
v -0.9 -1.1 0.4
v -0.9 -1.1 0.3
v -0.9 -1 0.3
v -0.9 -1 0.4
v -1 -1 0.4
v -1 -1.1 0.4
v -0.9 -1.1 0.4
v -0.9 -1 0.4
v -1 -1.1 0.3
v -1 -1 0.3
v -0.9 -1 0.3
v -0.9 -1.1 0.3
v -1 -1.1 0.4
v -1 -1.1 0.3
v -0.9 -1.1 0.3
v -0.9 -1.1 0.4
v -0.9 -1 0.1
v -0.9 -1 0
v -0.9 -1.1 0
v -0.9 -1.1 0.1
v -0.9 -1 0.1
v -0.9 -1.1 0.1
v -0.8 -1.1 0.1
v -0.8 -1 0.1
v -0.9 -1.1 0
v -0.9 -1 0
v -0.8 -1 0
v -0.8 -1.1 0
v -0.8 -1 0.1
v -0.8 -1 0
v -0.9 -1 0
v -0.9 -1 0.1
v -0.8 -1 0.1
v -0.8 -1.1 0.1
v -0.7 -1.1 0.1
v -0.7 -1 0.1
v -0.8 -1.1 0
v -0.8 -1 0
v -0.7 -1 0
v -0.7 -1.1 0
v -0.7 -1 0.1
v -0.7 -1 0
v -0.8 -1 0
v -0.8 -1 0.1
v -0.6 -1.1 0.1
v -0.6 -1.1 0
v -0.6 -1 0
v -0.6 -1 0.1
v -0.7 -1 0.1
v -0.7 -1.1 0.1
v -0.6 -1.1 0.1
v -0.6 -1 0.1
v -0.7 -1.1 0
v -0.7 -1 0
v -0.6 -1 0
v -0.6 -1.1 0
v -0.7 -1.1 0.1
v -0.7 -1.1 0
v -0.6 -1.1 0
v -0.6 -1.1 0.1
v -0.6 -1 0.2
v -0.6 -1 0.1
v -0.6 -1.1 0.1
v -0.6 -1.1 0.2
v -0.5 -1.1 0.2
v -0.5 -1.1 0.1
v -0.5 -1 0.1
v -0.5 -1 0.2
v -0.6 -1 0.2
v -0.6 -1.1 0.2
v -0.5 -1.1 0.2
v -0.5 -1 0.2
v -0.6 -1.1 0.1
v -0.6 -1 0.1
v -0.5 -1 0.1
v -0.5 -1.1 0.1
v -0.6 -1.1 0.2
v -0.6 -1.1 0.1
v -0.5 -1.1 0.1
v -0.5 -1.1 0.2
v -0.5 -1 0.2
v -0.5 -1 0.1
v -0.6 -1 0.1
v -0.6 -1 0.2
v -0.5 -1 0.1
v -0.5 -1 0
v -0.5 -1.1 0
v -0.5 -1.1 0.1
v -0.5 -1 0.1
v -0.5 -1.1 0.1
v -0.4 -1.1 0.1
v -0.4 -1 0.1
v -0.5 -1.1 0
v -0.5 -1 0
v -0.4 -1 0
v -0.4 -1.1 0
v -0.4 -1 0.1
v -0.4 -1.1 0.1
v -0.3 -1.1 0.1
v -0.3 -1 0.1
v -0.4 -1.1 0
v -0.4 -1 0
v -0.3 -1 0
v -0.3 -1.1 0
v -0.3 -1 0.1
v -0.3 -1.1 0.1
v -0.2 -1.1 0.1
v -0.2 -1 0.1
v -0.3 -1.1 0
v -0.3 -1 0
v -0.2 -1 0
v -0.2 -1.1 0
v -0.2 -1 0.1
v -0.2 -1.1 0.1
v -0.1 -1.1 0.1
v -0.1 -1 0.1
v -0.2 -1.1 0
v -0.2 -1 0
v -0.1 -1 0
v -0.1 -1.1 0
v -0.1 -1 0.1
v -0.1 -1.1 0.1
v 0 -1.1 0.1
v 0 -1 0.1
v -0.1 -1.1 0
v -0.1 -1 0
v 0 -1 0
v 0 -1.1 0
v 0 -1 0.1
v 0 -1.1 0.1
v 0.1 -1.1 0.1
v 0.1 -1 0.1
v 0 -1.1 0
v 0 -1 0
v 0.1 -1 0
v 0.1 -1.1 0
v 0.1 -1 0.1
v 0.1 -1.1 0.1
v 0.2 -1.1 0.1
v 0.2 -1 0.1
v 0.1 -1.1 0
v 0.1 -1 0
v 0.2 -1 0
v 0.2 -1.1 0
v 0.2 -1 0.1
v 0.2 -1 0
v 0.1 -1 0
v 0.1 -1 0.1
v 0.2 -1 0.1
v 0.2 -1.1 0.1
v 0.3 -1.1 0.1
v 0.3 -1 0.1
v 0.2 -1.1 0
v 0.2 -1 0
v 0.3 -1 0
v 0.3 -1.1 0
v 0.3 -1 0.1
v 0.3 -1 0
v 0.2 -1 0
v 0.2 -1 0.1
v 0.4 -1.1 0.1
v 0.4 -1.1 0
v 0.4 -1 0
v 0.4 -1 0.1
v 0.3 -1 0.1
v 0.3 -1.1 0.1
v 0.4 -1.1 0.1
v 0.4 -1 0.1
v 0.3 -1.1 0
v 0.3 -1 0
v 0.4 -1 0
v 0.4 -1.1 0
v 0.4 -1 0.1
v 0.4 -1 0
v 0.3 -1 0
v 0.3 -1 0.1
v 0.4 -1 0.2
v 0.4 -1 0.1
v 0.4 -1.1 0.1
v 0.4 -1.1 0.2
v 0.5 -1.1 0.2
v 0.5 -1.1 0.1
v 0.5 -1 0.1
v 0.5 -1 0.2
v 0.4 -1 0.2
v 0.4 -1.1 0.2
v 0.5 -1.1 0.2
v 0.5 -1 0.2
v 0.4 -1.1 0.1
v 0.4 -1 0.1
v 0.5 -1 0.1
v 0.5 -1.1 0.1
v 0.4 -1.1 0.2
v 0.4 -1.1 0.1
v 0.5 -1.1 0.1
v 0.5 -1.1 0.2
v 0.5 -1 0.2
v 0.5 -1 0.1
v 0.4 -1 0.1
v 0.4 -1 0.2
v 0.5 -1 0.4
v 0.5 -1 0.3
v 0.5 -1.1 0.3
v 0.5 -1.1 0.4
v 0.5 -1 0.4
v 0.5 -1.1 0.4
v 0.6 -1.1 0.4
v 0.6 -1 0.4
v 0.5 -1.1 0.3
v 0.5 -1 0.3
v 0.6 -1 0.3
v 0.6 -1.1 0.3
v 0.5 -1.1 0.4
v 0.5 -1.1 0.3
v 0.6 -1.1 0.3
v 0.6 -1.1 0.4
v 0.6 -1 0.4
v 0.6 -1.1 0.4
v 0.7 -1.1 0.4
v 0.7 -1 0.4
v 0.6 -1.1 0.3
v 0.6 -1 0.3
v 0.7 -1 0.3
v 0.7 -1.1 0.3
v 0.6 -1.1 0.4
v 0.6 -1.1 0.3
v 0.7 -1.1 0.3
v 0.7 -1.1 0.4
v 0.7 -1 0.4
v 0.7 -1.1 0.4
v 0.8 -1.1 0.4
v 0.8 -1 0.4
v 0.7 -1.1 0.3
v 0.7 -1 0.3
v 0.8 -1 0.3
v 0.8 -1.1 0.3
v 0.7 -1.1 0.4
v 0.7 -1.1 0.3
v 0.8 -1.1 0.3
v 0.8 -1.1 0.4
v 0.8 -1 0.4
v 0.8 -1.1 0.4
v 0.9 -1.1 0.4
v 0.9 -1 0.4
v 0.8 -1.1 0.3
v 0.8 -1 0.3
v 0.9 -1 0.3
v 0.9 -1.1 0.3
v 0.8 -1.1 0.4
v 0.8 -1.1 0.3
v 0.9 -1.1 0.3
v 0.9 -1.1 0.4
v 0.9 -1 0.4
v 0.9 -1.1 0.4
v 1 -1.1 0.4
v 1 -1 0.4
v 0.9 -1.1 0.3
v 0.9 -1 0.3
v 1 -1 0.3
v 1 -1.1 0.3
v 0.9 -1.1 0.4
v 0.9 -1.1 0.3
v 1 -1.1 0.3
v 1 -1.1 0.4
v 1 -1 0.4
v 1 -1.1 0.4
v 1.1 -1.1 0.4
v 1.1 -1 0.4
v 1 -1.1 0.3
v 1 -1 0.3
v 1.1 -1 0.3
v 1.1 -1.1 0.3
v 1 -1.1 0.4
v 1 -1.1 0.3
v 1.1 -1.1 0.3
v 1.1 -1.1 0.4
v 1.2 -1.1 0.4
v 1.2 -1.1 0.3
v 1.2 -1 0.3
v 1.2 -1 0.4
v 1.1 -1 0.4
v 1.1 -1.1 0.4
v 1.2 -1.1 0.4
v 1.2 -1 0.4
v 1.1 -1.1 0.3
v 1.1 -1 0.3
v 1.2 -1 0.3
v 1.2 -1.1 0.3
v 1.1 -1.1 0.4
v 1.1 -1.1 0.3
v 1.2 -1.1 0.3
v 1.2 -1.1 0.4
v -1.2 -1.1 0.1
v -1.2 -1.1 0
v -1.2 -1.2 0
v -1.2 -1.2 0.1
v -1.2 -1.1 0.1
v -1.2 -1.2 0.1
v -1.1 -1.2 0.1
v -1.1 -1.1 0.1
v -1.2 -1.2 0
v -1.2 -1.1 0
v -1.1 -1.1 0
v -1.1 -1.2 0
v -1.2 -1.2 0.1
v -1.2 -1.2 0
v -1.1 -1.2 0
v -1.1 -1.2 0.1
v -1.1 -1.1 0.1
v -1.1 -1.1 0
v -1.2 -1.1 0
v -1.2 -1.1 0.1
v -1.1 -1.1 0.1
v -1.1 -1.2 0.1
v -1 -1.2 0.1
v -1 -1.1 0.1
v -1.1 -1.2 0
v -1.1 -1.1 0
v -1 -1.1 0
v -1 -1.2 0
v -1.1 -1.2 0.1
v -1.1 -1.2 0
v -1 -1.2 0
v -1 -1.2 0.1
v -1 -1.1 0.1
v -1 -1.1 0
v -1.1 -1.1 0
v -1.1 -1.1 0.1
v -1 -1.1 0.1
v -1 -1.2 0.1
v -0.9 -1.2 0.1
v -0.9 -1.1 0.1
v -1 -1.2 0
v -1 -1.1 0
v -0.9 -1.1 0
v -0.9 -1.2 0
v -1 -1.2 0.1
v -1 -1.2 0
v -0.9 -1.2 0
v -0.9 -1.2 0.1
v -0.9 -1.1 0.1
v -0.9 -1.1 0
v -1 -1.1 0
v -1 -1.1 0.1
v -0.9 -1.1 0.1
v -0.9 -1.2 0.1
v -0.8 -1.2 0.1
v -0.8 -1.1 0.1
v -0.9 -1.2 0
v -0.9 -1.1 0
v -0.8 -1.1 0
v -0.8 -1.2 0
v -0.9 -1.2 0.1
v -0.9 -1.2 0
v -0.8 -1.2 0
v -0.8 -1.2 0.1
v -0.7 -1.2 0.1
v -0.7 -1.2 0
v -0.7 -1.1 0
v -0.7 -1.1 0.1
v -0.8 -1.1 0.1
v -0.8 -1.2 0.1
v -0.7 -1.2 0.1
v -0.7 -1.1 0.1
v -0.8 -1.2 0
v -0.8 -1.1 0
v -0.7 -1.1 0
v -0.7 -1.2 0
v -0.8 -1.2 0.1
v -0.8 -1.2 0
v -0.7 -1.2 0
v -0.7 -1.2 0.1
v -0.7 -1.1 0.2
v -0.7 -1.1 0.1
v -0.7 -1.2 0.1
v -0.7 -1.2 0.2
v -0.6 -1.2 0.2
v -0.6 -1.2 0.1
v -0.6 -1.1 0.1
v -0.6 -1.1 0.2
v -0.7 -1.1 0.2
v -0.7 -1.2 0.2
v -0.6 -1.2 0.2
v -0.6 -1.1 0.2
v -0.7 -1.2 0.1
v -0.7 -1.1 0.1
v -0.6 -1.1 0.1
v -0.6 -1.2 0.1
v -0.7 -1.2 0.2
v -0.7 -1.2 0.1
v -0.6 -1.2 0.1
v -0.6 -1.2 0.2
v -0.6 -1.1 0.2
v -0.6 -1.1 0.1
v -0.7 -1.1 0.1
v -0.7 -1.1 0.2
v -0.6 -1.1 0.1
v -0.6 -1.1 0
v -0.6 -1.2 0
v -0.6 -1.2 0.1
v -0.6 -1.1 0.1
v -0.6 -1.2 0.1
v -0.5 -1.2 0.1
v -0.5 -1.1 0.1
v -0.6 -1.2 0
v -0.6 -1.1 0
v -0.5 -1.1 0
v -0.5 -1.2 0
v -0.6 -1.2 0.1
v -0.6 -1.2 0
v -0.5 -1.2 0
v -0.5 -1.2 0.1
v -0.5 -1.1 0.1
v -0.5 -1.1 0
v -0.6 -1.1 0
v -0.6 -1.1 0.1
v -0.5 -1.1 0.1
v -0.5 -1.2 0.1
v -0.4 -1.2 0.1
v -0.4 -1.1 0.1
v -0.5 -1.2 0
v -0.5 -1.1 0
v -0.4 -1.1 0
v -0.4 -1.2 0
v -0.5 -1.2 0.1
v -0.5 -1.2 0
v -0.4 -1.2 0
v -0.4 -1.2 0.1
v -0.4 -1.1 0.1
v -0.4 -1.2 0.1
v -0.3 -1.2 0.1
v -0.3 -1.1 0.1
v -0.4 -1.2 0
v -0.4 -1.1 0
v -0.3 -1.1 0
v -0.3 -1.2 0
v -0.4 -1.2 0.1
v -0.4 -1.2 0
v -0.3 -1.2 0
v -0.3 -1.2 0.1
v -0.3 -1.1 0.1
v -0.3 -1.2 0.1
v -0.2 -1.2 0.1
v -0.2 -1.1 0.1
v -0.3 -1.2 0
v -0.3 -1.1 0
v -0.2 -1.1 0
v -0.2 -1.2 0
v -0.3 -1.2 0.1
v -0.3 -1.2 0
v -0.2 -1.2 0
v -0.2 -1.2 0.1
v -0.2 -1.1 0.1
v -0.2 -1.2 0.1
v -0.1 -1.2 0.1
v -0.1 -1.1 0.1
v -0.2 -1.2 0
v -0.2 -1.1 0
v -0.1 -1.1 0
v -0.1 -1.2 0
v -0.2 -1.2 0.1
v -0.2 -1.2 0
v -0.1 -1.2 0
v -0.1 -1.2 0.1
v -0.1 -1.1 0.1
v -0.1 -1.2 0.1
v 0 -1.2 0.1
v 0 -1.1 0.1
v -0.1 -1.2 0
v -0.1 -1.1 0
v 0 -1.1 0
v 0 -1.2 0
v -0.1 -1.2 0.1
v -0.1 -1.2 0
v 0 -1.2 0
v 0 -1.2 0.1
v 0 -1.1 0.1
v 0 -1.2 0.1
v 0.1 -1.2 0.1
v 0.1 -1.1 0.1
v 0 -1.2 0
v 0 -1.1 0
v 0.1 -1.1 0
v 0.1 -1.2 0
v 0 -1.2 0.1
v 0 -1.2 0
v 0.1 -1.2 0
v 0.1 -1.2 0.1
v 0.1 -1.1 0.1
v 0.1 -1.2 0.1
v 0.2 -1.2 0.1
v 0.2 -1.1 0.1
v 0.1 -1.2 0
v 0.1 -1.1 0
v 0.2 -1.1 0
v 0.2 -1.2 0
v 0.1 -1.2 0.1
v 0.1 -1.2 0
v 0.2 -1.2 0
v 0.2 -1.2 0.1
v 0.2 -1.1 0.1
v 0.2 -1.2 0.1
v 0.3 -1.2 0.1
v 0.3 -1.1 0.1
v 0.2 -1.2 0
v 0.2 -1.1 0
v 0.3 -1.1 0
v 0.3 -1.2 0
v 0.2 -1.2 0.1
v 0.2 -1.2 0
v 0.3 -1.2 0
v 0.3 -1.2 0.1
v 0.3 -1.1 0.1
v 0.3 -1.2 0.1
v 0.4 -1.2 0.1
v 0.4 -1.1 0.1
v 0.3 -1.2 0
v 0.3 -1.1 0
v 0.4 -1.1 0
v 0.4 -1.2 0
v 0.3 -1.2 0.1
v 0.3 -1.2 0
v 0.4 -1.2 0
v 0.4 -1.2 0.1
v 0.4 -1.1 0.1
v 0.4 -1.2 0.1
v 0.5 -1.2 0.1
v 0.5 -1.1 0.1
v 0.4 -1.2 0
v 0.4 -1.1 0
v 0.5 -1.1 0
v 0.5 -1.2 0
v 0.4 -1.2 0.1
v 0.4 -1.2 0
v 0.5 -1.2 0
v 0.5 -1.2 0.1
v 0.5 -1.1 0.1
v 0.5 -1.1 0
v 0.4 -1.1 0
v 0.4 -1.1 0.1
v 0.5 -1.1 0.1
v 0.5 -1.2 0.1
v 0.6 -1.2 0.1
v 0.6 -1.1 0.1
v 0.5 -1.2 0
v 0.5 -1.1 0
v 0.6 -1.1 0
v 0.6 -1.2 0
v 0.5 -1.2 0.1
v 0.5 -1.2 0
v 0.6 -1.2 0
v 0.6 -1.2 0.1
v 0.6 -1.1 0.1
v 0.6 -1.1 0
v 0.5 -1.1 0
v 0.5 -1.1 0.1
v 0.6 -1.1 0.1
v 0.6 -1.2 0.1
v 0.7 -1.2 0.1
v 0.7 -1.1 0.1
v 0.6 -1.2 0
v 0.6 -1.1 0
v 0.7 -1.1 0
v 0.7 -1.2 0
v 0.6 -1.2 0.1
v 0.6 -1.2 0
v 0.7 -1.2 0
v 0.7 -1.2 0.1
v 0.7 -1.1 0.1
v 0.7 -1.1 0
v 0.6 -1.1 0
v 0.6 -1.1 0.1
v 0.7 -1.1 0.1
v 0.7 -1.2 0.1
v 0.8 -1.2 0.1
v 0.8 -1.1 0.1
v 0.7 -1.2 0
v 0.7 -1.1 0
v 0.8 -1.1 0
v 0.8 -1.2 0
v 0.7 -1.2 0.1
v 0.7 -1.2 0
v 0.8 -1.2 0
v 0.8 -1.2 0.1
v 0.8 -1.1 0.1
v 0.8 -1.1 0
v 0.7 -1.1 0
v 0.7 -1.1 0.1
v 0.8 -1.1 0.1
v 0.8 -1.2 0.1
v 0.9 -1.2 0.1
v 0.9 -1.1 0.1
v 0.8 -1.2 0
v 0.8 -1.1 0
v 0.9 -1.1 0
v 0.9 -1.2 0
v 0.8 -1.2 0.1
v 0.8 -1.2 0
v 0.9 -1.2 0
v 0.9 -1.2 0.1
v 0.9 -1.1 0.1
v 0.9 -1.1 0
v 0.8 -1.1 0
v 0.8 -1.1 0.1
v 0.9 -1.1 0.1
v 0.9 -1.2 0.1
v 1 -1.2 0.1
v 1 -1.1 0.1
v 0.9 -1.2 0
v 0.9 -1.1 0
v 1 -1.1 0
v 1 -1.2 0
v 0.9 -1.2 0.1
v 0.9 -1.2 0
v 1 -1.2 0
v 1 -1.2 0.1
v 1 -1.1 0.1
v 1 -1.1 0
v 0.9 -1.1 0
v 0.9 -1.1 0.1
v 1 -1.1 0.1
v 1 -1.2 0.1
v 1.1 -1.2 0.1
v 1.1 -1.1 0.1
v 1 -1.2 0
v 1 -1.1 0
v 1.1 -1.1 0
v 1.1 -1.2 0
v 1 -1.2 0.1
v 1 -1.2 0
v 1.1 -1.2 0
v 1.1 -1.2 0.1
v 1.1 -1.1 0.1
v 1.1 -1.1 0
v 1 -1.1 0
v 1 -1.1 0.1
v 1.2 -1.2 0.1
v 1.2 -1.2 0
v 1.2 -1.1 0
v 1.2 -1.1 0.1
v 1.1 -1.1 0.1
v 1.1 -1.2 0.1
v 1.2 -1.2 0.1
v 1.2 -1.1 0.1
v 1.1 -1.2 0
v 1.1 -1.1 0
v 1.2 -1.1 0
v 1.2 -1.2 0
v 1.1 -1.2 0.1
v 1.1 -1.2 0
v 1.2 -1.2 0
v 1.2 -1.2 0.1
v 1.2 -1.1 0.1
v 1.2 -1.1 0
v 1.1 -1.1 0
v 1.1 -1.1 0.1

# faces
f 1/1/1 2/1/1 3/1/1 4/1/1
f 5/1/3 6/1/3 7/1/3 8/1/3
f 9/1/4 10/1/4 11/1/4 12/1/4
f 13/1/5 14/1/5 15/1/5 16/1/5
f 17/1/6 18/1/6 19/1/6 20/1/6
f 21/1/3 22/1/3 23/1/3 24/1/3
f 25/1/4 26/1/4 27/1/4 28/1/4
f 29/1/5 30/1/5 31/1/5 32/1/5
f 33/1/6 34/1/6 35/1/6 36/1/6
f 37/1/3 38/1/3 39/1/3 40/1/3
f 41/1/4 42/1/4 43/1/4 44/1/4
f 45/1/5 46/1/5 47/1/5 48/1/5
f 49/1/6 50/1/6 51/1/6 52/1/6
f 53/1/3 54/1/3 55/1/3 56/1/3
f 57/1/4 58/1/4 59/1/4 60/1/4
f 61/1/6 62/1/6 63/1/6 64/1/6
f 65/1/3 66/1/3 67/1/3 68/1/3
f 69/1/4 70/1/4 71/1/4 72/1/4
f 73/1/6 74/1/6 75/1/6 76/1/6
f 77/1/3 78/1/3 79/1/3 80/1/3
f 81/1/4 82/1/4 83/1/4 84/1/4
f 85/1/6 86/1/6 87/1/6 88/1/6
f 89/1/3 90/1/3 91/1/3 92/1/3
f 93/1/4 94/1/4 95/1/4 96/1/4
f 97/1/6 98/1/6 99/1/6 100/1/6
f 101/1/2 102/1/2 103/1/2 104/1/2
f 105/1/3 106/1/3 107/1/3 108/1/3
f 109/1/4 110/1/4 111/1/4 112/1/4
f 113/1/6 114/1/6 115/1/6 116/1/6
f 117/4/1 118/4/1 119/4/1 120/4/1
f 121/4/2 122/4/2 123/4/2 124/4/2
f 125/4/3 126/4/3 127/4/3 128/4/3
f 129/4/4 130/4/4 131/4/4 132/4/4
f 133/4/5 134/4/5 135/4/5 136/4/5
f 137/4/6 138/4/6 139/4/6 140/4/6
f 141/1/1 142/1/1 143/1/1 144/1/1
f 145/1/3 146/1/3 147/1/3 148/1/3
f 149/1/4 150/1/4 151/1/4 152/1/4
f 153/1/6 154/1/6 155/1/6 156/1/6
f 157/1/3 158/1/3 159/1/3 160/1/3
f 161/1/4 162/1/4 163/1/4 164/1/4
f 165/1/6 166/1/6 167/1/6 168/1/6
f 169/1/3 170/1/3 171/1/3 172/1/3
f 173/1/4 174/1/4 175/1/4 176/1/4
f 177/1/6 178/1/6 179/1/6 180/1/6
f 181/1/3 182/1/3 183/1/3 184/1/3
f 185/1/4 186/1/4 187/1/4 188/1/4
f 189/1/6 190/1/6 191/1/6 192/1/6
f 193/1/2 194/1/2 195/1/2 196/1/2
f 197/1/3 198/1/3 199/1/3 200/1/3
f 201/1/4 202/1/4 203/1/4 204/1/4
f 205/1/6 206/1/6 207/1/6 208/1/6
f 209/4/1 210/4/1 211/4/1 212/4/1
f 213/4/2 214/4/2 215/4/2 216/4/2
f 217/4/3 218/4/3 219/4/3 220/4/3
f 221/4/4 222/4/4 223/4/4 224/4/4
f 225/4/5 226/4/5 227/4/5 228/4/5
f 229/4/6 230/4/6 231/4/6 232/4/6
f 233/1/1 234/1/1 235/1/1 236/1/1
f 237/1/3 238/1/3 239/1/3 240/1/3
f 241/1/4 242/1/4 243/1/4 244/1/4
f 245/1/6 246/1/6 247/1/6 248/1/6
f 249/1/3 250/1/3 251/1/3 252/1/3
f 253/1/4 254/1/4 255/1/4 256/1/4
f 257/1/6 258/1/6 259/1/6 260/1/6
f 261/1/3 262/1/3 263/1/3 264/1/3
f 265/1/4 266/1/4 267/1/4 268/1/4
f 269/1/6 270/1/6 271/1/6 272/1/6
f 273/1/3 274/1/3 275/1/3 276/1/3
f 277/1/4 278/1/4 279/1/4 280/1/4
f 281/1/5 282/1/5 283/1/5 284/1/5
f 285/1/6 286/1/6 287/1/6 288/1/6
f 289/1/3 290/1/3 291/1/3 292/1/3
f 293/1/4 294/1/4 295/1/4 296/1/4
f 297/1/5 298/1/5 299/1/5 300/1/5
f 301/1/6 302/1/6 303/1/6 304/1/6
f 305/1/3 306/1/3 307/1/3 308/1/3
f 309/1/4 310/1/4 311/1/4 312/1/4
f 313/1/5 314/1/5 315/1/5 316/1/5
f 317/1/6 318/1/6 319/1/6 320/1/6
f 321/1/3 322/1/3 323/1/3 324/1/3
f 325/1/4 326/1/4 327/1/4 328/1/4
f 329/1/5 330/1/5 331/1/5 332/1/5
f 333/1/6 334/1/6 335/1/6 336/1/6
f 337/1/3 338/1/3 339/1/3 340/1/3
f 341/1/4 342/1/4 343/1/4 344/1/4
f 345/1/5 346/1/5 347/1/5 348/1/5
f 349/1/6 350/1/6 351/1/6 352/1/6
f 353/1/2 354/1/2 355/1/2 356/1/2
f 357/1/3 358/1/3 359/1/3 360/1/3
f 361/1/4 362/1/4 363/1/4 364/1/4
f 365/1/5 366/1/5 367/1/5 368/1/5
f 369/1/6 370/1/6 371/1/6 372/1/6
f 373/3/1 374/3/1 375/3/1 376/3/1
f 377/3/3 378/3/3 379/3/3 380/3/3
f 381/3/4 382/3/4 383/3/4 384/3/4
f 385/3/6 386/3/6 387/3/6 388/3/6
f 389/6/3 390/6/3 391/6/3 392/6/3
f 393/6/4 394/6/4 395/6/4 396/6/4
f 397/6/6 398/6/6 399/6/6 400/6/6
f 401/5/2 402/5/2 403/5/2 404/5/2
f 405/5/3 406/5/3 407/5/3 408/5/3
f 409/5/4 410/5/4 411/5/4 412/5/4
f 413/5/6 414/5/6 415/5/6 416/5/6
f 417/1/1 418/1/1 419/1/1 420/1/1
f 421/1/3 422/1/3 423/1/3 424/1/3
f 425/1/4 426/1/4 427/1/4 428/1/4
f 429/1/5 430/1/5 431/1/5 432/1/5
f 433/1/3 434/1/3 435/1/3 436/1/3
f 437/1/4 438/1/4 439/1/4 440/1/4
f 441/1/5 442/1/5 443/1/5 444/1/5
f 445/1/3 446/1/3 447/1/3 448/1/3
f 449/1/4 450/1/4 451/1/4 452/1/4
f 453/1/3 454/1/3 455/1/3 456/1/3
f 457/1/4 458/1/4 459/1/4 460/1/4
f 461/1/3 462/1/3 463/1/3 464/1/3
f 465/1/4 466/1/4 467/1/4 468/1/4
f 469/1/3 470/1/3 471/1/3 472/1/3
f 473/1/4 474/1/4 475/1/4 476/1/4
f 477/1/6 478/1/6 479/1/6 480/1/6
f 481/1/3 482/1/3 483/1/3 484/1/3
f 485/1/4 486/1/4 487/1/4 488/1/4
f 489/1/3 490/1/3 491/1/3 492/1/3
f 493/1/4 494/1/4 495/1/4 496/1/4
f 497/1/3 498/1/3 499/1/3 500/1/3
f 501/1/4 502/1/4 503/1/4 504/1/4
f 505/1/3 506/1/3 507/1/3 508/1/3
f 509/1/4 510/1/4 511/1/4 512/1/4
f 513/1/3 514/1/3 515/1/3 516/1/3
f 517/1/4 518/1/4 519/1/4 520/1/4
f 521/1/3 522/1/3 523/1/3 524/1/3
f 525/1/4 526/1/4 527/1/4 528/1/4
f 529/1/6 530/1/6 531/1/6 532/1/6
f 533/1/3 534/1/3 535/1/3 536/1/3
f 537/1/4 538/1/4 539/1/4 540/1/4
f 541/1/3 542/1/3 543/1/3 544/1/3
f 545/1/4 546/1/4 547/1/4 548/1/4
f 549/1/5 550/1/5 551/1/5 552/1/5
f 553/1/2 554/1/2 555/1/2 556/1/2
f 557/1/3 558/1/3 559/1/3 560/1/3
f 561/1/4 562/1/4 563/1/4 564/1/4
f 565/1/5 566/1/5 567/1/5 568/1/5
f 569/5/1 570/5/1 571/5/1 572/5/1
f 573/5/3 574/5/3 575/5/3 576/5/3
f 577/5/4 578/5/4 579/5/4 580/5/4
f 581/5/6 582/5/6 583/5/6 584/5/6
f 585/6/3 586/6/3 587/6/3 588/6/3
f 589/6/4 590/6/4 591/6/4 592/6/4
f 593/6/6 594/6/6 595/6/6 596/6/6
f 597/6/3 598/6/3 599/6/3 600/6/3
f 601/6/4 602/6/4 603/6/4 604/6/4
f 605/6/6 606/6/6 607/6/6 608/6/6
f 609/3/3 610/3/3 611/3/3 612/3/3
f 613/3/4 614/3/4 615/3/4 616/3/4
f 617/3/6 618/3/6 619/3/6 620/3/6
f 621/6/3 622/6/3 623/6/3 624/6/3
f 625/6/4 626/6/4 627/6/4 628/6/4
f 629/6/6 630/6/6 631/6/6 632/6/6
f 633/3/2 634/3/2 635/3/2 636/3/2
f 637/3/3 638/3/3 639/3/3 640/3/3
f 641/3/4 642/3/4 643/3/4 644/3/4
f 645/3/6 646/3/6 647/3/6 648/3/6
f 649/6/1 650/6/1 651/6/1 652/6/1
f 653/6/3 654/6/3 655/6/3 656/6/3
f 657/6/4 658/6/4 659/6/4 660/6/4
f 661/7/3 662/7/3 663/7/3 664/7/3
f 665/7/4 666/7/4 667/7/4 668/7/4
f 669/2/3 670/2/3 671/2/3 672/2/3
f 673/2/4 674/2/4 675/2/4 676/2/4
f 677/5/3 678/5/3 679/5/3 680/5/3
f 681/5/4 682/5/4 683/5/4 684/5/4
f 685/5/5 686/5/5 687/5/5 688/5/5
f 689/5/6 690/5/6 691/5/6 692/5/6
f 693/5/2 694/5/2 695/5/2 696/5/2
f 697/5/3 698/5/3 699/5/3 700/5/3
f 701/5/4 702/5/4 703/5/4 704/5/4
f 705/5/5 706/5/5 707/5/5 708/5/5
f 709/5/6 710/5/6 711/5/6 712/5/6
f 713/1/1 714/1/1 715/1/1 716/1/1
f 717/1/3 718/1/3 719/1/3 720/1/3
f 721/1/4 722/1/4 723/1/4 724/1/4
f 725/1/3 726/1/3 727/1/3 728/1/3
f 729/1/4 730/1/4 731/1/4 732/1/4
f 733/1/3 734/1/3 735/1/3 736/1/3
f 737/1/4 738/1/4 739/1/4 740/1/4
f 741/1/3 742/1/3 743/1/3 744/1/3
f 745/1/4 746/1/4 747/1/4 748/1/4
f 749/1/5 750/1/5 751/1/5 752/1/5
f 753/1/3 754/1/3 755/1/3 756/1/3
f 757/1/4 758/1/4 759/1/4 760/1/4
f 761/1/3 762/1/3 763/1/3 764/1/3
f 765/1/4 766/1/4 767/1/4 768/1/4
f 769/1/3 770/1/3 771/1/3 772/1/3
f 773/1/4 774/1/4 775/1/4 776/1/4
f 777/1/3 778/1/3 779/1/3 780/1/3
f 781/1/4 782/1/4 783/1/4 784/1/4
f 785/1/3 786/1/3 787/1/3 788/1/3
f 789/1/4 790/1/4 791/1/4 792/1/4
f 793/1/3 794/1/3 795/1/3 796/1/3
f 797/1/4 798/1/4 799/1/4 800/1/4
f 801/1/2 802/1/2 803/1/2 804/1/2
f 805/1/3 806/1/3 807/1/3 808/1/3
f 809/1/4 810/1/4 811/1/4 812/1/4
f 813/5/1 814/5/1 815/5/1 816/5/1
f 817/5/3 818/5/3 819/5/3 820/5/3
f 821/5/4 822/5/4 823/5/4 824/5/4
f 825/5/5 826/5/5 827/5/5 828/5/5
f 829/5/6 830/5/6 831/5/6 832/5/6
f 833/5/3 834/5/3 835/5/3 836/5/3
f 837/5/4 838/5/4 839/5/4 840/5/4
f 841/5/6 842/5/6 843/5/6 844/5/6
f 845/2/3 846/2/3 847/2/3 848/2/3
f 849/2/4 850/2/4 851/2/4 852/2/4
f 853/7/3 854/7/3 855/7/3 856/7/3
f 857/7/4 858/7/4 859/7/4 860/7/4
f 861/2/3 862/2/3 863/2/3 864/2/3
f 865/2/4 866/2/4 867/2/4 868/2/4
f 869/6/3 870/6/3 871/6/3 872/6/3
f 873/6/4 874/6/4 875/6/4 876/6/4
f 877/7/3 878/7/3 879/7/3 880/7/3
f 881/7/4 882/7/4 883/7/4 884/7/4
f 885/2/2 886/2/2 887/2/2 888/2/2
f 889/2/3 890/2/3 891/2/3 892/2/3
f 893/2/4 894/2/4 895/2/4 896/2/4
f 897/3/1 898/3/1 899/3/1 900/3/1
f 901/3/3 902/3/3 903/3/3 904/3/3
f 905/3/4 906/3/4 907/3/4 908/3/4
f 909/6/3 910/6/3 911/6/3 912/6/3
f 913/6/4 914/6/4 915/6/4 916/6/4
f 917/5/2 918/5/2 919/5/2 920/5/2
f 921/5/3 922/5/3 923/5/3 924/5/3
f 925/5/4 926/5/4 927/5/4 928/5/4
f 929/1/1 930/1/1 931/1/1 932/1/1
f 933/1/3 934/1/3 935/1/3 936/1/3
f 937/1/4 938/1/4 939/1/4 940/1/4
f 941/1/5 942/1/5 943/1/5 944/1/5
f 945/1/6 946/1/6 947/1/6 948/1/6
f 949/1/3 950/1/3 951/1/3 952/1/3
f 953/1/4 954/1/4 955/1/4 956/1/4
f 957/1/5 958/1/5 959/1/5 960/1/5
f 961/1/6 962/1/6 963/1/6 964/1/6
f 965/1/3 966/1/3 967/1/3 968/1/3
f 969/1/4 970/1/4 971/1/4 972/1/4
f 973/1/5 974/1/5 975/1/5 976/1/5
f 977/1/3 978/1/3 979/1/3 980/1/3
f 981/1/4 982/1/4 983/1/4 984/1/4
f 985/1/2 986/1/2 987/1/2 988/1/2
f 989/1/3 990/1/3 991/1/3 992/1/3
f 993/1/4 994/1/4 995/1/4 996/1/4
f 997/4/1 998/4/1 999/4/1 1000/4/1
f 1001/4/2 1002/4/2 1003/4/2 1004/4/2
f 1005/4/3 1006/4/3 1007/4/3 1008/4/3
f 1009/4/4 1010/4/4 1011/4/4 1012/4/4
f 1013/4/5 1014/4/5 1015/4/5 1016/4/5
f 1017/4/6 1018/4/6 1019/4/6 1020/4/6
f 1021/1/1 1022/1/1 1023/1/1 1024/1/1
f 1025/1/3 1026/1/3 1027/1/3 1028/1/3
f 1029/1/4 1030/1/4 1031/1/4 1032/1/4
f 1033/1/3 1034/1/3 1035/1/3 1036/1/3
f 1037/1/4 1038/1/4 1039/1/4 1040/1/4
f 1041/1/3 1042/1/3 1043/1/3 1044/1/3
f 1045/1/4 1046/1/4 1047/1/4 1048/1/4
f 1049/1/3 1050/1/3 1051/1/3 1052/1/3
f 1053/1/4 1054/1/4 1055/1/4 1056/1/4
f 1057/1/3 1058/1/3 1059/1/3 1060/1/3
f 1061/1/4 1062/1/4 1063/1/4 1064/1/4
f 1065/1/3 1066/1/3 1067/1/3 1068/1/3
f 1069/1/4 1070/1/4 1071/1/4 1072/1/4
f 1073/1/3 1074/1/3 1075/1/3 1076/1/3
f 1077/1/4 1078/1/4 1079/1/4 1080/1/4
f 1081/1/2 1082/1/2 1083/1/2 1084/1/2
f 1085/1/3 1086/1/3 1087/1/3 1088/1/3
f 1089/1/4 1090/1/4 1091/1/4 1092/1/4
f 1093/1/5 1094/1/5 1095/1/5 1096/1/5
f 1097/1/6 1098/1/6 1099/1/6 1100/1/6
f 1101/5/1 1102/5/1 1103/5/1 1104/5/1
f 1105/5/3 1106/5/3 1107/5/3 1108/5/3
f 1109/5/4 1110/5/4 1111/5/4 1112/5/4
f 1113/7/3 1114/7/3 1115/7/3 1116/7/3
f 1117/7/4 1118/7/4 1119/7/4 1120/7/4
f 1121/6/3 1122/6/3 1123/6/3 1124/6/3
f 1125/6/4 1126/6/4 1127/6/4 1128/6/4
f 1129/7/3 1130/7/3 1131/7/3 1132/7/3
f 1133/7/4 1134/7/4 1135/7/4 1136/7/4
f 1137/2/3 1138/2/3 1139/2/3 1140/2/3
f 1141/2/4 1142/2/4 1143/2/4 1144/2/4
f 1145/3/3 1146/3/3 1147/3/3 1148/3/3
f 1149/3/4 1150/3/4 1151/3/4 1152/3/4
f 1153/3/2 1154/3/2 1155/3/2 1156/3/2
f 1157/3/3 1158/3/3 1159/3/3 1160/3/3
f 1161/3/4 1162/3/4 1163/3/4 1164/3/4
f 1165/6/1 1166/6/1 1167/6/1 1168/6/1
f 1169/6/3 1170/6/3 1171/6/3 1172/6/3
f 1173/6/4 1174/6/4 1175/6/4 1176/6/4
f 1177/6/3 1178/6/3 1179/6/3 1180/6/3
f 1181/6/4 1182/6/4 1183/6/4 1184/6/4
f 1185/6/3 1186/6/3 1187/6/3 1188/6/3
f 1189/6/4 1190/6/4 1191/6/4 1192/6/4
f 1193/7/3 1194/7/3 1195/7/3 1196/7/3
f 1197/7/4 1198/7/4 1199/7/4 1200/7/4
f 1201/7/6 1202/7/6 1203/7/6 1204/7/6
f 1205/2/3 1206/2/3 1207/2/3 1208/2/3
f 1209/2/4 1210/2/4 1211/2/4 1212/2/4
f 1213/2/6 1214/2/6 1215/2/6 1216/2/6
f 1217/5/2 1218/5/2 1219/5/2 1220/5/2
f 1221/5/3 1222/5/3 1223/5/3 1224/5/3
f 1225/5/4 1226/5/4 1227/5/4 1228/5/4
f 1229/5/5 1230/5/5 1231/5/5 1232/5/5
f 1233/5/6 1234/5/6 1235/5/6 1236/5/6
f 1237/1/1 1238/1/1 1239/1/1 1240/1/1
f 1241/1/3 1242/1/3 1243/1/3 1244/1/3
f 1245/1/4 1246/1/4 1247/1/4 1248/1/4
f 1249/1/3 1250/1/3 1251/1/3 1252/1/3
f 1253/1/4 1254/1/4 1255/1/4 1256/1/4
f 1257/1/3 1258/1/3 1259/1/3 1260/1/3
f 1261/1/4 1262/1/4 1263/1/4 1264/1/4
f 1265/1/6 1266/1/6 1267/1/6 1268/1/6
f 1269/1/3 1270/1/3 1271/1/3 1272/1/3
f 1273/1/4 1274/1/4 1275/1/4 1276/1/4
f 1277/1/3 1278/1/3 1279/1/3 1280/1/3
f 1281/1/4 1282/1/4 1283/1/4 1284/1/4
f 1285/1/3 1286/1/3 1287/1/3 1288/1/3
f 1289/1/4 1290/1/4 1291/1/4 1292/1/4
f 1293/1/3 1294/1/3 1295/1/3 1296/1/3
f 1297/1/4 1298/1/4 1299/1/4 1300/1/4
f 1301/1/3 1302/1/3 1303/1/3 1304/1/3
f 1305/1/4 1306/1/4 1307/1/4 1308/1/4
f 1309/1/3 1310/1/3 1311/1/3 1312/1/3
f 1313/1/4 1314/1/4 1315/1/4 1316/1/4
f 1317/1/5 1318/1/5 1319/1/5 1320/1/5
f 1321/1/2 1322/1/2 1323/1/2 1324/1/2
f 1325/1/3 1326/1/3 1327/1/3 1328/1/3
f 1329/1/4 1330/1/4 1331/1/4 1332/1/4
f 1333/1/5 1334/1/5 1335/1/5 1336/1/5
f 1337/5/1 1338/5/1 1339/5/1 1340/5/1
f 1341/5/3 1342/5/3 1343/5/3 1344/5/3
f 1345/5/4 1346/5/4 1347/5/4 1348/5/4
f 1349/5/6 1350/5/6 1351/5/6 1352/5/6
f 1353/2/3 1354/2/3 1355/2/3 1356/2/3
f 1357/2/4 1358/2/4 1359/2/4 1360/2/4
f 1361/7/3 1362/7/3 1363/7/3 1364/7/3
f 1365/7/4 1366/7/4 1367/7/4 1368/7/4
f 1369/6/3 1370/6/3 1371/6/3 1372/6/3
f 1373/6/4 1374/6/4 1375/6/4 1376/6/4
f 1377/3/3 1378/3/3 1379/3/3 1380/3/3
f 1381/3/4 1382/3/4 1383/3/4 1384/3/4
f 1385/6/3 1386/6/3 1387/6/3 1388/6/3
f 1389/6/4 1390/6/4 1391/6/4 1392/6/4
f 1393/2/3 1394/2/3 1395/2/3 1396/2/3
f 1397/2/4 1398/2/4 1399/2/4 1400/2/4
f 1401/7/2 1402/7/2 1403/7/2 1404/7/2
f 1405/7/3 1406/7/3 1407/7/3 1408/7/3
f 1409/7/4 1410/7/4 1411/7/4 1412/7/4
f 1413/6/1 1414/6/1 1415/6/1 1416/6/1
f 1417/6/3 1418/6/3 1419/6/3 1420/6/3
f 1421/6/4 1422/6/4 1423/6/4 1424/6/4
f 1425/7/3 1426/7/3 1427/7/3 1428/7/3
f 1429/7/4 1430/7/4 1431/7/4 1432/7/4
f 1433/7/3 1434/7/3 1435/7/3 1436/7/3
f 1437/7/4 1438/7/4 1439/7/4 1440/7/4
f 1441/2/3 1442/2/3 1443/2/3 1444/2/3
f 1445/2/4 1446/2/4 1447/2/4 1448/2/4
f 1449/2/5 1450/2/5 1451/2/5 1452/2/5
f 1453/5/2 1454/5/2 1455/5/2 1456/5/2
f 1457/5/3 1458/5/3 1459/5/3 1460/5/3
f 1461/5/4 1462/5/4 1463/5/4 1464/5/4
f 1465/5/5 1466/5/5 1467/5/5 1468/5/5
f 1469/1/1 1470/1/1 1471/1/1 1472/1/1
f 1473/1/3 1474/1/3 1475/1/3 1476/1/3
f 1477/1/4 1478/1/4 1479/1/4 1480/1/4
f 1481/1/6 1482/1/6 1483/1/6 1484/1/6
f 1485/1/3 1486/1/3 1487/1/3 1488/1/3
f 1489/1/4 1490/1/4 1491/1/4 1492/1/4
f 1493/1/3 1494/1/3 1495/1/3 1496/1/3
f 1497/1/4 1498/1/4 1499/1/4 1500/1/4
f 1501/1/3 1502/1/3 1503/1/3 1504/1/3
f 1505/1/4 1506/1/4 1507/1/4 1508/1/4
f 1509/1/3 1510/1/3 1511/1/3 1512/1/3
f 1513/1/4 1514/1/4 1515/1/4 1516/1/4
f 1517/1/3 1518/1/3 1519/1/3 1520/1/3
f 1521/1/4 1522/1/4 1523/1/4 1524/1/4
f 1525/1/3 1526/1/3 1527/1/3 1528/1/3
f 1529/1/4 1530/1/4 1531/1/4 1532/1/4
f 1533/1/3 1534/1/3 1535/1/3 1536/1/3
f 1537/1/4 1538/1/4 1539/1/4 1540/1/4
f 1541/1/2 1542/1/2 1543/1/2 1544/1/2
f 1545/1/3 1546/1/3 1547/1/3 1548/1/3
f 1549/1/4 1550/1/4 1551/1/4 1552/1/4
f 1553/5/1 1554/5/1 1555/5/1 1556/5/1
f 1557/5/3 1558/5/3 1559/5/3 1560/5/3
f 1561/5/4 1562/5/4 1563/5/4 1564/5/4
f 1565/5/5 1566/5/5 1567/5/5 1568/5/5
f 1569/5/6 1570/5/6 1571/5/6 1572/5/6
f 1573/5/3 1574/5/3 1575/5/3 1576/5/3
f 1577/5/4 1578/5/4 1579/5/4 1580/5/4
f 1581/5/5 1582/5/5 1583/5/5 1584/5/5
f 1585/5/6 1586/5/6 1587/5/6 1588/5/6
f 1589/2/3 1590/2/3 1591/2/3 1592/2/3
f 1593/2/4 1594/2/4 1595/2/4 1596/2/4
f 1597/2/5 1598/2/5 1599/2/5 1600/2/5
f 1601/7/3 1602/7/3 1603/7/3 1604/7/3
f 1605/7/4 1606/7/4 1607/7/4 1608/7/4
f 1609/7/5 1610/7/5 1611/7/5 1612/7/5
f 1613/6/3 1614/6/3 1615/6/3 1616/6/3
f 1617/6/4 1618/6/4 1619/6/4 1620/6/4
f 1621/7/3 1622/7/3 1623/7/3 1624/7/3
f 1625/7/4 1626/7/4 1627/7/4 1628/7/4
f 1629/7/3 1630/7/3 1631/7/3 1632/7/3
f 1633/7/4 1634/7/4 1635/7/4 1636/7/4
f 1637/2/3 1638/2/3 1639/2/3 1640/2/3
f 1641/2/4 1642/2/4 1643/2/4 1644/2/4
f 1645/7/3 1646/7/3 1647/7/3 1648/7/3
f 1649/7/4 1650/7/4 1651/7/4 1652/7/4
f 1653/7/2 1654/7/2 1655/7/2 1656/7/2
f 1657/7/3 1658/7/3 1659/7/3 1660/7/3
f 1661/7/4 1662/7/4 1663/7/4 1664/7/4
f 1665/5/1 1666/5/1 1667/5/1 1668/5/1
f 1669/5/3 1670/5/3 1671/5/3 1672/5/3
f 1673/5/4 1674/5/4 1675/5/4 1676/5/4
f 1677/5/5 1678/5/5 1679/5/5 1680/5/5
f 1681/5/3 1682/5/3 1683/5/3 1684/5/3
f 1685/5/4 1686/5/4 1687/5/4 1688/5/4
f 1689/5/5 1690/5/5 1691/5/5 1692/5/5
f 1693/5/2 1694/5/2 1695/5/2 1696/5/2
f 1697/5/3 1698/5/3 1699/5/3 1700/5/3
f 1701/5/4 1702/5/4 1703/5/4 1704/5/4
f 1705/5/5 1706/5/5 1707/5/5 1708/5/5
f 1709/1/1 1710/1/1 1711/1/1 1712/1/1
f 1713/1/3 1714/1/3 1715/1/3 1716/1/3
f 1717/1/4 1718/1/4 1719/1/4 1720/1/4
f 1721/1/6 1722/1/6 1723/1/6 1724/1/6
f 1725/1/3 1726/1/3 1727/1/3 1728/1/3
f 1729/1/4 1730/1/4 1731/1/4 1732/1/4
f 1733/1/6 1734/1/6 1735/1/6 1736/1/6
f 1737/1/3 1738/1/3 1739/1/3 1740/1/3
f 1741/1/4 1742/1/4 1743/1/4 1744/1/4
f 1745/1/3 1746/1/3 1747/1/3 1748/1/3
f 1749/1/4 1750/1/4 1751/1/4 1752/1/4
f 1753/1/3 1754/1/3 1755/1/3 1756/1/3
f 1757/1/4 1758/1/4 1759/1/4 1760/1/4
f 1761/1/3 1762/1/3 1763/1/3 1764/1/3
f 1765/1/4 1766/1/4 1767/1/4 1768/1/4
f 1769/1/3 1770/1/3 1771/1/3 1772/1/3
f 1773/1/4 1774/1/4 1775/1/4 1776/1/4
f 1777/1/3 1778/1/3 1779/1/3 1780/1/3
f 1781/1/4 1782/1/4 1783/1/4 1784/1/4
f 1785/1/3 1786/1/3 1787/1/3 1788/1/3
f 1789/1/4 1790/1/4 1791/1/4 1792/1/4
f 1793/1/3 1794/1/3 1795/1/3 1796/1/3
f 1797/1/4 1798/1/4 1799/1/4 1800/1/4
f 1801/1/3 1802/1/3 1803/1/3 1804/1/3
f 1805/1/4 1806/1/4 1807/1/4 1808/1/4
f 1809/1/2 1810/1/2 1811/1/2 1812/1/2
f 1813/1/3 1814/1/3 1815/1/3 1816/1/3
f 1817/1/4 1818/1/4 1819/1/4 1820/1/4
f 1821/1/6 1822/1/6 1823/1/6 1824/1/6
f 1825/4/1 1826/4/1 1827/4/1 1828/4/1
f 1829/4/2 1830/4/2 1831/4/2 1832/4/2
f 1833/4/3 1834/4/3 1835/4/3 1836/4/3
f 1837/4/4 1838/4/4 1839/4/4 1840/4/4
f 1841/4/5 1842/4/5 1843/4/5 1844/4/5
f 1845/4/6 1846/4/6 1847/4/6 1848/4/6
f 1849/1/1 1850/1/1 1851/1/1 1852/1/1
f 1853/1/3 1854/1/3 1855/1/3 1856/1/3
f 1857/1/4 1858/1/4 1859/1/4 1860/1/4
f 1861/1/6 1862/1/6 1863/1/6 1864/1/6
f 1865/1/2 1866/1/2 1867/1/2 1868/1/2
f 1869/1/3 1870/1/3 1871/1/3 1872/1/3
f 1873/1/4 1874/1/4 1875/1/4 1876/1/4
f 1877/1/6 1878/1/6 1879/1/6 1880/1/6
f 1881/5/1 1882/5/1 1883/5/1 1884/5/1
f 1885/5/3 1886/5/3 1887/5/3 1888/5/3
f 1889/5/4 1890/5/4 1891/5/4 1892/5/4
f 1893/5/5 1894/5/5 1895/5/5 1896/5/5
f 1897/5/3 1898/5/3 1899/5/3 1900/5/3
f 1901/5/4 1902/5/4 1903/5/4 1904/5/4
f 1905/5/5 1906/5/5 1907/5/5 1908/5/5
f 1909/5/3 1910/5/3 1911/5/3 1912/5/3
f 1913/5/4 1914/5/4 1915/5/4 1916/5/4
f 1917/5/5 1918/5/5 1919/5/5 1920/5/5
f 1921/5/3 1922/5/3 1923/5/3 1924/5/3
f 1925/5/4 1926/5/4 1927/5/4 1928/5/4
f 1929/5/5 1930/5/5 1931/5/5 1932/5/5
f 1933/5/3 1934/5/3 1935/5/3 1936/5/3
f 1937/5/4 1938/5/4 1939/5/4 1940/5/4
f 1941/5/5 1942/5/5 1943/5/5 1944/5/5
f 1945/2/2 1946/2/2 1947/2/2 1948/2/2
f 1949/2/3 1950/2/3 1951/2/3 1952/2/3
f 1953/2/4 1954/2/4 1955/2/4 1956/2/4
f 1957/2/5 1958/2/5 1959/2/5 1960/2/5
f 1961/1/1 1962/1/1 1963/1/1 1964/1/1
f 1965/1/3 1966/1/3 1967/1/3 1968/1/3
f 1969/1/4 1970/1/4 1971/1/4 1972/1/4
f 1973/1/6 1974/1/6 1975/1/6 1976/1/6
f 1977/1/3 1978/1/3 1979/1/3 1980/1/3
f 1981/1/4 1982/1/4 1983/1/4 1984/1/4
f 1985/1/6 1986/1/6 1987/1/6 1988/1/6
f 1989/1/3 1990/1/3 1991/1/3 1992/1/3
f 1993/1/4 1994/1/4 1995/1/4 1996/1/4
f 1997/1/6 1998/1/6 1999/1/6 2000/1/6
f 2001/1/3 2002/1/3 2003/1/3 2004/1/3
f 2005/1/4 2006/1/4 2007/1/4 2008/1/4
f 2009/1/3 2010/1/3 2011/1/3 2012/1/3
f 2013/1/4 2014/1/4 2015/1/4 2016/1/4
f 2017/1/3 2018/1/3 2019/1/3 2020/1/3
f 2021/1/4 2022/1/4 2023/1/4 2024/1/4
f 2025/1/3 2026/1/3 2027/1/3 2028/1/3
f 2029/1/4 2030/1/4 2031/1/4 2032/1/4
f 2033/1/3 2034/1/3 2035/1/3 2036/1/3
f 2037/1/4 2038/1/4 2039/1/4 2040/1/4
f 2041/1/3 2042/1/3 2043/1/3 2044/1/3
f 2045/1/4 2046/1/4 2047/1/4 2048/1/4
f 2049/1/3 2050/1/3 2051/1/3 2052/1/3
f 2053/1/4 2054/1/4 2055/1/4 2056/1/4
f 2057/1/3 2058/1/3 2059/1/3 2060/1/3
f 2061/1/4 2062/1/4 2063/1/4 2064/1/4
f 2065/1/3 2066/1/3 2067/1/3 2068/1/3
f 2069/1/4 2070/1/4 2071/1/4 2072/1/4
f 2073/1/5 2074/1/5 2075/1/5 2076/1/5
f 2077/1/3 2078/1/3 2079/1/3 2080/1/3
f 2081/1/4 2082/1/4 2083/1/4 2084/1/4
f 2085/1/3 2086/1/3 2087/1/3 2088/1/3
f 2089/1/4 2090/1/4 2091/1/4 2092/1/4
f 2093/1/3 2094/1/3 2095/1/3 2096/1/3
f 2097/1/4 2098/1/4 2099/1/4 2100/1/4
f 2101/1/3 2102/1/3 2103/1/3 2104/1/3
f 2105/1/4 2106/1/4 2107/1/4 2108/1/4
f 2109/1/6 2110/1/6 2111/1/6 2112/1/6
f 2113/1/3 2114/1/3 2115/1/3 2116/1/3
f 2117/1/4 2118/1/4 2119/1/4 2120/1/4
f 2121/1/3 2122/1/3 2123/1/3 2124/1/3
f 2125/1/4 2126/1/4 2127/1/4 2128/1/4
f 2129/1/3 2130/1/3 2131/1/3 2132/1/3
f 2133/1/4 2134/1/4 2135/1/4 2136/1/4
f 2137/1/6 2138/1/6 2139/1/6 2140/1/6
f 2141/1/3 2142/1/3 2143/1/3 2144/1/3
f 2145/1/4 2146/1/4 2147/1/4 2148/1/4
f 2149/1/6 2150/1/6 2151/1/6 2152/1/6
f 2153/1/3 2154/1/3 2155/1/3 2156/1/3
f 2157/1/4 2158/1/4 2159/1/4 2160/1/4
f 2161/1/6 2162/1/6 2163/1/6 2164/1/6
f 2165/1/3 2166/1/3 2167/1/3 2168/1/3
f 2169/1/4 2170/1/4 2171/1/4 2172/1/4
f 2173/1/6 2174/1/6 2175/1/6 2176/1/6
f 2177/1/3 2178/1/3 2179/1/3 2180/1/3
f 2181/1/4 2182/1/4 2183/1/4 2184/1/4
f 2185/1/6 2186/1/6 2187/1/6 2188/1/6
f 2189/1/2 2190/1/2 2191/1/2 2192/1/2
f 2193/1/3 2194/1/3 2195/1/3 2196/1/3
f 2197/1/4 2198/1/4 2199/1/4 2200/1/4
f 2201/1/6 2202/1/6 2203/1/6 2204/1/6
f 2205/1/1 2206/1/1 2207/1/1 2208/1/1
f 2209/1/3 2210/1/3 2211/1/3 2212/1/3
f 2213/1/4 2214/1/4 2215/1/4 2216/1/4
f 2217/1/5 2218/1/5 2219/1/5 2220/1/5
f 2221/1/3 2222/1/3 2223/1/3 2224/1/3
f 2225/1/4 2226/1/4 2227/1/4 2228/1/4
f 2229/1/5 2230/1/5 2231/1/5 2232/1/5
f 2233/1/3 2234/1/3 2235/1/3 2236/1/3
f 2237/1/4 2238/1/4 2239/1/4 2240/1/4
f 2241/1/5 2242/1/5 2243/1/5 2244/1/5
f 2245/1/3 2246/1/3 2247/1/3 2248/1/3
f 2249/1/4 2250/1/4 2251/1/4 2252/1/4
f 2253/1/5 2254/1/5 2255/1/5 2256/1/5
f 2257/1/3 2258/1/3 2259/1/3 2260/1/3
f 2261/1/4 2262/1/4 2263/1/4 2264/1/4
f 2265/1/5 2266/1/5 2267/1/5 2268/1/5
f 2269/1/3 2270/1/3 2271/1/3 2272/1/3
f 2273/1/4 2274/1/4 2275/1/4 2276/1/4
f 2277/1/5 2278/1/5 2279/1/5 2280/1/5
f 2281/1/3 2282/1/3 2283/1/3 2284/1/3
f 2285/1/4 2286/1/4 2287/1/4 2288/1/4
f 2289/1/5 2290/1/5 2291/1/5 2292/1/5
f 2293/1/3 2294/1/3 2295/1/3 2296/1/3
f 2297/1/4 2298/1/4 2299/1/4 2300/1/4
f 2301/1/5 2302/1/5 2303/1/5 2304/1/5
f 2305/1/3 2306/1/3 2307/1/3 2308/1/3
f 2309/1/4 2310/1/4 2311/1/4 2312/1/4
f 2313/1/3 2314/1/3 2315/1/3 2316/1/3
f 2317/1/4 2318/1/4 2319/1/4 2320/1/4
f 2321/1/2 2322/1/2 2323/1/2 2324/1/2
f 2325/1/3 2326/1/3 2327/1/3 2328/1/3
f 2329/1/4 2330/1/4 2331/1/4 2332/1/4
f 2333/4/1 2334/4/1 2335/4/1 2336/4/1
f 2337/4/2 2338/4/2 2339/4/2 2340/4/2
f 2341/4/3 2342/4/3 2343/4/3 2344/4/3
f 2345/4/4 2346/4/4 2347/4/4 2348/4/4
f 2349/4/5 2350/4/5 2351/4/5 2352/4/5
f 2353/4/6 2354/4/6 2355/4/6 2356/4/6
f 2357/1/1 2358/1/1 2359/1/1 2360/1/1
f 2361/1/3 2362/1/3 2363/1/3 2364/1/3
f 2365/1/4 2366/1/4 2367/1/4 2368/1/4
f 2369/1/3 2370/1/3 2371/1/3 2372/1/3
f 2373/1/4 2374/1/4 2375/1/4 2376/1/4
f 2377/1/3 2378/1/3 2379/1/3 2380/1/3
f 2381/1/4 2382/1/4 2383/1/4 2384/1/4
f 2385/1/3 2386/1/3 2387/1/3 2388/1/3
f 2389/1/4 2390/1/4 2391/1/4 2392/1/4
f 2393/1/3 2394/1/3 2395/1/3 2396/1/3
f 2397/1/4 2398/1/4 2399/1/4 2400/1/4
f 2401/1/3 2402/1/3 2403/1/3 2404/1/3
f 2405/1/4 2406/1/4 2407/1/4 2408/1/4
f 2409/1/3 2410/1/3 2411/1/3 2412/1/3
f 2413/1/4 2414/1/4 2415/1/4 2416/1/4
f 2417/1/3 2418/1/3 2419/1/3 2420/1/3
f 2421/1/4 2422/1/4 2423/1/4 2424/1/4
f 2425/1/5 2426/1/5 2427/1/5 2428/1/5
f 2429/1/3 2430/1/3 2431/1/3 2432/1/3
f 2433/1/4 2434/1/4 2435/1/4 2436/1/4
f 2437/1/3 2438/1/3 2439/1/3 2440/1/3
f 2441/1/4 2442/1/4 2443/1/4 2444/1/4
f 2445/1/3 2446/1/3 2447/1/3 2448/1/3
f 2449/1/4 2450/1/4 2451/1/4 2452/1/4
f 2453/1/5 2454/1/5 2455/1/5 2456/1/5
f 2457/1/2 2458/1/2 2459/1/2 2460/1/2
f 2461/1/3 2462/1/3 2463/1/3 2464/1/3
f 2465/1/4 2466/1/4 2467/1/4 2468/1/4
f 2469/1/5 2470/1/5 2471/1/5 2472/1/5
f 2473/3/1 2474/3/1 2475/3/1 2476/3/1
f 2477/3/3 2478/3/3 2479/3/3 2480/3/3
f 2481/3/4 2482/3/4 2483/3/4 2484/3/4
f 2485/3/6 2486/3/6 2487/3/6 2488/3/6
f 2489/3/3 2490/3/3 2491/3/3 2492/3/3
f 2493/3/4 2494/3/4 2495/3/4 2496/3/4
f 2497/3/6 2498/3/6 2499/3/6 2500/3/6
f 2501/6/3 2502/6/3 2503/6/3 2504/6/3
f 2505/6/4 2506/6/4 2507/6/4 2508/6/4
f 2509/6/6 2510/6/6 2511/6/6 2512/6/6
f 2513/3/3 2514/3/3 2515/3/3 2516/3/3
f 2517/3/4 2518/3/4 2519/3/4 2520/3/4
f 2521/3/6 2522/3/6 2523/3/6 2524/3/6
f 2525/3/3 2526/3/3 2527/3/3 2528/3/3
f 2529/3/4 2530/3/4 2531/3/4 2532/3/4
f 2533/3/6 2534/3/6 2535/3/6 2536/3/6
f 2537/6/3 2538/6/3 2539/6/3 2540/6/3
f 2541/6/4 2542/6/4 2543/6/4 2544/6/4
f 2545/6/6 2546/6/6 2547/6/6 2548/6/6
f 2549/6/3 2550/6/3 2551/6/3 2552/6/3
f 2553/6/4 2554/6/4 2555/6/4 2556/6/4
f 2557/6/6 2558/6/6 2559/6/6 2560/6/6
f 2561/5/2 2562/5/2 2563/5/2 2564/5/2
f 2565/5/3 2566/5/3 2567/5/3 2568/5/3
f 2569/5/4 2570/5/4 2571/5/4 2572/5/4
f 2573/5/6 2574/5/6 2575/5/6 2576/5/6
f 2577/1/1 2578/1/1 2579/1/1 2580/1/1
f 2581/1/3 2582/1/3 2583/1/3 2584/1/3
f 2585/1/4 2586/1/4 2587/1/4 2588/1/4
f 2589/1/5 2590/1/5 2591/1/5 2592/1/5
f 2593/1/3 2594/1/3 2595/1/3 2596/1/3
f 2597/1/4 2598/1/4 2599/1/4 2600/1/4
f 2601/1/5 2602/1/5 2603/1/5 2604/1/5
f 2605/1/3 2606/1/3 2607/1/3 2608/1/3
f 2609/1/4 2610/1/4 2611/1/4 2612/1/4
f 2613/1/3 2614/1/3 2615/1/3 2616/1/3
f 2617/1/4 2618/1/4 2619/1/4 2620/1/4
f 2621/1/6 2622/1/6 2623/1/6 2624/1/6
f 2625/1/3 2626/1/3 2627/1/3 2628/1/3
f 2629/1/4 2630/1/4 2631/1/4 2632/1/4
f 2633/1/5 2634/1/5 2635/1/5 2636/1/5
f 2637/1/3 2638/1/3 2639/1/3 2640/1/3
f 2641/1/4 2642/1/4 2643/1/4 2644/1/4
f 2645/1/3 2646/1/3 2647/1/3 2648/1/3
f 2649/1/4 2650/1/4 2651/1/4 2652/1/4
f 2653/1/3 2654/1/3 2655/1/3 2656/1/3
f 2657/1/4 2658/1/4 2659/1/4 2660/1/4
f 2661/1/3 2662/1/3 2663/1/3 2664/1/3
f 2665/1/4 2666/1/4 2667/1/4 2668/1/4
f 2669/1/3 2670/1/3 2671/1/3 2672/1/3
f 2673/1/4 2674/1/4 2675/1/4 2676/1/4
f 2677/1/2 2678/1/2 2679/1/2 2680/1/2
f 2681/1/3 2682/1/3 2683/1/3 2684/1/3
f 2685/1/4 2686/1/4 2687/1/4 2688/1/4
f 2689/4/1 2690/4/1 2691/4/1 2692/4/1
f 2693/4/2 2694/4/2 2695/4/2 2696/4/2
f 2697/4/3 2698/4/3 2699/4/3 2700/4/3
f 2701/4/4 2702/4/4 2703/4/4 2704/4/4
f 2705/4/5 2706/4/5 2707/4/5 2708/4/5
f 2709/4/6 2710/4/6 2711/4/6 2712/4/6
f 2713/1/1 2714/1/1 2715/1/1 2716/1/1
f 2717/1/3 2718/1/3 2719/1/3 2720/1/3
f 2721/1/4 2722/1/4 2723/1/4 2724/1/4
f 2725/1/5 2726/1/5 2727/1/5 2728/1/5
f 2729/1/2 2730/1/2 2731/1/2 2732/1/2
f 2733/1/3 2734/1/3 2735/1/3 2736/1/3
f 2737/1/4 2738/1/4 2739/1/4 2740/1/4
f 2741/1/5 2742/1/5 2743/1/5 2744/1/5
f 2745/6/1 2746/6/1 2747/6/1 2748/6/1
f 2749/6/3 2750/6/3 2751/6/3 2752/6/3
f 2753/6/4 2754/6/4 2755/6/4 2756/6/4
f 2757/6/6 2758/6/6 2759/6/6 2760/6/6
f 2761/3/2 2762/3/2 2763/3/2 2764/3/2
f 2765/3/3 2766/3/3 2767/3/3 2768/3/3
f 2769/3/4 2770/3/4 2771/3/4 2772/3/4
f 2773/3/6 2774/3/6 2775/3/6 2776/3/6
f 2777/7/1 2778/7/1 2779/7/1 2780/7/1
f 2781/7/3 2782/7/3 2783/7/3 2784/7/3
f 2785/7/4 2786/7/4 2787/7/4 2788/7/4
f 2789/6/3 2790/6/3 2791/6/3 2792/6/3
f 2793/6/4 2794/6/4 2795/6/4 2796/6/4
f 2797/7/3 2798/7/3 2799/7/3 2800/7/3
f 2801/7/4 2802/7/4 2803/7/4 2804/7/4
f 2805/6/3 2806/6/3 2807/6/3 2808/6/3
f 2809/6/4 2810/6/4 2811/6/4 2812/6/4
f 2813/6/3 2814/6/3 2815/6/3 2816/6/3
f 2817/6/4 2818/6/4 2819/6/4 2820/6/4
f 2821/2/3 2822/2/3 2823/2/3 2824/2/3
f 2825/2/4 2826/2/4 2827/2/4 2828/2/4
f 2829/7/3 2830/7/3 2831/7/3 2832/7/3
f 2833/7/4 2834/7/4 2835/7/4 2836/7/4
f 2837/2/3 2838/2/3 2839/2/3 2840/2/3
f 2841/2/4 2842/2/4 2843/2/4 2844/2/4
f 2845/5/3 2846/5/3 2847/5/3 2848/5/3
f 2849/5/4 2850/5/4 2851/5/4 2852/5/4
f 2853/5/6 2854/5/6 2855/5/6 2856/5/6
f 2857/5/2 2858/5/2 2859/5/2 2860/5/2
f 2861/5/3 2862/5/3 2863/5/3 2864/5/3
f 2865/5/4 2866/5/4 2867/5/4 2868/5/4
f 2869/5/5 2870/5/5 2871/5/5 2872/5/5
f 2873/5/6 2874/5/6 2875/5/6 2876/5/6
f 2877/1/1 2878/1/1 2879/1/1 2880/1/1
f 2881/1/3 2882/1/3 2883/1/3 2884/1/3
f 2885/1/4 2886/1/4 2887/1/4 2888/1/4
f 2889/1/2 2890/1/2 2891/1/2 2892/1/2
f 2893/1/3 2894/1/3 2895/1/3 2896/1/3
f 2897/1/4 2898/1/4 2899/1/4 2900/1/4
f 2901/4/1 2902/4/1 2903/4/1 2904/4/1
f 2905/4/2 2906/4/2 2907/4/2 2908/4/2
f 2909/4/3 2910/4/3 2911/4/3 2912/4/3
f 2913/4/4 2914/4/4 2915/4/4 2916/4/4
f 2917/4/5 2918/4/5 2919/4/5 2920/4/5
f 2921/4/6 2922/4/6 2923/4/6 2924/4/6
f 2925/1/1 2926/1/1 2927/1/1 2928/1/1
f 2929/1/3 2930/1/3 2931/1/3 2932/1/3
f 2933/1/4 2934/1/4 2935/1/4 2936/1/4
f 2937/1/3 2938/1/3 2939/1/3 2940/1/3
f 2941/1/4 2942/1/4 2943/1/4 2944/1/4
f 2945/1/3 2946/1/3 2947/1/3 2948/1/3
f 2949/1/4 2950/1/4 2951/1/4 2952/1/4
f 2953/1/5 2954/1/5 2955/1/5 2956/1/5
f 2957/1/3 2958/1/3 2959/1/3 2960/1/3
f 2961/1/4 2962/1/4 2963/1/4 2964/1/4
f 2965/1/3 2966/1/3 2967/1/3 2968/1/3
f 2969/1/4 2970/1/4 2971/1/4 2972/1/4
f 2973/1/3 2974/1/3 2975/1/3 2976/1/3
f 2977/1/4 2978/1/4 2979/1/4 2980/1/4
f 2981/1/2 2982/1/2 2983/1/2 2984/1/2
f 2985/1/3 2986/1/3 2987/1/3 2988/1/3
f 2989/1/4 2990/1/4 2991/1/4 2992/1/4
f 2993/1/6 2994/1/6 2995/1/6 2996/1/6
f 2997/5/1 2998/5/1 2999/5/1 3000/5/1
f 3001/5/3 3002/5/3 3003/5/3 3004/5/3
f 3005/5/4 3006/5/4 3007/5/4 3008/5/4
f 3009/5/5 3010/5/5 3011/5/5 3012/5/5
f 3013/5/6 3014/5/6 3015/5/6 3016/5/6
f 3017/5/3 3018/5/3 3019/5/3 3020/5/3
f 3021/5/4 3022/5/4 3023/5/4 3024/5/4
f 3025/5/5 3026/5/5 3027/5/5 3028/5/5
f 3029/5/6 3030/5/6 3031/5/6 3032/5/6
f 3033/7/3 3034/7/3 3035/7/3 3036/7/3
f 3037/7/4 3038/7/4 3039/7/4 3040/7/4
f 3041/2/2 3042/2/2 3043/2/2 3044/2/2
f 3045/2/3 3046/2/3 3047/2/3 3048/2/3
f 3049/2/4 3050/2/4 3051/2/4 3052/2/4
f 3053/6/1 3054/6/1 3055/6/1 3056/6/1
f 3057/6/3 3058/6/3 3059/6/3 3060/6/3
f 3061/6/4 3062/6/4 3063/6/4 3064/6/4
f 3065/3/3 3066/3/3 3067/3/3 3068/3/3
f 3069/3/4 3070/3/4 3071/3/4 3072/3/4
f 3073/6/3 3074/6/3 3075/6/3 3076/6/3
f 3077/6/4 3078/6/4 3079/6/4 3080/6/4
f 3081/7/3 3082/7/3 3083/7/3 3084/7/3
f 3085/7/4 3086/7/4 3087/7/4 3088/7/4
f 3089/2/3 3090/2/3 3091/2/3 3092/2/3
f 3093/2/4 3094/2/4 3095/2/4 3096/2/4
f 3097/7/3 3098/7/3 3099/7/3 3100/7/3
f 3101/7/4 3102/7/4 3103/7/4 3104/7/4
f 3105/6/3 3106/6/3 3107/6/3 3108/6/3
f 3109/6/4 3110/6/4 3111/6/4 3112/6/4
f 3113/7/3 3114/7/3 3115/7/3 3116/7/3
f 3117/7/4 3118/7/4 3119/7/4 3120/7/4
f 3121/5/2 3122/5/2 3123/5/2 3124/5/2
f 3125/5/3 3126/5/3 3127/5/3 3128/5/3
f 3129/5/4 3130/5/4 3131/5/4 3132/5/4
f 3133/1/1 3134/1/1 3135/1/1 3136/1/1
f 3137/1/3 3138/1/3 3139/1/3 3140/1/3
f 3141/1/4 3142/1/4 3143/1/4 3144/1/4
f 3145/1/5 3146/1/5 3147/1/5 3148/1/5
f 3149/1/6 3150/1/6 3151/1/6 3152/1/6
f 3153/1/3 3154/1/3 3155/1/3 3156/1/3
f 3157/1/4 3158/1/4 3159/1/4 3160/1/4
f 3161/1/3 3162/1/3 3163/1/3 3164/1/3
f 3165/1/4 3166/1/4 3167/1/4 3168/1/4
f 3169/1/3 3170/1/3 3171/1/3 3172/1/3
f 3173/1/4 3174/1/4 3175/1/4 3176/1/4
f 3177/1/6 3178/1/6 3179/1/6 3180/1/6
f 3181/1/3 3182/1/3 3183/1/3 3184/1/3
f 3185/1/4 3186/1/4 3187/1/4 3188/1/4
f 3189/1/2 3190/1/2 3191/1/2 3192/1/2
f 3193/1/3 3194/1/3 3195/1/3 3196/1/3
f 3197/1/4 3198/1/4 3199/1/4 3200/1/4
f 3201/4/1 3202/4/1 3203/4/1 3204/4/1
f 3205/4/2 3206/4/2 3207/4/2 3208/4/2
f 3209/4/3 3210/4/3 3211/4/3 3212/4/3
f 3213/4/4 3214/4/4 3215/4/4 3216/4/4
f 3217/4/5 3218/4/5 3219/4/5 3220/4/5
f 3221/4/6 3222/4/6 3223/4/6 3224/4/6
f 3225/1/1 3226/1/1 3227/1/1 3228/1/1
f 3229/1/3 3230/1/3 3231/1/3 3232/1/3
f 3233/1/4 3234/1/4 3235/1/4 3236/1/4
f 3237/1/3 3238/1/3 3239/1/3 3240/1/3
f 3241/1/4 3242/1/4 3243/1/4 3244/1/4
f 3245/1/3 3246/1/3 3247/1/3 3248/1/3
f 3249/1/4 3250/1/4 3251/1/4 3252/1/4
f 3253/1/3 3254/1/3 3255/1/3 3256/1/3
f 3257/1/4 3258/1/4 3259/1/4 3260/1/4
f 3261/1/5 3262/1/5 3263/1/5 3264/1/5
f 3265/1/3 3266/1/3 3267/1/3 3268/1/3
f 3269/1/4 3270/1/4 3271/1/4 3272/1/4
f 3273/1/5 3274/1/5 3275/1/5 3276/1/5
f 3277/1/6 3278/1/6 3279/1/6 3280/1/6
f 3281/1/2 3282/1/2 3283/1/2 3284/1/2
f 3285/1/3 3286/1/3 3287/1/3 3288/1/3
f 3289/1/4 3290/1/4 3291/1/4 3292/1/4
f 3293/1/5 3294/1/5 3295/1/5 3296/1/5
f 3297/1/6 3298/1/6 3299/1/6 3300/1/6
f 3301/3/1 3302/3/1 3303/3/1 3304/3/1
f 3305/3/3 3306/3/3 3307/3/3 3308/3/3
f 3309/3/4 3310/3/4 3311/3/4 3312/3/4
f 3313/3/2 3314/3/2 3315/3/2 3316/3/2
f 3317/3/3 3318/3/3 3319/3/3 3320/3/3
f 3321/3/4 3322/3/4 3323/3/4 3324/3/4
f 3325/7/1 3326/7/1 3327/7/1 3328/7/1
f 3329/7/3 3330/7/3 3331/7/3 3332/7/3
f 3333/7/4 3334/7/4 3335/7/4 3336/7/4
f 3337/6/3 3338/6/3 3339/6/3 3340/6/3
f 3341/6/4 3342/6/4 3343/6/4 3344/6/4
f 3345/6/3 3346/6/3 3347/6/3 3348/6/3
f 3349/6/4 3350/6/4 3351/6/4 3352/6/4
f 3353/6/3 3354/6/3 3355/6/3 3356/6/3
f 3357/6/4 3358/6/4 3359/6/4 3360/6/4
f 3361/6/3 3362/6/3 3363/6/3 3364/6/3
f 3365/6/4 3366/6/4 3367/6/4 3368/6/4
f 3369/3/3 3370/3/3 3371/3/3 3372/3/3
f 3373/3/4 3374/3/4 3375/3/4 3376/3/4
f 3377/6/3 3378/6/3 3379/6/3 3380/6/3
f 3381/6/4 3382/6/4 3383/6/4 3384/6/4
f 3385/7/3 3386/7/3 3387/7/3 3388/7/3
f 3389/7/4 3390/7/4 3391/7/4 3392/7/4
f 3393/2/3 3394/2/3 3395/2/3 3396/2/3
f 3397/2/4 3398/2/4 3399/2/4 3400/2/4
f 3401/5/2 3402/5/2 3403/5/2 3404/5/2
f 3405/5/3 3406/5/3 3407/5/3 3408/5/3
f 3409/5/4 3410/5/4 3411/5/4 3412/5/4
f 3413/5/6 3414/5/6 3415/5/6 3416/5/6
f 3417/1/1 3418/1/1 3419/1/1 3420/1/1
f 3421/1/3 3422/1/3 3423/1/3 3424/1/3
f 3425/1/4 3426/1/4 3427/1/4 3428/1/4
f 3429/1/5 3430/1/5 3431/1/5 3432/1/5
f 3433/1/3 3434/1/3 3435/1/3 3436/1/3
f 3437/1/4 3438/1/4 3439/1/4 3440/1/4
f 3441/1/5 3442/1/5 3443/1/5 3444/1/5
f 3445/1/3 3446/1/3 3447/1/3 3448/1/3
f 3449/1/4 3450/1/4 3451/1/4 3452/1/4
f 3453/1/3 3454/1/3 3455/1/3 3456/1/3
f 3457/1/4 3458/1/4 3459/1/4 3460/1/4
f 3461/1/3 3462/1/3 3463/1/3 3464/1/3
f 3465/1/4 3466/1/4 3467/1/4 3468/1/4
f 3469/1/3 3470/1/3 3471/1/3 3472/1/3
f 3473/1/4 3474/1/4 3475/1/4 3476/1/4
f 3477/1/6 3478/1/6 3479/1/6 3480/1/6
f 3481/1/3 3482/1/3 3483/1/3 3484/1/3
f 3485/1/4 3486/1/4 3487/1/4 3488/1/4
f 3489/1/3 3490/1/3 3491/1/3 3492/1/3
f 3493/1/4 3494/1/4 3495/1/4 3496/1/4
f 3497/1/2 3498/1/2 3499/1/2 3500/1/2
f 3501/1/3 3502/1/3 3503/1/3 3504/1/3
f 3505/1/4 3506/1/4 3507/1/4 3508/1/4
f 3509/5/1 3510/5/1 3511/5/1 3512/5/1
f 3513/5/3 3514/5/3 3515/5/3 3516/5/3
f 3517/5/4 3518/5/4 3519/5/4 3520/5/4
f 3521/5/5 3522/5/5 3523/5/5 3524/5/5
f 3525/5/6 3526/5/6 3527/5/6 3528/5/6
f 3529/2/3 3530/2/3 3531/2/3 3532/2/3
f 3533/2/4 3534/2/4 3535/2/4 3536/2/4
f 3537/2/6 3538/2/6 3539/2/6 3540/2/6
f 3541/7/3 3542/7/3 3543/7/3 3544/7/3
f 3545/7/4 3546/7/4 3547/7/4 3548/7/4
f 3549/7/6 3550/7/6 3551/7/6 3552/7/6
f 3553/2/3 3554/2/3 3555/2/3 3556/2/3
f 3557/2/4 3558/2/4 3559/2/4 3560/2/4
f 3561/7/2 3562/7/2 3563/7/2 3564/7/2
f 3565/7/3 3566/7/3 3567/7/3 3568/7/3
f 3569/7/4 3570/7/4 3571/7/4 3572/7/4
f 3573/6/1 3574/6/1 3575/6/1 3576/6/1
f 3577/6/3 3578/6/3 3579/6/3 3580/6/3
f 3581/6/4 3582/6/4 3583/6/4 3584/6/4
f 3585/6/3 3586/6/3 3587/6/3 3588/6/3
f 3589/6/4 3590/6/4 3591/6/4 3592/6/4
f 3593/7/3 3594/7/3 3595/7/3 3596/7/3
f 3597/7/4 3598/7/4 3599/7/4 3600/7/4
f 3601/7/3 3602/7/3 3603/7/3 3604/7/3
f 3605/7/4 3606/7/4 3607/7/4 3608/7/4
f 3609/2/3 3610/2/3 3611/2/3 3612/2/3
f 3613/2/4 3614/2/4 3615/2/4 3616/2/4
f 3617/7/3 3618/7/3 3619/7/3 3620/7/3
f 3621/7/4 3622/7/4 3623/7/4 3624/7/4
f 3625/7/3 3626/7/3 3627/7/3 3628/7/3
f 3629/7/4 3630/7/4 3631/7/4 3632/7/4
f 3633/6/3 3634/6/3 3635/6/3 3636/6/3
f 3637/6/4 3638/6/4 3639/6/4 3640/6/4
f 3641/7/3 3642/7/3 3643/7/3 3644/7/3
f 3645/7/4 3646/7/4 3647/7/4 3648/7/4
f 3649/7/5 3650/7/5 3651/7/5 3652/7/5
f 3653/2/3 3654/2/3 3655/2/3 3656/2/3
f 3657/2/4 3658/2/4 3659/2/4 3660/2/4
f 3661/2/5 3662/2/5 3663/2/5 3664/2/5
f 3665/5/3 3666/5/3 3667/5/3 3668/5/3
f 3669/5/4 3670/5/4 3671/5/4 3672/5/4
f 3673/5/5 3674/5/5 3675/5/5 3676/5/5
f 3677/5/6 3678/5/6 3679/5/6 3680/5/6
f 3681/5/2 3682/5/2 3683/5/2 3684/5/2
f 3685/5/3 3686/5/3 3687/5/3 3688/5/3
f 3689/5/4 3690/5/4 3691/5/4 3692/5/4
f 3693/5/5 3694/5/5 3695/5/5 3696/5/5
f 3697/5/6 3698/5/6 3699/5/6 3700/5/6
f 3701/1/1 3702/1/1 3703/1/1 3704/1/1
f 3705/1/3 3706/1/3 3707/1/3 3708/1/3
f 3709/1/4 3710/1/4 3711/1/4 3712/1/4
f 3713/1/3 3714/1/3 3715/1/3 3716/1/3
f 3717/1/4 3718/1/4 3719/1/4 3720/1/4
f 3721/1/5 3722/1/5 3723/1/5 3724/1/5
f 3725/1/3 3726/1/3 3727/1/3 3728/1/3
f 3729/1/4 3730/1/4 3731/1/4 3732/1/4
f 3733/1/3 3734/1/3 3735/1/3 3736/1/3
f 3737/1/4 3738/1/4 3739/1/4 3740/1/4
f 3741/1/3 3742/1/3 3743/1/3 3744/1/3
f 3745/1/4 3746/1/4 3747/1/4 3748/1/4
f 3749/1/3 3750/1/3 3751/1/3 3752/1/3
f 3753/1/4 3754/1/4 3755/1/4 3756/1/4
f 3757/1/3 3758/1/3 3759/1/3 3760/1/3
f 3761/1/4 3762/1/4 3763/1/4 3764/1/4
f 3765/1/2 3766/1/2 3767/1/2 3768/1/2
f 3769/1/3 3770/1/3 3771/1/3 3772/1/3
f 3773/1/4 3774/1/4 3775/1/4 3776/1/4
f 3777/1/6 3778/1/6 3779/1/6 3780/1/6
f 3781/5/1 3782/5/1 3783/5/1 3784/5/1
f 3785/5/3 3786/5/3 3787/5/3 3788/5/3
f 3789/5/4 3790/5/4 3791/5/4 3792/5/4
f 3793/5/5 3794/5/5 3795/5/5 3796/5/5
f 3797/2/3 3798/2/3 3799/2/3 3800/2/3
f 3801/2/4 3802/2/4 3803/2/4 3804/2/4
f 3805/2/5 3806/2/5 3807/2/5 3808/2/5
f 3809/7/3 3810/7/3 3811/7/3 3812/7/3
f 3813/7/4 3814/7/4 3815/7/4 3816/7/4
f 3817/7/2 3818/7/2 3819/7/2 3820/7/2
f 3821/7/3 3822/7/3 3823/7/3 3824/7/3
f 3825/7/4 3826/7/4 3827/7/4 3828/7/4
f 3829/2/1 3830/2/1 3831/2/1 3832/2/1
f 3833/2/3 3834/2/3 3835/2/3 3836/2/3
f 3837/2/4 3838/2/4 3839/2/4 3840/2/4
f 3841/2/5 3842/2/5 3843/2/5 3844/2/5
f 3845/5/3 3846/5/3 3847/5/3 3848/5/3
f 3849/5/4 3850/5/4 3851/5/4 3852/5/4
f 3853/5/5 3854/5/5 3855/5/5 3856/5/5
f 3857/5/3 3858/5/3 3859/5/3 3860/5/3
f 3861/5/4 3862/5/4 3863/5/4 3864/5/4
f 3865/5/5 3866/5/5 3867/5/5 3868/5/5
f 3869/5/3 3870/5/3 3871/5/3 3872/5/3
f 3873/5/4 3874/5/4 3875/5/4 3876/5/4
f 3877/5/5 3878/5/5 3879/5/5 3880/5/5
f 3881/5/3 3882/5/3 3883/5/3 3884/5/3
f 3885/5/4 3886/5/4 3887/5/4 3888/5/4
f 3889/5/5 3890/5/5 3891/5/5 3892/5/5
f 3893/5/3 3894/5/3 3895/5/3 3896/5/3
f 3897/5/4 3898/5/4 3899/5/4 3900/5/4
f 3901/5/5 3902/5/5 3903/5/5 3904/5/5
f 3905/5/3 3906/5/3 3907/5/3 3908/5/3
f 3909/5/4 3910/5/4 3911/5/4 3912/5/4
f 3913/5/5 3914/5/5 3915/5/5 3916/5/5
f 3917/5/2 3918/5/2 3919/5/2 3920/5/2
f 3921/5/3 3922/5/3 3923/5/3 3924/5/3
f 3925/5/4 3926/5/4 3927/5/4 3928/5/4
f 3929/5/5 3930/5/5 3931/5/5 3932/5/5
f 3933/1/1 3934/1/1 3935/1/1 3936/1/1
f 3937/1/3 3938/1/3 3939/1/3 3940/1/3
f 3941/1/4 3942/1/4 3943/1/4 3944/1/4
f 3945/1/6 3946/1/6 3947/1/6 3948/1/6
f 3949/1/3 3950/1/3 3951/1/3 3952/1/3
f 3953/1/4 3954/1/4 3955/1/4 3956/1/4
f 3957/1/6 3958/1/6 3959/1/6 3960/1/6
f 3961/1/3 3962/1/3 3963/1/3 3964/1/3
f 3965/1/4 3966/1/4 3967/1/4 3968/1/4
f 3969/1/6 3970/1/6 3971/1/6 3972/1/6
f 3973/1/3 3974/1/3 3975/1/3 3976/1/3
f 3977/1/4 3978/1/4 3979/1/4 3980/1/4
f 3981/1/6 3982/1/6 3983/1/6 3984/1/6
f 3985/1/2 3986/1/2 3987/1/2 3988/1/2
f 3989/1/3 3990/1/3 3991/1/3 3992/1/3
f 3993/1/4 3994/1/4 3995/1/4 3996/1/4
f 3997/1/5 3998/1/5 3999/1/5 4000/1/5
f 4001/4/1 4002/4/1 4003/4/1 4004/4/1
f 4005/4/2 4006/4/2 4007/4/2 4008/4/2
f 4009/4/3 4010/4/3 4011/4/3 4012/4/3
f 4013/4/4 4014/4/4 4015/4/4 4016/4/4
f 4017/4/5 4018/4/5 4019/4/5 4020/4/5
f 4021/4/6 4022/4/6 4023/4/6 4024/4/6
f 4025/1/1 4026/1/1 4027/1/1 4028/1/1
f 4029/1/3 4030/1/3 4031/1/3 4032/1/3
f 4033/1/4 4034/1/4 4035/1/4 4036/1/4
f 4037/1/3 4038/1/3 4039/1/3 4040/1/3
f 4041/1/4 4042/1/4 4043/1/4 4044/1/4
f 4045/1/5 4046/1/5 4047/1/5 4048/1/5
f 4049/1/3 4050/1/3 4051/1/3 4052/1/3
f 4053/1/4 4054/1/4 4055/1/4 4056/1/4
f 4057/1/3 4058/1/3 4059/1/3 4060/1/3
f 4061/1/4 4062/1/4 4063/1/4 4064/1/4
f 4065/1/3 4066/1/3 4067/1/3 4068/1/3
f 4069/1/4 4070/1/4 4071/1/4 4072/1/4
f 4073/1/3 4074/1/3 4075/1/3 4076/1/3
f 4077/1/4 4078/1/4 4079/1/4 4080/1/4
f 4081/1/3 4082/1/3 4083/1/3 4084/1/3
f 4085/1/4 4086/1/4 4087/1/4 4088/1/4
f 4089/1/6 4090/1/6 4091/1/6 4092/1/6
f 4093/1/2 4094/1/2 4095/1/2 4096/1/2
f 4097/1/3 4098/1/3 4099/1/3 4100/1/3
f 4101/1/4 4102/1/4 4103/1/4 4104/1/4
f 4105/1/6 4106/1/6 4107/1/6 4108/1/6
f 4109/5/1 4110/5/1 4111/5/1 4112/5/1
f 4113/5/3 4114/5/3 4115/5/3 4116/5/3
f 4117/5/4 4118/5/4 4119/5/4 4120/5/4
f 4121/5/5 4122/5/5 4123/5/5 4124/5/5
f 4125/2/2 4126/2/2 4127/2/2 4128/2/2
f 4129/2/3 4130/2/3 4131/2/3 4132/2/3
f 4133/2/4 4134/2/4 4135/2/4 4136/2/4
f 4137/2/5 4138/2/5 4139/2/5 4140/2/5
f 4141/1/1 4142/1/1 4143/1/1 4144/1/1
f 4145/1/3 4146/1/3 4147/1/3 4148/1/3
f 4149/1/4 4150/1/4 4151/1/4 4152/1/4
f 4153/1/6 4154/1/6 4155/1/6 4156/1/6
f 4157/1/3 4158/1/3 4159/1/3 4160/1/3
f 4161/1/4 4162/1/4 4163/1/4 4164/1/4
f 4165/1/6 4166/1/6 4167/1/6 4168/1/6
f 4169/1/3 4170/1/3 4171/1/3 4172/1/3
f 4173/1/4 4174/1/4 4175/1/4 4176/1/4
f 4177/1/6 4178/1/6 4179/1/6 4180/1/6
f 4181/1/3 4182/1/3 4183/1/3 4184/1/3
f 4185/1/4 4186/1/4 4187/1/4 4188/1/4
f 4189/1/6 4190/1/6 4191/1/6 4192/1/6
f 4193/1/3 4194/1/3 4195/1/3 4196/1/3
f 4197/1/4 4198/1/4 4199/1/4 4200/1/4
f 4201/1/6 4202/1/6 4203/1/6 4204/1/6
f 4205/1/3 4206/1/3 4207/1/3 4208/1/3
f 4209/1/4 4210/1/4 4211/1/4 4212/1/4
f 4213/1/6 4214/1/6 4215/1/6 4216/1/6
f 4217/1/3 4218/1/3 4219/1/3 4220/1/3
f 4221/1/4 4222/1/4 4223/1/4 4224/1/4
f 4225/1/6 4226/1/6 4227/1/6 4228/1/6
f 4229/1/3 4230/1/3 4231/1/3 4232/1/3
f 4233/1/4 4234/1/4 4235/1/4 4236/1/4
f 4237/1/6 4238/1/6 4239/1/6 4240/1/6
f 4241/1/3 4242/1/3 4243/1/3 4244/1/3
f 4245/1/4 4246/1/4 4247/1/4 4248/1/4
f 4249/1/3 4250/1/3 4251/1/3 4252/1/3
f 4253/1/4 4254/1/4 4255/1/4 4256/1/4
f 4257/1/3 4258/1/3 4259/1/3 4260/1/3
f 4261/1/4 4262/1/4 4263/1/4 4264/1/4
f 4265/1/2 4266/1/2 4267/1/2 4268/1/2
f 4269/1/3 4270/1/3 4271/1/3 4272/1/3
f 4273/1/4 4274/1/4 4275/1/4 4276/1/4
f 4277/4/1 4278/4/1 4279/4/1 4280/4/1
f 4281/4/2 4282/4/2 4283/4/2 4284/4/2
f 4285/4/3 4286/4/3 4287/4/3 4288/4/3
f 4289/4/4 4290/4/4 4291/4/4 4292/4/4
f 4293/4/5 4294/4/5 4295/4/5 4296/4/5
f 4297/4/6 4298/4/6 4299/4/6 4300/4/6
f 4301/1/1 4302/1/1 4303/1/1 4304/1/1
f 4305/1/3 4306/1/3 4307/1/3 4308/1/3
f 4309/1/4 4310/1/4 4311/1/4 4312/1/4
f 4313/1/6 4314/1/6 4315/1/6 4316/1/6
f 4317/1/2 4318/1/2 4319/1/2 4320/1/2
f 4321/1/3 4322/1/3 4323/1/3 4324/1/3
f 4325/1/4 4326/1/4 4327/1/4 4328/1/4
f 4329/4/1 4330/4/1 4331/4/1 4332/4/1
f 4333/4/2 4334/4/2 4335/4/2 4336/4/2
f 4337/4/3 4338/4/3 4339/4/3 4340/4/3
f 4341/4/4 4342/4/4 4343/4/4 4344/4/4
f 4345/4/5 4346/4/5 4347/4/5 4348/4/5
f 4349/4/6 4350/4/6 4351/4/6 4352/4/6
f 4353/1/1 4354/1/1 4355/1/1 4356/1/1
f 4357/1/3 4358/1/3 4359/1/3 4360/1/3
f 4361/1/4 4362/1/4 4363/1/4 4364/1/4
f 4365/1/3 4366/1/3 4367/1/3 4368/1/3
f 4369/1/4 4370/1/4 4371/1/4 4372/1/4
f 4373/1/3 4374/1/3 4375/1/3 4376/1/3
f 4377/1/4 4378/1/4 4379/1/4 4380/1/4
f 4381/1/3 4382/1/3 4383/1/3 4384/1/3
f 4385/1/4 4386/1/4 4387/1/4 4388/1/4
f 4389/1/3 4390/1/3 4391/1/3 4392/1/3
f 4393/1/4 4394/1/4 4395/1/4 4396/1/4
f 4397/1/3 4398/1/3 4399/1/3 4400/1/3
f 4401/1/4 4402/1/4 4403/1/4 4404/1/4
f 4405/1/3 4406/1/3 4407/1/3 4408/1/3
f 4409/1/4 4410/1/4 4411/1/4 4412/1/4
f 4413/1/6 4414/1/6 4415/1/6 4416/1/6
f 4417/1/2 4418/1/2 4419/1/2 4420/1/2
f 4421/1/3 4422/1/3 4423/1/3 4424/1/3
f 4425/1/4 4426/1/4 4427/1/4 4428/1/4
f 4429/1/6 4430/1/6 4431/1/6 4432/1/6
f 4433/1/1 4434/1/1 4435/1/1 4436/1/1
f 4437/1/3 4438/1/3 4439/1/3 4440/1/3
f 4441/1/4 4442/1/4 4443/1/4 4444/1/4
f 4445/1/5 4446/1/5 4447/1/5 4448/1/5
f 4449/1/3 4450/1/3 4451/1/3 4452/1/3
f 4453/1/4 4454/1/4 4455/1/4 4456/1/4
f 4457/1/5 4458/1/5 4459/1/5 4460/1/5
f 4461/1/3 4462/1/3 4463/1/3 4464/1/3
f 4465/1/4 4466/1/4 4467/1/4 4468/1/4
f 4469/1/5 4470/1/5 4471/1/5 4472/1/5
f 4473/1/3 4474/1/3 4475/1/3 4476/1/3
f 4477/1/4 4478/1/4 4479/1/4 4480/1/4
f 4481/1/3 4482/1/3 4483/1/3 4484/1/3
f 4485/1/4 4486/1/4 4487/1/4 4488/1/4
f 4489/1/3 4490/1/3 4491/1/3 4492/1/3
f 4493/1/4 4494/1/4 4495/1/4 4496/1/4
f 4497/1/3 4498/1/3 4499/1/3 4500/1/3
f 4501/1/4 4502/1/4 4503/1/4 4504/1/4
f 4505/1/3 4506/1/3 4507/1/3 4508/1/3
f 4509/1/4 4510/1/4 4511/1/4 4512/1/4
f 4513/1/3 4514/1/3 4515/1/3 4516/1/3
f 4517/1/4 4518/1/4 4519/1/4 4520/1/4
f 4521/1/3 4522/1/3 4523/1/3 4524/1/3
f 4525/1/4 4526/1/4 4527/1/4 4528/1/4
f 4529/1/3 4530/1/3 4531/1/3 4532/1/3
f 4533/1/4 4534/1/4 4535/1/4 4536/1/4
f 4537/1/3 4538/1/3 4539/1/3 4540/1/3
f 4541/1/4 4542/1/4 4543/1/4 4544/1/4
f 4545/1/3 4546/1/3 4547/1/3 4548/1/3
f 4549/1/4 4550/1/4 4551/1/4 4552/1/4
f 4553/1/6 4554/1/6 4555/1/6 4556/1/6
f 4557/1/3 4558/1/3 4559/1/3 4560/1/3
f 4561/1/4 4562/1/4 4563/1/4 4564/1/4
f 4565/1/3 4566/1/3 4567/1/3 4568/1/3
f 4569/1/4 4570/1/4 4571/1/4 4572/1/4
f 4573/1/3 4574/1/3 4575/1/3 4576/1/3
f 4577/1/4 4578/1/4 4579/1/4 4580/1/4
f 4581/1/6 4582/1/6 4583/1/6 4584/1/6
f 4585/1/3 4586/1/3 4587/1/3 4588/1/3
f 4589/1/4 4590/1/4 4591/1/4 4592/1/4
f 4593/1/3 4594/1/3 4595/1/3 4596/1/3
f 4597/1/4 4598/1/4 4599/1/4 4600/1/4
f 4601/1/5 4602/1/5 4603/1/5 4604/1/5
f 4605/1/3 4606/1/3 4607/1/3 4608/1/3
f 4609/1/4 4610/1/4 4611/1/4 4612/1/4
f 4613/1/5 4614/1/5 4615/1/5 4616/1/5
f 4617/1/3 4618/1/3 4619/1/3 4620/1/3
f 4621/1/4 4622/1/4 4623/1/4 4624/1/4
f 4625/1/5 4626/1/5 4627/1/5 4628/1/5
f 4629/1/3 4630/1/3 4631/1/3 4632/1/3
f 4633/1/4 4634/1/4 4635/1/4 4636/1/4
f 4637/1/5 4638/1/5 4639/1/5 4640/1/5
f 4641/1/3 4642/1/3 4643/1/3 4644/1/3
f 4645/1/4 4646/1/4 4647/1/4 4648/1/4
f 4649/1/5 4650/1/5 4651/1/5 4652/1/5
f 4653/1/3 4654/1/3 4655/1/3 4656/1/3
f 4657/1/4 4658/1/4 4659/1/4 4660/1/4
f 4661/1/5 4662/1/5 4663/1/5 4664/1/5
f 4665/1/2 4666/1/2 4667/1/2 4668/1/2
f 4669/1/3 4670/1/3 4671/1/3 4672/1/3
f 4673/1/4 4674/1/4 4675/1/4 4676/1/4
f 4677/1/5 4678/1/5 4679/1/5 4680/1/5
f 4681/3/1 4682/3/1 4683/3/1 4684/3/1
f 4685/3/3 4686/3/3 4687/3/3 4688/3/3
f 4689/3/4 4690/3/4 4691/3/4 4692/3/4
f 4693/3/6 4694/3/6 4695/3/6 4696/3/6
f 4697/6/3 4698/6/3 4699/6/3 4700/6/3
f 4701/6/4 4702/6/4 4703/6/4 4704/6/4
f 4705/6/6 4706/6/6 4707/6/6 4708/6/6
f 4709/5/2 4710/5/2 4711/5/2 4712/5/2
f 4713/5/3 4714/5/3 4715/5/3 4716/5/3
f 4717/5/4 4718/5/4 4719/5/4 4720/5/4
f 4721/5/6 4722/5/6 4723/5/6 4724/5/6
f 4725/1/1 4726/1/1 4727/1/1 4728/1/1
f 4729/1/3 4730/1/3 4731/1/3 4732/1/3
f 4733/1/4 4734/1/4 4735/1/4 4736/1/4
f 4737/1/5 4738/1/5 4739/1/5 4740/1/5
f 4741/1/3 4742/1/3 4743/1/3 4744/1/3
f 4745/1/4 4746/1/4 4747/1/4 4748/1/4
f 4749/1/5 4750/1/5 4751/1/5 4752/1/5
f 4753/1/3 4754/1/3 4755/1/3 4756/1/3
f 4757/1/4 4758/1/4 4759/1/4 4760/1/4
f 4761/1/3 4762/1/3 4763/1/3 4764/1/3
f 4765/1/4 4766/1/4 4767/1/4 4768/1/4
f 4769/1/3 4770/1/3 4771/1/3 4772/1/3
f 4773/1/4 4774/1/4 4775/1/4 4776/1/4
f 4777/1/3 4778/1/3 4779/1/3 4780/1/3
f 4781/1/4 4782/1/4 4783/1/4 4784/1/4
f 4785/1/3 4786/1/3 4787/1/3 4788/1/3
f 4789/1/4 4790/1/4 4791/1/4 4792/1/4
f 4793/1/3 4794/1/3 4795/1/3 4796/1/3
f 4797/1/4 4798/1/4 4799/1/4 4800/1/4
f 4801/1/3 4802/1/3 4803/1/3 4804/1/3
f 4805/1/4 4806/1/4 4807/1/4 4808/1/4
f 4809/1/3 4810/1/3 4811/1/3 4812/1/3
f 4813/1/4 4814/1/4 4815/1/4 4816/1/4
f 4817/1/3 4818/1/3 4819/1/3 4820/1/3
f 4821/1/4 4822/1/4 4823/1/4 4824/1/4
f 4825/1/3 4826/1/3 4827/1/3 4828/1/3
f 4829/1/4 4830/1/4 4831/1/4 4832/1/4
f 4833/1/3 4834/1/3 4835/1/3 4836/1/3
f 4837/1/4 4838/1/4 4839/1/4 4840/1/4
f 4841/1/5 4842/1/5 4843/1/5 4844/1/5
f 4845/1/2 4846/1/2 4847/1/2 4848/1/2
f 4849/1/3 4850/1/3 4851/1/3 4852/1/3
f 4853/1/4 4854/1/4 4855/1/4 4856/1/4
f 4857/1/5 4858/1/5 4859/1/5 4860/1/5
f 4861/5/1 4862/5/1 4863/5/1 4864/5/1
f 4865/5/3 4866/5/3 4867/5/3 4868/5/3
f 4869/5/4 4870/5/4 4871/5/4 4872/5/4
f 4873/5/6 4874/5/6 4875/5/6 4876/5/6
f 4877/6/3 4878/6/3 4879/6/3 4880/6/3
f 4881/6/4 4882/6/4 4883/6/4 4884/6/4
f 4885/6/6 4886/6/6 4887/6/6 4888/6/6
f 4889/6/3 4890/6/3 4891/6/3 4892/6/3
f 4893/6/4 4894/6/4 4895/6/4 4896/6/4
f 4897/6/6 4898/6/6 4899/6/6 4900/6/6
f 4901/3/3 4902/3/3 4903/3/3 4904/3/3
f 4905/3/4 4906/3/4 4907/3/4 4908/3/4
f 4909/3/6 4910/3/6 4911/3/6 4912/3/6
f 4913/3/3 4914/3/3 4915/3/3 4916/3/3
f 4917/3/4 4918/3/4 4919/3/4 4920/3/4
f 4921/3/6 4922/3/6 4923/3/6 4924/3/6
f 4925/6/3 4926/6/3 4927/6/3 4928/6/3
f 4929/6/4 4930/6/4 4931/6/4 4932/6/4
f 4933/6/6 4934/6/6 4935/6/6 4936/6/6
f 4937/3/2 4938/3/2 4939/3/2 4940/3/2
f 4941/3/3 4942/3/3 4943/3/3 4944/3/3
f 4945/3/4 4946/3/4 4947/3/4 4948/3/4
f 4949/3/6 4950/3/6 4951/3/6 4952/3/6
f 4953/6/1 4954/6/1 4955/6/1 4956/6/1
f 4957/6/3 4958/6/3 4959/6/3 4960/6/3
f 4961/6/4 4962/6/4 4963/6/4 4964/6/4
f 4965/7/3 4966/7/3 4967/7/3 4968/7/3
f 4969/7/4 4970/7/4 4971/7/4 4972/7/4
f 4973/2/3 4974/2/3 4975/2/3 4976/2/3
f 4977/2/4 4978/2/4 4979/2/4 4980/2/4
f 4981/5/3 4982/5/3 4983/5/3 4984/5/3
f 4985/5/4 4986/5/4 4987/5/4 4988/5/4
f 4989/5/5 4990/5/5 4991/5/5 4992/5/5
f 4993/5/6 4994/5/6 4995/5/6 4996/5/6
f 4997/5/2 4998/5/2 4999/5/2 5000/5/2
f 5001/5/3 5002/5/3 5003/5/3 5004/5/3
f 5005/5/4 5006/5/4 5007/5/4 5008/5/4
f 5009/5/5 5010/5/5 5011/5/5 5012/5/5
f 5013/5/6 5014/5/6 5015/5/6 5016/5/6
f 5017/1/1 5018/1/1 5019/1/1 5020/1/1
f 5021/1/3 5022/1/3 5023/1/3 5024/1/3
f 5025/1/4 5026/1/4 5027/1/4 5028/1/4
f 5029/1/3 5030/1/3 5031/1/3 5032/1/3
f 5033/1/4 5034/1/4 5035/1/4 5036/1/4
f 5037/1/3 5038/1/3 5039/1/3 5040/1/3
f 5041/1/4 5042/1/4 5043/1/4 5044/1/4
f 5045/1/3 5046/1/3 5047/1/3 5048/1/3
f 5049/1/4 5050/1/4 5051/1/4 5052/1/4
f 5053/1/3 5054/1/3 5055/1/3 5056/1/3
f 5057/1/4 5058/1/4 5059/1/4 5060/1/4
f 5061/1/3 5062/1/3 5063/1/3 5064/1/3
f 5065/1/4 5066/1/4 5067/1/4 5068/1/4
f 5069/1/3 5070/1/3 5071/1/3 5072/1/3
f 5073/1/4 5074/1/4 5075/1/4 5076/1/4
f 5077/1/3 5078/1/3 5079/1/3 5080/1/3
f 5081/1/4 5082/1/4 5083/1/4 5084/1/4
f 5085/1/3 5086/1/3 5087/1/3 5088/1/3
f 5089/1/4 5090/1/4 5091/1/4 5092/1/4
f 5093/1/2 5094/1/2 5095/1/2 5096/1/2
f 5097/1/3 5098/1/3 5099/1/3 5100/1/3
f 5101/1/4 5102/1/4 5103/1/4 5104/1/4
f 5105/5/1 5106/5/1 5107/5/1 5108/5/1
f 5109/5/3 5110/5/3 5111/5/3 5112/5/3
f 5113/5/4 5114/5/4 5115/5/4 5116/5/4
f 5117/5/5 5118/5/5 5119/5/5 5120/5/5
f 5121/5/6 5122/5/6 5123/5/6 5124/5/6
f 5125/5/3 5126/5/3 5127/5/3 5128/5/3
f 5129/5/4 5130/5/4 5131/5/4 5132/5/4
f 5133/5/6 5134/5/6 5135/5/6 5136/5/6
f 5137/2/3 5138/2/3 5139/2/3 5140/2/3
f 5141/2/4 5142/2/4 5143/2/4 5144/2/4
f 5145/7/3 5146/7/3 5147/7/3 5148/7/3
f 5149/7/4 5150/7/4 5151/7/4 5152/7/4
f 5153/2/3 5154/2/3 5155/2/3 5156/2/3
f 5157/2/4 5158/2/4 5159/2/4 5160/2/4
f 5161/6/3 5162/6/3 5163/6/3 5164/6/3
f 5165/6/4 5166/6/4 5167/6/4 5168/6/4
f 5169/6/3 5170/6/3 5171/6/3 5172/6/3
f 5173/6/4 5174/6/4 5175/6/4 5176/6/4
f 5177/7/3 5178/7/3 5179/7/3 5180/7/3
f 5181/7/4 5182/7/4 5183/7/4 5184/7/4
f 5185/2/2 5186/2/2 5187/2/2 5188/2/2
f 5189/2/3 5190/2/3 5191/2/3 5192/2/3
f 5193/2/4 5194/2/4 5195/2/4 5196/2/4
f 5197/3/1 5198/3/1 5199/3/1 5200/3/1
f 5201/3/3 5202/3/3 5203/3/3 5204/3/3
f 5205/3/4 5206/3/4 5207/3/4 5208/3/4
f 5209/6/3 5210/6/3 5211/6/3 5212/6/3
f 5213/6/4 5214/6/4 5215/6/4 5216/6/4
f 5217/5/2 5218/5/2 5219/5/2 5220/5/2
f 5221/5/3 5222/5/3 5223/5/3 5224/5/3
f 5225/5/4 5226/5/4 5227/5/4 5228/5/4
f 5229/1/1 5230/1/1 5231/1/1 5232/1/1
f 5233/1/3 5234/1/3 5235/1/3 5236/1/3
f 5237/1/4 5238/1/4 5239/1/4 5240/1/4
f 5241/1/5 5242/1/5 5243/1/5 5244/1/5
f 5245/1/6 5246/1/6 5247/1/6 5248/1/6
f 5249/1/3 5250/1/3 5251/1/3 5252/1/3
f 5253/1/4 5254/1/4 5255/1/4 5256/1/4
f 5257/1/5 5258/1/5 5259/1/5 5260/1/5
f 5261/1/6 5262/1/6 5263/1/6 5264/1/6
f 5265/1/3 5266/1/3 5267/1/3 5268/1/3
f 5269/1/4 5270/1/4 5271/1/4 5272/1/4
f 5273/1/5 5274/1/5 5275/1/5 5276/1/5
f 5277/1/3 5278/1/3 5279/1/3 5280/1/3
f 5281/1/4 5282/1/4 5283/1/4 5284/1/4
f 5285/1/3 5286/1/3 5287/1/3 5288/1/3
f 5289/1/4 5290/1/4 5291/1/4 5292/1/4
f 5293/1/3 5294/1/3 5295/1/3 5296/1/3
f 5297/1/4 5298/1/4 5299/1/4 5300/1/4
f 5301/1/3 5302/1/3 5303/1/3 5304/1/3
f 5305/1/4 5306/1/4 5307/1/4 5308/1/4
f 5309/1/3 5310/1/3 5311/1/3 5312/1/3
f 5313/1/4 5314/1/4 5315/1/4 5316/1/4
f 5317/1/3 5318/1/3 5319/1/3 5320/1/3
f 5321/1/4 5322/1/4 5323/1/4 5324/1/4
f 5325/1/3 5326/1/3 5327/1/3 5328/1/3
f 5329/1/4 5330/1/4 5331/1/4 5332/1/4
f 5333/1/3 5334/1/3 5335/1/3 5336/1/3
f 5337/1/4 5338/1/4 5339/1/4 5340/1/4
f 5341/1/3 5342/1/3 5343/1/3 5344/1/3
f 5345/1/4 5346/1/4 5347/1/4 5348/1/4
f 5349/1/2 5350/1/2 5351/1/2 5352/1/2
f 5353/1/3 5354/1/3 5355/1/3 5356/1/3
f 5357/1/4 5358/1/4 5359/1/4 5360/1/4
f 5361/1/5 5362/1/5 5363/1/5 5364/1/5
f 5365/1/6 5366/1/6 5367/1/6 5368/1/6
f 5369/5/1 5370/5/1 5371/5/1 5372/5/1
f 5373/5/3 5374/5/3 5375/5/3 5376/5/3
f 5377/5/4 5378/5/4 5379/5/4 5380/5/4
f 5381/7/3 5382/7/3 5383/7/3 5384/7/3
f 5385/7/4 5386/7/4 5387/7/4 5388/7/4
f 5389/6/3 5390/6/3 5391/6/3 5392/6/3
f 5393/6/4 5394/6/4 5395/6/4 5396/6/4
f 5397/7/3 5398/7/3 5399/7/3 5400/7/3
f 5401/7/4 5402/7/4 5403/7/4 5404/7/4
f 5405/2/3 5406/2/3 5407/2/3 5408/2/3
f 5409/2/4 5410/2/4 5411/2/4 5412/2/4
f 5413/7/3 5414/7/3 5415/7/3 5416/7/3
f 5417/7/4 5418/7/4 5419/7/4 5420/7/4
f 5421/3/3 5422/3/3 5423/3/3 5424/3/3
f 5425/3/4 5426/3/4 5427/3/4 5428/3/4
f 5429/3/2 5430/3/2 5431/3/2 5432/3/2
f 5433/3/3 5434/3/3 5435/3/3 5436/3/3
f 5437/3/4 5438/3/4 5439/3/4 5440/3/4
f 5441/6/1 5442/6/1 5443/6/1 5444/6/1
f 5445/6/3 5446/6/3 5447/6/3 5448/6/3
f 5449/6/4 5450/6/4 5451/6/4 5452/6/4
f 5453/6/3 5454/6/3 5455/6/3 5456/6/3
f 5457/6/4 5458/6/4 5459/6/4 5460/6/4
f 5461/6/3 5462/6/3 5463/6/3 5464/6/3
f 5465/6/4 5466/6/4 5467/6/4 5468/6/4
f 5469/7/3 5470/7/3 5471/7/3 5472/7/3
f 5473/7/4 5474/7/4 5475/7/4 5476/7/4
f 5477/7/6 5478/7/6 5479/7/6 5480/7/6
f 5481/2/3 5482/2/3 5483/2/3 5484/2/3
f 5485/2/4 5486/2/4 5487/2/4 5488/2/4
f 5489/2/6 5490/2/6 5491/2/6 5492/2/6
f 5493/5/2 5494/5/2 5495/5/2 5496/5/2
f 5497/5/3 5498/5/3 5499/5/3 5500/5/3
f 5501/5/4 5502/5/4 5503/5/4 5504/5/4
f 5505/5/5 5506/5/5 5507/5/5 5508/5/5
f 5509/5/6 5510/5/6 5511/5/6 5512/5/6
f 5513/1/1 5514/1/1 5515/1/1 5516/1/1
f 5517/1/3 5518/1/3 5519/1/3 5520/1/3
f 5521/1/4 5522/1/4 5523/1/4 5524/1/4
f 5525/1/3 5526/1/3 5527/1/3 5528/1/3
f 5529/1/4 5530/1/4 5531/1/4 5532/1/4
f 5533/1/3 5534/1/3 5535/1/3 5536/1/3
f 5537/1/4 5538/1/4 5539/1/4 5540/1/4
f 5541/1/3 5542/1/3 5543/1/3 5544/1/3
f 5545/1/4 5546/1/4 5547/1/4 5548/1/4
f 5549/1/3 5550/1/3 5551/1/3 5552/1/3
f 5553/1/4 5554/1/4 5555/1/4 5556/1/4
f 5557/1/3 5558/1/3 5559/1/3 5560/1/3
f 5561/1/4 5562/1/4 5563/1/4 5564/1/4
f 5565/1/3 5566/1/3 5567/1/3 5568/1/3
f 5569/1/4 5570/1/4 5571/1/4 5572/1/4
f 5573/1/3 5574/1/3 5575/1/3 5576/1/3
f 5577/1/4 5578/1/4 5579/1/4 5580/1/4
f 5581/1/5 5582/1/5 5583/1/5 5584/1/5
f 5585/1/2 5586/1/2 5587/1/2 5588/1/2
f 5589/1/3 5590/1/3 5591/1/3 5592/1/3
f 5593/1/4 5594/1/4 5595/1/4 5596/1/4
f 5597/1/5 5598/1/5 5599/1/5 5600/1/5
f 5601/5/1 5602/5/1 5603/5/1 5604/5/1
f 5605/5/3 5606/5/3 5607/5/3 5608/5/3
f 5609/5/4 5610/5/4 5611/5/4 5612/5/4
f 5613/5/6 5614/5/6 5615/5/6 5616/5/6
f 5617/2/3 5618/2/3 5619/2/3 5620/2/3
f 5621/2/4 5622/2/4 5623/2/4 5624/2/4
f 5625/7/3 5626/7/3 5627/7/3 5628/7/3
f 5629/7/4 5630/7/4 5631/7/4 5632/7/4
f 5633/6/3 5634/6/3 5635/6/3 5636/6/3
f 5637/6/4 5638/6/4 5639/6/4 5640/6/4
f 5641/3/3 5642/3/3 5643/3/3 5644/3/3
f 5645/3/4 5646/3/4 5647/3/4 5648/3/4
f 5649/6/3 5650/6/3 5651/6/3 5652/6/3
f 5653/6/4 5654/6/4 5655/6/4 5656/6/4
f 5657/6/3 5658/6/3 5659/6/3 5660/6/3
f 5661/6/4 5662/6/4 5663/6/4 5664/6/4
f 5665/2/3 5666/2/3 5667/2/3 5668/2/3
f 5669/2/4 5670/2/4 5671/2/4 5672/2/4
f 5673/7/2 5674/7/2 5675/7/2 5676/7/2
f 5677/7/3 5678/7/3 5679/7/3 5680/7/3
f 5681/7/4 5682/7/4 5683/7/4 5684/7/4
f 5685/6/1 5686/6/1 5687/6/1 5688/6/1
f 5689/6/3 5690/6/3 5691/6/3 5692/6/3
f 5693/6/4 5694/6/4 5695/6/4 5696/6/4
f 5697/7/3 5698/7/3 5699/7/3 5700/7/3
f 5701/7/4 5702/7/4 5703/7/4 5704/7/4
f 5705/7/3 5706/7/3 5707/7/3 5708/7/3
f 5709/7/4 5710/7/4 5711/7/4 5712/7/4
f 5713/2/3 5714/2/3 5715/2/3 5716/2/3
f 5717/2/4 5718/2/4 5719/2/4 5720/2/4
f 5721/2/5 5722/2/5 5723/2/5 5724/2/5
f 5725/5/2 5726/5/2 5727/5/2 5728/5/2
f 5729/5/3 5730/5/3 5731/5/3 5732/5/3
f 5733/5/4 5734/5/4 5735/5/4 5736/5/4
f 5737/5/5 5738/5/5 5739/5/5 5740/5/5
f 5741/1/1 5742/1/1 5743/1/1 5744/1/1
f 5745/1/3 5746/1/3 5747/1/3 5748/1/3
f 5749/1/4 5750/1/4 5751/1/4 5752/1/4
f 5753/1/6 5754/1/6 5755/1/6 5756/1/6
f 5757/1/3 5758/1/3 5759/1/3 5760/1/3
f 5761/1/4 5762/1/4 5763/1/4 5764/1/4
f 5765/1/5 5766/1/5 5767/1/5 5768/1/5
f 5769/1/3 5770/1/3 5771/1/3 5772/1/3
f 5773/1/4 5774/1/4 5775/1/4 5776/1/4
f 5777/1/3 5778/1/3 5779/1/3 5780/1/3
f 5781/1/4 5782/1/4 5783/1/4 5784/1/4
f 5785/1/3 5786/1/3 5787/1/3 5788/1/3
f 5789/1/4 5790/1/4 5791/1/4 5792/1/4
f 5793/1/3 5794/1/3 5795/1/3 5796/1/3
f 5797/1/4 5798/1/4 5799/1/4 5800/1/4
f 5801/1/3 5802/1/3 5803/1/3 5804/1/3
f 5805/1/4 5806/1/4 5807/1/4 5808/1/4
f 5809/1/2 5810/1/2 5811/1/2 5812/1/2
f 5813/1/3 5814/1/3 5815/1/3 5816/1/3
f 5817/1/4 5818/1/4 5819/1/4 5820/1/4
f 5821/5/1 5822/5/1 5823/5/1 5824/5/1
f 5825/5/3 5826/5/3 5827/5/3 5828/5/3
f 5829/5/4 5830/5/4 5831/5/4 5832/5/4
f 5833/5/5 5834/5/5 5835/5/5 5836/5/5
f 5837/5/6 5838/5/6 5839/5/6 5840/5/6
f 5841/5/3 5842/5/3 5843/5/3 5844/5/3
f 5845/5/4 5846/5/4 5847/5/4 5848/5/4
f 5849/5/5 5850/5/5 5851/5/5 5852/5/5
f 5853/5/6 5854/5/6 5855/5/6 5856/5/6
f 5857/2/3 5858/2/3 5859/2/3 5860/2/3
f 5861/2/4 5862/2/4 5863/2/4 5864/2/4
f 5865/2/5 5866/2/5 5867/2/5 5868/2/5
f 5869/7/3 5870/7/3 5871/7/3 5872/7/3
f 5873/7/4 5874/7/4 5875/7/4 5876/7/4
f 5877/7/5 5878/7/5 5879/7/5 5880/7/5
f 5881/6/3 5882/6/3 5883/6/3 5884/6/3
f 5885/6/4 5886/6/4 5887/6/4 5888/6/4
f 5889/7/3 5890/7/3 5891/7/3 5892/7/3
f 5893/7/4 5894/7/4 5895/7/4 5896/7/4
f 5897/7/3 5898/7/3 5899/7/3 5900/7/3
f 5901/7/4 5902/7/4 5903/7/4 5904/7/4
f 5905/2/3 5906/2/3 5907/2/3 5908/2/3
f 5909/2/4 5910/2/4 5911/2/4 5912/2/4
f 5913/7/3 5914/7/3 5915/7/3 5916/7/3
f 5917/7/4 5918/7/4 5919/7/4 5920/7/4
f 5921/7/3 5922/7/3 5923/7/3 5924/7/3
f 5925/7/4 5926/7/4 5927/7/4 5928/7/4
f 5929/7/2 5930/7/2 5931/7/2 5932/7/2
f 5933/7/3 5934/7/3 5935/7/3 5936/7/3
f 5937/7/4 5938/7/4 5939/7/4 5940/7/4
f 5941/5/1 5942/5/1 5943/5/1 5944/5/1
f 5945/5/3 5946/5/3 5947/5/3 5948/5/3
f 5949/5/4 5950/5/4 5951/5/4 5952/5/4
f 5953/5/5 5954/5/5 5955/5/5 5956/5/5
f 5957/5/3 5958/5/3 5959/5/3 5960/5/3
f 5961/5/4 5962/5/4 5963/5/4 5964/5/4
f 5965/5/5 5966/5/5 5967/5/5 5968/5/5
f 5969/5/2 5970/5/2 5971/5/2 5972/5/2
f 5973/5/3 5974/5/3 5975/5/3 5976/5/3
f 5977/5/4 5978/5/4 5979/5/4 5980/5/4
f 5981/5/5 5982/5/5 5983/5/5 5984/5/5
f 5985/1/1 5986/1/1 5987/1/1 5988/1/1
f 5989/1/3 5990/1/3 5991/1/3 5992/1/3
f 5993/1/4 5994/1/4 5995/1/4 5996/1/4
f 5997/1/6 5998/1/6 5999/1/6 6000/1/6
f 6001/1/3 6002/1/3 6003/1/3 6004/1/3
f 6005/1/4 6006/1/4 6007/1/4 6008/1/4
f 6009/1/6 6010/1/6 6011/1/6 6012/1/6
f 6013/1/2 6014/1/2 6015/1/2 6016/1/2
f 6017/1/3 6018/1/3 6019/1/3 6020/1/3
f 6021/1/4 6022/1/4 6023/1/4 6024/1/4
f 6025/1/5 6026/1/5 6027/1/5 6028/1/5
f 6029/4/1 6030/4/1 6031/4/1 6032/4/1
f 6033/4/2 6034/4/2 6035/4/2 6036/4/2
f 6037/4/3 6038/4/3 6039/4/3 6040/4/3
f 6041/4/4 6042/4/4 6043/4/4 6044/4/4
f 6045/4/5 6046/4/5 6047/4/5 6048/4/5
f 6049/4/6 6050/4/6 6051/4/6 6052/4/6
f 6053/1/1 6054/1/1 6055/1/1 6056/1/1
f 6057/1/3 6058/1/3 6059/1/3 6060/1/3
f 6061/1/4 6062/1/4 6063/1/4 6064/1/4
f 6065/1/3 6066/1/3 6067/1/3 6068/1/3
f 6069/1/4 6070/1/4 6071/1/4 6072/1/4
f 6073/1/3 6074/1/3 6075/1/3 6076/1/3
f 6077/1/4 6078/1/4 6079/1/4 6080/1/4
f 6081/1/3 6082/1/3 6083/1/3 6084/1/3
f 6085/1/4 6086/1/4 6087/1/4 6088/1/4
f 6089/1/3 6090/1/3 6091/1/3 6092/1/3
f 6093/1/4 6094/1/4 6095/1/4 6096/1/4
f 6097/1/3 6098/1/3 6099/1/3 6100/1/3
f 6101/1/4 6102/1/4 6103/1/4 6104/1/4
f 6105/1/3 6106/1/3 6107/1/3 6108/1/3
f 6109/1/4 6110/1/4 6111/1/4 6112/1/4
f 6113/1/6 6114/1/6 6115/1/6 6116/1/6
f 6117/1/3 6118/1/3 6119/1/3 6120/1/3
f 6121/1/4 6122/1/4 6123/1/4 6124/1/4
f 6125/1/6 6126/1/6 6127/1/6 6128/1/6
f 6129/1/2 6130/1/2 6131/1/2 6132/1/2
f 6133/1/3 6134/1/3 6135/1/3 6136/1/3
f 6137/1/4 6138/1/4 6139/1/4 6140/1/4
f 6141/1/6 6142/1/6 6143/1/6 6144/1/6
f 6145/4/1 6146/4/1 6147/4/1 6148/4/1
f 6149/4/2 6150/4/2 6151/4/2 6152/4/2
f 6153/4/3 6154/4/3 6155/4/3 6156/4/3
f 6157/4/4 6158/4/4 6159/4/4 6160/4/4
f 6161/4/5 6162/4/5 6163/4/5 6164/4/5
f 6165/4/6 6166/4/6 6167/4/6 6168/4/6
f 6169/5/1 6170/5/1 6171/5/1 6172/5/1
f 6173/5/3 6174/5/3 6175/5/3 6176/5/3
f 6177/5/4 6178/5/4 6179/5/4 6180/5/4
f 6181/5/5 6182/5/5 6183/5/5 6184/5/5
f 6185/5/3 6186/5/3 6187/5/3 6188/5/3
f 6189/5/4 6190/5/4 6191/5/4 6192/5/4
f 6193/5/5 6194/5/5 6195/5/5 6196/5/5
f 6197/5/3 6198/5/3 6199/5/3 6200/5/3
f 6201/5/4 6202/5/4 6203/5/4 6204/5/4
f 6205/5/5 6206/5/5 6207/5/5 6208/5/5
f 6209/5/3 6210/5/3 6211/5/3 6212/5/3
f 6213/5/4 6214/5/4 6215/5/4 6216/5/4
f 6217/5/5 6218/5/5 6219/5/5 6220/5/5
f 6221/5/3 6222/5/3 6223/5/3 6224/5/3
f 6225/5/4 6226/5/4 6227/5/4 6228/5/4
f 6229/5/5 6230/5/5 6231/5/5 6232/5/5
f 6233/5/3 6234/5/3 6235/5/3 6236/5/3
f 6237/5/4 6238/5/4 6239/5/4 6240/5/4
f 6241/5/5 6242/5/5 6243/5/5 6244/5/5
f 6245/2/2 6246/2/2 6247/2/2 6248/2/2
f 6249/2/3 6250/2/3 6251/2/3 6252/2/3
f 6253/2/4 6254/2/4 6255/2/4 6256/2/4
f 6257/2/5 6258/2/5 6259/2/5 6260/2/5
f 6261/1/1 6262/1/1 6263/1/1 6264/1/1
f 6265/1/3 6266/1/3 6267/1/3 6268/1/3
f 6269/1/4 6270/1/4 6271/1/4 6272/1/4
f 6273/1/5 6274/1/5 6275/1/5 6276/1/5
f 6277/1/6 6278/1/6 6279/1/6 6280/1/6
f 6281/1/3 6282/1/3 6283/1/3 6284/1/3
f 6285/1/4 6286/1/4 6287/1/4 6288/1/4
f 6289/1/5 6290/1/5 6291/1/5 6292/1/5
f 6293/1/6 6294/1/6 6295/1/6 6296/1/6
f 6297/1/3 6298/1/3 6299/1/3 6300/1/3
f 6301/1/4 6302/1/4 6303/1/4 6304/1/4
f 6305/1/5 6306/1/5 6307/1/5 6308/1/5
f 6309/1/6 6310/1/6 6311/1/6 6312/1/6
f 6313/1/3 6314/1/3 6315/1/3 6316/1/3
f 6317/1/4 6318/1/4 6319/1/4 6320/1/4
f 6321/1/5 6322/1/5 6323/1/5 6324/1/5
f 6325/1/2 6326/1/2 6327/1/2 6328/1/2
f 6329/1/3 6330/1/3 6331/1/3 6332/1/3
f 6333/1/4 6334/1/4 6335/1/4 6336/1/4
f 6337/1/5 6338/1/5 6339/1/5 6340/1/5
f 6341/4/1 6342/4/1 6343/4/1 6344/4/1
f 6345/4/2 6346/4/2 6347/4/2 6348/4/2
f 6349/4/3 6350/4/3 6351/4/3 6352/4/3
f 6353/4/4 6354/4/4 6355/4/4 6356/4/4
f 6357/4/5 6358/4/5 6359/4/5 6360/4/5
f 6361/4/6 6362/4/6 6363/4/6 6364/4/6
f 6365/1/1 6366/1/1 6367/1/1 6368/1/1
f 6369/1/3 6370/1/3 6371/1/3 6372/1/3
f 6373/1/4 6374/1/4 6375/1/4 6376/1/4
f 6377/1/5 6378/1/5 6379/1/5 6380/1/5
f 6381/1/6 6382/1/6 6383/1/6 6384/1/6
f 6385/1/3 6386/1/3 6387/1/3 6388/1/3
f 6389/1/4 6390/1/4 6391/1/4 6392/1/4
f 6393/1/5 6394/1/5 6395/1/5 6396/1/5
f 6397/1/3 6398/1/3 6399/1/3 6400/1/3
f 6401/1/4 6402/1/4 6403/1/4 6404/1/4
f 6405/1/5 6406/1/5 6407/1/5 6408/1/5
f 6409/1/3 6410/1/3 6411/1/3 6412/1/3
f 6413/1/4 6414/1/4 6415/1/4 6416/1/4
f 6417/1/5 6418/1/5 6419/1/5 6420/1/5
f 6421/1/3 6422/1/3 6423/1/3 6424/1/3
f 6425/1/4 6426/1/4 6427/1/4 6428/1/4
f 6429/1/5 6430/1/5 6431/1/5 6432/1/5
f 6433/1/3 6434/1/3 6435/1/3 6436/1/3
f 6437/1/4 6438/1/4 6439/1/4 6440/1/4
f 6441/1/5 6442/1/5 6443/1/5 6444/1/5
f 6445/1/3 6446/1/3 6447/1/3 6448/1/3
f 6449/1/4 6450/1/4 6451/1/4 6452/1/4
f 6453/1/5 6454/1/5 6455/1/5 6456/1/5
f 6457/1/3 6458/1/3 6459/1/3 6460/1/3
f 6461/1/4 6462/1/4 6463/1/4 6464/1/4
f 6465/1/5 6466/1/5 6467/1/5 6468/1/5
f 6469/1/3 6470/1/3 6471/1/3 6472/1/3
f 6473/1/4 6474/1/4 6475/1/4 6476/1/4
f 6477/1/5 6478/1/5 6479/1/5 6480/1/5
f 6481/1/3 6482/1/3 6483/1/3 6484/1/3
f 6485/1/4 6486/1/4 6487/1/4 6488/1/4
f 6489/1/5 6490/1/5 6491/1/5 6492/1/5
f 6493/1/3 6494/1/3 6495/1/3 6496/1/3
f 6497/1/4 6498/1/4 6499/1/4 6500/1/4
f 6501/1/5 6502/1/5 6503/1/5 6504/1/5
f 6505/1/6 6506/1/6 6507/1/6 6508/1/6
f 6509/1/3 6510/1/3 6511/1/3 6512/1/3
f 6513/1/4 6514/1/4 6515/1/4 6516/1/4
f 6517/1/5 6518/1/5 6519/1/5 6520/1/5
f 6521/1/6 6522/1/6 6523/1/6 6524/1/6
f 6525/1/3 6526/1/3 6527/1/3 6528/1/3
f 6529/1/4 6530/1/4 6531/1/4 6532/1/4
f 6533/1/5 6534/1/5 6535/1/5 6536/1/5
f 6537/1/6 6538/1/6 6539/1/6 6540/1/6
f 6541/1/3 6542/1/3 6543/1/3 6544/1/3
f 6545/1/4 6546/1/4 6547/1/4 6548/1/4
f 6549/1/5 6550/1/5 6551/1/5 6552/1/5
f 6553/1/6 6554/1/6 6555/1/6 6556/1/6
f 6557/1/3 6558/1/3 6559/1/3 6560/1/3
f 6561/1/4 6562/1/4 6563/1/4 6564/1/4
f 6565/1/5 6566/1/5 6567/1/5 6568/1/5
f 6569/1/6 6570/1/6 6571/1/6 6572/1/6
f 6573/1/3 6574/1/3 6575/1/3 6576/1/3
f 6577/1/4 6578/1/4 6579/1/4 6580/1/4
f 6581/1/5 6582/1/5 6583/1/5 6584/1/5
f 6585/1/6 6586/1/6 6587/1/6 6588/1/6
f 6589/1/3 6590/1/3 6591/1/3 6592/1/3
f 6593/1/4 6594/1/4 6595/1/4 6596/1/4
f 6597/1/5 6598/1/5 6599/1/5 6600/1/5
f 6601/1/6 6602/1/6 6603/1/6 6604/1/6
f 6605/1/2 6606/1/2 6607/1/2 6608/1/2
f 6609/1/3 6610/1/3 6611/1/3 6612/1/3
f 6613/1/4 6614/1/4 6615/1/4 6616/1/4
f 6617/1/5 6618/1/5 6619/1/5 6620/1/5
f 6621/1/6 6622/1/6 6623/1/6 6624/1/6

