# generated by vox_to_obj_exporter
# scale=0.1 center=true ground=true y_up=false

mtllib Shape_21_265.mtl
usemtl palette

# normals
vn -1 0 0
vn 1 0 0
vn 0 0 1
vn 0 0 -1
vn 0 -1 0
vn 0 1 0

# texcoords
vt 0.533203125 0.5
vt 0.505859375 0.5
vt 0.990234375 0.5
vt 0.537109375 0.5
vt 0.337890625 0.5
vt 0.369140625 0.5
vt 0.974609375 0.5
vt 0.978515625 0.5
vt 0.673828125 0.5
vt 0.677734375 0.5
vt 0.509765625 0.5
vt 0.994140625 0.5
vt 0.982421875 0.5
vt 0.986328125 0.5

# verts
v -1.2 1.2 0.1
v -1.2 1.2 0
v -1.2 1.1 0
v -1.2 1.1 0.1
v -1.2 1.2 0.1
v -1.2 1.1 0.1
v -1.1 1.1 0.1
v -1.1 1.2 0.1
v -1.2 1.1 0
v -1.2 1.2 0
v -1.1 1.2 0
v -1.1 1.1 0
v -1.1 1.2 0.1
v -1.1 1.2 0
v -1.2 1.2 0
v -1.2 1.2 0.1
v -1.1 1.2 0.1
v -1.1 1.1 0.1
v -1 1.1 0.1
v -1 1.2 0.1
v -1.1 1.1 0
v -1.1 1.2 0
v -1 1.2 0
v -1 1.1 0
v -1 1.2 0.1
v -1 1.2 0
v -1.1 1.2 0
v -1.1 1.2 0.1
v -1 1.2 0.1
v -1 1.1 0.1
v -0.9 1.1 0.1
v -0.9 1.2 0.1
v -1 1.1 0
v -1 1.2 0
v -0.9 1.2 0
v -0.9 1.1 0
v -0.9 1.2 0.1
v -0.9 1.2 0
v -1 1.2 0
v -1 1.2 0.1
v -0.9 1.2 0.1
v -0.9 1.1 0.1
v -0.8 1.1 0.1
v -0.8 1.2 0.1
v -0.9 1.1 0
v -0.9 1.2 0
v -0.8 1.2 0
v -0.8 1.1 0
v -0.8 1.2 0.1
v -0.8 1.2 0
v -0.9 1.2 0
v -0.9 1.2 0.1
v -0.8 1.2 0.1
v -0.8 1.1 0.1
v -0.7 1.1 0.1
v -0.7 1.2 0.1
v -0.8 1.1 0
v -0.8 1.2 0
v -0.7 1.2 0
v -0.7 1.1 0
v -0.7 1.2 0.1
v -0.7 1.2 0
v -0.8 1.2 0
v -0.8 1.2 0.1
v -0.7 1.2 0.1
v -0.7 1.1 0.1
v -0.6 1.1 0.1
v -0.6 1.2 0.1
v -0.7 1.1 0
v -0.7 1.2 0
v -0.6 1.2 0
v -0.6 1.1 0
v -0.6 1.2 0.1
v -0.6 1.2 0
v -0.7 1.2 0
v -0.7 1.2 0.1
v -0.6 1.2 0.1
v -0.6 1.1 0.1
v -0.5 1.1 0.1
v -0.5 1.2 0.1
v -0.6 1.1 0
v -0.6 1.2 0
v -0.5 1.2 0
v -0.5 1.1 0
v -0.5 1.2 0.1
v -0.5 1.2 0
v -0.6 1.2 0
v -0.6 1.2 0.1
v -0.5 1.2 0.1
v -0.5 1.1 0.1
v -0.4 1.1 0.1
v -0.4 1.2 0.1
v -0.5 1.1 0
v -0.5 1.2 0
v -0.4 1.2 0
v -0.4 1.1 0
v -0.4 1.2 0.1
v -0.4 1.2 0
v -0.5 1.2 0
v -0.5 1.2 0.1
v -0.4 1.2 0.1
v -0.4 1.1 0.1
v -0.3 1.1 0.1
v -0.3 1.2 0.1
v -0.4 1.1 0
v -0.4 1.2 0
v -0.3 1.2 0
v -0.3 1.1 0
v -0.3 1.2 0.1
v -0.3 1.2 0
v -0.4 1.2 0
v -0.4 1.2 0.1
v -0.3 1.2 0.1
v -0.3 1.1 0.1
v -0.2 1.1 0.1
v -0.2 1.2 0.1
v -0.3 1.1 0
v -0.3 1.2 0
v -0.2 1.2 0
v -0.2 1.1 0
v -0.2 1.2 0.1
v -0.2 1.2 0
v -0.3 1.2 0
v -0.3 1.2 0.1
v -0.2 1.2 0.1
v -0.2 1.1 0.1
v -0.1 1.1 0.1
v -0.1 1.2 0.1
v -0.2 1.1 0
v -0.2 1.2 0
v -0.1 1.2 0
v -0.1 1.1 0
v -0.1 1.2 0.1
v -0.1 1.2 0
v -0.2 1.2 0
v -0.2 1.2 0.1
v -0.1 1.2 0.1
v -0.1 1.1 0.1
v 0 1.1 0.1
v 0 1.2 0.1
v -0.1 1.1 0
v -0.1 1.2 0
v 0 1.2 0
v 0 1.1 0
v 0 1.2 0.1
v 0 1.2 0
v -0.1 1.2 0
v -0.1 1.2 0.1
v 0 1.2 0.1
v 0 1.1 0.1
v 0.1 1.1 0.1
v 0.1 1.2 0.1
v 0 1.1 0
v 0 1.2 0
v 0.1 1.2 0
v 0.1 1.1 0
v 0.1 1.2 0.1
v 0.1 1.2 0
v 0 1.2 0
v 0 1.2 0.1
v 0.1 1.2 0.1
v 0.1 1.1 0.1
v 0.2 1.1 0.1
v 0.2 1.2 0.1
v 0.1 1.1 0
v 0.1 1.2 0
v 0.2 1.2 0
v 0.2 1.1 0
v 0.2 1.2 0.1
v 0.2 1.2 0
v 0.1 1.2 0
v 0.1 1.2 0.1
v 0.2 1.2 0.1
v 0.2 1.1 0.1
v 0.3 1.1 0.1
v 0.3 1.2 0.1
v 0.2 1.1 0
v 0.2 1.2 0
v 0.3 1.2 0
v 0.3 1.1 0
v 0.3 1.2 0.1
v 0.3 1.2 0
v 0.2 1.2 0
v 0.2 1.2 0.1
v 0.3 1.2 0.1
v 0.3 1.1 0.1
v 0.4 1.1 0.1
v 0.4 1.2 0.1
v 0.3 1.1 0
v 0.3 1.2 0
v 0.4 1.2 0
v 0.4 1.1 0
v 0.4 1.2 0.1
v 0.4 1.2 0
v 0.3 1.2 0
v 0.3 1.2 0.1
v 0.4 1.2 0.1
v 0.4 1.1 0.1
v 0.5 1.1 0.1
v 0.5 1.2 0.1
v 0.4 1.1 0
v 0.4 1.2 0
v 0.5 1.2 0
v 0.5 1.1 0
v 0.5 1.2 0.1
v 0.5 1.2 0
v 0.4 1.2 0
v 0.4 1.2 0.1
v 0.5 1.2 0.1
v 0.5 1.1 0.1
v 0.6 1.1 0.1
v 0.6 1.2 0.1
v 0.5 1.1 0
v 0.5 1.2 0
v 0.6 1.2 0
v 0.6 1.1 0
v 0.6 1.2 0.1
v 0.6 1.2 0
v 0.5 1.2 0
v 0.5 1.2 0.1
v 0.6 1.2 0.1
v 0.6 1.1 0.1
v 0.7 1.1 0.1
v 0.7 1.2 0.1
v 0.6 1.1 0
v 0.6 1.2 0
v 0.7 1.2 0
v 0.7 1.1 0
v 0.7 1.2 0.1
v 0.7 1.2 0
v 0.6 1.2 0
v 0.6 1.2 0.1
v 0.7 1.2 0.1
v 0.7 1.1 0.1
v 0.8 1.1 0.1
v 0.8 1.2 0.1
v 0.7 1.1 0
v 0.7 1.2 0
v 0.8 1.2 0
v 0.8 1.1 0
v 0.8 1.2 0.1
v 0.8 1.2 0
v 0.7 1.2 0
v 0.7 1.2 0.1
v 0.8 1.2 0.1
v 0.8 1.1 0.1
v 0.9 1.1 0.1
v 0.9 1.2 0.1
v 0.8 1.1 0
v 0.8 1.2 0
v 0.9 1.2 0
v 0.9 1.1 0
v 0.9 1.2 0.1
v 0.9 1.2 0
v 0.8 1.2 0
v 0.8 1.2 0.1
v 0.9 1.2 0.1
v 0.9 1.1 0.1
v 1 1.1 0.1
v 1 1.2 0.1
v 0.9 1.1 0
v 0.9 1.2 0
v 1 1.2 0
v 1 1.1 0
v 1 1.2 0.1
v 1 1.2 0
v 0.9 1.2 0
v 0.9 1.2 0.1
v 1 1.2 0.1
v 1 1.1 0.1
v 1.1 1.1 0.1
v 1.1 1.2 0.1
v 1 1.1 0
v 1 1.2 0
v 1.1 1.2 0
v 1.1 1.1 0
v 1.1 1.2 0.1
v 1.1 1.2 0
v 1 1.2 0
v 1 1.2 0.1
v 1.2 1.1 0.1
v 1.2 1.1 0
v 1.2 1.2 0
v 1.2 1.2 0.1
v 1.1 1.2 0.1
v 1.1 1.1 0.1
v 1.2 1.1 0.1
v 1.2 1.2 0.1
v 1.1 1.1 0
v 1.1 1.2 0
v 1.2 1.2 0
v 1.2 1.1 0
v 1.2 1.2 0.1
v 1.2 1.2 0
v 1.1 1.2 0
v 1.1 1.2 0.1
v -1.2 1.1 0.1
v -1.2 1.1 0
v -1.2 1 0
v -1.2 1 0.1
v -1.2 1.1 0.1
v -1.2 1 0.1
v -1.1 1 0.1
v -1.1 1.1 0.1
v -1.2 1 0
v -1.2 1.1 0
v -1.1 1.1 0
v -1.1 1 0
v -1.1 1.1 0.1
v -1.1 1 0.1
v -1 1 0.1
v -1 1.1 0.1
v -1.1 1 0
v -1.1 1.1 0
v -1 1.1 0
v -1 1 0
v -1 1.1 0.1
v -1 1 0.1
v -0.9 1 0.1
v -0.9 1.1 0.1
v -1 1 0
v -1 1.1 0
v -0.9 1.1 0
v -0.9 1 0
v -0.9 1.1 0.1
v -0.9 1 0.1
v -0.8 1 0.1
v -0.8 1.1 0.1
v -0.9 1 0
v -0.9 1.1 0
v -0.8 1.1 0
v -0.8 1 0
v -0.8 1.1 0.1
v -0.8 1 0.1
v -0.7 1 0.1
v -0.7 1.1 0.1
v -0.8 1 0
v -0.8 1.1 0
v -0.7 1.1 0
v -0.7 1 0
v -0.7 1.1 0.1
v -0.7 1 0.1
v -0.6 1 0.1
v -0.6 1.1 0.1
v -0.7 1 0
v -0.7 1.1 0
v -0.6 1.1 0
v -0.6 1 0
v -0.6 1.1 0.1
v -0.6 1 0.1
v -0.5 1 0.1
v -0.5 1.1 0.1
v -0.6 1 0
v -0.6 1.1 0
v -0.5 1.1 0
v -0.5 1 0
v -0.5 1.1 0.1
v -0.5 1 0.1
v -0.4 1 0.1
v -0.4 1.1 0.1
v -0.5 1 0
v -0.5 1.1 0
v -0.4 1.1 0
v -0.4 1 0
v -0.4 1.1 0.1
v -0.4 1 0.1
v -0.3 1 0.1
v -0.3 1.1 0.1
v -0.4 1 0
v -0.4 1.1 0
v -0.3 1.1 0
v -0.3 1 0
v -0.3 1.1 0.1
v -0.3 1 0.1
v -0.2 1 0.1
v -0.2 1.1 0.1
v -0.3 1 0
v -0.3 1.1 0
v -0.2 1.1 0
v -0.2 1 0
v -0.2 1.1 0.1
v -0.2 1 0.1
v -0.1 1 0.1
v -0.1 1.1 0.1
v -0.2 1 0
v -0.2 1.1 0
v -0.1 1.1 0
v -0.1 1 0
v -0.1 1.1 0.1
v -0.1 1 0.1
v 0 1 0.1
v 0 1.1 0.1
v -0.1 1 0
v -0.1 1.1 0
v 0 1.1 0
v 0 1 0
v 0 1.1 0.1
v 0 1 0.1
v 0.1 1 0.1
v 0.1 1.1 0.1
v 0 1 0
v 0 1.1 0
v 0.1 1.1 0
v 0.1 1 0
v 0.1 1.1 0.1
v 0.1 1 0.1
v 0.2 1 0.1
v 0.2 1.1 0.1
v 0.1 1 0
v 0.1 1.1 0
v 0.2 1.1 0
v 0.2 1 0
v 0.2 1.1 0.1
v 0.2 1 0.1
v 0.3 1 0.1
v 0.3 1.1 0.1
v 0.2 1 0
v 0.2 1.1 0
v 0.3 1.1 0
v 0.3 1 0
v 0.3 1.1 0.1
v 0.3 1 0.1
v 0.4 1 0.1
v 0.4 1.1 0.1
v 0.3 1 0
v 0.3 1.1 0
v 0.4 1.1 0
v 0.4 1 0
v 0.4 1.1 0.1
v 0.4 1 0.1
v 0.5 1 0.1
v 0.5 1.1 0.1
v 0.4 1 0
v 0.4 1.1 0
v 0.5 1.1 0
v 0.5 1 0
v 0.5 1.1 0.1
v 0.5 1 0.1
v 0.6 1 0.1
v 0.6 1.1 0.1
v 0.5 1 0
v 0.5 1.1 0
v 0.6 1.1 0
v 0.6 1 0
v 0.6 1.1 0.1
v 0.6 1 0.1
v 0.7 1 0.1
v 0.7 1.1 0.1
v 0.6 1 0
v 0.6 1.1 0
v 0.7 1.1 0
v 0.7 1 0
v 0.7 1.1 0.1
v 0.7 1 0.1
v 0.8 1 0.1
v 0.8 1.1 0.1
v 0.7 1 0
v 0.7 1.1 0
v 0.8 1.1 0
v 0.8 1 0
v 0.8 1.1 0.1
v 0.8 1 0.1
v 0.9 1 0.1
v 0.9 1.1 0.1
v 0.8 1 0
v 0.8 1.1 0
v 0.9 1.1 0
v 0.9 1 0
v 0.9 1.1 0.1
v 0.9 1 0.1
v 1 1 0.1
v 1 1.1 0.1
v 0.9 1 0
v 0.9 1.1 0
v 1 1.1 0
v 1 1 0
v 1 1.1 0.1
v 1 1 0.1
v 1.1 1 0.1
v 1.1 1.1 0.1
v 1 1 0
v 1 1.1 0
v 1.1 1.1 0
v 1.1 1 0
v 1.2 1 0.1
v 1.2 1 0
v 1.2 1.1 0
v 1.2 1.1 0.1
v 1.1 1.1 0.1
v 1.1 1 0.1
v 1.2 1 0.1
v 1.2 1.1 0.1
v 1.1 1 0
v 1.1 1.1 0
v 1.2 1.1 0
v 1.2 1 0
v -1.2 1 0.1
v -1.2 1 0
v -1.2 0.9 0
v -1.2 0.9 0.1
v -1.2 1 0.1
v -1.2 0.9 0.1
v -1.1 0.9 0.1
v -1.1 1 0.1
v -1.2 0.9 0
v -1.2 1 0
v -1.1 1 0
v -1.1 0.9 0
v -1.1 1 0.1
v -1.1 0.9 0.1
v -1 0.9 0.1
v -1 1 0.1
v -1.1 0.9 0
v -1.1 1 0
v -1 1 0
v -1 0.9 0
v -1 1 0.1
v -1 0.9 0.1
v -0.9 0.9 0.1
v -0.9 1 0.1
v -1 0.9 0
v -1 1 0
v -0.9 1 0
v -0.9 0.9 0
v -0.9 1 0.1
v -0.9 0.9 0.1
v -0.8 0.9 0.1
v -0.8 1 0.1
v -0.9 0.9 0
v -0.9 1 0
v -0.8 1 0
v -0.8 0.9 0
v -0.8 1 0.1
v -0.8 0.9 0.1
v -0.7 0.9 0.1
v -0.7 1 0.1
v -0.8 0.9 0
v -0.8 1 0
v -0.7 1 0
v -0.7 0.9 0
v -0.7 1 0.1
v -0.7 0.9 0.1
v -0.6 0.9 0.1
v -0.6 1 0.1
v -0.7 0.9 0
v -0.7 1 0
v -0.6 1 0
v -0.6 0.9 0
v -0.6 1 0.1
v -0.6 0.9 0.1
v -0.5 0.9 0.1
v -0.5 1 0.1
v -0.6 0.9 0
v -0.6 1 0
v -0.5 1 0
v -0.5 0.9 0
v -0.5 1 0.1
v -0.5 0.9 0.1
v -0.4 0.9 0.1
v -0.4 1 0.1
v -0.5 0.9 0
v -0.5 1 0
v -0.4 1 0
v -0.4 0.9 0
v -0.4 1 0.1
v -0.4 0.9 0.1
v -0.3 0.9 0.1
v -0.3 1 0.1
v -0.4 0.9 0
v -0.4 1 0
v -0.3 1 0
v -0.3 0.9 0
v -0.3 1 0.1
v -0.3 0.9 0.1
v -0.2 0.9 0.1
v -0.2 1 0.1
v -0.3 0.9 0
v -0.3 1 0
v -0.2 1 0
v -0.2 0.9 0
v -0.2 1 0.1
v -0.2 0.9 0.1
v -0.1 0.9 0.1
v -0.1 1 0.1
v -0.2 0.9 0
v -0.2 1 0
v -0.1 1 0
v -0.1 0.9 0
v -0.1 1 0.1
v -0.1 0.9 0.1
v 0 0.9 0.1
v 0 1 0.1
v -0.1 0.9 0
v -0.1 1 0
v 0 1 0
v 0 0.9 0
v 0 1 0.1
v 0 0.9 0.1
v 0.1 0.9 0.1
v 0.1 1 0.1
v 0 0.9 0
v 0 1 0
v 0.1 1 0
v 0.1 0.9 0
v 0.1 1 0.1
v 0.1 0.9 0.1
v 0.2 0.9 0.1
v 0.2 1 0.1
v 0.1 0.9 0
v 0.1 1 0
v 0.2 1 0
v 0.2 0.9 0
v 0.2 1 0.1
v 0.2 0.9 0.1
v 0.3 0.9 0.1
v 0.3 1 0.1
v 0.2 0.9 0
v 0.2 1 0
v 0.3 1 0
v 0.3 0.9 0
v 0.3 1 0.1
v 0.3 0.9 0.1
v 0.4 0.9 0.1
v 0.4 1 0.1
v 0.3 0.9 0
v 0.3 1 0
v 0.4 1 0
v 0.4 0.9 0
v 0.4 1 0.1
v 0.4 0.9 0.1
v 0.5 0.9 0.1
v 0.5 1 0.1
v 0.4 0.9 0
v 0.4 1 0
v 0.5 1 0
v 0.5 0.9 0
v 0.5 1 0.1
v 0.5 0.9 0.1
v 0.6 0.9 0.1
v 0.6 1 0.1
v 0.5 0.9 0
v 0.5 1 0
v 0.6 1 0
v 0.6 0.9 0
v 0.6 1 0.1
v 0.6 0.9 0.1
v 0.7 0.9 0.1
v 0.7 1 0.1
v 0.6 0.9 0
v 0.6 1 0
v 0.7 1 0
v 0.7 0.9 0
v 0.7 1 0.1
v 0.7 0.9 0.1
v 0.8 0.9 0.1
v 0.8 1 0.1
v 0.7 0.9 0
v 0.7 1 0
v 0.8 1 0
v 0.8 0.9 0
v 0.8 1 0.1
v 0.8 0.9 0.1
v 0.9 0.9 0.1
v 0.9 1 0.1
v 0.8 0.9 0
v 0.8 1 0
v 0.9 1 0
v 0.9 0.9 0
v 0.9 1 0.1
v 0.9 0.9 0.1
v 1 0.9 0.1
v 1 1 0.1
v 0.9 0.9 0
v 0.9 1 0
v 1 1 0
v 1 0.9 0
v 1 1 0.1
v 1 0.9 0.1
v 1.1 0.9 0.1
v 1.1 1 0.1
v 1 0.9 0
v 1 1 0
v 1.1 1 0
v 1.1 0.9 0
v 1.2 0.9 0.1
v 1.2 0.9 0
v 1.2 1 0
v 1.2 1 0.1
v 1.1 1 0.1
v 1.1 0.9 0.1
v 1.2 0.9 0.1
v 1.2 1 0.1
v 1.1 0.9 0
v 1.1 1 0
v 1.2 1 0
v 1.2 0.9 0
v -1.2 0.9 0.1
v -1.2 0.9 0
v -1.2 0.8 0
v -1.2 0.8 0.1
v -1.2 0.9 0.1
v -1.2 0.8 0.1
v -1.1 0.8 0.1
v -1.1 0.9 0.1
v -1.2 0.8 0
v -1.2 0.9 0
v -1.1 0.9 0
v -1.1 0.8 0
v -1.1 0.9 0.1
v -1.1 0.8 0.1
v -1 0.8 0.1
v -1 0.9 0.1
v -1.1 0.8 0
v -1.1 0.9 0
v -1 0.9 0
v -1 0.8 0
v -1 0.9 0.1
v -1 0.8 0.1
v -0.9 0.8 0.1
v -0.9 0.9 0.1
v -1 0.8 0
v -1 0.9 0
v -0.9 0.9 0
v -0.9 0.8 0
v -0.9 0.9 0.1
v -0.9 0.8 0.1
v -0.8 0.8 0.1
v -0.8 0.9 0.1
v -0.9 0.8 0
v -0.9 0.9 0
v -0.8 0.9 0
v -0.8 0.8 0
v -0.8 0.9 0.1
v -0.8 0.8 0.1
v -0.7 0.8 0.1
v -0.7 0.9 0.1
v -0.8 0.8 0
v -0.8 0.9 0
v -0.7 0.9 0
v -0.7 0.8 0
v -0.7 0.9 0.1
v -0.7 0.8 0.1
v -0.6 0.8 0.1
v -0.6 0.9 0.1
v -0.7 0.8 0
v -0.7 0.9 0
v -0.6 0.9 0
v -0.6 0.8 0
v -0.6 0.9 0.1
v -0.6 0.8 0.1
v -0.5 0.8 0.1
v -0.5 0.9 0.1
v -0.6 0.8 0
v -0.6 0.9 0
v -0.5 0.9 0
v -0.5 0.8 0
v -0.5 0.9 0.1
v -0.5 0.8 0.1
v -0.4 0.8 0.1
v -0.4 0.9 0.1
v -0.5 0.8 0
v -0.5 0.9 0
v -0.4 0.9 0
v -0.4 0.8 0
v -0.4 0.9 0.1
v -0.4 0.8 0.1
v -0.3 0.8 0.1
v -0.3 0.9 0.1
v -0.4 0.8 0
v -0.4 0.9 0
v -0.3 0.9 0
v -0.3 0.8 0
v -0.3 0.9 0.1
v -0.3 0.8 0.1
v -0.2 0.8 0.1
v -0.2 0.9 0.1
v -0.3 0.8 0
v -0.3 0.9 0
v -0.2 0.9 0
v -0.2 0.8 0
v -0.2 0.9 0.1
v -0.2 0.8 0.1
v -0.1 0.8 0.1
v -0.1 0.9 0.1
v -0.2 0.8 0
v -0.2 0.9 0
v -0.1 0.9 0
v -0.1 0.8 0
v -0.1 0.9 0.1
v -0.1 0.8 0.1
v 0 0.8 0.1
v 0 0.9 0.1
v -0.1 0.8 0
v -0.1 0.9 0
v 0 0.9 0
v 0 0.8 0
v 0 0.9 0.1
v 0 0.8 0.1
v 0.1 0.8 0.1
v 0.1 0.9 0.1
v 0 0.8 0
v 0 0.9 0
v 0.1 0.9 0
v 0.1 0.8 0
v 0.1 0.9 0.1
v 0.1 0.8 0.1
v 0.2 0.8 0.1
v 0.2 0.9 0.1
v 0.1 0.8 0
v 0.1 0.9 0
v 0.2 0.9 0
v 0.2 0.8 0
v 0.2 0.9 0.1
v 0.2 0.8 0.1
v 0.3 0.8 0.1
v 0.3 0.9 0.1
v 0.2 0.8 0
v 0.2 0.9 0
v 0.3 0.9 0
v 0.3 0.8 0
v 0.3 0.9 0.1
v 0.3 0.8 0.1
v 0.4 0.8 0.1
v 0.4 0.9 0.1
v 0.3 0.8 0
v 0.3 0.9 0
v 0.4 0.9 0
v 0.4 0.8 0
v 0.4 0.9 0.1
v 0.4 0.8 0.1
v 0.5 0.8 0.1
v 0.5 0.9 0.1
v 0.4 0.8 0
v 0.4 0.9 0
v 0.5 0.9 0
v 0.5 0.8 0
v 0.5 0.9 0.1
v 0.5 0.8 0.1
v 0.6 0.8 0.1
v 0.6 0.9 0.1
v 0.5 0.8 0
v 0.5 0.9 0
v 0.6 0.9 0
v 0.6 0.8 0
v 0.6 0.9 0.1
v 0.6 0.8 0.1
v 0.7 0.8 0.1
v 0.7 0.9 0.1
v 0.6 0.8 0
v 0.6 0.9 0
v 0.7 0.9 0
v 0.7 0.8 0
v 0.7 0.9 0.1
v 0.7 0.8 0.1
v 0.8 0.8 0.1
v 0.8 0.9 0.1
v 0.7 0.8 0
v 0.7 0.9 0
v 0.8 0.9 0
v 0.8 0.8 0
v 0.8 0.9 0.1
v 0.8 0.8 0.1
v 0.9 0.8 0.1
v 0.9 0.9 0.1
v 0.8 0.8 0
v 0.8 0.9 0
v 0.9 0.9 0
v 0.9 0.8 0
v 0.9 0.9 0.1
v 0.9 0.8 0.1
v 1 0.8 0.1
v 1 0.9 0.1
v 0.9 0.8 0
v 0.9 0.9 0
v 1 0.9 0
v 1 0.8 0
v 1 0.9 0.1
v 1 0.8 0.1
v 1.1 0.8 0.1
v 1.1 0.9 0.1
v 1 0.8 0
v 1 0.9 0
v 1.1 0.9 0
v 1.1 0.8 0
v 1.2 0.8 0.1
v 1.2 0.8 0
v 1.2 0.9 0
v 1.2 0.9 0.1
v 1.1 0.9 0.1
v 1.1 0.8 0.1
v 1.2 0.8 0.1
v 1.2 0.9 0.1
v 1.1 0.8 0
v 1.1 0.9 0
v 1.2 0.9 0
v 1.2 0.8 0
v -1.2 0.8 0.1
v -1.2 0.8 0
v -1.2 0.7 0
v -1.2 0.7 0.1
v -1.2 0.8 0.1
v -1.2 0.7 0.1
v -1.1 0.7 0.1
v -1.1 0.8 0.1
v -1.2 0.7 0
v -1.2 0.8 0
v -1.1 0.8 0
v -1.1 0.7 0
v -1.1 0.8 0.1
v -1.1 0.7 0.1
v -1 0.7 0.1
v -1 0.8 0.1
v -1.1 0.7 0
v -1.1 0.8 0
v -1 0.8 0
v -1 0.7 0
v -1 0.8 0.1
v -1 0.7 0.1
v -0.9 0.7 0.1
v -0.9 0.8 0.1
v -1 0.7 0
v -1 0.8 0
v -0.9 0.8 0
v -0.9 0.7 0
v -0.9 0.8 0.1
v -0.9 0.7 0.1
v -0.8 0.7 0.1
v -0.8 0.8 0.1
v -0.9 0.7 0
v -0.9 0.8 0
v -0.8 0.8 0
v -0.8 0.7 0
v -0.8 0.8 0.1
v -0.8 0.7 0.1
v -0.7 0.7 0.1
v -0.7 0.8 0.1
v -0.8 0.7 0
v -0.8 0.8 0
v -0.7 0.8 0
v -0.7 0.7 0
v -0.7 0.8 0.1
v -0.7 0.7 0.1
v -0.6 0.7 0.1
v -0.6 0.8 0.1
v -0.7 0.7 0
v -0.7 0.8 0
v -0.6 0.8 0
v -0.6 0.7 0
v -0.6 0.8 0.1
v -0.6 0.7 0.1
v -0.5 0.7 0.1
v -0.5 0.8 0.1
v -0.6 0.7 0
v -0.6 0.8 0
v -0.5 0.8 0
v -0.5 0.7 0
v -0.5 0.8 0.1
v -0.5 0.7 0.1
v -0.4 0.7 0.1
v -0.4 0.8 0.1
v -0.5 0.7 0
v -0.5 0.8 0
v -0.4 0.8 0
v -0.4 0.7 0
v -0.4 0.8 0.1
v -0.4 0.7 0.1
v -0.3 0.7 0.1
v -0.3 0.8 0.1
v -0.4 0.7 0
v -0.4 0.8 0
v -0.3 0.8 0
v -0.3 0.7 0
v -0.3 0.8 0.1
v -0.3 0.7 0.1
v -0.2 0.7 0.1
v -0.2 0.8 0.1
v -0.3 0.7 0
v -0.3 0.8 0
v -0.2 0.8 0
v -0.2 0.7 0
v -0.2 0.8 0.1
v -0.2 0.7 0.1
v -0.1 0.7 0.1
v -0.1 0.8 0.1
v -0.2 0.7 0
v -0.2 0.8 0
v -0.1 0.8 0
v -0.1 0.7 0
v -0.1 0.8 0.1
v -0.1 0.7 0.1
v 0 0.7 0.1
v 0 0.8 0.1
v -0.1 0.7 0
v -0.1 0.8 0
v 0 0.8 0
v 0 0.7 0
v 0 0.8 0.1
v 0 0.7 0.1
v 0.1 0.7 0.1
v 0.1 0.8 0.1
v 0 0.7 0
v 0 0.8 0
v 0.1 0.8 0
v 0.1 0.7 0
v 0.1 0.8 0.1
v 0.1 0.7 0.1
v 0.2 0.7 0.1
v 0.2 0.8 0.1
v 0.1 0.7 0
v 0.1 0.8 0
v 0.2 0.8 0
v 0.2 0.7 0
v 0.2 0.8 0.1
v 0.2 0.7 0.1
v 0.3 0.7 0.1
v 0.3 0.8 0.1
v 0.2 0.7 0
v 0.2 0.8 0
v 0.3 0.8 0
v 0.3 0.7 0
v 0.3 0.8 0.1
v 0.3 0.7 0.1
v 0.4 0.7 0.1
v 0.4 0.8 0.1
v 0.3 0.7 0
v 0.3 0.8 0
v 0.4 0.8 0
v 0.4 0.7 0
v 0.4 0.8 0.1
v 0.4 0.7 0.1
v 0.5 0.7 0.1
v 0.5 0.8 0.1
v 0.4 0.7 0
v 0.4 0.8 0
v 0.5 0.8 0
v 0.5 0.7 0
v 0.5 0.8 0.1
v 0.5 0.7 0.1
v 0.6 0.7 0.1
v 0.6 0.8 0.1
v 0.5 0.7 0
v 0.5 0.8 0
v 0.6 0.8 0
v 0.6 0.7 0
v 0.6 0.8 0.1
v 0.6 0.7 0.1
v 0.7 0.7 0.1
v 0.7 0.8 0.1
v 0.6 0.7 0
v 0.6 0.8 0
v 0.7 0.8 0
v 0.7 0.7 0
v 0.7 0.8 0.1
v 0.7 0.7 0.1
v 0.8 0.7 0.1
v 0.8 0.8 0.1
v 0.7 0.7 0
v 0.7 0.8 0
v 0.8 0.8 0
v 0.8 0.7 0
v 0.8 0.8 0.1
v 0.8 0.7 0.1
v 0.9 0.7 0.1
v 0.9 0.8 0.1
v 0.8 0.7 0
v 0.8 0.8 0
v 0.9 0.8 0
v 0.9 0.7 0
v 0.9 0.8 0.1
v 0.9 0.7 0.1
v 1 0.7 0.1
v 1 0.8 0.1
v 0.9 0.7 0
v 0.9 0.8 0
v 1 0.8 0
v 1 0.7 0
v 1 0.8 0.1
v 1 0.7 0.1
v 1.1 0.7 0.1
v 1.1 0.8 0.1
v 1 0.7 0
v 1 0.8 0
v 1.1 0.8 0
v 1.1 0.7 0
v 1.2 0.7 0.1
v 1.2 0.7 0
v 1.2 0.8 0
v 1.2 0.8 0.1
v 1.1 0.8 0.1
v 1.1 0.7 0.1
v 1.2 0.7 0.1
v 1.2 0.8 0.1
v 1.1 0.7 0
v 1.1 0.8 0
v 1.2 0.8 0
v 1.2 0.7 0
v -1.2 0.7 0.1
v -1.2 0.7 0
v -1.2 0.6 0
v -1.2 0.6 0.1
v -1.2 0.7 0.1
v -1.2 0.6 0.1
v -1.1 0.6 0.1
v -1.1 0.7 0.1
v -1.2 0.6 0
v -1.2 0.7 0
v -1.1 0.7 0
v -1.1 0.6 0
v -1.1 0.7 0.1
v -1.1 0.6 0.1
v -1 0.6 0.1
v -1 0.7 0.1
v -1.1 0.6 0
v -1.1 0.7 0
v -1 0.7 0
v -1 0.6 0
v -1 0.7 0.1
v -1 0.6 0.1
v -0.9 0.6 0.1
v -0.9 0.7 0.1
v -1 0.6 0
v -1 0.7 0
v -0.9 0.7 0
v -0.9 0.6 0
v -0.9 0.7 0.1
v -0.9 0.6 0.1
v -0.8 0.6 0.1
v -0.8 0.7 0.1
v -0.9 0.6 0
v -0.9 0.7 0
v -0.8 0.7 0
v -0.8 0.6 0
v -0.8 0.7 0.1
v -0.8 0.6 0.1
v -0.7 0.6 0.1
v -0.7 0.7 0.1
v -0.8 0.6 0
v -0.8 0.7 0
v -0.7 0.7 0
v -0.7 0.6 0
v -0.7 0.7 0.1
v -0.7 0.6 0.1
v -0.6 0.6 0.1
v -0.6 0.7 0.1
v -0.7 0.6 0
v -0.7 0.7 0
v -0.6 0.7 0
v -0.6 0.6 0
v -0.6 0.7 0.1
v -0.6 0.6 0.1
v -0.5 0.6 0.1
v -0.5 0.7 0.1
v -0.6 0.6 0
v -0.6 0.7 0
v -0.5 0.7 0
v -0.5 0.6 0
v -0.5 0.7 0.1
v -0.5 0.6 0.1
v -0.4 0.6 0.1
v -0.4 0.7 0.1
v -0.5 0.6 0
v -0.5 0.7 0
v -0.4 0.7 0
v -0.4 0.6 0
v -0.4 0.7 0.1
v -0.4 0.6 0.1
v -0.3 0.6 0.1
v -0.3 0.7 0.1
v -0.4 0.6 0
v -0.4 0.7 0
v -0.3 0.7 0
v -0.3 0.6 0
v -0.3 0.7 0.1
v -0.3 0.6 0.1
v -0.2 0.6 0.1
v -0.2 0.7 0.1
v -0.3 0.6 0
v -0.3 0.7 0
v -0.2 0.7 0
v -0.2 0.6 0
v -0.2 0.7 0.1
v -0.2 0.6 0.1
v -0.1 0.6 0.1
v -0.1 0.7 0.1
v -0.2 0.6 0
v -0.2 0.7 0
v -0.1 0.7 0
v -0.1 0.6 0
v -0.1 0.7 0.1
v -0.1 0.6 0.1
v 0 0.6 0.1
v 0 0.7 0.1
v -0.1 0.6 0
v -0.1 0.7 0
v 0 0.7 0
v 0 0.6 0
v 0 0.7 0.1
v 0 0.6 0.1
v 0.1 0.6 0.1
v 0.1 0.7 0.1
v 0 0.6 0
v 0 0.7 0
v 0.1 0.7 0
v 0.1 0.6 0
v 0.1 0.7 0.1
v 0.1 0.6 0.1
v 0.2 0.6 0.1
v 0.2 0.7 0.1
v 0.1 0.6 0
v 0.1 0.7 0
v 0.2 0.7 0
v 0.2 0.6 0
v 0.2 0.7 0.1
v 0.2 0.6 0.1
v 0.3 0.6 0.1
v 0.3 0.7 0.1
v 0.2 0.6 0
v 0.2 0.7 0
v 0.3 0.7 0
v 0.3 0.6 0
v 0.3 0.7 0.1
v 0.3 0.6 0.1
v 0.4 0.6 0.1
v 0.4 0.7 0.1
v 0.3 0.6 0
v 0.3 0.7 0
v 0.4 0.7 0
v 0.4 0.6 0
v 0.4 0.7 0.1
v 0.4 0.6 0.1
v 0.5 0.6 0.1
v 0.5 0.7 0.1
v 0.4 0.6 0
v 0.4 0.7 0
v 0.5 0.7 0
v 0.5 0.6 0
v 0.5 0.7 0.1
v 0.5 0.6 0.1
v 0.6 0.6 0.1
v 0.6 0.7 0.1
v 0.5 0.6 0
v 0.5 0.7 0
v 0.6 0.7 0
v 0.6 0.6 0
v 0.6 0.7 0.1
v 0.6 0.6 0.1
v 0.7 0.6 0.1
v 0.7 0.7 0.1
v 0.6 0.6 0
v 0.6 0.7 0
v 0.7 0.7 0
v 0.7 0.6 0
v 0.7 0.7 0.1
v 0.7 0.6 0.1
v 0.8 0.6 0.1
v 0.8 0.7 0.1
v 0.7 0.6 0
v 0.7 0.7 0
v 0.8 0.7 0
v 0.8 0.6 0
v 0.8 0.7 0.1
v 0.8 0.6 0.1
v 0.9 0.6 0.1
v 0.9 0.7 0.1
v 0.8 0.6 0
v 0.8 0.7 0
v 0.9 0.7 0
v 0.9 0.6 0
v 0.9 0.7 0.1
v 0.9 0.6 0.1
v 1 0.6 0.1
v 1 0.7 0.1
v 0.9 0.6 0
v 0.9 0.7 0
v 1 0.7 0
v 1 0.6 0
v 1 0.7 0.1
v 1 0.6 0.1
v 1.1 0.6 0.1
v 1.1 0.7 0.1
v 1 0.6 0
v 1 0.7 0
v 1.1 0.7 0
v 1.1 0.6 0
v 1.2 0.6 0.1
v 1.2 0.6 0
v 1.2 0.7 0
v 1.2 0.7 0.1
v 1.1 0.7 0.1
v 1.1 0.6 0.1
v 1.2 0.6 0.1
v 1.2 0.7 0.1
v 1.1 0.6 0
v 1.1 0.7 0
v 1.2 0.7 0
v 1.2 0.6 0
v -1.2 0.6 0.1
v -1.2 0.6 0
v -1.2 0.5 0
v -1.2 0.5 0.1
v -1.2 0.6 0.1
v -1.2 0.5 0.1
v -1.1 0.5 0.1
v -1.1 0.6 0.1
v -1.2 0.5 0
v -1.2 0.6 0
v -1.1 0.6 0
v -1.1 0.5 0
v -1.1 0.6 0.1
v -1.1 0.5 0.1
v -1 0.5 0.1
v -1 0.6 0.1
v -1.1 0.5 0
v -1.1 0.6 0
v -1 0.6 0
v -1 0.5 0
v -1 0.6 0.1
v -1 0.5 0.1
v -0.9 0.5 0.1
v -0.9 0.6 0.1
v -1 0.5 0
v -1 0.6 0
v -0.9 0.6 0
v -0.9 0.5 0
v -0.9 0.6 0.1
v -0.9 0.5 0.1
v -0.8 0.5 0.1
v -0.8 0.6 0.1
v -0.9 0.5 0
v -0.9 0.6 0
v -0.8 0.6 0
v -0.8 0.5 0
v -0.8 0.6 0.1
v -0.8 0.5 0.1
v -0.7 0.5 0.1
v -0.7 0.6 0.1
v -0.8 0.5 0
v -0.8 0.6 0
v -0.7 0.6 0
v -0.7 0.5 0
v -0.7 0.6 0.1
v -0.7 0.5 0.1
v -0.6 0.5 0.1
v -0.6 0.6 0.1
v -0.7 0.5 0
v -0.7 0.6 0
v -0.6 0.6 0
v -0.6 0.5 0
v -0.6 0.6 0.1
v -0.6 0.5 0.1
v -0.5 0.5 0.1
v -0.5 0.6 0.1
v -0.6 0.5 0
v -0.6 0.6 0
v -0.5 0.6 0
v -0.5 0.5 0
v -0.5 0.6 0.1
v -0.5 0.5 0.1
v -0.4 0.5 0.1
v -0.4 0.6 0.1
v -0.5 0.5 0
v -0.5 0.6 0
v -0.4 0.6 0
v -0.4 0.5 0
v -0.4 0.6 0.1
v -0.4 0.5 0.1
v -0.3 0.5 0.1
v -0.3 0.6 0.1
v -0.4 0.5 0
v -0.4 0.6 0
v -0.3 0.6 0
v -0.3 0.5 0
v -0.3 0.6 0.1
v -0.3 0.5 0.1
v -0.2 0.5 0.1
v -0.2 0.6 0.1
v -0.3 0.5 0
v -0.3 0.6 0
v -0.2 0.6 0
v -0.2 0.5 0
v -0.2 0.6 0.1
v -0.2 0.5 0.1
v -0.1 0.5 0.1
v -0.1 0.6 0.1
v -0.2 0.5 0
v -0.2 0.6 0
v -0.1 0.6 0
v -0.1 0.5 0
v -0.1 0.6 0.1
v -0.1 0.5 0.1
v 0 0.5 0.1
v 0 0.6 0.1
v -0.1 0.5 0
v -0.1 0.6 0
v 0 0.6 0
v 0 0.5 0
v 0 0.6 0.1
v 0 0.5 0.1
v 0.1 0.5 0.1
v 0.1 0.6 0.1
v 0 0.5 0
v 0 0.6 0
v 0.1 0.6 0
v 0.1 0.5 0
v 0.1 0.6 0.1
v 0.1 0.5 0.1
v 0.2 0.5 0.1
v 0.2 0.6 0.1
v 0.1 0.5 0
v 0.1 0.6 0
v 0.2 0.6 0
v 0.2 0.5 0
v 0.2 0.6 0.1
v 0.2 0.5 0.1
v 0.3 0.5 0.1
v 0.3 0.6 0.1
v 0.2 0.5 0
v 0.2 0.6 0
v 0.3 0.6 0
v 0.3 0.5 0
v 0.3 0.6 0.1
v 0.3 0.5 0.1
v 0.4 0.5 0.1
v 0.4 0.6 0.1
v 0.3 0.5 0
v 0.3 0.6 0
v 0.4 0.6 0
v 0.4 0.5 0
v 0.4 0.6 0.1
v 0.4 0.5 0.1
v 0.5 0.5 0.1
v 0.5 0.6 0.1
v 0.4 0.5 0
v 0.4 0.6 0
v 0.5 0.6 0
v 0.5 0.5 0
v 0.5 0.6 0.1
v 0.5 0.5 0.1
v 0.6 0.5 0.1
v 0.6 0.6 0.1
v 0.5 0.5 0
v 0.5 0.6 0
v 0.6 0.6 0
v 0.6 0.5 0
v 0.6 0.6 0.1
v 0.6 0.5 0.1
v 0.7 0.5 0.1
v 0.7 0.6 0.1
v 0.6 0.5 0
v 0.6 0.6 0
v 0.7 0.6 0
v 0.7 0.5 0
v 0.7 0.6 0.1
v 0.7 0.5 0.1
v 0.8 0.5 0.1
v 0.8 0.6 0.1
v 0.7 0.5 0
v 0.7 0.6 0
v 0.8 0.6 0
v 0.8 0.5 0
v 0.8 0.6 0.1
v 0.8 0.5 0.1
v 0.9 0.5 0.1
v 0.9 0.6 0.1
v 0.8 0.5 0
v 0.8 0.6 0
v 0.9 0.6 0
v 0.9 0.5 0
v 0.9 0.6 0.1
v 0.9 0.5 0.1
v 1 0.5 0.1
v 1 0.6 0.1
v 0.9 0.5 0
v 0.9 0.6 0
v 1 0.6 0
v 1 0.5 0
v 1 0.6 0.1
v 1 0.5 0.1
v 1.1 0.5 0.1
v 1.1 0.6 0.1
v 1 0.5 0
v 1 0.6 0
v 1.1 0.6 0
v 1.1 0.5 0
v 1.2 0.5 0.1
v 1.2 0.5 0
v 1.2 0.6 0
v 1.2 0.6 0.1
v 1.1 0.6 0.1
v 1.1 0.5 0.1
v 1.2 0.5 0.1
v 1.2 0.6 0.1
v 1.1 0.5 0
v 1.1 0.6 0
v 1.2 0.6 0
v 1.2 0.5 0
v -1.2 0.5 0.1
v -1.2 0.5 0
v -1.2 0.4 0
v -1.2 0.4 0.1
v -1.2 0.5 0.1
v -1.2 0.4 0.1
v -1.1 0.4 0.1
v -1.1 0.5 0.1
v -1.2 0.4 0
v -1.2 0.5 0
v -1.1 0.5 0
v -1.1 0.4 0
v -1.1 0.5 0.1
v -1.1 0.4 0.1
v -1 0.4 0.1
v -1 0.5 0.1
v -1.1 0.4 0
v -1.1 0.5 0
v -1 0.5 0
v -1 0.4 0
v -1 0.5 0.1
v -1 0.4 0.1
v -0.9 0.4 0.1
v -0.9 0.5 0.1
v -1 0.4 0
v -1 0.5 0
v -0.9 0.5 0
v -0.9 0.4 0
v -0.9 0.5 0.1
v -0.9 0.4 0.1
v -0.8 0.4 0.1
v -0.8 0.5 0.1
v -0.9 0.4 0
v -0.9 0.5 0
v -0.8 0.5 0
v -0.8 0.4 0
v -0.8 0.5 0.1
v -0.8 0.4 0.1
v -0.7 0.4 0.1
v -0.7 0.5 0.1
v -0.8 0.4 0
v -0.8 0.5 0
v -0.7 0.5 0
v -0.7 0.4 0
v -0.7 0.5 0.1
v -0.7 0.4 0.1
v -0.6 0.4 0.1
v -0.6 0.5 0.1
v -0.7 0.4 0
v -0.7 0.5 0
v -0.6 0.5 0
v -0.6 0.4 0
v -0.6 0.5 0.1
v -0.6 0.4 0.1
v -0.5 0.4 0.1
v -0.5 0.5 0.1
v -0.6 0.4 0
v -0.6 0.5 0
v -0.5 0.5 0
v -0.5 0.4 0
v -0.5 0.5 0.1
v -0.5 0.4 0.1
v -0.4 0.4 0.1
v -0.4 0.5 0.1
v -0.5 0.4 0
v -0.5 0.5 0
v -0.4 0.5 0
v -0.4 0.4 0
v -0.4 0.5 0.1
v -0.4 0.4 0.1
v -0.3 0.4 0.1
v -0.3 0.5 0.1
v -0.4 0.4 0
v -0.4 0.5 0
v -0.3 0.5 0
v -0.3 0.4 0
v -0.3 0.5 0.1
v -0.3 0.4 0.1
v -0.2 0.4 0.1
v -0.2 0.5 0.1
v -0.3 0.4 0
v -0.3 0.5 0
v -0.2 0.5 0
v -0.2 0.4 0
v -0.2 0.5 0.1
v -0.2 0.4 0.1
v -0.1 0.4 0.1
v -0.1 0.5 0.1
v -0.2 0.4 0
v -0.2 0.5 0
v -0.1 0.5 0
v -0.1 0.4 0
v -0.1 0.5 0.1
v -0.1 0.4 0.1
v 0 0.4 0.1
v 0 0.5 0.1
v -0.1 0.4 0
v -0.1 0.5 0
v 0 0.5 0
v 0 0.4 0
v 0 0.5 0.1
v 0 0.4 0.1
v 0.1 0.4 0.1
v 0.1 0.5 0.1
v 0 0.4 0
v 0 0.5 0
v 0.1 0.5 0
v 0.1 0.4 0
v 0.1 0.5 0.1
v 0.1 0.4 0.1
v 0.2 0.4 0.1
v 0.2 0.5 0.1
v 0.1 0.4 0
v 0.1 0.5 0
v 0.2 0.5 0
v 0.2 0.4 0
v 0.2 0.5 0.1
v 0.2 0.4 0.1
v 0.3 0.4 0.1
v 0.3 0.5 0.1
v 0.2 0.4 0
v 0.2 0.5 0
v 0.3 0.5 0
v 0.3 0.4 0
v 0.3 0.5 0.1
v 0.3 0.4 0.1
v 0.4 0.4 0.1
v 0.4 0.5 0.1
v 0.3 0.4 0
v 0.3 0.5 0
v 0.4 0.5 0
v 0.4 0.4 0
v 0.4 0.5 0.1
v 0.4 0.4 0.1
v 0.5 0.4 0.1
v 0.5 0.5 0.1
v 0.4 0.4 0
v 0.4 0.5 0
v 0.5 0.5 0
v 0.5 0.4 0
v 0.5 0.5 0.1
v 0.5 0.4 0.1
v 0.6 0.4 0.1
v 0.6 0.5 0.1
v 0.5 0.4 0
v 0.5 0.5 0
v 0.6 0.5 0
v 0.6 0.4 0
v 0.6 0.5 0.1
v 0.6 0.4 0.1
v 0.7 0.4 0.1
v 0.7 0.5 0.1
v 0.6 0.4 0
v 0.6 0.5 0
v 0.7 0.5 0
v 0.7 0.4 0
v 0.7 0.5 0.1
v 0.7 0.4 0.1
v 0.8 0.4 0.1
v 0.8 0.5 0.1
v 0.7 0.4 0
v 0.7 0.5 0
v 0.8 0.5 0
v 0.8 0.4 0
v 0.8 0.5 0.1
v 0.8 0.4 0.1
v 0.9 0.4 0.1
v 0.9 0.5 0.1
v 0.8 0.4 0
v 0.8 0.5 0
v 0.9 0.5 0
v 0.9 0.4 0
v 0.9 0.5 0.1
v 0.9 0.4 0.1
v 1 0.4 0.1
v 1 0.5 0.1
v 0.9 0.4 0
v 0.9 0.5 0
v 1 0.5 0
v 1 0.4 0
v 1 0.5 0.1
v 1 0.4 0.1
v 1.1 0.4 0.1
v 1.1 0.5 0.1
v 1 0.4 0
v 1 0.5 0
v 1.1 0.5 0
v 1.1 0.4 0
v 1.2 0.4 0.1
v 1.2 0.4 0
v 1.2 0.5 0
v 1.2 0.5 0.1
v 1.1 0.5 0.1
v 1.1 0.4 0.1
v 1.2 0.4 0.1
v 1.2 0.5 0.1
v 1.1 0.4 0
v 1.1 0.5 0
v 1.2 0.5 0
v 1.2 0.4 0
v -1.2 0.4 0.1
v -1.2 0.4 0
v -1.2 0.3 0
v -1.2 0.3 0.1
v -1.2 0.4 0.1
v -1.2 0.3 0.1
v -1.1 0.3 0.1
v -1.1 0.4 0.1
v -1.2 0.3 0
v -1.2 0.4 0
v -1.1 0.4 0
v -1.1 0.3 0
v -1.1 0.4 0.1
v -1.1 0.3 0.1
v -1 0.3 0.1
v -1 0.4 0.1
v -1.1 0.3 0
v -1.1 0.4 0
v -1 0.4 0
v -1 0.3 0
v -1 0.4 0.1
v -1 0.3 0.1
v -0.9 0.3 0.1
v -0.9 0.4 0.1
v -1 0.3 0
v -1 0.4 0
v -0.9 0.4 0
v -0.9 0.3 0
v -0.9 0.4 0.1
v -0.9 0.3 0.1
v -0.8 0.3 0.1
v -0.8 0.4 0.1
v -0.9 0.3 0
v -0.9 0.4 0
v -0.8 0.4 0
v -0.8 0.3 0
v -0.8 0.4 0.1
v -0.8 0.3 0.1
v -0.7 0.3 0.1
v -0.7 0.4 0.1
v -0.8 0.3 0
v -0.8 0.4 0
v -0.7 0.4 0
v -0.7 0.3 0
v -0.7 0.4 0.1
v -0.7 0.3 0.1
v -0.6 0.3 0.1
v -0.6 0.4 0.1
v -0.7 0.3 0
v -0.7 0.4 0
v -0.6 0.4 0
v -0.6 0.3 0
v -0.6 0.4 0.1
v -0.6 0.3 0.1
v -0.5 0.3 0.1
v -0.5 0.4 0.1
v -0.6 0.3 0
v -0.6 0.4 0
v -0.5 0.4 0
v -0.5 0.3 0
v -0.5 0.4 0.1
v -0.5 0.3 0.1
v -0.4 0.3 0.1
v -0.4 0.4 0.1
v -0.5 0.3 0
v -0.5 0.4 0
v -0.4 0.4 0
v -0.4 0.3 0
v -0.4 0.4 0.1
v -0.4 0.3 0.1
v -0.3 0.3 0.1
v -0.3 0.4 0.1
v -0.4 0.3 0
v -0.4 0.4 0
v -0.3 0.4 0
v -0.3 0.3 0
v -0.3 0.4 0.1
v -0.3 0.3 0.1
v -0.2 0.3 0.1
v -0.2 0.4 0.1
v -0.3 0.3 0
v -0.3 0.4 0
v -0.2 0.4 0
v -0.2 0.3 0
v -0.2 0.4 0.1
v -0.2 0.3 0.1
v -0.1 0.3 0.1
v -0.1 0.4 0.1
v -0.2 0.3 0
v -0.2 0.4 0
v -0.1 0.4 0
v -0.1 0.3 0
v -0.1 0.4 0.1
v -0.1 0.3 0.1
v 0 0.3 0.1
v 0 0.4 0.1
v -0.1 0.3 0
v -0.1 0.4 0
v 0 0.4 0
v 0 0.3 0
v 0 0.4 0.1
v 0 0.3 0.1
v 0.1 0.3 0.1
v 0.1 0.4 0.1
v 0 0.3 0
v 0 0.4 0
v 0.1 0.4 0
v 0.1 0.3 0
v 0.1 0.4 0.1
v 0.1 0.3 0.1
v 0.2 0.3 0.1
v 0.2 0.4 0.1
v 0.1 0.3 0
v 0.1 0.4 0
v 0.2 0.4 0
v 0.2 0.3 0
v 0.2 0.4 0.1
v 0.2 0.3 0.1
v 0.3 0.3 0.1
v 0.3 0.4 0.1
v 0.2 0.3 0
v 0.2 0.4 0
v 0.3 0.4 0
v 0.3 0.3 0
v 0.3 0.4 0.1
v 0.3 0.3 0.1
v 0.4 0.3 0.1
v 0.4 0.4 0.1
v 0.3 0.3 0
v 0.3 0.4 0
v 0.4 0.4 0
v 0.4 0.3 0
v 0.4 0.4 0.1
v 0.4 0.3 0.1
v 0.5 0.3 0.1
v 0.5 0.4 0.1
v 0.4 0.3 0
v 0.4 0.4 0
v 0.5 0.4 0
v 0.5 0.3 0
v 0.5 0.4 0.1
v 0.5 0.3 0.1
v 0.6 0.3 0.1
v 0.6 0.4 0.1
v 0.5 0.3 0
v 0.5 0.4 0
v 0.6 0.4 0
v 0.6 0.3 0
v 0.6 0.4 0.1
v 0.6 0.3 0.1
v 0.7 0.3 0.1
v 0.7 0.4 0.1
v 0.6 0.3 0
v 0.6 0.4 0
v 0.7 0.4 0
v 0.7 0.3 0
v 0.7 0.4 0.1
v 0.7 0.3 0.1
v 0.8 0.3 0.1
v 0.8 0.4 0.1
v 0.7 0.3 0
v 0.7 0.4 0
v 0.8 0.4 0
v 0.8 0.3 0
v 0.8 0.4 0.1
v 0.8 0.3 0.1
v 0.9 0.3 0.1
v 0.9 0.4 0.1
v 0.8 0.3 0
v 0.8 0.4 0
v 0.9 0.4 0
v 0.9 0.3 0
v 0.9 0.4 0.1
v 0.9 0.3 0.1
v 1 0.3 0.1
v 1 0.4 0.1
v 0.9 0.3 0
v 0.9 0.4 0
v 1 0.4 0
v 1 0.3 0
v 1 0.4 0.1
v 1 0.3 0.1
v 1.1 0.3 0.1
v 1.1 0.4 0.1
v 1 0.3 0
v 1 0.4 0
v 1.1 0.4 0
v 1.1 0.3 0
v 1.2 0.3 0.1
v 1.2 0.3 0
v 1.2 0.4 0
v 1.2 0.4 0.1
v 1.1 0.4 0.1
v 1.1 0.3 0.1
v 1.2 0.3 0.1
v 1.2 0.4 0.1
v 1.1 0.3 0
v 1.1 0.4 0
v 1.2 0.4 0
v 1.2 0.3 0
v -1.2 0.3 0.1
v -1.2 0.3 0
v -1.2 0.2 0
v -1.2 0.2 0.1
v -1.2 0.3 0.1
v -1.2 0.2 0.1
v -1.1 0.2 0.1
v -1.1 0.3 0.1
v -1.2 0.2 0
v -1.2 0.3 0
v -1.1 0.3 0
v -1.1 0.2 0
v -1.1 0.3 0.1
v -1.1 0.2 0.1
v -1 0.2 0.1
v -1 0.3 0.1
v -1.1 0.2 0
v -1.1 0.3 0
v -1 0.3 0
v -1 0.2 0
v -1 0.3 0.1
v -1 0.2 0.1
v -0.9 0.2 0.1
v -0.9 0.3 0.1
v -1 0.2 0
v -1 0.3 0
v -0.9 0.3 0
v -0.9 0.2 0
v -0.9 0.3 0.1
v -0.9 0.2 0.1
v -0.8 0.2 0.1
v -0.8 0.3 0.1
v -0.9 0.2 0
v -0.9 0.3 0
v -0.8 0.3 0
v -0.8 0.2 0
v -0.8 0.3 0.1
v -0.8 0.2 0.1
v -0.7 0.2 0.1
v -0.7 0.3 0.1
v -0.8 0.2 0
v -0.8 0.3 0
v -0.7 0.3 0
v -0.7 0.2 0
v -0.7 0.3 0.1
v -0.7 0.2 0.1
v -0.6 0.2 0.1
v -0.6 0.3 0.1
v -0.7 0.2 0
v -0.7 0.3 0
v -0.6 0.3 0
v -0.6 0.2 0
v -0.6 0.3 0.1
v -0.6 0.2 0.1
v -0.5 0.2 0.1
v -0.5 0.3 0.1
v -0.6 0.2 0
v -0.6 0.3 0
v -0.5 0.3 0
v -0.5 0.2 0
v -0.5 0.3 0.1
v -0.5 0.2 0.1
v -0.4 0.2 0.1
v -0.4 0.3 0.1
v -0.5 0.2 0
v -0.5 0.3 0
v -0.4 0.3 0
v -0.4 0.2 0
v -0.4 0.3 0.1
v -0.4 0.2 0.1
v -0.3 0.2 0.1
v -0.3 0.3 0.1
v -0.4 0.2 0
v -0.4 0.3 0
v -0.3 0.3 0
v -0.3 0.2 0
v -0.3 0.3 0.1
v -0.3 0.2 0.1
v -0.2 0.2 0.1
v -0.2 0.3 0.1
v -0.3 0.2 0
v -0.3 0.3 0
v -0.2 0.3 0
v -0.2 0.2 0
v -0.2 0.3 0.1
v -0.2 0.2 0.1
v -0.1 0.2 0.1
v -0.1 0.3 0.1
v -0.2 0.2 0
v -0.2 0.3 0
v -0.1 0.3 0
v -0.1 0.2 0
v -0.1 0.3 0.1
v -0.1 0.2 0.1
v 0 0.2 0.1
v 0 0.3 0.1
v -0.1 0.2 0
v -0.1 0.3 0
v 0 0.3 0
v 0 0.2 0
v 0 0.3 0.1
v 0 0.2 0.1
v 0.1 0.2 0.1
v 0.1 0.3 0.1
v 0 0.2 0
v 0 0.3 0
v 0.1 0.3 0
v 0.1 0.2 0
v 0.1 0.3 0.1
v 0.1 0.2 0.1
v 0.2 0.2 0.1
v 0.2 0.3 0.1
v 0.1 0.2 0
v 0.1 0.3 0
v 0.2 0.3 0
v 0.2 0.2 0
v 0.2 0.3 0.1
v 0.2 0.2 0.1
v 0.3 0.2 0.1
v 0.3 0.3 0.1
v 0.2 0.2 0
v 0.2 0.3 0
v 0.3 0.3 0
v 0.3 0.2 0
v 0.3 0.3 0.1
v 0.3 0.2 0.1
v 0.4 0.2 0.1
v 0.4 0.3 0.1
v 0.3 0.2 0
v 0.3 0.3 0
v 0.4 0.3 0
v 0.4 0.2 0
v 0.4 0.3 0.1
v 0.4 0.2 0.1
v 0.5 0.2 0.1
v 0.5 0.3 0.1
v 0.4 0.2 0
v 0.4 0.3 0
v 0.5 0.3 0
v 0.5 0.2 0
v 0.5 0.3 0.1
v 0.5 0.2 0.1
v 0.6 0.2 0.1
v 0.6 0.3 0.1
v 0.5 0.2 0
v 0.5 0.3 0
v 0.6 0.3 0
v 0.6 0.2 0
v 0.6 0.3 0.1
v 0.6 0.2 0.1
v 0.7 0.2 0.1
v 0.7 0.3 0.1
v 0.6 0.2 0
v 0.6 0.3 0
v 0.7 0.3 0
v 0.7 0.2 0
v 0.7 0.3 0.1
v 0.7 0.2 0.1
v 0.8 0.2 0.1
v 0.8 0.3 0.1
v 0.7 0.2 0
v 0.7 0.3 0
v 0.8 0.3 0
v 0.8 0.2 0
v 0.8 0.3 0.1
v 0.8 0.2 0.1
v 0.9 0.2 0.1
v 0.9 0.3 0.1
v 0.8 0.2 0
v 0.8 0.3 0
v 0.9 0.3 0
v 0.9 0.2 0
v 0.9 0.3 0.1
v 0.9 0.2 0.1
v 1 0.2 0.1
v 1 0.3 0.1
v 0.9 0.2 0
v 0.9 0.3 0
v 1 0.3 0
v 1 0.2 0
v 1 0.3 0.1
v 1 0.2 0.1
v 1.1 0.2 0.1
v 1.1 0.3 0.1
v 1 0.2 0
v 1 0.3 0
v 1.1 0.3 0
v 1.1 0.2 0
v 1.2 0.2 0.1
v 1.2 0.2 0
v 1.2 0.3 0
v 1.2 0.3 0.1
v 1.1 0.3 0.1
v 1.1 0.2 0.1
v 1.2 0.2 0.1
v 1.2 0.3 0.1
v 1.1 0.2 0
v 1.1 0.3 0
v 1.2 0.3 0
v 1.2 0.2 0
v -1.2 0.2 0.1
v -1.2 0.2 0
v -1.2 0.1 0
v -1.2 0.1 0.1
v -1.2 0.2 0.1
v -1.2 0.1 0.1
v -1.1 0.1 0.1
v -1.1 0.2 0.1
v -1.2 0.1 0
v -1.2 0.2 0
v -1.1 0.2 0
v -1.1 0.1 0
v -1.1 0.2 0.1
v -1.1 0.1 0.1
v -1 0.1 0.1
v -1 0.2 0.1
v -1.1 0.1 0
v -1.1 0.2 0
v -1 0.2 0
v -1 0.1 0
v -1 0.2 0.1
v -1 0.1 0.1
v -0.9 0.1 0.1
v -0.9 0.2 0.1
v -1 0.1 0
v -1 0.2 0
v -0.9 0.2 0
v -0.9 0.1 0
v -0.9 0.2 0.1
v -0.9 0.1 0.1
v -0.8 0.1 0.1
v -0.8 0.2 0.1
v -0.9 0.1 0
v -0.9 0.2 0
v -0.8 0.2 0
v -0.8 0.1 0
v -0.8 0.2 0.1
v -0.8 0.1 0.1
v -0.7 0.1 0.1
v -0.7 0.2 0.1
v -0.8 0.1 0
v -0.8 0.2 0
v -0.7 0.2 0
v -0.7 0.1 0
v -0.7 0.2 0.1
v -0.7 0.1 0.1
v -0.6 0.1 0.1
v -0.6 0.2 0.1
v -0.7 0.1 0
v -0.7 0.2 0
v -0.6 0.2 0
v -0.6 0.1 0
v -0.6 0.2 0.1
v -0.6 0.1 0.1
v -0.5 0.1 0.1
v -0.5 0.2 0.1
v -0.6 0.1 0
v -0.6 0.2 0
v -0.5 0.2 0
v -0.5 0.1 0
v -0.5 0.2 0.1
v -0.5 0.1 0.1
v -0.4 0.1 0.1
v -0.4 0.2 0.1
v -0.5 0.1 0
v -0.5 0.2 0
v -0.4 0.2 0
v -0.4 0.1 0
v -0.4 0.2 0.1
v -0.4 0.1 0.1
v -0.3 0.1 0.1
v -0.3 0.2 0.1
v -0.4 0.1 0
v -0.4 0.2 0
v -0.3 0.2 0
v -0.3 0.1 0
v -0.3 0.2 0.1
v -0.3 0.1 0.1
v -0.2 0.1 0.1
v -0.2 0.2 0.1
v -0.3 0.1 0
v -0.3 0.2 0
v -0.2 0.2 0
v -0.2 0.1 0
v -0.2 0.2 0.1
v -0.2 0.1 0.1
v -0.1 0.1 0.1
v -0.1 0.2 0.1
v -0.2 0.1 0
v -0.2 0.2 0
v -0.1 0.2 0
v -0.1 0.1 0
v -0.1 0.2 0.1
v -0.1 0.1 0.1
v 0 0.1 0.1
v 0 0.2 0.1
v -0.1 0.1 0
v -0.1 0.2 0
v 0 0.2 0
v 0 0.1 0
v 0 0.2 0.1
v 0 0.1 0.1
v 0.1 0.1 0.1
v 0.1 0.2 0.1
v 0 0.1 0
v 0 0.2 0
v 0.1 0.2 0
v 0.1 0.1 0
v 0.1 0.2 0.1
v 0.1 0.1 0.1
v 0.2 0.1 0.1
v 0.2 0.2 0.1
v 0.1 0.1 0
v 0.1 0.2 0
v 0.2 0.2 0
v 0.2 0.1 0
v 0.2 0.2 0.1
v 0.2 0.1 0.1
v 0.3 0.1 0.1
v 0.3 0.2 0.1
v 0.2 0.1 0
v 0.2 0.2 0
v 0.3 0.2 0
v 0.3 0.1 0
v 0.3 0.2 0.1
v 0.3 0.1 0.1
v 0.4 0.1 0.1
v 0.4 0.2 0.1
v 0.3 0.1 0
v 0.3 0.2 0
v 0.4 0.2 0
v 0.4 0.1 0
v 0.4 0.2 0.1
v 0.4 0.1 0.1
v 0.5 0.1 0.1
v 0.5 0.2 0.1
v 0.4 0.1 0
v 0.4 0.2 0
v 0.5 0.2 0
v 0.5 0.1 0
v 0.5 0.2 0.1
v 0.5 0.1 0.1
v 0.6 0.1 0.1
v 0.6 0.2 0.1
v 0.5 0.1 0
v 0.5 0.2 0
v 0.6 0.2 0
v 0.6 0.1 0
v 0.6 0.2 0.1
v 0.6 0.1 0.1
v 0.7 0.1 0.1
v 0.7 0.2 0.1
v 0.6 0.1 0
v 0.6 0.2 0
v 0.7 0.2 0
v 0.7 0.1 0
v 0.7 0.2 0.1
v 0.7 0.1 0.1
v 0.8 0.1 0.1
v 0.8 0.2 0.1
v 0.7 0.1 0
v 0.7 0.2 0
v 0.8 0.2 0
v 0.8 0.1 0
v 0.8 0.2 0.1
v 0.8 0.1 0.1
v 0.9 0.1 0.1
v 0.9 0.2 0.1
v 0.8 0.1 0
v 0.8 0.2 0
v 0.9 0.2 0
v 0.9 0.1 0
v 0.9 0.2 0.1
v 0.9 0.1 0.1
v 1 0.1 0.1
v 1 0.2 0.1
v 0.9 0.1 0
v 0.9 0.2 0
v 1 0.2 0
v 1 0.1 0
v 1 0.2 0.1
v 1 0.1 0.1
v 1.1 0.1 0.1
v 1.1 0.2 0.1
v 1 0.1 0
v 1 0.2 0
v 1.1 0.2 0
v 1.1 0.1 0
v 1.2 0.1 0.1
v 1.2 0.1 0
v 1.2 0.2 0
v 1.2 0.2 0.1
v 1.1 0.2 0.1
v 1.1 0.1 0.1
v 1.2 0.1 0.1
v 1.2 0.2 0.1
v 1.1 0.1 0
v 1.1 0.2 0
v 1.2 0.2 0
v 1.2 0.1 0
v -1.2 0.1 0.1
v -1.2 0.1 0
v -1.2 0 0
v -1.2 0 0.1
v -1.2 0.1 0.1
v -1.2 0 0.1
v -1.1 0 0.1
v -1.1 0.1 0.1
v -1.2 0 0
v -1.2 0.1 0
v -1.1 0.1 0
v -1.1 0 0
v -1.1 0.1 0.1
v -1.1 0 0.1
v -1 0 0.1
v -1 0.1 0.1
v -1.1 0 0
v -1.1 0.1 0
v -1 0.1 0
v -1 0 0
v -1 0.1 0.1
v -1 0 0.1
v -0.9 0 0.1
v -0.9 0.1 0.1
v -1 0 0
v -1 0.1 0
v -0.9 0.1 0
v -0.9 0 0
v -0.9 0.1 0.1
v -0.9 0 0.1
v -0.8 0 0.1
v -0.8 0.1 0.1
v -0.9 0 0
v -0.9 0.1 0
v -0.8 0.1 0
v -0.8 0 0
v -0.8 0.1 0.1
v -0.8 0 0.1
v -0.7 0 0.1
v -0.7 0.1 0.1
v -0.8 0 0
v -0.8 0.1 0
v -0.7 0.1 0
v -0.7 0 0
v -0.7 0.1 0.1
v -0.7 0 0.1
v -0.6 0 0.1
v -0.6 0.1 0.1
v -0.7 0 0
v -0.7 0.1 0
v -0.6 0.1 0
v -0.6 0 0
v -0.6 0.1 0.1
v -0.6 0 0.1
v -0.5 0 0.1
v -0.5 0.1 0.1
v -0.6 0 0
v -0.6 0.1 0
v -0.5 0.1 0
v -0.5 0 0
v -0.5 0.1 0.1
v -0.5 0 0.1
v -0.4 0 0.1
v -0.4 0.1 0.1
v -0.5 0 0
v -0.5 0.1 0
v -0.4 0.1 0
v -0.4 0 0
v -0.4 0.1 0.1
v -0.4 0 0.1
v -0.3 0 0.1
v -0.3 0.1 0.1
v -0.4 0 0
v -0.4 0.1 0
v -0.3 0.1 0
v -0.3 0 0
v -0.3 0.1 0.1
v -0.3 0 0.1
v -0.2 0 0.1
v -0.2 0.1 0.1
v -0.3 0 0
v -0.3 0.1 0
v -0.2 0.1 0
v -0.2 0 0
v -0.2 0.1 0.1
v -0.2 0 0.1
v -0.1 0 0.1
v -0.1 0.1 0.1
v -0.2 0 0
v -0.2 0.1 0
v -0.1 0.1 0
v -0.1 0 0
v -0.1 0.1 0.1
v -0.1 0 0.1
v 0 0 0.1
v 0 0.1 0.1
v -0.1 0 0
v -0.1 0.1 0
v 0 0.1 0
v 0 0 0
v 0 0.1 0.1
v 0 0 0.1
v 0.1 0 0.1
v 0.1 0.1 0.1
v 0 0 0
v 0 0.1 0
v 0.1 0.1 0
v 0.1 0 0
v 0.1 0.1 0.1
v 0.1 0 0.1
v 0.2 0 0.1
v 0.2 0.1 0.1
v 0.1 0 0
v 0.1 0.1 0
v 0.2 0.1 0
v 0.2 0 0
v 0.2 0.1 0.1
v 0.2 0 0.1
v 0.3 0 0.1
v 0.3 0.1 0.1
v 0.2 0 0
v 0.2 0.1 0
v 0.3 0.1 0
v 0.3 0 0
v 0.3 0.1 0.1
v 0.3 0 0.1
v 0.4 0 0.1
v 0.4 0.1 0.1
v 0.3 0 0
v 0.3 0.1 0
v 0.4 0.1 0
v 0.4 0 0
v 0.4 0.1 0.1
v 0.4 0 0.1
v 0.5 0 0.1
v 0.5 0.1 0.1
v 0.4 0 0
v 0.4 0.1 0
v 0.5 0.1 0
v 0.5 0 0
v 0.5 0.1 0.1
v 0.5 0 0.1
v 0.6 0 0.1
v 0.6 0.1 0.1
v 0.5 0 0
v 0.5 0.1 0
v 0.6 0.1 0
v 0.6 0 0
v 0.6 0.1 0.1
v 0.6 0 0.1
v 0.7 0 0.1
v 0.7 0.1 0.1
v 0.6 0 0
v 0.6 0.1 0
v 0.7 0.1 0
v 0.7 0 0
v 0.7 0.1 0.1
v 0.7 0 0.1
v 0.8 0 0.1
v 0.8 0.1 0.1
v 0.7 0 0
v 0.7 0.1 0
v 0.8 0.1 0
v 0.8 0 0
v 0.8 0.1 0.1
v 0.8 0 0.1
v 0.9 0 0.1
v 0.9 0.1 0.1
v 0.8 0 0
v 0.8 0.1 0
v 0.9 0.1 0
v 0.9 0 0
v 0.9 0.1 0.1
v 0.9 0 0.1
v 1 0 0.1
v 1 0.1 0.1
v 0.9 0 0
v 0.9 0.1 0
v 1 0.1 0
v 1 0 0
v 1 0.1 0.1
v 1 0 0.1
v 1.1 0 0.1
v 1.1 0.1 0.1
v 1 0 0
v 1 0.1 0
v 1.1 0.1 0
v 1.1 0 0
v 1.2 0 0.1
v 1.2 0 0
v 1.2 0.1 0
v 1.2 0.1 0.1
v 1.1 0.1 0.1
v 1.1 0 0.1
v 1.2 0 0.1
v 1.2 0.1 0.1
v 1.1 0 0
v 1.1 0.1 0
v 1.2 0.1 0
v 1.2 0 0
v -1.2 0 0.1
v -1.2 0 0
v -1.2 -0.1 0
v -1.2 -0.1 0.1
v -1.2 0 0.1
v -1.2 -0.1 0.1
v -1.1 -0.1 0.1
v -1.1 0 0.1
v -1.2 -0.1 0
v -1.2 0 0
v -1.1 0 0
v -1.1 -0.1 0
v -1.1 0 0.1
v -1.1 -0.1 0.1
v -1 -0.1 0.1
v -1 0 0.1
v -1.1 -0.1 0
v -1.1 0 0
v -1 0 0
v -1 -0.1 0
v -1 0 0.1
v -1 -0.1 0.1
v -0.9 -0.1 0.1
v -0.9 0 0.1
v -1 -0.1 0
v -1 0 0
v -0.9 0 0
v -0.9 -0.1 0
v -0.9 0 0.1
v -0.9 -0.1 0.1
v -0.8 -0.1 0.1
v -0.8 0 0.1
v -0.9 -0.1 0
v -0.9 0 0
v -0.8 0 0
v -0.8 -0.1 0
v -0.8 0 0.1
v -0.8 -0.1 0.1
v -0.7 -0.1 0.1
v -0.7 0 0.1
v -0.8 -0.1 0
v -0.8 0 0
v -0.7 0 0
v -0.7 -0.1 0
v -0.7 0 0.1
v -0.7 -0.1 0.1
v -0.6 -0.1 0.1
v -0.6 0 0.1
v -0.7 -0.1 0
v -0.7 0 0
v -0.6 0 0
v -0.6 -0.1 0
v -0.6 0 0.1
v -0.6 -0.1 0.1
v -0.5 -0.1 0.1
v -0.5 0 0.1
v -0.6 -0.1 0
v -0.6 0 0
v -0.5 0 0
v -0.5 -0.1 0
v -0.5 0 0.1
v -0.5 -0.1 0.1
v -0.4 -0.1 0.1
v -0.4 0 0.1
v -0.5 -0.1 0
v -0.5 0 0
v -0.4 0 0
v -0.4 -0.1 0
v -0.4 0 0.1
v -0.4 -0.1 0.1
v -0.3 -0.1 0.1
v -0.3 0 0.1
v -0.4 -0.1 0
v -0.4 0 0
v -0.3 0 0
v -0.3 -0.1 0
v -0.3 0 0.1
v -0.3 -0.1 0.1
v -0.2 -0.1 0.1
v -0.2 0 0.1
v -0.3 -0.1 0
v -0.3 0 0
v -0.2 0 0
v -0.2 -0.1 0
v -0.2 0 0.1
v -0.2 -0.1 0.1
v -0.1 -0.1 0.1
v -0.1 0 0.1
v -0.2 -0.1 0
v -0.2 0 0
v -0.1 0 0
v -0.1 -0.1 0
v -0.1 0 0.1
v -0.1 -0.1 0.1
v 0 -0.1 0.1
v 0 0 0.1
v -0.1 -0.1 0
v -0.1 0 0
v 0 0 0
v 0 -0.1 0
v 0 0 0.1
v 0 -0.1 0.1
v 0.1 -0.1 0.1
v 0.1 0 0.1
v 0 -0.1 0
v 0 0 0
v 0.1 0 0
v 0.1 -0.1 0
v 0.1 0 0.1
v 0.1 -0.1 0.1
v 0.2 -0.1 0.1
v 0.2 0 0.1
v 0.1 -0.1 0
v 0.1 0 0
v 0.2 0 0
v 0.2 -0.1 0
v 0.2 0 0.1
v 0.2 -0.1 0.1
v 0.3 -0.1 0.1
v 0.3 0 0.1
v 0.2 -0.1 0
v 0.2 0 0
v 0.3 0 0
v 0.3 -0.1 0
v 0.3 0 0.1
v 0.3 -0.1 0.1
v 0.4 -0.1 0.1
v 0.4 0 0.1
v 0.3 -0.1 0
v 0.3 0 0
v 0.4 0 0
v 0.4 -0.1 0
v 0.4 0 0.1
v 0.4 -0.1 0.1
v 0.5 -0.1 0.1
v 0.5 0 0.1
v 0.4 -0.1 0
v 0.4 0 0
v 0.5 0 0
v 0.5 -0.1 0
v 0.5 0 0.1
v 0.5 -0.1 0.1
v 0.6 -0.1 0.1
v 0.6 0 0.1
v 0.5 -0.1 0
v 0.5 0 0
v 0.6 0 0
v 0.6 -0.1 0
v 0.6 0 0.1
v 0.6 -0.1 0.1
v 0.7 -0.1 0.1
v 0.7 0 0.1
v 0.6 -0.1 0
v 0.6 0 0
v 0.7 0 0
v 0.7 -0.1 0
v 0.7 0 0.1
v 0.7 -0.1 0.1
v 0.8 -0.1 0.1
v 0.8 0 0.1
v 0.7 -0.1 0
v 0.7 0 0
v 0.8 0 0
v 0.8 -0.1 0
v 0.8 0 0.1
v 0.8 -0.1 0.1
v 0.9 -0.1 0.1
v 0.9 0 0.1
v 0.8 -0.1 0
v 0.8 0 0
v 0.9 0 0
v 0.9 -0.1 0
v 0.9 0 0.1
v 0.9 -0.1 0.1
v 1 -0.1 0.1
v 1 0 0.1
v 0.9 -0.1 0
v 0.9 0 0
v 1 0 0
v 1 -0.1 0
v 1 0 0.1
v 1 -0.1 0.1
v 1.1 -0.1 0.1
v 1.1 0 0.1
v 1 -0.1 0
v 1 0 0
v 1.1 0 0
v 1.1 -0.1 0
v 1.2 -0.1 0.1
v 1.2 -0.1 0
v 1.2 0 0
v 1.2 0 0.1
v 1.1 0 0.1
v 1.1 -0.1 0.1
v 1.2 -0.1 0.1
v 1.2 0 0.1
v 1.1 -0.1 0
v 1.1 0 0
v 1.2 0 0
v 1.2 -0.1 0
v -1.2 -0.1 0.1
v -1.2 -0.1 0
v -1.2 -0.2 0
v -1.2 -0.2 0.1
v -1.2 -0.1 0.1
v -1.2 -0.2 0.1
v -1.1 -0.2 0.1
v -1.1 -0.1 0.1
v -1.2 -0.2 0
v -1.2 -0.1 0
v -1.1 -0.1 0
v -1.1 -0.2 0
v -1.1 -0.1 0.1
v -1.1 -0.2 0.1
v -1 -0.2 0.1
v -1 -0.1 0.1
v -1.1 -0.2 0
v -1.1 -0.1 0
v -1 -0.1 0
v -1 -0.2 0
v -1 -0.1 0.1
v -1 -0.2 0.1
v -0.9 -0.2 0.1
v -0.9 -0.1 0.1
v -1 -0.2 0
v -1 -0.1 0
v -0.9 -0.1 0
v -0.9 -0.2 0
v -0.9 -0.1 0.1
v -0.9 -0.2 0.1
v -0.8 -0.2 0.1
v -0.8 -0.1 0.1
v -0.9 -0.2 0
v -0.9 -0.1 0
v -0.8 -0.1 0
v -0.8 -0.2 0
v -0.8 -0.1 0.1
v -0.8 -0.2 0.1
v -0.7 -0.2 0.1
v -0.7 -0.1 0.1
v -0.8 -0.2 0
v -0.8 -0.1 0
v -0.7 -0.1 0
v -0.7 -0.2 0
v -0.7 -0.1 0.1
v -0.7 -0.2 0.1
v -0.6 -0.2 0.1
v -0.6 -0.1 0.1
v -0.7 -0.2 0
v -0.7 -0.1 0
v -0.6 -0.1 0
v -0.6 -0.2 0
v -0.6 -0.1 0.1
v -0.6 -0.2 0.1
v -0.5 -0.2 0.1
v -0.5 -0.1 0.1
v -0.6 -0.2 0
v -0.6 -0.1 0
v -0.5 -0.1 0
v -0.5 -0.2 0
v -0.5 -0.1 0.1
v -0.5 -0.2 0.1
v -0.4 -0.2 0.1
v -0.4 -0.1 0.1
v -0.5 -0.2 0
v -0.5 -0.1 0
v -0.4 -0.1 0
v -0.4 -0.2 0
v -0.4 -0.1 0.1
v -0.4 -0.2 0.1
v -0.3 -0.2 0.1
v -0.3 -0.1 0.1
v -0.4 -0.2 0
v -0.4 -0.1 0
v -0.3 -0.1 0
v -0.3 -0.2 0
v -0.3 -0.1 0.1
v -0.3 -0.2 0.1
v -0.2 -0.2 0.1
v -0.2 -0.1 0.1
v -0.3 -0.2 0
v -0.3 -0.1 0
v -0.2 -0.1 0
v -0.2 -0.2 0
v -0.2 -0.1 0.1
v -0.2 -0.2 0.1
v -0.1 -0.2 0.1
v -0.1 -0.1 0.1
v -0.2 -0.2 0
v -0.2 -0.1 0
v -0.1 -0.1 0
v -0.1 -0.2 0
v -0.1 -0.1 0.1
v -0.1 -0.2 0.1
v 0 -0.2 0.1
v 0 -0.1 0.1
v -0.1 -0.2 0
v -0.1 -0.1 0
v 0 -0.1 0
v 0 -0.2 0
v 0 -0.1 0.1
v 0 -0.2 0.1
v 0.1 -0.2 0.1
v 0.1 -0.1 0.1
v 0 -0.2 0
v 0 -0.1 0
v 0.1 -0.1 0
v 0.1 -0.2 0
v 0.1 -0.1 0.1
v 0.1 -0.2 0.1
v 0.2 -0.2 0.1
v 0.2 -0.1 0.1
v 0.1 -0.2 0
v 0.1 -0.1 0
v 0.2 -0.1 0
v 0.2 -0.2 0
v 0.2 -0.1 0.1
v 0.2 -0.2 0.1
v 0.3 -0.2 0.1
v 0.3 -0.1 0.1
v 0.2 -0.2 0
v 0.2 -0.1 0
v 0.3 -0.1 0
v 0.3 -0.2 0
v 0.3 -0.1 0.1
v 0.3 -0.2 0.1
v 0.4 -0.2 0.1
v 0.4 -0.1 0.1
v 0.3 -0.2 0
v 0.3 -0.1 0
v 0.4 -0.1 0
v 0.4 -0.2 0
v 0.4 -0.1 0.1
v 0.4 -0.2 0.1
v 0.5 -0.2 0.1
v 0.5 -0.1 0.1
v 0.4 -0.2 0
v 0.4 -0.1 0
v 0.5 -0.1 0
v 0.5 -0.2 0
v 0.5 -0.1 0.1
v 0.5 -0.2 0.1
v 0.6 -0.2 0.1
v 0.6 -0.1 0.1
v 0.5 -0.2 0
v 0.5 -0.1 0
v 0.6 -0.1 0
v 0.6 -0.2 0
v 0.6 -0.1 0.1
v 0.6 -0.2 0.1
v 0.7 -0.2 0.1
v 0.7 -0.1 0.1
v 0.6 -0.2 0
v 0.6 -0.1 0
v 0.7 -0.1 0
v 0.7 -0.2 0
v 0.7 -0.1 0.1
v 0.7 -0.2 0.1
v 0.8 -0.2 0.1
v 0.8 -0.1 0.1
v 0.7 -0.2 0
v 0.7 -0.1 0
v 0.8 -0.1 0
v 0.8 -0.2 0
v 0.8 -0.1 0.1
v 0.8 -0.2 0.1
v 0.9 -0.2 0.1
v 0.9 -0.1 0.1
v 0.8 -0.2 0
v 0.8 -0.1 0
v 0.9 -0.1 0
v 0.9 -0.2 0
v 0.9 -0.1 0.1
v 0.9 -0.2 0.1
v 1 -0.2 0.1
v 1 -0.1 0.1
v 0.9 -0.2 0
v 0.9 -0.1 0
v 1 -0.1 0
v 1 -0.2 0
v 1 -0.1 0.1
v 1 -0.2 0.1
v 1.1 -0.2 0.1
v 1.1 -0.1 0.1
v 1 -0.2 0
v 1 -0.1 0
v 1.1 -0.1 0
v 1.1 -0.2 0
v 1.2 -0.2 0.1
v 1.2 -0.2 0
v 1.2 -0.1 0
v 1.2 -0.1 0.1
v 1.1 -0.1 0.1
v 1.1 -0.2 0.1
v 1.2 -0.2 0.1
v 1.2 -0.1 0.1
v 1.1 -0.2 0
v 1.1 -0.1 0
v 1.2 -0.1 0
v 1.2 -0.2 0
v -1.2 -0.2 0.1
v -1.2 -0.2 0
v -1.2 -0.3 0
v -1.2 -0.3 0.1
v -1.2 -0.2 0.1
v -1.2 -0.3 0.1
v -1.1 -0.3 0.1
v -1.1 -0.2 0.1
v -1.2 -0.3 0
v -1.2 -0.2 0
v -1.1 -0.2 0
v -1.1 -0.3 0
v -1.1 -0.2 0.1
v -1.1 -0.3 0.1
v -1 -0.3 0.1
v -1 -0.2 0.1
v -1.1 -0.3 0
v -1.1 -0.2 0
v -1 -0.2 0
v -1 -0.3 0
v -1 -0.2 0.1
v -1 -0.3 0.1
v -0.9 -0.3 0.1
v -0.9 -0.2 0.1
v -1 -0.3 0
v -1 -0.2 0
v -0.9 -0.2 0
v -0.9 -0.3 0
v -0.9 -0.2 0.1
v -0.9 -0.3 0.1
v -0.8 -0.3 0.1
v -0.8 -0.2 0.1
v -0.9 -0.3 0
v -0.9 -0.2 0
v -0.8 -0.2 0
v -0.8 -0.3 0
v -0.8 -0.2 0.1
v -0.8 -0.3 0.1
v -0.7 -0.3 0.1
v -0.7 -0.2 0.1
v -0.8 -0.3 0
v -0.8 -0.2 0
v -0.7 -0.2 0
v -0.7 -0.3 0
v -0.7 -0.2 0.1
v -0.7 -0.3 0.1
v -0.6 -0.3 0.1
v -0.6 -0.2 0.1
v -0.7 -0.3 0
v -0.7 -0.2 0
v -0.6 -0.2 0
v -0.6 -0.3 0
v -0.6 -0.2 0.1
v -0.6 -0.3 0.1
v -0.5 -0.3 0.1
v -0.5 -0.2 0.1
v -0.6 -0.3 0
v -0.6 -0.2 0
v -0.5 -0.2 0
v -0.5 -0.3 0
v -0.5 -0.2 0.1
v -0.5 -0.3 0.1
v -0.4 -0.3 0.1
v -0.4 -0.2 0.1
v -0.5 -0.3 0
v -0.5 -0.2 0
v -0.4 -0.2 0
v -0.4 -0.3 0
v -0.4 -0.2 0.1
v -0.4 -0.3 0.1
v -0.3 -0.3 0.1
v -0.3 -0.2 0.1
v -0.4 -0.3 0
v -0.4 -0.2 0
v -0.3 -0.2 0
v -0.3 -0.3 0
v -0.3 -0.2 0.1
v -0.3 -0.3 0.1
v -0.2 -0.3 0.1
v -0.2 -0.2 0.1
v -0.3 -0.3 0
v -0.3 -0.2 0
v -0.2 -0.2 0
v -0.2 -0.3 0
v -0.2 -0.2 0.1
v -0.2 -0.3 0.1
v -0.1 -0.3 0.1
v -0.1 -0.2 0.1
v -0.2 -0.3 0
v -0.2 -0.2 0
v -0.1 -0.2 0
v -0.1 -0.3 0
v -0.1 -0.2 0.1
v -0.1 -0.3 0.1
v 0 -0.3 0.1
v 0 -0.2 0.1
v -0.1 -0.3 0
v -0.1 -0.2 0
v 0 -0.2 0
v 0 -0.3 0
v 0 -0.2 0.1
v 0 -0.3 0.1
v 0.1 -0.3 0.1
v 0.1 -0.2 0.1
v 0 -0.3 0
v 0 -0.2 0
v 0.1 -0.2 0
v 0.1 -0.3 0
v 0.1 -0.2 0.1
v 0.1 -0.3 0.1
v 0.2 -0.3 0.1
v 0.2 -0.2 0.1
v 0.1 -0.3 0
v 0.1 -0.2 0
v 0.2 -0.2 0
v 0.2 -0.3 0
v 0.2 -0.2 0.1
v 0.2 -0.3 0.1
v 0.3 -0.3 0.1
v 0.3 -0.2 0.1
v 0.2 -0.3 0
v 0.2 -0.2 0
v 0.3 -0.2 0
v 0.3 -0.3 0
v 0.3 -0.2 0.1
v 0.3 -0.3 0.1
v 0.4 -0.3 0.1
v 0.4 -0.2 0.1
v 0.3 -0.3 0
v 0.3 -0.2 0
v 0.4 -0.2 0
v 0.4 -0.3 0
v 0.4 -0.2 0.1
v 0.4 -0.3 0.1
v 0.5 -0.3 0.1
v 0.5 -0.2 0.1
v 0.4 -0.3 0
v 0.4 -0.2 0
v 0.5 -0.2 0
v 0.5 -0.3 0
v 0.5 -0.2 0.1
v 0.5 -0.3 0.1
v 0.6 -0.3 0.1
v 0.6 -0.2 0.1
v 0.5 -0.3 0
v 0.5 -0.2 0
v 0.6 -0.2 0
v 0.6 -0.3 0
v 0.6 -0.2 0.1
v 0.6 -0.3 0.1
v 0.7 -0.3 0.1
v 0.7 -0.2 0.1
v 0.6 -0.3 0
v 0.6 -0.2 0
v 0.7 -0.2 0
v 0.7 -0.3 0
v 0.7 -0.2 0.1
v 0.7 -0.3 0.1
v 0.8 -0.3 0.1
v 0.8 -0.2 0.1
v 0.7 -0.3 0
v 0.7 -0.2 0
v 0.8 -0.2 0
v 0.8 -0.3 0
v 0.8 -0.2 0.1
v 0.8 -0.3 0.1
v 0.9 -0.3 0.1
v 0.9 -0.2 0.1
v 0.8 -0.3 0
v 0.8 -0.2 0
v 0.9 -0.2 0
v 0.9 -0.3 0
v 0.9 -0.2 0.1
v 0.9 -0.3 0.1
v 1 -0.3 0.1
v 1 -0.2 0.1
v 0.9 -0.3 0
v 0.9 -0.2 0
v 1 -0.2 0
v 1 -0.3 0
v 1 -0.2 0.1
v 1 -0.3 0.1
v 1.1 -0.3 0.1
v 1.1 -0.2 0.1
v 1 -0.3 0
v 1 -0.2 0
v 1.1 -0.2 0
v 1.1 -0.3 0
v 1.2 -0.3 0.1
v 1.2 -0.3 0
v 1.2 -0.2 0
v 1.2 -0.2 0.1
v 1.1 -0.2 0.1
v 1.1 -0.3 0.1
v 1.2 -0.3 0.1
v 1.2 -0.2 0.1
v 1.1 -0.3 0
v 1.1 -0.2 0
v 1.2 -0.2 0
v 1.2 -0.3 0
v -1.2 -0.3 0.1
v -1.2 -0.3 0
v -1.2 -0.4 0
v -1.2 -0.4 0.1
v -1.2 -0.3 0.1
v -1.2 -0.4 0.1
v -1.1 -0.4 0.1
v -1.1 -0.3 0.1
v -1.2 -0.4 0
v -1.2 -0.3 0
v -1.1 -0.3 0
v -1.1 -0.4 0
v -1.1 -0.3 0.1
v -1.1 -0.4 0.1
v -1 -0.4 0.1
v -1 -0.3 0.1
v -1.1 -0.4 0
v -1.1 -0.3 0
v -1 -0.3 0
v -1 -0.4 0
v -1 -0.3 0.1
v -1 -0.4 0.1
v -0.9 -0.4 0.1
v -0.9 -0.3 0.1
v -1 -0.4 0
v -1 -0.3 0
v -0.9 -0.3 0
v -0.9 -0.4 0
v -0.9 -0.3 0.1
v -0.9 -0.4 0.1
v -0.8 -0.4 0.1
v -0.8 -0.3 0.1
v -0.9 -0.4 0
v -0.9 -0.3 0
v -0.8 -0.3 0
v -0.8 -0.4 0
v -0.8 -0.3 0.1
v -0.8 -0.4 0.1
v -0.7 -0.4 0.1
v -0.7 -0.3 0.1
v -0.8 -0.4 0
v -0.8 -0.3 0
v -0.7 -0.3 0
v -0.7 -0.4 0
v -0.7 -0.3 0.1
v -0.7 -0.4 0.1
v -0.6 -0.4 0.1
v -0.6 -0.3 0.1
v -0.7 -0.4 0
v -0.7 -0.3 0
v -0.6 -0.3 0
v -0.6 -0.4 0
v -0.6 -0.3 0.1
v -0.6 -0.4 0.1
v -0.5 -0.4 0.1
v -0.5 -0.3 0.1
v -0.6 -0.4 0
v -0.6 -0.3 0
v -0.5 -0.3 0
v -0.5 -0.4 0
v -0.5 -0.3 0.1
v -0.5 -0.4 0.1
v -0.4 -0.4 0.1
v -0.4 -0.3 0.1
v -0.5 -0.4 0
v -0.5 -0.3 0
v -0.4 -0.3 0
v -0.4 -0.4 0
v -0.4 -0.3 0.1
v -0.4 -0.4 0.1
v -0.3 -0.4 0.1
v -0.3 -0.3 0.1
v -0.4 -0.4 0
v -0.4 -0.3 0
v -0.3 -0.3 0
v -0.3 -0.4 0
v -0.3 -0.3 0.1
v -0.3 -0.4 0.1
v -0.2 -0.4 0.1
v -0.2 -0.3 0.1
v -0.3 -0.4 0
v -0.3 -0.3 0
v -0.2 -0.3 0
v -0.2 -0.4 0
v -0.2 -0.3 0.1
v -0.2 -0.4 0.1
v -0.1 -0.4 0.1
v -0.1 -0.3 0.1
v -0.2 -0.4 0
v -0.2 -0.3 0
v -0.1 -0.3 0
v -0.1 -0.4 0
v -0.1 -0.3 0.1
v -0.1 -0.4 0.1
v 0 -0.4 0.1
v 0 -0.3 0.1
v -0.1 -0.4 0
v -0.1 -0.3 0
v 0 -0.3 0
v 0 -0.4 0
v 0 -0.3 0.1
v 0 -0.4 0.1
v 0.1 -0.4 0.1
v 0.1 -0.3 0.1
v 0 -0.4 0
v 0 -0.3 0
v 0.1 -0.3 0
v 0.1 -0.4 0
v 0.1 -0.3 0.1
v 0.1 -0.4 0.1
v 0.2 -0.4 0.1
v 0.2 -0.3 0.1
v 0.1 -0.4 0
v 0.1 -0.3 0
v 0.2 -0.3 0
v 0.2 -0.4 0
v 0.2 -0.3 0.1
v 0.2 -0.4 0.1
v 0.3 -0.4 0.1
v 0.3 -0.3 0.1
v 0.2 -0.4 0
v 0.2 -0.3 0
v 0.3 -0.3 0
v 0.3 -0.4 0
v 0.3 -0.3 0.1
v 0.3 -0.4 0.1
v 0.4 -0.4 0.1
v 0.4 -0.3 0.1
v 0.3 -0.4 0
v 0.3 -0.3 0
v 0.4 -0.3 0
v 0.4 -0.4 0
v 0.4 -0.3 0.1
v 0.4 -0.4 0.1
v 0.5 -0.4 0.1
v 0.5 -0.3 0.1
v 0.4 -0.4 0
v 0.4 -0.3 0
v 0.5 -0.3 0
v 0.5 -0.4 0
v 0.5 -0.3 0.1
v 0.5 -0.4 0.1
v 0.6 -0.4 0.1
v 0.6 -0.3 0.1
v 0.5 -0.4 0
v 0.5 -0.3 0
v 0.6 -0.3 0
v 0.6 -0.4 0
v 0.6 -0.3 0.1
v 0.6 -0.4 0.1
v 0.7 -0.4 0.1
v 0.7 -0.3 0.1
v 0.6 -0.4 0
v 0.6 -0.3 0
v 0.7 -0.3 0
v 0.7 -0.4 0
v 0.7 -0.3 0.1
v 0.7 -0.4 0.1
v 0.8 -0.4 0.1
v 0.8 -0.3 0.1
v 0.7 -0.4 0
v 0.7 -0.3 0
v 0.8 -0.3 0
v 0.8 -0.4 0
v 0.8 -0.3 0.1
v 0.8 -0.4 0.1
v 0.9 -0.4 0.1
v 0.9 -0.3 0.1
v 0.8 -0.4 0
v 0.8 -0.3 0
v 0.9 -0.3 0
v 0.9 -0.4 0
v 0.9 -0.3 0.1
v 0.9 -0.4 0.1
v 1 -0.4 0.1
v 1 -0.3 0.1
v 0.9 -0.4 0
v 0.9 -0.3 0
v 1 -0.3 0
v 1 -0.4 0
v 1 -0.3 0.1
v 1 -0.4 0.1
v 1.1 -0.4 0.1
v 1.1 -0.3 0.1
v 1 -0.4 0
v 1 -0.3 0
v 1.1 -0.3 0
v 1.1 -0.4 0
v 1.2 -0.4 0.1
v 1.2 -0.4 0
v 1.2 -0.3 0
v 1.2 -0.3 0.1
v 1.1 -0.3 0.1
v 1.1 -0.4 0.1
v 1.2 -0.4 0.1
v 1.2 -0.3 0.1
v 1.1 -0.4 0
v 1.1 -0.3 0
v 1.2 -0.3 0
v 1.2 -0.4 0
v -1.2 -0.4 0.1
v -1.2 -0.4 0
v -1.2 -0.5 0
v -1.2 -0.5 0.1
v -1.2 -0.4 0.1
v -1.2 -0.5 0.1
v -1.1 -0.5 0.1
v -1.1 -0.4 0.1
v -1.2 -0.5 0
v -1.2 -0.4 0
v -1.1 -0.4 0
v -1.1 -0.5 0
v -1.1 -0.4 0.1
v -1.1 -0.5 0.1
v -1 -0.5 0.1
v -1 -0.4 0.1
v -1.1 -0.5 0
v -1.1 -0.4 0
v -1 -0.4 0
v -1 -0.5 0
v -1 -0.4 0.1
v -1 -0.5 0.1
v -0.9 -0.5 0.1
v -0.9 -0.4 0.1
v -1 -0.5 0
v -1 -0.4 0
v -0.9 -0.4 0
v -0.9 -0.5 0
v -0.9 -0.4 0.1
v -0.9 -0.5 0.1
v -0.8 -0.5 0.1
v -0.8 -0.4 0.1
v -0.9 -0.5 0
v -0.9 -0.4 0
v -0.8 -0.4 0
v -0.8 -0.5 0
v -0.8 -0.4 0.1
v -0.8 -0.5 0.1
v -0.7 -0.5 0.1
v -0.7 -0.4 0.1
v -0.8 -0.5 0
v -0.8 -0.4 0
v -0.7 -0.4 0
v -0.7 -0.5 0
v -0.7 -0.4 0.1
v -0.7 -0.5 0.1
v -0.6 -0.5 0.1
v -0.6 -0.4 0.1
v -0.7 -0.5 0
v -0.7 -0.4 0
v -0.6 -0.4 0
v -0.6 -0.5 0
v -0.6 -0.4 0.1
v -0.6 -0.5 0.1
v -0.5 -0.5 0.1
v -0.5 -0.4 0.1
v -0.6 -0.5 0
v -0.6 -0.4 0
v -0.5 -0.4 0
v -0.5 -0.5 0
v -0.5 -0.4 0.1
v -0.5 -0.5 0.1
v -0.4 -0.5 0.1
v -0.4 -0.4 0.1
v -0.5 -0.5 0
v -0.5 -0.4 0
v -0.4 -0.4 0
v -0.4 -0.5 0
v -0.4 -0.4 0.1
v -0.4 -0.5 0.1
v -0.3 -0.5 0.1
v -0.3 -0.4 0.1
v -0.4 -0.5 0
v -0.4 -0.4 0
v -0.3 -0.4 0
v -0.3 -0.5 0
v -0.3 -0.4 0.1
v -0.3 -0.5 0.1
v -0.2 -0.5 0.1
v -0.2 -0.4 0.1
v -0.3 -0.5 0
v -0.3 -0.4 0
v -0.2 -0.4 0
v -0.2 -0.5 0
v -0.2 -0.4 0.1
v -0.2 -0.5 0.1
v -0.1 -0.5 0.1
v -0.1 -0.4 0.1
v -0.2 -0.5 0
v -0.2 -0.4 0
v -0.1 -0.4 0
v -0.1 -0.5 0
v -0.1 -0.4 0.1
v -0.1 -0.5 0.1
v 0 -0.5 0.1
v 0 -0.4 0.1
v -0.1 -0.5 0
v -0.1 -0.4 0
v 0 -0.4 0
v 0 -0.5 0
v 0 -0.4 0.1
v 0 -0.5 0.1
v 0.1 -0.5 0.1
v 0.1 -0.4 0.1
v 0 -0.5 0
v 0 -0.4 0
v 0.1 -0.4 0
v 0.1 -0.5 0
v 0.1 -0.4 0.1
v 0.1 -0.5 0.1
v 0.2 -0.5 0.1
v 0.2 -0.4 0.1
v 0.1 -0.5 0
v 0.1 -0.4 0
v 0.2 -0.4 0
v 0.2 -0.5 0
v 0.2 -0.4 0.1
v 0.2 -0.5 0.1
v 0.3 -0.5 0.1
v 0.3 -0.4 0.1
v 0.2 -0.5 0
v 0.2 -0.4 0
v 0.3 -0.4 0
v 0.3 -0.5 0
v 0.3 -0.4 0.1
v 0.3 -0.5 0.1
v 0.4 -0.5 0.1
v 0.4 -0.4 0.1
v 0.3 -0.5 0
v 0.3 -0.4 0
v 0.4 -0.4 0
v 0.4 -0.5 0
v 0.4 -0.4 0.1
v 0.4 -0.5 0.1
v 0.5 -0.5 0.1
v 0.5 -0.4 0.1
v 0.4 -0.5 0
v 0.4 -0.4 0
v 0.5 -0.4 0
v 0.5 -0.5 0
v 0.5 -0.4 0.1
v 0.5 -0.5 0.1
v 0.6 -0.5 0.1
v 0.6 -0.4 0.1
v 0.5 -0.5 0
v 0.5 -0.4 0
v 0.6 -0.4 0
v 0.6 -0.5 0
v 0.6 -0.4 0.1
v 0.6 -0.5 0.1
v 0.7 -0.5 0.1
v 0.7 -0.4 0.1
v 0.6 -0.5 0
v 0.6 -0.4 0
v 0.7 -0.4 0
v 0.7 -0.5 0
v 0.7 -0.4 0.1
v 0.7 -0.5 0.1
v 0.8 -0.5 0.1
v 0.8 -0.4 0.1
v 0.7 -0.5 0
v 0.7 -0.4 0
v 0.8 -0.4 0
v 0.8 -0.5 0
v 0.8 -0.4 0.1
v 0.8 -0.5 0.1
v 0.9 -0.5 0.1
v 0.9 -0.4 0.1
v 0.8 -0.5 0
v 0.8 -0.4 0
v 0.9 -0.4 0
v 0.9 -0.5 0
v 0.9 -0.4 0.1
v 0.9 -0.5 0.1
v 1 -0.5 0.1
v 1 -0.4 0.1
v 0.9 -0.5 0
v 0.9 -0.4 0
v 1 -0.4 0
v 1 -0.5 0
v 1 -0.4 0.1
v 1 -0.5 0.1
v 1.1 -0.5 0.1
v 1.1 -0.4 0.1
v 1 -0.5 0
v 1 -0.4 0
v 1.1 -0.4 0
v 1.1 -0.5 0
v 1.2 -0.5 0.1
v 1.2 -0.5 0
v 1.2 -0.4 0
v 1.2 -0.4 0.1
v 1.1 -0.4 0.1
v 1.1 -0.5 0.1
v 1.2 -0.5 0.1
v 1.2 -0.4 0.1
v 1.1 -0.5 0
v 1.1 -0.4 0
v 1.2 -0.4 0
v 1.2 -0.5 0
v -1.2 -0.5 0.1
v -1.2 -0.5 0
v -1.2 -0.6 0
v -1.2 -0.6 0.1
v -1.2 -0.5 0.1
v -1.2 -0.6 0.1
v -1.1 -0.6 0.1
v -1.1 -0.5 0.1
v -1.2 -0.6 0
v -1.2 -0.5 0
v -1.1 -0.5 0
v -1.1 -0.6 0
v -1.1 -0.5 0.1
v -1.1 -0.6 0.1
v -1 -0.6 0.1
v -1 -0.5 0.1
v -1.1 -0.6 0
v -1.1 -0.5 0
v -1 -0.5 0
v -1 -0.6 0
v -1 -0.5 0.1
v -1 -0.6 0.1
v -0.9 -0.6 0.1
v -0.9 -0.5 0.1
v -1 -0.6 0
v -1 -0.5 0
v -0.9 -0.5 0
v -0.9 -0.6 0
v -0.9 -0.5 0.1
v -0.9 -0.6 0.1
v -0.8 -0.6 0.1
v -0.8 -0.5 0.1
v -0.9 -0.6 0
v -0.9 -0.5 0
v -0.8 -0.5 0
v -0.8 -0.6 0
v -0.8 -0.5 0.1
v -0.8 -0.6 0.1
v -0.7 -0.6 0.1
v -0.7 -0.5 0.1
v -0.8 -0.6 0
v -0.8 -0.5 0
v -0.7 -0.5 0
v -0.7 -0.6 0
v -0.7 -0.5 0.1
v -0.7 -0.6 0.1
v -0.6 -0.6 0.1
v -0.6 -0.5 0.1
v -0.7 -0.6 0
v -0.7 -0.5 0
v -0.6 -0.5 0
v -0.6 -0.6 0
v -0.6 -0.5 0.1
v -0.6 -0.6 0.1
v -0.5 -0.6 0.1
v -0.5 -0.5 0.1
v -0.6 -0.6 0
v -0.6 -0.5 0
v -0.5 -0.5 0
v -0.5 -0.6 0
v -0.5 -0.5 0.1
v -0.5 -0.6 0.1
v -0.4 -0.6 0.1
v -0.4 -0.5 0.1
v -0.5 -0.6 0
v -0.5 -0.5 0
v -0.4 -0.5 0
v -0.4 -0.6 0
v -0.4 -0.5 0.1
v -0.4 -0.6 0.1
v -0.3 -0.6 0.1
v -0.3 -0.5 0.1
v -0.4 -0.6 0
v -0.4 -0.5 0
v -0.3 -0.5 0
v -0.3 -0.6 0
v -0.3 -0.5 0.1
v -0.3 -0.6 0.1
v -0.2 -0.6 0.1
v -0.2 -0.5 0.1
v -0.3 -0.6 0
v -0.3 -0.5 0
v -0.2 -0.5 0
v -0.2 -0.6 0
v -0.2 -0.5 0.1
v -0.2 -0.6 0.1
v -0.1 -0.6 0.1
v -0.1 -0.5 0.1
v -0.2 -0.6 0
v -0.2 -0.5 0
v -0.1 -0.5 0
v -0.1 -0.6 0
v -0.1 -0.5 0.1
v -0.1 -0.6 0.1
v 0 -0.6 0.1
v 0 -0.5 0.1
v -0.1 -0.6 0
v -0.1 -0.5 0
v 0 -0.5 0
v 0 -0.6 0
v 0 -0.5 0.1
v 0 -0.6 0.1
v 0.1 -0.6 0.1
v 0.1 -0.5 0.1
v 0 -0.6 0
v 0 -0.5 0
v 0.1 -0.5 0
v 0.1 -0.6 0
v 0.1 -0.5 0.1
v 0.1 -0.6 0.1
v 0.2 -0.6 0.1
v 0.2 -0.5 0.1
v 0.1 -0.6 0
v 0.1 -0.5 0
v 0.2 -0.5 0
v 0.2 -0.6 0
v 0.2 -0.5 0.1
v 0.2 -0.6 0.1
v 0.3 -0.6 0.1
v 0.3 -0.5 0.1
v 0.2 -0.6 0
v 0.2 -0.5 0
v 0.3 -0.5 0
v 0.3 -0.6 0
v 0.3 -0.5 0.1
v 0.3 -0.6 0.1
v 0.4 -0.6 0.1
v 0.4 -0.5 0.1
v 0.3 -0.6 0
v 0.3 -0.5 0
v 0.4 -0.5 0
v 0.4 -0.6 0
v 0.4 -0.5 0.1
v 0.4 -0.6 0.1
v 0.5 -0.6 0.1
v 0.5 -0.5 0.1
v 0.4 -0.6 0
v 0.4 -0.5 0
v 0.5 -0.5 0
v 0.5 -0.6 0
v 0.5 -0.5 0.1
v 0.5 -0.6 0.1
v 0.6 -0.6 0.1
v 0.6 -0.5 0.1
v 0.5 -0.6 0
v 0.5 -0.5 0
v 0.6 -0.5 0
v 0.6 -0.6 0
v 0.6 -0.5 0.1
v 0.6 -0.6 0.1
v 0.7 -0.6 0.1
v 0.7 -0.5 0.1
v 0.6 -0.6 0
v 0.6 -0.5 0
v 0.7 -0.5 0
v 0.7 -0.6 0
v 0.7 -0.5 0.1
v 0.7 -0.6 0.1
v 0.8 -0.6 0.1
v 0.8 -0.5 0.1
v 0.7 -0.6 0
v 0.7 -0.5 0
v 0.8 -0.5 0
v 0.8 -0.6 0
v 0.8 -0.5 0.1
v 0.8 -0.6 0.1
v 0.9 -0.6 0.1
v 0.9 -0.5 0.1
v 0.8 -0.6 0
v 0.8 -0.5 0
v 0.9 -0.5 0
v 0.9 -0.6 0
v 0.9 -0.5 0.1
v 0.9 -0.6 0.1
v 1 -0.6 0.1
v 1 -0.5 0.1
v 0.9 -0.6 0
v 0.9 -0.5 0
v 1 -0.5 0
v 1 -0.6 0
v 1 -0.5 0.1
v 1 -0.6 0.1
v 1.1 -0.6 0.1
v 1.1 -0.5 0.1
v 1 -0.6 0
v 1 -0.5 0
v 1.1 -0.5 0
v 1.1 -0.6 0
v 1.2 -0.6 0.1
v 1.2 -0.6 0
v 1.2 -0.5 0
v 1.2 -0.5 0.1
v 1.1 -0.5 0.1
v 1.1 -0.6 0.1
v 1.2 -0.6 0.1
v 1.2 -0.5 0.1
v 1.1 -0.6 0
v 1.1 -0.5 0
v 1.2 -0.5 0
v 1.2 -0.6 0
v -1.2 -0.6 0.1
v -1.2 -0.6 0
v -1.2 -0.7 0
v -1.2 -0.7 0.1
v -1.2 -0.6 0.1
v -1.2 -0.7 0.1
v -1.1 -0.7 0.1
v -1.1 -0.6 0.1
v -1.2 -0.7 0
v -1.2 -0.6 0
v -1.1 -0.6 0
v -1.1 -0.7 0
v -1.1 -0.6 0.1
v -1.1 -0.7 0.1
v -1 -0.7 0.1
v -1 -0.6 0.1
v -1.1 -0.7 0
v -1.1 -0.6 0
v -1 -0.6 0
v -1 -0.7 0
v -1 -0.6 0.1
v -1 -0.7 0.1
v -0.9 -0.7 0.1
v -0.9 -0.6 0.1
v -1 -0.7 0
v -1 -0.6 0
v -0.9 -0.6 0
v -0.9 -0.7 0
v -0.9 -0.6 0.1
v -0.9 -0.7 0.1
v -0.8 -0.7 0.1
v -0.8 -0.6 0.1
v -0.9 -0.7 0
v -0.9 -0.6 0
v -0.8 -0.6 0
v -0.8 -0.7 0
v -0.8 -0.6 0.1
v -0.8 -0.7 0.1
v -0.7 -0.7 0.1
v -0.7 -0.6 0.1
v -0.8 -0.7 0
v -0.8 -0.6 0
v -0.7 -0.6 0
v -0.7 -0.7 0
v -0.7 -0.6 0.1
v -0.7 -0.7 0.1
v -0.6 -0.7 0.1
v -0.6 -0.6 0.1
v -0.7 -0.7 0
v -0.7 -0.6 0
v -0.6 -0.6 0
v -0.6 -0.7 0
v -0.6 -0.6 0.1
v -0.6 -0.7 0.1
v -0.5 -0.7 0.1
v -0.5 -0.6 0.1
v -0.6 -0.7 0
v -0.6 -0.6 0
v -0.5 -0.6 0
v -0.5 -0.7 0
v -0.5 -0.6 0.1
v -0.5 -0.7 0.1
v -0.4 -0.7 0.1
v -0.4 -0.6 0.1
v -0.5 -0.7 0
v -0.5 -0.6 0
v -0.4 -0.6 0
v -0.4 -0.7 0
v -0.4 -0.6 0.1
v -0.4 -0.7 0.1
v -0.3 -0.7 0.1
v -0.3 -0.6 0.1
v -0.4 -0.7 0
v -0.4 -0.6 0
v -0.3 -0.6 0
v -0.3 -0.7 0
v -0.3 -0.6 0.1
v -0.3 -0.7 0.1
v -0.2 -0.7 0.1
v -0.2 -0.6 0.1
v -0.3 -0.7 0
v -0.3 -0.6 0
v -0.2 -0.6 0
v -0.2 -0.7 0
v -0.2 -0.6 0.1
v -0.2 -0.7 0.1
v -0.1 -0.7 0.1
v -0.1 -0.6 0.1
v -0.2 -0.7 0
v -0.2 -0.6 0
v -0.1 -0.6 0
v -0.1 -0.7 0
v -0.1 -0.6 0.1
v -0.1 -0.7 0.1
v 0 -0.7 0.1
v 0 -0.6 0.1
v -0.1 -0.7 0
v -0.1 -0.6 0
v 0 -0.6 0
v 0 -0.7 0
v 0 -0.6 0.1
v 0 -0.7 0.1
v 0.1 -0.7 0.1
v 0.1 -0.6 0.1
v 0 -0.7 0
v 0 -0.6 0
v 0.1 -0.6 0
v 0.1 -0.7 0
v 0.1 -0.6 0.1
v 0.1 -0.7 0.1
v 0.2 -0.7 0.1
v 0.2 -0.6 0.1
v 0.1 -0.7 0
v 0.1 -0.6 0
v 0.2 -0.6 0
v 0.2 -0.7 0
v 0.2 -0.6 0.1
v 0.2 -0.7 0.1
v 0.3 -0.7 0.1
v 0.3 -0.6 0.1
v 0.2 -0.7 0
v 0.2 -0.6 0
v 0.3 -0.6 0
v 0.3 -0.7 0
v 0.3 -0.6 0.1
v 0.3 -0.7 0.1
v 0.4 -0.7 0.1
v 0.4 -0.6 0.1
v 0.3 -0.7 0
v 0.3 -0.6 0
v 0.4 -0.6 0
v 0.4 -0.7 0
v 0.4 -0.6 0.1
v 0.4 -0.7 0.1
v 0.5 -0.7 0.1
v 0.5 -0.6 0.1
v 0.4 -0.7 0
v 0.4 -0.6 0
v 0.5 -0.6 0
v 0.5 -0.7 0
v 0.5 -0.6 0.1
v 0.5 -0.7 0.1
v 0.6 -0.7 0.1
v 0.6 -0.6 0.1
v 0.5 -0.7 0
v 0.5 -0.6 0
v 0.6 -0.6 0
v 0.6 -0.7 0
v 0.6 -0.6 0.1
v 0.6 -0.7 0.1
v 0.7 -0.7 0.1
v 0.7 -0.6 0.1
v 0.6 -0.7 0
v 0.6 -0.6 0
v 0.7 -0.6 0
v 0.7 -0.7 0
v 0.7 -0.6 0.1
v 0.7 -0.7 0.1
v 0.8 -0.7 0.1
v 0.8 -0.6 0.1
v 0.7 -0.7 0
v 0.7 -0.6 0
v 0.8 -0.6 0
v 0.8 -0.7 0
v 0.8 -0.6 0.1
v 0.8 -0.7 0.1
v 0.9 -0.7 0.1
v 0.9 -0.6 0.1
v 0.8 -0.7 0
v 0.8 -0.6 0
v 0.9 -0.6 0
v 0.9 -0.7 0
v 0.9 -0.6 0.1
v 0.9 -0.7 0.1
v 1 -0.7 0.1
v 1 -0.6 0.1
v 0.9 -0.7 0
v 0.9 -0.6 0
v 1 -0.6 0
v 1 -0.7 0
v 1 -0.6 0.1
v 1 -0.7 0.1
v 1.1 -0.7 0.1
v 1.1 -0.6 0.1
v 1 -0.7 0
v 1 -0.6 0
v 1.1 -0.6 0
v 1.1 -0.7 0
v 1.2 -0.7 0.1
v 1.2 -0.7 0
v 1.2 -0.6 0
v 1.2 -0.6 0.1
v 1.1 -0.6 0.1
v 1.1 -0.7 0.1
v 1.2 -0.7 0.1
v 1.2 -0.6 0.1
v 1.1 -0.7 0
v 1.1 -0.6 0
v 1.2 -0.6 0
v 1.2 -0.7 0
v -1.2 -0.7 0.1
v -1.2 -0.7 0
v -1.2 -0.8 0
v -1.2 -0.8 0.1
v -1.2 -0.7 0.1
v -1.2 -0.8 0.1
v -1.1 -0.8 0.1
v -1.1 -0.7 0.1
v -1.2 -0.8 0
v -1.2 -0.7 0
v -1.1 -0.7 0
v -1.1 -0.8 0
v -1.1 -0.7 0.1
v -1.1 -0.8 0.1
v -1 -0.8 0.1
v -1 -0.7 0.1
v -1.1 -0.8 0
v -1.1 -0.7 0
v -1 -0.7 0
v -1 -0.8 0
v -1 -0.7 0.1
v -1 -0.8 0.1
v -0.9 -0.8 0.1
v -0.9 -0.7 0.1
v -1 -0.8 0
v -1 -0.7 0
v -0.9 -0.7 0
v -0.9 -0.8 0
v -0.9 -0.7 0.1
v -0.9 -0.8 0.1
v -0.8 -0.8 0.1
v -0.8 -0.7 0.1
v -0.9 -0.8 0
v -0.9 -0.7 0
v -0.8 -0.7 0
v -0.8 -0.8 0
v -0.8 -0.7 0.1
v -0.8 -0.8 0.1
v -0.7 -0.8 0.1
v -0.7 -0.7 0.1
v -0.8 -0.8 0
v -0.8 -0.7 0
v -0.7 -0.7 0
v -0.7 -0.8 0
v -0.7 -0.7 0.1
v -0.7 -0.8 0.1
v -0.6 -0.8 0.1
v -0.6 -0.7 0.1
v -0.7 -0.8 0
v -0.7 -0.7 0
v -0.6 -0.7 0
v -0.6 -0.8 0
v -0.6 -0.7 0.1
v -0.6 -0.8 0.1
v -0.5 -0.8 0.1
v -0.5 -0.7 0.1
v -0.6 -0.8 0
v -0.6 -0.7 0
v -0.5 -0.7 0
v -0.5 -0.8 0
v -0.5 -0.7 0.1
v -0.5 -0.8 0.1
v -0.4 -0.8 0.1
v -0.4 -0.7 0.1
v -0.5 -0.8 0
v -0.5 -0.7 0
v -0.4 -0.7 0
v -0.4 -0.8 0
v -0.4 -0.7 0.1
v -0.4 -0.8 0.1
v -0.3 -0.8 0.1
v -0.3 -0.7 0.1
v -0.4 -0.8 0
v -0.4 -0.7 0
v -0.3 -0.7 0
v -0.3 -0.8 0
v -0.3 -0.7 0.1
v -0.3 -0.8 0.1
v -0.2 -0.8 0.1
v -0.2 -0.7 0.1
v -0.3 -0.8 0
v -0.3 -0.7 0
v -0.2 -0.7 0
v -0.2 -0.8 0
v -0.2 -0.7 0.1
v -0.2 -0.8 0.1
v -0.1 -0.8 0.1
v -0.1 -0.7 0.1
v -0.2 -0.8 0
v -0.2 -0.7 0
v -0.1 -0.7 0
v -0.1 -0.8 0
v -0.1 -0.7 0.1
v -0.1 -0.8 0.1
v 0 -0.8 0.1
v 0 -0.7 0.1
v -0.1 -0.8 0
v -0.1 -0.7 0
v 0 -0.7 0
v 0 -0.8 0
v 0 -0.7 0.1
v 0 -0.8 0.1
v 0.1 -0.8 0.1
v 0.1 -0.7 0.1
v 0 -0.8 0
v 0 -0.7 0
v 0.1 -0.7 0
v 0.1 -0.8 0
v 0.1 -0.7 0.1
v 0.1 -0.8 0.1
v 0.2 -0.8 0.1
v 0.2 -0.7 0.1
v 0.1 -0.8 0
v 0.1 -0.7 0
v 0.2 -0.7 0
v 0.2 -0.8 0
v 0.2 -0.7 0.1
v 0.2 -0.8 0.1
v 0.3 -0.8 0.1
v 0.3 -0.7 0.1
v 0.2 -0.8 0
v 0.2 -0.7 0
v 0.3 -0.7 0
v 0.3 -0.8 0
v 0.3 -0.7 0.1
v 0.3 -0.8 0.1
v 0.4 -0.8 0.1
v 0.4 -0.7 0.1
v 0.3 -0.8 0
v 0.3 -0.7 0
v 0.4 -0.7 0
v 0.4 -0.8 0
v 0.4 -0.7 0.1
v 0.4 -0.8 0.1
v 0.5 -0.8 0.1
v 0.5 -0.7 0.1
v 0.4 -0.8 0
v 0.4 -0.7 0
v 0.5 -0.7 0
v 0.5 -0.8 0
v 0.5 -0.7 0.1
v 0.5 -0.8 0.1
v 0.6 -0.8 0.1
v 0.6 -0.7 0.1
v 0.5 -0.8 0
v 0.5 -0.7 0
v 0.6 -0.7 0
v 0.6 -0.8 0
v 0.6 -0.7 0.1
v 0.6 -0.8 0.1
v 0.7 -0.8 0.1
v 0.7 -0.7 0.1
v 0.6 -0.8 0
v 0.6 -0.7 0
v 0.7 -0.7 0
v 0.7 -0.8 0
v 0.7 -0.7 0.1
v 0.7 -0.8 0.1
v 0.8 -0.8 0.1
v 0.8 -0.7 0.1
v 0.7 -0.8 0
v 0.7 -0.7 0
v 0.8 -0.7 0
v 0.8 -0.8 0
v 0.8 -0.7 0.1
v 0.8 -0.8 0.1
v 0.9 -0.8 0.1
v 0.9 -0.7 0.1
v 0.8 -0.8 0
v 0.8 -0.7 0
v 0.9 -0.7 0
v 0.9 -0.8 0
v 0.9 -0.7 0.1
v 0.9 -0.8 0.1
v 1 -0.8 0.1
v 1 -0.7 0.1
v 0.9 -0.8 0
v 0.9 -0.7 0
v 1 -0.7 0
v 1 -0.8 0
v 1 -0.7 0.1
v 1 -0.8 0.1
v 1.1 -0.8 0.1
v 1.1 -0.7 0.1
v 1 -0.8 0
v 1 -0.7 0
v 1.1 -0.7 0
v 1.1 -0.8 0
v 1.2 -0.8 0.1
v 1.2 -0.8 0
v 1.2 -0.7 0
v 1.2 -0.7 0.1
v 1.1 -0.7 0.1
v 1.1 -0.8 0.1
v 1.2 -0.8 0.1
v 1.2 -0.7 0.1
v 1.1 -0.8 0
v 1.1 -0.7 0
v 1.2 -0.7 0
v 1.2 -0.8 0
v -1.2 -0.8 0.1
v -1.2 -0.8 0
v -1.2 -0.9 0
v -1.2 -0.9 0.1
v -1.2 -0.8 0.1
v -1.2 -0.9 0.1
v -1.1 -0.9 0.1
v -1.1 -0.8 0.1
v -1.2 -0.9 0
v -1.2 -0.8 0
v -1.1 -0.8 0
v -1.1 -0.9 0
v -1.1 -0.8 0.1
v -1.1 -0.9 0.1
v -1 -0.9 0.1
v -1 -0.8 0.1
v -1.1 -0.9 0
v -1.1 -0.8 0
v -1 -0.8 0
v -1 -0.9 0
v -1 -0.8 0.1
v -1 -0.9 0.1
v -0.9 -0.9 0.1
v -0.9 -0.8 0.1
v -1 -0.9 0
v -1 -0.8 0
v -0.9 -0.8 0
v -0.9 -0.9 0
v -0.9 -0.8 0.1
v -0.9 -0.9 0.1
v -0.8 -0.9 0.1
v -0.8 -0.8 0.1
v -0.9 -0.9 0
v -0.9 -0.8 0
v -0.8 -0.8 0
v -0.8 -0.9 0
v -0.8 -0.8 0.1
v -0.8 -0.9 0.1
v -0.7 -0.9 0.1
v -0.7 -0.8 0.1
v -0.8 -0.9 0
v -0.8 -0.8 0
v -0.7 -0.8 0
v -0.7 -0.9 0
v -0.7 -0.8 0.1
v -0.7 -0.9 0.1
v -0.6 -0.9 0.1
v -0.6 -0.8 0.1
v -0.7 -0.9 0
v -0.7 -0.8 0
v -0.6 -0.8 0
v -0.6 -0.9 0
v -0.6 -0.8 0.1
v -0.6 -0.9 0.1
v -0.5 -0.9 0.1
v -0.5 -0.8 0.1
v -0.6 -0.9 0
v -0.6 -0.8 0
v -0.5 -0.8 0
v -0.5 -0.9 0
v -0.5 -0.8 0.1
v -0.5 -0.9 0.1
v -0.4 -0.9 0.1
v -0.4 -0.8 0.1
v -0.5 -0.9 0
v -0.5 -0.8 0
v -0.4 -0.8 0
v -0.4 -0.9 0
v -0.4 -0.8 0.1
v -0.4 -0.9 0.1
v -0.3 -0.9 0.1
v -0.3 -0.8 0.1
v -0.4 -0.9 0
v -0.4 -0.8 0
v -0.3 -0.8 0
v -0.3 -0.9 0
v -0.3 -0.8 0.1
v -0.3 -0.9 0.1
v -0.2 -0.9 0.1
v -0.2 -0.8 0.1
v -0.3 -0.9 0
v -0.3 -0.8 0
v -0.2 -0.8 0
v -0.2 -0.9 0
v -0.2 -0.8 0.1
v -0.2 -0.9 0.1
v -0.1 -0.9 0.1
v -0.1 -0.8 0.1
v -0.2 -0.9 0
v -0.2 -0.8 0
v -0.1 -0.8 0
v -0.1 -0.9 0
v -0.1 -0.8 0.1
v -0.1 -0.9 0.1
v 0 -0.9 0.1
v 0 -0.8 0.1
v -0.1 -0.9 0
v -0.1 -0.8 0
v 0 -0.8 0
v 0 -0.9 0
v 0 -0.8 0.1
v 0 -0.9 0.1
v 0.1 -0.9 0.1
v 0.1 -0.8 0.1
v 0 -0.9 0
v 0 -0.8 0
v 0.1 -0.8 0
v 0.1 -0.9 0
v 0.1 -0.8 0.1
v 0.1 -0.9 0.1
v 0.2 -0.9 0.1
v 0.2 -0.8 0.1
v 0.1 -0.9 0
v 0.1 -0.8 0
v 0.2 -0.8 0
v 0.2 -0.9 0
v 0.2 -0.8 0.1
v 0.2 -0.9 0.1
v 0.3 -0.9 0.1
v 0.3 -0.8 0.1
v 0.2 -0.9 0
v 0.2 -0.8 0
v 0.3 -0.8 0
v 0.3 -0.9 0
v 0.3 -0.8 0.1
v 0.3 -0.9 0.1
v 0.4 -0.9 0.1
v 0.4 -0.8 0.1
v 0.3 -0.9 0
v 0.3 -0.8 0
v 0.4 -0.8 0
v 0.4 -0.9 0
v 0.4 -0.8 0.1
v 0.4 -0.9 0.1
v 0.5 -0.9 0.1
v 0.5 -0.8 0.1
v 0.4 -0.9 0
v 0.4 -0.8 0
v 0.5 -0.8 0
v 0.5 -0.9 0
v 0.5 -0.8 0.1
v 0.5 -0.9 0.1
v 0.6 -0.9 0.1
v 0.6 -0.8 0.1
v 0.5 -0.9 0
v 0.5 -0.8 0
v 0.6 -0.8 0
v 0.6 -0.9 0
v 0.6 -0.8 0.1
v 0.6 -0.9 0.1
v 0.7 -0.9 0.1
v 0.7 -0.8 0.1
v 0.6 -0.9 0
v 0.6 -0.8 0
v 0.7 -0.8 0
v 0.7 -0.9 0
v 0.7 -0.8 0.1
v 0.7 -0.9 0.1
v 0.8 -0.9 0.1
v 0.8 -0.8 0.1
v 0.7 -0.9 0
v 0.7 -0.8 0
v 0.8 -0.8 0
v 0.8 -0.9 0
v 0.8 -0.8 0.1
v 0.8 -0.9 0.1
v 0.9 -0.9 0.1
v 0.9 -0.8 0.1
v 0.8 -0.9 0
v 0.8 -0.8 0
v 0.9 -0.8 0
v 0.9 -0.9 0
v 0.9 -0.8 0.1
v 0.9 -0.9 0.1
v 1 -0.9 0.1
v 1 -0.8 0.1
v 0.9 -0.9 0
v 0.9 -0.8 0
v 1 -0.8 0
v 1 -0.9 0
v 1 -0.8 0.1
v 1 -0.9 0.1
v 1.1 -0.9 0.1
v 1.1 -0.8 0.1
v 1 -0.9 0
v 1 -0.8 0
v 1.1 -0.8 0
v 1.1 -0.9 0
v 1.2 -0.9 0.1
v 1.2 -0.9 0
v 1.2 -0.8 0
v 1.2 -0.8 0.1
v 1.1 -0.8 0.1
v 1.1 -0.9 0.1
v 1.2 -0.9 0.1
v 1.2 -0.8 0.1
v 1.1 -0.9 0
v 1.1 -0.8 0
v 1.2 -0.8 0
v 1.2 -0.9 0
v -1.2 -0.9 0.1
v -1.2 -0.9 0
v -1.2 -1 0
v -1.2 -1 0.1
v -1.2 -0.9 0.1
v -1.2 -1 0.1
v -1.1 -1 0.1
v -1.1 -0.9 0.1
v -1.2 -1 0
v -1.2 -0.9 0
v -1.1 -0.9 0
v -1.1 -1 0
v -1.1 -0.9 0.1
v -1.1 -1 0.1
v -1 -1 0.1
v -1 -0.9 0.1
v -1.1 -1 0
v -1.1 -0.9 0
v -1 -0.9 0
v -1 -1 0
v -1 -0.9 0.1
v -1 -1 0.1
v -0.9 -1 0.1
v -0.9 -0.9 0.1
v -1 -1 0
v -1 -0.9 0
v -0.9 -0.9 0
v -0.9 -1 0
v -0.9 -0.9 0.1
v -0.9 -1 0.1
v -0.8 -1 0.1
v -0.8 -0.9 0.1
v -0.9 -1 0
v -0.9 -0.9 0
v -0.8 -0.9 0
v -0.8 -1 0
v -0.8 -0.9 0.1
v -0.8 -1 0.1
v -0.7 -1 0.1
v -0.7 -0.9 0.1
v -0.8 -1 0
v -0.8 -0.9 0
v -0.7 -0.9 0
v -0.7 -1 0
v -0.7 -0.9 0.1
v -0.7 -1 0.1
v -0.6 -1 0.1
v -0.6 -0.9 0.1
v -0.7 -1 0
v -0.7 -0.9 0
v -0.6 -0.9 0
v -0.6 -1 0
v -0.6 -0.9 0.1
v -0.6 -1 0.1
v -0.5 -1 0.1
v -0.5 -0.9 0.1
v -0.6 -1 0
v -0.6 -0.9 0
v -0.5 -0.9 0
v -0.5 -1 0
v -0.5 -0.9 0.1
v -0.5 -1 0.1
v -0.4 -1 0.1
v -0.4 -0.9 0.1
v -0.5 -1 0
v -0.5 -0.9 0
v -0.4 -0.9 0
v -0.4 -1 0
v -0.4 -0.9 0.1
v -0.4 -1 0.1
v -0.3 -1 0.1
v -0.3 -0.9 0.1
v -0.4 -1 0
v -0.4 -0.9 0
v -0.3 -0.9 0
v -0.3 -1 0
v -0.3 -0.9 0.1
v -0.3 -1 0.1
v -0.2 -1 0.1
v -0.2 -0.9 0.1
v -0.3 -1 0
v -0.3 -0.9 0
v -0.2 -0.9 0
v -0.2 -1 0
v -0.2 -0.9 0.1
v -0.2 -1 0.1
v -0.1 -1 0.1
v -0.1 -0.9 0.1
v -0.2 -1 0
v -0.2 -0.9 0
v -0.1 -0.9 0
v -0.1 -1 0
v -0.1 -0.9 0.1
v -0.1 -1 0.1
v 0 -1 0.1
v 0 -0.9 0.1
v -0.1 -1 0
v -0.1 -0.9 0
v 0 -0.9 0
v 0 -1 0
v 0 -0.9 0.1
v 0 -1 0.1
v 0.1 -1 0.1
v 0.1 -0.9 0.1
v 0 -1 0
v 0 -0.9 0
v 0.1 -0.9 0
v 0.1 -1 0
v 0.1 -0.9 0.1
v 0.1 -1 0.1
v 0.2 -1 0.1
v 0.2 -0.9 0.1
v 0.1 -1 0
v 0.1 -0.9 0
v 0.2 -0.9 0
v 0.2 -1 0
v 0.2 -0.9 0.1
v 0.2 -1 0.1
v 0.3 -1 0.1
v 0.3 -0.9 0.1
v 0.2 -1 0
v 0.2 -0.9 0
v 0.3 -0.9 0
v 0.3 -1 0
v 0.3 -0.9 0.1
v 0.3 -1 0.1
v 0.4 -1 0.1
v 0.4 -0.9 0.1
v 0.3 -1 0
v 0.3 -0.9 0
v 0.4 -0.9 0
v 0.4 -1 0
v 0.4 -0.9 0.1
v 0.4 -1 0.1
v 0.5 -1 0.1
v 0.5 -0.9 0.1
v 0.4 -1 0
v 0.4 -0.9 0
v 0.5 -0.9 0
v 0.5 -1 0
v 0.5 -0.9 0.1
v 0.5 -1 0.1
v 0.6 -1 0.1
v 0.6 -0.9 0.1
v 0.5 -1 0
v 0.5 -0.9 0
v 0.6 -0.9 0
v 0.6 -1 0
v 0.6 -0.9 0.1
v 0.6 -1 0.1
v 0.7 -1 0.1
v 0.7 -0.9 0.1
v 0.6 -1 0
v 0.6 -0.9 0
v 0.7 -0.9 0
v 0.7 -1 0
v 0.7 -0.9 0.1
v 0.7 -1 0.1
v 0.8 -1 0.1
v 0.8 -0.9 0.1
v 0.7 -1 0
v 0.7 -0.9 0
v 0.8 -0.9 0
v 0.8 -1 0
v 0.8 -0.9 0.1
v 0.8 -1 0.1
v 0.9 -1 0.1
v 0.9 -0.9 0.1
v 0.8 -1 0
v 0.8 -0.9 0
v 0.9 -0.9 0
v 0.9 -1 0
v 0.9 -0.9 0.1
v 0.9 -1 0.1
v 1 -1 0.1
v 1 -0.9 0.1
v 0.9 -1 0
v 0.9 -0.9 0
v 1 -0.9 0
v 1 -1 0
v 1 -0.9 0.1
v 1 -1 0.1
v 1.1 -1 0.1
v 1.1 -0.9 0.1
v 1 -1 0
v 1 -0.9 0
v 1.1 -0.9 0
v 1.1 -1 0
v 1.2 -1 0.1
v 1.2 -1 0
v 1.2 -0.9 0
v 1.2 -0.9 0.1
v 1.1 -0.9 0.1
v 1.1 -1 0.1
v 1.2 -1 0.1
v 1.2 -0.9 0.1
v 1.1 -1 0
v 1.1 -0.9 0
v 1.2 -0.9 0
v 1.2 -1 0
v -1.2 -1 0.1
v -1.2 -1 0
v -1.2 -1.1 0
v -1.2 -1.1 0.1
v -1.2 -1 0.1
v -1.2 -1.1 0.1
v -1.1 -1.1 0.1
v -1.1 -1 0.1
v -1.2 -1.1 0
v -1.2 -1 0
v -1.1 -1 0
v -1.1 -1.1 0
v -1.1 -1 0.1
v -1.1 -1.1 0.1
v -1 -1.1 0.1
v -1 -1 0.1
v -1.1 -1.1 0
v -1.1 -1 0
v -1 -1 0
v -1 -1.1 0
v -1 -1 0.1
v -1 -1.1 0.1
v -0.9 -1.1 0.1
v -0.9 -1 0.1
v -1 -1.1 0
v -1 -1 0
v -0.9 -1 0
v -0.9 -1.1 0
v -0.9 -1 0.1
v -0.9 -1.1 0.1
v -0.8 -1.1 0.1
v -0.8 -1 0.1
v -0.9 -1.1 0
v -0.9 -1 0
v -0.8 -1 0
v -0.8 -1.1 0
v -0.8 -1 0.1
v -0.8 -1.1 0.1
v -0.7 -1.1 0.1
v -0.7 -1 0.1
v -0.8 -1.1 0
v -0.8 -1 0
v -0.7 -1 0
v -0.7 -1.1 0
v -0.7 -1 0.1
v -0.7 -1.1 0.1
v -0.6 -1.1 0.1
v -0.6 -1 0.1
v -0.7 -1.1 0
v -0.7 -1 0
v -0.6 -1 0
v -0.6 -1.1 0
v -0.6 -1 0.1
v -0.6 -1.1 0.1
v -0.5 -1.1 0.1
v -0.5 -1 0.1
v -0.6 -1.1 0
v -0.6 -1 0
v -0.5 -1 0
v -0.5 -1.1 0
v -0.5 -1 0.1
v -0.5 -1.1 0.1
v -0.4 -1.1 0.1
v -0.4 -1 0.1
v -0.5 -1.1 0
v -0.5 -1 0
v -0.4 -1 0
v -0.4 -1.1 0
v -0.4 -1 0.1
v -0.4 -1.1 0.1
v -0.3 -1.1 0.1
v -0.3 -1 0.1
v -0.4 -1.1 0
v -0.4 -1 0
v -0.3 -1 0
v -0.3 -1.1 0
v -0.3 -1 0.1
v -0.3 -1.1 0.1
v -0.2 -1.1 0.1
v -0.2 -1 0.1
v -0.3 -1.1 0
v -0.3 -1 0
v -0.2 -1 0
v -0.2 -1.1 0
v -0.2 -1 0.1
v -0.2 -1.1 0.1
v -0.1 -1.1 0.1
v -0.1 -1 0.1
v -0.2 -1.1 0
v -0.2 -1 0
v -0.1 -1 0
v -0.1 -1.1 0
v -0.1 -1 0.1
v -0.1 -1.1 0.1
v 0 -1.1 0.1
v 0 -1 0.1
v -0.1 -1.1 0
v -0.1 -1 0
v 0 -1 0
v 0 -1.1 0
v 0 -1 0.1
v 0 -1.1 0.1
v 0.1 -1.1 0.1
v 0.1 -1 0.1
v 0 -1.1 0
v 0 -1 0
v 0.1 -1 0
v 0.1 -1.1 0
v 0.1 -1 0.1
v 0.1 -1.1 0.1
v 0.2 -1.1 0.1
v 0.2 -1 0.1
v 0.1 -1.1 0
v 0.1 -1 0
v 0.2 -1 0
v 0.2 -1.1 0
v 0.2 -1 0.1
v 0.2 -1.1 0.1
v 0.3 -1.1 0.1
v 0.3 -1 0.1
v 0.2 -1.1 0
v 0.2 -1 0
v 0.3 -1 0
v 0.3 -1.1 0
v 0.3 -1 0.1
v 0.3 -1.1 0.1
v 0.4 -1.1 0.1
v 0.4 -1 0.1
v 0.3 -1.1 0
v 0.3 -1 0
v 0.4 -1 0
v 0.4 -1.1 0
v 0.4 -1 0.1
v 0.4 -1.1 0.1
v 0.5 -1.1 0.1
v 0.5 -1 0.1
v 0.4 -1.1 0
v 0.4 -1 0
v 0.5 -1 0
v 0.5 -1.1 0
v 0.5 -1 0.1
v 0.5 -1.1 0.1
v 0.6 -1.1 0.1
v 0.6 -1 0.1
v 0.5 -1.1 0
v 0.5 -1 0
v 0.6 -1 0
v 0.6 -1.1 0
v 0.6 -1 0.1
v 0.6 -1.1 0.1
v 0.7 -1.1 0.1
v 0.7 -1 0.1
v 0.6 -1.1 0
v 0.6 -1 0
v 0.7 -1 0
v 0.7 -1.1 0
v 0.7 -1 0.1
v 0.7 -1.1 0.1
v 0.8 -1.1 0.1
v 0.8 -1 0.1
v 0.7 -1.1 0
v 0.7 -1 0
v 0.8 -1 0
v 0.8 -1.1 0
v 0.8 -1 0.1
v 0.8 -1.1 0.1
v 0.9 -1.1 0.1
v 0.9 -1 0.1
v 0.8 -1.1 0
v 0.8 -1 0
v 0.9 -1 0
v 0.9 -1.1 0
v 0.9 -1 0.1
v 0.9 -1.1 0.1
v 1 -1.1 0.1
v 1 -1 0.1
v 0.9 -1.1 0
v 0.9 -1 0
v 1 -1 0
v 1 -1.1 0
v 1 -1 0.1
v 1 -1.1 0.1
v 1.1 -1.1 0.1
v 1.1 -1 0.1
v 1 -1.1 0
v 1 -1 0
v 1.1 -1 0
v 1.1 -1.1 0
v 1.2 -1.1 0.1
v 1.2 -1.1 0
v 1.2 -1 0
v 1.2 -1 0.1
v 1.1 -1 0.1
v 1.1 -1.1 0.1
v 1.2 -1.1 0.1
v 1.2 -1 0.1
v 1.1 -1.1 0
v 1.1 -1 0
v 1.2 -1 0
v 1.2 -1.1 0
v -1.2 -1.1 0.1
v -1.2 -1.1 0
v -1.2 -1.2 0
v -1.2 -1.2 0.1
v -1.2 -1.1 0.1
v -1.2 -1.2 0.1
v -1.1 -1.2 0.1
v -1.1 -1.1 0.1
v -1.2 -1.2 0
v -1.2 -1.1 0
v -1.1 -1.1 0
v -1.1 -1.2 0
v -1.2 -1.2 0.1
v -1.2 -1.2 0
v -1.1 -1.2 0
v -1.1 -1.2 0.1
v -1.1 -1.1 0.1
v -1.1 -1.2 0.1
v -1 -1.2 0.1
v -1 -1.1 0.1
v -1.1 -1.2 0
v -1.1 -1.1 0
v -1 -1.1 0
v -1 -1.2 0
v -1.1 -1.2 0.1
v -1.1 -1.2 0
v -1 -1.2 0
v -1 -1.2 0.1
v -1 -1.1 0.1
v -1 -1.2 0.1
v -0.9 -1.2 0.1
v -0.9 -1.1 0.1
v -1 -1.2 0
v -1 -1.1 0
v -0.9 -1.1 0
v -0.9 -1.2 0
v -1 -1.2 0.1
v -1 -1.2 0
v -0.9 -1.2 0
v -0.9 -1.2 0.1
v -0.9 -1.1 0.1
v -0.9 -1.2 0.1
v -0.8 -1.2 0.1
v -0.8 -1.1 0.1
v -0.9 -1.2 0
v -0.9 -1.1 0
v -0.8 -1.1 0
v -0.8 -1.2 0
v -0.9 -1.2 0.1
v -0.9 -1.2 0
v -0.8 -1.2 0
v -0.8 -1.2 0.1
v -0.8 -1.1 0.1
v -0.8 -1.2 0.1
v -0.7 -1.2 0.1
v -0.7 -1.1 0.1
v -0.8 -1.2 0
v -0.8 -1.1 0
v -0.7 -1.1 0
v -0.7 -1.2 0
v -0.8 -1.2 0.1
v -0.8 -1.2 0
v -0.7 -1.2 0
v -0.7 -1.2 0.1
v -0.7 -1.1 0.1
v -0.7 -1.2 0.1
v -0.6 -1.2 0.1
v -0.6 -1.1 0.1
v -0.7 -1.2 0
v -0.7 -1.1 0
v -0.6 -1.1 0
v -0.6 -1.2 0
v -0.7 -1.2 0.1
v -0.7 -1.2 0
v -0.6 -1.2 0
v -0.6 -1.2 0.1
v -0.6 -1.1 0.1
v -0.6 -1.2 0.1
v -0.5 -1.2 0.1
v -0.5 -1.1 0.1
v -0.6 -1.2 0
v -0.6 -1.1 0
v -0.5 -1.1 0
v -0.5 -1.2 0
v -0.6 -1.2 0.1
v -0.6 -1.2 0
v -0.5 -1.2 0
v -0.5 -1.2 0.1
v -0.5 -1.1 0.1
v -0.5 -1.2 0.1
v -0.4 -1.2 0.1
v -0.4 -1.1 0.1
v -0.5 -1.2 0
v -0.5 -1.1 0
v -0.4 -1.1 0
v -0.4 -1.2 0
v -0.5 -1.2 0.1
v -0.5 -1.2 0
v -0.4 -1.2 0
v -0.4 -1.2 0.1
v -0.4 -1.1 0.1
v -0.4 -1.2 0.1
v -0.3 -1.2 0.1
v -0.3 -1.1 0.1
v -0.4 -1.2 0
v -0.4 -1.1 0
v -0.3 -1.1 0
v -0.3 -1.2 0
v -0.4 -1.2 0.1
v -0.4 -1.2 0
v -0.3 -1.2 0
v -0.3 -1.2 0.1
v -0.3 -1.1 0.1
v -0.3 -1.2 0.1
v -0.2 -1.2 0.1
v -0.2 -1.1 0.1
v -0.3 -1.2 0
v -0.3 -1.1 0
v -0.2 -1.1 0
v -0.2 -1.2 0
v -0.3 -1.2 0.1
v -0.3 -1.2 0
v -0.2 -1.2 0
v -0.2 -1.2 0.1
v -0.2 -1.1 0.1
v -0.2 -1.2 0.1
v -0.1 -1.2 0.1
v -0.1 -1.1 0.1
v -0.2 -1.2 0
v -0.2 -1.1 0
v -0.1 -1.1 0
v -0.1 -1.2 0
v -0.2 -1.2 0.1
v -0.2 -1.2 0
v -0.1 -1.2 0
v -0.1 -1.2 0.1
v -0.1 -1.1 0.1
v -0.1 -1.2 0.1
v 0 -1.2 0.1
v 0 -1.1 0.1
v -0.1 -1.2 0
v -0.1 -1.1 0
v 0 -1.1 0
v 0 -1.2 0
v -0.1 -1.2 0.1
v -0.1 -1.2 0
v 0 -1.2 0
v 0 -1.2 0.1
v 0 -1.1 0.1
v 0 -1.2 0.1
v 0.1 -1.2 0.1
v 0.1 -1.1 0.1
v 0 -1.2 0
v 0 -1.1 0
v 0.1 -1.1 0
v 0.1 -1.2 0
v 0 -1.2 0.1
v 0 -1.2 0
v 0.1 -1.2 0
v 0.1 -1.2 0.1
v 0.1 -1.1 0.1
v 0.1 -1.2 0.1
v 0.2 -1.2 0.1
v 0.2 -1.1 0.1
v 0.1 -1.2 0
v 0.1 -1.1 0
v 0.2 -1.1 0
v 0.2 -1.2 0
v 0.1 -1.2 0.1
v 0.1 -1.2 0
v 0.2 -1.2 0
v 0.2 -1.2 0.1
v 0.2 -1.1 0.1
v 0.2 -1.2 0.1
v 0.3 -1.2 0.1
v 0.3 -1.1 0.1
v 0.2 -1.2 0
v 0.2 -1.1 0
v 0.3 -1.1 0
v 0.3 -1.2 0
v 0.2 -1.2 0.1
v 0.2 -1.2 0
v 0.3 -1.2 0
v 0.3 -1.2 0.1
v 0.3 -1.1 0.1
v 0.3 -1.2 0.1
v 0.4 -1.2 0.1
v 0.4 -1.1 0.1
v 0.3 -1.2 0
v 0.3 -1.1 0
v 0.4 -1.1 0
v 0.4 -1.2 0
v 0.3 -1.2 0.1
v 0.3 -1.2 0
v 0.4 -1.2 0
v 0.4 -1.2 0.1
v 0.4 -1.1 0.1
v 0.4 -1.2 0.1
v 0.5 -1.2 0.1
v 0.5 -1.1 0.1
v 0.4 -1.2 0
v 0.4 -1.1 0
v 0.5 -1.1 0
v 0.5 -1.2 0
v 0.4 -1.2 0.1
v 0.4 -1.2 0
v 0.5 -1.2 0
v 0.5 -1.2 0.1
v 0.5 -1.1 0.1
v 0.5 -1.2 0.1
v 0.6 -1.2 0.1
v 0.6 -1.1 0.1
v 0.5 -1.2 0
v 0.5 -1.1 0
v 0.6 -1.1 0
v 0.6 -1.2 0
v 0.5 -1.2 0.1
v 0.5 -1.2 0
v 0.6 -1.2 0
v 0.6 -1.2 0.1
v 0.6 -1.1 0.1
v 0.6 -1.2 0.1
v 0.7 -1.2 0.1
v 0.7 -1.1 0.1
v 0.6 -1.2 0
v 0.6 -1.1 0
v 0.7 -1.1 0
v 0.7 -1.2 0
v 0.6 -1.2 0.1
v 0.6 -1.2 0
v 0.7 -1.2 0
v 0.7 -1.2 0.1
v 0.7 -1.1 0.1
v 0.7 -1.2 0.1
v 0.8 -1.2 0.1
v 0.8 -1.1 0.1
v 0.7 -1.2 0
v 0.7 -1.1 0
v 0.8 -1.1 0
v 0.8 -1.2 0
v 0.7 -1.2 0.1
v 0.7 -1.2 0
v 0.8 -1.2 0
v 0.8 -1.2 0.1
v 0.8 -1.1 0.1
v 0.8 -1.2 0.1
v 0.9 -1.2 0.1
v 0.9 -1.1 0.1
v 0.8 -1.2 0
v 0.8 -1.1 0
v 0.9 -1.1 0
v 0.9 -1.2 0
v 0.8 -1.2 0.1
v 0.8 -1.2 0
v 0.9 -1.2 0
v 0.9 -1.2 0.1
v 0.9 -1.1 0.1
v 0.9 -1.2 0.1
v 1 -1.2 0.1
v 1 -1.1 0.1
v 0.9 -1.2 0
v 0.9 -1.1 0
v 1 -1.1 0
v 1 -1.2 0
v 0.9 -1.2 0.1
v 0.9 -1.2 0
v 1 -1.2 0
v 1 -1.2 0.1
v 1 -1.1 0.1
v 1 -1.2 0.1
v 1.1 -1.2 0.1
v 1.1 -1.1 0.1
v 1 -1.2 0
v 1 -1.1 0
v 1.1 -1.1 0
v 1.1 -1.2 0
v 1 -1.2 0.1
v 1 -1.2 0
v 1.1 -1.2 0
v 1.1 -1.2 0.1
v 1.2 -1.2 0.1
v 1.2 -1.2 0
v 1.2 -1.1 0
v 1.2 -1.1 0.1
v 1.1 -1.1 0.1
v 1.1 -1.2 0.1
v 1.2 -1.2 0.1
v 1.2 -1.1 0.1
v 1.1 -1.2 0
v 1.1 -1.1 0
v 1.2 -1.1 0
v 1.2 -1.2 0
v 1.1 -1.2 0.1
v 1.1 -1.2 0
v 1.2 -1.2 0
v 1.2 -1.2 0.1

# faces
f 1/14/1 2/14/1 3/14/1 4/14/1
f 5/14/3 6/14/3 7/14/3 8/14/3
f 9/14/4 10/14/4 11/14/4 12/14/4
f 13/14/6 14/14/6 15/14/6 16/14/6
f 17/2/3 18/2/3 19/2/3 20/2/3
f 21/2/4 22/2/4 23/2/4 24/2/4
f 25/2/6 26/2/6 27/2/6 28/2/6
f 29/8/3 30/8/3 31/8/3 32/8/3
f 33/8/4 34/8/4 35/8/4 36/8/4
f 37/8/6 38/8/6 39/8/6 40/8/6
f 41/8/3 42/8/3 43/8/3 44/8/3
f 45/8/4 46/8/4 47/8/4 48/8/4
f 49/8/6 50/8/6 51/8/6 52/8/6
f 53/8/3 54/8/3 55/8/3 56/8/3
f 57/8/4 58/8/4 59/8/4 60/8/4
f 61/8/6 62/8/6 63/8/6 64/8/6
f 65/5/3 66/5/3 67/5/3 68/5/3
f 69/5/4 70/5/4 71/5/4 72/5/4
f 73/5/6 74/5/6 75/5/6 76/5/6
f 77/12/3 78/12/3 79/12/3 80/12/3
f 81/12/4 82/12/4 83/12/4 84/12/4
f 85/12/6 86/12/6 87/12/6 88/12/6
f 89/3/3 90/3/3 91/3/3 92/3/3
f 93/3/4 94/3/4 95/3/4 96/3/4
f 97/3/6 98/3/6 99/3/6 100/3/6
f 101/9/3 102/9/3 103/9/3 104/9/3
f 105/9/4 106/9/4 107/9/4 108/9/4
f 109/9/6 110/9/6 111/9/6 112/9/6
f 113/9/3 114/9/3 115/9/3 116/9/3
f 117/9/4 118/9/4 119/9/4 120/9/4
f 121/9/6 122/9/6 123/9/6 124/9/6
f 125/9/3 126/9/3 127/9/3 128/9/3
f 129/9/4 130/9/4 131/9/4 132/9/4
f 133/9/6 134/9/6 135/9/6 136/9/6
f 137/3/3 138/3/3 139/3/3 140/3/3
f 141/3/4 142/3/4 143/3/4 144/3/4
f 145/3/6 146/3/6 147/3/6 148/3/6
f 149/3/3 150/3/3 151/3/3 152/3/3
f 153/3/4 154/3/4 155/3/4 156/3/4
f 157/3/6 158/3/6 159/3/6 160/3/6
f 161/9/3 162/9/3 163/9/3 164/9/3
f 165/9/4 166/9/4 167/9/4 168/9/4
f 169/9/6 170/9/6 171/9/6 172/9/6
f 173/9/3 174/9/3 175/9/3 176/9/3
f 177/9/4 178/9/4 179/9/4 180/9/4
f 181/9/6 182/9/6 183/9/6 184/9/6
f 185/9/3 186/9/3 187/9/3 188/9/3
f 189/9/4 190/9/4 191/9/4 192/9/4
f 193/9/6 194/9/6 195/9/6 196/9/6
f 197/9/3 198/9/3 199/9/3 200/9/3
f 201/9/4 202/9/4 203/9/4 204/9/4
f 205/9/6 206/9/6 207/9/6 208/9/6
f 209/9/3 210/9/3 211/9/3 212/9/3
f 213/9/4 214/9/4 215/9/4 216/9/4
f 217/9/6 218/9/6 219/9/6 220/9/6
f 221/9/3 222/9/3 223/9/3 224/9/3
f 225/9/4 226/9/4 227/9/4 228/9/4
f 229/9/6 230/9/6 231/9/6 232/9/6
f 233/3/3 234/3/3 235/3/3 236/3/3
f 237/3/4 238/3/4 239/3/4 240/3/4
f 241/3/6 242/3/6 243/3/6 244/3/6
f 245/3/3 246/3/3 247/3/3 248/3/3
f 249/3/4 250/3/4 251/3/4 252/3/4
f 253/3/6 254/3/6 255/3/6 256/3/6
f 257/3/3 258/3/3 259/3/3 260/3/3
f 261/3/4 262/3/4 263/3/4 264/3/4
f 265/3/6 266/3/6 267/3/6 268/3/6
f 269/9/3 270/9/3 271/9/3 272/9/3
f 273/9/4 274/9/4 275/9/4 276/9/4
f 277/9/6 278/9/6 279/9/6 280/9/6
f 281/9/2 282/9/2 283/9/2 284/9/2
f 285/9/3 286/9/3 287/9/3 288/9/3
f 289/9/4 290/9/4 291/9/4 292/9/4
f 293/9/6 294/9/6 295/9/6 296/9/6
f 297/13/1 298/13/1 299/13/1 300/13/1
f 301/13/3 302/13/3 303/13/3 304/13/3
f 305/13/4 306/13/4 307/13/4 308/13/4
f 309/8/3 310/8/3 311/8/3 312/8/3
f 313/8/4 314/8/4 315/8/4 316/8/4
f 317/8/3 318/8/3 319/8/3 320/8/3
f 321/8/4 322/8/4 323/8/4 324/8/4
f 325/8/3 326/8/3 327/8/3 328/8/3
f 329/8/4 330/8/4 331/8/4 332/8/4
f 333/8/3 334/8/3 335/8/3 336/8/3
f 337/8/4 338/8/4 339/8/4 340/8/4
f 341/5/3 342/5/3 343/5/3 344/5/3
f 345/5/4 346/5/4 347/5/4 348/5/4
f 349/3/3 350/3/3 351/3/3 352/3/3
f 353/3/4 354/3/4 355/3/4 356/3/4
f 357/9/3 358/9/3 359/9/3 360/9/3
f 361/9/4 362/9/4 363/9/4 364/9/4
f 365/9/3 366/9/3 367/9/3 368/9/3
f 369/9/4 370/9/4 371/9/4 372/9/4
f 373/14/3 374/14/3 375/14/3 376/14/3
f 377/14/4 378/14/4 379/14/4 380/14/4
f 381/13/3 382/13/3 383/13/3 384/13/3
f 385/13/4 386/13/4 387/13/4 388/13/4
f 389/13/3 390/13/3 391/13/3 392/13/3
f 393/13/4 394/13/4 395/13/4 396/13/4
f 397/14/3 398/14/3 399/14/3 400/14/3
f 401/14/4 402/14/4 403/14/4 404/14/4
f 405/14/3 406/14/3 407/14/3 408/14/3
f 409/14/4 410/14/4 411/14/4 412/14/4
f 413/14/3 414/14/3 415/14/3 416/14/3
f 417/14/4 418/14/4 419/14/4 420/14/4
f 421/13/3 422/13/3 423/13/3 424/13/3
f 425/13/4 426/13/4 427/13/4 428/13/4
f 429/14/3 430/14/3 431/14/3 432/14/3
f 433/14/4 434/14/4 435/14/4 436/14/4
f 437/13/3 438/13/3 439/13/3 440/13/3
f 441/13/4 442/13/4 443/13/4 444/13/4
f 445/13/3 446/13/3 447/13/3 448/13/3
f 449/13/4 450/13/4 451/13/4 452/13/4
f 453/14/3 454/14/3 455/14/3 456/14/3
f 457/14/4 458/14/4 459/14/4 460/14/4
f 461/14/3 462/14/3 463/14/3 464/14/3
f 465/14/4 466/14/4 467/14/4 468/14/4
f 469/13/3 470/13/3 471/13/3 472/13/3
f 473/13/4 474/13/4 475/13/4 476/13/4
f 477/14/3 478/14/3 479/14/3 480/14/3
f 481/14/4 482/14/4 483/14/4 484/14/4
f 485/13/2 486/13/2 487/13/2 488/13/2
f 489/13/3 490/13/3 491/13/3 492/13/3
f 493/13/4 494/13/4 495/13/4 496/13/4
f 497/14/1 498/14/1 499/14/1 500/14/1
f 501/14/3 502/14/3 503/14/3 504/14/3
f 505/14/4 506/14/4 507/14/4 508/14/4
f 509/8/3 510/8/3 511/8/3 512/8/3
f 513/8/4 514/8/4 515/8/4 516/8/4
f 517/8/3 518/8/3 519/8/3 520/8/3
f 521/8/4 522/8/4 523/8/4 524/8/4
f 525/8/3 526/8/3 527/8/3 528/8/3
f 529/8/4 530/8/4 531/8/4 532/8/4
f 533/8/3 534/8/3 535/8/3 536/8/3
f 537/8/4 538/8/4 539/8/4 540/8/4
f 541/5/3 542/5/3 543/5/3 544/5/3
f 545/5/4 546/5/4 547/5/4 548/5/4
f 549/9/3 550/9/3 551/9/3 552/9/3
f 553/9/4 554/9/4 555/9/4 556/9/4
f 557/9/3 558/9/3 559/9/3 560/9/3
f 561/9/4 562/9/4 563/9/4 564/9/4
f 565/14/3 566/14/3 567/14/3 568/14/3
f 569/14/4 570/14/4 571/14/4 572/14/4
f 573/13/3 574/13/3 575/13/3 576/13/3
f 577/13/4 578/13/4 579/13/4 580/13/4
f 581/13/3 582/13/3 583/13/3 584/13/3
f 585/13/4 586/13/4 587/13/4 588/13/4
f 589/13/3 590/13/3 591/13/3 592/13/3
f 593/13/4 594/13/4 595/13/4 596/13/4
f 597/13/3 598/13/3 599/13/3 600/13/3
f 601/13/4 602/13/4 603/13/4 604/13/4
f 605/13/3 606/13/3 607/13/3 608/13/3
f 609/13/4 610/13/4 611/13/4 612/13/4
f 613/13/3 614/13/3 615/13/3 616/13/3
f 617/13/4 618/13/4 619/13/4 620/13/4
f 621/13/3 622/13/3 623/13/3 624/13/3
f 625/13/4 626/13/4 627/13/4 628/13/4
f 629/13/3 630/13/3 631/13/3 632/13/3
f 633/13/4 634/13/4 635/13/4 636/13/4
f 637/13/3 638/13/3 639/13/3 640/13/3
f 641/13/4 642/13/4 643/13/4 644/13/4
f 645/13/3 646/13/3 647/13/3 648/13/3
f 649/13/4 650/13/4 651/13/4 652/13/4
f 653/13/3 654/13/3 655/13/3 656/13/3
f 657/13/4 658/13/4 659/13/4 660/13/4
f 661/13/3 662/13/3 663/13/3 664/13/3
f 665/13/4 666/13/4 667/13/4 668/13/4
f 669/13/3 670/13/3 671/13/3 672/13/3
f 673/13/4 674/13/4 675/13/4 676/13/4
f 677/13/3 678/13/3 679/13/3 680/13/3
f 681/13/4 682/13/4 683/13/4 684/13/4
f 685/13/2 686/13/2 687/13/2 688/13/2
f 689/13/3 690/13/3 691/13/3 692/13/3
f 693/13/4 694/13/4 695/13/4 696/13/4
f 697/13/1 698/13/1 699/13/1 700/13/1
f 701/13/3 702/13/3 703/13/3 704/13/3
f 705/13/4 706/13/4 707/13/4 708/13/4
f 709/2/3 710/2/3 711/2/3 712/2/3
f 713/2/4 714/2/4 715/2/4 716/2/4
f 717/8/3 718/8/3 719/8/3 720/8/3
f 721/8/4 722/8/4 723/8/4 724/8/4
f 725/8/3 726/8/3 727/8/3 728/8/3
f 729/8/4 730/8/4 731/8/4 732/8/4
f 733/8/3 734/8/3 735/8/3 736/8/3
f 737/8/4 738/8/4 739/8/4 740/8/4
f 741/5/3 742/5/3 743/5/3 744/5/3
f 745/5/4 746/5/4 747/5/4 748/5/4
f 749/3/3 750/3/3 751/3/3 752/3/3
f 753/3/4 754/3/4 755/3/4 756/3/4
f 757/9/3 758/9/3 759/9/3 760/9/3
f 761/9/4 762/9/4 763/9/4 764/9/4
f 765/9/3 766/9/3 767/9/3 768/9/3
f 769/9/4 770/9/4 771/9/4 772/9/4
f 773/14/3 774/14/3 775/14/3 776/14/3
f 777/14/4 778/14/4 779/14/4 780/14/4
f 781/14/3 782/14/3 783/14/3 784/14/3
f 785/14/4 786/14/4 787/14/4 788/14/4
f 789/14/3 790/14/3 791/14/3 792/14/3
f 793/14/4 794/14/4 795/14/4 796/14/4
f 797/14/3 798/14/3 799/14/3 800/14/3
f 801/14/4 802/14/4 803/14/4 804/14/4
f 805/14/3 806/14/3 807/14/3 808/14/3
f 809/14/4 810/14/4 811/14/4 812/14/4
f 813/14/3 814/14/3 815/14/3 816/14/3
f 817/14/4 818/14/4 819/14/4 820/14/4
f 821/14/3 822/14/3 823/14/3 824/14/3
f 825/14/4 826/14/4 827/14/4 828/14/4
f 829/14/3 830/14/3 831/14/3 832/14/3
f 833/14/4 834/14/4 835/14/4 836/14/4
f 837/14/3 838/14/3 839/14/3 840/14/3
f 841/14/4 842/14/4 843/14/4 844/14/4
f 845/14/3 846/14/3 847/14/3 848/14/3
f 849/14/4 850/14/4 851/14/4 852/14/4
f 853/14/3 854/14/3 855/14/3 856/14/3
f 857/14/4 858/14/4 859/14/4 860/14/4
f 861/14/3 862/14/3 863/14/3 864/14/3
f 865/14/4 866/14/4 867/14/4 868/14/4
f 869/14/3 870/14/3 871/14/3 872/14/3
f 873/14/4 874/14/4 875/14/4 876/14/4
f 877/14/3 878/14/3 879/14/3 880/14/3
f 881/14/4 882/14/4 883/14/4 884/14/4
f 885/14/2 886/14/2 887/14/2 888/14/2
f 889/14/3 890/14/3 891/14/3 892/14/3
f 893/14/4 894/14/4 895/14/4 896/14/4
f 897/14/1 898/14/1 899/14/1 900/14/1
f 901/14/3 902/14/3 903/14/3 904/14/3
f 905/14/4 906/14/4 907/14/4 908/14/4
f 909/8/3 910/8/3 911/8/3 912/8/3
f 913/8/4 914/8/4 915/8/4 916/8/4
f 917/8/3 918/8/3 919/8/3 920/8/3
f 921/8/4 922/8/4 923/8/4 924/8/4
f 925/8/3 926/8/3 927/8/3 928/8/3
f 929/8/4 930/8/4 931/8/4 932/8/4
f 933/8/3 934/8/3 935/8/3 936/8/3
f 937/8/4 938/8/4 939/8/4 940/8/4
f 941/5/3 942/5/3 943/5/3 944/5/3
f 945/5/4 946/5/4 947/5/4 948/5/4
f 949/12/3 950/12/3 951/12/3 952/12/3
f 953/12/4 954/12/4 955/12/4 956/12/4
f 957/12/3 958/12/3 959/12/3 960/12/3
f 961/12/4 962/12/4 963/12/4 964/12/4
f 965/12/3 966/12/3 967/12/3 968/12/3
f 969/12/4 970/12/4 971/12/4 972/12/4
f 973/12/3 974/12/3 975/12/3 976/12/3
f 977/12/4 978/12/4 979/12/4 980/12/4
f 981/12/3 982/12/3 983/12/3 984/12/3
f 985/12/4 986/12/4 987/12/4 988/12/4
f 989/12/3 990/12/3 991/12/3 992/12/3
f 993/12/4 994/12/4 995/12/4 996/12/4
f 997/12/3 998/12/3 999/12/3 1000/12/3
f 1001/12/4 1002/12/4 1003/12/4 1004/12/4
f 1005/12/3 1006/12/3 1007/12/3 1008/12/3
f 1009/12/4 1010/12/4 1011/12/4 1012/12/4
f 1013/12/3 1014/12/3 1015/12/3 1016/12/3
f 1017/12/4 1018/12/4 1019/12/4 1020/12/4
f 1021/12/3 1022/12/3 1023/12/3 1024/12/3
f 1025/12/4 1026/12/4 1027/12/4 1028/12/4
f 1029/12/3 1030/12/3 1031/12/3 1032/12/3
f 1033/12/4 1034/12/4 1035/12/4 1036/12/4
f 1037/12/3 1038/12/3 1039/12/3 1040/12/3
f 1041/12/4 1042/12/4 1043/12/4 1044/12/4
f 1045/12/3 1046/12/3 1047/12/3 1048/12/3
f 1049/12/4 1050/12/4 1051/12/4 1052/12/4
f 1053/12/3 1054/12/3 1055/12/3 1056/12/3
f 1057/12/4 1058/12/4 1059/12/4 1060/12/4
f 1061/12/3 1062/12/3 1063/12/3 1064/12/3
f 1065/12/4 1066/12/4 1067/12/4 1068/12/4
f 1069/12/3 1070/12/3 1071/12/3 1072/12/3
f 1073/12/4 1074/12/4 1075/12/4 1076/12/4
f 1077/12/3 1078/12/3 1079/12/3 1080/12/3
f 1081/12/4 1082/12/4 1083/12/4 1084/12/4
f 1085/12/2 1086/12/2 1087/12/2 1088/12/2
f 1089/12/3 1090/12/3 1091/12/3 1092/12/3
f 1093/12/4 1094/12/4 1095/12/4 1096/12/4
f 1097/9/1 1098/9/1 1099/9/1 1100/9/1
f 1101/9/3 1102/9/3 1103/9/3 1104/9/3
f 1105/9/4 1106/9/4 1107/9/4 1108/9/4
f 1109/2/3 1110/2/3 1111/2/3 1112/2/3
f 1113/2/4 1114/2/4 1115/2/4 1116/2/4
f 1117/8/3 1118/8/3 1119/8/3 1120/8/3
f 1121/8/4 1122/8/4 1123/8/4 1124/8/4
f 1125/8/3 1126/8/3 1127/8/3 1128/8/3
f 1129/8/4 1130/8/4 1131/8/4 1132/8/4
f 1133/8/3 1134/8/3 1135/8/3 1136/8/3
f 1137/8/4 1138/8/4 1139/8/4 1140/8/4
f 1141/5/3 1142/5/3 1143/5/3 1144/5/3
f 1145/5/4 1146/5/4 1147/5/4 1148/5/4
f 1149/3/3 1150/3/3 1151/3/3 1152/3/3
f 1153/3/4 1154/3/4 1155/3/4 1156/3/4
f 1157/3/3 1158/3/3 1159/3/3 1160/3/3
f 1161/3/4 1162/3/4 1163/3/4 1164/3/4
f 1165/12/3 1166/12/3 1167/12/3 1168/12/3
f 1169/12/4 1170/12/4 1171/12/4 1172/12/4
f 1173/3/3 1174/3/3 1175/3/3 1176/3/3
f 1177/3/4 1178/3/4 1179/3/4 1180/3/4
f 1181/3/3 1182/3/3 1183/3/3 1184/3/3
f 1185/3/4 1186/3/4 1187/3/4 1188/3/4
f 1189/12/3 1190/12/3 1191/12/3 1192/12/3
f 1193/12/4 1194/12/4 1195/12/4 1196/12/4
f 1197/12/3 1198/12/3 1199/12/3 1200/12/3
f 1201/12/4 1202/12/4 1203/12/4 1204/12/4
f 1205/12/3 1206/12/3 1207/12/3 1208/12/3
f 1209/12/4 1210/12/4 1211/12/4 1212/12/4
f 1213/12/3 1214/12/3 1215/12/3 1216/12/3
f 1217/12/4 1218/12/4 1219/12/4 1220/12/4
f 1221/12/3 1222/12/3 1223/12/3 1224/12/3
f 1225/12/4 1226/12/4 1227/12/4 1228/12/4
f 1229/3/3 1230/3/3 1231/3/3 1232/3/3
f 1233/3/4 1234/3/4 1235/3/4 1236/3/4
f 1237/3/3 1238/3/3 1239/3/3 1240/3/3
f 1241/3/4 1242/3/4 1243/3/4 1244/3/4
f 1245/12/3 1246/12/3 1247/12/3 1248/12/3
f 1249/12/4 1250/12/4 1251/12/4 1252/12/4
f 1253/3/3 1254/3/3 1255/3/3 1256/3/3
f 1257/3/4 1258/3/4 1259/3/4 1260/3/4
f 1261/12/3 1262/12/3 1263/12/3 1264/12/3
f 1265/12/4 1266/12/4 1267/12/4 1268/12/4
f 1269/3/3 1270/3/3 1271/3/3 1272/3/3
f 1273/3/4 1274/3/4 1275/3/4 1276/3/4
f 1277/3/3 1278/3/3 1279/3/3 1280/3/3
f 1281/3/4 1282/3/4 1283/3/4 1284/3/4
f 1285/12/2 1286/12/2 1287/12/2 1288/12/2
f 1289/12/3 1290/12/3 1291/12/3 1292/12/3
f 1293/12/4 1294/12/4 1295/12/4 1296/12/4
f 1297/9/1 1298/9/1 1299/9/1 1300/9/1
f 1301/9/3 1302/9/3 1303/9/3 1304/9/3
f 1305/9/4 1306/9/4 1307/9/4 1308/9/4
f 1309/8/3 1310/8/3 1311/8/3 1312/8/3
f 1313/8/4 1314/8/4 1315/8/4 1316/8/4
f 1317/8/3 1318/8/3 1319/8/3 1320/8/3
f 1321/8/4 1322/8/4 1323/8/4 1324/8/4
f 1325/8/3 1326/8/3 1327/8/3 1328/8/3
f 1329/8/4 1330/8/4 1331/8/4 1332/8/4
f 1333/8/3 1334/8/3 1335/8/3 1336/8/3
f 1337/8/4 1338/8/4 1339/8/4 1340/8/4
f 1341/5/3 1342/5/3 1343/5/3 1344/5/3
f 1345/5/4 1346/5/4 1347/5/4 1348/5/4
f 1349/12/3 1350/12/3 1351/12/3 1352/12/3
f 1353/12/4 1354/12/4 1355/12/4 1356/12/4
f 1357/3/3 1358/3/3 1359/3/3 1360/3/3
f 1361/3/4 1362/3/4 1363/3/4 1364/3/4
f 1365/9/3 1366/9/3 1367/9/3 1368/9/3
f 1369/9/4 1370/9/4 1371/9/4 1372/9/4
f 1373/9/3 1374/9/3 1375/9/3 1376/9/3
f 1377/9/4 1378/9/4 1379/9/4 1380/9/4
f 1381/9/3 1382/9/3 1383/9/3 1384/9/3
f 1385/9/4 1386/9/4 1387/9/4 1388/9/4
f 1389/3/3 1390/3/3 1391/3/3 1392/3/3
f 1393/3/4 1394/3/4 1395/3/4 1396/3/4
f 1397/3/3 1398/3/3 1399/3/3 1400/3/3
f 1401/3/4 1402/3/4 1403/3/4 1404/3/4
f 1405/9/3 1406/9/3 1407/9/3 1408/9/3
f 1409/9/4 1410/9/4 1411/9/4 1412/9/4
f 1413/9/3 1414/9/3 1415/9/3 1416/9/3
f 1417/9/4 1418/9/4 1419/9/4 1420/9/4
f 1421/9/3 1422/9/3 1423/9/3 1424/9/3
f 1425/9/4 1426/9/4 1427/9/4 1428/9/4
f 1429/9/3 1430/9/3 1431/9/3 1432/9/3
f 1433/9/4 1434/9/4 1435/9/4 1436/9/4
f 1437/9/3 1438/9/3 1439/9/3 1440/9/3
f 1441/9/4 1442/9/4 1443/9/4 1444/9/4
f 1445/9/3 1446/9/3 1447/9/3 1448/9/3
f 1449/9/4 1450/9/4 1451/9/4 1452/9/4
f 1453/3/3 1454/3/3 1455/3/3 1456/3/3
f 1457/3/4 1458/3/4 1459/3/4 1460/3/4
f 1461/3/3 1462/3/3 1463/3/3 1464/3/3
f 1465/3/4 1466/3/4 1467/3/4 1468/3/4
f 1469/3/3 1470/3/3 1471/3/3 1472/3/3
f 1473/3/4 1474/3/4 1475/3/4 1476/3/4
f 1477/9/3 1478/9/3 1479/9/3 1480/9/3
f 1481/9/4 1482/9/4 1483/9/4 1484/9/4
f 1485/9/2 1486/9/2 1487/9/2 1488/9/2
f 1489/9/3 1490/9/3 1491/9/3 1492/9/3
f 1493/9/4 1494/9/4 1495/9/4 1496/9/4
f 1497/9/1 1498/9/1 1499/9/1 1500/9/1
f 1501/9/3 1502/9/3 1503/9/3 1504/9/3
f 1505/9/4 1506/9/4 1507/9/4 1508/9/4
f 1509/2/3 1510/2/3 1511/2/3 1512/2/3
f 1513/2/4 1514/2/4 1515/2/4 1516/2/4
f 1517/8/3 1518/8/3 1519/8/3 1520/8/3
f 1521/8/4 1522/8/4 1523/8/4 1524/8/4
f 1525/8/3 1526/8/3 1527/8/3 1528/8/3
f 1529/8/4 1530/8/4 1531/8/4 1532/8/4
f 1533/8/3 1534/8/3 1535/8/3 1536/8/3
f 1537/8/4 1538/8/4 1539/8/4 1540/8/4
f 1541/5/3 1542/5/3 1543/5/3 1544/5/3
f 1545/5/4 1546/5/4 1547/5/4 1548/5/4
f 1549/3/3 1550/3/3 1551/3/3 1552/3/3
f 1553/3/4 1554/3/4 1555/3/4 1556/3/4
f 1557/9/3 1558/9/3 1559/9/3 1560/9/3
f 1561/9/4 1562/9/4 1563/9/4 1564/9/4
f 1565/9/3 1566/9/3 1567/9/3 1568/9/3
f 1569/9/4 1570/9/4 1571/9/4 1572/9/4
f 1573/14/3 1574/14/3 1575/14/3 1576/14/3
f 1577/14/4 1578/14/4 1579/14/4 1580/14/4
f 1581/13/3 1582/13/3 1583/13/3 1584/13/3
f 1585/13/4 1586/13/4 1587/13/4 1588/13/4
f 1589/13/3 1590/13/3 1591/13/3 1592/13/3
f 1593/13/4 1594/13/4 1595/13/4 1596/13/4
f 1597/14/3 1598/14/3 1599/14/3 1600/14/3
f 1601/14/4 1602/14/4 1603/14/4 1604/14/4
f 1605/14/3 1606/14/3 1607/14/3 1608/14/3
f 1609/14/4 1610/14/4 1611/14/4 1612/14/4
f 1613/14/3 1614/14/3 1615/14/3 1616/14/3
f 1617/14/4 1618/14/4 1619/14/4 1620/14/4
f 1621/13/3 1622/13/3 1623/13/3 1624/13/3
f 1625/13/4 1626/13/4 1627/13/4 1628/13/4
f 1629/14/3 1630/14/3 1631/14/3 1632/14/3
f 1633/14/4 1634/14/4 1635/14/4 1636/14/4
f 1637/13/3 1638/13/3 1639/13/3 1640/13/3
f 1641/13/4 1642/13/4 1643/13/4 1644/13/4
f 1645/13/3 1646/13/3 1647/13/3 1648/13/3
f 1649/13/4 1650/13/4 1651/13/4 1652/13/4
f 1653/14/3 1654/14/3 1655/14/3 1656/14/3
f 1657/14/4 1658/14/4 1659/14/4 1660/14/4
f 1661/14/3 1662/14/3 1663/14/3 1664/14/3
f 1665/14/4 1666/14/4 1667/14/4 1668/14/4
f 1669/13/3 1670/13/3 1671/13/3 1672/13/3
f 1673/13/4 1674/13/4 1675/13/4 1676/13/4
f 1677/14/3 1678/14/3 1679/14/3 1680/14/3
f 1681/14/4 1682/14/4 1683/14/4 1684/14/4
f 1685/13/2 1686/13/2 1687/13/2 1688/13/2
f 1689/13/3 1690/13/3 1691/13/3 1692/13/3
f 1693/13/4 1694/13/4 1695/13/4 1696/13/4
f 1697/3/1 1698/3/1 1699/3/1 1700/3/1
f 1701/3/3 1702/3/3 1703/3/3 1704/3/3
f 1705/3/4 1706/3/4 1707/3/4 1708/3/4
f 1709/13/3 1710/13/3 1711/13/3 1712/13/3
f 1713/13/4 1714/13/4 1715/13/4 1716/13/4
f 1717/13/3 1718/13/3 1719/13/3 1720/13/3
f 1721/13/4 1722/13/4 1723/13/4 1724/13/4
f 1725/13/3 1726/13/3 1727/13/3 1728/13/3
f 1729/13/4 1730/13/4 1731/13/4 1732/13/4
f 1733/13/3 1734/13/3 1735/13/3 1736/13/3
f 1737/13/4 1738/13/4 1739/13/4 1740/13/4
f 1741/7/3 1742/7/3 1743/7/3 1744/7/3
f 1745/7/4 1746/7/4 1747/7/4 1748/7/4
f 1749/9/3 1750/9/3 1751/9/3 1752/9/3
f 1753/9/4 1754/9/4 1755/9/4 1756/9/4
f 1757/9/3 1758/9/3 1759/9/3 1760/9/3
f 1761/9/4 1762/9/4 1763/9/4 1764/9/4
f 1765/14/3 1766/14/3 1767/14/3 1768/14/3
f 1769/14/4 1770/14/4 1771/14/4 1772/14/4
f 1773/13/3 1774/13/3 1775/13/3 1776/13/3
f 1777/13/4 1778/13/4 1779/13/4 1780/13/4
f 1781/13/3 1782/13/3 1783/13/3 1784/13/3
f 1785/13/4 1786/13/4 1787/13/4 1788/13/4
f 1789/13/3 1790/13/3 1791/13/3 1792/13/3
f 1793/13/4 1794/13/4 1795/13/4 1796/13/4
f 1797/13/3 1798/13/3 1799/13/3 1800/13/3
f 1801/13/4 1802/13/4 1803/13/4 1804/13/4
f 1805/13/3 1806/13/3 1807/13/3 1808/13/3
f 1809/13/4 1810/13/4 1811/13/4 1812/13/4
f 1813/13/3 1814/13/3 1815/13/3 1816/13/3
f 1817/13/4 1818/13/4 1819/13/4 1820/13/4
f 1821/13/3 1822/13/3 1823/13/3 1824/13/3
f 1825/13/4 1826/13/4 1827/13/4 1828/13/4
f 1829/13/3 1830/13/3 1831/13/3 1832/13/3
f 1833/13/4 1834/13/4 1835/13/4 1836/13/4
f 1837/13/3 1838/13/3 1839/13/3 1840/13/3
f 1841/13/4 1842/13/4 1843/13/4 1844/13/4
f 1845/13/3 1846/13/3 1847/13/3 1848/13/3
f 1849/13/4 1850/13/4 1851/13/4 1852/13/4
f 1853/13/3 1854/13/3 1855/13/3 1856/13/3
f 1857/13/4 1858/13/4 1859/13/4 1860/13/4
f 1861/13/3 1862/13/3 1863/13/3 1864/13/3
f 1865/13/4 1866/13/4 1867/13/4 1868/13/4
f 1869/13/3 1870/13/3 1871/13/3 1872/13/3
f 1873/13/4 1874/13/4 1875/13/4 1876/13/4
f 1877/13/3 1878/13/3 1879/13/3 1880/13/3
f 1881/13/4 1882/13/4 1883/13/4 1884/13/4
f 1885/13/2 1886/13/2 1887/13/2 1888/13/2
f 1889/13/3 1890/13/3 1891/13/3 1892/13/3
f 1893/13/4 1894/13/4 1895/13/4 1896/13/4
f 1897/12/1 1898/12/1 1899/12/1 1900/12/1
f 1901/12/3 1902/12/3 1903/12/3 1904/12/3
f 1905/12/4 1906/12/4 1907/12/4 1908/12/4
f 1909/3/3 1910/3/3 1911/3/3 1912/3/3
f 1913/3/4 1914/3/4 1915/3/4 1916/3/4
f 1917/9/3 1918/9/3 1919/9/3 1920/9/3
f 1921/9/4 1922/9/4 1923/9/4 1924/9/4
f 1925/9/3 1926/9/3 1927/9/3 1928/9/3
f 1929/9/4 1930/9/4 1931/9/4 1932/9/4
f 1933/3/3 1934/3/3 1935/3/3 1936/3/3
f 1937/3/4 1938/3/4 1939/3/4 1940/3/4
f 1941/9/3 1942/9/3 1943/9/3 1944/9/3
f 1945/9/4 1946/9/4 1947/9/4 1948/9/4
f 1949/3/3 1950/3/3 1951/3/3 1952/3/3
f 1953/3/4 1954/3/4 1955/3/4 1956/3/4
f 1957/9/3 1958/9/3 1959/9/3 1960/9/3
f 1961/9/4 1962/9/4 1963/9/4 1964/9/4
f 1965/9/3 1966/9/3 1967/9/3 1968/9/3
f 1969/9/4 1970/9/4 1971/9/4 1972/9/4
f 1973/14/3 1974/14/3 1975/14/3 1976/14/3
f 1977/14/4 1978/14/4 1979/14/4 1980/14/4
f 1981/14/3 1982/14/3 1983/14/3 1984/14/3
f 1985/14/4 1986/14/4 1987/14/4 1988/14/4
f 1989/14/3 1990/14/3 1991/14/3 1992/14/3
f 1993/14/4 1994/14/4 1995/14/4 1996/14/4
f 1997/14/3 1998/14/3 1999/14/3 2000/14/3
f 2001/14/4 2002/14/4 2003/14/4 2004/14/4
f 2005/14/3 2006/14/3 2007/14/3 2008/14/3
f 2009/14/4 2010/14/4 2011/14/4 2012/14/4
f 2013/14/3 2014/14/3 2015/14/3 2016/14/3
f 2017/14/4 2018/14/4 2019/14/4 2020/14/4
f 2021/14/3 2022/14/3 2023/14/3 2024/14/3
f 2025/14/4 2026/14/4 2027/14/4 2028/14/4
f 2029/14/3 2030/14/3 2031/14/3 2032/14/3
f 2033/14/4 2034/14/4 2035/14/4 2036/14/4
f 2037/14/3 2038/14/3 2039/14/3 2040/14/3
f 2041/14/4 2042/14/4 2043/14/4 2044/14/4
f 2045/14/3 2046/14/3 2047/14/3 2048/14/3
f 2049/14/4 2050/14/4 2051/14/4 2052/14/4
f 2053/14/3 2054/14/3 2055/14/3 2056/14/3
f 2057/14/4 2058/14/4 2059/14/4 2060/14/4
f 2061/14/3 2062/14/3 2063/14/3 2064/14/3
f 2065/14/4 2066/14/4 2067/14/4 2068/14/4
f 2069/14/3 2070/14/3 2071/14/3 2072/14/3
f 2073/14/4 2074/14/4 2075/14/4 2076/14/4
f 2077/14/3 2078/14/3 2079/14/3 2080/14/3
f 2081/14/4 2082/14/4 2083/14/4 2084/14/4
f 2085/14/2 2086/14/2 2087/14/2 2088/14/2
f 2089/14/3 2090/14/3 2091/14/3 2092/14/3
f 2093/14/4 2094/14/4 2095/14/4 2096/14/4
f 2097/12/1 2098/12/1 2099/12/1 2100/12/1
f 2101/12/3 2102/12/3 2103/12/3 2104/12/3
f 2105/12/4 2106/12/4 2107/12/4 2108/12/4
f 2109/9/3 2110/9/3 2111/9/3 2112/9/3
f 2113/9/4 2114/9/4 2115/9/4 2116/9/4
f 2117/9/3 2118/9/3 2119/9/3 2120/9/3
f 2121/9/4 2122/9/4 2123/9/4 2124/9/4
f 2125/9/3 2126/9/3 2127/9/3 2128/9/3
f 2129/9/4 2130/9/4 2131/9/4 2132/9/4
f 2133/9/3 2134/9/3 2135/9/3 2136/9/3
f 2137/9/4 2138/9/4 2139/9/4 2140/9/4
f 2141/9/3 2142/9/3 2143/9/3 2144/9/3
f 2145/9/4 2146/9/4 2147/9/4 2148/9/4
f 2149/12/3 2150/12/3 2151/12/3 2152/12/3
f 2153/12/4 2154/12/4 2155/12/4 2156/12/4
f 2157/12/3 2158/12/3 2159/12/3 2160/12/3
f 2161/12/4 2162/12/4 2163/12/4 2164/12/4
f 2165/12/3 2166/12/3 2167/12/3 2168/12/3
f 2169/12/4 2170/12/4 2171/12/4 2172/12/4
f 2173/12/3 2174/12/3 2175/12/3 2176/12/3
f 2177/12/4 2178/12/4 2179/12/4 2180/12/4
f 2181/12/3 2182/12/3 2183/12/3 2184/12/3
f 2185/12/4 2186/12/4 2187/12/4 2188/12/4
f 2189/12/3 2190/12/3 2191/12/3 2192/12/3
f 2193/12/4 2194/12/4 2195/12/4 2196/12/4
f 2197/12/3 2198/12/3 2199/12/3 2200/12/3
f 2201/12/4 2202/12/4 2203/12/4 2204/12/4
f 2205/12/3 2206/12/3 2207/12/3 2208/12/3
f 2209/12/4 2210/12/4 2211/12/4 2212/12/4
f 2213/12/3 2214/12/3 2215/12/3 2216/12/3
f 2217/12/4 2218/12/4 2219/12/4 2220/12/4
f 2221/12/3 2222/12/3 2223/12/3 2224/12/3
f 2225/12/4 2226/12/4 2227/12/4 2228/12/4
f 2229/12/3 2230/12/3 2231/12/3 2232/12/3
f 2233/12/4 2234/12/4 2235/12/4 2236/12/4
f 2237/12/3 2238/12/3 2239/12/3 2240/12/3
f 2241/12/4 2242/12/4 2243/12/4 2244/12/4
f 2245/12/3 2246/12/3 2247/12/3 2248/12/3
f 2249/12/4 2250/12/4 2251/12/4 2252/12/4
f 2253/12/3 2254/12/3 2255/12/3 2256/12/3
f 2257/12/4 2258/12/4 2259/12/4 2260/12/4
f 2261/12/3 2262/12/3 2263/12/3 2264/12/3
f 2265/12/4 2266/12/4 2267/12/4 2268/12/4
f 2269/12/3 2270/12/3 2271/12/3 2272/12/3
f 2273/12/4 2274/12/4 2275/12/4 2276/12/4
f 2277/12/3 2278/12/3 2279/12/3 2280/12/3
f 2281/12/4 2282/12/4 2283/12/4 2284/12/4
f 2285/12/2 2286/12/2 2287/12/2 2288/12/2
f 2289/12/3 2290/12/3 2291/12/3 2292/12/3
f 2293/12/4 2294/12/4 2295/12/4 2296/12/4
f 2297/12/1 2298/12/1 2299/12/1 2300/12/1
f 2301/12/3 2302/12/3 2303/12/3 2304/12/3
f 2305/12/4 2306/12/4 2307/12/4 2308/12/4
f 2309/9/3 2310/9/3 2311/9/3 2312/9/3
f 2313/9/4 2314/9/4 2315/9/4 2316/9/4
f 2317/9/3 2318/9/3 2319/9/3 2320/9/3
f 2321/9/4 2322/9/4 2323/9/4 2324/9/4
f 2325/9/3 2326/9/3 2327/9/3 2328/9/3
f 2329/9/4 2330/9/4 2331/9/4 2332/9/4
f 2333/9/3 2334/9/3 2335/9/3 2336/9/3
f 2337/9/4 2338/9/4 2339/9/4 2340/9/4
f 2341/14/3 2342/14/3 2343/14/3 2344/14/3
f 2345/14/4 2346/14/4 2347/14/4 2348/14/4
f 2349/3/3 2350/3/3 2351/3/3 2352/3/3
f 2353/3/4 2354/3/4 2355/3/4 2356/3/4
f 2357/3/3 2358/3/3 2359/3/3 2360/3/3
f 2361/3/4 2362/3/4 2363/3/4 2364/3/4
f 2365/12/3 2366/12/3 2367/12/3 2368/12/3
f 2369/12/4 2370/12/4 2371/12/4 2372/12/4
f 2373/3/3 2374/3/3 2375/3/3 2376/3/3
f 2377/3/4 2378/3/4 2379/3/4 2380/3/4
f 2381/3/3 2382/3/3 2383/3/3 2384/3/3
f 2385/3/4 2386/3/4 2387/3/4 2388/3/4
f 2389/12/3 2390/12/3 2391/12/3 2392/12/3
f 2393/12/4 2394/12/4 2395/12/4 2396/12/4
f 2397/12/3 2398/12/3 2399/12/3 2400/12/3
f 2401/12/4 2402/12/4 2403/12/4 2404/12/4
f 2405/12/3 2406/12/3 2407/12/3 2408/12/3
f 2409/12/4 2410/12/4 2411/12/4 2412/12/4
f 2413/12/3 2414/12/3 2415/12/3 2416/12/3
f 2417/12/4 2418/12/4 2419/12/4 2420/12/4
f 2421/12/3 2422/12/3 2423/12/3 2424/12/3
f 2425/12/4 2426/12/4 2427/12/4 2428/12/4
f 2429/3/3 2430/3/3 2431/3/3 2432/3/3
f 2433/3/4 2434/3/4 2435/3/4 2436/3/4
f 2437/3/3 2438/3/3 2439/3/3 2440/3/3
f 2441/3/4 2442/3/4 2443/3/4 2444/3/4
f 2445/12/3 2446/12/3 2447/12/3 2448/12/3
f 2449/12/4 2450/12/4 2451/12/4 2452/12/4
f 2453/3/3 2454/3/3 2455/3/3 2456/3/3
f 2457/3/4 2458/3/4 2459/3/4 2460/3/4
f 2461/12/3 2462/12/3 2463/12/3 2464/12/3
f 2465/12/4 2466/12/4 2467/12/4 2468/12/4
f 2469/3/3 2470/3/3 2471/3/3 2472/3/3
f 2473/3/4 2474/3/4 2475/3/4 2476/3/4
f 2477/3/3 2478/3/3 2479/3/3 2480/3/3
f 2481/3/4 2482/3/4 2483/3/4 2484/3/4
f 2485/12/2 2486/12/2 2487/12/2 2488/12/2
f 2489/12/3 2490/12/3 2491/12/3 2492/12/3
f 2493/12/4 2494/12/4 2495/12/4 2496/12/4
f 2497/3/1 2498/3/1 2499/3/1 2500/3/1
f 2501/3/3 2502/3/3 2503/3/3 2504/3/3
f 2505/3/4 2506/3/4 2507/3/4 2508/3/4
f 2509/9/3 2510/9/3 2511/9/3 2512/9/3
f 2513/9/4 2514/9/4 2515/9/4 2516/9/4
f 2517/9/3 2518/9/3 2519/9/3 2520/9/3
f 2521/9/4 2522/9/4 2523/9/4 2524/9/4
f 2525/9/3 2526/9/3 2527/9/3 2528/9/3
f 2529/9/4 2530/9/4 2531/9/4 2532/9/4
f 2533/9/3 2534/9/3 2535/9/3 2536/9/3
f 2537/9/4 2538/9/4 2539/9/4 2540/9/4
f 2541/13/3 2542/13/3 2543/13/3 2544/13/3
f 2545/13/4 2546/13/4 2547/13/4 2548/13/4
f 2549/12/3 2550/12/3 2551/12/3 2552/12/3
f 2553/12/4 2554/12/4 2555/12/4 2556/12/4
f 2557/3/3 2558/3/3 2559/3/3 2560/3/3
f 2561/3/4 2562/3/4 2563/3/4 2564/3/4
f 2565/9/3 2566/9/3 2567/9/3 2568/9/3
f 2569/9/4 2570/9/4 2571/9/4 2572/9/4
f 2573/9/3 2574/9/3 2575/9/3 2576/9/3
f 2577/9/4 2578/9/4 2579/9/4 2580/9/4
f 2581/9/3 2582/9/3 2583/9/3 2584/9/3
f 2585/9/4 2586/9/4 2587/9/4 2588/9/4
f 2589/3/3 2590/3/3 2591/3/3 2592/3/3
f 2593/3/4 2594/3/4 2595/3/4 2596/3/4
f 2597/3/3 2598/3/3 2599/3/3 2600/3/3
f 2601/3/4 2602/3/4 2603/3/4 2604/3/4
f 2605/9/3 2606/9/3 2607/9/3 2608/9/3
f 2609/9/4 2610/9/4 2611/9/4 2612/9/4
f 2613/9/3 2614/9/3 2615/9/3 2616/9/3
f 2617/9/4 2618/9/4 2619/9/4 2620/9/4
f 2621/9/3 2622/9/3 2623/9/3 2624/9/3
f 2625/9/4 2626/9/4 2627/9/4 2628/9/4
f 2629/9/3 2630/9/3 2631/9/3 2632/9/3
f 2633/9/4 2634/9/4 2635/9/4 2636/9/4
f 2637/9/3 2638/9/3 2639/9/3 2640/9/3
f 2641/9/4 2642/9/4 2643/9/4 2644/9/4
f 2645/9/3 2646/9/3 2647/9/3 2648/9/3
f 2649/9/4 2650/9/4 2651/9/4 2652/9/4
f 2653/3/3 2654/3/3 2655/3/3 2656/3/3
f 2657/3/4 2658/3/4 2659/3/4 2660/3/4
f 2661/3/3 2662/3/3 2663/3/3 2664/3/3
f 2665/3/4 2666/3/4 2667/3/4 2668/3/4
f 2669/3/3 2670/3/3 2671/3/3 2672/3/3
f 2673/3/4 2674/3/4 2675/3/4 2676/3/4
f 2677/9/3 2678/9/3 2679/9/3 2680/9/3
f 2681/9/4 2682/9/4 2683/9/4 2684/9/4
f 2685/9/2 2686/9/2 2687/9/2 2688/9/2
f 2689/9/3 2690/9/3 2691/9/3 2692/9/3
f 2693/9/4 2694/9/4 2695/9/4 2696/9/4
f 2697/3/1 2698/3/1 2699/3/1 2700/3/1
f 2701/3/3 2702/3/3 2703/3/3 2704/3/3
f 2705/3/4 2706/3/4 2707/3/4 2708/3/4
f 2709/9/3 2710/9/3 2711/9/3 2712/9/3
f 2713/9/4 2714/9/4 2715/9/4 2716/9/4
f 2717/9/3 2718/9/3 2719/9/3 2720/9/3
f 2721/9/4 2722/9/4 2723/9/4 2724/9/4
f 2725/9/3 2726/9/3 2727/9/3 2728/9/3
f 2729/9/4 2730/9/4 2731/9/4 2732/9/4
f 2733/9/3 2734/9/3 2735/9/3 2736/9/3
f 2737/9/4 2738/9/4 2739/9/4 2740/9/4
f 2741/14/3 2742/14/3 2743/14/3 2744/14/3
f 2745/14/4 2746/14/4 2747/14/4 2748/14/4
f 2749/3/3 2750/3/3 2751/3/3 2752/3/3
f 2753/3/4 2754/3/4 2755/3/4 2756/3/4
f 2757/9/3 2758/9/3 2759/9/3 2760/9/3
f 2761/9/4 2762/9/4 2763/9/4 2764/9/4
f 2765/9/3 2766/9/3 2767/9/3 2768/9/3
f 2769/9/4 2770/9/4 2771/9/4 2772/9/4
f 2773/14/3 2774/14/3 2775/14/3 2776/14/3
f 2777/14/4 2778/14/4 2779/14/4 2780/14/4
f 2781/13/3 2782/13/3 2783/13/3 2784/13/3
f 2785/13/4 2786/13/4 2787/13/4 2788/13/4
f 2789/13/3 2790/13/3 2791/13/3 2792/13/3
f 2793/13/4 2794/13/4 2795/13/4 2796/13/4
f 2797/14/3 2798/14/3 2799/14/3 2800/14/3
f 2801/14/4 2802/14/4 2803/14/4 2804/14/4
f 2805/14/3 2806/14/3 2807/14/3 2808/14/3
f 2809/14/4 2810/14/4 2811/14/4 2812/14/4
f 2813/14/3 2814/14/3 2815/14/3 2816/14/3
f 2817/14/4 2818/14/4 2819/14/4 2820/14/4
f 2821/13/3 2822/13/3 2823/13/3 2824/13/3
f 2825/13/4 2826/13/4 2827/13/4 2828/13/4
f 2829/14/3 2830/14/3 2831/14/3 2832/14/3
f 2833/14/4 2834/14/4 2835/14/4 2836/14/4
f 2837/13/3 2838/13/3 2839/13/3 2840/13/3
f 2841/13/4 2842/13/4 2843/13/4 2844/13/4
f 2845/13/3 2846/13/3 2847/13/3 2848/13/3
f 2849/13/4 2850/13/4 2851/13/4 2852/13/4
f 2853/14/3 2854/14/3 2855/14/3 2856/14/3
f 2857/14/4 2858/14/4 2859/14/4 2860/14/4
f 2861/14/3 2862/14/3 2863/14/3 2864/14/3
f 2865/14/4 2866/14/4 2867/14/4 2868/14/4
f 2869/13/3 2870/13/3 2871/13/3 2872/13/3
f 2873/13/4 2874/13/4 2875/13/4 2876/13/4
f 2877/14/3 2878/14/3 2879/14/3 2880/14/3
f 2881/14/4 2882/14/4 2883/14/4 2884/14/4
f 2885/13/2 2886/13/2 2887/13/2 2888/13/2
f 2889/13/3 2890/13/3 2891/13/3 2892/13/3
f 2893/13/4 2894/13/4 2895/13/4 2896/13/4
f 2897/12/1 2898/12/1 2899/12/1 2900/12/1
f 2901/12/3 2902/12/3 2903/12/3 2904/12/3
f 2905/12/4 2906/12/4 2907/12/4 2908/12/4
f 2909/9/3 2910/9/3 2911/9/3 2912/9/3
f 2913/9/4 2914/9/4 2915/9/4 2916/9/4
f 2917/9/3 2918/9/3 2919/9/3 2920/9/3
f 2921/9/4 2922/9/4 2923/9/4 2924/9/4
f 2925/9/3 2926/9/3 2927/9/3 2928/9/3
f 2929/9/4 2930/9/4 2931/9/4 2932/9/4
f 2933/9/3 2934/9/3 2935/9/3 2936/9/3
f 2937/9/4 2938/9/4 2939/9/4 2940/9/4
f 2941/9/3 2942/9/3 2943/9/3 2944/9/3
f 2945/9/4 2946/9/4 2947/9/4 2948/9/4
f 2949/9/3 2950/9/3 2951/9/3 2952/9/3
f 2953/9/4 2954/9/4 2955/9/4 2956/9/4
f 2957/9/3 2958/9/3 2959/9/3 2960/9/3
f 2961/9/4 2962/9/4 2963/9/4 2964/9/4
f 2965/14/3 2966/14/3 2967/14/3 2968/14/3
f 2969/14/4 2970/14/4 2971/14/4 2972/14/4
f 2973/13/3 2974/13/3 2975/13/3 2976/13/3
f 2977/13/4 2978/13/4 2979/13/4 2980/13/4
f 2981/13/3 2982/13/3 2983/13/3 2984/13/3
f 2985/13/4 2986/13/4 2987/13/4 2988/13/4
f 2989/13/3 2990/13/3 2991/13/3 2992/13/3
f 2993/13/4 2994/13/4 2995/13/4 2996/13/4
f 2997/13/3 2998/13/3 2999/13/3 3000/13/3
f 3001/13/4 3002/13/4 3003/13/4 3004/13/4
f 3005/13/3 3006/13/3 3007/13/3 3008/13/3
f 3009/13/4 3010/13/4 3011/13/4 3012/13/4
f 3013/13/3 3014/13/3 3015/13/3 3016/13/3
f 3017/13/4 3018/13/4 3019/13/4 3020/13/4
f 3021/13/3 3022/13/3 3023/13/3 3024/13/3
f 3025/13/4 3026/13/4 3027/13/4 3028/13/4
f 3029/13/3 3030/13/3 3031/13/3 3032/13/3
f 3033/13/4 3034/13/4 3035/13/4 3036/13/4
f 3037/13/3 3038/13/3 3039/13/3 3040/13/3
f 3041/13/4 3042/13/4 3043/13/4 3044/13/4
f 3045/13/3 3046/13/3 3047/13/3 3048/13/3
f 3049/13/4 3050/13/4 3051/13/4 3052/13/4
f 3053/13/3 3054/13/3 3055/13/3 3056/13/3
f 3057/13/4 3058/13/4 3059/13/4 3060/13/4
f 3061/13/3 3062/13/3 3063/13/3 3064/13/3
f 3065/13/4 3066/13/4 3067/13/4 3068/13/4
f 3069/13/3 3070/13/3 3071/13/3 3072/13/3
f 3073/13/4 3074/13/4 3075/13/4 3076/13/4
f 3077/13/3 3078/13/3 3079/13/3 3080/13/3
f 3081/13/4 3082/13/4 3083/13/4 3084/13/4
f 3085/13/2 3086/13/2 3087/13/2 3088/13/2
f 3089/13/3 3090/13/3 3091/13/3 3092/13/3
f 3093/13/4 3094/13/4 3095/13/4 3096/13/4
f 3097/12/1 3098/12/1 3099/12/1 3100/12/1
f 3101/12/3 3102/12/3 3103/12/3 3104/12/3
f 3105/12/4 3106/12/4 3107/12/4 3108/12/4
f 3109/3/3 3110/3/3 3111/3/3 3112/3/3
f 3113/3/4 3114/3/4 3115/3/4 3116/3/4
f 3117/9/3 3118/9/3 3119/9/3 3120/9/3
f 3121/9/4 3122/9/4 3123/9/4 3124/9/4
f 3125/9/3 3126/9/3 3127/9/3 3128/9/3
f 3129/9/4 3130/9/4 3131/9/4 3132/9/4
f 3133/3/3 3134/3/3 3135/3/3 3136/3/3
f 3137/3/4 3138/3/4 3139/3/4 3140/3/4
f 3141/9/3 3142/9/3 3143/9/3 3144/9/3
f 3145/9/4 3146/9/4 3147/9/4 3148/9/4
f 3149/3/3 3150/3/3 3151/3/3 3152/3/3
f 3153/3/4 3154/3/4 3155/3/4 3156/3/4
f 3157/9/3 3158/9/3 3159/9/3 3160/9/3
f 3161/9/4 3162/9/4 3163/9/4 3164/9/4
f 3165/9/3 3166/9/3 3167/9/3 3168/9/3
f 3169/9/4 3170/9/4 3171/9/4 3172/9/4
f 3173/14/3 3174/14/3 3175/14/3 3176/14/3
f 3177/14/4 3178/14/4 3179/14/4 3180/14/4
f 3181/14/3 3182/14/3 3183/14/3 3184/14/3
f 3185/14/4 3186/14/4 3187/14/4 3188/14/4
f 3189/14/3 3190/14/3 3191/14/3 3192/14/3
f 3193/14/4 3194/14/4 3195/14/4 3196/14/4
f 3197/14/3 3198/14/3 3199/14/3 3200/14/3
f 3201/14/4 3202/14/4 3203/14/4 3204/14/4
f 3205/14/3 3206/14/3 3207/14/3 3208/14/3
f 3209/14/4 3210/14/4 3211/14/4 3212/14/4
f 3213/14/3 3214/14/3 3215/14/3 3216/14/3
f 3217/14/4 3218/14/4 3219/14/4 3220/14/4
f 3221/14/3 3222/14/3 3223/14/3 3224/14/3
f 3225/14/4 3226/14/4 3227/14/4 3228/14/4
f 3229/14/3 3230/14/3 3231/14/3 3232/14/3
f 3233/14/4 3234/14/4 3235/14/4 3236/14/4
f 3237/14/3 3238/14/3 3239/14/3 3240/14/3
f 3241/14/4 3242/14/4 3243/14/4 3244/14/4
f 3245/14/3 3246/14/3 3247/14/3 3248/14/3
f 3249/14/4 3250/14/4 3251/14/4 3252/14/4
f 3253/14/3 3254/14/3 3255/14/3 3256/14/3
f 3257/14/4 3258/14/4 3259/14/4 3260/14/4
f 3261/14/3 3262/14/3 3263/14/3 3264/14/3
f 3265/14/4 3266/14/4 3267/14/4 3268/14/4
f 3269/14/3 3270/14/3 3271/14/3 3272/14/3
f 3273/14/4 3274/14/4 3275/14/4 3276/14/4
f 3277/14/3 3278/14/3 3279/14/3 3280/14/3
f 3281/14/4 3282/14/4 3283/14/4 3284/14/4
f 3285/14/2 3286/14/2 3287/14/2 3288/14/2
f 3289/14/3 3290/14/3 3291/14/3 3292/14/3
f 3293/14/4 3294/14/4 3295/14/4 3296/14/4
f 3297/12/1 3298/12/1 3299/12/1 3300/12/1
f 3301/12/3 3302/12/3 3303/12/3 3304/12/3
f 3305/12/4 3306/12/4 3307/12/4 3308/12/4
f 3309/12/3 3310/12/3 3311/12/3 3312/12/3
f 3313/12/4 3314/12/4 3315/12/4 3316/12/4
f 3317/3/3 3318/3/3 3319/3/3 3320/3/3
f 3321/3/4 3322/3/4 3323/3/4 3324/3/4
f 3325/12/3 3326/12/3 3327/12/3 3328/12/3
f 3329/12/4 3330/12/4 3331/12/4 3332/12/4
f 3333/12/3 3334/12/3 3335/12/3 3336/12/3
f 3337/12/4 3338/12/4 3339/12/4 3340/12/4
f 3341/9/3 3342/9/3 3343/9/3 3344/9/3
f 3345/9/4 3346/9/4 3347/9/4 3348/9/4
f 3349/12/3 3350/12/3 3351/12/3 3352/12/3
f 3353/12/4 3354/12/4 3355/12/4 3356/12/4
f 3357/12/3 3358/12/3 3359/12/3 3360/12/3
f 3361/12/4 3362/12/4 3363/12/4 3364/12/4
f 3365/12/3 3366/12/3 3367/12/3 3368/12/3
f 3369/12/4 3370/12/4 3371/12/4 3372/12/4
f 3373/12/3 3374/12/3 3375/12/3 3376/12/3
f 3377/12/4 3378/12/4 3379/12/4 3380/12/4
f 3381/12/3 3382/12/3 3383/12/3 3384/12/3
f 3385/12/4 3386/12/4 3387/12/4 3388/12/4
f 3389/12/3 3390/12/3 3391/12/3 3392/12/3
f 3393/12/4 3394/12/4 3395/12/4 3396/12/4
f 3397/12/3 3398/12/3 3399/12/3 3400/12/3
f 3401/12/4 3402/12/4 3403/12/4 3404/12/4
f 3405/12/3 3406/12/3 3407/12/3 3408/12/3
f 3409/12/4 3410/12/4 3411/12/4 3412/12/4
f 3413/12/3 3414/12/3 3415/12/3 3416/12/3
f 3417/12/4 3418/12/4 3419/12/4 3420/12/4
f 3421/12/3 3422/12/3 3423/12/3 3424/12/3
f 3425/12/4 3426/12/4 3427/12/4 3428/12/4
f 3429/12/3 3430/12/3 3431/12/3 3432/12/3
f 3433/12/4 3434/12/4 3435/12/4 3436/12/4
f 3437/12/3 3438/12/3 3439/12/3 3440/12/3
f 3441/12/4 3442/12/4 3443/12/4 3444/12/4
f 3445/12/3 3446/12/3 3447/12/3 3448/12/3
f 3449/12/4 3450/12/4 3451/12/4 3452/12/4
f 3453/12/3 3454/12/3 3455/12/3 3456/12/3
f 3457/12/4 3458/12/4 3459/12/4 3460/12/4
f 3461/12/3 3462/12/3 3463/12/3 3464/12/3
f 3465/12/4 3466/12/4 3467/12/4 3468/12/4
f 3469/12/3 3470/12/3 3471/12/3 3472/12/3
f 3473/12/4 3474/12/4 3475/12/4 3476/12/4
f 3477/12/3 3478/12/3 3479/12/3 3480/12/3
f 3481/12/4 3482/12/4 3483/12/4 3484/12/4
f 3485/12/2 3486/12/2 3487/12/2 3488/12/2
f 3489/12/3 3490/12/3 3491/12/3 3492/12/3
f 3493/12/4 3494/12/4 3495/12/4 3496/12/4
f 3497/10/1 3498/10/1 3499/10/1 3500/10/1
f 3501/10/3 3502/10/3 3503/10/3 3504/10/3
f 3505/10/4 3506/10/4 3507/10/4 3508/10/4
f 3509/10/3 3510/10/3 3511/10/3 3512/10/3
f 3513/10/4 3514/10/4 3515/10/4 3516/10/4
f 3517/10/3 3518/10/3 3519/10/3 3520/10/3
f 3521/10/4 3522/10/4 3523/10/4 3524/10/4
f 3525/10/3 3526/10/3 3527/10/3 3528/10/3
f 3529/10/4 3530/10/4 3531/10/4 3532/10/4
f 3533/10/3 3534/10/3 3535/10/3 3536/10/3
f 3537/10/4 3538/10/4 3539/10/4 3540/10/4
f 3541/10/3 3542/10/3 3543/10/3 3544/10/3
f 3545/10/4 3546/10/4 3547/10/4 3548/10/4
f 3549/10/3 3550/10/3 3551/10/3 3552/10/3
f 3553/10/4 3554/10/4 3555/10/4 3556/10/4
f 3557/10/3 3558/10/3 3559/10/3 3560/10/3
f 3561/10/4 3562/10/4 3563/10/4 3564/10/4
f 3565/10/3 3566/10/3 3567/10/3 3568/10/3
f 3569/10/4 3570/10/4 3571/10/4 3572/10/4
f 3573/10/3 3574/10/3 3575/10/3 3576/10/3
f 3577/10/4 3578/10/4 3579/10/4 3580/10/4
f 3581/10/3 3582/10/3 3583/10/3 3584/10/3
f 3585/10/4 3586/10/4 3587/10/4 3588/10/4
f 3589/10/3 3590/10/3 3591/10/3 3592/10/3
f 3593/10/4 3594/10/4 3595/10/4 3596/10/4
f 3597/10/3 3598/10/3 3599/10/3 3600/10/3
f 3601/10/4 3602/10/4 3603/10/4 3604/10/4
f 3605/10/3 3606/10/3 3607/10/3 3608/10/3
f 3609/10/4 3610/10/4 3611/10/4 3612/10/4
f 3613/10/3 3614/10/3 3615/10/3 3616/10/3
f 3617/10/4 3618/10/4 3619/10/4 3620/10/4
f 3621/10/3 3622/10/3 3623/10/3 3624/10/3
f 3625/10/4 3626/10/4 3627/10/4 3628/10/4
f 3629/10/3 3630/10/3 3631/10/3 3632/10/3
f 3633/10/4 3634/10/4 3635/10/4 3636/10/4
f 3637/10/3 3638/10/3 3639/10/3 3640/10/3
f 3641/10/4 3642/10/4 3643/10/4 3644/10/4
f 3645/10/3 3646/10/3 3647/10/3 3648/10/3
f 3649/10/4 3650/10/4 3651/10/4 3652/10/4
f 3653/10/3 3654/10/3 3655/10/3 3656/10/3
f 3657/10/4 3658/10/4 3659/10/4 3660/10/4
f 3661/10/3 3662/10/3 3663/10/3 3664/10/3
f 3665/10/4 3666/10/4 3667/10/4 3668/10/4
f 3669/10/3 3670/10/3 3671/10/3 3672/10/3
f 3673/10/4 3674/10/4 3675/10/4 3676/10/4
f 3677/10/3 3678/10/3 3679/10/3 3680/10/3
f 3681/10/4 3682/10/4 3683/10/4 3684/10/4
f 3685/10/2 3686/10/2 3687/10/2 3688/10/2
f 3689/10/3 3690/10/3 3691/10/3 3692/10/3
f 3693/10/4 3694/10/4 3695/10/4 3696/10/4
f 3697/10/1 3698/10/1 3699/10/1 3700/10/1
f 3701/10/3 3702/10/3 3703/10/3 3704/10/3
f 3705/10/4 3706/10/4 3707/10/4 3708/10/4
f 3709/4/3 3710/4/3 3711/4/3 3712/4/3
f 3713/4/4 3714/4/4 3715/4/4 3716/4/4
f 3717/4/3 3718/4/3 3719/4/3 3720/4/3
f 3721/4/4 3722/4/4 3723/4/4 3724/4/4
f 3725/10/3 3726/10/3 3727/10/3 3728/10/3
f 3729/10/4 3730/10/4 3731/10/4 3732/10/4
f 3733/10/3 3734/10/3 3735/10/3 3736/10/3
f 3737/10/4 3738/10/4 3739/10/4 3740/10/4
f 3741/4/3 3742/4/3 3743/4/3 3744/4/3
f 3745/4/4 3746/4/4 3747/4/4 3748/4/4
f 3749/4/3 3750/4/3 3751/4/3 3752/4/3
f 3753/4/4 3754/4/4 3755/4/4 3756/4/4
f 3757/10/3 3758/10/3 3759/10/3 3760/10/3
f 3761/10/4 3762/10/4 3763/10/4 3764/10/4
f 3765/11/3 3766/11/3 3767/11/3 3768/11/3
f 3769/11/4 3770/11/4 3771/11/4 3772/11/4
f 3773/11/3 3774/11/3 3775/11/3 3776/11/3
f 3777/11/4 3778/11/4 3779/11/4 3780/11/4
f 3781/11/3 3782/11/3 3783/11/3 3784/11/3
f 3785/11/4 3786/11/4 3787/11/4 3788/11/4
f 3789/10/3 3790/10/3 3791/10/3 3792/10/3
f 3793/10/4 3794/10/4 3795/10/4 3796/10/4
f 3797/1/3 3798/1/3 3799/1/3 3800/1/3
f 3801/1/4 3802/1/4 3803/1/4 3804/1/4
f 3805/10/3 3806/10/3 3807/10/3 3808/10/3
f 3809/10/4 3810/10/4 3811/10/4 3812/10/4
f 3813/1/3 3814/1/3 3815/1/3 3816/1/3
f 3817/1/4 3818/1/4 3819/1/4 3820/1/4
f 3821/1/3 3822/1/3 3823/1/3 3824/1/3
f 3825/1/4 3826/1/4 3827/1/4 3828/1/4
f 3829/11/3 3830/11/3 3831/11/3 3832/11/3
f 3833/11/4 3834/11/4 3835/11/4 3836/11/4
f 3837/4/3 3838/4/3 3839/4/3 3840/4/3
f 3841/4/4 3842/4/4 3843/4/4 3844/4/4
f 3845/4/3 3846/4/3 3847/4/3 3848/4/3
f 3849/4/4 3850/4/4 3851/4/4 3852/4/4
f 3853/4/3 3854/4/3 3855/4/3 3856/4/3
f 3857/4/4 3858/4/4 3859/4/4 3860/4/4
f 3861/10/3 3862/10/3 3863/10/3 3864/10/3
f 3865/10/4 3866/10/4 3867/10/4 3868/10/4
f 3869/11/3 3870/11/3 3871/11/3 3872/11/3
f 3873/11/4 3874/11/4 3875/11/4 3876/11/4
f 3877/11/3 3878/11/3 3879/11/3 3880/11/3
f 3881/11/4 3882/11/4 3883/11/4 3884/11/4
f 3885/10/2 3886/10/2 3887/10/2 3888/10/2
f 3889/10/3 3890/10/3 3891/10/3 3892/10/3
f 3893/10/4 3894/10/4 3895/10/4 3896/10/4
f 3897/10/1 3898/10/1 3899/10/1 3900/10/1
f 3901/10/3 3902/10/3 3903/10/3 3904/10/3
f 3905/10/4 3906/10/4 3907/10/4 3908/10/4
f 3909/11/3 3910/11/3 3911/11/3 3912/11/3
f 3913/11/4 3914/11/4 3915/11/4 3916/11/4
f 3917/10/3 3918/10/3 3919/10/3 3920/10/3
f 3921/10/4 3922/10/4 3923/10/4 3924/10/4
f 3925/11/3 3926/11/3 3927/11/3 3928/11/3
f 3929/11/4 3930/11/4 3931/11/4 3932/11/4
f 3933/6/3 3934/6/3 3935/6/3 3936/6/3
f 3937/6/4 3938/6/4 3939/6/4 3940/6/4
f 3941/10/3 3942/10/3 3943/10/3 3944/10/3
f 3945/10/4 3946/10/4 3947/10/4 3948/10/4
f 3949/4/3 3950/4/3 3951/4/3 3952/4/3
f 3953/4/4 3954/4/4 3955/4/4 3956/4/4
f 3957/11/3 3958/11/3 3959/11/3 3960/11/3
f 3961/11/4 3962/11/4 3963/11/4 3964/11/4
f 3965/6/3 3966/6/3 3967/6/3 3968/6/3
f 3969/6/4 3970/6/4 3971/6/4 3972/6/4
f 3973/6/3 3974/6/3 3975/6/3 3976/6/3
f 3977/6/4 3978/6/4 3979/6/4 3980/6/4
f 3981/6/3 3982/6/3 3983/6/3 3984/6/3
f 3985/6/4 3986/6/4 3987/6/4 3988/6/4
f 3989/1/3 3990/1/3 3991/1/3 3992/1/3
f 3993/1/4 3994/1/4 3995/1/4 3996/1/4
f 3997/6/3 3998/6/3 3999/6/3 4000/6/3
f 4001/6/4 4002/6/4 4003/6/4 4004/6/4
f 4005/11/3 4006/11/3 4007/11/3 4008/11/3
f 4009/11/4 4010/11/4 4011/11/4 4012/11/4
f 4013/1/3 4014/1/3 4015/1/3 4016/1/3
f 4017/1/4 4018/1/4 4019/1/4 4020/1/4
f 4021/1/3 4022/1/3 4023/1/3 4024/1/3
f 4025/1/4 4026/1/4 4027/1/4 4028/1/4
f 4029/1/3 4030/1/3 4031/1/3 4032/1/3
f 4033/1/4 4034/1/4 4035/1/4 4036/1/4
f 4037/4/3 4038/4/3 4039/4/3 4040/4/3
f 4041/4/4 4042/4/4 4043/4/4 4044/4/4
f 4045/11/3 4046/11/3 4047/11/3 4048/11/3
f 4049/11/4 4050/11/4 4051/11/4 4052/11/4
f 4053/10/3 4054/10/3 4055/10/3 4056/10/3
f 4057/10/4 4058/10/4 4059/10/4 4060/10/4
f 4061/11/3 4062/11/3 4063/11/3 4064/11/3
f 4065/11/4 4066/11/4 4067/11/4 4068/11/4
f 4069/6/3 4070/6/3 4071/6/3 4072/6/3
f 4073/6/4 4074/6/4 4075/6/4 4076/6/4
f 4077/6/3 4078/6/3 4079/6/3 4080/6/3
f 4081/6/4 4082/6/4 4083/6/4 4084/6/4
f 4085/6/2 4086/6/2 4087/6/2 4088/6/2
f 4089/6/3 4090/6/3 4091/6/3 4092/6/3
f 4093/6/4 4094/6/4 4095/6/4 4096/6/4
f 4097/10/1 4098/10/1 4099/10/1 4100/10/1
f 4101/10/3 4102/10/3 4103/10/3 4104/10/3
f 4105/10/4 4106/10/4 4107/10/4 4108/10/4
f 4109/1/3 4110/1/3 4111/1/3 4112/1/3
f 4113/1/4 4114/1/4 4115/1/4 4116/1/4
f 4117/1/3 4118/1/3 4119/1/3 4120/1/3
f 4121/1/4 4122/1/4 4123/1/4 4124/1/4
f 4125/11/3 4126/11/3 4127/11/3 4128/11/3
f 4129/11/4 4130/11/4 4131/11/4 4132/11/4
f 4133/6/3 4134/6/3 4135/6/3 4136/6/3
f 4137/6/4 4138/6/4 4139/6/4 4140/6/4
f 4141/6/3 4142/6/3 4143/6/3 4144/6/3
f 4145/6/4 4146/6/4 4147/6/4 4148/6/4
f 4149/4/3 4150/4/3 4151/4/3 4152/4/3
f 4153/4/4 4154/4/4 4155/4/4 4156/4/4
f 4157/11/3 4158/11/3 4159/11/3 4160/11/3
f 4161/11/4 4162/11/4 4163/11/4 4164/11/4
f 4165/11/3 4166/11/3 4167/11/3 4168/11/3
f 4169/11/4 4170/11/4 4171/11/4 4172/11/4
f 4173/11/3 4174/11/3 4175/11/3 4176/11/3
f 4177/11/4 4178/11/4 4179/11/4 4180/11/4
f 4181/1/3 4182/1/3 4183/1/3 4184/1/3
f 4185/1/4 4186/1/4 4187/1/4 4188/1/4
f 4189/1/3 4190/1/3 4191/1/3 4192/1/3
f 4193/1/4 4194/1/4 4195/1/4 4196/1/4
f 4197/11/3 4198/11/3 4199/11/3 4200/11/3
f 4201/11/4 4202/11/4 4203/11/4 4204/11/4
f 4205/6/3 4206/6/3 4207/6/3 4208/6/3
f 4209/6/4 4210/6/4 4211/6/4 4212/6/4
f 4213/6/3 4214/6/3 4215/6/3 4216/6/3
f 4217/6/4 4218/6/4 4219/6/4 4220/6/4
f 4221/11/3 4222/11/3 4223/11/3 4224/11/3
f 4225/11/4 4226/11/4 4227/11/4 4228/11/4
f 4229/6/3 4230/6/3 4231/6/3 4232/6/3
f 4233/6/4 4234/6/4 4235/6/4 4236/6/4
f 4237/10/3 4238/10/3 4239/10/3 4240/10/3
f 4241/10/4 4242/10/4 4243/10/4 4244/10/4
f 4245/10/3 4246/10/3 4247/10/3 4248/10/3
f 4249/10/4 4250/10/4 4251/10/4 4252/10/4
f 4253/4/3 4254/4/3 4255/4/3 4256/4/3
f 4257/4/4 4258/4/4 4259/4/4 4260/4/4
f 4261/1/3 4262/1/3 4263/1/3 4264/1/3
f 4265/1/4 4266/1/4 4267/1/4 4268/1/4
f 4269/11/3 4270/11/3 4271/11/3 4272/11/3
f 4273/11/4 4274/11/4 4275/11/4 4276/11/4
f 4277/11/3 4278/11/3 4279/11/3 4280/11/3
f 4281/11/4 4282/11/4 4283/11/4 4284/11/4
f 4285/4/2 4286/4/2 4287/4/2 4288/4/2
f 4289/4/3 4290/4/3 4291/4/3 4292/4/3
f 4293/4/4 4294/4/4 4295/4/4 4296/4/4
f 4297/6/1 4298/6/1 4299/6/1 4300/6/1
f 4301/6/3 4302/6/3 4303/6/3 4304/6/3
f 4305/6/4 4306/6/4 4307/6/4 4308/6/4
f 4309/6/3 4310/6/3 4311/6/3 4312/6/3
f 4313/6/4 4314/6/4 4315/6/4 4316/6/4
f 4317/4/3 4318/4/3 4319/4/3 4320/4/3
f 4321/4/4 4322/4/4 4323/4/4 4324/4/4
f 4325/4/3 4326/4/3 4327/4/3 4328/4/3
f 4329/4/4 4330/4/4 4331/4/4 4332/4/4
f 4333/11/3 4334/11/3 4335/11/3 4336/11/3
f 4337/11/4 4338/11/4 4339/11/4 4340/11/4
f 4341/11/3 4342/11/3 4343/11/3 4344/11/3
f 4345/11/4 4346/11/4 4347/11/4 4348/11/4
f 4349/1/3 4350/1/3 4351/1/3 4352/1/3
f 4353/1/4 4354/1/4 4355/1/4 4356/1/4
f 4357/1/3 4358/1/3 4359/1/3 4360/1/3
f 4361/1/4 4362/1/4 4363/1/4 4364/1/4
f 4365/1/3 4366/1/3 4367/1/3 4368/1/3
f 4369/1/4 4370/1/4 4371/1/4 4372/1/4
f 4373/1/3 4374/1/3 4375/1/3 4376/1/3
f 4377/1/4 4378/1/4 4379/1/4 4380/1/4
f 4381/1/3 4382/1/3 4383/1/3 4384/1/3
f 4385/1/4 4386/1/4 4387/1/4 4388/1/4
f 4389/4/3 4390/4/3 4391/4/3 4392/4/3
f 4393/4/4 4394/4/4 4395/4/4 4396/4/4
f 4397/4/3 4398/4/3 4399/4/3 4400/4/3
f 4401/4/4 4402/4/4 4403/4/4 4404/4/4
f 4405/11/3 4406/11/3 4407/11/3 4408/11/3
f 4409/11/4 4410/11/4 4411/11/4 4412/11/4
f 4413/6/3 4414/6/3 4415/6/3 4416/6/3
f 4417/6/4 4418/6/4 4419/6/4 4420/6/4
f 4421/10/3 4422/10/3 4423/10/3 4424/10/3
f 4425/10/4 4426/10/4 4427/10/4 4428/10/4
f 4429/4/3 4430/4/3 4431/4/3 4432/4/3
f 4433/4/4 4434/4/4 4435/4/4 4436/4/4
f 4437/1/3 4438/1/3 4439/1/3 4440/1/3
f 4441/1/4 4442/1/4 4443/1/4 4444/1/4
f 4445/11/3 4446/11/3 4447/11/3 4448/11/3
f 4449/11/4 4450/11/4 4451/11/4 4452/11/4
f 4453/6/3 4454/6/3 4455/6/3 4456/6/3
f 4457/6/4 4458/6/4 4459/6/4 4460/6/4
f 4461/4/3 4462/4/3 4463/4/3 4464/4/3
f 4465/4/4 4466/4/4 4467/4/4 4468/4/4
f 4469/10/3 4470/10/3 4471/10/3 4472/10/3
f 4473/10/4 4474/10/4 4475/10/4 4476/10/4
f 4477/10/3 4478/10/3 4479/10/3 4480/10/3
f 4481/10/4 4482/10/4 4483/10/4 4484/10/4
f 4485/11/2 4486/11/2 4487/11/2 4488/11/2
f 4489/11/3 4490/11/3 4491/11/3 4492/11/3
f 4493/11/4 4494/11/4 4495/11/4 4496/11/4
f 4497/6/1 4498/6/1 4499/6/1 4500/6/1
f 4501/6/3 4502/6/3 4503/6/3 4504/6/3
f 4505/6/4 4506/6/4 4507/6/4 4508/6/4
f 4509/6/3 4510/6/3 4511/6/3 4512/6/3
f 4513/6/4 4514/6/4 4515/6/4 4516/6/4
f 4517/6/3 4518/6/3 4519/6/3 4520/6/3
f 4521/6/4 4522/6/4 4523/6/4 4524/6/4
f 4525/6/3 4526/6/3 4527/6/3 4528/6/3
f 4529/6/4 4530/6/4 4531/6/4 4532/6/4
f 4533/1/3 4534/1/3 4535/1/3 4536/1/3
f 4537/1/4 4538/1/4 4539/1/4 4540/1/4
f 4541/1/3 4542/1/3 4543/1/3 4544/1/3
f 4545/1/4 4546/1/4 4547/1/4 4548/1/4
f 4549/11/3 4550/11/3 4551/11/3 4552/11/3
f 4553/11/4 4554/11/4 4555/11/4 4556/11/4
f 4557/6/3 4558/6/3 4559/6/3 4560/6/3
f 4561/6/4 4562/6/4 4563/6/4 4564/6/4
f 4565/6/3 4566/6/3 4567/6/3 4568/6/3
f 4569/6/4 4570/6/4 4571/6/4 4572/6/4
f 4573/4/3 4574/4/3 4575/4/3 4576/4/3
f 4577/4/4 4578/4/4 4579/4/4 4580/4/4
f 4581/4/3 4582/4/3 4583/4/3 4584/4/3
f 4585/4/4 4586/4/4 4587/4/4 4588/4/4
f 4589/11/3 4590/11/3 4591/11/3 4592/11/3
f 4593/11/4 4594/11/4 4595/11/4 4596/11/4
f 4597/10/3 4598/10/3 4599/10/3 4600/10/3
f 4601/10/4 4602/10/4 4603/10/4 4604/10/4
f 4605/4/3 4606/4/3 4607/4/3 4608/4/3
f 4609/4/4 4610/4/4 4611/4/4 4612/4/4
f 4613/10/3 4614/10/3 4615/10/3 4616/10/3
f 4617/10/4 4618/10/4 4619/10/4 4620/10/4
f 4621/4/3 4622/4/3 4623/4/3 4624/4/3
f 4625/4/4 4626/4/4 4627/4/4 4628/4/4
f 4629/6/3 4630/6/3 4631/6/3 4632/6/3
f 4633/6/4 4634/6/4 4635/6/4 4636/6/4
f 4637/4/3 4638/4/3 4639/4/3 4640/4/3
f 4641/4/4 4642/4/4 4643/4/4 4644/4/4
f 4645/10/3 4646/10/3 4647/10/3 4648/10/3
f 4649/10/4 4650/10/4 4651/10/4 4652/10/4
f 4653/10/3 4654/10/3 4655/10/3 4656/10/3
f 4657/10/4 4658/10/4 4659/10/4 4660/10/4
f 4661/1/3 4662/1/3 4663/1/3 4664/1/3
f 4665/1/4 4666/1/4 4667/1/4 4668/1/4
f 4669/1/3 4670/1/3 4671/1/3 4672/1/3
f 4673/1/4 4674/1/4 4675/1/4 4676/1/4
f 4677/1/3 4678/1/3 4679/1/3 4680/1/3
f 4681/1/4 4682/1/4 4683/1/4 4684/1/4
f 4685/11/2 4686/11/2 4687/11/2 4688/11/2
f 4689/11/3 4690/11/3 4691/11/3 4692/11/3
f 4693/11/4 4694/11/4 4695/11/4 4696/11/4
f 4697/11/1 4698/11/1 4699/11/1 4700/11/1
f 4701/11/3 4702/11/3 4703/11/3 4704/11/3
f 4705/11/4 4706/11/4 4707/11/4 4708/11/4
f 4709/11/5 4710/11/5 4711/11/5 4712/11/5
f 4713/6/3 4714/6/3 4715/6/3 4716/6/3
f 4717/6/4 4718/6/4 4719/6/4 4720/6/4
f 4721/6/5 4722/6/5 4723/6/5 4724/6/5
f 4725/6/3 4726/6/3 4727/6/3 4728/6/3
f 4729/6/4 4730/6/4 4731/6/4 4732/6/4
f 4733/6/5 4734/6/5 4735/6/5 4736/6/5
f 4737/6/3 4738/6/3 4739/6/3 4740/6/3
f 4741/6/4 4742/6/4 4743/6/4 4744/6/4
f 4745/6/5 4746/6/5 4747/6/5 4748/6/5
f 4749/6/3 4750/6/3 4751/6/3 4752/6/3
f 4753/6/4 4754/6/4 4755/6/4 4756/6/4
f 4757/6/5 4758/6/5 4759/6/5 4760/6/5
f 4761/6/3 4762/6/3 4763/6/3 4764/6/3
f 4765/6/4 4766/6/4 4767/6/4 4768/6/4
f 4769/6/5 4770/6/5 4771/6/5 4772/6/5
f 4773/4/3 4774/4/3 4775/4/3 4776/4/3
f 4777/4/4 4778/4/4 4779/4/4 4780/4/4
f 4781/4/5 4782/4/5 4783/4/5 4784/4/5
f 4785/11/3 4786/11/3 4787/11/3 4788/11/3
f 4789/11/4 4790/11/4 4791/11/4 4792/11/4
f 4793/11/5 4794/11/5 4795/11/5 4796/11/5
f 4797/6/3 4798/6/3 4799/6/3 4800/6/3
f 4801/6/4 4802/6/4 4803/6/4 4804/6/4
f 4805/6/5 4806/6/5 4807/6/5 4808/6/5
f 4809/6/3 4810/6/3 4811/6/3 4812/6/3
f 4813/6/4 4814/6/4 4815/6/4 4816/6/4
f 4817/6/5 4818/6/5 4819/6/5 4820/6/5
f 4821/10/3 4822/10/3 4823/10/3 4824/10/3
f 4825/10/4 4826/10/4 4827/10/4 4828/10/4
f 4829/10/5 4830/10/5 4831/10/5 4832/10/5
f 4833/4/3 4834/4/3 4835/4/3 4836/4/3
f 4837/4/4 4838/4/4 4839/4/4 4840/4/4
f 4841/4/5 4842/4/5 4843/4/5 4844/4/5
f 4845/4/3 4846/4/3 4847/4/3 4848/4/3
f 4849/4/4 4850/4/4 4851/4/4 4852/4/4
f 4853/4/5 4854/4/5 4855/4/5 4856/4/5
f 4857/10/3 4858/10/3 4859/10/3 4860/10/3
f 4861/10/4 4862/10/4 4863/10/4 4864/10/4
f 4865/10/5 4866/10/5 4867/10/5 4868/10/5
f 4869/4/3 4870/4/3 4871/4/3 4872/4/3
f 4873/4/4 4874/4/4 4875/4/4 4876/4/4
f 4877/4/5 4878/4/5 4879/4/5 4880/4/5
f 4881/10/3 4882/10/3 4883/10/3 4884/10/3
f 4885/10/4 4886/10/4 4887/10/4 4888/10/4
f 4889/10/5 4890/10/5 4891/10/5 4892/10/5
f 4893/4/3 4894/4/3 4895/4/3 4896/4/3
f 4897/4/4 4898/4/4 4899/4/4 4900/4/4
f 4901/4/5 4902/4/5 4903/4/5 4904/4/5
f 4905/6/3 4906/6/3 4907/6/3 4908/6/3
f 4909/6/4 4910/6/4 4911/6/4 4912/6/4
f 4913/6/5 4914/6/5 4915/6/5 4916/6/5
f 4917/1/3 4918/1/3 4919/1/3 4920/1/3
f 4921/1/4 4922/1/4 4923/1/4 4924/1/4
f 4925/1/5 4926/1/5 4927/1/5 4928/1/5
f 4929/6/3 4930/6/3 4931/6/3 4932/6/3
f 4933/6/4 4934/6/4 4935/6/4 4936/6/4
f 4937/6/5 4938/6/5 4939/6/5 4940/6/5
f 4941/6/3 4942/6/3 4943/6/3 4944/6/3
f 4945/6/4 4946/6/4 4947/6/4 4948/6/4
f 4949/6/5 4950/6/5 4951/6/5 4952/6/5
f 4953/6/3 4954/6/3 4955/6/3 4956/6/3
f 4957/6/4 4958/6/4 4959/6/4 4960/6/4
f 4961/6/5 4962/6/5 4963/6/5 4964/6/5
f 4965/10/3 4966/10/3 4967/10/3 4968/10/3
f 4969/10/4 4970/10/4 4971/10/4 4972/10/4
f 4973/10/5 4974/10/5 4975/10/5 4976/10/5
f 4977/11/2 4978/11/2 4979/11/2 4980/11/2
f 4981/11/3 4982/11/3 4983/11/3 4984/11/3
f 4985/11/4 4986/11/4 4987/11/4 4988/11/4
f 4989/11/5 4990/11/5 4991/11/5 4992/11/5

