# generated by vox_to_obj_exporter
# scale=0.1 center=false ground=false y_up=true

mtllib Fight_749.mtl
usemtl palette

# normals
vn -1 0 0
vn 1 0 0
vn 0 1 0
vn 0 -1 0
vn 0 0 1
vn 0 0 -1

# texcoords
vt 0.162109375 0.5
vt 0.197265625 0.5
vt 0.228515625 0.5
vt 0.232421875 0.5
vt 0.251953125 0.5
vt 0.255859375 0.5
vt 0.181640625 0.5
vt 0.248046875 0.5
vt 0.236328125 0.5
vt 0.240234375 0.5
vt 0.169921875 0.5
vt 0.189453125 0.5
vt 0.173828125 0.5
vt 0.177734375 0.5
vt 0.244140625 0.5

# verts
v 31.9 8.5 -2.6
v 31.9 8.4 -2.6
v 31.9 8.4 -2.5
v 31.9 8.5 -2.5
v 32 8.5 -2.5
v 32 8.4 -2.5
v 32 8.4 -2.6
v 32 8.5 -2.6
v 31.9 8.5 -2.6
v 31.9 8.5 -2.5
v 32 8.5 -2.5
v 32 8.5 -2.6
v 31.9 8.5 -2.5
v 31.9 8.4 -2.5
v 32 8.4 -2.5
v 32 8.5 -2.5
v 32 8.5 -2.6
v 32 8.4 -2.6
v 31.9 8.4 -2.6
v 31.9 8.5 -2.6
v 31.7 8.4 -2.6
v 31.7 8.3 -2.6
v 31.7 8.3 -2.5
v 31.7 8.4 -2.5
v 31.7 8.4 -2.6
v 31.7 8.4 -2.5
v 31.8 8.4 -2.5
v 31.8 8.4 -2.6
v 31.7 8.4 -2.5
v 31.7 8.3 -2.5
v 31.8 8.3 -2.5
v 31.8 8.4 -2.5
v 31.8 8.4 -2.6
v 31.8 8.3 -2.6
v 31.7 8.3 -2.6
v 31.7 8.4 -2.6
v 31.8 8.4 -2.6
v 31.8 8.4 -2.5
v 31.9 8.4 -2.5
v 31.9 8.4 -2.6
v 31.8 8.4 -2.5
v 31.8 8.3 -2.5
v 31.9 8.3 -2.5
v 31.9 8.4 -2.5
v 31.9 8.4 -2.6
v 31.9 8.3 -2.6
v 31.8 8.3 -2.6
v 31.8 8.4 -2.6
v 32 8.4 -2.5
v 32 8.3 -2.5
v 32 8.3 -2.6
v 32 8.4 -2.6
v 31.9 8.4 -2.5
v 31.9 8.3 -2.5
v 32 8.3 -2.5
v 32 8.4 -2.5
v 32 8.4 -2.6
v 32 8.3 -2.6
v 31.9 8.3 -2.6
v 31.9 8.4 -2.6
v 31.6 8.3 -2.6
v 31.6 8.2 -2.6
v 31.6 8.2 -2.5
v 31.6 8.3 -2.5
v 31.6 8.3 -2.6
v 31.6 8.3 -2.5
v 31.7 8.3 -2.5
v 31.7 8.3 -2.6
v 31.6 8.3 -2.5
v 31.6 8.2 -2.5
v 31.7 8.2 -2.5
v 31.7 8.3 -2.5
v 31.7 8.3 -2.6
v 31.7 8.2 -2.6
v 31.6 8.2 -2.6
v 31.6 8.3 -2.6
v 31.7 8.3 -2.5
v 31.7 8.2 -2.5
v 31.8 8.2 -2.5
v 31.8 8.3 -2.5
v 31.8 8.3 -2.6
v 31.8 8.2 -2.6
v 31.7 8.2 -2.6
v 31.7 8.3 -2.6
v 31.8 8.3 -2.5
v 31.8 8.2 -2.5
v 31.9 8.2 -2.5
v 31.9 8.3 -2.5
v 31.9 8.3 -2.6
v 31.9 8.2 -2.6
v 31.8 8.2 -2.6
v 31.8 8.3 -2.6
v 32 8.3 -2.5
v 32 8.2 -2.5
v 32 8.2 -2.6
v 32 8.3 -2.6
v 31.9 8.3 -2.5
v 31.9 8.2 -2.5
v 32 8.2 -2.5
v 32 8.3 -2.5
v 32 8.3 -2.6
v 32 8.2 -2.6
v 31.9 8.2 -2.6
v 31.9 8.3 -2.6
v 31.4 8.2 -2.6
v 31.4 8.1 -2.6
v 31.4 8.1 -2.5
v 31.4 8.2 -2.5
v 31.5 8.2 -2.5
v 31.5 8.1 -2.5
v 31.5 8.1 -2.6
v 31.5 8.2 -2.6
v 31.4 8.2 -2.6
v 31.4 8.2 -2.5
v 31.5 8.2 -2.5
v 31.5 8.2 -2.6
v 31.4 8.2 -2.5
v 31.4 8.1 -2.5
v 31.5 8.1 -2.5
v 31.5 8.2 -2.5
v 31.5 8.2 -2.6
v 31.5 8.1 -2.6
v 31.4 8.1 -2.6
v 31.4 8.2 -2.6
v 31.6 8.2 -2.6
v 31.6 8.1 -2.6
v 31.6 8.1 -2.5
v 31.6 8.2 -2.5
v 31.6 8.1 -2.5
v 31.6 8.1 -2.6
v 31.7 8.1 -2.6
v 31.7 8.1 -2.5
v 31.6 8.2 -2.5
v 31.6 8.1 -2.5
v 31.7 8.1 -2.5
v 31.7 8.2 -2.5
v 31.7 8.2 -2.6
v 31.7 8.1 -2.6
v 31.6 8.1 -2.6
v 31.6 8.2 -2.6
v 31.7 8.2 -2.5
v 31.7 8.1 -2.5
v 31.8 8.1 -2.5
v 31.8 8.2 -2.5
v 31.8 8.2 -2.6
v 31.8 8.1 -2.6
v 31.7 8.1 -2.6
v 31.7 8.2 -2.6
v 31.8 8.2 -2.5
v 31.8 8.1 -2.5
v 31.9 8.1 -2.5
v 31.9 8.2 -2.5
v 31.9 8.2 -2.6
v 31.9 8.1 -2.6
v 31.8 8.1 -2.6
v 31.8 8.2 -2.6
v 32 8.2 -2.5
v 32 8.1 -2.5
v 32 8.1 -2.6
v 32 8.2 -2.6
v 31.9 8.1 -2.5
v 31.9 8.1 -2.6
v 32 8.1 -2.6
v 32 8.1 -2.5
v 31.9 8.2 -2.5
v 31.9 8.1 -2.5
v 32 8.1 -2.5
v 32 8.2 -2.5
v 32 8.2 -2.6
v 32 8.1 -2.6
v 31.9 8.1 -2.6
v 31.9 8.2 -2.6
v 31.3 8.1 -2.6
v 31.3 8 -2.6
v 31.3 8 -2.5
v 31.3 8.1 -2.5
v 31.3 8.1 -2.6
v 31.3 8.1 -2.5
v 31.4 8.1 -2.5
v 31.4 8.1 -2.6
v 31.3 8.1 -2.5
v 31.3 8 -2.5
v 31.4 8 -2.5
v 31.4 8.1 -2.5
v 31.4 8.1 -2.6
v 31.4 8 -2.6
v 31.3 8 -2.6
v 31.3 8.1 -2.6
v 31.5 8.1 -2.5
v 31.5 8 -2.5
v 31.5 8 -2.6
v 31.5 8.1 -2.6
v 31.4 8.1 -2.5
v 31.4 8 -2.5
v 31.5 8 -2.5
v 31.5 8.1 -2.5
v 31.5 8.1 -2.6
v 31.5 8 -2.6
v 31.4 8 -2.6
v 31.4 8.1 -2.6
v 31.7 8.1 -2.6
v 31.7 8 -2.6
v 31.7 8 -2.5
v 31.7 8.1 -2.5
v 31.7 8.1 -2.5
v 31.7 8 -2.5
v 31.8 8 -2.5
v 31.8 8.1 -2.5
v 31.8 8.1 -2.6
v 31.8 8 -2.6
v 31.7 8 -2.6
v 31.7 8.1 -2.6
v 31.9 8.1 -2.5
v 31.9 8 -2.5
v 31.9 8 -2.6
v 31.9 8.1 -2.6
v 31.8 8 -2.5
v 31.8 8 -2.6
v 31.9 8 -2.6
v 31.9 8 -2.5
v 31.8 8.1 -2.5
v 31.8 8 -2.5
v 31.9 8 -2.5
v 31.9 8.1 -2.5
v 31.9 8.1 -2.6
v 31.9 8 -2.6
v 31.8 8 -2.6
v 31.8 8.1 -2.6
v 31.3 8 -2.6
v 31.3 7.9 -2.6
v 31.3 7.9 -2.5
v 31.3 8 -2.5
v 31.3 8 -2.5
v 31.3 7.9 -2.5
v 31.4 7.9 -2.5
v 31.4 8 -2.5
v 31.4 8 -2.6
v 31.4 7.9 -2.6
v 31.3 7.9 -2.6
v 31.3 8 -2.6
v 31.4 8 -2.5
v 31.4 7.9 -2.5
v 31.5 7.9 -2.5
v 31.5 8 -2.5
v 31.5 8 -2.6
v 31.5 7.9 -2.6
v 31.4 7.9 -2.6
v 31.4 8 -2.6
v 31.6 8 -2.5
v 31.6 7.9 -2.5
v 31.6 7.9 -2.6
v 31.6 8 -2.6
v 31.5 8 -2.6
v 31.5 8 -2.5
v 31.6 8 -2.5
v 31.6 8 -2.6
v 31.5 8 -2.5
v 31.5 7.9 -2.5
v 31.6 7.9 -2.5
v 31.6 8 -2.5
v 31.6 8 -2.6
v 31.6 7.9 -2.6
v 31.5 7.9 -2.6
v 31.5 8 -2.6
v 31.7 8 -2.6
v 31.7 7.9 -2.6
v 31.7 7.9 -2.5
v 31.7 8 -2.5
v 31.8 8 -2.5
v 31.8 7.9 -2.5
v 31.8 7.9 -2.6
v 31.8 8 -2.6
v 31.7 7.9 -2.5
v 31.7 7.9 -2.6
v 31.8 7.9 -2.6
v 31.8 7.9 -2.5
v 31.7 8 -2.5
v 31.7 7.9 -2.5
v 31.8 7.9 -2.5
v 31.8 8 -2.5
v 31.8 8 -2.6
v 31.8 7.9 -2.6
v 31.7 7.9 -2.6
v 31.7 8 -2.6
v 31.3 7.9 -2.6
v 31.3 7.8 -2.6
v 31.3 7.8 -2.5
v 31.3 7.9 -2.5
v 31.3 7.9 -2.5
v 31.3 7.8 -2.5
v 31.4 7.8 -2.5
v 31.4 7.9 -2.5
v 31.4 7.9 -2.6
v 31.4 7.8 -2.6
v 31.3 7.8 -2.6
v 31.3 7.9 -2.6
v 31.4 7.9 -2.5
v 31.4 7.8 -2.5
v 31.5 7.8 -2.5
v 31.5 7.9 -2.5
v 31.5 7.9 -2.6
v 31.5 7.8 -2.6
v 31.4 7.8 -2.6
v 31.4 7.9 -2.6
v 31.6 7.9 -2.5
v 31.6 7.8 -2.5
v 31.6 7.8 -2.6
v 31.6 7.9 -2.6
v 31.5 7.9 -2.5
v 31.5 7.8 -2.5
v 31.6 7.8 -2.5
v 31.6 7.9 -2.5
v 31.6 7.9 -2.6
v 31.6 7.8 -2.6
v 31.5 7.8 -2.6
v 31.5 7.9 -2.6
v 31.3 7.8 -2.6
v 31.3 7.7 -2.6
v 31.3 7.7 -2.5
v 31.3 7.8 -2.5
v 31.3 7.8 -2.5
v 31.3 7.7 -2.5
v 31.4 7.7 -2.5
v 31.4 7.8 -2.5
v 31.4 7.8 -2.6
v 31.4 7.7 -2.6
v 31.3 7.7 -2.6
v 31.3 7.8 -2.6
v 31.4 7.8 -2.5
v 31.4 7.7 -2.5
v 31.5 7.7 -2.5
v 31.5 7.8 -2.5
v 31.5 7.8 -2.6
v 31.5 7.7 -2.6
v 31.4 7.7 -2.6
v 31.4 7.8 -2.6
v 31.6 7.8 -2.5
v 31.6 7.7 -2.5
v 31.6 7.7 -2.6
v 31.6 7.8 -2.6
v 31.5 7.8 -2.5
v 31.5 7.7 -2.5
v 31.6 7.7 -2.5
v 31.6 7.8 -2.5
v 31.6 7.8 -2.6
v 31.6 7.7 -2.6
v 31.5 7.7 -2.6
v 31.5 7.8 -2.6
v 29 7.7 -2.6
v 29 7.6 -2.6
v 29 7.6 -2.5
v 29 7.7 -2.5
v 29.1 7.7 -2.5
v 29.1 7.6 -2.5
v 29.1 7.6 -2.6
v 29.1 7.7 -2.6
v 29 7.7 -2.6
v 29 7.7 -2.5
v 29.1 7.7 -2.5
v 29.1 7.7 -2.6
v 29 7.7 -2.5
v 29 7.6 -2.5
v 29.1 7.6 -2.5
v 29.1 7.7 -2.5
v 29.1 7.7 -2.6
v 29.1 7.6 -2.6
v 29 7.6 -2.6
v 29 7.7 -2.6
v 31.3 7.7 -2.6
v 31.3 7.6 -2.6
v 31.3 7.6 -2.5
v 31.3 7.7 -2.5
v 31.3 7.7 -2.5
v 31.3 7.6 -2.5
v 31.4 7.6 -2.5
v 31.4 7.7 -2.5
v 31.4 7.7 -2.6
v 31.4 7.6 -2.6
v 31.3 7.6 -2.6
v 31.3 7.7 -2.6
v 31.4 7.7 -2.5
v 31.4 7.6 -2.5
v 31.5 7.6 -2.5
v 31.5 7.7 -2.5
v 31.5 7.7 -2.6
v 31.5 7.6 -2.6
v 31.4 7.6 -2.6
v 31.4 7.7 -2.6
v 31.5 7.7 -2.5
v 31.5 7.6 -2.5
v 31.6 7.6 -2.5
v 31.6 7.7 -2.5
v 31.6 7.7 -2.6
v 31.6 7.6 -2.6
v 31.5 7.6 -2.6
v 31.5 7.7 -2.6
v 31.7 7.7 -2.5
v 31.7 7.6 -2.5
v 31.7 7.6 -2.6
v 31.7 7.7 -2.6
v 31.6 7.7 -2.6
v 31.6 7.7 -2.5
v 31.7 7.7 -2.5
v 31.7 7.7 -2.6
v 31.6 7.7 -2.5
v 31.6 7.6 -2.5
v 31.7 7.6 -2.5
v 31.7 7.7 -2.5
v 31.7 7.7 -2.6
v 31.7 7.6 -2.6
v 31.6 7.6 -2.6
v 31.6 7.7 -2.6
v 28.9 7.6 -2.6
v 28.9 7.5 -2.6
v 28.9 7.5 -2.5
v 28.9 7.6 -2.5
v 28.9 7.6 -2.6
v 28.9 7.6 -2.5
v 29 7.6 -2.5
v 29 7.6 -2.6
v 28.9 7.5 -2.5
v 28.9 7.5 -2.6
v 29 7.5 -2.6
v 29 7.5 -2.5
v 28.9 7.6 -2.5
v 28.9 7.5 -2.5
v 29 7.5 -2.5
v 29 7.6 -2.5
v 29 7.6 -2.6
v 29 7.5 -2.6
v 28.9 7.5 -2.6
v 28.9 7.6 -2.6
v 29 7.6 -2.5
v 29 7.5 -2.5
v 29.1 7.5 -2.5
v 29.1 7.6 -2.5
v 29.1 7.6 -2.6
v 29.1 7.5 -2.6
v 29 7.5 -2.6
v 29 7.6 -2.6
v 29.2 7.6 -2.5
v 29.2 7.5 -2.5
v 29.2 7.5 -2.6
v 29.2 7.6 -2.6
v 29.1 7.6 -2.6
v 29.1 7.6 -2.5
v 29.2 7.6 -2.5
v 29.2 7.6 -2.6
v 29.1 7.6 -2.5
v 29.1 7.5 -2.5
v 29.2 7.5 -2.5
v 29.2 7.6 -2.5
v 29.2 7.6 -2.6
v 29.2 7.5 -2.6
v 29.1 7.5 -2.6
v 29.1 7.6 -2.6
v 31.2 7.6 -2.6
v 31.2 7.5 -2.6
v 31.2 7.5 -2.5
v 31.2 7.6 -2.5
v 31.2 7.6 -2.6
v 31.2 7.6 -2.5
v 31.3 7.6 -2.5
v 31.3 7.6 -2.6
v 31.2 7.6 -2.5
v 31.2 7.5 -2.5
v 31.3 7.5 -2.5
v 31.3 7.6 -2.5
v 31.3 7.6 -2.6
v 31.3 7.5 -2.6
v 31.2 7.5 -2.6
v 31.2 7.6 -2.6
v 31.3 7.6 -2.5
v 31.3 7.5 -2.5
v 31.4 7.5 -2.5
v 31.4 7.6 -2.5
v 31.4 7.6 -2.6
v 31.4 7.5 -2.6
v 31.3 7.5 -2.6
v 31.3 7.6 -2.6
v 31.4 7.6 -2.5
v 31.4 7.5 -2.5
v 31.5 7.5 -2.5
v 31.5 7.6 -2.5
v 31.5 7.6 -2.6
v 31.5 7.5 -2.6
v 31.4 7.5 -2.6
v 31.4 7.6 -2.6
v 31.5 7.6 -2.5
v 31.5 7.5 -2.5
v 31.6 7.5 -2.5
v 31.6 7.6 -2.5
v 31.6 7.6 -2.6
v 31.6 7.5 -2.6
v 31.5 7.5 -2.6
v 31.5 7.6 -2.6
v 31.7 7.6 -2.5
v 31.7 7.5 -2.5
v 31.7 7.5 -2.6
v 31.7 7.6 -2.6
v 31.6 7.6 -2.5
v 31.6 7.5 -2.5
v 31.7 7.5 -2.5
v 31.7 7.6 -2.5
v 31.7 7.6 -2.6
v 31.7 7.5 -2.6
v 31.6 7.5 -2.6
v 31.6 7.6 -2.6
v 29 7.5 -2.6
v 29 7.4 -2.6
v 29 7.4 -2.5
v 29 7.5 -2.5
v 29 7.4 -2.5
v 29 7.4 -2.6
v 29.1 7.4 -2.6
v 29.1 7.4 -2.5
v 29 7.5 -2.5
v 29 7.4 -2.5
v 29.1 7.4 -2.5
v 29.1 7.5 -2.5
v 29.1 7.5 -2.6
v 29.1 7.4 -2.6
v 29 7.4 -2.6
v 29 7.5 -2.6
v 29.1 7.5 -2.5
v 29.1 7.4 -2.5
v 29.2 7.4 -2.5
v 29.2 7.5 -2.5
v 29.2 7.5 -2.6
v 29.2 7.4 -2.6
v 29.1 7.4 -2.6
v 29.1 7.5 -2.6
v 29.3 7.5 -2.5
v 29.3 7.4 -2.5
v 29.3 7.4 -2.6
v 29.3 7.5 -2.6
v 29.2 7.5 -2.6
v 29.2 7.5 -2.5
v 29.3 7.5 -2.5
v 29.3 7.5 -2.6
v 29.2 7.5 -2.5
v 29.2 7.4 -2.5
v 29.3 7.4 -2.5
v 29.3 7.5 -2.5
v 29.3 7.5 -2.6
v 29.3 7.4 -2.6
v 29.2 7.4 -2.6
v 29.2 7.5 -2.6
v 31.2 7.5 -2.6
v 31.2 7.4 -2.6
v 31.2 7.4 -2.5
v 31.2 7.5 -2.5
v 31.2 7.5 -2.5
v 31.2 7.4 -2.5
v 31.3 7.4 -2.5
v 31.3 7.5 -2.5
v 31.3 7.5 -2.6
v 31.3 7.4 -2.6
v 31.2 7.4 -2.6
v 31.2 7.5 -2.6
v 31.3 7.5 -2.5
v 31.3 7.4 -2.5
v 31.4 7.4 -2.5
v 31.4 7.5 -2.5
v 31.4 7.5 -2.6
v 31.4 7.4 -2.6
v 31.3 7.4 -2.6
v 31.3 7.5 -2.6
v 31.4 7.5 -2.5
v 31.4 7.4 -2.5
v 31.5 7.4 -2.5
v 31.5 7.5 -2.5
v 31.5 7.5 -2.6
v 31.5 7.4 -2.6
v 31.4 7.4 -2.6
v 31.4 7.5 -2.6
v 31.5 7.5 -2.5
v 31.5 7.4 -2.5
v 31.6 7.4 -2.5
v 31.6 7.5 -2.5
v 31.6 7.5 -2.6
v 31.6 7.4 -2.6
v 31.5 7.4 -2.6
v 31.5 7.5 -2.6
v 31.7 7.5 -2.5
v 31.7 7.4 -2.5
v 31.7 7.4 -2.6
v 31.7 7.5 -2.6
v 31.6 7.5 -2.5
v 31.6 7.4 -2.5
v 31.7 7.4 -2.5
v 31.7 7.5 -2.5
v 31.7 7.5 -2.6
v 31.7 7.4 -2.6
v 31.6 7.4 -2.6
v 31.6 7.5 -2.6
v 29.1 7.4 -2.6
v 29.1 7.3 -2.6
v 29.1 7.3 -2.5
v 29.1 7.4 -2.5
v 29.1 7.3 -2.5
v 29.1 7.3 -2.6
v 29.2 7.3 -2.6
v 29.2 7.3 -2.5
v 29.1 7.4 -2.5
v 29.1 7.3 -2.5
v 29.2 7.3 -2.5
v 29.2 7.4 -2.5
v 29.2 7.4 -2.6
v 29.2 7.3 -2.6
v 29.1 7.3 -2.6
v 29.1 7.4 -2.6
v 29.2 7.4 -2.5
v 29.2 7.3 -2.5
v 29.3 7.3 -2.5
v 29.3 7.4 -2.5
v 29.3 7.4 -2.6
v 29.3 7.3 -2.6
v 29.2 7.3 -2.6
v 29.2 7.4 -2.6
v 29.4 7.4 -2.5
v 29.4 7.3 -2.5
v 29.4 7.3 -2.6
v 29.4 7.4 -2.6
v 29.3 7.4 -2.6
v 29.3 7.4 -2.5
v 29.4 7.4 -2.5
v 29.4 7.4 -2.6
v 29.3 7.4 -2.5
v 29.3 7.3 -2.5
v 29.4 7.3 -2.5
v 29.4 7.4 -2.5
v 29.4 7.4 -2.6
v 29.4 7.3 -2.6
v 29.3 7.3 -2.6
v 29.3 7.4 -2.6
v 30.3 7.4 -2.6
v 30.3 7.3 -2.6
v 30.3 7.3 -2.5
v 30.3 7.4 -2.5
v 30.4 7.4 -2.5
v 30.4 7.3 -2.5
v 30.4 7.3 -2.6
v 30.4 7.4 -2.6
v 30.3 7.4 -2.6
v 30.3 7.4 -2.5
v 30.4 7.4 -2.5
v 30.4 7.4 -2.6
v 30.3 7.4 -2.5
v 30.3 7.3 -2.5
v 30.4 7.3 -2.5
v 30.4 7.4 -2.5
v 30.4 7.4 -2.6
v 30.4 7.3 -2.6
v 30.3 7.3 -2.6
v 30.3 7.4 -2.6
v 31.2 7.4 -2.6
v 31.2 7.3 -2.6
v 31.2 7.3 -2.5
v 31.2 7.4 -2.5
v 31.2 7.4 -2.5
v 31.2 7.3 -2.5
v 31.3 7.3 -2.5
v 31.3 7.4 -2.5
v 31.3 7.4 -2.6
v 31.3 7.3 -2.6
v 31.2 7.3 -2.6
v 31.2 7.4 -2.6
v 31.3 7.4 -2.5
v 31.3 7.3 -2.5
v 31.4 7.3 -2.5
v 31.4 7.4 -2.5
v 31.4 7.4 -2.6
v 31.4 7.3 -2.6
v 31.3 7.3 -2.6
v 31.3 7.4 -2.6
v 31.4 7.4 -2.5
v 31.4 7.3 -2.5
v 31.5 7.3 -2.5
v 31.5 7.4 -2.5
v 31.5 7.4 -2.6
v 31.5 7.3 -2.6
v 31.4 7.3 -2.6
v 31.4 7.4 -2.6
v 31.5 7.4 -2.5
v 31.5 7.3 -2.5
v 31.6 7.3 -2.5
v 31.6 7.4 -2.5
v 31.6 7.4 -2.6
v 31.6 7.3 -2.6
v 31.5 7.3 -2.6
v 31.5 7.4 -2.6
v 31.6 7.4 -2.5
v 31.6 7.3 -2.5
v 31.7 7.3 -2.5
v 31.7 7.4 -2.5
v 31.7 7.4 -2.6
v 31.7 7.3 -2.6
v 31.6 7.3 -2.6
v 31.6 7.4 -2.6
v 31.8 7.4 -2.5
v 31.8 7.3 -2.5
v 31.8 7.3 -2.6
v 31.8 7.4 -2.6
v 31.7 7.4 -2.6
v 31.7 7.4 -2.5
v 31.8 7.4 -2.5
v 31.8 7.4 -2.6
v 31.7 7.4 -2.5
v 31.7 7.3 -2.5
v 31.8 7.3 -2.5
v 31.8 7.4 -2.5
v 31.8 7.4 -2.6
v 31.8 7.3 -2.6
v 31.7 7.3 -2.6
v 31.7 7.4 -2.6
v 29.2 7.3 -2.6
v 29.2 7.2 -2.6
v 29.2 7.2 -2.5
v 29.2 7.3 -2.5
v 29.2 7.3 -2.5
v 29.2 7.2 -2.5
v 29.3 7.2 -2.5
v 29.3 7.3 -2.5
v 29.3 7.3 -2.6
v 29.3 7.2 -2.6
v 29.2 7.2 -2.6
v 29.2 7.3 -2.6
v 29.3 7.3 -2.5
v 29.3 7.2 -2.5
v 29.4 7.2 -2.5
v 29.4 7.3 -2.5
v 29.4 7.3 -2.6
v 29.4 7.2 -2.6
v 29.3 7.2 -2.6
v 29.3 7.3 -2.6
v 29.4 7.3 -2.6
v 29.4 7.3 -2.5
v 29.5 7.3 -2.5
v 29.5 7.3 -2.6
v 29.4 7.3 -2.5
v 29.4 7.2 -2.5
v 29.5 7.2 -2.5
v 29.5 7.3 -2.5
v 29.5 7.3 -2.6
v 29.5 7.2 -2.6
v 29.4 7.2 -2.6
v 29.4 7.3 -2.6
v 29.6 7.3 -2.5
v 29.6 7.2 -2.5
v 29.6 7.2 -2.6
v 29.6 7.3 -2.6
v 29.5 7.3 -2.6
v 29.5 7.3 -2.5
v 29.6 7.3 -2.5
v 29.6 7.3 -2.6
v 29.5 7.3 -2.5
v 29.5 7.2 -2.5
v 29.6 7.2 -2.5
v 29.6 7.3 -2.5
v 29.6 7.3 -2.6
v 29.6 7.2 -2.6
v 29.5 7.2 -2.6
v 29.5 7.3 -2.6
v 30.2 7.3 -2.6
v 30.2 7.2 -2.6
v 30.2 7.2 -2.5
v 30.2 7.3 -2.5
v 30.2 7.3 -2.6
v 30.2 7.3 -2.5
v 30.3 7.3 -2.5
v 30.3 7.3 -2.6
v 30.2 7.3 -2.5
v 30.2 7.2 -2.5
v 30.3 7.2 -2.5
v 30.3 7.3 -2.5
v 30.3 7.3 -2.6
v 30.3 7.2 -2.6
v 30.2 7.2 -2.6
v 30.2 7.3 -2.6
v 30.3 7.3 -2.5
v 30.3 7.2 -2.5
v 30.4 7.2 -2.5
v 30.4 7.3 -2.5
v 30.4 7.3 -2.6
v 30.4 7.2 -2.6
v 30.3 7.2 -2.6
v 30.3 7.3 -2.6
v 30.5 7.3 -2.5
v 30.5 7.2 -2.5
v 30.5 7.2 -2.6
v 30.5 7.3 -2.6
v 30.4 7.3 -2.6
v 30.4 7.3 -2.5
v 30.5 7.3 -2.5
v 30.5 7.3 -2.6
v 30.4 7.3 -2.5
v 30.4 7.2 -2.5
v 30.5 7.2 -2.5
v 30.5 7.3 -2.5
v 30.5 7.3 -2.6
v 30.5 7.2 -2.6
v 30.4 7.2 -2.6
v 30.4 7.3 -2.6
v 31.2 7.3 -2.6
v 31.2 7.2 -2.6
v 31.2 7.2 -2.5
v 31.2 7.3 -2.5
v 31.2 7.3 -2.5
v 31.2 7.2 -2.5
v 31.3 7.2 -2.5
v 31.3 7.3 -2.5
v 31.3 7.3 -2.6
v 31.3 7.2 -2.6
v 31.2 7.2 -2.6
v 31.2 7.3 -2.6
v 31.3 7.3 -2.5
v 31.3 7.2 -2.5
v 31.4 7.2 -2.5
v 31.4 7.3 -2.5
v 31.4 7.3 -2.6
v 31.4 7.2 -2.6
v 31.3 7.2 -2.6
v 31.3 7.3 -2.6
v 31.4 7.3 -2.5
v 31.4 7.2 -2.5
v 31.5 7.2 -2.5
v 31.5 7.3 -2.5
v 31.5 7.3 -2.6
v 31.5 7.2 -2.6
v 31.4 7.2 -2.6
v 31.4 7.3 -2.6
v 31.5 7.3 -2.5
v 31.5 7.2 -2.5
v 31.6 7.2 -2.5
v 31.6 7.3 -2.5
v 31.6 7.3 -2.6
v 31.6 7.2 -2.6
v 31.5 7.2 -2.6
v 31.5 7.3 -2.6
v 31.6 7.3 -2.5
v 31.6 7.2 -2.5
v 31.7 7.2 -2.5
v 31.7 7.3 -2.5
v 31.7 7.3 -2.6
v 31.7 7.2 -2.6
v 31.6 7.2 -2.6
v 31.6 7.3 -2.6
v 31.8 7.3 -2.5
v 31.8 7.2 -2.5
v 31.8 7.2 -2.6
v 31.8 7.3 -2.6
v 31.7 7.3 -2.5
v 31.7 7.2 -2.5
v 31.8 7.2 -2.5
v 31.8 7.3 -2.5
v 31.8 7.3 -2.6
v 31.8 7.2 -2.6
v 31.7 7.2 -2.6
v 31.7 7.3 -2.6
v 29.2 7.2 -2.6
v 29.2 7.1 -2.6
v 29.2 7.1 -2.5
v 29.2 7.2 -2.5
v 29.2 7.1 -2.5
v 29.2 7.1 -2.6
v 29.3 7.1 -2.6
v 29.3 7.1 -2.5
v 29.2 7.2 -2.5
v 29.2 7.1 -2.5
v 29.3 7.1 -2.5
v 29.3 7.2 -2.5
v 29.3 7.2 -2.6
v 29.3 7.1 -2.6
v 29.2 7.1 -2.6
v 29.2 7.2 -2.6
v 29.3 7.2 -2.5
v 29.3 7.1 -2.5
v 29.4 7.1 -2.5
v 29.4 7.2 -2.5
v 29.4 7.2 -2.6
v 29.4 7.1 -2.6
v 29.3 7.1 -2.6
v 29.3 7.2 -2.6
v 29.4 7.2 -2.5
v 29.4 7.1 -2.5
v 29.5 7.1 -2.5
v 29.5 7.2 -2.5
v 29.5 7.2 -2.6
v 29.5 7.1 -2.6
v 29.4 7.1 -2.6
v 29.4 7.2 -2.6
v 29.5 7.2 -2.5
v 29.5 7.1 -2.5
v 29.6 7.1 -2.5
v 29.6 7.2 -2.5
v 29.6 7.2 -2.6
v 29.6 7.1 -2.6
v 29.5 7.1 -2.6
v 29.5 7.2 -2.6
v 29.7 7.2 -2.5
v 29.7 7.1 -2.5
v 29.7 7.1 -2.6
v 29.7 7.2 -2.6
v 29.6 7.2 -2.6
v 29.6 7.2 -2.5
v 29.7 7.2 -2.5
v 29.7 7.2 -2.6
v 29.6 7.2 -2.5
v 29.6 7.1 -2.5
v 29.7 7.1 -2.5
v 29.7 7.2 -2.5
v 29.7 7.2 -2.6
v 29.7 7.1 -2.6
v 29.6 7.1 -2.6
v 29.6 7.2 -2.6
v 30.2 7.2 -2.6
v 30.2 7.1 -2.6
v 30.2 7.1 -2.5
v 30.2 7.2 -2.5
v 30.2 7.1 -2.5
v 30.2 7.1 -2.6
v 30.3 7.1 -2.6
v 30.3 7.1 -2.5
v 30.2 7.2 -2.5
v 30.2 7.1 -2.5
v 30.3 7.1 -2.5
v 30.3 7.2 -2.5
v 30.3 7.2 -2.6
v 30.3 7.1 -2.6
v 30.2 7.1 -2.6
v 30.2 7.2 -2.6
v 30.3 7.2 -2.5
v 30.3 7.1 -2.5
v 30.4 7.1 -2.5
v 30.4 7.2 -2.5
v 30.4 7.2 -2.6
v 30.4 7.1 -2.6
v 30.3 7.1 -2.6
v 30.3 7.2 -2.6
v 30.4 7.2 -2.5
v 30.4 7.1 -2.5
v 30.5 7.1 -2.5
v 30.5 7.2 -2.5
v 30.5 7.2 -2.6
v 30.5 7.1 -2.6
v 30.4 7.1 -2.6
v 30.4 7.2 -2.6
v 30.6 7.2 -2.5
v 30.6 7.1 -2.5
v 30.6 7.1 -2.6
v 30.6 7.2 -2.6
v 30.5 7.2 -2.6
v 30.5 7.2 -2.5
v 30.6 7.2 -2.5
v 30.6 7.2 -2.6
v 30.5 7.2 -2.5
v 30.5 7.1 -2.5
v 30.6 7.1 -2.5
v 30.6 7.2 -2.5
v 30.6 7.2 -2.6
v 30.6 7.1 -2.6
v 30.5 7.1 -2.6
v 30.5 7.2 -2.6
v 31.2 7.2 -2.6
v 31.2 7.1 -2.6
v 31.2 7.1 -2.5
v 31.2 7.2 -2.5
v 31.2 7.2 -2.5
v 31.2 7.1 -2.5
v 31.3 7.1 -2.5
v 31.3 7.2 -2.5
v 31.3 7.2 -2.6
v 31.3 7.1 -2.6
v 31.2 7.1 -2.6
v 31.2 7.2 -2.6
v 31.3 7.2 -2.5
v 31.3 7.1 -2.5
v 31.4 7.1 -2.5
v 31.4 7.2 -2.5
v 31.4 7.2 -2.6
v 31.4 7.1 -2.6
v 31.3 7.1 -2.6
v 31.3 7.2 -2.6
v 31.4 7.2 -2.5
v 31.4 7.1 -2.5
v 31.5 7.1 -2.5
v 31.5 7.2 -2.5
v 31.5 7.2 -2.6
v 31.5 7.1 -2.6
v 31.4 7.1 -2.6
v 31.4 7.2 -2.6
v 31.5 7.2 -2.5
v 31.5 7.1 -2.5
v 31.6 7.1 -2.5
v 31.6 7.2 -2.5
v 31.6 7.2 -2.6
v 31.6 7.1 -2.6
v 31.5 7.1 -2.6
v 31.5 7.2 -2.6
v 31.6 7.2 -2.5
v 31.6 7.1 -2.5
v 31.7 7.1 -2.5
v 31.7 7.2 -2.5
v 31.7 7.2 -2.6
v 31.7 7.1 -2.6
v 31.6 7.1 -2.6
v 31.6 7.2 -2.6
v 31.7 7.2 -2.5
v 31.7 7.1 -2.5
v 31.8 7.1 -2.5
v 31.8 7.2 -2.5
v 31.8 7.2 -2.6
v 31.8 7.1 -2.6
v 31.7 7.1 -2.6
v 31.7 7.2 -2.6
v 31.9 7.2 -2.5
v 31.9 7.1 -2.5
v 31.9 7.1 -2.6
v 31.9 7.2 -2.6
v 31.8 7.2 -2.6
v 31.8 7.2 -2.5
v 31.9 7.2 -2.5
v 31.9 7.2 -2.6
v 31.8 7.2 -2.5
v 31.8 7.1 -2.5
v 31.9 7.1 -2.5
v 31.9 7.2 -2.5
v 31.9 7.2 -2.6
v 31.9 7.1 -2.6
v 31.8 7.1 -2.6
v 31.8 7.2 -2.6
v 29.3 7.1 -2.6
v 29.3 7 -2.6
v 29.3 7 -2.5
v 29.3 7.1 -2.5
v 29.3 7.1 -2.5
v 29.3 7 -2.5
v 29.4 7 -2.5
v 29.4 7.1 -2.5
v 29.4 7.1 -2.6
v 29.4 7 -2.6
v 29.3 7 -2.6
v 29.3 7.1 -2.6
v 29.4 7.1 -2.5
v 29.4 7 -2.5
v 29.5 7 -2.5
v 29.5 7.1 -2.5
v 29.5 7.1 -2.6
v 29.5 7 -2.6
v 29.4 7 -2.6
v 29.4 7.1 -2.6
v 29.5 7.1 -2.5
v 29.5 7 -2.5
v 29.6 7 -2.5
v 29.6 7.1 -2.5
v 29.6 7.1 -2.6
v 29.6 7 -2.6
v 29.5 7 -2.6
v 29.5 7.1 -2.6
v 29.6 7.1 -2.5
v 29.6 7 -2.5
v 29.7 7 -2.5
v 29.7 7.1 -2.5
v 29.7 7.1 -2.6
v 29.7 7 -2.6
v 29.6 7 -2.6
v 29.6 7.1 -2.6
v 29.8 7.1 -2.5
v 29.8 7 -2.5
v 29.8 7 -2.6
v 29.8 7.1 -2.6
v 29.7 7.1 -2.6
v 29.7 7.1 -2.5
v 29.8 7.1 -2.5
v 29.8 7.1 -2.6
v 29.7 7.1 -2.5
v 29.7 7 -2.5
v 29.8 7 -2.5
v 29.8 7.1 -2.5
v 29.8 7.1 -2.6
v 29.8 7 -2.6
v 29.7 7 -2.6
v 29.7 7.1 -2.6
v 29.9 7.1 -2.6
v 29.9 7 -2.6
v 29.9 7 -2.5
v 29.9 7.1 -2.5
v 30 7.1 -2.5
v 30 7 -2.5
v 30 7 -2.6
v 30 7.1 -2.6
v 29.9 7.1 -2.6
v 29.9 7.1 -2.5
v 30 7.1 -2.5
v 30 7.1 -2.6
v 29.9 7 -2.5
v 29.9 7 -2.6
v 30 7 -2.6
v 30 7 -2.5
v 29.9 7.1 -2.5
v 29.9 7 -2.5
v 30 7 -2.5
v 30 7.1 -2.5
v 30 7.1 -2.6
v 30 7 -2.6
v 29.9 7 -2.6
v 29.9 7.1 -2.6
v 30.3 7.1 -2.6
v 30.3 7 -2.6
v 30.3 7 -2.5
v 30.3 7.1 -2.5
v 30.3 7.1 -2.5
v 30.3 7 -2.5
v 30.4 7 -2.5
v 30.4 7.1 -2.5
v 30.4 7.1 -2.6
v 30.4 7 -2.6
v 30.3 7 -2.6
v 30.3 7.1 -2.6
v 30.4 7.1 -2.5
v 30.4 7 -2.5
v 30.5 7 -2.5
v 30.5 7.1 -2.5
v 30.5 7.1 -2.6
v 30.5 7 -2.6
v 30.4 7 -2.6
v 30.4 7.1 -2.6
v 30.5 7.1 -2.5
v 30.5 7 -2.5
v 30.6 7 -2.5
v 30.6 7.1 -2.5
v 30.6 7.1 -2.6
v 30.6 7 -2.6
v 30.5 7 -2.6
v 30.5 7.1 -2.6
v 30.6 7.1 -2.6
v 30.6 7.1 -2.5
v 30.7 7.1 -2.5
v 30.7 7.1 -2.6
v 30.6 7.1 -2.5
v 30.6 7 -2.5
v 30.7 7 -2.5
v 30.7 7.1 -2.5
v 30.7 7.1 -2.6
v 30.7 7 -2.6
v 30.6 7 -2.6
v 30.6 7.1 -2.6
v 30.8 7.1 -2.5
v 30.8 7 -2.5
v 30.8 7 -2.6
v 30.8 7.1 -2.6
v 30.7 7.1 -2.6
v 30.7 7.1 -2.5
v 30.8 7.1 -2.5
v 30.8 7.1 -2.6
v 30.7 7.1 -2.5
v 30.7 7 -2.5
v 30.8 7 -2.5
v 30.8 7.1 -2.5
v 30.8 7.1 -2.6
v 30.8 7 -2.6
v 30.7 7 -2.6
v 30.7 7.1 -2.6
v 31.2 7.1 -2.6
v 31.2 7 -2.6
v 31.2 7 -2.5
v 31.2 7.1 -2.5
v 31.2 7.1 -2.5
v 31.2 7 -2.5
v 31.3 7 -2.5
v 31.3 7.1 -2.5
v 31.3 7.1 -2.6
v 31.3 7 -2.6
v 31.2 7 -2.6
v 31.2 7.1 -2.6
v 31.3 7.1 -2.5
v 31.3 7 -2.5
v 31.4 7 -2.5
v 31.4 7.1 -2.5
v 31.4 7.1 -2.6
v 31.4 7 -2.6
v 31.3 7 -2.6
v 31.3 7.1 -2.6
v 31.4 7.1 -2.5
v 31.4 7 -2.5
v 31.5 7 -2.5
v 31.5 7.1 -2.5
v 31.5 7.1 -2.6
v 31.5 7 -2.6
v 31.4 7 -2.6
v 31.4 7.1 -2.6
v 31.5 7.1 -2.5
v 31.5 7 -2.5
v 31.6 7 -2.5
v 31.6 7.1 -2.5
v 31.6 7.1 -2.6
v 31.6 7 -2.6
v 31.5 7 -2.6
v 31.5 7.1 -2.6
v 31.6 7.1 -2.5
v 31.6 7 -2.5
v 31.7 7 -2.5
v 31.7 7.1 -2.5
v 31.7 7.1 -2.6
v 31.7 7 -2.6
v 31.6 7 -2.6
v 31.6 7.1 -2.6
v 31.7 7.1 -2.5
v 31.7 7 -2.5
v 31.8 7 -2.5
v 31.8 7.1 -2.5
v 31.8 7.1 -2.6
v 31.8 7 -2.6
v 31.7 7 -2.6
v 31.7 7.1 -2.6
v 31.9 7.1 -2.5
v 31.9 7 -2.5
v 31.9 7 -2.6
v 31.9 7.1 -2.6
v 31.8 7.1 -2.5
v 31.8 7 -2.5
v 31.9 7 -2.5
v 31.9 7.1 -2.5
v 31.9 7.1 -2.6
v 31.9 7 -2.6
v 31.8 7 -2.6
v 31.8 7.1 -2.6
v 29.3 7 -2.6
v 29.3 6.9 -2.6
v 29.3 6.9 -2.5
v 29.3 7 -2.5
v 29.3 6.9 -2.5
v 29.3 6.9 -2.6
v 29.4 6.9 -2.6
v 29.4 6.9 -2.5
v 29.3 7 -2.5
v 29.3 6.9 -2.5
v 29.4 6.9 -2.5
v 29.4 7 -2.5
v 29.4 7 -2.6
v 29.4 6.9 -2.6
v 29.3 6.9 -2.6
v 29.3 7 -2.6
v 29.4 7 -2.5
v 29.4 6.9 -2.5
v 29.5 6.9 -2.5
v 29.5 7 -2.5
v 29.5 7 -2.6
v 29.5 6.9 -2.6
v 29.4 6.9 -2.6
v 29.4 7 -2.6
v 29.5 7 -2.5
v 29.5 6.9 -2.5
v 29.6 6.9 -2.5
v 29.6 7 -2.5
v 29.6 7 -2.6
v 29.6 6.9 -2.6
v 29.5 6.9 -2.6
v 29.5 7 -2.6
v 29.6 7 -2.5
v 29.6 6.9 -2.5
v 29.7 6.9 -2.5
v 29.7 7 -2.5
v 29.7 7 -2.6
v 29.7 6.9 -2.6
v 29.6 6.9 -2.6
v 29.6 7 -2.6
v 29.7 7 -2.5
v 29.7 6.9 -2.5
v 29.8 6.9 -2.5
v 29.8 7 -2.5
v 29.8 7 -2.6
v 29.8 6.9 -2.6
v 29.7 6.9 -2.6
v 29.7 7 -2.6
v 29.9 7 -2.5
v 29.9 6.9 -2.5
v 29.9 6.9 -2.6
v 29.9 7 -2.6
v 29.8 7 -2.6
v 29.8 7 -2.5
v 29.9 7 -2.5
v 29.9 7 -2.6
v 29.8 7 -2.5
v 29.8 6.9 -2.5
v 29.9 6.9 -2.5
v 29.9 7 -2.5
v 29.9 7 -2.6
v 29.9 6.9 -2.6
v 29.8 6.9 -2.6
v 29.8 7 -2.6
v 30.3 7 -2.6
v 30.3 6.9 -2.6
v 30.3 6.9 -2.5
v 30.3 7 -2.5
v 30.3 7 -2.5
v 30.3 6.9 -2.5
v 30.4 6.9 -2.5
v 30.4 7 -2.5
v 30.4 7 -2.6
v 30.4 6.9 -2.6
v 30.3 6.9 -2.6
v 30.3 7 -2.6
v 30.4 7 -2.5
v 30.4 6.9 -2.5
v 30.5 6.9 -2.5
v 30.5 7 -2.5
v 30.5 7 -2.6
v 30.5 6.9 -2.6
v 30.4 6.9 -2.6
v 30.4 7 -2.6
v 30.5 7 -2.5
v 30.5 6.9 -2.5
v 30.6 6.9 -2.5
v 30.6 7 -2.5
v 30.6 7 -2.6
v 30.6 6.9 -2.6
v 30.5 6.9 -2.6
v 30.5 7 -2.6
v 30.6 7 -2.5
v 30.6 6.9 -2.5
v 30.7 6.9 -2.5
v 30.7 7 -2.5
v 30.7 7 -2.6
v 30.7 6.9 -2.6
v 30.6 6.9 -2.6
v 30.6 7 -2.6
v 30.7 7 -2.5
v 30.7 6.9 -2.5
v 30.8 6.9 -2.5
v 30.8 7 -2.5
v 30.8 7 -2.6
v 30.8 6.9 -2.6
v 30.7 6.9 -2.6
v 30.7 7 -2.6
v 30.9 7 -2.5
v 30.9 6.9 -2.5
v 30.9 6.9 -2.6
v 30.9 7 -2.6
v 30.8 7 -2.6
v 30.8 7 -2.5
v 30.9 7 -2.5
v 30.9 7 -2.6
v 30.8 7 -2.5
v 30.8 6.9 -2.5
v 30.9 6.9 -2.5
v 30.9 7 -2.5
v 30.9 7 -2.6
v 30.9 6.9 -2.6
v 30.8 6.9 -2.6
v 30.8 7 -2.6
v 31.1 7 -2.6
v 31.1 6.9 -2.6
v 31.1 6.9 -2.5
v 31.1 7 -2.5
v 31.1 7 -2.6
v 31.1 7 -2.5
v 31.2 7 -2.5
v 31.2 7 -2.6
v 31.1 7 -2.5
v 31.1 6.9 -2.5
v 31.2 6.9 -2.5
v 31.2 7 -2.5
v 31.2 7 -2.6
v 31.2 6.9 -2.6
v 31.1 6.9 -2.6
v 31.1 7 -2.6
v 31.2 7 -2.5
v 31.2 6.9 -2.5
v 31.3 6.9 -2.5
v 31.3 7 -2.5
v 31.3 7 -2.6
v 31.3 6.9 -2.6
v 31.2 6.9 -2.6
v 31.2 7 -2.6
v 31.3 7 -2.5
v 31.3 6.9 -2.5
v 31.4 6.9 -2.5
v 31.4 7 -2.5
v 31.4 7 -2.6
v 31.4 6.9 -2.6
v 31.3 6.9 -2.6
v 31.3 7 -2.6
v 31.4 7 -2.5
v 31.4 6.9 -2.5
v 31.5 6.9 -2.5
v 31.5 7 -2.5
v 31.5 7 -2.6
v 31.5 6.9 -2.6
v 31.4 6.9 -2.6
v 31.4 7 -2.6
v 31.5 7 -2.5
v 31.5 6.9 -2.5
v 31.6 6.9 -2.5
v 31.6 7 -2.5
v 31.6 7 -2.6
v 31.6 6.9 -2.6
v 31.5 6.9 -2.6
v 31.5 7 -2.6
v 31.6 7 -2.5
v 31.6 6.9 -2.5
v 31.7 6.9 -2.5
v 31.7 7 -2.5
v 31.7 7 -2.6
v 31.7 6.9 -2.6
v 31.6 6.9 -2.6
v 31.6 7 -2.6
v 31.7 7 -2.5
v 31.7 6.9 -2.5
v 31.8 6.9 -2.5
v 31.8 7 -2.5
v 31.8 7 -2.6
v 31.8 6.9 -2.6
v 31.7 6.9 -2.6
v 31.7 7 -2.6
v 31.8 7 -2.5
v 31.8 6.9 -2.5
v 31.9 6.9 -2.5
v 31.9 7 -2.5
v 31.9 7 -2.6
v 31.9 6.9 -2.6
v 31.8 6.9 -2.6
v 31.8 7 -2.6
v 32 7 -2.5
v 32 6.9 -2.5
v 32 6.9 -2.6
v 32 7 -2.6
v 31.9 7 -2.6
v 31.9 7 -2.5
v 32 7 -2.5
v 32 7 -2.6
v 31.9 7 -2.5
v 31.9 6.9 -2.5
v 32 6.9 -2.5
v 32 7 -2.5
v 32 7 -2.6
v 32 6.9 -2.6
v 31.9 6.9 -2.6
v 31.9 7 -2.6
v 29.4 6.9 -2.6
v 29.4 6.8 -2.6
v 29.4 6.8 -2.5
v 29.4 6.9 -2.5
v 29.4 6.9 -2.5
v 29.4 6.8 -2.5
v 29.5 6.8 -2.5
v 29.5 6.9 -2.5
v 29.5 6.9 -2.6
v 29.5 6.8 -2.6
v 29.4 6.8 -2.6
v 29.4 6.9 -2.6
v 29.5 6.9 -2.5
v 29.5 6.8 -2.5
v 29.6 6.8 -2.5
v 29.6 6.9 -2.5
v 29.6 6.9 -2.6
v 29.6 6.8 -2.6
v 29.5 6.8 -2.6
v 29.5 6.9 -2.6
v 29.6 6.9 -2.5
v 29.6 6.8 -2.5
v 29.7 6.8 -2.5
v 29.7 6.9 -2.5
v 29.7 6.9 -2.6
v 29.7 6.8 -2.6
v 29.6 6.8 -2.6
v 29.6 6.9 -2.6
v 29.7 6.9 -2.5
v 29.7 6.8 -2.5
v 29.8 6.8 -2.5
v 29.8 6.9 -2.5
v 29.8 6.9 -2.6
v 29.8 6.8 -2.6
v 29.7 6.8 -2.6
v 29.7 6.9 -2.6
v 29.8 6.9 -2.5
v 29.8 6.8 -2.5
v 29.9 6.8 -2.5
v 29.9 6.9 -2.5
v 29.9 6.9 -2.6
v 29.9 6.8 -2.6
v 29.8 6.8 -2.6
v 29.8 6.9 -2.6
v 30 6.9 -2.5
v 30 6.8 -2.5
v 30 6.8 -2.6
v 30 6.9 -2.6
v 29.9 6.9 -2.6
v 29.9 6.9 -2.5
v 30 6.9 -2.5
v 30 6.9 -2.6
v 29.9 6.9 -2.5
v 29.9 6.8 -2.5
v 30 6.8 -2.5
v 30 6.9 -2.5
v 30 6.9 -2.6
v 30 6.8 -2.6
v 29.9 6.8 -2.6
v 29.9 6.9 -2.6
v 30.3 6.9 -2.6
v 30.3 6.8 -2.6
v 30.3 6.8 -2.5
v 30.3 6.9 -2.5
v 30.3 6.9 -2.5
v 30.3 6.8 -2.5
v 30.4 6.8 -2.5
v 30.4 6.9 -2.5
v 30.4 6.9 -2.6
v 30.4 6.8 -2.6
v 30.3 6.8 -2.6
v 30.3 6.9 -2.6
v 30.4 6.9 -2.5
v 30.4 6.8 -2.5
v 30.5 6.8 -2.5
v 30.5 6.9 -2.5
v 30.5 6.9 -2.6
v 30.5 6.8 -2.6
v 30.4 6.8 -2.6
v 30.4 6.9 -2.6
v 30.5 6.9 -2.5
v 30.5 6.8 -2.5
v 30.6 6.8 -2.5
v 30.6 6.9 -2.5
v 30.6 6.9 -2.6
v 30.6 6.8 -2.6
v 30.5 6.8 -2.6
v 30.5 6.9 -2.6
v 30.6 6.9 -2.5
v 30.6 6.8 -2.5
v 30.7 6.8 -2.5
v 30.7 6.9 -2.5
v 30.7 6.9 -2.6
v 30.7 6.8 -2.6
v 30.6 6.8 -2.6
v 30.6 6.9 -2.6
v 30.7 6.9 -2.5
v 30.7 6.8 -2.5
v 30.8 6.8 -2.5
v 30.8 6.9 -2.5
v 30.8 6.9 -2.6
v 30.8 6.8 -2.6
v 30.7 6.8 -2.6
v 30.7 6.9 -2.6
v 30.8 6.9 -2.5
v 30.8 6.8 -2.5
v 30.9 6.8 -2.5
v 30.9 6.9 -2.5
v 30.9 6.9 -2.6
v 30.9 6.8 -2.6
v 30.8 6.8 -2.6
v 30.8 6.9 -2.6
v 31 6.9 -2.5
v 31 6.8 -2.5
v 31 6.8 -2.6
v 31 6.9 -2.6
v 30.9 6.9 -2.6
v 30.9 6.9 -2.5
v 31 6.9 -2.5
v 31 6.9 -2.6
v 30.9 6.9 -2.5
v 30.9 6.8 -2.5
v 31 6.8 -2.5
v 31 6.9 -2.5
v 31 6.9 -2.6
v 31 6.8 -2.6
v 30.9 6.8 -2.6
v 30.9 6.9 -2.6
v 31.1 6.9 -2.6
v 31.1 6.8 -2.6
v 31.1 6.8 -2.5
v 31.1 6.9 -2.5
v 31.1 6.9 -2.5
v 31.1 6.8 -2.5
v 31.2 6.8 -2.5
v 31.2 6.9 -2.5
v 31.2 6.9 -2.6
v 31.2 6.8 -2.6
v 31.1 6.8 -2.6
v 31.1 6.9 -2.6
v 31.2 6.9 -2.5
v 31.2 6.8 -2.5
v 31.3 6.8 -2.5
v 31.3 6.9 -2.5
v 31.3 6.9 -2.6
v 31.3 6.8 -2.6
v 31.2 6.8 -2.6
v 31.2 6.9 -2.6
v 31.3 6.9 -2.5
v 31.3 6.8 -2.5
v 31.4 6.8 -2.5
v 31.4 6.9 -2.5
v 31.4 6.9 -2.6
v 31.4 6.8 -2.6
v 31.3 6.8 -2.6
v 31.3 6.9 -2.6
v 31.4 6.9 -2.5
v 31.4 6.8 -2.5
v 31.5 6.8 -2.5
v 31.5 6.9 -2.5
v 31.5 6.9 -2.6
v 31.5 6.8 -2.6
v 31.4 6.8 -2.6
v 31.4 6.9 -2.6
v 31.5 6.9 -2.5
v 31.5 6.8 -2.5
v 31.6 6.8 -2.5
v 31.6 6.9 -2.5
v 31.6 6.9 -2.6
v 31.6 6.8 -2.6
v 31.5 6.8 -2.6
v 31.5 6.9 -2.6
v 31.6 6.9 -2.5
v 31.6 6.8 -2.5
v 31.7 6.8 -2.5
v 31.7 6.9 -2.5
v 31.7 6.9 -2.6
v 31.7 6.8 -2.6
v 31.6 6.8 -2.6
v 31.6 6.9 -2.6
v 31.7 6.9 -2.5
v 31.7 6.8 -2.5
v 31.8 6.8 -2.5
v 31.8 6.9 -2.5
v 31.8 6.9 -2.6
v 31.8 6.8 -2.6
v 31.7 6.8 -2.6
v 31.7 6.9 -2.6
v 31.8 6.9 -2.5
v 31.8 6.8 -2.5
v 31.9 6.8 -2.5
v 31.9 6.9 -2.5
v 31.9 6.9 -2.6
v 31.9 6.8 -2.6
v 31.8 6.8 -2.6
v 31.8 6.9 -2.6
v 32 6.9 -2.5
v 32 6.8 -2.5
v 32 6.8 -2.6
v 32 6.9 -2.6
v 31.9 6.9 -2.5
v 31.9 6.8 -2.5
v 32 6.8 -2.5
v 32 6.9 -2.5
v 32 6.9 -2.6
v 32 6.8 -2.6
v 31.9 6.8 -2.6
v 31.9 6.9 -2.6
v 29.4 6.8 -2.6
v 29.4 6.7 -2.6
v 29.4 6.7 -2.5
v 29.4 6.8 -2.5
v 29.4 6.8 -2.5
v 29.4 6.7 -2.5
v 29.5 6.7 -2.5
v 29.5 6.8 -2.5
v 29.5 6.8 -2.6
v 29.5 6.7 -2.6
v 29.4 6.7 -2.6
v 29.4 6.8 -2.6
v 29.5 6.8 -2.5
v 29.5 6.7 -2.5
v 29.6 6.7 -2.5
v 29.6 6.8 -2.5
v 29.6 6.8 -2.6
v 29.6 6.7 -2.6
v 29.5 6.7 -2.6
v 29.5 6.8 -2.6
v 29.6 6.8 -2.5
v 29.6 6.7 -2.5
v 29.7 6.7 -2.5
v 29.7 6.8 -2.5
v 29.7 6.8 -2.6
v 29.7 6.7 -2.6
v 29.6 6.7 -2.6
v 29.6 6.8 -2.6
v 29.7 6.8 -2.5
v 29.7 6.7 -2.5
v 29.8 6.7 -2.5
v 29.8 6.8 -2.5
v 29.8 6.8 -2.6
v 29.8 6.7 -2.6
v 29.7 6.7 -2.6
v 29.7 6.8 -2.6
v 29.8 6.8 -2.5
v 29.8 6.7 -2.5
v 29.9 6.7 -2.5
v 29.9 6.8 -2.5
v 29.9 6.8 -2.6
v 29.9 6.7 -2.6
v 29.8 6.7 -2.6
v 29.8 6.8 -2.6
v 29.9 6.8 -2.5
v 29.9 6.7 -2.5
v 30 6.7 -2.5
v 30 6.8 -2.5
v 30 6.8 -2.6
v 30 6.7 -2.6
v 29.9 6.7 -2.6
v 29.9 6.8 -2.6
v 30 6.8 -2.6
v 30 6.8 -2.5
v 30.1 6.8 -2.5
v 30.1 6.8 -2.6
v 30 6.8 -2.5
v 30 6.7 -2.5
v 30.1 6.7 -2.5
v 30.1 6.8 -2.5
v 30.1 6.8 -2.6
v 30.1 6.7 -2.6
v 30 6.7 -2.6
v 30 6.8 -2.6
v 30.2 6.8 -2.5
v 30.2 6.7 -2.5
v 30.2 6.7 -2.6
v 30.2 6.8 -2.6
v 30.1 6.8 -2.6
v 30.1 6.8 -2.5
v 30.2 6.8 -2.5
v 30.2 6.8 -2.6
v 30.1 6.8 -2.5
v 30.1 6.7 -2.5
v 30.2 6.7 -2.5
v 30.2 6.8 -2.5
v 30.2 6.8 -2.6
v 30.2 6.7 -2.6
v 30.1 6.7 -2.6
v 30.1 6.8 -2.6
v 30.3 6.8 -2.6
v 30.3 6.7 -2.6
v 30.3 6.7 -2.5
v 30.3 6.8 -2.5
v 30.3 6.8 -2.5
v 30.3 6.7 -2.5
v 30.4 6.7 -2.5
v 30.4 6.8 -2.5
v 30.4 6.8 -2.6
v 30.4 6.7 -2.6
v 30.3 6.7 -2.6
v 30.3 6.8 -2.6
v 30.4 6.8 -2.5
v 30.4 6.7 -2.5
v 30.5 6.7 -2.5
v 30.5 6.8 -2.5
v 30.5 6.8 -2.6
v 30.5 6.7 -2.6
v 30.4 6.7 -2.6
v 30.4 6.8 -2.6
v 30.5 6.8 -2.5
v 30.5 6.7 -2.5
v 30.6 6.7 -2.5
v 30.6 6.8 -2.5
v 30.6 6.8 -2.6
v 30.6 6.7 -2.6
v 30.5 6.7 -2.6
v 30.5 6.8 -2.6
v 30.6 6.8 -2.5
v 30.6 6.7 -2.5
v 30.7 6.7 -2.5
v 30.7 6.8 -2.5
v 30.7 6.8 -2.6
v 30.7 6.7 -2.6
v 30.6 6.7 -2.6
v 30.6 6.8 -2.6
v 30.7 6.8 -2.5
v 30.7 6.7 -2.5
v 30.8 6.7 -2.5
v 30.8 6.8 -2.5
v 30.8 6.8 -2.6
v 30.8 6.7 -2.6
v 30.7 6.7 -2.6
v 30.7 6.8 -2.6
v 30.8 6.8 -2.5
v 30.8 6.7 -2.5
v 30.9 6.7 -2.5
v 30.9 6.8 -2.5
v 30.9 6.8 -2.6
v 30.9 6.7 -2.6
v 30.8 6.7 -2.6
v 30.8 6.8 -2.6
v 30.9 6.8 -2.5
v 30.9 6.7 -2.5
v 31 6.7 -2.5
v 31 6.8 -2.5
v 31 6.8 -2.6
v 31 6.7 -2.6
v 30.9 6.7 -2.6
v 30.9 6.8 -2.6
v 31 6.8 -2.6
v 31 6.8 -2.5
v 31.1 6.8 -2.5
v 31.1 6.8 -2.6
v 31 6.8 -2.5
v 31 6.7 -2.5
v 31.1 6.7 -2.5
v 31.1 6.8 -2.5
v 31.1 6.8 -2.6
v 31.1 6.7 -2.6
v 31 6.7 -2.6
v 31 6.8 -2.6
v 31.1 6.8 -2.5
v 31.1 6.7 -2.5
v 31.2 6.7 -2.5
v 31.2 6.8 -2.5
v 31.2 6.8 -2.6
v 31.2 6.7 -2.6
v 31.1 6.7 -2.6
v 31.1 6.8 -2.6
v 31.2 6.8 -2.5
v 31.2 6.7 -2.5
v 31.3 6.7 -2.5
v 31.3 6.8 -2.5
v 31.3 6.8 -2.6
v 31.3 6.7 -2.6
v 31.2 6.7 -2.6
v 31.2 6.8 -2.6
v 31.3 6.8 -2.5
v 31.3 6.7 -2.5
v 31.4 6.7 -2.5
v 31.4 6.8 -2.5
v 31.4 6.8 -2.6
v 31.4 6.7 -2.6
v 31.3 6.7 -2.6
v 31.3 6.8 -2.6
v 31.4 6.8 -2.5
v 31.4 6.7 -2.5
v 31.5 6.7 -2.5
v 31.5 6.8 -2.5
v 31.5 6.8 -2.6
v 31.5 6.7 -2.6
v 31.4 6.7 -2.6
v 31.4 6.8 -2.6
v 31.5 6.8 -2.5
v 31.5 6.7 -2.5
v 31.6 6.7 -2.5
v 31.6 6.8 -2.5
v 31.6 6.8 -2.6
v 31.6 6.7 -2.6
v 31.5 6.7 -2.6
v 31.5 6.8 -2.6
v 31.6 6.8 -2.5
v 31.6 6.7 -2.5
v 31.7 6.7 -2.5
v 31.7 6.8 -2.5
v 31.7 6.8 -2.6
v 31.7 6.7 -2.6
v 31.6 6.7 -2.6
v 31.6 6.8 -2.6
v 31.7 6.8 -2.5
v 31.7 6.7 -2.5
v 31.8 6.7 -2.5
v 31.8 6.8 -2.5
v 31.8 6.8 -2.6
v 31.8 6.7 -2.6
v 31.7 6.7 -2.6
v 31.7 6.8 -2.6
v 31.8 6.8 -2.5
v 31.8 6.7 -2.5
v 31.9 6.7 -2.5
v 31.9 6.8 -2.5
v 31.9 6.8 -2.6
v 31.9 6.7 -2.6
v 31.8 6.7 -2.6
v 31.8 6.8 -2.6
v 32 6.8 -2.5
v 32 6.7 -2.5
v 32 6.7 -2.6
v 32 6.8 -2.6
v 31.9 6.8 -2.5
v 31.9 6.7 -2.5
v 32 6.7 -2.5
v 32 6.8 -2.5
v 32 6.8 -2.6
v 32 6.7 -2.6
v 31.9 6.7 -2.6
v 31.9 6.8 -2.6
v 29.2 6.7 -2.6
v 29.2 6.6 -2.6
v 29.2 6.6 -2.5
v 29.2 6.7 -2.5
v 29.2 6.7 -2.6
v 29.2 6.7 -2.5
v 29.3 6.7 -2.5
v 29.3 6.7 -2.6
v 29.2 6.7 -2.5
v 29.2 6.6 -2.5
v 29.3 6.6 -2.5
v 29.3 6.7 -2.5
v 29.3 6.7 -2.6
v 29.3 6.6 -2.6
v 29.2 6.6 -2.6
v 29.2 6.7 -2.6
v 29.3 6.7 -2.6
v 29.3 6.7 -2.5
v 29.4 6.7 -2.5
v 29.4 6.7 -2.6
v 29.3 6.7 -2.5
v 29.3 6.6 -2.5
v 29.4 6.6 -2.5
v 29.4 6.7 -2.5
v 29.4 6.7 -2.6
v 29.4 6.6 -2.6
v 29.3 6.6 -2.6
v 29.3 6.7 -2.6
v 29.4 6.7 -2.5
v 29.4 6.6 -2.5
v 29.5 6.6 -2.5
v 29.5 6.7 -2.5
v 29.5 6.7 -2.6
v 29.5 6.6 -2.6
v 29.4 6.6 -2.6
v 29.4 6.7 -2.6
v 29.5 6.7 -2.5
v 29.5 6.6 -2.5
v 29.6 6.6 -2.5
v 29.6 6.7 -2.5
v 29.6 6.7 -2.6
v 29.6 6.6 -2.6
v 29.5 6.6 -2.6
v 29.5 6.7 -2.6
v 29.6 6.7 -2.5
v 29.6 6.6 -2.5
v 29.7 6.6 -2.5
v 29.7 6.7 -2.5
v 29.7 6.7 -2.6
v 29.7 6.6 -2.6
v 29.6 6.6 -2.6
v 29.6 6.7 -2.6
v 29.7 6.7 -2.5
v 29.7 6.6 -2.5
v 29.8 6.6 -2.5
v 29.8 6.7 -2.5
v 29.8 6.7 -2.6
v 29.8 6.6 -2.6
v 29.7 6.6 -2.6
v 29.7 6.7 -2.6
v 29.8 6.7 -2.5
v 29.8 6.6 -2.5
v 29.9 6.6 -2.5
v 29.9 6.7 -2.5
v 29.9 6.7 -2.6
v 29.9 6.6 -2.6
v 29.8 6.6 -2.6
v 29.8 6.7 -2.6
v 29.9 6.7 -2.5
v 29.9 6.6 -2.5
v 30 6.6 -2.5
v 30 6.7 -2.5
v 30 6.7 -2.6
v 30 6.6 -2.6
v 29.9 6.6 -2.6
v 29.9 6.7 -2.6
v 30 6.7 -2.5
v 30 6.6 -2.5
v 30.1 6.6 -2.5
v 30.1 6.7 -2.5
v 30.1 6.7 -2.6
v 30.1 6.6 -2.6
v 30 6.6 -2.6
v 30 6.7 -2.6
v 30.1 6.7 -2.5
v 30.1 6.6 -2.5
v 30.2 6.6 -2.5
v 30.2 6.7 -2.5
v 30.2 6.7 -2.6
v 30.2 6.6 -2.6
v 30.1 6.6 -2.6
v 30.1 6.7 -2.6
v 30.2 6.7 -2.6
v 30.2 6.7 -2.5
v 30.3 6.7 -2.5
v 30.3 6.7 -2.6
v 30.2 6.7 -2.5
v 30.2 6.6 -2.5
v 30.3 6.6 -2.5
v 30.3 6.7 -2.5
v 30.3 6.7 -2.6
v 30.3 6.6 -2.6
v 30.2 6.6 -2.6
v 30.2 6.7 -2.6
v 30.3 6.7 -2.5
v 30.3 6.6 -2.5
v 30.4 6.6 -2.5
v 30.4 6.7 -2.5
v 30.4 6.7 -2.6
v 30.4 6.6 -2.6
v 30.3 6.6 -2.6
v 30.3 6.7 -2.6
v 30.4 6.7 -2.5
v 30.4 6.6 -2.5
v 30.5 6.6 -2.5
v 30.5 6.7 -2.5
v 30.5 6.7 -2.6
v 30.5 6.6 -2.6
v 30.4 6.6 -2.6
v 30.4 6.7 -2.6
v 30.5 6.7 -2.5
v 30.5 6.6 -2.5
v 30.6 6.6 -2.5
v 30.6 6.7 -2.5
v 30.6 6.7 -2.6
v 30.6 6.6 -2.6
v 30.5 6.6 -2.6
v 30.5 6.7 -2.6
v 30.6 6.7 -2.5
v 30.6 6.6 -2.5
v 30.7 6.6 -2.5
v 30.7 6.7 -2.5
v 30.7 6.7 -2.6
v 30.7 6.6 -2.6
v 30.6 6.6 -2.6
v 30.6 6.7 -2.6
v 30.7 6.7 -2.5
v 30.7 6.6 -2.5
v 30.8 6.6 -2.5
v 30.8 6.7 -2.5
v 30.8 6.7 -2.6
v 30.8 6.6 -2.6
v 30.7 6.6 -2.6
v 30.7 6.7 -2.6
v 30.8 6.7 -2.5
v 30.8 6.6 -2.5
v 30.9 6.6 -2.5
v 30.9 6.7 -2.5
v 30.9 6.7 -2.6
v 30.9 6.6 -2.6
v 30.8 6.6 -2.6
v 30.8 6.7 -2.6
v 30.9 6.7 -2.5
v 30.9 6.6 -2.5
v 31 6.6 -2.5
v 31 6.7 -2.5
v 31 6.7 -2.6
v 31 6.6 -2.6
v 30.9 6.6 -2.6
v 30.9 6.7 -2.6
v 31 6.7 -2.5
v 31 6.6 -2.5
v 31.1 6.6 -2.5
v 31.1 6.7 -2.5
v 31.1 6.7 -2.6
v 31.1 6.6 -2.6
v 31 6.6 -2.6
v 31 6.7 -2.6
v 31.1 6.7 -2.5
v 31.1 6.6 -2.5
v 31.2 6.6 -2.5
v 31.2 6.7 -2.5
v 31.2 6.7 -2.6
v 31.2 6.6 -2.6
v 31.1 6.6 -2.6
v 31.1 6.7 -2.6
v 31.2 6.7 -2.5
v 31.2 6.6 -2.5
v 31.3 6.6 -2.5
v 31.3 6.7 -2.5
v 31.3 6.7 -2.6
v 31.3 6.6 -2.6
v 31.2 6.6 -2.6
v 31.2 6.7 -2.6
v 31.3 6.7 -2.5
v 31.3 6.6 -2.5
v 31.4 6.6 -2.5
v 31.4 6.7 -2.5
v 31.4 6.7 -2.6
v 31.4 6.6 -2.6
v 31.3 6.6 -2.6
v 31.3 6.7 -2.6
v 31.4 6.7 -2.5
v 31.4 6.6 -2.5
v 31.5 6.6 -2.5
v 31.5 6.7 -2.5
v 31.5 6.7 -2.6
v 31.5 6.6 -2.6
v 31.4 6.6 -2.6
v 31.4 6.7 -2.6
v 31.5 6.7 -2.5
v 31.5 6.6 -2.5
v 31.6 6.6 -2.5
v 31.6 6.7 -2.5
v 31.6 6.7 -2.6
v 31.6 6.6 -2.6
v 31.5 6.6 -2.6
v 31.5 6.7 -2.6
v 31.6 6.7 -2.5
v 31.6 6.6 -2.5
v 31.7 6.6 -2.5
v 31.7 6.7 -2.5
v 31.7 6.7 -2.6
v 31.7 6.6 -2.6
v 31.6 6.6 -2.6
v 31.6 6.7 -2.6
v 31.7 6.7 -2.5
v 31.7 6.6 -2.5
v 31.8 6.6 -2.5
v 31.8 6.7 -2.5
v 31.8 6.7 -2.6
v 31.8 6.6 -2.6
v 31.7 6.6 -2.6
v 31.7 6.7 -2.6
v 31.8 6.7 -2.5
v 31.8 6.6 -2.5
v 31.9 6.6 -2.5
v 31.9 6.7 -2.5
v 31.9 6.7 -2.6
v 31.9 6.6 -2.6
v 31.8 6.6 -2.6
v 31.8 6.7 -2.6
v 32 6.7 -2.5
v 32 6.6 -2.5
v 32 6.6 -2.6
v 32 6.7 -2.6
v 31.9 6.7 -2.5
v 31.9 6.6 -2.5
v 32 6.6 -2.5
v 32 6.7 -2.5
v 32 6.7 -2.6
v 32 6.6 -2.6
v 31.9 6.6 -2.6
v 31.9 6.7 -2.6
v 29.1 6.6 -2.6
v 29.1 6.5 -2.6
v 29.1 6.5 -2.5
v 29.1 6.6 -2.5
v 29.1 6.6 -2.6
v 29.1 6.6 -2.5
v 29.2 6.6 -2.5
v 29.2 6.6 -2.6
v 29.1 6.5 -2.5
v 29.1 6.5 -2.6
v 29.2 6.5 -2.6
v 29.2 6.5 -2.5
v 29.1 6.6 -2.5
v 29.1 6.5 -2.5
v 29.2 6.5 -2.5
v 29.2 6.6 -2.5
v 29.2 6.6 -2.6
v 29.2 6.5 -2.6
v 29.1 6.5 -2.6
v 29.1 6.6 -2.6
v 29.2 6.5 -2.5
v 29.2 6.5 -2.6
v 29.3 6.5 -2.6
v 29.3 6.5 -2.5
v 29.2 6.6 -2.5
v 29.2 6.5 -2.5
v 29.3 6.5 -2.5
v 29.3 6.6 -2.5
v 29.3 6.6 -2.6
v 29.3 6.5 -2.6
v 29.2 6.5 -2.6
v 29.2 6.6 -2.6
v 29.3 6.6 -2.5
v 29.3 6.5 -2.5
v 29.4 6.5 -2.5
v 29.4 6.6 -2.5
v 29.4 6.6 -2.6
v 29.4 6.5 -2.6
v 29.3 6.5 -2.6
v 29.3 6.6 -2.6
v 29.4 6.6 -2.5
v 29.4 6.5 -2.5
v 29.5 6.5 -2.5
v 29.5 6.6 -2.5
v 29.5 6.6 -2.6
v 29.5 6.5 -2.6
v 29.4 6.5 -2.6
v 29.4 6.6 -2.6
v 29.5 6.6 -2.5
v 29.5 6.5 -2.5
v 29.6 6.5 -2.5
v 29.6 6.6 -2.5
v 29.6 6.6 -2.6
v 29.6 6.5 -2.6
v 29.5 6.5 -2.6
v 29.5 6.6 -2.6
v 29.6 6.6 -2.5
v 29.6 6.5 -2.5
v 29.7 6.5 -2.5
v 29.7 6.6 -2.5
v 29.7 6.6 -2.6
v 29.7 6.5 -2.6
v 29.6 6.5 -2.6
v 29.6 6.6 -2.6
v 29.7 6.6 -2.5
v 29.7 6.5 -2.5
v 29.8 6.5 -2.5
v 29.8 6.6 -2.5
v 29.8 6.6 -2.6
v 29.8 6.5 -2.6
v 29.7 6.5 -2.6
v 29.7 6.6 -2.6
v 29.8 6.6 -2.5
v 29.8 6.5 -2.5
v 29.9 6.5 -2.5
v 29.9 6.6 -2.5
v 29.9 6.6 -2.6
v 29.9 6.5 -2.6
v 29.8 6.5 -2.6
v 29.8 6.6 -2.6
v 29.9 6.6 -2.5
v 29.9 6.5 -2.5
v 30 6.5 -2.5
v 30 6.6 -2.5
v 30 6.6 -2.6
v 30 6.5 -2.6
v 29.9 6.5 -2.6
v 29.9 6.6 -2.6
v 30 6.6 -2.5
v 30 6.5 -2.5
v 30.1 6.5 -2.5
v 30.1 6.6 -2.5
v 30.1 6.6 -2.6
v 30.1 6.5 -2.6
v 30 6.5 -2.6
v 30 6.6 -2.6
v 30.1 6.6 -2.5
v 30.1 6.5 -2.5
v 30.2 6.5 -2.5
v 30.2 6.6 -2.5
v 30.2 6.6 -2.6
v 30.2 6.5 -2.6
v 30.1 6.5 -2.6
v 30.1 6.6 -2.6
v 30.2 6.6 -2.5
v 30.2 6.5 -2.5
v 30.3 6.5 -2.5
v 30.3 6.6 -2.5
v 30.3 6.6 -2.6
v 30.3 6.5 -2.6
v 30.2 6.5 -2.6
v 30.2 6.6 -2.6
v 30.3 6.6 -2.5
v 30.3 6.5 -2.5
v 30.4 6.5 -2.5
v 30.4 6.6 -2.5
v 30.4 6.6 -2.6
v 30.4 6.5 -2.6
v 30.3 6.5 -2.6
v 30.3 6.6 -2.6
v 30.4 6.6 -2.5
v 30.4 6.5 -2.5
v 30.5 6.5 -2.5
v 30.5 6.6 -2.5
v 30.5 6.6 -2.6
v 30.5 6.5 -2.6
v 30.4 6.5 -2.6
v 30.4 6.6 -2.6
v 30.5 6.6 -2.5
v 30.5 6.5 -2.5
v 30.6 6.5 -2.5
v 30.6 6.6 -2.5
v 30.6 6.6 -2.6
v 30.6 6.5 -2.6
v 30.5 6.5 -2.6
v 30.5 6.6 -2.6
v 30.6 6.6 -2.5
v 30.6 6.5 -2.5
v 30.7 6.5 -2.5
v 30.7 6.6 -2.5
v 30.7 6.6 -2.6
v 30.7 6.5 -2.6
v 30.6 6.5 -2.6
v 30.6 6.6 -2.6
v 30.7 6.6 -2.5
v 30.7 6.5 -2.5
v 30.8 6.5 -2.5
v 30.8 6.6 -2.5
v 30.8 6.6 -2.6
v 30.8 6.5 -2.6
v 30.7 6.5 -2.6
v 30.7 6.6 -2.6
v 30.8 6.6 -2.5
v 30.8 6.5 -2.5
v 30.9 6.5 -2.5
v 30.9 6.6 -2.5
v 30.9 6.6 -2.6
v 30.9 6.5 -2.6
v 30.8 6.5 -2.6
v 30.8 6.6 -2.6
v 30.9 6.6 -2.5
v 30.9 6.5 -2.5
v 31 6.5 -2.5
v 31 6.6 -2.5
v 31 6.6 -2.6
v 31 6.5 -2.6
v 30.9 6.5 -2.6
v 30.9 6.6 -2.6
v 31 6.6 -2.5
v 31 6.5 -2.5
v 31.1 6.5 -2.5
v 31.1 6.6 -2.5
v 31.1 6.6 -2.6
v 31.1 6.5 -2.6
v 31 6.5 -2.6
v 31 6.6 -2.6
v 31.1 6.6 -2.5
v 31.1 6.5 -2.5
v 31.2 6.5 -2.5
v 31.2 6.6 -2.5
v 31.2 6.6 -2.6
v 31.2 6.5 -2.6
v 31.1 6.5 -2.6
v 31.1 6.6 -2.6
v 31.2 6.6 -2.5
v 31.2 6.5 -2.5
v 31.3 6.5 -2.5
v 31.3 6.6 -2.5
v 31.3 6.6 -2.6
v 31.3 6.5 -2.6
v 31.2 6.5 -2.6
v 31.2 6.6 -2.6
v 31.3 6.6 -2.5
v 31.3 6.5 -2.5
v 31.4 6.5 -2.5
v 31.4 6.6 -2.5
v 31.4 6.6 -2.6
v 31.4 6.5 -2.6
v 31.3 6.5 -2.6
v 31.3 6.6 -2.6
v 31.4 6.6 -2.5
v 31.4 6.5 -2.5
v 31.5 6.5 -2.5
v 31.5 6.6 -2.5
v 31.5 6.6 -2.6
v 31.5 6.5 -2.6
v 31.4 6.5 -2.6
v 31.4 6.6 -2.6
v 31.5 6.6 -2.5
v 31.5 6.5 -2.5
v 31.6 6.5 -2.5
v 31.6 6.6 -2.5
v 31.6 6.6 -2.6
v 31.6 6.5 -2.6
v 31.5 6.5 -2.6
v 31.5 6.6 -2.6
v 31.6 6.6 -2.5
v 31.6 6.5 -2.5
v 31.7 6.5 -2.5
v 31.7 6.6 -2.5
v 31.7 6.6 -2.6
v 31.7 6.5 -2.6
v 31.6 6.5 -2.6
v 31.6 6.6 -2.6
v 31.7 6.6 -2.5
v 31.7 6.5 -2.5
v 31.8 6.5 -2.5
v 31.8 6.6 -2.5
v 31.8 6.6 -2.6
v 31.8 6.5 -2.6
v 31.7 6.5 -2.6
v 31.7 6.6 -2.6
v 31.8 6.6 -2.5
v 31.8 6.5 -2.5
v 31.9 6.5 -2.5
v 31.9 6.6 -2.5
v 31.9 6.6 -2.6
v 31.9 6.5 -2.6
v 31.8 6.5 -2.6
v 31.8 6.6 -2.6
v 32 6.6 -2.5
v 32 6.5 -2.5
v 32 6.5 -2.6
v 32 6.6 -2.6
v 31.9 6.6 -2.5
v 31.9 6.5 -2.5
v 32 6.5 -2.5
v 32 6.6 -2.5
v 32 6.6 -2.6
v 32 6.5 -2.6
v 31.9 6.5 -2.6
v 31.9 6.6 -2.6
v 29.3 6.5 -2.6
v 29.3 6.4 -2.6
v 29.3 6.4 -2.5
v 29.3 6.5 -2.5
v 29.3 6.4 -2.5
v 29.3 6.4 -2.6
v 29.4 6.4 -2.6
v 29.4 6.4 -2.5
v 29.3 6.5 -2.5
v 29.3 6.4 -2.5
v 29.4 6.4 -2.5
v 29.4 6.5 -2.5
v 29.4 6.5 -2.6
v 29.4 6.4 -2.6
v 29.3 6.4 -2.6
v 29.3 6.5 -2.6
v 29.4 6.5 -2.5
v 29.4 6.4 -2.5
v 29.5 6.4 -2.5
v 29.5 6.5 -2.5
v 29.5 6.5 -2.6
v 29.5 6.4 -2.6
v 29.4 6.4 -2.6
v 29.4 6.5 -2.6
v 29.5 6.5 -2.5
v 29.5 6.4 -2.5
v 29.6 6.4 -2.5
v 29.6 6.5 -2.5
v 29.6 6.5 -2.6
v 29.6 6.4 -2.6
v 29.5 6.4 -2.6
v 29.5 6.5 -2.6
v 29.6 6.5 -2.5
v 29.6 6.4 -2.5
v 29.7 6.4 -2.5
v 29.7 6.5 -2.5
v 29.7 6.5 -2.6
v 29.7 6.4 -2.6
v 29.6 6.4 -2.6
v 29.6 6.5 -2.6
v 29.7 6.5 -2.5
v 29.7 6.4 -2.5
v 29.8 6.4 -2.5
v 29.8 6.5 -2.5
v 29.8 6.5 -2.6
v 29.8 6.4 -2.6
v 29.7 6.4 -2.6
v 29.7 6.5 -2.6
v 29.8 6.5 -2.5
v 29.8 6.4 -2.5
v 29.9 6.4 -2.5
v 29.9 6.5 -2.5
v 29.9 6.5 -2.6
v 29.9 6.4 -2.6
v 29.8 6.4 -2.6
v 29.8 6.5 -2.6
v 29.9 6.5 -2.5
v 29.9 6.4 -2.5
v 30 6.4 -2.5
v 30 6.5 -2.5
v 30 6.5 -2.6
v 30 6.4 -2.6
v 29.9 6.4 -2.6
v 29.9 6.5 -2.6
v 30 6.5 -2.5
v 30 6.4 -2.5
v 30.1 6.4 -2.5
v 30.1 6.5 -2.5
v 30.1 6.5 -2.6
v 30.1 6.4 -2.6
v 30 6.4 -2.6
v 30 6.5 -2.6
v 30.1 6.5 -2.5
v 30.1 6.4 -2.5
v 30.2 6.4 -2.5
v 30.2 6.5 -2.5
v 30.2 6.5 -2.6
v 30.2 6.4 -2.6
v 30.1 6.4 -2.6
v 30.1 6.5 -2.6
v 30.2 6.5 -2.5
v 30.2 6.4 -2.5
v 30.3 6.4 -2.5
v 30.3 6.5 -2.5
v 30.3 6.5 -2.6
v 30.3 6.4 -2.6
v 30.2 6.4 -2.6
v 30.2 6.5 -2.6
v 30.3 6.5 -2.5
v 30.3 6.4 -2.5
v 30.4 6.4 -2.5
v 30.4 6.5 -2.5
v 30.4 6.5 -2.6
v 30.4 6.4 -2.6
v 30.3 6.4 -2.6
v 30.3 6.5 -2.6
v 30.4 6.5 -2.5
v 30.4 6.4 -2.5
v 30.5 6.4 -2.5
v 30.5 6.5 -2.5
v 30.5 6.5 -2.6
v 30.5 6.4 -2.6
v 30.4 6.4 -2.6
v 30.4 6.5 -2.6
v 30.5 6.5 -2.5
v 30.5 6.4 -2.5
v 30.6 6.4 -2.5
v 30.6 6.5 -2.5
v 30.6 6.5 -2.6
v 30.6 6.4 -2.6
v 30.5 6.4 -2.6
v 30.5 6.5 -2.6
v 30.6 6.5 -2.5
v 30.6 6.4 -2.5
v 30.7 6.4 -2.5
v 30.7 6.5 -2.5
v 30.7 6.5 -2.6
v 30.7 6.4 -2.6
v 30.6 6.4 -2.6
v 30.6 6.5 -2.6
v 30.7 6.5 -2.5
v 30.7 6.4 -2.5
v 30.8 6.4 -2.5
v 30.8 6.5 -2.5
v 30.8 6.5 -2.6
v 30.8 6.4 -2.6
v 30.7 6.4 -2.6
v 30.7 6.5 -2.6
v 30.8 6.5 -2.5
v 30.8 6.4 -2.5
v 30.9 6.4 -2.5
v 30.9 6.5 -2.5
v 30.9 6.5 -2.6
v 30.9 6.4 -2.6
v 30.8 6.4 -2.6
v 30.8 6.5 -2.6
v 30.9 6.5 -2.5
v 30.9 6.4 -2.5
v 31 6.4 -2.5
v 31 6.5 -2.5
v 31 6.5 -2.6
v 31 6.4 -2.6
v 30.9 6.4 -2.6
v 30.9 6.5 -2.6
v 31 6.5 -2.5
v 31 6.4 -2.5
v 31.1 6.4 -2.5
v 31.1 6.5 -2.5
v 31.1 6.5 -2.6
v 31.1 6.4 -2.6
v 31 6.4 -2.6
v 31 6.5 -2.6
v 31.1 6.5 -2.5
v 31.1 6.4 -2.5
v 31.2 6.4 -2.5
v 31.2 6.5 -2.5
v 31.2 6.5 -2.6
v 31.2 6.4 -2.6
v 31.1 6.4 -2.6
v 31.1 6.5 -2.6
v 31.2 6.5 -2.5
v 31.2 6.4 -2.5
v 31.3 6.4 -2.5
v 31.3 6.5 -2.5
v 31.3 6.5 -2.6
v 31.3 6.4 -2.6
v 31.2 6.4 -2.6
v 31.2 6.5 -2.6
v 31.3 6.5 -2.5
v 31.3 6.4 -2.5
v 31.4 6.4 -2.5
v 31.4 6.5 -2.5
v 31.4 6.5 -2.6
v 31.4 6.4 -2.6
v 31.3 6.4 -2.6
v 31.3 6.5 -2.6
v 31.4 6.5 -2.5
v 31.4 6.4 -2.5
v 31.5 6.4 -2.5
v 31.5 6.5 -2.5
v 31.5 6.5 -2.6
v 31.5 6.4 -2.6
v 31.4 6.4 -2.6
v 31.4 6.5 -2.6
v 31.5 6.5 -2.5
v 31.5 6.4 -2.5
v 31.6 6.4 -2.5
v 31.6 6.5 -2.5
v 31.6 6.5 -2.6
v 31.6 6.4 -2.6
v 31.5 6.4 -2.6
v 31.5 6.5 -2.6
v 31.6 6.5 -2.5
v 31.6 6.4 -2.5
v 31.7 6.4 -2.5
v 31.7 6.5 -2.5
v 31.7 6.5 -2.6
v 31.7 6.4 -2.6
v 31.6 6.4 -2.6
v 31.6 6.5 -2.6
v 31.7 6.5 -2.5
v 31.7 6.4 -2.5
v 31.8 6.4 -2.5
v 31.8 6.5 -2.5
v 31.8 6.5 -2.6
v 31.8 6.4 -2.6
v 31.7 6.4 -2.6
v 31.7 6.5 -2.6
v 31.8 6.5 -2.5
v 31.8 6.4 -2.5
v 31.9 6.4 -2.5
v 31.9 6.5 -2.5
v 31.9 6.5 -2.6
v 31.9 6.4 -2.6
v 31.8 6.4 -2.6
v 31.8 6.5 -2.6
v 32 6.5 -2.5
v 32 6.4 -2.5
v 32 6.4 -2.6
v 32 6.5 -2.6
v 31.9 6.5 -2.5
v 31.9 6.4 -2.5
v 32 6.4 -2.5
v 32 6.5 -2.5
v 32 6.5 -2.6
v 32 6.4 -2.6
v 31.9 6.4 -2.6
v 31.9 6.5 -2.6
v 29.4 6.4 -2.6
v 29.4 6.3 -2.6
v 29.4 6.3 -2.5
v 29.4 6.4 -2.5
v 29.4 6.3 -2.5
v 29.4 6.3 -2.6
v 29.5 6.3 -2.6
v 29.5 6.3 -2.5
v 29.4 6.4 -2.5
v 29.4 6.3 -2.5
v 29.5 6.3 -2.5
v 29.5 6.4 -2.5
v 29.5 6.4 -2.6
v 29.5 6.3 -2.6
v 29.4 6.3 -2.6
v 29.4 6.4 -2.6
v 29.5 6.4 -2.5
v 29.5 6.3 -2.5
v 29.6 6.3 -2.5
v 29.6 6.4 -2.5
v 29.6 6.4 -2.6
v 29.6 6.3 -2.6
v 29.5 6.3 -2.6
v 29.5 6.4 -2.6
v 29.6 6.4 -2.5
v 29.6 6.3 -2.5
v 29.7 6.3 -2.5
v 29.7 6.4 -2.5
v 29.7 6.4 -2.6
v 29.7 6.3 -2.6
v 29.6 6.3 -2.6
v 29.6 6.4 -2.6
v 29.7 6.4 -2.5
v 29.7 6.3 -2.5
v 29.8 6.3 -2.5
v 29.8 6.4 -2.5
v 29.8 6.4 -2.6
v 29.8 6.3 -2.6
v 29.7 6.3 -2.6
v 29.7 6.4 -2.6
v 29.8 6.4 -2.5
v 29.8 6.3 -2.5
v 29.9 6.3 -2.5
v 29.9 6.4 -2.5
v 29.9 6.4 -2.6
v 29.9 6.3 -2.6
v 29.8 6.3 -2.6
v 29.8 6.4 -2.6
v 29.9 6.4 -2.5
v 29.9 6.3 -2.5
v 30 6.3 -2.5
v 30 6.4 -2.5
v 30 6.4 -2.6
v 30 6.3 -2.6
v 29.9 6.3 -2.6
v 29.9 6.4 -2.6
v 30 6.4 -2.5
v 30 6.3 -2.5
v 30.1 6.3 -2.5
v 30.1 6.4 -2.5
v 30.1 6.4 -2.6
v 30.1 6.3 -2.6
v 30 6.3 -2.6
v 30 6.4 -2.6
v 30.1 6.4 -2.5
v 30.1 6.3 -2.5
v 30.2 6.3 -2.5
v 30.2 6.4 -2.5
v 30.2 6.4 -2.6
v 30.2 6.3 -2.6
v 30.1 6.3 -2.6
v 30.1 6.4 -2.6
v 30.2 6.4 -2.5
v 30.2 6.3 -2.5
v 30.3 6.3 -2.5
v 30.3 6.4 -2.5
v 30.3 6.4 -2.6
v 30.3 6.3 -2.6
v 30.2 6.3 -2.6
v 30.2 6.4 -2.6
v 30.3 6.4 -2.5
v 30.3 6.3 -2.5
v 30.4 6.3 -2.5
v 30.4 6.4 -2.5
v 30.4 6.4 -2.6
v 30.4 6.3 -2.6
v 30.3 6.3 -2.6
v 30.3 6.4 -2.6
v 30.4 6.4 -2.5
v 30.4 6.3 -2.5
v 30.5 6.3 -2.5
v 30.5 6.4 -2.5
v 30.5 6.4 -2.6
v 30.5 6.3 -2.6
v 30.4 6.3 -2.6
v 30.4 6.4 -2.6
v 30.5 6.4 -2.5
v 30.5 6.3 -2.5
v 30.6 6.3 -2.5
v 30.6 6.4 -2.5
v 30.6 6.4 -2.6
v 30.6 6.3 -2.6
v 30.5 6.3 -2.6
v 30.5 6.4 -2.6
v 30.6 6.4 -2.5
v 30.6 6.3 -2.5
v 30.7 6.3 -2.5
v 30.7 6.4 -2.5
v 30.7 6.4 -2.6
v 30.7 6.3 -2.6
v 30.6 6.3 -2.6
v 30.6 6.4 -2.6
v 30.7 6.4 -2.5
v 30.7 6.3 -2.5
v 30.8 6.3 -2.5
v 30.8 6.4 -2.5
v 30.8 6.4 -2.6
v 30.8 6.3 -2.6
v 30.7 6.3 -2.6
v 30.7 6.4 -2.6
v 30.8 6.4 -2.5
v 30.8 6.3 -2.5
v 30.9 6.3 -2.5
v 30.9 6.4 -2.5
v 30.9 6.4 -2.6
v 30.9 6.3 -2.6
v 30.8 6.3 -2.6
v 30.8 6.4 -2.6
v 30.9 6.4 -2.5
v 30.9 6.3 -2.5
v 31 6.3 -2.5
v 31 6.4 -2.5
v 31 6.4 -2.6
v 31 6.3 -2.6
v 30.9 6.3 -2.6
v 30.9 6.4 -2.6
v 31 6.4 -2.5
v 31 6.3 -2.5
v 31.1 6.3 -2.5
v 31.1 6.4 -2.5
v 31.1 6.4 -2.6
v 31.1 6.3 -2.6
v 31 6.3 -2.6
v 31 6.4 -2.6
v 31.1 6.4 -2.5
v 31.1 6.3 -2.5
v 31.2 6.3 -2.5
v 31.2 6.4 -2.5
v 31.2 6.4 -2.6
v 31.2 6.3 -2.6
v 31.1 6.3 -2.6
v 31.1 6.4 -2.6
v 31.2 6.4 -2.5
v 31.2 6.3 -2.5
v 31.3 6.3 -2.5
v 31.3 6.4 -2.5
v 31.3 6.4 -2.6
v 31.3 6.3 -2.6
v 31.2 6.3 -2.6
v 31.2 6.4 -2.6
v 31.3 6.4 -2.5
v 31.3 6.3 -2.5
v 31.4 6.3 -2.5
v 31.4 6.4 -2.5
v 31.4 6.4 -2.6
v 31.4 6.3 -2.6
v 31.3 6.3 -2.6
v 31.3 6.4 -2.6
v 31.4 6.4 -2.5
v 31.4 6.3 -2.5
v 31.5 6.3 -2.5
v 31.5 6.4 -2.5
v 31.5 6.4 -2.6
v 31.5 6.3 -2.6
v 31.4 6.3 -2.6
v 31.4 6.4 -2.6
v 31.5 6.4 -2.5
v 31.5 6.3 -2.5
v 31.6 6.3 -2.5
v 31.6 6.4 -2.5
v 31.6 6.4 -2.6
v 31.6 6.3 -2.6
v 31.5 6.3 -2.6
v 31.5 6.4 -2.6
v 31.6 6.4 -2.5
v 31.6 6.3 -2.5
v 31.7 6.3 -2.5
v 31.7 6.4 -2.5
v 31.7 6.4 -2.6
v 31.7 6.3 -2.6
v 31.6 6.3 -2.6
v 31.6 6.4 -2.6
v 31.7 6.4 -2.5
v 31.7 6.3 -2.5
v 31.8 6.3 -2.5
v 31.8 6.4 -2.5
v 31.8 6.4 -2.6
v 31.8 6.3 -2.6
v 31.7 6.3 -2.6
v 31.7 6.4 -2.6
v 31.8 6.4 -2.5
v 31.8 6.3 -2.5
v 31.9 6.3 -2.5
v 31.9 6.4 -2.5
v 31.9 6.4 -2.6
v 31.9 6.3 -2.6
v 31.8 6.3 -2.6
v 31.8 6.4 -2.6
v 32 6.4 -2.5
v 32 6.3 -2.5
v 32 6.3 -2.6
v 32 6.4 -2.6
v 31.9 6.4 -2.5
v 31.9 6.3 -2.5
v 32 6.3 -2.5
v 32 6.4 -2.5
v 32 6.4 -2.6
v 32 6.3 -2.6
v 31.9 6.3 -2.6
v 31.9 6.4 -2.6
v 28.1 6.3 -2.6
v 28.1 6.2 -2.6
v 28.1 6.2 -2.5
v 28.1 6.3 -2.5
v 28.1 6.3 -2.6
v 28.1 6.3 -2.5
v 28.2 6.3 -2.5
v 28.2 6.3 -2.6
v 28.1 6.3 -2.5
v 28.1 6.2 -2.5
v 28.2 6.2 -2.5
v 28.2 6.3 -2.5
v 28.2 6.3 -2.6
v 28.2 6.2 -2.6
v 28.1 6.2 -2.6
v 28.1 6.3 -2.6
v 28.2 6.3 -2.6
v 28.2 6.3 -2.5
v 28.3 6.3 -2.5
v 28.3 6.3 -2.6
v 28.2 6.3 -2.5
v 28.2 6.2 -2.5
v 28.3 6.2 -2.5
v 28.3 6.3 -2.5
v 28.3 6.3 -2.6
v 28.3 6.2 -2.6
v 28.2 6.2 -2.6
v 28.2 6.3 -2.6
v 28.3 6.3 -2.6
v 28.3 6.3 -2.5
v 28.4 6.3 -2.5
v 28.4 6.3 -2.6
v 28.3 6.3 -2.5
v 28.3 6.2 -2.5
v 28.4 6.2 -2.5
v 28.4 6.3 -2.5
v 28.4 6.3 -2.6
v 28.4 6.2 -2.6
v 28.3 6.2 -2.6
v 28.3 6.3 -2.6
v 28.4 6.3 -2.6
v 28.4 6.3 -2.5
v 28.5 6.3 -2.5
v 28.5 6.3 -2.6
v 28.4 6.3 -2.5
v 28.4 6.2 -2.5
v 28.5 6.2 -2.5
v 28.5 6.3 -2.5
v 28.5 6.3 -2.6
v 28.5 6.2 -2.6
v 28.4 6.2 -2.6
v 28.4 6.3 -2.6
v 28.6 6.3 -2.5
v 28.6 6.2 -2.5
v 28.6 6.2 -2.6
v 28.6 6.3 -2.6
v 28.5 6.3 -2.6
v 28.5 6.3 -2.5
v 28.6 6.3 -2.5
v 28.6 6.3 -2.6
v 28.5 6.3 -2.5
v 28.5 6.2 -2.5
v 28.6 6.2 -2.5
v 28.6 6.3 -2.5
v 28.6 6.3 -2.6
v 28.6 6.2 -2.6
v 28.5 6.2 -2.6
v 28.5 6.3 -2.6
v 29.5 6.3 -2.6
v 29.5 6.2 -2.6
v 29.5 6.2 -2.5
v 29.5 6.3 -2.5
v 29.5 6.3 -2.5
v 29.5 6.2 -2.5
v 29.6 6.2 -2.5
v 29.6 6.3 -2.5
v 29.6 6.3 -2.6
v 29.6 6.2 -2.6
v 29.5 6.2 -2.6
v 29.5 6.3 -2.6
v 29.6 6.3 -2.5
v 29.6 6.2 -2.5
v 29.7 6.2 -2.5
v 29.7 6.3 -2.5
v 29.7 6.3 -2.6
v 29.7 6.2 -2.6
v 29.6 6.2 -2.6
v 29.6 6.3 -2.6
v 29.7 6.3 -2.5
v 29.7 6.2 -2.5
v 29.8 6.2 -2.5
v 29.8 6.3 -2.5
v 29.8 6.3 -2.6
v 29.8 6.2 -2.6
v 29.7 6.2 -2.6
v 29.7 6.3 -2.6
v 29.8 6.3 -2.5
v 29.8 6.2 -2.5
v 29.9 6.2 -2.5
v 29.9 6.3 -2.5
v 29.9 6.3 -2.6
v 29.9 6.2 -2.6
v 29.8 6.2 -2.6
v 29.8 6.3 -2.6
v 29.9 6.3 -2.5
v 29.9 6.2 -2.5
v 30 6.2 -2.5
v 30 6.3 -2.5
v 30 6.3 -2.6
v 30 6.2 -2.6
v 29.9 6.2 -2.6
v 29.9 6.3 -2.6
v 30 6.3 -2.5
v 30 6.2 -2.5
v 30.1 6.2 -2.5
v 30.1 6.3 -2.5
v 30.1 6.3 -2.6
v 30.1 6.2 -2.6
v 30 6.2 -2.6
v 30 6.3 -2.6
v 30.1 6.3 -2.5
v 30.1 6.2 -2.5
v 30.2 6.2 -2.5
v 30.2 6.3 -2.5
v 30.2 6.3 -2.6
v 30.2 6.2 -2.6
v 30.1 6.2 -2.6
v 30.1 6.3 -2.6
v 30.2 6.3 -2.5
v 30.2 6.2 -2.5
v 30.3 6.2 -2.5
v 30.3 6.3 -2.5
v 30.3 6.3 -2.6
v 30.3 6.2 -2.6
v 30.2 6.2 -2.6
v 30.2 6.3 -2.6
v 30.3 6.3 -2.5
v 30.3 6.2 -2.5
v 30.4 6.2 -2.5
v 30.4 6.3 -2.5
v 30.4 6.3 -2.6
v 30.4 6.2 -2.6
v 30.3 6.2 -2.6
v 30.3 6.3 -2.6
v 30.4 6.3 -2.5
v 30.4 6.2 -2.5
v 30.5 6.2 -2.5
v 30.5 6.3 -2.5
v 30.5 6.3 -2.6
v 30.5 6.2 -2.6
v 30.4 6.2 -2.6
v 30.4 6.3 -2.6
v 30.5 6.3 -2.5
v 30.5 6.2 -2.5
v 30.6 6.2 -2.5
v 30.6 6.3 -2.5
v 30.6 6.3 -2.6
v 30.6 6.2 -2.6
v 30.5 6.2 -2.6
v 30.5 6.3 -2.6
v 30.6 6.3 -2.5
v 30.6 6.2 -2.5
v 30.7 6.2 -2.5
v 30.7 6.3 -2.5
v 30.7 6.3 -2.6
v 30.7 6.2 -2.6
v 30.6 6.2 -2.6
v 30.6 6.3 -2.6
v 30.7 6.3 -2.5
v 30.7 6.2 -2.5
v 30.8 6.2 -2.5
v 30.8 6.3 -2.5
v 30.8 6.3 -2.6
v 30.8 6.2 -2.6
v 30.7 6.2 -2.6
v 30.7 6.3 -2.6
v 30.8 6.3 -2.5
v 30.8 6.2 -2.5
v 30.9 6.2 -2.5
v 30.9 6.3 -2.5
v 30.9 6.3 -2.6
v 30.9 6.2 -2.6
v 30.8 6.2 -2.6
v 30.8 6.3 -2.6
v 30.9 6.3 -2.5
v 30.9 6.2 -2.5
v 31 6.2 -2.5
v 31 6.3 -2.5
v 31 6.3 -2.6
v 31 6.2 -2.6
v 30.9 6.2 -2.6
v 30.9 6.3 -2.6
v 31 6.3 -2.5
v 31 6.2 -2.5
v 31.1 6.2 -2.5
v 31.1 6.3 -2.5
v 31.1 6.3 -2.6
v 31.1 6.2 -2.6
v 31 6.2 -2.6
v 31 6.3 -2.6
v 31.1 6.3 -2.5
v 31.1 6.2 -2.5
v 31.2 6.2 -2.5
v 31.2 6.3 -2.5
v 31.2 6.3 -2.6
v 31.2 6.2 -2.6
v 31.1 6.2 -2.6
v 31.1 6.3 -2.6
v 31.2 6.3 -2.5
v 31.2 6.2 -2.5
v 31.3 6.2 -2.5
v 31.3 6.3 -2.5
v 31.3 6.3 -2.6
v 31.3 6.2 -2.6
v 31.2 6.2 -2.6
v 31.2 6.3 -2.6
v 31.3 6.3 -2.5
v 31.3 6.2 -2.5
v 31.4 6.2 -2.5
v 31.4 6.3 -2.5
v 31.4 6.3 -2.6
v 31.4 6.2 -2.6
v 31.3 6.2 -2.6
v 31.3 6.3 -2.6
v 31.4 6.3 -2.5
v 31.4 6.2 -2.5
v 31.5 6.2 -2.5
v 31.5 6.3 -2.5
v 31.5 6.3 -2.6
v 31.5 6.2 -2.6
v 31.4 6.2 -2.6
v 31.4 6.3 -2.6
v 31.5 6.3 -2.5
v 31.5 6.2 -2.5
v 31.6 6.2 -2.5
v 31.6 6.3 -2.5
v 31.6 6.3 -2.6
v 31.6 6.2 -2.6
v 31.5 6.2 -2.6
v 31.5 6.3 -2.6
v 31.6 6.3 -2.5
v 31.6 6.2 -2.5
v 31.7 6.2 -2.5
v 31.7 6.3 -2.5
v 31.7 6.3 -2.6
v 31.7 6.2 -2.6
v 31.6 6.2 -2.6
v 31.6 6.3 -2.6
v 31.7 6.3 -2.5
v 31.7 6.2 -2.5
v 31.8 6.2 -2.5
v 31.8 6.3 -2.5
v 31.8 6.3 -2.6
v 31.8 6.2 -2.6
v 31.7 6.2 -2.6
v 31.7 6.3 -2.6
v 31.8 6.3 -2.5
v 31.8 6.2 -2.5
v 31.9 6.2 -2.5
v 31.9 6.3 -2.5
v 31.9 6.3 -2.6
v 31.9 6.2 -2.6
v 31.8 6.2 -2.6
v 31.8 6.3 -2.6
v 32 6.3 -2.5
v 32 6.2 -2.5
v 32 6.2 -2.6
v 32 6.3 -2.6
v 31.9 6.3 -2.5
v 31.9 6.2 -2.5
v 32 6.2 -2.5
v 32 6.3 -2.5
v 32 6.3 -2.6
v 32 6.2 -2.6
v 31.9 6.2 -2.6
v 31.9 6.3 -2.6
v 28 6.2 -2.6
v 28 6.1 -2.6
v 28 6.1 -2.5
v 28 6.2 -2.5
v 28 6.2 -2.6
v 28 6.2 -2.5
v 28.1 6.2 -2.5
v 28.1 6.2 -2.6
v 28 6.1 -2.5
v 28 6.1 -2.6
v 28.1 6.1 -2.6
v 28.1 6.1 -2.5
v 28 6.2 -2.5
v 28 6.1 -2.5
v 28.1 6.1 -2.5
v 28.1 6.2 -2.5
v 28.1 6.2 -2.6
v 28.1 6.1 -2.6
v 28 6.1 -2.6
v 28 6.2 -2.6
v 28.1 6.1 -2.5
v 28.1 6.1 -2.6
v 28.2 6.1 -2.6
v 28.2 6.1 -2.5
v 28.1 6.2 -2.5
v 28.1 6.1 -2.5
v 28.2 6.1 -2.5
v 28.2 6.2 -2.5
v 28.2 6.2 -2.6
v 28.2 6.1 -2.6
v 28.1 6.1 -2.6
v 28.1 6.2 -2.6
v 28.2 6.1 -2.5
v 28.2 6.1 -2.6
v 28.3 6.1 -2.6
v 28.3 6.1 -2.5
v 28.2 6.2 -2.5
v 28.2 6.1 -2.5
v 28.3 6.1 -2.5
v 28.3 6.2 -2.5
v 28.3 6.2 -2.6
v 28.3 6.1 -2.6
v 28.2 6.1 -2.6
v 28.2 6.2 -2.6
v 28.3 6.2 -2.5
v 28.3 6.1 -2.5
v 28.4 6.1 -2.5
v 28.4 6.2 -2.5
v 28.4 6.2 -2.6
v 28.4 6.1 -2.6
v 28.3 6.1 -2.6
v 28.3 6.2 -2.6
v 28.4 6.2 -2.5
v 28.4 6.1 -2.5
v 28.5 6.1 -2.5
v 28.5 6.2 -2.5
v 28.5 6.2 -2.6
v 28.5 6.1 -2.6
v 28.4 6.1 -2.6
v 28.4 6.2 -2.6
v 28.5 6.2 -2.5
v 28.5 6.1 -2.5
v 28.6 6.1 -2.5
v 28.6 6.2 -2.5
v 28.6 6.2 -2.6
v 28.6 6.1 -2.6
v 28.5 6.1 -2.6
v 28.5 6.2 -2.6
v 28.6 6.2 -2.6
v 28.6 6.2 -2.5
v 28.7 6.2 -2.5
v 28.7 6.2 -2.6
v 28.6 6.2 -2.5
v 28.6 6.1 -2.5
v 28.7 6.1 -2.5
v 28.7 6.2 -2.5
v 28.7 6.2 -2.6
v 28.7 6.1 -2.6
v 28.6 6.1 -2.6
v 28.6 6.2 -2.6
v 28.7 6.2 -2.6
v 28.7 6.2 -2.5
v 28.8 6.2 -2.5
v 28.8 6.2 -2.6
v 28.7 6.2 -2.5
v 28.7 6.1 -2.5
v 28.8 6.1 -2.5
v 28.8 6.2 -2.5
v 28.8 6.2 -2.6
v 28.8 6.1 -2.6
v 28.7 6.1 -2.6
v 28.7 6.2 -2.6
v 28.8 6.2 -2.6
v 28.8 6.2 -2.5
v 28.9 6.2 -2.5
v 28.9 6.2 -2.6
v 28.8 6.2 -2.5
v 28.8 6.1 -2.5
v 28.9 6.1 -2.5
v 28.9 6.2 -2.5
v 28.9 6.2 -2.6
v 28.9 6.1 -2.6
v 28.8 6.1 -2.6
v 28.8 6.2 -2.6
v 28.9 6.2 -2.6
v 28.9 6.2 -2.5
v 29 6.2 -2.5
v 29 6.2 -2.6
v 28.9 6.2 -2.5
v 28.9 6.1 -2.5
v 29 6.1 -2.5
v 29 6.2 -2.5
v 29 6.2 -2.6
v 29 6.1 -2.6
v 28.9 6.1 -2.6
v 28.9 6.2 -2.6
v 29 6.2 -2.6
v 29 6.2 -2.5
v 29.1 6.2 -2.5
v 29.1 6.2 -2.6
v 29 6.2 -2.5
v 29 6.1 -2.5
v 29.1 6.1 -2.5
v 29.1 6.2 -2.5
v 29.1 6.2 -2.6
v 29.1 6.1 -2.6
v 29 6.1 -2.6
v 29 6.2 -2.6
v 29.1 6.2 -2.6
v 29.1 6.2 -2.5
v 29.2 6.2 -2.5
v 29.2 6.2 -2.6
v 29.1 6.2 -2.5
v 29.1 6.1 -2.5
v 29.2 6.1 -2.5
v 29.2 6.2 -2.5
v 29.2 6.2 -2.6
v 29.2 6.1 -2.6
v 29.1 6.1 -2.6
v 29.1 6.2 -2.6
v 29.2 6.2 -2.6
v 29.2 6.2 -2.5
v 29.3 6.2 -2.5
v 29.3 6.2 -2.6
v 29.2 6.2 -2.5
v 29.2 6.1 -2.5
v 29.3 6.1 -2.5
v 29.3 6.2 -2.5
v 29.3 6.2 -2.6
v 29.3 6.1 -2.6
v 29.2 6.1 -2.6
v 29.2 6.2 -2.6
v 29.3 6.2 -2.6
v 29.3 6.2 -2.5
v 29.4 6.2 -2.5
v 29.4 6.2 -2.6
v 29.3 6.2 -2.5
v 29.3 6.1 -2.5
v 29.4 6.1 -2.5
v 29.4 6.2 -2.5
v 29.4 6.2 -2.6
v 29.4 6.1 -2.6
v 29.3 6.1 -2.6
v 29.3 6.2 -2.6
v 29.4 6.2 -2.6
v 29.4 6.2 -2.5
v 29.5 6.2 -2.5
v 29.5 6.2 -2.6
v 29.4 6.2 -2.5
v 29.4 6.1 -2.5
v 29.5 6.1 -2.5
v 29.5 6.2 -2.5
v 29.5 6.2 -2.6
v 29.5 6.1 -2.6
v 29.4 6.1 -2.6
v 29.4 6.2 -2.6
v 29.5 6.2 -2.5
v 29.5 6.1 -2.5
v 29.6 6.1 -2.5
v 29.6 6.2 -2.5
v 29.6 6.2 -2.6
v 29.6 6.1 -2.6
v 29.5 6.1 -2.6
v 29.5 6.2 -2.6
v 29.6 6.2 -2.5
v 29.6 6.1 -2.5
v 29.7 6.1 -2.5
v 29.7 6.2 -2.5
v 29.7 6.2 -2.6
v 29.7 6.1 -2.6
v 29.6 6.1 -2.6
v 29.6 6.2 -2.6
v 29.7 6.2 -2.5
v 29.7 6.1 -2.5
v 29.8 6.1 -2.5
v 29.8 6.2 -2.5
v 29.8 6.2 -2.6
v 29.8 6.1 -2.6
v 29.7 6.1 -2.6
v 29.7 6.2 -2.6
v 29.8 6.2 -2.5
v 29.8 6.1 -2.5
v 29.9 6.1 -2.5
v 29.9 6.2 -2.5
v 29.9 6.2 -2.6
v 29.9 6.1 -2.6
v 29.8 6.1 -2.6
v 29.8 6.2 -2.6
v 29.9 6.2 -2.5
v 29.9 6.1 -2.5
v 30 6.1 -2.5
v 30 6.2 -2.5
v 30 6.2 -2.6
v 30 6.1 -2.6
v 29.9 6.1 -2.6
v 29.9 6.2 -2.6
v 30 6.2 -2.5
v 30 6.1 -2.5
v 30.1 6.1 -2.5
v 30.1 6.2 -2.5
v 30.1 6.2 -2.6
v 30.1 6.1 -2.6
v 30 6.1 -2.6
v 30 6.2 -2.6
v 30.1 6.2 -2.5
v 30.1 6.1 -2.5
v 30.2 6.1 -2.5
v 30.2 6.2 -2.5
v 30.2 6.2 -2.6
v 30.2 6.1 -2.6
v 30.1 6.1 -2.6
v 30.1 6.2 -2.6
v 30.2 6.2 -2.5
v 30.2 6.1 -2.5
v 30.3 6.1 -2.5
v 30.3 6.2 -2.5
v 30.3 6.2 -2.6
v 30.3 6.1 -2.6
v 30.2 6.1 -2.6
v 30.2 6.2 -2.6
v 30.3 6.2 -2.5
v 30.3 6.1 -2.5
v 30.4 6.1 -2.5
v 30.4 6.2 -2.5
v 30.4 6.2 -2.6
v 30.4 6.1 -2.6
v 30.3 6.1 -2.6
v 30.3 6.2 -2.6
v 30.4 6.2 -2.5
v 30.4 6.1 -2.5
v 30.5 6.1 -2.5
v 30.5 6.2 -2.5
v 30.5 6.2 -2.6
v 30.5 6.1 -2.6
v 30.4 6.1 -2.6
v 30.4 6.2 -2.6
v 30.5 6.2 -2.5
v 30.5 6.1 -2.5
v 30.6 6.1 -2.5
v 30.6 6.2 -2.5
v 30.6 6.2 -2.6
v 30.6 6.1 -2.6
v 30.5 6.1 -2.6
v 30.5 6.2 -2.6
v 30.6 6.2 -2.5
v 30.6 6.1 -2.5
v 30.7 6.1 -2.5
v 30.7 6.2 -2.5
v 30.7 6.2 -2.6
v 30.7 6.1 -2.6
v 30.6 6.1 -2.6
v 30.6 6.2 -2.6
v 30.7 6.2 -2.5
v 30.7 6.1 -2.5
v 30.8 6.1 -2.5
v 30.8 6.2 -2.5
v 30.8 6.2 -2.6
v 30.8 6.1 -2.6
v 30.7 6.1 -2.6
v 30.7 6.2 -2.6
v 30.8 6.2 -2.5
v 30.8 6.1 -2.5
v 30.9 6.1 -2.5
v 30.9 6.2 -2.5
v 30.9 6.2 -2.6
v 30.9 6.1 -2.6
v 30.8 6.1 -2.6
v 30.8 6.2 -2.6
v 30.9 6.2 -2.5
v 30.9 6.1 -2.5
v 31 6.1 -2.5
v 31 6.2 -2.5
v 31 6.2 -2.6
v 31 6.1 -2.6
v 30.9 6.1 -2.6
v 30.9 6.2 -2.6
v 31 6.2 -2.5
v 31 6.1 -2.5
v 31.1 6.1 -2.5
v 31.1 6.2 -2.5
v 31.1 6.2 -2.6
v 31.1 6.1 -2.6
v 31 6.1 -2.6
v 31 6.2 -2.6
v 31.1 6.2 -2.5
v 31.1 6.1 -2.5
v 31.2 6.1 -2.5
v 31.2 6.2 -2.5
v 31.2 6.2 -2.6
v 31.2 6.1 -2.6
v 31.1 6.1 -2.6
v 31.1 6.2 -2.6
v 31.2 6.2 -2.5
v 31.2 6.1 -2.5
v 31.3 6.1 -2.5
v 31.3 6.2 -2.5
v 31.3 6.2 -2.6
v 31.3 6.1 -2.6
v 31.2 6.1 -2.6
v 31.2 6.2 -2.6
v 31.3 6.2 -2.5
v 31.3 6.1 -2.5
v 31.4 6.1 -2.5
v 31.4 6.2 -2.5
v 31.4 6.2 -2.6
v 31.4 6.1 -2.6
v 31.3 6.1 -2.6
v 31.3 6.2 -2.6
v 31.4 6.2 -2.5
v 31.4 6.1 -2.5
v 31.5 6.1 -2.5
v 31.5 6.2 -2.5
v 31.5 6.2 -2.6
v 31.5 6.1 -2.6
v 31.4 6.1 -2.6
v 31.4 6.2 -2.6
v 31.5 6.2 -2.5
v 31.5 6.1 -2.5
v 31.6 6.1 -2.5
v 31.6 6.2 -2.5
v 31.6 6.2 -2.6
v 31.6 6.1 -2.6
v 31.5 6.1 -2.6
v 31.5 6.2 -2.6
v 31.6 6.2 -2.5
v 31.6 6.1 -2.5
v 31.7 6.1 -2.5
v 31.7 6.2 -2.5
v 31.7 6.2 -2.6
v 31.7 6.1 -2.6
v 31.6 6.1 -2.6
v 31.6 6.2 -2.6
v 31.7 6.2 -2.5
v 31.7 6.1 -2.5
v 31.8 6.1 -2.5
v 31.8 6.2 -2.5
v 31.8 6.2 -2.6
v 31.8 6.1 -2.6
v 31.7 6.1 -2.6
v 31.7 6.2 -2.6
v 31.8 6.2 -2.5
v 31.8 6.1 -2.5
v 31.9 6.1 -2.5
v 31.9 6.2 -2.5
v 31.9 6.2 -2.6
v 31.9 6.1 -2.6
v 31.8 6.1 -2.6
v 31.8 6.2 -2.6
v 32 6.2 -2.5
v 32 6.1 -2.5
v 32 6.1 -2.6
v 32 6.2 -2.6
v 31.9 6.2 -2.5
v 31.9 6.1 -2.5
v 32 6.1 -2.5
v 32 6.2 -2.5
v 32 6.2 -2.6
v 32 6.1 -2.6
v 31.9 6.1 -2.6
v 31.9 6.2 -2.6
v 28.3 6.1 -2.6
v 28.3 6 -2.6
v 28.3 6 -2.5
v 28.3 6.1 -2.5
v 28.3 6 -2.5
v 28.3 6 -2.6
v 28.4 6 -2.6
v 28.4 6 -2.5
v 28.3 6.1 -2.5
v 28.3 6 -2.5
v 28.4 6 -2.5
v 28.4 6.1 -2.5
v 28.4 6.1 -2.6
v 28.4 6 -2.6
v 28.3 6 -2.6
v 28.3 6.1 -2.6
v 28.4 6 -2.5
v 28.4 6 -2.6
v 28.5 6 -2.6
v 28.5 6 -2.5
v 28.4 6.1 -2.5
v 28.4 6 -2.5
v 28.5 6 -2.5
v 28.5 6.1 -2.5
v 28.5 6.1 -2.6
v 28.5 6 -2.6
v 28.4 6 -2.6
v 28.4 6.1 -2.6
v 28.5 6.1 -2.5
v 28.5 6 -2.5
v 28.6 6 -2.5
v 28.6 6.1 -2.5
v 28.6 6.1 -2.6
v 28.6 6 -2.6
v 28.5 6 -2.6
v 28.5 6.1 -2.6
v 28.6 6.1 -2.5
v 28.6 6 -2.5
v 28.7 6 -2.5
v 28.7 6.1 -2.5
v 28.7 6.1 -2.6
v 28.7 6 -2.6
v 28.6 6 -2.6
v 28.6 6.1 -2.6
v 28.7 6.1 -2.5
v 28.7 6 -2.5
v 28.8 6 -2.5
v 28.8 6.1 -2.5
v 28.8 6.1 -2.6
v 28.8 6 -2.6
v 28.7 6 -2.6
v 28.7 6.1 -2.6
v 28.8 6.1 -2.5
v 28.8 6 -2.5
v 28.9 6 -2.5
v 28.9 6.1 -2.5
v 28.9 6.1 -2.6
v 28.9 6 -2.6
v 28.8 6 -2.6
v 28.8 6.1 -2.6
v 28.9 6.1 -2.5
v 28.9 6 -2.5
v 29 6 -2.5
v 29 6.1 -2.5
v 29 6.1 -2.6
v 29 6 -2.6
v 28.9 6 -2.6
v 28.9 6.1 -2.6
v 29 6.1 -2.5
v 29 6 -2.5
v 29.1 6 -2.5
v 29.1 6.1 -2.5
v 29.1 6.1 -2.6
v 29.1 6 -2.6
v 29 6 -2.6
v 29 6.1 -2.6
v 29.1 6.1 -2.5
v 29.1 6 -2.5
v 29.2 6 -2.5
v 29.2 6.1 -2.5
v 29.2 6.1 -2.6
v 29.2 6 -2.6
v 29.1 6 -2.6
v 29.1 6.1 -2.6
v 29.2 6.1 -2.5
v 29.2 6 -2.5
v 29.3 6 -2.5
v 29.3 6.1 -2.5
v 29.3 6.1 -2.6
v 29.3 6 -2.6
v 29.2 6 -2.6
v 29.2 6.1 -2.6
v 29.3 6.1 -2.5
v 29.3 6 -2.5
v 29.4 6 -2.5
v 29.4 6.1 -2.5
v 29.4 6.1 -2.6
v 29.4 6 -2.6
v 29.3 6 -2.6
v 29.3 6.1 -2.6
v 29.4 6.1 -2.5
v 29.4 6 -2.5
v 29.5 6 -2.5
v 29.5 6.1 -2.5
v 29.5 6.1 -2.6
v 29.5 6 -2.6
v 29.4 6 -2.6
v 29.4 6.1 -2.6
v 29.5 6.1 -2.5
v 29.5 6 -2.5
v 29.6 6 -2.5
v 29.6 6.1 -2.5
v 29.6 6.1 -2.6
v 29.6 6 -2.6
v 29.5 6 -2.6
v 29.5 6.1 -2.6
v 29.6 6.1 -2.5
v 29.6 6 -2.5
v 29.7 6 -2.5
v 29.7 6.1 -2.5
v 29.7 6.1 -2.6
v 29.7 6 -2.6
v 29.6 6 -2.6
v 29.6 6.1 -2.6
v 29.7 6.1 -2.5
v 29.7 6 -2.5
v 29.8 6 -2.5
v 29.8 6.1 -2.5
v 29.8 6.1 -2.6
v 29.8 6 -2.6
v 29.7 6 -2.6
v 29.7 6.1 -2.6
v 29.8 6.1 -2.5
v 29.8 6 -2.5
v 29.9 6 -2.5
v 29.9 6.1 -2.5
v 29.9 6.1 -2.6
v 29.9 6 -2.6
v 29.8 6 -2.6
v 29.8 6.1 -2.6
v 29.9 6.1 -2.5
v 29.9 6 -2.5
v 30 6 -2.5
v 30 6.1 -2.5
v 30 6.1 -2.6
v 30 6 -2.6
v 29.9 6 -2.6
v 29.9 6.1 -2.6
v 30 6.1 -2.5
v 30 6 -2.5
v 30.1 6 -2.5
v 30.1 6.1 -2.5
v 30.1 6.1 -2.6
v 30.1 6 -2.6
v 30 6 -2.6
v 30 6.1 -2.6
v 30.1 6.1 -2.5
v 30.1 6 -2.5
v 30.2 6 -2.5
v 30.2 6.1 -2.5
v 30.2 6.1 -2.6
v 30.2 6 -2.6
v 30.1 6 -2.6
v 30.1 6.1 -2.6
v 30.2 6.1 -2.5
v 30.2 6 -2.5
v 30.3 6 -2.5
v 30.3 6.1 -2.5
v 30.3 6.1 -2.6
v 30.3 6 -2.6
v 30.2 6 -2.6
v 30.2 6.1 -2.6
v 30.3 6.1 -2.5
v 30.3 6 -2.5
v 30.4 6 -2.5
v 30.4 6.1 -2.5
v 30.4 6.1 -2.6
v 30.4 6 -2.6
v 30.3 6 -2.6
v 30.3 6.1 -2.6
v 30.4 6.1 -2.5
v 30.4 6 -2.5
v 30.5 6 -2.5
v 30.5 6.1 -2.5
v 30.5 6.1 -2.6
v 30.5 6 -2.6
v 30.4 6 -2.6
v 30.4 6.1 -2.6
v 30.5 6.1 -2.5
v 30.5 6 -2.5
v 30.6 6 -2.5
v 30.6 6.1 -2.5
v 30.6 6.1 -2.6
v 30.6 6 -2.6
v 30.5 6 -2.6
v 30.5 6.1 -2.6
v 30.6 6.1 -2.5
v 30.6 6 -2.5
v 30.7 6 -2.5
v 30.7 6.1 -2.5
v 30.7 6.1 -2.6
v 30.7 6 -2.6
v 30.6 6 -2.6
v 30.6 6.1 -2.6
v 30.7 6.1 -2.5
v 30.7 6 -2.5
v 30.8 6 -2.5
v 30.8 6.1 -2.5
v 30.8 6.1 -2.6
v 30.8 6 -2.6
v 30.7 6 -2.6
v 30.7 6.1 -2.6
v 30.8 6.1 -2.5
v 30.8 6 -2.5
v 30.9 6 -2.5
v 30.9 6.1 -2.5
v 30.9 6.1 -2.6
v 30.9 6 -2.6
v 30.8 6 -2.6
v 30.8 6.1 -2.6
v 30.9 6.1 -2.5
v 30.9 6 -2.5
v 31 6 -2.5
v 31 6.1 -2.5
v 31 6.1 -2.6
v 31 6 -2.6
v 30.9 6 -2.6
v 30.9 6.1 -2.6
v 31 6.1 -2.5
v 31 6 -2.5
v 31.1 6 -2.5
v 31.1 6.1 -2.5
v 31.1 6.1 -2.6
v 31.1 6 -2.6
v 31 6 -2.6
v 31 6.1 -2.6
v 31.1 6.1 -2.5
v 31.1 6 -2.5
v 31.2 6 -2.5
v 31.2 6.1 -2.5
v 31.2 6.1 -2.6
v 31.2 6 -2.6
v 31.1 6 -2.6
v 31.1 6.1 -2.6
v 31.2 6.1 -2.5
v 31.2 6 -2.5
v 31.3 6 -2.5
v 31.3 6.1 -2.5
v 31.3 6.1 -2.6
v 31.3 6 -2.6
v 31.2 6 -2.6
v 31.2 6.1 -2.6
v 31.3 6.1 -2.5
v 31.3 6 -2.5
v 31.4 6 -2.5
v 31.4 6.1 -2.5
v 31.4 6.1 -2.6
v 31.4 6 -2.6
v 31.3 6 -2.6
v 31.3 6.1 -2.6
v 31.4 6.1 -2.5
v 31.4 6 -2.5
v 31.5 6 -2.5
v 31.5 6.1 -2.5
v 31.5 6.1 -2.6
v 31.5 6 -2.6
v 31.4 6 -2.6
v 31.4 6.1 -2.6
v 31.5 6.1 -2.5
v 31.5 6 -2.5
v 31.6 6 -2.5
v 31.6 6.1 -2.5
v 31.6 6.1 -2.6
v 31.6 6 -2.6
v 31.5 6 -2.6
v 31.5 6.1 -2.6
v 31.6 6.1 -2.5
v 31.6 6 -2.5
v 31.7 6 -2.5
v 31.7 6.1 -2.5
v 31.7 6.1 -2.6
v 31.7 6 -2.6
v 31.6 6 -2.6
v 31.6 6.1 -2.6
v 31.7 6.1 -2.5
v 31.7 6 -2.5
v 31.8 6 -2.5
v 31.8 6.1 -2.5
v 31.8 6.1 -2.6
v 31.8 6 -2.6
v 31.7 6 -2.6
v 31.7 6.1 -2.6
v 31.8 6.1 -2.5
v 31.8 6 -2.5
v 31.9 6 -2.5
v 31.9 6.1 -2.5
v 31.9 6.1 -2.6
v 31.9 6 -2.6
v 31.8 6 -2.6
v 31.8 6.1 -2.6
v 32 6.1 -2.5
v 32 6 -2.5
v 32 6 -2.6
v 32 6.1 -2.6
v 31.9 6.1 -2.5
v 31.9 6 -2.5
v 32 6 -2.5
v 32 6.1 -2.5
v 32 6.1 -2.6
v 32 6 -2.6
v 31.9 6 -2.6
v 31.9 6.1 -2.6
v 28.5 6 -2.6
v 28.5 5.9 -2.6
v 28.5 5.9 -2.5
v 28.5 6 -2.5
v 28.5 5.9 -2.5
v 28.5 5.9 -2.6
v 28.6 5.9 -2.6
v 28.6 5.9 -2.5
v 28.5 6 -2.5
v 28.5 5.9 -2.5
v 28.6 5.9 -2.5
v 28.6 6 -2.5
v 28.6 6 -2.6
v 28.6 5.9 -2.6
v 28.5 5.9 -2.6
v 28.5 6 -2.6
v 28.6 5.9 -2.5
v 28.6 5.9 -2.6
v 28.7 5.9 -2.6
v 28.7 5.9 -2.5
v 28.6 6 -2.5
v 28.6 5.9 -2.5
v 28.7 5.9 -2.5
v 28.7 6 -2.5
v 28.7 6 -2.6
v 28.7 5.9 -2.6
v 28.6 5.9 -2.6
v 28.6 6 -2.6
v 28.7 5.9 -2.5
v 28.7 5.9 -2.6
v 28.8 5.9 -2.6
v 28.8 5.9 -2.5
v 28.7 6 -2.5
v 28.7 5.9 -2.5
v 28.8 5.9 -2.5
v 28.8 6 -2.5
v 28.8 6 -2.6
v 28.8 5.9 -2.6
v 28.7 5.9 -2.6
v 28.7 6 -2.6
v 28.8 6 -2.5
v 28.8 5.9 -2.5
v 28.9 5.9 -2.5
v 28.9 6 -2.5
v 28.9 6 -2.6
v 28.9 5.9 -2.6
v 28.8 5.9 -2.6
v 28.8 6 -2.6
v 28.9 6 -2.5
v 28.9 5.9 -2.5
v 29 5.9 -2.5
v 29 6 -2.5
v 29 6 -2.6
v 29 5.9 -2.6
v 28.9 5.9 -2.6
v 28.9 6 -2.6
v 29 6 -2.5
v 29 5.9 -2.5
v 29.1 5.9 -2.5
v 29.1 6 -2.5
v 29.1 6 -2.6
v 29.1 5.9 -2.6
v 29 5.9 -2.6
v 29 6 -2.6
v 29.1 6 -2.5
v 29.1 5.9 -2.5
v 29.2 5.9 -2.5
v 29.2 6 -2.5
v 29.2 6 -2.6
v 29.2 5.9 -2.6
v 29.1 5.9 -2.6
v 29.1 6 -2.6
v 29.2 6 -2.5
v 29.2 5.9 -2.5
v 29.3 5.9 -2.5
v 29.3 6 -2.5
v 29.3 6 -2.6
v 29.3 5.9 -2.6
v 29.2 5.9 -2.6
v 29.2 6 -2.6
v 29.3 6 -2.5
v 29.3 5.9 -2.5
v 29.4 5.9 -2.5
v 29.4 6 -2.5
v 29.4 6 -2.6
v 29.4 5.9 -2.6
v 29.3 5.9 -2.6
v 29.3 6 -2.6
v 29.4 6 -2.5
v 29.4 5.9 -2.5
v 29.5 5.9 -2.5
v 29.5 6 -2.5
v 29.5 6 -2.6
v 29.5 5.9 -2.6
v 29.4 5.9 -2.6
v 29.4 6 -2.6
v 29.5 6 -2.5
v 29.5 5.9 -2.5
v 29.6 5.9 -2.5
v 29.6 6 -2.5
v 29.6 6 -2.6
v 29.6 5.9 -2.6
v 29.5 5.9 -2.6
v 29.5 6 -2.6
v 29.6 6 -2.5
v 29.6 5.9 -2.5
v 29.7 5.9 -2.5
v 29.7 6 -2.5
v 29.7 6 -2.6
v 29.7 5.9 -2.6
v 29.6 5.9 -2.6
v 29.6 6 -2.6
v 29.7 6 -2.5
v 29.7 5.9 -2.5
v 29.8 5.9 -2.5
v 29.8 6 -2.5
v 29.8 6 -2.6
v 29.8 5.9 -2.6
v 29.7 5.9 -2.6
v 29.7 6 -2.6
v 29.8 6 -2.5
v 29.8 5.9 -2.5
v 29.9 5.9 -2.5
v 29.9 6 -2.5
v 29.9 6 -2.6
v 29.9 5.9 -2.6
v 29.8 5.9 -2.6
v 29.8 6 -2.6
v 29.9 6 -2.5
v 29.9 5.9 -2.5
v 30 5.9 -2.5
v 30 6 -2.5
v 30 6 -2.6
v 30 5.9 -2.6
v 29.9 5.9 -2.6
v 29.9 6 -2.6
v 30 6 -2.5
v 30 5.9 -2.5
v 30.1 5.9 -2.5
v 30.1 6 -2.5
v 30.1 6 -2.6
v 30.1 5.9 -2.6
v 30 5.9 -2.6
v 30 6 -2.6
v 30.1 6 -2.5
v 30.1 5.9 -2.5
v 30.2 5.9 -2.5
v 30.2 6 -2.5
v 30.2 6 -2.6
v 30.2 5.9 -2.6
v 30.1 5.9 -2.6
v 30.1 6 -2.6
v 30.2 6 -2.5
v 30.2 5.9 -2.5
v 30.3 5.9 -2.5
v 30.3 6 -2.5
v 30.3 6 -2.6
v 30.3 5.9 -2.6
v 30.2 5.9 -2.6
v 30.2 6 -2.6
v 30.3 6 -2.5
v 30.3 5.9 -2.5
v 30.4 5.9 -2.5
v 30.4 6 -2.5
v 30.4 6 -2.6
v 30.4 5.9 -2.6
v 30.3 5.9 -2.6
v 30.3 6 -2.6
v 30.4 6 -2.5
v 30.4 5.9 -2.5
v 30.5 5.9 -2.5
v 30.5 6 -2.5
v 30.5 6 -2.6
v 30.5 5.9 -2.6
v 30.4 5.9 -2.6
v 30.4 6 -2.6
v 30.5 6 -2.5
v 30.5 5.9 -2.5
v 30.6 5.9 -2.5
v 30.6 6 -2.5
v 30.6 6 -2.6
v 30.6 5.9 -2.6
v 30.5 5.9 -2.6
v 30.5 6 -2.6
v 30.6 6 -2.5
v 30.6 5.9 -2.5
v 30.7 5.9 -2.5
v 30.7 6 -2.5
v 30.7 6 -2.6
v 30.7 5.9 -2.6
v 30.6 5.9 -2.6
v 30.6 6 -2.6
v 30.7 6 -2.5
v 30.7 5.9 -2.5
v 30.8 5.9 -2.5
v 30.8 6 -2.5
v 30.8 6 -2.6
v 30.8 5.9 -2.6
v 30.7 5.9 -2.6
v 30.7 6 -2.6
v 30.8 6 -2.5
v 30.8 5.9 -2.5
v 30.9 5.9 -2.5
v 30.9 6 -2.5
v 30.9 6 -2.6
v 30.9 5.9 -2.6
v 30.8 5.9 -2.6
v 30.8 6 -2.6
v 30.9 6 -2.5
v 30.9 5.9 -2.5
v 31 5.9 -2.5
v 31 6 -2.5
v 31 6 -2.6
v 31 5.9 -2.6
v 30.9 5.9 -2.6
v 30.9 6 -2.6
v 31 6 -2.5
v 31 5.9 -2.5
v 31.1 5.9 -2.5
v 31.1 6 -2.5
v 31.1 6 -2.6
v 31.1 5.9 -2.6
v 31 5.9 -2.6
v 31 6 -2.6
v 31.1 6 -2.5
v 31.1 5.9 -2.5
v 31.2 5.9 -2.5
v 31.2 6 -2.5
v 31.2 6 -2.6
v 31.2 5.9 -2.6
v 31.1 5.9 -2.6
v 31.1 6 -2.6
v 31.2 6 -2.5
v 31.2 5.9 -2.5
v 31.3 5.9 -2.5
v 31.3 6 -2.5
v 31.3 6 -2.6
v 31.3 5.9 -2.6
v 31.2 5.9 -2.6
v 31.2 6 -2.6
v 31.3 6 -2.5
v 31.3 5.9 -2.5
v 31.4 5.9 -2.5
v 31.4 6 -2.5
v 31.4 6 -2.6
v 31.4 5.9 -2.6
v 31.3 5.9 -2.6
v 31.3 6 -2.6
v 31.4 6 -2.5
v 31.4 5.9 -2.5
v 31.5 5.9 -2.5
v 31.5 6 -2.5
v 31.5 6 -2.6
v 31.5 5.9 -2.6
v 31.4 5.9 -2.6
v 31.4 6 -2.6
v 31.5 6 -2.5
v 31.5 5.9 -2.5
v 31.6 5.9 -2.5
v 31.6 6 -2.5
v 31.6 6 -2.6
v 31.6 5.9 -2.6
v 31.5 5.9 -2.6
v 31.5 6 -2.6
v 31.6 6 -2.5
v 31.6 5.9 -2.5
v 31.7 5.9 -2.5
v 31.7 6 -2.5
v 31.7 6 -2.6
v 31.7 5.9 -2.6
v 31.6 5.9 -2.6
v 31.6 6 -2.6
v 31.7 6 -2.5
v 31.7 5.9 -2.5
v 31.8 5.9 -2.5
v 31.8 6 -2.5
v 31.8 6 -2.6
v 31.8 5.9 -2.6
v 31.7 5.9 -2.6
v 31.7 6 -2.6
v 31.8 6 -2.5
v 31.8 5.9 -2.5
v 31.9 5.9 -2.5
v 31.9 6 -2.5
v 31.9 6 -2.6
v 31.9 5.9 -2.6
v 31.8 5.9 -2.6
v 31.8 6 -2.6
v 32 6 -2.5
v 32 5.9 -2.5
v 32 5.9 -2.6
v 32 6 -2.6
v 31.9 6 -2.5
v 31.9 5.9 -2.5
v 32 5.9 -2.5
v 32 6 -2.5
v 32 6 -2.6
v 32 5.9 -2.6
v 31.9 5.9 -2.6
v 31.9 6 -2.6
v 28.8 5.9 -2.6
v 28.8 5.8 -2.6
v 28.8 5.8 -2.5
v 28.8 5.9 -2.5
v 28.8 5.8 -2.5
v 28.8 5.8 -2.6
v 28.9 5.8 -2.6
v 28.9 5.8 -2.5
v 28.8 5.9 -2.5
v 28.8 5.8 -2.5
v 28.9 5.8 -2.5
v 28.9 5.9 -2.5
v 28.9 5.9 -2.6
v 28.9 5.8 -2.6
v 28.8 5.8 -2.6
v 28.8 5.9 -2.6
v 28.9 5.8 -2.5
v 28.9 5.8 -2.6
v 29 5.8 -2.6
v 29 5.8 -2.5
v 28.9 5.9 -2.5
v 28.9 5.8 -2.5
v 29 5.8 -2.5
v 29 5.9 -2.5
v 29 5.9 -2.6
v 29 5.8 -2.6
v 28.9 5.8 -2.6
v 28.9 5.9 -2.6
v 29 5.8 -2.5
v 29 5.8 -2.6
v 29.1 5.8 -2.6
v 29.1 5.8 -2.5
v 29 5.9 -2.5
v 29 5.8 -2.5
v 29.1 5.8 -2.5
v 29.1 5.9 -2.5
v 29.1 5.9 -2.6
v 29.1 5.8 -2.6
v 29 5.8 -2.6
v 29 5.9 -2.6
v 29.1 5.9 -2.5
v 29.1 5.8 -2.5
v 29.2 5.8 -2.5
v 29.2 5.9 -2.5
v 29.2 5.9 -2.6
v 29.2 5.8 -2.6
v 29.1 5.8 -2.6
v 29.1 5.9 -2.6
v 29.2 5.9 -2.5
v 29.2 5.8 -2.5
v 29.3 5.8 -2.5
v 29.3 5.9 -2.5
v 29.3 5.9 -2.6
v 29.3 5.8 -2.6
v 29.2 5.8 -2.6
v 29.2 5.9 -2.6
v 29.3 5.9 -2.5
v 29.3 5.8 -2.5
v 29.4 5.8 -2.5
v 29.4 5.9 -2.5
v 29.4 5.9 -2.6
v 29.4 5.8 -2.6
v 29.3 5.8 -2.6
v 29.3 5.9 -2.6
v 29.4 5.9 -2.5
v 29.4 5.8 -2.5
v 29.5 5.8 -2.5
v 29.5 5.9 -2.5
v 29.5 5.9 -2.6
v 29.5 5.8 -2.6
v 29.4 5.8 -2.6
v 29.4 5.9 -2.6
v 29.5 5.9 -2.5
v 29.5 5.8 -2.5
v 29.6 5.8 -2.5
v 29.6 5.9 -2.5
v 29.6 5.9 -2.6
v 29.6 5.8 -2.6
v 29.5 5.8 -2.6
v 29.5 5.9 -2.6
v 29.6 5.9 -2.5
v 29.6 5.8 -2.5
v 29.7 5.8 -2.5
v 29.7 5.9 -2.5
v 29.7 5.9 -2.6
v 29.7 5.8 -2.6
v 29.6 5.8 -2.6
v 29.6 5.9 -2.6
v 29.7 5.9 -2.5
v 29.7 5.8 -2.5
v 29.8 5.8 -2.5
v 29.8 5.9 -2.5
v 29.8 5.9 -2.6
v 29.8 5.8 -2.6
v 29.7 5.8 -2.6
v 29.7 5.9 -2.6
v 29.8 5.9 -2.5
v 29.8 5.8 -2.5
v 29.9 5.8 -2.5
v 29.9 5.9 -2.5
v 29.9 5.9 -2.6
v 29.9 5.8 -2.6
v 29.8 5.8 -2.6
v 29.8 5.9 -2.6
v 29.9 5.9 -2.5
v 29.9 5.8 -2.5
v 30 5.8 -2.5
v 30 5.9 -2.5
v 30 5.9 -2.6
v 30 5.8 -2.6
v 29.9 5.8 -2.6
v 29.9 5.9 -2.6
v 30 5.9 -2.5
v 30 5.8 -2.5
v 30.1 5.8 -2.5
v 30.1 5.9 -2.5
v 30.1 5.9 -2.6
v 30.1 5.8 -2.6
v 30 5.8 -2.6
v 30 5.9 -2.6
v 30.1 5.9 -2.5
v 30.1 5.8 -2.5
v 30.2 5.8 -2.5
v 30.2 5.9 -2.5
v 30.2 5.9 -2.6
v 30.2 5.8 -2.6
v 30.1 5.8 -2.6
v 30.1 5.9 -2.6
v 30.2 5.9 -2.5
v 30.2 5.8 -2.5
v 30.3 5.8 -2.5
v 30.3 5.9 -2.5
v 30.3 5.9 -2.6
v 30.3 5.8 -2.6
v 30.2 5.8 -2.6
v 30.2 5.9 -2.6
v 30.3 5.9 -2.5
v 30.3 5.8 -2.5
v 30.4 5.8 -2.5
v 30.4 5.9 -2.5
v 30.4 5.9 -2.6
v 30.4 5.8 -2.6
v 30.3 5.8 -2.6
v 30.3 5.9 -2.6
v 30.4 5.9 -2.5
v 30.4 5.8 -2.5
v 30.5 5.8 -2.5
v 30.5 5.9 -2.5
v 30.5 5.9 -2.6
v 30.5 5.8 -2.6
v 30.4 5.8 -2.6
v 30.4 5.9 -2.6
v 30.5 5.9 -2.5
v 30.5 5.8 -2.5
v 30.6 5.8 -2.5
v 30.6 5.9 -2.5
v 30.6 5.9 -2.6
v 30.6 5.8 -2.6
v 30.5 5.8 -2.6
v 30.5 5.9 -2.6
v 30.6 5.9 -2.5
v 30.6 5.8 -2.5
v 30.7 5.8 -2.5
v 30.7 5.9 -2.5
v 30.7 5.9 -2.6
v 30.7 5.8 -2.6
v 30.6 5.8 -2.6
v 30.6 5.9 -2.6
v 30.7 5.9 -2.5
v 30.7 5.8 -2.5
v 30.8 5.8 -2.5
v 30.8 5.9 -2.5
v 30.8 5.9 -2.6
v 30.8 5.8 -2.6
v 30.7 5.8 -2.6
v 30.7 5.9 -2.6
v 30.8 5.9 -2.5
v 30.8 5.8 -2.5
v 30.9 5.8 -2.5
v 30.9 5.9 -2.5
v 30.9 5.9 -2.6
v 30.9 5.8 -2.6
v 30.8 5.8 -2.6
v 30.8 5.9 -2.6
v 30.9 5.9 -2.5
v 30.9 5.8 -2.5
v 31 5.8 -2.5
v 31 5.9 -2.5
v 31 5.9 -2.6
v 31 5.8 -2.6
v 30.9 5.8 -2.6
v 30.9 5.9 -2.6
v 31 5.9 -2.5
v 31 5.8 -2.5
v 31.1 5.8 -2.5
v 31.1 5.9 -2.5
v 31.1 5.9 -2.6
v 31.1 5.8 -2.6
v 31 5.8 -2.6
v 31 5.9 -2.6
v 31.1 5.9 -2.5
v 31.1 5.8 -2.5
v 31.2 5.8 -2.5
v 31.2 5.9 -2.5
v 31.2 5.9 -2.6
v 31.2 5.8 -2.6
v 31.1 5.8 -2.6
v 31.1 5.9 -2.6
v 31.2 5.9 -2.5
v 31.2 5.8 -2.5
v 31.3 5.8 -2.5
v 31.3 5.9 -2.5
v 31.3 5.9 -2.6
v 31.3 5.8 -2.6
v 31.2 5.8 -2.6
v 31.2 5.9 -2.6
v 31.3 5.9 -2.5
v 31.3 5.8 -2.5
v 31.4 5.8 -2.5
v 31.4 5.9 -2.5
v 31.4 5.9 -2.6
v 31.4 5.8 -2.6
v 31.3 5.8 -2.6
v 31.3 5.9 -2.6
v 31.4 5.9 -2.5
v 31.4 5.8 -2.5
v 31.5 5.8 -2.5
v 31.5 5.9 -2.5
v 31.5 5.9 -2.6
v 31.5 5.8 -2.6
v 31.4 5.8 -2.6
v 31.4 5.9 -2.6
v 31.5 5.9 -2.5
v 31.5 5.8 -2.5
v 31.6 5.8 -2.5
v 31.6 5.9 -2.5
v 31.6 5.9 -2.6
v 31.6 5.8 -2.6
v 31.5 5.8 -2.6
v 31.5 5.9 -2.6
v 31.6 5.9 -2.5
v 31.6 5.8 -2.5
v 31.7 5.8 -2.5
v 31.7 5.9 -2.5
v 31.7 5.9 -2.6
v 31.7 5.8 -2.6
v 31.6 5.8 -2.6
v 31.6 5.9 -2.6
v 31.7 5.9 -2.5
v 31.7 5.8 -2.5
v 31.8 5.8 -2.5
v 31.8 5.9 -2.5
v 31.8 5.9 -2.6
v 31.8 5.8 -2.6
v 31.7 5.8 -2.6
v 31.7 5.9 -2.6
v 31.8 5.9 -2.5
v 31.8 5.8 -2.5
v 31.9 5.8 -2.5
v 31.9 5.9 -2.5
v 31.9 5.9 -2.6
v 31.9 5.8 -2.6
v 31.8 5.8 -2.6
v 31.8 5.9 -2.6
v 32 5.9 -2.5
v 32 5.8 -2.5
v 32 5.8 -2.6
v 32 5.9 -2.6
v 31.9 5.9 -2.5
v 31.9 5.8 -2.5
v 32 5.8 -2.5
v 32 5.9 -2.5
v 32 5.9 -2.6
v 32 5.8 -2.6
v 31.9 5.8 -2.6
v 31.9 5.9 -2.6
v 29.1 5.8 -2.6
v 29.1 5.7 -2.6
v 29.1 5.7 -2.5
v 29.1 5.8 -2.5
v 29.1 5.7 -2.5
v 29.1 5.7 -2.6
v 29.2 5.7 -2.6
v 29.2 5.7 -2.5
v 29.1 5.8 -2.5
v 29.1 5.7 -2.5
v 29.2 5.7 -2.5
v 29.2 5.8 -2.5
v 29.2 5.8 -2.6
v 29.2 5.7 -2.6
v 29.1 5.7 -2.6
v 29.1 5.8 -2.6
v 29.2 5.7 -2.5
v 29.2 5.7 -2.6
v 29.3 5.7 -2.6
v 29.3 5.7 -2.5
v 29.2 5.8 -2.5
v 29.2 5.7 -2.5
v 29.3 5.7 -2.5
v 29.3 5.8 -2.5
v 29.3 5.8 -2.6
v 29.3 5.7 -2.6
v 29.2 5.7 -2.6
v 29.2 5.8 -2.6
v 29.3 5.8 -2.5
v 29.3 5.7 -2.5
v 29.4 5.7 -2.5
v 29.4 5.8 -2.5
v 29.4 5.8 -2.6
v 29.4 5.7 -2.6
v 29.3 5.7 -2.6
v 29.3 5.8 -2.6
v 29.4 5.8 -2.5
v 29.4 5.7 -2.5
v 29.5 5.7 -2.5
v 29.5 5.8 -2.5
v 29.5 5.8 -2.6
v 29.5 5.7 -2.6
v 29.4 5.7 -2.6
v 29.4 5.8 -2.6
v 29.5 5.8 -2.5
v 29.5 5.7 -2.5
v 29.6 5.7 -2.5
v 29.6 5.8 -2.5
v 29.6 5.8 -2.6
v 29.6 5.7 -2.6
v 29.5 5.7 -2.6
v 29.5 5.8 -2.6
v 29.6 5.8 -2.5
v 29.6 5.7 -2.5
v 29.7 5.7 -2.5
v 29.7 5.8 -2.5
v 29.7 5.8 -2.6
v 29.7 5.7 -2.6
v 29.6 5.7 -2.6
v 29.6 5.8 -2.6
v 29.7 5.8 -2.5
v 29.7 5.7 -2.5
v 29.8 5.7 -2.5
v 29.8 5.8 -2.5
v 29.8 5.8 -2.6
v 29.8 5.7 -2.6
v 29.7 5.7 -2.6
v 29.7 5.8 -2.6
v 29.8 5.8 -2.5
v 29.8 5.7 -2.5
v 29.9 5.7 -2.5
v 29.9 5.8 -2.5
v 29.9 5.8 -2.6
v 29.9 5.7 -2.6
v 29.8 5.7 -2.6
v 29.8 5.8 -2.6
v 29.9 5.8 -2.5
v 29.9 5.7 -2.5
v 30 5.7 -2.5
v 30 5.8 -2.5
v 30 5.8 -2.6
v 30 5.7 -2.6
v 29.9 5.7 -2.6
v 29.9 5.8 -2.6
v 30 5.8 -2.5
v 30 5.7 -2.5
v 30.1 5.7 -2.5
v 30.1 5.8 -2.5
v 30.1 5.8 -2.6
v 30.1 5.7 -2.6
v 30 5.7 -2.6
v 30 5.8 -2.6
v 30.1 5.8 -2.5
v 30.1 5.7 -2.5
v 30.2 5.7 -2.5
v 30.2 5.8 -2.5
v 30.2 5.8 -2.6
v 30.2 5.7 -2.6
v 30.1 5.7 -2.6
v 30.1 5.8 -2.6
v 30.2 5.8 -2.5
v 30.2 5.7 -2.5
v 30.3 5.7 -2.5
v 30.3 5.8 -2.5
v 30.3 5.8 -2.6
v 30.3 5.7 -2.6
v 30.2 5.7 -2.6
v 30.2 5.8 -2.6
v 30.3 5.8 -2.5
v 30.3 5.7 -2.5
v 30.4 5.7 -2.5
v 30.4 5.8 -2.5
v 30.4 5.8 -2.6
v 30.4 5.7 -2.6
v 30.3 5.7 -2.6
v 30.3 5.8 -2.6
v 30.4 5.8 -2.5
v 30.4 5.7 -2.5
v 30.5 5.7 -2.5
v 30.5 5.8 -2.5
v 30.5 5.8 -2.6
v 30.5 5.7 -2.6
v 30.4 5.7 -2.6
v 30.4 5.8 -2.6
v 30.5 5.8 -2.5
v 30.5 5.7 -2.5
v 30.6 5.7 -2.5
v 30.6 5.8 -2.5
v 30.6 5.8 -2.6
v 30.6 5.7 -2.6
v 30.5 5.7 -2.6
v 30.5 5.8 -2.6
v 30.6 5.8 -2.5
v 30.6 5.7 -2.5
v 30.7 5.7 -2.5
v 30.7 5.8 -2.5
v 30.7 5.8 -2.6
v 30.7 5.7 -2.6
v 30.6 5.7 -2.6
v 30.6 5.8 -2.6
v 30.7 5.8 -2.5
v 30.7 5.7 -2.5
v 30.8 5.7 -2.5
v 30.8 5.8 -2.5
v 30.8 5.8 -2.6
v 30.8 5.7 -2.6
v 30.7 5.7 -2.6
v 30.7 5.8 -2.6
v 30.8 5.8 -2.5
v 30.8 5.7 -2.5
v 30.9 5.7 -2.5
v 30.9 5.8 -2.5
v 30.9 5.8 -2.6
v 30.9 5.7 -2.6
v 30.8 5.7 -2.6
v 30.8 5.8 -2.6
v 30.9 5.8 -2.5
v 30.9 5.7 -2.5
v 31 5.7 -2.5
v 31 5.8 -2.5
v 31 5.8 -2.6
v 31 5.7 -2.6
v 30.9 5.7 -2.6
v 30.9 5.8 -2.6
v 31 5.8 -2.5
v 31 5.7 -2.5
v 31.1 5.7 -2.5
v 31.1 5.8 -2.5
v 31.1 5.8 -2.6
v 31.1 5.7 -2.6
v 31 5.7 -2.6
v 31 5.8 -2.6
v 31.1 5.8 -2.5
v 31.1 5.7 -2.5
v 31.2 5.7 -2.5
v 31.2 5.8 -2.5
v 31.2 5.8 -2.6
v 31.2 5.7 -2.6
v 31.1 5.7 -2.6
v 31.1 5.8 -2.6
v 31.2 5.8 -2.5
v 31.2 5.7 -2.5
v 31.3 5.7 -2.5
v 31.3 5.8 -2.5
v 31.3 5.8 -2.6
v 31.3 5.7 -2.6
v 31.2 5.7 -2.6
v 31.2 5.8 -2.6
v 31.3 5.8 -2.5
v 31.3 5.7 -2.5
v 31.4 5.7 -2.5
v 31.4 5.8 -2.5
v 31.4 5.8 -2.6
v 31.4 5.7 -2.6
v 31.3 5.7 -2.6
v 31.3 5.8 -2.6
v 31.4 5.8 -2.5
v 31.4 5.7 -2.5
v 31.5 5.7 -2.5
v 31.5 5.8 -2.5
v 31.5 5.8 -2.6
v 31.5 5.7 -2.6
v 31.4 5.7 -2.6
v 31.4 5.8 -2.6
v 31.5 5.8 -2.5
v 31.5 5.7 -2.5
v 31.6 5.7 -2.5
v 31.6 5.8 -2.5
v 31.6 5.8 -2.6
v 31.6 5.7 -2.6
v 31.5 5.7 -2.6
v 31.5 5.8 -2.6
v 31.6 5.8 -2.5
v 31.6 5.7 -2.5
v 31.7 5.7 -2.5
v 31.7 5.8 -2.5
v 31.7 5.8 -2.6
v 31.7 5.7 -2.6
v 31.6 5.7 -2.6
v 31.6 5.8 -2.6
v 31.7 5.8 -2.5
v 31.7 5.7 -2.5
v 31.8 5.7 -2.5
v 31.8 5.8 -2.5
v 31.8 5.8 -2.6
v 31.8 5.7 -2.6
v 31.7 5.7 -2.6
v 31.7 5.8 -2.6
v 31.8 5.8 -2.5
v 31.8 5.7 -2.5
v 31.9 5.7 -2.5
v 31.9 5.8 -2.5
v 31.9 5.8 -2.6
v 31.9 5.7 -2.6
v 31.8 5.7 -2.6
v 31.8 5.8 -2.6
v 32 5.8 -2.5
v 32 5.7 -2.5
v 32 5.7 -2.6
v 32 5.8 -2.6
v 31.9 5.8 -2.5
v 31.9 5.7 -2.5
v 32 5.7 -2.5
v 32 5.8 -2.5
v 32 5.8 -2.6
v 32 5.7 -2.6
v 31.9 5.7 -2.6
v 31.9 5.8 -2.6
v 28.5 5.7 -2.6
v 28.5 5.6 -2.6
v 28.5 5.6 -2.5
v 28.5 5.7 -2.5
v 28.5 5.7 -2.6
v 28.5 5.7 -2.5
v 28.6 5.7 -2.5
v 28.6 5.7 -2.6
v 28.5 5.6 -2.5
v 28.5 5.6 -2.6
v 28.6 5.6 -2.6
v 28.6 5.6 -2.5
v 28.5 5.7 -2.5
v 28.5 5.6 -2.5
v 28.6 5.6 -2.5
v 28.6 5.7 -2.5
v 28.6 5.7 -2.6
v 28.6 5.6 -2.6
v 28.5 5.6 -2.6
v 28.5 5.7 -2.6
v 28.6 5.7 -2.6
v 28.6 5.7 -2.5
v 28.7 5.7 -2.5
v 28.7 5.7 -2.6
v 28.6 5.6 -2.5
v 28.6 5.6 -2.6
v 28.7 5.6 -2.6
v 28.7 5.6 -2.5
v 28.6 5.7 -2.5
v 28.6 5.6 -2.5
v 28.7 5.6 -2.5
v 28.7 5.7 -2.5
v 28.7 5.7 -2.6
v 28.7 5.6 -2.6
v 28.6 5.6 -2.6
v 28.6 5.7 -2.6
v 28.7 5.7 -2.6
v 28.7 5.7 -2.5
v 28.8 5.7 -2.5
v 28.8 5.7 -2.6
v 28.7 5.6 -2.5
v 28.7 5.6 -2.6
v 28.8 5.6 -2.6
v 28.8 5.6 -2.5
v 28.7 5.7 -2.5
v 28.7 5.6 -2.5
v 28.8 5.6 -2.5
v 28.8 5.7 -2.5
v 28.8 5.7 -2.6
v 28.8 5.6 -2.6
v 28.7 5.6 -2.6
v 28.7 5.7 -2.6
v 28.9 5.7 -2.5
v 28.9 5.6 -2.5
v 28.9 5.6 -2.6
v 28.9 5.7 -2.6
v 28.8 5.7 -2.6
v 28.8 5.7 -2.5
v 28.9 5.7 -2.5
v 28.9 5.7 -2.6
v 28.8 5.6 -2.5
v 28.8 5.6 -2.6
v 28.9 5.6 -2.6
v 28.9 5.6 -2.5
v 28.8 5.7 -2.5
v 28.8 5.6 -2.5
v 28.9 5.6 -2.5
v 28.9 5.7 -2.5
v 28.9 5.7 -2.6
v 28.9 5.6 -2.6
v 28.8 5.6 -2.6
v 28.8 5.7 -2.6
v 29.3 5.7 -2.6
v 29.3 5.6 -2.6
v 29.3 5.6 -2.5
v 29.3 5.7 -2.5
v 29.3 5.6 -2.5
v 29.3 5.6 -2.6
v 29.4 5.6 -2.6
v 29.4 5.6 -2.5
v 29.3 5.7 -2.5
v 29.3 5.6 -2.5
v 29.4 5.6 -2.5
v 29.4 5.7 -2.5
v 29.4 5.7 -2.6
v 29.4 5.6 -2.6
v 29.3 5.6 -2.6
v 29.3 5.7 -2.6
v 29.4 5.7 -2.5
v 29.4 5.6 -2.5
v 29.5 5.6 -2.5
v 29.5 5.7 -2.5
v 29.5 5.7 -2.6
v 29.5 5.6 -2.6
v 29.4 5.6 -2.6
v 29.4 5.7 -2.6
v 29.5 5.7 -2.5
v 29.5 5.6 -2.5
v 29.6 5.6 -2.5
v 29.6 5.7 -2.5
v 29.6 5.7 -2.6
v 29.6 5.6 -2.6
v 29.5 5.6 -2.6
v 29.5 5.7 -2.6
v 29.6 5.7 -2.5
v 29.6 5.6 -2.5
v 29.7 5.6 -2.5
v 29.7 5.7 -2.5
v 29.7 5.7 -2.6
v 29.7 5.6 -2.6
v 29.6 5.6 -2.6
v 29.6 5.7 -2.6
v 29.7 5.7 -2.5
v 29.7 5.6 -2.5
v 29.8 5.6 -2.5
v 29.8 5.7 -2.5
v 29.8 5.7 -2.6
v 29.8 5.6 -2.6
v 29.7 5.6 -2.6
v 29.7 5.7 -2.6
v 29.8 5.7 -2.5
v 29.8 5.6 -2.5
v 29.9 5.6 -2.5
v 29.9 5.7 -2.5
v 29.9 5.7 -2.6
v 29.9 5.6 -2.6
v 29.8 5.6 -2.6
v 29.8 5.7 -2.6
v 29.9 5.7 -2.5
v 29.9 5.6 -2.5
v 30 5.6 -2.5
v 30 5.7 -2.5
v 30 5.7 -2.6
v 30 5.6 -2.6
v 29.9 5.6 -2.6
v 29.9 5.7 -2.6
v 30 5.7 -2.5
v 30 5.6 -2.5
v 30.1 5.6 -2.5
v 30.1 5.7 -2.5
v 30.1 5.7 -2.6
v 30.1 5.6 -2.6
v 30 5.6 -2.6
v 30 5.7 -2.6
v 30.1 5.7 -2.5
v 30.1 5.6 -2.5
v 30.2 5.6 -2.5
v 30.2 5.7 -2.5
v 30.2 5.7 -2.6
v 30.2 5.6 -2.6
v 30.1 5.6 -2.6
v 30.1 5.7 -2.6
v 30.2 5.7 -2.5
v 30.2 5.6 -2.5
v 30.3 5.6 -2.5
v 30.3 5.7 -2.5
v 30.3 5.7 -2.6
v 30.3 5.6 -2.6
v 30.2 5.6 -2.6
v 30.2 5.7 -2.6
v 30.3 5.7 -2.5
v 30.3 5.6 -2.5
v 30.4 5.6 -2.5
v 30.4 5.7 -2.5
v 30.4 5.7 -2.6
v 30.4 5.6 -2.6
v 30.3 5.6 -2.6
v 30.3 5.7 -2.6
v 30.4 5.7 -2.5
v 30.4 5.6 -2.5
v 30.5 5.6 -2.5
v 30.5 5.7 -2.5
v 30.5 5.7 -2.6
v 30.5 5.6 -2.6
v 30.4 5.6 -2.6
v 30.4 5.7 -2.6
v 30.5 5.7 -2.5
v 30.5 5.6 -2.5
v 30.6 5.6 -2.5
v 30.6 5.7 -2.5
v 30.6 5.7 -2.6
v 30.6 5.6 -2.6
v 30.5 5.6 -2.6
v 30.5 5.7 -2.6
v 30.6 5.7 -2.5
v 30.6 5.6 -2.5
v 30.7 5.6 -2.5
v 30.7 5.7 -2.5
v 30.7 5.7 -2.6
v 30.7 5.6 -2.6
v 30.6 5.6 -2.6
v 30.6 5.7 -2.6
v 30.7 5.7 -2.5
v 30.7 5.6 -2.5
v 30.8 5.6 -2.5
v 30.8 5.7 -2.5
v 30.8 5.7 -2.6
v 30.8 5.6 -2.6
v 30.7 5.6 -2.6
v 30.7 5.7 -2.6
v 30.8 5.7 -2.5
v 30.8 5.6 -2.5
v 30.9 5.6 -2.5
v 30.9 5.7 -2.5
v 30.9 5.7 -2.6
v 30.9 5.6 -2.6
v 30.8 5.6 -2.6
v 30.8 5.7 -2.6
v 30.9 5.7 -2.5
v 30.9 5.6 -2.5
v 31 5.6 -2.5
v 31 5.7 -2.5
v 31 5.7 -2.6
v 31 5.6 -2.6
v 30.9 5.6 -2.6
v 30.9 5.7 -2.6
v 31 5.7 -2.5
v 31 5.6 -2.5
v 31.1 5.6 -2.5
v 31.1 5.7 -2.5
v 31.1 5.7 -2.6
v 31.1 5.6 -2.6
v 31 5.6 -2.6
v 31 5.7 -2.6
v 31.1 5.7 -2.5
v 31.1 5.6 -2.5
v 31.2 5.6 -2.5
v 31.2 5.7 -2.5
v 31.2 5.7 -2.6
v 31.2 5.6 -2.6
v 31.1 5.6 -2.6
v 31.1 5.7 -2.6
v 31.2 5.7 -2.5
v 31.2 5.6 -2.5
v 31.3 5.6 -2.5
v 31.3 5.7 -2.5
v 31.3 5.7 -2.6
v 31.3 5.6 -2.6
v 31.2 5.6 -2.6
v 31.2 5.7 -2.6
v 31.3 5.7 -2.5
v 31.3 5.6 -2.5
v 31.4 5.6 -2.5
v 31.4 5.7 -2.5
v 31.4 5.7 -2.6
v 31.4 5.6 -2.6
v 31.3 5.6 -2.6
v 31.3 5.7 -2.6
v 31.4 5.7 -2.5
v 31.4 5.6 -2.5
v 31.5 5.6 -2.5
v 31.5 5.7 -2.5
v 31.5 5.7 -2.6
v 31.5 5.6 -2.6
v 31.4 5.6 -2.6
v 31.4 5.7 -2.6
v 31.5 5.7 -2.5
v 31.5 5.6 -2.5
v 31.6 5.6 -2.5
v 31.6 5.7 -2.5
v 31.6 5.7 -2.6
v 31.6 5.6 -2.6
v 31.5 5.6 -2.6
v 31.5 5.7 -2.6
v 31.6 5.7 -2.5
v 31.6 5.6 -2.5
v 31.7 5.6 -2.5
v 31.7 5.7 -2.5
v 31.7 5.7 -2.6
v 31.7 5.6 -2.6
v 31.6 5.6 -2.6
v 31.6 5.7 -2.6
v 31.7 5.7 -2.5
v 31.7 5.6 -2.5
v 31.8 5.6 -2.5
v 31.8 5.7 -2.5
v 31.8 5.7 -2.6
v 31.8 5.6 -2.6
v 31.7 5.6 -2.6
v 31.7 5.7 -2.6
v 31.8 5.7 -2.5
v 31.8 5.6 -2.5
v 31.9 5.6 -2.5
v 31.9 5.7 -2.5
v 31.9 5.7 -2.6
v 31.9 5.6 -2.6
v 31.8 5.6 -2.6
v 31.8 5.7 -2.6
v 32 5.7 -2.5
v 32 5.6 -2.5
v 32 5.6 -2.6
v 32 5.7 -2.6
v 31.9 5.7 -2.5
v 31.9 5.6 -2.5
v 32 5.6 -2.5
v 32 5.7 -2.5
v 32 5.7 -2.6
v 32 5.6 -2.6
v 31.9 5.6 -2.6
v 31.9 5.7 -2.6
v 26.8 5.6 -2.6
v 26.8 5.5 -2.6
v 26.8 5.5 -2.5
v 26.8 5.6 -2.5
v 26.9 5.6 -2.5
v 26.9 5.5 -2.5
v 26.9 5.5 -2.6
v 26.9 5.6 -2.6
v 26.8 5.6 -2.6
v 26.8 5.6 -2.5
v 26.9 5.6 -2.5
v 26.9 5.6 -2.6
v 26.8 5.5 -2.5
v 26.8 5.5 -2.6
v 26.9 5.5 -2.6
v 26.9 5.5 -2.5
v 26.8 5.6 -2.5
v 26.8 5.5 -2.5
v 26.9 5.5 -2.5
v 26.9 5.6 -2.5
v 26.9 5.6 -2.6
v 26.9 5.5 -2.6
v 26.8 5.5 -2.6
v 26.8 5.6 -2.6
v 28 5.6 -2.6
v 28 5.5 -2.6
v 28 5.5 -2.5
v 28 5.6 -2.5
v 28.1 5.6 -2.5
v 28.1 5.5 -2.5
v 28.1 5.5 -2.6
v 28.1 5.6 -2.6
v 28 5.6 -2.6
v 28 5.6 -2.5
v 28.1 5.6 -2.5
v 28.1 5.6 -2.6
v 28 5.6 -2.5
v 28 5.5 -2.5
v 28.1 5.5 -2.5
v 28.1 5.6 -2.5
v 28.1 5.6 -2.6
v 28.1 5.5 -2.6
v 28 5.5 -2.6
v 28 5.6 -2.6
v 29.4 5.6 -2.6
v 29.4 5.5 -2.6
v 29.4 5.5 -2.5
v 29.4 5.6 -2.5
v 29.4 5.5 -2.5
v 29.4 5.5 -2.6
v 29.5 5.5 -2.6
v 29.5 5.5 -2.5
v 29.4 5.6 -2.5
v 29.4 5.5 -2.5
v 29.5 5.5 -2.5
v 29.5 5.6 -2.5
v 29.5 5.6 -2.6
v 29.5 5.5 -2.6
v 29.4 5.5 -2.6
v 29.4 5.6 -2.6
v 29.5 5.5 -2.5
v 29.5 5.5 -2.6
v 29.6 5.5 -2.6
v 29.6 5.5 -2.5
v 29.5 5.6 -2.5
v 29.5 5.5 -2.5
v 29.6 5.5 -2.5
v 29.6 5.6 -2.5
v 29.6 5.6 -2.6
v 29.6 5.5 -2.6
v 29.5 5.5 -2.6
v 29.5 5.6 -2.6
v 29.6 5.6 -2.5
v 29.6 5.5 -2.5
v 29.7 5.5 -2.5
v 29.7 5.6 -2.5
v 29.7 5.6 -2.6
v 29.7 5.5 -2.6
v 29.6 5.5 -2.6
v 29.6 5.6 -2.6
v 29.7 5.6 -2.5
v 29.7 5.5 -2.5
v 29.8 5.5 -2.5
v 29.8 5.6 -2.5
v 29.8 5.6 -2.6
v 29.8 5.5 -2.6
v 29.7 5.5 -2.6
v 29.7 5.6 -2.6
v 29.8 5.6 -2.5
v 29.8 5.5 -2.5
v 29.9 5.5 -2.5
v 29.9 5.6 -2.5
v 29.9 5.6 -2.6
v 29.9 5.5 -2.6
v 29.8 5.5 -2.6
v 29.8 5.6 -2.6
v 29.9 5.6 -2.5
v 29.9 5.5 -2.5
v 30 5.5 -2.5
v 30 5.6 -2.5
v 30 5.6 -2.6
v 30 5.5 -2.6
v 29.9 5.5 -2.6
v 29.9 5.6 -2.6
v 30 5.6 -2.5
v 30 5.5 -2.5
v 30.1 5.5 -2.5
v 30.1 5.6 -2.5
v 30.1 5.6 -2.6
v 30.1 5.5 -2.6
v 30 5.5 -2.6
v 30 5.6 -2.6
v 30.1 5.6 -2.5
v 30.1 5.5 -2.5
v 30.2 5.5 -2.5
v 30.2 5.6 -2.5
v 30.2 5.6 -2.6
v 30.2 5.5 -2.6
v 30.1 5.5 -2.6
v 30.1 5.6 -2.6
v 30.2 5.6 -2.5
v 30.2 5.5 -2.5
v 30.3 5.5 -2.5
v 30.3 5.6 -2.5
v 30.3 5.6 -2.6
v 30.3 5.5 -2.6
v 30.2 5.5 -2.6
v 30.2 5.6 -2.6
v 30.3 5.6 -2.5
v 30.3 5.5 -2.5
v 30.4 5.5 -2.5
v 30.4 5.6 -2.5
v 30.4 5.6 -2.6
v 30.4 5.5 -2.6
v 30.3 5.5 -2.6
v 30.3 5.6 -2.6
v 30.4 5.6 -2.5
v 30.4 5.5 -2.5
v 30.5 5.5 -2.5
v 30.5 5.6 -2.5
v 30.5 5.6 -2.6
v 30.5 5.5 -2.6
v 30.4 5.5 -2.6
v 30.4 5.6 -2.6
v 30.5 5.6 -2.5
v 30.5 5.5 -2.5
v 30.6 5.5 -2.5
v 30.6 5.6 -2.5
v 30.6 5.6 -2.6
v 30.6 5.5 -2.6
v 30.5 5.5 -2.6
v 30.5 5.6 -2.6
v 30.6 5.6 -2.5
v 30.6 5.5 -2.5
v 30.7 5.5 -2.5
v 30.7 5.6 -2.5
v 30.7 5.6 -2.6
v 30.7 5.5 -2.6
v 30.6 5.5 -2.6
v 30.6 5.6 -2.6
v 30.7 5.6 -2.5
v 30.7 5.5 -2.5
v 30.8 5.5 -2.5
v 30.8 5.6 -2.5
v 30.8 5.6 -2.6
v 30.8 5.5 -2.6
v 30.7 5.5 -2.6
v 30.7 5.6 -2.6
v 30.8 5.6 -2.5
v 30.8 5.5 -2.5
v 30.9 5.5 -2.5
v 30.9 5.6 -2.5
v 30.9 5.6 -2.6
v 30.9 5.5 -2.6
v 30.8 5.5 -2.6
v 30.8 5.6 -2.6
v 30.9 5.6 -2.5
v 30.9 5.5 -2.5
v 31 5.5 -2.5
v 31 5.6 -2.5
v 31 5.6 -2.6
v 31 5.5 -2.6
v 30.9 5.5 -2.6
v 30.9 5.6 -2.6
v 31 5.6 -2.5
v 31 5.5 -2.5
v 31.1 5.5 -2.5
v 31.1 5.6 -2.5
v 31.1 5.6 -2.6
v 31.1 5.5 -2.6
v 31 5.5 -2.6
v 31 5.6 -2.6
v 31.1 5.6 -2.5
v 31.1 5.5 -2.5
v 31.2 5.5 -2.5
v 31.2 5.6 -2.5
v 31.2 5.6 -2.6
v 31.2 5.5 -2.6
v 31.1 5.5 -2.6
v 31.1 5.6 -2.6
v 31.2 5.6 -2.5
v 31.2 5.5 -2.5
v 31.3 5.5 -2.5
v 31.3 5.6 -2.5
v 31.3 5.6 -2.6
v 31.3 5.5 -2.6
v 31.2 5.5 -2.6
v 31.2 5.6 -2.6
v 31.3 5.6 -2.5
v 31.3 5.5 -2.5
v 31.4 5.5 -2.5
v 31.4 5.6 -2.5
v 31.4 5.6 -2.6
v 31.4 5.5 -2.6
v 31.3 5.5 -2.6
v 31.3 5.6 -2.6
v 31.4 5.6 -2.5
v 31.4 5.5 -2.5
v 31.5 5.5 -2.5
v 31.5 5.6 -2.5
v 31.5 5.6 -2.6
v 31.5 5.5 -2.6
v 31.4 5.5 -2.6
v 31.4 5.6 -2.6
v 31.5 5.6 -2.5
v 31.5 5.5 -2.5
v 31.6 5.5 -2.5
v 31.6 5.6 -2.5
v 31.6 5.6 -2.6
v 31.6 5.5 -2.6
v 31.5 5.5 -2.6
v 31.5 5.6 -2.6
v 31.6 5.6 -2.5
v 31.6 5.5 -2.5
v 31.7 5.5 -2.5
v 31.7 5.6 -2.5
v 31.7 5.6 -2.6
v 31.7 5.5 -2.6
v 31.6 5.5 -2.6
v 31.6 5.6 -2.6
v 31.7 5.6 -2.5
v 31.7 5.5 -2.5
v 31.8 5.5 -2.5
v 31.8 5.6 -2.5
v 31.8 5.6 -2.6
v 31.8 5.5 -2.6
v 31.7 5.5 -2.6
v 31.7 5.6 -2.6
v 31.8 5.6 -2.5
v 31.8 5.5 -2.5
v 31.9 5.5 -2.5
v 31.9 5.6 -2.5
v 31.9 5.6 -2.6
v 31.9 5.5 -2.6
v 31.8 5.5 -2.6
v 31.8 5.6 -2.6
v 32 5.6 -2.5
v 32 5.5 -2.5
v 32 5.5 -2.6
v 32 5.6 -2.6
v 31.9 5.6 -2.5
v 31.9 5.5 -2.5
v 32 5.5 -2.5
v 32 5.6 -2.5
v 32 5.6 -2.6
v 32 5.5 -2.6
v 31.9 5.5 -2.6
v 31.9 5.6 -2.6
v 27.7 5.5 -2.6
v 27.7 5.4 -2.6
v 27.7 5.4 -2.5
v 27.7 5.5 -2.5
v 27.7 5.5 -2.6
v 27.7 5.5 -2.5
v 27.8 5.5 -2.5
v 27.8 5.5 -2.6
v 27.7 5.5 -2.5
v 27.7 5.4 -2.5
v 27.8 5.4 -2.5
v 27.8 5.5 -2.5
v 27.8 5.5 -2.6
v 27.8 5.4 -2.6
v 27.7 5.4 -2.6
v 27.7 5.5 -2.6
v 27.8 5.5 -2.6
v 27.8 5.5 -2.5
v 27.9 5.5 -2.5
v 27.9 5.5 -2.6
v 27.8 5.5 -2.5
v 27.8 5.4 -2.5
v 27.9 5.4 -2.5
v 27.9 5.5 -2.5
v 27.9 5.5 -2.6
v 27.9 5.4 -2.6
v 27.8 5.4 -2.6
v 27.8 5.5 -2.6
v 27.9 5.5 -2.6
v 27.9 5.5 -2.5
v 28 5.5 -2.5
v 28 5.5 -2.6
v 27.9 5.4 -2.5
v 27.9 5.4 -2.6
v 28 5.4 -2.6
v 28 5.4 -2.5
v 27.9 5.5 -2.5
v 27.9 5.4 -2.5
v 28 5.4 -2.5
v 28 5.5 -2.5
v 28 5.5 -2.6
v 28 5.4 -2.6
v 27.9 5.4 -2.6
v 27.9 5.5 -2.6
v 28 5.5 -2.5
v 28 5.4 -2.5
v 28.1 5.4 -2.5
v 28.1 5.5 -2.5
v 28.1 5.5 -2.6
v 28.1 5.4 -2.6
v 28 5.4 -2.6
v 28 5.5 -2.6
v 28.2 5.5 -2.5
v 28.2 5.4 -2.5
v 28.2 5.4 -2.6
v 28.2 5.5 -2.6
v 28.1 5.5 -2.6
v 28.1 5.5 -2.5
v 28.2 5.5 -2.5
v 28.2 5.5 -2.6
v 28.1 5.4 -2.5
v 28.1 5.4 -2.6
v 28.2 5.4 -2.6
v 28.2 5.4 -2.5
v 28.1 5.5 -2.5
v 28.1 5.4 -2.5
v 28.2 5.4 -2.5
v 28.2 5.5 -2.5
v 28.2 5.5 -2.6
v 28.2 5.4 -2.6
v 28.1 5.4 -2.6
v 28.1 5.5 -2.6
v 29.6 5.5 -2.6
v 29.6 5.4 -2.6
v 29.6 5.4 -2.5
v 29.6 5.5 -2.5
v 29.6 5.5 -2.5
v 29.6 5.4 -2.5
v 29.7 5.4 -2.5
v 29.7 5.5 -2.5
v 29.7 5.5 -2.6
v 29.7 5.4 -2.6
v 29.6 5.4 -2.6
v 29.6 5.5 -2.6
v 29.7 5.5 -2.5
v 29.7 5.4 -2.5
v 29.8 5.4 -2.5
v 29.8 5.5 -2.5
v 29.8 5.5 -2.6
v 29.8 5.4 -2.6
v 29.7 5.4 -2.6
v 29.7 5.5 -2.6
v 29.8 5.5 -2.5
v 29.8 5.4 -2.5
v 29.9 5.4 -2.5
v 29.9 5.5 -2.5
v 29.9 5.5 -2.6
v 29.9 5.4 -2.6
v 29.8 5.4 -2.6
v 29.8 5.5 -2.6
v 29.9 5.5 -2.5
v 29.9 5.4 -2.5
v 30 5.4 -2.5
v 30 5.5 -2.5
v 30 5.5 -2.6
v 30 5.4 -2.6
v 29.9 5.4 -2.6
v 29.9 5.5 -2.6
v 30 5.5 -2.5
v 30 5.4 -2.5
v 30.1 5.4 -2.5
v 30.1 5.5 -2.5
v 30.1 5.5 -2.6
v 30.1 5.4 -2.6
v 30 5.4 -2.6
v 30 5.5 -2.6
v 30.1 5.5 -2.5
v 30.1 5.4 -2.5
v 30.2 5.4 -2.5
v 30.2 5.5 -2.5
v 30.2 5.5 -2.6
v 30.2 5.4 -2.6
v 30.1 5.4 -2.6
v 30.1 5.5 -2.6
v 30.2 5.5 -2.5
v 30.2 5.4 -2.5
v 30.3 5.4 -2.5
v 30.3 5.5 -2.5
v 30.3 5.5 -2.6
v 30.3 5.4 -2.6
v 30.2 5.4 -2.6
v 30.2 5.5 -2.6
v 30.3 5.5 -2.5
v 30.3 5.4 -2.5
v 30.4 5.4 -2.5
v 30.4 5.5 -2.5
v 30.4 5.5 -2.6
v 30.4 5.4 -2.6
v 30.3 5.4 -2.6
v 30.3 5.5 -2.6
v 30.4 5.5 -2.5
v 30.4 5.4 -2.5
v 30.5 5.4 -2.5
v 30.5 5.5 -2.5
v 30.5 5.5 -2.6
v 30.5 5.4 -2.6
v 30.4 5.4 -2.6
v 30.4 5.5 -2.6
v 30.5 5.5 -2.5
v 30.5 5.4 -2.5
v 30.6 5.4 -2.5
v 30.6 5.5 -2.5
v 30.6 5.5 -2.6
v 30.6 5.4 -2.6
v 30.5 5.4 -2.6
v 30.5 5.5 -2.6
v 30.6 5.5 -2.5
v 30.6 5.4 -2.5
v 30.7 5.4 -2.5
v 30.7 5.5 -2.5
v 30.7 5.5 -2.6
v 30.7 5.4 -2.6
v 30.6 5.4 -2.6
v 30.6 5.5 -2.6
v 30.7 5.5 -2.5
v 30.7 5.4 -2.5
v 30.8 5.4 -2.5
v 30.8 5.5 -2.5
v 30.8 5.5 -2.6
v 30.8 5.4 -2.6
v 30.7 5.4 -2.6
v 30.7 5.5 -2.6
v 30.8 5.5 -2.5
v 30.8 5.4 -2.5
v 30.9 5.4 -2.5
v 30.9 5.5 -2.5
v 30.9 5.5 -2.6
v 30.9 5.4 -2.6
v 30.8 5.4 -2.6
v 30.8 5.5 -2.6
v 30.9 5.5 -2.5
v 30.9 5.4 -2.5
v 31 5.4 -2.5
v 31 5.5 -2.5
v 31 5.5 -2.6
v 31 5.4 -2.6
v 30.9 5.4 -2.6
v 30.9 5.5 -2.6
v 31 5.5 -2.5
v 31 5.4 -2.5
v 31.1 5.4 -2.5
v 31.1 5.5 -2.5
v 31.1 5.5 -2.6
v 31.1 5.4 -2.6
v 31 5.4 -2.6
v 31 5.5 -2.6
v 31.1 5.5 -2.5
v 31.1 5.4 -2.5
v 31.2 5.4 -2.5
v 31.2 5.5 -2.5
v 31.2 5.5 -2.6
v 31.2 5.4 -2.6
v 31.1 5.4 -2.6
v 31.1 5.5 -2.6
v 31.2 5.5 -2.5
v 31.2 5.4 -2.5
v 31.3 5.4 -2.5
v 31.3 5.5 -2.5
v 31.3 5.5 -2.6
v 31.3 5.4 -2.6
v 31.2 5.4 -2.6
v 31.2 5.5 -2.6
v 31.3 5.5 -2.5
v 31.3 5.4 -2.5
v 31.4 5.4 -2.5
v 31.4 5.5 -2.5
v 31.4 5.5 -2.6
v 31.4 5.4 -2.6
v 31.3 5.4 -2.6
v 31.3 5.5 -2.6
v 31.4 5.5 -2.5
v 31.4 5.4 -2.5
v 31.5 5.4 -2.5
v 31.5 5.5 -2.5
v 31.5 5.5 -2.6
v 31.5 5.4 -2.6
v 31.4 5.4 -2.6
v 31.4 5.5 -2.6
v 31.5 5.5 -2.5
v 31.5 5.4 -2.5
v 31.6 5.4 -2.5
v 31.6 5.5 -2.5
v 31.6 5.5 -2.6
v 31.6 5.4 -2.6
v 31.5 5.4 -2.6
v 31.5 5.5 -2.6
v 31.6 5.5 -2.5
v 31.6 5.4 -2.5
v 31.7 5.4 -2.5
v 31.7 5.5 -2.5
v 31.7 5.5 -2.6
v 31.7 5.4 -2.6
v 31.6 5.4 -2.6
v 31.6 5.5 -2.6
v 31.7 5.5 -2.5
v 31.7 5.4 -2.5
v 31.8 5.4 -2.5
v 31.8 5.5 -2.5
v 31.8 5.5 -2.6
v 31.8 5.4 -2.6
v 31.7 5.4 -2.6
v 31.7 5.5 -2.6
v 31.8 5.5 -2.5
v 31.8 5.4 -2.5
v 31.9 5.4 -2.5
v 31.9 5.5 -2.5
v 31.9 5.5 -2.6
v 31.9 5.4 -2.6
v 31.8 5.4 -2.6
v 31.8 5.5 -2.6
v 32 5.5 -2.5
v 32 5.4 -2.5
v 32 5.4 -2.6
v 32 5.5 -2.6
v 31.9 5.5 -2.5
v 31.9 5.4 -2.5
v 32 5.4 -2.5
v 32 5.5 -2.5
v 32 5.5 -2.6
v 32 5.4 -2.6
v 31.9 5.4 -2.6
v 31.9 5.5 -2.6
v 27.4 5.4 -2.6
v 27.4 5.3 -2.6
v 27.4 5.3 -2.5
v 27.4 5.4 -2.5
v 27.4 5.4 -2.6
v 27.4 5.4 -2.5
v 27.5 5.4 -2.5
v 27.5 5.4 -2.6
v 27.4 5.4 -2.5
v 27.4 5.3 -2.5
v 27.5 5.3 -2.5
v 27.5 5.4 -2.5
v 27.5 5.4 -2.6
v 27.5 5.3 -2.6
v 27.4 5.3 -2.6
v 27.4 5.4 -2.6
v 27.5 5.4 -2.6
v 27.5 5.4 -2.5
v 27.6 5.4 -2.5
v 27.6 5.4 -2.6
v 27.5 5.4 -2.5
v 27.5 5.3 -2.5
v 27.6 5.3 -2.5
v 27.6 5.4 -2.5
v 27.6 5.4 -2.6
v 27.6 5.3 -2.6
v 27.5 5.3 -2.6
v 27.5 5.4 -2.6
v 27.6 5.4 -2.6
v 27.6 5.4 -2.5
v 27.7 5.4 -2.5
v 27.7 5.4 -2.6
v 27.6 5.3 -2.5
v 27.6 5.3 -2.6
v 27.7 5.3 -2.6
v 27.7 5.3 -2.5
v 27.6 5.4 -2.5
v 27.6 5.3 -2.5
v 27.7 5.3 -2.5
v 27.7 5.4 -2.5
v 27.7 5.4 -2.6
v 27.7 5.3 -2.6
v 27.6 5.3 -2.6
v 27.6 5.4 -2.6
v 27.7 5.3 -2.5
v 27.7 5.3 -2.6
v 27.8 5.3 -2.6
v 27.8 5.3 -2.5
v 27.7 5.4 -2.5
v 27.7 5.3 -2.5
v 27.8 5.3 -2.5
v 27.8 5.4 -2.5
v 27.8 5.4 -2.6
v 27.8 5.3 -2.6
v 27.7 5.3 -2.6
v 27.7 5.4 -2.6
v 27.9 5.4 -2.5
v 27.9 5.3 -2.5
v 27.9 5.3 -2.6
v 27.9 5.4 -2.6
v 27.8 5.4 -2.5
v 27.8 5.3 -2.5
v 27.9 5.3 -2.5
v 27.9 5.4 -2.5
v 27.9 5.4 -2.6
v 27.9 5.3 -2.6
v 27.8 5.3 -2.6
v 27.8 5.4 -2.6
v 28 5.4 -2.6
v 28 5.3 -2.6
v 28 5.3 -2.5
v 28 5.4 -2.5
v 28.1 5.4 -2.5
v 28.1 5.3 -2.5
v 28.1 5.3 -2.6
v 28.1 5.4 -2.6
v 28 5.3 -2.5
v 28 5.3 -2.6
v 28.1 5.3 -2.6
v 28.1 5.3 -2.5
v 28 5.4 -2.5
v 28 5.3 -2.5
v 28.1 5.3 -2.5
v 28.1 5.4 -2.5
v 28.1 5.4 -2.6
v 28.1 5.3 -2.6
v 28 5.3 -2.6
v 28 5.4 -2.6
v 29.3 5.4 -2.6
v 29.3 5.3 -2.6
v 29.3 5.3 -2.5
v 29.3 5.4 -2.5
v 29.3 5.4 -2.6
v 29.3 5.4 -2.5
v 29.4 5.4 -2.5
v 29.4 5.4 -2.6
v 29.3 5.4 -2.5
v 29.3 5.3 -2.5
v 29.4 5.3 -2.5
v 29.4 5.4 -2.5
v 29.4 5.4 -2.6
v 29.4 5.3 -2.6
v 29.3 5.3 -2.6
v 29.3 5.4 -2.6
v 29.4 5.4 -2.6
v 29.4 5.4 -2.5
v 29.5 5.4 -2.5
v 29.5 5.4 -2.6
v 29.4 5.4 -2.5
v 29.4 5.3 -2.5
v 29.5 5.3 -2.5
v 29.5 5.4 -2.5
v 29.5 5.4 -2.6
v 29.5 5.3 -2.6
v 29.4 5.3 -2.6
v 29.4 5.4 -2.6
v 29.5 5.4 -2.6
v 29.5 5.4 -2.5
v 29.6 5.4 -2.5
v 29.6 5.4 -2.6
v 29.5 5.4 -2.5
v 29.5 5.3 -2.5
v 29.6 5.3 -2.5
v 29.6 5.4 -2.5
v 29.6 5.4 -2.6
v 29.6 5.3 -2.6
v 29.5 5.3 -2.6
v 29.5 5.4 -2.6
v 29.6 5.4 -2.5
v 29.6 5.3 -2.5
v 29.7 5.3 -2.5
v 29.7 5.4 -2.5
v 29.7 5.4 -2.6
v 29.7 5.3 -2.6
v 29.6 5.3 -2.6
v 29.6 5.4 -2.6
v 29.7 5.4 -2.5
v 29.7 5.3 -2.5
v 29.8 5.3 -2.5
v 29.8 5.4 -2.5
v 29.8 5.4 -2.6
v 29.8 5.3 -2.6
v 29.7 5.3 -2.6
v 29.7 5.4 -2.6
v 29.8 5.4 -2.5
v 29.8 5.3 -2.5
v 29.9 5.3 -2.5
v 29.9 5.4 -2.5
v 29.9 5.4 -2.6
v 29.9 5.3 -2.6
v 29.8 5.3 -2.6
v 29.8 5.4 -2.6
v 29.9 5.4 -2.5
v 29.9 5.3 -2.5
v 30 5.3 -2.5
v 30 5.4 -2.5
v 30 5.4 -2.6
v 30 5.3 -2.6
v 29.9 5.3 -2.6
v 29.9 5.4 -2.6
v 30 5.4 -2.5
v 30 5.3 -2.5
v 30.1 5.3 -2.5
v 30.1 5.4 -2.5
v 30.1 5.4 -2.6
v 30.1 5.3 -2.6
v 30 5.3 -2.6
v 30 5.4 -2.6
v 30.1 5.4 -2.5
v 30.1 5.3 -2.5
v 30.2 5.3 -2.5
v 30.2 5.4 -2.5
v 30.2 5.4 -2.6
v 30.2 5.3 -2.6
v 30.1 5.3 -2.6
v 30.1 5.4 -2.6
v 30.2 5.4 -2.5
v 30.2 5.3 -2.5
v 30.3 5.3 -2.5
v 30.3 5.4 -2.5
v 30.3 5.4 -2.6
v 30.3 5.3 -2.6
v 30.2 5.3 -2.6
v 30.2 5.4 -2.6
v 30.3 5.4 -2.5
v 30.3 5.3 -2.5
v 30.4 5.3 -2.5
v 30.4 5.4 -2.5
v 30.4 5.4 -2.6
v 30.4 5.3 -2.6
v 30.3 5.3 -2.6
v 30.3 5.4 -2.6
v 30.4 5.4 -2.5
v 30.4 5.3 -2.5
v 30.5 5.3 -2.5
v 30.5 5.4 -2.5
v 30.5 5.4 -2.6
v 30.5 5.3 -2.6
v 30.4 5.3 -2.6
v 30.4 5.4 -2.6
v 30.5 5.4 -2.5
v 30.5 5.3 -2.5
v 30.6 5.3 -2.5
v 30.6 5.4 -2.5
v 30.6 5.4 -2.6
v 30.6 5.3 -2.6
v 30.5 5.3 -2.6
v 30.5 5.4 -2.6
v 30.6 5.4 -2.5
v 30.6 5.3 -2.5
v 30.7 5.3 -2.5
v 30.7 5.4 -2.5
v 30.7 5.4 -2.6
v 30.7 5.3 -2.6
v 30.6 5.3 -2.6
v 30.6 5.4 -2.6
v 30.7 5.4 -2.5
v 30.7 5.3 -2.5
v 30.8 5.3 -2.5
v 30.8 5.4 -2.5
v 30.8 5.4 -2.6
v 30.8 5.3 -2.6
v 30.7 5.3 -2.6
v 30.7 5.4 -2.6
v 30.8 5.4 -2.5
v 30.8 5.3 -2.5
v 30.9 5.3 -2.5
v 30.9 5.4 -2.5
v 30.9 5.4 -2.6
v 30.9 5.3 -2.6
v 30.8 5.3 -2.6
v 30.8 5.4 -2.6
v 30.9 5.4 -2.5
v 30.9 5.3 -2.5
v 31 5.3 -2.5
v 31 5.4 -2.5
v 31 5.4 -2.6
v 31 5.3 -2.6
v 30.9 5.3 -2.6
v 30.9 5.4 -2.6
v 31 5.4 -2.5
v 31 5.3 -2.5
v 31.1 5.3 -2.5
v 31.1 5.4 -2.5
v 31.1 5.4 -2.6
v 31.1 5.3 -2.6
v 31 5.3 -2.6
v 31 5.4 -2.6
v 31.1 5.4 -2.5
v 31.1 5.3 -2.5
v 31.2 5.3 -2.5
v 31.2 5.4 -2.5
v 31.2 5.4 -2.6
v 31.2 5.3 -2.6
v 31.1 5.3 -2.6
v 31.1 5.4 -2.6
v 31.2 5.4 -2.5
v 31.2 5.3 -2.5
v 31.3 5.3 -2.5
v 31.3 5.4 -2.5
v 31.3 5.4 -2.6
v 31.3 5.3 -2.6
v 31.2 5.3 -2.6
v 31.2 5.4 -2.6
v 31.3 5.4 -2.5
v 31.3 5.3 -2.5
v 31.4 5.3 -2.5
v 31.4 5.4 -2.5
v 31.4 5.4 -2.6
v 31.4 5.3 -2.6
v 31.3 5.3 -2.6
v 31.3 5.4 -2.6
v 31.4 5.4 -2.5
v 31.4 5.3 -2.5
v 31.5 5.3 -2.5
v 31.5 5.4 -2.5
v 31.5 5.4 -2.6
v 31.5 5.3 -2.6
v 31.4 5.3 -2.6
v 31.4 5.4 -2.6
v 31.5 5.4 -2.5
v 31.5 5.3 -2.5
v 31.6 5.3 -2.5
v 31.6 5.4 -2.5
v 31.6 5.4 -2.6
v 31.6 5.3 -2.6
v 31.5 5.3 -2.6
v 31.5 5.4 -2.6
v 31.6 5.4 -2.5
v 31.6 5.3 -2.5
v 31.7 5.3 -2.5
v 31.7 5.4 -2.5
v 31.7 5.4 -2.6
v 31.7 5.3 -2.6
v 31.6 5.3 -2.6
v 31.6 5.4 -2.6
v 31.7 5.4 -2.5
v 31.7 5.3 -2.5
v 31.8 5.3 -2.5
v 31.8 5.4 -2.5
v 31.8 5.4 -2.6
v 31.8 5.3 -2.6
v 31.7 5.3 -2.6
v 31.7 5.4 -2.6
v 31.8 5.4 -2.5
v 31.8 5.3 -2.5
v 31.9 5.3 -2.5
v 31.9 5.4 -2.5
v 31.9 5.4 -2.6
v 31.9 5.3 -2.6
v 31.8 5.3 -2.6
v 31.8 5.4 -2.6
v 32 5.4 -2.5
v 32 5.3 -2.5
v 32 5.3 -2.6
v 32 5.4 -2.6
v 31.9 5.4 -2.5
v 31.9 5.3 -2.5
v 32 5.3 -2.5
v 32 5.4 -2.5
v 32 5.4 -2.6
v 32 5.3 -2.6
v 31.9 5.3 -2.6
v 31.9 5.4 -2.6
v 26 5.3 -2.6
v 26 5.2 -2.6
v 26 5.2 -2.5
v 26 5.3 -2.5
v 26.1 5.3 -2.5
v 26.1 5.2 -2.5
v 26.1 5.2 -2.6
v 26.1 5.3 -2.6
v 26 5.3 -2.6
v 26 5.3 -2.5
v 26.1 5.3 -2.5
v 26.1 5.3 -2.6
v 26 5.2 -2.5
v 26 5.2 -2.6
v 26.1 5.2 -2.6
v 26.1 5.2 -2.5
v 26 5.3 -2.5
v 26 5.2 -2.5
v 26.1 5.2 -2.5
v 26.1 5.3 -2.5
v 26.1 5.3 -2.6
v 26.1 5.2 -2.6
v 26 5.2 -2.6
v 26 5.3 -2.6
v 27.1 5.3 -2.6
v 27.1 5.2 -2.6
v 27.1 5.2 -2.5
v 27.1 5.3 -2.5
v 27.1 5.3 -2.6
v 27.1 5.3 -2.5
v 27.2 5.3 -2.5
v 27.2 5.3 -2.6
v 27.1 5.3 -2.5
v 27.1 5.2 -2.5
v 27.2 5.2 -2.5
v 27.2 5.3 -2.5
v 27.2 5.3 -2.6
v 27.2 5.2 -2.6
v 27.1 5.2 -2.6
v 27.1 5.3 -2.6
v 27.2 5.3 -2.6
v 27.2 5.3 -2.5
v 27.3 5.3 -2.5
v 27.3 5.3 -2.6
v 27.2 5.3 -2.5
v 27.2 5.2 -2.5
v 27.3 5.2 -2.5
v 27.3 5.3 -2.5
v 27.3 5.3 -2.6
v 27.3 5.2 -2.6
v 27.2 5.2 -2.6
v 27.2 5.3 -2.6
v 27.3 5.3 -2.6
v 27.3 5.3 -2.5
v 27.4 5.3 -2.5
v 27.4 5.3 -2.6
v 27.3 5.2 -2.5
v 27.3 5.2 -2.6
v 27.4 5.2 -2.6
v 27.4 5.2 -2.5
v 27.3 5.3 -2.5
v 27.3 5.2 -2.5
v 27.4 5.2 -2.5
v 27.4 5.3 -2.5
v 27.4 5.3 -2.6
v 27.4 5.2 -2.6
v 27.3 5.2 -2.6
v 27.3 5.3 -2.6
v 27.4 5.3 -2.5
v 27.4 5.2 -2.5
v 27.5 5.2 -2.5
v 27.5 5.3 -2.5
v 27.5 5.3 -2.6
v 27.5 5.2 -2.6
v 27.4 5.2 -2.6
v 27.4 5.3 -2.6
v 27.6 5.3 -2.5
v 27.6 5.2 -2.5
v 27.6 5.2 -2.6
v 27.6 5.3 -2.6
v 27.5 5.3 -2.5
v 27.5 5.2 -2.5
v 27.6 5.2 -2.5
v 27.6 5.3 -2.5
v 27.6 5.3 -2.6
v 27.6 5.2 -2.6
v 27.5 5.2 -2.6
v 27.5 5.3 -2.6
v 27.8 5.3 -2.6
v 27.8 5.2 -2.6
v 27.8 5.2 -2.5
v 27.8 5.3 -2.5
v 27.9 5.3 -2.5
v 27.9 5.2 -2.5
v 27.9 5.2 -2.6
v 27.9 5.3 -2.6
v 27.8 5.3 -2.5
v 27.8 5.2 -2.5
v 27.9 5.2 -2.5
v 27.9 5.3 -2.5
v 27.9 5.3 -2.6
v 27.9 5.2 -2.6
v 27.8 5.2 -2.6
v 27.8 5.3 -2.6
v 29 5.3 -2.6
v 29 5.2 -2.6
v 29 5.2 -2.5
v 29 5.3 -2.5
v 29 5.3 -2.6
v 29 5.3 -2.5
v 29.1 5.3 -2.5
v 29.1 5.3 -2.6
v 29 5.2 -2.5
v 29 5.2 -2.6
v 29.1 5.2 -2.6
v 29.1 5.2 -2.5
v 29 5.3 -2.5
v 29 5.2 -2.5
v 29.1 5.2 -2.5
v 29.1 5.3 -2.5
v 29.1 5.3 -2.6
v 29.1 5.2 -2.6
v 29 5.2 -2.6
v 29 5.3 -2.6
v 29.1 5.3 -2.6
v 29.1 5.3 -2.5
v 29.2 5.3 -2.5
v 29.2 5.3 -2.6
v 29.1 5.3 -2.5
v 29.1 5.2 -2.5
v 29.2 5.2 -2.5
v 29.2 5.3 -2.5
v 29.2 5.3 -2.6
v 29.2 5.2 -2.6
v 29.1 5.2 -2.6
v 29.1 5.3 -2.6
v 29.2 5.3 -2.6
v 29.2 5.3 -2.5
v 29.3 5.3 -2.5
v 29.3 5.3 -2.6
v 29.2 5.3 -2.5
v 29.2 5.2 -2.5
v 29.3 5.2 -2.5
v 29.3 5.3 -2.5
v 29.3 5.3 -2.6
v 29.3 5.2 -2.6
v 29.2 5.2 -2.6
v 29.2 5.3 -2.6
v 29.3 5.3 -2.5
v 29.3 5.2 -2.5
v 29.4 5.2 -2.5
v 29.4 5.3 -2.5
v 29.4 5.3 -2.6
v 29.4 5.2 -2.6
v 29.3 5.2 -2.6
v 29.3 5.3 -2.6
v 29.4 5.3 -2.5
v 29.4 5.2 -2.5
v 29.5 5.2 -2.5
v 29.5 5.3 -2.5
v 29.5 5.3 -2.6
v 29.5 5.2 -2.6
v 29.4 5.2 -2.6
v 29.4 5.3 -2.6
v 29.5 5.3 -2.5
v 29.5 5.2 -2.5
v 29.6 5.2 -2.5
v 29.6 5.3 -2.5
v 29.6 5.3 -2.6
v 29.6 5.2 -2.6
v 29.5 5.2 -2.6
v 29.5 5.3 -2.6
v 29.6 5.3 -2.5
v 29.6 5.2 -2.5
v 29.7 5.2 -2.5
v 29.7 5.3 -2.5
v 29.7 5.3 -2.6
v 29.7 5.2 -2.6
v 29.6 5.2 -2.6
v 29.6 5.3 -2.6
v 29.7 5.3 -2.5
v 29.7 5.2 -2.5
v 29.8 5.2 -2.5
v 29.8 5.3 -2.5
v 29.8 5.3 -2.6
v 29.8 5.2 -2.6
v 29.7 5.2 -2.6
v 29.7 5.3 -2.6
v 29.8 5.3 -2.5
v 29.8 5.2 -2.5
v 29.9 5.2 -2.5
v 29.9 5.3 -2.5
v 29.9 5.3 -2.6
v 29.9 5.2 -2.6
v 29.8 5.2 -2.6
v 29.8 5.3 -2.6
v 29.9 5.3 -2.5
v 29.9 5.2 -2.5
v 30 5.2 -2.5
v 30 5.3 -2.5
v 30 5.3 -2.6
v 30 5.2 -2.6
v 29.9 5.2 -2.6
v 29.9 5.3 -2.6
v 30 5.3 -2.5
v 30 5.2 -2.5
v 30.1 5.2 -2.5
v 30.1 5.3 -2.5
v 30.1 5.3 -2.6
v 30.1 5.2 -2.6
v 30 5.2 -2.6
v 30 5.3 -2.6
v 30.1 5.3 -2.5
v 30.1 5.2 -2.5
v 30.2 5.2 -2.5
v 30.2 5.3 -2.5
v 30.2 5.3 -2.6
v 30.2 5.2 -2.6
v 30.1 5.2 -2.6
v 30.1 5.3 -2.6
v 30.2 5.3 -2.5
v 30.2 5.2 -2.5
v 30.3 5.2 -2.5
v 30.3 5.3 -2.5
v 30.3 5.3 -2.6
v 30.3 5.2 -2.6
v 30.2 5.2 -2.6
v 30.2 5.3 -2.6
v 30.3 5.3 -2.5
v 30.3 5.2 -2.5
v 30.4 5.2 -2.5
v 30.4 5.3 -2.5
v 30.4 5.3 -2.6
v 30.4 5.2 -2.6
v 30.3 5.2 -2.6
v 30.3 5.3 -2.6
v 30.4 5.3 -2.5
v 30.4 5.2 -2.5
v 30.5 5.2 -2.5
v 30.5 5.3 -2.5
v 30.5 5.3 -2.6
v 30.5 5.2 -2.6
v 30.4 5.2 -2.6
v 30.4 5.3 -2.6
v 30.5 5.3 -2.5
v 30.5 5.2 -2.5
v 30.6 5.2 -2.5
v 30.6 5.3 -2.5
v 30.6 5.3 -2.6
v 30.6 5.2 -2.6
v 30.5 5.2 -2.6
v 30.5 5.3 -2.6
v 30.6 5.3 -2.5
v 30.6 5.2 -2.5
v 30.7 5.2 -2.5
v 30.7 5.3 -2.5
v 30.7 5.3 -2.6
v 30.7 5.2 -2.6
v 30.6 5.2 -2.6
v 30.6 5.3 -2.6
v 30.7 5.3 -2.5
v 30.7 5.2 -2.5
v 30.8 5.2 -2.5
v 30.8 5.3 -2.5
v 30.8 5.3 -2.6
v 30.8 5.2 -2.6
v 30.7 5.2 -2.6
v 30.7 5.3 -2.6
v 30.8 5.3 -2.5
v 30.8 5.2 -2.5
v 30.9 5.2 -2.5
v 30.9 5.3 -2.5
v 30.9 5.3 -2.6
v 30.9 5.2 -2.6
v 30.8 5.2 -2.6
v 30.8 5.3 -2.6
v 30.9 5.3 -2.5
v 30.9 5.2 -2.5
v 31 5.2 -2.5
v 31 5.3 -2.5
v 31 5.3 -2.6
v 31 5.2 -2.6
v 30.9 5.2 -2.6
v 30.9 5.3 -2.6
v 31 5.3 -2.5
v 31 5.2 -2.5
v 31.1 5.2 -2.5
v 31.1 5.3 -2.5
v 31.1 5.3 -2.6
v 31.1 5.2 -2.6
v 31 5.2 -2.6
v 31 5.3 -2.6
v 31.1 5.3 -2.5
v 31.1 5.2 -2.5
v 31.2 5.2 -2.5
v 31.2 5.3 -2.5
v 31.2 5.3 -2.6
v 31.2 5.2 -2.6
v 31.1 5.2 -2.6
v 31.1 5.3 -2.6
v 31.2 5.3 -2.5
v 31.2 5.2 -2.5
v 31.3 5.2 -2.5
v 31.3 5.3 -2.5
v 31.3 5.3 -2.6
v 31.3 5.2 -2.6
v 31.2 5.2 -2.6
v 31.2 5.3 -2.6
v 31.3 5.3 -2.5
v 31.3 5.2 -2.5
v 31.4 5.2 -2.5
v 31.4 5.3 -2.5
v 31.4 5.3 -2.6
v 31.4 5.2 -2.6
v 31.3 5.2 -2.6
v 31.3 5.3 -2.6
v 31.4 5.3 -2.5
v 31.4 5.2 -2.5
v 31.5 5.2 -2.5
v 31.5 5.3 -2.5
v 31.5 5.3 -2.6
v 31.5 5.2 -2.6
v 31.4 5.2 -2.6
v 31.4 5.3 -2.6
v 31.5 5.3 -2.5
v 31.5 5.2 -2.5
v 31.6 5.2 -2.5
v 31.6 5.3 -2.5
v 31.6 5.3 -2.6
v 31.6 5.2 -2.6
v 31.5 5.2 -2.6
v 31.5 5.3 -2.6
v 31.6 5.3 -2.5
v 31.6 5.2 -2.5
v 31.7 5.2 -2.5
v 31.7 5.3 -2.5
v 31.7 5.3 -2.6
v 31.7 5.2 -2.6
v 31.6 5.2 -2.6
v 31.6 5.3 -2.6
v 31.7 5.3 -2.5
v 31.7 5.2 -2.5
v 31.8 5.2 -2.5
v 31.8 5.3 -2.5
v 31.8 5.3 -2.6
v 31.8 5.2 -2.6
v 31.7 5.2 -2.6
v 31.7 5.3 -2.6
v 31.8 5.3 -2.5
v 31.8 5.2 -2.5
v 31.9 5.2 -2.5
v 31.9 5.3 -2.5
v 31.9 5.3 -2.6
v 31.9 5.2 -2.6
v 31.8 5.2 -2.6
v 31.8 5.3 -2.6
v 32 5.3 -2.5
v 32 5.2 -2.5
v 32 5.2 -2.6
v 32 5.3 -2.6
v 31.9 5.3 -2.5
v 31.9 5.2 -2.5
v 32 5.2 -2.5
v 32 5.3 -2.5
v 32 5.3 -2.6
v 32 5.2 -2.6
v 31.9 5.2 -2.6
v 31.9 5.3 -2.6
v 25.8 5.2 -2.6
v 25.8 5.1 -2.6
v 25.8 5.1 -2.5
v 25.8 5.2 -2.5
v 25.9 5.2 -2.5
v 25.9 5.1 -2.5
v 25.9 5.1 -2.6
v 25.9 5.2 -2.6
v 25.8 5.2 -2.6
v 25.8 5.2 -2.5
v 25.9 5.2 -2.5
v 25.9 5.2 -2.6
v 25.8 5.2 -2.5
v 25.8 5.1 -2.5
v 25.9 5.1 -2.5
v 25.9 5.2 -2.5
v 25.9 5.2 -2.6
v 25.9 5.1 -2.6
v 25.8 5.1 -2.6
v 25.8 5.2 -2.6
v 26.1 5.2 -2.6
v 26.1 5.1 -2.6
v 26.1 5.1 -2.5
v 26.1 5.2 -2.5
v 26.1 5.2 -2.6
v 26.1 5.2 -2.5
v 26.2 5.2 -2.5
v 26.2 5.2 -2.6
v 26.1 5.2 -2.5
v 26.1 5.1 -2.5
v 26.2 5.1 -2.5
v 26.2 5.2 -2.5
v 26.2 5.2 -2.6
v 26.2 5.1 -2.6
v 26.1 5.1 -2.6
v 26.1 5.2 -2.6
v 26.2 5.2 -2.6
v 26.2 5.2 -2.5
v 26.3 5.2 -2.5
v 26.3 5.2 -2.6
v 26.2 5.2 -2.5
v 26.2 5.1 -2.5
v 26.3 5.1 -2.5
v 26.3 5.2 -2.5
v 26.3 5.2 -2.6
v 26.3 5.1 -2.6
v 26.2 5.1 -2.6
v 26.2 5.2 -2.6
v 26.3 5.2 -2.6
v 26.3 5.2 -2.5
v 26.4 5.2 -2.5
v 26.4 5.2 -2.6
v 26.3 5.2 -2.5
v 26.3 5.1 -2.5
v 26.4 5.1 -2.5
v 26.4 5.2 -2.5
v 26.4 5.2 -2.6
v 26.4 5.1 -2.6
v 26.3 5.1 -2.6
v 26.3 5.2 -2.6
v 26.4 5.2 -2.6
v 26.4 5.2 -2.5
v 26.5 5.2 -2.5
v 26.5 5.2 -2.6
v 26.4 5.2 -2.5
v 26.4 5.1 -2.5
v 26.5 5.1 -2.5
v 26.5 5.2 -2.5
v 26.5 5.2 -2.6
v 26.5 5.1 -2.6
v 26.4 5.1 -2.6
v 26.4 5.2 -2.6
v 26.5 5.2 -2.6
v 26.5 5.2 -2.5
v 26.6 5.2 -2.5
v 26.6 5.2 -2.6
v 26.5 5.2 -2.5
v 26.5 5.1 -2.5
v 26.6 5.1 -2.5
v 26.6 5.2 -2.5
v 26.6 5.2 -2.6
v 26.6 5.1 -2.6
v 26.5 5.1 -2.6
v 26.5 5.2 -2.6
v 26.6 5.2 -2.6
v 26.6 5.2 -2.5
v 26.7 5.2 -2.5
v 26.7 5.2 -2.6
v 26.6 5.2 -2.5
v 26.6 5.1 -2.5
v 26.7 5.1 -2.5
v 26.7 5.2 -2.5
v 26.7 5.2 -2.6
v 26.7 5.1 -2.6
v 26.6 5.1 -2.6
v 26.6 5.2 -2.6
v 26.7 5.2 -2.6
v 26.7 5.2 -2.5
v 26.8 5.2 -2.5
v 26.8 5.2 -2.6
v 26.7 5.2 -2.5
v 26.7 5.1 -2.5
v 26.8 5.1 -2.5
v 26.8 5.2 -2.5
v 26.8 5.2 -2.6
v 26.8 5.1 -2.6
v 26.7 5.1 -2.6
v 26.7 5.2 -2.6
v 26.8 5.2 -2.6
v 26.8 5.2 -2.5
v 26.9 5.2 -2.5
v 26.9 5.2 -2.6
v 26.8 5.2 -2.5
v 26.8 5.1 -2.5
v 26.9 5.1 -2.5
v 26.9 5.2 -2.5
v 26.9 5.2 -2.6
v 26.9 5.1 -2.6
v 26.8 5.1 -2.6
v 26.8 5.2 -2.6
v 26.9 5.2 -2.6
v 26.9 5.2 -2.5
v 27 5.2 -2.5
v 27 5.2 -2.6
v 26.9 5.2 -2.5
v 26.9 5.1 -2.5
v 27 5.1 -2.5
v 27 5.2 -2.5
v 27 5.2 -2.6
v 27 5.1 -2.6
v 26.9 5.1 -2.6
v 26.9 5.2 -2.6
v 27 5.2 -2.6
v 27 5.2 -2.5
v 27.1 5.2 -2.5
v 27.1 5.2 -2.6
v 27 5.1 -2.5
v 27 5.1 -2.6
v 27.1 5.1 -2.6
v 27.1 5.1 -2.5
v 27 5.2 -2.5
v 27 5.1 -2.5
v 27.1 5.1 -2.5
v 27.1 5.2 -2.5
v 27.1 5.2 -2.6
v 27.1 5.1 -2.6
v 27 5.1 -2.6
v 27 5.2 -2.6
v 27.1 5.2 -2.5
v 27.1 5.1 -2.5
v 27.2 5.1 -2.5
v 27.2 5.2 -2.5
v 27.2 5.2 -2.6
v 27.2 5.1 -2.6
v 27.1 5.1 -2.6
v 27.1 5.2 -2.6
v 27.3 5.2 -2.5
v 27.3 5.1 -2.5
v 27.3 5.1 -2.6
v 27.3 5.2 -2.6
v 27.2 5.2 -2.5
v 27.2 5.1 -2.5
v 27.3 5.1 -2.5
v 27.3 5.2 -2.5
v 27.3 5.2 -2.6
v 27.3 5.1 -2.6
v 27.2 5.1 -2.6
v 27.2 5.2 -2.6
v 27.4 5.2 -2.6
v 27.4 5.1 -2.6
v 27.4 5.1 -2.5
v 27.4 5.2 -2.5
v 27.4 5.2 -2.5
v 27.4 5.1 -2.5
v 27.5 5.1 -2.5
v 27.5 5.2 -2.5
v 27.5 5.2 -2.6
v 27.5 5.1 -2.6
v 27.4 5.1 -2.6
v 27.4 5.2 -2.6
v 27.5 5.2 -2.5
v 27.5 5.1 -2.5
v 27.6 5.1 -2.5
v 27.6 5.2 -2.5
v 27.6 5.2 -2.6
v 27.6 5.1 -2.6
v 27.5 5.1 -2.6
v 27.5 5.2 -2.6
v 27.6 5.2 -2.6
v 27.6 5.2 -2.5
v 27.7 5.2 -2.5
v 27.7 5.2 -2.6
v 27.6 5.2 -2.5
v 27.6 5.1 -2.5
v 27.7 5.1 -2.5
v 27.7 5.2 -2.5
v 27.7 5.2 -2.6
v 27.7 5.1 -2.6
v 27.6 5.1 -2.6
v 27.6 5.2 -2.6
v 27.7 5.2 -2.6
v 27.7 5.2 -2.5
v 27.8 5.2 -2.5
v 27.8 5.2 -2.6
v 27.7 5.2 -2.5
v 27.7 5.1 -2.5
v 27.8 5.1 -2.5
v 27.8 5.2 -2.5
v 27.8 5.2 -2.6
v 27.8 5.1 -2.6
v 27.7 5.1 -2.6
v 27.7 5.2 -2.6
v 27.8 5.2 -2.5
v 27.8 5.1 -2.5
v 27.9 5.1 -2.5
v 27.9 5.2 -2.5
v 27.9 5.2 -2.6
v 27.9 5.1 -2.6
v 27.8 5.1 -2.6
v 27.8 5.2 -2.6
v 27.9 5.2 -2.6
v 27.9 5.2 -2.5
v 28 5.2 -2.5
v 28 5.2 -2.6
v 27.9 5.2 -2.5
v 27.9 5.1 -2.5
v 28 5.1 -2.5
v 28 5.2 -2.5
v 28 5.2 -2.6
v 28 5.1 -2.6
v 27.9 5.1 -2.6
v 27.9 5.2 -2.6
v 28 5.2 -2.6
v 28 5.2 -2.5
v 28.1 5.2 -2.5
v 28.1 5.2 -2.6
v 28 5.2 -2.5
v 28 5.1 -2.5
v 28.1 5.1 -2.5
v 28.1 5.2 -2.5
v 28.1 5.2 -2.6
v 28.1 5.1 -2.6
v 28 5.1 -2.6
v 28 5.2 -2.6
v 28.2 5.2 -2.5
v 28.2 5.1 -2.5
v 28.2 5.1 -2.6
v 28.2 5.2 -2.6
v 28.1 5.2 -2.6
v 28.1 5.2 -2.5
v 28.2 5.2 -2.5
v 28.2 5.2 -2.6
v 28.1 5.2 -2.5
v 28.1 5.1 -2.5
v 28.2 5.1 -2.5
v 28.2 5.2 -2.5
v 28.2 5.2 -2.6
v 28.2 5.1 -2.6
v 28.1 5.1 -2.6
v 28.1 5.2 -2.6
v 29.1 5.2 -2.6
v 29.1 5.1 -2.6
v 29.1 5.1 -2.5
v 29.1 5.2 -2.5
v 29.1 5.1 -2.5
v 29.1 5.1 -2.6
v 29.2 5.1 -2.6
v 29.2 5.1 -2.5
v 29.1 5.2 -2.5
v 29.1 5.1 -2.5
v 29.2 5.1 -2.5
v 29.2 5.2 -2.5
v 29.2 5.2 -2.6
v 29.2 5.1 -2.6
v 29.1 5.1 -2.6
v 29.1 5.2 -2.6
v 29.2 5.2 -2.5
v 29.2 5.1 -2.5
v 29.3 5.1 -2.5
v 29.3 5.2 -2.5
v 29.3 5.2 -2.6
v 29.3 5.1 -2.6
v 29.2 5.1 -2.6
v 29.2 5.2 -2.6
v 29.3 5.2 -2.5
v 29.3 5.1 -2.5
v 29.4 5.1 -2.5
v 29.4 5.2 -2.5
v 29.4 5.2 -2.6
v 29.4 5.1 -2.6
v 29.3 5.1 -2.6
v 29.3 5.2 -2.6
v 29.4 5.2 -2.5
v 29.4 5.1 -2.5
v 29.5 5.1 -2.5
v 29.5 5.2 -2.5
v 29.5 5.2 -2.6
v 29.5 5.1 -2.6
v 29.4 5.1 -2.6
v 29.4 5.2 -2.6
v 29.5 5.2 -2.5
v 29.5 5.1 -2.5
v 29.6 5.1 -2.5
v 29.6 5.2 -2.5
v 29.6 5.2 -2.6
v 29.6 5.1 -2.6
v 29.5 5.1 -2.6
v 29.5 5.2 -2.6
v 29.6 5.2 -2.5
v 29.6 5.1 -2.5
v 29.7 5.1 -2.5
v 29.7 5.2 -2.5
v 29.7 5.2 -2.6
v 29.7 5.1 -2.6
v 29.6 5.1 -2.6
v 29.6 5.2 -2.6
v 29.7 5.2 -2.5
v 29.7 5.1 -2.5
v 29.8 5.1 -2.5
v 29.8 5.2 -2.5
v 29.8 5.2 -2.6
v 29.8 5.1 -2.6
v 29.7 5.1 -2.6
v 29.7 5.2 -2.6
v 29.8 5.2 -2.5
v 29.8 5.1 -2.5
v 29.9 5.1 -2.5
v 29.9 5.2 -2.5
v 29.9 5.2 -2.6
v 29.9 5.1 -2.6
v 29.8 5.1 -2.6
v 29.8 5.2 -2.6
v 29.9 5.2 -2.5
v 29.9 5.1 -2.5
v 30 5.1 -2.5
v 30 5.2 -2.5
v 30 5.2 -2.6
v 30 5.1 -2.6
v 29.9 5.1 -2.6
v 29.9 5.2 -2.6
v 30 5.2 -2.5
v 30 5.1 -2.5
v 30.1 5.1 -2.5
v 30.1 5.2 -2.5
v 30.1 5.2 -2.6
v 30.1 5.1 -2.6
v 30 5.1 -2.6
v 30 5.2 -2.6
v 30.1 5.2 -2.5
v 30.1 5.1 -2.5
v 30.2 5.1 -2.5
v 30.2 5.2 -2.5
v 30.2 5.2 -2.6
v 30.2 5.1 -2.6
v 30.1 5.1 -2.6
v 30.1 5.2 -2.6
v 30.2 5.2 -2.5
v 30.2 5.1 -2.5
v 30.3 5.1 -2.5
v 30.3 5.2 -2.5
v 30.3 5.2 -2.6
v 30.3 5.1 -2.6
v 30.2 5.1 -2.6
v 30.2 5.2 -2.6
v 30.3 5.2 -2.5
v 30.3 5.1 -2.5
v 30.4 5.1 -2.5
v 30.4 5.2 -2.5
v 30.4 5.2 -2.6
v 30.4 5.1 -2.6
v 30.3 5.1 -2.6
v 30.3 5.2 -2.6
v 30.4 5.2 -2.5
v 30.4 5.1 -2.5
v 30.5 5.1 -2.5
v 30.5 5.2 -2.5
v 30.5 5.2 -2.6
v 30.5 5.1 -2.6
v 30.4 5.1 -2.6
v 30.4 5.2 -2.6
v 30.5 5.2 -2.5
v 30.5 5.1 -2.5
v 30.6 5.1 -2.5
v 30.6 5.2 -2.5
v 30.6 5.2 -2.6
v 30.6 5.1 -2.6
v 30.5 5.1 -2.6
v 30.5 5.2 -2.6
v 30.6 5.2 -2.5
v 30.6 5.1 -2.5
v 30.7 5.1 -2.5
v 30.7 5.2 -2.5
v 30.7 5.2 -2.6
v 30.7 5.1 -2.6
v 30.6 5.1 -2.6
v 30.6 5.2 -2.6
v 30.7 5.2 -2.5
v 30.7 5.1 -2.5
v 30.8 5.1 -2.5
v 30.8 5.2 -2.5
v 30.8 5.2 -2.6
v 30.8 5.1 -2.6
v 30.7 5.1 -2.6
v 30.7 5.2 -2.6
v 30.8 5.2 -2.5
v 30.8 5.1 -2.5
v 30.9 5.1 -2.5
v 30.9 5.2 -2.5
v 30.9 5.2 -2.6
v 30.9 5.1 -2.6
v 30.8 5.1 -2.6
v 30.8 5.2 -2.6
v 30.9 5.2 -2.5
v 30.9 5.1 -2.5
v 31 5.1 -2.5
v 31 5.2 -2.5
v 31 5.2 -2.6
v 31 5.1 -2.6
v 30.9 5.1 -2.6
v 30.9 5.2 -2.6
v 31 5.2 -2.5
v 31 5.1 -2.5
v 31.1 5.1 -2.5
v 31.1 5.2 -2.5
v 31.1 5.2 -2.6
v 31.1 5.1 -2.6
v 31 5.1 -2.6
v 31 5.2 -2.6
v 31.1 5.2 -2.5
v 31.1 5.1 -2.5
v 31.2 5.1 -2.5
v 31.2 5.2 -2.5
v 31.2 5.2 -2.6
v 31.2 5.1 -2.6
v 31.1 5.1 -2.6
v 31.1 5.2 -2.6
v 31.2 5.2 -2.5
v 31.2 5.1 -2.5
v 31.3 5.1 -2.5
v 31.3 5.2 -2.5
v 31.3 5.2 -2.6
v 31.3 5.1 -2.6
v 31.2 5.1 -2.6
v 31.2 5.2 -2.6
v 31.3 5.2 -2.5
v 31.3 5.1 -2.5
v 31.4 5.1 -2.5
v 31.4 5.2 -2.5
v 31.4 5.2 -2.6
v 31.4 5.1 -2.6
v 31.3 5.1 -2.6
v 31.3 5.2 -2.6
v 31.4 5.2 -2.5
v 31.4 5.1 -2.5
v 31.5 5.1 -2.5
v 31.5 5.2 -2.5
v 31.5 5.2 -2.6
v 31.5 5.1 -2.6
v 31.4 5.1 -2.6
v 31.4 5.2 -2.6
v 31.5 5.2 -2.5
v 31.5 5.1 -2.5
v 31.6 5.1 -2.5
v 31.6 5.2 -2.5
v 31.6 5.2 -2.6
v 31.6 5.1 -2.6
v 31.5 5.1 -2.6
v 31.5 5.2 -2.6
v 31.6 5.2 -2.5
v 31.6 5.1 -2.5
v 31.7 5.1 -2.5
v 31.7 5.2 -2.5
v 31.7 5.2 -2.6
v 31.7 5.1 -2.6
v 31.6 5.1 -2.6
v 31.6 5.2 -2.6
v 31.7 5.2 -2.5
v 31.7 5.1 -2.5
v 31.8 5.1 -2.5
v 31.8 5.2 -2.5
v 31.8 5.2 -2.6
v 31.8 5.1 -2.6
v 31.7 5.1 -2.6
v 31.7 5.2 -2.6
v 31.8 5.2 -2.5
v 31.8 5.1 -2.5
v 31.9 5.1 -2.5
v 31.9 5.2 -2.5
v 31.9 5.2 -2.6
v 31.9 5.1 -2.6
v 31.8 5.1 -2.6
v 31.8 5.2 -2.6
v 32 5.2 -2.5
v 32 5.1 -2.5
v 32 5.1 -2.6
v 32 5.2 -2.6
v 31.9 5.2 -2.5
v 31.9 5.1 -2.5
v 32 5.1 -2.5
v 32 5.2 -2.5
v 32 5.2 -2.6
v 32 5.1 -2.6
v 31.9 5.1 -2.6
v 31.9 5.2 -2.6
v 25.7 5.1 -2.6
v 25.7 5 -2.6
v 25.7 5 -2.5
v 25.7 5.1 -2.5
v 25.7 5.1 -2.6
v 25.7 5.1 -2.5
v 25.8 5.1 -2.5
v 25.8 5.1 -2.6
v 25.7 5 -2.5
v 25.7 5 -2.6
v 25.8 5 -2.6
v 25.8 5 -2.5
v 25.7 5.1 -2.5
v 25.7 5 -2.5
v 25.8 5 -2.5
v 25.8 5.1 -2.5
v 25.8 5.1 -2.6
v 25.8 5 -2.6
v 25.7 5 -2.6
v 25.7 5.1 -2.6
v 25.8 5 -2.5
v 25.8 5 -2.6
v 25.9 5 -2.6
v 25.9 5 -2.5
v 25.8 5.1 -2.5
v 25.8 5 -2.5
v 25.9 5 -2.5
v 25.9 5.1 -2.5
v 25.9 5.1 -2.6
v 25.9 5 -2.6
v 25.8 5 -2.6
v 25.8 5.1 -2.6
v 25.9 5.1 -2.6
v 25.9 5.1 -2.5
v 26 5.1 -2.5
v 26 5.1 -2.6
v 25.9 5 -2.5
v 25.9 5 -2.6
v 26 5 -2.6
v 26 5 -2.5
v 25.9 5.1 -2.5
v 25.9 5 -2.5
v 26 5 -2.5
v 26 5.1 -2.5
v 26 5.1 -2.6
v 26 5 -2.6
v 25.9 5 -2.6
v 25.9 5.1 -2.6
v 26 5.1 -2.6
v 26 5.1 -2.5
v 26.1 5.1 -2.5
v 26.1 5.1 -2.6
v 26 5 -2.5
v 26 5 -2.6
v 26.1 5 -2.6
v 26.1 5 -2.5
v 26 5.1 -2.5
v 26 5 -2.5
v 26.1 5 -2.5
v 26.1 5.1 -2.5
v 26.1 5.1 -2.6
v 26.1 5 -2.6
v 26 5 -2.6
v 26 5.1 -2.6
v 26.1 5 -2.5
v 26.1 5 -2.6
v 26.2 5 -2.6
v 26.2 5 -2.5
v 26.1 5.1 -2.5
v 26.1 5 -2.5
v 26.2 5 -2.5
v 26.2 5.1 -2.5
v 26.2 5.1 -2.6
v 26.2 5 -2.6
v 26.1 5 -2.6
v 26.1 5.1 -2.6
v 26.2 5 -2.5
v 26.2 5 -2.6
v 26.3 5 -2.6
v 26.3 5 -2.5
v 26.2 5.1 -2.5
v 26.2 5 -2.5
v 26.3 5 -2.5
v 26.3 5.1 -2.5
v 26.3 5.1 -2.6
v 26.3 5 -2.6
v 26.2 5 -2.6
v 26.2 5.1 -2.6
v 26.3 5 -2.5
v 26.3 5 -2.6
v 26.4 5 -2.6
v 26.4 5 -2.5
v 26.3 5.1 -2.5
v 26.3 5 -2.5
v 26.4 5 -2.5
v 26.4 5.1 -2.5
v 26.4 5.1 -2.6
v 26.4 5 -2.6
v 26.3 5 -2.6
v 26.3 5.1 -2.6
v 26.4 5 -2.5
v 26.4 5 -2.6
v 26.5 5 -2.6
v 26.5 5 -2.5
v 26.4 5.1 -2.5
v 26.4 5 -2.5
v 26.5 5 -2.5
v 26.5 5.1 -2.5
v 26.5 5.1 -2.6
v 26.5 5 -2.6
v 26.4 5 -2.6
v 26.4 5.1 -2.6
v 26.5 5 -2.5
v 26.5 5 -2.6
v 26.6 5 -2.6
v 26.6 5 -2.5
v 26.5 5.1 -2.5
v 26.5 5 -2.5
v 26.6 5 -2.5
v 26.6 5.1 -2.5
v 26.6 5.1 -2.6
v 26.6 5 -2.6
v 26.5 5 -2.6
v 26.5 5.1 -2.6
v 26.6 5.1 -2.5
v 26.6 5 -2.5
v 26.7 5 -2.5
v 26.7 5.1 -2.5
v 26.7 5.1 -2.6
v 26.7 5 -2.6
v 26.6 5 -2.6
v 26.6 5.1 -2.6
v 26.7 5.1 -2.5
v 26.7 5 -2.5
v 26.8 5 -2.5
v 26.8 5.1 -2.5
v 26.8 5.1 -2.6
v 26.8 5 -2.6
v 26.7 5 -2.6
v 26.7 5.1 -2.6
v 26.8 5.1 -2.5
v 26.8 5 -2.5
v 26.9 5 -2.5
v 26.9 5.1 -2.5
v 26.9 5.1 -2.6
v 26.9 5 -2.6
v 26.8 5 -2.6
v 26.8 5.1 -2.6
v 27 5.1 -2.5
v 27 5 -2.5
v 27 5 -2.6
v 27 5.1 -2.6
v 26.9 5.1 -2.5
v 26.9 5 -2.5
v 27 5 -2.5
v 27 5.1 -2.5
v 27 5.1 -2.6
v 27 5 -2.6
v 26.9 5 -2.6
v 26.9 5.1 -2.6
v 27.1 5.1 -2.6
v 27.1 5 -2.6
v 27.1 5 -2.5
v 27.1 5.1 -2.5
v 27.1 5 -2.5
v 27.1 5 -2.6
v 27.2 5 -2.6
v 27.2 5 -2.5
v 27.1 5.1 -2.5
v 27.1 5 -2.5
v 27.2 5 -2.5
v 27.2 5.1 -2.5
v 27.2 5.1 -2.6
v 27.2 5 -2.6
v 27.1 5 -2.6
v 27.1 5.1 -2.6
v 27.2 5.1 -2.5
v 27.2 5 -2.5
v 27.3 5 -2.5
v 27.3 5.1 -2.5
v 27.3 5.1 -2.6
v 27.3 5 -2.6
v 27.2 5 -2.6
v 27.2 5.1 -2.6
v 27.3 5.1 -2.6
v 27.3 5.1 -2.5
v 27.4 5.1 -2.5
v 27.4 5.1 -2.6
v 27.3 5.1 -2.5
v 27.3 5 -2.5
v 27.4 5 -2.5
v 27.4 5.1 -2.5
v 27.4 5.1 -2.6
v 27.4 5 -2.6
v 27.3 5 -2.6
v 27.3 5.1 -2.6
v 27.4 5.1 -2.5
v 27.4 5 -2.5
v 27.5 5 -2.5
v 27.5 5.1 -2.5
v 27.5 5.1 -2.6
v 27.5 5 -2.6
v 27.4 5 -2.6
v 27.4 5.1 -2.6
v 27.5 5.1 -2.5
v 27.5 5 -2.5
v 27.6 5 -2.5
v 27.6 5.1 -2.5
v 27.6 5.1 -2.6
v 27.6 5 -2.6
v 27.5 5 -2.6
v 27.5 5.1 -2.6
v 27.6 5.1 -2.5
v 27.6 5 -2.5
v 27.7 5 -2.5
v 27.7 5.1 -2.5
v 27.7 5.1 -2.6
v 27.7 5 -2.6
v 27.6 5 -2.6
v 27.6 5.1 -2.6
v 27.7 5.1 -2.5
v 27.7 5 -2.5
v 27.8 5 -2.5
v 27.8 5.1 -2.5
v 27.8 5.1 -2.6
v 27.8 5 -2.6
v 27.7 5 -2.6
v 27.7 5.1 -2.6
v 27.8 5.1 -2.5
v 27.8 5 -2.5
v 27.9 5 -2.5
v 27.9 5.1 -2.5
v 27.9 5.1 -2.6
v 27.9 5 -2.6
v 27.8 5 -2.6
v 27.8 5.1 -2.6
v 27.9 5.1 -2.5
v 27.9 5 -2.5
v 28 5 -2.5
v 28 5.1 -2.5
v 28 5.1 -2.6
v 28 5 -2.6
v 27.9 5 -2.6
v 27.9 5.1 -2.6
v 28 5.1 -2.5
v 28 5 -2.5
v 28.1 5 -2.5
v 28.1 5.1 -2.5
v 28.1 5.1 -2.6
v 28.1 5 -2.6
v 28 5 -2.6
v 28 5.1 -2.6
v 28.1 5.1 -2.5
v 28.1 5 -2.5
v 28.2 5 -2.5
v 28.2 5.1 -2.5
v 28.2 5.1 -2.6
v 28.2 5 -2.6
v 28.1 5 -2.6
v 28.1 5.1 -2.6
v 28.2 5.1 -2.6
v 28.2 5.1 -2.5
v 28.3 5.1 -2.5
v 28.3 5.1 -2.6
v 28.2 5.1 -2.5
v 28.2 5 -2.5
v 28.3 5 -2.5
v 28.3 5.1 -2.5
v 28.3 5.1 -2.6
v 28.3 5 -2.6
v 28.2 5 -2.6
v 28.2 5.1 -2.6
v 28.3 5.1 -2.6
v 28.3 5.1 -2.5
v 28.4 5.1 -2.5
v 28.4 5.1 -2.6
v 28.3 5.1 -2.5
v 28.3 5 -2.5
v 28.4 5 -2.5
v 28.4 5.1 -2.5
v 28.4 5.1 -2.6
v 28.4 5 -2.6
v 28.3 5 -2.6
v 28.3 5.1 -2.6
v 28.4 5.1 -2.6
v 28.4 5.1 -2.5
v 28.5 5.1 -2.5
v 28.5 5.1 -2.6
v 28.4 5.1 -2.5
v 28.4 5 -2.5
v 28.5 5 -2.5
v 28.5 5.1 -2.5
v 28.5 5.1 -2.6
v 28.5 5 -2.6
v 28.4 5 -2.6
v 28.4 5.1 -2.6
v 28.6 5.1 -2.5
v 28.6 5 -2.5
v 28.6 5 -2.6
v 28.6 5.1 -2.6
v 28.5 5.1 -2.6
v 28.5 5.1 -2.5
v 28.6 5.1 -2.5
v 28.6 5.1 -2.6
v 28.5 5.1 -2.5
v 28.5 5 -2.5
v 28.6 5 -2.5
v 28.6 5.1 -2.5
v 28.6 5.1 -2.6
v 28.6 5 -2.6
v 28.5 5 -2.6
v 28.5 5.1 -2.6
v 29.2 5.1 -2.6
v 29.2 5 -2.6
v 29.2 5 -2.5
v 29.2 5.1 -2.5
v 29.2 5 -2.5
v 29.2 5 -2.6
v 29.3 5 -2.6
v 29.3 5 -2.5
v 29.2 5.1 -2.5
v 29.2 5 -2.5
v 29.3 5 -2.5
v 29.3 5.1 -2.5
v 29.3 5.1 -2.6
v 29.3 5 -2.6
v 29.2 5 -2.6
v 29.2 5.1 -2.6
v 29.3 5 -2.5
v 29.3 5 -2.6
v 29.4 5 -2.6
v 29.4 5 -2.5
v 29.3 5.1 -2.5
v 29.3 5 -2.5
v 29.4 5 -2.5
v 29.4 5.1 -2.5
v 29.4 5.1 -2.6
v 29.4 5 -2.6
v 29.3 5 -2.6
v 29.3 5.1 -2.6
v 29.4 5 -2.5
v 29.4 5 -2.6
v 29.5 5 -2.6
v 29.5 5 -2.5
v 29.4 5.1 -2.5
v 29.4 5 -2.5
v 29.5 5 -2.5
v 29.5 5.1 -2.5
v 29.5 5.1 -2.6
v 29.5 5 -2.6
v 29.4 5 -2.6
v 29.4 5.1 -2.6
v 29.5 5.1 -2.5
v 29.5 5 -2.5
v 29.6 5 -2.5
v 29.6 5.1 -2.5
v 29.6 5.1 -2.6
v 29.6 5 -2.6
v 29.5 5 -2.6
v 29.5 5.1 -2.6
v 29.6 5.1 -2.5
v 29.6 5 -2.5
v 29.7 5 -2.5
v 29.7 5.1 -2.5
v 29.7 5.1 -2.6
v 29.7 5 -2.6
v 29.6 5 -2.6
v 29.6 5.1 -2.6
v 29.7 5.1 -2.5
v 29.7 5 -2.5
v 29.8 5 -2.5
v 29.8 5.1 -2.5
v 29.8 5.1 -2.6
v 29.8 5 -2.6
v 29.7 5 -2.6
v 29.7 5.1 -2.6
v 29.8 5.1 -2.5
v 29.8 5 -2.5
v 29.9 5 -2.5
v 29.9 5.1 -2.5
v 29.9 5.1 -2.6
v 29.9 5 -2.6
v 29.8 5 -2.6
v 29.8 5.1 -2.6
v 29.9 5.1 -2.5
v 29.9 5 -2.5
v 30 5 -2.5
v 30 5.1 -2.5
v 30 5.1 -2.6
v 30 5 -2.6
v 29.9 5 -2.6
v 29.9 5.1 -2.6
v 30 5.1 -2.5
v 30 5 -2.5
v 30.1 5 -2.5
v 30.1 5.1 -2.5
v 30.1 5.1 -2.6
v 30.1 5 -2.6
v 30 5 -2.6
v 30 5.1 -2.6
v 30.1 5.1 -2.5
v 30.1 5 -2.5
v 30.2 5 -2.5
v 30.2 5.1 -2.5
v 30.2 5.1 -2.6
v 30.2 5 -2.6
v 30.1 5 -2.6
v 30.1 5.1 -2.6
v 30.2 5.1 -2.5
v 30.2 5 -2.5
v 30.3 5 -2.5
v 30.3 5.1 -2.5
v 30.3 5.1 -2.6
v 30.3 5 -2.6
v 30.2 5 -2.6
v 30.2 5.1 -2.6
v 30.3 5.1 -2.5
v 30.3 5 -2.5
v 30.4 5 -2.5
v 30.4 5.1 -2.5
v 30.4 5.1 -2.6
v 30.4 5 -2.6
v 30.3 5 -2.6
v 30.3 5.1 -2.6
v 30.4 5.1 -2.5
v 30.4 5 -2.5
v 30.5 5 -2.5
v 30.5 5.1 -2.5
v 30.5 5.1 -2.6
v 30.5 5 -2.6
v 30.4 5 -2.6
v 30.4 5.1 -2.6
v 30.5 5.1 -2.5
v 30.5 5 -2.5
v 30.6 5 -2.5
v 30.6 5.1 -2.5
v 30.6 5.1 -2.6
v 30.6 5 -2.6
v 30.5 5 -2.6
v 30.5 5.1 -2.6
v 30.6 5.1 -2.5
v 30.6 5 -2.5
v 30.7 5 -2.5
v 30.7 5.1 -2.5
v 30.7 5.1 -2.6
v 30.7 5 -2.6
v 30.6 5 -2.6
v 30.6 5.1 -2.6
v 30.7 5.1 -2.5
v 30.7 5 -2.5
v 30.8 5 -2.5
v 30.8 5.1 -2.5
v 30.8 5.1 -2.6
v 30.8 5 -2.6
v 30.7 5 -2.6
v 30.7 5.1 -2.6
v 30.8 5.1 -2.5
v 30.8 5 -2.5
v 30.9 5 -2.5
v 30.9 5.1 -2.5
v 30.9 5.1 -2.6
v 30.9 5 -2.6
v 30.8 5 -2.6
v 30.8 5.1 -2.6
v 30.9 5.1 -2.5
v 30.9 5 -2.5
v 31 5 -2.5
v 31 5.1 -2.5
v 31 5.1 -2.6
v 31 5 -2.6
v 30.9 5 -2.6
v 30.9 5.1 -2.6
v 31 5.1 -2.5
v 31 5 -2.5
v 31.1 5 -2.5
v 31.1 5.1 -2.5
v 31.1 5.1 -2.6
v 31.1 5 -2.6
v 31 5 -2.6
v 31 5.1 -2.6
v 31.1 5.1 -2.5
v 31.1 5 -2.5
v 31.2 5 -2.5
v 31.2 5.1 -2.5
v 31.2 5.1 -2.6
v 31.2 5 -2.6
v 31.1 5 -2.6
v 31.1 5.1 -2.6
v 31.2 5.1 -2.5
v 31.2 5 -2.5
v 31.3 5 -2.5
v 31.3 5.1 -2.5
v 31.3 5.1 -2.6
v 31.3 5 -2.6
v 31.2 5 -2.6
v 31.2 5.1 -2.6
v 31.3 5.1 -2.5
v 31.3 5 -2.5
v 31.4 5 -2.5
v 31.4 5.1 -2.5
v 31.4 5.1 -2.6
v 31.4 5 -2.6
v 31.3 5 -2.6
v 31.3 5.1 -2.6
v 31.4 5.1 -2.5
v 31.4 5 -2.5
v 31.5 5 -2.5
v 31.5 5.1 -2.5
v 31.5 5.1 -2.6
v 31.5 5 -2.6
v 31.4 5 -2.6
v 31.4 5.1 -2.6
v 31.5 5.1 -2.5
v 31.5 5 -2.5
v 31.6 5 -2.5
v 31.6 5.1 -2.5
v 31.6 5.1 -2.6
v 31.6 5 -2.6
v 31.5 5 -2.6
v 31.5 5.1 -2.6
v 31.6 5.1 -2.5
v 31.6 5 -2.5
v 31.7 5 -2.5
v 31.7 5.1 -2.5
v 31.7 5.1 -2.6
v 31.7 5 -2.6
v 31.6 5 -2.6
v 31.6 5.1 -2.6
v 31.7 5.1 -2.5
v 31.7 5 -2.5
v 31.8 5 -2.5
v 31.8 5.1 -2.5
v 31.8 5.1 -2.6
v 31.8 5 -2.6
v 31.7 5 -2.6
v 31.7 5.1 -2.6
v 31.8 5.1 -2.5
v 31.8 5 -2.5
v 31.9 5 -2.5
v 31.9 5.1 -2.5
v 31.9 5.1 -2.6
v 31.9 5 -2.6
v 31.8 5 -2.6
v 31.8 5.1 -2.6
v 32 5.1 -2.5
v 32 5 -2.5
v 32 5 -2.6
v 32 5.1 -2.6
v 31.9 5.1 -2.5
v 31.9 5 -2.5
v 32 5 -2.5
v 32 5.1 -2.5
v 32 5.1 -2.6
v 32 5 -2.6
v 31.9 5 -2.6
v 31.9 5.1 -2.6
v 26.6 5 -2.6
v 26.6 4.9 -2.6
v 26.6 4.9 -2.5
v 26.6 5 -2.5
v 26.6 4.9 -2.5
v 26.6 4.9 -2.6
v 26.7 4.9 -2.6
v 26.7 4.9 -2.5
v 26.6 5 -2.5
v 26.6 4.9 -2.5
v 26.7 4.9 -2.5
v 26.7 5 -2.5
v 26.7 5 -2.6
v 26.7 4.9 -2.6
v 26.6 4.9 -2.6
v 26.6 5 -2.6
v 26.7 4.9 -2.5
v 26.7 4.9 -2.6
v 26.8 4.9 -2.6
v 26.8 4.9 -2.5
v 26.7 5 -2.5
v 26.7 4.9 -2.5
v 26.8 4.9 -2.5
v 26.8 5 -2.5
v 26.8 5 -2.6
v 26.8 4.9 -2.6
v 26.7 4.9 -2.6
v 26.7 5 -2.6
v 26.8 5 -2.5
v 26.8 4.9 -2.5
v 26.9 4.9 -2.5
v 26.9 5 -2.5
v 26.9 5 -2.6
v 26.9 4.9 -2.6
v 26.8 4.9 -2.6
v 26.8 5 -2.6
v 26.9 4.9 -2.5
v 26.9 4.9 -2.6
v 27 4.9 -2.6
v 27 4.9 -2.5
v 26.9 5 -2.5
v 26.9 4.9 -2.5
v 27 4.9 -2.5
v 27 5 -2.5
v 27 5 -2.6
v 27 4.9 -2.6
v 26.9 4.9 -2.6
v 26.9 5 -2.6
v 27.1 5 -2.5
v 27.1 4.9 -2.5
v 27.1 4.9 -2.6
v 27.1 5 -2.6
v 27 5 -2.6
v 27 5 -2.5
v 27.1 5 -2.5
v 27.1 5 -2.6
v 27 5 -2.5
v 27 4.9 -2.5
v 27.1 4.9 -2.5
v 27.1 5 -2.5
v 27.1 5 -2.6
v 27.1 4.9 -2.6
v 27 4.9 -2.6
v 27 5 -2.6
v 27.2 5 -2.6
v 27.2 4.9 -2.6
v 27.2 4.9 -2.5
v 27.2 5 -2.5
v 27.2 5 -2.5
v 27.2 4.9 -2.5
v 27.3 4.9 -2.5
v 27.3 5 -2.5
v 27.3 5 -2.6
v 27.3 4.9 -2.6
v 27.2 4.9 -2.6
v 27.2 5 -2.6
v 27.3 5 -2.5
v 27.3 4.9 -2.5
v 27.4 4.9 -2.5
v 27.4 5 -2.5
v 27.4 5 -2.6
v 27.4 4.9 -2.6
v 27.3 4.9 -2.6
v 27.3 5 -2.6
v 27.4 4.9 -2.5
v 27.4 4.9 -2.6
v 27.5 4.9 -2.6
v 27.5 4.9 -2.5
v 27.4 5 -2.5
v 27.4 4.9 -2.5
v 27.5 4.9 -2.5
v 27.5 5 -2.5
v 27.5 5 -2.6
v 27.5 4.9 -2.6
v 27.4 4.9 -2.6
v 27.4 5 -2.6
v 27.5 5 -2.5
v 27.5 4.9 -2.5
v 27.6 4.9 -2.5
v 27.6 5 -2.5
v 27.6 5 -2.6
v 27.6 4.9 -2.6
v 27.5 4.9 -2.6
v 27.5 5 -2.6
v 27.6 5 -2.5
v 27.6 4.9 -2.5
v 27.7 4.9 -2.5
v 27.7 5 -2.5
v 27.7 5 -2.6
v 27.7 4.9 -2.6
v 27.6 4.9 -2.6
v 27.6 5 -2.6
v 27.7 5 -2.5
v 27.7 4.9 -2.5
v 27.8 4.9 -2.5
v 27.8 5 -2.5
v 27.8 5 -2.6
v 27.8 4.9 -2.6
v 27.7 4.9 -2.6
v 27.7 5 -2.6
v 27.8 5 -2.5
v 27.8 4.9 -2.5
v 27.9 4.9 -2.5
v 27.9 5 -2.5
v 27.9 5 -2.6
v 27.9 4.9 -2.6
v 27.8 4.9 -2.6
v 27.8 5 -2.6
v 27.9 5 -2.5
v 27.9 4.9 -2.5
v 28 4.9 -2.5
v 28 5 -2.5
v 28 5 -2.6
v 28 4.9 -2.6
v 27.9 4.9 -2.6
v 27.9 5 -2.6
v 28 5 -2.5
v 28 4.9 -2.5
v 28.1 4.9 -2.5
v 28.1 5 -2.5
v 28.1 5 -2.6
v 28.1 4.9 -2.6
v 28 4.9 -2.6
v 28 5 -2.6
v 28.1 5 -2.5
v 28.1 4.9 -2.5
v 28.2 4.9 -2.5
v 28.2 5 -2.5
v 28.2 5 -2.6
v 28.2 4.9 -2.6
v 28.1 4.9 -2.6
v 28.1 5 -2.6
v 28.2 5 -2.5
v 28.2 4.9 -2.5
v 28.3 4.9 -2.5
v 28.3 5 -2.5
v 28.3 5 -2.6
v 28.3 4.9 -2.6
v 28.2 4.9 -2.6
v 28.2 5 -2.6
v 28.3 5 -2.5
v 28.3 4.9 -2.5
v 28.4 4.9 -2.5
v 28.4 5 -2.5
v 28.4 5 -2.6
v 28.4 4.9 -2.6
v 28.3 4.9 -2.6
v 28.3 5 -2.6
v 28.4 5 -2.5
v 28.4 4.9 -2.5
v 28.5 4.9 -2.5
v 28.5 5 -2.5
v 28.5 5 -2.6
v 28.5 4.9 -2.6
v 28.4 4.9 -2.6
v 28.4 5 -2.6
v 28.5 5 -2.5
v 28.5 4.9 -2.5
v 28.6 4.9 -2.5
v 28.6 5 -2.5
v 28.6 5 -2.6
v 28.6 4.9 -2.6
v 28.5 4.9 -2.6
v 28.5 5 -2.6
v 28.6 5 -2.6
v 28.6 5 -2.5
v 28.7 5 -2.5
v 28.7 5 -2.6
v 28.6 5 -2.5
v 28.6 4.9 -2.5
v 28.7 4.9 -2.5
v 28.7 5 -2.5
v 28.7 5 -2.6
v 28.7 4.9 -2.6
v 28.6 4.9 -2.6
v 28.6 5 -2.6
v 28.7 5 -2.6
v 28.7 5 -2.5
v 28.8 5 -2.5
v 28.8 5 -2.6
v 28.7 5 -2.5
v 28.7 4.9 -2.5
v 28.8 4.9 -2.5
v 28.8 5 -2.5
v 28.8 5 -2.6
v 28.8 4.9 -2.6
v 28.7 4.9 -2.6
v 28.7 5 -2.6
v 28.8 5 -2.6
v 28.8 5 -2.5
v 28.9 5 -2.5
v 28.9 5 -2.6
v 28.8 5 -2.5
v 28.8 4.9 -2.5
v 28.9 4.9 -2.5
v 28.9 5 -2.5
v 28.9 5 -2.6
v 28.9 4.9 -2.6
v 28.8 4.9 -2.6
v 28.8 5 -2.6
v 28.9 5 -2.6
v 28.9 5 -2.5
v 29 5 -2.5
v 29 5 -2.6
v 28.9 5 -2.5
v 28.9 4.9 -2.5
v 29 4.9 -2.5
v 29 5 -2.5
v 29 5 -2.6
v 29 4.9 -2.6
v 28.9 4.9 -2.6
v 28.9 5 -2.6
v 29.1 5 -2.5
v 29.1 4.9 -2.5
v 29.1 4.9 -2.6
v 29.1 5 -2.6
v 29 5 -2.6
v 29 5 -2.5
v 29.1 5 -2.5
v 29.1 5 -2.6
v 29 5 -2.5
v 29 4.9 -2.5
v 29.1 4.9 -2.5
v 29.1 5 -2.5
v 29.1 5 -2.6
v 29.1 4.9 -2.6
v 29 4.9 -2.6
v 29 5 -2.6
v 29.5 5 -2.6
v 29.5 4.9 -2.6
v 29.5 4.9 -2.5
v 29.5 5 -2.5
v 29.5 4.9 -2.5
v 29.5 4.9 -2.6
v 29.6 4.9 -2.6
v 29.6 4.9 -2.5
v 29.5 5 -2.5
v 29.5 4.9 -2.5
v 29.6 4.9 -2.5
v 29.6 5 -2.5
v 29.6 5 -2.6
v 29.6 4.9 -2.6
v 29.5 4.9 -2.6
v 29.5 5 -2.6
v 29.6 4.9 -2.5
v 29.6 4.9 -2.6
v 29.7 4.9 -2.6
v 29.7 4.9 -2.5
v 29.6 5 -2.5
v 29.6 4.9 -2.5
v 29.7 4.9 -2.5
v 29.7 5 -2.5
v 29.7 5 -2.6
v 29.7 4.9 -2.6
v 29.6 4.9 -2.6
v 29.6 5 -2.6
v 29.7 4.9 -2.5
v 29.7 4.9 -2.6
v 29.8 4.9 -2.6
v 29.8 4.9 -2.5
v 29.7 5 -2.5
v 29.7 4.9 -2.5
v 29.8 4.9 -2.5
v 29.8 5 -2.5
v 29.8 5 -2.6
v 29.8 4.9 -2.6
v 29.7 4.9 -2.6
v 29.7 5 -2.6
v 29.8 5 -2.5
v 29.8 4.9 -2.5
v 29.9 4.9 -2.5
v 29.9 5 -2.5
v 29.9 5 -2.6
v 29.9 4.9 -2.6
v 29.8 4.9 -2.6
v 29.8 5 -2.6
v 29.9 5 -2.5
v 29.9 4.9 -2.5
v 30 4.9 -2.5
v 30 5 -2.5
v 30 5 -2.6
v 30 4.9 -2.6
v 29.9 4.9 -2.6
v 29.9 5 -2.6
v 30 5 -2.5
v 30 4.9 -2.5
v 30.1 4.9 -2.5
v 30.1 5 -2.5
v 30.1 5 -2.6
v 30.1 4.9 -2.6
v 30 4.9 -2.6
v 30 5 -2.6
v 30.1 5 -2.5
v 30.1 4.9 -2.5
v 30.2 4.9 -2.5
v 30.2 5 -2.5
v 30.2 5 -2.6
v 30.2 4.9 -2.6
v 30.1 4.9 -2.6
v 30.1 5 -2.6
v 30.2 5 -2.5
v 30.2 4.9 -2.5
v 30.3 4.9 -2.5
v 30.3 5 -2.5
v 30.3 5 -2.6
v 30.3 4.9 -2.6
v 30.2 4.9 -2.6
v 30.2 5 -2.6
v 30.3 5 -2.5
v 30.3 4.9 -2.5
v 30.4 4.9 -2.5
v 30.4 5 -2.5
v 30.4 5 -2.6
v 30.4 4.9 -2.6
v 30.3 4.9 -2.6
v 30.3 5 -2.6
v 30.4 5 -2.5
v 30.4 4.9 -2.5
v 30.5 4.9 -2.5
v 30.5 5 -2.5
v 30.5 5 -2.6
v 30.5 4.9 -2.6
v 30.4 4.9 -2.6
v 30.4 5 -2.6
v 30.5 5 -2.5
v 30.5 4.9 -2.5
v 30.6 4.9 -2.5
v 30.6 5 -2.5
v 30.6 5 -2.6
v 30.6 4.9 -2.6
v 30.5 4.9 -2.6
v 30.5 5 -2.6
v 30.6 5 -2.5
v 30.6 4.9 -2.5
v 30.7 4.9 -2.5
v 30.7 5 -2.5
v 30.7 5 -2.6
v 30.7 4.9 -2.6
v 30.6 4.9 -2.6
v 30.6 5 -2.6
v 30.7 5 -2.5
v 30.7 4.9 -2.5
v 30.8 4.9 -2.5
v 30.8 5 -2.5
v 30.8 5 -2.6
v 30.8 4.9 -2.6
v 30.7 4.9 -2.6
v 30.7 5 -2.6
v 30.8 5 -2.5
v 30.8 4.9 -2.5
v 30.9 4.9 -2.5
v 30.9 5 -2.5
v 30.9 5 -2.6
v 30.9 4.9 -2.6
v 30.8 4.9 -2.6
v 30.8 5 -2.6
v 30.9 5 -2.5
v 30.9 4.9 -2.5
v 31 4.9 -2.5
v 31 5 -2.5
v 31 5 -2.6
v 31 4.9 -2.6
v 30.9 4.9 -2.6
v 30.9 5 -2.6
v 31 5 -2.5
v 31 4.9 -2.5
v 31.1 4.9 -2.5
v 31.1 5 -2.5
v 31.1 5 -2.6
v 31.1 4.9 -2.6
v 31 4.9 -2.6
v 31 5 -2.6
v 31.1 5 -2.5
v 31.1 4.9 -2.5
v 31.2 4.9 -2.5
v 31.2 5 -2.5
v 31.2 5 -2.6
v 31.2 4.9 -2.6
v 31.1 4.9 -2.6
v 31.1 5 -2.6
v 31.2 5 -2.5
v 31.2 4.9 -2.5
v 31.3 4.9 -2.5
v 31.3 5 -2.5
v 31.3 5 -2.6
v 31.3 4.9 -2.6
v 31.2 4.9 -2.6
v 31.2 5 -2.6
v 31.3 5 -2.5
v 31.3 4.9 -2.5
v 31.4 4.9 -2.5
v 31.4 5 -2.5
v 31.4 5 -2.6
v 31.4 4.9 -2.6
v 31.3 4.9 -2.6
v 31.3 5 -2.6
v 31.4 5 -2.5
v 31.4 4.9 -2.5
v 31.5 4.9 -2.5
v 31.5 5 -2.5
v 31.5 5 -2.6
v 31.5 4.9 -2.6
v 31.4 4.9 -2.6
v 31.4 5 -2.6
v 31.5 5 -2.5
v 31.5 4.9 -2.5
v 31.6 4.9 -2.5
v 31.6 5 -2.5
v 31.6 5 -2.6
v 31.6 4.9 -2.6
v 31.5 4.9 -2.6
v 31.5 5 -2.6
v 31.6 5 -2.5
v 31.6 4.9 -2.5
v 31.7 4.9 -2.5
v 31.7 5 -2.5
v 31.7 5 -2.6
v 31.7 4.9 -2.6
v 31.6 4.9 -2.6
v 31.6 5 -2.6
v 31.7 5 -2.5
v 31.7 4.9 -2.5
v 31.8 4.9 -2.5
v 31.8 5 -2.5
v 31.8 5 -2.6
v 31.8 4.9 -2.6
v 31.7 4.9 -2.6
v 31.7 5 -2.6
v 31.8 5 -2.5
v 31.8 4.9 -2.5
v 31.9 4.9 -2.5
v 31.9 5 -2.5
v 31.9 5 -2.6
v 31.9 4.9 -2.6
v 31.8 4.9 -2.6
v 31.8 5 -2.6
v 32 5 -2.5
v 32 4.9 -2.5
v 32 4.9 -2.6
v 32 5 -2.6
v 31.9 5 -2.5
v 31.9 4.9 -2.5
v 32 4.9 -2.5
v 32 5 -2.5
v 32 5 -2.6
v 32 4.9 -2.6
v 31.9 4.9 -2.6
v 31.9 5 -2.6
v 26.8 4.9 -2.6
v 26.8 4.8 -2.6
v 26.8 4.8 -2.5
v 26.8 4.9 -2.5
v 26.9 4.9 -2.5
v 26.9 4.8 -2.5
v 26.9 4.8 -2.6
v 26.9 4.9 -2.6
v 26.8 4.8 -2.5
v 26.8 4.8 -2.6
v 26.9 4.8 -2.6
v 26.9 4.8 -2.5
v 26.8 4.9 -2.5
v 26.8 4.8 -2.5
v 26.9 4.8 -2.5
v 26.9 4.9 -2.5
v 26.9 4.9 -2.6
v 26.9 4.8 -2.6
v 26.8 4.8 -2.6
v 26.8 4.9 -2.6
v 27 4.9 -2.6
v 27 4.8 -2.6
v 27 4.8 -2.5
v 27 4.9 -2.5
v 27 4.8 -2.5
v 27 4.8 -2.6
v 27.1 4.8 -2.6
v 27.1 4.8 -2.5
v 27 4.9 -2.5
v 27 4.8 -2.5
v 27.1 4.8 -2.5
v 27.1 4.9 -2.5
v 27.1 4.9 -2.6
v 27.1 4.8 -2.6
v 27 4.8 -2.6
v 27 4.9 -2.6
v 27.1 4.9 -2.6
v 27.1 4.9 -2.5
v 27.2 4.9 -2.5
v 27.2 4.9 -2.6
v 27.1 4.8 -2.5
v 27.1 4.8 -2.6
v 27.2 4.8 -2.6
v 27.2 4.8 -2.5
v 27.1 4.9 -2.5
v 27.1 4.8 -2.5
v 27.2 4.8 -2.5
v 27.2 4.9 -2.5
v 27.2 4.9 -2.6
v 27.2 4.8 -2.6
v 27.1 4.8 -2.6
v 27.1 4.9 -2.6
v 27.2 4.9 -2.5
v 27.2 4.8 -2.5
v 27.3 4.8 -2.5
v 27.3 4.9 -2.5
v 27.3 4.9 -2.6
v 27.3 4.8 -2.6
v 27.2 4.8 -2.6
v 27.2 4.9 -2.6
v 27.4 4.9 -2.5
v 27.4 4.8 -2.5
v 27.4 4.8 -2.6
v 27.4 4.9 -2.6
v 27.3 4.9 -2.5
v 27.3 4.8 -2.5
v 27.4 4.8 -2.5
v 27.4 4.9 -2.5
v 27.4 4.9 -2.6
v 27.4 4.8 -2.6
v 27.3 4.8 -2.6
v 27.3 4.9 -2.6
v 27.5 4.9 -2.6
v 27.5 4.8 -2.6
v 27.5 4.8 -2.5
v 27.5 4.9 -2.5
v 27.5 4.9 -2.5
v 27.5 4.8 -2.5
v 27.6 4.8 -2.5
v 27.6 4.9 -2.5
v 27.6 4.9 -2.6
v 27.6 4.8 -2.6
v 27.5 4.8 -2.6
v 27.5 4.9 -2.6
v 27.6 4.9 -2.5
v 27.6 4.8 -2.5
v 27.7 4.8 -2.5
v 27.7 4.9 -2.5
v 27.7 4.9 -2.6
v 27.7 4.8 -2.6
v 27.6 4.8 -2.6
v 27.6 4.9 -2.6
v 27.7 4.8 -2.5
v 27.7 4.8 -2.6
v 27.8 4.8 -2.6
v 27.8 4.8 -2.5
v 27.7 4.9 -2.5
v 27.7 4.8 -2.5
v 27.8 4.8 -2.5
v 27.8 4.9 -2.5
v 27.8 4.9 -2.6
v 27.8 4.8 -2.6
v 27.7 4.8 -2.6
v 27.7 4.9 -2.6
v 27.8 4.9 -2.5
v 27.8 4.8 -2.5
v 27.9 4.8 -2.5
v 27.9 4.9 -2.5
v 27.9 4.9 -2.6
v 27.9 4.8 -2.6
v 27.8 4.8 -2.6
v 27.8 4.9 -2.6
v 27.9 4.9 -2.5
v 27.9 4.8 -2.5
v 28 4.8 -2.5
v 28 4.9 -2.5
v 28 4.9 -2.6
v 28 4.8 -2.6
v 27.9 4.8 -2.6
v 27.9 4.9 -2.6
v 28 4.9 -2.5
v 28 4.8 -2.5
v 28.1 4.8 -2.5
v 28.1 4.9 -2.5
v 28.1 4.9 -2.6
v 28.1 4.8 -2.6
v 28 4.8 -2.6
v 28 4.9 -2.6
v 28.1 4.9 -2.5
v 28.1 4.8 -2.5
v 28.2 4.8 -2.5
v 28.2 4.9 -2.5
v 28.2 4.9 -2.6
v 28.2 4.8 -2.6
v 28.1 4.8 -2.6
v 28.1 4.9 -2.6
v 28.2 4.9 -2.5
v 28.2 4.8 -2.5
v 28.3 4.8 -2.5
v 28.3 4.9 -2.5
v 28.3 4.9 -2.6
v 28.3 4.8 -2.6
v 28.2 4.8 -2.6
v 28.2 4.9 -2.6
v 28.3 4.9 -2.5
v 28.3 4.8 -2.5
v 28.4 4.8 -2.5
v 28.4 4.9 -2.5
v 28.4 4.9 -2.6
v 28.4 4.8 -2.6
v 28.3 4.8 -2.6
v 28.3 4.9 -2.6
v 28.4 4.9 -2.5
v 28.4 4.8 -2.5
v 28.5 4.8 -2.5
v 28.5 4.9 -2.5
v 28.5 4.9 -2.6
v 28.5 4.8 -2.6
v 28.4 4.8 -2.6
v 28.4 4.9 -2.6
v 28.5 4.9 -2.5
v 28.5 4.8 -2.5
v 28.6 4.8 -2.5
v 28.6 4.9 -2.5
v 28.6 4.9 -2.6
v 28.6 4.8 -2.6
v 28.5 4.8 -2.6
v 28.5 4.9 -2.6
v 28.6 4.9 -2.5
v 28.6 4.8 -2.5
v 28.7 4.8 -2.5
v 28.7 4.9 -2.5
v 28.7 4.9 -2.6
v 28.7 4.8 -2.6
v 28.6 4.8 -2.6
v 28.6 4.9 -2.6
v 28.7 4.9 -2.5
v 28.7 4.8 -2.5
v 28.8 4.8 -2.5
v 28.8 4.9 -2.5
v 28.8 4.9 -2.6
v 28.8 4.8 -2.6
v 28.7 4.8 -2.6
v 28.7 4.9 -2.6
v 28.8 4.9 -2.5
v 28.8 4.8 -2.5
v 28.9 4.8 -2.5
v 28.9 4.9 -2.5
v 28.9 4.9 -2.6
v 28.9 4.8 -2.6
v 28.8 4.8 -2.6
v 28.8 4.9 -2.6
v 28.9 4.9 -2.5
v 28.9 4.8 -2.5
v 29 4.8 -2.5
v 29 4.9 -2.5
v 29 4.9 -2.6
v 29 4.8 -2.6
v 28.9 4.8 -2.6
v 28.9 4.9 -2.6
v 29 4.9 -2.5
v 29 4.8 -2.5
v 29.1 4.8 -2.5
v 29.1 4.9 -2.5
v 29.1 4.9 -2.6
v 29.1 4.8 -2.6
v 29 4.8 -2.6
v 29 4.9 -2.6
v 29.1 4.9 -2.6
v 29.1 4.9 -2.5
v 29.2 4.9 -2.5
v 29.2 4.9 -2.6
v 29.1 4.9 -2.5
v 29.1 4.8 -2.5
v 29.2 4.8 -2.5
v 29.2 4.9 -2.5
v 29.2 4.9 -2.6
v 29.2 4.8 -2.6
v 29.1 4.8 -2.6
v 29.1 4.9 -2.6
v 29.2 4.9 -2.6
v 29.2 4.9 -2.5
v 29.3 4.9 -2.5
v 29.3 4.9 -2.6
v 29.2 4.9 -2.5
v 29.2 4.8 -2.5
v 29.3 4.8 -2.5
v 29.3 4.9 -2.5
v 29.3 4.9 -2.6
v 29.3 4.8 -2.6
v 29.2 4.8 -2.6
v 29.2 4.9 -2.6
v 29.3 4.9 -2.6
v 29.3 4.9 -2.5
v 29.4 4.9 -2.5
v 29.4 4.9 -2.6
v 29.3 4.9 -2.5
v 29.3 4.8 -2.5
v 29.4 4.8 -2.5
v 29.4 4.9 -2.5
v 29.4 4.9 -2.6
v 29.4 4.8 -2.6
v 29.3 4.8 -2.6
v 29.3 4.9 -2.6
v 29.5 4.9 -2.5
v 29.5 4.8 -2.5
v 29.5 4.8 -2.6
v 29.5 4.9 -2.6
v 29.4 4.9 -2.6
v 29.4 4.9 -2.5
v 29.5 4.9 -2.5
v 29.5 4.9 -2.6
v 29.4 4.8 -2.5
v 29.4 4.8 -2.6
v 29.5 4.8 -2.6
v 29.5 4.8 -2.5
v 29.4 4.9 -2.5
v 29.4 4.8 -2.5
v 29.5 4.8 -2.5
v 29.5 4.9 -2.5
v 29.5 4.9 -2.6
v 29.5 4.8 -2.6
v 29.4 4.8 -2.6
v 29.4 4.9 -2.6
v 29.8 4.9 -2.6
v 29.8 4.8 -2.6
v 29.8 4.8 -2.5
v 29.8 4.9 -2.5
v 29.8 4.9 -2.5
v 29.8 4.8 -2.5
v 29.9 4.8 -2.5
v 29.9 4.9 -2.5
v 29.9 4.9 -2.6
v 29.9 4.8 -2.6
v 29.8 4.8 -2.6
v 29.8 4.9 -2.6
v 29.9 4.9 -2.5
v 29.9 4.8 -2.5
v 30 4.8 -2.5
v 30 4.9 -2.5
v 30 4.9 -2.6
v 30 4.8 -2.6
v 29.9 4.8 -2.6
v 29.9 4.9 -2.6
v 30 4.9 -2.5
v 30 4.8 -2.5
v 30.1 4.8 -2.5
v 30.1 4.9 -2.5
v 30.1 4.9 -2.6
v 30.1 4.8 -2.6
v 30 4.8 -2.6
v 30 4.9 -2.6
v 30.1 4.9 -2.5
v 30.1 4.8 -2.5
v 30.2 4.8 -2.5
v 30.2 4.9 -2.5
v 30.2 4.9 -2.6
v 30.2 4.8 -2.6
v 30.1 4.8 -2.6
v 30.1 4.9 -2.6
v 30.2 4.9 -2.5
v 30.2 4.8 -2.5
v 30.3 4.8 -2.5
v 30.3 4.9 -2.5
v 30.3 4.9 -2.6
v 30.3 4.8 -2.6
v 30.2 4.8 -2.6
v 30.2 4.9 -2.6
v 30.3 4.9 -2.5
v 30.3 4.8 -2.5
v 30.4 4.8 -2.5
v 30.4 4.9 -2.5
v 30.4 4.9 -2.6
v 30.4 4.8 -2.6
v 30.3 4.8 -2.6
v 30.3 4.9 -2.6
v 30.4 4.9 -2.5
v 30.4 4.8 -2.5
v 30.5 4.8 -2.5
v 30.5 4.9 -2.5
v 30.5 4.9 -2.6
v 30.5 4.8 -2.6
v 30.4 4.8 -2.6
v 30.4 4.9 -2.6
v 30.5 4.9 -2.5
v 30.5 4.8 -2.5
v 30.6 4.8 -2.5
v 30.6 4.9 -2.5
v 30.6 4.9 -2.6
v 30.6 4.8 -2.6
v 30.5 4.8 -2.6
v 30.5 4.9 -2.6
v 30.6 4.9 -2.5
v 30.6 4.8 -2.5
v 30.7 4.8 -2.5
v 30.7 4.9 -2.5
v 30.7 4.9 -2.6
v 30.7 4.8 -2.6
v 30.6 4.8 -2.6
v 30.6 4.9 -2.6
v 30.7 4.9 -2.5
v 30.7 4.8 -2.5
v 30.8 4.8 -2.5
v 30.8 4.9 -2.5
v 30.8 4.9 -2.6
v 30.8 4.8 -2.6
v 30.7 4.8 -2.6
v 30.7 4.9 -2.6
v 30.8 4.9 -2.5
v 30.8 4.8 -2.5
v 30.9 4.8 -2.5
v 30.9 4.9 -2.5
v 30.9 4.9 -2.6
v 30.9 4.8 -2.6
v 30.8 4.8 -2.6
v 30.8 4.9 -2.6
v 30.9 4.9 -2.5
v 30.9 4.8 -2.5
v 31 4.8 -2.5
v 31 4.9 -2.5
v 31 4.9 -2.6
v 31 4.8 -2.6
v 30.9 4.8 -2.6
v 30.9 4.9 -2.6
v 31 4.9 -2.5
v 31 4.8 -2.5
v 31.1 4.8 -2.5
v 31.1 4.9 -2.5
v 31.1 4.9 -2.6
v 31.1 4.8 -2.6
v 31 4.8 -2.6
v 31 4.9 -2.6
v 31.1 4.9 -2.5
v 31.1 4.8 -2.5
v 31.2 4.8 -2.5
v 31.2 4.9 -2.5
v 31.2 4.9 -2.6
v 31.2 4.8 -2.6
v 31.1 4.8 -2.6
v 31.1 4.9 -2.6
v 31.2 4.9 -2.5
v 31.2 4.8 -2.5
v 31.3 4.8 -2.5
v 31.3 4.9 -2.5
v 31.3 4.9 -2.6
v 31.3 4.8 -2.6
v 31.2 4.8 -2.6
v 31.2 4.9 -2.6
v 31.3 4.9 -2.5
v 31.3 4.8 -2.5
v 31.4 4.8 -2.5
v 31.4 4.9 -2.5
v 31.4 4.9 -2.6
v 31.4 4.8 -2.6
v 31.3 4.8 -2.6
v 31.3 4.9 -2.6
v 31.4 4.9 -2.5
v 31.4 4.8 -2.5
v 31.5 4.8 -2.5
v 31.5 4.9 -2.5
v 31.5 4.9 -2.6
v 31.5 4.8 -2.6
v 31.4 4.8 -2.6
v 31.4 4.9 -2.6
v 31.5 4.9 -2.5
v 31.5 4.8 -2.5
v 31.6 4.8 -2.5
v 31.6 4.9 -2.5
v 31.6 4.9 -2.6
v 31.6 4.8 -2.6
v 31.5 4.8 -2.6
v 31.5 4.9 -2.6
v 31.6 4.9 -2.5
v 31.6 4.8 -2.5
v 31.7 4.8 -2.5
v 31.7 4.9 -2.5
v 31.7 4.9 -2.6
v 31.7 4.8 -2.6
v 31.6 4.8 -2.6
v 31.6 4.9 -2.6
v 31.7 4.9 -2.5
v 31.7 4.8 -2.5
v 31.8 4.8 -2.5
v 31.8 4.9 -2.5
v 31.8 4.9 -2.6
v 31.8 4.8 -2.6
v 31.7 4.8 -2.6
v 31.7 4.9 -2.6
v 31.8 4.9 -2.5
v 31.8 4.8 -2.5
v 31.9 4.8 -2.5
v 31.9 4.9 -2.5
v 31.9 4.9 -2.6
v 31.9 4.8 -2.6
v 31.8 4.8 -2.6
v 31.8 4.9 -2.6
v 32 4.9 -2.5
v 32 4.8 -2.5
v 32 4.8 -2.6
v 32 4.9 -2.6
v 31.9 4.9 -2.5
v 31.9 4.8 -2.5
v 32 4.8 -2.5
v 32 4.9 -2.5
v 32 4.9 -2.6
v 32 4.8 -2.6
v 31.9 4.8 -2.6
v 31.9 4.9 -2.6
v 27.2 4.8 -2.6
v 27.2 4.7 -2.6
v 27.2 4.7 -2.5
v 27.2 4.8 -2.5
v 27.2 4.7 -2.5
v 27.2 4.7 -2.6
v 27.3 4.7 -2.6
v 27.3 4.7 -2.5
v 27.2 4.8 -2.5
v 27.2 4.7 -2.5
v 27.3 4.7 -2.5
v 27.3 4.8 -2.5
v 27.3 4.8 -2.6
v 27.3 4.7 -2.6
v 27.2 4.7 -2.6
v 27.2 4.8 -2.6
v 27.3 4.7 -2.5
v 27.3 4.7 -2.6
v 27.4 4.7 -2.6
v 27.4 4.7 -2.5
v 27.3 4.8 -2.5
v 27.3 4.7 -2.5
v 27.4 4.7 -2.5
v 27.4 4.8 -2.5
v 27.4 4.8 -2.6
v 27.4 4.7 -2.6
v 27.3 4.7 -2.6
v 27.3 4.8 -2.6
v 27.4 4.8 -2.6
v 27.4 4.8 -2.5
v 27.5 4.8 -2.5
v 27.5 4.8 -2.6
v 27.4 4.7 -2.5
v 27.4 4.7 -2.6
v 27.5 4.7 -2.6
v 27.5 4.7 -2.5
v 27.4 4.8 -2.5
v 27.4 4.7 -2.5
v 27.5 4.7 -2.5
v 27.5 4.8 -2.5
v 27.5 4.8 -2.6
v 27.5 4.7 -2.6
v 27.4 4.7 -2.6
v 27.4 4.8 -2.6
v 27.5 4.8 -2.5
v 27.5 4.7 -2.5
v 27.6 4.7 -2.5
v 27.6 4.8 -2.5
v 27.6 4.8 -2.6
v 27.6 4.7 -2.6
v 27.5 4.7 -2.6
v 27.5 4.8 -2.6
v 27.7 4.8 -2.5
v 27.7 4.7 -2.5
v 27.7 4.7 -2.6
v 27.7 4.8 -2.6
v 27.6 4.8 -2.5
v 27.6 4.7 -2.5
v 27.7 4.7 -2.5
v 27.7 4.8 -2.5
v 27.7 4.8 -2.6
v 27.7 4.7 -2.6
v 27.6 4.7 -2.6
v 27.6 4.8 -2.6
v 27.8 4.8 -2.6
v 27.8 4.7 -2.6
v 27.8 4.7 -2.5
v 27.8 4.8 -2.5
v 27.8 4.8 -2.5
v 27.8 4.7 -2.5
v 27.9 4.7 -2.5
v 27.9 4.8 -2.5
v 27.9 4.8 -2.6
v 27.9 4.7 -2.6
v 27.8 4.7 -2.6
v 27.8 4.8 -2.6
v 27.9 4.8 -2.5
v 27.9 4.7 -2.5
v 28 4.7 -2.5
v 28 4.8 -2.5
v 28 4.8 -2.6
v 28 4.7 -2.6
v 27.9 4.7 -2.6
v 27.9 4.8 -2.6
v 28 4.7 -2.5
v 28 4.7 -2.6
v 28.1 4.7 -2.6
v 28.1 4.7 -2.5
v 28 4.8 -2.5
v 28 4.7 -2.5
v 28.1 4.7 -2.5
v 28.1 4.8 -2.5
v 28.1 4.8 -2.6
v 28.1 4.7 -2.6
v 28 4.7 -2.6
v 28 4.8 -2.6
v 28.1 4.7 -2.5
v 28.1 4.7 -2.6
v 28.2 4.7 -2.6
v 28.2 4.7 -2.5
v 28.1 4.8 -2.5
v 28.1 4.7 -2.5
v 28.2 4.7 -2.5
v 28.2 4.8 -2.5
v 28.2 4.8 -2.6
v 28.2 4.7 -2.6
v 28.1 4.7 -2.6
v 28.1 4.8 -2.6
v 28.2 4.7 -2.5
v 28.2 4.7 -2.6
v 28.3 4.7 -2.6
v 28.3 4.7 -2.5
v 28.2 4.8 -2.5
v 28.2 4.7 -2.5
v 28.3 4.7 -2.5
v 28.3 4.8 -2.5
v 28.3 4.8 -2.6
v 28.3 4.7 -2.6
v 28.2 4.7 -2.6
v 28.2 4.8 -2.6
v 28.3 4.8 -2.5
v 28.3 4.7 -2.5
v 28.4 4.7 -2.5
v 28.4 4.8 -2.5
v 28.4 4.8 -2.6
v 28.4 4.7 -2.6
v 28.3 4.7 -2.6
v 28.3 4.8 -2.6
v 28.4 4.8 -2.5
v 28.4 4.7 -2.5
v 28.5 4.7 -2.5
v 28.5 4.8 -2.5
v 28.5 4.8 -2.6
v 28.5 4.7 -2.6
v 28.4 4.7 -2.6
v 28.4 4.8 -2.6
v 28.5 4.8 -2.5
v 28.5 4.7 -2.5
v 28.6 4.7 -2.5
v 28.6 4.8 -2.5
v 28.6 4.8 -2.6
v 28.6 4.7 -2.6
v 28.5 4.7 -2.6
v 28.5 4.8 -2.6
v 28.6 4.8 -2.5
v 28.6 4.7 -2.5
v 28.7 4.7 -2.5
v 28.7 4.8 -2.5
v 28.7 4.8 -2.6
v 28.7 4.7 -2.6
v 28.6 4.7 -2.6
v 28.6 4.8 -2.6
v 28.7 4.8 -2.5
v 28.7 4.7 -2.5
v 28.8 4.7 -2.5
v 28.8 4.8 -2.5
v 28.8 4.8 -2.6
v 28.8 4.7 -2.6
v 28.7 4.7 -2.6
v 28.7 4.8 -2.6
v 28.8 4.8 -2.5
v 28.8 4.7 -2.5
v 28.9 4.7 -2.5
v 28.9 4.8 -2.5
v 28.9 4.8 -2.6
v 28.9 4.7 -2.6
v 28.8 4.7 -2.6
v 28.8 4.8 -2.6
v 28.9 4.8 -2.5
v 28.9 4.7 -2.5
v 29 4.7 -2.5
v 29 4.8 -2.5
v 29 4.8 -2.6
v 29 4.7 -2.6
v 28.9 4.7 -2.6
v 28.9 4.8 -2.6
v 29 4.8 -2.5
v 29 4.7 -2.5
v 29.1 4.7 -2.5
v 29.1 4.8 -2.5
v 29.1 4.8 -2.6
v 29.1 4.7 -2.6
v 29 4.7 -2.6
v 29 4.8 -2.6
v 29.1 4.8 -2.5
v 29.1 4.7 -2.5
v 29.2 4.7 -2.5
v 29.2 4.8 -2.5
v 29.2 4.8 -2.6
v 29.2 4.7 -2.6
v 29.1 4.7 -2.6
v 29.1 4.8 -2.6
v 29.2 4.7 -2.5
v 29.2 4.7 -2.6
v 29.3 4.7 -2.6
v 29.3 4.7 -2.5
v 29.2 4.8 -2.5
v 29.2 4.7 -2.5
v 29.3 4.7 -2.5
v 29.3 4.8 -2.5
v 29.3 4.8 -2.6
v 29.3 4.7 -2.6
v 29.2 4.7 -2.6
v 29.2 4.8 -2.6
v 29.4 4.8 -2.5
v 29.4 4.7 -2.5
v 29.4 4.7 -2.6
v 29.4 4.8 -2.6
v 29.3 4.7 -2.5
v 29.3 4.7 -2.6
v 29.4 4.7 -2.6
v 29.4 4.7 -2.5
v 29.3 4.8 -2.5
v 29.3 4.7 -2.5
v 29.4 4.7 -2.5
v 29.4 4.8 -2.5
v 29.4 4.8 -2.6
v 29.4 4.7 -2.6
v 29.3 4.7 -2.6
v 29.3 4.8 -2.6
v 29.7 4.8 -2.6
v 29.7 4.7 -2.6
v 29.7 4.7 -2.5
v 29.7 4.8 -2.5
v 29.7 4.8 -2.6
v 29.7 4.8 -2.5
v 29.8 4.8 -2.5
v 29.8 4.8 -2.6
v 29.7 4.8 -2.5
v 29.7 4.7 -2.5
v 29.8 4.7 -2.5
v 29.8 4.8 -2.5
v 29.8 4.8 -2.6
v 29.8 4.7 -2.6
v 29.7 4.7 -2.6
v 29.7 4.8 -2.6
v 29.8 4.8 -2.5
v 29.8 4.7 -2.5
v 29.9 4.7 -2.5
v 29.9 4.8 -2.5
v 29.9 4.8 -2.6
v 29.9 4.7 -2.6
v 29.8 4.7 -2.6
v 29.8 4.8 -2.6
v 29.9 4.8 -2.5
v 29.9 4.7 -2.5
v 30 4.7 -2.5
v 30 4.8 -2.5
v 30 4.8 -2.6
v 30 4.7 -2.6
v 29.9 4.7 -2.6
v 29.9 4.8 -2.6
v 30 4.8 -2.5
v 30 4.7 -2.5
v 30.1 4.7 -2.5
v 30.1 4.8 -2.5
v 30.1 4.8 -2.6
v 30.1 4.7 -2.6
v 30 4.7 -2.6
v 30 4.8 -2.6
v 30.1 4.8 -2.5
v 30.1 4.7 -2.5
v 30.2 4.7 -2.5
v 30.2 4.8 -2.5
v 30.2 4.8 -2.6
v 30.2 4.7 -2.6
v 30.1 4.7 -2.6
v 30.1 4.8 -2.6
v 30.2 4.8 -2.5
v 30.2 4.7 -2.5
v 30.3 4.7 -2.5
v 30.3 4.8 -2.5
v 30.3 4.8 -2.6
v 30.3 4.7 -2.6
v 30.2 4.7 -2.6
v 30.2 4.8 -2.6
v 30.3 4.8 -2.5
v 30.3 4.7 -2.5
v 30.4 4.7 -2.5
v 30.4 4.8 -2.5
v 30.4 4.8 -2.6
v 30.4 4.7 -2.6
v 30.3 4.7 -2.6
v 30.3 4.8 -2.6
v 30.4 4.8 -2.5
v 30.4 4.7 -2.5
v 30.5 4.7 -2.5
v 30.5 4.8 -2.5
v 30.5 4.8 -2.6
v 30.5 4.7 -2.6
v 30.4 4.7 -2.6
v 30.4 4.8 -2.6
v 30.5 4.8 -2.5
v 30.5 4.7 -2.5
v 30.6 4.7 -2.5
v 30.6 4.8 -2.5
v 30.6 4.8 -2.6
v 30.6 4.7 -2.6
v 30.5 4.7 -2.6
v 30.5 4.8 -2.6
v 30.6 4.8 -2.5
v 30.6 4.7 -2.5
v 30.7 4.7 -2.5
v 30.7 4.8 -2.5
v 30.7 4.8 -2.6
v 30.7 4.7 -2.6
v 30.6 4.7 -2.6
v 30.6 4.8 -2.6
v 30.7 4.8 -2.5
v 30.7 4.7 -2.5
v 30.8 4.7 -2.5
v 30.8 4.8 -2.5
v 30.8 4.8 -2.6
v 30.8 4.7 -2.6
v 30.7 4.7 -2.6
v 30.7 4.8 -2.6
v 30.8 4.8 -2.5
v 30.8 4.7 -2.5
v 30.9 4.7 -2.5
v 30.9 4.8 -2.5
v 30.9 4.8 -2.6
v 30.9 4.7 -2.6
v 30.8 4.7 -2.6
v 30.8 4.8 -2.6
v 30.9 4.8 -2.5
v 30.9 4.7 -2.5
v 31 4.7 -2.5
v 31 4.8 -2.5
v 31 4.8 -2.6
v 31 4.7 -2.6
v 30.9 4.7 -2.6
v 30.9 4.8 -2.6
v 31 4.8 -2.5
v 31 4.7 -2.5
v 31.1 4.7 -2.5
v 31.1 4.8 -2.5
v 31.1 4.8 -2.6
v 31.1 4.7 -2.6
v 31 4.7 -2.6
v 31 4.8 -2.6
v 31.1 4.8 -2.5
v 31.1 4.7 -2.5
v 31.2 4.7 -2.5
v 31.2 4.8 -2.5
v 31.2 4.8 -2.6
v 31.2 4.7 -2.6
v 31.1 4.7 -2.6
v 31.1 4.8 -2.6
v 31.2 4.8 -2.5
v 31.2 4.7 -2.5
v 31.3 4.7 -2.5
v 31.3 4.8 -2.5
v 31.3 4.8 -2.6
v 31.3 4.7 -2.6
v 31.2 4.7 -2.6
v 31.2 4.8 -2.6
v 31.3 4.8 -2.5
v 31.3 4.7 -2.5
v 31.4 4.7 -2.5
v 31.4 4.8 -2.5
v 31.4 4.8 -2.6
v 31.4 4.7 -2.6
v 31.3 4.7 -2.6
v 31.3 4.8 -2.6
v 31.4 4.8 -2.5
v 31.4 4.7 -2.5
v 31.5 4.7 -2.5
v 31.5 4.8 -2.5
v 31.5 4.8 -2.6
v 31.5 4.7 -2.6
v 31.4 4.7 -2.6
v 31.4 4.8 -2.6
v 31.5 4.8 -2.5
v 31.5 4.7 -2.5
v 31.6 4.7 -2.5
v 31.6 4.8 -2.5
v 31.6 4.8 -2.6
v 31.6 4.7 -2.6
v 31.5 4.7 -2.6
v 31.5 4.8 -2.6
v 31.6 4.8 -2.5
v 31.6 4.7 -2.5
v 31.7 4.7 -2.5
v 31.7 4.8 -2.5
v 31.7 4.8 -2.6
v 31.7 4.7 -2.6
v 31.6 4.7 -2.6
v 31.6 4.8 -2.6
v 31.7 4.8 -2.5
v 31.7 4.7 -2.5
v 31.8 4.7 -2.5
v 31.8 4.8 -2.5
v 31.8 4.8 -2.6
v 31.8 4.7 -2.6
v 31.7 4.7 -2.6
v 31.7 4.8 -2.6
v 31.8 4.8 -2.5
v 31.8 4.7 -2.5
v 31.9 4.7 -2.5
v 31.9 4.8 -2.5
v 31.9 4.8 -2.6
v 31.9 4.7 -2.6
v 31.8 4.7 -2.6
v 31.8 4.8 -2.6
v 32 4.8 -2.5
v 32 4.7 -2.5
v 32 4.7 -2.6
v 32 4.8 -2.6
v 31.9 4.8 -2.5
v 31.9 4.7 -2.5
v 32 4.7 -2.5
v 32 4.8 -2.5
v 32 4.8 -2.6
v 32 4.7 -2.6
v 31.9 4.7 -2.6
v 31.9 4.8 -2.6
v 27.5 4.7 -2.6
v 27.5 4.6 -2.6
v 27.5 4.6 -2.5
v 27.5 4.7 -2.5
v 27.5 4.6 -2.5
v 27.5 4.6 -2.6
v 27.6 4.6 -2.6
v 27.6 4.6 -2.5
v 27.5 4.7 -2.5
v 27.5 4.6 -2.5
v 27.6 4.6 -2.5
v 27.6 4.7 -2.5
v 27.6 4.7 -2.6
v 27.6 4.6 -2.6
v 27.5 4.6 -2.6
v 27.5 4.7 -2.6
v 27.6 4.6 -2.5
v 27.6 4.6 -2.6
v 27.7 4.6 -2.6
v 27.7 4.6 -2.5
v 27.6 4.7 -2.5
v 27.6 4.6 -2.5
v 27.7 4.6 -2.5
v 27.7 4.7 -2.5
v 27.7 4.7 -2.6
v 27.7 4.6 -2.6
v 27.6 4.6 -2.6
v 27.6 4.7 -2.6
v 27.7 4.7 -2.6
v 27.7 4.7 -2.5
v 27.8 4.7 -2.5
v 27.8 4.7 -2.6
v 27.7 4.6 -2.5
v 27.7 4.6 -2.6
v 27.8 4.6 -2.6
v 27.8 4.6 -2.5
v 27.7 4.7 -2.5
v 27.7 4.6 -2.5
v 27.8 4.6 -2.5
v 27.8 4.7 -2.5
v 27.8 4.7 -2.6
v 27.8 4.6 -2.6
v 27.7 4.6 -2.6
v 27.7 4.7 -2.6
v 27.8 4.7 -2.5
v 27.8 4.6 -2.5
v 27.9 4.6 -2.5
v 27.9 4.7 -2.5
v 27.9 4.7 -2.6
v 27.9 4.6 -2.6
v 27.8 4.6 -2.6
v 27.8 4.7 -2.6
v 28 4.7 -2.5
v 28 4.6 -2.5
v 28 4.6 -2.6
v 28 4.7 -2.6
v 27.9 4.7 -2.5
v 27.9 4.6 -2.5
v 28 4.6 -2.5
v 28 4.7 -2.5
v 28 4.7 -2.6
v 28 4.6 -2.6
v 27.9 4.6 -2.6
v 27.9 4.7 -2.6
v 28.3 4.7 -2.6
v 28.3 4.6 -2.6
v 28.3 4.6 -2.5
v 28.3 4.7 -2.5
v 28.3 4.7 -2.5
v 28.3 4.6 -2.5
v 28.4 4.6 -2.5
v 28.4 4.7 -2.5
v 28.4 4.7 -2.6
v 28.4 4.6 -2.6
v 28.3 4.6 -2.6
v 28.3 4.7 -2.6
v 28.4 4.7 -2.5
v 28.4 4.6 -2.5
v 28.5 4.6 -2.5
v 28.5 4.7 -2.5
v 28.5 4.7 -2.6
v 28.5 4.6 -2.6
v 28.4 4.6 -2.6
v 28.4 4.7 -2.6
v 28.5 4.6 -2.5
v 28.5 4.6 -2.6
v 28.6 4.6 -2.6
v 28.6 4.6 -2.5
v 28.5 4.7 -2.5
v 28.5 4.6 -2.5
v 28.6 4.6 -2.5
v 28.6 4.7 -2.5
v 28.6 4.7 -2.6
v 28.6 4.6 -2.6
v 28.5 4.6 -2.6
v 28.5 4.7 -2.6
v 28.6 4.6 -2.5
v 28.6 4.6 -2.6
v 28.7 4.6 -2.6
v 28.7 4.6 -2.5
v 28.6 4.7 -2.5
v 28.6 4.6 -2.5
v 28.7 4.6 -2.5
v 28.7 4.7 -2.5
v 28.7 4.7 -2.6
v 28.7 4.6 -2.6
v 28.6 4.6 -2.6
v 28.6 4.7 -2.6
v 28.7 4.6 -2.5
v 28.7 4.6 -2.6
v 28.8 4.6 -2.6
v 28.8 4.6 -2.5
v 28.7 4.7 -2.5
v 28.7 4.6 -2.5
v 28.8 4.6 -2.5
v 28.8 4.7 -2.5
v 28.8 4.7 -2.6
v 28.8 4.6 -2.6
v 28.7 4.6 -2.6
v 28.7 4.7 -2.6
v 28.8 4.6 -2.5
v 28.8 4.6 -2.6
v 28.9 4.6 -2.6
v 28.9 4.6 -2.5
v 28.8 4.7 -2.5
v 28.8 4.6 -2.5
v 28.9 4.6 -2.5
v 28.9 4.7 -2.5
v 28.9 4.7 -2.6
v 28.9 4.6 -2.6
v 28.8 4.6 -2.6
v 28.8 4.7 -2.6
v 28.9 4.6 -2.5
v 28.9 4.6 -2.6
v 29 4.6 -2.6
v 29 4.6 -2.5
v 28.9 4.7 -2.5
v 28.9 4.6 -2.5
v 29 4.6 -2.5
v 29 4.7 -2.5
v 29 4.7 -2.6
v 29 4.6 -2.6
v 28.9 4.6 -2.6
v 28.9 4.7 -2.6
v 29 4.6 -2.5
v 29 4.6 -2.6
v 29.1 4.6 -2.6
v 29.1 4.6 -2.5
v 29 4.7 -2.5
v 29 4.6 -2.5
v 29.1 4.6 -2.5
v 29.1 4.7 -2.5
v 29.1 4.7 -2.6
v 29.1 4.6 -2.6
v 29 4.6 -2.6
v 29 4.7 -2.6
v 29.2 4.7 -2.5
v 29.2 4.6 -2.5
v 29.2 4.6 -2.6
v 29.2 4.7 -2.6
v 29.1 4.6 -2.5
v 29.1 4.6 -2.6
v 29.2 4.6 -2.6
v 29.2 4.6 -2.5
v 29.1 4.7 -2.5
v 29.1 4.6 -2.5
v 29.2 4.6 -2.5
v 29.2 4.7 -2.5
v 29.2 4.7 -2.6
v 29.2 4.6 -2.6
v 29.1 4.6 -2.6
v 29.1 4.7 -2.6
v 29.5 4.7 -2.6
v 29.5 4.6 -2.6
v 29.5 4.6 -2.5
v 29.5 4.7 -2.5
v 29.5 4.7 -2.6
v 29.5 4.7 -2.5
v 29.6 4.7 -2.5
v 29.6 4.7 -2.6
v 29.5 4.7 -2.5
v 29.5 4.6 -2.5
v 29.6 4.6 -2.5
v 29.6 4.7 -2.5
v 29.6 4.7 -2.6
v 29.6 4.6 -2.6
v 29.5 4.6 -2.6
v 29.5 4.7 -2.6
v 29.6 4.7 -2.6
v 29.6 4.7 -2.5
v 29.7 4.7 -2.5
v 29.7 4.7 -2.6
v 29.6 4.7 -2.5
v 29.6 4.6 -2.5
v 29.7 4.6 -2.5
v 29.7 4.7 -2.5
v 29.7 4.7 -2.6
v 29.7 4.6 -2.6
v 29.6 4.6 -2.6
v 29.6 4.7 -2.6
v 29.7 4.7 -2.5
v 29.7 4.6 -2.5
v 29.8 4.6 -2.5
v 29.8 4.7 -2.5
v 29.8 4.7 -2.6
v 29.8 4.6 -2.6
v 29.7 4.6 -2.6
v 29.7 4.7 -2.6
v 29.8 4.7 -2.5
v 29.8 4.6 -2.5
v 29.9 4.6 -2.5
v 29.9 4.7 -2.5
v 29.9 4.7 -2.6
v 29.9 4.6 -2.6
v 29.8 4.6 -2.6
v 29.8 4.7 -2.6
v 29.9 4.7 -2.5
v 29.9 4.6 -2.5
v 30 4.6 -2.5
v 30 4.7 -2.5
v 30 4.7 -2.6
v 30 4.6 -2.6
v 29.9 4.6 -2.6
v 29.9 4.7 -2.6
v 30 4.7 -2.5
v 30 4.6 -2.5
v 30.1 4.6 -2.5
v 30.1 4.7 -2.5
v 30.1 4.7 -2.6
v 30.1 4.6 -2.6
v 30 4.6 -2.6
v 30 4.7 -2.6
v 30.1 4.7 -2.5
v 30.1 4.6 -2.5
v 30.2 4.6 -2.5
v 30.2 4.7 -2.5
v 30.2 4.7 -2.6
v 30.2 4.6 -2.6
v 30.1 4.6 -2.6
v 30.1 4.7 -2.6
v 30.2 4.7 -2.5
v 30.2 4.6 -2.5
v 30.3 4.6 -2.5
v 30.3 4.7 -2.5
v 30.3 4.7 -2.6
v 30.3 4.6 -2.6
v 30.2 4.6 -2.6
v 30.2 4.7 -2.6
v 30.3 4.7 -2.5
v 30.3 4.6 -2.5
v 30.4 4.6 -2.5
v 30.4 4.7 -2.5
v 30.4 4.7 -2.6
v 30.4 4.6 -2.6
v 30.3 4.6 -2.6
v 30.3 4.7 -2.6
v 30.4 4.7 -2.5
v 30.4 4.6 -2.5
v 30.5 4.6 -2.5
v 30.5 4.7 -2.5
v 30.5 4.7 -2.6
v 30.5 4.6 -2.6
v 30.4 4.6 -2.6
v 30.4 4.7 -2.6
v 30.5 4.7 -2.5
v 30.5 4.6 -2.5
v 30.6 4.6 -2.5
v 30.6 4.7 -2.5
v 30.6 4.7 -2.6
v 30.6 4.6 -2.6
v 30.5 4.6 -2.6
v 30.5 4.7 -2.6
v 30.6 4.7 -2.5
v 30.6 4.6 -2.5
v 30.7 4.6 -2.5
v 30.7 4.7 -2.5
v 30.7 4.7 -2.6
v 30.7 4.6 -2.6
v 30.6 4.6 -2.6
v 30.6 4.7 -2.6
v 30.7 4.7 -2.5
v 30.7 4.6 -2.5
v 30.8 4.6 -2.5
v 30.8 4.7 -2.5
v 30.8 4.7 -2.6
v 30.8 4.6 -2.6
v 30.7 4.6 -2.6
v 30.7 4.7 -2.6
v 30.8 4.7 -2.5
v 30.8 4.6 -2.5
v 30.9 4.6 -2.5
v 30.9 4.7 -2.5
v 30.9 4.7 -2.6
v 30.9 4.6 -2.6
v 30.8 4.6 -2.6
v 30.8 4.7 -2.6
v 30.9 4.7 -2.5
v 30.9 4.6 -2.5
v 31 4.6 -2.5
v 31 4.7 -2.5
v 31 4.7 -2.6
v 31 4.6 -2.6
v 30.9 4.6 -2.6
v 30.9 4.7 -2.6
v 31 4.7 -2.5
v 31 4.6 -2.5
v 31.1 4.6 -2.5
v 31.1 4.7 -2.5
v 31.1 4.7 -2.6
v 31.1 4.6 -2.6
v 31 4.6 -2.6
v 31 4.7 -2.6
v 31.1 4.7 -2.5
v 31.1 4.6 -2.5
v 31.2 4.6 -2.5
v 31.2 4.7 -2.5
v 31.2 4.7 -2.6
v 31.2 4.6 -2.6
v 31.1 4.6 -2.6
v 31.1 4.7 -2.6
v 31.2 4.7 -2.5
v 31.2 4.6 -2.5
v 31.3 4.6 -2.5
v 31.3 4.7 -2.5
v 31.3 4.7 -2.6
v 31.3 4.6 -2.6
v 31.2 4.6 -2.6
v 31.2 4.7 -2.6
v 31.3 4.7 -2.5
v 31.3 4.6 -2.5
v 31.4 4.6 -2.5
v 31.4 4.7 -2.5
v 31.4 4.7 -2.6
v 31.4 4.6 -2.6
v 31.3 4.6 -2.6
v 31.3 4.7 -2.6
v 31.4 4.7 -2.5
v 31.4 4.6 -2.5
v 31.5 4.6 -2.5
v 31.5 4.7 -2.5
v 31.5 4.7 -2.6
v 31.5 4.6 -2.6
v 31.4 4.6 -2.6
v 31.4 4.7 -2.6
v 31.5 4.7 -2.5
v 31.5 4.6 -2.5
v 31.6 4.6 -2.5
v 31.6 4.7 -2.5
v 31.6 4.7 -2.6
v 31.6 4.6 -2.6
v 31.5 4.6 -2.6
v 31.5 4.7 -2.6
v 31.6 4.7 -2.5
v 31.6 4.6 -2.5
v 31.7 4.6 -2.5
v 31.7 4.7 -2.5
v 31.7 4.7 -2.6
v 31.7 4.6 -2.6
v 31.6 4.6 -2.6
v 31.6 4.7 -2.6
v 31.7 4.7 -2.5
v 31.7 4.6 -2.5
v 31.8 4.6 -2.5
v 31.8 4.7 -2.5
v 31.8 4.7 -2.6
v 31.8 4.6 -2.6
v 31.7 4.6 -2.6
v 31.7 4.7 -2.6
v 31.8 4.7 -2.5
v 31.8 4.6 -2.5
v 31.9 4.6 -2.5
v 31.9 4.7 -2.5
v 31.9 4.7 -2.6
v 31.9 4.6 -2.6
v 31.8 4.6 -2.6
v 31.8 4.7 -2.6
v 32 4.7 -2.5
v 32 4.6 -2.5
v 32 4.6 -2.6
v 32 4.7 -2.6
v 31.9 4.7 -2.5
v 31.9 4.6 -2.5
v 32 4.6 -2.5
v 32 4.7 -2.5
v 32 4.7 -2.6
v 32 4.6 -2.6
v 31.9 4.6 -2.6
v 31.9 4.7 -2.6
v 27.8 4.6 -2.6
v 27.8 4.5 -2.6
v 27.8 4.5 -2.5
v 27.8 4.6 -2.5
v 27.8 4.5 -2.5
v 27.8 4.5 -2.6
v 27.9 4.5 -2.6
v 27.9 4.5 -2.5
v 27.8 4.6 -2.5
v 27.8 4.5 -2.5
v 27.9 4.5 -2.5
v 27.9 4.6 -2.5
v 27.9 4.6 -2.6
v 27.9 4.5 -2.6
v 27.8 4.5 -2.6
v 27.8 4.6 -2.6
v 27.9 4.5 -2.5
v 27.9 4.5 -2.6
v 28 4.5 -2.6
v 28 4.5 -2.5
v 27.9 4.6 -2.5
v 27.9 4.5 -2.5
v 28 4.5 -2.5
v 28 4.6 -2.5
v 28 4.6 -2.6
v 28 4.5 -2.6
v 27.9 4.5 -2.6
v 27.9 4.6 -2.6
v 28 4.6 -2.6
v 28 4.6 -2.5
v 28.1 4.6 -2.5
v 28.1 4.6 -2.6
v 28 4.5 -2.5
v 28 4.5 -2.6
v 28.1 4.5 -2.6
v 28.1 4.5 -2.5
v 28 4.6 -2.5
v 28 4.5 -2.5
v 28.1 4.5 -2.5
v 28.1 4.6 -2.5
v 28.1 4.6 -2.6
v 28.1 4.5 -2.6
v 28 4.5 -2.6
v 28 4.6 -2.6
v 28.1 4.6 -2.6
v 28.1 4.6 -2.5
v 28.2 4.6 -2.5
v 28.2 4.6 -2.6
v 28.1 4.5 -2.5
v 28.1 4.5 -2.6
v 28.2 4.5 -2.6
v 28.2 4.5 -2.5
v 28.1 4.6 -2.5
v 28.1 4.5 -2.5
v 28.2 4.5 -2.5
v 28.2 4.6 -2.5
v 28.2 4.6 -2.6
v 28.2 4.5 -2.6
v 28.1 4.5 -2.6
v 28.1 4.6 -2.6
v 28.2 4.6 -2.6
v 28.2 4.6 -2.5
v 28.3 4.6 -2.5
v 28.3 4.6 -2.6
v 28.2 4.5 -2.5
v 28.2 4.5 -2.6
v 28.3 4.5 -2.6
v 28.3 4.5 -2.5
v 28.2 4.6 -2.5
v 28.2 4.5 -2.5
v 28.3 4.5 -2.5
v 28.3 4.6 -2.5
v 28.3 4.6 -2.6
v 28.3 4.5 -2.6
v 28.2 4.5 -2.6
v 28.2 4.6 -2.6
v 28.3 4.6 -2.5
v 28.3 4.5 -2.5
v 28.4 4.5 -2.5
v 28.4 4.6 -2.5
v 28.4 4.6 -2.6
v 28.4 4.5 -2.6
v 28.3 4.5 -2.6
v 28.3 4.6 -2.6
v 28.5 4.6 -2.5
v 28.5 4.5 -2.5
v 28.5 4.5 -2.6
v 28.5 4.6 -2.6
v 28.4 4.6 -2.5
v 28.4 4.5 -2.5
v 28.5 4.5 -2.5
v 28.5 4.6 -2.5
v 28.5 4.6 -2.6
v 28.5 4.5 -2.6
v 28.4 4.5 -2.6
v 28.4 4.6 -2.6
v 29.2 4.6 -2.6
v 29.2 4.5 -2.6
v 29.2 4.5 -2.5
v 29.2 4.6 -2.5
v 29.2 4.6 -2.6
v 29.2 4.6 -2.5
v 29.3 4.6 -2.5
v 29.3 4.6 -2.6
v 29.2 4.6 -2.5
v 29.2 4.5 -2.5
v 29.3 4.5 -2.5
v 29.3 4.6 -2.5
v 29.3 4.6 -2.6
v 29.3 4.5 -2.6
v 29.2 4.5 -2.6
v 29.2 4.6 -2.6
v 29.3 4.6 -2.6
v 29.3 4.6 -2.5
v 29.4 4.6 -2.5
v 29.4 4.6 -2.6
v 29.3 4.6 -2.5
v 29.3 4.5 -2.5
v 29.4 4.5 -2.5
v 29.4 4.6 -2.5
v 29.4 4.6 -2.6
v 29.4 4.5 -2.6
v 29.3 4.5 -2.6
v 29.3 4.6 -2.6
v 29.4 4.6 -2.6
v 29.4 4.6 -2.5
v 29.5 4.6 -2.5
v 29.5 4.6 -2.6
v 29.4 4.6 -2.5
v 29.4 4.5 -2.5
v 29.5 4.5 -2.5
v 29.5 4.6 -2.5
v 29.5 4.6 -2.6
v 29.5 4.5 -2.6
v 29.4 4.5 -2.6
v 29.4 4.6 -2.6
v 29.5 4.6 -2.5
v 29.5 4.5 -2.5
v 29.6 4.5 -2.5
v 29.6 4.6 -2.5
v 29.6 4.6 -2.6
v 29.6 4.5 -2.6
v 29.5 4.5 -2.6
v 29.5 4.6 -2.6
v 29.6 4.6 -2.5
v 29.6 4.5 -2.5
v 29.7 4.5 -2.5
v 29.7 4.6 -2.5
v 29.7 4.6 -2.6
v 29.7 4.5 -2.6
v 29.6 4.5 -2.6
v 29.6 4.6 -2.6
v 29.7 4.5 -2.5
v 29.7 4.5 -2.6
v 29.8 4.5 -2.6
v 29.8 4.5 -2.5
v 29.7 4.6 -2.5
v 29.7 4.5 -2.5
v 29.8 4.5 -2.5
v 29.8 4.6 -2.5
v 29.8 4.6 -2.6
v 29.8 4.5 -2.6
v 29.7 4.5 -2.6
v 29.7 4.6 -2.6
v 29.8 4.5 -2.5
v 29.8 4.5 -2.6
v 29.9 4.5 -2.6
v 29.9 4.5 -2.5
v 29.8 4.6 -2.5
v 29.8 4.5 -2.5
v 29.9 4.5 -2.5
v 29.9 4.6 -2.5
v 29.9 4.6 -2.6
v 29.9 4.5 -2.6
v 29.8 4.5 -2.6
v 29.8 4.6 -2.6
v 29.9 4.5 -2.5
v 29.9 4.5 -2.6
v 30 4.5 -2.6
v 30 4.5 -2.5
v 29.9 4.6 -2.5
v 29.9 4.5 -2.5
v 30 4.5 -2.5
v 30 4.6 -2.5
v 30 4.6 -2.6
v 30 4.5 -2.6
v 29.9 4.5 -2.6
v 29.9 4.6 -2.6
v 30 4.5 -2.5
v 30 4.5 -2.6
v 30.1 4.5 -2.6
v 30.1 4.5 -2.5
v 30 4.6 -2.5
v 30 4.5 -2.5
v 30.1 4.5 -2.5
v 30.1 4.6 -2.5
v 30.1 4.6 -2.6
v 30.1 4.5 -2.6
v 30 4.5 -2.6
v 30 4.6 -2.6
v 30.1 4.5 -2.5
v 30.1 4.5 -2.6
v 30.2 4.5 -2.6
v 30.2 4.5 -2.5
v 30.1 4.6 -2.5
v 30.1 4.5 -2.5
v 30.2 4.5 -2.5
v 30.2 4.6 -2.5
v 30.2 4.6 -2.6
v 30.2 4.5 -2.6
v 30.1 4.5 -2.6
v 30.1 4.6 -2.6
v 30.2 4.6 -2.5
v 30.2 4.5 -2.5
v 30.3 4.5 -2.5
v 30.3 4.6 -2.5
v 30.3 4.6 -2.6
v 30.3 4.5 -2.6
v 30.2 4.5 -2.6
v 30.2 4.6 -2.6
v 30.3 4.6 -2.5
v 30.3 4.5 -2.5
v 30.4 4.5 -2.5
v 30.4 4.6 -2.5
v 30.4 4.6 -2.6
v 30.4 4.5 -2.6
v 30.3 4.5 -2.6
v 30.3 4.6 -2.6
v 30.4 4.6 -2.5
v 30.4 4.5 -2.5
v 30.5 4.5 -2.5
v 30.5 4.6 -2.5
v 30.5 4.6 -2.6
v 30.5 4.5 -2.6
v 30.4 4.5 -2.6
v 30.4 4.6 -2.6
v 30.5 4.6 -2.5
v 30.5 4.5 -2.5
v 30.6 4.5 -2.5
v 30.6 4.6 -2.5
v 30.6 4.6 -2.6
v 30.6 4.5 -2.6
v 30.5 4.5 -2.6
v 30.5 4.6 -2.6
v 30.6 4.6 -2.5
v 30.6 4.5 -2.5
v 30.7 4.5 -2.5
v 30.7 4.6 -2.5
v 30.7 4.6 -2.6
v 30.7 4.5 -2.6
v 30.6 4.5 -2.6
v 30.6 4.6 -2.6
v 30.7 4.6 -2.5
v 30.7 4.5 -2.5
v 30.8 4.5 -2.5
v 30.8 4.6 -2.5
v 30.8 4.6 -2.6
v 30.8 4.5 -2.6
v 30.7 4.5 -2.6
v 30.7 4.6 -2.6
v 30.8 4.6 -2.5
v 30.8 4.5 -2.5
v 30.9 4.5 -2.5
v 30.9 4.6 -2.5
v 30.9 4.6 -2.6
v 30.9 4.5 -2.6
v 30.8 4.5 -2.6
v 30.8 4.6 -2.6
v 30.9 4.6 -2.5
v 30.9 4.5 -2.5
v 31 4.5 -2.5
v 31 4.6 -2.5
v 31 4.6 -2.6
v 31 4.5 -2.6
v 30.9 4.5 -2.6
v 30.9 4.6 -2.6
v 31 4.6 -2.5
v 31 4.5 -2.5
v 31.1 4.5 -2.5
v 31.1 4.6 -2.5
v 31.1 4.6 -2.6
v 31.1 4.5 -2.6
v 31 4.5 -2.6
v 31 4.6 -2.6
v 31.1 4.6 -2.5
v 31.1 4.5 -2.5
v 31.2 4.5 -2.5
v 31.2 4.6 -2.5
v 31.2 4.6 -2.6
v 31.2 4.5 -2.6
v 31.1 4.5 -2.6
v 31.1 4.6 -2.6
v 31.2 4.6 -2.5
v 31.2 4.5 -2.5
v 31.3 4.5 -2.5
v 31.3 4.6 -2.5
v 31.3 4.6 -2.6
v 31.3 4.5 -2.6
v 31.2 4.5 -2.6
v 31.2 4.6 -2.6
v 31.3 4.6 -2.5
v 31.3 4.5 -2.5
v 31.4 4.5 -2.5
v 31.4 4.6 -2.5
v 31.4 4.6 -2.6
v 31.4 4.5 -2.6
v 31.3 4.5 -2.6
v 31.3 4.6 -2.6
v 31.4 4.6 -2.5
v 31.4 4.5 -2.5
v 31.5 4.5 -2.5
v 31.5 4.6 -2.5
v 31.5 4.6 -2.6
v 31.5 4.5 -2.6
v 31.4 4.5 -2.6
v 31.4 4.6 -2.6
v 31.5 4.6 -2.5
v 31.5 4.5 -2.5
v 31.6 4.5 -2.5
v 31.6 4.6 -2.5
v 31.6 4.6 -2.6
v 31.6 4.5 -2.6
v 31.5 4.5 -2.6
v 31.5 4.6 -2.6
v 31.6 4.6 -2.5
v 31.6 4.5 -2.5
v 31.7 4.5 -2.5
v 31.7 4.6 -2.5
v 31.7 4.6 -2.6
v 31.7 4.5 -2.6
v 31.6 4.5 -2.6
v 31.6 4.6 -2.6
v 31.7 4.6 -2.5
v 31.7 4.5 -2.5
v 31.8 4.5 -2.5
v 31.8 4.6 -2.5
v 31.8 4.6 -2.6
v 31.8 4.5 -2.6
v 31.7 4.5 -2.6
v 31.7 4.6 -2.6
v 31.8 4.6 -2.5
v 31.8 4.5 -2.5
v 31.9 4.5 -2.5
v 31.9 4.6 -2.5
v 31.9 4.6 -2.6
v 31.9 4.5 -2.6
v 31.8 4.5 -2.6
v 31.8 4.6 -2.6
v 32 4.6 -2.5
v 32 4.5 -2.5
v 32 4.5 -2.6
v 32 4.6 -2.6
v 31.9 4.6 -2.5
v 31.9 4.5 -2.5
v 32 4.5 -2.5
v 32 4.6 -2.5
v 32 4.6 -2.6
v 32 4.5 -2.6
v 31.9 4.5 -2.6
v 31.9 4.6 -2.6
v 28.3 4.5 -2.6
v 28.3 4.4 -2.6
v 28.3 4.4 -2.5
v 28.3 4.5 -2.5
v 28.3 4.4 -2.5
v 28.3 4.4 -2.6
v 28.4 4.4 -2.6
v 28.4 4.4 -2.5
v 28.3 4.5 -2.5
v 28.3 4.4 -2.5
v 28.4 4.4 -2.5
v 28.4 4.5 -2.5
v 28.4 4.5 -2.6
v 28.4 4.4 -2.6
v 28.3 4.4 -2.6
v 28.3 4.5 -2.6
v 28.4 4.4 -2.5
v 28.4 4.4 -2.6
v 28.5 4.4 -2.6
v 28.5 4.4 -2.5
v 28.4 4.5 -2.5
v 28.4 4.4 -2.5
v 28.5 4.4 -2.5
v 28.5 4.5 -2.5
v 28.5 4.5 -2.6
v 28.5 4.4 -2.6
v 28.4 4.4 -2.6
v 28.4 4.5 -2.6
v 28.5 4.5 -2.6
v 28.5 4.5 -2.5
v 28.6 4.5 -2.5
v 28.6 4.5 -2.6
v 28.5 4.4 -2.5
v 28.5 4.4 -2.6
v 28.6 4.4 -2.6
v 28.6 4.4 -2.5
v 28.5 4.5 -2.5
v 28.5 4.4 -2.5
v 28.6 4.4 -2.5
v 28.6 4.5 -2.5
v 28.6 4.5 -2.6
v 28.6 4.4 -2.6
v 28.5 4.4 -2.6
v 28.5 4.5 -2.6
v 28.6 4.5 -2.6
v 28.6 4.5 -2.5
v 28.7 4.5 -2.5
v 28.7 4.5 -2.6
v 28.6 4.4 -2.5
v 28.6 4.4 -2.6
v 28.7 4.4 -2.6
v 28.7 4.4 -2.5
v 28.6 4.5 -2.5
v 28.6 4.4 -2.5
v 28.7 4.4 -2.5
v 28.7 4.5 -2.5
v 28.7 4.5 -2.6
v 28.7 4.4 -2.6
v 28.6 4.4 -2.6
v 28.6 4.5 -2.6
v 28.8 4.5 -2.5
v 28.8 4.4 -2.5
v 28.8 4.4 -2.6
v 28.8 4.5 -2.6
v 28.7 4.5 -2.6
v 28.7 4.5 -2.5
v 28.8 4.5 -2.5
v 28.8 4.5 -2.6
v 28.7 4.4 -2.5
v 28.7 4.4 -2.6
v 28.8 4.4 -2.6
v 28.8 4.4 -2.5
v 28.7 4.5 -2.5
v 28.7 4.4 -2.5
v 28.8 4.4 -2.5
v 28.8 4.5 -2.5
v 28.8 4.5 -2.6
v 28.8 4.4 -2.6
v 28.7 4.4 -2.6
v 28.7 4.5 -2.6
v 29.1 4.5 -2.6
v 29.1 4.4 -2.6
v 29.1 4.4 -2.5
v 29.1 4.5 -2.5
v 29.1 4.5 -2.6
v 29.1 4.5 -2.5
v 29.2 4.5 -2.5
v 29.2 4.5 -2.6
v 29.1 4.4 -2.5
v 29.1 4.4 -2.6
v 29.2 4.4 -2.6
v 29.2 4.4 -2.5
v 29.1 4.5 -2.5
v 29.1 4.4 -2.5
v 29.2 4.4 -2.5
v 29.2 4.5 -2.5
v 29.2 4.5 -2.6
v 29.2 4.4 -2.6
v 29.1 4.4 -2.6
v 29.1 4.5 -2.6
v 29.2 4.5 -2.5
v 29.2 4.4 -2.5
v 29.3 4.4 -2.5
v 29.3 4.5 -2.5
v 29.3 4.5 -2.6
v 29.3 4.4 -2.6
v 29.2 4.4 -2.6
v 29.2 4.5 -2.6
v 29.3 4.4 -2.5
v 29.3 4.4 -2.6
v 29.4 4.4 -2.6
v 29.4 4.4 -2.5
v 29.3 4.5 -2.5
v 29.3 4.4 -2.5
v 29.4 4.4 -2.5
v 29.4 4.5 -2.5
v 29.4 4.5 -2.6
v 29.4 4.4 -2.6
v 29.3 4.4 -2.6
v 29.3 4.5 -2.6
v 29.4 4.4 -2.5
v 29.4 4.4 -2.6
v 29.5 4.4 -2.6
v 29.5 4.4 -2.5
v 29.4 4.5 -2.5
v 29.4 4.4 -2.5
v 29.5 4.4 -2.5
v 29.5 4.5 -2.5
v 29.5 4.5 -2.6
v 29.5 4.4 -2.6
v 29.4 4.4 -2.6
v 29.4 4.5 -2.6
v 29.5 4.4 -2.5
v 29.5 4.4 -2.6
v 29.6 4.4 -2.6
v 29.6 4.4 -2.5
v 29.5 4.5 -2.5
v 29.5 4.4 -2.5
v 29.6 4.4 -2.5
v 29.6 4.5 -2.5
v 29.6 4.5 -2.6
v 29.6 4.4 -2.6
v 29.5 4.4 -2.6
v 29.5 4.5 -2.6
v 29.7 4.5 -2.5
v 29.7 4.4 -2.5
v 29.7 4.4 -2.6
v 29.7 4.5 -2.6
v 29.6 4.4 -2.5
v 29.6 4.4 -2.6
v 29.7 4.4 -2.6
v 29.7 4.4 -2.5
v 29.6 4.5 -2.5
v 29.6 4.4 -2.5
v 29.7 4.4 -2.5
v 29.7 4.5 -2.5
v 29.7 4.5 -2.6
v 29.7 4.4 -2.6
v 29.6 4.4 -2.6
v 29.6 4.5 -2.6
v 30.2 4.5 -2.6
v 30.2 4.4 -2.6
v 30.2 4.4 -2.5
v 30.2 4.5 -2.5
v 30.2 4.5 -2.5
v 30.2 4.4 -2.5
v 30.3 4.4 -2.5
v 30.3 4.5 -2.5
v 30.3 4.5 -2.6
v 30.3 4.4 -2.6
v 30.2 4.4 -2.6
v 30.2 4.5 -2.6
v 30.3 4.5 -2.5
v 30.3 4.4 -2.5
v 30.4 4.4 -2.5
v 30.4 4.5 -2.5
v 30.4 4.5 -2.6
v 30.4 4.4 -2.6
v 30.3 4.4 -2.6
v 30.3 4.5 -2.6
v 30.4 4.5 -2.5
v 30.4 4.4 -2.5
v 30.5 4.4 -2.5
v 30.5 4.5 -2.5
v 30.5 4.5 -2.6
v 30.5 4.4 -2.6
v 30.4 4.4 -2.6
v 30.4 4.5 -2.6
v 30.5 4.5 -2.5
v 30.5 4.4 -2.5
v 30.6 4.4 -2.5
v 30.6 4.5 -2.5
v 30.6 4.5 -2.6
v 30.6 4.4 -2.6
v 30.5 4.4 -2.6
v 30.5 4.5 -2.6
v 30.6 4.5 -2.5
v 30.6 4.4 -2.5
v 30.7 4.4 -2.5
v 30.7 4.5 -2.5
v 30.7 4.5 -2.6
v 30.7 4.4 -2.6
v 30.6 4.4 -2.6
v 30.6 4.5 -2.6
v 30.7 4.5 -2.5
v 30.7 4.4 -2.5
v 30.8 4.4 -2.5
v 30.8 4.5 -2.5
v 30.8 4.5 -2.6
v 30.8 4.4 -2.6
v 30.7 4.4 -2.6
v 30.7 4.5 -2.6
v 30.8 4.5 -2.5
v 30.8 4.4 -2.5
v 30.9 4.4 -2.5
v 30.9 4.5 -2.5
v 30.9 4.5 -2.6
v 30.9 4.4 -2.6
v 30.8 4.4 -2.6
v 30.8 4.5 -2.6
v 30.9 4.5 -2.5
v 30.9 4.4 -2.5
v 31 4.4 -2.5
v 31 4.5 -2.5
v 31 4.5 -2.6
v 31 4.4 -2.6
v 30.9 4.4 -2.6
v 30.9 4.5 -2.6
v 31 4.5 -2.5
v 31 4.4 -2.5
v 31.1 4.4 -2.5
v 31.1 4.5 -2.5
v 31.1 4.5 -2.6
v 31.1 4.4 -2.6
v 31 4.4 -2.6
v 31 4.5 -2.6
v 31.1 4.5 -2.5
v 31.1 4.4 -2.5
v 31.2 4.4 -2.5
v 31.2 4.5 -2.5
v 31.2 4.5 -2.6
v 31.2 4.4 -2.6
v 31.1 4.4 -2.6
v 31.1 4.5 -2.6
v 31.2 4.5 -2.5
v 31.2 4.4 -2.5
v 31.3 4.4 -2.5
v 31.3 4.5 -2.5
v 31.3 4.5 -2.6
v 31.3 4.4 -2.6
v 31.2 4.4 -2.6
v 31.2 4.5 -2.6
v 31.3 4.5 -2.5
v 31.3 4.4 -2.5
v 31.4 4.4 -2.5
v 31.4 4.5 -2.5
v 31.4 4.5 -2.6
v 31.4 4.4 -2.6
v 31.3 4.4 -2.6
v 31.3 4.5 -2.6
v 31.4 4.5 -2.5
v 31.4 4.4 -2.5
v 31.5 4.4 -2.5
v 31.5 4.5 -2.5
v 31.5 4.5 -2.6
v 31.5 4.4 -2.6
v 31.4 4.4 -2.6
v 31.4 4.5 -2.6
v 31.5 4.5 -2.5
v 31.5 4.4 -2.5
v 31.6 4.4 -2.5
v 31.6 4.5 -2.5
v 31.6 4.5 -2.6
v 31.6 4.4 -2.6
v 31.5 4.4 -2.6
v 31.5 4.5 -2.6
v 31.6 4.5 -2.5
v 31.6 4.4 -2.5
v 31.7 4.4 -2.5
v 31.7 4.5 -2.5
v 31.7 4.5 -2.6
v 31.7 4.4 -2.6
v 31.6 4.4 -2.6
v 31.6 4.5 -2.6
v 31.7 4.5 -2.5
v 31.7 4.4 -2.5
v 31.8 4.4 -2.5
v 31.8 4.5 -2.5
v 31.8 4.5 -2.6
v 31.8 4.4 -2.6
v 31.7 4.4 -2.6
v 31.7 4.5 -2.6
v 31.8 4.5 -2.5
v 31.8 4.4 -2.5
v 31.9 4.4 -2.5
v 31.9 4.5 -2.5
v 31.9 4.5 -2.6
v 31.9 4.4 -2.6
v 31.8 4.4 -2.6
v 31.8 4.5 -2.6
v 32 4.5 -2.5
v 32 4.4 -2.5
v 32 4.4 -2.6
v 32 4.5 -2.6
v 31.9 4.5 -2.5
v 31.9 4.4 -2.5
v 32 4.4 -2.5
v 32 4.5 -2.5
v 32 4.5 -2.6
v 32 4.4 -2.6
v 31.9 4.4 -2.6
v 31.9 4.5 -2.6
v 29.2 4.4 -2.6
v 29.2 4.3 -2.6
v 29.2 4.3 -2.5
v 29.2 4.4 -2.5
v 29.3 4.4 -2.5
v 29.3 4.3 -2.5
v 29.3 4.3 -2.6
v 29.3 4.4 -2.6
v 29.2 4.3 -2.5
v 29.2 4.3 -2.6
v 29.3 4.3 -2.6
v 29.3 4.3 -2.5
v 29.2 4.4 -2.5
v 29.2 4.3 -2.5
v 29.3 4.3 -2.5
v 29.3 4.4 -2.5
v 29.3 4.4 -2.6
v 29.3 4.3 -2.6
v 29.2 4.3 -2.6
v 29.2 4.4 -2.6
v 30.1 4.4 -2.6
v 30.1 4.3 -2.6
v 30.1 4.3 -2.5
v 30.1 4.4 -2.5
v 30.1 4.4 -2.6
v 30.1 4.4 -2.5
v 30.2 4.4 -2.5
v 30.2 4.4 -2.6
v 30.1 4.4 -2.5
v 30.1 4.3 -2.5
v 30.2 4.3 -2.5
v 30.2 4.4 -2.5
v 30.2 4.4 -2.6
v 30.2 4.3 -2.6
v 30.1 4.3 -2.6
v 30.1 4.4 -2.6
v 30.2 4.4 -2.5
v 30.2 4.3 -2.5
v 30.3 4.3 -2.5
v 30.3 4.4 -2.5
v 30.3 4.4 -2.6
v 30.3 4.3 -2.6
v 30.2 4.3 -2.6
v 30.2 4.4 -2.6
v 30.3 4.4 -2.5
v 30.3 4.3 -2.5
v 30.4 4.3 -2.5
v 30.4 4.4 -2.5
v 30.4 4.4 -2.6
v 30.4 4.3 -2.6
v 30.3 4.3 -2.6
v 30.3 4.4 -2.6
v 30.4 4.4 -2.5
v 30.4 4.3 -2.5
v 30.5 4.3 -2.5
v 30.5 4.4 -2.5
v 30.5 4.4 -2.6
v 30.5 4.3 -2.6
v 30.4 4.3 -2.6
v 30.4 4.4 -2.6
v 30.5 4.4 -2.5
v 30.5 4.3 -2.5
v 30.6 4.3 -2.5
v 30.6 4.4 -2.5
v 30.6 4.4 -2.6
v 30.6 4.3 -2.6
v 30.5 4.3 -2.6
v 30.5 4.4 -2.6
v 30.6 4.4 -2.5
v 30.6 4.3 -2.5
v 30.7 4.3 -2.5
v 30.7 4.4 -2.5
v 30.7 4.4 -2.6
v 30.7 4.3 -2.6
v 30.6 4.3 -2.6
v 30.6 4.4 -2.6
v 30.7 4.4 -2.5
v 30.7 4.3 -2.5
v 30.8 4.3 -2.5
v 30.8 4.4 -2.5
v 30.8 4.4 -2.6
v 30.8 4.3 -2.6
v 30.7 4.3 -2.6
v 30.7 4.4 -2.6
v 30.8 4.4 -2.5
v 30.8 4.3 -2.5
v 30.9 4.3 -2.5
v 30.9 4.4 -2.5
v 30.9 4.4 -2.6
v 30.9 4.3 -2.6
v 30.8 4.3 -2.6
v 30.8 4.4 -2.6
v 30.9 4.4 -2.5
v 30.9 4.3 -2.5
v 31 4.3 -2.5
v 31 4.4 -2.5
v 31 4.4 -2.6
v 31 4.3 -2.6
v 30.9 4.3 -2.6
v 30.9 4.4 -2.6
v 31 4.4 -2.5
v 31 4.3 -2.5
v 31.1 4.3 -2.5
v 31.1 4.4 -2.5
v 31.1 4.4 -2.6
v 31.1 4.3 -2.6
v 31 4.3 -2.6
v 31 4.4 -2.6
v 31.1 4.4 -2.5
v 31.1 4.3 -2.5
v 31.2 4.3 -2.5
v 31.2 4.4 -2.5
v 31.2 4.4 -2.6
v 31.2 4.3 -2.6
v 31.1 4.3 -2.6
v 31.1 4.4 -2.6
v 31.2 4.4 -2.5
v 31.2 4.3 -2.5
v 31.3 4.3 -2.5
v 31.3 4.4 -2.5
v 31.3 4.4 -2.6
v 31.3 4.3 -2.6
v 31.2 4.3 -2.6
v 31.2 4.4 -2.6
v 31.3 4.4 -2.5
v 31.3 4.3 -2.5
v 31.4 4.3 -2.5
v 31.4 4.4 -2.5
v 31.4 4.4 -2.6
v 31.4 4.3 -2.6
v 31.3 4.3 -2.6
v 31.3 4.4 -2.6
v 31.4 4.4 -2.5
v 31.4 4.3 -2.5
v 31.5 4.3 -2.5
v 31.5 4.4 -2.5
v 31.5 4.4 -2.6
v 31.5 4.3 -2.6
v 31.4 4.3 -2.6
v 31.4 4.4 -2.6
v 31.5 4.4 -2.5
v 31.5 4.3 -2.5
v 31.6 4.3 -2.5
v 31.6 4.4 -2.5
v 31.6 4.4 -2.6
v 31.6 4.3 -2.6
v 31.5 4.3 -2.6
v 31.5 4.4 -2.6
v 31.6 4.4 -2.5
v 31.6 4.3 -2.5
v 31.7 4.3 -2.5
v 31.7 4.4 -2.5
v 31.7 4.4 -2.6
v 31.7 4.3 -2.6
v 31.6 4.3 -2.6
v 31.6 4.4 -2.6
v 31.7 4.4 -2.5
v 31.7 4.3 -2.5
v 31.8 4.3 -2.5
v 31.8 4.4 -2.5
v 31.8 4.4 -2.6
v 31.8 4.3 -2.6
v 31.7 4.3 -2.6
v 31.7 4.4 -2.6
v 31.8 4.4 -2.5
v 31.8 4.3 -2.5
v 31.9 4.3 -2.5
v 31.9 4.4 -2.5
v 31.9 4.4 -2.6
v 31.9 4.3 -2.6
v 31.8 4.3 -2.6
v 31.8 4.4 -2.6
v 32 4.4 -2.5
v 32 4.3 -2.5
v 32 4.3 -2.6
v 32 4.4 -2.6
v 31.9 4.4 -2.5
v 31.9 4.3 -2.5
v 32 4.3 -2.5
v 32 4.4 -2.5
v 32 4.4 -2.6
v 32 4.3 -2.6
v 31.9 4.3 -2.6
v 31.9 4.4 -2.6
v 29.9 4.3 -2.6
v 29.9 4.2 -2.6
v 29.9 4.2 -2.5
v 29.9 4.3 -2.5
v 29.9 4.3 -2.6
v 29.9 4.3 -2.5
v 30 4.3 -2.5
v 30 4.3 -2.6
v 29.9 4.3 -2.5
v 29.9 4.2 -2.5
v 30 4.2 -2.5
v 30 4.3 -2.5
v 30 4.3 -2.6
v 30 4.2 -2.6
v 29.9 4.2 -2.6
v 29.9 4.3 -2.6
v 30 4.3 -2.6
v 30 4.3 -2.5
v 30.1 4.3 -2.5
v 30.1 4.3 -2.6
v 30 4.3 -2.5
v 30 4.2 -2.5
v 30.1 4.2 -2.5
v 30.1 4.3 -2.5
v 30.1 4.3 -2.6
v 30.1 4.2 -2.6
v 30 4.2 -2.6
v 30 4.3 -2.6
v 30.1 4.3 -2.5
v 30.1 4.2 -2.5
v 30.2 4.2 -2.5
v 30.2 4.3 -2.5
v 30.2 4.3 -2.6
v 30.2 4.2 -2.6
v 30.1 4.2 -2.6
v 30.1 4.3 -2.6
v 30.2 4.3 -2.5
v 30.2 4.2 -2.5
v 30.3 4.2 -2.5
v 30.3 4.3 -2.5
v 30.3 4.3 -2.6
v 30.3 4.2 -2.6
v 30.2 4.2 -2.6
v 30.2 4.3 -2.6
v 30.3 4.3 -2.5
v 30.3 4.2 -2.5
v 30.4 4.2 -2.5
v 30.4 4.3 -2.5
v 30.4 4.3 -2.6
v 30.4 4.2 -2.6
v 30.3 4.2 -2.6
v 30.3 4.3 -2.6
v 30.4 4.3 -2.5
v 30.4 4.2 -2.5
v 30.5 4.2 -2.5
v 30.5 4.3 -2.5
v 30.5 4.3 -2.6
v 30.5 4.2 -2.6
v 30.4 4.2 -2.6
v 30.4 4.3 -2.6
v 30.5 4.3 -2.5
v 30.5 4.2 -2.5
v 30.6 4.2 -2.5
v 30.6 4.3 -2.5
v 30.6 4.3 -2.6
v 30.6 4.2 -2.6
v 30.5 4.2 -2.6
v 30.5 4.3 -2.6
v 30.6 4.3 -2.5
v 30.6 4.2 -2.5
v 30.7 4.2 -2.5
v 30.7 4.3 -2.5
v 30.7 4.3 -2.6
v 30.7 4.2 -2.6
v 30.6 4.2 -2.6
v 30.6 4.3 -2.6
v 30.7 4.3 -2.5
v 30.7 4.2 -2.5
v 30.8 4.2 -2.5
v 30.8 4.3 -2.5
v 30.8 4.3 -2.6
v 30.8 4.2 -2.6
v 30.7 4.2 -2.6
v 30.7 4.3 -2.6
v 30.8 4.3 -2.5
v 30.8 4.2 -2.5
v 30.9 4.2 -2.5
v 30.9 4.3 -2.5
v 30.9 4.3 -2.6
v 30.9 4.2 -2.6
v 30.8 4.2 -2.6
v 30.8 4.3 -2.6
v 30.9 4.3 -2.5
v 30.9 4.2 -2.5
v 31 4.2 -2.5
v 31 4.3 -2.5
v 31 4.3 -2.6
v 31 4.2 -2.6
v 30.9 4.2 -2.6
v 30.9 4.3 -2.6
v 31 4.3 -2.5
v 31 4.2 -2.5
v 31.1 4.2 -2.5
v 31.1 4.3 -2.5
v 31.1 4.3 -2.6
v 31.1 4.2 -2.6
v 31 4.2 -2.6
v 31 4.3 -2.6
v 31.1 4.3 -2.5
v 31.1 4.2 -2.5
v 31.2 4.2 -2.5
v 31.2 4.3 -2.5
v 31.2 4.3 -2.6
v 31.2 4.2 -2.6
v 31.1 4.2 -2.6
v 31.1 4.3 -2.6
v 31.2 4.3 -2.5
v 31.2 4.2 -2.5
v 31.3 4.2 -2.5
v 31.3 4.3 -2.5
v 31.3 4.3 -2.6
v 31.3 4.2 -2.6
v 31.2 4.2 -2.6
v 31.2 4.3 -2.6
v 31.3 4.3 -2.5
v 31.3 4.2 -2.5
v 31.4 4.2 -2.5
v 31.4 4.3 -2.5
v 31.4 4.3 -2.6
v 31.4 4.2 -2.6
v 31.3 4.2 -2.6
v 31.3 4.3 -2.6
v 31.4 4.3 -2.5
v 31.4 4.2 -2.5
v 31.5 4.2 -2.5
v 31.5 4.3 -2.5
v 31.5 4.3 -2.6
v 31.5 4.2 -2.6
v 31.4 4.2 -2.6
v 31.4 4.3 -2.6
v 31.5 4.3 -2.5
v 31.5 4.2 -2.5
v 31.6 4.2 -2.5
v 31.6 4.3 -2.5
v 31.6 4.3 -2.6
v 31.6 4.2 -2.6
v 31.5 4.2 -2.6
v 31.5 4.3 -2.6
v 31.6 4.3 -2.5
v 31.6 4.2 -2.5
v 31.7 4.2 -2.5
v 31.7 4.3 -2.5
v 31.7 4.3 -2.6
v 31.7 4.2 -2.6
v 31.6 4.2 -2.6
v 31.6 4.3 -2.6
v 31.7 4.3 -2.5
v 31.7 4.2 -2.5
v 31.8 4.2 -2.5
v 31.8 4.3 -2.5
v 31.8 4.3 -2.6
v 31.8 4.2 -2.6
v 31.7 4.2 -2.6
v 31.7 4.3 -2.6
v 31.8 4.3 -2.5
v 31.8 4.2 -2.5
v 31.9 4.2 -2.5
v 31.9 4.3 -2.5
v 31.9 4.3 -2.6
v 31.9 4.2 -2.6
v 31.8 4.2 -2.6
v 31.8 4.3 -2.6
v 32 4.3 -2.5
v 32 4.2 -2.5
v 32 4.2 -2.6
v 32 4.3 -2.6
v 31.9 4.3 -2.5
v 31.9 4.2 -2.5
v 32 4.2 -2.5
v 32 4.3 -2.5
v 32 4.3 -2.6
v 32 4.2 -2.6
v 31.9 4.2 -2.6
v 31.9 4.3 -2.6
v 29.8 4.2 -2.6
v 29.8 4.1 -2.6
v 29.8 4.1 -2.5
v 29.8 4.2 -2.5
v 29.8 4.2 -2.6
v 29.8 4.2 -2.5
v 29.9 4.2 -2.5
v 29.9 4.2 -2.6
v 29.8 4.2 -2.5
v 29.8 4.1 -2.5
v 29.9 4.1 -2.5
v 29.9 4.2 -2.5
v 29.9 4.2 -2.6
v 29.9 4.1 -2.6
v 29.8 4.1 -2.6
v 29.8 4.2 -2.6
v 29.9 4.2 -2.5
v 29.9 4.1 -2.5
v 30 4.1 -2.5
v 30 4.2 -2.5
v 30 4.2 -2.6
v 30 4.1 -2.6
v 29.9 4.1 -2.6
v 29.9 4.2 -2.6
v 30 4.2 -2.5
v 30 4.1 -2.5
v 30.1 4.1 -2.5
v 30.1 4.2 -2.5
v 30.1 4.2 -2.6
v 30.1 4.1 -2.6
v 30 4.1 -2.6
v 30 4.2 -2.6
v 30.1 4.2 -2.5
v 30.1 4.1 -2.5
v 30.2 4.1 -2.5
v 30.2 4.2 -2.5
v 30.2 4.2 -2.6
v 30.2 4.1 -2.6
v 30.1 4.1 -2.6
v 30.1 4.2 -2.6
v 30.2 4.2 -2.5
v 30.2 4.1 -2.5
v 30.3 4.1 -2.5
v 30.3 4.2 -2.5
v 30.3 4.2 -2.6
v 30.3 4.1 -2.6
v 30.2 4.1 -2.6
v 30.2 4.2 -2.6
v 30.3 4.2 -2.5
v 30.3 4.1 -2.5
v 30.4 4.1 -2.5
v 30.4 4.2 -2.5
v 30.4 4.2 -2.6
v 30.4 4.1 -2.6
v 30.3 4.1 -2.6
v 30.3 4.2 -2.6
v 30.4 4.2 -2.5
v 30.4 4.1 -2.5
v 30.5 4.1 -2.5
v 30.5 4.2 -2.5
v 30.5 4.2 -2.6
v 30.5 4.1 -2.6
v 30.4 4.1 -2.6
v 30.4 4.2 -2.6
v 30.5 4.2 -2.5
v 30.5 4.1 -2.5
v 30.6 4.1 -2.5
v 30.6 4.2 -2.5
v 30.6 4.2 -2.6
v 30.6 4.1 -2.6
v 30.5 4.1 -2.6
v 30.5 4.2 -2.6
v 30.6 4.2 -2.5
v 30.6 4.1 -2.5
v 30.7 4.1 -2.5
v 30.7 4.2 -2.5
v 30.7 4.2 -2.6
v 30.7 4.1 -2.6
v 30.6 4.1 -2.6
v 30.6 4.2 -2.6
v 30.7 4.2 -2.5
v 30.7 4.1 -2.5
v 30.8 4.1 -2.5
v 30.8 4.2 -2.5
v 30.8 4.2 -2.6
v 30.8 4.1 -2.6
v 30.7 4.1 -2.6
v 30.7 4.2 -2.6
v 30.8 4.2 -2.5
v 30.8 4.1 -2.5
v 30.9 4.1 -2.5
v 30.9 4.2 -2.5
v 30.9 4.2 -2.6
v 30.9 4.1 -2.6
v 30.8 4.1 -2.6
v 30.8 4.2 -2.6
v 30.9 4.2 -2.5
v 30.9 4.1 -2.5
v 31 4.1 -2.5
v 31 4.2 -2.5
v 31 4.2 -2.6
v 31 4.1 -2.6
v 30.9 4.1 -2.6
v 30.9 4.2 -2.6
v 31 4.2 -2.5
v 31 4.1 -2.5
v 31.1 4.1 -2.5
v 31.1 4.2 -2.5
v 31.1 4.2 -2.6
v 31.1 4.1 -2.6
v 31 4.1 -2.6
v 31 4.2 -2.6
v 31.1 4.2 -2.5
v 31.1 4.1 -2.5
v 31.2 4.1 -2.5
v 31.2 4.2 -2.5
v 31.2 4.2 -2.6
v 31.2 4.1 -2.6
v 31.1 4.1 -2.6
v 31.1 4.2 -2.6
v 31.2 4.2 -2.5
v 31.2 4.1 -2.5
v 31.3 4.1 -2.5
v 31.3 4.2 -2.5
v 31.3 4.2 -2.6
v 31.3 4.1 -2.6
v 31.2 4.1 -2.6
v 31.2 4.2 -2.6
v 31.3 4.2 -2.5
v 31.3 4.1 -2.5
v 31.4 4.1 -2.5
v 31.4 4.2 -2.5
v 31.4 4.2 -2.6
v 31.4 4.1 -2.6
v 31.3 4.1 -2.6
v 31.3 4.2 -2.6
v 31.4 4.2 -2.5
v 31.4 4.1 -2.5
v 31.5 4.1 -2.5
v 31.5 4.2 -2.5
v 31.5 4.2 -2.6
v 31.5 4.1 -2.6
v 31.4 4.1 -2.6
v 31.4 4.2 -2.6
v 31.5 4.2 -2.5
v 31.5 4.1 -2.5
v 31.6 4.1 -2.5
v 31.6 4.2 -2.5
v 31.6 4.2 -2.6
v 31.6 4.1 -2.6
v 31.5 4.1 -2.6
v 31.5 4.2 -2.6
v 31.6 4.2 -2.5
v 31.6 4.1 -2.5
v 31.7 4.1 -2.5
v 31.7 4.2 -2.5
v 31.7 4.2 -2.6
v 31.7 4.1 -2.6
v 31.6 4.1 -2.6
v 31.6 4.2 -2.6
v 31.7 4.2 -2.5
v 31.7 4.1 -2.5
v 31.8 4.1 -2.5
v 31.8 4.2 -2.5
v 31.8 4.2 -2.6
v 31.8 4.1 -2.6
v 31.7 4.1 -2.6
v 31.7 4.2 -2.6
v 31.8 4.2 -2.5
v 31.8 4.1 -2.5
v 31.9 4.1 -2.5
v 31.9 4.2 -2.5
v 31.9 4.2 -2.6
v 31.9 4.1 -2.6
v 31.8 4.1 -2.6
v 31.8 4.2 -2.6
v 32 4.2 -2.5
v 32 4.1 -2.5
v 32 4.1 -2.6
v 32 4.2 -2.6
v 31.9 4.2 -2.5
v 31.9 4.1 -2.5
v 32 4.1 -2.5
v 32 4.2 -2.5
v 32 4.2 -2.6
v 32 4.1 -2.6
v 31.9 4.1 -2.6
v 31.9 4.2 -2.6
v 29.7 4.1 -2.6
v 29.7 4 -2.6
v 29.7 4 -2.5
v 29.7 4.1 -2.5
v 29.7 4.1 -2.6
v 29.7 4.1 -2.5
v 29.8 4.1 -2.5
v 29.8 4.1 -2.6
v 29.7 4.1 -2.5
v 29.7 4 -2.5
v 29.8 4 -2.5
v 29.8 4.1 -2.5
v 29.8 4.1 -2.6
v 29.8 4 -2.6
v 29.7 4 -2.6
v 29.7 4.1 -2.6
v 29.8 4.1 -2.5
v 29.8 4 -2.5
v 29.9 4 -2.5
v 29.9 4.1 -2.5
v 29.9 4.1 -2.6
v 29.9 4 -2.6
v 29.8 4 -2.6
v 29.8 4.1 -2.6
v 29.9 4.1 -2.5
v 29.9 4 -2.5
v 30 4 -2.5
v 30 4.1 -2.5
v 30 4.1 -2.6
v 30 4 -2.6
v 29.9 4 -2.6
v 29.9 4.1 -2.6
v 30 4.1 -2.5
v 30 4 -2.5
v 30.1 4 -2.5
v 30.1 4.1 -2.5
v 30.1 4.1 -2.6
v 30.1 4 -2.6
v 30 4 -2.6
v 30 4.1 -2.6
v 30.1 4.1 -2.5
v 30.1 4 -2.5
v 30.2 4 -2.5
v 30.2 4.1 -2.5
v 30.2 4.1 -2.6
v 30.2 4 -2.6
v 30.1 4 -2.6
v 30.1 4.1 -2.6
v 30.2 4.1 -2.5
v 30.2 4 -2.5
v 30.3 4 -2.5
v 30.3 4.1 -2.5
v 30.3 4.1 -2.6
v 30.3 4 -2.6
v 30.2 4 -2.6
v 30.2 4.1 -2.6
v 30.3 4.1 -2.5
v 30.3 4 -2.5
v 30.4 4 -2.5
v 30.4 4.1 -2.5
v 30.4 4.1 -2.6
v 30.4 4 -2.6
v 30.3 4 -2.6
v 30.3 4.1 -2.6
v 30.4 4.1 -2.5
v 30.4 4 -2.5
v 30.5 4 -2.5
v 30.5 4.1 -2.5
v 30.5 4.1 -2.6
v 30.5 4 -2.6
v 30.4 4 -2.6
v 30.4 4.1 -2.6
v 30.5 4.1 -2.5
v 30.5 4 -2.5
v 30.6 4 -2.5
v 30.6 4.1 -2.5
v 30.6 4.1 -2.6
v 30.6 4 -2.6
v 30.5 4 -2.6
v 30.5 4.1 -2.6
v 30.6 4 -2.5
v 30.6 4 -2.6
v 30.7 4 -2.6
v 30.7 4 -2.5
v 30.6 4.1 -2.5
v 30.6 4 -2.5
v 30.7 4 -2.5
v 30.7 4.1 -2.5
v 30.7 4.1 -2.6
v 30.7 4 -2.6
v 30.6 4 -2.6
v 30.6 4.1 -2.6
v 30.7 4 -2.5
v 30.7 4 -2.6
v 30.8 4 -2.6
v 30.8 4 -2.5
v 30.7 4.1 -2.5
v 30.7 4 -2.5
v 30.8 4 -2.5
v 30.8 4.1 -2.5
v 30.8 4.1 -2.6
v 30.8 4 -2.6
v 30.7 4 -2.6
v 30.7 4.1 -2.6
v 30.8 4 -2.5
v 30.8 4 -2.6
v 30.9 4 -2.6
v 30.9 4 -2.5
v 30.8 4.1 -2.5
v 30.8 4 -2.5
v 30.9 4 -2.5
v 30.9 4.1 -2.5
v 30.9 4.1 -2.6
v 30.9 4 -2.6
v 30.8 4 -2.6
v 30.8 4.1 -2.6
v 30.9 4.1 -2.5
v 30.9 4 -2.5
v 31 4 -2.5
v 31 4.1 -2.5
v 31 4.1 -2.6
v 31 4 -2.6
v 30.9 4 -2.6
v 30.9 4.1 -2.6
v 31 4.1 -2.5
v 31 4 -2.5
v 31.1 4 -2.5
v 31.1 4.1 -2.5
v 31.1 4.1 -2.6
v 31.1 4 -2.6
v 31 4 -2.6
v 31 4.1 -2.6
v 31.1 4.1 -2.5
v 31.1 4 -2.5
v 31.2 4 -2.5
v 31.2 4.1 -2.5
v 31.2 4.1 -2.6
v 31.2 4 -2.6
v 31.1 4 -2.6
v 31.1 4.1 -2.6
v 31.2 4.1 -2.5
v 31.2 4 -2.5
v 31.3 4 -2.5
v 31.3 4.1 -2.5
v 31.3 4.1 -2.6
v 31.3 4 -2.6
v 31.2 4 -2.6
v 31.2 4.1 -2.6
v 31.3 4.1 -2.5
v 31.3 4 -2.5
v 31.4 4 -2.5
v 31.4 4.1 -2.5
v 31.4 4.1 -2.6
v 31.4 4 -2.6
v 31.3 4 -2.6
v 31.3 4.1 -2.6
v 31.4 4.1 -2.5
v 31.4 4 -2.5
v 31.5 4 -2.5
v 31.5 4.1 -2.5
v 31.5 4.1 -2.6
v 31.5 4 -2.6
v 31.4 4 -2.6
v 31.4 4.1 -2.6
v 31.5 4.1 -2.5
v 31.5 4 -2.5
v 31.6 4 -2.5
v 31.6 4.1 -2.5
v 31.6 4.1 -2.6
v 31.6 4 -2.6
v 31.5 4 -2.6
v 31.5 4.1 -2.6
v 31.6 4.1 -2.5
v 31.6 4 -2.5
v 31.7 4 -2.5
v 31.7 4.1 -2.5
v 31.7 4.1 -2.6
v 31.7 4 -2.6
v 31.6 4 -2.6
v 31.6 4.1 -2.6
v 31.7 4.1 -2.5
v 31.7 4 -2.5
v 31.8 4 -2.5
v 31.8 4.1 -2.5
v 31.8 4.1 -2.6
v 31.8 4 -2.6
v 31.7 4 -2.6
v 31.7 4.1 -2.6
v 31.8 4.1 -2.5
v 31.8 4 -2.5
v 31.9 4 -2.5
v 31.9 4.1 -2.5
v 31.9 4.1 -2.6
v 31.9 4 -2.6
v 31.8 4 -2.6
v 31.8 4.1 -2.6
v 32 4.1 -2.5
v 32 4 -2.5
v 32 4 -2.6
v 32 4.1 -2.6
v 31.9 4.1 -2.5
v 31.9 4 -2.5
v 32 4 -2.5
v 32 4.1 -2.5
v 32 4.1 -2.6
v 32 4 -2.6
v 31.9 4 -2.6
v 31.9 4.1 -2.6
v 29.5 4 -2.6
v 29.5 3.9 -2.6
v 29.5 3.9 -2.5
v 29.5 4 -2.5
v 29.5 4 -2.6
v 29.5 4 -2.5
v 29.6 4 -2.5
v 29.6 4 -2.6
v 29.5 4 -2.5
v 29.5 3.9 -2.5
v 29.6 3.9 -2.5
v 29.6 4 -2.5
v 29.6 4 -2.6
v 29.6 3.9 -2.6
v 29.5 3.9 -2.6
v 29.5 4 -2.6
v 29.6 4 -2.6
v 29.6 4 -2.5
v 29.7 4 -2.5
v 29.7 4 -2.6
v 29.6 4 -2.5
v 29.6 3.9 -2.5
v 29.7 3.9 -2.5
v 29.7 4 -2.5
v 29.7 4 -2.6
v 29.7 3.9 -2.6
v 29.6 3.9 -2.6
v 29.6 4 -2.6
v 29.7 4 -2.5
v 29.7 3.9 -2.5
v 29.8 3.9 -2.5
v 29.8 4 -2.5
v 29.8 4 -2.6
v 29.8 3.9 -2.6
v 29.7 3.9 -2.6
v 29.7 4 -2.6
v 29.8 4 -2.5
v 29.8 3.9 -2.5
v 29.9 3.9 -2.5
v 29.9 4 -2.5
v 29.9 4 -2.6
v 29.9 3.9 -2.6
v 29.8 3.9 -2.6
v 29.8 4 -2.6
v 29.9 4 -2.5
v 29.9 3.9 -2.5
v 30 3.9 -2.5
v 30 4 -2.5
v 30 4 -2.6
v 30 3.9 -2.6
v 29.9 3.9 -2.6
v 29.9 4 -2.6
v 30 4 -2.5
v 30 3.9 -2.5
v 30.1 3.9 -2.5
v 30.1 4 -2.5
v 30.1 4 -2.6
v 30.1 3.9 -2.6
v 30 3.9 -2.6
v 30 4 -2.6
v 30.1 4 -2.5
v 30.1 3.9 -2.5
v 30.2 3.9 -2.5
v 30.2 4 -2.5
v 30.2 4 -2.6
v 30.2 3.9 -2.6
v 30.1 3.9 -2.6
v 30.1 4 -2.6
v 30.2 4 -2.5
v 30.2 3.9 -2.5
v 30.3 3.9 -2.5
v 30.3 4 -2.5
v 30.3 4 -2.6
v 30.3 3.9 -2.6
v 30.2 3.9 -2.6
v 30.2 4 -2.6
v 30.3 3.9 -2.5
v 30.3 3.9 -2.6
v 30.4 3.9 -2.6
v 30.4 3.9 -2.5
v 30.3 4 -2.5
v 30.3 3.9 -2.5
v 30.4 3.9 -2.5
v 30.4 4 -2.5
v 30.4 4 -2.6
v 30.4 3.9 -2.6
v 30.3 3.9 -2.6
v 30.3 4 -2.6
v 30.4 3.9 -2.5
v 30.4 3.9 -2.6
v 30.5 3.9 -2.6
v 30.5 3.9 -2.5
v 30.4 4 -2.5
v 30.4 3.9 -2.5
v 30.5 3.9 -2.5
v 30.5 4 -2.5
v 30.5 4 -2.6
v 30.5 3.9 -2.6
v 30.4 3.9 -2.6
v 30.4 4 -2.6
v 30.6 4 -2.5
v 30.6 3.9 -2.5
v 30.6 3.9 -2.6
v 30.6 4 -2.6
v 30.5 3.9 -2.5
v 30.5 3.9 -2.6
v 30.6 3.9 -2.6
v 30.6 3.9 -2.5
v 30.5 4 -2.5
v 30.5 3.9 -2.5
v 30.6 3.9 -2.5
v 30.6 4 -2.5
v 30.6 4 -2.6
v 30.6 3.9 -2.6
v 30.5 3.9 -2.6
v 30.5 4 -2.6
v 30.9 4 -2.6
v 30.9 3.9 -2.6
v 30.9 3.9 -2.5
v 30.9 4 -2.5
v 30.9 3.9 -2.5
v 30.9 3.9 -2.6
v 31 3.9 -2.6
v 31 3.9 -2.5
v 30.9 4 -2.5
v 30.9 3.9 -2.5
v 31 3.9 -2.5
v 31 4 -2.5
v 31 4 -2.6
v 31 3.9 -2.6
v 30.9 3.9 -2.6
v 30.9 4 -2.6
v 31 4 -2.5
v 31 3.9 -2.5
v 31.1 3.9 -2.5
v 31.1 4 -2.5
v 31.1 4 -2.6
v 31.1 3.9 -2.6
v 31 3.9 -2.6
v 31 4 -2.6
v 31.1 4 -2.5
v 31.1 3.9 -2.5
v 31.2 3.9 -2.5
v 31.2 4 -2.5
v 31.2 4 -2.6
v 31.2 3.9 -2.6
v 31.1 3.9 -2.6
v 31.1 4 -2.6
v 31.2 4 -2.5
v 31.2 3.9 -2.5
v 31.3 3.9 -2.5
v 31.3 4 -2.5
v 31.3 4 -2.6
v 31.3 3.9 -2.6
v 31.2 3.9 -2.6
v 31.2 4 -2.6
v 31.3 4 -2.5
v 31.3 3.9 -2.5
v 31.4 3.9 -2.5
v 31.4 4 -2.5
v 31.4 4 -2.6
v 31.4 3.9 -2.6
v 31.3 3.9 -2.6
v 31.3 4 -2.6
v 31.4 4 -2.5
v 31.4 3.9 -2.5
v 31.5 3.9 -2.5
v 31.5 4 -2.5
v 31.5 4 -2.6
v 31.5 3.9 -2.6
v 31.4 3.9 -2.6
v 31.4 4 -2.6
v 31.5 4 -2.5
v 31.5 3.9 -2.5
v 31.6 3.9 -2.5
v 31.6 4 -2.5
v 31.6 4 -2.6
v 31.6 3.9 -2.6
v 31.5 3.9 -2.6
v 31.5 4 -2.6
v 31.6 4 -2.5
v 31.6 3.9 -2.5
v 31.7 3.9 -2.5
v 31.7 4 -2.5
v 31.7 4 -2.6
v 31.7 3.9 -2.6
v 31.6 3.9 -2.6
v 31.6 4 -2.6
v 31.7 4 -2.5
v 31.7 3.9 -2.5
v 31.8 3.9 -2.5
v 31.8 4 -2.5
v 31.8 4 -2.6
v 31.8 3.9 -2.6
v 31.7 3.9 -2.6
v 31.7 4 -2.6
v 31.8 4 -2.5
v 31.8 3.9 -2.5
v 31.9 3.9 -2.5
v 31.9 4 -2.5
v 31.9 4 -2.6
v 31.9 3.9 -2.6
v 31.8 3.9 -2.6
v 31.8 4 -2.6
v 32 4 -2.5
v 32 3.9 -2.5
v 32 3.9 -2.6
v 32 4 -2.6
v 31.9 4 -2.5
v 31.9 3.9 -2.5
v 32 3.9 -2.5
v 32 4 -2.5
v 32 4 -2.6
v 32 3.9 -2.6
v 31.9 3.9 -2.6
v 31.9 4 -2.6
v 29.4 3.9 -2.6
v 29.4 3.8 -2.6
v 29.4 3.8 -2.5
v 29.4 3.9 -2.5
v 29.4 3.9 -2.6
v 29.4 3.9 -2.5
v 29.5 3.9 -2.5
v 29.5 3.9 -2.6
v 29.4 3.9 -2.5
v 29.4 3.8 -2.5
v 29.5 3.8 -2.5
v 29.5 3.9 -2.5
v 29.5 3.9 -2.6
v 29.5 3.8 -2.6
v 29.4 3.8 -2.6
v 29.4 3.9 -2.6
v 29.5 3.9 -2.5
v 29.5 3.8 -2.5
v 29.6 3.8 -2.5
v 29.6 3.9 -2.5
v 29.6 3.9 -2.6
v 29.6 3.8 -2.6
v 29.5 3.8 -2.6
v 29.5 3.9 -2.6
v 29.6 3.9 -2.5
v 29.6 3.8 -2.5
v 29.7 3.8 -2.5
v 29.7 3.9 -2.5
v 29.7 3.9 -2.6
v 29.7 3.8 -2.6
v 29.6 3.8 -2.6
v 29.6 3.9 -2.6
v 29.7 3.9 -2.5
v 29.7 3.8 -2.5
v 29.8 3.8 -2.5
v 29.8 3.9 -2.5
v 29.8 3.9 -2.6
v 29.8 3.8 -2.6
v 29.7 3.8 -2.6
v 29.7 3.9 -2.6
v 29.8 3.9 -2.5
v 29.8 3.8 -2.5
v 29.9 3.8 -2.5
v 29.9 3.9 -2.5
v 29.9 3.9 -2.6
v 29.9 3.8 -2.6
v 29.8 3.8 -2.6
v 29.8 3.9 -2.6
v 29.9 3.9 -2.5
v 29.9 3.8 -2.5
v 30 3.8 -2.5
v 30 3.9 -2.5
v 30 3.9 -2.6
v 30 3.8 -2.6
v 29.9 3.8 -2.6
v 29.9 3.9 -2.6
v 30 3.8 -2.5
v 30 3.8 -2.6
v 30.1 3.8 -2.6
v 30.1 3.8 -2.5
v 30 3.9 -2.5
v 30 3.8 -2.5
v 30.1 3.8 -2.5
v 30.1 3.9 -2.5
v 30.1 3.9 -2.6
v 30.1 3.8 -2.6
v 30 3.8 -2.6
v 30 3.9 -2.6
v 30.1 3.8 -2.5
v 30.1 3.8 -2.6
v 30.2 3.8 -2.6
v 30.2 3.8 -2.5
v 30.1 3.9 -2.5
v 30.1 3.8 -2.5
v 30.2 3.8 -2.5
v 30.2 3.9 -2.5
v 30.2 3.9 -2.6
v 30.2 3.8 -2.6
v 30.1 3.8 -2.6
v 30.1 3.9 -2.6
v 30.3 3.9 -2.5
v 30.3 3.8 -2.5
v 30.3 3.8 -2.6
v 30.3 3.9 -2.6
v 30.2 3.8 -2.5
v 30.2 3.8 -2.6
v 30.3 3.8 -2.6
v 30.3 3.8 -2.5
v 30.2 3.9 -2.5
v 30.2 3.8 -2.5
v 30.3 3.8 -2.5
v 30.3 3.9 -2.5
v 30.3 3.9 -2.6
v 30.3 3.8 -2.6
v 30.2 3.8 -2.6
v 30.2 3.9 -2.6
v 31 3.9 -2.6
v 31 3.8 -2.6
v 31 3.8 -2.5
v 31 3.9 -2.5
v 31 3.9 -2.5
v 31 3.8 -2.5
v 31.1 3.8 -2.5
v 31.1 3.9 -2.5
v 31.1 3.9 -2.6
v 31.1 3.8 -2.6
v 31 3.8 -2.6
v 31 3.9 -2.6
v 31.1 3.9 -2.5
v 31.1 3.8 -2.5
v 31.2 3.8 -2.5
v 31.2 3.9 -2.5
v 31.2 3.9 -2.6
v 31.2 3.8 -2.6
v 31.1 3.8 -2.6
v 31.1 3.9 -2.6
v 31.2 3.9 -2.5
v 31.2 3.8 -2.5
v 31.3 3.8 -2.5
v 31.3 3.9 -2.5
v 31.3 3.9 -2.6
v 31.3 3.8 -2.6
v 31.2 3.8 -2.6
v 31.2 3.9 -2.6
v 31.3 3.9 -2.5
v 31.3 3.8 -2.5
v 31.4 3.8 -2.5
v 31.4 3.9 -2.5
v 31.4 3.9 -2.6
v 31.4 3.8 -2.6
v 31.3 3.8 -2.6
v 31.3 3.9 -2.6
v 31.4 3.9 -2.5
v 31.4 3.8 -2.5
v 31.5 3.8 -2.5
v 31.5 3.9 -2.5
v 31.5 3.9 -2.6
v 31.5 3.8 -2.6
v 31.4 3.8 -2.6
v 31.4 3.9 -2.6
v 31.5 3.9 -2.5
v 31.5 3.8 -2.5
v 31.6 3.8 -2.5
v 31.6 3.9 -2.5
v 31.6 3.9 -2.6
v 31.6 3.8 -2.6
v 31.5 3.8 -2.6
v 31.5 3.9 -2.6
v 31.6 3.8 -2.5
v 31.6 3.8 -2.6
v 31.7 3.8 -2.6
v 31.7 3.8 -2.5
v 31.6 3.9 -2.5
v 31.6 3.8 -2.5
v 31.7 3.8 -2.5
v 31.7 3.9 -2.5
v 31.7 3.9 -2.6
v 31.7 3.8 -2.6
v 31.6 3.8 -2.6
v 31.6 3.9 -2.6
v 31.7 3.9 -2.5
v 31.7 3.8 -2.5
v 31.8 3.8 -2.5
v 31.8 3.9 -2.5
v 31.8 3.9 -2.6
v 31.8 3.8 -2.6
v 31.7 3.8 -2.6
v 31.7 3.9 -2.6
v 31.8 3.9 -2.5
v 31.8 3.8 -2.5
v 31.9 3.8 -2.5
v 31.9 3.9 -2.5
v 31.9 3.9 -2.6
v 31.9 3.8 -2.6
v 31.8 3.8 -2.6
v 31.8 3.9 -2.6
v 32 3.9 -2.5
v 32 3.8 -2.5
v 32 3.8 -2.6
v 32 3.9 -2.6
v 31.9 3.9 -2.5
v 31.9 3.8 -2.5
v 32 3.8 -2.5
v 32 3.9 -2.5
v 32 3.9 -2.6
v 32 3.8 -2.6
v 31.9 3.8 -2.6
v 31.9 3.9 -2.6
v 29.3 3.8 -2.6
v 29.3 3.7 -2.6
v 29.3 3.7 -2.5
v 29.3 3.8 -2.5
v 29.3 3.8 -2.6
v 29.3 3.8 -2.5
v 29.4 3.8 -2.5
v 29.4 3.8 -2.6
v 29.3 3.8 -2.5
v 29.3 3.7 -2.5
v 29.4 3.7 -2.5
v 29.4 3.8 -2.5
v 29.4 3.8 -2.6
v 29.4 3.7 -2.6
v 29.3 3.7 -2.6
v 29.3 3.8 -2.6
v 29.4 3.8 -2.5
v 29.4 3.7 -2.5
v 29.5 3.7 -2.5
v 29.5 3.8 -2.5
v 29.5 3.8 -2.6
v 29.5 3.7 -2.6
v 29.4 3.7 -2.6
v 29.4 3.8 -2.6
v 29.5 3.8 -2.5
v 29.5 3.7 -2.5
v 29.6 3.7 -2.5
v 29.6 3.8 -2.5
v 29.6 3.8 -2.6
v 29.6 3.7 -2.6
v 29.5 3.7 -2.6
v 29.5 3.8 -2.6
v 29.6 3.8 -2.5
v 29.6 3.7 -2.5
v 29.7 3.7 -2.5
v 29.7 3.8 -2.5
v 29.7 3.8 -2.6
v 29.7 3.7 -2.6
v 29.6 3.7 -2.6
v 29.6 3.8 -2.6
v 29.7 3.8 -2.5
v 29.7 3.7 -2.5
v 29.8 3.7 -2.5
v 29.8 3.8 -2.5
v 29.8 3.8 -2.6
v 29.8 3.7 -2.6
v 29.7 3.7 -2.6
v 29.7 3.8 -2.6
v 29.8 3.7 -2.5
v 29.8 3.7 -2.6
v 29.9 3.7 -2.6
v 29.9 3.7 -2.5
v 29.8 3.8 -2.5
v 29.8 3.7 -2.5
v 29.9 3.7 -2.5
v 29.9 3.8 -2.5
v 29.9 3.8 -2.6
v 29.9 3.7 -2.6
v 29.8 3.7 -2.6
v 29.8 3.8 -2.6
v 30 3.8 -2.5
v 30 3.7 -2.5
v 30 3.7 -2.6
v 30 3.8 -2.6
v 29.9 3.7 -2.5
v 29.9 3.7 -2.6
v 30 3.7 -2.6
v 30 3.7 -2.5
v 29.9 3.8 -2.5
v 29.9 3.7 -2.5
v 30 3.7 -2.5
v 30 3.8 -2.5
v 30 3.8 -2.6
v 30 3.7 -2.6
v 29.9 3.7 -2.6
v 29.9 3.8 -2.6
v 31 3.8 -2.6
v 31 3.7 -2.6
v 31 3.7 -2.5
v 31 3.8 -2.5
v 31 3.8 -2.5
v 31 3.7 -2.5
v 31.1 3.7 -2.5
v 31.1 3.8 -2.5
v 31.1 3.8 -2.6
v 31.1 3.7 -2.6
v 31 3.7 -2.6
v 31 3.8 -2.6
v 31.1 3.8 -2.5
v 31.1 3.7 -2.5
v 31.2 3.7 -2.5
v 31.2 3.8 -2.5
v 31.2 3.8 -2.6
v 31.2 3.7 -2.6
v 31.1 3.7 -2.6
v 31.1 3.8 -2.6
v 31.2 3.8 -2.5
v 31.2 3.7 -2.5
v 31.3 3.7 -2.5
v 31.3 3.8 -2.5
v 31.3 3.8 -2.6
v 31.3 3.7 -2.6
v 31.2 3.7 -2.6
v 31.2 3.8 -2.6
v 31.3 3.8 -2.5
v 31.3 3.7 -2.5
v 31.4 3.7 -2.5
v 31.4 3.8 -2.5
v 31.4 3.8 -2.6
v 31.4 3.7 -2.6
v 31.3 3.7 -2.6
v 31.3 3.8 -2.6
v 31.4 3.8 -2.5
v 31.4 3.7 -2.5
v 31.5 3.7 -2.5
v 31.5 3.8 -2.5
v 31.5 3.8 -2.6
v 31.5 3.7 -2.6
v 31.4 3.7 -2.6
v 31.4 3.8 -2.6
v 31.6 3.8 -2.5
v 31.6 3.7 -2.5
v 31.6 3.7 -2.6
v 31.6 3.8 -2.6
v 31.5 3.7 -2.5
v 31.5 3.7 -2.6
v 31.6 3.7 -2.6
v 31.6 3.7 -2.5
v 31.5 3.8 -2.5
v 31.5 3.7 -2.5
v 31.6 3.7 -2.5
v 31.6 3.8 -2.5
v 31.6 3.8 -2.6
v 31.6 3.7 -2.6
v 31.5 3.7 -2.6
v 31.5 3.8 -2.6
v 31.7 3.8 -2.6
v 31.7 3.7 -2.6
v 31.7 3.7 -2.5
v 31.7 3.8 -2.5
v 31.7 3.7 -2.5
v 31.7 3.7 -2.6
v 31.8 3.7 -2.6
v 31.8 3.7 -2.5
v 31.7 3.8 -2.5
v 31.7 3.7 -2.5
v 31.8 3.7 -2.5
v 31.8 3.8 -2.5
v 31.8 3.8 -2.6
v 31.8 3.7 -2.6
v 31.7 3.7 -2.6
v 31.7 3.8 -2.6
v 31.8 3.8 -2.5
v 31.8 3.7 -2.5
v 31.9 3.7 -2.5
v 31.9 3.8 -2.5
v 31.9 3.8 -2.6
v 31.9 3.7 -2.6
v 31.8 3.7 -2.6
v 31.8 3.8 -2.6
v 32 3.8 -2.5
v 32 3.7 -2.5
v 32 3.7 -2.6
v 32 3.8 -2.6
v 31.9 3.8 -2.5
v 31.9 3.7 -2.5
v 32 3.7 -2.5
v 32 3.8 -2.5
v 32 3.8 -2.6
v 32 3.7 -2.6
v 31.9 3.7 -2.6
v 31.9 3.8 -2.6
v 29.2 3.7 -2.6
v 29.2 3.6 -2.6
v 29.2 3.6 -2.5
v 29.2 3.7 -2.5
v 29.2 3.7 -2.6
v 29.2 3.7 -2.5
v 29.3 3.7 -2.5
v 29.3 3.7 -2.6
v 29.2 3.7 -2.5
v 29.2 3.6 -2.5
v 29.3 3.6 -2.5
v 29.3 3.7 -2.5
v 29.3 3.7 -2.6
v 29.3 3.6 -2.6
v 29.2 3.6 -2.6
v 29.2 3.7 -2.6
v 29.3 3.7 -2.5
v 29.3 3.6 -2.5
v 29.4 3.6 -2.5
v 29.4 3.7 -2.5
v 29.4 3.7 -2.6
v 29.4 3.6 -2.6
v 29.3 3.6 -2.6
v 29.3 3.7 -2.6
v 29.4 3.7 -2.5
v 29.4 3.6 -2.5
v 29.5 3.6 -2.5
v 29.5 3.7 -2.5
v 29.5 3.7 -2.6
v 29.5 3.6 -2.6
v 29.4 3.6 -2.6
v 29.4 3.7 -2.6
v 29.5 3.6 -2.5
v 29.5 3.6 -2.6
v 29.6 3.6 -2.6
v 29.6 3.6 -2.5
v 29.5 3.7 -2.5
v 29.5 3.6 -2.5
v 29.6 3.6 -2.5
v 29.6 3.7 -2.5
v 29.6 3.7 -2.6
v 29.6 3.6 -2.6
v 29.5 3.6 -2.6
v 29.5 3.7 -2.6
v 29.6 3.6 -2.5
v 29.6 3.6 -2.6
v 29.7 3.6 -2.6
v 29.7 3.6 -2.5
v 29.6 3.7 -2.5
v 29.6 3.6 -2.5
v 29.7 3.6 -2.5
v 29.7 3.7 -2.5
v 29.7 3.7 -2.6
v 29.7 3.6 -2.6
v 29.6 3.6 -2.6
v 29.6 3.7 -2.6
v 29.8 3.7 -2.5
v 29.8 3.6 -2.5
v 29.8 3.6 -2.6
v 29.8 3.7 -2.6
v 29.7 3.6 -2.5
v 29.7 3.6 -2.6
v 29.8 3.6 -2.6
v 29.8 3.6 -2.5
v 29.7 3.7 -2.5
v 29.7 3.6 -2.5
v 29.8 3.6 -2.5
v 29.8 3.7 -2.5
v 29.8 3.7 -2.6
v 29.8 3.6 -2.6
v 29.7 3.6 -2.6
v 29.7 3.7 -2.6
v 31 3.7 -2.6
v 31 3.6 -2.6
v 31 3.6 -2.5
v 31 3.7 -2.5
v 31 3.7 -2.5
v 31 3.6 -2.5
v 31.1 3.6 -2.5
v 31.1 3.7 -2.5
v 31.1 3.7 -2.6
v 31.1 3.6 -2.6
v 31 3.6 -2.6
v 31 3.7 -2.6
v 31.1 3.7 -2.5
v 31.1 3.6 -2.5
v 31.2 3.6 -2.5
v 31.2 3.7 -2.5
v 31.2 3.7 -2.6
v 31.2 3.6 -2.6
v 31.1 3.6 -2.6
v 31.1 3.7 -2.6
v 31.2 3.7 -2.5
v 31.2 3.6 -2.5
v 31.3 3.6 -2.5
v 31.3 3.7 -2.5
v 31.3 3.7 -2.6
v 31.3 3.6 -2.6
v 31.2 3.6 -2.6
v 31.2 3.7 -2.6
v 31.3 3.7 -2.5
v 31.3 3.6 -2.5
v 31.4 3.6 -2.5
v 31.4 3.7 -2.5
v 31.4 3.7 -2.6
v 31.4 3.6 -2.6
v 31.3 3.6 -2.6
v 31.3 3.7 -2.6
v 31.5 3.7 -2.5
v 31.5 3.6 -2.5
v 31.5 3.6 -2.6
v 31.5 3.7 -2.6
v 31.4 3.6 -2.5
v 31.4 3.6 -2.6
v 31.5 3.6 -2.6
v 31.5 3.6 -2.5
v 31.4 3.7 -2.5
v 31.4 3.6 -2.5
v 31.5 3.6 -2.5
v 31.5 3.7 -2.5
v 31.5 3.7 -2.6
v 31.5 3.6 -2.6
v 31.4 3.6 -2.6
v 31.4 3.7 -2.6
v 31.8 3.7 -2.6
v 31.8 3.6 -2.6
v 31.8 3.6 -2.5
v 31.8 3.7 -2.5
v 31.8 3.7 -2.5
v 31.8 3.6 -2.5
v 31.9 3.6 -2.5
v 31.9 3.7 -2.5
v 31.9 3.7 -2.6
v 31.9 3.6 -2.6
v 31.8 3.6 -2.6
v 31.8 3.7 -2.6
v 32 3.7 -2.5
v 32 3.6 -2.5
v 32 3.6 -2.6
v 32 3.7 -2.6
v 31.9 3.7 -2.5
v 31.9 3.6 -2.5
v 32 3.6 -2.5
v 32 3.7 -2.5
v 32 3.7 -2.6
v 32 3.6 -2.6
v 31.9 3.6 -2.6
v 31.9 3.7 -2.6
v 29.1 3.6 -2.6
v 29.1 3.5 -2.6
v 29.1 3.5 -2.5
v 29.1 3.6 -2.5
v 29.1 3.6 -2.6
v 29.1 3.6 -2.5
v 29.2 3.6 -2.5
v 29.2 3.6 -2.6
v 29.1 3.5 -2.5
v 29.1 3.5 -2.6
v 29.2 3.5 -2.6
v 29.2 3.5 -2.5
v 29.1 3.6 -2.5
v 29.1 3.5 -2.5
v 29.2 3.5 -2.5
v 29.2 3.6 -2.5
v 29.2 3.6 -2.6
v 29.2 3.5 -2.6
v 29.1 3.5 -2.6
v 29.1 3.6 -2.6
v 29.2 3.6 -2.5
v 29.2 3.5 -2.5
v 29.3 3.5 -2.5
v 29.3 3.6 -2.5
v 29.3 3.6 -2.6
v 29.3 3.5 -2.6
v 29.2 3.5 -2.6
v 29.2 3.6 -2.6
v 29.3 3.5 -2.5
v 29.3 3.5 -2.6
v 29.4 3.5 -2.6
v 29.4 3.5 -2.5
v 29.3 3.6 -2.5
v 29.3 3.5 -2.5
v 29.4 3.5 -2.5
v 29.4 3.6 -2.5
v 29.4 3.6 -2.6
v 29.4 3.5 -2.6
v 29.3 3.5 -2.6
v 29.3 3.6 -2.6
v 29.5 3.6 -2.5
v 29.5 3.5 -2.5
v 29.5 3.5 -2.6
v 29.5 3.6 -2.6
v 29.4 3.5 -2.5
v 29.4 3.5 -2.6
v 29.5 3.5 -2.6
v 29.5 3.5 -2.5
v 29.4 3.6 -2.5
v 29.4 3.5 -2.5
v 29.5 3.5 -2.5
v 29.5 3.6 -2.5
v 29.5 3.6 -2.6
v 29.5 3.5 -2.6
v 29.4 3.5 -2.6
v 29.4 3.6 -2.6
v 29.9 3.6 -2.6
v 29.9 3.5 -2.6
v 29.9 3.5 -2.5
v 29.9 3.6 -2.5
v 30 3.6 -2.5
v 30 3.5 -2.5
v 30 3.5 -2.6
v 30 3.6 -2.6
v 29.9 3.6 -2.6
v 29.9 3.6 -2.5
v 30 3.6 -2.5
v 30 3.6 -2.6
v 29.9 3.5 -2.5
v 29.9 3.5 -2.6
v 30 3.5 -2.6
v 30 3.5 -2.5
v 29.9 3.6 -2.5
v 29.9 3.5 -2.5
v 30 3.5 -2.5
v 30 3.6 -2.5
v 30 3.6 -2.6
v 30 3.5 -2.6
v 29.9 3.5 -2.6
v 29.9 3.6 -2.6
v 30.9 3.6 -2.6
v 30.9 3.5 -2.6
v 30.9 3.5 -2.5
v 30.9 3.6 -2.5
v 30.9 3.6 -2.6
v 30.9 3.6 -2.5
v 31 3.6 -2.5
v 31 3.6 -2.6
v 30.9 3.6 -2.5
v 30.9 3.5 -2.5
v 31 3.5 -2.5
v 31 3.6 -2.5
v 31 3.6 -2.6
v 31 3.5 -2.6
v 30.9 3.5 -2.6
v 30.9 3.6 -2.6
v 31 3.6 -2.5
v 31 3.5 -2.5
v 31.1 3.5 -2.5
v 31.1 3.6 -2.5
v 31.1 3.6 -2.6
v 31.1 3.5 -2.6
v 31 3.5 -2.6
v 31 3.6 -2.6
v 31.1 3.6 -2.5
v 31.1 3.5 -2.5
v 31.2 3.5 -2.5
v 31.2 3.6 -2.5
v 31.2 3.6 -2.6
v 31.2 3.5 -2.6
v 31.1 3.5 -2.6
v 31.1 3.6 -2.6
v 31.2 3.6 -2.5
v 31.2 3.5 -2.5
v 31.3 3.5 -2.5
v 31.3 3.6 -2.5
v 31.3 3.6 -2.6
v 31.3 3.5 -2.6
v 31.2 3.5 -2.6
v 31.2 3.6 -2.6
v 31.4 3.6 -2.5
v 31.4 3.5 -2.5
v 31.4 3.5 -2.6
v 31.4 3.6 -2.6
v 31.3 3.5 -2.5
v 31.3 3.5 -2.6
v 31.4 3.5 -2.6
v 31.4 3.5 -2.5
v 31.3 3.6 -2.5
v 31.3 3.5 -2.5
v 31.4 3.5 -2.5
v 31.4 3.6 -2.5
v 31.4 3.6 -2.6
v 31.4 3.5 -2.6
v 31.3 3.5 -2.6
v 31.3 3.6 -2.6
v 31.8 3.6 -2.6
v 31.8 3.5 -2.6
v 31.8 3.5 -2.5
v 31.8 3.6 -2.5
v 31.8 3.5 -2.5
v 31.8 3.5 -2.6
v 31.9 3.5 -2.6
v 31.9 3.5 -2.5
v 31.8 3.6 -2.5
v 31.8 3.5 -2.5
v 31.9 3.5 -2.5
v 31.9 3.6 -2.5
v 31.9 3.6 -2.6
v 31.9 3.5 -2.6
v 31.8 3.5 -2.6
v 31.8 3.6 -2.6
v 32 3.6 -2.5
v 32 3.5 -2.5
v 32 3.5 -2.6
v 32 3.6 -2.6
v 31.9 3.6 -2.5
v 31.9 3.5 -2.5
v 32 3.5 -2.5
v 32 3.6 -2.5
v 32 3.6 -2.6
v 32 3.5 -2.6
v 31.9 3.5 -2.6
v 31.9 3.6 -2.6
v 29.2 3.5 -2.6
v 29.2 3.4 -2.6
v 29.2 3.4 -2.5
v 29.2 3.5 -2.5
v 29.3 3.5 -2.5
v 29.3 3.4 -2.5
v 29.3 3.4 -2.6
v 29.3 3.5 -2.6
v 29.2 3.4 -2.5
v 29.2 3.4 -2.6
v 29.3 3.4 -2.6
v 29.3 3.4 -2.5
v 29.2 3.5 -2.5
v 29.2 3.4 -2.5
v 29.3 3.4 -2.5
v 29.3 3.5 -2.5
v 29.3 3.5 -2.6
v 29.3 3.4 -2.6
v 29.2 3.4 -2.6
v 29.2 3.5 -2.6
v 30.9 3.5 -2.6
v 30.9 3.4 -2.6
v 30.9 3.4 -2.5
v 30.9 3.5 -2.5
v 30.9 3.5 -2.5
v 30.9 3.4 -2.5
v 31 3.4 -2.5
v 31 3.5 -2.5
v 31 3.5 -2.6
v 31 3.4 -2.6
v 30.9 3.4 -2.6
v 30.9 3.5 -2.6
v 31 3.5 -2.5
v 31 3.4 -2.5
v 31.1 3.4 -2.5
v 31.1 3.5 -2.5
v 31.1 3.5 -2.6
v 31.1 3.4 -2.6
v 31 3.4 -2.6
v 31 3.5 -2.6
v 31.1 3.5 -2.5
v 31.1 3.4 -2.5
v 31.2 3.4 -2.5
v 31.2 3.5 -2.5
v 31.2 3.5 -2.6
v 31.2 3.4 -2.6
v 31.1 3.4 -2.6
v 31.1 3.5 -2.6
v 31.3 3.5 -2.5
v 31.3 3.4 -2.5
v 31.3 3.4 -2.6
v 31.3 3.5 -2.6
v 31.2 3.4 -2.5
v 31.2 3.4 -2.6
v 31.3 3.4 -2.6
v 31.3 3.4 -2.5
v 31.2 3.5 -2.5
v 31.2 3.4 -2.5
v 31.3 3.4 -2.5
v 31.3 3.5 -2.5
v 31.3 3.5 -2.6
v 31.3 3.4 -2.6
v 31.2 3.4 -2.6
v 31.2 3.5 -2.6
v 31.5 3.5 -2.6
v 31.5 3.4 -2.6
v 31.5 3.4 -2.5
v 31.5 3.5 -2.5
v 31.6 3.5 -2.5
v 31.6 3.4 -2.5
v 31.6 3.4 -2.6
v 31.6 3.5 -2.6
v 31.5 3.5 -2.6
v 31.5 3.5 -2.5
v 31.6 3.5 -2.5
v 31.6 3.5 -2.6
v 31.5 3.4 -2.5
v 31.5 3.4 -2.6
v 31.6 3.4 -2.6
v 31.6 3.4 -2.5
v 31.5 3.5 -2.5
v 31.5 3.4 -2.5
v 31.6 3.4 -2.5
v 31.6 3.5 -2.5
v 31.6 3.5 -2.6
v 31.6 3.4 -2.6
v 31.5 3.4 -2.6
v 31.5 3.5 -2.6
v 31.9 3.5 -2.6
v 31.9 3.4 -2.6
v 31.9 3.4 -2.5
v 31.9 3.5 -2.5
v 32 3.5 -2.5
v 32 3.4 -2.5
v 32 3.4 -2.6
v 32 3.5 -2.6
v 31.9 3.4 -2.5
v 31.9 3.4 -2.6
v 32 3.4 -2.6
v 32 3.4 -2.5
v 31.9 3.5 -2.5
v 31.9 3.4 -2.5
v 32 3.4 -2.5
v 32 3.5 -2.5
v 32 3.5 -2.6
v 32 3.4 -2.6
v 31.9 3.4 -2.6
v 31.9 3.5 -2.6
v 30.6 3.4 -2.6
v 30.6 3.3 -2.6
v 30.6 3.3 -2.5
v 30.6 3.4 -2.5
v 30.7 3.4 -2.5
v 30.7 3.3 -2.5
v 30.7 3.3 -2.6
v 30.7 3.4 -2.6
v 30.6 3.4 -2.6
v 30.6 3.4 -2.5
v 30.7 3.4 -2.5
v 30.7 3.4 -2.6
v 30.6 3.3 -2.5
v 30.6 3.3 -2.6
v 30.7 3.3 -2.6
v 30.7 3.3 -2.5
v 30.6 3.4 -2.5
v 30.6 3.3 -2.5
v 30.7 3.3 -2.5
v 30.7 3.4 -2.5
v 30.7 3.4 -2.6
v 30.7 3.3 -2.6
v 30.6 3.3 -2.6
v 30.6 3.4 -2.6
v 30.8 3.4 -2.6
v 30.8 3.3 -2.6
v 30.8 3.3 -2.5
v 30.8 3.4 -2.5
v 30.8 3.4 -2.6
v 30.8 3.4 -2.5
v 30.9 3.4 -2.5
v 30.9 3.4 -2.6
v 30.8 3.4 -2.5
v 30.8 3.3 -2.5
v 30.9 3.3 -2.5
v 30.9 3.4 -2.5
v 30.9 3.4 -2.6
v 30.9 3.3 -2.6
v 30.8 3.3 -2.6
v 30.8 3.4 -2.6
v 30.9 3.4 -2.5
v 30.9 3.3 -2.5
v 31 3.3 -2.5
v 31 3.4 -2.5
v 31 3.4 -2.6
v 31 3.3 -2.6
v 30.9 3.3 -2.6
v 30.9 3.4 -2.6
v 31 3.3 -2.5
v 31 3.3 -2.6
v 31.1 3.3 -2.6
v 31.1 3.3 -2.5
v 31 3.4 -2.5
v 31 3.3 -2.5
v 31.1 3.3 -2.5
v 31.1 3.4 -2.5
v 31.1 3.4 -2.6
v 31.1 3.3 -2.6
v 31 3.3 -2.6
v 31 3.4 -2.6
v 31.2 3.4 -2.5
v 31.2 3.3 -2.5
v 31.2 3.3 -2.6
v 31.2 3.4 -2.6
v 31.1 3.3 -2.5
v 31.1 3.3 -2.6
v 31.2 3.3 -2.6
v 31.2 3.3 -2.5
v 31.1 3.4 -2.5
v 31.1 3.3 -2.5
v 31.2 3.3 -2.5
v 31.2 3.4 -2.5
v 31.2 3.4 -2.6
v 31.2 3.3 -2.6
v 31.1 3.3 -2.6
v 31.1 3.4 -2.6
v 30.7 3.3 -2.6
v 30.7 3.2 -2.6
v 30.7 3.2 -2.5
v 30.7 3.3 -2.5
v 30.7 3.3 -2.6
v 30.7 3.3 -2.5
v 30.8 3.3 -2.5
v 30.8 3.3 -2.6
v 30.7 3.2 -2.5
v 30.7 3.2 -2.6
v 30.8 3.2 -2.6
v 30.8 3.2 -2.5
v 30.7 3.3 -2.5
v 30.7 3.2 -2.5
v 30.8 3.2 -2.5
v 30.8 3.3 -2.5
v 30.8 3.3 -2.6
v 30.8 3.2 -2.6
v 30.7 3.2 -2.6
v 30.7 3.3 -2.6
v 30.8 3.3 -2.5
v 30.8 3.2 -2.5
v 30.9 3.2 -2.5
v 30.9 3.3 -2.5
v 30.9 3.3 -2.6
v 30.9 3.2 -2.6
v 30.8 3.2 -2.6
v 30.8 3.3 -2.6
v 31 3.3 -2.5
v 31 3.2 -2.5
v 31 3.2 -2.6
v 31 3.3 -2.6
v 30.9 3.2 -2.5
v 30.9 3.2 -2.6
v 31 3.2 -2.6
v 31 3.2 -2.5
v 30.9 3.3 -2.5
v 30.9 3.2 -2.5
v 31 3.2 -2.5
v 31 3.3 -2.5
v 31 3.3 -2.6
v 31 3.2 -2.6
v 30.9 3.2 -2.6
v 30.9 3.3 -2.6
v 30.8 3.2 -2.6
v 30.8 3.1 -2.6
v 30.8 3.1 -2.5
v 30.8 3.2 -2.5
v 30.9 3.2 -2.5
v 30.9 3.1 -2.5
v 30.9 3.1 -2.6
v 30.9 3.2 -2.6
v 30.8 3.1 -2.5
v 30.8 3.1 -2.6
v 30.9 3.1 -2.6
v 30.9 3.1 -2.5
v 30.8 3.2 -2.5
v 30.8 3.1 -2.5
v 30.9 3.1 -2.5
v 30.9 3.2 -2.5
v 30.9 3.2 -2.6
v 30.9 3.1 -2.6
v 30.8 3.1 -2.6
v 30.8 3.2 -2.6
v 30.8 3 -2.6
v 30.8 2.9 -2.6
v 30.8 2.9 -2.5
v 30.8 3 -2.5
v 30.9 3 -2.5
v 30.9 2.9 -2.5
v 30.9 2.9 -2.6
v 30.9 3 -2.6
v 30.8 3 -2.6
v 30.8 3 -2.5
v 30.9 3 -2.5
v 30.9 3 -2.6
v 30.8 3 -2.5
v 30.8 2.9 -2.5
v 30.9 2.9 -2.5
v 30.9 3 -2.5
v 30.9 3 -2.6
v 30.9 2.9 -2.6
v 30.8 2.9 -2.6
v 30.8 3 -2.6
v 30.7 2.9 -2.6
v 30.7 2.8 -2.6
v 30.7 2.8 -2.5
v 30.7 2.9 -2.5
v 30.7 2.9 -2.6
v 30.7 2.9 -2.5
v 30.8 2.9 -2.5
v 30.8 2.9 -2.6
v 30.7 2.9 -2.5
v 30.7 2.8 -2.5
v 30.8 2.8 -2.5
v 30.8 2.9 -2.5
v 30.8 2.9 -2.6
v 30.8 2.8 -2.6
v 30.7 2.8 -2.6
v 30.7 2.9 -2.6
v 30.9 2.9 -2.5
v 30.9 2.8 -2.5
v 30.9 2.8 -2.6
v 30.9 2.9 -2.6
v 30.8 2.9 -2.5
v 30.8 2.8 -2.5
v 30.9 2.8 -2.5
v 30.9 2.9 -2.5
v 30.9 2.9 -2.6
v 30.9 2.8 -2.6
v 30.8 2.8 -2.6
v 30.8 2.9 -2.6
v 30.6 2.8 -2.6
v 30.6 2.7 -2.6
v 30.6 2.7 -2.5
v 30.6 2.8 -2.5
v 30.6 2.8 -2.6
v 30.6 2.8 -2.5
v 30.7 2.8 -2.5
v 30.7 2.8 -2.6
v 30.6 2.7 -2.5
v 30.6 2.7 -2.6
v 30.7 2.7 -2.6
v 30.7 2.7 -2.5
v 30.6 2.8 -2.5
v 30.6 2.7 -2.5
v 30.7 2.7 -2.5
v 30.7 2.8 -2.5
v 30.7 2.8 -2.6
v 30.7 2.7 -2.6
v 30.6 2.7 -2.6
v 30.6 2.8 -2.6
v 30.7 2.8 -2.5
v 30.7 2.7 -2.5
v 30.8 2.7 -2.5
v 30.8 2.8 -2.5
v 30.8 2.8 -2.6
v 30.8 2.7 -2.6
v 30.7 2.7 -2.6
v 30.7 2.8 -2.6
v 30.8 2.8 -2.5
v 30.8 2.7 -2.5
v 30.9 2.7 -2.5
v 30.9 2.8 -2.5
v 30.9 2.8 -2.6
v 30.9 2.7 -2.6
v 30.8 2.7 -2.6
v 30.8 2.8 -2.6
v 31 2.8 -2.5
v 31 2.7 -2.5
v 31 2.7 -2.6
v 31 2.8 -2.6
v 30.9 2.8 -2.6
v 30.9 2.8 -2.5
v 31 2.8 -2.5
v 31 2.8 -2.6
v 30.9 2.8 -2.5
v 30.9 2.7 -2.5
v 31 2.7 -2.5
v 31 2.8 -2.5
v 31 2.8 -2.6
v 31 2.7 -2.6
v 30.9 2.7 -2.6
v 30.9 2.8 -2.6
v 30.7 2.7 -2.6
v 30.7 2.6 -2.6
v 30.7 2.6 -2.5
v 30.7 2.7 -2.5
v 30.7 2.6 -2.5
v 30.7 2.6 -2.6
v 30.8 2.6 -2.6
v 30.8 2.6 -2.5
v 30.7 2.7 -2.5
v 30.7 2.6 -2.5
v 30.8 2.6 -2.5
v 30.8 2.7 -2.5
v 30.8 2.7 -2.6
v 30.8 2.6 -2.6
v 30.7 2.6 -2.6
v 30.7 2.7 -2.6
v 30.8 2.7 -2.5
v 30.8 2.6 -2.5
v 30.9 2.6 -2.5
v 30.9 2.7 -2.5
v 30.9 2.7 -2.6
v 30.9 2.6 -2.6
v 30.8 2.6 -2.6
v 30.8 2.7 -2.6
v 31 2.7 -2.5
v 31 2.6 -2.5
v 31 2.6 -2.6
v 31 2.7 -2.6
v 30.9 2.7 -2.5
v 30.9 2.6 -2.5
v 31 2.6 -2.5
v 31 2.7 -2.5
v 31 2.7 -2.6
v 31 2.6 -2.6
v 30.9 2.6 -2.6
v 30.9 2.7 -2.6
v 30.8 2.6 -2.6
v 30.8 2.5 -2.6
v 30.8 2.5 -2.5
v 30.8 2.6 -2.5
v 30.8 2.5 -2.5
v 30.8 2.5 -2.6
v 30.9 2.5 -2.6
v 30.9 2.5 -2.5
v 30.8 2.6 -2.5
v 30.8 2.5 -2.5
v 30.9 2.5 -2.5
v 30.9 2.6 -2.5
v 30.9 2.6 -2.6
v 30.9 2.5 -2.6
v 30.8 2.5 -2.6
v 30.8 2.6 -2.6
v 30.9 2.6 -2.5
v 30.9 2.5 -2.5
v 31 2.5 -2.5
v 31 2.6 -2.5
v 31 2.6 -2.6
v 31 2.5 -2.6
v 30.9 2.5 -2.6
v 30.9 2.6 -2.6
v 31.1 2.6 -2.5
v 31.1 2.5 -2.5
v 31.1 2.5 -2.6
v 31.1 2.6 -2.6
v 31 2.6 -2.6
v 31 2.6 -2.5
v 31.1 2.6 -2.5
v 31.1 2.6 -2.6
v 31 2.6 -2.5
v 31 2.5 -2.5
v 31.1 2.5 -2.5
v 31.1 2.6 -2.5
v 31.1 2.6 -2.6
v 31.1 2.5 -2.6
v 31 2.5 -2.6
v 31 2.6 -2.6
v 30.9 2.5 -2.6
v 30.9 2.4 -2.6
v 30.9 2.4 -2.5
v 30.9 2.5 -2.5
v 30.9 2.4 -2.5
v 30.9 2.4 -2.6
v 31 2.4 -2.6
v 31 2.4 -2.5
v 30.9 2.5 -2.5
v 30.9 2.4 -2.5
v 31 2.4 -2.5
v 31 2.5 -2.5
v 31 2.5 -2.6
v 31 2.4 -2.6
v 30.9 2.4 -2.6
v 30.9 2.5 -2.6
v 31 2.5 -2.5
v 31 2.4 -2.5
v 31.1 2.4 -2.5
v 31.1 2.5 -2.5
v 31.1 2.5 -2.6
v 31.1 2.4 -2.6
v 31 2.4 -2.6
v 31 2.5 -2.6
v 31.2 2.5 -2.5
v 31.2 2.4 -2.5
v 31.2 2.4 -2.6
v 31.2 2.5 -2.6
v 31.1 2.5 -2.6
v 31.1 2.5 -2.5
v 31.2 2.5 -2.5
v 31.2 2.5 -2.6
v 31.1 2.4 -2.5
v 31.1 2.4 -2.6
v 31.2 2.4 -2.6
v 31.2 2.4 -2.5
v 31.1 2.5 -2.5
v 31.1 2.4 -2.5
v 31.2 2.4 -2.5
v 31.2 2.5 -2.5
v 31.2 2.5 -2.6
v 31.2 2.4 -2.6
v 31.1 2.4 -2.6
v 31.1 2.5 -2.6
v 31 2.4 -2.6
v 31 2.3 -2.6
v 31 2.3 -2.5
v 31 2.4 -2.5
v 31.1 2.4 -2.5
v 31.1 2.3 -2.5
v 31.1 2.3 -2.6
v 31.1 2.4 -2.6
v 31 2.3 -2.5
v 31 2.3 -2.6
v 31.1 2.3 -2.6
v 31.1 2.3 -2.5
v 31 2.4 -2.5
v 31 2.3 -2.5
v 31.1 2.3 -2.5
v 31.1 2.4 -2.5
v 31.1 2.4 -2.6
v 31.1 2.3 -2.6
v 31 2.3 -2.6
v 31 2.4 -2.6

# faces
f 1/3/1 2/3/1 3/3/1 4/3/1
f 5/3/2 6/3/2 7/3/2 8/3/2
f 9/3/3 10/3/3 11/3/3 12/3/3
f 13/3/5 14/3/5 15/3/5 16/3/5
f 17/3/6 18/3/6 19/3/6 20/3/6
f 21/3/1 22/3/1 23/3/1 24/3/1
f 25/3/3 26/3/3 27/3/3 28/3/3
f 29/3/5 30/3/5 31/3/5 32/3/5
f 33/3/6 34/3/6 35/3/6 36/3/6
f 37/4/3 38/4/3 39/4/3 40/4/3
f 41/4/5 42/4/5 43/4/5 44/4/5
f 45/4/6 46/4/6 47/4/6 48/4/6
f 49/4/2 50/4/2 51/4/2 52/4/2
f 53/4/5 54/4/5 55/4/5 56/4/5
f 57/4/6 58/4/6 59/4/6 60/4/6
f 61/3/1 62/3/1 63/3/1 64/3/1
f 65/3/3 66/3/3 67/3/3 68/3/3
f 69/3/5 70/3/5 71/3/5 72/3/5
f 73/3/6 74/3/6 75/3/6 76/3/6
f 77/4/5 78/4/5 79/4/5 80/4/5
f 81/4/6 82/4/6 83/4/6 84/4/6
f 85/4/5 86/4/5 87/4/5 88/4/5
f 89/4/6 90/4/6 91/4/6 92/4/6
f 93/4/2 94/4/2 95/4/2 96/4/2
f 97/4/5 98/4/5 99/4/5 100/4/5
f 101/4/6 102/4/6 103/4/6 104/4/6
f 105/3/1 106/3/1 107/3/1 108/3/1
f 109/3/2 110/3/2 111/3/2 112/3/2
f 113/3/3 114/3/3 115/3/3 116/3/3
f 117/3/5 118/3/5 119/3/5 120/3/5
f 121/3/6 122/3/6 123/3/6 124/3/6
f 125/4/1 126/4/1 127/4/1 128/4/1
f 129/4/4 130/4/4 131/4/4 132/4/4
f 133/4/5 134/4/5 135/4/5 136/4/5
f 137/4/6 138/4/6 139/4/6 140/4/6
f 141/4/5 142/4/5 143/4/5 144/4/5
f 145/4/6 146/4/6 147/4/6 148/4/6
f 149/4/5 150/4/5 151/4/5 152/4/5
f 153/4/6 154/4/6 155/4/6 156/4/6
f 157/3/2 158/3/2 159/3/2 160/3/2
f 161/3/4 162/3/4 163/3/4 164/3/4
f 165/3/5 166/3/5 167/3/5 168/3/5
f 169/3/6 170/3/6 171/3/6 172/3/6
f 173/3/1 174/3/1 175/3/1 176/3/1
f 177/3/3 178/3/3 179/3/3 180/3/3
f 181/3/5 182/3/5 183/3/5 184/3/5
f 185/3/6 186/3/6 187/3/6 188/3/6
f 189/4/2 190/4/2 191/4/2 192/4/2
f 193/4/5 194/4/5 195/4/5 196/4/5
f 197/4/6 198/4/6 199/4/6 200/4/6
f 201/4/1 202/4/1 203/4/1 204/4/1
f 205/4/5 206/4/5 207/4/5 208/4/5
f 209/4/6 210/4/6 211/4/6 212/4/6
f 213/3/2 214/3/2 215/3/2 216/3/2
f 217/3/4 218/3/4 219/3/4 220/3/4
f 221/3/5 222/3/5 223/3/5 224/3/5
f 225/3/6 226/3/6 227/3/6 228/3/6
f 229/3/1 230/3/1 231/3/1 232/3/1
f 233/3/5 234/3/5 235/3/5 236/3/5
f 237/3/6 238/3/6 239/3/6 240/3/6
f 241/4/5 242/4/5 243/4/5 244/4/5
f 245/4/6 246/4/6 247/4/6 248/4/6
f 249/3/2 250/3/2 251/3/2 252/3/2
f 253/3/3 254/3/3 255/3/3 256/3/3
f 257/3/5 258/3/5 259/3/5 260/3/5
f 261/3/6 262/3/6 263/3/6 264/3/6
f 265/4/1 266/4/1 267/4/1 268/4/1
f 269/4/2 270/4/2 271/4/2 272/4/2
f 273/4/4 274/4/4 275/4/4 276/4/4
f 277/4/5 278/4/5 279/4/5 280/4/5
f 281/4/6 282/4/6 283/4/6 284/4/6
f 285/3/1 286/3/1 287/3/1 288/3/1
f 289/3/5 290/3/5 291/3/5 292/3/5
f 293/3/6 294/3/6 295/3/6 296/3/6
f 297/4/5 298/4/5 299/4/5 300/4/5
f 301/4/6 302/4/6 303/4/6 304/4/6
f 305/4/2 306/4/2 307/4/2 308/4/2
f 309/4/5 310/4/5 311/4/5 312/4/5
f 313/4/6 314/4/6 315/4/6 316/4/6
f 317/4/1 318/4/1 319/4/1 320/4/1
f 321/4/5 322/4/5 323/4/5 324/4/5
f 325/4/6 326/4/6 327/4/6 328/4/6
f 329/4/5 330/4/5 331/4/5 332/4/5
f 333/4/6 334/4/6 335/4/6 336/4/6
f 337/4/2 338/4/2 339/4/2 340/4/2
f 341/4/5 342/4/5 343/4/5 344/4/5
f 345/4/6 346/4/6 347/4/6 348/4/6
f 349/3/1 350/3/1 351/3/1 352/3/1
f 353/3/2 354/3/2 355/3/2 356/3/2
f 357/3/3 358/3/3 359/3/3 360/3/3
f 361/3/5 362/3/5 363/3/5 364/3/5
f 365/3/6 366/3/6 367/3/6 368/3/6
f 369/4/1 370/4/1 371/4/1 372/4/1
f 373/4/5 374/4/5 375/4/5 376/4/5
f 377/4/6 378/4/6 379/4/6 380/4/6
f 381/9/5 382/9/5 383/9/5 384/9/5
f 385/9/6 386/9/6 387/9/6 388/9/6
f 389/4/5 390/4/5 391/4/5 392/4/5
f 393/4/6 394/4/6 395/4/6 396/4/6
f 397/3/2 398/3/2 399/3/2 400/3/2
f 401/3/3 402/3/3 403/3/3 404/3/3
f 405/3/5 406/3/5 407/3/5 408/3/5
f 409/3/6 410/3/6 411/3/6 412/3/6
f 413/3/1 414/3/1 415/3/1 416/3/1
f 417/3/3 418/3/3 419/3/3 420/3/3
f 421/3/4 422/3/4 423/3/4 424/3/4
f 425/3/5 426/3/5 427/3/5 428/3/5
f 429/3/6 430/3/6 431/3/6 432/3/6
f 433/4/5 434/4/5 435/4/5 436/4/5
f 437/4/6 438/4/6 439/4/6 440/4/6
f 441/3/2 442/3/2 443/3/2 444/3/2
f 445/3/3 446/3/3 447/3/3 448/3/3
f 449/3/5 450/3/5 451/3/5 452/3/5
f 453/3/6 454/3/6 455/3/6 456/3/6
f 457/3/1 458/3/1 459/3/1 460/3/1
f 461/3/3 462/3/3 463/3/3 464/3/3
f 465/3/5 466/3/5 467/3/5 468/3/5
f 469/3/6 470/3/6 471/3/6 472/3/6
f 473/4/5 474/4/5 475/4/5 476/4/5
f 477/4/6 478/4/6 479/4/6 480/4/6
f 481/4/5 482/4/5 483/4/5 484/4/5
f 485/4/6 486/4/6 487/4/6 488/4/6
f 489/4/5 490/4/5 491/4/5 492/4/5
f 493/4/6 494/4/6 495/4/6 496/4/6
f 497/4/2 498/4/2 499/4/2 500/4/2
f 501/4/5 502/4/5 503/4/5 504/4/5
f 505/4/6 506/4/6 507/4/6 508/4/6
f 509/3/1 510/3/1 511/3/1 512/3/1
f 513/3/4 514/3/4 515/3/4 516/3/4
f 517/3/5 518/3/5 519/3/5 520/3/5
f 521/3/6 522/3/6 523/3/6 524/3/6
f 525/4/5 526/4/5 527/4/5 528/4/5
f 529/4/6 530/4/6 531/4/6 532/4/6
f 533/3/2 534/3/2 535/3/2 536/3/2
f 537/3/3 538/3/3 539/3/3 540/3/3
f 541/3/5 542/3/5 543/3/5 544/3/5
f 545/3/6 546/3/6 547/3/6 548/3/6
f 549/3/1 550/3/1 551/3/1 552/3/1
f 553/3/5 554/3/5 555/3/5 556/3/5
f 557/3/6 558/3/6 559/3/6 560/3/6
f 561/4/5 562/4/5 563/4/5 564/4/5
f 565/4/6 566/4/6 567/4/6 568/4/6
f 569/4/5 570/4/5 571/4/5 572/4/5
f 573/4/6 574/4/6 575/4/6 576/4/6
f 577/4/5 578/4/5 579/4/5 580/4/5
f 581/4/6 582/4/6 583/4/6 584/4/6
f 585/4/2 586/4/2 587/4/2 588/4/2
f 589/4/5 590/4/5 591/4/5 592/4/5
f 593/4/6 594/4/6 595/4/6 596/4/6
f 597/3/1 598/3/1 599/3/1 600/3/1
f 601/3/4 602/3/4 603/3/4 604/3/4
f 605/3/5 606/3/5 607/3/5 608/3/5
f 609/3/6 610/3/6 611/3/6 612/3/6
f 613/4/5 614/4/5 615/4/5 616/4/5
f 617/4/6 618/4/6 619/4/6 620/4/6
f 621/3/2 622/3/2 623/3/2 624/3/2
f 625/3/3 626/3/3 627/3/3 628/3/3
f 629/3/5 630/3/5 631/3/5 632/3/5
f 633/3/6 634/3/6 635/3/6 636/3/6
f 637/3/1 638/3/1 639/3/1 640/3/1
f 641/3/2 642/3/2 643/3/2 644/3/2
f 645/3/3 646/3/3 647/3/3 648/3/3
f 649/3/5 650/3/5 651/3/5 652/3/5
f 653/3/6 654/3/6 655/3/6 656/3/6
f 657/3/1 658/3/1 659/3/1 660/3/1
f 661/3/5 662/3/5 663/3/5 664/3/5
f 665/3/6 666/3/6 667/3/6 668/3/6
f 669/4/5 670/4/5 671/4/5 672/4/5
f 673/4/6 674/4/6 675/4/6 676/4/6
f 677/9/5 678/9/5 679/9/5 680/9/5
f 681/9/6 682/9/6 683/9/6 684/9/6
f 685/4/5 686/4/5 687/4/5 688/4/5
f 689/4/6 690/4/6 691/4/6 692/4/6
f 693/4/5 694/4/5 695/4/5 696/4/5
f 697/4/6 698/4/6 699/4/6 700/4/6
f 701/3/2 702/3/2 703/3/2 704/3/2
f 705/3/3 706/3/3 707/3/3 708/3/3
f 709/3/5 710/3/5 711/3/5 712/3/5
f 713/3/6 714/3/6 715/3/6 716/3/6
f 717/4/1 718/4/1 719/4/1 720/4/1
f 721/4/5 722/4/5 723/4/5 724/4/5
f 725/4/6 726/4/6 727/4/6 728/4/6
f 729/4/5 730/4/5 731/4/5 732/4/5
f 733/4/6 734/4/6 735/4/6 736/4/6
f 737/4/3 738/4/3 739/4/3 740/4/3
f 741/4/5 742/4/5 743/4/5 744/4/5
f 745/4/6 746/4/6 747/4/6 748/4/6
f 749/3/2 750/3/2 751/3/2 752/3/2
f 753/3/3 754/3/3 755/3/3 756/3/3
f 757/3/5 758/3/5 759/3/5 760/3/5
f 761/3/6 762/3/6 763/3/6 764/3/6
f 765/3/1 766/3/1 767/3/1 768/3/1
f 769/3/3 770/3/3 771/3/3 772/3/3
f 773/3/5 774/3/5 775/3/5 776/3/5
f 777/3/6 778/3/6 779/3/6 780/3/6
f 781/4/5 782/4/5 783/4/5 784/4/5
f 785/4/6 786/4/6 787/4/6 788/4/6
f 789/3/2 790/3/2 791/3/2 792/3/2
f 793/3/3 794/3/3 795/3/3 796/3/3
f 797/3/5 798/3/5 799/3/5 800/3/5
f 801/3/6 802/3/6 803/3/6 804/3/6
f 805/3/1 806/3/1 807/3/1 808/3/1
f 809/3/5 810/3/5 811/3/5 812/3/5
f 813/3/6 814/3/6 815/3/6 816/3/6
f 817/9/5 818/9/5 819/9/5 820/9/5
f 821/9/6 822/9/6 823/9/6 824/9/6
f 825/10/5 826/10/5 827/10/5 828/10/5
f 829/10/6 830/10/6 831/10/6 832/10/6
f 833/9/5 834/9/5 835/9/5 836/9/5
f 837/9/6 838/9/6 839/9/6 840/9/6
f 841/4/5 842/4/5 843/4/5 844/4/5
f 845/4/6 846/4/6 847/4/6 848/4/6
f 849/4/2 850/4/2 851/4/2 852/4/2
f 853/4/5 854/4/5 855/4/5 856/4/5
f 857/4/6 858/4/6 859/4/6 860/4/6
f 861/3/1 862/3/1 863/3/1 864/3/1
f 865/3/4 866/3/4 867/3/4 868/3/4
f 869/3/5 870/3/5 871/3/5 872/3/5
f 873/3/6 874/3/6 875/3/6 876/3/6
f 877/4/5 878/4/5 879/4/5 880/4/5
f 881/4/6 882/4/6 883/4/6 884/4/6
f 885/4/5 886/4/5 887/4/5 888/4/5
f 889/4/6 890/4/6 891/4/6 892/4/6
f 893/4/5 894/4/5 895/4/5 896/4/5
f 897/4/6 898/4/6 899/4/6 900/4/6
f 901/3/2 902/3/2 903/3/2 904/3/2
f 905/3/3 906/3/3 907/3/3 908/3/3
f 909/3/5 910/3/5 911/3/5 912/3/5
f 913/3/6 914/3/6 915/3/6 916/3/6
f 917/3/1 918/3/1 919/3/1 920/3/1
f 921/3/4 922/3/4 923/3/4 924/3/4
f 925/3/5 926/3/5 927/3/5 928/3/5
f 929/3/6 930/3/6 931/3/6 932/3/6
f 933/4/5 934/4/5 935/4/5 936/4/5
f 937/4/6 938/4/6 939/4/6 940/4/6
f 941/4/5 942/4/5 943/4/5 944/4/5
f 945/4/6 946/4/6 947/4/6 948/4/6
f 949/3/2 950/3/2 951/3/2 952/3/2
f 953/3/3 954/3/3 955/3/3 956/3/3
f 957/3/5 958/3/5 959/3/5 960/3/5
f 961/3/6 962/3/6 963/3/6 964/3/6
f 965/4/1 966/4/1 967/4/1 968/4/1
f 969/4/5 970/4/5 971/4/5 972/4/5
f 973/4/6 974/4/6 975/4/6 976/4/6
f 977/10/5 978/10/5 979/10/5 980/10/5
f 981/10/6 982/10/6 983/10/6 984/10/6
f 985/2/5 986/2/5 987/2/5 988/2/5
f 989/2/6 990/2/6 991/2/6 992/2/6
f 993/10/5 994/10/5 995/10/5 996/10/5
f 997/10/6 998/10/6 999/10/6 1000/10/6
f 1001/4/5 1002/4/5 1003/4/5 1004/4/5
f 1005/4/6 1006/4/6 1007/4/6 1008/4/6
f 1009/4/5 1010/4/5 1011/4/5 1012/4/5
f 1013/4/6 1014/4/6 1015/4/6 1016/4/6
f 1017/3/2 1018/3/2 1019/3/2 1020/3/2
f 1021/3/3 1022/3/3 1023/3/3 1024/3/3
f 1025/3/5 1026/3/5 1027/3/5 1028/3/5
f 1029/3/6 1030/3/6 1031/3/6 1032/3/6
f 1033/4/1 1034/4/1 1035/4/1 1036/4/1
f 1037/4/5 1038/4/5 1039/4/5 1040/4/5
f 1041/4/6 1042/4/6 1043/4/6 1044/4/6
f 1045/4/5 1046/4/5 1047/4/5 1048/4/5
f 1049/4/6 1050/4/6 1051/4/6 1052/4/6
f 1053/4/5 1054/4/5 1055/4/5 1056/4/5
f 1057/4/6 1058/4/6 1059/4/6 1060/4/6
f 1061/4/5 1062/4/5 1063/4/5 1064/4/5
f 1065/4/6 1066/4/6 1067/4/6 1068/4/6
f 1069/3/2 1070/3/2 1071/3/2 1072/3/2
f 1073/3/3 1074/3/3 1075/3/3 1076/3/3
f 1077/3/5 1078/3/5 1079/3/5 1080/3/5
f 1081/3/6 1082/3/6 1083/3/6 1084/3/6
f 1085/3/1 1086/3/1 1087/3/1 1088/3/1
f 1089/3/2 1090/3/2 1091/3/2 1092/3/2
f 1093/3/3 1094/3/3 1095/3/3 1096/3/3
f 1097/3/4 1098/3/4 1099/3/4 1100/3/4
f 1101/3/5 1102/3/5 1103/3/5 1104/3/5
f 1105/3/6 1106/3/6 1107/3/6 1108/3/6
f 1109/4/1 1110/4/1 1111/4/1 1112/4/1
f 1113/4/5 1114/4/5 1115/4/5 1116/4/5
f 1117/4/6 1118/4/6 1119/4/6 1120/4/6
f 1121/4/5 1122/4/5 1123/4/5 1124/4/5
f 1125/4/6 1126/4/6 1127/4/6 1128/4/6
f 1129/4/5 1130/4/5 1131/4/5 1132/4/5
f 1133/4/6 1134/4/6 1135/4/6 1136/4/6
f 1137/4/3 1138/4/3 1139/4/3 1140/4/3
f 1141/4/5 1142/4/5 1143/4/5 1144/4/5
f 1145/4/6 1146/4/6 1147/4/6 1148/4/6
f 1149/3/2 1150/3/2 1151/3/2 1152/3/2
f 1153/3/3 1154/3/3 1155/3/3 1156/3/3
f 1157/3/5 1158/3/5 1159/3/5 1160/3/5
f 1161/3/6 1162/3/6 1163/3/6 1164/3/6
f 1165/4/1 1166/4/1 1167/4/1 1168/4/1
f 1169/4/5 1170/4/5 1171/4/5 1172/4/5
f 1173/4/6 1174/4/6 1175/4/6 1176/4/6
f 1177/2/5 1178/2/5 1179/2/5 1180/2/5
f 1181/2/6 1182/2/6 1183/2/6 1184/2/6
f 1185/2/5 1186/2/5 1187/2/5 1188/2/5
f 1189/2/6 1190/2/6 1191/2/6 1192/2/6
f 1193/2/5 1194/2/5 1195/2/5 1196/2/5
f 1197/2/6 1198/2/6 1199/2/6 1200/2/6
f 1201/9/5 1202/9/5 1203/9/5 1204/9/5
f 1205/9/6 1206/9/6 1207/9/6 1208/9/6
f 1209/4/5 1210/4/5 1211/4/5 1212/4/5
f 1213/4/6 1214/4/6 1215/4/6 1216/4/6
f 1217/4/2 1218/4/2 1219/4/2 1220/4/2
f 1221/4/5 1222/4/5 1223/4/5 1224/4/5
f 1225/4/6 1226/4/6 1227/4/6 1228/4/6
f 1229/3/1 1230/3/1 1231/3/1 1232/3/1
f 1233/3/4 1234/3/4 1235/3/4 1236/3/4
f 1237/3/5 1238/3/5 1239/3/5 1240/3/5
f 1241/3/6 1242/3/6 1243/3/6 1244/3/6
f 1245/4/5 1246/4/5 1247/4/5 1248/4/5
f 1249/4/6 1250/4/6 1251/4/6 1252/4/6
f 1253/4/5 1254/4/5 1255/4/5 1256/4/5
f 1257/4/6 1258/4/6 1259/4/6 1260/4/6
f 1261/4/5 1262/4/5 1263/4/5 1264/4/5
f 1265/4/6 1266/4/6 1267/4/6 1268/4/6
f 1269/4/5 1270/4/5 1271/4/5 1272/4/5
f 1273/4/6 1274/4/6 1275/4/6 1276/4/6
f 1277/3/2 1278/3/2 1279/3/2 1280/3/2
f 1281/3/3 1282/3/3 1283/3/3 1284/3/3
f 1285/3/5 1286/3/5 1287/3/5 1288/3/5
f 1289/3/6 1290/3/6 1291/3/6 1292/3/6
f 1293/3/1 1294/3/1 1295/3/1 1296/3/1
f 1297/3/5 1298/3/5 1299/3/5 1300/3/5
f 1301/3/6 1302/3/6 1303/3/6 1304/3/6
f 1305/4/5 1306/4/5 1307/4/5 1308/4/5
f 1309/4/6 1310/4/6 1311/4/6 1312/4/6
f 1313/9/5 1314/9/5 1315/9/5 1316/9/5
f 1317/9/6 1318/9/6 1319/9/6 1320/9/6
f 1321/4/5 1322/4/5 1323/4/5 1324/4/5
f 1325/4/6 1326/4/6 1327/4/6 1328/4/6
f 1329/4/5 1330/4/5 1331/4/5 1332/4/5
f 1333/4/6 1334/4/6 1335/4/6 1336/4/6
f 1337/3/2 1338/3/2 1339/3/2 1340/3/2
f 1341/3/3 1342/3/3 1343/3/3 1344/3/3
f 1345/3/5 1346/3/5 1347/3/5 1348/3/5
f 1349/3/6 1350/3/6 1351/3/6 1352/3/6
f 1353/3/1 1354/3/1 1355/3/1 1356/3/1
f 1357/3/3 1358/3/3 1359/3/3 1360/3/3
f 1361/3/5 1362/3/5 1363/3/5 1364/3/5
f 1365/3/6 1366/3/6 1367/3/6 1368/3/6
f 1369/9/5 1370/9/5 1371/9/5 1372/9/5
f 1373/9/6 1374/9/6 1375/9/6 1376/9/6
f 1377/2/5 1378/2/5 1379/2/5 1380/2/5
f 1381/2/6 1382/2/6 1383/2/6 1384/2/6
f 1385/2/5 1386/2/5 1387/2/5 1388/2/5
f 1389/2/6 1390/2/6 1391/2/6 1392/2/6
f 1393/2/5 1394/2/5 1395/2/5 1396/2/5
f 1397/2/6 1398/2/6 1399/2/6 1400/2/6
f 1401/10/5 1402/10/5 1403/10/5 1404/10/5
f 1405/10/6 1406/10/6 1407/10/6 1408/10/6
f 1409/4/5 1410/4/5 1411/4/5 1412/4/5
f 1413/4/6 1414/4/6 1415/4/6 1416/4/6
f 1417/4/5 1418/4/5 1419/4/5 1420/4/5
f 1421/4/6 1422/4/6 1423/4/6 1424/4/6
f 1425/3/2 1426/3/2 1427/3/2 1428/3/2
f 1429/3/3 1430/3/3 1431/3/3 1432/3/3
f 1433/3/5 1434/3/5 1435/3/5 1436/3/5
f 1437/3/6 1438/3/6 1439/3/6 1440/3/6
f 1441/4/1 1442/4/1 1443/4/1 1444/4/1
f 1445/4/5 1446/4/5 1447/4/5 1448/4/5
f 1449/4/6 1450/4/6 1451/4/6 1452/4/6
f 1453/4/5 1454/4/5 1455/4/5 1456/4/5
f 1457/4/6 1458/4/6 1459/4/6 1460/4/6
f 1461/9/5 1462/9/5 1463/9/5 1464/9/5
f 1465/9/6 1466/9/6 1467/9/6 1468/9/6
f 1469/4/5 1470/4/5 1471/4/5 1472/4/5
f 1473/4/6 1474/4/6 1475/4/6 1476/4/6
f 1477/4/5 1478/4/5 1479/4/5 1480/4/5
f 1481/4/6 1482/4/6 1483/4/6 1484/4/6
f 1485/3/2 1486/3/2 1487/3/2 1488/3/2
f 1489/3/3 1490/3/3 1491/3/3 1492/3/3
f 1493/3/5 1494/3/5 1495/3/5 1496/3/5
f 1497/3/6 1498/3/6 1499/3/6 1500/3/6
f 1501/3/1 1502/3/1 1503/3/1 1504/3/1
f 1505/3/5 1506/3/5 1507/3/5 1508/3/5
f 1509/3/6 1510/3/6 1511/3/6 1512/3/6
f 1513/4/5 1514/4/5 1515/4/5 1516/4/5
f 1517/4/6 1518/4/6 1519/4/6 1520/4/6
f 1521/4/5 1522/4/5 1523/4/5 1524/4/5
f 1525/4/6 1526/4/6 1527/4/6 1528/4/6
f 1529/9/5 1530/9/5 1531/9/5 1532/9/5
f 1533/9/6 1534/9/6 1535/9/6 1536/9/6
f 1537/4/5 1538/4/5 1539/4/5 1540/4/5
f 1541/4/6 1542/4/6 1543/4/6 1544/4/6
f 1545/4/5 1546/4/5 1547/4/5 1548/4/5
f 1549/4/6 1550/4/6 1551/4/6 1552/4/6
f 1553/3/2 1554/3/2 1555/3/2 1556/3/2
f 1557/3/3 1558/3/3 1559/3/3 1560/3/3
f 1561/3/5 1562/3/5 1563/3/5 1564/3/5
f 1565/3/6 1566/3/6 1567/3/6 1568/3/6
f 1569/3/1 1570/3/1 1571/3/1 1572/3/1
f 1573/3/5 1574/3/5 1575/3/5 1576/3/5
f 1577/3/6 1578/3/6 1579/3/6 1580/3/6
f 1581/10/5 1582/10/5 1583/10/5 1584/10/5
f 1585/10/6 1586/10/6 1587/10/6 1588/10/6
f 1589/2/5 1590/2/5 1591/2/5 1592/2/5
f 1593/2/6 1594/2/6 1595/2/6 1596/2/6
f 1597/2/5 1598/2/5 1599/2/5 1600/2/5
f 1601/2/6 1602/2/6 1603/2/6 1604/2/6
f 1605/2/5 1606/2/5 1607/2/5 1608/2/5
f 1609/2/6 1610/2/6 1611/2/6 1612/2/6
f 1613/2/5 1614/2/5 1615/2/5 1616/2/5
f 1617/2/6 1618/2/6 1619/2/6 1620/2/6
f 1621/9/5 1622/9/5 1623/9/5 1624/9/5
f 1625/9/6 1626/9/6 1627/9/6 1628/9/6
f 1629/4/5 1630/4/5 1631/4/5 1632/4/5
f 1633/4/6 1634/4/6 1635/4/6 1636/4/6
f 1637/4/2 1638/4/2 1639/4/2 1640/4/2
f 1641/4/5 1642/4/5 1643/4/5 1644/4/5
f 1645/4/6 1646/4/6 1647/4/6 1648/4/6
f 1649/3/1 1650/3/1 1651/3/1 1652/3/1
f 1653/3/5 1654/3/5 1655/3/5 1656/3/5
f 1657/3/6 1658/3/6 1659/3/6 1660/3/6
f 1661/4/5 1662/4/5 1663/4/5 1664/4/5
f 1665/4/6 1666/4/6 1667/4/6 1668/4/6
f 1669/4/5 1670/4/5 1671/4/5 1672/4/5
f 1673/4/6 1674/4/6 1675/4/6 1676/4/6
f 1677/4/5 1678/4/5 1679/4/5 1680/4/5
f 1681/4/6 1682/4/6 1683/4/6 1684/4/6
f 1685/4/5 1686/4/5 1687/4/5 1688/4/5
f 1689/4/6 1690/4/6 1691/4/6 1692/4/6
f 1693/4/5 1694/4/5 1695/4/5 1696/4/5
f 1697/4/6 1698/4/6 1699/4/6 1700/4/6
f 1701/4/3 1702/4/3 1703/4/3 1704/4/3
f 1705/4/5 1706/4/5 1707/4/5 1708/4/5
f 1709/4/6 1710/4/6 1711/4/6 1712/4/6
f 1713/3/2 1714/3/2 1715/3/2 1716/3/2
f 1717/3/3 1718/3/3 1719/3/3 1720/3/3
f 1721/3/5 1722/3/5 1723/3/5 1724/3/5
f 1725/3/6 1726/3/6 1727/3/6 1728/3/6
f 1729/3/1 1730/3/1 1731/3/1 1732/3/1
f 1733/3/5 1734/3/5 1735/3/5 1736/3/5
f 1737/3/6 1738/3/6 1739/3/6 1740/3/6
f 1741/4/5 1742/4/5 1743/4/5 1744/4/5
f 1745/4/6 1746/4/6 1747/4/6 1748/4/6
f 1749/9/5 1750/9/5 1751/9/5 1752/9/5
f 1753/9/6 1754/9/6 1755/9/6 1756/9/6
f 1757/10/5 1758/10/5 1759/10/5 1760/10/5
f 1761/10/6 1762/10/6 1763/10/6 1764/10/6
f 1765/9/5 1766/9/5 1767/9/5 1768/9/5
f 1769/9/6 1770/9/6 1771/9/6 1772/9/6
f 1773/4/5 1774/4/5 1775/4/5 1776/4/5
f 1777/4/6 1778/4/6 1779/4/6 1780/4/6
f 1781/4/5 1782/4/5 1783/4/5 1784/4/5
f 1785/4/6 1786/4/6 1787/4/6 1788/4/6
f 1789/3/3 1790/3/3 1791/3/3 1792/3/3
f 1793/3/5 1794/3/5 1795/3/5 1796/3/5
f 1797/3/6 1798/3/6 1799/3/6 1800/3/6
f 1801/4/5 1802/4/5 1803/4/5 1804/4/5
f 1805/4/6 1806/4/6 1807/4/6 1808/4/6
f 1809/2/5 1810/2/5 1811/2/5 1812/2/5
f 1813/2/6 1814/2/6 1815/2/6 1816/2/6
f 1817/2/5 1818/2/5 1819/2/5 1820/2/5
f 1821/2/6 1822/2/6 1823/2/6 1824/2/6
f 1825/2/5 1826/2/5 1827/2/5 1828/2/5
f 1829/2/6 1830/2/6 1831/2/6 1832/2/6
f 1833/2/5 1834/2/5 1835/2/5 1836/2/5
f 1837/2/6 1838/2/6 1839/2/6 1840/2/6
f 1841/2/5 1842/2/5 1843/2/5 1844/2/5
f 1845/2/6 1846/2/6 1847/2/6 1848/2/6
f 1849/10/5 1850/10/5 1851/10/5 1852/10/5
f 1853/10/6 1854/10/6 1855/10/6 1856/10/6
f 1857/9/5 1858/9/5 1859/9/5 1860/9/5
f 1861/9/6 1862/9/6 1863/9/6 1864/9/6
f 1865/4/2 1866/4/2 1867/4/2 1868/4/2
f 1869/4/5 1870/4/5 1871/4/5 1872/4/5
f 1873/4/6 1874/4/6 1875/4/6 1876/4/6
f 1877/3/1 1878/3/1 1879/3/1 1880/3/1
f 1881/3/3 1882/3/3 1883/3/3 1884/3/3
f 1885/3/5 1886/3/5 1887/3/5 1888/3/5
f 1889/3/6 1890/3/6 1891/3/6 1892/3/6
f 1893/3/3 1894/3/3 1895/3/3 1896/3/3
f 1897/3/5 1898/3/5 1899/3/5 1900/3/5
f 1901/3/6 1902/3/6 1903/3/6 1904/3/6
f 1905/4/5 1906/4/5 1907/4/5 1908/4/5
f 1909/4/6 1910/4/6 1911/4/6 1912/4/6
f 1913/4/5 1914/4/5 1915/4/5 1916/4/5
f 1917/4/6 1918/4/6 1919/4/6 1920/4/6
f 1921/4/5 1922/4/5 1923/4/5 1924/4/5
f 1925/4/6 1926/4/6 1927/4/6 1928/4/6
f 1929/4/5 1930/4/5 1931/4/5 1932/4/5
f 1933/4/6 1934/4/6 1935/4/6 1936/4/6
f 1937/9/5 1938/9/5 1939/9/5 1940/9/5
f 1941/9/6 1942/9/6 1943/9/6 1944/9/6
f 1945/4/5 1946/4/5 1947/4/5 1948/4/5
f 1949/4/6 1950/4/6 1951/4/6 1952/4/6
f 1953/4/5 1954/4/5 1955/4/5 1956/4/5
f 1957/4/6 1958/4/6 1959/4/6 1960/4/6
f 1961/4/5 1962/4/5 1963/4/5 1964/4/5
f 1965/4/6 1966/4/6 1967/4/6 1968/4/6
f 1969/3/3 1970/3/3 1971/3/3 1972/3/3
f 1973/3/5 1974/3/5 1975/3/5 1976/3/5
f 1977/3/6 1978/3/6 1979/3/6 1980/3/6
f 1981/4/5 1982/4/5 1983/4/5 1984/4/5
f 1985/4/6 1986/4/6 1987/4/6 1988/4/6
f 1989/4/5 1990/4/5 1991/4/5 1992/4/5
f 1993/4/6 1994/4/6 1995/4/6 1996/4/6
f 1997/10/5 1998/10/5 1999/10/5 2000/10/5
f 2001/10/6 2002/10/6 2003/10/6 2004/10/6
f 2005/2/5 2006/2/5 2007/2/5 2008/2/5
f 2009/2/6 2010/2/6 2011/2/6 2012/2/6
f 2013/10/5 2014/10/5 2015/10/5 2016/10/5
f 2017/10/6 2018/10/6 2019/10/6 2020/10/6
f 2021/9/5 2022/9/5 2023/9/5 2024/9/5
f 2025/9/6 2026/9/6 2027/9/6 2028/9/6
f 2029/9/5 2030/9/5 2031/9/5 2032/9/5
f 2033/9/6 2034/9/6 2035/9/6 2036/9/6
f 2037/4/5 2038/4/5 2039/4/5 2040/4/5
f 2041/4/6 2042/4/6 2043/4/6 2044/4/6
f 2045/9/5 2046/9/5 2047/9/5 2048/9/5
f 2049/9/6 2050/9/6 2051/9/6 2052/9/6
f 2053/2/5 2054/2/5 2055/2/5 2056/2/5
f 2057/2/6 2058/2/6 2059/2/6 2060/2/6
f 2061/2/5 2062/2/5 2063/2/5 2064/2/5
f 2065/2/6 2066/2/6 2067/2/6 2068/2/6
f 2069/2/5 2070/2/5 2071/2/5 2072/2/5
f 2073/2/6 2074/2/6 2075/2/6 2076/2/6
f 2077/2/5 2078/2/5 2079/2/5 2080/2/5
f 2081/2/6 2082/2/6 2083/2/6 2084/2/6
f 2085/2/5 2086/2/5 2087/2/5 2088/2/5
f 2089/2/6 2090/2/6 2091/2/6 2092/2/6
f 2093/2/5 2094/2/5 2095/2/5 2096/2/5
f 2097/2/6 2098/2/6 2099/2/6 2100/2/6
f 2101/10/5 2102/10/5 2103/10/5 2104/10/5
f 2105/10/6 2106/10/6 2107/10/6 2108/10/6
f 2109/9/2 2110/9/2 2111/9/2 2112/9/2
f 2113/9/5 2114/9/5 2115/9/5 2116/9/5
f 2117/9/6 2118/9/6 2119/9/6 2120/9/6
f 2121/3/1 2122/3/1 2123/3/1 2124/3/1
f 2125/3/3 2126/3/3 2127/3/3 2128/3/3
f 2129/3/4 2130/3/4 2131/3/4 2132/3/4
f 2133/3/5 2134/3/5 2135/3/5 2136/3/5
f 2137/3/6 2138/3/6 2139/3/6 2140/3/6
f 2141/4/4 2142/4/4 2143/4/4 2144/4/4
f 2145/4/5 2146/4/5 2147/4/5 2148/4/5
f 2149/4/6 2150/4/6 2151/4/6 2152/4/6
f 2153/4/5 2154/4/5 2155/4/5 2156/4/5
f 2157/4/6 2158/4/6 2159/4/6 2160/4/6
f 2161/9/5 2162/9/5 2163/9/5 2164/9/5
f 2165/9/6 2166/9/6 2167/9/6 2168/9/6
f 2169/4/5 2170/4/5 2171/4/5 2172/4/5
f 2173/4/6 2174/4/6 2175/4/6 2176/4/6
f 2177/4/5 2178/4/5 2179/4/5 2180/4/5
f 2181/4/6 2182/4/6 2183/4/6 2184/4/6
f 2185/9/5 2186/9/5 2187/9/5 2188/9/5
f 2189/9/6 2190/9/6 2191/9/6 2192/9/6
f 2193/10/5 2194/10/5 2195/10/5 2196/10/5
f 2197/10/6 2198/10/6 2199/10/6 2200/10/6
f 2201/9/5 2202/9/5 2203/9/5 2204/9/5
f 2205/9/6 2206/9/6 2207/9/6 2208/9/6
f 2209/9/5 2210/9/5 2211/9/5 2212/9/5
f 2213/9/6 2214/9/6 2215/9/6 2216/9/6
f 2217/4/5 2218/4/5 2219/4/5 2220/4/5
f 2221/4/6 2222/4/6 2223/4/6 2224/4/6
f 2225/4/5 2226/4/5 2227/4/5 2228/4/5
f 2229/4/6 2230/4/6 2231/4/6 2232/4/6
f 2233/4/5 2234/4/5 2235/4/5 2236/4/5
f 2237/4/6 2238/4/6 2239/4/6 2240/4/6
f 2241/9/5 2242/9/5 2243/9/5 2244/9/5
f 2245/9/6 2246/9/6 2247/9/6 2248/9/6
f 2249/2/5 2250/2/5 2251/2/5 2252/2/5
f 2253/2/6 2254/2/6 2255/2/6 2256/2/6
f 2257/2/5 2258/2/5 2259/2/5 2260/2/5
f 2261/2/6 2262/2/6 2263/2/6 2264/2/6
f 2265/2/5 2266/2/5 2267/2/5 2268/2/5
f 2269/2/6 2270/2/6 2271/2/6 2272/2/6
f 2273/10/5 2274/10/5 2275/10/5 2276/10/5
f 2277/10/6 2278/10/6 2279/10/6 2280/10/6
f 2281/10/5 2282/10/5 2283/10/5 2284/10/5
f 2285/10/6 2286/10/6 2287/10/6 2288/10/6
f 2289/9/5 2290/9/5 2291/9/5 2292/9/5
f 2293/9/6 2294/9/6 2295/9/6 2296/9/6
f 2297/10/5 2298/10/5 2299/10/5 2300/10/5
f 2301/10/6 2302/10/6 2303/10/6 2304/10/6
f 2305/2/5 2306/2/5 2307/2/5 2308/2/5
f 2309/2/6 2310/2/6 2311/2/6 2312/2/6
f 2313/2/5 2314/2/5 2315/2/5 2316/2/5
f 2317/2/6 2318/2/6 2319/2/6 2320/2/6
f 2321/2/5 2322/2/5 2323/2/5 2324/2/5
f 2325/2/6 2326/2/6 2327/2/6 2328/2/6
f 2329/2/5 2330/2/5 2331/2/5 2332/2/5
f 2333/2/6 2334/2/6 2335/2/6 2336/2/6
f 2337/2/5 2338/2/5 2339/2/5 2340/2/5
f 2341/2/6 2342/2/6 2343/2/6 2344/2/6
f 2345/2/5 2346/2/5 2347/2/5 2348/2/5
f 2349/2/6 2350/2/6 2351/2/6 2352/2/6
f 2353/2/5 2354/2/5 2355/2/5 2356/2/5
f 2357/2/6 2358/2/6 2359/2/6 2360/2/6
f 2361/10/2 2362/10/2 2363/10/2 2364/10/2
f 2365/10/5 2366/10/5 2367/10/5 2368/10/5
f 2369/10/6 2370/10/6 2371/10/6 2372/10/6
f 2373/3/1 2374/3/1 2375/3/1 2376/3/1
f 2377/3/4 2378/3/4 2379/3/4 2380/3/4
f 2381/3/5 2382/3/5 2383/3/5 2384/3/5
f 2385/3/6 2386/3/6 2387/3/6 2388/3/6
f 2389/4/5 2390/4/5 2391/4/5 2392/4/5
f 2393/4/6 2394/4/6 2395/4/6 2396/4/6
f 2397/9/5 2398/9/5 2399/9/5 2400/9/5
f 2401/9/6 2402/9/6 2403/9/6 2404/9/6
f 2405/9/5 2406/9/5 2407/9/5 2408/9/5
f 2409/9/6 2410/9/6 2411/9/6 2412/9/6
f 2413/10/5 2414/10/5 2415/10/5 2416/10/5
f 2417/10/6 2418/10/6 2419/10/6 2420/10/6
f 2421/2/5 2422/2/5 2423/2/5 2424/2/5
f 2425/2/6 2426/2/6 2427/2/6 2428/2/6
f 2429/10/5 2430/10/5 2431/10/5 2432/10/5
f 2433/10/6 2434/10/6 2435/10/6 2436/10/6
f 2437/10/5 2438/10/5 2439/10/5 2440/10/5
f 2441/10/6 2442/10/6 2443/10/6 2444/10/6
f 2445/9/5 2446/9/5 2447/9/5 2448/9/5
f 2449/9/6 2450/9/6 2451/9/6 2452/9/6
f 2453/4/5 2454/4/5 2455/4/5 2456/4/5
f 2457/4/6 2458/4/6 2459/4/6 2460/4/6
f 2461/9/5 2462/9/5 2463/9/5 2464/9/5
f 2465/9/6 2466/9/6 2467/9/6 2468/9/6
f 2469/2/5 2470/2/5 2471/2/5 2472/2/5
f 2473/2/6 2474/2/6 2475/2/6 2476/2/6
f 2477/2/5 2478/2/5 2479/2/5 2480/2/5
f 2481/2/6 2482/2/6 2483/2/6 2484/2/6
f 2485/2/5 2486/2/5 2487/2/5 2488/2/5
f 2489/2/6 2490/2/6 2491/2/6 2492/2/6
f 2493/2/5 2494/2/5 2495/2/5 2496/2/5
f 2497/2/6 2498/2/6 2499/2/6 2500/2/6
f 2501/2/5 2502/2/5 2503/2/5 2504/2/5
f 2505/2/6 2506/2/6 2507/2/6 2508/2/6
f 2509/2/5 2510/2/5 2511/2/5 2512/2/5
f 2513/2/6 2514/2/6 2515/2/6 2516/2/6
f 2517/10/5 2518/10/5 2519/10/5 2520/10/5
f 2521/10/6 2522/10/6 2523/10/6 2524/10/6
f 2525/2/5 2526/2/5 2527/2/5 2528/2/5
f 2529/2/6 2530/2/6 2531/2/6 2532/2/6
f 2533/2/5 2534/2/5 2535/2/5 2536/2/5
f 2537/2/6 2538/2/6 2539/2/6 2540/2/6
f 2541/2/5 2542/2/5 2543/2/5 2544/2/5
f 2545/2/6 2546/2/6 2547/2/6 2548/2/6
f 2549/2/5 2550/2/5 2551/2/5 2552/2/5
f 2553/2/6 2554/2/6 2555/2/6 2556/2/6
f 2557/2/5 2558/2/5 2559/2/5 2560/2/5
f 2561/2/6 2562/2/6 2563/2/6 2564/2/6
f 2565/2/5 2566/2/5 2567/2/5 2568/2/5
f 2569/2/6 2570/2/6 2571/2/6 2572/2/6
f 2573/2/5 2574/2/5 2575/2/5 2576/2/5
f 2577/2/6 2578/2/6 2579/2/6 2580/2/6
f 2581/2/5 2582/2/5 2583/2/5 2584/2/5
f 2585/2/6 2586/2/6 2587/2/6 2588/2/6
f 2589/2/2 2590/2/2 2591/2/2 2592/2/2
f 2593/2/5 2594/2/5 2595/2/5 2596/2/5
f 2597/2/6 2598/2/6 2599/2/6 2600/2/6
f 2601/3/1 2602/3/1 2603/3/1 2604/3/1
f 2605/3/4 2606/3/4 2607/3/4 2608/3/4
f 2609/3/5 2610/3/5 2611/3/5 2612/3/5
f 2613/3/6 2614/3/6 2615/3/6 2616/3/6
f 2617/4/5 2618/4/5 2619/4/5 2620/4/5
f 2621/4/6 2622/4/6 2623/4/6 2624/4/6
f 2625/9/5 2626/9/5 2627/9/5 2628/9/5
f 2629/9/6 2630/9/6 2631/9/6 2632/9/6
f 2633/10/5 2634/10/5 2635/10/5 2636/10/5
f 2637/10/6 2638/10/6 2639/10/6 2640/10/6
f 2641/2/5 2642/2/5 2643/2/5 2644/2/5
f 2645/2/6 2646/2/6 2647/2/6 2648/2/6
f 2649/2/5 2650/2/5 2651/2/5 2652/2/5
f 2653/2/6 2654/2/6 2655/2/6 2656/2/6
f 2657/2/5 2658/2/5 2659/2/5 2660/2/5
f 2661/2/6 2662/2/6 2663/2/6 2664/2/6
f 2665/10/5 2666/10/5 2667/10/5 2668/10/5
f 2669/10/6 2670/10/6 2671/10/6 2672/10/6
f 2673/9/5 2674/9/5 2675/9/5 2676/9/5
f 2677/9/6 2678/9/6 2679/9/6 2680/9/6
f 2681/10/5 2682/10/5 2683/10/5 2684/10/5
f 2685/10/6 2686/10/6 2687/10/6 2688/10/6
f 2689/2/5 2690/2/5 2691/2/5 2692/2/5
f 2693/2/6 2694/2/6 2695/2/6 2696/2/6
f 2697/2/5 2698/2/5 2699/2/5 2700/2/5
f 2701/2/6 2702/2/6 2703/2/6 2704/2/6
f 2705/2/5 2706/2/5 2707/2/5 2708/2/5
f 2709/2/6 2710/2/6 2711/2/6 2712/2/6
f 2713/2/5 2714/2/5 2715/2/5 2716/2/5
f 2717/2/6 2718/2/6 2719/2/6 2720/2/6
f 2721/2/5 2722/2/5 2723/2/5 2724/2/5
f 2725/2/6 2726/2/6 2727/2/6 2728/2/6
f 2729/2/5 2730/2/5 2731/2/5 2732/2/5
f 2733/2/6 2734/2/6 2735/2/6 2736/2/6
f 2737/2/5 2738/2/5 2739/2/5 2740/2/5
f 2741/2/6 2742/2/6 2743/2/6 2744/2/6
f 2745/2/5 2746/2/5 2747/2/5 2748/2/5
f 2749/2/6 2750/2/6 2751/2/6 2752/2/6
f 2753/2/5 2754/2/5 2755/2/5 2756/2/5
f 2757/2/6 2758/2/6 2759/2/6 2760/2/6
f 2761/2/5 2762/2/5 2763/2/5 2764/2/5
f 2765/2/6 2766/2/6 2767/2/6 2768/2/6
f 2769/2/5 2770/2/5 2771/2/5 2772/2/5
f 2773/2/6 2774/2/6 2775/2/6 2776/2/6
f 2777/2/5 2778/2/5 2779/2/5 2780/2/5
f 2781/2/6 2782/2/6 2783/2/6 2784/2/6
f 2785/2/5 2786/2/5 2787/2/5 2788/2/5
f 2789/2/6 2790/2/6 2791/2/6 2792/2/6
f 2793/2/5 2794/2/5 2795/2/5 2796/2/5
f 2797/2/6 2798/2/6 2799/2/6 2800/2/6
f 2801/2/5 2802/2/5 2803/2/5 2804/2/5
f 2805/2/6 2806/2/6 2807/2/6 2808/2/6
f 2809/2/2 2810/2/2 2811/2/2 2812/2/2
f 2813/2/5 2814/2/5 2815/2/5 2816/2/5
f 2817/2/6 2818/2/6 2819/2/6 2820/2/6
f 2821/3/1 2822/3/1 2823/3/1 2824/3/1
f 2825/3/3 2826/3/3 2827/3/3 2828/3/3
f 2829/3/5 2830/3/5 2831/3/5 2832/3/5
f 2833/3/6 2834/3/6 2835/3/6 2836/3/6
f 2837/3/3 2838/3/3 2839/3/3 2840/3/3
f 2841/3/5 2842/3/5 2843/3/5 2844/3/5
f 2845/3/6 2846/3/6 2847/3/6 2848/3/6
f 2849/3/3 2850/3/3 2851/3/3 2852/3/3
f 2853/3/5 2854/3/5 2855/3/5 2856/3/5
f 2857/3/6 2858/3/6 2859/3/6 2860/3/6
f 2861/3/3 2862/3/3 2863/3/3 2864/3/3
f 2865/3/5 2866/3/5 2867/3/5 2868/3/5
f 2869/3/6 2870/3/6 2871/3/6 2872/3/6
f 2873/3/2 2874/3/2 2875/3/2 2876/3/2
f 2877/3/3 2878/3/3 2879/3/3 2880/3/3
f 2881/3/5 2882/3/5 2883/3/5 2884/3/5
f 2885/3/6 2886/3/6 2887/3/6 2888/3/6
f 2889/3/1 2890/3/1 2891/3/1 2892/3/1
f 2893/3/5 2894/3/5 2895/3/5 2896/3/5
f 2897/3/6 2898/3/6 2899/3/6 2900/3/6
f 2901/4/5 2902/4/5 2903/4/5 2904/4/5
f 2905/4/6 2906/4/6 2907/4/6 2908/4/6
f 2909/9/5 2910/9/5 2911/9/5 2912/9/5
f 2913/9/6 2914/9/6 2915/9/6 2916/9/6
f 2917/10/5 2918/10/5 2919/10/5 2920/10/5
f 2921/10/6 2922/10/6 2923/10/6 2924/10/6
f 2925/2/5 2926/2/5 2927/2/5 2928/2/5
f 2929/2/6 2930/2/6 2931/2/6 2932/2/6
f 2933/2/5 2934/2/5 2935/2/5 2936/2/5
f 2937/2/6 2938/2/6 2939/2/6 2940/2/6
f 2941/2/5 2942/2/5 2943/2/5 2944/2/5
f 2945/2/6 2946/2/6 2947/2/6 2948/2/6
f 2949/10/5 2950/10/5 2951/10/5 2952/10/5
f 2953/10/6 2954/10/6 2955/10/6 2956/10/6
f 2957/2/5 2958/2/5 2959/2/5 2960/2/5
f 2961/2/6 2962/2/6 2963/2/6 2964/2/6
f 2965/2/5 2966/2/5 2967/2/5 2968/2/5
f 2969/2/6 2970/2/6 2971/2/6 2972/2/6
f 2973/2/5 2974/2/5 2975/2/5 2976/2/5
f 2977/2/6 2978/2/6 2979/2/6 2980/2/6
f 2981/2/5 2982/2/5 2983/2/5 2984/2/5
f 2985/2/6 2986/2/6 2987/2/6 2988/2/6
f 2989/2/5 2990/2/5 2991/2/5 2992/2/5
f 2993/2/6 2994/2/6 2995/2/6 2996/2/6
f 2997/2/5 2998/2/5 2999/2/5 3000/2/5
f 3001/2/6 3002/2/6 3003/2/6 3004/2/6
f 3005/2/5 3006/2/5 3007/2/5 3008/2/5
f 3009/2/6 3010/2/6 3011/2/6 3012/2/6
f 3013/2/5 3014/2/5 3015/2/5 3016/2/5
f 3017/2/6 3018/2/6 3019/2/6 3020/2/6
f 3021/2/5 3022/2/5 3023/2/5 3024/2/5
f 3025/2/6 3026/2/6 3027/2/6 3028/2/6
f 3029/2/5 3030/2/5 3031/2/5 3032/2/5
f 3033/2/6 3034/2/6 3035/2/6 3036/2/6
f 3037/2/5 3038/2/5 3039/2/5 3040/2/5
f 3041/2/6 3042/2/6 3043/2/6 3044/2/6
f 3045/2/5 3046/2/5 3047/2/5 3048/2/5
f 3049/2/6 3050/2/6 3051/2/6 3052/2/6
f 3053/2/5 3054/2/5 3055/2/5 3056/2/5
f 3057/2/6 3058/2/6 3059/2/6 3060/2/6
f 3061/2/5 3062/2/5 3063/2/5 3064/2/5
f 3065/2/6 3066/2/6 3067/2/6 3068/2/6
f 3069/2/5 3070/2/5 3071/2/5 3072/2/5
f 3073/2/6 3074/2/6 3075/2/6 3076/2/6
f 3077/2/5 3078/2/5 3079/2/5 3080/2/5
f 3081/2/6 3082/2/6 3083/2/6 3084/2/6
f 3085/2/2 3086/2/2 3087/2/2 3088/2/2
f 3089/2/5 3090/2/5 3091/2/5 3092/2/5
f 3093/2/6 3094/2/6 3095/2/6 3096/2/6
f 3097/3/1 3098/3/1 3099/3/1 3100/3/1
f 3101/3/3 3102/3/3 3103/3/3 3104/3/3
f 3105/3/4 3106/3/4 3107/3/4 3108/3/4
f 3109/3/5 3110/3/5 3111/3/5 3112/3/5
f 3113/3/6 3114/3/6 3115/3/6 3116/3/6
f 3117/4/4 3118/4/4 3119/4/4 3120/4/4
f 3121/4/5 3122/4/5 3123/4/5 3124/4/5
f 3125/4/6 3126/4/6 3127/4/6 3128/4/6
f 3129/4/4 3130/4/4 3131/4/4 3132/4/4
f 3133/4/5 3134/4/5 3135/4/5 3136/4/5
f 3137/4/6 3138/4/6 3139/4/6 3140/4/6
f 3141/4/5 3142/4/5 3143/4/5 3144/4/5
f 3145/4/6 3146/4/6 3147/4/6 3148/4/6
f 3149/4/5 3150/4/5 3151/4/5 3152/4/5
f 3153/4/6 3154/4/6 3155/4/6 3156/4/6
f 3157/4/5 3158/4/5 3159/4/5 3160/4/5
f 3161/4/6 3162/4/6 3163/4/6 3164/4/6
f 3165/4/3 3166/4/3 3167/4/3 3168/4/3
f 3169/4/5 3170/4/5 3171/4/5 3172/4/5
f 3173/4/6 3174/4/6 3175/4/6 3176/4/6
f 3177/4/3 3178/4/3 3179/4/3 3180/4/3
f 3181/4/5 3182/4/5 3183/4/5 3184/4/5
f 3185/4/6 3186/4/6 3187/4/6 3188/4/6
f 3189/3/3 3190/3/3 3191/3/3 3192/3/3
f 3193/3/5 3194/3/5 3195/3/5 3196/3/5
f 3197/3/6 3198/3/6 3199/3/6 3200/3/6
f 3201/3/3 3202/3/3 3203/3/3 3204/3/3
f 3205/3/5 3206/3/5 3207/3/5 3208/3/5
f 3209/3/6 3210/3/6 3211/3/6 3212/3/6
f 3213/3/3 3214/3/3 3215/3/3 3216/3/3
f 3217/3/5 3218/3/5 3219/3/5 3220/3/5
f 3221/3/6 3222/3/6 3223/3/6 3224/3/6
f 3225/3/3 3226/3/3 3227/3/3 3228/3/3
f 3229/3/5 3230/3/5 3231/3/5 3232/3/5
f 3233/3/6 3234/3/6 3235/3/6 3236/3/6
f 3237/3/3 3238/3/3 3239/3/3 3240/3/3
f 3241/3/5 3242/3/5 3243/3/5 3244/3/5
f 3245/3/6 3246/3/6 3247/3/6 3248/3/6
f 3249/3/3 3250/3/3 3251/3/3 3252/3/3
f 3253/3/5 3254/3/5 3255/3/5 3256/3/5
f 3257/3/6 3258/3/6 3259/3/6 3260/3/6
f 3261/3/3 3262/3/3 3263/3/3 3264/3/3
f 3265/3/5 3266/3/5 3267/3/5 3268/3/5
f 3269/3/6 3270/3/6 3271/3/6 3272/3/6
f 3273/4/5 3274/4/5 3275/4/5 3276/4/5
f 3277/4/6 3278/4/6 3279/4/6 3280/4/6
f 3281/9/5 3282/9/5 3283/9/5 3284/9/5
f 3285/9/6 3286/9/6 3287/9/6 3288/9/6
f 3289/10/5 3290/10/5 3291/10/5 3292/10/5
f 3293/10/6 3294/10/6 3295/10/6 3296/10/6
f 3297/2/5 3298/2/5 3299/2/5 3300/2/5
f 3301/2/6 3302/2/6 3303/2/6 3304/2/6
f 3305/2/5 3306/2/5 3307/2/5 3308/2/5
f 3309/2/6 3310/2/6 3311/2/6 3312/2/6
f 3313/2/5 3314/2/5 3315/2/5 3316/2/5
f 3317/2/6 3318/2/6 3319/2/6 3320/2/6
f 3321/2/5 3322/2/5 3323/2/5 3324/2/5
f 3325/2/6 3326/2/6 3327/2/6 3328/2/6
f 3329/2/5 3330/2/5 3331/2/5 3332/2/5
f 3333/2/6 3334/2/6 3335/2/6 3336/2/6
f 3337/2/5 3338/2/5 3339/2/5 3340/2/5
f 3341/2/6 3342/2/6 3343/2/6 3344/2/6
f 3345/2/5 3346/2/5 3347/2/5 3348/2/5
f 3349/2/6 3350/2/6 3351/2/6 3352/2/6
f 3353/2/5 3354/2/5 3355/2/5 3356/2/5
f 3357/2/6 3358/2/6 3359/2/6 3360/2/6
f 3361/2/5 3362/2/5 3363/2/5 3364/2/5
f 3365/2/6 3366/2/6 3367/2/6 3368/2/6
f 3369/2/5 3370/2/5 3371/2/5 3372/2/5
f 3373/2/6 3374/2/6 3375/2/6 3376/2/6
f 3377/2/5 3378/2/5 3379/2/5 3380/2/5
f 3381/2/6 3382/2/6 3383/2/6 3384/2/6
f 3385/2/5 3386/2/5 3387/2/5 3388/2/5
f 3389/2/6 3390/2/6 3391/2/6 3392/2/6
f 3393/2/5 3394/2/5 3395/2/5 3396/2/5
f 3397/2/6 3398/2/6 3399/2/6 3400/2/6
f 3401/2/5 3402/2/5 3403/2/5 3404/2/5
f 3405/2/6 3406/2/6 3407/2/6 3408/2/6
f 3409/2/5 3410/2/5 3411/2/5 3412/2/5
f 3413/2/6 3414/2/6 3415/2/6 3416/2/6
f 3417/2/5 3418/2/5 3419/2/5 3420/2/5
f 3421/2/6 3422/2/6 3423/2/6 3424/2/6
f 3425/2/5 3426/2/5 3427/2/5 3428/2/5
f 3429/2/6 3430/2/6 3431/2/6 3432/2/6
f 3433/2/5 3434/2/5 3435/2/5 3436/2/5
f 3437/2/6 3438/2/6 3439/2/6 3440/2/6
f 3441/2/5 3442/2/5 3443/2/5 3444/2/5
f 3445/2/6 3446/2/6 3447/2/6 3448/2/6
f 3449/2/5 3450/2/5 3451/2/5 3452/2/5
f 3453/2/6 3454/2/6 3455/2/6 3456/2/6
f 3457/2/5 3458/2/5 3459/2/5 3460/2/5
f 3461/2/6 3462/2/6 3463/2/6 3464/2/6
f 3465/2/2 3466/2/2 3467/2/2 3468/2/2
f 3469/2/5 3470/2/5 3471/2/5 3472/2/5
f 3473/2/6 3474/2/6 3475/2/6 3476/2/6
f 3477/3/1 3478/3/1 3479/3/1 3480/3/1
f 3481/3/4 3482/3/4 3483/3/4 3484/3/4
f 3485/3/5 3486/3/5 3487/3/5 3488/3/5
f 3489/3/6 3490/3/6 3491/3/6 3492/3/6
f 3493/4/4 3494/4/4 3495/4/4 3496/4/4
f 3497/4/5 3498/4/5 3499/4/5 3500/4/5
f 3501/4/6 3502/4/6 3503/4/6 3504/4/6
f 3505/4/5 3506/4/5 3507/4/5 3508/4/5
f 3509/4/6 3510/4/6 3511/4/6 3512/4/6
f 3513/4/5 3514/4/5 3515/4/5 3516/4/5
f 3517/4/6 3518/4/6 3519/4/6 3520/4/6
f 3521/4/5 3522/4/5 3523/4/5 3524/4/5
f 3525/4/6 3526/4/6 3527/4/6 3528/4/6
f 3529/4/5 3530/4/5 3531/4/5 3532/4/5
f 3533/4/6 3534/4/6 3535/4/6 3536/4/6
f 3537/4/5 3538/4/5 3539/4/5 3540/4/5
f 3541/4/6 3542/4/6 3543/4/6 3544/4/6
f 3545/4/5 3546/4/5 3547/4/5 3548/4/5
f 3549/4/6 3550/4/6 3551/4/6 3552/4/6
f 3553/4/5 3554/4/5 3555/4/5 3556/4/5
f 3557/4/6 3558/4/6 3559/4/6 3560/4/6
f 3561/4/5 3562/4/5 3563/4/5 3564/4/5
f 3565/4/6 3566/4/6 3567/4/6 3568/4/6
f 3569/4/5 3570/4/5 3571/4/5 3572/4/5
f 3573/4/6 3574/4/6 3575/4/6 3576/4/6
f 3577/4/5 3578/4/5 3579/4/5 3580/4/5
f 3581/4/6 3582/4/6 3583/4/6 3584/4/6
f 3585/4/5 3586/4/5 3587/4/5 3588/4/5
f 3589/4/6 3590/4/6 3591/4/6 3592/4/6
f 3593/4/5 3594/4/5 3595/4/5 3596/4/5
f 3597/4/6 3598/4/6 3599/4/6 3600/4/6
f 3601/9/5 3602/9/5 3603/9/5 3604/9/5
f 3605/9/6 3606/9/6 3607/9/6 3608/9/6
f 3609/10/5 3610/10/5 3611/10/5 3612/10/5
f 3613/10/6 3614/10/6 3615/10/6 3616/10/6
f 3617/2/5 3618/2/5 3619/2/5 3620/2/5
f 3621/2/6 3622/2/6 3623/2/6 3624/2/6
f 3625/2/5 3626/2/5 3627/2/5 3628/2/5
f 3629/2/6 3630/2/6 3631/2/6 3632/2/6
f 3633/2/5 3634/2/5 3635/2/5 3636/2/5
f 3637/2/6 3638/2/6 3639/2/6 3640/2/6
f 3641/2/5 3642/2/5 3643/2/5 3644/2/5
f 3645/2/6 3646/2/6 3647/2/6 3648/2/6
f 3649/2/5 3650/2/5 3651/2/5 3652/2/5
f 3653/2/6 3654/2/6 3655/2/6 3656/2/6
f 3657/2/5 3658/2/5 3659/2/5 3660/2/5
f 3661/2/6 3662/2/6 3663/2/6 3664/2/6
f 3665/2/5 3666/2/5 3667/2/5 3668/2/5
f 3669/2/6 3670/2/6 3671/2/6 3672/2/6
f 3673/2/5 3674/2/5 3675/2/5 3676/2/5
f 3677/2/6 3678/2/6 3679/2/6 3680/2/6
f 3681/2/5 3682/2/5 3683/2/5 3684/2/5
f 3685/2/6 3686/2/6 3687/2/6 3688/2/6
f 3689/2/5 3690/2/5 3691/2/5 3692/2/5
f 3693/2/6 3694/2/6 3695/2/6 3696/2/6
f 3697/2/5 3698/2/5 3699/2/5 3700/2/5
f 3701/2/6 3702/2/6 3703/2/6 3704/2/6
f 3705/2/5 3706/2/5 3707/2/5 3708/2/5
f 3709/2/6 3710/2/6 3711/2/6 3712/2/6
f 3713/2/5 3714/2/5 3715/2/5 3716/2/5
f 3717/2/6 3718/2/6 3719/2/6 3720/2/6
f 3721/2/5 3722/2/5 3723/2/5 3724/2/5
f 3725/2/6 3726/2/6 3727/2/6 3728/2/6
f 3729/2/5 3730/2/5 3731/2/5 3732/2/5
f 3733/2/6 3734/2/6 3735/2/6 3736/2/6
f 3737/2/5 3738/2/5 3739/2/5 3740/2/5
f 3741/2/6 3742/2/6 3743/2/6 3744/2/6
f 3745/2/5 3746/2/5 3747/2/5 3748/2/5
f 3749/2/6 3750/2/6 3751/2/6 3752/2/6
f 3753/2/5 3754/2/5 3755/2/5 3756/2/5
f 3757/2/6 3758/2/6 3759/2/6 3760/2/6
f 3761/2/5 3762/2/5 3763/2/5 3764/2/5
f 3765/2/6 3766/2/6 3767/2/6 3768/2/6
f 3769/2/5 3770/2/5 3771/2/5 3772/2/5
f 3773/2/6 3774/2/6 3775/2/6 3776/2/6
f 3777/2/2 3778/2/2 3779/2/2 3780/2/2
f 3781/2/5 3782/2/5 3783/2/5 3784/2/5
f 3785/2/6 3786/2/6 3787/2/6 3788/2/6
f 3789/3/1 3790/3/1 3791/3/1 3792/3/1
f 3793/3/4 3794/3/4 3795/3/4 3796/3/4
f 3797/3/5 3798/3/5 3799/3/5 3800/3/5
f 3801/3/6 3802/3/6 3803/3/6 3804/3/6
f 3805/4/4 3806/4/4 3807/4/4 3808/4/4
f 3809/4/5 3810/4/5 3811/4/5 3812/4/5
f 3813/4/6 3814/4/6 3815/4/6 3816/4/6
f 3817/4/4 3818/4/4 3819/4/4 3820/4/4
f 3821/4/5 3822/4/5 3823/4/5 3824/4/5
f 3825/4/6 3826/4/6 3827/4/6 3828/4/6
f 3829/4/5 3830/4/5 3831/4/5 3832/4/5
f 3833/4/6 3834/4/6 3835/4/6 3836/4/6
f 3837/4/5 3838/4/5 3839/4/5 3840/4/5
f 3841/4/6 3842/4/6 3843/4/6 3844/4/6
f 3845/4/5 3846/4/5 3847/4/5 3848/4/5
f 3849/4/6 3850/4/6 3851/4/6 3852/4/6
f 3853/4/5 3854/4/5 3855/4/5 3856/4/5
f 3857/4/6 3858/4/6 3859/4/6 3860/4/6
f 3861/9/5 3862/9/5 3863/9/5 3864/9/5
f 3865/9/6 3866/9/6 3867/9/6 3868/9/6
f 3869/4/5 3870/4/5 3871/4/5 3872/4/5
f 3873/4/6 3874/4/6 3875/4/6 3876/4/6
f 3877/9/5 3878/9/5 3879/9/5 3880/9/5
f 3881/9/6 3882/9/6 3883/9/6 3884/9/6
f 3885/10/5 3886/10/5 3887/10/5 3888/10/5
f 3889/10/6 3890/10/6 3891/10/6 3892/10/6
f 3893/2/5 3894/2/5 3895/2/5 3896/2/5
f 3897/2/6 3898/2/6 3899/2/6 3900/2/6
f 3901/2/5 3902/2/5 3903/2/5 3904/2/5
f 3905/2/6 3906/2/6 3907/2/6 3908/2/6
f 3909/2/5 3910/2/5 3911/2/5 3912/2/5
f 3913/2/6 3914/2/6 3915/2/6 3916/2/6
f 3917/2/5 3918/2/5 3919/2/5 3920/2/5
f 3921/2/6 3922/2/6 3923/2/6 3924/2/6
f 3925/2/5 3926/2/5 3927/2/5 3928/2/5
f 3929/2/6 3930/2/6 3931/2/6 3932/2/6
f 3933/2/5 3934/2/5 3935/2/5 3936/2/5
f 3937/2/6 3938/2/6 3939/2/6 3940/2/6
f 3941/2/5 3942/2/5 3943/2/5 3944/2/5
f 3945/2/6 3946/2/6 3947/2/6 3948/2/6
f 3949/2/5 3950/2/5 3951/2/5 3952/2/5
f 3953/2/6 3954/2/6 3955/2/6 3956/2/6
f 3957/2/5 3958/2/5 3959/2/5 3960/2/5
f 3961/2/6 3962/2/6 3963/2/6 3964/2/6
f 3965/2/5 3966/2/5 3967/2/5 3968/2/5
f 3969/2/6 3970/2/6 3971/2/6 3972/2/6
f 3973/2/5 3974/2/5 3975/2/5 3976/2/5
f 3977/2/6 3978/2/6 3979/2/6 3980/2/6
f 3981/2/5 3982/2/5 3983/2/5 3984/2/5
f 3985/2/6 3986/2/6 3987/2/6 3988/2/6
f 3989/2/5 3990/2/5 3991/2/5 3992/2/5
f 3993/2/6 3994/2/6 3995/2/6 3996/2/6
f 3997/2/5 3998/2/5 3999/2/5 4000/2/5
f 4001/2/6 4002/2/6 4003/2/6 4004/2/6
f 4005/2/5 4006/2/5 4007/2/5 4008/2/5
f 4009/2/6 4010/2/6 4011/2/6 4012/2/6
f 4013/2/5 4014/2/5 4015/2/5 4016/2/5
f 4017/2/6 4018/2/6 4019/2/6 4020/2/6
f 4021/2/5 4022/2/5 4023/2/5 4024/2/5
f 4025/2/6 4026/2/6 4027/2/6 4028/2/6
f 4029/2/5 4030/2/5 4031/2/5 4032/2/5
f 4033/2/6 4034/2/6 4035/2/6 4036/2/6
f 4037/2/5 4038/2/5 4039/2/5 4040/2/5
f 4041/2/6 4042/2/6 4043/2/6 4044/2/6
f 4045/2/5 4046/2/5 4047/2/5 4048/2/5
f 4049/2/6 4050/2/6 4051/2/6 4052/2/6
f 4053/2/5 4054/2/5 4055/2/5 4056/2/5
f 4057/2/6 4058/2/6 4059/2/6 4060/2/6
f 4061/2/5 4062/2/5 4063/2/5 4064/2/5
f 4065/2/6 4066/2/6 4067/2/6 4068/2/6
f 4069/2/5 4070/2/5 4071/2/5 4072/2/5
f 4073/2/6 4074/2/6 4075/2/6 4076/2/6
f 4077/2/2 4078/2/2 4079/2/2 4080/2/2
f 4081/2/5 4082/2/5 4083/2/5 4084/2/5
f 4085/2/6 4086/2/6 4087/2/6 4088/2/6
f 4089/3/1 4090/3/1 4091/3/1 4092/3/1
f 4093/3/4 4094/3/4 4095/3/4 4096/3/4
f 4097/3/5 4098/3/5 4099/3/5 4100/3/5
f 4101/3/6 4102/3/6 4103/3/6 4104/3/6
f 4105/4/4 4106/4/4 4107/4/4 4108/4/4
f 4109/4/5 4110/4/5 4111/4/5 4112/4/5
f 4113/4/6 4114/4/6 4115/4/6 4116/4/6
f 4117/4/4 4118/4/4 4119/4/4 4120/4/4
f 4121/4/5 4122/4/5 4123/4/5 4124/4/5
f 4125/4/6 4126/4/6 4127/4/6 4128/4/6
f 4129/4/5 4130/4/5 4131/4/5 4132/4/5
f 4133/4/6 4134/4/6 4135/4/6 4136/4/6
f 4137/4/5 4138/4/5 4139/4/5 4140/4/5
f 4141/4/6 4142/4/6 4143/4/6 4144/4/6
f 4145/4/5 4146/4/5 4147/4/5 4148/4/5
f 4149/4/6 4150/4/6 4151/4/6 4152/4/6
f 4153/4/5 4154/4/5 4155/4/5 4156/4/5
f 4157/4/6 4158/4/6 4159/4/6 4160/4/6
f 4161/9/5 4162/9/5 4163/9/5 4164/9/5
f 4165/9/6 4166/9/6 4167/9/6 4168/9/6
f 4169/10/5 4170/10/5 4171/10/5 4172/10/5
f 4173/10/6 4174/10/6 4175/10/6 4176/10/6
f 4177/2/5 4178/2/5 4179/2/5 4180/2/5
f 4181/2/6 4182/2/6 4183/2/6 4184/2/6
f 4185/2/5 4186/2/5 4187/2/5 4188/2/5
f 4189/2/6 4190/2/6 4191/2/6 4192/2/6
f 4193/2/5 4194/2/5 4195/2/5 4196/2/5
f 4197/2/6 4198/2/6 4199/2/6 4200/2/6
f 4201/2/5 4202/2/5 4203/2/5 4204/2/5
f 4205/2/6 4206/2/6 4207/2/6 4208/2/6
f 4209/2/5 4210/2/5 4211/2/5 4212/2/5
f 4213/2/6 4214/2/6 4215/2/6 4216/2/6
f 4217/2/5 4218/2/5 4219/2/5 4220/2/5
f 4221/2/6 4222/2/6 4223/2/6 4224/2/6
f 4225/2/5 4226/2/5 4227/2/5 4228/2/5
f 4229/2/6 4230/2/6 4231/2/6 4232/2/6
f 4233/2/5 4234/2/5 4235/2/5 4236/2/5
f 4237/2/6 4238/2/6 4239/2/6 4240/2/6
f 4241/2/5 4242/2/5 4243/2/5 4244/2/5
f 4245/2/6 4246/2/6 4247/2/6 4248/2/6
f 4249/2/5 4250/2/5 4251/2/5 4252/2/5
f 4253/2/6 4254/2/6 4255/2/6 4256/2/6
f 4257/2/5 4258/2/5 4259/2/5 4260/2/5
f 4261/2/6 4262/2/6 4263/2/6 4264/2/6
f 4265/2/5 4266/2/5 4267/2/5 4268/2/5
f 4269/2/6 4270/2/6 4271/2/6 4272/2/6
f 4273/2/5 4274/2/5 4275/2/5 4276/2/5
f 4277/2/6 4278/2/6 4279/2/6 4280/2/6
f 4281/2/5 4282/2/5 4283/2/5 4284/2/5
f 4285/2/6 4286/2/6 4287/2/6 4288/2/6
f 4289/2/5 4290/2/5 4291/2/5 4292/2/5
f 4293/2/6 4294/2/6 4295/2/6 4296/2/6
f 4297/2/5 4298/2/5 4299/2/5 4300/2/5
f 4301/2/6 4302/2/6 4303/2/6 4304/2/6
f 4305/2/5 4306/2/5 4307/2/5 4308/2/5
f 4309/2/6 4310/2/6 4311/2/6 4312/2/6
f 4313/2/5 4314/2/5 4315/2/5 4316/2/5
f 4317/2/6 4318/2/6 4319/2/6 4320/2/6
f 4321/2/5 4322/2/5 4323/2/5 4324/2/5
f 4325/2/6 4326/2/6 4327/2/6 4328/2/6
f 4329/2/5 4330/2/5 4331/2/5 4332/2/5
f 4333/2/6 4334/2/6 4335/2/6 4336/2/6
f 4337/2/5 4338/2/5 4339/2/5 4340/2/5
f 4341/2/6 4342/2/6 4343/2/6 4344/2/6
f 4345/2/5 4346/2/5 4347/2/5 4348/2/5
f 4349/2/6 4350/2/6 4351/2/6 4352/2/6
f 4353/2/2 4354/2/2 4355/2/2 4356/2/2
f 4357/2/5 4358/2/5 4359/2/5 4360/2/5
f 4361/2/6 4362/2/6 4363/2/6 4364/2/6
f 4365/3/1 4366/3/1 4367/3/1 4368/3/1
f 4369/3/4 4370/3/4 4371/3/4 4372/3/4
f 4373/3/5 4374/3/5 4375/3/5 4376/3/5
f 4377/3/6 4378/3/6 4379/3/6 4380/3/6
f 4381/4/4 4382/4/4 4383/4/4 4384/4/4
f 4385/4/5 4386/4/5 4387/4/5 4388/4/5
f 4389/4/6 4390/4/6 4391/4/6 4392/4/6
f 4393/4/5 4394/4/5 4395/4/5 4396/4/5
f 4397/4/6 4398/4/6 4399/4/6 4400/4/6
f 4401/4/5 4402/4/5 4403/4/5 4404/4/5
f 4405/4/6 4406/4/6 4407/4/6 4408/4/6
f 4409/4/5 4410/4/5 4411/4/5 4412/4/5
f 4413/4/6 4414/4/6 4415/4/6 4416/4/6
f 4417/4/5 4418/4/5 4419/4/5 4420/4/5
f 4421/4/6 4422/4/6 4423/4/6 4424/4/6
f 4425/9/5 4426/9/5 4427/9/5 4428/9/5
f 4429/9/6 4430/9/6 4431/9/6 4432/9/6
f 4433/10/5 4434/10/5 4435/10/5 4436/10/5
f 4437/10/6 4438/10/6 4439/10/6 4440/10/6
f 4441/2/5 4442/2/5 4443/2/5 4444/2/5
f 4445/2/6 4446/2/6 4447/2/6 4448/2/6
f 4449/2/5 4450/2/5 4451/2/5 4452/2/5
f 4453/2/6 4454/2/6 4455/2/6 4456/2/6
f 4457/2/5 4458/2/5 4459/2/5 4460/2/5
f 4461/2/6 4462/2/6 4463/2/6 4464/2/6
f 4465/2/5 4466/2/5 4467/2/5 4468/2/5
f 4469/2/6 4470/2/6 4471/2/6 4472/2/6
f 4473/2/5 4474/2/5 4475/2/5 4476/2/5
f 4477/2/6 4478/2/6 4479/2/6 4480/2/6
f 4481/2/5 4482/2/5 4483/2/5 4484/2/5
f 4485/2/6 4486/2/6 4487/2/6 4488/2/6
f 4489/2/5 4490/2/5 4491/2/5 4492/2/5
f 4493/2/6 4494/2/6 4495/2/6 4496/2/6
f 4497/2/5 4498/2/5 4499/2/5 4500/2/5
f 4501/2/6 4502/2/6 4503/2/6 4504/2/6
f 4505/2/5 4506/2/5 4507/2/5 4508/2/5
f 4509/2/6 4510/2/6 4511/2/6 4512/2/6
f 4513/2/5 4514/2/5 4515/2/5 4516/2/5
f 4517/2/6 4518/2/6 4519/2/6 4520/2/6
f 4521/2/5 4522/2/5 4523/2/5 4524/2/5
f 4525/2/6 4526/2/6 4527/2/6 4528/2/6
f 4529/2/5 4530/2/5 4531/2/5 4532/2/5
f 4533/2/6 4534/2/6 4535/2/6 4536/2/6
f 4537/2/5 4538/2/5 4539/2/5 4540/2/5
f 4541/2/6 4542/2/6 4543/2/6 4544/2/6
f 4545/2/5 4546/2/5 4547/2/5 4548/2/5
f 4549/2/6 4550/2/6 4551/2/6 4552/2/6
f 4553/2/5 4554/2/5 4555/2/5 4556/2/5
f 4557/2/6 4558/2/6 4559/2/6 4560/2/6
f 4561/2/5 4562/2/5 4563/2/5 4564/2/5
f 4565/2/6 4566/2/6 4567/2/6 4568/2/6
f 4569/2/5 4570/2/5 4571/2/5 4572/2/5
f 4573/2/6 4574/2/6 4575/2/6 4576/2/6
f 4577/2/5 4578/2/5 4579/2/5 4580/2/5
f 4581/2/6 4582/2/6 4583/2/6 4584/2/6
f 4585/2/5 4586/2/5 4587/2/5 4588/2/5
f 4589/2/6 4590/2/6 4591/2/6 4592/2/6
f 4593/2/5 4594/2/5 4595/2/5 4596/2/5
f 4597/2/6 4598/2/6 4599/2/6 4600/2/6
f 4601/2/2 4602/2/2 4603/2/2 4604/2/2
f 4605/2/5 4606/2/5 4607/2/5 4608/2/5
f 4609/2/6 4610/2/6 4611/2/6 4612/2/6
f 4613/11/1 4614/11/1 4615/11/1 4616/11/1
f 4617/11/3 4618/11/3 4619/11/3 4620/11/3
f 4621/11/4 4622/11/4 4623/11/4 4624/11/4
f 4625/11/5 4626/11/5 4627/11/5 4628/11/5
f 4629/11/6 4630/11/6 4631/11/6 4632/11/6
f 4633/11/3 4634/11/3 4635/11/3 4636/11/3
f 4637/11/4 4638/11/4 4639/11/4 4640/11/4
f 4641/11/5 4642/11/5 4643/11/5 4644/11/5
f 4645/11/6 4646/11/6 4647/11/6 4648/11/6
f 4649/11/3 4650/11/3 4651/11/3 4652/11/3
f 4653/11/4 4654/11/4 4655/11/4 4656/11/4
f 4657/11/5 4658/11/5 4659/11/5 4660/11/5
f 4661/11/6 4662/11/6 4663/11/6 4664/11/6
f 4665/11/2 4666/11/2 4667/11/2 4668/11/2
f 4669/11/3 4670/11/3 4671/11/3 4672/11/3
f 4673/11/4 4674/11/4 4675/11/4 4676/11/4
f 4677/11/5 4678/11/5 4679/11/5 4680/11/5
f 4681/11/6 4682/11/6 4683/11/6 4684/11/6
f 4685/3/1 4686/3/1 4687/3/1 4688/3/1
f 4689/3/4 4690/3/4 4691/3/4 4692/3/4
f 4693/3/5 4694/3/5 4695/3/5 4696/3/5
f 4697/3/6 4698/3/6 4699/3/6 4700/3/6
f 4701/4/5 4702/4/5 4703/4/5 4704/4/5
f 4705/4/6 4706/4/6 4707/4/6 4708/4/6
f 4709/4/5 4710/4/5 4711/4/5 4712/4/5
f 4713/4/6 4714/4/6 4715/4/6 4716/4/6
f 4717/4/5 4718/4/5 4719/4/5 4720/4/5
f 4721/4/6 4722/4/6 4723/4/6 4724/4/6
f 4725/4/5 4726/4/5 4727/4/5 4728/4/5
f 4729/4/6 4730/4/6 4731/4/6 4732/4/6
f 4733/9/5 4734/9/5 4735/9/5 4736/9/5
f 4737/9/6 4738/9/6 4739/9/6 4740/9/6
f 4741/9/5 4742/9/5 4743/9/5 4744/9/5
f 4745/9/6 4746/9/6 4747/9/6 4748/9/6
f 4749/10/5 4750/10/5 4751/10/5 4752/10/5
f 4753/10/6 4754/10/6 4755/10/6 4756/10/6
f 4757/2/5 4758/2/5 4759/2/5 4760/2/5
f 4761/2/6 4762/2/6 4763/2/6 4764/2/6
f 4765/2/5 4766/2/5 4767/2/5 4768/2/5
f 4769/2/6 4770/2/6 4771/2/6 4772/2/6
f 4773/2/5 4774/2/5 4775/2/5 4776/2/5
f 4777/2/6 4778/2/6 4779/2/6 4780/2/6
f 4781/2/5 4782/2/5 4783/2/5 4784/2/5
f 4785/2/6 4786/2/6 4787/2/6 4788/2/6
f 4789/2/5 4790/2/5 4791/2/5 4792/2/5
f 4793/2/6 4794/2/6 4795/2/6 4796/2/6
f 4797/2/5 4798/2/5 4799/2/5 4800/2/5
f 4801/2/6 4802/2/6 4803/2/6 4804/2/6
f 4805/2/5 4806/2/5 4807/2/5 4808/2/5
f 4809/2/6 4810/2/6 4811/2/6 4812/2/6
f 4813/2/5 4814/2/5 4815/2/5 4816/2/5
f 4817/2/6 4818/2/6 4819/2/6 4820/2/6
f 4821/2/5 4822/2/5 4823/2/5 4824/2/5
f 4825/2/6 4826/2/6 4827/2/6 4828/2/6
f 4829/2/5 4830/2/5 4831/2/5 4832/2/5
f 4833/2/6 4834/2/6 4835/2/6 4836/2/6
f 4837/2/5 4838/2/5 4839/2/5 4840/2/5
f 4841/2/6 4842/2/6 4843/2/6 4844/2/6
f 4845/2/5 4846/2/5 4847/2/5 4848/2/5
f 4849/2/6 4850/2/6 4851/2/6 4852/2/6
f 4853/2/5 4854/2/5 4855/2/5 4856/2/5
f 4857/2/6 4858/2/6 4859/2/6 4860/2/6
f 4861/2/5 4862/2/5 4863/2/5 4864/2/5
f 4865/2/6 4866/2/6 4867/2/6 4868/2/6
f 4869/2/5 4870/2/5 4871/2/5 4872/2/5
f 4873/2/6 4874/2/6 4875/2/6 4876/2/6
f 4877/2/5 4878/2/5 4879/2/5 4880/2/5
f 4881/2/6 4882/2/6 4883/2/6 4884/2/6
f 4885/2/5 4886/2/5 4887/2/5 4888/2/5
f 4889/2/6 4890/2/6 4891/2/6 4892/2/6
f 4893/2/5 4894/2/5 4895/2/5 4896/2/5
f 4897/2/6 4898/2/6 4899/2/6 4900/2/6
f 4901/2/2 4902/2/2 4903/2/2 4904/2/2
f 4905/2/5 4906/2/5 4907/2/5 4908/2/5
f 4909/2/6 4910/2/6 4911/2/6 4912/2/6
f 4913/4/1 4914/4/1 4915/4/1 4916/4/1
f 4917/4/2 4918/4/2 4919/4/2 4920/4/2
f 4921/4/3 4922/4/3 4923/4/3 4924/4/3
f 4925/4/4 4926/4/4 4927/4/4 4928/4/4
f 4929/4/5 4930/4/5 4931/4/5 4932/4/5
f 4933/4/6 4934/4/6 4935/4/6 4936/4/6
f 4937/11/1 4938/11/1 4939/11/1 4940/11/1
f 4941/11/2 4942/11/2 4943/11/2 4944/11/2
f 4945/11/3 4946/11/3 4947/11/3 4948/11/3
f 4949/11/5 4950/11/5 4951/11/5 4952/11/5
f 4953/11/6 4954/11/6 4955/11/6 4956/11/6
f 4957/3/1 4958/3/1 4959/3/1 4960/3/1
f 4961/3/4 4962/3/4 4963/3/4 4964/3/4
f 4965/3/5 4966/3/5 4967/3/5 4968/3/5
f 4969/3/6 4970/3/6 4971/3/6 4972/3/6
f 4973/3/4 4974/3/4 4975/3/4 4976/3/4
f 4977/3/5 4978/3/5 4979/3/5 4980/3/5
f 4981/3/6 4982/3/6 4983/3/6 4984/3/6
f 4985/4/5 4986/4/5 4987/4/5 4988/4/5
f 4989/4/6 4990/4/6 4991/4/6 4992/4/6
f 4993/4/5 4994/4/5 4995/4/5 4996/4/5
f 4997/4/6 4998/4/6 4999/4/6 5000/4/6
f 5001/4/5 5002/4/5 5003/4/5 5004/4/5
f 5005/4/6 5006/4/6 5007/4/6 5008/4/6
f 5009/4/5 5010/4/5 5011/4/5 5012/4/5
f 5013/4/6 5014/4/6 5015/4/6 5016/4/6
f 5017/9/5 5018/9/5 5019/9/5 5020/9/5
f 5021/9/6 5022/9/6 5023/9/6 5024/9/6
f 5025/10/5 5026/10/5 5027/10/5 5028/10/5
f 5029/10/6 5030/10/6 5031/10/6 5032/10/6
f 5033/2/5 5034/2/5 5035/2/5 5036/2/5
f 5037/2/6 5038/2/6 5039/2/6 5040/2/6
f 5041/2/5 5042/2/5 5043/2/5 5044/2/5
f 5045/2/6 5046/2/6 5047/2/6 5048/2/6
f 5049/2/5 5050/2/5 5051/2/5 5052/2/5
f 5053/2/6 5054/2/6 5055/2/6 5056/2/6
f 5057/2/5 5058/2/5 5059/2/5 5060/2/5
f 5061/2/6 5062/2/6 5063/2/6 5064/2/6
f 5065/2/5 5066/2/5 5067/2/5 5068/2/5
f 5069/2/6 5070/2/6 5071/2/6 5072/2/6
f 5073/2/5 5074/2/5 5075/2/5 5076/2/5
f 5077/2/6 5078/2/6 5079/2/6 5080/2/6
f 5081/2/5 5082/2/5 5083/2/5 5084/2/5
f 5085/2/6 5086/2/6 5087/2/6 5088/2/6
f 5089/2/5 5090/2/5 5091/2/5 5092/2/5
f 5093/2/6 5094/2/6 5095/2/6 5096/2/6
f 5097/2/5 5098/2/5 5099/2/5 5100/2/5
f 5101/2/6 5102/2/6 5103/2/6 5104/2/6
f 5105/2/5 5106/2/5 5107/2/5 5108/2/5
f 5109/2/6 5110/2/6 5111/2/6 5112/2/6
f 5113/2/5 5114/2/5 5115/2/5 5116/2/5
f 5117/2/6 5118/2/6 5119/2/6 5120/2/6
f 5121/2/5 5122/2/5 5123/2/5 5124/2/5
f 5125/2/6 5126/2/6 5127/2/6 5128/2/6
f 5129/2/5 5130/2/5 5131/2/5 5132/2/5
f 5133/2/6 5134/2/6 5135/2/6 5136/2/6
f 5137/2/5 5138/2/5 5139/2/5 5140/2/5
f 5141/2/6 5142/2/6 5143/2/6 5144/2/6
f 5145/2/5 5146/2/5 5147/2/5 5148/2/5
f 5149/2/6 5150/2/6 5151/2/6 5152/2/6
f 5153/2/5 5154/2/5 5155/2/5 5156/2/5
f 5157/2/6 5158/2/6 5159/2/6 5160/2/6
f 5161/2/5 5162/2/5 5163/2/5 5164/2/5
f 5165/2/6 5166/2/6 5167/2/6 5168/2/6
f 5169/2/2 5170/2/2 5171/2/2 5172/2/2
f 5173/2/5 5174/2/5 5175/2/5 5176/2/5
f 5177/2/6 5178/2/6 5179/2/6 5180/2/6
f 5181/11/1 5182/11/1 5183/11/1 5184/11/1
f 5185/11/3 5186/11/3 5187/11/3 5188/11/3
f 5189/11/5 5190/11/5 5191/11/5 5192/11/5
f 5193/11/6 5194/11/6 5195/11/6 5196/11/6
f 5197/11/3 5198/11/3 5199/11/3 5200/11/3
f 5201/11/5 5202/11/5 5203/11/5 5204/11/5
f 5205/11/6 5206/11/6 5207/11/6 5208/11/6
f 5209/11/3 5210/11/3 5211/11/3 5212/11/3
f 5213/11/4 5214/11/4 5215/11/4 5216/11/4
f 5217/11/5 5218/11/5 5219/11/5 5220/11/5
f 5221/11/6 5222/11/6 5223/11/6 5224/11/6
f 5225/1/5 5226/1/5 5227/1/5 5228/1/5
f 5229/1/6 5230/1/6 5231/1/6 5232/1/6
f 5233/12/2 5234/12/2 5235/12/2 5236/12/2
f 5237/12/3 5238/12/3 5239/12/3 5240/12/3
f 5241/12/4 5242/12/4 5243/12/4 5244/12/4
f 5245/12/5 5246/12/5 5247/12/5 5248/12/5
f 5249/12/6 5250/12/6 5251/12/6 5252/12/6
f 5253/3/1 5254/3/1 5255/3/1 5256/3/1
f 5257/3/5 5258/3/5 5259/3/5 5260/3/5
f 5261/3/6 5262/3/6 5263/3/6 5264/3/6
f 5265/4/5 5266/4/5 5267/4/5 5268/4/5
f 5269/4/6 5270/4/6 5271/4/6 5272/4/6
f 5273/4/5 5274/4/5 5275/4/5 5276/4/5
f 5277/4/6 5278/4/6 5279/4/6 5280/4/6
f 5281/4/5 5282/4/5 5283/4/5 5284/4/5
f 5285/4/6 5286/4/6 5287/4/6 5288/4/6
f 5289/4/5 5290/4/5 5291/4/5 5292/4/5
f 5293/4/6 5294/4/6 5295/4/6 5296/4/6
f 5297/9/5 5298/9/5 5299/9/5 5300/9/5
f 5301/9/6 5302/9/6 5303/9/6 5304/9/6
f 5305/10/5 5306/10/5 5307/10/5 5308/10/5
f 5309/10/6 5310/10/6 5311/10/6 5312/10/6
f 5313/2/5 5314/2/5 5315/2/5 5316/2/5
f 5317/2/6 5318/2/6 5319/2/6 5320/2/6
f 5321/2/5 5322/2/5 5323/2/5 5324/2/5
f 5325/2/6 5326/2/6 5327/2/6 5328/2/6
f 5329/2/5 5330/2/5 5331/2/5 5332/2/5
f 5333/2/6 5334/2/6 5335/2/6 5336/2/6
f 5337/2/5 5338/2/5 5339/2/5 5340/2/5
f 5341/2/6 5342/2/6 5343/2/6 5344/2/6
f 5345/2/5 5346/2/5 5347/2/5 5348/2/5
f 5349/2/6 5350/2/6 5351/2/6 5352/2/6
f 5353/2/5 5354/2/5 5355/2/5 5356/2/5
f 5357/2/6 5358/2/6 5359/2/6 5360/2/6
f 5361/2/5 5362/2/5 5363/2/5 5364/2/5
f 5365/2/6 5366/2/6 5367/2/6 5368/2/6
f 5369/2/5 5370/2/5 5371/2/5 5372/2/5
f 5373/2/6 5374/2/6 5375/2/6 5376/2/6
f 5377/2/5 5378/2/5 5379/2/5 5380/2/5
f 5381/2/6 5382/2/6 5383/2/6 5384/2/6
f 5385/2/5 5386/2/5 5387/2/5 5388/2/5
f 5389/2/6 5390/2/6 5391/2/6 5392/2/6
f 5393/2/5 5394/2/5 5395/2/5 5396/2/5
f 5397/2/6 5398/2/6 5399/2/6 5400/2/6
f 5401/2/5 5402/2/5 5403/2/5 5404/2/5
f 5405/2/6 5406/2/6 5407/2/6 5408/2/6
f 5409/2/5 5410/2/5 5411/2/5 5412/2/5
f 5413/2/6 5414/2/6 5415/2/6 5416/2/6
f 5417/2/5 5418/2/5 5419/2/5 5420/2/5
f 5421/2/6 5422/2/6 5423/2/6 5424/2/6
f 5425/2/5 5426/2/5 5427/2/5 5428/2/5
f 5429/2/6 5430/2/6 5431/2/6 5432/2/6
f 5433/2/5 5434/2/5 5435/2/5 5436/2/5
f 5437/2/6 5438/2/6 5439/2/6 5440/2/6
f 5441/2/2 5442/2/2 5443/2/2 5444/2/2
f 5445/2/5 5446/2/5 5447/2/5 5448/2/5
f 5449/2/6 5450/2/6 5451/2/6 5452/2/6
f 5453/11/1 5454/11/1 5455/11/1 5456/11/1
f 5457/11/3 5458/11/3 5459/11/3 5460/11/3
f 5461/11/5 5462/11/5 5463/11/5 5464/11/5
f 5465/11/6 5466/11/6 5467/11/6 5468/11/6
f 5469/11/3 5470/11/3 5471/11/3 5472/11/3
f 5473/11/5 5474/11/5 5475/11/5 5476/11/5
f 5477/11/6 5478/11/6 5479/11/6 5480/11/6
f 5481/11/3 5482/11/3 5483/11/3 5484/11/3
f 5485/11/4 5486/11/4 5487/11/4 5488/11/4
f 5489/11/5 5490/11/5 5491/11/5 5492/11/5
f 5493/11/6 5494/11/6 5495/11/6 5496/11/6
f 5497/1/4 5498/1/4 5499/1/4 5500/1/4
f 5501/1/5 5502/1/5 5503/1/5 5504/1/5
f 5505/1/6 5506/1/6 5507/1/6 5508/1/6
f 5509/12/2 5510/12/2 5511/12/2 5512/12/2
f 5513/12/5 5514/12/5 5515/12/5 5516/12/5
f 5517/12/6 5518/12/6 5519/12/6 5520/12/6
f 5521/2/1 5522/2/1 5523/2/1 5524/2/1
f 5525/2/2 5526/2/2 5527/2/2 5528/2/2
f 5529/2/4 5530/2/4 5531/2/4 5532/2/4
f 5533/2/5 5534/2/5 5535/2/5 5536/2/5
f 5537/2/6 5538/2/6 5539/2/6 5540/2/6
f 5541/3/1 5542/3/1 5543/3/1 5544/3/1
f 5545/3/3 5546/3/3 5547/3/3 5548/3/3
f 5549/3/5 5550/3/5 5551/3/5 5552/3/5
f 5553/3/6 5554/3/6 5555/3/6 5556/3/6
f 5557/3/3 5558/3/3 5559/3/3 5560/3/3
f 5561/3/5 5562/3/5 5563/3/5 5564/3/5
f 5565/3/6 5566/3/6 5567/3/6 5568/3/6
f 5569/3/3 5570/3/3 5571/3/3 5572/3/3
f 5573/3/5 5574/3/5 5575/3/5 5576/3/5
f 5577/3/6 5578/3/6 5579/3/6 5580/3/6
f 5581/4/5 5582/4/5 5583/4/5 5584/4/5
f 5585/4/6 5586/4/6 5587/4/6 5588/4/6
f 5589/4/5 5590/4/5 5591/4/5 5592/4/5
f 5593/4/6 5594/4/6 5595/4/6 5596/4/6
f 5597/4/5 5598/4/5 5599/4/5 5600/4/5
f 5601/4/6 5602/4/6 5603/4/6 5604/4/6
f 5605/4/5 5606/4/5 5607/4/5 5608/4/5
f 5609/4/6 5610/4/6 5611/4/6 5612/4/6
f 5613/4/5 5614/4/5 5615/4/5 5616/4/5
f 5617/4/6 5618/4/6 5619/4/6 5620/4/6
f 5621/9/5 5622/9/5 5623/9/5 5624/9/5
f 5625/9/6 5626/9/6 5627/9/6 5628/9/6
f 5629/10/5 5630/10/5 5631/10/5 5632/10/5
f 5633/10/6 5634/10/6 5635/10/6 5636/10/6
f 5637/2/5 5638/2/5 5639/2/5 5640/2/5
f 5641/2/6 5642/2/6 5643/2/6 5644/2/6
f 5645/2/5 5646/2/5 5647/2/5 5648/2/5
f 5649/2/6 5650/2/6 5651/2/6 5652/2/6
f 5653/2/5 5654/2/5 5655/2/5 5656/2/5
f 5657/2/6 5658/2/6 5659/2/6 5660/2/6
f 5661/2/5 5662/2/5 5663/2/5 5664/2/5
f 5665/2/6 5666/2/6 5667/2/6 5668/2/6
f 5669/2/5 5670/2/5 5671/2/5 5672/2/5
f 5673/2/6 5674/2/6 5675/2/6 5676/2/6
f 5677/2/5 5678/2/5 5679/2/5 5680/2/5
f 5681/2/6 5682/2/6 5683/2/6 5684/2/6
f 5685/2/5 5686/2/5 5687/2/5 5688/2/5
f 5689/2/6 5690/2/6 5691/2/6 5692/2/6
f 5693/2/5 5694/2/5 5695/2/5 5696/2/5
f 5697/2/6 5698/2/6 5699/2/6 5700/2/6
f 5701/2/5 5702/2/5 5703/2/5 5704/2/5
f 5705/2/6 5706/2/6 5707/2/6 5708/2/6
f 5709/2/5 5710/2/5 5711/2/5 5712/2/5
f 5713/2/6 5714/2/6 5715/2/6 5716/2/6
f 5717/2/5 5718/2/5 5719/2/5 5720/2/5
f 5721/2/6 5722/2/6 5723/2/6 5724/2/6
f 5725/2/5 5726/2/5 5727/2/5 5728/2/5
f 5729/2/6 5730/2/6 5731/2/6 5732/2/6
f 5733/2/5 5734/2/5 5735/2/5 5736/2/5
f 5737/2/6 5738/2/6 5739/2/6 5740/2/6
f 5741/2/5 5742/2/5 5743/2/5 5744/2/5
f 5745/2/6 5746/2/6 5747/2/6 5748/2/6
f 5749/2/5 5750/2/5 5751/2/5 5752/2/5
f 5753/2/6 5754/2/6 5755/2/6 5756/2/6
f 5757/2/5 5758/2/5 5759/2/5 5760/2/5
f 5761/2/6 5762/2/6 5763/2/6 5764/2/6
f 5765/2/2 5766/2/2 5767/2/2 5768/2/2
f 5769/2/5 5770/2/5 5771/2/5 5772/2/5
f 5773/2/6 5774/2/6 5775/2/6 5776/2/6
f 5777/4/1 5778/4/1 5779/4/1 5780/4/1
f 5781/4/2 5782/4/2 5783/4/2 5784/4/2
f 5785/4/3 5786/4/3 5787/4/3 5788/4/3
f 5789/4/4 5790/4/4 5791/4/4 5792/4/4
f 5793/4/5 5794/4/5 5795/4/5 5796/4/5
f 5797/4/6 5798/4/6 5799/4/6 5800/4/6
f 5801/11/1 5802/11/1 5803/11/1 5804/11/1
f 5805/11/3 5806/11/3 5807/11/3 5808/11/3
f 5809/11/5 5810/11/5 5811/11/5 5812/11/5
f 5813/11/6 5814/11/6 5815/11/6 5816/11/6
f 5817/11/3 5818/11/3 5819/11/3 5820/11/3
f 5821/11/5 5822/11/5 5823/11/5 5824/11/5
f 5825/11/6 5826/11/6 5827/11/6 5828/11/6
f 5829/11/3 5830/11/3 5831/11/3 5832/11/3
f 5833/11/4 5834/11/4 5835/11/4 5836/11/4
f 5837/11/5 5838/11/5 5839/11/5 5840/11/5
f 5841/11/6 5842/11/6 5843/11/6 5844/11/6
f 5845/1/5 5846/1/5 5847/1/5 5848/1/5
f 5849/1/6 5850/1/6 5851/1/6 5852/1/6
f 5853/12/2 5854/12/2 5855/12/2 5856/12/2
f 5857/12/5 5858/12/5 5859/12/5 5860/12/5
f 5861/12/6 5862/12/6 5863/12/6 5864/12/6
f 5865/2/1 5866/2/1 5867/2/1 5868/2/1
f 5869/2/2 5870/2/2 5871/2/2 5872/2/2
f 5873/2/5 5874/2/5 5875/2/5 5876/2/5
f 5877/2/6 5878/2/6 5879/2/6 5880/2/6
f 5881/3/1 5882/3/1 5883/3/1 5884/3/1
f 5885/3/3 5886/3/3 5887/3/3 5888/3/3
f 5889/3/4 5890/3/4 5891/3/4 5892/3/4
f 5893/3/5 5894/3/5 5895/3/5 5896/3/5
f 5897/3/6 5898/3/6 5899/3/6 5900/3/6
f 5901/4/3 5902/4/3 5903/4/3 5904/4/3
f 5905/4/5 5906/4/5 5907/4/5 5908/4/5
f 5909/4/6 5910/4/6 5911/4/6 5912/4/6
f 5913/4/3 5914/4/3 5915/4/3 5916/4/3
f 5917/4/5 5918/4/5 5919/4/5 5920/4/5
f 5921/4/6 5922/4/6 5923/4/6 5924/4/6
f 5925/4/5 5926/4/5 5927/4/5 5928/4/5
f 5929/4/6 5930/4/6 5931/4/6 5932/4/6
f 5933/4/5 5934/4/5 5935/4/5 5936/4/5
f 5937/4/6 5938/4/6 5939/4/6 5940/4/6
f 5941/4/5 5942/4/5 5943/4/5 5944/4/5
f 5945/4/6 5946/4/6 5947/4/6 5948/4/6
f 5949/4/5 5950/4/5 5951/4/5 5952/4/5
f 5953/4/6 5954/4/6 5955/4/6 5956/4/6
f 5957/4/5 5958/4/5 5959/4/5 5960/4/5
f 5961/4/6 5962/4/6 5963/4/6 5964/4/6
f 5965/9/5 5966/9/5 5967/9/5 5968/9/5
f 5969/9/6 5970/9/6 5971/9/6 5972/9/6
f 5973/9/5 5974/9/5 5975/9/5 5976/9/5
f 5977/9/6 5978/9/6 5979/9/6 5980/9/6
f 5981/9/5 5982/9/5 5983/9/5 5984/9/5
f 5985/9/6 5986/9/6 5987/9/6 5988/9/6
f 5989/10/5 5990/10/5 5991/10/5 5992/10/5
f 5993/10/6 5994/10/6 5995/10/6 5996/10/6
f 5997/2/5 5998/2/5 5999/2/5 6000/2/5
f 6001/2/6 6002/2/6 6003/2/6 6004/2/6
f 6005/2/5 6006/2/5 6007/2/5 6008/2/5
f 6009/2/6 6010/2/6 6011/2/6 6012/2/6
f 6013/2/5 6014/2/5 6015/2/5 6016/2/5
f 6017/2/6 6018/2/6 6019/2/6 6020/2/6
f 6021/2/5 6022/2/5 6023/2/5 6024/2/5
f 6025/2/6 6026/2/6 6027/2/6 6028/2/6
f 6029/2/5 6030/2/5 6031/2/5 6032/2/5
f 6033/2/6 6034/2/6 6035/2/6 6036/2/6
f 6037/2/5 6038/2/5 6039/2/5 6040/2/5
f 6041/2/6 6042/2/6 6043/2/6 6044/2/6
f 6045/2/5 6046/2/5 6047/2/5 6048/2/5
f 6049/2/6 6050/2/6 6051/2/6 6052/2/6
f 6053/2/5 6054/2/5 6055/2/5 6056/2/5
f 6057/2/6 6058/2/6 6059/2/6 6060/2/6
f 6061/2/5 6062/2/5 6063/2/5 6064/2/5
f 6065/2/6 6066/2/6 6067/2/6 6068/2/6
f 6069/2/5 6070/2/5 6071/2/5 6072/2/5
f 6073/2/6 6074/2/6 6075/2/6 6076/2/6
f 6077/2/5 6078/2/5 6079/2/5 6080/2/5
f 6081/2/6 6082/2/6 6083/2/6 6084/2/6
f 6085/2/5 6086/2/5 6087/2/5 6088/2/5
f 6089/2/6 6090/2/6 6091/2/6 6092/2/6
f 6093/2/5 6094/2/5 6095/2/5 6096/2/5
f 6097/2/6 6098/2/6 6099/2/6 6100/2/6
f 6101/2/5 6102/2/5 6103/2/5 6104/2/5
f 6105/2/6 6106/2/6 6107/2/6 6108/2/6
f 6109/2/5 6110/2/5 6111/2/5 6112/2/5
f 6113/2/6 6114/2/6 6115/2/6 6116/2/6
f 6117/2/5 6118/2/5 6119/2/5 6120/2/5
f 6121/2/6 6122/2/6 6123/2/6 6124/2/6
f 6125/2/5 6126/2/5 6127/2/5 6128/2/5
f 6129/2/6 6130/2/6 6131/2/6 6132/2/6
f 6133/2/2 6134/2/2 6135/2/2 6136/2/2
f 6137/2/5 6138/2/5 6139/2/5 6140/2/5
f 6141/2/6 6142/2/6 6143/2/6 6144/2/6
f 6145/4/1 6146/4/1 6147/4/1 6148/4/1
f 6149/4/2 6150/4/2 6151/4/2 6152/4/2
f 6153/4/3 6154/4/3 6155/4/3 6156/4/3
f 6157/4/5 6158/4/5 6159/4/5 6160/4/5
f 6161/4/6 6162/4/6 6163/4/6 6164/4/6
f 6165/15/1 6166/15/1 6167/15/1 6168/15/1
f 6169/15/3 6170/15/3 6171/15/3 6172/15/3
f 6173/15/5 6174/15/5 6175/15/5 6176/15/5
f 6177/15/6 6178/15/6 6179/15/6 6180/15/6
f 6181/8/3 6182/8/3 6183/8/3 6184/8/3
f 6185/8/5 6186/8/5 6187/8/5 6188/8/5
f 6189/8/6 6190/8/6 6191/8/6 6192/8/6
f 6193/4/3 6194/4/3 6195/4/3 6196/4/3
f 6197/4/5 6198/4/5 6199/4/5 6200/4/5
f 6201/4/6 6202/4/6 6203/4/6 6204/4/6
f 6205/5/3 6206/5/3 6207/5/3 6208/5/3
f 6209/5/5 6210/5/5 6211/5/5 6212/5/5
f 6213/5/6 6214/5/6 6215/5/6 6216/5/6
f 6217/13/3 6218/13/3 6219/13/3 6220/13/3
f 6221/13/5 6222/13/5 6223/13/5 6224/13/5
f 6225/13/6 6226/13/6 6227/13/6 6228/13/6
f 6229/14/3 6230/14/3 6231/14/3 6232/14/3
f 6233/14/5 6234/14/5 6235/14/5 6236/14/5
f 6237/14/6 6238/14/6 6239/14/6 6240/14/6
f 6241/7/3 6242/7/3 6243/7/3 6244/7/3
f 6245/7/5 6246/7/5 6247/7/5 6248/7/5
f 6249/7/6 6250/7/6 6251/7/6 6252/7/6
f 6253/11/3 6254/11/3 6255/11/3 6256/11/3
f 6257/11/5 6258/11/5 6259/11/5 6260/11/5
f 6261/11/6 6262/11/6 6263/11/6 6264/11/6
f 6265/11/3 6266/11/3 6267/11/3 6268/11/3
f 6269/11/5 6270/11/5 6271/11/5 6272/11/5
f 6273/11/6 6274/11/6 6275/11/6 6276/11/6
f 6277/11/3 6278/11/3 6279/11/3 6280/11/3
f 6281/11/4 6282/11/4 6283/11/4 6284/11/4
f 6285/11/5 6286/11/5 6287/11/5 6288/11/5
f 6289/11/6 6290/11/6 6291/11/6 6292/11/6
f 6293/1/5 6294/1/5 6295/1/5 6296/1/5
f 6297/1/6 6298/1/6 6299/1/6 6300/1/6
f 6301/12/2 6302/12/2 6303/12/2 6304/12/2
f 6305/12/5 6306/12/5 6307/12/5 6308/12/5
f 6309/12/6 6310/12/6 6311/12/6 6312/12/6
f 6313/2/1 6314/2/1 6315/2/1 6316/2/1
f 6317/2/5 6318/2/5 6319/2/5 6320/2/5
f 6321/2/6 6322/2/6 6323/2/6 6324/2/6
f 6325/2/5 6326/2/5 6327/2/5 6328/2/5
f 6329/2/6 6330/2/6 6331/2/6 6332/2/6
f 6333/2/3 6334/2/3 6335/2/3 6336/2/3
f 6337/2/5 6338/2/5 6339/2/5 6340/2/5
f 6341/2/6 6342/2/6 6343/2/6 6344/2/6
f 6345/2/3 6346/2/3 6347/2/3 6348/2/3
f 6349/2/5 6350/2/5 6351/2/5 6352/2/5
f 6353/2/6 6354/2/6 6355/2/6 6356/2/6
f 6357/2/5 6358/2/5 6359/2/5 6360/2/5
f 6361/2/6 6362/2/6 6363/2/6 6364/2/6
f 6365/2/3 6366/2/3 6367/2/3 6368/2/3
f 6369/2/5 6370/2/5 6371/2/5 6372/2/5
f 6373/2/6 6374/2/6 6375/2/6 6376/2/6
f 6377/2/3 6378/2/3 6379/2/3 6380/2/3
f 6381/2/5 6382/2/5 6383/2/5 6384/2/5
f 6385/2/6 6386/2/6 6387/2/6 6388/2/6
f 6389/2/2 6390/2/2 6391/2/2 6392/2/2
f 6393/2/3 6394/2/3 6395/2/3 6396/2/3
f 6397/2/5 6398/2/5 6399/2/5 6400/2/5
f 6401/2/6 6402/2/6 6403/2/6 6404/2/6
f 6405/3/1 6406/3/1 6407/3/1 6408/3/1
f 6409/3/4 6410/3/4 6411/3/4 6412/3/4
f 6413/3/5 6414/3/5 6415/3/5 6416/3/5
f 6417/3/6 6418/3/6 6419/3/6 6420/3/6
f 6421/4/5 6422/4/5 6423/4/5 6424/4/5
f 6425/4/6 6426/4/6 6427/4/6 6428/4/6
f 6429/4/5 6430/4/5 6431/4/5 6432/4/5
f 6433/4/6 6434/4/6 6435/4/6 6436/4/6
f 6437/4/5 6438/4/5 6439/4/5 6440/4/5
f 6441/4/6 6442/4/6 6443/4/6 6444/4/6
f 6445/9/5 6446/9/5 6447/9/5 6448/9/5
f 6449/9/6 6450/9/6 6451/9/6 6452/9/6
f 6453/4/5 6454/4/5 6455/4/5 6456/4/5
f 6457/4/6 6458/4/6 6459/4/6 6460/4/6
f 6461/4/5 6462/4/5 6463/4/5 6464/4/5
f 6465/4/6 6466/4/6 6467/4/6 6468/4/6
f 6469/4/5 6470/4/5 6471/4/5 6472/4/5
f 6473/4/6 6474/4/6 6475/4/6 6476/4/6
f 6477/9/5 6478/9/5 6479/9/5 6480/9/5
f 6481/9/6 6482/9/6 6483/9/6 6484/9/6
f 6485/9/5 6486/9/5 6487/9/5 6488/9/5
f 6489/9/6 6490/9/6 6491/9/6 6492/9/6
f 6493/9/5 6494/9/5 6495/9/5 6496/9/5
f 6497/9/6 6498/9/6 6499/9/6 6500/9/6
f 6501/10/5 6502/10/5 6503/10/5 6504/10/5
f 6505/10/6 6506/10/6 6507/10/6 6508/10/6
f 6509/2/5 6510/2/5 6511/2/5 6512/2/5
f 6513/2/6 6514/2/6 6515/2/6 6516/2/6
f 6517/2/5 6518/2/5 6519/2/5 6520/2/5
f 6521/2/6 6522/2/6 6523/2/6 6524/2/6
f 6525/2/5 6526/2/5 6527/2/5 6528/2/5
f 6529/2/6 6530/2/6 6531/2/6 6532/2/6
f 6533/2/5 6534/2/5 6535/2/5 6536/2/5
f 6537/2/6 6538/2/6 6539/2/6 6540/2/6
f 6541/2/5 6542/2/5 6543/2/5 6544/2/5
f 6545/2/6 6546/2/6 6547/2/6 6548/2/6
f 6549/2/5 6550/2/5 6551/2/5 6552/2/5
f 6553/2/6 6554/2/6 6555/2/6 6556/2/6
f 6557/2/5 6558/2/5 6559/2/5 6560/2/5
f 6561/2/6 6562/2/6 6563/2/6 6564/2/6
f 6565/2/5 6566/2/5 6567/2/5 6568/2/5
f 6569/2/6 6570/2/6 6571/2/6 6572/2/6
f 6573/2/5 6574/2/5 6575/2/5 6576/2/5
f 6577/2/6 6578/2/6 6579/2/6 6580/2/6
f 6581/2/5 6582/2/5 6583/2/5 6584/2/5
f 6585/2/6 6586/2/6 6587/2/6 6588/2/6
f 6589/2/5 6590/2/5 6591/2/5 6592/2/5
f 6593/2/6 6594/2/6 6595/2/6 6596/2/6
f 6597/2/5 6598/2/5 6599/2/5 6600/2/5
f 6601/2/6 6602/2/6 6603/2/6 6604/2/6
f 6605/2/5 6606/2/5 6607/2/5 6608/2/5
f 6609/2/6 6610/2/6 6611/2/6 6612/2/6
f 6613/2/5 6614/2/5 6615/2/5 6616/2/5
f 6617/2/6 6618/2/6 6619/2/6 6620/2/6
f 6621/2/5 6622/2/5 6623/2/5 6624/2/5
f 6625/2/6 6626/2/6 6627/2/6 6628/2/6
f 6629/2/5 6630/2/5 6631/2/5 6632/2/5
f 6633/2/6 6634/2/6 6635/2/6 6636/2/6
f 6637/2/2 6638/2/2 6639/2/2 6640/2/2
f 6641/2/5 6642/2/5 6643/2/5 6644/2/5
f 6645/2/6 6646/2/6 6647/2/6 6648/2/6
f 6649/3/1 6650/3/1 6651/3/1 6652/3/1
f 6653/3/3 6654/3/3 6655/3/3 6656/3/3
f 6657/3/4 6658/3/4 6659/3/4 6660/3/4
f 6661/3/5 6662/3/5 6663/3/5 6664/3/5
f 6665/3/6 6666/3/6 6667/3/6 6668/3/6
f 6669/3/4 6670/3/4 6671/3/4 6672/3/4
f 6673/3/5 6674/3/5 6675/3/5 6676/3/5
f 6677/3/6 6678/3/6 6679/3/6 6680/3/6
f 6681/3/3 6682/3/3 6683/3/3 6684/3/3
f 6685/3/4 6686/3/4 6687/3/4 6688/3/4
f 6689/3/5 6690/3/5 6691/3/5 6692/3/5
f 6693/3/6 6694/3/6 6695/3/6 6696/3/6
f 6697/4/3 6698/4/3 6699/4/3 6700/4/3
f 6701/4/4 6702/4/4 6703/4/4 6704/4/4
f 6705/4/5 6706/4/5 6707/4/5 6708/4/5
f 6709/4/6 6710/4/6 6711/4/6 6712/4/6
f 6713/4/4 6714/4/4 6715/4/4 6716/4/4
f 6717/4/5 6718/4/5 6719/4/5 6720/4/5
f 6721/4/6 6722/4/6 6723/4/6 6724/4/6
f 6725/6/4 6726/6/4 6727/6/4 6728/6/4
f 6729/6/5 6730/6/5 6731/6/5 6732/6/5
f 6733/6/6 6734/6/6 6735/6/6 6736/6/6
f 6737/5/4 6738/5/4 6739/5/4 6740/5/4
f 6741/5/5 6742/5/5 6743/5/5 6744/5/5
f 6745/5/6 6746/5/6 6747/5/6 6748/5/6
f 6749/13/4 6750/13/4 6751/13/4 6752/13/4
f 6753/13/5 6754/13/5 6755/13/5 6756/13/5
f 6757/13/6 6758/13/6 6759/13/6 6760/13/6
f 6761/4/4 6762/4/4 6763/4/4 6764/4/4
f 6765/4/5 6766/4/5 6767/4/5 6768/4/5
f 6769/4/6 6770/4/6 6771/4/6 6772/4/6
f 6773/7/5 6774/7/5 6775/7/5 6776/7/5
f 6777/7/6 6778/7/6 6779/7/6 6780/7/6
f 6781/11/5 6782/11/5 6783/11/5 6784/11/5
f 6785/11/6 6786/11/6 6787/11/6 6788/11/6
f 6789/1/5 6790/1/5 6791/1/5 6792/1/5
f 6793/1/6 6794/1/6 6795/1/6 6796/1/6
f 6797/12/2 6798/12/2 6799/12/2 6800/12/2
f 6801/12/5 6802/12/5 6803/12/5 6804/12/5
f 6805/12/6 6806/12/6 6807/12/6 6808/12/6
f 6809/2/1 6810/2/1 6811/2/1 6812/2/1
f 6813/2/4 6814/2/4 6815/2/4 6816/2/4
f 6817/2/5 6818/2/5 6819/2/5 6820/2/5
f 6821/2/6 6822/2/6 6823/2/6 6824/2/6
f 6825/2/5 6826/2/5 6827/2/5 6828/2/5
f 6829/2/6 6830/2/6 6831/2/6 6832/2/6
f 6833/2/3 6834/2/3 6835/2/3 6836/2/3
f 6837/2/5 6838/2/5 6839/2/5 6840/2/5
f 6841/2/6 6842/2/6 6843/2/6 6844/2/6
f 6845/2/5 6846/2/5 6847/2/5 6848/2/5
f 6849/2/6 6850/2/6 6851/2/6 6852/2/6
f 6853/2/5 6854/2/5 6855/2/5 6856/2/5
f 6857/2/6 6858/2/6 6859/2/6 6860/2/6
f 6861/2/5 6862/2/5 6863/2/5 6864/2/5
f 6865/2/6 6866/2/6 6867/2/6 6868/2/6
f 6869/2/5 6870/2/5 6871/2/5 6872/2/5
f 6873/2/6 6874/2/6 6875/2/6 6876/2/6
f 6877/2/5 6878/2/5 6879/2/5 6880/2/5
f 6881/2/6 6882/2/6 6883/2/6 6884/2/6
f 6885/2/5 6886/2/5 6887/2/5 6888/2/5
f 6889/2/6 6890/2/6 6891/2/6 6892/2/6
f 6893/2/5 6894/2/5 6895/2/5 6896/2/5
f 6897/2/6 6898/2/6 6899/2/6 6900/2/6
f 6901/2/5 6902/2/5 6903/2/5 6904/2/5
f 6905/2/6 6906/2/6 6907/2/6 6908/2/6
f 6909/2/3 6910/2/3 6911/2/3 6912/2/3
f 6913/2/5 6914/2/5 6915/2/5 6916/2/5
f 6917/2/6 6918/2/6 6919/2/6 6920/2/6
f 6921/2/3 6922/2/3 6923/2/3 6924/2/3
f 6925/2/5 6926/2/5 6927/2/5 6928/2/5
f 6929/2/6 6930/2/6 6931/2/6 6932/2/6
f 6933/2/3 6934/2/3 6935/2/3 6936/2/3
f 6937/2/5 6938/2/5 6939/2/5 6940/2/5
f 6941/2/6 6942/2/6 6943/2/6 6944/2/6
f 6945/2/2 6946/2/2 6947/2/2 6948/2/2
f 6949/2/3 6950/2/3 6951/2/3 6952/2/3
f 6953/2/5 6954/2/5 6955/2/5 6956/2/5
f 6957/2/6 6958/2/6 6959/2/6 6960/2/6
f 6961/3/1 6962/3/1 6963/3/1 6964/3/1
f 6965/3/4 6966/3/4 6967/3/4 6968/3/4
f 6969/3/5 6970/3/5 6971/3/5 6972/3/5
f 6973/3/6 6974/3/6 6975/3/6 6976/3/6
f 6977/3/4 6978/3/4 6979/3/4 6980/3/4
f 6981/3/5 6982/3/5 6983/3/5 6984/3/5
f 6985/3/6 6986/3/6 6987/3/6 6988/3/6
f 6989/3/4 6990/3/4 6991/3/4 6992/3/4
f 6993/3/5 6994/3/5 6995/3/5 6996/3/5
f 6997/3/6 6998/3/6 6999/3/6 7000/3/6
f 7001/4/5 7002/4/5 7003/4/5 7004/4/5
f 7005/4/6 7006/4/6 7007/4/6 7008/4/6
f 7009/4/5 7010/4/5 7011/4/5 7012/4/5
f 7013/4/6 7014/4/6 7015/4/6 7016/4/6
f 7017/4/5 7018/4/5 7019/4/5 7020/4/5
f 7021/4/6 7022/4/6 7023/4/6 7024/4/6
f 7025/4/5 7026/4/5 7027/4/5 7028/4/5
f 7029/4/6 7030/4/6 7031/4/6 7032/4/6
f 7033/4/5 7034/4/5 7035/4/5 7036/4/5
f 7037/4/6 7038/4/6 7039/4/6 7040/4/6
f 7041/4/5 7042/4/5 7043/4/5 7044/4/5
f 7045/4/6 7046/4/6 7047/4/6 7048/4/6
f 7049/4/5 7050/4/5 7051/4/5 7052/4/5
f 7053/4/6 7054/4/6 7055/4/6 7056/4/6
f 7057/9/5 7058/9/5 7059/9/5 7060/9/5
f 7061/9/6 7062/9/6 7063/9/6 7064/9/6
f 7065/10/5 7066/10/5 7067/10/5 7068/10/5
f 7069/10/6 7070/10/6 7071/10/6 7072/10/6
f 7073/2/5 7074/2/5 7075/2/5 7076/2/5
f 7077/2/6 7078/2/6 7079/2/6 7080/2/6
f 7081/2/5 7082/2/5 7083/2/5 7084/2/5
f 7085/2/6 7086/2/6 7087/2/6 7088/2/6
f 7089/2/5 7090/2/5 7091/2/5 7092/2/5
f 7093/2/6 7094/2/6 7095/2/6 7096/2/6
f 7097/2/5 7098/2/5 7099/2/5 7100/2/5
f 7101/2/6 7102/2/6 7103/2/6 7104/2/6
f 7105/2/5 7106/2/5 7107/2/5 7108/2/5
f 7109/2/6 7110/2/6 7111/2/6 7112/2/6
f 7113/2/5 7114/2/5 7115/2/5 7116/2/5
f 7117/2/6 7118/2/6 7119/2/6 7120/2/6
f 7121/2/5 7122/2/5 7123/2/5 7124/2/5
f 7125/2/6 7126/2/6 7127/2/6 7128/2/6
f 7129/2/5 7130/2/5 7131/2/5 7132/2/5
f 7133/2/6 7134/2/6 7135/2/6 7136/2/6
f 7137/2/5 7138/2/5 7139/2/5 7140/2/5
f 7141/2/6 7142/2/6 7143/2/6 7144/2/6
f 7145/2/5 7146/2/5 7147/2/5 7148/2/5
f 7149/2/6 7150/2/6 7151/2/6 7152/2/6
f 7153/2/5 7154/2/5 7155/2/5 7156/2/5
f 7157/2/6 7158/2/6 7159/2/6 7160/2/6
f 7161/2/5 7162/2/5 7163/2/5 7164/2/5
f 7165/2/6 7166/2/6 7167/2/6 7168/2/6
f 7169/2/5 7170/2/5 7171/2/5 7172/2/5
f 7173/2/6 7174/2/6 7175/2/6 7176/2/6
f 7177/2/5 7178/2/5 7179/2/5 7180/2/5
f 7181/2/6 7182/2/6 7183/2/6 7184/2/6
f 7185/2/5 7186/2/5 7187/2/5 7188/2/5
f 7189/2/6 7190/2/6 7191/2/6 7192/2/6
f 7193/2/2 7194/2/2 7195/2/2 7196/2/2
f 7197/2/5 7198/2/5 7199/2/5 7200/2/5
f 7201/2/6 7202/2/6 7203/2/6 7204/2/6
f 7205/14/1 7206/14/1 7207/14/1 7208/14/1
f 7209/14/4 7210/14/4 7211/14/4 7212/14/4
f 7213/14/5 7214/14/5 7215/14/5 7216/14/5
f 7217/14/6 7218/14/6 7219/14/6 7220/14/6
f 7221/7/4 7222/7/4 7223/7/4 7224/7/4
f 7225/7/5 7226/7/5 7227/7/5 7228/7/5
f 7229/7/6 7230/7/6 7231/7/6 7232/7/6
f 7233/11/5 7234/11/5 7235/11/5 7236/11/5
f 7237/11/6 7238/11/6 7239/11/6 7240/11/6
f 7241/11/4 7242/11/4 7243/11/4 7244/11/4
f 7245/11/5 7246/11/5 7247/11/5 7248/11/5
f 7249/11/6 7250/11/6 7251/11/6 7252/11/6
f 7253/12/2 7254/12/2 7255/12/2 7256/12/2
f 7257/12/3 7258/12/3 7259/12/3 7260/12/3
f 7261/12/5 7262/12/5 7263/12/5 7264/12/5
f 7265/12/6 7266/12/6 7267/12/6 7268/12/6
f 7269/2/1 7270/2/1 7271/2/1 7272/2/1
f 7273/2/5 7274/2/5 7275/2/5 7276/2/5
f 7277/2/6 7278/2/6 7279/2/6 7280/2/6
f 7281/2/5 7282/2/5 7283/2/5 7284/2/5
f 7285/2/6 7286/2/6 7287/2/6 7288/2/6
f 7289/2/4 7290/2/4 7291/2/4 7292/2/4
f 7293/2/5 7294/2/5 7295/2/5 7296/2/5
f 7297/2/6 7298/2/6 7299/2/6 7300/2/6
f 7301/2/5 7302/2/5 7303/2/5 7304/2/5
f 7305/2/6 7306/2/6 7307/2/6 7308/2/6
f 7309/2/5 7310/2/5 7311/2/5 7312/2/5
f 7313/2/6 7314/2/6 7315/2/6 7316/2/6
f 7317/2/5 7318/2/5 7319/2/5 7320/2/5
f 7321/2/6 7322/2/6 7323/2/6 7324/2/6
f 7325/2/5 7326/2/5 7327/2/5 7328/2/5
f 7329/2/6 7330/2/6 7331/2/6 7332/2/6
f 7333/2/5 7334/2/5 7335/2/5 7336/2/5
f 7337/2/6 7338/2/6 7339/2/6 7340/2/6
f 7341/2/5 7342/2/5 7343/2/5 7344/2/5
f 7345/2/6 7346/2/6 7347/2/6 7348/2/6
f 7349/2/5 7350/2/5 7351/2/5 7352/2/5
f 7353/2/6 7354/2/6 7355/2/6 7356/2/6
f 7357/2/5 7358/2/5 7359/2/5 7360/2/5
f 7361/2/6 7362/2/6 7363/2/6 7364/2/6
f 7365/2/5 7366/2/5 7367/2/5 7368/2/5
f 7369/2/6 7370/2/6 7371/2/6 7372/2/6
f 7373/2/5 7374/2/5 7375/2/5 7376/2/5
f 7377/2/6 7378/2/6 7379/2/6 7380/2/6
f 7381/2/5 7382/2/5 7383/2/5 7384/2/5
f 7385/2/6 7386/2/6 7387/2/6 7388/2/6
f 7389/2/3 7390/2/3 7391/2/3 7392/2/3
f 7393/2/5 7394/2/5 7395/2/5 7396/2/5
f 7397/2/6 7398/2/6 7399/2/6 7400/2/6
f 7401/2/3 7402/2/3 7403/2/3 7404/2/3
f 7405/2/5 7406/2/5 7407/2/5 7408/2/5
f 7409/2/6 7410/2/6 7411/2/6 7412/2/6
f 7413/2/3 7414/2/3 7415/2/3 7416/2/3
f 7417/2/5 7418/2/5 7419/2/5 7420/2/5
f 7421/2/6 7422/2/6 7423/2/6 7424/2/6
f 7425/2/3 7426/2/3 7427/2/3 7428/2/3
f 7429/2/5 7430/2/5 7431/2/5 7432/2/5
f 7433/2/6 7434/2/6 7435/2/6 7436/2/6
f 7437/2/2 7438/2/2 7439/2/2 7440/2/2
f 7441/2/3 7442/2/3 7443/2/3 7444/2/3
f 7445/2/5 7446/2/5 7447/2/5 7448/2/5
f 7449/2/6 7450/2/6 7451/2/6 7452/2/6
f 7453/3/1 7454/3/1 7455/3/1 7456/3/1
f 7457/3/4 7458/3/4 7459/3/4 7460/3/4
f 7461/3/5 7462/3/5 7463/3/5 7464/3/5
f 7465/3/6 7466/3/6 7467/3/6 7468/3/6
f 7469/3/4 7470/3/4 7471/3/4 7472/3/4
f 7473/3/5 7474/3/5 7475/3/5 7476/3/5
f 7477/3/6 7478/3/6 7479/3/6 7480/3/6
f 7481/3/4 7482/3/4 7483/3/4 7484/3/4
f 7485/3/5 7486/3/5 7487/3/5 7488/3/5
f 7489/3/6 7490/3/6 7491/3/6 7492/3/6
f 7493/4/5 7494/4/5 7495/4/5 7496/4/5
f 7497/4/6 7498/4/6 7499/4/6 7500/4/6
f 7501/4/5 7502/4/5 7503/4/5 7504/4/5
f 7505/4/6 7506/4/6 7507/4/6 7508/4/6
f 7509/4/5 7510/4/5 7511/4/5 7512/4/5
f 7513/4/6 7514/4/6 7515/4/6 7516/4/6
f 7517/4/5 7518/4/5 7519/4/5 7520/4/5
f 7521/4/6 7522/4/6 7523/4/6 7524/4/6
f 7525/4/5 7526/4/5 7527/4/5 7528/4/5
f 7529/4/6 7530/4/6 7531/4/6 7532/4/6
f 7533/9/5 7534/9/5 7535/9/5 7536/9/5
f 7537/9/6 7538/9/6 7539/9/6 7540/9/6
f 7541/10/5 7542/10/5 7543/10/5 7544/10/5
f 7545/10/6 7546/10/6 7547/10/6 7548/10/6
f 7549/2/5 7550/2/5 7551/2/5 7552/2/5
f 7553/2/6 7554/2/6 7555/2/6 7556/2/6
f 7557/2/5 7558/2/5 7559/2/5 7560/2/5
f 7561/2/6 7562/2/6 7563/2/6 7564/2/6
f 7565/2/5 7566/2/5 7567/2/5 7568/2/5
f 7569/2/6 7570/2/6 7571/2/6 7572/2/6
f 7573/2/5 7574/2/5 7575/2/5 7576/2/5
f 7577/2/6 7578/2/6 7579/2/6 7580/2/6
f 7581/2/5 7582/2/5 7583/2/5 7584/2/5
f 7585/2/6 7586/2/6 7587/2/6 7588/2/6
f 7589/2/5 7590/2/5 7591/2/5 7592/2/5
f 7593/2/6 7594/2/6 7595/2/6 7596/2/6
f 7597/2/5 7598/2/5 7599/2/5 7600/2/5
f 7601/2/6 7602/2/6 7603/2/6 7604/2/6
f 7605/2/5 7606/2/5 7607/2/5 7608/2/5
f 7609/2/6 7610/2/6 7611/2/6 7612/2/6
f 7613/2/5 7614/2/5 7615/2/5 7616/2/5
f 7617/2/6 7618/2/6 7619/2/6 7620/2/6
f 7621/2/5 7622/2/5 7623/2/5 7624/2/5
f 7625/2/6 7626/2/6 7627/2/6 7628/2/6
f 7629/2/5 7630/2/5 7631/2/5 7632/2/5
f 7633/2/6 7634/2/6 7635/2/6 7636/2/6
f 7637/2/5 7638/2/5 7639/2/5 7640/2/5
f 7641/2/6 7642/2/6 7643/2/6 7644/2/6
f 7645/2/5 7646/2/5 7647/2/5 7648/2/5
f 7649/2/6 7650/2/6 7651/2/6 7652/2/6
f 7653/2/5 7654/2/5 7655/2/5 7656/2/5
f 7657/2/6 7658/2/6 7659/2/6 7660/2/6
f 7661/2/2 7662/2/2 7663/2/2 7664/2/2
f 7665/2/5 7666/2/5 7667/2/5 7668/2/5
f 7669/2/6 7670/2/6 7671/2/6 7672/2/6
f 7673/4/1 7674/4/1 7675/4/1 7676/4/1
f 7677/4/2 7678/4/2 7679/4/2 7680/4/2
f 7681/4/4 7682/4/4 7683/4/4 7684/4/4
f 7685/4/5 7686/4/5 7687/4/5 7688/4/5
f 7689/4/6 7690/4/6 7691/4/6 7692/4/6
f 7693/11/1 7694/11/1 7695/11/1 7696/11/1
f 7697/11/4 7698/11/4 7699/11/4 7700/11/4
f 7701/11/5 7702/11/5 7703/11/5 7704/11/5
f 7705/11/6 7706/11/6 7707/11/6 7708/11/6
f 7709/11/3 7710/11/3 7711/11/3 7712/11/3
f 7713/11/4 7714/11/4 7715/11/4 7716/11/4
f 7717/11/5 7718/11/5 7719/11/5 7720/11/5
f 7721/11/6 7722/11/6 7723/11/6 7724/11/6
f 7725/1/5 7726/1/5 7727/1/5 7728/1/5
f 7729/1/6 7730/1/6 7731/1/6 7732/1/6
f 7733/12/2 7734/12/2 7735/12/2 7736/12/2
f 7737/12/5 7738/12/5 7739/12/5 7740/12/5
f 7741/12/6 7742/12/6 7743/12/6 7744/12/6
f 7745/2/1 7746/2/1 7747/2/1 7748/2/1
f 7749/2/5 7750/2/5 7751/2/5 7752/2/5
f 7753/2/6 7754/2/6 7755/2/6 7756/2/6
f 7757/2/5 7758/2/5 7759/2/5 7760/2/5
f 7761/2/6 7762/2/6 7763/2/6 7764/2/6
f 7765/2/4 7766/2/4 7767/2/4 7768/2/4
f 7769/2/5 7770/2/5 7771/2/5 7772/2/5
f 7773/2/6 7774/2/6 7775/2/6 7776/2/6
f 7777/2/5 7778/2/5 7779/2/5 7780/2/5
f 7781/2/6 7782/2/6 7783/2/6 7784/2/6
f 7785/2/5 7786/2/5 7787/2/5 7788/2/5
f 7789/2/6 7790/2/6 7791/2/6 7792/2/6
f 7793/2/5 7794/2/5 7795/2/5 7796/2/5
f 7797/2/6 7798/2/6 7799/2/6 7800/2/6
f 7801/2/5 7802/2/5 7803/2/5 7804/2/5
f 7805/2/6 7806/2/6 7807/2/6 7808/2/6
f 7809/2/5 7810/2/5 7811/2/5 7812/2/5
f 7813/2/6 7814/2/6 7815/2/6 7816/2/6
f 7817/2/5 7818/2/5 7819/2/5 7820/2/5
f 7821/2/6 7822/2/6 7823/2/6 7824/2/6
f 7825/2/5 7826/2/5 7827/2/5 7828/2/5
f 7829/2/6 7830/2/6 7831/2/6 7832/2/6
f 7833/2/5 7834/2/5 7835/2/5 7836/2/5
f 7837/2/6 7838/2/6 7839/2/6 7840/2/6
f 7841/2/5 7842/2/5 7843/2/5 7844/2/5
f 7845/2/6 7846/2/6 7847/2/6 7848/2/6
f 7849/2/5 7850/2/5 7851/2/5 7852/2/5
f 7853/2/6 7854/2/6 7855/2/6 7856/2/6
f 7857/2/5 7858/2/5 7859/2/5 7860/2/5
f 7861/2/6 7862/2/6 7863/2/6 7864/2/6
f 7865/2/5 7866/2/5 7867/2/5 7868/2/5
f 7869/2/6 7870/2/6 7871/2/6 7872/2/6
f 7873/2/5 7874/2/5 7875/2/5 7876/2/5
f 7877/2/6 7878/2/6 7879/2/6 7880/2/6
f 7881/2/3 7882/2/3 7883/2/3 7884/2/3
f 7885/2/5 7886/2/5 7887/2/5 7888/2/5
f 7889/2/6 7890/2/6 7891/2/6 7892/2/6
f 7893/2/3 7894/2/3 7895/2/3 7896/2/3
f 7897/2/5 7898/2/5 7899/2/5 7900/2/5
f 7901/2/6 7902/2/6 7903/2/6 7904/2/6
f 7905/2/3 7906/2/3 7907/2/3 7908/2/3
f 7909/2/5 7910/2/5 7911/2/5 7912/2/5
f 7913/2/6 7914/2/6 7915/2/6 7916/2/6
f 7917/2/2 7918/2/2 7919/2/2 7920/2/2
f 7921/2/3 7922/2/3 7923/2/3 7924/2/3
f 7925/2/4 7926/2/4 7927/2/4 7928/2/4
f 7929/2/5 7930/2/5 7931/2/5 7932/2/5
f 7933/2/6 7934/2/6 7935/2/6 7936/2/6
f 7937/3/1 7938/3/1 7939/3/1 7940/3/1
f 7941/3/5 7942/3/5 7943/3/5 7944/3/5
f 7945/3/6 7946/3/6 7947/3/6 7948/3/6
f 7949/4/5 7950/4/5 7951/4/5 7952/4/5
f 7953/4/6 7954/4/6 7955/4/6 7956/4/6
f 7957/4/5 7958/4/5 7959/4/5 7960/4/5
f 7961/4/6 7962/4/6 7963/4/6 7964/4/6
f 7965/4/5 7966/4/5 7967/4/5 7968/4/5
f 7969/4/6 7970/4/6 7971/4/6 7972/4/6
f 7973/9/5 7974/9/5 7975/9/5 7976/9/5
f 7977/9/6 7978/9/6 7979/9/6 7980/9/6
f 7981/10/5 7982/10/5 7983/10/5 7984/10/5
f 7985/10/6 7986/10/6 7987/10/6 7988/10/6
f 7989/2/5 7990/2/5 7991/2/5 7992/2/5
f 7993/2/6 7994/2/6 7995/2/6 7996/2/6
f 7997/2/5 7998/2/5 7999/2/5 8000/2/5
f 8001/2/6 8002/2/6 8003/2/6 8004/2/6
f 8005/2/5 8006/2/5 8007/2/5 8008/2/5
f 8009/2/6 8010/2/6 8011/2/6 8012/2/6
f 8013/2/5 8014/2/5 8015/2/5 8016/2/5
f 8017/2/6 8018/2/6 8019/2/6 8020/2/6
f 8021/2/5 8022/2/5 8023/2/5 8024/2/5
f 8025/2/6 8026/2/6 8027/2/6 8028/2/6
f 8029/2/5 8030/2/5 8031/2/5 8032/2/5
f 8033/2/6 8034/2/6 8035/2/6 8036/2/6
f 8037/2/5 8038/2/5 8039/2/5 8040/2/5
f 8041/2/6 8042/2/6 8043/2/6 8044/2/6
f 8045/2/5 8046/2/5 8047/2/5 8048/2/5
f 8049/2/6 8050/2/6 8051/2/6 8052/2/6
f 8053/2/5 8054/2/5 8055/2/5 8056/2/5
f 8057/2/6 8058/2/6 8059/2/6 8060/2/6
f 8061/2/5 8062/2/5 8063/2/5 8064/2/5
f 8065/2/6 8066/2/6 8067/2/6 8068/2/6
f 8069/2/5 8070/2/5 8071/2/5 8072/2/5
f 8073/2/6 8074/2/6 8075/2/6 8076/2/6
f 8077/2/5 8078/2/5 8079/2/5 8080/2/5
f 8081/2/6 8082/2/6 8083/2/6 8084/2/6
f 8085/2/5 8086/2/5 8087/2/5 8088/2/5
f 8089/2/6 8090/2/6 8091/2/6 8092/2/6
f 8093/2/5 8094/2/5 8095/2/5 8096/2/5
f 8097/2/6 8098/2/6 8099/2/6 8100/2/6
f 8101/2/5 8102/2/5 8103/2/5 8104/2/5
f 8105/2/6 8106/2/6 8107/2/6 8108/2/6
f 8109/2/2 8110/2/2 8111/2/2 8112/2/2
f 8113/2/5 8114/2/5 8115/2/5 8116/2/5
f 8117/2/6 8118/2/6 8119/2/6 8120/2/6
f 8121/11/1 8122/11/1 8123/11/1 8124/11/1
f 8125/11/4 8126/11/4 8127/11/4 8128/11/4
f 8129/11/5 8130/11/5 8131/11/5 8132/11/5
f 8133/11/6 8134/11/6 8135/11/6 8136/11/6
f 8137/11/4 8138/11/4 8139/11/4 8140/11/4
f 8141/11/5 8142/11/5 8143/11/5 8144/11/5
f 8145/11/6 8146/11/6 8147/11/6 8148/11/6
f 8149/4/3 8150/4/3 8151/4/3 8152/4/3
f 8153/4/4 8154/4/4 8155/4/4 8156/4/4
f 8157/4/5 8158/4/5 8159/4/5 8160/4/5
f 8161/4/6 8162/4/6 8163/4/6 8164/4/6
f 8165/1/5 8166/1/5 8167/1/5 8168/1/5
f 8169/1/6 8170/1/6 8171/1/6 8172/1/6
f 8173/12/2 8174/12/2 8175/12/2 8176/12/2
f 8177/12/5 8178/12/5 8179/12/5 8180/12/5
f 8181/12/6 8182/12/6 8183/12/6 8184/12/6
f 8185/2/1 8186/2/1 8187/2/1 8188/2/1
f 8189/2/5 8190/2/5 8191/2/5 8192/2/5
f 8193/2/6 8194/2/6 8195/2/6 8196/2/6
f 8197/2/5 8198/2/5 8199/2/5 8200/2/5
f 8201/2/6 8202/2/6 8203/2/6 8204/2/6
f 8205/2/4 8206/2/4 8207/2/4 8208/2/4
f 8209/2/5 8210/2/5 8211/2/5 8212/2/5
f 8213/2/6 8214/2/6 8215/2/6 8216/2/6
f 8217/2/4 8218/2/4 8219/2/4 8220/2/4
f 8221/2/5 8222/2/5 8223/2/5 8224/2/5
f 8225/2/6 8226/2/6 8227/2/6 8228/2/6
f 8229/2/4 8230/2/4 8231/2/4 8232/2/4
f 8233/2/5 8234/2/5 8235/2/5 8236/2/5
f 8237/2/6 8238/2/6 8239/2/6 8240/2/6
f 8241/2/5 8242/2/5 8243/2/5 8244/2/5
f 8245/2/6 8246/2/6 8247/2/6 8248/2/6
f 8249/2/5 8250/2/5 8251/2/5 8252/2/5
f 8253/2/6 8254/2/6 8255/2/6 8256/2/6
f 8257/2/5 8258/2/5 8259/2/5 8260/2/5
f 8261/2/6 8262/2/6 8263/2/6 8264/2/6
f 8265/2/5 8266/2/5 8267/2/5 8268/2/5
f 8269/2/6 8270/2/6 8271/2/6 8272/2/6
f 8273/2/5 8274/2/5 8275/2/5 8276/2/5
f 8277/2/6 8278/2/6 8279/2/6 8280/2/6
f 8281/2/5 8282/2/5 8283/2/5 8284/2/5
f 8285/2/6 8286/2/6 8287/2/6 8288/2/6
f 8289/2/5 8290/2/5 8291/2/5 8292/2/5
f 8293/2/6 8294/2/6 8295/2/6 8296/2/6
f 8297/2/5 8298/2/5 8299/2/5 8300/2/5
f 8301/2/6 8302/2/6 8303/2/6 8304/2/6
f 8305/2/5 8306/2/5 8307/2/5 8308/2/5
f 8309/2/6 8310/2/6 8311/2/6 8312/2/6
f 8313/2/4 8314/2/4 8315/2/4 8316/2/4
f 8317/2/5 8318/2/5 8319/2/5 8320/2/5
f 8321/2/6 8322/2/6 8323/2/6 8324/2/6
f 8325/2/2 8326/2/2 8327/2/2 8328/2/2
f 8329/2/4 8330/2/4 8331/2/4 8332/2/4
f 8333/2/5 8334/2/5 8335/2/5 8336/2/5
f 8337/2/6 8338/2/6 8339/2/6 8340/2/6
f 8341/3/1 8342/3/1 8343/3/1 8344/3/1
f 8345/3/3 8346/3/3 8347/3/3 8348/3/3
f 8349/3/5 8350/3/5 8351/3/5 8352/3/5
f 8353/3/6 8354/3/6 8355/3/6 8356/3/6
f 8357/4/5 8358/4/5 8359/4/5 8360/4/5
f 8361/4/6 8362/4/6 8363/4/6 8364/4/6
f 8365/9/5 8366/9/5 8367/9/5 8368/9/5
f 8369/9/6 8370/9/6 8371/9/6 8372/9/6
f 8373/4/5 8374/4/5 8375/4/5 8376/4/5
f 8377/4/6 8378/4/6 8379/4/6 8380/4/6
f 8381/4/5 8382/4/5 8383/4/5 8384/4/5
f 8385/4/6 8386/4/6 8387/4/6 8388/4/6
f 8389/9/5 8390/9/5 8391/9/5 8392/9/5
f 8393/9/6 8394/9/6 8395/9/6 8396/9/6
f 8397/9/5 8398/9/5 8399/9/5 8400/9/5
f 8401/9/6 8402/9/6 8403/9/6 8404/9/6
f 8405/9/5 8406/9/5 8407/9/5 8408/9/5
f 8409/9/6 8410/9/6 8411/9/6 8412/9/6
f 8413/10/5 8414/10/5 8415/10/5 8416/10/5
f 8417/10/6 8418/10/6 8419/10/6 8420/10/6
f 8421/2/5 8422/2/5 8423/2/5 8424/2/5
f 8425/2/6 8426/2/6 8427/2/6 8428/2/6
f 8429/2/5 8430/2/5 8431/2/5 8432/2/5
f 8433/2/6 8434/2/6 8435/2/6 8436/2/6
f 8437/2/5 8438/2/5 8439/2/5 8440/2/5
f 8441/2/6 8442/2/6 8443/2/6 8444/2/6
f 8445/2/5 8446/2/5 8447/2/5 8448/2/5
f 8449/2/6 8450/2/6 8451/2/6 8452/2/6
f 8453/2/5 8454/2/5 8455/2/5 8456/2/5
f 8457/2/6 8458/2/6 8459/2/6 8460/2/6
f 8461/2/5 8462/2/5 8463/2/5 8464/2/5
f 8465/2/6 8466/2/6 8467/2/6 8468/2/6
f 8469/2/5 8470/2/5 8471/2/5 8472/2/5
f 8473/2/6 8474/2/6 8475/2/6 8476/2/6
f 8477/2/5 8478/2/5 8479/2/5 8480/2/5
f 8481/2/6 8482/2/6 8483/2/6 8484/2/6
f 8485/2/5 8486/2/5 8487/2/5 8488/2/5
f 8489/2/6 8490/2/6 8491/2/6 8492/2/6
f 8493/2/5 8494/2/5 8495/2/5 8496/2/5
f 8497/2/6 8498/2/6 8499/2/6 8500/2/6
f 8501/2/5 8502/2/5 8503/2/5 8504/2/5
f 8505/2/6 8506/2/6 8507/2/6 8508/2/6
f 8509/2/5 8510/2/5 8511/2/5 8512/2/5
f 8513/2/6 8514/2/6 8515/2/6 8516/2/6
f 8517/2/5 8518/2/5 8519/2/5 8520/2/5
f 8521/2/6 8522/2/6 8523/2/6 8524/2/6
f 8525/2/2 8526/2/2 8527/2/2 8528/2/2
f 8529/2/5 8530/2/5 8531/2/5 8532/2/5
f 8533/2/6 8534/2/6 8535/2/6 8536/2/6
f 8537/11/1 8538/11/1 8539/11/1 8540/11/1
f 8541/11/4 8542/11/4 8543/11/4 8544/11/4
f 8545/11/5 8546/11/5 8547/11/5 8548/11/5
f 8549/11/6 8550/11/6 8551/11/6 8552/11/6
f 8553/11/4 8554/11/4 8555/11/4 8556/11/4
f 8557/11/5 8558/11/5 8559/11/5 8560/11/5
f 8561/11/6 8562/11/6 8563/11/6 8564/11/6
f 8565/11/3 8566/11/3 8567/11/3 8568/11/3
f 8569/11/4 8570/11/4 8571/11/4 8572/11/4
f 8573/11/5 8574/11/5 8575/11/5 8576/11/5
f 8577/11/6 8578/11/6 8579/11/6 8580/11/6
f 8581/1/5 8582/1/5 8583/1/5 8584/1/5
f 8585/1/6 8586/1/6 8587/1/6 8588/1/6
f 8589/12/2 8590/12/2 8591/12/2 8592/12/2
f 8593/12/5 8594/12/5 8595/12/5 8596/12/5
f 8597/12/6 8598/12/6 8599/12/6 8600/12/6
f 8601/2/1 8602/2/1 8603/2/1 8604/2/1
f 8605/2/5 8606/2/5 8607/2/5 8608/2/5
f 8609/2/6 8610/2/6 8611/2/6 8612/2/6
f 8613/2/5 8614/2/5 8615/2/5 8616/2/5
f 8617/2/6 8618/2/6 8619/2/6 8620/2/6
f 8621/2/4 8622/2/4 8623/2/4 8624/2/4
f 8625/2/5 8626/2/5 8627/2/5 8628/2/5
f 8629/2/6 8630/2/6 8631/2/6 8632/2/6
f 8633/2/4 8634/2/4 8635/2/4 8636/2/4
f 8637/2/5 8638/2/5 8639/2/5 8640/2/5
f 8641/2/6 8642/2/6 8643/2/6 8644/2/6
f 8645/2/4 8646/2/4 8647/2/4 8648/2/4
f 8649/2/5 8650/2/5 8651/2/5 8652/2/5
f 8653/2/6 8654/2/6 8655/2/6 8656/2/6
f 8657/2/4 8658/2/4 8659/2/4 8660/2/4
f 8661/2/5 8662/2/5 8663/2/5 8664/2/5
f 8665/2/6 8666/2/6 8667/2/6 8668/2/6
f 8669/2/4 8670/2/4 8671/2/4 8672/2/4
f 8673/2/5 8674/2/5 8675/2/5 8676/2/5
f 8677/2/6 8678/2/6 8679/2/6 8680/2/6
f 8681/2/4 8682/2/4 8683/2/4 8684/2/4
f 8685/2/5 8686/2/5 8687/2/5 8688/2/5
f 8689/2/6 8690/2/6 8691/2/6 8692/2/6
f 8693/2/2 8694/2/2 8695/2/2 8696/2/2
f 8697/2/4 8698/2/4 8699/2/4 8700/2/4
f 8701/2/5 8702/2/5 8703/2/5 8704/2/5
f 8705/2/6 8706/2/6 8707/2/6 8708/2/6
f 8709/3/1 8710/3/1 8711/3/1 8712/3/1
f 8713/3/3 8714/3/3 8715/3/3 8716/3/3
f 8717/3/5 8718/3/5 8719/3/5 8720/3/5
f 8721/3/6 8722/3/6 8723/3/6 8724/3/6
f 8725/4/3 8726/4/3 8727/4/3 8728/4/3
f 8729/4/5 8730/4/5 8731/4/5 8732/4/5
f 8733/4/6 8734/4/6 8735/4/6 8736/4/6
f 8737/4/5 8738/4/5 8739/4/5 8740/4/5
f 8741/4/6 8742/4/6 8743/4/6 8744/4/6
f 8745/4/5 8746/4/5 8747/4/5 8748/4/5
f 8749/4/6 8750/4/6 8751/4/6 8752/4/6
f 8753/4/5 8754/4/5 8755/4/5 8756/4/5
f 8757/4/6 8758/4/6 8759/4/6 8760/4/6
f 8761/4/5 8762/4/5 8763/4/5 8764/4/5
f 8765/4/6 8766/4/6 8767/4/6 8768/4/6
f 8769/4/5 8770/4/5 8771/4/5 8772/4/5
f 8773/4/6 8774/4/6 8775/4/6 8776/4/6
f 8777/4/5 8778/4/5 8779/4/5 8780/4/5
f 8781/4/6 8782/4/6 8783/4/6 8784/4/6
f 8785/4/5 8786/4/5 8787/4/5 8788/4/5
f 8789/4/6 8790/4/6 8791/4/6 8792/4/6
f 8793/4/5 8794/4/5 8795/4/5 8796/4/5
f 8797/4/6 8798/4/6 8799/4/6 8800/4/6
f 8801/9/5 8802/9/5 8803/9/5 8804/9/5
f 8805/9/6 8806/9/6 8807/9/6 8808/9/6
f 8809/10/5 8810/10/5 8811/10/5 8812/10/5
f 8813/10/6 8814/10/6 8815/10/6 8816/10/6
f 8817/2/5 8818/2/5 8819/2/5 8820/2/5
f 8821/2/6 8822/2/6 8823/2/6 8824/2/6
f 8825/2/5 8826/2/5 8827/2/5 8828/2/5
f 8829/2/6 8830/2/6 8831/2/6 8832/2/6
f 8833/2/5 8834/2/5 8835/2/5 8836/2/5
f 8837/2/6 8838/2/6 8839/2/6 8840/2/6
f 8841/2/5 8842/2/5 8843/2/5 8844/2/5
f 8845/2/6 8846/2/6 8847/2/6 8848/2/6
f 8849/2/5 8850/2/5 8851/2/5 8852/2/5
f 8853/2/6 8854/2/6 8855/2/6 8856/2/6
f 8857/2/5 8858/2/5 8859/2/5 8860/2/5
f 8861/2/6 8862/2/6 8863/2/6 8864/2/6
f 8865/2/5 8866/2/5 8867/2/5 8868/2/5
f 8869/2/6 8870/2/6 8871/2/6 8872/2/6
f 8873/2/5 8874/2/5 8875/2/5 8876/2/5
f 8877/2/6 8878/2/6 8879/2/6 8880/2/6
f 8881/2/5 8882/2/5 8883/2/5 8884/2/5
f 8885/2/6 8886/2/6 8887/2/6 8888/2/6
f 8889/2/5 8890/2/5 8891/2/5 8892/2/5
f 8893/2/6 8894/2/6 8895/2/6 8896/2/6
f 8897/2/5 8898/2/5 8899/2/5 8900/2/5
f 8901/2/6 8902/2/6 8903/2/6 8904/2/6
f 8905/2/5 8906/2/5 8907/2/5 8908/2/5
f 8909/2/6 8910/2/6 8911/2/6 8912/2/6
f 8913/2/2 8914/2/2 8915/2/2 8916/2/2
f 8917/2/5 8918/2/5 8919/2/5 8920/2/5
f 8921/2/6 8922/2/6 8923/2/6 8924/2/6
f 8925/11/1 8926/11/1 8927/11/1 8928/11/1
f 8929/11/4 8930/11/4 8931/11/4 8932/11/4
f 8933/11/5 8934/11/5 8935/11/5 8936/11/5
f 8937/11/6 8938/11/6 8939/11/6 8940/11/6
f 8941/11/4 8942/11/4 8943/11/4 8944/11/4
f 8945/11/5 8946/11/5 8947/11/5 8948/11/5
f 8949/11/6 8950/11/6 8951/11/6 8952/11/6
f 8953/11/3 8954/11/3 8955/11/3 8956/11/3
f 8957/11/4 8958/11/4 8959/11/4 8960/11/4
f 8961/11/5 8962/11/5 8963/11/5 8964/11/5
f 8965/11/6 8966/11/6 8967/11/6 8968/11/6
f 8969/11/3 8970/11/3 8971/11/3 8972/11/3
f 8973/11/4 8974/11/4 8975/11/4 8976/11/4
f 8977/11/5 8978/11/5 8979/11/5 8980/11/5
f 8981/11/6 8982/11/6 8983/11/6 8984/11/6
f 8985/11/3 8986/11/3 8987/11/3 8988/11/3
f 8989/11/4 8990/11/4 8991/11/4 8992/11/4
f 8993/11/5 8994/11/5 8995/11/5 8996/11/5
f 8997/11/6 8998/11/6 8999/11/6 9000/11/6
f 9001/1/5 9002/1/5 9003/1/5 9004/1/5
f 9005/1/6 9006/1/6 9007/1/6 9008/1/6
f 9009/12/2 9010/12/2 9011/12/2 9012/12/2
f 9013/12/5 9014/12/5 9015/12/5 9016/12/5
f 9017/12/6 9018/12/6 9019/12/6 9020/12/6
f 9021/3/1 9022/3/1 9023/3/1 9024/3/1
f 9025/3/3 9026/3/3 9027/3/3 9028/3/3
f 9029/3/5 9030/3/5 9031/3/5 9032/3/5
f 9033/3/6 9034/3/6 9035/3/6 9036/3/6
f 9037/3/3 9038/3/3 9039/3/3 9040/3/3
f 9041/3/5 9042/3/5 9043/3/5 9044/3/5
f 9045/3/6 9046/3/6 9047/3/6 9048/3/6
f 9049/4/3 9050/4/3 9051/4/3 9052/4/3
f 9053/4/5 9054/4/5 9055/4/5 9056/4/5
f 9057/4/6 9058/4/6 9059/4/6 9060/4/6
f 9061/4/5 9062/4/5 9063/4/5 9064/4/5
f 9065/4/6 9066/4/6 9067/4/6 9068/4/6
f 9069/4/5 9070/4/5 9071/4/5 9072/4/5
f 9073/4/6 9074/4/6 9075/4/6 9076/4/6
f 9077/4/4 9078/4/4 9079/4/4 9080/4/4
f 9081/4/5 9082/4/5 9083/4/5 9084/4/5
f 9085/4/6 9086/4/6 9087/4/6 9088/4/6
f 9089/4/4 9090/4/4 9091/4/4 9092/4/4
f 9093/4/5 9094/4/5 9095/4/5 9096/4/5
f 9097/4/6 9098/4/6 9099/4/6 9100/4/6
f 9101/3/4 9102/3/4 9103/3/4 9104/3/4
f 9105/3/5 9106/3/5 9107/3/5 9108/3/5
f 9109/3/6 9110/3/6 9111/3/6 9112/3/6
f 9113/3/4 9114/3/4 9115/3/4 9116/3/4
f 9117/3/5 9118/3/5 9119/3/5 9120/3/5
f 9121/3/6 9122/3/6 9123/3/6 9124/3/6
f 9125/3/4 9126/3/4 9127/3/4 9128/3/4
f 9129/3/5 9130/3/5 9131/3/5 9132/3/5
f 9133/3/6 9134/3/6 9135/3/6 9136/3/6
f 9137/4/5 9138/4/5 9139/4/5 9140/4/5
f 9141/4/6 9142/4/6 9143/4/6 9144/4/6
f 9145/4/5 9146/4/5 9147/4/5 9148/4/5
f 9149/4/6 9150/4/6 9151/4/6 9152/4/6
f 9153/4/5 9154/4/5 9155/4/5 9156/4/5
f 9157/4/6 9158/4/6 9159/4/6 9160/4/6
f 9161/4/5 9162/4/5 9163/4/5 9164/4/5
f 9165/4/6 9166/4/6 9167/4/6 9168/4/6
f 9169/9/5 9170/9/5 9171/9/5 9172/9/5
f 9173/9/6 9174/9/6 9175/9/6 9176/9/6
f 9177/10/5 9178/10/5 9179/10/5 9180/10/5
f 9181/10/6 9182/10/6 9183/10/6 9184/10/6
f 9185/2/5 9186/2/5 9187/2/5 9188/2/5
f 9189/2/6 9190/2/6 9191/2/6 9192/2/6
f 9193/10/5 9194/10/5 9195/10/5 9196/10/5
f 9197/10/6 9198/10/6 9199/10/6 9200/10/6
f 9201/10/5 9202/10/5 9203/10/5 9204/10/5
f 9205/10/6 9206/10/6 9207/10/6 9208/10/6
f 9209/2/5 9210/2/5 9211/2/5 9212/2/5
f 9213/2/6 9214/2/6 9215/2/6 9216/2/6
f 9217/2/5 9218/2/5 9219/2/5 9220/2/5
f 9221/2/6 9222/2/6 9223/2/6 9224/2/6
f 9225/2/5 9226/2/5 9227/2/5 9228/2/5
f 9229/2/6 9230/2/6 9231/2/6 9232/2/6
f 9233/2/5 9234/2/5 9235/2/5 9236/2/5
f 9237/2/6 9238/2/6 9239/2/6 9240/2/6
f 9241/2/5 9242/2/5 9243/2/5 9244/2/5
f 9245/2/6 9246/2/6 9247/2/6 9248/2/6
f 9249/2/5 9250/2/5 9251/2/5 9252/2/5
f 9253/2/6 9254/2/6 9255/2/6 9256/2/6
f 9257/2/5 9258/2/5 9259/2/5 9260/2/5
f 9261/2/6 9262/2/6 9263/2/6 9264/2/6
f 9265/2/5 9266/2/5 9267/2/5 9268/2/5
f 9269/2/6 9270/2/6 9271/2/6 9272/2/6
f 9273/2/2 9274/2/2 9275/2/2 9276/2/2
f 9277/2/5 9278/2/5 9279/2/5 9280/2/5
f 9281/2/6 9282/2/6 9283/2/6 9284/2/6
f 9285/11/1 9286/11/1 9287/11/1 9288/11/1
f 9289/11/4 9290/11/4 9291/11/4 9292/11/4
f 9293/11/5 9294/11/5 9295/11/5 9296/11/5
f 9297/11/6 9298/11/6 9299/11/6 9300/11/6
f 9301/11/4 9302/11/4 9303/11/4 9304/11/4
f 9305/11/5 9306/11/5 9307/11/5 9308/11/5
f 9309/11/6 9310/11/6 9311/11/6 9312/11/6
f 9313/11/3 9314/11/3 9315/11/3 9316/11/3
f 9317/11/4 9318/11/4 9319/11/4 9320/11/4
f 9321/11/5 9322/11/5 9323/11/5 9324/11/5
f 9325/11/6 9326/11/6 9327/11/6 9328/11/6
f 9329/11/3 9330/11/3 9331/11/3 9332/11/3
f 9333/11/4 9334/11/4 9335/11/4 9336/11/4
f 9337/11/5 9338/11/5 9339/11/5 9340/11/5
f 9341/11/6 9342/11/6 9343/11/6 9344/11/6
f 9345/11/2 9346/11/2 9347/11/2 9348/11/2
f 9349/11/3 9350/11/3 9351/11/3 9352/11/3
f 9353/11/4 9354/11/4 9355/11/4 9356/11/4
f 9357/11/5 9358/11/5 9359/11/5 9360/11/5
f 9361/11/6 9362/11/6 9363/11/6 9364/11/6
f 9365/3/1 9366/3/1 9367/3/1 9368/3/1
f 9369/3/3 9370/3/3 9371/3/3 9372/3/3
f 9373/3/4 9374/3/4 9375/3/4 9376/3/4
f 9377/3/5 9378/3/5 9379/3/5 9380/3/5
f 9381/3/6 9382/3/6 9383/3/6 9384/3/6
f 9385/4/5 9386/4/5 9387/4/5 9388/4/5
f 9389/4/6 9390/4/6 9391/4/6 9392/4/6
f 9393/3/4 9394/3/4 9395/3/4 9396/3/4
f 9397/3/5 9398/3/5 9399/3/5 9400/3/5
f 9401/3/6 9402/3/6 9403/3/6 9404/3/6
f 9405/3/4 9406/3/4 9407/3/4 9408/3/4
f 9409/3/5 9410/3/5 9411/3/5 9412/3/5
f 9413/3/6 9414/3/6 9415/3/6 9416/3/6
f 9417/3/4 9418/3/4 9419/3/4 9420/3/4
f 9421/3/5 9422/3/5 9423/3/5 9424/3/5
f 9425/3/6 9426/3/6 9427/3/6 9428/3/6
f 9429/3/2 9430/3/2 9431/3/2 9432/3/2
f 9433/3/4 9434/3/4 9435/3/4 9436/3/4
f 9437/3/5 9438/3/5 9439/3/5 9440/3/5
f 9441/3/6 9442/3/6 9443/3/6 9444/3/6
f 9445/3/1 9446/3/1 9447/3/1 9448/3/1
f 9449/3/5 9450/3/5 9451/3/5 9452/3/5
f 9453/3/6 9454/3/6 9455/3/6 9456/3/6
f 9457/4/5 9458/4/5 9459/4/5 9460/4/5
f 9461/4/6 9462/4/6 9463/4/6 9464/4/6
f 9465/4/5 9466/4/5 9467/4/5 9468/4/5
f 9469/4/6 9470/4/6 9471/4/6 9472/4/6
f 9473/9/5 9474/9/5 9475/9/5 9476/9/5
f 9477/9/6 9478/9/6 9479/9/6 9480/9/6
f 9481/10/5 9482/10/5 9483/10/5 9484/10/5
f 9485/10/6 9486/10/6 9487/10/6 9488/10/6
f 9489/10/5 9490/10/5 9491/10/5 9492/10/5
f 9493/10/6 9494/10/6 9495/10/6 9496/10/6
f 9497/10/5 9498/10/5 9499/10/5 9500/10/5
f 9501/10/6 9502/10/6 9503/10/6 9504/10/6
f 9505/9/5 9506/9/5 9507/9/5 9508/9/5
f 9509/9/6 9510/9/6 9511/9/6 9512/9/6
f 9513/9/5 9514/9/5 9515/9/5 9516/9/5
f 9517/9/6 9518/9/6 9519/9/6 9520/9/6
f 9521/10/5 9522/10/5 9523/10/5 9524/10/5
f 9525/10/6 9526/10/6 9527/10/6 9528/10/6
f 9529/2/5 9530/2/5 9531/2/5 9532/2/5
f 9533/2/6 9534/2/6 9535/2/6 9536/2/6
f 9537/2/5 9538/2/5 9539/2/5 9540/2/5
f 9541/2/6 9542/2/6 9543/2/6 9544/2/6
f 9545/10/5 9546/10/5 9547/10/5 9548/10/5
f 9549/10/6 9550/10/6 9551/10/6 9552/10/6
f 9553/10/5 9554/10/5 9555/10/5 9556/10/5
f 9557/10/6 9558/10/6 9559/10/6 9560/10/6
f 9561/2/5 9562/2/5 9563/2/5 9564/2/5
f 9565/2/6 9566/2/6 9567/2/6 9568/2/6
f 9569/2/5 9570/2/5 9571/2/5 9572/2/5
f 9573/2/6 9574/2/6 9575/2/6 9576/2/6
f 9577/2/5 9578/2/5 9579/2/5 9580/2/5
f 9581/2/6 9582/2/6 9583/2/6 9584/2/6
f 9585/2/2 9586/2/2 9587/2/2 9588/2/2
f 9589/2/5 9590/2/5 9591/2/5 9592/2/5
f 9593/2/6 9594/2/6 9595/2/6 9596/2/6
f 9597/3/1 9598/3/1 9599/3/1 9600/3/1
f 9601/3/2 9602/3/2 9603/3/2 9604/3/2
f 9605/3/4 9606/3/4 9607/3/4 9608/3/4
f 9609/3/5 9610/3/5 9611/3/5 9612/3/5
f 9613/3/6 9614/3/6 9615/3/6 9616/3/6
f 9617/3/1 9618/3/1 9619/3/1 9620/3/1
f 9621/3/3 9622/3/3 9623/3/3 9624/3/3
f 9625/3/5 9626/3/5 9627/3/5 9628/3/5
f 9629/3/6 9630/3/6 9631/3/6 9632/3/6
f 9633/4/5 9634/4/5 9635/4/5 9636/4/5
f 9637/4/6 9638/4/6 9639/4/6 9640/4/6
f 9641/4/5 9642/4/5 9643/4/5 9644/4/5
f 9645/4/6 9646/4/6 9647/4/6 9648/4/6
f 9649/9/5 9650/9/5 9651/9/5 9652/9/5
f 9653/9/6 9654/9/6 9655/9/6 9656/9/6
f 9657/9/5 9658/9/5 9659/9/5 9660/9/5
f 9661/9/6 9662/9/6 9663/9/6 9664/9/6
f 9665/9/5 9666/9/5 9667/9/5 9668/9/5
f 9669/9/6 9670/9/6 9671/9/6 9672/9/6
f 9673/9/5 9674/9/5 9675/9/5 9676/9/5
f 9677/9/6 9678/9/6 9679/9/6 9680/9/6
f 9681/9/5 9682/9/5 9683/9/5 9684/9/5
f 9685/9/6 9686/9/6 9687/9/6 9688/9/6
f 9689/4/5 9690/4/5 9691/4/5 9692/4/5
f 9693/4/6 9694/4/6 9695/4/6 9696/4/6
f 9697/4/5 9698/4/5 9699/4/5 9700/4/5
f 9701/4/6 9702/4/6 9703/4/6 9704/4/6
f 9705/9/5 9706/9/5 9707/9/5 9708/9/5
f 9709/9/6 9710/9/6 9711/9/6 9712/9/6
f 9713/10/5 9714/10/5 9715/10/5 9716/10/5
f 9717/10/6 9718/10/6 9719/10/6 9720/10/6
f 9721/10/5 9722/10/5 9723/10/5 9724/10/5
f 9725/10/6 9726/10/6 9727/10/6 9728/10/6
f 9729/9/5 9730/9/5 9731/9/5 9732/9/5
f 9733/9/6 9734/9/6 9735/9/6 9736/9/6
f 9737/9/5 9738/9/5 9739/9/5 9740/9/5
f 9741/9/6 9742/9/6 9743/9/6 9744/9/6
f 9745/10/5 9746/10/5 9747/10/5 9748/10/5
f 9749/10/6 9750/10/6 9751/10/6 9752/10/6
f 9753/2/5 9754/2/5 9755/2/5 9756/2/5
f 9757/2/6 9758/2/6 9759/2/6 9760/2/6
f 9761/2/5 9762/2/5 9763/2/5 9764/2/5
f 9765/2/6 9766/2/6 9767/2/6 9768/2/6
f 9769/10/2 9770/10/2 9771/10/2 9772/10/2
f 9773/10/5 9774/10/5 9775/10/5 9776/10/5
f 9777/10/6 9778/10/6 9779/10/6 9780/10/6
f 9781/3/1 9782/3/1 9783/3/1 9784/3/1
f 9785/3/3 9786/3/3 9787/3/3 9788/3/3
f 9789/3/5 9790/3/5 9791/3/5 9792/3/5
f 9793/3/6 9794/3/6 9795/3/6 9796/3/6
f 9797/4/3 9798/4/3 9799/4/3 9800/4/3
f 9801/4/5 9802/4/5 9803/4/5 9804/4/5
f 9805/4/6 9806/4/6 9807/4/6 9808/4/6
f 9809/4/5 9810/4/5 9811/4/5 9812/4/5
f 9813/4/6 9814/4/6 9815/4/6 9816/4/6
f 9817/4/5 9818/4/5 9819/4/5 9820/4/5
f 9821/4/6 9822/4/6 9823/4/6 9824/4/6
f 9825/9/5 9826/9/5 9827/9/5 9828/9/5
f 9829/9/6 9830/9/6 9831/9/6 9832/9/6
f 9833/4/5 9834/4/5 9835/4/5 9836/4/5
f 9837/4/6 9838/4/6 9839/4/6 9840/4/6
f 9841/4/5 9842/4/5 9843/4/5 9844/4/5
f 9845/4/6 9846/4/6 9847/4/6 9848/4/6
f 9849/4/5 9850/4/5 9851/4/5 9852/4/5
f 9853/4/6 9854/4/6 9855/4/6 9856/4/6
f 9857/4/5 9858/4/5 9859/4/5 9860/4/5
f 9861/4/6 9862/4/6 9863/4/6 9864/4/6
f 9865/4/5 9866/4/5 9867/4/5 9868/4/5
f 9869/4/6 9870/4/6 9871/4/6 9872/4/6
f 9873/4/5 9874/4/5 9875/4/5 9876/4/5
f 9877/4/6 9878/4/6 9879/4/6 9880/4/6
f 9881/4/5 9882/4/5 9883/4/5 9884/4/5
f 9885/4/6 9886/4/6 9887/4/6 9888/4/6
f 9889/4/5 9890/4/5 9891/4/5 9892/4/5
f 9893/4/6 9894/4/6 9895/4/6 9896/4/6
f 9897/9/5 9898/9/5 9899/9/5 9900/9/5
f 9901/9/6 9902/9/6 9903/9/6 9904/9/6
f 9905/9/5 9906/9/5 9907/9/5 9908/9/5
f 9909/9/6 9910/9/6 9911/9/6 9912/9/6
f 9913/4/5 9914/4/5 9915/4/5 9916/4/5
f 9917/4/6 9918/4/6 9919/4/6 9920/4/6
f 9921/4/5 9922/4/5 9923/4/5 9924/4/5
f 9925/4/6 9926/4/6 9927/4/6 9928/4/6
f 9929/9/5 9930/9/5 9931/9/5 9932/9/5
f 9933/9/6 9934/9/6 9935/9/6 9936/9/6
f 9937/10/5 9938/10/5 9939/10/5 9940/10/5
f 9941/10/6 9942/10/6 9943/10/6 9944/10/6
f 9945/10/5 9946/10/5 9947/10/5 9948/10/5
f 9949/10/6 9950/10/6 9951/10/6 9952/10/6
f 9953/9/2 9954/9/2 9955/9/2 9956/9/2
f 9957/9/5 9958/9/5 9959/9/5 9960/9/5
f 9961/9/6 9962/9/6 9963/9/6 9964/9/6
f 9965/3/1 9966/3/1 9967/3/1 9968/3/1
f 9969/3/3 9970/3/3 9971/3/3 9972/3/3
f 9973/3/5 9974/3/5 9975/3/5 9976/3/5
f 9977/3/6 9978/3/6 9979/3/6 9980/3/6
f 9981/4/5 9982/4/5 9983/4/5 9984/4/5
f 9985/4/6 9986/4/6 9987/4/6 9988/4/6
f 9989/4/5 9990/4/5 9991/4/5 9992/4/5
f 9993/4/6 9994/4/6 9995/4/6 9996/4/6
f 9997/4/5 9998/4/5 9999/4/5 10000/4/5
f 10001/4/6 10002/4/6 10003/4/6 10004/4/6
f 10005/4/5 10006/4/5 10007/4/5 10008/4/5
f 10009/4/6 10010/4/6 10011/4/6 10012/4/6
f 10013/4/5 10014/4/5 10015/4/5 10016/4/5
f 10017/4/6 10018/4/6 10019/4/6 10020/4/6
f 10021/4/5 10022/4/5 10023/4/5 10024/4/5
f 10025/4/6 10026/4/6 10027/4/6 10028/4/6
f 10029/4/5 10030/4/5 10031/4/5 10032/4/5
f 10033/4/6 10034/4/6 10035/4/6 10036/4/6
f 10037/4/5 10038/4/5 10039/4/5 10040/4/5
f 10041/4/6 10042/4/6 10043/4/6 10044/4/6
f 10045/4/5 10046/4/5 10047/4/5 10048/4/5
f 10049/4/6 10050/4/6 10051/4/6 10052/4/6
f 10053/4/5 10054/4/5 10055/4/5 10056/4/5
f 10057/4/6 10058/4/6 10059/4/6 10060/4/6
f 10061/4/5 10062/4/5 10063/4/5 10064/4/5
f 10065/4/6 10066/4/6 10067/4/6 10068/4/6
f 10069/4/5 10070/4/5 10071/4/5 10072/4/5
f 10073/4/6 10074/4/6 10075/4/6 10076/4/6
f 10077/4/5 10078/4/5 10079/4/5 10080/4/5
f 10081/4/6 10082/4/6 10083/4/6 10084/4/6
f 10085/9/5 10086/9/5 10087/9/5 10088/9/5
f 10089/9/6 10090/9/6 10091/9/6 10092/9/6
f 10093/4/5 10094/4/5 10095/4/5 10096/4/5
f 10097/4/6 10098/4/6 10099/4/6 10100/4/6
f 10101/4/5 10102/4/5 10103/4/5 10104/4/5
f 10105/4/6 10106/4/6 10107/4/6 10108/4/6
f 10109/4/5 10110/4/5 10111/4/5 10112/4/5
f 10113/4/6 10114/4/6 10115/4/6 10116/4/6
f 10117/4/5 10118/4/5 10119/4/5 10120/4/5
f 10121/4/6 10122/4/6 10123/4/6 10124/4/6
f 10125/9/5 10126/9/5 10127/9/5 10128/9/5
f 10129/9/6 10130/9/6 10131/9/6 10132/9/6
f 10133/9/5 10134/9/5 10135/9/5 10136/9/5
f 10137/9/6 10138/9/6 10139/9/6 10140/9/6
f 10141/4/2 10142/4/2 10143/4/2 10144/4/2
f 10145/4/5 10146/4/5 10147/4/5 10148/4/5
f 10149/4/6 10150/4/6 10151/4/6 10152/4/6
f 10153/3/1 10154/3/1 10155/3/1 10156/3/1
f 10157/3/3 10158/3/3 10159/3/3 10160/3/3
f 10161/3/5 10162/3/5 10163/3/5 10164/3/5
f 10165/3/6 10166/3/6 10167/3/6 10168/3/6
f 10169/4/5 10170/4/5 10171/4/5 10172/4/5
f 10173/4/6 10174/4/6 10175/4/6 10176/4/6
f 10177/4/5 10178/4/5 10179/4/5 10180/4/5
f 10181/4/6 10182/4/6 10183/4/6 10184/4/6
f 10185/4/5 10186/4/5 10187/4/5 10188/4/5
f 10189/4/6 10190/4/6 10191/4/6 10192/4/6
f 10193/9/5 10194/9/5 10195/9/5 10196/9/5
f 10197/9/6 10198/9/6 10199/9/6 10200/9/6
f 10201/4/5 10202/4/5 10203/4/5 10204/4/5
f 10205/4/6 10206/4/6 10207/4/6 10208/4/6
f 10209/4/5 10210/4/5 10211/4/5 10212/4/5
f 10213/4/6 10214/4/6 10215/4/6 10216/4/6
f 10217/4/5 10218/4/5 10219/4/5 10220/4/5
f 10221/4/6 10222/4/6 10223/4/6 10224/4/6
f 10225/4/5 10226/4/5 10227/4/5 10228/4/5
f 10229/4/6 10230/4/6 10231/4/6 10232/4/6
f 10233/4/4 10234/4/4 10235/4/4 10236/4/4
f 10237/4/5 10238/4/5 10239/4/5 10240/4/5
f 10241/4/6 10242/4/6 10243/4/6 10244/4/6
f 10245/3/4 10246/3/4 10247/3/4 10248/3/4
f 10249/3/5 10250/3/5 10251/3/5 10252/3/5
f 10253/3/6 10254/3/6 10255/3/6 10256/3/6
f 10257/3/4 10258/3/4 10259/3/4 10260/3/4
f 10261/3/5 10262/3/5 10263/3/5 10264/3/5
f 10265/3/6 10266/3/6 10267/3/6 10268/3/6
f 10269/4/5 10270/4/5 10271/4/5 10272/4/5
f 10273/4/6 10274/4/6 10275/4/6 10276/4/6
f 10277/4/5 10278/4/5 10279/4/5 10280/4/5
f 10281/4/6 10282/4/6 10283/4/6 10284/4/6
f 10285/4/5 10286/4/5 10287/4/5 10288/4/5
f 10289/4/6 10290/4/6 10291/4/6 10292/4/6
f 10293/4/5 10294/4/5 10295/4/5 10296/4/5
f 10297/4/6 10298/4/6 10299/4/6 10300/4/6
f 10301/4/5 10302/4/5 10303/4/5 10304/4/5
f 10305/4/6 10306/4/6 10307/4/6 10308/4/6
f 10309/4/5 10310/4/5 10311/4/5 10312/4/5
f 10313/4/6 10314/4/6 10315/4/6 10316/4/6
f 10317/4/5 10318/4/5 10319/4/5 10320/4/5
f 10321/4/6 10322/4/6 10323/4/6 10324/4/6
f 10325/4/5 10326/4/5 10327/4/5 10328/4/5
f 10329/4/6 10330/4/6 10331/4/6 10332/4/6
f 10333/4/5 10334/4/5 10335/4/5 10336/4/5
f 10337/4/6 10338/4/6 10339/4/6 10340/4/6
f 10341/4/5 10342/4/5 10343/4/5 10344/4/5
f 10345/4/6 10346/4/6 10347/4/6 10348/4/6
f 10349/4/2 10350/4/2 10351/4/2 10352/4/2
f 10353/4/5 10354/4/5 10355/4/5 10356/4/5
f 10357/4/6 10358/4/6 10359/4/6 10360/4/6
f 10361/3/1 10362/3/1 10363/3/1 10364/3/1
f 10365/3/3 10366/3/3 10367/3/3 10368/3/3
f 10369/3/5 10370/3/5 10371/3/5 10372/3/5
f 10373/3/6 10374/3/6 10375/3/6 10376/3/6
f 10377/4/3 10378/4/3 10379/4/3 10380/4/3
f 10381/4/5 10382/4/5 10383/4/5 10384/4/5
f 10385/4/6 10386/4/6 10387/4/6 10388/4/6
f 10389/4/5 10390/4/5 10391/4/5 10392/4/5
f 10393/4/6 10394/4/6 10395/4/6 10396/4/6
f 10397/4/5 10398/4/5 10399/4/5 10400/4/5
f 10401/4/6 10402/4/6 10403/4/6 10404/4/6
f 10405/4/5 10406/4/5 10407/4/5 10408/4/5
f 10409/4/6 10410/4/6 10411/4/6 10412/4/6
f 10413/4/5 10414/4/5 10415/4/5 10416/4/5
f 10417/4/6 10418/4/6 10419/4/6 10420/4/6
f 10421/4/5 10422/4/5 10423/4/5 10424/4/5
f 10425/4/6 10426/4/6 10427/4/6 10428/4/6
f 10429/4/5 10430/4/5 10431/4/5 10432/4/5
f 10433/4/6 10434/4/6 10435/4/6 10436/4/6
f 10437/4/4 10438/4/4 10439/4/4 10440/4/4
f 10441/4/5 10442/4/5 10443/4/5 10444/4/5
f 10445/4/6 10446/4/6 10447/4/6 10448/4/6
f 10449/4/4 10450/4/4 10451/4/4 10452/4/4
f 10453/4/5 10454/4/5 10455/4/5 10456/4/5
f 10457/4/6 10458/4/6 10459/4/6 10460/4/6
f 10461/3/2 10462/3/2 10463/3/2 10464/3/2
f 10465/3/4 10466/3/4 10467/3/4 10468/3/4
f 10469/3/5 10470/3/5 10471/3/5 10472/3/5
f 10473/3/6 10474/3/6 10475/3/6 10476/3/6
f 10477/3/1 10478/3/1 10479/3/1 10480/3/1
f 10481/3/4 10482/3/4 10483/3/4 10484/3/4
f 10485/3/5 10486/3/5 10487/3/5 10488/3/5
f 10489/3/6 10490/3/6 10491/3/6 10492/3/6
f 10493/4/5 10494/4/5 10495/4/5 10496/4/5
f 10497/4/6 10498/4/6 10499/4/6 10500/4/6
f 10501/4/5 10502/4/5 10503/4/5 10504/4/5
f 10505/4/6 10506/4/6 10507/4/6 10508/4/6
f 10509/4/5 10510/4/5 10511/4/5 10512/4/5
f 10513/4/6 10514/4/6 10515/4/6 10516/4/6
f 10517/4/5 10518/4/5 10519/4/5 10520/4/5
f 10521/4/6 10522/4/6 10523/4/6 10524/4/6
f 10525/4/5 10526/4/5 10527/4/5 10528/4/5
f 10529/4/6 10530/4/6 10531/4/6 10532/4/6
f 10533/4/5 10534/4/5 10535/4/5 10536/4/5
f 10537/4/6 10538/4/6 10539/4/6 10540/4/6
f 10541/4/5 10542/4/5 10543/4/5 10544/4/5
f 10545/4/6 10546/4/6 10547/4/6 10548/4/6
f 10549/4/5 10550/4/5 10551/4/5 10552/4/5
f 10553/4/6 10554/4/6 10555/4/6 10556/4/6
f 10557/9/5 10558/9/5 10559/9/5 10560/9/5
f 10561/9/6 10562/9/6 10563/9/6 10564/9/6
f 10565/4/2 10566/4/2 10567/4/2 10568/4/2
f 10569/4/5 10570/4/5 10571/4/5 10572/4/5
f 10573/4/6 10574/4/6 10575/4/6 10576/4/6
f 10577/3/1 10578/3/1 10579/3/1 10580/3/1
f 10581/3/3 10582/3/3 10583/3/3 10584/3/3
f 10585/3/5 10586/3/5 10587/3/5 10588/3/5
f 10589/3/6 10590/3/6 10591/3/6 10592/3/6
f 10593/4/5 10594/4/5 10595/4/5 10596/4/5
f 10597/4/6 10598/4/6 10599/4/6 10600/4/6
f 10601/4/5 10602/4/5 10603/4/5 10604/4/5
f 10605/4/6 10606/4/6 10607/4/6 10608/4/6
f 10609/4/5 10610/4/5 10611/4/5 10612/4/5
f 10613/4/6 10614/4/6 10615/4/6 10616/4/6
f 10617/4/5 10618/4/5 10619/4/5 10620/4/5
f 10621/4/6 10622/4/6 10623/4/6 10624/4/6
f 10625/4/5 10626/4/5 10627/4/5 10628/4/5
f 10629/4/6 10630/4/6 10631/4/6 10632/4/6
f 10633/4/4 10634/4/4 10635/4/4 10636/4/4
f 10637/4/5 10638/4/5 10639/4/5 10640/4/5
f 10641/4/6 10642/4/6 10643/4/6 10644/4/6
f 10645/4/4 10646/4/4 10647/4/4 10648/4/4
f 10649/4/5 10650/4/5 10651/4/5 10652/4/5
f 10653/4/6 10654/4/6 10655/4/6 10656/4/6
f 10657/3/2 10658/3/2 10659/3/2 10660/3/2
f 10661/3/4 10662/3/4 10663/3/4 10664/3/4
f 10665/3/5 10666/3/5 10667/3/5 10668/3/5
f 10669/3/6 10670/3/6 10671/3/6 10672/3/6
f 10673/3/1 10674/3/1 10675/3/1 10676/3/1
f 10677/3/5 10678/3/5 10679/3/5 10680/3/5
f 10681/3/6 10682/3/6 10683/3/6 10684/3/6
f 10685/4/5 10686/4/5 10687/4/5 10688/4/5
f 10689/4/6 10690/4/6 10691/4/6 10692/4/6
f 10693/9/5 10694/9/5 10695/9/5 10696/9/5
f 10697/9/6 10698/9/6 10699/9/6 10700/9/6
f 10701/4/5 10702/4/5 10703/4/5 10704/4/5
f 10705/4/6 10706/4/6 10707/4/6 10708/4/6
f 10709/4/5 10710/4/5 10711/4/5 10712/4/5
f 10713/4/6 10714/4/6 10715/4/6 10716/4/6
f 10717/4/5 10718/4/5 10719/4/5 10720/4/5
f 10721/4/6 10722/4/6 10723/4/6 10724/4/6
f 10725/3/4 10726/3/4 10727/3/4 10728/3/4
f 10729/3/5 10730/3/5 10731/3/5 10732/3/5
f 10733/3/6 10734/3/6 10735/3/6 10736/3/6
f 10737/4/5 10738/4/5 10739/4/5 10740/4/5
f 10741/4/6 10742/4/6 10743/4/6 10744/4/6
f 10745/4/5 10746/4/5 10747/4/5 10748/4/5
f 10749/4/6 10750/4/6 10751/4/6 10752/4/6
f 10753/4/2 10754/4/2 10755/4/2 10756/4/2
f 10757/4/5 10758/4/5 10759/4/5 10760/4/5
f 10761/4/6 10762/4/6 10763/4/6 10764/4/6
f 10765/3/1 10766/3/1 10767/3/1 10768/3/1
f 10769/3/3 10770/3/3 10771/3/3 10772/3/3
f 10773/3/5 10774/3/5 10775/3/5 10776/3/5
f 10777/3/6 10778/3/6 10779/3/6 10780/3/6
f 10781/4/5 10782/4/5 10783/4/5 10784/4/5
f 10785/4/6 10786/4/6 10787/4/6 10788/4/6
f 10789/4/5 10790/4/5 10791/4/5 10792/4/5
f 10793/4/6 10794/4/6 10795/4/6 10796/4/6
f 10797/4/5 10798/4/5 10799/4/5 10800/4/5
f 10801/4/6 10802/4/6 10803/4/6 10804/4/6
f 10805/4/5 10806/4/5 10807/4/5 10808/4/5
f 10809/4/6 10810/4/6 10811/4/6 10812/4/6
f 10813/4/4 10814/4/4 10815/4/4 10816/4/4
f 10817/4/5 10818/4/5 10819/4/5 10820/4/5
f 10821/4/6 10822/4/6 10823/4/6 10824/4/6
f 10825/3/2 10826/3/2 10827/3/2 10828/3/2
f 10829/3/4 10830/3/4 10831/3/4 10832/3/4
f 10833/3/5 10834/3/5 10835/3/5 10836/3/5
f 10837/3/6 10838/3/6 10839/3/6 10840/3/6
f 10841/3/1 10842/3/1 10843/3/1 10844/3/1
f 10845/3/5 10846/3/5 10847/3/5 10848/3/5
f 10849/3/6 10850/3/6 10851/3/6 10852/3/6
f 10853/4/5 10854/4/5 10855/4/5 10856/4/5
f 10857/4/6 10858/4/6 10859/4/6 10860/4/6
f 10861/4/5 10862/4/5 10863/4/5 10864/4/5
f 10865/4/6 10866/4/6 10867/4/6 10868/4/6
f 10869/4/5 10870/4/5 10871/4/5 10872/4/5
f 10873/4/6 10874/4/6 10875/4/6 10876/4/6
f 10877/4/5 10878/4/5 10879/4/5 10880/4/5
f 10881/4/6 10882/4/6 10883/4/6 10884/4/6
f 10885/3/2 10886/3/2 10887/3/2 10888/3/2
f 10889/3/4 10890/3/4 10891/3/4 10892/3/4
f 10893/3/5 10894/3/5 10895/3/5 10896/3/5
f 10897/3/6 10898/3/6 10899/3/6 10900/3/6
f 10901/3/1 10902/3/1 10903/3/1 10904/3/1
f 10905/3/4 10906/3/4 10907/3/4 10908/3/4
f 10909/3/5 10910/3/5 10911/3/5 10912/3/5
f 10913/3/6 10914/3/6 10915/3/6 10916/3/6
f 10917/4/5 10918/4/5 10919/4/5 10920/4/5
f 10921/4/6 10922/4/6 10923/4/6 10924/4/6
f 10925/4/2 10926/4/2 10927/4/2 10928/4/2
f 10929/4/5 10930/4/5 10931/4/5 10932/4/5
f 10933/4/6 10934/4/6 10935/4/6 10936/4/6
f 10937/3/1 10938/3/1 10939/3/1 10940/3/1
f 10941/3/3 10942/3/3 10943/3/3 10944/3/3
f 10945/3/5 10946/3/5 10947/3/5 10948/3/5
f 10949/3/6 10950/3/6 10951/3/6 10952/3/6
f 10953/4/5 10954/4/5 10955/4/5 10956/4/5
f 10957/4/6 10958/4/6 10959/4/6 10960/4/6
f 10961/4/5 10962/4/5 10963/4/5 10964/4/5
f 10965/4/6 10966/4/6 10967/4/6 10968/4/6
f 10969/4/4 10970/4/4 10971/4/4 10972/4/4
f 10973/4/5 10974/4/5 10975/4/5 10976/4/5
f 10977/4/6 10978/4/6 10979/4/6 10980/4/6
f 10981/4/4 10982/4/4 10983/4/4 10984/4/4
f 10985/4/5 10986/4/5 10987/4/5 10988/4/5
f 10989/4/6 10990/4/6 10991/4/6 10992/4/6
f 10993/3/2 10994/3/2 10995/3/2 10996/3/2
f 10997/3/4 10998/3/4 10999/3/4 11000/3/4
f 11001/3/5 11002/3/5 11003/3/5 11004/3/5
f 11005/3/6 11006/3/6 11007/3/6 11008/3/6
f 11009/4/1 11010/4/1 11011/4/1 11012/4/1
f 11013/4/5 11014/4/5 11015/4/5 11016/4/5
f 11017/4/6 11018/4/6 11019/4/6 11020/4/6
f 11021/4/5 11022/4/5 11023/4/5 11024/4/5
f 11025/4/6 11026/4/6 11027/4/6 11028/4/6
f 11029/4/5 11030/4/5 11031/4/5 11032/4/5
f 11033/4/6 11034/4/6 11035/4/6 11036/4/6
f 11037/4/5 11038/4/5 11039/4/5 11040/4/5
f 11041/4/6 11042/4/6 11043/4/6 11044/4/6
f 11045/3/2 11046/3/2 11047/3/2 11048/3/2
f 11049/3/4 11050/3/4 11051/3/4 11052/3/4
f 11053/3/5 11054/3/5 11055/3/5 11056/3/5
f 11057/3/6 11058/3/6 11059/3/6 11060/3/6
f 11061/4/1 11062/4/1 11063/4/1 11064/4/1
f 11065/4/5 11066/4/5 11067/4/5 11068/4/5
f 11069/4/6 11070/4/6 11071/4/6 11072/4/6
f 11073/4/2 11074/4/2 11075/4/2 11076/4/2
f 11077/4/5 11078/4/5 11079/4/5 11080/4/5
f 11081/4/6 11082/4/6 11083/4/6 11084/4/6
f 11085/3/1 11086/3/1 11087/3/1 11088/3/1
f 11089/3/3 11090/3/3 11091/3/3 11092/3/3
f 11093/3/4 11094/3/4 11095/3/4 11096/3/4
f 11097/3/5 11098/3/5 11099/3/5 11100/3/5
f 11101/3/6 11102/3/6 11103/3/6 11104/3/6
f 11105/4/5 11106/4/5 11107/4/5 11108/4/5
f 11109/4/6 11110/4/6 11111/4/6 11112/4/6
f 11113/4/4 11114/4/4 11115/4/4 11116/4/4
f 11117/4/5 11118/4/5 11119/4/5 11120/4/5
f 11121/4/6 11122/4/6 11123/4/6 11124/4/6
f 11125/3/2 11126/3/2 11127/3/2 11128/3/2
f 11129/3/4 11130/3/4 11131/3/4 11132/3/4
f 11133/3/5 11134/3/5 11135/3/5 11136/3/5
f 11137/3/6 11138/3/6 11139/3/6 11140/3/6
f 11141/4/1 11142/4/1 11143/4/1 11144/4/1
f 11145/4/2 11146/4/2 11147/4/2 11148/4/2
f 11149/4/3 11150/4/3 11151/4/3 11152/4/3
f 11153/4/4 11154/4/4 11155/4/4 11156/4/4
f 11157/4/5 11158/4/5 11159/4/5 11160/4/5
f 11161/4/6 11162/4/6 11163/4/6 11164/4/6
f 11165/3/1 11166/3/1 11167/3/1 11168/3/1
f 11169/3/3 11170/3/3 11171/3/3 11172/3/3
f 11173/3/5 11174/3/5 11175/3/5 11176/3/5
f 11177/3/6 11178/3/6 11179/3/6 11180/3/6
f 11181/4/5 11182/4/5 11183/4/5 11184/4/5
f 11185/4/6 11186/4/6 11187/4/6 11188/4/6
f 11189/4/5 11190/4/5 11191/4/5 11192/4/5
f 11193/4/6 11194/4/6 11195/4/6 11196/4/6
f 11197/4/5 11198/4/5 11199/4/5 11200/4/5
f 11201/4/6 11202/4/6 11203/4/6 11204/4/6
f 11205/3/2 11206/3/2 11207/3/2 11208/3/2
f 11209/3/4 11210/3/4 11211/3/4 11212/3/4
f 11213/3/5 11214/3/5 11215/3/5 11216/3/5
f 11217/3/6 11218/3/6 11219/3/6 11220/3/6
f 11221/3/1 11222/3/1 11223/3/1 11224/3/1
f 11225/3/4 11226/3/4 11227/3/4 11228/3/4
f 11229/3/5 11230/3/5 11231/3/5 11232/3/5
f 11233/3/6 11234/3/6 11235/3/6 11236/3/6
f 11237/4/2 11238/4/2 11239/4/2 11240/4/2
f 11241/4/5 11242/4/5 11243/4/5 11244/4/5
f 11245/4/6 11246/4/6 11247/4/6 11248/4/6
f 11249/3/1 11250/3/1 11251/3/1 11252/3/1
f 11253/3/2 11254/3/2 11255/3/2 11256/3/2
f 11257/3/4 11258/3/4 11259/3/4 11260/3/4
f 11261/3/5 11262/3/5 11263/3/5 11264/3/5
f 11265/3/6 11266/3/6 11267/3/6 11268/3/6
f 11269/4/1 11270/4/1 11271/4/1 11272/4/1
f 11273/4/5 11274/4/5 11275/4/5 11276/4/5
f 11277/4/6 11278/4/6 11279/4/6 11280/4/6
f 11281/4/5 11282/4/5 11283/4/5 11284/4/5
f 11285/4/6 11286/4/6 11287/4/6 11288/4/6
f 11289/4/5 11290/4/5 11291/4/5 11292/4/5
f 11293/4/6 11294/4/6 11295/4/6 11296/4/6
f 11297/3/2 11298/3/2 11299/3/2 11300/3/2
f 11301/3/4 11302/3/4 11303/3/4 11304/3/4
f 11305/3/5 11306/3/5 11307/3/5 11308/3/5
f 11309/3/6 11310/3/6 11311/3/6 11312/3/6
f 11313/4/1 11314/4/1 11315/4/1 11316/4/1
f 11317/4/2 11318/4/2 11319/4/2 11320/4/2
f 11321/4/3 11322/4/3 11323/4/3 11324/4/3
f 11325/4/4 11326/4/4 11327/4/4 11328/4/4
f 11329/4/5 11330/4/5 11331/4/5 11332/4/5
f 11333/4/6 11334/4/6 11335/4/6 11336/4/6
f 11337/3/1 11338/3/1 11339/3/1 11340/3/1
f 11341/3/2 11342/3/2 11343/3/2 11344/3/2
f 11345/3/4 11346/3/4 11347/3/4 11348/3/4
f 11349/3/5 11350/3/5 11351/3/5 11352/3/5
f 11353/3/6 11354/3/6 11355/3/6 11356/3/6
f 11357/4/1 11358/4/1 11359/4/1 11360/4/1
f 11361/4/2 11362/4/2 11363/4/2 11364/4/2
f 11365/4/3 11366/4/3 11367/4/3 11368/4/3
f 11369/4/4 11370/4/4 11371/4/4 11372/4/4
f 11373/4/5 11374/4/5 11375/4/5 11376/4/5
f 11377/4/6 11378/4/6 11379/4/6 11380/4/6
f 11381/3/1 11382/3/1 11383/3/1 11384/3/1
f 11385/3/3 11386/3/3 11387/3/3 11388/3/3
f 11389/3/5 11390/3/5 11391/3/5 11392/3/5
f 11393/3/6 11394/3/6 11395/3/6 11396/3/6
f 11397/4/5 11398/4/5 11399/4/5 11400/4/5
f 11401/4/6 11402/4/6 11403/4/6 11404/4/6
f 11405/4/4 11406/4/4 11407/4/4 11408/4/4
f 11409/4/5 11410/4/5 11411/4/5 11412/4/5
f 11413/4/6 11414/4/6 11415/4/6 11416/4/6
f 11417/3/2 11418/3/2 11419/3/2 11420/3/2
f 11421/3/4 11422/3/4 11423/3/4 11424/3/4
f 11425/3/5 11426/3/5 11427/3/5 11428/3/5
f 11429/3/6 11430/3/6 11431/3/6 11432/3/6
f 11433/3/1 11434/3/1 11435/3/1 11436/3/1
f 11437/3/3 11438/3/3 11439/3/3 11440/3/3
f 11441/3/4 11442/3/4 11443/3/4 11444/3/4
f 11445/3/5 11446/3/5 11447/3/5 11448/3/5
f 11449/3/6 11450/3/6 11451/3/6 11452/3/6
f 11453/4/5 11454/4/5 11455/4/5 11456/4/5
f 11457/4/6 11458/4/6 11459/4/6 11460/4/6
f 11461/3/2 11462/3/2 11463/3/2 11464/3/2
f 11465/3/4 11466/3/4 11467/3/4 11468/3/4
f 11469/3/5 11470/3/5 11471/3/5 11472/3/5
f 11473/3/6 11474/3/6 11475/3/6 11476/3/6
f 11477/3/1 11478/3/1 11479/3/1 11480/3/1
f 11481/3/2 11482/3/2 11483/3/2 11484/3/2
f 11485/3/4 11486/3/4 11487/3/4 11488/3/4
f 11489/3/5 11490/3/5 11491/3/5 11492/3/5
f 11493/3/6 11494/3/6 11495/3/6 11496/3/6
f 11497/3/1 11498/3/1 11499/3/1 11500/3/1
f 11501/3/2 11502/3/2 11503/3/2 11504/3/2
f 11505/3/3 11506/3/3 11507/3/3 11508/3/3
f 11509/3/5 11510/3/5 11511/3/5 11512/3/5
f 11513/3/6 11514/3/6 11515/3/6 11516/3/6
f 11517/4/1 11518/4/1 11519/4/1 11520/4/1
f 11521/4/3 11522/4/3 11523/4/3 11524/4/3
f 11525/4/5 11526/4/5 11527/4/5 11528/4/5
f 11529/4/6 11530/4/6 11531/4/6 11532/4/6
f 11533/4/2 11534/4/2 11535/4/2 11536/4/2
f 11537/4/5 11538/4/5 11539/4/5 11540/4/5
f 11541/4/6 11542/4/6 11543/4/6 11544/4/6
f 11545/3/1 11546/3/1 11547/3/1 11548/3/1
f 11549/3/3 11550/3/3 11551/3/3 11552/3/3
f 11553/3/4 11554/3/4 11555/3/4 11556/3/4
f 11557/3/5 11558/3/5 11559/3/5 11560/3/5
f 11561/3/6 11562/3/6 11563/3/6 11564/3/6
f 11565/4/5 11566/4/5 11567/4/5 11568/4/5
f 11569/4/6 11570/4/6 11571/4/6 11572/4/6
f 11573/4/5 11574/4/5 11575/4/5 11576/4/5
f 11577/4/6 11578/4/6 11579/4/6 11580/4/6
f 11581/3/2 11582/3/2 11583/3/2 11584/3/2
f 11585/3/3 11586/3/3 11587/3/3 11588/3/3
f 11589/3/5 11590/3/5 11591/3/5 11592/3/5
f 11593/3/6 11594/3/6 11595/3/6 11596/3/6
f 11597/3/1 11598/3/1 11599/3/1 11600/3/1
f 11601/3/4 11602/3/4 11603/3/4 11604/3/4
f 11605/3/5 11606/3/5 11607/3/5 11608/3/5
f 11609/3/6 11610/3/6 11611/3/6 11612/3/6
f 11613/4/5 11614/4/5 11615/4/5 11616/4/5
f 11617/4/6 11618/4/6 11619/4/6 11620/4/6
f 11621/4/2 11622/4/2 11623/4/2 11624/4/2
f 11625/4/5 11626/4/5 11627/4/5 11628/4/5
f 11629/4/6 11630/4/6 11631/4/6 11632/4/6
f 11633/3/1 11634/3/1 11635/3/1 11636/3/1
f 11637/3/4 11638/3/4 11639/3/4 11640/3/4
f 11641/3/5 11642/3/5 11643/3/5 11644/3/5
f 11645/3/6 11646/3/6 11647/3/6 11648/3/6
f 11649/4/5 11650/4/5 11651/4/5 11652/4/5
f 11653/4/6 11654/4/6 11655/4/6 11656/4/6
f 11657/3/2 11658/3/2 11659/3/2 11660/3/2
f 11661/3/3 11662/3/3 11663/3/3 11664/3/3
f 11665/3/5 11666/3/5 11667/3/5 11668/3/5
f 11669/3/6 11670/3/6 11671/3/6 11672/3/6
f 11673/3/1 11674/3/1 11675/3/1 11676/3/1
f 11677/3/4 11678/3/4 11679/3/4 11680/3/4
f 11681/3/5 11682/3/5 11683/3/5 11684/3/5
f 11685/3/6 11686/3/6 11687/3/6 11688/3/6
f 11689/4/5 11690/4/5 11691/4/5 11692/4/5
f 11693/4/6 11694/4/6 11695/4/6 11696/4/6
f 11697/3/2 11698/3/2 11699/3/2 11700/3/2
f 11701/3/3 11702/3/3 11703/3/3 11704/3/3
f 11705/3/4 11706/3/4 11707/3/4 11708/3/4
f 11709/3/5 11710/3/5 11711/3/5 11712/3/5
f 11713/3/6 11714/3/6 11715/3/6 11716/3/6
f 11717/3/1 11718/3/1 11719/3/1 11720/3/1
f 11721/3/2 11722/3/2 11723/3/2 11724/3/2
f 11725/3/4 11726/3/4 11727/3/4 11728/3/4
f 11729/3/5 11730/3/5 11731/3/5 11732/3/5
f 11733/3/6 11734/3/6 11735/3/6 11736/3/6

