# generated by vox_to_obj_exporter
# scale=0.1 center=true ground=true y_up=false

mtllib Shape_12_59.mtl
usemtl palette

# normals
vn -1 0 0
vn 1 0 0
vn 0 0 1
vn 0 0 -1
vn 0 -1 0
vn 0 1 0

# texcoords
vt 0.341796875 0.5
vt 0.365234375 0.5
vt 0.486328125 0.5
vt 0.701171875 0.5
vt 0.537109375 0.5
vt 0.654296875 0.5
vt 0.369140625 0.5
vt 0.876953125 0.5
vt 0.490234375 0.5
vt 0.677734375 0.5
vt 0.509765625 0.5
vt 0.513671875 0.5
vt 0.533203125 0.5

# verts
v -1.2 1.2 0.1
v -1.2 1.2 0
v -1.2 1.1 0
v -1.2 1.1 0.1
v -1.2 1.2 0.1
v -1.2 1.1 0.1
v -1.1 1.1 0.1
v -1.1 1.2 0.1
v -1.2 1.1 0
v -1.2 1.2 0
v -1.1 1.2 0
v -1.1 1.1 0
v -1.1 1.2 0.1
v -1.1 1.2 0
v -1.2 1.2 0
v -1.2 1.2 0.1
v -1.1 1.2 0.1
v -1.1 1.1 0.1
v -1 1.1 0.1
v -1 1.2 0.1
v -1.1 1.1 0
v -1.1 1.2 0
v -1 1.2 0
v -1 1.1 0
v -1 1.2 0.1
v -1 1.2 0
v -1.1 1.2 0
v -1.1 1.2 0.1
v -1 1.2 0.1
v -1 1.1 0.1
v -0.9 1.1 0.1
v -0.9 1.2 0.1
v -1 1.1 0
v -1 1.2 0
v -0.9 1.2 0
v -0.9 1.1 0
v -0.9 1.2 0.1
v -0.9 1.2 0
v -1 1.2 0
v -1 1.2 0.1
v -0.9 1.2 0.1
v -0.9 1.1 0.1
v -0.8 1.1 0.1
v -0.8 1.2 0.1
v -0.9 1.1 0
v -0.9 1.2 0
v -0.8 1.2 0
v -0.8 1.1 0
v -0.8 1.2 0.1
v -0.8 1.2 0
v -0.9 1.2 0
v -0.9 1.2 0.1
v -0.8 1.2 0.1
v -0.8 1.1 0.1
v -0.7 1.1 0.1
v -0.7 1.2 0.1
v -0.8 1.1 0
v -0.8 1.2 0
v -0.7 1.2 0
v -0.7 1.1 0
v -0.7 1.2 0.1
v -0.7 1.2 0
v -0.8 1.2 0
v -0.8 1.2 0.1
v -0.7 1.2 0.1
v -0.7 1.1 0.1
v -0.6 1.1 0.1
v -0.6 1.2 0.1
v -0.7 1.1 0
v -0.7 1.2 0
v -0.6 1.2 0
v -0.6 1.1 0
v -0.6 1.2 0.1
v -0.6 1.2 0
v -0.7 1.2 0
v -0.7 1.2 0.1
v -0.6 1.2 0.1
v -0.6 1.1 0.1
v -0.5 1.1 0.1
v -0.5 1.2 0.1
v -0.6 1.1 0
v -0.6 1.2 0
v -0.5 1.2 0
v -0.5 1.1 0
v -0.5 1.2 0.1
v -0.5 1.2 0
v -0.6 1.2 0
v -0.6 1.2 0.1
v -0.5 1.2 0.1
v -0.5 1.1 0.1
v -0.4 1.1 0.1
v -0.4 1.2 0.1
v -0.5 1.1 0
v -0.5 1.2 0
v -0.4 1.2 0
v -0.4 1.1 0
v -0.4 1.2 0.1
v -0.4 1.2 0
v -0.5 1.2 0
v -0.5 1.2 0.1
v -0.4 1.2 0.1
v -0.4 1.1 0.1
v -0.3 1.1 0.1
v -0.3 1.2 0.1
v -0.4 1.1 0
v -0.4 1.2 0
v -0.3 1.2 0
v -0.3 1.1 0
v -0.3 1.2 0.1
v -0.3 1.2 0
v -0.4 1.2 0
v -0.4 1.2 0.1
v -0.3 1.2 0.1
v -0.3 1.1 0.1
v -0.2 1.1 0.1
v -0.2 1.2 0.1
v -0.3 1.1 0
v -0.3 1.2 0
v -0.2 1.2 0
v -0.2 1.1 0
v -0.2 1.2 0.1
v -0.2 1.2 0
v -0.3 1.2 0
v -0.3 1.2 0.1
v -0.2 1.2 0.1
v -0.2 1.1 0.1
v -0.1 1.1 0.1
v -0.1 1.2 0.1
v -0.2 1.1 0
v -0.2 1.2 0
v -0.1 1.2 0
v -0.1 1.1 0
v -0.1 1.2 0.1
v -0.1 1.2 0
v -0.2 1.2 0
v -0.2 1.2 0.1
v -0.1 1.2 0.1
v -0.1 1.1 0.1
v 0 1.1 0.1
v 0 1.2 0.1
v -0.1 1.1 0
v -0.1 1.2 0
v 0 1.2 0
v 0 1.1 0
v 0 1.2 0.1
v 0 1.2 0
v -0.1 1.2 0
v -0.1 1.2 0.1
v 0 1.2 0.1
v 0 1.1 0.1
v 0.1 1.1 0.1
v 0.1 1.2 0.1
v 0 1.1 0
v 0 1.2 0
v 0.1 1.2 0
v 0.1 1.1 0
v 0.1 1.2 0.1
v 0.1 1.2 0
v 0 1.2 0
v 0 1.2 0.1
v 0.1 1.2 0.1
v 0.1 1.1 0.1
v 0.2 1.1 0.1
v 0.2 1.2 0.1
v 0.1 1.1 0
v 0.1 1.2 0
v 0.2 1.2 0
v 0.2 1.1 0
v 0.2 1.2 0.1
v 0.2 1.2 0
v 0.1 1.2 0
v 0.1 1.2 0.1
v 0.2 1.2 0.1
v 0.2 1.1 0.1
v 0.3 1.1 0.1
v 0.3 1.2 0.1
v 0.2 1.1 0
v 0.2 1.2 0
v 0.3 1.2 0
v 0.3 1.1 0
v 0.3 1.2 0.1
v 0.3 1.2 0
v 0.2 1.2 0
v 0.2 1.2 0.1
v 0.3 1.2 0.1
v 0.3 1.1 0.1
v 0.4 1.1 0.1
v 0.4 1.2 0.1
v 0.3 1.1 0
v 0.3 1.2 0
v 0.4 1.2 0
v 0.4 1.1 0
v 0.4 1.2 0.1
v 0.4 1.2 0
v 0.3 1.2 0
v 0.3 1.2 0.1
v 0.4 1.2 0.1
v 0.4 1.1 0.1
v 0.5 1.1 0.1
v 0.5 1.2 0.1
v 0.4 1.1 0
v 0.4 1.2 0
v 0.5 1.2 0
v 0.5 1.1 0
v 0.5 1.2 0.1
v 0.5 1.2 0
v 0.4 1.2 0
v 0.4 1.2 0.1
v 0.5 1.2 0.1
v 0.5 1.1 0.1
v 0.6 1.1 0.1
v 0.6 1.2 0.1
v 0.5 1.1 0
v 0.5 1.2 0
v 0.6 1.2 0
v 0.6 1.1 0
v 0.6 1.2 0.1
v 0.6 1.2 0
v 0.5 1.2 0
v 0.5 1.2 0.1
v 0.6 1.2 0.1
v 0.6 1.1 0.1
v 0.7 1.1 0.1
v 0.7 1.2 0.1
v 0.6 1.1 0
v 0.6 1.2 0
v 0.7 1.2 0
v 0.7 1.1 0
v 0.7 1.2 0.1
v 0.7 1.2 0
v 0.6 1.2 0
v 0.6 1.2 0.1
v 0.7 1.2 0.1
v 0.7 1.1 0.1
v 0.8 1.1 0.1
v 0.8 1.2 0.1
v 0.7 1.1 0
v 0.7 1.2 0
v 0.8 1.2 0
v 0.8 1.1 0
v 0.8 1.2 0.1
v 0.8 1.2 0
v 0.7 1.2 0
v 0.7 1.2 0.1
v 0.8 1.2 0.1
v 0.8 1.1 0.1
v 0.9 1.1 0.1
v 0.9 1.2 0.1
v 0.8 1.1 0
v 0.8 1.2 0
v 0.9 1.2 0
v 0.9 1.1 0
v 0.9 1.2 0.1
v 0.9 1.2 0
v 0.8 1.2 0
v 0.8 1.2 0.1
v 0.9 1.2 0.1
v 0.9 1.1 0.1
v 1 1.1 0.1
v 1 1.2 0.1
v 0.9 1.1 0
v 0.9 1.2 0
v 1 1.2 0
v 1 1.1 0
v 1 1.2 0.1
v 1 1.2 0
v 0.9 1.2 0
v 0.9 1.2 0.1
v 1 1.2 0.1
v 1 1.1 0.1
v 1.1 1.1 0.1
v 1.1 1.2 0.1
v 1 1.1 0
v 1 1.2 0
v 1.1 1.2 0
v 1.1 1.1 0
v 1.1 1.2 0.1
v 1.1 1.2 0
v 1 1.2 0
v 1 1.2 0.1
v 1.2 1.1 0.1
v 1.2 1.1 0
v 1.2 1.2 0
v 1.2 1.2 0.1
v 1.1 1.2 0.1
v 1.1 1.1 0.1
v 1.2 1.1 0.1
v 1.2 1.2 0.1
v 1.1 1.1 0
v 1.1 1.2 0
v 1.2 1.2 0
v 1.2 1.1 0
v 1.2 1.2 0.1
v 1.2 1.2 0
v 1.1 1.2 0
v 1.1 1.2 0.1
v -1.2 1.1 0.1
v -1.2 1.1 0
v -1.2 1 0
v -1.2 1 0.1
v -1.2 1.1 0.1
v -1.2 1 0.1
v -1.1 1 0.1
v -1.1 1.1 0.1
v -1.2 1 0
v -1.2 1.1 0
v -1.1 1.1 0
v -1.1 1 0
v -1.1 1.1 0.1
v -1.1 1 0.1
v -1 1 0.1
v -1 1.1 0.1
v -1.1 1 0
v -1.1 1.1 0
v -1 1.1 0
v -1 1 0
v -1 1.1 0.1
v -1 1 0.1
v -0.9 1 0.1
v -0.9 1.1 0.1
v -1 1 0
v -1 1.1 0
v -0.9 1.1 0
v -0.9 1 0
v -0.9 1.1 0.1
v -0.9 1 0.1
v -0.8 1 0.1
v -0.8 1.1 0.1
v -0.9 1 0
v -0.9 1.1 0
v -0.8 1.1 0
v -0.8 1 0
v -0.8 1.1 0.1
v -0.8 1 0.1
v -0.7 1 0.1
v -0.7 1.1 0.1
v -0.8 1 0
v -0.8 1.1 0
v -0.7 1.1 0
v -0.7 1 0
v -0.7 1.1 0.1
v -0.7 1 0.1
v -0.6 1 0.1
v -0.6 1.1 0.1
v -0.7 1 0
v -0.7 1.1 0
v -0.6 1.1 0
v -0.6 1 0
v -0.6 1.1 0.1
v -0.6 1 0.1
v -0.5 1 0.1
v -0.5 1.1 0.1
v -0.6 1 0
v -0.6 1.1 0
v -0.5 1.1 0
v -0.5 1 0
v -0.5 1.1 0.1
v -0.5 1 0.1
v -0.4 1 0.1
v -0.4 1.1 0.1
v -0.5 1 0
v -0.5 1.1 0
v -0.4 1.1 0
v -0.4 1 0
v -0.4 1.1 0.1
v -0.4 1 0.1
v -0.3 1 0.1
v -0.3 1.1 0.1
v -0.4 1 0
v -0.4 1.1 0
v -0.3 1.1 0
v -0.3 1 0
v -0.3 1.1 0.1
v -0.3 1 0.1
v -0.2 1 0.1
v -0.2 1.1 0.1
v -0.3 1 0
v -0.3 1.1 0
v -0.2 1.1 0
v -0.2 1 0
v -0.2 1.1 0.1
v -0.2 1 0.1
v -0.1 1 0.1
v -0.1 1.1 0.1
v -0.2 1 0
v -0.2 1.1 0
v -0.1 1.1 0
v -0.1 1 0
v -0.1 1.1 0.1
v -0.1 1 0.1
v 0 1 0.1
v 0 1.1 0.1
v -0.1 1 0
v -0.1 1.1 0
v 0 1.1 0
v 0 1 0
v 0 1.1 0.1
v 0 1 0.1
v 0.1 1 0.1
v 0.1 1.1 0.1
v 0 1 0
v 0 1.1 0
v 0.1 1.1 0
v 0.1 1 0
v 0.1 1.1 0.1
v 0.1 1 0.1
v 0.2 1 0.1
v 0.2 1.1 0.1
v 0.1 1 0
v 0.1 1.1 0
v 0.2 1.1 0
v 0.2 1 0
v 0.2 1.1 0.1
v 0.2 1 0.1
v 0.3 1 0.1
v 0.3 1.1 0.1
v 0.2 1 0
v 0.2 1.1 0
v 0.3 1.1 0
v 0.3 1 0
v 0.3 1.1 0.1
v 0.3 1 0.1
v 0.4 1 0.1
v 0.4 1.1 0.1
v 0.3 1 0
v 0.3 1.1 0
v 0.4 1.1 0
v 0.4 1 0
v 0.4 1.1 0.1
v 0.4 1 0.1
v 0.5 1 0.1
v 0.5 1.1 0.1
v 0.4 1 0
v 0.4 1.1 0
v 0.5 1.1 0
v 0.5 1 0
v 0.5 1.1 0.1
v 0.5 1 0.1
v 0.6 1 0.1
v 0.6 1.1 0.1
v 0.5 1 0
v 0.5 1.1 0
v 0.6 1.1 0
v 0.6 1 0
v 0.6 1.1 0.1
v 0.6 1 0.1
v 0.7 1 0.1
v 0.7 1.1 0.1
v 0.6 1 0
v 0.6 1.1 0
v 0.7 1.1 0
v 0.7 1 0
v 0.7 1.1 0.1
v 0.7 1 0.1
v 0.8 1 0.1
v 0.8 1.1 0.1
v 0.7 1 0
v 0.7 1.1 0
v 0.8 1.1 0
v 0.8 1 0
v 0.8 1.1 0.1
v 0.8 1 0.1
v 0.9 1 0.1
v 0.9 1.1 0.1
v 0.8 1 0
v 0.8 1.1 0
v 0.9 1.1 0
v 0.9 1 0
v 0.9 1.1 0.1
v 0.9 1 0.1
v 1 1 0.1
v 1 1.1 0.1
v 0.9 1 0
v 0.9 1.1 0
v 1 1.1 0
v 1 1 0
v 1 1.1 0.1
v 1 1 0.1
v 1.1 1 0.1
v 1.1 1.1 0.1
v 1 1 0
v 1 1.1 0
v 1.1 1.1 0
v 1.1 1 0
v 1.2 1 0.1
v 1.2 1 0
v 1.2 1.1 0
v 1.2 1.1 0.1
v 1.1 1.1 0.1
v 1.1 1 0.1
v 1.2 1 0.1
v 1.2 1.1 0.1
v 1.1 1 0
v 1.1 1.1 0
v 1.2 1.1 0
v 1.2 1 0
v -1.2 1 0.1
v -1.2 1 0
v -1.2 0.9 0
v -1.2 0.9 0.1
v -1.2 1 0.1
v -1.2 0.9 0.1
v -1.1 0.9 0.1
v -1.1 1 0.1
v -1.2 0.9 0
v -1.2 1 0
v -1.1 1 0
v -1.1 0.9 0
v -1.1 1 0.1
v -1.1 0.9 0.1
v -1 0.9 0.1
v -1 1 0.1
v -1.1 0.9 0
v -1.1 1 0
v -1 1 0
v -1 0.9 0
v -1 1 0.1
v -1 0.9 0.1
v -0.9 0.9 0.1
v -0.9 1 0.1
v -1 0.9 0
v -1 1 0
v -0.9 1 0
v -0.9 0.9 0
v -0.9 1 0.1
v -0.9 0.9 0.1
v -0.8 0.9 0.1
v -0.8 1 0.1
v -0.9 0.9 0
v -0.9 1 0
v -0.8 1 0
v -0.8 0.9 0
v -0.8 1 0.1
v -0.8 0.9 0.1
v -0.7 0.9 0.1
v -0.7 1 0.1
v -0.8 0.9 0
v -0.8 1 0
v -0.7 1 0
v -0.7 0.9 0
v -0.7 1 0.1
v -0.7 0.9 0.1
v -0.6 0.9 0.1
v -0.6 1 0.1
v -0.7 0.9 0
v -0.7 1 0
v -0.6 1 0
v -0.6 0.9 0
v -0.6 1 0.1
v -0.6 0.9 0.1
v -0.5 0.9 0.1
v -0.5 1 0.1
v -0.6 0.9 0
v -0.6 1 0
v -0.5 1 0
v -0.5 0.9 0
v -0.5 1 0.1
v -0.5 0.9 0.1
v -0.4 0.9 0.1
v -0.4 1 0.1
v -0.5 0.9 0
v -0.5 1 0
v -0.4 1 0
v -0.4 0.9 0
v -0.4 1 0.1
v -0.4 0.9 0.1
v -0.3 0.9 0.1
v -0.3 1 0.1
v -0.4 0.9 0
v -0.4 1 0
v -0.3 1 0
v -0.3 0.9 0
v -0.3 1 0.1
v -0.3 0.9 0.1
v -0.2 0.9 0.1
v -0.2 1 0.1
v -0.3 0.9 0
v -0.3 1 0
v -0.2 1 0
v -0.2 0.9 0
v -0.2 1 0.1
v -0.2 0.9 0.1
v -0.1 0.9 0.1
v -0.1 1 0.1
v -0.2 0.9 0
v -0.2 1 0
v -0.1 1 0
v -0.1 0.9 0
v -0.1 1 0.1
v -0.1 0.9 0.1
v 0 0.9 0.1
v 0 1 0.1
v -0.1 0.9 0
v -0.1 1 0
v 0 1 0
v 0 0.9 0
v 0 1 0.1
v 0 0.9 0.1
v 0.1 0.9 0.1
v 0.1 1 0.1
v 0 0.9 0
v 0 1 0
v 0.1 1 0
v 0.1 0.9 0
v 0.1 1 0.1
v 0.1 0.9 0.1
v 0.2 0.9 0.1
v 0.2 1 0.1
v 0.1 0.9 0
v 0.1 1 0
v 0.2 1 0
v 0.2 0.9 0
v 0.2 1 0.1
v 0.2 0.9 0.1
v 0.3 0.9 0.1
v 0.3 1 0.1
v 0.2 0.9 0
v 0.2 1 0
v 0.3 1 0
v 0.3 0.9 0
v 0.3 1 0.1
v 0.3 0.9 0.1
v 0.4 0.9 0.1
v 0.4 1 0.1
v 0.3 0.9 0
v 0.3 1 0
v 0.4 1 0
v 0.4 0.9 0
v 0.4 1 0.1
v 0.4 0.9 0.1
v 0.5 0.9 0.1
v 0.5 1 0.1
v 0.4 0.9 0
v 0.4 1 0
v 0.5 1 0
v 0.5 0.9 0
v 0.5 1 0.1
v 0.5 0.9 0.1
v 0.6 0.9 0.1
v 0.6 1 0.1
v 0.5 0.9 0
v 0.5 1 0
v 0.6 1 0
v 0.6 0.9 0
v 0.6 1 0.1
v 0.6 0.9 0.1
v 0.7 0.9 0.1
v 0.7 1 0.1
v 0.6 0.9 0
v 0.6 1 0
v 0.7 1 0
v 0.7 0.9 0
v 0.7 1 0.1
v 0.7 0.9 0.1
v 0.8 0.9 0.1
v 0.8 1 0.1
v 0.7 0.9 0
v 0.7 1 0
v 0.8 1 0
v 0.8 0.9 0
v 0.8 1 0.1
v 0.8 0.9 0.1
v 0.9 0.9 0.1
v 0.9 1 0.1
v 0.8 0.9 0
v 0.8 1 0
v 0.9 1 0
v 0.9 0.9 0
v 0.9 1 0.1
v 0.9 0.9 0.1
v 1 0.9 0.1
v 1 1 0.1
v 0.9 0.9 0
v 0.9 1 0
v 1 1 0
v 1 0.9 0
v 1 1 0.1
v 1 0.9 0.1
v 1.1 0.9 0.1
v 1.1 1 0.1
v 1 0.9 0
v 1 1 0
v 1.1 1 0
v 1.1 0.9 0
v 1.2 0.9 0.1
v 1.2 0.9 0
v 1.2 1 0
v 1.2 1 0.1
v 1.1 1 0.1
v 1.1 0.9 0.1
v 1.2 0.9 0.1
v 1.2 1 0.1
v 1.1 0.9 0
v 1.1 1 0
v 1.2 1 0
v 1.2 0.9 0
v -1.2 0.9 0.1
v -1.2 0.9 0
v -1.2 0.8 0
v -1.2 0.8 0.1
v -1.2 0.9 0.1
v -1.2 0.8 0.1
v -1.1 0.8 0.1
v -1.1 0.9 0.1
v -1.2 0.8 0
v -1.2 0.9 0
v -1.1 0.9 0
v -1.1 0.8 0
v -1.1 0.9 0.1
v -1.1 0.8 0.1
v -1 0.8 0.1
v -1 0.9 0.1
v -1.1 0.8 0
v -1.1 0.9 0
v -1 0.9 0
v -1 0.8 0
v -1 0.9 0.1
v -1 0.8 0.1
v -0.9 0.8 0.1
v -0.9 0.9 0.1
v -1 0.8 0
v -1 0.9 0
v -0.9 0.9 0
v -0.9 0.8 0
v -0.9 0.9 0.1
v -0.9 0.8 0.1
v -0.8 0.8 0.1
v -0.8 0.9 0.1
v -0.9 0.8 0
v -0.9 0.9 0
v -0.8 0.9 0
v -0.8 0.8 0
v -0.8 0.9 0.1
v -0.8 0.8 0.1
v -0.7 0.8 0.1
v -0.7 0.9 0.1
v -0.8 0.8 0
v -0.8 0.9 0
v -0.7 0.9 0
v -0.7 0.8 0
v -0.7 0.9 0.1
v -0.7 0.8 0.1
v -0.6 0.8 0.1
v -0.6 0.9 0.1
v -0.7 0.8 0
v -0.7 0.9 0
v -0.6 0.9 0
v -0.6 0.8 0
v -0.6 0.9 0.1
v -0.6 0.8 0.1
v -0.5 0.8 0.1
v -0.5 0.9 0.1
v -0.6 0.8 0
v -0.6 0.9 0
v -0.5 0.9 0
v -0.5 0.8 0
v -0.5 0.9 0.1
v -0.5 0.8 0.1
v -0.4 0.8 0.1
v -0.4 0.9 0.1
v -0.5 0.8 0
v -0.5 0.9 0
v -0.4 0.9 0
v -0.4 0.8 0
v -0.4 0.9 0.1
v -0.4 0.8 0.1
v -0.3 0.8 0.1
v -0.3 0.9 0.1
v -0.4 0.8 0
v -0.4 0.9 0
v -0.3 0.9 0
v -0.3 0.8 0
v -0.3 0.9 0.1
v -0.3 0.8 0.1
v -0.2 0.8 0.1
v -0.2 0.9 0.1
v -0.3 0.8 0
v -0.3 0.9 0
v -0.2 0.9 0
v -0.2 0.8 0
v -0.2 0.9 0.1
v -0.2 0.8 0.1
v -0.1 0.8 0.1
v -0.1 0.9 0.1
v -0.2 0.8 0
v -0.2 0.9 0
v -0.1 0.9 0
v -0.1 0.8 0
v -0.1 0.9 0.1
v -0.1 0.8 0.1
v 0 0.8 0.1
v 0 0.9 0.1
v -0.1 0.8 0
v -0.1 0.9 0
v 0 0.9 0
v 0 0.8 0
v 0 0.9 0.1
v 0 0.8 0.1
v 0.1 0.8 0.1
v 0.1 0.9 0.1
v 0 0.8 0
v 0 0.9 0
v 0.1 0.9 0
v 0.1 0.8 0
v 0.1 0.9 0.1
v 0.1 0.8 0.1
v 0.2 0.8 0.1
v 0.2 0.9 0.1
v 0.1 0.8 0
v 0.1 0.9 0
v 0.2 0.9 0
v 0.2 0.8 0
v 0.2 0.9 0.1
v 0.2 0.8 0.1
v 0.3 0.8 0.1
v 0.3 0.9 0.1
v 0.2 0.8 0
v 0.2 0.9 0
v 0.3 0.9 0
v 0.3 0.8 0
v 0.3 0.9 0.1
v 0.3 0.8 0.1
v 0.4 0.8 0.1
v 0.4 0.9 0.1
v 0.3 0.8 0
v 0.3 0.9 0
v 0.4 0.9 0
v 0.4 0.8 0
v 0.4 0.9 0.1
v 0.4 0.8 0.1
v 0.5 0.8 0.1
v 0.5 0.9 0.1
v 0.4 0.8 0
v 0.4 0.9 0
v 0.5 0.9 0
v 0.5 0.8 0
v 0.5 0.9 0.1
v 0.5 0.8 0.1
v 0.6 0.8 0.1
v 0.6 0.9 0.1
v 0.5 0.8 0
v 0.5 0.9 0
v 0.6 0.9 0
v 0.6 0.8 0
v 0.6 0.9 0.1
v 0.6 0.8 0.1
v 0.7 0.8 0.1
v 0.7 0.9 0.1
v 0.6 0.8 0
v 0.6 0.9 0
v 0.7 0.9 0
v 0.7 0.8 0
v 0.7 0.9 0.1
v 0.7 0.8 0.1
v 0.8 0.8 0.1
v 0.8 0.9 0.1
v 0.7 0.8 0
v 0.7 0.9 0
v 0.8 0.9 0
v 0.8 0.8 0
v 0.8 0.9 0.1
v 0.8 0.8 0.1
v 0.9 0.8 0.1
v 0.9 0.9 0.1
v 0.8 0.8 0
v 0.8 0.9 0
v 0.9 0.9 0
v 0.9 0.8 0
v 0.9 0.9 0.1
v 0.9 0.8 0.1
v 1 0.8 0.1
v 1 0.9 0.1
v 0.9 0.8 0
v 0.9 0.9 0
v 1 0.9 0
v 1 0.8 0
v 1 0.9 0.1
v 1 0.8 0.1
v 1.1 0.8 0.1
v 1.1 0.9 0.1
v 1 0.8 0
v 1 0.9 0
v 1.1 0.9 0
v 1.1 0.8 0
v 1.2 0.8 0.1
v 1.2 0.8 0
v 1.2 0.9 0
v 1.2 0.9 0.1
v 1.1 0.9 0.1
v 1.1 0.8 0.1
v 1.2 0.8 0.1
v 1.2 0.9 0.1
v 1.1 0.8 0
v 1.1 0.9 0
v 1.2 0.9 0
v 1.2 0.8 0
v -1.2 0.8 0.1
v -1.2 0.8 0
v -1.2 0.7 0
v -1.2 0.7 0.1
v -1.2 0.8 0.1
v -1.2 0.7 0.1
v -1.1 0.7 0.1
v -1.1 0.8 0.1
v -1.2 0.7 0
v -1.2 0.8 0
v -1.1 0.8 0
v -1.1 0.7 0
v -1.1 0.8 0.1
v -1.1 0.7 0.1
v -1 0.7 0.1
v -1 0.8 0.1
v -1.1 0.7 0
v -1.1 0.8 0
v -1 0.8 0
v -1 0.7 0
v -1 0.8 0.1
v -1 0.7 0.1
v -0.9 0.7 0.1
v -0.9 0.8 0.1
v -1 0.7 0
v -1 0.8 0
v -0.9 0.8 0
v -0.9 0.7 0
v -0.9 0.8 0.1
v -0.9 0.7 0.1
v -0.8 0.7 0.1
v -0.8 0.8 0.1
v -0.9 0.7 0
v -0.9 0.8 0
v -0.8 0.8 0
v -0.8 0.7 0
v -0.8 0.8 0.1
v -0.8 0.7 0.1
v -0.7 0.7 0.1
v -0.7 0.8 0.1
v -0.8 0.7 0
v -0.8 0.8 0
v -0.7 0.8 0
v -0.7 0.7 0
v -0.7 0.8 0.1
v -0.7 0.7 0.1
v -0.6 0.7 0.1
v -0.6 0.8 0.1
v -0.7 0.7 0
v -0.7 0.8 0
v -0.6 0.8 0
v -0.6 0.7 0
v -0.6 0.8 0.1
v -0.6 0.7 0.1
v -0.5 0.7 0.1
v -0.5 0.8 0.1
v -0.6 0.7 0
v -0.6 0.8 0
v -0.5 0.8 0
v -0.5 0.7 0
v -0.5 0.8 0.1
v -0.5 0.7 0.1
v -0.4 0.7 0.1
v -0.4 0.8 0.1
v -0.5 0.7 0
v -0.5 0.8 0
v -0.4 0.8 0
v -0.4 0.7 0
v -0.4 0.8 0.1
v -0.4 0.7 0.1
v -0.3 0.7 0.1
v -0.3 0.8 0.1
v -0.4 0.7 0
v -0.4 0.8 0
v -0.3 0.8 0
v -0.3 0.7 0
v -0.3 0.8 0.1
v -0.3 0.7 0.1
v -0.2 0.7 0.1
v -0.2 0.8 0.1
v -0.3 0.7 0
v -0.3 0.8 0
v -0.2 0.8 0
v -0.2 0.7 0
v -0.2 0.8 0.1
v -0.2 0.7 0.1
v -0.1 0.7 0.1
v -0.1 0.8 0.1
v -0.2 0.7 0
v -0.2 0.8 0
v -0.1 0.8 0
v -0.1 0.7 0
v -0.1 0.8 0.1
v -0.1 0.7 0.1
v 0 0.7 0.1
v 0 0.8 0.1
v -0.1 0.7 0
v -0.1 0.8 0
v 0 0.8 0
v 0 0.7 0
v 0 0.8 0.1
v 0 0.7 0.1
v 0.1 0.7 0.1
v 0.1 0.8 0.1
v 0 0.7 0
v 0 0.8 0
v 0.1 0.8 0
v 0.1 0.7 0
v 0.1 0.8 0.1
v 0.1 0.7 0.1
v 0.2 0.7 0.1
v 0.2 0.8 0.1
v 0.1 0.7 0
v 0.1 0.8 0
v 0.2 0.8 0
v 0.2 0.7 0
v 0.2 0.8 0.1
v 0.2 0.7 0.1
v 0.3 0.7 0.1
v 0.3 0.8 0.1
v 0.2 0.7 0
v 0.2 0.8 0
v 0.3 0.8 0
v 0.3 0.7 0
v 0.3 0.8 0.1
v 0.3 0.7 0.1
v 0.4 0.7 0.1
v 0.4 0.8 0.1
v 0.3 0.7 0
v 0.3 0.8 0
v 0.4 0.8 0
v 0.4 0.7 0
v 0.4 0.8 0.1
v 0.4 0.7 0.1
v 0.5 0.7 0.1
v 0.5 0.8 0.1
v 0.4 0.7 0
v 0.4 0.8 0
v 0.5 0.8 0
v 0.5 0.7 0
v 0.5 0.8 0.1
v 0.5 0.7 0.1
v 0.6 0.7 0.1
v 0.6 0.8 0.1
v 0.5 0.7 0
v 0.5 0.8 0
v 0.6 0.8 0
v 0.6 0.7 0
v 0.6 0.8 0.1
v 0.6 0.7 0.1
v 0.7 0.7 0.1
v 0.7 0.8 0.1
v 0.6 0.7 0
v 0.6 0.8 0
v 0.7 0.8 0
v 0.7 0.7 0
v 0.7 0.8 0.1
v 0.7 0.7 0.1
v 0.8 0.7 0.1
v 0.8 0.8 0.1
v 0.7 0.7 0
v 0.7 0.8 0
v 0.8 0.8 0
v 0.8 0.7 0
v 0.8 0.8 0.1
v 0.8 0.7 0.1
v 0.9 0.7 0.1
v 0.9 0.8 0.1
v 0.8 0.7 0
v 0.8 0.8 0
v 0.9 0.8 0
v 0.9 0.7 0
v 0.9 0.8 0.1
v 0.9 0.7 0.1
v 1 0.7 0.1
v 1 0.8 0.1
v 0.9 0.7 0
v 0.9 0.8 0
v 1 0.8 0
v 1 0.7 0
v 1 0.8 0.1
v 1 0.7 0.1
v 1.1 0.7 0.1
v 1.1 0.8 0.1
v 1 0.7 0
v 1 0.8 0
v 1.1 0.8 0
v 1.1 0.7 0
v 1.2 0.7 0.1
v 1.2 0.7 0
v 1.2 0.8 0
v 1.2 0.8 0.1
v 1.1 0.8 0.1
v 1.1 0.7 0.1
v 1.2 0.7 0.1
v 1.2 0.8 0.1
v 1.1 0.7 0
v 1.1 0.8 0
v 1.2 0.8 0
v 1.2 0.7 0
v -1.2 0.7 0.1
v -1.2 0.7 0
v -1.2 0.6 0
v -1.2 0.6 0.1
v -1.2 0.7 0.1
v -1.2 0.6 0.1
v -1.1 0.6 0.1
v -1.1 0.7 0.1
v -1.2 0.6 0
v -1.2 0.7 0
v -1.1 0.7 0
v -1.1 0.6 0
v -1.1 0.7 0.1
v -1.1 0.6 0.1
v -1 0.6 0.1
v -1 0.7 0.1
v -1.1 0.6 0
v -1.1 0.7 0
v -1 0.7 0
v -1 0.6 0
v -1 0.7 0.1
v -1 0.6 0.1
v -0.9 0.6 0.1
v -0.9 0.7 0.1
v -1 0.6 0
v -1 0.7 0
v -0.9 0.7 0
v -0.9 0.6 0
v -0.9 0.7 0.1
v -0.9 0.6 0.1
v -0.8 0.6 0.1
v -0.8 0.7 0.1
v -0.9 0.6 0
v -0.9 0.7 0
v -0.8 0.7 0
v -0.8 0.6 0
v -0.8 0.7 0.1
v -0.8 0.6 0.1
v -0.7 0.6 0.1
v -0.7 0.7 0.1
v -0.8 0.6 0
v -0.8 0.7 0
v -0.7 0.7 0
v -0.7 0.6 0
v -0.7 0.7 0.1
v -0.7 0.6 0.1
v -0.6 0.6 0.1
v -0.6 0.7 0.1
v -0.7 0.6 0
v -0.7 0.7 0
v -0.6 0.7 0
v -0.6 0.6 0
v -0.6 0.7 0.1
v -0.6 0.6 0.1
v -0.5 0.6 0.1
v -0.5 0.7 0.1
v -0.6 0.6 0
v -0.6 0.7 0
v -0.5 0.7 0
v -0.5 0.6 0
v -0.5 0.7 0.1
v -0.5 0.6 0.1
v -0.4 0.6 0.1
v -0.4 0.7 0.1
v -0.5 0.6 0
v -0.5 0.7 0
v -0.4 0.7 0
v -0.4 0.6 0
v -0.4 0.7 0.1
v -0.4 0.6 0.1
v -0.3 0.6 0.1
v -0.3 0.7 0.1
v -0.4 0.6 0
v -0.4 0.7 0
v -0.3 0.7 0
v -0.3 0.6 0
v -0.3 0.7 0.1
v -0.3 0.6 0.1
v -0.2 0.6 0.1
v -0.2 0.7 0.1
v -0.3 0.6 0
v -0.3 0.7 0
v -0.2 0.7 0
v -0.2 0.6 0
v -0.2 0.7 0.1
v -0.2 0.6 0.1
v -0.1 0.6 0.1
v -0.1 0.7 0.1
v -0.2 0.6 0
v -0.2 0.7 0
v -0.1 0.7 0
v -0.1 0.6 0
v -0.1 0.7 0.1
v -0.1 0.6 0.1
v 0 0.6 0.1
v 0 0.7 0.1
v -0.1 0.6 0
v -0.1 0.7 0
v 0 0.7 0
v 0 0.6 0
v 0 0.7 0.1
v 0 0.6 0.1
v 0.1 0.6 0.1
v 0.1 0.7 0.1
v 0 0.6 0
v 0 0.7 0
v 0.1 0.7 0
v 0.1 0.6 0
v 0.1 0.7 0.1
v 0.1 0.6 0.1
v 0.2 0.6 0.1
v 0.2 0.7 0.1
v 0.1 0.6 0
v 0.1 0.7 0
v 0.2 0.7 0
v 0.2 0.6 0
v 0.2 0.7 0.1
v 0.2 0.6 0.1
v 0.3 0.6 0.1
v 0.3 0.7 0.1
v 0.2 0.6 0
v 0.2 0.7 0
v 0.3 0.7 0
v 0.3 0.6 0
v 0.3 0.7 0.1
v 0.3 0.6 0.1
v 0.4 0.6 0.1
v 0.4 0.7 0.1
v 0.3 0.6 0
v 0.3 0.7 0
v 0.4 0.7 0
v 0.4 0.6 0
v 0.4 0.7 0.1
v 0.4 0.6 0.1
v 0.5 0.6 0.1
v 0.5 0.7 0.1
v 0.4 0.6 0
v 0.4 0.7 0
v 0.5 0.7 0
v 0.5 0.6 0
v 0.5 0.7 0.1
v 0.5 0.6 0.1
v 0.6 0.6 0.1
v 0.6 0.7 0.1
v 0.5 0.6 0
v 0.5 0.7 0
v 0.6 0.7 0
v 0.6 0.6 0
v 0.6 0.7 0.1
v 0.6 0.6 0.1
v 0.7 0.6 0.1
v 0.7 0.7 0.1
v 0.6 0.6 0
v 0.6 0.7 0
v 0.7 0.7 0
v 0.7 0.6 0
v 0.7 0.7 0.1
v 0.7 0.6 0.1
v 0.8 0.6 0.1
v 0.8 0.7 0.1
v 0.7 0.6 0
v 0.7 0.7 0
v 0.8 0.7 0
v 0.8 0.6 0
v 0.8 0.7 0.1
v 0.8 0.6 0.1
v 0.9 0.6 0.1
v 0.9 0.7 0.1
v 0.8 0.6 0
v 0.8 0.7 0
v 0.9 0.7 0
v 0.9 0.6 0
v 0.9 0.7 0.1
v 0.9 0.6 0.1
v 1 0.6 0.1
v 1 0.7 0.1
v 0.9 0.6 0
v 0.9 0.7 0
v 1 0.7 0
v 1 0.6 0
v 1 0.7 0.1
v 1 0.6 0.1
v 1.1 0.6 0.1
v 1.1 0.7 0.1
v 1 0.6 0
v 1 0.7 0
v 1.1 0.7 0
v 1.1 0.6 0
v 1.2 0.6 0.1
v 1.2 0.6 0
v 1.2 0.7 0
v 1.2 0.7 0.1
v 1.1 0.7 0.1
v 1.1 0.6 0.1
v 1.2 0.6 0.1
v 1.2 0.7 0.1
v 1.1 0.6 0
v 1.1 0.7 0
v 1.2 0.7 0
v 1.2 0.6 0
v -1.2 0.6 0.1
v -1.2 0.6 0
v -1.2 0.5 0
v -1.2 0.5 0.1
v -1.2 0.6 0.1
v -1.2 0.5 0.1
v -1.1 0.5 0.1
v -1.1 0.6 0.1
v -1.2 0.5 0
v -1.2 0.6 0
v -1.1 0.6 0
v -1.1 0.5 0
v -1.1 0.6 0.1
v -1.1 0.5 0.1
v -1 0.5 0.1
v -1 0.6 0.1
v -1.1 0.5 0
v -1.1 0.6 0
v -1 0.6 0
v -1 0.5 0
v -1 0.6 0.1
v -1 0.5 0.1
v -0.9 0.5 0.1
v -0.9 0.6 0.1
v -1 0.5 0
v -1 0.6 0
v -0.9 0.6 0
v -0.9 0.5 0
v -0.9 0.6 0.1
v -0.9 0.5 0.1
v -0.8 0.5 0.1
v -0.8 0.6 0.1
v -0.9 0.5 0
v -0.9 0.6 0
v -0.8 0.6 0
v -0.8 0.5 0
v -0.8 0.6 0.1
v -0.8 0.5 0.1
v -0.7 0.5 0.1
v -0.7 0.6 0.1
v -0.8 0.5 0
v -0.8 0.6 0
v -0.7 0.6 0
v -0.7 0.5 0
v -0.7 0.6 0.1
v -0.7 0.5 0.1
v -0.6 0.5 0.1
v -0.6 0.6 0.1
v -0.7 0.5 0
v -0.7 0.6 0
v -0.6 0.6 0
v -0.6 0.5 0
v -0.6 0.6 0.1
v -0.6 0.5 0.1
v -0.5 0.5 0.1
v -0.5 0.6 0.1
v -0.6 0.5 0
v -0.6 0.6 0
v -0.5 0.6 0
v -0.5 0.5 0
v -0.5 0.6 0.1
v -0.5 0.5 0.1
v -0.4 0.5 0.1
v -0.4 0.6 0.1
v -0.5 0.5 0
v -0.5 0.6 0
v -0.4 0.6 0
v -0.4 0.5 0
v -0.4 0.6 0.1
v -0.4 0.5 0.1
v -0.3 0.5 0.1
v -0.3 0.6 0.1
v -0.4 0.5 0
v -0.4 0.6 0
v -0.3 0.6 0
v -0.3 0.5 0
v -0.3 0.6 0.1
v -0.3 0.5 0.1
v -0.2 0.5 0.1
v -0.2 0.6 0.1
v -0.3 0.5 0
v -0.3 0.6 0
v -0.2 0.6 0
v -0.2 0.5 0
v -0.2 0.6 0.1
v -0.2 0.5 0.1
v -0.1 0.5 0.1
v -0.1 0.6 0.1
v -0.2 0.5 0
v -0.2 0.6 0
v -0.1 0.6 0
v -0.1 0.5 0
v -0.1 0.6 0.1
v -0.1 0.5 0.1
v 0 0.5 0.1
v 0 0.6 0.1
v -0.1 0.5 0
v -0.1 0.6 0
v 0 0.6 0
v 0 0.5 0
v 0 0.6 0.1
v 0 0.5 0.1
v 0.1 0.5 0.1
v 0.1 0.6 0.1
v 0 0.5 0
v 0 0.6 0
v 0.1 0.6 0
v 0.1 0.5 0
v 0.1 0.6 0.1
v 0.1 0.5 0.1
v 0.2 0.5 0.1
v 0.2 0.6 0.1
v 0.1 0.5 0
v 0.1 0.6 0
v 0.2 0.6 0
v 0.2 0.5 0
v 0.2 0.6 0.1
v 0.2 0.5 0.1
v 0.3 0.5 0.1
v 0.3 0.6 0.1
v 0.2 0.5 0
v 0.2 0.6 0
v 0.3 0.6 0
v 0.3 0.5 0
v 0.3 0.6 0.1
v 0.3 0.5 0.1
v 0.4 0.5 0.1
v 0.4 0.6 0.1
v 0.3 0.5 0
v 0.3 0.6 0
v 0.4 0.6 0
v 0.4 0.5 0
v 0.4 0.6 0.1
v 0.4 0.5 0.1
v 0.5 0.5 0.1
v 0.5 0.6 0.1
v 0.4 0.5 0
v 0.4 0.6 0
v 0.5 0.6 0
v 0.5 0.5 0
v 0.5 0.6 0.1
v 0.5 0.5 0.1
v 0.6 0.5 0.1
v 0.6 0.6 0.1
v 0.5 0.5 0
v 0.5 0.6 0
v 0.6 0.6 0
v 0.6 0.5 0
v 0.6 0.6 0.1
v 0.6 0.5 0.1
v 0.7 0.5 0.1
v 0.7 0.6 0.1
v 0.6 0.5 0
v 0.6 0.6 0
v 0.7 0.6 0
v 0.7 0.5 0
v 0.7 0.6 0.1
v 0.7 0.5 0.1
v 0.8 0.5 0.1
v 0.8 0.6 0.1
v 0.7 0.5 0
v 0.7 0.6 0
v 0.8 0.6 0
v 0.8 0.5 0
v 0.8 0.6 0.1
v 0.8 0.5 0.1
v 0.9 0.5 0.1
v 0.9 0.6 0.1
v 0.8 0.5 0
v 0.8 0.6 0
v 0.9 0.6 0
v 0.9 0.5 0
v 0.9 0.6 0.1
v 0.9 0.5 0.1
v 1 0.5 0.1
v 1 0.6 0.1
v 0.9 0.5 0
v 0.9 0.6 0
v 1 0.6 0
v 1 0.5 0
v 1 0.6 0.1
v 1 0.5 0.1
v 1.1 0.5 0.1
v 1.1 0.6 0.1
v 1 0.5 0
v 1 0.6 0
v 1.1 0.6 0
v 1.1 0.5 0
v 1.2 0.5 0.1
v 1.2 0.5 0
v 1.2 0.6 0
v 1.2 0.6 0.1
v 1.1 0.6 0.1
v 1.1 0.5 0.1
v 1.2 0.5 0.1
v 1.2 0.6 0.1
v 1.1 0.5 0
v 1.1 0.6 0
v 1.2 0.6 0
v 1.2 0.5 0
v -1.2 0.5 0.1
v -1.2 0.5 0
v -1.2 0.4 0
v -1.2 0.4 0.1
v -1.2 0.5 0.1
v -1.2 0.4 0.1
v -1.1 0.4 0.1
v -1.1 0.5 0.1
v -1.2 0.4 0
v -1.2 0.5 0
v -1.1 0.5 0
v -1.1 0.4 0
v -1.1 0.5 0.1
v -1.1 0.4 0.1
v -1 0.4 0.1
v -1 0.5 0.1
v -1.1 0.4 0
v -1.1 0.5 0
v -1 0.5 0
v -1 0.4 0
v -1 0.5 0.1
v -1 0.4 0.1
v -0.9 0.4 0.1
v -0.9 0.5 0.1
v -1 0.4 0
v -1 0.5 0
v -0.9 0.5 0
v -0.9 0.4 0
v -0.9 0.5 0.1
v -0.9 0.4 0.1
v -0.8 0.4 0.1
v -0.8 0.5 0.1
v -0.9 0.4 0
v -0.9 0.5 0
v -0.8 0.5 0
v -0.8 0.4 0
v -0.8 0.5 0.1
v -0.8 0.4 0.1
v -0.7 0.4 0.1
v -0.7 0.5 0.1
v -0.8 0.4 0
v -0.8 0.5 0
v -0.7 0.5 0
v -0.7 0.4 0
v -0.7 0.5 0.1
v -0.7 0.4 0.1
v -0.6 0.4 0.1
v -0.6 0.5 0.1
v -0.7 0.4 0
v -0.7 0.5 0
v -0.6 0.5 0
v -0.6 0.4 0
v -0.6 0.5 0.1
v -0.6 0.4 0.1
v -0.5 0.4 0.1
v -0.5 0.5 0.1
v -0.6 0.4 0
v -0.6 0.5 0
v -0.5 0.5 0
v -0.5 0.4 0
v -0.5 0.5 0.1
v -0.5 0.4 0.1
v -0.4 0.4 0.1
v -0.4 0.5 0.1
v -0.5 0.4 0
v -0.5 0.5 0
v -0.4 0.5 0
v -0.4 0.4 0
v -0.4 0.5 0.1
v -0.4 0.4 0.1
v -0.3 0.4 0.1
v -0.3 0.5 0.1
v -0.4 0.4 0
v -0.4 0.5 0
v -0.3 0.5 0
v -0.3 0.4 0
v -0.3 0.5 0.1
v -0.3 0.4 0.1
v -0.2 0.4 0.1
v -0.2 0.5 0.1
v -0.3 0.4 0
v -0.3 0.5 0
v -0.2 0.5 0
v -0.2 0.4 0
v -0.2 0.5 0.1
v -0.2 0.4 0.1
v -0.1 0.4 0.1
v -0.1 0.5 0.1
v -0.2 0.4 0
v -0.2 0.5 0
v -0.1 0.5 0
v -0.1 0.4 0
v -0.1 0.5 0.1
v -0.1 0.4 0.1
v 0 0.4 0.1
v 0 0.5 0.1
v -0.1 0.4 0
v -0.1 0.5 0
v 0 0.5 0
v 0 0.4 0
v 0 0.5 0.1
v 0 0.4 0.1
v 0.1 0.4 0.1
v 0.1 0.5 0.1
v 0 0.4 0
v 0 0.5 0
v 0.1 0.5 0
v 0.1 0.4 0
v 0.1 0.5 0.1
v 0.1 0.4 0.1
v 0.2 0.4 0.1
v 0.2 0.5 0.1
v 0.1 0.4 0
v 0.1 0.5 0
v 0.2 0.5 0
v 0.2 0.4 0
v 0.2 0.5 0.1
v 0.2 0.4 0.1
v 0.3 0.4 0.1
v 0.3 0.5 0.1
v 0.2 0.4 0
v 0.2 0.5 0
v 0.3 0.5 0
v 0.3 0.4 0
v 0.3 0.5 0.1
v 0.3 0.4 0.1
v 0.4 0.4 0.1
v 0.4 0.5 0.1
v 0.3 0.4 0
v 0.3 0.5 0
v 0.4 0.5 0
v 0.4 0.4 0
v 0.4 0.5 0.1
v 0.4 0.4 0.1
v 0.5 0.4 0.1
v 0.5 0.5 0.1
v 0.4 0.4 0
v 0.4 0.5 0
v 0.5 0.5 0
v 0.5 0.4 0
v 0.5 0.5 0.1
v 0.5 0.4 0.1
v 0.6 0.4 0.1
v 0.6 0.5 0.1
v 0.5 0.4 0
v 0.5 0.5 0
v 0.6 0.5 0
v 0.6 0.4 0
v 0.6 0.5 0.1
v 0.6 0.4 0.1
v 0.7 0.4 0.1
v 0.7 0.5 0.1
v 0.6 0.4 0
v 0.6 0.5 0
v 0.7 0.5 0
v 0.7 0.4 0
v 0.7 0.5 0.1
v 0.7 0.4 0.1
v 0.8 0.4 0.1
v 0.8 0.5 0.1
v 0.7 0.4 0
v 0.7 0.5 0
v 0.8 0.5 0
v 0.8 0.4 0
v 0.8 0.5 0.1
v 0.8 0.4 0.1
v 0.9 0.4 0.1
v 0.9 0.5 0.1
v 0.8 0.4 0
v 0.8 0.5 0
v 0.9 0.5 0
v 0.9 0.4 0
v 0.9 0.5 0.1
v 0.9 0.4 0.1
v 1 0.4 0.1
v 1 0.5 0.1
v 0.9 0.4 0
v 0.9 0.5 0
v 1 0.5 0
v 1 0.4 0
v 1 0.5 0.1
v 1 0.4 0.1
v 1.1 0.4 0.1
v 1.1 0.5 0.1
v 1 0.4 0
v 1 0.5 0
v 1.1 0.5 0
v 1.1 0.4 0
v 1.2 0.4 0.1
v 1.2 0.4 0
v 1.2 0.5 0
v 1.2 0.5 0.1
v 1.1 0.5 0.1
v 1.1 0.4 0.1
v 1.2 0.4 0.1
v 1.2 0.5 0.1
v 1.1 0.4 0
v 1.1 0.5 0
v 1.2 0.5 0
v 1.2 0.4 0
v -1.2 0.4 0.1
v -1.2 0.4 0
v -1.2 0.3 0
v -1.2 0.3 0.1
v -1.2 0.4 0.1
v -1.2 0.3 0.1
v -1.1 0.3 0.1
v -1.1 0.4 0.1
v -1.2 0.3 0
v -1.2 0.4 0
v -1.1 0.4 0
v -1.1 0.3 0
v -1.1 0.4 0.1
v -1.1 0.3 0.1
v -1 0.3 0.1
v -1 0.4 0.1
v -1.1 0.3 0
v -1.1 0.4 0
v -1 0.4 0
v -1 0.3 0
v -1 0.4 0.1
v -1 0.3 0.1
v -0.9 0.3 0.1
v -0.9 0.4 0.1
v -1 0.3 0
v -1 0.4 0
v -0.9 0.4 0
v -0.9 0.3 0
v -0.9 0.4 0.1
v -0.9 0.3 0.1
v -0.8 0.3 0.1
v -0.8 0.4 0.1
v -0.9 0.3 0
v -0.9 0.4 0
v -0.8 0.4 0
v -0.8 0.3 0
v -0.8 0.4 0.1
v -0.8 0.3 0.1
v -0.7 0.3 0.1
v -0.7 0.4 0.1
v -0.8 0.3 0
v -0.8 0.4 0
v -0.7 0.4 0
v -0.7 0.3 0
v -0.7 0.4 0.1
v -0.7 0.3 0.1
v -0.6 0.3 0.1
v -0.6 0.4 0.1
v -0.7 0.3 0
v -0.7 0.4 0
v -0.6 0.4 0
v -0.6 0.3 0
v -0.6 0.4 0.1
v -0.6 0.3 0.1
v -0.5 0.3 0.1
v -0.5 0.4 0.1
v -0.6 0.3 0
v -0.6 0.4 0
v -0.5 0.4 0
v -0.5 0.3 0
v -0.5 0.4 0.1
v -0.5 0.3 0.1
v -0.4 0.3 0.1
v -0.4 0.4 0.1
v -0.5 0.3 0
v -0.5 0.4 0
v -0.4 0.4 0
v -0.4 0.3 0
v -0.4 0.4 0.1
v -0.4 0.3 0.1
v -0.3 0.3 0.1
v -0.3 0.4 0.1
v -0.4 0.3 0
v -0.4 0.4 0
v -0.3 0.4 0
v -0.3 0.3 0
v -0.3 0.4 0.1
v -0.3 0.3 0.1
v -0.2 0.3 0.1
v -0.2 0.4 0.1
v -0.3 0.3 0
v -0.3 0.4 0
v -0.2 0.4 0
v -0.2 0.3 0
v -0.2 0.4 0.1
v -0.2 0.3 0.1
v -0.1 0.3 0.1
v -0.1 0.4 0.1
v -0.2 0.3 0
v -0.2 0.4 0
v -0.1 0.4 0
v -0.1 0.3 0
v -0.1 0.4 0.1
v -0.1 0.3 0.1
v 0 0.3 0.1
v 0 0.4 0.1
v -0.1 0.3 0
v -0.1 0.4 0
v 0 0.4 0
v 0 0.3 0
v 0 0.4 0.1
v 0 0.3 0.1
v 0.1 0.3 0.1
v 0.1 0.4 0.1
v 0 0.3 0
v 0 0.4 0
v 0.1 0.4 0
v 0.1 0.3 0
v 0.1 0.4 0.1
v 0.1 0.3 0.1
v 0.2 0.3 0.1
v 0.2 0.4 0.1
v 0.1 0.3 0
v 0.1 0.4 0
v 0.2 0.4 0
v 0.2 0.3 0
v 0.2 0.4 0.1
v 0.2 0.3 0.1
v 0.3 0.3 0.1
v 0.3 0.4 0.1
v 0.2 0.3 0
v 0.2 0.4 0
v 0.3 0.4 0
v 0.3 0.3 0
v 0.3 0.4 0.1
v 0.3 0.3 0.1
v 0.4 0.3 0.1
v 0.4 0.4 0.1
v 0.3 0.3 0
v 0.3 0.4 0
v 0.4 0.4 0
v 0.4 0.3 0
v 0.4 0.4 0.1
v 0.4 0.3 0.1
v 0.5 0.3 0.1
v 0.5 0.4 0.1
v 0.4 0.3 0
v 0.4 0.4 0
v 0.5 0.4 0
v 0.5 0.3 0
v 0.5 0.4 0.1
v 0.5 0.3 0.1
v 0.6 0.3 0.1
v 0.6 0.4 0.1
v 0.5 0.3 0
v 0.5 0.4 0
v 0.6 0.4 0
v 0.6 0.3 0
v 0.6 0.4 0.1
v 0.6 0.3 0.1
v 0.7 0.3 0.1
v 0.7 0.4 0.1
v 0.6 0.3 0
v 0.6 0.4 0
v 0.7 0.4 0
v 0.7 0.3 0
v 0.7 0.4 0.1
v 0.7 0.3 0.1
v 0.8 0.3 0.1
v 0.8 0.4 0.1
v 0.7 0.3 0
v 0.7 0.4 0
v 0.8 0.4 0
v 0.8 0.3 0
v 0.8 0.4 0.1
v 0.8 0.3 0.1
v 0.9 0.3 0.1
v 0.9 0.4 0.1
v 0.8 0.3 0
v 0.8 0.4 0
v 0.9 0.4 0
v 0.9 0.3 0
v 0.9 0.4 0.1
v 0.9 0.3 0.1
v 1 0.3 0.1
v 1 0.4 0.1
v 0.9 0.3 0
v 0.9 0.4 0
v 1 0.4 0
v 1 0.3 0
v 1 0.4 0.1
v 1 0.3 0.1
v 1.1 0.3 0.1
v 1.1 0.4 0.1
v 1 0.3 0
v 1 0.4 0
v 1.1 0.4 0
v 1.1 0.3 0
v 1.2 0.3 0.1
v 1.2 0.3 0
v 1.2 0.4 0
v 1.2 0.4 0.1
v 1.1 0.4 0.1
v 1.1 0.3 0.1
v 1.2 0.3 0.1
v 1.2 0.4 0.1
v 1.1 0.3 0
v 1.1 0.4 0
v 1.2 0.4 0
v 1.2 0.3 0
v -1.2 0.3 0.1
v -1.2 0.3 0
v -1.2 0.2 0
v -1.2 0.2 0.1
v -1.2 0.3 0.1
v -1.2 0.2 0.1
v -1.1 0.2 0.1
v -1.1 0.3 0.1
v -1.2 0.2 0
v -1.2 0.3 0
v -1.1 0.3 0
v -1.1 0.2 0
v -1.1 0.3 0.1
v -1.1 0.2 0.1
v -1 0.2 0.1
v -1 0.3 0.1
v -1.1 0.2 0
v -1.1 0.3 0
v -1 0.3 0
v -1 0.2 0
v -1 0.3 0.1
v -1 0.2 0.1
v -0.9 0.2 0.1
v -0.9 0.3 0.1
v -1 0.2 0
v -1 0.3 0
v -0.9 0.3 0
v -0.9 0.2 0
v -0.9 0.3 0.1
v -0.9 0.2 0.1
v -0.8 0.2 0.1
v -0.8 0.3 0.1
v -0.9 0.2 0
v -0.9 0.3 0
v -0.8 0.3 0
v -0.8 0.2 0
v -0.8 0.3 0.1
v -0.8 0.2 0.1
v -0.7 0.2 0.1
v -0.7 0.3 0.1
v -0.8 0.2 0
v -0.8 0.3 0
v -0.7 0.3 0
v -0.7 0.2 0
v -0.7 0.3 0.1
v -0.7 0.2 0.1
v -0.6 0.2 0.1
v -0.6 0.3 0.1
v -0.7 0.2 0
v -0.7 0.3 0
v -0.6 0.3 0
v -0.6 0.2 0
v -0.6 0.3 0.1
v -0.6 0.2 0.1
v -0.5 0.2 0.1
v -0.5 0.3 0.1
v -0.6 0.2 0
v -0.6 0.3 0
v -0.5 0.3 0
v -0.5 0.2 0
v -0.5 0.3 0.1
v -0.5 0.2 0.1
v -0.4 0.2 0.1
v -0.4 0.3 0.1
v -0.5 0.2 0
v -0.5 0.3 0
v -0.4 0.3 0
v -0.4 0.2 0
v -0.4 0.3 0.1
v -0.4 0.2 0.1
v -0.3 0.2 0.1
v -0.3 0.3 0.1
v -0.4 0.2 0
v -0.4 0.3 0
v -0.3 0.3 0
v -0.3 0.2 0
v -0.3 0.3 0.1
v -0.3 0.2 0.1
v -0.2 0.2 0.1
v -0.2 0.3 0.1
v -0.3 0.2 0
v -0.3 0.3 0
v -0.2 0.3 0
v -0.2 0.2 0
v -0.2 0.3 0.1
v -0.2 0.2 0.1
v -0.1 0.2 0.1
v -0.1 0.3 0.1
v -0.2 0.2 0
v -0.2 0.3 0
v -0.1 0.3 0
v -0.1 0.2 0
v -0.1 0.3 0.1
v -0.1 0.2 0.1
v 0 0.2 0.1
v 0 0.3 0.1
v -0.1 0.2 0
v -0.1 0.3 0
v 0 0.3 0
v 0 0.2 0
v 0 0.3 0.1
v 0 0.2 0.1
v 0.1 0.2 0.1
v 0.1 0.3 0.1
v 0 0.2 0
v 0 0.3 0
v 0.1 0.3 0
v 0.1 0.2 0
v 0.1 0.3 0.1
v 0.1 0.2 0.1
v 0.2 0.2 0.1
v 0.2 0.3 0.1
v 0.1 0.2 0
v 0.1 0.3 0
v 0.2 0.3 0
v 0.2 0.2 0
v 0.2 0.3 0.1
v 0.2 0.2 0.1
v 0.3 0.2 0.1
v 0.3 0.3 0.1
v 0.2 0.2 0
v 0.2 0.3 0
v 0.3 0.3 0
v 0.3 0.2 0
v 0.3 0.3 0.1
v 0.3 0.2 0.1
v 0.4 0.2 0.1
v 0.4 0.3 0.1
v 0.3 0.2 0
v 0.3 0.3 0
v 0.4 0.3 0
v 0.4 0.2 0
v 0.4 0.3 0.1
v 0.4 0.2 0.1
v 0.5 0.2 0.1
v 0.5 0.3 0.1
v 0.4 0.2 0
v 0.4 0.3 0
v 0.5 0.3 0
v 0.5 0.2 0
v 0.5 0.3 0.1
v 0.5 0.2 0.1
v 0.6 0.2 0.1
v 0.6 0.3 0.1
v 0.5 0.2 0
v 0.5 0.3 0
v 0.6 0.3 0
v 0.6 0.2 0
v 0.6 0.3 0.1
v 0.6 0.2 0.1
v 0.7 0.2 0.1
v 0.7 0.3 0.1
v 0.6 0.2 0
v 0.6 0.3 0
v 0.7 0.3 0
v 0.7 0.2 0
v 0.7 0.3 0.1
v 0.7 0.2 0.1
v 0.8 0.2 0.1
v 0.8 0.3 0.1
v 0.7 0.2 0
v 0.7 0.3 0
v 0.8 0.3 0
v 0.8 0.2 0
v 0.8 0.3 0.1
v 0.8 0.2 0.1
v 0.9 0.2 0.1
v 0.9 0.3 0.1
v 0.8 0.2 0
v 0.8 0.3 0
v 0.9 0.3 0
v 0.9 0.2 0
v 0.9 0.3 0.1
v 0.9 0.2 0.1
v 1 0.2 0.1
v 1 0.3 0.1
v 0.9 0.2 0
v 0.9 0.3 0
v 1 0.3 0
v 1 0.2 0
v 1 0.3 0.1
v 1 0.2 0.1
v 1.1 0.2 0.1
v 1.1 0.3 0.1
v 1 0.2 0
v 1 0.3 0
v 1.1 0.3 0
v 1.1 0.2 0
v 1.2 0.2 0.1
v 1.2 0.2 0
v 1.2 0.3 0
v 1.2 0.3 0.1
v 1.1 0.3 0.1
v 1.1 0.2 0.1
v 1.2 0.2 0.1
v 1.2 0.3 0.1
v 1.1 0.2 0
v 1.1 0.3 0
v 1.2 0.3 0
v 1.2 0.2 0
v -1.2 0.2 0.1
v -1.2 0.2 0
v -1.2 0.1 0
v -1.2 0.1 0.1
v -1.2 0.2 0.1
v -1.2 0.1 0.1
v -1.1 0.1 0.1
v -1.1 0.2 0.1
v -1.2 0.1 0
v -1.2 0.2 0
v -1.1 0.2 0
v -1.1 0.1 0
v -1.1 0.2 0.1
v -1.1 0.1 0.1
v -1 0.1 0.1
v -1 0.2 0.1
v -1.1 0.1 0
v -1.1 0.2 0
v -1 0.2 0
v -1 0.1 0
v -1 0.2 0.1
v -1 0.1 0.1
v -0.9 0.1 0.1
v -0.9 0.2 0.1
v -1 0.1 0
v -1 0.2 0
v -0.9 0.2 0
v -0.9 0.1 0
v -0.9 0.2 0.1
v -0.9 0.1 0.1
v -0.8 0.1 0.1
v -0.8 0.2 0.1
v -0.9 0.1 0
v -0.9 0.2 0
v -0.8 0.2 0
v -0.8 0.1 0
v -0.8 0.2 0.1
v -0.8 0.1 0.1
v -0.7 0.1 0.1
v -0.7 0.2 0.1
v -0.8 0.1 0
v -0.8 0.2 0
v -0.7 0.2 0
v -0.7 0.1 0
v -0.7 0.2 0.1
v -0.7 0.1 0.1
v -0.6 0.1 0.1
v -0.6 0.2 0.1
v -0.7 0.1 0
v -0.7 0.2 0
v -0.6 0.2 0
v -0.6 0.1 0
v -0.6 0.2 0.1
v -0.6 0.1 0.1
v -0.5 0.1 0.1
v -0.5 0.2 0.1
v -0.6 0.1 0
v -0.6 0.2 0
v -0.5 0.2 0
v -0.5 0.1 0
v -0.5 0.2 0.1
v -0.5 0.1 0.1
v -0.4 0.1 0.1
v -0.4 0.2 0.1
v -0.5 0.1 0
v -0.5 0.2 0
v -0.4 0.2 0
v -0.4 0.1 0
v -0.4 0.2 0.1
v -0.4 0.1 0.1
v -0.3 0.1 0.1
v -0.3 0.2 0.1
v -0.4 0.1 0
v -0.4 0.2 0
v -0.3 0.2 0
v -0.3 0.1 0
v -0.3 0.2 0.1
v -0.3 0.1 0.1
v -0.2 0.1 0.1
v -0.2 0.2 0.1
v -0.3 0.1 0
v -0.3 0.2 0
v -0.2 0.2 0
v -0.2 0.1 0
v -0.2 0.2 0.1
v -0.2 0.1 0.1
v -0.1 0.1 0.1
v -0.1 0.2 0.1
v -0.2 0.1 0
v -0.2 0.2 0
v -0.1 0.2 0
v -0.1 0.1 0
v -0.1 0.2 0.1
v -0.1 0.1 0.1
v 0 0.1 0.1
v 0 0.2 0.1
v -0.1 0.1 0
v -0.1 0.2 0
v 0 0.2 0
v 0 0.1 0
v 0 0.2 0.1
v 0 0.1 0.1
v 0.1 0.1 0.1
v 0.1 0.2 0.1
v 0 0.1 0
v 0 0.2 0
v 0.1 0.2 0
v 0.1 0.1 0
v 0.1 0.2 0.1
v 0.1 0.1 0.1
v 0.2 0.1 0.1
v 0.2 0.2 0.1
v 0.1 0.1 0
v 0.1 0.2 0
v 0.2 0.2 0
v 0.2 0.1 0
v 0.2 0.2 0.1
v 0.2 0.1 0.1
v 0.3 0.1 0.1
v 0.3 0.2 0.1
v 0.2 0.1 0
v 0.2 0.2 0
v 0.3 0.2 0
v 0.3 0.1 0
v 0.3 0.2 0.1
v 0.3 0.1 0.1
v 0.4 0.1 0.1
v 0.4 0.2 0.1
v 0.3 0.1 0
v 0.3 0.2 0
v 0.4 0.2 0
v 0.4 0.1 0
v 0.4 0.2 0.1
v 0.4 0.1 0.1
v 0.5 0.1 0.1
v 0.5 0.2 0.1
v 0.4 0.1 0
v 0.4 0.2 0
v 0.5 0.2 0
v 0.5 0.1 0
v 0.5 0.2 0.1
v 0.5 0.1 0.1
v 0.6 0.1 0.1
v 0.6 0.2 0.1
v 0.5 0.1 0
v 0.5 0.2 0
v 0.6 0.2 0
v 0.6 0.1 0
v 0.6 0.2 0.1
v 0.6 0.1 0.1
v 0.7 0.1 0.1
v 0.7 0.2 0.1
v 0.6 0.1 0
v 0.6 0.2 0
v 0.7 0.2 0
v 0.7 0.1 0
v 0.7 0.2 0.1
v 0.7 0.1 0.1
v 0.8 0.1 0.1
v 0.8 0.2 0.1
v 0.7 0.1 0
v 0.7 0.2 0
v 0.8 0.2 0
v 0.8 0.1 0
v 0.8 0.2 0.1
v 0.8 0.1 0.1
v 0.9 0.1 0.1
v 0.9 0.2 0.1
v 0.8 0.1 0
v 0.8 0.2 0
v 0.9 0.2 0
v 0.9 0.1 0
v 0.9 0.2 0.1
v 0.9 0.1 0.1
v 1 0.1 0.1
v 1 0.2 0.1
v 0.9 0.1 0
v 0.9 0.2 0
v 1 0.2 0
v 1 0.1 0
v 1 0.2 0.1
v 1 0.1 0.1
v 1.1 0.1 0.1
v 1.1 0.2 0.1
v 1 0.1 0
v 1 0.2 0
v 1.1 0.2 0
v 1.1 0.1 0
v 1.2 0.1 0.1
v 1.2 0.1 0
v 1.2 0.2 0
v 1.2 0.2 0.1
v 1.1 0.2 0.1
v 1.1 0.1 0.1
v 1.2 0.1 0.1
v 1.2 0.2 0.1
v 1.1 0.1 0
v 1.1 0.2 0
v 1.2 0.2 0
v 1.2 0.1 0
v -1.2 0.1 0.1
v -1.2 0.1 0
v -1.2 0 0
v -1.2 0 0.1
v -1.2 0.1 0.1
v -1.2 0 0.1
v -1.1 0 0.1
v -1.1 0.1 0.1
v -1.2 0 0
v -1.2 0.1 0
v -1.1 0.1 0
v -1.1 0 0
v -1.1 0.1 0.1
v -1.1 0 0.1
v -1 0 0.1
v -1 0.1 0.1
v -1.1 0 0
v -1.1 0.1 0
v -1 0.1 0
v -1 0 0
v -1 0.1 0.1
v -1 0 0.1
v -0.9 0 0.1
v -0.9 0.1 0.1
v -1 0 0
v -1 0.1 0
v -0.9 0.1 0
v -0.9 0 0
v -0.9 0.1 0.1
v -0.9 0 0.1
v -0.8 0 0.1
v -0.8 0.1 0.1
v -0.9 0 0
v -0.9 0.1 0
v -0.8 0.1 0
v -0.8 0 0
v -0.8 0.1 0.1
v -0.8 0 0.1
v -0.7 0 0.1
v -0.7 0.1 0.1
v -0.8 0 0
v -0.8 0.1 0
v -0.7 0.1 0
v -0.7 0 0
v -0.7 0.1 0.1
v -0.7 0 0.1
v -0.6 0 0.1
v -0.6 0.1 0.1
v -0.7 0 0
v -0.7 0.1 0
v -0.6 0.1 0
v -0.6 0 0
v -0.6 0.1 0.1
v -0.6 0 0.1
v -0.5 0 0.1
v -0.5 0.1 0.1
v -0.6 0 0
v -0.6 0.1 0
v -0.5 0.1 0
v -0.5 0 0
v -0.5 0.1 0.1
v -0.5 0 0.1
v -0.4 0 0.1
v -0.4 0.1 0.1
v -0.5 0 0
v -0.5 0.1 0
v -0.4 0.1 0
v -0.4 0 0
v -0.4 0.1 0.1
v -0.4 0 0.1
v -0.3 0 0.1
v -0.3 0.1 0.1
v -0.4 0 0
v -0.4 0.1 0
v -0.3 0.1 0
v -0.3 0 0
v -0.3 0.1 0.1
v -0.3 0 0.1
v -0.2 0 0.1
v -0.2 0.1 0.1
v -0.3 0 0
v -0.3 0.1 0
v -0.2 0.1 0
v -0.2 0 0
v -0.2 0.1 0.1
v -0.2 0 0.1
v -0.1 0 0.1
v -0.1 0.1 0.1
v -0.2 0 0
v -0.2 0.1 0
v -0.1 0.1 0
v -0.1 0 0
v -0.1 0.1 0.1
v -0.1 0 0.1
v 0 0 0.1
v 0 0.1 0.1
v -0.1 0 0
v -0.1 0.1 0
v 0 0.1 0
v 0 0 0
v 0 0.1 0.1
v 0 0 0.1
v 0.1 0 0.1
v 0.1 0.1 0.1
v 0 0 0
v 0 0.1 0
v 0.1 0.1 0
v 0.1 0 0
v 0.1 0.1 0.1
v 0.1 0 0.1
v 0.2 0 0.1
v 0.2 0.1 0.1
v 0.1 0 0
v 0.1 0.1 0
v 0.2 0.1 0
v 0.2 0 0
v 0.2 0.1 0.1
v 0.2 0 0.1
v 0.3 0 0.1
v 0.3 0.1 0.1
v 0.2 0 0
v 0.2 0.1 0
v 0.3 0.1 0
v 0.3 0 0
v 0.3 0.1 0.1
v 0.3 0 0.1
v 0.4 0 0.1
v 0.4 0.1 0.1
v 0.3 0 0
v 0.3 0.1 0
v 0.4 0.1 0
v 0.4 0 0
v 0.4 0.1 0.1
v 0.4 0 0.1
v 0.5 0 0.1
v 0.5 0.1 0.1
v 0.4 0 0
v 0.4 0.1 0
v 0.5 0.1 0
v 0.5 0 0
v 0.5 0.1 0.1
v 0.5 0 0.1
v 0.6 0 0.1
v 0.6 0.1 0.1
v 0.5 0 0
v 0.5 0.1 0
v 0.6 0.1 0
v 0.6 0 0
v 0.6 0.1 0.1
v 0.6 0 0.1
v 0.7 0 0.1
v 0.7 0.1 0.1
v 0.6 0 0
v 0.6 0.1 0
v 0.7 0.1 0
v 0.7 0 0
v 0.7 0.1 0.1
v 0.7 0 0.1
v 0.8 0 0.1
v 0.8 0.1 0.1
v 0.7 0 0
v 0.7 0.1 0
v 0.8 0.1 0
v 0.8 0 0
v 0.8 0.1 0.1
v 0.8 0 0.1
v 0.9 0 0.1
v 0.9 0.1 0.1
v 0.8 0 0
v 0.8 0.1 0
v 0.9 0.1 0
v 0.9 0 0
v 0.9 0.1 0.1
v 0.9 0 0.1
v 1 0 0.1
v 1 0.1 0.1
v 0.9 0 0
v 0.9 0.1 0
v 1 0.1 0
v 1 0 0
v 1 0.1 0.1
v 1 0 0.1
v 1.1 0 0.1
v 1.1 0.1 0.1
v 1 0 0
v 1 0.1 0
v 1.1 0.1 0
v 1.1 0 0
v 1.2 0 0.1
v 1.2 0 0
v 1.2 0.1 0
v 1.2 0.1 0.1
v 1.1 0.1 0.1
v 1.1 0 0.1
v 1.2 0 0.1
v 1.2 0.1 0.1
v 1.1 0 0
v 1.1 0.1 0
v 1.2 0.1 0
v 1.2 0 0
v -1.2 0 0.1
v -1.2 0 0
v -1.2 -0.1 0
v -1.2 -0.1 0.1
v -1.2 0 0.1
v -1.2 -0.1 0.1
v -1.1 -0.1 0.1
v -1.1 0 0.1
v -1.2 -0.1 0
v -1.2 0 0
v -1.1 0 0
v -1.1 -0.1 0
v -1.1 0 0.1
v -1.1 -0.1 0.1
v -1 -0.1 0.1
v -1 0 0.1
v -1.1 -0.1 0
v -1.1 0 0
v -1 0 0
v -1 -0.1 0
v -1 0 0.1
v -1 -0.1 0.1
v -0.9 -0.1 0.1
v -0.9 0 0.1
v -1 -0.1 0
v -1 0 0
v -0.9 0 0
v -0.9 -0.1 0
v -0.9 0 0.1
v -0.9 -0.1 0.1
v -0.8 -0.1 0.1
v -0.8 0 0.1
v -0.9 -0.1 0
v -0.9 0 0
v -0.8 0 0
v -0.8 -0.1 0
v -0.8 0 0.1
v -0.8 -0.1 0.1
v -0.7 -0.1 0.1
v -0.7 0 0.1
v -0.8 -0.1 0
v -0.8 0 0
v -0.7 0 0
v -0.7 -0.1 0
v -0.7 0 0.1
v -0.7 -0.1 0.1
v -0.6 -0.1 0.1
v -0.6 0 0.1
v -0.7 -0.1 0
v -0.7 0 0
v -0.6 0 0
v -0.6 -0.1 0
v -0.6 0 0.1
v -0.6 -0.1 0.1
v -0.5 -0.1 0.1
v -0.5 0 0.1
v -0.6 -0.1 0
v -0.6 0 0
v -0.5 0 0
v -0.5 -0.1 0
v -0.5 0 0.1
v -0.5 -0.1 0.1
v -0.4 -0.1 0.1
v -0.4 0 0.1
v -0.5 -0.1 0
v -0.5 0 0
v -0.4 0 0
v -0.4 -0.1 0
v -0.4 0 0.1
v -0.4 -0.1 0.1
v -0.3 -0.1 0.1
v -0.3 0 0.1
v -0.4 -0.1 0
v -0.4 0 0
v -0.3 0 0
v -0.3 -0.1 0
v -0.3 0 0.1
v -0.3 -0.1 0.1
v -0.2 -0.1 0.1
v -0.2 0 0.1
v -0.3 -0.1 0
v -0.3 0 0
v -0.2 0 0
v -0.2 -0.1 0
v -0.2 0 0.1
v -0.2 -0.1 0.1
v -0.1 -0.1 0.1
v -0.1 0 0.1
v -0.2 -0.1 0
v -0.2 0 0
v -0.1 0 0
v -0.1 -0.1 0
v -0.1 0 0.1
v -0.1 -0.1 0.1
v 0 -0.1 0.1
v 0 0 0.1
v -0.1 -0.1 0
v -0.1 0 0
v 0 0 0
v 0 -0.1 0
v 0 0 0.1
v 0 -0.1 0.1
v 0.1 -0.1 0.1
v 0.1 0 0.1
v 0 -0.1 0
v 0 0 0
v 0.1 0 0
v 0.1 -0.1 0
v 0.1 0 0.1
v 0.1 -0.1 0.1
v 0.2 -0.1 0.1
v 0.2 0 0.1
v 0.1 -0.1 0
v 0.1 0 0
v 0.2 0 0
v 0.2 -0.1 0
v 0.2 0 0.1
v 0.2 -0.1 0.1
v 0.3 -0.1 0.1
v 0.3 0 0.1
v 0.2 -0.1 0
v 0.2 0 0
v 0.3 0 0
v 0.3 -0.1 0
v 0.3 0 0.1
v 0.3 -0.1 0.1
v 0.4 -0.1 0.1
v 0.4 0 0.1
v 0.3 -0.1 0
v 0.3 0 0
v 0.4 0 0
v 0.4 -0.1 0
v 0.4 0 0.1
v 0.4 -0.1 0.1
v 0.5 -0.1 0.1
v 0.5 0 0.1
v 0.4 -0.1 0
v 0.4 0 0
v 0.5 0 0
v 0.5 -0.1 0
v 0.5 0 0.1
v 0.5 -0.1 0.1
v 0.6 -0.1 0.1
v 0.6 0 0.1
v 0.5 -0.1 0
v 0.5 0 0
v 0.6 0 0
v 0.6 -0.1 0
v 0.6 0 0.1
v 0.6 -0.1 0.1
v 0.7 -0.1 0.1
v 0.7 0 0.1
v 0.6 -0.1 0
v 0.6 0 0
v 0.7 0 0
v 0.7 -0.1 0
v 0.7 0 0.1
v 0.7 -0.1 0.1
v 0.8 -0.1 0.1
v 0.8 0 0.1
v 0.7 -0.1 0
v 0.7 0 0
v 0.8 0 0
v 0.8 -0.1 0
v 0.8 0 0.1
v 0.8 -0.1 0.1
v 0.9 -0.1 0.1
v 0.9 0 0.1
v 0.8 -0.1 0
v 0.8 0 0
v 0.9 0 0
v 0.9 -0.1 0
v 0.9 0 0.1
v 0.9 -0.1 0.1
v 1 -0.1 0.1
v 1 0 0.1
v 0.9 -0.1 0
v 0.9 0 0
v 1 0 0
v 1 -0.1 0
v 1 0 0.1
v 1 -0.1 0.1
v 1.1 -0.1 0.1
v 1.1 0 0.1
v 1 -0.1 0
v 1 0 0
v 1.1 0 0
v 1.1 -0.1 0
v 1.2 -0.1 0.1
v 1.2 -0.1 0
v 1.2 0 0
v 1.2 0 0.1
v 1.1 0 0.1
v 1.1 -0.1 0.1
v 1.2 -0.1 0.1
v 1.2 0 0.1
v 1.1 -0.1 0
v 1.1 0 0
v 1.2 0 0
v 1.2 -0.1 0
v -1.2 -0.1 0.1
v -1.2 -0.1 0
v -1.2 -0.2 0
v -1.2 -0.2 0.1
v -1.2 -0.1 0.1
v -1.2 -0.2 0.1
v -1.1 -0.2 0.1
v -1.1 -0.1 0.1
v -1.2 -0.2 0
v -1.2 -0.1 0
v -1.1 -0.1 0
v -1.1 -0.2 0
v -1.1 -0.1 0.1
v -1.1 -0.2 0.1
v -1 -0.2 0.1
v -1 -0.1 0.1
v -1.1 -0.2 0
v -1.1 -0.1 0
v -1 -0.1 0
v -1 -0.2 0
v -1 -0.1 0.1
v -1 -0.2 0.1
v -0.9 -0.2 0.1
v -0.9 -0.1 0.1
v -1 -0.2 0
v -1 -0.1 0
v -0.9 -0.1 0
v -0.9 -0.2 0
v -0.9 -0.2 0
v -0.9 -0.1 0
v -0.8 -0.1 0
v -0.8 -0.2 0
v -0.9 -0.1 0.2
v -0.9 -0.1 0.1
v -0.9 -0.2 0.1
v -0.9 -0.2 0.2
v -0.8 -0.2 0.2
v -0.8 -0.2 0.1
v -0.8 -0.1 0.1
v -0.8 -0.1 0.2
v -0.9 -0.2 0.2
v -0.9 -0.2 0.1
v -0.8 -0.2 0.1
v -0.8 -0.2 0.2
v -0.8 -0.1 0.2
v -0.8 -0.1 0.1
v -0.9 -0.1 0.1
v -0.9 -0.1 0.2
v -0.9 -0.1 0.3
v -0.9 -0.1 0.2
v -0.9 -0.2 0.2
v -0.9 -0.2 0.3
v -0.8 -0.2 0.3
v -0.8 -0.2 0.2
v -0.8 -0.1 0.2
v -0.8 -0.1 0.3
v -0.9 -0.1 0.3
v -0.9 -0.2 0.3
v -0.8 -0.2 0.3
v -0.8 -0.1 0.3
v -0.9 -0.2 0.3
v -0.9 -0.2 0.2
v -0.8 -0.2 0.2
v -0.8 -0.2 0.3
v -0.8 -0.1 0.3
v -0.8 -0.1 0.2
v -0.9 -0.1 0.2
v -0.9 -0.1 0.3
v -0.8 -0.1 0.1
v -0.8 -0.2 0.1
v -0.7 -0.2 0.1
v -0.7 -0.1 0.1
v -0.8 -0.2 0
v -0.8 -0.1 0
v -0.7 -0.1 0
v -0.7 -0.2 0
v -0.7 -0.1 0.1
v -0.7 -0.2 0.1
v -0.6 -0.2 0.1
v -0.6 -0.1 0.1
v -0.7 -0.2 0
v -0.7 -0.1 0
v -0.6 -0.1 0
v -0.6 -0.2 0
v -0.6 -0.1 0.1
v -0.6 -0.2 0.1
v -0.5 -0.2 0.1
v -0.5 -0.1 0.1
v -0.6 -0.2 0
v -0.6 -0.1 0
v -0.5 -0.1 0
v -0.5 -0.2 0
v -0.5 -0.1 0.1
v -0.5 -0.2 0.1
v -0.4 -0.2 0.1
v -0.4 -0.1 0.1
v -0.5 -0.2 0
v -0.5 -0.1 0
v -0.4 -0.1 0
v -0.4 -0.2 0
v -0.4 -0.1 0.1
v -0.4 -0.2 0.1
v -0.3 -0.2 0.1
v -0.3 -0.1 0.1
v -0.4 -0.2 0
v -0.4 -0.1 0
v -0.3 -0.1 0
v -0.3 -0.2 0
v -0.3 -0.1 0.1
v -0.3 -0.2 0.1
v -0.2 -0.2 0.1
v -0.2 -0.1 0.1
v -0.3 -0.2 0
v -0.3 -0.1 0
v -0.2 -0.1 0
v -0.2 -0.2 0
v -0.2 -0.1 0.1
v -0.2 -0.2 0.1
v -0.1 -0.2 0.1
v -0.1 -0.1 0.1
v -0.2 -0.2 0
v -0.2 -0.1 0
v -0.1 -0.1 0
v -0.1 -0.2 0
v -0.1 -0.1 0.1
v -0.1 -0.2 0.1
v 0 -0.2 0.1
v 0 -0.1 0.1
v -0.1 -0.2 0
v -0.1 -0.1 0
v 0 -0.1 0
v 0 -0.2 0
v 0 -0.1 0.1
v 0 -0.2 0.1
v 0.1 -0.2 0.1
v 0.1 -0.1 0.1
v 0 -0.2 0
v 0 -0.1 0
v 0.1 -0.1 0
v 0.1 -0.2 0
v 0.1 -0.1 0.1
v 0.1 -0.2 0.1
v 0.2 -0.2 0.1
v 0.2 -0.1 0.1
v 0.1 -0.2 0
v 0.1 -0.1 0
v 0.2 -0.1 0
v 0.2 -0.2 0
v 0.2 -0.1 0.1
v 0.2 -0.2 0.1
v 0.3 -0.2 0.1
v 0.3 -0.1 0.1
v 0.2 -0.2 0
v 0.2 -0.1 0
v 0.3 -0.1 0
v 0.3 -0.2 0
v 0.3 -0.1 0.1
v 0.3 -0.2 0.1
v 0.4 -0.2 0.1
v 0.4 -0.1 0.1
v 0.3 -0.2 0
v 0.3 -0.1 0
v 0.4 -0.1 0
v 0.4 -0.2 0
v 0.4 -0.1 0.1
v 0.4 -0.2 0.1
v 0.5 -0.2 0.1
v 0.5 -0.1 0.1
v 0.4 -0.2 0
v 0.4 -0.1 0
v 0.5 -0.1 0
v 0.5 -0.2 0
v 0.5 -0.1 0.1
v 0.5 -0.2 0.1
v 0.6 -0.2 0.1
v 0.6 -0.1 0.1
v 0.5 -0.2 0
v 0.5 -0.1 0
v 0.6 -0.1 0
v 0.6 -0.2 0
v 0.6 -0.1 0.1
v 0.6 -0.2 0.1
v 0.7 -0.2 0.1
v 0.7 -0.1 0.1
v 0.6 -0.2 0
v 0.6 -0.1 0
v 0.7 -0.1 0
v 0.7 -0.2 0
v 0.7 -0.1 0.1
v 0.7 -0.2 0.1
v 0.8 -0.2 0.1
v 0.8 -0.1 0.1
v 0.7 -0.2 0
v 0.7 -0.1 0
v 0.8 -0.1 0
v 0.8 -0.2 0
v 0.8 -0.1 0.1
v 0.8 -0.2 0.1
v 0.9 -0.2 0.1
v 0.9 -0.1 0.1
v 0.8 -0.2 0
v 0.8 -0.1 0
v 0.9 -0.1 0
v 0.9 -0.2 0
v 0.9 -0.1 0.1
v 0.9 -0.2 0.1
v 1 -0.2 0.1
v 1 -0.1 0.1
v 0.9 -0.2 0
v 0.9 -0.1 0
v 1 -0.1 0
v 1 -0.2 0
v 1 -0.1 0.1
v 1 -0.2 0.1
v 1.1 -0.2 0.1
v 1.1 -0.1 0.1
v 1 -0.2 0
v 1 -0.1 0
v 1.1 -0.1 0
v 1.1 -0.2 0
v 1.2 -0.2 0.1
v 1.2 -0.2 0
v 1.2 -0.1 0
v 1.2 -0.1 0.1
v 1.1 -0.1 0.1
v 1.1 -0.2 0.1
v 1.2 -0.2 0.1
v 1.2 -0.1 0.1
v 1.1 -0.2 0
v 1.1 -0.1 0
v 1.2 -0.1 0
v 1.2 -0.2 0
v -1.2 -0.2 0.1
v -1.2 -0.2 0
v -1.2 -0.3 0
v -1.2 -0.3 0.1
v -1.2 -0.2 0.1
v -1.2 -0.3 0.1
v -1.1 -0.3 0.1
v -1.1 -0.2 0.1
v -1.2 -0.3 0
v -1.2 -0.2 0
v -1.1 -0.2 0
v -1.1 -0.3 0
v -1.1 -0.2 0.1
v -1.1 -0.3 0.1
v -1 -0.3 0.1
v -1 -0.2 0.1
v -1.1 -0.3 0
v -1.1 -0.2 0
v -1 -0.2 0
v -1 -0.3 0
v -1 -0.2 0.1
v -1 -0.3 0.1
v -0.9 -0.3 0.1
v -0.9 -0.2 0.1
v -1 -0.3 0
v -1 -0.2 0
v -0.9 -0.2 0
v -0.9 -0.3 0
v -0.9 -0.2 0.1
v -0.9 -0.3 0.1
v -0.8 -0.3 0.1
v -0.8 -0.2 0.1
v -0.9 -0.3 0
v -0.9 -0.2 0
v -0.8 -0.2 0
v -0.8 -0.3 0
v -0.8 -0.2 0.1
v -0.8 -0.3 0.1
v -0.7 -0.3 0.1
v -0.7 -0.2 0.1
v -0.8 -0.3 0
v -0.8 -0.2 0
v -0.7 -0.2 0
v -0.7 -0.3 0
v -0.7 -0.2 0.1
v -0.7 -0.3 0.1
v -0.6 -0.3 0.1
v -0.6 -0.2 0.1
v -0.7 -0.3 0
v -0.7 -0.2 0
v -0.6 -0.2 0
v -0.6 -0.3 0
v -0.6 -0.2 0.1
v -0.6 -0.3 0.1
v -0.5 -0.3 0.1
v -0.5 -0.2 0.1
v -0.6 -0.3 0
v -0.6 -0.2 0
v -0.5 -0.2 0
v -0.5 -0.3 0
v -0.5 -0.2 0.1
v -0.5 -0.3 0.1
v -0.4 -0.3 0.1
v -0.4 -0.2 0.1
v -0.5 -0.3 0
v -0.5 -0.2 0
v -0.4 -0.2 0
v -0.4 -0.3 0
v -0.4 -0.2 0.1
v -0.4 -0.3 0.1
v -0.3 -0.3 0.1
v -0.3 -0.2 0.1
v -0.4 -0.3 0
v -0.4 -0.2 0
v -0.3 -0.2 0
v -0.3 -0.3 0
v -0.3 -0.2 0.1
v -0.3 -0.3 0.1
v -0.2 -0.3 0.1
v -0.2 -0.2 0.1
v -0.3 -0.3 0
v -0.3 -0.2 0
v -0.2 -0.2 0
v -0.2 -0.3 0
v -0.2 -0.2 0.1
v -0.2 -0.3 0.1
v -0.1 -0.3 0.1
v -0.1 -0.2 0.1
v -0.2 -0.3 0
v -0.2 -0.2 0
v -0.1 -0.2 0
v -0.1 -0.3 0
v -0.1 -0.2 0.1
v -0.1 -0.3 0.1
v 0 -0.3 0.1
v 0 -0.2 0.1
v -0.1 -0.3 0
v -0.1 -0.2 0
v 0 -0.2 0
v 0 -0.3 0
v 0 -0.2 0.1
v 0 -0.3 0.1
v 0.1 -0.3 0.1
v 0.1 -0.2 0.1
v 0 -0.3 0
v 0 -0.2 0
v 0.1 -0.2 0
v 0.1 -0.3 0
v 0.1 -0.2 0.1
v 0.1 -0.3 0.1
v 0.2 -0.3 0.1
v 0.2 -0.2 0.1
v 0.1 -0.3 0
v 0.1 -0.2 0
v 0.2 -0.2 0
v 0.2 -0.3 0
v 0.2 -0.2 0.1
v 0.2 -0.3 0.1
v 0.3 -0.3 0.1
v 0.3 -0.2 0.1
v 0.2 -0.3 0
v 0.2 -0.2 0
v 0.3 -0.2 0
v 0.3 -0.3 0
v 0.3 -0.2 0.1
v 0.3 -0.3 0.1
v 0.4 -0.3 0.1
v 0.4 -0.2 0.1
v 0.3 -0.3 0
v 0.3 -0.2 0
v 0.4 -0.2 0
v 0.4 -0.3 0
v 0.4 -0.2 0.1
v 0.4 -0.3 0.1
v 0.5 -0.3 0.1
v 0.5 -0.2 0.1
v 0.4 -0.3 0
v 0.4 -0.2 0
v 0.5 -0.2 0
v 0.5 -0.3 0
v 0.5 -0.2 0.1
v 0.5 -0.3 0.1
v 0.6 -0.3 0.1
v 0.6 -0.2 0.1
v 0.5 -0.3 0
v 0.5 -0.2 0
v 0.6 -0.2 0
v 0.6 -0.3 0
v 0.6 -0.2 0.1
v 0.6 -0.3 0.1
v 0.7 -0.3 0.1
v 0.7 -0.2 0.1
v 0.6 -0.3 0
v 0.6 -0.2 0
v 0.7 -0.2 0
v 0.7 -0.3 0
v 0.7 -0.2 0.1
v 0.7 -0.3 0.1
v 0.8 -0.3 0.1
v 0.8 -0.2 0.1
v 0.7 -0.3 0
v 0.7 -0.2 0
v 0.8 -0.2 0
v 0.8 -0.3 0
v 0.8 -0.2 0.1
v 0.8 -0.3 0.1
v 0.9 -0.3 0.1
v 0.9 -0.2 0.1
v 0.8 -0.3 0
v 0.8 -0.2 0
v 0.9 -0.2 0
v 0.9 -0.3 0
v 0.9 -0.2 0.1
v 0.9 -0.3 0.1
v 1 -0.3 0.1
v 1 -0.2 0.1
v 0.9 -0.3 0
v 0.9 -0.2 0
v 1 -0.2 0
v 1 -0.3 0
v 1 -0.2 0.1
v 1 -0.3 0.1
v 1.1 -0.3 0.1
v 1.1 -0.2 0.1
v 1 -0.3 0
v 1 -0.2 0
v 1.1 -0.2 0
v 1.1 -0.3 0
v 1.2 -0.3 0.1
v 1.2 -0.3 0
v 1.2 -0.2 0
v 1.2 -0.2 0.1
v 1.1 -0.2 0.1
v 1.1 -0.3 0.1
v 1.2 -0.3 0.1
v 1.2 -0.2 0.1
v 1.1 -0.3 0
v 1.1 -0.2 0
v 1.2 -0.2 0
v 1.2 -0.3 0
v -1.2 -0.3 0.1
v -1.2 -0.3 0
v -1.2 -0.4 0
v -1.2 -0.4 0.1
v -1.2 -0.3 0.1
v -1.2 -0.4 0.1
v -1.1 -0.4 0.1
v -1.1 -0.3 0.1
v -1.2 -0.4 0
v -1.2 -0.3 0
v -1.1 -0.3 0
v -1.1 -0.4 0
v -1.1 -0.3 0.1
v -1.1 -0.4 0.1
v -1 -0.4 0.1
v -1 -0.3 0.1
v -1.1 -0.4 0
v -1.1 -0.3 0
v -1 -0.3 0
v -1 -0.4 0
v -1 -0.3 0.1
v -1 -0.4 0.1
v -0.9 -0.4 0.1
v -0.9 -0.3 0.1
v -1 -0.4 0
v -1 -0.3 0
v -0.9 -0.3 0
v -0.9 -0.4 0
v -0.9 -0.4 0
v -0.9 -0.3 0
v -0.8 -0.3 0
v -0.8 -0.4 0
v -0.9 -0.3 0.2
v -0.9 -0.3 0.1
v -0.9 -0.4 0.1
v -0.9 -0.4 0.2
v -0.9 -0.4 0.2
v -0.9 -0.4 0.1
v -0.8 -0.4 0.1
v -0.8 -0.4 0.2
v -0.8 -0.3 0.2
v -0.8 -0.3 0.1
v -0.9 -0.3 0.1
v -0.9 -0.3 0.2
v -0.9 -0.3 0.3
v -0.9 -0.3 0.2
v -0.9 -0.4 0.2
v -0.9 -0.4 0.3
v -0.9 -0.3 0.3
v -0.9 -0.4 0.3
v -0.8 -0.4 0.3
v -0.8 -0.3 0.3
v -0.9 -0.4 0.3
v -0.9 -0.4 0.2
v -0.8 -0.4 0.2
v -0.8 -0.4 0.3
v -0.8 -0.3 0.3
v -0.8 -0.3 0.2
v -0.9 -0.3 0.2
v -0.9 -0.3 0.3
v -0.8 -0.4 0
v -0.8 -0.3 0
v -0.7 -0.3 0
v -0.7 -0.4 0
v -0.7 -0.4 0.2
v -0.7 -0.4 0.1
v -0.7 -0.3 0.1
v -0.7 -0.3 0.2
v -0.8 -0.4 0.2
v -0.8 -0.4 0.1
v -0.7 -0.4 0.1
v -0.7 -0.4 0.2
v -0.7 -0.3 0.2
v -0.7 -0.3 0.1
v -0.8 -0.3 0.1
v -0.8 -0.3 0.2
v -0.7 -0.4 0.3
v -0.7 -0.4 0.2
v -0.7 -0.3 0.2
v -0.7 -0.3 0.3
v -0.8 -0.3 0.3
v -0.8 -0.4 0.3
v -0.7 -0.4 0.3
v -0.7 -0.3 0.3
v -0.8 -0.4 0.3
v -0.8 -0.4 0.2
v -0.7 -0.4 0.2
v -0.7 -0.4 0.3
v -0.7 -0.3 0.3
v -0.7 -0.3 0.2
v -0.8 -0.3 0.2
v -0.8 -0.3 0.3
v -0.7 -0.3 0.1
v -0.7 -0.4 0.1
v -0.6 -0.4 0.1
v -0.6 -0.3 0.1
v -0.7 -0.4 0
v -0.7 -0.3 0
v -0.6 -0.3 0
v -0.6 -0.4 0
v -0.6 -0.4 0
v -0.6 -0.3 0
v -0.5 -0.3 0
v -0.5 -0.4 0
v -0.6 -0.3 0.2
v -0.6 -0.3 0.1
v -0.6 -0.4 0.1
v -0.6 -0.4 0.2
v -0.5 -0.4 0.2
v -0.5 -0.4 0.1
v -0.5 -0.3 0.1
v -0.5 -0.3 0.2
v -0.5 -0.3 0.2
v -0.5 -0.3 0.1
v -0.6 -0.3 0.1
v -0.6 -0.3 0.2
v -0.6 -0.3 0.3
v -0.6 -0.3 0.2
v -0.6 -0.4 0.2
v -0.6 -0.4 0.3
v -0.5 -0.4 0.3
v -0.5 -0.4 0.2
v -0.5 -0.3 0.2
v -0.5 -0.3 0.3
v -0.6 -0.3 0.3
v -0.6 -0.4 0.3
v -0.5 -0.4 0.3
v -0.5 -0.3 0.3
v -0.5 -0.3 0.3
v -0.5 -0.3 0.2
v -0.6 -0.3 0.2
v -0.6 -0.3 0.3
v -0.5 -0.3 0.1
v -0.5 -0.4 0.1
v -0.4 -0.4 0.1
v -0.4 -0.3 0.1
v -0.5 -0.4 0
v -0.5 -0.3 0
v -0.4 -0.3 0
v -0.4 -0.4 0
v -0.4 -0.3 0.1
v -0.4 -0.4 0.1
v -0.3 -0.4 0.1
v -0.3 -0.3 0.1
v -0.4 -0.4 0
v -0.4 -0.3 0
v -0.3 -0.3 0
v -0.3 -0.4 0
v -0.3 -0.3 0.1
v -0.3 -0.4 0.1
v -0.2 -0.4 0.1
v -0.2 -0.3 0.1
v -0.3 -0.4 0
v -0.3 -0.3 0
v -0.2 -0.3 0
v -0.2 -0.4 0
v -0.2 -0.3 0.1
v -0.2 -0.4 0.1
v -0.1 -0.4 0.1
v -0.1 -0.3 0.1
v -0.2 -0.4 0
v -0.2 -0.3 0
v -0.1 -0.3 0
v -0.1 -0.4 0
v -0.1 -0.3 0.1
v -0.1 -0.4 0.1
v 0 -0.4 0.1
v 0 -0.3 0.1
v -0.1 -0.4 0
v -0.1 -0.3 0
v 0 -0.3 0
v 0 -0.4 0
v 0 -0.3 0.1
v 0 -0.4 0.1
v 0.1 -0.4 0.1
v 0.1 -0.3 0.1
v 0 -0.4 0
v 0 -0.3 0
v 0.1 -0.3 0
v 0.1 -0.4 0
v 0.1 -0.3 0.1
v 0.1 -0.4 0.1
v 0.2 -0.4 0.1
v 0.2 -0.3 0.1
v 0.1 -0.4 0
v 0.1 -0.3 0
v 0.2 -0.3 0
v 0.2 -0.4 0
v 0.2 -0.3 0.1
v 0.2 -0.4 0.1
v 0.3 -0.4 0.1
v 0.3 -0.3 0.1
v 0.2 -0.4 0
v 0.2 -0.3 0
v 0.3 -0.3 0
v 0.3 -0.4 0
v 0.3 -0.3 0.1
v 0.3 -0.4 0.1
v 0.4 -0.4 0.1
v 0.4 -0.3 0.1
v 0.3 -0.4 0
v 0.3 -0.3 0
v 0.4 -0.3 0
v 0.4 -0.4 0
v 0.4 -0.3 0.1
v 0.4 -0.4 0.1
v 0.5 -0.4 0.1
v 0.5 -0.3 0.1
v 0.4 -0.4 0
v 0.4 -0.3 0
v 0.5 -0.3 0
v 0.5 -0.4 0
v 0.5 -0.3 0.1
v 0.5 -0.4 0.1
v 0.6 -0.4 0.1
v 0.6 -0.3 0.1
v 0.5 -0.4 0
v 0.5 -0.3 0
v 0.6 -0.3 0
v 0.6 -0.4 0
v 0.6 -0.3 0.1
v 0.6 -0.4 0.1
v 0.7 -0.4 0.1
v 0.7 -0.3 0.1
v 0.6 -0.4 0
v 0.6 -0.3 0
v 0.7 -0.3 0
v 0.7 -0.4 0
v 0.7 -0.3 0.1
v 0.7 -0.4 0.1
v 0.8 -0.4 0.1
v 0.8 -0.3 0.1
v 0.7 -0.4 0
v 0.7 -0.3 0
v 0.8 -0.3 0
v 0.8 -0.4 0
v 0.8 -0.3 0.1
v 0.8 -0.4 0.1
v 0.9 -0.4 0.1
v 0.9 -0.3 0.1
v 0.8 -0.4 0
v 0.8 -0.3 0
v 0.9 -0.3 0
v 0.9 -0.4 0
v 0.9 -0.3 0.1
v 0.9 -0.4 0.1
v 1 -0.4 0.1
v 1 -0.3 0.1
v 0.9 -0.4 0
v 0.9 -0.3 0
v 1 -0.3 0
v 1 -0.4 0
v 1 -0.3 0.1
v 1 -0.4 0.1
v 1.1 -0.4 0.1
v 1.1 -0.3 0.1
v 1 -0.4 0
v 1 -0.3 0
v 1.1 -0.3 0
v 1.1 -0.4 0
v 1.2 -0.4 0.1
v 1.2 -0.4 0
v 1.2 -0.3 0
v 1.2 -0.3 0.1
v 1.1 -0.3 0.1
v 1.1 -0.4 0.1
v 1.2 -0.4 0.1
v 1.2 -0.3 0.1
v 1.1 -0.4 0
v 1.1 -0.3 0
v 1.2 -0.3 0
v 1.2 -0.4 0
v -1.2 -0.4 0.1
v -1.2 -0.4 0
v -1.2 -0.5 0
v -1.2 -0.5 0.1
v -1.2 -0.4 0.1
v -1.2 -0.5 0.1
v -1.1 -0.5 0.1
v -1.1 -0.4 0.1
v -1.2 -0.5 0
v -1.2 -0.4 0
v -1.1 -0.4 0
v -1.1 -0.5 0
v -1.1 -0.4 0.1
v -1.1 -0.5 0.1
v -1 -0.5 0.1
v -1 -0.4 0.1
v -1.1 -0.5 0
v -1.1 -0.4 0
v -1 -0.4 0
v -1 -0.5 0
v -1 -0.4 0.1
v -1 -0.5 0.1
v -0.9 -0.5 0.1
v -0.9 -0.4 0.1
v -1 -0.5 0
v -1 -0.4 0
v -0.9 -0.4 0
v -0.9 -0.5 0
v -0.9 -0.4 0.1
v -0.9 -0.5 0.1
v -0.8 -0.5 0.1
v -0.8 -0.4 0.1
v -0.9 -0.5 0
v -0.9 -0.4 0
v -0.8 -0.4 0
v -0.8 -0.5 0
v -0.8 -0.4 0.1
v -0.8 -0.5 0.1
v -0.7 -0.5 0.1
v -0.7 -0.4 0.1
v -0.8 -0.5 0
v -0.8 -0.4 0
v -0.7 -0.4 0
v -0.7 -0.5 0
v -0.7 -0.4 0.1
v -0.7 -0.5 0.1
v -0.6 -0.5 0.1
v -0.6 -0.4 0.1
v -0.7 -0.5 0
v -0.7 -0.4 0
v -0.6 -0.4 0
v -0.6 -0.5 0
v -0.6 -0.5 0
v -0.6 -0.4 0
v -0.5 -0.4 0
v -0.5 -0.5 0
v -0.6 -0.4 0.2
v -0.6 -0.4 0.1
v -0.6 -0.5 0.1
v -0.6 -0.5 0.2
v -0.5 -0.5 0.2
v -0.5 -0.5 0.1
v -0.5 -0.4 0.1
v -0.5 -0.4 0.2
v -0.6 -0.5 0.2
v -0.6 -0.5 0.1
v -0.5 -0.5 0.1
v -0.5 -0.5 0.2
v -0.6 -0.4 0.3
v -0.6 -0.4 0.2
v -0.6 -0.5 0.2
v -0.6 -0.5 0.3
v -0.5 -0.5 0.3
v -0.5 -0.5 0.2
v -0.5 -0.4 0.2
v -0.5 -0.4 0.3
v -0.6 -0.4 0.3
v -0.6 -0.5 0.3
v -0.5 -0.5 0.3
v -0.5 -0.4 0.3
v -0.6 -0.5 0.3
v -0.6 -0.5 0.2
v -0.5 -0.5 0.2
v -0.5 -0.5 0.3
v -0.5 -0.4 0.1
v -0.5 -0.5 0.1
v -0.4 -0.5 0.1
v -0.4 -0.4 0.1
v -0.5 -0.5 0
v -0.5 -0.4 0
v -0.4 -0.4 0
v -0.4 -0.5 0
v -0.4 -0.4 0.1
v -0.4 -0.5 0.1
v -0.3 -0.5 0.1
v -0.3 -0.4 0.1
v -0.4 -0.5 0
v -0.4 -0.4 0
v -0.3 -0.4 0
v -0.3 -0.5 0
v -0.3 -0.4 0.1
v -0.3 -0.5 0.1
v -0.2 -0.5 0.1
v -0.2 -0.4 0.1
v -0.3 -0.5 0
v -0.3 -0.4 0
v -0.2 -0.4 0
v -0.2 -0.5 0
v -0.2 -0.4 0.1
v -0.2 -0.5 0.1
v -0.1 -0.5 0.1
v -0.1 -0.4 0.1
v -0.2 -0.5 0
v -0.2 -0.4 0
v -0.1 -0.4 0
v -0.1 -0.5 0
v -0.1 -0.4 0.1
v -0.1 -0.5 0.1
v 0 -0.5 0.1
v 0 -0.4 0.1
v -0.1 -0.5 0
v -0.1 -0.4 0
v 0 -0.4 0
v 0 -0.5 0
v 0 -0.4 0.1
v 0 -0.5 0.1
v 0.1 -0.5 0.1
v 0.1 -0.4 0.1
v 0 -0.5 0
v 0 -0.4 0
v 0.1 -0.4 0
v 0.1 -0.5 0
v 0.1 -0.4 0.1
v 0.1 -0.5 0.1
v 0.2 -0.5 0.1
v 0.2 -0.4 0.1
v 0.1 -0.5 0
v 0.1 -0.4 0
v 0.2 -0.4 0
v 0.2 -0.5 0
v 0.2 -0.4 0.1
v 0.2 -0.5 0.1
v 0.3 -0.5 0.1
v 0.3 -0.4 0.1
v 0.2 -0.5 0
v 0.2 -0.4 0
v 0.3 -0.4 0
v 0.3 -0.5 0
v 0.3 -0.4 0.1
v 0.3 -0.5 0.1
v 0.4 -0.5 0.1
v 0.4 -0.4 0.1
v 0.3 -0.5 0
v 0.3 -0.4 0
v 0.4 -0.4 0
v 0.4 -0.5 0
v 0.4 -0.4 0.1
v 0.4 -0.5 0.1
v 0.5 -0.5 0.1
v 0.5 -0.4 0.1
v 0.4 -0.5 0
v 0.4 -0.4 0
v 0.5 -0.4 0
v 0.5 -0.5 0
v 0.5 -0.4 0.1
v 0.5 -0.5 0.1
v 0.6 -0.5 0.1
v 0.6 -0.4 0.1
v 0.5 -0.5 0
v 0.5 -0.4 0
v 0.6 -0.4 0
v 0.6 -0.5 0
v 0.6 -0.4 0.1
v 0.6 -0.5 0.1
v 0.7 -0.5 0.1
v 0.7 -0.4 0.1
v 0.6 -0.5 0
v 0.6 -0.4 0
v 0.7 -0.4 0
v 0.7 -0.5 0
v 0.7 -0.4 0.1
v 0.7 -0.5 0.1
v 0.8 -0.5 0.1
v 0.8 -0.4 0.1
v 0.7 -0.5 0
v 0.7 -0.4 0
v 0.8 -0.4 0
v 0.8 -0.5 0
v 0.8 -0.4 0.1
v 0.8 -0.5 0.1
v 0.9 -0.5 0.1
v 0.9 -0.4 0.1
v 0.8 -0.5 0
v 0.8 -0.4 0
v 0.9 -0.4 0
v 0.9 -0.5 0
v 0.9 -0.4 0.1
v 0.9 -0.5 0.1
v 1 -0.5 0.1
v 1 -0.4 0.1
v 0.9 -0.5 0
v 0.9 -0.4 0
v 1 -0.4 0
v 1 -0.5 0
v 1 -0.4 0.1
v 1 -0.5 0.1
v 1.1 -0.5 0.1
v 1.1 -0.4 0.1
v 1 -0.5 0
v 1 -0.4 0
v 1.1 -0.4 0
v 1.1 -0.5 0
v 1.2 -0.5 0.1
v 1.2 -0.5 0
v 1.2 -0.4 0
v 1.2 -0.4 0.1
v 1.1 -0.4 0.1
v 1.1 -0.5 0.1
v 1.2 -0.5 0.1
v 1.2 -0.4 0.1
v 1.1 -0.5 0
v 1.1 -0.4 0
v 1.2 -0.4 0
v 1.2 -0.5 0
v -1.2 -0.5 0.1
v -1.2 -0.5 0
v -1.2 -0.6 0
v -1.2 -0.6 0.1
v -1.2 -0.6 0
v -1.2 -0.5 0
v -1.1 -0.5 0
v -1.1 -0.6 0
v -1.2 -0.5 0.2
v -1.2 -0.5 0.1
v -1.2 -0.6 0.1
v -1.2 -0.6 0.2
v -1.2 -0.6 0.2
v -1.2 -0.6 0.1
v -1.1 -0.6 0.1
v -1.1 -0.6 0.2
v -1.1 -0.5 0.2
v -1.1 -0.5 0.1
v -1.2 -0.5 0.1
v -1.2 -0.5 0.2
v -1.2 -0.5 0.3
v -1.2 -0.5 0.2
v -1.2 -0.6 0.2
v -1.2 -0.6 0.3
v -1.2 -0.5 0.3
v -1.2 -0.6 0.3
v -1.1 -0.6 0.3
v -1.1 -0.5 0.3
v -1.2 -0.6 0.3
v -1.2 -0.6 0.2
v -1.1 -0.6 0.2
v -1.1 -0.6 0.3
v -1.1 -0.5 0.3
v -1.1 -0.5 0.2
v -1.2 -0.5 0.2
v -1.2 -0.5 0.3
v -1.1 -0.6 0
v -1.1 -0.5 0
v -1 -0.5 0
v -1 -0.6 0
v -1 -0.6 0.2
v -1 -0.6 0.1
v -1 -0.5 0.1
v -1 -0.5 0.2
v -1.1 -0.6 0.2
v -1.1 -0.6 0.1
v -1 -0.6 0.1
v -1 -0.6 0.2
v -1 -0.5 0.2
v -1 -0.5 0.1
v -1.1 -0.5 0.1
v -1.1 -0.5 0.2
v -1 -0.6 0.3
v -1 -0.6 0.2
v -1 -0.5 0.2
v -1 -0.5 0.3
v -1.1 -0.5 0.3
v -1.1 -0.6 0.3
v -1 -0.6 0.3
v -1 -0.5 0.3
v -1.1 -0.6 0.3
v -1.1 -0.6 0.2
v -1 -0.6 0.2
v -1 -0.6 0.3
v -1 -0.5 0.3
v -1 -0.5 0.2
v -1.1 -0.5 0.2
v -1.1 -0.5 0.3
v -1 -0.5 0.1
v -1 -0.6 0.1
v -0.9 -0.6 0.1
v -0.9 -0.5 0.1
v -1 -0.6 0
v -1 -0.5 0
v -0.9 -0.5 0
v -0.9 -0.6 0
v -0.9 -0.5 0.1
v -0.9 -0.6 0.1
v -0.8 -0.6 0.1
v -0.8 -0.5 0.1
v -0.9 -0.6 0
v -0.9 -0.5 0
v -0.8 -0.5 0
v -0.8 -0.6 0
v -0.8 -0.6 0
v -0.8 -0.5 0
v -0.7 -0.5 0
v -0.7 -0.6 0
v -0.8 -0.5 0.2
v -0.8 -0.5 0.1
v -0.8 -0.6 0.1
v -0.8 -0.6 0.2
v -0.7 -0.6 0.2
v -0.7 -0.6 0.1
v -0.7 -0.5 0.1
v -0.7 -0.5 0.2
v -0.7 -0.5 0.2
v -0.7 -0.5 0.1
v -0.8 -0.5 0.1
v -0.8 -0.5 0.2
v -0.8 -0.5 0.3
v -0.8 -0.5 0.2
v -0.8 -0.6 0.2
v -0.8 -0.6 0.3
v -0.7 -0.6 0.3
v -0.7 -0.6 0.2
v -0.7 -0.5 0.2
v -0.7 -0.5 0.3
v -0.8 -0.5 0.3
v -0.8 -0.6 0.3
v -0.7 -0.6 0.3
v -0.7 -0.5 0.3
v -0.7 -0.5 0.3
v -0.7 -0.5 0.2
v -0.8 -0.5 0.2
v -0.8 -0.5 0.3
v -0.7 -0.5 0.1
v -0.7 -0.6 0.1
v -0.6 -0.6 0.1
v -0.6 -0.5 0.1
v -0.7 -0.6 0
v -0.7 -0.5 0
v -0.6 -0.5 0
v -0.6 -0.6 0
v -0.6 -0.5 0.1
v -0.6 -0.6 0.1
v -0.5 -0.6 0.1
v -0.5 -0.5 0.1
v -0.6 -0.6 0
v -0.6 -0.5 0
v -0.5 -0.5 0
v -0.5 -0.6 0
v -0.5 -0.5 0.1
v -0.5 -0.6 0.1
v -0.4 -0.6 0.1
v -0.4 -0.5 0.1
v -0.5 -0.6 0
v -0.5 -0.5 0
v -0.4 -0.5 0
v -0.4 -0.6 0
v -0.4 -0.5 0.1
v -0.4 -0.6 0.1
v -0.3 -0.6 0.1
v -0.3 -0.5 0.1
v -0.4 -0.6 0
v -0.4 -0.5 0
v -0.3 -0.5 0
v -0.3 -0.6 0
v -0.3 -0.5 0.1
v -0.3 -0.6 0.1
v -0.2 -0.6 0.1
v -0.2 -0.5 0.1
v -0.3 -0.6 0
v -0.3 -0.5 0
v -0.2 -0.5 0
v -0.2 -0.6 0
v -0.2 -0.5 0.1
v -0.2 -0.6 0.1
v -0.1 -0.6 0.1
v -0.1 -0.5 0.1
v -0.2 -0.6 0
v -0.2 -0.5 0
v -0.1 -0.5 0
v -0.1 -0.6 0
v -0.1 -0.5 0.1
v -0.1 -0.6 0.1
v 0 -0.6 0.1
v 0 -0.5 0.1
v -0.1 -0.6 0
v -0.1 -0.5 0
v 0 -0.5 0
v 0 -0.6 0
v 0 -0.5 0.1
v 0 -0.6 0.1
v 0.1 -0.6 0.1
v 0.1 -0.5 0.1
v 0 -0.6 0
v 0 -0.5 0
v 0.1 -0.5 0
v 0.1 -0.6 0
v 0.1 -0.5 0.1
v 0.1 -0.6 0.1
v 0.2 -0.6 0.1
v 0.2 -0.5 0.1
v 0.1 -0.6 0
v 0.1 -0.5 0
v 0.2 -0.5 0
v 0.2 -0.6 0
v 0.2 -0.5 0.1
v 0.2 -0.6 0.1
v 0.3 -0.6 0.1
v 0.3 -0.5 0.1
v 0.2 -0.6 0
v 0.2 -0.5 0
v 0.3 -0.5 0
v 0.3 -0.6 0
v 0.3 -0.5 0.1
v 0.3 -0.6 0.1
v 0.4 -0.6 0.1
v 0.4 -0.5 0.1
v 0.3 -0.6 0
v 0.3 -0.5 0
v 0.4 -0.5 0
v 0.4 -0.6 0
v 0.4 -0.5 0.1
v 0.4 -0.6 0.1
v 0.5 -0.6 0.1
v 0.5 -0.5 0.1
v 0.4 -0.6 0
v 0.4 -0.5 0
v 0.5 -0.5 0
v 0.5 -0.6 0
v 0.5 -0.5 0.1
v 0.5 -0.6 0.1
v 0.6 -0.6 0.1
v 0.6 -0.5 0.1
v 0.5 -0.6 0
v 0.5 -0.5 0
v 0.6 -0.5 0
v 0.6 -0.6 0
v 0.6 -0.5 0.1
v 0.6 -0.6 0.1
v 0.7 -0.6 0.1
v 0.7 -0.5 0.1
v 0.6 -0.6 0
v 0.6 -0.5 0
v 0.7 -0.5 0
v 0.7 -0.6 0
v 0.7 -0.5 0.1
v 0.7 -0.6 0.1
v 0.8 -0.6 0.1
v 0.8 -0.5 0.1
v 0.7 -0.6 0
v 0.7 -0.5 0
v 0.8 -0.5 0
v 0.8 -0.6 0
v 0.8 -0.5 0.1
v 0.8 -0.6 0.1
v 0.9 -0.6 0.1
v 0.9 -0.5 0.1
v 0.8 -0.6 0
v 0.8 -0.5 0
v 0.9 -0.5 0
v 0.9 -0.6 0
v 0.9 -0.5 0.1
v 0.9 -0.6 0.1
v 1 -0.6 0.1
v 1 -0.5 0.1
v 0.9 -0.6 0
v 0.9 -0.5 0
v 1 -0.5 0
v 1 -0.6 0
v 1 -0.5 0.1
v 1 -0.6 0.1
v 1.1 -0.6 0.1
v 1.1 -0.5 0.1
v 1 -0.6 0
v 1 -0.5 0
v 1.1 -0.5 0
v 1.1 -0.6 0
v 1.2 -0.6 0.1
v 1.2 -0.6 0
v 1.2 -0.5 0
v 1.2 -0.5 0.1
v 1.1 -0.5 0.1
v 1.1 -0.6 0.1
v 1.2 -0.6 0.1
v 1.2 -0.5 0.1
v 1.1 -0.6 0
v 1.1 -0.5 0
v 1.2 -0.5 0
v 1.2 -0.6 0
v -1.2 -0.6 0.1
v -1.2 -0.6 0
v -1.2 -0.7 0
v -1.2 -0.7 0.1
v -1.2 -0.6 0.1
v -1.2 -0.7 0.1
v -1.1 -0.7 0.1
v -1.1 -0.6 0.1
v -1.2 -0.7 0
v -1.2 -0.6 0
v -1.1 -0.6 0
v -1.1 -0.7 0
v -1.1 -0.6 0.1
v -1.1 -0.7 0.1
v -1 -0.7 0.1
v -1 -0.6 0.1
v -1.1 -0.7 0
v -1.1 -0.6 0
v -1 -0.6 0
v -1 -0.7 0
v -1 -0.6 0.1
v -1 -0.7 0.1
v -0.9 -0.7 0.1
v -0.9 -0.6 0.1
v -1 -0.7 0
v -1 -0.6 0
v -0.9 -0.6 0
v -0.9 -0.7 0
v -0.9 -0.6 0.1
v -0.9 -0.7 0.1
v -0.8 -0.7 0.1
v -0.8 -0.6 0.1
v -0.9 -0.7 0
v -0.9 -0.6 0
v -0.8 -0.6 0
v -0.8 -0.7 0
v -0.8 -0.7 0
v -0.8 -0.6 0
v -0.7 -0.6 0
v -0.7 -0.7 0
v -0.8 -0.6 0.2
v -0.8 -0.6 0.1
v -0.8 -0.7 0.1
v -0.8 -0.7 0.2
v -0.7 -0.7 0.2
v -0.7 -0.7 0.1
v -0.7 -0.6 0.1
v -0.7 -0.6 0.2
v -0.8 -0.7 0.2
v -0.8 -0.7 0.1
v -0.7 -0.7 0.1
v -0.7 -0.7 0.2
v -0.8 -0.6 0.3
v -0.8 -0.6 0.2
v -0.8 -0.7 0.2
v -0.8 -0.7 0.3
v -0.7 -0.7 0.3
v -0.7 -0.7 0.2
v -0.7 -0.6 0.2
v -0.7 -0.6 0.3
v -0.8 -0.6 0.3
v -0.8 -0.7 0.3
v -0.7 -0.7 0.3
v -0.7 -0.6 0.3
v -0.8 -0.7 0.3
v -0.8 -0.7 0.2
v -0.7 -0.7 0.2
v -0.7 -0.7 0.3
v -0.7 -0.6 0.1
v -0.7 -0.7 0.1
v -0.6 -0.7 0.1
v -0.6 -0.6 0.1
v -0.7 -0.7 0
v -0.7 -0.6 0
v -0.6 -0.6 0
v -0.6 -0.7 0
v -0.6 -0.6 0.1
v -0.6 -0.7 0.1
v -0.5 -0.7 0.1
v -0.5 -0.6 0.1
v -0.6 -0.7 0
v -0.6 -0.6 0
v -0.5 -0.6 0
v -0.5 -0.7 0
v -0.5 -0.6 0.1
v -0.5 -0.7 0.1
v -0.4 -0.7 0.1
v -0.4 -0.6 0.1
v -0.5 -0.7 0
v -0.5 -0.6 0
v -0.4 -0.6 0
v -0.4 -0.7 0
v -0.4 -0.6 0.1
v -0.4 -0.7 0.1
v -0.3 -0.7 0.1
v -0.3 -0.6 0.1
v -0.4 -0.7 0
v -0.4 -0.6 0
v -0.3 -0.6 0
v -0.3 -0.7 0
v -0.3 -0.6 0.1
v -0.3 -0.7 0.1
v -0.2 -0.7 0.1
v -0.2 -0.6 0.1
v -0.3 -0.7 0
v -0.3 -0.6 0
v -0.2 -0.6 0
v -0.2 -0.7 0
v -0.2 -0.6 0.1
v -0.2 -0.7 0.1
v -0.1 -0.7 0.1
v -0.1 -0.6 0.1
v -0.2 -0.7 0
v -0.2 -0.6 0
v -0.1 -0.6 0
v -0.1 -0.7 0
v -0.1 -0.6 0.1
v -0.1 -0.7 0.1
v 0 -0.7 0.1
v 0 -0.6 0.1
v -0.1 -0.7 0
v -0.1 -0.6 0
v 0 -0.6 0
v 0 -0.7 0
v 0 -0.6 0.1
v 0 -0.7 0.1
v 0.1 -0.7 0.1
v 0.1 -0.6 0.1
v 0 -0.7 0
v 0 -0.6 0
v 0.1 -0.6 0
v 0.1 -0.7 0
v 0.1 -0.6 0.1
v 0.1 -0.7 0.1
v 0.2 -0.7 0.1
v 0.2 -0.6 0.1
v 0.1 -0.7 0
v 0.1 -0.6 0
v 0.2 -0.6 0
v 0.2 -0.7 0
v 0.2 -0.6 0.1
v 0.2 -0.7 0.1
v 0.3 -0.7 0.1
v 0.3 -0.6 0.1
v 0.2 -0.7 0
v 0.2 -0.6 0
v 0.3 -0.6 0
v 0.3 -0.7 0
v 0.3 -0.6 0.1
v 0.3 -0.7 0.1
v 0.4 -0.7 0.1
v 0.4 -0.6 0.1
v 0.3 -0.7 0
v 0.3 -0.6 0
v 0.4 -0.6 0
v 0.4 -0.7 0
v 0.4 -0.6 0.1
v 0.4 -0.7 0.1
v 0.5 -0.7 0.1
v 0.5 -0.6 0.1
v 0.4 -0.7 0
v 0.4 -0.6 0
v 0.5 -0.6 0
v 0.5 -0.7 0
v 0.5 -0.6 0.1
v 0.5 -0.7 0.1
v 0.6 -0.7 0.1
v 0.6 -0.6 0.1
v 0.5 -0.7 0
v 0.5 -0.6 0
v 0.6 -0.6 0
v 0.6 -0.7 0
v 0.6 -0.6 0.1
v 0.6 -0.7 0.1
v 0.7 -0.7 0.1
v 0.7 -0.6 0.1
v 0.6 -0.7 0
v 0.6 -0.6 0
v 0.7 -0.6 0
v 0.7 -0.7 0
v 0.7 -0.6 0.1
v 0.7 -0.7 0.1
v 0.8 -0.7 0.1
v 0.8 -0.6 0.1
v 0.7 -0.7 0
v 0.7 -0.6 0
v 0.8 -0.6 0
v 0.8 -0.7 0
v 0.8 -0.6 0.1
v 0.8 -0.7 0.1
v 0.9 -0.7 0.1
v 0.9 -0.6 0.1
v 0.8 -0.7 0
v 0.8 -0.6 0
v 0.9 -0.6 0
v 0.9 -0.7 0
v 0.9 -0.6 0.1
v 0.9 -0.7 0.1
v 1 -0.7 0.1
v 1 -0.6 0.1
v 0.9 -0.7 0
v 0.9 -0.6 0
v 1 -0.6 0
v 1 -0.7 0
v 1 -0.6 0.1
v 1 -0.7 0.1
v 1.1 -0.7 0.1
v 1.1 -0.6 0.1
v 1 -0.7 0
v 1 -0.6 0
v 1.1 -0.6 0
v 1.1 -0.7 0
v 1.2 -0.7 0.1
v 1.2 -0.7 0
v 1.2 -0.6 0
v 1.2 -0.6 0.1
v 1.1 -0.6 0.1
v 1.1 -0.7 0.1
v 1.2 -0.7 0.1
v 1.2 -0.6 0.1
v 1.1 -0.7 0
v 1.1 -0.6 0
v 1.2 -0.6 0
v 1.2 -0.7 0
v -1.2 -0.7 0.1
v -1.2 -0.7 0
v -1.2 -0.8 0
v -1.2 -0.8 0.1
v -1.2 -0.7 0.1
v -1.2 -0.8 0.1
v -1.1 -0.8 0.1
v -1.1 -0.7 0.1
v -1.2 -0.8 0
v -1.2 -0.7 0
v -1.1 -0.7 0
v -1.1 -0.8 0
v -1.1 -0.7 0.1
v -1.1 -0.8 0.1
v -1 -0.8 0.1
v -1 -0.7 0.1
v -1.1 -0.8 0
v -1.1 -0.7 0
v -1 -0.7 0
v -1 -0.8 0
v -1 -0.7 0.1
v -1 -0.8 0.1
v -0.9 -0.8 0.1
v -0.9 -0.7 0.1
v -1 -0.8 0
v -1 -0.7 0
v -0.9 -0.7 0
v -0.9 -0.8 0
v -0.9 -0.7 0.1
v -0.9 -0.8 0.1
v -0.8 -0.8 0.1
v -0.8 -0.7 0.1
v -0.9 -0.8 0
v -0.9 -0.7 0
v -0.8 -0.7 0
v -0.8 -0.8 0
v -0.8 -0.7 0.1
v -0.8 -0.8 0.1
v -0.7 -0.8 0.1
v -0.7 -0.7 0.1
v -0.8 -0.8 0
v -0.8 -0.7 0
v -0.7 -0.7 0
v -0.7 -0.8 0
v -0.7 -0.8 0
v -0.7 -0.7 0
v -0.6 -0.7 0
v -0.6 -0.8 0
v -0.7 -0.7 0.2
v -0.7 -0.7 0.1
v -0.7 -0.8 0.1
v -0.7 -0.8 0.2
v -0.7 -0.8 0.2
v -0.7 -0.8 0.1
v -0.6 -0.8 0.1
v -0.6 -0.8 0.2
v -0.6 -0.7 0.2
v -0.6 -0.7 0.1
v -0.7 -0.7 0.1
v -0.7 -0.7 0.2
v -0.7 -0.7 0.3
v -0.7 -0.7 0.2
v -0.7 -0.8 0.2
v -0.7 -0.8 0.3
v -0.7 -0.7 0.3
v -0.7 -0.8 0.3
v -0.6 -0.8 0.3
v -0.6 -0.7 0.3
v -0.7 -0.8 0.3
v -0.7 -0.8 0.2
v -0.6 -0.8 0.2
v -0.6 -0.8 0.3
v -0.6 -0.7 0.3
v -0.6 -0.7 0.2
v -0.7 -0.7 0.2
v -0.7 -0.7 0.3
v -0.6 -0.8 0
v -0.6 -0.7 0
v -0.5 -0.7 0
v -0.5 -0.8 0
v -0.6 -0.8 0.2
v -0.6 -0.8 0.1
v -0.5 -0.8 0.1
v -0.5 -0.8 0.2
v -0.5 -0.7 0.2
v -0.5 -0.7 0.1
v -0.6 -0.7 0.1
v -0.6 -0.7 0.2
v -0.6 -0.7 0.3
v -0.6 -0.8 0.3
v -0.5 -0.8 0.3
v -0.5 -0.7 0.3
v -0.6 -0.8 0.3
v -0.6 -0.8 0.2
v -0.5 -0.8 0.2
v -0.5 -0.8 0.3
v -0.5 -0.7 0.3
v -0.5 -0.7 0.2
v -0.6 -0.7 0.2
v -0.6 -0.7 0.3
v -0.5 -0.8 0
v -0.5 -0.7 0
v -0.4 -0.7 0
v -0.4 -0.8 0
v -0.4 -0.8 0.2
v -0.4 -0.8 0.1
v -0.4 -0.7 0.1
v -0.4 -0.7 0.2
v -0.4 -0.7 0.2
v -0.4 -0.7 0.1
v -0.5 -0.7 0.1
v -0.5 -0.7 0.2
v -0.4 -0.8 0.3
v -0.4 -0.8 0.2
v -0.4 -0.7 0.2
v -0.4 -0.7 0.3
v -0.5 -0.7 0.3
v -0.5 -0.8 0.3
v -0.4 -0.8 0.3
v -0.4 -0.7 0.3
v -0.4 -0.7 0.3
v -0.4 -0.7 0.2
v -0.5 -0.7 0.2
v -0.5 -0.7 0.3
v -0.4 -0.7 0.1
v -0.4 -0.8 0.1
v -0.3 -0.8 0.1
v -0.3 -0.7 0.1
v -0.4 -0.8 0
v -0.4 -0.7 0
v -0.3 -0.7 0
v -0.3 -0.8 0
v -0.3 -0.8 0
v -0.3 -0.7 0
v -0.2 -0.7 0
v -0.2 -0.8 0
v -0.3 -0.7 0.2
v -0.3 -0.7 0.1
v -0.3 -0.8 0.1
v -0.3 -0.8 0.2
v -0.2 -0.8 0.2
v -0.2 -0.8 0.1
v -0.2 -0.7 0.1
v -0.2 -0.7 0.2
v -0.3 -0.8 0.2
v -0.3 -0.8 0.1
v -0.2 -0.8 0.1
v -0.2 -0.8 0.2
v -0.2 -0.7 0.2
v -0.2 -0.7 0.1
v -0.3 -0.7 0.1
v -0.3 -0.7 0.2
v -0.3 -0.7 0.3
v -0.3 -0.7 0.2
v -0.3 -0.8 0.2
v -0.3 -0.8 0.3
v -0.2 -0.8 0.3
v -0.2 -0.8 0.2
v -0.2 -0.7 0.2
v -0.2 -0.7 0.3
v -0.3 -0.7 0.3
v -0.3 -0.8 0.3
v -0.2 -0.8 0.3
v -0.2 -0.7 0.3
v -0.3 -0.8 0.3
v -0.3 -0.8 0.2
v -0.2 -0.8 0.2
v -0.2 -0.8 0.3
v -0.2 -0.7 0.3
v -0.2 -0.7 0.2
v -0.3 -0.7 0.2
v -0.3 -0.7 0.3
v -0.2 -0.7 0.1
v -0.2 -0.8 0.1
v -0.1 -0.8 0.1
v -0.1 -0.7 0.1
v -0.2 -0.8 0
v -0.2 -0.7 0
v -0.1 -0.7 0
v -0.1 -0.8 0
v -0.1 -0.7 0.1
v -0.1 -0.8 0.1
v 0 -0.8 0.1
v 0 -0.7 0.1
v -0.1 -0.8 0
v -0.1 -0.7 0
v 0 -0.7 0
v 0 -0.8 0
v 0 -0.7 0.1
v 0 -0.8 0.1
v 0.1 -0.8 0.1
v 0.1 -0.7 0.1
v 0 -0.8 0
v 0 -0.7 0
v 0.1 -0.7 0
v 0.1 -0.8 0
v 0.1 -0.7 0.1
v 0.1 -0.8 0.1
v 0.2 -0.8 0.1
v 0.2 -0.7 0.1
v 0.1 -0.8 0
v 0.1 -0.7 0
v 0.2 -0.7 0
v 0.2 -0.8 0
v 0.2 -0.7 0.1
v 0.2 -0.8 0.1
v 0.3 -0.8 0.1
v 0.3 -0.7 0.1
v 0.2 -0.8 0
v 0.2 -0.7 0
v 0.3 -0.7 0
v 0.3 -0.8 0
v 0.3 -0.7 0.1
v 0.3 -0.8 0.1
v 0.4 -0.8 0.1
v 0.4 -0.7 0.1
v 0.3 -0.8 0
v 0.3 -0.7 0
v 0.4 -0.7 0
v 0.4 -0.8 0
v 0.4 -0.7 0.1
v 0.4 -0.8 0.1
v 0.5 -0.8 0.1
v 0.5 -0.7 0.1
v 0.4 -0.8 0
v 0.4 -0.7 0
v 0.5 -0.7 0
v 0.5 -0.8 0
v 0.5 -0.7 0.1
v 0.5 -0.8 0.1
v 0.6 -0.8 0.1
v 0.6 -0.7 0.1
v 0.5 -0.8 0
v 0.5 -0.7 0
v 0.6 -0.7 0
v 0.6 -0.8 0
v 0.6 -0.7 0.1
v 0.6 -0.8 0.1
v 0.7 -0.8 0.1
v 0.7 -0.7 0.1
v 0.6 -0.8 0
v 0.6 -0.7 0
v 0.7 -0.7 0
v 0.7 -0.8 0
v 0.7 -0.7 0.1
v 0.7 -0.8 0.1
v 0.8 -0.8 0.1
v 0.8 -0.7 0.1
v 0.7 -0.8 0
v 0.7 -0.7 0
v 0.8 -0.7 0
v 0.8 -0.8 0
v 0.8 -0.7 0.1
v 0.8 -0.8 0.1
v 0.9 -0.8 0.1
v 0.9 -0.7 0.1
v 0.8 -0.8 0
v 0.8 -0.7 0
v 0.9 -0.7 0
v 0.9 -0.8 0
v 0.9 -0.7 0.1
v 0.9 -0.8 0.1
v 1 -0.8 0.1
v 1 -0.7 0.1
v 0.9 -0.8 0
v 0.9 -0.7 0
v 1 -0.7 0
v 1 -0.8 0
v 1 -0.7 0.1
v 1 -0.8 0.1
v 1.1 -0.8 0.1
v 1.1 -0.7 0.1
v 1 -0.8 0
v 1 -0.7 0
v 1.1 -0.7 0
v 1.1 -0.8 0
v 1.2 -0.8 0.1
v 1.2 -0.8 0
v 1.2 -0.7 0
v 1.2 -0.7 0.1
v 1.1 -0.7 0.1
v 1.1 -0.8 0.1
v 1.2 -0.8 0.1
v 1.2 -0.7 0.1
v 1.1 -0.8 0
v 1.1 -0.7 0
v 1.2 -0.7 0
v 1.2 -0.8 0
v -1.2 -0.8 0.1
v -1.2 -0.8 0
v -1.2 -0.9 0
v -1.2 -0.9 0.1
v -1.2 -0.8 0.1
v -1.2 -0.9 0.1
v -1.1 -0.9 0.1
v -1.1 -0.8 0.1
v -1.2 -0.9 0
v -1.2 -0.8 0
v -1.1 -0.8 0
v -1.1 -0.9 0
v -1.1 -0.8 0.1
v -1.1 -0.9 0.1
v -1 -0.9 0.1
v -1 -0.8 0.1
v -1.1 -0.9 0
v -1.1 -0.8 0
v -1 -0.8 0
v -1 -0.9 0
v -1 -0.8 0.1
v -1 -0.9 0.1
v -0.9 -0.9 0.1
v -0.9 -0.8 0.1
v -1 -0.9 0
v -1 -0.8 0
v -0.9 -0.8 0
v -0.9 -0.9 0
v -0.9 -0.8 0.1
v -0.9 -0.9 0.1
v -0.8 -0.9 0.1
v -0.8 -0.8 0.1
v -0.9 -0.9 0
v -0.9 -0.8 0
v -0.8 -0.8 0
v -0.8 -0.9 0
v -0.8 -0.8 0.1
v -0.8 -0.9 0.1
v -0.7 -0.9 0.1
v -0.7 -0.8 0.1
v -0.8 -0.9 0
v -0.8 -0.8 0
v -0.7 -0.8 0
v -0.7 -0.9 0
v -0.7 -0.8 0.1
v -0.7 -0.9 0.1
v -0.6 -0.9 0.1
v -0.6 -0.8 0.1
v -0.7 -0.9 0
v -0.7 -0.8 0
v -0.6 -0.8 0
v -0.6 -0.9 0
v -0.6 -0.8 0.1
v -0.6 -0.9 0.1
v -0.5 -0.9 0.1
v -0.5 -0.8 0.1
v -0.6 -0.9 0
v -0.6 -0.8 0
v -0.5 -0.8 0
v -0.5 -0.9 0
v -0.5 -0.9 0
v -0.5 -0.8 0
v -0.4 -0.8 0
v -0.4 -0.9 0
v -0.5 -0.8 0.2
v -0.5 -0.8 0.1
v -0.5 -0.9 0.1
v -0.5 -0.9 0.2
v -0.4 -0.9 0.2
v -0.4 -0.9 0.1
v -0.4 -0.8 0.1
v -0.4 -0.8 0.2
v -0.5 -0.9 0.2
v -0.5 -0.9 0.1
v -0.4 -0.9 0.1
v -0.4 -0.9 0.2
v -0.5 -0.8 0.3
v -0.5 -0.8 0.2
v -0.5 -0.9 0.2
v -0.5 -0.9 0.3
v -0.4 -0.9 0.3
v -0.4 -0.9 0.2
v -0.4 -0.8 0.2
v -0.4 -0.8 0.3
v -0.5 -0.8 0.3
v -0.5 -0.9 0.3
v -0.4 -0.9 0.3
v -0.4 -0.8 0.3
v -0.5 -0.9 0.3
v -0.5 -0.9 0.2
v -0.4 -0.9 0.2
v -0.4 -0.9 0.3
v -0.4 -0.8 0.1
v -0.4 -0.9 0.1
v -0.3 -0.9 0.1
v -0.3 -0.8 0.1
v -0.4 -0.9 0
v -0.4 -0.8 0
v -0.3 -0.8 0
v -0.3 -0.9 0
v -0.3 -0.8 0.1
v -0.3 -0.9 0.1
v -0.2 -0.9 0.1
v -0.2 -0.8 0.1
v -0.3 -0.9 0
v -0.3 -0.8 0
v -0.2 -0.8 0
v -0.2 -0.9 0
v -0.2 -0.8 0.1
v -0.2 -0.9 0.1
v -0.1 -0.9 0.1
v -0.1 -0.8 0.1
v -0.2 -0.9 0
v -0.2 -0.8 0
v -0.1 -0.8 0
v -0.1 -0.9 0
v -0.1 -0.8 0.1
v -0.1 -0.9 0.1
v 0 -0.9 0.1
v 0 -0.8 0.1
v -0.1 -0.9 0
v -0.1 -0.8 0
v 0 -0.8 0
v 0 -0.9 0
v 0 -0.8 0.1
v 0 -0.9 0.1
v 0.1 -0.9 0.1
v 0.1 -0.8 0.1
v 0 -0.9 0
v 0 -0.8 0
v 0.1 -0.8 0
v 0.1 -0.9 0
v 0.1 -0.8 0.1
v 0.1 -0.9 0.1
v 0.2 -0.9 0.1
v 0.2 -0.8 0.1
v 0.1 -0.9 0
v 0.1 -0.8 0
v 0.2 -0.8 0
v 0.2 -0.9 0
v 0.2 -0.8 0.1
v 0.2 -0.9 0.1
v 0.3 -0.9 0.1
v 0.3 -0.8 0.1
v 0.2 -0.9 0
v 0.2 -0.8 0
v 0.3 -0.8 0
v 0.3 -0.9 0
v 0.3 -0.8 0.1
v 0.3 -0.9 0.1
v 0.4 -0.9 0.1
v 0.4 -0.8 0.1
v 0.3 -0.9 0
v 0.3 -0.8 0
v 0.4 -0.8 0
v 0.4 -0.9 0
v 0.4 -0.8 0.1
v 0.4 -0.9 0.1
v 0.5 -0.9 0.1
v 0.5 -0.8 0.1
v 0.4 -0.9 0
v 0.4 -0.8 0
v 0.5 -0.8 0
v 0.5 -0.9 0
v 0.5 -0.8 0.1
v 0.5 -0.9 0.1
v 0.6 -0.9 0.1
v 0.6 -0.8 0.1
v 0.5 -0.9 0
v 0.5 -0.8 0
v 0.6 -0.8 0
v 0.6 -0.9 0
v 0.6 -0.8 0.1
v 0.6 -0.9 0.1
v 0.7 -0.9 0.1
v 0.7 -0.8 0.1
v 0.6 -0.9 0
v 0.6 -0.8 0
v 0.7 -0.8 0
v 0.7 -0.9 0
v 0.7 -0.8 0.1
v 0.7 -0.9 0.1
v 0.8 -0.9 0.1
v 0.8 -0.8 0.1
v 0.7 -0.9 0
v 0.7 -0.8 0
v 0.8 -0.8 0
v 0.8 -0.9 0
v 0.8 -0.8 0.1
v 0.8 -0.9 0.1
v 0.9 -0.9 0.1
v 0.9 -0.8 0.1
v 0.8 -0.9 0
v 0.8 -0.8 0
v 0.9 -0.8 0
v 0.9 -0.9 0
v 0.9 -0.8 0.1
v 0.9 -0.9 0.1
v 1 -0.9 0.1
v 1 -0.8 0.1
v 0.9 -0.9 0
v 0.9 -0.8 0
v 1 -0.8 0
v 1 -0.9 0
v 1 -0.8 0.1
v 1 -0.9 0.1
v 1.1 -0.9 0.1
v 1.1 -0.8 0.1
v 1 -0.9 0
v 1 -0.8 0
v 1.1 -0.8 0
v 1.1 -0.9 0
v 1.2 -0.9 0.1
v 1.2 -0.9 0
v 1.2 -0.8 0
v 1.2 -0.8 0.1
v 1.1 -0.8 0.1
v 1.1 -0.9 0.1
v 1.2 -0.9 0.1
v 1.2 -0.8 0.1
v 1.1 -0.9 0
v 1.1 -0.8 0
v 1.2 -0.8 0
v 1.2 -0.9 0
v -1.2 -0.9 0.1
v -1.2 -0.9 0
v -1.2 -1 0
v -1.2 -1 0.1
v -1.2 -0.9 0.1
v -1.2 -1 0.1
v -1.1 -1 0.1
v -1.1 -0.9 0.1
v -1.2 -1 0
v -1.2 -0.9 0
v -1.1 -0.9 0
v -1.1 -1 0
v -1.1 -0.9 0.1
v -1.1 -1 0.1
v -1 -1 0.1
v -1 -0.9 0.1
v -1.1 -1 0
v -1.1 -0.9 0
v -1 -0.9 0
v -1 -1 0
v -1 -0.9 0.1
v -1 -1 0.1
v -0.9 -1 0.1
v -0.9 -0.9 0.1
v -1 -1 0
v -1 -0.9 0
v -0.9 -0.9 0
v -0.9 -1 0
v -0.9 -1 0
v -0.9 -0.9 0
v -0.8 -0.9 0
v -0.8 -1 0
v -0.9 -0.9 0.2
v -0.9 -0.9 0.1
v -0.9 -1 0.1
v -0.9 -1 0.2
v -0.9 -1 0.2
v -0.9 -1 0.1
v -0.8 -1 0.1
v -0.8 -1 0.2
v -0.8 -0.9 0.2
v -0.8 -0.9 0.1
v -0.9 -0.9 0.1
v -0.9 -0.9 0.2
v -0.9 -0.9 0.3
v -0.9 -0.9 0.2
v -0.9 -1 0.2
v -0.9 -1 0.3
v -0.9 -0.9 0.3
v -0.9 -1 0.3
v -0.8 -1 0.3
v -0.8 -0.9 0.3
v -0.9 -1 0.3
v -0.9 -1 0.2
v -0.8 -1 0.2
v -0.8 -1 0.3
v -0.8 -0.9 0.3
v -0.8 -0.9 0.2
v -0.9 -0.9 0.2
v -0.9 -0.9 0.3
v -0.8 -1 0
v -0.8 -0.9 0
v -0.7 -0.9 0
v -0.7 -1 0
v -0.7 -1 0.2
v -0.7 -1 0.1
v -0.7 -0.9 0.1
v -0.7 -0.9 0.2
v -0.7 -0.9 0.2
v -0.7 -0.9 0.1
v -0.8 -0.9 0.1
v -0.8 -0.9 0.2
v -0.7 -1 0.3
v -0.7 -1 0.2
v -0.7 -0.9 0.2
v -0.7 -0.9 0.3
v -0.8 -0.9 0.3
v -0.8 -1 0.3
v -0.7 -1 0.3
v -0.7 -0.9 0.3
v -0.7 -0.9 0.3
v -0.7 -0.9 0.2
v -0.8 -0.9 0.2
v -0.8 -0.9 0.3
v -0.7 -0.9 0.1
v -0.7 -1 0.1
v -0.6 -1 0.1
v -0.6 -0.9 0.1
v -0.7 -1 0
v -0.7 -0.9 0
v -0.6 -0.9 0
v -0.6 -1 0
v -0.6 -0.9 0.1
v -0.6 -1 0.1
v -0.5 -1 0.1
v -0.5 -0.9 0.1
v -0.6 -1 0
v -0.6 -0.9 0
v -0.5 -0.9 0
v -0.5 -1 0
v -0.5 -0.9 0.1
v -0.5 -1 0.1
v -0.4 -1 0.1
v -0.4 -0.9 0.1
v -0.5 -1 0
v -0.5 -0.9 0
v -0.4 -0.9 0
v -0.4 -1 0
v -0.4 -1 0
v -0.4 -0.9 0
v -0.3 -0.9 0
v -0.3 -1 0
v -0.4 -0.9 0.2
v -0.4 -0.9 0.1
v -0.4 -1 0.1
v -0.4 -1 0.2
v -0.4 -1 0.2
v -0.4 -1 0.1
v -0.3 -1 0.1
v -0.3 -1 0.2
v -0.3 -0.9 0.2
v -0.3 -0.9 0.1
v -0.4 -0.9 0.1
v -0.4 -0.9 0.2
v -0.4 -0.9 0.3
v -0.4 -0.9 0.2
v -0.4 -1 0.2
v -0.4 -1 0.3
v -0.4 -0.9 0.3
v -0.4 -1 0.3
v -0.3 -1 0.3
v -0.3 -0.9 0.3
v -0.4 -1 0.3
v -0.4 -1 0.2
v -0.3 -1 0.2
v -0.3 -1 0.3
v -0.3 -0.9 0.3
v -0.3 -0.9 0.2
v -0.4 -0.9 0.2
v -0.4 -0.9 0.3
v -0.3 -1 0
v -0.3 -0.9 0
v -0.2 -0.9 0
v -0.2 -1 0
v -0.2 -1 0.2
v -0.2 -1 0.1
v -0.2 -0.9 0.1
v -0.2 -0.9 0.2
v -0.3 -1 0.2
v -0.3 -1 0.1
v -0.2 -1 0.1
v -0.2 -1 0.2
v -0.2 -0.9 0.2
v -0.2 -0.9 0.1
v -0.3 -0.9 0.1
v -0.3 -0.9 0.2
v -0.2 -1 0.3
v -0.2 -1 0.2
v -0.2 -0.9 0.2
v -0.2 -0.9 0.3
v -0.3 -0.9 0.3
v -0.3 -1 0.3
v -0.2 -1 0.3
v -0.2 -0.9 0.3
v -0.3 -1 0.3
v -0.3 -1 0.2
v -0.2 -1 0.2
v -0.2 -1 0.3
v -0.2 -0.9 0.3
v -0.2 -0.9 0.2
v -0.3 -0.9 0.2
v -0.3 -0.9 0.3
v -0.2 -0.9 0.1
v -0.2 -1 0.1
v -0.1 -1 0.1
v -0.1 -0.9 0.1
v -0.2 -1 0
v -0.2 -0.9 0
v -0.1 -0.9 0
v -0.1 -1 0
v -0.1 -0.9 0.1
v -0.1 -1 0.1
v 0 -1 0.1
v 0 -0.9 0.1
v -0.1 -1 0
v -0.1 -0.9 0
v 0 -0.9 0
v 0 -1 0
v 0 -0.9 0.1
v 0 -1 0.1
v 0.1 -1 0.1
v 0.1 -0.9 0.1
v 0 -1 0
v 0 -0.9 0
v 0.1 -0.9 0
v 0.1 -1 0
v 0.1 -0.9 0.1
v 0.1 -1 0.1
v 0.2 -1 0.1
v 0.2 -0.9 0.1
v 0.1 -1 0
v 0.1 -0.9 0
v 0.2 -0.9 0
v 0.2 -1 0
v 0.2 -0.9 0.1
v 0.2 -1 0.1
v 0.3 -1 0.1
v 0.3 -0.9 0.1
v 0.2 -1 0
v 0.2 -0.9 0
v 0.3 -0.9 0
v 0.3 -1 0
v 0.3 -0.9 0.1
v 0.3 -1 0.1
v 0.4 -1 0.1
v 0.4 -0.9 0.1
v 0.3 -1 0
v 0.3 -0.9 0
v 0.4 -0.9 0
v 0.4 -1 0
v 0.4 -0.9 0.1
v 0.4 -1 0.1
v 0.5 -1 0.1
v 0.5 -0.9 0.1
v 0.4 -1 0
v 0.4 -0.9 0
v 0.5 -0.9 0
v 0.5 -1 0
v 0.5 -0.9 0.1
v 0.5 -1 0.1
v 0.6 -1 0.1
v 0.6 -0.9 0.1
v 0.5 -1 0
v 0.5 -0.9 0
v 0.6 -0.9 0
v 0.6 -1 0
v 0.6 -0.9 0.1
v 0.6 -1 0.1
v 0.7 -1 0.1
v 0.7 -0.9 0.1
v 0.6 -1 0
v 0.6 -0.9 0
v 0.7 -0.9 0
v 0.7 -1 0
v 0.7 -0.9 0.1
v 0.7 -1 0.1
v 0.8 -1 0.1
v 0.8 -0.9 0.1
v 0.7 -1 0
v 0.7 -0.9 0
v 0.8 -0.9 0
v 0.8 -1 0
v 0.8 -0.9 0.1
v 0.8 -1 0.1
v 0.9 -1 0.1
v 0.9 -0.9 0.1
v 0.8 -1 0
v 0.8 -0.9 0
v 0.9 -0.9 0
v 0.9 -1 0
v 0.9 -0.9 0.1
v 0.9 -1 0.1
v 1 -1 0.1
v 1 -0.9 0.1
v 0.9 -1 0
v 0.9 -0.9 0
v 1 -0.9 0
v 1 -1 0
v 1 -0.9 0.1
v 1 -1 0.1
v 1.1 -1 0.1
v 1.1 -0.9 0.1
v 1 -1 0
v 1 -0.9 0
v 1.1 -0.9 0
v 1.1 -1 0
v 1.2 -1 0.1
v 1.2 -1 0
v 1.2 -0.9 0
v 1.2 -0.9 0.1
v 1.1 -0.9 0.1
v 1.1 -1 0.1
v 1.2 -1 0.1
v 1.2 -0.9 0.1
v 1.1 -1 0
v 1.1 -0.9 0
v 1.2 -0.9 0
v 1.2 -1 0
v -1.2 -1 0.1
v -1.2 -1 0
v -1.2 -1.1 0
v -1.2 -1.1 0.1
v -1.2 -1 0.1
v -1.2 -1.1 0.1
v -1.1 -1.1 0.1
v -1.1 -1 0.1
v -1.2 -1.1 0
v -1.2 -1 0
v -1.1 -1 0
v -1.1 -1.1 0
v -1.1 -1.1 0
v -1.1 -1 0
v -1 -1 0
v -1 -1.1 0
v -1.1 -1 0.2
v -1.1 -1 0.1
v -1.1 -1.1 0.1
v -1.1 -1.1 0.2
v -1 -1.1 0.2
v -1 -1.1 0.1
v -1 -1 0.1
v -1 -1 0.2
v -1.1 -1.1 0.2
v -1.1 -1.1 0.1
v -1 -1.1 0.1
v -1 -1.1 0.2
v -1 -1 0.2
v -1 -1 0.1
v -1.1 -1 0.1
v -1.1 -1 0.2
v -1.1 -1 0.3
v -1.1 -1 0.2
v -1.1 -1.1 0.2
v -1.1 -1.1 0.3
v -1 -1.1 0.3
v -1 -1.1 0.2
v -1 -1 0.2
v -1 -1 0.3
v -1.1 -1 0.3
v -1.1 -1.1 0.3
v -1 -1.1 0.3
v -1 -1 0.3
v -1.1 -1.1 0.3
v -1.1 -1.1 0.2
v -1 -1.1 0.2
v -1 -1.1 0.3
v -1 -1 0.3
v -1 -1 0.2
v -1.1 -1 0.2
v -1.1 -1 0.3
v -1 -1 0.1
v -1 -1.1 0.1
v -0.9 -1.1 0.1
v -0.9 -1 0.1
v -1 -1.1 0
v -1 -1 0
v -0.9 -1 0
v -0.9 -1.1 0
v -0.9 -1 0.1
v -0.9 -1.1 0.1
v -0.8 -1.1 0.1
v -0.8 -1 0.1
v -0.9 -1.1 0
v -0.9 -1 0
v -0.8 -1 0
v -0.8 -1.1 0
v -0.8 -1.1 0
v -0.8 -1 0
v -0.7 -1 0
v -0.7 -1.1 0
v -0.8 -1 0.2
v -0.8 -1 0.1
v -0.8 -1.1 0.1
v -0.8 -1.1 0.2
v -0.7 -1.1 0.2
v -0.7 -1.1 0.1
v -0.7 -1 0.1
v -0.7 -1 0.2
v -0.8 -1.1 0.2
v -0.8 -1.1 0.1
v -0.7 -1.1 0.1
v -0.7 -1.1 0.2
v -0.8 -1 0.3
v -0.8 -1 0.2
v -0.8 -1.1 0.2
v -0.8 -1.1 0.3
v -0.7 -1.1 0.3
v -0.7 -1.1 0.2
v -0.7 -1 0.2
v -0.7 -1 0.3
v -0.8 -1 0.3
v -0.8 -1.1 0.3
v -0.7 -1.1 0.3
v -0.7 -1 0.3
v -0.8 -1.1 0.3
v -0.8 -1.1 0.2
v -0.7 -1.1 0.2
v -0.7 -1.1 0.3
v -0.7 -1 0.1
v -0.7 -1.1 0.1
v -0.6 -1.1 0.1
v -0.6 -1 0.1
v -0.7 -1.1 0
v -0.7 -1 0
v -0.6 -1 0
v -0.6 -1.1 0
v -0.6 -1 0.1
v -0.6 -1.1 0.1
v -0.5 -1.1 0.1
v -0.5 -1 0.1
v -0.6 -1.1 0
v -0.6 -1 0
v -0.5 -1 0
v -0.5 -1.1 0
v -0.5 -1 0.1
v -0.5 -1.1 0.1
v -0.4 -1.1 0.1
v -0.4 -1 0.1
v -0.5 -1.1 0
v -0.5 -1 0
v -0.4 -1 0
v -0.4 -1.1 0
v -0.4 -1 0.1
v -0.4 -1.1 0.1
v -0.3 -1.1 0.1
v -0.3 -1 0.1
v -0.4 -1.1 0
v -0.4 -1 0
v -0.3 -1 0
v -0.3 -1.1 0
v -0.3 -1 0.1
v -0.3 -1.1 0.1
v -0.2 -1.1 0.1
v -0.2 -1 0.1
v -0.3 -1.1 0
v -0.3 -1 0
v -0.2 -1 0
v -0.2 -1.1 0
v -0.2 -1 0.1
v -0.2 -1.1 0.1
v -0.1 -1.1 0.1
v -0.1 -1 0.1
v -0.2 -1.1 0
v -0.2 -1 0
v -0.1 -1 0
v -0.1 -1.1 0
v -0.1 -1 0.1
v -0.1 -1.1 0.1
v 0 -1.1 0.1
v 0 -1 0.1
v -0.1 -1.1 0
v -0.1 -1 0
v 0 -1 0
v 0 -1.1 0
v 0 -1 0.1
v 0 -1.1 0.1
v 0.1 -1.1 0.1
v 0.1 -1 0.1
v 0 -1.1 0
v 0 -1 0
v 0.1 -1 0
v 0.1 -1.1 0
v 0.1 -1 0.1
v 0.1 -1.1 0.1
v 0.2 -1.1 0.1
v 0.2 -1 0.1
v 0.1 -1.1 0
v 0.1 -1 0
v 0.2 -1 0
v 0.2 -1.1 0
v 0.2 -1 0.1
v 0.2 -1.1 0.1
v 0.3 -1.1 0.1
v 0.3 -1 0.1
v 0.2 -1.1 0
v 0.2 -1 0
v 0.3 -1 0
v 0.3 -1.1 0
v 0.3 -1 0.1
v 0.3 -1.1 0.1
v 0.4 -1.1 0.1
v 0.4 -1 0.1
v 0.3 -1.1 0
v 0.3 -1 0
v 0.4 -1 0
v 0.4 -1.1 0
v 0.4 -1 0.1
v 0.4 -1.1 0.1
v 0.5 -1.1 0.1
v 0.5 -1 0.1
v 0.4 -1.1 0
v 0.4 -1 0
v 0.5 -1 0
v 0.5 -1.1 0
v 0.5 -1 0.1
v 0.5 -1.1 0.1
v 0.6 -1.1 0.1
v 0.6 -1 0.1
v 0.5 -1.1 0
v 0.5 -1 0
v 0.6 -1 0
v 0.6 -1.1 0
v 0.6 -1 0.1
v 0.6 -1.1 0.1
v 0.7 -1.1 0.1
v 0.7 -1 0.1
v 0.6 -1.1 0
v 0.6 -1 0
v 0.7 -1 0
v 0.7 -1.1 0
v 0.7 -1 0.1
v 0.7 -1.1 0.1
v 0.8 -1.1 0.1
v 0.8 -1 0.1
v 0.7 -1.1 0
v 0.7 -1 0
v 0.8 -1 0
v 0.8 -1.1 0
v 0.8 -1 0.1
v 0.8 -1.1 0.1
v 0.9 -1.1 0.1
v 0.9 -1 0.1
v 0.8 -1.1 0
v 0.8 -1 0
v 0.9 -1 0
v 0.9 -1.1 0
v 0.9 -1 0.1
v 0.9 -1.1 0.1
v 1 -1.1 0.1
v 1 -1 0.1
v 0.9 -1.1 0
v 0.9 -1 0
v 1 -1 0
v 1 -1.1 0
v 1 -1 0.1
v 1 -1.1 0.1
v 1.1 -1.1 0.1
v 1.1 -1 0.1
v 1 -1.1 0
v 1 -1 0
v 1.1 -1 0
v 1.1 -1.1 0
v 1.2 -1.1 0.1
v 1.2 -1.1 0
v 1.2 -1 0
v 1.2 -1 0.1
v 1.1 -1 0.1
v 1.1 -1.1 0.1
v 1.2 -1.1 0.1
v 1.2 -1 0.1
v 1.1 -1.1 0
v 1.1 -1 0
v 1.2 -1 0
v 1.2 -1.1 0
v -1.2 -1.1 0.1
v -1.2 -1.1 0
v -1.2 -1.2 0
v -1.2 -1.2 0.1
v -1.2 -1.1 0.1
v -1.2 -1.2 0.1
v -1.1 -1.2 0.1
v -1.1 -1.1 0.1
v -1.2 -1.2 0
v -1.2 -1.1 0
v -1.1 -1.1 0
v -1.1 -1.2 0
v -1.2 -1.2 0.1
v -1.2 -1.2 0
v -1.1 -1.2 0
v -1.1 -1.2 0.1
v -1.1 -1.1 0.1
v -1.1 -1.2 0.1
v -1 -1.2 0.1
v -1 -1.1 0.1
v -1.1 -1.2 0
v -1.1 -1.1 0
v -1 -1.1 0
v -1 -1.2 0
v -1.1 -1.2 0.1
v -1.1 -1.2 0
v -1 -1.2 0
v -1 -1.2 0.1
v -1 -1.1 0.1
v -1 -1.2 0.1
v -0.9 -1.2 0.1
v -0.9 -1.1 0.1
v -1 -1.2 0
v -1 -1.1 0
v -0.9 -1.1 0
v -0.9 -1.2 0
v -1 -1.2 0.1
v -1 -1.2 0
v -0.9 -1.2 0
v -0.9 -1.2 0.1
v -0.9 -1.1 0.1
v -0.9 -1.2 0.1
v -0.8 -1.2 0.1
v -0.8 -1.1 0.1
v -0.9 -1.2 0
v -0.9 -1.1 0
v -0.8 -1.1 0
v -0.8 -1.2 0
v -0.9 -1.2 0.1
v -0.9 -1.2 0
v -0.8 -1.2 0
v -0.8 -1.2 0.1
v -0.8 -1.1 0.1
v -0.8 -1.2 0.1
v -0.7 -1.2 0.1
v -0.7 -1.1 0.1
v -0.8 -1.2 0
v -0.8 -1.1 0
v -0.7 -1.1 0
v -0.7 -1.2 0
v -0.8 -1.2 0.1
v -0.8 -1.2 0
v -0.7 -1.2 0
v -0.7 -1.2 0.1
v -0.7 -1.1 0.1
v -0.7 -1.2 0.1
v -0.6 -1.2 0.1
v -0.6 -1.1 0.1
v -0.7 -1.2 0
v -0.7 -1.1 0
v -0.6 -1.1 0
v -0.6 -1.2 0
v -0.7 -1.2 0.1
v -0.7 -1.2 0
v -0.6 -1.2 0
v -0.6 -1.2 0.1
v -0.6 -1.2 0
v -0.6 -1.1 0
v -0.5 -1.1 0
v -0.5 -1.2 0
v -0.6 -1.2 0.1
v -0.6 -1.2 0
v -0.5 -1.2 0
v -0.5 -1.2 0.1
v -0.6 -1.1 0.2
v -0.6 -1.1 0.1
v -0.6 -1.2 0.1
v -0.6 -1.2 0.2
v -0.5 -1.2 0.2
v -0.5 -1.2 0.1
v -0.5 -1.1 0.1
v -0.5 -1.1 0.2
v -0.6 -1.2 0.2
v -0.6 -1.2 0.1
v -0.5 -1.2 0.1
v -0.5 -1.2 0.2
v -0.5 -1.1 0.2
v -0.5 -1.1 0.1
v -0.6 -1.1 0.1
v -0.6 -1.1 0.2
v -0.6 -1.1 0.3
v -0.6 -1.1 0.2
v -0.6 -1.2 0.2
v -0.6 -1.2 0.3
v -0.5 -1.2 0.3
v -0.5 -1.2 0.2
v -0.5 -1.1 0.2
v -0.5 -1.1 0.3
v -0.6 -1.1 0.3
v -0.6 -1.2 0.3
v -0.5 -1.2 0.3
v -0.5 -1.1 0.3
v -0.6 -1.2 0.3
v -0.6 -1.2 0.2
v -0.5 -1.2 0.2
v -0.5 -1.2 0.3
v -0.5 -1.1 0.3
v -0.5 -1.1 0.2
v -0.6 -1.1 0.2
v -0.6 -1.1 0.3
v -0.5 -1.1 0.1
v -0.5 -1.2 0.1
v -0.4 -1.2 0.1
v -0.4 -1.1 0.1
v -0.5 -1.2 0
v -0.5 -1.1 0
v -0.4 -1.1 0
v -0.4 -1.2 0
v -0.5 -1.2 0.1
v -0.5 -1.2 0
v -0.4 -1.2 0
v -0.4 -1.2 0.1
v -0.4 -1.2 0
v -0.4 -1.1 0
v -0.3 -1.1 0
v -0.3 -1.2 0
v -0.4 -1.2 0.1
v -0.4 -1.2 0
v -0.3 -1.2 0
v -0.3 -1.2 0.1
v -0.4 -1.1 0.2
v -0.4 -1.1 0.1
v -0.4 -1.2 0.1
v -0.4 -1.2 0.2
v -0.4 -1.2 0.2
v -0.4 -1.2 0.1
v -0.3 -1.2 0.1
v -0.3 -1.2 0.2
v -0.3 -1.1 0.2
v -0.3 -1.1 0.1
v -0.4 -1.1 0.1
v -0.4 -1.1 0.2
v -0.4 -1.1 0.3
v -0.4 -1.1 0.2
v -0.4 -1.2 0.2
v -0.4 -1.2 0.3
v -0.4 -1.1 0.3
v -0.4 -1.2 0.3
v -0.3 -1.2 0.3
v -0.3 -1.1 0.3
v -0.4 -1.2 0.3
v -0.4 -1.2 0.2
v -0.3 -1.2 0.2
v -0.3 -1.2 0.3
v -0.3 -1.1 0.3
v -0.3 -1.1 0.2
v -0.4 -1.1 0.2
v -0.4 -1.1 0.3
v -0.3 -1.2 0
v -0.3 -1.1 0
v -0.2 -1.1 0
v -0.2 -1.2 0
v -0.3 -1.2 0.1
v -0.3 -1.2 0
v -0.2 -1.2 0
v -0.2 -1.2 0.1
v -0.2 -1.2 0.2
v -0.2 -1.2 0.1
v -0.2 -1.1 0.1
v -0.2 -1.1 0.2
v -0.3 -1.2 0.2
v -0.3 -1.2 0.1
v -0.2 -1.2 0.1
v -0.2 -1.2 0.2
v -0.2 -1.1 0.2
v -0.2 -1.1 0.1
v -0.3 -1.1 0.1
v -0.3 -1.1 0.2
v -0.2 -1.2 0.3
v -0.2 -1.2 0.2
v -0.2 -1.1 0.2
v -0.2 -1.1 0.3
v -0.3 -1.1 0.3
v -0.3 -1.2 0.3
v -0.2 -1.2 0.3
v -0.2 -1.1 0.3
v -0.3 -1.2 0.3
v -0.3 -1.2 0.2
v -0.2 -1.2 0.2
v -0.2 -1.2 0.3
v -0.2 -1.1 0.3
v -0.2 -1.1 0.2
v -0.3 -1.1 0.2
v -0.3 -1.1 0.3
v -0.2 -1.1 0.1
v -0.2 -1.2 0.1
v -0.1 -1.2 0.1
v -0.1 -1.1 0.1
v -0.2 -1.2 0
v -0.2 -1.1 0
v -0.1 -1.1 0
v -0.1 -1.2 0
v -0.2 -1.2 0.1
v -0.2 -1.2 0
v -0.1 -1.2 0
v -0.1 -1.2 0.1
v -0.1 -1.1 0.1
v -0.1 -1.2 0.1
v 0 -1.2 0.1
v 0 -1.1 0.1
v -0.1 -1.2 0
v -0.1 -1.1 0
v 0 -1.1 0
v 0 -1.2 0
v -0.1 -1.2 0.1
v -0.1 -1.2 0
v 0 -1.2 0
v 0 -1.2 0.1
v 0 -1.1 0.1
v 0 -1.2 0.1
v 0.1 -1.2 0.1
v 0.1 -1.1 0.1
v 0 -1.2 0
v 0 -1.1 0
v 0.1 -1.1 0
v 0.1 -1.2 0
v 0 -1.2 0.1
v 0 -1.2 0
v 0.1 -1.2 0
v 0.1 -1.2 0.1
v 0.1 -1.1 0.1
v 0.1 -1.2 0.1
v 0.2 -1.2 0.1
v 0.2 -1.1 0.1
v 0.1 -1.2 0
v 0.1 -1.1 0
v 0.2 -1.1 0
v 0.2 -1.2 0
v 0.1 -1.2 0.1
v 0.1 -1.2 0
v 0.2 -1.2 0
v 0.2 -1.2 0.1
v 0.2 -1.1 0.1
v 0.2 -1.2 0.1
v 0.3 -1.2 0.1
v 0.3 -1.1 0.1
v 0.2 -1.2 0
v 0.2 -1.1 0
v 0.3 -1.1 0
v 0.3 -1.2 0
v 0.2 -1.2 0.1
v 0.2 -1.2 0
v 0.3 -1.2 0
v 0.3 -1.2 0.1
v 0.3 -1.1 0.1
v 0.3 -1.2 0.1
v 0.4 -1.2 0.1
v 0.4 -1.1 0.1
v 0.3 -1.2 0
v 0.3 -1.1 0
v 0.4 -1.1 0
v 0.4 -1.2 0
v 0.3 -1.2 0.1
v 0.3 -1.2 0
v 0.4 -1.2 0
v 0.4 -1.2 0.1
v 0.4 -1.1 0.1
v 0.4 -1.2 0.1
v 0.5 -1.2 0.1
v 0.5 -1.1 0.1
v 0.4 -1.2 0
v 0.4 -1.1 0
v 0.5 -1.1 0
v 0.5 -1.2 0
v 0.4 -1.2 0.1
v 0.4 -1.2 0
v 0.5 -1.2 0
v 0.5 -1.2 0.1
v 0.5 -1.1 0.1
v 0.5 -1.2 0.1
v 0.6 -1.2 0.1
v 0.6 -1.1 0.1
v 0.5 -1.2 0
v 0.5 -1.1 0
v 0.6 -1.1 0
v 0.6 -1.2 0
v 0.5 -1.2 0.1
v 0.5 -1.2 0
v 0.6 -1.2 0
v 0.6 -1.2 0.1
v 0.6 -1.1 0.1
v 0.6 -1.2 0.1
v 0.7 -1.2 0.1
v 0.7 -1.1 0.1
v 0.6 -1.2 0
v 0.6 -1.1 0
v 0.7 -1.1 0
v 0.7 -1.2 0
v 0.6 -1.2 0.1
v 0.6 -1.2 0
v 0.7 -1.2 0
v 0.7 -1.2 0.1
v 0.7 -1.1 0.1
v 0.7 -1.2 0.1
v 0.8 -1.2 0.1
v 0.8 -1.1 0.1
v 0.7 -1.2 0
v 0.7 -1.1 0
v 0.8 -1.1 0
v 0.8 -1.2 0
v 0.7 -1.2 0.1
v 0.7 -1.2 0
v 0.8 -1.2 0
v 0.8 -1.2 0.1
v 0.8 -1.1 0.1
v 0.8 -1.2 0.1
v 0.9 -1.2 0.1
v 0.9 -1.1 0.1
v 0.8 -1.2 0
v 0.8 -1.1 0
v 0.9 -1.1 0
v 0.9 -1.2 0
v 0.8 -1.2 0.1
v 0.8 -1.2 0
v 0.9 -1.2 0
v 0.9 -1.2 0.1
v 0.9 -1.1 0.1
v 0.9 -1.2 0.1
v 1 -1.2 0.1
v 1 -1.1 0.1
v 0.9 -1.2 0
v 0.9 -1.1 0
v 1 -1.1 0
v 1 -1.2 0
v 0.9 -1.2 0.1
v 0.9 -1.2 0
v 1 -1.2 0
v 1 -1.2 0.1
v 1 -1.1 0.1
v 1 -1.2 0.1
v 1.1 -1.2 0.1
v 1.1 -1.1 0.1
v 1 -1.2 0
v 1 -1.1 0
v 1.1 -1.1 0
v 1.1 -1.2 0
v 1 -1.2 0.1
v 1 -1.2 0
v 1.1 -1.2 0
v 1.1 -1.2 0.1
v 1.2 -1.2 0.1
v 1.2 -1.2 0
v 1.2 -1.1 0
v 1.2 -1.1 0.1
v 1.1 -1.1 0.1
v 1.1 -1.2 0.1
v 1.2 -1.2 0.1
v 1.2 -1.1 0.1
v 1.1 -1.2 0
v 1.1 -1.1 0
v 1.2 -1.1 0
v 1.2 -1.2 0
v 1.1 -1.2 0.1
v 1.1 -1.2 0
v 1.2 -1.2 0
v 1.2 -1.2 0.1

# faces
f 1/7/1 2/7/1 3/7/1 4/7/1
f 5/7/3 6/7/3 7/7/3 8/7/3
f 9/7/4 10/7/4 11/7/4 12/7/4
f 13/7/6 14/7/6 15/7/6 16/7/6
f 17/7/3 18/7/3 19/7/3 20/7/3
f 21/7/4 22/7/4 23/7/4 24/7/4
f 25/7/6 26/7/6 27/7/6 28/7/6
f 29/13/3 30/13/3 31/13/3 32/13/3
f 33/13/4 34/13/4 35/13/4 36/13/4
f 37/13/6 38/13/6 39/13/6 40/13/6
f 41/10/3 42/10/3 43/10/3 44/10/3
f 45/10/4 46/10/4 47/10/4 48/10/4
f 49/10/6 50/10/6 51/10/6 52/10/6
f 53/10/3 54/10/3 55/10/3 56/10/3
f 57/10/4 58/10/4 59/10/4 60/10/4
f 61/10/6 62/10/6 63/10/6 64/10/6
f 65/13/3 66/13/3 67/13/3 68/13/3
f 69/13/4 70/13/4 71/13/4 72/13/4
f 73/13/6 74/13/6 75/13/6 76/13/6
f 77/11/3 78/11/3 79/11/3 80/11/3
f 81/11/4 82/11/4 83/11/4 84/11/4
f 85/11/6 86/11/6 87/11/6 88/11/6
f 89/11/3 90/11/3 91/11/3 92/11/3
f 93/11/4 94/11/4 95/11/4 96/11/4
f 97/11/6 98/11/6 99/11/6 100/11/6
f 101/7/3 102/7/3 103/7/3 104/7/3
f 105/7/4 106/7/4 107/7/4 108/7/4
f 109/7/6 110/7/6 111/7/6 112/7/6
f 113/7/3 114/7/3 115/7/3 116/7/3
f 117/7/4 118/7/4 119/7/4 120/7/4
f 121/7/6 122/7/6 123/7/6 124/7/6
f 125/7/3 126/7/3 127/7/3 128/7/3
f 129/7/4 130/7/4 131/7/4 132/7/4
f 133/7/6 134/7/6 135/7/6 136/7/6
f 137/11/3 138/11/3 139/11/3 140/11/3
f 141/11/4 142/11/4 143/11/4 144/11/4
f 145/11/6 146/11/6 147/11/6 148/11/6
f 149/7/3 150/7/3 151/7/3 152/7/3
f 153/7/4 154/7/4 155/7/4 156/7/4
f 157/7/6 158/7/6 159/7/6 160/7/6
f 161/7/3 162/7/3 163/7/3 164/7/3
f 165/7/4 166/7/4 167/7/4 168/7/4
f 169/7/6 170/7/6 171/7/6 172/7/6
f 173/13/3 174/13/3 175/13/3 176/13/3
f 177/13/4 178/13/4 179/13/4 180/13/4
f 181/13/6 182/13/6 183/13/6 184/13/6
f 185/10/3 186/10/3 187/10/3 188/10/3
f 189/10/4 190/10/4 191/10/4 192/10/4
f 193/10/6 194/10/6 195/10/6 196/10/6
f 197/10/3 198/10/3 199/10/3 200/10/3
f 201/10/4 202/10/4 203/10/4 204/10/4
f 205/10/6 206/10/6 207/10/6 208/10/6
f 209/10/3 210/10/3 211/10/3 212/10/3
f 213/10/4 214/10/4 215/10/4 216/10/4
f 217/10/6 218/10/6 219/10/6 220/10/6
f 221/5/3 222/5/3 223/5/3 224/5/3
f 225/5/4 226/5/4 227/5/4 228/5/4
f 229/5/6 230/5/6 231/5/6 232/5/6
f 233/5/3 234/5/3 235/5/3 236/5/3
f 237/5/4 238/5/4 239/5/4 240/5/4
f 241/5/6 242/5/6 243/5/6 244/5/6
f 245/5/3 246/5/3 247/5/3 248/5/3
f 249/5/4 250/5/4 251/5/4 252/5/4
f 253/5/6 254/5/6 255/5/6 256/5/6
f 257/7/3 258/7/3 259/7/3 260/7/3
f 261/7/4 262/7/4 263/7/4 264/7/4
f 265/7/6 266/7/6 267/7/6 268/7/6
f 269/7/3 270/7/3 271/7/3 272/7/3
f 273/7/4 274/7/4 275/7/4 276/7/4
f 277/7/6 278/7/6 279/7/6 280/7/6
f 281/2/2 282/2/2 283/2/2 284/2/2
f 285/2/3 286/2/3 287/2/3 288/2/3
f 289/2/4 290/2/4 291/2/4 292/2/4
f 293/2/6 294/2/6 295/2/6 296/2/6
f 297/2/1 298/2/1 299/2/1 300/2/1
f 301/2/3 302/2/3 303/2/3 304/2/3
f 305/2/4 306/2/4 307/2/4 308/2/4
f 309/7/3 310/7/3 311/7/3 312/7/3
f 313/7/4 314/7/4 315/7/4 316/7/4
f 317/7/3 318/7/3 319/7/3 320/7/3
f 321/7/4 322/7/4 323/7/4 324/7/4
f 325/5/3 326/5/3 327/5/3 328/5/3
f 329/5/4 330/5/4 331/5/4 332/5/4
f 333/10/3 334/10/3 335/10/3 336/10/3
f 337/10/4 338/10/4 339/10/4 340/10/4
f 341/10/3 342/10/3 343/10/3 344/10/3
f 345/10/4 346/10/4 347/10/4 348/10/4
f 349/13/3 350/13/3 351/13/3 352/13/3
f 353/13/4 354/13/4 355/13/4 356/13/4
f 357/11/3 358/11/3 359/11/3 360/11/3
f 361/11/4 362/11/4 363/11/4 364/11/4
f 365/7/3 366/7/3 367/7/3 368/7/3
f 369/7/4 370/7/4 371/7/4 372/7/4
f 373/7/3 374/7/3 375/7/3 376/7/3
f 377/7/4 378/7/4 379/7/4 380/7/4
f 381/7/3 382/7/3 383/7/3 384/7/3
f 385/7/4 386/7/4 387/7/4 388/7/4
f 389/7/3 390/7/3 391/7/3 392/7/3
f 393/7/4 394/7/4 395/7/4 396/7/4
f 397/7/3 398/7/3 399/7/3 400/7/3
f 401/7/4 402/7/4 403/7/4 404/7/4
f 405/7/3 406/7/3 407/7/3 408/7/3
f 409/7/4 410/7/4 411/7/4 412/7/4
f 413/11/3 414/11/3 415/11/3 416/11/3
f 417/11/4 418/11/4 419/11/4 420/11/4
f 421/10/3 422/10/3 423/10/3 424/10/3
f 425/10/4 426/10/4 427/10/4 428/10/4
f 429/10/3 430/10/3 431/10/3 432/10/3
f 433/10/4 434/10/4 435/10/4 436/10/4
f 437/10/3 438/10/3 439/10/3 440/10/3
f 441/10/4 442/10/4 443/10/4 444/10/4
f 445/10/3 446/10/3 447/10/3 448/10/3
f 449/10/4 450/10/4 451/10/4 452/10/4
f 453/10/3 454/10/3 455/10/3 456/10/3
f 457/10/4 458/10/4 459/10/4 460/10/4
f 461/11/3 462/11/3 463/11/3 464/11/3
f 465/11/4 466/11/4 467/11/4 468/11/4
f 469/7/3 470/7/3 471/7/3 472/7/3
f 473/7/4 474/7/4 475/7/4 476/7/4
f 477/7/3 478/7/3 479/7/3 480/7/3
f 481/7/4 482/7/4 483/7/4 484/7/4
f 485/2/2 486/2/2 487/2/2 488/2/2
f 489/2/3 490/2/3 491/2/3 492/2/3
f 493/2/4 494/2/4 495/2/4 496/2/4
f 497/2/1 498/2/1 499/2/1 500/2/1
f 501/2/3 502/2/3 503/2/3 504/2/3
f 505/2/4 506/2/4 507/2/4 508/2/4
f 509/7/3 510/7/3 511/7/3 512/7/3
f 513/7/4 514/7/4 515/7/4 516/7/4
f 517/7/3 518/7/3 519/7/3 520/7/3
f 521/7/4 522/7/4 523/7/4 524/7/4
f 525/5/3 526/5/3 527/5/3 528/5/3
f 529/5/4 530/5/4 531/5/4 532/5/4
f 533/10/3 534/10/3 535/10/3 536/10/3
f 537/10/4 538/10/4 539/10/4 540/10/4
f 541/10/3 542/10/3 543/10/3 544/10/3
f 545/10/4 546/10/4 547/10/4 548/10/4
f 549/10/3 550/10/3 551/10/3 552/10/3
f 553/10/4 554/10/4 555/10/4 556/10/4
f 557/13/3 558/13/3 559/13/3 560/13/3
f 561/13/4 562/13/4 563/13/4 564/13/4
f 565/11/3 566/11/3 567/11/3 568/11/3
f 569/11/4 570/11/4 571/11/4 572/11/4
f 573/11/3 574/11/3 575/11/3 576/11/3
f 577/11/4 578/11/4 579/11/4 580/11/4
f 581/7/3 582/7/3 583/7/3 584/7/3
f 585/7/4 586/7/4 587/7/4 588/7/4
f 589/7/3 590/7/3 591/7/3 592/7/3
f 593/7/4 594/7/4 595/7/4 596/7/4
f 597/7/3 598/7/3 599/7/3 600/7/3
f 601/7/4 602/7/4 603/7/4 604/7/4
f 605/11/3 606/11/3 607/11/3 608/11/3
f 609/11/4 610/11/4 611/11/4 612/11/4
f 613/13/3 614/13/3 615/13/3 616/13/3
f 617/13/4 618/13/4 619/13/4 620/13/4
f 621/10/3 622/10/3 623/10/3 624/10/3
f 625/10/4 626/10/4 627/10/4 628/10/4
f 629/10/3 630/10/3 631/10/3 632/10/3
f 633/10/4 634/10/4 635/10/4 636/10/4
f 637/13/3 638/13/3 639/13/3 640/13/3
f 641/13/4 642/13/4 643/13/4 644/13/4
f 645/5/3 646/5/3 647/5/3 648/5/3
f 649/5/4 650/5/4 651/5/4 652/5/4
f 653/13/3 654/13/3 655/13/3 656/13/3
f 657/13/4 658/13/4 659/13/4 660/13/4
f 661/7/3 662/7/3 663/7/3 664/7/3
f 665/7/4 666/7/4 667/7/4 668/7/4
f 669/5/3 670/5/3 671/5/3 672/5/3
f 673/5/4 674/5/4 675/5/4 676/5/4
f 677/7/3 678/7/3 679/7/3 680/7/3
f 681/7/4 682/7/4 683/7/4 684/7/4
f 685/1/2 686/1/2 687/1/2 688/1/2
f 689/1/3 690/1/3 691/1/3 692/1/3
f 693/1/4 694/1/4 695/1/4 696/1/4
f 697/2/1 698/2/1 699/2/1 700/2/1
f 701/2/3 702/2/3 703/2/3 704/2/3
f 705/2/4 706/2/4 707/2/4 708/2/4
f 709/7/3 710/7/3 711/7/3 712/7/3
f 713/7/4 714/7/4 715/7/4 716/7/4
f 717/13/3 718/13/3 719/13/3 720/13/3
f 721/13/4 722/13/4 723/13/4 724/13/4
f 725/10/3 726/10/3 727/10/3 728/10/3
f 729/10/4 730/10/4 731/10/4 732/10/4
f 733/10/3 734/10/3 735/10/3 736/10/3
f 737/10/4 738/10/4 739/10/4 740/10/4
f 741/10/3 742/10/3 743/10/3 744/10/3
f 745/10/4 746/10/4 747/10/4 748/10/4
f 749/10/3 750/10/3 751/10/3 752/10/3
f 753/10/4 754/10/4 755/10/4 756/10/4
f 757/13/3 758/13/3 759/13/3 760/13/3
f 761/13/4 762/13/4 763/13/4 764/13/4
f 765/11/3 766/11/3 767/11/3 768/11/3
f 769/11/4 770/11/4 771/11/4 772/11/4
f 773/7/3 774/7/3 775/7/3 776/7/3
f 777/7/4 778/7/4 779/7/4 780/7/4
f 781/7/3 782/7/3 783/7/3 784/7/3
f 785/7/4 786/7/4 787/7/4 788/7/4
f 789/7/3 790/7/3 791/7/3 792/7/3
f 793/7/4 794/7/4 795/7/4 796/7/4
f 797/7/3 798/7/3 799/7/3 800/7/3
f 801/7/4 802/7/4 803/7/4 804/7/4
f 805/11/3 806/11/3 807/11/3 808/11/3
f 809/11/4 810/11/4 811/11/4 812/11/4
f 813/5/3 814/5/3 815/5/3 816/5/3
f 817/5/4 818/5/4 819/5/4 820/5/4
f 821/10/3 822/10/3 823/10/3 824/10/3
f 825/10/4 826/10/4 827/10/4 828/10/4
f 829/13/3 830/13/3 831/13/3 832/13/3
f 833/13/4 834/13/4 835/13/4 836/13/4
f 837/11/3 838/11/3 839/11/3 840/11/3
f 841/11/4 842/11/4 843/11/4 844/11/4
f 845/7/3 846/7/3 847/7/3 848/7/3
f 849/7/4 850/7/4 851/7/4 852/7/4
f 853/5/3 854/5/3 855/5/3 856/5/3
f 857/5/4 858/5/4 859/5/4 860/5/4
f 861/11/3 862/11/3 863/11/3 864/11/3
f 865/11/4 866/11/4 867/11/4 868/11/4
f 869/13/3 870/13/3 871/13/3 872/13/3
f 873/13/4 874/13/4 875/13/4 876/13/4
f 877/11/3 878/11/3 879/11/3 880/11/3
f 881/11/4 882/11/4 883/11/4 884/11/4
f 885/7/2 886/7/2 887/7/2 888/7/2
f 889/7/3 890/7/3 891/7/3 892/7/3
f 893/7/4 894/7/4 895/7/4 896/7/4
f 897/13/1 898/13/1 899/13/1 900/13/1
f 901/13/3 902/13/3 903/13/3 904/13/3
f 905/13/4 906/13/4 907/13/4 908/13/4
f 909/11/3 910/11/3 911/11/3 912/11/3
f 913/11/4 914/11/4 915/11/4 916/11/4
f 917/13/3 918/13/3 919/13/3 920/13/3
f 921/13/4 922/13/4 923/13/4 924/13/4
f 925/5/3 926/5/3 927/5/3 928/5/3
f 929/5/4 930/5/4 931/5/4 932/5/4
f 933/10/3 934/10/3 935/10/3 936/10/3
f 937/10/4 938/10/4 939/10/4 940/10/4
f 941/10/3 942/10/3 943/10/3 944/10/3
f 945/10/4 946/10/4 947/10/4 948/10/4
f 949/13/3 950/13/3 951/13/3 952/13/3
f 953/13/4 954/13/4 955/13/4 956/13/4
f 957/11/3 958/11/3 959/11/3 960/11/3
f 961/11/4 962/11/4 963/11/4 964/11/4
f 965/7/3 966/7/3 967/7/3 968/7/3
f 969/7/4 970/7/4 971/7/4 972/7/4
f 973/7/3 974/7/3 975/7/3 976/7/3
f 977/7/4 978/7/4 979/7/4 980/7/4
f 981/7/3 982/7/3 983/7/3 984/7/3
f 985/7/4 986/7/4 987/7/4 988/7/4
f 989/7/3 990/7/3 991/7/3 992/7/3
f 993/7/4 994/7/4 995/7/4 996/7/4
f 997/11/3 998/11/3 999/11/3 1000/11/3
f 1001/11/4 1002/11/4 1003/11/4 1004/11/4
f 1005/5/3 1006/5/3 1007/5/3 1008/5/3
f 1009/5/4 1010/5/4 1011/5/4 1012/5/4
f 1013/10/3 1014/10/3 1015/10/3 1016/10/3
f 1017/10/4 1018/10/4 1019/10/4 1020/10/4
f 1021/10/3 1022/10/3 1023/10/3 1024/10/3
f 1025/10/4 1026/10/4 1027/10/4 1028/10/4
f 1029/11/3 1030/11/3 1031/11/3 1032/11/3
f 1033/11/4 1034/11/4 1035/11/4 1036/11/4
f 1037/7/3 1038/7/3 1039/7/3 1040/7/3
f 1041/7/4 1042/7/4 1043/7/4 1044/7/4
f 1045/7/3 1046/7/3 1047/7/3 1048/7/3
f 1049/7/4 1050/7/4 1051/7/4 1052/7/4
f 1053/10/3 1054/10/3 1055/10/3 1056/10/3
f 1057/10/4 1058/10/4 1059/10/4 1060/10/4
f 1061/13/3 1062/13/3 1063/13/3 1064/13/3
f 1065/13/4 1066/13/4 1067/13/4 1068/13/4
f 1069/5/3 1070/5/3 1071/5/3 1072/5/3
f 1073/5/4 1074/5/4 1075/5/4 1076/5/4
f 1077/11/3 1078/11/3 1079/11/3 1080/11/3
f 1081/11/4 1082/11/4 1083/11/4 1084/11/4
f 1085/7/2 1086/7/2 1087/7/2 1088/7/2
f 1089/7/3 1090/7/3 1091/7/3 1092/7/3
f 1093/7/4 1094/7/4 1095/7/4 1096/7/4
f 1097/7/1 1098/7/1 1099/7/1 1100/7/1
f 1101/7/3 1102/7/3 1103/7/3 1104/7/3
f 1105/7/4 1106/7/4 1107/7/4 1108/7/4
f 1109/7/3 1110/7/3 1111/7/3 1112/7/3
f 1113/7/4 1114/7/4 1115/7/4 1116/7/4
f 1117/7/3 1118/7/3 1119/7/3 1120/7/3
f 1121/7/4 1122/7/4 1123/7/4 1124/7/4
f 1125/11/3 1126/11/3 1127/11/3 1128/11/3
f 1129/11/4 1130/11/4 1131/11/4 1132/11/4
f 1133/5/3 1134/5/3 1135/5/3 1136/5/3
f 1137/5/4 1138/5/4 1139/5/4 1140/5/4
f 1141/10/3 1142/10/3 1143/10/3 1144/10/3
f 1145/10/4 1146/10/4 1147/10/4 1148/10/4
f 1149/13/3 1150/13/3 1151/13/3 1152/13/3
f 1153/13/4 1154/13/4 1155/13/4 1156/13/4
f 1157/13/3 1158/13/3 1159/13/3 1160/13/3
f 1161/13/4 1162/13/4 1163/13/4 1164/13/4
f 1165/11/3 1166/11/3 1167/11/3 1168/11/3
f 1169/11/4 1170/11/4 1171/11/4 1172/11/4
f 1173/7/3 1174/7/3 1175/7/3 1176/7/3
f 1177/7/4 1178/7/4 1179/7/4 1180/7/4
f 1181/11/3 1182/11/3 1183/11/3 1184/11/3
f 1185/11/4 1186/11/4 1187/11/4 1188/11/4
f 1189/13/3 1190/13/3 1191/13/3 1192/13/3
f 1193/13/4 1194/13/4 1195/13/4 1196/13/4
f 1197/5/3 1198/5/3 1199/5/3 1200/5/3
f 1201/5/4 1202/5/4 1203/5/4 1204/5/4
f 1205/10/3 1206/10/3 1207/10/3 1208/10/3
f 1209/10/4 1210/10/4 1211/10/4 1212/10/4
f 1213/10/3 1214/10/3 1215/10/3 1216/10/3
f 1217/10/4 1218/10/4 1219/10/4 1220/10/4
f 1221/13/3 1222/13/3 1223/13/3 1224/13/3
f 1225/13/4 1226/13/4 1227/13/4 1228/13/4
f 1229/11/3 1230/11/3 1231/11/3 1232/11/3
f 1233/11/4 1234/11/4 1235/11/4 1236/11/4
f 1237/7/3 1238/7/3 1239/7/3 1240/7/3
f 1241/7/4 1242/7/4 1243/7/4 1244/7/4
f 1245/7/3 1246/7/3 1247/7/3 1248/7/3
f 1249/7/4 1250/7/4 1251/7/4 1252/7/4
f 1253/10/3 1254/10/3 1255/10/3 1256/10/3
f 1257/10/4 1258/10/4 1259/10/4 1260/10/4
f 1261/10/3 1262/10/3 1263/10/3 1264/10/3
f 1265/10/4 1266/10/4 1267/10/4 1268/10/4
f 1269/5/3 1270/5/3 1271/5/3 1272/5/3
f 1273/5/4 1274/5/4 1275/5/4 1276/5/4
f 1277/13/3 1278/13/3 1279/13/3 1280/13/3
f 1281/13/4 1282/13/4 1283/13/4 1284/13/4
f 1285/11/2 1286/11/2 1287/11/2 1288/11/2
f 1289/11/3 1290/11/3 1291/11/3 1292/11/3
f 1293/11/4 1294/11/4 1295/11/4 1296/11/4
f 1297/11/1 1298/11/1 1299/11/1 1300/11/1
f 1301/11/3 1302/11/3 1303/11/3 1304/11/3
f 1305/11/4 1306/11/4 1307/11/4 1308/11/4
f 1309/7/3 1310/7/3 1311/7/3 1312/7/3
f 1313/7/4 1314/7/4 1315/7/4 1316/7/4
f 1317/7/3 1318/7/3 1319/7/3 1320/7/3
f 1321/7/4 1322/7/4 1323/7/4 1324/7/4
f 1325/7/3 1326/7/3 1327/7/3 1328/7/3
f 1329/7/4 1330/7/4 1331/7/4 1332/7/4
f 1333/11/3 1334/11/3 1335/11/3 1336/11/3
f 1337/11/4 1338/11/4 1339/11/4 1340/11/4
f 1341/5/3 1342/5/3 1343/5/3 1344/5/3
f 1345/5/4 1346/5/4 1347/5/4 1348/5/4
f 1349/5/3 1350/5/3 1351/5/3 1352/5/3
f 1353/5/4 1354/5/4 1355/5/4 1356/5/4
f 1357/5/3 1358/5/3 1359/5/3 1360/5/3
f 1361/5/4 1362/5/4 1363/5/4 1364/5/4
f 1365/13/3 1366/13/3 1367/13/3 1368/13/3
f 1369/13/4 1370/13/4 1371/13/4 1372/13/4
f 1373/11/3 1374/11/3 1375/11/3 1376/11/3
f 1377/11/4 1378/11/4 1379/11/4 1380/11/4
f 1381/13/3 1382/13/3 1383/13/3 1384/13/3
f 1385/13/4 1386/13/4 1387/13/4 1388/13/4
f 1389/10/3 1390/10/3 1391/10/3 1392/10/3
f 1393/10/4 1394/10/4 1395/10/4 1396/10/4
f 1397/10/3 1398/10/3 1399/10/3 1400/10/3
f 1401/10/4 1402/10/4 1403/10/4 1404/10/4
f 1405/10/3 1406/10/3 1407/10/3 1408/10/3
f 1409/10/4 1410/10/4 1411/10/4 1412/10/4
f 1413/10/3 1414/10/3 1415/10/3 1416/10/3
f 1417/10/4 1418/10/4 1419/10/4 1420/10/4
f 1421/13/3 1422/13/3 1423/13/3 1424/13/3
f 1425/13/4 1426/13/4 1427/13/4 1428/13/4
f 1429/7/3 1430/7/3 1431/7/3 1432/7/3
f 1433/7/4 1434/7/4 1435/7/4 1436/7/4
f 1437/11/3 1438/11/3 1439/11/3 1440/11/3
f 1441/11/4 1442/11/4 1443/11/4 1444/11/4
f 1445/11/3 1446/11/3 1447/11/3 1448/11/3
f 1449/11/4 1450/11/4 1451/11/4 1452/11/4
f 1453/10/3 1454/10/3 1455/10/3 1456/10/3
f 1457/10/4 1458/10/4 1459/10/4 1460/10/4
f 1461/10/3 1462/10/3 1463/10/3 1464/10/3
f 1465/10/4 1466/10/4 1467/10/4 1468/10/4
f 1469/10/3 1470/10/3 1471/10/3 1472/10/3
f 1473/10/4 1474/10/4 1475/10/4 1476/10/4
f 1477/7/3 1478/7/3 1479/7/3 1480/7/3
f 1481/7/4 1482/7/4 1483/7/4 1484/7/4
f 1485/7/2 1486/7/2 1487/7/2 1488/7/2
f 1489/7/3 1490/7/3 1491/7/3 1492/7/3
f 1493/7/4 1494/7/4 1495/7/4 1496/7/4
f 1497/13/1 1498/13/1 1499/13/1 1500/13/1
f 1501/13/3 1502/13/3 1503/13/3 1504/13/3
f 1505/13/4 1506/13/4 1507/13/4 1508/13/4
f 1509/11/3 1510/11/3 1511/11/3 1512/11/3
f 1513/11/4 1514/11/4 1515/11/4 1516/11/4
f 1517/7/3 1518/7/3 1519/7/3 1520/7/3
f 1521/7/4 1522/7/4 1523/7/4 1524/7/4
f 1525/7/3 1526/7/3 1527/7/3 1528/7/3
f 1529/7/4 1530/7/4 1531/7/4 1532/7/4
f 1533/7/3 1534/7/3 1535/7/3 1536/7/3
f 1537/7/4 1538/7/4 1539/7/4 1540/7/4
f 1541/5/3 1542/5/3 1543/5/3 1544/5/3
f 1545/5/4 1546/5/4 1547/5/4 1548/5/4
f 1549/10/3 1550/10/3 1551/10/3 1552/10/3
f 1553/10/4 1554/10/4 1555/10/4 1556/10/4
f 1557/5/3 1558/5/3 1559/5/3 1560/5/3
f 1561/5/4 1562/5/4 1563/5/4 1564/5/4
f 1565/13/3 1566/13/3 1567/13/3 1568/13/3
f 1569/13/4 1570/13/4 1571/13/4 1572/13/4
f 1573/11/3 1574/11/3 1575/11/3 1576/11/3
f 1577/11/4 1578/11/4 1579/11/4 1580/11/4
f 1581/10/3 1582/10/3 1583/10/3 1584/10/3
f 1585/10/4 1586/10/4 1587/10/4 1588/10/4
f 1589/10/3 1590/10/3 1591/10/3 1592/10/3
f 1593/10/4 1594/10/4 1595/10/4 1596/10/4
f 1597/10/3 1598/10/3 1599/10/3 1600/10/3
f 1601/10/4 1602/10/4 1603/10/4 1604/10/4
f 1605/10/3 1606/10/3 1607/10/3 1608/10/3
f 1609/10/4 1610/10/4 1611/10/4 1612/10/4
f 1613/10/3 1614/10/3 1615/10/3 1616/10/3
f 1617/10/4 1618/10/4 1619/10/4 1620/10/4
f 1621/11/3 1622/11/3 1623/11/3 1624/11/3
f 1625/11/4 1626/11/4 1627/11/4 1628/11/4
f 1629/11/3 1630/11/3 1631/11/3 1632/11/3
f 1633/11/4 1634/11/4 1635/11/4 1636/11/4
f 1637/13/3 1638/13/3 1639/13/3 1640/13/3
f 1641/13/4 1642/13/4 1643/13/4 1644/13/4
f 1645/13/3 1646/13/3 1647/13/3 1648/13/3
f 1649/13/4 1650/13/4 1651/13/4 1652/13/4
f 1653/10/3 1654/10/3 1655/10/3 1656/10/3
f 1657/10/4 1658/10/4 1659/10/4 1660/10/4
f 1661/13/3 1662/13/3 1663/13/3 1664/13/3
f 1665/13/4 1666/13/4 1667/13/4 1668/13/4
f 1669/5/3 1670/5/3 1671/5/3 1672/5/3
f 1673/5/4 1674/5/4 1675/5/4 1676/5/4
f 1677/11/3 1678/11/3 1679/11/3 1680/11/3
f 1681/11/4 1682/11/4 1683/11/4 1684/11/4
f 1685/7/2 1686/7/2 1687/7/2 1688/7/2
f 1689/7/3 1690/7/3 1691/7/3 1692/7/3
f 1693/7/4 1694/7/4 1695/7/4 1696/7/4
f 1697/7/1 1698/7/1 1699/7/1 1700/7/1
f 1701/7/3 1702/7/3 1703/7/3 1704/7/3
f 1705/7/4 1706/7/4 1707/7/4 1708/7/4
f 1709/7/3 1710/7/3 1711/7/3 1712/7/3
f 1713/7/4 1714/7/4 1715/7/4 1716/7/4
f 1717/11/3 1718/11/3 1719/11/3 1720/11/3
f 1721/11/4 1722/11/4 1723/11/4 1724/11/4
f 1725/13/3 1726/13/3 1727/13/3 1728/13/3
f 1729/13/4 1730/13/4 1731/13/4 1732/13/4
f 1733/11/3 1734/11/3 1735/11/3 1736/11/3
f 1737/11/4 1738/11/4 1739/11/4 1740/11/4
f 1741/5/3 1742/5/3 1743/5/3 1744/5/3
f 1745/5/4 1746/5/4 1747/5/4 1748/5/4
f 1749/10/3 1750/10/3 1751/10/3 1752/10/3
f 1753/10/4 1754/10/4 1755/10/4 1756/10/4
f 1757/5/3 1758/5/3 1759/5/3 1760/5/3
f 1761/5/4 1762/5/4 1763/5/4 1764/5/4
f 1765/11/3 1766/11/3 1767/11/3 1768/11/3
f 1769/11/4 1770/11/4 1771/11/4 1772/11/4
f 1773/13/3 1774/13/3 1775/13/3 1776/13/3
f 1777/13/4 1778/13/4 1779/13/4 1780/13/4
f 1781/5/3 1782/5/3 1783/5/3 1784/5/3
f 1785/5/4 1786/5/4 1787/5/4 1788/5/4
f 1789/10/3 1790/10/3 1791/10/3 1792/10/3
f 1793/10/4 1794/10/4 1795/10/4 1796/10/4
f 1797/10/3 1798/10/3 1799/10/3 1800/10/3
f 1801/10/4 1802/10/4 1803/10/4 1804/10/4
f 1805/10/3 1806/10/3 1807/10/3 1808/10/3
f 1809/10/4 1810/10/4 1811/10/4 1812/10/4
f 1813/13/3 1814/13/3 1815/13/3 1816/13/3
f 1817/13/4 1818/13/4 1819/13/4 1820/13/4
f 1821/7/3 1822/7/3 1823/7/3 1824/7/3
f 1825/7/4 1826/7/4 1827/7/4 1828/7/4
f 1829/7/3 1830/7/3 1831/7/3 1832/7/3
f 1833/7/4 1834/7/4 1835/7/4 1836/7/4
f 1837/10/3 1838/10/3 1839/10/3 1840/10/3
f 1841/10/4 1842/10/4 1843/10/4 1844/10/4
f 1845/13/3 1846/13/3 1847/13/3 1848/13/3
f 1849/13/4 1850/13/4 1851/13/4 1852/13/4
f 1853/5/3 1854/5/3 1855/5/3 1856/5/3
f 1857/5/4 1858/5/4 1859/5/4 1860/5/4
f 1861/11/3 1862/11/3 1863/11/3 1864/11/3
f 1865/11/4 1866/11/4 1867/11/4 1868/11/4
f 1869/13/3 1870/13/3 1871/13/3 1872/13/3
f 1873/13/4 1874/13/4 1875/13/4 1876/13/4
f 1877/5/3 1878/5/3 1879/5/3 1880/5/3
f 1881/5/4 1882/5/4 1883/5/4 1884/5/4
f 1885/7/2 1886/7/2 1887/7/2 1888/7/2
f 1889/7/3 1890/7/3 1891/7/3 1892/7/3
f 1893/7/4 1894/7/4 1895/7/4 1896/7/4
f 1897/11/1 1898/11/1 1899/11/1 1900/11/1
f 1901/11/3 1902/11/3 1903/11/3 1904/11/3
f 1905/11/4 1906/11/4 1907/11/4 1908/11/4
f 1909/7/3 1910/7/3 1911/7/3 1912/7/3
f 1913/7/4 1914/7/4 1915/7/4 1916/7/4
f 1917/7/3 1918/7/3 1919/7/3 1920/7/3
f 1921/7/4 1922/7/4 1923/7/4 1924/7/4
f 1925/5/3 1926/5/3 1927/5/3 1928/5/3
f 1929/5/4 1930/5/4 1931/5/4 1932/5/4
f 1933/11/3 1934/11/3 1935/11/3 1936/11/3
f 1937/11/4 1938/11/4 1939/11/4 1940/11/4
f 1941/13/3 1942/13/3 1943/13/3 1944/13/3
f 1945/13/4 1946/13/4 1947/13/4 1948/13/4
f 1949/10/3 1950/10/3 1951/10/3 1952/10/3
f 1953/10/4 1954/10/4 1955/10/4 1956/10/4
f 1957/5/3 1958/5/3 1959/5/3 1960/5/3
f 1961/5/4 1962/5/4 1963/5/4 1964/5/4
f 1965/7/3 1966/7/3 1967/7/3 1968/7/3
f 1969/7/4 1970/7/4 1971/7/4 1972/7/4
f 1973/5/3 1974/5/3 1975/5/3 1976/5/3
f 1977/5/4 1978/5/4 1979/5/4 1980/5/4
f 1981/10/3 1982/10/3 1983/10/3 1984/10/3
f 1985/10/4 1986/10/4 1987/10/4 1988/10/4
f 1989/10/3 1990/10/3 1991/10/3 1992/10/3
f 1993/10/4 1994/10/4 1995/10/4 1996/10/4
f 1997/5/3 1998/5/3 1999/5/3 2000/5/3
f 2001/5/4 2002/5/4 2003/5/4 2004/5/4
f 2005/13/3 2006/13/3 2007/13/3 2008/13/3
f 2009/13/4 2010/13/4 2011/13/4 2012/13/4
f 2013/11/3 2014/11/3 2015/11/3 2016/11/3
f 2017/11/4 2018/11/4 2019/11/4 2020/11/4
f 2021/7/3 2022/7/3 2023/7/3 2024/7/3
f 2025/7/4 2026/7/4 2027/7/4 2028/7/4
f 2029/11/3 2030/11/3 2031/11/3 2032/11/3
f 2033/11/4 2034/11/4 2035/11/4 2036/11/4
f 2037/13/3 2038/13/3 2039/13/3 2040/13/3
f 2041/13/4 2042/13/4 2043/13/4 2044/13/4
f 2045/11/3 2046/11/3 2047/11/3 2048/11/3
f 2049/11/4 2050/11/4 2051/11/4 2052/11/4
f 2053/13/3 2054/13/3 2055/13/3 2056/13/3
f 2057/13/4 2058/13/4 2059/13/4 2060/13/4
f 2061/11/3 2062/11/3 2063/11/3 2064/11/3
f 2065/11/4 2066/11/4 2067/11/4 2068/11/4
f 2069/7/3 2070/7/3 2071/7/3 2072/7/3
f 2073/7/4 2074/7/4 2075/7/4 2076/7/4
f 2077/11/3 2078/11/3 2079/11/3 2080/11/3
f 2081/11/4 2082/11/4 2083/11/4 2084/11/4
f 2085/7/2 2086/7/2 2087/7/2 2088/7/2
f 2089/7/3 2090/7/3 2091/7/3 2092/7/3
f 2093/7/4 2094/7/4 2095/7/4 2096/7/4
f 2097/13/1 2098/13/1 2099/13/1 2100/13/1
f 2101/13/3 2102/13/3 2103/13/3 2104/13/3
f 2105/13/4 2106/13/4 2107/13/4 2108/13/4
f 2109/11/3 2110/11/3 2111/11/3 2112/11/3
f 2113/11/4 2114/11/4 2115/11/4 2116/11/4
f 2117/13/3 2118/13/3 2119/13/3 2120/13/3
f 2121/13/4 2122/13/4 2123/13/4 2124/13/4
f 2125/10/3 2126/10/3 2127/10/3 2128/10/3
f 2129/10/4 2130/10/4 2131/10/4 2132/10/4
f 2133/13/3 2134/13/3 2135/13/3 2136/13/3
f 2137/13/4 2138/13/4 2139/13/4 2140/13/4
f 2141/13/3 2142/13/3 2143/13/3 2144/13/3
f 2145/13/4 2146/13/4 2147/13/4 2148/13/4
f 2149/10/3 2150/10/3 2151/10/3 2152/10/3
f 2153/10/4 2154/10/4 2155/10/4 2156/10/4
f 2157/5/3 2158/5/3 2159/5/3 2160/5/3
f 2161/5/4 2162/5/4 2163/5/4 2164/5/4
f 2165/13/3 2166/13/3 2167/13/3 2168/13/3
f 2169/13/4 2170/13/4 2171/13/4 2172/13/4
f 2173/10/3 2174/10/3 2175/10/3 2176/10/3
f 2177/10/4 2178/10/4 2179/10/4 2180/10/4
f 2181/10/3 2182/10/3 2183/10/3 2184/10/3
f 2185/10/4 2186/10/4 2187/10/4 2188/10/4
f 2189/10/3 2190/10/3 2191/10/3 2192/10/3
f 2193/10/4 2194/10/4 2195/10/4 2196/10/4
f 2197/10/3 2198/10/3 2199/10/3 2200/10/3
f 2201/10/4 2202/10/4 2203/10/4 2204/10/4
f 2205/11/3 2206/11/3 2207/11/3 2208/11/3
f 2209/11/4 2210/11/4 2211/11/4 2212/11/4
f 2213/7/3 2214/7/3 2215/7/3 2216/7/3
f 2217/7/4 2218/7/4 2219/7/4 2220/7/4
f 2221/11/3 2222/11/3 2223/11/3 2224/11/3
f 2225/11/4 2226/11/4 2227/11/4 2228/11/4
f 2229/7/3 2230/7/3 2231/7/3 2232/7/3
f 2233/7/4 2234/7/4 2235/7/4 2236/7/4
f 2237/11/3 2238/11/3 2239/11/3 2240/11/3
f 2241/11/4 2242/11/4 2243/11/4 2244/11/4
f 2245/7/3 2246/7/3 2247/7/3 2248/7/3
f 2249/7/4 2250/7/4 2251/7/4 2252/7/4
f 2253/5/3 2254/5/3 2255/5/3 2256/5/3
f 2257/5/4 2258/5/4 2259/5/4 2260/5/4
f 2261/13/3 2262/13/3 2263/13/3 2264/13/3
f 2265/13/4 2266/13/4 2267/13/4 2268/13/4
f 2269/11/3 2270/11/3 2271/11/3 2272/11/3
f 2273/11/4 2274/11/4 2275/11/4 2276/11/4
f 2277/7/3 2278/7/3 2279/7/3 2280/7/3
f 2281/7/4 2282/7/4 2283/7/4 2284/7/4
f 2285/7/2 2286/7/2 2287/7/2 2288/7/2
f 2289/7/3 2290/7/3 2291/7/3 2292/7/3
f 2293/7/4 2294/7/4 2295/7/4 2296/7/4
f 2297/10/1 2298/10/1 2299/10/1 2300/10/1
f 2301/10/3 2302/10/3 2303/10/3 2304/10/3
f 2305/10/4 2306/10/4 2307/10/4 2308/10/4
f 2309/5/3 2310/5/3 2311/5/3 2312/5/3
f 2313/5/4 2314/5/4 2315/5/4 2316/5/4
f 2317/5/3 2318/5/3 2319/5/3 2320/5/3
f 2321/5/4 2322/5/4 2323/5/4 2324/5/4
f 2325/10/3 2326/10/3 2327/10/3 2328/10/3
f 2329/10/4 2330/10/4 2331/10/4 2332/10/4
f 2333/10/3 2334/10/3 2335/10/3 2336/10/3
f 2337/10/4 2338/10/4 2339/10/4 2340/10/4
f 2341/13/3 2342/13/3 2343/13/3 2344/13/3
f 2345/13/4 2346/13/4 2347/13/4 2348/13/4
f 2349/10/3 2350/10/3 2351/10/3 2352/10/3
f 2353/10/4 2354/10/4 2355/10/4 2356/10/4
f 2357/10/3 2358/10/3 2359/10/3 2360/10/3
f 2361/10/4 2362/10/4 2363/10/4 2364/10/4
f 2365/5/3 2366/5/3 2367/5/3 2368/5/3
f 2369/5/4 2370/5/4 2371/5/4 2372/5/4
f 2373/10/3 2374/10/3 2375/10/3 2376/10/3
f 2377/10/4 2378/10/4 2379/10/4 2380/10/4
f 2381/10/3 2382/10/3 2383/10/3 2384/10/3
f 2385/10/4 2386/10/4 2387/10/4 2388/10/4
f 2389/10/3 2390/10/3 2391/10/3 2392/10/3
f 2393/10/4 2394/10/4 2395/10/4 2396/10/4
f 2397/10/3 2398/10/3 2399/10/3 2400/10/3
f 2401/10/4 2402/10/4 2403/10/4 2404/10/4
f 2405/13/3 2406/13/3 2407/13/3 2408/13/3
f 2409/13/4 2410/13/4 2411/13/4 2412/13/4
f 2413/7/3 2414/7/3 2415/7/3 2416/7/3
f 2417/7/4 2418/7/4 2419/7/4 2420/7/4
f 2421/11/3 2422/11/3 2423/11/3 2424/11/3
f 2425/11/4 2426/11/4 2427/11/4 2428/11/4
f 2429/11/3 2430/11/3 2431/11/3 2432/11/3
f 2433/11/4 2434/11/4 2435/11/4 2436/11/4
f 2437/7/3 2438/7/3 2439/7/3 2440/7/3
f 2441/7/4 2442/7/4 2443/7/4 2444/7/4
f 2445/11/3 2446/11/3 2447/11/3 2448/11/3
f 2449/11/4 2450/11/4 2451/11/4 2452/11/4
f 2453/5/3 2454/5/3 2455/5/3 2456/5/3
f 2457/5/4 2458/5/4 2459/5/4 2460/5/4
f 2461/13/3 2462/13/3 2463/13/3 2464/13/3
f 2465/13/4 2466/13/4 2467/13/4 2468/13/4
f 2469/11/3 2470/11/3 2471/11/3 2472/11/3
f 2473/11/4 2474/11/4 2475/11/4 2476/11/4
f 2477/7/3 2478/7/3 2479/7/3 2480/7/3
f 2481/7/4 2482/7/4 2483/7/4 2484/7/4
f 2485/11/2 2486/11/2 2487/11/2 2488/11/2
f 2489/11/3 2490/11/3 2491/11/3 2492/11/3
f 2493/11/4 2494/11/4 2495/11/4 2496/11/4
f 2497/8/1 2498/8/1 2499/8/1 2500/8/1
f 2501/8/3 2502/8/3 2503/8/3 2504/8/3
f 2505/8/4 2506/8/4 2507/8/4 2508/8/4
f 2509/8/3 2510/8/3 2511/8/3 2512/8/3
f 2513/8/4 2514/8/4 2515/8/4 2516/8/4
f 2517/10/3 2518/10/3 2519/10/3 2520/10/3
f 2521/10/4 2522/10/4 2523/10/4 2524/10/4
f 2525/8/3 2526/8/3 2527/8/3 2528/8/3
f 2529/8/4 2530/8/4 2531/8/4 2532/8/4
f 2533/8/3 2534/8/3 2535/8/3 2536/8/3
f 2537/8/4 2538/8/4 2539/8/4 2540/8/4
f 2541/5/3 2542/5/3 2543/5/3 2544/5/3
f 2545/5/4 2546/5/4 2547/5/4 2548/5/4
f 2549/10/3 2550/10/3 2551/10/3 2552/10/3
f 2553/10/4 2554/10/4 2555/10/4 2556/10/4
f 2557/10/3 2558/10/3 2559/10/3 2560/10/3
f 2561/10/4 2562/10/4 2563/10/4 2564/10/4
f 2565/10/3 2566/10/3 2567/10/3 2568/10/3
f 2569/10/4 2570/10/4 2571/10/4 2572/10/4
f 2573/5/3 2574/5/3 2575/5/3 2576/5/3
f 2577/5/4 2578/5/4 2579/5/4 2580/5/4
f 2581/10/3 2582/10/3 2583/10/3 2584/10/3
f 2585/10/4 2586/10/4 2587/10/4 2588/10/4
f 2589/10/3 2590/10/3 2591/10/3 2592/10/3
f 2593/10/4 2594/10/4 2595/10/4 2596/10/4
f 2597/10/3 2598/10/3 2599/10/3 2600/10/3
f 2601/10/4 2602/10/4 2603/10/4 2604/10/4
f 2605/5/3 2606/5/3 2607/5/3 2608/5/3
f 2609/5/4 2610/5/4 2611/5/4 2612/5/4
f 2613/11/3 2614/11/3 2615/11/3 2616/11/3
f 2617/11/4 2618/11/4 2619/11/4 2620/11/4
f 2621/11/3 2622/11/3 2623/11/3 2624/11/3
f 2625/11/4 2626/11/4 2627/11/4 2628/11/4
f 2629/13/3 2630/13/3 2631/13/3 2632/13/3
f 2633/13/4 2634/13/4 2635/13/4 2636/13/4
f 2637/11/3 2638/11/3 2639/11/3 2640/11/3
f 2641/11/4 2642/11/4 2643/11/4 2644/11/4
f 2645/7/3 2646/7/3 2647/7/3 2648/7/3
f 2649/7/4 2650/7/4 2651/7/4 2652/7/4
f 2653/13/3 2654/13/3 2655/13/3 2656/13/3
f 2657/13/4 2658/13/4 2659/13/4 2660/13/4
f 2661/11/3 2662/11/3 2663/11/3 2664/11/3
f 2665/11/4 2666/11/4 2667/11/4 2668/11/4
f 2669/13/3 2670/13/3 2671/13/3 2672/13/3
f 2673/13/4 2674/13/4 2675/13/4 2676/13/4
f 2677/7/3 2678/7/3 2679/7/3 2680/7/3
f 2681/7/4 2682/7/4 2683/7/4 2684/7/4
f 2685/11/2 2686/11/2 2687/11/2 2688/11/2
f 2689/11/3 2690/11/3 2691/11/3 2692/11/3
f 2693/11/4 2694/11/4 2695/11/4 2696/11/4
f 2697/10/1 2698/10/1 2699/10/1 2700/10/1
f 2701/10/3 2702/10/3 2703/10/3 2704/10/3
f 2705/10/4 2706/10/4 2707/10/4 2708/10/4
f 2709/10/3 2710/10/3 2711/10/3 2712/10/3
f 2713/10/4 2714/10/4 2715/10/4 2716/10/4
f 2717/10/3 2718/10/3 2719/10/3 2720/10/3
f 2721/10/4 2722/10/4 2723/10/4 2724/10/4
f 2725/6/4 2726/6/4 2727/6/4 2728/6/4
f 2729/6/1 2730/6/1 2731/6/1 2732/6/1
f 2733/6/2 2734/6/2 2735/6/2 2736/6/2
f 2737/6/5 2738/6/5 2739/6/5 2740/6/5
f 2741/6/6 2742/6/6 2743/6/6 2744/6/6
f 2745/6/1 2746/6/1 2747/6/1 2748/6/1
f 2749/6/2 2750/6/2 2751/6/2 2752/6/2
f 2753/6/3 2754/6/3 2755/6/3 2756/6/3
f 2757/6/5 2758/6/5 2759/6/5 2760/6/5
f 2761/6/6 2762/6/6 2763/6/6 2764/6/6
f 2765/8/3 2766/8/3 2767/8/3 2768/8/3
f 2769/8/4 2770/8/4 2771/8/4 2772/8/4
f 2773/8/3 2774/8/3 2775/8/3 2776/8/3
f 2777/8/4 2778/8/4 2779/8/4 2780/8/4
f 2781/10/3 2782/10/3 2783/10/3 2784/10/3
f 2785/10/4 2786/10/4 2787/10/4 2788/10/4
f 2789/10/3 2790/10/3 2791/10/3 2792/10/3
f 2793/10/4 2794/10/4 2795/10/4 2796/10/4
f 2797/10/3 2798/10/3 2799/10/3 2800/10/3
f 2801/10/4 2802/10/4 2803/10/4 2804/10/4
f 2805/10/3 2806/10/3 2807/10/3 2808/10/3
f 2809/10/4 2810/10/4 2811/10/4 2812/10/4
f 2813/10/3 2814/10/3 2815/10/3 2816/10/3
f 2817/10/4 2818/10/4 2819/10/4 2820/10/4
f 2821/4/3 2822/4/3 2823/4/3 2824/4/3
f 2825/4/4 2826/4/4 2827/4/4 2828/4/4
f 2829/10/3 2830/10/3 2831/10/3 2832/10/3
f 2833/10/4 2834/10/4 2835/10/4 2836/10/4
f 2837/10/3 2838/10/3 2839/10/3 2840/10/3
f 2841/10/4 2842/10/4 2843/10/4 2844/10/4
f 2845/5/3 2846/5/3 2847/5/3 2848/5/3
f 2849/5/4 2850/5/4 2851/5/4 2852/5/4
f 2853/11/3 2854/11/3 2855/11/3 2856/11/3
f 2857/11/4 2858/11/4 2859/11/4 2860/11/4
f 2861/11/3 2862/11/3 2863/11/3 2864/11/3
f 2865/11/4 2866/11/4 2867/11/4 2868/11/4
f 2869/7/3 2870/7/3 2871/7/3 2872/7/3
f 2873/7/4 2874/7/4 2875/7/4 2876/7/4
f 2877/13/3 2878/13/3 2879/13/3 2880/13/3
f 2881/13/4 2882/13/4 2883/13/4 2884/13/4
f 2885/11/3 2886/11/3 2887/11/3 2888/11/3
f 2889/11/4 2890/11/4 2891/11/4 2892/11/4
f 2893/7/3 2894/7/3 2895/7/3 2896/7/3
f 2897/7/4 2898/7/4 2899/7/4 2900/7/4
f 2901/5/3 2902/5/3 2903/5/3 2904/5/3
f 2905/5/4 2906/5/4 2907/5/4 2908/5/4
f 2909/7/3 2910/7/3 2911/7/3 2912/7/3
f 2913/7/4 2914/7/4 2915/7/4 2916/7/4
f 2917/13/2 2918/13/2 2919/13/2 2920/13/2
f 2921/13/3 2922/13/3 2923/13/3 2924/13/3
f 2925/13/4 2926/13/4 2927/13/4 2928/13/4
f 2929/8/1 2930/8/1 2931/8/1 2932/8/1
f 2933/8/3 2934/8/3 2935/8/3 2936/8/3
f 2937/8/4 2938/8/4 2939/8/4 2940/8/4
f 2941/9/3 2942/9/3 2943/9/3 2944/9/3
f 2945/9/4 2946/9/4 2947/9/4 2948/9/4
f 2949/10/3 2950/10/3 2951/10/3 2952/10/3
f 2953/10/4 2954/10/4 2955/10/4 2956/10/4
f 2957/12/3 2958/12/3 2959/12/3 2960/12/3
f 2961/12/4 2962/12/4 2963/12/4 2964/12/4
f 2965/8/3 2966/8/3 2967/8/3 2968/8/3
f 2969/8/4 2970/8/4 2971/8/4 2972/8/4
f 2973/10/3 2974/10/3 2975/10/3 2976/10/3
f 2977/10/4 2978/10/4 2979/10/4 2980/10/4
f 2981/10/3 2982/10/3 2983/10/3 2984/10/3
f 2985/10/4 2986/10/4 2987/10/4 2988/10/4
f 2989/10/3 2990/10/3 2991/10/3 2992/10/3
f 2993/10/4 2994/10/4 2995/10/4 2996/10/4
f 2997/10/3 2998/10/3 2999/10/3 3000/10/3
f 3001/10/4 3002/10/4 3003/10/4 3004/10/4
f 3005/10/3 3006/10/3 3007/10/3 3008/10/3
f 3009/10/4 3010/10/4 3011/10/4 3012/10/4
f 3013/10/3 3014/10/3 3015/10/3 3016/10/3
f 3017/10/4 3018/10/4 3019/10/4 3020/10/4
f 3021/10/3 3022/10/3 3023/10/3 3024/10/3
f 3025/10/4 3026/10/4 3027/10/4 3028/10/4
f 3029/10/3 3030/10/3 3031/10/3 3032/10/3
f 3033/10/4 3034/10/4 3035/10/4 3036/10/4
f 3037/4/3 3038/4/3 3039/4/3 3040/4/3
f 3041/4/4 3042/4/4 3043/4/4 3044/4/4
f 3045/10/3 3046/10/3 3047/10/3 3048/10/3
f 3049/10/4 3050/10/4 3051/10/4 3052/10/4
f 3053/13/3 3054/13/3 3055/13/3 3056/13/3
f 3057/13/4 3058/13/4 3059/13/4 3060/13/4
f 3061/7/3 3062/7/3 3063/7/3 3064/7/3
f 3065/7/4 3066/7/4 3067/7/4 3068/7/4
f 3069/7/3 3070/7/3 3071/7/3 3072/7/3
f 3073/7/4 3074/7/4 3075/7/4 3076/7/4
f 3077/13/3 3078/13/3 3079/13/3 3080/13/3
f 3081/13/4 3082/13/4 3083/13/4 3084/13/4
f 3085/11/3 3086/11/3 3087/11/3 3088/11/3
f 3089/11/4 3090/11/4 3091/11/4 3092/11/4
f 3093/7/3 3094/7/3 3095/7/3 3096/7/3
f 3097/7/4 3098/7/4 3099/7/4 3100/7/4
f 3101/5/3 3102/5/3 3103/5/3 3104/5/3
f 3105/5/4 3106/5/4 3107/5/4 3108/5/4
f 3109/7/3 3110/7/3 3111/7/3 3112/7/3
f 3113/7/4 3114/7/4 3115/7/4 3116/7/4
f 3117/5/2 3118/5/2 3119/5/2 3120/5/2
f 3121/5/3 3122/5/3 3123/5/3 3124/5/3
f 3125/5/4 3126/5/4 3127/5/4 3128/5/4
f 3129/9/1 3130/9/1 3131/9/1 3132/9/1
f 3133/9/3 3134/9/3 3135/9/3 3136/9/3
f 3137/9/4 3138/9/4 3139/9/4 3140/9/4
f 3141/10/3 3142/10/3 3143/10/3 3144/10/3
f 3145/10/4 3146/10/4 3147/10/4 3148/10/4
f 3149/12/3 3150/12/3 3151/12/3 3152/12/3
f 3153/12/4 3154/12/4 3155/12/4 3156/12/4
f 3157/6/4 3158/6/4 3159/6/4 3160/6/4
f 3161/6/1 3162/6/1 3163/6/1 3164/6/1
f 3165/6/5 3166/6/5 3167/6/5 3168/6/5
f 3169/6/6 3170/6/6 3171/6/6 3172/6/6
f 3173/6/1 3174/6/1 3175/6/1 3176/6/1
f 3177/6/3 3178/6/3 3179/6/3 3180/6/3
f 3181/6/5 3182/6/5 3183/6/5 3184/6/5
f 3185/6/6 3186/6/6 3187/6/6 3188/6/6
f 3189/6/4 3190/6/4 3191/6/4 3192/6/4
f 3193/6/2 3194/6/2 3195/6/2 3196/6/2
f 3197/6/5 3198/6/5 3199/6/5 3200/6/5
f 3201/6/6 3202/6/6 3203/6/6 3204/6/6
f 3205/6/2 3206/6/2 3207/6/2 3208/6/2
f 3209/6/3 3210/6/3 3211/6/3 3212/6/3
f 3213/6/5 3214/6/5 3215/6/5 3216/6/5
f 3217/6/6 3218/6/6 3219/6/6 3220/6/6
f 3221/12/3 3222/12/3 3223/12/3 3224/12/3
f 3225/12/4 3226/12/4 3227/12/4 3228/12/4
f 3229/6/4 3230/6/4 3231/6/4 3232/6/4
f 3233/6/1 3234/6/1 3235/6/1 3236/6/1
f 3237/6/2 3238/6/2 3239/6/2 3240/6/2
f 3241/6/6 3242/6/6 3243/6/6 3244/6/6
f 3245/6/1 3246/6/1 3247/6/1 3248/6/1
f 3249/6/2 3250/6/2 3251/6/2 3252/6/2
f 3253/6/3 3254/6/3 3255/6/3 3256/6/3
f 3257/6/6 3258/6/6 3259/6/6 3260/6/6
f 3261/8/3 3262/8/3 3263/8/3 3264/8/3
f 3265/8/4 3266/8/4 3267/8/4 3268/8/4
f 3269/8/3 3270/8/3 3271/8/3 3272/8/3
f 3273/8/4 3274/8/4 3275/8/4 3276/8/4
f 3277/10/3 3278/10/3 3279/10/3 3280/10/3
f 3281/10/4 3282/10/4 3283/10/4 3284/10/4
f 3285/10/3 3286/10/3 3287/10/3 3288/10/3
f 3289/10/4 3290/10/4 3291/10/4 3292/10/4
f 3293/10/3 3294/10/3 3295/10/3 3296/10/3
f 3297/10/4 3298/10/4 3299/10/4 3300/10/4
f 3301/10/3 3302/10/3 3303/10/3 3304/10/3
f 3305/10/4 3306/10/4 3307/10/4 3308/10/4
f 3309/10/3 3310/10/3 3311/10/3 3312/10/3
f 3313/10/4 3314/10/4 3315/10/4 3316/10/4
f 3317/10/3 3318/10/3 3319/10/3 3320/10/3
f 3321/10/4 3322/10/4 3323/10/4 3324/10/4
f 3325/13/3 3326/13/3 3327/13/3 3328/13/3
f 3329/13/4 3330/13/4 3331/13/4 3332/13/4
f 3333/11/3 3334/11/3 3335/11/3 3336/11/3
f 3337/11/4 3338/11/4 3339/11/4 3340/11/4
f 3341/13/3 3342/13/3 3343/13/3 3344/13/3
f 3345/13/4 3346/13/4 3347/13/4 3348/13/4
f 3349/10/3 3350/10/3 3351/10/3 3352/10/3
f 3353/10/4 3354/10/4 3355/10/4 3356/10/4
f 3357/13/3 3358/13/3 3359/13/3 3360/13/3
f 3361/13/4 3362/13/4 3363/13/4 3364/13/4
f 3365/11/3 3366/11/3 3367/11/3 3368/11/3
f 3369/11/4 3370/11/4 3371/11/4 3372/11/4
f 3373/5/3 3374/5/3 3375/5/3 3376/5/3
f 3377/5/4 3378/5/4 3379/5/4 3380/5/4
f 3381/11/3 3382/11/3 3383/11/3 3384/11/3
f 3385/11/4 3386/11/4 3387/11/4 3388/11/4
f 3389/10/2 3390/10/2 3391/10/2 3392/10/2
f 3393/10/3 3394/10/3 3395/10/3 3396/10/3
f 3397/10/4 3398/10/4 3399/10/4 3400/10/4
f 3401/3/1 3402/3/1 3403/3/1 3404/3/1
f 3405/3/3 3406/3/3 3407/3/3 3408/3/3
f 3409/3/4 3410/3/4 3411/3/4 3412/3/4
f 3413/12/3 3414/12/3 3415/12/3 3416/12/3
f 3417/12/4 3418/12/4 3419/12/4 3420/12/4
f 3421/3/3 3422/3/3 3423/3/3 3424/3/3
f 3425/3/4 3426/3/4 3427/3/4 3428/3/4
f 3429/10/3 3430/10/3 3431/10/3 3432/10/3
f 3433/10/4 3434/10/4 3435/10/4 3436/10/4
f 3437/9/3 3438/9/3 3439/9/3 3440/9/3
f 3441/9/4 3442/9/4 3443/9/4 3444/9/4
f 3445/10/3 3446/10/3 3447/10/3 3448/10/3
f 3449/10/4 3450/10/4 3451/10/4 3452/10/4
f 3453/6/4 3454/6/4 3455/6/4 3456/6/4
f 3457/6/1 3458/6/1 3459/6/1 3460/6/1
f 3461/6/2 3462/6/2 3463/6/2 3464/6/2
f 3465/6/5 3466/6/5 3467/6/5 3468/6/5
f 3469/6/1 3470/6/1 3471/6/1 3472/6/1
f 3473/6/2 3474/6/2 3475/6/2 3476/6/2
f 3477/6/3 3478/6/3 3479/6/3 3480/6/3
f 3481/6/5 3482/6/5 3483/6/5 3484/6/5
f 3485/10/3 3486/10/3 3487/10/3 3488/10/3
f 3489/10/4 3490/10/4 3491/10/4 3492/10/4
f 3493/8/3 3494/8/3 3495/8/3 3496/8/3
f 3497/8/4 3498/8/4 3499/8/4 3500/8/4
f 3501/8/3 3502/8/3 3503/8/3 3504/8/3
f 3505/8/4 3506/8/4 3507/8/4 3508/8/4
f 3509/10/3 3510/10/3 3511/10/3 3512/10/3
f 3513/10/4 3514/10/4 3515/10/4 3516/10/4
f 3517/5/3 3518/5/3 3519/5/3 3520/5/3
f 3521/5/4 3522/5/4 3523/5/4 3524/5/4
f 3525/13/3 3526/13/3 3527/13/3 3528/13/3
f 3529/13/4 3530/13/4 3531/13/4 3532/13/4
f 3533/5/3 3534/5/3 3535/5/3 3536/5/3
f 3537/5/4 3538/5/4 3539/5/4 3540/5/4
f 3541/13/3 3542/13/3 3543/13/3 3544/13/3
f 3545/13/4 3546/13/4 3547/13/4 3548/13/4
f 3549/11/3 3550/11/3 3551/11/3 3552/11/3
f 3553/11/4 3554/11/4 3555/11/4 3556/11/4
f 3557/13/3 3558/13/3 3559/13/3 3560/13/3
f 3561/13/4 3562/13/4 3563/13/4 3564/13/4
f 3565/5/3 3566/5/3 3567/5/3 3568/5/3
f 3569/5/4 3570/5/4 3571/5/4 3572/5/4
f 3573/5/3 3574/5/3 3575/5/3 3576/5/3
f 3577/5/4 3578/5/4 3579/5/4 3580/5/4
f 3581/7/3 3582/7/3 3583/7/3 3584/7/3
f 3585/7/4 3586/7/4 3587/7/4 3588/7/4
f 3589/7/3 3590/7/3 3591/7/3 3592/7/3
f 3593/7/4 3594/7/4 3595/7/4 3596/7/4
f 3597/13/3 3598/13/3 3599/13/3 3600/13/3
f 3601/13/4 3602/13/4 3603/13/4 3604/13/4
f 3605/5/3 3606/5/3 3607/5/3 3608/5/3
f 3609/5/4 3610/5/4 3611/5/4 3612/5/4
f 3613/10/2 3614/10/2 3615/10/2 3616/10/2
f 3617/10/3 3618/10/3 3619/10/3 3620/10/3
f 3621/10/4 3622/10/4 3623/10/4 3624/10/4
f 3625/6/1 3626/6/1 3627/6/1 3628/6/1
f 3629/6/4 3630/6/4 3631/6/4 3632/6/4
f 3633/6/1 3634/6/1 3635/6/1 3636/6/1
f 3637/6/5 3638/6/5 3639/6/5 3640/6/5
f 3641/6/6 3642/6/6 3643/6/6 3644/6/6
f 3645/6/1 3646/6/1 3647/6/1 3648/6/1
f 3649/6/3 3650/6/3 3651/6/3 3652/6/3
f 3653/6/5 3654/6/5 3655/6/5 3656/6/5
f 3657/6/6 3658/6/6 3659/6/6 3660/6/6
f 3661/6/4 3662/6/4 3663/6/4 3664/6/4
f 3665/6/2 3666/6/2 3667/6/2 3668/6/2
f 3669/6/5 3670/6/5 3671/6/5 3672/6/5
f 3673/6/6 3674/6/6 3675/6/6 3676/6/6
f 3677/6/2 3678/6/2 3679/6/2 3680/6/2
f 3681/6/3 3682/6/3 3683/6/3 3684/6/3
f 3685/6/5 3686/6/5 3687/6/5 3688/6/5
f 3689/6/6 3690/6/6 3691/6/6 3692/6/6
f 3693/12/3 3694/12/3 3695/12/3 3696/12/3
f 3697/12/4 3698/12/4 3699/12/4 3700/12/4
f 3701/3/3 3702/3/3 3703/3/3 3704/3/3
f 3705/3/4 3706/3/4 3707/3/4 3708/3/4
f 3709/6/4 3710/6/4 3711/6/4 3712/6/4
f 3713/6/1 3714/6/1 3715/6/1 3716/6/1
f 3717/6/2 3718/6/2 3719/6/2 3720/6/2
f 3721/6/6 3722/6/6 3723/6/6 3724/6/6
f 3725/6/1 3726/6/1 3727/6/1 3728/6/1
f 3729/6/2 3730/6/2 3731/6/2 3732/6/2
f 3733/6/3 3734/6/3 3735/6/3 3736/6/3
f 3737/6/6 3738/6/6 3739/6/6 3740/6/6
f 3741/12/3 3742/12/3 3743/12/3 3744/12/3
f 3745/12/4 3746/12/4 3747/12/4 3748/12/4
f 3749/10/3 3750/10/3 3751/10/3 3752/10/3
f 3753/10/4 3754/10/4 3755/10/4 3756/10/4
f 3757/8/3 3758/8/3 3759/8/3 3760/8/3
f 3761/8/4 3762/8/4 3763/8/4 3764/8/4
f 3765/10/3 3766/10/3 3767/10/3 3768/10/3
f 3769/10/4 3770/10/4 3771/10/4 3772/10/4
f 3773/8/3 3774/8/3 3775/8/3 3776/8/3
f 3777/8/4 3778/8/4 3779/8/4 3780/8/4
f 3781/10/3 3782/10/3 3783/10/3 3784/10/3
f 3785/10/4 3786/10/4 3787/10/4 3788/10/4
f 3789/10/3 3790/10/3 3791/10/3 3792/10/3
f 3793/10/4 3794/10/4 3795/10/4 3796/10/4
f 3797/5/3 3798/5/3 3799/5/3 3800/5/3
f 3801/5/4 3802/5/4 3803/5/4 3804/5/4
f 3805/5/3 3806/5/3 3807/5/3 3808/5/3
f 3809/5/4 3810/5/4 3811/5/4 3812/5/4
f 3813/13/3 3814/13/3 3815/13/3 3816/13/3
f 3817/13/4 3818/13/4 3819/13/4 3820/13/4
f 3821/13/3 3822/13/3 3823/13/3 3824/13/3
f 3825/13/4 3826/13/4 3827/13/4 3828/13/4
f 3829/5/3 3830/5/3 3831/5/3 3832/5/3
f 3833/5/4 3834/5/4 3835/5/4 3836/5/4
f 3837/5/3 3838/5/3 3839/5/3 3840/5/3
f 3841/5/4 3842/5/4 3843/5/4 3844/5/4
f 3845/13/3 3846/13/3 3847/13/3 3848/13/3
f 3849/13/4 3850/13/4 3851/13/4 3852/13/4
f 3853/11/3 3854/11/3 3855/11/3 3856/11/3
f 3857/11/4 3858/11/4 3859/11/4 3860/11/4
f 3861/11/3 3862/11/3 3863/11/3 3864/11/3
f 3865/11/4 3866/11/4 3867/11/4 3868/11/4
f 3869/11/3 3870/11/3 3871/11/3 3872/11/3
f 3873/11/4 3874/11/4 3875/11/4 3876/11/4
f 3877/10/3 3878/10/3 3879/10/3 3880/10/3
f 3881/10/4 3882/10/4 3883/10/4 3884/10/4
f 3885/10/2 3886/10/2 3887/10/2 3888/10/2
f 3889/10/3 3890/10/3 3891/10/3 3892/10/3
f 3893/10/4 3894/10/4 3895/10/4 3896/10/4
f 3897/9/1 3898/9/1 3899/9/1 3900/9/1
f 3901/9/3 3902/9/3 3903/9/3 3904/9/3
f 3905/9/4 3906/9/4 3907/9/4 3908/9/4
f 3909/3/3 3910/3/3 3911/3/3 3912/3/3
f 3913/3/4 3914/3/4 3915/3/4 3916/3/4
f 3917/12/3 3918/12/3 3919/12/3 3920/12/3
f 3921/12/4 3922/12/4 3923/12/4 3924/12/4
f 3925/3/3 3926/3/3 3927/3/3 3928/3/3
f 3929/3/4 3930/3/4 3931/3/4 3932/3/4
f 3933/6/4 3934/6/4 3935/6/4 3936/6/4
f 3937/6/1 3938/6/1 3939/6/1 3940/6/1
f 3941/6/2 3942/6/2 3943/6/2 3944/6/2
f 3945/6/5 3946/6/5 3947/6/5 3948/6/5
f 3949/6/1 3950/6/1 3951/6/1 3952/6/1
f 3953/6/2 3954/6/2 3955/6/2 3956/6/2
f 3957/6/3 3958/6/3 3959/6/3 3960/6/3
f 3961/6/5 3962/6/5 3963/6/5 3964/6/5
f 3965/9/3 3966/9/3 3967/9/3 3968/9/3
f 3969/9/4 3970/9/4 3971/9/4 3972/9/4
f 3973/12/3 3974/12/3 3975/12/3 3976/12/3
f 3977/12/4 3978/12/4 3979/12/4 3980/12/4
f 3981/9/3 3982/9/3 3983/9/3 3984/9/3
f 3985/9/4 3986/9/4 3987/9/4 3988/9/4
f 3989/10/3 3990/10/3 3991/10/3 3992/10/3
f 3993/10/4 3994/10/4 3995/10/4 3996/10/4
f 3997/8/3 3998/8/3 3999/8/3 4000/8/3
f 4001/8/4 4002/8/4 4003/8/4 4004/8/4
f 4005/8/3 4006/8/3 4007/8/3 4008/8/3
f 4009/8/4 4010/8/4 4011/8/4 4012/8/4
f 4013/10/3 4014/10/3 4015/10/3 4016/10/3
f 4017/10/4 4018/10/4 4019/10/4 4020/10/4
f 4021/10/3 4022/10/3 4023/10/3 4024/10/3
f 4025/10/4 4026/10/4 4027/10/4 4028/10/4
f 4029/10/3 4030/10/3 4031/10/3 4032/10/3
f 4033/10/4 4034/10/4 4035/10/4 4036/10/4
f 4037/5/3 4038/5/3 4039/5/3 4040/5/3
f 4041/5/4 4042/5/4 4043/5/4 4044/5/4
f 4045/5/3 4046/5/3 4047/5/3 4048/5/3
f 4049/5/4 4050/5/4 4051/5/4 4052/5/4
f 4053/10/3 4054/10/3 4055/10/3 4056/10/3
f 4057/10/4 4058/10/4 4059/10/4 4060/10/4
f 4061/13/3 4062/13/3 4063/13/3 4064/13/3
f 4065/13/4 4066/13/4 4067/13/4 4068/13/4
f 4069/11/3 4070/11/3 4071/11/3 4072/11/3
f 4073/11/4 4074/11/4 4075/11/4 4076/11/4
f 4077/11/3 4078/11/3 4079/11/3 4080/11/3
f 4081/11/4 4082/11/4 4083/11/4 4084/11/4
f 4085/7/3 4086/7/3 4087/7/3 4088/7/3
f 4089/7/4 4090/7/4 4091/7/4 4092/7/4
f 4093/11/3 4094/11/3 4095/11/3 4096/11/3
f 4097/11/4 4098/11/4 4099/11/4 4100/11/4
f 4101/10/3 4102/10/3 4103/10/3 4104/10/3
f 4105/10/4 4106/10/4 4107/10/4 4108/10/4
f 4109/10/2 4110/10/2 4111/10/2 4112/10/2
f 4113/10/3 4114/10/3 4115/10/3 4116/10/3
f 4117/10/4 4118/10/4 4119/10/4 4120/10/4
f 4121/9/1 4122/9/1 4123/9/1 4124/9/1
f 4125/9/3 4126/9/3 4127/9/3 4128/9/3
f 4129/9/4 4130/9/4 4131/9/4 4132/9/4
f 4133/12/3 4134/12/3 4135/12/3 4136/12/3
f 4137/12/4 4138/12/4 4139/12/4 4140/12/4
f 4141/12/3 4142/12/3 4143/12/3 4144/12/3
f 4145/12/4 4146/12/4 4147/12/4 4148/12/4
f 4149/9/3 4150/9/3 4151/9/3 4152/9/3
f 4153/9/4 4154/9/4 4155/9/4 4156/9/4
f 4157/12/3 4158/12/3 4159/12/3 4160/12/3
f 4161/12/4 4162/12/4 4163/12/4 4164/12/4
f 4165/6/4 4166/6/4 4167/6/4 4168/6/4
f 4169/6/1 4170/6/1 4171/6/1 4172/6/1
f 4173/6/5 4174/6/5 4175/6/5 4176/6/5
f 4177/6/6 4178/6/6 4179/6/6 4180/6/6
f 4181/6/1 4182/6/1 4183/6/1 4184/6/1
f 4185/6/3 4186/6/3 4187/6/3 4188/6/3
f 4189/6/5 4190/6/5 4191/6/5 4192/6/5
f 4193/6/6 4194/6/6 4195/6/6 4196/6/6
f 4197/6/4 4198/6/4 4199/6/4 4200/6/4
f 4201/6/5 4202/6/5 4203/6/5 4204/6/5
f 4205/6/6 4206/6/6 4207/6/6 4208/6/6
f 4209/6/3 4210/6/3 4211/6/3 4212/6/3
f 4213/6/5 4214/6/5 4215/6/5 4216/6/5
f 4217/6/6 4218/6/6 4219/6/6 4220/6/6
f 4221/6/4 4222/6/4 4223/6/4 4224/6/4
f 4225/6/2 4226/6/2 4227/6/2 4228/6/2
f 4229/6/6 4230/6/6 4231/6/6 4232/6/6
f 4233/6/2 4234/6/2 4235/6/2 4236/6/2
f 4237/6/3 4238/6/3 4239/6/3 4240/6/3
f 4241/6/6 4242/6/6 4243/6/6 4244/6/6
f 4245/8/3 4246/8/3 4247/8/3 4248/8/3
f 4249/8/4 4250/8/4 4251/8/4 4252/8/4
f 4253/6/4 4254/6/4 4255/6/4 4256/6/4
f 4257/6/1 4258/6/1 4259/6/1 4260/6/1
f 4261/6/2 4262/6/2 4263/6/2 4264/6/2
f 4265/6/5 4266/6/5 4267/6/5 4268/6/5
f 4269/6/6 4270/6/6 4271/6/6 4272/6/6
f 4273/6/1 4274/6/1 4275/6/1 4276/6/1
f 4277/6/2 4278/6/2 4279/6/2 4280/6/2
f 4281/6/3 4282/6/3 4283/6/3 4284/6/3
f 4285/6/5 4286/6/5 4287/6/5 4288/6/5
f 4289/6/6 4290/6/6 4291/6/6 4292/6/6
f 4293/8/3 4294/8/3 4295/8/3 4296/8/3
f 4297/8/4 4298/8/4 4299/8/4 4300/8/4
f 4301/10/3 4302/10/3 4303/10/3 4304/10/3
f 4305/10/4 4306/10/4 4307/10/4 4308/10/4
f 4309/10/3 4310/10/3 4311/10/3 4312/10/3
f 4313/10/4 4314/10/4 4315/10/4 4316/10/4
f 4317/10/3 4318/10/3 4319/10/3 4320/10/3
f 4321/10/4 4322/10/4 4323/10/4 4324/10/4
f 4325/10/3 4326/10/3 4327/10/3 4328/10/3
f 4329/10/4 4330/10/4 4331/10/4 4332/10/4
f 4333/10/3 4334/10/3 4335/10/3 4336/10/3
f 4337/10/4 4338/10/4 4339/10/4 4340/10/4
f 4341/5/3 4342/5/3 4343/5/3 4344/5/3
f 4345/5/4 4346/5/4 4347/5/4 4348/5/4
f 4349/13/3 4350/13/3 4351/13/3 4352/13/3
f 4353/13/4 4354/13/4 4355/13/4 4356/13/4
f 4357/11/3 4358/11/3 4359/11/3 4360/11/3
f 4361/11/4 4362/11/4 4363/11/4 4364/11/4
f 4365/7/3 4366/7/3 4367/7/3 4368/7/3
f 4369/7/4 4370/7/4 4371/7/4 4372/7/4
f 4373/2/3 4374/2/3 4375/2/3 4376/2/3
f 4377/2/4 4378/2/4 4379/2/4 4380/2/4
f 4381/7/3 4382/7/3 4383/7/3 4384/7/3
f 4385/7/4 4386/7/4 4387/7/4 4388/7/4
f 4389/11/3 4390/11/3 4391/11/3 4392/11/3
f 4393/11/4 4394/11/4 4395/11/4 4396/11/4
f 4397/10/2 4398/10/2 4399/10/2 4400/10/2
f 4401/10/3 4402/10/3 4403/10/3 4404/10/3
f 4405/10/4 4406/10/4 4407/10/4 4408/10/4
f 4409/12/1 4410/12/1 4411/12/1 4412/12/1
f 4413/12/3 4414/12/3 4415/12/3 4416/12/3
f 4417/12/4 4418/12/4 4419/12/4 4420/12/4
f 4421/3/3 4422/3/3 4423/3/3 4424/3/3
f 4425/3/4 4426/3/4 4427/3/4 4428/3/4
f 4429/12/3 4430/12/3 4431/12/3 4432/12/3
f 4433/12/4 4434/12/4 4435/12/4 4436/12/4
f 4437/12/3 4438/12/3 4439/12/3 4440/12/3
f 4441/12/4 4442/12/4 4443/12/4 4444/12/4
f 4445/3/3 4446/3/3 4447/3/3 4448/3/3
f 4449/3/4 4450/3/4 4451/3/4 4452/3/4
f 4453/12/3 4454/12/3 4455/12/3 4456/12/3
f 4457/12/4 4458/12/4 4459/12/4 4460/12/4
f 4461/3/3 4462/3/3 4463/3/3 4464/3/3
f 4465/3/4 4466/3/4 4467/3/4 4468/3/4
f 4469/6/4 4470/6/4 4471/6/4 4472/6/4
f 4473/6/1 4474/6/1 4475/6/1 4476/6/1
f 4477/6/2 4478/6/2 4479/6/2 4480/6/2
f 4481/6/5 4482/6/5 4483/6/5 4484/6/5
f 4485/6/1 4486/6/1 4487/6/1 4488/6/1
f 4489/6/2 4490/6/2 4491/6/2 4492/6/2
f 4493/6/3 4494/6/3 4495/6/3 4496/6/3
f 4497/6/5 4498/6/5 4499/6/5 4500/6/5
f 4501/9/3 4502/9/3 4503/9/3 4504/9/3
f 4505/9/4 4506/9/4 4507/9/4 4508/9/4
f 4509/10/3 4510/10/3 4511/10/3 4512/10/3
f 4513/10/4 4514/10/4 4515/10/4 4516/10/4
f 4517/8/3 4518/8/3 4519/8/3 4520/8/3
f 4521/8/4 4522/8/4 4523/8/4 4524/8/4
f 4525/8/3 4526/8/3 4527/8/3 4528/8/3
f 4529/8/4 4530/8/4 4531/8/4 4532/8/4
f 4533/10/3 4534/10/3 4535/10/3 4536/10/3
f 4537/10/4 4538/10/4 4539/10/4 4540/10/4
f 4541/10/3 4542/10/3 4543/10/3 4544/10/3
f 4545/10/4 4546/10/4 4547/10/4 4548/10/4
f 4549/10/3 4550/10/3 4551/10/3 4552/10/3
f 4553/10/4 4554/10/4 4555/10/4 4556/10/4
f 4557/10/3 4558/10/3 4559/10/3 4560/10/3
f 4561/10/4 4562/10/4 4563/10/4 4564/10/4
f 4565/10/3 4566/10/3 4567/10/3 4568/10/3
f 4569/10/4 4570/10/4 4571/10/4 4572/10/4
f 4573/5/3 4574/5/3 4575/5/3 4576/5/3
f 4577/5/4 4578/5/4 4579/5/4 4580/5/4
f 4581/11/3 4582/11/3 4583/11/3 4584/11/3
f 4585/11/4 4586/11/4 4587/11/4 4588/11/4
f 4589/7/3 4590/7/3 4591/7/3 4592/7/3
f 4593/7/4 4594/7/4 4595/7/4 4596/7/4
f 4597/7/3 4598/7/3 4599/7/3 4600/7/3
f 4601/7/4 4602/7/4 4603/7/4 4604/7/4
f 4605/2/3 4606/2/3 4607/2/3 4608/2/3
f 4609/2/4 4610/2/4 4611/2/4 4612/2/4
f 4613/11/3 4614/11/3 4615/11/3 4616/11/3
f 4617/11/4 4618/11/4 4619/11/4 4620/11/4
f 4621/10/2 4622/10/2 4623/10/2 4624/10/2
f 4625/10/3 4626/10/3 4627/10/3 4628/10/3
f 4629/10/4 4630/10/4 4631/10/4 4632/10/4
f 4633/12/1 4634/12/1 4635/12/1 4636/12/1
f 4637/12/3 4638/12/3 4639/12/3 4640/12/3
f 4641/12/4 4642/12/4 4643/12/4 4644/12/4
f 4645/9/3 4646/9/3 4647/9/3 4648/9/3
f 4649/9/4 4650/9/4 4651/9/4 4652/9/4
f 4653/9/3 4654/9/3 4655/9/3 4656/9/3
f 4657/9/4 4658/9/4 4659/9/4 4660/9/4
f 4661/6/4 4662/6/4 4663/6/4 4664/6/4
f 4665/6/1 4666/6/1 4667/6/1 4668/6/1
f 4669/6/5 4670/6/5 4671/6/5 4672/6/5
f 4673/6/6 4674/6/6 4675/6/6 4676/6/6
f 4677/6/1 4678/6/1 4679/6/1 4680/6/1
f 4681/6/3 4682/6/3 4683/6/3 4684/6/3
f 4685/6/5 4686/6/5 4687/6/5 4688/6/5
f 4689/6/6 4690/6/6 4691/6/6 4692/6/6
f 4693/6/4 4694/6/4 4695/6/4 4696/6/4
f 4697/6/2 4698/6/2 4699/6/2 4700/6/2
f 4701/6/6 4702/6/6 4703/6/6 4704/6/6
f 4705/6/2 4706/6/2 4707/6/2 4708/6/2
f 4709/6/3 4710/6/3 4711/6/3 4712/6/3
f 4713/6/6 4714/6/6 4715/6/6 4716/6/6
f 4717/12/3 4718/12/3 4719/12/3 4720/12/3
f 4721/12/4 4722/12/4 4723/12/4 4724/12/4
f 4725/9/3 4726/9/3 4727/9/3 4728/9/3
f 4729/9/4 4730/9/4 4731/9/4 4732/9/4
f 4733/12/3 4734/12/3 4735/12/3 4736/12/3
f 4737/12/4 4738/12/4 4739/12/4 4740/12/4
f 4741/6/4 4742/6/4 4743/6/4 4744/6/4
f 4745/6/1 4746/6/1 4747/6/1 4748/6/1
f 4749/6/5 4750/6/5 4751/6/5 4752/6/5
f 4753/6/6 4754/6/6 4755/6/6 4756/6/6
f 4757/6/1 4758/6/1 4759/6/1 4760/6/1
f 4761/6/3 4762/6/3 4763/6/3 4764/6/3
f 4765/6/5 4766/6/5 4767/6/5 4768/6/5
f 4769/6/6 4770/6/6 4771/6/6 4772/6/6
f 4773/6/4 4774/6/4 4775/6/4 4776/6/4
f 4777/6/2 4778/6/2 4779/6/2 4780/6/2
f 4781/6/5 4782/6/5 4783/6/5 4784/6/5
f 4785/6/6 4786/6/6 4787/6/6 4788/6/6
f 4789/6/2 4790/6/2 4791/6/2 4792/6/2
f 4793/6/3 4794/6/3 4795/6/3 4796/6/3
f 4797/6/5 4798/6/5 4799/6/5 4800/6/5
f 4801/6/6 4802/6/6 4803/6/6 4804/6/6
f 4805/10/3 4806/10/3 4807/10/3 4808/10/3
f 4809/10/4 4810/10/4 4811/10/4 4812/10/4
f 4813/8/3 4814/8/3 4815/8/3 4816/8/3
f 4817/8/4 4818/8/4 4819/8/4 4820/8/4
f 4821/10/3 4822/10/3 4823/10/3 4824/10/3
f 4825/10/4 4826/10/4 4827/10/4 4828/10/4
f 4829/10/3 4830/10/3 4831/10/3 4832/10/3
f 4833/10/4 4834/10/4 4835/10/4 4836/10/4
f 4837/10/3 4838/10/3 4839/10/3 4840/10/3
f 4841/10/4 4842/10/4 4843/10/4 4844/10/4
f 4845/5/3 4846/5/3 4847/5/3 4848/5/3
f 4849/5/4 4850/5/4 4851/5/4 4852/5/4
f 4853/10/3 4854/10/3 4855/10/3 4856/10/3
f 4857/10/4 4858/10/4 4859/10/4 4860/10/4
f 4861/10/3 4862/10/3 4863/10/3 4864/10/3
f 4865/10/4 4866/10/4 4867/10/4 4868/10/4
f 4869/13/3 4870/13/3 4871/13/3 4872/13/3
f 4873/13/4 4874/13/4 4875/13/4 4876/13/4
f 4877/11/3 4878/11/3 4879/11/3 4880/11/3
f 4881/11/4 4882/11/4 4883/11/4 4884/11/4
f 4885/7/3 4886/7/3 4887/7/3 4888/7/3
f 4889/7/4 4890/7/4 4891/7/4 4892/7/4
f 4893/2/3 4894/2/3 4895/2/3 4896/2/3
f 4897/2/4 4898/2/4 4899/2/4 4900/2/4
f 4901/2/3 4902/2/3 4903/2/3 4904/2/3
f 4905/2/4 4906/2/4 4907/2/4 4908/2/4
f 4909/7/2 4910/7/2 4911/7/2 4912/7/2
f 4913/7/3 4914/7/3 4915/7/3 4916/7/3
f 4917/7/4 4918/7/4 4919/7/4 4920/7/4
f 4921/3/1 4922/3/1 4923/3/1 4924/3/1
f 4925/3/3 4926/3/3 4927/3/3 4928/3/3
f 4929/3/4 4930/3/4 4931/3/4 4932/3/4
f 4933/6/4 4934/6/4 4935/6/4 4936/6/4
f 4937/6/1 4938/6/1 4939/6/1 4940/6/1
f 4941/6/2 4942/6/2 4943/6/2 4944/6/2
f 4945/6/5 4946/6/5 4947/6/5 4948/6/5
f 4949/6/6 4950/6/6 4951/6/6 4952/6/6
f 4953/6/1 4954/6/1 4955/6/1 4956/6/1
f 4957/6/2 4958/6/2 4959/6/2 4960/6/2
f 4961/6/3 4962/6/3 4963/6/3 4964/6/3
f 4965/6/5 4966/6/5 4967/6/5 4968/6/5
f 4969/6/6 4970/6/6 4971/6/6 4972/6/6
f 4973/3/3 4974/3/3 4975/3/3 4976/3/3
f 4977/3/4 4978/3/4 4979/3/4 4980/3/4
f 4981/12/3 4982/12/3 4983/12/3 4984/12/3
f 4985/12/4 4986/12/4 4987/12/4 4988/12/4
f 4989/6/4 4990/6/4 4991/6/4 4992/6/4
f 4993/6/1 4994/6/1 4995/6/1 4996/6/1
f 4997/6/2 4998/6/2 4999/6/2 5000/6/2
f 5001/6/5 5002/6/5 5003/6/5 5004/6/5
f 5005/6/1 5006/6/1 5007/6/1 5008/6/1
f 5009/6/2 5010/6/2 5011/6/2 5012/6/2
f 5013/6/3 5014/6/3 5015/6/3 5016/6/3
f 5017/6/5 5018/6/5 5019/6/5 5020/6/5
f 5021/3/3 5022/3/3 5023/3/3 5024/3/3
f 5025/3/4 5026/3/4 5027/3/4 5028/3/4
f 5029/12/3 5030/12/3 5031/12/3 5032/12/3
f 5033/12/4 5034/12/4 5035/12/4 5036/12/4
f 5037/10/3 5038/10/3 5039/10/3 5040/10/3
f 5041/10/4 5042/10/4 5043/10/4 5044/10/4
f 5045/3/3 5046/3/3 5047/3/3 5048/3/3
f 5049/3/4 5050/3/4 5051/3/4 5052/3/4
f 5053/10/3 5054/10/3 5055/10/3 5056/10/3
f 5057/10/4 5058/10/4 5059/10/4 5060/10/4
f 5061/10/3 5062/10/3 5063/10/3 5064/10/3
f 5065/10/4 5066/10/4 5067/10/4 5068/10/4
f 5069/8/3 5070/8/3 5071/8/3 5072/8/3
f 5073/8/4 5074/8/4 5075/8/4 5076/8/4
f 5077/10/3 5078/10/3 5079/10/3 5080/10/3
f 5081/10/4 5082/10/4 5083/10/4 5084/10/4
f 5085/10/3 5086/10/3 5087/10/3 5088/10/3
f 5089/10/4 5090/10/4 5091/10/4 5092/10/4
f 5093/10/3 5094/10/3 5095/10/3 5096/10/3
f 5097/10/4 5098/10/4 5099/10/4 5100/10/4
f 5101/13/3 5102/13/3 5103/13/3 5104/13/3
f 5105/13/4 5106/13/4 5107/13/4 5108/13/4
f 5109/5/3 5110/5/3 5111/5/3 5112/5/3
f 5113/5/4 5114/5/4 5115/5/4 5116/5/4
f 5117/10/3 5118/10/3 5119/10/3 5120/10/3
f 5121/10/4 5122/10/4 5123/10/4 5124/10/4
f 5125/5/3 5126/5/3 5127/5/3 5128/5/3
f 5129/5/4 5130/5/4 5131/5/4 5132/5/4
f 5133/11/3 5134/11/3 5135/11/3 5136/11/3
f 5137/11/4 5138/11/4 5139/11/4 5140/11/4
f 5141/11/3 5142/11/3 5143/11/3 5144/11/3
f 5145/11/4 5146/11/4 5147/11/4 5148/11/4
f 5149/2/3 5150/2/3 5151/2/3 5152/2/3
f 5153/2/4 5154/2/4 5155/2/4 5156/2/4
f 5157/7/3 5158/7/3 5159/7/3 5160/7/3
f 5161/7/4 5162/7/4 5163/7/4 5164/7/4
f 5165/7/2 5166/7/2 5167/7/2 5168/7/2
f 5169/7/3 5170/7/3 5171/7/3 5172/7/3
f 5173/7/4 5174/7/4 5175/7/4 5176/7/4
f 5177/3/1 5178/3/1 5179/3/1 5180/3/1
f 5181/3/3 5182/3/3 5183/3/3 5184/3/3
f 5185/3/4 5186/3/4 5187/3/4 5188/3/4
f 5189/3/5 5190/3/5 5191/3/5 5192/3/5
f 5193/9/3 5194/9/3 5195/9/3 5196/9/3
f 5197/9/4 5198/9/4 5199/9/4 5200/9/4
f 5201/9/5 5202/9/5 5203/9/5 5204/9/5
f 5205/12/3 5206/12/3 5207/12/3 5208/12/3
f 5209/12/4 5210/12/4 5211/12/4 5212/12/4
f 5213/12/5 5214/12/5 5215/12/5 5216/12/5
f 5217/9/3 5218/9/3 5219/9/3 5220/9/3
f 5221/9/4 5222/9/4 5223/9/4 5224/9/4
f 5225/9/5 5226/9/5 5227/9/5 5228/9/5
f 5229/12/3 5230/12/3 5231/12/3 5232/12/3
f 5233/12/4 5234/12/4 5235/12/4 5236/12/4
f 5237/12/5 5238/12/5 5239/12/5 5240/12/5
f 5241/9/3 5242/9/3 5243/9/3 5244/9/3
f 5245/9/4 5246/9/4 5247/9/4 5248/9/4
f 5249/9/5 5250/9/5 5251/9/5 5252/9/5
f 5253/6/4 5254/6/4 5255/6/4 5256/6/4
f 5257/6/5 5258/6/5 5259/6/5 5260/6/5
f 5261/6/1 5262/6/1 5263/6/1 5264/6/1
f 5265/6/2 5266/6/2 5267/6/2 5268/6/2
f 5269/6/5 5270/6/5 5271/6/5 5272/6/5
f 5273/6/6 5274/6/6 5275/6/6 5276/6/6
f 5277/6/1 5278/6/1 5279/6/1 5280/6/1
f 5281/6/2 5282/6/2 5283/6/2 5284/6/2
f 5285/6/3 5286/6/3 5287/6/3 5288/6/3
f 5289/6/5 5290/6/5 5291/6/5 5292/6/5
f 5293/6/6 5294/6/6 5295/6/6 5296/6/6
f 5297/12/3 5298/12/3 5299/12/3 5300/12/3
f 5301/12/4 5302/12/4 5303/12/4 5304/12/4
f 5305/12/5 5306/12/5 5307/12/5 5308/12/5
f 5309/6/4 5310/6/4 5311/6/4 5312/6/4
f 5313/6/5 5314/6/5 5315/6/5 5316/6/5
f 5317/6/1 5318/6/1 5319/6/1 5320/6/1
f 5321/6/5 5322/6/5 5323/6/5 5324/6/5
f 5325/6/6 5326/6/6 5327/6/6 5328/6/6
f 5329/6/1 5330/6/1 5331/6/1 5332/6/1
f 5333/6/3 5334/6/3 5335/6/3 5336/6/3
f 5337/6/5 5338/6/5 5339/6/5 5340/6/5
f 5341/6/6 5342/6/6 5343/6/6 5344/6/6
f 5345/6/4 5346/6/4 5347/6/4 5348/6/4
f 5349/6/5 5350/6/5 5351/6/5 5352/6/5
f 5353/6/2 5354/6/2 5355/6/2 5356/6/2
f 5357/6/5 5358/6/5 5359/6/5 5360/6/5
f 5361/6/6 5362/6/6 5363/6/6 5364/6/6
f 5365/6/2 5366/6/2 5367/6/2 5368/6/2
f 5369/6/3 5370/6/3 5371/6/3 5372/6/3
f 5373/6/5 5374/6/5 5375/6/5 5376/6/5
f 5377/6/6 5378/6/6 5379/6/6 5380/6/6
f 5381/10/3 5382/10/3 5383/10/3 5384/10/3
f 5385/10/4 5386/10/4 5387/10/4 5388/10/4
f 5389/10/5 5390/10/5 5391/10/5 5392/10/5
f 5393/10/3 5394/10/3 5395/10/3 5396/10/3
f 5397/10/4 5398/10/4 5399/10/4 5400/10/4
f 5401/10/5 5402/10/5 5403/10/5 5404/10/5
f 5405/10/3 5406/10/3 5407/10/3 5408/10/3
f 5409/10/4 5410/10/4 5411/10/4 5412/10/4
f 5413/10/5 5414/10/5 5415/10/5 5416/10/5
f 5417/13/3 5418/13/3 5419/13/3 5420/13/3
f 5421/13/4 5422/13/4 5423/13/4 5424/13/4
f 5425/13/5 5426/13/5 5427/13/5 5428/13/5
f 5429/5/3 5430/5/3 5431/5/3 5432/5/3
f 5433/5/4 5434/5/4 5435/5/4 5436/5/4
f 5437/5/5 5438/5/5 5439/5/5 5440/5/5
f 5441/10/3 5442/10/3 5443/10/3 5444/10/3
f 5445/10/4 5446/10/4 5447/10/4 5448/10/4
f 5449/10/5 5450/10/5 5451/10/5 5452/10/5
f 5453/13/3 5454/13/3 5455/13/3 5456/13/3
f 5457/13/4 5458/13/4 5459/13/4 5460/13/4
f 5461/13/5 5462/13/5 5463/13/5 5464/13/5
f 5465/10/3 5466/10/3 5467/10/3 5468/10/3
f 5469/10/4 5470/10/4 5471/10/4 5472/10/4
f 5473/10/5 5474/10/5 5475/10/5 5476/10/5
f 5477/5/3 5478/5/3 5479/5/3 5480/5/3
f 5481/5/4 5482/5/4 5483/5/4 5484/5/4
f 5485/5/5 5486/5/5 5487/5/5 5488/5/5
f 5489/11/3 5490/11/3 5491/11/3 5492/11/3
f 5493/11/4 5494/11/4 5495/11/4 5496/11/4
f 5497/11/5 5498/11/5 5499/11/5 5500/11/5
f 5501/7/3 5502/7/3 5503/7/3 5504/7/3
f 5505/7/4 5506/7/4 5507/7/4 5508/7/4
f 5509/7/5 5510/7/5 5511/7/5 5512/7/5
f 5513/7/3 5514/7/3 5515/7/3 5516/7/3
f 5517/7/4 5518/7/4 5519/7/4 5520/7/4
f 5521/7/5 5522/7/5 5523/7/5 5524/7/5
f 5525/11/3 5526/11/3 5527/11/3 5528/11/3
f 5529/11/4 5530/11/4 5531/11/4 5532/11/4
f 5533/11/5 5534/11/5 5535/11/5 5536/11/5
f 5537/11/2 5538/11/2 5539/11/2 5540/11/2
f 5541/11/3 5542/11/3 5543/11/3 5544/11/3
f 5545/11/4 5546/11/4 5547/11/4 5548/11/4
f 5549/11/5 5550/11/5 5551/11/5 5552/11/5

