# generated by vox_to_obj_exporter
# scale=0.1 center=true ground=true y_up=false

mtllib Shape_24_16.mtl
usemtl palette

# normals
vn -1 0 0
vn 1 0 0
vn 0 0 1
vn 0 0 -1
vn 0 -1 0
vn 0 1 0

# texcoords
vt 0.365234375 0.5
vt 0.701171875 0.5
vt 0.537109375 0.5
vt 0.369140625 0.5
vt 0.876953125 0.5
vt 0.677734375 0.5
vt 0.509765625 0.5
vt 0.533203125 0.5

# verts
v -1.2 1.2 0.1
v -1.2 1.2 0
v -1.2 1.1 0
v -1.2 1.1 0.1
v -1.2 1.2 0.1
v -1.2 1.1 0.1
v -1.1 1.1 0.1
v -1.1 1.2 0.1
v -1.2 1.1 0
v -1.2 1.2 0
v -1.1 1.2 0
v -1.1 1.1 0
v -1.1 1.2 0.1
v -1.1 1.2 0
v -1.2 1.2 0
v -1.2 1.2 0.1
v -1.1 1.2 0.1
v -1.1 1.1 0.1
v -1 1.1 0.1
v -1 1.2 0.1
v -1.1 1.1 0
v -1.1 1.2 0
v -1 1.2 0
v -1 1.1 0
v -1 1.2 0.1
v -1 1.2 0
v -1.1 1.2 0
v -1.1 1.2 0.1
v -1 1.2 0.1
v -1 1.1 0.1
v -0.9 1.1 0.1
v -0.9 1.2 0.1
v -1 1.1 0
v -1 1.2 0
v -0.9 1.2 0
v -0.9 1.1 0
v -0.9 1.2 0.1
v -0.9 1.2 0
v -1 1.2 0
v -1 1.2 0.1
v -0.9 1.2 0.1
v -0.9 1.1 0.1
v -0.8 1.1 0.1
v -0.8 1.2 0.1
v -0.9 1.1 0
v -0.9 1.2 0
v -0.8 1.2 0
v -0.8 1.1 0
v -0.8 1.2 0.1
v -0.8 1.2 0
v -0.9 1.2 0
v -0.9 1.2 0.1
v -0.8 1.2 0.1
v -0.8 1.1 0.1
v -0.7 1.1 0.1
v -0.7 1.2 0.1
v -0.8 1.1 0
v -0.8 1.2 0
v -0.7 1.2 0
v -0.7 1.1 0
v -0.7 1.2 0.1
v -0.7 1.2 0
v -0.8 1.2 0
v -0.8 1.2 0.1
v -0.7 1.2 0.1
v -0.7 1.1 0.1
v -0.6 1.1 0.1
v -0.6 1.2 0.1
v -0.7 1.1 0
v -0.7 1.2 0
v -0.6 1.2 0
v -0.6 1.1 0
v -0.6 1.2 0.1
v -0.6 1.2 0
v -0.7 1.2 0
v -0.7 1.2 0.1
v -0.6 1.2 0.1
v -0.6 1.1 0.1
v -0.5 1.1 0.1
v -0.5 1.2 0.1
v -0.6 1.1 0
v -0.6 1.2 0
v -0.5 1.2 0
v -0.5 1.1 0
v -0.5 1.2 0.1
v -0.5 1.2 0
v -0.6 1.2 0
v -0.6 1.2 0.1
v -0.5 1.2 0.1
v -0.5 1.1 0.1
v -0.4 1.1 0.1
v -0.4 1.2 0.1
v -0.5 1.1 0
v -0.5 1.2 0
v -0.4 1.2 0
v -0.4 1.1 0
v -0.4 1.2 0.1
v -0.4 1.2 0
v -0.5 1.2 0
v -0.5 1.2 0.1
v -0.4 1.2 0.1
v -0.4 1.1 0.1
v -0.3 1.1 0.1
v -0.3 1.2 0.1
v -0.4 1.1 0
v -0.4 1.2 0
v -0.3 1.2 0
v -0.3 1.1 0
v -0.3 1.2 0.1
v -0.3 1.2 0
v -0.4 1.2 0
v -0.4 1.2 0.1
v -0.3 1.2 0.1
v -0.3 1.1 0.1
v -0.2 1.1 0.1
v -0.2 1.2 0.1
v -0.3 1.1 0
v -0.3 1.2 0
v -0.2 1.2 0
v -0.2 1.1 0
v -0.2 1.2 0.1
v -0.2 1.2 0
v -0.3 1.2 0
v -0.3 1.2 0.1
v -0.2 1.2 0.1
v -0.2 1.1 0.1
v -0.1 1.1 0.1
v -0.1 1.2 0.1
v -0.2 1.1 0
v -0.2 1.2 0
v -0.1 1.2 0
v -0.1 1.1 0
v -0.1 1.2 0.1
v -0.1 1.2 0
v -0.2 1.2 0
v -0.2 1.2 0.1
v -0.1 1.2 0.1
v -0.1 1.1 0.1
v 0 1.1 0.1
v 0 1.2 0.1
v -0.1 1.1 0
v -0.1 1.2 0
v 0 1.2 0
v 0 1.1 0
v 0 1.2 0.1
v 0 1.2 0
v -0.1 1.2 0
v -0.1 1.2 0.1
v 0 1.2 0.1
v 0 1.1 0.1
v 0.1 1.1 0.1
v 0.1 1.2 0.1
v 0 1.1 0
v 0 1.2 0
v 0.1 1.2 0
v 0.1 1.1 0
v 0.1 1.2 0.1
v 0.1 1.2 0
v 0 1.2 0
v 0 1.2 0.1
v 0.1 1.2 0.1
v 0.1 1.1 0.1
v 0.2 1.1 0.1
v 0.2 1.2 0.1
v 0.1 1.1 0
v 0.1 1.2 0
v 0.2 1.2 0
v 0.2 1.1 0
v 0.2 1.2 0.1
v 0.2 1.2 0
v 0.1 1.2 0
v 0.1 1.2 0.1
v 0.2 1.2 0.1
v 0.2 1.1 0.1
v 0.3 1.1 0.1
v 0.3 1.2 0.1
v 0.2 1.1 0
v 0.2 1.2 0
v 0.3 1.2 0
v 0.3 1.1 0
v 0.3 1.2 0.1
v 0.3 1.2 0
v 0.2 1.2 0
v 0.2 1.2 0.1
v 0.3 1.2 0.1
v 0.3 1.1 0.1
v 0.4 1.1 0.1
v 0.4 1.2 0.1
v 0.3 1.1 0
v 0.3 1.2 0
v 0.4 1.2 0
v 0.4 1.1 0
v 0.4 1.2 0.1
v 0.4 1.2 0
v 0.3 1.2 0
v 0.3 1.2 0.1
v 0.4 1.2 0.1
v 0.4 1.1 0.1
v 0.5 1.1 0.1
v 0.5 1.2 0.1
v 0.4 1.1 0
v 0.4 1.2 0
v 0.5 1.2 0
v 0.5 1.1 0
v 0.5 1.2 0.1
v 0.5 1.2 0
v 0.4 1.2 0
v 0.4 1.2 0.1
v 0.5 1.2 0.1
v 0.5 1.1 0.1
v 0.6 1.1 0.1
v 0.6 1.2 0.1
v 0.5 1.1 0
v 0.5 1.2 0
v 0.6 1.2 0
v 0.6 1.1 0
v 0.6 1.2 0.1
v 0.6 1.2 0
v 0.5 1.2 0
v 0.5 1.2 0.1
v 0.6 1.2 0.1
v 0.6 1.1 0.1
v 0.7 1.1 0.1
v 0.7 1.2 0.1
v 0.6 1.1 0
v 0.6 1.2 0
v 0.7 1.2 0
v 0.7 1.1 0
v 0.7 1.2 0.1
v 0.7 1.2 0
v 0.6 1.2 0
v 0.6 1.2 0.1
v 0.7 1.2 0.1
v 0.7 1.1 0.1
v 0.8 1.1 0.1
v 0.8 1.2 0.1
v 0.7 1.1 0
v 0.7 1.2 0
v 0.8 1.2 0
v 0.8 1.1 0
v 0.8 1.2 0.1
v 0.8 1.2 0
v 0.7 1.2 0
v 0.7 1.2 0.1
v 0.8 1.2 0.1
v 0.8 1.1 0.1
v 0.9 1.1 0.1
v 0.9 1.2 0.1
v 0.8 1.1 0
v 0.8 1.2 0
v 0.9 1.2 0
v 0.9 1.1 0
v 0.9 1.2 0.1
v 0.9 1.2 0
v 0.8 1.2 0
v 0.8 1.2 0.1
v 0.9 1.2 0.1
v 0.9 1.1 0.1
v 1 1.1 0.1
v 1 1.2 0.1
v 0.9 1.1 0
v 0.9 1.2 0
v 1 1.2 0
v 1 1.1 0
v 1 1.2 0.1
v 1 1.2 0
v 0.9 1.2 0
v 0.9 1.2 0.1
v 1 1.2 0.1
v 1 1.1 0.1
v 1.1 1.1 0.1
v 1.1 1.2 0.1
v 1 1.1 0
v 1 1.2 0
v 1.1 1.2 0
v 1.1 1.1 0
v 1.1 1.2 0.1
v 1.1 1.2 0
v 1 1.2 0
v 1 1.2 0.1
v 1.2 1.1 0.1
v 1.2 1.1 0
v 1.2 1.2 0
v 1.2 1.2 0.1
v 1.1 1.2 0.1
v 1.1 1.1 0.1
v 1.2 1.1 0.1
v 1.2 1.2 0.1
v 1.1 1.1 0
v 1.1 1.2 0
v 1.2 1.2 0
v 1.2 1.1 0
v 1.2 1.2 0.1
v 1.2 1.2 0
v 1.1 1.2 0
v 1.1 1.2 0.1
v -1.2 1.1 0.1
v -1.2 1.1 0
v -1.2 1 0
v -1.2 1 0.1
v -1.2 1.1 0.1
v -1.2 1 0.1
v -1.1 1 0.1
v -1.1 1.1 0.1
v -1.2 1 0
v -1.2 1.1 0
v -1.1 1.1 0
v -1.1 1 0
v -1.1 1.1 0.1
v -1.1 1 0.1
v -1 1 0.1
v -1 1.1 0.1
v -1.1 1 0
v -1.1 1.1 0
v -1 1.1 0
v -1 1 0
v -1 1.1 0.1
v -1 1 0.1
v -0.9 1 0.1
v -0.9 1.1 0.1
v -1 1 0
v -1 1.1 0
v -0.9 1.1 0
v -0.9 1 0
v -0.9 1.1 0.1
v -0.9 1 0.1
v -0.8 1 0.1
v -0.8 1.1 0.1
v -0.9 1 0
v -0.9 1.1 0
v -0.8 1.1 0
v -0.8 1 0
v -0.8 1.1 0.1
v -0.8 1 0.1
v -0.7 1 0.1
v -0.7 1.1 0.1
v -0.8 1 0
v -0.8 1.1 0
v -0.7 1.1 0
v -0.7 1 0
v -0.7 1.1 0.1
v -0.7 1 0.1
v -0.6 1 0.1
v -0.6 1.1 0.1
v -0.7 1 0
v -0.7 1.1 0
v -0.6 1.1 0
v -0.6 1 0
v -0.6 1.1 0.1
v -0.6 1 0.1
v -0.5 1 0.1
v -0.5 1.1 0.1
v -0.6 1 0
v -0.6 1.1 0
v -0.5 1.1 0
v -0.5 1 0
v -0.5 1.1 0.1
v -0.5 1 0.1
v -0.4 1 0.1
v -0.4 1.1 0.1
v -0.5 1 0
v -0.5 1.1 0
v -0.4 1.1 0
v -0.4 1 0
v -0.4 1.1 0.1
v -0.4 1 0.1
v -0.3 1 0.1
v -0.3 1.1 0.1
v -0.4 1 0
v -0.4 1.1 0
v -0.3 1.1 0
v -0.3 1 0
v -0.3 1.1 0.1
v -0.3 1 0.1
v -0.2 1 0.1
v -0.2 1.1 0.1
v -0.3 1 0
v -0.3 1.1 0
v -0.2 1.1 0
v -0.2 1 0
v -0.2 1.1 0.1
v -0.2 1 0.1
v -0.1 1 0.1
v -0.1 1.1 0.1
v -0.2 1 0
v -0.2 1.1 0
v -0.1 1.1 0
v -0.1 1 0
v -0.1 1.1 0.1
v -0.1 1 0.1
v 0 1 0.1
v 0 1.1 0.1
v -0.1 1 0
v -0.1 1.1 0
v 0 1.1 0
v 0 1 0
v 0 1.1 0.1
v 0 1 0.1
v 0.1 1 0.1
v 0.1 1.1 0.1
v 0 1 0
v 0 1.1 0
v 0.1 1.1 0
v 0.1 1 0
v 0.1 1.1 0.1
v 0.1 1 0.1
v 0.2 1 0.1
v 0.2 1.1 0.1
v 0.1 1 0
v 0.1 1.1 0
v 0.2 1.1 0
v 0.2 1 0
v 0.2 1.1 0.1
v 0.2 1 0.1
v 0.3 1 0.1
v 0.3 1.1 0.1
v 0.2 1 0
v 0.2 1.1 0
v 0.3 1.1 0
v 0.3 1 0
v 0.3 1.1 0.1
v 0.3 1 0.1
v 0.4 1 0.1
v 0.4 1.1 0.1
v 0.3 1 0
v 0.3 1.1 0
v 0.4 1.1 0
v 0.4 1 0
v 0.4 1.1 0.1
v 0.4 1 0.1
v 0.5 1 0.1
v 0.5 1.1 0.1
v 0.4 1 0
v 0.4 1.1 0
v 0.5 1.1 0
v 0.5 1 0
v 0.5 1.1 0.1
v 0.5 1 0.1
v 0.6 1 0.1
v 0.6 1.1 0.1
v 0.5 1 0
v 0.5 1.1 0
v 0.6 1.1 0
v 0.6 1 0
v 0.6 1.1 0.1
v 0.6 1 0.1
v 0.7 1 0.1
v 0.7 1.1 0.1
v 0.6 1 0
v 0.6 1.1 0
v 0.7 1.1 0
v 0.7 1 0
v 0.7 1.1 0.1
v 0.7 1 0.1
v 0.8 1 0.1
v 0.8 1.1 0.1
v 0.7 1 0
v 0.7 1.1 0
v 0.8 1.1 0
v 0.8 1 0
v 0.8 1.1 0.1
v 0.8 1 0.1
v 0.9 1 0.1
v 0.9 1.1 0.1
v 0.8 1 0
v 0.8 1.1 0
v 0.9 1.1 0
v 0.9 1 0
v 0.9 1.1 0.1
v 0.9 1 0.1
v 1 1 0.1
v 1 1.1 0.1
v 0.9 1 0
v 0.9 1.1 0
v 1 1.1 0
v 1 1 0
v 1 1.1 0.1
v 1 1 0.1
v 1.1 1 0.1
v 1.1 1.1 0.1
v 1 1 0
v 1 1.1 0
v 1.1 1.1 0
v 1.1 1 0
v 1.2 1 0.1
v 1.2 1 0
v 1.2 1.1 0
v 1.2 1.1 0.1
v 1.1 1.1 0.1
v 1.1 1 0.1
v 1.2 1 0.1
v 1.2 1.1 0.1
v 1.1 1 0
v 1.1 1.1 0
v 1.2 1.1 0
v 1.2 1 0
v -1.2 1 0.1
v -1.2 1 0
v -1.2 0.9 0
v -1.2 0.9 0.1
v -1.2 1 0.1
v -1.2 0.9 0.1
v -1.1 0.9 0.1
v -1.1 1 0.1
v -1.2 0.9 0
v -1.2 1 0
v -1.1 1 0
v -1.1 0.9 0
v -1.1 1 0.1
v -1.1 0.9 0.1
v -1 0.9 0.1
v -1 1 0.1
v -1.1 0.9 0
v -1.1 1 0
v -1 1 0
v -1 0.9 0
v -1 1 0.1
v -1 0.9 0.1
v -0.9 0.9 0.1
v -0.9 1 0.1
v -1 0.9 0
v -1 1 0
v -0.9 1 0
v -0.9 0.9 0
v -0.9 1 0.1
v -0.9 0.9 0.1
v -0.8 0.9 0.1
v -0.8 1 0.1
v -0.9 0.9 0
v -0.9 1 0
v -0.8 1 0
v -0.8 0.9 0
v -0.8 1 0.1
v -0.8 0.9 0.1
v -0.7 0.9 0.1
v -0.7 1 0.1
v -0.8 0.9 0
v -0.8 1 0
v -0.7 1 0
v -0.7 0.9 0
v -0.7 1 0.1
v -0.7 0.9 0.1
v -0.6 0.9 0.1
v -0.6 1 0.1
v -0.7 0.9 0
v -0.7 1 0
v -0.6 1 0
v -0.6 0.9 0
v -0.6 1 0.1
v -0.6 0.9 0.1
v -0.5 0.9 0.1
v -0.5 1 0.1
v -0.6 0.9 0
v -0.6 1 0
v -0.5 1 0
v -0.5 0.9 0
v -0.5 1 0.1
v -0.5 0.9 0.1
v -0.4 0.9 0.1
v -0.4 1 0.1
v -0.5 0.9 0
v -0.5 1 0
v -0.4 1 0
v -0.4 0.9 0
v -0.4 1 0.1
v -0.4 0.9 0.1
v -0.3 0.9 0.1
v -0.3 1 0.1
v -0.4 0.9 0
v -0.4 1 0
v -0.3 1 0
v -0.3 0.9 0
v -0.3 1 0.1
v -0.3 0.9 0.1
v -0.2 0.9 0.1
v -0.2 1 0.1
v -0.3 0.9 0
v -0.3 1 0
v -0.2 1 0
v -0.2 0.9 0
v -0.2 1 0.1
v -0.2 0.9 0.1
v -0.1 0.9 0.1
v -0.1 1 0.1
v -0.2 0.9 0
v -0.2 1 0
v -0.1 1 0
v -0.1 0.9 0
v -0.1 1 0.1
v -0.1 0.9 0.1
v 0 0.9 0.1
v 0 1 0.1
v -0.1 0.9 0
v -0.1 1 0
v 0 1 0
v 0 0.9 0
v 0 1 0.1
v 0 0.9 0.1
v 0.1 0.9 0.1
v 0.1 1 0.1
v 0 0.9 0
v 0 1 0
v 0.1 1 0
v 0.1 0.9 0
v 0.1 1 0.1
v 0.1 0.9 0.1
v 0.2 0.9 0.1
v 0.2 1 0.1
v 0.1 0.9 0
v 0.1 1 0
v 0.2 1 0
v 0.2 0.9 0
v 0.2 1 0.1
v 0.2 0.9 0.1
v 0.3 0.9 0.1
v 0.3 1 0.1
v 0.2 0.9 0
v 0.2 1 0
v 0.3 1 0
v 0.3 0.9 0
v 0.3 1 0.1
v 0.3 0.9 0.1
v 0.4 0.9 0.1
v 0.4 1 0.1
v 0.3 0.9 0
v 0.3 1 0
v 0.4 1 0
v 0.4 0.9 0
v 0.4 1 0.1
v 0.4 0.9 0.1
v 0.5 0.9 0.1
v 0.5 1 0.1
v 0.4 0.9 0
v 0.4 1 0
v 0.5 1 0
v 0.5 0.9 0
v 0.5 1 0.1
v 0.5 0.9 0.1
v 0.6 0.9 0.1
v 0.6 1 0.1
v 0.5 0.9 0
v 0.5 1 0
v 0.6 1 0
v 0.6 0.9 0
v 0.6 1 0.1
v 0.6 0.9 0.1
v 0.7 0.9 0.1
v 0.7 1 0.1
v 0.6 0.9 0
v 0.6 1 0
v 0.7 1 0
v 0.7 0.9 0
v 0.7 1 0.1
v 0.7 0.9 0.1
v 0.8 0.9 0.1
v 0.8 1 0.1
v 0.7 0.9 0
v 0.7 1 0
v 0.8 1 0
v 0.8 0.9 0
v 0.8 1 0.1
v 0.8 0.9 0.1
v 0.9 0.9 0.1
v 0.9 1 0.1
v 0.8 0.9 0
v 0.8 1 0
v 0.9 1 0
v 0.9 0.9 0
v 0.9 1 0.1
v 0.9 0.9 0.1
v 1 0.9 0.1
v 1 1 0.1
v 0.9 0.9 0
v 0.9 1 0
v 1 1 0
v 1 0.9 0
v 1 1 0.1
v 1 0.9 0.1
v 1.1 0.9 0.1
v 1.1 1 0.1
v 1 0.9 0
v 1 1 0
v 1.1 1 0
v 1.1 0.9 0
v 1.2 0.9 0.1
v 1.2 0.9 0
v 1.2 1 0
v 1.2 1 0.1
v 1.1 1 0.1
v 1.1 0.9 0.1
v 1.2 0.9 0.1
v 1.2 1 0.1
v 1.1 0.9 0
v 1.1 1 0
v 1.2 1 0
v 1.2 0.9 0
v -1.2 0.9 0.1
v -1.2 0.9 0
v -1.2 0.8 0
v -1.2 0.8 0.1
v -1.2 0.9 0.1
v -1.2 0.8 0.1
v -1.1 0.8 0.1
v -1.1 0.9 0.1
v -1.2 0.8 0
v -1.2 0.9 0
v -1.1 0.9 0
v -1.1 0.8 0
v -1.1 0.9 0.1
v -1.1 0.8 0.1
v -1 0.8 0.1
v -1 0.9 0.1
v -1.1 0.8 0
v -1.1 0.9 0
v -1 0.9 0
v -1 0.8 0
v -1 0.9 0.1
v -1 0.8 0.1
v -0.9 0.8 0.1
v -0.9 0.9 0.1
v -1 0.8 0
v -1 0.9 0
v -0.9 0.9 0
v -0.9 0.8 0
v -0.9 0.9 0.1
v -0.9 0.8 0.1
v -0.8 0.8 0.1
v -0.8 0.9 0.1
v -0.9 0.8 0
v -0.9 0.9 0
v -0.8 0.9 0
v -0.8 0.8 0
v -0.8 0.9 0.1
v -0.8 0.8 0.1
v -0.7 0.8 0.1
v -0.7 0.9 0.1
v -0.8 0.8 0
v -0.8 0.9 0
v -0.7 0.9 0
v -0.7 0.8 0
v -0.7 0.9 0.1
v -0.7 0.8 0.1
v -0.6 0.8 0.1
v -0.6 0.9 0.1
v -0.7 0.8 0
v -0.7 0.9 0
v -0.6 0.9 0
v -0.6 0.8 0
v -0.6 0.9 0.1
v -0.6 0.8 0.1
v -0.5 0.8 0.1
v -0.5 0.9 0.1
v -0.6 0.8 0
v -0.6 0.9 0
v -0.5 0.9 0
v -0.5 0.8 0
v -0.5 0.9 0.1
v -0.5 0.8 0.1
v -0.4 0.8 0.1
v -0.4 0.9 0.1
v -0.5 0.8 0
v -0.5 0.9 0
v -0.4 0.9 0
v -0.4 0.8 0
v -0.4 0.9 0.1
v -0.4 0.8 0.1
v -0.3 0.8 0.1
v -0.3 0.9 0.1
v -0.4 0.8 0
v -0.4 0.9 0
v -0.3 0.9 0
v -0.3 0.8 0
v -0.3 0.9 0.1
v -0.3 0.8 0.1
v -0.2 0.8 0.1
v -0.2 0.9 0.1
v -0.3 0.8 0
v -0.3 0.9 0
v -0.2 0.9 0
v -0.2 0.8 0
v -0.2 0.9 0.1
v -0.2 0.8 0.1
v -0.1 0.8 0.1
v -0.1 0.9 0.1
v -0.2 0.8 0
v -0.2 0.9 0
v -0.1 0.9 0
v -0.1 0.8 0
v -0.1 0.9 0.1
v -0.1 0.8 0.1
v 0 0.8 0.1
v 0 0.9 0.1
v -0.1 0.8 0
v -0.1 0.9 0
v 0 0.9 0
v 0 0.8 0
v 0 0.9 0.1
v 0 0.8 0.1
v 0.1 0.8 0.1
v 0.1 0.9 0.1
v 0 0.8 0
v 0 0.9 0
v 0.1 0.9 0
v 0.1 0.8 0
v 0.1 0.9 0.1
v 0.1 0.8 0.1
v 0.2 0.8 0.1
v 0.2 0.9 0.1
v 0.1 0.8 0
v 0.1 0.9 0
v 0.2 0.9 0
v 0.2 0.8 0
v 0.2 0.9 0.1
v 0.2 0.8 0.1
v 0.3 0.8 0.1
v 0.3 0.9 0.1
v 0.2 0.8 0
v 0.2 0.9 0
v 0.3 0.9 0
v 0.3 0.8 0
v 0.3 0.9 0.1
v 0.3 0.8 0.1
v 0.4 0.8 0.1
v 0.4 0.9 0.1
v 0.3 0.8 0
v 0.3 0.9 0
v 0.4 0.9 0
v 0.4 0.8 0
v 0.4 0.9 0.1
v 0.4 0.8 0.1
v 0.5 0.8 0.1
v 0.5 0.9 0.1
v 0.4 0.8 0
v 0.4 0.9 0
v 0.5 0.9 0
v 0.5 0.8 0
v 0.5 0.9 0.1
v 0.5 0.8 0.1
v 0.6 0.8 0.1
v 0.6 0.9 0.1
v 0.5 0.8 0
v 0.5 0.9 0
v 0.6 0.9 0
v 0.6 0.8 0
v 0.6 0.9 0.1
v 0.6 0.8 0.1
v 0.7 0.8 0.1
v 0.7 0.9 0.1
v 0.6 0.8 0
v 0.6 0.9 0
v 0.7 0.9 0
v 0.7 0.8 0
v 0.7 0.9 0.1
v 0.7 0.8 0.1
v 0.8 0.8 0.1
v 0.8 0.9 0.1
v 0.7 0.8 0
v 0.7 0.9 0
v 0.8 0.9 0
v 0.8 0.8 0
v 0.8 0.9 0.1
v 0.8 0.8 0.1
v 0.9 0.8 0.1
v 0.9 0.9 0.1
v 0.8 0.8 0
v 0.8 0.9 0
v 0.9 0.9 0
v 0.9 0.8 0
v 0.9 0.9 0.1
v 0.9 0.8 0.1
v 1 0.8 0.1
v 1 0.9 0.1
v 0.9 0.8 0
v 0.9 0.9 0
v 1 0.9 0
v 1 0.8 0
v 1 0.9 0.1
v 1 0.8 0.1
v 1.1 0.8 0.1
v 1.1 0.9 0.1
v 1 0.8 0
v 1 0.9 0
v 1.1 0.9 0
v 1.1 0.8 0
v 1.2 0.8 0.1
v 1.2 0.8 0
v 1.2 0.9 0
v 1.2 0.9 0.1
v 1.1 0.9 0.1
v 1.1 0.8 0.1
v 1.2 0.8 0.1
v 1.2 0.9 0.1
v 1.1 0.8 0
v 1.1 0.9 0
v 1.2 0.9 0
v 1.2 0.8 0
v -1.2 0.8 0.1
v -1.2 0.8 0
v -1.2 0.7 0
v -1.2 0.7 0.1
v -1.2 0.8 0.1
v -1.2 0.7 0.1
v -1.1 0.7 0.1
v -1.1 0.8 0.1
v -1.2 0.7 0
v -1.2 0.8 0
v -1.1 0.8 0
v -1.1 0.7 0
v -1.1 0.8 0.1
v -1.1 0.7 0.1
v -1 0.7 0.1
v -1 0.8 0.1
v -1.1 0.7 0
v -1.1 0.8 0
v -1 0.8 0
v -1 0.7 0
v -1 0.8 0.1
v -1 0.7 0.1
v -0.9 0.7 0.1
v -0.9 0.8 0.1
v -1 0.7 0
v -1 0.8 0
v -0.9 0.8 0
v -0.9 0.7 0
v -0.9 0.8 0.1
v -0.9 0.7 0.1
v -0.8 0.7 0.1
v -0.8 0.8 0.1
v -0.9 0.7 0
v -0.9 0.8 0
v -0.8 0.8 0
v -0.8 0.7 0
v -0.8 0.8 0.1
v -0.8 0.7 0.1
v -0.7 0.7 0.1
v -0.7 0.8 0.1
v -0.8 0.7 0
v -0.8 0.8 0
v -0.7 0.8 0
v -0.7 0.7 0
v -0.7 0.8 0.1
v -0.7 0.7 0.1
v -0.6 0.7 0.1
v -0.6 0.8 0.1
v -0.7 0.7 0
v -0.7 0.8 0
v -0.6 0.8 0
v -0.6 0.7 0
v -0.6 0.8 0.1
v -0.6 0.7 0.1
v -0.5 0.7 0.1
v -0.5 0.8 0.1
v -0.6 0.7 0
v -0.6 0.8 0
v -0.5 0.8 0
v -0.5 0.7 0
v -0.5 0.8 0.1
v -0.5 0.7 0.1
v -0.4 0.7 0.1
v -0.4 0.8 0.1
v -0.5 0.7 0
v -0.5 0.8 0
v -0.4 0.8 0
v -0.4 0.7 0
v -0.4 0.8 0.1
v -0.4 0.7 0.1
v -0.3 0.7 0.1
v -0.3 0.8 0.1
v -0.4 0.7 0
v -0.4 0.8 0
v -0.3 0.8 0
v -0.3 0.7 0
v -0.3 0.8 0.1
v -0.3 0.7 0.1
v -0.2 0.7 0.1
v -0.2 0.8 0.1
v -0.3 0.7 0
v -0.3 0.8 0
v -0.2 0.8 0
v -0.2 0.7 0
v -0.2 0.8 0.1
v -0.2 0.7 0.1
v -0.1 0.7 0.1
v -0.1 0.8 0.1
v -0.2 0.7 0
v -0.2 0.8 0
v -0.1 0.8 0
v -0.1 0.7 0
v -0.1 0.8 0.1
v -0.1 0.7 0.1
v 0 0.7 0.1
v 0 0.8 0.1
v -0.1 0.7 0
v -0.1 0.8 0
v 0 0.8 0
v 0 0.7 0
v 0 0.8 0.1
v 0 0.7 0.1
v 0.1 0.7 0.1
v 0.1 0.8 0.1
v 0 0.7 0
v 0 0.8 0
v 0.1 0.8 0
v 0.1 0.7 0
v 0.1 0.8 0.1
v 0.1 0.7 0.1
v 0.2 0.7 0.1
v 0.2 0.8 0.1
v 0.1 0.7 0
v 0.1 0.8 0
v 0.2 0.8 0
v 0.2 0.7 0
v 0.2 0.8 0.1
v 0.2 0.7 0.1
v 0.3 0.7 0.1
v 0.3 0.8 0.1
v 0.2 0.7 0
v 0.2 0.8 0
v 0.3 0.8 0
v 0.3 0.7 0
v 0.3 0.8 0.1
v 0.3 0.7 0.1
v 0.4 0.7 0.1
v 0.4 0.8 0.1
v 0.3 0.7 0
v 0.3 0.8 0
v 0.4 0.8 0
v 0.4 0.7 0
v 0.4 0.8 0.1
v 0.4 0.7 0.1
v 0.5 0.7 0.1
v 0.5 0.8 0.1
v 0.4 0.7 0
v 0.4 0.8 0
v 0.5 0.8 0
v 0.5 0.7 0
v 0.5 0.8 0.1
v 0.5 0.7 0.1
v 0.6 0.7 0.1
v 0.6 0.8 0.1
v 0.5 0.7 0
v 0.5 0.8 0
v 0.6 0.8 0
v 0.6 0.7 0
v 0.6 0.8 0.1
v 0.6 0.7 0.1
v 0.7 0.7 0.1
v 0.7 0.8 0.1
v 0.6 0.7 0
v 0.6 0.8 0
v 0.7 0.8 0
v 0.7 0.7 0
v 0.7 0.8 0.1
v 0.7 0.7 0.1
v 0.8 0.7 0.1
v 0.8 0.8 0.1
v 0.7 0.7 0
v 0.7 0.8 0
v 0.8 0.8 0
v 0.8 0.7 0
v 0.8 0.8 0.1
v 0.8 0.7 0.1
v 0.9 0.7 0.1
v 0.9 0.8 0.1
v 0.8 0.7 0
v 0.8 0.8 0
v 0.9 0.8 0
v 0.9 0.7 0
v 0.9 0.8 0.1
v 0.9 0.7 0.1
v 1 0.7 0.1
v 1 0.8 0.1
v 0.9 0.7 0
v 0.9 0.8 0
v 1 0.8 0
v 1 0.7 0
v 1 0.8 0.1
v 1 0.7 0.1
v 1.1 0.7 0.1
v 1.1 0.8 0.1
v 1 0.7 0
v 1 0.8 0
v 1.1 0.8 0
v 1.1 0.7 0
v 1.2 0.7 0.1
v 1.2 0.7 0
v 1.2 0.8 0
v 1.2 0.8 0.1
v 1.1 0.8 0.1
v 1.1 0.7 0.1
v 1.2 0.7 0.1
v 1.2 0.8 0.1
v 1.1 0.7 0
v 1.1 0.8 0
v 1.2 0.8 0
v 1.2 0.7 0
v -1.2 0.7 0.1
v -1.2 0.7 0
v -1.2 0.6 0
v -1.2 0.6 0.1
v -1.2 0.7 0.1
v -1.2 0.6 0.1
v -1.1 0.6 0.1
v -1.1 0.7 0.1
v -1.2 0.6 0
v -1.2 0.7 0
v -1.1 0.7 0
v -1.1 0.6 0
v -1.1 0.7 0.1
v -1.1 0.6 0.1
v -1 0.6 0.1
v -1 0.7 0.1
v -1.1 0.6 0
v -1.1 0.7 0
v -1 0.7 0
v -1 0.6 0
v -1 0.7 0.1
v -1 0.6 0.1
v -0.9 0.6 0.1
v -0.9 0.7 0.1
v -1 0.6 0
v -1 0.7 0
v -0.9 0.7 0
v -0.9 0.6 0
v -0.9 0.7 0.1
v -0.9 0.6 0.1
v -0.8 0.6 0.1
v -0.8 0.7 0.1
v -0.9 0.6 0
v -0.9 0.7 0
v -0.8 0.7 0
v -0.8 0.6 0
v -0.8 0.7 0.1
v -0.8 0.6 0.1
v -0.7 0.6 0.1
v -0.7 0.7 0.1
v -0.8 0.6 0
v -0.8 0.7 0
v -0.7 0.7 0
v -0.7 0.6 0
v -0.7 0.7 0.1
v -0.7 0.6 0.1
v -0.6 0.6 0.1
v -0.6 0.7 0.1
v -0.7 0.6 0
v -0.7 0.7 0
v -0.6 0.7 0
v -0.6 0.6 0
v -0.6 0.7 0.1
v -0.6 0.6 0.1
v -0.5 0.6 0.1
v -0.5 0.7 0.1
v -0.6 0.6 0
v -0.6 0.7 0
v -0.5 0.7 0
v -0.5 0.6 0
v -0.5 0.7 0.1
v -0.5 0.6 0.1
v -0.4 0.6 0.1
v -0.4 0.7 0.1
v -0.5 0.6 0
v -0.5 0.7 0
v -0.4 0.7 0
v -0.4 0.6 0
v -0.4 0.7 0.1
v -0.4 0.6 0.1
v -0.3 0.6 0.1
v -0.3 0.7 0.1
v -0.4 0.6 0
v -0.4 0.7 0
v -0.3 0.7 0
v -0.3 0.6 0
v -0.3 0.7 0.1
v -0.3 0.6 0.1
v -0.2 0.6 0.1
v -0.2 0.7 0.1
v -0.3 0.6 0
v -0.3 0.7 0
v -0.2 0.7 0
v -0.2 0.6 0
v -0.2 0.7 0.1
v -0.2 0.6 0.1
v -0.1 0.6 0.1
v -0.1 0.7 0.1
v -0.2 0.6 0
v -0.2 0.7 0
v -0.1 0.7 0
v -0.1 0.6 0
v -0.1 0.7 0.1
v -0.1 0.6 0.1
v 0 0.6 0.1
v 0 0.7 0.1
v -0.1 0.6 0
v -0.1 0.7 0
v 0 0.7 0
v 0 0.6 0
v 0 0.7 0.1
v 0 0.6 0.1
v 0.1 0.6 0.1
v 0.1 0.7 0.1
v 0 0.6 0
v 0 0.7 0
v 0.1 0.7 0
v 0.1 0.6 0
v 0.1 0.7 0.1
v 0.1 0.6 0.1
v 0.2 0.6 0.1
v 0.2 0.7 0.1
v 0.1 0.6 0
v 0.1 0.7 0
v 0.2 0.7 0
v 0.2 0.6 0
v 0.2 0.7 0.1
v 0.2 0.6 0.1
v 0.3 0.6 0.1
v 0.3 0.7 0.1
v 0.2 0.6 0
v 0.2 0.7 0
v 0.3 0.7 0
v 0.3 0.6 0
v 0.3 0.7 0.1
v 0.3 0.6 0.1
v 0.4 0.6 0.1
v 0.4 0.7 0.1
v 0.3 0.6 0
v 0.3 0.7 0
v 0.4 0.7 0
v 0.4 0.6 0
v 0.4 0.7 0.1
v 0.4 0.6 0.1
v 0.5 0.6 0.1
v 0.5 0.7 0.1
v 0.4 0.6 0
v 0.4 0.7 0
v 0.5 0.7 0
v 0.5 0.6 0
v 0.5 0.7 0.1
v 0.5 0.6 0.1
v 0.6 0.6 0.1
v 0.6 0.7 0.1
v 0.5 0.6 0
v 0.5 0.7 0
v 0.6 0.7 0
v 0.6 0.6 0
v 0.6 0.7 0.1
v 0.6 0.6 0.1
v 0.7 0.6 0.1
v 0.7 0.7 0.1
v 0.6 0.6 0
v 0.6 0.7 0
v 0.7 0.7 0
v 0.7 0.6 0
v 0.7 0.7 0.1
v 0.7 0.6 0.1
v 0.8 0.6 0.1
v 0.8 0.7 0.1
v 0.7 0.6 0
v 0.7 0.7 0
v 0.8 0.7 0
v 0.8 0.6 0
v 0.8 0.7 0.1
v 0.8 0.6 0.1
v 0.9 0.6 0.1
v 0.9 0.7 0.1
v 0.8 0.6 0
v 0.8 0.7 0
v 0.9 0.7 0
v 0.9 0.6 0
v 0.9 0.7 0.1
v 0.9 0.6 0.1
v 1 0.6 0.1
v 1 0.7 0.1
v 0.9 0.6 0
v 0.9 0.7 0
v 1 0.7 0
v 1 0.6 0
v 1 0.7 0.1
v 1 0.6 0.1
v 1.1 0.6 0.1
v 1.1 0.7 0.1
v 1 0.6 0
v 1 0.7 0
v 1.1 0.7 0
v 1.1 0.6 0
v 1.2 0.6 0.1
v 1.2 0.6 0
v 1.2 0.7 0
v 1.2 0.7 0.1
v 1.1 0.7 0.1
v 1.1 0.6 0.1
v 1.2 0.6 0.1
v 1.2 0.7 0.1
v 1.1 0.6 0
v 1.1 0.7 0
v 1.2 0.7 0
v 1.2 0.6 0
v -1.2 0.6 0.1
v -1.2 0.6 0
v -1.2 0.5 0
v -1.2 0.5 0.1
v -1.2 0.6 0.1
v -1.2 0.5 0.1
v -1.1 0.5 0.1
v -1.1 0.6 0.1
v -1.2 0.5 0
v -1.2 0.6 0
v -1.1 0.6 0
v -1.1 0.5 0
v -1.1 0.6 0.1
v -1.1 0.5 0.1
v -1 0.5 0.1
v -1 0.6 0.1
v -1.1 0.5 0
v -1.1 0.6 0
v -1 0.6 0
v -1 0.5 0
v -1 0.6 0.1
v -1 0.5 0.1
v -0.9 0.5 0.1
v -0.9 0.6 0.1
v -1 0.5 0
v -1 0.6 0
v -0.9 0.6 0
v -0.9 0.5 0
v -0.9 0.6 0.1
v -0.9 0.5 0.1
v -0.8 0.5 0.1
v -0.8 0.6 0.1
v -0.9 0.5 0
v -0.9 0.6 0
v -0.8 0.6 0
v -0.8 0.5 0
v -0.8 0.6 0.1
v -0.8 0.5 0.1
v -0.7 0.5 0.1
v -0.7 0.6 0.1
v -0.8 0.5 0
v -0.8 0.6 0
v -0.7 0.6 0
v -0.7 0.5 0
v -0.7 0.6 0.1
v -0.7 0.5 0.1
v -0.6 0.5 0.1
v -0.6 0.6 0.1
v -0.7 0.5 0
v -0.7 0.6 0
v -0.6 0.6 0
v -0.6 0.5 0
v -0.6 0.6 0.1
v -0.6 0.5 0.1
v -0.5 0.5 0.1
v -0.5 0.6 0.1
v -0.6 0.5 0
v -0.6 0.6 0
v -0.5 0.6 0
v -0.5 0.5 0
v -0.5 0.6 0.1
v -0.5 0.5 0.1
v -0.4 0.5 0.1
v -0.4 0.6 0.1
v -0.5 0.5 0
v -0.5 0.6 0
v -0.4 0.6 0
v -0.4 0.5 0
v -0.4 0.6 0.1
v -0.4 0.5 0.1
v -0.3 0.5 0.1
v -0.3 0.6 0.1
v -0.4 0.5 0
v -0.4 0.6 0
v -0.3 0.6 0
v -0.3 0.5 0
v -0.3 0.6 0.1
v -0.3 0.5 0.1
v -0.2 0.5 0.1
v -0.2 0.6 0.1
v -0.3 0.5 0
v -0.3 0.6 0
v -0.2 0.6 0
v -0.2 0.5 0
v -0.2 0.6 0.1
v -0.2 0.5 0.1
v -0.1 0.5 0.1
v -0.1 0.6 0.1
v -0.2 0.5 0
v -0.2 0.6 0
v -0.1 0.6 0
v -0.1 0.5 0
v -0.1 0.6 0.1
v -0.1 0.5 0.1
v 0 0.5 0.1
v 0 0.6 0.1
v -0.1 0.5 0
v -0.1 0.6 0
v 0 0.6 0
v 0 0.5 0
v 0 0.6 0.1
v 0 0.5 0.1
v 0.1 0.5 0.1
v 0.1 0.6 0.1
v 0 0.5 0
v 0 0.6 0
v 0.1 0.6 0
v 0.1 0.5 0
v 0.1 0.6 0.1
v 0.1 0.5 0.1
v 0.2 0.5 0.1
v 0.2 0.6 0.1
v 0.1 0.5 0
v 0.1 0.6 0
v 0.2 0.6 0
v 0.2 0.5 0
v 0.2 0.6 0.1
v 0.2 0.5 0.1
v 0.3 0.5 0.1
v 0.3 0.6 0.1
v 0.2 0.5 0
v 0.2 0.6 0
v 0.3 0.6 0
v 0.3 0.5 0
v 0.3 0.6 0.1
v 0.3 0.5 0.1
v 0.4 0.5 0.1
v 0.4 0.6 0.1
v 0.3 0.5 0
v 0.3 0.6 0
v 0.4 0.6 0
v 0.4 0.5 0
v 0.4 0.6 0.1
v 0.4 0.5 0.1
v 0.5 0.5 0.1
v 0.5 0.6 0.1
v 0.4 0.5 0
v 0.4 0.6 0
v 0.5 0.6 0
v 0.5 0.5 0
v 0.5 0.6 0.1
v 0.5 0.5 0.1
v 0.6 0.5 0.1
v 0.6 0.6 0.1
v 0.5 0.5 0
v 0.5 0.6 0
v 0.6 0.6 0
v 0.6 0.5 0
v 0.6 0.6 0.1
v 0.6 0.5 0.1
v 0.7 0.5 0.1
v 0.7 0.6 0.1
v 0.6 0.5 0
v 0.6 0.6 0
v 0.7 0.6 0
v 0.7 0.5 0
v 0.7 0.6 0.1
v 0.7 0.5 0.1
v 0.8 0.5 0.1
v 0.8 0.6 0.1
v 0.7 0.5 0
v 0.7 0.6 0
v 0.8 0.6 0
v 0.8 0.5 0
v 0.8 0.6 0.1
v 0.8 0.5 0.1
v 0.9 0.5 0.1
v 0.9 0.6 0.1
v 0.8 0.5 0
v 0.8 0.6 0
v 0.9 0.6 0
v 0.9 0.5 0
v 0.9 0.6 0.1
v 0.9 0.5 0.1
v 1 0.5 0.1
v 1 0.6 0.1
v 0.9 0.5 0
v 0.9 0.6 0
v 1 0.6 0
v 1 0.5 0
v 1 0.6 0.1
v 1 0.5 0.1
v 1.1 0.5 0.1
v 1.1 0.6 0.1
v 1 0.5 0
v 1 0.6 0
v 1.1 0.6 0
v 1.1 0.5 0
v 1.2 0.5 0.1
v 1.2 0.5 0
v 1.2 0.6 0
v 1.2 0.6 0.1
v 1.1 0.6 0.1
v 1.1 0.5 0.1
v 1.2 0.5 0.1
v 1.2 0.6 0.1
v 1.1 0.5 0
v 1.1 0.6 0
v 1.2 0.6 0
v 1.2 0.5 0
v -1.2 0.5 0.1
v -1.2 0.5 0
v -1.2 0.4 0
v -1.2 0.4 0.1
v -1.2 0.5 0.1
v -1.2 0.4 0.1
v -1.1 0.4 0.1
v -1.1 0.5 0.1
v -1.2 0.4 0
v -1.2 0.5 0
v -1.1 0.5 0
v -1.1 0.4 0
v -1.1 0.5 0.1
v -1.1 0.4 0.1
v -1 0.4 0.1
v -1 0.5 0.1
v -1.1 0.4 0
v -1.1 0.5 0
v -1 0.5 0
v -1 0.4 0
v -1 0.5 0.1
v -1 0.4 0.1
v -0.9 0.4 0.1
v -0.9 0.5 0.1
v -1 0.4 0
v -1 0.5 0
v -0.9 0.5 0
v -0.9 0.4 0
v -0.9 0.5 0.1
v -0.9 0.4 0.1
v -0.8 0.4 0.1
v -0.8 0.5 0.1
v -0.9 0.4 0
v -0.9 0.5 0
v -0.8 0.5 0
v -0.8 0.4 0
v -0.8 0.5 0.1
v -0.8 0.4 0.1
v -0.7 0.4 0.1
v -0.7 0.5 0.1
v -0.8 0.4 0
v -0.8 0.5 0
v -0.7 0.5 0
v -0.7 0.4 0
v -0.7 0.5 0.1
v -0.7 0.4 0.1
v -0.6 0.4 0.1
v -0.6 0.5 0.1
v -0.7 0.4 0
v -0.7 0.5 0
v -0.6 0.5 0
v -0.6 0.4 0
v -0.6 0.5 0.1
v -0.6 0.4 0.1
v -0.5 0.4 0.1
v -0.5 0.5 0.1
v -0.6 0.4 0
v -0.6 0.5 0
v -0.5 0.5 0
v -0.5 0.4 0
v -0.5 0.5 0.1
v -0.5 0.4 0.1
v -0.4 0.4 0.1
v -0.4 0.5 0.1
v -0.5 0.4 0
v -0.5 0.5 0
v -0.4 0.5 0
v -0.4 0.4 0
v -0.4 0.5 0.1
v -0.4 0.4 0.1
v -0.3 0.4 0.1
v -0.3 0.5 0.1
v -0.4 0.4 0
v -0.4 0.5 0
v -0.3 0.5 0
v -0.3 0.4 0
v -0.3 0.5 0.1
v -0.3 0.4 0.1
v -0.2 0.4 0.1
v -0.2 0.5 0.1
v -0.3 0.4 0
v -0.3 0.5 0
v -0.2 0.5 0
v -0.2 0.4 0
v -0.2 0.5 0.1
v -0.2 0.4 0.1
v -0.1 0.4 0.1
v -0.1 0.5 0.1
v -0.2 0.4 0
v -0.2 0.5 0
v -0.1 0.5 0
v -0.1 0.4 0
v -0.1 0.5 0.1
v -0.1 0.4 0.1
v 0 0.4 0.1
v 0 0.5 0.1
v -0.1 0.4 0
v -0.1 0.5 0
v 0 0.5 0
v 0 0.4 0
v 0 0.5 0.1
v 0 0.4 0.1
v 0.1 0.4 0.1
v 0.1 0.5 0.1
v 0 0.4 0
v 0 0.5 0
v 0.1 0.5 0
v 0.1 0.4 0
v 0.1 0.5 0.1
v 0.1 0.4 0.1
v 0.2 0.4 0.1
v 0.2 0.5 0.1
v 0.1 0.4 0
v 0.1 0.5 0
v 0.2 0.5 0
v 0.2 0.4 0
v 0.2 0.5 0.1
v 0.2 0.4 0.1
v 0.3 0.4 0.1
v 0.3 0.5 0.1
v 0.2 0.4 0
v 0.2 0.5 0
v 0.3 0.5 0
v 0.3 0.4 0
v 0.3 0.5 0.1
v 0.3 0.4 0.1
v 0.4 0.4 0.1
v 0.4 0.5 0.1
v 0.3 0.4 0
v 0.3 0.5 0
v 0.4 0.5 0
v 0.4 0.4 0
v 0.4 0.5 0.1
v 0.4 0.4 0.1
v 0.5 0.4 0.1
v 0.5 0.5 0.1
v 0.4 0.4 0
v 0.4 0.5 0
v 0.5 0.5 0
v 0.5 0.4 0
v 0.5 0.5 0.1
v 0.5 0.4 0.1
v 0.6 0.4 0.1
v 0.6 0.5 0.1
v 0.5 0.4 0
v 0.5 0.5 0
v 0.6 0.5 0
v 0.6 0.4 0
v 0.6 0.5 0.1
v 0.6 0.4 0.1
v 0.7 0.4 0.1
v 0.7 0.5 0.1
v 0.6 0.4 0
v 0.6 0.5 0
v 0.7 0.5 0
v 0.7 0.4 0
v 0.7 0.5 0.1
v 0.7 0.4 0.1
v 0.8 0.4 0.1
v 0.8 0.5 0.1
v 0.7 0.4 0
v 0.7 0.5 0
v 0.8 0.5 0
v 0.8 0.4 0
v 0.8 0.5 0.1
v 0.8 0.4 0.1
v 0.9 0.4 0.1
v 0.9 0.5 0.1
v 0.8 0.4 0
v 0.8 0.5 0
v 0.9 0.5 0
v 0.9 0.4 0
v 0.9 0.5 0.1
v 0.9 0.4 0.1
v 1 0.4 0.1
v 1 0.5 0.1
v 0.9 0.4 0
v 0.9 0.5 0
v 1 0.5 0
v 1 0.4 0
v 1 0.5 0.1
v 1 0.4 0.1
v 1.1 0.4 0.1
v 1.1 0.5 0.1
v 1 0.4 0
v 1 0.5 0
v 1.1 0.5 0
v 1.1 0.4 0
v 1.2 0.4 0.1
v 1.2 0.4 0
v 1.2 0.5 0
v 1.2 0.5 0.1
v 1.1 0.5 0.1
v 1.1 0.4 0.1
v 1.2 0.4 0.1
v 1.2 0.5 0.1
v 1.1 0.4 0
v 1.1 0.5 0
v 1.2 0.5 0
v 1.2 0.4 0
v -1.2 0.4 0.1
v -1.2 0.4 0
v -1.2 0.3 0
v -1.2 0.3 0.1
v -1.2 0.4 0.1
v -1.2 0.3 0.1
v -1.1 0.3 0.1
v -1.1 0.4 0.1
v -1.2 0.3 0
v -1.2 0.4 0
v -1.1 0.4 0
v -1.1 0.3 0
v -1.1 0.4 0.1
v -1.1 0.3 0.1
v -1 0.3 0.1
v -1 0.4 0.1
v -1.1 0.3 0
v -1.1 0.4 0
v -1 0.4 0
v -1 0.3 0
v -1 0.4 0.1
v -1 0.3 0.1
v -0.9 0.3 0.1
v -0.9 0.4 0.1
v -1 0.3 0
v -1 0.4 0
v -0.9 0.4 0
v -0.9 0.3 0
v -0.9 0.4 0.1
v -0.9 0.3 0.1
v -0.8 0.3 0.1
v -0.8 0.4 0.1
v -0.9 0.3 0
v -0.9 0.4 0
v -0.8 0.4 0
v -0.8 0.3 0
v -0.8 0.4 0.1
v -0.8 0.3 0.1
v -0.7 0.3 0.1
v -0.7 0.4 0.1
v -0.8 0.3 0
v -0.8 0.4 0
v -0.7 0.4 0
v -0.7 0.3 0
v -0.7 0.4 0.1
v -0.7 0.3 0.1
v -0.6 0.3 0.1
v -0.6 0.4 0.1
v -0.7 0.3 0
v -0.7 0.4 0
v -0.6 0.4 0
v -0.6 0.3 0
v -0.6 0.4 0.1
v -0.6 0.3 0.1
v -0.5 0.3 0.1
v -0.5 0.4 0.1
v -0.6 0.3 0
v -0.6 0.4 0
v -0.5 0.4 0
v -0.5 0.3 0
v -0.5 0.4 0.1
v -0.5 0.3 0.1
v -0.4 0.3 0.1
v -0.4 0.4 0.1
v -0.5 0.3 0
v -0.5 0.4 0
v -0.4 0.4 0
v -0.4 0.3 0
v -0.4 0.4 0.1
v -0.4 0.3 0.1
v -0.3 0.3 0.1
v -0.3 0.4 0.1
v -0.4 0.3 0
v -0.4 0.4 0
v -0.3 0.4 0
v -0.3 0.3 0
v -0.3 0.4 0.1
v -0.3 0.3 0.1
v -0.2 0.3 0.1
v -0.2 0.4 0.1
v -0.3 0.3 0
v -0.3 0.4 0
v -0.2 0.4 0
v -0.2 0.3 0
v -0.2 0.4 0.1
v -0.2 0.3 0.1
v -0.1 0.3 0.1
v -0.1 0.4 0.1
v -0.2 0.3 0
v -0.2 0.4 0
v -0.1 0.4 0
v -0.1 0.3 0
v -0.1 0.4 0.1
v -0.1 0.3 0.1
v 0 0.3 0.1
v 0 0.4 0.1
v -0.1 0.3 0
v -0.1 0.4 0
v 0 0.4 0
v 0 0.3 0
v 0 0.4 0.1
v 0 0.3 0.1
v 0.1 0.3 0.1
v 0.1 0.4 0.1
v 0 0.3 0
v 0 0.4 0
v 0.1 0.4 0
v 0.1 0.3 0
v 0.1 0.4 0.1
v 0.1 0.3 0.1
v 0.2 0.3 0.1
v 0.2 0.4 0.1
v 0.1 0.3 0
v 0.1 0.4 0
v 0.2 0.4 0
v 0.2 0.3 0
v 0.2 0.4 0.1
v 0.2 0.3 0.1
v 0.3 0.3 0.1
v 0.3 0.4 0.1
v 0.2 0.3 0
v 0.2 0.4 0
v 0.3 0.4 0
v 0.3 0.3 0
v 0.3 0.4 0.1
v 0.3 0.3 0.1
v 0.4 0.3 0.1
v 0.4 0.4 0.1
v 0.3 0.3 0
v 0.3 0.4 0
v 0.4 0.4 0
v 0.4 0.3 0
v 0.4 0.4 0.1
v 0.4 0.3 0.1
v 0.5 0.3 0.1
v 0.5 0.4 0.1
v 0.4 0.3 0
v 0.4 0.4 0
v 0.5 0.4 0
v 0.5 0.3 0
v 0.5 0.4 0.1
v 0.5 0.3 0.1
v 0.6 0.3 0.1
v 0.6 0.4 0.1
v 0.5 0.3 0
v 0.5 0.4 0
v 0.6 0.4 0
v 0.6 0.3 0
v 0.6 0.4 0.1
v 0.6 0.3 0.1
v 0.7 0.3 0.1
v 0.7 0.4 0.1
v 0.6 0.3 0
v 0.6 0.4 0
v 0.7 0.4 0
v 0.7 0.3 0
v 0.7 0.4 0.1
v 0.7 0.3 0.1
v 0.8 0.3 0.1
v 0.8 0.4 0.1
v 0.7 0.3 0
v 0.7 0.4 0
v 0.8 0.4 0
v 0.8 0.3 0
v 0.8 0.4 0.1
v 0.8 0.3 0.1
v 0.9 0.3 0.1
v 0.9 0.4 0.1
v 0.8 0.3 0
v 0.8 0.4 0
v 0.9 0.4 0
v 0.9 0.3 0
v 0.9 0.4 0.1
v 0.9 0.3 0.1
v 1 0.3 0.1
v 1 0.4 0.1
v 0.9 0.3 0
v 0.9 0.4 0
v 1 0.4 0
v 1 0.3 0
v 1 0.4 0.1
v 1 0.3 0.1
v 1.1 0.3 0.1
v 1.1 0.4 0.1
v 1 0.3 0
v 1 0.4 0
v 1.1 0.4 0
v 1.1 0.3 0
v 1.2 0.3 0.1
v 1.2 0.3 0
v 1.2 0.4 0
v 1.2 0.4 0.1
v 1.1 0.4 0.1
v 1.1 0.3 0.1
v 1.2 0.3 0.1
v 1.2 0.4 0.1
v 1.1 0.3 0
v 1.1 0.4 0
v 1.2 0.4 0
v 1.2 0.3 0
v -1.2 0.3 0.1
v -1.2 0.3 0
v -1.2 0.2 0
v -1.2 0.2 0.1
v -1.2 0.3 0.1
v -1.2 0.2 0.1
v -1.1 0.2 0.1
v -1.1 0.3 0.1
v -1.2 0.2 0
v -1.2 0.3 0
v -1.1 0.3 0
v -1.1 0.2 0
v -1.1 0.3 0.1
v -1.1 0.2 0.1
v -1 0.2 0.1
v -1 0.3 0.1
v -1.1 0.2 0
v -1.1 0.3 0
v -1 0.3 0
v -1 0.2 0
v -1 0.3 0.1
v -1 0.2 0.1
v -0.9 0.2 0.1
v -0.9 0.3 0.1
v -1 0.2 0
v -1 0.3 0
v -0.9 0.3 0
v -0.9 0.2 0
v -0.9 0.3 0.1
v -0.9 0.2 0.1
v -0.8 0.2 0.1
v -0.8 0.3 0.1
v -0.9 0.2 0
v -0.9 0.3 0
v -0.8 0.3 0
v -0.8 0.2 0
v -0.8 0.3 0.1
v -0.8 0.2 0.1
v -0.7 0.2 0.1
v -0.7 0.3 0.1
v -0.8 0.2 0
v -0.8 0.3 0
v -0.7 0.3 0
v -0.7 0.2 0
v -0.7 0.3 0.1
v -0.7 0.2 0.1
v -0.6 0.2 0.1
v -0.6 0.3 0.1
v -0.7 0.2 0
v -0.7 0.3 0
v -0.6 0.3 0
v -0.6 0.2 0
v -0.6 0.3 0.1
v -0.6 0.2 0.1
v -0.5 0.2 0.1
v -0.5 0.3 0.1
v -0.6 0.2 0
v -0.6 0.3 0
v -0.5 0.3 0
v -0.5 0.2 0
v -0.5 0.3 0.1
v -0.5 0.2 0.1
v -0.4 0.2 0.1
v -0.4 0.3 0.1
v -0.5 0.2 0
v -0.5 0.3 0
v -0.4 0.3 0
v -0.4 0.2 0
v -0.4 0.3 0.1
v -0.4 0.2 0.1
v -0.3 0.2 0.1
v -0.3 0.3 0.1
v -0.4 0.2 0
v -0.4 0.3 0
v -0.3 0.3 0
v -0.3 0.2 0
v -0.3 0.3 0.1
v -0.3 0.2 0.1
v -0.2 0.2 0.1
v -0.2 0.3 0.1
v -0.3 0.2 0
v -0.3 0.3 0
v -0.2 0.3 0
v -0.2 0.2 0
v -0.2 0.3 0.1
v -0.2 0.2 0.1
v -0.1 0.2 0.1
v -0.1 0.3 0.1
v -0.2 0.2 0
v -0.2 0.3 0
v -0.1 0.3 0
v -0.1 0.2 0
v -0.1 0.3 0.1
v -0.1 0.2 0.1
v 0 0.2 0.1
v 0 0.3 0.1
v -0.1 0.2 0
v -0.1 0.3 0
v 0 0.3 0
v 0 0.2 0
v 0 0.3 0.1
v 0 0.2 0.1
v 0.1 0.2 0.1
v 0.1 0.3 0.1
v 0 0.2 0
v 0 0.3 0
v 0.1 0.3 0
v 0.1 0.2 0
v 0.1 0.3 0.1
v 0.1 0.2 0.1
v 0.2 0.2 0.1
v 0.2 0.3 0.1
v 0.1 0.2 0
v 0.1 0.3 0
v 0.2 0.3 0
v 0.2 0.2 0
v 0.2 0.3 0.1
v 0.2 0.2 0.1
v 0.3 0.2 0.1
v 0.3 0.3 0.1
v 0.2 0.2 0
v 0.2 0.3 0
v 0.3 0.3 0
v 0.3 0.2 0
v 0.3 0.3 0.1
v 0.3 0.2 0.1
v 0.4 0.2 0.1
v 0.4 0.3 0.1
v 0.3 0.2 0
v 0.3 0.3 0
v 0.4 0.3 0
v 0.4 0.2 0
v 0.4 0.3 0.1
v 0.4 0.2 0.1
v 0.5 0.2 0.1
v 0.5 0.3 0.1
v 0.4 0.2 0
v 0.4 0.3 0
v 0.5 0.3 0
v 0.5 0.2 0
v 0.5 0.3 0.1
v 0.5 0.2 0.1
v 0.6 0.2 0.1
v 0.6 0.3 0.1
v 0.5 0.2 0
v 0.5 0.3 0
v 0.6 0.3 0
v 0.6 0.2 0
v 0.6 0.3 0.1
v 0.6 0.2 0.1
v 0.7 0.2 0.1
v 0.7 0.3 0.1
v 0.6 0.2 0
v 0.6 0.3 0
v 0.7 0.3 0
v 0.7 0.2 0
v 0.7 0.3 0.1
v 0.7 0.2 0.1
v 0.8 0.2 0.1
v 0.8 0.3 0.1
v 0.7 0.2 0
v 0.7 0.3 0
v 0.8 0.3 0
v 0.8 0.2 0
v 0.8 0.3 0.1
v 0.8 0.2 0.1
v 0.9 0.2 0.1
v 0.9 0.3 0.1
v 0.8 0.2 0
v 0.8 0.3 0
v 0.9 0.3 0
v 0.9 0.2 0
v 0.9 0.3 0.1
v 0.9 0.2 0.1
v 1 0.2 0.1
v 1 0.3 0.1
v 0.9 0.2 0
v 0.9 0.3 0
v 1 0.3 0
v 1 0.2 0
v 1 0.3 0.1
v 1 0.2 0.1
v 1.1 0.2 0.1
v 1.1 0.3 0.1
v 1 0.2 0
v 1 0.3 0
v 1.1 0.3 0
v 1.1 0.2 0
v 1.2 0.2 0.1
v 1.2 0.2 0
v 1.2 0.3 0
v 1.2 0.3 0.1
v 1.1 0.3 0.1
v 1.1 0.2 0.1
v 1.2 0.2 0.1
v 1.2 0.3 0.1
v 1.1 0.2 0
v 1.1 0.3 0
v 1.2 0.3 0
v 1.2 0.2 0
v -1.2 0.2 0.1
v -1.2 0.2 0
v -1.2 0.1 0
v -1.2 0.1 0.1
v -1.2 0.2 0.1
v -1.2 0.1 0.1
v -1.1 0.1 0.1
v -1.1 0.2 0.1
v -1.2 0.1 0
v -1.2 0.2 0
v -1.1 0.2 0
v -1.1 0.1 0
v -1.1 0.2 0.1
v -1.1 0.1 0.1
v -1 0.1 0.1
v -1 0.2 0.1
v -1.1 0.1 0
v -1.1 0.2 0
v -1 0.2 0
v -1 0.1 0
v -1 0.2 0.1
v -1 0.1 0.1
v -0.9 0.1 0.1
v -0.9 0.2 0.1
v -1 0.1 0
v -1 0.2 0
v -0.9 0.2 0
v -0.9 0.1 0
v -0.9 0.2 0.1
v -0.9 0.1 0.1
v -0.8 0.1 0.1
v -0.8 0.2 0.1
v -0.9 0.1 0
v -0.9 0.2 0
v -0.8 0.2 0
v -0.8 0.1 0
v -0.8 0.2 0.1
v -0.8 0.1 0.1
v -0.7 0.1 0.1
v -0.7 0.2 0.1
v -0.8 0.1 0
v -0.8 0.2 0
v -0.7 0.2 0
v -0.7 0.1 0
v -0.7 0.2 0.1
v -0.7 0.1 0.1
v -0.6 0.1 0.1
v -0.6 0.2 0.1
v -0.7 0.1 0
v -0.7 0.2 0
v -0.6 0.2 0
v -0.6 0.1 0
v -0.6 0.2 0.1
v -0.6 0.1 0.1
v -0.5 0.1 0.1
v -0.5 0.2 0.1
v -0.6 0.1 0
v -0.6 0.2 0
v -0.5 0.2 0
v -0.5 0.1 0
v -0.5 0.2 0.1
v -0.5 0.1 0.1
v -0.4 0.1 0.1
v -0.4 0.2 0.1
v -0.5 0.1 0
v -0.5 0.2 0
v -0.4 0.2 0
v -0.4 0.1 0
v -0.4 0.2 0.1
v -0.4 0.1 0.1
v -0.3 0.1 0.1
v -0.3 0.2 0.1
v -0.4 0.1 0
v -0.4 0.2 0
v -0.3 0.2 0
v -0.3 0.1 0
v -0.3 0.2 0.1
v -0.3 0.1 0.1
v -0.2 0.1 0.1
v -0.2 0.2 0.1
v -0.3 0.1 0
v -0.3 0.2 0
v -0.2 0.2 0
v -0.2 0.1 0
v -0.2 0.2 0.1
v -0.2 0.1 0.1
v -0.1 0.1 0.1
v -0.1 0.2 0.1
v -0.2 0.1 0
v -0.2 0.2 0
v -0.1 0.2 0
v -0.1 0.1 0
v -0.1 0.2 0.1
v -0.1 0.1 0.1
v 0 0.1 0.1
v 0 0.2 0.1
v -0.1 0.1 0
v -0.1 0.2 0
v 0 0.2 0
v 0 0.1 0
v 0 0.2 0.1
v 0 0.1 0.1
v 0.1 0.1 0.1
v 0.1 0.2 0.1
v 0 0.1 0
v 0 0.2 0
v 0.1 0.2 0
v 0.1 0.1 0
v 0.1 0.2 0.1
v 0.1 0.1 0.1
v 0.2 0.1 0.1
v 0.2 0.2 0.1
v 0.1 0.1 0
v 0.1 0.2 0
v 0.2 0.2 0
v 0.2 0.1 0
v 0.2 0.2 0.1
v 0.2 0.1 0.1
v 0.3 0.1 0.1
v 0.3 0.2 0.1
v 0.2 0.1 0
v 0.2 0.2 0
v 0.3 0.2 0
v 0.3 0.1 0
v 0.3 0.2 0.1
v 0.3 0.1 0.1
v 0.4 0.1 0.1
v 0.4 0.2 0.1
v 0.3 0.1 0
v 0.3 0.2 0
v 0.4 0.2 0
v 0.4 0.1 0
v 0.4 0.2 0.1
v 0.4 0.1 0.1
v 0.5 0.1 0.1
v 0.5 0.2 0.1
v 0.4 0.1 0
v 0.4 0.2 0
v 0.5 0.2 0
v 0.5 0.1 0
v 0.5 0.2 0.1
v 0.5 0.1 0.1
v 0.6 0.1 0.1
v 0.6 0.2 0.1
v 0.5 0.1 0
v 0.5 0.2 0
v 0.6 0.2 0
v 0.6 0.1 0
v 0.6 0.2 0.1
v 0.6 0.1 0.1
v 0.7 0.1 0.1
v 0.7 0.2 0.1
v 0.6 0.1 0
v 0.6 0.2 0
v 0.7 0.2 0
v 0.7 0.1 0
v 0.7 0.2 0.1
v 0.7 0.1 0.1
v 0.8 0.1 0.1
v 0.8 0.2 0.1
v 0.7 0.1 0
v 0.7 0.2 0
v 0.8 0.2 0
v 0.8 0.1 0
v 0.8 0.2 0.1
v 0.8 0.1 0.1
v 0.9 0.1 0.1
v 0.9 0.2 0.1
v 0.8 0.1 0
v 0.8 0.2 0
v 0.9 0.2 0
v 0.9 0.1 0
v 0.9 0.2 0.1
v 0.9 0.1 0.1
v 1 0.1 0.1
v 1 0.2 0.1
v 0.9 0.1 0
v 0.9 0.2 0
v 1 0.2 0
v 1 0.1 0
v 1 0.2 0.1
v 1 0.1 0.1
v 1.1 0.1 0.1
v 1.1 0.2 0.1
v 1 0.1 0
v 1 0.2 0
v 1.1 0.2 0
v 1.1 0.1 0
v 1.2 0.1 0.1
v 1.2 0.1 0
v 1.2 0.2 0
v 1.2 0.2 0.1
v 1.1 0.2 0.1
v 1.1 0.1 0.1
v 1.2 0.1 0.1
v 1.2 0.2 0.1
v 1.1 0.1 0
v 1.1 0.2 0
v 1.2 0.2 0
v 1.2 0.1 0
v -1.2 0.1 0.1
v -1.2 0.1 0
v -1.2 0 0
v -1.2 0 0.1
v -1.2 0.1 0.1
v -1.2 0 0.1
v -1.1 0 0.1
v -1.1 0.1 0.1
v -1.2 0 0
v -1.2 0.1 0
v -1.1 0.1 0
v -1.1 0 0
v -1.1 0.1 0.1
v -1.1 0 0.1
v -1 0 0.1
v -1 0.1 0.1
v -1.1 0 0
v -1.1 0.1 0
v -1 0.1 0
v -1 0 0
v -1 0.1 0.1
v -1 0 0.1
v -0.9 0 0.1
v -0.9 0.1 0.1
v -1 0 0
v -1 0.1 0
v -0.9 0.1 0
v -0.9 0 0
v -0.9 0.1 0.1
v -0.9 0 0.1
v -0.8 0 0.1
v -0.8 0.1 0.1
v -0.9 0 0
v -0.9 0.1 0
v -0.8 0.1 0
v -0.8 0 0
v -0.8 0.1 0.1
v -0.8 0 0.1
v -0.7 0 0.1
v -0.7 0.1 0.1
v -0.8 0 0
v -0.8 0.1 0
v -0.7 0.1 0
v -0.7 0 0
v -0.7 0.1 0.1
v -0.7 0 0.1
v -0.6 0 0.1
v -0.6 0.1 0.1
v -0.7 0 0
v -0.7 0.1 0
v -0.6 0.1 0
v -0.6 0 0
v -0.6 0.1 0.1
v -0.6 0 0.1
v -0.5 0 0.1
v -0.5 0.1 0.1
v -0.6 0 0
v -0.6 0.1 0
v -0.5 0.1 0
v -0.5 0 0
v -0.5 0.1 0.1
v -0.5 0 0.1
v -0.4 0 0.1
v -0.4 0.1 0.1
v -0.5 0 0
v -0.5 0.1 0
v -0.4 0.1 0
v -0.4 0 0
v -0.4 0.1 0.1
v -0.4 0 0.1
v -0.3 0 0.1
v -0.3 0.1 0.1
v -0.4 0 0
v -0.4 0.1 0
v -0.3 0.1 0
v -0.3 0 0
v -0.3 0.1 0.1
v -0.3 0 0.1
v -0.2 0 0.1
v -0.2 0.1 0.1
v -0.3 0 0
v -0.3 0.1 0
v -0.2 0.1 0
v -0.2 0 0
v -0.2 0.1 0.1
v -0.2 0 0.1
v -0.1 0 0.1
v -0.1 0.1 0.1
v -0.2 0 0
v -0.2 0.1 0
v -0.1 0.1 0
v -0.1 0 0
v -0.1 0.1 0.1
v -0.1 0 0.1
v 0 0 0.1
v 0 0.1 0.1
v -0.1 0 0
v -0.1 0.1 0
v 0 0.1 0
v 0 0 0
v 0 0.1 0.1
v 0 0 0.1
v 0.1 0 0.1
v 0.1 0.1 0.1
v 0 0 0
v 0 0.1 0
v 0.1 0.1 0
v 0.1 0 0
v 0.1 0.1 0.1
v 0.1 0 0.1
v 0.2 0 0.1
v 0.2 0.1 0.1
v 0.1 0 0
v 0.1 0.1 0
v 0.2 0.1 0
v 0.2 0 0
v 0.2 0.1 0.1
v 0.2 0 0.1
v 0.3 0 0.1
v 0.3 0.1 0.1
v 0.2 0 0
v 0.2 0.1 0
v 0.3 0.1 0
v 0.3 0 0
v 0.3 0.1 0.1
v 0.3 0 0.1
v 0.4 0 0.1
v 0.4 0.1 0.1
v 0.3 0 0
v 0.3 0.1 0
v 0.4 0.1 0
v 0.4 0 0
v 0.4 0.1 0.1
v 0.4 0 0.1
v 0.5 0 0.1
v 0.5 0.1 0.1
v 0.4 0 0
v 0.4 0.1 0
v 0.5 0.1 0
v 0.5 0 0
v 0.5 0.1 0.1
v 0.5 0 0.1
v 0.6 0 0.1
v 0.6 0.1 0.1
v 0.5 0 0
v 0.5 0.1 0
v 0.6 0.1 0
v 0.6 0 0
v 0.6 0.1 0.1
v 0.6 0 0.1
v 0.7 0 0.1
v 0.7 0.1 0.1
v 0.6 0 0
v 0.6 0.1 0
v 0.7 0.1 0
v 0.7 0 0
v 0.7 0.1 0.1
v 0.7 0 0.1
v 0.8 0 0.1
v 0.8 0.1 0.1
v 0.7 0 0
v 0.7 0.1 0
v 0.8 0.1 0
v 0.8 0 0
v 0.8 0.1 0.1
v 0.8 0 0.1
v 0.9 0 0.1
v 0.9 0.1 0.1
v 0.8 0 0
v 0.8 0.1 0
v 0.9 0.1 0
v 0.9 0 0
v 0.9 0.1 0.1
v 0.9 0 0.1
v 1 0 0.1
v 1 0.1 0.1
v 0.9 0 0
v 0.9 0.1 0
v 1 0.1 0
v 1 0 0
v 1 0.1 0.1
v 1 0 0.1
v 1.1 0 0.1
v 1.1 0.1 0.1
v 1 0 0
v 1 0.1 0
v 1.1 0.1 0
v 1.1 0 0
v 1.2 0 0.1
v 1.2 0 0
v 1.2 0.1 0
v 1.2 0.1 0.1
v 1.1 0.1 0.1
v 1.1 0 0.1
v 1.2 0 0.1
v 1.2 0.1 0.1
v 1.1 0 0
v 1.1 0.1 0
v 1.2 0.1 0
v 1.2 0 0
v -1.2 0 0.1
v -1.2 0 0
v -1.2 -0.1 0
v -1.2 -0.1 0.1
v -1.2 0 0.1
v -1.2 -0.1 0.1
v -1.1 -0.1 0.1
v -1.1 0 0.1
v -1.2 -0.1 0
v -1.2 0 0
v -1.1 0 0
v -1.1 -0.1 0
v -1.1 0 0.1
v -1.1 -0.1 0.1
v -1 -0.1 0.1
v -1 0 0.1
v -1.1 -0.1 0
v -1.1 0 0
v -1 0 0
v -1 -0.1 0
v -1 0 0.1
v -1 -0.1 0.1
v -0.9 -0.1 0.1
v -0.9 0 0.1
v -1 -0.1 0
v -1 0 0
v -0.9 0 0
v -0.9 -0.1 0
v -0.9 0 0.1
v -0.9 -0.1 0.1
v -0.8 -0.1 0.1
v -0.8 0 0.1
v -0.9 -0.1 0
v -0.9 0 0
v -0.8 0 0
v -0.8 -0.1 0
v -0.8 0 0.1
v -0.8 -0.1 0.1
v -0.7 -0.1 0.1
v -0.7 0 0.1
v -0.8 -0.1 0
v -0.8 0 0
v -0.7 0 0
v -0.7 -0.1 0
v -0.7 0 0.1
v -0.7 -0.1 0.1
v -0.6 -0.1 0.1
v -0.6 0 0.1
v -0.7 -0.1 0
v -0.7 0 0
v -0.6 0 0
v -0.6 -0.1 0
v -0.6 0 0.1
v -0.6 -0.1 0.1
v -0.5 -0.1 0.1
v -0.5 0 0.1
v -0.6 -0.1 0
v -0.6 0 0
v -0.5 0 0
v -0.5 -0.1 0
v -0.5 0 0.1
v -0.5 -0.1 0.1
v -0.4 -0.1 0.1
v -0.4 0 0.1
v -0.5 -0.1 0
v -0.5 0 0
v -0.4 0 0
v -0.4 -0.1 0
v -0.4 0 0.1
v -0.4 -0.1 0.1
v -0.3 -0.1 0.1
v -0.3 0 0.1
v -0.4 -0.1 0
v -0.4 0 0
v -0.3 0 0
v -0.3 -0.1 0
v -0.3 0 0.1
v -0.3 -0.1 0.1
v -0.2 -0.1 0.1
v -0.2 0 0.1
v -0.3 -0.1 0
v -0.3 0 0
v -0.2 0 0
v -0.2 -0.1 0
v -0.2 0 0.1
v -0.2 -0.1 0.1
v -0.1 -0.1 0.1
v -0.1 0 0.1
v -0.2 -0.1 0
v -0.2 0 0
v -0.1 0 0
v -0.1 -0.1 0
v -0.1 0 0.1
v -0.1 -0.1 0.1
v 0 -0.1 0.1
v 0 0 0.1
v -0.1 -0.1 0
v -0.1 0 0
v 0 0 0
v 0 -0.1 0
v 0 0 0.1
v 0 -0.1 0.1
v 0.1 -0.1 0.1
v 0.1 0 0.1
v 0 -0.1 0
v 0 0 0
v 0.1 0 0
v 0.1 -0.1 0
v 0.1 0 0.1
v 0.1 -0.1 0.1
v 0.2 -0.1 0.1
v 0.2 0 0.1
v 0.1 -0.1 0
v 0.1 0 0
v 0.2 0 0
v 0.2 -0.1 0
v 0.2 0 0.1
v 0.2 -0.1 0.1
v 0.3 -0.1 0.1
v 0.3 0 0.1
v 0.2 -0.1 0
v 0.2 0 0
v 0.3 0 0
v 0.3 -0.1 0
v 0.3 0 0.1
v 0.3 -0.1 0.1
v 0.4 -0.1 0.1
v 0.4 0 0.1
v 0.3 -0.1 0
v 0.3 0 0
v 0.4 0 0
v 0.4 -0.1 0
v 0.4 0 0.1
v 0.4 -0.1 0.1
v 0.5 -0.1 0.1
v 0.5 0 0.1
v 0.4 -0.1 0
v 0.4 0 0
v 0.5 0 0
v 0.5 -0.1 0
v 0.5 0 0.1
v 0.5 -0.1 0.1
v 0.6 -0.1 0.1
v 0.6 0 0.1
v 0.5 -0.1 0
v 0.5 0 0
v 0.6 0 0
v 0.6 -0.1 0
v 0.6 0 0.1
v 0.6 -0.1 0.1
v 0.7 -0.1 0.1
v 0.7 0 0.1
v 0.6 -0.1 0
v 0.6 0 0
v 0.7 0 0
v 0.7 -0.1 0
v 0.7 0 0.1
v 0.7 -0.1 0.1
v 0.8 -0.1 0.1
v 0.8 0 0.1
v 0.7 -0.1 0
v 0.7 0 0
v 0.8 0 0
v 0.8 -0.1 0
v 0.8 0 0.1
v 0.8 -0.1 0.1
v 0.9 -0.1 0.1
v 0.9 0 0.1
v 0.8 -0.1 0
v 0.8 0 0
v 0.9 0 0
v 0.9 -0.1 0
v 0.9 0 0.1
v 0.9 -0.1 0.1
v 1 -0.1 0.1
v 1 0 0.1
v 0.9 -0.1 0
v 0.9 0 0
v 1 0 0
v 1 -0.1 0
v 1 0 0.1
v 1 -0.1 0.1
v 1.1 -0.1 0.1
v 1.1 0 0.1
v 1 -0.1 0
v 1 0 0
v 1.1 0 0
v 1.1 -0.1 0
v 1.2 -0.1 0.1
v 1.2 -0.1 0
v 1.2 0 0
v 1.2 0 0.1
v 1.1 0 0.1
v 1.1 -0.1 0.1
v 1.2 -0.1 0.1
v 1.2 0 0.1
v 1.1 -0.1 0
v 1.1 0 0
v 1.2 0 0
v 1.2 -0.1 0
v -1.2 -0.1 0.1
v -1.2 -0.1 0
v -1.2 -0.2 0
v -1.2 -0.2 0.1
v -1.2 -0.1 0.1
v -1.2 -0.2 0.1
v -1.1 -0.2 0.1
v -1.1 -0.1 0.1
v -1.2 -0.2 0
v -1.2 -0.1 0
v -1.1 -0.1 0
v -1.1 -0.2 0
v -1.1 -0.1 0.1
v -1.1 -0.2 0.1
v -1 -0.2 0.1
v -1 -0.1 0.1
v -1.1 -0.2 0
v -1.1 -0.1 0
v -1 -0.1 0
v -1 -0.2 0
v -1 -0.1 0.1
v -1 -0.2 0.1
v -0.9 -0.2 0.1
v -0.9 -0.1 0.1
v -1 -0.2 0
v -1 -0.1 0
v -0.9 -0.1 0
v -0.9 -0.2 0
v -0.9 -0.1 0.1
v -0.9 -0.2 0.1
v -0.8 -0.2 0.1
v -0.8 -0.1 0.1
v -0.9 -0.2 0
v -0.9 -0.1 0
v -0.8 -0.1 0
v -0.8 -0.2 0
v -0.8 -0.1 0.1
v -0.8 -0.2 0.1
v -0.7 -0.2 0.1
v -0.7 -0.1 0.1
v -0.8 -0.2 0
v -0.8 -0.1 0
v -0.7 -0.1 0
v -0.7 -0.2 0
v -0.7 -0.1 0.1
v -0.7 -0.2 0.1
v -0.6 -0.2 0.1
v -0.6 -0.1 0.1
v -0.7 -0.2 0
v -0.7 -0.1 0
v -0.6 -0.1 0
v -0.6 -0.2 0
v -0.6 -0.1 0.1
v -0.6 -0.2 0.1
v -0.5 -0.2 0.1
v -0.5 -0.1 0.1
v -0.6 -0.2 0
v -0.6 -0.1 0
v -0.5 -0.1 0
v -0.5 -0.2 0
v -0.5 -0.1 0.1
v -0.5 -0.2 0.1
v -0.4 -0.2 0.1
v -0.4 -0.1 0.1
v -0.5 -0.2 0
v -0.5 -0.1 0
v -0.4 -0.1 0
v -0.4 -0.2 0
v -0.4 -0.1 0.1
v -0.4 -0.2 0.1
v -0.3 -0.2 0.1
v -0.3 -0.1 0.1
v -0.4 -0.2 0
v -0.4 -0.1 0
v -0.3 -0.1 0
v -0.3 -0.2 0
v -0.3 -0.1 0.1
v -0.3 -0.2 0.1
v -0.2 -0.2 0.1
v -0.2 -0.1 0.1
v -0.3 -0.2 0
v -0.3 -0.1 0
v -0.2 -0.1 0
v -0.2 -0.2 0
v -0.2 -0.1 0.1
v -0.2 -0.2 0.1
v -0.1 -0.2 0.1
v -0.1 -0.1 0.1
v -0.2 -0.2 0
v -0.2 -0.1 0
v -0.1 -0.1 0
v -0.1 -0.2 0
v -0.1 -0.1 0.1
v -0.1 -0.2 0.1
v 0 -0.2 0.1
v 0 -0.1 0.1
v -0.1 -0.2 0
v -0.1 -0.1 0
v 0 -0.1 0
v 0 -0.2 0
v 0 -0.1 0.1
v 0 -0.2 0.1
v 0.1 -0.2 0.1
v 0.1 -0.1 0.1
v 0 -0.2 0
v 0 -0.1 0
v 0.1 -0.1 0
v 0.1 -0.2 0
v 0.1 -0.1 0.1
v 0.1 -0.2 0.1
v 0.2 -0.2 0.1
v 0.2 -0.1 0.1
v 0.1 -0.2 0
v 0.1 -0.1 0
v 0.2 -0.1 0
v 0.2 -0.2 0
v 0.2 -0.1 0.1
v 0.2 -0.2 0.1
v 0.3 -0.2 0.1
v 0.3 -0.1 0.1
v 0.2 -0.2 0
v 0.2 -0.1 0
v 0.3 -0.1 0
v 0.3 -0.2 0
v 0.3 -0.1 0.1
v 0.3 -0.2 0.1
v 0.4 -0.2 0.1
v 0.4 -0.1 0.1
v 0.3 -0.2 0
v 0.3 -0.1 0
v 0.4 -0.1 0
v 0.4 -0.2 0
v 0.4 -0.1 0.1
v 0.4 -0.2 0.1
v 0.5 -0.2 0.1
v 0.5 -0.1 0.1
v 0.4 -0.2 0
v 0.4 -0.1 0
v 0.5 -0.1 0
v 0.5 -0.2 0
v 0.5 -0.1 0.1
v 0.5 -0.2 0.1
v 0.6 -0.2 0.1
v 0.6 -0.1 0.1
v 0.5 -0.2 0
v 0.5 -0.1 0
v 0.6 -0.1 0
v 0.6 -0.2 0
v 0.6 -0.1 0.1
v 0.6 -0.2 0.1
v 0.7 -0.2 0.1
v 0.7 -0.1 0.1
v 0.6 -0.2 0
v 0.6 -0.1 0
v 0.7 -0.1 0
v 0.7 -0.2 0
v 0.7 -0.1 0.1
v 0.7 -0.2 0.1
v 0.8 -0.2 0.1
v 0.8 -0.1 0.1
v 0.7 -0.2 0
v 0.7 -0.1 0
v 0.8 -0.1 0
v 0.8 -0.2 0
v 0.8 -0.1 0.1
v 0.8 -0.2 0.1
v 0.9 -0.2 0.1
v 0.9 -0.1 0.1
v 0.8 -0.2 0
v 0.8 -0.1 0
v 0.9 -0.1 0
v 0.9 -0.2 0
v 0.9 -0.1 0.1
v 0.9 -0.2 0.1
v 1 -0.2 0.1
v 1 -0.1 0.1
v 0.9 -0.2 0
v 0.9 -0.1 0
v 1 -0.1 0
v 1 -0.2 0
v 1 -0.1 0.1
v 1 -0.2 0.1
v 1.1 -0.2 0.1
v 1.1 -0.1 0.1
v 1 -0.2 0
v 1 -0.1 0
v 1.1 -0.1 0
v 1.1 -0.2 0
v 1.2 -0.2 0.1
v 1.2 -0.2 0
v 1.2 -0.1 0
v 1.2 -0.1 0.1
v 1.1 -0.1 0.1
v 1.1 -0.2 0.1
v 1.2 -0.2 0.1
v 1.2 -0.1 0.1
v 1.1 -0.2 0
v 1.1 -0.1 0
v 1.2 -0.1 0
v 1.2 -0.2 0
v -1.2 -0.2 0.1
v -1.2 -0.2 0
v -1.2 -0.3 0
v -1.2 -0.3 0.1
v -1.2 -0.2 0.1
v -1.2 -0.3 0.1
v -1.1 -0.3 0.1
v -1.1 -0.2 0.1
v -1.2 -0.3 0
v -1.2 -0.2 0
v -1.1 -0.2 0
v -1.1 -0.3 0
v -1.1 -0.2 0.1
v -1.1 -0.3 0.1
v -1 -0.3 0.1
v -1 -0.2 0.1
v -1.1 -0.3 0
v -1.1 -0.2 0
v -1 -0.2 0
v -1 -0.3 0
v -1 -0.2 0.1
v -1 -0.3 0.1
v -0.9 -0.3 0.1
v -0.9 -0.2 0.1
v -1 -0.3 0
v -1 -0.2 0
v -0.9 -0.2 0
v -0.9 -0.3 0
v -0.9 -0.2 0.1
v -0.9 -0.3 0.1
v -0.8 -0.3 0.1
v -0.8 -0.2 0.1
v -0.9 -0.3 0
v -0.9 -0.2 0
v -0.8 -0.2 0
v -0.8 -0.3 0
v -0.8 -0.2 0.1
v -0.8 -0.3 0.1
v -0.7 -0.3 0.1
v -0.7 -0.2 0.1
v -0.8 -0.3 0
v -0.8 -0.2 0
v -0.7 -0.2 0
v -0.7 -0.3 0
v -0.7 -0.2 0.1
v -0.7 -0.3 0.1
v -0.6 -0.3 0.1
v -0.6 -0.2 0.1
v -0.7 -0.3 0
v -0.7 -0.2 0
v -0.6 -0.2 0
v -0.6 -0.3 0
v -0.6 -0.2 0.1
v -0.6 -0.3 0.1
v -0.5 -0.3 0.1
v -0.5 -0.2 0.1
v -0.6 -0.3 0
v -0.6 -0.2 0
v -0.5 -0.2 0
v -0.5 -0.3 0
v -0.5 -0.2 0.1
v -0.5 -0.3 0.1
v -0.4 -0.3 0.1
v -0.4 -0.2 0.1
v -0.5 -0.3 0
v -0.5 -0.2 0
v -0.4 -0.2 0
v -0.4 -0.3 0
v -0.4 -0.2 0.1
v -0.4 -0.3 0.1
v -0.3 -0.3 0.1
v -0.3 -0.2 0.1
v -0.4 -0.3 0
v -0.4 -0.2 0
v -0.3 -0.2 0
v -0.3 -0.3 0
v -0.3 -0.2 0.1
v -0.3 -0.3 0.1
v -0.2 -0.3 0.1
v -0.2 -0.2 0.1
v -0.3 -0.3 0
v -0.3 -0.2 0
v -0.2 -0.2 0
v -0.2 -0.3 0
v -0.2 -0.2 0.1
v -0.2 -0.3 0.1
v -0.1 -0.3 0.1
v -0.1 -0.2 0.1
v -0.2 -0.3 0
v -0.2 -0.2 0
v -0.1 -0.2 0
v -0.1 -0.3 0
v -0.1 -0.2 0.1
v -0.1 -0.3 0.1
v 0 -0.3 0.1
v 0 -0.2 0.1
v -0.1 -0.3 0
v -0.1 -0.2 0
v 0 -0.2 0
v 0 -0.3 0
v 0 -0.2 0.1
v 0 -0.3 0.1
v 0.1 -0.3 0.1
v 0.1 -0.2 0.1
v 0 -0.3 0
v 0 -0.2 0
v 0.1 -0.2 0
v 0.1 -0.3 0
v 0.1 -0.2 0.1
v 0.1 -0.3 0.1
v 0.2 -0.3 0.1
v 0.2 -0.2 0.1
v 0.1 -0.3 0
v 0.1 -0.2 0
v 0.2 -0.2 0
v 0.2 -0.3 0
v 0.2 -0.2 0.1
v 0.2 -0.3 0.1
v 0.3 -0.3 0.1
v 0.3 -0.2 0.1
v 0.2 -0.3 0
v 0.2 -0.2 0
v 0.3 -0.2 0
v 0.3 -0.3 0
v 0.3 -0.2 0.1
v 0.3 -0.3 0.1
v 0.4 -0.3 0.1
v 0.4 -0.2 0.1
v 0.3 -0.3 0
v 0.3 -0.2 0
v 0.4 -0.2 0
v 0.4 -0.3 0
v 0.4 -0.2 0.1
v 0.4 -0.3 0.1
v 0.5 -0.3 0.1
v 0.5 -0.2 0.1
v 0.4 -0.3 0
v 0.4 -0.2 0
v 0.5 -0.2 0
v 0.5 -0.3 0
v 0.5 -0.2 0.1
v 0.5 -0.3 0.1
v 0.6 -0.3 0.1
v 0.6 -0.2 0.1
v 0.5 -0.3 0
v 0.5 -0.2 0
v 0.6 -0.2 0
v 0.6 -0.3 0
v 0.6 -0.2 0.1
v 0.6 -0.3 0.1
v 0.7 -0.3 0.1
v 0.7 -0.2 0.1
v 0.6 -0.3 0
v 0.6 -0.2 0
v 0.7 -0.2 0
v 0.7 -0.3 0
v 0.7 -0.2 0.1
v 0.7 -0.3 0.1
v 0.8 -0.3 0.1
v 0.8 -0.2 0.1
v 0.7 -0.3 0
v 0.7 -0.2 0
v 0.8 -0.2 0
v 0.8 -0.3 0
v 0.8 -0.2 0.1
v 0.8 -0.3 0.1
v 0.9 -0.3 0.1
v 0.9 -0.2 0.1
v 0.8 -0.3 0
v 0.8 -0.2 0
v 0.9 -0.2 0
v 0.9 -0.3 0
v 0.9 -0.2 0.1
v 0.9 -0.3 0.1
v 1 -0.3 0.1
v 1 -0.2 0.1
v 0.9 -0.3 0
v 0.9 -0.2 0
v 1 -0.2 0
v 1 -0.3 0
v 1 -0.2 0.1
v 1 -0.3 0.1
v 1.1 -0.3 0.1
v 1.1 -0.2 0.1
v 1 -0.3 0
v 1 -0.2 0
v 1.1 -0.2 0
v 1.1 -0.3 0
v 1.2 -0.3 0.1
v 1.2 -0.3 0
v 1.2 -0.2 0
v 1.2 -0.2 0.1
v 1.1 -0.2 0.1
v 1.1 -0.3 0.1
v 1.2 -0.3 0.1
v 1.2 -0.2 0.1
v 1.1 -0.3 0
v 1.1 -0.2 0
v 1.2 -0.2 0
v 1.2 -0.3 0
v -1.2 -0.3 0.1
v -1.2 -0.3 0
v -1.2 -0.4 0
v -1.2 -0.4 0.1
v -1.2 -0.3 0.1
v -1.2 -0.4 0.1
v -1.1 -0.4 0.1
v -1.1 -0.3 0.1
v -1.2 -0.4 0
v -1.2 -0.3 0
v -1.1 -0.3 0
v -1.1 -0.4 0
v -1.1 -0.3 0.1
v -1.1 -0.4 0.1
v -1 -0.4 0.1
v -1 -0.3 0.1
v -1.1 -0.4 0
v -1.1 -0.3 0
v -1 -0.3 0
v -1 -0.4 0
v -1 -0.3 0.1
v -1 -0.4 0.1
v -0.9 -0.4 0.1
v -0.9 -0.3 0.1
v -1 -0.4 0
v -1 -0.3 0
v -0.9 -0.3 0
v -0.9 -0.4 0
v -0.9 -0.3 0.1
v -0.9 -0.4 0.1
v -0.8 -0.4 0.1
v -0.8 -0.3 0.1
v -0.9 -0.4 0
v -0.9 -0.3 0
v -0.8 -0.3 0
v -0.8 -0.4 0
v -0.8 -0.3 0.1
v -0.8 -0.4 0.1
v -0.7 -0.4 0.1
v -0.7 -0.3 0.1
v -0.8 -0.4 0
v -0.8 -0.3 0
v -0.7 -0.3 0
v -0.7 -0.4 0
v -0.7 -0.3 0.1
v -0.7 -0.4 0.1
v -0.6 -0.4 0.1
v -0.6 -0.3 0.1
v -0.7 -0.4 0
v -0.7 -0.3 0
v -0.6 -0.3 0
v -0.6 -0.4 0
v -0.6 -0.3 0.1
v -0.6 -0.4 0.1
v -0.5 -0.4 0.1
v -0.5 -0.3 0.1
v -0.6 -0.4 0
v -0.6 -0.3 0
v -0.5 -0.3 0
v -0.5 -0.4 0
v -0.5 -0.3 0.1
v -0.5 -0.4 0.1
v -0.4 -0.4 0.1
v -0.4 -0.3 0.1
v -0.5 -0.4 0
v -0.5 -0.3 0
v -0.4 -0.3 0
v -0.4 -0.4 0
v -0.4 -0.3 0.1
v -0.4 -0.4 0.1
v -0.3 -0.4 0.1
v -0.3 -0.3 0.1
v -0.4 -0.4 0
v -0.4 -0.3 0
v -0.3 -0.3 0
v -0.3 -0.4 0
v -0.3 -0.3 0.1
v -0.3 -0.4 0.1
v -0.2 -0.4 0.1
v -0.2 -0.3 0.1
v -0.3 -0.4 0
v -0.3 -0.3 0
v -0.2 -0.3 0
v -0.2 -0.4 0
v -0.2 -0.3 0.1
v -0.2 -0.4 0.1
v -0.1 -0.4 0.1
v -0.1 -0.3 0.1
v -0.2 -0.4 0
v -0.2 -0.3 0
v -0.1 -0.3 0
v -0.1 -0.4 0
v -0.1 -0.3 0.1
v -0.1 -0.4 0.1
v 0 -0.4 0.1
v 0 -0.3 0.1
v -0.1 -0.4 0
v -0.1 -0.3 0
v 0 -0.3 0
v 0 -0.4 0
v 0 -0.3 0.1
v 0 -0.4 0.1
v 0.1 -0.4 0.1
v 0.1 -0.3 0.1
v 0 -0.4 0
v 0 -0.3 0
v 0.1 -0.3 0
v 0.1 -0.4 0
v 0.1 -0.3 0.1
v 0.1 -0.4 0.1
v 0.2 -0.4 0.1
v 0.2 -0.3 0.1
v 0.1 -0.4 0
v 0.1 -0.3 0
v 0.2 -0.3 0
v 0.2 -0.4 0
v 0.2 -0.3 0.1
v 0.2 -0.4 0.1
v 0.3 -0.4 0.1
v 0.3 -0.3 0.1
v 0.2 -0.4 0
v 0.2 -0.3 0
v 0.3 -0.3 0
v 0.3 -0.4 0
v 0.3 -0.3 0.1
v 0.3 -0.4 0.1
v 0.4 -0.4 0.1
v 0.4 -0.3 0.1
v 0.3 -0.4 0
v 0.3 -0.3 0
v 0.4 -0.3 0
v 0.4 -0.4 0
v 0.4 -0.3 0.1
v 0.4 -0.4 0.1
v 0.5 -0.4 0.1
v 0.5 -0.3 0.1
v 0.4 -0.4 0
v 0.4 -0.3 0
v 0.5 -0.3 0
v 0.5 -0.4 0
v 0.5 -0.3 0.1
v 0.5 -0.4 0.1
v 0.6 -0.4 0.1
v 0.6 -0.3 0.1
v 0.5 -0.4 0
v 0.5 -0.3 0
v 0.6 -0.3 0
v 0.6 -0.4 0
v 0.6 -0.3 0.1
v 0.6 -0.4 0.1
v 0.7 -0.4 0.1
v 0.7 -0.3 0.1
v 0.6 -0.4 0
v 0.6 -0.3 0
v 0.7 -0.3 0
v 0.7 -0.4 0
v 0.7 -0.3 0.1
v 0.7 -0.4 0.1
v 0.8 -0.4 0.1
v 0.8 -0.3 0.1
v 0.7 -0.4 0
v 0.7 -0.3 0
v 0.8 -0.3 0
v 0.8 -0.4 0
v 0.8 -0.3 0.1
v 0.8 -0.4 0.1
v 0.9 -0.4 0.1
v 0.9 -0.3 0.1
v 0.8 -0.4 0
v 0.8 -0.3 0
v 0.9 -0.3 0
v 0.9 -0.4 0
v 0.9 -0.3 0.1
v 0.9 -0.4 0.1
v 1 -0.4 0.1
v 1 -0.3 0.1
v 0.9 -0.4 0
v 0.9 -0.3 0
v 1 -0.3 0
v 1 -0.4 0
v 1 -0.3 0.1
v 1 -0.4 0.1
v 1.1 -0.4 0.1
v 1.1 -0.3 0.1
v 1 -0.4 0
v 1 -0.3 0
v 1.1 -0.3 0
v 1.1 -0.4 0
v 1.2 -0.4 0.1
v 1.2 -0.4 0
v 1.2 -0.3 0
v 1.2 -0.3 0.1
v 1.1 -0.3 0.1
v 1.1 -0.4 0.1
v 1.2 -0.4 0.1
v 1.2 -0.3 0.1
v 1.1 -0.4 0
v 1.1 -0.3 0
v 1.2 -0.3 0
v 1.2 -0.4 0
v -1.2 -0.4 0.1
v -1.2 -0.4 0
v -1.2 -0.5 0
v -1.2 -0.5 0.1
v -1.2 -0.4 0.1
v -1.2 -0.5 0.1
v -1.1 -0.5 0.1
v -1.1 -0.4 0.1
v -1.2 -0.5 0
v -1.2 -0.4 0
v -1.1 -0.4 0
v -1.1 -0.5 0
v -1.1 -0.4 0.1
v -1.1 -0.5 0.1
v -1 -0.5 0.1
v -1 -0.4 0.1
v -1.1 -0.5 0
v -1.1 -0.4 0
v -1 -0.4 0
v -1 -0.5 0
v -1 -0.4 0.1
v -1 -0.5 0.1
v -0.9 -0.5 0.1
v -0.9 -0.4 0.1
v -1 -0.5 0
v -1 -0.4 0
v -0.9 -0.4 0
v -0.9 -0.5 0
v -0.9 -0.4 0.1
v -0.9 -0.5 0.1
v -0.8 -0.5 0.1
v -0.8 -0.4 0.1
v -0.9 -0.5 0
v -0.9 -0.4 0
v -0.8 -0.4 0
v -0.8 -0.5 0
v -0.8 -0.4 0.1
v -0.8 -0.5 0.1
v -0.7 -0.5 0.1
v -0.7 -0.4 0.1
v -0.8 -0.5 0
v -0.8 -0.4 0
v -0.7 -0.4 0
v -0.7 -0.5 0
v -0.7 -0.4 0.1
v -0.7 -0.5 0.1
v -0.6 -0.5 0.1
v -0.6 -0.4 0.1
v -0.7 -0.5 0
v -0.7 -0.4 0
v -0.6 -0.4 0
v -0.6 -0.5 0
v -0.6 -0.4 0.1
v -0.6 -0.5 0.1
v -0.5 -0.5 0.1
v -0.5 -0.4 0.1
v -0.6 -0.5 0
v -0.6 -0.4 0
v -0.5 -0.4 0
v -0.5 -0.5 0
v -0.5 -0.4 0.1
v -0.5 -0.5 0.1
v -0.4 -0.5 0.1
v -0.4 -0.4 0.1
v -0.5 -0.5 0
v -0.5 -0.4 0
v -0.4 -0.4 0
v -0.4 -0.5 0
v -0.4 -0.4 0.1
v -0.4 -0.5 0.1
v -0.3 -0.5 0.1
v -0.3 -0.4 0.1
v -0.4 -0.5 0
v -0.4 -0.4 0
v -0.3 -0.4 0
v -0.3 -0.5 0
v -0.3 -0.4 0.1
v -0.3 -0.5 0.1
v -0.2 -0.5 0.1
v -0.2 -0.4 0.1
v -0.3 -0.5 0
v -0.3 -0.4 0
v -0.2 -0.4 0
v -0.2 -0.5 0
v -0.2 -0.4 0.1
v -0.2 -0.5 0.1
v -0.1 -0.5 0.1
v -0.1 -0.4 0.1
v -0.2 -0.5 0
v -0.2 -0.4 0
v -0.1 -0.4 0
v -0.1 -0.5 0
v -0.1 -0.4 0.1
v -0.1 -0.5 0.1
v 0 -0.5 0.1
v 0 -0.4 0.1
v -0.1 -0.5 0
v -0.1 -0.4 0
v 0 -0.4 0
v 0 -0.5 0
v 0 -0.4 0.1
v 0 -0.5 0.1
v 0.1 -0.5 0.1
v 0.1 -0.4 0.1
v 0 -0.5 0
v 0 -0.4 0
v 0.1 -0.4 0
v 0.1 -0.5 0
v 0.1 -0.4 0.1
v 0.1 -0.5 0.1
v 0.2 -0.5 0.1
v 0.2 -0.4 0.1
v 0.1 -0.5 0
v 0.1 -0.4 0
v 0.2 -0.4 0
v 0.2 -0.5 0
v 0.2 -0.4 0.1
v 0.2 -0.5 0.1
v 0.3 -0.5 0.1
v 0.3 -0.4 0.1
v 0.2 -0.5 0
v 0.2 -0.4 0
v 0.3 -0.4 0
v 0.3 -0.5 0
v 0.3 -0.4 0.1
v 0.3 -0.5 0.1
v 0.4 -0.5 0.1
v 0.4 -0.4 0.1
v 0.3 -0.5 0
v 0.3 -0.4 0
v 0.4 -0.4 0
v 0.4 -0.5 0
v 0.4 -0.4 0.1
v 0.4 -0.5 0.1
v 0.5 -0.5 0.1
v 0.5 -0.4 0.1
v 0.4 -0.5 0
v 0.4 -0.4 0
v 0.5 -0.4 0
v 0.5 -0.5 0
v 0.5 -0.4 0.1
v 0.5 -0.5 0.1
v 0.6 -0.5 0.1
v 0.6 -0.4 0.1
v 0.5 -0.5 0
v 0.5 -0.4 0
v 0.6 -0.4 0
v 0.6 -0.5 0
v 0.6 -0.4 0.1
v 0.6 -0.5 0.1
v 0.7 -0.5 0.1
v 0.7 -0.4 0.1
v 0.6 -0.5 0
v 0.6 -0.4 0
v 0.7 -0.4 0
v 0.7 -0.5 0
v 0.7 -0.4 0.1
v 0.7 -0.5 0.1
v 0.8 -0.5 0.1
v 0.8 -0.4 0.1
v 0.7 -0.5 0
v 0.7 -0.4 0
v 0.8 -0.4 0
v 0.8 -0.5 0
v 0.8 -0.4 0.1
v 0.8 -0.5 0.1
v 0.9 -0.5 0.1
v 0.9 -0.4 0.1
v 0.8 -0.5 0
v 0.8 -0.4 0
v 0.9 -0.4 0
v 0.9 -0.5 0
v 0.9 -0.4 0.1
v 0.9 -0.5 0.1
v 1 -0.5 0.1
v 1 -0.4 0.1
v 0.9 -0.5 0
v 0.9 -0.4 0
v 1 -0.4 0
v 1 -0.5 0
v 1 -0.4 0.1
v 1 -0.5 0.1
v 1.1 -0.5 0.1
v 1.1 -0.4 0.1
v 1 -0.5 0
v 1 -0.4 0
v 1.1 -0.4 0
v 1.1 -0.5 0
v 1.2 -0.5 0.1
v 1.2 -0.5 0
v 1.2 -0.4 0
v 1.2 -0.4 0.1
v 1.1 -0.4 0.1
v 1.1 -0.5 0.1
v 1.2 -0.5 0.1
v 1.2 -0.4 0.1
v 1.1 -0.5 0
v 1.1 -0.4 0
v 1.2 -0.4 0
v 1.2 -0.5 0
v -1.2 -0.5 0.1
v -1.2 -0.5 0
v -1.2 -0.6 0
v -1.2 -0.6 0.1
v -1.2 -0.5 0.1
v -1.2 -0.6 0.1
v -1.1 -0.6 0.1
v -1.1 -0.5 0.1
v -1.2 -0.6 0
v -1.2 -0.5 0
v -1.1 -0.5 0
v -1.1 -0.6 0
v -1.1 -0.5 0.1
v -1.1 -0.6 0.1
v -1 -0.6 0.1
v -1 -0.5 0.1
v -1.1 -0.6 0
v -1.1 -0.5 0
v -1 -0.5 0
v -1 -0.6 0
v -1 -0.5 0.1
v -1 -0.6 0.1
v -0.9 -0.6 0.1
v -0.9 -0.5 0.1
v -1 -0.6 0
v -1 -0.5 0
v -0.9 -0.5 0
v -0.9 -0.6 0
v -0.9 -0.5 0.1
v -0.9 -0.6 0.1
v -0.8 -0.6 0.1
v -0.8 -0.5 0.1
v -0.9 -0.6 0
v -0.9 -0.5 0
v -0.8 -0.5 0
v -0.8 -0.6 0
v -0.8 -0.5 0.1
v -0.8 -0.6 0.1
v -0.7 -0.6 0.1
v -0.7 -0.5 0.1
v -0.8 -0.6 0
v -0.8 -0.5 0
v -0.7 -0.5 0
v -0.7 -0.6 0
v -0.7 -0.5 0.1
v -0.7 -0.6 0.1
v -0.6 -0.6 0.1
v -0.6 -0.5 0.1
v -0.7 -0.6 0
v -0.7 -0.5 0
v -0.6 -0.5 0
v -0.6 -0.6 0
v -0.6 -0.5 0.1
v -0.6 -0.6 0.1
v -0.5 -0.6 0.1
v -0.5 -0.5 0.1
v -0.6 -0.6 0
v -0.6 -0.5 0
v -0.5 -0.5 0
v -0.5 -0.6 0
v -0.5 -0.5 0.1
v -0.5 -0.6 0.1
v -0.4 -0.6 0.1
v -0.4 -0.5 0.1
v -0.5 -0.6 0
v -0.5 -0.5 0
v -0.4 -0.5 0
v -0.4 -0.6 0
v -0.4 -0.5 0.1
v -0.4 -0.6 0.1
v -0.3 -0.6 0.1
v -0.3 -0.5 0.1
v -0.4 -0.6 0
v -0.4 -0.5 0
v -0.3 -0.5 0
v -0.3 -0.6 0
v -0.3 -0.5 0.1
v -0.3 -0.6 0.1
v -0.2 -0.6 0.1
v -0.2 -0.5 0.1
v -0.3 -0.6 0
v -0.3 -0.5 0
v -0.2 -0.5 0
v -0.2 -0.6 0
v -0.2 -0.5 0.1
v -0.2 -0.6 0.1
v -0.1 -0.6 0.1
v -0.1 -0.5 0.1
v -0.2 -0.6 0
v -0.2 -0.5 0
v -0.1 -0.5 0
v -0.1 -0.6 0
v -0.1 -0.5 0.1
v -0.1 -0.6 0.1
v 0 -0.6 0.1
v 0 -0.5 0.1
v -0.1 -0.6 0
v -0.1 -0.5 0
v 0 -0.5 0
v 0 -0.6 0
v 0 -0.5 0.1
v 0 -0.6 0.1
v 0.1 -0.6 0.1
v 0.1 -0.5 0.1
v 0 -0.6 0
v 0 -0.5 0
v 0.1 -0.5 0
v 0.1 -0.6 0
v 0.1 -0.5 0.1
v 0.1 -0.6 0.1
v 0.2 -0.6 0.1
v 0.2 -0.5 0.1
v 0.1 -0.6 0
v 0.1 -0.5 0
v 0.2 -0.5 0
v 0.2 -0.6 0
v 0.2 -0.5 0.1
v 0.2 -0.6 0.1
v 0.3 -0.6 0.1
v 0.3 -0.5 0.1
v 0.2 -0.6 0
v 0.2 -0.5 0
v 0.3 -0.5 0
v 0.3 -0.6 0
v 0.3 -0.5 0.1
v 0.3 -0.6 0.1
v 0.4 -0.6 0.1
v 0.4 -0.5 0.1
v 0.3 -0.6 0
v 0.3 -0.5 0
v 0.4 -0.5 0
v 0.4 -0.6 0
v 0.4 -0.5 0.1
v 0.4 -0.6 0.1
v 0.5 -0.6 0.1
v 0.5 -0.5 0.1
v 0.4 -0.6 0
v 0.4 -0.5 0
v 0.5 -0.5 0
v 0.5 -0.6 0
v 0.5 -0.5 0.1
v 0.5 -0.6 0.1
v 0.6 -0.6 0.1
v 0.6 -0.5 0.1
v 0.5 -0.6 0
v 0.5 -0.5 0
v 0.6 -0.5 0
v 0.6 -0.6 0
v 0.6 -0.5 0.1
v 0.6 -0.6 0.1
v 0.7 -0.6 0.1
v 0.7 -0.5 0.1
v 0.6 -0.6 0
v 0.6 -0.5 0
v 0.7 -0.5 0
v 0.7 -0.6 0
v 0.7 -0.5 0.1
v 0.7 -0.6 0.1
v 0.8 -0.6 0.1
v 0.8 -0.5 0.1
v 0.7 -0.6 0
v 0.7 -0.5 0
v 0.8 -0.5 0
v 0.8 -0.6 0
v 0.8 -0.5 0.1
v 0.8 -0.6 0.1
v 0.9 -0.6 0.1
v 0.9 -0.5 0.1
v 0.8 -0.6 0
v 0.8 -0.5 0
v 0.9 -0.5 0
v 0.9 -0.6 0
v 0.9 -0.5 0.1
v 0.9 -0.6 0.1
v 1 -0.6 0.1
v 1 -0.5 0.1
v 0.9 -0.6 0
v 0.9 -0.5 0
v 1 -0.5 0
v 1 -0.6 0
v 1 -0.5 0.1
v 1 -0.6 0.1
v 1.1 -0.6 0.1
v 1.1 -0.5 0.1
v 1 -0.6 0
v 1 -0.5 0
v 1.1 -0.5 0
v 1.1 -0.6 0
v 1.2 -0.6 0.1
v 1.2 -0.6 0
v 1.2 -0.5 0
v 1.2 -0.5 0.1
v 1.1 -0.5 0.1
v 1.1 -0.6 0.1
v 1.2 -0.6 0.1
v 1.2 -0.5 0.1
v 1.1 -0.6 0
v 1.1 -0.5 0
v 1.2 -0.5 0
v 1.2 -0.6 0
v -1.2 -0.6 0.1
v -1.2 -0.6 0
v -1.2 -0.7 0
v -1.2 -0.7 0.1
v -1.2 -0.6 0.1
v -1.2 -0.7 0.1
v -1.1 -0.7 0.1
v -1.1 -0.6 0.1
v -1.2 -0.7 0
v -1.2 -0.6 0
v -1.1 -0.6 0
v -1.1 -0.7 0
v -1.1 -0.6 0.1
v -1.1 -0.7 0.1
v -1 -0.7 0.1
v -1 -0.6 0.1
v -1.1 -0.7 0
v -1.1 -0.6 0
v -1 -0.6 0
v -1 -0.7 0
v -1 -0.6 0.1
v -1 -0.7 0.1
v -0.9 -0.7 0.1
v -0.9 -0.6 0.1
v -1 -0.7 0
v -1 -0.6 0
v -0.9 -0.6 0
v -0.9 -0.7 0
v -0.9 -0.6 0.1
v -0.9 -0.7 0.1
v -0.8 -0.7 0.1
v -0.8 -0.6 0.1
v -0.9 -0.7 0
v -0.9 -0.6 0
v -0.8 -0.6 0
v -0.8 -0.7 0
v -0.8 -0.6 0.1
v -0.8 -0.7 0.1
v -0.7 -0.7 0.1
v -0.7 -0.6 0.1
v -0.8 -0.7 0
v -0.8 -0.6 0
v -0.7 -0.6 0
v -0.7 -0.7 0
v -0.7 -0.6 0.1
v -0.7 -0.7 0.1
v -0.6 -0.7 0.1
v -0.6 -0.6 0.1
v -0.7 -0.7 0
v -0.7 -0.6 0
v -0.6 -0.6 0
v -0.6 -0.7 0
v -0.6 -0.6 0.1
v -0.6 -0.7 0.1
v -0.5 -0.7 0.1
v -0.5 -0.6 0.1
v -0.6 -0.7 0
v -0.6 -0.6 0
v -0.5 -0.6 0
v -0.5 -0.7 0
v -0.5 -0.6 0.1
v -0.5 -0.7 0.1
v -0.4 -0.7 0.1
v -0.4 -0.6 0.1
v -0.5 -0.7 0
v -0.5 -0.6 0
v -0.4 -0.6 0
v -0.4 -0.7 0
v -0.4 -0.6 0.1
v -0.4 -0.7 0.1
v -0.3 -0.7 0.1
v -0.3 -0.6 0.1
v -0.4 -0.7 0
v -0.4 -0.6 0
v -0.3 -0.6 0
v -0.3 -0.7 0
v -0.3 -0.6 0.1
v -0.3 -0.7 0.1
v -0.2 -0.7 0.1
v -0.2 -0.6 0.1
v -0.3 -0.7 0
v -0.3 -0.6 0
v -0.2 -0.6 0
v -0.2 -0.7 0
v -0.2 -0.6 0.1
v -0.2 -0.7 0.1
v -0.1 -0.7 0.1
v -0.1 -0.6 0.1
v -0.2 -0.7 0
v -0.2 -0.6 0
v -0.1 -0.6 0
v -0.1 -0.7 0
v -0.1 -0.6 0.1
v -0.1 -0.7 0.1
v 0 -0.7 0.1
v 0 -0.6 0.1
v -0.1 -0.7 0
v -0.1 -0.6 0
v 0 -0.6 0
v 0 -0.7 0
v 0 -0.6 0.1
v 0 -0.7 0.1
v 0.1 -0.7 0.1
v 0.1 -0.6 0.1
v 0 -0.7 0
v 0 -0.6 0
v 0.1 -0.6 0
v 0.1 -0.7 0
v 0.1 -0.6 0.1
v 0.1 -0.7 0.1
v 0.2 -0.7 0.1
v 0.2 -0.6 0.1
v 0.1 -0.7 0
v 0.1 -0.6 0
v 0.2 -0.6 0
v 0.2 -0.7 0
v 0.2 -0.6 0.1
v 0.2 -0.7 0.1
v 0.3 -0.7 0.1
v 0.3 -0.6 0.1
v 0.2 -0.7 0
v 0.2 -0.6 0
v 0.3 -0.6 0
v 0.3 -0.7 0
v 0.3 -0.6 0.1
v 0.3 -0.7 0.1
v 0.4 -0.7 0.1
v 0.4 -0.6 0.1
v 0.3 -0.7 0
v 0.3 -0.6 0
v 0.4 -0.6 0
v 0.4 -0.7 0
v 0.4 -0.6 0.1
v 0.4 -0.7 0.1
v 0.5 -0.7 0.1
v 0.5 -0.6 0.1
v 0.4 -0.7 0
v 0.4 -0.6 0
v 0.5 -0.6 0
v 0.5 -0.7 0
v 0.5 -0.6 0.1
v 0.5 -0.7 0.1
v 0.6 -0.7 0.1
v 0.6 -0.6 0.1
v 0.5 -0.7 0
v 0.5 -0.6 0
v 0.6 -0.6 0
v 0.6 -0.7 0
v 0.6 -0.6 0.1
v 0.6 -0.7 0.1
v 0.7 -0.7 0.1
v 0.7 -0.6 0.1
v 0.6 -0.7 0
v 0.6 -0.6 0
v 0.7 -0.6 0
v 0.7 -0.7 0
v 0.7 -0.6 0.1
v 0.7 -0.7 0.1
v 0.8 -0.7 0.1
v 0.8 -0.6 0.1
v 0.7 -0.7 0
v 0.7 -0.6 0
v 0.8 -0.6 0
v 0.8 -0.7 0
v 0.8 -0.6 0.1
v 0.8 -0.7 0.1
v 0.9 -0.7 0.1
v 0.9 -0.6 0.1
v 0.8 -0.7 0
v 0.8 -0.6 0
v 0.9 -0.6 0
v 0.9 -0.7 0
v 0.9 -0.6 0.1
v 0.9 -0.7 0.1
v 1 -0.7 0.1
v 1 -0.6 0.1
v 0.9 -0.7 0
v 0.9 -0.6 0
v 1 -0.6 0
v 1 -0.7 0
v 1 -0.6 0.1
v 1 -0.7 0.1
v 1.1 -0.7 0.1
v 1.1 -0.6 0.1
v 1 -0.7 0
v 1 -0.6 0
v 1.1 -0.6 0
v 1.1 -0.7 0
v 1.2 -0.7 0.1
v 1.2 -0.7 0
v 1.2 -0.6 0
v 1.2 -0.6 0.1
v 1.1 -0.6 0.1
v 1.1 -0.7 0.1
v 1.2 -0.7 0.1
v 1.2 -0.6 0.1
v 1.1 -0.7 0
v 1.1 -0.6 0
v 1.2 -0.6 0
v 1.2 -0.7 0
v -1.2 -0.7 0.1
v -1.2 -0.7 0
v -1.2 -0.8 0
v -1.2 -0.8 0.1
v -1.2 -0.7 0.1
v -1.2 -0.8 0.1
v -1.1 -0.8 0.1
v -1.1 -0.7 0.1
v -1.2 -0.8 0
v -1.2 -0.7 0
v -1.1 -0.7 0
v -1.1 -0.8 0
v -1.1 -0.7 0.1
v -1.1 -0.8 0.1
v -1 -0.8 0.1
v -1 -0.7 0.1
v -1.1 -0.8 0
v -1.1 -0.7 0
v -1 -0.7 0
v -1 -0.8 0
v -1 -0.7 0.1
v -1 -0.8 0.1
v -0.9 -0.8 0.1
v -0.9 -0.7 0.1
v -1 -0.8 0
v -1 -0.7 0
v -0.9 -0.7 0
v -0.9 -0.8 0
v -0.9 -0.7 0.1
v -0.9 -0.8 0.1
v -0.8 -0.8 0.1
v -0.8 -0.7 0.1
v -0.9 -0.8 0
v -0.9 -0.7 0
v -0.8 -0.7 0
v -0.8 -0.8 0
v -0.8 -0.7 0.1
v -0.8 -0.8 0.1
v -0.7 -0.8 0.1
v -0.7 -0.7 0.1
v -0.8 -0.8 0
v -0.8 -0.7 0
v -0.7 -0.7 0
v -0.7 -0.8 0
v -0.7 -0.7 0.1
v -0.7 -0.8 0.1
v -0.6 -0.8 0.1
v -0.6 -0.7 0.1
v -0.7 -0.8 0
v -0.7 -0.7 0
v -0.6 -0.7 0
v -0.6 -0.8 0
v -0.6 -0.7 0.1
v -0.6 -0.8 0.1
v -0.5 -0.8 0.1
v -0.5 -0.7 0.1
v -0.6 -0.8 0
v -0.6 -0.7 0
v -0.5 -0.7 0
v -0.5 -0.8 0
v -0.5 -0.7 0.1
v -0.5 -0.8 0.1
v -0.4 -0.8 0.1
v -0.4 -0.7 0.1
v -0.5 -0.8 0
v -0.5 -0.7 0
v -0.4 -0.7 0
v -0.4 -0.8 0
v -0.4 -0.7 0.1
v -0.4 -0.8 0.1
v -0.3 -0.8 0.1
v -0.3 -0.7 0.1
v -0.4 -0.8 0
v -0.4 -0.7 0
v -0.3 -0.7 0
v -0.3 -0.8 0
v -0.3 -0.7 0.1
v -0.3 -0.8 0.1
v -0.2 -0.8 0.1
v -0.2 -0.7 0.1
v -0.3 -0.8 0
v -0.3 -0.7 0
v -0.2 -0.7 0
v -0.2 -0.8 0
v -0.2 -0.7 0.1
v -0.2 -0.8 0.1
v -0.1 -0.8 0.1
v -0.1 -0.7 0.1
v -0.2 -0.8 0
v -0.2 -0.7 0
v -0.1 -0.7 0
v -0.1 -0.8 0
v -0.1 -0.7 0.1
v -0.1 -0.8 0.1
v 0 -0.8 0.1
v 0 -0.7 0.1
v -0.1 -0.8 0
v -0.1 -0.7 0
v 0 -0.7 0
v 0 -0.8 0
v 0 -0.7 0.1
v 0 -0.8 0.1
v 0.1 -0.8 0.1
v 0.1 -0.7 0.1
v 0 -0.8 0
v 0 -0.7 0
v 0.1 -0.7 0
v 0.1 -0.8 0
v 0.1 -0.7 0.1
v 0.1 -0.8 0.1
v 0.2 -0.8 0.1
v 0.2 -0.7 0.1
v 0.1 -0.8 0
v 0.1 -0.7 0
v 0.2 -0.7 0
v 0.2 -0.8 0
v 0.2 -0.7 0.1
v 0.2 -0.8 0.1
v 0.3 -0.8 0.1
v 0.3 -0.7 0.1
v 0.2 -0.8 0
v 0.2 -0.7 0
v 0.3 -0.7 0
v 0.3 -0.8 0
v 0.3 -0.7 0.1
v 0.3 -0.8 0.1
v 0.4 -0.8 0.1
v 0.4 -0.7 0.1
v 0.3 -0.8 0
v 0.3 -0.7 0
v 0.4 -0.7 0
v 0.4 -0.8 0
v 0.4 -0.7 0.1
v 0.4 -0.8 0.1
v 0.5 -0.8 0.1
v 0.5 -0.7 0.1
v 0.4 -0.8 0
v 0.4 -0.7 0
v 0.5 -0.7 0
v 0.5 -0.8 0
v 0.5 -0.7 0.1
v 0.5 -0.8 0.1
v 0.6 -0.8 0.1
v 0.6 -0.7 0.1
v 0.5 -0.8 0
v 0.5 -0.7 0
v 0.6 -0.7 0
v 0.6 -0.8 0
v 0.6 -0.7 0.1
v 0.6 -0.8 0.1
v 0.7 -0.8 0.1
v 0.7 -0.7 0.1
v 0.6 -0.8 0
v 0.6 -0.7 0
v 0.7 -0.7 0
v 0.7 -0.8 0
v 0.7 -0.7 0.1
v 0.7 -0.8 0.1
v 0.8 -0.8 0.1
v 0.8 -0.7 0.1
v 0.7 -0.8 0
v 0.7 -0.7 0
v 0.8 -0.7 0
v 0.8 -0.8 0
v 0.8 -0.7 0.1
v 0.8 -0.8 0.1
v 0.9 -0.8 0.1
v 0.9 -0.7 0.1
v 0.8 -0.8 0
v 0.8 -0.7 0
v 0.9 -0.7 0
v 0.9 -0.8 0
v 0.9 -0.7 0.1
v 0.9 -0.8 0.1
v 1 -0.8 0.1
v 1 -0.7 0.1
v 0.9 -0.8 0
v 0.9 -0.7 0
v 1 -0.7 0
v 1 -0.8 0
v 1 -0.7 0.1
v 1 -0.8 0.1
v 1.1 -0.8 0.1
v 1.1 -0.7 0.1
v 1 -0.8 0
v 1 -0.7 0
v 1.1 -0.7 0
v 1.1 -0.8 0
v 1.2 -0.8 0.1
v 1.2 -0.8 0
v 1.2 -0.7 0
v 1.2 -0.7 0.1
v 1.1 -0.7 0.1
v 1.1 -0.8 0.1
v 1.2 -0.8 0.1
v 1.2 -0.7 0.1
v 1.1 -0.8 0
v 1.1 -0.7 0
v 1.2 -0.7 0
v 1.2 -0.8 0
v -1.2 -0.8 0.1
v -1.2 -0.8 0
v -1.2 -0.9 0
v -1.2 -0.9 0.1
v -1.2 -0.8 0.1
v -1.2 -0.9 0.1
v -1.1 -0.9 0.1
v -1.1 -0.8 0.1
v -1.2 -0.9 0
v -1.2 -0.8 0
v -1.1 -0.8 0
v -1.1 -0.9 0
v -1.1 -0.8 0.1
v -1.1 -0.9 0.1
v -1 -0.9 0.1
v -1 -0.8 0.1
v -1.1 -0.9 0
v -1.1 -0.8 0
v -1 -0.8 0
v -1 -0.9 0
v -1 -0.8 0.1
v -1 -0.9 0.1
v -0.9 -0.9 0.1
v -0.9 -0.8 0.1
v -1 -0.9 0
v -1 -0.8 0
v -0.9 -0.8 0
v -0.9 -0.9 0
v -0.9 -0.8 0.1
v -0.9 -0.9 0.1
v -0.8 -0.9 0.1
v -0.8 -0.8 0.1
v -0.9 -0.9 0
v -0.9 -0.8 0
v -0.8 -0.8 0
v -0.8 -0.9 0
v -0.8 -0.8 0.1
v -0.8 -0.9 0.1
v -0.7 -0.9 0.1
v -0.7 -0.8 0.1
v -0.8 -0.9 0
v -0.8 -0.8 0
v -0.7 -0.8 0
v -0.7 -0.9 0
v -0.7 -0.8 0.1
v -0.7 -0.9 0.1
v -0.6 -0.9 0.1
v -0.6 -0.8 0.1
v -0.7 -0.9 0
v -0.7 -0.8 0
v -0.6 -0.8 0
v -0.6 -0.9 0
v -0.6 -0.8 0.1
v -0.6 -0.9 0.1
v -0.5 -0.9 0.1
v -0.5 -0.8 0.1
v -0.6 -0.9 0
v -0.6 -0.8 0
v -0.5 -0.8 0
v -0.5 -0.9 0
v -0.5 -0.8 0.1
v -0.5 -0.9 0.1
v -0.4 -0.9 0.1
v -0.4 -0.8 0.1
v -0.5 -0.9 0
v -0.5 -0.8 0
v -0.4 -0.8 0
v -0.4 -0.9 0
v -0.4 -0.8 0.1
v -0.4 -0.9 0.1
v -0.3 -0.9 0.1
v -0.3 -0.8 0.1
v -0.4 -0.9 0
v -0.4 -0.8 0
v -0.3 -0.8 0
v -0.3 -0.9 0
v -0.3 -0.8 0.1
v -0.3 -0.9 0.1
v -0.2 -0.9 0.1
v -0.2 -0.8 0.1
v -0.3 -0.9 0
v -0.3 -0.8 0
v -0.2 -0.8 0
v -0.2 -0.9 0
v -0.2 -0.8 0.1
v -0.2 -0.9 0.1
v -0.1 -0.9 0.1
v -0.1 -0.8 0.1
v -0.2 -0.9 0
v -0.2 -0.8 0
v -0.1 -0.8 0
v -0.1 -0.9 0
v -0.1 -0.8 0.1
v -0.1 -0.9 0.1
v 0 -0.9 0.1
v 0 -0.8 0.1
v -0.1 -0.9 0
v -0.1 -0.8 0
v 0 -0.8 0
v 0 -0.9 0
v 0 -0.8 0.1
v 0 -0.9 0.1
v 0.1 -0.9 0.1
v 0.1 -0.8 0.1
v 0 -0.9 0
v 0 -0.8 0
v 0.1 -0.8 0
v 0.1 -0.9 0
v 0.1 -0.8 0.1
v 0.1 -0.9 0.1
v 0.2 -0.9 0.1
v 0.2 -0.8 0.1
v 0.1 -0.9 0
v 0.1 -0.8 0
v 0.2 -0.8 0
v 0.2 -0.9 0
v 0.2 -0.8 0.1
v 0.2 -0.9 0.1
v 0.3 -0.9 0.1
v 0.3 -0.8 0.1
v 0.2 -0.9 0
v 0.2 -0.8 0
v 0.3 -0.8 0
v 0.3 -0.9 0
v 0.3 -0.8 0.1
v 0.3 -0.9 0.1
v 0.4 -0.9 0.1
v 0.4 -0.8 0.1
v 0.3 -0.9 0
v 0.3 -0.8 0
v 0.4 -0.8 0
v 0.4 -0.9 0
v 0.4 -0.8 0.1
v 0.4 -0.9 0.1
v 0.5 -0.9 0.1
v 0.5 -0.8 0.1
v 0.4 -0.9 0
v 0.4 -0.8 0
v 0.5 -0.8 0
v 0.5 -0.9 0
v 0.5 -0.8 0.1
v 0.5 -0.9 0.1
v 0.6 -0.9 0.1
v 0.6 -0.8 0.1
v 0.5 -0.9 0
v 0.5 -0.8 0
v 0.6 -0.8 0
v 0.6 -0.9 0
v 0.6 -0.8 0.1
v 0.6 -0.9 0.1
v 0.7 -0.9 0.1
v 0.7 -0.8 0.1
v 0.6 -0.9 0
v 0.6 -0.8 0
v 0.7 -0.8 0
v 0.7 -0.9 0
v 0.7 -0.8 0.1
v 0.7 -0.9 0.1
v 0.8 -0.9 0.1
v 0.8 -0.8 0.1
v 0.7 -0.9 0
v 0.7 -0.8 0
v 0.8 -0.8 0
v 0.8 -0.9 0
v 0.8 -0.8 0.1
v 0.8 -0.9 0.1
v 0.9 -0.9 0.1
v 0.9 -0.8 0.1
v 0.8 -0.9 0
v 0.8 -0.8 0
v 0.9 -0.8 0
v 0.9 -0.9 0
v 0.9 -0.8 0.1
v 0.9 -0.9 0.1
v 1 -0.9 0.1
v 1 -0.8 0.1
v 0.9 -0.9 0
v 0.9 -0.8 0
v 1 -0.8 0
v 1 -0.9 0
v 1 -0.8 0.1
v 1 -0.9 0.1
v 1.1 -0.9 0.1
v 1.1 -0.8 0.1
v 1 -0.9 0
v 1 -0.8 0
v 1.1 -0.8 0
v 1.1 -0.9 0
v 1.2 -0.9 0.1
v 1.2 -0.9 0
v 1.2 -0.8 0
v 1.2 -0.8 0.1
v 1.1 -0.8 0.1
v 1.1 -0.9 0.1
v 1.2 -0.9 0.1
v 1.2 -0.8 0.1
v 1.1 -0.9 0
v 1.1 -0.8 0
v 1.2 -0.8 0
v 1.2 -0.9 0
v -1.2 -0.9 0.1
v -1.2 -0.9 0
v -1.2 -1 0
v -1.2 -1 0.1
v -1.2 -0.9 0.1
v -1.2 -1 0.1
v -1.1 -1 0.1
v -1.1 -0.9 0.1
v -1.2 -1 0
v -1.2 -0.9 0
v -1.1 -0.9 0
v -1.1 -1 0
v -1.1 -0.9 0.1
v -1.1 -1 0.1
v -1 -1 0.1
v -1 -0.9 0.1
v -1.1 -1 0
v -1.1 -0.9 0
v -1 -0.9 0
v -1 -1 0
v -1 -0.9 0.1
v -1 -1 0.1
v -0.9 -1 0.1
v -0.9 -0.9 0.1
v -1 -1 0
v -1 -0.9 0
v -0.9 -0.9 0
v -0.9 -1 0
v -0.9 -0.9 0.1
v -0.9 -1 0.1
v -0.8 -1 0.1
v -0.8 -0.9 0.1
v -0.9 -1 0
v -0.9 -0.9 0
v -0.8 -0.9 0
v -0.8 -1 0
v -0.8 -0.9 0.1
v -0.8 -1 0.1
v -0.7 -1 0.1
v -0.7 -0.9 0.1
v -0.8 -1 0
v -0.8 -0.9 0
v -0.7 -0.9 0
v -0.7 -1 0
v -0.7 -0.9 0.1
v -0.7 -1 0.1
v -0.6 -1 0.1
v -0.6 -0.9 0.1
v -0.7 -1 0
v -0.7 -0.9 0
v -0.6 -0.9 0
v -0.6 -1 0
v -0.6 -0.9 0.1
v -0.6 -1 0.1
v -0.5 -1 0.1
v -0.5 -0.9 0.1
v -0.6 -1 0
v -0.6 -0.9 0
v -0.5 -0.9 0
v -0.5 -1 0
v -0.5 -0.9 0.1
v -0.5 -1 0.1
v -0.4 -1 0.1
v -0.4 -0.9 0.1
v -0.5 -1 0
v -0.5 -0.9 0
v -0.4 -0.9 0
v -0.4 -1 0
v -0.4 -0.9 0.1
v -0.4 -1 0.1
v -0.3 -1 0.1
v -0.3 -0.9 0.1
v -0.4 -1 0
v -0.4 -0.9 0
v -0.3 -0.9 0
v -0.3 -1 0
v -0.3 -0.9 0.1
v -0.3 -1 0.1
v -0.2 -1 0.1
v -0.2 -0.9 0.1
v -0.3 -1 0
v -0.3 -0.9 0
v -0.2 -0.9 0
v -0.2 -1 0
v -0.2 -0.9 0.1
v -0.2 -1 0.1
v -0.1 -1 0.1
v -0.1 -0.9 0.1
v -0.2 -1 0
v -0.2 -0.9 0
v -0.1 -0.9 0
v -0.1 -1 0
v -0.1 -0.9 0.1
v -0.1 -1 0.1
v 0 -1 0.1
v 0 -0.9 0.1
v -0.1 -1 0
v -0.1 -0.9 0
v 0 -0.9 0
v 0 -1 0
v 0 -0.9 0.1
v 0 -1 0.1
v 0.1 -1 0.1
v 0.1 -0.9 0.1
v 0 -1 0
v 0 -0.9 0
v 0.1 -0.9 0
v 0.1 -1 0
v 0.1 -0.9 0.1
v 0.1 -1 0.1
v 0.2 -1 0.1
v 0.2 -0.9 0.1
v 0.1 -1 0
v 0.1 -0.9 0
v 0.2 -0.9 0
v 0.2 -1 0
v 0.2 -0.9 0.1
v 0.2 -1 0.1
v 0.3 -1 0.1
v 0.3 -0.9 0.1
v 0.2 -1 0
v 0.2 -0.9 0
v 0.3 -0.9 0
v 0.3 -1 0
v 0.3 -0.9 0.1
v 0.3 -1 0.1
v 0.4 -1 0.1
v 0.4 -0.9 0.1
v 0.3 -1 0
v 0.3 -0.9 0
v 0.4 -0.9 0
v 0.4 -1 0
v 0.4 -0.9 0.1
v 0.4 -1 0.1
v 0.5 -1 0.1
v 0.5 -0.9 0.1
v 0.4 -1 0
v 0.4 -0.9 0
v 0.5 -0.9 0
v 0.5 -1 0
v 0.5 -0.9 0.1
v 0.5 -1 0.1
v 0.6 -1 0.1
v 0.6 -0.9 0.1
v 0.5 -1 0
v 0.5 -0.9 0
v 0.6 -0.9 0
v 0.6 -1 0
v 0.6 -0.9 0.1
v 0.6 -1 0.1
v 0.7 -1 0.1
v 0.7 -0.9 0.1
v 0.6 -1 0
v 0.6 -0.9 0
v 0.7 -0.9 0
v 0.7 -1 0
v 0.7 -0.9 0.1
v 0.7 -1 0.1
v 0.8 -1 0.1
v 0.8 -0.9 0.1
v 0.7 -1 0
v 0.7 -0.9 0
v 0.8 -0.9 0
v 0.8 -1 0
v 0.8 -0.9 0.1
v 0.8 -1 0.1
v 0.9 -1 0.1
v 0.9 -0.9 0.1
v 0.8 -1 0
v 0.8 -0.9 0
v 0.9 -0.9 0
v 0.9 -1 0
v 0.9 -0.9 0.1
v 0.9 -1 0.1
v 1 -1 0.1
v 1 -0.9 0.1
v 0.9 -1 0
v 0.9 -0.9 0
v 1 -0.9 0
v 1 -1 0
v 1 -0.9 0.1
v 1 -1 0.1
v 1.1 -1 0.1
v 1.1 -0.9 0.1
v 1 -1 0
v 1 -0.9 0
v 1.1 -0.9 0
v 1.1 -1 0
v 1.2 -1 0.1
v 1.2 -1 0
v 1.2 -0.9 0
v 1.2 -0.9 0.1
v 1.1 -0.9 0.1
v 1.1 -1 0.1
v 1.2 -1 0.1
v 1.2 -0.9 0.1
v 1.1 -1 0
v 1.1 -0.9 0
v 1.2 -0.9 0
v 1.2 -1 0
v -1.2 -1 0.1
v -1.2 -1 0
v -1.2 -1.1 0
v -1.2 -1.1 0.1
v -1.2 -1 0.1
v -1.2 -1.1 0.1
v -1.1 -1.1 0.1
v -1.1 -1 0.1
v -1.2 -1.1 0
v -1.2 -1 0
v -1.1 -1 0
v -1.1 -1.1 0
v -1.1 -1 0.1
v -1.1 -1.1 0.1
v -1 -1.1 0.1
v -1 -1 0.1
v -1.1 -1.1 0
v -1.1 -1 0
v -1 -1 0
v -1 -1.1 0
v -1 -1 0.1
v -1 -1.1 0.1
v -0.9 -1.1 0.1
v -0.9 -1 0.1
v -1 -1.1 0
v -1 -1 0
v -0.9 -1 0
v -0.9 -1.1 0
v -0.9 -1 0.1
v -0.9 -1.1 0.1
v -0.8 -1.1 0.1
v -0.8 -1 0.1
v -0.9 -1.1 0
v -0.9 -1 0
v -0.8 -1 0
v -0.8 -1.1 0
v -0.8 -1 0.1
v -0.8 -1.1 0.1
v -0.7 -1.1 0.1
v -0.7 -1 0.1
v -0.8 -1.1 0
v -0.8 -1 0
v -0.7 -1 0
v -0.7 -1.1 0
v -0.7 -1 0.1
v -0.7 -1.1 0.1
v -0.6 -1.1 0.1
v -0.6 -1 0.1
v -0.7 -1.1 0
v -0.7 -1 0
v -0.6 -1 0
v -0.6 -1.1 0
v -0.6 -1 0.1
v -0.6 -1.1 0.1
v -0.5 -1.1 0.1
v -0.5 -1 0.1
v -0.6 -1.1 0
v -0.6 -1 0
v -0.5 -1 0
v -0.5 -1.1 0
v -0.5 -1 0.1
v -0.5 -1.1 0.1
v -0.4 -1.1 0.1
v -0.4 -1 0.1
v -0.5 -1.1 0
v -0.5 -1 0
v -0.4 -1 0
v -0.4 -1.1 0
v -0.4 -1 0.1
v -0.4 -1.1 0.1
v -0.3 -1.1 0.1
v -0.3 -1 0.1
v -0.4 -1.1 0
v -0.4 -1 0
v -0.3 -1 0
v -0.3 -1.1 0
v -0.3 -1 0.1
v -0.3 -1.1 0.1
v -0.2 -1.1 0.1
v -0.2 -1 0.1
v -0.3 -1.1 0
v -0.3 -1 0
v -0.2 -1 0
v -0.2 -1.1 0
v -0.2 -1 0.1
v -0.2 -1.1 0.1
v -0.1 -1.1 0.1
v -0.1 -1 0.1
v -0.2 -1.1 0
v -0.2 -1 0
v -0.1 -1 0
v -0.1 -1.1 0
v -0.1 -1 0.1
v -0.1 -1.1 0.1
v 0 -1.1 0.1
v 0 -1 0.1
v -0.1 -1.1 0
v -0.1 -1 0
v 0 -1 0
v 0 -1.1 0
v 0 -1 0.1
v 0 -1.1 0.1
v 0.1 -1.1 0.1
v 0.1 -1 0.1
v 0 -1.1 0
v 0 -1 0
v 0.1 -1 0
v 0.1 -1.1 0
v 0.1 -1 0.1
v 0.1 -1.1 0.1
v 0.2 -1.1 0.1
v 0.2 -1 0.1
v 0.1 -1.1 0
v 0.1 -1 0
v 0.2 -1 0
v 0.2 -1.1 0
v 0.2 -1 0.1
v 0.2 -1.1 0.1
v 0.3 -1.1 0.1
v 0.3 -1 0.1
v 0.2 -1.1 0
v 0.2 -1 0
v 0.3 -1 0
v 0.3 -1.1 0
v 0.3 -1 0.1
v 0.3 -1.1 0.1
v 0.4 -1.1 0.1
v 0.4 -1 0.1
v 0.3 -1.1 0
v 0.3 -1 0
v 0.4 -1 0
v 0.4 -1.1 0
v 0.4 -1 0.1
v 0.4 -1.1 0.1
v 0.5 -1.1 0.1
v 0.5 -1 0.1
v 0.4 -1.1 0
v 0.4 -1 0
v 0.5 -1 0
v 0.5 -1.1 0
v 0.5 -1 0.1
v 0.5 -1.1 0.1
v 0.6 -1.1 0.1
v 0.6 -1 0.1
v 0.5 -1.1 0
v 0.5 -1 0
v 0.6 -1 0
v 0.6 -1.1 0
v 0.6 -1 0.1
v 0.6 -1.1 0.1
v 0.7 -1.1 0.1
v 0.7 -1 0.1
v 0.6 -1.1 0
v 0.6 -1 0
v 0.7 -1 0
v 0.7 -1.1 0
v 0.7 -1 0.1
v 0.7 -1.1 0.1
v 0.8 -1.1 0.1
v 0.8 -1 0.1
v 0.7 -1.1 0
v 0.7 -1 0
v 0.8 -1 0
v 0.8 -1.1 0
v 0.8 -1 0.1
v 0.8 -1.1 0.1
v 0.9 -1.1 0.1
v 0.9 -1 0.1
v 0.8 -1.1 0
v 0.8 -1 0
v 0.9 -1 0
v 0.9 -1.1 0
v 0.9 -1 0.1
v 0.9 -1.1 0.1
v 1 -1.1 0.1
v 1 -1 0.1
v 0.9 -1.1 0
v 0.9 -1 0
v 1 -1 0
v 1 -1.1 0
v 1 -1 0.1
v 1 -1.1 0.1
v 1.1 -1.1 0.1
v 1.1 -1 0.1
v 1 -1.1 0
v 1 -1 0
v 1.1 -1 0
v 1.1 -1.1 0
v 1.2 -1.1 0.1
v 1.2 -1.1 0
v 1.2 -1 0
v 1.2 -1 0.1
v 1.1 -1 0.1
v 1.1 -1.1 0.1
v 1.2 -1.1 0.1
v 1.2 -1 0.1
v 1.1 -1.1 0
v 1.1 -1 0
v 1.2 -1 0
v 1.2 -1.1 0
v -1.2 -1.1 0.1
v -1.2 -1.1 0
v -1.2 -1.2 0
v -1.2 -1.2 0.1
v -1.2 -1.1 0.1
v -1.2 -1.2 0.1
v -1.1 -1.2 0.1
v -1.1 -1.1 0.1
v -1.2 -1.2 0
v -1.2 -1.1 0
v -1.1 -1.1 0
v -1.1 -1.2 0
v -1.2 -1.2 0.1
v -1.2 -1.2 0
v -1.1 -1.2 0
v -1.1 -1.2 0.1
v -1.1 -1.1 0.1
v -1.1 -1.2 0.1
v -1 -1.2 0.1
v -1 -1.1 0.1
v -1.1 -1.2 0
v -1.1 -1.1 0
v -1 -1.1 0
v -1 -1.2 0
v -1.1 -1.2 0.1
v -1.1 -1.2 0
v -1 -1.2 0
v -1 -1.2 0.1
v -1 -1.1 0.1
v -1 -1.2 0.1
v -0.9 -1.2 0.1
v -0.9 -1.1 0.1
v -1 -1.2 0
v -1 -1.1 0
v -0.9 -1.1 0
v -0.9 -1.2 0
v -1 -1.2 0.1
v -1 -1.2 0
v -0.9 -1.2 0
v -0.9 -1.2 0.1
v -0.9 -1.1 0.1
v -0.9 -1.2 0.1
v -0.8 -1.2 0.1
v -0.8 -1.1 0.1
v -0.9 -1.2 0
v -0.9 -1.1 0
v -0.8 -1.1 0
v -0.8 -1.2 0
v -0.9 -1.2 0.1
v -0.9 -1.2 0
v -0.8 -1.2 0
v -0.8 -1.2 0.1
v -0.8 -1.1 0.1
v -0.8 -1.2 0.1
v -0.7 -1.2 0.1
v -0.7 -1.1 0.1
v -0.8 -1.2 0
v -0.8 -1.1 0
v -0.7 -1.1 0
v -0.7 -1.2 0
v -0.8 -1.2 0.1
v -0.8 -1.2 0
v -0.7 -1.2 0
v -0.7 -1.2 0.1
v -0.7 -1.1 0.1
v -0.7 -1.2 0.1
v -0.6 -1.2 0.1
v -0.6 -1.1 0.1
v -0.7 -1.2 0
v -0.7 -1.1 0
v -0.6 -1.1 0
v -0.6 -1.2 0
v -0.7 -1.2 0.1
v -0.7 -1.2 0
v -0.6 -1.2 0
v -0.6 -1.2 0.1
v -0.6 -1.1 0.1
v -0.6 -1.2 0.1
v -0.5 -1.2 0.1
v -0.5 -1.1 0.1
v -0.6 -1.2 0
v -0.6 -1.1 0
v -0.5 -1.1 0
v -0.5 -1.2 0
v -0.6 -1.2 0.1
v -0.6 -1.2 0
v -0.5 -1.2 0
v -0.5 -1.2 0.1
v -0.5 -1.1 0.1
v -0.5 -1.2 0.1
v -0.4 -1.2 0.1
v -0.4 -1.1 0.1
v -0.5 -1.2 0
v -0.5 -1.1 0
v -0.4 -1.1 0
v -0.4 -1.2 0
v -0.5 -1.2 0.1
v -0.5 -1.2 0
v -0.4 -1.2 0
v -0.4 -1.2 0.1
v -0.4 -1.1 0.1
v -0.4 -1.2 0.1
v -0.3 -1.2 0.1
v -0.3 -1.1 0.1
v -0.4 -1.2 0
v -0.4 -1.1 0
v -0.3 -1.1 0
v -0.3 -1.2 0
v -0.4 -1.2 0.1
v -0.4 -1.2 0
v -0.3 -1.2 0
v -0.3 -1.2 0.1
v -0.3 -1.1 0.1
v -0.3 -1.2 0.1
v -0.2 -1.2 0.1
v -0.2 -1.1 0.1
v -0.3 -1.2 0
v -0.3 -1.1 0
v -0.2 -1.1 0
v -0.2 -1.2 0
v -0.3 -1.2 0.1
v -0.3 -1.2 0
v -0.2 -1.2 0
v -0.2 -1.2 0.1
v -0.2 -1.1 0.1
v -0.2 -1.2 0.1
v -0.1 -1.2 0.1
v -0.1 -1.1 0.1
v -0.2 -1.2 0
v -0.2 -1.1 0
v -0.1 -1.1 0
v -0.1 -1.2 0
v -0.2 -1.2 0.1
v -0.2 -1.2 0
v -0.1 -1.2 0
v -0.1 -1.2 0.1
v -0.1 -1.1 0.1
v -0.1 -1.2 0.1
v 0 -1.2 0.1
v 0 -1.1 0.1
v -0.1 -1.2 0
v -0.1 -1.1 0
v 0 -1.1 0
v 0 -1.2 0
v -0.1 -1.2 0.1
v -0.1 -1.2 0
v 0 -1.2 0
v 0 -1.2 0.1
v 0 -1.1 0.1
v 0 -1.2 0.1
v 0.1 -1.2 0.1
v 0.1 -1.1 0.1
v 0 -1.2 0
v 0 -1.1 0
v 0.1 -1.1 0
v 0.1 -1.2 0
v 0 -1.2 0.1
v 0 -1.2 0
v 0.1 -1.2 0
v 0.1 -1.2 0.1
v 0.1 -1.1 0.1
v 0.1 -1.2 0.1
v 0.2 -1.2 0.1
v 0.2 -1.1 0.1
v 0.1 -1.2 0
v 0.1 -1.1 0
v 0.2 -1.1 0
v 0.2 -1.2 0
v 0.1 -1.2 0.1
v 0.1 -1.2 0
v 0.2 -1.2 0
v 0.2 -1.2 0.1
v 0.2 -1.1 0.1
v 0.2 -1.2 0.1
v 0.3 -1.2 0.1
v 0.3 -1.1 0.1
v 0.2 -1.2 0
v 0.2 -1.1 0
v 0.3 -1.1 0
v 0.3 -1.2 0
v 0.2 -1.2 0.1
v 0.2 -1.2 0
v 0.3 -1.2 0
v 0.3 -1.2 0.1
v 0.3 -1.1 0.1
v 0.3 -1.2 0.1
v 0.4 -1.2 0.1
v 0.4 -1.1 0.1
v 0.3 -1.2 0
v 0.3 -1.1 0
v 0.4 -1.1 0
v 0.4 -1.2 0
v 0.3 -1.2 0.1
v 0.3 -1.2 0
v 0.4 -1.2 0
v 0.4 -1.2 0.1
v 0.4 -1.1 0.1
v 0.4 -1.2 0.1
v 0.5 -1.2 0.1
v 0.5 -1.1 0.1
v 0.4 -1.2 0
v 0.4 -1.1 0
v 0.5 -1.1 0
v 0.5 -1.2 0
v 0.4 -1.2 0.1
v 0.4 -1.2 0
v 0.5 -1.2 0
v 0.5 -1.2 0.1
v 0.5 -1.1 0.1
v 0.5 -1.2 0.1
v 0.6 -1.2 0.1
v 0.6 -1.1 0.1
v 0.5 -1.2 0
v 0.5 -1.1 0
v 0.6 -1.1 0
v 0.6 -1.2 0
v 0.5 -1.2 0.1
v 0.5 -1.2 0
v 0.6 -1.2 0
v 0.6 -1.2 0.1
v 0.6 -1.1 0.1
v 0.6 -1.2 0.1
v 0.7 -1.2 0.1
v 0.7 -1.1 0.1
v 0.6 -1.2 0
v 0.6 -1.1 0
v 0.7 -1.1 0
v 0.7 -1.2 0
v 0.6 -1.2 0.1
v 0.6 -1.2 0
v 0.7 -1.2 0
v 0.7 -1.2 0.1
v 0.7 -1.1 0.1
v 0.7 -1.2 0.1
v 0.8 -1.2 0.1
v 0.8 -1.1 0.1
v 0.7 -1.2 0
v 0.7 -1.1 0
v 0.8 -1.1 0
v 0.8 -1.2 0
v 0.7 -1.2 0.1
v 0.7 -1.2 0
v 0.8 -1.2 0
v 0.8 -1.2 0.1
v 0.8 -1.1 0.1
v 0.8 -1.2 0.1
v 0.9 -1.2 0.1
v 0.9 -1.1 0.1
v 0.8 -1.2 0
v 0.8 -1.1 0
v 0.9 -1.1 0
v 0.9 -1.2 0
v 0.8 -1.2 0.1
v 0.8 -1.2 0
v 0.9 -1.2 0
v 0.9 -1.2 0.1
v 0.9 -1.1 0.1
v 0.9 -1.2 0.1
v 1 -1.2 0.1
v 1 -1.1 0.1
v 0.9 -1.2 0
v 0.9 -1.1 0
v 1 -1.1 0
v 1 -1.2 0
v 0.9 -1.2 0.1
v 0.9 -1.2 0
v 1 -1.2 0
v 1 -1.2 0.1
v 1 -1.1 0.1
v 1 -1.2 0.1
v 1.1 -1.2 0.1
v 1.1 -1.1 0.1
v 1 -1.2 0
v 1 -1.1 0
v 1.1 -1.1 0
v 1.1 -1.2 0
v 1 -1.2 0.1
v 1 -1.2 0
v 1.1 -1.2 0
v 1.1 -1.2 0.1
v 1.2 -1.2 0.1
v 1.2 -1.2 0
v 1.2 -1.1 0
v 1.2 -1.1 0.1
v 1.1 -1.1 0.1
v 1.1 -1.2 0.1
v 1.2 -1.2 0.1
v 1.2 -1.1 0.1
v 1.1 -1.2 0
v 1.1 -1.1 0
v 1.2 -1.1 0
v 1.2 -1.2 0
v 1.1 -1.2 0.1
v 1.1 -1.2 0
v 1.2 -1.2 0
v 1.2 -1.2 0.1

# faces
f 1/5/1 2/5/1 3/5/1 4/5/1
f 5/5/3 6/5/3 7/5/3 8/5/3
f 9/5/4 10/5/4 11/5/4 12/5/4
f 13/5/6 14/5/6 15/5/6 16/5/6
f 17/5/3 18/5/3 19/5/3 20/5/3
f 21/5/4 22/5/4 23/5/4 24/5/4
f 25/5/6 26/5/6 27/5/6 28/5/6
f 29/5/3 30/5/3 31/5/3 32/5/3
f 33/5/4 34/5/4 35/5/4 36/5/4
f 37/5/6 38/5/6 39/5/6 40/5/6
f 41/5/3 42/5/3 43/5/3 44/5/3
f 45/5/4 46/5/4 47/5/4 48/5/4
f 49/5/6 50/5/6 51/5/6 52/5/6
f 53/5/3 54/5/3 55/5/3 56/5/3
f 57/5/4 58/5/4 59/5/4 60/5/4
f 61/5/6 62/5/6 63/5/6 64/5/6
f 65/5/3 66/5/3 67/5/3 68/5/3
f 69/5/4 70/5/4 71/5/4 72/5/4
f 73/5/6 74/5/6 75/5/6 76/5/6
f 77/5/3 78/5/3 79/5/3 80/5/3
f 81/5/4 82/5/4 83/5/4 84/5/4
f 85/5/6 86/5/6 87/5/6 88/5/6
f 89/5/3 90/5/3 91/5/3 92/5/3
f 93/5/4 94/5/4 95/5/4 96/5/4
f 97/5/6 98/5/6 99/5/6 100/5/6
f 101/5/3 102/5/3 103/5/3 104/5/3
f 105/5/4 106/5/4 107/5/4 108/5/4
f 109/5/6 110/5/6 111/5/6 112/5/6
f 113/5/3 114/5/3 115/5/3 116/5/3
f 117/5/4 118/5/4 119/5/4 120/5/4
f 121/5/6 122/5/6 123/5/6 124/5/6
f 125/5/3 126/5/3 127/5/3 128/5/3
f 129/5/4 130/5/4 131/5/4 132/5/4
f 133/5/6 134/5/6 135/5/6 136/5/6
f 137/5/3 138/5/3 139/5/3 140/5/3
f 141/5/4 142/5/4 143/5/4 144/5/4
f 145/5/6 146/5/6 147/5/6 148/5/6
f 149/3/3 150/3/3 151/3/3 152/3/3
f 153/3/4 154/3/4 155/3/4 156/3/4
f 157/3/6 158/3/6 159/3/6 160/3/6
f 161/8/3 162/8/3 163/8/3 164/8/3
f 165/8/4 166/8/4 167/8/4 168/8/4
f 169/8/6 170/8/6 171/8/6 172/8/6
f 173/7/3 174/7/3 175/7/3 176/7/3
f 177/7/4 178/7/4 179/7/4 180/7/4
f 181/7/6 182/7/6 183/7/6 184/7/6
f 185/4/3 186/4/3 187/4/3 188/4/3
f 189/4/4 190/4/4 191/4/4 192/4/4
f 193/4/6 194/4/6 195/4/6 196/4/6
f 197/4/3 198/4/3 199/4/3 200/4/3
f 201/4/4 202/4/4 203/4/4 204/4/4
f 205/4/6 206/4/6 207/4/6 208/4/6
f 209/8/3 210/8/3 211/8/3 212/8/3
f 213/8/4 214/8/4 215/8/4 216/8/4
f 217/8/6 218/8/6 219/8/6 220/8/6
f 221/7/3 222/7/3 223/7/3 224/7/3
f 225/7/4 226/7/4 227/7/4 228/7/4
f 229/7/6 230/7/6 231/7/6 232/7/6
f 233/4/3 234/4/3 235/4/3 236/4/3
f 237/4/4 238/4/4 239/4/4 240/4/4
f 241/4/6 242/4/6 243/4/6 244/4/6
f 245/4/3 246/4/3 247/4/3 248/4/3
f 249/4/4 250/4/4 251/4/4 252/4/4
f 253/4/6 254/4/6 255/4/6 256/4/6
f 257/4/3 258/4/3 259/4/3 260/4/3
f 261/4/4 262/4/4 263/4/4 264/4/4
f 265/4/6 266/4/6 267/4/6 268/4/6
f 269/8/3 270/8/3 271/8/3 272/8/3
f 273/8/4 274/8/4 275/8/4 276/8/4
f 277/8/6 278/8/6 279/8/6 280/8/6
f 281/7/2 282/7/2 283/7/2 284/7/2
f 285/7/3 286/7/3 287/7/3 288/7/3
f 289/7/4 290/7/4 291/7/4 292/7/4
f 293/7/6 294/7/6 295/7/6 296/7/6
f 297/5/1 298/5/1 299/5/1 300/5/1
f 301/5/3 302/5/3 303/5/3 304/5/3
f 305/5/4 306/5/4 307/5/4 308/5/4
f 309/5/3 310/5/3 311/5/3 312/5/3
f 313/5/4 314/5/4 315/5/4 316/5/4
f 317/5/3 318/5/3 319/5/3 320/5/3
f 321/5/4 322/5/4 323/5/4 324/5/4
f 325/5/3 326/5/3 327/5/3 328/5/3
f 329/5/4 330/5/4 331/5/4 332/5/4
f 333/5/3 334/5/3 335/5/3 336/5/3
f 337/5/4 338/5/4 339/5/4 340/5/4
f 341/5/3 342/5/3 343/5/3 344/5/3
f 345/5/4 346/5/4 347/5/4 348/5/4
f 349/5/3 350/5/3 351/5/3 352/5/3
f 353/5/4 354/5/4 355/5/4 356/5/4
f 357/5/3 358/5/3 359/5/3 360/5/3
f 361/5/4 362/5/4 363/5/4 364/5/4
f 365/5/3 366/5/3 367/5/3 368/5/3
f 369/5/4 370/5/4 371/5/4 372/5/4
f 373/5/3 374/5/3 375/5/3 376/5/3
f 377/5/4 378/5/4 379/5/4 380/5/4
f 381/5/3 382/5/3 383/5/3 384/5/3
f 385/5/4 386/5/4 387/5/4 388/5/4
f 389/5/3 390/5/3 391/5/3 392/5/3
f 393/5/4 394/5/4 395/5/4 396/5/4
f 397/6/3 398/6/3 399/6/3 400/6/3
f 401/6/4 402/6/4 403/6/4 404/6/4
f 405/3/3 406/3/3 407/3/3 408/3/3
f 409/3/4 410/3/4 411/3/4 412/3/4
f 413/8/3 414/8/3 415/8/3 416/8/3
f 417/8/4 418/8/4 419/8/4 420/8/4
f 421/7/3 422/7/3 423/7/3 424/7/3
f 425/7/4 426/7/4 427/7/4 428/7/4
f 429/7/3 430/7/3 431/7/3 432/7/3
f 433/7/4 434/7/4 435/7/4 436/7/4
f 437/7/3 438/7/3 439/7/3 440/7/3
f 441/7/4 442/7/4 443/7/4 444/7/4
f 445/3/3 446/3/3 447/3/3 448/3/3
f 449/3/4 450/3/4 451/3/4 452/3/4
f 453/7/3 454/7/3 455/7/3 456/7/3
f 457/7/4 458/7/4 459/7/4 460/7/4
f 461/8/3 462/8/3 463/8/3 464/8/3
f 465/8/4 466/8/4 467/8/4 468/8/4
f 469/8/3 470/8/3 471/8/3 472/8/3
f 473/8/4 474/8/4 475/8/4 476/8/4
f 477/3/3 478/3/3 479/3/3 480/3/3
f 481/3/4 482/3/4 483/3/4 484/3/4
f 485/8/2 486/8/2 487/8/2 488/8/2
f 489/8/3 490/8/3 491/8/3 492/8/3
f 493/8/4 494/8/4 495/8/4 496/8/4
f 497/5/1 498/5/1 499/5/1 500/5/1
f 501/5/3 502/5/3 503/5/3 504/5/3
f 505/5/4 506/5/4 507/5/4 508/5/4
f 509/5/3 510/5/3 511/5/3 512/5/3
f 513/5/4 514/5/4 515/5/4 516/5/4
f 517/5/3 518/5/3 519/5/3 520/5/3
f 521/5/4 522/5/4 523/5/4 524/5/4
f 525/5/3 526/5/3 527/5/3 528/5/3
f 529/5/4 530/5/4 531/5/4 532/5/4
f 533/5/3 534/5/3 535/5/3 536/5/3
f 537/5/4 538/5/4 539/5/4 540/5/4
f 541/5/3 542/5/3 543/5/3 544/5/3
f 545/5/4 546/5/4 547/5/4 548/5/4
f 549/5/3 550/5/3 551/5/3 552/5/3
f 553/5/4 554/5/4 555/5/4 556/5/4
f 557/5/3 558/5/3 559/5/3 560/5/3
f 561/5/4 562/5/4 563/5/4 564/5/4
f 565/5/3 566/5/3 567/5/3 568/5/3
f 569/5/4 570/5/4 571/5/4 572/5/4
f 573/5/3 574/5/3 575/5/3 576/5/3
f 577/5/4 578/5/4 579/5/4 580/5/4
f 581/5/3 582/5/3 583/5/3 584/5/3
f 585/5/4 586/5/4 587/5/4 588/5/4
f 589/5/3 590/5/3 591/5/3 592/5/3
f 593/5/4 594/5/4 595/5/4 596/5/4
f 597/6/3 598/6/3 599/6/3 600/6/3
f 601/6/4 602/6/4 603/6/4 604/6/4
f 605/6/3 606/6/3 607/6/3 608/6/3
f 609/6/4 610/6/4 611/6/4 612/6/4
f 613/3/3 614/3/3 615/3/3 616/3/3
f 617/3/4 618/3/4 619/3/4 620/3/4
f 621/3/3 622/3/3 623/3/3 624/3/3
f 625/3/4 626/3/4 627/3/4 628/3/4
f 629/8/3 630/8/3 631/8/3 632/8/3
f 633/8/4 634/8/4 635/8/4 636/8/4
f 637/8/3 638/8/3 639/8/3 640/8/3
f 641/8/4 642/8/4 643/8/4 644/8/4
f 645/8/3 646/8/3 647/8/3 648/8/3
f 649/8/4 650/8/4 651/8/4 652/8/4
f 653/8/3 654/8/3 655/8/3 656/8/3
f 657/8/4 658/8/4 659/8/4 660/8/4
f 661/8/3 662/8/3 663/8/3 664/8/3
f 665/8/4 666/8/4 667/8/4 668/8/4
f 669/6/3 670/6/3 671/6/3 672/6/3
f 673/6/4 674/6/4 675/6/4 676/6/4
f 677/3/3 678/3/3 679/3/3 680/3/3
f 681/3/4 682/3/4 683/3/4 684/3/4
f 685/7/2 686/7/2 687/7/2 688/7/2
f 689/7/3 690/7/3 691/7/3 692/7/3
f 693/7/4 694/7/4 695/7/4 696/7/4
f 697/5/1 698/5/1 699/5/1 700/5/1
f 701/5/3 702/5/3 703/5/3 704/5/3
f 705/5/4 706/5/4 707/5/4 708/5/4
f 709/5/3 710/5/3 711/5/3 712/5/3
f 713/5/4 714/5/4 715/5/4 716/5/4
f 717/5/3 718/5/3 719/5/3 720/5/3
f 721/5/4 722/5/4 723/5/4 724/5/4
f 725/5/3 726/5/3 727/5/3 728/5/3
f 729/5/4 730/5/4 731/5/4 732/5/4
f 733/5/3 734/5/3 735/5/3 736/5/3
f 737/5/4 738/5/4 739/5/4 740/5/4
f 741/5/3 742/5/3 743/5/3 744/5/3
f 745/5/4 746/5/4 747/5/4 748/5/4
f 749/5/3 750/5/3 751/5/3 752/5/3
f 753/5/4 754/5/4 755/5/4 756/5/4
f 757/5/3 758/5/3 759/5/3 760/5/3
f 761/5/4 762/5/4 763/5/4 764/5/4
f 765/5/3 766/5/3 767/5/3 768/5/3
f 769/5/4 770/5/4 771/5/4 772/5/4
f 773/5/3 774/5/3 775/5/3 776/5/3
f 777/5/4 778/5/4 779/5/4 780/5/4
f 781/5/3 782/5/3 783/5/3 784/5/3
f 785/5/4 786/5/4 787/5/4 788/5/4
f 789/5/3 790/5/3 791/5/3 792/5/3
f 793/5/4 794/5/4 795/5/4 796/5/4
f 797/3/3 798/3/3 799/3/3 800/3/3
f 801/3/4 802/3/4 803/3/4 804/3/4
f 805/8/3 806/8/3 807/8/3 808/8/3
f 809/8/4 810/8/4 811/8/4 812/8/4
f 813/7/3 814/7/3 815/7/3 816/7/3
f 817/7/4 818/7/4 819/7/4 820/7/4
f 821/4/3 822/4/3 823/4/3 824/4/3
f 825/4/4 826/4/4 827/4/4 828/4/4
f 829/4/3 830/4/3 831/4/3 832/4/3
f 833/4/4 834/4/4 835/4/4 836/4/4
f 837/4/3 838/4/3 839/4/3 840/4/3
f 841/4/4 842/4/4 843/4/4 844/4/4
f 845/4/3 846/4/3 847/4/3 848/4/3
f 849/4/4 850/4/4 851/4/4 852/4/4
f 853/4/3 854/4/3 855/4/3 856/4/3
f 857/4/4 858/4/4 859/4/4 860/4/4
f 861/8/3 862/8/3 863/8/3 864/8/3
f 865/8/4 866/8/4 867/8/4 868/8/4
f 869/6/3 870/6/3 871/6/3 872/6/3
f 873/6/4 874/6/4 875/6/4 876/6/4
f 877/3/3 878/3/3 879/3/3 880/3/3
f 881/3/4 882/3/4 883/3/4 884/3/4
f 885/8/2 886/8/2 887/8/2 888/8/2
f 889/8/3 890/8/3 891/8/3 892/8/3
f 893/8/4 894/8/4 895/8/4 896/8/4
f 897/5/1 898/5/1 899/5/1 900/5/1
f 901/5/3 902/5/3 903/5/3 904/5/3
f 905/5/4 906/5/4 907/5/4 908/5/4
f 909/5/3 910/5/3 911/5/3 912/5/3
f 913/5/4 914/5/4 915/5/4 916/5/4
f 917/5/3 918/5/3 919/5/3 920/5/3
f 921/5/4 922/5/4 923/5/4 924/5/4
f 925/5/3 926/5/3 927/5/3 928/5/3
f 929/5/4 930/5/4 931/5/4 932/5/4
f 933/5/3 934/5/3 935/5/3 936/5/3
f 937/5/4 938/5/4 939/5/4 940/5/4
f 941/5/3 942/5/3 943/5/3 944/5/3
f 945/5/4 946/5/4 947/5/4 948/5/4
f 949/5/3 950/5/3 951/5/3 952/5/3
f 953/5/4 954/5/4 955/5/4 956/5/4
f 957/5/3 958/5/3 959/5/3 960/5/3
f 961/5/4 962/5/4 963/5/4 964/5/4
f 965/5/3 966/5/3 967/5/3 968/5/3
f 969/5/4 970/5/4 971/5/4 972/5/4
f 973/5/3 974/5/3 975/5/3 976/5/3
f 977/5/4 978/5/4 979/5/4 980/5/4
f 981/5/3 982/5/3 983/5/3 984/5/3
f 985/5/4 986/5/4 987/5/4 988/5/4
f 989/5/3 990/5/3 991/5/3 992/5/3
f 993/5/4 994/5/4 995/5/4 996/5/4
f 997/6/3 998/6/3 999/6/3 1000/6/3
f 1001/6/4 1002/6/4 1003/6/4 1004/6/4
f 1005/3/3 1006/3/3 1007/3/3 1008/3/3
f 1009/3/4 1010/3/4 1011/3/4 1012/3/4
f 1013/8/3 1014/8/3 1015/8/3 1016/8/3
f 1017/8/4 1018/8/4 1019/8/4 1020/8/4
f 1021/7/3 1022/7/3 1023/7/3 1024/7/3
f 1025/7/4 1026/7/4 1027/7/4 1028/7/4
f 1029/4/3 1030/4/3 1031/4/3 1032/4/3
f 1033/4/4 1034/4/4 1035/4/4 1036/4/4
f 1037/4/3 1038/4/3 1039/4/3 1040/4/3
f 1041/4/4 1042/4/4 1043/4/4 1044/4/4
f 1045/3/3 1046/3/3 1047/3/3 1048/3/3
f 1049/3/4 1050/3/4 1051/3/4 1052/3/4
f 1053/3/3 1054/3/3 1055/3/3 1056/3/3
f 1057/3/4 1058/3/4 1059/3/4 1060/3/4
f 1061/4/3 1062/4/3 1063/4/3 1064/4/3
f 1065/4/4 1066/4/4 1067/4/4 1068/4/4
f 1069/8/3 1070/8/3 1071/8/3 1072/8/3
f 1073/8/4 1074/8/4 1075/8/4 1076/8/4
f 1077/3/3 1078/3/3 1079/3/3 1080/3/3
f 1081/3/4 1082/3/4 1083/3/4 1084/3/4
f 1085/8/2 1086/8/2 1087/8/2 1088/8/2
f 1089/8/3 1090/8/3 1091/8/3 1092/8/3
f 1093/8/4 1094/8/4 1095/8/4 1096/8/4
f 1097/5/1 1098/5/1 1099/5/1 1100/5/1
f 1101/5/3 1102/5/3 1103/5/3 1104/5/3
f 1105/5/4 1106/5/4 1107/5/4 1108/5/4
f 1109/5/3 1110/5/3 1111/5/3 1112/5/3
f 1113/5/4 1114/5/4 1115/5/4 1116/5/4
f 1117/5/3 1118/5/3 1119/5/3 1120/5/3
f 1121/5/4 1122/5/4 1123/5/4 1124/5/4
f 1125/5/3 1126/5/3 1127/5/3 1128/5/3
f 1129/5/4 1130/5/4 1131/5/4 1132/5/4
f 1133/5/3 1134/5/3 1135/5/3 1136/5/3
f 1137/5/4 1138/5/4 1139/5/4 1140/5/4
f 1141/5/3 1142/5/3 1143/5/3 1144/5/3
f 1145/5/4 1146/5/4 1147/5/4 1148/5/4
f 1149/5/3 1150/5/3 1151/5/3 1152/5/3
f 1153/5/4 1154/5/4 1155/5/4 1156/5/4
f 1157/5/3 1158/5/3 1159/5/3 1160/5/3
f 1161/5/4 1162/5/4 1163/5/4 1164/5/4
f 1165/5/3 1166/5/3 1167/5/3 1168/5/3
f 1169/5/4 1170/5/4 1171/5/4 1172/5/4
f 1173/5/3 1174/5/3 1175/5/3 1176/5/3
f 1177/5/4 1178/5/4 1179/5/4 1180/5/4
f 1181/5/3 1182/5/3 1183/5/3 1184/5/3
f 1185/5/4 1186/5/4 1187/5/4 1188/5/4
f 1189/5/3 1190/5/3 1191/5/3 1192/5/3
f 1193/5/4 1194/5/4 1195/5/4 1196/5/4
f 1197/6/3 1198/6/3 1199/6/3 1200/6/3
f 1201/6/4 1202/6/4 1203/6/4 1204/6/4
f 1205/6/3 1206/6/3 1207/6/3 1208/6/3
f 1209/6/4 1210/6/4 1211/6/4 1212/6/4
f 1213/6/3 1214/6/3 1215/6/3 1216/6/3
f 1217/6/4 1218/6/4 1219/6/4 1220/6/4
f 1221/3/3 1222/3/3 1223/3/3 1224/3/3
f 1225/3/4 1226/3/4 1227/3/4 1228/3/4
f 1229/3/3 1230/3/3 1231/3/3 1232/3/3
f 1233/3/4 1234/3/4 1235/3/4 1236/3/4
f 1237/3/3 1238/3/3 1239/3/3 1240/3/3
f 1241/3/4 1242/3/4 1243/3/4 1244/3/4
f 1245/7/3 1246/7/3 1247/7/3 1248/7/3
f 1249/7/4 1250/7/4 1251/7/4 1252/7/4
f 1253/4/3 1254/4/3 1255/4/3 1256/4/3
f 1257/4/4 1258/4/4 1259/4/4 1260/4/4
f 1261/4/3 1262/4/3 1263/4/3 1264/4/3
f 1265/4/4 1266/4/4 1267/4/4 1268/4/4
f 1269/4/3 1270/4/3 1271/4/3 1272/4/3
f 1273/4/4 1274/4/4 1275/4/4 1276/4/4
f 1277/6/3 1278/6/3 1279/6/3 1280/6/3
f 1281/6/4 1282/6/4 1283/6/4 1284/6/4
f 1285/3/2 1286/3/2 1287/3/2 1288/3/2
f 1289/3/3 1290/3/3 1291/3/3 1292/3/3
f 1293/3/4 1294/3/4 1295/3/4 1296/3/4
f 1297/5/1 1298/5/1 1299/5/1 1300/5/1
f 1301/5/3 1302/5/3 1303/5/3 1304/5/3
f 1305/5/4 1306/5/4 1307/5/4 1308/5/4
f 1309/5/3 1310/5/3 1311/5/3 1312/5/3
f 1313/5/4 1314/5/4 1315/5/4 1316/5/4
f 1317/5/3 1318/5/3 1319/5/3 1320/5/3
f 1321/5/4 1322/5/4 1323/5/4 1324/5/4
f 1325/5/3 1326/5/3 1327/5/3 1328/5/3
f 1329/5/4 1330/5/4 1331/5/4 1332/5/4
f 1333/5/3 1334/5/3 1335/5/3 1336/5/3
f 1337/5/4 1338/5/4 1339/5/4 1340/5/4
f 1341/5/3 1342/5/3 1343/5/3 1344/5/3
f 1345/5/4 1346/5/4 1347/5/4 1348/5/4
f 1349/5/3 1350/5/3 1351/5/3 1352/5/3
f 1353/5/4 1354/5/4 1355/5/4 1356/5/4
f 1357/5/3 1358/5/3 1359/5/3 1360/5/3
f 1361/5/4 1362/5/4 1363/5/4 1364/5/4
f 1365/5/3 1366/5/3 1367/5/3 1368/5/3
f 1369/5/4 1370/5/4 1371/5/4 1372/5/4
f 1373/5/3 1374/5/3 1375/5/3 1376/5/3
f 1377/5/4 1378/5/4 1379/5/4 1380/5/4
f 1381/5/3 1382/5/3 1383/5/3 1384/5/3
f 1385/5/4 1386/5/4 1387/5/4 1388/5/4
f 1389/5/3 1390/5/3 1391/5/3 1392/5/3
f 1393/5/4 1394/5/4 1395/5/4 1396/5/4
f 1397/6/3 1398/6/3 1399/6/3 1400/6/3
f 1401/6/4 1402/6/4 1403/6/4 1404/6/4
f 1405/6/3 1406/6/3 1407/6/3 1408/6/3
f 1409/6/4 1410/6/4 1411/6/4 1412/6/4
f 1413/3/3 1414/3/3 1415/3/3 1416/3/3
f 1417/3/4 1418/3/4 1419/3/4 1420/3/4
f 1421/7/3 1422/7/3 1423/7/3 1424/7/3
f 1425/7/4 1426/7/4 1427/7/4 1428/7/4
f 1429/4/3 1430/4/3 1431/4/3 1432/4/3
f 1433/4/4 1434/4/4 1435/4/4 1436/4/4
f 1437/8/3 1438/8/3 1439/8/3 1440/8/3
f 1441/8/4 1442/8/4 1443/8/4 1444/8/4
f 1445/7/3 1446/7/3 1447/7/3 1448/7/3
f 1449/7/4 1450/7/4 1451/7/4 1452/7/4
f 1453/4/3 1454/4/3 1455/4/3 1456/4/3
f 1457/4/4 1458/4/4 1459/4/4 1460/4/4
f 1461/4/3 1462/4/3 1463/4/3 1464/4/3
f 1465/4/4 1466/4/4 1467/4/4 1468/4/4
f 1469/4/3 1470/4/3 1471/4/3 1472/4/3
f 1473/4/4 1474/4/4 1475/4/4 1476/4/4
f 1477/6/3 1478/6/3 1479/6/3 1480/6/3
f 1481/6/4 1482/6/4 1483/6/4 1484/6/4
f 1485/7/2 1486/7/2 1487/7/2 1488/7/2
f 1489/7/3 1490/7/3 1491/7/3 1492/7/3
f 1493/7/4 1494/7/4 1495/7/4 1496/7/4
f 1497/5/1 1498/5/1 1499/5/1 1500/5/1
f 1501/5/3 1502/5/3 1503/5/3 1504/5/3
f 1505/5/4 1506/5/4 1507/5/4 1508/5/4
f 1509/5/3 1510/5/3 1511/5/3 1512/5/3
f 1513/5/4 1514/5/4 1515/5/4 1516/5/4
f 1517/5/3 1518/5/3 1519/5/3 1520/5/3
f 1521/5/4 1522/5/4 1523/5/4 1524/5/4
f 1525/5/3 1526/5/3 1527/5/3 1528/5/3
f 1529/5/4 1530/5/4 1531/5/4 1532/5/4
f 1533/5/3 1534/5/3 1535/5/3 1536/5/3
f 1537/5/4 1538/5/4 1539/5/4 1540/5/4
f 1541/5/3 1542/5/3 1543/5/3 1544/5/3
f 1545/5/4 1546/5/4 1547/5/4 1548/5/4
f 1549/5/3 1550/5/3 1551/5/3 1552/5/3
f 1553/5/4 1554/5/4 1555/5/4 1556/5/4
f 1557/5/3 1558/5/3 1559/5/3 1560/5/3
f 1561/5/4 1562/5/4 1563/5/4 1564/5/4
f 1565/5/3 1566/5/3 1567/5/3 1568/5/3
f 1569/5/4 1570/5/4 1571/5/4 1572/5/4
f 1573/5/3 1574/5/3 1575/5/3 1576/5/3
f 1577/5/4 1578/5/4 1579/5/4 1580/5/4
f 1581/5/3 1582/5/3 1583/5/3 1584/5/3
f 1585/5/4 1586/5/4 1587/5/4 1588/5/4
f 1589/5/3 1590/5/3 1591/5/3 1592/5/3
f 1593/5/4 1594/5/4 1595/5/4 1596/5/4
f 1597/6/3 1598/6/3 1599/6/3 1600/6/3
f 1601/6/4 1602/6/4 1603/6/4 1604/6/4
f 1605/6/3 1606/6/3 1607/6/3 1608/6/3
f 1609/6/4 1610/6/4 1611/6/4 1612/6/4
f 1613/6/3 1614/6/3 1615/6/3 1616/6/3
f 1617/6/4 1618/6/4 1619/6/4 1620/6/4
f 1621/7/3 1622/7/3 1623/7/3 1624/7/3
f 1625/7/4 1626/7/4 1627/7/4 1628/7/4
f 1629/6/3 1630/6/3 1631/6/3 1632/6/3
f 1633/6/4 1634/6/4 1635/6/4 1636/6/4
f 1637/6/3 1638/6/3 1639/6/3 1640/6/3
f 1641/6/4 1642/6/4 1643/6/4 1644/6/4
f 1645/8/3 1646/8/3 1647/8/3 1648/8/3
f 1649/8/4 1650/8/4 1651/8/4 1652/8/4
f 1653/7/3 1654/7/3 1655/7/3 1656/7/3
f 1657/7/4 1658/7/4 1659/7/4 1660/7/4
f 1661/7/3 1662/7/3 1663/7/3 1664/7/3
f 1665/7/4 1666/7/4 1667/7/4 1668/7/4
f 1669/6/3 1670/6/3 1671/6/3 1672/6/3
f 1673/6/4 1674/6/4 1675/6/4 1676/6/4
f 1677/8/3 1678/8/3 1679/8/3 1680/8/3
f 1681/8/4 1682/8/4 1683/8/4 1684/8/4
f 1685/7/2 1686/7/2 1687/7/2 1688/7/2
f 1689/7/3 1690/7/3 1691/7/3 1692/7/3
f 1693/7/4 1694/7/4 1695/7/4 1696/7/4
f 1697/5/1 1698/5/1 1699/5/1 1700/5/1
f 1701/5/3 1702/5/3 1703/5/3 1704/5/3
f 1705/5/4 1706/5/4 1707/5/4 1708/5/4
f 1709/5/3 1710/5/3 1711/5/3 1712/5/3
f 1713/5/4 1714/5/4 1715/5/4 1716/5/4
f 1717/5/3 1718/5/3 1719/5/3 1720/5/3
f 1721/5/4 1722/5/4 1723/5/4 1724/5/4
f 1725/5/3 1726/5/3 1727/5/3 1728/5/3
f 1729/5/4 1730/5/4 1731/5/4 1732/5/4
f 1733/5/3 1734/5/3 1735/5/3 1736/5/3
f 1737/5/4 1738/5/4 1739/5/4 1740/5/4
f 1741/5/3 1742/5/3 1743/5/3 1744/5/3
f 1745/5/4 1746/5/4 1747/5/4 1748/5/4
f 1749/5/3 1750/5/3 1751/5/3 1752/5/3
f 1753/5/4 1754/5/4 1755/5/4 1756/5/4
f 1757/5/3 1758/5/3 1759/5/3 1760/5/3
f 1761/5/4 1762/5/4 1763/5/4 1764/5/4
f 1765/5/3 1766/5/3 1767/5/3 1768/5/3
f 1769/5/4 1770/5/4 1771/5/4 1772/5/4
f 1773/5/3 1774/5/3 1775/5/3 1776/5/3
f 1777/5/4 1778/5/4 1779/5/4 1780/5/4
f 1781/5/3 1782/5/3 1783/5/3 1784/5/3
f 1785/5/4 1786/5/4 1787/5/4 1788/5/4
f 1789/5/3 1790/5/3 1791/5/3 1792/5/3
f 1793/5/4 1794/5/4 1795/5/4 1796/5/4
f 1797/6/3 1798/6/3 1799/6/3 1800/6/3
f 1801/6/4 1802/6/4 1803/6/4 1804/6/4
f 1805/6/3 1806/6/3 1807/6/3 1808/6/3
f 1809/6/4 1810/6/4 1811/6/4 1812/6/4
f 1813/8/3 1814/8/3 1815/8/3 1816/8/3
f 1817/8/4 1818/8/4 1819/8/4 1820/8/4
f 1821/4/3 1822/4/3 1823/4/3 1824/4/3
f 1825/4/4 1826/4/4 1827/4/4 1828/4/4
f 1829/7/3 1830/7/3 1831/7/3 1832/7/3
f 1833/7/4 1834/7/4 1835/7/4 1836/7/4
f 1837/4/3 1838/4/3 1839/4/3 1840/4/3
f 1841/4/4 1842/4/4 1843/4/4 1844/4/4
f 1845/6/3 1846/6/3 1847/6/3 1848/6/3
f 1849/6/4 1850/6/4 1851/6/4 1852/6/4
f 1853/8/3 1854/8/3 1855/8/3 1856/8/3
f 1857/8/4 1858/8/4 1859/8/4 1860/8/4
f 1861/8/3 1862/8/3 1863/8/3 1864/8/3
f 1865/8/4 1866/8/4 1867/8/4 1868/8/4
f 1869/8/3 1870/8/3 1871/8/3 1872/8/3
f 1873/8/4 1874/8/4 1875/8/4 1876/8/4
f 1877/7/3 1878/7/3 1879/7/3 1880/7/3
f 1881/7/4 1882/7/4 1883/7/4 1884/7/4
f 1885/4/2 1886/4/2 1887/4/2 1888/4/2
f 1889/4/3 1890/4/3 1891/4/3 1892/4/3
f 1893/4/4 1894/4/4 1895/4/4 1896/4/4
f 1897/5/1 1898/5/1 1899/5/1 1900/5/1
f 1901/5/3 1902/5/3 1903/5/3 1904/5/3
f 1905/5/4 1906/5/4 1907/5/4 1908/5/4
f 1909/5/3 1910/5/3 1911/5/3 1912/5/3
f 1913/5/4 1914/5/4 1915/5/4 1916/5/4
f 1917/5/3 1918/5/3 1919/5/3 1920/5/3
f 1921/5/4 1922/5/4 1923/5/4 1924/5/4
f 1925/5/3 1926/5/3 1927/5/3 1928/5/3
f 1929/5/4 1930/5/4 1931/5/4 1932/5/4
f 1933/5/3 1934/5/3 1935/5/3 1936/5/3
f 1937/5/4 1938/5/4 1939/5/4 1940/5/4
f 1941/5/3 1942/5/3 1943/5/3 1944/5/3
f 1945/5/4 1946/5/4 1947/5/4 1948/5/4
f 1949/5/3 1950/5/3 1951/5/3 1952/5/3
f 1953/5/4 1954/5/4 1955/5/4 1956/5/4
f 1957/5/3 1958/5/3 1959/5/3 1960/5/3
f 1961/5/4 1962/5/4 1963/5/4 1964/5/4
f 1965/5/3 1966/5/3 1967/5/3 1968/5/3
f 1969/5/4 1970/5/4 1971/5/4 1972/5/4
f 1973/5/3 1974/5/3 1975/5/3 1976/5/3
f 1977/5/4 1978/5/4 1979/5/4 1980/5/4
f 1981/5/3 1982/5/3 1983/5/3 1984/5/3
f 1985/5/4 1986/5/4 1987/5/4 1988/5/4
f 1989/5/3 1990/5/3 1991/5/3 1992/5/3
f 1993/5/4 1994/5/4 1995/5/4 1996/5/4
f 1997/3/3 1998/3/3 1999/3/3 2000/3/3
f 2001/3/4 2002/3/4 2003/3/4 2004/3/4
f 2005/8/3 2006/8/3 2007/8/3 2008/8/3
f 2009/8/4 2010/8/4 2011/8/4 2012/8/4
f 2013/7/3 2014/7/3 2015/7/3 2016/7/3
f 2017/7/4 2018/7/4 2019/7/4 2020/7/4
f 2021/4/3 2022/4/3 2023/4/3 2024/4/3
f 2025/4/4 2026/4/4 2027/4/4 2028/4/4
f 2029/7/3 2030/7/3 2031/7/3 2032/7/3
f 2033/7/4 2034/7/4 2035/7/4 2036/7/4
f 2037/4/3 2038/4/3 2039/4/3 2040/4/3
f 2041/4/4 2042/4/4 2043/4/4 2044/4/4
f 2045/7/3 2046/7/3 2047/7/3 2048/7/3
f 2049/7/4 2050/7/4 2051/7/4 2052/7/4
f 2053/7/3 2054/7/3 2055/7/3 2056/7/3
f 2057/7/4 2058/7/4 2059/7/4 2060/7/4
f 2061/3/3 2062/3/3 2063/3/3 2064/3/3
f 2065/3/4 2066/3/4 2067/3/4 2068/3/4
f 2069/7/3 2070/7/3 2071/7/3 2072/7/3
f 2073/7/4 2074/7/4 2075/7/4 2076/7/4
f 2077/7/3 2078/7/3 2079/7/3 2080/7/3
f 2081/7/4 2082/7/4 2083/7/4 2084/7/4
f 2085/7/2 2086/7/2 2087/7/2 2088/7/2
f 2089/7/3 2090/7/3 2091/7/3 2092/7/3
f 2093/7/4 2094/7/4 2095/7/4 2096/7/4
f 2097/5/1 2098/5/1 2099/5/1 2100/5/1
f 2101/5/3 2102/5/3 2103/5/3 2104/5/3
f 2105/5/4 2106/5/4 2107/5/4 2108/5/4
f 2109/5/3 2110/5/3 2111/5/3 2112/5/3
f 2113/5/4 2114/5/4 2115/5/4 2116/5/4
f 2117/5/3 2118/5/3 2119/5/3 2120/5/3
f 2121/5/4 2122/5/4 2123/5/4 2124/5/4
f 2125/5/3 2126/5/3 2127/5/3 2128/5/3
f 2129/5/4 2130/5/4 2131/5/4 2132/5/4
f 2133/5/3 2134/5/3 2135/5/3 2136/5/3
f 2137/5/4 2138/5/4 2139/5/4 2140/5/4
f 2141/5/3 2142/5/3 2143/5/3 2144/5/3
f 2145/5/4 2146/5/4 2147/5/4 2148/5/4
f 2149/5/3 2150/5/3 2151/5/3 2152/5/3
f 2153/5/4 2154/5/4 2155/5/4 2156/5/4
f 2157/5/3 2158/5/3 2159/5/3 2160/5/3
f 2161/5/4 2162/5/4 2163/5/4 2164/5/4
f 2165/5/3 2166/5/3 2167/5/3 2168/5/3
f 2169/5/4 2170/5/4 2171/5/4 2172/5/4
f 2173/5/3 2174/5/3 2175/5/3 2176/5/3
f 2177/5/4 2178/5/4 2179/5/4 2180/5/4
f 2181/5/3 2182/5/3 2183/5/3 2184/5/3
f 2185/5/4 2186/5/4 2187/5/4 2188/5/4
f 2189/5/3 2190/5/3 2191/5/3 2192/5/3
f 2193/5/4 2194/5/4 2195/5/4 2196/5/4
f 2197/6/3 2198/6/3 2199/6/3 2200/6/3
f 2201/6/4 2202/6/4 2203/6/4 2204/6/4
f 2205/7/3 2206/7/3 2207/7/3 2208/7/3
f 2209/7/4 2210/7/4 2211/7/4 2212/7/4
f 2213/4/3 2214/4/3 2215/4/3 2216/4/3
f 2217/4/4 2218/4/4 2219/4/4 2220/4/4
f 2221/7/3 2222/7/3 2223/7/3 2224/7/3
f 2225/7/4 2226/7/4 2227/7/4 2228/7/4
f 2229/4/3 2230/4/3 2231/4/3 2232/4/3
f 2233/4/4 2234/4/4 2235/4/4 2236/4/4
f 2237/7/3 2238/7/3 2239/7/3 2240/7/3
f 2241/7/4 2242/7/4 2243/7/4 2244/7/4
f 2245/4/3 2246/4/3 2247/4/3 2248/4/3
f 2249/4/4 2250/4/4 2251/4/4 2252/4/4
f 2253/4/3 2254/4/3 2255/4/3 2256/4/3
f 2257/4/4 2258/4/4 2259/4/4 2260/4/4
f 2261/4/3 2262/4/3 2263/4/3 2264/4/3
f 2265/4/4 2266/4/4 2267/4/4 2268/4/4
f 2269/6/3 2270/6/3 2271/6/3 2272/6/3
f 2273/6/4 2274/6/4 2275/6/4 2276/6/4
f 2277/6/3 2278/6/3 2279/6/3 2280/6/3
f 2281/6/4 2282/6/4 2283/6/4 2284/6/4
f 2285/3/2 2286/3/2 2287/3/2 2288/3/2
f 2289/3/3 2290/3/3 2291/3/3 2292/3/3
f 2293/3/4 2294/3/4 2295/3/4 2296/3/4
f 2297/5/1 2298/5/1 2299/5/1 2300/5/1
f 2301/5/3 2302/5/3 2303/5/3 2304/5/3
f 2305/5/4 2306/5/4 2307/5/4 2308/5/4
f 2309/5/3 2310/5/3 2311/5/3 2312/5/3
f 2313/5/4 2314/5/4 2315/5/4 2316/5/4
f 2317/5/3 2318/5/3 2319/5/3 2320/5/3
f 2321/5/4 2322/5/4 2323/5/4 2324/5/4
f 2325/5/3 2326/5/3 2327/5/3 2328/5/3
f 2329/5/4 2330/5/4 2331/5/4 2332/5/4
f 2333/5/3 2334/5/3 2335/5/3 2336/5/3
f 2337/5/4 2338/5/4 2339/5/4 2340/5/4
f 2341/5/3 2342/5/3 2343/5/3 2344/5/3
f 2345/5/4 2346/5/4 2347/5/4 2348/5/4
f 2349/5/3 2350/5/3 2351/5/3 2352/5/3
f 2353/5/4 2354/5/4 2355/5/4 2356/5/4
f 2357/5/3 2358/5/3 2359/5/3 2360/5/3
f 2361/5/4 2362/5/4 2363/5/4 2364/5/4
f 2365/5/3 2366/5/3 2367/5/3 2368/5/3
f 2369/5/4 2370/5/4 2371/5/4 2372/5/4
f 2373/5/3 2374/5/3 2375/5/3 2376/5/3
f 2377/5/4 2378/5/4 2379/5/4 2380/5/4
f 2381/5/3 2382/5/3 2383/5/3 2384/5/3
f 2385/5/4 2386/5/4 2387/5/4 2388/5/4
f 2389/5/3 2390/5/3 2391/5/3 2392/5/3
f 2393/5/4 2394/5/4 2395/5/4 2396/5/4
f 2397/6/3 2398/6/3 2399/6/3 2400/6/3
f 2401/6/4 2402/6/4 2403/6/4 2404/6/4
f 2405/8/3 2406/8/3 2407/8/3 2408/8/3
f 2409/8/4 2410/8/4 2411/8/4 2412/8/4
f 2413/4/3 2414/4/3 2415/4/3 2416/4/3
f 2417/4/4 2418/4/4 2419/4/4 2420/4/4
f 2421/7/3 2422/7/3 2423/7/3 2424/7/3
f 2425/7/4 2426/7/4 2427/7/4 2428/7/4
f 2429/7/3 2430/7/3 2431/7/3 2432/7/3
f 2433/7/4 2434/7/4 2435/7/4 2436/7/4
f 2437/4/3 2438/4/3 2439/4/3 2440/4/3
f 2441/4/4 2442/4/4 2443/4/4 2444/4/4
f 2445/7/3 2446/7/3 2447/7/3 2448/7/3
f 2449/7/4 2450/7/4 2451/7/4 2452/7/4
f 2453/3/3 2454/3/3 2455/3/3 2456/3/3
f 2457/3/4 2458/3/4 2459/3/4 2460/3/4
f 2461/8/3 2462/8/3 2463/8/3 2464/8/3
f 2465/8/4 2466/8/4 2467/8/4 2468/8/4
f 2469/7/3 2470/7/3 2471/7/3 2472/7/3
f 2473/7/4 2474/7/4 2475/7/4 2476/7/4
f 2477/4/3 2478/4/3 2479/4/3 2480/4/3
f 2481/4/4 2482/4/4 2483/4/4 2484/4/4
f 2485/4/2 2486/4/2 2487/4/2 2488/4/2
f 2489/4/3 2490/4/3 2491/4/3 2492/4/3
f 2493/4/4 2494/4/4 2495/4/4 2496/4/4
f 2497/5/1 2498/5/1 2499/5/1 2500/5/1
f 2501/5/3 2502/5/3 2503/5/3 2504/5/3
f 2505/5/4 2506/5/4 2507/5/4 2508/5/4
f 2509/5/3 2510/5/3 2511/5/3 2512/5/3
f 2513/5/4 2514/5/4 2515/5/4 2516/5/4
f 2517/5/3 2518/5/3 2519/5/3 2520/5/3
f 2521/5/4 2522/5/4 2523/5/4 2524/5/4
f 2525/5/3 2526/5/3 2527/5/3 2528/5/3
f 2529/5/4 2530/5/4 2531/5/4 2532/5/4
f 2533/5/3 2534/5/3 2535/5/3 2536/5/3
f 2537/5/4 2538/5/4 2539/5/4 2540/5/4
f 2541/5/3 2542/5/3 2543/5/3 2544/5/3
f 2545/5/4 2546/5/4 2547/5/4 2548/5/4
f 2549/5/3 2550/5/3 2551/5/3 2552/5/3
f 2553/5/4 2554/5/4 2555/5/4 2556/5/4
f 2557/5/3 2558/5/3 2559/5/3 2560/5/3
f 2561/5/4 2562/5/4 2563/5/4 2564/5/4
f 2565/5/3 2566/5/3 2567/5/3 2568/5/3
f 2569/5/4 2570/5/4 2571/5/4 2572/5/4
f 2573/5/3 2574/5/3 2575/5/3 2576/5/3
f 2577/5/4 2578/5/4 2579/5/4 2580/5/4
f 2581/5/3 2582/5/3 2583/5/3 2584/5/3
f 2585/5/4 2586/5/4 2587/5/4 2588/5/4
f 2589/5/3 2590/5/3 2591/5/3 2592/5/3
f 2593/5/4 2594/5/4 2595/5/4 2596/5/4
f 2597/6/3 2598/6/3 2599/6/3 2600/6/3
f 2601/6/4 2602/6/4 2603/6/4 2604/6/4
f 2605/3/3 2606/3/3 2607/3/3 2608/3/3
f 2609/3/4 2610/3/4 2611/3/4 2612/3/4
f 2613/7/3 2614/7/3 2615/7/3 2616/7/3
f 2617/7/4 2618/7/4 2619/7/4 2620/7/4
f 2621/7/3 2622/7/3 2623/7/3 2624/7/3
f 2625/7/4 2626/7/4 2627/7/4 2628/7/4
f 2629/8/3 2630/8/3 2631/8/3 2632/8/3
f 2633/8/4 2634/8/4 2635/8/4 2636/8/4
f 2637/7/3 2638/7/3 2639/7/3 2640/7/3
f 2641/7/4 2642/7/4 2643/7/4 2644/7/4
f 2645/4/3 2646/4/3 2647/4/3 2648/4/3
f 2649/4/4 2650/4/4 2651/4/4 2652/4/4
f 2653/8/3 2654/8/3 2655/8/3 2656/8/3
f 2657/8/4 2658/8/4 2659/8/4 2660/8/4
f 2661/7/3 2662/7/3 2663/7/3 2664/7/3
f 2665/7/4 2666/7/4 2667/7/4 2668/7/4
f 2669/8/3 2670/8/3 2671/8/3 2672/8/3
f 2673/8/4 2674/8/4 2675/8/4 2676/8/4
f 2677/4/3 2678/4/3 2679/4/3 2680/4/3
f 2681/4/4 2682/4/4 2683/4/4 2684/4/4
f 2685/7/2 2686/7/2 2687/7/2 2688/7/2
f 2689/7/3 2690/7/3 2691/7/3 2692/7/3
f 2693/7/4 2694/7/4 2695/7/4 2696/7/4
f 2697/5/1 2698/5/1 2699/5/1 2700/5/1
f 2701/5/3 2702/5/3 2703/5/3 2704/5/3
f 2705/5/4 2706/5/4 2707/5/4 2708/5/4
f 2709/5/3 2710/5/3 2711/5/3 2712/5/3
f 2713/5/4 2714/5/4 2715/5/4 2716/5/4
f 2717/5/3 2718/5/3 2719/5/3 2720/5/3
f 2721/5/4 2722/5/4 2723/5/4 2724/5/4
f 2725/5/3 2726/5/3 2727/5/3 2728/5/3
f 2729/5/4 2730/5/4 2731/5/4 2732/5/4
f 2733/5/3 2734/5/3 2735/5/3 2736/5/3
f 2737/5/4 2738/5/4 2739/5/4 2740/5/4
f 2741/5/3 2742/5/3 2743/5/3 2744/5/3
f 2745/5/4 2746/5/4 2747/5/4 2748/5/4
f 2749/5/3 2750/5/3 2751/5/3 2752/5/3
f 2753/5/4 2754/5/4 2755/5/4 2756/5/4
f 2757/5/3 2758/5/3 2759/5/3 2760/5/3
f 2761/5/4 2762/5/4 2763/5/4 2764/5/4
f 2765/5/3 2766/5/3 2767/5/3 2768/5/3
f 2769/5/4 2770/5/4 2771/5/4 2772/5/4
f 2773/5/3 2774/5/3 2775/5/3 2776/5/3
f 2777/5/4 2778/5/4 2779/5/4 2780/5/4
f 2781/5/3 2782/5/3 2783/5/3 2784/5/3
f 2785/5/4 2786/5/4 2787/5/4 2788/5/4
f 2789/5/3 2790/5/3 2791/5/3 2792/5/3
f 2793/5/4 2794/5/4 2795/5/4 2796/5/4
f 2797/5/3 2798/5/3 2799/5/3 2800/5/3
f 2801/5/4 2802/5/4 2803/5/4 2804/5/4
f 2805/6/3 2806/6/3 2807/6/3 2808/6/3
f 2809/6/4 2810/6/4 2811/6/4 2812/6/4
f 2813/3/3 2814/3/3 2815/3/3 2816/3/3
f 2817/3/4 2818/3/4 2819/3/4 2820/3/4
f 2821/7/3 2822/7/3 2823/7/3 2824/7/3
f 2825/7/4 2826/7/4 2827/7/4 2828/7/4
f 2829/7/3 2830/7/3 2831/7/3 2832/7/3
f 2833/7/4 2834/7/4 2835/7/4 2836/7/4
f 2837/4/3 2838/4/3 2839/4/3 2840/4/3
f 2841/4/4 2842/4/4 2843/4/4 2844/4/4
f 2845/8/3 2846/8/3 2847/8/3 2848/8/3
f 2849/8/4 2850/8/4 2851/8/4 2852/8/4
f 2853/7/3 2854/7/3 2855/7/3 2856/7/3
f 2857/7/4 2858/7/4 2859/7/4 2860/7/4
f 2861/4/3 2862/4/3 2863/4/3 2864/4/3
f 2865/4/4 2866/4/4 2867/4/4 2868/4/4
f 2869/3/3 2870/3/3 2871/3/3 2872/3/3
f 2873/3/4 2874/3/4 2875/3/4 2876/3/4
f 2877/4/3 2878/4/3 2879/4/3 2880/4/3
f 2881/4/4 2882/4/4 2883/4/4 2884/4/4
f 2885/8/2 2886/8/2 2887/8/2 2888/8/2
f 2889/8/3 2890/8/3 2891/8/3 2892/8/3
f 2893/8/4 2894/8/4 2895/8/4 2896/8/4
f 2897/5/1 2898/5/1 2899/5/1 2900/5/1
f 2901/5/3 2902/5/3 2903/5/3 2904/5/3
f 2905/5/4 2906/5/4 2907/5/4 2908/5/4
f 2909/5/3 2910/5/3 2911/5/3 2912/5/3
f 2913/5/4 2914/5/4 2915/5/4 2916/5/4
f 2917/5/3 2918/5/3 2919/5/3 2920/5/3
f 2921/5/4 2922/5/4 2923/5/4 2924/5/4
f 2925/5/3 2926/5/3 2927/5/3 2928/5/3
f 2929/5/4 2930/5/4 2931/5/4 2932/5/4
f 2933/5/3 2934/5/3 2935/5/3 2936/5/3
f 2937/5/4 2938/5/4 2939/5/4 2940/5/4
f 2941/5/3 2942/5/3 2943/5/3 2944/5/3
f 2945/5/4 2946/5/4 2947/5/4 2948/5/4
f 2949/5/3 2950/5/3 2951/5/3 2952/5/3
f 2953/5/4 2954/5/4 2955/5/4 2956/5/4
f 2957/5/3 2958/5/3 2959/5/3 2960/5/3
f 2961/5/4 2962/5/4 2963/5/4 2964/5/4
f 2965/5/3 2966/5/3 2967/5/3 2968/5/3
f 2969/5/4 2970/5/4 2971/5/4 2972/5/4
f 2973/5/3 2974/5/3 2975/5/3 2976/5/3
f 2977/5/4 2978/5/4 2979/5/4 2980/5/4
f 2981/5/3 2982/5/3 2983/5/3 2984/5/3
f 2985/5/4 2986/5/4 2987/5/4 2988/5/4
f 2989/5/3 2990/5/3 2991/5/3 2992/5/3
f 2993/5/4 2994/5/4 2995/5/4 2996/5/4
f 2997/5/3 2998/5/3 2999/5/3 3000/5/3
f 3001/5/4 3002/5/4 3003/5/4 3004/5/4
f 3005/2/3 3006/2/3 3007/2/3 3008/2/3
f 3009/2/4 3010/2/4 3011/2/4 3012/2/4
f 3013/6/3 3014/6/3 3015/6/3 3016/6/3
f 3017/6/4 3018/6/4 3019/6/4 3020/6/4
f 3021/8/3 3022/8/3 3023/8/3 3024/8/3
f 3025/8/4 3026/8/4 3027/8/4 3028/8/4
f 3029/4/3 3030/4/3 3031/4/3 3032/4/3
f 3033/4/4 3034/4/4 3035/4/4 3036/4/4
f 3037/4/3 3038/4/3 3039/4/3 3040/4/3
f 3041/4/4 3042/4/4 3043/4/4 3044/4/4
f 3045/8/3 3046/8/3 3047/8/3 3048/8/3
f 3049/8/4 3050/8/4 3051/8/4 3052/8/4
f 3053/7/3 3054/7/3 3055/7/3 3056/7/3
f 3057/7/4 3058/7/4 3059/7/4 3060/7/4
f 3061/4/3 3062/4/3 3063/4/3 3064/4/3
f 3065/4/4 3066/4/4 3067/4/4 3068/4/4
f 3069/3/3 3070/3/3 3071/3/3 3072/3/3
f 3073/3/4 3074/3/4 3075/3/4 3076/3/4
f 3077/4/3 3078/4/3 3079/4/3 3080/4/3
f 3081/4/4 3082/4/4 3083/4/4 3084/4/4
f 3085/3/2 3086/3/2 3087/3/2 3088/3/2
f 3089/3/3 3090/3/3 3091/3/3 3092/3/3
f 3093/3/4 3094/3/4 3095/3/4 3096/3/4
f 3097/5/1 3098/5/1 3099/5/1 3100/5/1
f 3101/5/3 3102/5/3 3103/5/3 3104/5/3
f 3105/5/4 3106/5/4 3107/5/4 3108/5/4
f 3109/5/3 3110/5/3 3111/5/3 3112/5/3
f 3113/5/4 3114/5/4 3115/5/4 3116/5/4
f 3117/5/3 3118/5/3 3119/5/3 3120/5/3
f 3121/5/4 3122/5/4 3123/5/4 3124/5/4
f 3125/5/3 3126/5/3 3127/5/3 3128/5/3
f 3129/5/4 3130/5/4 3131/5/4 3132/5/4
f 3133/5/3 3134/5/3 3135/5/3 3136/5/3
f 3137/5/4 3138/5/4 3139/5/4 3140/5/4
f 3141/5/3 3142/5/3 3143/5/3 3144/5/3
f 3145/5/4 3146/5/4 3147/5/4 3148/5/4
f 3149/5/3 3150/5/3 3151/5/3 3152/5/3
f 3153/5/4 3154/5/4 3155/5/4 3156/5/4
f 3157/5/3 3158/5/3 3159/5/3 3160/5/3
f 3161/5/4 3162/5/4 3163/5/4 3164/5/4
f 3165/5/3 3166/5/3 3167/5/3 3168/5/3
f 3169/5/4 3170/5/4 3171/5/4 3172/5/4
f 3173/5/3 3174/5/3 3175/5/3 3176/5/3
f 3177/5/4 3178/5/4 3179/5/4 3180/5/4
f 3181/5/3 3182/5/3 3183/5/3 3184/5/3
f 3185/5/4 3186/5/4 3187/5/4 3188/5/4
f 3189/5/3 3190/5/3 3191/5/3 3192/5/3
f 3193/5/4 3194/5/4 3195/5/4 3196/5/4
f 3197/5/3 3198/5/3 3199/5/3 3200/5/3
f 3201/5/4 3202/5/4 3203/5/4 3204/5/4
f 3205/6/3 3206/6/3 3207/6/3 3208/6/3
f 3209/6/4 3210/6/4 3211/6/4 3212/6/4
f 3213/6/3 3214/6/3 3215/6/3 3216/6/3
f 3217/6/4 3218/6/4 3219/6/4 3220/6/4
f 3221/8/3 3222/8/3 3223/8/3 3224/8/3
f 3225/8/4 3226/8/4 3227/8/4 3228/8/4
f 3229/7/3 3230/7/3 3231/7/3 3232/7/3
f 3233/7/4 3234/7/4 3235/7/4 3236/7/4
f 3237/8/3 3238/8/3 3239/8/3 3240/8/3
f 3241/8/4 3242/8/4 3243/8/4 3244/8/4
f 3245/6/3 3246/6/3 3247/6/3 3248/6/3
f 3249/6/4 3250/6/4 3251/6/4 3252/6/4
f 3253/8/3 3254/8/3 3255/8/3 3256/8/3
f 3257/8/4 3258/8/4 3259/8/4 3260/8/4
f 3261/7/3 3262/7/3 3263/7/3 3264/7/3
f 3265/7/4 3266/7/4 3267/7/4 3268/7/4
f 3269/3/3 3270/3/3 3271/3/3 3272/3/3
f 3273/3/4 3274/3/4 3275/3/4 3276/3/4
f 3277/7/3 3278/7/3 3279/7/3 3280/7/3
f 3281/7/4 3282/7/4 3283/7/4 3284/7/4
f 3285/6/2 3286/6/2 3287/6/2 3288/6/2
f 3289/6/3 3290/6/3 3291/6/3 3292/6/3
f 3293/6/4 3294/6/4 3295/6/4 3296/6/4
f 3297/5/1 3298/5/1 3299/5/1 3300/5/1
f 3301/5/3 3302/5/3 3303/5/3 3304/5/3
f 3305/5/4 3306/5/4 3307/5/4 3308/5/4
f 3309/5/3 3310/5/3 3311/5/3 3312/5/3
f 3313/5/4 3314/5/4 3315/5/4 3316/5/4
f 3317/5/3 3318/5/3 3319/5/3 3320/5/3
f 3321/5/4 3322/5/4 3323/5/4 3324/5/4
f 3325/5/3 3326/5/3 3327/5/3 3328/5/3
f 3329/5/4 3330/5/4 3331/5/4 3332/5/4
f 3333/5/3 3334/5/3 3335/5/3 3336/5/3
f 3337/5/4 3338/5/4 3339/5/4 3340/5/4
f 3341/5/3 3342/5/3 3343/5/3 3344/5/3
f 3345/5/4 3346/5/4 3347/5/4 3348/5/4
f 3349/5/3 3350/5/3 3351/5/3 3352/5/3
f 3353/5/4 3354/5/4 3355/5/4 3356/5/4
f 3357/5/3 3358/5/3 3359/5/3 3360/5/3
f 3361/5/4 3362/5/4 3363/5/4 3364/5/4
f 3365/5/3 3366/5/3 3367/5/3 3368/5/3
f 3369/5/4 3370/5/4 3371/5/4 3372/5/4
f 3373/5/3 3374/5/3 3375/5/3 3376/5/3
f 3377/5/4 3378/5/4 3379/5/4 3380/5/4
f 3381/5/3 3382/5/3 3383/5/3 3384/5/3
f 3385/5/4 3386/5/4 3387/5/4 3388/5/4
f 3389/5/3 3390/5/3 3391/5/3 3392/5/3
f 3393/5/4 3394/5/4 3395/5/4 3396/5/4
f 3397/5/3 3398/5/3 3399/5/3 3400/5/3
f 3401/5/4 3402/5/4 3403/5/4 3404/5/4
f 3405/3/3 3406/3/3 3407/3/3 3408/3/3
f 3409/3/4 3410/3/4 3411/3/4 3412/3/4
f 3413/8/3 3414/8/3 3415/8/3 3416/8/3
f 3417/8/4 3418/8/4 3419/8/4 3420/8/4
f 3421/7/3 3422/7/3 3423/7/3 3424/7/3
f 3425/7/4 3426/7/4 3427/7/4 3428/7/4
f 3429/8/3 3430/8/3 3431/8/3 3432/8/3
f 3433/8/4 3434/8/4 3435/8/4 3436/8/4
f 3437/3/3 3438/3/3 3439/3/3 3440/3/3
f 3441/3/4 3442/3/4 3443/3/4 3444/3/4
f 3445/3/3 3446/3/3 3447/3/3 3448/3/3
f 3449/3/4 3450/3/4 3451/3/4 3452/3/4
f 3453/4/3 3454/4/3 3455/4/3 3456/4/3
f 3457/4/4 3458/4/4 3459/4/4 3460/4/4
f 3461/4/3 3462/4/3 3463/4/3 3464/4/3
f 3465/4/4 3466/4/4 3467/4/4 3468/4/4
f 3469/8/3 3470/8/3 3471/8/3 3472/8/3
f 3473/8/4 3474/8/4 3475/8/4 3476/8/4
f 3477/3/3 3478/3/3 3479/3/3 3480/3/3
f 3481/3/4 3482/3/4 3483/3/4 3484/3/4
f 3485/6/2 3486/6/2 3487/6/2 3488/6/2
f 3489/6/3 3490/6/3 3491/6/3 3492/6/3
f 3493/6/4 3494/6/4 3495/6/4 3496/6/4
f 3497/5/1 3498/5/1 3499/5/1 3500/5/1
f 3501/5/3 3502/5/3 3503/5/3 3504/5/3
f 3505/5/4 3506/5/4 3507/5/4 3508/5/4
f 3509/5/3 3510/5/3 3511/5/3 3512/5/3
f 3513/5/4 3514/5/4 3515/5/4 3516/5/4
f 3517/5/3 3518/5/3 3519/5/3 3520/5/3
f 3521/5/4 3522/5/4 3523/5/4 3524/5/4
f 3525/5/3 3526/5/3 3527/5/3 3528/5/3
f 3529/5/4 3530/5/4 3531/5/4 3532/5/4
f 3533/5/3 3534/5/3 3535/5/3 3536/5/3
f 3537/5/4 3538/5/4 3539/5/4 3540/5/4
f 3541/5/3 3542/5/3 3543/5/3 3544/5/3
f 3545/5/4 3546/5/4 3547/5/4 3548/5/4
f 3549/5/3 3550/5/3 3551/5/3 3552/5/3
f 3553/5/4 3554/5/4 3555/5/4 3556/5/4
f 3557/5/3 3558/5/3 3559/5/3 3560/5/3
f 3561/5/4 3562/5/4 3563/5/4 3564/5/4
f 3565/5/3 3566/5/3 3567/5/3 3568/5/3
f 3569/5/4 3570/5/4 3571/5/4 3572/5/4
f 3573/5/3 3574/5/3 3575/5/3 3576/5/3
f 3577/5/4 3578/5/4 3579/5/4 3580/5/4
f 3581/5/3 3582/5/3 3583/5/3 3584/5/3
f 3585/5/4 3586/5/4 3587/5/4 3588/5/4
f 3589/5/3 3590/5/3 3591/5/3 3592/5/3
f 3593/5/4 3594/5/4 3595/5/4 3596/5/4
f 3597/5/3 3598/5/3 3599/5/3 3600/5/3
f 3601/5/4 3602/5/4 3603/5/4 3604/5/4
f 3605/3/3 3606/3/3 3607/3/3 3608/3/3
f 3609/3/4 3610/3/4 3611/3/4 3612/3/4
f 3613/8/3 3614/8/3 3615/8/3 3616/8/3
f 3617/8/4 3618/8/4 3619/8/4 3620/8/4
f 3621/8/3 3622/8/3 3623/8/3 3624/8/3
f 3625/8/4 3626/8/4 3627/8/4 3628/8/4
f 3629/3/3 3630/3/3 3631/3/3 3632/3/3
f 3633/3/4 3634/3/4 3635/3/4 3636/3/4
f 3637/3/3 3638/3/3 3639/3/3 3640/3/3
f 3641/3/4 3642/3/4 3643/3/4 3644/3/4
f 3645/8/3 3646/8/3 3647/8/3 3648/8/3
f 3649/8/4 3650/8/4 3651/8/4 3652/8/4
f 3653/7/3 3654/7/3 3655/7/3 3656/7/3
f 3657/7/4 3658/7/4 3659/7/4 3660/7/4
f 3661/7/3 3662/7/3 3663/7/3 3664/7/3
f 3665/7/4 3666/7/4 3667/7/4 3668/7/4
f 3669/7/3 3670/7/3 3671/7/3 3672/7/3
f 3673/7/4 3674/7/4 3675/7/4 3676/7/4
f 3677/6/3 3678/6/3 3679/6/3 3680/6/3
f 3681/6/4 3682/6/4 3683/6/4 3684/6/4
f 3685/6/2 3686/6/2 3687/6/2 3688/6/2
f 3689/6/3 3690/6/3 3691/6/3 3692/6/3
f 3693/6/4 3694/6/4 3695/6/4 3696/6/4
f 3697/5/1 3698/5/1 3699/5/1 3700/5/1
f 3701/5/3 3702/5/3 3703/5/3 3704/5/3
f 3705/5/4 3706/5/4 3707/5/4 3708/5/4
f 3709/5/3 3710/5/3 3711/5/3 3712/5/3
f 3713/5/4 3714/5/4 3715/5/4 3716/5/4
f 3717/5/3 3718/5/3 3719/5/3 3720/5/3
f 3721/5/4 3722/5/4 3723/5/4 3724/5/4
f 3725/5/3 3726/5/3 3727/5/3 3728/5/3
f 3729/5/4 3730/5/4 3731/5/4 3732/5/4
f 3733/5/3 3734/5/3 3735/5/3 3736/5/3
f 3737/5/4 3738/5/4 3739/5/4 3740/5/4
f 3741/5/3 3742/5/3 3743/5/3 3744/5/3
f 3745/5/4 3746/5/4 3747/5/4 3748/5/4
f 3749/5/3 3750/5/3 3751/5/3 3752/5/3
f 3753/5/4 3754/5/4 3755/5/4 3756/5/4
f 3757/5/3 3758/5/3 3759/5/3 3760/5/3
f 3761/5/4 3762/5/4 3763/5/4 3764/5/4
f 3765/5/3 3766/5/3 3767/5/3 3768/5/3
f 3769/5/4 3770/5/4 3771/5/4 3772/5/4
f 3773/5/3 3774/5/3 3775/5/3 3776/5/3
f 3777/5/4 3778/5/4 3779/5/4 3780/5/4
f 3781/5/3 3782/5/3 3783/5/3 3784/5/3
f 3785/5/4 3786/5/4 3787/5/4 3788/5/4
f 3789/5/3 3790/5/3 3791/5/3 3792/5/3
f 3793/5/4 3794/5/4 3795/5/4 3796/5/4
f 3797/6/3 3798/6/3 3799/6/3 3800/6/3
f 3801/6/4 3802/6/4 3803/6/4 3804/6/4
f 3805/6/3 3806/6/3 3807/6/3 3808/6/3
f 3809/6/4 3810/6/4 3811/6/4 3812/6/4
f 3813/3/3 3814/3/3 3815/3/3 3816/3/3
f 3817/3/4 3818/3/4 3819/3/4 3820/3/4
f 3821/3/3 3822/3/3 3823/3/3 3824/3/3
f 3825/3/4 3826/3/4 3827/3/4 3828/3/4
f 3829/6/3 3830/6/3 3831/6/3 3832/6/3
f 3833/6/4 3834/6/4 3835/6/4 3836/6/4
f 3837/8/3 3838/8/3 3839/8/3 3840/8/3
f 3841/8/4 3842/8/4 3843/8/4 3844/8/4
f 3845/7/3 3846/7/3 3847/7/3 3848/7/3
f 3849/7/4 3850/7/4 3851/7/4 3852/7/4
f 3853/7/3 3854/7/3 3855/7/3 3856/7/3
f 3857/7/4 3858/7/4 3859/7/4 3860/7/4
f 3861/4/3 3862/4/3 3863/4/3 3864/4/3
f 3865/4/4 3866/4/4 3867/4/4 3868/4/4
f 3869/7/3 3870/7/3 3871/7/3 3872/7/3
f 3873/7/4 3874/7/4 3875/7/4 3876/7/4
f 3877/6/3 3878/6/3 3879/6/3 3880/6/3
f 3881/6/4 3882/6/4 3883/6/4 3884/6/4
f 3885/6/2 3886/6/2 3887/6/2 3888/6/2
f 3889/6/3 3890/6/3 3891/6/3 3892/6/3
f 3893/6/4 3894/6/4 3895/6/4 3896/6/4
f 3897/5/1 3898/5/1 3899/5/1 3900/5/1
f 3901/5/3 3902/5/3 3903/5/3 3904/5/3
f 3905/5/4 3906/5/4 3907/5/4 3908/5/4
f 3909/5/3 3910/5/3 3911/5/3 3912/5/3
f 3913/5/4 3914/5/4 3915/5/4 3916/5/4
f 3917/5/3 3918/5/3 3919/5/3 3920/5/3
f 3921/5/4 3922/5/4 3923/5/4 3924/5/4
f 3925/5/3 3926/5/3 3927/5/3 3928/5/3
f 3929/5/4 3930/5/4 3931/5/4 3932/5/4
f 3933/5/3 3934/5/3 3935/5/3 3936/5/3
f 3937/5/4 3938/5/4 3939/5/4 3940/5/4
f 3941/5/3 3942/5/3 3943/5/3 3944/5/3
f 3945/5/4 3946/5/4 3947/5/4 3948/5/4
f 3949/5/3 3950/5/3 3951/5/3 3952/5/3
f 3953/5/4 3954/5/4 3955/5/4 3956/5/4
f 3957/5/3 3958/5/3 3959/5/3 3960/5/3
f 3961/5/4 3962/5/4 3963/5/4 3964/5/4
f 3965/5/3 3966/5/3 3967/5/3 3968/5/3
f 3969/5/4 3970/5/4 3971/5/4 3972/5/4
f 3973/5/3 3974/5/3 3975/5/3 3976/5/3
f 3977/5/4 3978/5/4 3979/5/4 3980/5/4
f 3981/5/3 3982/5/3 3983/5/3 3984/5/3
f 3985/5/4 3986/5/4 3987/5/4 3988/5/4
f 3989/5/3 3990/5/3 3991/5/3 3992/5/3
f 3993/5/4 3994/5/4 3995/5/4 3996/5/4
f 3997/6/3 3998/6/3 3999/6/3 4000/6/3
f 4001/6/4 4002/6/4 4003/6/4 4004/6/4
f 4005/6/3 4006/6/3 4007/6/3 4008/6/3
f 4009/6/4 4010/6/4 4011/6/4 4012/6/4
f 4013/6/3 4014/6/3 4015/6/3 4016/6/3
f 4017/6/4 4018/6/4 4019/6/4 4020/6/4
f 4021/6/3 4022/6/3 4023/6/3 4024/6/3
f 4025/6/4 4026/6/4 4027/6/4 4028/6/4
f 4029/3/3 4030/3/3 4031/3/3 4032/3/3
f 4033/3/4 4034/3/4 4035/3/4 4036/3/4
f 4037/8/3 4038/8/3 4039/8/3 4040/8/3
f 4041/8/4 4042/8/4 4043/8/4 4044/8/4
f 4045/7/3 4046/7/3 4047/7/3 4048/7/3
f 4049/7/4 4050/7/4 4051/7/4 4052/7/4
f 4053/4/3 4054/4/3 4055/4/3 4056/4/3
f 4057/4/4 4058/4/4 4059/4/4 4060/4/4
f 4061/1/3 4062/1/3 4063/1/3 4064/1/3
f 4065/1/4 4066/1/4 4067/1/4 4068/1/4
f 4069/4/3 4070/4/3 4071/4/3 4072/4/3
f 4073/4/4 4074/4/4 4075/4/4 4076/4/4
f 4077/7/3 4078/7/3 4079/7/3 4080/7/3
f 4081/7/4 4082/7/4 4083/7/4 4084/7/4
f 4085/6/2 4086/6/2 4087/6/2 4088/6/2
f 4089/6/3 4090/6/3 4091/6/3 4092/6/3
f 4093/6/4 4094/6/4 4095/6/4 4096/6/4
f 4097/5/1 4098/5/1 4099/5/1 4100/5/1
f 4101/5/3 4102/5/3 4103/5/3 4104/5/3
f 4105/5/4 4106/5/4 4107/5/4 4108/5/4
f 4109/5/3 4110/5/3 4111/5/3 4112/5/3
f 4113/5/4 4114/5/4 4115/5/4 4116/5/4
f 4117/5/3 4118/5/3 4119/5/3 4120/5/3
f 4121/5/4 4122/5/4 4123/5/4 4124/5/4
f 4125/5/3 4126/5/3 4127/5/3 4128/5/3
f 4129/5/4 4130/5/4 4131/5/4 4132/5/4
f 4133/5/3 4134/5/3 4135/5/3 4136/5/3
f 4137/5/4 4138/5/4 4139/5/4 4140/5/4
f 4141/5/3 4142/5/3 4143/5/3 4144/5/3
f 4145/5/4 4146/5/4 4147/5/4 4148/5/4
f 4149/5/3 4150/5/3 4151/5/3 4152/5/3
f 4153/5/4 4154/5/4 4155/5/4 4156/5/4
f 4157/5/3 4158/5/3 4159/5/3 4160/5/3
f 4161/5/4 4162/5/4 4163/5/4 4164/5/4
f 4165/5/3 4166/5/3 4167/5/3 4168/5/3
f 4169/5/4 4170/5/4 4171/5/4 4172/5/4
f 4173/5/3 4174/5/3 4175/5/3 4176/5/3
f 4177/5/4 4178/5/4 4179/5/4 4180/5/4
f 4181/5/3 4182/5/3 4183/5/3 4184/5/3
f 4185/5/4 4186/5/4 4187/5/4 4188/5/4
f 4189/5/3 4190/5/3 4191/5/3 4192/5/3
f 4193/5/4 4194/5/4 4195/5/4 4196/5/4
f 4197/6/3 4198/6/3 4199/6/3 4200/6/3
f 4201/6/4 4202/6/4 4203/6/4 4204/6/4
f 4205/6/3 4206/6/3 4207/6/3 4208/6/3
f 4209/6/4 4210/6/4 4211/6/4 4212/6/4
f 4213/6/3 4214/6/3 4215/6/3 4216/6/3
f 4217/6/4 4218/6/4 4219/6/4 4220/6/4
f 4221/6/3 4222/6/3 4223/6/3 4224/6/3
f 4225/6/4 4226/6/4 4227/6/4 4228/6/4
f 4229/6/3 4230/6/3 4231/6/3 4232/6/3
f 4233/6/4 4234/6/4 4235/6/4 4236/6/4
f 4237/3/3 4238/3/3 4239/3/3 4240/3/3
f 4241/3/4 4242/3/4 4243/3/4 4244/3/4
f 4245/7/3 4246/7/3 4247/7/3 4248/7/3
f 4249/7/4 4250/7/4 4251/7/4 4252/7/4
f 4253/4/3 4254/4/3 4255/4/3 4256/4/3
f 4257/4/4 4258/4/4 4259/4/4 4260/4/4
f 4261/4/3 4262/4/3 4263/4/3 4264/4/3
f 4265/4/4 4266/4/4 4267/4/4 4268/4/4
f 4269/1/3 4270/1/3 4271/1/3 4272/1/3
f 4273/1/4 4274/1/4 4275/1/4 4276/1/4
f 4277/7/3 4278/7/3 4279/7/3 4280/7/3
f 4281/7/4 4282/7/4 4283/7/4 4284/7/4
f 4285/6/2 4286/6/2 4287/6/2 4288/6/2
f 4289/6/3 4290/6/3 4291/6/3 4292/6/3
f 4293/6/4 4294/6/4 4295/6/4 4296/6/4
f 4297/5/1 4298/5/1 4299/5/1 4300/5/1
f 4301/5/3 4302/5/3 4303/5/3 4304/5/3
f 4305/5/4 4306/5/4 4307/5/4 4308/5/4
f 4309/5/3 4310/5/3 4311/5/3 4312/5/3
f 4313/5/4 4314/5/4 4315/5/4 4316/5/4
f 4317/5/3 4318/5/3 4319/5/3 4320/5/3
f 4321/5/4 4322/5/4 4323/5/4 4324/5/4
f 4325/5/3 4326/5/3 4327/5/3 4328/5/3
f 4329/5/4 4330/5/4 4331/5/4 4332/5/4
f 4333/5/3 4334/5/3 4335/5/3 4336/5/3
f 4337/5/4 4338/5/4 4339/5/4 4340/5/4
f 4341/5/3 4342/5/3 4343/5/3 4344/5/3
f 4345/5/4 4346/5/4 4347/5/4 4348/5/4
f 4349/5/3 4350/5/3 4351/5/3 4352/5/3
f 4353/5/4 4354/5/4 4355/5/4 4356/5/4
f 4357/5/3 4358/5/3 4359/5/3 4360/5/3
f 4361/5/4 4362/5/4 4363/5/4 4364/5/4
f 4365/5/3 4366/5/3 4367/5/3 4368/5/3
f 4369/5/4 4370/5/4 4371/5/4 4372/5/4
f 4373/5/3 4374/5/3 4375/5/3 4376/5/3
f 4377/5/4 4378/5/4 4379/5/4 4380/5/4
f 4381/5/3 4382/5/3 4383/5/3 4384/5/3
f 4385/5/4 4386/5/4 4387/5/4 4388/5/4
f 4389/5/3 4390/5/3 4391/5/3 4392/5/3
f 4393/5/4 4394/5/4 4395/5/4 4396/5/4
f 4397/6/3 4398/6/3 4399/6/3 4400/6/3
f 4401/6/4 4402/6/4 4403/6/4 4404/6/4
f 4405/6/3 4406/6/3 4407/6/3 4408/6/3
f 4409/6/4 4410/6/4 4411/6/4 4412/6/4
f 4413/6/3 4414/6/3 4415/6/3 4416/6/3
f 4417/6/4 4418/6/4 4419/6/4 4420/6/4
f 4421/3/3 4422/3/3 4423/3/3 4424/3/3
f 4425/3/4 4426/3/4 4427/3/4 4428/3/4
f 4429/6/3 4430/6/3 4431/6/3 4432/6/3
f 4433/6/4 4434/6/4 4435/6/4 4436/6/4
f 4437/6/3 4438/6/3 4439/6/3 4440/6/3
f 4441/6/4 4442/6/4 4443/6/4 4444/6/4
f 4445/8/3 4446/8/3 4447/8/3 4448/8/3
f 4449/8/4 4450/8/4 4451/8/4 4452/8/4
f 4453/7/3 4454/7/3 4455/7/3 4456/7/3
f 4457/7/4 4458/7/4 4459/7/4 4460/7/4
f 4461/4/3 4462/4/3 4463/4/3 4464/4/3
f 4465/4/4 4466/4/4 4467/4/4 4468/4/4
f 4469/1/3 4470/1/3 4471/1/3 4472/1/3
f 4473/1/4 4474/1/4 4475/1/4 4476/1/4
f 4477/1/3 4478/1/3 4479/1/3 4480/1/3
f 4481/1/4 4482/1/4 4483/1/4 4484/1/4
f 4485/4/2 4486/4/2 4487/4/2 4488/4/2
f 4489/4/3 4490/4/3 4491/4/3 4492/4/3
f 4493/4/4 4494/4/4 4495/4/4 4496/4/4
f 4497/5/1 4498/5/1 4499/5/1 4500/5/1
f 4501/5/3 4502/5/3 4503/5/3 4504/5/3
f 4505/5/4 4506/5/4 4507/5/4 4508/5/4
f 4509/5/3 4510/5/3 4511/5/3 4512/5/3
f 4513/5/4 4514/5/4 4515/5/4 4516/5/4
f 4517/5/3 4518/5/3 4519/5/3 4520/5/3
f 4521/5/4 4522/5/4 4523/5/4 4524/5/4
f 4525/5/3 4526/5/3 4527/5/3 4528/5/3
f 4529/5/4 4530/5/4 4531/5/4 4532/5/4
f 4533/5/3 4534/5/3 4535/5/3 4536/5/3
f 4537/5/4 4538/5/4 4539/5/4 4540/5/4
f 4541/5/3 4542/5/3 4543/5/3 4544/5/3
f 4545/5/4 4546/5/4 4547/5/4 4548/5/4
f 4549/5/3 4550/5/3 4551/5/3 4552/5/3
f 4553/5/4 4554/5/4 4555/5/4 4556/5/4
f 4557/5/3 4558/5/3 4559/5/3 4560/5/3
f 4561/5/4 4562/5/4 4563/5/4 4564/5/4
f 4565/5/3 4566/5/3 4567/5/3 4568/5/3
f 4569/5/4 4570/5/4 4571/5/4 4572/5/4
f 4573/5/3 4574/5/3 4575/5/3 4576/5/3
f 4577/5/4 4578/5/4 4579/5/4 4580/5/4
f 4581/5/3 4582/5/3 4583/5/3 4584/5/3
f 4585/5/4 4586/5/4 4587/5/4 4588/5/4
f 4589/5/3 4590/5/3 4591/5/3 4592/5/3
f 4593/5/4 4594/5/4 4595/5/4 4596/5/4
f 4597/6/3 4598/6/3 4599/6/3 4600/6/3
f 4601/6/4 4602/6/4 4603/6/4 4604/6/4
f 4605/6/3 4606/6/3 4607/6/3 4608/6/3
f 4609/6/4 4610/6/4 4611/6/4 4612/6/4
f 4613/6/3 4614/6/3 4615/6/3 4616/6/3
f 4617/6/4 4618/6/4 4619/6/4 4620/6/4
f 4621/8/3 4622/8/3 4623/8/3 4624/8/3
f 4625/8/4 4626/8/4 4627/8/4 4628/8/4
f 4629/3/3 4630/3/3 4631/3/3 4632/3/3
f 4633/3/4 4634/3/4 4635/3/4 4636/3/4
f 4637/6/3 4638/6/3 4639/6/3 4640/6/3
f 4641/6/4 4642/6/4 4643/6/4 4644/6/4
f 4645/3/3 4646/3/3 4647/3/3 4648/3/3
f 4649/3/4 4650/3/4 4651/3/4 4652/3/4
f 4653/7/3 4654/7/3 4655/7/3 4656/7/3
f 4657/7/4 4658/7/4 4659/7/4 4660/7/4
f 4661/7/3 4662/7/3 4663/7/3 4664/7/3
f 4665/7/4 4666/7/4 4667/7/4 4668/7/4
f 4669/1/3 4670/1/3 4671/1/3 4672/1/3
f 4673/1/4 4674/1/4 4675/1/4 4676/1/4
f 4677/4/3 4678/4/3 4679/4/3 4680/4/3
f 4681/4/4 4682/4/4 4683/4/4 4684/4/4
f 4685/4/2 4686/4/2 4687/4/2 4688/4/2
f 4689/4/3 4690/4/3 4691/4/3 4692/4/3
f 4693/4/4 4694/4/4 4695/4/4 4696/4/4
f 4697/5/1 4698/5/1 4699/5/1 4700/5/1
f 4701/5/3 4702/5/3 4703/5/3 4704/5/3
f 4705/5/4 4706/5/4 4707/5/4 4708/5/4
f 4709/5/5 4710/5/5 4711/5/5 4712/5/5
f 4713/5/3 4714/5/3 4715/5/3 4716/5/3
f 4717/5/4 4718/5/4 4719/5/4 4720/5/4
f 4721/5/5 4722/5/5 4723/5/5 4724/5/5
f 4725/5/3 4726/5/3 4727/5/3 4728/5/3
f 4729/5/4 4730/5/4 4731/5/4 4732/5/4
f 4733/5/5 4734/5/5 4735/5/5 4736/5/5
f 4737/5/3 4738/5/3 4739/5/3 4740/5/3
f 4741/5/4 4742/5/4 4743/5/4 4744/5/4
f 4745/5/5 4746/5/5 4747/5/5 4748/5/5
f 4749/5/3 4750/5/3 4751/5/3 4752/5/3
f 4753/5/4 4754/5/4 4755/5/4 4756/5/4
f 4757/5/5 4758/5/5 4759/5/5 4760/5/5
f 4761/5/3 4762/5/3 4763/5/3 4764/5/3
f 4765/5/4 4766/5/4 4767/5/4 4768/5/4
f 4769/5/5 4770/5/5 4771/5/5 4772/5/5
f 4773/5/3 4774/5/3 4775/5/3 4776/5/3
f 4777/5/4 4778/5/4 4779/5/4 4780/5/4
f 4781/5/5 4782/5/5 4783/5/5 4784/5/5
f 4785/5/3 4786/5/3 4787/5/3 4788/5/3
f 4789/5/4 4790/5/4 4791/5/4 4792/5/4
f 4793/5/5 4794/5/5 4795/5/5 4796/5/5
f 4797/5/3 4798/5/3 4799/5/3 4800/5/3
f 4801/5/4 4802/5/4 4803/5/4 4804/5/4
f 4805/5/5 4806/5/5 4807/5/5 4808/5/5
f 4809/5/3 4810/5/3 4811/5/3 4812/5/3
f 4813/5/4 4814/5/4 4815/5/4 4816/5/4
f 4817/5/5 4818/5/5 4819/5/5 4820/5/5
f 4821/5/3 4822/5/3 4823/5/3 4824/5/3
f 4825/5/4 4826/5/4 4827/5/4 4828/5/4
f 4829/5/5 4830/5/5 4831/5/5 4832/5/5
f 4833/5/3 4834/5/3 4835/5/3 4836/5/3
f 4837/5/4 4838/5/4 4839/5/4 4840/5/4
f 4841/5/5 4842/5/5 4843/5/5 4844/5/5
f 4845/3/3 4846/3/3 4847/3/3 4848/3/3
f 4849/3/4 4850/3/4 4851/3/4 4852/3/4
f 4853/3/5 4854/3/5 4855/3/5 4856/3/5
f 4857/8/3 4858/8/3 4859/8/3 4860/8/3
f 4861/8/4 4862/8/4 4863/8/4 4864/8/4
f 4865/8/5 4866/8/5 4867/8/5 4868/8/5
f 4869/3/3 4870/3/3 4871/3/3 4872/3/3
f 4873/3/4 4874/3/4 4875/3/4 4876/3/4
f 4877/3/5 4878/3/5 4879/3/5 4880/3/5
f 4881/6/3 4882/6/3 4883/6/3 4884/6/3
f 4885/6/4 4886/6/4 4887/6/4 4888/6/4
f 4889/6/5 4890/6/5 4891/6/5 4892/6/5
f 4893/8/3 4894/8/3 4895/8/3 4896/8/3
f 4897/8/4 4898/8/4 4899/8/4 4900/8/4
f 4901/8/5 4902/8/5 4903/8/5 4904/8/5
f 4905/6/3 4906/6/3 4907/6/3 4908/6/3
f 4909/6/4 4910/6/4 4911/6/4 4912/6/4
f 4913/6/5 4914/6/5 4915/6/5 4916/6/5
f 4917/3/3 4918/3/3 4919/3/3 4920/3/3
f 4921/3/4 4922/3/4 4923/3/4 4924/3/4
f 4925/3/5 4926/3/5 4927/3/5 4928/3/5
f 4929/7/3 4930/7/3 4931/7/3 4932/7/3
f 4933/7/4 4934/7/4 4935/7/4 4936/7/4
f 4937/7/5 4938/7/5 4939/7/5 4940/7/5
f 4941/4/3 4942/4/3 4943/4/3 4944/4/3
f 4945/4/4 4946/4/4 4947/4/4 4948/4/4
f 4949/4/5 4950/4/5 4951/4/5 4952/4/5
f 4953/4/3 4954/4/3 4955/4/3 4956/4/3
f 4957/4/4 4958/4/4 4959/4/4 4960/4/4
f 4961/4/5 4962/4/5 4963/4/5 4964/4/5
f 4965/7/3 4966/7/3 4967/7/3 4968/7/3
f 4969/7/4 4970/7/4 4971/7/4 4972/7/4
f 4973/7/5 4974/7/5 4975/7/5 4976/7/5
f 4977/7/2 4978/7/2 4979/7/2 4980/7/2
f 4981/7/3 4982/7/3 4983/7/3 4984/7/3
f 4985/7/4 4986/7/4 4987/7/4 4988/7/4
f 4989/7/5 4990/7/5 4991/7/5 4992/7/5

