# generated by vox_to_obj_exporter
# scale=0.1 center=true ground=true y_up=false

mtllib Shape_21_252.mtl
usemtl palette

# normals
vn -1 0 0
vn 1 0 0
vn 0 0 1
vn 0 0 -1
vn 0 -1 0
vn 0 1 0

# texcoords
vt 0.041015625 0.5
vt 0.505859375 0.5
vt 0.990234375 0.5
vt 0.373046875 0.5
vt 0.876953125 0.5
vt 0.810546875 0.5
vt 0.982421875 0.5
vt 0.232421875 0.5
vt 0.869140625 0.5
vt 0.537109375 0.5
vt 0.669921875 0.5
vt 0.994140625 0.5
vt 0.814453125 0.5
vt 0.396484375 0.5
vt 0.701171875 0.5
vt 0.037109375 0.5
vt 0.673828125 0.5
vt 0.208984375 0.5
vt 0.986328125 0.5
vt 0.068359375 0.5
vt 0.646484375 0.5
vt 0.865234375 0.5

# verts
v -1.2 1.2 0.2
v -1.2 1.2 0.1
v -1.2 1.1 0.1
v -1.2 1.1 0.2
v -1.2 1.2 0.2
v -1.2 1.1 0.2
v -1.1 1.1 0.2
v -1.1 1.2 0.2
v -1.2 1.1 0.1
v -1.2 1.2 0.1
v -1.1 1.2 0.1
v -1.1 1.1 0.1
v -1.1 1.2 0.2
v -1.1 1.2 0.1
v -1.2 1.2 0.1
v -1.2 1.2 0.2
v -1.1 1.2 0.2
v -1.1 1.1 0.2
v -1 1.1 0.2
v -1 1.2 0.2
v -1.1 1.1 0.1
v -1.1 1.2 0.1
v -1 1.2 0.1
v -1 1.1 0.1
v -1 1.2 0.2
v -1 1.2 0.1
v -1.1 1.2 0.1
v -1.1 1.2 0.2
v -1 1.2 0.2
v -1 1.1 0.2
v -0.9 1.1 0.2
v -0.9 1.2 0.2
v -1 1.1 0.1
v -1 1.2 0.1
v -0.9 1.2 0.1
v -0.9 1.1 0.1
v -0.9 1.2 0.2
v -0.9 1.2 0.1
v -1 1.2 0.1
v -1 1.2 0.2
v -0.9 1.2 0.2
v -0.9 1.1 0.2
v -0.8 1.1 0.2
v -0.8 1.2 0.2
v -0.9 1.1 0.1
v -0.9 1.2 0.1
v -0.8 1.2 0.1
v -0.8 1.1 0.1
v -0.8 1.2 0.2
v -0.8 1.2 0.1
v -0.9 1.2 0.1
v -0.9 1.2 0.2
v -0.8 1.2 0.2
v -0.8 1.1 0.2
v -0.7 1.1 0.2
v -0.7 1.2 0.2
v -0.8 1.1 0.1
v -0.8 1.2 0.1
v -0.7 1.2 0.1
v -0.7 1.1 0.1
v -0.7 1.2 0.2
v -0.7 1.2 0.1
v -0.8 1.2 0.1
v -0.8 1.2 0.2
v -0.7 1.2 0.2
v -0.7 1.1 0.2
v -0.6 1.1 0.2
v -0.6 1.2 0.2
v -0.7 1.1 0.1
v -0.7 1.2 0.1
v -0.6 1.2 0.1
v -0.6 1.1 0.1
v -0.6 1.2 0.2
v -0.6 1.2 0.1
v -0.7 1.2 0.1
v -0.7 1.2 0.2
v -0.6 1.2 0.2
v -0.6 1.1 0.2
v -0.5 1.1 0.2
v -0.5 1.2 0.2
v -0.6 1.1 0.1
v -0.6 1.2 0.1
v -0.5 1.2 0.1
v -0.5 1.1 0.1
v -0.5 1.2 0.2
v -0.5 1.2 0.1
v -0.6 1.2 0.1
v -0.6 1.2 0.2
v -0.5 1.2 0.2
v -0.5 1.1 0.2
v -0.4 1.1 0.2
v -0.4 1.2 0.2
v -0.5 1.1 0.1
v -0.5 1.2 0.1
v -0.4 1.2 0.1
v -0.4 1.1 0.1
v -0.4 1.2 0.2
v -0.4 1.2 0.1
v -0.5 1.2 0.1
v -0.5 1.2 0.2
v -0.4 1.2 0.2
v -0.4 1.1 0.2
v -0.3 1.1 0.2
v -0.3 1.2 0.2
v -0.4 1.1 0.1
v -0.4 1.2 0.1
v -0.3 1.2 0.1
v -0.3 1.1 0.1
v -0.3 1.2 0.2
v -0.3 1.2 0.1
v -0.4 1.2 0.1
v -0.4 1.2 0.2
v -0.3 1.2 0.2
v -0.3 1.1 0.2
v -0.2 1.1 0.2
v -0.2 1.2 0.2
v -0.3 1.1 0.1
v -0.3 1.2 0.1
v -0.2 1.2 0.1
v -0.2 1.1 0.1
v -0.2 1.2 0.2
v -0.2 1.2 0.1
v -0.3 1.2 0.1
v -0.3 1.2 0.2
v -0.2 1.2 0.2
v -0.2 1.1 0.2
v -0.1 1.1 0.2
v -0.1 1.2 0.2
v -0.2 1.1 0.1
v -0.2 1.2 0.1
v -0.1 1.2 0.1
v -0.1 1.1 0.1
v -0.1 1.2 0.2
v -0.1 1.2 0.1
v -0.2 1.2 0.1
v -0.2 1.2 0.2
v -0.1 1.2 0.2
v -0.1 1.1 0.2
v 0 1.1 0.2
v 0 1.2 0.2
v -0.1 1.1 0.1
v -0.1 1.2 0.1
v 0 1.2 0.1
v 0 1.1 0.1
v 0 1.2 0.2
v 0 1.2 0.1
v -0.1 1.2 0.1
v -0.1 1.2 0.2
v 0 1.2 0.2
v 0 1.1 0.2
v 0.1 1.1 0.2
v 0.1 1.2 0.2
v 0 1.1 0.1
v 0 1.2 0.1
v 0.1 1.2 0.1
v 0.1 1.1 0.1
v 0.1 1.2 0.2
v 0.1 1.2 0.1
v 0 1.2 0.1
v 0 1.2 0.2
v 0.1 1.2 0.2
v 0.1 1.1 0.2
v 0.2 1.1 0.2
v 0.2 1.2 0.2
v 0.1 1.1 0.1
v 0.1 1.2 0.1
v 0.2 1.2 0.1
v 0.2 1.1 0.1
v 0.2 1.2 0.2
v 0.2 1.2 0.1
v 0.1 1.2 0.1
v 0.1 1.2 0.2
v 0.2 1.2 0.2
v 0.2 1.1 0.2
v 0.3 1.1 0.2
v 0.3 1.2 0.2
v 0.2 1.1 0.1
v 0.2 1.2 0.1
v 0.3 1.2 0.1
v 0.3 1.1 0.1
v 0.3 1.2 0.2
v 0.3 1.2 0.1
v 0.2 1.2 0.1
v 0.2 1.2 0.2
v 0.3 1.2 0.2
v 0.3 1.1 0.2
v 0.4 1.1 0.2
v 0.4 1.2 0.2
v 0.3 1.1 0.1
v 0.3 1.2 0.1
v 0.4 1.2 0.1
v 0.4 1.1 0.1
v 0.4 1.2 0.2
v 0.4 1.2 0.1
v 0.3 1.2 0.1
v 0.3 1.2 0.2
v 0.4 1.2 0.2
v 0.4 1.1 0.2
v 0.5 1.1 0.2
v 0.5 1.2 0.2
v 0.4 1.1 0.1
v 0.4 1.2 0.1
v 0.5 1.2 0.1
v 0.5 1.1 0.1
v 0.5 1.2 0.2
v 0.5 1.2 0.1
v 0.4 1.2 0.1
v 0.4 1.2 0.2
v 0.5 1.2 0.2
v 0.5 1.1 0.2
v 0.6 1.1 0.2
v 0.6 1.2 0.2
v 0.5 1.1 0.1
v 0.5 1.2 0.1
v 0.6 1.2 0.1
v 0.6 1.1 0.1
v 0.6 1.2 0.2
v 0.6 1.2 0.1
v 0.5 1.2 0.1
v 0.5 1.2 0.2
v 0.6 1.2 0.2
v 0.6 1.1 0.2
v 0.7 1.1 0.2
v 0.7 1.2 0.2
v 0.6 1.1 0.1
v 0.6 1.2 0.1
v 0.7 1.2 0.1
v 0.7 1.1 0.1
v 0.7 1.2 0.2
v 0.7 1.2 0.1
v 0.6 1.2 0.1
v 0.6 1.2 0.2
v 0.7 1.2 0.2
v 0.7 1.1 0.2
v 0.8 1.1 0.2
v 0.8 1.2 0.2
v 0.7 1.1 0.1
v 0.7 1.2 0.1
v 0.8 1.2 0.1
v 0.8 1.1 0.1
v 0.8 1.2 0.2
v 0.8 1.2 0.1
v 0.7 1.2 0.1
v 0.7 1.2 0.2
v 0.8 1.2 0.2
v 0.8 1.1 0.2
v 0.9 1.1 0.2
v 0.9 1.2 0.2
v 0.8 1.1 0.1
v 0.8 1.2 0.1
v 0.9 1.2 0.1
v 0.9 1.1 0.1
v 0.9 1.2 0.2
v 0.9 1.2 0.1
v 0.8 1.2 0.1
v 0.8 1.2 0.2
v 0.9 1.2 0.2
v 0.9 1.1 0.2
v 1 1.1 0.2
v 1 1.2 0.2
v 0.9 1.1 0.1
v 0.9 1.2 0.1
v 1 1.2 0.1
v 1 1.1 0.1
v 1 1.2 0.2
v 1 1.2 0.1
v 0.9 1.2 0.1
v 0.9 1.2 0.2
v 1 1.2 0.2
v 1 1.1 0.2
v 1.1 1.1 0.2
v 1.1 1.2 0.2
v 1 1.1 0.1
v 1 1.2 0.1
v 1.1 1.2 0.1
v 1.1 1.1 0.1
v 1.1 1.2 0.2
v 1.1 1.2 0.1
v 1 1.2 0.1
v 1 1.2 0.2
v 1.2 1.1 0.2
v 1.2 1.1 0.1
v 1.2 1.2 0.1
v 1.2 1.2 0.2
v 1.1 1.2 0.2
v 1.1 1.1 0.2
v 1.2 1.1 0.2
v 1.2 1.2 0.2
v 1.1 1.1 0.1
v 1.1 1.2 0.1
v 1.2 1.2 0.1
v 1.2 1.1 0.1
v 1.2 1.2 0.2
v 1.2 1.2 0.1
v 1.1 1.2 0.1
v 1.1 1.2 0.2
v -1.2 1.1 0.2
v -1.2 1.1 0.1
v -1.2 1 0.1
v -1.2 1 0.2
v -1.2 1.1 0.2
v -1.2 1 0.2
v -1.1 1 0.2
v -1.1 1.1 0.2
v -1.2 1 0.1
v -1.2 1.1 0.1
v -1.1 1.1 0.1
v -1.1 1 0.1
v -1.1 1.1 0.2
v -1.1 1 0.2
v -1 1 0.2
v -1 1.1 0.2
v -1.1 1 0.1
v -1.1 1.1 0.1
v -1 1.1 0.1
v -1 1 0.1
v -1 1.1 0.2
v -1 1 0.2
v -0.9 1 0.2
v -0.9 1.1 0.2
v -1 1 0.1
v -1 1.1 0.1
v -0.9 1.1 0.1
v -0.9 1 0.1
v -0.9 1.1 0.2
v -0.9 1 0.2
v -0.8 1 0.2
v -0.8 1.1 0.2
v -0.9 1 0.1
v -0.9 1.1 0.1
v -0.8 1.1 0.1
v -0.8 1 0.1
v -0.8 1.1 0.2
v -0.8 1 0.2
v -0.7 1 0.2
v -0.7 1.1 0.2
v -0.8 1 0.1
v -0.8 1.1 0.1
v -0.7 1.1 0.1
v -0.7 1 0.1
v -0.7 1.1 0.2
v -0.7 1 0.2
v -0.6 1 0.2
v -0.6 1.1 0.2
v -0.7 1 0.1
v -0.7 1.1 0.1
v -0.6 1.1 0.1
v -0.6 1 0.1
v -0.6 1.1 0.2
v -0.6 1 0.2
v -0.5 1 0.2
v -0.5 1.1 0.2
v -0.6 1 0.1
v -0.6 1.1 0.1
v -0.5 1.1 0.1
v -0.5 1 0.1
v -0.5 1.1 0.2
v -0.5 1 0.2
v -0.4 1 0.2
v -0.4 1.1 0.2
v -0.5 1 0.1
v -0.5 1.1 0.1
v -0.4 1.1 0.1
v -0.4 1 0.1
v -0.4 1.1 0.2
v -0.4 1 0.2
v -0.3 1 0.2
v -0.3 1.1 0.2
v -0.4 1 0.1
v -0.4 1.1 0.1
v -0.3 1.1 0.1
v -0.3 1 0.1
v -0.3 1.1 0.2
v -0.3 1 0.2
v -0.2 1 0.2
v -0.2 1.1 0.2
v -0.3 1 0.1
v -0.3 1.1 0.1
v -0.2 1.1 0.1
v -0.2 1 0.1
v -0.2 1.1 0.2
v -0.2 1 0.2
v -0.1 1 0.2
v -0.1 1.1 0.2
v -0.2 1 0.1
v -0.2 1.1 0.1
v -0.1 1.1 0.1
v -0.1 1 0.1
v -0.1 1.1 0.2
v -0.1 1 0.2
v 0 1 0.2
v 0 1.1 0.2
v -0.1 1 0.1
v -0.1 1.1 0.1
v 0 1.1 0.1
v 0 1 0.1
v 0 1.1 0.2
v 0 1 0.2
v 0.1 1 0.2
v 0.1 1.1 0.2
v 0 1 0.1
v 0 1.1 0.1
v 0.1 1.1 0.1
v 0.1 1 0.1
v 0.1 1.1 0.2
v 0.1 1 0.2
v 0.2 1 0.2
v 0.2 1.1 0.2
v 0.1 1 0.1
v 0.1 1.1 0.1
v 0.2 1.1 0.1
v 0.2 1 0.1
v 0.2 1.1 0.2
v 0.2 1 0.2
v 0.3 1 0.2
v 0.3 1.1 0.2
v 0.2 1 0.1
v 0.2 1.1 0.1
v 0.3 1.1 0.1
v 0.3 1 0.1
v 0.3 1.1 0.2
v 0.3 1 0.2
v 0.4 1 0.2
v 0.4 1.1 0.2
v 0.3 1 0.1
v 0.3 1.1 0.1
v 0.4 1.1 0.1
v 0.4 1 0.1
v 0.4 1.1 0.2
v 0.4 1 0.2
v 0.5 1 0.2
v 0.5 1.1 0.2
v 0.4 1 0.1
v 0.4 1.1 0.1
v 0.5 1.1 0.1
v 0.5 1 0.1
v 0.5 1.1 0.2
v 0.5 1 0.2
v 0.6 1 0.2
v 0.6 1.1 0.2
v 0.5 1 0.1
v 0.5 1.1 0.1
v 0.6 1.1 0.1
v 0.6 1 0.1
v 0.6 1.1 0.2
v 0.6 1 0.2
v 0.7 1 0.2
v 0.7 1.1 0.2
v 0.6 1 0.1
v 0.6 1.1 0.1
v 0.7 1.1 0.1
v 0.7 1 0.1
v 0.7 1.1 0.2
v 0.7 1 0.2
v 0.8 1 0.2
v 0.8 1.1 0.2
v 0.7 1 0.1
v 0.7 1.1 0.1
v 0.8 1.1 0.1
v 0.8 1 0.1
v 0.8 1.1 0.2
v 0.8 1 0.2
v 0.9 1 0.2
v 0.9 1.1 0.2
v 0.8 1 0.1
v 0.8 1.1 0.1
v 0.9 1.1 0.1
v 0.9 1 0.1
v 0.9 1.1 0.2
v 0.9 1 0.2
v 1 1 0.2
v 1 1.1 0.2
v 0.9 1 0.1
v 0.9 1.1 0.1
v 1 1.1 0.1
v 1 1 0.1
v 1 1.1 0.2
v 1 1 0.2
v 1.1 1 0.2
v 1.1 1.1 0.2
v 1 1 0.1
v 1 1.1 0.1
v 1.1 1.1 0.1
v 1.1 1 0.1
v 1.2 1 0.2
v 1.2 1 0.1
v 1.2 1.1 0.1
v 1.2 1.1 0.2
v 1.1 1.1 0.2
v 1.1 1 0.2
v 1.2 1 0.2
v 1.2 1.1 0.2
v 1.1 1 0.1
v 1.1 1.1 0.1
v 1.2 1.1 0.1
v 1.2 1 0.1
v -1.2 1 0.2
v -1.2 1 0.1
v -1.2 0.9 0.1
v -1.2 0.9 0.2
v -1.2 1 0.2
v -1.2 0.9 0.2
v -1.1 0.9 0.2
v -1.1 1 0.2
v -1.2 0.9 0.1
v -1.2 1 0.1
v -1.1 1 0.1
v -1.1 0.9 0.1
v -1.1 1 0.2
v -1.1 0.9 0.2
v -1 0.9 0.2
v -1 1 0.2
v -1.1 0.9 0.1
v -1.1 1 0.1
v -1 1 0.1
v -1 0.9 0.1
v -1 1 0.2
v -1 0.9 0.2
v -0.9 0.9 0.2
v -0.9 1 0.2
v -1 0.9 0.1
v -1 1 0.1
v -0.9 1 0.1
v -0.9 0.9 0.1
v -0.9 1 0.2
v -0.9 0.9 0.2
v -0.8 0.9 0.2
v -0.8 1 0.2
v -0.9 0.9 0.1
v -0.9 1 0.1
v -0.8 1 0.1
v -0.8 0.9 0.1
v -0.8 1 0.2
v -0.8 0.9 0.2
v -0.7 0.9 0.2
v -0.7 1 0.2
v -0.8 0.9 0.1
v -0.8 1 0.1
v -0.7 1 0.1
v -0.7 0.9 0.1
v -0.7 1 0.2
v -0.7 0.9 0.2
v -0.6 0.9 0.2
v -0.6 1 0.2
v -0.7 0.9 0.1
v -0.7 1 0.1
v -0.6 1 0.1
v -0.6 0.9 0.1
v -0.6 1 0.2
v -0.6 0.9 0.2
v -0.5 0.9 0.2
v -0.5 1 0.2
v -0.6 0.9 0.1
v -0.6 1 0.1
v -0.5 1 0.1
v -0.5 0.9 0.1
v -0.5 1 0.2
v -0.5 0.9 0.2
v -0.4 0.9 0.2
v -0.4 1 0.2
v -0.5 0.9 0.1
v -0.5 1 0.1
v -0.4 1 0.1
v -0.4 0.9 0.1
v -0.4 1 0.2
v -0.4 0.9 0.2
v -0.3 0.9 0.2
v -0.3 1 0.2
v -0.4 0.9 0.1
v -0.4 1 0.1
v -0.3 1 0.1
v -0.3 0.9 0.1
v -0.3 1 0.2
v -0.3 0.9 0.2
v -0.2 0.9 0.2
v -0.2 1 0.2
v -0.3 0.9 0.1
v -0.3 1 0.1
v -0.2 1 0.1
v -0.2 0.9 0.1
v -0.2 1 0.2
v -0.2 0.9 0.2
v -0.1 0.9 0.2
v -0.1 1 0.2
v -0.2 0.9 0.1
v -0.2 1 0.1
v -0.1 1 0.1
v -0.1 0.9 0.1
v -0.1 1 0.2
v -0.1 0.9 0.2
v 0 0.9 0.2
v 0 1 0.2
v -0.1 0.9 0.1
v -0.1 1 0.1
v 0 1 0.1
v 0 0.9 0.1
v 0 1 0.2
v 0 0.9 0.2
v 0.1 0.9 0.2
v 0.1 1 0.2
v 0 0.9 0.1
v 0 1 0.1
v 0.1 1 0.1
v 0.1 0.9 0.1
v 0.1 1 0.2
v 0.1 0.9 0.2
v 0.2 0.9 0.2
v 0.2 1 0.2
v 0.1 0.9 0.1
v 0.1 1 0.1
v 0.2 1 0.1
v 0.2 0.9 0.1
v 0.2 1 0.2
v 0.2 0.9 0.2
v 0.3 0.9 0.2
v 0.3 1 0.2
v 0.2 0.9 0.1
v 0.2 1 0.1
v 0.3 1 0.1
v 0.3 0.9 0.1
v 0.3 1 0.2
v 0.3 0.9 0.2
v 0.4 0.9 0.2
v 0.4 1 0.2
v 0.3 0.9 0.1
v 0.3 1 0.1
v 0.4 1 0.1
v 0.4 0.9 0.1
v 0.4 1 0.2
v 0.4 0.9 0.2
v 0.5 0.9 0.2
v 0.5 1 0.2
v 0.4 0.9 0.1
v 0.4 1 0.1
v 0.5 1 0.1
v 0.5 0.9 0.1
v 0.5 1 0.2
v 0.5 0.9 0.2
v 0.6 0.9 0.2
v 0.6 1 0.2
v 0.5 0.9 0.1
v 0.5 1 0.1
v 0.6 1 0.1
v 0.6 0.9 0.1
v 0.6 1 0.2
v 0.6 0.9 0.2
v 0.7 0.9 0.2
v 0.7 1 0.2
v 0.6 0.9 0.1
v 0.6 1 0.1
v 0.7 1 0.1
v 0.7 0.9 0.1
v 0.7 1 0.2
v 0.7 0.9 0.2
v 0.8 0.9 0.2
v 0.8 1 0.2
v 0.7 0.9 0.1
v 0.7 1 0.1
v 0.8 1 0.1
v 0.8 0.9 0.1
v 0.8 1 0.2
v 0.8 0.9 0.2
v 0.9 0.9 0.2
v 0.9 1 0.2
v 0.8 0.9 0.1
v 0.8 1 0.1
v 0.9 1 0.1
v 0.9 0.9 0.1
v 0.9 1 0.2
v 0.9 0.9 0.2
v 1 0.9 0.2
v 1 1 0.2
v 0.9 0.9 0.1
v 0.9 1 0.1
v 1 1 0.1
v 1 0.9 0.1
v 1 1 0.2
v 1 0.9 0.2
v 1.1 0.9 0.2
v 1.1 1 0.2
v 1 0.9 0.1
v 1 1 0.1
v 1.1 1 0.1
v 1.1 0.9 0.1
v 1.2 0.9 0.2
v 1.2 0.9 0.1
v 1.2 1 0.1
v 1.2 1 0.2
v 1.1 1 0.2
v 1.1 0.9 0.2
v 1.2 0.9 0.2
v 1.2 1 0.2
v 1.1 0.9 0.1
v 1.1 1 0.1
v 1.2 1 0.1
v 1.2 0.9 0.1
v -1.2 0.9 0.2
v -1.2 0.9 0.1
v -1.2 0.8 0.1
v -1.2 0.8 0.2
v -1.2 0.9 0.2
v -1.2 0.8 0.2
v -1.1 0.8 0.2
v -1.1 0.9 0.2
v -1.2 0.8 0.1
v -1.2 0.9 0.1
v -1.1 0.9 0.1
v -1.1 0.8 0.1
v -1.1 0.9 0.2
v -1.1 0.8 0.2
v -1 0.8 0.2
v -1 0.9 0.2
v -1.1 0.8 0.1
v -1.1 0.9 0.1
v -1 0.9 0.1
v -1 0.8 0.1
v -1 0.9 0.2
v -1 0.8 0.2
v -0.9 0.8 0.2
v -0.9 0.9 0.2
v -1 0.8 0.1
v -1 0.9 0.1
v -0.9 0.9 0.1
v -0.9 0.8 0.1
v -0.9 0.9 0.2
v -0.9 0.8 0.2
v -0.8 0.8 0.2
v -0.8 0.9 0.2
v -0.9 0.8 0.1
v -0.9 0.9 0.1
v -0.8 0.9 0.1
v -0.8 0.8 0.1
v -0.8 0.9 0.2
v -0.8 0.8 0.2
v -0.7 0.8 0.2
v -0.7 0.9 0.2
v -0.8 0.8 0.1
v -0.8 0.9 0.1
v -0.7 0.9 0.1
v -0.7 0.8 0.1
v -0.7 0.9 0.2
v -0.7 0.8 0.2
v -0.6 0.8 0.2
v -0.6 0.9 0.2
v -0.7 0.8 0.1
v -0.7 0.9 0.1
v -0.6 0.9 0.1
v -0.6 0.8 0.1
v -0.6 0.9 0.2
v -0.6 0.8 0.2
v -0.5 0.8 0.2
v -0.5 0.9 0.2
v -0.6 0.8 0.1
v -0.6 0.9 0.1
v -0.5 0.9 0.1
v -0.5 0.8 0.1
v -0.5 0.9 0.2
v -0.5 0.8 0.2
v -0.4 0.8 0.2
v -0.4 0.9 0.2
v -0.5 0.8 0.1
v -0.5 0.9 0.1
v -0.4 0.9 0.1
v -0.4 0.8 0.1
v -0.4 0.9 0.2
v -0.4 0.8 0.2
v -0.3 0.8 0.2
v -0.3 0.9 0.2
v -0.4 0.8 0.1
v -0.4 0.9 0.1
v -0.3 0.9 0.1
v -0.3 0.8 0.1
v -0.3 0.9 0.2
v -0.3 0.8 0.2
v -0.2 0.8 0.2
v -0.2 0.9 0.2
v -0.3 0.8 0.1
v -0.3 0.9 0.1
v -0.2 0.9 0.1
v -0.2 0.8 0.1
v -0.2 0.9 0.2
v -0.2 0.8 0.2
v -0.1 0.8 0.2
v -0.1 0.9 0.2
v -0.2 0.8 0.1
v -0.2 0.9 0.1
v -0.1 0.9 0.1
v -0.1 0.8 0.1
v -0.1 0.9 0.2
v -0.1 0.8 0.2
v 0 0.8 0.2
v 0 0.9 0.2
v -0.1 0.8 0.1
v -0.1 0.9 0.1
v 0 0.9 0.1
v 0 0.8 0.1
v 0 0.9 0.2
v 0 0.8 0.2
v 0.1 0.8 0.2
v 0.1 0.9 0.2
v 0 0.8 0.1
v 0 0.9 0.1
v 0.1 0.9 0.1
v 0.1 0.8 0.1
v 0.1 0.9 0.2
v 0.1 0.8 0.2
v 0.2 0.8 0.2
v 0.2 0.9 0.2
v 0.1 0.8 0.1
v 0.1 0.9 0.1
v 0.2 0.9 0.1
v 0.2 0.8 0.1
v 0.2 0.9 0.2
v 0.2 0.8 0.2
v 0.3 0.8 0.2
v 0.3 0.9 0.2
v 0.2 0.8 0.1
v 0.2 0.9 0.1
v 0.3 0.9 0.1
v 0.3 0.8 0.1
v 0.3 0.9 0.2
v 0.3 0.8 0.2
v 0.4 0.8 0.2
v 0.4 0.9 0.2
v 0.3 0.8 0.1
v 0.3 0.9 0.1
v 0.4 0.9 0.1
v 0.4 0.8 0.1
v 0.4 0.9 0.2
v 0.4 0.8 0.2
v 0.5 0.8 0.2
v 0.5 0.9 0.2
v 0.4 0.8 0.1
v 0.4 0.9 0.1
v 0.5 0.9 0.1
v 0.5 0.8 0.1
v 0.5 0.9 0.2
v 0.5 0.8 0.2
v 0.6 0.8 0.2
v 0.6 0.9 0.2
v 0.5 0.8 0.1
v 0.5 0.9 0.1
v 0.6 0.9 0.1
v 0.6 0.8 0.1
v 0.6 0.9 0.2
v 0.6 0.8 0.2
v 0.7 0.8 0.2
v 0.7 0.9 0.2
v 0.6 0.8 0.1
v 0.6 0.9 0.1
v 0.7 0.9 0.1
v 0.7 0.8 0.1
v 0.7 0.9 0.2
v 0.7 0.8 0.2
v 0.8 0.8 0.2
v 0.8 0.9 0.2
v 0.7 0.8 0.1
v 0.7 0.9 0.1
v 0.8 0.9 0.1
v 0.8 0.8 0.1
v 0.8 0.9 0.2
v 0.8 0.8 0.2
v 0.9 0.8 0.2
v 0.9 0.9 0.2
v 0.8 0.8 0.1
v 0.8 0.9 0.1
v 0.9 0.9 0.1
v 0.9 0.8 0.1
v 0.9 0.9 0.2
v 0.9 0.8 0.2
v 1 0.8 0.2
v 1 0.9 0.2
v 0.9 0.8 0.1
v 0.9 0.9 0.1
v 1 0.9 0.1
v 1 0.8 0.1
v 1 0.9 0.2
v 1 0.8 0.2
v 1.1 0.8 0.2
v 1.1 0.9 0.2
v 1 0.8 0.1
v 1 0.9 0.1
v 1.1 0.9 0.1
v 1.1 0.8 0.1
v 1.2 0.8 0.2
v 1.2 0.8 0.1
v 1.2 0.9 0.1
v 1.2 0.9 0.2
v 1.1 0.9 0.2
v 1.1 0.8 0.2
v 1.2 0.8 0.2
v 1.2 0.9 0.2
v 1.1 0.8 0.1
v 1.1 0.9 0.1
v 1.2 0.9 0.1
v 1.2 0.8 0.1
v -1.2 0.8 0.2
v -1.2 0.8 0.1
v -1.2 0.7 0.1
v -1.2 0.7 0.2
v -1.2 0.8 0.2
v -1.2 0.7 0.2
v -1.1 0.7 0.2
v -1.1 0.8 0.2
v -1.2 0.7 0.1
v -1.2 0.8 0.1
v -1.1 0.8 0.1
v -1.1 0.7 0.1
v -1.1 0.8 0.2
v -1.1 0.7 0.2
v -1 0.7 0.2
v -1 0.8 0.2
v -1.1 0.7 0.1
v -1.1 0.8 0.1
v -1 0.8 0.1
v -1 0.7 0.1
v -1 0.8 0.2
v -1 0.7 0.2
v -0.9 0.7 0.2
v -0.9 0.8 0.2
v -1 0.7 0.1
v -1 0.8 0.1
v -0.9 0.8 0.1
v -0.9 0.7 0.1
v -0.9 0.8 0.2
v -0.9 0.7 0.2
v -0.8 0.7 0.2
v -0.8 0.8 0.2
v -0.9 0.7 0.1
v -0.9 0.8 0.1
v -0.8 0.8 0.1
v -0.8 0.7 0.1
v -0.8 0.8 0.2
v -0.8 0.7 0.2
v -0.7 0.7 0.2
v -0.7 0.8 0.2
v -0.8 0.7 0.1
v -0.8 0.8 0.1
v -0.7 0.8 0.1
v -0.7 0.7 0.1
v -0.7 0.8 0.2
v -0.7 0.7 0.2
v -0.6 0.7 0.2
v -0.6 0.8 0.2
v -0.7 0.7 0.1
v -0.7 0.8 0.1
v -0.6 0.8 0.1
v -0.6 0.7 0.1
v -0.6 0.8 0.2
v -0.6 0.7 0.2
v -0.5 0.7 0.2
v -0.5 0.8 0.2
v -0.6 0.7 0.1
v -0.6 0.8 0.1
v -0.5 0.8 0.1
v -0.5 0.7 0.1
v -0.5 0.8 0.2
v -0.5 0.7 0.2
v -0.4 0.7 0.2
v -0.4 0.8 0.2
v -0.5 0.7 0.1
v -0.5 0.8 0.1
v -0.4 0.8 0.1
v -0.4 0.7 0.1
v -0.4 0.8 0.2
v -0.4 0.7 0.2
v -0.3 0.7 0.2
v -0.3 0.8 0.2
v -0.4 0.7 0.1
v -0.4 0.8 0.1
v -0.3 0.8 0.1
v -0.3 0.7 0.1
v -0.3 0.8 0.2
v -0.3 0.7 0.2
v -0.2 0.7 0.2
v -0.2 0.8 0.2
v -0.3 0.7 0.1
v -0.3 0.8 0.1
v -0.2 0.8 0.1
v -0.2 0.7 0.1
v -0.2 0.8 0.2
v -0.2 0.7 0.2
v -0.1 0.7 0.2
v -0.1 0.8 0.2
v -0.2 0.7 0.1
v -0.2 0.8 0.1
v -0.1 0.8 0.1
v -0.1 0.7 0.1
v -0.1 0.8 0.2
v -0.1 0.7 0.2
v 0 0.7 0.2
v 0 0.8 0.2
v -0.1 0.7 0.1
v -0.1 0.8 0.1
v 0 0.8 0.1
v 0 0.7 0.1
v 0 0.8 0.2
v 0 0.7 0.2
v 0.1 0.7 0.2
v 0.1 0.8 0.2
v 0 0.7 0.1
v 0 0.8 0.1
v 0.1 0.8 0.1
v 0.1 0.7 0.1
v 0.1 0.8 0.2
v 0.1 0.7 0.2
v 0.2 0.7 0.2
v 0.2 0.8 0.2
v 0.1 0.7 0.1
v 0.1 0.8 0.1
v 0.2 0.8 0.1
v 0.2 0.7 0.1
v 0.2 0.8 0.2
v 0.2 0.7 0.2
v 0.3 0.7 0.2
v 0.3 0.8 0.2
v 0.2 0.7 0.1
v 0.2 0.8 0.1
v 0.3 0.8 0.1
v 0.3 0.7 0.1
v 0.3 0.8 0.2
v 0.3 0.7 0.2
v 0.4 0.7 0.2
v 0.4 0.8 0.2
v 0.3 0.7 0.1
v 0.3 0.8 0.1
v 0.4 0.8 0.1
v 0.4 0.7 0.1
v 0.4 0.8 0.2
v 0.4 0.7 0.2
v 0.5 0.7 0.2
v 0.5 0.8 0.2
v 0.4 0.7 0.1
v 0.4 0.8 0.1
v 0.5 0.8 0.1
v 0.5 0.7 0.1
v 0.5 0.8 0.2
v 0.5 0.7 0.2
v 0.6 0.7 0.2
v 0.6 0.8 0.2
v 0.5 0.7 0.1
v 0.5 0.8 0.1
v 0.6 0.8 0.1
v 0.6 0.7 0.1
v 0.6 0.8 0.2
v 0.6 0.7 0.2
v 0.7 0.7 0.2
v 0.7 0.8 0.2
v 0.6 0.7 0.1
v 0.6 0.8 0.1
v 0.7 0.8 0.1
v 0.7 0.7 0.1
v 0.7 0.8 0.2
v 0.7 0.7 0.2
v 0.8 0.7 0.2
v 0.8 0.8 0.2
v 0.7 0.7 0.1
v 0.7 0.8 0.1
v 0.8 0.8 0.1
v 0.8 0.7 0.1
v 0.8 0.8 0.2
v 0.8 0.7 0.2
v 0.9 0.7 0.2
v 0.9 0.8 0.2
v 0.8 0.7 0.1
v 0.8 0.8 0.1
v 0.9 0.8 0.1
v 0.9 0.7 0.1
v 0.9 0.8 0.2
v 0.9 0.7 0.2
v 1 0.7 0.2
v 1 0.8 0.2
v 0.9 0.7 0.1
v 0.9 0.8 0.1
v 1 0.8 0.1
v 1 0.7 0.1
v 1 0.8 0.2
v 1 0.7 0.2
v 1.1 0.7 0.2
v 1.1 0.8 0.2
v 1 0.7 0.1
v 1 0.8 0.1
v 1.1 0.8 0.1
v 1.1 0.7 0.1
v 1.2 0.7 0.2
v 1.2 0.7 0.1
v 1.2 0.8 0.1
v 1.2 0.8 0.2
v 1.1 0.8 0.2
v 1.1 0.7 0.2
v 1.2 0.7 0.2
v 1.2 0.8 0.2
v 1.1 0.7 0.1
v 1.1 0.8 0.1
v 1.2 0.8 0.1
v 1.2 0.7 0.1
v -1.2 0.7 0.2
v -1.2 0.7 0.1
v -1.2 0.6 0.1
v -1.2 0.6 0.2
v -1.2 0.7 0.2
v -1.2 0.6 0.2
v -1.1 0.6 0.2
v -1.1 0.7 0.2
v -1.2 0.6 0.1
v -1.2 0.7 0.1
v -1.1 0.7 0.1
v -1.1 0.6 0.1
v -1.1 0.7 0.2
v -1.1 0.6 0.2
v -1 0.6 0.2
v -1 0.7 0.2
v -1.1 0.6 0.1
v -1.1 0.7 0.1
v -1 0.7 0.1
v -1 0.6 0.1
v -1 0.7 0.2
v -1 0.6 0.2
v -0.9 0.6 0.2
v -0.9 0.7 0.2
v -1 0.6 0.1
v -1 0.7 0.1
v -0.9 0.7 0.1
v -0.9 0.6 0.1
v -0.9 0.7 0.2
v -0.9 0.6 0.2
v -0.8 0.6 0.2
v -0.8 0.7 0.2
v -0.9 0.6 0.1
v -0.9 0.7 0.1
v -0.8 0.7 0.1
v -0.8 0.6 0.1
v -0.8 0.7 0.2
v -0.8 0.6 0.2
v -0.7 0.6 0.2
v -0.7 0.7 0.2
v -0.8 0.6 0.1
v -0.8 0.7 0.1
v -0.7 0.7 0.1
v -0.7 0.6 0.1
v -0.7 0.7 0.2
v -0.7 0.6 0.2
v -0.6 0.6 0.2
v -0.6 0.7 0.2
v -0.7 0.6 0.1
v -0.7 0.7 0.1
v -0.6 0.7 0.1
v -0.6 0.6 0.1
v -0.6 0.7 0.2
v -0.6 0.6 0.2
v -0.5 0.6 0.2
v -0.5 0.7 0.2
v -0.6 0.6 0.1
v -0.6 0.7 0.1
v -0.5 0.7 0.1
v -0.5 0.6 0.1
v -0.5 0.7 0.2
v -0.5 0.6 0.2
v -0.4 0.6 0.2
v -0.4 0.7 0.2
v -0.5 0.6 0.1
v -0.5 0.7 0.1
v -0.4 0.7 0.1
v -0.4 0.6 0.1
v -0.4 0.7 0.2
v -0.4 0.6 0.2
v -0.3 0.6 0.2
v -0.3 0.7 0.2
v -0.4 0.6 0.1
v -0.4 0.7 0.1
v -0.3 0.7 0.1
v -0.3 0.6 0.1
v -0.3 0.7 0.2
v -0.3 0.6 0.2
v -0.2 0.6 0.2
v -0.2 0.7 0.2
v -0.3 0.6 0.1
v -0.3 0.7 0.1
v -0.2 0.7 0.1
v -0.2 0.6 0.1
v -0.2 0.7 0.2
v -0.2 0.6 0.2
v -0.1 0.6 0.2
v -0.1 0.7 0.2
v -0.2 0.6 0.1
v -0.2 0.7 0.1
v -0.1 0.7 0.1
v -0.1 0.6 0.1
v -0.1 0.7 0.2
v -0.1 0.6 0.2
v 0 0.6 0.2
v 0 0.7 0.2
v -0.1 0.6 0.1
v -0.1 0.7 0.1
v 0 0.7 0.1
v 0 0.6 0.1
v 0 0.7 0.2
v 0 0.6 0.2
v 0.1 0.6 0.2
v 0.1 0.7 0.2
v 0 0.6 0.1
v 0 0.7 0.1
v 0.1 0.7 0.1
v 0.1 0.6 0.1
v 0.1 0.7 0.2
v 0.1 0.6 0.2
v 0.2 0.6 0.2
v 0.2 0.7 0.2
v 0.1 0.6 0.1
v 0.1 0.7 0.1
v 0.2 0.7 0.1
v 0.2 0.6 0.1
v 0.2 0.7 0.2
v 0.2 0.6 0.2
v 0.3 0.6 0.2
v 0.3 0.7 0.2
v 0.2 0.6 0.1
v 0.2 0.7 0.1
v 0.3 0.7 0.1
v 0.3 0.6 0.1
v 0.3 0.7 0.2
v 0.3 0.6 0.2
v 0.4 0.6 0.2
v 0.4 0.7 0.2
v 0.3 0.6 0.1
v 0.3 0.7 0.1
v 0.4 0.7 0.1
v 0.4 0.6 0.1
v 0.4 0.7 0.2
v 0.4 0.6 0.2
v 0.5 0.6 0.2
v 0.5 0.7 0.2
v 0.4 0.6 0.1
v 0.4 0.7 0.1
v 0.5 0.7 0.1
v 0.5 0.6 0.1
v 0.5 0.7 0.2
v 0.5 0.6 0.2
v 0.6 0.6 0.2
v 0.6 0.7 0.2
v 0.5 0.6 0.1
v 0.5 0.7 0.1
v 0.6 0.7 0.1
v 0.6 0.6 0.1
v 0.6 0.7 0.2
v 0.6 0.6 0.2
v 0.7 0.6 0.2
v 0.7 0.7 0.2
v 0.6 0.6 0.1
v 0.6 0.7 0.1
v 0.7 0.7 0.1
v 0.7 0.6 0.1
v 0.7 0.7 0.2
v 0.7 0.6 0.2
v 0.8 0.6 0.2
v 0.8 0.7 0.2
v 0.7 0.6 0.1
v 0.7 0.7 0.1
v 0.8 0.7 0.1
v 0.8 0.6 0.1
v 0.8 0.7 0.2
v 0.8 0.6 0.2
v 0.9 0.6 0.2
v 0.9 0.7 0.2
v 0.8 0.6 0.1
v 0.8 0.7 0.1
v 0.9 0.7 0.1
v 0.9 0.6 0.1
v 0.9 0.7 0.2
v 0.9 0.6 0.2
v 1 0.6 0.2
v 1 0.7 0.2
v 0.9 0.6 0.1
v 0.9 0.7 0.1
v 1 0.7 0.1
v 1 0.6 0.1
v 1 0.7 0.2
v 1 0.6 0.2
v 1.1 0.6 0.2
v 1.1 0.7 0.2
v 1 0.6 0.1
v 1 0.7 0.1
v 1.1 0.7 0.1
v 1.1 0.6 0.1
v 1.2 0.6 0.2
v 1.2 0.6 0.1
v 1.2 0.7 0.1
v 1.2 0.7 0.2
v 1.1 0.7 0.2
v 1.1 0.6 0.2
v 1.2 0.6 0.2
v 1.2 0.7 0.2
v 1.1 0.6 0.1
v 1.1 0.7 0.1
v 1.2 0.7 0.1
v 1.2 0.6 0.1
v -1.2 0.6 0.2
v -1.2 0.6 0.1
v -1.2 0.5 0.1
v -1.2 0.5 0.2
v -1.2 0.6 0.2
v -1.2 0.5 0.2
v -1.1 0.5 0.2
v -1.1 0.6 0.2
v -1.2 0.5 0.1
v -1.2 0.6 0.1
v -1.1 0.6 0.1
v -1.1 0.5 0.1
v -1.1 0.6 0.2
v -1.1 0.5 0.2
v -1 0.5 0.2
v -1 0.6 0.2
v -1.1 0.5 0.1
v -1.1 0.6 0.1
v -1 0.6 0.1
v -1 0.5 0.1
v -1 0.6 0.2
v -1 0.5 0.2
v -0.9 0.5 0.2
v -0.9 0.6 0.2
v -1 0.5 0.1
v -1 0.6 0.1
v -0.9 0.6 0.1
v -0.9 0.5 0.1
v -0.9 0.6 0.2
v -0.9 0.5 0.2
v -0.8 0.5 0.2
v -0.8 0.6 0.2
v -0.9 0.5 0.1
v -0.9 0.6 0.1
v -0.8 0.6 0.1
v -0.8 0.5 0.1
v -0.8 0.6 0.2
v -0.8 0.5 0.2
v -0.7 0.5 0.2
v -0.7 0.6 0.2
v -0.8 0.5 0.1
v -0.8 0.6 0.1
v -0.7 0.6 0.1
v -0.7 0.5 0.1
v -0.7 0.6 0.2
v -0.7 0.5 0.2
v -0.6 0.5 0.2
v -0.6 0.6 0.2
v -0.7 0.5 0.1
v -0.7 0.6 0.1
v -0.6 0.6 0.1
v -0.6 0.5 0.1
v -0.6 0.6 0.2
v -0.6 0.5 0.2
v -0.5 0.5 0.2
v -0.5 0.6 0.2
v -0.6 0.5 0.1
v -0.6 0.6 0.1
v -0.5 0.6 0.1
v -0.5 0.5 0.1
v -0.5 0.6 0.2
v -0.5 0.5 0.2
v -0.4 0.5 0.2
v -0.4 0.6 0.2
v -0.5 0.5 0.1
v -0.5 0.6 0.1
v -0.4 0.6 0.1
v -0.4 0.5 0.1
v -0.4 0.6 0.2
v -0.4 0.5 0.2
v -0.3 0.5 0.2
v -0.3 0.6 0.2
v -0.4 0.5 0.1
v -0.4 0.6 0.1
v -0.3 0.6 0.1
v -0.3 0.5 0.1
v -0.3 0.6 0.2
v -0.3 0.5 0.2
v -0.2 0.5 0.2
v -0.2 0.6 0.2
v -0.3 0.5 0.1
v -0.3 0.6 0.1
v -0.2 0.6 0.1
v -0.2 0.5 0.1
v -0.2 0.6 0.2
v -0.2 0.5 0.2
v -0.1 0.5 0.2
v -0.1 0.6 0.2
v -0.2 0.5 0.1
v -0.2 0.6 0.1
v -0.1 0.6 0.1
v -0.1 0.5 0.1
v -0.1 0.6 0.2
v -0.1 0.5 0.2
v 0 0.5 0.2
v 0 0.6 0.2
v -0.1 0.5 0.1
v -0.1 0.6 0.1
v 0 0.6 0.1
v 0 0.5 0.1
v 0 0.6 0.2
v 0 0.5 0.2
v 0.1 0.5 0.2
v 0.1 0.6 0.2
v 0 0.5 0.1
v 0 0.6 0.1
v 0.1 0.6 0.1
v 0.1 0.5 0.1
v 0.1 0.6 0.2
v 0.1 0.5 0.2
v 0.2 0.5 0.2
v 0.2 0.6 0.2
v 0.1 0.5 0.1
v 0.1 0.6 0.1
v 0.2 0.6 0.1
v 0.2 0.5 0.1
v 0.2 0.6 0.2
v 0.2 0.5 0.2
v 0.3 0.5 0.2
v 0.3 0.6 0.2
v 0.2 0.5 0.1
v 0.2 0.6 0.1
v 0.3 0.6 0.1
v 0.3 0.5 0.1
v 0.3 0.6 0.2
v 0.3 0.5 0.2
v 0.4 0.5 0.2
v 0.4 0.6 0.2
v 0.3 0.5 0.1
v 0.3 0.6 0.1
v 0.4 0.6 0.1
v 0.4 0.5 0.1
v 0.4 0.6 0.2
v 0.4 0.5 0.2
v 0.5 0.5 0.2
v 0.5 0.6 0.2
v 0.4 0.5 0.1
v 0.4 0.6 0.1
v 0.5 0.6 0.1
v 0.5 0.5 0.1
v 0.5 0.6 0.2
v 0.5 0.5 0.2
v 0.6 0.5 0.2
v 0.6 0.6 0.2
v 0.5 0.5 0.1
v 0.5 0.6 0.1
v 0.6 0.6 0.1
v 0.6 0.5 0.1
v 0.6 0.6 0.2
v 0.6 0.5 0.2
v 0.7 0.5 0.2
v 0.7 0.6 0.2
v 0.6 0.5 0.1
v 0.6 0.6 0.1
v 0.7 0.6 0.1
v 0.7 0.5 0.1
v 0.7 0.6 0.2
v 0.7 0.5 0.2
v 0.8 0.5 0.2
v 0.8 0.6 0.2
v 0.7 0.5 0.1
v 0.7 0.6 0.1
v 0.8 0.6 0.1
v 0.8 0.5 0.1
v 0.8 0.6 0.2
v 0.8 0.5 0.2
v 0.9 0.5 0.2
v 0.9 0.6 0.2
v 0.8 0.5 0.1
v 0.8 0.6 0.1
v 0.9 0.6 0.1
v 0.9 0.5 0.1
v 0.9 0.6 0.2
v 0.9 0.5 0.2
v 1 0.5 0.2
v 1 0.6 0.2
v 0.9 0.5 0.1
v 0.9 0.6 0.1
v 1 0.6 0.1
v 1 0.5 0.1
v 1 0.6 0.2
v 1 0.5 0.2
v 1.1 0.5 0.2
v 1.1 0.6 0.2
v 1 0.5 0.1
v 1 0.6 0.1
v 1.1 0.6 0.1
v 1.1 0.5 0.1
v 1.2 0.5 0.2
v 1.2 0.5 0.1
v 1.2 0.6 0.1
v 1.2 0.6 0.2
v 1.1 0.6 0.2
v 1.1 0.5 0.2
v 1.2 0.5 0.2
v 1.2 0.6 0.2
v 1.1 0.5 0.1
v 1.1 0.6 0.1
v 1.2 0.6 0.1
v 1.2 0.5 0.1
v -1.2 0.5 0.2
v -1.2 0.5 0.1
v -1.2 0.4 0.1
v -1.2 0.4 0.2
v -1.2 0.5 0.2
v -1.2 0.4 0.2
v -1.1 0.4 0.2
v -1.1 0.5 0.2
v -1.2 0.4 0.1
v -1.2 0.5 0.1
v -1.1 0.5 0.1
v -1.1 0.4 0.1
v -1.1 0.5 0.2
v -1.1 0.4 0.2
v -1 0.4 0.2
v -1 0.5 0.2
v -1.1 0.4 0.1
v -1.1 0.5 0.1
v -1 0.5 0.1
v -1 0.4 0.1
v -1 0.5 0.2
v -1 0.4 0.2
v -0.9 0.4 0.2
v -0.9 0.5 0.2
v -1 0.4 0.1
v -1 0.5 0.1
v -0.9 0.5 0.1
v -0.9 0.4 0.1
v -0.9 0.5 0.2
v -0.9 0.4 0.2
v -0.8 0.4 0.2
v -0.8 0.5 0.2
v -0.9 0.4 0.1
v -0.9 0.5 0.1
v -0.8 0.5 0.1
v -0.8 0.4 0.1
v -0.8 0.5 0.2
v -0.8 0.4 0.2
v -0.7 0.4 0.2
v -0.7 0.5 0.2
v -0.8 0.4 0.1
v -0.8 0.5 0.1
v -0.7 0.5 0.1
v -0.7 0.4 0.1
v -0.7 0.5 0.2
v -0.7 0.4 0.2
v -0.6 0.4 0.2
v -0.6 0.5 0.2
v -0.7 0.4 0.1
v -0.7 0.5 0.1
v -0.6 0.5 0.1
v -0.6 0.4 0.1
v -0.6 0.5 0.2
v -0.6 0.4 0.2
v -0.5 0.4 0.2
v -0.5 0.5 0.2
v -0.6 0.4 0.1
v -0.6 0.5 0.1
v -0.5 0.5 0.1
v -0.5 0.4 0.1
v -0.5 0.5 0.2
v -0.5 0.4 0.2
v -0.4 0.4 0.2
v -0.4 0.5 0.2
v -0.5 0.4 0.1
v -0.5 0.5 0.1
v -0.4 0.5 0.1
v -0.4 0.4 0.1
v -0.4 0.5 0.2
v -0.4 0.4 0.2
v -0.3 0.4 0.2
v -0.3 0.5 0.2
v -0.4 0.4 0.1
v -0.4 0.5 0.1
v -0.3 0.5 0.1
v -0.3 0.4 0.1
v -0.3 0.5 0.2
v -0.3 0.4 0.2
v -0.2 0.4 0.2
v -0.2 0.5 0.2
v -0.3 0.4 0.1
v -0.3 0.5 0.1
v -0.2 0.5 0.1
v -0.2 0.4 0.1
v -0.2 0.5 0.2
v -0.2 0.4 0.2
v -0.1 0.4 0.2
v -0.1 0.5 0.2
v -0.2 0.4 0.1
v -0.2 0.5 0.1
v -0.1 0.5 0.1
v -0.1 0.4 0.1
v -0.1 0.5 0.2
v -0.1 0.4 0.2
v 0 0.4 0.2
v 0 0.5 0.2
v -0.1 0.4 0.1
v -0.1 0.5 0.1
v 0 0.5 0.1
v 0 0.4 0.1
v 0 0.5 0.2
v 0 0.4 0.2
v 0.1 0.4 0.2
v 0.1 0.5 0.2
v 0 0.4 0.1
v 0 0.5 0.1
v 0.1 0.5 0.1
v 0.1 0.4 0.1
v 0.1 0.5 0.2
v 0.1 0.4 0.2
v 0.2 0.4 0.2
v 0.2 0.5 0.2
v 0.1 0.4 0.1
v 0.1 0.5 0.1
v 0.2 0.5 0.1
v 0.2 0.4 0.1
v 0.2 0.5 0.2
v 0.2 0.4 0.2
v 0.3 0.4 0.2
v 0.3 0.5 0.2
v 0.2 0.4 0.1
v 0.2 0.5 0.1
v 0.3 0.5 0.1
v 0.3 0.4 0.1
v 0.3 0.5 0.2
v 0.3 0.4 0.2
v 0.4 0.4 0.2
v 0.4 0.5 0.2
v 0.3 0.4 0.1
v 0.3 0.5 0.1
v 0.4 0.5 0.1
v 0.4 0.4 0.1
v 0.4 0.5 0.2
v 0.4 0.4 0.2
v 0.5 0.4 0.2
v 0.5 0.5 0.2
v 0.4 0.4 0.1
v 0.4 0.5 0.1
v 0.5 0.5 0.1
v 0.5 0.4 0.1
v 0.5 0.5 0.2
v 0.5 0.4 0.2
v 0.6 0.4 0.2
v 0.6 0.5 0.2
v 0.5 0.4 0.1
v 0.5 0.5 0.1
v 0.6 0.5 0.1
v 0.6 0.4 0.1
v 0.6 0.5 0.2
v 0.6 0.4 0.2
v 0.7 0.4 0.2
v 0.7 0.5 0.2
v 0.6 0.4 0.1
v 0.6 0.5 0.1
v 0.7 0.5 0.1
v 0.7 0.4 0.1
v 0.7 0.5 0.2
v 0.7 0.4 0.2
v 0.8 0.4 0.2
v 0.8 0.5 0.2
v 0.7 0.4 0.1
v 0.7 0.5 0.1
v 0.8 0.5 0.1
v 0.8 0.4 0.1
v 0.8 0.5 0.2
v 0.8 0.4 0.2
v 0.9 0.4 0.2
v 0.9 0.5 0.2
v 0.8 0.4 0.1
v 0.8 0.5 0.1
v 0.9 0.5 0.1
v 0.9 0.4 0.1
v 0.9 0.5 0.2
v 0.9 0.4 0.2
v 1 0.4 0.2
v 1 0.5 0.2
v 0.9 0.4 0.1
v 0.9 0.5 0.1
v 1 0.5 0.1
v 1 0.4 0.1
v 1 0.5 0.2
v 1 0.4 0.2
v 1.1 0.4 0.2
v 1.1 0.5 0.2
v 1 0.4 0.1
v 1 0.5 0.1
v 1.1 0.5 0.1
v 1.1 0.4 0.1
v 1.2 0.4 0.2
v 1.2 0.4 0.1
v 1.2 0.5 0.1
v 1.2 0.5 0.2
v 1.1 0.5 0.2
v 1.1 0.4 0.2
v 1.2 0.4 0.2
v 1.2 0.5 0.2
v 1.1 0.4 0.1
v 1.1 0.5 0.1
v 1.2 0.5 0.1
v 1.2 0.4 0.1
v -1.2 0.4 0.2
v -1.2 0.4 0.1
v -1.2 0.3 0.1
v -1.2 0.3 0.2
v -1.2 0.4 0.2
v -1.2 0.3 0.2
v -1.1 0.3 0.2
v -1.1 0.4 0.2
v -1.2 0.3 0.1
v -1.2 0.4 0.1
v -1.1 0.4 0.1
v -1.1 0.3 0.1
v -1.1 0.4 0.2
v -1.1 0.3 0.2
v -1 0.3 0.2
v -1 0.4 0.2
v -1.1 0.3 0.1
v -1.1 0.4 0.1
v -1 0.4 0.1
v -1 0.3 0.1
v -1 0.4 0.2
v -1 0.3 0.2
v -0.9 0.3 0.2
v -0.9 0.4 0.2
v -1 0.3 0.1
v -1 0.4 0.1
v -0.9 0.4 0.1
v -0.9 0.3 0.1
v -0.9 0.4 0.2
v -0.9 0.3 0.2
v -0.8 0.3 0.2
v -0.8 0.4 0.2
v -0.9 0.3 0.1
v -0.9 0.4 0.1
v -0.8 0.4 0.1
v -0.8 0.3 0.1
v -0.8 0.4 0.2
v -0.8 0.3 0.2
v -0.7 0.3 0.2
v -0.7 0.4 0.2
v -0.8 0.3 0.1
v -0.8 0.4 0.1
v -0.7 0.4 0.1
v -0.7 0.3 0.1
v -0.7 0.4 0.2
v -0.7 0.3 0.2
v -0.6 0.3 0.2
v -0.6 0.4 0.2
v -0.7 0.3 0.1
v -0.7 0.4 0.1
v -0.6 0.4 0.1
v -0.6 0.3 0.1
v -0.6 0.4 0.2
v -0.6 0.3 0.2
v -0.5 0.3 0.2
v -0.5 0.4 0.2
v -0.6 0.3 0.1
v -0.6 0.4 0.1
v -0.5 0.4 0.1
v -0.5 0.3 0.1
v -0.5 0.4 0.2
v -0.5 0.3 0.2
v -0.4 0.3 0.2
v -0.4 0.4 0.2
v -0.5 0.3 0.1
v -0.5 0.4 0.1
v -0.4 0.4 0.1
v -0.4 0.3 0.1
v -0.4 0.4 0.2
v -0.4 0.3 0.2
v -0.3 0.3 0.2
v -0.3 0.4 0.2
v -0.4 0.3 0.1
v -0.4 0.4 0.1
v -0.3 0.4 0.1
v -0.3 0.3 0.1
v -0.3 0.4 0.2
v -0.3 0.3 0.2
v -0.2 0.3 0.2
v -0.2 0.4 0.2
v -0.3 0.3 0.1
v -0.3 0.4 0.1
v -0.2 0.4 0.1
v -0.2 0.3 0.1
v -0.2 0.4 0.2
v -0.2 0.3 0.2
v -0.1 0.3 0.2
v -0.1 0.4 0.2
v -0.2 0.3 0.1
v -0.2 0.4 0.1
v -0.1 0.4 0.1
v -0.1 0.3 0.1
v -0.1 0.4 0.2
v -0.1 0.3 0.2
v 0 0.3 0.2
v 0 0.4 0.2
v -0.1 0.3 0.1
v -0.1 0.4 0.1
v 0 0.4 0.1
v 0 0.3 0.1
v 0 0.4 0.2
v 0 0.3 0.2
v 0.1 0.3 0.2
v 0.1 0.4 0.2
v 0 0.3 0.1
v 0 0.4 0.1
v 0.1 0.4 0.1
v 0.1 0.3 0.1
v 0.1 0.4 0.2
v 0.1 0.3 0.2
v 0.2 0.3 0.2
v 0.2 0.4 0.2
v 0.1 0.3 0.1
v 0.1 0.4 0.1
v 0.2 0.4 0.1
v 0.2 0.3 0.1
v 0.2 0.4 0.2
v 0.2 0.3 0.2
v 0.3 0.3 0.2
v 0.3 0.4 0.2
v 0.2 0.3 0.1
v 0.2 0.4 0.1
v 0.3 0.4 0.1
v 0.3 0.3 0.1
v 0.3 0.4 0.2
v 0.3 0.3 0.2
v 0.4 0.3 0.2
v 0.4 0.4 0.2
v 0.3 0.3 0.1
v 0.3 0.4 0.1
v 0.4 0.4 0.1
v 0.4 0.3 0.1
v 0.4 0.4 0.2
v 0.4 0.3 0.2
v 0.5 0.3 0.2
v 0.5 0.4 0.2
v 0.4 0.3 0.1
v 0.4 0.4 0.1
v 0.5 0.4 0.1
v 0.5 0.3 0.1
v 0.5 0.4 0.2
v 0.5 0.3 0.2
v 0.6 0.3 0.2
v 0.6 0.4 0.2
v 0.5 0.3 0.1
v 0.5 0.4 0.1
v 0.6 0.4 0.1
v 0.6 0.3 0.1
v 0.6 0.4 0.2
v 0.6 0.3 0.2
v 0.7 0.3 0.2
v 0.7 0.4 0.2
v 0.6 0.3 0.1
v 0.6 0.4 0.1
v 0.7 0.4 0.1
v 0.7 0.3 0.1
v 0.7 0.4 0.2
v 0.7 0.3 0.2
v 0.8 0.3 0.2
v 0.8 0.4 0.2
v 0.7 0.3 0.1
v 0.7 0.4 0.1
v 0.8 0.4 0.1
v 0.8 0.3 0.1
v 0.8 0.4 0.2
v 0.8 0.3 0.2
v 0.9 0.3 0.2
v 0.9 0.4 0.2
v 0.8 0.3 0.1
v 0.8 0.4 0.1
v 0.9 0.4 0.1
v 0.9 0.3 0.1
v 0.9 0.4 0.2
v 0.9 0.3 0.2
v 1 0.3 0.2
v 1 0.4 0.2
v 0.9 0.3 0.1
v 0.9 0.4 0.1
v 1 0.4 0.1
v 1 0.3 0.1
v 1 0.4 0.2
v 1 0.3 0.2
v 1.1 0.3 0.2
v 1.1 0.4 0.2
v 1 0.3 0.1
v 1 0.4 0.1
v 1.1 0.4 0.1
v 1.1 0.3 0.1
v 1.2 0.3 0.2
v 1.2 0.3 0.1
v 1.2 0.4 0.1
v 1.2 0.4 0.2
v 1.1 0.4 0.2
v 1.1 0.3 0.2
v 1.2 0.3 0.2
v 1.2 0.4 0.2
v 1.1 0.3 0.1
v 1.1 0.4 0.1
v 1.2 0.4 0.1
v 1.2 0.3 0.1
v -1.2 0.3 0.2
v -1.2 0.3 0.1
v -1.2 0.2 0.1
v -1.2 0.2 0.2
v -1.2 0.3 0.2
v -1.2 0.2 0.2
v -1.1 0.2 0.2
v -1.1 0.3 0.2
v -1.2 0.2 0.1
v -1.2 0.3 0.1
v -1.1 0.3 0.1
v -1.1 0.2 0.1
v -1.1 0.3 0.2
v -1.1 0.2 0.2
v -1 0.2 0.2
v -1 0.3 0.2
v -1.1 0.2 0.1
v -1.1 0.3 0.1
v -1 0.3 0.1
v -1 0.2 0.1
v -1 0.3 0.2
v -1 0.2 0.2
v -0.9 0.2 0.2
v -0.9 0.3 0.2
v -1 0.2 0.1
v -1 0.3 0.1
v -0.9 0.3 0.1
v -0.9 0.2 0.1
v -0.9 0.3 0.2
v -0.9 0.2 0.2
v -0.8 0.2 0.2
v -0.8 0.3 0.2
v -0.9 0.2 0.1
v -0.9 0.3 0.1
v -0.8 0.3 0.1
v -0.8 0.2 0.1
v -0.9 0.2 0.2
v -0.9 0.2 0.1
v -0.8 0.2 0.1
v -0.8 0.2 0.2
v -0.8 0.3 0.2
v -0.8 0.2 0.2
v -0.7 0.2 0.2
v -0.7 0.3 0.2
v -0.8 0.2 0.1
v -0.8 0.3 0.1
v -0.7 0.3 0.1
v -0.7 0.2 0.1
v -0.7 0.3 0.2
v -0.7 0.2 0.2
v -0.6 0.2 0.2
v -0.6 0.3 0.2
v -0.7 0.2 0.1
v -0.7 0.3 0.1
v -0.6 0.3 0.1
v -0.6 0.2 0.1
v -0.6 0.3 0.2
v -0.6 0.2 0.2
v -0.5 0.2 0.2
v -0.5 0.3 0.2
v -0.6 0.2 0.1
v -0.6 0.3 0.1
v -0.5 0.3 0.1
v -0.5 0.2 0.1
v -0.5 0.3 0.2
v -0.5 0.2 0.2
v -0.4 0.2 0.2
v -0.4 0.3 0.2
v -0.5 0.2 0.1
v -0.5 0.3 0.1
v -0.4 0.3 0.1
v -0.4 0.2 0.1
v -0.4 0.3 0.2
v -0.4 0.2 0.2
v -0.3 0.2 0.2
v -0.3 0.3 0.2
v -0.4 0.2 0.1
v -0.4 0.3 0.1
v -0.3 0.3 0.1
v -0.3 0.2 0.1
v -0.3 0.3 0.2
v -0.3 0.2 0.2
v -0.2 0.2 0.2
v -0.2 0.3 0.2
v -0.3 0.2 0.1
v -0.3 0.3 0.1
v -0.2 0.3 0.1
v -0.2 0.2 0.1
v -0.2 0.3 0.2
v -0.2 0.2 0.2
v -0.1 0.2 0.2
v -0.1 0.3 0.2
v -0.2 0.2 0.1
v -0.2 0.3 0.1
v -0.1 0.3 0.1
v -0.1 0.2 0.1
v -0.1 0.3 0.2
v -0.1 0.2 0.2
v 0 0.2 0.2
v 0 0.3 0.2
v -0.1 0.2 0.1
v -0.1 0.3 0.1
v 0 0.3 0.1
v 0 0.2 0.1
v 0 0.3 0.2
v 0 0.2 0.2
v 0.1 0.2 0.2
v 0.1 0.3 0.2
v 0 0.2 0.1
v 0 0.3 0.1
v 0.1 0.3 0.1
v 0.1 0.2 0.1
v 0.1 0.3 0.2
v 0.1 0.2 0.2
v 0.2 0.2 0.2
v 0.2 0.3 0.2
v 0.1 0.2 0.1
v 0.1 0.3 0.1
v 0.2 0.3 0.1
v 0.2 0.2 0.1
v 0.2 0.3 0.2
v 0.2 0.2 0.2
v 0.3 0.2 0.2
v 0.3 0.3 0.2
v 0.2 0.2 0.1
v 0.2 0.3 0.1
v 0.3 0.3 0.1
v 0.3 0.2 0.1
v 0.3 0.3 0.2
v 0.3 0.2 0.2
v 0.4 0.2 0.2
v 0.4 0.3 0.2
v 0.3 0.2 0.1
v 0.3 0.3 0.1
v 0.4 0.3 0.1
v 0.4 0.2 0.1
v 0.4 0.3 0.2
v 0.4 0.2 0.2
v 0.5 0.2 0.2
v 0.5 0.3 0.2
v 0.4 0.2 0.1
v 0.4 0.3 0.1
v 0.5 0.3 0.1
v 0.5 0.2 0.1
v 0.5 0.3 0.2
v 0.5 0.2 0.2
v 0.6 0.2 0.2
v 0.6 0.3 0.2
v 0.5 0.2 0.1
v 0.5 0.3 0.1
v 0.6 0.3 0.1
v 0.6 0.2 0.1
v 0.6 0.3 0.2
v 0.6 0.2 0.2
v 0.7 0.2 0.2
v 0.7 0.3 0.2
v 0.6 0.2 0.1
v 0.6 0.3 0.1
v 0.7 0.3 0.1
v 0.7 0.2 0.1
v 0.7 0.3 0.2
v 0.7 0.2 0.2
v 0.8 0.2 0.2
v 0.8 0.3 0.2
v 0.7 0.2 0.1
v 0.7 0.3 0.1
v 0.8 0.3 0.1
v 0.8 0.2 0.1
v 0.8 0.3 0.2
v 0.8 0.2 0.2
v 0.9 0.2 0.2
v 0.9 0.3 0.2
v 0.8 0.2 0.1
v 0.8 0.3 0.1
v 0.9 0.3 0.1
v 0.9 0.2 0.1
v 0.8 0.2 0.2
v 0.8 0.2 0.1
v 0.9 0.2 0.1
v 0.9 0.2 0.2
v 0.9 0.3 0.2
v 0.9 0.2 0.2
v 1 0.2 0.2
v 1 0.3 0.2
v 0.9 0.2 0.1
v 0.9 0.3 0.1
v 1 0.3 0.1
v 1 0.2 0.1
v 0.9 0.2 0.2
v 0.9 0.2 0.1
v 1 0.2 0.1
v 1 0.2 0.2
v 1 0.3 0.2
v 1 0.2 0.2
v 1.1 0.2 0.2
v 1.1 0.3 0.2
v 1 0.2 0.1
v 1 0.3 0.1
v 1.1 0.3 0.1
v 1.1 0.2 0.1
v 1.2 0.2 0.2
v 1.2 0.2 0.1
v 1.2 0.3 0.1
v 1.2 0.3 0.2
v 1.1 0.3 0.2
v 1.1 0.2 0.2
v 1.2 0.2 0.2
v 1.2 0.3 0.2
v 1.1 0.2 0.1
v 1.1 0.3 0.1
v 1.2 0.3 0.1
v 1.2 0.2 0.1
v -1.2 0.2 0.2
v -1.2 0.2 0.1
v -1.2 0.1 0.1
v -1.2 0.1 0.2
v -1.2 0.2 0.2
v -1.2 0.1 0.2
v -1.1 0.1 0.2
v -1.1 0.2 0.2
v -1.2 0.1 0.1
v -1.2 0.2 0.1
v -1.1 0.2 0.1
v -1.1 0.1 0.1
v -1.1 0.2 0.2
v -1.1 0.1 0.2
v -1 0.1 0.2
v -1 0.2 0.2
v -1.1 0.1 0.1
v -1.1 0.2 0.1
v -1 0.2 0.1
v -1 0.1 0.1
v -0.9 0.1 0.2
v -0.9 0.1 0.1
v -0.9 0.2 0.1
v -0.9 0.2 0.2
v -1 0.2 0.2
v -1 0.1 0.2
v -0.9 0.1 0.2
v -0.9 0.2 0.2
v -1 0.1 0.1
v -1 0.2 0.1
v -0.9 0.2 0.1
v -0.9 0.1 0.1
v -1 0.1 0.2
v -1 0.1 0.1
v -0.9 0.1 0.1
v -0.9 0.1 0.2
v -0.9 0.2 0.1
v -0.9 0.2 0
v -0.9 0.1 0
v -0.9 0.1 0.1
v -0.8 0.1 0.1
v -0.8 0.1 0
v -0.8 0.2 0
v -0.8 0.2 0.1
v -0.9 0.2 0.1
v -0.9 0.1 0.1
v -0.8 0.1 0.1
v -0.8 0.2 0.1
v -0.9 0.1 0
v -0.9 0.2 0
v -0.8 0.2 0
v -0.8 0.1 0
v -0.8 0.2 0.1
v -0.8 0.2 0
v -0.9 0.2 0
v -0.9 0.2 0.1
v -0.8 0.2 0.2
v -0.8 0.2 0.1
v -0.8 0.1 0.1
v -0.8 0.1 0.2
v -0.8 0.2 0.2
v -0.8 0.1 0.2
v -0.7 0.1 0.2
v -0.7 0.2 0.2
v -0.8 0.1 0.1
v -0.8 0.2 0.1
v -0.7 0.2 0.1
v -0.7 0.1 0.1
v -0.8 0.1 0.2
v -0.8 0.1 0.1
v -0.7 0.1 0.1
v -0.7 0.1 0.2
v -0.7 0.2 0.2
v -0.7 0.1 0.2
v -0.6 0.1 0.2
v -0.6 0.2 0.2
v -0.7 0.1 0.1
v -0.7 0.2 0.1
v -0.6 0.2 0.1
v -0.6 0.1 0.1
v -0.6 0.2 0.2
v -0.6 0.1 0.2
v -0.5 0.1 0.2
v -0.5 0.2 0.2
v -0.6 0.1 0.1
v -0.6 0.2 0.1
v -0.5 0.2 0.1
v -0.5 0.1 0.1
v -0.5 0.2 0.2
v -0.5 0.1 0.2
v -0.4 0.1 0.2
v -0.4 0.2 0.2
v -0.5 0.1 0.1
v -0.5 0.2 0.1
v -0.4 0.2 0.1
v -0.4 0.1 0.1
v -0.4 0.2 0.2
v -0.4 0.1 0.2
v -0.3 0.1 0.2
v -0.3 0.2 0.2
v -0.4 0.1 0.1
v -0.4 0.2 0.1
v -0.3 0.2 0.1
v -0.3 0.1 0.1
v -0.3 0.2 0.2
v -0.3 0.1 0.2
v -0.2 0.1 0.2
v -0.2 0.2 0.2
v -0.3 0.1 0.1
v -0.3 0.2 0.1
v -0.2 0.2 0.1
v -0.2 0.1 0.1
v -0.2 0.2 0.2
v -0.2 0.1 0.2
v -0.1 0.1 0.2
v -0.1 0.2 0.2
v -0.2 0.1 0.1
v -0.2 0.2 0.1
v -0.1 0.2 0.1
v -0.1 0.1 0.1
v -0.1 0.2 0.2
v -0.1 0.1 0.2
v 0 0.1 0.2
v 0 0.2 0.2
v -0.1 0.1 0.1
v -0.1 0.2 0.1
v 0 0.2 0.1
v 0 0.1 0.1
v 0 0.2 0.2
v 0 0.1 0.2
v 0.1 0.1 0.2
v 0.1 0.2 0.2
v 0 0.1 0.1
v 0 0.2 0.1
v 0.1 0.2 0.1
v 0.1 0.1 0.1
v 0.1 0.2 0.2
v 0.1 0.1 0.2
v 0.2 0.1 0.2
v 0.2 0.2 0.2
v 0.1 0.1 0.1
v 0.1 0.2 0.1
v 0.2 0.2 0.1
v 0.2 0.1 0.1
v 0.2 0.2 0.2
v 0.2 0.1 0.2
v 0.3 0.1 0.2
v 0.3 0.2 0.2
v 0.2 0.1 0.1
v 0.2 0.2 0.1
v 0.3 0.2 0.1
v 0.3 0.1 0.1
v 0.3 0.2 0.2
v 0.3 0.1 0.2
v 0.4 0.1 0.2
v 0.4 0.2 0.2
v 0.3 0.1 0.1
v 0.3 0.2 0.1
v 0.4 0.2 0.1
v 0.4 0.1 0.1
v 0.4 0.2 0.2
v 0.4 0.1 0.2
v 0.5 0.1 0.2
v 0.5 0.2 0.2
v 0.4 0.1 0.1
v 0.4 0.2 0.1
v 0.5 0.2 0.1
v 0.5 0.1 0.1
v 0.5 0.2 0.2
v 0.5 0.1 0.2
v 0.6 0.1 0.2
v 0.6 0.2 0.2
v 0.5 0.1 0.1
v 0.5 0.2 0.1
v 0.6 0.2 0.1
v 0.6 0.1 0.1
v 0.6 0.2 0.2
v 0.6 0.1 0.2
v 0.7 0.1 0.2
v 0.7 0.2 0.2
v 0.6 0.1 0.1
v 0.6 0.2 0.1
v 0.7 0.2 0.1
v 0.7 0.1 0.1
v 0.8 0.1 0.2
v 0.8 0.1 0.1
v 0.8 0.2 0.1
v 0.8 0.2 0.2
v 0.7 0.2 0.2
v 0.7 0.1 0.2
v 0.8 0.1 0.2
v 0.8 0.2 0.2
v 0.7 0.1 0.1
v 0.7 0.2 0.1
v 0.8 0.2 0.1
v 0.8 0.1 0.1
v 0.7 0.1 0.2
v 0.7 0.1 0.1
v 0.8 0.1 0.1
v 0.8 0.1 0.2
v 0.8 0.2 0.1
v 0.8 0.2 0
v 0.8 0.1 0
v 0.8 0.1 0.1
v 0.8 0.2 0.1
v 0.8 0.1 0.1
v 0.9 0.1 0.1
v 0.9 0.2 0.1
v 0.8 0.1 0
v 0.8 0.2 0
v 0.9 0.2 0
v 0.9 0.1 0
v 0.9 0.2 0.1
v 0.9 0.2 0
v 0.8 0.2 0
v 0.8 0.2 0.1
v 1 0.1 0.1
v 1 0.1 0
v 1 0.2 0
v 1 0.2 0.1
v 0.9 0.2 0.1
v 0.9 0.1 0.1
v 1 0.1 0.1
v 1 0.2 0.1
v 0.9 0.1 0
v 0.9 0.2 0
v 1 0.2 0
v 1 0.1 0
v 1 0.2 0.1
v 1 0.2 0
v 0.9 0.2 0
v 0.9 0.2 0.1
v 1 0.2 0.2
v 1 0.2 0.1
v 1 0.1 0.1
v 1 0.1 0.2
v 1 0.2 0.2
v 1 0.1 0.2
v 1.1 0.1 0.2
v 1.1 0.2 0.2
v 1 0.1 0.1
v 1 0.2 0.1
v 1.1 0.2 0.1
v 1.1 0.1 0.1
v 1.2 0.1 0.2
v 1.2 0.1 0.1
v 1.2 0.2 0.1
v 1.2 0.2 0.2
v 1.1 0.2 0.2
v 1.1 0.1 0.2
v 1.2 0.1 0.2
v 1.2 0.2 0.2
v 1.1 0.1 0.1
v 1.1 0.2 0.1
v 1.2 0.2 0.1
v 1.2 0.1 0.1
v -1.2 0.1 0.2
v -1.2 0.1 0.1
v -1.2 0 0.1
v -1.2 0 0.2
v -1.2 0.1 0.2
v -1.2 0 0.2
v -1.1 0 0.2
v -1.1 0.1 0.2
v -1.2 0 0.1
v -1.2 0.1 0.1
v -1.1 0.1 0.1
v -1.1 0 0.1
v -1 0 0.2
v -1 0 0.1
v -1 0.1 0.1
v -1 0.1 0.2
v -1.1 0.1 0.2
v -1.1 0 0.2
v -1 0 0.2
v -1 0.1 0.2
v -1.1 0 0.1
v -1.1 0.1 0.1
v -1 0.1 0.1
v -1 0 0.1
v -1 0.1 0.1
v -1 0.1 0
v -1 0 0
v -1 0 0.1
v -1 0.1 0.1
v -1 0 0.1
v -0.9 0 0.1
v -0.9 0.1 0.1
v -1 0 0
v -1 0.1 0
v -0.9 0.1 0
v -0.9 0 0
v -1 0 0.1
v -1 0 0
v -0.9 0 0
v -0.9 0 0.1
v -0.9 0.1 0.1
v -0.9 0.1 0
v -1 0.1 0
v -1 0.1 0.1
v -0.9 0.1 0.1
v -0.9 0 0.1
v -0.8 0 0.1
v -0.8 0.1 0.1
v -0.9 0 0
v -0.9 0.1 0
v -0.8 0.1 0
v -0.8 0 0
v -0.7 0 0.1
v -0.7 0 0
v -0.7 0.1 0
v -0.7 0.1 0.1
v -0.8 0.1 0.1
v -0.8 0 0.1
v -0.7 0 0.1
v -0.7 0.1 0.1
v -0.8 0 0
v -0.8 0.1 0
v -0.7 0.1 0
v -0.7 0 0
v -0.7 0.1 0.1
v -0.7 0.1 0
v -0.8 0.1 0
v -0.8 0.1 0.1
v -0.7 0.1 0.2
v -0.7 0.1 0.1
v -0.7 0 0.1
v -0.7 0 0.2
v -0.7 0.1 0.2
v -0.7 0 0.2
v -0.6 0 0.2
v -0.6 0.1 0.2
v -0.7 0 0.1
v -0.7 0.1 0.1
v -0.6 0.1 0.1
v -0.6 0 0.1
v -0.7 0 0.2
v -0.7 0 0.1
v -0.6 0 0.1
v -0.6 0 0.2
v -0.6 0.1 0.2
v -0.6 0 0.2
v -0.5 0 0.2
v -0.5 0.1 0.2
v -0.6 0 0.1
v -0.6 0.1 0.1
v -0.5 0.1 0.1
v -0.5 0 0.1
v -0.6 0 0.2
v -0.6 0 0.1
v -0.5 0 0.1
v -0.5 0 0.2
v -0.5 0.1 0.2
v -0.5 0 0.2
v -0.4 0 0.2
v -0.4 0.1 0.2
v -0.5 0 0.1
v -0.5 0.1 0.1
v -0.4 0.1 0.1
v -0.4 0 0.1
v -0.5 0 0.2
v -0.5 0 0.1
v -0.4 0 0.1
v -0.4 0 0.2
v -0.4 0.1 0.2
v -0.4 0 0.2
v -0.3 0 0.2
v -0.3 0.1 0.2
v -0.4 0 0.1
v -0.4 0.1 0.1
v -0.3 0.1 0.1
v -0.3 0 0.1
v -0.4 0 0.2
v -0.4 0 0.1
v -0.3 0 0.1
v -0.3 0 0.2
v -0.3 0.1 0.2
v -0.3 0 0.2
v -0.2 0 0.2
v -0.2 0.1 0.2
v -0.3 0 0.1
v -0.3 0.1 0.1
v -0.2 0.1 0.1
v -0.2 0 0.1
v -0.2 0.1 0.2
v -0.2 0 0.2
v -0.1 0 0.2
v -0.1 0.1 0.2
v -0.2 0 0.1
v -0.2 0.1 0.1
v -0.1 0.1 0.1
v -0.1 0 0.1
v -0.1 0.1 0.2
v -0.1 0 0.2
v 0 0 0.2
v 0 0.1 0.2
v -0.1 0 0.1
v -0.1 0.1 0.1
v 0 0.1 0.1
v 0 0 0.1
v 0 0.1 0.2
v 0 0 0.2
v 0.1 0 0.2
v 0.1 0.1 0.2
v 0 0 0.1
v 0 0.1 0.1
v 0.1 0.1 0.1
v 0.1 0 0.1
v 0.1 0.1 0.2
v 0.1 0 0.2
v 0.2 0 0.2
v 0.2 0.1 0.2
v 0.1 0 0.1
v 0.1 0.1 0.1
v 0.2 0.1 0.1
v 0.2 0 0.1
v 0.2 0.1 0.2
v 0.2 0 0.2
v 0.3 0 0.2
v 0.3 0.1 0.2
v 0.2 0 0.1
v 0.2 0.1 0.1
v 0.3 0.1 0.1
v 0.3 0 0.1
v 0.3 0.1 0.2
v 0.3 0 0.2
v 0.4 0 0.2
v 0.4 0.1 0.2
v 0.3 0 0.1
v 0.3 0.1 0.1
v 0.4 0.1 0.1
v 0.4 0 0.1
v 0.3 0 0.2
v 0.3 0 0.1
v 0.4 0 0.1
v 0.4 0 0.2
v 0.4 0.1 0.2
v 0.4 0 0.2
v 0.5 0 0.2
v 0.5 0.1 0.2
v 0.4 0 0.1
v 0.4 0.1 0.1
v 0.5 0.1 0.1
v 0.5 0 0.1
v 0.4 0 0.2
v 0.4 0 0.1
v 0.5 0 0.1
v 0.5 0 0.2
v 0.5 0.1 0.2
v 0.5 0 0.2
v 0.6 0 0.2
v 0.6 0.1 0.2
v 0.5 0 0.1
v 0.5 0.1 0.1
v 0.6 0.1 0.1
v 0.6 0 0.1
v 0.5 0 0.2
v 0.5 0 0.1
v 0.6 0 0.1
v 0.6 0 0.2
v 0.7 0 0.2
v 0.7 0 0.1
v 0.7 0.1 0.1
v 0.7 0.1 0.2
v 0.6 0.1 0.2
v 0.6 0 0.2
v 0.7 0 0.2
v 0.7 0.1 0.2
v 0.6 0 0.1
v 0.6 0.1 0.1
v 0.7 0.1 0.1
v 0.7 0 0.1
v 0.6 0 0.2
v 0.6 0 0.1
v 0.7 0 0.1
v 0.7 0 0.2
v 0.7 0.1 0.1
v 0.7 0.1 0
v 0.7 0 0
v 0.7 0 0.1
v 0.7 0.1 0.1
v 0.7 0 0.1
v 0.8 0 0.1
v 0.8 0.1 0.1
v 0.7 0 0
v 0.7 0.1 0
v 0.8 0.1 0
v 0.8 0 0
v 0.8 0.1 0.1
v 0.8 0.1 0
v 0.7 0.1 0
v 0.7 0.1 0.1
v 0.8 0.1 0.1
v 0.8 0 0.1
v 0.9 0 0.1
v 0.9 0.1 0.1
v 0.8 0 0
v 0.8 0.1 0
v 0.9 0.1 0
v 0.9 0 0
v 1 0 0.1
v 1 0 0
v 1 0.1 0
v 1 0.1 0.1
v 0.9 0.1 0.1
v 0.9 0 0.1
v 1 0 0.1
v 1 0.1 0.1
v 0.9 0 0
v 0.9 0.1 0
v 1 0.1 0
v 1 0 0
v 0.9 0 0.1
v 0.9 0 0
v 1 0 0
v 1 0 0.1
v 1 0.1 0.2
v 1 0.1 0.1
v 1 0 0.1
v 1 0 0.2
v 1 0.1 0.2
v 1 0 0.2
v 1.1 0 0.2
v 1.1 0.1 0.2
v 1 0 0.1
v 1 0.1 0.1
v 1.1 0.1 0.1
v 1.1 0 0.1
v 1.2 0 0.2
v 1.2 0 0.1
v 1.2 0.1 0.1
v 1.2 0.1 0.2
v 1.1 0.1 0.2
v 1.1 0 0.2
v 1.2 0 0.2
v 1.2 0.1 0.2
v 1.1 0 0.1
v 1.1 0.1 0.1
v 1.2 0.1 0.1
v 1.2 0 0.1
v -1.2 0 0.2
v -1.2 0 0.1
v -1.2 -0.1 0.1
v -1.2 -0.1 0.2
v -1.2 0 0.2
v -1.2 -0.1 0.2
v -1.1 -0.1 0.2
v -1.1 0 0.2
v -1.2 -0.1 0.1
v -1.2 0 0.1
v -1.1 0 0.1
v -1.1 -0.1 0.1
v -1.1 0 0.2
v -1.1 -0.1 0.2
v -1 -0.1 0.2
v -1 0 0.2
v -1.1 -0.1 0.1
v -1.1 0 0.1
v -1 0 0.1
v -1 -0.1 0.1
v -0.9 -0.1 0.2
v -0.9 -0.1 0.1
v -0.9 0 0.1
v -0.9 0 0.2
v -1 0 0.2
v -1 -0.1 0.2
v -0.9 -0.1 0.2
v -0.9 0 0.2
v -1 -0.1 0.1
v -1 0 0.1
v -0.9 0 0.1
v -0.9 -0.1 0.1
v -0.9 0 0.2
v -0.9 0 0.1
v -1 0 0.1
v -1 0 0.2
v -0.9 0 0.1
v -0.9 0 0
v -0.9 -0.1 0
v -0.9 -0.1 0.1
v -0.9 0 0.1
v -0.9 -0.1 0.1
v -0.8 -0.1 0.1
v -0.8 0 0.1
v -0.9 -0.1 0
v -0.9 0 0
v -0.8 0 0
v -0.8 -0.1 0
v -0.9 -0.1 0.1
v -0.9 -0.1 0
v -0.8 -0.1 0
v -0.8 -0.1 0.1
v -0.8 0 0.1
v -0.8 -0.1 0.1
v -0.7 -0.1 0.1
v -0.7 0 0.1
v -0.8 -0.1 0
v -0.8 0 0
v -0.7 0 0
v -0.7 -0.1 0
v -0.8 -0.1 0.1
v -0.8 -0.1 0
v -0.7 -0.1 0
v -0.7 -0.1 0.1
v -0.7 0 0.1
v -0.7 -0.1 0.1
v -0.6 -0.1 0.1
v -0.6 0 0.1
v -0.7 -0.1 0
v -0.7 0 0
v -0.6 0 0
v -0.6 -0.1 0
v -0.7 -0.1 0.1
v -0.7 -0.1 0
v -0.6 -0.1 0
v -0.6 -0.1 0.1
v -0.6 0 0.1
v -0.6 0 0
v -0.7 0 0
v -0.7 0 0.1
v -0.6 0 0.1
v -0.6 -0.1 0.1
v -0.5 -0.1 0.1
v -0.5 0 0.1
v -0.6 -0.1 0
v -0.6 0 0
v -0.5 0 0
v -0.5 -0.1 0
v -0.6 -0.1 0.1
v -0.6 -0.1 0
v -0.5 -0.1 0
v -0.5 -0.1 0.1
v -0.5 0 0.1
v -0.5 0 0
v -0.6 0 0
v -0.6 0 0.1
v -0.5 0 0.1
v -0.5 -0.1 0.1
v -0.4 -0.1 0.1
v -0.4 0 0.1
v -0.5 -0.1 0
v -0.5 0 0
v -0.4 0 0
v -0.4 -0.1 0
v -0.5 -0.1 0.1
v -0.5 -0.1 0
v -0.4 -0.1 0
v -0.4 -0.1 0.1
v -0.4 0 0.1
v -0.4 0 0
v -0.5 0 0
v -0.5 0 0.1
v -0.3 -0.1 0.1
v -0.3 -0.1 0
v -0.3 0 0
v -0.3 0 0.1
v -0.4 0 0.1
v -0.4 -0.1 0.1
v -0.3 -0.1 0.1
v -0.3 0 0.1
v -0.4 -0.1 0
v -0.4 0 0
v -0.3 0 0
v -0.3 -0.1 0
v -0.4 -0.1 0.1
v -0.4 -0.1 0
v -0.3 -0.1 0
v -0.3 -0.1 0.1
v -0.3 0 0.1
v -0.3 0 0
v -0.4 0 0
v -0.4 0 0.1
v -0.3 0 0.2
v -0.3 0 0.1
v -0.3 -0.1 0.1
v -0.3 -0.1 0.2
v -0.3 0 0.2
v -0.3 -0.1 0.2
v -0.2 -0.1 0.2
v -0.2 0 0.2
v -0.3 -0.1 0.1
v -0.3 0 0.1
v -0.2 0 0.1
v -0.2 -0.1 0.1
v -0.3 -0.1 0.2
v -0.3 -0.1 0.1
v -0.2 -0.1 0.1
v -0.2 -0.1 0.2
v -0.2 0 0.2
v -0.2 -0.1 0.2
v -0.1 -0.1 0.2
v -0.1 0 0.2
v -0.2 -0.1 0.1
v -0.2 0 0.1
v -0.1 0 0.1
v -0.1 -0.1 0.1
v -0.1 0 0.2
v -0.1 -0.1 0.2
v 0 -0.1 0.2
v 0 0 0.2
v -0.1 -0.1 0.1
v -0.1 0 0.1
v 0 0 0.1
v 0 -0.1 0.1
v -0.1 -0.1 0.2
v -0.1 -0.1 0.1
v 0 -0.1 0.1
v 0 -0.1 0.2
v 0 0 0.2
v 0 -0.1 0.2
v 0.1 -0.1 0.2
v 0.1 0 0.2
v 0 -0.1 0.1
v 0 0 0.1
v 0.1 0 0.1
v 0.1 -0.1 0.1
v 0 -0.1 0.2
v 0 -0.1 0.1
v 0.1 -0.1 0.1
v 0.1 -0.1 0.2
v 0.1 0 0.2
v 0.1 -0.1 0.2
v 0.2 -0.1 0.2
v 0.2 0 0.2
v 0.1 -0.1 0.1
v 0.1 0 0.1
v 0.2 0 0.1
v 0.2 -0.1 0.1
v 0.3 -0.1 0.2
v 0.3 -0.1 0.1
v 0.3 0 0.1
v 0.3 0 0.2
v 0.2 0 0.2
v 0.2 -0.1 0.2
v 0.3 -0.1 0.2
v 0.3 0 0.2
v 0.2 -0.1 0.1
v 0.2 0 0.1
v 0.3 0 0.1
v 0.3 -0.1 0.1
v 0.3 0 0.1
v 0.3 0 0
v 0.3 -0.1 0
v 0.3 -0.1 0.1
v 0.3 0 0.1
v 0.3 -0.1 0.1
v 0.4 -0.1 0.1
v 0.4 0 0.1
v 0.3 -0.1 0
v 0.3 0 0
v 0.4 0 0
v 0.4 -0.1 0
v 0.3 -0.1 0.1
v 0.3 -0.1 0
v 0.4 -0.1 0
v 0.4 -0.1 0.1
v 0.4 0 0.1
v 0.4 0 0
v 0.3 0 0
v 0.3 0 0.1
v 0.4 0 0.1
v 0.4 -0.1 0.1
v 0.5 -0.1 0.1
v 0.5 0 0.1
v 0.4 -0.1 0
v 0.4 0 0
v 0.5 0 0
v 0.5 -0.1 0
v 0.4 -0.1 0.1
v 0.4 -0.1 0
v 0.5 -0.1 0
v 0.5 -0.1 0.1
v 0.5 0 0.1
v 0.5 0 0
v 0.4 0 0
v 0.4 0 0.1
v 0.5 0 0.1
v 0.5 -0.1 0.1
v 0.6 -0.1 0.1
v 0.6 0 0.1
v 0.5 -0.1 0
v 0.5 0 0
v 0.6 0 0
v 0.6 -0.1 0
v 0.5 -0.1 0.1
v 0.5 -0.1 0
v 0.6 -0.1 0
v 0.6 -0.1 0.1
v 0.6 0 0.1
v 0.6 0 0
v 0.5 0 0
v 0.5 0 0.1
v 0.6 0 0.1
v 0.6 -0.1 0.1
v 0.7 -0.1 0.1
v 0.7 0 0.1
v 0.6 -0.1 0
v 0.6 0 0
v 0.7 0 0
v 0.7 -0.1 0
v 0.6 -0.1 0.1
v 0.6 -0.1 0
v 0.7 -0.1 0
v 0.7 -0.1 0.1
v 0.7 0 0.1
v 0.7 0 0
v 0.6 0 0
v 0.6 0 0.1
v 0.7 0 0.1
v 0.7 -0.1 0.1
v 0.8 -0.1 0.1
v 0.8 0 0.1
v 0.7 -0.1 0
v 0.7 0 0
v 0.8 0 0
v 0.8 -0.1 0
v 0.7 -0.1 0.1
v 0.7 -0.1 0
v 0.8 -0.1 0
v 0.8 -0.1 0.1
v 0.9 -0.1 0.1
v 0.9 -0.1 0
v 0.9 0 0
v 0.9 0 0.1
v 0.8 0 0.1
v 0.8 -0.1 0.1
v 0.9 -0.1 0.1
v 0.9 0 0.1
v 0.8 -0.1 0
v 0.8 0 0
v 0.9 0 0
v 0.9 -0.1 0
v 0.8 -0.1 0.1
v 0.8 -0.1 0
v 0.9 -0.1 0
v 0.9 -0.1 0.1
v 0.9 0 0.2
v 0.9 0 0.1
v 0.9 -0.1 0.1
v 0.9 -0.1 0.2
v 0.9 0 0.2
v 0.9 -0.1 0.2
v 1 -0.1 0.2
v 1 0 0.2
v 0.9 -0.1 0.1
v 0.9 0 0.1
v 1 0 0.1
v 1 -0.1 0.1
v 1 0 0.2
v 1 0 0.1
v 0.9 0 0.1
v 0.9 0 0.2
v 1 0 0.2
v 1 -0.1 0.2
v 1.1 -0.1 0.2
v 1.1 0 0.2
v 1 -0.1 0.1
v 1 0 0.1
v 1.1 0 0.1
v 1.1 -0.1 0.1
v 1.2 -0.1 0.2
v 1.2 -0.1 0.1
v 1.2 0 0.1
v 1.2 0 0.2
v 1.1 0 0.2
v 1.1 -0.1 0.2
v 1.2 -0.1 0.2
v 1.2 0 0.2
v 1.1 -0.1 0.1
v 1.1 0 0.1
v 1.2 0 0.1
v 1.2 -0.1 0.1
v -1.2 -0.1 0.2
v -1.2 -0.1 0.1
v -1.2 -0.2 0.1
v -1.2 -0.2 0.2
v -1.2 -0.1 0.2
v -1.2 -0.2 0.2
v -1.1 -0.2 0.2
v -1.1 -0.1 0.2
v -1.2 -0.2 0.1
v -1.2 -0.1 0.1
v -1.1 -0.1 0.1
v -1.1 -0.2 0.1
v -1.1 -0.1 0.2
v -1.1 -0.2 0.2
v -1 -0.2 0.2
v -1 -0.1 0.2
v -1.1 -0.2 0.1
v -1.1 -0.1 0.1
v -1 -0.1 0.1
v -1 -0.2 0.1
v -1 -0.1 0.2
v -1 -0.2 0.2
v -0.9 -0.2 0.2
v -0.9 -0.1 0.2
v -1 -0.2 0.1
v -1 -0.1 0.1
v -0.9 -0.1 0.1
v -0.9 -0.2 0.1
v -0.9 -0.1 0.2
v -0.9 -0.2 0.2
v -0.8 -0.2 0.2
v -0.8 -0.1 0.2
v -0.9 -0.2 0.1
v -0.9 -0.1 0.1
v -0.8 -0.1 0.1
v -0.8 -0.2 0.1
v -0.8 -0.1 0.2
v -0.8 -0.1 0.1
v -0.9 -0.1 0.1
v -0.9 -0.1 0.2
v -0.8 -0.1 0.2
v -0.8 -0.2 0.2
v -0.7 -0.2 0.2
v -0.7 -0.1 0.2
v -0.8 -0.2 0.1
v -0.8 -0.1 0.1
v -0.7 -0.1 0.1
v -0.7 -0.2 0.1
v -0.7 -0.1 0.2
v -0.7 -0.1 0.1
v -0.8 -0.1 0.1
v -0.8 -0.1 0.2
v -0.7 -0.1 0.2
v -0.7 -0.2 0.2
v -0.6 -0.2 0.2
v -0.6 -0.1 0.2
v -0.7 -0.2 0.1
v -0.7 -0.1 0.1
v -0.6 -0.1 0.1
v -0.6 -0.2 0.1
v -0.6 -0.1 0.2
v -0.6 -0.1 0.1
v -0.7 -0.1 0.1
v -0.7 -0.1 0.2
v -0.6 -0.1 0.2
v -0.6 -0.2 0.2
v -0.5 -0.2 0.2
v -0.5 -0.1 0.2
v -0.6 -0.2 0.1
v -0.6 -0.1 0.1
v -0.5 -0.1 0.1
v -0.5 -0.2 0.1
v -0.5 -0.1 0.2
v -0.5 -0.1 0.1
v -0.6 -0.1 0.1
v -0.6 -0.1 0.2
v -0.5 -0.1 0.2
v -0.5 -0.2 0.2
v -0.4 -0.2 0.2
v -0.4 -0.1 0.2
v -0.5 -0.2 0.1
v -0.5 -0.1 0.1
v -0.4 -0.1 0.1
v -0.4 -0.2 0.1
v -0.4 -0.1 0.2
v -0.4 -0.1 0.1
v -0.5 -0.1 0.1
v -0.5 -0.1 0.2
v -0.3 -0.2 0.2
v -0.3 -0.2 0.1
v -0.3 -0.1 0.1
v -0.3 -0.1 0.2
v -0.4 -0.1 0.2
v -0.4 -0.2 0.2
v -0.3 -0.2 0.2
v -0.3 -0.1 0.2
v -0.4 -0.2 0.1
v -0.4 -0.1 0.1
v -0.3 -0.1 0.1
v -0.3 -0.2 0.1
v -0.3 -0.1 0.2
v -0.3 -0.1 0.1
v -0.4 -0.1 0.1
v -0.4 -0.1 0.2
v -0.3 -0.1 0.1
v -0.3 -0.1 0
v -0.3 -0.2 0
v -0.3 -0.2 0.1
v -0.2 -0.2 0.1
v -0.2 -0.2 0
v -0.2 -0.1 0
v -0.2 -0.1 0.1
v -0.3 -0.1 0.1
v -0.3 -0.2 0.1
v -0.2 -0.2 0.1
v -0.2 -0.1 0.1
v -0.3 -0.2 0
v -0.3 -0.1 0
v -0.2 -0.1 0
v -0.2 -0.2 0
v -0.3 -0.2 0.1
v -0.3 -0.2 0
v -0.2 -0.2 0
v -0.2 -0.2 0.1
v -0.2 -0.1 0.1
v -0.2 -0.1 0
v -0.3 -0.1 0
v -0.3 -0.1 0.1
v -0.2 -0.1 0.2
v -0.2 -0.1 0.1
v -0.2 -0.2 0.1
v -0.2 -0.2 0.2
v -0.1 -0.2 0.2
v -0.1 -0.2 0.1
v -0.1 -0.1 0.1
v -0.1 -0.1 0.2
v -0.2 -0.1 0.2
v -0.2 -0.2 0.2
v -0.1 -0.2 0.2
v -0.1 -0.1 0.2
v -0.2 -0.2 0.1
v -0.2 -0.1 0.1
v -0.1 -0.1 0.1
v -0.1 -0.2 0.1
v -0.1 -0.1 0.1
v -0.1 -0.1 0
v -0.1 -0.2 0
v -0.1 -0.2 0.1
v -0.1 -0.1 0.1
v -0.1 -0.2 0.1
v 0 -0.2 0.1
v 0 -0.1 0.1
v -0.1 -0.2 0
v -0.1 -0.1 0
v 0 -0.1 0
v 0 -0.2 0
v 0 -0.1 0.1
v 0 -0.1 0
v -0.1 -0.1 0
v -0.1 -0.1 0.1
v 0.1 -0.2 0.1
v 0.1 -0.2 0
v 0.1 -0.1 0
v 0.1 -0.1 0.1
v 0 -0.1 0.1
v 0 -0.2 0.1
v 0.1 -0.2 0.1
v 0.1 -0.1 0.1
v 0 -0.2 0
v 0 -0.1 0
v 0.1 -0.1 0
v 0.1 -0.2 0
v 0 -0.2 0.1
v 0 -0.2 0
v 0.1 -0.2 0
v 0.1 -0.2 0.1
v 0.1 -0.1 0.1
v 0.1 -0.1 0
v 0 -0.1 0
v 0 -0.1 0.1
v 0.1 -0.1 0.2
v 0.1 -0.1 0.1
v 0.1 -0.2 0.1
v 0.1 -0.2 0.2
v 0.1 -0.1 0.2
v 0.1 -0.2 0.2
v 0.2 -0.2 0.2
v 0.2 -0.1 0.2
v 0.1 -0.2 0.1
v 0.1 -0.1 0.1
v 0.2 -0.1 0.1
v 0.2 -0.2 0.1
v 0.2 -0.1 0.2
v 0.2 -0.2 0.2
v 0.3 -0.2 0.2
v 0.3 -0.1 0.2
v 0.2 -0.2 0.1
v 0.2 -0.1 0.1
v 0.3 -0.1 0.1
v 0.3 -0.2 0.1
v 0.3 -0.1 0.2
v 0.3 -0.2 0.2
v 0.4 -0.2 0.2
v 0.4 -0.1 0.2
v 0.3 -0.2 0.1
v 0.3 -0.1 0.1
v 0.4 -0.1 0.1
v 0.4 -0.2 0.1
v 0.4 -0.1 0.2
v 0.4 -0.1 0.1
v 0.3 -0.1 0.1
v 0.3 -0.1 0.2
v 0.4 -0.1 0.2
v 0.4 -0.2 0.2
v 0.5 -0.2 0.2
v 0.5 -0.1 0.2
v 0.4 -0.2 0.1
v 0.4 -0.1 0.1
v 0.5 -0.1 0.1
v 0.5 -0.2 0.1
v 0.5 -0.1 0.2
v 0.5 -0.1 0.1
v 0.4 -0.1 0.1
v 0.4 -0.1 0.2
v 0.5 -0.1 0.2
v 0.5 -0.2 0.2
v 0.6 -0.2 0.2
v 0.6 -0.1 0.2
v 0.5 -0.2 0.1
v 0.5 -0.1 0.1
v 0.6 -0.1 0.1
v 0.6 -0.2 0.1
v 0.6 -0.1 0.2
v 0.6 -0.1 0.1
v 0.5 -0.1 0.1
v 0.5 -0.1 0.2
v 0.6 -0.1 0.2
v 0.6 -0.2 0.2
v 0.7 -0.2 0.2
v 0.7 -0.1 0.2
v 0.6 -0.2 0.1
v 0.6 -0.1 0.1
v 0.7 -0.1 0.1
v 0.7 -0.2 0.1
v 0.7 -0.1 0.2
v 0.7 -0.1 0.1
v 0.6 -0.1 0.1
v 0.6 -0.1 0.2
v 0.7 -0.1 0.2
v 0.7 -0.2 0.2
v 0.8 -0.2 0.2
v 0.8 -0.1 0.2
v 0.7 -0.2 0.1
v 0.7 -0.1 0.1
v 0.8 -0.1 0.1
v 0.8 -0.2 0.1
v 0.8 -0.1 0.2
v 0.8 -0.1 0.1
v 0.7 -0.1 0.1
v 0.7 -0.1 0.2
v 0.8 -0.1 0.2
v 0.8 -0.2 0.2
v 0.9 -0.2 0.2
v 0.9 -0.1 0.2
v 0.8 -0.2 0.1
v 0.8 -0.1 0.1
v 0.9 -0.1 0.1
v 0.9 -0.2 0.1
v 0.9 -0.1 0.2
v 0.9 -0.1 0.1
v 0.8 -0.1 0.1
v 0.8 -0.1 0.2
v 0.9 -0.1 0.2
v 0.9 -0.2 0.2
v 1 -0.2 0.2
v 1 -0.1 0.2
v 0.9 -0.2 0.1
v 0.9 -0.1 0.1
v 1 -0.1 0.1
v 1 -0.2 0.1
v 1 -0.1 0.2
v 1 -0.2 0.2
v 1.1 -0.2 0.2
v 1.1 -0.1 0.2
v 1 -0.2 0.1
v 1 -0.1 0.1
v 1.1 -0.1 0.1
v 1.1 -0.2 0.1
v 1.2 -0.2 0.2
v 1.2 -0.2 0.1
v 1.2 -0.1 0.1
v 1.2 -0.1 0.2
v 1.1 -0.1 0.2
v 1.1 -0.2 0.2
v 1.2 -0.2 0.2
v 1.2 -0.1 0.2
v 1.1 -0.2 0.1
v 1.1 -0.1 0.1
v 1.2 -0.1 0.1
v 1.2 -0.2 0.1
v -1.2 -0.2 0.2
v -1.2 -0.2 0.1
v -1.2 -0.3 0.1
v -1.2 -0.3 0.2
v -1.2 -0.2 0.2
v -1.2 -0.3 0.2
v -1.1 -0.3 0.2
v -1.1 -0.2 0.2
v -1.2 -0.3 0.1
v -1.2 -0.2 0.1
v -1.1 -0.2 0.1
v -1.1 -0.3 0.1
v -1.1 -0.2 0.2
v -1.1 -0.3 0.2
v -1 -0.3 0.2
v -1 -0.2 0.2
v -1.1 -0.3 0.1
v -1.1 -0.2 0.1
v -1 -0.2 0.1
v -1 -0.3 0.1
v -1 -0.2 0.2
v -1 -0.3 0.2
v -0.9 -0.3 0.2
v -0.9 -0.2 0.2
v -1 -0.3 0.1
v -1 -0.2 0.1
v -0.9 -0.2 0.1
v -0.9 -0.3 0.1
v -0.9 -0.2 0.2
v -0.9 -0.3 0.2
v -0.8 -0.3 0.2
v -0.8 -0.2 0.2
v -0.9 -0.3 0.1
v -0.9 -0.2 0.1
v -0.8 -0.2 0.1
v -0.8 -0.3 0.1
v -0.8 -0.2 0.2
v -0.8 -0.3 0.2
v -0.7 -0.3 0.2
v -0.7 -0.2 0.2
v -0.8 -0.3 0.1
v -0.8 -0.2 0.1
v -0.7 -0.2 0.1
v -0.7 -0.3 0.1
v -0.7 -0.2 0.2
v -0.7 -0.3 0.2
v -0.6 -0.3 0.2
v -0.6 -0.2 0.2
v -0.7 -0.3 0.1
v -0.7 -0.2 0.1
v -0.6 -0.2 0.1
v -0.6 -0.3 0.1
v -0.6 -0.2 0.2
v -0.6 -0.3 0.2
v -0.5 -0.3 0.2
v -0.5 -0.2 0.2
v -0.6 -0.3 0.1
v -0.6 -0.2 0.1
v -0.5 -0.2 0.1
v -0.5 -0.3 0.1
v -0.5 -0.2 0.2
v -0.5 -0.3 0.2
v -0.4 -0.3 0.2
v -0.4 -0.2 0.2
v -0.5 -0.3 0.1
v -0.5 -0.2 0.1
v -0.4 -0.2 0.1
v -0.4 -0.3 0.1
v -0.4 -0.2 0.2
v -0.4 -0.3 0.2
v -0.3 -0.3 0.2
v -0.3 -0.2 0.2
v -0.4 -0.3 0.1
v -0.4 -0.2 0.1
v -0.3 -0.2 0.1
v -0.3 -0.3 0.1
v -0.3 -0.2 0.2
v -0.3 -0.3 0.2
v -0.2 -0.3 0.2
v -0.2 -0.2 0.2
v -0.3 -0.3 0.1
v -0.3 -0.2 0.1
v -0.2 -0.2 0.1
v -0.2 -0.3 0.1
v -0.2 -0.2 0.2
v -0.2 -0.2 0.1
v -0.3 -0.2 0.1
v -0.3 -0.2 0.2
v -0.1 -0.3 0.2
v -0.1 -0.3 0.1
v -0.1 -0.2 0.1
v -0.1 -0.2 0.2
v -0.2 -0.2 0.2
v -0.2 -0.3 0.2
v -0.1 -0.3 0.2
v -0.1 -0.2 0.2
v -0.2 -0.3 0.1
v -0.2 -0.2 0.1
v -0.1 -0.2 0.1
v -0.1 -0.3 0.1
v -0.1 -0.2 0.1
v -0.1 -0.2 0
v -0.1 -0.3 0
v -0.1 -0.3 0.1
v 0 -0.3 0.1
v 0 -0.3 0
v 0 -0.2 0
v 0 -0.2 0.1
v -0.1 -0.2 0.1
v -0.1 -0.3 0.1
v 0 -0.3 0.1
v 0 -0.2 0.1
v -0.1 -0.3 0
v -0.1 -0.2 0
v 0 -0.2 0
v 0 -0.3 0
v -0.1 -0.3 0.1
v -0.1 -0.3 0
v 0 -0.3 0
v 0 -0.3 0.1
v 0 -0.2 0.2
v 0 -0.2 0.1
v 0 -0.3 0.1
v 0 -0.3 0.2
v 0 -0.2 0.2
v 0 -0.3 0.2
v 0.1 -0.3 0.2
v 0.1 -0.2 0.2
v 0 -0.3 0.1
v 0 -0.2 0.1
v 0.1 -0.2 0.1
v 0.1 -0.3 0.1
v 0.1 -0.2 0.2
v 0.1 -0.2 0.1
v 0 -0.2 0.1
v 0 -0.2 0.2
v 0.1 -0.2 0.2
v 0.1 -0.3 0.2
v 0.2 -0.3 0.2
v 0.2 -0.2 0.2
v 0.1 -0.3 0.1
v 0.1 -0.2 0.1
v 0.2 -0.2 0.1
v 0.2 -0.3 0.1
v 0.2 -0.2 0.2
v 0.2 -0.3 0.2
v 0.3 -0.3 0.2
v 0.3 -0.2 0.2
v 0.2 -0.3 0.1
v 0.2 -0.2 0.1
v 0.3 -0.2 0.1
v 0.3 -0.3 0.1
v 0.3 -0.2 0.2
v 0.3 -0.3 0.2
v 0.4 -0.3 0.2
v 0.4 -0.2 0.2
v 0.3 -0.3 0.1
v 0.3 -0.2 0.1
v 0.4 -0.2 0.1
v 0.4 -0.3 0.1
v 0.4 -0.2 0.2
v 0.4 -0.3 0.2
v 0.5 -0.3 0.2
v 0.5 -0.2 0.2
v 0.4 -0.3 0.1
v 0.4 -0.2 0.1
v 0.5 -0.2 0.1
v 0.5 -0.3 0.1
v 0.5 -0.2 0.2
v 0.5 -0.3 0.2
v 0.6 -0.3 0.2
v 0.6 -0.2 0.2
v 0.5 -0.3 0.1
v 0.5 -0.2 0.1
v 0.6 -0.2 0.1
v 0.6 -0.3 0.1
v 0.6 -0.2 0.2
v 0.6 -0.3 0.2
v 0.7 -0.3 0.2
v 0.7 -0.2 0.2
v 0.6 -0.3 0.1
v 0.6 -0.2 0.1
v 0.7 -0.2 0.1
v 0.7 -0.3 0.1
v 0.7 -0.2 0.2
v 0.7 -0.3 0.2
v 0.8 -0.3 0.2
v 0.8 -0.2 0.2
v 0.7 -0.3 0.1
v 0.7 -0.2 0.1
v 0.8 -0.2 0.1
v 0.8 -0.3 0.1
v 0.8 -0.2 0.2
v 0.8 -0.3 0.2
v 0.9 -0.3 0.2
v 0.9 -0.2 0.2
v 0.8 -0.3 0.1
v 0.8 -0.2 0.1
v 0.9 -0.2 0.1
v 0.9 -0.3 0.1
v 0.9 -0.2 0.2
v 0.9 -0.3 0.2
v 1 -0.3 0.2
v 1 -0.2 0.2
v 0.9 -0.3 0.1
v 0.9 -0.2 0.1
v 1 -0.2 0.1
v 1 -0.3 0.1
v 1 -0.2 0.2
v 1 -0.3 0.2
v 1.1 -0.3 0.2
v 1.1 -0.2 0.2
v 1 -0.3 0.1
v 1 -0.2 0.1
v 1.1 -0.2 0.1
v 1.1 -0.3 0.1
v 1.2 -0.3 0.2
v 1.2 -0.3 0.1
v 1.2 -0.2 0.1
v 1.2 -0.2 0.2
v 1.1 -0.2 0.2
v 1.1 -0.3 0.2
v 1.2 -0.3 0.2
v 1.2 -0.2 0.2
v 1.1 -0.3 0.1
v 1.1 -0.2 0.1
v 1.2 -0.2 0.1
v 1.2 -0.3 0.1
v -1.2 -0.3 0.2
v -1.2 -0.3 0.1
v -1.2 -0.4 0.1
v -1.2 -0.4 0.2
v -1.2 -0.3 0.2
v -1.2 -0.4 0.2
v -1.1 -0.4 0.2
v -1.1 -0.3 0.2
v -1.2 -0.4 0.1
v -1.2 -0.3 0.1
v -1.1 -0.3 0.1
v -1.1 -0.4 0.1
v -1.1 -0.3 0.2
v -1.1 -0.4 0.2
v -1 -0.4 0.2
v -1 -0.3 0.2
v -1.1 -0.4 0.1
v -1.1 -0.3 0.1
v -1 -0.3 0.1
v -1 -0.4 0.1
v -1 -0.3 0.2
v -1 -0.4 0.2
v -0.9 -0.4 0.2
v -0.9 -0.3 0.2
v -1 -0.4 0.1
v -1 -0.3 0.1
v -0.9 -0.3 0.1
v -0.9 -0.4 0.1
v -0.9 -0.3 0.2
v -0.9 -0.4 0.2
v -0.8 -0.4 0.2
v -0.8 -0.3 0.2
v -0.9 -0.4 0.1
v -0.9 -0.3 0.1
v -0.8 -0.3 0.1
v -0.8 -0.4 0.1
v -0.8 -0.3 0.2
v -0.8 -0.4 0.2
v -0.7 -0.4 0.2
v -0.7 -0.3 0.2
v -0.8 -0.4 0.1
v -0.8 -0.3 0.1
v -0.7 -0.3 0.1
v -0.7 -0.4 0.1
v -0.8 -0.4 0.2
v -0.8 -0.4 0.1
v -0.7 -0.4 0.1
v -0.7 -0.4 0.2
v -0.7 -0.3 0.2
v -0.7 -0.4 0.2
v -0.6 -0.4 0.2
v -0.6 -0.3 0.2
v -0.7 -0.4 0.1
v -0.7 -0.3 0.1
v -0.6 -0.3 0.1
v -0.6 -0.4 0.1
v -0.7 -0.4 0.2
v -0.7 -0.4 0.1
v -0.6 -0.4 0.1
v -0.6 -0.4 0.2
v -0.6 -0.3 0.2
v -0.6 -0.4 0.2
v -0.5 -0.4 0.2
v -0.5 -0.3 0.2
v -0.6 -0.4 0.1
v -0.6 -0.3 0.1
v -0.5 -0.3 0.1
v -0.5 -0.4 0.1
v -0.6 -0.4 0.2
v -0.6 -0.4 0.1
v -0.5 -0.4 0.1
v -0.5 -0.4 0.2
v -0.5 -0.3 0.2
v -0.5 -0.4 0.2
v -0.4 -0.4 0.2
v -0.4 -0.3 0.2
v -0.5 -0.4 0.1
v -0.5 -0.3 0.1
v -0.4 -0.3 0.1
v -0.4 -0.4 0.1
v -0.5 -0.4 0.2
v -0.5 -0.4 0.1
v -0.4 -0.4 0.1
v -0.4 -0.4 0.2
v -0.4 -0.3 0.2
v -0.4 -0.4 0.2
v -0.3 -0.4 0.2
v -0.3 -0.3 0.2
v -0.4 -0.4 0.1
v -0.4 -0.3 0.1
v -0.3 -0.3 0.1
v -0.3 -0.4 0.1
v -0.4 -0.4 0.2
v -0.4 -0.4 0.1
v -0.3 -0.4 0.1
v -0.3 -0.4 0.2
v -0.3 -0.3 0.2
v -0.3 -0.4 0.2
v -0.2 -0.4 0.2
v -0.2 -0.3 0.2
v -0.3 -0.4 0.1
v -0.3 -0.3 0.1
v -0.2 -0.3 0.1
v -0.2 -0.4 0.1
v -0.3 -0.4 0.2
v -0.3 -0.4 0.1
v -0.2 -0.4 0.1
v -0.2 -0.4 0.2
v -0.2 -0.3 0.2
v -0.2 -0.4 0.2
v -0.1 -0.4 0.2
v -0.1 -0.3 0.2
v -0.2 -0.4 0.1
v -0.2 -0.3 0.1
v -0.1 -0.3 0.1
v -0.1 -0.4 0.1
v -0.2 -0.4 0.2
v -0.2 -0.4 0.1
v -0.1 -0.4 0.1
v -0.1 -0.4 0.2
v -0.1 -0.3 0.2
v -0.1 -0.4 0.2
v 0 -0.4 0.2
v 0 -0.3 0.2
v -0.1 -0.4 0.1
v -0.1 -0.3 0.1
v 0 -0.3 0.1
v 0 -0.4 0.1
v -0.1 -0.4 0.2
v -0.1 -0.4 0.1
v 0 -0.4 0.1
v 0 -0.4 0.2
v 0 -0.3 0.2
v 0 -0.3 0.1
v -0.1 -0.3 0.1
v -0.1 -0.3 0.2
v 0 -0.3 0.2
v 0 -0.4 0.2
v 0.1 -0.4 0.2
v 0.1 -0.3 0.2
v 0 -0.4 0.1
v 0 -0.3 0.1
v 0.1 -0.3 0.1
v 0.1 -0.4 0.1
v 0 -0.4 0.2
v 0 -0.4 0.1
v 0.1 -0.4 0.1
v 0.1 -0.4 0.2
v 0.1 -0.3 0.2
v 0.1 -0.4 0.2
v 0.2 -0.4 0.2
v 0.2 -0.3 0.2
v 0.1 -0.4 0.1
v 0.1 -0.3 0.1
v 0.2 -0.3 0.1
v 0.2 -0.4 0.1
v 0.2 -0.3 0.2
v 0.2 -0.4 0.2
v 0.3 -0.4 0.2
v 0.3 -0.3 0.2
v 0.2 -0.4 0.1
v 0.2 -0.3 0.1
v 0.3 -0.3 0.1
v 0.3 -0.4 0.1
v 0.3 -0.3 0.2
v 0.3 -0.4 0.2
v 0.4 -0.4 0.2
v 0.4 -0.3 0.2
v 0.3 -0.4 0.1
v 0.3 -0.3 0.1
v 0.4 -0.3 0.1
v 0.4 -0.4 0.1
v 0.4 -0.3 0.2
v 0.4 -0.4 0.2
v 0.5 -0.4 0.2
v 0.5 -0.3 0.2
v 0.4 -0.4 0.1
v 0.4 -0.3 0.1
v 0.5 -0.3 0.1
v 0.5 -0.4 0.1
v 0.5 -0.3 0.2
v 0.5 -0.4 0.2
v 0.6 -0.4 0.2
v 0.6 -0.3 0.2
v 0.5 -0.4 0.1
v 0.5 -0.3 0.1
v 0.6 -0.3 0.1
v 0.6 -0.4 0.1
v 0.6 -0.3 0.2
v 0.6 -0.4 0.2
v 0.7 -0.4 0.2
v 0.7 -0.3 0.2
v 0.6 -0.4 0.1
v 0.6 -0.3 0.1
v 0.7 -0.3 0.1
v 0.7 -0.4 0.1
v 0.7 -0.3 0.2
v 0.7 -0.4 0.2
v 0.8 -0.4 0.2
v 0.8 -0.3 0.2
v 0.7 -0.4 0.1
v 0.7 -0.3 0.1
v 0.8 -0.3 0.1
v 0.8 -0.4 0.1
v 0.8 -0.3 0.2
v 0.8 -0.4 0.2
v 0.9 -0.4 0.2
v 0.9 -0.3 0.2
v 0.8 -0.4 0.1
v 0.8 -0.3 0.1
v 0.9 -0.3 0.1
v 0.9 -0.4 0.1
v 0.9 -0.3 0.2
v 0.9 -0.4 0.2
v 1 -0.4 0.2
v 1 -0.3 0.2
v 0.9 -0.4 0.1
v 0.9 -0.3 0.1
v 1 -0.3 0.1
v 1 -0.4 0.1
v 1 -0.3 0.2
v 1 -0.4 0.2
v 1.1 -0.4 0.2
v 1.1 -0.3 0.2
v 1 -0.4 0.1
v 1 -0.3 0.1
v 1.1 -0.3 0.1
v 1.1 -0.4 0.1
v 1.2 -0.4 0.2
v 1.2 -0.4 0.1
v 1.2 -0.3 0.1
v 1.2 -0.3 0.2
v 1.1 -0.3 0.2
v 1.1 -0.4 0.2
v 1.2 -0.4 0.2
v 1.2 -0.3 0.2
v 1.1 -0.4 0.1
v 1.1 -0.3 0.1
v 1.2 -0.3 0.1
v 1.2 -0.4 0.1
v -1.2 -0.4 0.2
v -1.2 -0.4 0.1
v -1.2 -0.5 0.1
v -1.2 -0.5 0.2
v -1.2 -0.4 0.2
v -1.2 -0.5 0.2
v -1.1 -0.5 0.2
v -1.1 -0.4 0.2
v -1.2 -0.5 0.1
v -1.2 -0.4 0.1
v -1.1 -0.4 0.1
v -1.1 -0.5 0.1
v -1.1 -0.4 0.2
v -1.1 -0.5 0.2
v -1 -0.5 0.2
v -1 -0.4 0.2
v -1.1 -0.5 0.1
v -1.1 -0.4 0.1
v -1 -0.4 0.1
v -1 -0.5 0.1
v -1 -0.4 0.2
v -1 -0.5 0.2
v -0.9 -0.5 0.2
v -0.9 -0.4 0.2
v -1 -0.5 0.1
v -1 -0.4 0.1
v -0.9 -0.4 0.1
v -0.9 -0.5 0.1
v -0.8 -0.5 0.2
v -0.8 -0.5 0.1
v -0.8 -0.4 0.1
v -0.8 -0.4 0.2
v -0.9 -0.4 0.2
v -0.9 -0.5 0.2
v -0.8 -0.5 0.2
v -0.8 -0.4 0.2
v -0.9 -0.5 0.1
v -0.9 -0.4 0.1
v -0.8 -0.4 0.1
v -0.8 -0.5 0.1
v -0.8 -0.4 0.1
v -0.8 -0.4 0
v -0.8 -0.5 0
v -0.8 -0.5 0.1
v -0.8 -0.4 0.1
v -0.8 -0.5 0.1
v -0.7 -0.5 0.1
v -0.7 -0.4 0.1
v -0.8 -0.5 0
v -0.8 -0.4 0
v -0.7 -0.4 0
v -0.7 -0.5 0
v -0.8 -0.5 0.1
v -0.8 -0.5 0
v -0.7 -0.5 0
v -0.7 -0.5 0.1
v -0.7 -0.4 0.1
v -0.7 -0.4 0
v -0.8 -0.4 0
v -0.8 -0.4 0.1
v -0.7 -0.4 0.1
v -0.7 -0.5 0.1
v -0.6 -0.5 0.1
v -0.6 -0.4 0.1
v -0.7 -0.5 0
v -0.7 -0.4 0
v -0.6 -0.4 0
v -0.6 -0.5 0
v -0.7 -0.5 0.1
v -0.7 -0.5 0
v -0.6 -0.5 0
v -0.6 -0.5 0.1
v -0.6 -0.4 0.1
v -0.6 -0.4 0
v -0.7 -0.4 0
v -0.7 -0.4 0.1
v -0.6 -0.4 0.1
v -0.6 -0.5 0.1
v -0.5 -0.5 0.1
v -0.5 -0.4 0.1
v -0.6 -0.5 0
v -0.6 -0.4 0
v -0.5 -0.4 0
v -0.5 -0.5 0
v -0.6 -0.5 0.1
v -0.6 -0.5 0
v -0.5 -0.5 0
v -0.5 -0.5 0.1
v -0.5 -0.4 0.1
v -0.5 -0.4 0
v -0.6 -0.4 0
v -0.6 -0.4 0.1
v -0.5 -0.4 0.1
v -0.5 -0.5 0.1
v -0.4 -0.5 0.1
v -0.4 -0.4 0.1
v -0.5 -0.5 0
v -0.5 -0.4 0
v -0.4 -0.4 0
v -0.4 -0.5 0
v -0.5 -0.5 0.1
v -0.5 -0.5 0
v -0.4 -0.5 0
v -0.4 -0.5 0.1
v -0.4 -0.4 0.1
v -0.4 -0.4 0
v -0.5 -0.4 0
v -0.5 -0.4 0.1
v -0.4 -0.4 0.1
v -0.4 -0.5 0.1
v -0.3 -0.5 0.1
v -0.3 -0.4 0.1
v -0.4 -0.5 0
v -0.4 -0.4 0
v -0.3 -0.4 0
v -0.3 -0.5 0
v -0.4 -0.5 0.1
v -0.4 -0.5 0
v -0.3 -0.5 0
v -0.3 -0.5 0.1
v -0.3 -0.4 0.1
v -0.3 -0.4 0
v -0.4 -0.4 0
v -0.4 -0.4 0.1
v -0.3 -0.4 0.1
v -0.3 -0.5 0.1
v -0.2 -0.5 0.1
v -0.2 -0.4 0.1
v -0.3 -0.5 0
v -0.3 -0.4 0
v -0.2 -0.4 0
v -0.2 -0.5 0
v -0.3 -0.5 0.1
v -0.3 -0.5 0
v -0.2 -0.5 0
v -0.2 -0.5 0.1
v -0.2 -0.4 0.1
v -0.2 -0.4 0
v -0.3 -0.4 0
v -0.3 -0.4 0.1
v -0.2 -0.4 0.1
v -0.2 -0.5 0.1
v -0.1 -0.5 0.1
v -0.1 -0.4 0.1
v -0.2 -0.5 0
v -0.2 -0.4 0
v -0.1 -0.4 0
v -0.1 -0.5 0
v -0.2 -0.5 0.1
v -0.2 -0.5 0
v -0.1 -0.5 0
v -0.1 -0.5 0.1
v -0.1 -0.4 0.1
v -0.1 -0.4 0
v -0.2 -0.4 0
v -0.2 -0.4 0.1
v -0.1 -0.4 0.1
v -0.1 -0.5 0.1
v 0 -0.5 0.1
v 0 -0.4 0.1
v -0.1 -0.5 0
v -0.1 -0.4 0
v 0 -0.4 0
v 0 -0.5 0
v -0.1 -0.5 0.1
v -0.1 -0.5 0
v 0 -0.5 0
v 0 -0.5 0.1
v 0 -0.4 0.1
v 0 -0.4 0
v -0.1 -0.4 0
v -0.1 -0.4 0.1
v 0.1 -0.5 0.1
v 0.1 -0.5 0
v 0.1 -0.4 0
v 0.1 -0.4 0.1
v 0 -0.4 0.1
v 0 -0.5 0.1
v 0.1 -0.5 0.1
v 0.1 -0.4 0.1
v 0 -0.5 0
v 0 -0.4 0
v 0.1 -0.4 0
v 0.1 -0.5 0
v 0 -0.5 0.1
v 0 -0.5 0
v 0.1 -0.5 0
v 0.1 -0.5 0.1
v 0.1 -0.4 0.1
v 0.1 -0.4 0
v 0 -0.4 0
v 0 -0.4 0.1
v 0.1 -0.4 0.2
v 0.1 -0.4 0.1
v 0.1 -0.5 0.1
v 0.1 -0.5 0.2
v 0.1 -0.4 0.2
v 0.1 -0.5 0.2
v 0.2 -0.5 0.2
v 0.2 -0.4 0.2
v 0.1 -0.5 0.1
v 0.1 -0.4 0.1
v 0.2 -0.4 0.1
v 0.2 -0.5 0.1
v 0.2 -0.4 0.2
v 0.2 -0.5 0.2
v 0.3 -0.5 0.2
v 0.3 -0.4 0.2
v 0.2 -0.5 0.1
v 0.2 -0.4 0.1
v 0.3 -0.4 0.1
v 0.3 -0.5 0.1
v 0.3 -0.4 0.2
v 0.3 -0.5 0.2
v 0.4 -0.5 0.2
v 0.4 -0.4 0.2
v 0.3 -0.5 0.1
v 0.3 -0.4 0.1
v 0.4 -0.4 0.1
v 0.4 -0.5 0.1
v 0.4 -0.4 0.2
v 0.4 -0.5 0.2
v 0.5 -0.5 0.2
v 0.5 -0.4 0.2
v 0.4 -0.5 0.1
v 0.4 -0.4 0.1
v 0.5 -0.4 0.1
v 0.5 -0.5 0.1
v 0.5 -0.4 0.2
v 0.5 -0.5 0.2
v 0.6 -0.5 0.2
v 0.6 -0.4 0.2
v 0.5 -0.5 0.1
v 0.5 -0.4 0.1
v 0.6 -0.4 0.1
v 0.6 -0.5 0.1
v 0.6 -0.4 0.2
v 0.6 -0.5 0.2
v 0.7 -0.5 0.2
v 0.7 -0.4 0.2
v 0.6 -0.5 0.1
v 0.6 -0.4 0.1
v 0.7 -0.4 0.1
v 0.7 -0.5 0.1
v 0.7 -0.4 0.2
v 0.7 -0.5 0.2
v 0.8 -0.5 0.2
v 0.8 -0.4 0.2
v 0.7 -0.5 0.1
v 0.7 -0.4 0.1
v 0.8 -0.4 0.1
v 0.8 -0.5 0.1
v 0.8 -0.4 0.2
v 0.8 -0.5 0.2
v 0.9 -0.5 0.2
v 0.9 -0.4 0.2
v 0.8 -0.5 0.1
v 0.8 -0.4 0.1
v 0.9 -0.4 0.1
v 0.9 -0.5 0.1
v 0.9 -0.4 0.2
v 0.9 -0.5 0.2
v 1 -0.5 0.2
v 1 -0.4 0.2
v 0.9 -0.5 0.1
v 0.9 -0.4 0.1
v 1 -0.4 0.1
v 1 -0.5 0.1
v 1 -0.4 0.2
v 1 -0.5 0.2
v 1.1 -0.5 0.2
v 1.1 -0.4 0.2
v 1 -0.5 0.1
v 1 -0.4 0.1
v 1.1 -0.4 0.1
v 1.1 -0.5 0.1
v 1.2 -0.5 0.2
v 1.2 -0.5 0.1
v 1.2 -0.4 0.1
v 1.2 -0.4 0.2
v 1.1 -0.4 0.2
v 1.1 -0.5 0.2
v 1.2 -0.5 0.2
v 1.2 -0.4 0.2
v 1.1 -0.5 0.1
v 1.1 -0.4 0.1
v 1.2 -0.4 0.1
v 1.2 -0.5 0.1
v -1.2 -0.5 0.2
v -1.2 -0.5 0.1
v -1.2 -0.6 0.1
v -1.2 -0.6 0.2
v -1.2 -0.5 0.2
v -1.2 -0.6 0.2
v -1.1 -0.6 0.2
v -1.1 -0.5 0.2
v -1.2 -0.6 0.1
v -1.2 -0.5 0.1
v -1.1 -0.5 0.1
v -1.1 -0.6 0.1
v -1.1 -0.5 0.2
v -1.1 -0.6 0.2
v -1 -0.6 0.2
v -1 -0.5 0.2
v -1.1 -0.6 0.1
v -1.1 -0.5 0.1
v -1 -0.5 0.1
v -1 -0.6 0.1
v -1 -0.5 0.2
v -1 -0.6 0.2
v -0.9 -0.6 0.2
v -0.9 -0.5 0.2
v -1 -0.6 0.1
v -1 -0.5 0.1
v -0.9 -0.5 0.1
v -0.9 -0.6 0.1
v -0.9 -0.5 0.2
v -0.9 -0.6 0.2
v -0.8 -0.6 0.2
v -0.8 -0.5 0.2
v -0.9 -0.6 0.1
v -0.9 -0.5 0.1
v -0.8 -0.5 0.1
v -0.8 -0.6 0.1
v -0.8 -0.5 0.2
v -0.8 -0.6 0.2
v -0.7 -0.6 0.2
v -0.7 -0.5 0.2
v -0.8 -0.6 0.1
v -0.8 -0.5 0.1
v -0.7 -0.5 0.1
v -0.7 -0.6 0.1
v -0.7 -0.5 0.2
v -0.7 -0.5 0.1
v -0.8 -0.5 0.1
v -0.8 -0.5 0.2
v -0.7 -0.5 0.2
v -0.7 -0.6 0.2
v -0.6 -0.6 0.2
v -0.6 -0.5 0.2
v -0.7 -0.6 0.1
v -0.7 -0.5 0.1
v -0.6 -0.5 0.1
v -0.6 -0.6 0.1
v -0.6 -0.5 0.2
v -0.6 -0.5 0.1
v -0.7 -0.5 0.1
v -0.7 -0.5 0.2
v -0.6 -0.5 0.2
v -0.6 -0.6 0.2
v -0.5 -0.6 0.2
v -0.5 -0.5 0.2
v -0.6 -0.6 0.1
v -0.6 -0.5 0.1
v -0.5 -0.5 0.1
v -0.5 -0.6 0.1
v -0.5 -0.5 0.2
v -0.5 -0.5 0.1
v -0.6 -0.5 0.1
v -0.6 -0.5 0.2
v -0.5 -0.5 0.2
v -0.5 -0.6 0.2
v -0.4 -0.6 0.2
v -0.4 -0.5 0.2
v -0.5 -0.6 0.1
v -0.5 -0.5 0.1
v -0.4 -0.5 0.1
v -0.4 -0.6 0.1
v -0.4 -0.5 0.2
v -0.4 -0.5 0.1
v -0.5 -0.5 0.1
v -0.5 -0.5 0.2
v -0.4 -0.5 0.2
v -0.4 -0.6 0.2
v -0.3 -0.6 0.2
v -0.3 -0.5 0.2
v -0.4 -0.6 0.1
v -0.4 -0.5 0.1
v -0.3 -0.5 0.1
v -0.3 -0.6 0.1
v -0.3 -0.5 0.2
v -0.3 -0.5 0.1
v -0.4 -0.5 0.1
v -0.4 -0.5 0.2
v -0.3 -0.5 0.2
v -0.3 -0.6 0.2
v -0.2 -0.6 0.2
v -0.2 -0.5 0.2
v -0.3 -0.6 0.1
v -0.3 -0.5 0.1
v -0.2 -0.5 0.1
v -0.2 -0.6 0.1
v -0.2 -0.5 0.2
v -0.2 -0.5 0.1
v -0.3 -0.5 0.1
v -0.3 -0.5 0.2
v -0.2 -0.5 0.2
v -0.2 -0.6 0.2
v -0.1 -0.6 0.2
v -0.1 -0.5 0.2
v -0.2 -0.6 0.1
v -0.2 -0.5 0.1
v -0.1 -0.5 0.1
v -0.1 -0.6 0.1
v -0.1 -0.5 0.2
v -0.1 -0.5 0.1
v -0.2 -0.5 0.1
v -0.2 -0.5 0.2
v -0.1 -0.5 0.2
v -0.1 -0.6 0.2
v 0 -0.6 0.2
v 0 -0.5 0.2
v -0.1 -0.6 0.1
v -0.1 -0.5 0.1
v 0 -0.5 0.1
v 0 -0.6 0.1
v 0 -0.5 0.2
v 0 -0.5 0.1
v -0.1 -0.5 0.1
v -0.1 -0.5 0.2
v 0 -0.5 0.2
v 0 -0.6 0.2
v 0.1 -0.6 0.2
v 0.1 -0.5 0.2
v 0 -0.6 0.1
v 0 -0.5 0.1
v 0.1 -0.5 0.1
v 0.1 -0.6 0.1
v 0.1 -0.5 0.2
v 0.1 -0.5 0.1
v 0 -0.5 0.1
v 0 -0.5 0.2
v 0.1 -0.5 0.2
v 0.1 -0.6 0.2
v 0.2 -0.6 0.2
v 0.2 -0.5 0.2
v 0.1 -0.6 0.1
v 0.1 -0.5 0.1
v 0.2 -0.5 0.1
v 0.2 -0.6 0.1
v 0.2 -0.5 0.2
v 0.2 -0.6 0.2
v 0.3 -0.6 0.2
v 0.3 -0.5 0.2
v 0.2 -0.6 0.1
v 0.2 -0.5 0.1
v 0.3 -0.5 0.1
v 0.3 -0.6 0.1
v 0.3 -0.5 0.2
v 0.3 -0.6 0.2
v 0.4 -0.6 0.2
v 0.4 -0.5 0.2
v 0.3 -0.6 0.1
v 0.3 -0.5 0.1
v 0.4 -0.5 0.1
v 0.4 -0.6 0.1
v 0.4 -0.5 0.2
v 0.4 -0.6 0.2
v 0.5 -0.6 0.2
v 0.5 -0.5 0.2
v 0.4 -0.6 0.1
v 0.4 -0.5 0.1
v 0.5 -0.5 0.1
v 0.5 -0.6 0.1
v 0.5 -0.5 0.2
v 0.5 -0.6 0.2
v 0.6 -0.6 0.2
v 0.6 -0.5 0.2
v 0.5 -0.6 0.1
v 0.5 -0.5 0.1
v 0.6 -0.5 0.1
v 0.6 -0.6 0.1
v 0.6 -0.5 0.2
v 0.6 -0.6 0.2
v 0.7 -0.6 0.2
v 0.7 -0.5 0.2
v 0.6 -0.6 0.1
v 0.6 -0.5 0.1
v 0.7 -0.5 0.1
v 0.7 -0.6 0.1
v 0.7 -0.5 0.2
v 0.7 -0.6 0.2
v 0.8 -0.6 0.2
v 0.8 -0.5 0.2
v 0.7 -0.6 0.1
v 0.7 -0.5 0.1
v 0.8 -0.5 0.1
v 0.8 -0.6 0.1
v 0.8 -0.5 0.2
v 0.8 -0.6 0.2
v 0.9 -0.6 0.2
v 0.9 -0.5 0.2
v 0.8 -0.6 0.1
v 0.8 -0.5 0.1
v 0.9 -0.5 0.1
v 0.9 -0.6 0.1
v 0.9 -0.5 0.2
v 0.9 -0.6 0.2
v 1 -0.6 0.2
v 1 -0.5 0.2
v 0.9 -0.6 0.1
v 0.9 -0.5 0.1
v 1 -0.5 0.1
v 1 -0.6 0.1
v 1 -0.5 0.2
v 1 -0.6 0.2
v 1.1 -0.6 0.2
v 1.1 -0.5 0.2
v 1 -0.6 0.1
v 1 -0.5 0.1
v 1.1 -0.5 0.1
v 1.1 -0.6 0.1
v 1.2 -0.6 0.2
v 1.2 -0.6 0.1
v 1.2 -0.5 0.1
v 1.2 -0.5 0.2
v 1.1 -0.5 0.2
v 1.1 -0.6 0.2
v 1.2 -0.6 0.2
v 1.2 -0.5 0.2
v 1.1 -0.6 0.1
v 1.1 -0.5 0.1
v 1.2 -0.5 0.1
v 1.2 -0.6 0.1
v -1.2 -0.6 0.2
v -1.2 -0.6 0.1
v -1.2 -0.7 0.1
v -1.2 -0.7 0.2
v -1.2 -0.6 0.2
v -1.2 -0.7 0.2
v -1.1 -0.7 0.2
v -1.1 -0.6 0.2
v -1.2 -0.7 0.1
v -1.2 -0.6 0.1
v -1.1 -0.6 0.1
v -1.1 -0.7 0.1
v -1.1 -0.6 0.2
v -1.1 -0.7 0.2
v -1 -0.7 0.2
v -1 -0.6 0.2
v -1.1 -0.7 0.1
v -1.1 -0.6 0.1
v -1 -0.6 0.1
v -1 -0.7 0.1
v -1 -0.6 0.2
v -1 -0.7 0.2
v -0.9 -0.7 0.2
v -0.9 -0.6 0.2
v -1 -0.7 0.1
v -1 -0.6 0.1
v -0.9 -0.6 0.1
v -0.9 -0.7 0.1
v -0.9 -0.6 0.2
v -0.9 -0.7 0.2
v -0.8 -0.7 0.2
v -0.8 -0.6 0.2
v -0.9 -0.7 0.1
v -0.9 -0.6 0.1
v -0.8 -0.6 0.1
v -0.8 -0.7 0.1
v -0.8 -0.6 0.2
v -0.8 -0.7 0.2
v -0.7 -0.7 0.2
v -0.7 -0.6 0.2
v -0.8 -0.7 0.1
v -0.8 -0.6 0.1
v -0.7 -0.6 0.1
v -0.7 -0.7 0.1
v -0.7 -0.6 0.2
v -0.7 -0.7 0.2
v -0.6 -0.7 0.2
v -0.6 -0.6 0.2
v -0.7 -0.7 0.1
v -0.7 -0.6 0.1
v -0.6 -0.6 0.1
v -0.6 -0.7 0.1
v -0.6 -0.6 0.2
v -0.6 -0.7 0.2
v -0.5 -0.7 0.2
v -0.5 -0.6 0.2
v -0.6 -0.7 0.1
v -0.6 -0.6 0.1
v -0.5 -0.6 0.1
v -0.5 -0.7 0.1
v -0.5 -0.6 0.2
v -0.5 -0.7 0.2
v -0.4 -0.7 0.2
v -0.4 -0.6 0.2
v -0.5 -0.7 0.1
v -0.5 -0.6 0.1
v -0.4 -0.6 0.1
v -0.4 -0.7 0.1
v -0.4 -0.6 0.2
v -0.4 -0.7 0.2
v -0.3 -0.7 0.2
v -0.3 -0.6 0.2
v -0.4 -0.7 0.1
v -0.4 -0.6 0.1
v -0.3 -0.6 0.1
v -0.3 -0.7 0.1
v -0.3 -0.6 0.2
v -0.3 -0.7 0.2
v -0.2 -0.7 0.2
v -0.2 -0.6 0.2
v -0.3 -0.7 0.1
v -0.3 -0.6 0.1
v -0.2 -0.6 0.1
v -0.2 -0.7 0.1
v -0.2 -0.6 0.2
v -0.2 -0.7 0.2
v -0.1 -0.7 0.2
v -0.1 -0.6 0.2
v -0.2 -0.7 0.1
v -0.2 -0.6 0.1
v -0.1 -0.6 0.1
v -0.1 -0.7 0.1
v -0.1 -0.6 0.2
v -0.1 -0.7 0.2
v 0 -0.7 0.2
v 0 -0.6 0.2
v -0.1 -0.7 0.1
v -0.1 -0.6 0.1
v 0 -0.6 0.1
v 0 -0.7 0.1
v 0 -0.6 0.2
v 0 -0.7 0.2
v 0.1 -0.7 0.2
v 0.1 -0.6 0.2
v 0 -0.7 0.1
v 0 -0.6 0.1
v 0.1 -0.6 0.1
v 0.1 -0.7 0.1
v 0.1 -0.6 0.2
v 0.1 -0.7 0.2
v 0.2 -0.7 0.2
v 0.2 -0.6 0.2
v 0.1 -0.7 0.1
v 0.1 -0.6 0.1
v 0.2 -0.6 0.1
v 0.2 -0.7 0.1
v 0.2 -0.6 0.2
v 0.2 -0.7 0.2
v 0.3 -0.7 0.2
v 0.3 -0.6 0.2
v 0.2 -0.7 0.1
v 0.2 -0.6 0.1
v 0.3 -0.6 0.1
v 0.3 -0.7 0.1
v 0.3 -0.6 0.2
v 0.3 -0.7 0.2
v 0.4 -0.7 0.2
v 0.4 -0.6 0.2
v 0.3 -0.7 0.1
v 0.3 -0.6 0.1
v 0.4 -0.6 0.1
v 0.4 -0.7 0.1
v 0.4 -0.6 0.2
v 0.4 -0.7 0.2
v 0.5 -0.7 0.2
v 0.5 -0.6 0.2
v 0.4 -0.7 0.1
v 0.4 -0.6 0.1
v 0.5 -0.6 0.1
v 0.5 -0.7 0.1
v 0.5 -0.6 0.2
v 0.5 -0.7 0.2
v 0.6 -0.7 0.2
v 0.6 -0.6 0.2
v 0.5 -0.7 0.1
v 0.5 -0.6 0.1
v 0.6 -0.6 0.1
v 0.6 -0.7 0.1
v 0.6 -0.6 0.2
v 0.6 -0.7 0.2
v 0.7 -0.7 0.2
v 0.7 -0.6 0.2
v 0.6 -0.7 0.1
v 0.6 -0.6 0.1
v 0.7 -0.6 0.1
v 0.7 -0.7 0.1
v 0.7 -0.6 0.2
v 0.7 -0.7 0.2
v 0.8 -0.7 0.2
v 0.8 -0.6 0.2
v 0.7 -0.7 0.1
v 0.7 -0.6 0.1
v 0.8 -0.6 0.1
v 0.8 -0.7 0.1
v 0.8 -0.6 0.2
v 0.8 -0.7 0.2
v 0.9 -0.7 0.2
v 0.9 -0.6 0.2
v 0.8 -0.7 0.1
v 0.8 -0.6 0.1
v 0.9 -0.6 0.1
v 0.9 -0.7 0.1
v 0.9 -0.6 0.2
v 0.9 -0.7 0.2
v 1 -0.7 0.2
v 1 -0.6 0.2
v 0.9 -0.7 0.1
v 0.9 -0.6 0.1
v 1 -0.6 0.1
v 1 -0.7 0.1
v 1 -0.6 0.2
v 1 -0.7 0.2
v 1.1 -0.7 0.2
v 1.1 -0.6 0.2
v 1 -0.7 0.1
v 1 -0.6 0.1
v 1.1 -0.6 0.1
v 1.1 -0.7 0.1
v 1.2 -0.7 0.2
v 1.2 -0.7 0.1
v 1.2 -0.6 0.1
v 1.2 -0.6 0.2
v 1.1 -0.6 0.2
v 1.1 -0.7 0.2
v 1.2 -0.7 0.2
v 1.2 -0.6 0.2
v 1.1 -0.7 0.1
v 1.1 -0.6 0.1
v 1.2 -0.6 0.1
v 1.2 -0.7 0.1
v -1.2 -0.7 0.2
v -1.2 -0.7 0.1
v -1.2 -0.8 0.1
v -1.2 -0.8 0.2
v -1.2 -0.7 0.2
v -1.2 -0.8 0.2
v -1.1 -0.8 0.2
v -1.1 -0.7 0.2
v -1.2 -0.8 0.1
v -1.2 -0.7 0.1
v -1.1 -0.7 0.1
v -1.1 -0.8 0.1
v -1.1 -0.7 0.2
v -1.1 -0.8 0.2
v -1 -0.8 0.2
v -1 -0.7 0.2
v -1.1 -0.8 0.1
v -1.1 -0.7 0.1
v -1 -0.7 0.1
v -1 -0.8 0.1
v -1 -0.7 0.2
v -1 -0.8 0.2
v -0.9 -0.8 0.2
v -0.9 -0.7 0.2
v -1 -0.8 0.1
v -1 -0.7 0.1
v -0.9 -0.7 0.1
v -0.9 -0.8 0.1
v -0.9 -0.7 0.2
v -0.9 -0.8 0.2
v -0.8 -0.8 0.2
v -0.8 -0.7 0.2
v -0.9 -0.8 0.1
v -0.9 -0.7 0.1
v -0.8 -0.7 0.1
v -0.8 -0.8 0.1
v -0.8 -0.7 0.2
v -0.8 -0.8 0.2
v -0.7 -0.8 0.2
v -0.7 -0.7 0.2
v -0.8 -0.8 0.1
v -0.8 -0.7 0.1
v -0.7 -0.7 0.1
v -0.7 -0.8 0.1
v -0.7 -0.7 0.2
v -0.7 -0.8 0.2
v -0.6 -0.8 0.2
v -0.6 -0.7 0.2
v -0.7 -0.8 0.1
v -0.7 -0.7 0.1
v -0.6 -0.7 0.1
v -0.6 -0.8 0.1
v -0.6 -0.7 0.2
v -0.6 -0.8 0.2
v -0.5 -0.8 0.2
v -0.5 -0.7 0.2
v -0.6 -0.8 0.1
v -0.6 -0.7 0.1
v -0.5 -0.7 0.1
v -0.5 -0.8 0.1
v -0.5 -0.7 0.2
v -0.5 -0.8 0.2
v -0.4 -0.8 0.2
v -0.4 -0.7 0.2
v -0.5 -0.8 0.1
v -0.5 -0.7 0.1
v -0.4 -0.7 0.1
v -0.4 -0.8 0.1
v -0.4 -0.7 0.2
v -0.4 -0.8 0.2
v -0.3 -0.8 0.2
v -0.3 -0.7 0.2
v -0.4 -0.8 0.1
v -0.4 -0.7 0.1
v -0.3 -0.7 0.1
v -0.3 -0.8 0.1
v -0.3 -0.7 0.2
v -0.3 -0.8 0.2
v -0.2 -0.8 0.2
v -0.2 -0.7 0.2
v -0.3 -0.8 0.1
v -0.3 -0.7 0.1
v -0.2 -0.7 0.1
v -0.2 -0.8 0.1
v -0.2 -0.7 0.2
v -0.2 -0.8 0.2
v -0.1 -0.8 0.2
v -0.1 -0.7 0.2
v -0.2 -0.8 0.1
v -0.2 -0.7 0.1
v -0.1 -0.7 0.1
v -0.1 -0.8 0.1
v -0.1 -0.7 0.2
v -0.1 -0.8 0.2
v 0 -0.8 0.2
v 0 -0.7 0.2
v -0.1 -0.8 0.1
v -0.1 -0.7 0.1
v 0 -0.7 0.1
v 0 -0.8 0.1
v 0 -0.7 0.2
v 0 -0.8 0.2
v 0.1 -0.8 0.2
v 0.1 -0.7 0.2
v 0 -0.8 0.1
v 0 -0.7 0.1
v 0.1 -0.7 0.1
v 0.1 -0.8 0.1
v 0.1 -0.7 0.2
v 0.1 -0.8 0.2
v 0.2 -0.8 0.2
v 0.2 -0.7 0.2
v 0.1 -0.8 0.1
v 0.1 -0.7 0.1
v 0.2 -0.7 0.1
v 0.2 -0.8 0.1
v 0.2 -0.7 0.2
v 0.2 -0.8 0.2
v 0.3 -0.8 0.2
v 0.3 -0.7 0.2
v 0.2 -0.8 0.1
v 0.2 -0.7 0.1
v 0.3 -0.7 0.1
v 0.3 -0.8 0.1
v 0.3 -0.7 0.2
v 0.3 -0.8 0.2
v 0.4 -0.8 0.2
v 0.4 -0.7 0.2
v 0.3 -0.8 0.1
v 0.3 -0.7 0.1
v 0.4 -0.7 0.1
v 0.4 -0.8 0.1
v 0.4 -0.7 0.2
v 0.4 -0.8 0.2
v 0.5 -0.8 0.2
v 0.5 -0.7 0.2
v 0.4 -0.8 0.1
v 0.4 -0.7 0.1
v 0.5 -0.7 0.1
v 0.5 -0.8 0.1
v 0.5 -0.7 0.2
v 0.5 -0.8 0.2
v 0.6 -0.8 0.2
v 0.6 -0.7 0.2
v 0.5 -0.8 0.1
v 0.5 -0.7 0.1
v 0.6 -0.7 0.1
v 0.6 -0.8 0.1
v 0.6 -0.7 0.2
v 0.6 -0.8 0.2
v 0.7 -0.8 0.2
v 0.7 -0.7 0.2
v 0.6 -0.8 0.1
v 0.6 -0.7 0.1
v 0.7 -0.7 0.1
v 0.7 -0.8 0.1
v 0.7 -0.7 0.2
v 0.7 -0.8 0.2
v 0.8 -0.8 0.2
v 0.8 -0.7 0.2
v 0.7 -0.8 0.1
v 0.7 -0.7 0.1
v 0.8 -0.7 0.1
v 0.8 -0.8 0.1
v 0.8 -0.7 0.2
v 0.8 -0.8 0.2
v 0.9 -0.8 0.2
v 0.9 -0.7 0.2
v 0.8 -0.8 0.1
v 0.8 -0.7 0.1
v 0.9 -0.7 0.1
v 0.9 -0.8 0.1
v 0.9 -0.7 0.2
v 0.9 -0.8 0.2
v 1 -0.8 0.2
v 1 -0.7 0.2
v 0.9 -0.8 0.1
v 0.9 -0.7 0.1
v 1 -0.7 0.1
v 1 -0.8 0.1
v 1 -0.7 0.2
v 1 -0.8 0.2
v 1.1 -0.8 0.2
v 1.1 -0.7 0.2
v 1 -0.8 0.1
v 1 -0.7 0.1
v 1.1 -0.7 0.1
v 1.1 -0.8 0.1
v 1.2 -0.8 0.2
v 1.2 -0.8 0.1
v 1.2 -0.7 0.1
v 1.2 -0.7 0.2
v 1.1 -0.7 0.2
v 1.1 -0.8 0.2
v 1.2 -0.8 0.2
v 1.2 -0.7 0.2
v 1.1 -0.8 0.1
v 1.1 -0.7 0.1
v 1.2 -0.7 0.1
v 1.2 -0.8 0.1
v -1.2 -0.8 0.2
v -1.2 -0.8 0.1
v -1.2 -0.9 0.1
v -1.2 -0.9 0.2
v -1.2 -0.8 0.2
v -1.2 -0.9 0.2
v -1.1 -0.9 0.2
v -1.1 -0.8 0.2
v -1.2 -0.9 0.1
v -1.2 -0.8 0.1
v -1.1 -0.8 0.1
v -1.1 -0.9 0.1
v -1.1 -0.8 0.2
v -1.1 -0.9 0.2
v -1 -0.9 0.2
v -1 -0.8 0.2
v -1.1 -0.9 0.1
v -1.1 -0.8 0.1
v -1 -0.8 0.1
v -1 -0.9 0.1
v -1 -0.8 0.2
v -1 -0.9 0.2
v -0.9 -0.9 0.2
v -0.9 -0.8 0.2
v -1 -0.9 0.1
v -1 -0.8 0.1
v -0.9 -0.8 0.1
v -0.9 -0.9 0.1
v -0.9 -0.8 0.2
v -0.9 -0.9 0.2
v -0.8 -0.9 0.2
v -0.8 -0.8 0.2
v -0.9 -0.9 0.1
v -0.9 -0.8 0.1
v -0.8 -0.8 0.1
v -0.8 -0.9 0.1
v -0.8 -0.8 0.2
v -0.8 -0.9 0.2
v -0.7 -0.9 0.2
v -0.7 -0.8 0.2
v -0.8 -0.9 0.1
v -0.8 -0.8 0.1
v -0.7 -0.8 0.1
v -0.7 -0.9 0.1
v -0.7 -0.8 0.2
v -0.7 -0.9 0.2
v -0.6 -0.9 0.2
v -0.6 -0.8 0.2
v -0.7 -0.9 0.1
v -0.7 -0.8 0.1
v -0.6 -0.8 0.1
v -0.6 -0.9 0.1
v -0.6 -0.8 0.2
v -0.6 -0.9 0.2
v -0.5 -0.9 0.2
v -0.5 -0.8 0.2
v -0.6 -0.9 0.1
v -0.6 -0.8 0.1
v -0.5 -0.8 0.1
v -0.5 -0.9 0.1
v -0.5 -0.8 0.2
v -0.5 -0.9 0.2
v -0.4 -0.9 0.2
v -0.4 -0.8 0.2
v -0.5 -0.9 0.1
v -0.5 -0.8 0.1
v -0.4 -0.8 0.1
v -0.4 -0.9 0.1
v -0.4 -0.8 0.2
v -0.4 -0.9 0.2
v -0.3 -0.9 0.2
v -0.3 -0.8 0.2
v -0.4 -0.9 0.1
v -0.4 -0.8 0.1
v -0.3 -0.8 0.1
v -0.3 -0.9 0.1
v -0.3 -0.8 0.2
v -0.3 -0.9 0.2
v -0.2 -0.9 0.2
v -0.2 -0.8 0.2
v -0.3 -0.9 0.1
v -0.3 -0.8 0.1
v -0.2 -0.8 0.1
v -0.2 -0.9 0.1
v -0.2 -0.8 0.2
v -0.2 -0.9 0.2
v -0.1 -0.9 0.2
v -0.1 -0.8 0.2
v -0.2 -0.9 0.1
v -0.2 -0.8 0.1
v -0.1 -0.8 0.1
v -0.1 -0.9 0.1
v -0.1 -0.8 0.2
v -0.1 -0.9 0.2
v 0 -0.9 0.2
v 0 -0.8 0.2
v -0.1 -0.9 0.1
v -0.1 -0.8 0.1
v 0 -0.8 0.1
v 0 -0.9 0.1
v 0 -0.8 0.2
v 0 -0.9 0.2
v 0.1 -0.9 0.2
v 0.1 -0.8 0.2
v 0 -0.9 0.1
v 0 -0.8 0.1
v 0.1 -0.8 0.1
v 0.1 -0.9 0.1
v 0.1 -0.8 0.2
v 0.1 -0.9 0.2
v 0.2 -0.9 0.2
v 0.2 -0.8 0.2
v 0.1 -0.9 0.1
v 0.1 -0.8 0.1
v 0.2 -0.8 0.1
v 0.2 -0.9 0.1
v 0.2 -0.8 0.2
v 0.2 -0.9 0.2
v 0.3 -0.9 0.2
v 0.3 -0.8 0.2
v 0.2 -0.9 0.1
v 0.2 -0.8 0.1
v 0.3 -0.8 0.1
v 0.3 -0.9 0.1
v 0.3 -0.8 0.2
v 0.3 -0.9 0.2
v 0.4 -0.9 0.2
v 0.4 -0.8 0.2
v 0.3 -0.9 0.1
v 0.3 -0.8 0.1
v 0.4 -0.8 0.1
v 0.4 -0.9 0.1
v 0.4 -0.8 0.2
v 0.4 -0.9 0.2
v 0.5 -0.9 0.2
v 0.5 -0.8 0.2
v 0.4 -0.9 0.1
v 0.4 -0.8 0.1
v 0.5 -0.8 0.1
v 0.5 -0.9 0.1
v 0.5 -0.8 0.2
v 0.5 -0.9 0.2
v 0.6 -0.9 0.2
v 0.6 -0.8 0.2
v 0.5 -0.9 0.1
v 0.5 -0.8 0.1
v 0.6 -0.8 0.1
v 0.6 -0.9 0.1
v 0.6 -0.8 0.2
v 0.6 -0.9 0.2
v 0.7 -0.9 0.2
v 0.7 -0.8 0.2
v 0.6 -0.9 0.1
v 0.6 -0.8 0.1
v 0.7 -0.8 0.1
v 0.7 -0.9 0.1
v 0.7 -0.8 0.2
v 0.7 -0.9 0.2
v 0.8 -0.9 0.2
v 0.8 -0.8 0.2
v 0.7 -0.9 0.1
v 0.7 -0.8 0.1
v 0.8 -0.8 0.1
v 0.8 -0.9 0.1
v 0.8 -0.8 0.2
v 0.8 -0.9 0.2
v 0.9 -0.9 0.2
v 0.9 -0.8 0.2
v 0.8 -0.9 0.1
v 0.8 -0.8 0.1
v 0.9 -0.8 0.1
v 0.9 -0.9 0.1
v 0.9 -0.8 0.2
v 0.9 -0.9 0.2
v 1 -0.9 0.2
v 1 -0.8 0.2
v 0.9 -0.9 0.1
v 0.9 -0.8 0.1
v 1 -0.8 0.1
v 1 -0.9 0.1
v 1 -0.8 0.2
v 1 -0.9 0.2
v 1.1 -0.9 0.2
v 1.1 -0.8 0.2
v 1 -0.9 0.1
v 1 -0.8 0.1
v 1.1 -0.8 0.1
v 1.1 -0.9 0.1
v 1.2 -0.9 0.2
v 1.2 -0.9 0.1
v 1.2 -0.8 0.1
v 1.2 -0.8 0.2
v 1.1 -0.8 0.2
v 1.1 -0.9 0.2
v 1.2 -0.9 0.2
v 1.2 -0.8 0.2
v 1.1 -0.9 0.1
v 1.1 -0.8 0.1
v 1.2 -0.8 0.1
v 1.2 -0.9 0.1
v -1.2 -0.9 0.2
v -1.2 -0.9 0.1
v -1.2 -1 0.1
v -1.2 -1 0.2
v -1.2 -0.9 0.2
v -1.2 -1 0.2
v -1.1 -1 0.2
v -1.1 -0.9 0.2
v -1.2 -1 0.1
v -1.2 -0.9 0.1
v -1.1 -0.9 0.1
v -1.1 -1 0.1
v -1.1 -0.9 0.2
v -1.1 -1 0.2
v -1 -1 0.2
v -1 -0.9 0.2
v -1.1 -1 0.1
v -1.1 -0.9 0.1
v -1 -0.9 0.1
v -1 -1 0.1
v -1 -0.9 0.2
v -1 -1 0.2
v -0.9 -1 0.2
v -0.9 -0.9 0.2
v -1 -1 0.1
v -1 -0.9 0.1
v -0.9 -0.9 0.1
v -0.9 -1 0.1
v -0.9 -0.9 0.2
v -0.9 -1 0.2
v -0.8 -1 0.2
v -0.8 -0.9 0.2
v -0.9 -1 0.1
v -0.9 -0.9 0.1
v -0.8 -0.9 0.1
v -0.8 -1 0.1
v -0.8 -0.9 0.2
v -0.8 -1 0.2
v -0.7 -1 0.2
v -0.7 -0.9 0.2
v -0.8 -1 0.1
v -0.8 -0.9 0.1
v -0.7 -0.9 0.1
v -0.7 -1 0.1
v -0.7 -0.9 0.2
v -0.7 -1 0.2
v -0.6 -1 0.2
v -0.6 -0.9 0.2
v -0.7 -1 0.1
v -0.7 -0.9 0.1
v -0.6 -0.9 0.1
v -0.6 -1 0.1
v -0.6 -0.9 0.2
v -0.6 -1 0.2
v -0.5 -1 0.2
v -0.5 -0.9 0.2
v -0.6 -1 0.1
v -0.6 -0.9 0.1
v -0.5 -0.9 0.1
v -0.5 -1 0.1
v -0.5 -0.9 0.2
v -0.5 -1 0.2
v -0.4 -1 0.2
v -0.4 -0.9 0.2
v -0.5 -1 0.1
v -0.5 -0.9 0.1
v -0.4 -0.9 0.1
v -0.4 -1 0.1
v -0.4 -0.9 0.2
v -0.4 -1 0.2
v -0.3 -1 0.2
v -0.3 -0.9 0.2
v -0.4 -1 0.1
v -0.4 -0.9 0.1
v -0.3 -0.9 0.1
v -0.3 -1 0.1
v -0.3 -0.9 0.2
v -0.3 -1 0.2
v -0.2 -1 0.2
v -0.2 -0.9 0.2
v -0.3 -1 0.1
v -0.3 -0.9 0.1
v -0.2 -0.9 0.1
v -0.2 -1 0.1
v -0.2 -0.9 0.2
v -0.2 -1 0.2
v -0.1 -1 0.2
v -0.1 -0.9 0.2
v -0.2 -1 0.1
v -0.2 -0.9 0.1
v -0.1 -0.9 0.1
v -0.1 -1 0.1
v -0.1 -0.9 0.2
v -0.1 -1 0.2
v 0 -1 0.2
v 0 -0.9 0.2
v -0.1 -1 0.1
v -0.1 -0.9 0.1
v 0 -0.9 0.1
v 0 -1 0.1
v 0 -0.9 0.2
v 0 -1 0.2
v 0.1 -1 0.2
v 0.1 -0.9 0.2
v 0 -1 0.1
v 0 -0.9 0.1
v 0.1 -0.9 0.1
v 0.1 -1 0.1
v 0.1 -0.9 0.2
v 0.1 -1 0.2
v 0.2 -1 0.2
v 0.2 -0.9 0.2
v 0.1 -1 0.1
v 0.1 -0.9 0.1
v 0.2 -0.9 0.1
v 0.2 -1 0.1
v 0.2 -0.9 0.2
v 0.2 -1 0.2
v 0.3 -1 0.2
v 0.3 -0.9 0.2
v 0.2 -1 0.1
v 0.2 -0.9 0.1
v 0.3 -0.9 0.1
v 0.3 -1 0.1
v 0.3 -0.9 0.2
v 0.3 -1 0.2
v 0.4 -1 0.2
v 0.4 -0.9 0.2
v 0.3 -1 0.1
v 0.3 -0.9 0.1
v 0.4 -0.9 0.1
v 0.4 -1 0.1
v 0.4 -0.9 0.2
v 0.4 -1 0.2
v 0.5 -1 0.2
v 0.5 -0.9 0.2
v 0.4 -1 0.1
v 0.4 -0.9 0.1
v 0.5 -0.9 0.1
v 0.5 -1 0.1
v 0.5 -0.9 0.2
v 0.5 -1 0.2
v 0.6 -1 0.2
v 0.6 -0.9 0.2
v 0.5 -1 0.1
v 0.5 -0.9 0.1
v 0.6 -0.9 0.1
v 0.6 -1 0.1
v 0.6 -0.9 0.2
v 0.6 -1 0.2
v 0.7 -1 0.2
v 0.7 -0.9 0.2
v 0.6 -1 0.1
v 0.6 -0.9 0.1
v 0.7 -0.9 0.1
v 0.7 -1 0.1
v 0.7 -0.9 0.2
v 0.7 -1 0.2
v 0.8 -1 0.2
v 0.8 -0.9 0.2
v 0.7 -1 0.1
v 0.7 -0.9 0.1
v 0.8 -0.9 0.1
v 0.8 -1 0.1
v 0.8 -0.9 0.2
v 0.8 -1 0.2
v 0.9 -1 0.2
v 0.9 -0.9 0.2
v 0.8 -1 0.1
v 0.8 -0.9 0.1
v 0.9 -0.9 0.1
v 0.9 -1 0.1
v 0.9 -0.9 0.2
v 0.9 -1 0.2
v 1 -1 0.2
v 1 -0.9 0.2
v 0.9 -1 0.1
v 0.9 -0.9 0.1
v 1 -0.9 0.1
v 1 -1 0.1
v 1 -0.9 0.2
v 1 -1 0.2
v 1.1 -1 0.2
v 1.1 -0.9 0.2
v 1 -1 0.1
v 1 -0.9 0.1
v 1.1 -0.9 0.1
v 1.1 -1 0.1
v 1.2 -1 0.2
v 1.2 -1 0.1
v 1.2 -0.9 0.1
v 1.2 -0.9 0.2
v 1.1 -0.9 0.2
v 1.1 -1 0.2
v 1.2 -1 0.2
v 1.2 -0.9 0.2
v 1.1 -1 0.1
v 1.1 -0.9 0.1
v 1.2 -0.9 0.1
v 1.2 -1 0.1
v -1.2 -1 0.2
v -1.2 -1 0.1
v -1.2 -1.1 0.1
v -1.2 -1.1 0.2
v -1.2 -1 0.2
v -1.2 -1.1 0.2
v -1.1 -1.1 0.2
v -1.1 -1 0.2
v -1.2 -1.1 0.1
v -1.2 -1 0.1
v -1.1 -1 0.1
v -1.1 -1.1 0.1
v -1.1 -1 0.2
v -1.1 -1.1 0.2
v -1 -1.1 0.2
v -1 -1 0.2
v -1.1 -1.1 0.1
v -1.1 -1 0.1
v -1 -1 0.1
v -1 -1.1 0.1
v -1 -1 0.2
v -1 -1.1 0.2
v -0.9 -1.1 0.2
v -0.9 -1 0.2
v -1 -1.1 0.1
v -1 -1 0.1
v -0.9 -1 0.1
v -0.9 -1.1 0.1
v -0.9 -1 0.2
v -0.9 -1.1 0.2
v -0.8 -1.1 0.2
v -0.8 -1 0.2
v -0.9 -1.1 0.1
v -0.9 -1 0.1
v -0.8 -1 0.1
v -0.8 -1.1 0.1
v -0.8 -1 0.2
v -0.8 -1.1 0.2
v -0.7 -1.1 0.2
v -0.7 -1 0.2
v -0.8 -1.1 0.1
v -0.8 -1 0.1
v -0.7 -1 0.1
v -0.7 -1.1 0.1
v -0.7 -1 0.2
v -0.7 -1.1 0.2
v -0.6 -1.1 0.2
v -0.6 -1 0.2
v -0.7 -1.1 0.1
v -0.7 -1 0.1
v -0.6 -1 0.1
v -0.6 -1.1 0.1
v -0.6 -1 0.2
v -0.6 -1.1 0.2
v -0.5 -1.1 0.2
v -0.5 -1 0.2
v -0.6 -1.1 0.1
v -0.6 -1 0.1
v -0.5 -1 0.1
v -0.5 -1.1 0.1
v -0.5 -1 0.2
v -0.5 -1.1 0.2
v -0.4 -1.1 0.2
v -0.4 -1 0.2
v -0.5 -1.1 0.1
v -0.5 -1 0.1
v -0.4 -1 0.1
v -0.4 -1.1 0.1
v -0.4 -1 0.2
v -0.4 -1.1 0.2
v -0.3 -1.1 0.2
v -0.3 -1 0.2
v -0.4 -1.1 0.1
v -0.4 -1 0.1
v -0.3 -1 0.1
v -0.3 -1.1 0.1
v -0.3 -1 0.2
v -0.3 -1.1 0.2
v -0.2 -1.1 0.2
v -0.2 -1 0.2
v -0.3 -1.1 0.1
v -0.3 -1 0.1
v -0.2 -1 0.1
v -0.2 -1.1 0.1
v -0.2 -1 0.2
v -0.2 -1.1 0.2
v -0.1 -1.1 0.2
v -0.1 -1 0.2
v -0.2 -1.1 0.1
v -0.2 -1 0.1
v -0.1 -1 0.1
v -0.1 -1.1 0.1
v -0.1 -1 0.2
v -0.1 -1.1 0.2
v 0 -1.1 0.2
v 0 -1 0.2
v -0.1 -1.1 0.1
v -0.1 -1 0.1
v 0 -1 0.1
v 0 -1.1 0.1
v 0 -1 0.2
v 0 -1.1 0.2
v 0.1 -1.1 0.2
v 0.1 -1 0.2
v 0 -1.1 0.1
v 0 -1 0.1
v 0.1 -1 0.1
v 0.1 -1.1 0.1
v 0.1 -1 0.2
v 0.1 -1.1 0.2
v 0.2 -1.1 0.2
v 0.2 -1 0.2
v 0.1 -1.1 0.1
v 0.1 -1 0.1
v 0.2 -1 0.1
v 0.2 -1.1 0.1
v 0.2 -1 0.2
v 0.2 -1.1 0.2
v 0.3 -1.1 0.2
v 0.3 -1 0.2
v 0.2 -1.1 0.1
v 0.2 -1 0.1
v 0.3 -1 0.1
v 0.3 -1.1 0.1
v 0.3 -1 0.2
v 0.3 -1.1 0.2
v 0.4 -1.1 0.2
v 0.4 -1 0.2
v 0.3 -1.1 0.1
v 0.3 -1 0.1
v 0.4 -1 0.1
v 0.4 -1.1 0.1
v 0.4 -1 0.2
v 0.4 -1.1 0.2
v 0.5 -1.1 0.2
v 0.5 -1 0.2
v 0.4 -1.1 0.1
v 0.4 -1 0.1
v 0.5 -1 0.1
v 0.5 -1.1 0.1
v 0.5 -1 0.2
v 0.5 -1.1 0.2
v 0.6 -1.1 0.2
v 0.6 -1 0.2
v 0.5 -1.1 0.1
v 0.5 -1 0.1
v 0.6 -1 0.1
v 0.6 -1.1 0.1
v 0.6 -1 0.2
v 0.6 -1.1 0.2
v 0.7 -1.1 0.2
v 0.7 -1 0.2
v 0.6 -1.1 0.1
v 0.6 -1 0.1
v 0.7 -1 0.1
v 0.7 -1.1 0.1
v 0.7 -1 0.2
v 0.7 -1.1 0.2
v 0.8 -1.1 0.2
v 0.8 -1 0.2
v 0.7 -1.1 0.1
v 0.7 -1 0.1
v 0.8 -1 0.1
v 0.8 -1.1 0.1
v 0.8 -1 0.2
v 0.8 -1.1 0.2
v 0.9 -1.1 0.2
v 0.9 -1 0.2
v 0.8 -1.1 0.1
v 0.8 -1 0.1
v 0.9 -1 0.1
v 0.9 -1.1 0.1
v 0.9 -1 0.2
v 0.9 -1.1 0.2
v 1 -1.1 0.2
v 1 -1 0.2
v 0.9 -1.1 0.1
v 0.9 -1 0.1
v 1 -1 0.1
v 1 -1.1 0.1
v 1 -1 0.2
v 1 -1.1 0.2
v 1.1 -1.1 0.2
v 1.1 -1 0.2
v 1 -1.1 0.1
v 1 -1 0.1
v 1.1 -1 0.1
v 1.1 -1.1 0.1
v 1.2 -1.1 0.2
v 1.2 -1.1 0.1
v 1.2 -1 0.1
v 1.2 -1 0.2
v 1.1 -1 0.2
v 1.1 -1.1 0.2
v 1.2 -1.1 0.2
v 1.2 -1 0.2
v 1.1 -1.1 0.1
v 1.1 -1 0.1
v 1.2 -1 0.1
v 1.2 -1.1 0.1
v -1.2 -1.1 0.2
v -1.2 -1.1 0.1
v -1.2 -1.2 0.1
v -1.2 -1.2 0.2
v -1.2 -1.1 0.2
v -1.2 -1.2 0.2
v -1.1 -1.2 0.2
v -1.1 -1.1 0.2
v -1.2 -1.2 0.1
v -1.2 -1.1 0.1
v -1.1 -1.1 0.1
v -1.1 -1.2 0.1
v -1.2 -1.2 0.2
v -1.2 -1.2 0.1
v -1.1 -1.2 0.1
v -1.1 -1.2 0.2
v -1.1 -1.1 0.2
v -1.1 -1.2 0.2
v -1 -1.2 0.2
v -1 -1.1 0.2
v -1.1 -1.2 0.1
v -1.1 -1.1 0.1
v -1 -1.1 0.1
v -1 -1.2 0.1
v -1.1 -1.2 0.2
v -1.1 -1.2 0.1
v -1 -1.2 0.1
v -1 -1.2 0.2
v -1 -1.1 0.2
v -1 -1.2 0.2
v -0.9 -1.2 0.2
v -0.9 -1.1 0.2
v -1 -1.2 0.1
v -1 -1.1 0.1
v -0.9 -1.1 0.1
v -0.9 -1.2 0.1
v -1 -1.2 0.2
v -1 -1.2 0.1
v -0.9 -1.2 0.1
v -0.9 -1.2 0.2
v -0.9 -1.1 0.2
v -0.9 -1.2 0.2
v -0.8 -1.2 0.2
v -0.8 -1.1 0.2
v -0.9 -1.2 0.1
v -0.9 -1.1 0.1
v -0.8 -1.1 0.1
v -0.8 -1.2 0.1
v -0.9 -1.2 0.2
v -0.9 -1.2 0.1
v -0.8 -1.2 0.1
v -0.8 -1.2 0.2
v -0.8 -1.1 0.2
v -0.8 -1.2 0.2
v -0.7 -1.2 0.2
v -0.7 -1.1 0.2
v -0.8 -1.2 0.1
v -0.8 -1.1 0.1
v -0.7 -1.1 0.1
v -0.7 -1.2 0.1
v -0.8 -1.2 0.2
v -0.8 -1.2 0.1
v -0.7 -1.2 0.1
v -0.7 -1.2 0.2
v -0.7 -1.1 0.2
v -0.7 -1.2 0.2
v -0.6 -1.2 0.2
v -0.6 -1.1 0.2
v -0.7 -1.2 0.1
v -0.7 -1.1 0.1
v -0.6 -1.1 0.1
v -0.6 -1.2 0.1
v -0.7 -1.2 0.2
v -0.7 -1.2 0.1
v -0.6 -1.2 0.1
v -0.6 -1.2 0.2
v -0.6 -1.1 0.2
v -0.6 -1.2 0.2
v -0.5 -1.2 0.2
v -0.5 -1.1 0.2
v -0.6 -1.2 0.1
v -0.6 -1.1 0.1
v -0.5 -1.1 0.1
v -0.5 -1.2 0.1
v -0.6 -1.2 0.2
v -0.6 -1.2 0.1
v -0.5 -1.2 0.1
v -0.5 -1.2 0.2
v -0.5 -1.1 0.2
v -0.5 -1.2 0.2
v -0.4 -1.2 0.2
v -0.4 -1.1 0.2
v -0.5 -1.2 0.1
v -0.5 -1.1 0.1
v -0.4 -1.1 0.1
v -0.4 -1.2 0.1
v -0.5 -1.2 0.2
v -0.5 -1.2 0.1
v -0.4 -1.2 0.1
v -0.4 -1.2 0.2
v -0.4 -1.1 0.2
v -0.4 -1.2 0.2
v -0.3 -1.2 0.2
v -0.3 -1.1 0.2
v -0.4 -1.2 0.1
v -0.4 -1.1 0.1
v -0.3 -1.1 0.1
v -0.3 -1.2 0.1
v -0.4 -1.2 0.2
v -0.4 -1.2 0.1
v -0.3 -1.2 0.1
v -0.3 -1.2 0.2
v -0.3 -1.1 0.2
v -0.3 -1.2 0.2
v -0.2 -1.2 0.2
v -0.2 -1.1 0.2
v -0.3 -1.2 0.1
v -0.3 -1.1 0.1
v -0.2 -1.1 0.1
v -0.2 -1.2 0.1
v -0.3 -1.2 0.2
v -0.3 -1.2 0.1
v -0.2 -1.2 0.1
v -0.2 -1.2 0.2
v -0.2 -1.1 0.2
v -0.2 -1.2 0.2
v -0.1 -1.2 0.2
v -0.1 -1.1 0.2
v -0.2 -1.2 0.1
v -0.2 -1.1 0.1
v -0.1 -1.1 0.1
v -0.1 -1.2 0.1
v -0.2 -1.2 0.2
v -0.2 -1.2 0.1
v -0.1 -1.2 0.1
v -0.1 -1.2 0.2
v -0.1 -1.1 0.2
v -0.1 -1.2 0.2
v 0 -1.2 0.2
v 0 -1.1 0.2
v -0.1 -1.2 0.1
v -0.1 -1.1 0.1
v 0 -1.1 0.1
v 0 -1.2 0.1
v -0.1 -1.2 0.2
v -0.1 -1.2 0.1
v 0 -1.2 0.1
v 0 -1.2 0.2
v 0 -1.1 0.2
v 0 -1.2 0.2
v 0.1 -1.2 0.2
v 0.1 -1.1 0.2
v 0 -1.2 0.1
v 0 -1.1 0.1
v 0.1 -1.1 0.1
v 0.1 -1.2 0.1
v 0 -1.2 0.2
v 0 -1.2 0.1
v 0.1 -1.2 0.1
v 0.1 -1.2 0.2
v 0.1 -1.1 0.2
v 0.1 -1.2 0.2
v 0.2 -1.2 0.2
v 0.2 -1.1 0.2
v 0.1 -1.2 0.1
v 0.1 -1.1 0.1
v 0.2 -1.1 0.1
v 0.2 -1.2 0.1
v 0.1 -1.2 0.2
v 0.1 -1.2 0.1
v 0.2 -1.2 0.1
v 0.2 -1.2 0.2
v 0.2 -1.1 0.2
v 0.2 -1.2 0.2
v 0.3 -1.2 0.2
v 0.3 -1.1 0.2
v 0.2 -1.2 0.1
v 0.2 -1.1 0.1
v 0.3 -1.1 0.1
v 0.3 -1.2 0.1
v 0.2 -1.2 0.2
v 0.2 -1.2 0.1
v 0.3 -1.2 0.1
v 0.3 -1.2 0.2
v 0.3 -1.1 0.2
v 0.3 -1.2 0.2
v 0.4 -1.2 0.2
v 0.4 -1.1 0.2
v 0.3 -1.2 0.1
v 0.3 -1.1 0.1
v 0.4 -1.1 0.1
v 0.4 -1.2 0.1
v 0.3 -1.2 0.2
v 0.3 -1.2 0.1
v 0.4 -1.2 0.1
v 0.4 -1.2 0.2
v 0.4 -1.1 0.2
v 0.4 -1.2 0.2
v 0.5 -1.2 0.2
v 0.5 -1.1 0.2
v 0.4 -1.2 0.1
v 0.4 -1.1 0.1
v 0.5 -1.1 0.1
v 0.5 -1.2 0.1
v 0.4 -1.2 0.2
v 0.4 -1.2 0.1
v 0.5 -1.2 0.1
v 0.5 -1.2 0.2
v 0.5 -1.1 0.2
v 0.5 -1.2 0.2
v 0.6 -1.2 0.2
v 0.6 -1.1 0.2
v 0.5 -1.2 0.1
v 0.5 -1.1 0.1
v 0.6 -1.1 0.1
v 0.6 -1.2 0.1
v 0.5 -1.2 0.2
v 0.5 -1.2 0.1
v 0.6 -1.2 0.1
v 0.6 -1.2 0.2
v 0.6 -1.1 0.2
v 0.6 -1.2 0.2
v 0.7 -1.2 0.2
v 0.7 -1.1 0.2
v 0.6 -1.2 0.1
v 0.6 -1.1 0.1
v 0.7 -1.1 0.1
v 0.7 -1.2 0.1
v 0.6 -1.2 0.2
v 0.6 -1.2 0.1
v 0.7 -1.2 0.1
v 0.7 -1.2 0.2
v 0.7 -1.1 0.2
v 0.7 -1.2 0.2
v 0.8 -1.2 0.2
v 0.8 -1.1 0.2
v 0.7 -1.2 0.1
v 0.7 -1.1 0.1
v 0.8 -1.1 0.1
v 0.8 -1.2 0.1
v 0.7 -1.2 0.2
v 0.7 -1.2 0.1
v 0.8 -1.2 0.1
v 0.8 -1.2 0.2
v 0.8 -1.1 0.2
v 0.8 -1.2 0.2
v 0.9 -1.2 0.2
v 0.9 -1.1 0.2
v 0.8 -1.2 0.1
v 0.8 -1.1 0.1
v 0.9 -1.1 0.1
v 0.9 -1.2 0.1
v 0.8 -1.2 0.2
v 0.8 -1.2 0.1
v 0.9 -1.2 0.1
v 0.9 -1.2 0.2
v 0.9 -1.1 0.2
v 0.9 -1.2 0.2
v 1 -1.2 0.2
v 1 -1.1 0.2
v 0.9 -1.2 0.1
v 0.9 -1.1 0.1
v 1 -1.1 0.1
v 1 -1.2 0.1
v 0.9 -1.2 0.2
v 0.9 -1.2 0.1
v 1 -1.2 0.1
v 1 -1.2 0.2
v 1 -1.1 0.2
v 1 -1.2 0.2
v 1.1 -1.2 0.2
v 1.1 -1.1 0.2
v 1 -1.2 0.1
v 1 -1.1 0.1
v 1.1 -1.1 0.1
v 1.1 -1.2 0.1
v 1 -1.2 0.2
v 1 -1.2 0.1
v 1.1 -1.2 0.1
v 1.1 -1.2 0.2
v 1.2 -1.2 0.2
v 1.2 -1.2 0.1
v 1.2 -1.1 0.1
v 1.2 -1.1 0.2
v 1.1 -1.1 0.2
v 1.1 -1.2 0.2
v 1.2 -1.2 0.2
v 1.2 -1.1 0.2
v 1.1 -1.2 0.1
v 1.1 -1.1 0.1
v 1.2 -1.1 0.1
v 1.2 -1.2 0.1
v 1.1 -1.2 0.2
v 1.1 -1.2 0.1
v 1.2 -1.2 0.1
v 1.2 -1.2 0.2

# faces
f 1/17/1 2/17/1 3/17/1 4/17/1
f 5/17/3 6/17/3 7/17/3 8/17/3
f 9/17/4 10/17/4 11/17/4 12/17/4
f 13/17/6 14/17/6 15/17/6 16/17/6
f 17/17/3 18/17/3 19/17/3 20/17/3
f 21/17/4 22/17/4 23/17/4 24/17/4
f 25/17/6 26/17/6 27/17/6 28/17/6
f 29/12/3 30/12/3 31/12/3 32/12/3
f 33/12/4 34/12/4 35/12/4 36/12/4
f 37/12/6 38/12/6 39/12/6 40/12/6
f 41/12/3 42/12/3 43/12/3 44/12/3
f 45/12/4 46/12/4 47/12/4 48/12/4
f 49/12/6 50/12/6 51/12/6 52/12/6
f 53/12/3 54/12/3 55/12/3 56/12/3
f 57/12/4 58/12/4 59/12/4 60/12/4
f 61/12/6 62/12/6 63/12/6 64/12/6
f 65/17/3 66/17/3 67/17/3 68/17/3
f 69/17/4 70/17/4 71/17/4 72/17/4
f 73/17/6 74/17/6 75/17/6 76/17/6
f 77/17/3 78/17/3 79/17/3 80/17/3
f 81/17/4 82/17/4 83/17/4 84/17/4
f 85/17/6 86/17/6 87/17/6 88/17/6
f 89/19/3 90/19/3 91/19/3 92/19/3
f 93/19/4 94/19/4 95/19/4 96/19/4
f 97/19/6 98/19/6 99/19/6 100/19/6
f 101/7/3 102/7/3 103/7/3 104/7/3
f 105/7/4 106/7/4 107/7/4 108/7/4
f 109/7/6 110/7/6 111/7/6 112/7/6
f 113/2/3 114/2/3 115/2/3 116/2/3
f 117/2/4 118/2/4 119/2/4 120/2/4
f 121/2/6 122/2/6 123/2/6 124/2/6
f 125/7/3 126/7/3 127/7/3 128/7/3
f 129/7/4 130/7/4 131/7/4 132/7/4
f 133/7/6 134/7/6 135/7/6 136/7/6
f 137/12/3 138/12/3 139/12/3 140/12/3
f 141/12/4 142/12/4 143/12/4 144/12/4
f 145/12/6 146/12/6 147/12/6 148/12/6
f 149/3/3 150/3/3 151/3/3 152/3/3
f 153/3/4 154/3/4 155/3/4 156/3/4
f 157/3/6 158/3/6 159/3/6 160/3/6
f 161/17/3 162/17/3 163/17/3 164/17/3
f 165/17/4 166/17/4 167/17/4 168/17/4
f 169/17/6 170/17/6 171/17/6 172/17/6
f 173/17/3 174/17/3 175/17/3 176/17/3
f 177/17/4 178/17/4 179/17/4 180/17/4
f 181/17/6 182/17/6 183/17/6 184/17/6
f 185/17/3 186/17/3 187/17/3 188/17/3
f 189/17/4 190/17/4 191/17/4 192/17/4
f 193/17/6 194/17/6 195/17/6 196/17/6
f 197/17/3 198/17/3 199/17/3 200/17/3
f 201/17/4 202/17/4 203/17/4 204/17/4
f 205/17/6 206/17/6 207/17/6 208/17/6
f 209/12/3 210/12/3 211/12/3 212/12/3
f 213/12/4 214/12/4 215/12/4 216/12/4
f 217/12/6 218/12/6 219/12/6 220/12/6
f 221/3/3 222/3/3 223/3/3 224/3/3
f 225/3/4 226/3/4 227/3/4 228/3/4
f 229/3/6 230/3/6 231/3/6 232/3/6
f 233/12/3 234/12/3 235/12/3 236/12/3
f 237/12/4 238/12/4 239/12/4 240/12/4
f 241/12/6 242/12/6 243/12/6 244/12/6
f 245/12/3 246/12/3 247/12/3 248/12/3
f 249/12/4 250/12/4 251/12/4 252/12/4
f 253/12/6 254/12/6 255/12/6 256/12/6
f 257/17/3 258/17/3 259/17/3 260/17/3
f 261/17/4 262/17/4 263/17/4 264/17/4
f 265/17/6 266/17/6 267/17/6 268/17/6
f 269/17/3 270/17/3 271/17/3 272/17/3
f 273/17/4 274/17/4 275/17/4 276/17/4
f 277/17/6 278/17/6 279/17/6 280/17/6
f 281/17/2 282/17/2 283/17/2 284/17/2
f 285/17/3 286/17/3 287/17/3 288/17/3
f 289/17/4 290/17/4 291/17/4 292/17/4
f 293/17/6 294/17/6 295/17/6 296/17/6
f 297/17/1 298/17/1 299/17/1 300/17/1
f 301/17/3 302/17/3 303/17/3 304/17/3
f 305/17/4 306/17/4 307/17/4 308/17/4
f 309/12/3 310/12/3 311/12/3 312/12/3
f 313/12/4 314/12/4 315/12/4 316/12/4
f 317/19/3 318/19/3 319/19/3 320/19/3
f 321/19/4 322/19/4 323/19/4 324/19/4
f 325/7/3 326/7/3 327/7/3 328/7/3
f 329/7/4 330/7/4 331/7/4 332/7/4
f 333/2/3 334/2/3 335/2/3 336/2/3
f 337/2/4 338/2/4 339/2/4 340/2/4
f 341/12/3 342/12/3 343/12/3 344/12/3
f 345/12/4 346/12/4 347/12/4 348/12/4
f 349/17/3 350/17/3 351/17/3 352/17/3
f 353/17/4 354/17/4 355/17/4 356/17/4
f 357/17/3 358/17/3 359/17/3 360/17/3
f 361/17/4 362/17/4 363/17/4 364/17/4
f 365/17/3 366/17/3 367/17/3 368/17/3
f 369/17/4 370/17/4 371/17/4 372/17/4
f 373/17/3 374/17/3 375/17/3 376/17/3
f 377/17/4 378/17/4 379/17/4 380/17/4
f 381/17/3 382/17/3 383/17/3 384/17/3
f 385/17/4 386/17/4 387/17/4 388/17/4
f 389/19/3 390/19/3 391/19/3 392/19/3
f 393/19/4 394/19/4 395/19/4 396/19/4
f 397/12/3 398/12/3 399/12/3 400/12/3
f 401/12/4 402/12/4 403/12/4 404/12/4
f 405/12/3 406/12/3 407/12/3 408/12/3
f 409/12/4 410/12/4 411/12/4 412/12/4
f 413/3/3 414/3/3 415/3/3 416/3/3
f 417/3/4 418/3/4 419/3/4 420/3/4
f 421/17/3 422/17/3 423/17/3 424/17/3
f 425/17/4 426/17/4 427/17/4 428/17/4
f 429/12/3 430/12/3 431/12/3 432/12/3
f 433/12/4 434/12/4 435/12/4 436/12/4
f 437/3/3 438/3/3 439/3/3 440/3/3
f 441/3/4 442/3/4 443/3/4 444/3/4
f 445/12/3 446/12/3 447/12/3 448/12/3
f 449/12/4 450/12/4 451/12/4 452/12/4
f 453/3/3 454/3/3 455/3/3 456/3/3
f 457/3/4 458/3/4 459/3/4 460/3/4
f 461/3/3 462/3/3 463/3/3 464/3/3
f 465/3/4 466/3/4 467/3/4 468/3/4
f 469/12/3 470/12/3 471/12/3 472/12/3
f 473/12/4 474/12/4 475/12/4 476/12/4
f 477/3/3 478/3/3 479/3/3 480/3/3
f 481/3/4 482/3/4 483/3/4 484/3/4
f 485/17/2 486/17/2 487/17/2 488/17/2
f 489/17/3 490/17/3 491/17/3 492/17/3
f 493/17/4 494/17/4 495/17/4 496/17/4
f 497/12/1 498/12/1 499/12/1 500/12/1
f 501/12/3 502/12/3 503/12/3 504/12/3
f 505/12/4 506/12/4 507/12/4 508/12/4
f 509/17/3 510/17/3 511/17/3 512/17/3
f 513/17/4 514/17/4 515/17/4 516/17/4
f 517/17/3 518/17/3 519/17/3 520/17/3
f 521/17/4 522/17/4 523/17/4 524/17/4
f 525/17/3 526/17/3 527/17/3 528/17/3
f 529/17/4 530/17/4 531/17/4 532/17/4
f 533/19/3 534/19/3 535/19/3 536/19/3
f 537/19/4 538/19/4 539/19/4 540/19/4
f 541/7/3 542/7/3 543/7/3 544/7/3
f 545/7/4 546/7/4 547/7/4 548/7/4
f 549/12/3 550/12/3 551/12/3 552/12/3
f 553/12/4 554/12/4 555/12/4 556/12/4
f 557/17/3 558/17/3 559/17/3 560/17/3
f 561/17/4 562/17/4 563/17/4 564/17/4
f 565/3/3 566/3/3 567/3/3 568/3/3
f 569/3/4 570/3/4 571/3/4 572/3/4
f 573/12/3 574/12/3 575/12/3 576/12/3
f 577/12/4 578/12/4 579/12/4 580/12/4
f 581/12/3 582/12/3 583/12/3 584/12/3
f 585/12/4 586/12/4 587/12/4 588/12/4
f 589/12/3 590/12/3 591/12/3 592/12/3
f 593/12/4 594/12/4 595/12/4 596/12/4
f 597/12/3 598/12/3 599/12/3 600/12/3
f 601/12/4 602/12/4 603/12/4 604/12/4
f 605/12/3 606/12/3 607/12/3 608/12/3
f 609/12/4 610/12/4 611/12/4 612/12/4
f 613/12/3 614/12/3 615/12/3 616/12/3
f 617/12/4 618/12/4 619/12/4 620/12/4
f 621/12/3 622/12/3 623/12/3 624/12/3
f 625/12/4 626/12/4 627/12/4 628/12/4
f 629/12/3 630/12/3 631/12/3 632/12/3
f 633/12/4 634/12/4 635/12/4 636/12/4
f 637/12/3 638/12/3 639/12/3 640/12/3
f 641/12/4 642/12/4 643/12/4 644/12/4
f 645/12/3 646/12/3 647/12/3 648/12/3
f 649/12/4 650/12/4 651/12/4 652/12/4
f 653/12/3 654/12/3 655/12/3 656/12/3
f 657/12/4 658/12/4 659/12/4 660/12/4
f 661/12/3 662/12/3 663/12/3 664/12/3
f 665/12/4 666/12/4 667/12/4 668/12/4
f 669/12/3 670/12/3 671/12/3 672/12/3
f 673/12/4 674/12/4 675/12/4 676/12/4
f 677/12/3 678/12/3 679/12/3 680/12/3
f 681/12/4 682/12/4 683/12/4 684/12/4
f 685/12/2 686/12/2 687/12/2 688/12/2
f 689/12/3 690/12/3 691/12/3 692/12/3
f 693/12/4 694/12/4 695/12/4 696/12/4
f 697/12/1 698/12/1 699/12/1 700/12/1
f 701/12/3 702/12/3 703/12/3 704/12/3
f 705/12/4 706/12/4 707/12/4 708/12/4
f 709/3/3 710/3/3 711/3/3 712/3/3
f 713/3/4 714/3/4 715/3/4 716/3/4
f 717/17/3 718/17/3 719/17/3 720/17/3
f 721/17/4 722/17/4 723/17/4 724/17/4
f 725/17/3 726/17/3 727/17/3 728/17/3
f 729/17/4 730/17/4 731/17/4 732/17/4
f 733/17/3 734/17/3 735/17/3 736/17/3
f 737/17/4 738/17/4 739/17/4 740/17/4
f 741/17/3 742/17/3 743/17/3 744/17/3
f 745/17/4 746/17/4 747/17/4 748/17/4
f 749/12/3 750/12/3 751/12/3 752/12/3
f 753/12/4 754/12/4 755/12/4 756/12/4
f 757/12/3 758/12/3 759/12/3 760/12/3
f 761/12/4 762/12/4 763/12/4 764/12/4
f 765/12/3 766/12/3 767/12/3 768/12/3
f 769/12/4 770/12/4 771/12/4 772/12/4
f 773/12/3 774/12/3 775/12/3 776/12/3
f 777/12/4 778/12/4 779/12/4 780/12/4
f 781/12/3 782/12/3 783/12/3 784/12/3
f 785/12/4 786/12/4 787/12/4 788/12/4
f 789/3/3 790/3/3 791/3/3 792/3/3
f 793/3/4 794/3/4 795/3/4 796/3/4
f 797/17/3 798/17/3 799/17/3 800/17/3
f 801/17/4 802/17/4 803/17/4 804/17/4
f 805/17/3 806/17/3 807/17/3 808/17/3
f 809/17/4 810/17/4 811/17/4 812/17/4
f 813/19/3 814/19/3 815/19/3 816/19/3
f 817/19/4 818/19/4 819/19/4 820/19/4
f 821/17/3 822/17/3 823/17/3 824/17/3
f 825/17/4 826/17/4 827/17/4 828/17/4
f 829/17/3 830/17/3 831/17/3 832/17/3
f 833/17/4 834/17/4 835/17/4 836/17/4
f 837/12/3 838/12/3 839/12/3 840/12/3
f 841/12/4 842/12/4 843/12/4 844/12/4
f 845/19/3 846/19/3 847/19/3 848/19/3
f 849/19/4 850/19/4 851/19/4 852/19/4
f 853/7/3 854/7/3 855/7/3 856/7/3
f 857/7/4 858/7/4 859/7/4 860/7/4
f 861/2/3 862/2/3 863/2/3 864/2/3
f 865/2/4 866/2/4 867/2/4 868/2/4
f 869/12/3 870/12/3 871/12/3 872/12/3
f 873/12/4 874/12/4 875/12/4 876/12/4
f 877/12/3 878/12/3 879/12/3 880/12/3
f 881/12/4 882/12/4 883/12/4 884/12/4
f 885/12/2 886/12/2 887/12/2 888/12/2
f 889/12/3 890/12/3 891/12/3 892/12/3
f 893/12/4 894/12/4 895/12/4 896/12/4
f 897/19/1 898/19/1 899/19/1 900/19/1
f 901/19/3 902/19/3 903/19/3 904/19/3
f 905/19/4 906/19/4 907/19/4 908/19/4
f 909/12/3 910/12/3 911/12/3 912/12/3
f 913/12/4 914/12/4 915/12/4 916/12/4
f 917/5/3 918/5/3 919/5/3 920/5/3
f 921/5/4 922/5/4 923/5/4 924/5/4
f 925/5/3 926/5/3 927/5/3 928/5/3
f 929/5/4 930/5/4 931/5/4 932/5/4
f 933/5/3 934/5/3 935/5/3 936/5/3
f 937/5/4 938/5/4 939/5/4 940/5/4
f 941/5/3 942/5/3 943/5/3 944/5/3
f 945/5/4 946/5/4 947/5/4 948/5/4
f 949/5/3 950/5/3 951/5/3 952/5/3
f 953/5/4 954/5/4 955/5/4 956/5/4
f 957/5/3 958/5/3 959/5/3 960/5/3
f 961/5/4 962/5/4 963/5/4 964/5/4
f 965/5/3 966/5/3 967/5/3 968/5/3
f 969/5/4 970/5/4 971/5/4 972/5/4
f 973/5/3 974/5/3 975/5/3 976/5/3
f 977/5/4 978/5/4 979/5/4 980/5/4
f 981/5/3 982/5/3 983/5/3 984/5/3
f 985/5/4 986/5/4 987/5/4 988/5/4
f 989/5/3 990/5/3 991/5/3 992/5/3
f 993/5/4 994/5/4 995/5/4 996/5/4
f 997/5/3 998/5/3 999/5/3 1000/5/3
f 1001/5/4 1002/5/4 1003/5/4 1004/5/4
f 1005/5/3 1006/5/3 1007/5/3 1008/5/3
f 1009/5/4 1010/5/4 1011/5/4 1012/5/4
f 1013/5/3 1014/5/3 1015/5/3 1016/5/3
f 1017/5/4 1018/5/4 1019/5/4 1020/5/4
f 1021/5/3 1022/5/3 1023/5/3 1024/5/3
f 1025/5/4 1026/5/4 1027/5/4 1028/5/4
f 1029/5/3 1030/5/3 1031/5/3 1032/5/3
f 1033/5/4 1034/5/4 1035/5/4 1036/5/4
f 1037/5/3 1038/5/3 1039/5/3 1040/5/3
f 1041/5/4 1042/5/4 1043/5/4 1044/5/4
f 1045/5/3 1046/5/3 1047/5/3 1048/5/3
f 1049/5/4 1050/5/4 1051/5/4 1052/5/4
f 1053/5/3 1054/5/3 1055/5/3 1056/5/3
f 1057/5/4 1058/5/4 1059/5/4 1060/5/4
f 1061/5/3 1062/5/3 1063/5/3 1064/5/3
f 1065/5/4 1066/5/4 1067/5/4 1068/5/4
f 1069/5/3 1070/5/3 1071/5/3 1072/5/3
f 1073/5/4 1074/5/4 1075/5/4 1076/5/4
f 1077/12/3 1078/12/3 1079/12/3 1080/12/3
f 1081/12/4 1082/12/4 1083/12/4 1084/12/4
f 1085/3/2 1086/3/2 1087/3/2 1088/3/2
f 1089/3/3 1090/3/3 1091/3/3 1092/3/3
f 1093/3/4 1094/3/4 1095/3/4 1096/3/4
f 1097/17/1 1098/17/1 1099/17/1 1100/17/1
f 1101/17/3 1102/17/3 1103/17/3 1104/17/3
f 1105/17/4 1106/17/4 1107/17/4 1108/17/4
f 1109/5/3 1110/5/3 1111/5/3 1112/5/3
f 1113/5/4 1114/5/4 1115/5/4 1116/5/4
f 1117/9/3 1118/9/3 1119/9/3 1120/9/3
f 1121/9/4 1122/9/4 1123/9/4 1124/9/4
f 1125/5/3 1126/5/3 1127/5/3 1128/5/3
f 1129/5/4 1130/5/4 1131/5/4 1132/5/4
f 1133/13/3 1134/13/3 1135/13/3 1136/13/3
f 1137/13/4 1138/13/4 1139/13/4 1140/13/4
f 1141/13/3 1142/13/3 1143/13/3 1144/13/3
f 1145/13/4 1146/13/4 1147/13/4 1148/13/4
f 1149/13/3 1150/13/3 1151/13/3 1152/13/3
f 1153/13/4 1154/13/4 1155/13/4 1156/13/4
f 1157/6/3 1158/6/3 1159/6/3 1160/6/3
f 1161/6/4 1162/6/4 1163/6/4 1164/6/4
f 1165/6/3 1166/6/3 1167/6/3 1168/6/3
f 1169/6/4 1170/6/4 1171/6/4 1172/6/4
f 1173/6/3 1174/6/3 1175/6/3 1176/6/3
f 1177/6/4 1178/6/4 1179/6/4 1180/6/4
f 1181/6/3 1182/6/3 1183/6/3 1184/6/3
f 1185/6/4 1186/6/4 1187/6/4 1188/6/4
f 1189/6/3 1190/6/3 1191/6/3 1192/6/3
f 1193/6/4 1194/6/4 1195/6/4 1196/6/4
f 1197/13/3 1198/13/3 1199/13/3 1200/13/3
f 1201/13/4 1202/13/4 1203/13/4 1204/13/4
f 1205/13/3 1206/13/3 1207/13/3 1208/13/3
f 1209/13/4 1210/13/4 1211/13/4 1212/13/4
f 1213/13/3 1214/13/3 1215/13/3 1216/13/3
f 1217/13/4 1218/13/4 1219/13/4 1220/13/4
f 1221/13/3 1222/13/3 1223/13/3 1224/13/3
f 1225/13/4 1226/13/4 1227/13/4 1228/13/4
f 1229/13/3 1230/13/3 1231/13/3 1232/13/3
f 1233/13/4 1234/13/4 1235/13/4 1236/13/4
f 1237/13/3 1238/13/3 1239/13/3 1240/13/3
f 1241/13/4 1242/13/4 1243/13/4 1244/13/4
f 1245/13/3 1246/13/3 1247/13/3 1248/13/3
f 1249/13/4 1250/13/4 1251/13/4 1252/13/4
f 1253/13/3 1254/13/3 1255/13/3 1256/13/3
f 1257/13/4 1258/13/4 1259/13/4 1260/13/4
f 1261/5/3 1262/5/3 1263/5/3 1264/5/3
f 1265/5/4 1266/5/4 1267/5/4 1268/5/4
f 1269/22/3 1270/22/3 1271/22/3 1272/22/3
f 1273/22/4 1274/22/4 1275/22/4 1276/22/4
f 1277/5/3 1278/5/3 1279/5/3 1280/5/3
f 1281/5/4 1282/5/4 1283/5/4 1284/5/4
f 1285/17/2 1286/17/2 1287/17/2 1288/17/2
f 1289/17/3 1290/17/3 1291/17/3 1292/17/3
f 1293/17/4 1294/17/4 1295/17/4 1296/17/4
f 1297/17/1 1298/17/1 1299/17/1 1300/17/1
f 1301/17/3 1302/17/3 1303/17/3 1304/17/3
f 1305/17/4 1306/17/4 1307/17/4 1308/17/4
f 1309/5/3 1310/5/3 1311/5/3 1312/5/3
f 1313/5/4 1314/5/4 1315/5/4 1316/5/4
f 1317/22/3 1318/22/3 1319/22/3 1320/22/3
f 1321/22/4 1322/22/4 1323/22/4 1324/22/4
f 1325/5/3 1326/5/3 1327/5/3 1328/5/3
f 1329/5/4 1330/5/4 1331/5/4 1332/5/4
f 1333/13/3 1334/13/3 1335/13/3 1336/13/3
f 1337/13/4 1338/13/4 1339/13/4 1340/13/4
f 1341/13/3 1342/13/3 1343/13/3 1344/13/3
f 1345/13/4 1346/13/4 1347/13/4 1348/13/4
f 1349/6/3 1350/6/3 1351/6/3 1352/6/3
f 1353/6/4 1354/6/4 1355/6/4 1356/6/4
f 1357/11/3 1358/11/3 1359/11/3 1360/11/3
f 1361/11/4 1362/11/4 1363/11/4 1364/11/4
f 1365/11/3 1366/11/3 1367/11/3 1368/11/3
f 1369/11/4 1370/11/4 1371/11/4 1372/11/4
f 1373/11/3 1374/11/3 1375/11/3 1376/11/3
f 1377/11/4 1378/11/4 1379/11/4 1380/11/4
f 1381/11/3 1382/11/3 1383/11/3 1384/11/3
f 1385/11/4 1386/11/4 1387/11/4 1388/11/4
f 1389/11/3 1390/11/3 1391/11/3 1392/11/3
f 1393/11/4 1394/11/4 1395/11/4 1396/11/4
f 1397/6/3 1398/6/3 1399/6/3 1400/6/3
f 1401/6/4 1402/6/4 1403/6/4 1404/6/4
f 1405/6/3 1406/6/3 1407/6/3 1408/6/3
f 1409/6/4 1410/6/4 1411/6/4 1412/6/4
f 1413/6/3 1414/6/3 1415/6/3 1416/6/3
f 1417/6/4 1418/6/4 1419/6/4 1420/6/4
f 1421/6/3 1422/6/3 1423/6/3 1424/6/3
f 1425/6/4 1426/6/4 1427/6/4 1428/6/4
f 1429/6/3 1430/6/3 1431/6/3 1432/6/3
f 1433/6/4 1434/6/4 1435/6/4 1436/6/4
f 1437/6/3 1438/6/3 1439/6/3 1440/6/3
f 1441/6/4 1442/6/4 1443/6/4 1444/6/4
f 1445/13/3 1446/13/3 1447/13/3 1448/13/3
f 1449/13/4 1450/13/4 1451/13/4 1452/13/4
f 1453/13/3 1454/13/3 1455/13/3 1456/13/3
f 1457/13/4 1458/13/4 1459/13/4 1460/13/4
f 1461/5/3 1462/5/3 1463/5/3 1464/5/3
f 1465/5/4 1466/5/4 1467/5/4 1468/5/4
f 1469/10/3 1470/10/3 1471/10/3 1472/10/3
f 1473/10/4 1474/10/4 1475/10/4 1476/10/4
f 1477/5/3 1478/5/3 1479/5/3 1480/5/3
f 1481/5/4 1482/5/4 1483/5/4 1484/5/4
f 1485/17/2 1486/17/2 1487/17/2 1488/17/2
f 1489/17/3 1490/17/3 1491/17/3 1492/17/3
f 1493/17/4 1494/17/4 1495/17/4 1496/17/4
f 1497/17/1 1498/17/1 1499/17/1 1500/17/1
f 1501/17/3 1502/17/3 1503/17/3 1504/17/3
f 1505/17/4 1506/17/4 1507/17/4 1508/17/4
f 1509/5/3 1510/5/3 1511/5/3 1512/5/3
f 1513/5/4 1514/5/4 1515/5/4 1516/5/4
f 1517/10/3 1518/10/3 1519/10/3 1520/10/3
f 1521/10/4 1522/10/4 1523/10/4 1524/10/4
f 1525/5/3 1526/5/3 1527/5/3 1528/5/3
f 1529/5/4 1530/5/4 1531/5/4 1532/5/4
f 1533/13/3 1534/13/3 1535/13/3 1536/13/3
f 1537/13/4 1538/13/4 1539/13/4 1540/13/4
f 1541/6/3 1542/6/3 1543/6/3 1544/6/3
f 1545/6/4 1546/6/4 1547/6/4 1548/6/4
f 1549/11/3 1550/11/3 1551/11/3 1552/11/3
f 1553/11/4 1554/11/4 1555/11/4 1556/11/4
f 1557/21/3 1558/21/3 1559/21/3 1560/21/3
f 1561/21/4 1562/21/4 1563/21/4 1564/21/4
f 1565/21/3 1566/21/3 1567/21/3 1568/21/3
f 1569/21/4 1570/21/4 1571/21/4 1572/21/4
f 1573/21/3 1574/21/3 1575/21/3 1576/21/3
f 1577/21/4 1578/21/4 1579/21/4 1580/21/4
f 1581/21/3 1582/21/3 1583/21/3 1584/21/3
f 1585/21/4 1586/21/4 1587/21/4 1588/21/4
f 1589/21/3 1590/21/3 1591/21/3 1592/21/3
f 1593/21/4 1594/21/4 1595/21/4 1596/21/4
f 1597/11/3 1598/11/3 1599/11/3 1600/11/3
f 1601/11/4 1602/11/4 1603/11/4 1604/11/4
f 1605/11/3 1606/11/3 1607/11/3 1608/11/3
f 1609/11/4 1610/11/4 1611/11/4 1612/11/4
f 1613/11/3 1614/11/3 1615/11/3 1616/11/3
f 1617/11/4 1618/11/4 1619/11/4 1620/11/4
f 1621/11/3 1622/11/3 1623/11/3 1624/11/3
f 1625/11/4 1626/11/4 1627/11/4 1628/11/4
f 1629/11/3 1630/11/3 1631/11/3 1632/11/3
f 1633/11/4 1634/11/4 1635/11/4 1636/11/4
f 1637/11/3 1638/11/3 1639/11/3 1640/11/3
f 1641/11/4 1642/11/4 1643/11/4 1644/11/4
f 1645/6/3 1646/6/3 1647/6/3 1648/6/3
f 1649/6/4 1650/6/4 1651/6/4 1652/6/4
f 1653/13/3 1654/13/3 1655/13/3 1656/13/3
f 1657/13/4 1658/13/4 1659/13/4 1660/13/4
f 1661/5/3 1662/5/3 1663/5/3 1664/5/3
f 1665/5/4 1666/5/4 1667/5/4 1668/5/4
f 1669/14/3 1670/14/3 1671/14/3 1672/14/3
f 1673/14/4 1674/14/4 1675/14/4 1676/14/4
f 1677/5/3 1678/5/3 1679/5/3 1680/5/3
f 1681/5/4 1682/5/4 1683/5/4 1684/5/4
f 1685/17/2 1686/17/2 1687/17/2 1688/17/2
f 1689/17/3 1690/17/3 1691/17/3 1692/17/3
f 1693/17/4 1694/17/4 1695/17/4 1696/17/4
f 1697/12/1 1698/12/1 1699/12/1 1700/12/1
f 1701/12/3 1702/12/3 1703/12/3 1704/12/3
f 1705/12/4 1706/12/4 1707/12/4 1708/12/4
f 1709/5/3 1710/5/3 1711/5/3 1712/5/3
f 1713/5/4 1714/5/4 1715/5/4 1716/5/4
f 1717/14/3 1718/14/3 1719/14/3 1720/14/3
f 1721/14/4 1722/14/4 1723/14/4 1724/14/4
f 1725/5/3 1726/5/3 1727/5/3 1728/5/3
f 1729/5/4 1730/5/4 1731/5/4 1732/5/4
f 1733/6/3 1734/6/3 1735/6/3 1736/6/3
f 1737/6/4 1738/6/4 1739/6/4 1740/6/4
f 1741/11/3 1742/11/3 1743/11/3 1744/11/3
f 1745/11/4 1746/11/4 1747/11/4 1748/11/4
f 1749/21/3 1750/21/3 1751/21/3 1752/21/3
f 1753/21/4 1754/21/4 1755/21/4 1756/21/4
f 1757/21/3 1758/21/3 1759/21/3 1760/21/3
f 1761/21/4 1762/21/4 1763/21/4 1764/21/4
f 1765/21/3 1766/21/3 1767/21/3 1768/21/3
f 1769/21/4 1770/21/4 1771/21/4 1772/21/4
f 1773/21/3 1774/21/3 1775/21/3 1776/21/3
f 1777/21/4 1778/21/4 1779/21/4 1780/21/4
f 1781/21/3 1782/21/3 1783/21/3 1784/21/3
f 1785/21/4 1786/21/4 1787/21/4 1788/21/4
f 1789/21/3 1790/21/3 1791/21/3 1792/21/3
f 1793/21/4 1794/21/4 1795/21/4 1796/21/4
f 1797/21/3 1798/21/3 1799/21/3 1800/21/3
f 1801/21/4 1802/21/4 1803/21/4 1804/21/4
f 1805/21/3 1806/21/3 1807/21/3 1808/21/3
f 1809/21/4 1810/21/4 1811/21/4 1812/21/4
f 1813/21/3 1814/21/3 1815/21/3 1816/21/3
f 1817/21/4 1818/21/4 1819/21/4 1820/21/4
f 1821/21/3 1822/21/3 1823/21/3 1824/21/3
f 1825/21/4 1826/21/4 1827/21/4 1828/21/4
f 1829/21/3 1830/21/3 1831/21/3 1832/21/3
f 1833/21/4 1834/21/4 1835/21/4 1836/21/4
f 1837/21/3 1838/21/3 1839/21/3 1840/21/3
f 1841/21/4 1842/21/4 1843/21/4 1844/21/4
f 1845/11/3 1846/11/3 1847/11/3 1848/11/3
f 1849/11/4 1850/11/4 1851/11/4 1852/11/4
f 1853/6/3 1854/6/3 1855/6/3 1856/6/3
f 1857/6/4 1858/6/4 1859/6/4 1860/6/4
f 1861/5/3 1862/5/3 1863/5/3 1864/5/3
f 1865/5/4 1866/5/4 1867/5/4 1868/5/4
f 1869/4/3 1870/4/3 1871/4/3 1872/4/3
f 1873/4/4 1874/4/4 1875/4/4 1876/4/4
f 1877/5/3 1878/5/3 1879/5/3 1880/5/3
f 1881/5/4 1882/5/4 1883/5/4 1884/5/4
f 1885/12/2 1886/12/2 1887/12/2 1888/12/2
f 1889/12/3 1890/12/3 1891/12/3 1892/12/3
f 1893/12/4 1894/12/4 1895/12/4 1896/12/4
f 1897/2/1 1898/2/1 1899/2/1 1900/2/1
f 1901/2/3 1902/2/3 1903/2/3 1904/2/3
f 1905/2/4 1906/2/4 1907/2/4 1908/2/4
f 1909/5/3 1910/5/3 1911/5/3 1912/5/3
f 1913/5/4 1914/5/4 1915/5/4 1916/5/4
f 1917/4/3 1918/4/3 1919/4/3 1920/4/3
f 1921/4/4 1922/4/4 1923/4/4 1924/4/4
f 1925/5/3 1926/5/3 1927/5/3 1928/5/3
f 1929/5/4 1930/5/4 1931/5/4 1932/5/4
f 1933/5/5 1934/5/5 1935/5/5 1936/5/5
f 1937/11/3 1938/11/3 1939/11/3 1940/11/3
f 1941/11/4 1942/11/4 1943/11/4 1944/11/4
f 1945/21/3 1946/21/3 1947/21/3 1948/21/3
f 1949/21/4 1950/21/4 1951/21/4 1952/21/4
f 1953/21/3 1954/21/3 1955/21/3 1956/21/3
f 1957/21/4 1958/21/4 1959/21/4 1960/21/4
f 1961/21/3 1962/21/3 1963/21/3 1964/21/3
f 1965/21/4 1966/21/4 1967/21/4 1968/21/4
f 1969/21/3 1970/21/3 1971/21/3 1972/21/3
f 1973/21/4 1974/21/4 1975/21/4 1976/21/4
f 1977/21/3 1978/21/3 1979/21/3 1980/21/3
f 1981/21/4 1982/21/4 1983/21/4 1984/21/4
f 1985/21/3 1986/21/3 1987/21/3 1988/21/3
f 1989/21/4 1990/21/4 1991/21/4 1992/21/4
f 1993/21/3 1994/21/3 1995/21/3 1996/21/3
f 1997/21/4 1998/21/4 1999/21/4 2000/21/4
f 2001/21/3 2002/21/3 2003/21/3 2004/21/3
f 2005/21/4 2006/21/4 2007/21/4 2008/21/4
f 2009/21/3 2010/21/3 2011/21/3 2012/21/3
f 2013/21/4 2014/21/4 2015/21/4 2016/21/4
f 2017/21/3 2018/21/3 2019/21/3 2020/21/3
f 2021/21/4 2022/21/4 2023/21/4 2024/21/4
f 2025/21/3 2026/21/3 2027/21/3 2028/21/3
f 2029/21/4 2030/21/4 2031/21/4 2032/21/4
f 2033/21/3 2034/21/3 2035/21/3 2036/21/3
f 2037/21/4 2038/21/4 2039/21/4 2040/21/4
f 2041/21/3 2042/21/3 2043/21/3 2044/21/3
f 2045/21/4 2046/21/4 2047/21/4 2048/21/4
f 2049/21/3 2050/21/3 2051/21/3 2052/21/3
f 2053/21/4 2054/21/4 2055/21/4 2056/21/4
f 2057/11/3 2058/11/3 2059/11/3 2060/11/3
f 2061/11/4 2062/11/4 2063/11/4 2064/11/4
f 2065/5/3 2066/5/3 2067/5/3 2068/5/3
f 2069/5/4 2070/5/4 2071/5/4 2072/5/4
f 2073/5/5 2074/5/5 2075/5/5 2076/5/5
f 2077/8/3 2078/8/3 2079/8/3 2080/8/3
f 2081/8/4 2082/8/4 2083/8/4 2084/8/4
f 2085/8/5 2086/8/5 2087/8/5 2088/8/5
f 2089/5/3 2090/5/3 2091/5/3 2092/5/3
f 2093/5/4 2094/5/4 2095/5/4 2096/5/4
f 2097/7/2 2098/7/2 2099/7/2 2100/7/2
f 2101/7/3 2102/7/3 2103/7/3 2104/7/3
f 2105/7/4 2106/7/4 2107/7/4 2108/7/4
f 2109/19/1 2110/19/1 2111/19/1 2112/19/1
f 2113/19/3 2114/19/3 2115/19/3 2116/19/3
f 2117/19/4 2118/19/4 2119/19/4 2120/19/4
f 2121/5/3 2122/5/3 2123/5/3 2124/5/3
f 2125/5/4 2126/5/4 2127/5/4 2128/5/4
f 2129/8/2 2130/8/2 2131/8/2 2132/8/2
f 2133/8/3 2134/8/3 2135/8/3 2136/8/3
f 2137/8/4 2138/8/4 2139/8/4 2140/8/4
f 2141/8/5 2142/8/5 2143/8/5 2144/8/5
f 2145/18/1 2146/18/1 2147/18/1 2148/18/1
f 2149/18/2 2150/18/2 2151/18/2 2152/18/2
f 2153/18/3 2154/18/3 2155/18/3 2156/18/3
f 2157/18/4 2158/18/4 2159/18/4 2160/18/4
f 2161/18/6 2162/18/6 2163/18/6 2164/18/6
f 2165/5/1 2166/5/1 2167/5/1 2168/5/1
f 2169/5/3 2170/5/3 2171/5/3 2172/5/3
f 2173/5/4 2174/5/4 2175/5/4 2176/5/4
f 2177/5/5 2178/5/5 2179/5/5 2180/5/5
f 2181/13/3 2182/13/3 2183/13/3 2184/13/3
f 2185/13/4 2186/13/4 2187/13/4 2188/13/4
f 2189/6/3 2190/6/3 2191/6/3 2192/6/3
f 2193/6/4 2194/6/4 2195/6/4 2196/6/4
f 2197/11/3 2198/11/3 2199/11/3 2200/11/3
f 2201/11/4 2202/11/4 2203/11/4 2204/11/4
f 2205/21/3 2206/21/3 2207/21/3 2208/21/3
f 2209/21/4 2210/21/4 2211/21/4 2212/21/4
f 2213/21/3 2214/21/3 2215/21/3 2216/21/3
f 2217/21/4 2218/21/4 2219/21/4 2220/21/4
f 2221/21/3 2222/21/3 2223/21/3 2224/21/3
f 2225/21/4 2226/21/4 2227/21/4 2228/21/4
f 2229/21/3 2230/21/3 2231/21/3 2232/21/3
f 2233/21/4 2234/21/4 2235/21/4 2236/21/4
f 2237/21/3 2238/21/3 2239/21/3 2240/21/3
f 2241/21/4 2242/21/4 2243/21/4 2244/21/4
f 2245/21/3 2246/21/3 2247/21/3 2248/21/3
f 2249/21/4 2250/21/4 2251/21/4 2252/21/4
f 2253/21/3 2254/21/3 2255/21/3 2256/21/3
f 2257/21/4 2258/21/4 2259/21/4 2260/21/4
f 2261/21/3 2262/21/3 2263/21/3 2264/21/3
f 2265/21/4 2266/21/4 2267/21/4 2268/21/4
f 2269/21/3 2270/21/3 2271/21/3 2272/21/3
f 2273/21/4 2274/21/4 2275/21/4 2276/21/4
f 2277/11/3 2278/11/3 2279/11/3 2280/11/3
f 2281/11/4 2282/11/4 2283/11/4 2284/11/4
f 2285/13/3 2286/13/3 2287/13/3 2288/13/3
f 2289/13/4 2290/13/4 2291/13/4 2292/13/4
f 2293/5/2 2294/5/2 2295/5/2 2296/5/2
f 2297/5/3 2298/5/3 2299/5/3 2300/5/3
f 2301/5/4 2302/5/4 2303/5/4 2304/5/4
f 2305/5/5 2306/5/5 2307/5/5 2308/5/5
f 2309/20/1 2310/20/1 2311/20/1 2312/20/1
f 2313/20/3 2314/20/3 2315/20/3 2316/20/3
f 2317/20/4 2318/20/4 2319/20/4 2320/20/4
f 2321/20/6 2322/20/6 2323/20/6 2324/20/6
f 2325/18/2 2326/18/2 2327/18/2 2328/18/2
f 2329/18/3 2330/18/3 2331/18/3 2332/18/3
f 2333/18/4 2334/18/4 2335/18/4 2336/18/4
f 2337/18/6 2338/18/6 2339/18/6 2340/18/6
f 2341/5/1 2342/5/1 2343/5/1 2344/5/1
f 2345/5/3 2346/5/3 2347/5/3 2348/5/3
f 2349/5/4 2350/5/4 2351/5/4 2352/5/4
f 2353/17/2 2354/17/2 2355/17/2 2356/17/2
f 2357/17/3 2358/17/3 2359/17/3 2360/17/3
f 2361/17/4 2362/17/4 2363/17/4 2364/17/4
f 2365/17/1 2366/17/1 2367/17/1 2368/17/1
f 2369/17/3 2370/17/3 2371/17/3 2372/17/3
f 2373/17/4 2374/17/4 2375/17/4 2376/17/4
f 2377/5/2 2378/5/2 2379/5/2 2380/5/2
f 2381/5/3 2382/5/3 2383/5/3 2384/5/3
f 2385/5/4 2386/5/4 2387/5/4 2388/5/4
f 2389/18/1 2390/18/1 2391/18/1 2392/18/1
f 2393/18/3 2394/18/3 2395/18/3 2396/18/3
f 2397/18/4 2398/18/4 2399/18/4 2400/18/4
f 2401/18/5 2402/18/5 2403/18/5 2404/18/5
f 2405/18/6 2406/18/6 2407/18/6 2408/18/6
f 2409/20/3 2410/20/3 2411/20/3 2412/20/3
f 2413/20/4 2414/20/4 2415/20/4 2416/20/4
f 2417/1/2 2418/1/2 2419/1/2 2420/1/2
f 2421/1/3 2422/1/3 2423/1/3 2424/1/3
f 2425/1/4 2426/1/4 2427/1/4 2428/1/4
f 2429/1/6 2430/1/6 2431/1/6 2432/1/6
f 2433/5/1 2434/5/1 2435/5/1 2436/5/1
f 2437/5/3 2438/5/3 2439/5/3 2440/5/3
f 2441/5/4 2442/5/4 2443/5/4 2444/5/4
f 2445/5/5 2446/5/5 2447/5/5 2448/5/5
f 2449/5/3 2450/5/3 2451/5/3 2452/5/3
f 2453/5/4 2454/5/4 2455/5/4 2456/5/4
f 2457/5/5 2458/5/5 2459/5/5 2460/5/5
f 2461/5/3 2462/5/3 2463/5/3 2464/5/3
f 2465/5/4 2466/5/4 2467/5/4 2468/5/4
f 2469/5/5 2470/5/5 2471/5/5 2472/5/5
f 2473/5/3 2474/5/3 2475/5/3 2476/5/3
f 2477/5/4 2478/5/4 2479/5/4 2480/5/4
f 2481/5/5 2482/5/5 2483/5/5 2484/5/5
f 2485/13/3 2486/13/3 2487/13/3 2488/13/3
f 2489/13/4 2490/13/4 2491/13/4 2492/13/4
f 2493/6/3 2494/6/3 2495/6/3 2496/6/3
f 2497/6/4 2498/6/4 2499/6/4 2500/6/4
f 2501/11/3 2502/11/3 2503/11/3 2504/11/3
f 2505/11/4 2506/11/4 2507/11/4 2508/11/4
f 2509/21/3 2510/21/3 2511/21/3 2512/21/3
f 2513/21/4 2514/21/4 2515/21/4 2516/21/4
f 2517/6/3 2518/6/3 2519/6/3 2520/6/3
f 2521/6/4 2522/6/4 2523/6/4 2524/6/4
f 2525/13/3 2526/13/3 2527/13/3 2528/13/3
f 2529/13/4 2530/13/4 2531/13/4 2532/13/4
f 2533/5/3 2534/5/3 2535/5/3 2536/5/3
f 2537/5/4 2538/5/4 2539/5/4 2540/5/4
f 2541/5/5 2542/5/5 2543/5/5 2544/5/5
f 2545/5/3 2546/5/3 2547/5/3 2548/5/3
f 2549/5/4 2550/5/4 2551/5/4 2552/5/4
f 2553/5/5 2554/5/5 2555/5/5 2556/5/5
f 2557/5/3 2558/5/3 2559/5/3 2560/5/3
f 2561/5/4 2562/5/4 2563/5/4 2564/5/4
f 2565/5/5 2566/5/5 2567/5/5 2568/5/5
f 2569/5/2 2570/5/2 2571/5/2 2572/5/2
f 2573/5/3 2574/5/3 2575/5/3 2576/5/3
f 2577/5/4 2578/5/4 2579/5/4 2580/5/4
f 2581/5/5 2582/5/5 2583/5/5 2584/5/5
f 2585/16/1 2586/16/1 2587/16/1 2588/16/1
f 2589/16/3 2590/16/3 2591/16/3 2592/16/3
f 2593/16/4 2594/16/4 2595/16/4 2596/16/4
f 2597/16/6 2598/16/6 2599/16/6 2600/16/6
f 2601/1/3 2602/1/3 2603/1/3 2604/1/3
f 2605/1/4 2606/1/4 2607/1/4 2608/1/4
f 2609/20/2 2610/20/2 2611/20/2 2612/20/2
f 2613/20/3 2614/20/3 2615/20/3 2616/20/3
f 2617/20/4 2618/20/4 2619/20/4 2620/20/4
f 2621/20/5 2622/20/5 2623/20/5 2624/20/5
f 2625/5/1 2626/5/1 2627/5/1 2628/5/1
f 2629/5/3 2630/5/3 2631/5/3 2632/5/3
f 2633/5/4 2634/5/4 2635/5/4 2636/5/4
f 2637/17/2 2638/17/2 2639/17/2 2640/17/2
f 2641/17/3 2642/17/3 2643/17/3 2644/17/3
f 2645/17/4 2646/17/4 2647/17/4 2648/17/4
f 2649/17/1 2650/17/1 2651/17/1 2652/17/1
f 2653/17/3 2654/17/3 2655/17/3 2656/17/3
f 2657/17/4 2658/17/4 2659/17/4 2660/17/4
f 2661/12/3 2662/12/3 2663/12/3 2664/12/3
f 2665/12/4 2666/12/4 2667/12/4 2668/12/4
f 2669/5/2 2670/5/2 2671/5/2 2672/5/2
f 2673/5/3 2674/5/3 2675/5/3 2676/5/3
f 2677/5/4 2678/5/4 2679/5/4 2680/5/4
f 2681/5/6 2682/5/6 2683/5/6 2684/5/6
f 2685/1/1 2686/1/1 2687/1/1 2688/1/1
f 2689/1/3 2690/1/3 2691/1/3 2692/1/3
f 2693/1/4 2694/1/4 2695/1/4 2696/1/4
f 2697/1/5 2698/1/5 2699/1/5 2700/1/5
f 2701/16/3 2702/16/3 2703/16/3 2704/16/3
f 2705/16/4 2706/16/4 2707/16/4 2708/16/4
f 2709/16/5 2710/16/5 2711/16/5 2712/16/5
f 2713/16/3 2714/16/3 2715/16/3 2716/16/3
f 2717/16/4 2718/16/4 2719/16/4 2720/16/4
f 2721/16/5 2722/16/5 2723/16/5 2724/16/5
f 2725/16/6 2726/16/6 2727/16/6 2728/16/6
f 2729/1/3 2730/1/3 2731/1/3 2732/1/3
f 2733/1/4 2734/1/4 2735/1/4 2736/1/4
f 2737/1/5 2738/1/5 2739/1/5 2740/1/5
f 2741/1/6 2742/1/6 2743/1/6 2744/1/6
f 2745/20/3 2746/20/3 2747/20/3 2748/20/3
f 2749/20/4 2750/20/4 2751/20/4 2752/20/4
f 2753/20/5 2754/20/5 2755/20/5 2756/20/5
f 2757/20/6 2758/20/6 2759/20/6 2760/20/6
f 2761/18/2 2762/18/2 2763/18/2 2764/18/2
f 2765/18/3 2766/18/3 2767/18/3 2768/18/3
f 2769/18/4 2770/18/4 2771/18/4 2772/18/4
f 2773/18/5 2774/18/5 2775/18/5 2776/18/5
f 2777/18/6 2778/18/6 2779/18/6 2780/18/6
f 2781/5/1 2782/5/1 2783/5/1 2784/5/1
f 2785/5/3 2786/5/3 2787/5/3 2788/5/3
f 2789/5/4 2790/5/4 2791/5/4 2792/5/4
f 2793/5/5 2794/5/5 2795/5/5 2796/5/5
f 2797/5/3 2798/5/3 2799/5/3 2800/5/3
f 2801/5/4 2802/5/4 2803/5/4 2804/5/4
f 2805/5/3 2806/5/3 2807/5/3 2808/5/3
f 2809/5/4 2810/5/4 2811/5/4 2812/5/4
f 2813/5/5 2814/5/5 2815/5/5 2816/5/5
f 2817/5/3 2818/5/3 2819/5/3 2820/5/3
f 2821/5/4 2822/5/4 2823/5/4 2824/5/4
f 2825/5/5 2826/5/5 2827/5/5 2828/5/5
f 2829/5/3 2830/5/3 2831/5/3 2832/5/3
f 2833/5/4 2834/5/4 2835/5/4 2836/5/4
f 2837/5/2 2838/5/2 2839/5/2 2840/5/2
f 2841/5/3 2842/5/3 2843/5/3 2844/5/3
f 2845/5/4 2846/5/4 2847/5/4 2848/5/4
f 2849/1/1 2850/1/1 2851/1/1 2852/1/1
f 2853/1/3 2854/1/3 2855/1/3 2856/1/3
f 2857/1/4 2858/1/4 2859/1/4 2860/1/4
f 2861/1/5 2862/1/5 2863/1/5 2864/1/5
f 2865/1/6 2866/1/6 2867/1/6 2868/1/6
f 2869/16/3 2870/16/3 2871/16/3 2872/16/3
f 2873/16/4 2874/16/4 2875/16/4 2876/16/4
f 2877/16/5 2878/16/5 2879/16/5 2880/16/5
f 2881/16/6 2882/16/6 2883/16/6 2884/16/6
f 2885/16/3 2886/16/3 2887/16/3 2888/16/3
f 2889/16/4 2890/16/4 2891/16/4 2892/16/4
f 2893/16/5 2894/16/5 2895/16/5 2896/16/5
f 2897/16/6 2898/16/6 2899/16/6 2900/16/6
f 2901/1/3 2902/1/3 2903/1/3 2904/1/3
f 2905/1/4 2906/1/4 2907/1/4 2908/1/4
f 2909/1/5 2910/1/5 2911/1/5 2912/1/5
f 2913/1/6 2914/1/6 2915/1/6 2916/1/6
f 2917/1/3 2918/1/3 2919/1/3 2920/1/3
f 2921/1/4 2922/1/4 2923/1/4 2924/1/4
f 2925/1/5 2926/1/5 2927/1/5 2928/1/5
f 2929/20/2 2930/20/2 2931/20/2 2932/20/2
f 2933/20/3 2934/20/3 2935/20/3 2936/20/3
f 2937/20/4 2938/20/4 2939/20/4 2940/20/4
f 2941/20/5 2942/20/5 2943/20/5 2944/20/5
f 2945/5/1 2946/5/1 2947/5/1 2948/5/1
f 2949/5/3 2950/5/3 2951/5/3 2952/5/3
f 2953/5/4 2954/5/4 2955/5/4 2956/5/4
f 2957/5/6 2958/5/6 2959/5/6 2960/5/6
f 2961/12/3 2962/12/3 2963/12/3 2964/12/3
f 2965/12/4 2966/12/4 2967/12/4 2968/12/4
f 2969/3/2 2970/3/2 2971/3/2 2972/3/2
f 2973/3/3 2974/3/3 2975/3/3 2976/3/3
f 2977/3/4 2978/3/4 2979/3/4 2980/3/4
f 2981/12/1 2982/12/1 2983/12/1 2984/12/1
f 2985/12/3 2986/12/3 2987/12/3 2988/12/3
f 2989/12/4 2990/12/4 2991/12/4 2992/12/4
f 2993/12/3 2994/12/3 2995/12/3 2996/12/3
f 2997/12/4 2998/12/4 2999/12/4 3000/12/4
f 3001/5/3 3002/5/3 3003/5/3 3004/5/3
f 3005/5/4 3006/5/4 3007/5/4 3008/5/4
f 3009/5/3 3010/5/3 3011/5/3 3012/5/3
f 3013/5/4 3014/5/4 3015/5/4 3016/5/4
f 3017/5/6 3018/5/6 3019/5/6 3020/5/6
f 3021/5/3 3022/5/3 3023/5/3 3024/5/3
f 3025/5/4 3026/5/4 3027/5/4 3028/5/4
f 3029/5/6 3030/5/6 3031/5/6 3032/5/6
f 3033/5/3 3034/5/3 3035/5/3 3036/5/3
f 3037/5/4 3038/5/4 3039/5/4 3040/5/4
f 3041/5/6 3042/5/6 3043/5/6 3044/5/6
f 3045/5/3 3046/5/3 3047/5/3 3048/5/3
f 3049/5/4 3050/5/4 3051/5/4 3052/5/4
f 3053/5/6 3054/5/6 3055/5/6 3056/5/6
f 3057/5/3 3058/5/3 3059/5/3 3060/5/3
f 3061/5/4 3062/5/4 3063/5/4 3064/5/4
f 3065/5/6 3066/5/6 3067/5/6 3068/5/6
f 3069/5/2 3070/5/2 3071/5/2 3072/5/2
f 3073/5/3 3074/5/3 3075/5/3 3076/5/3
f 3077/5/4 3078/5/4 3079/5/4 3080/5/4
f 3081/5/6 3082/5/6 3083/5/6 3084/5/6
f 3085/1/1 3086/1/1 3087/1/1 3088/1/1
f 3089/1/2 3090/1/2 3091/1/2 3092/1/2
f 3093/1/3 3094/1/3 3095/1/3 3096/1/3
f 3097/1/4 3098/1/4 3099/1/4 3100/1/4
f 3101/1/5 3102/1/5 3103/1/5 3104/1/5
f 3105/1/6 3106/1/6 3107/1/6 3108/1/6
f 3109/5/1 3110/5/1 3111/5/1 3112/5/1
f 3113/5/2 3114/5/2 3115/5/2 3116/5/2
f 3117/5/3 3118/5/3 3119/5/3 3120/5/3
f 3121/5/4 3122/5/4 3123/5/4 3124/5/4
f 3125/16/1 3126/16/1 3127/16/1 3128/16/1
f 3129/16/3 3130/16/3 3131/16/3 3132/16/3
f 3133/16/4 3134/16/4 3135/16/4 3136/16/4
f 3137/16/6 3138/16/6 3139/16/6 3140/16/6
f 3141/18/2 3142/18/2 3143/18/2 3144/18/2
f 3145/18/3 3146/18/3 3147/18/3 3148/18/3
f 3149/18/4 3150/18/4 3151/18/4 3152/18/4
f 3153/18/5 3154/18/5 3155/18/5 3156/18/5
f 3157/18/6 3158/18/6 3159/18/6 3160/18/6
f 3161/5/1 3162/5/1 3163/5/1 3164/5/1
f 3165/5/3 3166/5/3 3167/5/3 3168/5/3
f 3169/5/4 3170/5/4 3171/5/4 3172/5/4
f 3173/8/3 3174/8/3 3175/8/3 3176/8/3
f 3177/8/4 3178/8/4 3179/8/4 3180/8/4
f 3181/5/3 3182/5/3 3183/5/3 3184/5/3
f 3185/5/4 3186/5/4 3187/5/4 3188/5/4
f 3189/5/6 3190/5/6 3191/5/6 3192/5/6
f 3193/5/3 3194/5/3 3195/5/3 3196/5/3
f 3197/5/4 3198/5/4 3199/5/4 3200/5/4
f 3201/5/6 3202/5/6 3203/5/6 3204/5/6
f 3205/5/3 3206/5/3 3207/5/3 3208/5/3
f 3209/5/4 3210/5/4 3211/5/4 3212/5/4
f 3213/5/6 3214/5/6 3215/5/6 3216/5/6
f 3217/5/3 3218/5/3 3219/5/3 3220/5/3
f 3221/5/4 3222/5/4 3223/5/4 3224/5/4
f 3225/5/6 3226/5/6 3227/5/6 3228/5/6
f 3229/5/3 3230/5/3 3231/5/3 3232/5/3
f 3233/5/4 3234/5/4 3235/5/4 3236/5/4
f 3237/5/6 3238/5/6 3239/5/6 3240/5/6
f 3241/5/3 3242/5/3 3243/5/3 3244/5/3
f 3245/5/4 3246/5/4 3247/5/4 3248/5/4
f 3249/5/6 3250/5/6 3251/5/6 3252/5/6
f 3253/5/3 3254/5/3 3255/5/3 3256/5/3
f 3257/5/4 3258/5/4 3259/5/4 3260/5/4
f 3261/12/3 3262/12/3 3263/12/3 3264/12/3
f 3265/12/4 3266/12/4 3267/12/4 3268/12/4
f 3269/12/2 3270/12/2 3271/12/2 3272/12/2
f 3273/12/3 3274/12/3 3275/12/3 3276/12/3
f 3277/12/4 3278/12/4 3279/12/4 3280/12/4
f 3281/19/1 3282/19/1 3283/19/1 3284/19/1
f 3285/19/3 3286/19/3 3287/19/3 3288/19/3
f 3289/19/4 3290/19/4 3291/19/4 3292/19/4
f 3293/12/3 3294/12/3 3295/12/3 3296/12/3
f 3297/12/4 3298/12/4 3299/12/4 3300/12/4
f 3301/5/3 3302/5/3 3303/5/3 3304/5/3
f 3305/5/4 3306/5/4 3307/5/4 3308/5/4
f 3309/5/3 3310/5/3 3311/5/3 3312/5/3
f 3313/5/4 3314/5/4 3315/5/4 3316/5/4
f 3317/11/3 3318/11/3 3319/11/3 3320/11/3
f 3321/11/4 3322/11/4 3323/11/4 3324/11/4
f 3325/21/3 3326/21/3 3327/21/3 3328/21/3
f 3329/21/4 3330/21/4 3331/21/4 3332/21/4
f 3333/11/3 3334/11/3 3335/11/3 3336/11/3
f 3337/11/4 3338/11/4 3339/11/4 3340/11/4
f 3341/6/3 3342/6/3 3343/6/3 3344/6/3
f 3345/6/4 3346/6/4 3347/6/4 3348/6/4
f 3349/13/3 3350/13/3 3351/13/3 3352/13/3
f 3353/13/4 3354/13/4 3355/13/4 3356/13/4
f 3357/5/3 3358/5/3 3359/5/3 3360/5/3
f 3361/5/4 3362/5/4 3363/5/4 3364/5/4
f 3365/5/6 3366/5/6 3367/5/6 3368/5/6
f 3369/5/2 3370/5/2 3371/5/2 3372/5/2
f 3373/5/3 3374/5/3 3375/5/3 3376/5/3
f 3377/5/4 3378/5/4 3379/5/4 3380/5/4
f 3381/18/1 3382/18/1 3383/18/1 3384/18/1
f 3385/18/2 3386/18/2 3387/18/2 3388/18/2
f 3389/18/3 3390/18/3 3391/18/3 3392/18/3
f 3393/18/4 3394/18/4 3395/18/4 3396/18/4
f 3397/18/5 3398/18/5 3399/18/5 3400/18/5
f 3401/8/1 3402/8/1 3403/8/1 3404/8/1
f 3405/8/3 3406/8/3 3407/8/3 3408/8/3
f 3409/8/4 3410/8/4 3411/8/4 3412/8/4
f 3413/8/6 3414/8/6 3415/8/6 3416/8/6
f 3417/5/3 3418/5/3 3419/5/3 3420/5/3
f 3421/5/4 3422/5/4 3423/5/4 3424/5/4
f 3425/5/3 3426/5/3 3427/5/3 3428/5/3
f 3429/5/4 3430/5/4 3431/5/4 3432/5/4
f 3433/11/3 3434/11/3 3435/11/3 3436/11/3
f 3437/11/4 3438/11/4 3439/11/4 3440/11/4
f 3441/21/3 3442/21/3 3443/21/3 3444/21/3
f 3445/21/4 3446/21/4 3447/21/4 3448/21/4
f 3449/11/3 3450/11/3 3451/11/3 3452/11/3
f 3453/11/4 3454/11/4 3455/11/4 3456/11/4
f 3457/6/3 3458/6/3 3459/6/3 3460/6/3
f 3461/6/4 3462/6/4 3463/6/4 3464/6/4
f 3465/13/3 3466/13/3 3467/13/3 3468/13/3
f 3469/13/4 3470/13/4 3471/13/4 3472/13/4
f 3473/5/3 3474/5/3 3475/5/3 3476/5/3
f 3477/5/4 3478/5/4 3479/5/4 3480/5/4
f 3481/5/3 3482/5/3 3483/5/3 3484/5/3
f 3485/5/4 3486/5/4 3487/5/4 3488/5/4
f 3489/17/3 3490/17/3 3491/17/3 3492/17/3
f 3493/17/4 3494/17/4 3495/17/4 3496/17/4
f 3497/12/2 3498/12/2 3499/12/2 3500/12/2
f 3501/12/3 3502/12/3 3503/12/3 3504/12/3
f 3505/12/4 3506/12/4 3507/12/4 3508/12/4
f 3509/17/1 3510/17/1 3511/17/1 3512/17/1
f 3513/17/3 3514/17/3 3515/17/3 3516/17/3
f 3517/17/4 3518/17/4 3519/17/4 3520/17/4
f 3521/12/3 3522/12/3 3523/12/3 3524/12/3
f 3525/12/4 3526/12/4 3527/12/4 3528/12/4
f 3529/5/3 3530/5/3 3531/5/3 3532/5/3
f 3533/5/4 3534/5/4 3535/5/4 3536/5/4
f 3537/4/3 3538/4/3 3539/4/3 3540/4/3
f 3541/4/4 3542/4/4 3543/4/4 3544/4/4
f 3545/5/3 3546/5/3 3547/5/3 3548/5/3
f 3549/5/4 3550/5/4 3551/5/4 3552/5/4
f 3553/5/5 3554/5/5 3555/5/5 3556/5/5
f 3557/5/3 3558/5/3 3559/5/3 3560/5/3
f 3561/5/4 3562/5/4 3563/5/4 3564/5/4
f 3565/5/5 3566/5/5 3567/5/5 3568/5/5
f 3569/5/3 3570/5/3 3571/5/3 3572/5/3
f 3573/5/4 3574/5/4 3575/5/4 3576/5/4
f 3577/5/5 3578/5/5 3579/5/5 3580/5/5
f 3581/5/3 3582/5/3 3583/5/3 3584/5/3
f 3585/5/4 3586/5/4 3587/5/4 3588/5/4
f 3589/5/5 3590/5/5 3591/5/5 3592/5/5
f 3593/5/3 3594/5/3 3595/5/3 3596/5/3
f 3597/5/4 3598/5/4 3599/5/4 3600/5/4
f 3601/5/5 3602/5/5 3603/5/5 3604/5/5
f 3605/5/3 3606/5/3 3607/5/3 3608/5/3
f 3609/5/4 3610/5/4 3611/5/4 3612/5/4
f 3613/5/5 3614/5/5 3615/5/5 3616/5/5
f 3617/5/3 3618/5/3 3619/5/3 3620/5/3
f 3621/5/4 3622/5/4 3623/5/4 3624/5/4
f 3625/5/5 3626/5/5 3627/5/5 3628/5/5
f 3629/5/3 3630/5/3 3631/5/3 3632/5/3
f 3633/5/4 3634/5/4 3635/5/4 3636/5/4
f 3637/5/5 3638/5/5 3639/5/5 3640/5/5
f 3641/5/6 3642/5/6 3643/5/6 3644/5/6
f 3645/5/3 3646/5/3 3647/5/3 3648/5/3
f 3649/5/4 3650/5/4 3651/5/4 3652/5/4
f 3653/5/5 3654/5/5 3655/5/5 3656/5/5
f 3657/5/3 3658/5/3 3659/5/3 3660/5/3
f 3661/5/4 3662/5/4 3663/5/4 3664/5/4
f 3665/5/3 3666/5/3 3667/5/3 3668/5/3
f 3669/5/4 3670/5/4 3671/5/4 3672/5/4
f 3673/5/3 3674/5/3 3675/5/3 3676/5/3
f 3677/5/4 3678/5/4 3679/5/4 3680/5/4
f 3681/5/3 3682/5/3 3683/5/3 3684/5/3
f 3685/5/4 3686/5/4 3687/5/4 3688/5/4
f 3689/5/3 3690/5/3 3691/5/3 3692/5/3
f 3693/5/4 3694/5/4 3695/5/4 3696/5/4
f 3697/5/3 3698/5/3 3699/5/3 3700/5/3
f 3701/5/4 3702/5/4 3703/5/4 3704/5/4
f 3705/5/3 3706/5/3 3707/5/3 3708/5/3
f 3709/5/4 3710/5/4 3711/5/4 3712/5/4
f 3713/15/3 3714/15/3 3715/15/3 3716/15/3
f 3717/15/4 3718/15/4 3719/15/4 3720/15/4
f 3721/5/3 3722/5/3 3723/5/3 3724/5/3
f 3725/5/4 3726/5/4 3727/5/4 3728/5/4
f 3729/12/3 3730/12/3 3731/12/3 3732/12/3
f 3733/12/4 3734/12/4 3735/12/4 3736/12/4
f 3737/19/2 3738/19/2 3739/19/2 3740/19/2
f 3741/19/3 3742/19/3 3743/19/3 3744/19/3
f 3745/19/4 3746/19/4 3747/19/4 3748/19/4
f 3749/17/1 3750/17/1 3751/17/1 3752/17/1
f 3753/17/3 3754/17/3 3755/17/3 3756/17/3
f 3757/17/4 3758/17/4 3759/17/4 3760/17/4
f 3761/12/3 3762/12/3 3763/12/3 3764/12/3
f 3765/12/4 3766/12/4 3767/12/4 3768/12/4
f 3769/5/3 3770/5/3 3771/5/3 3772/5/3
f 3773/5/4 3774/5/4 3775/5/4 3776/5/4
f 3777/8/2 3778/8/2 3779/8/2 3780/8/2
f 3781/8/3 3782/8/3 3783/8/3 3784/8/3
f 3785/8/4 3786/8/4 3787/8/4 3788/8/4
f 3789/18/1 3790/18/1 3791/18/1 3792/18/1
f 3793/18/3 3794/18/3 3795/18/3 3796/18/3
f 3797/18/4 3798/18/4 3799/18/4 3800/18/4
f 3801/18/5 3802/18/5 3803/18/5 3804/18/5
f 3805/18/6 3806/18/6 3807/18/6 3808/18/6
f 3809/20/3 3810/20/3 3811/20/3 3812/20/3
f 3813/20/4 3814/20/4 3815/20/4 3816/20/4
f 3817/20/5 3818/20/5 3819/20/5 3820/20/5
f 3821/20/6 3822/20/6 3823/20/6 3824/20/6
f 3825/1/3 3826/1/3 3827/1/3 3828/1/3
f 3829/1/4 3830/1/4 3831/1/4 3832/1/4
f 3833/1/5 3834/1/5 3835/1/5 3836/1/5
f 3837/1/6 3838/1/6 3839/1/6 3840/1/6
f 3841/16/3 3842/16/3 3843/16/3 3844/16/3
f 3845/16/4 3846/16/4 3847/16/4 3848/16/4
f 3849/16/5 3850/16/5 3851/16/5 3852/16/5
f 3853/16/6 3854/16/6 3855/16/6 3856/16/6
f 3857/16/3 3858/16/3 3859/16/3 3860/16/3
f 3861/16/4 3862/16/4 3863/16/4 3864/16/4
f 3865/16/5 3866/16/5 3867/16/5 3868/16/5
f 3869/16/6 3870/16/6 3871/16/6 3872/16/6
f 3873/16/3 3874/16/3 3875/16/3 3876/16/3
f 3877/16/4 3878/16/4 3879/16/4 3880/16/4
f 3881/16/5 3882/16/5 3883/16/5 3884/16/5
f 3885/16/6 3886/16/6 3887/16/6 3888/16/6
f 3889/1/3 3890/1/3 3891/1/3 3892/1/3
f 3893/1/4 3894/1/4 3895/1/4 3896/1/4
f 3897/1/5 3898/1/5 3899/1/5 3900/1/5
f 3901/1/6 3902/1/6 3903/1/6 3904/1/6
f 3905/20/3 3906/20/3 3907/20/3 3908/20/3
f 3909/20/4 3910/20/4 3911/20/4 3912/20/4
f 3913/20/5 3914/20/5 3915/20/5 3916/20/5
f 3917/20/6 3918/20/6 3919/20/6 3920/20/6
f 3921/18/2 3922/18/2 3923/18/2 3924/18/2
f 3925/18/3 3926/18/3 3927/18/3 3928/18/3
f 3929/18/4 3930/18/4 3931/18/4 3932/18/4
f 3933/18/5 3934/18/5 3935/18/5 3936/18/5
f 3937/18/6 3938/18/6 3939/18/6 3940/18/6
f 3941/8/1 3942/8/1 3943/8/1 3944/8/1
f 3945/8/3 3946/8/3 3947/8/3 3948/8/3
f 3949/8/4 3950/8/4 3951/8/4 3952/8/4
f 3953/4/3 3954/4/3 3955/4/3 3956/4/3
f 3957/4/4 3958/4/4 3959/4/4 3960/4/4
f 3961/14/3 3962/14/3 3963/14/3 3964/14/3
f 3965/14/4 3966/14/4 3967/14/4 3968/14/4
f 3969/10/3 3970/10/3 3971/10/3 3972/10/3
f 3973/10/4 3974/10/4 3975/10/4 3976/10/4
f 3977/22/3 3978/22/3 3979/22/3 3980/22/3
f 3981/22/4 3982/22/4 3983/22/4 3984/22/4
f 3985/9/3 3986/9/3 3987/9/3 3988/9/3
f 3989/9/4 3990/9/4 3991/9/4 3992/9/4
f 3993/15/3 3994/15/3 3995/15/3 3996/15/3
f 3997/15/4 3998/15/4 3999/15/4 4000/15/4
f 4001/15/3 4002/15/3 4003/15/3 4004/15/3
f 4005/15/4 4006/15/4 4007/15/4 4008/15/4
f 4009/5/3 4010/5/3 4011/5/3 4012/5/3
f 4013/5/4 4014/5/4 4015/5/4 4016/5/4
f 4017/17/3 4018/17/3 4019/17/3 4020/17/3
f 4021/17/4 4022/17/4 4023/17/4 4024/17/4
f 4025/17/2 4026/17/2 4027/17/2 4028/17/2
f 4029/17/3 4030/17/3 4031/17/3 4032/17/3
f 4033/17/4 4034/17/4 4035/17/4 4036/17/4
f 4037/17/1 4038/17/1 4039/17/1 4040/17/1
f 4041/17/3 4042/17/3 4043/17/3 4044/17/3
f 4045/17/4 4046/17/4 4047/17/4 4048/17/4
f 4049/12/3 4050/12/3 4051/12/3 4052/12/3
f 4053/12/4 4054/12/4 4055/12/4 4056/12/4
f 4057/12/3 4058/12/3 4059/12/3 4060/12/3
f 4061/12/4 4062/12/4 4063/12/4 4064/12/4
f 4065/5/3 4066/5/3 4067/5/3 4068/5/3
f 4069/5/4 4070/5/4 4071/5/4 4072/5/4
f 4073/5/3 4074/5/3 4075/5/3 4076/5/3
f 4077/5/4 4078/5/4 4079/5/4 4080/5/4
f 4081/5/6 4082/5/6 4083/5/6 4084/5/6
f 4085/5/3 4086/5/3 4087/5/3 4088/5/3
f 4089/5/4 4090/5/4 4091/5/4 4092/5/4
f 4093/5/6 4094/5/6 4095/5/6 4096/5/6
f 4097/5/3 4098/5/3 4099/5/3 4100/5/3
f 4101/5/4 4102/5/4 4103/5/4 4104/5/4
f 4105/5/6 4106/5/6 4107/5/6 4108/5/6
f 4109/5/3 4110/5/3 4111/5/3 4112/5/3
f 4113/5/4 4114/5/4 4115/5/4 4116/5/4
f 4117/5/6 4118/5/6 4119/5/6 4120/5/6
f 4121/5/3 4122/5/3 4123/5/3 4124/5/3
f 4125/5/4 4126/5/4 4127/5/4 4128/5/4
f 4129/5/6 4130/5/6 4131/5/6 4132/5/6
f 4133/5/3 4134/5/3 4135/5/3 4136/5/3
f 4137/5/4 4138/5/4 4139/5/4 4140/5/4
f 4141/5/6 4142/5/6 4143/5/6 4144/5/6
f 4145/5/3 4146/5/3 4147/5/3 4148/5/3
f 4149/5/4 4150/5/4 4151/5/4 4152/5/4
f 4153/5/6 4154/5/6 4155/5/6 4156/5/6
f 4157/5/3 4158/5/3 4159/5/3 4160/5/3
f 4161/5/4 4162/5/4 4163/5/4 4164/5/4
f 4165/5/6 4166/5/6 4167/5/6 4168/5/6
f 4169/5/3 4170/5/3 4171/5/3 4172/5/3
f 4173/5/4 4174/5/4 4175/5/4 4176/5/4
f 4177/5/6 4178/5/6 4179/5/6 4180/5/6
f 4181/5/3 4182/5/3 4183/5/3 4184/5/3
f 4185/5/4 4186/5/4 4187/5/4 4188/5/4
f 4189/5/3 4190/5/3 4191/5/3 4192/5/3
f 4193/5/4 4194/5/4 4195/5/4 4196/5/4
f 4197/5/3 4198/5/3 4199/5/3 4200/5/3
f 4201/5/4 4202/5/4 4203/5/4 4204/5/4
f 4205/5/3 4206/5/3 4207/5/3 4208/5/3
f 4209/5/4 4210/5/4 4211/5/4 4212/5/4
f 4213/5/3 4214/5/3 4215/5/3 4216/5/3
f 4217/5/4 4218/5/4 4219/5/4 4220/5/4
f 4221/5/3 4222/5/3 4223/5/3 4224/5/3
f 4225/5/4 4226/5/4 4227/5/4 4228/5/4
f 4229/5/3 4230/5/3 4231/5/3 4232/5/3
f 4233/5/4 4234/5/4 4235/5/4 4236/5/4
f 4237/5/3 4238/5/3 4239/5/3 4240/5/3
f 4241/5/4 4242/5/4 4243/5/4 4244/5/4
f 4245/12/3 4246/12/3 4247/12/3 4248/12/3
f 4249/12/4 4250/12/4 4251/12/4 4252/12/4
f 4253/3/3 4254/3/3 4255/3/3 4256/3/3
f 4257/3/4 4258/3/4 4259/3/4 4260/3/4
f 4261/17/2 4262/17/2 4263/17/2 4264/17/2
f 4265/17/3 4266/17/3 4267/17/3 4268/17/3
f 4269/17/4 4270/17/4 4271/17/4 4272/17/4
f 4273/12/1 4274/12/1 4275/12/1 4276/12/1
f 4277/12/3 4278/12/3 4279/12/3 4280/12/3
f 4281/12/4 4282/12/4 4283/12/4 4284/12/4
f 4285/17/3 4286/17/3 4287/17/3 4288/17/3
f 4289/17/4 4290/17/4 4291/17/4 4292/17/4
f 4293/17/3 4294/17/3 4295/17/3 4296/17/3
f 4297/17/4 4298/17/4 4299/17/4 4300/17/4
f 4301/12/3 4302/12/3 4303/12/3 4304/12/3
f 4305/12/4 4306/12/4 4307/12/4 4308/12/4
f 4309/12/3 4310/12/3 4311/12/3 4312/12/3
f 4313/12/4 4314/12/4 4315/12/4 4316/12/4
f 4317/12/3 4318/12/3 4319/12/3 4320/12/3
f 4321/12/4 4322/12/4 4323/12/4 4324/12/4
f 4325/12/3 4326/12/3 4327/12/3 4328/12/3
f 4329/12/4 4330/12/4 4331/12/4 4332/12/4
f 4333/12/3 4334/12/3 4335/12/3 4336/12/3
f 4337/12/4 4338/12/4 4339/12/4 4340/12/4
f 4341/12/3 4342/12/3 4343/12/3 4344/12/3
f 4345/12/4 4346/12/4 4347/12/4 4348/12/4
f 4349/12/3 4350/12/3 4351/12/3 4352/12/3
f 4353/12/4 4354/12/4 4355/12/4 4356/12/4
f 4357/12/3 4358/12/3 4359/12/3 4360/12/3
f 4361/12/4 4362/12/4 4363/12/4 4364/12/4
f 4365/12/3 4366/12/3 4367/12/3 4368/12/3
f 4369/12/4 4370/12/4 4371/12/4 4372/12/4
f 4373/12/3 4374/12/3 4375/12/3 4376/12/3
f 4377/12/4 4378/12/4 4379/12/4 4380/12/4
f 4381/12/3 4382/12/3 4383/12/3 4384/12/3
f 4385/12/4 4386/12/4 4387/12/4 4388/12/4
f 4389/12/3 4390/12/3 4391/12/3 4392/12/3
f 4393/12/4 4394/12/4 4395/12/4 4396/12/4
f 4397/12/3 4398/12/3 4399/12/3 4400/12/3
f 4401/12/4 4402/12/4 4403/12/4 4404/12/4
f 4405/12/3 4406/12/3 4407/12/3 4408/12/3
f 4409/12/4 4410/12/4 4411/12/4 4412/12/4
f 4413/12/3 4414/12/3 4415/12/3 4416/12/3
f 4417/12/4 4418/12/4 4419/12/4 4420/12/4
f 4421/12/3 4422/12/3 4423/12/3 4424/12/3
f 4425/12/4 4426/12/4 4427/12/4 4428/12/4
f 4429/12/3 4430/12/3 4431/12/3 4432/12/3
f 4433/12/4 4434/12/4 4435/12/4 4436/12/4
f 4437/12/3 4438/12/3 4439/12/3 4440/12/3
f 4441/12/4 4442/12/4 4443/12/4 4444/12/4
f 4445/3/3 4446/3/3 4447/3/3 4448/3/3
f 4449/3/4 4450/3/4 4451/3/4 4452/3/4
f 4453/12/3 4454/12/3 4455/12/3 4456/12/3
f 4457/12/4 4458/12/4 4459/12/4 4460/12/4
f 4461/3/2 4462/3/2 4463/3/2 4464/3/2
f 4465/3/3 4466/3/3 4467/3/3 4468/3/3
f 4469/3/4 4470/3/4 4471/3/4 4472/3/4
f 4473/12/1 4474/12/1 4475/12/1 4476/12/1
f 4477/12/3 4478/12/3 4479/12/3 4480/12/3
f 4481/12/4 4482/12/4 4483/12/4 4484/12/4
f 4485/3/3 4486/3/3 4487/3/3 4488/3/3
f 4489/3/4 4490/3/4 4491/3/4 4492/3/4
f 4493/17/3 4494/17/3 4495/17/3 4496/17/3
f 4497/17/4 4498/17/4 4499/17/4 4500/17/4
f 4501/17/3 4502/17/3 4503/17/3 4504/17/3
f 4505/17/4 4506/17/4 4507/17/4 4508/17/4
f 4509/17/3 4510/17/3 4511/17/3 4512/17/3
f 4513/17/4 4514/17/4 4515/17/4 4516/17/4
f 4517/17/3 4518/17/3 4519/17/3 4520/17/3
f 4521/17/4 4522/17/4 4523/17/4 4524/17/4
f 4525/12/3 4526/12/3 4527/12/3 4528/12/3
f 4529/12/4 4530/12/4 4531/12/4 4532/12/4
f 4533/12/3 4534/12/3 4535/12/3 4536/12/3
f 4537/12/4 4538/12/4 4539/12/4 4540/12/4
f 4541/12/3 4542/12/3 4543/12/3 4544/12/3
f 4545/12/4 4546/12/4 4547/12/4 4548/12/4
f 4549/19/3 4550/19/3 4551/19/3 4552/19/3
f 4553/19/4 4554/19/4 4555/19/4 4556/19/4
f 4557/7/3 4558/7/3 4559/7/3 4560/7/3
f 4561/7/4 4562/7/4 4563/7/4 4564/7/4
f 4565/2/3 4566/2/3 4567/2/3 4568/2/3
f 4569/2/4 4570/2/4 4571/2/4 4572/2/4
f 4573/12/3 4574/12/3 4575/12/3 4576/12/3
f 4577/12/4 4578/12/4 4579/12/4 4580/12/4
f 4581/3/3 4582/3/3 4583/3/3 4584/3/3
f 4585/3/4 4586/3/4 4587/3/4 4588/3/4
f 4589/17/3 4590/17/3 4591/17/3 4592/17/3
f 4593/17/4 4594/17/4 4595/17/4 4596/17/4
f 4597/17/3 4598/17/3 4599/17/3 4600/17/3
f 4601/17/4 4602/17/4 4603/17/4 4604/17/4
f 4605/17/3 4606/17/3 4607/17/3 4608/17/3
f 4609/17/4 4610/17/4 4611/17/4 4612/17/4
f 4613/3/3 4614/3/3 4615/3/3 4616/3/3
f 4617/3/4 4618/3/4 4619/3/4 4620/3/4
f 4621/12/3 4622/12/3 4623/12/3 4624/12/3
f 4625/12/4 4626/12/4 4627/12/4 4628/12/4
f 4629/19/3 4630/19/3 4631/19/3 4632/19/3
f 4633/19/4 4634/19/4 4635/19/4 4636/19/4
f 4637/7/3 4638/7/3 4639/7/3 4640/7/3
f 4641/7/4 4642/7/4 4643/7/4 4644/7/4
f 4645/2/3 4646/2/3 4647/2/3 4648/2/3
f 4649/2/4 4650/2/4 4651/2/4 4652/2/4
f 4653/12/3 4654/12/3 4655/12/3 4656/12/3
f 4657/12/4 4658/12/4 4659/12/4 4660/12/4
f 4661/12/2 4662/12/2 4663/12/2 4664/12/2
f 4665/12/3 4666/12/3 4667/12/3 4668/12/3
f 4669/12/4 4670/12/4 4671/12/4 4672/12/4
f 4673/17/1 4674/17/1 4675/17/1 4676/17/1
f 4677/17/3 4678/17/3 4679/17/3 4680/17/3
f 4681/17/4 4682/17/4 4683/17/4 4684/17/4
f 4685/12/3 4686/12/3 4687/12/3 4688/12/3
f 4689/12/4 4690/12/4 4691/12/4 4692/12/4
f 4693/12/3 4694/12/3 4695/12/3 4696/12/3
f 4697/12/4 4698/12/4 4699/12/4 4700/12/4
f 4701/3/3 4702/3/3 4703/3/3 4704/3/3
f 4705/3/4 4706/3/4 4707/3/4 4708/3/4
f 4709/17/3 4710/17/3 4711/17/3 4712/17/3
f 4713/17/4 4714/17/4 4715/17/4 4716/17/4
f 4717/12/3 4718/12/3 4719/12/3 4720/12/3
f 4721/12/4 4722/12/4 4723/12/4 4724/12/4
f 4725/19/3 4726/19/3 4727/19/3 4728/19/3
f 4729/19/4 4730/19/4 4731/19/4 4732/19/4
f 4733/12/3 4734/12/3 4735/12/3 4736/12/3
f 4737/12/4 4738/12/4 4739/12/4 4740/12/4
f 4741/17/3 4742/17/3 4743/17/3 4744/17/3
f 4745/17/4 4746/17/4 4747/17/4 4748/17/4
f 4749/17/3 4750/17/3 4751/17/3 4752/17/3
f 4753/17/4 4754/17/4 4755/17/4 4756/17/4
f 4757/17/3 4758/17/3 4759/17/3 4760/17/3
f 4761/17/4 4762/17/4 4763/17/4 4764/17/4
f 4765/19/3 4766/19/3 4767/19/3 4768/19/3
f 4769/19/4 4770/19/4 4771/19/4 4772/19/4
f 4773/7/3 4774/7/3 4775/7/3 4776/7/3
f 4777/7/4 4778/7/4 4779/7/4 4780/7/4
f 4781/12/3 4782/12/3 4783/12/3 4784/12/3
f 4785/12/4 4786/12/4 4787/12/4 4788/12/4
f 4789/3/3 4790/3/3 4791/3/3 4792/3/3
f 4793/3/4 4794/3/4 4795/3/4 4796/3/4
f 4797/17/3 4798/17/3 4799/17/3 4800/17/3
f 4801/17/4 4802/17/4 4803/17/4 4804/17/4
f 4805/12/3 4806/12/3 4807/12/3 4808/12/3
f 4809/12/4 4810/12/4 4811/12/4 4812/12/4
f 4813/12/3 4814/12/3 4815/12/3 4816/12/3
f 4817/12/4 4818/12/4 4819/12/4 4820/12/4
f 4821/17/3 4822/17/3 4823/17/3 4824/17/3
f 4825/17/4 4826/17/4 4827/17/4 4828/17/4
f 4829/17/3 4830/17/3 4831/17/3 4832/17/3
f 4833/17/4 4834/17/4 4835/17/4 4836/17/4
f 4837/17/3 4838/17/3 4839/17/3 4840/17/3
f 4841/17/4 4842/17/4 4843/17/4 4844/17/4
f 4845/19/3 4846/19/3 4847/19/3 4848/19/3
f 4849/19/4 4850/19/4 4851/19/4 4852/19/4
f 4853/7/3 4854/7/3 4855/7/3 4856/7/3
f 4857/7/4 4858/7/4 4859/7/4 4860/7/4
f 4861/12/2 4862/12/2 4863/12/2 4864/12/2
f 4865/12/3 4866/12/3 4867/12/3 4868/12/3
f 4869/12/4 4870/12/4 4871/12/4 4872/12/4
f 4873/12/1 4874/12/1 4875/12/1 4876/12/1
f 4877/12/3 4878/12/3 4879/12/3 4880/12/3
f 4881/12/4 4882/12/4 4883/12/4 4884/12/4
f 4885/12/3 4886/12/3 4887/12/3 4888/12/3
f 4889/12/4 4890/12/4 4891/12/4 4892/12/4
f 4893/12/3 4894/12/3 4895/12/3 4896/12/3
f 4897/12/4 4898/12/4 4899/12/4 4900/12/4
f 4901/12/3 4902/12/3 4903/12/3 4904/12/3
f 4905/12/4 4906/12/4 4907/12/4 4908/12/4
f 4909/12/3 4910/12/3 4911/12/3 4912/12/3
f 4913/12/4 4914/12/4 4915/12/4 4916/12/4
f 4917/19/3 4918/19/3 4919/19/3 4920/19/3
f 4921/19/4 4922/19/4 4923/19/4 4924/19/4
f 4925/17/3 4926/17/3 4927/17/3 4928/17/3
f 4929/17/4 4930/17/4 4931/17/4 4932/17/4
f 4933/12/3 4934/12/3 4935/12/3 4936/12/3
f 4937/12/4 4938/12/4 4939/12/4 4940/12/4
f 4941/3/3 4942/3/3 4943/3/3 4944/3/3
f 4945/3/4 4946/3/4 4947/3/4 4948/3/4
f 4949/17/3 4950/17/3 4951/17/3 4952/17/3
f 4953/17/4 4954/17/4 4955/17/4 4956/17/4
f 4957/17/3 4958/17/3 4959/17/3 4960/17/3
f 4961/17/4 4962/17/4 4963/17/4 4964/17/4
f 4965/17/3 4966/17/3 4967/17/3 4968/17/3
f 4969/17/4 4970/17/4 4971/17/4 4972/17/4
f 4973/17/3 4974/17/3 4975/17/3 4976/17/3
f 4977/17/4 4978/17/4 4979/17/4 4980/17/4
f 4981/12/3 4982/12/3 4983/12/3 4984/12/3
f 4985/12/4 4986/12/4 4987/12/4 4988/12/4
f 4989/12/3 4990/12/3 4991/12/3 4992/12/3
f 4993/12/4 4994/12/4 4995/12/4 4996/12/4
f 4997/12/3 4998/12/3 4999/12/3 5000/12/3
f 5001/12/4 5002/12/4 5003/12/4 5004/12/4
f 5005/12/3 5006/12/3 5007/12/3 5008/12/3
f 5009/12/4 5010/12/4 5011/12/4 5012/12/4
f 5013/12/3 5014/12/3 5015/12/3 5016/12/3
f 5017/12/4 5018/12/4 5019/12/4 5020/12/4
f 5021/3/3 5022/3/3 5023/3/3 5024/3/3
f 5025/3/4 5026/3/4 5027/3/4 5028/3/4
f 5029/17/3 5030/17/3 5031/17/3 5032/17/3
f 5033/17/4 5034/17/4 5035/17/4 5036/17/4
f 5037/17/3 5038/17/3 5039/17/3 5040/17/3
f 5041/17/4 5042/17/4 5043/17/4 5044/17/4
f 5045/17/3 5046/17/3 5047/17/3 5048/17/3
f 5049/17/4 5050/17/4 5051/17/4 5052/17/4
f 5053/17/3 5054/17/3 5055/17/3 5056/17/3
f 5057/17/4 5058/17/4 5059/17/4 5060/17/4
f 5061/12/2 5062/12/2 5063/12/2 5064/12/2
f 5065/12/3 5066/12/3 5067/12/3 5068/12/3
f 5069/12/4 5070/12/4 5071/12/4 5072/12/4
f 5073/19/1 5074/19/1 5075/19/1 5076/19/1
f 5077/19/3 5078/19/3 5079/19/3 5080/19/3
f 5081/19/4 5082/19/4 5083/19/4 5084/19/4
f 5085/7/3 5086/7/3 5087/7/3 5088/7/3
f 5089/7/4 5090/7/4 5091/7/4 5092/7/4
f 5093/12/3 5094/12/3 5095/12/3 5096/12/3
f 5097/12/4 5098/12/4 5099/12/4 5100/12/4
f 5101/17/3 5102/17/3 5103/17/3 5104/17/3
f 5105/17/4 5106/17/4 5107/17/4 5108/17/4
f 5109/17/3 5110/17/3 5111/17/3 5112/17/3
f 5113/17/4 5114/17/4 5115/17/4 5116/17/4
f 5117/17/3 5118/17/3 5119/17/3 5120/17/3
f 5121/17/4 5122/17/4 5123/17/4 5124/17/4
f 5125/17/3 5126/17/3 5127/17/3 5128/17/3
f 5129/17/4 5130/17/4 5131/17/4 5132/17/4
f 5133/19/3 5134/19/3 5135/19/3 5136/19/3
f 5137/19/4 5138/19/4 5139/19/4 5140/19/4
f 5141/12/3 5142/12/3 5143/12/3 5144/12/3
f 5145/12/4 5146/12/4 5147/12/4 5148/12/4
f 5149/12/3 5150/12/3 5151/12/3 5152/12/3
f 5153/12/4 5154/12/4 5155/12/4 5156/12/4
f 5157/3/3 5158/3/3 5159/3/3 5160/3/3
f 5161/3/4 5162/3/4 5163/3/4 5164/3/4
f 5165/17/3 5166/17/3 5167/17/3 5168/17/3
f 5169/17/4 5170/17/4 5171/17/4 5172/17/4
f 5173/12/3 5174/12/3 5175/12/3 5176/12/3
f 5177/12/4 5178/12/4 5179/12/4 5180/12/4
f 5181/19/3 5182/19/3 5183/19/3 5184/19/3
f 5185/19/4 5186/19/4 5187/19/4 5188/19/4
f 5189/7/3 5190/7/3 5191/7/3 5192/7/3
f 5193/7/4 5194/7/4 5195/7/4 5196/7/4
f 5197/2/3 5198/2/3 5199/2/3 5200/2/3
f 5201/2/4 5202/2/4 5203/2/4 5204/2/4
f 5205/12/3 5206/12/3 5207/12/3 5208/12/3
f 5209/12/4 5210/12/4 5211/12/4 5212/12/4
f 5213/3/3 5214/3/3 5215/3/3 5216/3/3
f 5217/3/4 5218/3/4 5219/3/4 5220/3/4
f 5221/12/3 5222/12/3 5223/12/3 5224/12/3
f 5225/12/4 5226/12/4 5227/12/4 5228/12/4
f 5229/12/3 5230/12/3 5231/12/3 5232/12/3
f 5233/12/4 5234/12/4 5235/12/4 5236/12/4
f 5237/3/3 5238/3/3 5239/3/3 5240/3/3
f 5241/3/4 5242/3/4 5243/3/4 5244/3/4
f 5245/17/3 5246/17/3 5247/17/3 5248/17/3
f 5249/17/4 5250/17/4 5251/17/4 5252/17/4
f 5253/12/3 5254/12/3 5255/12/3 5256/12/3
f 5257/12/4 5258/12/4 5259/12/4 5260/12/4
f 5261/19/2 5262/19/2 5263/19/2 5264/19/2
f 5265/19/3 5266/19/3 5267/19/3 5268/19/3
f 5269/19/4 5270/19/4 5271/19/4 5272/19/4
f 5273/17/1 5274/17/1 5275/17/1 5276/17/1
f 5277/17/3 5278/17/3 5279/17/3 5280/17/3
f 5281/17/4 5282/17/4 5283/17/4 5284/17/4
f 5285/17/5 5286/17/5 5287/17/5 5288/17/5
f 5289/19/3 5290/19/3 5291/19/3 5292/19/3
f 5293/19/4 5294/19/4 5295/19/4 5296/19/4
f 5297/19/5 5298/19/5 5299/19/5 5300/19/5
f 5301/12/3 5302/12/3 5303/12/3 5304/12/3
f 5305/12/4 5306/12/4 5307/12/4 5308/12/4
f 5309/12/5 5310/12/5 5311/12/5 5312/12/5
f 5313/3/3 5314/3/3 5315/3/3 5316/3/3
f 5317/3/4 5318/3/4 5319/3/4 5320/3/4
f 5321/3/5 5322/3/5 5323/3/5 5324/3/5
f 5325/17/3 5326/17/3 5327/17/3 5328/17/3
f 5329/17/4 5330/17/4 5331/17/4 5332/17/4
f 5333/17/5 5334/17/5 5335/17/5 5336/17/5
f 5337/12/3 5338/12/3 5339/12/3 5340/12/3
f 5341/12/4 5342/12/4 5343/12/4 5344/12/4
f 5345/12/5 5346/12/5 5347/12/5 5348/12/5
f 5349/12/3 5350/12/3 5351/12/3 5352/12/3
f 5353/12/4 5354/12/4 5355/12/4 5356/12/4
f 5357/12/5 5358/12/5 5359/12/5 5360/12/5
f 5361/12/3 5362/12/3 5363/12/3 5364/12/3
f 5365/12/4 5366/12/4 5367/12/4 5368/12/4
f 5369/12/5 5370/12/5 5371/12/5 5372/12/5
f 5373/12/3 5374/12/3 5375/12/3 5376/12/3
f 5377/12/4 5378/12/4 5379/12/4 5380/12/4
f 5381/12/5 5382/12/5 5383/12/5 5384/12/5
f 5385/12/3 5386/12/3 5387/12/3 5388/12/3
f 5389/12/4 5390/12/4 5391/12/4 5392/12/4
f 5393/12/5 5394/12/5 5395/12/5 5396/12/5
f 5397/12/3 5398/12/3 5399/12/3 5400/12/3
f 5401/12/4 5402/12/4 5403/12/4 5404/12/4
f 5405/12/5 5406/12/5 5407/12/5 5408/12/5
f 5409/12/3 5410/12/3 5411/12/3 5412/12/3
f 5413/12/4 5414/12/4 5415/12/4 5416/12/4
f 5417/12/5 5418/12/5 5419/12/5 5420/12/5
f 5421/17/3 5422/17/3 5423/17/3 5424/17/3
f 5425/17/4 5426/17/4 5427/17/4 5428/17/4
f 5429/17/5 5430/17/5 5431/17/5 5432/17/5
f 5433/17/3 5434/17/3 5435/17/3 5436/17/3
f 5437/17/4 5438/17/4 5439/17/4 5440/17/4
f 5441/17/5 5442/17/5 5443/17/5 5444/17/5
f 5445/17/3 5446/17/3 5447/17/3 5448/17/3
f 5449/17/4 5450/17/4 5451/17/4 5452/17/4
f 5453/17/5 5454/17/5 5455/17/5 5456/17/5
f 5457/19/3 5458/19/3 5459/19/3 5460/19/3
f 5461/19/4 5462/19/4 5463/19/4 5464/19/4
f 5465/19/5 5466/19/5 5467/19/5 5468/19/5
f 5469/7/3 5470/7/3 5471/7/3 5472/7/3
f 5473/7/4 5474/7/4 5475/7/4 5476/7/4
f 5477/7/5 5478/7/5 5479/7/5 5480/7/5
f 5481/12/3 5482/12/3 5483/12/3 5484/12/3
f 5485/12/4 5486/12/4 5487/12/4 5488/12/4
f 5489/12/5 5490/12/5 5491/12/5 5492/12/5
f 5493/3/3 5494/3/3 5495/3/3 5496/3/3
f 5497/3/4 5498/3/4 5499/3/4 5500/3/4
f 5501/3/5 5502/3/5 5503/3/5 5504/3/5
f 5505/12/3 5506/12/3 5507/12/3 5508/12/3
f 5509/12/4 5510/12/4 5511/12/4 5512/12/4
f 5513/12/5 5514/12/5 5515/12/5 5516/12/5
f 5517/12/3 5518/12/3 5519/12/3 5520/12/3
f 5521/12/4 5522/12/4 5523/12/4 5524/12/4
f 5525/12/5 5526/12/5 5527/12/5 5528/12/5
f 5529/12/3 5530/12/3 5531/12/3 5532/12/3
f 5533/12/4 5534/12/4 5535/12/4 5536/12/4
f 5537/12/5 5538/12/5 5539/12/5 5540/12/5
f 5541/17/3 5542/17/3 5543/17/3 5544/17/3
f 5545/17/4 5546/17/4 5547/17/4 5548/17/4
f 5549/17/5 5550/17/5 5551/17/5 5552/17/5
f 5553/17/2 5554/17/2 5555/17/2 5556/17/2
f 5557/17/3 5558/17/3 5559/17/3 5560/17/3
f 5561/17/4 5562/17/4 5563/17/4 5564/17/4
f 5565/17/5 5566/17/5 5567/17/5 5568/17/5

