# generated by vox_to_obj_exporter
# scale=0.1 center=true ground=true y_up=false

mtllib Shape_15_257.mtl
usemtl palette

# normals
vn -1 0 0
vn 1 0 0
vn 0 0 1
vn 0 0 -1
vn 0 -1 0
vn 0 1 0

# texcoords
vt 0.666015625 0.5
vt 0.701171875 0.5
vt 0.869140625 0.5
vt 0.537109375 0.5
vt 0.369140625 0.5
vt 0.865234375 0.5
vt 0.876953125 0.5
vt 0.560546875 0.5
vt 0.642578125 0.5
vt 0.677734375 0.5
vt 0.509765625 0.5
vt 0.994140625 0.5
vt 0.533203125 0.5

# verts
v -1.2 1.2 0.1
v -1.2 1.2 0
v -1.2 1.1 0
v -1.2 1.1 0.1
v -1.2 1.2 0.1
v -1.2 1.1 0.1
v -1.1 1.1 0.1
v -1.1 1.2 0.1
v -1.2 1.1 0
v -1.2 1.2 0
v -1.1 1.2 0
v -1.1 1.1 0
v -1.1 1.2 0.1
v -1.1 1.2 0
v -1.2 1.2 0
v -1.2 1.2 0.1
v -1.1 1.2 0.1
v -1.1 1.1 0.1
v -1 1.1 0.1
v -1 1.2 0.1
v -1.1 1.1 0
v -1.1 1.2 0
v -1 1.2 0
v -1 1.1 0
v -1 1.2 0.1
v -1 1.2 0
v -1.1 1.2 0
v -1.1 1.2 0.1
v -1 1.2 0.1
v -1 1.1 0.1
v -0.9 1.1 0.1
v -0.9 1.2 0.1
v -1 1.1 0
v -1 1.2 0
v -0.9 1.2 0
v -0.9 1.1 0
v -0.9 1.2 0.1
v -0.9 1.2 0
v -1 1.2 0
v -1 1.2 0.1
v -0.9 1.2 0.1
v -0.9 1.1 0.1
v -0.8 1.1 0.1
v -0.8 1.2 0.1
v -0.9 1.1 0
v -0.9 1.2 0
v -0.8 1.2 0
v -0.8 1.1 0
v -0.8 1.2 0.1
v -0.8 1.2 0
v -0.9 1.2 0
v -0.9 1.2 0.1
v -0.8 1.2 0.1
v -0.8 1.1 0.1
v -0.7 1.1 0.1
v -0.7 1.2 0.1
v -0.8 1.1 0
v -0.8 1.2 0
v -0.7 1.2 0
v -0.7 1.1 0
v -0.7 1.2 0.1
v -0.7 1.2 0
v -0.8 1.2 0
v -0.8 1.2 0.1
v -0.7 1.2 0.1
v -0.7 1.1 0.1
v -0.6 1.1 0.1
v -0.6 1.2 0.1
v -0.7 1.1 0
v -0.7 1.2 0
v -0.6 1.2 0
v -0.6 1.1 0
v -0.6 1.2 0.1
v -0.6 1.2 0
v -0.7 1.2 0
v -0.7 1.2 0.1
v -0.6 1.2 0.1
v -0.6 1.1 0.1
v -0.5 1.1 0.1
v -0.5 1.2 0.1
v -0.6 1.1 0
v -0.6 1.2 0
v -0.5 1.2 0
v -0.5 1.1 0
v -0.5 1.2 0.1
v -0.5 1.2 0
v -0.6 1.2 0
v -0.6 1.2 0.1
v -0.4 1.1 0.1
v -0.4 1.1 0
v -0.4 1.2 0
v -0.4 1.2 0.1
v -0.5 1.2 0.1
v -0.5 1.1 0.1
v -0.4 1.1 0.1
v -0.4 1.2 0.1
v -0.5 1.1 0
v -0.5 1.2 0
v -0.4 1.2 0
v -0.4 1.1 0
v -0.4 1.2 0.1
v -0.4 1.2 0
v -0.5 1.2 0
v -0.5 1.2 0.1
v -0.4 1.2 0.2
v -0.4 1.2 0.1
v -0.4 1.1 0.1
v -0.4 1.1 0.2
v -0.3 1.1 0.2
v -0.3 1.1 0.1
v -0.3 1.2 0.1
v -0.3 1.2 0.2
v -0.4 1.2 0.2
v -0.4 1.1 0.2
v -0.3 1.1 0.2
v -0.3 1.2 0.2
v -0.4 1.1 0.1
v -0.4 1.2 0.1
v -0.3 1.2 0.1
v -0.3 1.1 0.1
v -0.4 1.1 0.2
v -0.4 1.1 0.1
v -0.3 1.1 0.1
v -0.3 1.1 0.2
v -0.3 1.2 0.2
v -0.3 1.2 0.1
v -0.4 1.2 0.1
v -0.4 1.2 0.2
v -0.3 1.2 0.1
v -0.3 1.2 0
v -0.3 1.1 0
v -0.3 1.1 0.1
v -0.2 1.1 0.1
v -0.2 1.1 0
v -0.2 1.2 0
v -0.2 1.2 0.1
v -0.3 1.2 0.1
v -0.3 1.1 0.1
v -0.2 1.1 0.1
v -0.2 1.2 0.1
v -0.3 1.1 0
v -0.3 1.2 0
v -0.2 1.2 0
v -0.2 1.1 0
v -0.2 1.2 0.1
v -0.2 1.2 0
v -0.3 1.2 0
v -0.3 1.2 0.1
v -0.2 1.2 0.4
v -0.2 1.2 0.3
v -0.2 1.1 0.3
v -0.2 1.1 0.4
v -0.1 1.1 0.4
v -0.1 1.1 0.3
v -0.1 1.2 0.3
v -0.1 1.2 0.4
v -0.2 1.2 0.4
v -0.2 1.1 0.4
v -0.1 1.1 0.4
v -0.1 1.2 0.4
v -0.2 1.1 0.3
v -0.2 1.2 0.3
v -0.1 1.2 0.3
v -0.1 1.1 0.3
v -0.1 1.2 0.4
v -0.1 1.2 0.3
v -0.2 1.2 0.3
v -0.2 1.2 0.4
v -0.1 1.2 0.2
v -0.1 1.2 0.1
v -0.1 1.1 0.1
v -0.1 1.1 0.2
v 0 1.1 0.2
v 0 1.1 0.1
v 0 1.2 0.1
v 0 1.2 0.2
v -0.1 1.2 0.2
v -0.1 1.1 0.2
v 0 1.1 0.2
v 0 1.2 0.2
v -0.1 1.1 0.1
v -0.1 1.2 0.1
v 0 1.2 0.1
v 0 1.1 0.1
v 0 1.2 0.2
v 0 1.2 0.1
v -0.1 1.2 0.1
v -0.1 1.2 0.2
v 0 1.2 0.4
v 0 1.2 0.3
v 0 1.1 0.3
v 0 1.1 0.4
v 0 1.2 0.4
v 0 1.1 0.4
v 0.1 1.1 0.4
v 0.1 1.2 0.4
v 0 1.1 0.3
v 0 1.2 0.3
v 0.1 1.2 0.3
v 0.1 1.1 0.3
v 0.1 1.2 0.4
v 0.1 1.2 0.3
v 0 1.2 0.3
v 0 1.2 0.4
v 0.1 1.2 0.4
v 0.1 1.1 0.4
v 0.2 1.1 0.4
v 0.2 1.2 0.4
v 0.1 1.1 0.3
v 0.1 1.2 0.3
v 0.2 1.2 0.3
v 0.2 1.1 0.3
v 0.2 1.2 0.4
v 0.2 1.2 0.3
v 0.1 1.2 0.3
v 0.1 1.2 0.4
v 0.2 1.2 0.4
v 0.2 1.1 0.4
v 0.3 1.1 0.4
v 0.3 1.2 0.4
v 0.2 1.1 0.3
v 0.2 1.2 0.3
v 0.3 1.2 0.3
v 0.3 1.1 0.3
v 0.3 1.2 0.4
v 0.3 1.2 0.3
v 0.2 1.2 0.3
v 0.2 1.2 0.4
v 0.3 1.2 0.4
v 0.3 1.1 0.4
v 0.4 1.1 0.4
v 0.4 1.2 0.4
v 0.3 1.1 0.3
v 0.3 1.2 0.3
v 0.4 1.2 0.3
v 0.4 1.1 0.3
v 0.4 1.2 0.4
v 0.4 1.2 0.3
v 0.3 1.2 0.3
v 0.3 1.2 0.4
v 0.4 1.2 0.4
v 0.4 1.1 0.4
v 0.5 1.1 0.4
v 0.5 1.2 0.4
v 0.4 1.1 0.3
v 0.4 1.2 0.3
v 0.5 1.2 0.3
v 0.5 1.1 0.3
v 0.5 1.2 0.4
v 0.5 1.2 0.3
v 0.4 1.2 0.3
v 0.4 1.2 0.4
v 0.5 1.2 0.4
v 0.5 1.1 0.4
v 0.6 1.1 0.4
v 0.6 1.2 0.4
v 0.5 1.1 0.3
v 0.5 1.2 0.3
v 0.6 1.2 0.3
v 0.6 1.1 0.3
v 0.6 1.2 0.4
v 0.6 1.2 0.3
v 0.5 1.2 0.3
v 0.5 1.2 0.4
v 0.6 1.2 0.4
v 0.6 1.1 0.4
v 0.7 1.1 0.4
v 0.7 1.2 0.4
v 0.6 1.1 0.3
v 0.6 1.2 0.3
v 0.7 1.2 0.3
v 0.7 1.1 0.3
v 0.7 1.2 0.4
v 0.7 1.2 0.3
v 0.6 1.2 0.3
v 0.6 1.2 0.4
v 0.7 1.2 0.4
v 0.7 1.1 0.4
v 0.8 1.1 0.4
v 0.8 1.2 0.4
v 0.7 1.1 0.3
v 0.7 1.2 0.3
v 0.8 1.2 0.3
v 0.8 1.1 0.3
v 0.8 1.2 0.4
v 0.8 1.2 0.3
v 0.7 1.2 0.3
v 0.7 1.2 0.4
v 0.8 1.2 0.4
v 0.8 1.1 0.4
v 0.9 1.1 0.4
v 0.9 1.2 0.4
v 0.8 1.1 0.3
v 0.8 1.2 0.3
v 0.9 1.2 0.3
v 0.9 1.1 0.3
v 0.9 1.2 0.4
v 0.9 1.2 0.3
v 0.8 1.2 0.3
v 0.8 1.2 0.4
v 0.9 1.2 0.4
v 0.9 1.1 0.4
v 1 1.1 0.4
v 1 1.2 0.4
v 0.9 1.1 0.3
v 0.9 1.2 0.3
v 1 1.2 0.3
v 1 1.1 0.3
v 1 1.2 0.4
v 1 1.2 0.3
v 0.9 1.2 0.3
v 0.9 1.2 0.4
v 1 1.2 0.4
v 1 1.1 0.4
v 1.1 1.1 0.4
v 1.1 1.2 0.4
v 1 1.1 0.3
v 1 1.2 0.3
v 1.1 1.2 0.3
v 1.1 1.1 0.3
v 1.1 1.2 0.4
v 1.1 1.2 0.3
v 1 1.2 0.3
v 1 1.2 0.4
v 1.2 1.1 0.4
v 1.2 1.1 0.3
v 1.2 1.2 0.3
v 1.2 1.2 0.4
v 1.1 1.2 0.4
v 1.1 1.1 0.4
v 1.2 1.1 0.4
v 1.2 1.2 0.4
v 1.1 1.1 0.3
v 1.1 1.2 0.3
v 1.2 1.2 0.3
v 1.2 1.1 0.3
v 1.2 1.2 0.4
v 1.2 1.2 0.3
v 1.1 1.2 0.3
v 1.1 1.2 0.4
v -1.2 1.1 0.1
v -1.2 1.1 0
v -1.2 1 0
v -1.2 1 0.1
v -1.2 1.1 0.1
v -1.2 1 0.1
v -1.1 1 0.1
v -1.1 1.1 0.1
v -1.2 1 0
v -1.2 1.1 0
v -1.1 1.1 0
v -1.1 1 0
v -1.1 1.1 0.1
v -1.1 1 0.1
v -1 1 0.1
v -1 1.1 0.1
v -1.1 1 0
v -1.1 1.1 0
v -1 1.1 0
v -1 1 0
v -1 1.1 0.1
v -1 1 0.1
v -0.9 1 0.1
v -0.9 1.1 0.1
v -1 1 0
v -1 1.1 0
v -0.9 1.1 0
v -0.9 1 0
v -0.9 1.1 0.1
v -0.9 1 0.1
v -0.8 1 0.1
v -0.8 1.1 0.1
v -0.9 1 0
v -0.9 1.1 0
v -0.8 1.1 0
v -0.8 1 0
v -0.8 1.1 0.1
v -0.8 1 0.1
v -0.7 1 0.1
v -0.7 1.1 0.1
v -0.8 1 0
v -0.8 1.1 0
v -0.7 1.1 0
v -0.7 1 0
v -0.7 1.1 0.1
v -0.7 1 0.1
v -0.6 1 0.1
v -0.6 1.1 0.1
v -0.7 1 0
v -0.7 1.1 0
v -0.6 1.1 0
v -0.6 1 0
v -0.6 1.1 0.1
v -0.6 1 0.1
v -0.5 1 0.1
v -0.5 1.1 0.1
v -0.6 1 0
v -0.6 1.1 0
v -0.5 1.1 0
v -0.5 1 0
v -0.5 1.1 0.1
v -0.5 1 0.1
v -0.4 1 0.1
v -0.4 1.1 0.1
v -0.5 1 0
v -0.5 1.1 0
v -0.4 1.1 0
v -0.4 1 0
v -0.4 1.1 0.1
v -0.4 1 0.1
v -0.3 1 0.1
v -0.3 1.1 0.1
v -0.4 1 0
v -0.4 1.1 0
v -0.3 1.1 0
v -0.3 1 0
v -0.3 1.1 0.1
v -0.3 1.1 0
v -0.4 1.1 0
v -0.4 1.1 0.1
v -0.2 1 0.1
v -0.2 1 0
v -0.2 1.1 0
v -0.2 1.1 0.1
v -0.3 1.1 0.1
v -0.3 1 0.1
v -0.2 1 0.1
v -0.2 1.1 0.1
v -0.3 1 0
v -0.3 1.1 0
v -0.2 1.1 0
v -0.2 1 0
v -0.2 1.1 0.4
v -0.2 1.1 0.3
v -0.2 1 0.3
v -0.2 1 0.4
v -0.1 1 0.4
v -0.1 1 0.3
v -0.1 1.1 0.3
v -0.1 1.1 0.4
v -0.2 1.1 0.4
v -0.2 1 0.4
v -0.1 1 0.4
v -0.1 1.1 0.4
v -0.2 1 0.3
v -0.2 1.1 0.3
v -0.1 1.1 0.3
v -0.1 1 0.3
v -0.1 1.1 0.2
v -0.1 1.1 0.1
v -0.1 1 0.1
v -0.1 1 0.2
v 0 1 0.2
v 0 1 0.1
v 0 1.1 0.1
v 0 1.1 0.2
v -0.1 1.1 0.2
v -0.1 1 0.2
v 0 1 0.2
v 0 1.1 0.2
v -0.1 1 0.1
v -0.1 1.1 0.1
v 0 1.1 0.1
v 0 1 0.1
v -0.1 1 0.2
v -0.1 1 0.1
v 0 1 0.1
v 0 1 0.2
v 0 1.1 0.4
v 0 1.1 0.3
v 0 1 0.3
v 0 1 0.4
v 0 1.1 0.4
v 0 1 0.4
v 0.1 1 0.4
v 0.1 1.1 0.4
v 0 1 0.3
v 0 1.1 0.3
v 0.1 1.1 0.3
v 0.1 1 0.3
v 0.1 1.1 0.4
v 0.1 1 0.4
v 0.2 1 0.4
v 0.2 1.1 0.4
v 0.1 1 0.3
v 0.1 1.1 0.3
v 0.2 1.1 0.3
v 0.2 1 0.3
v 0.2 1.1 0.4
v 0.2 1 0.4
v 0.3 1 0.4
v 0.3 1.1 0.4
v 0.2 1 0.3
v 0.2 1.1 0.3
v 0.3 1.1 0.3
v 0.3 1 0.3
v 0.3 1.1 0.4
v 0.3 1 0.4
v 0.4 1 0.4
v 0.4 1.1 0.4
v 0.3 1 0.3
v 0.3 1.1 0.3
v 0.4 1.1 0.3
v 0.4 1 0.3
v 0.4 1.1 0.4
v 0.4 1 0.4
v 0.5 1 0.4
v 0.5 1.1 0.4
v 0.4 1 0.3
v 0.4 1.1 0.3
v 0.5 1.1 0.3
v 0.5 1 0.3
v 0.5 1.1 0.4
v 0.5 1 0.4
v 0.6 1 0.4
v 0.6 1.1 0.4
v 0.5 1 0.3
v 0.5 1.1 0.3
v 0.6 1.1 0.3
v 0.6 1 0.3
v 0.6 1.1 0.4
v 0.6 1 0.4
v 0.7 1 0.4
v 0.7 1.1 0.4
v 0.6 1 0.3
v 0.6 1.1 0.3
v 0.7 1.1 0.3
v 0.7 1 0.3
v 0.7 1.1 0.4
v 0.7 1 0.4
v 0.8 1 0.4
v 0.8 1.1 0.4
v 0.7 1 0.3
v 0.7 1.1 0.3
v 0.8 1.1 0.3
v 0.8 1 0.3
v 0.8 1.1 0.4
v 0.8 1 0.4
v 0.9 1 0.4
v 0.9 1.1 0.4
v 0.8 1 0.3
v 0.8 1.1 0.3
v 0.9 1.1 0.3
v 0.9 1 0.3
v 0.9 1.1 0.4
v 0.9 1 0.4
v 1 1 0.4
v 1 1.1 0.4
v 0.9 1 0.3
v 0.9 1.1 0.3
v 1 1.1 0.3
v 1 1 0.3
v 1 1.1 0.4
v 1 1 0.4
v 1.1 1 0.4
v 1.1 1.1 0.4
v 1 1 0.3
v 1 1.1 0.3
v 1.1 1.1 0.3
v 1.1 1 0.3
v 1.2 1 0.4
v 1.2 1 0.3
v 1.2 1.1 0.3
v 1.2 1.1 0.4
v 1.1 1.1 0.4
v 1.1 1 0.4
v 1.2 1 0.4
v 1.2 1.1 0.4
v 1.1 1 0.3
v 1.1 1.1 0.3
v 1.2 1.1 0.3
v 1.2 1 0.3
v -1.2 1 0.1
v -1.2 1 0
v -1.2 0.9 0
v -1.2 0.9 0.1
v -1.2 1 0.1
v -1.2 0.9 0.1
v -1.1 0.9 0.1
v -1.1 1 0.1
v -1.2 0.9 0
v -1.2 1 0
v -1.1 1 0
v -1.1 0.9 0
v -1.1 1 0.1
v -1.1 0.9 0.1
v -1 0.9 0.1
v -1 1 0.1
v -1.1 0.9 0
v -1.1 1 0
v -1 1 0
v -1 0.9 0
v -1 1 0.1
v -1 0.9 0.1
v -0.9 0.9 0.1
v -0.9 1 0.1
v -1 0.9 0
v -1 1 0
v -0.9 1 0
v -0.9 0.9 0
v -0.9 1 0.1
v -0.9 0.9 0.1
v -0.8 0.9 0.1
v -0.8 1 0.1
v -0.9 0.9 0
v -0.9 1 0
v -0.8 1 0
v -0.8 0.9 0
v -0.8 1 0.1
v -0.8 0.9 0.1
v -0.7 0.9 0.1
v -0.7 1 0.1
v -0.8 0.9 0
v -0.8 1 0
v -0.7 1 0
v -0.7 0.9 0
v -0.7 1 0.1
v -0.7 0.9 0.1
v -0.6 0.9 0.1
v -0.6 1 0.1
v -0.7 0.9 0
v -0.7 1 0
v -0.6 1 0
v -0.6 0.9 0
v -0.6 1 0.1
v -0.6 0.9 0.1
v -0.5 0.9 0.1
v -0.5 1 0.1
v -0.6 0.9 0
v -0.6 1 0
v -0.5 1 0
v -0.5 0.9 0
v -0.5 1 0.1
v -0.5 0.9 0.1
v -0.4 0.9 0.1
v -0.4 1 0.1
v -0.5 0.9 0
v -0.5 1 0
v -0.4 1 0
v -0.4 0.9 0
v -0.4 1 0.1
v -0.4 0.9 0.1
v -0.3 0.9 0.1
v -0.3 1 0.1
v -0.4 0.9 0
v -0.4 1 0
v -0.3 1 0
v -0.3 0.9 0
v -0.4 0.9 0.1
v -0.4 0.9 0
v -0.3 0.9 0
v -0.3 0.9 0.1
v -0.2 0.9 0.1
v -0.2 0.9 0
v -0.2 1 0
v -0.2 1 0.1
v -0.3 1 0.1
v -0.3 0.9 0.1
v -0.2 0.9 0.1
v -0.2 1 0.1
v -0.3 0.9 0
v -0.3 1 0
v -0.2 1 0
v -0.2 0.9 0
v -0.2 1 0.4
v -0.2 1 0.3
v -0.2 0.9 0.3
v -0.2 0.9 0.4
v -0.2 1 0.4
v -0.2 0.9 0.4
v -0.1 0.9 0.4
v -0.1 1 0.4
v -0.2 0.9 0.3
v -0.2 1 0.3
v -0.1 1 0.3
v -0.1 0.9 0.3
v -0.1 1 0.4
v -0.1 0.9 0.4
v 0 0.9 0.4
v 0 1 0.4
v -0.1 0.9 0.3
v -0.1 1 0.3
v 0 1 0.3
v 0 0.9 0.3
v 0 1 0.4
v 0 1 0.3
v -0.1 1 0.3
v -0.1 1 0.4
v 0 1 0.4
v 0 0.9 0.4
v 0.1 0.9 0.4
v 0.1 1 0.4
v 0 0.9 0.3
v 0 1 0.3
v 0.1 1 0.3
v 0.1 0.9 0.3
v 0.1 1 0.4
v 0.1 0.9 0.4
v 0.2 0.9 0.4
v 0.2 1 0.4
v 0.1 0.9 0.3
v 0.1 1 0.3
v 0.2 1 0.3
v 0.2 0.9 0.3
v 0.2 1 0.4
v 0.2 0.9 0.4
v 0.3 0.9 0.4
v 0.3 1 0.4
v 0.2 0.9 0.3
v 0.2 1 0.3
v 0.3 1 0.3
v 0.3 0.9 0.3
v 0.3 1 0.4
v 0.3 0.9 0.4
v 0.4 0.9 0.4
v 0.4 1 0.4
v 0.3 0.9 0.3
v 0.3 1 0.3
v 0.4 1 0.3
v 0.4 0.9 0.3
v 0.4 1 0.4
v 0.4 0.9 0.4
v 0.5 0.9 0.4
v 0.5 1 0.4
v 0.4 0.9 0.3
v 0.4 1 0.3
v 0.5 1 0.3
v 0.5 0.9 0.3
v 0.5 1 0.4
v 0.5 0.9 0.4
v 0.6 0.9 0.4
v 0.6 1 0.4
v 0.5 0.9 0.3
v 0.5 1 0.3
v 0.6 1 0.3
v 0.6 0.9 0.3
v 0.6 1 0.4
v 0.6 0.9 0.4
v 0.7 0.9 0.4
v 0.7 1 0.4
v 0.6 0.9 0.3
v 0.6 1 0.3
v 0.7 1 0.3
v 0.7 0.9 0.3
v 0.7 1 0.4
v 0.7 0.9 0.4
v 0.8 0.9 0.4
v 0.8 1 0.4
v 0.7 0.9 0.3
v 0.7 1 0.3
v 0.8 1 0.3
v 0.8 0.9 0.3
v 0.8 1 0.4
v 0.8 0.9 0.4
v 0.9 0.9 0.4
v 0.9 1 0.4
v 0.8 0.9 0.3
v 0.8 1 0.3
v 0.9 1 0.3
v 0.9 0.9 0.3
v 0.9 1 0.4
v 0.9 0.9 0.4
v 1 0.9 0.4
v 1 1 0.4
v 0.9 0.9 0.3
v 0.9 1 0.3
v 1 1 0.3
v 1 0.9 0.3
v 1 1 0.4
v 1 0.9 0.4
v 1.1 0.9 0.4
v 1.1 1 0.4
v 1 0.9 0.3
v 1 1 0.3
v 1.1 1 0.3
v 1.1 0.9 0.3
v 1.2 0.9 0.4
v 1.2 0.9 0.3
v 1.2 1 0.3
v 1.2 1 0.4
v 1.1 1 0.4
v 1.1 0.9 0.4
v 1.2 0.9 0.4
v 1.2 1 0.4
v 1.1 0.9 0.3
v 1.1 1 0.3
v 1.2 1 0.3
v 1.2 0.9 0.3
v -1.2 0.9 0.1
v -1.2 0.9 0
v -1.2 0.8 0
v -1.2 0.8 0.1
v -1.2 0.9 0.1
v -1.2 0.8 0.1
v -1.1 0.8 0.1
v -1.1 0.9 0.1
v -1.2 0.8 0
v -1.2 0.9 0
v -1.1 0.9 0
v -1.1 0.8 0
v -1.1 0.9 0.1
v -1.1 0.8 0.1
v -1 0.8 0.1
v -1 0.9 0.1
v -1.1 0.8 0
v -1.1 0.9 0
v -1 0.9 0
v -1 0.8 0
v -1 0.9 0.1
v -1 0.8 0.1
v -0.9 0.8 0.1
v -0.9 0.9 0.1
v -1 0.8 0
v -1 0.9 0
v -0.9 0.9 0
v -0.9 0.8 0
v -0.9 0.9 0.1
v -0.9 0.8 0.1
v -0.8 0.8 0.1
v -0.8 0.9 0.1
v -0.9 0.8 0
v -0.9 0.9 0
v -0.8 0.9 0
v -0.8 0.8 0
v -0.8 0.9 0.1
v -0.8 0.8 0.1
v -0.7 0.8 0.1
v -0.7 0.9 0.1
v -0.8 0.8 0
v -0.8 0.9 0
v -0.7 0.9 0
v -0.7 0.8 0
v -0.7 0.9 0.1
v -0.7 0.8 0.1
v -0.6 0.8 0.1
v -0.6 0.9 0.1
v -0.7 0.8 0
v -0.7 0.9 0
v -0.6 0.9 0
v -0.6 0.8 0
v -0.6 0.9 0.1
v -0.6 0.8 0.1
v -0.5 0.8 0.1
v -0.5 0.9 0.1
v -0.6 0.8 0
v -0.6 0.9 0
v -0.5 0.9 0
v -0.5 0.8 0
v -0.4 0.8 0.1
v -0.4 0.8 0
v -0.4 0.9 0
v -0.4 0.9 0.1
v -0.5 0.9 0.1
v -0.5 0.8 0.1
v -0.4 0.8 0.1
v -0.4 0.9 0.1
v -0.5 0.8 0
v -0.5 0.9 0
v -0.4 0.9 0
v -0.4 0.8 0
v -0.4 0.9 0.2
v -0.4 0.9 0.1
v -0.4 0.8 0.1
v -0.4 0.8 0.2
v -0.3 0.8 0.2
v -0.3 0.8 0.1
v -0.3 0.9 0.1
v -0.3 0.9 0.2
v -0.4 0.9 0.2
v -0.4 0.8 0.2
v -0.3 0.8 0.2
v -0.3 0.9 0.2
v -0.4 0.8 0.1
v -0.4 0.9 0.1
v -0.3 0.9 0.1
v -0.3 0.8 0.1
v -0.4 0.8 0.2
v -0.4 0.8 0.1
v -0.3 0.8 0.1
v -0.3 0.8 0.2
v -0.3 0.9 0.2
v -0.3 0.9 0.1
v -0.4 0.9 0.1
v -0.4 0.9 0.2
v -0.3 0.9 0.1
v -0.3 0.9 0
v -0.3 0.8 0
v -0.3 0.8 0.1
v -0.2 0.8 0.1
v -0.2 0.8 0
v -0.2 0.9 0
v -0.2 0.9 0.1
v -0.3 0.9 0.1
v -0.3 0.8 0.1
v -0.2 0.8 0.1
v -0.2 0.9 0.1
v -0.3 0.8 0
v -0.3 0.9 0
v -0.2 0.9 0
v -0.2 0.8 0
v -0.3 0.8 0.1
v -0.3 0.8 0
v -0.2 0.8 0
v -0.2 0.8 0.1
v -0.2 0.9 0.4
v -0.2 0.9 0.3
v -0.2 0.8 0.3
v -0.2 0.8 0.4
v -0.2 0.9 0.4
v -0.2 0.8 0.4
v -0.1 0.8 0.4
v -0.1 0.9 0.4
v -0.2 0.8 0.3
v -0.2 0.9 0.3
v -0.1 0.9 0.3
v -0.1 0.8 0.3
v -0.1 0.9 0.4
v -0.1 0.8 0.4
v 0 0.8 0.4
v 0 0.9 0.4
v -0.1 0.8 0.3
v -0.1 0.9 0.3
v 0 0.9 0.3
v 0 0.8 0.3
v 0 0.9 0.4
v 0 0.8 0.4
v 0.1 0.8 0.4
v 0.1 0.9 0.4
v 0 0.8 0.3
v 0 0.9 0.3
v 0.1 0.9 0.3
v 0.1 0.8 0.3
v 0.1 0.9 0.4
v 0.1 0.8 0.4
v 0.2 0.8 0.4
v 0.2 0.9 0.4
v 0.1 0.8 0.3
v 0.1 0.9 0.3
v 0.2 0.9 0.3
v 0.2 0.8 0.3
v 0.2 0.9 0.4
v 0.2 0.8 0.4
v 0.3 0.8 0.4
v 0.3 0.9 0.4
v 0.2 0.8 0.3
v 0.2 0.9 0.3
v 0.3 0.9 0.3
v 0.3 0.8 0.3
v 0.3 0.9 0.4
v 0.3 0.8 0.4
v 0.4 0.8 0.4
v 0.4 0.9 0.4
v 0.3 0.8 0.3
v 0.3 0.9 0.3
v 0.4 0.9 0.3
v 0.4 0.8 0.3
v 0.4 0.9 0.4
v 0.4 0.8 0.4
v 0.5 0.8 0.4
v 0.5 0.9 0.4
v 0.4 0.8 0.3
v 0.4 0.9 0.3
v 0.5 0.9 0.3
v 0.5 0.8 0.3
v 0.5 0.9 0.4
v 0.5 0.8 0.4
v 0.6 0.8 0.4
v 0.6 0.9 0.4
v 0.5 0.8 0.3
v 0.5 0.9 0.3
v 0.6 0.9 0.3
v 0.6 0.8 0.3
v 0.6 0.9 0.4
v 0.6 0.8 0.4
v 0.7 0.8 0.4
v 0.7 0.9 0.4
v 0.6 0.8 0.3
v 0.6 0.9 0.3
v 0.7 0.9 0.3
v 0.7 0.8 0.3
v 0.7 0.9 0.4
v 0.7 0.8 0.4
v 0.8 0.8 0.4
v 0.8 0.9 0.4
v 0.7 0.8 0.3
v 0.7 0.9 0.3
v 0.8 0.9 0.3
v 0.8 0.8 0.3
v 0.8 0.9 0.4
v 0.8 0.8 0.4
v 0.9 0.8 0.4
v 0.9 0.9 0.4
v 0.8 0.8 0.3
v 0.8 0.9 0.3
v 0.9 0.9 0.3
v 0.9 0.8 0.3
v 0.9 0.9 0.4
v 0.9 0.8 0.4
v 1 0.8 0.4
v 1 0.9 0.4
v 0.9 0.8 0.3
v 0.9 0.9 0.3
v 1 0.9 0.3
v 1 0.8 0.3
v 1 0.9 0.4
v 1 0.8 0.4
v 1.1 0.8 0.4
v 1.1 0.9 0.4
v 1 0.8 0.3
v 1 0.9 0.3
v 1.1 0.9 0.3
v 1.1 0.8 0.3
v 1.2 0.8 0.4
v 1.2 0.8 0.3
v 1.2 0.9 0.3
v 1.2 0.9 0.4
v 1.1 0.9 0.4
v 1.1 0.8 0.4
v 1.2 0.8 0.4
v 1.2 0.9 0.4
v 1.1 0.8 0.3
v 1.1 0.9 0.3
v 1.2 0.9 0.3
v 1.2 0.8 0.3
v -1.2 0.8 0.1
v -1.2 0.8 0
v -1.2 0.7 0
v -1.2 0.7 0.1
v -1.2 0.8 0.1
v -1.2 0.7 0.1
v -1.1 0.7 0.1
v -1.1 0.8 0.1
v -1.2 0.7 0
v -1.2 0.8 0
v -1.1 0.8 0
v -1.1 0.7 0
v -1.2 0.7 0.1
v -1.2 0.7 0
v -1.1 0.7 0
v -1.1 0.7 0.1
v -1.1 0.8 0.1
v -1.1 0.7 0.1
v -1 0.7 0.1
v -1 0.8 0.1
v -1.1 0.7 0
v -1.1 0.8 0
v -1 0.8 0
v -1 0.7 0
v -1 0.8 0.1
v -1 0.7 0.1
v -0.9 0.7 0.1
v -0.9 0.8 0.1
v -1 0.7 0
v -1 0.8 0
v -0.9 0.8 0
v -0.9 0.7 0
v -0.9 0.8 0.1
v -0.9 0.7 0.1
v -0.8 0.7 0.1
v -0.8 0.8 0.1
v -0.9 0.7 0
v -0.9 0.8 0
v -0.8 0.8 0
v -0.8 0.7 0
v -0.8 0.8 0.1
v -0.8 0.7 0.1
v -0.7 0.7 0.1
v -0.7 0.8 0.1
v -0.8 0.7 0
v -0.8 0.8 0
v -0.7 0.8 0
v -0.7 0.7 0
v -0.8 0.7 0.1
v -0.8 0.7 0
v -0.7 0.7 0
v -0.7 0.7 0.1
v -0.7 0.8 0.1
v -0.7 0.7 0.1
v -0.6 0.7 0.1
v -0.6 0.8 0.1
v -0.7 0.7 0
v -0.7 0.8 0
v -0.6 0.8 0
v -0.6 0.7 0
v -0.6 0.8 0.1
v -0.6 0.7 0.1
v -0.5 0.7 0.1
v -0.5 0.8 0.1
v -0.6 0.7 0
v -0.6 0.8 0
v -0.5 0.8 0
v -0.5 0.7 0
v -0.5 0.8 0.1
v -0.5 0.7 0.1
v -0.4 0.7 0.1
v -0.4 0.8 0.1
v -0.5 0.7 0
v -0.5 0.8 0
v -0.4 0.8 0
v -0.4 0.7 0
v -0.3 0.7 0.1
v -0.3 0.7 0
v -0.3 0.8 0
v -0.3 0.8 0.1
v -0.4 0.8 0.1
v -0.4 0.7 0.1
v -0.3 0.7 0.1
v -0.3 0.8 0.1
v -0.4 0.7 0
v -0.4 0.8 0
v -0.3 0.8 0
v -0.3 0.7 0
v -0.3 0.8 0.1
v -0.3 0.8 0
v -0.4 0.8 0
v -0.4 0.8 0.1
v -0.3 0.8 0.4
v -0.3 0.8 0.3
v -0.3 0.7 0.3
v -0.3 0.7 0.4
v -0.3 0.8 0.4
v -0.3 0.7 0.4
v -0.2 0.7 0.4
v -0.2 0.8 0.4
v -0.3 0.7 0.3
v -0.3 0.8 0.3
v -0.2 0.8 0.3
v -0.2 0.7 0.3
v -0.2 0.8 0.4
v -0.2 0.8 0.3
v -0.3 0.8 0.3
v -0.3 0.8 0.4
v -0.2 0.8 0.4
v -0.2 0.7 0.4
v -0.1 0.7 0.4
v -0.1 0.8 0.4
v -0.2 0.7 0.3
v -0.2 0.8 0.3
v -0.1 0.8 0.3
v -0.1 0.7 0.3
v -0.1 0.8 0.4
v -0.1 0.7 0.4
v 0 0.7 0.4
v 0 0.8 0.4
v -0.1 0.7 0.3
v -0.1 0.8 0.3
v 0 0.8 0.3
v 0 0.7 0.3
v 0 0.8 0.4
v 0 0.7 0.4
v 0.1 0.7 0.4
v 0.1 0.8 0.4
v 0 0.7 0.3
v 0 0.8 0.3
v 0.1 0.8 0.3
v 0.1 0.7 0.3
v 0.1 0.8 0.4
v 0.1 0.7 0.4
v 0.2 0.7 0.4
v 0.2 0.8 0.4
v 0.1 0.7 0.3
v 0.1 0.8 0.3
v 0.2 0.8 0.3
v 0.2 0.7 0.3
v 0.2 0.8 0.4
v 0.2 0.7 0.4
v 0.3 0.7 0.4
v 0.3 0.8 0.4
v 0.2 0.7 0.3
v 0.2 0.8 0.3
v 0.3 0.8 0.3
v 0.3 0.7 0.3
v 0.3 0.8 0.4
v 0.3 0.7 0.4
v 0.4 0.7 0.4
v 0.4 0.8 0.4
v 0.3 0.7 0.3
v 0.3 0.8 0.3
v 0.4 0.8 0.3
v 0.4 0.7 0.3
v 0.4 0.8 0.4
v 0.4 0.7 0.4
v 0.5 0.7 0.4
v 0.5 0.8 0.4
v 0.4 0.7 0.3
v 0.4 0.8 0.3
v 0.5 0.8 0.3
v 0.5 0.7 0.3
v 0.5 0.8 0.4
v 0.5 0.7 0.4
v 0.6 0.7 0.4
v 0.6 0.8 0.4
v 0.5 0.7 0.3
v 0.5 0.8 0.3
v 0.6 0.8 0.3
v 0.6 0.7 0.3
v 0.6 0.8 0.4
v 0.6 0.7 0.4
v 0.7 0.7 0.4
v 0.7 0.8 0.4
v 0.6 0.7 0.3
v 0.6 0.8 0.3
v 0.7 0.8 0.3
v 0.7 0.7 0.3
v 0.7 0.8 0.4
v 0.7 0.7 0.4
v 0.8 0.7 0.4
v 0.8 0.8 0.4
v 0.7 0.7 0.3
v 0.7 0.8 0.3
v 0.8 0.8 0.3
v 0.8 0.7 0.3
v 0.8 0.8 0.4
v 0.8 0.7 0.4
v 0.9 0.7 0.4
v 0.9 0.8 0.4
v 0.8 0.7 0.3
v 0.8 0.8 0.3
v 0.9 0.8 0.3
v 0.9 0.7 0.3
v 0.9 0.8 0.4
v 0.9 0.7 0.4
v 1 0.7 0.4
v 1 0.8 0.4
v 0.9 0.7 0.3
v 0.9 0.8 0.3
v 1 0.8 0.3
v 1 0.7 0.3
v 1 0.8 0.4
v 1 0.7 0.4
v 1.1 0.7 0.4
v 1.1 0.8 0.4
v 1 0.7 0.3
v 1 0.8 0.3
v 1.1 0.8 0.3
v 1.1 0.7 0.3
v 1.2 0.7 0.4
v 1.2 0.7 0.3
v 1.2 0.8 0.3
v 1.2 0.8 0.4
v 1.1 0.8 0.4
v 1.1 0.7 0.4
v 1.2 0.7 0.4
v 1.2 0.8 0.4
v 1.1 0.7 0.3
v 1.1 0.8 0.3
v 1.2 0.8 0.3
v 1.2 0.7 0.3
v -1.2 0.7 0.2
v -1.2 0.7 0.1
v -1.2 0.6 0.1
v -1.2 0.6 0.2
v -1.1 0.6 0.2
v -1.1 0.6 0.1
v -1.1 0.7 0.1
v -1.1 0.7 0.2
v -1.2 0.7 0.2
v -1.2 0.6 0.2
v -1.1 0.6 0.2
v -1.1 0.7 0.2
v -1.2 0.6 0.1
v -1.2 0.7 0.1
v -1.1 0.7 0.1
v -1.1 0.6 0.1
v -1.2 0.6 0.2
v -1.2 0.6 0.1
v -1.1 0.6 0.1
v -1.1 0.6 0.2
v -1.1 0.7 0.2
v -1.1 0.7 0.1
v -1.2 0.7 0.1
v -1.2 0.7 0.2
v -1.1 0.7 0.1
v -1.1 0.7 0
v -1.1 0.6 0
v -1.1 0.6 0.1
v -1.1 0.7 0.1
v -1.1 0.6 0.1
v -1 0.6 0.1
v -1 0.7 0.1
v -1.1 0.6 0
v -1.1 0.7 0
v -1 0.7 0
v -1 0.6 0
v -1 0.7 0.1
v -1 0.6 0.1
v -0.9 0.6 0.1
v -0.9 0.7 0.1
v -1 0.6 0
v -1 0.7 0
v -0.9 0.7 0
v -0.9 0.6 0
v -0.8 0.6 0.1
v -0.8 0.6 0
v -0.8 0.7 0
v -0.8 0.7 0.1
v -0.9 0.7 0.1
v -0.9 0.6 0.1
v -0.8 0.6 0.1
v -0.8 0.7 0.1
v -0.9 0.6 0
v -0.9 0.7 0
v -0.8 0.7 0
v -0.8 0.6 0
v -0.9 0.6 0.1
v -0.9 0.6 0
v -0.8 0.6 0
v -0.8 0.6 0.1
v -0.8 0.7 0.4
v -0.8 0.7 0.3
v -0.8 0.6 0.3
v -0.8 0.6 0.4
v -0.7 0.6 0.4
v -0.7 0.6 0.3
v -0.7 0.7 0.3
v -0.7 0.7 0.4
v -0.8 0.7 0.4
v -0.8 0.6 0.4
v -0.7 0.6 0.4
v -0.7 0.7 0.4
v -0.8 0.6 0.3
v -0.8 0.7 0.3
v -0.7 0.7 0.3
v -0.7 0.6 0.3
v -0.7 0.7 0.4
v -0.7 0.7 0.3
v -0.8 0.7 0.3
v -0.8 0.7 0.4
v -0.7 0.7 0.1
v -0.7 0.7 0
v -0.7 0.6 0
v -0.7 0.6 0.1
v -0.7 0.7 0.1
v -0.7 0.6 0.1
v -0.6 0.6 0.1
v -0.6 0.7 0.1
v -0.7 0.6 0
v -0.7 0.7 0
v -0.6 0.7 0
v -0.6 0.6 0
v -0.6 0.7 0.1
v -0.6 0.6 0.1
v -0.5 0.6 0.1
v -0.5 0.7 0.1
v -0.6 0.6 0
v -0.6 0.7 0
v -0.5 0.7 0
v -0.5 0.6 0
v -0.6 0.6 0.1
v -0.6 0.6 0
v -0.5 0.6 0
v -0.5 0.6 0.1
v -0.5 0.7 0.1
v -0.5 0.6 0.1
v -0.4 0.6 0.1
v -0.4 0.7 0.1
v -0.5 0.6 0
v -0.5 0.7 0
v -0.4 0.7 0
v -0.4 0.6 0
v -0.3 0.6 0.1
v -0.3 0.6 0
v -0.3 0.7 0
v -0.3 0.7 0.1
v -0.4 0.7 0.1
v -0.4 0.6 0.1
v -0.3 0.6 0.1
v -0.3 0.7 0.1
v -0.4 0.6 0
v -0.4 0.7 0
v -0.3 0.7 0
v -0.3 0.6 0
v -0.3 0.7 0.4
v -0.3 0.7 0.3
v -0.3 0.6 0.3
v -0.3 0.6 0.4
v -0.3 0.7 0.4
v -0.3 0.6 0.4
v -0.2 0.6 0.4
v -0.2 0.7 0.4
v -0.3 0.6 0.3
v -0.3 0.7 0.3
v -0.2 0.7 0.3
v -0.2 0.6 0.3
v -0.2 0.7 0.4
v -0.2 0.6 0.4
v -0.1 0.6 0.4
v -0.1 0.7 0.4
v -0.2 0.6 0.3
v -0.2 0.7 0.3
v -0.1 0.7 0.3
v -0.1 0.6 0.3
v -0.1 0.7 0.4
v -0.1 0.6 0.4
v 0 0.6 0.4
v 0 0.7 0.4
v -0.1 0.6 0.3
v -0.1 0.7 0.3
v 0 0.7 0.3
v 0 0.6 0.3
v 0 0.7 0.4
v 0 0.6 0.4
v 0.1 0.6 0.4
v 0.1 0.7 0.4
v 0 0.6 0.3
v 0 0.7 0.3
v 0.1 0.7 0.3
v 0.1 0.6 0.3
v 0.1 0.7 0.4
v 0.1 0.6 0.4
v 0.2 0.6 0.4
v 0.2 0.7 0.4
v 0.1 0.6 0.3
v 0.1 0.7 0.3
v 0.2 0.7 0.3
v 0.2 0.6 0.3
v 0.2 0.7 0.4
v 0.2 0.6 0.4
v 0.3 0.6 0.4
v 0.3 0.7 0.4
v 0.2 0.6 0.3
v 0.2 0.7 0.3
v 0.3 0.7 0.3
v 0.3 0.6 0.3
v 0.3 0.7 0.4
v 0.3 0.6 0.4
v 0.4 0.6 0.4
v 0.4 0.7 0.4
v 0.3 0.6 0.3
v 0.3 0.7 0.3
v 0.4 0.7 0.3
v 0.4 0.6 0.3
v 0.4 0.7 0.4
v 0.4 0.6 0.4
v 0.5 0.6 0.4
v 0.5 0.7 0.4
v 0.4 0.6 0.3
v 0.4 0.7 0.3
v 0.5 0.7 0.3
v 0.5 0.6 0.3
v 0.5 0.7 0.4
v 0.5 0.6 0.4
v 0.6 0.6 0.4
v 0.6 0.7 0.4
v 0.5 0.6 0.3
v 0.5 0.7 0.3
v 0.6 0.7 0.3
v 0.6 0.6 0.3
v 0.6 0.7 0.4
v 0.6 0.6 0.4
v 0.7 0.6 0.4
v 0.7 0.7 0.4
v 0.6 0.6 0.3
v 0.6 0.7 0.3
v 0.7 0.7 0.3
v 0.7 0.6 0.3
v 0.7 0.7 0.4
v 0.7 0.6 0.4
v 0.8 0.6 0.4
v 0.8 0.7 0.4
v 0.7 0.6 0.3
v 0.7 0.7 0.3
v 0.8 0.7 0.3
v 0.8 0.6 0.3
v 0.8 0.7 0.4
v 0.8 0.6 0.4
v 0.9 0.6 0.4
v 0.9 0.7 0.4
v 0.8 0.6 0.3
v 0.8 0.7 0.3
v 0.9 0.7 0.3
v 0.9 0.6 0.3
v 0.9 0.7 0.4
v 0.9 0.6 0.4
v 1 0.6 0.4
v 1 0.7 0.4
v 0.9 0.6 0.3
v 0.9 0.7 0.3
v 1 0.7 0.3
v 1 0.6 0.3
v 1 0.7 0.4
v 1 0.6 0.4
v 1.1 0.6 0.4
v 1.1 0.7 0.4
v 1 0.6 0.3
v 1 0.7 0.3
v 1.1 0.7 0.3
v 1.1 0.6 0.3
v 1.2 0.6 0.4
v 1.2 0.6 0.3
v 1.2 0.7 0.3
v 1.2 0.7 0.4
v 1.1 0.7 0.4
v 1.1 0.6 0.4
v 1.2 0.6 0.4
v 1.2 0.7 0.4
v 1.1 0.6 0.3
v 1.1 0.7 0.3
v 1.2 0.7 0.3
v 1.2 0.6 0.3
v -1.2 0.6 0.1
v -1.2 0.6 0
v -1.2 0.5 0
v -1.2 0.5 0.1
v -1.2 0.6 0.1
v -1.2 0.5 0.1
v -1.1 0.5 0.1
v -1.1 0.6 0.1
v -1.2 0.5 0
v -1.2 0.6 0
v -1.1 0.6 0
v -1.1 0.5 0
v -1.1 0.6 0.1
v -1.1 0.6 0
v -1.2 0.6 0
v -1.2 0.6 0.1
v -1.1 0.6 0.1
v -1.1 0.5 0.1
v -1 0.5 0.1
v -1 0.6 0.1
v -1.1 0.5 0
v -1.1 0.6 0
v -1 0.6 0
v -1 0.5 0
v -0.9 0.5 0.1
v -0.9 0.5 0
v -0.9 0.6 0
v -0.9 0.6 0.1
v -1 0.6 0.1
v -1 0.5 0.1
v -0.9 0.5 0.1
v -0.9 0.6 0.1
v -1 0.5 0
v -1 0.6 0
v -0.9 0.6 0
v -0.9 0.5 0
v -0.9 0.6 0.4
v -0.9 0.6 0.3
v -0.9 0.5 0.3
v -0.9 0.5 0.4
v -0.9 0.6 0.4
v -0.9 0.5 0.4
v -0.8 0.5 0.4
v -0.8 0.6 0.4
v -0.9 0.5 0.3
v -0.9 0.6 0.3
v -0.8 0.6 0.3
v -0.8 0.5 0.3
v -0.8 0.6 0.4
v -0.8 0.6 0.3
v -0.9 0.6 0.3
v -0.9 0.6 0.4
v -0.7 0.5 0.4
v -0.7 0.5 0.3
v -0.7 0.6 0.3
v -0.7 0.6 0.4
v -0.8 0.6 0.4
v -0.8 0.5 0.4
v -0.7 0.5 0.4
v -0.7 0.6 0.4
v -0.8 0.5 0.3
v -0.8 0.6 0.3
v -0.7 0.6 0.3
v -0.7 0.5 0.3
v -0.7 0.6 0.1
v -0.7 0.6 0
v -0.7 0.5 0
v -0.7 0.5 0.1
v -0.6 0.5 0.1
v -0.6 0.5 0
v -0.6 0.6 0
v -0.6 0.6 0.1
v -0.7 0.6 0.1
v -0.7 0.5 0.1
v -0.6 0.5 0.1
v -0.6 0.6 0.1
v -0.7 0.5 0
v -0.7 0.6 0
v -0.6 0.6 0
v -0.6 0.5 0
v -0.6 0.6 0.4
v -0.6 0.6 0.3
v -0.6 0.5 0.3
v -0.6 0.5 0.4
v -0.5 0.5 0.4
v -0.5 0.5 0.3
v -0.5 0.6 0.3
v -0.5 0.6 0.4
v -0.6 0.6 0.4
v -0.6 0.5 0.4
v -0.5 0.5 0.4
v -0.5 0.6 0.4
v -0.6 0.5 0.3
v -0.6 0.6 0.3
v -0.5 0.6 0.3
v -0.5 0.5 0.3
v -0.5 0.6 0.4
v -0.5 0.6 0.3
v -0.6 0.6 0.3
v -0.6 0.6 0.4
v -0.5 0.6 0.1
v -0.5 0.6 0
v -0.5 0.5 0
v -0.5 0.5 0.1
v -0.5 0.6 0.1
v -0.5 0.5 0.1
v -0.4 0.5 0.1
v -0.4 0.6 0.1
v -0.5 0.5 0
v -0.5 0.6 0
v -0.4 0.6 0
v -0.4 0.5 0
v -0.3 0.5 0.1
v -0.3 0.5 0
v -0.3 0.6 0
v -0.3 0.6 0.1
v -0.4 0.6 0.1
v -0.4 0.5 0.1
v -0.3 0.5 0.1
v -0.3 0.6 0.1
v -0.4 0.5 0
v -0.4 0.6 0
v -0.3 0.6 0
v -0.3 0.5 0
v -0.3 0.6 0.4
v -0.3 0.6 0.3
v -0.3 0.5 0.3
v -0.3 0.5 0.4
v -0.3 0.6 0.4
v -0.3 0.5 0.4
v -0.2 0.5 0.4
v -0.2 0.6 0.4
v -0.3 0.5 0.3
v -0.3 0.6 0.3
v -0.2 0.6 0.3
v -0.2 0.5 0.3
v -0.2 0.6 0.4
v -0.2 0.5 0.4
v -0.1 0.5 0.4
v -0.1 0.6 0.4
v -0.2 0.5 0.3
v -0.2 0.6 0.3
v -0.1 0.6 0.3
v -0.1 0.5 0.3
v -0.1 0.6 0.4
v -0.1 0.5 0.4
v 0 0.5 0.4
v 0 0.6 0.4
v -0.1 0.5 0.3
v -0.1 0.6 0.3
v 0 0.6 0.3
v 0 0.5 0.3
v 0 0.6 0.4
v 0 0.5 0.4
v 0.1 0.5 0.4
v 0.1 0.6 0.4
v 0 0.5 0.3
v 0 0.6 0.3
v 0.1 0.6 0.3
v 0.1 0.5 0.3
v 0.1 0.6 0.4
v 0.1 0.5 0.4
v 0.2 0.5 0.4
v 0.2 0.6 0.4
v 0.1 0.5 0.3
v 0.1 0.6 0.3
v 0.2 0.6 0.3
v 0.2 0.5 0.3
v 0.2 0.6 0.4
v 0.2 0.5 0.4
v 0.3 0.5 0.4
v 0.3 0.6 0.4
v 0.2 0.5 0.3
v 0.2 0.6 0.3
v 0.3 0.6 0.3
v 0.3 0.5 0.3
v 0.3 0.6 0.4
v 0.3 0.5 0.4
v 0.4 0.5 0.4
v 0.4 0.6 0.4
v 0.3 0.5 0.3
v 0.3 0.6 0.3
v 0.4 0.6 0.3
v 0.4 0.5 0.3
v 0.4 0.6 0.4
v 0.4 0.5 0.4
v 0.5 0.5 0.4
v 0.5 0.6 0.4
v 0.4 0.5 0.3
v 0.4 0.6 0.3
v 0.5 0.6 0.3
v 0.5 0.5 0.3
v 0.5 0.6 0.4
v 0.5 0.5 0.4
v 0.6 0.5 0.4
v 0.6 0.6 0.4
v 0.5 0.5 0.3
v 0.5 0.6 0.3
v 0.6 0.6 0.3
v 0.6 0.5 0.3
v 0.6 0.6 0.4
v 0.6 0.5 0.4
v 0.7 0.5 0.4
v 0.7 0.6 0.4
v 0.6 0.5 0.3
v 0.6 0.6 0.3
v 0.7 0.6 0.3
v 0.7 0.5 0.3
v 0.7 0.6 0.4
v 0.7 0.5 0.4
v 0.8 0.5 0.4
v 0.8 0.6 0.4
v 0.7 0.5 0.3
v 0.7 0.6 0.3
v 0.8 0.6 0.3
v 0.8 0.5 0.3
v 0.8 0.6 0.4
v 0.8 0.5 0.4
v 0.9 0.5 0.4
v 0.9 0.6 0.4
v 0.8 0.5 0.3
v 0.8 0.6 0.3
v 0.9 0.6 0.3
v 0.9 0.5 0.3
v 0.9 0.6 0.4
v 0.9 0.5 0.4
v 1 0.5 0.4
v 1 0.6 0.4
v 0.9 0.5 0.3
v 0.9 0.6 0.3
v 1 0.6 0.3
v 1 0.5 0.3
v 1 0.6 0.4
v 1 0.5 0.4
v 1.1 0.5 0.4
v 1.1 0.6 0.4
v 1 0.5 0.3
v 1 0.6 0.3
v 1.1 0.6 0.3
v 1.1 0.5 0.3
v 1.2 0.5 0.4
v 1.2 0.5 0.3
v 1.2 0.6 0.3
v 1.2 0.6 0.4
v 1.1 0.6 0.4
v 1.1 0.5 0.4
v 1.2 0.5 0.4
v 1.2 0.6 0.4
v 1.1 0.5 0.3
v 1.1 0.6 0.3
v 1.2 0.6 0.3
v 1.2 0.5 0.3
v -1.2 0.5 0.1
v -1.2 0.5 0
v -1.2 0.4 0
v -1.2 0.4 0.1
v -1.2 0.5 0.1
v -1.2 0.4 0.1
v -1.1 0.4 0.1
v -1.1 0.5 0.1
v -1.2 0.4 0
v -1.2 0.5 0
v -1.1 0.5 0
v -1.1 0.4 0
v -1.1 0.5 0.1
v -1.1 0.4 0.1
v -1 0.4 0.1
v -1 0.5 0.1
v -1.1 0.4 0
v -1.1 0.5 0
v -1 0.5 0
v -1 0.4 0
v -0.9 0.4 0.1
v -0.9 0.4 0
v -0.9 0.5 0
v -0.9 0.5 0.1
v -1 0.5 0.1
v -1 0.4 0.1
v -0.9 0.4 0.1
v -0.9 0.5 0.1
v -1 0.4 0
v -1 0.5 0
v -0.9 0.5 0
v -0.9 0.4 0
v -1 0.4 0.1
v -1 0.4 0
v -0.9 0.4 0
v -0.9 0.4 0.1
v -0.9 0.5 0.4
v -0.9 0.5 0.3
v -0.9 0.4 0.3
v -0.9 0.4 0.4
v -0.9 0.5 0.4
v -0.9 0.4 0.4
v -0.8 0.4 0.4
v -0.8 0.5 0.4
v -0.9 0.4 0.3
v -0.9 0.5 0.3
v -0.8 0.5 0.3
v -0.8 0.4 0.3
v -0.7 0.4 0.4
v -0.7 0.4 0.3
v -0.7 0.5 0.3
v -0.7 0.5 0.4
v -0.8 0.5 0.4
v -0.8 0.4 0.4
v -0.7 0.4 0.4
v -0.7 0.5 0.4
v -0.8 0.4 0.3
v -0.8 0.5 0.3
v -0.7 0.5 0.3
v -0.7 0.4 0.3
v -0.7 0.5 0.1
v -0.7 0.5 0
v -0.7 0.4 0
v -0.7 0.4 0.1
v -0.6 0.4 0.1
v -0.6 0.4 0
v -0.6 0.5 0
v -0.6 0.5 0.1
v -0.7 0.5 0.1
v -0.7 0.4 0.1
v -0.6 0.4 0.1
v -0.6 0.5 0.1
v -0.7 0.4 0
v -0.7 0.5 0
v -0.6 0.5 0
v -0.6 0.4 0
v -0.7 0.4 0.1
v -0.7 0.4 0
v -0.6 0.4 0
v -0.6 0.4 0.1
v -0.6 0.5 0.4
v -0.6 0.5 0.3
v -0.6 0.4 0.3
v -0.6 0.4 0.4
v -0.5 0.4 0.4
v -0.5 0.4 0.3
v -0.5 0.5 0.3
v -0.5 0.5 0.4
v -0.6 0.5 0.4
v -0.6 0.4 0.4
v -0.5 0.4 0.4
v -0.5 0.5 0.4
v -0.6 0.4 0.3
v -0.6 0.5 0.3
v -0.5 0.5 0.3
v -0.5 0.4 0.3
v -0.5 0.5 0.1
v -0.5 0.5 0
v -0.5 0.4 0
v -0.5 0.4 0.1
v -0.5 0.5 0.1
v -0.5 0.4 0.1
v -0.4 0.4 0.1
v -0.4 0.5 0.1
v -0.5 0.4 0
v -0.5 0.5 0
v -0.4 0.5 0
v -0.4 0.4 0
v -0.5 0.4 0.1
v -0.5 0.4 0
v -0.4 0.4 0
v -0.4 0.4 0.1
v -0.3 0.4 0.1
v -0.3 0.4 0
v -0.3 0.5 0
v -0.3 0.5 0.1
v -0.4 0.5 0.1
v -0.4 0.4 0.1
v -0.3 0.4 0.1
v -0.3 0.5 0.1
v -0.4 0.4 0
v -0.4 0.5 0
v -0.3 0.5 0
v -0.3 0.4 0
v -0.3 0.5 0.4
v -0.3 0.5 0.3
v -0.3 0.4 0.3
v -0.3 0.4 0.4
v -0.3 0.5 0.4
v -0.3 0.4 0.4
v -0.2 0.4 0.4
v -0.2 0.5 0.4
v -0.3 0.4 0.3
v -0.3 0.5 0.3
v -0.2 0.5 0.3
v -0.2 0.4 0.3
v -0.2 0.5 0.4
v -0.2 0.4 0.4
v -0.1 0.4 0.4
v -0.1 0.5 0.4
v -0.2 0.4 0.3
v -0.2 0.5 0.3
v -0.1 0.5 0.3
v -0.1 0.4 0.3
v -0.1 0.5 0.4
v -0.1 0.4 0.4
v 0 0.4 0.4
v 0 0.5 0.4
v -0.1 0.4 0.3
v -0.1 0.5 0.3
v 0 0.5 0.3
v 0 0.4 0.3
v 0 0.5 0.4
v 0 0.4 0.4
v 0.1 0.4 0.4
v 0.1 0.5 0.4
v 0 0.4 0.3
v 0 0.5 0.3
v 0.1 0.5 0.3
v 0.1 0.4 0.3
v 0.1 0.5 0.4
v 0.1 0.4 0.4
v 0.2 0.4 0.4
v 0.2 0.5 0.4
v 0.1 0.4 0.3
v 0.1 0.5 0.3
v 0.2 0.5 0.3
v 0.2 0.4 0.3
v 0.2 0.5 0.4
v 0.2 0.4 0.4
v 0.3 0.4 0.4
v 0.3 0.5 0.4
v 0.2 0.4 0.3
v 0.2 0.5 0.3
v 0.3 0.5 0.3
v 0.3 0.4 0.3
v 0.3 0.5 0.4
v 0.3 0.4 0.4
v 0.4 0.4 0.4
v 0.4 0.5 0.4
v 0.3 0.4 0.3
v 0.3 0.5 0.3
v 0.4 0.5 0.3
v 0.4 0.4 0.3
v 0.4 0.5 0.4
v 0.4 0.4 0.4
v 0.5 0.4 0.4
v 0.5 0.5 0.4
v 0.4 0.4 0.3
v 0.4 0.5 0.3
v 0.5 0.5 0.3
v 0.5 0.4 0.3
v 0.5 0.5 0.4
v 0.5 0.4 0.4
v 0.6 0.4 0.4
v 0.6 0.5 0.4
v 0.5 0.4 0.3
v 0.5 0.5 0.3
v 0.6 0.5 0.3
v 0.6 0.4 0.3
v 0.6 0.5 0.4
v 0.6 0.4 0.4
v 0.7 0.4 0.4
v 0.7 0.5 0.4
v 0.6 0.4 0.3
v 0.6 0.5 0.3
v 0.7 0.5 0.3
v 0.7 0.4 0.3
v 0.7 0.5 0.4
v 0.7 0.4 0.4
v 0.8 0.4 0.4
v 0.8 0.5 0.4
v 0.7 0.4 0.3
v 0.7 0.5 0.3
v 0.8 0.5 0.3
v 0.8 0.4 0.3
v 0.8 0.5 0.4
v 0.8 0.4 0.4
v 0.9 0.4 0.4
v 0.9 0.5 0.4
v 0.8 0.4 0.3
v 0.8 0.5 0.3
v 0.9 0.5 0.3
v 0.9 0.4 0.3
v 0.9 0.5 0.4
v 0.9 0.4 0.4
v 1 0.4 0.4
v 1 0.5 0.4
v 0.9 0.4 0.3
v 0.9 0.5 0.3
v 1 0.5 0.3
v 1 0.4 0.3
v 1 0.5 0.4
v 1 0.4 0.4
v 1.1 0.4 0.4
v 1.1 0.5 0.4
v 1 0.4 0.3
v 1 0.5 0.3
v 1.1 0.5 0.3
v 1.1 0.4 0.3
v 1.2 0.4 0.4
v 1.2 0.4 0.3
v 1.2 0.5 0.3
v 1.2 0.5 0.4
v 1.1 0.5 0.4
v 1.1 0.4 0.4
v 1.2 0.4 0.4
v 1.2 0.5 0.4
v 1.1 0.4 0.3
v 1.1 0.5 0.3
v 1.2 0.5 0.3
v 1.2 0.4 0.3
v -1.2 0.4 0.1
v -1.2 0.4 0
v -1.2 0.3 0
v -1.2 0.3 0.1
v -1.2 0.4 0.1
v -1.2 0.3 0.1
v -1.1 0.3 0.1
v -1.1 0.4 0.1
v -1.2 0.3 0
v -1.2 0.4 0
v -1.1 0.4 0
v -1.1 0.3 0
v -1 0.3 0.1
v -1 0.3 0
v -1 0.4 0
v -1 0.4 0.1
v -1.1 0.4 0.1
v -1.1 0.3 0.1
v -1 0.3 0.1
v -1 0.4 0.1
v -1.1 0.3 0
v -1.1 0.4 0
v -1 0.4 0
v -1 0.3 0
v -1.1 0.3 0.1
v -1.1 0.3 0
v -1 0.3 0
v -1 0.3 0.1
v -1 0.4 0.4
v -1 0.4 0.3
v -1 0.3 0.3
v -1 0.3 0.4
v -1 0.4 0.4
v -1 0.3 0.4
v -0.9 0.3 0.4
v -0.9 0.4 0.4
v -1 0.3 0.3
v -1 0.4 0.3
v -0.9 0.4 0.3
v -0.9 0.3 0.3
v -0.9 0.4 0.4
v -0.9 0.4 0.3
v -1 0.4 0.3
v -1 0.4 0.4
v -0.9 0.4 0.4
v -0.9 0.3 0.4
v -0.8 0.3 0.4
v -0.8 0.4 0.4
v -0.9 0.3 0.3
v -0.9 0.4 0.3
v -0.8 0.4 0.3
v -0.8 0.3 0.3
v -0.8 0.4 0.4
v -0.8 0.3 0.4
v -0.7 0.3 0.4
v -0.7 0.4 0.4
v -0.8 0.3 0.3
v -0.8 0.4 0.3
v -0.7 0.4 0.3
v -0.7 0.3 0.3
v -0.7 0.4 0.4
v -0.7 0.3 0.4
v -0.6 0.3 0.4
v -0.6 0.4 0.4
v -0.7 0.3 0.3
v -0.7 0.4 0.3
v -0.6 0.4 0.3
v -0.6 0.3 0.3
v -0.6 0.4 0.4
v -0.6 0.4 0.3
v -0.7 0.4 0.3
v -0.7 0.4 0.4
v -0.6 0.4 0.4
v -0.6 0.3 0.4
v -0.5 0.3 0.4
v -0.5 0.4 0.4
v -0.6 0.3 0.3
v -0.6 0.4 0.3
v -0.5 0.4 0.3
v -0.5 0.3 0.3
v -0.4 0.3 0.4
v -0.4 0.3 0.3
v -0.4 0.4 0.3
v -0.4 0.4 0.4
v -0.5 0.4 0.4
v -0.5 0.3 0.4
v -0.4 0.3 0.4
v -0.4 0.4 0.4
v -0.5 0.3 0.3
v -0.5 0.4 0.3
v -0.4 0.4 0.3
v -0.4 0.3 0.3
v -0.4 0.4 0.4
v -0.4 0.4 0.3
v -0.5 0.4 0.3
v -0.5 0.4 0.4
v -0.4 0.4 0.1
v -0.4 0.4 0
v -0.4 0.3 0
v -0.4 0.3 0.1
v -0.3 0.3 0.1
v -0.3 0.3 0
v -0.3 0.4 0
v -0.3 0.4 0.1
v -0.4 0.4 0.1
v -0.4 0.3 0.1
v -0.3 0.3 0.1
v -0.3 0.4 0.1
v -0.4 0.3 0
v -0.4 0.4 0
v -0.3 0.4 0
v -0.3 0.3 0
v -0.4 0.3 0.1
v -0.4 0.3 0
v -0.3 0.3 0
v -0.3 0.3 0.1
v -0.3 0.4 0.4
v -0.3 0.4 0.3
v -0.3 0.3 0.3
v -0.3 0.3 0.4
v -0.3 0.4 0.4
v -0.3 0.3 0.4
v -0.2 0.3 0.4
v -0.2 0.4 0.4
v -0.3 0.3 0.3
v -0.3 0.4 0.3
v -0.2 0.4 0.3
v -0.2 0.3 0.3
v -0.2 0.4 0.4
v -0.2 0.3 0.4
v -0.1 0.3 0.4
v -0.1 0.4 0.4
v -0.2 0.3 0.3
v -0.2 0.4 0.3
v -0.1 0.4 0.3
v -0.1 0.3 0.3
v -0.1 0.4 0.4
v -0.1 0.3 0.4
v 0 0.3 0.4
v 0 0.4 0.4
v -0.1 0.3 0.3
v -0.1 0.4 0.3
v 0 0.4 0.3
v 0 0.3 0.3
v 0 0.4 0.4
v 0 0.3 0.4
v 0.1 0.3 0.4
v 0.1 0.4 0.4
v 0 0.3 0.3
v 0 0.4 0.3
v 0.1 0.4 0.3
v 0.1 0.3 0.3
v 0.1 0.4 0.4
v 0.1 0.3 0.4
v 0.2 0.3 0.4
v 0.2 0.4 0.4
v 0.1 0.3 0.3
v 0.1 0.4 0.3
v 0.2 0.4 0.3
v 0.2 0.3 0.3
v 0.2 0.4 0.4
v 0.2 0.3 0.4
v 0.3 0.3 0.4
v 0.3 0.4 0.4
v 0.2 0.3 0.3
v 0.2 0.4 0.3
v 0.3 0.4 0.3
v 0.3 0.3 0.3
v 0.3 0.4 0.4
v 0.3 0.3 0.4
v 0.4 0.3 0.4
v 0.4 0.4 0.4
v 0.3 0.3 0.3
v 0.3 0.4 0.3
v 0.4 0.4 0.3
v 0.4 0.3 0.3
v 0.4 0.4 0.4
v 0.4 0.3 0.4
v 0.5 0.3 0.4
v 0.5 0.4 0.4
v 0.4 0.3 0.3
v 0.4 0.4 0.3
v 0.5 0.4 0.3
v 0.5 0.3 0.3
v 0.5 0.4 0.4
v 0.5 0.3 0.4
v 0.6 0.3 0.4
v 0.6 0.4 0.4
v 0.5 0.3 0.3
v 0.5 0.4 0.3
v 0.6 0.4 0.3
v 0.6 0.3 0.3
v 0.6 0.4 0.4
v 0.6 0.3 0.4
v 0.7 0.3 0.4
v 0.7 0.4 0.4
v 0.6 0.3 0.3
v 0.6 0.4 0.3
v 0.7 0.4 0.3
v 0.7 0.3 0.3
v 0.7 0.4 0.4
v 0.7 0.3 0.4
v 0.8 0.3 0.4
v 0.8 0.4 0.4
v 0.7 0.3 0.3
v 0.7 0.4 0.3
v 0.8 0.4 0.3
v 0.8 0.3 0.3
v 0.8 0.4 0.4
v 0.8 0.3 0.4
v 0.9 0.3 0.4
v 0.9 0.4 0.4
v 0.8 0.3 0.3
v 0.8 0.4 0.3
v 0.9 0.4 0.3
v 0.9 0.3 0.3
v 0.9 0.4 0.4
v 0.9 0.3 0.4
v 1 0.3 0.4
v 1 0.4 0.4
v 0.9 0.3 0.3
v 0.9 0.4 0.3
v 1 0.4 0.3
v 1 0.3 0.3
v 1 0.4 0.4
v 1 0.3 0.4
v 1.1 0.3 0.4
v 1.1 0.4 0.4
v 1 0.3 0.3
v 1 0.4 0.3
v 1.1 0.4 0.3
v 1.1 0.3 0.3
v 1.2 0.3 0.4
v 1.2 0.3 0.3
v 1.2 0.4 0.3
v 1.2 0.4 0.4
v 1.1 0.4 0.4
v 1.1 0.3 0.4
v 1.2 0.3 0.4
v 1.2 0.4 0.4
v 1.1 0.3 0.3
v 1.1 0.4 0.3
v 1.2 0.4 0.3
v 1.2 0.3 0.3
v -1.2 0.3 0.1
v -1.2 0.3 0
v -1.2 0.2 0
v -1.2 0.2 0.1
v -1.1 0.2 0.1
v -1.1 0.2 0
v -1.1 0.3 0
v -1.1 0.3 0.1
v -1.2 0.3 0.1
v -1.2 0.2 0.1
v -1.1 0.2 0.1
v -1.1 0.3 0.1
v -1.2 0.2 0
v -1.2 0.3 0
v -1.1 0.3 0
v -1.1 0.2 0
v -1.2 0.2 0.1
v -1.2 0.2 0
v -1.1 0.2 0
v -1.1 0.2 0.1
v -1.1 0.3 0.4
v -1.1 0.3 0.3
v -1.1 0.2 0.3
v -1.1 0.2 0.4
v -1.1 0.3 0.4
v -1.1 0.2 0.4
v -1 0.2 0.4
v -1 0.3 0.4
v -1.1 0.2 0.3
v -1.1 0.3 0.3
v -1 0.3 0.3
v -1 0.2 0.3
v -1 0.3 0.4
v -1 0.3 0.3
v -1.1 0.3 0.3
v -1.1 0.3 0.4
v -1 0.3 0.4
v -1 0.2 0.4
v -0.9 0.2 0.4
v -0.9 0.3 0.4
v -1 0.2 0.3
v -1 0.3 0.3
v -0.9 0.3 0.3
v -0.9 0.2 0.3
v -0.9 0.3 0.4
v -0.9 0.2 0.4
v -0.8 0.2 0.4
v -0.8 0.3 0.4
v -0.9 0.2 0.3
v -0.9 0.3 0.3
v -0.8 0.3 0.3
v -0.8 0.2 0.3
v -0.8 0.3 0.4
v -0.8 0.2 0.4
v -0.7 0.2 0.4
v -0.7 0.3 0.4
v -0.8 0.2 0.3
v -0.8 0.3 0.3
v -0.7 0.3 0.3
v -0.7 0.2 0.3
v -0.7 0.3 0.4
v -0.7 0.2 0.4
v -0.6 0.2 0.4
v -0.6 0.3 0.4
v -0.7 0.2 0.3
v -0.7 0.3 0.3
v -0.6 0.3 0.3
v -0.6 0.2 0.3
v -0.6 0.3 0.4
v -0.6 0.2 0.4
v -0.5 0.2 0.4
v -0.5 0.3 0.4
v -0.6 0.2 0.3
v -0.6 0.3 0.3
v -0.5 0.3 0.3
v -0.5 0.2 0.3
v -0.5 0.3 0.4
v -0.5 0.2 0.4
v -0.4 0.2 0.4
v -0.4 0.3 0.4
v -0.5 0.2 0.3
v -0.5 0.3 0.3
v -0.4 0.3 0.3
v -0.4 0.2 0.3
v -0.4 0.3 0.4
v -0.4 0.2 0.4
v -0.3 0.2 0.4
v -0.3 0.3 0.4
v -0.4 0.2 0.3
v -0.4 0.3 0.3
v -0.3 0.3 0.3
v -0.3 0.2 0.3
v -0.3 0.3 0.4
v -0.3 0.3 0.3
v -0.4 0.3 0.3
v -0.4 0.3 0.4
v -0.3 0.3 0.4
v -0.3 0.2 0.4
v -0.2 0.2 0.4
v -0.2 0.3 0.4
v -0.3 0.2 0.3
v -0.3 0.3 0.3
v -0.2 0.3 0.3
v -0.2 0.2 0.3
v -0.2 0.3 0.4
v -0.2 0.2 0.4
v -0.1 0.2 0.4
v -0.1 0.3 0.4
v -0.2 0.2 0.3
v -0.2 0.3 0.3
v -0.1 0.3 0.3
v -0.1 0.2 0.3
v -0.1 0.3 0.4
v -0.1 0.2 0.4
v 0 0.2 0.4
v 0 0.3 0.4
v -0.1 0.2 0.3
v -0.1 0.3 0.3
v 0 0.3 0.3
v 0 0.2 0.3
v 0 0.3 0.4
v 0 0.2 0.4
v 0.1 0.2 0.4
v 0.1 0.3 0.4
v 0 0.2 0.3
v 0 0.3 0.3
v 0.1 0.3 0.3
v 0.1 0.2 0.3
v 0.1 0.3 0.4
v 0.1 0.2 0.4
v 0.2 0.2 0.4
v 0.2 0.3 0.4
v 0.1 0.2 0.3
v 0.1 0.3 0.3
v 0.2 0.3 0.3
v 0.2 0.2 0.3
v 0.2 0.3 0.4
v 0.2 0.2 0.4
v 0.3 0.2 0.4
v 0.3 0.3 0.4
v 0.2 0.2 0.3
v 0.2 0.3 0.3
v 0.3 0.3 0.3
v 0.3 0.2 0.3
v 0.3 0.3 0.4
v 0.3 0.2 0.4
v 0.4 0.2 0.4
v 0.4 0.3 0.4
v 0.3 0.2 0.3
v 0.3 0.3 0.3
v 0.4 0.3 0.3
v 0.4 0.2 0.3
v 0.4 0.3 0.4
v 0.4 0.2 0.4
v 0.5 0.2 0.4
v 0.5 0.3 0.4
v 0.4 0.2 0.3
v 0.4 0.3 0.3
v 0.5 0.3 0.3
v 0.5 0.2 0.3
v 0.5 0.3 0.4
v 0.5 0.2 0.4
v 0.6 0.2 0.4
v 0.6 0.3 0.4
v 0.5 0.2 0.3
v 0.5 0.3 0.3
v 0.6 0.3 0.3
v 0.6 0.2 0.3
v 0.6 0.3 0.4
v 0.6 0.2 0.4
v 0.7 0.2 0.4
v 0.7 0.3 0.4
v 0.6 0.2 0.3
v 0.6 0.3 0.3
v 0.7 0.3 0.3
v 0.7 0.2 0.3
v 0.7 0.3 0.4
v 0.7 0.2 0.4
v 0.8 0.2 0.4
v 0.8 0.3 0.4
v 0.7 0.2 0.3
v 0.7 0.3 0.3
v 0.8 0.3 0.3
v 0.8 0.2 0.3
v 0.8 0.3 0.4
v 0.8 0.2 0.4
v 0.9 0.2 0.4
v 0.9 0.3 0.4
v 0.8 0.2 0.3
v 0.8 0.3 0.3
v 0.9 0.3 0.3
v 0.9 0.2 0.3
v 0.9 0.3 0.4
v 0.9 0.2 0.4
v 1 0.2 0.4
v 1 0.3 0.4
v 0.9 0.2 0.3
v 0.9 0.3 0.3
v 1 0.3 0.3
v 1 0.2 0.3
v 1 0.3 0.4
v 1 0.2 0.4
v 1.1 0.2 0.4
v 1.1 0.3 0.4
v 1 0.2 0.3
v 1 0.3 0.3
v 1.1 0.3 0.3
v 1.1 0.2 0.3
v 1.2 0.2 0.4
v 1.2 0.2 0.3
v 1.2 0.3 0.3
v 1.2 0.3 0.4
v 1.1 0.3 0.4
v 1.1 0.2 0.4
v 1.2 0.2 0.4
v 1.2 0.3 0.4
v 1.1 0.2 0.3
v 1.1 0.3 0.3
v 1.2 0.3 0.3
v 1.2 0.2 0.3
v -1.2 0.2 0.4
v -1.2 0.2 0.3
v -1.2 0.1 0.3
v -1.2 0.1 0.4
v -1.2 0.2 0.4
v -1.2 0.1 0.4
v -1.1 0.1 0.4
v -1.1 0.2 0.4
v -1.2 0.1 0.3
v -1.2 0.2 0.3
v -1.1 0.2 0.3
v -1.1 0.1 0.3
v -1.1 0.2 0.4
v -1.1 0.2 0.3
v -1.2 0.2 0.3
v -1.2 0.2 0.4
v -1.1 0.2 0.4
v -1.1 0.1 0.4
v -1 0.1 0.4
v -1 0.2 0.4
v -1.1 0.1 0.3
v -1.1 0.2 0.3
v -1 0.2 0.3
v -1 0.1 0.3
v -1 0.2 0.4
v -1 0.1 0.4
v -0.9 0.1 0.4
v -0.9 0.2 0.4
v -1 0.1 0.3
v -1 0.2 0.3
v -0.9 0.2 0.3
v -0.9 0.1 0.3
v -0.9 0.2 0.4
v -0.9 0.1 0.4
v -0.8 0.1 0.4
v -0.8 0.2 0.4
v -0.9 0.1 0.3
v -0.9 0.2 0.3
v -0.8 0.2 0.3
v -0.8 0.1 0.3
v -0.8 0.2 0.4
v -0.8 0.1 0.4
v -0.7 0.1 0.4
v -0.7 0.2 0.4
v -0.8 0.1 0.3
v -0.8 0.2 0.3
v -0.7 0.2 0.3
v -0.7 0.1 0.3
v -0.7 0.2 0.4
v -0.7 0.1 0.4
v -0.6 0.1 0.4
v -0.6 0.2 0.4
v -0.7 0.1 0.3
v -0.7 0.2 0.3
v -0.6 0.2 0.3
v -0.6 0.1 0.3
v -0.6 0.2 0.4
v -0.6 0.1 0.4
v -0.5 0.1 0.4
v -0.5 0.2 0.4
v -0.6 0.1 0.3
v -0.6 0.2 0.3
v -0.5 0.2 0.3
v -0.5 0.1 0.3
v -0.5 0.2 0.4
v -0.5 0.1 0.4
v -0.4 0.1 0.4
v -0.4 0.2 0.4
v -0.5 0.1 0.3
v -0.5 0.2 0.3
v -0.4 0.2 0.3
v -0.4 0.1 0.3
v -0.4 0.2 0.4
v -0.4 0.1 0.4
v -0.3 0.1 0.4
v -0.3 0.2 0.4
v -0.4 0.1 0.3
v -0.4 0.2 0.3
v -0.3 0.2 0.3
v -0.3 0.1 0.3
v -0.3 0.2 0.4
v -0.3 0.1 0.4
v -0.2 0.1 0.4
v -0.2 0.2 0.4
v -0.3 0.1 0.3
v -0.3 0.2 0.3
v -0.2 0.2 0.3
v -0.2 0.1 0.3
v -0.2 0.2 0.4
v -0.2 0.1 0.4
v -0.1 0.1 0.4
v -0.1 0.2 0.4
v -0.2 0.1 0.3
v -0.2 0.2 0.3
v -0.1 0.2 0.3
v -0.1 0.1 0.3
v -0.1 0.2 0.4
v -0.1 0.1 0.4
v 0 0.1 0.4
v 0 0.2 0.4
v -0.1 0.1 0.3
v -0.1 0.2 0.3
v 0 0.2 0.3
v 0 0.1 0.3
v 0 0.2 0.4
v 0 0.1 0.4
v 0.1 0.1 0.4
v 0.1 0.2 0.4
v 0 0.1 0.3
v 0 0.2 0.3
v 0.1 0.2 0.3
v 0.1 0.1 0.3
v 0.1 0.2 0.4
v 0.1 0.1 0.4
v 0.2 0.1 0.4
v 0.2 0.2 0.4
v 0.1 0.1 0.3
v 0.1 0.2 0.3
v 0.2 0.2 0.3
v 0.2 0.1 0.3
v 0.2 0.2 0.4
v 0.2 0.1 0.4
v 0.3 0.1 0.4
v 0.3 0.2 0.4
v 0.2 0.1 0.3
v 0.2 0.2 0.3
v 0.3 0.2 0.3
v 0.3 0.1 0.3
v 0.3 0.2 0.4
v 0.3 0.1 0.4
v 0.4 0.1 0.4
v 0.4 0.2 0.4
v 0.3 0.1 0.3
v 0.3 0.2 0.3
v 0.4 0.2 0.3
v 0.4 0.1 0.3
v 0.4 0.2 0.4
v 0.4 0.1 0.4
v 0.5 0.1 0.4
v 0.5 0.2 0.4
v 0.4 0.1 0.3
v 0.4 0.2 0.3
v 0.5 0.2 0.3
v 0.5 0.1 0.3
v 0.5 0.2 0.4
v 0.5 0.1 0.4
v 0.6 0.1 0.4
v 0.6 0.2 0.4
v 0.5 0.1 0.3
v 0.5 0.2 0.3
v 0.6 0.2 0.3
v 0.6 0.1 0.3
v 0.6 0.2 0.4
v 0.6 0.1 0.4
v 0.7 0.1 0.4
v 0.7 0.2 0.4
v 0.6 0.1 0.3
v 0.6 0.2 0.3
v 0.7 0.2 0.3
v 0.7 0.1 0.3
v 0.7 0.2 0.4
v 0.7 0.1 0.4
v 0.8 0.1 0.4
v 0.8 0.2 0.4
v 0.7 0.1 0.3
v 0.7 0.2 0.3
v 0.8 0.2 0.3
v 0.8 0.1 0.3
v 0.8 0.2 0.4
v 0.8 0.1 0.4
v 0.9 0.1 0.4
v 0.9 0.2 0.4
v 0.8 0.1 0.3
v 0.8 0.2 0.3
v 0.9 0.2 0.3
v 0.9 0.1 0.3
v 0.9 0.2 0.4
v 0.9 0.1 0.4
v 1 0.1 0.4
v 1 0.2 0.4
v 0.9 0.1 0.3
v 0.9 0.2 0.3
v 1 0.2 0.3
v 1 0.1 0.3
v 1 0.2 0.4
v 1 0.1 0.4
v 1.1 0.1 0.4
v 1.1 0.2 0.4
v 1 0.1 0.3
v 1 0.2 0.3
v 1.1 0.2 0.3
v 1.1 0.1 0.3
v 1.2 0.1 0.4
v 1.2 0.1 0.3
v 1.2 0.2 0.3
v 1.2 0.2 0.4
v 1.1 0.2 0.4
v 1.1 0.1 0.4
v 1.2 0.1 0.4
v 1.2 0.2 0.4
v 1.1 0.1 0.3
v 1.1 0.2 0.3
v 1.2 0.2 0.3
v 1.2 0.1 0.3
v -1.2 0.1 0.4
v -1.2 0.1 0.3
v -1.2 0 0.3
v -1.2 0 0.4
v -1.2 0.1 0.4
v -1.2 0 0.4
v -1.1 0 0.4
v -1.1 0.1 0.4
v -1.2 0 0.3
v -1.2 0.1 0.3
v -1.1 0.1 0.3
v -1.1 0 0.3
v -1.1 0.1 0.4
v -1.1 0 0.4
v -1 0 0.4
v -1 0.1 0.4
v -1.1 0 0.3
v -1.1 0.1 0.3
v -1 0.1 0.3
v -1 0 0.3
v -1 0.1 0.4
v -1 0 0.4
v -0.9 0 0.4
v -0.9 0.1 0.4
v -1 0 0.3
v -1 0.1 0.3
v -0.9 0.1 0.3
v -0.9 0 0.3
v -0.9 0.1 0.4
v -0.9 0 0.4
v -0.8 0 0.4
v -0.8 0.1 0.4
v -0.9 0 0.3
v -0.9 0.1 0.3
v -0.8 0.1 0.3
v -0.8 0 0.3
v -0.8 0.1 0.4
v -0.8 0 0.4
v -0.7 0 0.4
v -0.7 0.1 0.4
v -0.8 0 0.3
v -0.8 0.1 0.3
v -0.7 0.1 0.3
v -0.7 0 0.3
v -0.7 0.1 0.4
v -0.7 0 0.4
v -0.6 0 0.4
v -0.6 0.1 0.4
v -0.7 0 0.3
v -0.7 0.1 0.3
v -0.6 0.1 0.3
v -0.6 0 0.3
v -0.6 0.1 0.4
v -0.6 0 0.4
v -0.5 0 0.4
v -0.5 0.1 0.4
v -0.6 0 0.3
v -0.6 0.1 0.3
v -0.5 0.1 0.3
v -0.5 0 0.3
v -0.5 0.1 0.4
v -0.5 0 0.4
v -0.4 0 0.4
v -0.4 0.1 0.4
v -0.5 0 0.3
v -0.5 0.1 0.3
v -0.4 0.1 0.3
v -0.4 0 0.3
v -0.4 0.1 0.4
v -0.4 0 0.4
v -0.3 0 0.4
v -0.3 0.1 0.4
v -0.4 0 0.3
v -0.4 0.1 0.3
v -0.3 0.1 0.3
v -0.3 0 0.3
v -0.3 0.1 0.4
v -0.3 0 0.4
v -0.2 0 0.4
v -0.2 0.1 0.4
v -0.3 0 0.3
v -0.3 0.1 0.3
v -0.2 0.1 0.3
v -0.2 0 0.3
v -0.2 0.1 0.4
v -0.2 0 0.4
v -0.1 0 0.4
v -0.1 0.1 0.4
v -0.2 0 0.3
v -0.2 0.1 0.3
v -0.1 0.1 0.3
v -0.1 0 0.3
v -0.1 0.1 0.4
v -0.1 0 0.4
v 0 0 0.4
v 0 0.1 0.4
v -0.1 0 0.3
v -0.1 0.1 0.3
v 0 0.1 0.3
v 0 0 0.3
v 0 0.1 0.4
v 0 0 0.4
v 0.1 0 0.4
v 0.1 0.1 0.4
v 0 0 0.3
v 0 0.1 0.3
v 0.1 0.1 0.3
v 0.1 0 0.3
v 0.1 0.1 0.4
v 0.1 0 0.4
v 0.2 0 0.4
v 0.2 0.1 0.4
v 0.1 0 0.3
v 0.1 0.1 0.3
v 0.2 0.1 0.3
v 0.2 0 0.3
v 0.2 0.1 0.4
v 0.2 0 0.4
v 0.3 0 0.4
v 0.3 0.1 0.4
v 0.2 0 0.3
v 0.2 0.1 0.3
v 0.3 0.1 0.3
v 0.3 0 0.3
v 0.3 0.1 0.4
v 0.3 0 0.4
v 0.4 0 0.4
v 0.4 0.1 0.4
v 0.3 0 0.3
v 0.3 0.1 0.3
v 0.4 0.1 0.3
v 0.4 0 0.3
v 0.4 0.1 0.4
v 0.4 0 0.4
v 0.5 0 0.4
v 0.5 0.1 0.4
v 0.4 0 0.3
v 0.4 0.1 0.3
v 0.5 0.1 0.3
v 0.5 0 0.3
v 0.5 0.1 0.4
v 0.5 0 0.4
v 0.6 0 0.4
v 0.6 0.1 0.4
v 0.5 0 0.3
v 0.5 0.1 0.3
v 0.6 0.1 0.3
v 0.6 0 0.3
v 0.6 0.1 0.4
v 0.6 0 0.4
v 0.7 0 0.4
v 0.7 0.1 0.4
v 0.6 0 0.3
v 0.6 0.1 0.3
v 0.7 0.1 0.3
v 0.7 0 0.3
v 0.7 0.1 0.4
v 0.7 0 0.4
v 0.8 0 0.4
v 0.8 0.1 0.4
v 0.7 0 0.3
v 0.7 0.1 0.3
v 0.8 0.1 0.3
v 0.8 0 0.3
v 0.8 0.1 0.4
v 0.8 0 0.4
v 0.9 0 0.4
v 0.9 0.1 0.4
v 0.8 0 0.3
v 0.8 0.1 0.3
v 0.9 0.1 0.3
v 0.9 0 0.3
v 0.9 0.1 0.4
v 0.9 0 0.4
v 1 0 0.4
v 1 0.1 0.4
v 0.9 0 0.3
v 0.9 0.1 0.3
v 1 0.1 0.3
v 1 0 0.3
v 1 0.1 0.4
v 1 0 0.4
v 1.1 0 0.4
v 1.1 0.1 0.4
v 1 0 0.3
v 1 0.1 0.3
v 1.1 0.1 0.3
v 1.1 0 0.3
v 1.2 0 0.4
v 1.2 0 0.3
v 1.2 0.1 0.3
v 1.2 0.1 0.4
v 1.1 0.1 0.4
v 1.1 0 0.4
v 1.2 0 0.4
v 1.2 0.1 0.4
v 1.1 0 0.3
v 1.1 0.1 0.3
v 1.2 0.1 0.3
v 1.2 0 0.3
v -1.2 0 0.4
v -1.2 0 0.3
v -1.2 -0.1 0.3
v -1.2 -0.1 0.4
v -1.2 0 0.4
v -1.2 -0.1 0.4
v -1.1 -0.1 0.4
v -1.1 0 0.4
v -1.2 -0.1 0.3
v -1.2 0 0.3
v -1.1 0 0.3
v -1.1 -0.1 0.3
v -1.1 0 0.4
v -1.1 -0.1 0.4
v -1 -0.1 0.4
v -1 0 0.4
v -1.1 -0.1 0.3
v -1.1 0 0.3
v -1 0 0.3
v -1 -0.1 0.3
v -1 0 0.4
v -1 -0.1 0.4
v -0.9 -0.1 0.4
v -0.9 0 0.4
v -1 -0.1 0.3
v -1 0 0.3
v -0.9 0 0.3
v -0.9 -0.1 0.3
v -0.9 0 0.4
v -0.9 -0.1 0.4
v -0.8 -0.1 0.4
v -0.8 0 0.4
v -0.9 -0.1 0.3
v -0.9 0 0.3
v -0.8 0 0.3
v -0.8 -0.1 0.3
v -0.8 0 0.4
v -0.8 -0.1 0.4
v -0.7 -0.1 0.4
v -0.7 0 0.4
v -0.8 -0.1 0.3
v -0.8 0 0.3
v -0.7 0 0.3
v -0.7 -0.1 0.3
v -0.7 0 0.4
v -0.7 -0.1 0.4
v -0.6 -0.1 0.4
v -0.6 0 0.4
v -0.7 -0.1 0.3
v -0.7 0 0.3
v -0.6 0 0.3
v -0.6 -0.1 0.3
v -0.6 0 0.4
v -0.6 -0.1 0.4
v -0.5 -0.1 0.4
v -0.5 0 0.4
v -0.6 -0.1 0.3
v -0.6 0 0.3
v -0.5 0 0.3
v -0.5 -0.1 0.3
v -0.5 0 0.4
v -0.5 -0.1 0.4
v -0.4 -0.1 0.4
v -0.4 0 0.4
v -0.5 -0.1 0.3
v -0.5 0 0.3
v -0.4 0 0.3
v -0.4 -0.1 0.3
v -0.4 0 0.4
v -0.4 -0.1 0.4
v -0.3 -0.1 0.4
v -0.3 0 0.4
v -0.4 -0.1 0.3
v -0.4 0 0.3
v -0.3 0 0.3
v -0.3 -0.1 0.3
v -0.3 0 0.4
v -0.3 -0.1 0.4
v -0.2 -0.1 0.4
v -0.2 0 0.4
v -0.3 -0.1 0.3
v -0.3 0 0.3
v -0.2 0 0.3
v -0.2 -0.1 0.3
v -0.2 0 0.4
v -0.2 -0.1 0.4
v -0.1 -0.1 0.4
v -0.1 0 0.4
v -0.2 -0.1 0.3
v -0.2 0 0.3
v -0.1 0 0.3
v -0.1 -0.1 0.3
v -0.1 0 0.4
v -0.1 -0.1 0.4
v 0 -0.1 0.4
v 0 0 0.4
v -0.1 -0.1 0.3
v -0.1 0 0.3
v 0 0 0.3
v 0 -0.1 0.3
v 0 0 0.4
v 0 -0.1 0.4
v 0.1 -0.1 0.4
v 0.1 0 0.4
v 0 -0.1 0.3
v 0 0 0.3
v 0.1 0 0.3
v 0.1 -0.1 0.3
v 0.1 0 0.4
v 0.1 -0.1 0.4
v 0.2 -0.1 0.4
v 0.2 0 0.4
v 0.1 -0.1 0.3
v 0.1 0 0.3
v 0.2 0 0.3
v 0.2 -0.1 0.3
v 0.2 0 0.4
v 0.2 -0.1 0.4
v 0.3 -0.1 0.4
v 0.3 0 0.4
v 0.2 -0.1 0.3
v 0.2 0 0.3
v 0.3 0 0.3
v 0.3 -0.1 0.3
v 0.3 0 0.4
v 0.3 -0.1 0.4
v 0.4 -0.1 0.4
v 0.4 0 0.4
v 0.3 -0.1 0.3
v 0.3 0 0.3
v 0.4 0 0.3
v 0.4 -0.1 0.3
v 0.4 0 0.4
v 0.4 -0.1 0.4
v 0.5 -0.1 0.4
v 0.5 0 0.4
v 0.4 -0.1 0.3
v 0.4 0 0.3
v 0.5 0 0.3
v 0.5 -0.1 0.3
v 0.5 0 0.4
v 0.5 -0.1 0.4
v 0.6 -0.1 0.4
v 0.6 0 0.4
v 0.5 -0.1 0.3
v 0.5 0 0.3
v 0.6 0 0.3
v 0.6 -0.1 0.3
v 0.6 0 0.4
v 0.6 -0.1 0.4
v 0.7 -0.1 0.4
v 0.7 0 0.4
v 0.6 -0.1 0.3
v 0.6 0 0.3
v 0.7 0 0.3
v 0.7 -0.1 0.3
v 0.7 0 0.4
v 0.7 -0.1 0.4
v 0.8 -0.1 0.4
v 0.8 0 0.4
v 0.7 -0.1 0.3
v 0.7 0 0.3
v 0.8 0 0.3
v 0.8 -0.1 0.3
v 0.8 0 0.4
v 0.8 -0.1 0.4
v 0.9 -0.1 0.4
v 0.9 0 0.4
v 0.8 -0.1 0.3
v 0.8 0 0.3
v 0.9 0 0.3
v 0.9 -0.1 0.3
v 0.9 0 0.4
v 0.9 -0.1 0.4
v 1 -0.1 0.4
v 1 0 0.4
v 0.9 -0.1 0.3
v 0.9 0 0.3
v 1 0 0.3
v 1 -0.1 0.3
v 1 0 0.4
v 1 -0.1 0.4
v 1.1 -0.1 0.4
v 1.1 0 0.4
v 1 -0.1 0.3
v 1 0 0.3
v 1.1 0 0.3
v 1.1 -0.1 0.3
v 1.2 -0.1 0.4
v 1.2 -0.1 0.3
v 1.2 0 0.3
v 1.2 0 0.4
v 1.1 0 0.4
v 1.1 -0.1 0.4
v 1.2 -0.1 0.4
v 1.2 0 0.4
v 1.1 -0.1 0.3
v 1.1 0 0.3
v 1.2 0 0.3
v 1.2 -0.1 0.3
v -1.2 -0.1 0.4
v -1.2 -0.1 0.3
v -1.2 -0.2 0.3
v -1.2 -0.2 0.4
v -1.2 -0.1 0.4
v -1.2 -0.2 0.4
v -1.1 -0.2 0.4
v -1.1 -0.1 0.4
v -1.2 -0.2 0.3
v -1.2 -0.1 0.3
v -1.1 -0.1 0.3
v -1.1 -0.2 0.3
v -1.1 -0.1 0.4
v -1.1 -0.2 0.4
v -1 -0.2 0.4
v -1 -0.1 0.4
v -1.1 -0.2 0.3
v -1.1 -0.1 0.3
v -1 -0.1 0.3
v -1 -0.2 0.3
v -1 -0.1 0.4
v -1 -0.2 0.4
v -0.9 -0.2 0.4
v -0.9 -0.1 0.4
v -1 -0.2 0.3
v -1 -0.1 0.3
v -0.9 -0.1 0.3
v -0.9 -0.2 0.3
v -0.9 -0.1 0.4
v -0.9 -0.2 0.4
v -0.8 -0.2 0.4
v -0.8 -0.1 0.4
v -0.9 -0.2 0.3
v -0.9 -0.1 0.3
v -0.8 -0.1 0.3
v -0.8 -0.2 0.3
v -0.8 -0.1 0.4
v -0.8 -0.2 0.4
v -0.7 -0.2 0.4
v -0.7 -0.1 0.4
v -0.8 -0.2 0.3
v -0.8 -0.1 0.3
v -0.7 -0.1 0.3
v -0.7 -0.2 0.3
v -0.7 -0.1 0.4
v -0.7 -0.2 0.4
v -0.6 -0.2 0.4
v -0.6 -0.1 0.4
v -0.7 -0.2 0.3
v -0.7 -0.1 0.3
v -0.6 -0.1 0.3
v -0.6 -0.2 0.3
v -0.6 -0.1 0.4
v -0.6 -0.2 0.4
v -0.5 -0.2 0.4
v -0.5 -0.1 0.4
v -0.6 -0.2 0.3
v -0.6 -0.1 0.3
v -0.5 -0.1 0.3
v -0.5 -0.2 0.3
v -0.5 -0.1 0.4
v -0.5 -0.2 0.4
v -0.4 -0.2 0.4
v -0.4 -0.1 0.4
v -0.5 -0.2 0.3
v -0.5 -0.1 0.3
v -0.4 -0.1 0.3
v -0.4 -0.2 0.3
v -0.4 -0.1 0.4
v -0.4 -0.2 0.4
v -0.3 -0.2 0.4
v -0.3 -0.1 0.4
v -0.4 -0.2 0.3
v -0.4 -0.1 0.3
v -0.3 -0.1 0.3
v -0.3 -0.2 0.3
v -0.3 -0.1 0.4
v -0.3 -0.2 0.4
v -0.2 -0.2 0.4
v -0.2 -0.1 0.4
v -0.3 -0.2 0.3
v -0.3 -0.1 0.3
v -0.2 -0.1 0.3
v -0.2 -0.2 0.3
v -0.2 -0.1 0.4
v -0.2 -0.2 0.4
v -0.1 -0.2 0.4
v -0.1 -0.1 0.4
v -0.2 -0.2 0.3
v -0.2 -0.1 0.3
v -0.1 -0.1 0.3
v -0.1 -0.2 0.3
v -0.1 -0.1 0.4
v -0.1 -0.2 0.4
v 0 -0.2 0.4
v 0 -0.1 0.4
v -0.1 -0.2 0.3
v -0.1 -0.1 0.3
v 0 -0.1 0.3
v 0 -0.2 0.3
v 0 -0.1 0.4
v 0 -0.2 0.4
v 0.1 -0.2 0.4
v 0.1 -0.1 0.4
v 0 -0.2 0.3
v 0 -0.1 0.3
v 0.1 -0.1 0.3
v 0.1 -0.2 0.3
v 0.1 -0.1 0.4
v 0.1 -0.2 0.4
v 0.2 -0.2 0.4
v 0.2 -0.1 0.4
v 0.1 -0.2 0.3
v 0.1 -0.1 0.3
v 0.2 -0.1 0.3
v 0.2 -0.2 0.3
v 0.2 -0.1 0.4
v 0.2 -0.2 0.4
v 0.3 -0.2 0.4
v 0.3 -0.1 0.4
v 0.2 -0.2 0.3
v 0.2 -0.1 0.3
v 0.3 -0.1 0.3
v 0.3 -0.2 0.3
v 0.3 -0.1 0.4
v 0.3 -0.2 0.4
v 0.4 -0.2 0.4
v 0.4 -0.1 0.4
v 0.3 -0.2 0.3
v 0.3 -0.1 0.3
v 0.4 -0.1 0.3
v 0.4 -0.2 0.3
v 0.4 -0.1 0.4
v 0.4 -0.2 0.4
v 0.5 -0.2 0.4
v 0.5 -0.1 0.4
v 0.4 -0.2 0.3
v 0.4 -0.1 0.3
v 0.5 -0.1 0.3
v 0.5 -0.2 0.3
v 0.5 -0.1 0.4
v 0.5 -0.2 0.4
v 0.6 -0.2 0.4
v 0.6 -0.1 0.4
v 0.5 -0.2 0.3
v 0.5 -0.1 0.3
v 0.6 -0.1 0.3
v 0.6 -0.2 0.3
v 0.6 -0.1 0.4
v 0.6 -0.2 0.4
v 0.7 -0.2 0.4
v 0.7 -0.1 0.4
v 0.6 -0.2 0.3
v 0.6 -0.1 0.3
v 0.7 -0.1 0.3
v 0.7 -0.2 0.3
v 0.7 -0.1 0.4
v 0.7 -0.2 0.4
v 0.8 -0.2 0.4
v 0.8 -0.1 0.4
v 0.7 -0.2 0.3
v 0.7 -0.1 0.3
v 0.8 -0.1 0.3
v 0.8 -0.2 0.3
v 0.8 -0.1 0.4
v 0.8 -0.2 0.4
v 0.9 -0.2 0.4
v 0.9 -0.1 0.4
v 0.8 -0.2 0.3
v 0.8 -0.1 0.3
v 0.9 -0.1 0.3
v 0.9 -0.2 0.3
v 0.9 -0.1 0.4
v 0.9 -0.2 0.4
v 1 -0.2 0.4
v 1 -0.1 0.4
v 0.9 -0.2 0.3
v 0.9 -0.1 0.3
v 1 -0.1 0.3
v 1 -0.2 0.3
v 1 -0.1 0.4
v 1 -0.2 0.4
v 1.1 -0.2 0.4
v 1.1 -0.1 0.4
v 1 -0.2 0.3
v 1 -0.1 0.3
v 1.1 -0.1 0.3
v 1.1 -0.2 0.3
v 1.2 -0.2 0.4
v 1.2 -0.2 0.3
v 1.2 -0.1 0.3
v 1.2 -0.1 0.4
v 1.1 -0.1 0.4
v 1.1 -0.2 0.4
v 1.2 -0.2 0.4
v 1.2 -0.1 0.4
v 1.1 -0.2 0.3
v 1.1 -0.1 0.3
v 1.2 -0.1 0.3
v 1.2 -0.2 0.3
v -1.2 -0.2 0.4
v -1.2 -0.2 0.3
v -1.2 -0.3 0.3
v -1.2 -0.3 0.4
v -1.2 -0.2 0.4
v -1.2 -0.3 0.4
v -1.1 -0.3 0.4
v -1.1 -0.2 0.4
v -1.2 -0.3 0.3
v -1.2 -0.2 0.3
v -1.1 -0.2 0.3
v -1.1 -0.3 0.3
v -1.1 -0.2 0.4
v -1.1 -0.3 0.4
v -1 -0.3 0.4
v -1 -0.2 0.4
v -1.1 -0.3 0.3
v -1.1 -0.2 0.3
v -1 -0.2 0.3
v -1 -0.3 0.3
v -1.1 -0.3 0.4
v -1.1 -0.3 0.3
v -1 -0.3 0.3
v -1 -0.3 0.4
v -1 -0.2 0.4
v -1 -0.3 0.4
v -0.9 -0.3 0.4
v -0.9 -0.2 0.4
v -1 -0.3 0.3
v -1 -0.2 0.3
v -0.9 -0.2 0.3
v -0.9 -0.3 0.3
v -0.9 -0.2 0.4
v -0.9 -0.3 0.4
v -0.8 -0.3 0.4
v -0.8 -0.2 0.4
v -0.9 -0.3 0.3
v -0.9 -0.2 0.3
v -0.8 -0.2 0.3
v -0.8 -0.3 0.3
v -0.8 -0.2 0.4
v -0.8 -0.3 0.4
v -0.7 -0.3 0.4
v -0.7 -0.2 0.4
v -0.8 -0.3 0.3
v -0.8 -0.2 0.3
v -0.7 -0.2 0.3
v -0.7 -0.3 0.3
v -0.7 -0.2 0.4
v -0.7 -0.3 0.4
v -0.6 -0.3 0.4
v -0.6 -0.2 0.4
v -0.7 -0.3 0.3
v -0.7 -0.2 0.3
v -0.6 -0.2 0.3
v -0.6 -0.3 0.3
v -0.6 -0.2 0.4
v -0.6 -0.3 0.4
v -0.5 -0.3 0.4
v -0.5 -0.2 0.4
v -0.6 -0.3 0.3
v -0.6 -0.2 0.3
v -0.5 -0.2 0.3
v -0.5 -0.3 0.3
v -0.5 -0.2 0.4
v -0.5 -0.3 0.4
v -0.4 -0.3 0.4
v -0.4 -0.2 0.4
v -0.5 -0.3 0.3
v -0.5 -0.2 0.3
v -0.4 -0.2 0.3
v -0.4 -0.3 0.3
v -0.4 -0.2 0.4
v -0.4 -0.3 0.4
v -0.3 -0.3 0.4
v -0.3 -0.2 0.4
v -0.4 -0.3 0.3
v -0.4 -0.2 0.3
v -0.3 -0.2 0.3
v -0.3 -0.3 0.3
v -0.4 -0.3 0.4
v -0.4 -0.3 0.3
v -0.3 -0.3 0.3
v -0.3 -0.3 0.4
v -0.3 -0.2 0.4
v -0.3 -0.3 0.4
v -0.2 -0.3 0.4
v -0.2 -0.2 0.4
v -0.3 -0.3 0.3
v -0.3 -0.2 0.3
v -0.2 -0.2 0.3
v -0.2 -0.3 0.3
v -0.2 -0.2 0.4
v -0.2 -0.3 0.4
v -0.1 -0.3 0.4
v -0.1 -0.2 0.4
v -0.2 -0.3 0.3
v -0.2 -0.2 0.3
v -0.1 -0.2 0.3
v -0.1 -0.3 0.3
v -0.1 -0.2 0.4
v -0.1 -0.3 0.4
v 0 -0.3 0.4
v 0 -0.2 0.4
v -0.1 -0.3 0.3
v -0.1 -0.2 0.3
v 0 -0.2 0.3
v 0 -0.3 0.3
v 0 -0.2 0.4
v 0 -0.3 0.4
v 0.1 -0.3 0.4
v 0.1 -0.2 0.4
v 0 -0.3 0.3
v 0 -0.2 0.3
v 0.1 -0.2 0.3
v 0.1 -0.3 0.3
v 0.1 -0.2 0.4
v 0.1 -0.3 0.4
v 0.2 -0.3 0.4
v 0.2 -0.2 0.4
v 0.1 -0.3 0.3
v 0.1 -0.2 0.3
v 0.2 -0.2 0.3
v 0.2 -0.3 0.3
v 0.2 -0.2 0.4
v 0.2 -0.3 0.4
v 0.3 -0.3 0.4
v 0.3 -0.2 0.4
v 0.2 -0.3 0.3
v 0.2 -0.2 0.3
v 0.3 -0.2 0.3
v 0.3 -0.3 0.3
v 0.3 -0.2 0.4
v 0.3 -0.3 0.4
v 0.4 -0.3 0.4
v 0.4 -0.2 0.4
v 0.3 -0.3 0.3
v 0.3 -0.2 0.3
v 0.4 -0.2 0.3
v 0.4 -0.3 0.3
v 0.4 -0.2 0.4
v 0.4 -0.3 0.4
v 0.5 -0.3 0.4
v 0.5 -0.2 0.4
v 0.4 -0.3 0.3
v 0.4 -0.2 0.3
v 0.5 -0.2 0.3
v 0.5 -0.3 0.3
v 0.5 -0.2 0.4
v 0.5 -0.3 0.4
v 0.6 -0.3 0.4
v 0.6 -0.2 0.4
v 0.5 -0.3 0.3
v 0.5 -0.2 0.3
v 0.6 -0.2 0.3
v 0.6 -0.3 0.3
v 0.6 -0.2 0.4
v 0.6 -0.3 0.4
v 0.7 -0.3 0.4
v 0.7 -0.2 0.4
v 0.6 -0.3 0.3
v 0.6 -0.2 0.3
v 0.7 -0.2 0.3
v 0.7 -0.3 0.3
v 0.7 -0.2 0.4
v 0.7 -0.3 0.4
v 0.8 -0.3 0.4
v 0.8 -0.2 0.4
v 0.7 -0.3 0.3
v 0.7 -0.2 0.3
v 0.8 -0.2 0.3
v 0.8 -0.3 0.3
v 0.8 -0.2 0.4
v 0.8 -0.3 0.4
v 0.9 -0.3 0.4
v 0.9 -0.2 0.4
v 0.8 -0.3 0.3
v 0.8 -0.2 0.3
v 0.9 -0.2 0.3
v 0.9 -0.3 0.3
v 0.9 -0.2 0.4
v 0.9 -0.3 0.4
v 1 -0.3 0.4
v 1 -0.2 0.4
v 0.9 -0.3 0.3
v 0.9 -0.2 0.3
v 1 -0.2 0.3
v 1 -0.3 0.3
v 1 -0.2 0.4
v 1 -0.3 0.4
v 1.1 -0.3 0.4
v 1.1 -0.2 0.4
v 1 -0.3 0.3
v 1 -0.2 0.3
v 1.1 -0.2 0.3
v 1.1 -0.3 0.3
v 1.2 -0.3 0.4
v 1.2 -0.3 0.3
v 1.2 -0.2 0.3
v 1.2 -0.2 0.4
v 1.1 -0.2 0.4
v 1.1 -0.3 0.4
v 1.2 -0.3 0.4
v 1.2 -0.2 0.4
v 1.1 -0.3 0.3
v 1.1 -0.2 0.3
v 1.2 -0.2 0.3
v 1.2 -0.3 0.3
v -1.2 -0.3 0.4
v -1.2 -0.3 0.3
v -1.2 -0.4 0.3
v -1.2 -0.4 0.4
v -1.1 -0.4 0.4
v -1.1 -0.4 0.3
v -1.1 -0.3 0.3
v -1.1 -0.3 0.4
v -1.2 -0.3 0.4
v -1.2 -0.4 0.4
v -1.1 -0.4 0.4
v -1.1 -0.3 0.4
v -1.2 -0.4 0.3
v -1.2 -0.3 0.3
v -1.1 -0.3 0.3
v -1.1 -0.4 0.3
v -1.2 -0.4 0.4
v -1.2 -0.4 0.3
v -1.1 -0.4 0.3
v -1.1 -0.4 0.4
v -1.1 -0.3 0.1
v -1.1 -0.3 0
v -1.1 -0.4 0
v -1.1 -0.4 0.1
v -1 -0.4 0.1
v -1 -0.4 0
v -1 -0.3 0
v -1 -0.3 0.1
v -1.1 -0.3 0.1
v -1.1 -0.4 0.1
v -1 -0.4 0.1
v -1 -0.3 0.1
v -1.1 -0.4 0
v -1.1 -0.3 0
v -1 -0.3 0
v -1 -0.4 0
v -1 -0.3 0.1
v -1 -0.3 0
v -1.1 -0.3 0
v -1.1 -0.3 0.1
v -1 -0.3 0.4
v -1 -0.3 0.3
v -1 -0.4 0.3
v -1 -0.4 0.4
v -1 -0.3 0.4
v -1 -0.4 0.4
v -0.9 -0.4 0.4
v -0.9 -0.3 0.4
v -1 -0.4 0.3
v -1 -0.3 0.3
v -0.9 -0.3 0.3
v -0.9 -0.4 0.3
v -0.9 -0.3 0.4
v -0.9 -0.4 0.4
v -0.8 -0.4 0.4
v -0.8 -0.3 0.4
v -0.9 -0.4 0.3
v -0.9 -0.3 0.3
v -0.8 -0.3 0.3
v -0.8 -0.4 0.3
v -0.8 -0.3 0.4
v -0.8 -0.4 0.4
v -0.7 -0.4 0.4
v -0.7 -0.3 0.4
v -0.8 -0.4 0.3
v -0.8 -0.3 0.3
v -0.7 -0.3 0.3
v -0.7 -0.4 0.3
v -0.7 -0.3 0.4
v -0.7 -0.4 0.4
v -0.6 -0.4 0.4
v -0.6 -0.3 0.4
v -0.7 -0.4 0.3
v -0.7 -0.3 0.3
v -0.6 -0.3 0.3
v -0.6 -0.4 0.3
v -0.6 -0.3 0.4
v -0.6 -0.4 0.4
v -0.5 -0.4 0.4
v -0.5 -0.3 0.4
v -0.6 -0.4 0.3
v -0.6 -0.3 0.3
v -0.5 -0.3 0.3
v -0.5 -0.4 0.3
v -0.4 -0.4 0.4
v -0.4 -0.4 0.3
v -0.4 -0.3 0.3
v -0.4 -0.3 0.4
v -0.5 -0.3 0.4
v -0.5 -0.4 0.4
v -0.4 -0.4 0.4
v -0.4 -0.3 0.4
v -0.5 -0.4 0.3
v -0.5 -0.3 0.3
v -0.4 -0.3 0.3
v -0.4 -0.4 0.3
v -0.4 -0.3 0.1
v -0.4 -0.3 0
v -0.4 -0.4 0
v -0.4 -0.4 0.1
v -0.3 -0.4 0.1
v -0.3 -0.4 0
v -0.3 -0.3 0
v -0.3 -0.3 0.1
v -0.4 -0.3 0.1
v -0.4 -0.4 0.1
v -0.3 -0.4 0.1
v -0.3 -0.3 0.1
v -0.4 -0.4 0
v -0.4 -0.3 0
v -0.3 -0.3 0
v -0.3 -0.4 0
v -0.3 -0.3 0.1
v -0.3 -0.3 0
v -0.4 -0.3 0
v -0.4 -0.3 0.1
v -0.3 -0.3 0.4
v -0.3 -0.3 0.3
v -0.3 -0.4 0.3
v -0.3 -0.4 0.4
v -0.3 -0.3 0.4
v -0.3 -0.4 0.4
v -0.2 -0.4 0.4
v -0.2 -0.3 0.4
v -0.3 -0.4 0.3
v -0.3 -0.3 0.3
v -0.2 -0.3 0.3
v -0.2 -0.4 0.3
v -0.2 -0.3 0.4
v -0.2 -0.4 0.4
v -0.1 -0.4 0.4
v -0.1 -0.3 0.4
v -0.2 -0.4 0.3
v -0.2 -0.3 0.3
v -0.1 -0.3 0.3
v -0.1 -0.4 0.3
v -0.1 -0.3 0.4
v -0.1 -0.4 0.4
v 0 -0.4 0.4
v 0 -0.3 0.4
v -0.1 -0.4 0.3
v -0.1 -0.3 0.3
v 0 -0.3 0.3
v 0 -0.4 0.3
v 0 -0.3 0.4
v 0 -0.4 0.4
v 0.1 -0.4 0.4
v 0.1 -0.3 0.4
v 0 -0.4 0.3
v 0 -0.3 0.3
v 0.1 -0.3 0.3
v 0.1 -0.4 0.3
v 0.1 -0.3 0.4
v 0.1 -0.4 0.4
v 0.2 -0.4 0.4
v 0.2 -0.3 0.4
v 0.1 -0.4 0.3
v 0.1 -0.3 0.3
v 0.2 -0.3 0.3
v 0.2 -0.4 0.3
v 0.2 -0.3 0.4
v 0.2 -0.4 0.4
v 0.3 -0.4 0.4
v 0.3 -0.3 0.4
v 0.2 -0.4 0.3
v 0.2 -0.3 0.3
v 0.3 -0.3 0.3
v 0.3 -0.4 0.3
v 0.3 -0.3 0.4
v 0.3 -0.4 0.4
v 0.4 -0.4 0.4
v 0.4 -0.3 0.4
v 0.3 -0.4 0.3
v 0.3 -0.3 0.3
v 0.4 -0.3 0.3
v 0.4 -0.4 0.3
v 0.4 -0.3 0.4
v 0.4 -0.4 0.4
v 0.5 -0.4 0.4
v 0.5 -0.3 0.4
v 0.4 -0.4 0.3
v 0.4 -0.3 0.3
v 0.5 -0.3 0.3
v 0.5 -0.4 0.3
v 0.5 -0.3 0.4
v 0.5 -0.4 0.4
v 0.6 -0.4 0.4
v 0.6 -0.3 0.4
v 0.5 -0.4 0.3
v 0.5 -0.3 0.3
v 0.6 -0.3 0.3
v 0.6 -0.4 0.3
v 0.6 -0.3 0.4
v 0.6 -0.4 0.4
v 0.7 -0.4 0.4
v 0.7 -0.3 0.4
v 0.6 -0.4 0.3
v 0.6 -0.3 0.3
v 0.7 -0.3 0.3
v 0.7 -0.4 0.3
v 0.7 -0.3 0.4
v 0.7 -0.4 0.4
v 0.8 -0.4 0.4
v 0.8 -0.3 0.4
v 0.7 -0.4 0.3
v 0.7 -0.3 0.3
v 0.8 -0.3 0.3
v 0.8 -0.4 0.3
v 0.8 -0.3 0.4
v 0.8 -0.4 0.4
v 0.9 -0.4 0.4
v 0.9 -0.3 0.4
v 0.8 -0.4 0.3
v 0.8 -0.3 0.3
v 0.9 -0.3 0.3
v 0.9 -0.4 0.3
v 0.9 -0.3 0.4
v 0.9 -0.4 0.4
v 1 -0.4 0.4
v 1 -0.3 0.4
v 0.9 -0.4 0.3
v 0.9 -0.3 0.3
v 1 -0.3 0.3
v 1 -0.4 0.3
v 1 -0.3 0.4
v 1 -0.4 0.4
v 1.1 -0.4 0.4
v 1.1 -0.3 0.4
v 1 -0.4 0.3
v 1 -0.3 0.3
v 1.1 -0.3 0.3
v 1.1 -0.4 0.3
v 1.2 -0.4 0.4
v 1.2 -0.4 0.3
v 1.2 -0.3 0.3
v 1.2 -0.3 0.4
v 1.1 -0.3 0.4
v 1.1 -0.4 0.4
v 1.2 -0.4 0.4
v 1.2 -0.3 0.4
v 1.1 -0.4 0.3
v 1.1 -0.3 0.3
v 1.2 -0.3 0.3
v 1.2 -0.4 0.3
v -1.2 -0.4 0.1
v -1.2 -0.4 0
v -1.2 -0.5 0
v -1.2 -0.5 0.1
v -1.2 -0.4 0.1
v -1.2 -0.5 0.1
v -1.1 -0.5 0.1
v -1.1 -0.4 0.1
v -1.2 -0.5 0
v -1.2 -0.4 0
v -1.1 -0.4 0
v -1.1 -0.5 0
v -1.1 -0.4 0.1
v -1.1 -0.4 0
v -1.2 -0.4 0
v -1.2 -0.4 0.1
v -1 -0.5 0.1
v -1 -0.5 0
v -1 -0.4 0
v -1 -0.4 0.1
v -1.1 -0.4 0.1
v -1.1 -0.5 0.1
v -1 -0.5 0.1
v -1 -0.4 0.1
v -1.1 -0.5 0
v -1.1 -0.4 0
v -1 -0.4 0
v -1 -0.5 0
v -1 -0.4 0.4
v -1 -0.4 0.3
v -1 -0.5 0.3
v -1 -0.5 0.4
v -1 -0.4 0.4
v -1 -0.5 0.4
v -0.9 -0.5 0.4
v -0.9 -0.4 0.4
v -1 -0.5 0.3
v -1 -0.4 0.3
v -0.9 -0.4 0.3
v -0.9 -0.5 0.3
v -0.9 -0.4 0.4
v -0.9 -0.5 0.4
v -0.8 -0.5 0.4
v -0.8 -0.4 0.4
v -0.9 -0.5 0.3
v -0.9 -0.4 0.3
v -0.8 -0.4 0.3
v -0.8 -0.5 0.3
v -0.8 -0.4 0.4
v -0.8 -0.5 0.4
v -0.7 -0.5 0.4
v -0.7 -0.4 0.4
v -0.8 -0.5 0.3
v -0.8 -0.4 0.3
v -0.7 -0.4 0.3
v -0.7 -0.5 0.3
v -0.7 -0.4 0.4
v -0.7 -0.5 0.4
v -0.6 -0.5 0.4
v -0.6 -0.4 0.4
v -0.7 -0.5 0.3
v -0.7 -0.4 0.3
v -0.6 -0.4 0.3
v -0.6 -0.5 0.3
v -0.6 -0.4 0.4
v -0.6 -0.5 0.4
v -0.5 -0.5 0.4
v -0.5 -0.4 0.4
v -0.6 -0.5 0.3
v -0.6 -0.4 0.3
v -0.5 -0.4 0.3
v -0.5 -0.5 0.3
v -0.4 -0.5 0.4
v -0.4 -0.5 0.3
v -0.4 -0.4 0.3
v -0.4 -0.4 0.4
v -0.5 -0.4 0.4
v -0.5 -0.5 0.4
v -0.4 -0.5 0.4
v -0.4 -0.4 0.4
v -0.5 -0.5 0.3
v -0.5 -0.4 0.3
v -0.4 -0.4 0.3
v -0.4 -0.5 0.3
v -0.4 -0.4 0.1
v -0.4 -0.4 0
v -0.4 -0.5 0
v -0.4 -0.5 0.1
v -0.3 -0.5 0.1
v -0.3 -0.5 0
v -0.3 -0.4 0
v -0.3 -0.4 0.1
v -0.4 -0.4 0.1
v -0.4 -0.5 0.1
v -0.3 -0.5 0.1
v -0.3 -0.4 0.1
v -0.4 -0.5 0
v -0.4 -0.4 0
v -0.3 -0.4 0
v -0.3 -0.5 0
v -0.3 -0.4 0.4
v -0.3 -0.4 0.3
v -0.3 -0.5 0.3
v -0.3 -0.5 0.4
v -0.3 -0.4 0.4
v -0.3 -0.5 0.4
v -0.2 -0.5 0.4
v -0.2 -0.4 0.4
v -0.3 -0.5 0.3
v -0.3 -0.4 0.3
v -0.2 -0.4 0.3
v -0.2 -0.5 0.3
v -0.2 -0.4 0.4
v -0.2 -0.5 0.4
v -0.1 -0.5 0.4
v -0.1 -0.4 0.4
v -0.2 -0.5 0.3
v -0.2 -0.4 0.3
v -0.1 -0.4 0.3
v -0.1 -0.5 0.3
v -0.1 -0.4 0.4
v -0.1 -0.5 0.4
v 0 -0.5 0.4
v 0 -0.4 0.4
v -0.1 -0.5 0.3
v -0.1 -0.4 0.3
v 0 -0.4 0.3
v 0 -0.5 0.3
v 0 -0.4 0.4
v 0 -0.5 0.4
v 0.1 -0.5 0.4
v 0.1 -0.4 0.4
v 0 -0.5 0.3
v 0 -0.4 0.3
v 0.1 -0.4 0.3
v 0.1 -0.5 0.3
v 0.1 -0.4 0.4
v 0.1 -0.5 0.4
v 0.2 -0.5 0.4
v 0.2 -0.4 0.4
v 0.1 -0.5 0.3
v 0.1 -0.4 0.3
v 0.2 -0.4 0.3
v 0.2 -0.5 0.3
v 0.2 -0.4 0.4
v 0.2 -0.5 0.4
v 0.3 -0.5 0.4
v 0.3 -0.4 0.4
v 0.2 -0.5 0.3
v 0.2 -0.4 0.3
v 0.3 -0.4 0.3
v 0.3 -0.5 0.3
v 0.3 -0.4 0.4
v 0.3 -0.5 0.4
v 0.4 -0.5 0.4
v 0.4 -0.4 0.4
v 0.3 -0.5 0.3
v 0.3 -0.4 0.3
v 0.4 -0.4 0.3
v 0.4 -0.5 0.3
v 0.4 -0.4 0.4
v 0.4 -0.5 0.4
v 0.5 -0.5 0.4
v 0.5 -0.4 0.4
v 0.4 -0.5 0.3
v 0.4 -0.4 0.3
v 0.5 -0.4 0.3
v 0.5 -0.5 0.3
v 0.5 -0.4 0.4
v 0.5 -0.5 0.4
v 0.6 -0.5 0.4
v 0.6 -0.4 0.4
v 0.5 -0.5 0.3
v 0.5 -0.4 0.3
v 0.6 -0.4 0.3
v 0.6 -0.5 0.3
v 0.6 -0.4 0.4
v 0.6 -0.5 0.4
v 0.7 -0.5 0.4
v 0.7 -0.4 0.4
v 0.6 -0.5 0.3
v 0.6 -0.4 0.3
v 0.7 -0.4 0.3
v 0.7 -0.5 0.3
v 0.7 -0.4 0.4
v 0.7 -0.5 0.4
v 0.8 -0.5 0.4
v 0.8 -0.4 0.4
v 0.7 -0.5 0.3
v 0.7 -0.4 0.3
v 0.8 -0.4 0.3
v 0.8 -0.5 0.3
v 0.8 -0.4 0.4
v 0.8 -0.5 0.4
v 0.9 -0.5 0.4
v 0.9 -0.4 0.4
v 0.8 -0.5 0.3
v 0.8 -0.4 0.3
v 0.9 -0.4 0.3
v 0.9 -0.5 0.3
v 0.9 -0.4 0.4
v 0.9 -0.5 0.4
v 1 -0.5 0.4
v 1 -0.4 0.4
v 0.9 -0.5 0.3
v 0.9 -0.4 0.3
v 1 -0.4 0.3
v 1 -0.5 0.3
v 1 -0.4 0.4
v 1 -0.5 0.4
v 1.1 -0.5 0.4
v 1.1 -0.4 0.4
v 1 -0.5 0.3
v 1 -0.4 0.3
v 1.1 -0.4 0.3
v 1.1 -0.5 0.3
v 1.2 -0.5 0.4
v 1.2 -0.5 0.3
v 1.2 -0.4 0.3
v 1.2 -0.4 0.4
v 1.1 -0.4 0.4
v 1.1 -0.5 0.4
v 1.2 -0.5 0.4
v 1.2 -0.4 0.4
v 1.1 -0.5 0.3
v 1.1 -0.4 0.3
v 1.2 -0.4 0.3
v 1.2 -0.5 0.3
v -1.2 -0.5 0.1
v -1.2 -0.5 0
v -1.2 -0.6 0
v -1.2 -0.6 0.1
v -1.2 -0.5 0.1
v -1.2 -0.6 0.1
v -1.1 -0.6 0.1
v -1.1 -0.5 0.1
v -1.2 -0.6 0
v -1.2 -0.5 0
v -1.1 -0.5 0
v -1.1 -0.6 0
v -1 -0.6 0.1
v -1 -0.6 0
v -1 -0.5 0
v -1 -0.5 0.1
v -1.1 -0.5 0.1
v -1.1 -0.6 0.1
v -1 -0.6 0.1
v -1 -0.5 0.1
v -1.1 -0.6 0
v -1.1 -0.5 0
v -1 -0.5 0
v -1 -0.6 0
v -1 -0.5 0.4
v -1 -0.5 0.3
v -1 -0.6 0.3
v -1 -0.6 0.4
v -1 -0.5 0.4
v -1 -0.6 0.4
v -0.9 -0.6 0.4
v -0.9 -0.5 0.4
v -1 -0.6 0.3
v -1 -0.5 0.3
v -0.9 -0.5 0.3
v -0.9 -0.6 0.3
v -0.9 -0.5 0.4
v -0.9 -0.6 0.4
v -0.8 -0.6 0.4
v -0.8 -0.5 0.4
v -0.9 -0.6 0.3
v -0.9 -0.5 0.3
v -0.8 -0.5 0.3
v -0.8 -0.6 0.3
v -0.8 -0.5 0.4
v -0.8 -0.6 0.4
v -0.7 -0.6 0.4
v -0.7 -0.5 0.4
v -0.8 -0.6 0.3
v -0.8 -0.5 0.3
v -0.7 -0.5 0.3
v -0.7 -0.6 0.3
v -0.7 -0.5 0.4
v -0.7 -0.6 0.4
v -0.6 -0.6 0.4
v -0.6 -0.5 0.4
v -0.7 -0.6 0.3
v -0.7 -0.5 0.3
v -0.6 -0.5 0.3
v -0.6 -0.6 0.3
v -0.6 -0.5 0.4
v -0.6 -0.6 0.4
v -0.5 -0.6 0.4
v -0.5 -0.5 0.4
v -0.6 -0.6 0.3
v -0.6 -0.5 0.3
v -0.5 -0.5 0.3
v -0.5 -0.6 0.3
v -0.4 -0.6 0.4
v -0.4 -0.6 0.3
v -0.4 -0.5 0.3
v -0.4 -0.5 0.4
v -0.5 -0.5 0.4
v -0.5 -0.6 0.4
v -0.4 -0.6 0.4
v -0.4 -0.5 0.4
v -0.5 -0.6 0.3
v -0.5 -0.5 0.3
v -0.4 -0.5 0.3
v -0.4 -0.6 0.3
v -0.4 -0.5 0.1
v -0.4 -0.5 0
v -0.4 -0.6 0
v -0.4 -0.6 0.1
v -0.3 -0.6 0.1
v -0.3 -0.6 0
v -0.3 -0.5 0
v -0.3 -0.5 0.1
v -0.4 -0.5 0.1
v -0.4 -0.6 0.1
v -0.3 -0.6 0.1
v -0.3 -0.5 0.1
v -0.4 -0.6 0
v -0.4 -0.5 0
v -0.3 -0.5 0
v -0.3 -0.6 0
v -0.3 -0.5 0.4
v -0.3 -0.5 0.3
v -0.3 -0.6 0.3
v -0.3 -0.6 0.4
v -0.3 -0.5 0.4
v -0.3 -0.6 0.4
v -0.2 -0.6 0.4
v -0.2 -0.5 0.4
v -0.3 -0.6 0.3
v -0.3 -0.5 0.3
v -0.2 -0.5 0.3
v -0.2 -0.6 0.3
v -0.2 -0.5 0.4
v -0.2 -0.6 0.4
v -0.1 -0.6 0.4
v -0.1 -0.5 0.4
v -0.2 -0.6 0.3
v -0.2 -0.5 0.3
v -0.1 -0.5 0.3
v -0.1 -0.6 0.3
v -0.1 -0.5 0.4
v -0.1 -0.6 0.4
v 0 -0.6 0.4
v 0 -0.5 0.4
v -0.1 -0.6 0.3
v -0.1 -0.5 0.3
v 0 -0.5 0.3
v 0 -0.6 0.3
v 0 -0.5 0.4
v 0 -0.6 0.4
v 0.1 -0.6 0.4
v 0.1 -0.5 0.4
v 0 -0.6 0.3
v 0 -0.5 0.3
v 0.1 -0.5 0.3
v 0.1 -0.6 0.3
v 0.1 -0.5 0.4
v 0.1 -0.6 0.4
v 0.2 -0.6 0.4
v 0.2 -0.5 0.4
v 0.1 -0.6 0.3
v 0.1 -0.5 0.3
v 0.2 -0.5 0.3
v 0.2 -0.6 0.3
v 0.2 -0.5 0.4
v 0.2 -0.6 0.4
v 0.3 -0.6 0.4
v 0.3 -0.5 0.4
v 0.2 -0.6 0.3
v 0.2 -0.5 0.3
v 0.3 -0.5 0.3
v 0.3 -0.6 0.3
v 0.3 -0.5 0.4
v 0.3 -0.6 0.4
v 0.4 -0.6 0.4
v 0.4 -0.5 0.4
v 0.3 -0.6 0.3
v 0.3 -0.5 0.3
v 0.4 -0.5 0.3
v 0.4 -0.6 0.3
v 0.4 -0.5 0.4
v 0.4 -0.6 0.4
v 0.5 -0.6 0.4
v 0.5 -0.5 0.4
v 0.4 -0.6 0.3
v 0.4 -0.5 0.3
v 0.5 -0.5 0.3
v 0.5 -0.6 0.3
v 0.5 -0.5 0.4
v 0.5 -0.6 0.4
v 0.6 -0.6 0.4
v 0.6 -0.5 0.4
v 0.5 -0.6 0.3
v 0.5 -0.5 0.3
v 0.6 -0.5 0.3
v 0.6 -0.6 0.3
v 0.6 -0.5 0.4
v 0.6 -0.6 0.4
v 0.7 -0.6 0.4
v 0.7 -0.5 0.4
v 0.6 -0.6 0.3
v 0.6 -0.5 0.3
v 0.7 -0.5 0.3
v 0.7 -0.6 0.3
v 0.7 -0.5 0.4
v 0.7 -0.6 0.4
v 0.8 -0.6 0.4
v 0.8 -0.5 0.4
v 0.7 -0.6 0.3
v 0.7 -0.5 0.3
v 0.8 -0.5 0.3
v 0.8 -0.6 0.3
v 0.8 -0.5 0.4
v 0.8 -0.6 0.4
v 0.9 -0.6 0.4
v 0.9 -0.5 0.4
v 0.8 -0.6 0.3
v 0.8 -0.5 0.3
v 0.9 -0.5 0.3
v 0.9 -0.6 0.3
v 0.9 -0.5 0.4
v 0.9 -0.6 0.4
v 1 -0.6 0.4
v 1 -0.5 0.4
v 0.9 -0.6 0.3
v 0.9 -0.5 0.3
v 1 -0.5 0.3
v 1 -0.6 0.3
v 1 -0.5 0.4
v 1 -0.6 0.4
v 1.1 -0.6 0.4
v 1.1 -0.5 0.4
v 1 -0.6 0.3
v 1 -0.5 0.3
v 1.1 -0.5 0.3
v 1.1 -0.6 0.3
v 1.2 -0.6 0.4
v 1.2 -0.6 0.3
v 1.2 -0.5 0.3
v 1.2 -0.5 0.4
v 1.1 -0.5 0.4
v 1.1 -0.6 0.4
v 1.2 -0.6 0.4
v 1.2 -0.5 0.4
v 1.1 -0.6 0.3
v 1.1 -0.5 0.3
v 1.2 -0.5 0.3
v 1.2 -0.6 0.3
v -1.2 -0.6 0.1
v -1.2 -0.6 0
v -1.2 -0.7 0
v -1.2 -0.7 0.1
v -1.2 -0.6 0.1
v -1.2 -0.7 0.1
v -1.1 -0.7 0.1
v -1.1 -0.6 0.1
v -1.2 -0.7 0
v -1.2 -0.6 0
v -1.1 -0.6 0
v -1.1 -0.7 0
v -1 -0.7 0.1
v -1 -0.7 0
v -1 -0.6 0
v -1 -0.6 0.1
v -1.1 -0.6 0.1
v -1.1 -0.7 0.1
v -1 -0.7 0.1
v -1 -0.6 0.1
v -1.1 -0.7 0
v -1.1 -0.6 0
v -1 -0.6 0
v -1 -0.7 0
v -1 -0.6 0.4
v -1 -0.6 0.3
v -1 -0.7 0.3
v -1 -0.7 0.4
v -1 -0.6 0.4
v -1 -0.7 0.4
v -0.9 -0.7 0.4
v -0.9 -0.6 0.4
v -1 -0.7 0.3
v -1 -0.6 0.3
v -0.9 -0.6 0.3
v -0.9 -0.7 0.3
v -0.9 -0.6 0.4
v -0.9 -0.7 0.4
v -0.8 -0.7 0.4
v -0.8 -0.6 0.4
v -0.9 -0.7 0.3
v -0.9 -0.6 0.3
v -0.8 -0.6 0.3
v -0.8 -0.7 0.3
v -0.8 -0.6 0.4
v -0.8 -0.7 0.4
v -0.7 -0.7 0.4
v -0.7 -0.6 0.4
v -0.8 -0.7 0.3
v -0.8 -0.6 0.3
v -0.7 -0.6 0.3
v -0.7 -0.7 0.3
v -0.7 -0.6 0.4
v -0.7 -0.7 0.4
v -0.6 -0.7 0.4
v -0.6 -0.6 0.4
v -0.7 -0.7 0.3
v -0.7 -0.6 0.3
v -0.6 -0.6 0.3
v -0.6 -0.7 0.3
v -0.6 -0.6 0.4
v -0.6 -0.7 0.4
v -0.5 -0.7 0.4
v -0.5 -0.6 0.4
v -0.6 -0.7 0.3
v -0.6 -0.6 0.3
v -0.5 -0.6 0.3
v -0.5 -0.7 0.3
v -0.4 -0.7 0.4
v -0.4 -0.7 0.3
v -0.4 -0.6 0.3
v -0.4 -0.6 0.4
v -0.5 -0.6 0.4
v -0.5 -0.7 0.4
v -0.4 -0.7 0.4
v -0.4 -0.6 0.4
v -0.5 -0.7 0.3
v -0.5 -0.6 0.3
v -0.4 -0.6 0.3
v -0.4 -0.7 0.3
v -0.4 -0.6 0.1
v -0.4 -0.6 0
v -0.4 -0.7 0
v -0.4 -0.7 0.1
v -0.3 -0.7 0.1
v -0.3 -0.7 0
v -0.3 -0.6 0
v -0.3 -0.6 0.1
v -0.4 -0.6 0.1
v -0.4 -0.7 0.1
v -0.3 -0.7 0.1
v -0.3 -0.6 0.1
v -0.4 -0.7 0
v -0.4 -0.6 0
v -0.3 -0.6 0
v -0.3 -0.7 0
v -0.3 -0.6 0.4
v -0.3 -0.6 0.3
v -0.3 -0.7 0.3
v -0.3 -0.7 0.4
v -0.3 -0.6 0.4
v -0.3 -0.7 0.4
v -0.2 -0.7 0.4
v -0.2 -0.6 0.4
v -0.3 -0.7 0.3
v -0.3 -0.6 0.3
v -0.2 -0.6 0.3
v -0.2 -0.7 0.3
v -0.2 -0.6 0.4
v -0.2 -0.7 0.4
v -0.1 -0.7 0.4
v -0.1 -0.6 0.4
v -0.2 -0.7 0.3
v -0.2 -0.6 0.3
v -0.1 -0.6 0.3
v -0.1 -0.7 0.3
v -0.1 -0.6 0.4
v -0.1 -0.7 0.4
v 0 -0.7 0.4
v 0 -0.6 0.4
v -0.1 -0.7 0.3
v -0.1 -0.6 0.3
v 0 -0.6 0.3
v 0 -0.7 0.3
v 0 -0.6 0.4
v 0 -0.7 0.4
v 0.1 -0.7 0.4
v 0.1 -0.6 0.4
v 0 -0.7 0.3
v 0 -0.6 0.3
v 0.1 -0.6 0.3
v 0.1 -0.7 0.3
v 0.1 -0.6 0.4
v 0.1 -0.7 0.4
v 0.2 -0.7 0.4
v 0.2 -0.6 0.4
v 0.1 -0.7 0.3
v 0.1 -0.6 0.3
v 0.2 -0.6 0.3
v 0.2 -0.7 0.3
v 0.2 -0.6 0.4
v 0.2 -0.7 0.4
v 0.3 -0.7 0.4
v 0.3 -0.6 0.4
v 0.2 -0.7 0.3
v 0.2 -0.6 0.3
v 0.3 -0.6 0.3
v 0.3 -0.7 0.3
v 0.3 -0.6 0.4
v 0.3 -0.7 0.4
v 0.4 -0.7 0.4
v 0.4 -0.6 0.4
v 0.3 -0.7 0.3
v 0.3 -0.6 0.3
v 0.4 -0.6 0.3
v 0.4 -0.7 0.3
v 0.4 -0.6 0.4
v 0.4 -0.7 0.4
v 0.5 -0.7 0.4
v 0.5 -0.6 0.4
v 0.4 -0.7 0.3
v 0.4 -0.6 0.3
v 0.5 -0.6 0.3
v 0.5 -0.7 0.3
v 0.5 -0.6 0.4
v 0.5 -0.7 0.4
v 0.6 -0.7 0.4
v 0.6 -0.6 0.4
v 0.5 -0.7 0.3
v 0.5 -0.6 0.3
v 0.6 -0.6 0.3
v 0.6 -0.7 0.3
v 0.6 -0.6 0.4
v 0.6 -0.7 0.4
v 0.7 -0.7 0.4
v 0.7 -0.6 0.4
v 0.6 -0.7 0.3
v 0.6 -0.6 0.3
v 0.7 -0.6 0.3
v 0.7 -0.7 0.3
v 0.7 -0.6 0.4
v 0.7 -0.7 0.4
v 0.8 -0.7 0.4
v 0.8 -0.6 0.4
v 0.7 -0.7 0.3
v 0.7 -0.6 0.3
v 0.8 -0.6 0.3
v 0.8 -0.7 0.3
v 0.8 -0.6 0.4
v 0.8 -0.7 0.4
v 0.9 -0.7 0.4
v 0.9 -0.6 0.4
v 0.8 -0.7 0.3
v 0.8 -0.6 0.3
v 0.9 -0.6 0.3
v 0.9 -0.7 0.3
v 0.9 -0.6 0.4
v 0.9 -0.7 0.4
v 1 -0.7 0.4
v 1 -0.6 0.4
v 0.9 -0.7 0.3
v 0.9 -0.6 0.3
v 1 -0.6 0.3
v 1 -0.7 0.3
v 1 -0.6 0.4
v 1 -0.7 0.4
v 1.1 -0.7 0.4
v 1.1 -0.6 0.4
v 1 -0.7 0.3
v 1 -0.6 0.3
v 1.1 -0.6 0.3
v 1.1 -0.7 0.3
v 1.2 -0.7 0.4
v 1.2 -0.7 0.3
v 1.2 -0.6 0.3
v 1.2 -0.6 0.4
v 1.1 -0.6 0.4
v 1.1 -0.7 0.4
v 1.2 -0.7 0.4
v 1.2 -0.6 0.4
v 1.1 -0.7 0.3
v 1.1 -0.6 0.3
v 1.2 -0.6 0.3
v 1.2 -0.7 0.3
v -1.2 -0.7 0.1
v -1.2 -0.7 0
v -1.2 -0.8 0
v -1.2 -0.8 0.1
v -1.2 -0.7 0.1
v -1.2 -0.8 0.1
v -1.1 -0.8 0.1
v -1.1 -0.7 0.1
v -1.2 -0.8 0
v -1.2 -0.7 0
v -1.1 -0.7 0
v -1.1 -0.8 0
v -1.2 -0.8 0.1
v -1.2 -0.8 0
v -1.1 -0.8 0
v -1.1 -0.8 0.1
v -1 -0.8 0.1
v -1 -0.8 0
v -1 -0.7 0
v -1 -0.7 0.1
v -1.1 -0.7 0.1
v -1.1 -0.8 0.1
v -1 -0.8 0.1
v -1 -0.7 0.1
v -1.1 -0.8 0
v -1.1 -0.7 0
v -1 -0.7 0
v -1 -0.8 0
v -1.1 -0.8 0.1
v -1.1 -0.8 0
v -1 -0.8 0
v -1 -0.8 0.1
v -1 -0.7 0.4
v -1 -0.7 0.3
v -1 -0.8 0.3
v -1 -0.8 0.4
v -1 -0.7 0.4
v -1 -0.8 0.4
v -0.9 -0.8 0.4
v -0.9 -0.7 0.4
v -1 -0.8 0.3
v -1 -0.7 0.3
v -0.9 -0.7 0.3
v -0.9 -0.8 0.3
v -0.9 -0.7 0.4
v -0.9 -0.8 0.4
v -0.8 -0.8 0.4
v -0.8 -0.7 0.4
v -0.9 -0.8 0.3
v -0.9 -0.7 0.3
v -0.8 -0.7 0.3
v -0.8 -0.8 0.3
v -0.8 -0.7 0.4
v -0.8 -0.8 0.4
v -0.7 -0.8 0.4
v -0.7 -0.7 0.4
v -0.8 -0.8 0.3
v -0.8 -0.7 0.3
v -0.7 -0.7 0.3
v -0.7 -0.8 0.3
v -0.7 -0.7 0.4
v -0.7 -0.8 0.4
v -0.6 -0.8 0.4
v -0.6 -0.7 0.4
v -0.7 -0.8 0.3
v -0.7 -0.7 0.3
v -0.6 -0.7 0.3
v -0.6 -0.8 0.3
v -0.6 -0.7 0.4
v -0.6 -0.8 0.4
v -0.5 -0.8 0.4
v -0.5 -0.7 0.4
v -0.6 -0.8 0.3
v -0.6 -0.7 0.3
v -0.5 -0.7 0.3
v -0.5 -0.8 0.3
v -0.4 -0.8 0.4
v -0.4 -0.8 0.3
v -0.4 -0.7 0.3
v -0.4 -0.7 0.4
v -0.5 -0.7 0.4
v -0.5 -0.8 0.4
v -0.4 -0.8 0.4
v -0.4 -0.7 0.4
v -0.5 -0.8 0.3
v -0.5 -0.7 0.3
v -0.4 -0.7 0.3
v -0.4 -0.8 0.3
v -0.4 -0.7 0.1
v -0.4 -0.7 0
v -0.4 -0.8 0
v -0.4 -0.8 0.1
v -0.3 -0.8 0.1
v -0.3 -0.8 0
v -0.3 -0.7 0
v -0.3 -0.7 0.1
v -0.4 -0.7 0.1
v -0.4 -0.8 0.1
v -0.3 -0.8 0.1
v -0.3 -0.7 0.1
v -0.4 -0.8 0
v -0.4 -0.7 0
v -0.3 -0.7 0
v -0.3 -0.8 0
v -0.3 -0.7 0.4
v -0.3 -0.7 0.3
v -0.3 -0.8 0.3
v -0.3 -0.8 0.4
v -0.3 -0.7 0.4
v -0.3 -0.8 0.4
v -0.2 -0.8 0.4
v -0.2 -0.7 0.4
v -0.3 -0.8 0.3
v -0.3 -0.7 0.3
v -0.2 -0.7 0.3
v -0.2 -0.8 0.3
v -0.2 -0.7 0.4
v -0.2 -0.8 0.4
v -0.1 -0.8 0.4
v -0.1 -0.7 0.4
v -0.2 -0.8 0.3
v -0.2 -0.7 0.3
v -0.1 -0.7 0.3
v -0.1 -0.8 0.3
v -0.1 -0.7 0.4
v -0.1 -0.8 0.4
v 0 -0.8 0.4
v 0 -0.7 0.4
v -0.1 -0.8 0.3
v -0.1 -0.7 0.3
v 0 -0.7 0.3
v 0 -0.8 0.3
v 0 -0.7 0.4
v 0 -0.8 0.4
v 0.1 -0.8 0.4
v 0.1 -0.7 0.4
v 0 -0.8 0.3
v 0 -0.7 0.3
v 0.1 -0.7 0.3
v 0.1 -0.8 0.3
v 0.1 -0.7 0.4
v 0.1 -0.8 0.4
v 0.2 -0.8 0.4
v 0.2 -0.7 0.4
v 0.1 -0.8 0.3
v 0.1 -0.7 0.3
v 0.2 -0.7 0.3
v 0.2 -0.8 0.3
v 0.2 -0.7 0.4
v 0.2 -0.8 0.4
v 0.3 -0.8 0.4
v 0.3 -0.7 0.4
v 0.2 -0.8 0.3
v 0.2 -0.7 0.3
v 0.3 -0.7 0.3
v 0.3 -0.8 0.3
v 0.3 -0.7 0.4
v 0.3 -0.8 0.4
v 0.4 -0.8 0.4
v 0.4 -0.7 0.4
v 0.3 -0.8 0.3
v 0.3 -0.7 0.3
v 0.4 -0.7 0.3
v 0.4 -0.8 0.3
v 0.4 -0.7 0.4
v 0.4 -0.8 0.4
v 0.5 -0.8 0.4
v 0.5 -0.7 0.4
v 0.4 -0.8 0.3
v 0.4 -0.7 0.3
v 0.5 -0.7 0.3
v 0.5 -0.8 0.3
v 0.5 -0.7 0.4
v 0.5 -0.8 0.4
v 0.6 -0.8 0.4
v 0.6 -0.7 0.4
v 0.5 -0.8 0.3
v 0.5 -0.7 0.3
v 0.6 -0.7 0.3
v 0.6 -0.8 0.3
v 0.6 -0.7 0.4
v 0.6 -0.8 0.4
v 0.7 -0.8 0.4
v 0.7 -0.7 0.4
v 0.6 -0.8 0.3
v 0.6 -0.7 0.3
v 0.7 -0.7 0.3
v 0.7 -0.8 0.3
v 0.7 -0.7 0.4
v 0.7 -0.8 0.4
v 0.8 -0.8 0.4
v 0.8 -0.7 0.4
v 0.7 -0.8 0.3
v 0.7 -0.7 0.3
v 0.8 -0.7 0.3
v 0.8 -0.8 0.3
v 0.8 -0.7 0.4
v 0.8 -0.8 0.4
v 0.9 -0.8 0.4
v 0.9 -0.7 0.4
v 0.8 -0.8 0.3
v 0.8 -0.7 0.3
v 0.9 -0.7 0.3
v 0.9 -0.8 0.3
v 0.9 -0.7 0.4
v 0.9 -0.8 0.4
v 1 -0.8 0.4
v 1 -0.7 0.4
v 0.9 -0.8 0.3
v 0.9 -0.7 0.3
v 1 -0.7 0.3
v 1 -0.8 0.3
v 1 -0.7 0.4
v 1 -0.8 0.4
v 1.1 -0.8 0.4
v 1.1 -0.7 0.4
v 1 -0.8 0.3
v 1 -0.7 0.3
v 1.1 -0.7 0.3
v 1.1 -0.8 0.3
v 1.2 -0.8 0.4
v 1.2 -0.8 0.3
v 1.2 -0.7 0.3
v 1.2 -0.7 0.4
v 1.1 -0.7 0.4
v 1.1 -0.8 0.4
v 1.2 -0.8 0.4
v 1.2 -0.7 0.4
v 1.1 -0.8 0.3
v 1.1 -0.7 0.3
v 1.2 -0.7 0.3
v 1.2 -0.8 0.3
v -1.2 -0.8 0.2
v -1.2 -0.8 0.1
v -1.2 -0.9 0.1
v -1.2 -0.9 0.2
v -1.2 -0.8 0.2
v -1.2 -0.9 0.2
v -1.1 -0.9 0.2
v -1.1 -0.8 0.2
v -1.2 -0.9 0.1
v -1.2 -0.8 0.1
v -1.1 -0.8 0.1
v -1.1 -0.9 0.1
v -1.2 -0.9 0.2
v -1.2 -0.9 0.1
v -1.1 -0.9 0.1
v -1.1 -0.9 0.2
v -1.1 -0.8 0.2
v -1.1 -0.8 0.1
v -1.2 -0.8 0.1
v -1.2 -0.8 0.2
v -1 -0.9 0.2
v -1 -0.9 0.1
v -1 -0.8 0.1
v -1 -0.8 0.2
v -1.1 -0.8 0.2
v -1.1 -0.9 0.2
v -1 -0.9 0.2
v -1 -0.8 0.2
v -1.1 -0.9 0.1
v -1.1 -0.8 0.1
v -1 -0.8 0.1
v -1 -0.9 0.1
v -1.1 -0.9 0.2
v -1.1 -0.9 0.1
v -1 -0.9 0.1
v -1 -0.9 0.2
v -1 -0.8 0.2
v -1 -0.8 0.1
v -1.1 -0.8 0.1
v -1.1 -0.8 0.2
v -1 -0.8 0.4
v -1 -0.8 0.3
v -1 -0.9 0.3
v -1 -0.9 0.4
v -1 -0.8 0.4
v -1 -0.9 0.4
v -0.9 -0.9 0.4
v -0.9 -0.8 0.4
v -1 -0.9 0.3
v -1 -0.8 0.3
v -0.9 -0.8 0.3
v -0.9 -0.9 0.3
v -0.9 -0.8 0.4
v -0.9 -0.9 0.4
v -0.8 -0.9 0.4
v -0.8 -0.8 0.4
v -0.9 -0.9 0.3
v -0.9 -0.8 0.3
v -0.8 -0.8 0.3
v -0.8 -0.9 0.3
v -0.8 -0.8 0.4
v -0.8 -0.9 0.4
v -0.7 -0.9 0.4
v -0.7 -0.8 0.4
v -0.8 -0.9 0.3
v -0.8 -0.8 0.3
v -0.7 -0.8 0.3
v -0.7 -0.9 0.3
v -0.7 -0.8 0.4
v -0.7 -0.9 0.4
v -0.6 -0.9 0.4
v -0.6 -0.8 0.4
v -0.7 -0.9 0.3
v -0.7 -0.8 0.3
v -0.6 -0.8 0.3
v -0.6 -0.9 0.3
v -0.6 -0.8 0.4
v -0.6 -0.9 0.4
v -0.5 -0.9 0.4
v -0.5 -0.8 0.4
v -0.6 -0.9 0.3
v -0.6 -0.8 0.3
v -0.5 -0.8 0.3
v -0.5 -0.9 0.3
v -0.4 -0.9 0.4
v -0.4 -0.9 0.3
v -0.4 -0.8 0.3
v -0.4 -0.8 0.4
v -0.5 -0.8 0.4
v -0.5 -0.9 0.4
v -0.4 -0.9 0.4
v -0.4 -0.8 0.4
v -0.5 -0.9 0.3
v -0.5 -0.8 0.3
v -0.4 -0.8 0.3
v -0.4 -0.9 0.3
v -0.4 -0.8 0.1
v -0.4 -0.8 0
v -0.4 -0.9 0
v -0.4 -0.9 0.1
v -0.3 -0.9 0.1
v -0.3 -0.9 0
v -0.3 -0.8 0
v -0.3 -0.8 0.1
v -0.4 -0.8 0.1
v -0.4 -0.9 0.1
v -0.3 -0.9 0.1
v -0.3 -0.8 0.1
v -0.4 -0.9 0
v -0.4 -0.8 0
v -0.3 -0.8 0
v -0.3 -0.9 0
v -0.3 -0.8 0.4
v -0.3 -0.8 0.3
v -0.3 -0.9 0.3
v -0.3 -0.9 0.4
v -0.3 -0.8 0.4
v -0.3 -0.9 0.4
v -0.2 -0.9 0.4
v -0.2 -0.8 0.4
v -0.3 -0.9 0.3
v -0.3 -0.8 0.3
v -0.2 -0.8 0.3
v -0.2 -0.9 0.3
v -0.2 -0.8 0.4
v -0.2 -0.9 0.4
v -0.1 -0.9 0.4
v -0.1 -0.8 0.4
v -0.2 -0.9 0.3
v -0.2 -0.8 0.3
v -0.1 -0.8 0.3
v -0.1 -0.9 0.3
v -0.1 -0.8 0.4
v -0.1 -0.9 0.4
v 0 -0.9 0.4
v 0 -0.8 0.4
v -0.1 -0.9 0.3
v -0.1 -0.8 0.3
v 0 -0.8 0.3
v 0 -0.9 0.3
v 0 -0.8 0.4
v 0 -0.9 0.4
v 0.1 -0.9 0.4
v 0.1 -0.8 0.4
v 0 -0.9 0.3
v 0 -0.8 0.3
v 0.1 -0.8 0.3
v 0.1 -0.9 0.3
v 0.1 -0.8 0.4
v 0.1 -0.9 0.4
v 0.2 -0.9 0.4
v 0.2 -0.8 0.4
v 0.1 -0.9 0.3
v 0.1 -0.8 0.3
v 0.2 -0.8 0.3
v 0.2 -0.9 0.3
v 0.2 -0.8 0.4
v 0.2 -0.9 0.4
v 0.3 -0.9 0.4
v 0.3 -0.8 0.4
v 0.2 -0.9 0.3
v 0.2 -0.8 0.3
v 0.3 -0.8 0.3
v 0.3 -0.9 0.3
v 0.3 -0.8 0.4
v 0.3 -0.9 0.4
v 0.4 -0.9 0.4
v 0.4 -0.8 0.4
v 0.3 -0.9 0.3
v 0.3 -0.8 0.3
v 0.4 -0.8 0.3
v 0.4 -0.9 0.3
v 0.4 -0.8 0.4
v 0.4 -0.9 0.4
v 0.5 -0.9 0.4
v 0.5 -0.8 0.4
v 0.4 -0.9 0.3
v 0.4 -0.8 0.3
v 0.5 -0.8 0.3
v 0.5 -0.9 0.3
v 0.5 -0.8 0.4
v 0.5 -0.9 0.4
v 0.6 -0.9 0.4
v 0.6 -0.8 0.4
v 0.5 -0.9 0.3
v 0.5 -0.8 0.3
v 0.6 -0.8 0.3
v 0.6 -0.9 0.3
v 0.6 -0.8 0.4
v 0.6 -0.9 0.4
v 0.7 -0.9 0.4
v 0.7 -0.8 0.4
v 0.6 -0.9 0.3
v 0.6 -0.8 0.3
v 0.7 -0.8 0.3
v 0.7 -0.9 0.3
v 0.7 -0.8 0.4
v 0.7 -0.9 0.4
v 0.8 -0.9 0.4
v 0.8 -0.8 0.4
v 0.7 -0.9 0.3
v 0.7 -0.8 0.3
v 0.8 -0.8 0.3
v 0.8 -0.9 0.3
v 0.8 -0.8 0.4
v 0.8 -0.9 0.4
v 0.9 -0.9 0.4
v 0.9 -0.8 0.4
v 0.8 -0.9 0.3
v 0.8 -0.8 0.3
v 0.9 -0.8 0.3
v 0.9 -0.9 0.3
v 0.9 -0.8 0.4
v 0.9 -0.9 0.4
v 1 -0.9 0.4
v 1 -0.8 0.4
v 0.9 -0.9 0.3
v 0.9 -0.8 0.3
v 1 -0.8 0.3
v 1 -0.9 0.3
v 1 -0.8 0.4
v 1 -0.9 0.4
v 1.1 -0.9 0.4
v 1.1 -0.8 0.4
v 1 -0.9 0.3
v 1 -0.8 0.3
v 1.1 -0.8 0.3
v 1.1 -0.9 0.3
v 1.2 -0.9 0.4
v 1.2 -0.9 0.3
v 1.2 -0.8 0.3
v 1.2 -0.8 0.4
v 1.1 -0.8 0.4
v 1.1 -0.9 0.4
v 1.2 -0.9 0.4
v 1.2 -0.8 0.4
v 1.1 -0.9 0.3
v 1.1 -0.8 0.3
v 1.2 -0.8 0.3
v 1.2 -0.9 0.3
v -1.2 -0.9 0.1
v -1.2 -0.9 0
v -1.2 -1 0
v -1.2 -1 0.1
v -1.2 -0.9 0.1
v -1.2 -1 0.1
v -1.1 -1 0.1
v -1.1 -0.9 0.1
v -1.2 -1 0
v -1.2 -0.9 0
v -1.1 -0.9 0
v -1.1 -1 0
v -1.1 -0.9 0.1
v -1.1 -0.9 0
v -1.2 -0.9 0
v -1.2 -0.9 0.1
v -1 -1 0.1
v -1 -1 0
v -1 -0.9 0
v -1 -0.9 0.1
v -1.1 -0.9 0.1
v -1.1 -1 0.1
v -1 -1 0.1
v -1 -0.9 0.1
v -1.1 -1 0
v -1.1 -0.9 0
v -1 -0.9 0
v -1 -1 0
v -1 -0.9 0.1
v -1 -0.9 0
v -1.1 -0.9 0
v -1.1 -0.9 0.1
v -1 -0.9 0.4
v -1 -0.9 0.3
v -1 -1 0.3
v -1 -1 0.4
v -1 -0.9 0.4
v -1 -1 0.4
v -0.9 -1 0.4
v -0.9 -0.9 0.4
v -1 -1 0.3
v -1 -0.9 0.3
v -0.9 -0.9 0.3
v -0.9 -1 0.3
v -0.9 -0.9 0.4
v -0.9 -1 0.4
v -0.8 -1 0.4
v -0.8 -0.9 0.4
v -0.9 -1 0.3
v -0.9 -0.9 0.3
v -0.8 -0.9 0.3
v -0.8 -1 0.3
v -0.8 -0.9 0.4
v -0.8 -1 0.4
v -0.7 -1 0.4
v -0.7 -0.9 0.4
v -0.8 -1 0.3
v -0.8 -0.9 0.3
v -0.7 -0.9 0.3
v -0.7 -1 0.3
v -0.7 -0.9 0.4
v -0.7 -1 0.4
v -0.6 -1 0.4
v -0.6 -0.9 0.4
v -0.7 -1 0.3
v -0.7 -0.9 0.3
v -0.6 -0.9 0.3
v -0.6 -1 0.3
v -0.6 -0.9 0.4
v -0.6 -1 0.4
v -0.5 -1 0.4
v -0.5 -0.9 0.4
v -0.6 -1 0.3
v -0.6 -0.9 0.3
v -0.5 -0.9 0.3
v -0.5 -1 0.3
v -0.4 -1 0.4
v -0.4 -1 0.3
v -0.4 -0.9 0.3
v -0.4 -0.9 0.4
v -0.5 -0.9 0.4
v -0.5 -1 0.4
v -0.4 -1 0.4
v -0.4 -0.9 0.4
v -0.5 -1 0.3
v -0.5 -0.9 0.3
v -0.4 -0.9 0.3
v -0.4 -1 0.3
v -0.4 -0.9 0.1
v -0.4 -0.9 0
v -0.4 -1 0
v -0.4 -1 0.1
v -0.3 -1 0.1
v -0.3 -1 0
v -0.3 -0.9 0
v -0.3 -0.9 0.1
v -0.4 -0.9 0.1
v -0.4 -1 0.1
v -0.3 -1 0.1
v -0.3 -0.9 0.1
v -0.4 -1 0
v -0.4 -0.9 0
v -0.3 -0.9 0
v -0.3 -1 0
v -0.3 -0.9 0.4
v -0.3 -0.9 0.3
v -0.3 -1 0.3
v -0.3 -1 0.4
v -0.3 -0.9 0.4
v -0.3 -1 0.4
v -0.2 -1 0.4
v -0.2 -0.9 0.4
v -0.3 -1 0.3
v -0.3 -0.9 0.3
v -0.2 -0.9 0.3
v -0.2 -1 0.3
v -0.2 -0.9 0.4
v -0.2 -1 0.4
v -0.1 -1 0.4
v -0.1 -0.9 0.4
v -0.2 -1 0.3
v -0.2 -0.9 0.3
v -0.1 -0.9 0.3
v -0.1 -1 0.3
v -0.1 -0.9 0.4
v -0.1 -1 0.4
v 0 -1 0.4
v 0 -0.9 0.4
v -0.1 -1 0.3
v -0.1 -0.9 0.3
v 0 -0.9 0.3
v 0 -1 0.3
v 0 -0.9 0.4
v 0 -1 0.4
v 0.1 -1 0.4
v 0.1 -0.9 0.4
v 0 -1 0.3
v 0 -0.9 0.3
v 0.1 -0.9 0.3
v 0.1 -1 0.3
v 0.1 -0.9 0.4
v 0.1 -1 0.4
v 0.2 -1 0.4
v 0.2 -0.9 0.4
v 0.1 -1 0.3
v 0.1 -0.9 0.3
v 0.2 -0.9 0.3
v 0.2 -1 0.3
v 0.2 -0.9 0.4
v 0.2 -1 0.4
v 0.3 -1 0.4
v 0.3 -0.9 0.4
v 0.2 -1 0.3
v 0.2 -0.9 0.3
v 0.3 -0.9 0.3
v 0.3 -1 0.3
v 0.3 -0.9 0.4
v 0.3 -1 0.4
v 0.4 -1 0.4
v 0.4 -0.9 0.4
v 0.3 -1 0.3
v 0.3 -0.9 0.3
v 0.4 -0.9 0.3
v 0.4 -1 0.3
v 0.4 -0.9 0.4
v 0.4 -1 0.4
v 0.5 -1 0.4
v 0.5 -0.9 0.4
v 0.4 -1 0.3
v 0.4 -0.9 0.3
v 0.5 -0.9 0.3
v 0.5 -1 0.3
v 0.5 -0.9 0.4
v 0.5 -1 0.4
v 0.6 -1 0.4
v 0.6 -0.9 0.4
v 0.5 -1 0.3
v 0.5 -0.9 0.3
v 0.6 -0.9 0.3
v 0.6 -1 0.3
v 0.6 -0.9 0.4
v 0.6 -1 0.4
v 0.7 -1 0.4
v 0.7 -0.9 0.4
v 0.6 -1 0.3
v 0.6 -0.9 0.3
v 0.7 -0.9 0.3
v 0.7 -1 0.3
v 0.7 -0.9 0.4
v 0.7 -1 0.4
v 0.8 -1 0.4
v 0.8 -0.9 0.4
v 0.7 -1 0.3
v 0.7 -0.9 0.3
v 0.8 -0.9 0.3
v 0.8 -1 0.3
v 0.8 -0.9 0.4
v 0.8 -1 0.4
v 0.9 -1 0.4
v 0.9 -0.9 0.4
v 0.8 -1 0.3
v 0.8 -0.9 0.3
v 0.9 -0.9 0.3
v 0.9 -1 0.3
v 0.9 -0.9 0.4
v 0.9 -1 0.4
v 1 -1 0.4
v 1 -0.9 0.4
v 0.9 -1 0.3
v 0.9 -0.9 0.3
v 1 -0.9 0.3
v 1 -1 0.3
v 1 -0.9 0.4
v 1 -1 0.4
v 1.1 -1 0.4
v 1.1 -0.9 0.4
v 1 -1 0.3
v 1 -0.9 0.3
v 1.1 -0.9 0.3
v 1.1 -1 0.3
v 1.2 -1 0.4
v 1.2 -1 0.3
v 1.2 -0.9 0.3
v 1.2 -0.9 0.4
v 1.1 -0.9 0.4
v 1.1 -1 0.4
v 1.2 -1 0.4
v 1.2 -0.9 0.4
v 1.1 -1 0.3
v 1.1 -0.9 0.3
v 1.2 -0.9 0.3
v 1.2 -1 0.3
v -1.2 -1 0.1
v -1.2 -1 0
v -1.2 -1.1 0
v -1.2 -1.1 0.1
v -1.2 -1 0.1
v -1.2 -1.1 0.1
v -1.1 -1.1 0.1
v -1.1 -1 0.1
v -1.2 -1.1 0
v -1.2 -1 0
v -1.1 -1 0
v -1.1 -1.1 0
v -1 -1.1 0.1
v -1 -1.1 0
v -1 -1 0
v -1 -1 0.1
v -1.1 -1 0.1
v -1.1 -1.1 0.1
v -1 -1.1 0.1
v -1 -1 0.1
v -1.1 -1.1 0
v -1.1 -1 0
v -1 -1 0
v -1 -1.1 0
v -1 -1 0.4
v -1 -1 0.3
v -1 -1.1 0.3
v -1 -1.1 0.4
v -1 -1 0.4
v -1 -1.1 0.4
v -0.9 -1.1 0.4
v -0.9 -1 0.4
v -1 -1.1 0.3
v -1 -1 0.3
v -0.9 -1 0.3
v -0.9 -1.1 0.3
v -0.9 -1 0.4
v -0.9 -1.1 0.4
v -0.8 -1.1 0.4
v -0.8 -1 0.4
v -0.9 -1.1 0.3
v -0.9 -1 0.3
v -0.8 -1 0.3
v -0.8 -1.1 0.3
v -0.8 -1 0.4
v -0.8 -1.1 0.4
v -0.7 -1.1 0.4
v -0.7 -1 0.4
v -0.8 -1.1 0.3
v -0.8 -1 0.3
v -0.7 -1 0.3
v -0.7 -1.1 0.3
v -0.7 -1 0.4
v -0.7 -1.1 0.4
v -0.6 -1.1 0.4
v -0.6 -1 0.4
v -0.7 -1.1 0.3
v -0.7 -1 0.3
v -0.6 -1 0.3
v -0.6 -1.1 0.3
v -0.6 -1 0.4
v -0.6 -1.1 0.4
v -0.5 -1.1 0.4
v -0.5 -1 0.4
v -0.6 -1.1 0.3
v -0.6 -1 0.3
v -0.5 -1 0.3
v -0.5 -1.1 0.3
v -0.4 -1.1 0.4
v -0.4 -1.1 0.3
v -0.4 -1 0.3
v -0.4 -1 0.4
v -0.5 -1 0.4
v -0.5 -1.1 0.4
v -0.4 -1.1 0.4
v -0.4 -1 0.4
v -0.5 -1.1 0.3
v -0.5 -1 0.3
v -0.4 -1 0.3
v -0.4 -1.1 0.3
v -0.4 -1 0.1
v -0.4 -1 0
v -0.4 -1.1 0
v -0.4 -1.1 0.1
v -0.3 -1.1 0.1
v -0.3 -1.1 0
v -0.3 -1 0
v -0.3 -1 0.1
v -0.4 -1 0.1
v -0.4 -1.1 0.1
v -0.3 -1.1 0.1
v -0.3 -1 0.1
v -0.4 -1.1 0
v -0.4 -1 0
v -0.3 -1 0
v -0.3 -1.1 0
v -0.3 -1 0.4
v -0.3 -1 0.3
v -0.3 -1.1 0.3
v -0.3 -1.1 0.4
v -0.3 -1 0.4
v -0.3 -1.1 0.4
v -0.2 -1.1 0.4
v -0.2 -1 0.4
v -0.3 -1.1 0.3
v -0.3 -1 0.3
v -0.2 -1 0.3
v -0.2 -1.1 0.3
v -0.2 -1 0.4
v -0.2 -1.1 0.4
v -0.1 -1.1 0.4
v -0.1 -1 0.4
v -0.2 -1.1 0.3
v -0.2 -1 0.3
v -0.1 -1 0.3
v -0.1 -1.1 0.3
v -0.1 -1 0.4
v -0.1 -1.1 0.4
v 0 -1.1 0.4
v 0 -1 0.4
v -0.1 -1.1 0.3
v -0.1 -1 0.3
v 0 -1 0.3
v 0 -1.1 0.3
v 0 -1 0.4
v 0 -1.1 0.4
v 0.1 -1.1 0.4
v 0.1 -1 0.4
v 0 -1.1 0.3
v 0 -1 0.3
v 0.1 -1 0.3
v 0.1 -1.1 0.3
v 0.1 -1 0.4
v 0.1 -1.1 0.4
v 0.2 -1.1 0.4
v 0.2 -1 0.4
v 0.1 -1.1 0.3
v 0.1 -1 0.3
v 0.2 -1 0.3
v 0.2 -1.1 0.3
v 0.2 -1 0.4
v 0.2 -1.1 0.4
v 0.3 -1.1 0.4
v 0.3 -1 0.4
v 0.2 -1.1 0.3
v 0.2 -1 0.3
v 0.3 -1 0.3
v 0.3 -1.1 0.3
v 0.3 -1 0.4
v 0.3 -1.1 0.4
v 0.4 -1.1 0.4
v 0.4 -1 0.4
v 0.3 -1.1 0.3
v 0.3 -1 0.3
v 0.4 -1 0.3
v 0.4 -1.1 0.3
v 0.4 -1 0.4
v 0.4 -1.1 0.4
v 0.5 -1.1 0.4
v 0.5 -1 0.4
v 0.4 -1.1 0.3
v 0.4 -1 0.3
v 0.5 -1 0.3
v 0.5 -1.1 0.3
v 0.5 -1 0.4
v 0.5 -1.1 0.4
v 0.6 -1.1 0.4
v 0.6 -1 0.4
v 0.5 -1.1 0.3
v 0.5 -1 0.3
v 0.6 -1 0.3
v 0.6 -1.1 0.3
v 0.6 -1 0.4
v 0.6 -1.1 0.4
v 0.7 -1.1 0.4
v 0.7 -1 0.4
v 0.6 -1.1 0.3
v 0.6 -1 0.3
v 0.7 -1 0.3
v 0.7 -1.1 0.3
v 0.7 -1 0.4
v 0.7 -1.1 0.4
v 0.8 -1.1 0.4
v 0.8 -1 0.4
v 0.7 -1.1 0.3
v 0.7 -1 0.3
v 0.8 -1 0.3
v 0.8 -1.1 0.3
v 0.8 -1 0.4
v 0.8 -1.1 0.4
v 0.9 -1.1 0.4
v 0.9 -1 0.4
v 0.8 -1.1 0.3
v 0.8 -1 0.3
v 0.9 -1 0.3
v 0.9 -1.1 0.3
v 0.9 -1 0.4
v 0.9 -1.1 0.4
v 1 -1.1 0.4
v 1 -1 0.4
v 0.9 -1.1 0.3
v 0.9 -1 0.3
v 1 -1 0.3
v 1 -1.1 0.3
v 1 -1 0.4
v 1 -1.1 0.4
v 1.1 -1.1 0.4
v 1.1 -1 0.4
v 1 -1.1 0.3
v 1 -1 0.3
v 1.1 -1 0.3
v 1.1 -1.1 0.3
v 1.2 -1.1 0.4
v 1.2 -1.1 0.3
v 1.2 -1 0.3
v 1.2 -1 0.4
v 1.1 -1 0.4
v 1.1 -1.1 0.4
v 1.2 -1.1 0.4
v 1.2 -1 0.4
v 1.1 -1.1 0.3
v 1.1 -1 0.3
v 1.2 -1 0.3
v 1.2 -1.1 0.3
v -1.2 -1.1 0.1
v -1.2 -1.1 0
v -1.2 -1.2 0
v -1.2 -1.2 0.1
v -1.2 -1.1 0.1
v -1.2 -1.2 0.1
v -1.1 -1.2 0.1
v -1.1 -1.1 0.1
v -1.2 -1.2 0
v -1.2 -1.1 0
v -1.1 -1.1 0
v -1.1 -1.2 0
v -1.2 -1.2 0.1
v -1.2 -1.2 0
v -1.1 -1.2 0
v -1.1 -1.2 0.1
v -1 -1.2 0.1
v -1 -1.2 0
v -1 -1.1 0
v -1 -1.1 0.1
v -1.1 -1.1 0.1
v -1.1 -1.2 0.1
v -1 -1.2 0.1
v -1 -1.1 0.1
v -1.1 -1.2 0
v -1.1 -1.1 0
v -1 -1.1 0
v -1 -1.2 0
v -1.1 -1.2 0.1
v -1.1 -1.2 0
v -1 -1.2 0
v -1 -1.2 0.1
v -1 -1.1 0.4
v -1 -1.1 0.3
v -1 -1.2 0.3
v -1 -1.2 0.4
v -1 -1.1 0.4
v -1 -1.2 0.4
v -0.9 -1.2 0.4
v -0.9 -1.1 0.4
v -1 -1.2 0.3
v -1 -1.1 0.3
v -0.9 -1.1 0.3
v -0.9 -1.2 0.3
v -1 -1.2 0.4
v -1 -1.2 0.3
v -0.9 -1.2 0.3
v -0.9 -1.2 0.4
v -0.9 -1.1 0.4
v -0.9 -1.2 0.4
v -0.8 -1.2 0.4
v -0.8 -1.1 0.4
v -0.9 -1.2 0.3
v -0.9 -1.1 0.3
v -0.8 -1.1 0.3
v -0.8 -1.2 0.3
v -0.9 -1.2 0.4
v -0.9 -1.2 0.3
v -0.8 -1.2 0.3
v -0.8 -1.2 0.4
v -0.8 -1.1 0.4
v -0.8 -1.2 0.4
v -0.7 -1.2 0.4
v -0.7 -1.1 0.4
v -0.8 -1.2 0.3
v -0.8 -1.1 0.3
v -0.7 -1.1 0.3
v -0.7 -1.2 0.3
v -0.8 -1.2 0.4
v -0.8 -1.2 0.3
v -0.7 -1.2 0.3
v -0.7 -1.2 0.4
v -0.7 -1.1 0.4
v -0.7 -1.2 0.4
v -0.6 -1.2 0.4
v -0.6 -1.1 0.4
v -0.7 -1.2 0.3
v -0.7 -1.1 0.3
v -0.6 -1.1 0.3
v -0.6 -1.2 0.3
v -0.7 -1.2 0.4
v -0.7 -1.2 0.3
v -0.6 -1.2 0.3
v -0.6 -1.2 0.4
v -0.6 -1.1 0.4
v -0.6 -1.2 0.4
v -0.5 -1.2 0.4
v -0.5 -1.1 0.4
v -0.6 -1.2 0.3
v -0.6 -1.1 0.3
v -0.5 -1.1 0.3
v -0.5 -1.2 0.3
v -0.6 -1.2 0.4
v -0.6 -1.2 0.3
v -0.5 -1.2 0.3
v -0.5 -1.2 0.4
v -0.4 -1.2 0.4
v -0.4 -1.2 0.3
v -0.4 -1.1 0.3
v -0.4 -1.1 0.4
v -0.5 -1.1 0.4
v -0.5 -1.2 0.4
v -0.4 -1.2 0.4
v -0.4 -1.1 0.4
v -0.5 -1.2 0.3
v -0.5 -1.1 0.3
v -0.4 -1.1 0.3
v -0.4 -1.2 0.3
v -0.5 -1.2 0.4
v -0.5 -1.2 0.3
v -0.4 -1.2 0.3
v -0.4 -1.2 0.4
v -0.4 -1.1 0.1
v -0.4 -1.1 0
v -0.4 -1.2 0
v -0.4 -1.2 0.1
v -0.3 -1.2 0.1
v -0.3 -1.2 0
v -0.3 -1.1 0
v -0.3 -1.1 0.1
v -0.4 -1.1 0.1
v -0.4 -1.2 0.1
v -0.3 -1.2 0.1
v -0.3 -1.1 0.1
v -0.4 -1.2 0
v -0.4 -1.1 0
v -0.3 -1.1 0
v -0.3 -1.2 0
v -0.4 -1.2 0.1
v -0.4 -1.2 0
v -0.3 -1.2 0
v -0.3 -1.2 0.1
v -0.3 -1.1 0.4
v -0.3 -1.1 0.3
v -0.3 -1.2 0.3
v -0.3 -1.2 0.4
v -0.3 -1.1 0.4
v -0.3 -1.2 0.4
v -0.2 -1.2 0.4
v -0.2 -1.1 0.4
v -0.3 -1.2 0.3
v -0.3 -1.1 0.3
v -0.2 -1.1 0.3
v -0.2 -1.2 0.3
v -0.3 -1.2 0.4
v -0.3 -1.2 0.3
v -0.2 -1.2 0.3
v -0.2 -1.2 0.4
v -0.2 -1.1 0.4
v -0.2 -1.2 0.4
v -0.1 -1.2 0.4
v -0.1 -1.1 0.4
v -0.2 -1.2 0.3
v -0.2 -1.1 0.3
v -0.1 -1.1 0.3
v -0.1 -1.2 0.3
v -0.2 -1.2 0.4
v -0.2 -1.2 0.3
v -0.1 -1.2 0.3
v -0.1 -1.2 0.4
v -0.1 -1.1 0.4
v -0.1 -1.2 0.4
v 0 -1.2 0.4
v 0 -1.1 0.4
v -0.1 -1.2 0.3
v -0.1 -1.1 0.3
v 0 -1.1 0.3
v 0 -1.2 0.3
v -0.1 -1.2 0.4
v -0.1 -1.2 0.3
v 0 -1.2 0.3
v 0 -1.2 0.4
v 0 -1.1 0.4
v 0 -1.2 0.4
v 0.1 -1.2 0.4
v 0.1 -1.1 0.4
v 0 -1.2 0.3
v 0 -1.1 0.3
v 0.1 -1.1 0.3
v 0.1 -1.2 0.3
v 0 -1.2 0.4
v 0 -1.2 0.3
v 0.1 -1.2 0.3
v 0.1 -1.2 0.4
v 0.1 -1.1 0.4
v 0.1 -1.2 0.4
v 0.2 -1.2 0.4
v 0.2 -1.1 0.4
v 0.1 -1.2 0.3
v 0.1 -1.1 0.3
v 0.2 -1.1 0.3
v 0.2 -1.2 0.3
v 0.1 -1.2 0.4
v 0.1 -1.2 0.3
v 0.2 -1.2 0.3
v 0.2 -1.2 0.4
v 0.2 -1.1 0.4
v 0.2 -1.2 0.4
v 0.3 -1.2 0.4
v 0.3 -1.1 0.4
v 0.2 -1.2 0.3
v 0.2 -1.1 0.3
v 0.3 -1.1 0.3
v 0.3 -1.2 0.3
v 0.2 -1.2 0.4
v 0.2 -1.2 0.3
v 0.3 -1.2 0.3
v 0.3 -1.2 0.4
v 0.3 -1.1 0.4
v 0.3 -1.2 0.4
v 0.4 -1.2 0.4
v 0.4 -1.1 0.4
v 0.3 -1.2 0.3
v 0.3 -1.1 0.3
v 0.4 -1.1 0.3
v 0.4 -1.2 0.3
v 0.3 -1.2 0.4
v 0.3 -1.2 0.3
v 0.4 -1.2 0.3
v 0.4 -1.2 0.4
v 0.4 -1.1 0.4
v 0.4 -1.2 0.4
v 0.5 -1.2 0.4
v 0.5 -1.1 0.4
v 0.4 -1.2 0.3
v 0.4 -1.1 0.3
v 0.5 -1.1 0.3
v 0.5 -1.2 0.3
v 0.4 -1.2 0.4
v 0.4 -1.2 0.3
v 0.5 -1.2 0.3
v 0.5 -1.2 0.4
v 0.5 -1.1 0.4
v 0.5 -1.2 0.4
v 0.6 -1.2 0.4
v 0.6 -1.1 0.4
v 0.5 -1.2 0.3
v 0.5 -1.1 0.3
v 0.6 -1.1 0.3
v 0.6 -1.2 0.3
v 0.5 -1.2 0.4
v 0.5 -1.2 0.3
v 0.6 -1.2 0.3
v 0.6 -1.2 0.4
v 0.6 -1.1 0.4
v 0.6 -1.2 0.4
v 0.7 -1.2 0.4
v 0.7 -1.1 0.4
v 0.6 -1.2 0.3
v 0.6 -1.1 0.3
v 0.7 -1.1 0.3
v 0.7 -1.2 0.3
v 0.6 -1.2 0.4
v 0.6 -1.2 0.3
v 0.7 -1.2 0.3
v 0.7 -1.2 0.4
v 0.7 -1.1 0.4
v 0.7 -1.2 0.4
v 0.8 -1.2 0.4
v 0.8 -1.1 0.4
v 0.7 -1.2 0.3
v 0.7 -1.1 0.3
v 0.8 -1.1 0.3
v 0.8 -1.2 0.3
v 0.7 -1.2 0.4
v 0.7 -1.2 0.3
v 0.8 -1.2 0.3
v 0.8 -1.2 0.4
v 0.8 -1.1 0.4
v 0.8 -1.2 0.4
v 0.9 -1.2 0.4
v 0.9 -1.1 0.4
v 0.8 -1.2 0.3
v 0.8 -1.1 0.3
v 0.9 -1.1 0.3
v 0.9 -1.2 0.3
v 0.8 -1.2 0.4
v 0.8 -1.2 0.3
v 0.9 -1.2 0.3
v 0.9 -1.2 0.4
v 0.9 -1.1 0.4
v 0.9 -1.2 0.4
v 1 -1.2 0.4
v 1 -1.1 0.4
v 0.9 -1.2 0.3
v 0.9 -1.1 0.3
v 1 -1.1 0.3
v 1 -1.2 0.3
v 0.9 -1.2 0.4
v 0.9 -1.2 0.3
v 1 -1.2 0.3
v 1 -1.2 0.4
v 1 -1.1 0.4
v 1 -1.2 0.4
v 1.1 -1.2 0.4
v 1.1 -1.1 0.4
v 1 -1.2 0.3
v 1 -1.1 0.3
v 1.1 -1.1 0.3
v 1.1 -1.2 0.3
v 1 -1.2 0.4
v 1 -1.2 0.3
v 1.1 -1.2 0.3
v 1.1 -1.2 0.4
v 1.2 -1.2 0.4
v 1.2 -1.2 0.3
v 1.2 -1.1 0.3
v 1.2 -1.1 0.4
v 1.1 -1.1 0.4
v 1.1 -1.2 0.4
v 1.2 -1.2 0.4
v 1.2 -1.1 0.4
v 1.1 -1.2 0.3
v 1.1 -1.1 0.3
v 1.2 -1.1 0.3
v 1.2 -1.2 0.3
v 1.1 -1.2 0.4
v 1.1 -1.2 0.3
v 1.2 -1.2 0.3
v 1.2 -1.2 0.4

# faces
f 1/1/1 2/1/1 3/1/1 4/1/1
f 5/1/3 6/1/3 7/1/3 8/1/3
f 9/1/4 10/1/4 11/1/4 12/1/4
f 13/1/6 14/1/6 15/1/6 16/1/6
f 17/1/3 18/1/3 19/1/3 20/1/3
f 21/1/4 22/1/4 23/1/4 24/1/4
f 25/1/6 26/1/6 27/1/6 28/1/6
f 29/1/3 30/1/3 31/1/3 32/1/3
f 33/1/4 34/1/4 35/1/4 36/1/4
f 37/1/6 38/1/6 39/1/6 40/1/6
f 41/1/3 42/1/3 43/1/3 44/1/3
f 45/1/4 46/1/4 47/1/4 48/1/4
f 49/1/6 50/1/6 51/1/6 52/1/6
f 53/1/3 54/1/3 55/1/3 56/1/3
f 57/1/4 58/1/4 59/1/4 60/1/4
f 61/1/6 62/1/6 63/1/6 64/1/6
f 65/1/3 66/1/3 67/1/3 68/1/3
f 69/1/4 70/1/4 71/1/4 72/1/4
f 73/1/6 74/1/6 75/1/6 76/1/6
f 77/1/3 78/1/3 79/1/3 80/1/3
f 81/1/4 82/1/4 83/1/4 84/1/4
f 85/1/6 86/1/6 87/1/6 88/1/6
f 89/1/2 90/1/2 91/1/2 92/1/2
f 93/1/3 94/1/3 95/1/3 96/1/3
f 97/1/4 98/1/4 99/1/4 100/1/4
f 101/1/6 102/1/6 103/1/6 104/1/6
f 105/9/1 106/9/1 107/9/1 108/9/1
f 109/9/2 110/9/2 111/9/2 112/9/2
f 113/9/3 114/9/3 115/9/3 116/9/3
f 117/9/4 118/9/4 119/9/4 120/9/4
f 121/9/5 122/9/5 123/9/5 124/9/5
f 125/9/6 126/9/6 127/9/6 128/9/6
f 129/1/1 130/1/1 131/1/1 132/1/1
f 133/1/2 134/1/2 135/1/2 136/1/2
f 137/1/3 138/1/3 139/1/3 140/1/3
f 141/1/4 142/1/4 143/1/4 144/1/4
f 145/1/6 146/1/6 147/1/6 148/1/6
f 149/10/1 150/10/1 151/10/1 152/10/1
f 153/10/2 154/10/2 155/10/2 156/10/2
f 157/10/3 158/10/3 159/10/3 160/10/3
f 161/10/4 162/10/4 163/10/4 164/10/4
f 165/10/6 166/10/6 167/10/6 168/10/6
f 169/9/1 170/9/1 171/9/1 172/9/1
f 173/9/2 174/9/2 175/9/2 176/9/2
f 177/9/3 178/9/3 179/9/3 180/9/3
f 181/9/4 182/9/4 183/9/4 184/9/4
f 185/9/6 186/9/6 187/9/6 188/9/6
f 189/11/1 190/11/1 191/11/1 192/11/1
f 193/11/3 194/11/3 195/11/3 196/11/3
f 197/11/4 198/11/4 199/11/4 200/11/4
f 201/11/6 202/11/6 203/11/6 204/11/6
f 205/5/3 206/5/3 207/5/3 208/5/3
f 209/5/4 210/5/4 211/5/4 212/5/4
f 213/5/6 214/5/6 215/5/6 216/5/6
f 217/5/3 218/5/3 219/5/3 220/5/3
f 221/5/4 222/5/4 223/5/4 224/5/4
f 225/5/6 226/5/6 227/5/6 228/5/6
f 229/5/3 230/5/3 231/5/3 232/5/3
f 233/5/4 234/5/4 235/5/4 236/5/4
f 237/5/6 238/5/6 239/5/6 240/5/6
f 241/10/3 242/10/3 243/10/3 244/10/3
f 245/10/4 246/10/4 247/10/4 248/10/4
f 249/10/6 250/10/6 251/10/6 252/10/6
f 253/4/3 254/4/3 255/4/3 256/4/3
f 257/4/4 258/4/4 259/4/4 260/4/4
f 261/4/6 262/4/6 263/4/6 264/4/6
f 265/11/3 266/11/3 267/11/3 268/11/3
f 269/11/4 270/11/4 271/11/4 272/11/4
f 273/11/6 274/11/6 275/11/6 276/11/6
f 277/5/3 278/5/3 279/5/3 280/5/3
f 281/5/4 282/5/4 283/5/4 284/5/4
f 285/5/6 286/5/6 287/5/6 288/5/6
f 289/5/3 290/5/3 291/5/3 292/5/3
f 293/5/4 294/5/4 295/5/4 296/5/4
f 297/5/6 298/5/6 299/5/6 300/5/6
f 301/5/3 302/5/3 303/5/3 304/5/3
f 305/5/4 306/5/4 307/5/4 308/5/4
f 309/5/6 310/5/6 311/5/6 312/5/6
f 313/13/3 314/13/3 315/13/3 316/13/3
f 317/13/4 318/13/4 319/13/4 320/13/4
f 321/13/6 322/13/6 323/13/6 324/13/6
f 325/11/2 326/11/2 327/11/2 328/11/2
f 329/11/3 330/11/3 331/11/3 332/11/3
f 333/11/4 334/11/4 335/11/4 336/11/4
f 337/11/6 338/11/6 339/11/6 340/11/6
f 341/1/1 342/1/1 343/1/1 344/1/1
f 345/1/3 346/1/3 347/1/3 348/1/3
f 349/1/4 350/1/4 351/1/4 352/1/4
f 353/1/3 354/1/3 355/1/3 356/1/3
f 357/1/4 358/1/4 359/1/4 360/1/4
f 361/1/3 362/1/3 363/1/3 364/1/3
f 365/1/4 366/1/4 367/1/4 368/1/4
f 369/1/3 370/1/3 371/1/3 372/1/3
f 373/1/4 374/1/4 375/1/4 376/1/4
f 377/1/3 378/1/3 379/1/3 380/1/3
f 381/1/4 382/1/4 383/1/4 384/1/4
f 385/1/3 386/1/3 387/1/3 388/1/3
f 389/1/4 390/1/4 391/1/4 392/1/4
f 393/1/3 394/1/3 395/1/3 396/1/3
f 397/1/4 398/1/4 399/1/4 400/1/4
f 401/1/3 402/1/3 403/1/3 404/1/3
f 405/1/4 406/1/4 407/1/4 408/1/4
f 409/1/3 410/1/3 411/1/3 412/1/3
f 413/1/4 414/1/4 415/1/4 416/1/4
f 417/1/6 418/1/6 419/1/6 420/1/6
f 421/1/2 422/1/2 423/1/2 424/1/2
f 425/1/3 426/1/3 427/1/3 428/1/3
f 429/1/4 430/1/4 431/1/4 432/1/4
f 433/10/1 434/10/1 435/10/1 436/10/1
f 437/10/2 438/10/2 439/10/2 440/10/2
f 441/10/3 442/10/3 443/10/3 444/10/3
f 445/10/4 446/10/4 447/10/4 448/10/4
f 449/9/1 450/9/1 451/9/1 452/9/1
f 453/9/2 454/9/2 455/9/2 456/9/2
f 457/9/3 458/9/3 459/9/3 460/9/3
f 461/9/4 462/9/4 463/9/4 464/9/4
f 465/9/5 466/9/5 467/9/5 468/9/5
f 469/10/1 470/10/1 471/10/1 472/10/1
f 473/10/3 474/10/3 475/10/3 476/10/3
f 477/10/4 478/10/4 479/10/4 480/10/4
f 481/11/3 482/11/3 483/11/3 484/11/3
f 485/11/4 486/11/4 487/11/4 488/11/4
f 489/11/3 490/11/3 491/11/3 492/11/3
f 493/11/4 494/11/4 495/11/4 496/11/4
f 497/11/3 498/11/3 499/11/3 500/11/3
f 501/11/4 502/11/4 503/11/4 504/11/4
f 505/4/3 506/4/3 507/4/3 508/4/3
f 509/4/4 510/4/4 511/4/4 512/4/4
f 513/11/3 514/11/3 515/11/3 516/11/3
f 517/11/4 518/11/4 519/11/4 520/11/4
f 521/4/3 522/4/3 523/4/3 524/4/3
f 525/4/4 526/4/4 527/4/4 528/4/4
f 529/11/3 530/11/3 531/11/3 532/11/3
f 533/11/4 534/11/4 535/11/4 536/11/4
f 537/13/3 538/13/3 539/13/3 540/13/3
f 541/13/4 542/13/4 543/13/4 544/13/4
f 545/13/3 546/13/3 547/13/3 548/13/3
f 549/13/4 550/13/4 551/13/4 552/13/4
f 553/4/3 554/4/3 555/4/3 556/4/3
f 557/4/4 558/4/4 559/4/4 560/4/4
f 561/13/2 562/13/2 563/13/2 564/13/2
f 565/13/3 566/13/3 567/13/3 568/13/3
f 569/13/4 570/13/4 571/13/4 572/13/4
f 573/1/1 574/1/1 575/1/1 576/1/1
f 577/1/3 578/1/3 579/1/3 580/1/3
f 581/1/4 582/1/4 583/1/4 584/1/4
f 585/1/3 586/1/3 587/1/3 588/1/3
f 589/1/4 590/1/4 591/1/4 592/1/4
f 593/1/3 594/1/3 595/1/3 596/1/3
f 597/1/4 598/1/4 599/1/4 600/1/4
f 601/1/3 602/1/3 603/1/3 604/1/3
f 605/1/4 606/1/4 607/1/4 608/1/4
f 609/1/3 610/1/3 611/1/3 612/1/3
f 613/1/4 614/1/4 615/1/4 616/1/4
f 617/1/3 618/1/3 619/1/3 620/1/3
f 621/1/4 622/1/4 623/1/4 624/1/4
f 625/1/3 626/1/3 627/1/3 628/1/3
f 629/1/4 630/1/4 631/1/4 632/1/4
f 633/1/3 634/1/3 635/1/3 636/1/3
f 637/1/4 638/1/4 639/1/4 640/1/4
f 641/1/3 642/1/3 643/1/3 644/1/3
f 645/1/4 646/1/4 647/1/4 648/1/4
f 649/1/5 650/1/5 651/1/5 652/1/5
f 653/1/2 654/1/2 655/1/2 656/1/2
f 657/1/3 658/1/3 659/1/3 660/1/3
f 661/1/4 662/1/4 663/1/4 664/1/4
f 665/4/1 666/4/1 667/4/1 668/4/1
f 669/4/3 670/4/3 671/4/3 672/4/3
f 673/4/4 674/4/4 675/4/4 676/4/4
f 677/10/3 678/10/3 679/10/3 680/10/3
f 681/10/4 682/10/4 683/10/4 684/10/4
f 685/10/6 686/10/6 687/10/6 688/10/6
f 689/13/3 690/13/3 691/13/3 692/13/3
f 693/13/4 694/13/4 695/13/4 696/13/4
f 697/10/3 698/10/3 699/10/3 700/10/3
f 701/10/4 702/10/4 703/10/4 704/10/4
f 705/4/3 706/4/3 707/4/3 708/4/3
f 709/4/4 710/4/4 711/4/4 712/4/4
f 713/4/3 714/4/3 715/4/3 716/4/3
f 717/4/4 718/4/4 719/4/4 720/4/4
f 721/13/3 722/13/3 723/13/3 724/13/3
f 725/13/4 726/13/4 727/13/4 728/13/4
f 729/13/3 730/13/3 731/13/3 732/13/3
f 733/13/4 734/13/4 735/13/4 736/13/4
f 737/13/3 738/13/3 739/13/3 740/13/3
f 741/13/4 742/13/4 743/13/4 744/13/4
f 745/13/3 746/13/3 747/13/3 748/13/3
f 749/13/4 750/13/4 751/13/4 752/13/4
f 753/4/3 754/4/3 755/4/3 756/4/3
f 757/4/4 758/4/4 759/4/4 760/4/4
f 761/10/3 762/10/3 763/10/3 764/10/3
f 765/10/4 766/10/4 767/10/4 768/10/4
f 769/4/3 770/4/3 771/4/3 772/4/3
f 773/4/4 774/4/4 775/4/4 776/4/4
f 777/11/2 778/11/2 779/11/2 780/11/2
f 781/11/3 782/11/3 783/11/3 784/11/3
f 785/11/4 786/11/4 787/11/4 788/11/4
f 789/1/1 790/1/1 791/1/1 792/1/1
f 793/1/3 794/1/3 795/1/3 796/1/3
f 797/1/4 798/1/4 799/1/4 800/1/4
f 801/1/3 802/1/3 803/1/3 804/1/3
f 805/1/4 806/1/4 807/1/4 808/1/4
f 809/1/3 810/1/3 811/1/3 812/1/3
f 813/1/4 814/1/4 815/1/4 816/1/4
f 817/1/3 818/1/3 819/1/3 820/1/3
f 821/1/4 822/1/4 823/1/4 824/1/4
f 825/1/3 826/1/3 827/1/3 828/1/3
f 829/1/4 830/1/4 831/1/4 832/1/4
f 833/1/3 834/1/3 835/1/3 836/1/3
f 837/1/4 838/1/4 839/1/4 840/1/4
f 841/1/3 842/1/3 843/1/3 844/1/3
f 845/1/4 846/1/4 847/1/4 848/1/4
f 849/1/2 850/1/2 851/1/2 852/1/2
f 853/1/3 854/1/3 855/1/3 856/1/3
f 857/1/4 858/1/4 859/1/4 860/1/4
f 861/9/1 862/9/1 863/9/1 864/9/1
f 865/9/2 866/9/2 867/9/2 868/9/2
f 869/9/3 870/9/3 871/9/3 872/9/3
f 873/9/4 874/9/4 875/9/4 876/9/4
f 877/9/5 878/9/5 879/9/5 880/9/5
f 881/9/6 882/9/6 883/9/6 884/9/6
f 885/1/1 886/1/1 887/1/1 888/1/1
f 889/1/2 890/1/2 891/1/2 892/1/2
f 893/1/3 894/1/3 895/1/3 896/1/3
f 897/1/4 898/1/4 899/1/4 900/1/4
f 901/1/5 902/1/5 903/1/5 904/1/5
f 905/13/1 906/13/1 907/13/1 908/13/1
f 909/13/3 910/13/3 911/13/3 912/13/3
f 913/13/4 914/13/4 915/13/4 916/13/4
f 917/4/3 918/4/3 919/4/3 920/4/3
f 921/4/4 922/4/4 923/4/4 924/4/4
f 925/10/3 926/10/3 927/10/3 928/10/3
f 929/10/4 930/10/4 931/10/4 932/10/4
f 933/10/3 934/10/3 935/10/3 936/10/3
f 937/10/4 938/10/4 939/10/4 940/10/4
f 941/5/3 942/5/3 943/5/3 944/5/3
f 945/5/4 946/5/4 947/5/4 948/5/4
f 949/5/3 950/5/3 951/5/3 952/5/3
f 953/5/4 954/5/4 955/5/4 956/5/4
f 957/5/3 958/5/3 959/5/3 960/5/3
f 961/5/4 962/5/4 963/5/4 964/5/4
f 965/5/3 966/5/3 967/5/3 968/5/3
f 969/5/4 970/5/4 971/5/4 972/5/4
f 973/5/3 974/5/3 975/5/3 976/5/3
f 977/5/4 978/5/4 979/5/4 980/5/4
f 981/5/3 982/5/3 983/5/3 984/5/3
f 985/5/4 986/5/4 987/5/4 988/5/4
f 989/13/3 990/13/3 991/13/3 992/13/3
f 993/13/4 994/13/4 995/13/4 996/13/4
f 997/10/3 998/10/3 999/10/3 1000/10/3
f 1001/10/4 1002/10/4 1003/10/4 1004/10/4
f 1005/4/3 1006/4/3 1007/4/3 1008/4/3
f 1009/4/4 1010/4/4 1011/4/4 1012/4/4
f 1013/13/2 1014/13/2 1015/13/2 1016/13/2
f 1017/13/3 1018/13/3 1019/13/3 1020/13/3
f 1021/13/4 1022/13/4 1023/13/4 1024/13/4
f 1025/1/1 1026/1/1 1027/1/1 1028/1/1
f 1029/1/3 1030/1/3 1031/1/3 1032/1/3
f 1033/1/4 1034/1/4 1035/1/4 1036/1/4
f 1037/1/5 1038/1/5 1039/1/5 1040/1/5
f 1041/1/3 1042/1/3 1043/1/3 1044/1/3
f 1045/1/4 1046/1/4 1047/1/4 1048/1/4
f 1049/1/3 1050/1/3 1051/1/3 1052/1/3
f 1053/1/4 1054/1/4 1055/1/4 1056/1/4
f 1057/1/3 1058/1/3 1059/1/3 1060/1/3
f 1061/1/4 1062/1/4 1063/1/4 1064/1/4
f 1065/1/3 1066/1/3 1067/1/3 1068/1/3
f 1069/1/4 1070/1/4 1071/1/4 1072/1/4
f 1073/1/5 1074/1/5 1075/1/5 1076/1/5
f 1077/1/3 1078/1/3 1079/1/3 1080/1/3
f 1081/1/4 1082/1/4 1083/1/4 1084/1/4
f 1085/1/3 1086/1/3 1087/1/3 1088/1/3
f 1089/1/4 1090/1/4 1091/1/4 1092/1/4
f 1093/1/3 1094/1/3 1095/1/3 1096/1/3
f 1097/1/4 1098/1/4 1099/1/4 1100/1/4
f 1101/1/2 1102/1/2 1103/1/2 1104/1/2
f 1105/1/3 1106/1/3 1107/1/3 1108/1/3
f 1109/1/4 1110/1/4 1111/1/4 1112/1/4
f 1113/1/6 1114/1/6 1115/1/6 1116/1/6
f 1117/10/1 1118/10/1 1119/10/1 1120/10/1
f 1121/10/3 1122/10/3 1123/10/3 1124/10/3
f 1125/10/4 1126/10/4 1127/10/4 1128/10/4
f 1129/10/6 1130/10/6 1131/10/6 1132/10/6
f 1133/11/3 1134/11/3 1135/11/3 1136/11/3
f 1137/11/4 1138/11/4 1139/11/4 1140/11/4
f 1141/13/3 1142/13/3 1143/13/3 1144/13/3
f 1145/13/4 1146/13/4 1147/13/4 1148/13/4
f 1149/13/3 1150/13/3 1151/13/3 1152/13/3
f 1153/13/4 1154/13/4 1155/13/4 1156/13/4
f 1157/4/3 1158/4/3 1159/4/3 1160/4/3
f 1161/4/4 1162/4/4 1163/4/4 1164/4/4
f 1165/10/3 1166/10/3 1167/10/3 1168/10/3
f 1169/10/4 1170/10/4 1171/10/4 1172/10/4
f 1173/5/3 1174/5/3 1175/5/3 1176/5/3
f 1177/5/4 1178/5/4 1179/5/4 1180/5/4
f 1181/5/3 1182/5/3 1183/5/3 1184/5/3
f 1185/5/4 1186/5/4 1187/5/4 1188/5/4
f 1189/5/3 1190/5/3 1191/5/3 1192/5/3
f 1193/5/4 1194/5/4 1195/5/4 1196/5/4
f 1197/4/3 1198/4/3 1199/4/3 1200/4/3
f 1201/4/4 1202/4/4 1203/4/4 1204/4/4
f 1205/4/3 1206/4/3 1207/4/3 1208/4/3
f 1209/4/4 1210/4/4 1211/4/4 1212/4/4
f 1213/5/3 1214/5/3 1215/5/3 1216/5/3
f 1217/5/4 1218/5/4 1219/5/4 1220/5/4
f 1221/13/3 1222/13/3 1223/13/3 1224/13/3
f 1225/13/4 1226/13/4 1227/13/4 1228/13/4
f 1229/4/3 1230/4/3 1231/4/3 1232/4/3
f 1233/4/4 1234/4/4 1235/4/4 1236/4/4
f 1237/13/2 1238/13/2 1239/13/2 1240/13/2
f 1241/13/3 1242/13/3 1243/13/3 1244/13/3
f 1245/13/4 1246/13/4 1247/13/4 1248/13/4
f 1249/9/1 1250/9/1 1251/9/1 1252/9/1
f 1253/9/2 1254/9/2 1255/9/2 1256/9/2
f 1257/9/3 1258/9/3 1259/9/3 1260/9/3
f 1261/9/4 1262/9/4 1263/9/4 1264/9/4
f 1265/9/5 1266/9/5 1267/9/5 1268/9/5
f 1269/9/6 1270/9/6 1271/9/6 1272/9/6
f 1273/1/1 1274/1/1 1275/1/1 1276/1/1
f 1277/1/3 1278/1/3 1279/1/3 1280/1/3
f 1281/1/4 1282/1/4 1283/1/4 1284/1/4
f 1285/1/3 1286/1/3 1287/1/3 1288/1/3
f 1289/1/4 1290/1/4 1291/1/4 1292/1/4
f 1293/1/2 1294/1/2 1295/1/2 1296/1/2
f 1297/1/3 1298/1/3 1299/1/3 1300/1/3
f 1301/1/4 1302/1/4 1303/1/4 1304/1/4
f 1305/1/5 1306/1/5 1307/1/5 1308/1/5
f 1309/10/1 1310/10/1 1311/10/1 1312/10/1
f 1313/10/2 1314/10/2 1315/10/2 1316/10/2
f 1317/10/3 1318/10/3 1319/10/3 1320/10/3
f 1321/10/4 1322/10/4 1323/10/4 1324/10/4
f 1325/10/6 1326/10/6 1327/10/6 1328/10/6
f 1329/1/1 1330/1/1 1331/1/1 1332/1/1
f 1333/1/3 1334/1/3 1335/1/3 1336/1/3
f 1337/1/4 1338/1/4 1339/1/4 1340/1/4
f 1341/1/3 1342/1/3 1343/1/3 1344/1/3
f 1345/1/4 1346/1/4 1347/1/4 1348/1/4
f 1349/1/5 1350/1/5 1351/1/5 1352/1/5
f 1353/1/3 1354/1/3 1355/1/3 1356/1/3
f 1357/1/4 1358/1/4 1359/1/4 1360/1/4
f 1361/1/2 1362/1/2 1363/1/2 1364/1/2
f 1365/1/3 1366/1/3 1367/1/3 1368/1/3
f 1369/1/4 1370/1/4 1371/1/4 1372/1/4
f 1373/10/1 1374/10/1 1375/10/1 1376/10/1
f 1377/10/3 1378/10/3 1379/10/3 1380/10/3
f 1381/10/4 1382/10/4 1383/10/4 1384/10/4
f 1385/13/3 1386/13/3 1387/13/3 1388/13/3
f 1389/13/4 1390/13/4 1391/13/4 1392/13/4
f 1393/11/3 1394/11/3 1395/11/3 1396/11/3
f 1397/11/4 1398/11/4 1399/11/4 1400/11/4
f 1401/11/3 1402/11/3 1403/11/3 1404/11/3
f 1405/11/4 1406/11/4 1407/11/4 1408/11/4
f 1409/13/3 1410/13/3 1411/13/3 1412/13/3
f 1413/13/4 1414/13/4 1415/13/4 1416/13/4
f 1417/11/3 1418/11/3 1419/11/3 1420/11/3
f 1421/11/4 1422/11/4 1423/11/4 1424/11/4
f 1425/4/3 1426/4/3 1427/4/3 1428/4/3
f 1429/4/4 1430/4/4 1431/4/4 1432/4/4
f 1433/4/3 1434/4/3 1435/4/3 1436/4/3
f 1437/4/4 1438/4/4 1439/4/4 1440/4/4
f 1441/4/3 1442/4/3 1443/4/3 1444/4/3
f 1445/4/4 1446/4/4 1447/4/4 1448/4/4
f 1449/11/3 1450/11/3 1451/11/3 1452/11/3
f 1453/11/4 1454/11/4 1455/11/4 1456/11/4
f 1457/10/3 1458/10/3 1459/10/3 1460/10/3
f 1461/10/4 1462/10/4 1463/10/4 1464/10/4
f 1465/5/3 1466/5/3 1467/5/3 1468/5/3
f 1469/5/4 1470/5/4 1471/5/4 1472/5/4
f 1473/5/3 1474/5/3 1475/5/3 1476/5/3
f 1477/5/4 1478/5/4 1479/5/4 1480/5/4
f 1481/10/3 1482/10/3 1483/10/3 1484/10/3
f 1485/10/4 1486/10/4 1487/10/4 1488/10/4
f 1489/4/2 1490/4/2 1491/4/2 1492/4/2
f 1493/4/3 1494/4/3 1495/4/3 1496/4/3
f 1497/4/4 1498/4/4 1499/4/4 1500/4/4
f 1501/1/1 1502/1/1 1503/1/1 1504/1/1
f 1505/1/3 1506/1/3 1507/1/3 1508/1/3
f 1509/1/4 1510/1/4 1511/1/4 1512/1/4
f 1513/1/6 1514/1/6 1515/1/6 1516/1/6
f 1517/1/3 1518/1/3 1519/1/3 1520/1/3
f 1521/1/4 1522/1/4 1523/1/4 1524/1/4
f 1525/1/2 1526/1/2 1527/1/2 1528/1/2
f 1529/1/3 1530/1/3 1531/1/3 1532/1/3
f 1533/1/4 1534/1/4 1535/1/4 1536/1/4
f 1537/10/1 1538/10/1 1539/10/1 1540/10/1
f 1541/10/3 1542/10/3 1543/10/3 1544/10/3
f 1545/10/4 1546/10/4 1547/10/4 1548/10/4
f 1549/10/6 1550/10/6 1551/10/6 1552/10/6
f 1553/4/2 1554/4/2 1555/4/2 1556/4/2
f 1557/4/3 1558/4/3 1559/4/3 1560/4/3
f 1561/4/4 1562/4/4 1563/4/4 1564/4/4
f 1565/1/1 1566/1/1 1567/1/1 1568/1/1
f 1569/1/2 1570/1/2 1571/1/2 1572/1/2
f 1573/1/3 1574/1/3 1575/1/3 1576/1/3
f 1577/1/4 1578/1/4 1579/1/4 1580/1/4
f 1581/10/1 1582/10/1 1583/10/1 1584/10/1
f 1585/10/2 1586/10/2 1587/10/2 1588/10/2
f 1589/10/3 1590/10/3 1591/10/3 1592/10/3
f 1593/10/4 1594/10/4 1595/10/4 1596/10/4
f 1597/10/6 1598/10/6 1599/10/6 1600/10/6
f 1601/1/1 1602/1/1 1603/1/1 1604/1/1
f 1605/1/3 1606/1/3 1607/1/3 1608/1/3
f 1609/1/4 1610/1/4 1611/1/4 1612/1/4
f 1613/1/2 1614/1/2 1615/1/2 1616/1/2
f 1617/1/3 1618/1/3 1619/1/3 1620/1/3
f 1621/1/4 1622/1/4 1623/1/4 1624/1/4
f 1625/10/1 1626/10/1 1627/10/1 1628/10/1
f 1629/10/3 1630/10/3 1631/10/3 1632/10/3
f 1633/10/4 1634/10/4 1635/10/4 1636/10/4
f 1637/13/3 1638/13/3 1639/13/3 1640/13/3
f 1641/13/4 1642/13/4 1643/13/4 1644/13/4
f 1645/5/3 1646/5/3 1647/5/3 1648/5/3
f 1649/5/4 1650/5/4 1651/5/4 1652/5/4
f 1653/13/3 1654/13/3 1655/13/3 1656/13/3
f 1657/13/4 1658/13/4 1659/13/4 1660/13/4
f 1661/4/3 1662/4/3 1663/4/3 1664/4/3
f 1665/4/4 1666/4/4 1667/4/4 1668/4/4
f 1669/11/3 1670/11/3 1671/11/3 1672/11/3
f 1673/11/4 1674/11/4 1675/11/4 1676/11/4
f 1677/11/3 1678/11/3 1679/11/3 1680/11/3
f 1681/11/4 1682/11/4 1683/11/4 1684/11/4
f 1685/5/3 1686/5/3 1687/5/3 1688/5/3
f 1689/5/4 1690/5/4 1691/5/4 1692/5/4
f 1693/13/3 1694/13/3 1695/13/3 1696/13/3
f 1697/13/4 1698/13/4 1699/13/4 1700/13/4
f 1701/10/3 1702/10/3 1703/10/3 1704/10/3
f 1705/10/4 1706/10/4 1707/10/4 1708/10/4
f 1709/4/3 1710/4/3 1711/4/3 1712/4/3
f 1713/4/4 1714/4/4 1715/4/4 1716/4/4
f 1717/5/3 1718/5/3 1719/5/3 1720/5/3
f 1721/5/4 1722/5/4 1723/5/4 1724/5/4
f 1725/10/3 1726/10/3 1727/10/3 1728/10/3
f 1729/10/4 1730/10/4 1731/10/4 1732/10/4
f 1733/10/3 1734/10/3 1735/10/3 1736/10/3
f 1737/10/4 1738/10/4 1739/10/4 1740/10/4
f 1741/11/2 1742/11/2 1743/11/2 1744/11/2
f 1745/11/3 1746/11/3 1747/11/3 1748/11/3
f 1749/11/4 1750/11/4 1751/11/4 1752/11/4
f 1753/1/1 1754/1/1 1755/1/1 1756/1/1
f 1757/1/3 1758/1/3 1759/1/3 1760/1/3
f 1761/1/4 1762/1/4 1763/1/4 1764/1/4
f 1765/1/3 1766/1/3 1767/1/3 1768/1/3
f 1769/1/4 1770/1/4 1771/1/4 1772/1/4
f 1773/1/2 1774/1/2 1775/1/2 1776/1/2
f 1777/1/3 1778/1/3 1779/1/3 1780/1/3
f 1781/1/4 1782/1/4 1783/1/4 1784/1/4
f 1785/1/5 1786/1/5 1787/1/5 1788/1/5
f 1789/4/1 1790/4/1 1791/4/1 1792/4/1
f 1793/4/3 1794/4/3 1795/4/3 1796/4/3
f 1797/4/4 1798/4/4 1799/4/4 1800/4/4
f 1801/13/2 1802/13/2 1803/13/2 1804/13/2
f 1805/13/3 1806/13/3 1807/13/3 1808/13/3
f 1809/13/4 1810/13/4 1811/13/4 1812/13/4
f 1813/1/1 1814/1/1 1815/1/1 1816/1/1
f 1817/1/2 1818/1/2 1819/1/2 1820/1/2
f 1821/1/3 1822/1/3 1823/1/3 1824/1/3
f 1825/1/4 1826/1/4 1827/1/4 1828/1/4
f 1829/1/5 1830/1/5 1831/1/5 1832/1/5
f 1833/10/1 1834/10/1 1835/10/1 1836/10/1
f 1837/10/2 1838/10/2 1839/10/2 1840/10/2
f 1841/10/3 1842/10/3 1843/10/3 1844/10/3
f 1845/10/4 1846/10/4 1847/10/4 1848/10/4
f 1849/1/1 1850/1/1 1851/1/1 1852/1/1
f 1853/1/3 1854/1/3 1855/1/3 1856/1/3
f 1857/1/4 1858/1/4 1859/1/4 1860/1/4
f 1861/1/5 1862/1/5 1863/1/5 1864/1/5
f 1865/1/2 1866/1/2 1867/1/2 1868/1/2
f 1869/1/3 1870/1/3 1871/1/3 1872/1/3
f 1873/1/4 1874/1/4 1875/1/4 1876/1/4
f 1877/10/1 1878/10/1 1879/10/1 1880/10/1
f 1881/10/3 1882/10/3 1883/10/3 1884/10/3
f 1885/10/4 1886/10/4 1887/10/4 1888/10/4
f 1889/4/3 1890/4/3 1891/4/3 1892/4/3
f 1893/4/4 1894/4/4 1895/4/4 1896/4/4
f 1897/11/3 1898/11/3 1899/11/3 1900/11/3
f 1901/11/4 1902/11/4 1903/11/4 1904/11/4
f 1905/4/3 1906/4/3 1907/4/3 1908/4/3
f 1909/4/4 1910/4/4 1911/4/4 1912/4/4
f 1913/11/3 1914/11/3 1915/11/3 1916/11/3
f 1917/11/4 1918/11/4 1919/11/4 1920/11/4
f 1921/5/3 1922/5/3 1923/5/3 1924/5/3
f 1925/5/4 1926/5/4 1927/5/4 1928/5/4
f 1929/11/3 1930/11/3 1931/11/3 1932/11/3
f 1933/11/4 1934/11/4 1935/11/4 1936/11/4
f 1937/10/3 1938/10/3 1939/10/3 1940/10/3
f 1941/10/4 1942/10/4 1943/10/4 1944/10/4
f 1945/10/3 1946/10/3 1947/10/3 1948/10/3
f 1949/10/4 1950/10/4 1951/10/4 1952/10/4
f 1953/4/3 1954/4/3 1955/4/3 1956/4/3
f 1957/4/4 1958/4/4 1959/4/4 1960/4/4
f 1961/13/3 1962/13/3 1963/13/3 1964/13/3
f 1965/13/4 1966/13/4 1967/13/4 1968/13/4
f 1969/11/3 1970/11/3 1971/11/3 1972/11/3
f 1973/11/4 1974/11/4 1975/11/4 1976/11/4
f 1977/10/3 1978/10/3 1979/10/3 1980/10/3
f 1981/10/4 1982/10/4 1983/10/4 1984/10/4
f 1985/13/3 1986/13/3 1987/13/3 1988/13/3
f 1989/13/4 1990/13/4 1991/13/4 1992/13/4
f 1993/11/2 1994/11/2 1995/11/2 1996/11/2
f 1997/11/3 1998/11/3 1999/11/3 2000/11/3
f 2001/11/4 2002/11/4 2003/11/4 2004/11/4
f 2005/1/1 2006/1/1 2007/1/1 2008/1/1
f 2009/1/3 2010/1/3 2011/1/3 2012/1/3
f 2013/1/4 2014/1/4 2015/1/4 2016/1/4
f 2017/1/2 2018/1/2 2019/1/2 2020/1/2
f 2021/1/3 2022/1/3 2023/1/3 2024/1/3
f 2025/1/4 2026/1/4 2027/1/4 2028/1/4
f 2029/1/5 2030/1/5 2031/1/5 2032/1/5
f 2033/10/1 2034/10/1 2035/10/1 2036/10/1
f 2037/10/3 2038/10/3 2039/10/3 2040/10/3
f 2041/10/4 2042/10/4 2043/10/4 2044/10/4
f 2045/10/6 2046/10/6 2047/10/6 2048/10/6
f 2049/13/3 2050/13/3 2051/13/3 2052/13/3
f 2053/13/4 2054/13/4 2055/13/4 2056/13/4
f 2057/11/3 2058/11/3 2059/11/3 2060/11/3
f 2061/11/4 2062/11/4 2063/11/4 2064/11/4
f 2065/10/3 2066/10/3 2067/10/3 2068/10/3
f 2069/10/4 2070/10/4 2071/10/4 2072/10/4
f 2073/10/6 2074/10/6 2075/10/6 2076/10/6
f 2077/4/3 2078/4/3 2079/4/3 2080/4/3
f 2081/4/4 2082/4/4 2083/4/4 2084/4/4
f 2085/10/2 2086/10/2 2087/10/2 2088/10/2
f 2089/10/3 2090/10/3 2091/10/3 2092/10/3
f 2093/10/4 2094/10/4 2095/10/4 2096/10/4
f 2097/10/6 2098/10/6 2099/10/6 2100/10/6
f 2101/1/1 2102/1/1 2103/1/1 2104/1/1
f 2105/1/2 2106/1/2 2107/1/2 2108/1/2
f 2109/1/3 2110/1/3 2111/1/3 2112/1/3
f 2113/1/4 2114/1/4 2115/1/4 2116/1/4
f 2117/1/5 2118/1/5 2119/1/5 2120/1/5
f 2121/10/1 2122/10/1 2123/10/1 2124/10/1
f 2125/10/3 2126/10/3 2127/10/3 2128/10/3
f 2129/10/4 2130/10/4 2131/10/4 2132/10/4
f 2133/13/3 2134/13/3 2135/13/3 2136/13/3
f 2137/13/4 2138/13/4 2139/13/4 2140/13/4
f 2141/11/3 2142/11/3 2143/11/3 2144/11/3
f 2145/11/4 2146/11/4 2147/11/4 2148/11/4
f 2149/13/3 2150/13/3 2151/13/3 2152/13/3
f 2153/13/4 2154/13/4 2155/13/4 2156/13/4
f 2157/11/3 2158/11/3 2159/11/3 2160/11/3
f 2161/11/4 2162/11/4 2163/11/4 2164/11/4
f 2165/5/3 2166/5/3 2167/5/3 2168/5/3
f 2169/5/4 2170/5/4 2171/5/4 2172/5/4
f 2173/10/3 2174/10/3 2175/10/3 2176/10/3
f 2177/10/4 2178/10/4 2179/10/4 2180/10/4
f 2181/11/3 2182/11/3 2183/11/3 2184/11/3
f 2185/11/4 2186/11/4 2187/11/4 2188/11/4
f 2189/10/3 2190/10/3 2191/10/3 2192/10/3
f 2193/10/4 2194/10/4 2195/10/4 2196/10/4
f 2197/13/3 2198/13/3 2199/13/3 2200/13/3
f 2201/13/4 2202/13/4 2203/13/4 2204/13/4
f 2205/11/3 2206/11/3 2207/11/3 2208/11/3
f 2209/11/4 2210/11/4 2211/11/4 2212/11/4
f 2213/10/3 2214/10/3 2215/10/3 2216/10/3
f 2217/10/4 2218/10/4 2219/10/4 2220/10/4
f 2221/4/3 2222/4/3 2223/4/3 2224/4/3
f 2225/4/4 2226/4/4 2227/4/4 2228/4/4
f 2229/10/3 2230/10/3 2231/10/3 2232/10/3
f 2233/10/4 2234/10/4 2235/10/4 2236/10/4
f 2237/5/2 2238/5/2 2239/5/2 2240/5/2
f 2241/5/3 2242/5/3 2243/5/3 2244/5/3
f 2245/5/4 2246/5/4 2247/5/4 2248/5/4
f 2249/1/1 2250/1/1 2251/1/1 2252/1/1
f 2253/1/2 2254/1/2 2255/1/2 2256/1/2
f 2257/1/3 2258/1/3 2259/1/3 2260/1/3
f 2261/1/4 2262/1/4 2263/1/4 2264/1/4
f 2265/1/5 2266/1/5 2267/1/5 2268/1/5
f 2269/7/1 2270/7/1 2271/7/1 2272/7/1
f 2273/7/3 2274/7/3 2275/7/3 2276/7/3
f 2277/7/4 2278/7/4 2279/7/4 2280/7/4
f 2281/7/6 2282/7/6 2283/7/6 2284/7/6
f 2285/2/3 2286/2/3 2287/2/3 2288/2/3
f 2289/2/4 2290/2/4 2291/2/4 2292/2/4
f 2293/2/3 2294/2/3 2295/2/3 2296/2/3
f 2297/2/4 2298/2/4 2299/2/4 2300/2/4
f 2301/3/3 2302/3/3 2303/3/3 2304/3/3
f 2305/3/4 2306/3/4 2307/3/4 2308/3/4
f 2309/3/3 2310/3/3 2311/3/3 2312/3/3
f 2313/3/4 2314/3/4 2315/3/4 2316/3/4
f 2317/2/3 2318/2/3 2319/2/3 2320/2/3
f 2321/2/4 2322/2/4 2323/2/4 2324/2/4
f 2325/2/3 2326/2/3 2327/2/3 2328/2/3
f 2329/2/4 2330/2/4 2331/2/4 2332/2/4
f 2333/7/3 2334/7/3 2335/7/3 2336/7/3
f 2337/7/4 2338/7/4 2339/7/4 2340/7/4
f 2341/7/6 2342/7/6 2343/7/6 2344/7/6
f 2345/10/3 2346/10/3 2347/10/3 2348/10/3
f 2349/10/4 2350/10/4 2351/10/4 2352/10/4
f 2353/11/3 2354/11/3 2355/11/3 2356/11/3
f 2357/11/4 2358/11/4 2359/11/4 2360/11/4
f 2361/13/3 2362/13/3 2363/13/3 2364/13/3
f 2365/13/4 2366/13/4 2367/13/4 2368/13/4
f 2369/11/3 2370/11/3 2371/11/3 2372/11/3
f 2373/11/4 2374/11/4 2375/11/4 2376/11/4
f 2377/13/3 2378/13/3 2379/13/3 2380/13/3
f 2381/13/4 2382/13/4 2383/13/4 2384/13/4
f 2385/5/3 2386/5/3 2387/5/3 2388/5/3
f 2389/5/4 2390/5/4 2391/5/4 2392/5/4
f 2393/10/3 2394/10/3 2395/10/3 2396/10/3
f 2397/10/4 2398/10/4 2399/10/4 2400/10/4
f 2401/7/3 2402/7/3 2403/7/3 2404/7/3
f 2405/7/4 2406/7/4 2407/7/4 2408/7/4
f 2409/2/3 2410/2/3 2411/2/3 2412/2/3
f 2413/2/4 2414/2/4 2415/2/4 2416/2/4
f 2417/2/3 2418/2/3 2419/2/3 2420/2/3
f 2421/2/4 2422/2/4 2423/2/4 2424/2/4
f 2425/3/3 2426/3/3 2427/3/3 2428/3/3
f 2429/3/4 2430/3/4 2431/3/4 2432/3/4
f 2433/3/3 2434/3/3 2435/3/3 2436/3/3
f 2437/3/4 2438/3/4 2439/3/4 2440/3/4
f 2441/2/3 2442/2/3 2443/2/3 2444/2/3
f 2445/2/4 2446/2/4 2447/2/4 2448/2/4
f 2449/2/3 2450/2/3 2451/2/3 2452/2/3
f 2453/2/4 2454/2/4 2455/2/4 2456/2/4
f 2457/2/2 2458/2/2 2459/2/2 2460/2/2
f 2461/2/3 2462/2/3 2463/2/3 2464/2/3
f 2465/2/4 2466/2/4 2467/2/4 2468/2/4
f 2469/7/1 2470/7/1 2471/7/1 2472/7/1
f 2473/7/3 2474/7/3 2475/7/3 2476/7/3
f 2477/7/4 2478/7/4 2479/7/4 2480/7/4
f 2481/7/6 2482/7/6 2483/7/6 2484/7/6
f 2485/7/3 2486/7/3 2487/7/3 2488/7/3
f 2489/7/4 2490/7/4 2491/7/4 2492/7/4
f 2493/3/3 2494/3/3 2495/3/3 2496/3/3
f 2497/3/4 2498/3/4 2499/3/4 2500/3/4
f 2501/6/3 2502/6/3 2503/6/3 2504/6/3
f 2505/6/4 2506/6/4 2507/6/4 2508/6/4
f 2509/8/3 2510/8/3 2511/8/3 2512/8/3
f 2513/8/4 2514/8/4 2515/8/4 2516/8/4
f 2517/4/3 2518/4/3 2519/4/3 2520/4/3
f 2521/4/4 2522/4/4 2523/4/4 2524/4/4
f 2525/8/3 2526/8/3 2527/8/3 2528/8/3
f 2529/8/4 2530/8/4 2531/8/4 2532/8/4
f 2533/4/3 2534/4/3 2535/4/3 2536/4/3
f 2537/4/4 2538/4/4 2539/4/4 2540/4/4
f 2541/7/3 2542/7/3 2543/7/3 2544/7/3
f 2545/7/4 2546/7/4 2547/7/4 2548/7/4
f 2549/2/3 2550/2/3 2551/2/3 2552/2/3
f 2553/2/4 2554/2/4 2555/2/4 2556/2/4
f 2557/2/3 2558/2/3 2559/2/3 2560/2/3
f 2561/2/4 2562/2/4 2563/2/4 2564/2/4
f 2565/3/3 2566/3/3 2567/3/3 2568/3/3
f 2569/3/4 2570/3/4 2571/3/4 2572/3/4
f 2573/3/3 2574/3/3 2575/3/3 2576/3/3
f 2577/3/4 2578/3/4 2579/3/4 2580/3/4
f 2581/2/3 2582/2/3 2583/2/3 2584/2/3
f 2585/2/4 2586/2/4 2587/2/4 2588/2/4
f 2589/2/3 2590/2/3 2591/2/3 2592/2/3
f 2593/2/4 2594/2/4 2595/2/4 2596/2/4
f 2597/7/3 2598/7/3 2599/7/3 2600/7/3
f 2601/7/4 2602/7/4 2603/7/4 2604/7/4
f 2605/7/3 2606/7/3 2607/7/3 2608/7/3
f 2609/7/4 2610/7/4 2611/7/4 2612/7/4
f 2613/3/3 2614/3/3 2615/3/3 2616/3/3
f 2617/3/4 2618/3/4 2619/3/4 2620/3/4
f 2621/6/3 2622/6/3 2623/6/3 2624/6/3
f 2625/6/4 2626/6/4 2627/6/4 2628/6/4
f 2629/8/3 2630/8/3 2631/8/3 2632/8/3
f 2633/8/4 2634/8/4 2635/8/4 2636/8/4
f 2637/4/3 2638/4/3 2639/4/3 2640/4/3
f 2641/4/4 2642/4/4 2643/4/4 2644/4/4
f 2645/8/3 2646/8/3 2647/8/3 2648/8/3
f 2649/8/4 2650/8/4 2651/8/4 2652/8/4
f 2653/4/3 2654/4/3 2655/4/3 2656/4/3
f 2657/4/4 2658/4/4 2659/4/4 2660/4/4
f 2661/2/2 2662/2/2 2663/2/2 2664/2/2
f 2665/2/3 2666/2/3 2667/2/3 2668/2/3
f 2669/2/4 2670/2/4 2671/2/4 2672/2/4
f 2673/7/1 2674/7/1 2675/7/1 2676/7/1
f 2677/7/3 2678/7/3 2679/7/3 2680/7/3
f 2681/7/4 2682/7/4 2683/7/4 2684/7/4
f 2685/2/3 2686/2/3 2687/2/3 2688/2/3
f 2689/2/4 2690/2/4 2691/2/4 2692/2/4
f 2693/3/3 2694/3/3 2695/3/3 2696/3/3
f 2697/3/4 2698/3/4 2699/3/4 2700/3/4
f 2701/2/3 2702/2/3 2703/2/3 2704/2/3
f 2705/2/4 2706/2/4 2707/2/4 2708/2/4
f 2709/3/3 2710/3/3 2711/3/3 2712/3/3
f 2713/3/4 2714/3/4 2715/3/4 2716/3/4
f 2717/3/3 2718/3/3 2719/3/3 2720/3/3
f 2721/3/4 2722/3/4 2723/3/4 2724/3/4
f 2725/2/3 2726/2/3 2727/2/3 2728/2/3
f 2729/2/4 2730/2/4 2731/2/4 2732/2/4
f 2733/3/3 2734/3/3 2735/3/3 2736/3/3
f 2737/3/4 2738/3/4 2739/3/4 2740/3/4
f 2741/7/3 2742/7/3 2743/7/3 2744/7/3
f 2745/7/4 2746/7/4 2747/7/4 2748/7/4
f 2749/3/3 2750/3/3 2751/3/3 2752/3/3
f 2753/3/4 2754/3/4 2755/3/4 2756/3/4
f 2757/6/3 2758/6/3 2759/6/3 2760/6/3
f 2761/6/4 2762/6/4 2763/6/4 2764/6/4
f 2765/8/3 2766/8/3 2767/8/3 2768/8/3
f 2769/8/4 2770/8/4 2771/8/4 2772/8/4
f 2773/4/3 2774/4/3 2775/4/3 2776/4/3
f 2777/4/4 2778/4/4 2779/4/4 2780/4/4
f 2781/8/3 2782/8/3 2783/8/3 2784/8/3
f 2785/8/4 2786/8/4 2787/8/4 2788/8/4
f 2789/4/3 2790/4/3 2791/4/3 2792/4/3
f 2793/4/4 2794/4/4 2795/4/4 2796/4/4
f 2797/3/3 2798/3/3 2799/3/3 2800/3/3
f 2801/3/4 2802/3/4 2803/3/4 2804/3/4
f 2805/7/3 2806/7/3 2807/7/3 2808/7/3
f 2809/7/4 2810/7/4 2811/7/4 2812/7/4
f 2813/3/3 2814/3/3 2815/3/3 2816/3/3
f 2817/3/4 2818/3/4 2819/3/4 2820/3/4
f 2821/2/3 2822/2/3 2823/2/3 2824/2/3
f 2825/2/4 2826/2/4 2827/2/4 2828/2/4
f 2829/3/3 2830/3/3 2831/3/3 2832/3/3
f 2833/3/4 2834/3/4 2835/3/4 2836/3/4
f 2837/3/3 2838/3/3 2839/3/3 2840/3/3
f 2841/3/4 2842/3/4 2843/3/4 2844/3/4
f 2845/2/3 2846/2/3 2847/2/3 2848/2/3
f 2849/2/4 2850/2/4 2851/2/4 2852/2/4
f 2853/3/3 2854/3/3 2855/3/3 2856/3/3
f 2857/3/4 2858/3/4 2859/3/4 2860/3/4
f 2861/5/2 2862/5/2 2863/5/2 2864/5/2
f 2865/5/3 2866/5/3 2867/5/3 2868/5/3
f 2869/5/4 2870/5/4 2871/5/4 2872/5/4
f 2873/3/1 2874/3/1 2875/3/1 2876/3/1
f 2877/3/3 2878/3/3 2879/3/3 2880/3/3
f 2881/3/4 2882/3/4 2883/3/4 2884/3/4
f 2885/7/3 2886/7/3 2887/7/3 2888/7/3
f 2889/7/4 2890/7/4 2891/7/4 2892/7/4
f 2893/3/3 2894/3/3 2895/3/3 2896/3/3
f 2897/3/4 2898/3/4 2899/3/4 2900/3/4
f 2901/6/3 2902/6/3 2903/6/3 2904/6/3
f 2905/6/4 2906/6/4 2907/6/4 2908/6/4
f 2909/8/3 2910/8/3 2911/8/3 2912/8/3
f 2913/8/4 2914/8/4 2915/8/4 2916/8/4
f 2917/4/3 2918/4/3 2919/4/3 2920/4/3
f 2921/4/4 2922/4/4 2923/4/4 2924/4/4
f 2925/8/3 2926/8/3 2927/8/3 2928/8/3
f 2929/8/4 2930/8/4 2931/8/4 2932/8/4
f 2933/4/3 2934/4/3 2935/4/3 2936/4/3
f 2937/4/4 2938/4/4 2939/4/4 2940/4/4
f 2941/7/3 2942/7/3 2943/7/3 2944/7/3
f 2945/7/4 2946/7/4 2947/7/4 2948/7/4
f 2949/3/3 2950/3/3 2951/3/3 2952/3/3
f 2953/3/4 2954/3/4 2955/3/4 2956/3/4
f 2957/2/3 2958/2/3 2959/2/3 2960/2/3
f 2961/2/4 2962/2/4 2963/2/4 2964/2/4
f 2965/3/3 2966/3/3 2967/3/3 2968/3/3
f 2969/3/4 2970/3/4 2971/3/4 2972/3/4
f 2973/3/3 2974/3/3 2975/3/3 2976/3/3
f 2977/3/4 2978/3/4 2979/3/4 2980/3/4
f 2981/2/3 2982/2/3 2983/2/3 2984/2/3
f 2985/2/4 2986/2/4 2987/2/4 2988/2/4
f 2989/3/3 2990/3/3 2991/3/3 2992/3/3
f 2993/3/4 2994/3/4 2995/3/4 2996/3/4
f 2997/2/3 2998/2/3 2999/2/3 3000/2/3
f 3001/2/4 3002/2/4 3003/2/4 3004/2/4
f 3005/7/3 3006/7/3 3007/7/3 3008/7/3
f 3009/7/4 3010/7/4 3011/7/4 3012/7/4
f 3013/3/3 3014/3/3 3015/3/3 3016/3/3
f 3017/3/4 3018/3/4 3019/3/4 3020/3/4
f 3021/6/3 3022/6/3 3023/6/3 3024/6/3
f 3025/6/4 3026/6/4 3027/6/4 3028/6/4
f 3029/8/3 3030/8/3 3031/8/3 3032/8/3
f 3033/8/4 3034/8/4 3035/8/4 3036/8/4
f 3037/4/3 3038/4/3 3039/4/3 3040/4/3
f 3041/4/4 3042/4/4 3043/4/4 3044/4/4
f 3045/8/3 3046/8/3 3047/8/3 3048/8/3
f 3049/8/4 3050/8/4 3051/8/4 3052/8/4
f 3053/4/3 3054/4/3 3055/4/3 3056/4/3
f 3057/4/4 3058/4/4 3059/4/4 3060/4/4
f 3061/5/2 3062/5/2 3063/5/2 3064/5/2
f 3065/5/3 3066/5/3 3067/5/3 3068/5/3
f 3069/5/4 3070/5/4 3071/5/4 3072/5/4
f 3073/2/1 3074/2/1 3075/2/1 3076/2/1
f 3077/2/3 3078/2/3 3079/2/3 3080/2/3
f 3081/2/4 3082/2/4 3083/2/4 3084/2/4
f 3085/7/3 3086/7/3 3087/7/3 3088/7/3
f 3089/7/4 3090/7/4 3091/7/4 3092/7/4
f 3093/2/3 3094/2/3 3095/2/3 3096/2/3
f 3097/2/4 3098/2/4 3099/2/4 3100/2/4
f 3101/3/3 3102/3/3 3103/3/3 3104/3/3
f 3105/3/4 3106/3/4 3107/3/4 3108/3/4
f 3109/2/3 3110/2/3 3111/2/3 3112/2/3
f 3113/2/4 3114/2/4 3115/2/4 3116/2/4
f 3117/3/3 3118/3/3 3119/3/3 3120/3/3
f 3121/3/4 3122/3/4 3123/3/4 3124/3/4
f 3125/2/3 3126/2/3 3127/2/3 3128/2/3
f 3129/2/4 3130/2/4 3131/2/4 3132/2/4
f 3133/3/3 3134/3/3 3135/3/3 3136/3/3
f 3137/3/4 3138/3/4 3139/3/4 3140/3/4
f 3141/7/3 3142/7/3 3143/7/3 3144/7/3
f 3145/7/4 3146/7/4 3147/7/4 3148/7/4
f 3149/3/3 3150/3/3 3151/3/3 3152/3/3
f 3153/3/4 3154/3/4 3155/3/4 3156/3/4
f 3157/6/3 3158/6/3 3159/6/3 3160/6/3
f 3161/6/4 3162/6/4 3163/6/4 3164/6/4
f 3165/8/3 3166/8/3 3167/8/3 3168/8/3
f 3169/8/4 3170/8/4 3171/8/4 3172/8/4
f 3173/4/3 3174/4/3 3175/4/3 3176/4/3
f 3177/4/4 3178/4/4 3179/4/4 3180/4/4
f 3181/8/3 3182/8/3 3183/8/3 3184/8/3
f 3185/8/4 3186/8/4 3187/8/4 3188/8/4
f 3189/4/3 3190/4/3 3191/4/3 3192/4/3
f 3193/4/4 3194/4/4 3195/4/4 3196/4/4
f 3197/3/3 3198/3/3 3199/3/3 3200/3/3
f 3201/3/4 3202/3/4 3203/3/4 3204/3/4
f 3205/7/3 3206/7/3 3207/7/3 3208/7/3
f 3209/7/4 3210/7/4 3211/7/4 3212/7/4
f 3213/2/3 3214/2/3 3215/2/3 3216/2/3
f 3217/2/4 3218/2/4 3219/2/4 3220/2/4
f 3221/3/3 3222/3/3 3223/3/3 3224/3/3
f 3225/3/4 3226/3/4 3227/3/4 3228/3/4
f 3229/2/3 3230/2/3 3231/2/3 3232/2/3
f 3233/2/4 3234/2/4 3235/2/4 3236/2/4
f 3237/3/3 3238/3/3 3239/3/3 3240/3/3
f 3241/3/4 3242/3/4 3243/3/4 3244/3/4
f 3245/2/3 3246/2/3 3247/2/3 3248/2/3
f 3249/2/4 3250/2/4 3251/2/4 3252/2/4
f 3253/3/3 3254/3/3 3255/3/3 3256/3/3
f 3257/3/4 3258/3/4 3259/3/4 3260/3/4
f 3261/2/2 3262/2/2 3263/2/2 3264/2/2
f 3265/2/3 3266/2/3 3267/2/3 3268/2/3
f 3269/2/4 3270/2/4 3271/2/4 3272/2/4
f 3273/7/1 3274/7/1 3275/7/1 3276/7/1
f 3277/7/3 3278/7/3 3279/7/3 3280/7/3
f 3281/7/4 3282/7/4 3283/7/4 3284/7/4
f 3285/7/3 3286/7/3 3287/7/3 3288/7/3
f 3289/7/4 3290/7/4 3291/7/4 3292/7/4
f 3293/7/5 3294/7/5 3295/7/5 3296/7/5
f 3297/3/3 3298/3/3 3299/3/3 3300/3/3
f 3301/3/4 3302/3/4 3303/3/4 3304/3/4
f 3305/6/3 3306/6/3 3307/6/3 3308/6/3
f 3309/6/4 3310/6/4 3311/6/4 3312/6/4
f 3313/4/3 3314/4/3 3315/4/3 3316/4/3
f 3317/4/4 3318/4/4 3319/4/4 3320/4/4
f 3321/6/3 3322/6/3 3323/6/3 3324/6/3
f 3325/6/4 3326/6/4 3327/6/4 3328/6/4
f 3329/4/3 3330/4/3 3331/4/3 3332/4/3
f 3333/4/4 3334/4/4 3335/4/4 3336/4/4
f 3337/8/3 3338/8/3 3339/8/3 3340/8/3
f 3341/8/4 3342/8/4 3343/8/4 3344/8/4
f 3345/7/3 3346/7/3 3347/7/3 3348/7/3
f 3349/7/4 3350/7/4 3351/7/4 3352/7/4
f 3353/7/5 3354/7/5 3355/7/5 3356/7/5
f 3357/2/3 3358/2/3 3359/2/3 3360/2/3
f 3361/2/4 3362/2/4 3363/2/4 3364/2/4
f 3365/3/3 3366/3/3 3367/3/3 3368/3/3
f 3369/3/4 3370/3/4 3371/3/4 3372/3/4
f 3373/2/3 3374/2/3 3375/2/3 3376/2/3
f 3377/2/4 3378/2/4 3379/2/4 3380/2/4
f 3381/3/3 3382/3/3 3383/3/3 3384/3/3
f 3385/3/4 3386/3/4 3387/3/4 3388/3/4
f 3389/2/3 3390/2/3 3391/2/3 3392/2/3
f 3393/2/4 3394/2/4 3395/2/4 3396/2/4
f 3397/3/3 3398/3/3 3399/3/3 3400/3/3
f 3401/3/4 3402/3/4 3403/3/4 3404/3/4
f 3405/2/3 3406/2/3 3407/2/3 3408/2/3
f 3409/2/4 3410/2/4 3411/2/4 3412/2/4
f 3413/7/3 3414/7/3 3415/7/3 3416/7/3
f 3417/7/4 3418/7/4 3419/7/4 3420/7/4
f 3421/3/3 3422/3/3 3423/3/3 3424/3/3
f 3425/3/4 3426/3/4 3427/3/4 3428/3/4
f 3429/6/3 3430/6/3 3431/6/3 3432/6/3
f 3433/6/4 3434/6/4 3435/6/4 3436/6/4
f 3437/4/3 3438/4/3 3439/4/3 3440/4/3
f 3441/4/4 3442/4/4 3443/4/4 3444/4/4
f 3445/6/3 3446/6/3 3447/6/3 3448/6/3
f 3449/6/4 3450/6/4 3451/6/4 3452/6/4
f 3453/4/3 3454/4/3 3455/4/3 3456/4/3
f 3457/4/4 3458/4/4 3459/4/4 3460/4/4
f 3461/8/3 3462/8/3 3463/8/3 3464/8/3
f 3465/8/4 3466/8/4 3467/8/4 3468/8/4
f 3469/2/2 3470/2/2 3471/2/2 3472/2/2
f 3473/2/3 3474/2/3 3475/2/3 3476/2/3
f 3477/2/4 3478/2/4 3479/2/4 3480/2/4
f 3481/7/1 3482/7/1 3483/7/1 3484/7/1
f 3485/7/2 3486/7/2 3487/7/2 3488/7/2
f 3489/7/3 3490/7/3 3491/7/3 3492/7/3
f 3493/7/4 3494/7/4 3495/7/4 3496/7/4
f 3497/7/5 3498/7/5 3499/7/5 3500/7/5
f 3501/1/1 3502/1/1 3503/1/1 3504/1/1
f 3505/1/2 3506/1/2 3507/1/2 3508/1/2
f 3509/1/3 3510/1/3 3511/1/3 3512/1/3
f 3513/1/4 3514/1/4 3515/1/4 3516/1/4
f 3517/1/6 3518/1/6 3519/1/6 3520/1/6
f 3521/4/1 3522/4/1 3523/4/1 3524/4/1
f 3525/4/3 3526/4/3 3527/4/3 3528/4/3
f 3529/4/4 3530/4/4 3531/4/4 3532/4/4
f 3533/13/3 3534/13/3 3535/13/3 3536/13/3
f 3537/13/4 3538/13/4 3539/13/4 3540/13/4
f 3541/5/3 3542/5/3 3543/5/3 3544/5/3
f 3545/5/4 3546/5/4 3547/5/4 3548/5/4
f 3549/11/3 3550/11/3 3551/11/3 3552/11/3
f 3553/11/4 3554/11/4 3555/11/4 3556/11/4
f 3557/13/3 3558/13/3 3559/13/3 3560/13/3
f 3561/13/4 3562/13/4 3563/13/4 3564/13/4
f 3565/11/2 3566/11/2 3567/11/2 3568/11/2
f 3569/11/3 3570/11/3 3571/11/3 3572/11/3
f 3573/11/4 3574/11/4 3575/11/4 3576/11/4
f 3577/1/1 3578/1/1 3579/1/1 3580/1/1
f 3581/1/2 3582/1/2 3583/1/2 3584/1/2
f 3585/1/3 3586/1/3 3587/1/3 3588/1/3
f 3589/1/4 3590/1/4 3591/1/4 3592/1/4
f 3593/1/6 3594/1/6 3595/1/6 3596/1/6
f 3597/3/1 3598/3/1 3599/3/1 3600/3/1
f 3601/3/3 3602/3/3 3603/3/3 3604/3/3
f 3605/3/4 3606/3/4 3607/3/4 3608/3/4
f 3609/6/3 3610/6/3 3611/6/3 3612/6/3
f 3613/6/4 3614/6/4 3615/6/4 3616/6/4
f 3617/4/3 3618/4/3 3619/4/3 3620/4/3
f 3621/4/4 3622/4/4 3623/4/4 3624/4/4
f 3625/6/3 3626/6/3 3627/6/3 3628/6/3
f 3629/6/4 3630/6/4 3631/6/4 3632/6/4
f 3633/4/3 3634/4/3 3635/4/3 3636/4/3
f 3637/4/4 3638/4/4 3639/4/4 3640/4/4
f 3641/8/3 3642/8/3 3643/8/3 3644/8/3
f 3645/8/4 3646/8/4 3647/8/4 3648/8/4
f 3649/7/3 3650/7/3 3651/7/3 3652/7/3
f 3653/7/4 3654/7/4 3655/7/4 3656/7/4
f 3657/12/3 3658/12/3 3659/12/3 3660/12/3
f 3661/12/4 3662/12/4 3663/12/4 3664/12/4
f 3665/4/3 3666/4/3 3667/4/3 3668/4/3
f 3669/4/4 3670/4/4 3671/4/4 3672/4/4
f 3673/13/3 3674/13/3 3675/13/3 3676/13/3
f 3677/13/4 3678/13/4 3679/13/4 3680/13/4
f 3681/5/3 3682/5/3 3683/5/3 3684/5/3
f 3685/5/4 3686/5/4 3687/5/4 3688/5/4
f 3689/11/3 3690/11/3 3691/11/3 3692/11/3
f 3693/11/4 3694/11/4 3695/11/4 3696/11/4
f 3697/13/3 3698/13/3 3699/13/3 3700/13/3
f 3701/13/4 3702/13/4 3703/13/4 3704/13/4
f 3705/11/3 3706/11/3 3707/11/3 3708/11/3
f 3709/11/4 3710/11/4 3711/11/4 3712/11/4
f 3713/4/2 3714/4/2 3715/4/2 3716/4/2
f 3717/4/3 3718/4/3 3719/4/3 3720/4/3
f 3721/4/4 3722/4/4 3723/4/4 3724/4/4
f 3725/1/1 3726/1/1 3727/1/1 3728/1/1
f 3729/1/3 3730/1/3 3731/1/3 3732/1/3
f 3733/1/4 3734/1/4 3735/1/4 3736/1/4
f 3737/1/6 3738/1/6 3739/1/6 3740/1/6
f 3741/1/2 3742/1/2 3743/1/2 3744/1/2
f 3745/1/3 3746/1/3 3747/1/3 3748/1/3
f 3749/1/4 3750/1/4 3751/1/4 3752/1/4
f 3753/10/1 3754/10/1 3755/10/1 3756/10/1
f 3757/10/3 3758/10/3 3759/10/3 3760/10/3
f 3761/10/4 3762/10/4 3763/10/4 3764/10/4
f 3765/13/3 3766/13/3 3767/13/3 3768/13/3
f 3769/13/4 3770/13/4 3771/13/4 3772/13/4
f 3773/5/3 3774/5/3 3775/5/3 3776/5/3
f 3777/5/4 3778/5/4 3779/5/4 3780/5/4
f 3781/13/3 3782/13/3 3783/13/3 3784/13/3
f 3785/13/4 3786/13/4 3787/13/4 3788/13/4
f 3789/11/3 3790/11/3 3791/11/3 3792/11/3
f 3793/11/4 3794/11/4 3795/11/4 3796/11/4
f 3797/13/2 3798/13/2 3799/13/2 3800/13/2
f 3801/13/3 3802/13/3 3803/13/3 3804/13/3
f 3805/13/4 3806/13/4 3807/13/4 3808/13/4
f 3809/1/1 3810/1/1 3811/1/1 3812/1/1
f 3813/1/2 3814/1/2 3815/1/2 3816/1/2
f 3817/1/3 3818/1/3 3819/1/3 3820/1/3
f 3821/1/4 3822/1/4 3823/1/4 3824/1/4
f 3825/10/1 3826/10/1 3827/10/1 3828/10/1
f 3829/10/3 3830/10/3 3831/10/3 3832/10/3
f 3833/10/4 3834/10/4 3835/10/4 3836/10/4
f 3837/13/3 3838/13/3 3839/13/3 3840/13/3
f 3841/13/4 3842/13/4 3843/13/4 3844/13/4
f 3845/5/3 3846/5/3 3847/5/3 3848/5/3
f 3849/5/4 3850/5/4 3851/5/4 3852/5/4
f 3853/13/3 3854/13/3 3855/13/3 3856/13/3
f 3857/13/4 3858/13/4 3859/13/4 3860/13/4
f 3861/11/3 3862/11/3 3863/11/3 3864/11/3
f 3865/11/4 3866/11/4 3867/11/4 3868/11/4
f 3869/13/3 3870/13/3 3871/13/3 3872/13/3
f 3873/13/4 3874/13/4 3875/13/4 3876/13/4
f 3877/10/3 3878/10/3 3879/10/3 3880/10/3
f 3881/10/4 3882/10/4 3883/10/4 3884/10/4
f 3885/12/3 3886/12/3 3887/12/3 3888/12/3
f 3889/12/4 3890/12/4 3891/12/4 3892/12/4
f 3893/10/3 3894/10/3 3895/10/3 3896/10/3
f 3897/10/4 3898/10/4 3899/10/4 3900/10/4
f 3901/13/3 3902/13/3 3903/13/3 3904/13/3
f 3905/13/4 3906/13/4 3907/13/4 3908/13/4
f 3909/5/3 3910/5/3 3911/5/3 3912/5/3
f 3913/5/4 3914/5/4 3915/5/4 3916/5/4
f 3917/13/3 3918/13/3 3919/13/3 3920/13/3
f 3921/13/4 3922/13/4 3923/13/4 3924/13/4
f 3925/11/3 3926/11/3 3927/11/3 3928/11/3
f 3929/11/4 3930/11/4 3931/11/4 3932/11/4
f 3933/13/3 3934/13/3 3935/13/3 3936/13/3
f 3937/13/4 3938/13/4 3939/13/4 3940/13/4
f 3941/4/2 3942/4/2 3943/4/2 3944/4/2
f 3945/4/3 3946/4/3 3947/4/3 3948/4/3
f 3949/4/4 3950/4/4 3951/4/4 3952/4/4
f 3953/1/1 3954/1/1 3955/1/1 3956/1/1
f 3957/1/3 3958/1/3 3959/1/3 3960/1/3
f 3961/1/4 3962/1/4 3963/1/4 3964/1/4
f 3965/1/2 3966/1/2 3967/1/2 3968/1/2
f 3969/1/3 3970/1/3 3971/1/3 3972/1/3
f 3973/1/4 3974/1/4 3975/1/4 3976/1/4
f 3977/10/1 3978/10/1 3979/10/1 3980/10/1
f 3981/10/3 3982/10/3 3983/10/3 3984/10/3
f 3985/10/4 3986/10/4 3987/10/4 3988/10/4
f 3989/11/3 3990/11/3 3991/11/3 3992/11/3
f 3993/11/4 3994/11/4 3995/11/4 3996/11/4
f 3997/5/3 3998/5/3 3999/5/3 4000/5/3
f 4001/5/4 4002/5/4 4003/5/4 4004/5/4
f 4005/4/3 4006/4/3 4007/4/3 4008/4/3
f 4009/4/4 4010/4/4 4011/4/4 4012/4/4
f 4013/5/3 4014/5/3 4015/5/3 4016/5/3
f 4017/5/4 4018/5/4 4019/5/4 4020/5/4
f 4021/11/2 4022/11/2 4023/11/2 4024/11/2
f 4025/11/3 4026/11/3 4027/11/3 4028/11/3
f 4029/11/4 4030/11/4 4031/11/4 4032/11/4
f 4033/1/1 4034/1/1 4035/1/1 4036/1/1
f 4037/1/2 4038/1/2 4039/1/2 4040/1/2
f 4041/1/3 4042/1/3 4043/1/3 4044/1/3
f 4045/1/4 4046/1/4 4047/1/4 4048/1/4
f 4049/10/1 4050/10/1 4051/10/1 4052/10/1
f 4053/10/3 4054/10/3 4055/10/3 4056/10/3
f 4057/10/4 4058/10/4 4059/10/4 4060/10/4
f 4061/11/3 4062/11/3 4063/11/3 4064/11/3
f 4065/11/4 4066/11/4 4067/11/4 4068/11/4
f 4069/5/3 4070/5/3 4071/5/3 4072/5/3
f 4073/5/4 4074/5/4 4075/5/4 4076/5/4
f 4077/4/3 4078/4/3 4079/4/3 4080/4/3
f 4081/4/4 4082/4/4 4083/4/4 4084/4/4
f 4085/5/3 4086/5/3 4087/5/3 4088/5/3
f 4089/5/4 4090/5/4 4091/5/4 4092/5/4
f 4093/11/3 4094/11/3 4095/11/3 4096/11/3
f 4097/11/4 4098/11/4 4099/11/4 4100/11/4
f 4101/4/3 4102/4/3 4103/4/3 4104/4/3
f 4105/4/4 4106/4/4 4107/4/4 4108/4/4
f 4109/12/3 4110/12/3 4111/12/3 4112/12/3
f 4113/12/4 4114/12/4 4115/12/4 4116/12/4
f 4117/10/3 4118/10/3 4119/10/3 4120/10/3
f 4121/10/4 4122/10/4 4123/10/4 4124/10/4
f 4125/11/3 4126/11/3 4127/11/3 4128/11/3
f 4129/11/4 4130/11/4 4131/11/4 4132/11/4
f 4133/5/3 4134/5/3 4135/5/3 4136/5/3
f 4137/5/4 4138/5/4 4139/5/4 4140/5/4
f 4141/4/3 4142/4/3 4143/4/3 4144/4/3
f 4145/4/4 4146/4/4 4147/4/4 4148/4/4
f 4149/5/3 4150/5/3 4151/5/3 4152/5/3
f 4153/5/4 4154/5/4 4155/5/4 4156/5/4
f 4157/11/3 4158/11/3 4159/11/3 4160/11/3
f 4161/11/4 4162/11/4 4163/11/4 4164/11/4
f 4165/11/2 4166/11/2 4167/11/2 4168/11/2
f 4169/11/3 4170/11/3 4171/11/3 4172/11/3
f 4173/11/4 4174/11/4 4175/11/4 4176/11/4
f 4177/1/1 4178/1/1 4179/1/1 4180/1/1
f 4181/1/3 4182/1/3 4183/1/3 4184/1/3
f 4185/1/4 4186/1/4 4187/1/4 4188/1/4
f 4189/1/2 4190/1/2 4191/1/2 4192/1/2
f 4193/1/3 4194/1/3 4195/1/3 4196/1/3
f 4197/1/4 4198/1/4 4199/1/4 4200/1/4
f 4201/10/1 4202/10/1 4203/10/1 4204/10/1
f 4205/10/3 4206/10/3 4207/10/3 4208/10/3
f 4209/10/4 4210/10/4 4211/10/4 4212/10/4
f 4213/11/3 4214/11/3 4215/11/3 4216/11/3
f 4217/11/4 4218/11/4 4219/11/4 4220/11/4
f 4221/11/3 4222/11/3 4223/11/3 4224/11/3
f 4225/11/4 4226/11/4 4227/11/4 4228/11/4
f 4229/4/3 4230/4/3 4231/4/3 4232/4/3
f 4233/4/4 4234/4/4 4235/4/4 4236/4/4
f 4237/5/3 4238/5/3 4239/5/3 4240/5/3
f 4241/5/4 4242/5/4 4243/5/4 4244/5/4
f 4245/11/2 4246/11/2 4247/11/2 4248/11/2
f 4249/11/3 4250/11/3 4251/11/3 4252/11/3
f 4253/11/4 4254/11/4 4255/11/4 4256/11/4
f 4257/1/1 4258/1/1 4259/1/1 4260/1/1
f 4261/1/2 4262/1/2 4263/1/2 4264/1/2
f 4265/1/3 4266/1/3 4267/1/3 4268/1/3
f 4269/1/4 4270/1/4 4271/1/4 4272/1/4
f 4273/10/1 4274/10/1 4275/10/1 4276/10/1
f 4277/10/3 4278/10/3 4279/10/3 4280/10/3
f 4281/10/4 4282/10/4 4283/10/4 4284/10/4
f 4285/11/3 4286/11/3 4287/11/3 4288/11/3
f 4289/11/4 4290/11/4 4291/11/4 4292/11/4
f 4293/11/3 4294/11/3 4295/11/3 4296/11/3
f 4297/11/4 4298/11/4 4299/11/4 4300/11/4
f 4301/4/3 4302/4/3 4303/4/3 4304/4/3
f 4305/4/4 4306/4/4 4307/4/4 4308/4/4
f 4309/5/3 4310/5/3 4311/5/3 4312/5/3
f 4313/5/4 4314/5/4 4315/5/4 4316/5/4
f 4317/11/3 4318/11/3 4319/11/3 4320/11/3
f 4321/11/4 4322/11/4 4323/11/4 4324/11/4
f 4325/4/3 4326/4/3 4327/4/3 4328/4/3
f 4329/4/4 4330/4/4 4331/4/4 4332/4/4
f 4333/12/3 4334/12/3 4335/12/3 4336/12/3
f 4337/12/4 4338/12/4 4339/12/4 4340/12/4
f 4341/10/3 4342/10/3 4343/10/3 4344/10/3
f 4345/10/4 4346/10/4 4347/10/4 4348/10/4
f 4349/11/3 4350/11/3 4351/11/3 4352/11/3
f 4353/11/4 4354/11/4 4355/11/4 4356/11/4
f 4357/11/3 4358/11/3 4359/11/3 4360/11/3
f 4361/11/4 4362/11/4 4363/11/4 4364/11/4
f 4365/4/3 4366/4/3 4367/4/3 4368/4/3
f 4369/4/4 4370/4/4 4371/4/4 4372/4/4
f 4373/5/3 4374/5/3 4375/5/3 4376/5/3
f 4377/5/4 4378/5/4 4379/5/4 4380/5/4
f 4381/11/3 4382/11/3 4383/11/3 4384/11/3
f 4385/11/4 4386/11/4 4387/11/4 4388/11/4
f 4389/10/2 4390/10/2 4391/10/2 4392/10/2
f 4393/10/3 4394/10/3 4395/10/3 4396/10/3
f 4397/10/4 4398/10/4 4399/10/4 4400/10/4
f 4401/1/1 4402/1/1 4403/1/1 4404/1/1
f 4405/1/3 4406/1/3 4407/1/3 4408/1/3
f 4409/1/4 4410/1/4 4411/1/4 4412/1/4
f 4413/1/5 4414/1/5 4415/1/5 4416/1/5
f 4417/1/2 4418/1/2 4419/1/2 4420/1/2
f 4421/1/3 4422/1/3 4423/1/3 4424/1/3
f 4425/1/4 4426/1/4 4427/1/4 4428/1/4
f 4429/1/5 4430/1/5 4431/1/5 4432/1/5
f 4433/10/1 4434/10/1 4435/10/1 4436/10/1
f 4437/10/3 4438/10/3 4439/10/3 4440/10/3
f 4441/10/4 4442/10/4 4443/10/4 4444/10/4
f 4445/11/3 4446/11/3 4447/11/3 4448/11/3
f 4449/11/4 4450/11/4 4451/11/4 4452/11/4
f 4453/13/3 4454/13/3 4455/13/3 4456/13/3
f 4457/13/4 4458/13/4 4459/13/4 4460/13/4
f 4461/4/3 4462/4/3 4463/4/3 4464/4/3
f 4465/4/4 4466/4/4 4467/4/4 4468/4/4
f 4469/5/3 4470/5/3 4471/5/3 4472/5/3
f 4473/5/4 4474/5/4 4475/5/4 4476/5/4
f 4477/11/2 4478/11/2 4479/11/2 4480/11/2
f 4481/11/3 4482/11/3 4483/11/3 4484/11/3
f 4485/11/4 4486/11/4 4487/11/4 4488/11/4
f 4489/1/1 4490/1/1 4491/1/1 4492/1/1
f 4493/1/2 4494/1/2 4495/1/2 4496/1/2
f 4497/1/3 4498/1/3 4499/1/3 4500/1/3
f 4501/1/4 4502/1/4 4503/1/4 4504/1/4
f 4505/10/1 4506/10/1 4507/10/1 4508/10/1
f 4509/10/3 4510/10/3 4511/10/3 4512/10/3
f 4513/10/4 4514/10/4 4515/10/4 4516/10/4
f 4517/11/3 4518/11/3 4519/11/3 4520/11/3
f 4521/11/4 4522/11/4 4523/11/4 4524/11/4
f 4525/13/3 4526/13/3 4527/13/3 4528/13/3
f 4529/13/4 4530/13/4 4531/13/4 4532/13/4
f 4533/4/3 4534/4/3 4535/4/3 4536/4/3
f 4537/4/4 4538/4/4 4539/4/4 4540/4/4
f 4541/5/3 4542/5/3 4543/5/3 4544/5/3
f 4545/5/4 4546/5/4 4547/5/4 4548/5/4
f 4549/11/3 4550/11/3 4551/11/3 4552/11/3
f 4553/11/4 4554/11/4 4555/11/4 4556/11/4
f 4557/10/3 4558/10/3 4559/10/3 4560/10/3
f 4561/10/4 4562/10/4 4563/10/4 4564/10/4
f 4565/12/3 4566/12/3 4567/12/3 4568/12/3
f 4569/12/4 4570/12/4 4571/12/4 4572/12/4
f 4573/10/3 4574/10/3 4575/10/3 4576/10/3
f 4577/10/4 4578/10/4 4579/10/4 4580/10/4
f 4581/11/3 4582/11/3 4583/11/3 4584/11/3
f 4585/11/4 4586/11/4 4587/11/4 4588/11/4
f 4589/13/3 4590/13/3 4591/13/3 4592/13/3
f 4593/13/4 4594/13/4 4595/13/4 4596/13/4
f 4597/4/3 4598/4/3 4599/4/3 4600/4/3
f 4601/4/4 4602/4/4 4603/4/4 4604/4/4
f 4605/5/3 4606/5/3 4607/5/3 4608/5/3
f 4609/5/4 4610/5/4 4611/5/4 4612/5/4
f 4613/11/3 4614/11/3 4615/11/3 4616/11/3
f 4617/11/4 4618/11/4 4619/11/4 4620/11/4
f 4621/5/2 4622/5/2 4623/5/2 4624/5/2
f 4625/5/3 4626/5/3 4627/5/3 4628/5/3
f 4629/5/4 4630/5/4 4631/5/4 4632/5/4
f 4633/9/1 4634/9/1 4635/9/1 4636/9/1
f 4637/9/3 4638/9/3 4639/9/3 4640/9/3
f 4641/9/4 4642/9/4 4643/9/4 4644/9/4
f 4645/9/5 4646/9/5 4647/9/5 4648/9/5
f 4649/9/6 4650/9/6 4651/9/6 4652/9/6
f 4653/9/2 4654/9/2 4655/9/2 4656/9/2
f 4657/9/3 4658/9/3 4659/9/3 4660/9/3
f 4661/9/4 4662/9/4 4663/9/4 4664/9/4
f 4665/9/5 4666/9/5 4667/9/5 4668/9/5
f 4669/9/6 4670/9/6 4671/9/6 4672/9/6
f 4673/4/1 4674/4/1 4675/4/1 4676/4/1
f 4677/4/3 4678/4/3 4679/4/3 4680/4/3
f 4681/4/4 4682/4/4 4683/4/4 4684/4/4
f 4685/13/3 4686/13/3 4687/13/3 4688/13/3
f 4689/13/4 4690/13/4 4691/13/4 4692/13/4
f 4693/11/3 4694/11/3 4695/11/3 4696/11/3
f 4697/11/4 4698/11/4 4699/11/4 4700/11/4
f 4701/13/3 4702/13/3 4703/13/3 4704/13/3
f 4705/13/4 4706/13/4 4707/13/4 4708/13/4
f 4709/11/3 4710/11/3 4711/11/3 4712/11/3
f 4713/11/4 4714/11/4 4715/11/4 4716/11/4
f 4717/11/2 4718/11/2 4719/11/2 4720/11/2
f 4721/11/3 4722/11/3 4723/11/3 4724/11/3
f 4725/11/4 4726/11/4 4727/11/4 4728/11/4
f 4729/1/1 4730/1/1 4731/1/1 4732/1/1
f 4733/1/2 4734/1/2 4735/1/2 4736/1/2
f 4737/1/3 4738/1/3 4739/1/3 4740/1/3
f 4741/1/4 4742/1/4 4743/1/4 4744/1/4
f 4745/4/1 4746/4/1 4747/4/1 4748/4/1
f 4749/4/3 4750/4/3 4751/4/3 4752/4/3
f 4753/4/4 4754/4/4 4755/4/4 4756/4/4
f 4757/13/3 4758/13/3 4759/13/3 4760/13/3
f 4761/13/4 4762/13/4 4763/13/4 4764/13/4
f 4765/11/3 4766/11/3 4767/11/3 4768/11/3
f 4769/11/4 4770/11/4 4771/11/4 4772/11/4
f 4773/13/3 4774/13/3 4775/13/3 4776/13/3
f 4777/13/4 4778/13/4 4779/13/4 4780/13/4
f 4781/11/3 4782/11/3 4783/11/3 4784/11/3
f 4785/11/4 4786/11/4 4787/11/4 4788/11/4
f 4789/11/3 4790/11/3 4791/11/3 4792/11/3
f 4793/11/4 4794/11/4 4795/11/4 4796/11/4
f 4797/10/3 4798/10/3 4799/10/3 4800/10/3
f 4801/10/4 4802/10/4 4803/10/4 4804/10/4
f 4805/12/3 4806/12/3 4807/12/3 4808/12/3
f 4809/12/4 4810/12/4 4811/12/4 4812/12/4
f 4813/4/3 4814/4/3 4815/4/3 4816/4/3
f 4817/4/4 4818/4/4 4819/4/4 4820/4/4
f 4821/13/3 4822/13/3 4823/13/3 4824/13/3
f 4825/13/4 4826/13/4 4827/13/4 4828/13/4
f 4829/11/3 4830/11/3 4831/11/3 4832/11/3
f 4833/11/4 4834/11/4 4835/11/4 4836/11/4
f 4837/13/3 4838/13/3 4839/13/3 4840/13/3
f 4841/13/4 4842/13/4 4843/13/4 4844/13/4
f 4845/11/3 4846/11/3 4847/11/3 4848/11/3
f 4849/11/4 4850/11/4 4851/11/4 4852/11/4
f 4853/11/3 4854/11/3 4855/11/3 4856/11/3
f 4857/11/4 4858/11/4 4859/11/4 4860/11/4
f 4861/4/2 4862/4/2 4863/4/2 4864/4/2
f 4865/4/3 4866/4/3 4867/4/3 4868/4/3
f 4869/4/4 4870/4/4 4871/4/4 4872/4/4
f 4873/1/1 4874/1/1 4875/1/1 4876/1/1
f 4877/1/3 4878/1/3 4879/1/3 4880/1/3
f 4881/1/4 4882/1/4 4883/1/4 4884/1/4
f 4885/1/6 4886/1/6 4887/1/6 4888/1/6
f 4889/1/2 4890/1/2 4891/1/2 4892/1/2
f 4893/1/3 4894/1/3 4895/1/3 4896/1/3
f 4897/1/4 4898/1/4 4899/1/4 4900/1/4
f 4901/1/6 4902/1/6 4903/1/6 4904/1/6
f 4905/10/1 4906/10/1 4907/10/1 4908/10/1
f 4909/10/3 4910/10/3 4911/10/3 4912/10/3
f 4913/10/4 4914/10/4 4915/10/4 4916/10/4
f 4917/4/3 4918/4/3 4919/4/3 4920/4/3
f 4921/4/4 4922/4/4 4923/4/4 4924/4/4
f 4925/5/3 4926/5/3 4927/5/3 4928/5/3
f 4929/5/4 4930/5/4 4931/5/4 4932/5/4
f 4933/11/3 4934/11/3 4935/11/3 4936/11/3
f 4937/11/4 4938/11/4 4939/11/4 4940/11/4
f 4941/5/3 4942/5/3 4943/5/3 4944/5/3
f 4945/5/4 4946/5/4 4947/5/4 4948/5/4
f 4949/13/2 4950/13/2 4951/13/2 4952/13/2
f 4953/13/3 4954/13/3 4955/13/3 4956/13/3
f 4957/13/4 4958/13/4 4959/13/4 4960/13/4
f 4961/1/1 4962/1/1 4963/1/1 4964/1/1
f 4965/1/2 4966/1/2 4967/1/2 4968/1/2
f 4969/1/3 4970/1/3 4971/1/3 4972/1/3
f 4973/1/4 4974/1/4 4975/1/4 4976/1/4
f 4977/10/1 4978/10/1 4979/10/1 4980/10/1
f 4981/10/3 4982/10/3 4983/10/3 4984/10/3
f 4985/10/4 4986/10/4 4987/10/4 4988/10/4
f 4989/4/3 4990/4/3 4991/4/3 4992/4/3
f 4993/4/4 4994/4/4 4995/4/4 4996/4/4
f 4997/5/3 4998/5/3 4999/5/3 5000/5/3
f 5001/5/4 5002/5/4 5003/5/4 5004/5/4
f 5005/11/3 5006/11/3 5007/11/3 5008/11/3
f 5009/11/4 5010/11/4 5011/11/4 5012/11/4
f 5013/5/3 5014/5/3 5015/5/3 5016/5/3
f 5017/5/4 5018/5/4 5019/5/4 5020/5/4
f 5021/13/3 5022/13/3 5023/13/3 5024/13/3
f 5025/13/4 5026/13/4 5027/13/4 5028/13/4
f 5029/10/3 5030/10/3 5031/10/3 5032/10/3
f 5033/10/4 5034/10/4 5035/10/4 5036/10/4
f 5037/12/3 5038/12/3 5039/12/3 5040/12/3
f 5041/12/4 5042/12/4 5043/12/4 5044/12/4
f 5045/10/3 5046/10/3 5047/10/3 5048/10/3
f 5049/10/4 5050/10/4 5051/10/4 5052/10/4
f 5053/4/3 5054/4/3 5055/4/3 5056/4/3
f 5057/4/4 5058/4/4 5059/4/4 5060/4/4
f 5061/5/3 5062/5/3 5063/5/3 5064/5/3
f 5065/5/4 5066/5/4 5067/5/4 5068/5/4
f 5069/11/3 5070/11/3 5071/11/3 5072/11/3
f 5073/11/4 5074/11/4 5075/11/4 5076/11/4
f 5077/5/3 5078/5/3 5079/5/3 5080/5/3
f 5081/5/4 5082/5/4 5083/5/4 5084/5/4
f 5085/13/3 5086/13/3 5087/13/3 5088/13/3
f 5089/13/4 5090/13/4 5091/13/4 5092/13/4
f 5093/11/2 5094/11/2 5095/11/2 5096/11/2
f 5097/11/3 5098/11/3 5099/11/3 5100/11/3
f 5101/11/4 5102/11/4 5103/11/4 5104/11/4
f 5105/1/1 5106/1/1 5107/1/1 5108/1/1
f 5109/1/3 5110/1/3 5111/1/3 5112/1/3
f 5113/1/4 5114/1/4 5115/1/4 5116/1/4
f 5117/1/2 5118/1/2 5119/1/2 5120/1/2
f 5121/1/3 5122/1/3 5123/1/3 5124/1/3
f 5125/1/4 5126/1/4 5127/1/4 5128/1/4
f 5129/10/1 5130/10/1 5131/10/1 5132/10/1
f 5133/10/3 5134/10/3 5135/10/3 5136/10/3
f 5137/10/4 5138/10/4 5139/10/4 5140/10/4
f 5141/13/3 5142/13/3 5143/13/3 5144/13/3
f 5145/13/4 5146/13/4 5147/13/4 5148/13/4
f 5149/5/3 5150/5/3 5151/5/3 5152/5/3
f 5153/5/4 5154/5/4 5155/5/4 5156/5/4
f 5157/11/3 5158/11/3 5159/11/3 5160/11/3
f 5161/11/4 5162/11/4 5163/11/4 5164/11/4
f 5165/11/3 5166/11/3 5167/11/3 5168/11/3
f 5169/11/4 5170/11/4 5171/11/4 5172/11/4
f 5173/13/2 5174/13/2 5175/13/2 5176/13/2
f 5177/13/3 5178/13/3 5179/13/3 5180/13/3
f 5181/13/4 5182/13/4 5183/13/4 5184/13/4
f 5185/1/1 5186/1/1 5187/1/1 5188/1/1
f 5189/1/2 5190/1/2 5191/1/2 5192/1/2
f 5193/1/3 5194/1/3 5195/1/3 5196/1/3
f 5197/1/4 5198/1/4 5199/1/4 5200/1/4
f 5201/10/1 5202/10/1 5203/10/1 5204/10/1
f 5205/10/3 5206/10/3 5207/10/3 5208/10/3
f 5209/10/4 5210/10/4 5211/10/4 5212/10/4
f 5213/13/3 5214/13/3 5215/13/3 5216/13/3
f 5217/13/4 5218/13/4 5219/13/4 5220/13/4
f 5221/5/3 5222/5/3 5223/5/3 5224/5/3
f 5225/5/4 5226/5/4 5227/5/4 5228/5/4
f 5229/11/3 5230/11/3 5231/11/3 5232/11/3
f 5233/11/4 5234/11/4 5235/11/4 5236/11/4
f 5237/11/3 5238/11/3 5239/11/3 5240/11/3
f 5241/11/4 5242/11/4 5243/11/4 5244/11/4
f 5245/13/3 5246/13/3 5247/13/3 5248/13/3
f 5249/13/4 5250/13/4 5251/13/4 5252/13/4
f 5253/4/3 5254/4/3 5255/4/3 5256/4/3
f 5257/4/4 5258/4/4 5259/4/4 5260/4/4
f 5261/12/3 5262/12/3 5263/12/3 5264/12/3
f 5265/12/4 5266/12/4 5267/12/4 5268/12/4
f 5269/10/3 5270/10/3 5271/10/3 5272/10/3
f 5273/10/4 5274/10/4 5275/10/4 5276/10/4
f 5277/13/3 5278/13/3 5279/13/3 5280/13/3
f 5281/13/4 5282/13/4 5283/13/4 5284/13/4
f 5285/5/3 5286/5/3 5287/5/3 5288/5/3
f 5289/5/4 5290/5/4 5291/5/4 5292/5/4
f 5293/11/3 5294/11/3 5295/11/3 5296/11/3
f 5297/11/4 5298/11/4 5299/11/4 5300/11/4
f 5301/11/3 5302/11/3 5303/11/3 5304/11/3
f 5305/11/4 5306/11/4 5307/11/4 5308/11/4
f 5309/13/3 5310/13/3 5311/13/3 5312/13/3
f 5313/13/4 5314/13/4 5315/13/4 5316/13/4
f 5317/11/2 5318/11/2 5319/11/2 5320/11/2
f 5321/11/3 5322/11/3 5323/11/3 5324/11/3
f 5325/11/4 5326/11/4 5327/11/4 5328/11/4
f 5329/1/1 5330/1/1 5331/1/1 5332/1/1
f 5333/1/3 5334/1/3 5335/1/3 5336/1/3
f 5337/1/4 5338/1/4 5339/1/4 5340/1/4
f 5341/1/5 5342/1/5 5343/1/5 5344/1/5
f 5345/1/2 5346/1/2 5347/1/2 5348/1/2
f 5349/1/3 5350/1/3 5351/1/3 5352/1/3
f 5353/1/4 5354/1/4 5355/1/4 5356/1/4
f 5357/1/5 5358/1/5 5359/1/5 5360/1/5
f 5361/10/1 5362/10/1 5363/10/1 5364/10/1
f 5365/10/3 5366/10/3 5367/10/3 5368/10/3
f 5369/10/4 5370/10/4 5371/10/4 5372/10/4
f 5373/10/5 5374/10/5 5375/10/5 5376/10/5
f 5377/11/3 5378/11/3 5379/11/3 5380/11/3
f 5381/11/4 5382/11/4 5383/11/4 5384/11/4
f 5385/11/5 5386/11/5 5387/11/5 5388/11/5
f 5389/5/3 5390/5/3 5391/5/3 5392/5/3
f 5393/5/4 5394/5/4 5395/5/4 5396/5/4
f 5397/5/5 5398/5/5 5399/5/5 5400/5/5
f 5401/11/3 5402/11/3 5403/11/3 5404/11/3
f 5405/11/4 5406/11/4 5407/11/4 5408/11/4
f 5409/11/5 5410/11/5 5411/11/5 5412/11/5
f 5413/11/3 5414/11/3 5415/11/3 5416/11/3
f 5417/11/4 5418/11/4 5419/11/4 5420/11/4
f 5421/11/5 5422/11/5 5423/11/5 5424/11/5
f 5425/4/2 5426/4/2 5427/4/2 5428/4/2
f 5429/4/3 5430/4/3 5431/4/3 5432/4/3
f 5433/4/4 5434/4/4 5435/4/4 5436/4/4
f 5437/4/5 5438/4/5 5439/4/5 5440/4/5
f 5441/1/1 5442/1/1 5443/1/1 5444/1/1
f 5445/1/2 5446/1/2 5447/1/2 5448/1/2
f 5449/1/3 5450/1/3 5451/1/3 5452/1/3
f 5453/1/4 5454/1/4 5455/1/4 5456/1/4
f 5457/1/5 5458/1/5 5459/1/5 5460/1/5
f 5461/10/1 5462/10/1 5463/10/1 5464/10/1
f 5465/10/3 5466/10/3 5467/10/3 5468/10/3
f 5469/10/4 5470/10/4 5471/10/4 5472/10/4
f 5473/10/5 5474/10/5 5475/10/5 5476/10/5
f 5477/11/3 5478/11/3 5479/11/3 5480/11/3
f 5481/11/4 5482/11/4 5483/11/4 5484/11/4
f 5485/11/5 5486/11/5 5487/11/5 5488/11/5
f 5489/5/3 5490/5/3 5491/5/3 5492/5/3
f 5493/5/4 5494/5/4 5495/5/4 5496/5/4
f 5497/5/5 5498/5/5 5499/5/5 5500/5/5
f 5501/11/3 5502/11/3 5503/11/3 5504/11/3
f 5505/11/4 5506/11/4 5507/11/4 5508/11/4
f 5509/11/5 5510/11/5 5511/11/5 5512/11/5
f 5513/11/3 5514/11/3 5515/11/3 5516/11/3
f 5517/11/4 5518/11/4 5519/11/4 5520/11/4
f 5521/11/5 5522/11/5 5523/11/5 5524/11/5
f 5525/4/3 5526/4/3 5527/4/3 5528/4/3
f 5529/4/4 5530/4/4 5531/4/4 5532/4/4
f 5533/4/5 5534/4/5 5535/4/5 5536/4/5
f 5537/4/3 5538/4/3 5539/4/3 5540/4/3
f 5541/4/4 5542/4/4 5543/4/4 5544/4/4
f 5545/4/5 5546/4/5 5547/4/5 5548/4/5
f 5549/12/3 5550/12/3 5551/12/3 5552/12/3
f 5553/12/4 5554/12/4 5555/12/4 5556/12/4
f 5557/12/5 5558/12/5 5559/12/5 5560/12/5
f 5561/10/3 5562/10/3 5563/10/3 5564/10/3
f 5565/10/4 5566/10/4 5567/10/4 5568/10/4
f 5569/10/5 5570/10/5 5571/10/5 5572/10/5
f 5573/11/3 5574/11/3 5575/11/3 5576/11/3
f 5577/11/4 5578/11/4 5579/11/4 5580/11/4
f 5581/11/5 5582/11/5 5583/11/5 5584/11/5
f 5585/5/3 5586/5/3 5587/5/3 5588/5/3
f 5589/5/4 5590/5/4 5591/5/4 5592/5/4
f 5593/5/5 5594/5/5 5595/5/5 5596/5/5
f 5597/11/3 5598/11/3 5599/11/3 5600/11/3
f 5601/11/4 5602/11/4 5603/11/4 5604/11/4
f 5605/11/5 5606/11/5 5607/11/5 5608/11/5
f 5609/11/3 5610/11/3 5611/11/3 5612/11/3
f 5613/11/4 5614/11/4 5615/11/4 5616/11/4
f 5617/11/5 5618/11/5 5619/11/5 5620/11/5
f 5621/4/3 5622/4/3 5623/4/3 5624/4/3
f 5625/4/4 5626/4/4 5627/4/4 5628/4/4
f 5629/4/5 5630/4/5 5631/4/5 5632/4/5
f 5633/11/2 5634/11/2 5635/11/2 5636/11/2
f 5637/11/3 5638/11/3 5639/11/3 5640/11/3
f 5641/11/4 5642/11/4 5643/11/4 5644/11/4
f 5645/11/5 5646/11/5 5647/11/5 5648/11/5

