# generated by vox_to_obj_exporter
# scale=0.1 center=true ground=true y_up=false

mtllib Shape_15_258.mtl
usemtl palette

# normals
vn -1 0 0
vn 1 0 0
vn 0 0 1
vn 0 0 -1
vn 0 -1 0
vn 0 1 0

# texcoords
vt 0.666015625 0.5
vt 0.537109375 0.5
vt 0.669921875 0.5
vt 0.369140625 0.5
vt 0.642578125 0.5
vt 0.677734375 0.5
vt 0.810546875 0.5
vt 0.509765625 0.5
vt 0.533203125 0.5

# verts
v -1.2 1.2 0.1
v -1.2 1.2 0
v -1.2 1.1 0
v -1.2 1.1 0.1
v -1.2 1.2 0.1
v -1.2 1.1 0.1
v -1.1 1.1 0.1
v -1.1 1.2 0.1
v -1.2 1.1 0
v -1.2 1.2 0
v -1.1 1.2 0
v -1.1 1.1 0
v -1.1 1.2 0.1
v -1.1 1.2 0
v -1.2 1.2 0
v -1.2 1.2 0.1
v -1.1 1.2 0.1
v -1.1 1.1 0.1
v -1 1.1 0.1
v -1 1.2 0.1
v -1.1 1.1 0
v -1.1 1.2 0
v -1 1.2 0
v -1 1.1 0
v -1 1.2 0.1
v -1 1.2 0
v -1.1 1.2 0
v -1.1 1.2 0.1
v -1 1.2 0.1
v -1 1.1 0.1
v -0.9 1.1 0.1
v -0.9 1.2 0.1
v -1 1.1 0
v -1 1.2 0
v -0.9 1.2 0
v -0.9 1.1 0
v -0.9 1.2 0.1
v -0.9 1.2 0
v -1 1.2 0
v -1 1.2 0.1
v -0.9 1.2 0.1
v -0.9 1.1 0.1
v -0.8 1.1 0.1
v -0.8 1.2 0.1
v -0.9 1.1 0
v -0.9 1.2 0
v -0.8 1.2 0
v -0.8 1.1 0
v -0.8 1.2 0.1
v -0.8 1.2 0
v -0.9 1.2 0
v -0.9 1.2 0.1
v -0.8 1.2 0.1
v -0.8 1.1 0.1
v -0.7 1.1 0.1
v -0.7 1.2 0.1
v -0.8 1.1 0
v -0.8 1.2 0
v -0.7 1.2 0
v -0.7 1.1 0
v -0.7 1.2 0.1
v -0.7 1.2 0
v -0.8 1.2 0
v -0.8 1.2 0.1
v -0.7 1.2 0.1
v -0.7 1.1 0.1
v -0.6 1.1 0.1
v -0.6 1.2 0.1
v -0.7 1.1 0
v -0.7 1.2 0
v -0.6 1.2 0
v -0.6 1.1 0
v -0.6 1.2 0.1
v -0.6 1.2 0
v -0.7 1.2 0
v -0.7 1.2 0.1
v -0.6 1.2 0.1
v -0.6 1.1 0.1
v -0.5 1.1 0.1
v -0.5 1.2 0.1
v -0.6 1.1 0
v -0.6 1.2 0
v -0.5 1.2 0
v -0.5 1.1 0
v -0.5 1.2 0.1
v -0.5 1.2 0
v -0.6 1.2 0
v -0.6 1.2 0.1
v -0.4 1.1 0.1
v -0.4 1.1 0
v -0.4 1.2 0
v -0.4 1.2 0.1
v -0.5 1.2 0.1
v -0.5 1.1 0.1
v -0.4 1.1 0.1
v -0.4 1.2 0.1
v -0.5 1.1 0
v -0.5 1.2 0
v -0.4 1.2 0
v -0.4 1.1 0
v -0.4 1.2 0.1
v -0.4 1.2 0
v -0.5 1.2 0
v -0.5 1.2 0.1
v -0.4 1.2 0.2
v -0.4 1.2 0.1
v -0.4 1.1 0.1
v -0.4 1.1 0.2
v -0.3 1.1 0.2
v -0.3 1.1 0.1
v -0.3 1.2 0.1
v -0.3 1.2 0.2
v -0.4 1.2 0.2
v -0.4 1.1 0.2
v -0.3 1.1 0.2
v -0.3 1.2 0.2
v -0.4 1.1 0.1
v -0.4 1.2 0.1
v -0.3 1.2 0.1
v -0.3 1.1 0.1
v -0.4 1.1 0.2
v -0.4 1.1 0.1
v -0.3 1.1 0.1
v -0.3 1.1 0.2
v -0.3 1.2 0.2
v -0.3 1.2 0.1
v -0.4 1.2 0.1
v -0.4 1.2 0.2
v -0.3 1.2 0.1
v -0.3 1.2 0
v -0.3 1.1 0
v -0.3 1.1 0.1
v -0.2 1.1 0.1
v -0.2 1.1 0
v -0.2 1.2 0
v -0.2 1.2 0.1
v -0.3 1.2 0.1
v -0.3 1.1 0.1
v -0.2 1.1 0.1
v -0.2 1.2 0.1
v -0.3 1.1 0
v -0.3 1.2 0
v -0.2 1.2 0
v -0.2 1.1 0
v -0.3 1.1 0.1
v -0.3 1.1 0
v -0.2 1.1 0
v -0.2 1.1 0.1
v -0.2 1.2 0.1
v -0.2 1.2 0
v -0.3 1.2 0
v -0.3 1.2 0.1
v -0.2 1.2 0.4
v -0.2 1.2 0.3
v -0.2 1.1 0.3
v -0.2 1.1 0.4
v -0.1 1.1 0.4
v -0.1 1.1 0.3
v -0.1 1.2 0.3
v -0.1 1.2 0.4
v -0.2 1.2 0.4
v -0.2 1.1 0.4
v -0.1 1.1 0.4
v -0.1 1.2 0.4
v -0.2 1.1 0.3
v -0.2 1.2 0.3
v -0.1 1.2 0.3
v -0.1 1.1 0.3
v -0.2 1.1 0.4
v -0.2 1.1 0.3
v -0.1 1.1 0.3
v -0.1 1.1 0.4
v -0.1 1.2 0.4
v -0.1 1.2 0.3
v -0.2 1.2 0.3
v -0.2 1.2 0.4
v -0.1 1.2 0.1
v -0.1 1.2 0
v -0.1 1.1 0
v -0.1 1.1 0.1
v 0 1.1 0.1
v 0 1.1 0
v 0 1.2 0
v 0 1.2 0.1
v -0.1 1.2 0.1
v -0.1 1.1 0.1
v 0 1.1 0.1
v 0 1.2 0.1
v -0.1 1.1 0
v -0.1 1.2 0
v 0 1.2 0
v 0 1.1 0
v -0.1 1.1 0.1
v -0.1 1.1 0
v 0 1.1 0
v 0 1.1 0.1
v 0 1.2 0.1
v 0 1.2 0
v -0.1 1.2 0
v -0.1 1.2 0.1
v 0 1.2 0.4
v 0 1.2 0.3
v 0 1.1 0.3
v 0 1.1 0.4
v 0.1 1.1 0.4
v 0.1 1.1 0.3
v 0.1 1.2 0.3
v 0.1 1.2 0.4
v 0 1.2 0.4
v 0 1.1 0.4
v 0.1 1.1 0.4
v 0.1 1.2 0.4
v 0 1.1 0.3
v 0 1.2 0.3
v 0.1 1.2 0.3
v 0.1 1.1 0.3
v 0 1.1 0.4
v 0 1.1 0.3
v 0.1 1.1 0.3
v 0.1 1.1 0.4
v 0.1 1.2 0.4
v 0.1 1.2 0.3
v 0 1.2 0.3
v 0 1.2 0.4
v 0.1 1.2 0.1
v 0.1 1.2 0
v 0.1 1.1 0
v 0.1 1.1 0.1
v 0.2 1.1 0.1
v 0.2 1.1 0
v 0.2 1.2 0
v 0.2 1.2 0.1
v 0.1 1.2 0.1
v 0.1 1.1 0.1
v 0.2 1.1 0.1
v 0.2 1.2 0.1
v 0.1 1.1 0
v 0.1 1.2 0
v 0.2 1.2 0
v 0.2 1.1 0
v 0.2 1.2 0.1
v 0.2 1.2 0
v 0.1 1.2 0
v 0.1 1.2 0.1
v 0.2 1.2 0.2
v 0.2 1.2 0.1
v 0.2 1.1 0.1
v 0.2 1.1 0.2
v 0.3 1.1 0.2
v 0.3 1.1 0.1
v 0.3 1.2 0.1
v 0.3 1.2 0.2
v 0.2 1.2 0.2
v 0.2 1.1 0.2
v 0.3 1.1 0.2
v 0.3 1.2 0.2
v 0.2 1.1 0.1
v 0.2 1.2 0.1
v 0.3 1.2 0.1
v 0.3 1.1 0.1
v 0.3 1.2 0.2
v 0.3 1.2 0.1
v 0.2 1.2 0.1
v 0.2 1.2 0.2
v 0.3 1.2 0.4
v 0.3 1.2 0.3
v 0.3 1.1 0.3
v 0.3 1.1 0.4
v 0.4 1.1 0.4
v 0.4 1.1 0.3
v 0.4 1.2 0.3
v 0.4 1.2 0.4
v 0.3 1.2 0.4
v 0.3 1.1 0.4
v 0.4 1.1 0.4
v 0.4 1.2 0.4
v 0.3 1.1 0.3
v 0.3 1.2 0.3
v 0.4 1.2 0.3
v 0.4 1.1 0.3
v 0.4 1.2 0.4
v 0.4 1.2 0.3
v 0.3 1.2 0.3
v 0.3 1.2 0.4
v 0.4 1.2 0.1
v 0.4 1.2 0
v 0.4 1.1 0
v 0.4 1.1 0.1
v 0.5 1.1 0.1
v 0.5 1.1 0
v 0.5 1.2 0
v 0.5 1.2 0.1
v 0.4 1.2 0.1
v 0.4 1.1 0.1
v 0.5 1.1 0.1
v 0.5 1.2 0.1
v 0.4 1.1 0
v 0.4 1.2 0
v 0.5 1.2 0
v 0.5 1.1 0
v 0.4 1.1 0.1
v 0.4 1.1 0
v 0.5 1.1 0
v 0.5 1.1 0.1
v 0.5 1.2 0.1
v 0.5 1.2 0
v 0.4 1.2 0
v 0.4 1.2 0.1
v 0.5 1.2 0.4
v 0.5 1.2 0.3
v 0.5 1.1 0.3
v 0.5 1.1 0.4
v 0.5 1.2 0.4
v 0.5 1.1 0.4
v 0.6 1.1 0.4
v 0.6 1.2 0.4
v 0.5 1.1 0.3
v 0.5 1.2 0.3
v 0.6 1.2 0.3
v 0.6 1.1 0.3
v 0.6 1.2 0.4
v 0.6 1.2 0.3
v 0.5 1.2 0.3
v 0.5 1.2 0.4
v 0.6 1.2 0.4
v 0.6 1.1 0.4
v 0.7 1.1 0.4
v 0.7 1.2 0.4
v 0.6 1.1 0.3
v 0.6 1.2 0.3
v 0.7 1.2 0.3
v 0.7 1.1 0.3
v 0.7 1.2 0.4
v 0.7 1.2 0.3
v 0.6 1.2 0.3
v 0.6 1.2 0.4
v 0.7 1.2 0.4
v 0.7 1.1 0.4
v 0.8 1.1 0.4
v 0.8 1.2 0.4
v 0.7 1.1 0.3
v 0.7 1.2 0.3
v 0.8 1.2 0.3
v 0.8 1.1 0.3
v 0.8 1.2 0.4
v 0.8 1.2 0.3
v 0.7 1.2 0.3
v 0.7 1.2 0.4
v 0.8 1.2 0.4
v 0.8 1.1 0.4
v 0.9 1.1 0.4
v 0.9 1.2 0.4
v 0.8 1.1 0.3
v 0.8 1.2 0.3
v 0.9 1.2 0.3
v 0.9 1.1 0.3
v 0.9 1.2 0.4
v 0.9 1.2 0.3
v 0.8 1.2 0.3
v 0.8 1.2 0.4
v 0.9 1.2 0.4
v 0.9 1.1 0.4
v 1 1.1 0.4
v 1 1.2 0.4
v 0.9 1.1 0.3
v 0.9 1.2 0.3
v 1 1.2 0.3
v 1 1.1 0.3
v 1 1.2 0.4
v 1 1.2 0.3
v 0.9 1.2 0.3
v 0.9 1.2 0.4
v 1.1 1.1 0.4
v 1.1 1.1 0.3
v 1.1 1.2 0.3
v 1.1 1.2 0.4
v 1 1.2 0.4
v 1 1.1 0.4
v 1.1 1.1 0.4
v 1.1 1.2 0.4
v 1 1.1 0.3
v 1 1.2 0.3
v 1.1 1.2 0.3
v 1.1 1.1 0.3
v 1.1 1.2 0.4
v 1.1 1.2 0.3
v 1 1.2 0.3
v 1 1.2 0.4
v 1.1 1.2 0.1
v 1.1 1.2 0
v 1.1 1.1 0
v 1.1 1.1 0.1
v 1.2 1.1 0.1
v 1.2 1.1 0
v 1.2 1.2 0
v 1.2 1.2 0.1
v 1.1 1.2 0.1
v 1.1 1.1 0.1
v 1.2 1.1 0.1
v 1.2 1.2 0.1
v 1.1 1.1 0
v 1.1 1.2 0
v 1.2 1.2 0
v 1.2 1.1 0
v 1.2 1.2 0.1
v 1.2 1.2 0
v 1.1 1.2 0
v 1.1 1.2 0.1
v -1.2 1.1 0.1
v -1.2 1.1 0
v -1.2 1 0
v -1.2 1 0.1
v -1.2 1.1 0.1
v -1.2 1 0.1
v -1.1 1 0.1
v -1.1 1.1 0.1
v -1.2 1 0
v -1.2 1.1 0
v -1.1 1.1 0
v -1.1 1 0
v -1.1 1.1 0.1
v -1.1 1 0.1
v -1 1 0.1
v -1 1.1 0.1
v -1.1 1 0
v -1.1 1.1 0
v -1 1.1 0
v -1 1 0
v -1 1.1 0.1
v -1 1 0.1
v -0.9 1 0.1
v -0.9 1.1 0.1
v -1 1 0
v -1 1.1 0
v -0.9 1.1 0
v -0.9 1 0
v -0.9 1.1 0.1
v -0.9 1 0.1
v -0.8 1 0.1
v -0.8 1.1 0.1
v -0.9 1 0
v -0.9 1.1 0
v -0.8 1.1 0
v -0.8 1 0
v -0.8 1.1 0.1
v -0.8 1 0.1
v -0.7 1 0.1
v -0.7 1.1 0.1
v -0.8 1 0
v -0.8 1.1 0
v -0.7 1.1 0
v -0.7 1 0
v -0.7 1.1 0.1
v -0.7 1 0.1
v -0.6 1 0.1
v -0.6 1.1 0.1
v -0.7 1 0
v -0.7 1.1 0
v -0.6 1.1 0
v -0.6 1 0
v -0.6 1.1 0.1
v -0.6 1 0.1
v -0.5 1 0.1
v -0.5 1.1 0.1
v -0.6 1 0
v -0.6 1.1 0
v -0.5 1.1 0
v -0.5 1 0
v -0.5 1.1 0.1
v -0.5 1 0.1
v -0.4 1 0.1
v -0.4 1.1 0.1
v -0.5 1 0
v -0.5 1.1 0
v -0.4 1.1 0
v -0.4 1 0
v -0.3 1 0.1
v -0.3 1 0
v -0.3 1.1 0
v -0.3 1.1 0.1
v -0.4 1.1 0.1
v -0.4 1 0.1
v -0.3 1 0.1
v -0.3 1.1 0.1
v -0.4 1 0
v -0.4 1.1 0
v -0.3 1.1 0
v -0.3 1 0
v -0.3 1.1 0.1
v -0.3 1.1 0
v -0.4 1.1 0
v -0.4 1.1 0.1
v -0.3 1.1 0.2
v -0.3 1.1 0.1
v -0.3 1 0.1
v -0.3 1 0.2
v -0.3 1.1 0.2
v -0.3 1 0.2
v -0.2 1 0.2
v -0.2 1.1 0.2
v -0.3 1 0.1
v -0.3 1.1 0.1
v -0.2 1.1 0.1
v -0.2 1 0.1
v -0.3 1 0.2
v -0.3 1 0.1
v -0.2 1 0.1
v -0.2 1 0.2
v -0.2 1.1 0.2
v -0.2 1.1 0.1
v -0.3 1.1 0.1
v -0.3 1.1 0.2
v -0.1 1 0.2
v -0.1 1 0.1
v -0.1 1.1 0.1
v -0.1 1.1 0.2
v -0.2 1.1 0.2
v -0.2 1 0.2
v -0.1 1 0.2
v -0.1 1.1 0.2
v -0.2 1 0.1
v -0.2 1.1 0.1
v -0.1 1.1 0.1
v -0.1 1 0.1
v -0.2 1 0.2
v -0.2 1 0.1
v -0.1 1 0.1
v -0.1 1 0.2
v -0.1 1.1 0.2
v -0.1 1.1 0.1
v -0.2 1.1 0.1
v -0.2 1.1 0.2
v -0.1 1.1 0.4
v -0.1 1.1 0.3
v -0.1 1 0.3
v -0.1 1 0.4
v 0 1 0.4
v 0 1 0.3
v 0 1.1 0.3
v 0 1.1 0.4
v -0.1 1.1 0.4
v -0.1 1 0.4
v 0 1 0.4
v 0 1.1 0.4
v -0.1 1 0.3
v -0.1 1.1 0.3
v 0 1.1 0.3
v 0 1 0.3
v -0.1 1 0.4
v -0.1 1 0.3
v 0 1 0.3
v 0 1 0.4
v 0 1.1 0.4
v 0 1.1 0.3
v -0.1 1.1 0.3
v -0.1 1.1 0.4
v 0 1.1 0.1
v 0 1.1 0
v 0 1 0
v 0 1 0.1
v 0 1.1 0.1
v 0 1 0.1
v 0.1 1 0.1
v 0.1 1.1 0.1
v 0 1 0
v 0 1.1 0
v 0.1 1.1 0
v 0.1 1 0
v 0 1 0.1
v 0 1 0
v 0.1 1 0
v 0.1 1 0.1
v 0.1 1.1 0.1
v 0.1 1.1 0
v 0 1.1 0
v 0 1.1 0.1
v 0.2 1 0.1
v 0.2 1 0
v 0.2 1.1 0
v 0.2 1.1 0.1
v 0.1 1.1 0.1
v 0.1 1 0.1
v 0.2 1 0.1
v 0.2 1.1 0.1
v 0.1 1 0
v 0.1 1.1 0
v 0.2 1.1 0
v 0.2 1 0
v 0.2 1.1 0.2
v 0.2 1.1 0.1
v 0.2 1 0.1
v 0.2 1 0.2
v 0.3 1 0.2
v 0.3 1 0.1
v 0.3 1.1 0.1
v 0.3 1.1 0.2
v 0.2 1.1 0.2
v 0.2 1 0.2
v 0.3 1 0.2
v 0.3 1.1 0.2
v 0.2 1 0.1
v 0.2 1.1 0.1
v 0.3 1.1 0.1
v 0.3 1 0.1
v 0.2 1 0.2
v 0.2 1 0.1
v 0.3 1 0.1
v 0.3 1 0.2
v 0.3 1.1 0.4
v 0.3 1.1 0.3
v 0.3 1 0.3
v 0.3 1 0.4
v 0.4 1 0.4
v 0.4 1 0.3
v 0.4 1.1 0.3
v 0.4 1.1 0.4
v 0.3 1.1 0.4
v 0.3 1 0.4
v 0.4 1 0.4
v 0.4 1.1 0.4
v 0.3 1 0.3
v 0.3 1.1 0.3
v 0.4 1.1 0.3
v 0.4 1 0.3
v 0.4 1.1 0.2
v 0.4 1.1 0.1
v 0.4 1 0.1
v 0.4 1 0.2
v 0.5 1 0.2
v 0.5 1 0.1
v 0.5 1.1 0.1
v 0.5 1.1 0.2
v 0.4 1.1 0.2
v 0.4 1 0.2
v 0.5 1 0.2
v 0.5 1.1 0.2
v 0.4 1 0.1
v 0.4 1.1 0.1
v 0.5 1.1 0.1
v 0.5 1 0.1
v 0.4 1 0.2
v 0.4 1 0.1
v 0.5 1 0.1
v 0.5 1 0.2
v 0.5 1.1 0.2
v 0.5 1.1 0.1
v 0.4 1.1 0.1
v 0.4 1.1 0.2
v 0.5 1.1 0.4
v 0.5 1.1 0.3
v 0.5 1 0.3
v 0.5 1 0.4
v 0.5 1.1 0.4
v 0.5 1 0.4
v 0.6 1 0.4
v 0.6 1.1 0.4
v 0.5 1 0.3
v 0.5 1.1 0.3
v 0.6 1.1 0.3
v 0.6 1 0.3
v 0.6 1.1 0.4
v 0.6 1 0.4
v 0.7 1 0.4
v 0.7 1.1 0.4
v 0.6 1 0.3
v 0.6 1.1 0.3
v 0.7 1.1 0.3
v 0.7 1 0.3
v 0.7 1.1 0.4
v 0.7 1 0.4
v 0.8 1 0.4
v 0.8 1.1 0.4
v 0.7 1 0.3
v 0.7 1.1 0.3
v 0.8 1.1 0.3
v 0.8 1 0.3
v 0.8 1.1 0.4
v 0.8 1 0.4
v 0.9 1 0.4
v 0.9 1.1 0.4
v 0.8 1 0.3
v 0.8 1.1 0.3
v 0.9 1.1 0.3
v 0.9 1 0.3
v 0.9 1.1 0.4
v 0.9 1 0.4
v 1 1 0.4
v 1 1.1 0.4
v 0.9 1 0.3
v 0.9 1.1 0.3
v 1 1.1 0.3
v 1 1 0.3
v 1.1 1 0.4
v 1.1 1 0.3
v 1.1 1.1 0.3
v 1.1 1.1 0.4
v 1 1.1 0.4
v 1 1 0.4
v 1.1 1 0.4
v 1.1 1.1 0.4
v 1 1 0.3
v 1 1.1 0.3
v 1.1 1.1 0.3
v 1.1 1 0.3
v 1.1 1.1 0.1
v 1.1 1.1 0
v 1.1 1 0
v 1.1 1 0.1
v 1.2 1 0.1
v 1.2 1 0
v 1.2 1.1 0
v 1.2 1.1 0.1
v 1.1 1.1 0.1
v 1.1 1 0.1
v 1.2 1 0.1
v 1.2 1.1 0.1
v 1.1 1 0
v 1.1 1.1 0
v 1.2 1.1 0
v 1.2 1 0
v -1.2 1 0.1
v -1.2 1 0
v -1.2 0.9 0
v -1.2 0.9 0.1
v -1.2 1 0.1
v -1.2 0.9 0.1
v -1.1 0.9 0.1
v -1.1 1 0.1
v -1.2 0.9 0
v -1.2 1 0
v -1.1 1 0
v -1.1 0.9 0
v -1.1 1 0.1
v -1.1 0.9 0.1
v -1 0.9 0.1
v -1 1 0.1
v -1.1 0.9 0
v -1.1 1 0
v -1 1 0
v -1 0.9 0
v -1 1 0.1
v -1 0.9 0.1
v -0.9 0.9 0.1
v -0.9 1 0.1
v -1 0.9 0
v -1 1 0
v -0.9 1 0
v -0.9 0.9 0
v -0.9 1 0.1
v -0.9 0.9 0.1
v -0.8 0.9 0.1
v -0.8 1 0.1
v -0.9 0.9 0
v -0.9 1 0
v -0.8 1 0
v -0.8 0.9 0
v -0.8 1 0.1
v -0.8 0.9 0.1
v -0.7 0.9 0.1
v -0.7 1 0.1
v -0.8 0.9 0
v -0.8 1 0
v -0.7 1 0
v -0.7 0.9 0
v -0.7 1 0.1
v -0.7 0.9 0.1
v -0.6 0.9 0.1
v -0.6 1 0.1
v -0.7 0.9 0
v -0.7 1 0
v -0.6 1 0
v -0.6 0.9 0
v -0.6 1 0.1
v -0.6 0.9 0.1
v -0.5 0.9 0.1
v -0.5 1 0.1
v -0.6 0.9 0
v -0.6 1 0
v -0.5 1 0
v -0.5 0.9 0
v -0.5 1 0.1
v -0.5 0.9 0.1
v -0.4 0.9 0.1
v -0.4 1 0.1
v -0.5 0.9 0
v -0.5 1 0
v -0.4 1 0
v -0.4 0.9 0
v -0.4 1 0.1
v -0.4 0.9 0.1
v -0.3 0.9 0.1
v -0.3 1 0.1
v -0.4 0.9 0
v -0.4 1 0
v -0.3 1 0
v -0.3 0.9 0
v -0.4 0.9 0.1
v -0.4 0.9 0
v -0.3 0.9 0
v -0.3 0.9 0.1
v -0.3 1 0.1
v -0.3 0.9 0.1
v -0.2 0.9 0.1
v -0.2 1 0.1
v -0.3 0.9 0
v -0.3 1 0
v -0.2 1 0
v -0.2 0.9 0
v -0.2 1 0.1
v -0.2 1 0
v -0.3 1 0
v -0.3 1 0.1
v -0.2 1 0.1
v -0.2 0.9 0.1
v -0.1 0.9 0.1
v -0.1 1 0.1
v -0.2 0.9 0
v -0.2 1 0
v -0.1 1 0
v -0.1 0.9 0
v -0.1 1 0.1
v -0.1 1 0
v -0.2 1 0
v -0.2 1 0.1
v 0 0.9 0.1
v 0 0.9 0
v 0 1 0
v 0 1 0.1
v -0.1 1 0.1
v -0.1 0.9 0.1
v 0 0.9 0.1
v 0 1 0.1
v -0.1 0.9 0
v -0.1 1 0
v 0 1 0
v 0 0.9 0
v -0.1 0.9 0.1
v -0.1 0.9 0
v 0 0.9 0
v 0 0.9 0.1
v 0 1 0.1
v 0 1 0
v -0.1 1 0
v -0.1 1 0.1
v 0 1 0.4
v 0 1 0.3
v 0 0.9 0.3
v 0 0.9 0.4
v 0.1 0.9 0.4
v 0.1 0.9 0.3
v 0.1 1 0.3
v 0.1 1 0.4
v 0 1 0.4
v 0 0.9 0.4
v 0.1 0.9 0.4
v 0.1 1 0.4
v 0 0.9 0.3
v 0 1 0.3
v 0.1 1 0.3
v 0.1 0.9 0.3
v 0 0.9 0.4
v 0 0.9 0.3
v 0.1 0.9 0.3
v 0.1 0.9 0.4
v 0.1 1 0.4
v 0.1 1 0.3
v 0 1 0.3
v 0 1 0.4
v 0.1 1 0.1
v 0.1 1 0
v 0.1 0.9 0
v 0.1 0.9 0.1
v 0.2 0.9 0.1
v 0.2 0.9 0
v 0.2 1 0
v 0.2 1 0.1
v 0.1 1 0.1
v 0.1 0.9 0.1
v 0.2 0.9 0.1
v 0.2 1 0.1
v 0.1 0.9 0
v 0.1 1 0
v 0.2 1 0
v 0.2 0.9 0
v 0.1 0.9 0.1
v 0.1 0.9 0
v 0.2 0.9 0
v 0.2 0.9 0.1
v 0.2 1 0.4
v 0.2 1 0.3
v 0.2 0.9 0.3
v 0.2 0.9 0.4
v 0.2 1 0.4
v 0.2 0.9 0.4
v 0.3 0.9 0.4
v 0.3 1 0.4
v 0.2 0.9 0.3
v 0.2 1 0.3
v 0.3 1 0.3
v 0.3 0.9 0.3
v 0.3 1 0.4
v 0.3 1 0.3
v 0.2 1 0.3
v 0.2 1 0.4
v 0.4 0.9 0.4
v 0.4 0.9 0.3
v 0.4 1 0.3
v 0.4 1 0.4
v 0.3 1 0.4
v 0.3 0.9 0.4
v 0.4 0.9 0.4
v 0.4 1 0.4
v 0.3 0.9 0.3
v 0.3 1 0.3
v 0.4 1 0.3
v 0.4 0.9 0.3
v 0.4 1 0.1
v 0.4 1 0
v 0.4 0.9 0
v 0.4 0.9 0.1
v 0.5 0.9 0.1
v 0.5 0.9 0
v 0.5 1 0
v 0.5 1 0.1
v 0.4 1 0.1
v 0.4 0.9 0.1
v 0.5 0.9 0.1
v 0.5 1 0.1
v 0.4 0.9 0
v 0.4 1 0
v 0.5 1 0
v 0.5 0.9 0
v 0.4 0.9 0.1
v 0.4 0.9 0
v 0.5 0.9 0
v 0.5 0.9 0.1
v 0.5 1 0.1
v 0.5 1 0
v 0.4 1 0
v 0.4 1 0.1
v 0.5 1 0.4
v 0.5 1 0.3
v 0.5 0.9 0.3
v 0.5 0.9 0.4
v 0.5 1 0.4
v 0.5 0.9 0.4
v 0.6 0.9 0.4
v 0.6 1 0.4
v 0.5 0.9 0.3
v 0.5 1 0.3
v 0.6 1 0.3
v 0.6 0.9 0.3
v 0.6 1 0.4
v 0.6 0.9 0.4
v 0.7 0.9 0.4
v 0.7 1 0.4
v 0.6 0.9 0.3
v 0.6 1 0.3
v 0.7 1 0.3
v 0.7 0.9 0.3
v 0.7 1 0.4
v 0.7 0.9 0.4
v 0.8 0.9 0.4
v 0.8 1 0.4
v 0.7 0.9 0.3
v 0.7 1 0.3
v 0.8 1 0.3
v 0.8 0.9 0.3
v 0.8 1 0.4
v 0.8 0.9 0.4
v 0.9 0.9 0.4
v 0.9 1 0.4
v 0.8 0.9 0.3
v 0.8 1 0.3
v 0.9 1 0.3
v 0.9 0.9 0.3
v 0.9 1 0.4
v 0.9 0.9 0.4
v 1 0.9 0.4
v 1 1 0.4
v 0.9 0.9 0.3
v 0.9 1 0.3
v 1 1 0.3
v 1 0.9 0.3
v 1.1 0.9 0.4
v 1.1 0.9 0.3
v 1.1 1 0.3
v 1.1 1 0.4
v 1 1 0.4
v 1 0.9 0.4
v 1.1 0.9 0.4
v 1.1 1 0.4
v 1 0.9 0.3
v 1 1 0.3
v 1.1 1 0.3
v 1.1 0.9 0.3
v 1.1 1 0.1
v 1.1 1 0
v 1.1 0.9 0
v 1.1 0.9 0.1
v 1.2 0.9 0.1
v 1.2 0.9 0
v 1.2 1 0
v 1.2 1 0.1
v 1.1 1 0.1
v 1.1 0.9 0.1
v 1.2 0.9 0.1
v 1.2 1 0.1
v 1.1 0.9 0
v 1.1 1 0
v 1.2 1 0
v 1.2 0.9 0
v -1.2 0.9 0.1
v -1.2 0.9 0
v -1.2 0.8 0
v -1.2 0.8 0.1
v -1.2 0.9 0.1
v -1.2 0.8 0.1
v -1.1 0.8 0.1
v -1.1 0.9 0.1
v -1.2 0.8 0
v -1.2 0.9 0
v -1.1 0.9 0
v -1.1 0.8 0
v -1.1 0.9 0.1
v -1.1 0.8 0.1
v -1 0.8 0.1
v -1 0.9 0.1
v -1.1 0.8 0
v -1.1 0.9 0
v -1 0.9 0
v -1 0.8 0
v -1 0.9 0.1
v -1 0.8 0.1
v -0.9 0.8 0.1
v -0.9 0.9 0.1
v -1 0.8 0
v -1 0.9 0
v -0.9 0.9 0
v -0.9 0.8 0
v -0.9 0.9 0.1
v -0.9 0.8 0.1
v -0.8 0.8 0.1
v -0.8 0.9 0.1
v -0.9 0.8 0
v -0.9 0.9 0
v -0.8 0.9 0
v -0.8 0.8 0
v -0.8 0.9 0.1
v -0.8 0.8 0.1
v -0.7 0.8 0.1
v -0.7 0.9 0.1
v -0.8 0.8 0
v -0.8 0.9 0
v -0.7 0.9 0
v -0.7 0.8 0
v -0.7 0.9 0.1
v -0.7 0.8 0.1
v -0.6 0.8 0.1
v -0.6 0.9 0.1
v -0.7 0.8 0
v -0.7 0.9 0
v -0.6 0.9 0
v -0.6 0.8 0
v -0.6 0.9 0.1
v -0.6 0.8 0.1
v -0.5 0.8 0.1
v -0.5 0.9 0.1
v -0.6 0.8 0
v -0.6 0.9 0
v -0.5 0.9 0
v -0.5 0.8 0
v -0.4 0.8 0.1
v -0.4 0.8 0
v -0.4 0.9 0
v -0.4 0.9 0.1
v -0.5 0.9 0.1
v -0.5 0.8 0.1
v -0.4 0.8 0.1
v -0.4 0.9 0.1
v -0.5 0.8 0
v -0.5 0.9 0
v -0.4 0.9 0
v -0.4 0.8 0
v -0.4 0.9 0.2
v -0.4 0.9 0.1
v -0.4 0.8 0.1
v -0.4 0.8 0.2
v -0.3 0.8 0.2
v -0.3 0.8 0.1
v -0.3 0.9 0.1
v -0.3 0.9 0.2
v -0.4 0.9 0.2
v -0.4 0.8 0.2
v -0.3 0.8 0.2
v -0.3 0.9 0.2
v -0.4 0.8 0.1
v -0.4 0.9 0.1
v -0.3 0.9 0.1
v -0.3 0.8 0.1
v -0.4 0.8 0.2
v -0.4 0.8 0.1
v -0.3 0.8 0.1
v -0.3 0.8 0.2
v -0.3 0.9 0.2
v -0.3 0.9 0.1
v -0.4 0.9 0.1
v -0.4 0.9 0.2
v -0.3 0.9 0.1
v -0.3 0.9 0
v -0.3 0.8 0
v -0.3 0.8 0.1
v -0.3 0.9 0.1
v -0.3 0.8 0.1
v -0.2 0.8 0.1
v -0.2 0.9 0.1
v -0.3 0.8 0
v -0.3 0.9 0
v -0.2 0.9 0
v -0.2 0.8 0
v -0.1 0.8 0.1
v -0.1 0.8 0
v -0.1 0.9 0
v -0.1 0.9 0.1
v -0.2 0.9 0.1
v -0.2 0.8 0.1
v -0.1 0.8 0.1
v -0.1 0.9 0.1
v -0.2 0.8 0
v -0.2 0.9 0
v -0.1 0.9 0
v -0.1 0.8 0
v -0.1 0.9 0.2
v -0.1 0.9 0.1
v -0.1 0.8 0.1
v -0.1 0.8 0.2
v -0.1 0.9 0.2
v -0.1 0.8 0.2
v 0 0.8 0.2
v 0 0.9 0.2
v -0.1 0.8 0.1
v -0.1 0.9 0.1
v 0 0.9 0.1
v 0 0.8 0.1
v -0.1 0.8 0.2
v -0.1 0.8 0.1
v 0 0.8 0.1
v 0 0.8 0.2
v 0 0.9 0.2
v 0 0.9 0.1
v -0.1 0.9 0.1
v -0.1 0.9 0.2
v 0.1 0.8 0.2
v 0.1 0.8 0.1
v 0.1 0.9 0.1
v 0.1 0.9 0.2
v 0 0.9 0.2
v 0 0.8 0.2
v 0.1 0.8 0.2
v 0.1 0.9 0.2
v 0 0.8 0.1
v 0 0.9 0.1
v 0.1 0.9 0.1
v 0.1 0.8 0.1
v 0 0.8 0.2
v 0 0.8 0.1
v 0.1 0.8 0.1
v 0.1 0.8 0.2
v 0.1 0.9 0.2
v 0.1 0.9 0.1
v 0 0.9 0.1
v 0 0.9 0.2
v 0.1 0.9 0.4
v 0.1 0.9 0.3
v 0.1 0.8 0.3
v 0.1 0.8 0.4
v 0.1 0.9 0.4
v 0.1 0.8 0.4
v 0.2 0.8 0.4
v 0.2 0.9 0.4
v 0.1 0.8 0.3
v 0.1 0.9 0.3
v 0.2 0.9 0.3
v 0.2 0.8 0.3
v 0.2 0.9 0.4
v 0.2 0.9 0.3
v 0.1 0.9 0.3
v 0.1 0.9 0.4
v 0.2 0.9 0.4
v 0.2 0.8 0.4
v 0.3 0.8 0.4
v 0.3 0.9 0.4
v 0.2 0.8 0.3
v 0.2 0.9 0.3
v 0.3 0.9 0.3
v 0.3 0.8 0.3
v 0.4 0.8 0.4
v 0.4 0.8 0.3
v 0.4 0.9 0.3
v 0.4 0.9 0.4
v 0.3 0.9 0.4
v 0.3 0.8 0.4
v 0.4 0.8 0.4
v 0.4 0.9 0.4
v 0.3 0.8 0.3
v 0.3 0.9 0.3
v 0.4 0.9 0.3
v 0.4 0.8 0.3
v 0.4 0.9 0.2
v 0.4 0.9 0.1
v 0.4 0.8 0.1
v 0.4 0.8 0.2
v 0.5 0.8 0.2
v 0.5 0.8 0.1
v 0.5 0.9 0.1
v 0.5 0.9 0.2
v 0.4 0.9 0.2
v 0.4 0.8 0.2
v 0.5 0.8 0.2
v 0.5 0.9 0.2
v 0.4 0.8 0.1
v 0.4 0.9 0.1
v 0.5 0.9 0.1
v 0.5 0.8 0.1
v 0.4 0.8 0.2
v 0.4 0.8 0.1
v 0.5 0.8 0.1
v 0.5 0.8 0.2
v 0.5 0.9 0.2
v 0.5 0.9 0.1
v 0.4 0.9 0.1
v 0.4 0.9 0.2
v 0.5 0.9 0.4
v 0.5 0.9 0.3
v 0.5 0.8 0.3
v 0.5 0.8 0.4
v 0.5 0.9 0.4
v 0.5 0.8 0.4
v 0.6 0.8 0.4
v 0.6 0.9 0.4
v 0.5 0.8 0.3
v 0.5 0.9 0.3
v 0.6 0.9 0.3
v 0.6 0.8 0.3
v 0.6 0.9 0.4
v 0.6 0.8 0.4
v 0.7 0.8 0.4
v 0.7 0.9 0.4
v 0.6 0.8 0.3
v 0.6 0.9 0.3
v 0.7 0.9 0.3
v 0.7 0.8 0.3
v 0.7 0.9 0.4
v 0.7 0.8 0.4
v 0.8 0.8 0.4
v 0.8 0.9 0.4
v 0.7 0.8 0.3
v 0.7 0.9 0.3
v 0.8 0.9 0.3
v 0.8 0.8 0.3
v 0.8 0.9 0.4
v 0.8 0.8 0.4
v 0.9 0.8 0.4
v 0.9 0.9 0.4
v 0.8 0.8 0.3
v 0.8 0.9 0.3
v 0.9 0.9 0.3
v 0.9 0.8 0.3
v 0.9 0.9 0.4
v 0.9 0.8 0.4
v 1 0.8 0.4
v 1 0.9 0.4
v 0.9 0.8 0.3
v 0.9 0.9 0.3
v 1 0.9 0.3
v 1 0.8 0.3
v 1.1 0.8 0.4
v 1.1 0.8 0.3
v 1.1 0.9 0.3
v 1.1 0.9 0.4
v 1 0.9 0.4
v 1 0.8 0.4
v 1.1 0.8 0.4
v 1.1 0.9 0.4
v 1 0.8 0.3
v 1 0.9 0.3
v 1.1 0.9 0.3
v 1.1 0.8 0.3
v 1.1 0.9 0.1
v 1.1 0.9 0
v 1.1 0.8 0
v 1.1 0.8 0.1
v 1.2 0.8 0.1
v 1.2 0.8 0
v 1.2 0.9 0
v 1.2 0.9 0.1
v 1.1 0.9 0.1
v 1.1 0.8 0.1
v 1.2 0.8 0.1
v 1.2 0.9 0.1
v 1.1 0.8 0
v 1.1 0.9 0
v 1.2 0.9 0
v 1.2 0.8 0
v -1.2 0.8 0.1
v -1.2 0.8 0
v -1.2 0.7 0
v -1.2 0.7 0.1
v -1.2 0.8 0.1
v -1.2 0.7 0.1
v -1.1 0.7 0.1
v -1.1 0.8 0.1
v -1.2 0.7 0
v -1.2 0.8 0
v -1.1 0.8 0
v -1.1 0.7 0
v -1.2 0.7 0.1
v -1.2 0.7 0
v -1.1 0.7 0
v -1.1 0.7 0.1
v -1.1 0.8 0.1
v -1.1 0.7 0.1
v -1 0.7 0.1
v -1 0.8 0.1
v -1.1 0.7 0
v -1.1 0.8 0
v -1 0.8 0
v -1 0.7 0
v -1 0.8 0.1
v -1 0.7 0.1
v -0.9 0.7 0.1
v -0.9 0.8 0.1
v -1 0.7 0
v -1 0.8 0
v -0.9 0.8 0
v -0.9 0.7 0
v -0.9 0.8 0.1
v -0.9 0.7 0.1
v -0.8 0.7 0.1
v -0.8 0.8 0.1
v -0.9 0.7 0
v -0.9 0.8 0
v -0.8 0.8 0
v -0.8 0.7 0
v -0.8 0.8 0.1
v -0.8 0.7 0.1
v -0.7 0.7 0.1
v -0.7 0.8 0.1
v -0.8 0.7 0
v -0.8 0.8 0
v -0.7 0.8 0
v -0.7 0.7 0
v -0.7 0.8 0.1
v -0.7 0.7 0.1
v -0.6 0.7 0.1
v -0.6 0.8 0.1
v -0.7 0.7 0
v -0.7 0.8 0
v -0.6 0.8 0
v -0.6 0.7 0
v -0.6 0.8 0.1
v -0.6 0.7 0.1
v -0.5 0.7 0.1
v -0.5 0.8 0.1
v -0.6 0.7 0
v -0.6 0.8 0
v -0.5 0.8 0
v -0.5 0.7 0
v -0.5 0.8 0.1
v -0.5 0.7 0.1
v -0.4 0.7 0.1
v -0.4 0.8 0.1
v -0.5 0.7 0
v -0.5 0.8 0
v -0.4 0.8 0
v -0.4 0.7 0
v -0.4 0.8 0.1
v -0.4 0.7 0.1
v -0.3 0.7 0.1
v -0.3 0.8 0.1
v -0.4 0.7 0
v -0.4 0.8 0
v -0.3 0.8 0
v -0.3 0.7 0
v -0.3 0.8 0.1
v -0.3 0.8 0
v -0.4 0.8 0
v -0.4 0.8 0.1
v -0.3 0.8 0.1
v -0.3 0.7 0.1
v -0.2 0.7 0.1
v -0.2 0.8 0.1
v -0.3 0.7 0
v -0.3 0.8 0
v -0.2 0.8 0
v -0.2 0.7 0
v -0.3 0.7 0.1
v -0.3 0.7 0
v -0.2 0.7 0
v -0.2 0.7 0.1
v -0.2 0.8 0.1
v -0.2 0.7 0.1
v -0.1 0.7 0.1
v -0.1 0.8 0.1
v -0.2 0.7 0
v -0.2 0.8 0
v -0.1 0.8 0
v -0.1 0.7 0
v -0.2 0.7 0.1
v -0.2 0.7 0
v -0.1 0.7 0
v -0.1 0.7 0.1
v -0.1 0.8 0.1
v -0.1 0.7 0.1
v 0 0.7 0.1
v 0 0.8 0.1
v -0.1 0.7 0
v -0.1 0.8 0
v 0 0.8 0
v 0 0.7 0
v 0 0.8 0.1
v 0 0.8 0
v -0.1 0.8 0
v -0.1 0.8 0.1
v 0.1 0.7 0.1
v 0.1 0.7 0
v 0.1 0.8 0
v 0.1 0.8 0.1
v 0 0.8 0.1
v 0 0.7 0.1
v 0.1 0.7 0.1
v 0.1 0.8 0.1
v 0 0.7 0
v 0 0.8 0
v 0.1 0.8 0
v 0.1 0.7 0
v 0 0.7 0.1
v 0 0.7 0
v 0.1 0.7 0
v 0.1 0.7 0.1
v 0.1 0.8 0.1
v 0.1 0.8 0
v 0 0.8 0
v 0 0.8 0.1
v 0.1 0.8 0.4
v 0.1 0.8 0.3
v 0.1 0.7 0.3
v 0.1 0.7 0.4
v 0.1 0.8 0.4
v 0.1 0.7 0.4
v 0.2 0.7 0.4
v 0.2 0.8 0.4
v 0.1 0.7 0.3
v 0.1 0.8 0.3
v 0.2 0.8 0.3
v 0.2 0.7 0.3
v 0.2 0.8 0.4
v 0.2 0.7 0.4
v 0.3 0.7 0.4
v 0.3 0.8 0.4
v 0.2 0.7 0.3
v 0.2 0.8 0.3
v 0.3 0.8 0.3
v 0.3 0.7 0.3
v 0.4 0.7 0.4
v 0.4 0.7 0.3
v 0.4 0.8 0.3
v 0.4 0.8 0.4
v 0.3 0.8 0.4
v 0.3 0.7 0.4
v 0.4 0.7 0.4
v 0.4 0.8 0.4
v 0.3 0.7 0.3
v 0.3 0.8 0.3
v 0.4 0.8 0.3
v 0.4 0.7 0.3
v 0.4 0.8 0.1
v 0.4 0.8 0
v 0.4 0.7 0
v 0.4 0.7 0.1
v 0.5 0.7 0.1
v 0.5 0.7 0
v 0.5 0.8 0
v 0.5 0.8 0.1
v 0.4 0.8 0.1
v 0.4 0.7 0.1
v 0.5 0.7 0.1
v 0.5 0.8 0.1
v 0.4 0.7 0
v 0.4 0.8 0
v 0.5 0.8 0
v 0.5 0.7 0
v 0.5 0.8 0.1
v 0.5 0.8 0
v 0.4 0.8 0
v 0.4 0.8 0.1
v 0.5 0.8 0.4
v 0.5 0.8 0.3
v 0.5 0.7 0.3
v 0.5 0.7 0.4
v 0.5 0.8 0.4
v 0.5 0.7 0.4
v 0.6 0.7 0.4
v 0.6 0.8 0.4
v 0.5 0.7 0.3
v 0.5 0.8 0.3
v 0.6 0.8 0.3
v 0.6 0.7 0.3
v 0.6 0.8 0.4
v 0.6 0.7 0.4
v 0.7 0.7 0.4
v 0.7 0.8 0.4
v 0.6 0.7 0.3
v 0.6 0.8 0.3
v 0.7 0.8 0.3
v 0.7 0.7 0.3
v 0.7 0.8 0.4
v 0.7 0.7 0.4
v 0.8 0.7 0.4
v 0.8 0.8 0.4
v 0.7 0.7 0.3
v 0.7 0.8 0.3
v 0.8 0.8 0.3
v 0.8 0.7 0.3
v 0.8 0.8 0.4
v 0.8 0.7 0.4
v 0.9 0.7 0.4
v 0.9 0.8 0.4
v 0.8 0.7 0.3
v 0.8 0.8 0.3
v 0.9 0.8 0.3
v 0.9 0.7 0.3
v 0.9 0.8 0.4
v 0.9 0.7 0.4
v 1 0.7 0.4
v 1 0.8 0.4
v 0.9 0.7 0.3
v 0.9 0.8 0.3
v 1 0.8 0.3
v 1 0.7 0.3
v 1.1 0.7 0.4
v 1.1 0.7 0.3
v 1.1 0.8 0.3
v 1.1 0.8 0.4
v 1 0.8 0.4
v 1 0.7 0.4
v 1.1 0.7 0.4
v 1.1 0.8 0.4
v 1 0.7 0.3
v 1 0.8 0.3
v 1.1 0.8 0.3
v 1.1 0.7 0.3
v 1.1 0.8 0.1
v 1.1 0.8 0
v 1.1 0.7 0
v 1.1 0.7 0.1
v 1.2 0.7 0.1
v 1.2 0.7 0
v 1.2 0.8 0
v 1.2 0.8 0.1
v 1.1 0.8 0.1
v 1.1 0.7 0.1
v 1.2 0.7 0.1
v 1.2 0.8 0.1
v 1.1 0.7 0
v 1.1 0.8 0
v 1.2 0.8 0
v 1.2 0.7 0
v -1.2 0.7 0.2
v -1.2 0.7 0.1
v -1.2 0.6 0.1
v -1.2 0.6 0.2
v -1.1 0.6 0.2
v -1.1 0.6 0.1
v -1.1 0.7 0.1
v -1.1 0.7 0.2
v -1.2 0.7 0.2
v -1.2 0.6 0.2
v -1.1 0.6 0.2
v -1.1 0.7 0.2
v -1.2 0.6 0.1
v -1.2 0.7 0.1
v -1.1 0.7 0.1
v -1.1 0.6 0.1
v -1.2 0.6 0.2
v -1.2 0.6 0.1
v -1.1 0.6 0.1
v -1.1 0.6 0.2
v -1.1 0.7 0.2
v -1.1 0.7 0.1
v -1.2 0.7 0.1
v -1.2 0.7 0.2
v -1.1 0.7 0.1
v -1.1 0.7 0
v -1.1 0.6 0
v -1.1 0.6 0.1
v -1.1 0.7 0.1
v -1.1 0.6 0.1
v -1 0.6 0.1
v -1 0.7 0.1
v -1.1 0.6 0
v -1.1 0.7 0
v -1 0.7 0
v -1 0.6 0
v -1 0.7 0.1
v -1 0.6 0.1
v -0.9 0.6 0.1
v -0.9 0.7 0.1
v -1 0.6 0
v -1 0.7 0
v -0.9 0.7 0
v -0.9 0.6 0
v -0.9 0.7 0.1
v -0.9 0.6 0.1
v -0.8 0.6 0.1
v -0.8 0.7 0.1
v -0.9 0.6 0
v -0.9 0.7 0
v -0.8 0.7 0
v -0.8 0.6 0
v -0.8 0.7 0.1
v -0.8 0.6 0.1
v -0.7 0.6 0.1
v -0.7 0.7 0.1
v -0.8 0.6 0
v -0.8 0.7 0
v -0.7 0.7 0
v -0.7 0.6 0
v -0.7 0.7 0.1
v -0.7 0.6 0.1
v -0.6 0.6 0.1
v -0.6 0.7 0.1
v -0.7 0.6 0
v -0.7 0.7 0
v -0.6 0.7 0
v -0.6 0.6 0
v -0.6 0.7 0.1
v -0.6 0.6 0.1
v -0.5 0.6 0.1
v -0.5 0.7 0.1
v -0.6 0.6 0
v -0.6 0.7 0
v -0.5 0.7 0
v -0.5 0.6 0
v -0.5 0.7 0.1
v -0.5 0.6 0.1
v -0.4 0.6 0.1
v -0.4 0.7 0.1
v -0.5 0.6 0
v -0.5 0.7 0
v -0.4 0.7 0
v -0.4 0.6 0
v -0.3 0.6 0.1
v -0.3 0.6 0
v -0.3 0.7 0
v -0.3 0.7 0.1
v -0.4 0.7 0.1
v -0.4 0.6 0.1
v -0.3 0.6 0.1
v -0.3 0.7 0.1
v -0.4 0.6 0
v -0.4 0.7 0
v -0.3 0.7 0
v -0.3 0.6 0
v -0.3 0.7 0.2
v -0.3 0.7 0.1
v -0.3 0.6 0.1
v -0.3 0.6 0.2
v -0.3 0.7 0.2
v -0.3 0.6 0.2
v -0.2 0.6 0.2
v -0.2 0.7 0.2
v -0.3 0.6 0.1
v -0.3 0.7 0.1
v -0.2 0.7 0.1
v -0.2 0.6 0.1
v -0.3 0.6 0.2
v -0.3 0.6 0.1
v -0.2 0.6 0.1
v -0.2 0.6 0.2
v -0.2 0.7 0.2
v -0.2 0.7 0.1
v -0.3 0.7 0.1
v -0.3 0.7 0.2
v -0.1 0.6 0.2
v -0.1 0.6 0.1
v -0.1 0.7 0.1
v -0.1 0.7 0.2
v -0.2 0.7 0.2
v -0.2 0.6 0.2
v -0.1 0.6 0.2
v -0.1 0.7 0.2
v -0.2 0.6 0.1
v -0.2 0.7 0.1
v -0.1 0.7 0.1
v -0.1 0.6 0.1
v -0.2 0.6 0.2
v -0.2 0.6 0.1
v -0.1 0.6 0.1
v -0.1 0.6 0.2
v -0.1 0.7 0.2
v -0.1 0.7 0.1
v -0.2 0.7 0.1
v -0.2 0.7 0.2
v -0.1 0.7 0.1
v -0.1 0.7 0
v -0.1 0.6 0
v -0.1 0.6 0.1
v 0 0.6 0.1
v 0 0.6 0
v 0 0.7 0
v 0 0.7 0.1
v -0.1 0.7 0.1
v -0.1 0.6 0.1
v 0 0.6 0.1
v 0 0.7 0.1
v -0.1 0.6 0
v -0.1 0.7 0
v 0 0.7 0
v 0 0.6 0
v 0 0.7 0.2
v 0 0.7 0.1
v 0 0.6 0.1
v 0 0.6 0.2
v 0.1 0.6 0.2
v 0.1 0.6 0.1
v 0.1 0.7 0.1
v 0.1 0.7 0.2
v 0 0.7 0.2
v 0 0.6 0.2
v 0.1 0.6 0.2
v 0.1 0.7 0.2
v 0 0.6 0.1
v 0 0.7 0.1
v 0.1 0.7 0.1
v 0.1 0.6 0.1
v 0.1 0.7 0.2
v 0.1 0.7 0.1
v 0 0.7 0.1
v 0 0.7 0.2
v 0.1 0.7 0.4
v 0.1 0.7 0.3
v 0.1 0.6 0.3
v 0.1 0.6 0.4
v 0.1 0.7 0.4
v 0.1 0.6 0.4
v 0.2 0.6 0.4
v 0.2 0.7 0.4
v 0.1 0.6 0.3
v 0.1 0.7 0.3
v 0.2 0.7 0.3
v 0.2 0.6 0.3
v 0.2 0.7 0.4
v 0.2 0.6 0.4
v 0.3 0.6 0.4
v 0.3 0.7 0.4
v 0.2 0.6 0.3
v 0.2 0.7 0.3
v 0.3 0.7 0.3
v 0.3 0.6 0.3
v 0.4 0.6 0.4
v 0.4 0.6 0.3
v 0.4 0.7 0.3
v 0.4 0.7 0.4
v 0.3 0.7 0.4
v 0.3 0.6 0.4
v 0.4 0.6 0.4
v 0.4 0.7 0.4
v 0.3 0.6 0.3
v 0.3 0.7 0.3
v 0.4 0.7 0.3
v 0.4 0.6 0.3
v 0.4 0.7 0.1
v 0.4 0.7 0
v 0.4 0.6 0
v 0.4 0.6 0.1
v 0.5 0.6 0.1
v 0.5 0.6 0
v 0.5 0.7 0
v 0.5 0.7 0.1
v 0.4 0.7 0.1
v 0.4 0.6 0.1
v 0.5 0.6 0.1
v 0.5 0.7 0.1
v 0.4 0.6 0
v 0.4 0.7 0
v 0.5 0.7 0
v 0.5 0.6 0
v 0.5 0.7 0.4
v 0.5 0.7 0.3
v 0.5 0.6 0.3
v 0.5 0.6 0.4
v 0.5 0.7 0.4
v 0.5 0.6 0.4
v 0.6 0.6 0.4
v 0.6 0.7 0.4
v 0.5 0.6 0.3
v 0.5 0.7 0.3
v 0.6 0.7 0.3
v 0.6 0.6 0.3
v 0.6 0.7 0.4
v 0.6 0.6 0.4
v 0.7 0.6 0.4
v 0.7 0.7 0.4
v 0.6 0.6 0.3
v 0.6 0.7 0.3
v 0.7 0.7 0.3
v 0.7 0.6 0.3
v 0.7 0.7 0.4
v 0.7 0.6 0.4
v 0.8 0.6 0.4
v 0.8 0.7 0.4
v 0.7 0.6 0.3
v 0.7 0.7 0.3
v 0.8 0.7 0.3
v 0.8 0.6 0.3
v 0.8 0.7 0.4
v 0.8 0.6 0.4
v 0.9 0.6 0.4
v 0.9 0.7 0.4
v 0.8 0.6 0.3
v 0.8 0.7 0.3
v 0.9 0.7 0.3
v 0.9 0.6 0.3
v 0.9 0.7 0.4
v 0.9 0.6 0.4
v 1 0.6 0.4
v 1 0.7 0.4
v 0.9 0.6 0.3
v 0.9 0.7 0.3
v 1 0.7 0.3
v 1 0.6 0.3
v 1.1 0.6 0.4
v 1.1 0.6 0.3
v 1.1 0.7 0.3
v 1.1 0.7 0.4
v 1 0.7 0.4
v 1 0.6 0.4
v 1.1 0.6 0.4
v 1.1 0.7 0.4
v 1 0.6 0.3
v 1 0.7 0.3
v 1.1 0.7 0.3
v 1.1 0.6 0.3
v 1.1 0.7 0.1
v 1.1 0.7 0
v 1.1 0.6 0
v 1.1 0.6 0.1
v 1.2 0.6 0.1
v 1.2 0.6 0
v 1.2 0.7 0
v 1.2 0.7 0.1
v 1.1 0.7 0.1
v 1.1 0.6 0.1
v 1.2 0.6 0.1
v 1.2 0.7 0.1
v 1.1 0.6 0
v 1.1 0.7 0
v 1.2 0.7 0
v 1.2 0.6 0
v -1.2 0.6 0.1
v -1.2 0.6 0
v -1.2 0.5 0
v -1.2 0.5 0.1
v -1.2 0.6 0.1
v -1.2 0.5 0.1
v -1.1 0.5 0.1
v -1.1 0.6 0.1
v -1.2 0.5 0
v -1.2 0.6 0
v -1.1 0.6 0
v -1.1 0.5 0
v -1.1 0.6 0.1
v -1.1 0.6 0
v -1.2 0.6 0
v -1.2 0.6 0.1
v -1.1 0.6 0.1
v -1.1 0.5 0.1
v -1 0.5 0.1
v -1 0.6 0.1
v -1.1 0.5 0
v -1.1 0.6 0
v -1 0.6 0
v -1 0.5 0
v -1 0.6 0.1
v -1 0.5 0.1
v -0.9 0.5 0.1
v -0.9 0.6 0.1
v -1 0.5 0
v -1 0.6 0
v -0.9 0.6 0
v -0.9 0.5 0
v -0.9 0.6 0.1
v -0.9 0.5 0.1
v -0.8 0.5 0.1
v -0.8 0.6 0.1
v -0.9 0.5 0
v -0.9 0.6 0
v -0.8 0.6 0
v -0.8 0.5 0
v -0.8 0.6 0.1
v -0.8 0.5 0.1
v -0.7 0.5 0.1
v -0.7 0.6 0.1
v -0.8 0.5 0
v -0.8 0.6 0
v -0.7 0.6 0
v -0.7 0.5 0
v -0.7 0.6 0.1
v -0.7 0.5 0.1
v -0.6 0.5 0.1
v -0.6 0.6 0.1
v -0.7 0.5 0
v -0.7 0.6 0
v -0.6 0.6 0
v -0.6 0.5 0
v -0.6 0.6 0.1
v -0.6 0.5 0.1
v -0.5 0.5 0.1
v -0.5 0.6 0.1
v -0.6 0.5 0
v -0.6 0.6 0
v -0.5 0.6 0
v -0.5 0.5 0
v -0.5 0.6 0.1
v -0.5 0.5 0.1
v -0.4 0.5 0.1
v -0.4 0.6 0.1
v -0.5 0.5 0
v -0.5 0.6 0
v -0.4 0.6 0
v -0.4 0.5 0
v -0.4 0.6 0.1
v -0.4 0.5 0.1
v -0.3 0.5 0.1
v -0.3 0.6 0.1
v -0.4 0.5 0
v -0.4 0.6 0
v -0.3 0.6 0
v -0.3 0.5 0
v -0.2 0.5 0.1
v -0.2 0.5 0
v -0.2 0.6 0
v -0.2 0.6 0.1
v -0.3 0.6 0.1
v -0.3 0.5 0.1
v -0.2 0.5 0.1
v -0.2 0.6 0.1
v -0.3 0.5 0
v -0.3 0.6 0
v -0.2 0.6 0
v -0.2 0.5 0
v -0.2 0.6 0.1
v -0.2 0.6 0
v -0.3 0.6 0
v -0.3 0.6 0.1
v -0.2 0.6 0.4
v -0.2 0.6 0.3
v -0.2 0.5 0.3
v -0.2 0.5 0.4
v -0.1 0.5 0.4
v -0.1 0.5 0.3
v -0.1 0.6 0.3
v -0.1 0.6 0.4
v -0.2 0.6 0.4
v -0.2 0.5 0.4
v -0.1 0.5 0.4
v -0.1 0.6 0.4
v -0.2 0.5 0.3
v -0.2 0.6 0.3
v -0.1 0.6 0.3
v -0.1 0.5 0.3
v -0.2 0.5 0.4
v -0.2 0.5 0.3
v -0.1 0.5 0.3
v -0.1 0.5 0.4
v -0.1 0.6 0.4
v -0.1 0.6 0.3
v -0.2 0.6 0.3
v -0.2 0.6 0.4
v -0.1 0.6 0.1
v -0.1 0.6 0
v -0.1 0.5 0
v -0.1 0.5 0.1
v 0 0.5 0.1
v 0 0.5 0
v 0 0.6 0
v 0 0.6 0.1
v -0.1 0.6 0.1
v -0.1 0.5 0.1
v 0 0.5 0.1
v 0 0.6 0.1
v -0.1 0.5 0
v -0.1 0.6 0
v 0 0.6 0
v 0 0.5 0
v 0 0.6 0.2
v 0 0.6 0.1
v 0 0.5 0.1
v 0 0.5 0.2
v 0.1 0.5 0.2
v 0.1 0.5 0.1
v 0.1 0.6 0.1
v 0.1 0.6 0.2
v 0 0.6 0.2
v 0 0.5 0.2
v 0.1 0.5 0.2
v 0.1 0.6 0.2
v 0 0.5 0.1
v 0 0.6 0.1
v 0.1 0.6 0.1
v 0.1 0.5 0.1
v 0 0.5 0.2
v 0 0.5 0.1
v 0.1 0.5 0.1
v 0.1 0.5 0.2
v 0.1 0.6 0.4
v 0.1 0.6 0.3
v 0.1 0.5 0.3
v 0.1 0.5 0.4
v 0.1 0.6 0.4
v 0.1 0.5 0.4
v 0.2 0.5 0.4
v 0.2 0.6 0.4
v 0.1 0.5 0.3
v 0.1 0.6 0.3
v 0.2 0.6 0.3
v 0.2 0.5 0.3
v 0.2 0.6 0.4
v 0.2 0.5 0.4
v 0.3 0.5 0.4
v 0.3 0.6 0.4
v 0.2 0.5 0.3
v 0.2 0.6 0.3
v 0.3 0.6 0.3
v 0.3 0.5 0.3
v 0.4 0.5 0.4
v 0.4 0.5 0.3
v 0.4 0.6 0.3
v 0.4 0.6 0.4
v 0.3 0.6 0.4
v 0.3 0.5 0.4
v 0.4 0.5 0.4
v 0.4 0.6 0.4
v 0.3 0.5 0.3
v 0.3 0.6 0.3
v 0.4 0.6 0.3
v 0.4 0.5 0.3
v 0.4 0.6 0.1
v 0.4 0.6 0
v 0.4 0.5 0
v 0.4 0.5 0.1
v 0.5 0.5 0.1
v 0.5 0.5 0
v 0.5 0.6 0
v 0.5 0.6 0.1
v 0.4 0.6 0.1
v 0.4 0.5 0.1
v 0.5 0.5 0.1
v 0.5 0.6 0.1
v 0.4 0.5 0
v 0.4 0.6 0
v 0.5 0.6 0
v 0.5 0.5 0
v 0.4 0.5 0.1
v 0.4 0.5 0
v 0.5 0.5 0
v 0.5 0.5 0.1
v 0.5 0.6 0.4
v 0.5 0.6 0.3
v 0.5 0.5 0.3
v 0.5 0.5 0.4
v 0.5 0.6 0.4
v 0.5 0.5 0.4
v 0.6 0.5 0.4
v 0.6 0.6 0.4
v 0.5 0.5 0.3
v 0.5 0.6 0.3
v 0.6 0.6 0.3
v 0.6 0.5 0.3
v 0.6 0.6 0.4
v 0.6 0.5 0.4
v 0.7 0.5 0.4
v 0.7 0.6 0.4
v 0.6 0.5 0.3
v 0.6 0.6 0.3
v 0.7 0.6 0.3
v 0.7 0.5 0.3
v 0.7 0.6 0.4
v 0.7 0.5 0.4
v 0.8 0.5 0.4
v 0.8 0.6 0.4
v 0.7 0.5 0.3
v 0.7 0.6 0.3
v 0.8 0.6 0.3
v 0.8 0.5 0.3
v 0.8 0.6 0.4
v 0.8 0.5 0.4
v 0.9 0.5 0.4
v 0.9 0.6 0.4
v 0.8 0.5 0.3
v 0.8 0.6 0.3
v 0.9 0.6 0.3
v 0.9 0.5 0.3
v 0.9 0.6 0.4
v 0.9 0.5 0.4
v 1 0.5 0.4
v 1 0.6 0.4
v 0.9 0.5 0.3
v 0.9 0.6 0.3
v 1 0.6 0.3
v 1 0.5 0.3
v 1.1 0.5 0.4
v 1.1 0.5 0.3
v 1.1 0.6 0.3
v 1.1 0.6 0.4
v 1 0.6 0.4
v 1 0.5 0.4
v 1.1 0.5 0.4
v 1.1 0.6 0.4
v 1 0.5 0.3
v 1 0.6 0.3
v 1.1 0.6 0.3
v 1.1 0.5 0.3
v 1.1 0.6 0.1
v 1.1 0.6 0
v 1.1 0.5 0
v 1.1 0.5 0.1
v 1.2 0.5 0.1
v 1.2 0.5 0
v 1.2 0.6 0
v 1.2 0.6 0.1
v 1.1 0.6 0.1
v 1.1 0.5 0.1
v 1.2 0.5 0.1
v 1.2 0.6 0.1
v 1.1 0.5 0
v 1.1 0.6 0
v 1.2 0.6 0
v 1.2 0.5 0
v -1.2 0.5 0.1
v -1.2 0.5 0
v -1.2 0.4 0
v -1.2 0.4 0.1
v -1.2 0.5 0.1
v -1.2 0.4 0.1
v -1.1 0.4 0.1
v -1.1 0.5 0.1
v -1.2 0.4 0
v -1.2 0.5 0
v -1.1 0.5 0
v -1.1 0.4 0
v -1.1 0.5 0.1
v -1.1 0.4 0.1
v -1 0.4 0.1
v -1 0.5 0.1
v -1.1 0.4 0
v -1.1 0.5 0
v -1 0.5 0
v -1 0.4 0
v -1 0.5 0.1
v -1 0.4 0.1
v -0.9 0.4 0.1
v -0.9 0.5 0.1
v -1 0.4 0
v -1 0.5 0
v -0.9 0.5 0
v -0.9 0.4 0
v -0.9 0.5 0.1
v -0.9 0.4 0.1
v -0.8 0.4 0.1
v -0.8 0.5 0.1
v -0.9 0.4 0
v -0.9 0.5 0
v -0.8 0.5 0
v -0.8 0.4 0
v -0.8 0.5 0.1
v -0.8 0.4 0.1
v -0.7 0.4 0.1
v -0.7 0.5 0.1
v -0.8 0.4 0
v -0.8 0.5 0
v -0.7 0.5 0
v -0.7 0.4 0
v -0.7 0.5 0.1
v -0.7 0.4 0.1
v -0.6 0.4 0.1
v -0.6 0.5 0.1
v -0.7 0.4 0
v -0.7 0.5 0
v -0.6 0.5 0
v -0.6 0.4 0
v -0.6 0.5 0.1
v -0.6 0.4 0.1
v -0.5 0.4 0.1
v -0.5 0.5 0.1
v -0.6 0.4 0
v -0.6 0.5 0
v -0.5 0.5 0
v -0.5 0.4 0
v -0.5 0.5 0.1
v -0.5 0.4 0.1
v -0.4 0.4 0.1
v -0.4 0.5 0.1
v -0.5 0.4 0
v -0.5 0.5 0
v -0.4 0.5 0
v -0.4 0.4 0
v -0.4 0.5 0.1
v -0.4 0.4 0.1
v -0.3 0.4 0.1
v -0.3 0.5 0.1
v -0.4 0.4 0
v -0.4 0.5 0
v -0.3 0.5 0
v -0.3 0.4 0
v -0.2 0.4 0.1
v -0.2 0.4 0
v -0.2 0.5 0
v -0.2 0.5 0.1
v -0.3 0.5 0.1
v -0.3 0.4 0.1
v -0.2 0.4 0.1
v -0.2 0.5 0.1
v -0.3 0.4 0
v -0.3 0.5 0
v -0.2 0.5 0
v -0.2 0.4 0
v -0.2 0.5 0.2
v -0.2 0.5 0.1
v -0.2 0.4 0.1
v -0.2 0.4 0.2
v -0.1 0.4 0.2
v -0.1 0.4 0.1
v -0.1 0.5 0.1
v -0.1 0.5 0.2
v -0.2 0.5 0.2
v -0.2 0.4 0.2
v -0.1 0.4 0.2
v -0.1 0.5 0.2
v -0.2 0.4 0.1
v -0.2 0.5 0.1
v -0.1 0.5 0.1
v -0.1 0.4 0.1
v -0.2 0.4 0.2
v -0.2 0.4 0.1
v -0.1 0.4 0.1
v -0.1 0.4 0.2
v -0.1 0.5 0.2
v -0.1 0.5 0.1
v -0.2 0.5 0.1
v -0.2 0.5 0.2
v -0.1 0.5 0.1
v -0.1 0.5 0
v -0.1 0.4 0
v -0.1 0.4 0.1
v -0.1 0.5 0.1
v -0.1 0.4 0.1
v 0 0.4 0.1
v 0 0.5 0.1
v -0.1 0.4 0
v -0.1 0.5 0
v 0 0.5 0
v 0 0.4 0
v -0.1 0.4 0.1
v -0.1 0.4 0
v 0 0.4 0
v 0 0.4 0.1
v 0.1 0.4 0.1
v 0.1 0.4 0
v 0.1 0.5 0
v 0.1 0.5 0.1
v 0 0.5 0.1
v 0 0.4 0.1
v 0.1 0.4 0.1
v 0.1 0.5 0.1
v 0 0.4 0
v 0 0.5 0
v 0.1 0.5 0
v 0.1 0.4 0
v 0.1 0.5 0.1
v 0.1 0.5 0
v 0 0.5 0
v 0 0.5 0.1
v 0.1 0.5 0.4
v 0.1 0.5 0.3
v 0.1 0.4 0.3
v 0.1 0.4 0.4
v 0.1 0.5 0.4
v 0.1 0.4 0.4
v 0.2 0.4 0.4
v 0.2 0.5 0.4
v 0.1 0.4 0.3
v 0.1 0.5 0.3
v 0.2 0.5 0.3
v 0.2 0.4 0.3
v 0.2 0.5 0.4
v 0.2 0.4 0.4
v 0.3 0.4 0.4
v 0.3 0.5 0.4
v 0.2 0.4 0.3
v 0.2 0.5 0.3
v 0.3 0.5 0.3
v 0.3 0.4 0.3
v 0.4 0.4 0.4
v 0.4 0.4 0.3
v 0.4 0.5 0.3
v 0.4 0.5 0.4
v 0.3 0.5 0.4
v 0.3 0.4 0.4
v 0.4 0.4 0.4
v 0.4 0.5 0.4
v 0.3 0.4 0.3
v 0.3 0.5 0.3
v 0.4 0.5 0.3
v 0.4 0.4 0.3
v 0.4 0.5 0.2
v 0.4 0.5 0.1
v 0.4 0.4 0.1
v 0.4 0.4 0.2
v 0.5 0.4 0.2
v 0.5 0.4 0.1
v 0.5 0.5 0.1
v 0.5 0.5 0.2
v 0.4 0.5 0.2
v 0.4 0.4 0.2
v 0.5 0.4 0.2
v 0.5 0.5 0.2
v 0.4 0.4 0.1
v 0.4 0.5 0.1
v 0.5 0.5 0.1
v 0.5 0.4 0.1
v 0.4 0.4 0.2
v 0.4 0.4 0.1
v 0.5 0.4 0.1
v 0.5 0.4 0.2
v 0.5 0.5 0.2
v 0.5 0.5 0.1
v 0.4 0.5 0.1
v 0.4 0.5 0.2
v 0.5 0.5 0.4
v 0.5 0.5 0.3
v 0.5 0.4 0.3
v 0.5 0.4 0.4
v 0.5 0.5 0.4
v 0.5 0.4 0.4
v 0.6 0.4 0.4
v 0.6 0.5 0.4
v 0.5 0.4 0.3
v 0.5 0.5 0.3
v 0.6 0.5 0.3
v 0.6 0.4 0.3
v 0.6 0.5 0.4
v 0.6 0.4 0.4
v 0.7 0.4 0.4
v 0.7 0.5 0.4
v 0.6 0.4 0.3
v 0.6 0.5 0.3
v 0.7 0.5 0.3
v 0.7 0.4 0.3
v 0.7 0.5 0.4
v 0.7 0.4 0.4
v 0.8 0.4 0.4
v 0.8 0.5 0.4
v 0.7 0.4 0.3
v 0.7 0.5 0.3
v 0.8 0.5 0.3
v 0.8 0.4 0.3
v 0.8 0.5 0.4
v 0.8 0.4 0.4
v 0.9 0.4 0.4
v 0.9 0.5 0.4
v 0.8 0.4 0.3
v 0.8 0.5 0.3
v 0.9 0.5 0.3
v 0.9 0.4 0.3
v 0.9 0.5 0.4
v 0.9 0.4 0.4
v 1 0.4 0.4
v 1 0.5 0.4
v 0.9 0.4 0.3
v 0.9 0.5 0.3
v 1 0.5 0.3
v 1 0.4 0.3
v 1.1 0.4 0.4
v 1.1 0.4 0.3
v 1.1 0.5 0.3
v 1.1 0.5 0.4
v 1 0.5 0.4
v 1 0.4 0.4
v 1.1 0.4 0.4
v 1.1 0.5 0.4
v 1 0.4 0.3
v 1 0.5 0.3
v 1.1 0.5 0.3
v 1.1 0.4 0.3
v 1.1 0.5 0.1
v 1.1 0.5 0
v 1.1 0.4 0
v 1.1 0.4 0.1
v 1.2 0.4 0.1
v 1.2 0.4 0
v 1.2 0.5 0
v 1.2 0.5 0.1
v 1.1 0.5 0.1
v 1.1 0.4 0.1
v 1.2 0.4 0.1
v 1.2 0.5 0.1
v 1.1 0.4 0
v 1.1 0.5 0
v 1.2 0.5 0
v 1.2 0.4 0
v -1.2 0.4 0.1
v -1.2 0.4 0
v -1.2 0.3 0
v -1.2 0.3 0.1
v -1.2 0.4 0.1
v -1.2 0.3 0.1
v -1.1 0.3 0.1
v -1.1 0.4 0.1
v -1.2 0.3 0
v -1.2 0.4 0
v -1.1 0.4 0
v -1.1 0.3 0
v -1.1 0.4 0.1
v -1.1 0.3 0.1
v -1 0.3 0.1
v -1 0.4 0.1
v -1.1 0.3 0
v -1.1 0.4 0
v -1 0.4 0
v -1 0.3 0
v -1 0.4 0.1
v -1 0.3 0.1
v -0.9 0.3 0.1
v -0.9 0.4 0.1
v -1 0.3 0
v -1 0.4 0
v -0.9 0.4 0
v -0.9 0.3 0
v -0.9 0.4 0.1
v -0.9 0.3 0.1
v -0.8 0.3 0.1
v -0.8 0.4 0.1
v -0.9 0.3 0
v -0.9 0.4 0
v -0.8 0.4 0
v -0.8 0.3 0
v -0.8 0.4 0.1
v -0.8 0.3 0.1
v -0.7 0.3 0.1
v -0.7 0.4 0.1
v -0.8 0.3 0
v -0.8 0.4 0
v -0.7 0.4 0
v -0.7 0.3 0
v -0.7 0.4 0.1
v -0.7 0.3 0.1
v -0.6 0.3 0.1
v -0.6 0.4 0.1
v -0.7 0.3 0
v -0.7 0.4 0
v -0.6 0.4 0
v -0.6 0.3 0
v -0.6 0.4 0.1
v -0.6 0.3 0.1
v -0.5 0.3 0.1
v -0.5 0.4 0.1
v -0.6 0.3 0
v -0.6 0.4 0
v -0.5 0.4 0
v -0.5 0.3 0
v -0.5 0.4 0.1
v -0.5 0.3 0.1
v -0.4 0.3 0.1
v -0.4 0.4 0.1
v -0.5 0.3 0
v -0.5 0.4 0
v -0.4 0.4 0
v -0.4 0.3 0
v -0.4 0.4 0.1
v -0.4 0.3 0.1
v -0.3 0.3 0.1
v -0.3 0.4 0.1
v -0.4 0.3 0
v -0.4 0.4 0
v -0.3 0.4 0
v -0.3 0.3 0
v -0.3 0.4 0.1
v -0.3 0.3 0.1
v -0.2 0.3 0.1
v -0.2 0.4 0.1
v -0.3 0.3 0
v -0.3 0.4 0
v -0.2 0.4 0
v -0.2 0.3 0
v -0.1 0.3 0.1
v -0.1 0.3 0
v -0.1 0.4 0
v -0.1 0.4 0.1
v -0.2 0.4 0.1
v -0.2 0.3 0.1
v -0.1 0.3 0.1
v -0.1 0.4 0.1
v -0.2 0.3 0
v -0.2 0.4 0
v -0.1 0.4 0
v -0.1 0.3 0
v -0.1 0.4 0.1
v -0.1 0.4 0
v -0.2 0.4 0
v -0.2 0.4 0.1
v -0.1 0.4 0.4
v -0.1 0.4 0.3
v -0.1 0.3 0.3
v -0.1 0.3 0.4
v 0 0.3 0.4
v 0 0.3 0.3
v 0 0.4 0.3
v 0 0.4 0.4
v -0.1 0.4 0.4
v -0.1 0.3 0.4
v 0 0.3 0.4
v 0 0.4 0.4
v -0.1 0.3 0.3
v -0.1 0.4 0.3
v 0 0.4 0.3
v 0 0.3 0.3
v -0.1 0.3 0.4
v -0.1 0.3 0.3
v 0 0.3 0.3
v 0 0.3 0.4
v 0 0.4 0.4
v 0 0.4 0.3
v -0.1 0.4 0.3
v -0.1 0.4 0.4
v 0 0.4 0.1
v 0 0.4 0
v 0 0.3 0
v 0 0.3 0.1
v 0.1 0.3 0.1
v 0.1 0.3 0
v 0.1 0.4 0
v 0.1 0.4 0.1
v 0 0.4 0.1
v 0 0.3 0.1
v 0.1 0.3 0.1
v 0.1 0.4 0.1
v 0 0.3 0
v 0 0.4 0
v 0.1 0.4 0
v 0.1 0.3 0
v 0 0.3 0.1
v 0 0.3 0
v 0.1 0.3 0
v 0.1 0.3 0.1
v 0.1 0.4 0.4
v 0.1 0.4 0.3
v 0.1 0.3 0.3
v 0.1 0.3 0.4
v 0.1 0.4 0.4
v 0.1 0.3 0.4
v 0.2 0.3 0.4
v 0.2 0.4 0.4
v 0.1 0.3 0.3
v 0.1 0.4 0.3
v 0.2 0.4 0.3
v 0.2 0.3 0.3
v 0.2 0.4 0.4
v 0.2 0.3 0.4
v 0.3 0.3 0.4
v 0.3 0.4 0.4
v 0.2 0.3 0.3
v 0.2 0.4 0.3
v 0.3 0.4 0.3
v 0.3 0.3 0.3
v 0.4 0.3 0.4
v 0.4 0.3 0.3
v 0.4 0.4 0.3
v 0.4 0.4 0.4
v 0.3 0.4 0.4
v 0.3 0.3 0.4
v 0.4 0.3 0.4
v 0.4 0.4 0.4
v 0.3 0.3 0.3
v 0.3 0.4 0.3
v 0.4 0.4 0.3
v 0.4 0.3 0.3
v 0.4 0.4 0.1
v 0.4 0.4 0
v 0.4 0.3 0
v 0.4 0.3 0.1
v 0.5 0.3 0.1
v 0.5 0.3 0
v 0.5 0.4 0
v 0.5 0.4 0.1
v 0.4 0.4 0.1
v 0.4 0.3 0.1
v 0.5 0.3 0.1
v 0.5 0.4 0.1
v 0.4 0.3 0
v 0.4 0.4 0
v 0.5 0.4 0
v 0.5 0.3 0
v 0.5 0.4 0.1
v 0.5 0.4 0
v 0.4 0.4 0
v 0.4 0.4 0.1
v 0.5 0.4 0.4
v 0.5 0.4 0.3
v 0.5 0.3 0.3
v 0.5 0.3 0.4
v 0.5 0.4 0.4
v 0.5 0.3 0.4
v 0.6 0.3 0.4
v 0.6 0.4 0.4
v 0.5 0.3 0.3
v 0.5 0.4 0.3
v 0.6 0.4 0.3
v 0.6 0.3 0.3
v 0.6 0.4 0.4
v 0.6 0.3 0.4
v 0.7 0.3 0.4
v 0.7 0.4 0.4
v 0.6 0.3 0.3
v 0.6 0.4 0.3
v 0.7 0.4 0.3
v 0.7 0.3 0.3
v 0.7 0.4 0.4
v 0.7 0.3 0.4
v 0.8 0.3 0.4
v 0.8 0.4 0.4
v 0.7 0.3 0.3
v 0.7 0.4 0.3
v 0.8 0.4 0.3
v 0.8 0.3 0.3
v 0.8 0.4 0.4
v 0.8 0.3 0.4
v 0.9 0.3 0.4
v 0.9 0.4 0.4
v 0.8 0.3 0.3
v 0.8 0.4 0.3
v 0.9 0.4 0.3
v 0.9 0.3 0.3
v 0.9 0.4 0.4
v 0.9 0.3 0.4
v 1 0.3 0.4
v 1 0.4 0.4
v 0.9 0.3 0.3
v 0.9 0.4 0.3
v 1 0.4 0.3
v 1 0.3 0.3
v 1.1 0.3 0.4
v 1.1 0.3 0.3
v 1.1 0.4 0.3
v 1.1 0.4 0.4
v 1 0.4 0.4
v 1 0.3 0.4
v 1.1 0.3 0.4
v 1.1 0.4 0.4
v 1 0.3 0.3
v 1 0.4 0.3
v 1.1 0.4 0.3
v 1.1 0.3 0.3
v 1.1 0.4 0.1
v 1.1 0.4 0
v 1.1 0.3 0
v 1.1 0.3 0.1
v 1.2 0.3 0.1
v 1.2 0.3 0
v 1.2 0.4 0
v 1.2 0.4 0.1
v 1.1 0.4 0.1
v 1.1 0.3 0.1
v 1.2 0.3 0.1
v 1.2 0.4 0.1
v 1.1 0.3 0
v 1.1 0.4 0
v 1.2 0.4 0
v 1.2 0.3 0
v -1.2 0.3 0.1
v -1.2 0.3 0
v -1.2 0.2 0
v -1.2 0.2 0.1
v -1.2 0.3 0.1
v -1.2 0.2 0.1
v -1.1 0.2 0.1
v -1.1 0.3 0.1
v -1.2 0.2 0
v -1.2 0.3 0
v -1.1 0.3 0
v -1.1 0.2 0
v -1.1 0.3 0.1
v -1.1 0.2 0.1
v -1 0.2 0.1
v -1 0.3 0.1
v -1.1 0.2 0
v -1.1 0.3 0
v -1 0.3 0
v -1 0.2 0
v -1 0.3 0.1
v -1 0.2 0.1
v -0.9 0.2 0.1
v -0.9 0.3 0.1
v -1 0.2 0
v -1 0.3 0
v -0.9 0.3 0
v -0.9 0.2 0
v -0.9 0.3 0.1
v -0.9 0.2 0.1
v -0.8 0.2 0.1
v -0.8 0.3 0.1
v -0.9 0.2 0
v -0.9 0.3 0
v -0.8 0.3 0
v -0.8 0.2 0
v -0.8 0.3 0.1
v -0.8 0.2 0.1
v -0.7 0.2 0.1
v -0.7 0.3 0.1
v -0.8 0.2 0
v -0.8 0.3 0
v -0.7 0.3 0
v -0.7 0.2 0
v -0.7 0.3 0.1
v -0.7 0.2 0.1
v -0.6 0.2 0.1
v -0.6 0.3 0.1
v -0.7 0.2 0
v -0.7 0.3 0
v -0.6 0.3 0
v -0.6 0.2 0
v -0.6 0.3 0.1
v -0.6 0.2 0.1
v -0.5 0.2 0.1
v -0.5 0.3 0.1
v -0.6 0.2 0
v -0.6 0.3 0
v -0.5 0.3 0
v -0.5 0.2 0
v -0.5 0.3 0.1
v -0.5 0.2 0.1
v -0.4 0.2 0.1
v -0.4 0.3 0.1
v -0.5 0.2 0
v -0.5 0.3 0
v -0.4 0.3 0
v -0.4 0.2 0
v -0.4 0.3 0.1
v -0.4 0.2 0.1
v -0.3 0.2 0.1
v -0.3 0.3 0.1
v -0.4 0.2 0
v -0.4 0.3 0
v -0.3 0.3 0
v -0.3 0.2 0
v -0.3 0.3 0.1
v -0.3 0.2 0.1
v -0.2 0.2 0.1
v -0.2 0.3 0.1
v -0.3 0.2 0
v -0.3 0.3 0
v -0.2 0.3 0
v -0.2 0.2 0
v -0.2 0.3 0.1
v -0.2 0.2 0.1
v -0.1 0.2 0.1
v -0.1 0.3 0.1
v -0.2 0.2 0
v -0.2 0.3 0
v -0.1 0.3 0
v -0.1 0.2 0
v 0 0.2 0.1
v 0 0.2 0
v 0 0.3 0
v 0 0.3 0.1
v -0.1 0.3 0.1
v -0.1 0.2 0.1
v 0 0.2 0.1
v 0 0.3 0.1
v -0.1 0.2 0
v -0.1 0.3 0
v 0 0.3 0
v 0 0.2 0
v -0.1 0.2 0.1
v -0.1 0.2 0
v 0 0.2 0
v 0 0.2 0.1
v 0 0.3 0.1
v 0 0.3 0
v -0.1 0.3 0
v -0.1 0.3 0.1
v 0 0.3 0.2
v 0 0.3 0.1
v 0 0.2 0.1
v 0 0.2 0.2
v 0.1 0.2 0.2
v 0.1 0.2 0.1
v 0.1 0.3 0.1
v 0.1 0.3 0.2
v 0 0.3 0.2
v 0 0.2 0.2
v 0.1 0.2 0.2
v 0.1 0.3 0.2
v 0 0.2 0.1
v 0 0.3 0.1
v 0.1 0.3 0.1
v 0.1 0.2 0.1
v 0 0.2 0.2
v 0 0.2 0.1
v 0.1 0.2 0.1
v 0.1 0.2 0.2
v 0.1 0.3 0.2
v 0.1 0.3 0.1
v 0 0.3 0.1
v 0 0.3 0.2
v 0.1 0.3 0.4
v 0.1 0.3 0.3
v 0.1 0.2 0.3
v 0.1 0.2 0.4
v 0.1 0.3 0.4
v 0.1 0.2 0.4
v 0.2 0.2 0.4
v 0.2 0.3 0.4
v 0.1 0.2 0.3
v 0.1 0.3 0.3
v 0.2 0.3 0.3
v 0.2 0.2 0.3
v 0.2 0.3 0.4
v 0.2 0.2 0.4
v 0.3 0.2 0.4
v 0.3 0.3 0.4
v 0.2 0.2 0.3
v 0.2 0.3 0.3
v 0.3 0.3 0.3
v 0.3 0.2 0.3
v 0.4 0.2 0.4
v 0.4 0.2 0.3
v 0.4 0.3 0.3
v 0.4 0.3 0.4
v 0.3 0.3 0.4
v 0.3 0.2 0.4
v 0.4 0.2 0.4
v 0.4 0.3 0.4
v 0.3 0.2 0.3
v 0.3 0.3 0.3
v 0.4 0.3 0.3
v 0.4 0.2 0.3
v 0.4 0.3 0.1
v 0.4 0.3 0
v 0.4 0.2 0
v 0.4 0.2 0.1
v 0.5 0.2 0.1
v 0.5 0.2 0
v 0.5 0.3 0
v 0.5 0.3 0.1
v 0.4 0.3 0.1
v 0.4 0.2 0.1
v 0.5 0.2 0.1
v 0.5 0.3 0.1
v 0.4 0.2 0
v 0.4 0.3 0
v 0.5 0.3 0
v 0.5 0.2 0
v 0.4 0.2 0.1
v 0.4 0.2 0
v 0.5 0.2 0
v 0.5 0.2 0.1
v 0.5 0.3 0.4
v 0.5 0.3 0.3
v 0.5 0.2 0.3
v 0.5 0.2 0.4
v 0.5 0.3 0.4
v 0.5 0.2 0.4
v 0.6 0.2 0.4
v 0.6 0.3 0.4
v 0.5 0.2 0.3
v 0.5 0.3 0.3
v 0.6 0.3 0.3
v 0.6 0.2 0.3
v 0.6 0.3 0.4
v 0.6 0.2 0.4
v 0.7 0.2 0.4
v 0.7 0.3 0.4
v 0.6 0.2 0.3
v 0.6 0.3 0.3
v 0.7 0.3 0.3
v 0.7 0.2 0.3
v 0.7 0.3 0.4
v 0.7 0.2 0.4
v 0.8 0.2 0.4
v 0.8 0.3 0.4
v 0.7 0.2 0.3
v 0.7 0.3 0.3
v 0.8 0.3 0.3
v 0.8 0.2 0.3
v 0.8 0.3 0.4
v 0.8 0.2 0.4
v 0.9 0.2 0.4
v 0.9 0.3 0.4
v 0.8 0.2 0.3
v 0.8 0.3 0.3
v 0.9 0.3 0.3
v 0.9 0.2 0.3
v 0.9 0.3 0.4
v 0.9 0.2 0.4
v 1 0.2 0.4
v 1 0.3 0.4
v 0.9 0.2 0.3
v 0.9 0.3 0.3
v 1 0.3 0.3
v 1 0.2 0.3
v 1.1 0.2 0.4
v 1.1 0.2 0.3
v 1.1 0.3 0.3
v 1.1 0.3 0.4
v 1 0.3 0.4
v 1 0.2 0.4
v 1.1 0.2 0.4
v 1.1 0.3 0.4
v 1 0.2 0.3
v 1 0.3 0.3
v 1.1 0.3 0.3
v 1.1 0.2 0.3
v 1.1 0.3 0.1
v 1.1 0.3 0
v 1.1 0.2 0
v 1.1 0.2 0.1
v 1.2 0.2 0.1
v 1.2 0.2 0
v 1.2 0.3 0
v 1.2 0.3 0.1
v 1.1 0.3 0.1
v 1.1 0.2 0.1
v 1.2 0.2 0.1
v 1.2 0.3 0.1
v 1.1 0.2 0
v 1.1 0.3 0
v 1.2 0.3 0
v 1.2 0.2 0
v -1.2 0.2 0.1
v -1.2 0.2 0
v -1.2 0.1 0
v -1.2 0.1 0.1
v -1.2 0.2 0.1
v -1.2 0.1 0.1
v -1.1 0.1 0.1
v -1.1 0.2 0.1
v -1.2 0.1 0
v -1.2 0.2 0
v -1.1 0.2 0
v -1.1 0.1 0
v -1.1 0.2 0.1
v -1.1 0.1 0.1
v -1 0.1 0.1
v -1 0.2 0.1
v -1.1 0.1 0
v -1.1 0.2 0
v -1 0.2 0
v -1 0.1 0
v -1 0.2 0.1
v -1 0.1 0.1
v -0.9 0.1 0.1
v -0.9 0.2 0.1
v -1 0.1 0
v -1 0.2 0
v -0.9 0.2 0
v -0.9 0.1 0
v -0.9 0.2 0.1
v -0.9 0.1 0.1
v -0.8 0.1 0.1
v -0.8 0.2 0.1
v -0.9 0.1 0
v -0.9 0.2 0
v -0.8 0.2 0
v -0.8 0.1 0
v -0.8 0.2 0.1
v -0.8 0.1 0.1
v -0.7 0.1 0.1
v -0.7 0.2 0.1
v -0.8 0.1 0
v -0.8 0.2 0
v -0.7 0.2 0
v -0.7 0.1 0
v -0.7 0.2 0.1
v -0.7 0.1 0.1
v -0.6 0.1 0.1
v -0.6 0.2 0.1
v -0.7 0.1 0
v -0.7 0.2 0
v -0.6 0.2 0
v -0.6 0.1 0
v -0.6 0.2 0.1
v -0.6 0.1 0.1
v -0.5 0.1 0.1
v -0.5 0.2 0.1
v -0.6 0.1 0
v -0.6 0.2 0
v -0.5 0.2 0
v -0.5 0.1 0
v -0.5 0.2 0.1
v -0.5 0.1 0.1
v -0.4 0.1 0.1
v -0.4 0.2 0.1
v -0.5 0.1 0
v -0.5 0.2 0
v -0.4 0.2 0
v -0.4 0.1 0
v -0.4 0.2 0.1
v -0.4 0.1 0.1
v -0.3 0.1 0.1
v -0.3 0.2 0.1
v -0.4 0.1 0
v -0.4 0.2 0
v -0.3 0.2 0
v -0.3 0.1 0
v -0.3 0.2 0.1
v -0.3 0.1 0.1
v -0.2 0.1 0.1
v -0.2 0.2 0.1
v -0.3 0.1 0
v -0.3 0.2 0
v -0.2 0.2 0
v -0.2 0.1 0
v -0.1 0.1 0.1
v -0.1 0.1 0
v -0.1 0.2 0
v -0.1 0.2 0.1
v -0.2 0.2 0.1
v -0.2 0.1 0.1
v -0.1 0.1 0.1
v -0.1 0.2 0.1
v -0.2 0.1 0
v -0.2 0.2 0
v -0.1 0.2 0
v -0.1 0.1 0
v -0.1 0.2 0.2
v -0.1 0.2 0.1
v -0.1 0.1 0.1
v -0.1 0.1 0.2
v 0 0.1 0.2
v 0 0.1 0.1
v 0 0.2 0.1
v 0 0.2 0.2
v -0.1 0.2 0.2
v -0.1 0.1 0.2
v 0 0.1 0.2
v 0 0.2 0.2
v -0.1 0.1 0.1
v -0.1 0.2 0.1
v 0 0.2 0.1
v 0 0.1 0.1
v -0.1 0.1 0.2
v -0.1 0.1 0.1
v 0 0.1 0.1
v 0 0.1 0.2
v 0 0.2 0.2
v 0 0.2 0.1
v -0.1 0.2 0.1
v -0.1 0.2 0.2
v 0 0.2 0.4
v 0 0.2 0.3
v 0 0.1 0.3
v 0 0.1 0.4
v 0 0.2 0.4
v 0 0.1 0.4
v 0.1 0.1 0.4
v 0.1 0.2 0.4
v 0 0.1 0.3
v 0 0.2 0.3
v 0.1 0.2 0.3
v 0.1 0.1 0.3
v 0 0.1 0.4
v 0 0.1 0.3
v 0.1 0.1 0.3
v 0.1 0.1 0.4
v 0.1 0.2 0.4
v 0.1 0.2 0.3
v 0 0.2 0.3
v 0 0.2 0.4
v 0.1 0.2 0.4
v 0.1 0.1 0.4
v 0.2 0.1 0.4
v 0.2 0.2 0.4
v 0.1 0.1 0.3
v 0.1 0.2 0.3
v 0.2 0.2 0.3
v 0.2 0.1 0.3
v 0.2 0.2 0.4
v 0.2 0.1 0.4
v 0.3 0.1 0.4
v 0.3 0.2 0.4
v 0.2 0.1 0.3
v 0.2 0.2 0.3
v 0.3 0.2 0.3
v 0.3 0.1 0.3
v 0.4 0.1 0.4
v 0.4 0.1 0.3
v 0.4 0.2 0.3
v 0.4 0.2 0.4
v 0.3 0.2 0.4
v 0.3 0.1 0.4
v 0.4 0.1 0.4
v 0.4 0.2 0.4
v 0.3 0.1 0.3
v 0.3 0.2 0.3
v 0.4 0.2 0.3
v 0.4 0.1 0.3
v 0.4 0.2 0.2
v 0.4 0.2 0.1
v 0.4 0.1 0.1
v 0.4 0.1 0.2
v 0.5 0.1 0.2
v 0.5 0.1 0.1
v 0.5 0.2 0.1
v 0.5 0.2 0.2
v 0.4 0.2 0.2
v 0.4 0.1 0.2
v 0.5 0.1 0.2
v 0.5 0.2 0.2
v 0.4 0.1 0.1
v 0.4 0.2 0.1
v 0.5 0.2 0.1
v 0.5 0.1 0.1
v 0.4 0.1 0.2
v 0.4 0.1 0.1
v 0.5 0.1 0.1
v 0.5 0.1 0.2
v 0.5 0.2 0.2
v 0.5 0.2 0.1
v 0.4 0.2 0.1
v 0.4 0.2 0.2
v 0.5 0.2 0.4
v 0.5 0.2 0.3
v 0.5 0.1 0.3
v 0.5 0.1 0.4
v 0.5 0.2 0.4
v 0.5 0.1 0.4
v 0.6 0.1 0.4
v 0.6 0.2 0.4
v 0.5 0.1 0.3
v 0.5 0.2 0.3
v 0.6 0.2 0.3
v 0.6 0.1 0.3
v 0.6 0.2 0.4
v 0.6 0.1 0.4
v 0.7 0.1 0.4
v 0.7 0.2 0.4
v 0.6 0.1 0.3
v 0.6 0.2 0.3
v 0.7 0.2 0.3
v 0.7 0.1 0.3
v 0.7 0.2 0.4
v 0.7 0.1 0.4
v 0.8 0.1 0.4
v 0.8 0.2 0.4
v 0.7 0.1 0.3
v 0.7 0.2 0.3
v 0.8 0.2 0.3
v 0.8 0.1 0.3
v 0.8 0.2 0.4
v 0.8 0.1 0.4
v 0.9 0.1 0.4
v 0.9 0.2 0.4
v 0.8 0.1 0.3
v 0.8 0.2 0.3
v 0.9 0.2 0.3
v 0.9 0.1 0.3
v 0.9 0.2 0.4
v 0.9 0.1 0.4
v 1 0.1 0.4
v 1 0.2 0.4
v 0.9 0.1 0.3
v 0.9 0.2 0.3
v 1 0.2 0.3
v 1 0.1 0.3
v 1.1 0.1 0.4
v 1.1 0.1 0.3
v 1.1 0.2 0.3
v 1.1 0.2 0.4
v 1 0.2 0.4
v 1 0.1 0.4
v 1.1 0.1 0.4
v 1.1 0.2 0.4
v 1 0.1 0.3
v 1 0.2 0.3
v 1.1 0.2 0.3
v 1.1 0.1 0.3
v 1.1 0.2 0.1
v 1.1 0.2 0
v 1.1 0.1 0
v 1.1 0.1 0.1
v 1.2 0.1 0.1
v 1.2 0.1 0
v 1.2 0.2 0
v 1.2 0.2 0.1
v 1.1 0.2 0.1
v 1.1 0.1 0.1
v 1.2 0.1 0.1
v 1.2 0.2 0.1
v 1.1 0.1 0
v 1.1 0.2 0
v 1.2 0.2 0
v 1.2 0.1 0
v -1.2 0.1 0.1
v -1.2 0.1 0
v -1.2 0 0
v -1.2 0 0.1
v -1.2 0.1 0.1
v -1.2 0 0.1
v -1.1 0 0.1
v -1.1 0.1 0.1
v -1.2 0 0
v -1.2 0.1 0
v -1.1 0.1 0
v -1.1 0 0
v -1.1 0.1 0.1
v -1.1 0 0.1
v -1 0 0.1
v -1 0.1 0.1
v -1.1 0 0
v -1.1 0.1 0
v -1 0.1 0
v -1 0 0
v -1 0.1 0.1
v -1 0 0.1
v -0.9 0 0.1
v -0.9 0.1 0.1
v -1 0 0
v -1 0.1 0
v -0.9 0.1 0
v -0.9 0 0
v -1 0 0.1
v -1 0 0
v -0.9 0 0
v -0.9 0 0.1
v -0.9 0.1 0.1
v -0.9 0 0.1
v -0.8 0 0.1
v -0.8 0.1 0.1
v -0.9 0 0
v -0.9 0.1 0
v -0.8 0.1 0
v -0.8 0 0
v -0.8 0.1 0.1
v -0.8 0 0.1
v -0.7 0 0.1
v -0.7 0.1 0.1
v -0.8 0 0
v -0.8 0.1 0
v -0.7 0.1 0
v -0.7 0 0
v -0.7 0.1 0.1
v -0.7 0 0.1
v -0.6 0 0.1
v -0.6 0.1 0.1
v -0.7 0 0
v -0.7 0.1 0
v -0.6 0.1 0
v -0.6 0 0
v -0.6 0.1 0.1
v -0.6 0 0.1
v -0.5 0 0.1
v -0.5 0.1 0.1
v -0.6 0 0
v -0.6 0.1 0
v -0.5 0.1 0
v -0.5 0 0
v -0.6 0 0.1
v -0.6 0 0
v -0.5 0 0
v -0.5 0 0.1
v -0.5 0.1 0.1
v -0.5 0 0.1
v -0.4 0 0.1
v -0.4 0.1 0.1
v -0.5 0 0
v -0.5 0.1 0
v -0.4 0.1 0
v -0.4 0 0
v -0.4 0.1 0.1
v -0.4 0 0.1
v -0.3 0 0.1
v -0.3 0.1 0.1
v -0.4 0 0
v -0.4 0.1 0
v -0.3 0.1 0
v -0.3 0 0
v -0.3 0.1 0.1
v -0.3 0 0.1
v -0.2 0 0.1
v -0.2 0.1 0.1
v -0.3 0 0
v -0.3 0.1 0
v -0.2 0.1 0
v -0.2 0 0
v -0.2 0.1 0.1
v -0.2 0 0.1
v -0.1 0 0.1
v -0.1 0.1 0.1
v -0.2 0 0
v -0.2 0.1 0
v -0.1 0.1 0
v -0.1 0 0
v 0 0 0.1
v 0 0 0
v 0 0.1 0
v 0 0.1 0.1
v -0.1 0.1 0.1
v -0.1 0 0.1
v 0 0 0.1
v 0 0.1 0.1
v -0.1 0 0
v -0.1 0.1 0
v 0 0.1 0
v 0 0 0
v 0 0.1 0.1
v 0 0.1 0
v -0.1 0.1 0
v -0.1 0.1 0.1
v 0 0.1 0.2
v 0 0.1 0.1
v 0 0 0.1
v 0 0 0.2
v 0.1 0 0.2
v 0.1 0 0.1
v 0.1 0.1 0.1
v 0.1 0.1 0.2
v 0 0.1 0.2
v 0 0 0.2
v 0.1 0 0.2
v 0.1 0.1 0.2
v 0 0 0.1
v 0 0.1 0.1
v 0.1 0.1 0.1
v 0.1 0 0.1
v 0 0 0.2
v 0 0 0.1
v 0.1 0 0.1
v 0.1 0 0.2
v 0.1 0.1 0.2
v 0.1 0.1 0.1
v 0 0.1 0.1
v 0 0.1 0.2
v 0.1 0.1 0.4
v 0.1 0.1 0.3
v 0.1 0 0.3
v 0.1 0 0.4
v 0.1 0.1 0.4
v 0.1 0 0.4
v 0.2 0 0.4
v 0.2 0.1 0.4
v 0.1 0 0.3
v 0.1 0.1 0.3
v 0.2 0.1 0.3
v 0.2 0 0.3
v 0.2 0.1 0.4
v 0.2 0 0.4
v 0.3 0 0.4
v 0.3 0.1 0.4
v 0.2 0 0.3
v 0.2 0.1 0.3
v 0.3 0.1 0.3
v 0.3 0 0.3
v 0.4 0 0.4
v 0.4 0 0.3
v 0.4 0.1 0.3
v 0.4 0.1 0.4
v 0.3 0.1 0.4
v 0.3 0 0.4
v 0.4 0 0.4
v 0.4 0.1 0.4
v 0.3 0 0.3
v 0.3 0.1 0.3
v 0.4 0.1 0.3
v 0.4 0 0.3
v 0.4 0.1 0.1
v 0.4 0.1 0
v 0.4 0 0
v 0.4 0 0.1
v 0.5 0 0.1
v 0.5 0 0
v 0.5 0.1 0
v 0.5 0.1 0.1
v 0.4 0.1 0.1
v 0.4 0 0.1
v 0.5 0 0.1
v 0.5 0.1 0.1
v 0.4 0 0
v 0.4 0.1 0
v 0.5 0.1 0
v 0.5 0 0
v 0.5 0.1 0.1
v 0.5 0.1 0
v 0.4 0.1 0
v 0.4 0.1 0.1
v 0.5 0.1 0.4
v 0.5 0.1 0.3
v 0.5 0 0.3
v 0.5 0 0.4
v 0.5 0.1 0.4
v 0.5 0 0.4
v 0.6 0 0.4
v 0.6 0.1 0.4
v 0.5 0 0.3
v 0.5 0.1 0.3
v 0.6 0.1 0.3
v 0.6 0 0.3
v 0.6 0.1 0.4
v 0.6 0 0.4
v 0.7 0 0.4
v 0.7 0.1 0.4
v 0.6 0 0.3
v 0.6 0.1 0.3
v 0.7 0.1 0.3
v 0.7 0 0.3
v 0.7 0.1 0.4
v 0.7 0 0.4
v 0.8 0 0.4
v 0.8 0.1 0.4
v 0.7 0 0.3
v 0.7 0.1 0.3
v 0.8 0.1 0.3
v 0.8 0 0.3
v 0.8 0.1 0.4
v 0.8 0 0.4
v 0.9 0 0.4
v 0.9 0.1 0.4
v 0.8 0 0.3
v 0.8 0.1 0.3
v 0.9 0.1 0.3
v 0.9 0 0.3
v 0.9 0.1 0.4
v 0.9 0 0.4
v 1 0 0.4
v 1 0.1 0.4
v 0.9 0 0.3
v 0.9 0.1 0.3
v 1 0.1 0.3
v 1 0 0.3
v 1.1 0 0.4
v 1.1 0 0.3
v 1.1 0.1 0.3
v 1.1 0.1 0.4
v 1 0.1 0.4
v 1 0 0.4
v 1.1 0 0.4
v 1.1 0.1 0.4
v 1 0 0.3
v 1 0.1 0.3
v 1.1 0.1 0.3
v 1.1 0 0.3
v 1.1 0.1 0.1
v 1.1 0.1 0
v 1.1 0 0
v 1.1 0 0.1
v 1.2 0 0.1
v 1.2 0 0
v 1.2 0.1 0
v 1.2 0.1 0.1
v 1.1 0.1 0.1
v 1.1 0 0.1
v 1.2 0 0.1
v 1.2 0.1 0.1
v 1.1 0 0
v 1.1 0.1 0
v 1.2 0.1 0
v 1.2 0 0
v -1.2 0 0.1
v -1.2 0 0
v -1.2 -0.1 0
v -1.2 -0.1 0.1
v -1.2 0 0.1
v -1.2 -0.1 0.1
v -1.1 -0.1 0.1
v -1.1 0 0.1
v -1.2 -0.1 0
v -1.2 0 0
v -1.1 0 0
v -1.1 -0.1 0
v -1 -0.1 0.1
v -1 -0.1 0
v -1 0 0
v -1 0 0.1
v -1.1 0 0.1
v -1.1 -0.1 0.1
v -1 -0.1 0.1
v -1 0 0.1
v -1.1 -0.1 0
v -1.1 0 0
v -1 0 0
v -1 -0.1 0
v -1 0 0.2
v -1 0 0.1
v -1 -0.1 0.1
v -1 -0.1 0.2
v -0.9 -0.1 0.2
v -0.9 -0.1 0.1
v -0.9 0 0.1
v -0.9 0 0.2
v -1 0 0.2
v -1 -0.1 0.2
v -0.9 -0.1 0.2
v -0.9 0 0.2
v -1 -0.1 0.1
v -1 0 0.1
v -0.9 0 0.1
v -0.9 -0.1 0.1
v -1 -0.1 0.2
v -1 -0.1 0.1
v -0.9 -0.1 0.1
v -0.9 -0.1 0.2
v -0.9 0 0.2
v -0.9 0 0.1
v -1 0 0.1
v -1 0 0.2
v -0.9 0 0.1
v -0.9 0 0
v -0.9 -0.1 0
v -0.9 -0.1 0.1
v -0.9 0 0.1
v -0.9 -0.1 0.1
v -0.8 -0.1 0.1
v -0.8 0 0.1
v -0.9 -0.1 0
v -0.9 0 0
v -0.8 0 0
v -0.8 -0.1 0
v -0.8 0 0.1
v -0.8 -0.1 0.1
v -0.7 -0.1 0.1
v -0.7 0 0.1
v -0.8 -0.1 0
v -0.8 0 0
v -0.7 0 0
v -0.7 -0.1 0
v -0.6 -0.1 0.1
v -0.6 -0.1 0
v -0.6 0 0
v -0.6 0 0.1
v -0.7 0 0.1
v -0.7 -0.1 0.1
v -0.6 -0.1 0.1
v -0.6 0 0.1
v -0.7 -0.1 0
v -0.7 0 0
v -0.6 0 0
v -0.6 -0.1 0
v -0.6 0 0.2
v -0.6 0 0.1
v -0.6 -0.1 0.1
v -0.6 -0.1 0.2
v -0.5 -0.1 0.2
v -0.5 -0.1 0.1
v -0.5 0 0.1
v -0.5 0 0.2
v -0.6 0 0.2
v -0.6 -0.1 0.2
v -0.5 -0.1 0.2
v -0.5 0 0.2
v -0.6 -0.1 0.1
v -0.6 0 0.1
v -0.5 0 0.1
v -0.5 -0.1 0.1
v -0.6 -0.1 0.2
v -0.6 -0.1 0.1
v -0.5 -0.1 0.1
v -0.5 -0.1 0.2
v -0.5 0 0.2
v -0.5 0 0.1
v -0.6 0 0.1
v -0.6 0 0.2
v -0.5 0 0.1
v -0.5 0 0
v -0.5 -0.1 0
v -0.5 -0.1 0.1
v -0.5 0 0.1
v -0.5 -0.1 0.1
v -0.4 -0.1 0.1
v -0.4 0 0.1
v -0.5 -0.1 0
v -0.5 0 0
v -0.4 0 0
v -0.4 -0.1 0
v -0.4 0 0.1
v -0.4 -0.1 0.1
v -0.3 -0.1 0.1
v -0.3 0 0.1
v -0.4 -0.1 0
v -0.4 0 0
v -0.3 0 0
v -0.3 -0.1 0
v -0.3 0 0.1
v -0.3 -0.1 0.1
v -0.2 -0.1 0.1
v -0.2 0 0.1
v -0.3 -0.1 0
v -0.3 0 0
v -0.2 0 0
v -0.2 -0.1 0
v -0.2 0 0.1
v -0.2 -0.1 0.1
v -0.1 -0.1 0.1
v -0.1 0 0.1
v -0.2 -0.1 0
v -0.2 0 0
v -0.1 0 0
v -0.1 -0.1 0
v 0 -0.1 0.1
v 0 -0.1 0
v 0 0 0
v 0 0 0.1
v -0.1 0 0.1
v -0.1 -0.1 0.1
v 0 -0.1 0.1
v 0 0 0.1
v -0.1 -0.1 0
v -0.1 0 0
v 0 0 0
v 0 -0.1 0
v -0.1 -0.1 0.1
v -0.1 -0.1 0
v 0 -0.1 0
v 0 -0.1 0.1
v 0 0 0.4
v 0 0 0.3
v 0 -0.1 0.3
v 0 -0.1 0.4
v 0 0 0.4
v 0 -0.1 0.4
v 0.1 -0.1 0.4
v 0.1 0 0.4
v 0 -0.1 0.3
v 0 0 0.3
v 0.1 0 0.3
v 0.1 -0.1 0.3
v 0 -0.1 0.4
v 0 -0.1 0.3
v 0.1 -0.1 0.3
v 0.1 -0.1 0.4
v 0.1 0 0.4
v 0.1 0 0.3
v 0 0 0.3
v 0 0 0.4
v 0.1 0 0.4
v 0.1 -0.1 0.4
v 0.2 -0.1 0.4
v 0.2 0 0.4
v 0.1 -0.1 0.3
v 0.1 0 0.3
v 0.2 0 0.3
v 0.2 -0.1 0.3
v 0.1 -0.1 0.4
v 0.1 -0.1 0.3
v 0.2 -0.1 0.3
v 0.2 -0.1 0.4
v 0.2 0 0.4
v 0.2 -0.1 0.4
v 0.3 -0.1 0.4
v 0.3 0 0.4
v 0.2 -0.1 0.3
v 0.2 0 0.3
v 0.3 0 0.3
v 0.3 -0.1 0.3
v 0.4 -0.1 0.4
v 0.4 -0.1 0.3
v 0.4 0 0.3
v 0.4 0 0.4
v 0.3 0 0.4
v 0.3 -0.1 0.4
v 0.4 -0.1 0.4
v 0.4 0 0.4
v 0.3 -0.1 0.3
v 0.3 0 0.3
v 0.4 0 0.3
v 0.4 -0.1 0.3
v 0.4 0 0.1
v 0.4 0 0
v 0.4 -0.1 0
v 0.4 -0.1 0.1
v 0.5 -0.1 0.1
v 0.5 -0.1 0
v 0.5 0 0
v 0.5 0 0.1
v 0.4 0 0.1
v 0.4 -0.1 0.1
v 0.5 -0.1 0.1
v 0.5 0 0.1
v 0.4 -0.1 0
v 0.4 0 0
v 0.5 0 0
v 0.5 -0.1 0
v 0.4 -0.1 0.1
v 0.4 -0.1 0
v 0.5 -0.1 0
v 0.5 -0.1 0.1
v 0.5 0 0.4
v 0.5 0 0.3
v 0.5 -0.1 0.3
v 0.5 -0.1 0.4
v 0.5 0 0.4
v 0.5 -0.1 0.4
v 0.6 -0.1 0.4
v 0.6 0 0.4
v 0.5 -0.1 0.3
v 0.5 0 0.3
v 0.6 0 0.3
v 0.6 -0.1 0.3
v 0.6 0 0.4
v 0.6 -0.1 0.4
v 0.7 -0.1 0.4
v 0.7 0 0.4
v 0.6 -0.1 0.3
v 0.6 0 0.3
v 0.7 0 0.3
v 0.7 -0.1 0.3
v 0.7 0 0.4
v 0.7 -0.1 0.4
v 0.8 -0.1 0.4
v 0.8 0 0.4
v 0.7 -0.1 0.3
v 0.7 0 0.3
v 0.8 0 0.3
v 0.8 -0.1 0.3
v 0.8 0 0.4
v 0.8 -0.1 0.4
v 0.9 -0.1 0.4
v 0.9 0 0.4
v 0.8 -0.1 0.3
v 0.8 0 0.3
v 0.9 0 0.3
v 0.9 -0.1 0.3
v 0.9 0 0.4
v 0.9 -0.1 0.4
v 1 -0.1 0.4
v 1 0 0.4
v 0.9 -0.1 0.3
v 0.9 0 0.3
v 1 0 0.3
v 1 -0.1 0.3
v 1.1 -0.1 0.4
v 1.1 -0.1 0.3
v 1.1 0 0.3
v 1.1 0 0.4
v 1 0 0.4
v 1 -0.1 0.4
v 1.1 -0.1 0.4
v 1.1 0 0.4
v 1 -0.1 0.3
v 1 0 0.3
v 1.1 0 0.3
v 1.1 -0.1 0.3
v 1.1 0 0.1
v 1.1 0 0
v 1.1 -0.1 0
v 1.1 -0.1 0.1
v 1.2 -0.1 0.1
v 1.2 -0.1 0
v 1.2 0 0
v 1.2 0 0.1
v 1.1 0 0.1
v 1.1 -0.1 0.1
v 1.2 -0.1 0.1
v 1.2 0 0.1
v 1.1 -0.1 0
v 1.1 0 0
v 1.2 0 0
v 1.2 -0.1 0
v -1.2 -0.1 0.1
v -1.2 -0.1 0
v -1.2 -0.2 0
v -1.2 -0.2 0.1
v -1.2 -0.1 0.1
v -1.2 -0.2 0.1
v -1.1 -0.2 0.1
v -1.1 -0.1 0.1
v -1.2 -0.2 0
v -1.2 -0.1 0
v -1.1 -0.1 0
v -1.1 -0.2 0
v -1.1 -0.1 0.1
v -1.1 -0.2 0.1
v -1 -0.2 0.1
v -1 -0.1 0.1
v -1.1 -0.2 0
v -1.1 -0.1 0
v -1 -0.1 0
v -1 -0.2 0
v -1 -0.1 0.1
v -1 -0.2 0.1
v -0.9 -0.2 0.1
v -0.9 -0.1 0.1
v -1 -0.2 0
v -1 -0.1 0
v -0.9 -0.1 0
v -0.9 -0.2 0
v -0.9 -0.1 0.1
v -0.9 -0.1 0
v -1 -0.1 0
v -1 -0.1 0.1
v -0.9 -0.1 0.1
v -0.9 -0.2 0.1
v -0.8 -0.2 0.1
v -0.8 -0.1 0.1
v -0.9 -0.2 0
v -0.9 -0.1 0
v -0.8 -0.1 0
v -0.8 -0.2 0
v -0.8 -0.1 0.1
v -0.8 -0.2 0.1
v -0.7 -0.2 0.1
v -0.7 -0.1 0.1
v -0.8 -0.2 0
v -0.8 -0.1 0
v -0.7 -0.1 0
v -0.7 -0.2 0
v -0.7 -0.1 0.1
v -0.7 -0.2 0.1
v -0.6 -0.2 0.1
v -0.6 -0.1 0.1
v -0.7 -0.2 0
v -0.7 -0.1 0
v -0.6 -0.1 0
v -0.6 -0.2 0
v -0.6 -0.1 0.1
v -0.6 -0.2 0.1
v -0.5 -0.2 0.1
v -0.5 -0.1 0.1
v -0.6 -0.2 0
v -0.6 -0.1 0
v -0.5 -0.1 0
v -0.5 -0.2 0
v -0.5 -0.1 0.1
v -0.5 -0.1 0
v -0.6 -0.1 0
v -0.6 -0.1 0.1
v -0.5 -0.1 0.1
v -0.5 -0.2 0.1
v -0.4 -0.2 0.1
v -0.4 -0.1 0.1
v -0.5 -0.2 0
v -0.5 -0.1 0
v -0.4 -0.1 0
v -0.4 -0.2 0
v -0.4 -0.1 0.1
v -0.4 -0.2 0.1
v -0.3 -0.2 0.1
v -0.3 -0.1 0.1
v -0.4 -0.2 0
v -0.4 -0.1 0
v -0.3 -0.1 0
v -0.3 -0.2 0
v -0.3 -0.1 0.1
v -0.3 -0.2 0.1
v -0.2 -0.2 0.1
v -0.2 -0.1 0.1
v -0.3 -0.2 0
v -0.3 -0.1 0
v -0.2 -0.1 0
v -0.2 -0.2 0
v -0.1 -0.2 0.1
v -0.1 -0.2 0
v -0.1 -0.1 0
v -0.1 -0.1 0.1
v -0.2 -0.1 0.1
v -0.2 -0.2 0.1
v -0.1 -0.2 0.1
v -0.1 -0.1 0.1
v -0.2 -0.2 0
v -0.2 -0.1 0
v -0.1 -0.1 0
v -0.1 -0.2 0
v -0.1 -0.1 0.2
v -0.1 -0.1 0.1
v -0.1 -0.2 0.1
v -0.1 -0.2 0.2
v 0 -0.2 0.2
v 0 -0.2 0.1
v 0 -0.1 0.1
v 0 -0.1 0.2
v -0.1 -0.1 0.2
v -0.1 -0.2 0.2
v 0 -0.2 0.2
v 0 -0.1 0.2
v -0.1 -0.2 0.1
v -0.1 -0.1 0.1
v 0 -0.1 0.1
v 0 -0.2 0.1
v -0.1 -0.2 0.2
v -0.1 -0.2 0.1
v 0 -0.2 0.1
v 0 -0.2 0.2
v 0 -0.1 0.2
v 0 -0.1 0.1
v -0.1 -0.1 0.1
v -0.1 -0.1 0.2
v 0 -0.1 0.1
v 0 -0.1 0
v 0 -0.2 0
v 0 -0.2 0.1
v 0.1 -0.2 0.1
v 0.1 -0.2 0
v 0.1 -0.1 0
v 0.1 -0.1 0.1
v 0 -0.1 0.1
v 0 -0.2 0.1
v 0.1 -0.2 0.1
v 0.1 -0.1 0.1
v 0 -0.2 0
v 0 -0.1 0
v 0.1 -0.1 0
v 0.1 -0.2 0
v 0 -0.2 0.1
v 0 -0.2 0
v 0.1 -0.2 0
v 0.1 -0.2 0.1
v 0.1 -0.1 0.1
v 0.1 -0.1 0
v 0 -0.1 0
v 0 -0.1 0.1
v 0.1 -0.1 0.2
v 0.1 -0.1 0.1
v 0.1 -0.2 0.1
v 0.1 -0.2 0.2
v 0.2 -0.2 0.2
v 0.2 -0.2 0.1
v 0.2 -0.1 0.1
v 0.2 -0.1 0.2
v 0.1 -0.1 0.2
v 0.1 -0.2 0.2
v 0.2 -0.2 0.2
v 0.2 -0.1 0.2
v 0.1 -0.2 0.1
v 0.1 -0.1 0.1
v 0.2 -0.1 0.1
v 0.2 -0.2 0.1
v 0.1 -0.2 0.2
v 0.1 -0.2 0.1
v 0.2 -0.2 0.1
v 0.2 -0.2 0.2
v 0.2 -0.1 0.2
v 0.2 -0.1 0.1
v 0.1 -0.1 0.1
v 0.1 -0.1 0.2
v 0.2 -0.1 0.4
v 0.2 -0.1 0.3
v 0.2 -0.2 0.3
v 0.2 -0.2 0.4
v 0.2 -0.1 0.4
v 0.2 -0.2 0.4
v 0.3 -0.2 0.4
v 0.3 -0.1 0.4
v 0.2 -0.2 0.3
v 0.2 -0.1 0.3
v 0.3 -0.1 0.3
v 0.3 -0.2 0.3
v 0.4 -0.2 0.4
v 0.4 -0.2 0.3
v 0.4 -0.1 0.3
v 0.4 -0.1 0.4
v 0.3 -0.1 0.4
v 0.3 -0.2 0.4
v 0.4 -0.2 0.4
v 0.4 -0.1 0.4
v 0.3 -0.2 0.3
v 0.3 -0.1 0.3
v 0.4 -0.1 0.3
v 0.4 -0.2 0.3
v 0.4 -0.1 0.2
v 0.4 -0.1 0.1
v 0.4 -0.2 0.1
v 0.4 -0.2 0.2
v 0.5 -0.2 0.2
v 0.5 -0.2 0.1
v 0.5 -0.1 0.1
v 0.5 -0.1 0.2
v 0.4 -0.1 0.2
v 0.4 -0.2 0.2
v 0.5 -0.2 0.2
v 0.5 -0.1 0.2
v 0.4 -0.2 0.1
v 0.4 -0.1 0.1
v 0.5 -0.1 0.1
v 0.5 -0.2 0.1
v 0.4 -0.2 0.2
v 0.4 -0.2 0.1
v 0.5 -0.2 0.1
v 0.5 -0.2 0.2
v 0.5 -0.1 0.2
v 0.5 -0.1 0.1
v 0.4 -0.1 0.1
v 0.4 -0.1 0.2
v 0.5 -0.1 0.4
v 0.5 -0.1 0.3
v 0.5 -0.2 0.3
v 0.5 -0.2 0.4
v 0.5 -0.1 0.4
v 0.5 -0.2 0.4
v 0.6 -0.2 0.4
v 0.6 -0.1 0.4
v 0.5 -0.2 0.3
v 0.5 -0.1 0.3
v 0.6 -0.1 0.3
v 0.6 -0.2 0.3
v 0.6 -0.1 0.4
v 0.6 -0.2 0.4
v 0.7 -0.2 0.4
v 0.7 -0.1 0.4
v 0.6 -0.2 0.3
v 0.6 -0.1 0.3
v 0.7 -0.1 0.3
v 0.7 -0.2 0.3
v 0.7 -0.1 0.4
v 0.7 -0.2 0.4
v 0.8 -0.2 0.4
v 0.8 -0.1 0.4
v 0.7 -0.2 0.3
v 0.7 -0.1 0.3
v 0.8 -0.1 0.3
v 0.8 -0.2 0.3
v 0.8 -0.1 0.4
v 0.8 -0.2 0.4
v 0.9 -0.2 0.4
v 0.9 -0.1 0.4
v 0.8 -0.2 0.3
v 0.8 -0.1 0.3
v 0.9 -0.1 0.3
v 0.9 -0.2 0.3
v 0.9 -0.1 0.4
v 0.9 -0.2 0.4
v 1 -0.2 0.4
v 1 -0.1 0.4
v 0.9 -0.2 0.3
v 0.9 -0.1 0.3
v 1 -0.1 0.3
v 1 -0.2 0.3
v 1.1 -0.2 0.4
v 1.1 -0.2 0.3
v 1.1 -0.1 0.3
v 1.1 -0.1 0.4
v 1 -0.1 0.4
v 1 -0.2 0.4
v 1.1 -0.2 0.4
v 1.1 -0.1 0.4
v 1 -0.2 0.3
v 1 -0.1 0.3
v 1.1 -0.1 0.3
v 1.1 -0.2 0.3
v 1.1 -0.1 0.1
v 1.1 -0.1 0
v 1.1 -0.2 0
v 1.1 -0.2 0.1
v 1.2 -0.2 0.1
v 1.2 -0.2 0
v 1.2 -0.1 0
v 1.2 -0.1 0.1
v 1.1 -0.1 0.1
v 1.1 -0.2 0.1
v 1.2 -0.2 0.1
v 1.2 -0.1 0.1
v 1.1 -0.2 0
v 1.1 -0.1 0
v 1.2 -0.1 0
v 1.2 -0.2 0
v -1.2 -0.2 0.1
v -1.2 -0.2 0
v -1.2 -0.3 0
v -1.2 -0.3 0.1
v -1.2 -0.2 0.1
v -1.2 -0.3 0.1
v -1.1 -0.3 0.1
v -1.1 -0.2 0.1
v -1.2 -0.3 0
v -1.2 -0.2 0
v -1.1 -0.2 0
v -1.1 -0.3 0
v -1.1 -0.2 0.1
v -1.1 -0.3 0.1
v -1 -0.3 0.1
v -1 -0.2 0.1
v -1.1 -0.3 0
v -1.1 -0.2 0
v -1 -0.2 0
v -1 -0.3 0
v -1 -0.2 0.1
v -1 -0.3 0.1
v -0.9 -0.3 0.1
v -0.9 -0.2 0.1
v -1 -0.3 0
v -1 -0.2 0
v -0.9 -0.2 0
v -0.9 -0.3 0
v -0.9 -0.2 0.1
v -0.9 -0.3 0.1
v -0.8 -0.3 0.1
v -0.8 -0.2 0.1
v -0.9 -0.3 0
v -0.9 -0.2 0
v -0.8 -0.2 0
v -0.8 -0.3 0
v -0.8 -0.2 0.1
v -0.8 -0.3 0.1
v -0.7 -0.3 0.1
v -0.7 -0.2 0.1
v -0.8 -0.3 0
v -0.8 -0.2 0
v -0.7 -0.2 0
v -0.7 -0.3 0
v -0.7 -0.2 0.1
v -0.7 -0.3 0.1
v -0.6 -0.3 0.1
v -0.6 -0.2 0.1
v -0.7 -0.3 0
v -0.7 -0.2 0
v -0.6 -0.2 0
v -0.6 -0.3 0
v -0.6 -0.2 0.1
v -0.6 -0.3 0.1
v -0.5 -0.3 0.1
v -0.5 -0.2 0.1
v -0.6 -0.3 0
v -0.6 -0.2 0
v -0.5 -0.2 0
v -0.5 -0.3 0
v -0.5 -0.2 0.1
v -0.5 -0.3 0.1
v -0.4 -0.3 0.1
v -0.4 -0.2 0.1
v -0.5 -0.3 0
v -0.5 -0.2 0
v -0.4 -0.2 0
v -0.4 -0.3 0
v -0.4 -0.2 0.1
v -0.4 -0.3 0.1
v -0.3 -0.3 0.1
v -0.3 -0.2 0.1
v -0.4 -0.3 0
v -0.4 -0.2 0
v -0.3 -0.2 0
v -0.3 -0.3 0
v -0.3 -0.2 0.1
v -0.3 -0.3 0.1
v -0.2 -0.3 0.1
v -0.2 -0.2 0.1
v -0.3 -0.3 0
v -0.3 -0.2 0
v -0.2 -0.2 0
v -0.2 -0.3 0
v -0.2 -0.2 0.1
v -0.2 -0.3 0.1
v -0.1 -0.3 0.1
v -0.1 -0.2 0.1
v -0.2 -0.3 0
v -0.2 -0.2 0
v -0.1 -0.2 0
v -0.1 -0.3 0
v 0 -0.3 0.1
v 0 -0.3 0
v 0 -0.2 0
v 0 -0.2 0.1
v -0.1 -0.2 0.1
v -0.1 -0.3 0.1
v 0 -0.3 0.1
v 0 -0.2 0.1
v -0.1 -0.3 0
v -0.1 -0.2 0
v 0 -0.2 0
v 0 -0.3 0
v 0 -0.2 0.1
v 0 -0.2 0
v -0.1 -0.2 0
v -0.1 -0.2 0.1
v 0 -0.2 0.4
v 0 -0.2 0.3
v 0 -0.3 0.3
v 0 -0.3 0.4
v 0 -0.2 0.4
v 0 -0.3 0.4
v 0.1 -0.3 0.4
v 0.1 -0.2 0.4
v 0 -0.3 0.3
v 0 -0.2 0.3
v 0.1 -0.2 0.3
v 0.1 -0.3 0.3
v 0 -0.3 0.4
v 0 -0.3 0.3
v 0.1 -0.3 0.3
v 0.1 -0.3 0.4
v 0.1 -0.2 0.4
v 0.1 -0.2 0.3
v 0 -0.2 0.3
v 0 -0.2 0.4
v 0.1 -0.2 0.4
v 0.1 -0.3 0.4
v 0.2 -0.3 0.4
v 0.2 -0.2 0.4
v 0.1 -0.3 0.3
v 0.1 -0.2 0.3
v 0.2 -0.2 0.3
v 0.2 -0.3 0.3
v 0.2 -0.2 0.4
v 0.2 -0.2 0.3
v 0.1 -0.2 0.3
v 0.1 -0.2 0.4
v 0.2 -0.2 0.4
v 0.2 -0.3 0.4
v 0.3 -0.3 0.4
v 0.3 -0.2 0.4
v 0.2 -0.3 0.3
v 0.2 -0.2 0.3
v 0.3 -0.2 0.3
v 0.3 -0.3 0.3
v 0.4 -0.3 0.4
v 0.4 -0.3 0.3
v 0.4 -0.2 0.3
v 0.4 -0.2 0.4
v 0.3 -0.2 0.4
v 0.3 -0.3 0.4
v 0.4 -0.3 0.4
v 0.4 -0.2 0.4
v 0.3 -0.3 0.3
v 0.3 -0.2 0.3
v 0.4 -0.2 0.3
v 0.4 -0.3 0.3
v 0.4 -0.2 0.1
v 0.4 -0.2 0
v 0.4 -0.3 0
v 0.4 -0.3 0.1
v 0.5 -0.3 0.1
v 0.5 -0.3 0
v 0.5 -0.2 0
v 0.5 -0.2 0.1
v 0.4 -0.2 0.1
v 0.4 -0.3 0.1
v 0.5 -0.3 0.1
v 0.5 -0.2 0.1
v 0.4 -0.3 0
v 0.4 -0.2 0
v 0.5 -0.2 0
v 0.5 -0.3 0
v 0.5 -0.2 0.1
v 0.5 -0.2 0
v 0.4 -0.2 0
v 0.4 -0.2 0.1
v 0.5 -0.2 0.4
v 0.5 -0.2 0.3
v 0.5 -0.3 0.3
v 0.5 -0.3 0.4
v 0.5 -0.2 0.4
v 0.5 -0.3 0.4
v 0.6 -0.3 0.4
v 0.6 -0.2 0.4
v 0.5 -0.3 0.3
v 0.5 -0.2 0.3
v 0.6 -0.2 0.3
v 0.6 -0.3 0.3
v 0.6 -0.2 0.4
v 0.6 -0.3 0.4
v 0.7 -0.3 0.4
v 0.7 -0.2 0.4
v 0.6 -0.3 0.3
v 0.6 -0.2 0.3
v 0.7 -0.2 0.3
v 0.7 -0.3 0.3
v 0.7 -0.2 0.4
v 0.7 -0.3 0.4
v 0.8 -0.3 0.4
v 0.8 -0.2 0.4
v 0.7 -0.3 0.3
v 0.7 -0.2 0.3
v 0.8 -0.2 0.3
v 0.8 -0.3 0.3
v 0.8 -0.2 0.4
v 0.8 -0.3 0.4
v 0.9 -0.3 0.4
v 0.9 -0.2 0.4
v 0.8 -0.3 0.3
v 0.8 -0.2 0.3
v 0.9 -0.2 0.3
v 0.9 -0.3 0.3
v 0.9 -0.2 0.4
v 0.9 -0.3 0.4
v 1 -0.3 0.4
v 1 -0.2 0.4
v 0.9 -0.3 0.3
v 0.9 -0.2 0.3
v 1 -0.2 0.3
v 1 -0.3 0.3
v 1.1 -0.3 0.4
v 1.1 -0.3 0.3
v 1.1 -0.2 0.3
v 1.1 -0.2 0.4
v 1 -0.2 0.4
v 1 -0.3 0.4
v 1.1 -0.3 0.4
v 1.1 -0.2 0.4
v 1 -0.3 0.3
v 1 -0.2 0.3
v 1.1 -0.2 0.3
v 1.1 -0.3 0.3
v 1.1 -0.2 0.1
v 1.1 -0.2 0
v 1.1 -0.3 0
v 1.1 -0.3 0.1
v 1.2 -0.3 0.1
v 1.2 -0.3 0
v 1.2 -0.2 0
v 1.2 -0.2 0.1
v 1.1 -0.2 0.1
v 1.1 -0.3 0.1
v 1.2 -0.3 0.1
v 1.2 -0.2 0.1
v 1.1 -0.3 0
v 1.1 -0.2 0
v 1.2 -0.2 0
v 1.2 -0.3 0
v -1.2 -0.3 0.1
v -1.2 -0.3 0
v -1.2 -0.4 0
v -1.2 -0.4 0.1
v -1.2 -0.3 0.1
v -1.2 -0.4 0.1
v -1.1 -0.4 0.1
v -1.1 -0.3 0.1
v -1.2 -0.4 0
v -1.2 -0.3 0
v -1.1 -0.3 0
v -1.1 -0.4 0
v -1.1 -0.3 0.1
v -1.1 -0.4 0.1
v -1 -0.4 0.1
v -1 -0.3 0.1
v -1.1 -0.4 0
v -1.1 -0.3 0
v -1 -0.3 0
v -1 -0.4 0
v -1 -0.3 0.1
v -1 -0.4 0.1
v -0.9 -0.4 0.1
v -0.9 -0.3 0.1
v -1 -0.4 0
v -1 -0.3 0
v -0.9 -0.3 0
v -0.9 -0.4 0
v -0.9 -0.3 0.1
v -0.9 -0.4 0.1
v -0.8 -0.4 0.1
v -0.8 -0.3 0.1
v -0.9 -0.4 0
v -0.9 -0.3 0
v -0.8 -0.3 0
v -0.8 -0.4 0
v -0.8 -0.3 0.1
v -0.8 -0.4 0.1
v -0.7 -0.4 0.1
v -0.7 -0.3 0.1
v -0.8 -0.4 0
v -0.8 -0.3 0
v -0.7 -0.3 0
v -0.7 -0.4 0
v -0.7 -0.3 0.1
v -0.7 -0.4 0.1
v -0.6 -0.4 0.1
v -0.6 -0.3 0.1
v -0.7 -0.4 0
v -0.7 -0.3 0
v -0.6 -0.3 0
v -0.6 -0.4 0
v -0.6 -0.3 0.1
v -0.6 -0.4 0.1
v -0.5 -0.4 0.1
v -0.5 -0.3 0.1
v -0.6 -0.4 0
v -0.6 -0.3 0
v -0.5 -0.3 0
v -0.5 -0.4 0
v -0.5 -0.3 0.1
v -0.5 -0.4 0.1
v -0.4 -0.4 0.1
v -0.4 -0.3 0.1
v -0.5 -0.4 0
v -0.5 -0.3 0
v -0.4 -0.3 0
v -0.4 -0.4 0
v -0.4 -0.3 0.1
v -0.4 -0.4 0.1
v -0.3 -0.4 0.1
v -0.3 -0.3 0.1
v -0.4 -0.4 0
v -0.4 -0.3 0
v -0.3 -0.3 0
v -0.3 -0.4 0
v -0.3 -0.3 0.1
v -0.3 -0.4 0.1
v -0.2 -0.4 0.1
v -0.2 -0.3 0.1
v -0.3 -0.4 0
v -0.3 -0.3 0
v -0.2 -0.3 0
v -0.2 -0.4 0
v -0.2 -0.3 0.1
v -0.2 -0.4 0.1
v -0.1 -0.4 0.1
v -0.1 -0.3 0.1
v -0.2 -0.4 0
v -0.2 -0.3 0
v -0.1 -0.3 0
v -0.1 -0.4 0
v -0.1 -0.3 0.1
v -0.1 -0.4 0.1
v 0 -0.4 0.1
v 0 -0.3 0.1
v -0.1 -0.4 0
v -0.1 -0.3 0
v 0 -0.3 0
v 0 -0.4 0
v 0.1 -0.4 0.1
v 0.1 -0.4 0
v 0.1 -0.3 0
v 0.1 -0.3 0.1
v 0 -0.3 0.1
v 0 -0.4 0.1
v 0.1 -0.4 0.1
v 0.1 -0.3 0.1
v 0 -0.4 0
v 0 -0.3 0
v 0.1 -0.3 0
v 0.1 -0.4 0
v 0.1 -0.3 0.1
v 0.1 -0.3 0
v 0 -0.3 0
v 0 -0.3 0.1
v 0.1 -0.3 0.4
v 0.1 -0.3 0.3
v 0.1 -0.4 0.3
v 0.1 -0.4 0.4
v 0.1 -0.3 0.4
v 0.1 -0.4 0.4
v 0.2 -0.4 0.4
v 0.2 -0.3 0.4
v 0.1 -0.4 0.3
v 0.1 -0.3 0.3
v 0.2 -0.3 0.3
v 0.2 -0.4 0.3
v 0.1 -0.4 0.4
v 0.1 -0.4 0.3
v 0.2 -0.4 0.3
v 0.2 -0.4 0.4
v 0.2 -0.3 0.4
v 0.2 -0.4 0.4
v 0.3 -0.4 0.4
v 0.3 -0.3 0.4
v 0.2 -0.4 0.3
v 0.2 -0.3 0.3
v 0.3 -0.3 0.3
v 0.3 -0.4 0.3
v 0.4 -0.4 0.4
v 0.4 -0.4 0.3
v 0.4 -0.3 0.3
v 0.4 -0.3 0.4
v 0.3 -0.3 0.4
v 0.3 -0.4 0.4
v 0.4 -0.4 0.4
v 0.4 -0.3 0.4
v 0.3 -0.4 0.3
v 0.3 -0.3 0.3
v 0.4 -0.3 0.3
v 0.4 -0.4 0.3
v 0.4 -0.3 0.1
v 0.4 -0.3 0
v 0.4 -0.4 0
v 0.4 -0.4 0.1
v 0.5 -0.4 0.1
v 0.5 -0.4 0
v 0.5 -0.3 0
v 0.5 -0.3 0.1
v 0.4 -0.3 0.1
v 0.4 -0.4 0.1
v 0.5 -0.4 0.1
v 0.5 -0.3 0.1
v 0.4 -0.4 0
v 0.4 -0.3 0
v 0.5 -0.3 0
v 0.5 -0.4 0
v 0.4 -0.4 0.1
v 0.4 -0.4 0
v 0.5 -0.4 0
v 0.5 -0.4 0.1
v 0.5 -0.3 0.4
v 0.5 -0.3 0.3
v 0.5 -0.4 0.3
v 0.5 -0.4 0.4
v 0.5 -0.3 0.4
v 0.5 -0.4 0.4
v 0.6 -0.4 0.4
v 0.6 -0.3 0.4
v 0.5 -0.4 0.3
v 0.5 -0.3 0.3
v 0.6 -0.3 0.3
v 0.6 -0.4 0.3
v 0.6 -0.3 0.4
v 0.6 -0.4 0.4
v 0.7 -0.4 0.4
v 0.7 -0.3 0.4
v 0.6 -0.4 0.3
v 0.6 -0.3 0.3
v 0.7 -0.3 0.3
v 0.7 -0.4 0.3
v 0.7 -0.3 0.4
v 0.7 -0.4 0.4
v 0.8 -0.4 0.4
v 0.8 -0.3 0.4
v 0.7 -0.4 0.3
v 0.7 -0.3 0.3
v 0.8 -0.3 0.3
v 0.8 -0.4 0.3
v 0.8 -0.3 0.4
v 0.8 -0.4 0.4
v 0.9 -0.4 0.4
v 0.9 -0.3 0.4
v 0.8 -0.4 0.3
v 0.8 -0.3 0.3
v 0.9 -0.3 0.3
v 0.9 -0.4 0.3
v 0.9 -0.3 0.4
v 0.9 -0.4 0.4
v 1 -0.4 0.4
v 1 -0.3 0.4
v 0.9 -0.4 0.3
v 0.9 -0.3 0.3
v 1 -0.3 0.3
v 1 -0.4 0.3
v 1.1 -0.4 0.4
v 1.1 -0.4 0.3
v 1.1 -0.3 0.3
v 1.1 -0.3 0.4
v 1 -0.3 0.4
v 1 -0.4 0.4
v 1.1 -0.4 0.4
v 1.1 -0.3 0.4
v 1 -0.4 0.3
v 1 -0.3 0.3
v 1.1 -0.3 0.3
v 1.1 -0.4 0.3
v 1.1 -0.3 0.1
v 1.1 -0.3 0
v 1.1 -0.4 0
v 1.1 -0.4 0.1
v 1.2 -0.4 0.1
v 1.2 -0.4 0
v 1.2 -0.3 0
v 1.2 -0.3 0.1
v 1.1 -0.3 0.1
v 1.1 -0.4 0.1
v 1.2 -0.4 0.1
v 1.2 -0.3 0.1
v 1.1 -0.4 0
v 1.1 -0.3 0
v 1.2 -0.3 0
v 1.2 -0.4 0
v -1.2 -0.4 0.1
v -1.2 -0.4 0
v -1.2 -0.5 0
v -1.2 -0.5 0.1
v -1.2 -0.4 0.1
v -1.2 -0.5 0.1
v -1.1 -0.5 0.1
v -1.1 -0.4 0.1
v -1.2 -0.5 0
v -1.2 -0.4 0
v -1.1 -0.4 0
v -1.1 -0.5 0
v -1.1 -0.4 0.1
v -1.1 -0.5 0.1
v -1 -0.5 0.1
v -1 -0.4 0.1
v -1.1 -0.5 0
v -1.1 -0.4 0
v -1 -0.4 0
v -1 -0.5 0
v -1 -0.4 0.1
v -1 -0.5 0.1
v -0.9 -0.5 0.1
v -0.9 -0.4 0.1
v -1 -0.5 0
v -1 -0.4 0
v -0.9 -0.4 0
v -0.9 -0.5 0
v -0.9 -0.4 0.1
v -0.9 -0.5 0.1
v -0.8 -0.5 0.1
v -0.8 -0.4 0.1
v -0.9 -0.5 0
v -0.9 -0.4 0
v -0.8 -0.4 0
v -0.8 -0.5 0
v -0.8 -0.4 0.1
v -0.8 -0.5 0.1
v -0.7 -0.5 0.1
v -0.7 -0.4 0.1
v -0.8 -0.5 0
v -0.8 -0.4 0
v -0.7 -0.4 0
v -0.7 -0.5 0
v -0.7 -0.4 0.1
v -0.7 -0.5 0.1
v -0.6 -0.5 0.1
v -0.6 -0.4 0.1
v -0.7 -0.5 0
v -0.7 -0.4 0
v -0.6 -0.4 0
v -0.6 -0.5 0
v -0.6 -0.4 0.1
v -0.6 -0.5 0.1
v -0.5 -0.5 0.1
v -0.5 -0.4 0.1
v -0.6 -0.5 0
v -0.6 -0.4 0
v -0.5 -0.4 0
v -0.5 -0.5 0
v -0.5 -0.4 0.1
v -0.5 -0.5 0.1
v -0.4 -0.5 0.1
v -0.4 -0.4 0.1
v -0.5 -0.5 0
v -0.5 -0.4 0
v -0.4 -0.4 0
v -0.4 -0.5 0
v -0.4 -0.4 0.1
v -0.4 -0.5 0.1
v -0.3 -0.5 0.1
v -0.3 -0.4 0.1
v -0.4 -0.5 0
v -0.4 -0.4 0
v -0.3 -0.4 0
v -0.3 -0.5 0
v -0.3 -0.4 0.1
v -0.3 -0.5 0.1
v -0.2 -0.5 0.1
v -0.2 -0.4 0.1
v -0.3 -0.5 0
v -0.3 -0.4 0
v -0.2 -0.4 0
v -0.2 -0.5 0
v -0.2 -0.4 0.1
v -0.2 -0.5 0.1
v -0.1 -0.5 0.1
v -0.1 -0.4 0.1
v -0.2 -0.5 0
v -0.2 -0.4 0
v -0.1 -0.4 0
v -0.1 -0.5 0
v -0.1 -0.4 0.1
v -0.1 -0.5 0.1
v 0 -0.5 0.1
v 0 -0.4 0.1
v -0.1 -0.5 0
v -0.1 -0.4 0
v 0 -0.4 0
v 0 -0.5 0
v -0.1 -0.5 0.1
v -0.1 -0.5 0
v 0 -0.5 0
v 0 -0.5 0.1
v 0 -0.4 0.1
v 0 -0.5 0.1
v 0.1 -0.5 0.1
v 0.1 -0.4 0.1
v 0 -0.5 0
v 0 -0.4 0
v 0.1 -0.4 0
v 0.1 -0.5 0
v 0.2 -0.5 0.1
v 0.2 -0.5 0
v 0.2 -0.4 0
v 0.2 -0.4 0.1
v 0.1 -0.4 0.1
v 0.1 -0.5 0.1
v 0.2 -0.5 0.1
v 0.2 -0.4 0.1
v 0.1 -0.5 0
v 0.1 -0.4 0
v 0.2 -0.4 0
v 0.2 -0.5 0
v 0.1 -0.5 0.1
v 0.1 -0.5 0
v 0.2 -0.5 0
v 0.2 -0.5 0.1
v 0.2 -0.4 0.1
v 0.2 -0.4 0
v 0.1 -0.4 0
v 0.1 -0.4 0.1
v 0.2 -0.4 0.4
v 0.2 -0.4 0.3
v 0.2 -0.5 0.3
v 0.2 -0.5 0.4
v 0.2 -0.4 0.4
v 0.2 -0.5 0.4
v 0.3 -0.5 0.4
v 0.3 -0.4 0.4
v 0.2 -0.5 0.3
v 0.2 -0.4 0.3
v 0.3 -0.4 0.3
v 0.3 -0.5 0.3
v 0.4 -0.5 0.4
v 0.4 -0.5 0.3
v 0.4 -0.4 0.3
v 0.4 -0.4 0.4
v 0.3 -0.4 0.4
v 0.3 -0.5 0.4
v 0.4 -0.5 0.4
v 0.4 -0.4 0.4
v 0.3 -0.5 0.3
v 0.3 -0.4 0.3
v 0.4 -0.4 0.3
v 0.4 -0.5 0.3
v 0.4 -0.4 0.2
v 0.4 -0.4 0.1
v 0.4 -0.5 0.1
v 0.4 -0.5 0.2
v 0.5 -0.5 0.2
v 0.5 -0.5 0.1
v 0.5 -0.4 0.1
v 0.5 -0.4 0.2
v 0.4 -0.4 0.2
v 0.4 -0.5 0.2
v 0.5 -0.5 0.2
v 0.5 -0.4 0.2
v 0.4 -0.5 0.1
v 0.4 -0.4 0.1
v 0.5 -0.4 0.1
v 0.5 -0.5 0.1
v 0.4 -0.5 0.2
v 0.4 -0.5 0.1
v 0.5 -0.5 0.1
v 0.5 -0.5 0.2
v 0.5 -0.4 0.2
v 0.5 -0.4 0.1
v 0.4 -0.4 0.1
v 0.4 -0.4 0.2
v 0.5 -0.4 0.4
v 0.5 -0.4 0.3
v 0.5 -0.5 0.3
v 0.5 -0.5 0.4
v 0.5 -0.4 0.4
v 0.5 -0.5 0.4
v 0.6 -0.5 0.4
v 0.6 -0.4 0.4
v 0.5 -0.5 0.3
v 0.5 -0.4 0.3
v 0.6 -0.4 0.3
v 0.6 -0.5 0.3
v 0.6 -0.4 0.4
v 0.6 -0.5 0.4
v 0.7 -0.5 0.4
v 0.7 -0.4 0.4
v 0.6 -0.5 0.3
v 0.6 -0.4 0.3
v 0.7 -0.4 0.3
v 0.7 -0.5 0.3
v 0.7 -0.4 0.4
v 0.7 -0.5 0.4
v 0.8 -0.5 0.4
v 0.8 -0.4 0.4
v 0.7 -0.5 0.3
v 0.7 -0.4 0.3
v 0.8 -0.4 0.3
v 0.8 -0.5 0.3
v 0.8 -0.4 0.4
v 0.8 -0.5 0.4
v 0.9 -0.5 0.4
v 0.9 -0.4 0.4
v 0.8 -0.5 0.3
v 0.8 -0.4 0.3
v 0.9 -0.4 0.3
v 0.9 -0.5 0.3
v 0.9 -0.4 0.4
v 0.9 -0.5 0.4
v 1 -0.5 0.4
v 1 -0.4 0.4
v 0.9 -0.5 0.3
v 0.9 -0.4 0.3
v 1 -0.4 0.3
v 1 -0.5 0.3
v 1.1 -0.5 0.4
v 1.1 -0.5 0.3
v 1.1 -0.4 0.3
v 1.1 -0.4 0.4
v 1 -0.4 0.4
v 1 -0.5 0.4
v 1.1 -0.5 0.4
v 1.1 -0.4 0.4
v 1 -0.5 0.3
v 1 -0.4 0.3
v 1.1 -0.4 0.3
v 1.1 -0.5 0.3
v 1.1 -0.4 0.1
v 1.1 -0.4 0
v 1.1 -0.5 0
v 1.1 -0.5 0.1
v 1.2 -0.5 0.1
v 1.2 -0.5 0
v 1.2 -0.4 0
v 1.2 -0.4 0.1
v 1.1 -0.4 0.1
v 1.1 -0.5 0.1
v 1.2 -0.5 0.1
v 1.2 -0.4 0.1
v 1.1 -0.5 0
v 1.1 -0.4 0
v 1.2 -0.4 0
v 1.2 -0.5 0
v -1.2 -0.5 0.1
v -1.2 -0.5 0
v -1.2 -0.6 0
v -1.2 -0.6 0.1
v -1.2 -0.5 0.1
v -1.2 -0.6 0.1
v -1.1 -0.6 0.1
v -1.1 -0.5 0.1
v -1.2 -0.6 0
v -1.2 -0.5 0
v -1.1 -0.5 0
v -1.1 -0.6 0
v -1.1 -0.5 0.1
v -1.1 -0.6 0.1
v -1 -0.6 0.1
v -1 -0.5 0.1
v -1.1 -0.6 0
v -1.1 -0.5 0
v -1 -0.5 0
v -1 -0.6 0
v -1 -0.5 0.1
v -1 -0.6 0.1
v -0.9 -0.6 0.1
v -0.9 -0.5 0.1
v -1 -0.6 0
v -1 -0.5 0
v -0.9 -0.5 0
v -0.9 -0.6 0
v -0.9 -0.5 0.1
v -0.9 -0.6 0.1
v -0.8 -0.6 0.1
v -0.8 -0.5 0.1
v -0.9 -0.6 0
v -0.9 -0.5 0
v -0.8 -0.5 0
v -0.8 -0.6 0
v -0.8 -0.5 0.1
v -0.8 -0.6 0.1
v -0.7 -0.6 0.1
v -0.7 -0.5 0.1
v -0.8 -0.6 0
v -0.8 -0.5 0
v -0.7 -0.5 0
v -0.7 -0.6 0
v -0.8 -0.6 0.1
v -0.8 -0.6 0
v -0.7 -0.6 0
v -0.7 -0.6 0.1
v -0.7 -0.5 0.1
v -0.7 -0.6 0.1
v -0.6 -0.6 0.1
v -0.6 -0.5 0.1
v -0.7 -0.6 0
v -0.7 -0.5 0
v -0.6 -0.5 0
v -0.6 -0.6 0
v -0.6 -0.5 0.1
v -0.6 -0.6 0.1
v -0.5 -0.6 0.1
v -0.5 -0.5 0.1
v -0.6 -0.6 0
v -0.6 -0.5 0
v -0.5 -0.5 0
v -0.5 -0.6 0
v -0.5 -0.5 0.1
v -0.5 -0.6 0.1
v -0.4 -0.6 0.1
v -0.4 -0.5 0.1
v -0.5 -0.6 0
v -0.5 -0.5 0
v -0.4 -0.5 0
v -0.4 -0.6 0
v -0.4 -0.5 0.1
v -0.4 -0.6 0.1
v -0.3 -0.6 0.1
v -0.3 -0.5 0.1
v -0.4 -0.6 0
v -0.4 -0.5 0
v -0.3 -0.5 0
v -0.3 -0.6 0
v -0.3 -0.5 0.1
v -0.3 -0.6 0.1
v -0.2 -0.6 0.1
v -0.2 -0.5 0.1
v -0.3 -0.6 0
v -0.3 -0.5 0
v -0.2 -0.5 0
v -0.2 -0.6 0
v -0.1 -0.6 0.1
v -0.1 -0.6 0
v -0.1 -0.5 0
v -0.1 -0.5 0.1
v -0.2 -0.5 0.1
v -0.2 -0.6 0.1
v -0.1 -0.6 0.1
v -0.1 -0.5 0.1
v -0.2 -0.6 0
v -0.2 -0.5 0
v -0.1 -0.5 0
v -0.1 -0.6 0
v -0.1 -0.5 0.4
v -0.1 -0.5 0.3
v -0.1 -0.6 0.3
v -0.1 -0.6 0.4
v 0 -0.6 0.4
v 0 -0.6 0.3
v 0 -0.5 0.3
v 0 -0.5 0.4
v -0.1 -0.5 0.4
v -0.1 -0.6 0.4
v 0 -0.6 0.4
v 0 -0.5 0.4
v -0.1 -0.6 0.3
v -0.1 -0.5 0.3
v 0 -0.5 0.3
v 0 -0.6 0.3
v -0.1 -0.6 0.4
v -0.1 -0.6 0.3
v 0 -0.6 0.3
v 0 -0.6 0.4
v 0 -0.5 0.4
v 0 -0.5 0.3
v -0.1 -0.5 0.3
v -0.1 -0.5 0.4
v 0 -0.5 0.1
v 0 -0.5 0
v 0 -0.6 0
v 0 -0.6 0.1
v 0.1 -0.6 0.1
v 0.1 -0.6 0
v 0.1 -0.5 0
v 0.1 -0.5 0.1
v 0 -0.5 0.1
v 0 -0.6 0.1
v 0.1 -0.6 0.1
v 0.1 -0.5 0.1
v 0 -0.6 0
v 0 -0.5 0
v 0.1 -0.5 0
v 0.1 -0.6 0
v 0.1 -0.5 0.4
v 0.1 -0.5 0.3
v 0.1 -0.6 0.3
v 0.1 -0.6 0.4
v 0.1 -0.5 0.4
v 0.1 -0.6 0.4
v 0.2 -0.6 0.4
v 0.2 -0.5 0.4
v 0.1 -0.6 0.3
v 0.1 -0.5 0.3
v 0.2 -0.5 0.3
v 0.2 -0.6 0.3
v 0.2 -0.5 0.4
v 0.2 -0.5 0.3
v 0.1 -0.5 0.3
v 0.1 -0.5 0.4
v 0.2 -0.5 0.4
v 0.2 -0.6 0.4
v 0.3 -0.6 0.4
v 0.3 -0.5 0.4
v 0.2 -0.6 0.3
v 0.2 -0.5 0.3
v 0.3 -0.5 0.3
v 0.3 -0.6 0.3
v 0.4 -0.6 0.4
v 0.4 -0.6 0.3
v 0.4 -0.5 0.3
v 0.4 -0.5 0.4
v 0.3 -0.5 0.4
v 0.3 -0.6 0.4
v 0.4 -0.6 0.4
v 0.4 -0.5 0.4
v 0.3 -0.6 0.3
v 0.3 -0.5 0.3
v 0.4 -0.5 0.3
v 0.4 -0.6 0.3
v 0.4 -0.5 0.1
v 0.4 -0.5 0
v 0.4 -0.6 0
v 0.4 -0.6 0.1
v 0.5 -0.6 0.1
v 0.5 -0.6 0
v 0.5 -0.5 0
v 0.5 -0.5 0.1
v 0.4 -0.5 0.1
v 0.4 -0.6 0.1
v 0.5 -0.6 0.1
v 0.5 -0.5 0.1
v 0.4 -0.6 0
v 0.4 -0.5 0
v 0.5 -0.5 0
v 0.5 -0.6 0
v 0.5 -0.5 0.1
v 0.5 -0.5 0
v 0.4 -0.5 0
v 0.4 -0.5 0.1
v 0.5 -0.5 0.4
v 0.5 -0.5 0.3
v 0.5 -0.6 0.3
v 0.5 -0.6 0.4
v 0.5 -0.5 0.4
v 0.5 -0.6 0.4
v 0.6 -0.6 0.4
v 0.6 -0.5 0.4
v 0.5 -0.6 0.3
v 0.5 -0.5 0.3
v 0.6 -0.5 0.3
v 0.6 -0.6 0.3
v 0.6 -0.5 0.4
v 0.6 -0.6 0.4
v 0.7 -0.6 0.4
v 0.7 -0.5 0.4
v 0.6 -0.6 0.3
v 0.6 -0.5 0.3
v 0.7 -0.5 0.3
v 0.7 -0.6 0.3
v 0.7 -0.5 0.4
v 0.7 -0.6 0.4
v 0.8 -0.6 0.4
v 0.8 -0.5 0.4
v 0.7 -0.6 0.3
v 0.7 -0.5 0.3
v 0.8 -0.5 0.3
v 0.8 -0.6 0.3
v 0.8 -0.5 0.4
v 0.8 -0.6 0.4
v 0.9 -0.6 0.4
v 0.9 -0.5 0.4
v 0.8 -0.6 0.3
v 0.8 -0.5 0.3
v 0.9 -0.5 0.3
v 0.9 -0.6 0.3
v 0.9 -0.5 0.4
v 0.9 -0.6 0.4
v 1 -0.6 0.4
v 1 -0.5 0.4
v 0.9 -0.6 0.3
v 0.9 -0.5 0.3
v 1 -0.5 0.3
v 1 -0.6 0.3
v 1.1 -0.6 0.4
v 1.1 -0.6 0.3
v 1.1 -0.5 0.3
v 1.1 -0.5 0.4
v 1 -0.5 0.4
v 1 -0.6 0.4
v 1.1 -0.6 0.4
v 1.1 -0.5 0.4
v 1 -0.6 0.3
v 1 -0.5 0.3
v 1.1 -0.5 0.3
v 1.1 -0.6 0.3
v 1.1 -0.5 0.1
v 1.1 -0.5 0
v 1.1 -0.6 0
v 1.1 -0.6 0.1
v 1.2 -0.6 0.1
v 1.2 -0.6 0
v 1.2 -0.5 0
v 1.2 -0.5 0.1
v 1.1 -0.5 0.1
v 1.1 -0.6 0.1
v 1.2 -0.6 0.1
v 1.2 -0.5 0.1
v 1.1 -0.6 0
v 1.1 -0.5 0
v 1.2 -0.5 0
v 1.2 -0.6 0
v -1.2 -0.6 0.1
v -1.2 -0.6 0
v -1.2 -0.7 0
v -1.2 -0.7 0.1
v -1.2 -0.6 0.1
v -1.2 -0.7 0.1
v -1.1 -0.7 0.1
v -1.1 -0.6 0.1
v -1.2 -0.7 0
v -1.2 -0.6 0
v -1.1 -0.6 0
v -1.1 -0.7 0
v -1.1 -0.6 0.1
v -1.1 -0.7 0.1
v -1 -0.7 0.1
v -1 -0.6 0.1
v -1.1 -0.7 0
v -1.1 -0.6 0
v -1 -0.6 0
v -1 -0.7 0
v -1 -0.6 0.1
v -1 -0.7 0.1
v -0.9 -0.7 0.1
v -0.9 -0.6 0.1
v -1 -0.7 0
v -1 -0.6 0
v -0.9 -0.6 0
v -0.9 -0.7 0
v -1 -0.7 0.1
v -1 -0.7 0
v -0.9 -0.7 0
v -0.9 -0.7 0.1
v -0.8 -0.7 0.1
v -0.8 -0.7 0
v -0.8 -0.6 0
v -0.8 -0.6 0.1
v -0.9 -0.6 0.1
v -0.9 -0.7 0.1
v -0.8 -0.7 0.1
v -0.8 -0.6 0.1
v -0.9 -0.7 0
v -0.9 -0.6 0
v -0.8 -0.6 0
v -0.8 -0.7 0
v -0.8 -0.6 0.2
v -0.8 -0.6 0.1
v -0.8 -0.7 0.1
v -0.8 -0.7 0.2
v -0.7 -0.7 0.2
v -0.7 -0.7 0.1
v -0.7 -0.6 0.1
v -0.7 -0.6 0.2
v -0.8 -0.6 0.2
v -0.8 -0.7 0.2
v -0.7 -0.7 0.2
v -0.7 -0.6 0.2
v -0.8 -0.7 0.1
v -0.8 -0.6 0.1
v -0.7 -0.6 0.1
v -0.7 -0.7 0.1
v -0.8 -0.7 0.2
v -0.8 -0.7 0.1
v -0.7 -0.7 0.1
v -0.7 -0.7 0.2
v -0.7 -0.6 0.2
v -0.7 -0.6 0.1
v -0.8 -0.6 0.1
v -0.8 -0.6 0.2
v -0.7 -0.6 0.1
v -0.7 -0.6 0
v -0.7 -0.7 0
v -0.7 -0.7 0.1
v -0.7 -0.6 0.1
v -0.7 -0.7 0.1
v -0.6 -0.7 0.1
v -0.6 -0.6 0.1
v -0.7 -0.7 0
v -0.7 -0.6 0
v -0.6 -0.6 0
v -0.6 -0.7 0
v -0.6 -0.6 0.1
v -0.6 -0.7 0.1
v -0.5 -0.7 0.1
v -0.5 -0.6 0.1
v -0.6 -0.7 0
v -0.6 -0.6 0
v -0.5 -0.6 0
v -0.5 -0.7 0
v -0.5 -0.6 0.1
v -0.5 -0.7 0.1
v -0.4 -0.7 0.1
v -0.4 -0.6 0.1
v -0.5 -0.7 0
v -0.5 -0.6 0
v -0.4 -0.6 0
v -0.4 -0.7 0
v -0.4 -0.6 0.1
v -0.4 -0.7 0.1
v -0.3 -0.7 0.1
v -0.3 -0.6 0.1
v -0.4 -0.7 0
v -0.4 -0.6 0
v -0.3 -0.6 0
v -0.3 -0.7 0
v -0.3 -0.6 0.1
v -0.3 -0.7 0.1
v -0.2 -0.7 0.1
v -0.2 -0.6 0.1
v -0.3 -0.7 0
v -0.3 -0.6 0
v -0.2 -0.6 0
v -0.2 -0.7 0
v -0.2 -0.6 0.1
v -0.2 -0.7 0.1
v -0.1 -0.7 0.1
v -0.1 -0.6 0.1
v -0.2 -0.7 0
v -0.2 -0.6 0
v -0.1 -0.6 0
v -0.1 -0.7 0
v -0.1 -0.6 0.1
v -0.1 -0.7 0.1
v 0 -0.7 0.1
v 0 -0.6 0.1
v -0.1 -0.7 0
v -0.1 -0.6 0
v 0 -0.6 0
v 0 -0.7 0
v 0 -0.6 0.1
v 0 -0.6 0
v -0.1 -0.6 0
v -0.1 -0.6 0.1
v 0.1 -0.7 0.1
v 0.1 -0.7 0
v 0.1 -0.6 0
v 0.1 -0.6 0.1
v 0 -0.6 0.1
v 0 -0.7 0.1
v 0.1 -0.7 0.1
v 0.1 -0.6 0.1
v 0 -0.7 0
v 0 -0.6 0
v 0.1 -0.6 0
v 0.1 -0.7 0
v 0.1 -0.6 0.4
v 0.1 -0.6 0.3
v 0.1 -0.7 0.3
v 0.1 -0.7 0.4
v 0.1 -0.6 0.4
v 0.1 -0.7 0.4
v 0.2 -0.7 0.4
v 0.2 -0.6 0.4
v 0.1 -0.7 0.3
v 0.1 -0.6 0.3
v 0.2 -0.6 0.3
v 0.2 -0.7 0.3
v 0.1 -0.7 0.4
v 0.1 -0.7 0.3
v 0.2 -0.7 0.3
v 0.2 -0.7 0.4
v 0.2 -0.6 0.4
v 0.2 -0.7 0.4
v 0.3 -0.7 0.4
v 0.3 -0.6 0.4
v 0.2 -0.7 0.3
v 0.2 -0.6 0.3
v 0.3 -0.6 0.3
v 0.3 -0.7 0.3
v 0.4 -0.7 0.4
v 0.4 -0.7 0.3
v 0.4 -0.6 0.3
v 0.4 -0.6 0.4
v 0.3 -0.6 0.4
v 0.3 -0.7 0.4
v 0.4 -0.7 0.4
v 0.4 -0.6 0.4
v 0.3 -0.7 0.3
v 0.3 -0.6 0.3
v 0.4 -0.6 0.3
v 0.4 -0.7 0.3
v 0.4 -0.6 0.1
v 0.4 -0.6 0
v 0.4 -0.7 0
v 0.4 -0.7 0.1
v 0.5 -0.7 0.1
v 0.5 -0.7 0
v 0.5 -0.6 0
v 0.5 -0.6 0.1
v 0.4 -0.6 0.1
v 0.4 -0.7 0.1
v 0.5 -0.7 0.1
v 0.5 -0.6 0.1
v 0.4 -0.7 0
v 0.4 -0.6 0
v 0.5 -0.6 0
v 0.5 -0.7 0
v 0.5 -0.6 0.4
v 0.5 -0.6 0.3
v 0.5 -0.7 0.3
v 0.5 -0.7 0.4
v 0.5 -0.6 0.4
v 0.5 -0.7 0.4
v 0.6 -0.7 0.4
v 0.6 -0.6 0.4
v 0.5 -0.7 0.3
v 0.5 -0.6 0.3
v 0.6 -0.6 0.3
v 0.6 -0.7 0.3
v 0.6 -0.6 0.4
v 0.6 -0.7 0.4
v 0.7 -0.7 0.4
v 0.7 -0.6 0.4
v 0.6 -0.7 0.3
v 0.6 -0.6 0.3
v 0.7 -0.6 0.3
v 0.7 -0.7 0.3
v 0.7 -0.6 0.4
v 0.7 -0.7 0.4
v 0.8 -0.7 0.4
v 0.8 -0.6 0.4
v 0.7 -0.7 0.3
v 0.7 -0.6 0.3
v 0.8 -0.6 0.3
v 0.8 -0.7 0.3
v 0.8 -0.6 0.4
v 0.8 -0.7 0.4
v 0.9 -0.7 0.4
v 0.9 -0.6 0.4
v 0.8 -0.7 0.3
v 0.8 -0.6 0.3
v 0.9 -0.6 0.3
v 0.9 -0.7 0.3
v 0.9 -0.6 0.4
v 0.9 -0.7 0.4
v 1 -0.7 0.4
v 1 -0.6 0.4
v 0.9 -0.7 0.3
v 0.9 -0.6 0.3
v 1 -0.6 0.3
v 1 -0.7 0.3
v 1.1 -0.7 0.4
v 1.1 -0.7 0.3
v 1.1 -0.6 0.3
v 1.1 -0.6 0.4
v 1 -0.6 0.4
v 1 -0.7 0.4
v 1.1 -0.7 0.4
v 1.1 -0.6 0.4
v 1 -0.7 0.3
v 1 -0.6 0.3
v 1.1 -0.6 0.3
v 1.1 -0.7 0.3
v 1.1 -0.6 0.1
v 1.1 -0.6 0
v 1.1 -0.7 0
v 1.1 -0.7 0.1
v 1.2 -0.7 0.1
v 1.2 -0.7 0
v 1.2 -0.6 0
v 1.2 -0.6 0.1
v 1.1 -0.6 0.1
v 1.1 -0.7 0.1
v 1.2 -0.7 0.1
v 1.2 -0.6 0.1
v 1.1 -0.7 0
v 1.1 -0.6 0
v 1.2 -0.6 0
v 1.2 -0.7 0
v -1.2 -0.7 0.1
v -1.2 -0.7 0
v -1.2 -0.8 0
v -1.2 -0.8 0.1
v -1.2 -0.7 0.1
v -1.2 -0.8 0.1
v -1.1 -0.8 0.1
v -1.1 -0.7 0.1
v -1.2 -0.8 0
v -1.2 -0.7 0
v -1.1 -0.7 0
v -1.1 -0.8 0
v -1.2 -0.8 0.1
v -1.2 -0.8 0
v -1.1 -0.8 0
v -1.1 -0.8 0.1
v -1 -0.8 0.1
v -1 -0.8 0
v -1 -0.7 0
v -1 -0.7 0.1
v -1.1 -0.7 0.1
v -1.1 -0.8 0.1
v -1 -0.8 0.1
v -1 -0.7 0.1
v -1.1 -0.8 0
v -1.1 -0.7 0
v -1 -0.7 0
v -1 -0.8 0
v -1.1 -0.8 0.1
v -1.1 -0.8 0
v -1 -0.8 0
v -1 -0.8 0.1
v -1 -0.7 0.2
v -1 -0.7 0.1
v -1 -0.8 0.1
v -1 -0.8 0.2
v -0.9 -0.8 0.2
v -0.9 -0.8 0.1
v -0.9 -0.7 0.1
v -0.9 -0.7 0.2
v -1 -0.7 0.2
v -1 -0.8 0.2
v -0.9 -0.8 0.2
v -0.9 -0.7 0.2
v -1 -0.8 0.1
v -1 -0.7 0.1
v -0.9 -0.7 0.1
v -0.9 -0.8 0.1
v -0.9 -0.7 0.2
v -0.9 -0.7 0.1
v -1 -0.7 0.1
v -1 -0.7 0.2
v -0.9 -0.7 0.1
v -0.9 -0.7 0
v -0.9 -0.8 0
v -0.9 -0.8 0.1
v -0.9 -0.7 0.1
v -0.9 -0.8 0.1
v -0.8 -0.8 0.1
v -0.8 -0.7 0.1
v -0.9 -0.8 0
v -0.9 -0.7 0
v -0.8 -0.7 0
v -0.8 -0.8 0
v -0.9 -0.8 0.1
v -0.9 -0.8 0
v -0.8 -0.8 0
v -0.8 -0.8 0.1
v -0.8 -0.7 0.1
v -0.8 -0.8 0.1
v -0.7 -0.8 0.1
v -0.7 -0.7 0.1
v -0.8 -0.8 0
v -0.8 -0.7 0
v -0.7 -0.7 0
v -0.7 -0.8 0
v -0.7 -0.7 0.1
v -0.7 -0.7 0
v -0.8 -0.7 0
v -0.8 -0.7 0.1
v -0.7 -0.7 0.1
v -0.7 -0.8 0.1
v -0.6 -0.8 0.1
v -0.6 -0.7 0.1
v -0.7 -0.8 0
v -0.7 -0.7 0
v -0.6 -0.7 0
v -0.6 -0.8 0
v -0.6 -0.7 0.1
v -0.6 -0.8 0.1
v -0.5 -0.8 0.1
v -0.5 -0.7 0.1
v -0.6 -0.8 0
v -0.6 -0.7 0
v -0.5 -0.7 0
v -0.5 -0.8 0
v -0.5 -0.7 0.1
v -0.5 -0.8 0.1
v -0.4 -0.8 0.1
v -0.4 -0.7 0.1
v -0.5 -0.8 0
v -0.5 -0.7 0
v -0.4 -0.7 0
v -0.4 -0.8 0
v -0.4 -0.7 0.1
v -0.4 -0.8 0.1
v -0.3 -0.8 0.1
v -0.3 -0.7 0.1
v -0.4 -0.8 0
v -0.4 -0.7 0
v -0.3 -0.7 0
v -0.3 -0.8 0
v -0.3 -0.7 0.1
v -0.3 -0.8 0.1
v -0.2 -0.8 0.1
v -0.2 -0.7 0.1
v -0.3 -0.8 0
v -0.3 -0.7 0
v -0.2 -0.7 0
v -0.2 -0.8 0
v -0.2 -0.7 0.1
v -0.2 -0.8 0.1
v -0.1 -0.8 0.1
v -0.1 -0.7 0.1
v -0.2 -0.8 0
v -0.2 -0.7 0
v -0.1 -0.7 0
v -0.1 -0.8 0
v -0.2 -0.8 0.1
v -0.2 -0.8 0
v -0.1 -0.8 0
v -0.1 -0.8 0.1
v -0.1 -0.7 0.1
v -0.1 -0.8 0.1
v 0 -0.8 0.1
v 0 -0.7 0.1
v -0.1 -0.8 0
v -0.1 -0.7 0
v 0 -0.7 0
v 0 -0.8 0
v -0.1 -0.8 0.1
v -0.1 -0.8 0
v 0 -0.8 0
v 0 -0.8 0.1
v 0 -0.7 0.1
v 0 -0.8 0.1
v 0.1 -0.8 0.1
v 0.1 -0.7 0.1
v 0 -0.8 0
v 0 -0.7 0
v 0.1 -0.7 0
v 0.1 -0.8 0
v 0 -0.8 0.1
v 0 -0.8 0
v 0.1 -0.8 0
v 0.1 -0.8 0.1
v 0.2 -0.8 0.1
v 0.2 -0.8 0
v 0.2 -0.7 0
v 0.2 -0.7 0.1
v 0.1 -0.7 0.1
v 0.1 -0.8 0.1
v 0.2 -0.8 0.1
v 0.2 -0.7 0.1
v 0.1 -0.8 0
v 0.1 -0.7 0
v 0.2 -0.7 0
v 0.2 -0.8 0
v 0.1 -0.8 0.1
v 0.1 -0.8 0
v 0.2 -0.8 0
v 0.2 -0.8 0.1
v 0.2 -0.7 0.1
v 0.2 -0.7 0
v 0.1 -0.7 0
v 0.1 -0.7 0.1
v 0.2 -0.7 0.4
v 0.2 -0.7 0.3
v 0.2 -0.8 0.3
v 0.2 -0.8 0.4
v 0.2 -0.7 0.4
v 0.2 -0.8 0.4
v 0.3 -0.8 0.4
v 0.3 -0.7 0.4
v 0.2 -0.8 0.3
v 0.2 -0.7 0.3
v 0.3 -0.7 0.3
v 0.3 -0.8 0.3
v 0.4 -0.8 0.4
v 0.4 -0.8 0.3
v 0.4 -0.7 0.3
v 0.4 -0.7 0.4
v 0.3 -0.7 0.4
v 0.3 -0.8 0.4
v 0.4 -0.8 0.4
v 0.4 -0.7 0.4
v 0.3 -0.8 0.3
v 0.3 -0.7 0.3
v 0.4 -0.7 0.3
v 0.4 -0.8 0.3
v 0.4 -0.7 0.1
v 0.4 -0.7 0
v 0.4 -0.8 0
v 0.4 -0.8 0.1
v 0.5 -0.8 0.1
v 0.5 -0.8 0
v 0.5 -0.7 0
v 0.5 -0.7 0.1
v 0.4 -0.7 0.1
v 0.4 -0.8 0.1
v 0.5 -0.8 0.1
v 0.5 -0.7 0.1
v 0.4 -0.8 0
v 0.4 -0.7 0
v 0.5 -0.7 0
v 0.5 -0.8 0
v 0.4 -0.8 0.1
v 0.4 -0.8 0
v 0.5 -0.8 0
v 0.5 -0.8 0.1
v 0.5 -0.7 0.4
v 0.5 -0.7 0.3
v 0.5 -0.8 0.3
v 0.5 -0.8 0.4
v 0.5 -0.7 0.4
v 0.5 -0.8 0.4
v 0.6 -0.8 0.4
v 0.6 -0.7 0.4
v 0.5 -0.8 0.3
v 0.5 -0.7 0.3
v 0.6 -0.7 0.3
v 0.6 -0.8 0.3
v 0.6 -0.7 0.4
v 0.6 -0.8 0.4
v 0.7 -0.8 0.4
v 0.7 -0.7 0.4
v 0.6 -0.8 0.3
v 0.6 -0.7 0.3
v 0.7 -0.7 0.3
v 0.7 -0.8 0.3
v 0.7 -0.7 0.4
v 0.7 -0.8 0.4
v 0.8 -0.8 0.4
v 0.8 -0.7 0.4
v 0.7 -0.8 0.3
v 0.7 -0.7 0.3
v 0.8 -0.7 0.3
v 0.8 -0.8 0.3
v 0.8 -0.7 0.4
v 0.8 -0.8 0.4
v 0.9 -0.8 0.4
v 0.9 -0.7 0.4
v 0.8 -0.8 0.3
v 0.8 -0.7 0.3
v 0.9 -0.7 0.3
v 0.9 -0.8 0.3
v 0.9 -0.7 0.4
v 0.9 -0.8 0.4
v 1 -0.8 0.4
v 1 -0.7 0.4
v 0.9 -0.8 0.3
v 0.9 -0.7 0.3
v 1 -0.7 0.3
v 1 -0.8 0.3
v 1.1 -0.8 0.4
v 1.1 -0.8 0.3
v 1.1 -0.7 0.3
v 1.1 -0.7 0.4
v 1 -0.7 0.4
v 1 -0.8 0.4
v 1.1 -0.8 0.4
v 1.1 -0.7 0.4
v 1 -0.8 0.3
v 1 -0.7 0.3
v 1.1 -0.7 0.3
v 1.1 -0.8 0.3
v 1.1 -0.7 0.1
v 1.1 -0.7 0
v 1.1 -0.8 0
v 1.1 -0.8 0.1
v 1.2 -0.8 0.1
v 1.2 -0.8 0
v 1.2 -0.7 0
v 1.2 -0.7 0.1
v 1.1 -0.7 0.1
v 1.1 -0.8 0.1
v 1.2 -0.8 0.1
v 1.2 -0.7 0.1
v 1.1 -0.8 0
v 1.1 -0.7 0
v 1.2 -0.7 0
v 1.2 -0.8 0
v -1.2 -0.8 0.2
v -1.2 -0.8 0.1
v -1.2 -0.9 0.1
v -1.2 -0.9 0.2
v -1.2 -0.8 0.2
v -1.2 -0.9 0.2
v -1.1 -0.9 0.2
v -1.1 -0.8 0.2
v -1.2 -0.9 0.1
v -1.2 -0.8 0.1
v -1.1 -0.8 0.1
v -1.1 -0.9 0.1
v -1.2 -0.9 0.2
v -1.2 -0.9 0.1
v -1.1 -0.9 0.1
v -1.1 -0.9 0.2
v -1.1 -0.8 0.2
v -1.1 -0.8 0.1
v -1.2 -0.8 0.1
v -1.2 -0.8 0.2
v -1.1 -0.8 0.2
v -1.1 -0.9 0.2
v -1 -0.9 0.2
v -1 -0.8 0.2
v -1.1 -0.9 0.1
v -1.1 -0.8 0.1
v -1 -0.8 0.1
v -1 -0.9 0.1
v -1.1 -0.9 0.2
v -1.1 -0.9 0.1
v -1 -0.9 0.1
v -1 -0.9 0.2
v -1 -0.8 0.2
v -1 -0.8 0.1
v -1.1 -0.8 0.1
v -1.1 -0.8 0.2
v -1 -0.8 0.2
v -1 -0.9 0.2
v -0.9 -0.9 0.2
v -0.9 -0.8 0.2
v -1 -0.9 0.1
v -1 -0.8 0.1
v -0.9 -0.8 0.1
v -0.9 -0.9 0.1
v -1 -0.9 0.2
v -1 -0.9 0.1
v -0.9 -0.9 0.1
v -0.9 -0.9 0.2
v -0.8 -0.9 0.2
v -0.8 -0.9 0.1
v -0.8 -0.8 0.1
v -0.8 -0.8 0.2
v -0.9 -0.8 0.2
v -0.9 -0.9 0.2
v -0.8 -0.9 0.2
v -0.8 -0.8 0.2
v -0.9 -0.9 0.1
v -0.9 -0.8 0.1
v -0.8 -0.8 0.1
v -0.8 -0.9 0.1
v -0.8 -0.8 0.2
v -0.8 -0.8 0.1
v -0.9 -0.8 0.1
v -0.9 -0.8 0.2
v -0.8 -0.8 0.1
v -0.8 -0.8 0
v -0.8 -0.9 0
v -0.8 -0.9 0.1
v -0.8 -0.8 0.1
v -0.8 -0.9 0.1
v -0.7 -0.9 0.1
v -0.7 -0.8 0.1
v -0.8 -0.9 0
v -0.8 -0.8 0
v -0.7 -0.8 0
v -0.7 -0.9 0
v -0.7 -0.8 0.1
v -0.7 -0.9 0.1
v -0.6 -0.9 0.1
v -0.6 -0.8 0.1
v -0.7 -0.9 0
v -0.7 -0.8 0
v -0.6 -0.8 0
v -0.6 -0.9 0
v -0.6 -0.8 0.1
v -0.6 -0.9 0.1
v -0.5 -0.9 0.1
v -0.5 -0.8 0.1
v -0.6 -0.9 0
v -0.6 -0.8 0
v -0.5 -0.8 0
v -0.5 -0.9 0
v -0.5 -0.8 0.1
v -0.5 -0.9 0.1
v -0.4 -0.9 0.1
v -0.4 -0.8 0.1
v -0.5 -0.9 0
v -0.5 -0.8 0
v -0.4 -0.8 0
v -0.4 -0.9 0
v -0.4 -0.8 0.1
v -0.4 -0.9 0.1
v -0.3 -0.9 0.1
v -0.3 -0.8 0.1
v -0.4 -0.9 0
v -0.4 -0.8 0
v -0.3 -0.8 0
v -0.3 -0.9 0
v -0.2 -0.9 0.1
v -0.2 -0.9 0
v -0.2 -0.8 0
v -0.2 -0.8 0.1
v -0.3 -0.8 0.1
v -0.3 -0.9 0.1
v -0.2 -0.9 0.1
v -0.2 -0.8 0.1
v -0.3 -0.9 0
v -0.3 -0.8 0
v -0.2 -0.8 0
v -0.2 -0.9 0
v -0.2 -0.8 0.2
v -0.2 -0.8 0.1
v -0.2 -0.9 0.1
v -0.2 -0.9 0.2
v -0.1 -0.9 0.2
v -0.1 -0.9 0.1
v -0.1 -0.8 0.1
v -0.1 -0.8 0.2
v -0.2 -0.8 0.2
v -0.2 -0.9 0.2
v -0.1 -0.9 0.2
v -0.1 -0.8 0.2
v -0.2 -0.9 0.1
v -0.2 -0.8 0.1
v -0.1 -0.8 0.1
v -0.1 -0.9 0.1
v -0.2 -0.9 0.2
v -0.2 -0.9 0.1
v -0.1 -0.9 0.1
v -0.1 -0.9 0.2
v -0.1 -0.8 0.2
v -0.1 -0.8 0.1
v -0.2 -0.8 0.1
v -0.2 -0.8 0.2
v -0.1 -0.8 0.4
v -0.1 -0.8 0.3
v -0.1 -0.9 0.3
v -0.1 -0.9 0.4
v 0 -0.9 0.4
v 0 -0.9 0.3
v 0 -0.8 0.3
v 0 -0.8 0.4
v -0.1 -0.8 0.4
v -0.1 -0.9 0.4
v 0 -0.9 0.4
v 0 -0.8 0.4
v -0.1 -0.9 0.3
v -0.1 -0.8 0.3
v 0 -0.8 0.3
v 0 -0.9 0.3
v 0 -0.8 0.4
v 0 -0.8 0.3
v -0.1 -0.8 0.3
v -0.1 -0.8 0.4
v 0 -0.8 0.2
v 0 -0.8 0.1
v 0 -0.9 0.1
v 0 -0.9 0.2
v 0.1 -0.9 0.2
v 0.1 -0.9 0.1
v 0.1 -0.8 0.1
v 0.1 -0.8 0.2
v 0 -0.8 0.2
v 0 -0.9 0.2
v 0.1 -0.9 0.2
v 0.1 -0.8 0.2
v 0 -0.9 0.1
v 0 -0.8 0.1
v 0.1 -0.8 0.1
v 0.1 -0.9 0.1
v 0 -0.9 0.2
v 0 -0.9 0.1
v 0.1 -0.9 0.1
v 0.1 -0.9 0.2
v 0.1 -0.8 0.2
v 0.1 -0.8 0.1
v 0 -0.8 0.1
v 0 -0.8 0.2
v 0.1 -0.8 0.4
v 0.1 -0.8 0.3
v 0.1 -0.9 0.3
v 0.1 -0.9 0.4
v 0.1 -0.8 0.4
v 0.1 -0.9 0.4
v 0.2 -0.9 0.4
v 0.2 -0.8 0.4
v 0.1 -0.9 0.3
v 0.1 -0.8 0.3
v 0.2 -0.8 0.3
v 0.2 -0.9 0.3
v 0.2 -0.8 0.4
v 0.2 -0.8 0.3
v 0.1 -0.8 0.3
v 0.1 -0.8 0.4
v 0.2 -0.8 0.4
v 0.2 -0.9 0.4
v 0.3 -0.9 0.4
v 0.3 -0.8 0.4
v 0.2 -0.9 0.3
v 0.2 -0.8 0.3
v 0.3 -0.8 0.3
v 0.3 -0.9 0.3
v 0.4 -0.9 0.4
v 0.4 -0.9 0.3
v 0.4 -0.8 0.3
v 0.4 -0.8 0.4
v 0.3 -0.8 0.4
v 0.3 -0.9 0.4
v 0.4 -0.9 0.4
v 0.4 -0.8 0.4
v 0.3 -0.9 0.3
v 0.3 -0.8 0.3
v 0.4 -0.8 0.3
v 0.4 -0.9 0.3
v 0.4 -0.8 0.2
v 0.4 -0.8 0.1
v 0.4 -0.9 0.1
v 0.4 -0.9 0.2
v 0.5 -0.9 0.2
v 0.5 -0.9 0.1
v 0.5 -0.8 0.1
v 0.5 -0.8 0.2
v 0.4 -0.8 0.2
v 0.4 -0.9 0.2
v 0.5 -0.9 0.2
v 0.5 -0.8 0.2
v 0.4 -0.9 0.1
v 0.4 -0.8 0.1
v 0.5 -0.8 0.1
v 0.5 -0.9 0.1
v 0.4 -0.9 0.2
v 0.4 -0.9 0.1
v 0.5 -0.9 0.1
v 0.5 -0.9 0.2
v 0.5 -0.8 0.2
v 0.5 -0.8 0.1
v 0.4 -0.8 0.1
v 0.4 -0.8 0.2
v 0.5 -0.8 0.4
v 0.5 -0.8 0.3
v 0.5 -0.9 0.3
v 0.5 -0.9 0.4
v 0.5 -0.8 0.4
v 0.5 -0.9 0.4
v 0.6 -0.9 0.4
v 0.6 -0.8 0.4
v 0.5 -0.9 0.3
v 0.5 -0.8 0.3
v 0.6 -0.8 0.3
v 0.6 -0.9 0.3
v 0.6 -0.8 0.4
v 0.6 -0.9 0.4
v 0.7 -0.9 0.4
v 0.7 -0.8 0.4
v 0.6 -0.9 0.3
v 0.6 -0.8 0.3
v 0.7 -0.8 0.3
v 0.7 -0.9 0.3
v 0.7 -0.8 0.4
v 0.7 -0.9 0.4
v 0.8 -0.9 0.4
v 0.8 -0.8 0.4
v 0.7 -0.9 0.3
v 0.7 -0.8 0.3
v 0.8 -0.8 0.3
v 0.8 -0.9 0.3
v 0.8 -0.8 0.4
v 0.8 -0.9 0.4
v 0.9 -0.9 0.4
v 0.9 -0.8 0.4
v 0.8 -0.9 0.3
v 0.8 -0.8 0.3
v 0.9 -0.8 0.3
v 0.9 -0.9 0.3
v 0.9 -0.8 0.4
v 0.9 -0.9 0.4
v 1 -0.9 0.4
v 1 -0.8 0.4
v 0.9 -0.9 0.3
v 0.9 -0.8 0.3
v 1 -0.8 0.3
v 1 -0.9 0.3
v 1.1 -0.9 0.4
v 1.1 -0.9 0.3
v 1.1 -0.8 0.3
v 1.1 -0.8 0.4
v 1 -0.8 0.4
v 1 -0.9 0.4
v 1.1 -0.9 0.4
v 1.1 -0.8 0.4
v 1 -0.9 0.3
v 1 -0.8 0.3
v 1.1 -0.8 0.3
v 1.1 -0.9 0.3
v 1.1 -0.8 0.1
v 1.1 -0.8 0
v 1.1 -0.9 0
v 1.1 -0.9 0.1
v 1.2 -0.9 0.1
v 1.2 -0.9 0
v 1.2 -0.8 0
v 1.2 -0.8 0.1
v 1.1 -0.8 0.1
v 1.1 -0.9 0.1
v 1.2 -0.9 0.1
v 1.2 -0.8 0.1
v 1.1 -0.9 0
v 1.1 -0.8 0
v 1.2 -0.8 0
v 1.2 -0.9 0
v -1.2 -0.9 0.1
v -1.2 -0.9 0
v -1.2 -1 0
v -1.2 -1 0.1
v -1.2 -0.9 0.1
v -1.2 -1 0.1
v -1.1 -1 0.1
v -1.1 -0.9 0.1
v -1.2 -1 0
v -1.2 -0.9 0
v -1.1 -0.9 0
v -1.1 -1 0
v -1.1 -0.9 0.1
v -1.1 -0.9 0
v -1.2 -0.9 0
v -1.2 -0.9 0.1
v -1.1 -0.9 0.1
v -1.1 -1 0.1
v -1 -1 0.1
v -1 -0.9 0.1
v -1.1 -1 0
v -1.1 -0.9 0
v -1 -0.9 0
v -1 -1 0
v -1 -0.9 0.1
v -1 -0.9 0
v -1.1 -0.9 0
v -1.1 -0.9 0.1
v -0.9 -1 0.1
v -0.9 -1 0
v -0.9 -0.9 0
v -0.9 -0.9 0.1
v -1 -0.9 0.1
v -1 -1 0.1
v -0.9 -1 0.1
v -0.9 -0.9 0.1
v -1 -1 0
v -1 -0.9 0
v -0.9 -0.9 0
v -0.9 -1 0
v -1 -1 0.1
v -1 -1 0
v -0.9 -1 0
v -0.9 -1 0.1
v -0.9 -0.9 0.1
v -0.9 -0.9 0
v -1 -0.9 0
v -1 -0.9 0.1
v -0.9 -0.9 0.2
v -0.9 -0.9 0.1
v -0.9 -1 0.1
v -0.9 -1 0.2
v -0.8 -1 0.2
v -0.8 -1 0.1
v -0.8 -0.9 0.1
v -0.8 -0.9 0.2
v -0.9 -0.9 0.2
v -0.9 -1 0.2
v -0.8 -1 0.2
v -0.8 -0.9 0.2
v -0.9 -1 0.1
v -0.9 -0.9 0.1
v -0.8 -0.9 0.1
v -0.8 -1 0.1
v -0.9 -1 0.2
v -0.9 -1 0.1
v -0.8 -1 0.1
v -0.8 -1 0.2
v -0.8 -0.9 0.1
v -0.8 -0.9 0
v -0.8 -1 0
v -0.8 -1 0.1
v -0.8 -0.9 0.1
v -0.8 -1 0.1
v -0.7 -1 0.1
v -0.7 -0.9 0.1
v -0.8 -1 0
v -0.8 -0.9 0
v -0.7 -0.9 0
v -0.7 -1 0
v -0.7 -0.9 0.1
v -0.7 -1 0.1
v -0.6 -1 0.1
v -0.6 -0.9 0.1
v -0.7 -1 0
v -0.7 -0.9 0
v -0.6 -0.9 0
v -0.6 -1 0
v -0.6 -0.9 0.1
v -0.6 -1 0.1
v -0.5 -1 0.1
v -0.5 -0.9 0.1
v -0.6 -1 0
v -0.6 -0.9 0
v -0.5 -0.9 0
v -0.5 -1 0
v -0.5 -0.9 0.1
v -0.5 -1 0.1
v -0.4 -1 0.1
v -0.4 -0.9 0.1
v -0.5 -1 0
v -0.5 -0.9 0
v -0.4 -0.9 0
v -0.4 -1 0
v -0.4 -0.9 0.1
v -0.4 -1 0.1
v -0.3 -1 0.1
v -0.3 -0.9 0.1
v -0.4 -1 0
v -0.4 -0.9 0
v -0.3 -0.9 0
v -0.3 -1 0
v -0.3 -0.9 0.1
v -0.3 -1 0.1
v -0.2 -1 0.1
v -0.2 -0.9 0.1
v -0.3 -1 0
v -0.3 -0.9 0
v -0.2 -0.9 0
v -0.2 -1 0
v -0.1 -1 0.1
v -0.1 -1 0
v -0.1 -0.9 0
v -0.1 -0.9 0.1
v -0.2 -0.9 0.1
v -0.2 -1 0.1
v -0.1 -1 0.1
v -0.1 -0.9 0.1
v -0.2 -1 0
v -0.2 -0.9 0
v -0.1 -0.9 0
v -0.1 -1 0
v -0.1 -0.9 0.1
v -0.1 -0.9 0
v -0.2 -0.9 0
v -0.2 -0.9 0.1
v -0.1 -0.9 0.4
v -0.1 -0.9 0.3
v -0.1 -1 0.3
v -0.1 -1 0.4
v 0 -1 0.4
v 0 -1 0.3
v 0 -0.9 0.3
v 0 -0.9 0.4
v -0.1 -0.9 0.4
v -0.1 -1 0.4
v 0 -1 0.4
v 0 -0.9 0.4
v -0.1 -1 0.3
v -0.1 -0.9 0.3
v 0 -0.9 0.3
v 0 -1 0.3
v -0.1 -1 0.4
v -0.1 -1 0.3
v 0 -1 0.3
v 0 -1 0.4
v 0 -0.9 0.1
v 0 -0.9 0
v 0 -1 0
v 0 -1 0.1
v 0.1 -1 0.1
v 0.1 -1 0
v 0.1 -0.9 0
v 0.1 -0.9 0.1
v 0 -0.9 0.1
v 0 -1 0.1
v 0.1 -1 0.1
v 0.1 -0.9 0.1
v 0 -1 0
v 0 -0.9 0
v 0.1 -0.9 0
v 0.1 -1 0
v 0.1 -0.9 0.1
v 0.1 -0.9 0
v 0 -0.9 0
v 0 -0.9 0.1
v 0.1 -0.9 0.4
v 0.1 -0.9 0.3
v 0.1 -1 0.3
v 0.1 -1 0.4
v 0.1 -0.9 0.4
v 0.1 -1 0.4
v 0.2 -1 0.4
v 0.2 -0.9 0.4
v 0.1 -1 0.3
v 0.1 -0.9 0.3
v 0.2 -0.9 0.3
v 0.2 -1 0.3
v 0.2 -0.9 0.4
v 0.2 -1 0.4
v 0.3 -1 0.4
v 0.3 -0.9 0.4
v 0.2 -1 0.3
v 0.2 -0.9 0.3
v 0.3 -0.9 0.3
v 0.3 -1 0.3
v 0.4 -1 0.4
v 0.4 -1 0.3
v 0.4 -0.9 0.3
v 0.4 -0.9 0.4
v 0.3 -0.9 0.4
v 0.3 -1 0.4
v 0.4 -1 0.4
v 0.4 -0.9 0.4
v 0.3 -1 0.3
v 0.3 -0.9 0.3
v 0.4 -0.9 0.3
v 0.4 -1 0.3
v 0.4 -0.9 0.1
v 0.4 -0.9 0
v 0.4 -1 0
v 0.4 -1 0.1
v 0.5 -1 0.1
v 0.5 -1 0
v 0.5 -0.9 0
v 0.5 -0.9 0.1
v 0.4 -0.9 0.1
v 0.4 -1 0.1
v 0.5 -1 0.1
v 0.5 -0.9 0.1
v 0.4 -1 0
v 0.4 -0.9 0
v 0.5 -0.9 0
v 0.5 -1 0
v 0.5 -0.9 0.1
v 0.5 -0.9 0
v 0.4 -0.9 0
v 0.4 -0.9 0.1
v 0.5 -0.9 0.4
v 0.5 -0.9 0.3
v 0.5 -1 0.3
v 0.5 -1 0.4
v 0.5 -0.9 0.4
v 0.5 -1 0.4
v 0.6 -1 0.4
v 0.6 -0.9 0.4
v 0.5 -1 0.3
v 0.5 -0.9 0.3
v 0.6 -0.9 0.3
v 0.6 -1 0.3
v 0.6 -0.9 0.4
v 0.6 -1 0.4
v 0.7 -1 0.4
v 0.7 -0.9 0.4
v 0.6 -1 0.3
v 0.6 -0.9 0.3
v 0.7 -0.9 0.3
v 0.7 -1 0.3
v 0.7 -0.9 0.4
v 0.7 -1 0.4
v 0.8 -1 0.4
v 0.8 -0.9 0.4
v 0.7 -1 0.3
v 0.7 -0.9 0.3
v 0.8 -0.9 0.3
v 0.8 -1 0.3
v 0.8 -0.9 0.4
v 0.8 -1 0.4
v 0.9 -1 0.4
v 0.9 -0.9 0.4
v 0.8 -1 0.3
v 0.8 -0.9 0.3
v 0.9 -0.9 0.3
v 0.9 -1 0.3
v 0.9 -0.9 0.4
v 0.9 -1 0.4
v 1 -1 0.4
v 1 -0.9 0.4
v 0.9 -1 0.3
v 0.9 -0.9 0.3
v 1 -0.9 0.3
v 1 -1 0.3
v 1.1 -1 0.4
v 1.1 -1 0.3
v 1.1 -0.9 0.3
v 1.1 -0.9 0.4
v 1 -0.9 0.4
v 1 -1 0.4
v 1.1 -1 0.4
v 1.1 -0.9 0.4
v 1 -1 0.3
v 1 -0.9 0.3
v 1.1 -0.9 0.3
v 1.1 -1 0.3
v 1.1 -0.9 0.1
v 1.1 -0.9 0
v 1.1 -1 0
v 1.1 -1 0.1
v 1.2 -1 0.1
v 1.2 -1 0
v 1.2 -0.9 0
v 1.2 -0.9 0.1
v 1.1 -0.9 0.1
v 1.1 -1 0.1
v 1.2 -1 0.1
v 1.2 -0.9 0.1
v 1.1 -1 0
v 1.1 -0.9 0
v 1.2 -0.9 0
v 1.2 -1 0
v -1.2 -1 0.1
v -1.2 -1 0
v -1.2 -1.1 0
v -1.2 -1.1 0.1
v -1.2 -1 0.1
v -1.2 -1.1 0.1
v -1.1 -1.1 0.1
v -1.1 -1 0.1
v -1.2 -1.1 0
v -1.2 -1 0
v -1.1 -1 0
v -1.1 -1.1 0
v -1 -1.1 0.1
v -1 -1.1 0
v -1 -1 0
v -1 -1 0.1
v -1.1 -1 0.1
v -1.1 -1.1 0.1
v -1 -1.1 0.1
v -1 -1 0.1
v -1.1 -1.1 0
v -1.1 -1 0
v -1 -1 0
v -1 -1.1 0
v -1 -1 0.2
v -1 -1 0.1
v -1 -1.1 0.1
v -1 -1.1 0.2
v -0.9 -1.1 0.2
v -0.9 -1.1 0.1
v -0.9 -1 0.1
v -0.9 -1 0.2
v -1 -1 0.2
v -1 -1.1 0.2
v -0.9 -1.1 0.2
v -0.9 -1 0.2
v -1 -1.1 0.1
v -1 -1 0.1
v -0.9 -1 0.1
v -0.9 -1.1 0.1
v -1 -1.1 0.2
v -1 -1.1 0.1
v -0.9 -1.1 0.1
v -0.9 -1.1 0.2
v -0.9 -1 0.2
v -0.9 -1 0.1
v -1 -1 0.1
v -1 -1 0.2
v -0.9 -1 0.1
v -0.9 -1 0
v -0.9 -1.1 0
v -0.9 -1.1 0.1
v -0.9 -1 0.1
v -0.9 -1.1 0.1
v -0.8 -1.1 0.1
v -0.8 -1 0.1
v -0.9 -1.1 0
v -0.9 -1 0
v -0.8 -1 0
v -0.8 -1.1 0
v -0.8 -1 0.1
v -0.8 -1 0
v -0.9 -1 0
v -0.9 -1 0.1
v -0.8 -1 0.1
v -0.8 -1.1 0.1
v -0.7 -1.1 0.1
v -0.7 -1 0.1
v -0.8 -1.1 0
v -0.8 -1 0
v -0.7 -1 0
v -0.7 -1.1 0
v -0.7 -1 0.1
v -0.7 -1.1 0.1
v -0.6 -1.1 0.1
v -0.6 -1 0.1
v -0.7 -1.1 0
v -0.7 -1 0
v -0.6 -1 0
v -0.6 -1.1 0
v -0.7 -1.1 0.1
v -0.7 -1.1 0
v -0.6 -1.1 0
v -0.6 -1.1 0.1
v -0.6 -1 0.1
v -0.6 -1.1 0.1
v -0.5 -1.1 0.1
v -0.5 -1 0.1
v -0.6 -1.1 0
v -0.6 -1 0
v -0.5 -1 0
v -0.5 -1.1 0
v -0.5 -1 0.1
v -0.5 -1.1 0.1
v -0.4 -1.1 0.1
v -0.4 -1 0.1
v -0.5 -1.1 0
v -0.5 -1 0
v -0.4 -1 0
v -0.4 -1.1 0
v -0.4 -1 0.1
v -0.4 -1.1 0.1
v -0.3 -1.1 0.1
v -0.3 -1 0.1
v -0.4 -1.1 0
v -0.4 -1 0
v -0.3 -1 0
v -0.3 -1.1 0
v -0.3 -1 0.1
v -0.3 -1.1 0.1
v -0.2 -1.1 0.1
v -0.2 -1 0.1
v -0.3 -1.1 0
v -0.3 -1 0
v -0.2 -1 0
v -0.2 -1.1 0
v -0.2 -1 0.1
v -0.2 -1.1 0.1
v -0.1 -1.1 0.1
v -0.1 -1 0.1
v -0.2 -1.1 0
v -0.2 -1 0
v -0.1 -1 0
v -0.1 -1.1 0
v -0.2 -1.1 0.1
v -0.2 -1.1 0
v -0.1 -1.1 0
v -0.1 -1.1 0.1
v -0.1 -1 0.1
v -0.1 -1.1 0.1
v 0 -1.1 0.1
v 0 -1 0.1
v -0.1 -1.1 0
v -0.1 -1 0
v 0 -1 0
v 0 -1.1 0
v -0.1 -1.1 0.1
v -0.1 -1.1 0
v 0 -1.1 0
v 0 -1.1 0.1
v 0 -1 0.1
v 0 -1 0
v -0.1 -1 0
v -0.1 -1 0.1
v 0.1 -1.1 0.1
v 0.1 -1.1 0
v 0.1 -1 0
v 0.1 -1 0.1
v 0 -1 0.1
v 0 -1.1 0.1
v 0.1 -1.1 0.1
v 0.1 -1 0.1
v 0 -1.1 0
v 0 -1 0
v 0.1 -1 0
v 0.1 -1.1 0
v 0.1 -1 0.4
v 0.1 -1 0.3
v 0.1 -1.1 0.3
v 0.1 -1.1 0.4
v 0.1 -1 0.4
v 0.1 -1.1 0.4
v 0.2 -1.1 0.4
v 0.2 -1 0.4
v 0.1 -1.1 0.3
v 0.1 -1 0.3
v 0.2 -1 0.3
v 0.2 -1.1 0.3
v 0.2 -1 0.4
v 0.2 -1.1 0.4
v 0.3 -1.1 0.4
v 0.3 -1 0.4
v 0.2 -1.1 0.3
v 0.2 -1 0.3
v 0.3 -1 0.3
v 0.3 -1.1 0.3
v 0.4 -1.1 0.4
v 0.4 -1.1 0.3
v 0.4 -1 0.3
v 0.4 -1 0.4
v 0.3 -1 0.4
v 0.3 -1.1 0.4
v 0.4 -1.1 0.4
v 0.4 -1 0.4
v 0.3 -1.1 0.3
v 0.3 -1 0.3
v 0.4 -1 0.3
v 0.4 -1.1 0.3
v 0.4 -1 0.1
v 0.4 -1 0
v 0.4 -1.1 0
v 0.4 -1.1 0.1
v 0.5 -1.1 0.1
v 0.5 -1.1 0
v 0.5 -1 0
v 0.5 -1 0.1
v 0.4 -1 0.1
v 0.4 -1.1 0.1
v 0.5 -1.1 0.1
v 0.5 -1 0.1
v 0.4 -1.1 0
v 0.4 -1 0
v 0.5 -1 0
v 0.5 -1.1 0
v 0.4 -1.1 0.1
v 0.4 -1.1 0
v 0.5 -1.1 0
v 0.5 -1.1 0.1
v 0.5 -1 0.4
v 0.5 -1 0.3
v 0.5 -1.1 0.3
v 0.5 -1.1 0.4
v 0.5 -1 0.4
v 0.5 -1.1 0.4
v 0.6 -1.1 0.4
v 0.6 -1 0.4
v 0.5 -1.1 0.3
v 0.5 -1 0.3
v 0.6 -1 0.3
v 0.6 -1.1 0.3
v 0.6 -1 0.4
v 0.6 -1.1 0.4
v 0.7 -1.1 0.4
v 0.7 -1 0.4
v 0.6 -1.1 0.3
v 0.6 -1 0.3
v 0.7 -1 0.3
v 0.7 -1.1 0.3
v 0.7 -1 0.4
v 0.7 -1.1 0.4
v 0.8 -1.1 0.4
v 0.8 -1 0.4
v 0.7 -1.1 0.3
v 0.7 -1 0.3
v 0.8 -1 0.3
v 0.8 -1.1 0.3
v 0.8 -1 0.4
v 0.8 -1.1 0.4
v 0.9 -1.1 0.4
v 0.9 -1 0.4
v 0.8 -1.1 0.3
v 0.8 -1 0.3
v 0.9 -1 0.3
v 0.9 -1.1 0.3
v 0.9 -1 0.4
v 0.9 -1.1 0.4
v 1 -1.1 0.4
v 1 -1 0.4
v 0.9 -1.1 0.3
v 0.9 -1 0.3
v 1 -1 0.3
v 1 -1.1 0.3
v 1.1 -1.1 0.4
v 1.1 -1.1 0.3
v 1.1 -1 0.3
v 1.1 -1 0.4
v 1 -1 0.4
v 1 -1.1 0.4
v 1.1 -1.1 0.4
v 1.1 -1 0.4
v 1 -1.1 0.3
v 1 -1 0.3
v 1.1 -1 0.3
v 1.1 -1.1 0.3
v 1.1 -1 0.1
v 1.1 -1 0
v 1.1 -1.1 0
v 1.1 -1.1 0.1
v 1.2 -1.1 0.1
v 1.2 -1.1 0
v 1.2 -1 0
v 1.2 -1 0.1
v 1.1 -1 0.1
v 1.1 -1.1 0.1
v 1.2 -1.1 0.1
v 1.2 -1 0.1
v 1.1 -1.1 0
v 1.1 -1 0
v 1.2 -1 0
v 1.2 -1.1 0
v -1.2 -1.1 0.1
v -1.2 -1.1 0
v -1.2 -1.2 0
v -1.2 -1.2 0.1
v -1.2 -1.1 0.1
v -1.2 -1.2 0.1
v -1.1 -1.2 0.1
v -1.1 -1.1 0.1
v -1.2 -1.2 0
v -1.2 -1.1 0
v -1.1 -1.1 0
v -1.1 -1.2 0
v -1.2 -1.2 0.1
v -1.2 -1.2 0
v -1.1 -1.2 0
v -1.1 -1.2 0.1
v -1.1 -1.1 0.1
v -1.1 -1.2 0.1
v -1 -1.2 0.1
v -1 -1.1 0.1
v -1.1 -1.2 0
v -1.1 -1.1 0
v -1 -1.1 0
v -1 -1.2 0
v -1.1 -1.2 0.1
v -1.1 -1.2 0
v -1 -1.2 0
v -1 -1.2 0.1
v -1 -1.1 0.1
v -1 -1.2 0.1
v -0.9 -1.2 0.1
v -0.9 -1.1 0.1
v -1 -1.2 0
v -1 -1.1 0
v -0.9 -1.1 0
v -0.9 -1.2 0
v -1 -1.2 0.1
v -1 -1.2 0
v -0.9 -1.2 0
v -0.9 -1.2 0.1
v -0.9 -1.1 0.1
v -0.9 -1.1 0
v -1 -1.1 0
v -1 -1.1 0.1
v -0.9 -1.1 0.1
v -0.9 -1.2 0.1
v -0.8 -1.2 0.1
v -0.8 -1.1 0.1
v -0.9 -1.2 0
v -0.9 -1.1 0
v -0.8 -1.1 0
v -0.8 -1.2 0
v -0.9 -1.2 0.1
v -0.9 -1.2 0
v -0.8 -1.2 0
v -0.8 -1.2 0.1
v -0.7 -1.2 0.1
v -0.7 -1.2 0
v -0.7 -1.1 0
v -0.7 -1.1 0.1
v -0.8 -1.1 0.1
v -0.8 -1.2 0.1
v -0.7 -1.2 0.1
v -0.7 -1.1 0.1
v -0.8 -1.2 0
v -0.8 -1.1 0
v -0.7 -1.1 0
v -0.7 -1.2 0
v -0.8 -1.2 0.1
v -0.8 -1.2 0
v -0.7 -1.2 0
v -0.7 -1.2 0.1
v -0.7 -1.1 0.2
v -0.7 -1.1 0.1
v -0.7 -1.2 0.1
v -0.7 -1.2 0.2
v -0.6 -1.2 0.2
v -0.6 -1.2 0.1
v -0.6 -1.1 0.1
v -0.6 -1.1 0.2
v -0.7 -1.1 0.2
v -0.7 -1.2 0.2
v -0.6 -1.2 0.2
v -0.6 -1.1 0.2
v -0.7 -1.2 0.1
v -0.7 -1.1 0.1
v -0.6 -1.1 0.1
v -0.6 -1.2 0.1
v -0.7 -1.2 0.2
v -0.7 -1.2 0.1
v -0.6 -1.2 0.1
v -0.6 -1.2 0.2
v -0.6 -1.1 0.2
v -0.6 -1.1 0.1
v -0.7 -1.1 0.1
v -0.7 -1.1 0.2
v -0.6 -1.1 0.1
v -0.6 -1.1 0
v -0.6 -1.2 0
v -0.6 -1.2 0.1
v -0.6 -1.1 0.1
v -0.6 -1.2 0.1
v -0.5 -1.2 0.1
v -0.5 -1.1 0.1
v -0.6 -1.2 0
v -0.6 -1.1 0
v -0.5 -1.1 0
v -0.5 -1.2 0
v -0.6 -1.2 0.1
v -0.6 -1.2 0
v -0.5 -1.2 0
v -0.5 -1.2 0.1
v -0.5 -1.1 0.1
v -0.5 -1.2 0.1
v -0.4 -1.2 0.1
v -0.4 -1.1 0.1
v -0.5 -1.2 0
v -0.5 -1.1 0
v -0.4 -1.1 0
v -0.4 -1.2 0
v -0.5 -1.2 0.1
v -0.5 -1.2 0
v -0.4 -1.2 0
v -0.4 -1.2 0.1
v -0.4 -1.1 0.1
v -0.4 -1.2 0.1
v -0.3 -1.2 0.1
v -0.3 -1.1 0.1
v -0.4 -1.2 0
v -0.4 -1.1 0
v -0.3 -1.1 0
v -0.3 -1.2 0
v -0.4 -1.2 0.1
v -0.4 -1.2 0
v -0.3 -1.2 0
v -0.3 -1.2 0.1
v -0.2 -1.2 0.1
v -0.2 -1.2 0
v -0.2 -1.1 0
v -0.2 -1.1 0.1
v -0.3 -1.1 0.1
v -0.3 -1.2 0.1
v -0.2 -1.2 0.1
v -0.2 -1.1 0.1
v -0.3 -1.2 0
v -0.3 -1.1 0
v -0.2 -1.1 0
v -0.2 -1.2 0
v -0.3 -1.2 0.1
v -0.3 -1.2 0
v -0.2 -1.2 0
v -0.2 -1.2 0.1
v -0.2 -1.1 0.4
v -0.2 -1.1 0.3
v -0.2 -1.2 0.3
v -0.2 -1.2 0.4
v -0.2 -1.1 0.4
v -0.2 -1.2 0.4
v -0.1 -1.2 0.4
v -0.1 -1.1 0.4
v -0.2 -1.2 0.3
v -0.2 -1.1 0.3
v -0.1 -1.1 0.3
v -0.1 -1.2 0.3
v -0.2 -1.2 0.4
v -0.2 -1.2 0.3
v -0.1 -1.2 0.3
v -0.1 -1.2 0.4
v -0.1 -1.1 0.4
v -0.1 -1.1 0.3
v -0.2 -1.1 0.3
v -0.2 -1.1 0.4
v 0 -1.2 0.4
v 0 -1.2 0.3
v 0 -1.1 0.3
v 0 -1.1 0.4
v -0.1 -1.1 0.4
v -0.1 -1.2 0.4
v 0 -1.2 0.4
v 0 -1.1 0.4
v -0.1 -1.2 0.3
v -0.1 -1.1 0.3
v 0 -1.1 0.3
v 0 -1.2 0.3
v -0.1 -1.2 0.4
v -0.1 -1.2 0.3
v 0 -1.2 0.3
v 0 -1.2 0.4
v 0 -1.1 0.4
v 0 -1.1 0.3
v -0.1 -1.1 0.3
v -0.1 -1.1 0.4
v 0 -1.1 0.1
v 0 -1.1 0
v 0 -1.2 0
v 0 -1.2 0.1
v 0.1 -1.2 0.1
v 0.1 -1.2 0
v 0.1 -1.1 0
v 0.1 -1.1 0.1
v 0 -1.1 0.1
v 0 -1.2 0.1
v 0.1 -1.2 0.1
v 0.1 -1.1 0.1
v 0 -1.2 0
v 0 -1.1 0
v 0.1 -1.1 0
v 0.1 -1.2 0
v 0 -1.2 0.1
v 0 -1.2 0
v 0.1 -1.2 0
v 0.1 -1.2 0.1
v 0.1 -1.1 0.4
v 0.1 -1.1 0.3
v 0.1 -1.2 0.3
v 0.1 -1.2 0.4
v 0.1 -1.1 0.4
v 0.1 -1.2 0.4
v 0.2 -1.2 0.4
v 0.2 -1.1 0.4
v 0.1 -1.2 0.3
v 0.1 -1.1 0.3
v 0.2 -1.1 0.3
v 0.2 -1.2 0.3
v 0.1 -1.2 0.4
v 0.1 -1.2 0.3
v 0.2 -1.2 0.3
v 0.2 -1.2 0.4
v 0.2 -1.1 0.4
v 0.2 -1.2 0.4
v 0.3 -1.2 0.4
v 0.3 -1.1 0.4
v 0.2 -1.2 0.3
v 0.2 -1.1 0.3
v 0.3 -1.1 0.3
v 0.3 -1.2 0.3
v 0.2 -1.2 0.4
v 0.2 -1.2 0.3
v 0.3 -1.2 0.3
v 0.3 -1.2 0.4
v 0.4 -1.2 0.4
v 0.4 -1.2 0.3
v 0.4 -1.1 0.3
v 0.4 -1.1 0.4
v 0.3 -1.1 0.4
v 0.3 -1.2 0.4
v 0.4 -1.2 0.4
v 0.4 -1.1 0.4
v 0.3 -1.2 0.3
v 0.3 -1.1 0.3
v 0.4 -1.1 0.3
v 0.4 -1.2 0.3
v 0.3 -1.2 0.4
v 0.3 -1.2 0.3
v 0.4 -1.2 0.3
v 0.4 -1.2 0.4
v 0.4 -1.1 0.2
v 0.4 -1.1 0.1
v 0.4 -1.2 0.1
v 0.4 -1.2 0.2
v 0.5 -1.2 0.2
v 0.5 -1.2 0.1
v 0.5 -1.1 0.1
v 0.5 -1.1 0.2
v 0.4 -1.1 0.2
v 0.4 -1.2 0.2
v 0.5 -1.2 0.2
v 0.5 -1.1 0.2
v 0.4 -1.2 0.1
v 0.4 -1.1 0.1
v 0.5 -1.1 0.1
v 0.5 -1.2 0.1
v 0.4 -1.2 0.2
v 0.4 -1.2 0.1
v 0.5 -1.2 0.1
v 0.5 -1.2 0.2
v 0.5 -1.1 0.2
v 0.5 -1.1 0.1
v 0.4 -1.1 0.1
v 0.4 -1.1 0.2
v 0.5 -1.1 0.4
v 0.5 -1.1 0.3
v 0.5 -1.2 0.3
v 0.5 -1.2 0.4
v 0.5 -1.1 0.4
v 0.5 -1.2 0.4
v 0.6 -1.2 0.4
v 0.6 -1.1 0.4
v 0.5 -1.2 0.3
v 0.5 -1.1 0.3
v 0.6 -1.1 0.3
v 0.6 -1.2 0.3
v 0.5 -1.2 0.4
v 0.5 -1.2 0.3
v 0.6 -1.2 0.3
v 0.6 -1.2 0.4
v 0.6 -1.1 0.4
v 0.6 -1.2 0.4
v 0.7 -1.2 0.4
v 0.7 -1.1 0.4
v 0.6 -1.2 0.3
v 0.6 -1.1 0.3
v 0.7 -1.1 0.3
v 0.7 -1.2 0.3
v 0.6 -1.2 0.4
v 0.6 -1.2 0.3
v 0.7 -1.2 0.3
v 0.7 -1.2 0.4
v 0.7 -1.1 0.4
v 0.7 -1.2 0.4
v 0.8 -1.2 0.4
v 0.8 -1.1 0.4
v 0.7 -1.2 0.3
v 0.7 -1.1 0.3
v 0.8 -1.1 0.3
v 0.8 -1.2 0.3
v 0.7 -1.2 0.4
v 0.7 -1.2 0.3
v 0.8 -1.2 0.3
v 0.8 -1.2 0.4
v 0.8 -1.1 0.4
v 0.8 -1.2 0.4
v 0.9 -1.2 0.4
v 0.9 -1.1 0.4
v 0.8 -1.2 0.3
v 0.8 -1.1 0.3
v 0.9 -1.1 0.3
v 0.9 -1.2 0.3
v 0.8 -1.2 0.4
v 0.8 -1.2 0.3
v 0.9 -1.2 0.3
v 0.9 -1.2 0.4
v 0.9 -1.1 0.4
v 0.9 -1.2 0.4
v 1 -1.2 0.4
v 1 -1.1 0.4
v 0.9 -1.2 0.3
v 0.9 -1.1 0.3
v 1 -1.1 0.3
v 1 -1.2 0.3
v 0.9 -1.2 0.4
v 0.9 -1.2 0.3
v 1 -1.2 0.3
v 1 -1.2 0.4
v 1.1 -1.2 0.4
v 1.1 -1.2 0.3
v 1.1 -1.1 0.3
v 1.1 -1.1 0.4
v 1 -1.1 0.4
v 1 -1.2 0.4
v 1.1 -1.2 0.4
v 1.1 -1.1 0.4
v 1 -1.2 0.3
v 1 -1.1 0.3
v 1.1 -1.1 0.3
v 1.1 -1.2 0.3
v 1 -1.2 0.4
v 1 -1.2 0.3
v 1.1 -1.2 0.3
v 1.1 -1.2 0.4
v 1.1 -1.1 0.1
v 1.1 -1.1 0
v 1.1 -1.2 0
v 1.1 -1.2 0.1
v 1.2 -1.2 0.1
v 1.2 -1.2 0
v 1.2 -1.1 0
v 1.2 -1.1 0.1
v 1.1 -1.1 0.1
v 1.1 -1.2 0.1
v 1.2 -1.2 0.1
v 1.2 -1.1 0.1
v 1.1 -1.2 0
v 1.1 -1.1 0
v 1.2 -1.1 0
v 1.2 -1.2 0
v 1.1 -1.2 0.1
v 1.1 -1.2 0
v 1.2 -1.2 0
v 1.2 -1.2 0.1

# faces
f 1/1/1 2/1/1 3/1/1 4/1/1
f 5/1/3 6/1/3 7/1/3 8/1/3
f 9/1/4 10/1/4 11/1/4 12/1/4
f 13/1/6 14/1/6 15/1/6 16/1/6
f 17/1/3 18/1/3 19/1/3 20/1/3
f 21/1/4 22/1/4 23/1/4 24/1/4
f 25/1/6 26/1/6 27/1/6 28/1/6
f 29/1/3 30/1/3 31/1/3 32/1/3
f 33/1/4 34/1/4 35/1/4 36/1/4
f 37/1/6 38/1/6 39/1/6 40/1/6
f 41/1/3 42/1/3 43/1/3 44/1/3
f 45/1/4 46/1/4 47/1/4 48/1/4
f 49/1/6 50/1/6 51/1/6 52/1/6
f 53/1/3 54/1/3 55/1/3 56/1/3
f 57/1/4 58/1/4 59/1/4 60/1/4
f 61/1/6 62/1/6 63/1/6 64/1/6
f 65/1/3 66/1/3 67/1/3 68/1/3
f 69/1/4 70/1/4 71/1/4 72/1/4
f 73/1/6 74/1/6 75/1/6 76/1/6
f 77/1/3 78/1/3 79/1/3 80/1/3
f 81/1/4 82/1/4 83/1/4 84/1/4
f 85/1/6 86/1/6 87/1/6 88/1/6
f 89/1/2 90/1/2 91/1/2 92/1/2
f 93/1/3 94/1/3 95/1/3 96/1/3
f 97/1/4 98/1/4 99/1/4 100/1/4
f 101/1/6 102/1/6 103/1/6 104/1/6
f 105/5/1 106/5/1 107/5/1 108/5/1
f 109/5/2 110/5/2 111/5/2 112/5/2
f 113/5/3 114/5/3 115/5/3 116/5/3
f 117/5/4 118/5/4 119/5/4 120/5/4
f 121/5/5 122/5/5 123/5/5 124/5/5
f 125/5/6 126/5/6 127/5/6 128/5/6
f 129/1/1 130/1/1 131/1/1 132/1/1
f 133/1/2 134/1/2 135/1/2 136/1/2
f 137/1/3 138/1/3 139/1/3 140/1/3
f 141/1/4 142/1/4 143/1/4 144/1/4
f 145/1/5 146/1/5 147/1/5 148/1/5
f 149/1/6 150/1/6 151/1/6 152/1/6
f 153/3/1 154/3/1 155/3/1 156/3/1
f 157/3/2 158/3/2 159/3/2 160/3/2
f 161/3/3 162/3/3 163/3/3 164/3/3
f 165/3/4 166/3/4 167/3/4 168/3/4
f 169/3/5 170/3/5 171/3/5 172/3/5
f 173/3/6 174/3/6 175/3/6 176/3/6
f 177/1/1 178/1/1 179/1/1 180/1/1
f 181/1/2 182/1/2 183/1/2 184/1/2
f 185/1/3 186/1/3 187/1/3 188/1/3
f 189/1/4 190/1/4 191/1/4 192/1/4
f 193/1/5 194/1/5 195/1/5 196/1/5
f 197/1/6 198/1/6 199/1/6 200/1/6
f 201/3/1 202/3/1 203/3/1 204/3/1
f 205/3/2 206/3/2 207/3/2 208/3/2
f 209/3/3 210/3/3 211/3/3 212/3/3
f 213/3/4 214/3/4 215/3/4 216/3/4
f 217/3/5 218/3/5 219/3/5 220/3/5
f 221/3/6 222/3/6 223/3/6 224/3/6
f 225/1/1 226/1/1 227/1/1 228/1/1
f 229/1/2 230/1/2 231/1/2 232/1/2
f 233/1/3 234/1/3 235/1/3 236/1/3
f 237/1/4 238/1/4 239/1/4 240/1/4
f 241/1/6 242/1/6 243/1/6 244/1/6
f 245/5/1 246/5/1 247/5/1 248/5/1
f 249/5/2 250/5/2 251/5/2 252/5/2
f 253/5/3 254/5/3 255/5/3 256/5/3
f 257/5/4 258/5/4 259/5/4 260/5/4
f 261/5/6 262/5/6 263/5/6 264/5/6
f 265/8/1 266/8/1 267/8/1 268/8/1
f 269/8/2 270/8/2 271/8/2 272/8/2
f 273/8/3 274/8/3 275/8/3 276/8/3
f 277/8/4 278/8/4 279/8/4 280/8/4
f 281/8/6 282/8/6 283/8/6 284/8/6
f 285/1/1 286/1/1 287/1/1 288/1/1
f 289/1/2 290/1/2 291/1/2 292/1/2
f 293/1/3 294/1/3 295/1/3 296/1/3
f 297/1/4 298/1/4 299/1/4 300/1/4
f 301/1/5 302/1/5 303/1/5 304/1/5
f 305/1/6 306/1/6 307/1/6 308/1/6
f 309/2/1 310/2/1 311/2/1 312/2/1
f 313/2/3 314/2/3 315/2/3 316/2/3
f 317/2/4 318/2/4 319/2/4 320/2/4
f 321/2/6 322/2/6 323/2/6 324/2/6
f 325/8/3 326/8/3 327/8/3 328/8/3
f 329/8/4 330/8/4 331/8/4 332/8/4
f 333/8/6 334/8/6 335/8/6 336/8/6
f 337/8/3 338/8/3 339/8/3 340/8/3
f 341/8/4 342/8/4 343/8/4 344/8/4
f 345/8/6 346/8/6 347/8/6 348/8/6
f 349/9/3 350/9/3 351/9/3 352/9/3
f 353/9/4 354/9/4 355/9/4 356/9/4
f 357/9/6 358/9/6 359/9/6 360/9/6
f 361/4/3 362/4/3 363/4/3 364/4/3
f 365/4/4 366/4/4 367/4/4 368/4/4
f 369/4/6 370/4/6 371/4/6 372/4/6
f 373/8/2 374/8/2 375/8/2 376/8/2
f 377/8/3 378/8/3 379/8/3 380/8/3
f 381/8/4 382/8/4 383/8/4 384/8/4
f 385/8/6 386/8/6 387/8/6 388/8/6
f 389/1/1 390/1/1 391/1/1 392/1/1
f 393/1/2 394/1/2 395/1/2 396/1/2
f 397/1/3 398/1/3 399/1/3 400/1/3
f 401/1/4 402/1/4 403/1/4 404/1/4
f 405/1/6 406/1/6 407/1/6 408/1/6
f 409/1/1 410/1/1 411/1/1 412/1/1
f 413/1/3 414/1/3 415/1/3 416/1/3
f 417/1/4 418/1/4 419/1/4 420/1/4
f 421/1/3 422/1/3 423/1/3 424/1/3
f 425/1/4 426/1/4 427/1/4 428/1/4
f 429/1/3 430/1/3 431/1/3 432/1/3
f 433/1/4 434/1/4 435/1/4 436/1/4
f 437/1/3 438/1/3 439/1/3 440/1/3
f 441/1/4 442/1/4 443/1/4 444/1/4
f 445/1/3 446/1/3 447/1/3 448/1/3
f 449/1/4 450/1/4 451/1/4 452/1/4
f 453/1/3 454/1/3 455/1/3 456/1/3
f 457/1/4 458/1/4 459/1/4 460/1/4
f 461/1/3 462/1/3 463/1/3 464/1/3
f 465/1/4 466/1/4 467/1/4 468/1/4
f 469/1/3 470/1/3 471/1/3 472/1/3
f 473/1/4 474/1/4 475/1/4 476/1/4
f 477/1/2 478/1/2 479/1/2 480/1/2
f 481/1/3 482/1/3 483/1/3 484/1/3
f 485/1/4 486/1/4 487/1/4 488/1/4
f 489/1/6 490/1/6 491/1/6 492/1/6
f 493/5/1 494/5/1 495/5/1 496/5/1
f 497/5/3 498/5/3 499/5/3 500/5/3
f 501/5/4 502/5/4 503/5/4 504/5/4
f 505/5/5 506/5/5 507/5/5 508/5/5
f 509/5/6 510/5/6 511/5/6 512/5/6
f 513/5/2 514/5/2 515/5/2 516/5/2
f 517/5/3 518/5/3 519/5/3 520/5/3
f 521/5/4 522/5/4 523/5/4 524/5/4
f 525/5/5 526/5/5 527/5/5 528/5/5
f 529/5/6 530/5/6 531/5/6 532/5/6
f 533/3/1 534/3/1 535/3/1 536/3/1
f 537/3/2 538/3/2 539/3/2 540/3/2
f 541/3/3 542/3/3 543/3/3 544/3/3
f 545/3/4 546/3/4 547/3/4 548/3/4
f 549/3/5 550/3/5 551/3/5 552/3/5
f 553/3/6 554/3/6 555/3/6 556/3/6
f 557/1/1 558/1/1 559/1/1 560/1/1
f 561/1/3 562/1/3 563/1/3 564/1/3
f 565/1/4 566/1/4 567/1/4 568/1/4
f 569/1/5 570/1/5 571/1/5 572/1/5
f 573/1/6 574/1/6 575/1/6 576/1/6
f 577/1/2 578/1/2 579/1/2 580/1/2
f 581/1/3 582/1/3 583/1/3 584/1/3
f 585/1/4 586/1/4 587/1/4 588/1/4
f 589/5/1 590/5/1 591/5/1 592/5/1
f 593/5/2 594/5/2 595/5/2 596/5/2
f 597/5/3 598/5/3 599/5/3 600/5/3
f 601/5/4 602/5/4 603/5/4 604/5/4
f 605/5/5 606/5/5 607/5/5 608/5/5
f 609/8/1 610/8/1 611/8/1 612/8/1
f 613/8/2 614/8/2 615/8/2 616/8/2
f 617/8/3 618/8/3 619/8/3 620/8/3
f 621/8/4 622/8/4 623/8/4 624/8/4
f 625/5/1 626/5/1 627/5/1 628/5/1
f 629/5/2 630/5/2 631/5/2 632/5/2
f 633/5/3 634/5/3 635/5/3 636/5/3
f 637/5/4 638/5/4 639/5/4 640/5/4
f 641/5/5 642/5/5 643/5/5 644/5/5
f 645/5/6 646/5/6 647/5/6 648/5/6
f 649/6/1 650/6/1 651/6/1 652/6/1
f 653/6/3 654/6/3 655/6/3 656/6/3
f 657/6/4 658/6/4 659/6/4 660/6/4
f 661/9/3 662/9/3 663/9/3 664/9/3
f 665/9/4 666/9/4 667/9/4 668/9/4
f 669/8/3 670/8/3 671/8/3 672/8/3
f 673/8/4 674/8/4 675/8/4 676/8/4
f 677/9/3 678/9/3 679/9/3 680/9/3
f 681/9/4 682/9/4 683/9/4 684/9/4
f 685/4/3 686/4/3 687/4/3 688/4/3
f 689/4/4 690/4/4 691/4/4 692/4/4
f 693/8/2 694/8/2 695/8/2 696/8/2
f 697/8/3 698/8/3 699/8/3 700/8/3
f 701/8/4 702/8/4 703/8/4 704/8/4
f 705/1/1 706/1/1 707/1/1 708/1/1
f 709/1/2 710/1/2 711/1/2 712/1/2
f 713/1/3 714/1/3 715/1/3 716/1/3
f 717/1/4 718/1/4 719/1/4 720/1/4
f 721/1/1 722/1/1 723/1/1 724/1/1
f 725/1/3 726/1/3 727/1/3 728/1/3
f 729/1/4 730/1/4 731/1/4 732/1/4
f 733/1/3 734/1/3 735/1/3 736/1/3
f 737/1/4 738/1/4 739/1/4 740/1/4
f 741/1/3 742/1/3 743/1/3 744/1/3
f 745/1/4 746/1/4 747/1/4 748/1/4
f 749/1/3 750/1/3 751/1/3 752/1/3
f 753/1/4 754/1/4 755/1/4 756/1/4
f 757/1/3 758/1/3 759/1/3 760/1/3
f 761/1/4 762/1/4 763/1/4 764/1/4
f 765/1/3 766/1/3 767/1/3 768/1/3
f 769/1/4 770/1/4 771/1/4 772/1/4
f 773/1/3 774/1/3 775/1/3 776/1/3
f 777/1/4 778/1/4 779/1/4 780/1/4
f 781/1/3 782/1/3 783/1/3 784/1/3
f 785/1/4 786/1/4 787/1/4 788/1/4
f 789/1/3 790/1/3 791/1/3 792/1/3
f 793/1/4 794/1/4 795/1/4 796/1/4
f 797/1/5 798/1/5 799/1/5 800/1/5
f 801/1/3 802/1/3 803/1/3 804/1/3
f 805/1/4 806/1/4 807/1/4 808/1/4
f 809/1/6 810/1/6 811/1/6 812/1/6
f 813/1/3 814/1/3 815/1/3 816/1/3
f 817/1/4 818/1/4 819/1/4 820/1/4
f 821/1/6 822/1/6 823/1/6 824/1/6
f 825/1/2 826/1/2 827/1/2 828/1/2
f 829/1/3 830/1/3 831/1/3 832/1/3
f 833/1/4 834/1/4 835/1/4 836/1/4
f 837/1/5 838/1/5 839/1/5 840/1/5
f 841/1/6 842/1/6 843/1/6 844/1/6
f 845/3/1 846/3/1 847/3/1 848/3/1
f 849/3/2 850/3/2 851/3/2 852/3/2
f 853/3/3 854/3/3 855/3/3 856/3/3
f 857/3/4 858/3/4 859/3/4 860/3/4
f 861/3/5 862/3/5 863/3/5 864/3/5
f 865/3/6 866/3/6 867/3/6 868/3/6
f 869/1/1 870/1/1 871/1/1 872/1/1
f 873/1/2 874/1/2 875/1/2 876/1/2
f 877/1/3 878/1/3 879/1/3 880/1/3
f 881/1/4 882/1/4 883/1/4 884/1/4
f 885/1/5 886/1/5 887/1/5 888/1/5
f 889/8/1 890/8/1 891/8/1 892/8/1
f 893/8/3 894/8/3 895/8/3 896/8/3
f 897/8/4 898/8/4 899/8/4 900/8/4
f 901/8/6 902/8/6 903/8/6 904/8/6
f 905/9/2 906/9/2 907/9/2 908/9/2
f 909/9/3 910/9/3 911/9/3 912/9/3
f 913/9/4 914/9/4 915/9/4 916/9/4
f 917/1/1 918/1/1 919/1/1 920/1/1
f 921/1/2 922/1/2 923/1/2 924/1/2
f 925/1/3 926/1/3 927/1/3 928/1/3
f 929/1/4 930/1/4 931/1/4 932/1/4
f 933/1/5 934/1/5 935/1/5 936/1/5
f 937/1/6 938/1/6 939/1/6 940/1/6
f 941/6/1 942/6/1 943/6/1 944/6/1
f 945/6/3 946/6/3 947/6/3 948/6/3
f 949/6/4 950/6/4 951/6/4 952/6/4
f 953/2/3 954/2/3 955/2/3 956/2/3
f 957/2/4 958/2/4 959/2/4 960/2/4
f 961/4/3 962/4/3 963/4/3 964/4/3
f 965/4/4 966/4/4 967/4/4 968/4/4
f 969/8/3 970/8/3 971/8/3 972/8/3
f 973/8/4 974/8/4 975/8/4 976/8/4
f 977/8/3 978/8/3 979/8/3 980/8/3
f 981/8/4 982/8/4 983/8/4 984/8/4
f 985/9/2 986/9/2 987/9/2 988/9/2
f 989/9/3 990/9/3 991/9/3 992/9/3
f 993/9/4 994/9/4 995/9/4 996/9/4
f 997/1/1 998/1/1 999/1/1 1000/1/1
f 1001/1/2 1002/1/2 1003/1/2 1004/1/2
f 1005/1/3 1006/1/3 1007/1/3 1008/1/3
f 1009/1/4 1010/1/4 1011/1/4 1012/1/4
f 1013/1/1 1014/1/1 1015/1/1 1016/1/1
f 1017/1/3 1018/1/3 1019/1/3 1020/1/3
f 1021/1/4 1022/1/4 1023/1/4 1024/1/4
f 1025/1/3 1026/1/3 1027/1/3 1028/1/3
f 1029/1/4 1030/1/4 1031/1/4 1032/1/4
f 1033/1/3 1034/1/3 1035/1/3 1036/1/3
f 1037/1/4 1038/1/4 1039/1/4 1040/1/4
f 1041/1/3 1042/1/3 1043/1/3 1044/1/3
f 1045/1/4 1046/1/4 1047/1/4 1048/1/4
f 1049/1/3 1050/1/3 1051/1/3 1052/1/3
f 1053/1/4 1054/1/4 1055/1/4 1056/1/4
f 1057/1/3 1058/1/3 1059/1/3 1060/1/3
f 1061/1/4 1062/1/4 1063/1/4 1064/1/4
f 1065/1/3 1066/1/3 1067/1/3 1068/1/3
f 1069/1/4 1070/1/4 1071/1/4 1072/1/4
f 1073/1/2 1074/1/2 1075/1/2 1076/1/2
f 1077/1/3 1078/1/3 1079/1/3 1080/1/3
f 1081/1/4 1082/1/4 1083/1/4 1084/1/4
f 1085/5/1 1086/5/1 1087/5/1 1088/5/1
f 1089/5/2 1090/5/2 1091/5/2 1092/5/2
f 1093/5/3 1094/5/3 1095/5/3 1096/5/3
f 1097/5/4 1098/5/4 1099/5/4 1100/5/4
f 1101/5/5 1102/5/5 1103/5/5 1104/5/5
f 1105/5/6 1106/5/6 1107/5/6 1108/5/6
f 1109/1/1 1110/1/1 1111/1/1 1112/1/1
f 1113/1/3 1114/1/3 1115/1/3 1116/1/3
f 1117/1/4 1118/1/4 1119/1/4 1120/1/4
f 1121/1/2 1122/1/2 1123/1/2 1124/1/2
f 1125/1/3 1126/1/3 1127/1/3 1128/1/3
f 1129/1/4 1130/1/4 1131/1/4 1132/1/4
f 1133/5/1 1134/5/1 1135/5/1 1136/5/1
f 1137/5/3 1138/5/3 1139/5/3 1140/5/3
f 1141/5/4 1142/5/4 1143/5/4 1144/5/4
f 1145/5/5 1146/5/5 1147/5/5 1148/5/5
f 1149/5/6 1150/5/6 1151/5/6 1152/5/6
f 1153/5/2 1154/5/2 1155/5/2 1156/5/2
f 1157/5/3 1158/5/3 1159/5/3 1160/5/3
f 1161/5/4 1162/5/4 1163/5/4 1164/5/4
f 1165/5/5 1166/5/5 1167/5/5 1168/5/5
f 1169/5/6 1170/5/6 1171/5/6 1172/5/6
f 1173/8/1 1174/8/1 1175/8/1 1176/8/1
f 1177/8/3 1178/8/3 1179/8/3 1180/8/3
f 1181/8/4 1182/8/4 1183/8/4 1184/8/4
f 1185/8/6 1186/8/6 1187/8/6 1188/8/6
f 1189/4/3 1190/4/3 1191/4/3 1192/4/3
f 1193/4/4 1194/4/4 1195/4/4 1196/4/4
f 1197/9/2 1198/9/2 1199/9/2 1200/9/2
f 1201/9/3 1202/9/3 1203/9/3 1204/9/3
f 1205/9/4 1206/9/4 1207/9/4 1208/9/4
f 1209/5/1 1210/5/1 1211/5/1 1212/5/1
f 1213/5/2 1214/5/2 1215/5/2 1216/5/2
f 1217/5/3 1218/5/3 1219/5/3 1220/5/3
f 1221/5/4 1222/5/4 1223/5/4 1224/5/4
f 1225/5/5 1226/5/5 1227/5/5 1228/5/5
f 1229/5/6 1230/5/6 1231/5/6 1232/5/6
f 1233/6/1 1234/6/1 1235/6/1 1236/6/1
f 1237/6/3 1238/6/3 1239/6/3 1240/6/3
f 1241/6/4 1242/6/4 1243/6/4 1244/6/4
f 1245/9/3 1246/9/3 1247/9/3 1248/9/3
f 1249/9/4 1250/9/4 1251/9/4 1252/9/4
f 1253/8/3 1254/8/3 1255/8/3 1256/8/3
f 1257/8/4 1258/8/4 1259/8/4 1260/8/4
f 1261/8/3 1262/8/3 1263/8/3 1264/8/3
f 1265/8/4 1266/8/4 1267/8/4 1268/8/4
f 1269/4/3 1270/4/3 1271/4/3 1272/4/3
f 1273/4/4 1274/4/4 1275/4/4 1276/4/4
f 1277/9/2 1278/9/2 1279/9/2 1280/9/2
f 1281/9/3 1282/9/3 1283/9/3 1284/9/3
f 1285/9/4 1286/9/4 1287/9/4 1288/9/4
f 1289/1/1 1290/1/1 1291/1/1 1292/1/1
f 1293/1/2 1294/1/2 1295/1/2 1296/1/2
f 1297/1/3 1298/1/3 1299/1/3 1300/1/3
f 1301/1/4 1302/1/4 1303/1/4 1304/1/4
f 1305/1/1 1306/1/1 1307/1/1 1308/1/1
f 1309/1/3 1310/1/3 1311/1/3 1312/1/3
f 1313/1/4 1314/1/4 1315/1/4 1316/1/4
f 1317/1/5 1318/1/5 1319/1/5 1320/1/5
f 1321/1/3 1322/1/3 1323/1/3 1324/1/3
f 1325/1/4 1326/1/4 1327/1/4 1328/1/4
f 1329/1/3 1330/1/3 1331/1/3 1332/1/3
f 1333/1/4 1334/1/4 1335/1/4 1336/1/4
f 1337/1/3 1338/1/3 1339/1/3 1340/1/3
f 1341/1/4 1342/1/4 1343/1/4 1344/1/4
f 1345/1/3 1346/1/3 1347/1/3 1348/1/3
f 1349/1/4 1350/1/4 1351/1/4 1352/1/4
f 1353/1/3 1354/1/3 1355/1/3 1356/1/3
f 1357/1/4 1358/1/4 1359/1/4 1360/1/4
f 1361/1/3 1362/1/3 1363/1/3 1364/1/3
f 1365/1/4 1366/1/4 1367/1/4 1368/1/4
f 1369/1/3 1370/1/3 1371/1/3 1372/1/3
f 1373/1/4 1374/1/4 1375/1/4 1376/1/4
f 1377/1/3 1378/1/3 1379/1/3 1380/1/3
f 1381/1/4 1382/1/4 1383/1/4 1384/1/4
f 1385/1/6 1386/1/6 1387/1/6 1388/1/6
f 1389/1/3 1390/1/3 1391/1/3 1392/1/3
f 1393/1/4 1394/1/4 1395/1/4 1396/1/4
f 1397/1/5 1398/1/5 1399/1/5 1400/1/5
f 1401/1/3 1402/1/3 1403/1/3 1404/1/3
f 1405/1/4 1406/1/4 1407/1/4 1408/1/4
f 1409/1/5 1410/1/5 1411/1/5 1412/1/5
f 1413/1/3 1414/1/3 1415/1/3 1416/1/3
f 1417/1/4 1418/1/4 1419/1/4 1420/1/4
f 1421/1/6 1422/1/6 1423/1/6 1424/1/6
f 1425/1/2 1426/1/2 1427/1/2 1428/1/2
f 1429/1/3 1430/1/3 1431/1/3 1432/1/3
f 1433/1/4 1434/1/4 1435/1/4 1436/1/4
f 1437/1/5 1438/1/5 1439/1/5 1440/1/5
f 1441/1/6 1442/1/6 1443/1/6 1444/1/6
f 1445/8/1 1446/8/1 1447/8/1 1448/8/1
f 1449/8/3 1450/8/3 1451/8/3 1452/8/3
f 1453/8/4 1454/8/4 1455/8/4 1456/8/4
f 1457/9/3 1458/9/3 1459/9/3 1460/9/3
f 1461/9/4 1462/9/4 1463/9/4 1464/9/4
f 1465/8/2 1466/8/2 1467/8/2 1468/8/2
f 1469/8/3 1470/8/3 1471/8/3 1472/8/3
f 1473/8/4 1474/8/4 1475/8/4 1476/8/4
f 1477/1/1 1478/1/1 1479/1/1 1480/1/1
f 1481/1/2 1482/1/2 1483/1/2 1484/1/2
f 1485/1/3 1486/1/3 1487/1/3 1488/1/3
f 1489/1/4 1490/1/4 1491/1/4 1492/1/4
f 1493/1/6 1494/1/6 1495/1/6 1496/1/6
f 1497/6/1 1498/6/1 1499/6/1 1500/6/1
f 1501/6/3 1502/6/3 1503/6/3 1504/6/3
f 1505/6/4 1506/6/4 1507/6/4 1508/6/4
f 1509/8/3 1510/8/3 1511/8/3 1512/8/3
f 1513/8/4 1514/8/4 1515/8/4 1516/8/4
f 1517/4/3 1518/4/3 1519/4/3 1520/4/3
f 1521/4/4 1522/4/4 1523/4/4 1524/4/4
f 1525/8/3 1526/8/3 1527/8/3 1528/8/3
f 1529/8/4 1530/8/4 1531/8/4 1532/8/4
f 1533/9/3 1534/9/3 1535/9/3 1536/9/3
f 1537/9/4 1538/9/4 1539/9/4 1540/9/4
f 1541/8/2 1542/8/2 1543/8/2 1544/8/2
f 1545/8/3 1546/8/3 1547/8/3 1548/8/3
f 1549/8/4 1550/8/4 1551/8/4 1552/8/4
f 1553/1/1 1554/1/1 1555/1/1 1556/1/1
f 1557/1/2 1558/1/2 1559/1/2 1560/1/2
f 1561/1/3 1562/1/3 1563/1/3 1564/1/3
f 1565/1/4 1566/1/4 1567/1/4 1568/1/4
f 1569/5/1 1570/5/1 1571/5/1 1572/5/1
f 1573/5/2 1574/5/2 1575/5/2 1576/5/2
f 1577/5/3 1578/5/3 1579/5/3 1580/5/3
f 1581/5/4 1582/5/4 1583/5/4 1584/5/4
f 1585/5/5 1586/5/5 1587/5/5 1588/5/5
f 1589/5/6 1590/5/6 1591/5/6 1592/5/6
f 1593/1/1 1594/1/1 1595/1/1 1596/1/1
f 1597/1/3 1598/1/3 1599/1/3 1600/1/3
f 1601/1/4 1602/1/4 1603/1/4 1604/1/4
f 1605/1/3 1606/1/3 1607/1/3 1608/1/3
f 1609/1/4 1610/1/4 1611/1/4 1612/1/4
f 1613/1/3 1614/1/3 1615/1/3 1616/1/3
f 1617/1/4 1618/1/4 1619/1/4 1620/1/4
f 1621/1/3 1622/1/3 1623/1/3 1624/1/3
f 1625/1/4 1626/1/4 1627/1/4 1628/1/4
f 1629/1/3 1630/1/3 1631/1/3 1632/1/3
f 1633/1/4 1634/1/4 1635/1/4 1636/1/4
f 1637/1/3 1638/1/3 1639/1/3 1640/1/3
f 1641/1/4 1642/1/4 1643/1/4 1644/1/4
f 1645/1/3 1646/1/3 1647/1/3 1648/1/3
f 1649/1/4 1650/1/4 1651/1/4 1652/1/4
f 1653/1/2 1654/1/2 1655/1/2 1656/1/2
f 1657/1/3 1658/1/3 1659/1/3 1660/1/3
f 1661/1/4 1662/1/4 1663/1/4 1664/1/4
f 1665/5/1 1666/5/1 1667/5/1 1668/5/1
f 1669/5/3 1670/5/3 1671/5/3 1672/5/3
f 1673/5/4 1674/5/4 1675/5/4 1676/5/4
f 1677/5/5 1678/5/5 1679/5/5 1680/5/5
f 1681/5/6 1682/5/6 1683/5/6 1684/5/6
f 1685/5/2 1686/5/2 1687/5/2 1688/5/2
f 1689/5/3 1690/5/3 1691/5/3 1692/5/3
f 1693/5/4 1694/5/4 1695/5/4 1696/5/4
f 1697/5/5 1698/5/5 1699/5/5 1700/5/5
f 1701/5/6 1702/5/6 1703/5/6 1704/5/6
f 1705/1/1 1706/1/1 1707/1/1 1708/1/1
f 1709/1/2 1710/1/2 1711/1/2 1712/1/2
f 1713/1/3 1714/1/3 1715/1/3 1716/1/3
f 1717/1/4 1718/1/4 1719/1/4 1720/1/4
f 1721/5/1 1722/5/1 1723/5/1 1724/5/1
f 1725/5/2 1726/5/2 1727/5/2 1728/5/2
f 1729/5/3 1730/5/3 1731/5/3 1732/5/3
f 1733/5/4 1734/5/4 1735/5/4 1736/5/4
f 1737/5/6 1738/5/6 1739/5/6 1740/5/6
f 1741/8/1 1742/8/1 1743/8/1 1744/8/1
f 1745/8/3 1746/8/3 1747/8/3 1748/8/3
f 1749/8/4 1750/8/4 1751/8/4 1752/8/4
f 1753/9/3 1754/9/3 1755/9/3 1756/9/3
f 1757/9/4 1758/9/4 1759/9/4 1760/9/4
f 1761/8/2 1762/8/2 1763/8/2 1764/8/2
f 1765/8/3 1766/8/3 1767/8/3 1768/8/3
f 1769/8/4 1770/8/4 1771/8/4 1772/8/4
f 1773/1/1 1774/1/1 1775/1/1 1776/1/1
f 1777/1/2 1778/1/2 1779/1/2 1780/1/2
f 1781/1/3 1782/1/3 1783/1/3 1784/1/3
f 1785/1/4 1786/1/4 1787/1/4 1788/1/4
f 1789/2/1 1790/2/1 1791/2/1 1792/2/1
f 1793/2/3 1794/2/3 1795/2/3 1796/2/3
f 1797/2/4 1798/2/4 1799/2/4 1800/2/4
f 1801/8/3 1802/8/3 1803/8/3 1804/8/3
f 1805/8/4 1806/8/4 1807/8/4 1808/8/4
f 1809/9/3 1810/9/3 1811/9/3 1812/9/3
f 1813/9/4 1814/9/4 1815/9/4 1816/9/4
f 1817/8/3 1818/8/3 1819/8/3 1820/8/3
f 1821/8/4 1822/8/4 1823/8/4 1824/8/4
f 1825/9/3 1826/9/3 1827/9/3 1828/9/3
f 1829/9/4 1830/9/4 1831/9/4 1832/9/4
f 1833/8/2 1834/8/2 1835/8/2 1836/8/2
f 1837/8/3 1838/8/3 1839/8/3 1840/8/3
f 1841/8/4 1842/8/4 1843/8/4 1844/8/4
f 1845/1/1 1846/1/1 1847/1/1 1848/1/1
f 1849/1/2 1850/1/2 1851/1/2 1852/1/2
f 1853/1/3 1854/1/3 1855/1/3 1856/1/3
f 1857/1/4 1858/1/4 1859/1/4 1860/1/4
f 1861/1/1 1862/1/1 1863/1/1 1864/1/1
f 1865/1/3 1866/1/3 1867/1/3 1868/1/3
f 1869/1/4 1870/1/4 1871/1/4 1872/1/4
f 1873/1/6 1874/1/6 1875/1/6 1876/1/6
f 1877/1/3 1878/1/3 1879/1/3 1880/1/3
f 1881/1/4 1882/1/4 1883/1/4 1884/1/4
f 1885/1/3 1886/1/3 1887/1/3 1888/1/3
f 1889/1/4 1890/1/4 1891/1/4 1892/1/4
f 1893/1/3 1894/1/3 1895/1/3 1896/1/3
f 1897/1/4 1898/1/4 1899/1/4 1900/1/4
f 1901/1/3 1902/1/3 1903/1/3 1904/1/3
f 1905/1/4 1906/1/4 1907/1/4 1908/1/4
f 1909/1/3 1910/1/3 1911/1/3 1912/1/3
f 1913/1/4 1914/1/4 1915/1/4 1916/1/4
f 1917/1/3 1918/1/3 1919/1/3 1920/1/3
f 1921/1/4 1922/1/4 1923/1/4 1924/1/4
f 1925/1/3 1926/1/3 1927/1/3 1928/1/3
f 1929/1/4 1930/1/4 1931/1/4 1932/1/4
f 1933/1/3 1934/1/3 1935/1/3 1936/1/3
f 1937/1/4 1938/1/4 1939/1/4 1940/1/4
f 1941/1/2 1942/1/2 1943/1/2 1944/1/2
f 1945/1/3 1946/1/3 1947/1/3 1948/1/3
f 1949/1/4 1950/1/4 1951/1/4 1952/1/4
f 1953/1/6 1954/1/6 1955/1/6 1956/1/6
f 1957/3/1 1958/3/1 1959/3/1 1960/3/1
f 1961/3/2 1962/3/2 1963/3/2 1964/3/2
f 1965/3/3 1966/3/3 1967/3/3 1968/3/3
f 1969/3/4 1970/3/4 1971/3/4 1972/3/4
f 1973/3/5 1974/3/5 1975/3/5 1976/3/5
f 1977/3/6 1978/3/6 1979/3/6 1980/3/6
f 1981/1/1 1982/1/1 1983/1/1 1984/1/1
f 1985/1/2 1986/1/2 1987/1/2 1988/1/2
f 1989/1/3 1990/1/3 1991/1/3 1992/1/3
f 1993/1/4 1994/1/4 1995/1/4 1996/1/4
f 1997/5/1 1998/5/1 1999/5/1 2000/5/1
f 2001/5/2 2002/5/2 2003/5/2 2004/5/2
f 2005/5/3 2006/5/3 2007/5/3 2008/5/3
f 2009/5/4 2010/5/4 2011/5/4 2012/5/4
f 2013/5/5 2014/5/5 2015/5/5 2016/5/5
f 2017/4/1 2018/4/1 2019/4/1 2020/4/1
f 2021/4/3 2022/4/3 2023/4/3 2024/4/3
f 2025/4/4 2026/4/4 2027/4/4 2028/4/4
f 2029/8/3 2030/8/3 2031/8/3 2032/8/3
f 2033/8/4 2034/8/4 2035/8/4 2036/8/4
f 2037/9/2 2038/9/2 2039/9/2 2040/9/2
f 2041/9/3 2042/9/3 2043/9/3 2044/9/3
f 2045/9/4 2046/9/4 2047/9/4 2048/9/4
f 2049/1/1 2050/1/1 2051/1/1 2052/1/1
f 2053/1/2 2054/1/2 2055/1/2 2056/1/2
f 2057/1/3 2058/1/3 2059/1/3 2060/1/3
f 2061/1/4 2062/1/4 2063/1/4 2064/1/4
f 2065/1/5 2066/1/5 2067/1/5 2068/1/5
f 2069/2/1 2070/2/1 2071/2/1 2072/2/1
f 2073/2/3 2074/2/3 2075/2/3 2076/2/3
f 2077/2/4 2078/2/4 2079/2/4 2080/2/4
f 2081/8/3 2082/8/3 2083/8/3 2084/8/3
f 2085/8/4 2086/8/4 2087/8/4 2088/8/4
f 2089/9/3 2090/9/3 2091/9/3 2092/9/3
f 2093/9/4 2094/9/4 2095/9/4 2096/9/4
f 2097/4/3 2098/4/3 2099/4/3 2100/4/3
f 2101/4/4 2102/4/4 2103/4/4 2104/4/4
f 2105/8/3 2106/8/3 2107/8/3 2108/8/3
f 2109/8/4 2110/8/4 2111/8/4 2112/8/4
f 2113/9/2 2114/9/2 2115/9/2 2116/9/2
f 2117/9/3 2118/9/3 2119/9/3 2120/9/3
f 2121/9/4 2122/9/4 2123/9/4 2124/9/4
f 2125/1/1 2126/1/1 2127/1/1 2128/1/1
f 2129/1/2 2130/1/2 2131/1/2 2132/1/2
f 2133/1/3 2134/1/3 2135/1/3 2136/1/3
f 2137/1/4 2138/1/4 2139/1/4 2140/1/4
f 2141/1/1 2142/1/1 2143/1/1 2144/1/1
f 2145/1/3 2146/1/3 2147/1/3 2148/1/3
f 2149/1/4 2150/1/4 2151/1/4 2152/1/4
f 2153/1/3 2154/1/3 2155/1/3 2156/1/3
f 2157/1/4 2158/1/4 2159/1/4 2160/1/4
f 2161/1/3 2162/1/3 2163/1/3 2164/1/3
f 2165/1/4 2166/1/4 2167/1/4 2168/1/4
f 2169/1/3 2170/1/3 2171/1/3 2172/1/3
f 2173/1/4 2174/1/4 2175/1/4 2176/1/4
f 2177/1/3 2178/1/3 2179/1/3 2180/1/3
f 2181/1/4 2182/1/4 2183/1/4 2184/1/4
f 2185/1/3 2186/1/3 2187/1/3 2188/1/3
f 2189/1/4 2190/1/4 2191/1/4 2192/1/4
f 2193/1/3 2194/1/3 2195/1/3 2196/1/3
f 2197/1/4 2198/1/4 2199/1/4 2200/1/4
f 2201/1/3 2202/1/3 2203/1/3 2204/1/3
f 2205/1/4 2206/1/4 2207/1/4 2208/1/4
f 2209/1/3 2210/1/3 2211/1/3 2212/1/3
f 2213/1/4 2214/1/4 2215/1/4 2216/1/4
f 2217/1/2 2218/1/2 2219/1/2 2220/1/2
f 2221/1/3 2222/1/3 2223/1/3 2224/1/3
f 2225/1/4 2226/1/4 2227/1/4 2228/1/4
f 2229/5/1 2230/5/1 2231/5/1 2232/5/1
f 2233/5/2 2234/5/2 2235/5/2 2236/5/2
f 2237/5/3 2238/5/3 2239/5/3 2240/5/3
f 2241/5/4 2242/5/4 2243/5/4 2244/5/4
f 2245/5/5 2246/5/5 2247/5/5 2248/5/5
f 2249/5/6 2250/5/6 2251/5/6 2252/5/6
f 2253/1/1 2254/1/1 2255/1/1 2256/1/1
f 2257/1/3 2258/1/3 2259/1/3 2260/1/3
f 2261/1/4 2262/1/4 2263/1/4 2264/1/4
f 2265/1/5 2266/1/5 2267/1/5 2268/1/5
f 2269/1/2 2270/1/2 2271/1/2 2272/1/2
f 2273/1/3 2274/1/3 2275/1/3 2276/1/3
f 2277/1/4 2278/1/4 2279/1/4 2280/1/4
f 2281/1/6 2282/1/6 2283/1/6 2284/1/6
f 2285/8/1 2286/8/1 2287/8/1 2288/8/1
f 2289/8/3 2290/8/3 2291/8/3 2292/8/3
f 2293/8/4 2294/8/4 2295/8/4 2296/8/4
f 2297/8/3 2298/8/3 2299/8/3 2300/8/3
f 2301/8/4 2302/8/4 2303/8/4 2304/8/4
f 2305/9/2 2306/9/2 2307/9/2 2308/9/2
f 2309/9/3 2310/9/3 2311/9/3 2312/9/3
f 2313/9/4 2314/9/4 2315/9/4 2316/9/4
f 2317/5/1 2318/5/1 2319/5/1 2320/5/1
f 2321/5/2 2322/5/2 2323/5/2 2324/5/2
f 2325/5/3 2326/5/3 2327/5/3 2328/5/3
f 2329/5/4 2330/5/4 2331/5/4 2332/5/4
f 2333/5/5 2334/5/5 2335/5/5 2336/5/5
f 2337/5/6 2338/5/6 2339/5/6 2340/5/6
f 2341/6/1 2342/6/1 2343/6/1 2344/6/1
f 2345/6/3 2346/6/3 2347/6/3 2348/6/3
f 2349/6/4 2350/6/4 2351/6/4 2352/6/4
f 2353/9/3 2354/9/3 2355/9/3 2356/9/3
f 2357/9/4 2358/9/4 2359/9/4 2360/9/4
f 2361/2/3 2362/2/3 2363/2/3 2364/2/3
f 2365/2/4 2366/2/4 2367/2/4 2368/2/4
f 2369/8/3 2370/8/3 2371/8/3 2372/8/3
f 2373/8/4 2374/8/4 2375/8/4 2376/8/4
f 2377/8/3 2378/8/3 2379/8/3 2380/8/3
f 2381/8/4 2382/8/4 2383/8/4 2384/8/4
f 2385/9/2 2386/9/2 2387/9/2 2388/9/2
f 2389/9/3 2390/9/3 2391/9/3 2392/9/3
f 2393/9/4 2394/9/4 2395/9/4 2396/9/4
f 2397/1/1 2398/1/1 2399/1/1 2400/1/1
f 2401/1/2 2402/1/2 2403/1/2 2404/1/2
f 2405/1/3 2406/1/3 2407/1/3 2408/1/3
f 2409/1/4 2410/1/4 2411/1/4 2412/1/4
f 2413/1/1 2414/1/1 2415/1/1 2416/1/1
f 2417/1/3 2418/1/3 2419/1/3 2420/1/3
f 2421/1/4 2422/1/4 2423/1/4 2424/1/4
f 2425/1/3 2426/1/3 2427/1/3 2428/1/3
f 2429/1/4 2430/1/4 2431/1/4 2432/1/4
f 2433/1/3 2434/1/3 2435/1/3 2436/1/3
f 2437/1/4 2438/1/4 2439/1/4 2440/1/4
f 2441/1/3 2442/1/3 2443/1/3 2444/1/3
f 2445/1/4 2446/1/4 2447/1/4 2448/1/4
f 2449/1/3 2450/1/3 2451/1/3 2452/1/3
f 2453/1/4 2454/1/4 2455/1/4 2456/1/4
f 2457/1/3 2458/1/3 2459/1/3 2460/1/3
f 2461/1/4 2462/1/4 2463/1/4 2464/1/4
f 2465/1/3 2466/1/3 2467/1/3 2468/1/3
f 2469/1/4 2470/1/4 2471/1/4 2472/1/4
f 2473/1/3 2474/1/3 2475/1/3 2476/1/3
f 2477/1/4 2478/1/4 2479/1/4 2480/1/4
f 2481/1/3 2482/1/3 2483/1/3 2484/1/3
f 2485/1/4 2486/1/4 2487/1/4 2488/1/4
f 2489/1/3 2490/1/3 2491/1/3 2492/1/3
f 2493/1/4 2494/1/4 2495/1/4 2496/1/4
f 2497/1/2 2498/1/2 2499/1/2 2500/1/2
f 2501/1/3 2502/1/3 2503/1/3 2504/1/3
f 2505/1/4 2506/1/4 2507/1/4 2508/1/4
f 2509/1/6 2510/1/6 2511/1/6 2512/1/6
f 2513/3/1 2514/3/1 2515/3/1 2516/3/1
f 2517/3/2 2518/3/2 2519/3/2 2520/3/2
f 2521/3/3 2522/3/3 2523/3/3 2524/3/3
f 2525/3/4 2526/3/4 2527/3/4 2528/3/4
f 2529/3/5 2530/3/5 2531/3/5 2532/3/5
f 2533/3/6 2534/3/6 2535/3/6 2536/3/6
f 2537/1/1 2538/1/1 2539/1/1 2540/1/1
f 2541/1/2 2542/1/2 2543/1/2 2544/1/2
f 2545/1/3 2546/1/3 2547/1/3 2548/1/3
f 2549/1/4 2550/1/4 2551/1/4 2552/1/4
f 2553/1/5 2554/1/5 2555/1/5 2556/1/5
f 2557/4/1 2558/4/1 2559/4/1 2560/4/1
f 2561/4/3 2562/4/3 2563/4/3 2564/4/3
f 2565/4/4 2566/4/4 2567/4/4 2568/4/4
f 2569/9/3 2570/9/3 2571/9/3 2572/9/3
f 2573/9/4 2574/9/4 2575/9/4 2576/9/4
f 2577/8/2 2578/8/2 2579/8/2 2580/8/2
f 2581/8/3 2582/8/3 2583/8/3 2584/8/3
f 2585/8/4 2586/8/4 2587/8/4 2588/8/4
f 2589/1/1 2590/1/1 2591/1/1 2592/1/1
f 2593/1/2 2594/1/2 2595/1/2 2596/1/2
f 2597/1/3 2598/1/3 2599/1/3 2600/1/3
f 2601/1/4 2602/1/4 2603/1/4 2604/1/4
f 2605/1/6 2606/1/6 2607/1/6 2608/1/6
f 2609/6/1 2610/6/1 2611/6/1 2612/6/1
f 2613/6/3 2614/6/3 2615/6/3 2616/6/3
f 2617/6/4 2618/6/4 2619/6/4 2620/6/4
f 2621/2/3 2622/2/3 2623/2/3 2624/2/3
f 2625/2/4 2626/2/4 2627/2/4 2628/2/4
f 2629/2/3 2630/2/3 2631/2/3 2632/2/3
f 2633/2/4 2634/2/4 2635/2/4 2636/2/4
f 2637/4/3 2638/4/3 2639/4/3 2640/4/3
f 2641/4/4 2642/4/4 2643/4/4 2644/4/4
f 2645/9/3 2646/9/3 2647/9/3 2648/9/3
f 2649/9/4 2650/9/4 2651/9/4 2652/9/4
f 2653/8/2 2654/8/2 2655/8/2 2656/8/2
f 2657/8/3 2658/8/3 2659/8/3 2660/8/3
f 2661/8/4 2662/8/4 2663/8/4 2664/8/4
f 2665/1/1 2666/1/1 2667/1/1 2668/1/1
f 2669/1/2 2670/1/2 2671/1/2 2672/1/2
f 2673/1/3 2674/1/3 2675/1/3 2676/1/3
f 2677/1/4 2678/1/4 2679/1/4 2680/1/4
f 2681/1/1 2682/1/1 2683/1/1 2684/1/1
f 2685/1/3 2686/1/3 2687/1/3 2688/1/3
f 2689/1/4 2690/1/4 2691/1/4 2692/1/4
f 2693/1/3 2694/1/3 2695/1/3 2696/1/3
f 2697/1/4 2698/1/4 2699/1/4 2700/1/4
f 2701/1/3 2702/1/3 2703/1/3 2704/1/3
f 2705/1/4 2706/1/4 2707/1/4 2708/1/4
f 2709/1/3 2710/1/3 2711/1/3 2712/1/3
f 2713/1/4 2714/1/4 2715/1/4 2716/1/4
f 2717/1/3 2718/1/3 2719/1/3 2720/1/3
f 2721/1/4 2722/1/4 2723/1/4 2724/1/4
f 2725/1/3 2726/1/3 2727/1/3 2728/1/3
f 2729/1/4 2730/1/4 2731/1/4 2732/1/4
f 2733/1/3 2734/1/3 2735/1/3 2736/1/3
f 2737/1/4 2738/1/4 2739/1/4 2740/1/4
f 2741/1/3 2742/1/3 2743/1/3 2744/1/3
f 2745/1/4 2746/1/4 2747/1/4 2748/1/4
f 2749/1/3 2750/1/3 2751/1/3 2752/1/3
f 2753/1/4 2754/1/4 2755/1/4 2756/1/4
f 2757/1/3 2758/1/3 2759/1/3 2760/1/3
f 2761/1/4 2762/1/4 2763/1/4 2764/1/4
f 2765/1/3 2766/1/3 2767/1/3 2768/1/3
f 2769/1/4 2770/1/4 2771/1/4 2772/1/4
f 2773/1/2 2774/1/2 2775/1/2 2776/1/2
f 2777/1/3 2778/1/3 2779/1/3 2780/1/3
f 2781/1/4 2782/1/4 2783/1/4 2784/1/4
f 2785/1/5 2786/1/5 2787/1/5 2788/1/5
f 2789/1/6 2790/1/6 2791/1/6 2792/1/6
f 2793/5/1 2794/5/1 2795/5/1 2796/5/1
f 2797/5/2 2798/5/2 2799/5/2 2800/5/2
f 2801/5/3 2802/5/3 2803/5/3 2804/5/3
f 2805/5/4 2806/5/4 2807/5/4 2808/5/4
f 2809/5/5 2810/5/5 2811/5/5 2812/5/5
f 2813/5/6 2814/5/6 2815/5/6 2816/5/6
f 2817/4/1 2818/4/1 2819/4/1 2820/4/1
f 2821/4/3 2822/4/3 2823/4/3 2824/4/3
f 2825/4/4 2826/4/4 2827/4/4 2828/4/4
f 2829/9/3 2830/9/3 2831/9/3 2832/9/3
f 2833/9/4 2834/9/4 2835/9/4 2836/9/4
f 2837/8/2 2838/8/2 2839/8/2 2840/8/2
f 2841/8/3 2842/8/3 2843/8/3 2844/8/3
f 2845/8/4 2846/8/4 2847/8/4 2848/8/4
f 2849/1/1 2850/1/1 2851/1/1 2852/1/1
f 2853/1/2 2854/1/2 2855/1/2 2856/1/2
f 2857/1/3 2858/1/3 2859/1/3 2860/1/3
f 2861/1/4 2862/1/4 2863/1/4 2864/1/4
f 2865/1/5 2866/1/5 2867/1/5 2868/1/5
f 2869/6/1 2870/6/1 2871/6/1 2872/6/1
f 2873/6/3 2874/6/3 2875/6/3 2876/6/3
f 2877/6/4 2878/6/4 2879/6/4 2880/6/4
f 2881/9/3 2882/9/3 2883/9/3 2884/9/3
f 2885/9/4 2886/9/4 2887/9/4 2888/9/4
f 2889/2/3 2890/2/3 2891/2/3 2892/2/3
f 2893/2/4 2894/2/4 2895/2/4 2896/2/4
f 2897/4/3 2898/4/3 2899/4/3 2900/4/3
f 2901/4/4 2902/4/4 2903/4/4 2904/4/4
f 2905/9/3 2906/9/3 2907/9/3 2908/9/3
f 2909/9/4 2910/9/4 2911/9/4 2912/9/4
f 2913/8/2 2914/8/2 2915/8/2 2916/8/2
f 2917/8/3 2918/8/3 2919/8/3 2920/8/3
f 2921/8/4 2922/8/4 2923/8/4 2924/8/4
f 2925/1/1 2926/1/1 2927/1/1 2928/1/1
f 2929/1/2 2930/1/2 2931/1/2 2932/1/2
f 2933/1/3 2934/1/3 2935/1/3 2936/1/3
f 2937/1/4 2938/1/4 2939/1/4 2940/1/4
f 2941/1/1 2942/1/1 2943/1/1 2944/1/1
f 2945/1/3 2946/1/3 2947/1/3 2948/1/3
f 2949/1/4 2950/1/4 2951/1/4 2952/1/4
f 2953/1/3 2954/1/3 2955/1/3 2956/1/3
f 2957/1/4 2958/1/4 2959/1/4 2960/1/4
f 2961/1/3 2962/1/3 2963/1/3 2964/1/3
f 2965/1/4 2966/1/4 2967/1/4 2968/1/4
f 2969/1/3 2970/1/3 2971/1/3 2972/1/3
f 2973/1/4 2974/1/4 2975/1/4 2976/1/4
f 2977/1/3 2978/1/3 2979/1/3 2980/1/3
f 2981/1/4 2982/1/4 2983/1/4 2984/1/4
f 2985/1/3 2986/1/3 2987/1/3 2988/1/3
f 2989/1/4 2990/1/4 2991/1/4 2992/1/4
f 2993/1/3 2994/1/3 2995/1/3 2996/1/3
f 2997/1/4 2998/1/4 2999/1/4 3000/1/4
f 3001/1/3 3002/1/3 3003/1/3 3004/1/3
f 3005/1/4 3006/1/4 3007/1/4 3008/1/4
f 3009/1/3 3010/1/3 3011/1/3 3012/1/3
f 3013/1/4 3014/1/4 3015/1/4 3016/1/4
f 3017/1/3 3018/1/3 3019/1/3 3020/1/3
f 3021/1/4 3022/1/4 3023/1/4 3024/1/4
f 3025/1/2 3026/1/2 3027/1/2 3028/1/2
f 3029/1/3 3030/1/3 3031/1/3 3032/1/3
f 3033/1/4 3034/1/4 3035/1/4 3036/1/4
f 3037/5/1 3038/5/1 3039/5/1 3040/5/1
f 3041/5/2 3042/5/2 3043/5/2 3044/5/2
f 3045/5/3 3046/5/3 3047/5/3 3048/5/3
f 3049/5/4 3050/5/4 3051/5/4 3052/5/4
f 3053/5/5 3054/5/5 3055/5/5 3056/5/5
f 3057/5/6 3058/5/6 3059/5/6 3060/5/6
f 3061/3/1 3062/3/1 3063/3/1 3064/3/1
f 3065/3/3 3066/3/3 3067/3/3 3068/3/3
f 3069/3/4 3070/3/4 3071/3/4 3072/3/4
f 3073/3/5 3074/3/5 3075/3/5 3076/3/5
f 3077/3/6 3078/3/6 3079/3/6 3080/3/6
f 3081/4/3 3082/4/3 3083/4/3 3084/4/3
f 3085/4/4 3086/4/4 3087/4/4 3088/4/4
f 3089/2/3 3090/2/3 3091/2/3 3092/2/3
f 3093/2/4 3094/2/4 3095/2/4 3096/2/4
f 3097/4/2 3098/4/2 3099/4/2 3100/4/2
f 3101/4/3 3102/4/3 3103/4/3 3104/4/3
f 3105/4/4 3106/4/4 3107/4/4 3108/4/4
f 3109/5/1 3110/5/1 3111/5/1 3112/5/1
f 3113/5/2 3114/5/2 3115/5/2 3116/5/2
f 3117/5/3 3118/5/3 3119/5/3 3120/5/3
f 3121/5/4 3122/5/4 3123/5/4 3124/5/4
f 3125/5/5 3126/5/5 3127/5/5 3128/5/5
f 3129/5/6 3130/5/6 3131/5/6 3132/5/6
f 3133/2/1 3134/2/1 3135/2/1 3136/2/1
f 3137/2/3 3138/2/3 3139/2/3 3140/2/3
f 3141/2/4 3142/2/4 3143/2/4 3144/2/4
f 3145/9/3 3146/9/3 3147/9/3 3148/9/3
f 3149/9/4 3150/9/4 3151/9/4 3152/9/4
f 3153/9/3 3154/9/3 3155/9/3 3156/9/3
f 3157/9/4 3158/9/4 3159/9/4 3160/9/4
f 3161/4/3 3162/4/3 3163/4/3 3164/4/3
f 3165/4/4 3166/4/4 3167/4/4 3168/4/4
f 3169/2/3 3170/2/3 3171/2/3 3172/2/3
f 3173/2/4 3174/2/4 3175/2/4 3176/2/4
f 3177/4/2 3178/4/2 3179/4/2 3180/4/2
f 3181/4/3 3182/4/3 3183/4/3 3184/4/3
f 3185/4/4 3186/4/4 3187/4/4 3188/4/4
f 3189/1/1 3190/1/1 3191/1/1 3192/1/1
f 3193/1/2 3194/1/2 3195/1/2 3196/1/2
f 3197/1/3 3198/1/3 3199/1/3 3200/1/3
f 3201/1/4 3202/1/4 3203/1/4 3204/1/4
f 3205/1/1 3206/1/1 3207/1/1 3208/1/1
f 3209/1/3 3210/1/3 3211/1/3 3212/1/3
f 3213/1/4 3214/1/4 3215/1/4 3216/1/4
f 3217/1/3 3218/1/3 3219/1/3 3220/1/3
f 3221/1/4 3222/1/4 3223/1/4 3224/1/4
f 3225/1/3 3226/1/3 3227/1/3 3228/1/3
f 3229/1/4 3230/1/4 3231/1/4 3232/1/4
f 3233/1/5 3234/1/5 3235/1/5 3236/1/5
f 3237/1/3 3238/1/3 3239/1/3 3240/1/3
f 3241/1/4 3242/1/4 3243/1/4 3244/1/4
f 3245/1/3 3246/1/3 3247/1/3 3248/1/3
f 3249/1/4 3250/1/4 3251/1/4 3252/1/4
f 3253/1/3 3254/1/3 3255/1/3 3256/1/3
f 3257/1/4 3258/1/4 3259/1/4 3260/1/4
f 3261/1/3 3262/1/3 3263/1/3 3264/1/3
f 3265/1/4 3266/1/4 3267/1/4 3268/1/4
f 3269/1/5 3270/1/5 3271/1/5 3272/1/5
f 3273/1/3 3274/1/3 3275/1/3 3276/1/3
f 3277/1/4 3278/1/4 3279/1/4 3280/1/4
f 3281/1/3 3282/1/3 3283/1/3 3284/1/3
f 3285/1/4 3286/1/4 3287/1/4 3288/1/4
f 3289/1/3 3290/1/3 3291/1/3 3292/1/3
f 3293/1/4 3294/1/4 3295/1/4 3296/1/4
f 3297/1/3 3298/1/3 3299/1/3 3300/1/3
f 3301/1/4 3302/1/4 3303/1/4 3304/1/4
f 3305/1/2 3306/1/2 3307/1/2 3308/1/2
f 3309/1/3 3310/1/3 3311/1/3 3312/1/3
f 3313/1/4 3314/1/4 3315/1/4 3316/1/4
f 3317/1/6 3318/1/6 3319/1/6 3320/1/6
f 3321/5/1 3322/5/1 3323/5/1 3324/5/1
f 3325/5/2 3326/5/2 3327/5/2 3328/5/2
f 3329/5/3 3330/5/3 3331/5/3 3332/5/3
f 3333/5/4 3334/5/4 3335/5/4 3336/5/4
f 3337/5/5 3338/5/5 3339/5/5 3340/5/5
f 3341/5/6 3342/5/6 3343/5/6 3344/5/6
f 3345/4/1 3346/4/1 3347/4/1 3348/4/1
f 3349/4/3 3350/4/3 3351/4/3 3352/4/3
f 3353/4/4 3354/4/4 3355/4/4 3356/4/4
f 3357/2/3 3358/2/3 3359/2/3 3360/2/3
f 3361/2/4 3362/2/4 3363/2/4 3364/2/4
f 3365/8/2 3366/8/2 3367/8/2 3368/8/2
f 3369/8/3 3370/8/3 3371/8/3 3372/8/3
f 3373/8/4 3374/8/4 3375/8/4 3376/8/4
f 3377/1/1 3378/1/1 3379/1/1 3380/1/1
f 3381/1/2 3382/1/2 3383/1/2 3384/1/2
f 3385/1/3 3386/1/3 3387/1/3 3388/1/3
f 3389/1/4 3390/1/4 3391/1/4 3392/1/4
f 3393/1/6 3394/1/6 3395/1/6 3396/1/6
f 3397/6/1 3398/6/1 3399/6/1 3400/6/1
f 3401/6/3 3402/6/3 3403/6/3 3404/6/3
f 3405/6/4 3406/6/4 3407/6/4 3408/6/4
f 3409/8/3 3410/8/3 3411/8/3 3412/8/3
f 3413/8/4 3414/8/4 3415/8/4 3416/8/4
f 3417/9/3 3418/9/3 3419/9/3 3420/9/3
f 3421/9/4 3422/9/4 3423/9/4 3424/9/4
f 3425/4/3 3426/4/3 3427/4/3 3428/4/3
f 3429/4/4 3430/4/4 3431/4/4 3432/4/4
f 3433/2/3 3434/2/3 3435/2/3 3436/2/3
f 3437/2/4 3438/2/4 3439/2/4 3440/2/4
f 3441/8/2 3442/8/2 3443/8/2 3444/8/2
f 3445/8/3 3446/8/3 3447/8/3 3448/8/3
f 3449/8/4 3450/8/4 3451/8/4 3452/8/4
f 3453/1/1 3454/1/1 3455/1/1 3456/1/1
f 3457/1/2 3458/1/2 3459/1/2 3460/1/2
f 3461/1/3 3462/1/3 3463/1/3 3464/1/3
f 3465/1/4 3466/1/4 3467/1/4 3468/1/4
f 3469/1/1 3470/1/1 3471/1/1 3472/1/1
f 3473/1/3 3474/1/3 3475/1/3 3476/1/3
f 3477/1/4 3478/1/4 3479/1/4 3480/1/4
f 3481/1/2 3482/1/2 3483/1/2 3484/1/2
f 3485/1/3 3486/1/3 3487/1/3 3488/1/3
f 3489/1/4 3490/1/4 3491/1/4 3492/1/4
f 3493/5/1 3494/5/1 3495/5/1 3496/5/1
f 3497/5/2 3498/5/2 3499/5/2 3500/5/2
f 3501/5/3 3502/5/3 3503/5/3 3504/5/3
f 3505/5/4 3506/5/4 3507/5/4 3508/5/4
f 3509/5/5 3510/5/5 3511/5/5 3512/5/5
f 3513/5/6 3514/5/6 3515/5/6 3516/5/6
f 3517/1/1 3518/1/1 3519/1/1 3520/1/1
f 3521/1/3 3522/1/3 3523/1/3 3524/1/3
f 3525/1/4 3526/1/4 3527/1/4 3528/1/4
f 3529/1/3 3530/1/3 3531/1/3 3532/1/3
f 3533/1/4 3534/1/4 3535/1/4 3536/1/4
f 3537/1/2 3538/1/2 3539/1/2 3540/1/2
f 3541/1/3 3542/1/3 3543/1/3 3544/1/3
f 3545/1/4 3546/1/4 3547/1/4 3548/1/4
f 3549/5/1 3550/5/1 3551/5/1 3552/5/1
f 3553/5/2 3554/5/2 3555/5/2 3556/5/2
f 3557/5/3 3558/5/3 3559/5/3 3560/5/3
f 3561/5/4 3562/5/4 3563/5/4 3564/5/4
f 3565/5/5 3566/5/5 3567/5/5 3568/5/5
f 3569/5/6 3570/5/6 3571/5/6 3572/5/6
f 3573/1/1 3574/1/1 3575/1/1 3576/1/1
f 3577/1/3 3578/1/3 3579/1/3 3580/1/3
f 3581/1/4 3582/1/4 3583/1/4 3584/1/4
f 3585/1/3 3586/1/3 3587/1/3 3588/1/3
f 3589/1/4 3590/1/4 3591/1/4 3592/1/4
f 3593/1/3 3594/1/3 3595/1/3 3596/1/3
f 3597/1/4 3598/1/4 3599/1/4 3600/1/4
f 3601/1/3 3602/1/3 3603/1/3 3604/1/3
f 3605/1/4 3606/1/4 3607/1/4 3608/1/4
f 3609/1/2 3610/1/2 3611/1/2 3612/1/2
f 3613/1/3 3614/1/3 3615/1/3 3616/1/3
f 3617/1/4 3618/1/4 3619/1/4 3620/1/4
f 3621/1/5 3622/1/5 3623/1/5 3624/1/5
f 3625/3/1 3626/3/1 3627/3/1 3628/3/1
f 3629/3/3 3630/3/3 3631/3/3 3632/3/3
f 3633/3/4 3634/3/4 3635/3/4 3636/3/4
f 3637/3/5 3638/3/5 3639/3/5 3640/3/5
f 3641/3/6 3642/3/6 3643/3/6 3644/3/6
f 3645/8/3 3646/8/3 3647/8/3 3648/8/3
f 3649/8/4 3650/8/4 3651/8/4 3652/8/4
f 3653/8/5 3654/8/5 3655/8/5 3656/8/5
f 3657/9/3 3658/9/3 3659/9/3 3660/9/3
f 3661/9/4 3662/9/4 3663/9/4 3664/9/4
f 3665/4/2 3666/4/2 3667/4/2 3668/4/2
f 3669/4/3 3670/4/3 3671/4/3 3672/4/3
f 3673/4/4 3674/4/4 3675/4/4 3676/4/4
f 3677/1/1 3678/1/1 3679/1/1 3680/1/1
f 3681/1/2 3682/1/2 3683/1/2 3684/1/2
f 3685/1/3 3686/1/3 3687/1/3 3688/1/3
f 3689/1/4 3690/1/4 3691/1/4 3692/1/4
f 3693/1/5 3694/1/5 3695/1/5 3696/1/5
f 3697/2/1 3698/2/1 3699/2/1 3700/2/1
f 3701/2/3 3702/2/3 3703/2/3 3704/2/3
f 3705/2/4 3706/2/4 3707/2/4 3708/2/4
f 3709/8/3 3710/8/3 3711/8/3 3712/8/3
f 3713/8/4 3714/8/4 3715/8/4 3716/8/4
f 3717/9/3 3718/9/3 3719/9/3 3720/9/3
f 3721/9/4 3722/9/4 3723/9/4 3724/9/4
f 3725/8/3 3726/8/3 3727/8/3 3728/8/3
f 3729/8/4 3730/8/4 3731/8/4 3732/8/4
f 3733/9/3 3734/9/3 3735/9/3 3736/9/3
f 3737/9/4 3738/9/4 3739/9/4 3740/9/4
f 3741/4/2 3742/4/2 3743/4/2 3744/4/2
f 3745/4/3 3746/4/3 3747/4/3 3748/4/3
f 3749/4/4 3750/4/4 3751/4/4 3752/4/4
f 3753/1/1 3754/1/1 3755/1/1 3756/1/1
f 3757/1/2 3758/1/2 3759/1/2 3760/1/2
f 3761/1/3 3762/1/3 3763/1/3 3764/1/3
f 3765/1/4 3766/1/4 3767/1/4 3768/1/4
f 3769/1/1 3770/1/1 3771/1/1 3772/1/1
f 3773/1/3 3774/1/3 3775/1/3 3776/1/3
f 3777/1/4 3778/1/4 3779/1/4 3780/1/4
f 3781/1/3 3782/1/3 3783/1/3 3784/1/3
f 3785/1/4 3786/1/4 3787/1/4 3788/1/4
f 3789/1/3 3790/1/3 3791/1/3 3792/1/3
f 3793/1/4 3794/1/4 3795/1/4 3796/1/4
f 3797/1/6 3798/1/6 3799/1/6 3800/1/6
f 3801/1/3 3802/1/3 3803/1/3 3804/1/3
f 3805/1/4 3806/1/4 3807/1/4 3808/1/4
f 3809/1/3 3810/1/3 3811/1/3 3812/1/3
f 3813/1/4 3814/1/4 3815/1/4 3816/1/4
f 3817/1/3 3818/1/3 3819/1/3 3820/1/3
f 3821/1/4 3822/1/4 3823/1/4 3824/1/4
f 3825/1/3 3826/1/3 3827/1/3 3828/1/3
f 3829/1/4 3830/1/4 3831/1/4 3832/1/4
f 3833/1/6 3834/1/6 3835/1/6 3836/1/6
f 3837/1/3 3838/1/3 3839/1/3 3840/1/3
f 3841/1/4 3842/1/4 3843/1/4 3844/1/4
f 3845/1/3 3846/1/3 3847/1/3 3848/1/3
f 3849/1/4 3850/1/4 3851/1/4 3852/1/4
f 3853/1/3 3854/1/3 3855/1/3 3856/1/3
f 3857/1/4 3858/1/4 3859/1/4 3860/1/4
f 3861/1/2 3862/1/2 3863/1/2 3864/1/2
f 3865/1/3 3866/1/3 3867/1/3 3868/1/3
f 3869/1/4 3870/1/4 3871/1/4 3872/1/4
f 3873/5/1 3874/5/1 3875/5/1 3876/5/1
f 3877/5/2 3878/5/2 3879/5/2 3880/5/2
f 3881/5/3 3882/5/3 3883/5/3 3884/5/3
f 3885/5/4 3886/5/4 3887/5/4 3888/5/4
f 3889/5/5 3890/5/5 3891/5/5 3892/5/5
f 3893/5/6 3894/5/6 3895/5/6 3896/5/6
f 3897/1/1 3898/1/1 3899/1/1 3900/1/1
f 3901/1/2 3902/1/2 3903/1/2 3904/1/2
f 3905/1/3 3906/1/3 3907/1/3 3908/1/3
f 3909/1/4 3910/1/4 3911/1/4 3912/1/4
f 3913/1/5 3914/1/5 3915/1/5 3916/1/5
f 3917/1/6 3918/1/6 3919/1/6 3920/1/6
f 3921/5/1 3922/5/1 3923/5/1 3924/5/1
f 3925/5/2 3926/5/2 3927/5/2 3928/5/2
f 3929/5/3 3930/5/3 3931/5/3 3932/5/3
f 3933/5/4 3934/5/4 3935/5/4 3936/5/4
f 3937/5/5 3938/5/5 3939/5/5 3940/5/5
f 3941/5/6 3942/5/6 3943/5/6 3944/5/6
f 3945/8/1 3946/8/1 3947/8/1 3948/8/1
f 3949/8/3 3950/8/3 3951/8/3 3952/8/3
f 3953/8/4 3954/8/4 3955/8/4 3956/8/4
f 3957/4/2 3958/4/2 3959/4/2 3960/4/2
f 3961/4/3 3962/4/3 3963/4/3 3964/4/3
f 3965/4/4 3966/4/4 3967/4/4 3968/4/4
f 3969/5/1 3970/5/1 3971/5/1 3972/5/1
f 3973/5/2 3974/5/2 3975/5/2 3976/5/2
f 3977/5/3 3978/5/3 3979/5/3 3980/5/3
f 3981/5/4 3982/5/4 3983/5/4 3984/5/4
f 3985/5/5 3986/5/5 3987/5/5 3988/5/5
f 3989/5/6 3990/5/6 3991/5/6 3992/5/6
f 3993/6/1 3994/6/1 3995/6/1 3996/6/1
f 3997/6/3 3998/6/3 3999/6/3 4000/6/3
f 4001/6/4 4002/6/4 4003/6/4 4004/6/4
f 4005/8/3 4006/8/3 4007/8/3 4008/8/3
f 4009/8/4 4010/8/4 4011/8/4 4012/8/4
f 4013/8/3 4014/8/3 4015/8/3 4016/8/3
f 4017/8/4 4018/8/4 4019/8/4 4020/8/4
f 4021/4/3 4022/4/3 4023/4/3 4024/4/3
f 4025/4/4 4026/4/4 4027/4/4 4028/4/4
f 4029/8/3 4030/8/3 4031/8/3 4032/8/3
f 4033/8/4 4034/8/4 4035/8/4 4036/8/4
f 4037/4/2 4038/4/2 4039/4/2 4040/4/2
f 4041/4/3 4042/4/3 4043/4/3 4044/4/3
f 4045/4/4 4046/4/4 4047/4/4 4048/4/4
f 4049/1/1 4050/1/1 4051/1/1 4052/1/1
f 4053/1/2 4054/1/2 4055/1/2 4056/1/2
f 4057/1/3 4058/1/3 4059/1/3 4060/1/3
f 4061/1/4 4062/1/4 4063/1/4 4064/1/4
f 4065/1/1 4066/1/1 4067/1/1 4068/1/1
f 4069/1/3 4070/1/3 4071/1/3 4072/1/3
f 4073/1/4 4074/1/4 4075/1/4 4076/1/4
f 4077/1/3 4078/1/3 4079/1/3 4080/1/3
f 4081/1/4 4082/1/4 4083/1/4 4084/1/4
f 4085/1/3 4086/1/3 4087/1/3 4088/1/3
f 4089/1/4 4090/1/4 4091/1/4 4092/1/4
f 4093/1/3 4094/1/3 4095/1/3 4096/1/3
f 4097/1/4 4098/1/4 4099/1/4 4100/1/4
f 4101/1/3 4102/1/3 4103/1/3 4104/1/3
f 4105/1/4 4106/1/4 4107/1/4 4108/1/4
f 4109/1/3 4110/1/3 4111/1/3 4112/1/3
f 4113/1/4 4114/1/4 4115/1/4 4116/1/4
f 4117/1/3 4118/1/3 4119/1/3 4120/1/3
f 4121/1/4 4122/1/4 4123/1/4 4124/1/4
f 4125/1/3 4126/1/3 4127/1/3 4128/1/3
f 4129/1/4 4130/1/4 4131/1/4 4132/1/4
f 4133/1/3 4134/1/3 4135/1/3 4136/1/3
f 4137/1/4 4138/1/4 4139/1/4 4140/1/4
f 4141/1/3 4142/1/3 4143/1/3 4144/1/3
f 4145/1/4 4146/1/4 4147/1/4 4148/1/4
f 4149/1/3 4150/1/3 4151/1/3 4152/1/3
f 4153/1/4 4154/1/4 4155/1/4 4156/1/4
f 4157/1/2 4158/1/2 4159/1/2 4160/1/2
f 4161/1/3 4162/1/3 4163/1/3 4164/1/3
f 4165/1/4 4166/1/4 4167/1/4 4168/1/4
f 4169/1/6 4170/1/6 4171/1/6 4172/1/6
f 4173/3/1 4174/3/1 4175/3/1 4176/3/1
f 4177/3/3 4178/3/3 4179/3/3 4180/3/3
f 4181/3/4 4182/3/4 4183/3/4 4184/3/4
f 4185/3/5 4186/3/5 4187/3/5 4188/3/5
f 4189/3/6 4190/3/6 4191/3/6 4192/3/6
f 4193/8/3 4194/8/3 4195/8/3 4196/8/3
f 4197/8/4 4198/8/4 4199/8/4 4200/8/4
f 4201/8/6 4202/8/6 4203/8/6 4204/8/6
f 4205/9/3 4206/9/3 4207/9/3 4208/9/3
f 4209/9/4 4210/9/4 4211/9/4 4212/9/4
f 4213/8/2 4214/8/2 4215/8/2 4216/8/2
f 4217/8/3 4218/8/3 4219/8/3 4220/8/3
f 4221/8/4 4222/8/4 4223/8/4 4224/8/4
f 4225/1/1 4226/1/1 4227/1/1 4228/1/1
f 4229/1/2 4230/1/2 4231/1/2 4232/1/2
f 4233/1/3 4234/1/3 4235/1/3 4236/1/3
f 4237/1/4 4238/1/4 4239/1/4 4240/1/4
f 4241/1/6 4242/1/6 4243/1/6 4244/1/6
f 4245/6/1 4246/6/1 4247/6/1 4248/6/1
f 4249/6/3 4250/6/3 4251/6/3 4252/6/3
f 4253/6/4 4254/6/4 4255/6/4 4256/6/4
f 4257/9/3 4258/9/3 4259/9/3 4260/9/3
f 4261/9/4 4262/9/4 4263/9/4 4264/9/4
f 4265/8/3 4266/8/3 4267/8/3 4268/8/3
f 4269/8/4 4270/8/4 4271/8/4 4272/8/4
f 4273/8/3 4274/8/3 4275/8/3 4276/8/3
f 4277/8/4 4278/8/4 4279/8/4 4280/8/4
f 4281/9/3 4282/9/3 4283/9/3 4284/9/3
f 4285/9/4 4286/9/4 4287/9/4 4288/9/4
f 4289/8/2 4290/8/2 4291/8/2 4292/8/2
f 4293/8/3 4294/8/3 4295/8/3 4296/8/3
f 4297/8/4 4298/8/4 4299/8/4 4300/8/4
f 4301/1/1 4302/1/1 4303/1/1 4304/1/1
f 4305/1/2 4306/1/2 4307/1/2 4308/1/2
f 4309/1/3 4310/1/3 4311/1/3 4312/1/3
f 4313/1/4 4314/1/4 4315/1/4 4316/1/4
f 4317/1/1 4318/1/1 4319/1/1 4320/1/1
f 4321/1/3 4322/1/3 4323/1/3 4324/1/3
f 4325/1/4 4326/1/4 4327/1/4 4328/1/4
f 4329/1/3 4330/1/3 4331/1/3 4332/1/3
f 4333/1/4 4334/1/4 4335/1/4 4336/1/4
f 4337/1/3 4338/1/3 4339/1/3 4340/1/3
f 4341/1/4 4342/1/4 4343/1/4 4344/1/4
f 4345/1/3 4346/1/3 4347/1/3 4348/1/3
f 4349/1/4 4350/1/4 4351/1/4 4352/1/4
f 4353/1/3 4354/1/3 4355/1/3 4356/1/3
f 4357/1/4 4358/1/4 4359/1/4 4360/1/4
f 4361/1/3 4362/1/3 4363/1/3 4364/1/3
f 4365/1/4 4366/1/4 4367/1/4 4368/1/4
f 4369/1/3 4370/1/3 4371/1/3 4372/1/3
f 4373/1/4 4374/1/4 4375/1/4 4376/1/4
f 4377/1/3 4378/1/3 4379/1/3 4380/1/3
f 4381/1/4 4382/1/4 4383/1/4 4384/1/4
f 4385/1/3 4386/1/3 4387/1/3 4388/1/3
f 4389/1/4 4390/1/4 4391/1/4 4392/1/4
f 4393/1/3 4394/1/3 4395/1/3 4396/1/3
f 4397/1/4 4398/1/4 4399/1/4 4400/1/4
f 4401/1/3 4402/1/3 4403/1/3 4404/1/3
f 4405/1/4 4406/1/4 4407/1/4 4408/1/4
f 4409/1/3 4410/1/3 4411/1/3 4412/1/3
f 4413/1/4 4414/1/4 4415/1/4 4416/1/4
f 4417/1/2 4418/1/2 4419/1/2 4420/1/2
f 4421/1/3 4422/1/3 4423/1/3 4424/1/3
f 4425/1/4 4426/1/4 4427/1/4 4428/1/4
f 4429/1/6 4430/1/6 4431/1/6 4432/1/6
f 4433/8/1 4434/8/1 4435/8/1 4436/8/1
f 4437/8/3 4438/8/3 4439/8/3 4440/8/3
f 4441/8/4 4442/8/4 4443/8/4 4444/8/4
f 4445/8/5 4446/8/5 4447/8/5 4448/8/5
f 4449/9/3 4450/9/3 4451/9/3 4452/9/3
f 4453/9/4 4454/9/4 4455/9/4 4456/9/4
f 4457/8/2 4458/8/2 4459/8/2 4460/8/2
f 4461/8/3 4462/8/3 4463/8/3 4464/8/3
f 4465/8/4 4466/8/4 4467/8/4 4468/8/4
f 4469/1/1 4470/1/1 4471/1/1 4472/1/1
f 4473/1/2 4474/1/2 4475/1/2 4476/1/2
f 4477/1/3 4478/1/3 4479/1/3 4480/1/3
f 4481/1/4 4482/1/4 4483/1/4 4484/1/4
f 4485/1/5 4486/1/5 4487/1/5 4488/1/5
f 4489/2/1 4490/2/1 4491/2/1 4492/2/1
f 4493/2/3 4494/2/3 4495/2/3 4496/2/3
f 4497/2/4 4498/2/4 4499/2/4 4500/2/4
f 4501/9/3 4502/9/3 4503/9/3 4504/9/3
f 4505/9/4 4506/9/4 4507/9/4 4508/9/4
f 4509/4/3 4510/4/3 4511/4/3 4512/4/3
f 4513/4/4 4514/4/4 4515/4/4 4516/4/4
f 4517/8/3 4518/8/3 4519/8/3 4520/8/3
f 4521/8/4 4522/8/4 4523/8/4 4524/8/4
f 4525/9/3 4526/9/3 4527/9/3 4528/9/3
f 4529/9/4 4530/9/4 4531/9/4 4532/9/4
f 4533/8/2 4534/8/2 4535/8/2 4536/8/2
f 4537/8/3 4538/8/3 4539/8/3 4540/8/3
f 4541/8/4 4542/8/4 4543/8/4 4544/8/4
f 4545/1/1 4546/1/1 4547/1/1 4548/1/1
f 4549/1/2 4550/1/2 4551/1/2 4552/1/2
f 4553/1/3 4554/1/3 4555/1/3 4556/1/3
f 4557/1/4 4558/1/4 4559/1/4 4560/1/4
f 4561/1/1 4562/1/1 4563/1/1 4564/1/1
f 4565/1/3 4566/1/3 4567/1/3 4568/1/3
f 4569/1/4 4570/1/4 4571/1/4 4572/1/4
f 4573/1/3 4574/1/3 4575/1/3 4576/1/3
f 4577/1/4 4578/1/4 4579/1/4 4580/1/4
f 4581/1/3 4582/1/3 4583/1/3 4584/1/3
f 4585/1/4 4586/1/4 4587/1/4 4588/1/4
f 4589/1/3 4590/1/3 4591/1/3 4592/1/3
f 4593/1/4 4594/1/4 4595/1/4 4596/1/4
f 4597/1/3 4598/1/3 4599/1/3 4600/1/3
f 4601/1/4 4602/1/4 4603/1/4 4604/1/4
f 4605/1/3 4606/1/3 4607/1/3 4608/1/3
f 4609/1/4 4610/1/4 4611/1/4 4612/1/4
f 4613/1/3 4614/1/3 4615/1/3 4616/1/3
f 4617/1/4 4618/1/4 4619/1/4 4620/1/4
f 4621/1/3 4622/1/3 4623/1/3 4624/1/3
f 4625/1/4 4626/1/4 4627/1/4 4628/1/4
f 4629/1/3 4630/1/3 4631/1/3 4632/1/3
f 4633/1/4 4634/1/4 4635/1/4 4636/1/4
f 4637/1/3 4638/1/3 4639/1/3 4640/1/3
f 4641/1/4 4642/1/4 4643/1/4 4644/1/4
f 4645/1/3 4646/1/3 4647/1/3 4648/1/3
f 4649/1/4 4650/1/4 4651/1/4 4652/1/4
f 4653/1/3 4654/1/3 4655/1/3 4656/1/3
f 4657/1/4 4658/1/4 4659/1/4 4660/1/4
f 4661/1/5 4662/1/5 4663/1/5 4664/1/5
f 4665/1/3 4666/1/3 4667/1/3 4668/1/3
f 4669/1/4 4670/1/4 4671/1/4 4672/1/4
f 4673/1/2 4674/1/2 4675/1/2 4676/1/2
f 4677/1/3 4678/1/3 4679/1/3 4680/1/3
f 4681/1/4 4682/1/4 4683/1/4 4684/1/4
f 4685/1/5 4686/1/5 4687/1/5 4688/1/5
f 4689/1/6 4690/1/6 4691/1/6 4692/1/6
f 4693/8/1 4694/8/1 4695/8/1 4696/8/1
f 4697/8/3 4698/8/3 4699/8/3 4700/8/3
f 4701/8/4 4702/8/4 4703/8/4 4704/8/4
f 4705/9/2 4706/9/2 4707/9/2 4708/9/2
f 4709/9/3 4710/9/3 4711/9/3 4712/9/3
f 4713/9/4 4714/9/4 4715/9/4 4716/9/4
f 4717/5/1 4718/5/1 4719/5/1 4720/5/1
f 4721/5/2 4722/5/2 4723/5/2 4724/5/2
f 4725/5/3 4726/5/3 4727/5/3 4728/5/3
f 4729/5/4 4730/5/4 4731/5/4 4732/5/4
f 4733/5/5 4734/5/5 4735/5/5 4736/5/5
f 4737/5/6 4738/5/6 4739/5/6 4740/5/6
f 4741/6/1 4742/6/1 4743/6/1 4744/6/1
f 4745/6/3 4746/6/3 4747/6/3 4748/6/3
f 4749/6/4 4750/6/4 4751/6/4 4752/6/4
f 4753/9/3 4754/9/3 4755/9/3 4756/9/3
f 4757/9/4 4758/9/4 4759/9/4 4760/9/4
f 4761/4/3 4762/4/3 4763/4/3 4764/4/3
f 4765/4/4 4766/4/4 4767/4/4 4768/4/4
f 4769/9/3 4770/9/3 4771/9/3 4772/9/3
f 4773/9/4 4774/9/4 4775/9/4 4776/9/4
f 4777/8/3 4778/8/3 4779/8/3 4780/8/3
f 4781/8/4 4782/8/4 4783/8/4 4784/8/4
f 4785/9/2 4786/9/2 4787/9/2 4788/9/2
f 4789/9/3 4790/9/3 4791/9/3 4792/9/3
f 4793/9/4 4794/9/4 4795/9/4 4796/9/4
f 4797/1/1 4798/1/1 4799/1/1 4800/1/1
f 4801/1/2 4802/1/2 4803/1/2 4804/1/2
f 4805/1/3 4806/1/3 4807/1/3 4808/1/3
f 4809/1/4 4810/1/4 4811/1/4 4812/1/4
f 4813/1/1 4814/1/1 4815/1/1 4816/1/1
f 4817/1/3 4818/1/3 4819/1/3 4820/1/3
f 4821/1/4 4822/1/4 4823/1/4 4824/1/4
f 4825/1/3 4826/1/3 4827/1/3 4828/1/3
f 4829/1/4 4830/1/4 4831/1/4 4832/1/4
f 4833/1/3 4834/1/3 4835/1/3 4836/1/3
f 4837/1/4 4838/1/4 4839/1/4 4840/1/4
f 4841/1/3 4842/1/3 4843/1/3 4844/1/3
f 4845/1/4 4846/1/4 4847/1/4 4848/1/4
f 4849/1/3 4850/1/3 4851/1/3 4852/1/3
f 4853/1/4 4854/1/4 4855/1/4 4856/1/4
f 4857/1/5 4858/1/5 4859/1/5 4860/1/5
f 4861/1/3 4862/1/3 4863/1/3 4864/1/3
f 4865/1/4 4866/1/4 4867/1/4 4868/1/4
f 4869/1/3 4870/1/3 4871/1/3 4872/1/3
f 4873/1/4 4874/1/4 4875/1/4 4876/1/4
f 4877/1/3 4878/1/3 4879/1/3 4880/1/3
f 4881/1/4 4882/1/4 4883/1/4 4884/1/4
f 4885/1/3 4886/1/3 4887/1/3 4888/1/3
f 4889/1/4 4890/1/4 4891/1/4 4892/1/4
f 4893/1/3 4894/1/3 4895/1/3 4896/1/3
f 4897/1/4 4898/1/4 4899/1/4 4900/1/4
f 4901/1/2 4902/1/2 4903/1/2 4904/1/2
f 4905/1/3 4906/1/3 4907/1/3 4908/1/3
f 4909/1/4 4910/1/4 4911/1/4 4912/1/4
f 4913/3/1 4914/3/1 4915/3/1 4916/3/1
f 4917/3/2 4918/3/2 4919/3/2 4920/3/2
f 4921/3/3 4922/3/3 4923/3/3 4924/3/3
f 4925/3/4 4926/3/4 4927/3/4 4928/3/4
f 4929/3/5 4930/3/5 4931/3/5 4932/3/5
f 4933/3/6 4934/3/6 4935/3/6 4936/3/6
f 4937/1/1 4938/1/1 4939/1/1 4940/1/1
f 4941/1/2 4942/1/2 4943/1/2 4944/1/2
f 4945/1/3 4946/1/3 4947/1/3 4948/1/3
f 4949/1/4 4950/1/4 4951/1/4 4952/1/4
f 4953/2/1 4954/2/1 4955/2/1 4956/2/1
f 4957/2/3 4958/2/3 4959/2/3 4960/2/3
f 4961/2/4 4962/2/4 4963/2/4 4964/2/4
f 4965/2/6 4966/2/6 4967/2/6 4968/2/6
f 4969/4/3 4970/4/3 4971/4/3 4972/4/3
f 4973/4/4 4974/4/4 4975/4/4 4976/4/4
f 4977/8/2 4978/8/2 4979/8/2 4980/8/2
f 4981/8/3 4982/8/3 4983/8/3 4984/8/3
f 4985/8/4 4986/8/4 4987/8/4 4988/8/4
f 4989/1/1 4990/1/1 4991/1/1 4992/1/1
f 4993/1/2 4994/1/2 4995/1/2 4996/1/2
f 4997/1/3 4998/1/3 4999/1/3 5000/1/3
f 5001/1/4 5002/1/4 5003/1/4 5004/1/4
f 5005/1/6 5006/1/6 5007/1/6 5008/1/6
f 5009/6/1 5010/6/1 5011/6/1 5012/6/1
f 5013/6/3 5014/6/3 5015/6/3 5016/6/3
f 5017/6/4 5018/6/4 5019/6/4 5020/6/4
f 5021/8/3 5022/8/3 5023/8/3 5024/8/3
f 5025/8/4 5026/8/4 5027/8/4 5028/8/4
f 5029/4/3 5030/4/3 5031/4/3 5032/4/3
f 5033/4/4 5034/4/4 5035/4/4 5036/4/4
f 5037/2/3 5038/2/3 5039/2/3 5040/2/3
f 5041/2/4 5042/2/4 5043/2/4 5044/2/4
f 5045/4/3 5046/4/3 5047/4/3 5048/4/3
f 5049/4/4 5050/4/4 5051/4/4 5052/4/4
f 5053/8/2 5054/8/2 5055/8/2 5056/8/2
f 5057/8/3 5058/8/3 5059/8/3 5060/8/3
f 5061/8/4 5062/8/4 5063/8/4 5064/8/4
f 5065/1/1 5066/1/1 5067/1/1 5068/1/1
f 5069/1/2 5070/1/2 5071/1/2 5072/1/2
f 5073/1/3 5074/1/3 5075/1/3 5076/1/3
f 5077/1/4 5078/1/4 5079/1/4 5080/1/4
f 5081/1/1 5082/1/1 5083/1/1 5084/1/1
f 5085/1/3 5086/1/3 5087/1/3 5088/1/3
f 5089/1/4 5090/1/4 5091/1/4 5092/1/4
f 5093/1/3 5094/1/3 5095/1/3 5096/1/3
f 5097/1/4 5098/1/4 5099/1/4 5100/1/4
f 5101/1/3 5102/1/3 5103/1/3 5104/1/3
f 5105/1/4 5106/1/4 5107/1/4 5108/1/4
f 5109/1/5 5110/1/5 5111/1/5 5112/1/5
f 5113/1/2 5114/1/2 5115/1/2 5116/1/2
f 5117/1/3 5118/1/3 5119/1/3 5120/1/3
f 5121/1/4 5122/1/4 5123/1/4 5124/1/4
f 5125/5/1 5126/5/1 5127/5/1 5128/5/1
f 5129/5/2 5130/5/2 5131/5/2 5132/5/2
f 5133/5/3 5134/5/3 5135/5/3 5136/5/3
f 5137/5/4 5138/5/4 5139/5/4 5140/5/4
f 5141/5/5 5142/5/5 5143/5/5 5144/5/5
f 5145/5/6 5146/5/6 5147/5/6 5148/5/6
f 5149/1/1 5150/1/1 5151/1/1 5152/1/1
f 5153/1/3 5154/1/3 5155/1/3 5156/1/3
f 5157/1/4 5158/1/4 5159/1/4 5160/1/4
f 5161/1/3 5162/1/3 5163/1/3 5164/1/3
f 5165/1/4 5166/1/4 5167/1/4 5168/1/4
f 5169/1/3 5170/1/3 5171/1/3 5172/1/3
f 5173/1/4 5174/1/4 5175/1/4 5176/1/4
f 5177/1/3 5178/1/3 5179/1/3 5180/1/3
f 5181/1/4 5182/1/4 5183/1/4 5184/1/4
f 5185/1/3 5186/1/3 5187/1/3 5188/1/3
f 5189/1/4 5190/1/4 5191/1/4 5192/1/4
f 5193/1/3 5194/1/3 5195/1/3 5196/1/3
f 5197/1/4 5198/1/4 5199/1/4 5200/1/4
f 5201/1/3 5202/1/3 5203/1/3 5204/1/3
f 5205/1/4 5206/1/4 5207/1/4 5208/1/4
f 5209/1/6 5210/1/6 5211/1/6 5212/1/6
f 5213/1/2 5214/1/2 5215/1/2 5216/1/2
f 5217/1/3 5218/1/3 5219/1/3 5220/1/3
f 5221/1/4 5222/1/4 5223/1/4 5224/1/4
f 5225/2/1 5226/2/1 5227/2/1 5228/2/1
f 5229/2/3 5230/2/3 5231/2/3 5232/2/3
f 5233/2/4 5234/2/4 5235/2/4 5236/2/4
f 5237/2/5 5238/2/5 5239/2/5 5240/2/5
f 5241/4/3 5242/4/3 5243/4/3 5244/4/3
f 5245/4/4 5246/4/4 5247/4/4 5248/4/4
f 5249/8/2 5250/8/2 5251/8/2 5252/8/2
f 5253/8/3 5254/8/3 5255/8/3 5256/8/3
f 5257/8/4 5258/8/4 5259/8/4 5260/8/4
f 5261/1/1 5262/1/1 5263/1/1 5264/1/1
f 5265/1/2 5266/1/2 5267/1/2 5268/1/2
f 5269/1/3 5270/1/3 5271/1/3 5272/1/3
f 5273/1/4 5274/1/4 5275/1/4 5276/1/4
f 5277/6/1 5278/6/1 5279/6/1 5280/6/1
f 5281/6/3 5282/6/3 5283/6/3 5284/6/3
f 5285/6/4 5286/6/4 5287/6/4 5288/6/4
f 5289/8/3 5290/8/3 5291/8/3 5292/8/3
f 5293/8/4 5294/8/4 5295/8/4 5296/8/4
f 5297/8/3 5298/8/3 5299/8/3 5300/8/3
f 5301/8/4 5302/8/4 5303/8/4 5304/8/4
f 5305/2/3 5306/2/3 5307/2/3 5308/2/3
f 5309/2/4 5310/2/4 5311/2/4 5312/2/4
f 5313/4/3 5314/4/3 5315/4/3 5316/4/3
f 5317/4/4 5318/4/4 5319/4/4 5320/4/4
f 5321/8/2 5322/8/2 5323/8/2 5324/8/2
f 5325/8/3 5326/8/3 5327/8/3 5328/8/3
f 5329/8/4 5330/8/4 5331/8/4 5332/8/4
f 5333/1/1 5334/1/1 5335/1/1 5336/1/1
f 5337/1/2 5338/1/2 5339/1/2 5340/1/2
f 5341/1/3 5342/1/3 5343/1/3 5344/1/3
f 5345/1/4 5346/1/4 5347/1/4 5348/1/4
f 5349/1/1 5350/1/1 5351/1/1 5352/1/1
f 5353/1/3 5354/1/3 5355/1/3 5356/1/3
f 5357/1/4 5358/1/4 5359/1/4 5360/1/4
f 5361/1/5 5362/1/5 5363/1/5 5364/1/5
f 5365/1/2 5366/1/2 5367/1/2 5368/1/2
f 5369/1/3 5370/1/3 5371/1/3 5372/1/3
f 5373/1/4 5374/1/4 5375/1/4 5376/1/4
f 5377/1/5 5378/1/5 5379/1/5 5380/1/5
f 5381/5/1 5382/5/1 5383/5/1 5384/5/1
f 5385/5/2 5386/5/2 5387/5/2 5388/5/2
f 5389/5/3 5390/5/3 5391/5/3 5392/5/3
f 5393/5/4 5394/5/4 5395/5/4 5396/5/4
f 5397/5/6 5398/5/6 5399/5/6 5400/5/6
f 5401/1/1 5402/1/1 5403/1/1 5404/1/1
f 5405/1/3 5406/1/3 5407/1/3 5408/1/3
f 5409/1/4 5410/1/4 5411/1/4 5412/1/4
f 5413/1/5 5414/1/5 5415/1/5 5416/1/5
f 5417/1/3 5418/1/3 5419/1/3 5420/1/3
f 5421/1/4 5422/1/4 5423/1/4 5424/1/4
f 5425/1/6 5426/1/6 5427/1/6 5428/1/6
f 5429/1/3 5430/1/3 5431/1/3 5432/1/3
f 5433/1/4 5434/1/4 5435/1/4 5436/1/4
f 5437/1/3 5438/1/3 5439/1/3 5440/1/3
f 5441/1/4 5442/1/4 5443/1/4 5444/1/4
f 5445/1/3 5446/1/3 5447/1/3 5448/1/3
f 5449/1/4 5450/1/4 5451/1/4 5452/1/4
f 5453/1/3 5454/1/3 5455/1/3 5456/1/3
f 5457/1/4 5458/1/4 5459/1/4 5460/1/4
f 5461/1/3 5462/1/3 5463/1/3 5464/1/3
f 5465/1/4 5466/1/4 5467/1/4 5468/1/4
f 5469/1/3 5470/1/3 5471/1/3 5472/1/3
f 5473/1/4 5474/1/4 5475/1/4 5476/1/4
f 5477/1/5 5478/1/5 5479/1/5 5480/1/5
f 5481/1/3 5482/1/3 5483/1/3 5484/1/3
f 5485/1/4 5486/1/4 5487/1/4 5488/1/4
f 5489/1/5 5490/1/5 5491/1/5 5492/1/5
f 5493/1/3 5494/1/3 5495/1/3 5496/1/3
f 5497/1/4 5498/1/4 5499/1/4 5500/1/4
f 5501/1/5 5502/1/5 5503/1/5 5504/1/5
f 5505/1/2 5506/1/2 5507/1/2 5508/1/2
f 5509/1/3 5510/1/3 5511/1/3 5512/1/3
f 5513/1/4 5514/1/4 5515/1/4 5516/1/4
f 5517/1/5 5518/1/5 5519/1/5 5520/1/5
f 5521/1/6 5522/1/6 5523/1/6 5524/1/6
f 5525/4/1 5526/4/1 5527/4/1 5528/4/1
f 5529/4/3 5530/4/3 5531/4/3 5532/4/3
f 5533/4/4 5534/4/4 5535/4/4 5536/4/4
f 5537/8/2 5538/8/2 5539/8/2 5540/8/2
f 5541/8/3 5542/8/3 5543/8/3 5544/8/3
f 5545/8/4 5546/8/4 5547/8/4 5548/8/4
f 5549/1/1 5550/1/1 5551/1/1 5552/1/1
f 5553/1/2 5554/1/2 5555/1/2 5556/1/2
f 5557/1/3 5558/1/3 5559/1/3 5560/1/3
f 5561/1/4 5562/1/4 5563/1/4 5564/1/4
f 5565/1/5 5566/1/5 5567/1/5 5568/1/5
f 5569/6/1 5570/6/1 5571/6/1 5572/6/1
f 5573/6/3 5574/6/3 5575/6/3 5576/6/3
f 5577/6/4 5578/6/4 5579/6/4 5580/6/4
f 5581/8/3 5582/8/3 5583/8/3 5584/8/3
f 5585/8/4 5586/8/4 5587/8/4 5588/8/4
f 5589/9/3 5590/9/3 5591/9/3 5592/9/3
f 5593/9/4 5594/9/4 5595/9/4 5596/9/4
f 5597/2/3 5598/2/3 5599/2/3 5600/2/3
f 5601/2/4 5602/2/4 5603/2/4 5604/2/4
f 5605/4/3 5606/4/3 5607/4/3 5608/4/3
f 5609/4/4 5610/4/4 5611/4/4 5612/4/4
f 5613/8/2 5614/8/2 5615/8/2 5616/8/2
f 5617/8/3 5618/8/3 5619/8/3 5620/8/3
f 5621/8/4 5622/8/4 5623/8/4 5624/8/4
f 5625/1/1 5626/1/1 5627/1/1 5628/1/1
f 5629/1/2 5630/1/2 5631/1/2 5632/1/2
f 5633/1/3 5634/1/3 5635/1/3 5636/1/3
f 5637/1/4 5638/1/4 5639/1/4 5640/1/4
f 5641/5/1 5642/5/1 5643/5/1 5644/5/1
f 5645/5/3 5646/5/3 5647/5/3 5648/5/3
f 5649/5/4 5650/5/4 5651/5/4 5652/5/4
f 5653/5/5 5654/5/5 5655/5/5 5656/5/5
f 5657/5/6 5658/5/6 5659/5/6 5660/5/6
f 5661/5/3 5662/5/3 5663/5/3 5664/5/3
f 5665/5/4 5666/5/4 5667/5/4 5668/5/4
f 5669/5/5 5670/5/5 5671/5/5 5672/5/5
f 5673/5/6 5674/5/6 5675/5/6 5676/5/6
f 5677/5/3 5678/5/3 5679/5/3 5680/5/3
f 5681/5/4 5682/5/4 5683/5/4 5684/5/4
f 5685/5/5 5686/5/5 5687/5/5 5688/5/5
f 5689/5/2 5690/5/2 5691/5/2 5692/5/2
f 5693/5/3 5694/5/3 5695/5/3 5696/5/3
f 5697/5/4 5698/5/4 5699/5/4 5700/5/4
f 5701/5/6 5702/5/6 5703/5/6 5704/5/6
f 5705/1/1 5706/1/1 5707/1/1 5708/1/1
f 5709/1/3 5710/1/3 5711/1/3 5712/1/3
f 5713/1/4 5714/1/4 5715/1/4 5716/1/4
f 5717/1/3 5718/1/3 5719/1/3 5720/1/3
f 5721/1/4 5722/1/4 5723/1/4 5724/1/4
f 5725/1/3 5726/1/3 5727/1/3 5728/1/3
f 5729/1/4 5730/1/4 5731/1/4 5732/1/4
f 5733/1/3 5734/1/3 5735/1/3 5736/1/3
f 5737/1/4 5738/1/4 5739/1/4 5740/1/4
f 5741/1/3 5742/1/3 5743/1/3 5744/1/3
f 5745/1/4 5746/1/4 5747/1/4 5748/1/4
f 5749/1/2 5750/1/2 5751/1/2 5752/1/2
f 5753/1/3 5754/1/3 5755/1/3 5756/1/3
f 5757/1/4 5758/1/4 5759/1/4 5760/1/4
f 5761/5/1 5762/5/1 5763/5/1 5764/5/1
f 5765/5/2 5766/5/2 5767/5/2 5768/5/2
f 5769/5/3 5770/5/3 5771/5/3 5772/5/3
f 5773/5/4 5774/5/4 5775/5/4 5776/5/4
f 5777/5/5 5778/5/5 5779/5/5 5780/5/5
f 5781/5/6 5782/5/6 5783/5/6 5784/5/6
f 5785/3/1 5786/3/1 5787/3/1 5788/3/1
f 5789/3/2 5790/3/2 5791/3/2 5792/3/2
f 5793/3/3 5794/3/3 5795/3/3 5796/3/3
f 5797/3/4 5798/3/4 5799/3/4 5800/3/4
f 5801/3/6 5802/3/6 5803/3/6 5804/3/6
f 5805/5/1 5806/5/1 5807/5/1 5808/5/1
f 5809/5/2 5810/5/2 5811/5/2 5812/5/2
f 5813/5/3 5814/5/3 5815/5/3 5816/5/3
f 5817/5/4 5818/5/4 5819/5/4 5820/5/4
f 5821/5/5 5822/5/5 5823/5/5 5824/5/5
f 5825/5/6 5826/5/6 5827/5/6 5828/5/6
f 5829/9/1 5830/9/1 5831/9/1 5832/9/1
f 5833/9/3 5834/9/3 5835/9/3 5836/9/3
f 5837/9/4 5838/9/4 5839/9/4 5840/9/4
f 5841/9/6 5842/9/6 5843/9/6 5844/9/6
f 5845/8/3 5846/8/3 5847/8/3 5848/8/3
f 5849/8/4 5850/8/4 5851/8/4 5852/8/4
f 5853/8/2 5854/8/2 5855/8/2 5856/8/2
f 5857/8/3 5858/8/3 5859/8/3 5860/8/3
f 5861/8/4 5862/8/4 5863/8/4 5864/8/4
f 5865/5/1 5866/5/1 5867/5/1 5868/5/1
f 5869/5/2 5870/5/2 5871/5/2 5872/5/2
f 5873/5/3 5874/5/3 5875/5/3 5876/5/3
f 5877/5/4 5878/5/4 5879/5/4 5880/5/4
f 5881/5/5 5882/5/5 5883/5/5 5884/5/5
f 5885/5/6 5886/5/6 5887/5/6 5888/5/6
f 5889/2/1 5890/2/1 5891/2/1 5892/2/1
f 5893/2/3 5894/2/3 5895/2/3 5896/2/3
f 5897/2/4 5898/2/4 5899/2/4 5900/2/4
f 5901/9/3 5902/9/3 5903/9/3 5904/9/3
f 5905/9/4 5906/9/4 5907/9/4 5908/9/4
f 5909/8/3 5910/8/3 5911/8/3 5912/8/3
f 5913/8/4 5914/8/4 5915/8/4 5916/8/4
f 5917/9/3 5918/9/3 5919/9/3 5920/9/3
f 5921/9/4 5922/9/4 5923/9/4 5924/9/4
f 5925/8/3 5926/8/3 5927/8/3 5928/8/3
f 5929/8/4 5930/8/4 5931/8/4 5932/8/4
f 5933/8/2 5934/8/2 5935/8/2 5936/8/2
f 5937/8/3 5938/8/3 5939/8/3 5940/8/3
f 5941/8/4 5942/8/4 5943/8/4 5944/8/4
f 5945/1/1 5946/1/1 5947/1/1 5948/1/1
f 5949/1/2 5950/1/2 5951/1/2 5952/1/2
f 5953/1/3 5954/1/3 5955/1/3 5956/1/3
f 5957/1/4 5958/1/4 5959/1/4 5960/1/4
f 5961/1/1 5962/1/1 5963/1/1 5964/1/1
f 5965/1/3 5966/1/3 5967/1/3 5968/1/3
f 5969/1/4 5970/1/4 5971/1/4 5972/1/4
f 5973/1/6 5974/1/6 5975/1/6 5976/1/6
f 5977/1/3 5978/1/3 5979/1/3 5980/1/3
f 5981/1/4 5982/1/4 5983/1/4 5984/1/4
f 5985/1/6 5986/1/6 5987/1/6 5988/1/6
f 5989/1/2 5990/1/2 5991/1/2 5992/1/2
f 5993/1/3 5994/1/3 5995/1/3 5996/1/3
f 5997/1/4 5998/1/4 5999/1/4 6000/1/4
f 6001/1/5 6002/1/5 6003/1/5 6004/1/5
f 6005/1/6 6006/1/6 6007/1/6 6008/1/6
f 6009/5/1 6010/5/1 6011/5/1 6012/5/1
f 6013/5/2 6014/5/2 6015/5/2 6016/5/2
f 6017/5/3 6018/5/3 6019/5/3 6020/5/3
f 6021/5/4 6022/5/4 6023/5/4 6024/5/4
f 6025/5/5 6026/5/5 6027/5/5 6028/5/5
f 6029/1/1 6030/1/1 6031/1/1 6032/1/1
f 6033/1/3 6034/1/3 6035/1/3 6036/1/3
f 6037/1/4 6038/1/4 6039/1/4 6040/1/4
f 6041/1/3 6042/1/3 6043/1/3 6044/1/3
f 6045/1/4 6046/1/4 6047/1/4 6048/1/4
f 6049/1/3 6050/1/3 6051/1/3 6052/1/3
f 6053/1/4 6054/1/4 6055/1/4 6056/1/4
f 6057/1/3 6058/1/3 6059/1/3 6060/1/3
f 6061/1/4 6062/1/4 6063/1/4 6064/1/4
f 6065/1/3 6066/1/3 6067/1/3 6068/1/3
f 6069/1/4 6070/1/4 6071/1/4 6072/1/4
f 6073/1/3 6074/1/3 6075/1/3 6076/1/3
f 6077/1/4 6078/1/4 6079/1/4 6080/1/4
f 6081/1/2 6082/1/2 6083/1/2 6084/1/2
f 6085/1/3 6086/1/3 6087/1/3 6088/1/3
f 6089/1/4 6090/1/4 6091/1/4 6092/1/4
f 6093/1/6 6094/1/6 6095/1/6 6096/1/6
f 6097/3/1 6098/3/1 6099/3/1 6100/3/1
f 6101/3/2 6102/3/2 6103/3/2 6104/3/2
f 6105/3/3 6106/3/3 6107/3/3 6108/3/3
f 6109/3/4 6110/3/4 6111/3/4 6112/3/4
f 6113/3/5 6114/3/5 6115/3/5 6116/3/5
f 6117/1/1 6118/1/1 6119/1/1 6120/1/1
f 6121/1/2 6122/1/2 6123/1/2 6124/1/2
f 6125/1/3 6126/1/3 6127/1/3 6128/1/3
f 6129/1/4 6130/1/4 6131/1/4 6132/1/4
f 6133/1/6 6134/1/6 6135/1/6 6136/1/6
f 6137/8/1 6138/8/1 6139/8/1 6140/8/1
f 6141/8/3 6142/8/3 6143/8/3 6144/8/3
f 6145/8/4 6146/8/4 6147/8/4 6148/8/4
f 6149/4/3 6150/4/3 6151/4/3 6152/4/3
f 6153/4/4 6154/4/4 6155/4/4 6156/4/4
f 6157/9/2 6158/9/2 6159/9/2 6160/9/2
f 6161/9/3 6162/9/3 6163/9/3 6164/9/3
f 6165/9/4 6166/9/4 6167/9/4 6168/9/4
f 6169/1/1 6170/1/1 6171/1/1 6172/1/1
f 6173/1/2 6174/1/2 6175/1/2 6176/1/2
f 6177/1/3 6178/1/3 6179/1/3 6180/1/3
f 6181/1/4 6182/1/4 6183/1/4 6184/1/4
f 6185/1/6 6186/1/6 6187/1/6 6188/1/6
f 6189/6/1 6190/6/1 6191/6/1 6192/6/1
f 6193/6/3 6194/6/3 6195/6/3 6196/6/3
f 6197/6/4 6198/6/4 6199/6/4 6200/6/4
f 6201/2/3 6202/2/3 6203/2/3 6204/2/3
f 6205/2/4 6206/2/4 6207/2/4 6208/2/4
f 6209/4/3 6210/4/3 6211/4/3 6212/4/3
f 6213/4/4 6214/4/4 6215/4/4 6216/4/4
f 6217/8/3 6218/8/3 6219/8/3 6220/8/3
f 6221/8/4 6222/8/4 6223/8/4 6224/8/4
f 6225/4/3 6226/4/3 6227/4/3 6228/4/3
f 6229/4/4 6230/4/4 6231/4/4 6232/4/4
f 6233/9/2 6234/9/2 6235/9/2 6236/9/2
f 6237/9/3 6238/9/3 6239/9/3 6240/9/3
f 6241/9/4 6242/9/4 6243/9/4 6244/9/4
f 6245/1/1 6246/1/1 6247/1/1 6248/1/1
f 6249/1/2 6250/1/2 6251/1/2 6252/1/2
f 6253/1/3 6254/1/3 6255/1/3 6256/1/3
f 6257/1/4 6258/1/4 6259/1/4 6260/1/4
f 6261/1/1 6262/1/1 6263/1/1 6264/1/1
f 6265/1/3 6266/1/3 6267/1/3 6268/1/3
f 6269/1/4 6270/1/4 6271/1/4 6272/1/4
f 6273/1/2 6274/1/2 6275/1/2 6276/1/2
f 6277/1/3 6278/1/3 6279/1/3 6280/1/3
f 6281/1/4 6282/1/4 6283/1/4 6284/1/4
f 6285/5/1 6286/5/1 6287/5/1 6288/5/1
f 6289/5/2 6290/5/2 6291/5/2 6292/5/2
f 6293/5/3 6294/5/3 6295/5/3 6296/5/3
f 6297/5/4 6298/5/4 6299/5/4 6300/5/4
f 6301/5/5 6302/5/5 6303/5/5 6304/5/5
f 6305/5/6 6306/5/6 6307/5/6 6308/5/6
f 6309/1/1 6310/1/1 6311/1/1 6312/1/1
f 6313/1/3 6314/1/3 6315/1/3 6316/1/3
f 6317/1/4 6318/1/4 6319/1/4 6320/1/4
f 6321/1/6 6322/1/6 6323/1/6 6324/1/6
f 6325/1/3 6326/1/3 6327/1/3 6328/1/3
f 6329/1/4 6330/1/4 6331/1/4 6332/1/4
f 6333/1/3 6334/1/3 6335/1/3 6336/1/3
f 6337/1/4 6338/1/4 6339/1/4 6340/1/4
f 6341/1/5 6342/1/5 6343/1/5 6344/1/5
f 6345/1/3 6346/1/3 6347/1/3 6348/1/3
f 6349/1/4 6350/1/4 6351/1/4 6352/1/4
f 6353/1/3 6354/1/3 6355/1/3 6356/1/3
f 6357/1/4 6358/1/4 6359/1/4 6360/1/4
f 6361/1/3 6362/1/3 6363/1/3 6364/1/3
f 6365/1/4 6366/1/4 6367/1/4 6368/1/4
f 6369/1/3 6370/1/3 6371/1/3 6372/1/3
f 6373/1/4 6374/1/4 6375/1/4 6376/1/4
f 6377/1/3 6378/1/3 6379/1/3 6380/1/3
f 6381/1/4 6382/1/4 6383/1/4 6384/1/4
f 6385/1/5 6386/1/5 6387/1/5 6388/1/5
f 6389/1/3 6390/1/3 6391/1/3 6392/1/3
f 6393/1/4 6394/1/4 6395/1/4 6396/1/4
f 6397/1/5 6398/1/5 6399/1/5 6400/1/5
f 6401/1/6 6402/1/6 6403/1/6 6404/1/6
f 6405/1/2 6406/1/2 6407/1/2 6408/1/2
f 6409/1/3 6410/1/3 6411/1/3 6412/1/3
f 6413/1/4 6414/1/4 6415/1/4 6416/1/4
f 6417/8/1 6418/8/1 6419/8/1 6420/8/1
f 6421/8/3 6422/8/3 6423/8/3 6424/8/3
f 6425/8/4 6426/8/4 6427/8/4 6428/8/4
f 6429/8/3 6430/8/3 6431/8/3 6432/8/3
f 6433/8/4 6434/8/4 6435/8/4 6436/8/4
f 6437/9/2 6438/9/2 6439/9/2 6440/9/2
f 6441/9/3 6442/9/3 6443/9/3 6444/9/3
f 6445/9/4 6446/9/4 6447/9/4 6448/9/4
f 6449/1/1 6450/1/1 6451/1/1 6452/1/1
f 6453/1/2 6454/1/2 6455/1/2 6456/1/2
f 6457/1/3 6458/1/3 6459/1/3 6460/1/3
f 6461/1/4 6462/1/4 6463/1/4 6464/1/4
f 6465/1/5 6466/1/5 6467/1/5 6468/1/5
f 6469/6/1 6470/6/1 6471/6/1 6472/6/1
f 6473/6/3 6474/6/3 6475/6/3 6476/6/3
f 6477/6/4 6478/6/4 6479/6/4 6480/6/4
f 6481/9/3 6482/9/3 6483/9/3 6484/9/3
f 6485/9/4 6486/9/4 6487/9/4 6488/9/4
f 6489/4/3 6490/4/3 6491/4/3 6492/4/3
f 6493/4/4 6494/4/4 6495/4/4 6496/4/4
f 6497/8/3 6498/8/3 6499/8/3 6500/8/3
f 6501/8/4 6502/8/4 6503/8/4 6504/8/4
f 6505/8/3 6506/8/3 6507/8/3 6508/8/3
f 6509/8/4 6510/8/4 6511/8/4 6512/8/4
f 6513/9/2 6514/9/2 6515/9/2 6516/9/2
f 6517/9/3 6518/9/3 6519/9/3 6520/9/3
f 6521/9/4 6522/9/4 6523/9/4 6524/9/4
f 6525/1/1 6526/1/1 6527/1/1 6528/1/1
f 6529/1/2 6530/1/2 6531/1/2 6532/1/2
f 6533/1/3 6534/1/3 6535/1/3 6536/1/3
f 6537/1/4 6538/1/4 6539/1/4 6540/1/4
f 6541/1/1 6542/1/1 6543/1/1 6544/1/1
f 6545/1/3 6546/1/3 6547/1/3 6548/1/3
f 6549/1/4 6550/1/4 6551/1/4 6552/1/4
f 6553/1/5 6554/1/5 6555/1/5 6556/1/5
f 6557/1/3 6558/1/3 6559/1/3 6560/1/3
f 6561/1/4 6562/1/4 6563/1/4 6564/1/4
f 6565/1/5 6566/1/5 6567/1/5 6568/1/5
f 6569/1/3 6570/1/3 6571/1/3 6572/1/3
f 6573/1/4 6574/1/4 6575/1/4 6576/1/4
f 6577/1/5 6578/1/5 6579/1/5 6580/1/5
f 6581/1/6 6582/1/6 6583/1/6 6584/1/6
f 6585/1/3 6586/1/3 6587/1/3 6588/1/3
f 6589/1/4 6590/1/4 6591/1/4 6592/1/4
f 6593/1/5 6594/1/5 6595/1/5 6596/1/5
f 6597/1/2 6598/1/2 6599/1/2 6600/1/2
f 6601/1/3 6602/1/3 6603/1/3 6604/1/3
f 6605/1/4 6606/1/4 6607/1/4 6608/1/4
f 6609/1/5 6610/1/5 6611/1/5 6612/1/5
f 6613/5/1 6614/5/1 6615/5/1 6616/5/1
f 6617/5/2 6618/5/2 6619/5/2 6620/5/2
f 6621/5/3 6622/5/3 6623/5/3 6624/5/3
f 6625/5/4 6626/5/4 6627/5/4 6628/5/4
f 6629/5/5 6630/5/5 6631/5/5 6632/5/5
f 6633/5/6 6634/5/6 6635/5/6 6636/5/6
f 6637/1/1 6638/1/1 6639/1/1 6640/1/1
f 6641/1/3 6642/1/3 6643/1/3 6644/1/3
f 6645/1/4 6646/1/4 6647/1/4 6648/1/4
f 6649/1/5 6650/1/5 6651/1/5 6652/1/5
f 6653/1/3 6654/1/3 6655/1/3 6656/1/3
f 6657/1/4 6658/1/4 6659/1/4 6660/1/4
f 6661/1/5 6662/1/5 6663/1/5 6664/1/5
f 6665/1/3 6666/1/3 6667/1/3 6668/1/3
f 6669/1/4 6670/1/4 6671/1/4 6672/1/4
f 6673/1/5 6674/1/5 6675/1/5 6676/1/5
f 6677/1/2 6678/1/2 6679/1/2 6680/1/2
f 6681/1/3 6682/1/3 6683/1/3 6684/1/3
f 6685/1/4 6686/1/4 6687/1/4 6688/1/4
f 6689/1/5 6690/1/5 6691/1/5 6692/1/5
f 6693/7/1 6694/7/1 6695/7/1 6696/7/1
f 6697/7/3 6698/7/3 6699/7/3 6700/7/3
f 6701/7/4 6702/7/4 6703/7/4 6704/7/4
f 6705/7/5 6706/7/5 6707/7/5 6708/7/5
f 6709/7/6 6710/7/6 6711/7/6 6712/7/6
f 6713/3/2 6714/3/2 6715/3/2 6716/3/2
f 6717/3/3 6718/3/3 6719/3/3 6720/3/3
f 6721/3/4 6722/3/4 6723/3/4 6724/3/4
f 6725/3/5 6726/3/5 6727/3/5 6728/3/5
f 6729/3/6 6730/3/6 6731/3/6 6732/3/6
f 6733/1/1 6734/1/1 6735/1/1 6736/1/1
f 6737/1/2 6738/1/2 6739/1/2 6740/1/2
f 6741/1/3 6742/1/3 6743/1/3 6744/1/3
f 6745/1/4 6746/1/4 6747/1/4 6748/1/4
f 6749/1/5 6750/1/5 6751/1/5 6752/1/5
f 6753/8/1 6754/8/1 6755/8/1 6756/8/1
f 6757/8/3 6758/8/3 6759/8/3 6760/8/3
f 6761/8/4 6762/8/4 6763/8/4 6764/8/4
f 6765/8/5 6766/8/5 6767/8/5 6768/8/5
f 6769/8/3 6770/8/3 6771/8/3 6772/8/3
f 6773/8/4 6774/8/4 6775/8/4 6776/8/4
f 6777/8/5 6778/8/5 6779/8/5 6780/8/5
f 6781/2/2 6782/2/2 6783/2/2 6784/2/2
f 6785/2/3 6786/2/3 6787/2/3 6788/2/3
f 6789/2/4 6790/2/4 6791/2/4 6792/2/4
f 6793/2/5 6794/2/5 6795/2/5 6796/2/5
f 6797/5/1 6798/5/1 6799/5/1 6800/5/1
f 6801/5/2 6802/5/2 6803/5/2 6804/5/2
f 6805/5/3 6806/5/3 6807/5/3 6808/5/3
f 6809/5/4 6810/5/4 6811/5/4 6812/5/4
f 6813/5/5 6814/5/5 6815/5/5 6816/5/5
f 6817/5/6 6818/5/6 6819/5/6 6820/5/6
f 6821/6/1 6822/6/1 6823/6/1 6824/6/1
f 6825/6/3 6826/6/3 6827/6/3 6828/6/3
f 6829/6/4 6830/6/4 6831/6/4 6832/6/4
f 6833/6/5 6834/6/5 6835/6/5 6836/6/5
f 6837/8/3 6838/8/3 6839/8/3 6840/8/3
f 6841/8/4 6842/8/4 6843/8/4 6844/8/4
f 6845/8/5 6846/8/5 6847/8/5 6848/8/5
f 6849/4/3 6850/4/3 6851/4/3 6852/4/3
f 6853/4/4 6854/4/4 6855/4/4 6856/4/4
f 6857/4/5 6858/4/5 6859/4/5 6860/4/5
f 6861/8/3 6862/8/3 6863/8/3 6864/8/3
f 6865/8/4 6866/8/4 6867/8/4 6868/8/4
f 6869/8/5 6870/8/5 6871/8/5 6872/8/5
f 6873/8/3 6874/8/3 6875/8/3 6876/8/3
f 6877/8/4 6878/8/4 6879/8/4 6880/8/4
f 6881/8/5 6882/8/5 6883/8/5 6884/8/5
f 6885/2/2 6886/2/2 6887/2/2 6888/2/2
f 6889/2/3 6890/2/3 6891/2/3 6892/2/3
f 6893/2/4 6894/2/4 6895/2/4 6896/2/4
f 6897/2/5 6898/2/5 6899/2/5 6900/2/5
f 6901/1/1 6902/1/1 6903/1/1 6904/1/1
f 6905/1/2 6906/1/2 6907/1/2 6908/1/2
f 6909/1/3 6910/1/3 6911/1/3 6912/1/3
f 6913/1/4 6914/1/4 6915/1/4 6916/1/4
f 6917/1/5 6918/1/5 6919/1/5 6920/1/5

